timestamp,serial,frame,lat,lon,alt,vel_v,vel_h,heading,temp,humidity,pressure,type,freq_mhz,snr,f_error_hz,sats,batt_v,burst_timer,aux_data
2026-08-16T11:35:17.000Z,M20-403-2-02857,1470915317,43.86341,4.42679,6619.2,4.4,6.8,69.0,-17.2,75.9,454.6,0x20,405.002,7.6,375,-1,2.7,,
2026-08-16T11:35:18.000Z,M20-403-2-02857,1470915318,43.86342,4.42686,6623.8,4.5,5.0,92.2,-17.4,72.4,454.2,0x20,405.002,7.8,375,-1,2.7,,
2026-08-16T11:35:21.000Z,M20-403-2-02857,1470915321,43.86330,4.42698,6635.1,3.0,7.2,153.2,-18.0,55.9,453.6,0x20,405.002,8.6,375,-1,2.7,,
2026-08-16T11:35:22.000Z,M20-403-2-02857,1470915322,43.86325,4.42702,6640.6,5.8,6.0,128.6,-18.4,49.8,453.3,0x20,405.002,3.4,375,-1,2.7,,
2026-08-16T11:35:24.000Z,M20-403-2-02857,1470915324,43.86319,4.42717,6649.0,1.7,7.5,98.6,-18.5,44.7,452.9,0x20,405.002,5.9,375,-1,2.7,,
2026-08-16T11:35:26.000Z,M20-403-2-02857,1470915326,43.86316,4.42734,6656.6,2.8,6.6,111.6,-18.4,44.1,452.5,0x20,405.002,7.7,375,-1,2.7,,
2026-08-16T11:35:29.000Z,M20-403-2-02857,1470915329,43.86312,4.42750,6668.9,3.2,4.4,101.2,-18.4,44.2,451.7,0x20,405.002,6.5,375,-1,2.7,,
2026-08-16T11:35:31.000Z,M20-403-2-02857,1470915331,43.86311,4.42759,6677.3,6.3,3.1,96.6,-18.4,43.6,451.2,0x20,405.002,7.8,375,-1,2.7,,
2026-08-16T11:35:33.000Z,M20-403-2-02857,1470915333,43.86309,4.42768,6685.7,5.1,4.4,122.1,-18.3,43.2,450.6,0x20,405.002,4.8,375,-1,2.7,,
2026-08-16T11:35:34.000Z,M20-403-2-02857,1470915334,43.86307,4.42773,6690.6,3.3,5.2,130.3,-18.3,43.7,450.3,0x20,405.002,4.8,375,-1,2.7,,
2026-08-16T11:35:36.000Z,M20-403-2-02857,1470915336,43.86301,4.42782,6704.7,4.6,5.0,105.8,-18.4,43.2,449.7,0x20,405.002,5.4,375,-1,2.7,,
2026-08-16T11:35:37.000Z,M20-403-2-02857,1470915337,43.86300,4.42787,6709.6,3.2,3.0,99.9,-18.3,42.1,449.4,0x20,405.002,7.2,375,-1,2.7,,
2026-08-16T11:35:38.000Z,M20-403-2-02857,1470915338,43.86299,4.42790,6714.3,5.1,4.1,125.4,-18.3,42.3,449.1,0x20,405.002,7.2,375,-1,2.7,,
2026-08-16T11:35:39.000Z,M20-403-2-02857,1470915339,43.86296,4.42794,6720.4,4.7,5.6,143.2,-18.3,41.5,448.7,0x20,405.002,7.3,375,-1,2.7,,
2026-08-16T11:35:40.000Z,M20-403-2-02857,1470915340,43.86292,4.42798,6724.6,2.6,4.1,148.9,-18.3,41.5,448.5,0x20,405.002,7.3,375,-1,2.7,,
2026-08-16T11:35:48.000Z,M20-403-2-02857,1470915348,43.86268,4.42811,6760.1,6.0,1.9,140.5,-18.5,40.5,446.1,0x20,405.002,3.4,375,-1,2.7,,
2026-08-16T11:36:01.000Z,M20-403-2-02857,1470915361,43.86250,4.42848,6830.0,4.4,4.5,127.2,-18.7,38.8,442.3,0x20,405.002,2.6,375,-1,2.7,,
2026-08-16T11:36:14.000Z,M20-403-2-02857,1470915374,43.86223,4.42864,6903.6,5.1,1.5,110.4,-18.9,38.4,438.2,0x20,405.002,3.5,375,-1,2.7,,
2026-08-16T11:36:15.000Z,M20-403-2-02857,1470915375,43.86221,4.42865,6909.5,7.7,2.9,145.8,-18.9,38.2,437.8,0x20,405.002,4.7,375,-1,2.7,,
2026-08-16T11:36:33.000Z,M20-403-2-02857,1470915393,43.86190,4.42881,6989.7,4.4,4.3,193.4,-19.1,34.1,432.9,0x20,405.002,6.3,375,-1,2.7,,
2026-08-16T11:36:34.000Z,M20-403-2-02857,1470915394,43.86187,4.42880,6995.8,7.8,2.7,201.7,-19.1,33.7,432.6,0x20,405.002,8.3,375,-1,2.7,,
2026-08-16T11:36:36.000Z,M20-403-2-02857,1470915396,43.86184,4.42879,7004.8,5.5,0.7,175.7,-19.1,34.4,431.9,0x20,405.002,8.3,750,-1,2.7,,
2026-08-16T11:36:41.000Z,M20-403-2-02857,1470915401,43.86180,4.42887,7036.5,5.3,2.4,137.0,-19.2,34.0,430.1,0x20,405.002,3.9,750,-1,2.7,,
2026-08-16T11:36:50.000Z,M20-403-2-02857,1470915410,43.86162,4.42898,7080.4,4.7,4.9,98.8,-19.0,33.7,427.6,0x20,405.002,6.2,375,-1,2.7,,
2026-08-16T11:36:54.000Z,M20-403-2-02857,1470915414,43.86158,4.42911,7101.4,9.2,3.1,214.0,-19.1,33.3,426.4,0x20,405.002,4.9,375,-1,2.7,,
2026-08-16T11:37:00.000Z,M20-403-2-02857,1470915420,43.86138,4.42931,7137.8,5.4,7.6,140.5,-19.2,31.1,424.5,0x20,405.002,7.5,375,-1,2.7,,
2026-08-16T11:37:08.000Z,M20-403-2-02857,1470915428,43.86119,4.42954,7176.4,6.4,6.9,151.6,-19.2,30.6,422.0,0x20,405.002,6.8,750,-1,2.7,,
2026-08-16T11:37:18.000Z,M20-403-2-02857,1470915438,43.86099,4.42988,7230.1,2.7,4.9,141.6,-19.4,28.1,419.1,0x20,405.002,4.7,750,-1,2.7,,
2026-08-16T11:37:23.000Z,M20-403-2-02857,1470915443,43.86094,4.42994,7249.5,1.8,2.6,27.8,-19.5,28.0,417.8,0x20,405.002,7.6,1125,-1,2.7,,
2026-08-16T11:37:24.000Z,M20-403-2-02857,1470915444,43.86095,4.42996,7252.6,3.3,3.1,87.1,-19.5,26.8,417.6,0x20,405.002,8.1,1125,-1,2.7,,
2026-08-16T11:37:26.000Z,M20-403-2-02857,1470915446,43.86091,4.43007,7264.7,5.5,6.2,123.2,-19.5,27.7,417.0,0x20,405.002,8.7,1125,-1,2.7,,
2026-08-16T11:37:30.000Z,M20-403-2-02857,1470915450,43.86079,4.43008,7289.8,8.2,4.4,258.1,-19.7,28.4,415.6,0x20,405.002,7.8,750,-1,2.7,,
2026-08-16T11:37:38.000Z,M20-403-2-02857,1470915458,43.86066,4.43011,7333.1,3.2,3.7,40.3,-19.8,29.3,413.2,0x20,405.002,7.3,1125,-1,2.7,,
2026-08-16T11:37:39.000Z,M20-403-2-02857,1470915459,43.86067,4.43014,7337.0,4.1,2.2,76.1,-19.7,28.9,413.1,0x20,405.002,8.2,1125,-1,2.7,,
2026-08-16T11:37:40.000Z,M20-403-2-02857,1470915460,43.86067,4.43016,7341.9,4.3,2.3,112.8,-19.8,29.2,412.8,0x20,405.002,9.0,1125,-1,2.7,,
2026-08-16T11:37:41.000Z,M20-403-2-02857,1470915461,43.86065,4.43018,7346.6,4.8,3.5,152.7,-19.8,29.7,412.6,0x20,405.002,9.0,1125,-1,2.7,,
2026-08-16T11:37:42.000Z,M20-403-2-02857,1470915462,43.86062,4.43022,7350.5,3.0,4.6,131.7,-19.8,30.1,412.3,0x20,405.002,8.0,1125,-1,2.7,,
2026-08-16T11:37:43.000Z,M20-403-2-02857,1470915463,43.86060,4.43027,7354.3,4.2,4.9,111.6,-19.8,29.5,412.1,0x20,405.002,8.0,1125,-1,2.7,,
2026-08-16T11:37:46.000Z,M20-403-2-02857,1470915466,43.86061,4.43041,7367.3,4.8,3.5,37.3,-19.8,29.6,411.5,0x20,405.002,4.0,1125,-1,2.7,,
2026-08-16T11:37:48.000Z,M20-403-2-02857,1470915468,43.86065,4.43044,7374.2,4.8,1.8,326.3,-19.8,29.2,411.0,0x20,405.002,9.2,1125,-1,2.7,,
2026-08-16T11:37:51.000Z,M20-403-2-02857,1470915471,43.86064,4.43047,7386.7,4.0,4.4,119.5,-19.8,28.1,410.3,0x20,405.002,7.9,1125,-1,2.7,,
2026-08-16T11:37:52.000Z,M20-403-2-02857,1470915472,43.86062,4.43052,7390.9,3.2,4.6,115.5,-19.7,27.6,410.1,0x20,405.002,7.6,1125,-1,2.7,,
2026-08-16T11:37:53.000Z,M20-403-2-02857,1470915473,43.86061,4.43056,7395.5,4.7,2.1,101.6,-19.7,28.3,409.9,0x20,405.002,8.0,1125,-1,2.7,,
2026-08-16T11:37:57.000Z,M20-403-2-02857,1470915477,43.86062,4.43065,7414.6,4.5,2.9,120.8,-19.8,28.2,408.7,0x20,405.002,8.6,1125,-1,2.7,,
2026-08-16T11:37:58.000Z,M20-403-2-02857,1470915478,43.86061,4.43067,7419.0,4.2,0.6,133.6,-19.9,28.3,408.5,0x20,405.002,8.6,1125,-1,2.7,,
2026-08-16T11:37:59.000Z,M20-403-2-02857,1470915479,43.86061,4.43066,7423.0,3.8,2.1,309.3,-19.9,28.4,408.2,0x20,405.002,2.8,1125,-1,2.7,,
2026-08-16T11:38:00.000Z,M20-403-2-02857,1470915480,43.86063,4.43063,7427.2,4.1,3.2,313.7,-19.9,28.6,408.0,0x20,405.002,5.7,1125,-1,2.7,,
2026-08-16T11:38:01.000Z,M20-403-2-02857,1470915481,43.86064,4.43061,7431.1,3.8,2.3,288.9,-20.0,28.3,407.8,0x20,405.002,7.8,1125,-1,2.7,,
2026-08-16T11:38:02.000Z,M20-403-2-02857,1470915482,43.86064,4.43059,7434.9,3.5,1.1,214.2,-19.9,28.0,407.6,0x20,405.002,8.2,1125,-1,2.7,,
2026-08-16T11:38:05.000Z,M20-403-2-02857,1470915485,43.86064,4.43065,7446.2,4.0,3.3,38.5,-20.0,26.5,407.0,0x20,405.002,7.6,1125,-1,2.7,,
2026-08-16T11:38:06.000Z,M20-403-2-02857,1470915486,43.86066,4.43066,7449.9,2.9,3.8,3.5,-20.0,26.3,406.7,0x20,405.002,9.1,1125,-1,2.7,,
2026-08-16T11:38:08.000Z,M20-403-2-02857,1470915488,43.86071,4.43064,7457.9,4.0,0.9,263.8,-20.1,25.6,406.3,0x20,405.002,8.2,1125,-1,2.7,,
2026-08-16T11:38:10.000Z,M20-403-2-02857,1470915490,43.86068,4.43065,7467.1,5.3,2.7,111.4,-20.2,25.9,405.7,0x20,405.002,4.5,1125,-1,2.7,,
2026-08-16T11:38:11.000Z,M20-403-2-02857,1470915491,43.86068,4.43069,7472.4,5.1,3.0,82.1,-20.2,25.7,405.4,0x20,405.002,3.0,1125,-1,2.7,,
2026-08-16T11:38:15.000Z,M20-403-2-02857,1470915495,43.86070,4.43068,7490.5,3.8,2.6,301.5,-20.3,25.1,404.4,0x20,405.002,9.0,1125,-1,2.7,,
2026-08-16T11:38:20.000Z,M20-403-2-02857,1470915500,43.86078,4.43070,7511.7,5.0,1.5,296.0,-20.5,24.1,403.1,0x20,405.002,7.5,1125,-1,2.7,,
2026-08-16T11:38:29.000Z,M20-403-2-02857,1470915509,43.86077,4.43071,7559.1,5.0,0.4,181.4,-20.7,24.6,400.6,0x20,405.002,8.8,1125,-1,2.7,,
2026-08-16T11:38:30.000Z,M20-403-2-02857,1470915510,43.86077,4.43072,7563.3,3.4,0.9,96.0,-20.7,24.3,400.4,0x20,405.002,8.8,1125,-1,2.7,,
2026-08-16T11:38:31.000Z,M20-403-2-02857,1470915511,43.86077,4.43073,7567.5,4.2,2.0,50.8,-20.7,23.8,400.2,0x20,405.002,8.3,1125,-1,2.7,,
2026-08-16T11:38:32.000Z,M20-403-2-02857,1470915512,43.86079,4.43076,7572.2,4.4,3.6,31.8,-20.7,23.7,400.0,0x20,405.002,7.7,1125,-1,2.7,,
2026-08-16T11:38:38.000Z,M20-403-2-02857,1470915518,43.86088,4.43074,7595.7,1.8,2.7,150.9,-20.9,20.5,398.7,0x20,405.002,3.0,1125,-1,2.7,,
2026-08-16T11:38:39.000Z,M20-403-2-02857,1470915519,43.86085,4.43077,7598.4,3.5,4.3,134.7,-20.9,19.8,398.5,0x20,405.002,6.9,1125,-1,2.7,,
2026-08-16T11:38:40.000Z,M20-403-2-02857,1470915520,43.86083,4.43081,7603.0,6.0,4.4,109.2,-20.9,19.0,398.3,0x20,405.002,6.9,1125,-1,2.7,,
2026-08-16T11:38:44.000Z,M20-403-2-02857,1470915524,43.86088,4.43089,7619.7,5.9,1.3,323.4,-21.1,18.6,397.4,0x20,405.002,7.1,1125,-1,2.7,,
2026-08-16T11:38:45.000Z,M20-403-2-02857,1470915525,43.86089,4.43089,7624.2,2.8,0.5,157.4,-21.0,19.4,397.2,0x20,405.002,6.6,1125,-1,2.7,,
2026-08-16T11:38:47.000Z,M20-403-2-02857,1470915527,43.86088,4.43090,7631.8,3.6,0.6,64.7,-21.1,19.3,396.8,0x20,405.002,8.7,1125,-1,2.7,,
2026-08-16T11:38:49.000Z,M20-403-2-02857,1470915529,43.86091,4.43091,7639.6,2.6,2.9,15.5,-21.2,18.6,396.3,0x20,405.002,8.4,1125,-1,2.7,,
2026-08-16T11:38:50.000Z,M20-403-2-02857,1470915530,43.86093,4.43093,7643.2,4.8,1.9,75.5,-21.2,18.7,396.1,0x20,405.002,8.4,1125,-1,2.7,,
2026-08-16T11:38:51.000Z,M20-403-2-02857,1470915531,43.86093,4.43095,7647.7,3.9,1.6,106.3,-21.3,18.4,395.8,0x20,405.002,2.8,1125,-1,2.7,,
2026-08-16T11:38:52.000Z,M20-403-2-02857,1470915532,43.86093,4.43097,7651.7,3.6,1.2,118.1,-21.3,18.2,395.6,0x20,405.002,7.0,1125,-1,2.7,,
2026-08-16T11:38:53.000Z,M20-403-2-02857,1470915533,43.86093,4.43097,7656.1,4.9,0.5,239.8,-21.3,18.0,395.4,0x20,405.002,7.0,1125,-1,2.7,,
2026-08-16T11:38:54.000Z,M20-403-2-02857,1470915534,43.86093,4.43097,7660.4,2.8,1.2,331.5,-21.4,18.2,395.2,0x20,405.002,9.0,1125,-1,2.7,,
2026-08-16T11:38:56.000Z,M20-403-2-02857,1470915536,43.86094,4.43100,7669.5,2.8,3.1,90.2,-21.4,17.6,394.7,0x20,405.002,8.2,1125,-1,2.7,,
2026-08-16T11:38:58.000Z,M20-403-2-02857,1470915538,43.86093,4.43106,7678.4,5.6,2.2,111.5,-21.5,16.9,394.1,0x20,405.002,9.1,1125,-1,2.7,,
2026-08-16T11:39:01.000Z,M20-403-2-02857,1470915541,43.86094,4.43114,7695.1,3.3,2.5,77.7,-21.6,15.7,393.2,0x20,405.002,9.1,1125,-1,2.7,,
2026-08-16T11:39:02.000Z,M20-403-2-02857,1470915542,43.86095,4.43117,7698.6,3.4,3.3,65.5,-21.6,15.3,393.0,0x20,405.002,9.1,1125,-1,2.7,,
2026-08-16T11:39:03.000Z,M20-403-2-02857,1470915543,43.86097,4.43120,7703.2,4.9,4.1,43.9,-21.7,14.9,392.7,0x20,405.002,2.7,1125,-1,2.7,,
2026-08-16T11:39:05.000Z,M20-403-2-02857,1470915545,43.86101,4.43126,7712.5,3.8,2.4,76.5,-21.7,14.8,392.3,0x20,405.002,9.0,1125,-1,2.7,,
2026-08-16T11:39:07.000Z,M20-403-2-02857,1470915547,43.86098,4.43132,7723.6,3.2,3.7,151.0,-21.7,13.6,391.7,0x20,405.002,7.3,1125,-1,2.7,,
2026-08-16T11:39:09.000Z,M20-403-2-02857,1470915549,43.86096,4.43136,7733.8,4.8,2.5,65.0,-21.8,12.9,391.2,0x20,405.002,8.7,1125,-1,2.7,,
2026-08-16T11:39:10.000Z,M20-403-2-02857,1470915550,43.86098,4.43140,7738.3,3.9,5.3,52.7,-21.8,12.7,390.9,0x20,405.002,8.9,1125,-1,2.7,,
2026-08-16T11:39:11.000Z,M20-403-2-02857,1470915551,43.86101,4.43146,7744.2,7.5,6.2,54.1,-21.8,12.8,390.7,0x20,405.002,8.9,1125,-1,2.7,,
2026-08-16T11:39:12.000Z,M20-403-2-02857,1470915552,43.86103,4.43152,7750.2,4.3,4.7,80.4,-21.9,12.5,390.4,0x20,405.002,8.8,1125,-1,2.7,,
2026-08-16T11:39:13.000Z,M20-403-2-02857,1470915553,43.86102,4.43155,7755.1,5.2,1.5,142.2,-21.9,12.4,390.1,0x20,405.002,8.6,1125,-1,2.7,,
2026-08-16T11:39:14.000Z,M20-403-2-02857,1470915554,43.86101,4.43155,7759.4,2.7,2.1,208.1,-21.9,12.4,389.9,0x20,405.002,8.6,1125,-1,2.7,,
2026-08-16T11:39:15.000Z,M20-403-2-02857,1470915555,43.86100,4.43154,7764.2,6.9,0.6,262.5,-21.9,12.3,389.6,0x20,405.002,7.8,1125,-1,2.7,,
2026-08-16T11:39:17.000Z,M20-403-2-02857,1470915557,43.86102,4.43154,7775.3,3.5,2.2,20.4,-22.0,12.4,389.1,0x20,405.002,3.0,1125,-1,2.7,,
2026-08-16T11:39:18.000Z,M20-403-2-02857,1470915558,43.86103,4.43155,7778.3,4.1,0.5,95.8,-22.0,12.4,388.9,0x20,405.002,7.9,1125,-1,2.7,,
2026-08-16T11:39:19.000Z,M20-403-2-02857,1470915559,43.86103,4.43156,7781.1,3.2,1.6,169.0,-22.0,12.3,388.7,0x20,405.002,7.9,1125,-1,2.7,,
2026-08-16T11:39:20.000Z,M20-403-2-02857,1470915560,43.86102,4.43157,7785.8,4.9,1.1,67.7,-22.1,12.5,388.4,0x20,405.002,7.9,1125,-1,2.7,,
2026-08-16T11:39:21.000Z,M20-403-2-02857,1470915561,43.86103,4.43158,7790.8,4.8,1.3,49.0,-22.1,12.5,388.1,0x20,405.002,7.9,1125,-1,2.7,,
2026-08-16T11:39:24.000Z,M20-403-2-02857,1470915564,43.86107,4.43159,7807.0,4.7,3.0,352.8,-22.2,12.6,387.3,0x20,405.002,9.6,1125,-1,2.7,,
2026-08-16T11:39:25.000Z,M20-403-2-02857,1470915565,43.86111,4.43158,7812.9,6.9,4.5,339.4,-22.2,12.7,387.1,0x20,405.002,9.6,1125,-1,2.7,,
2026-08-16T11:39:26.000Z,M20-403-2-02857,1470915566,43.86114,4.43155,7819.4,6.2,3.9,329.8,-22.2,12.8,386.8,0x20,405.002,8.8,1125,-1,2.7,,
2026-08-16T11:39:27.000Z,M20-403-2-02857,1470915567,43.86117,4.43154,7825.9,7.2,2.4,4.9,-22.3,12.8,386.4,0x20,405.002,8.5,1125,-1,2.7,,
2026-08-16T11:39:28.000Z,M20-403-2-02857,1470915568,43.86118,4.43155,7831.8,4.2,1.9,41.6,-22.3,12.9,386.1,0x20,405.002,5.1,1125,-1,2.7,,
2026-08-16T11:39:29.000Z,M20-403-2-02857,1470915569,43.86118,4.43157,7836.1,4.4,2.0,147.0,-22.3,12.9,385.9,0x20,405.002,3.6,1125,-1,2.7,,
2026-08-16T11:39:30.000Z,M20-403-2-02857,1470915570,43.86117,4.43157,7840.6,5.5,2.7,185.6,-22.3,12.9,385.6,0x20,405.002,3.6,1125,-1,2.7,,
2026-08-16T11:39:31.000Z,M20-403-2-02857,1470915571,43.86115,4.43156,7844.9,3.1,1.8,226.5,-22.3,12.8,385.5,0x20,405.002,8.1,1125,-1,2.7,,
2026-08-16T11:39:32.000Z,M20-403-2-02857,1470915572,43.86115,4.43154,7849.2,5.1,2.0,309.7,-22.4,12.8,385.2,0x20,405.002,8.1,1125,-1,2.7,,
2026-08-16T11:39:33.000Z,M20-403-2-02857,1470915573,43.86117,4.43152,7852.6,3.5,3.3,331.9,-22.4,12.9,385.0,0x20,405.002,10.4,1125,-1,2.7,,
2026-08-16T11:39:34.000Z,M20-403-2-02857,1470915574,43.86119,4.43150,7856.4,3.3,2.1,348.4,-22.4,12.8,384.8,0x20,405.002,11.3,1125,-1,2.6,,
2026-08-16T11:39:36.000Z,M20-403-2-02857,1470915576,43.86119,4.43149,7866.8,5.3,2.3,197.6,-22.5,12.6,384.3,0x20,405.002,9.2,1125,-1,2.7,,
2026-08-16T11:39:37.000Z,M20-403-2-02857,1470915577,43.86117,4.43148,7871.9,5.6,1.6,200.9,-22.5,12.5,384.1,0x20,405.002,9.2,1125,-1,2.7,,
2026-08-16T11:39:38.000Z,M20-403-2-02857,1470915578,43.86116,4.43147,7876.7,5.1,1.0,238.6,-22.5,12.5,383.8,0x20,405.002,10.3,1125,-1,2.7,,
2026-08-16T11:39:39.000Z,M20-403-2-02857,1470915579,43.86116,4.43147,7880.9,4.2,1.2,42.6,-22.5,12.5,383.5,0x20,405.002,11.0,1125,-1,2.7,,
2026-08-16T11:39:41.000Z,M20-403-2-02857,1470915581,43.86117,4.43147,7890.2,6.3,2.0,253.2,-22.6,12.6,383.1,0x20,405.002,6.3,1125,-1,2.7,,
2026-08-16T11:39:42.000Z,M20-403-2-02857,1470915582,43.86117,4.43144,7895.2,4.8,3.5,275.1,-22.6,12.5,382.8,0x20,405.002,3.3,1125,-1,2.7,,
2026-08-16T11:39:43.000Z,M20-403-2-02857,1470915583,43.86117,4.43140,7899.3,3.6,3.8,259.8,-22.7,12.5,382.5,0x20,405.002,3.3,1125,-1,2.7,,
2026-08-16T11:39:44.000Z,M20-403-2-02857,1470915584,43.86117,4.43136,7903.6,5.4,1.8,234.3,-22.7,12.6,382.2,0x20,405.002,6.3,1125,-1,2.7,,
2026-08-16T11:39:45.000Z,M20-403-2-02857,1470915585,43.86116,4.43136,7909.1,4.6,1.1,119.9,-22.6,12.6,382.0,0x20,405.002,8.4,1125,-1,2.6,,
2026-08-16T11:39:46.000Z,M20-403-2-02857,1470915586,43.86115,4.43138,7913.5,4.4,1.4,124.6,-22.7,12.6,381.8,0x20,405.002,10.8,1125,-1,2.6,,
2026-08-16T11:39:48.000Z,M20-403-2-02857,1470915588,43.86113,4.43136,7923.9,3.6,1.9,235.7,-22.8,12.8,381.3,0x20,405.002,9.5,1125,-1,2.6,,
2026-08-16T11:39:51.000Z,M20-403-2-02857,1470915591,43.86115,4.43131,7941.3,3.4,2.4,321.5,-22.8,12.9,380.4,0x20,405.002,7.6,1125,-1,2.6,,
2026-08-16T11:39:52.000Z,M20-403-2-02857,1470915592,43.86116,4.43129,7946.1,6.5,0.7,338.8,-22.9,12.9,380.1,0x20,405.002,9.3,1125,-1,2.7,,
2026-08-16T11:39:54.000Z,M20-403-2-02857,1470915594,43.86116,4.43130,7959.6,3.3,0.4,27.1,-23.0,13.1,379.5,0x20,405.002,9.3,1125,-1,2.6,,
2026-08-16T11:39:55.000Z,M20-403-2-02857,1470915595,43.86116,4.43131,7965.0,7.2,0.9,119.2,-23.0,13.2,379.2,0x20,405.002,2.7,1125,-1,2.6,,
2026-08-16T11:39:57.000Z,M20-403-2-02857,1470915597,43.86114,4.43132,7976.5,4.1,2.4,188.4,-23.1,13.4,378.6,0x20,405.002,6.0,1125,-1,2.6,,
2026-08-16T11:39:58.000Z,M20-403-2-02857,1470915598,43.86111,4.43131,7982.6,8.4,3.6,188.9,-23.1,13.5,378.3,0x20,405.002,6.6,1125,-1,2.6,,
2026-08-16T11:39:59.000Z,M20-403-2-02857,1470915599,43.86110,4.43130,7987.3,2.3,1.2,296.4,-23.1,13.7,378.1,0x20,405.002,9.0,1125,-1,2.6,,
2026-08-16T11:40:00.000Z,M20-403-2-02857,1470915600,43.86111,4.43129,7989.2,3.9,2.8,329.4,-23.2,13.8,377.9,0x20,405.002,9.4,1125,-1,2.6,,
2026-08-16T11:40:01.000Z,M20-403-2-02857,1470915601,43.86114,4.43126,7993.0,3.5,5.5,327.7,-23.2,13.9,377.7,0x20,405.002,11.4,1125,-1,2.7,,
2026-08-16T11:40:02.000Z,M20-403-2-02857,1470915602,43.86118,4.43123,7995.5,3.0,5.3,338.4,-23.2,14.0,377.5,0x20,405.002,11.4,1125,-1,2.6,,
2026-08-16T11:40:03.000Z,M20-403-2-02857,1470915603,43.86121,4.43122,7998.7,4.1,0.4,10.3,-23.3,14.1,377.3,0x20,405.002,8.3,1125,-1,2.6,,
2026-08-16T11:40:04.000Z,M20-403-2-02857,1470915604,43.86121,4.43122,8002.2,1.8,0.8,164.9,-23.3,14.1,377.1,0x20,405.002,9.7,1125,-1,2.7,,
2026-08-16T11:40:05.000Z,M20-403-2-02857,1470915605,43.86120,4.43122,8006.1,5.9,0.7,289.9,-23.4,14.2,376.8,0x20,405.002,10.5,1125,-1,2.6,,
2026-08-16T11:40:06.000Z,M20-403-2-02857,1470915606,43.86121,4.43121,8012.4,6.3,0.8,2.1,-23.4,14.3,376.6,0x20,405.002,10.5,1125,-1,2.6,,
2026-08-16T11:40:09.000Z,M20-403-2-02857,1470915609,43.86125,4.43120,8027.7,4.5,3.4,326.9,-23.6,14.6,375.7,0x20,405.002,2.9,1125,-1,2.6,,
2026-08-16T11:40:10.000Z,M20-403-2-02857,1470915610,43.86129,4.43117,8033.9,7.5,5.0,327.7,-23.6,14.9,375.4,0x20,405.002,7.5,1125,-1,2.7,,
2026-08-16T11:40:11.000Z,M20-403-2-02857,1470915611,43.86132,4.43115,8038.6,1.1,4.2,343.0,-23.6,15.3,375.2,0x20,405.002,8.7,1125,-1,2.6,,
2026-08-16T11:40:12.000Z,M20-403-2-02857,1470915612,43.86135,4.43113,8042.0,4.6,2.5,330.8,-23.6,15.8,375.0,0x20,405.002,8.7,1125,-1,2.6,,
2026-08-16T11:40:14.000Z,M20-403-2-02857,1470915614,43.86136,4.43112,8051.9,3.4,0.8,212.9,-23.7,16.9,374.6,0x20,405.002,9.5,1125,-1,2.6,,
2026-08-16T11:40:15.000Z,M20-403-2-02857,1470915615,43.86135,4.43110,8056.7,5.7,1.9,271.5,-23.7,17.4,374.3,0x20,405.002,9.8,1125,-1,2.6,,
2026-08-16T11:40:16.000Z,M20-403-2-02857,1470915616,43.86136,4.43107,8061.6,3.4,2.9,284.9,-23.8,17.8,374.1,0x20,405.002,9.9,1125,-1,2.6,,
2026-08-16T11:40:17.000Z,M20-403-2-02857,1470915617,43.86136,4.43104,8065.5,4.0,2.5,303.9,-23.8,18.6,373.9,0x20,405.002,9.9,1125,-1,2.6,,
2026-08-16T11:40:18.000Z,M20-403-2-02857,1470915618,43.86138,4.43103,8069.9,4.4,1.3,342.4,-23.8,19.5,373.7,0x20,405.002,9.1,1125,-1,2.6,,
2026-08-16T11:40:19.000Z,M20-403-2-02857,1470915619,43.86139,4.43103,8073.8,3.4,1.4,23.3,-23.8,20.4,373.5,0x20,405.002,9.1,1125,-1,2.7,,
2026-08-16T11:40:20.000Z,M20-403-2-02857,1470915620,43.86140,4.43103,8077.4,3.8,1.9,349.6,-23.9,21.2,373.3,0x20,405.002,5.1,1125,-1,2.6,,
2026-08-16T11:40:21.000Z,M20-403-2-02857,1470915621,43.86142,4.43102,8080.7,3.1,3.0,318.1,-23.9,21.9,373.1,0x20,405.002,4.5,1125,-1,2.6,,
2026-08-16T11:40:22.000Z,M20-403-2-02857,1470915622,43.86144,4.43099,8084.4,4.2,2.3,322.6,-23.9,22.4,372.9,0x20,405.002,3.3,1125,-1,2.6,,
2026-08-16T11:40:23.000Z,M20-403-2-02857,1470915623,43.86145,4.43098,8089.1,4.6,1.7,343.2,-23.9,22.9,372.7,0x20,405.002,3.9,1125,-1,2.6,,
2026-08-16T11:40:24.000Z,M20-403-2-02857,1470915624,43.86147,4.43097,8092.9,4.1,1.2,359.1,-24.0,23.3,372.5,0x20,405.002,7.3,1125,-1,2.6,,
2026-08-16T11:40:25.000Z,M20-403-2-02857,1470915625,43.86148,4.43097,8097.1,4.5,2.0,328.8,-24.0,23.9,372.3,0x20,405.002,8.3,1125,-1,2.6,,
2026-08-16T11:40:26.000Z,M20-403-2-02857,1470915626,43.86150,4.43095,8101.9,5.0,2.9,313.1,-24.0,24.4,372.1,0x20,405.002,9.0,1125,-1,2.6,,
2026-08-16T11:40:27.000Z,M20-403-2-02857,1470915627,43.86152,4.43092,8106.3,4.3,3.5,317.0,-24.1,24.8,371.9,0x20,405.002,9.0,1125,-1,2.6,,
2026-08-16T11:40:29.000Z,M20-403-2-02857,1470915629,43.86154,4.43087,8114.8,2.5,1.3,261.1,-24.1,25.1,371.4,0x20,405.002,9.4,1125,-1,2.6,,
2026-08-16T11:40:31.000Z,M20-403-2-02857,1470915631,43.86151,4.43085,8121.8,2.4,2.8,176.6,-24.2,25.4,371.0,0x20,405.002,8.0,1125,-1,2.6,,
2026-08-16T11:40:32.000Z,M20-403-2-02857,1470915632,43.86149,4.43084,8126.1,5.5,2.0,217.7,-24.2,25.5,370.8,0x20,405.002,8.0,1125,-1,2.6,,
2026-08-16T11:40:33.000Z,M20-403-2-02857,1470915633,43.86148,4.43082,8131.9,6.3,2.0,284.2,-24.3,25.5,370.5,0x20,405.002,6.1,1125,-1,2.6,,
2026-08-16T11:40:34.000Z,M20-403-2-02857,1470915634,43.86149,4.43080,8135.6,1.2,2.8,318.7,-24.2,25.5,370.4,0x20,405.002,3.7,1125,-1,2.6,,
2026-08-16T11:40:35.000Z,M20-403-2-02857,1470915635,43.86152,4.43079,8138.9,5.0,3.5,1.3,-24.3,25.5,370.1,0x20,405.002,3.7,1125,-1,2.6,,
2026-08-16T11:40:36.000Z,M20-403-2-02857,1470915636,43.86154,4.43079,8143.8,4.3,2.9,16.7,-24.4,25.6,369.8,0x20,405.002,5.1,1125,-1,2.6,,
2026-08-16T11:40:38.000Z,M20-403-2-02857,1470915638,43.86156,4.43077,8155.2,8.2,3.3,265.5,-24.5,25.6,369.3,0x20,405.002,8.6,1125,-1,2.6,,
2026-08-16T11:40:39.000Z,M20-403-2-02857,1470915639,43.86156,4.43074,8160.4,2.3,2.8,265.7,-24.5,25.6,369.1,0x20,405.002,8.7,1125,-1,2.6,,
2026-08-16T11:40:40.000Z,M20-403-2-02857,1470915640,43.86156,4.43071,8164.1,4.7,0.8,237.5,-24.5,25.7,368.9,0x20,405.002,8.7,1125,-1,2.6,,
2026-08-16T11:40:42.000Z,M20-403-2-02857,1470915642,43.86155,4.43074,8174.6,4.4,2.0,71.5,-24.6,25.7,368.3,0x20,405.002,7.9,1125,-1,2.6,,
2026-08-16T11:40:43.000Z,M20-403-2-02857,1470915643,43.86156,4.43075,8179.6,5.0,2.0,352.8,-24.7,25.8,367.9,0x20,405.002,10.1,1125,-1,2.6,,
2026-08-16T11:40:44.000Z,M20-403-2-02857,1470915644,43.86157,4.43074,8184.6,4.6,2.2,313.1,-24.8,25.7,367.7,0x20,405.002,10.2,1125,-1,2.6,,
2026-08-16T11:40:45.000Z,M20-403-2-02857,1470915645,43.86158,4.43071,8188.2,1.9,3.3,260.8,-24.8,25.7,367.5,0x20,405.002,10.2,1125,-1,2.6,,
2026-08-16T11:40:46.000Z,M20-403-2-02857,1470915646,43.86156,4.43066,8191.5,4.4,5.1,238.5,-24.9,25.7,367.3,0x20,405.002,9.4,1125,-1,2.6,,
2026-08-16T11:40:47.000Z,M20-403-2-02857,1470915647,43.86154,4.43062,8196.8,5.6,3.7,238.0,-24.9,25.8,367.1,0x20,405.002,4.2,1125,-1,2.6,,
2026-08-16T11:40:48.000Z,M20-403-2-02857,1470915648,43.86154,4.43059,8201.6,3.8,1.2,295.3,-24.9,25.8,366.8,0x20,405.002,3.5,1125,-1,2.6,,
2026-08-16T11:40:49.000Z,M20-403-2-02857,1470915649,43.86154,4.43059,8206.8,5.9,1.9,42.7,-24.9,25.8,366.6,0x20,405.002,5.2,1125,-1,2.6,,
2026-08-16T11:40:50.000Z,M20-403-2-02857,1470915650,43.86155,4.43060,8211.8,4.3,1.0,68.5,-25.0,25.9,366.4,0x20,405.002,10.8,1125,-1,2.6,,
2026-08-16T11:40:51.000Z,M20-403-2-02857,1470915651,43.86155,4.43060,8217.1,6.2,1.3,254.6,-25.0,25.9,366.1,0x20,405.002,10.8,1125,-1,2.6,,
2026-08-16T11:40:52.000Z,M20-403-2-02857,1470915652,43.86154,4.43057,8223.0,5.5,3.4,250.0,-25.1,25.9,365.9,0x20,405.002,8.9,1125,-1,2.6,,
2026-08-16T11:40:53.000Z,M20-403-2-02857,1470915653,43.86153,4.43053,8228.7,5.4,3.6,247.7,-25.2,25.9,365.5,0x20,405.002,7.3,1125,-1,2.6,,
2026-08-16T11:40:54.000Z,M20-403-2-02857,1470915654,43.86152,4.43051,8235.1,7.6,1.4,213.1,-25.2,25.9,365.3,0x20,405.002,9.6,1125,-1,2.6,,
2026-08-16T11:40:55.000Z,M20-403-2-02857,1470915655,43.86152,4.43049,8240.6,3.8,0.7,249.0,-25.2,25.9,365.1,0x20,405.002,10.0,1125,-1,2.6,,
2026-08-16T11:40:56.000Z,M20-403-2-02857,1470915656,43.86152,4.43050,8244.7,4.4,1.7,56.9,-25.4,25.8,364.8,0x20,405.002,10.0,1125,-1,2.6,,
2026-08-16T11:40:57.000Z,M20-403-2-02857,1470915657,43.86153,4.43052,8250.5,7.3,2.4,42.8,-25.4,25.9,364.4,0x20,405.002,9.3,1125,-1,2.6,,
2026-08-16T11:40:58.000Z,M20-403-2-02857,1470915658,43.86154,4.43053,8256.5,4.3,0.6,345.0,-25.5,26.0,364.1,0x20,405.002,9.3,1125,-1,2.6,,
2026-08-16T11:40:59.000Z,M20-403-2-02857,1470915659,43.86155,4.43051,8263.5,8.0,2.4,271.4,-25.6,25.9,363.8,0x20,405.002,8.1,1125,-1,2.6,,
2026-08-16T11:41:00.000Z,M20-403-2-02857,1470915660,43.86155,4.43048,8270.8,6.1,3.2,288.5,-25.6,25.9,363.5,0x20,405.002,3.3,1125,-1,2.6,,
2026-08-16T11:41:01.000Z,M20-403-2-02857,1470915661,43.86157,4.43046,8275.4,3.1,1.5,357.4,-25.6,25.9,363.3,0x20,405.002,2.9,1125,-1,2.6,,
2026-08-16T11:41:04.000Z,M20-403-2-02857,1470915664,43.86162,4.43051,8291.9,4.2,1.3,335.0,-25.7,26.2,362.6,0x20,405.002,10.8,1125,-1,2.6,,
2026-08-16T11:41:05.000Z,M20-403-2-02857,1470915665,43.86163,4.43050,8296.8,6.0,2.1,295.6,-25.7,26.3,362.3,0x20,405.002,10.8,1125,-1,2.6,,
2026-08-16T11:41:06.000Z,M20-403-2-02857,1470915666,43.86165,4.43048,8301.7,5.3,3.0,328.2,-25.8,26.4,362.1,0x20,405.002,9.6,1125,-1,2.6,,
2026-08-16T11:41:07.000Z,M20-403-2-02857,1470915667,43.86167,4.43046,8305.7,3.9,3.2,309.0,-25.9,26.5,361.8,0x20,405.002,9.0,1125,-1,2.6,,
2026-08-16T11:41:09.000Z,M20-403-2-02857,1470915669,43.86169,4.43039,8314.1,3.9,3.9,271.6,-25.9,26.8,361.3,0x20,405.002,9.4,1125,-1,2.6,,
2026-08-16T11:41:10.000Z,M20-403-2-02857,1470915670,43.86169,4.43035,8319.9,7.8,2.0,272.9,-26.0,26.9,361.0,0x20,405.002,9.4,1125,-1,2.6,,
2026-08-16T11:41:11.000Z,M20-403-2-02857,1470915671,43.86169,4.43034,8326.1,4.9,1.1,339.5,-26.0,26.9,360.8,0x20,405.002,8.8,1125,-1,2.6,,
2026-08-16T11:41:12.000Z,M20-403-2-02857,1470915672,43.86170,4.43033,8330.1,4.2,1.5,349.0,-26.0,26.6,360.5,0x20,405.002,4.3,1125,-1,2.6,,
2026-08-16T11:41:13.000Z,M20-403-2-02857,1470915673,43.86172,4.43032,8335.6,6.7,2.8,322.7,-26.1,26.4,360.2,0x20,405.002,2.7,1125,-1,2.6,,
2026-08-16T11:41:14.000Z,M20-403-2-02857,1470915674,43.86174,4.43030,8339.9,2.5,2.4,325.5,-26.1,26.4,360.0,0x20,405.002,3.1,1125,-1,2.6,,
2026-08-16T11:41:15.000Z,M20-403-2-02857,1470915675,43.86176,4.43028,8343.5,4.6,3.4,333.2,-26.1,26.4,359.8,0x20,405.002,8.0,1125,-1,2.6,,
2026-08-16T11:41:16.000Z,M20-403-2-02857,1470915676,43.86179,4.43027,8348.6,5.2,3.8,357.2,-26.2,26.4,359.5,0x20,405.002,8.6,1125,-1,2.6,,
2026-08-16T11:41:17.000Z,M20-403-2-02857,1470915677,43.86182,4.43026,8353.4,4.0,2.7,354.2,-26.2,26.2,359.3,0x20,405.002,10.9,1125,-1,2.6,,
2026-08-16T11:41:18.000Z,M20-403-2-02857,1470915678,43.86183,4.43025,8357.8,3.9,1.2,277.2,-26.3,26.1,359.1,0x20,405.002,10.9,1125,-1,2.6,,
2026-08-16T11:41:19.000Z,M20-403-2-02857,1470915679,43.86183,4.43023,8362.8,5.6,2.3,252.2,-26.3,26.1,358.8,0x20,405.002,11.1,1125,-1,2.6,,
2026-08-16T11:41:20.000Z,M20-403-2-02857,1470915680,43.86183,4.43020,8367.0,2.7,1.8,263.8,-26.3,26.2,358.6,0x20,405.002,11.1,1125,-1,2.6,,
2026-08-16T11:41:21.000Z,M20-403-2-02857,1470915681,43.86182,4.43018,8370.5,4.5,1.1,252.7,-26.3,26.3,358.4,0x20,405.002,11.3,1125,-1,2.6,,
2026-08-16T11:41:22.000Z,M20-403-2-02857,1470915682,43.86182,4.43018,8375.1,4.1,0.1,180.0,-26.4,26.4,358.1,0x20,405.002,11.3,1125,-1,2.6,,
2026-08-16T11:41:23.000Z,M20-403-2-02857,1470915683,43.86182,4.43018,8380.0,5.4,0.4,253.0,-26.4,26.4,358.0,0x20,405.002,10.2,1125,-1,2.6,,
2026-08-16T11:41:24.000Z,M20-403-2-02857,1470915684,43.86182,4.43016,8385.0,3.6,1.2,275.6,-26.5,26.4,357.7,0x20,405.002,10.2,1125,-1,2.6,,
2026-08-16T11:41:25.000Z,M20-403-2-02857,1470915685,43.86182,4.43015,8389.9,5.2,1.3,302.7,-26.6,26.3,357.4,0x20,405.002,8.6,1125,-1,2.6,,
2026-08-16T11:41:27.000Z,M20-403-2-02857,1470915687,43.86186,4.43014,8402.8,5.7,2.8,9.4,-26.6,26.1,356.9,0x20,405.002,3.0,1125,-1,2.6,,
2026-08-16T11:41:29.000Z,M20-403-2-02857,1470915689,43.86189,4.43013,8411.6,3.4,1.9,304.4,-26.7,26.0,356.4,0x20,405.002,7.7,1125,-1,2.6,,
2026-08-16T11:41:30.000Z,M20-403-2-02857,1470915690,43.86189,4.43009,8416.0,5.2,4.1,275.9,-26.8,26.0,356.2,0x20,405.002,8.9,1125,-1,2.6,,
2026-08-16T11:41:31.000Z,M20-403-2-02857,1470915691,43.86189,4.43004,8420.8,4.3,4.2,277.3,-26.8,26.0,356.0,0x20,405.002,9.8,1125,-1,2.6,,
2026-08-16T11:41:32.000Z,M20-403-2-02857,1470915692,43.86190,4.42999,8425.0,4.0,2.6,293.4,-26.8,25.9,355.7,0x20,405.002,9.8,1125,-1,2.6,,
2026-08-16T11:41:33.000Z,M20-403-2-02857,1470915693,43.86191,4.42998,8429.6,4.7,0.9,308.0,-26.9,25.7,355.4,0x20,405.002,9.7,1125,-1,2.6,,
2026-08-16T11:41:34.000Z,M20-403-2-02857,1470915694,43.86192,4.42998,8434.4,4.5,1.2,47.7,-26.9,25.5,355.2,0x20,405.002,9.5,1125,-1,2.6,,
2026-08-16T11:41:36.000Z,M20-403-2-02857,1470915696,43.86196,4.43000,8446.1,7.0,4.0,358.9,-27.0,25.3,354.7,0x20,405.002,10.5,1125,-1,2.6,,
2026-08-16T11:41:37.000Z,M20-403-2-02857,1470915697,43.86199,4.42999,8451.6,4.1,4.0,358.8,-27.1,25.0,354.4,0x20,405.002,10.5,1125,-1,2.6,,
2026-08-16T11:41:38.000Z,M20-403-2-02857,1470915698,43.86202,4.42999,8455.8,4.0,2.2,337.0,-27.1,24.8,354.2,0x20,405.002,7.0,1125,-1,2.6,,
2026-08-16T11:41:39.000Z,M20-403-2-02857,1470915699,43.86204,4.42997,8460.4,5.0,2.6,312.4,-27.2,24.8,354.0,0x20,405.002,3.1,1125,-1,2.6,,
2026-08-16T11:41:40.000Z,M20-403-2-02857,1470915700,43.86205,4.42994,8466.3,6.8,4.0,292.8,-27.2,25.0,353.7,0x20,405.002,3.1,1500,-1,2.6,,
2026-08-16T11:41:41.000Z,M20-403-2-02857,1470915701,43.86206,4.42990,8472.1,4.9,2.7,283.3,-27.2,25.4,353.4,0x20,405.002,6.2,1125,-1,2.6,,
2026-08-16T11:41:42.000Z,M20-403-2-02857,1470915702,43.86207,4.42987,8476.4,4.0,1.6,307.3,-27.2,25.7,353.2,0x20,405.002,6.2,1125,-1,2.6,,
2026-08-16T11:41:43.000Z,M20-403-2-02857,1470915703,43.86208,4.42987,8480.8,4.3,1.5,24.3,-27.3,25.9,353.0,0x20,405.002,7.9,1500,-1,2.6,,
2026-08-16T11:41:44.000Z,M20-403-2-02857,1470915704,43.86209,4.42988,8485.2,4.4,1.8,13.3,-27.4,26.0,352.7,0x20,405.002,9.9,1500,-1,2.6,,
2026-08-16T11:41:45.000Z,M20-403-2-02857,1470915705,43.86210,4.42988,8490.7,6.4,1.1,353.8,-27.4,26.0,352.4,0x20,405.002,9.9,1125,-1,2.6,,
2026-08-16T11:41:46.000Z,M20-403-2-02857,1470915706,43.86211,4.42987,8496.4,4.8,1.8,336.3,-27.4,26.1,352.2,0x20,405.002,9.5,1125,-1,2.6,,
2026-08-16T11:41:47.000Z,M20-403-2-02857,1470915707,43.86213,4.42987,8500.8,4.2,2.0,352.7,-27.4,26.1,352.0,0x20,405.002,8.9,1125,-1,2.6,,
2026-08-16T11:41:48.000Z,M20-403-2-02857,1470915708,43.86216,4.42986,8504.3,2.7,3.5,352.9,-27.4,26.0,351.8,0x20,405.002,9.0,1125,-1,2.6,,
2026-08-16T11:41:49.000Z,M20-403-2-02857,1470915709,43.86218,4.42985,8507.9,4.2,3.2,340.8,-27.5,25.9,351.6,0x20,405.002,11.1,1125,-1,2.6,,
2026-08-16T11:41:50.000Z,M20-403-2-02857,1470915710,43.86220,4.42983,8512.4,4.2,2.3,313.9,-27.5,25.9,351.3,0x20,405.002,11.1,1500,-1,2.6,,
2026-08-16T11:41:51.000Z,M20-403-2-02857,1470915711,43.86221,4.42981,8516.9,4.7,2.0,287.2,-27.6,25.8,351.1,0x20,405.002,7.4,1125,-1,2.6,,
2026-08-16T11:41:52.000Z,M20-403-2-02857,1470915712,43.86222,4.42979,8521.6,4.4,1.8,305.3,-27.6,25.8,350.9,0x20,405.002,7.4,1125,-1,2.6,,
2026-08-16T11:41:53.000Z,M20-403-2-02857,1470915713,43.86223,4.42978,8526.0,3.8,1.1,3.1,-27.6,25.8,350.7,0x20,405.002,3.4,1125,-1,2.6,,
2026-08-16T11:41:54.000Z,M20-403-2-02857,1470915714,43.86224,4.42979,8530.0,4.1,1.2,56.7,-27.7,25.8,350.5,0x20,405.002,6.2,1500,-1,2.6,,
2026-08-16T11:41:56.000Z,M20-403-2-02857,1470915716,43.86226,4.42980,8540.2,2.7,2.3,324.7,-27.8,25.9,350.0,0x20,405.002,9.3,1500,-1,2.6,,
2026-08-16T11:41:57.000Z,M20-403-2-02857,1470915717,43.86228,4.42977,8543.4,3.5,3.2,305.3,-27.8,26.0,349.8,0x20,405.002,9.4,1500,-1,2.6,,
2026-08-16T11:41:58.000Z,M20-403-2-02857,1470915718,43.86229,4.42974,8549.2,8.2,2.3,291.3,-27.8,26.0,349.6,0x20,405.002,9.4,1500,-1,2.6,,
2026-08-16T11:41:59.000Z,M20-403-2-02857,1470915719,43.86230,4.42973,8555.5,5.0,1.3,300.4,-27.8,26.1,349.3,0x20,405.002,8.8,1500,-1,2.6,,
2026-08-16T11:42:00.000Z,M20-403-2-02857,1470915720,43.86230,4.42971,8560.9,5.6,1.2,299.9,-27.8,26.0,349.1,0x20,405.002,8.8,1500,-1,2.6,,
2026-08-16T11:42:02.000Z,M20-403-2-02857,1470915722,43.86234,4.42967,8573.3,4.2,4.4,331.7,-27.9,25.4,348.6,0x20,405.002,8.6,1125,-1,2.6,,
2026-08-16T11:42:04.000Z,M20-403-2-02857,1470915724,43.86240,4.42964,8582.2,5.0,2.9,339.7,-27.9,25.2,348.2,0x20,405.002,8.6,1500,-1,2.6,,
2026-08-16T11:42:05.000Z,M20-403-2-02857,1470915725,43.86241,4.42963,8586.4,5.0,1.0,241.3,-28.0,25.3,347.9,0x20,405.002,8.6,1500,-1,2.6,,
2026-08-16T11:42:06.000Z,M20-403-2-02857,1470915726,43.86241,4.42961,8591.2,5.5,1.7,273.5,-28.0,25.4,347.6,0x20,405.002,3.4,1500,-1,2.6,,
2026-08-16T11:42:07.000Z,M20-403-2-02857,1470915727,43.86242,4.42959,8596.0,5.2,1.5,305.3,-28.0,25.5,347.4,0x20,405.002,6.1,1500,-1,2.6,,
2026-08-16T11:42:08.000Z,M20-403-2-02857,1470915728,43.86243,4.42958,8601.1,5.4,2.4,352.1,-28.1,25.6,347.2,0x20,405.002,8.4,1125,-1,2.6,,
2026-08-16T11:42:09.000Z,M20-403-2-02857,1470915729,43.86246,4.42958,8605.9,5.7,3.9,0.4,-28.1,25.6,347.0,0x20,405.002,8.4,1500,-1,2.6,,
2026-08-16T11:42:10.000Z,M20-403-2-02857,1470915730,43.86250,4.42957,8610.2,3.6,4.5,341.9,-28.2,25.6,346.8,0x20,405.002,8.8,1500,-1,2.6,,
2026-08-16T11:42:11.000Z,M20-403-2-02857,1470915731,43.86253,4.42954,8614.1,5.1,6.0,315.4,-28.2,25.7,346.6,0x20,405.002,8.8,1500,-1,2.6,,
2026-08-16T11:42:13.000Z,M20-403-2-02857,1470915733,43.86259,4.42942,8624.7,5.6,4.1,290.4,-28.3,25.8,346.1,0x20,405.002,9.9,1125,-1,2.6,,
2026-08-16T11:42:14.000Z,M20-403-2-02857,1470915734,43.86260,4.42939,8628.7,4.3,1.4,292.9,-28.3,26.0,345.9,0x20,405.002,9.9,1125,-1,2.6,,
2026-08-16T11:42:15.000Z,M20-403-2-02857,1470915735,43.86259,4.42938,8632.5,3.6,1.1,165.6,-28.4,26.0,345.6,0x20,405.002,9.4,1125,-1,2.6,,
2026-08-16T11:42:18.000Z,M20-403-2-02857,1470915738,43.86261,4.42932,8648.6,2.5,5.0,300.9,-28.5,26.1,344.9,0x20,405.002,3.5,1500,-1,2.6,,
2026-08-16T11:42:19.000Z,M20-403-2-02857,1470915739,43.86264,4.42928,8652.8,6.7,3.7,331.9,-28.5,26.2,344.7,0x20,405.002,3.1,1500,-1,2.6,,
2026-08-16T11:42:20.000Z,M20-403-2-02857,1470915740,43.86266,4.42927,8658.4,5.5,2.3,344.3,-28.6,26.3,344.4,0x20,405.002,4.8,1875,-1,2.6,,
2026-08-16T11:42:21.000Z,M20-403-2-02857,1470915741,43.86268,4.42927,8661.8,2.1,2.1,21.1,-28.6,26.2,344.2,0x20,405.002,7.9,1875,-1,2.6,,
2026-08-16T11:42:23.000Z,M20-403-2-02857,1470915743,43.86272,4.42927,8672.5,5.6,2.9,329.0,-28.7,26.3,343.7,0x20,405.002,11.1,1875,-1,2.6,,
2026-08-16T11:42:25.000Z,M20-403-2-02857,1470915745,43.86277,4.42922,8681.9,5.5,5.0,327.4,-28.8,26.3,343.2,0x20,405.002,10.0,1875,-1,2.6,,
2026-08-16T11:42:26.000Z,M20-403-2-02857,1470915746,43.86280,4.42918,8686.6,4.1,4.8,325.0,-28.9,26.3,342.9,0x20,405.002,10.0,1875,-1,2.6,,
2026-08-16T11:42:28.000Z,M20-403-2-02857,1470915748,43.86285,4.42914,8695.4,4.5,1.6,340.0,-28.9,26.3,342.5,0x20,405.002,8.8,1875,-1,2.6,,
2026-08-16T11:42:30.000Z,M20-403-2-02857,1470915750,43.86288,4.42914,8704.2,7.3,1.1,7.1,-29.0,26.3,341.8,0x20,405.002,7.5,1875,-1,2.6,,
2026-08-16T11:42:31.000Z,M20-403-2-02857,1470915751,43.86289,4.42914,8709.4,2.1,0.4,322.8,-29.0,26.4,341.7,0x20,405.002,3.7,1875,-1,2.6,,
2026-08-16T11:42:32.000Z,M20-403-2-02857,1470915752,43.86290,4.42913,8713.8,5.3,2.6,308.8,-29.1,26.4,341.4,0x20,405.002,3.7,1875,-1,2.6,,
2026-08-16T11:42:33.000Z,M20-403-2-02857,1470915753,43.86292,4.42910,8719.0,4.0,4.0,311.3,-29.1,26.4,341.2,0x20,405.002,5.3,1875,-1,2.6,,
2026-08-16T11:42:34.000Z,M20-403-2-02857,1470915754,43.86294,4.42905,8724.0,5.6,4.5,309.3,-29.2,26.3,341.0,0x20,405.002,9.5,1875,-1,2.6,,
2026-08-16T11:42:35.000Z,M20-403-2-02857,1470915755,43.86297,4.42903,8729.7,5.6,3.4,345.7,-29.2,26.2,340.7,0x20,405.002,9.5,1875,-1,2.6,,
2026-08-16T11:42:36.000Z,M20-403-2-02857,1470915756,43.86299,4.42902,8735.7,5.2,2.5,2.7,-29.3,26.1,340.4,0x20,405.002,10.8,1875,-1,2.6,,
2026-08-16T11:42:38.000Z,M20-403-2-02857,1470915758,43.86302,4.42905,8745.3,5.2,1.5,114.0,-29.3,25.8,340.0,0x20,405.002,10.8,1875,-1,2.6,,
2026-08-16T11:42:39.000Z,M20-403-2-02857,1470915759,43.86301,4.42906,8751.4,6.4,1.0,168.2,-29.4,25.7,339.8,0x20,405.002,9.3,1875,-1,2.6,,
2026-08-16T11:42:40.000Z,M20-403-2-02857,1470915760,43.86301,4.42906,8756.2,3.1,1.6,310.1,-29.4,25.6,339.5,0x20,405.002,9.0,1875,-1,2.6,,
2026-08-16T11:42:41.000Z,M20-403-2-02857,1470915761,43.86303,4.42904,8759.1,3.1,2.9,326.5,-29.5,25.6,339.3,0x20,405.002,9.0,1875,-1,2.6,,
2026-08-16T11:42:42.000Z,M20-403-2-02857,1470915762,43.86306,4.42903,8763.1,5.0,5.2,343.9,-29.5,25.8,339.1,0x20,405.002,8.9,1875,-1,2.6,,
2026-08-16T11:42:43.000Z,M20-403-2-02857,1470915763,43.86311,4.42901,8769.6,7.6,5.6,341.1,-29.6,26.1,338.8,0x20,405.002,8.9,1875,-1,2.6,,
2026-08-16T11:42:44.000Z,M20-403-2-02857,1470915764,43.86315,4.42899,8775.0,2.5,3.7,340.3,-29.6,26.3,338.6,0x20,405.002,3.5,1875,-1,2.6,,
2026-08-16T11:42:45.000Z,M20-403-2-02857,1470915765,43.86316,4.42898,8779.2,5.8,1.0,232.2,-29.6,26.4,338.4,0x20,405.002,3.4,1875,-1,2.6,,
2026-08-16T11:42:46.000Z,M20-403-2-02857,1470915766,43.86315,4.42896,8785.0,5.7,2.3,217.4,-29.7,26.7,338.1,0x20,405.002,3.4,1875,-1,2.6,,
2026-08-16T11:42:47.000Z,M20-403-2-02857,1470915767,43.86314,4.42894,8788.9,2.4,1.8,244.2,-29.7,26.9,338.0,0x20,405.002,9.4,1875,-1,2.6,,
2026-08-16T11:42:49.000Z,M20-403-2-02857,1470915769,43.86317,4.42890,8798.0,3.1,4.2,335.4,-29.8,27.1,337.5,0x20,405.002,10.5,1875,-1,2.6,,
2026-08-16T11:42:50.000Z,M20-403-2-02857,1470915770,43.86320,4.42889,8802.3,5.7,3.0,352.1,-29.8,27.1,337.3,0x20,405.002,10.5,1875,-1,2.6,,
2026-08-16T11:42:51.000Z,M20-403-2-02857,1470915771,43.86322,4.42889,8806.9,3.5,1.7,22.2,-29.9,27.0,337.1,0x20,405.002,9.0,1875,-1,2.6,,
2026-08-16T11:42:52.000Z,M20-403-2-02857,1470915772,43.86324,4.42889,8810.5,3.5,1.4,6.1,-29.9,27.1,337.0,0x20,405.002,9.0,1875,-1,2.6,,
2026-08-16T11:42:53.000Z,M20-403-2-02857,1470915773,43.86325,4.42889,8814.8,5.7,2.6,346.3,-30.0,27.0,336.7,0x20,405.002,9.0,1875,-1,2.6,,
2026-08-16T11:42:54.000Z,M20-403-2-02857,1470915774,43.86328,4.42888,8819.7,4.1,2.8,334.2,-30.0,26.9,336.5,0x20,405.002,9.5,1875,-1,2.6,,
2026-08-16T11:42:55.000Z,M20-403-2-02857,1470915775,43.86329,4.42886,8823.6,4.1,2.5,299.5,-30.0,26.7,336.4,0x20,405.002,9.5,1875,-1,2.6,,
2026-08-16T11:42:56.000Z,M20-403-2-02857,1470915776,43.86330,4.42883,8828.0,4.7,2.0,245.7,-30.1,26.7,336.1,0x20,405.002,9.5,1875,-1,2.6,,
2026-08-16T11:42:57.000Z,M20-403-2-02857,1470915777,43.86329,4.42881,8831.9,3.5,1.5,243.3,-30.1,26.9,336.0,0x20,405.002,3.3,1875,-1,2.6,,
2026-08-16T11:42:59.000Z,M20-403-2-02857,1470915779,43.86331,4.42881,8841.8,3.0,2.8,3.5,-30.2,27.0,335.5,0x20,405.002,3.0,1875,-1,2.6,,
2026-08-16T11:43:01.000Z,M20-403-2-02857,1470915781,43.86335,4.42883,8851.9,5.3,1.4,335.2,-30.3,27.3,335.0,0x20,405.002,10.6,1875,-1,2.6,,
2026-08-16T11:43:02.000Z,M20-403-2-02857,1470915782,43.86335,4.42882,8856.8,4.6,0.7,319.8,-30.3,27.5,334.7,0x20,405.002,10.6,1875,-1,2.6,,
2026-08-16T11:43:03.000Z,M20-403-2-02857,1470915783,43.86336,4.42881,8860.7,2.9,1.8,262.8,-30.3,27.5,334.5,0x20,405.002,10.1,1875,-1,2.6,,
2026-08-16T11:43:04.000Z,M20-403-2-02857,1470915784,43.86335,4.42879,8864.0,3.5,1.9,211.5,-30.4,27.6,334.3,0x20,405.002,10.1,1875,-1,2.6,,
2026-08-16T11:43:05.000Z,M20-403-2-02857,1470915785,43.86334,4.42879,8868.7,5.9,1.4,167.6,-30.4,27.8,334.1,0x20,405.002,9.8,1875,-1,2.6,,
2026-08-16T11:43:06.000Z,M20-403-2-02857,1470915786,43.86333,4.42879,8873.3,3.6,0.8,35.8,-30.5,27.9,333.9,0x20,405.002,10.4,1875,-1,2.6,,
2026-08-16T11:43:07.000Z,M20-403-2-02857,1470915787,43.86334,4.42879,8877.3,4.3,2.1,342.0,-30.5,27.9,333.7,0x20,405.002,10.4,1875,-1,2.6,,
2026-08-16T11:43:08.000Z,M20-403-2-02857,1470915788,43.86336,4.42878,8881.7,4.6,2.2,342.0,-30.5,27.9,333.5,0x20,405.002,9.7,1875,-1,2.6,,
2026-08-16T11:43:09.000Z,M20-403-2-02857,1470915789,43.86338,4.42878,8886.4,5.1,0.7,15.2,-30.6,28.0,333.3,0x20,405.002,9.7,1875,-1,2.6,,
2026-08-16T11:43:10.000Z,M20-403-2-02857,1470915790,43.86338,4.42878,8890.6,3.5,1.1,34.7,-30.6,28.0,333.1,0x20,405.002,4.0,1875,-1,2.6,,
2026-08-16T11:43:11.000Z,M20-403-2-02857,1470915791,43.86339,4.42879,8894.9,4.9,0.6,11.7,-30.7,28.1,332.9,0x20,405.002,3.1,1875,-1,2.6,,
2026-08-16T11:43:12.000Z,M20-403-2-02857,1470915792,43.86340,4.42878,8900.7,7.3,1.7,339.2,-30.7,28.1,332.7,0x20,405.002,3.0,1875,-1,2.6,,
2026-08-16T11:43:13.000Z,M20-403-2-02857,1470915793,43.86342,4.42878,8907.0,6.2,1.8,354.2,-30.8,28.2,332.4,0x20,405.002,6.8,1875,-1,2.6,,
2026-08-16T11:43:14.000Z,M20-403-2-02857,1470915794,43.86343,4.42877,8912.0,4.8,1.2,321.6,-30.8,28.2,332.2,0x20,405.002,10.5,1875,-1,2.6,,
2026-08-16T11:43:15.000Z,M20-403-2-02857,1470915795,43.86343,4.42875,8916.8,5.8,2.6,238.0,-30.8,28.2,332.0,0x20,405.002,10.5,1875,-1,2.6,,
2026-08-16T11:43:17.000Z,M20-403-2-02857,1470915797,43.86341,4.42870,8923.9,5.8,1.2,225.3,-30.9,28.2,331.6,0x20,405.002,8.4,1875,-1,2.6,,
2026-08-16T11:43:18.000Z,M20-403-2-02857,1470915798,43.86341,4.42870,8928.5,4.3,0.9,24.8,-30.9,28.2,331.4,0x20,405.002,9.3,1875,-1,2.6,,
2026-08-16T11:43:19.000Z,M20-403-2-02857,1470915799,43.86342,4.42870,8933.8,6.6,2.3,17.6,-30.9,28.1,331.1,0x20,405.002,9.3,1875,-1,2.6,,
2026-08-16T11:43:21.000Z,M20-403-2-02857,1470915801,43.86345,4.42868,8942.0,5.1,3.4,268.8,-30.9,27.9,330.7,0x20,405.002,8.4,1875,-1,2.6,,
2026-08-16T11:43:22.000Z,M20-403-2-02857,1470915802,43.86345,4.42863,8946.2,3.6,4.7,267.3,-30.9,27.8,330.5,0x20,405.002,8.4,1875,-1,2.6,,
2026-08-16T11:43:23.000Z,M20-403-2-02857,1470915803,43.86345,4.42858,8951.2,6.1,3.3,254.2,-31.0,27.8,330.3,0x20,405.002,2.9,1875,-1,2.6,,
2026-08-16T11:43:24.000Z,M20-403-2-02857,1470915804,43.86345,4.42856,8956.2,4.4,1.0,327.6,-31.0,27.8,330.1,0x20,405.002,2.9,1875,-1,2.6,,
2026-08-16T11:43:25.000Z,M20-403-2-02857,1470915805,43.86345,4.42856,8960.2,3.9,1.1,31.4,-31.0,27.8,329.9,0x20,405.002,6.4,1875,-1,2.6,,
2026-08-16T11:43:26.000Z,M20-403-2-02857,1470915806,43.86347,4.42856,8964.6,5.3,1.8,358.4,-31.1,27.7,329.7,0x20,405.002,9.5,1875,-1,2.6,,
2026-08-16T11:43:27.000Z,M20-403-2-02857,1470915807,43.86348,4.42855,8969.3,4.8,2.7,300.9,-31.1,27.6,329.5,0x20,405.002,9.5,1875,-1,2.6,,
2026-08-16T11:43:28.000Z,M20-403-2-02857,1470915808,43.86349,4.42852,8973.2,3.0,2.7,292.8,-31.1,27.5,329.3,0x20,405.002,8.2,1875,-1,2.6,,
2026-08-16T11:43:29.000Z,M20-403-2-02857,1470915809,43.86350,4.42849,8977.2,5.4,1.8,274.6,-31.1,27.4,329.1,0x20,405.002,9.4,1875,-1,2.6,,
2026-08-16T11:43:30.000Z,M20-403-2-02857,1470915810,43.86350,4.42848,8981.7,3.9,0.8,305.8,-31.1,27.3,328.9,0x20,405.002,10.6,1875,-1,2.6,,
2026-08-16T11:43:31.000Z,M20-403-2-02857,1470915811,43.86351,4.42847,8985.0,4.0,3.0,345.3,-31.1,27.1,328.8,0x20,405.002,10.6,1875,-1,2.6,,
2026-08-16T11:43:32.000Z,M20-403-2-02857,1470915812,43.86355,4.42845,8989.7,6.2,5.1,329.3,-31.2,26.7,328.5,0x20,405.002,10.1,1875,-1,2.6,,
2026-08-16T11:43:34.000Z,M20-403-2-02857,1470915814,43.86362,4.42837,8996.7,4.5,4.9,299.0,-31.2,25.9,328.1,0x20,405.002,9.0,1875,-1,2.6,,
2026-08-16T11:43:35.000Z,M20-403-2-02857,1470915815,43.86363,4.42833,9000.8,4.5,2.6,268.7,-31.2,25.5,327.9,0x20,405.002,9.0,1875,-1,2.6,,
2026-08-16T11:43:37.000Z,M20-403-2-02857,1470915817,43.86360,4.42830,9009.9,6.7,1.9,183.1,-31.3,24.8,327.4,0x20,405.002,2.4,1875,-1,2.6,,
2026-08-16T11:43:38.000Z,M20-403-2-02857,1470915818,43.86359,4.42829,9015.8,5.9,0.9,301.3,-31.4,24.3,327.2,0x20,405.002,2.5,1875,-1,2.6,,
2026-08-16T11:43:39.000Z,M20-403-2-02857,1470915819,43.86360,4.42828,9021.6,6.1,2.6,342.3,-31.4,23.9,326.9,0x20,405.002,7.8,1875,-1,2.6,,
2026-08-16T11:43:40.000Z,M20-403-2-02857,1470915820,43.86363,4.42828,9025.6,2.0,3.5,5.5,-31.4,23.6,326.7,0x20,405.002,12.2,1875,-1,2.6,,
2026-08-16T11:43:41.000Z,M20-403-2-02857,1470915821,43.86365,4.42829,9029.5,5.6,2.8,21.8,-31.5,23.2,326.5,0x20,405.002,12.2,1875,-1,2.6,,
2026-08-16T11:43:42.000Z,M20-403-2-02857,1470915822,43.86368,4.42830,9034.7,3.9,2.5,22.2,-31.5,22.9,326.3,0x20,405.002,11.7,1875,-1,2.6,,
2026-08-16T11:43:44.000Z,M20-403-2-02857,1470915824,43.86372,4.42827,9046.7,6.4,5.1,308.7,-31.6,22.5,325.8,0x20,405.002,10.6,1875,-1,2.6,,
2026-08-16T11:43:45.000Z,M20-403-2-02857,1470915825,43.86375,4.42823,9052.1,4.1,4.4,330.8,-31.7,22.1,325.5,0x20,405.002,13.0,1875,-1,2.6,,
2026-08-16T11:43:46.000Z,M20-403-2-02857,1470915826,43.86379,4.42821,9056.8,5.5,3.7,325.0,-31.7,21.9,325.3,0x20,405.002,13.0,1875,-1,2.6,,
2026-08-16T11:43:47.000Z,M20-403-2-02857,1470915827,43.86382,4.42819,9061.7,4.3,3.9,341.6,-31.7,21.7,325.1,0x20,405.002,9.8,1875,-1,2.6,,
2026-08-16T11:43:48.000Z,M20-403-2-02857,1470915828,43.86385,4.42818,9065.6,3.7,3.4,0.3,-31.8,21.4,324.9,0x20,405.002,9.8,1875,-1,2.6,,
2026-08-16T11:43:49.000Z,M20-403-2-02857,1470915829,43.86388,4.42820,9070.1,5.5,3.8,34.4,-31.8,21.1,324.7,0x20,405.002,6.1,1875,-1,2.6,,
2026-08-16T11:43:50.000Z,M20-403-2-02857,1470915830,43.86390,4.42822,9074.6,4.7,2.8,35.4,-31.9,20.9,324.4,0x20,405.002,6.1,1875,-1,2.6,,
2026-08-16T11:43:51.000Z,M20-403-2-02857,1470915831,43.86392,4.42823,9078.5,4.3,2.7,337.5,-31.8,20.7,324.2,0x20,405.002,3.5,1875,-1,2.6,,
2026-08-16T11:43:52.000Z,M20-403-2-02857,1470915832,43.86395,4.42821,9083.7,6.2,4.7,317.7,-31.9,20.6,324.0,0x20,405.002,9.6,1875,-1,2.6,,
2026-08-16T11:43:53.000Z,M20-403-2-02857,1470915833,43.86398,4.42817,9090.0,7.2,4.3,310.0,-32.0,20.4,323.8,0x20,405.002,9.7,1875,-1,2.6,,
2026-08-16T11:43:54.000Z,M20-403-2-02857,1470915834,43.86400,4.42814,9095.0,3.6,2.0,288.1,-32.0,20.3,323.5,0x20,405.002,11.5,1875,-1,2.6,,
2026-08-16T11:43:55.000Z,M20-403-2-02857,1470915835,43.86400,4.42812,9099.9,6.7,1.3,246.0,-32.1,20.2,323.3,0x20,405.002,11.5,1875,-1,2.6,,
2026-08-16T11:43:56.000Z,M20-403-2-02857,1470915836,43.86399,4.42811,9106.2,6.5,0.5,252.7,-32.1,20.1,323.0,0x20,405.002,11.5,1875,-1,2.6,,
2026-08-16T11:44:00.000Z,M20-403-2-02857,1470915840,43.86409,4.42814,9129.0,2.0,2.5,22.4,-32.1,19.2,322.0,0x20,405.002,10.2,1875,-1,2.6,,
2026-08-16T11:44:01.000Z,M20-403-2-02857,1470915841,43.86411,4.42816,9131.1,3.2,3.4,44.4,-32.1,19.1,321.8,0x20,405.002,10.2,1875,-1,2.6,,
2026-08-16T11:44:02.000Z,M20-403-2-02857,1470915842,43.86413,4.42820,9134.8,4.2,4.0,65.7,-32.2,18.8,321.6,0x20,405.002,3.1,1875,-1,2.6,,
2026-08-16T11:44:03.000Z,M20-403-2-02857,1470915843,43.86414,4.42824,9139.7,5.0,2.7,67.1,-32.2,18.2,321.3,0x20,405.002,3.1,1875,-1,2.6,,
2026-08-16T11:44:04.000Z,M20-403-2-02857,1470915844,43.86414,4.42826,9144.5,4.7,0.4,66.6,-32.3,17.9,321.1,0x20,405.002,3.1,1875,-1,2.6,,
2026-08-16T11:44:05.000Z,M20-403-2-02857,1470915845,43.86414,4.42826,9149.8,6.3,0.4,300.1,-32.3,17.7,320.9,0x20,405.002,9.5,1875,-1,2.6,,
2026-08-16T11:44:06.000Z,M20-403-2-02857,1470915846,43.86415,4.42825,9154.1,2.6,1.8,334.7,-32.3,17.7,320.7,0x20,405.002,10.0,1875,-1,2.6,,
2026-08-16T11:44:07.000Z,M20-403-2-02857,1470915847,43.86417,4.42825,9158.0,5.3,2.6,12.2,-32.4,17.5,320.5,0x20,405.002,11.1,1875,-1,2.6,,
2026-08-16T11:44:08.000Z,M20-403-2-02857,1470915848,43.86419,4.42826,9163.4,5.1,2.6,32.2,-32.5,17.4,320.2,0x20,405.002,11.1,1875,-1,2.6,,
2026-08-16T11:44:09.000Z,M20-403-2-02857,1470915849,43.86422,4.42827,9167.8,3.8,3.4,9.8,-32.5,17.3,320.0,0x20,405.002,10.6,1875,-1,2.6,,
2026-08-16T11:44:10.000Z,M20-403-2-02857,1470915850,43.86425,4.42826,9173.4,7.1,4.7,338.6,-32.5,17.2,319.8,0x20,405.002,10.6,1875,-1,2.6,,
2026-08-16T11:44:11.000Z,M20-403-2-02857,1470915851,43.86429,4.42824,9178.3,2.6,4.1,318.8,-32.5,16.9,319.6,0x20,405.002,8.8,1875,-1,2.6,,
2026-08-16T11:44:12.000Z,M20-403-2-02857,1470915852,43.86431,4.42821,9181.4,3.4,2.7,302.9,-32.5,16.7,319.4,0x20,405.002,9.2,1875,-1,2.6,,
2026-08-16T11:44:13.000Z,M20-403-2-02857,1470915853,43.86431,4.42818,9185.5,4.8,1.5,235.6,-32.6,16.4,319.2,0x20,405.002,12.3,1875,-1,2.6,,
2026-08-16T11:44:14.000Z,M20-403-2-02857,1470915854,43.86430,4.42818,9189.8,4.2,1.0,171.7,-32.7,16.2,319.1,0x20,405.002,12.3,1875,-1,2.6,,
2026-08-16T11:44:16.000Z,M20-403-2-02857,1470915856,43.86433,4.42819,9200.5,2.6,3.0,359.6,-32.7,15.9,318.6,0x20,405.002,3.3,1875,-1,2.6,,
2026-08-16T11:44:17.000Z,M20-403-2-02857,1470915857,43.86436,4.42818,9204.4,5.2,4.3,345.0,-32.8,15.8,318.4,0x20,405.002,2.8,1875,-1,2.6,,
2026-08-16T11:44:18.000Z,M20-403-2-02857,1470915858,43.86439,4.42816,9208.0,2.2,4.3,327.4,-32.8,15.7,318.2,0x20,405.002,9.4,1875,-1,2.6,,
2026-08-16T11:44:19.000Z,M20-403-2-02857,1470915859,43.86442,4.42814,9211.9,5.5,2.7,330.8,-32.8,15.6,318.0,0x20,405.002,9.9,1875,-1,2.6,,
2026-08-16T11:44:20.000Z,M20-403-2-02857,1470915860,43.86444,4.42813,9216.0,2.4,1.4,357.1,-32.8,15.4,317.8,0x20,405.002,12.5,1875,-1,2.6,,
2026-08-16T11:44:21.000Z,M20-403-2-02857,1470915861,43.86444,4.42813,9220.4,6.3,0.4,168.2,-32.9,15.3,317.6,0x20,405.002,12.5,1875,-1,2.6,,
2026-08-16T11:44:22.000Z,M20-403-2-02857,1470915862,43.86444,4.42812,9225.4,3.9,1.5,262.9,-32.9,15.3,317.4,0x20,405.002,9.7,1875,-1,2.6,,
2026-08-16T11:44:23.000Z,M20-403-2-02857,1470915863,43.86444,4.42810,9229.0,3.3,2.0,285.3,-32.9,15.3,317.2,0x20,405.002,9.7,1875,-1,2.6,,
2026-08-16T11:44:24.000Z,M20-403-2-02857,1470915864,43.86445,4.42808,9232.9,4.3,1.9,303.1,-32.9,15.3,317.1,0x20,405.002,12.2,1875,-1,2.6,,
2026-08-16T11:44:25.000Z,M20-403-2-02857,1470915865,43.86446,4.42807,9237.8,5.1,1.6,353.8,-32.9,15.3,316.8,0x20,405.002,12.2,1875,-1,2.6,,
2026-08-16T11:44:26.000Z,M20-403-2-02857,1470915866,43.86448,4.42807,9242.7,4.7,3.3,3.8,-33.0,15.3,316.6,0x20,405.002,9.4,1875,-1,2.6,,
2026-08-16T11:44:27.000Z,M20-403-2-02857,1470915867,43.86452,4.42807,9247.2,4.5,4.7,2.4,-33.0,15.3,316.5,0x20,405.002,11.4,1875,-1,2.6,,
2026-08-16T11:44:28.000Z,M20-403-2-02857,1470915868,43.86456,4.42808,9252.4,5.9,4.1,11.5,-33.0,15.6,316.2,0x20,405.002,11.4,1875,-1,2.6,,
2026-08-16T11:44:29.000Z,M20-403-2-02857,1470915869,43.86459,4.42808,9257.3,3.8,2.7,350.1,-33.0,15.9,316.0,0x20,405.002,2.7,1875,-1,2.6,,
2026-08-16T11:44:30.000Z,M20-403-2-02857,1470915870,43.86460,4.42807,9260.7,3.8,1.7,291.4,-33.0,16.2,315.9,0x20,405.002,2.9,1875,-1,2.6,,
2026-08-16T11:44:31.000Z,M20-403-2-02857,1470915871,43.86461,4.42805,9265.0,5.0,1.7,318.4,-33.0,16.5,315.7,0x20,405.002,6.1,1875,-1,2.6,,
2026-08-16T11:44:32.000Z,M20-403-2-02857,1470915872,43.86463,4.42803,9269.0,3.4,2.6,320.1,-33.0,16.7,315.5,0x20,405.002,9.1,1875,-1,2.6,,
2026-08-16T11:44:33.000Z,M20-403-2-02857,1470915873,43.86465,4.42801,9273.3,5.2,3.1,326.6,-33.0,16.9,315.2,0x20,405.002,9.8,1875,-1,2.6,,
2026-08-16T11:44:34.000Z,M20-403-2-02857,1470915874,43.86467,4.42800,9278.2,4.0,2.7,336.7,-33.0,17.2,315.1,0x20,405.002,12.1,1875,-1,2.6,,
2026-08-16T11:44:35.000Z,M20-403-2-02857,1470915875,43.86470,4.42798,9282.1,3.6,4.4,328.6,-33.0,17.4,314.9,0x20,405.002,12.1,1875,-1,2.6,,
2026-08-16T11:44:36.000Z,M20-403-2-02857,1470915876,43.86474,4.42795,9286.2,3.6,5.1,327.0,-33.1,17.7,314.7,0x20,405.002,10.9,1875,-1,2.6,,
2026-08-16T11:44:37.000Z,M20-403-2-02857,1470915877,43.86478,4.42792,9290.7,5.7,5.1,336.9,-33.1,18.0,314.5,0x20,405.002,10.9,1875,-1,2.6,,
2026-08-16T11:44:38.000Z,M20-403-2-02857,1470915878,43.86481,4.42790,9294.4,1.8,3.3,339.4,-33.1,18.2,314.3,0x20,405.002,8.6,1875,-1,2.6,,
2026-08-16T11:44:39.000Z,M20-403-2-02857,1470915879,43.86484,4.42789,9297.6,5.1,2.3,1.7,-33.1,18.4,314.2,0x20,405.002,8.4,1875,-1,2.6,,
2026-08-16T11:44:40.000Z,M20-403-2-02857,1470915880,43.86486,4.42788,9302.5,4.4,2.8,333.3,-33.2,18.6,313.9,0x20,405.002,9.8,1875,-1,2.6,,
2026-08-16T11:44:41.000Z,M20-403-2-02857,1470915881,43.86489,4.42786,9306.4,3.0,4.0,334.3,-33.2,18.7,313.8,0x20,405.002,9.8,1875,-1,2.6,,
2026-08-16T11:44:42.000Z,M20-403-2-02857,1470915882,43.86491,4.42783,9310.4,4.4,4.5,310.2,-33.3,18.8,313.6,0x20,405.002,3.5,1875,-1,2.6,,
2026-08-16T11:44:43.000Z,M20-403-2-02857,1470915883,43.86493,4.42779,9314.6,3.8,4.9,295.4,-33.3,18.9,313.4,0x20,405.002,3.5,1875,-1,2.6,,
2026-08-16T11:44:44.000Z,M20-403-2-02857,1470915884,43.86495,4.42774,9319.6,6.4,3.9,288.0,-33.4,19.1,313.2,0x20,405.002,5.8,1875,-1,2.6,,
2026-08-16T11:44:45.000Z,M20-403-2-02857,1470915885,43.86496,4.42771,9324.7,4.5,2.3,322.7,-33.4,19.3,313.0,0x20,405.002,10.9,1875,-1,2.6,,
2026-08-16T11:44:46.000Z,M20-403-2-02857,1470915886,43.86497,4.42770,9328.8,3.5,1.3,355.1,-33.5,19.4,312.7,0x20,405.002,10.9,1875,-1,2.6,,
2026-08-16T11:44:47.000Z,M20-403-2-02857,1470915887,43.86499,4.42769,9334.1,6.7,2.7,345.2,-33.5,19.5,312.4,0x20,405.002,9.6,1875,-1,2.6,,
2026-08-16T11:44:48.000Z,M20-403-2-02857,1470915888,43.86502,4.42768,9339.9,5.5,4.3,335.1,-33.6,19.6,312.2,0x20,405.002,9.6,1875,-1,2.6,,
2026-08-16T11:44:49.000Z,M20-403-2-02857,1470915889,43.86505,4.42765,9346.4,8.5,4.6,314.3,-33.6,19.5,312.0,0x20,405.002,10.4,1875,-1,2.6,,
2026-08-16T11:44:50.000Z,M20-403-2-02857,1470915890,43.86507,4.42761,9353.0,5.3,3.4,319.4,-33.6,19.5,311.8,0x20,405.002,11.7,1875,-1,2.6,,
2026-08-16T11:44:51.000Z,M20-403-2-02857,1470915891,43.86509,4.42759,9356.5,3.2,2.8,300.9,-33.7,19.5,311.5,0x20,405.002,11.7,1875,-1,2.6,,
2026-08-16T11:44:52.000Z,M20-403-2-02857,1470915892,43.86510,4.42756,9362.5,8.4,2.8,308.2,-33.7,19.4,311.3,0x20,405.002,12.0,1875,-1,2.6,,
2026-08-16T11:44:53.000Z,M20-403-2-02857,1470915893,43.86512,4.42753,9369.0,4.7,3.5,322.7,-33.7,19.5,311.0,0x20,405.002,12.0,1875,-1,2.6,,
2026-08-16T11:44:54.000Z,M20-403-2-02857,1470915894,43.86514,4.42750,9373.6,4.2,3.4,316.4,-33.8,19.4,310.7,0x20,405.002,3.6,1875,-1,2.6,,
2026-08-16T11:44:55.000Z,M20-403-2-02857,1470915895,43.86516,4.42749,9379.3,7.1,2.6,353.0,-33.9,19.4,310.5,0x20,405.002,2.2,1875,-1,2.6,,
2026-08-16T11:44:56.000Z,M20-403-2-02857,1470915896,43.86518,4.42749,9384.7,3.7,2.2,12.8,-33.9,19.4,310.2,0x20,405.002,2.5,1875,-1,2.6,,
2026-08-16T11:44:57.000Z,M20-403-2-02857,1470915897,43.86519,4.42750,9390.1,7.2,1.1,67.5,-34.0,19.4,310.0,0x20,405.002,7.5,1875,-1,2.6,,
2026-08-16T11:44:58.000Z,M20-403-2-02857,1470915898,43.86520,4.42751,9396.2,5.5,0.8,44.0,-34.0,19.5,309.8,0x20,405.002,10.8,1875,-1,2.6,,
2026-08-16T11:44:59.000Z,M20-403-2-02857,1470915899,43.86521,4.42750,9400.3,3.1,1.9,324.3,-34.0,19.7,309.6,0x20,405.002,10.8,1875,-1,2.6,,
2026-08-16T11:45:00.000Z,M20-403-2-02857,1470915900,43.86522,4.42748,9404.4,5.0,3.4,306.0,-34.1,19.7,309.4,0x20,405.002,12.4,1875,-1,2.6,,
2026-08-16T11:45:01.000Z,M20-403-2-02857,1470915901,43.86524,4.42744,9407.9,1.9,3.9,297.0,-34.1,19.8,309.2,0x20,405.002,12.4,1875,-1,2.6,,
2026-08-16T11:45:02.000Z,M20-403-2-02857,1470915902,43.86526,4.42739,9411.3,4.8,5.0,300.7,-34.1,19.9,309.1,0x20,405.002,10.9,1875,-1,2.6,,
2026-08-16T11:45:03.000Z,M20-403-2-02857,1470915903,43.86529,4.42734,9416.9,6.2,5.9,314.0,-34.2,20.0,308.8,0x20,405.002,12.6,1875,-1,2.6,,
2026-08-16T11:45:04.000Z,M20-403-2-02857,1470915904,43.86532,4.42729,9422.0,4.0,5.5,324.6,-34.2,20.1,308.6,0x20,405.002,12.6,1875,-1,2.6,,
2026-08-16T11:45:05.000Z,M20-403-2-02857,1470915905,43.86535,4.42727,9426.6,4.8,2.5,344.2,-34.3,20.2,308.3,0x20,405.002,11.7,1875,-1,2.6,,
2026-08-16T11:45:06.000Z,M20-403-2-02857,1470915906,43.86537,4.42726,9430.9,3.6,2.2,15.5,-34.3,20.2,308.2,0x20,405.002,11.7,1875,-1,2.6,,
2026-08-16T11:45:09.000Z,M20-403-2-02857,1470915909,43.86545,4.42722,9443.5,4.1,4.6,319.6,-34.4,20.3,307.6,0x20,405.002,3.0,1875,-1,2.6,,
2026-08-16T11:45:10.000Z,M20-403-2-02857,1470915910,43.86548,4.42719,9448.4,5.3,3.7,309.1,-34.4,20.2,307.4,0x20,405.002,8.9,1875,-1,2.6,,
2026-08-16T11:45:11.000Z,M20-403-2-02857,1470915911,43.86549,4.42715,9452.9,3.7,2.4,293.0,-34.5,20.2,307.2,0x20,405.002,10.8,1875,-1,2.6,,
2026-08-16T11:45:12.000Z,M20-403-2-02857,1470915912,43.86550,4.42713,9456.4,3.4,1.5,296.7,-34.5,20.3,307.1,0x20,405.002,11.9,1875,-1,2.6,,
2026-08-16T11:45:13.000Z,M20-403-2-02857,1470915913,43.86551,4.42711,9460.5,4.9,2.2,310.2,-34.6,20.3,306.9,0x20,405.002,11.9,1875,-1,2.6,,
2026-08-16T11:45:14.000Z,M20-403-2-02857,1470915914,43.86553,4.42709,9465.1,4.1,3.2,327.0,-34.6,20.2,306.7,0x20,405.002,11.4,1875,-1,2.6,,
2026-08-16T11:45:15.000Z,M20-403-2-02857,1470915915,43.86556,4.42707,9469.8,5.4,4.2,342.8,-34.6,20.1,306.5,0x20,405.002,10.8,1875,-1,2.6,,
2026-08-16T11:45:16.000Z,M20-403-2-02857,1470915916,43.86559,4.42706,9473.5,2.0,4.1,350.7,-34.6,20.1,306.3,0x20,405.002,11.0,1875,-1,2.6,,
2026-08-16T11:45:17.000Z,M20-403-2-02857,1470915917,43.86563,4.42704,9477.5,5.7,4.1,336.6,-34.7,20.0,306.1,0x20,405.002,11.0,1875,-1,2.6,,
2026-08-16T11:45:19.000Z,M20-403-2-02857,1470915919,43.86568,4.42698,9486.4,3.0,3.6,305.0,-34.8,20.0,305.7,0x20,405.002,12.2,1875,-1,2.6,,
2026-08-16T11:45:20.000Z,M20-403-2-02857,1470915920,43.86570,4.42696,9490.7,5.4,1.9,319.6,-34.8,19.9,305.5,0x20,405.002,12.2,1875,-1,2.6,,
2026-08-16T11:45:21.000Z,M20-403-2-02857,1470915921,43.86571,4.42695,9495.1,3.5,1.8,3.2,-34.8,19.8,305.3,0x20,405.002,12.2,1875,-1,2.6,,
2026-08-16T11:45:22.000Z,M20-403-2-02857,1470915922,43.86574,4.42694,9498.9,4.1,3.5,349.5,-34.9,19.7,305.2,0x20,405.002,2.6,1875,-1,2.6,,
2026-08-16T11:45:23.000Z,M20-403-2-02857,1470915923,43.86577,4.42693,9503.2,4.3,5.3,334.6,-34.9,19.5,305.0,0x20,405.002,3.8,1875,-1,2.6,,
2026-08-16T11:45:24.000Z,M20-403-2-02857,1470915924,43.86581,4.42689,9507.1,3.1,5.6,323.6,-34.9,19.4,304.9,0x20,405.002,10.9,1875,-1,2.6,,
2026-08-16T11:45:25.000Z,M20-403-2-02857,1470915925,43.86585,4.42686,9511.2,5.1,3.7,319.9,-35.0,19.2,304.7,0x20,405.002,11.2,1875,-1,2.6,,
2026-08-16T11:45:26.000Z,M20-403-2-02857,1470915926,43.86587,4.42683,9515.3,2.9,2.4,329.4,-35.0,19.1,304.5,0x20,405.002,11.2,1875,-1,2.6,,
2026-08-16T11:45:27.000Z,M20-403-2-02857,1470915927,43.86588,4.42682,9518.1,2.5,1.9,340.2,-35.0,19.1,304.3,0x20,405.002,12.3,1875,-1,2.6,,
2026-08-16T11:45:28.000Z,M20-403-2-02857,1470915928,43.86590,4.42681,9521.9,5.0,2.9,332.6,-35.1,19.0,304.1,0x20,405.002,12.3,1875,-1,2.6,,
2026-08-16T11:45:29.000Z,M20-403-2-02857,1470915929,43.86592,4.42679,9526.1,3.2,3.6,331.9,-35.1,18.9,303.9,0x20,405.002,11.4,1875,-1,2.6,,
2026-08-16T11:45:30.000Z,M20-403-2-02857,1470915930,43.86595,4.42678,9530.4,5.2,3.8,334.8,-35.2,18.8,303.8,0x20,405.002,11.4,1875,-1,2.6,,
2026-08-16T11:45:31.000Z,M20-403-2-02857,1470915931,43.86597,4.42676,9534.8,3.4,2.5,327.4,-35.2,18.7,303.6,0x20,405.002,10.9,1875,-1,2.6,,
2026-08-16T11:45:32.000Z,M20-403-2-02857,1470915932,43.86600,4.42674,9539.0,5.0,3.7,335.0,-35.3,18.7,303.4,0x20,405.002,10.9,1875,-1,2.6,,
2026-08-16T11:45:33.000Z,M20-403-2-02857,1470915933,43.86603,4.42673,9543.3,3.3,5.0,344.2,-35.3,18.7,303.2,0x20,405.002,6.7,1875,-1,2.6,,
2026-08-16T11:45:34.000Z,M20-403-2-02857,1470915934,43.86607,4.42671,9547.8,5.2,5.0,338.3,-35.3,18.6,303.0,0x20,405.002,2.9,1875,-1,2.6,,
2026-08-16T11:45:35.000Z,M20-403-2-02857,1470915935,43.86611,4.42668,9552.5,4.2,4.2,320.7,-35.4,18.5,302.8,0x20,405.002,2.9,1875,-1,2.6,,
2026-08-16T11:45:36.000Z,M20-403-2-02857,1470915936,43.86613,4.42664,9557.9,5.8,3.6,307.4,-35.4,18.5,302.6,0x20,405.002,6.3,1875,-1,2.6,,
2026-08-16T11:45:37.000Z,M20-403-2-02857,1470915937,43.86615,4.42661,9561.7,1.6,3.5,314.0,-35.4,18.4,302.5,0x20,405.002,10.7,1875,-1,2.6,,
2026-08-16T11:45:38.000Z,M20-403-2-02857,1470915938,43.86618,4.42659,9566.0,7.1,3.7,342.3,-35.5,18.3,302.3,0x20,405.002,10.7,1875,-1,2.6,,
2026-08-16T11:45:39.000Z,M20-403-2-02857,1470915939,43.86621,4.42658,9571.3,4.0,4.7,0.6,-35.5,18.2,302.1,0x20,405.002,9.4,1875,-1,2.6,,
2026-08-16T11:45:40.000Z,M20-403-2-02857,1470915940,43.86625,4.42659,9575.9,5.8,3.1,11.0,-35.6,18.1,301.9,0x20,405.002,9.5,1875,-1,2.6,,
2026-08-16T11:45:41.000Z,M20-403-2-02857,1470915941,43.86627,4.42659,9581.0,4.8,1.2,353.0,-35.6,18.0,301.7,0x20,405.002,9.5,1875,-1,2.6,,
2026-08-16T11:45:42.000Z,M20-403-2-02857,1470915942,43.86628,4.42658,9584.9,3.8,1.8,306.6,-35.6,17.9,301.5,0x20,405.002,12.5,1875,-1,2.6,,
2026-08-16T11:45:43.000Z,M20-403-2-02857,1470915943,43.86629,4.42655,9588.5,3.3,3.6,315.5,-35.6,17.9,301.3,0x20,405.002,12.6,1875,-1,2.6,,
2026-08-16T11:45:44.000Z,M20-403-2-02857,1470915944,43.86632,4.42652,9593.1,6.3,3.4,316.4,-35.7,17.9,301.1,0x20,405.002,12.6,1875,-1,2.6,,
2026-08-16T11:45:45.000Z,M20-403-2-02857,1470915945,43.86634,4.42649,9597.6,2.9,2.8,304.2,-35.7,17.8,300.9,0x20,405.002,12.8,1875,-1,2.6,,
2026-08-16T11:45:46.000Z,M20-403-2-02857,1470915946,43.86635,4.42647,9600.6,3.4,2.2,291.8,-35.7,17.8,300.8,0x20,405.002,12.8,1875,-1,2.6,,
2026-08-16T11:45:47.000Z,M20-403-2-02857,1470915947,43.86635,4.42643,9604.1,3.8,3.0,287.5,-35.8,17.8,300.6,0x20,405.002,3.6,1875,-1,2.6,,
2026-08-16T11:45:48.000Z,M20-403-2-02857,1470915948,43.86637,4.42640,9608.1,4.0,2.9,303.8,-35.9,17.7,300.4,0x20,405.002,3.2,1875,-1,2.6,,
2026-08-16T11:45:49.000Z,M20-403-2-02857,1470915949,43.86639,4.42639,9613.0,5.5,2.4,348.7,-35.9,17.7,300.2,0x20,405.002,6.2,1875,-1,2.6,,
2026-08-16T11:45:50.000Z,M20-403-2-02857,1470915950,43.86641,4.42640,9617.6,3.6,3.7,25.3,-36.0,17.6,300.0,0x20,405.002,10.0,1875,-1,2.6,,
2026-08-16T11:45:51.000Z,M20-403-2-02857,1470915951,43.86644,4.42642,9621.8,4.5,3.6,24.4,-36.0,17.6,299.9,0x20,405.002,13.2,1875,-1,2.6,,
2026-08-16T11:45:52.000Z,M20-403-2-02857,1470915952,43.86647,4.42643,9625.1,2.2,3.0,357.3,-36.0,17.6,299.6,0x20,405.002,13.2,1875,-1,2.6,,
2026-08-16T11:45:53.000Z,M20-403-2-02857,1470915953,43.86648,4.42642,9628.3,3.6,2.2,335.7,-36.0,17.6,299.5,0x20,405.002,12.8,1875,-1,2.6,,
2026-08-16T11:45:54.000Z,M20-403-2-02857,1470915954,43.86650,4.42642,9632.8,4.4,1.1,346.1,-36.1,17.6,299.3,0x20,405.002,12.8,1875,-1,2.6,,
2026-08-16T11:45:55.000Z,M20-403-2-02857,1470915955,43.86650,4.42641,9636.9,4.0,1.3,359.1,-36.1,17.6,299.1,0x20,405.002,11.3,1875,-1,2.6,,
2026-08-16T11:45:56.000Z,M20-403-2-02857,1470915956,43.86652,4.42640,9641.0,3.9,2.7,324.3,-36.1,17.6,298.9,0x20,405.002,11.5,1875,-1,2.6,,
2026-08-16T11:45:57.000Z,M20-403-2-02857,1470915957,43.86653,4.42637,9645.0,4.1,3.5,304.4,-36.2,17.7,298.7,0x20,405.002,13.2,1875,-1,2.6,,
2026-08-16T11:45:58.000Z,M20-403-2-02857,1470915958,43.86655,4.42634,9650.4,6.6,3.2,315.1,-36.2,17.7,298.5,0x20,405.002,13.2,1875,-1,2.6,,
2026-08-16T11:45:59.000Z,M20-403-2-02857,1470915959,43.86657,4.42632,9655.5,3.5,2.2,324.9,-36.3,17.8,298.3,0x20,405.002,9.1,1875,-1,2.6,,
2026-08-16T11:46:00.000Z,M20-403-2-02857,1470915960,43.86659,4.42631,9659.7,5.2,3.2,350.8,-36.3,18.0,298.1,0x20,405.002,3.4,1875,-1,2.6,,
2026-08-16T11:46:01.000Z,M20-403-2-02857,1470915961,43.86662,4.42630,9664.7,5.0,2.9,336.9,-36.3,18.2,297.9,0x20,405.002,3.4,1875,-1,2.6,,
2026-08-16T11:46:02.000Z,M20-403-2-02857,1470915962,43.86664,4.42629,9669.0,4.3,2.0,344.3,-36.3,18.5,297.8,0x20,405.002,6.4,1875,-1,2.6,,
2026-08-16T11:46:03.000Z,M20-403-2-02857,1470915963,43.86665,4.42629,9673.5,4.2,0.4,325.2,-36.4,18.8,297.6,0x20,405.002,11.0,1875,-1,2.6,,
2026-08-16T11:46:04.000Z,M20-403-2-02857,1470915964,43.86665,4.42629,9677.1,2.9,0.6,8.4,-36.4,19.2,297.4,0x20,405.002,11.0,1875,-1,2.6,,
2026-08-16T11:46:05.000Z,M20-403-2-02857,1470915965,43.86666,4.42628,9681.1,5.0,2.3,336.5,-36.5,19.5,297.2,0x20,405.002,11.5,1875,-1,2.6,,
2026-08-16T11:46:06.000Z,M20-403-2-02857,1470915966,43.86669,4.42627,9686.1,5.6,3.7,340.9,-36.5,19.7,296.9,0x20,405.002,11.5,1875,-1,2.6,,
2026-08-16T11:46:07.000Z,M20-403-2-02857,1470915967,43.86671,4.42625,9690.8,3.6,3.2,335.8,-36.6,19.9,296.8,0x20,405.002,10.7,1875,-1,2.6,,
2026-08-16T11:46:08.000Z,M20-403-2-02857,1470915968,43.86674,4.42624,9695.3,5.0,2.1,336.0,-36.6,20.1,296.6,0x20,405.002,11.8,1875,-1,2.6,,
2026-08-16T11:46:09.000Z,M20-403-2-02857,1470915969,43.86675,4.42622,9700.5,5.2,2.2,320.1,-36.7,20.3,296.4,0x20,405.002,11.8,1875,-1,2.6,,
2026-08-16T11:46:10.000Z,M20-403-2-02857,1470915970,43.86677,4.42620,9705.4,4.7,3.7,316.6,-36.7,20.5,296.2,0x20,405.002,7.8,1875,-1,2.6,,
2026-08-16T11:46:11.000Z,M20-403-2-02857,1470915971,43.86680,4.42616,9709.2,3.5,5.2,318.8,-36.7,20.6,296.0,0x20,405.002,8.9,1875,-1,2.6,,
2026-08-16T11:46:12.000Z,M20-403-2-02857,1470915972,43.86683,4.42613,9714.7,7.5,3.7,324.4,-36.8,20.8,295.8,0x20,405.002,8.9,1875,-1,2.6,,
2026-08-16T11:46:13.000Z,M20-403-2-02857,1470915973,43.86685,4.42611,9720.2,4.2,1.7,336.2,-36.8,20.9,295.6,0x20,405.002,3.8,1875,-1,2.6,,
2026-08-16T11:46:14.000Z,M20-403-2-02857,1470915974,43.86687,4.42610,9724.5,4.6,2.2,355.8,-36.9,21.0,295.4,0x20,405.002,3.8,1875,-1,2.6,,
2026-08-16T11:46:15.000Z,M20-403-2-02857,1470915975,43.86689,4.42611,9728.7,3.8,2.5,8.6,-36.9,21.1,295.2,0x20,405.002,7.0,1875,-1,2.6,,
2026-08-16T11:46:16.000Z,M20-403-2-02857,1470915976,43.86691,4.42611,9732.6,4.2,2.4,25.2,-36.9,21.2,295.1,0x20,405.002,7.8,1875,-1,2.6,,
2026-08-16T11:46:17.000Z,M20-403-2-02857,1470915977,43.86693,4.42613,9737.5,5.3,3.3,22.6,-37.0,21.3,294.8,0x20,405.002,7.8,1875,-1,2.6,,
2026-08-16T11:46:18.000Z,M20-403-2-02857,1470915978,43.86696,4.42614,9742.0,4.0,2.5,4.1,-37.0,21.4,294.6,0x20,405.002,9.1,1875,-1,2.6,,
2026-08-16T11:46:19.000Z,M20-403-2-02857,1470915979,43.86697,4.42613,9746.7,5.5,3.2,291.6,-37.0,21.4,294.4,0x20,405.002,9.1,1875,-1,2.6,,
2026-08-16T11:46:20.000Z,M20-403-2-02857,1470915980,43.86698,4.42608,9751.3,4.1,3.9,277.6,-37.1,21.4,294.2,0x20,405.002,12.7,1875,-1,2.6,,
2026-08-16T11:46:21.000Z,M20-403-2-02857,1470915981,43.86699,4.42603,9755.6,5.0,4.3,295.4,-37.1,21.5,294.0,0x20,405.002,12.7,1875,-1,2.6,,
2026-08-16T11:46:22.000Z,M20-403-2-02857,1470915982,43.86702,4.42600,9759.6,3.5,3.6,331.9,-37.1,21.5,293.8,0x20,405.002,11.5,1875,-1,2.6,,
2026-08-16T11:46:23.000Z,M20-403-2-02857,1470915983,43.86705,4.42599,9763.7,5.0,3.9,355.6,-37.2,21.4,293.6,0x20,405.002,12.5,1875,-1,2.6,,
2026-08-16T11:46:24.000Z,M20-403-2-02857,1470915984,43.86708,4.42599,9768.1,3.6,2.7,1.5,-37.2,21.4,293.4,0x20,405.002,12.5,1875,-1,2.6,,
2026-08-16T11:46:25.000Z,M20-403-2-02857,1470915985,43.86709,4.42599,9772.4,5.5,0.4,13.4,-37.2,21.4,293.2,0x20,405.002,12.5,1875,-1,2.6,,
2026-08-16T11:46:26.000Z,M20-403-2-02857,1470915986,43.86709,4.42598,9777.4,4.8,2.0,246.7,-37.3,21.3,293.1,0x20,405.002,3.3,1875,-1,2.6,,
2026-08-16T11:46:27.000Z,M20-403-2-02857,1470915987,43.86709,4.42595,9781.6,3.8,2.4,277.6,-37.3,21.4,292.9,0x20,405.002,3.2,1875,-1,2.6,,
2026-08-16T11:46:28.000Z,M20-403-2-02857,1470915988,43.86710,4.42593,9786.3,6.0,2.5,326.5,-37.4,21.4,292.7,0x20,405.002,3.5,1875,-1,2.6,,
2026-08-16T11:46:29.000Z,M20-403-2-02857,1470915989,43.86712,4.42592,9791.1,4.3,2.2,354.0,-37.4,21.4,292.5,0x20,405.002,8.2,1875,-1,2.6,,
2026-08-16T11:46:30.000Z,M20-403-2-02857,1470915990,43.86715,4.42591,9795.9,5.6,4.0,356.6,-37.5,21.4,292.3,0x20,405.002,13.2,1875,-1,2.6,,
2026-08-16T11:46:31.000Z,M20-403-2-02857,1470915991,43.86719,4.42591,9800.2,3.3,4.4,349.0,-37.5,21.3,292.1,0x20,405.002,14.5,1875,-1,2.6,,
2026-08-16T11:46:33.000Z,M20-403-2-02857,1470915993,43.86724,4.42588,9808.1,3.0,2.3,311.3,-37.5,21.3,291.7,0x20,405.002,12.2,1875,-1,2.6,,
2026-08-16T11:46:34.000Z,M20-403-2-02857,1470915994,43.86725,4.42586,9812.1,4.8,1.4,283.9,-37.5,21.4,291.5,0x20,405.002,12.2,1875,-1,2.6,,
2026-08-16T11:46:35.000Z,M20-403-2-02857,1470915995,43.86725,4.42585,9817.1,5.1,1.3,342.7,-37.6,21.5,291.3,0x20,405.002,12.2,1875,-1,2.6,,
2026-08-16T11:46:36.000Z,M20-403-2-02857,1470915996,43.86727,4.42585,9821.7,4.2,1.6,15.3,-37.6,21.4,291.2,0x20,405.002,12.2,1875,-1,2.6,,
2026-08-16T11:46:37.000Z,M20-403-2-02857,1470915997,43.86728,4.42584,9826.4,5.2,1.5,326.5,-37.6,21.4,291.0,0x20,405.002,13.7,1875,-1,2.6,,
2026-08-16T11:46:38.000Z,M20-403-2-02857,1470915998,43.86729,4.42583,9830.1,2.8,1.7,296.3,-37.6,21.4,290.8,0x20,405.002,13.7,1875,-1,2.6,,
2026-08-16T11:46:39.000Z,M20-403-2-02857,1470915999,43.86730,4.42580,9834.0,5.1,3.6,302.5,-37.7,21.4,290.6,0x20,405.002,3.3,1875,-1,2.6,,
2026-08-16T11:46:40.000Z,M20-403-2-02857,1470916000,43.86733,4.42576,9838.7,4.3,5.2,322.0,-37.7,21.4,290.4,0x20,405.002,3.3,1875,-1,2.6,,
2026-08-16T11:46:41.000Z,M20-403-2-02857,1470916001,43.86736,4.42572,9842.2,3.1,4.9,327.5,-37.7,21.4,290.3,0x20,405.002,3.6,1875,-1,2.6,,
2026-08-16T11:46:42.000Z,M20-403-2-02857,1470916002,43.86739,4.42570,9846.5,5.7,2.9,331.4,-37.8,21.4,290.1,0x20,405.002,10.9,1875,-1,2.6,,
2026-08-16T11:46:43.000Z,M20-403-2-02857,1470916003,43.86741,4.42568,9850.8,2.9,1.8,324.7,-37.8,21.4,289.9,0x20,405.002,11.9,1875,-1,2.6,,
2026-08-16T11:46:44.000Z,M20-403-2-02857,1470916004,43.86742,4.42567,9854.8,5.1,2.0,324.1,-37.9,21.4,289.7,0x20,405.002,11.9,1875,-1,2.6,,
2026-08-16T11:46:45.000Z,M20-403-2-02857,1470916005,43.86744,4.42565,9859.8,4.9,2.6,325.2,-37.9,21.4,289.5,0x20,405.002,11.3,1875,-1,2.6,,
2026-08-16T11:46:46.000Z,M20-403-2-02857,1470916006,43.86746,4.42563,9864.1,3.7,3.3,330.1,-37.9,21.4,289.4,0x20,405.002,11.2,1875,-1,2.6,,
2026-08-16T11:46:47.000Z,M20-403-2-02857,1470916007,43.86748,4.42562,9868.3,4.7,2.4,349.5,-38.0,21.4,289.2,0x20,405.002,11.2,1875,-1,2.6,,
2026-08-16T11:46:48.000Z,M20-403-2-02857,1470916008,43.86750,4.42562,9872.2,3.4,1.7,355.2,-38.0,21.4,289.0,0x20,405.002,11.8,1875,-1,2.6,,
2026-08-16T11:46:49.000Z,M20-403-2-02857,1470916009,43.86751,4.42560,9876.4,4.9,2.5,317.0,-38.0,21.5,288.8,0x20,405.002,11.8,1875,-1,2.6,,
2026-08-16T11:46:50.000Z,M20-403-2-02857,1470916010,43.86753,4.42557,9880.7,3.9,5.1,310.3,-38.1,21.5,288.6,0x20,405.002,12.3,1875,-1,2.6,,
2026-08-16T11:46:51.000Z,M20-403-2-02857,1470916011,43.86756,4.42552,9884.2,3.5,4.7,310.8,-38.2,21.5,288.5,0x20,405.002,12.3,1875,-1,2.6,,
2026-08-16T11:46:52.000Z,M20-403-2-02857,1470916012,43.86758,4.42548,9888.2,4.2,3.2,302.5,-38.2,21.4,288.3,0x20,405.002,4.2,1875,-1,2.6,,
2026-08-16T11:46:53.000Z,M20-403-2-02857,1470916013,43.86759,4.42545,9891.7,2.9,3.3,283.3,-38.2,21.4,288.1,0x20,405.002,4.0,1875,-1,2.6,,
2026-08-16T11:46:54.000Z,M20-403-2-02857,1470916014,43.86759,4.42541,9895.7,4.9,3.3,257.1,-38.3,21.5,287.9,0x20,405.002,5.5,1875,-1,2.6,,
2026-08-16T11:46:55.000Z,M20-403-2-02857,1470916015,43.86759,4.42536,9900.6,4.3,3.5,287.2,-38.3,21.5,287.7,0x20,405.002,10.6,1875,-1,2.6,,
2026-08-16T11:46:56.000Z,M20-403-2-02857,1470916016,43.86760,4.42533,9906.2,6.8,2.4,320.8,-38.4,21.5,287.5,0x20,405.002,11.6,1875,-1,2.6,,
2026-08-16T11:46:57.000Z,M20-403-2-02857,1470916017,43.86762,4.42532,9911.0,2.6,2.7,349.0,-38.3,21.6,287.4,0x20,405.002,11.8,1875,-1,2.6,,
2026-08-16T11:46:58.000Z,M20-403-2-02857,1470916018,43.86765,4.42531,9914.6,4.5,4.0,346.8,-38.4,21.5,287.2,0x20,405.002,11.8,1875,-1,2.6,,
2026-08-16T11:46:59.000Z,M20-403-2-02857,1470916019,43.86769,4.42529,9918.8,3.7,4.7,334.1,-38.4,21.5,287.0,0x20,405.002,11.2,1875,-1,2.6,,
2026-08-16T11:47:00.000Z,M20-403-2-02857,1470916020,43.86772,4.42526,9923.3,4.8,4.4,326.0,-38.4,21.5,286.8,0x20,405.002,11.8,1875,-1,2.6,,
2026-08-16T11:47:01.000Z,M20-403-2-02857,1470916021,43.86775,4.42523,9927.9,4.3,3.2,324.3,-38.5,21.5,286.6,0x20,405.002,11.8,1875,-1,2.6,,
2026-08-16T11:47:02.000Z,M20-403-2-02857,1470916022,43.86777,4.42521,9931.4,2.6,2.5,319.2,-38.5,21.4,286.5,0x20,405.002,13.5,1875,-1,2.6,,
2026-08-16T11:47:03.000Z,M20-403-2-02857,1470916023,43.86779,4.42518,9935.5,5.3,3.5,316.3,-38.5,21.4,286.3,0x20,405.002,13.5,1875,-1,2.6,,
2026-08-16T11:47:04.000Z,M20-403-2-02857,1470916024,43.86781,4.42515,9940.1,3.7,4.0,318.4,-38.6,21.3,286.1,0x20,405.002,13.5,1875,-1,2.6,,
2026-08-16T11:47:05.000Z,M20-403-2-02857,1470916025,43.86783,4.42512,9944.1,4.3,3.2,301.5,-38.6,21.3,285.9,0x20,405.002,3.3,1875,-1,2.6,,
2026-08-16T11:47:06.000Z,M20-403-2-02857,1470916026,43.86784,4.42509,9947.5,2.4,2.6,285.4,-38.6,21.3,285.8,0x20,405.002,3.3,1875,-1,2.6,,
2026-08-16T11:47:07.000Z,M20-403-2-02857,1470916027,43.86785,4.42506,9951.0,4.5,3.6,294.2,-38.7,21.3,285.6,0x20,405.002,6.0,2250,-1,2.6,,
2026-08-16T11:47:08.000Z,M20-403-2-02857,1470916028,43.86787,4.42501,9955.8,4.8,5.1,307.1,-38.7,21.3,285.4,0x20,405.002,13.2,2250,-1,2.6,,
2026-08-16T11:47:09.000Z,M20-403-2-02857,1470916029,43.86789,4.42496,9960.0,3.1,5.3,309.3,-38.7,21.3,285.2,0x20,405.002,13.2,1875,-1,2.6,,
2026-08-16T11:47:10.000Z,M20-403-2-02857,1470916030,43.86792,4.42493,9964.9,6.4,3.4,322.8,-38.8,21.3,285.0,0x20,405.002,12.1,2250,-1,2.6,,
2026-08-16T11:47:11.000Z,M20-403-2-02857,1470916031,43.86794,4.42491,9970.0,3.9,1.9,346.5,-38.8,21.3,284.8,0x20,405.002,12.4,1875,-1,2.6,,
2026-08-16T11:47:12.000Z,M20-403-2-02857,1470916032,43.86796,4.42491,9974.8,5.8,2.5,353.5,-38.9,21.3,284.6,0x20,405.002,12.6,1875,-1,2.6,,
2026-08-16T11:47:14.000Z,M20-403-2-02857,1470916034,43.86801,4.42489,9984.1,5.3,2.9,323.1,-38.9,21.3,284.3,0x20,405.002,10.6,1875,-1,2.6,,
2026-08-16T11:47:15.000Z,M20-403-2-02857,1470916035,43.86802,4.42487,9989.5,5.9,2.1,290.8,-39.0,21.2,284.0,0x20,405.002,9.8,1875,-1,2.6,,
2026-08-16T11:47:16.000Z,M20-403-2-02857,1470916036,43.86803,4.42484,9994.9,5.3,2.6,284.4,-39.0,21.3,283.8,0x20,405.002,10.7,1875,-1,2.6,,
2026-08-16T11:47:17.000Z,M20-403-2-02857,1470916037,43.86805,4.42481,9999.9,5.1,3.7,323.2,-39.1,21.3,283.6,0x20,405.002,10.7,2250,-1,2.6,,
2026-08-16T11:47:18.000Z,M20-403-2-02857,1470916038,43.86807,4.42479,10003.4,2.3,4.1,335.9,-39.1,21.3,283.4,0x20,405.002,10.7,2250,-1,2.6,,
2026-08-16T11:47:19.000Z,M20-403-2-02857,1470916039,43.86810,4.42478,10007.5,5.2,2.8,2.4,-39.1,21.3,283.2,0x20,405.002,2.9,2250,-1,2.6,,
2026-08-16T11:47:20.000Z,M20-403-2-02857,1470916040,43.86812,4.42479,10012.4,5.0,2.4,25.3,-39.2,21.2,283.0,0x20,405.002,4.3,1875,-1,2.6,,
2026-08-16T11:47:21.000Z,M20-403-2-02857,1470916041,43.86814,4.42480,10017.9,6.1,2.0,348.2,-39.3,21.3,282.8,0x20,405.002,11.3,2250,-1,2.6,,
2026-08-16T11:47:22.000Z,M20-403-2-02857,1470916042,43.86816,4.42479,10023.1,4.7,3.6,328.7,-39.3,21.3,282.6,0x20,405.002,11.3,2250,-1,2.6,,
2026-08-16T11:47:23.000Z,M20-403-2-02857,1470916043,43.86819,4.42477,10027.9,5.2,3.2,334.1,-39.3,21.2,282.4,0x20,405.002,10.6,2250,-1,2.6,,
2026-08-16T11:47:24.000Z,M20-403-2-02857,1470916044,43.86822,4.42476,10032.6,4.4,3.3,354.8,-39.4,21.2,282.2,0x20,405.002,11.4,2250,-1,2.6,,
2026-08-16T11:47:25.000Z,M20-403-2-02857,1470916045,43.86824,4.42475,10037.4,5.5,2.8,348.5,-39.4,21.2,282.0,0x20,405.002,11.4,2250,-1,2.6,,
2026-08-16T11:47:26.000Z,M20-403-2-02857,1470916046,43.86827,4.42474,10042.8,5.1,2.9,337.3,-39.4,21.1,281.8,0x20,405.002,13.5,1875,-1,2.6,,
2026-08-16T11:47:27.000Z,M20-403-2-02857,1470916047,43.86829,4.42473,10047.2,3.9,3.1,332.9,-39.4,21.2,281.6,0x20,405.002,13.5,1875,-1,2.6,,
2026-08-16T11:47:28.000Z,M20-403-2-02857,1470916048,43.86832,4.42471,10052.0,6.1,4.8,340.0,-39.5,21.1,281.4,0x20,405.002,12.9,1875,-1,2.6,,
2026-08-16T11:47:29.000Z,M20-403-2-02857,1470916049,43.86836,4.42469,10056.6,3.7,4.6,348.0,-39.5,21.0,281.2,0x20,405.002,12.9,1875,-1,2.6,,
2026-08-16T11:47:30.000Z,M20-403-2-02857,1470916050,43.86840,4.42468,10061.0,5.5,3.0,352.0,-39.5,20.9,281.0,0x20,405.002,9.6,1875,-1,2.6,,
2026-08-16T11:47:31.000Z,M20-403-2-02857,1470916051,43.86842,4.42468,10065.9,4.5,1.4,355.1,-39.6,20.8,280.8,0x20,405.002,4.6,1875,-1,2.6,,
2026-08-16T11:47:32.000Z,M20-403-2-02857,1470916052,43.86842,4.42467,10070.4,5.3,1.0,243.4,-39.6,20.7,280.6,0x20,405.002,3.7,2250,-1,2.6,,
2026-08-16T11:47:33.000Z,M20-403-2-02857,1470916053,43.86842,4.42465,10076.0,5.7,2.5,277.4,-39.7,20.7,280.4,0x20,405.002,6.2,2250,-1,2.6,,
2026-08-16T11:47:34.000Z,M20-403-2-02857,1470916054,43.86843,4.42463,10082.1,6.8,2.1,327.4,-39.8,20.6,280.1,0x20,405.002,12.0,2250,-1,2.6,,
2026-08-16T11:47:35.000Z,M20-403-2-02857,1470916055,43.86845,4.42463,10086.8,3.1,2.7,2.9,-39.7,20.6,279.9,0x20,405.002,12.6,2250,-1,2.6,,
2026-08-16T11:47:36.000Z,M20-403-2-02857,1470916056,43.86848,4.42464,10092.0,7.3,4.1,38.9,-39.8,20.5,279.8,0x20,405.002,12.6,2250,-1,2.6,,
2026-08-16T11:47:37.000Z,M20-403-2-02857,1470916057,43.86850,4.42468,10098.1,5.1,4.1,49.9,-39.9,20.4,279.5,0x20,405.002,12.8,2250,-1,2.6,,
2026-08-16T11:47:38.000Z,M20-403-2-02857,1470916058,43.86853,4.42471,10102.7,4.3,3.5,36.0,-39.9,20.4,279.3,0x20,405.002,12.8,2250,-1,2.6,,
2026-08-16T11:47:39.000Z,M20-403-2-02857,1470916059,43.86856,4.42472,10106.8,4.7,4.2,351.7,-39.9,20.3,279.2,0x20,405.002,11.1,1875,-1,2.6,,
2026-08-16T11:47:40.000Z,M20-403-2-02857,1470916060,43.86860,4.42470,10110.7,3.8,5.3,323.8,-40.0,20.2,278.9,0x20,405.002,11.4,1875,-1,2.6,,
2026-08-16T11:47:41.000Z,M20-403-2-02857,1470916061,43.86863,4.42466,10115.0,5.3,4.5,307.7,-40.0,20.2,278.8,0x20,405.002,12.4,1875,-1,2.6,,
2026-08-16T11:47:42.000Z,M20-403-2-02857,1470916062,43.86865,4.42463,10119.4,4.0,2.2,302.5,-40.0,20.2,278.6,0x20,405.002,12.4,1875,-1,2.6,,
2026-08-16T11:47:43.000Z,M20-403-2-02857,1470916063,43.86866,4.42462,10123.2,3.8,1.1,46.9,-40.0,20.2,278.4,0x20,405.002,12.2,1875,-1,2.6,,
2026-08-16T11:47:44.000Z,M20-403-2-02857,1470916064,43.86867,4.42464,10127.3,4.8,3.6,36.1,-40.1,20.1,278.2,0x20,405.002,3.6,1875,-1,2.6,,
2026-08-16T11:47:45.000Z,M20-403-2-02857,1470916065,43.86870,4.42467,10131.8,4.9,4.4,28.9,-40.1,20.1,278.1,0x20,405.002,2.8,1875,-1,2.6,,
2026-08-16T11:47:46.000Z,M20-403-2-02857,1470916066,43.86874,4.42469,10136.3,4.7,3.2,22.7,-40.2,20.0,277.9,0x20,405.002,2.6,2250,-1,2.6,,
2026-08-16T11:47:47.000Z,M20-403-2-02857,1470916067,43.86876,4.42470,10140.1,3.4,2.8,3.2,-40.2,20.0,277.8,0x20,405.002,12.5,1875,-1,2.6,,
2026-08-16T11:47:48.000Z,M20-403-2-02857,1470916068,43.86879,4.42470,10144.3,5.2,3.0,356.7,-40.2,20.0,277.6,0x20,405.002,13.3,2250,-1,2.6,,
2026-08-16T11:47:49.000Z,M20-403-2-02857,1470916069,43.86882,4.42470,10148.9,4.2,3.0,353.4,-40.3,20.0,277.4,0x20,405.002,13.3,2250,-1,2.6,,
2026-08-16T11:47:50.000Z,M20-403-2-02857,1470916070,43.86885,4.42468,10152.8,4.0,3.7,327.3,-40.3,19.9,277.2,0x20,405.002,13.3,2250,-1,2.6,,
2026-08-16T11:47:51.000Z,M20-403-2-02857,1470916071,43.86887,4.42465,10157.0,4.5,4.0,316.8,-40.3,19.9,277.0,0x20,405.002,12.7,2250,-1,2.6,,
2026-08-16T11:47:52.000Z,M20-403-2-02857,1470916072,43.86890,4.42462,10160.8,3.5,3.4,319.4,-40.4,19.9,276.9,0x20,405.002,12.7,2250,-1,2.6,,
2026-08-16T11:47:53.000Z,M20-403-2-02857,1470916073,43.86892,4.42460,10165.2,5.0,3.3,356.2,-40.4,19.9,276.7,0x20,405.002,12.3,2250,-1,2.6,,
2026-08-16T11:47:54.000Z,M20-403-2-02857,1470916074,43.86896,4.42461,10169.6,3.9,4.2,8.4,-40.4,19.9,276.5,0x20,405.002,12.3,1875,-1,2.6,,
2026-08-16T11:47:55.000Z,M20-403-2-02857,1470916075,43.86899,4.42462,10174.1,4.5,3.8,20.8,-40.4,19.8,276.3,0x20,405.002,11.4,1875,-1,2.6,,
2026-08-16T11:47:56.000Z,M20-403-2-02857,1470916076,43.86901,4.42463,10178.9,5.0,1.7,6.6,-40.5,19.7,276.1,0x20,405.002,10.6,1875,-1,2.6,,
2026-08-16T11:47:57.000Z,M20-403-2-02857,1470916077,43.86903,4.42463,10183.5,4.1,1.7,334.4,-40.5,19.7,275.9,0x20,405.002,3.5,1875,-1,2.6,,
2026-08-16T11:47:58.000Z,M20-403-2-02857,1470916078,43.86904,4.42462,10188.4,5.3,2.2,5.5,-40.6,19.6,275.7,0x20,405.002,3.5,1875,-1,2.6,,
2026-08-16T11:47:59.000Z,M20-403-2-02857,1470916079,43.86907,4.42463,10192.8,3.5,3.1,15.2,-40.6,19.6,275.6,0x20,405.002,8.2,2250,-1,2.6,,
2026-08-16T11:48:00.000Z,M20-403-2-02857,1470916080,43.86909,4.42464,10197.7,6.5,1.6,357.8,-40.7,19.5,275.3,0x20,405.002,10.3,2625,-1,2.6,,
2026-08-16T11:48:01.000Z,M20-403-2-02857,1470916081,43.86910,4.42463,10204.0,6.2,2.2,334.0,-40.8,19.5,275.1,0x20,405.002,11.8,2250,-1,2.6,,
2026-08-16T11:48:02.000Z,M20-403-2-02857,1470916082,43.86912,4.42462,10209.5,4.6,2.4,357.8,-40.8,19.4,274.9,0x20,405.002,12.8,2625,-1,2.6,,
2026-08-16T11:48:03.000Z,M20-403-2-02857,1470916083,43.86915,4.42463,10215.2,6.6,2.9,29.5,-40.8,19.4,274.7,0x20,405.002,12.8,2625,-1,2.6,,
2026-08-16T11:48:04.000Z,M20-403-2-02857,1470916084,43.86917,4.42466,10221.2,5.8,3.8,61.1,-40.9,19.3,274.4,0x20,405.002,12.2,2625,-1,2.6,,
2026-08-16T11:48:05.000Z,M20-403-2-02857,1470916085,43.86918,4.42469,10226.5,5.2,2.8,56.7,-41.0,19.3,274.2,0x20,405.002,13.0,2625,-1,2.6,,
2026-08-16T11:48:06.000Z,M20-403-2-02857,1470916086,43.86920,4.42471,10231.4,4.5,2.3,24.1,-41.0,19.3,274.0,0x20,405.002,13.0,2625,-1,2.6,,
2026-08-16T11:48:07.000Z,M20-403-2-02857,1470916087,43.86921,4.42473,10236.7,6.6,2.5,33.4,-41.1,19.1,273.7,0x20,405.002,11.7,2625,-1,2.6,,
2026-08-16T11:48:08.000Z,M20-403-2-02857,1470916088,43.86923,4.42474,10242.2,4.4,1.7,14.5,-41.1,19.1,273.5,0x20,405.002,12.4,2250,-1,2.6,,
2026-08-16T11:48:09.000Z,M20-403-2-02857,1470916089,43.86924,4.42473,10247.5,6.8,1.6,294.7,-41.2,19.1,273.3,0x20,405.002,12.4,2625,-1,2.6,,
2026-08-16T11:48:10.000Z,M20-403-2-02857,1470916090,43.86924,4.42471,10252.7,3.5,1.9,258.5,-41.2,18.9,273.1,0x20,405.002,3.3,2625,-1,2.6,,
2026-08-16T11:48:11.000Z,M20-403-2-02857,1470916091,43.86925,4.42470,10258.1,7.5,1.0,337.5,-41.2,18.9,272.9,0x20,405.002,3.2,2625,-1,2.6,,
2026-08-16T11:48:12.000Z,M20-403-2-02857,1470916092,43.86926,4.42471,10263.8,3.7,2.6,37.8,-41.3,18.8,272.6,0x20,405.002,5.1,2625,-1,2.6,,
2026-08-16T11:48:13.000Z,M20-403-2-02857,1470916093,43.86928,4.42473,10267.9,4.3,3.5,41.1,-41.3,18.8,272.4,0x20,405.002,11.7,2625,-1,2.6,,
2026-08-16T11:48:14.000Z,M20-403-2-02857,1470916094,43.86930,4.42477,10273.4,6.2,4.4,67.7,-41.3,18.7,272.2,0x20,405.002,11.7,2625,-1,2.6,,
2026-08-16T11:48:15.000Z,M20-403-2-02857,1470916095,43.86931,4.42482,10279.8,6.4,4.7,86.8,-41.4,18.6,271.9,0x20,405.002,10.6,2625,-1,2.6,,
2026-08-16T11:48:16.000Z,M20-403-2-02857,1470916096,43.86931,4.42488,10285.7,5.8,4.2,93.5,-41.4,18.4,271.8,0x20,405.002,9.4,2625,-1,2.6,,
2026-08-16T11:48:17.000Z,M20-403-2-02857,1470916097,43.86929,4.42492,10290.4,3.2,3.6,127.6,-41.5,18.4,271.6,0x20,405.002,9.5,2625,-1,2.6,,
2026-08-16T11:48:18.000Z,M20-403-2-02857,1470916098,43.86927,4.42494,10294.7,5.9,2.1,148.6,-41.5,18.4,271.4,0x20,405.002,9.5,2625,-1,2.6,,
2026-08-16T11:48:19.000Z,M20-403-2-02857,1470916099,43.86927,4.42494,10301.5,7.3,1.2,311.9,-41.6,18.3,271.1,0x20,405.002,7.3,2625,-1,2.6,,
2026-08-16T11:48:20.000Z,M20-403-2-02857,1470916100,43.86928,4.42493,10306.7,3.6,1.7,309.4,-41.6,18.2,270.9,0x20,405.002,9.7,2625,-1,2.6,,
2026-08-16T11:48:21.000Z,M20-403-2-02857,1470916101,43.86929,4.42491,10310.3,3.3,1.2,335.5,-41.6,18.0,270.7,0x20,405.002,11.8,2625,-1,2.6,,
2026-08-16T11:48:22.000Z,M20-403-2-02857,1470916102,43.86930,4.42490,10314.3,4.5,0.7,314.4,-41.6,17.8,270.6,0x20,405.002,11.8,2625,-1,2.6,,
2026-08-16T11:48:23.000Z,M20-403-2-02857,1470916103,43.86930,4.42490,10318.9,4.3,0.7,335.3,-41.7,17.7,270.3,0x20,405.002,3.1,2625,-1,2.6,,
2026-08-16T11:48:24.000Z,M20-403-2-02857,1470916104,43.86931,4.42491,10324.1,6.5,2.0,60.8,-41.7,17.6,270.1,0x20,405.002,3.0,2625,-1,2.6,,
2026-08-16T11:48:25.000Z,M20-403-2-02857,1470916105,43.86932,4.42494,10329.8,3.2,3.0,85.7,-41.8,17.5,269.9,0x20,405.002,4.3,2625,-1,2.6,,
2026-08-16T11:48:26.000Z,M20-403-2-02857,1470916106,43.86932,4.42497,10333.9,4.9,2.0,84.9,-41.8,17.4,269.8,0x20,405.002,11.3,2625,-1,2.6,,
2026-08-16T11:48:27.000Z,M20-403-2-02857,1470916107,43.86932,4.42499,10338.8,4.8,1.6,109.6,-41.8,17.3,269.5,0x20,405.002,12.5,2625,-1,2.6,,
2026-08-16T11:48:28.000Z,M20-403-2-02857,1470916108,43.86932,4.42500,10343.7,4.8,0.2,45.0,-41.9,17.3,269.4,0x20,405.002,12.5,2625,-1,2.6,,
2026-08-16T11:48:29.000Z,M20-403-2-02857,1470916109,43.86932,4.42500,10349.2,5.4,1.8,326.1,-41.9,17.2,269.1,0x20,405.002,10.8,2625,-1,2.6,,
2026-08-16T11:48:31.000Z,M20-403-2-02857,1470916111,43.86935,4.42498,10358.5,4.7,1.4,7.8,-41.9,16.9,268.8,0x20,405.002,12.6,2625,-1,2.6,,
2026-08-16T11:48:32.000Z,M20-403-2-02857,1470916112,43.86937,4.42500,10364.9,7.6,2.6,61.8,-42.0,16.8,268.5,0x20,405.002,12.6,2625,-1,2.6,,
2026-08-16T11:48:33.000Z,M20-403-2-02857,1470916113,43.86938,4.42503,10370.3,2.6,3.0,64.3,-42.0,16.6,268.3,0x20,405.002,14.1,2625,-1,2.6,,
2026-08-16T11:48:34.000Z,M20-403-2-02857,1470916114,43.86939,4.42508,10374.6,5.9,5.5,63.7,-42.1,16.5,268.1,0x20,405.002,14.1,2625,-1,2.6,,
2026-08-16T11:48:35.000Z,M20-403-2-02857,1470916115,43.86942,4.42514,10379.7,4.0,5.3,52.5,-42.2,16.5,267.9,0x20,405.002,11.5,2625,-1,2.6,,
2026-08-16T11:48:36.000Z,M20-403-2-02857,1470916116,43.86945,4.42518,10384.9,6.7,4.0,46.4,-42.2,16.4,267.7,0x20,405.002,5.4,2625,-1,2.6,,
2026-08-16T11:48:37.000Z,M20-403-2-02857,1470916117,43.86947,4.42521,10390.1,4.0,3.2,45.8,-42.2,16.2,267.6,0x20,405.002,3.0,2625,-1,2.6,,
2026-08-16T11:48:38.000Z,M20-403-2-02857,1470916118,43.86948,4.42523,10395.2,6.0,0.9,27.4,-42.2,16.1,267.3,0x20,405.002,5.2,2625,-1,2.6,,
2026-08-16T11:48:39.000Z,M20-403-2-02857,1470916119,43.86949,4.42523,10401.0,6.0,1.3,299.4,-42.3,16.2,267.2,0x20,405.002,10.1,2625,-1,2.6,,
2026-08-16T11:48:40.000Z,M20-403-2-02857,1470916120,43.86950,4.42521,10405.4,3.3,1.7,314.3,-42.3,16.0,267.0,0x20,405.002,10.1,2625,-1,2.6,,
2026-08-16T11:48:41.000Z,M20-403-2-02857,1470916121,43.86951,4.42519,10409.7,5.4,2.9,312.1,-42.3,16.0,266.8,0x20,405.002,9.2,2625,-1,2.6,,
2026-08-16T11:48:42.000Z,M20-403-2-02857,1470916122,43.86953,4.42517,10415.3,5.4,2.0,331.1,-42.4,15.8,266.5,0x20,405.002,9.2,2625,-1,2.6,,
2026-08-16T11:48:43.000Z,M20-403-2-02857,1470916123,43.86954,4.42516,10421.0,5.7,0.7,322.4,-42.4,15.8,266.3,0x20,405.002,10.2,2625,-1,2.6,,
2026-08-16T11:48:44.000Z,M20-403-2-02857,1470916124,43.86954,4.42516,10426.1,4.3,1.0,28.6,-42.5,15.8,266.1,0x20,405.002,10.8,2625,-1,2.6,,
2026-08-16T11:48:45.000Z,M20-403-2-02857,1470916125,43.86955,4.42518,10430.8,5.4,2.8,68.4,-42.5,15.8,266.0,0x20,405.002,11.1,2625,-1,2.6,,
2026-08-16T11:48:46.000Z,M20-403-2-02857,1470916126,43.86956,4.42522,10435.6,4.7,4.7,74.2,-42.6,15.7,265.8,0x20,405.002,11.1,2625,-1,2.6,,
2026-08-16T11:48:47.000Z,M20-403-2-02857,1470916127,43.86957,4.42527,10440.0,4.1,4.1,66.1,-42.6,15.6,265.5,0x20,405.002,11.1,2625,-1,2.6,,
2026-08-16T11:48:48.000Z,M20-403-2-02857,1470916128,43.86959,4.42531,10444.7,5.5,2.7,53.6,-42.7,15.7,265.4,0x20,405.002,10.4,2625,-1,2.6,,
2026-08-16T11:48:50.000Z,M20-403-2-02857,1470916130,43.86963,4.42532,10457.2,3.0,3.5,339.4,-42.7,15.5,264.9,0x20,405.002,4.1,2625,-1,2.6,,
2026-08-16T11:48:51.000Z,M20-403-2-02857,1470916131,43.86966,4.42530,10461.8,6.8,3.6,324.6,-42.7,15.5,264.7,0x20,405.002,9.1,2625,-1,2.6,,
2026-08-16T11:48:52.000Z,M20-403-2-02857,1470916132,43.86968,4.42527,10467.4,4.7,2.1,302.8,-42.8,15.5,264.5,0x20,405.002,9.1,2625,-1,2.6,,
2026-08-16T11:48:53.000Z,M20-403-2-02857,1470916133,43.86969,4.42525,10471.0,3.0,1.8,326.0,-42.8,15.5,264.3,0x20,405.002,13.1,2625,-1,2.6,,
2026-08-16T11:48:54.000Z,M20-403-2-02857,1470916134,43.86970,4.42526,10475.6,5.6,2.1,87.0,-42.9,15.5,264.1,0x20,405.002,13.1,2625,-1,2.6,,
2026-08-16T11:48:55.000Z,M20-403-2-02857,1470916135,43.86970,4.42530,10480.9,5.3,3.6,72.9,-42.9,15.4,263.9,0x20,405.002,11.0,2625,-1,2.6,,
2026-08-16T11:48:56.000Z,M20-403-2-02857,1470916136,43.86972,4.42533,10487.4,7.6,4.0,38.3,-42.9,15.4,263.6,0x20,405.002,11.0,2625,-1,2.6,,
2026-08-16T11:48:57.000Z,M20-403-2-02857,1470916137,43.86975,4.42536,10491.8,1.4,3.6,20.0,-42.9,15.5,263.5,0x20,405.002,8.7,2625,-1,2.6,,
2026-08-16T11:48:58.000Z,M20-403-2-02857,1470916138,43.86979,4.42537,10495.9,6.7,5.6,16.1,-43.0,15.4,263.2,0x20,405.002,14.3,2625,-1,2.6,,
2026-08-16T11:48:59.000Z,M20-403-2-02857,1470916139,43.86984,4.42539,10503.2,7.5,3.7,22.3,-43.1,15.4,263.0,0x20,405.002,14.3,2625,-1,2.6,,
2026-08-16T11:49:00.000Z,M20-403-2-02857,1470916140,43.86986,4.42540,10508.9,3.5,2.1,13.2,-43.1,15.4,262.8,0x20,405.002,9.7,2625,-1,2.6,,
2026-08-16T11:49:01.000Z,M20-403-2-02857,1470916141,43.86988,4.42539,10513.3,5.1,3.4,288.6,-43.1,15.4,262.7,0x20,405.002,9.7,2625,-1,2.6,,
2026-08-16T11:49:02.000Z,M20-403-2-02857,1470916142,43.86989,4.42535,10518.1,4.2,4.0,281.7,-43.2,15.3,262.5,0x20,405.002,9.7,2625,-1,2.6,,
2026-08-16T11:49:03.000Z,M20-403-2-02857,1470916143,43.86989,4.42532,10523.5,6.4,1.2,287.1,-43.2,15.4,262.3,0x20,405.002,3.4,2625,-1,2.6,,
2026-08-16T11:49:04.000Z,M20-403-2-02857,1470916144,43.86990,4.42532,10528.6,3.3,1.8,68.7,-43.2,15.5,262.1,0x20,405.002,5.2,2625,-1,2.6,,
2026-08-16T11:49:05.000Z,M20-403-2-02857,1470916145,43.86991,4.42535,10532.6,4.6,3.7,76.1,-43.2,15.4,261.9,0x20,405.002,10.8,2625,-1,2.6,,
2026-08-16T11:49:06.000Z,M20-403-2-02857,1470916146,43.86992,4.42539,10537.5,4.8,2.8,63.3,-43.3,15.4,261.7,0x20,405.002,12.4,2625,-1,2.6,,
2026-08-16T11:49:07.000Z,M20-403-2-02857,1470916147,43.86993,4.42542,10542.9,5.0,2.7,54.7,-43.3,15.5,261.5,0x20,405.002,12.4,2625,-1,2.6,,
2026-08-16T11:49:08.000Z,M20-403-2-02857,1470916148,43.86995,4.42544,10548.0,4.7,3.2,39.1,-43.3,15.4,261.3,0x20,405.002,13.4,2625,-1,2.6,,
2026-08-16T11:49:09.000Z,M20-403-2-02857,1470916149,43.86996,4.42546,10552.7,4.7,2.3,56.7,-43.4,15.4,261.2,0x20,405.002,13.4,2625,-1,2.6,,
2026-08-16T11:49:10.000Z,M20-403-2-02857,1470916150,43.86997,4.42548,10557.9,5.6,0.9,145.3,-43.4,15.4,260.9,0x20,405.002,13.0,2625,-1,2.6,,
2026-08-16T11:49:11.000Z,M20-403-2-02857,1470916151,43.86996,4.42549,10561.5,1.5,0.7,130.4,-43.4,15.4,260.8,0x20,405.002,13.5,2625,-1,2.6,,
2026-08-16T11:49:12.000Z,M20-403-2-02857,1470916152,43.86997,4.42549,10564.9,4.9,1.5,9.8,-43.5,15.5,260.7,0x20,405.002,13.5,2625,-1,2.6,,
2026-08-16T11:49:13.000Z,M20-403-2-02857,1470916153,43.86998,4.42550,10569.9,4.4,3.1,13.5,-43.6,15.6,260.4,0x20,405.002,13.2,2625,-1,2.6,,
2026-08-16T11:49:14.000Z,M20-403-2-02857,1470916154,43.87001,4.42551,10574.6,4.8,3.5,24.5,-43.6,15.5,260.3,0x20,405.002,12.1,2625,-1,2.6,,
2026-08-16T11:49:15.000Z,M20-403-2-02857,1470916155,43.87003,4.42553,10579.8,5.4,2.3,50.1,-43.7,15.5,260.1,0x20,405.002,3.3,2625,-1,2.6,,
2026-08-16T11:49:16.000Z,M20-403-2-02857,1470916156,43.87004,4.42555,10584.3,3.8,2.2,72.3,-43.7,15.5,259.9,0x20,405.002,3.3,2625,-1,2.6,,
2026-08-16T11:49:17.000Z,M20-403-2-02857,1470916157,43.87005,4.42557,10589.0,5.0,1.3,32.0,-43.7,15.5,259.7,0x20,405.002,6.6,2625,-1,2.6,,
2026-08-16T11:49:18.000Z,M20-403-2-02857,1470916158,43.87006,4.42557,10592.4,2.0,1.8,349.1,-43.7,15.6,259.6,0x20,405.002,11.5,2625,-1,2.6,,
2026-08-16T11:49:19.000Z,M20-403-2-02857,1470916159,43.87009,4.42556,10595.4,4.2,4.3,347.6,-43.7,15.6,259.5,0x20,405.002,13.9,2625,-1,2.6,,
2026-08-16T11:49:20.000Z,M20-403-2-02857,1470916160,43.87014,4.42555,10600.0,4.7,5.2,350.1,-43.8,15.6,259.2,0x20,405.002,13.9,2625,-1,2.6,,
2026-08-16T11:49:21.000Z,M20-403-2-02857,1470916161,43.87018,4.42555,10604.5,4.5,4.2,2.5,-43.8,15.6,259.1,0x20,405.002,13.0,2625,-1,2.6,,
2026-08-16T11:49:22.000Z,M20-403-2-02857,1470916162,43.87021,4.42556,10609.2,4.6,3.0,56.5,-43.9,15.6,258.9,0x20,405.002,13.0,2625,-1,2.6,,
2026-08-16T11:49:23.000Z,M20-403-2-02857,1470916163,43.87022,4.42560,10612.8,2.3,3.3,81.9,-43.8,15.6,258.7,0x20,405.002,14.4,2625,-1,2.6,,
2026-08-16T11:49:24.000Z,M20-403-2-02857,1470916164,43.87022,4.42564,10616.2,4.6,3.9,80.2,-43.9,15.6,258.6,0x20,405.002,14.4,2625,-1,2.6,,
2026-08-16T11:49:25.000Z,M20-403-2-02857,1470916165,43.87023,4.42569,10621.6,5.5,3.6,58.9,-44.0,15.6,258.4,0x20,405.002,11.6,2625,-1,2.6,,
2026-08-16T11:49:26.000Z,M20-403-2-02857,1470916166,43.87025,4.42572,10627.0,5.5,2.6,35.8,-44.0,15.6,258.2,0x20,405.002,8.7,2625,-1,2.6,,
2026-08-16T11:49:27.000Z,M20-403-2-02857,1470916167,43.87026,4.42572,10632.3,4.9,1.4,318.2,-44.0,15.6,258.0,0x20,405.002,8.7,2625,-1,2.6,,
2026-08-16T11:49:28.000Z,M20-403-2-02857,1470916168,43.87027,4.42570,10636.4,3.3,3.6,296.6,-44.1,15.7,257.9,0x20,405.002,3.6,2625,-1,2.6,,
2026-08-16T11:49:29.000Z,M20-403-2-02857,1470916169,43.87029,4.42566,10640.3,4.4,2.9,296.4,-44.1,15.8,257.7,0x20,405.002,3.1,2625,-1,2.6,,
2026-08-16T11:49:30.000Z,M20-403-2-02857,1470916170,43.87031,4.42565,10644.4,3.7,2.2,22.3,-44.1,15.8,257.5,0x20,405.002,7.0,2625,-1,2.6,,
2026-08-16T11:49:31.000Z,M20-403-2-02857,1470916171,43.87032,4.42567,10647.8,2.8,3.8,54.2,-44.1,15.9,257.4,0x20,405.002,9.8,2625,-1,2.6,,
2026-08-16T11:49:32.000Z,M20-403-2-02857,1470916172,43.87035,4.42572,10651.7,4.6,5.4,43.0,-44.2,15.8,257.2,0x20,405.002,10.1,2625,-1,2.6,,
2026-08-16T11:49:33.000Z,M20-403-2-02857,1470916173,43.87039,4.42575,10656.7,5.6,4.9,21.6,-44.2,15.9,257.1,0x20,405.002,10.1,2625,-1,2.6,,
2026-08-16T11:49:35.000Z,M20-403-2-02857,1470916175,43.87044,4.42576,10666.0,6.8,0.9,293.8,-44.3,15.9,256.7,0x20,405.002,8.5,2625,-1,2.6,,
2026-08-16T11:49:36.000Z,M20-403-2-02857,1470916176,43.87043,4.42575,10671.6,4.3,2.3,201.0,-44.4,15.9,256.5,0x20,405.002,11.8,2625,-1,2.6,,
2026-08-16T11:49:37.000Z,M20-403-2-02857,1470916177,43.87041,4.42574,10676.0,3.8,2.1,177.8,-44.4,16.1,256.3,0x20,405.002,12.1,2625,-1,2.6,,
2026-08-16T11:49:38.000Z,M20-403-2-02857,1470916178,43.87040,4.42575,10681.2,6.8,1.2,34.6,-44.4,16.2,256.1,0x20,405.002,12.1,2625,-1,2.6,,
2026-08-16T11:49:39.000Z,M20-403-2-02857,1470916179,43.87042,4.42576,10685.8,3.2,3.4,31.0,-44.4,16.2,256.0,0x20,405.002,11.5,2625,-1,2.6,,
2026-08-16T11:49:40.000Z,M20-403-2-02857,1470916180,43.87045,4.42578,10690.5,6.1,3.4,14.3,-44.4,16.2,255.8,0x20,405.002,10.9,2625,-1,2.6,,
2026-08-16T11:49:41.000Z,M20-403-2-02857,1470916181,43.87047,4.42579,10694.7,2.6,2.6,19.9,-44.5,16.2,255.6,0x20,405.002,3.4,2625,-1,2.6,,
2026-08-16T11:49:42.000Z,M20-403-2-02857,1470916182,43.87049,4.42580,10698.6,5.2,2.7,32.3,-44.5,16.2,255.4,0x20,405.002,3.4,2625,-1,2.6,,
2026-08-16T11:49:43.000Z,M20-403-2-02857,1470916183,43.87052,4.42582,10704.4,6.3,2.8,26.3,-44.6,16.3,255.2,0x20,405.002,3.4,2625,-1,2.6,,
2026-08-16T11:49:44.000Z,M20-403-2-02857,1470916184,43.87053,4.42584,10709.1,3.5,2.3,56.9,-44.6,16.3,255.1,0x20,405.002,9.5,2625,-1,2.6,,
2026-08-16T11:49:45.000Z,M20-403-2-02857,1470916185,43.87053,4.42586,10713.2,5.5,2.2,137.4,-44.6,16.3,254.9,0x20,405.002,11.1,2625,-1,2.6,,
2026-08-16T11:49:46.000Z,M20-403-2-02857,1470916186,43.87051,4.42587,10717.6,3.3,2.7,150.2,-44.6,16.4,254.7,0x20,405.002,11.1,2625,-1,2.6,,
2026-08-16T11:49:47.000Z,M20-403-2-02857,1470916187,43.87050,4.42588,10722.4,6.7,0.9,100.8,-44.7,16.5,254.6,0x20,405.002,12.8,2625,-1,2.6,,
2026-08-16T11:49:48.000Z,M20-403-2-02857,1470916188,43.87051,4.42589,10727.7,4.4,1.8,29.2,-44.7,16.6,254.3,0x20,405.002,12.8,2625,-1,2.6,,
2026-08-16T11:49:49.000Z,M20-403-2-02857,1470916189,43.87052,4.42590,10732.3,4.8,2.1,11.1,-44.8,16.6,254.1,0x20,405.002,12.7,2625,-1,2.6,,
2026-08-16T11:49:50.000Z,M20-403-2-02857,1470916190,43.87055,4.42591,10737.4,5.7,3.2,20.8,-44.8,16.6,254.0,0x20,405.002,12.7,2625,-1,2.6,,
2026-08-16T11:49:51.000Z,M20-403-2-02857,1470916191,43.87057,4.42593,10742.3,4.3,3.2,23.2,-44.9,16.7,253.7,0x20,405.002,13.3,2625,-1,2.6,,
2026-08-16T11:49:52.000Z,M20-403-2-02857,1470916192,43.87060,4.42595,10747.4,5.8,3.0,40.2,-44.9,16.7,253.6,0x20,405.002,13.3,2625,-1,2.6,,
2026-08-16T11:49:53.000Z,M20-403-2-02857,1470916193,43.87061,4.42598,10752.1,3.6,3.3,71.0,-44.9,16.8,253.3,0x20,405.002,12.6,2625,-1,2.6,,
2026-08-16T11:49:54.000Z,M20-403-2-02857,1470916194,43.87061,4.42602,10755.8,3.9,4.3,101.8,-44.9,16.8,253.2,0x20,405.002,3.3,2625,-1,2.6,,
2026-08-16T11:49:55.000Z,M20-403-2-02857,1470916195,43.87060,4.42607,10759.9,4.2,3.2,123.1,-45.0,16.9,253.1,0x20,405.002,3.3,2625,-1,2.6,,
2026-08-16T11:49:56.000Z,M20-403-2-02857,1470916196,43.87059,4.42608,10764.3,4.5,1.4,197.8,-45.0,17.0,252.9,0x20,405.002,4.5,2625,-1,2.6,,
2026-08-16T11:49:57.000Z,M20-403-2-02857,1470916197,43.87058,4.42606,10768.2,3.4,2.6,273.1,-45.1,17.1,252.8,0x20,405.002,12.6,2625,-1,2.6,,
2026-08-16T11:49:58.000Z,M20-403-2-02857,1470916198,43.87058,4.42604,10771.7,3.5,2.0,303.5,-45.1,17.1,252.6,0x20,405.002,12.6,2625,-1,2.6,,
2026-08-16T11:49:59.000Z,M20-403-2-02857,1470916199,43.87060,4.42603,10775.9,5.0,2.4,17.4,-45.2,17.2,252.4,0x20,405.002,11.6,2625,-1,2.6,,
2026-08-16T11:50:00.000Z,M20-403-2-02857,1470916200,43.87062,4.42605,10780.2,3.5,3.5,56.1,-45.2,17.2,252.3,0x20,405.002,13.6,2625,-1,2.6,,
2026-08-16T11:50:01.000Z,M20-403-2-02857,1470916201,43.87064,4.42609,10784.2,4.3,2.7,57.5,-45.2,17.2,252.1,0x20,405.002,13.6,2625,-1,2.6,,
2026-08-16T11:50:02.000Z,M20-403-2-02857,1470916202,43.87065,4.42611,10788.6,4.4,1.9,77.1,-45.2,17.3,251.9,0x20,405.002,10.1,2625,-1,2.6,,
2026-08-16T11:50:03.000Z,M20-403-2-02857,1470916203,43.87065,4.42613,10793.3,5.1,1.4,65.8,-45.2,17.3,251.8,0x20,405.002,11.7,2625,-1,2.6,,
2026-08-16T11:50:04.000Z,M20-403-2-02857,1470916204,43.87065,4.42616,10798.6,5.8,2.8,81.2,-45.3,17.4,251.6,0x20,405.002,12.9,2625,-1,2.6,,
2026-08-16T11:50:05.000Z,M20-403-2-02857,1470916205,43.87066,4.42619,10803.6,4.4,3.1,88.3,-45.3,17.5,251.5,0x20,405.002,12.9,2625,-1,2.6,,
2026-08-16T11:50:06.000Z,M20-403-2-02857,1470916206,43.87066,4.42622,10808.5,5.5,1.0,100.6,-45.4,17.5,251.3,0x20,405.002,13.1,2625,-1,2.6,,
2026-08-16T11:50:07.000Z,M20-403-2-02857,1470916207,43.87066,4.42623,10812.7,3.7,0.1,260.5,-45.4,17.6,251.1,0x20,405.002,4.2,2625,-1,2.6,,
2026-08-16T11:50:08.000Z,M20-403-2-02857,1470916208,43.87066,4.42623,10817.1,4.8,1.1,107.0,-45.5,17.6,250.9,0x20,405.002,4.2,2625,-1,2.6,,
2026-08-16T11:50:09.000Z,M20-403-2-02857,1470916209,43.87066,4.42624,10822.3,6.4,1.5,103.8,-45.5,17.7,250.8,0x20,405.002,2.8,2625,-1,2.6,,
2026-08-16T11:50:10.000Z,M20-403-2-02857,1470916210,43.87066,4.42625,10827.3,4.2,0.3,63.4,-45.6,17.8,250.6,0x20,405.002,9.6,2625,-1,2.6,,
2026-08-16T11:50:11.000Z,M20-403-2-02857,1470916211,43.87067,4.42626,10832.9,7.3,1.6,18.5,-45.6,17.8,250.4,0x20,405.002,10.2,2625,-1,2.6,,
2026-08-16T11:50:12.000Z,M20-403-2-02857,1470916212,43.87069,4.42627,10838.6,5.0,3.6,38.9,-45.7,17.9,250.2,0x20,405.002,13.7,2625,-1,2.6,,
2026-08-16T11:50:13.000Z,M20-403-2-02857,1470916213,43.87071,4.42630,10841.7,2.7,3.0,31.7,-45.7,18.0,250.0,0x20,405.002,13.7,2625,-1,2.6,,
2026-08-16T11:50:14.000Z,M20-403-2-02857,1470916214,43.87074,4.42631,10846.2,6.9,3.6,14.6,-45.7,18.0,249.8,0x20,405.002,11.2,2625,-1,2.6,,
2026-08-16T11:50:15.000Z,M20-403-2-02857,1470916215,43.87078,4.42631,10851.7,4.3,3.4,359.8,-45.7,18.1,249.6,0x20,405.002,11.7,2625,-1,2.6,,
2026-08-16T11:50:16.000Z,M20-403-2-02857,1470916216,43.87080,4.42631,10856.6,6.2,1.3,332.1,-45.8,18.2,249.4,0x20,405.002,13.6,2625,-1,2.6,,
2026-08-16T11:50:17.000Z,M20-403-2-02857,1470916217,43.87080,4.42631,10861.7,5.0,0.7,92.6,-45.8,18.2,249.2,0x20,405.002,13.6,2625,-1,2.6,,
2026-08-16T11:50:18.000Z,M20-403-2-02857,1470916218,43.87080,4.42633,10865.7,4.0,1.6,91.0,-45.9,18.3,249.1,0x20,405.002,12.4,2625,-1,2.6,,
2026-08-16T11:50:19.000Z,M20-403-2-02857,1470916219,43.87080,4.42636,10869.3,3.1,3.7,79.2,-45.9,18.4,248.9,0x20,405.002,13.5,2625,-1,2.6,,
2026-08-16T11:50:20.000Z,M20-403-2-02857,1470916220,43.87081,4.42640,10873.7,5.3,3.7,71.8,-46.0,18.5,248.7,0x20,405.002,13.5,2625,-1,2.6,,
2026-08-16T11:50:21.000Z,M20-403-2-02857,1470916221,43.87083,4.42643,10878.0,4.0,2.0,41.5,-46.0,18.7,248.6,0x20,405.002,3.8,2625,-1,2.6,,
2026-08-16T11:50:22.000Z,M20-403-2-02857,1470916222,43.87085,4.42644,10882.7,5.4,3.2,343.5,-46.1,18.7,248.4,0x20,405.002,3.8,2625,-1,2.6,,
2026-08-16T11:50:23.000Z,M20-403-2-02857,1470916223,43.87087,4.42642,10886.4,1.9,3.9,329.7,-46.1,18.8,248.2,0x20,405.002,8.8,2625,-1,2.6,,
2026-08-16T11:50:24.000Z,M20-403-2-02857,1470916224,43.87089,4.42639,10890.2,5.9,2.5,293.7,-46.1,18.9,248.1,0x20,405.002,13.3,2625,-1,2.6,,
2026-08-16T11:50:25.000Z,M20-403-2-02857,1470916225,43.87089,4.42637,10895.4,4.2,1.3,224.0,-46.2,19.1,247.9,0x20,405.002,13.3,2625,-1,2.6,,
2026-08-16T11:50:26.000Z,M20-403-2-02857,1470916226,43.87089,4.42637,10899.9,5.0,0.7,165.2,-46.2,19.2,247.8,0x20,405.002,12.0,2625,-1,2.6,,
2026-08-16T11:50:27.000Z,M20-403-2-02857,1470916227,43.87089,4.42638,10904.8,4.7,2.1,50.5,-46.2,19.4,247.6,0x20,405.002,12.0,2625,-1,2.6,,
2026-08-16T11:50:28.000Z,M20-403-2-02857,1470916228,43.87091,4.42640,10908.1,2.2,2.7,37.7,-46.2,19.6,247.4,0x20,405.002,12.6,2625,-1,2.6,,
2026-08-16T11:50:29.000Z,M20-403-2-02857,1470916229,43.87092,4.42642,10912.0,5.5,2.1,44.6,-46.3,19.7,247.3,0x20,405.002,13.4,2625,-1,2.6,,
2026-08-16T11:50:30.000Z,M20-403-2-02857,1470916230,43.87093,4.42643,10916.7,3.9,0.9,94.9,-46.3,19.8,247.1,0x20,405.002,13.4,2625,-1,2.6,,
2026-08-16T11:50:31.000Z,M20-403-2-02857,1470916231,43.87093,4.42643,10921.0,4.6,1.2,313.6,-46.4,20.0,246.9,0x20,405.002,12.0,2625,-1,2.6,,
2026-08-16T11:50:32.000Z,M20-403-2-02857,1470916232,43.87095,4.42642,10925.1,3.6,2.9,326.9,-46.4,20.2,246.7,0x20,405.002,12.0,2625,-1,2.6,,
2026-08-16T11:50:33.000Z,M20-403-2-02857,1470916233,43.87097,4.42640,10929.0,4.2,3.3,339.6,-46.5,20.3,246.6,0x20,405.002,3.3,2625,-1,2.6,,
2026-08-16T11:50:34.000Z,M20-403-2-02857,1470916234,43.87100,4.42640,10933.6,4.9,2.1,22.1,-46.5,20.4,246.4,0x20,405.002,3.4,2625,-1,2.6,,
2026-08-16T11:50:35.000Z,M20-403-2-02857,1470916235,43.87101,4.42642,10937.9,3.7,2.4,72.7,-46.6,20.5,246.3,0x20,405.002,3.4,2625,-1,2.6,,
2026-08-16T11:50:36.000Z,M20-403-2-02857,1470916236,43.87102,4.42644,10941.3,3.3,1.9,73.3,-46.5,20.6,246.2,0x20,405.002,10.2,2625,-1,2.6,,
2026-08-16T11:50:37.000Z,M20-403-2-02857,1470916237,43.87103,4.42645,10945.4,4.8,1.5,350.6,-46.6,20.7,246.0,0x20,405.002,13.5,2625,-1,2.6,,
2026-08-16T11:50:38.000Z,M20-403-2-02857,1470916238,43.87104,4.42644,10949.8,4.0,3.0,322.5,-46.6,20.8,245.8,0x20,405.002,13.5,2625,-1,2.6,,
2026-08-16T11:50:39.000Z,M20-403-2-02857,1470916239,43.87107,4.42642,10954.2,4.7,2.9,319.5,-46.7,20.8,245.7,0x20,405.002,13.6,2625,-1,2.6,,
2026-08-16T11:50:40.000Z,M20-403-2-02857,1470916240,43.87108,4.42640,10958.7,3.9,1.7,329.6,-46.7,20.9,245.5,0x20,405.002,13.6,2625,-1,2.6,,
2026-08-16T11:50:41.000Z,M20-403-2-02857,1470916241,43.87109,4.42638,10963.0,4.6,2.0,317.1,-46.7,20.9,245.4,0x20,405.002,11.5,2625,-1,2.6,,
2026-08-16T11:50:42.000Z,M20-403-2-02857,1470916242,43.87111,4.42636,10967.1,3.6,2.7,312.1,-46.7,20.9,245.2,0x20,405.002,11.0,2625,-1,2.6,,
2026-08-16T11:50:43.000Z,M20-403-2-02857,1470916243,43.87113,4.42635,10972.0,5.8,2.2,353.1,-46.8,21.0,245.0,0x20,405.002,11.8,2625,-1,2.6,,
2026-08-16T11:50:44.000Z,M20-403-2-02857,1470916244,43.87115,4.42635,10976.0,2.3,2.9,12.3,-46.8,21.0,244.9,0x20,405.002,11.8,2625,-1,2.6,,
2026-08-16T11:50:45.000Z,M20-403-2-02857,1470916245,43.87118,4.42636,10979.5,4.6,3.0,14.9,-46.8,21.1,244.8,0x20,405.002,11.4,2625,-1,2.6,,
2026-08-16T11:50:46.000Z,M20-403-2-02857,1470916246,43.87121,4.42636,10984.0,4.2,2.8,350.3,-46.8,21.1,244.6,0x20,405.002,3.6,2625,-1,2.6,,
2026-08-16T11:50:47.000Z,M20-403-2-02857,1470916247,43.87123,4.42635,10988.3,4.2,2.3,333.7,-46.9,21.2,244.5,0x20,405.002,3.2,2625,-1,2.6,,
2026-08-16T11:50:48.000Z,M20-403-2-02857,1470916248,43.87124,4.42634,10992.9,5.0,1.2,341.3,-46.9,21.2,244.3,0x20,405.002,3.1,2625,-1,2.6,,
2026-08-16T11:50:49.000Z,M20-403-2-02857,1470916249,43.87125,4.42634,10996.9,3.5,1.2,348.0,-46.9,21.4,244.2,0x20,405.002,12.2,2625,-1,2.6,,
2026-08-16T11:50:50.000Z,M20-403-2-02857,1470916250,43.87127,4.42633,11000.8,4.2,3.1,332.8,-47.0,21.5,244.0,0x20,405.002,12.5,2625,-1,2.6,,
2026-08-16T11:50:51.000Z,M20-403-2-02857,1470916251,43.87130,4.42631,11005.0,3.8,3.9,334.4,-47.0,21.7,243.8,0x20,405.002,12.5,2625,-1,2.6,,
2026-08-16T11:50:52.000Z,M20-403-2-02857,1470916252,43.87133,4.42629,11009.5,5.1,3.1,343.4,-47.0,21.9,243.7,0x20,405.002,13.2,2625,-1,2.6,,
2026-08-16T11:50:53.000Z,M20-403-2-02857,1470916253,43.87135,4.42629,11014.0,3.5,2.1,6.0,-47.0,22.0,243.5,0x20,405.002,14.1,2625,-1,2.6,,
2026-08-16T11:50:54.000Z,M20-403-2-02857,1470916254,43.87137,4.42629,11018.6,5.7,2.7,356.6,-47.1,22.1,243.4,0x20,405.002,14.1,2625,-1,2.6,,
2026-08-16T11:50:55.000Z,M20-403-2-02857,1470916255,43.87140,4.42629,11023.2,3.7,3.7,349.2,-47.1,22.1,243.2,0x20,405.002,12.6,2625,-1,2.6,,
2026-08-16T11:50:56.000Z,M20-403-2-02857,1470916256,43.87143,4.42628,11026.9,4.0,3.1,343.6,-47.1,22.1,243.1,0x20,405.002,13.0,2625,-1,2.6,,
2026-08-16T11:50:57.000Z,M20-403-2-02857,1470916257,43.87145,4.42627,11030.6,3.6,1.8,340.2,-47.1,22.0,242.9,0x20,405.002,13.0,2625,-1,2.6,,
2026-08-16T11:50:58.000Z,M20-403-2-02857,1470916258,43.87147,4.42626,11034.0,3.3,1.4,352.9,-47.1,22.0,242.8,0x20,405.002,12.2,2625,-1,2.6,,
2026-08-16T11:50:59.000Z,M20-403-2-02857,1470916259,43.87148,4.42626,11038.0,4.7,2.9,342.0,-47.2,22.0,242.6,0x20,405.002,7.9,2625,-1,2.6,,
2026-08-16T11:51:00.000Z,M20-403-2-02857,1470916260,43.87151,4.42625,11042.5,4.3,3.5,344.0,-47.1,21.9,242.5,0x20,405.002,2.7,2625,-1,2.6,,
2026-08-16T11:51:01.000Z,M20-403-2-02857,1470916261,43.87154,4.42624,11047.6,6.0,2.3,346.2,-47.2,21.9,242.3,0x20,405.002,3.1,2625,-1,2.6,,
2026-08-16T11:51:02.000Z,M20-403-2-02857,1470916262,43.87156,4.42624,11051.5,2.2,2.2,0.0,-47.2,21.8,242.1,0x20,405.002,11.1,2625,-1,2.6,,
2026-08-16T11:51:03.000Z,M20-403-2-02857,1470916263,43.87158,4.42624,11055.0,5.2,2.7,348.8,-47.2,21.9,242.0,0x20,405.002,11.5,2625,-1,2.6,,
2026-08-16T11:51:04.000Z,M20-403-2-02857,1470916264,43.87160,4.42622,11060.2,5.6,3.2,341.2,-47.3,21.9,241.8,0x20,405.002,11.5,2625,-1,2.6,,
2026-08-16T11:51:05.000Z,M20-403-2-02857,1470916265,43.87163,4.42621,11064.8,4.0,3.2,347.5,-47.3,21.8,241.6,0x20,405.002,12.6,2625,-1,2.6,,
2026-08-16T11:51:06.000Z,M20-403-2-02857,1470916266,43.87165,4.42621,11069.2,5.1,1.9,14.0,-47.3,21.8,241.5,0x20,405.002,12.6,2625,-1,2.6,,
2026-08-16T11:51:07.000Z,M20-403-2-02857,1470916267,43.87167,4.42623,11073.2,3.0,1.9,36.3,-47.4,21.9,241.3,0x20,405.002,10.5,2625,-1,2.6,,
2026-08-16T11:51:08.000Z,M20-403-2-02857,1470916268,43.87169,4.42624,11076.9,4.5,3.0,7.6,-47.5,22.0,241.2,0x20,405.002,10.8,2625,-1,2.6,,
2026-08-16T11:51:09.000Z,M20-403-2-02857,1470916269,43.87172,4.42624,11080.9,3.4,4.3,350.4,-47.5,22.0,241.0,0x20,405.002,11.0,2625,-1,2.6,,
2026-08-16T11:51:10.000Z,M20-403-2-02857,1470916270,43.87176,4.42622,11084.7,4.6,4.5,339.5,-47.6,22.1,240.9,0x20,405.002,11.0,2625,-1,2.6,,
2026-08-16T11:51:11.000Z,M20-403-2-02857,1470916271,43.87179,4.42621,11089.0,4.4,3.8,340.8,-47.6,22.2,240.7,0x20,405.002,8.9,2625,-1,2.6,,
2026-08-16T11:51:12.000Z,M20-403-2-02857,1470916272,43.87182,4.42619,11092.9,3.4,2.7,338.7,-47.6,22.2,240.6,0x20,405.002,4.7,2625,-1,2.6,,
2026-08-16T11:51:13.000Z,M20-403-2-02857,1470916273,43.87184,4.42617,11097.1,5.1,2.9,321.7,-47.7,22.4,240.4,0x20,405.002,3.2,2625,-1,2.5,,
2026-08-16T11:51:14.000Z,M20-403-2-02857,1470916274,43.87186,4.42615,11101.2,3.2,3.6,325.1,-47.7,22.5,240.3,0x20,405.002,3.3,2625,-1,2.6,,
2026-08-16T11:51:15.000Z,M20-403-2-02857,1470916275,43.87190,4.42614,11105.0,4.5,4.6,357.3,-47.7,22.6,240.2,0x20,405.002,11.2,2625,-1,2.6,,
2026-08-16T11:51:16.000Z,M20-403-2-02857,1470916276,43.87194,4.42614,11108.7,3.0,5.3,12.6,-47.7,22.8,240.0,0x20,405.002,12.8,2625,-1,2.6,,
2026-08-16T11:51:17.000Z,M20-403-2-02857,1470916277,43.87198,4.42615,11112.8,5.5,4.2,12.0,-47.7,22.9,239.8,0x20,405.002,12.8,2625,-1,2.6,,
2026-08-16T11:51:18.000Z,M20-403-2-02857,1470916278,43.87202,4.42616,11116.8,2.6,3.7,354.8,-47.7,23.0,239.7,0x20,405.002,11.6,2625,-1,2.6,,
2026-08-16T11:51:19.000Z,M20-403-2-02857,1470916279,43.87205,4.42615,11121.4,6.3,3.5,341.1,-47.8,23.1,239.5,0x20,405.002,11.7,2625,-1,2.6,,
2026-08-16T11:51:20.000Z,M20-403-2-02857,1470916280,43.87208,4.42614,11126.0,2.9,3.6,348.6,-47.8,23.3,239.3,0x20,405.002,11.7,2625,-1,2.6,,
2026-08-16T11:51:21.000Z,M20-403-2-02857,1470916281,43.87211,4.42613,11129.9,4.8,3.1,352.3,-47.9,23.4,239.2,0x20,405.002,13.4,2625,-1,2.6,,
2026-08-16T11:51:22.000Z,M20-403-2-02857,1470916282,43.87213,4.42612,11134.5,4.4,2.6,349.3,-47.9,23.5,239.0,0x20,405.002,13.4,2625,-1,2.6,,
2026-08-16T11:51:23.000Z,M20-403-2-02857,1470916283,43.87216,4.42612,11138.9,4.2,3.5,355.6,-47.9,23.6,238.8,0x20,405.002,10.0,2625,-1,2.5,,
2026-08-16T11:51:24.000Z,M20-403-2-02857,1470916284,43.87220,4.42612,11143.6,5.4,5.8,2.8,-47.9,23.8,238.7,0x20,405.002,10.0,2625,-1,2.6,,
2026-08-16T11:51:25.000Z,M20-403-2-02857,1470916285,43.87226,4.42612,11148.2,3.7,6.8,1.2,-48.0,23.9,238.5,0x20,405.002,4.7,2625,-1,2.6,,
2026-08-16T11:51:26.000Z,M20-403-2-02857,1470916286,43.87232,4.42611,11152.7,5.4,6.5,344.8,-48.0,23.9,238.3,0x20,405.002,2.7,2625,-1,2.6,,
2026-08-16T11:51:27.000Z,M20-403-2-02857,1470916287,43.87236,4.42608,11157.6,4.5,5.8,327.6,-48.1,24.0,238.2,0x20,405.002,3.0,2625,-1,2.6,,
2026-08-16T11:51:28.000Z,M20-403-2-02857,1470916288,43.87241,4.42604,11161.6,3.6,6.8,322.6,-48.1,24.1,238.1,0x20,405.002,11.2,2625,-1,2.5,,
2026-08-16T11:51:29.000Z,M20-403-2-02857,1470916289,43.87246,4.42599,11165.8,4.7,6.9,330.3,-48.2,24.3,237.9,0x20,405.002,11.3,2625,-1,2.6,,
2026-08-16T11:51:30.000Z,M20-403-2-02857,1470916290,43.87251,4.42596,11170.5,4.8,6.0,349.9,-48.2,24.4,237.7,0x20,405.002,11.7,2625,-1,2.5,,
2026-08-16T11:51:31.000Z,M20-403-2-02857,1470916291,43.87256,4.42597,11175.1,4.5,4.2,18.3,-48.2,24.5,237.6,0x20,405.002,12.2,2625,-1,2.6,,
2026-08-16T11:51:32.000Z,M20-403-2-02857,1470916292,43.87259,4.42599,11178.5,2.5,3.5,42.8,-48.2,24.5,237.4,0x20,405.002,13.3,2625,-1,2.6,,
2026-08-16T11:51:33.000Z,M20-403-2-02857,1470916293,43.87261,4.42602,11181.8,4.0,4.1,43.9,-48.2,24.7,237.3,0x20,405.002,13.3,2625,-1,2.5,,
2026-08-16T11:51:34.000Z,M20-403-2-02857,1470916294,43.87264,4.42605,11186.1,4.8,5.1,28.1,-48.3,24.9,237.1,0x20,405.002,13.0,2625,-1,2.5,,
2026-08-16T11:51:35.000Z,M20-403-2-02857,1470916295,43.87269,4.42607,11190.5,3.8,5.9,5.0,-48.3,24.9,237.0,0x20,405.002,12.2,2625,-1,2.6,,
2026-08-16T11:51:36.000Z,M20-403-2-02857,1470916296,43.87275,4.42606,11194.3,3.6,6.7,342.7,-48.3,25.0,236.8,0x20,405.002,12.0,2625,-1,2.5,,
2026-08-16T11:51:37.000Z,M20-403-2-02857,1470916297,43.87280,4.42603,11197.9,3.7,7.4,324.6,-48.3,25.0,236.7,0x20,405.002,12.0,2625,-1,2.5,,
2026-08-16T11:51:38.000Z,M20-403-2-02857,1470916298,43.87285,4.42597,11202.2,4.9,6.9,325.6,-48.4,25.2,236.5,0x20,405.002,3.5,2625,-1,2.6,,
2026-08-16T11:51:39.000Z,M20-403-2-02857,1470916299,43.87290,4.42594,11206.9,4.6,6.1,344.9,-48.4,25.3,236.3,0x20,405.002,3.1,2625,-1,2.6,,
2026-08-16T11:51:40.000Z,M20-403-2-02857,1470916300,43.87295,4.42593,11210.5,2.4,5.9,11.7,-48.4,25.4,236.2,0x20,405.002,3.1,2625,-1,2.5,,
2026-08-16T11:51:41.000Z,M20-403-2-02857,1470916301,43.87300,4.42597,11213.8,3.2,5.5,41.3,-48.4,25.4,236.1,0x20,405.002,10.2,2625,-1,2.5,,
2026-08-16T11:51:42.000Z,M20-403-2-02857,1470916302,43.87303,4.42601,11217.7,4.1,5.0,55.8,-48.4,25.6,236.0,0x20,405.002,14.4,2625,-1,2.5,,
2026-08-16T11:51:43.000Z,M20-403-2-02857,1470916303,43.87306,4.42605,11222.5,5.1,4.0,34.7,-48.4,25.8,235.8,0x20,405.002,14.4,2625,-1,2.5,,
2026-08-16T11:51:44.000Z,M20-403-2-02857,1470916304,43.87310,4.42607,11227.9,5.8,5.9,356.1,-48.5,25.9,235.6,0x20,405.002,11.8,2625,-1,2.5,,
2026-08-16T11:51:45.000Z,M20-403-2-02857,1470916305,43.87316,4.42605,11232.1,2.4,7.6,342.6,-48.5,26.0,235.5,0x20,405.002,11.8,2625,-1,2.5,,
2026-08-16T11:51:46.000Z,M20-403-2-02857,1470916306,43.87323,4.42602,11234.0,1.4,9.0,341.5,-48.5,26.1,235.4,0x20,405.002,12.4,2625,-1,2.5,,
2026-08-16T11:51:47.000Z,M20-403-2-02857,1470916307,43.87330,4.42599,11237.3,5.4,7.9,349.5,-48.5,26.2,235.3,0x20,405.002,12.4,2625,-1,2.5,,
2026-08-16T11:51:48.000Z,M20-403-2-02857,1470916308,43.87336,4.42598,11242.0,4.1,6.5,357.8,-48.6,26.3,235.1,0x20,405.002,13.8,2625,-1,2.5,,
2026-08-16T11:51:49.000Z,M20-403-2-02857,1470916309,43.87342,4.42598,11246.1,4.2,5.8,10.9,-48.6,26.4,235.0,0x20,405.002,13.8,2625,-1,2.5,,
2026-08-16T11:51:50.000Z,M20-403-2-02857,1470916310,43.87347,4.42600,11250.6,5.0,5.5,8.2,-48.7,26.6,234.8,0x20,405.002,12.4,2625,-1,2.5,,
2026-08-16T11:51:51.000Z,M20-403-2-02857,1470916311,43.87352,4.42600,11254.8,3.5,5.0,7.9,-48.8,26.6,234.6,0x20,405.002,12.4,2625,-1,2.5,,
2026-08-16T11:51:52.000Z,M20-403-2-02857,1470916312,43.87356,4.42601,11258.8,4.3,3.5,8.6,-48.8,26.8,234.5,0x20,405.002,3.8,2625,-1,2.5,,
2026-08-16T11:51:53.000Z,M20-403-2-02857,1470916313,43.87358,4.42602,11263.0,4.2,2.4,4.8,-48.9,26.9,234.3,0x20,405.002,3.8,2625,-1,2.5,,
2026-08-16T11:51:54.000Z,M20-403-2-02857,1470916314,43.87361,4.42602,11267.6,5.1,2.7,349.9,-48.9,27.1,234.2,0x20,405.002,8.1,2625,-1,2.5,,
2026-08-16T11:51:55.000Z,M20-403-2-02857,1470916315,43.87364,4.42600,11271.9,3.9,4.2,338.4,-48.9,27.3,234.0,0x20,405.002,10.6,2625,-1,2.5,,
2026-08-16T11:51:56.000Z,M20-403-2-02857,1470916316,43.87369,4.42598,11276.6,5.5,7.7,344.2,-49.0,27.5,233.8,0x20,405.002,11.3,2625,-1,2.5,,
2026-08-16T11:51:57.000Z,M20-403-2-02857,1470916317,43.87376,4.42596,11280.6,2.6,9.4,349.5,-49.0,27.5,233.7,0x20,405.002,12.0,2625,-1,2.5,,
2026-08-16T11:51:58.000Z,M20-403-2-02857,1470916318,43.87384,4.42595,11284.4,5.2,8.8,3.4,-49.0,27.7,233.5,0x20,405.002,13.0,2625,-1,2.5,,
2026-08-16T11:51:59.000Z,M20-403-2-02857,1470916319,43.87391,4.42596,11289.5,4.8,6.4,12.4,-49.0,27.6,233.3,0x20,405.002,13.0,2625,-1,2.5,,
2026-08-16T11:52:00.000Z,M20-403-2-02857,1470916320,43.87396,4.42598,11293.6,3.3,4.6,32.4,-49.1,27.7,233.2,0x20,405.002,15.3,2625,-1,2.5,,
2026-08-16T11:52:01.000Z,M20-403-2-02857,1470916321,43.87399,4.42602,11296.8,3.1,4.8,51.2,-49.1,27.9,233.1,0x20,405.002,15.3,2625,-1,2.5,,
2026-08-16T11:52:02.000Z,M20-403-2-02857,1470916322,43.87402,4.42607,11300.4,4.1,5.5,43.0,-49.1,28.0,232.9,0x20,405.002,12.9,2625,-1,2.5,,
2026-08-16T11:52:03.000Z,M20-403-2-02857,1470916323,43.87407,4.42611,11304.8,4.7,6.9,27.0,-49.2,28.1,232.8,0x20,405.002,12.2,2625,-1,2.5,,
2026-08-16T11:52:04.000Z,M20-403-2-02857,1470916324,43.87412,4.42614,11309.6,5.1,7.2,17.7,-49.2,28.2,232.6,0x20,405.002,6.9,2625,-1,2.5,,
2026-08-16T11:52:05.000Z,M20-403-2-02857,1470916325,43.87418,4.42616,11314.9,5.4,5.8,5.8,-49.3,28.3,232.5,0x20,405.002,3.0,2625,-1,2.5,,
2026-08-16T11:52:06.000Z,M20-403-2-02857,1470916326,43.87423,4.42617,11318.6,1.9,5.8,359.9,-49.3,28.3,232.3,0x20,405.002,3.0,2625,-1,2.5,,
2026-08-16T11:52:07.000Z,M20-403-2-02857,1470916327,43.87429,4.42615,11322.2,5.3,6.8,344.9,-49.3,28.3,232.2,0x20,405.002,8.6,2625,-1,2.5,,
2026-08-16T11:52:08.000Z,M20-403-2-02857,1470916328,43.87435,4.42613,11327.7,5.7,7.4,344.4,-49.4,28.4,232.0,0x20,405.002,12.4,2625,-1,2.5,,
2026-08-16T11:52:09.000Z,M20-403-2-02857,1470916329,43.87441,4.42612,11333.0,4.8,6.3,2.2,-49.5,28.5,231.8,0x20,405.002,14.0,2625,-1,2.5,,
2026-08-16T11:52:10.000Z,M20-403-2-02857,1470916330,43.87446,4.42614,11336.1,1.3,5.9,25.4,-49.4,28.6,231.7,0x20,405.002,14.0,2625,-1,2.5,,
2026-08-16T11:52:11.000Z,M20-403-2-02857,1470916331,43.87450,4.42619,11338.5,3.5,7.4,52.7,-49.4,28.7,231.6,0x20,405.002,13.2,2625,-1,2.5,,
2026-08-16T11:52:12.000Z,M20-403-2-02857,1470916332,43.87455,4.42626,11342.7,4.8,7.4,51.9,-49.5,28.9,231.4,0x20,405.002,13.3,2625,-1,2.5,,
2026-08-16T11:52:13.000Z,M20-403-2-02857,1470916333,43.87459,4.42632,11347.2,4.2,6.7,33.4,-49.5,29.0,231.3,0x20,405.002,13.3,2625,-1,2.5,,
2026-08-16T11:52:14.000Z,M20-403-2-02857,1470916334,43.87465,4.42635,11352.0,5.4,6.6,359.4,-49.6,29.1,231.1,0x20,405.002,13.5,2625,-1,2.5,,
2026-08-16T11:52:15.000Z,M20-403-2-02857,1470916335,43.87471,4.42633,11355.9,2.3,7.1,346.1,-49.6,29.1,231.0,0x20,405.002,13.5,2625,-1,2.5,,
2026-08-16T11:52:16.000Z,M20-403-2-02857,1470916336,43.87476,4.42632,11359.9,5.8,5.9,350.4,-49.7,29.1,230.8,0x20,405.002,13.5,2625,-1,2.5,,
2026-08-16T11:52:17.000Z,M20-403-2-02857,1470916337,43.87481,4.42632,11364.4,3.2,4.7,10.8,-49.7,29.1,230.6,0x20,405.002,7.9,2625,-1,2.5,,
2026-08-16T11:52:18.000Z,M20-403-2-02857,1470916338,43.87484,4.42634,11368.4,4.8,3.5,39.0,-49.7,29.1,230.5,0x20,405.002,7.9,2625,-1,2.5,,
2026-08-16T11:52:19.000Z,M20-403-2-02857,1470916339,43.87486,4.42636,11372.7,3.6,2.8,35.1,-49.7,29.1,230.4,0x20,405.002,3.2,2625,-1,2.5,,
2026-08-16T11:52:20.000Z,M20-403-2-02857,1470916340,43.87489,4.42638,11377.7,6.4,4.0,23.0,-49.8,29.2,230.2,0x20,405.002,11.6,2625,-1,2.5,,
2026-08-16T11:52:21.000Z,M20-403-2-02857,1470916341,43.87493,4.42640,11381.9,2.0,5.5,24.9,-49.8,29.2,230.1,0x20,405.002,11.6,2625,-1,2.5,,
2026-08-16T11:52:22.000Z,M20-403-2-02857,1470916342,43.87498,4.42644,11385.3,4.9,6.2,28.7,-49.9,29.3,229.8,0x20,405.002,10.9,2625,-1,2.5,,
2026-08-16T11:52:23.000Z,M20-403-2-02857,1470916343,43.87503,4.42648,11390.2,5.0,6.8,31.6,-49.8,29.2,229.7,0x20,405.002,9.2,2625,-1,2.5,,
2026-08-16T11:52:24.000Z,M20-403-2-02857,1470916344,43.87508,4.42653,11394.9,4.4,7.8,31.4,-49.9,29.2,229.6,0x20,405.002,9.6,2625,-1,2.5,,
2026-08-16T11:52:25.000Z,M20-403-2-02857,1470916345,43.87515,4.42657,11399.1,4.0,8.5,21.9,-49.9,29.1,229.3,0x20,405.002,10.4,2625,-1,2.5,,
2026-08-16T11:52:26.000Z,M20-403-2-02857,1470916346,43.87522,4.42661,11403.1,4.0,8.7,23.2,-49.9,29.2,229.2,0x20,405.002,11.8,2625,-1,2.5,,
2026-08-16T11:52:27.000Z,M20-403-2-02857,1470916347,43.87529,4.42665,11409.0,7.5,7.0,18.3,-49.9,29.1,229.1,0x20,405.002,11.8,2625,-1,2.5,,
2026-08-16T11:52:28.000Z,M20-403-2-02857,1470916348,43.87534,4.42667,11414.4,3.3,4.7,14.8,-49.9,29.1,228.8,0x20,405.002,12.1,2625,-1,2.5,,
2026-08-16T11:52:29.000Z,M20-403-2-02857,1470916349,43.87537,4.42669,11419.0,5.8,3.7,37.9,-49.9,29.1,228.7,0x20,405.002,12.1,2625,-1,2.5,,
2026-08-16T11:52:30.000Z,M20-403-2-02857,1470916350,43.87539,4.42673,11423.7,3.5,4.4,60.8,-49.9,29.1,228.5,0x20,405.002,12.1,2625,-1,2.5,,
2026-08-16T11:52:31.000Z,M20-403-2-02857,1470916351,43.87541,4.42678,11428.3,5.3,4.8,75.6,-49.9,29.0,228.2,0x20,405.002,3.4,2625,-1,2.5,,
2026-08-16T11:52:32.000Z,M20-403-2-02857,1470916352,43.87542,4.42684,11434.6,7.0,5.2,68.9,-49.9,29.0,228.1,0x20,405.002,3.0,2625,-1,2.5,,
2026-08-16T11:52:33.000Z,M20-403-2-02857,1470916353,43.87545,4.42691,11440.6,5.2,7.6,50.7,-49.9,29.0,227.9,0x20,405.002,12.4,2625,-1,2.5,,
2026-08-16T11:52:34.000Z,M20-403-2-02857,1470916354,43.87550,4.42698,11444.1,1.9,8.9,36.6,-49.9,29.0,227.8,0x20,405.002,12.4,2625,-1,2.5,,
2026-08-16T11:52:35.000Z,M20-403-2-02857,1470916355,43.87557,4.42703,11447.6,4.8,8.1,24.9,-49.9,28.9,227.6,0x20,405.002,13.5,2625,-1,2.5,,
2026-08-16T11:52:36.000Z,M20-403-2-02857,1470916356,43.87562,4.42706,11452.6,5.0,5.4,19.5,-49.9,28.9,227.4,0x20,405.002,14.3,2625,-1,2.5,,
2026-08-16T11:52:37.000Z,M20-403-2-02857,1470916357,43.87567,4.42708,11456.9,2.7,4.0,9.7,-49.9,28.9,227.3,0x20,405.002,14.3,2625,-1,2.5,,
2026-08-16T11:52:38.000Z,M20-403-2-02857,1470916358,43.87570,4.42710,11461.0,4.4,4.5,24.5,-49.9,28.9,227.2,0x20,405.002,13.0,2625,-1,2.5,,
2026-08-16T11:52:39.000Z,M20-403-2-02857,1470916359,43.87574,4.42713,11465.5,3.8,4.9,34.3,-49.9,28.9,227.0,0x20,405.002,13.0,2625,-1,2.5,,
2026-08-16T11:52:40.000Z,M20-403-2-02857,1470916360,43.87577,4.42717,11470.2,5.3,4.6,48.3,-50.0,28.9,226.9,0x20,405.002,13.0,2625,-1,2.5,,
2026-08-16T11:52:41.000Z,M20-403-2-02857,1470916361,43.87579,4.42721,11474.8,3.6,3.8,60.0,-50.0,28.9,226.7,0x20,405.002,14.0,2625,-1,2.5,,
2026-08-16T11:52:42.000Z,M20-403-2-02857,1470916362,43.87581,4.42726,11479.0,5.0,4.5,73.0,-50.0,28.9,226.6,0x20,405.002,14.0,2625,-1,2.5,,
2026-08-16T11:52:43.000Z,M20-403-2-02857,1470916363,43.87582,4.42732,11482.7,3.3,5.3,79.5,-50.0,29.0,226.4,0x20,405.002,12.3,2625,-1,2.5,,
2026-08-16T11:52:44.000Z,M20-403-2-02857,1470916364,43.87583,4.42739,11485.9,3.4,5.3,69.5,-50.0,29.1,226.3,0x20,405.002,3.2,2625,-1,2.5,,
2026-08-16T11:52:45.000Z,M20-403-2-02857,1470916365,43.87586,4.42744,11490.3,5.2,4.2,39.5,-50.0,29.1,226.2,0x20,405.002,3.1,2625,-1,2.5,,
2026-08-16T11:52:46.000Z,M20-403-2-02857,1470916366,43.87588,4.42746,11494.2,2.7,3.6,22.1,-50.0,29.1,226.0,0x20,405.002,6.4,2625,-1,2.5,,
2026-08-16T11:52:47.000Z,M20-403-2-02857,1470916367,43.87591,4.42748,11497.3,4.0,3.5,30.8,-50.1,29.2,225.9,0x20,405.002,9.7,2625,-1,2.5,,
2026-08-16T11:52:48.000Z,M20-403-2-02857,1470916368,43.87594,4.42752,11501.9,5.5,4.7,56.3,-50.1,29.2,225.7,0x20,405.002,10.7,2625,-1,2.5,,
2026-08-16T11:52:50.000Z,M20-403-2-02857,1470916370,43.87599,4.42763,11510.2,5.7,4.9,54.5,-50.2,29.2,225.4,0x20,405.002,7.5,2625,-1,2.5,,
2026-08-16T11:52:51.000Z,M20-403-2-02857,1470916371,43.87601,4.42767,11514.7,3.5,4.4,50.5,-50.2,29.2,225.3,0x20,405.002,10.9,2625,-1,2.5,,
2026-08-16T11:52:52.000Z,M20-403-2-02857,1470916372,43.87603,4.42772,11519.2,5.7,4.8,61.8,-50.2,29.3,225.1,0x20,405.002,10.9,2625,-1,2.5,,
2026-08-16T11:52:53.000Z,M20-403-2-02857,1470916373,43.87606,4.42778,11523.9,4.5,5.4,60.8,-50.3,29.3,225.0,0x20,405.002,11.5,2625,-1,2.5,,
2026-08-16T11:52:54.000Z,M20-403-2-02857,1470916374,43.87608,4.42783,11528.9,5.9,4.1,61.0,-50.3,29.4,224.8,0x20,405.002,11.5,2625,-1,2.5,,
2026-08-16T11:52:55.000Z,M20-403-2-02857,1470916375,43.87610,4.42787,11533.0,2.6,3.7,52.0,-50.3,29.4,224.7,0x20,405.002,10.4,2625,-1,2.5,,
2026-08-16T11:52:56.000Z,M20-403-2-02857,1470916376,43.87612,4.42791,11537.1,5.5,4.4,57.7,-50.4,29.5,224.5,0x20,405.002,4.4,2625,-1,2.5,,
2026-08-16T11:52:57.000Z,M20-403-2-02857,1470916377,43.87614,4.42796,11541.8,4.0,4.7,63.5,-50.4,29.5,224.3,0x20,405.002,3.0,2625,-1,2.5,,
2026-08-16T11:52:58.000Z,M20-403-2-02857,1470916378,43.87616,4.42800,11545.4,3.2,3.8,48.4,-50.4,29.5,224.2,0x20,405.002,3.4,2625,-1,2.5,,
2026-08-16T11:52:59.000Z,M20-403-2-02857,1470916379,43.87618,4.42803,11549.0,4.1,2.7,33.0,-50.4,29.5,224.1,0x20,405.002,9.6,2625,-1,2.5,,
2026-08-16T11:53:00.000Z,M20-403-2-02857,1470916380,43.87620,4.42805,11553.9,5.9,2.8,40.0,-50.5,29.5,223.9,0x20,405.002,10.3,2625,-1,2.5,,
2026-08-16T11:53:01.000Z,M20-403-2-02857,1470916381,43.87622,4.42808,11558.8,3.9,4.2,49.4,-50.6,29.6,223.7,0x20,405.002,11.1,2625,-1,2.5,,
2026-08-16T11:53:02.000Z,M20-403-2-02857,1470916382,43.87624,4.42813,11562.4,3.5,5.4,69.5,-50.5,29.5,223.6,0x20,405.002,13.0,2625,-1,2.5,,
2026-08-16T11:53:03.000Z,M20-403-2-02857,1470916383,43.87625,4.42819,11566.9,5.4,4.9,85.4,-50.6,29.5,223.5,0x20,405.002,13.0,2625,-1,2.5,,
2026-08-16T11:53:04.000Z,M20-403-2-02857,1470916384,43.87626,4.42825,11570.3,1.6,4.2,85.3,-50.6,29.5,223.3,0x20,405.002,11.4,2625,-1,2.5,,
2026-08-16T11:53:05.000Z,M20-403-2-02857,1470916385,43.87626,4.42830,11573.3,4.3,3.8,86.4,-50.6,29.6,223.2,0x20,405.002,12.4,2625,-1,2.5,,
2026-08-16T11:53:06.000Z,M20-403-2-02857,1470916386,43.87626,4.42835,11578.1,5.4,4.3,74.5,-50.7,29.6,223.0,0x20,405.002,12.4,2625,-1,2.5,,
2026-08-16T11:53:07.000Z,M20-403-2-02857,1470916387,43.87628,4.42840,11582.8,4.0,4.3,66.6,-50.7,29.6,222.9,0x20,405.002,10.8,2625,-1,2.5,,
2026-08-16T11:53:08.000Z,M20-403-2-02857,1470916388,43.87630,4.42843,11587.1,5.0,3.1,40.9,-50.8,29.6,222.7,0x20,405.002,9.0,2625,-1,2.5,,
2026-08-16T11:53:09.000Z,M20-403-2-02857,1470916389,43.87632,4.42845,11592.3,5.2,2.6,22.0,-50.8,29.6,222.6,0x20,405.002,9.0,2625,-1,2.5,,
2026-08-16T11:53:10.000Z,M20-403-2-02857,1470916390,43.87634,4.42847,11597.0,4.8,3.1,41.6,-50.8,29.7,222.4,0x20,405.002,4.0,2625,-1,2.5,,
2026-08-16T11:53:11.000Z,M20-403-2-02857,1470916391,43.87636,4.42851,11600.7,2.4,4.6,70.2,-50.8,29.7,222.3,0x20,405.002,4.1,2625,-1,2.5,,
2026-08-16T11:53:12.000Z,M20-403-2-02857,1470916392,43.87636,4.42856,11603.9,4.3,4.2,92.7,-50.8,29.7,222.2,0x20,405.002,9.0,2625,-1,2.5,,
2026-08-16T11:53:13.000Z,M20-403-2-02857,1470916393,43.87636,4.42861,11607.0,2.5,4.0,111.0,-50.9,29.8,222.0,0x20,405.002,9.6,2625,-1,2.5,,
2026-08-16T11:53:14.000Z,M20-403-2-02857,1470916394,43.87635,4.42866,11610.4,4.4,4.8,99.1,-50.9,29.9,221.9,0x20,405.002,9.6,2625,-1,2.5,,
2026-08-16T11:53:15.000Z,M20-403-2-02857,1470916395,43.87635,4.42873,11615.0,4.8,5.4,89.4,-51.0,30.0,221.7,0x20,405.002,10.7,2625,-1,2.5,,
2026-08-16T11:53:16.000Z,M20-403-2-02857,1470916396,43.87635,4.42879,11619.7,4.5,4.9,79.0,-51.0,30.1,221.6,0x20,405.002,10.7,2625,-1,2.5,,
2026-08-16T11:53:17.000Z,M20-403-2-02857,1470916397,43.87636,4.42884,11624.1,4.7,3.0,79.8,-51.0,30.2,221.5,0x20,405.002,8.2,2625,-1,2.5,,
2026-08-16T11:53:18.000Z,M20-403-2-02857,1470916398,43.87636,4.42887,11627.8,2.8,1.6,63.6,-51.0,30.3,221.3,0x20,405.002,9.9,2625,-1,2.5,,
2026-08-16T11:53:19.000Z,M20-403-2-02857,1470916399,43.87637,4.42889,11631.4,4.7,2.3,90.7,-51.1,30.4,221.2,0x20,405.002,11.2,2625,-1,2.5,,
2026-08-16T11:53:20.000Z,M20-403-2-02857,1470916400,43.87637,4.42893,11636.0,4.7,4.1,92.5,-51.1,30.5,221.0,0x20,405.002,11.6,2625,-1,2.5,,
2026-08-16T11:53:21.000Z,M20-403-2-02857,1470916401,43.87637,4.42899,11639.5,2.9,5.1,89.1,-51.1,30.7,220.9,0x20,405.002,11.6,2625,-1,2.5,,
2026-08-16T11:53:22.000Z,M20-403-2-02857,1470916402,43.87637,4.42904,11643.3,4.7,3.9,81.3,-51.2,30.8,220.8,0x20,405.002,3.3,2625,-1,2.5,,
2026-08-16T11:53:23.000Z,M20-403-2-02857,1470916403,43.87637,4.42909,11647.7,3.9,2.5,86.2,-51.2,30.9,220.7,0x20,405.002,3.3,2625,-1,2.5,,
2026-08-16T11:53:24.000Z,M20-403-2-02857,1470916404,43.87638,4.42912,11652.5,5.5,2.8,66.2,-51.3,31.1,220.5,0x20,405.002,2.5,2625,-1,2.5,,
2026-08-16T11:53:25.000Z,M20-403-2-02857,1470916405,43.87639,4.42915,11656.9,3.2,3.6,60.0,-51.3,31.2,220.4,0x20,405.002,8.3,2625,-1,2.5,,
2026-08-16T11:53:26.000Z,M20-403-2-02857,1470916406,43.87640,4.42920,11661.6,6.3,3.6,86.8,-51.3,31.3,220.2,0x20,405.002,8.3,2625,-1,2.5,,
2026-08-16T11:53:27.000Z,M20-403-2-02857,1470916407,43.87640,4.42924,11666.0,3.1,3.1,100.1,-51.4,31.4,220.0,0x20,405.002,9.6,2625,-1,2.5,,
2026-08-16T11:53:28.000Z,M20-403-2-02857,1470916408,43.87639,4.42928,11670.3,5.6,3.9,97.6,-51.4,31.6,219.8,0x20,405.002,10.1,2625,-1,2.5,,
2026-08-16T11:53:29.000Z,M20-403-2-02857,1470916409,43.87639,4.42933,11674.6,2.7,4.0,75.8,-51.4,31.7,219.7,0x20,405.002,11.2,2625,-1,2.5,,
2026-08-16T11:53:30.000Z,M20-403-2-02857,1470916410,43.87640,4.42938,11677.6,3.6,3.5,82.4,-51.4,31.8,219.6,0x20,405.002,11.4,2625,-1,2.5,,
2026-08-16T11:53:31.000Z,M20-403-2-02857,1470916411,43.87640,4.42942,11681.6,4.4,3.6,109.0,-51.5,31.9,219.4,0x20,405.002,11.4,2625,-1,2.5,,
2026-08-16T11:53:32.000Z,M20-403-2-02857,1470916412,43.87638,4.42947,11685.5,3.1,3.4,114.0,-51.5,32.0,219.3,0x20,405.002,10.8,2625,-1,2.5,,
2026-08-16T11:53:33.000Z,M20-403-2-02857,1470916413,43.87638,4.42951,11689.8,5.3,3.6,94.0,-51.5,32.2,219.2,0x20,405.002,10.0,2625,-1,2.5,,
2026-08-16T11:53:34.000Z,M20-403-2-02857,1470916414,43.87638,4.42956,11693.8,2.5,3.8,76.3,-51.6,32.3,219.0,0x20,405.002,11.2,2625,-1,2.5,,
2026-08-16T11:53:35.000Z,M20-403-2-02857,1470916415,43.87639,4.42961,11697.5,4.6,4.2,74.9,-51.6,32.4,218.9,0x20,405.002,11.2,2625,-1,2.5,,
2026-08-16T11:53:36.000Z,M20-403-2-02857,1470916416,43.87639,4.42966,11702.0,4.3,3.7,90.6,-51.6,32.4,218.7,0x20,405.002,3.1,2625,-1,2.5,,
2026-08-16T11:53:37.000Z,M20-403-2-02857,1470916417,43.87639,4.42970,11706.2,4.0,3.4,107.4,-51.6,32.5,218.6,0x20,405.002,3.1,2625,-1,2.5,,
2026-08-16T11:53:38.000Z,M20-403-2-02857,1470916418,43.87638,4.42975,11711.2,5.6,3.4,92.9,-51.7,32.6,218.4,0x20,405.002,7.3,2625,-1,2.5,,
2026-08-16T11:53:39.000Z,M20-403-2-02857,1470916419,43.87638,4.42979,11715.7,3.3,3.9,90.9,-51.7,32.7,218.3,0x20,405.002,8.4,2625,-1,2.5,,
2026-08-16T11:53:40.000Z,M20-403-2-02857,1470916420,43.87638,4.42984,11720.3,5.8,4.4,106.2,-51.8,32.7,218.1,0x20,405.002,10.5,2625,-1,2.5,,
2026-08-16T11:53:41.000Z,M20-403-2-02857,1470916421,43.87636,4.42989,11725.1,3.6,4.4,123.5,-51.8,32.8,217.9,0x20,405.002,11.8,2625,-1,2.5,,
2026-08-16T11:53:42.000Z,M20-403-2-02857,1470916422,43.87634,4.42993,11728.8,3.7,3.7,132.3,-51.8,32.8,217.8,0x20,405.002,11.8,2625,-1,2.5,,
2026-08-16T11:53:44.000Z,M20-403-2-02857,1470916424,43.87633,4.42998,11737.9,3.8,2.1,39.6,-51.9,33.0,217.5,0x20,405.002,10.6,2625,-1,2.5,,
2026-08-16T11:53:45.000Z,M20-403-2-02857,1470916425,43.87634,4.43000,11742.7,5.7,1.7,58.1,-51.9,32.9,217.3,0x20,405.002,10.6,2625,-1,2.5,,
2026-08-16T11:53:46.000Z,M20-403-2-02857,1470916426,43.87634,4.43002,11747.1,3.3,2.3,105.2,-52.0,32.9,217.2,0x20,405.002,10.4,2625,-1,2.5,,
2026-08-16T11:53:47.000Z,M20-403-2-02857,1470916427,43.87633,4.43006,11750.5,3.4,3.3,110.9,-51.9,32.9,217.1,0x20,405.002,10.6,2625,-1,2.5,,
2026-08-16T11:53:48.000Z,M20-403-2-02857,1470916428,43.87632,4.43010,11754.6,4.8,3.3,98.3,-52.0,33.0,216.9,0x20,405.002,10.6,2625,-1,2.5,,
2026-08-16T11:53:49.000Z,M20-403-2-02857,1470916429,43.87632,4.43014,11759.0,4.2,3.0,91.1,-52.0,32.9,216.8,0x20,405.002,10.6,2625,-1,2.5,,
2026-08-16T11:53:50.000Z,M20-403-2-02857,1470916430,43.87631,4.43017,11764.8,6.3,3.1,119.8,-52.1,33.0,216.6,0x20,405.002,3.1,2625,-1,2.5,,
2026-08-16T11:53:51.000Z,M20-403-2-02857,1470916431,43.87629,4.43020,11769.4,2.9,3.3,129.4,-52.1,33.0,216.4,0x20,405.002,6.6,2625,-1,2.5,,
2026-08-16T11:53:52.000Z,M20-403-2-02857,1470916432,43.87628,4.43023,11773.5,5.5,1.9,94.1,-52.2,33.0,216.3,0x20,405.002,8.9,2625,-1,2.5,,
2026-08-16T11:53:53.000Z,M20-403-2-02857,1470916433,43.87628,4.43026,11778.6,4.2,2.1,62.9,-52.2,33.0,216.2,0x20,405.002,8.9,2625,-1,2.5,,
2026-08-16T11:53:54.000Z,M20-403-2-02857,1470916434,43.87629,4.43028,11783.3,5.3,2.5,74.4,-52.2,33.0,216.0,0x20,405.002,7.8,2625,-1,2.5,,
2026-08-16T11:53:55.000Z,M20-403-2-02857,1470916435,43.87628,4.43032,11788.2,4.5,3.0,113.7,-52.3,32.9,215.8,0x20,405.002,9.9,2625,-1,2.5,,
2026-08-16T11:53:56.000Z,M20-403-2-02857,1470916436,43.87626,4.43035,11792.9,4.8,4.5,143.9,-52.3,33.0,215.7,0x20,405.002,9.9,2625,-1,2.5,,
2026-08-16T11:53:57.000Z,M20-403-2-02857,1470916437,43.87623,4.43038,11797.8,5.2,3.2,159.8,-52.4,33.0,215.5,0x20,405.002,9.0,2625,-1,2.5,,
2026-08-16T11:53:58.000Z,M20-403-2-02857,1470916438,43.87621,4.43039,11801.6,2.4,2.7,145.1,-52.4,33.1,215.3,0x20,405.002,9.0,2625,-1,2.5,,
2026-08-16T11:53:59.000Z,M20-403-2-02857,1470916439,43.87620,4.43043,11805.7,6.2,4.5,89.5,-52.5,33.1,215.2,0x20,405.002,8.7,2625,-1,2.5,,
2026-08-16T11:54:00.000Z,M20-403-2-02857,1470916440,43.87620,4.43049,11810.5,3.7,5.7,76.4,-52.5,33.1,215.0,0x20,405.002,9.1,2625,-1,2.5,,
2026-08-16T11:54:02.000Z,M20-403-2-02857,1470916442,43.87621,4.43061,11820.0,4.9,3.4,103.1,-52.6,33.1,214.7,0x20,405.002,3.2,2625,-1,2.5,,
2026-08-16T11:54:03.000Z,M20-403-2-02857,1470916443,43.87620,4.43064,11824.5,4.1,2.3,139.3,-52.6,33.2,214.6,0x20,405.002,3.2,2625,-1,2.5,,
2026-08-16T11:54:04.000Z,M20-403-2-02857,1470916444,43.87618,4.43066,11829.2,5.6,2.3,144.9,-52.6,33.2,214.4,0x20,405.002,4.5,2625,-1,2.5,,
2026-08-16T11:54:05.000Z,M20-403-2-02857,1470916445,43.87617,4.43068,11833.4,3.2,2.6,133.9,-52.6,33.2,214.3,0x20,405.002,6.7,2625,-1,2.5,,
2026-08-16T11:54:07.000Z,M20-403-2-02857,1470916447,43.87613,4.43073,11843.0,5.5,3.6,138.0,-52.7,33.3,214.0,0x20,405.002,8.5,2625,-1,2.5,,
2026-08-16T11:54:08.000Z,M20-403-2-02857,1470916448,43.87611,4.43077,11848.2,5.4,4.3,111.3,-52.8,33.4,213.8,0x20,405.002,8.5,2625,-1,2.5,,
2026-08-16T11:54:09.000Z,M20-403-2-02857,1470916449,43.87609,4.43083,11852.1,2.8,5.0,101.2,-52.8,33.5,213.7,0x20,405.002,10.5,2625,-1,2.5,,
2026-08-16T11:54:11.000Z,M20-403-2-02857,1470916451,43.87607,4.43093,11862.2,6.2,3.6,121.7,-52.9,33.6,213.3,0x20,405.002,7.6,2625,-1,2.5,,
2026-08-16T11:54:12.000Z,M20-403-2-02857,1470916452,43.87605,4.43097,11867.4,4.2,3.5,113.5,-53.0,33.7,213.2,0x20,405.002,9.5,2625,-1,2.5,,
2026-08-16T11:54:13.000Z,M20-403-2-02857,1470916453,43.87604,4.43101,11871.1,4.0,3.5,108.2,-53.0,33.7,213.1,0x20,405.002,9.5,2625,-1,2.5,,
2026-08-16T11:54:14.000Z,M20-403-2-02857,1470916454,43.87603,4.43104,11875.1,4.5,2.4,118.8,-53.0,33.8,212.9,0x20,405.002,9.5,2625,-1,2.5,,
2026-08-16T11:54:15.000Z,M20-403-2-02857,1470916455,43.87602,4.43106,11879.1,3.6,1.4,101.0,-53.0,33.8,212.7,0x20,405.002,3.5,2625,-1,2.5,,
2026-08-16T11:54:16.000Z,M20-403-2-02857,1470916456,43.87602,4.43109,11882.9,4.2,2.4,81.9,-53.0,33.9,212.6,0x20,405.002,3.5,2625,-1,2.5,,
2026-08-16T11:54:17.000Z,M20-403-2-02857,1470916457,43.87602,4.43113,11887.4,4.8,4.6,96.2,-53.1,33.9,212.5,0x20,405.002,6.5,2625,-1,2.5,,
2026-08-16T11:54:18.000Z,M20-403-2-02857,1470916458,43.87602,4.43119,11891.5,3.8,4.9,106.1,-53.1,34.0,212.3,0x20,405.002,8.5,2625,-1,2.5,,
2026-08-16T11:54:19.000Z,M20-403-2-02857,1470916459,43.87600,4.43124,11896.0,5.2,3.3,117.7,-53.2,34.1,212.2,0x20,405.002,12.2,2625,-1,2.5,,
2026-08-16T11:54:20.000Z,M20-403-2-02857,1470916460,43.87599,4.43127,11900.1,3.4,2.5,126.2,-53.2,34.1,212.0,0x20,405.002,12.2,2625,-1,2.5,,
2026-08-16T11:54:21.000Z,M20-403-2-02857,1470916461,43.87597,4.43130,11903.9,4.2,3.3,122.2,-53.2,34.2,211.9,0x20,405.002,10.3,2625,-1,2.5,,
2026-08-16T11:54:22.000Z,M20-403-2-02857,1470916462,43.87596,4.43134,11908.7,5.4,4.3,104.7,-53.2,34.3,211.7,0x20,405.002,10.3,2625,-1,2.5,,
2026-08-16T11:54:23.000Z,M20-403-2-02857,1470916463,43.87595,4.43140,11913.8,5.0,4.8,100.9,-53.3,34.3,211.6,0x20,405.002,9.3,2625,-1,2.5,,
2026-08-16T11:54:24.000Z,M20-403-2-02857,1470916464,43.87594,4.43144,11919.0,5.5,3.0,90.4,-53.3,34.4,211.4,0x20,405.002,10.9,2625,-1,2.5,,
2026-08-16T11:54:25.000Z,M20-403-2-02857,1470916465,43.87594,4.43148,11923.1,2.9,2.7,87.0,-53.3,34.4,211.2,0x20,405.002,11.1,2625,-1,2.5,,
2026-08-16T11:54:26.000Z,M20-403-2-02857,1470916466,43.87595,4.43152,11927.7,6.1,4.2,74.9,-53.4,34.5,211.1,0x20,405.002,11.1,2625,-1,2.5,,
2026-08-16T11:54:27.000Z,M20-403-2-02857,1470916467,43.87596,4.43158,11932.9,4.4,5.6,73.3,-53.4,34.5,210.9,0x20,405.002,9.1,2625,-1,2.5,,
2026-08-16T11:54:28.000Z,M20-403-2-02857,1470916468,43.87597,4.43165,11937.3,4.4,5.4,74.5,-53.4,34.5,210.8,0x20,405.002,2.9,2625,-1,2.5,,
2026-08-16T11:54:29.000Z,M20-403-2-02857,1470916469,43.87598,4.43170,11942.5,6.1,3.3,77.8,-53.5,34.6,210.6,0x20,405.002,3.2,2625,-1,2.5,,
2026-08-16T11:54:30.000Z,M20-403-2-02857,1470916470,43.87599,4.43173,11946.6,1.9,2.5,91.4,-53.5,34.7,210.4,0x20,405.002,10.3,2625,-1,2.5,,
2026-08-16T11:54:31.000Z,M20-403-2-02857,1470916471,43.87598,4.43177,11950.8,6.2,3.2,100.3,-53.5,34.7,210.3,0x20,405.002,10.4,2625,-1,2.5,,
2026-08-16T11:54:32.000Z,M20-403-2-02857,1470916472,43.87597,4.43182,11955.9,4.2,4.6,99.2,-53.6,34.7,210.1,0x20,405.002,10.4,2625,-1,2.5,,
2026-08-16T11:54:33.000Z,M20-403-2-02857,1470916473,43.87597,4.43187,11960.5,5.0,4.6,102.5,-53.6,34.8,210.0,0x20,405.002,12.3,2625,-1,2.5,,
2026-08-16T11:54:34.000Z,M20-403-2-02857,1470916474,43.87596,4.43193,11965.3,4.6,4.0,103.0,-53.6,34.8,209.8,0x20,405.002,12.3,2625,-1,2.5,,
2026-08-16T11:54:35.000Z,M20-403-2-02857,1470916475,43.87595,4.43198,11970.3,5.2,3.7,86.7,-53.6,34.9,209.6,0x20,405.002,10.7,2625,-1,2.5,,
2026-08-16T11:54:36.000Z,M20-403-2-02857,1470916476,43.87596,4.43202,11974.5,3.1,4.1,80.9,-53.7,35.0,209.5,0x20,405.002,10.5,2625,-1,2.5,,
2026-08-16T11:54:37.000Z,M20-403-2-02857,1470916477,43.87596,4.43207,11979.5,6.8,3.5,82.8,-53.7,35.0,209.3,0x20,405.002,10.5,2625,-1,2.5,,
2026-08-16T11:54:38.000Z,M20-403-2-02857,1470916478,43.87597,4.43210,11984.6,3.1,2.2,78.4,-53.7,35.0,209.2,0x20,405.002,9.1,2625,-1,2.5,,
2026-08-16T11:54:39.000Z,M20-403-2-02857,1470916479,43.87597,4.43213,11989.1,6.2,3.0,71.1,-53.8,35.0,209.0,0x20,405.002,9.1,2625,-1,2.5,,
2026-08-16T11:54:40.000Z,M20-403-2-02857,1470916480,43.87598,4.43218,11994.2,4.1,4.8,68.1,-53.8,35.0,208.8,0x20,405.002,4.5,2625,-1,2.5,,
2026-08-16T11:54:41.000Z,M20-403-2-02857,1470916481,43.87600,4.43223,11998.3,4.0,4.5,71.6,-53.8,35.0,208.7,0x20,405.002,3.3,2625,-1,2.5,,
2026-08-16T11:54:42.000Z,M20-403-2-02857,1470916482,43.87601,4.43228,12003.0,5.1,3.0,80.4,-53.9,35.1,208.5,0x20,405.002,3.4,2625,-1,2.5,,
2026-08-16T11:54:43.000Z,M20-403-2-02857,1470916483,43.87601,4.43231,12007.1,3.1,2.8,85.7,-53.9,35.1,208.4,0x20,405.002,7.6,2625,-1,2.5,,
2026-08-16T11:54:44.000Z,M20-403-2-02857,1470916484,43.87601,4.43236,12011.4,5.2,4.2,84.2,-53.9,35.2,208.3,0x20,405.002,10.9,2625,-1,2.5,,
2026-08-16T11:54:45.000Z,M20-403-2-02857,1470916485,43.87602,4.43242,12016.4,4.6,6.0,85.5,-54.0,35.2,208.1,0x20,405.002,10.9,2625,-1,2.5,,
2026-08-16T11:54:46.000Z,M20-403-2-02857,1470916486,43.87602,4.43249,12021.0,4.7,5.2,87.2,-54.0,35.2,208.0,0x20,405.002,10.9,2625,-1,2.5,,
2026-08-16T11:54:47.000Z,M20-403-2-02857,1470916487,43.87602,4.43255,12025.0,3.3,4.1,95.7,-54.0,35.2,207.8,0x20,405.002,10.9,2625,-1,2.5,,
2026-08-16T11:54:48.000Z,M20-403-2-02857,1470916488,43.87601,4.43259,12028.8,4.6,3.5,94.1,-54.0,35.3,207.7,0x20,405.002,10.6,2625,-1,2.5,,
2026-08-16T11:54:49.000Z,M20-403-2-02857,1470916489,43.87601,4.43264,12033.2,3.5,4.3,85.1,-54.1,35.3,207.5,0x20,405.002,10.6,2625,-1,2.5,,
2026-08-16T11:54:50.000Z,M20-403-2-02857,1470916490,43.87602,4.43269,12037.8,5.4,4.0,78.6,-54.2,35.3,207.4,0x20,405.002,11.8,2625,-1,2.5,,
2026-08-16T11:54:51.000Z,M20-403-2-02857,1470916491,43.87602,4.43274,12042.7,4.3,2.9,76.2,-54.2,35.4,207.2,0x20,405.002,11.8,2625,-1,2.5,,
2026-08-16T11:54:52.000Z,M20-403-2-02857,1470916492,43.87603,4.43277,12047.0,3.7,2.3,60.0,-54.2,35.5,207.1,0x20,405.002,11.9,2625,-1,2.5,,
2026-08-16T11:54:53.000Z,M20-403-2-02857,1470916493,43.87604,4.43280,12051.3,4.5,3.9,63.1,-54.2,35.5,207.0,0x20,405.002,11.9,2625,-1,2.5,,
2026-08-16T11:54:54.000Z,M20-403-2-02857,1470916494,43.87606,4.43286,12055.8,4.8,5.5,67.5,-54.3,35.6,206.8,0x20,405.002,3.2,2625,-1,2.5,,
2026-08-16T11:54:55.000Z,M20-403-2-02857,1470916495,43.87608,4.43292,12059.4,2.7,5.9,68.5,-54.3,35.7,206.7,0x20,405.002,3.1,2625,-1,2.5,,
2026-08-16T11:54:57.000Z,M20-403-2-02857,1470916497,43.87611,4.43301,12069.4,4.0,2.2,46.1,-54.4,35.8,206.4,0x20,405.002,6.9,2625,-1,2.5,,
2026-08-16T11:54:58.000Z,M20-403-2-02857,1470916498,43.87612,4.43303,12073.9,5.0,1.8,53.1,-54.4,36.0,206.2,0x20,405.002,11.3,2625,-1,2.5,,
2026-08-16T11:54:59.000Z,M20-403-2-02857,1470916499,43.87613,4.43306,12078.8,4.4,3.6,67.9,-54.4,36.1,206.1,0x20,405.002,11.3,2625,-1,2.5,,
2026-08-16T11:55:00.000Z,M20-403-2-02857,1470916500,43.87614,4.43311,12083.9,5.9,4.2,78.3,-54.4,36.2,205.9,0x20,405.002,9.0,2625,-1,2.5,,
2026-08-16T11:55:01.000Z,M20-403-2-02857,1470916501,43.87615,4.43316,12088.8,4.0,3.6,82.1,-54.5,36.4,205.7,0x20,405.002,11.4,2625,-1,2.5,,
2026-08-16T11:55:02.000Z,M20-403-2-02857,1470916502,43.87615,4.43320,12092.5,3.6,3.7,86.9,-54.4,36.6,205.6,0x20,405.002,11.5,2625,-1,2.5,,
2026-08-16T11:55:03.000Z,M20-403-2-02857,1470916503,43.87616,4.43326,12097.0,5.6,5.3,76.3,-54.5,36.7,205.4,0x20,405.002,11.5,2625,-1,2.5,,
2026-08-16T11:55:04.000Z,M20-403-2-02857,1470916504,43.87617,4.43332,12102.1,4.5,5.8,67.7,-54.5,36.9,205.3,0x20,405.002,10.7,2625,-1,2.5,,
2026-08-16T11:55:05.000Z,M20-403-2-02857,1470916505,43.87619,4.43338,12106.1,3.5,4.7,62.9,-54.5,37.0,205.2,0x20,405.002,11.2,2625,-1,2.5,,
2026-08-16T11:55:06.000Z,M20-403-2-02857,1470916506,43.87621,4.43342,12110.9,6.2,2.7,41.8,-54.5,37.0,205.0,0x20,405.002,11.2,2625,-1,2.5,,
2026-08-16T11:55:07.000Z,M20-403-2-02857,1470916507,43.87623,4.43344,12115.5,2.9,2.1,36.1,-54.5,37.1,204.8,0x20,405.002,3.2,2625,-1,2.5,,
2026-08-16T11:55:08.000Z,M20-403-2-02857,1470916508,43.87624,4.43346,12120.4,7.2,3.4,54.7,-54.5,37.1,204.7,0x20,405.002,3.2,2625,-1,2.5,,
2026-08-16T11:55:09.000Z,M20-403-2-02857,1470916509,43.87626,4.43351,12126.2,4.4,5.6,63.2,-54.5,37.2,204.5,0x20,405.002,7.3,2625,-1,2.5,,
2026-08-16T11:55:10.000Z,M20-403-2-02857,1470916510,43.87628,4.43357,12131.5,6.0,5.7,75.3,-54.5,37.2,204.3,0x20,405.002,8.6,2625,-1,2.5,,
2026-08-16T11:55:11.000Z,M20-403-2-02857,1470916511,43.87629,4.43363,12135.8,2.6,4.6,81.4,-54.5,37.3,204.2,0x20,405.002,11.1,2625,-1,2.5,,
2026-08-16T11:55:12.000Z,M20-403-2-02857,1470916512,43.87629,4.43369,12139.5,4.9,4.1,103.2,-54.5,37.3,204.1,0x20,405.002,11.1,2625,-1,2.5,,
2026-08-16T11:55:13.000Z,M20-403-2-02857,1470916513,43.87628,4.43374,12144.2,4.4,4.1,114.3,-54.6,37.3,203.9,0x20,405.002,10.2,2625,-1,2.5,,
2026-08-16T11:55:15.000Z,M20-403-2-02857,1470916515,43.87627,4.43382,12153.7,5.1,3.3,51.5,-54.7,37.4,203.6,0x20,405.002,7.8,2625,-1,2.5,,
2026-08-16T11:55:17.000Z,M20-403-2-02857,1470916517,43.87632,4.43390,12162.9,6.0,5.2,63.3,-54.8,37.4,203.3,0x20,405.002,7.8,2625,-1,2.5,,
2026-08-16T11:55:18.000Z,M20-403-2-02857,1470916518,43.87633,4.43396,12167.6,3.2,5.2,82.7,-54.8,37.4,203.2,0x20,405.002,8.5,2625,-1,2.5,,
2026-08-16T11:55:19.000Z,M20-403-2-02857,1470916519,43.87634,4.43402,12172.9,7.5,4.3,93.6,-54.9,37.6,203.0,0x20,405.002,8.5,2625,-1,2.5,,
2026-08-16T11:55:20.000Z,M20-403-2-02857,1470916520,43.87634,4.43407,12177.9,2.5,3.7,85.1,-54.9,37.6,202.8,0x20,405.002,3.4,2625,-1,2.5,,
2026-08-16T11:55:21.000Z,M20-403-2-02857,1470916521,43.87634,4.43412,12182.8,7.2,4.8,81.1,-54.9,37.7,202.7,0x20,405.002,3.2,2625,-1,2.5,,
2026-08-16T11:55:22.000Z,M20-403-2-02857,1470916522,43.87634,4.43419,12188.4,3.9,5.1,89.2,-54.9,37.7,202.5,0x20,405.002,6.7,2625,-1,2.5,,
2026-08-16T11:55:23.000Z,M20-403-2-02857,1470916523,43.87634,4.43424,12193.9,7.0,3.4,99.5,-55.0,37.7,202.3,0x20,405.002,7.5,2625,-1,2.5,,
2026-08-16T11:55:24.000Z,M20-403-2-02857,1470916524,43.87634,4.43428,12200.1,5.6,2.5,103.4,-55.0,37.7,202.2,0x20,405.002,8.9,2625,-1,2.5,,
2026-08-16T11:55:25.000Z,M20-403-2-02857,1470916525,43.87633,4.43431,12205.0,4.2,3.3,99.1,-55.0,37.6,202.0,0x20,405.002,9.8,2625,-1,2.5,,
2026-08-16T11:55:26.000Z,M20-403-2-02857,1470916526,43.87633,4.43435,12211.1,8.1,3.2,85.9,-55.1,37.6,201.8,0x20,405.002,9.8,2625,-1,2.5,,
2026-08-16T11:55:27.000Z,M20-403-2-02857,1470916527,43.87633,4.43439,12216.9,3.6,3.4,84.6,-55.1,37.6,201.6,0x20,405.002,9.0,2625,-1,2.5,,
2026-08-16T11:55:28.000Z,M20-403-2-02857,1470916528,43.87634,4.43445,12222.2,7.1,5.5,76.9,-55.2,37.6,201.5,0x20,405.002,9.2,2625,-1,2.5,,
2026-08-16T11:55:29.000Z,M20-403-2-02857,1470916529,43.87635,4.43452,12229.2,7.2,5.9,73.6,-55.2,37.6,201.3,0x20,405.002,9.2,2625,-1,2.5,,
2026-08-16T11:55:31.000Z,M20-403-2-02857,1470916531,43.87636,4.43465,12239.8,3.0,3.8,95.5,-55.2,37.4,201.0,0x20,405.002,5.1,2625,-1,2.5,,
2026-08-16T11:55:33.000Z,M20-403-2-02857,1470916533,43.87633,4.43472,12247.0,4.4,3.0,125.3,-55.3,37.1,200.6,0x20,405.002,3.1,2625,-1,2.5,,
2026-08-16T11:55:35.000Z,M20-403-2-02857,1470916535,43.87631,4.43480,12257.5,4.4,3.4,90.3,-55.3,36.8,200.3,0x20,405.002,7.0,2625,-1,2.5,,
2026-08-16T11:55:36.000Z,M20-403-2-02857,1470916536,43.87632,4.43485,12262.4,5.5,5.1,84.8,-55.2,36.7,200.2,0x20,405.002,8.5,2625,-1,2.5,,
2026-08-16T11:55:39.000Z,M20-403-2-02857,1470916539,43.87635,4.43509,12273.2,5.6,6.5,69.5,-55.2,36.1,199.8,0x20,405.002,8.9,2625,-1,2.5,,
2026-08-16T11:55:40.000Z,M20-403-2-02857,1470916540,43.87636,4.43516,12277.9,4.1,5.3,70.6,-55.2,35.7,199.6,0x20,405.002,8.9,2625,-1,2.5,,
2026-08-16T11:55:41.000Z,M20-403-2-02857,1470916541,43.87637,4.43522,12282.8,5.7,4.6,87.5,-55.2,35.5,199.5,0x20,405.002,8.4,2625,-1,2.5,,
2026-08-16T11:55:43.000Z,M20-403-2-02857,1470916543,43.87633,4.43534,12291.6,3.6,6.4,136.4,-55.2,34.9,199.2,0x20,405.002,8.3,2625,-1,2.5,,
2026-08-16T11:55:44.000Z,M20-403-2-02857,1470916544,43.87629,4.43539,12295.4,4.5,6.1,145.7,-55.2,34.8,199.0,0x20,405.002,8.3,2625,-1,2.5,,
2026-08-16T11:55:45.000Z,M20-403-2-02857,1470916545,43.87625,4.43543,12300.6,5.9,4.6,130.5,-55.2,34.6,198.9,0x20,405.002,6.0,2625,-1,2.5,,
2026-08-16T11:55:46.000Z,M20-403-2-02857,1470916546,43.87624,4.43549,12306.2,5.2,5.1,98.9,-55.3,34.4,198.7,0x20,405.002,6.0,3000,-1,2.5,,
2026-08-16T11:55:47.000Z,M20-403-2-02857,1470916547,43.87624,4.43555,12311.1,4.9,6.1,81.2,-55.3,34.2,198.6,0x20,405.002,2.9,2625,-1,2.5,,
2026-08-16T11:55:48.000Z,M20-403-2-02857,1470916548,43.87625,4.43562,12315.1,3.1,5.4,73.2,-55.3,34.0,198.4,0x20,405.002,5.8,2625,-1,2.5,,
2026-08-16T11:55:50.000Z,M20-403-2-02857,1470916550,43.87628,4.43571,12324.1,3.3,2.6,60.6,-55.3,33.6,198.1,0x20,405.002,7.7,2625,-1,2.5,,
2026-08-16T11:55:52.000Z,M20-403-2-02857,1470916552,43.87625,4.43578,12335.5,3.3,5.5,132.4,-55.4,33.1,197.8,0x20,405.002,6.0,2625,-1,2.5,,
2026-08-16T11:55:53.000Z,M20-403-2-02857,1470916553,43.87622,4.43584,12339.9,5.4,5.9,122.5,-55.4,33.0,197.6,0x20,405.002,8.6,2625,-1,2.5,,
2026-08-16T11:55:54.000Z,M20-403-2-02857,1470916554,43.87620,4.43590,12345.3,5.4,5.7,105.8,-55.5,32.8,197.4,0x20,405.002,9.3,2625,-1,2.5,,
2026-08-16T11:55:55.000Z,M20-403-2-02857,1470916555,43.87620,4.43597,12351.3,6.7,5.0,66.5,-55.5,32.6,197.3,0x20,405.002,9.3,2625,-1,2.5,,
2026-08-16T11:55:56.000Z,M20-403-2-02857,1470916556,43.87622,4.43602,12356.2,3.3,6.1,54.7,-55.6,32.5,197.1,0x20,405.002,9.2,2625,-1,2.5,,
2026-08-16T11:55:58.000Z,M20-403-2-02857,1470916558,43.87625,4.43613,12368.8,5.0,3.5,93.3,-55.7,32.1,196.7,0x20,405.002,5.8,2625,-1,2.5,,
2026-08-16T11:55:59.000Z,M20-403-2-02857,1470916559,43.87625,4.43618,12374.7,7.1,4.2,115.2,-55.7,32.0,196.6,0x20,405.002,3.1,2625,-1,2.5,,
2026-08-16T11:56:01.000Z,M20-403-2-02857,1470916561,43.87622,4.43626,12385.8,5.5,2.9,119.2,-55.8,31.7,196.2,0x20,405.002,5.0,2625,-1,2.5,,
2026-08-16T11:56:05.000Z,M20-403-2-02857,1470916565,43.87622,4.43638,12406.6,4.0,4.3,73.4,-56.0,31.1,195.6,0x20,405.002,7.4,2625,-1,2.5,,
2026-08-16T11:56:06.000Z,M20-403-2-02857,1470916566,43.87622,4.43643,12411.4,5.7,4.4,85.3,-56.1,30.9,195.4,0x20,405.002,8.9,2625,-1,2.5,,
2026-08-16T11:56:07.000Z,M20-403-2-02857,1470916567,43.87622,4.43650,12416.3,4.2,6.0,95.8,-56.0,30.8,195.2,0x20,405.002,8.9,2625,-1,2.5,,
2026-08-16T11:56:09.000Z,M20-403-2-02857,1470916569,43.87620,4.43667,12426.3,5.9,7.6,106.8,-56.2,30.5,194.9,0x20,405.002,8.9,2625,-1,2.5,,
2026-08-16T11:56:10.000Z,M20-403-2-02857,1470916570,43.87618,4.43675,12431.9,5.6,6.2,109.0,-56.2,30.4,194.7,0x20,405.002,8.9,2625,-1,2.5,,
2026-08-16T11:56:11.000Z,M20-403-2-02857,1470916571,43.87617,4.43681,12436.9,4.3,3.8,109.9,-56.2,30.3,194.6,0x20,405.002,7.1,2625,-1,2.5,,
2026-08-16T11:56:13.000Z,M20-403-2-02857,1470916573,43.87615,4.43689,12447.3,4.5,2.8,106.5,-56.4,30.1,194.2,0x20,405.002,3.2,2625,-1,2.5,,
2026-08-16T11:56:14.000Z,M20-403-2-02857,1470916574,43.87615,4.43693,12452.2,4.8,3.1,78.3,-56.4,30.0,194.0,0x20,405.002,5.8,2625,-1,2.5,,
2026-08-16T11:56:15.000Z,M20-403-2-02857,1470916575,43.87616,4.43696,12458.0,6.8,2.6,66.9,-56.4,29.9,193.9,0x20,405.002,9.9,2625,-1,2.5,,
2026-08-16T11:56:17.000Z,M20-403-2-02857,1470916577,43.87616,4.43704,12469.5,4.5,4.1,105.3,-56.5,29.6,193.5,0x20,405.002,9.9,2625,-1,2.5,,
2026-08-16T11:56:19.000Z,M20-403-2-02857,1470916579,43.87615,4.43718,12480.0,3.1,7.2,88.6,-56.6,29.4,193.2,0x20,405.002,7.9,2625,-1,2.5,,
2026-08-16T11:56:23.000Z,M20-403-2-02857,1470916583,43.87612,4.43749,12502.2,4.9,2.2,112.3,-56.9,29.0,192.5,0x20,405.002,8.5,2625,-1,2.5,,
2026-08-16T11:56:25.000Z,M20-403-2-02857,1470916585,43.87611,4.43751,12511.4,3.9,0.8,150.9,-56.9,28.8,192.2,0x20,405.002,3.1,2625,-1,2.5,,
2026-08-16T11:56:26.000Z,M20-403-2-02857,1470916586,43.87610,4.43752,12516.8,6.8,1.8,146.0,-57.0,28.7,192.0,0x20,405.002,3.7,2625,-1,2.5,,
2026-08-16T11:56:28.000Z,M20-403-2-02857,1470916588,43.87609,4.43760,12528.6,6.0,5.8,83.3,-57.1,28.6,191.7,0x20,405.002,7.7,2625,-1,2.5,,
2026-08-16T11:56:30.000Z,M20-403-2-02857,1470916590,43.87612,4.43776,12540.3,7.8,6.6,76.7,-57.2,28.4,191.3,0x20,405.002,10.1,2625,-1,2.5,,
2026-08-16T11:56:32.000Z,M20-403-2-02857,1470916592,43.87613,4.43788,12550.5,6.7,3.9,98.9,-57.3,28.3,191.0,0x20,405.002,11.4,2625,-1,2.5,,
2026-08-16T11:56:33.000Z,M20-403-2-02857,1470916593,43.87611,4.43793,12556.6,5.0,4.1,119.8,-57.3,28.3,190.9,0x20,405.002,11.4,2625,-1,2.5,,
2026-08-16T11:56:35.000Z,M20-403-2-02857,1470916595,43.87608,4.43798,12565.5,5.8,1.2,159.1,-57.4,28.2,190.6,0x20,405.002,10.5,2625,-1,2.5,,
2026-08-16T11:56:36.000Z,M20-403-2-02857,1470916596,43.87608,4.43799,12570.9,4.9,0.9,99.2,-57.5,28.2,190.4,0x20,405.002,10.5,2625,-1,2.5,,
2026-08-16T11:56:37.000Z,M20-403-2-02857,1470916597,43.87608,4.43801,12576.4,6.1,3.4,89.8,-57.5,28.2,190.3,0x20,405.002,7.4,2625,-1,2.5,,
2026-08-16T11:56:39.000Z,M20-403-2-02857,1470916599,43.87606,4.43816,12586.1,5.0,8.5,98.3,-57.6,28.1,190.0,0x20,405.002,3.2,2625,-1,2.5,,
2026-08-16T11:56:42.000Z,M20-403-2-02857,1470916602,43.87608,4.43841,12600.0,5.4,4.6,44.2,-57.7,28.2,189.5,0x20,405.002,7.8,2625,-1,2.5,,
2026-08-16T11:56:44.000Z,M20-403-2-02857,1470916604,43.87613,4.43844,12609.1,4.1,1.9,335.4,-57.7,28.2,189.2,0x20,405.002,8.7,2625,-1,2.5,,
2026-08-16T11:56:45.000Z,M20-403-2-02857,1470916605,43.87614,4.43843,12613.8,5.2,1.1,327.0,-57.7,28.2,189.1,0x20,405.002,8.7,2625,-1,2.5,,
2026-08-16T11:56:46.000Z,M20-403-2-02857,1470916606,43.87615,4.43844,12618.7,4.6,1.7,80.4,-57.7,28.2,188.9,0x20,405.002,10.5,2625,-1,2.5,,
2026-08-16T11:56:48.000Z,M20-403-2-02857,1470916608,43.87617,4.43854,12627.0,3.6,5.5,77.4,-57.6,28.3,188.7,0x20,405.002,8.2,2625,-1,2.5,,
2026-08-16T11:56:50.000Z,M20-403-2-02857,1470916610,43.87620,4.43864,12637.4,4.8,3.2,51.7,-57.6,28.4,188.4,0x20,405.002,5.1,2625,-1,2.5,,
2026-08-16T11:56:53.000Z,M20-403-2-02857,1470916613,43.87627,4.43873,12653.8,8.3,5.0,36.1,-57.4,28.8,187.9,0x20,405.002,3.0,2625,-1,2.5,,
2026-08-16T11:56:54.000Z,M20-403-2-02857,1470916614,43.87631,4.43877,12660.4,4.8,6.7,32.5,-57.2,28.9,187.7,0x20,405.002,9.0,2625,-1,2.5,,
2026-08-16T11:56:55.000Z,M20-403-2-02857,1470916615,43.87636,4.43882,12665.0,4.2,8.0,41.8,-57.0,29.2,187.5,0x20,405.002,9.8,2625,-1,2.5,,
2026-08-16T11:56:57.000Z,M20-403-2-02857,1470916617,43.87647,4.43895,12675.6,6.3,8.0,35.4,-56.9,29.7,187.2,0x20,405.002,9.9,2625,-1,2.5,,
2026-08-16T11:56:58.000Z,M20-403-2-02857,1470916618,43.87653,4.43901,12679.9,2.4,7.7,36.6,-56.7,30.0,187.1,0x20,405.002,9.9,2625,-1,2.5,,
2026-08-16T11:56:59.000Z,M20-403-2-02857,1470916619,43.87658,4.43906,12683.0,3.8,6.9,30.0,-56.7,30.3,187.0,0x20,405.002,9.4,2625,-1,2.5,,
2026-08-16T11:57:00.000Z,M20-403-2-02857,1470916620,43.87664,4.43910,12688.3,6.5,6.9,25.1,-56.7,30.5,186.8,0x20,405.002,9.4,2625,-1,2.5,,
2026-08-16T11:57:01.000Z,M20-403-2-02857,1470916621,43.87669,4.43914,12693.8,4.5,7.1,33.5,-56.7,30.8,186.7,0x20,405.002,11.0,2625,-1,2.5,,
2026-08-16T11:57:03.000Z,M20-403-2-02857,1470916623,43.87677,4.43927,12702.6,2.2,6.8,66.1,-56.4,31.4,186.4,0x20,405.002,6.8,2625,-1,2.5,,
2026-08-16T11:57:06.000Z,M20-403-2-02857,1470916626,43.87688,4.43947,12717.7,6.7,9.1,35.2,-56.3,32.3,186.0,0x20,405.002,6.1,2625,-1,2.5,,
2026-08-16T11:57:11.000Z,M20-403-2-02857,1470916631,43.87719,4.43986,12742.2,4.8,7.9,49.4,-56.4,33.6,185.3,0x20,405.002,8.6,2625,-1,2.5,,
2026-08-16T11:57:12.000Z,M20-403-2-02857,1470916632,43.87724,4.43995,12746.9,4.8,9.7,56.2,-56.4,33.8,185.1,0x20,405.002,10.7,2625,-1,2.5,,
2026-08-16T11:57:13.000Z,M20-403-2-02857,1470916633,43.87729,4.44006,12751.6,4.3,11.3,54.3,-56.4,34.0,185.0,0x20,405.002,10.7,2625,-1,2.5,,
2026-08-16T11:57:14.000Z,M20-403-2-02857,1470916634,43.87736,4.44016,12756.8,5.8,10.8,45.1,-56.4,34.2,184.8,0x20,405.002,10.0,2625,-1,2.5,,
2026-08-16T11:57:15.000Z,M20-403-2-02857,1470916635,43.87743,4.44025,12760.4,1.6,10.3,36.7,-56.3,34.4,184.7,0x20,405.002,10.4,2625,-1,2.5,,
2026-08-16T11:57:16.000Z,M20-403-2-02857,1470916636,43.87750,4.44033,12763.5,4.6,10.3,39.0,-56.2,34.5,184.6,0x20,405.002,10.4,2625,-1,2.5,,
2026-08-16T11:57:17.000Z,M20-403-2-02857,1470916637,43.87757,4.44041,12768.1,4.0,11.2,45.8,-56.3,34.6,184.4,0x20,405.002,3.5,2625,-1,2.5,,
2026-08-16T11:57:18.000Z,M20-403-2-02857,1470916638,43.87764,4.44052,12773.0,5.3,11.0,48.6,-56.3,34.7,184.3,0x20,405.002,3.4,2625,-1,2.5,,
2026-08-16T11:57:19.000Z,M20-403-2-02857,1470916639,43.87770,4.44062,12777.0,2.5,10.6,50.6,-56.3,34.8,184.2,0x20,405.002,4.7,2625,-1,2.5,,
2026-08-16T11:57:21.000Z,M20-403-2-02857,1470916641,43.87780,4.44085,12786.0,3.3,11.1,66.3,-56.2,34.9,183.9,0x20,405.002,9.3,2625,-1,2.5,,
2026-08-16T11:57:23.000Z,M20-403-2-02857,1470916643,43.87789,4.44106,12796.1,2.8,9.0,52.6,-56.2,35.0,183.6,0x20,405.002,9.0,2625,-1,2.5,,
2026-08-16T11:57:24.000Z,M20-403-2-02857,1470916644,43.87794,4.44115,12799.7,4.5,9.7,46.9,-56.1,35.0,183.5,0x20,405.002,12.0,2625,-1,2.5,,
2026-08-16T11:57:25.000Z,M20-403-2-02857,1470916645,43.87800,4.44126,12804.6,4.6,11.0,53.9,-56.1,35.0,183.4,0x20,405.002,12.0,2625,-1,2.5,,
2026-08-16T11:57:27.000Z,M20-403-2-02857,1470916647,43.87813,4.44150,12814.9,4.5,13.2,47.2,-55.6,34.7,183.1,0x20,405.002,10.4,2625,-1,2.5,,
2026-08-16T11:57:28.000Z,M20-403-2-02857,1470916648,43.87822,4.44162,12819.2,4.1,14.0,45.7,-55.5,34.4,183.0,0x20,405.002,10.4,2625,-1,2.5,,
2026-08-16T11:57:29.000Z,M20-403-2-02857,1470916649,43.87830,4.44175,12823.4,4.3,14.8,48.0,-55.4,34.0,182.8,0x20,405.002,9.6,2625,-1,2.5,,
2026-08-16T11:57:30.000Z,M20-403-2-02857,1470916650,43.87840,4.44189,12827.8,4.3,14.4,43.8,-55.3,33.6,182.7,0x20,405.002,9.6,2625,-1,2.5,,
2026-08-16T11:57:31.000Z,M20-403-2-02857,1470916651,43.87849,4.44200,12832.2,4.5,13.7,36.2,-55.1,33.2,182.6,0x20,405.002,3.1,2625,-1,2.5,,
2026-08-16T11:57:32.000Z,M20-403-2-02857,1470916652,43.87859,4.44209,12836.4,4.0,13.4,30.7,-54.9,32.6,182.4,0x20,405.002,6.0,2625,-1,2.5,,
2026-08-16T11:57:33.000Z,M20-403-2-02857,1470916653,43.87869,4.44218,12841.3,5.5,12.9,37.1,-54.9,32.1,182.3,0x20,405.002,10.3,2625,-1,2.5,,
2026-08-16T11:57:34.000Z,M20-403-2-02857,1470916654,43.87878,4.44229,12845.7,2.9,13.2,45.4,-54.7,31.6,182.2,0x20,405.002,10.3,2625,-1,2.5,,
2026-08-16T11:57:35.000Z,M20-403-2-02857,1470916655,43.87886,4.44241,12849.6,4.7,14.1,49.3,-54.6,31.1,182.1,0x20,405.002,11.3,2625,-1,2.5,,
2026-08-16T11:57:36.000Z,M20-403-2-02857,1470916656,43.87895,4.44254,12854.3,4.8,14.2,45.5,-54.5,30.7,181.9,0x20,405.002,11.3,2625,-1,2.5,,
2026-08-16T11:57:37.000Z,M20-403-2-02857,1470916657,43.87904,4.44267,12858.0,2.7,14.3,40.9,-54.4,30.3,181.8,0x20,405.002,8.9,2625,-1,2.5,,
2026-08-16T11:57:38.000Z,M20-403-2-02857,1470916658,43.87913,4.44278,12862.1,5.5,13.7,41.9,-54.4,29.9,181.7,0x20,405.002,11.0,2625,-1,2.5,,
2026-08-16T11:57:40.000Z,M20-403-2-02857,1470916660,43.87930,4.44300,12871.9,5.3,12.1,40.0,-54.3,29.0,181.4,0x20,405.002,8.7,2625,-1,2.5,,
2026-08-16T11:57:41.000Z,M20-403-2-02857,1470916661,43.87939,4.44309,12876.3,3.4,12.2,36.4,-54.1,28.5,181.3,0x20,405.002,8.7,2625,-1,2.5,,
2026-08-16T11:57:42.000Z,M20-403-2-02857,1470916662,43.87947,4.44319,12880.0,4.3,12.0,43.1,-54.1,28.1,181.2,0x20,405.002,7.9,2625,-1,2.5,,
2026-08-16T11:57:43.000Z,M20-403-2-02857,1470916663,43.87955,4.44331,12883.9,3.4,13.3,52.2,-54.1,27.6,181.1,0x20,405.002,3.0,2625,-1,2.5,,
2026-08-16T11:57:44.000Z,M20-403-2-02857,1470916664,43.87962,4.44344,12888.3,5.0,14.0,54.0,-54.1,27.1,180.9,0x20,405.002,3.0,2625,-1,2.5,,
2026-08-16T11:57:45.000Z,M20-403-2-02857,1470916665,43.87970,4.44358,12893.2,4.8,14.5,48.6,-54.0,26.7,180.8,0x20,405.002,6.6,2625,-1,2.5,,
2026-08-16T11:57:46.000Z,M20-403-2-02857,1470916666,43.87979,4.44372,12897.3,3.6,14.7,47.1,-53.9,26.2,180.7,0x20,405.002,7.6,2625,-1,2.5,,
2026-08-16T11:57:47.000Z,M20-403-2-02857,1470916667,43.87988,4.44385,12901.7,5.2,14.5,49.5,-54.0,25.8,180.5,0x20,405.002,10.4,2625,-1,2.5,,
2026-08-16T11:57:49.000Z,M20-403-2-02857,1470916669,43.88003,4.44411,12910.4,4.1,12.1,47.7,-53.9,24.9,180.3,0x20,405.002,9.5,2625,-1,2.5,,
2026-08-16T11:57:50.000Z,M20-403-2-02857,1470916670,43.88010,4.44421,12914.3,3.5,10.4,43.2,-53.9,24.5,180.2,0x20,405.002,9.5,2625,-1,2.5,,
2026-08-16T11:57:51.000Z,M20-403-2-02857,1470916671,43.88017,4.44430,12919.4,6.5,9.9,47.5,-54.0,24.1,180.0,0x20,405.002,8.5,2625,-1,2.5,,
2026-08-16T11:57:52.000Z,M20-403-2-02857,1470916672,43.88023,4.44440,12924.4,3.4,11.0,54.7,-54.0,23.7,179.9,0x20,405.002,8.6,2625,-1,2.5,,
2026-08-16T11:57:54.000Z,M20-403-2-02857,1470916674,43.88033,4.44465,12932.4,4.3,11.4,54.6,-54.0,23.0,179.6,0x20,405.002,10.4,2625,-1,2.5,,
2026-08-16T11:57:55.000Z,M20-403-2-02857,1470916675,43.88040,4.44476,12936.5,3.8,11.9,50.0,-53.9,22.6,179.6,0x20,405.002,10.4,2625,-1,2.5,,
2026-08-16T11:57:56.000Z,M20-403-2-02857,1470916676,43.88047,4.44488,12940.6,4.5,12.9,53.7,-53.9,22.2,179.4,0x20,405.002,3.2,2625,-1,2.5,,
2026-08-16T11:57:57.000Z,M20-403-2-02857,1470916677,43.88054,4.44501,12945.1,4.5,13.1,53.9,-54.0,21.8,179.3,0x20,405.002,2.9,2625,-1,2.5,,
2026-08-16T11:57:58.000Z,M20-403-2-02857,1470916678,43.88061,4.44515,12949.1,3.6,12.5,54.7,-53.9,21.4,179.2,0x20,405.002,5.9,2625,-1,2.5,,
2026-08-16T11:58:00.000Z,M20-403-2-02857,1470916680,43.88070,4.44538,12959.0,4.7,9.2,67.3,-54.0,20.7,178.9,0x20,405.002,7.9,2625,-1,2.5,,
2026-08-16T11:58:01.000Z,M20-403-2-02857,1470916681,43.88073,4.44549,12964.0,4.8,10.3,70.8,-53.9,20.4,178.8,0x20,405.002,11.3,2625,-1,2.5,,
2026-08-16T11:58:02.000Z,M20-403-2-02857,1470916682,43.88076,4.44563,12969.1,5.3,13.2,71.8,-53.8,20.0,178.6,0x20,405.002,11.3,2625,-1,2.5,,
2026-08-16T11:58:03.000Z,M20-403-2-02857,1470916683,43.88081,4.44580,12974.1,4.7,15.6,68.9,-53.7,19.6,178.5,0x20,405.002,9.2,2625,-1,2.5,,
2026-08-16T11:58:04.000Z,M20-403-2-02857,1470916684,43.88087,4.44598,12978.0,3.1,16.4,63.2,-53.6,19.3,178.4,0x20,405.002,8.9,2625,-1,2.5,,
2026-08-16T11:58:05.000Z,M20-403-2-02857,1470916685,43.88093,4.44615,12982.4,6.0,14.0,59.7,-53.6,18.9,178.2,0x20,405.002,8.9,2625,-1,2.5,,
2026-08-16T11:58:07.000Z,M20-403-2-02857,1470916687,43.88104,4.44640,12992.3,4.6,9.9,57.7,-53.6,18.2,178.0,0x20,405.002,12.4,2625,-1,2.5,,
2026-08-16T11:58:08.000Z,M20-403-2-02857,1470916688,43.88109,4.44651,12997.2,5.3,10.8,59.1,-53.5,17.9,177.8,0x20,405.002,12.4,2625,-1,2.5,,
2026-08-16T11:58:09.000Z,M20-403-2-02857,1470916689,43.88114,4.44663,13001.4,3.1,11.6,68.4,-53.4,17.6,177.7,0x20,405.002,3.2,2625,-1,2.5,,
2026-08-16T11:58:10.000Z,M20-403-2-02857,1470916690,43.88116,4.44678,13004.9,3.8,12.6,80.8,-53.4,17.3,177.6,0x20,405.002,3.6,2625,-1,2.5,,
2026-08-16T11:58:11.000Z,M20-403-2-02857,1470916691,43.88118,4.44694,13009.0,4.7,13.3,84.6,-53.4,17.0,177.5,0x20,405.002,6.1,2625,-1,2.5,,
2026-08-16T11:58:12.000Z,M20-403-2-02857,1470916692,43.88119,4.44711,13014.2,5.6,14.3,79.5,-53.4,16.7,177.3,0x20,405.002,9.1,2625,-1,2.5,,
2026-08-16T11:58:13.000Z,M20-403-2-02857,1470916693,43.88123,4.44728,13019.5,4.8,15.1,67.1,-53.4,16.4,177.2,0x20,405.002,9.1,2625,-1,2.5,,
2026-08-16T11:58:14.000Z,M20-403-2-02857,1470916694,43.88130,4.44745,13023.5,3.1,15.9,58.9,-53.5,16.1,177.1,0x20,405.002,10.7,2625,-1,2.5,,
2026-08-16T11:58:15.000Z,M20-403-2-02857,1470916695,43.88137,4.44762,13026.7,3.3,15.0,55.1,-53.5,15.9,177.0,0x20,405.002,10.7,2625,-1,2.5,,
2026-08-16T11:58:16.000Z,M20-403-2-02857,1470916696,43.88145,4.44775,13030.8,4.9,12.3,52.7,-53.5,15.5,176.9,0x20,405.002,9.7,2625,-1,2.5,,
2026-08-16T11:58:17.000Z,M20-403-2-02857,1470916697,43.88150,4.44787,13035.6,4.6,10.6,61.0,-53.5,15.3,176.7,0x20,405.002,12.1,2625,-1,2.5,,
2026-08-16T11:58:18.000Z,M20-403-2-02857,1470916698,43.88154,4.44800,13041.2,6.3,11.8,74.8,-53.5,15.1,176.6,0x20,405.002,12.1,2625,-1,2.5,,
2026-08-16T11:58:19.000Z,M20-403-2-02857,1470916699,43.88157,4.44815,13045.3,2.0,13.1,75.9,-53.5,14.9,176.5,0x20,405.002,11.2,2625,-1,2.5,,
2026-08-16T11:58:20.000Z,M20-403-2-02857,1470916700,43.88160,4.44832,13049.5,6.7,14.4,75.2,-53.5,14.6,176.4,0x20,405.002,11.7,2625,-1,2.5,,
2026-08-16T11:58:21.000Z,M20-403-2-02857,1470916701,43.88163,4.44848,13054.8,4.1,14.0,72.0,-53.5,14.4,176.2,0x20,405.002,10.8,2625,-1,2.5,,
2026-08-16T11:58:22.000Z,M20-403-2-02857,1470916702,43.88168,4.44866,13059.6,5.6,15.3,68.5,-53.6,14.2,176.1,0x20,405.002,10.8,2625,-1,2.5,,
2026-08-16T11:58:23.000Z,M20-403-2-02857,1470916703,43.88173,4.44884,13063.9,3.2,16.2,68.1,-53.6,13.9,176.0,0x20,405.002,3.5,2625,-1,2.5,,
2026-08-16T11:58:24.000Z,M20-403-2-02857,1470916704,43.88178,4.44902,13067.8,4.6,15.3,70.9,-53.5,13.7,175.9,0x20,405.002,3.3,2625,-1,2.5,,
2026-08-16T11:58:25.000Z,M20-403-2-02857,1470916705,43.88182,4.44919,13072.7,5.3,13.0,73.4,-53.6,13.4,175.7,0x20,405.002,9.0,2625,-1,2.5,,
2026-08-16T11:58:26.000Z,M20-403-2-02857,1470916706,43.88185,4.44934,13076.5,2.4,12.2,73.8,-53.5,13.2,175.6,0x20,405.002,10.4,2625,-1,2.5,,
2026-08-16T11:58:27.000Z,M20-403-2-02857,1470916707,43.88189,4.44949,13080.7,6.0,12.8,68.1,-53.6,13.1,175.5,0x20,405.002,11.7,2625,-1,2.5,,
2026-08-16T11:58:28.000Z,M20-403-2-02857,1470916708,43.88194,4.44964,13085.6,3.8,14.6,64.3,-53.6,12.8,175.4,0x20,405.002,12.7,2625,-1,2.5,,
2026-08-16T11:58:29.000Z,M20-403-2-02857,1470916709,43.88200,4.44981,13089.9,5.0,15.2,64.6,-53.6,12.7,175.3,0x20,405.002,14.3,2625,-1,2.5,,
2026-08-16T11:58:30.000Z,M20-403-2-02857,1470916710,43.88206,4.44998,13094.6,4.6,14.5,65.4,-53.6,12.5,175.1,0x20,405.002,14.3,2625,-1,2.5,,
2026-08-16T11:58:31.000Z,M20-403-2-02857,1470916711,43.88211,4.45014,13098.4,3.3,14.3,65.9,-53.6,12.4,175.0,0x20,405.002,13.4,2625,-1,2.5,,
2026-08-16T11:58:32.000Z,M20-403-2-02857,1470916712,43.88217,4.45031,13102.4,4.6,15.5,63.1,-53.7,12.2,174.9,0x20,405.002,13.4,2625,-1,2.5,,
2026-08-16T11:58:33.000Z,M20-403-2-02857,1470916713,43.88223,4.45048,13107.2,5.2,15.6,64.3,-53.8,12.0,174.8,0x20,405.002,13.4,3000,-1,2.5,,
2026-08-16T11:58:34.000Z,M20-403-2-02857,1470916714,43.88228,4.45065,13112.2,5.1,14.4,68.8,-53.8,11.9,174.6,0x20,405.002,12.6,3000,-1,2.5,,
2026-08-16T11:58:35.000Z,M20-403-2-02857,1470916715,43.88233,4.45081,13116.4,3.7,13.3,71.5,-53.8,11.7,174.5,0x20,405.002,3.8,2625,-1,2.5,,
2026-08-16T11:58:36.000Z,M20-403-2-02857,1470916716,43.88237,4.45097,13120.6,4.8,13.7,69.8,-53.8,11.6,174.4,0x20,405.002,3.8,3000,-1,2.5,,
2026-08-16T11:58:37.000Z,M20-403-2-02857,1470916717,43.88241,4.45114,13124.9,3.8,15.6,66.6,-53.8,11.5,174.3,0x20,405.002,7.2,2625,-1,2.5,,
2026-08-16T11:58:38.000Z,M20-403-2-02857,1470916718,43.88246,4.45132,13129.0,4.7,14.9,69.5,-53.8,11.4,174.2,0x20,405.002,10.6,2625,-1,2.5,,
2026-08-16T11:58:39.000Z,M20-403-2-02857,1470916719,43.88251,4.45148,13132.9,3.2,14.0,69.3,-53.9,11.2,174.1,0x20,405.002,15.1,2625,-1,2.5,,
2026-08-16T11:58:40.000Z,M20-403-2-02857,1470916720,43.88255,4.45165,13136.5,3.7,14.5,69.9,-53.9,11.2,174.0,0x20,405.002,15.1,2625,-1,2.5,,
2026-08-16T11:58:41.000Z,M20-403-2-02857,1470916721,43.88261,4.45183,13140.4,4.2,16.4,65.1,-53.9,11.0,173.8,0x20,405.002,13.8,2625,-1,2.5,,
2026-08-16T11:58:42.000Z,M20-403-2-02857,1470916722,43.88267,4.45201,13144.9,4.5,16.6,65.0,-53.9,10.9,173.7,0x20,405.002,13.1,2625,-1,2.5,,
2026-08-16T11:58:43.000Z,M20-403-2-02857,1470916723,43.88273,4.45219,13150.1,5.8,15.3,68.3,-53.9,10.7,173.6,0x20,405.002,10.6,2625,-1,2.5,,
2026-08-16T11:58:44.000Z,M20-403-2-02857,1470916724,43.88277,4.45237,13154.2,2.5,14.4,73.5,-53.8,10.6,173.5,0x20,405.002,11.7,2625,-1,2.5,,
2026-08-16T11:58:45.000Z,M20-403-2-02857,1470916725,43.88281,4.45254,13158.2,5.8,14.2,69.1,-53.8,10.5,173.4,0x20,405.002,11.7,2625,-1,2.5,,
2026-08-16T11:58:46.000Z,M20-403-2-02857,1470916726,43.88286,4.45271,13162.6,3.4,15.2,65.8,-53.9,10.3,173.3,0x20,405.002,11.7,2625,-1,2.5,,
2026-08-16T11:58:47.000Z,M20-403-2-02857,1470916727,43.88291,4.45288,13166.9,5.7,15.4,69.0,-53.9,10.2,173.1,0x20,405.002,12.9,2625,-1,2.5,,
2026-08-16T11:58:48.000Z,M20-403-2-02857,1470916728,43.88296,4.45306,13172.0,4.6,15.3,73.3,-53.9,10.0,173.0,0x20,405.002,3.6,2625,-1,2.5,,
2026-08-16T11:58:49.000Z,M20-403-2-02857,1470916729,43.88300,4.45325,13176.2,3.5,15.6,73.1,-53.9,9.9,172.9,0x20,405.002,3.6,2625,-1,2.5,,
2026-08-16T11:58:50.000Z,M20-403-2-02857,1470916730,43.88304,4.45343,13180.4,4.7,16.0,68.4,-53.9,9.8,172.7,0x20,405.002,4.7,2625,-1,2.5,,
2026-08-16T11:58:51.000Z,M20-403-2-02857,1470916731,43.88310,4.45361,13185.5,5.7,15.6,66.1,-54.0,9.7,172.6,0x20,405.002,9.9,2625,-1,2.5,,
2026-08-16T11:58:52.000Z,M20-403-2-02857,1470916732,43.88315,4.45378,13190.2,4.0,14.4,68.3,-54.0,9.6,172.5,0x20,405.002,9.9,2625,-1,2.5,,
2026-08-16T11:58:53.000Z,M20-403-2-02857,1470916733,43.88319,4.45395,13193.7,2.7,13.7,75.8,-54.0,9.5,172.4,0x20,405.002,9.3,2625,-1,2.5,,
2026-08-16T11:58:54.000Z,M20-403-2-02857,1470916734,43.88322,4.45412,13197.4,4.5,14.4,74.0,-54.0,9.4,172.3,0x20,405.002,10.8,2625,-1,2.5,,
2026-08-16T11:58:55.000Z,M20-403-2-02857,1470916735,43.88326,4.45430,13202.1,4.5,16.0,71.2,-54.0,9.3,172.1,0x20,405.002,10.8,2625,-1,2.5,,
2026-08-16T11:58:56.000Z,M20-403-2-02857,1470916736,43.88330,4.45449,13206.6,4.7,16.3,74.0,-54.0,9.1,172.1,0x20,405.002,10.8,2625,-1,2.5,,
2026-08-16T11:58:57.000Z,M20-403-2-02857,1470916737,43.88333,4.45468,13210.4,4.6,16.3,78.1,-54.1,9.0,171.9,0x20,405.002,12.1,2625,-1,2.5,,
2026-08-16T11:58:58.000Z,M20-403-2-02857,1470916738,43.88336,4.45488,13213.9,3.1,16.1,80.3,-54.1,8.9,171.8,0x20,405.002,12.1,2625,-1,2.5,,
2026-08-16T11:58:59.000Z,M20-403-2-02857,1470916739,43.88338,4.45507,13217.9,4.8,15.5,76.2,-54.2,8.9,171.7,0x20,405.002,11.6,2625,-1,2.5,,
2026-08-16T11:59:00.000Z,M20-403-2-02857,1470916740,43.88342,4.45525,13222.1,3.0,15.6,72.3,-54.2,8.7,171.5,0x20,405.002,6.9,2625,-1,2.5,,
2026-08-16T11:59:01.000Z,M20-403-2-02857,1470916741,43.88345,4.45544,13226.7,5.4,14.9,75.8,-54.2,8.6,171.4,0x20,405.002,3.5,2625,-1,2.5,,
2026-08-16T11:59:02.000Z,M20-403-2-02857,1470916742,43.88348,4.45561,13231.6,4.2,13.6,81.4,-54.2,8.4,171.3,0x20,405.002,3.3,3000,-1,2.5,,
2026-08-16T11:59:03.000Z,M20-403-2-02857,1470916743,43.88350,4.45578,13235.9,4.4,13.1,77.1,-54.2,8.4,171.2,0x20,405.002,7.4,2625,-1,2.5,,
2026-08-16T11:59:04.000Z,M20-403-2-02857,1470916744,43.88353,4.45593,13240.5,4.4,13.2,71.7,-54.3,8.3,171.1,0x20,405.002,12.1,2625,-1,2.5,,
2026-08-16T11:59:05.000Z,M20-403-2-02857,1470916745,43.88357,4.45609,13245.4,5.1,13.5,71.9,-54.3,8.2,170.9,0x20,405.002,12.1,2625,-1,2.5,,
2026-08-16T11:59:06.000Z,M20-403-2-02857,1470916746,43.88360,4.45626,13250.2,4.2,14.1,75.7,-54.3,8.0,170.8,0x20,405.002,9.5,2625,-1,2.5,,
2026-08-16T11:59:07.000Z,M20-403-2-02857,1470916747,43.88363,4.45643,13253.8,2.8,14.1,80.5,-54.2,8.0,170.7,0x20,405.002,11.9,2625,-1,2.5,,
2026-08-16T11:59:08.000Z,M20-403-2-02857,1470916748,43.88365,4.45660,13257.8,4.9,14.9,74.7,-54.3,7.9,170.6,0x20,405.002,11.9,2625,-1,2.5,,
2026-08-16T11:59:09.000Z,M20-403-2-02857,1470916749,43.88369,4.45678,13262.0,3.1,14.6,73.2,-54.3,7.8,170.5,0x20,405.002,12.4,2625,-1,2.5,,
2026-08-16T11:59:10.000Z,M20-403-2-02857,1470916750,43.88373,4.45695,13266.4,4.9,13.6,70.9,-54.3,7.7,170.4,0x20,405.002,12.4,2625,-1,2.5,,
2026-08-16T11:59:11.000Z,M20-403-2-02857,1470916751,43.88376,4.45710,13271.5,5.2,12.3,75.7,-54.4,7.6,170.2,0x20,405.002,11.3,2625,-1,2.5,,
2026-08-16T11:59:12.000Z,M20-403-2-02857,1470916752,43.88378,4.45724,13275.4,3.1,11.4,78.2,-54.4,7.5,170.1,0x20,405.002,10.8,2625,-1,2.5,,
2026-08-16T11:59:13.000Z,M20-403-2-02857,1470916753,43.88381,4.45739,13279.6,5.0,12.2,75.6,-54.4,7.4,170.0,0x20,405.002,10.4,2625,-1,2.5,,
2026-08-16T11:59:14.000Z,M20-403-2-02857,1470916754,43.88384,4.45755,13283.9,3.3,14.0,72.1,-54.4,7.4,169.8,0x20,405.002,3.7,2625,-1,2.5,,
2026-08-16T11:59:15.000Z,M20-403-2-02857,1470916755,43.88388,4.45772,13288.7,6.0,14.2,73.5,-54.5,7.2,169.7,0x20,405.002,3.4,2625,-1,2.5,,
2026-08-16T11:59:16.000Z,M20-403-2-02857,1470916756,43.88391,4.45788,13293.9,4.1,13.6,76.0,-54.5,7.1,169.6,0x20,405.002,5.3,2625,-1,2.5,,
2026-08-16T11:59:17.000Z,M20-403-2-02857,1470916757,43.88394,4.45804,13298.7,5.5,13.0,74.3,-54.5,7.1,169.4,0x20,405.002,12.0,2625,-1,2.5,,
2026-08-16T11:59:19.000Z,M20-403-2-02857,1470916759,43.88402,4.45836,13308.2,4.6,13.2,66.7,-54.6,6.9,169.2,0x20,405.002,7.5,2625,-1,2.5,,
2026-08-16T11:59:20.000Z,M20-403-2-02857,1470916760,43.88406,4.45850,13313.1,5.0,10.9,73.5,-54.7,6.8,169.1,0x20,405.002,7.5,2625,-1,2.5,,
2026-08-16T11:59:21.000Z,M20-403-2-02857,1470916761,43.88408,4.45862,13318.1,5.1,9.4,76.1,-54.7,6.7,168.9,0x20,405.002,11.4,2625,-1,2.5,,
2026-08-16T11:59:22.000Z,M20-403-2-02857,1470916762,43.88409,4.45875,13323.4,5.4,10.4,87.1,-54.8,6.6,168.8,0x20,405.002,11.4,2625,-1,2.5,,
2026-08-16T11:59:23.000Z,M20-403-2-02857,1470916763,43.88410,4.45889,13329.0,5.5,13.3,88.3,-54.8,6.6,168.7,0x20,405.002,11.0,2625,-1,2.5,,
2026-08-16T11:59:24.000Z,M20-403-2-02857,1470916764,43.88411,4.45908,13334.2,4.6,16.5,81.2,-54.8,6.5,168.5,0x20,405.002,10.7,2625,-1,2.5,,
2026-08-16T11:59:25.000Z,M20-403-2-02857,1470916765,43.88413,4.45929,13338.7,4.6,17.6,79.8,-54.9,6.4,168.4,0x20,405.002,9.7,2625,-1,2.5,,
2026-08-16T11:59:26.000Z,M20-403-2-02857,1470916766,43.88415,4.45949,13344.5,6.4,15.4,83.0,-54.9,6.3,168.2,0x20,405.002,7.2,2625,-1,2.5,,
2026-08-16T11:59:27.000Z,M20-403-2-02857,1470916767,43.88417,4.45967,13350.0,4.3,12.5,83.1,-54.9,6.3,168.1,0x20,405.002,4.0,2625,-1,2.4,,
2026-08-16T11:59:28.000Z,M20-403-2-02857,1470916768,43.88419,4.45980,13354.1,3.7,9.9,75.9,-54.9,6.1,168.0,0x20,405.002,4.0,2625,-1,2.4,,
2026-08-16T11:59:29.000Z,M20-403-2-02857,1470916769,43.88421,4.45991,13358.2,4.5,8.5,62.9,-55.0,6.1,167.9,0x20,405.002,8.7,2625,-1,2.5,,
2026-08-16T11:59:30.000Z,M20-403-2-02857,1470916770,43.88425,4.46001,13362.9,4.5,9.6,64.5,-55.0,6.0,167.8,0x20,405.002,9.8,2625,-1,2.5,,
2026-08-16T11:59:31.000Z,M20-403-2-02857,1470916771,43.88428,4.46014,13368.5,6.6,11.6,79.8,-55.0,5.9,167.6,0x20,405.002,9.8,2625,-1,2.5,,
2026-08-16T11:59:32.000Z,M20-403-2-02857,1470916772,43.88429,4.46029,13373.1,2.6,12.9,85.9,-55.0,5.8,167.5,0x20,405.002,10.2,2625,-1,2.4,,
2026-08-16T11:59:33.000Z,M20-403-2-02857,1470916773,43.88430,4.46046,13378.1,7.7,14.9,82.2,-55.0,5.7,167.4,0x20,405.002,10.2,2625,-1,2.4,,
2026-08-16T11:59:34.000Z,M20-403-2-02857,1470916774,43.88433,4.46064,13383.6,3.3,14.8,77.3,-55.0,5.7,167.2,0x20,405.002,9.3,2625,-1,2.4,,
2026-08-16T11:59:35.000Z,M20-403-2-02857,1470916775,43.88436,4.46082,13388.1,6.0,13.8,76.2,-55.0,5.6,167.1,0x20,405.002,9.3,2625,-1,2.4,,
2026-08-16T11:59:36.000Z,M20-403-2-02857,1470916776,43.88438,4.46098,13393.2,4.8,13.1,84.0,-55.1,5.5,167.0,0x20,405.002,9.3,2625,-1,2.4,,
2026-08-16T11:59:38.000Z,M20-403-2-02857,1470916778,43.88440,4.46125,13402.5,5.2,8.6,73.7,-55.1,5.4,166.8,0x20,405.002,11.9,2625,-1,2.4,,
2026-08-16T11:59:39.000Z,M20-403-2-02857,1470916779,43.88443,4.46135,13407.4,4.9,8.8,67.4,-55.2,5.4,166.7,0x20,405.002,11.9,2625,-1,2.4,,
2026-08-16T11:59:40.000Z,M20-403-2-02857,1470916780,43.88446,4.46146,13412.5,5.8,10.6,72.2,-55.2,5.3,166.5,0x20,405.002,3.3,2625,-1,2.4,,
2026-08-16T11:59:41.000Z,M20-403-2-02857,1470916781,43.88448,4.46160,13417.3,4.1,12.1,80.3,-55.2,5.3,166.4,0x20,405.002,2.9,2625,-1,2.4,,
2026-08-16T11:59:42.000Z,M20-403-2-02857,1470916782,43.88450,4.46176,13420.5,3.2,13.4,82.4,-55.2,5.2,166.3,0x20,405.002,8.3,2625,-1,2.4,,
2026-08-16T11:59:43.000Z,M20-403-2-02857,1470916783,43.88453,4.46192,13424.2,5.2,14.1,72.0,-55.2,5.2,166.2,0x20,405.002,8.7,2625,-1,2.4,,
2026-08-16T11:59:44.000Z,M20-403-2-02857,1470916784,43.88457,4.46208,13428.9,4.8,13.0,68.3,-55.2,5.1,166.1,0x20,405.002,9.2,2625,-1,2.4,,
2026-08-16T11:59:46.000Z,M20-403-2-02857,1470916786,43.88463,4.46236,13437.9,3.0,10.9,81.5,-55.3,5.0,165.8,0x20,405.002,8.6,2625,-1,2.4,,
2026-08-16T11:59:47.000Z,M20-403-2-02857,1470916787,43.88465,4.46249,13441.5,4.6,10.1,77.1,-55.3,5.0,165.7,0x20,405.002,12.8,2625,-1,2.4,,
2026-08-16T11:59:48.000Z,M20-403-2-02857,1470916788,43.88468,4.46260,13446.3,5.2,10.4,68.1,-55.4,5.0,165.6,0x20,405.002,12.8,2625,-1,2.4,,
2026-08-16T11:59:49.000Z,M20-403-2-02857,1470916789,43.88471,4.46273,13450.6,4.2,11.3,68.1,-55.4,4.9,165.5,0x20,405.002,11.4,2625,-1,2.4,,
2026-08-16T11:59:50.000Z,M20-403-2-02857,1470916790,43.88475,4.46287,13455.2,5.5,12.2,75.0,-55.5,4.9,165.3,0x20,405.002,8.7,2625,-1,2.4,,
2026-08-16T11:59:51.000Z,M20-403-2-02857,1470916791,43.88478,4.46302,13458.9,3.0,13.3,77.7,-55.5,4.8,165.2,0x20,405.002,10.6,2625,-1,2.4,,
2026-08-16T11:59:52.000Z,M20-403-2-02857,1470916792,43.88481,4.46318,13463.5,6.3,14.0,73.8,-55.5,4.8,165.1,0x20,405.002,10.6,2625,-1,2.4,,
2026-08-16T11:59:53.000Z,M20-403-2-02857,1470916793,43.88485,4.46335,13467.9,3.5,13.7,66.8,-55.6,4.8,165.0,0x20,405.002,3.1,2625,-1,2.4,,
2026-08-16T11:59:54.000Z,M20-403-2-02857,1470916794,43.88489,4.46349,13472.4,5.6,12.0,68.7,-55.6,4.7,164.8,0x20,405.002,2.5,2625,-1,2.4,,
2026-08-16T11:59:55.000Z,M20-403-2-02857,1470916795,43.88493,4.46363,13476.9,3.2,10.8,74.7,-55.6,4.7,164.7,0x20,405.002,7.8,2625,-1,2.4,,
2026-08-16T11:59:56.000Z,M20-403-2-02857,1470916796,43.88495,4.46375,13480.8,4.4,9.6,72.1,-55.6,4.7,164.6,0x20,405.002,8.3,2625,-1,2.4,,
2026-08-16T11:59:57.000Z,M20-403-2-02857,1470916797,43.88498,4.46386,13485.8,5.7,9.8,65.3,-55.7,4.7,164.5,0x20,405.002,9.4,2625,-1,2.4,,
2026-08-16T11:59:58.000Z,M20-403-2-02857,1470916798,43.88502,4.46398,13490.9,5.3,11.0,64.7,-55.7,4.6,164.4,0x20,405.002,9.4,2625,-1,2.4,,
2026-08-16T11:59:59.000Z,M20-403-2-02857,1470916799,43.88506,4.46411,13495.5,5.3,12.3,71.8,-55.7,4.6,164.2,0x20,405.002,8.5,2625,-1,2.4,,
2026-08-16T12:00:00.000Z,M20-403-2-02857,1470916800,43.88509,4.46426,13499.1,2.4,12.8,74.9,-55.7,4.5,164.1,0x20,405.002,8.5,2625,-1,2.4,,
2026-08-16T12:00:01.000Z,M20-403-2-02857,1470916801,43.88512,4.46441,13503.1,5.6,13.0,71.4,-55.8,4.5,164.0,0x20,405.002,8.1,2625,-1,2.4,,
2026-08-16T12:00:04.000Z,M20-403-2-02857,1470916804,43.88523,4.46479,13515.5,3.6,8.1,72.6,-55.8,4.4,163.6,0x20,405.002,7.9,2625,-1,2.4,,
2026-08-16T12:00:05.000Z,M20-403-2-02857,1470916805,43.88525,4.46489,13518.5,2.0,8.0,78.7,-55.8,4.4,163.6,0x20,405.002,7.9,2625,-1,2.4,,
2026-08-16T12:00:06.000Z,M20-403-2-02857,1470916806,43.88527,4.46500,13522.2,5.0,9.8,68.9,-55.8,4.4,163.4,0x20,405.002,3.6,2625,-1,2.4,,
2026-08-16T12:00:07.000Z,M20-403-2-02857,1470916807,43.88531,4.46512,13526.3,3.3,11.3,63.2,-55.9,4.4,163.3,0x20,405.002,2.9,2625,-1,2.4,,
2026-08-16T12:00:08.000Z,M20-403-2-02857,1470916808,43.88536,4.46527,13531.3,5.5,14.2,64.3,-55.9,4.3,163.2,0x20,405.002,2.9,2625,-1,2.4,,
2026-08-16T12:00:09.000Z,M20-403-2-02857,1470916809,43.88541,4.46544,13536.3,4.0,14.4,70.9,-55.9,4.2,163.1,0x20,405.002,10.3,2625,-1,2.4,,
2026-08-16T12:00:10.000Z,M20-403-2-02857,1470916810,43.88545,4.46561,13541.0,3.8,14.8,73.5,-55.9,4.3,163.0,0x20,405.002,10.3,2625,-1,2.4,,
2026-08-16T12:00:11.000Z,M20-403-2-02857,1470916811,43.88549,4.46578,13545.8,5.0,13.6,67.3,-56.0,4.3,162.8,0x20,405.002,9.5,2625,-1,2.4,,
2026-08-16T12:00:12.000Z,M20-403-2-02857,1470916812,43.88554,4.46593,13551.0,4.7,11.4,62.6,-56.0,4.2,162.7,0x20,405.002,8.3,2625,-1,2.4,,
2026-08-16T12:00:13.000Z,M20-403-2-02857,1470916813,43.88558,4.46604,13555.3,3.4,9.3,64.3,-56.0,4.2,162.6,0x20,405.002,8.0,2625,-1,2.4,,
2026-08-16T12:00:14.000Z,M20-403-2-02857,1470916814,43.88561,4.46614,13560.0,5.2,7.7,63.9,-56.0,4.1,162.5,0x20,405.002,9.3,2625,-1,2.4,,
2026-08-16T12:00:15.000Z,M20-403-2-02857,1470916815,43.88564,4.46624,13565.9,6.1,8.9,77.9,-56.0,4.1,162.3,0x20,405.002,9.6,2625,-1,2.4,,
2026-08-16T12:00:16.000Z,M20-403-2-02857,1470916816,43.88565,4.46637,13571.1,4.1,12.4,77.9,-56.0,4.1,162.3,0x20,405.002,9.6,2625,-1,2.4,,
2026-08-16T12:00:19.000Z,M20-403-2-02857,1470916819,43.88578,4.46692,13583.9,5.6,16.3,69.8,-56.0,4.0,161.9,0x20,405.002,3.2,2625,-1,2.4,,
2026-08-16T12:00:21.000Z,M20-403-2-02857,1470916821,43.88587,4.46724,13591.9,3.8,10.5,59.9,-56.0,4.0,161.7,0x20,405.002,3.1,2625,-1,2.4,,
2026-08-16T12:00:22.000Z,M20-403-2-02857,1470916822,43.88591,4.46734,13595.7,4.9,8.9,57.8,-56.0,3.9,161.6,0x20,405.002,5.8,2625,-1,2.4,,
2026-08-16T12:00:23.000Z,M20-403-2-02857,1470916823,43.88594,4.46744,13601.1,6.5,8.0,73.3,-56.0,3.9,161.4,0x20,405.002,8.0,2625,-1,2.4,,
2026-08-16T12:00:24.000Z,M20-403-2-02857,1470916824,43.88596,4.46755,13606.4,4.2,10.0,82.5,-56.0,3.9,161.3,0x20,405.002,8.0,2625,-1,2.4,,
2026-08-16T12:00:25.000Z,M20-403-2-02857,1470916825,43.88598,4.46768,13610.6,5.0,12.4,79.2,-55.9,3.9,161.2,0x20,405.002,9.5,2625,-1,2.4,,
2026-08-16T12:00:26.000Z,M20-403-2-02857,1470916826,43.88600,4.46784,13614.4,2.9,13.4,72.9,-55.8,3.9,161.1,0x20,405.002,9.8,2625,-1,2.4,,
2026-08-16T12:00:28.000Z,M20-403-2-02857,1470916828,43.88606,4.46817,13623.9,4.9,13.8,79.6,-55.8,3.8,160.8,0x20,405.002,9.8,2625,-1,2.4,,
2026-08-16T12:00:29.000Z,M20-403-2-02857,1470916829,43.88609,4.46833,13628.5,4.4,13.1,79.6,-55.7,3.9,160.7,0x20,405.002,8.6,2625,-1,2.4,,
2026-08-16T12:00:31.000Z,M20-403-2-02857,1470916831,43.88614,4.46862,13637.5,4.1,11.3,66.6,-55.8,3.9,160.4,0x20,405.002,7.1,2625,-1,2.4,,
2026-08-16T12:00:32.000Z,M20-403-2-02857,1470916832,43.88618,4.46875,13642.9,6.4,12.0,73.2,-55.8,3.9,160.3,0x20,405.002,7.1,2625,-1,2.4,,
2026-08-16T12:00:33.000Z,M20-403-2-02857,1470916833,43.88620,4.46890,13647.7,3.7,12.4,83.4,-55.8,3.9,160.2,0x20,405.002,3.1,2625,-1,2.4,,
2026-08-16T12:00:34.000Z,M20-403-2-02857,1470916834,43.88622,4.46905,13651.2,3.5,12.1,81.5,-55.9,3.9,160.1,0x20,405.002,4.0,2625,-1,2.4,,
2026-08-16T12:00:35.000Z,M20-403-2-02857,1470916835,43.88624,4.46921,13656.4,6.3,13.8,74.2,-55.9,4.0,159.9,0x20,405.002,10.0,2625,-1,2.4,,
2026-08-16T12:00:37.000Z,M20-403-2-02857,1470916837,43.88631,4.46955,13666.4,6.5,14.2,76.6,-56.0,3.9,159.7,0x20,405.002,8.3,2625,-1,2.4,,
2026-08-16T12:00:39.000Z,M20-403-2-02857,1470916839,43.88635,4.46989,13676.1,5.5,13.0,83.3,-56.1,3.9,159.4,0x20,405.002,8.1,2625,-1,2.4,,
2026-08-16T12:00:40.000Z,M20-403-2-02857,1470916840,43.88637,4.47005,13680.5,2.9,13.2,79.2,-56.0,4.0,159.3,0x20,405.002,9.1,2625,-1,2.4,,
2026-08-16T12:00:41.000Z,M20-403-2-02857,1470916841,43.88639,4.47020,13684.7,4.8,11.9,82.6,-56.0,4.0,159.2,0x20,405.002,11.2,2625,-1,2.4,,
2026-08-16T12:00:42.000Z,M20-403-2-02857,1470916842,43.88639,4.47036,13688.6,3.1,12.0,90.4,-56.1,3.9,159.1,0x20,405.002,11.2,2625,-1,2.4,,
2026-08-16T12:00:43.000Z,M20-403-2-02857,1470916843,43.88639,4.47051,13693.3,6.0,12.7,88.5,-56.1,4.0,159.0,0x20,405.002,10.1,2625,-1,2.4,,
2026-08-16T12:00:44.000Z,M20-403-2-02857,1470916844,43.88640,4.47067,13697.7,2.8,13.4,85.2,-56.0,4.0,158.9,0x20,405.002,10.1,2625,-1,2.4,,
2026-08-16T12:00:46.000Z,M20-403-2-02857,1470916846,43.88642,4.47104,13705.6,4.3,15.2,88.0,-55.9,4.0,158.7,0x20,405.002,3.5,2625,-1,2.4,,
2026-08-16T12:00:47.000Z,M20-403-2-02857,1470916847,43.88643,4.47122,13710.1,3.8,13.4,84.8,-55.9,4.1,158.5,0x20,405.002,3.1,2625,-1,2.4,,
2026-08-16T12:00:48.000Z,M20-403-2-02857,1470916848,43.88644,4.47137,13714.7,4.7,10.8,79.1,-55.8,4.1,158.4,0x20,405.002,9.2,2625,-1,2.4,,
2026-08-16T12:00:49.000Z,M20-403-2-02857,1470916849,43.88647,4.47149,13719.4,4.4,9.1,71.8,-55.9,4.2,158.3,0x20,405.002,9.3,2625,-1,2.4,,
2026-08-16T12:00:52.000Z,M20-403-2-02857,1470916852,43.88654,4.47191,13734.4,3.5,14.4,84.0,-55.7,4.2,158.0,0x20,405.002,8.4,2625,-1,2.4,,
2026-08-16T12:00:53.000Z,M20-403-2-02857,1470916853,43.88655,4.47209,13738.6,5.2,14.5,87.0,-55.6,4.2,157.9,0x20,405.002,10.0,2625,-1,2.4,,
2026-08-16T12:00:54.000Z,M20-403-2-02857,1470916854,43.88656,4.47227,13744.1,5.8,13.0,85.7,-55.6,4.2,157.8,0x20,405.002,10.0,2625,-1,2.4,,
2026-08-16T12:00:55.000Z,M20-403-2-02857,1470916855,43.88657,4.47242,13749.2,4.5,11.0,85.7,-55.6,4.2,157.7,0x20,405.002,8.5,2625,-1,2.4,,
2026-08-16T12:00:56.000Z,M20-403-2-02857,1470916856,43.88658,4.47256,13753.9,5.5,10.3,85.4,-55.6,4.3,157.6,0x20,405.002,8.6,2625,-1,2.4,,
2026-08-16T12:00:57.000Z,M20-403-2-02857,1470916857,43.88658,4.47269,13757.6,2.8,10.8,84.5,-55.5,4.3,157.4,0x20,405.002,8.6,2625,-1,2.4,,
2026-08-16T12:00:58.000Z,M20-403-2-02857,1470916858,43.88660,4.47282,13761.5,5.2,9.4,75.3,-55.5,4.4,157.3,0x20,405.002,3.3,2625,-1,2.4,,
2026-08-16T12:00:59.000Z,M20-403-2-02857,1470916859,43.88662,4.47293,13766.1,4.3,9.3,67.8,-55.4,4.4,157.2,0x20,405.002,3.0,2625,-1,2.4,,
2026-08-16T12:01:00.000Z,M20-403-2-02857,1470916860,43.88665,4.47305,13771.6,6.8,11.1,71.6,-55.2,4.4,157.1,0x20,405.002,3.1,2625,-1,2.4,,
2026-08-16T12:01:01.000Z,M20-403-2-02857,1470916861,43.88667,4.47319,13775.8,1.9,11.3,77.3,-55.0,4.4,157.0,0x20,405.002,8.7,2625,-1,2.4,,
2026-08-16T12:01:03.000Z,M20-403-2-02857,1470916863,43.88671,4.47346,13782.8,3.9,9.4,78.0,-54.8,4.4,156.8,0x20,405.002,7.6,2625,-1,2.4,,
2026-08-16T12:01:06.000Z,M20-403-2-02857,1470916866,43.88677,4.47382,13796.1,3.5,11.4,75.0,-54.5,4.5,156.4,0x20,405.002,6.4,2625,-1,2.4,,
2026-08-16T12:01:12.000Z,M20-403-2-02857,1470916872,43.88686,4.47459,13828.2,5.4,9.4,81.5,-54.6,4.6,155.8,0x20,405.002,3.2,2625,-1,2.4,,
2026-08-16T12:01:13.000Z,M20-403-2-02857,1470916873,43.88688,4.47469,13831.3,3.5,8.7,76.4,-54.6,4.6,155.7,0x20,405.002,3.2,2625,-1,2.4,,
2026-08-16T12:01:17.000Z,M20-403-2-02857,1470916877,43.88692,4.47517,13847.4,3.8,9.4,74.1,-54.8,4.7,155.2,0x20,405.002,6.4,2625,-1,2.4,,
2026-08-16T12:01:19.000Z,M20-403-2-02857,1470916879,43.88700,4.47541,13856.3,4.9,12.1,67.9,-54.8,4.7,155.0,0x20,405.002,7.9,2625,-1,2.4,,
2026-08-16T12:01:23.000Z,M20-403-2-02857,1470916883,43.88716,4.47592,13876.6,6.2,10.2,63.0,-54.8,4.7,154.6,0x20,405.002,6.3,2625,-1,2.4,,
2026-08-16T12:01:24.000Z,M20-403-2-02857,1470916884,43.88720,4.47604,13881.0,2.9,10.9,66.8,-54.8,4.7,154.4,0x20,405.002,3.7,2625,-1,2.4,,
2026-08-16T12:01:27.000Z,M20-403-2-02857,1470916887,43.88730,4.47639,13896.0,7.0,10.3,65.5,-54.7,4.7,154.1,0x20,405.002,9.2,2625,-1,2.4,,
2026-08-16T12:01:28.000Z,M20-403-2-02857,1470916888,43.88735,4.47652,13900.3,2.5,11.4,64.7,-54.7,4.7,154.0,0x20,405.002,10.2,2625,-1,2.4,,
2026-08-16T12:01:30.000Z,M20-403-2-02857,1470916890,43.88743,4.47674,13908.5,3.5,8.9,59.3,-54.6,4.7,153.7,0x20,405.002,9.9,2625,-1,2.4,,
2026-08-16T12:01:31.000Z,M20-403-2-02857,1470916891,43.88748,4.47684,13913.2,6.1,10.1,52.0,-54.6,4.8,153.6,0x20,405.002,9.9,2625,-1,2.4,,
2026-08-16T12:01:32.000Z,M20-403-2-02857,1470916892,43.88753,4.47695,13918.3,4.8,11.9,52.7,-54.5,4.7,153.5,0x20,405.002,9.7,2625,-1,2.4,,
2026-08-16T12:01:33.000Z,M20-403-2-02857,1470916893,43.88760,4.47707,13921.7,3.6,12.3,54.1,-54.5,4.7,153.4,0x20,405.002,10.5,2625,-1,2.4,,
2026-08-16T12:01:35.000Z,M20-403-2-02857,1470916895,43.88771,4.47729,13929.9,3.8,9.7,54.2,-54.4,4.7,153.2,0x20,405.002,11.0,2625,-1,2.4,,
2026-08-16T12:01:36.000Z,M20-403-2-02857,1470916896,43.88776,4.47739,13934.7,5.9,11.0,61.2,-54.4,4.6,153.1,0x20,405.002,11.0,2625,-1,2.4,,
2026-08-16T12:01:37.000Z,M20-403-2-02857,1470916897,43.88780,4.47752,13939.1,2.7,12.1,66.0,-54.4,4.6,152.9,0x20,405.002,3.2,2625,-1,2.4,,
2026-08-16T12:01:39.000Z,M20-403-2-02857,1470916899,43.88790,4.47778,13946.6,4.3,10.9,59.4,-54.5,4.6,152.7,0x20,405.002,3.3,2625,-1,2.4,,
2026-08-16T12:01:44.000Z,M20-403-2-02857,1470916904,43.88822,4.47841,13968.4,3.8,11.8,47.0,-54.7,4.6,152.2,0x20,405.002,7.1,2625,-1,2.4,,
2026-08-16T12:01:45.000Z,M20-403-2-02857,1470916905,43.88830,4.47851,13973.0,5.5,11.7,47.7,-54.7,4.5,152.1,0x20,405.002,9.5,2625,-1,2.4,,
2026-08-16T12:01:46.000Z,M20-403-2-02857,1470916906,43.88837,4.47863,13978.0,4.2,12.4,50.6,-54.7,4.5,151.9,0x20,405.002,9.5,2625,-1,2.4,,
2026-08-16T12:01:47.000Z,M20-403-2-02857,1470916907,43.88843,4.47875,13982.1,3.7,12.2,55.0,-54.7,4.5,151.9,0x20,405.002,8.9,2625,-1,2.4,,
2026-08-16T12:01:48.000Z,M20-403-2-02857,1470916908,43.88849,4.47887,13986.8,5.2,11.7,53.4,-54.7,4.4,151.7,0x20,405.002,12.2,2625,-1,2.4,,
2026-08-16T12:01:49.000Z,M20-403-2-02857,1470916909,43.88856,4.47899,13991.9,5.0,11.5,53.7,-54.8,4.5,151.7,0x20,405.002,12.2,2625,-1,2.4,,
2026-08-16T12:01:54.000Z,M20-403-2-02857,1470916914,43.88896,4.47964,14014.6,6.4,12.9,42.5,-54.9,4.3,151.1,0x20,405.002,9.1,2625,-1,2.4,,
2026-08-16T12:01:55.000Z,M20-403-2-02857,1470916915,43.88905,4.47975,14019.1,2.5,13.5,45.8,-54.8,4.3,151.0,0x20,405.002,9.9,2625,-1,2.4,,
2026-08-16T12:01:57.000Z,M20-403-2-02857,1470916917,43.88918,4.48000,14027.8,6.3,11.4,58.0,-54.7,4.2,150.8,0x20,405.002,9.9,2625,-1,2.4,,
2026-08-16T12:01:58.000Z,M20-403-2-02857,1470916918,43.88923,4.48012,14032.8,4.3,11.7,57.0,-54.7,4.2,150.7,0x20,405.002,8.9,2625,-1,2.4,,
2026-08-16T12:01:59.000Z,M20-403-2-02857,1470916919,43.88929,4.48025,14037.5,5.8,13.5,56.4,-54.7,4.3,150.6,0x20,405.002,8.9,2625,-1,2.4,,
2026-08-16T12:02:00.000Z,M20-403-2-02857,1470916920,43.88937,4.48039,14041.7,3.6,15.5,53.8,-54.7,4.2,150.4,0x20,405.002,9.2,2625,-1,2.4,,
2026-08-16T12:02:03.000Z,M20-403-2-02857,1470916923,43.88958,4.48088,14053.7,5.7,14.6,65.6,-54.6,4.1,150.1,0x20,405.002,3.6,2625,-1,2.4,,
2026-08-16T12:02:04.000Z,M20-403-2-02857,1470916924,43.88964,4.48104,14058.8,4.9,15.0,62.7,-54.6,4.1,150.0,0x20,405.002,3.3,2625,-1,2.4,,
2026-08-16T12:02:09.000Z,M20-403-2-02857,1470916929,43.88992,4.48176,14081.1,4.5,14.1,51.0,-54.6,4.0,149.5,0x20,405.002,10.9,2625,-1,2.4,,
2026-08-16T12:02:10.000Z,M20-403-2-02857,1470916930,43.89001,4.48190,14085.6,5.5,15.3,51.3,-54.5,4.0,149.4,0x20,405.002,10.9,2625,-1,2.4,,
2026-08-16T12:02:11.000Z,M20-403-2-02857,1470916931,43.89009,4.48205,14091.3,6.1,15.3,60.2,-54.5,3.9,149.3,0x20,405.002,8.4,2625,-1,2.4,,
2026-08-16T12:02:12.000Z,M20-403-2-02857,1470916932,43.89015,4.48222,14096.0,4.2,14.4,65.9,-54.5,3.9,149.2,0x20,405.002,13.3,2625,-1,2.4,,
2026-08-16T12:02:13.000Z,M20-403-2-02857,1470916933,43.89020,4.48237,14100.6,5.3,13.3,65.1,-54.5,3.9,149.1,0x20,405.002,13.3,2625,-1,2.4,,
2026-08-16T12:02:14.000Z,M20-403-2-02857,1470916934,43.89026,4.48251,14104.4,4.4,12.9,62.4,-54.5,3.9,149.0,0x20,405.002,12.4,2625,-1,2.4,,
2026-08-16T12:02:15.000Z,M20-403-2-02857,1470916935,43.89030,4.48265,14108.4,4.7,10.9,66.9,-54.5,3.8,148.8,0x20,405.002,9.4,2625,-1,2.4,,
2026-08-16T12:02:16.000Z,M20-403-2-02857,1470916936,43.89034,4.48277,14112.1,2.1,11.3,68.8,-54.5,3.8,148.7,0x20,405.002,3.0,2625,-1,2.4,,
2026-08-16T12:02:17.000Z,M20-403-2-02857,1470916937,43.89038,4.48291,14115.3,5.0,13.1,63.6,-54.5,3.9,148.6,0x20,405.002,3.0,2625,-1,2.4,,
2026-08-16T12:02:18.000Z,M20-403-2-02857,1470916938,43.89044,4.48306,14119.8,4.2,15.0,60.1,-54.5,3.8,148.5,0x20,405.002,2.8,2625,-1,2.4,,
2026-08-16T12:02:19.000Z,M20-403-2-02857,1470916939,43.89050,4.48323,14124.6,6.1,15.6,62.6,-54.5,3.8,148.4,0x20,405.002,8.7,2625,-1,2.4,,
2026-08-16T12:02:20.000Z,M20-403-2-02857,1470916940,43.89056,4.48340,14129.3,3.1,14.6,67.0,-54.5,3.7,148.3,0x20,405.002,10.6,2625,-1,2.4,,
2026-08-16T12:02:21.000Z,M20-403-2-02857,1470916941,43.89061,4.48356,14132.9,3.9,13.2,70.4,-54.4,3.7,148.2,0x20,405.002,11.3,2625,-1,2.4,,
2026-08-16T12:02:22.000Z,M20-403-2-02857,1470916942,43.89065,4.48371,14137.0,4.2,12.8,67.4,-54.4,3.7,148.1,0x20,405.002,12.3,2625,-1,2.4,,
2026-08-16T12:02:23.000Z,M20-403-2-02857,1470916943,43.89069,4.48386,14141.4,5.1,12.0,67.5,-54.4,3.7,148.0,0x20,405.002,12.3,2625,-1,2.4,,
2026-08-16T12:02:24.000Z,M20-403-2-02857,1470916944,43.89073,4.48399,14146.2,4.4,11.1,72.5,-54.3,3.6,147.9,0x20,405.002,12.1,2625,-1,2.4,,
2026-08-16T12:02:27.000Z,M20-403-2-02857,1470916947,43.89083,4.48438,14158.1,4.0,12.5,61.2,-54.3,3.7,147.6,0x20,405.002,9.0,2625,-1,2.4,,
2026-08-16T12:02:28.000Z,M20-403-2-02857,1470916948,43.89088,4.48452,14163.0,5.9,13.0,63.9,-54.4,3.6,147.4,0x20,405.002,9.0,2625,-1,2.4,,
2026-08-16T12:02:31.000Z,M20-403-2-02857,1470916951,43.89103,4.48498,14176.7,3.6,13.3,61.9,-54.4,3.5,147.2,0x20,405.002,2.9,2625,-1,2.4,,
2026-08-16T12:02:34.000Z,M20-403-2-02857,1470916954,43.89113,4.48537,14189.5,4.8,9.7,66.8,-54.5,3.5,146.8,0x20,405.002,5.6,2625,-1,2.4,,
2026-08-16T12:02:36.000Z,M20-403-2-02857,1470916956,43.89123,4.48560,14198.3,4.7,10.9,55.5,-54.5,3.4,146.6,0x20,405.002,8.8,2625,-1,2.4,,
2026-08-16T12:02:37.000Z,M20-403-2-02857,1470916957,43.89128,4.48571,14202.9,4.5,11.2,60.0,-54.5,3.4,146.5,0x20,405.002,9.1,2625,-1,2.4,,
2026-08-16T12:02:38.000Z,M20-403-2-02857,1470916958,43.89133,4.48584,14206.6,2.8,11.6,61.5,-54.5,3.4,146.5,0x20,405.002,9.7,2625,-1,2.4,,
2026-08-16T12:02:40.000Z,M20-403-2-02857,1470916960,43.89145,4.48610,14214.8,4.1,13.0,56.1,-54.4,3.3,146.3,0x20,405.002,10.1,2625,-1,2.4,,
2026-08-16T12:02:41.000Z,M20-403-2-02857,1470916961,43.89151,4.48624,14219.4,4.9,12.6,61.4,-54.4,3.3,146.2,0x20,405.002,10.1,2625,-1,2.4,,
2026-08-16T12:02:42.000Z,M20-403-2-02857,1470916962,43.89155,4.48638,14224.6,5.8,11.5,71.6,-54.3,3.2,146.1,0x20,405.002,4.8,2625,-1,2.4,,
2026-08-16T12:02:43.000Z,M20-403-2-02857,1470916963,43.89158,4.48651,14228.3,2.8,11.3,77.8,-54.1,3.2,146.0,0x20,405.002,4.8,2625,-1,2.4,,
2026-08-16T12:02:44.000Z,M20-403-2-02857,1470916964,43.89160,4.48666,14232.8,6.1,12.2,78.4,-54.0,3.2,145.8,0x20,405.002,5.9,2625,-1,2.4,,
2026-08-16T12:02:45.000Z,M20-403-2-02857,1470916965,43.89162,4.48681,14237.7,3.9,12.9,71.9,-53.8,3.2,145.8,0x20,405.002,7.5,2625,-1,2.4,,
2026-08-16T12:02:46.000Z,M20-403-2-02857,1470916966,43.89167,4.48696,14242.5,6.2,12.7,66.7,-53.7,3.1,145.7,0x20,405.002,9.5,2625,-1,2.4,,
2026-08-16T12:02:48.000Z,M20-403-2-02857,1470916968,43.89175,4.48723,14251.4,3.9,11.3,65.4,-53.5,3.1,145.5,0x20,405.002,7.1,2625,-1,2.4,,
2026-08-16T12:02:49.000Z,M20-403-2-02857,1470916969,43.89179,4.48736,14255.6,4.8,12.3,61.9,-53.6,3.1,145.3,0x20,405.002,7.7,2625,-1,2.4,,
2026-08-16T12:02:57.000Z,M20-403-2-02857,1470916977,43.89209,4.48846,14290.9,4.5,10.9,67.4,-53.5,2.9,144.5,0x20,405.002,3.0,2625,-1,2.4,,
2026-08-16T12:02:58.000Z,M20-403-2-02857,1470916978,43.89214,4.48860,14295.7,5.1,13.2,63.4,-53.5,2.9,144.4,0x20,405.002,6.5,2625,-1,2.4,,
2026-08-16T12:02:59.000Z,M20-403-2-02857,1470916979,43.89220,4.48875,14300.0,4.0,15.4,60.0,-53.5,2.8,144.3,0x20,405.002,11.2,2625,-1,2.4,,
2026-08-16T12:03:00.000Z,M20-403-2-02857,1470916980,43.89227,4.48892,14304.2,4.5,15.2,59.9,-53.5,2.8,144.2,0x20,405.002,11.3,2625,-1,2.4,,
2026-08-16T12:03:01.000Z,M20-403-2-02857,1470916981,43.89233,4.48907,14309.2,6.0,13.4,63.0,-53.5,2.7,144.1,0x20,405.002,11.3,2625,-1,2.4,,
2026-08-16T12:03:02.000Z,M20-403-2-02857,1470916982,43.89238,4.48922,14314.1,3.5,12.5,68.0,-53.5,2.7,144.0,0x20,405.002,10.6,2625,-1,2.4,,
2026-08-16T12:03:03.000Z,M20-403-2-02857,1470916983,43.89242,4.48936,14317.9,4.8,12.5,68.3,-53.5,2.6,143.9,0x20,405.002,10.6,2625,-1,2.4,,
2026-08-16T12:03:04.000Z,M20-403-2-02857,1470916984,43.89246,4.48952,14321.5,3.2,13.8,67.1,-53.6,2.6,143.8,0x20,405.002,9.8,2625,-1,2.4,,
2026-08-16T12:03:07.000Z,M20-403-2-02857,1470916987,43.89263,4.48995,14334.6,5.0,12.3,57.8,-53.6,2.6,143.5,0x20,405.002,6.2,2625,-1,2.4,,
2026-08-16T12:03:10.000Z,M20-403-2-02857,1470916990,43.89279,4.49039,14350.0,7.5,12.4,67.3,-53.4,2.5,143.2,0x20,405.002,3.5,2625,-1,2.4,,
2026-08-16T12:03:11.000Z,M20-403-2-02857,1470916991,43.89283,4.49052,14355.4,3.4,10.9,66.8,-53.4,2.4,143.0,0x20,405.002,6.4,2625,-1,2.4,,
2026-08-16T12:03:12.000Z,M20-403-2-02857,1470916992,43.89287,4.49065,14359.5,5.2,11.4,69.1,-53.4,2.5,143.0,0x20,405.002,10.8,2625,-1,2.4,,
2026-08-16T12:03:13.000Z,M20-403-2-02857,1470916993,43.89291,4.49079,14363.8,3.0,13.3,69.1,-53.4,2.5,142.8,0x20,405.002,10.8,2625,-1,2.4,,
2026-08-16T12:03:14.000Z,M20-403-2-02857,1470916994,43.89296,4.49095,14368.1,6.1,13.8,65.2,-53.4,2.4,142.7,0x20,405.002,10.3,2625,-1,2.4,,
2026-08-16T12:03:15.000Z,M20-403-2-02857,1470916995,43.89301,4.49110,14373.7,5.0,12.9,61.2,-53.5,2.4,142.6,0x20,405.002,10.4,2625,-1,2.4,,
2026-08-16T12:03:16.000Z,M20-403-2-02857,1470916996,43.89307,4.49123,14377.5,2.5,11.9,58.1,-53.4,2.4,142.5,0x20,405.002,10.4,2625,-1,2.4,,
2026-08-16T12:03:17.000Z,M20-403-2-02857,1470916997,43.89312,4.49136,14381.2,4.9,11.8,62.7,-53.5,2.4,142.4,0x20,405.002,8.8,2625,-1,2.4,,
2026-08-16T12:03:22.000Z,M20-403-2-02857,1470917002,43.89336,4.49206,14406.1,3.8,13.3,62.9,-53.6,2.2,141.9,0x20,405.002,3.1,2625,-1,2.4,,
2026-08-16T12:03:23.000Z,M20-403-2-02857,1470917003,43.89341,4.49221,14410.3,4.8,12.8,66.6,-53.7,2.2,141.8,0x20,405.002,3.1,2625,-1,2.4,,
2026-08-16T12:03:26.000Z,M20-403-2-02857,1470917006,43.89350,4.49262,14422.5,4.4,12.3,74.5,-53.8,2.2,141.5,0x20,405.002,7.0,2625,-1,2.4,,
2026-08-16T12:03:27.000Z,M20-403-2-02857,1470917007,43.89353,4.49277,14428.0,6.4,12.5,70.2,-53.8,2.1,141.4,0x20,405.002,8.5,2625,-1,2.4,,
2026-08-16T12:03:30.000Z,M20-403-2-02857,1470917010,43.89365,4.49317,14440.7,4.6,11.7,60.6,-53.9,2.1,141.1,0x20,405.002,8.4,2625,-1,2.4,,
2026-08-16T12:03:31.000Z,M20-403-2-02857,1470917011,43.89370,4.49329,14446.3,5.9,12.0,60.6,-53.9,2.0,141.0,0x20,405.002,8.4,2625,-1,2.4,,
2026-08-16T12:03:34.000Z,M20-403-2-02857,1470917014,43.89378,4.49369,14459.4,4.9,10.7,79.9,-53.8,2.0,140.7,0x20,405.002,3.3,2625,-1,2.4,,
2026-08-16T12:03:38.000Z,M20-403-2-02857,1470917018,43.89386,4.49423,14476.9,5.2,9.9,78.4,-53.7,1.9,140.3,0x20,405.002,9.2,2625,-1,2.4,,
2026-08-16T12:03:40.000Z,M20-403-2-02857,1470917020,43.89391,4.49444,14486.4,5.2,9.4,60.5,-53.6,1.9,140.1,0x20,405.002,7.5,2625,-1,2.4,,
2026-08-16T12:03:41.000Z,M20-403-2-02857,1470917021,43.89396,4.49455,14491.1,3.3,9.9,52.8,-53.5,1.9,140.0,0x20,405.002,10.2,2625,-1,2.4,,
2026-08-16T12:03:42.000Z,M20-403-2-02857,1470917022,43.89401,4.49465,14495.8,5.7,10.3,59.3,-53.5,1.9,139.9,0x20,405.002,10.2,2625,-1,2.4,,
2026-08-16T12:03:43.000Z,M20-403-2-02857,1470917023,43.89405,4.49477,14500.3,3.4,10.1,71.9,-53.5,1.8,139.8,0x20,405.002,7.3,2625,-1,2.4,,
2026-08-16T12:03:46.000Z,M20-403-2-02857,1470917026,43.89413,4.49512,14513.8,4.9,9.3,68.3,-53.4,1.7,139.5,0x20,405.002,10.5,2625,-1,2.4,,
2026-08-16T12:03:47.000Z,M20-403-2-02857,1470917027,43.89416,4.49524,14518.7,5.0,10.1,71.1,-53.4,1.7,139.4,0x20,405.002,10.5,2625,-1,2.4,,
2026-08-16T12:03:48.000Z,M20-403-2-02857,1470917028,43.89419,4.49536,14523.3,4.0,11.2,73.7,-53.3,1.7,139.3,0x20,405.002,2.6,2625,-1,2.4,,
2026-08-16T12:03:49.000Z,M20-403-2-02857,1470917029,43.89421,4.49550,14527.3,4.5,11.1,70.8,-53.3,1.7,139.2,0x20,405.002,3.3,2625,-1,2.4,,
2026-08-16T12:03:50.000Z,M20-403-2-02857,1470917030,43.89425,4.49563,14532.3,5.1,11.0,68.9,-53.2,1.7,139.1,0x20,405.002,8.9,2625,-1,2.4,,
2026-08-16T12:03:52.000Z,M20-403-2-02857,1470917032,43.89429,4.49587,14541.9,3.0,9.6,87.4,-53.0,1.6,138.9,0x20,405.002,8.6,2625,-1,2.4,,
2026-08-16T12:03:53.000Z,M20-403-2-02857,1470917033,43.89429,4.49599,14546.0,5.5,8.7,86.6,-53.0,1.6,138.8,0x20,405.002,8.7,2625,-1,2.4,,
2026-08-16T12:03:54.000Z,M20-403-2-02857,1470917034,43.89430,4.49610,14550.2,2.7,8.5,78.7,-52.9,1.6,138.7,0x20,405.002,8.7,2625,-1,2.4,,
2026-08-16T12:03:56.000Z,M20-403-2-02857,1470917036,43.89433,4.49634,14560.0,4.4,10.6,77.4,-52.9,1.5,138.5,0x20,405.002,9.3,2625,-1,2.4,,
2026-08-16T12:03:57.000Z,M20-403-2-02857,1470917037,43.89435,4.49648,14564.3,4.1,11.2,79.6,-52.9,1.6,138.4,0x20,405.002,9.3,2625,-1,2.4,,
2026-08-16T12:03:58.000Z,M20-403-2-02857,1470917038,43.89438,4.49662,14568.1,4.4,11.8,70.0,-52.8,1.5,138.3,0x20,405.002,9.1,2625,-1,2.4,,
2026-08-16T12:04:00.000Z,M20-403-2-02857,1470917040,43.89446,4.49692,14576.3,5.0,12.5,73.5,-52.6,1.5,138.1,0x20,405.002,6.1,2625,-1,2.4,,
2026-08-16T12:04:01.000Z,M20-403-2-02857,1470917041,43.89448,4.49706,14581.2,4.4,11.7,83.0,-52.6,1.4,138.0,0x20,405.002,3.3,2625,-1,2.4,,
2026-08-16T12:04:02.000Z,M20-403-2-02857,1470917042,43.89449,4.49721,14585.1,3.3,11.2,86.0,-52.6,1.4,137.9,0x20,405.002,3.2,2625,-1,2.4,,
2026-08-16T12:04:05.000Z,M20-403-2-02857,1470917045,43.89455,4.49766,14598.0,4.6,13.3,79.2,-52.7,1.4,137.6,0x20,405.002,7.4,2625,-1,2.4,,
2026-08-16T12:04:06.000Z,M20-403-2-02857,1470917046,43.89457,4.49782,14602.7,5.1,12.5,80.6,-52.7,1.3,137.5,0x20,405.002,9.3,2625,-1,2.4,,
2026-08-16T12:04:07.000Z,M20-403-2-02857,1470917047,43.89460,4.49797,14607.4,4.2,11.6,78.7,-52.7,1.4,137.4,0x20,405.002,9.3,2625,-1,2.4,,
2026-08-16T12:04:08.000Z,M20-403-2-02857,1470917048,43.89462,4.49812,14612.0,4.7,11.9,74.7,-52.7,1.4,137.3,0x20,405.002,9.1,2625,-1,2.4,,
2026-08-16T12:04:09.000Z,M20-403-2-02857,1470917049,43.89465,4.49827,14616.0,3.5,13.3,72.3,-52.7,1.3,137.2,0x20,405.002,7.5,2625,-1,2.4,,
2026-08-16T12:04:10.000Z,M20-403-2-02857,1470917050,43.89469,4.49843,14620.8,6.6,14.0,74.3,-52.7,1.3,137.1,0x20,405.002,8.7,2625,-1,2.4,,
2026-08-16T12:04:11.000Z,M20-403-2-02857,1470917051,43.89472,4.49860,14625.7,3.5,13.4,78.5,-52.7,1.3,137.0,0x20,405.002,9.8,2625,-1,2.4,,
2026-08-16T12:04:13.000Z,M20-403-2-02857,1470917053,43.89477,4.49891,14634.4,3.7,12.9,72.9,-52.8,1.3,136.8,0x20,405.002,4.7,2625,-1,2.4,,
2026-08-16T12:04:15.000Z,M20-403-2-02857,1470917055,43.89483,4.49922,14644.9,5.4,12.4,75.9,-52.8,1.2,136.6,0x20,405.002,3.3,2625,-1,2.4,,
2026-08-16T12:04:16.000Z,M20-403-2-02857,1470917056,43.89484,4.49938,14649.6,4.0,12.9,87.2,-52.8,1.2,136.5,0x20,405.002,7.4,2625,-1,2.4,,
2026-08-16T12:04:17.000Z,M20-403-2-02857,1470917057,43.89486,4.49955,14655.1,6.2,14.9,76.9,-52.9,1.3,136.4,0x20,405.002,9.1,2625,-1,2.4,,
2026-08-16T12:04:18.000Z,M20-403-2-02857,1470917058,43.89490,4.49973,14660.8,4.2,14.8,69.7,-52.9,1.2,136.3,0x20,405.002,9.1,2625,-1,2.4,,
2026-08-16T12:04:20.000Z,M20-403-2-02857,1470917060,43.89499,4.50007,14670.4,2.5,13.3,72.4,-53.0,1.2,136.1,0x20,405.002,7.6,2625,-1,2.4,,
2026-08-16T12:04:21.000Z,M20-403-2-02857,1470917061,43.89502,4.50023,14673.6,3.9,13.3,73.5,-52.9,1.2,136.0,0x20,405.002,7.6,2625,-1,2.4,,
2026-08-16T12:04:22.000Z,M20-403-2-02857,1470917062,43.89505,4.50041,14676.7,5.5,14.7,78.3,-53.0,1.1,135.9,0x20,405.002,9.8,2625,-1,2.4,,
2026-08-16T12:04:23.000Z,M20-403-2-02857,1470917063,43.89508,4.50059,14681.0,4.1,15.4,70.2,-53.1,1.1,135.8,0x20,405.002,9.8,2625,-1,2.4,,
2026-08-16T12:04:24.000Z,M20-403-2-02857,1470917064,43.89513,4.50077,14686.7,6.8,14.1,70.9,-53.1,1.1,135.7,0x20,405.002,9.9,2625,-1,2.4,,
2026-08-16T12:04:25.000Z,M20-403-2-02857,1470917065,43.89517,4.50093,14692.0,3.7,12.6,72.3,-53.2,1.1,135.6,0x20,405.002,10.8,2625,-1,2.4,,
2026-08-16T12:04:26.000Z,M20-403-2-02857,1470917066,43.89520,4.50108,14696.1,4.8,12.5,69.8,-53.2,1.1,135.5,0x20,405.002,10.8,2625,-1,2.4,,
2026-08-16T12:04:27.000Z,M20-403-2-02857,1470917067,43.89525,4.50124,14700.6,4.7,14.1,66.9,-53.2,1.1,135.4,0x20,405.002,4.4,2625,-1,2.4,,
2026-08-16T12:04:28.000Z,M20-403-2-02857,1470917068,43.89530,4.50141,14705.4,5.0,15.4,66.6,-53.3,1.0,135.3,0x20,405.002,2.7,2625,-1,2.4,,
2026-08-16T12:04:29.000Z,M20-403-2-02857,1470917069,43.89535,4.50158,14711.3,6.5,14.6,70.2,-53.3,1.0,135.2,0x20,405.002,3.5,2625,-1,2.4,,
2026-08-16T12:04:30.000Z,M20-403-2-02857,1470917070,43.89539,4.50175,14715.8,2.6,13.7,72.6,-53.3,1.0,135.1,0x20,405.002,9.0,2625,-1,2.4,,
2026-08-16T12:04:31.000Z,M20-403-2-02857,1470917071,43.89543,4.50191,14719.7,5.6,14.0,71.8,-53.4,1.0,135.0,0x20,405.002,10.0,2625,-1,2.4,,
2026-08-16T12:04:32.000Z,M20-403-2-02857,1470917072,43.89547,4.50209,14724.3,4.4,15.7,68.8,-53.4,1.0,134.9,0x20,405.002,11.8,2625,-1,2.4,,
2026-08-16T12:04:33.000Z,M20-403-2-02857,1470917073,43.89553,4.50227,14728.1,3.9,15.5,65.6,-53.4,0.9,134.8,0x20,405.002,11.8,2625,-1,2.4,,
2026-08-16T12:04:34.000Z,M20-403-2-02857,1470917074,43.89558,4.50243,14732.1,4.6,14.1,66.3,-53.5,0.9,134.7,0x20,405.002,10.9,2625,-1,2.4,,
2026-08-16T12:04:35.000Z,M20-403-2-02857,1470917075,43.89563,4.50259,14736.0,4.1,13.7,68.1,-53.5,0.9,134.6,0x20,405.002,11.4,2625,-1,2.4,,
2026-08-16T12:04:36.000Z,M20-403-2-02857,1470917076,43.89567,4.50276,14740.5,5.0,14.7,69.2,-53.6,0.9,134.5,0x20,405.002,11.4,2625,-1,2.4,,
2026-08-16T12:04:37.000Z,M20-403-2-02857,1470917077,43.89572,4.50293,14743.9,2.9,14.8,69.4,-53.6,0.9,134.4,0x20,405.002,9.4,2625,-1,2.4,,
2026-08-16T12:04:39.000Z,M20-403-2-02857,1470917079,43.89580,4.50328,14751.9,1.8,14.2,74.4,-53.6,0.8,134.2,0x20,405.002,6.0,2625,-1,2.4,,
2026-08-16T12:04:40.000Z,M20-403-2-02857,1470917080,43.89583,4.50346,14756.8,8.0,16.1,74.6,-53.7,0.8,134.1,0x20,405.002,3.5,2625,-1,2.4,,
2026-08-16T12:04:41.000Z,M20-403-2-02857,1470917081,43.89587,4.50367,14762.4,2.7,17.6,71.2,-53.7,0.8,134.0,0x20,405.002,3.5,2625,-1,2.4,,
2026-08-16T12:04:43.000Z,M20-403-2-02857,1470917083,43.89598,4.50406,14771.1,3.4,15.1,69.6,-53.8,0.8,133.8,0x20,405.002,8.8,2625,-1,2.4,,
2026-08-16T12:04:45.000Z,M20-403-2-02857,1470917085,43.89607,4.50441,14779.5,5.2,15.9,71.1,-53.8,0.7,133.6,0x20,405.002,10.1,2625,-1,2.4,,
2026-08-16T12:04:48.000Z,M20-403-2-02857,1470917088,43.89620,4.50501,14794.2,3.2,15.4,73.6,-53.8,0.7,133.3,0x20,405.002,10.2,2625,-1,2.4,,
2026-08-16T12:04:49.000Z,M20-403-2-02857,1470917089,43.89624,4.50519,14798.2,4.6,15.9,69.2,-53.8,0.7,133.2,0x20,405.002,10.8,2625,-1,2.4,,
2026-08-16T12:04:50.000Z,M20-403-2-02857,1470917090,43.89630,4.50539,14802.7,3.6,17.9,66.6,-53.9,0.7,133.1,0x20,405.002,10.8,2625,-1,2.4,,
2026-08-16T12:04:51.000Z,M20-403-2-02857,1470917091,43.89637,4.50559,14806.5,4.1,18.0,63.7,-53.9,0.6,133.0,0x20,405.002,8.3,2625,-1,2.4,,
2026-08-16T12:04:53.000Z,M20-403-2-02857,1470917093,43.89650,4.50597,14817.4,4.0,16.0,64.1,-53.9,0.6,132.8,0x20,405.002,4.2,2625,-1,2.4,,
2026-08-16T12:04:54.000Z,M20-403-2-02857,1470917094,43.89656,4.50616,14822.5,6.2,16.7,72.3,-54.0,0.5,132.8,0x20,405.002,3.6,2625,-1,2.4,,
2026-08-16T12:04:55.000Z,M20-403-2-02857,1470917095,43.89661,4.50637,14827.8,4.3,18.6,68.9,-54.0,0.5,132.7,0x20,405.002,4.6,2625,-1,2.4,,
2026-08-16T12:04:56.000Z,M20-403-2-02857,1470917096,43.89667,4.50658,14833.4,7.2,18.1,71.5,-54.0,0.5,132.5,0x20,405.002,10.7,2625,-1,2.4,,
2026-08-16T12:04:57.000Z,M20-403-2-02857,1470917097,43.89672,4.50679,14838.2,3.5,16.8,69.6,-54.0,0.5,132.4,0x20,405.002,12.6,2625,-1,2.4,,
2026-08-16T12:04:58.000Z,M20-403-2-02857,1470917098,43.89678,4.50698,14841.8,4.5,17.1,64.9,-54.0,0.5,132.3,0x20,405.002,12.6,2625,-1,2.4,,
2026-08-16T12:04:59.000Z,M20-403-2-02857,1470917099,43.89684,4.50718,14846.5,4.0,17.9,67.5,-54.1,0.5,132.2,0x20,405.002,11.9,2625,-1,2.4,,
2026-08-16T12:05:00.000Z,M20-403-2-02857,1470917100,43.89690,4.50738,14851.0,6.2,18.2,65.8,-54.1,0.5,132.2,0x20,405.002,9.6,2625,-1,2.4,,
2026-08-16T12:05:01.000Z,M20-403-2-02857,1470917101,43.89697,4.50758,14856.4,5.2,17.0,69.0,-54.2,0.4,132.0,0x20,405.002,8.3,2625,-1,2.4,,
2026-08-16T12:05:02.000Z,M20-403-2-02857,1470917102,43.89702,4.50777,14859.9,2.2,16.4,69.4,-54.2,0.4,132.0,0x20,405.002,11.9,2625,-1,2.4,,
2026-08-16T12:05:03.000Z,M20-403-2-02857,1470917103,43.89707,4.50798,14864.8,6.5,18.2,72.5,-54.2,0.3,131.8,0x20,405.002,11.9,2625,-1,2.4,,
2026-08-16T12:05:05.000Z,M20-403-2-02857,1470917105,43.89717,4.50841,14874.2,7.1,18.0,71.1,-54.3,0.3,131.7,0x20,405.002,10.6,2625,-1,2.4,,
2026-08-16T12:05:06.000Z,M20-403-2-02857,1470917106,43.89723,4.50862,14880.4,4.0,17.0,68.9,-54.3,0.3,131.6,0x20,405.002,3.2,2625,-1,2.4,,
2026-08-16T12:05:07.000Z,M20-403-2-02857,1470917107,43.89729,4.50881,14884.8,5.4,16.7,65.6,-54.3,0.3,131.5,0x20,405.002,3.1,2625,-1,2.4,,
2026-08-16T12:05:08.000Z,M20-403-2-02857,1470917108,43.89735,4.50900,14888.9,2.9,17.8,65.4,-54.4,0.3,131.4,0x20,405.002,3.1,2625,-1,2.4,,
2026-08-16T12:05:10.000Z,M20-403-2-02857,1470917110,43.89748,4.50942,14899.3,5.4,17.6,69.1,-54.5,0.3,131.2,0x20,405.002,7.3,2625,-1,2.4,,
2026-08-16T12:05:12.000Z,M20-403-2-02857,1470917112,43.89760,4.50982,14907.3,4.9,18.9,67.0,-54.5,0.2,130.9,0x20,405.002,9.9,2625,-1,2.4,,
2026-08-16T12:05:13.000Z,M20-403-2-02857,1470917113,43.89767,4.51004,14911.3,3.3,19.7,68.9,-54.5,0.2,130.9,0x20,405.002,9.1,2625,-1,2.4,,
2026-08-16T12:05:14.000Z,M20-403-2-02857,1470917114,43.89773,4.51026,14916.5,7.1,18.5,69.4,-54.6,0.2,130.8,0x20,405.002,7.7,2625,-1,2.4,,
2026-08-16T12:05:15.000Z,M20-403-2-02857,1470917115,43.89780,4.51046,14921.5,3.2,17.4,66.5,-54.6,0.2,130.7,0x20,405.002,10.0,2625,-1,2.4,,
2026-08-16T12:05:16.000Z,M20-403-2-02857,1470917116,43.89787,4.51065,14926.3,5.2,17.9,58.8,-54.6,0.2,130.6,0x20,405.002,10.0,2625,-1,2.4,,
2026-08-16T12:05:17.000Z,M20-403-2-02857,1470917117,43.89797,4.51086,14931.2,4.2,20.3,57.5,-54.6,0.2,130.5,0x20,405.002,9.6,2625,-1,2.4,,
2026-08-16T12:05:18.000Z,M20-403-2-02857,1470917118,43.89806,4.51108,14935.6,4.5,20.7,62.9,-54.6,0.1,130.4,0x20,405.002,9.3,2625,-1,2.4,,
2026-08-16T12:05:19.000Z,M20-403-2-02857,1470917119,43.89814,4.51130,14939.7,4.2,19.5,67.1,-54.6,0.1,130.3,0x20,405.002,3.6,2625,-1,2.4,,
2026-08-16T12:05:20.000Z,M20-403-2-02857,1470917120,43.89821,4.51152,14943.6,3.4,18.9,70.6,-54.6,0.1,130.2,0x20,405.002,2.6,2625,-1,2.4,,
2026-08-16T12:05:21.000Z,M20-403-2-02857,1470917121,43.89827,4.51173,14947.9,4.8,18.1,66.6,-54.6,0.1,130.1,0x20,405.002,3.7,2625,-1,2.4,,
2026-08-16T12:05:22.000Z,M20-403-2-02857,1470917122,43.89835,4.51194,14952.8,4.7,19.5,61.1,-54.7,0.1,130.0,0x20,405.002,6.2,2625,-1,2.4,,
2026-08-16T12:05:23.000Z,M20-403-2-02857,1470917123,43.89843,4.51215,14957.5,4.2,19.4,58.8,-54.7,0.1,129.9,0x20,405.002,7.5,2625,-1,2.4,,
2026-08-16T12:05:24.000Z,M20-403-2-02857,1470917124,43.89853,4.51234,14962.4,5.1,18.1,53.3,-54.7,0.0,129.9,0x20,405.002,9.6,2625,-1,2.4,,
2026-08-16T12:05:25.000Z,M20-403-2-02857,1470917125,43.89862,4.51252,14967.6,4.2,17.3,55.2,-54.7,0.0,129.8,0x20,405.002,12.3,2625,-1,2.4,,
2026-08-16T12:05:26.000Z,M20-403-2-02857,1470917126,43.89872,4.51270,14972.2,5.3,17.6,57.0,-54.7,0.0,129.7,0x20,405.002,12.3,2625,-1,2.4,,
2026-08-16T12:05:27.000Z,M20-403-2-02857,1470917127,43.89881,4.51290,14976.9,4.5,20.1,58.7,-54.7,0.0,129.6,0x20,405.002,12.2,2625,-1,2.4,,
2026-08-16T12:05:28.000Z,M20-403-2-02857,1470917128,43.89890,4.51312,14980.8,3.6,21.4,62.1,-54.7,0.0,129.5,0x20,405.002,11.1,2625,-1,2.4,,
2026-08-16T12:05:29.000Z,M20-403-2-02857,1470917129,43.89899,4.51335,14985.8,5.9,20.7,64.9,-54.7,0.0,129.4,0x20,405.002,10.3,2625,-1,2.4,,
2026-08-16T12:05:30.000Z,M20-403-2-02857,1470917130,43.89906,4.51358,14990.1,2.4,19.4,64.0,-54.7,0.0,129.3,0x20,405.002,10.3,2625,-1,2.4,,
2026-08-16T12:05:31.000Z,M20-403-2-02857,1470917131,43.89914,4.51380,14993.2,4.0,19.3,60.8,-54.7,0.0,129.2,0x20,405.002,7.8,2625,-1,2.4,,
2026-08-16T12:05:32.000Z,M20-403-2-02857,1470917132,43.89924,4.51401,14997.2,3.5,20.4,55.2,-54.8,0.0,129.1,0x20,405.002,4.2,2625,-1,2.3,,
2026-08-16T12:05:33.000Z,M20-403-2-02857,1470917133,43.89935,4.51421,15001.3,3.8,20.4,51.2,-54.8,0.0,129.0,0x20,405.002,4.2,2625,-1,2.4,,
2026-08-16T12:05:34.000Z,M20-403-2-02857,1470917134,43.89946,4.51441,15005.6,4.6,19.5,51.2,-54.8,0.0,128.9,0x20,405.002,3.1,2625,-1,2.4,,
2026-08-16T12:05:35.000Z,M20-403-2-02857,1470917135,43.89956,4.51460,15010.0,3.7,18.7,53.9,-54.8,0.0,128.9,0x20,405.002,7.8,2625,-1,2.4,,
2026-08-16T12:05:36.000Z,M20-403-2-02857,1470917136,43.89966,4.51479,15014.2,4.5,19.9,55.2,-54.8,0.0,128.8,0x20,405.002,7.8,2625,-1,2.4,,
2026-08-16T12:05:41.000Z,M20-403-2-02857,1470917141,43.90002,4.51595,15036.5,4.9,19.0,70.3,-54.7,0.0,128.3,0x20,405.002,8.8,2625,-1,2.4,,
2026-08-16T12:05:42.000Z,M20-403-2-02857,1470917142,43.90010,4.51617,15041.2,5.3,20.4,62.6,-54.7,0.0,128.2,0x20,405.002,8.8,2625,-1,2.3,,
2026-08-16T12:05:43.000Z,M20-403-2-02857,1470917143,43.90019,4.51640,15045.5,3.6,21.6,55.4,-54.7,0.0,128.1,0x20,405.002,9.8,2625,-1,2.4,,
2026-08-16T12:05:44.000Z,M20-403-2-02857,1470917144,43.90031,4.51662,15049.8,5.3,21.4,53.3,-54.7,0.0,128.0,0x20,405.002,9.8,2625,-1,2.4,,
2026-08-16T12:05:45.000Z,M20-403-2-02857,1470917145,43.90041,4.51683,15053.6,2.7,19.8,53.3,-54.7,0.0,128.0,0x20,405.002,4.0,2625,-1,2.4,,
2026-08-16T12:05:46.000Z,M20-403-2-02857,1470917146,43.90052,4.51703,15056.8,4.3,19.8,55.0,-54.7,0.0,127.9,0x20,405.002,3.3,2625,-1,2.4,,
2026-08-16T12:05:48.000Z,M20-403-2-02857,1470917148,43.90071,4.51747,15066.1,5.6,21.5,61.2,-54.8,0.0,127.7,0x20,405.002,8.1,2625,-1,2.4,,
2026-08-16T12:05:49.000Z,M20-403-2-02857,1470917149,43.90080,4.51770,15071.0,4.5,20.8,64.1,-54.8,0.0,127.6,0x20,405.002,10.3,2625,-1,2.4,,
2026-08-16T12:05:50.000Z,M20-403-2-02857,1470917150,43.90087,4.51793,15075.4,4.1,20.2,65.6,-54.8,0.0,127.5,0x20,405.002,10.3,2625,-1,2.4,,
2026-08-16T12:05:51.000Z,M20-403-2-02857,1470917151,43.90095,4.51816,15079.8,4.8,20.9,63.1,-54.9,0.0,127.4,0x20,405.002,9.7,2625,-1,2.4,,
2026-08-16T12:05:52.000Z,M20-403-2-02857,1470917152,43.90105,4.51840,15084.3,4.2,21.6,59.9,-54.9,0.0,127.3,0x20,405.002,10.6,2625,-1,2.3,,
2026-08-16T12:05:55.000Z,M20-403-2-02857,1470917155,43.90133,4.51908,15098.8,6.8,22.3,61.1,-55.0,0.0,127.0,0x20,405.002,7.1,2625,-1,2.4,,
2026-08-16T12:05:56.000Z,M20-403-2-02857,1470917156,43.90142,4.51933,15103.9,3.8,22.9,62.3,-55.0,0.0,126.9,0x20,405.002,8.1,2625,-1,2.4,,
2026-08-16T12:05:59.000Z,M20-403-2-02857,1470917159,43.90166,4.52006,15119.3,6.2,22.0,66.4,-54.8,0.0,126.6,0x20,405.002,2.8,2625,-1,2.4,,
2026-08-16T12:06:01.000Z,M20-403-2-02857,1470917161,43.90181,4.52058,15129.0,5.9,21.5,69.4,-54.8,0.0,126.4,0x20,405.002,9.1,2625,-1,2.4,,
2026-08-16T12:06:02.000Z,M20-403-2-02857,1470917162,43.90188,4.52083,15134.6,4.7,20.9,68.7,-54.7,0.0,126.3,0x20,405.002,9.1,2625,-1,2.4,,
2026-08-16T12:06:03.000Z,M20-403-2-02857,1470917163,43.90195,4.52108,15140.6,7.4,21.5,67.4,-54.7,0.0,126.2,0x20,405.002,7.3,2625,-1,2.3,,
2026-08-16T12:06:04.000Z,M20-403-2-02857,1470917164,43.90203,4.52133,15145.8,3.2,21.9,66.7,-54.7,0.0,126.1,0x20,405.002,9.1,2625,-1,2.3,,
2026-08-16T12:06:06.000Z,M20-403-2-02857,1470917166,43.90216,4.52183,15156.6,5.2,21.7,72.9,-54.7,0.0,125.9,0x20,405.002,12.8,2625,-1,2.4,,
2026-08-16T12:06:07.000Z,M20-403-2-02857,1470917167,43.90221,4.52210,15162.0,5.3,22.4,75.0,-54.7,0.0,125.8,0x20,405.002,12.8,2625,-1,2.4,,
2026-08-16T12:06:10.000Z,M20-403-2-02857,1470917170,43.90237,4.52283,15174.4,3.9,18.0,71.2,-54.5,0.0,125.5,0x20,405.002,5.4,2625,-1,2.4,,
2026-08-16T12:06:11.000Z,M20-403-2-02857,1470917171,43.90243,4.52305,15177.8,3.3,18.9,71.2,-54.5,0.0,125.4,0x20,405.002,4.0,2625,-1,2.3,,
2026-08-16T12:06:12.000Z,M20-403-2-02857,1470917172,43.90249,4.52328,15181.5,4.5,21.1,70.6,-54.4,0.0,125.3,0x20,405.002,4.0,2625,-1,2.3,,
2026-08-16T12:06:13.000Z,M20-403-2-02857,1470917173,43.90255,4.52354,15185.5,4.4,22.8,69.1,-54.4,0.0,125.2,0x20,405.002,3.3,2625,-1,2.3,,
2026-08-16T12:06:14.000Z,M20-403-2-02857,1470917174,43.90263,4.52382,15191.5,6.1,23.9,71.3,-54.4,0.0,125.2,0x20,405.002,7.6,2625,-1,2.3,,
2026-08-16T12:06:17.000Z,M20-403-2-02857,1470917177,43.90279,4.52463,15205.8,5.3,19.9,73.0,-54.2,0.0,124.8,0x20,405.002,6.5,2625,-1,2.3,,
2026-08-16T12:06:19.000Z,M20-403-2-02857,1470917179,43.90289,4.52507,15214.3,5.3,17.3,73.1,-54.1,0.0,124.7,0x20,405.002,7.9,2625,-1,2.3,,
2026-08-16T12:06:21.000Z,M20-403-2-02857,1470917181,43.90296,4.52549,15222.9,4.8,17.7,78.2,-54.1,0.0,124.5,0x20,405.002,8.8,2625,-1,2.3,,
2026-08-16T12:06:22.000Z,M20-403-2-02857,1470917182,43.90300,4.52571,15227.7,4.3,17.9,74.9,-54.1,0.0,124.4,0x20,405.002,11.9,2625,-1,2.3,,
2026-08-16T12:06:23.000Z,M20-403-2-02857,1470917183,43.90305,4.52593,15231.4,3.0,18.9,73.5,-54.0,0.0,124.3,0x20,405.002,11.9,2625,-1,2.3,,
2026-08-16T12:06:24.000Z,M20-403-2-02857,1470917184,43.90309,4.52617,15235.7,5.4,20.8,77.5,-53.9,0.0,124.2,0x20,405.002,5.2,2625,-1,2.3,,
2026-08-16T12:06:25.000Z,M20-403-2-02857,1470917185,43.90313,4.52643,15240.0,3.2,21.4,79.3,-53.9,0.0,124.1,0x20,405.002,3.1,2625,-1,2.3,,
2026-08-16T12:06:26.000Z,M20-403-2-02857,1470917186,43.90317,4.52669,15244.6,5.1,21.0,75.8,-53.9,0.0,124.1,0x20,405.002,4.7,2625,-1,2.3,,
2026-08-16T12:06:27.000Z,M20-403-2-02857,1470917187,43.90323,4.52693,15249.1,3.4,19.8,71.2,-53.9,0.0,124.0,0x20,405.002,9.4,2625,-1,2.3,,
2026-08-16T12:06:28.000Z,M20-403-2-02857,1470917188,43.90328,4.52716,15253.0,4.0,18.4,72.1,-53.9,0.0,123.9,0x20,405.002,10.0,2625,-1,2.3,,
2026-08-16T12:06:29.000Z,M20-403-2-02857,1470917189,43.90332,4.52738,15257.2,3.4,17.4,79.1,-53.9,0.0,123.8,0x20,405.002,11.1,2625,-1,2.3,,
2026-08-16T12:06:30.000Z,M20-403-2-02857,1470917190,43.90335,4.52759,15261.9,4.8,17.2,81.7,-53.9,0.0,123.7,0x20,405.002,11.1,2625,-1,2.3,,
2026-08-16T12:06:31.000Z,M20-403-2-02857,1470917191,43.90337,4.52780,15267.0,5.5,16.6,82.9,-53.9,0.0,123.6,0x20,405.002,9.6,2625,-1,2.3,,
2026-08-16T12:06:32.000Z,M20-403-2-02857,1470917192,43.90339,4.52801,15271.5,3.6,16.7,82.0,-53.9,0.0,123.5,0x20,405.002,11.9,2625,-1,2.3,,
2026-08-16T12:06:33.000Z,M20-403-2-02857,1470917193,43.90341,4.52822,15276.6,6.0,17.2,79.7,-53.9,0.0,123.4,0x20,405.002,11.9,2625,-1,2.3,,
2026-08-16T12:06:34.000Z,M20-403-2-02857,1470917194,43.90344,4.52844,15282.0,4.2,17.9,82.1,-53.9,0.0,123.4,0x20,405.002,14.3,2625,-1,2.3,,
2026-08-16T12:06:35.000Z,M20-403-2-02857,1470917195,43.90347,4.52867,15287.1,6.4,18.8,78.0,-53.9,0.0,123.3,0x20,405.002,14.3,2625,-1,2.3,,
2026-08-16T12:06:36.000Z,M20-403-2-02857,1470917196,43.90352,4.52890,15292.0,3.0,18.9,73.3,-53.9,0.0,123.2,0x20,405.002,14.0,2625,-1,2.3,,
2026-08-16T12:06:37.000Z,M20-403-2-02857,1470917197,43.90356,4.52913,15296.1,5.3,19.4,76.1,-53.9,0.0,123.1,0x20,405.002,6.5,2625,-1,2.3,,
2026-08-16T12:06:38.000Z,M20-403-2-02857,1470917198,43.90360,4.52936,15299.5,2.0,19.3,79.2,-53.9,0.0,123.0,0x20,405.002,3.2,2625,-1,2.3,,
2026-08-16T12:06:40.000Z,M20-403-2-02857,1470917200,43.90364,4.52980,15308.4,4.1,16.6,79.4,-54.0,0.0,122.8,0x20,405.002,7.8,2625,-1,2.3,,
2026-08-16T12:06:41.000Z,M20-403-2-02857,1470917201,43.90367,4.53000,15311.8,2.5,15.5,79.2,-53.9,0.0,122.7,0x20,405.002,10.6,2625,-1,2.3,,
2026-08-16T12:06:42.000Z,M20-403-2-02857,1470917202,43.90369,4.53020,15316.1,5.1,15.4,86.1,-54.0,0.0,122.6,0x20,405.002,11.9,2625,-1,2.3,,
2026-08-16T12:06:43.000Z,M20-403-2-02857,1470917203,43.90370,4.53039,15320.4,3.5,16.0,86.9,-54.0,0.0,122.5,0x20,405.002,11.9,2625,-1,2.3,,
2026-08-16T12:06:44.000Z,M20-403-2-02857,1470917204,43.90371,4.53060,15325.9,6.8,16.5,80.8,-54.0,0.0,122.4,0x20,405.002,9.9,2625,-1,2.3,,
2026-08-16T12:06:46.000Z,M20-403-2-02857,1470917206,43.90377,4.53101,15335.6,5.8,16.5,73.4,-54.0,0.0,122.3,0x20,405.002,10.4,2625,-1,2.3,,
2026-08-16T12:06:47.000Z,M20-403-2-02857,1470917207,43.90380,4.53121,15340.9,3.4,16.4,82.3,-54.0,0.0,122.2,0x20,405.002,12.8,2625,-1,2.3,,
2026-08-16T12:06:49.000Z,M20-403-2-02857,1470917209,43.90384,4.53159,15351.0,4.0,14.6,80.8,-54.0,0.0,122.0,0x20,405.002,10.2,2625,-1,2.3,,
2026-08-16T12:06:50.000Z,M20-403-2-02857,1470917210,43.90386,4.53177,15355.1,3.9,15.0,79.0,-53.9,0.0,121.9,0x20,405.002,10.2,2625,-1,2.3,,
2026-08-16T12:06:51.000Z,M20-403-2-02857,1470917211,43.90388,4.53196,15359.6,4.8,14.9,85.6,-53.7,0.0,121.8,0x20,405.002,2.7,2625,-1,2.3,,
2026-08-16T12:06:52.000Z,M20-403-2-02857,1470917212,43.90388,4.53214,15364.0,4.4,14.5,91.0,-53.5,0.0,121.7,0x20,405.002,2.8,2625,-1,2.3,,
2026-08-16T12:06:53.000Z,M20-403-2-02857,1470917213,43.90388,4.53233,15369.4,6.1,14.4,87.4,-53.4,0.0,121.6,0x20,405.002,12.4,2625,-1,2.3,,
2026-08-16T12:06:54.000Z,M20-403-2-02857,1470917214,43.90389,4.53250,15372.7,2.7,14.0,82.5,-53.2,0.0,121.6,0x20,405.002,12.4,2625,-1,2.3,,
2026-08-16T12:06:56.000Z,M20-403-2-02857,1470917216,43.90390,4.53286,15383.2,5.0,14.7,91.2,-53.0,0.0,121.4,0x20,405.002,10.5,2625,-1,2.3,,
2026-08-16T12:06:57.000Z,M20-403-2-02857,1470917217,43.90390,4.53304,15389.5,7.8,14.9,91.3,-53.0,0.0,121.3,0x20,405.002,10.5,2625,-1,2.3,,
2026-08-16T12:06:58.000Z,M20-403-2-02857,1470917218,43.90390,4.53323,15395.8,5.2,15.1,85.6,-52.9,0.0,121.2,0x20,405.002,12.9,2625,-1,2.3,,
2026-08-16T12:06:59.000Z,M20-403-2-02857,1470917219,43.90391,4.53341,15400.4,5.1,13.9,88.1,-52.8,0.0,121.1,0x20,405.002,12.9,2625,-1,2.3,,
2026-08-16T12:07:00.000Z,M20-403-2-02857,1470917220,43.90391,4.53360,15405.2,4.2,16.1,97.5,-52.8,0.0,121.0,0x20,405.002,13.5,2625,-1,2.3,,
2026-08-16T12:07:01.000Z,M20-403-2-02857,1470917221,43.90389,4.53378,15410.3,6.7,14.8,93.3,-52.8,0.0,120.9,0x20,405.002,13.5,2625,-1,2.3,,
2026-08-16T12:07:02.000Z,M20-403-2-02857,1470917222,43.90389,4.53396,15415.8,4.7,14.0,87.8,-52.8,0.0,120.8,0x20,405.002,13.5,2625,-1,2.3,,
2026-08-16T12:07:03.000Z,M20-403-2-02857,1470917223,43.90390,4.53414,15420.1,4.0,14.6,87.8,-52.8,0.0,120.7,0x20,405.002,9.3,2625,-1,2.3,,
2026-08-16T12:07:04.000Z,M20-403-2-02857,1470917224,43.90390,4.53432,15425.6,7.5,14.3,91.3,-52.9,0.0,120.6,0x20,405.002,3.0,2625,-1,2.3,,
2026-08-16T12:07:05.000Z,M20-403-2-02857,1470917225,43.90389,4.53449,15429.8,2.2,13.7,97.2,-52.9,0.0,120.5,0x20,405.002,3.0,2625,-1,2.3,,
2026-08-16T12:07:06.000Z,M20-403-2-02857,1470917226,43.90387,4.53465,15432.4,3.5,12.6,102.1,-52.9,0.0,120.5,0x20,405.002,4.9,2625,-1,2.3,,
2026-08-16T12:07:07.000Z,M20-403-2-02857,1470917227,43.90385,4.53481,15436.2,4.4,12.6,103.4,-52.8,0.0,120.4,0x20,405.002,10.5,2625,-1,2.3,,
2026-08-16T12:07:08.000Z,M20-403-2-02857,1470917228,43.90383,4.53496,15440.8,4.7,11.5,97.5,-52.8,0.0,120.3,0x20,405.002,14.4,2625,-1,2.3,,
2026-08-16T12:07:09.000Z,M20-403-2-02857,1470917229,43.90381,4.53511,15446.3,6.0,13.0,99.0,-52.8,0.0,120.2,0x20,405.002,14.4,2625,-1,2.3,,
2026-08-16T12:07:10.000Z,M20-403-2-02857,1470917230,43.90380,4.53527,15451.4,4.8,13.7,97.9,-52.8,0.0,120.1,0x20,405.002,12.7,2625,-1,2.3,,
2026-08-16T12:07:11.000Z,M20-403-2-02857,1470917231,43.90379,4.53544,15456.8,6.1,14.2,90.2,-52.9,0.0,120.0,0x20,405.002,14.0,2625,-1,2.3,,
2026-08-16T12:07:12.000Z,M20-403-2-02857,1470917232,43.90379,4.53562,15461.6,3.7,13.6,88.4,-52.9,0.0,119.9,0x20,405.002,14.0,2625,-1,2.3,,
2026-08-16T12:07:13.000Z,M20-403-2-02857,1470917233,43.90379,4.53578,15465.8,5.4,13.7,88.1,-52.9,0.0,119.8,0x20,405.002,12.9,2625,-1,2.3,,
2026-08-16T12:07:14.000Z,M20-403-2-02857,1470917234,43.90379,4.53596,15470.2,3.7,14.1,92.7,-52.9,0.0,119.8,0x20,405.002,10.4,2625,-1,2.3,,
2026-08-16T12:07:15.000Z,M20-403-2-02857,1470917235,43.90379,4.53613,15475.2,5.5,12.7,90.0,-53.0,0.0,119.7,0x20,405.002,10.4,2625,-1,2.3,,
2026-08-16T12:07:16.000Z,M20-403-2-02857,1470917236,43.90379,4.53628,15479.9,3.7,11.5,87.6,-53.0,0.0,119.6,0x20,405.002,10.4,2625,-1,2.3,,
2026-08-16T12:07:17.000Z,M20-403-2-02857,1470917237,43.90380,4.53641,15483.8,5.7,11.0,88.4,-53.0,0.0,119.5,0x20,405.002,3.6,2625,-1,2.3,,
2026-08-16T12:07:18.000Z,M20-403-2-02857,1470917238,43.90379,4.53655,15488.1,3.3,11.3,97.3,-53.0,0.0,119.4,0x20,405.002,3.4,2625,-1,2.3,,
2026-08-16T12:07:19.000Z,M20-403-2-02857,1470917239,43.90378,4.53670,15493.1,6.0,12.3,96.8,-53.0,0.0,119.3,0x20,405.002,8.4,2625,-1,2.3,,
2026-08-16T12:07:20.000Z,M20-403-2-02857,1470917240,43.90377,4.53685,15498.2,4.6,11.9,93.6,-53.0,0.0,119.2,0x20,405.002,11.4,2625,-1,2.3,,
2026-08-16T12:07:21.000Z,M20-403-2-02857,1470917241,43.90376,4.53700,15502.5,3.5,12.1,92.3,-53.0,0.0,119.1,0x20,405.002,11.6,2625,-1,2.3,,
2026-08-16T12:07:22.000Z,M20-403-2-02857,1470917242,43.90375,4.53717,15506.8,5.5,13.9,91.7,-53.0,0.0,119.0,0x20,405.002,11.6,2625,-1,2.3,,
2026-08-16T12:07:23.000Z,M20-403-2-02857,1470917243,43.90375,4.53734,15511.2,4.4,14.6,95.2,-53.0,0.0,119.0,0x20,405.002,10.8,2625,-1,2.3,,
2026-08-16T12:07:24.000Z,M20-403-2-02857,1470917244,43.90373,4.53752,15516.5,6.5,13.8,97.0,-53.0,0.0,118.9,0x20,405.002,12.8,2625,-1,2.3,,
2026-08-16T12:07:25.000Z,M20-403-2-02857,1470917245,43.90372,4.53768,15522.0,4.9,11.8,89.9,-53.0,0.0,118.8,0x20,405.002,14.3,2625,-1,2.3,,
2026-08-16T12:07:26.000Z,M20-403-2-02857,1470917246,43.90372,4.53782,15526.0,4.0,10.3,93.2,-53.0,0.0,118.7,0x20,405.002,14.3,2625,-1,2.3,,
2026-08-16T12:07:27.000Z,M20-403-2-02857,1470917247,43.90371,4.53795,15530.4,4.7,11.0,98.0,-53.0,0.0,118.6,0x20,405.002,13.3,2625,-1,2.3,,
2026-08-16T12:07:28.000Z,M20-403-2-02857,1470917248,43.90370,4.53809,15535.4,5.2,11.0,98.4,-53.1,0.0,118.5,0x20,405.002,13.3,2625,-1,2.3,,
2026-08-16T12:07:29.000Z,M20-403-2-02857,1470917249,43.90369,4.53822,15540.3,5.5,10.8,92.5,-53.1,0.0,118.4,0x20,405.002,9.7,2625,-1,2.3,,
2026-08-16T12:07:30.000Z,M20-403-2-02857,1470917250,43.90368,4.53836,15545.2,3.9,11.2,90.3,-53.1,0.0,118.3,0x20,405.002,3.6,2625,-1,2.3,,
2026-08-16T12:07:31.000Z,M20-403-2-02857,1470917251,43.90368,4.53851,15549.8,5.2,11.7,92.6,-53.1,0.0,118.2,0x20,405.002,3.7,2625,-1,2.3,,
2026-08-16T12:07:32.000Z,M20-403-2-02857,1470917252,43.90368,4.53865,15553.9,3.0,12.1,95.4,-53.1,0.0,118.1,0x20,405.002,9.9,2625,-1,2.3,,
2026-08-16T12:07:33.000Z,M20-403-2-02857,1470917253,43.90366,4.53881,15558.6,5.9,12.8,103.2,-53.0,0.0,118.0,0x20,405.002,11.1,2625,-1,2.3,,
2026-08-16T12:07:34.000Z,M20-403-2-02857,1470917254,43.90364,4.53895,15564.5,5.9,10.0,99.9,-53.0,0.0,118.0,0x20,405.002,14.3,2625,-1,2.3,,
2026-08-16T12:07:35.000Z,M20-403-2-02857,1470917255,43.90362,4.53906,15570.0,4.6,7.9,95.6,-53.0,0.0,117.8,0x20,405.002,14.3,2625,-1,2.3,,
2026-08-16T12:07:36.000Z,M20-403-2-02857,1470917256,43.90361,4.53915,15573.6,3.3,6.8,112.7,-53.0,0.0,117.7,0x20,405.002,11.7,2625,-1,2.3,,
2026-08-16T12:07:37.000Z,M20-403-2-02857,1470917257,43.90358,4.53924,15578.3,5.4,9.9,117.4,-53.0,0.0,117.7,0x20,405.002,11.5,2625,-1,2.3,,
2026-08-16T12:07:38.000Z,M20-403-2-02857,1470917258,43.90354,4.53938,15583.6,5.0,13.1,107.7,-53.0,0.0,117.6,0x20,405.002,13.1,2625,-1,2.3,,
2026-08-16T12:07:39.000Z,M20-403-2-02857,1470917259,43.90351,4.53954,15587.5,2.9,14.2,100.9,-53.0,0.0,117.5,0x20,405.002,15.9,2625,-1,2.3,,
2026-08-16T12:07:40.000Z,M20-403-2-02857,1470917260,43.90349,4.53971,15592.1,5.9,13.2,96.5,-53.0,0.0,117.4,0x20,405.002,15.9,2625,-1,2.3,,
2026-08-16T12:07:41.000Z,M20-403-2-02857,1470917261,43.90349,4.53986,15597.9,5.0,11.4,93.0,-53.0,0.0,117.3,0x20,405.002,14.7,2625,-1,2.3,,
2026-08-16T12:07:42.000Z,M20-403-2-02857,1470917262,43.90347,4.54000,15602.1,4.3,10.1,99.8,-53.0,0.0,117.2,0x20,405.002,8.6,2625,-1,2.3,,
2026-08-16T12:07:43.000Z,M20-403-2-02857,1470917263,43.90345,4.54013,15607.1,5.8,11.6,105.9,-53.1,0.0,117.1,0x20,405.002,3.5,2625,-1,2.3,,
2026-08-16T12:07:44.000Z,M20-403-2-02857,1470917264,43.90342,4.54026,15611.5,3.1,11.5,108.3,-53.1,0.0,117.0,0x20,405.002,3.5,2625,-1,2.3,,
2026-08-16T12:07:45.000Z,M20-403-2-02857,1470917265,43.90339,4.54041,15615.7,5.0,11.8,104.7,-53.2,0.0,117.0,0x20,405.002,7.3,2625,-1,2.3,,
2026-08-16T12:07:46.000Z,M20-403-2-02857,1470917266,43.90337,4.54054,15621.0,5.6,10.7,98.4,-53.2,0.0,116.9,0x20,405.002,12.7,2625,-1,2.3,,
2026-08-16T12:07:47.000Z,M20-403-2-02857,1470917267,43.90336,4.54068,15625.9,4.9,10.4,92.3,-53.2,0.0,116.8,0x20,405.002,12.7,2625,-1,2.3,,
2026-08-16T12:07:48.000Z,M20-403-2-02857,1470917268,43.90335,4.54081,15631.6,6.5,11.8,103.5,-53.3,0.0,116.7,0x20,405.002,15.2,2625,-1,2.3,,
2026-08-16T12:07:49.000Z,M20-403-2-02857,1470917269,43.90331,4.54096,15636.8,4.1,13.2,110.3,-53.3,0.0,116.6,0x20,405.002,15.2,2625,-1,2.3,,
2026-08-16T12:07:50.000Z,M20-403-2-02857,1470917270,43.90327,4.54112,15640.3,3.2,13.8,113.1,-53.4,0.0,116.5,0x20,405.002,14.2,2625,-1,2.3,,
2026-08-16T12:07:51.000Z,M20-403-2-02857,1470917271,43.90322,4.54127,15645.1,6.5,12.9,106.4,-53.4,0.0,116.4,0x20,405.002,11.3,2625,-1,2.3,,
2026-08-16T12:07:52.000Z,M20-403-2-02857,1470917272,43.90320,4.54142,15650.9,5.3,12.0,96.9,-53.5,0.0,116.3,0x20,405.002,12.4,2625,-1,2.3,,
2026-08-16T12:07:53.000Z,M20-403-2-02857,1470917273,43.90319,4.54157,15656.0,5.3,11.5,94.4,-53.5,0.0,116.2,0x20,405.002,12.4,2625,-1,2.3,,
2026-08-16T12:07:54.000Z,M20-403-2-02857,1470917274,43.90317,4.54171,15661.1,5.5,11.5,102.1,-53.6,0.0,116.1,0x20,405.002,11.1,2625,-1,2.3,,
2026-08-16T12:07:55.000Z,M20-403-2-02857,1470917275,43.90314,4.54185,15665.2,3.4,11.4,112.5,-53.6,0.0,116.1,0x20,405.002,8.8,2625,-1,2.3,,
2026-08-16T12:07:56.000Z,M20-403-2-02857,1470917276,43.90310,4.54197,15670.0,6.3,11.1,122.8,-53.6,0.0,115.9,0x20,405.002,3.3,2625,-1,2.3,,
2026-08-16T12:07:57.000Z,M20-403-2-02857,1470917277,43.90305,4.54209,15674.9,4.1,10.9,120.1,-53.7,0.0,115.9,0x20,405.002,3.3,2625,-1,2.3,,
2026-08-16T12:07:58.000Z,M20-403-2-02857,1470917278,43.90300,4.54221,15679.4,5.0,12.4,119.1,-53.7,0.0,115.8,0x20,405.002,6.3,2625,-1,2.3,,
2026-08-16T12:07:59.000Z,M20-403-2-02857,1470917279,43.90294,4.54236,15684.3,5.1,14.4,117.1,-53.8,0.0,115.7,0x20,405.002,12.5,2625,-1,2.3,,
2026-08-16T12:08:00.000Z,M20-403-2-02857,1470917280,43.90289,4.54253,15690.1,5.7,15.1,108.6,-53.8,0.0,115.6,0x20,405.002,12.9,2625,-1,2.3,,
2026-08-16T12:08:01.000Z,M20-403-2-02857,1470917281,43.90286,4.54270,15695.8,5.9,13.6,98.6,-53.9,0.0,115.5,0x20,405.002,13.6,2625,-1,2.3,,
2026-08-16T12:08:02.000Z,M20-403-2-02857,1470917282,43.90285,4.54286,15700.0,2.9,12.5,92.5,-53.9,0.0,115.4,0x20,405.002,13.6,2625,-1,2.3,,
2026-08-16T12:08:03.000Z,M20-403-2-02857,1470917283,43.90285,4.54300,15703.3,4.8,11.6,92.4,-53.9,0.0,115.4,0x20,405.002,13.6,2625,-1,2.3,,
2026-08-16T12:08:04.000Z,M20-403-2-02857,1470917284,43.90284,4.54315,15708.2,4.4,12.3,100.9,-54.0,0.0,115.3,0x20,405.002,10.5,2625,-1,2.3,,
2026-08-16T12:08:05.000Z,M20-403-2-02857,1470917285,43.90281,4.54330,15712.6,4.6,12.4,111.5,-54.0,0.0,115.2,0x20,405.002,10.1,2625,-1,2.3,,
2026-08-16T12:08:06.000Z,M20-403-2-02857,1470917286,43.90276,4.54343,15717.6,5.5,11.2,116.4,-54.1,0.0,115.1,0x20,405.002,11.3,2625,-1,2.3,,
2026-08-16T12:08:07.000Z,M20-403-2-02857,1470917287,43.90272,4.54354,15722.0,3.6,9.9,117.0,-54.1,0.0,115.0,0x20,405.002,12.4,2625,-1,2.3,,
2026-08-16T12:08:08.000Z,M20-403-2-02857,1470917288,43.90268,4.54366,15726.4,5.7,10.8,113.8,-54.1,0.0,114.9,0x20,405.002,12.4,2625,-1,2.3,,
2026-08-16T12:08:09.000Z,M20-403-2-02857,1470917289,43.90265,4.54379,15731.5,4.6,12.7,110.9,-54.2,0.0,114.8,0x20,405.002,3.6,2625,-1,2.3,,
2026-08-16T12:08:10.000Z,M20-403-2-02857,1470917290,43.90261,4.54394,15736.3,5.6,13.1,104.3,-54.2,0.0,114.7,0x20,405.002,3.3,2625,-1,2.3,,
2026-08-16T12:08:11.000Z,M20-403-2-02857,1470917291,43.90259,4.54409,15741.2,4.3,11.8,98.5,-54.2,0.0,114.6,0x20,405.002,6.9,2625,-1,2.3,,
2026-08-16T12:08:12.000Z,M20-403-2-02857,1470917292,43.90258,4.54423,15745.3,3.6,10.5,95.8,-54.3,0.0,114.6,0x20,405.002,8.2,2625,-1,2.3,,
2026-08-16T12:08:13.000Z,M20-403-2-02857,1470917293,43.90257,4.54436,15749.5,4.7,10.9,98.1,-54.3,0.0,114.5,0x20,405.002,13.7,2625,-1,2.3,,
2026-08-16T12:08:14.000Z,M20-403-2-02857,1470917294,43.90256,4.54450,15754.3,5.0,11.4,101.1,-54.3,0.0,114.4,0x20,405.002,13.7,2625,-1,2.3,,
2026-08-16T12:08:15.000Z,M20-403-2-02857,1470917295,43.90254,4.54463,15759.5,5.2,9.7,104.8,-54.3,0.0,114.3,0x20,405.002,13.0,2625,-1,2.3,,
2026-08-16T12:08:16.000Z,M20-403-2-02857,1470917296,43.90252,4.54474,15763.7,2.4,9.8,106.2,-54.3,0.0,114.2,0x20,405.002,13.0,2625,-1,2.3,,
2026-08-16T12:08:17.000Z,M20-403-2-02857,1470917297,43.90249,4.54487,15768.3,6.0,11.0,110.5,-54.3,0.0,114.1,0x20,405.002,11.4,2625,-1,2.3,,
2026-08-16T12:08:18.000Z,M20-403-2-02857,1470917298,43.90245,4.54500,15773.1,3.2,12.1,109.0,-54.3,0.0,114.0,0x20,405.002,11.4,2625,-1,2.3,,
2026-08-16T12:08:19.000Z,M20-403-2-02857,1470917299,43.90242,4.54515,15777.6,5.1,12.7,101.0,-54.4,0.0,113.9,0x20,405.002,12.4,2625,-1,2.3,,
2026-08-16T12:08:20.000Z,M20-403-2-02857,1470917300,43.90241,4.54531,15783.4,5.1,11.5,92.2,-54.4,0.0,113.8,0x20,405.002,12.4,2625,-1,2.3,,
2026-08-16T12:08:21.000Z,M20-403-2-02857,1470917301,43.90241,4.54544,15788.1,3.6,10.1,92.6,-54.5,0.0,113.7,0x20,405.002,10.7,2625,-1,2.3,,
2026-08-16T12:08:22.000Z,M20-403-2-02857,1470917302,43.90240,4.54557,15793.1,5.9,10.0,97.7,-54.5,0.0,113.7,0x20,405.002,3.1,2625,-1,2.3,,
2026-08-16T12:08:23.000Z,M20-403-2-02857,1470917303,43.90238,4.54569,15798.1,3.8,10.4,106.5,-54.5,0.0,113.6,0x20,405.002,3.3,2625,-1,2.3,,
2026-08-16T12:08:24.000Z,M20-403-2-02857,1470917304,43.90235,4.54581,15803.2,6.1,10.0,113.1,-54.5,0.0,113.5,0x20,405.002,3.8,2625,-1,2.3,,
2026-08-16T12:08:25.000Z,M20-403-2-02857,1470917305,43.90232,4.54591,15808.7,5.1,8.5,114.1,-54.6,0.0,113.3,0x20,405.002,7.9,2625,-1,2.3,,
2026-08-16T12:08:26.000Z,M20-403-2-02857,1470917306,43.90229,4.54601,15813.1,3.5,7.7,108.0,-54.6,0.0,113.3,0x20,405.002,12.9,2625,-1,2.3,,
2026-08-16T12:08:27.000Z,M20-403-2-02857,1470917307,43.90227,4.54611,15818.0,6.0,9.3,109.5,-54.6,0.0,113.2,0x20,405.002,12.9,2625,-1,2.3,,
2026-08-16T12:08:28.000Z,M20-403-2-02857,1470917308,43.90224,4.54623,15823.3,4.2,10.7,109.8,-54.6,0.0,113.1,0x20,405.002,10.6,2625,-1,2.3,,
2026-08-16T12:08:29.000Z,M20-403-2-02857,1470917309,43.90221,4.54635,15828.6,6.2,10.5,109.7,-54.7,0.0,113.0,0x20,405.002,10.4,2625,-1,2.3,,
2026-08-16T12:08:30.000Z,M20-403-2-02857,1470917310,43.90218,4.54647,15834.5,5.0,8.9,101.1,-54.7,0.0,112.9,0x20,405.002,10.4,2625,-1,2.3,,
2026-08-16T12:08:31.000Z,M20-403-2-02857,1470917311,43.90217,4.54657,15838.8,3.2,8.0,97.3,-54.7,0.0,112.8,0x20,405.002,10.5,2625,-1,2.3,,
2026-08-16T12:08:32.000Z,M20-403-2-02857,1470917312,43.90216,4.54666,15843.3,5.5,7.4,111.2,-54.7,0.0,112.8,0x20,405.002,12.1,2625,-1,2.3,,
2026-08-16T12:08:33.000Z,M20-403-2-02857,1470917313,43.90212,4.54675,15848.4,4.8,8.8,120.8,-54.7,0.0,112.7,0x20,405.002,12.1,2625,-1,2.3,,
2026-08-16T12:08:34.000Z,M20-403-2-02857,1470917314,43.90208,4.54685,15853.4,5.1,9.4,115.4,-54.7,0.0,112.6,0x20,405.002,12.1,2625,-1,2.3,,
2026-08-16T12:08:35.000Z,M20-403-2-02857,1470917315,43.90205,4.54696,15858.8,4.9,9.1,107.6,-54.8,0.0,112.5,0x20,405.002,10.8,2625,-1,2.3,,
2026-08-16T12:08:36.000Z,M20-403-2-02857,1470917316,43.90203,4.54707,15863.4,4.7,9.0,101.8,-54.7,0.0,112.4,0x20,405.002,2.8,2625,-1,2.3,,
2026-08-16T12:08:37.000Z,M20-403-2-02857,1470917317,43.90201,4.54718,15867.9,4.4,9.1,106.9,-54.8,0.0,112.3,0x20,405.002,2.7,2625,-1,2.3,,
2026-08-16T12:08:38.000Z,M20-403-2-02857,1470917318,43.90199,4.54728,15872.1,3.8,8.9,109.4,-54.8,0.0,112.2,0x20,405.002,7.8,2625,-1,2.3,,
2026-08-16T12:08:39.000Z,M20-403-2-02857,1470917319,43.90197,4.54738,15877.2,6.4,7.1,105.2,-54.8,0.0,112.1,0x20,405.002,8.0,2625,-1,2.3,,
2026-08-16T12:08:40.000Z,M20-403-2-02857,1470917320,43.90196,4.54746,15881.9,3.3,6.7,100.2,-54.8,0.0,112.0,0x20,405.002,10.9,2625,-1,2.3,,
2026-08-16T12:08:41.000Z,M20-403-2-02857,1470917321,43.90194,4.54755,15887.0,6.5,7.8,105.9,-54.9,0.0,112.0,0x20,405.002,11.7,2625,-1,2.3,,
2026-08-16T12:08:42.000Z,M20-403-2-02857,1470917322,43.90192,4.54765,15891.5,2.7,8.9,110.7,-54.8,0.0,111.9,0x20,405.002,11.9,2625,-1,2.3,,
2026-08-16T12:08:43.000Z,M20-403-2-02857,1470917323,43.90189,4.54777,15896.7,7.1,9.5,99.6,-54.9,0.0,111.8,0x20,405.002,11.9,2625,-1,2.3,,
2026-08-16T12:08:44.000Z,M20-403-2-02857,1470917324,43.90188,4.54788,15902.0,2.9,9.3,92.1,-54.9,0.0,111.7,0x20,405.002,11.8,2625,-1,2.3,,
2026-08-16T12:08:45.000Z,M20-403-2-02857,1470917325,43.90188,4.54800,15905.2,3.3,8.6,95.7,-54.9,0.0,111.6,0x20,405.002,11.8,2625,-1,2.3,,
2026-08-16T12:08:47.000Z,M20-403-2-02857,1470917327,43.90183,4.54822,15914.0,5.4,10.0,109.3,-55.0,0.0,111.4,0x20,405.002,7.1,2625,-1,2.3,,
2026-08-16T12:08:48.000Z,M20-403-2-02857,1470917328,43.90181,4.54834,15920.3,6.0,8.4,98.3,-55.1,0.0,111.3,0x20,405.002,7.1,2625,-1,2.3,,
2026-08-16T12:08:49.000Z,M20-403-2-02857,1470917329,43.90181,4.54844,15925.6,3.7,7.7,89.9,-55.1,0.0,111.2,0x20,405.002,3.5,2625,-1,2.3,,
2026-08-16T12:08:50.000Z,M20-403-2-02857,1470917330,43.90181,4.54854,15930.7,6.4,7.9,90.7,-55.2,0.0,111.2,0x20,405.002,5.2,2625,-1,2.3,,
2026-08-16T12:08:51.000Z,M20-403-2-02857,1470917331,43.90180,4.54865,15935.6,3.3,9.9,97.4,-55.2,0.0,111.0,0x20,405.002,10.2,2625,-1,2.3,,
2026-08-16T12:08:53.000Z,M20-403-2-02857,1470917333,43.90178,4.54890,15946.1,4.4,9.8,93.6,-55.2,0.0,110.9,0x20,405.002,7.4,2625,-1,2.3,,
2026-08-16T12:08:54.000Z,M20-403-2-02857,1470917334,43.90178,4.54902,15951.0,4.8,8.6,93.5,-55.2,0.0,110.8,0x20,405.002,9.9,2625,-1,2.3,,
2026-08-16T12:08:55.000Z,M20-403-2-02857,1470917335,43.90176,4.54913,15956.2,5.0,9.0,102.7,-55.2,0.0,110.7,0x20,405.002,12.8,2625,-1,2.3,,
2026-08-16T12:08:56.000Z,M20-403-2-02857,1470917336,43.90174,4.54924,15960.8,4.7,8.9,102.6,-55.2,0.0,110.6,0x20,405.002,12.8,2625,-1,2.3,,
2026-08-16T12:08:57.000Z,M20-403-2-02857,1470917337,43.90173,4.54934,15966.6,6.6,8.2,92.6,-55.2,0.0,110.5,0x20,405.002,10.8,2625,-1,2.3,,
2026-08-16T12:08:58.000Z,M20-403-2-02857,1470917338,43.90174,4.54945,15972.1,4.1,9.1,84.6,-55.1,0.0,110.4,0x20,405.002,10.3,2625,-1,2.3,,
2026-08-16T12:08:59.000Z,M20-403-2-02857,1470917339,43.90174,4.54958,15977.3,5.7,10.4,91.6,-55.1,0.0,110.4,0x20,405.002,10.4,2625,-1,2.3,,
2026-08-16T12:09:00.000Z,M20-403-2-02857,1470917340,43.90173,4.54971,15982.4,4.7,10.6,97.2,-55.1,0.0,110.3,0x20,405.002,10.4,2625,-1,2.3,,
2026-08-16T12:09:01.000Z,M20-403-2-02857,1470917341,43.90172,4.54983,15987.7,6.1,10.3,98.2,-55.2,0.0,110.2,0x20,405.002,5.5,2625,-1,2.3,,
2026-08-16T12:09:02.000Z,M20-403-2-02857,1470917342,43.90171,4.54996,15992.5,4.6,9.1,92.3,-55.2,0.0,110.1,0x20,405.002,3.5,2625,-1,2.3,,
2026-08-16T12:09:03.000Z,M20-403-2-02857,1470917343,43.90171,4.55007,15995.9,2.1,8.5,90.7,-55.2,0.0,110.0,0x20,405.002,4.4,2625,-1,2.3,,
2026-08-16T12:09:05.000Z,M20-403-2-02857,1470917345,43.90170,4.55029,16006.1,5.2,9.2,98.9,-55.3,0.0,109.8,0x20,405.002,8.6,2625,-1,2.3,,
2026-08-16T12:09:06.000Z,M20-403-2-02857,1470917346,43.90169,4.55040,16012.1,6.5,8.8,90.3,-55.4,0.0,109.7,0x20,405.002,9.5,2625,-1,2.3,,
2026-08-16T12:09:07.000Z,M20-403-2-02857,1470917347,43.90169,4.55051,16017.4,3.9,8.3,86.4,-55.4,0.0,109.7,0x20,405.002,12.9,2625,-1,2.3,,
2026-08-16T12:09:08.000Z,M20-403-2-02857,1470917348,43.90169,4.55061,16023.0,7.5,8.1,93.4,-55.4,0.0,109.6,0x20,405.002,13.0,2625,-1,2.3,,
2026-08-16T12:09:09.000Z,M20-403-2-02857,1470917349,43.90169,4.55071,16028.2,3.2,8.3,97.8,-55.4,0.0,109.5,0x20,405.002,13.0,2625,-1,2.3,,
2026-08-16T12:09:10.000Z,M20-403-2-02857,1470917350,43.90169,4.55082,16034.0,8.5,8.9,89.6,-55.5,0.0,109.3,0x20,405.002,10.8,2625,-1,2.3,,
2026-08-16T12:09:11.000Z,M20-403-2-02857,1470917351,43.90169,4.55093,16039.8,3.6,8.1,81.2,-55.5,0.0,109.3,0x20,405.002,13.9,2625,-1,2.3,,
2026-08-16T12:09:12.000Z,M20-403-2-02857,1470917352,43.90170,4.55103,16043.8,4.9,8.1,82.2,-55.5,0.0,109.2,0x20,405.002,13.9,2625,-1,2.3,,
2026-08-16T12:09:13.000Z,M20-403-2-02857,1470917353,43.90170,4.55113,16047.3,3.2,8.1,93.3,-55.5,0.0,109.1,0x20,405.002,10.8,2625,-1,2.3,,
2026-08-16T12:09:14.000Z,M20-403-2-02857,1470917354,43.90170,4.55124,16052.1,5.3,9.0,89.6,-55.5,0.0,109.0,0x20,405.002,4.3,2625,-1,2.3,,
2026-08-16T12:09:15.000Z,M20-403-2-02857,1470917355,43.90170,4.55135,16056.6,4.1,8.8,80.5,-55.6,0.0,108.9,0x20,405.002,2.9,2625,-1,2.3,,
2026-08-16T12:09:16.000Z,M20-403-2-02857,1470917356,43.90172,4.55146,16060.1,3.1,8.5,81.1,-55.6,0.0,108.8,0x20,405.002,5.0,2625,-1,2.3,,
2026-08-16T12:09:17.000Z,M20-403-2-02857,1470917357,43.90172,4.55157,16064.5,4.9,9.3,89.0,-55.6,0.0,108.8,0x20,405.002,9.2,2625,-1,2.3,,
2026-08-16T12:09:18.000Z,M20-403-2-02857,1470917358,43.90172,4.55169,16069.5,4.8,9.6,92.4,-55.7,0.0,108.7,0x20,405.002,10.8,2625,-1,2.3,,
2026-08-16T12:09:20.000Z,M20-403-2-02857,1470917360,43.90172,4.55191,16080.3,3.3,8.3,83.0,-55.7,0.0,108.5,0x20,405.002,11.4,2625,-1,2.3,,
2026-08-16T12:09:21.000Z,M20-403-2-02857,1470917361,43.90174,4.55201,16084.7,5.5,8.1,68.5,-55.8,0.0,108.4,0x20,405.002,11.8,2625,-1,2.3,,
2026-08-16T12:09:22.000Z,M20-403-2-02857,1470917362,43.90176,4.55211,16090.1,5.3,7.9,77.2,-55.8,0.0,108.3,0x20,405.002,11.8,2625,-1,2.3,,
2026-08-16T12:09:23.000Z,M20-403-2-02857,1470917363,43.90177,4.55221,16095.2,5.4,8.8,86.5,-55.8,0.0,108.2,0x20,405.002,10.7,2625,-1,2.3,,
2026-08-16T12:09:24.000Z,M20-403-2-02857,1470917364,43.90179,4.55232,16101.3,6.4,8.1,74.2,-55.8,0.0,108.2,0x20,405.002,12.2,2625,-1,2.3,,
2026-08-16T12:09:25.000Z,M20-403-2-02857,1470917365,43.90181,4.55241,16105.3,2.7,7.3,69.8,-55.8,0.0,108.1,0x20,405.002,12.2,2625,-1,2.3,,
2026-08-16T12:09:26.000Z,M20-403-2-02857,1470917366,43.90183,4.55251,16109.6,5.6,9.0,79.4,-55.8,0.0,108.0,0x20,405.002,8.7,2625,-1,2.3,,
2026-08-16T12:09:27.000Z,M20-403-2-02857,1470917367,43.90185,4.55262,16114.6,4.2,9.5,74.6,-55.7,0.0,107.9,0x20,405.002,4.3,2625,-1,2.3,,
2026-08-16T12:09:28.000Z,M20-403-2-02857,1470917368,43.90188,4.55272,16119.6,5.1,8.3,64.3,-55.6,0.0,107.8,0x20,405.002,3.4,2625,-1,2.3,,
2026-08-16T12:09:29.000Z,M20-403-2-02857,1470917369,43.90191,4.55281,16124.2,3.6,7.3,63.8,-55.4,0.0,107.7,0x20,405.002,3.4,2625,-1,2.3,,
2026-08-16T12:09:30.000Z,M20-403-2-02857,1470917370,43.90194,4.55290,16129.0,5.9,7.5,72.6,-55.4,0.0,107.7,0x20,405.002,9.2,2625,-1,2.3,,
2026-08-16T12:09:31.000Z,M20-403-2-02857,1470917371,43.90195,4.55300,16134.3,4.0,8.6,83.4,-55.4,0.0,107.6,0x20,405.002,12.5,2625,-1,2.3,,
2026-08-16T12:09:33.000Z,M20-403-2-02857,1470917373,43.90196,4.55321,16143.9,5.8,8.3,81.5,-55.4,0.0,107.3,0x20,405.002,9.9,2625,-1,2.3,,
2026-08-16T12:09:34.000Z,M20-403-2-02857,1470917374,43.90198,4.55331,16148.6,2.9,8.1,72.3,-55.3,0.0,107.3,0x20,405.002,12.5,2625,-1,2.3,,
2026-08-16T12:09:35.000Z,M20-403-2-02857,1470917375,43.90201,4.55341,16152.5,5.1,9.2,67.0,-55.4,0.0,107.2,0x20,405.002,12.5,2625,-1,2.3,,
2026-08-16T12:09:36.000Z,M20-403-2-02857,1470917376,43.90204,4.55351,16157.3,4.4,9.3,74.0,-55.4,0.0,107.1,0x20,405.002,11.1,2625,-1,2.3,,
2026-08-16T12:09:37.000Z,M20-403-2-02857,1470917377,43.90207,4.55363,16162.4,5.3,9.8,68.5,-55.4,0.0,107.0,0x20,405.002,13.9,2625,-1,2.3,,
2026-08-16T12:09:38.000Z,M20-403-2-02857,1470917378,43.90210,4.55373,16167.8,4.7,8.1,57.4,-55.4,0.0,107.0,0x20,405.002,13.9,2625,-1,2.3,,
2026-08-16T12:09:39.000Z,M20-403-2-02857,1470917379,43.90214,4.55381,16172.5,4.7,6.7,62.2,-55.4,0.0,106.9,0x20,405.002,12.1,2625,-1,2.3,,
2026-08-16T12:09:40.000Z,M20-403-2-02857,1470917380,43.90216,4.55389,16177.7,4.2,7.0,75.4,-55.4,0.0,106.8,0x20,405.002,3.4,2625,-1,2.3,,
2026-08-16T12:09:41.000Z,M20-403-2-02857,1470917381,43.90217,4.55398,16183.0,5.5,7.5,80.4,-55.4,0.0,106.7,0x20,405.002,3.2,2625,-1,2.3,,
2026-08-16T12:09:42.000Z,M20-403-2-02857,1470917382,43.90218,4.55407,16188.2,5.1,7.0,73.2,-55.4,0.0,106.6,0x20,405.002,3.7,2625,-1,2.3,,
2026-08-16T12:09:43.000Z,M20-403-2-02857,1470917383,43.90220,4.55415,16193.2,4.7,6.6,68.0,-55.4,0.0,106.5,0x20,405.002,9.0,2625,-1,2.3,,
2026-08-16T12:09:44.000Z,M20-403-2-02857,1470917384,43.90222,4.55424,16198.6,6.2,8.3,75.4,-55.5,0.0,106.4,0x20,405.002,9.7,2625,-1,2.3,,
2026-08-16T12:09:45.000Z,M20-403-2-02857,1470917385,43.90224,4.55434,16203.7,4.1,8.5,76.4,-55.5,0.0,106.3,0x20,405.002,14.2,2625,-1,2.3,,
2026-08-16T12:09:46.000Z,M20-403-2-02857,1470917386,43.90226,4.55443,16208.1,5.1,6.1,77.2,-55.5,0.0,106.3,0x20,405.002,14.2,2625,-1,2.3,,
2026-08-16T12:09:47.000Z,M20-403-2-02857,1470917387,43.90227,4.55450,16213.9,5.4,4.1,71.5,-55.5,0.0,106.2,0x20,405.002,10.2,2625,-1,2.3,,
2026-08-16T12:09:48.000Z,M20-403-2-02857,1470917388,43.90228,4.55454,16219.0,5.1,3.4,75.3,-55.6,0.0,106.1,0x20,405.002,13.0,2625,-1,2.3,,
2026-08-16T12:09:49.000Z,M20-403-2-02857,1470917389,43.90229,4.55459,16224.5,5.9,4.5,59.1,-55.6,0.0,106.0,0x20,405.002,13.0,2625,-1,2.3,,
2026-08-16T12:09:50.000Z,M20-403-2-02857,1470917390,43.90231,4.55465,16229.0,3.4,6.9,69.9,-55.6,0.0,105.9,0x20,405.002,14.1,2625,-1,2.3,,
2026-08-16T12:09:51.000Z,M20-403-2-02857,1470917391,43.90234,4.55474,16232.4,3.0,7.7,64.9,-55.6,0.0,105.8,0x20,405.002,14.1,2625,-1,2.3,,
2026-08-16T12:09:52.000Z,M20-403-2-02857,1470917392,43.90237,4.55482,16236.5,4.7,7.5,60.4,-55.7,0.0,105.8,0x20,405.002,10.5,2625,-1,2.3,,
2026-08-16T12:09:53.000Z,M20-403-2-02857,1470917393,43.90240,4.55490,16241.7,5.0,7.0,64.9,-55.6,0.0,105.7,0x20,405.002,5.2,2625,-1,2.3,,
2026-08-16T12:09:54.000Z,M20-403-2-02857,1470917394,43.90243,4.55499,16248.3,7.7,7.8,65.4,-55.6,0.0,105.6,0x20,405.002,4.0,2625,-1,2.3,,
2026-08-16T12:09:55.000Z,M20-403-2-02857,1470917395,43.90245,4.55508,16254.1,4.2,7.5,68.3,-55.5,0.0,105.5,0x20,405.002,3.1,2625,-1,2.3,,
2026-08-16T12:09:56.000Z,M20-403-2-02857,1470917396,43.90247,4.55515,16259.3,6.5,5.2,71.8,-55.4,0.0,105.4,0x20,405.002,10.1,2625,-1,2.3,,
2026-08-16T12:09:57.000Z,M20-403-2-02857,1470917397,43.90249,4.55520,16263.7,2.2,3.4,59.9,-55.3,0.0,105.3,0x20,405.002,10.1,2625,-1,2.3,,
2026-08-16T12:09:58.000Z,M20-403-2-02857,1470917398,43.90250,4.55523,16268.3,6.6,2.7,55.9,-55.3,0.0,105.2,0x20,405.002,9.9,2625,-1,2.3,,
2026-08-16T12:09:59.000Z,M20-403-2-02857,1470917399,43.90251,4.55527,16274.5,4.7,4.1,68.8,-55.3,0.0,105.1,0x20,405.002,9.9,2625,-1,2.3,,
2026-08-16T12:10:00.000Z,M20-403-2-02857,1470917400,43.90252,4.55533,16278.9,5.1,5.5,83.3,-55.3,0.0,105.1,0x20,405.002,9.6,2625,-1,2.3,,
2026-08-16T12:10:01.000Z,M20-403-2-02857,1470917401,43.90254,4.55540,16284.7,6.6,5.9,65.8,-55.3,0.0,105.0,0x20,405.002,10.0,2625,-1,2.3,,
2026-08-16T12:10:02.000Z,M20-403-2-02857,1470917402,43.90256,4.55546,16290.8,6.0,5.0,68.4,-55.4,0.0,104.9,0x20,405.002,13.6,2625,-1,2.3,,
2026-08-16T12:10:03.000Z,M20-403-2-02857,1470917403,43.90257,4.55553,16296.9,6.2,5.9,75.2,-55.4,0.0,104.8,0x20,405.002,13.6,2625,-1,2.3,,
2026-08-16T12:10:04.000Z,M20-403-2-02857,1470917404,43.90258,4.55560,16301.5,3.0,5.8,80.0,-55.4,0.0,104.7,0x20,405.002,12.4,2625,-1,2.3,,
2026-08-16T12:10:06.000Z,M20-403-2-02857,1470917406,43.90260,4.55567,16310.8,2.5,1.6,42.5,-55.4,0.0,104.5,0x20,405.002,3.4,2625,-1,2.3,,
2026-08-16T12:10:07.000Z,M20-403-2-02857,1470917407,43.90261,4.55569,16316.0,8.1,1.8,77.1,-55.4,0.0,104.5,0x20,405.002,3.4,2625,-1,2.3,,
2026-08-16T12:10:08.000Z,M20-403-2-02857,1470917408,43.90261,4.55573,16321.8,3.4,3.4,92.2,-55.4,0.0,104.3,0x20,405.002,3.2,2625,-1,2.3,,
2026-08-16T12:10:09.000Z,M20-403-2-02857,1470917409,43.90261,4.55578,16325.0,3.4,5.1,82.8,-55.3,0.0,104.3,0x20,405.002,7.1,2625,-1,2.3,,
2026-08-16T12:10:10.000Z,M20-403-2-02857,1470917410,43.90261,4.55584,16329.4,5.3,4.9,81.2,-55.2,0.0,104.2,0x20,405.002,7.7,2625,-1,2.3,,
2026-08-16T12:10:11.000Z,M20-403-2-02857,1470917411,43.90262,4.55590,16334.1,4.7,4.4,79.1,-55.2,0.0,104.1,0x20,405.002,9.4,2625,-1,2.3,,
2026-08-16T12:10:12.000Z,M20-403-2-02857,1470917412,43.90263,4.55596,16339.2,6.1,5.6,88.8,-55.3,0.0,104.0,0x20,405.002,9.4,2625,-1,2.3,,
2026-08-16T12:10:13.000Z,M20-403-2-02857,1470917413,43.90262,4.55604,16344.1,4.5,7.0,95.5,-55.3,0.0,104.0,0x20,405.002,8.9,2625,-1,2.3,,
2026-08-16T12:10:14.000Z,M20-403-2-02857,1470917414,43.90262,4.55613,16349.5,6.0,6.0,90.6,-55.3,0.0,103.9,0x20,405.002,11.2,2625,-1,2.3,,
2026-08-16T12:10:15.000Z,M20-403-2-02857,1470917415,43.90263,4.55619,16354.9,4.7,4.1,81.8,-55.4,0.0,103.8,0x20,405.002,12.6,2625,-1,2.3,,
2026-08-16T12:10:16.000Z,M20-403-2-02857,1470917416,43.90264,4.55623,16359.3,4.7,2.9,55.0,-55.4,0.0,103.7,0x20,405.002,12.6,2625,-1,2.3,,
2026-08-16T12:10:17.000Z,M20-403-2-02857,1470917417,43.90265,4.55627,16365.0,6.3,4.5,74.0,-55.4,0.0,103.6,0x20,405.002,10.0,2625,-1,2.3,,
2026-08-16T12:10:18.000Z,M20-403-2-02857,1470917418,43.90266,4.55632,16369.6,2.9,4.4,74.7,-55.4,0.0,103.5,0x20,405.002,9.7,2625,-1,2.3,,
2026-08-16T12:10:19.000Z,M20-403-2-02857,1470917419,43.90267,4.55638,16374.4,6.3,5.5,79.9,-55.5,0.0,103.5,0x20,405.002,9.4,2625,-1,2.3,,
2026-08-16T12:10:20.000Z,M20-403-2-02857,1470917420,43.90269,4.55645,16379.0,2.9,5.2,71.0,-55.5,0.0,103.4,0x20,405.002,3.0,2625,-1,2.3,,
2026-08-16T12:10:21.000Z,M20-403-2-02857,1470917421,43.90270,4.55651,16383.8,7.1,5.8,83.6,-55.6,0.0,103.3,0x20,405.002,3.2,2625,-1,2.3,,
2026-08-16T12:10:22.000Z,M20-403-2-02857,1470917422,43.90270,4.55659,16388.7,2.9,6.8,87.4,-55.6,0.0,103.2,0x20,405.002,9.6,2625,-1,2.3,,
2026-08-16T12:10:23.000Z,M20-403-2-02857,1470917423,43.90271,4.55667,16392.8,4.6,6.0,90.1,-55.6,0.0,103.1,0x20,405.002,9.6,2625,-1,2.3,,
2026-08-16T12:10:24.000Z,M20-403-2-02857,1470917424,43.90271,4.55674,16398.1,5.1,4.8,80.5,-55.7,0.0,103.0,0x20,405.002,8.9,2625,-1,2.3,,
2026-08-16T12:10:25.000Z,M20-403-2-02857,1470917425,43.90272,4.55680,16403.3,4.8,4.0,77.3,-55.7,0.0,103.0,0x20,405.002,11.8,2625,-1,2.3,,
2026-08-16T12:10:26.000Z,M20-403-2-02857,1470917426,43.90273,4.55684,16408.3,4.6,3.7,70.9,-55.8,0.0,102.9,0x20,405.002,11.8,2625,-1,2.3,,
2026-08-16T12:10:27.000Z,M20-403-2-02857,1470917427,43.90273,4.55690,16413.6,6.2,5.5,85.2,-55.8,0.0,102.8,0x20,405.002,13.1,2625,-1,2.3,,
2026-08-16T12:10:28.000Z,M20-403-2-02857,1470917428,43.90274,4.55697,16418.4,4.4,6.0,82.7,-55.8,0.0,102.7,0x20,405.002,13.1,2625,-1,2.3,,
2026-08-16T12:10:29.000Z,M20-403-2-02857,1470917429,43.90275,4.55703,16423.0,4.8,4.8,74.8,-55.9,0.0,102.6,0x20,405.002,9.6,2625,-1,2.3,,
2026-08-16T12:10:30.000Z,M20-403-2-02857,1470917430,43.90277,4.55709,16428.0,5.2,4.8,67.0,-56.0,0.0,102.5,0x20,405.002,9.3,2625,-1,2.3,,
2026-08-16T12:10:31.000Z,M20-403-2-02857,1470917431,43.90278,4.55716,16434.1,6.7,6.0,82.7,-56.0,0.0,102.5,0x20,405.002,9.3,2625,-1,2.3,,
2026-08-16T12:10:32.000Z,M20-403-2-02857,1470917432,43.90279,4.55723,16439.3,3.8,6.7,78.0,-56.1,0.0,102.4,0x20,405.002,9.3,2625,-1,2.3,,
2026-08-16T12:10:33.000Z,M20-403-2-02857,1470917433,43.90281,4.55731,16443.1,4.3,6.5,64.4,-56.1,0.0,102.3,0x20,405.002,5.5,2625,-1,2.3,,
2026-08-16T12:10:34.000Z,M20-403-2-02857,1470917434,43.90285,4.55737,16447.9,5.5,6.7,41.4,-56.1,0.0,102.2,0x20,405.002,3.4,2625,-1,2.3,,
2026-08-16T12:10:36.000Z,M20-403-2-02857,1470917436,43.90294,4.55749,16457.7,5.4,6.8,54.3,-56.2,0.0,102.1,0x20,405.002,8.8,2625,-1,2.3,,
2026-08-16T12:10:38.000Z,M20-403-2-02857,1470917438,43.90296,4.55765,16468.2,3.0,6.7,99.3,-56.3,0.0,101.9,0x20,405.002,9.8,2625,-1,2.3,,
2026-08-16T12:10:40.000Z,M20-403-2-02857,1470917440,43.90297,4.55779,16478.7,3.3,5.1,73.0,-56.4,0.0,101.7,0x20,405.002,11.1,2625,-1,2.3,,
2026-08-16T12:10:41.000Z,M20-403-2-02857,1470917441,43.90299,4.55785,16484.8,8.7,5.1,54.0,-56.4,0.0,101.6,0x20,405.002,11.1,2625,-1,2.3,,
2026-08-16T12:10:42.000Z,M20-403-2-02857,1470917442,43.90301,4.55791,16491.3,4.3,5.6,59.2,-56.5,0.0,101.5,0x20,405.002,10.1,2625,-1,2.3,,
2026-08-16T12:10:43.000Z,M20-403-2-02857,1470917443,43.90304,4.55797,16495.3,3.7,6.3,55.7,-56.5,0.0,101.4,0x20,405.002,10.0,2625,-1,2.3,,
2026-08-16T12:10:44.000Z,M20-403-2-02857,1470917444,43.90309,4.55803,16500.2,5.8,7.5,33.6,-56.6,0.0,101.3,0x20,405.002,8.7,2625,-1,2.3,,
2026-08-16T12:10:45.000Z,M20-403-2-02857,1470917445,43.90314,4.55808,16505.3,4.0,7.5,31.3,-56.6,0.0,101.3,0x20,405.002,8.3,2625,-1,2.3,,
2026-08-16T12:10:46.000Z,M20-403-2-02857,1470917446,43.90319,4.55815,16510.9,7.5,7.8,60.4,-56.7,0.0,101.2,0x20,405.002,8.3,2625,-1,2.3,,
2026-08-16T12:10:47.000Z,M20-403-2-02857,1470917447,43.90322,4.55824,16516.2,2.9,8.0,72.4,-56.7,0.0,101.1,0x20,405.002,3.3,2625,-1,2.3,,
2026-08-16T12:10:48.000Z,M20-403-2-02857,1470917448,43.90324,4.55833,16520.4,5.7,7.4,84.5,-56.7,0.0,101.0,0x20,405.002,5.5,2625,-1,2.3,,
2026-08-16T12:10:49.000Z,M20-403-2-02857,1470917449,43.90325,4.55841,16526.0,5.2,6.2,73.7,-56.7,0.0,100.9,0x20,405.002,10.3,2625,-1,2.3,,
2026-08-16T12:10:50.000Z,M20-403-2-02857,1470917450,43.90327,4.55848,16530.6,4.1,5.3,57.6,-56.7,0.0,100.9,0x20,405.002,10.3,2625,-1,2.3,,
2026-08-16T12:10:51.000Z,M20-403-2-02857,1470917451,43.90330,4.55854,16535.0,5.1,5.8,50.5,-56.8,0.0,100.8,0x20,405.002,11.9,2625,-1,2.3,,
2026-08-16T12:10:52.000Z,M20-403-2-02857,1470917452,43.90333,4.55860,16539.7,4.5,7.0,54.2,-56.8,0.0,100.7,0x20,405.002,11.9,2625,-1,2.3,,
2026-08-16T12:10:53.000Z,M20-403-2-02857,1470917453,43.90337,4.55867,16543.8,4.8,7.9,43.1,-56.9,0.0,100.7,0x20,405.002,10.3,2625,-1,2.3,,
2026-08-16T12:10:54.000Z,M20-403-2-02857,1470917454,43.90343,4.55874,16547.4,2.8,8.2,40.6,-56.9,0.0,100.6,0x20,405.002,10.6,2625,-1,2.3,,
2026-08-16T12:10:55.000Z,M20-403-2-02857,1470917455,43.90348,4.55881,16551.3,5.0,7.9,44.1,-56.9,0.0,100.5,0x20,405.002,11.1,2625,-1,2.3,,
2026-08-16T12:10:56.000Z,M20-403-2-02857,1470917456,43.90353,4.55889,16556.2,4.5,8.0,59.2,-56.9,0.0,100.4,0x20,405.002,11.1,2625,-1,2.3,,
2026-08-16T12:10:57.000Z,M20-403-2-02857,1470917457,43.90356,4.55897,16560.1,3.5,7.2,64.2,-56.9,0.0,100.3,0x20,405.002,9.8,2625,-1,2.3,,
2026-08-16T12:10:58.000Z,M20-403-2-02857,1470917458,43.90359,4.55905,16565.4,6.4,6.7,58.2,-57.0,0.0,100.2,0x20,405.002,8.9,2625,-1,2.3,,
2026-08-16T12:10:59.000Z,M20-403-2-02857,1470917459,43.90362,4.55911,16570.4,3.4,5.9,54.8,-57.0,0.0,100.2,0x20,405.002,3.7,2625,-1,2.3,,
2026-08-16T12:11:00.000Z,M20-403-2-02857,1470917460,43.90365,4.55918,16575.4,6.0,7.0,53.4,-57.1,0.0,100.1,0x20,405.002,3.1,2625,-1,2.3,,
2026-08-16T12:11:01.000Z,M20-403-2-02857,1470917461,43.90369,4.55925,16580.4,3.6,7.3,58.6,-57.0,0.0,100.0,0x20,405.002,6.6,2625,-1,2.3,,
2026-08-16T12:11:02.000Z,M20-403-2-02857,1470917462,43.90373,4.55933,16585.8,6.8,7.6,49.6,-57.2,0.0,99.9,0x20,405.002,11.3,2625,-1,2.3,,
2026-08-16T12:11:03.000Z,M20-403-2-02857,1470917463,43.90377,4.55940,16590.7,2.9,7.4,42.0,-57.2,0.0,99.8,0x20,405.002,11.3,2625,-1,2.3,,
2026-08-16T12:11:04.000Z,M20-403-2-02857,1470917464,43.90382,4.55947,16594.4,4.6,7.8,43.0,-57.2,0.0,99.8,0x20,405.002,11.3,2625,-1,2.3,,
2026-08-16T12:11:05.000Z,M20-403-2-02857,1470917465,43.90387,4.55954,16598.6,3.9,9.0,52.4,-57.2,0.0,99.7,0x20,405.002,10.1,2625,-1,2.3,,
2026-08-16T12:11:06.000Z,M20-403-2-02857,1470917466,43.90392,4.55964,16604.0,6.0,9.9,57.0,-57.3,0.0,99.6,0x20,405.002,10.0,2625,-1,2.3,,
2026-08-16T12:11:07.000Z,M20-403-2-02857,1470917467,43.90397,4.55974,16610.4,5.8,8.8,47.4,-57.4,0.0,99.5,0x20,405.002,11.3,2625,-1,2.3,,
2026-08-16T12:11:08.000Z,M20-403-2-02857,1470917468,43.90402,4.55981,16615.6,3.8,7.8,42.2,-57.4,0.0,99.5,0x20,405.002,11.7,2625,-1,2.3,,
2026-08-16T12:11:09.000Z,M20-403-2-02857,1470917469,43.90407,4.55988,16621.2,6.1,7.7,42.5,-57.4,0.0,99.4,0x20,405.002,12.3,2625,-1,2.3,,
2026-08-16T12:11:10.000Z,M20-403-2-02857,1470917470,43.90413,4.55996,16626.5,4.1,8.8,48.0,-57.5,0.0,99.3,0x20,405.002,12.3,2625,-1,2.3,,
2026-08-16T12:11:12.000Z,M20-403-2-02857,1470917472,43.90423,4.56012,16635.7,5.7,7.9,43.4,-57.5,0.0,99.1,0x20,405.002,3.2,2625,-1,2.3,,
2026-08-16T12:11:13.000Z,M20-403-2-02857,1470917473,43.90428,4.56018,16640.3,3.7,7.4,41.4,-57.6,0.0,99.1,0x20,405.002,3.2,2625,-1,2.3,,
2026-08-16T12:11:14.000Z,M20-403-2-02857,1470917474,43.90433,4.56025,16645.0,6.2,8.3,44.9,-57.6,0.0,99.0,0x20,405.002,7.5,2625,-1,2.3,,
2026-08-16T12:11:15.000Z,M20-403-2-02857,1470917475,43.90438,4.56033,16650.1,3.8,9.2,47.4,-57.6,0.0,98.9,0x20,405.002,9.7,2625,-1,2.3,,
2026-08-16T12:11:16.000Z,M20-403-2-02857,1470917476,43.90444,4.56041,16655.4,6.6,8.3,44.1,-57.7,0.0,98.8,0x20,405.002,9.7,2625,-1,2.3,,
2026-08-16T12:11:17.000Z,M20-403-2-02857,1470917477,43.90449,4.56048,16660.5,3.8,7.0,40.2,-57.7,0.0,98.7,0x20,405.002,11.5,2625,-1,2.3,,
2026-08-16T12:11:18.000Z,M20-403-2-02857,1470917478,43.90454,4.56054,16665.1,4.8,6.8,39.9,-57.7,0.0,98.7,0x20,405.002,12.6,2625,-1,2.3,,
2026-08-16T12:11:19.000Z,M20-403-2-02857,1470917479,43.90459,4.56060,16669.6,4.8,8.7,45.4,-57.7,0.0,98.6,0x20,405.002,13.3,2625,-1,2.3,,
2026-08-16T12:11:20.000Z,M20-403-2-02857,1470917480,43.90465,4.56068,16673.5,4.1,10.2,42.7,-57.8,0.0,98.5,0x20,405.002,14.0,2625,-1,2.3,,
2026-08-16T12:11:21.000Z,M20-403-2-02857,1470917481,43.90473,4.56076,16678.0,4.7,9.9,36.0,-57.8,0.0,98.5,0x20,405.002,14.0,2625,-1,2.3,,
2026-08-16T12:11:22.000Z,M20-403-2-02857,1470917482,43.90480,4.56082,16682.4,3.7,8.9,28.9,-57.9,0.0,98.4,0x20,405.002,13.5,2625,-1,2.3,,
2026-08-16T12:11:23.000Z,M20-403-2-02857,1470917483,43.90487,4.56088,16686.3,3.9,8.3,35.1,-57.9,0.0,98.3,0x20,405.002,11.5,2625,-1,2.3,,
2026-08-16T12:11:24.000Z,M20-403-2-02857,1470917484,43.90493,4.56094,16691.1,5.8,9.2,40.8,-58.0,0.0,98.2,0x20,405.002,11.5,2625,-1,2.3,,
2026-08-16T12:11:25.000Z,M20-403-2-02857,1470917485,43.90499,4.56102,16695.9,3.9,9.7,45.5,-57.9,0.0,98.2,0x20,405.002,4.4,2625,-1,2.3,,
2026-08-16T12:11:26.000Z,M20-403-2-02857,1470917486,43.90505,4.56111,16701.2,6.2,8.7,50.5,-57.9,0.0,98.1,0x20,405.002,4.0,2625,-1,2.3,,
2026-08-16T12:11:27.000Z,M20-403-2-02857,1470917487,43.90510,4.56118,16706.7,4.0,6.7,47.4,-58.0,0.0,98.0,0x20,405.002,3.2,2625,-1,2.3,,
2026-08-16T12:11:28.000Z,M20-403-2-02857,1470917488,43.90514,4.56124,16711.2,5.0,6.6,40.9,-57.9,0.0,97.9,0x20,405.002,8.6,2625,-1,2.3,,
2026-08-16T12:11:29.000Z,M20-403-2-02857,1470917489,43.90519,4.56130,16716.0,4.9,8.4,43.9,-58.0,0.0,97.8,0x20,405.002,9.8,2625,-1,2.3,,
2026-08-16T12:11:30.000Z,M20-403-2-02857,1470917490,43.90525,4.56138,16721.1,5.2,10.0,44.1,-57.9,0.0,97.8,0x20,405.002,10.3,2625,-1,2.3,,
2026-08-16T12:11:31.000Z,M20-403-2-02857,1470917491,43.90532,4.56147,16726.3,5.5,10.2,38.8,-58.0,0.0,97.7,0x20,405.002,12.3,2625,-1,2.3,,
2026-08-16T12:11:32.000Z,M20-403-2-02857,1470917492,43.90539,4.56154,16730.9,3.7,9.9,35.5,-57.9,0.0,97.6,0x20,405.002,12.3,2625,-1,2.3,,
2026-08-16T12:11:33.000Z,M20-403-2-02857,1470917493,43.90546,4.56162,16736.7,7.3,10.5,42.6,-58.0,0.0,97.5,0x20,405.002,12.1,2625,-1,2.3,,
2026-08-16T12:11:34.000Z,M20-403-2-02857,1470917494,43.90553,4.56172,16741.9,3.2,10.7,51.0,-58.0,0.0,97.5,0x20,405.002,12.1,2625,-1,2.3,,
2026-08-16T12:11:35.000Z,M20-403-2-02857,1470917495,43.90558,4.56182,16746.6,6.4,9.1,59.7,-58.0,0.0,97.4,0x20,405.002,10.7,2625,-1,2.3,,
2026-08-16T12:11:36.000Z,M20-403-2-02857,1470917496,43.90561,4.56191,16752.7,5.3,7.0,59.8,-58.0,0.0,97.3,0x20,405.002,11.6,2625,-1,2.3,,
2026-08-16T12:11:37.000Z,M20-403-2-02857,1470917497,43.90565,4.56198,16757.8,5.7,6.5,51.3,-58.0,0.0,97.2,0x20,405.002,11.6,2625,-1,2.3,,
2026-08-16T12:11:38.000Z,M20-403-2-02857,1470917498,43.90569,4.56205,16763.2,5.6,8.5,48.0,-58.0,0.0,97.1,0x20,405.002,3.6,2625,-1,2.3,,
2026-08-16T12:11:39.000Z,M20-403-2-02857,1470917499,43.90575,4.56213,16767.9,4.7,10.3,44.8,-58.0,0.0,97.1,0x20,405.002,3.5,2625,-1,2.3,,
2026-08-16T12:11:40.000Z,M20-403-2-02857,1470917500,43.90582,4.56222,16772.2,5.2,10.8,38.4,-58.0,0.0,97.0,0x20,405.002,3.1,2625,-1,2.3,,
2026-08-16T12:11:41.000Z,M20-403-2-02857,1470917501,43.90589,4.56231,16776.7,3.6,10.2,41.8,-58.0,0.0,96.9,0x20,405.002,7.1,2625,-1,2.3,,
2026-08-16T12:11:42.000Z,M20-403-2-02857,1470917502,43.90596,4.56240,16782.5,8.3,10.9,47.6,-58.1,0.0,96.8,0x20,405.002,8.0,2625,-1,2.3,,
2026-08-16T12:11:44.000Z,M20-403-2-02857,1470917504,43.90608,4.56262,16793.5,7.5,10.1,61.0,-58.1,0.0,96.7,0x20,405.002,9.2,2625,-1,2.3,,
2026-08-16T12:11:45.000Z,M20-403-2-02857,1470917505,43.90611,4.56272,16798.8,4.2,8.5,65.1,-58.1,0.0,96.6,0x20,405.002,9.2,2625,-1,2.3,,
2026-08-16T12:11:46.000Z,M20-403-2-02857,1470917506,43.90614,4.56281,16803.2,5.7,7.4,66.3,-58.1,0.0,96.5,0x20,405.002,10.1,2625,-1,2.3,,
2026-08-16T12:11:47.000Z,M20-403-2-02857,1470917507,43.90617,4.56290,16807.8,4.3,8.4,61.0,-58.2,0.0,96.4,0x20,405.002,10.1,2625,-1,2.3,,
2026-08-16T12:11:48.000Z,M20-403-2-02857,1470917508,43.90621,4.56299,16812.2,4.9,9.1,56.9,-58.2,0.0,96.4,0x20,405.002,9.1,2625,-1,2.3,,
2026-08-16T12:11:49.000Z,M20-403-2-02857,1470917509,43.90626,4.56307,16817.3,6.6,8.8,46.6,-58.3,0.0,96.3,0x20,405.002,9.1,2625,-1,2.3,,
2026-08-16T12:11:50.000Z,M20-403-2-02857,1470917510,43.90631,4.56315,16821.9,3.8,8.4,46.4,-58.3,0.0,96.2,0x20,405.002,9.1,2625,-1,2.3,,
2026-08-16T12:11:51.000Z,M20-403-2-02857,1470917511,43.90636,4.56323,16826.0,6.0,10.0,52.6,-58.3,0.0,96.1,0x20,405.002,3.2,2625,-1,2.3,,
2026-08-16T12:11:52.000Z,M20-403-2-02857,1470917512,43.90641,4.56334,16830.2,3.4,10.6,56.6,-58.3,0.0,96.0,0x20,405.002,3.2,2625,-1,2.3,,
2026-08-16T12:11:53.000Z,M20-403-2-02857,1470917513,43.90646,4.56345,16835.2,6.8,10.1,70.1,-58.3,0.0,96.0,0x20,405.002,4.5,2625,-1,2.3,,
2026-08-16T12:11:54.000Z,M20-403-2-02857,1470917514,43.90648,4.56356,16839.7,2.7,8.9,79.6,-58.3,0.0,95.9,0x20,405.002,6.4,2625,-1,2.3,,
2026-08-16T12:11:55.000Z,M20-403-2-02857,1470917515,43.90649,4.56366,16843.7,6.0,7.6,78.7,-58.3,0.0,95.8,0x20,405.002,9.2,2625,-1,2.3,,
2026-08-16T12:11:56.000Z,M20-403-2-02857,1470917516,43.90651,4.56376,16848.5,3.7,8.3,67.3,-58.4,0.0,95.7,0x20,405.002,9.2,2625,-1,2.3,,
2026-08-16T12:11:57.000Z,M20-403-2-02857,1470917517,43.90655,4.56385,16852.3,5.2,8.1,54.9,-58.4,0.0,95.7,0x20,405.002,10.9,2625,-1,2.3,,
2026-08-16T12:11:58.000Z,M20-403-2-02857,1470917518,43.90659,4.56393,16857.4,5.0,7.2,57.5,-58.4,0.0,95.6,0x20,405.002,10.9,2625,-1,2.3,,
2026-08-16T12:11:59.000Z,M20-403-2-02857,1470917519,43.90662,4.56400,16862.0,3.9,6.5,57.4,-58.4,0.0,95.5,0x20,405.002,10.4,2625,-1,2.3,,
2026-08-16T12:12:00.000Z,M20-403-2-02857,1470917520,43.90666,4.56407,16867.0,6.1,8.3,55.0,-58.5,0.0,95.4,0x20,405.002,9.6,2625,-1,2.3,,
2026-08-16T12:12:01.000Z,M20-403-2-02857,1470917521,43.90670,4.56417,16871.8,3.5,9.5,61.4,-58.4,0.0,95.4,0x20,405.002,9.7,2625,-1,2.3,,
2026-08-16T12:12:02.000Z,M20-403-2-02857,1470917522,43.90673,4.56428,16876.6,6.7,10.1,75.7,-58.4,0.0,95.3,0x20,405.002,9.7,2625,-1,2.3,,
2026-08-16T12:12:03.000Z,M20-403-2-02857,1470917523,43.90674,4.56440,16881.7,3.5,8.9,83.5,-58.5,0.0,95.2,0x20,405.002,8.9,2625,-1,2.3,,
2026-08-16T12:12:04.000Z,M20-403-2-02857,1470917524,43.90675,4.56450,16884.9,3.1,8.5,86.5,-58.5,0.0,95.2,0x20,405.002,8.9,2625,-1,2.3,,
2026-08-16T12:12:07.000Z,M20-403-2-02857,1470917527,43.90680,4.56479,16901.7,7.0,7.0,60.8,-58.5,0.0,94.9,0x20,405.002,9.3,2625,-1,2.3,,
2026-08-16T12:12:11.000Z,M20-403-2-02857,1470917531,43.90690,4.56513,16922.3,7.3,8.5,70.7,-58.5,0.0,94.6,0x20,405.002,9.6,2625,-1,2.3,,
2026-08-16T12:12:12.000Z,M20-403-2-02857,1470917532,43.90691,4.56523,16928.0,5.1,8.1,84.3,-58.5,0.0,94.5,0x20,405.002,10.6,2625,-1,2.3,,
2026-08-16T12:12:13.000Z,M20-403-2-02857,1470917533,43.90692,4.56532,16931.7,3.2,7.5,89.8,-58.5,0.0,94.5,0x20,405.002,10.6,2625,-1,2.3,,
2026-08-16T12:12:14.000Z,M20-403-2-02857,1470917534,43.90692,4.56542,16935.6,5.0,7.6,83.3,-58.6,0.0,94.4,0x20,405.002,11.8,2625,-1,2.3,,
2026-08-16T12:12:15.000Z,M20-403-2-02857,1470917535,43.90693,4.56551,16939.5,3.8,7.7,78.6,-58.6,0.0,94.3,0x20,405.002,11.8,2625,-1,2.3,,
2026-08-16T12:12:16.000Z,M20-403-2-02857,1470917536,43.90694,4.56560,16944.3,5.8,7.8,87.7,-58.6,0.0,94.2,0x20,405.002,7.9,2625,-1,2.3,,
2026-08-16T12:12:17.000Z,M20-403-2-02857,1470917537,43.90694,4.56570,16949.2,3.6,7.4,95.9,-58.6,0.0,94.1,0x20,405.002,6.0,2625,-1,2.3,,
2026-08-16T12:12:18.000Z,M20-403-2-02857,1470917538,43.90693,4.56578,16953.1,4.4,6.2,96.9,-58.6,0.0,94.1,0x20,405.002,3.3,2625,-1,2.3,,
2026-08-16T12:12:19.000Z,M20-403-2-02857,1470917539,43.90693,4.56585,16958.5,6.2,5.8,79.8,-58.7,0.0,94.0,0x20,405.002,3.3,2625,-1,2.3,,
2026-08-16T12:12:20.000Z,M20-403-2-02857,1470917540,43.90695,4.56593,16963.8,4.4,6.6,76.0,-58.8,0.0,93.9,0x20,405.002,8.1,2625,-1,2.3,,
2026-08-16T12:12:21.000Z,M20-403-2-02857,1470917541,43.90696,4.56601,16968.9,6.6,7.3,77.5,-58.8,0.0,93.9,0x20,405.002,8.1,2625,-1,2.3,,
2026-08-16T12:12:22.000Z,M20-403-2-02857,1470917542,43.90697,4.56611,16975.1,5.6,8.2,84.1,-58.8,0.0,93.8,0x20,405.002,12.9,2625,-1,2.3,,
2026-08-16T12:12:23.000Z,M20-403-2-02857,1470917543,43.90698,4.56620,16980.8,6.3,7.0,87.1,-58.9,0.0,93.7,0x20,405.002,12.9,2625,-1,2.3,,
2026-08-16T12:12:24.000Z,M20-403-2-02857,1470917544,43.90699,4.56628,16984.7,3.4,6.4,77.4,-58.9,0.0,93.6,0x20,405.002,12.0,2625,-1,2.3,,
2026-08-16T12:12:25.000Z,M20-403-2-02857,1470917545,43.90700,4.56635,16987.9,3.6,5.0,74.4,-58.9,0.0,93.6,0x20,405.002,10.5,2625,-1,2.3,,
2026-08-16T12:12:26.000Z,M20-403-2-02857,1470917546,43.90700,4.56642,16992.8,5.9,5.9,91.6,-59.0,0.0,93.5,0x20,405.002,11.1,2625,-1,2.3,,
2026-08-16T12:12:27.000Z,M20-403-2-02857,1470917547,43.90699,4.56650,16997.8,4.9,7.7,104.7,-59.0,0.0,93.4,0x20,405.002,11.1,2625,-1,2.3,,
2026-08-16T12:12:28.000Z,M20-403-2-02857,1470917548,43.90698,4.56660,17002.9,5.6,7.5,95.6,-59.0,0.0,93.3,0x20,405.002,13.3,2625,-1,2.3,,
2026-08-16T12:12:29.000Z,M20-403-2-02857,1470917549,43.90698,4.56669,17008.2,5.0,7.2,83.7,-59.1,0.0,93.3,0x20,405.002,13.3,2625,-1,2.3,,
2026-08-16T12:12:30.000Z,M20-403-2-02857,1470917550,43.90699,4.56678,17013.1,5.8,7.4,80.6,-59.1,0.0,93.2,0x20,405.002,11.6,2625,-1,2.3,,
2026-08-16T12:12:31.000Z,M20-403-2-02857,1470917551,43.90700,4.56687,17017.4,3.0,7.7,87.2,-59.0,0.0,93.1,0x20,405.002,3.3,2625,-1,2.3,,
2026-08-16T12:12:32.000Z,M20-403-2-02857,1470917552,43.90701,4.56696,17020.9,4.3,7.0,87.6,-59.0,0.0,93.1,0x20,405.002,3.3,2625,-1,2.3,,
2026-08-16T12:12:33.000Z,M20-403-2-02857,1470917553,43.90702,4.56704,17025.3,5.1,5.9,74.2,-58.9,0.0,93.0,0x20,405.002,10.4,2625,-1,2.3,,
2026-08-16T12:12:34.000Z,M20-403-2-02857,1470917554,43.90704,4.56711,17030.4,5.3,6.3,63.9,-58.9,0.0,92.9,0x20,405.002,12.2,2625,-1,2.3,,
2026-08-16T12:12:35.000Z,M20-403-2-02857,1470917555,43.90706,4.56719,17035.7,5.6,7.6,79.5,-59.0,0.0,92.8,0x20,405.002,12.2,2625,-1,2.3,,
2026-08-16T12:12:36.000Z,M20-403-2-02857,1470917556,43.90707,4.56729,17040.3,3.2,8.2,85.8,-59.0,0.0,92.8,0x20,405.002,9.5,2625,-1,2.3,,
2026-08-16T12:12:37.000Z,M20-403-2-02857,1470917557,43.90708,4.56739,17045.0,6.8,9.1,82.1,-59.0,0.0,92.7,0x20,405.002,12.5,2625,-1,2.3,,
2026-08-16T12:12:38.000Z,M20-403-2-02857,1470917558,43.90710,4.56750,17050.3,4.2,8.7,70.7,-59.1,0.0,92.6,0x20,405.002,12.5,2625,-1,2.3,,
2026-08-16T12:12:39.000Z,M20-403-2-02857,1470917559,43.90712,4.56759,17054.9,5.8,7.4,72.7,-59.1,0.0,92.5,0x20,405.002,10.8,2625,-1,2.3,,
2026-08-16T12:12:40.000Z,M20-403-2-02857,1470917560,43.90713,4.56767,17059.6,4.1,6.0,84.3,-59.1,0.0,92.5,0x20,405.002,10.8,2625,-1,2.3,,
2026-08-16T12:12:41.000Z,M20-403-2-02857,1470917561,43.90713,4.56774,17062.5,2.7,5.2,98.4,-59.1,0.0,92.4,0x20,405.002,10.5,2625,-1,2.3,,
2026-08-16T12:12:42.000Z,M20-403-2-02857,1470917562,43.90713,4.56781,17066.3,5.0,6.7,89.5,-59.2,0.0,92.3,0x20,405.002,9.6,2625,-1,2.3,,
2026-08-16T12:12:43.000Z,M20-403-2-02857,1470917563,43.90714,4.56791,17071.7,5.3,8.7,73.1,-59.2,0.0,92.3,0x20,405.002,9.3,2625,-1,2.3,,
2026-08-16T12:12:45.000Z,M20-403-2-02857,1470917565,43.90719,4.56812,17080.5,6.6,9.0,68.7,-59.3,0.0,92.1,0x20,405.002,3.1,2625,-1,2.3,,
2026-08-16T12:12:46.000Z,M20-403-2-02857,1470917566,43.90721,4.56822,17085.4,4.1,7.6,81.4,-59.3,0.0,92.0,0x20,405.002,5.1,2625,-1,2.3,,
2026-08-16T12:12:47.000Z,M20-403-2-02857,1470917567,43.90723,4.56830,17089.0,3.8,6.2,83.0,-59.2,0.0,92.0,0x20,405.002,12.7,2625,-1,2.3,,
2026-08-16T12:12:48.000Z,M20-403-2-02857,1470917568,43.90724,4.56838,17093.9,5.9,6.4,67.3,-59.3,0.0,91.9,0x20,405.002,12.7,2625,-1,2.3,,
2026-08-16T12:12:49.000Z,M20-403-2-02857,1470917569,43.90727,4.56845,17099.4,5.0,7.1,56.8,-59.2,0.0,91.8,0x20,405.002,11.4,2625,-1,2.3,,
2026-08-16T12:12:50.000Z,M20-403-2-02857,1470917570,43.90731,4.56852,17104.7,5.9,6.1,50.2,-59.1,0.0,91.8,0x20,405.002,12.4,2625,-1,2.3,,
2026-08-16T12:12:51.000Z,M20-403-2-02857,1470917571,43.90734,4.56857,17109.7,4.5,4.8,50.3,-59.0,0.0,91.7,0x20,405.002,12.4,2625,-1,2.3,,
2026-08-16T12:12:52.000Z,M20-403-2-02857,1470917572,43.90737,4.56862,17113.7,4.3,5.2,43.7,-58.9,0.0,91.6,0x20,405.002,12.9,2625,-1,2.3,,
2026-08-16T12:12:53.000Z,M20-403-2-02857,1470917573,43.90740,4.56867,17118.5,6.2,7.5,44.5,-58.8,0.0,91.5,0x20,405.002,12.9,2625,-1,2.3,,
2026-08-16T12:12:54.000Z,M20-403-2-02857,1470917574,43.90746,4.56874,17123.2,4.0,8.9,46.8,-58.8,0.0,91.5,0x20,405.002,11.4,2625,-1,2.3,,
2026-08-16T12:12:55.000Z,M20-403-2-02857,1470917575,43.90751,4.56883,17127.1,4.8,9.2,59.4,-58.7,0.0,91.4,0x20,405.002,11.9,2625,-1,2.3,,
2026-08-16T12:12:56.000Z,M20-403-2-02857,1470917576,43.90754,4.56893,17132.4,5.6,7.8,75.8,-58.6,0.0,91.3,0x20,405.002,11.9,2625,-1,2.3,,
2026-08-16T12:12:57.000Z,M20-403-2-02857,1470917577,43.90755,4.56902,17136.5,3.8,6.1,79.7,-58.6,0.0,91.3,0x20,405.002,3.4,2625,-1,2.3,,
2026-08-16T12:12:58.000Z,M20-403-2-02857,1470917578,43.90756,4.56907,17141.4,6.0,4.5,48.3,-58.6,0.0,91.2,0x20,405.002,2.9,2625,-1,2.3,,
2026-08-16T12:12:59.000Z,M20-403-2-02857,1470917579,43.90760,4.56910,17146.2,3.6,6.1,18.1,-58.5,0.0,91.1,0x20,405.002,3.6,2625,-1,2.3,,
2026-08-16T12:13:00.000Z,M20-403-2-02857,1470917580,43.90766,4.56913,17150.8,5.0,7.3,11.7,-58.5,0.0,91.1,0x20,405.002,12.7,2625,-1,2.3,,
2026-08-16T12:13:01.000Z,M20-403-2-02857,1470917581,43.90772,4.56915,17155.4,5.2,6.5,22.1,-58.5,0.0,91.0,0x20,405.002,12.7,2625,-1,2.3,,
2026-08-16T12:13:02.000Z,M20-403-2-02857,1470917582,43.90777,4.56919,17160.2,4.1,6.1,44.7,-58.5,0.0,90.9,0x20,405.002,12.0,2625,-1,2.3,,
2026-08-16T12:13:03.000Z,M20-403-2-02857,1470917583,43.90781,4.56927,17164.4,4.8,8.9,61.4,-58.5,0.0,90.8,0x20,405.002,12.0,2625,-1,2.3,,
2026-08-16T12:13:04.000Z,M20-403-2-02857,1470917584,43.90785,4.56937,17168.8,4.4,10.3,65.9,-58.5,0.0,90.8,0x20,405.002,11.1,2625,-1,2.3,,
2026-08-16T12:13:05.000Z,M20-403-2-02857,1470917585,43.90788,4.56949,17173.5,5.9,9.5,73.3,-58.5,0.0,90.7,0x20,405.002,11.1,2625,-1,2.3,,
2026-08-16T12:13:06.000Z,M20-403-2-02857,1470917586,43.90789,4.56958,17178.9,5.3,6.8,79.3,-58.5,0.0,90.6,0x20,405.002,8.6,2625,-1,2.3,,
2026-08-16T12:13:07.000Z,M20-403-2-02857,1470917587,43.90791,4.56965,17183.1,3.4,4.5,74.0,-58.6,0.0,90.6,0x20,405.002,9.6,2625,-1,2.3,,
2026-08-16T12:13:08.000Z,M20-403-2-02857,1470917588,43.90793,4.56970,17187.9,6.0,4.4,33.9,-58.6,0.0,90.5,0x20,405.002,10.7,2625,-1,2.3,,
2026-08-16T12:13:09.000Z,M20-403-2-02857,1470917589,43.90797,4.56973,17193.5,4.9,6.2,31.1,-58.5,0.0,90.4,0x20,405.002,10.7,2625,-1,2.3,,
2026-08-16T12:13:10.000Z,M20-403-2-02857,1470917590,43.90801,4.56978,17199.5,7.7,6.8,37.8,-58.5,0.0,90.3,0x20,405.002,3.7,2625,-1,2.3,,
2026-08-16T12:13:11.000Z,M20-403-2-02857,1470917591,43.90805,4.56984,17204.5,3.7,6.1,55.1,-58.4,0.0,90.3,0x20,405.002,3.3,2625,-1,2.3,,
2026-08-16T12:13:12.000Z,M20-403-2-02857,1470917592,43.90807,4.56991,17208.6,4.9,7.6,78.7,-58.4,0.0,90.2,0x20,405.002,2.8,2625,-1,2.3,,
2026-08-16T12:13:13.000Z,M20-403-2-02857,1470917593,43.90809,4.57001,17213.4,5.1,9.6,77.6,-58.4,0.0,90.1,0x20,405.002,9.9,2625,-1,2.3,,
2026-08-16T12:13:14.000Z,M20-403-2-02857,1470917594,43.90811,4.57013,17218.4,5.1,9.7,76.3,-58.3,0.0,90.1,0x20,405.002,9.9,2625,-1,2.3,,
2026-08-16T12:13:15.000Z,M20-403-2-02857,1470917595,43.90813,4.57023,17223.2,5.1,7.1,77.1,-58.3,0.0,90.0,0x20,405.002,8.8,2625,-1,2.3,,
2026-08-16T12:13:16.000Z,M20-403-2-02857,1470917596,43.90814,4.57030,17227.4,3.6,4.9,81.3,-58.3,0.0,89.9,0x20,405.002,10.6,2625,-1,2.3,,
2026-08-16T12:13:17.000Z,M20-403-2-02857,1470917597,43.90815,4.57036,17231.5,4.8,4.1,65.4,-58.3,0.0,89.8,0x20,405.002,13.5,2625,-1,2.3,,
2026-08-16T12:13:18.000Z,M20-403-2-02857,1470917598,43.90818,4.57040,17236.8,6.0,5.9,46.4,-58.3,0.0,89.8,0x20,405.002,13.5,2625,-1,2.3,,
2026-08-16T12:13:19.000Z,M20-403-2-02857,1470917599,43.90822,4.57046,17241.6,4.1,7.5,46.0,-58.3,0.0,89.7,0x20,405.002,12.9,2625,-1,2.3,,
2026-08-16T12:13:20.000Z,M20-403-2-02857,1470917600,43.90827,4.57054,17246.6,6.4,8.3,59.6,-58.4,0.0,89.6,0x20,405.002,10.6,2625,-1,2.3,,
2026-08-16T12:13:21.000Z,M20-403-2-02857,1470917601,43.90829,4.57063,17251.2,3.5,7.4,75.7,-58.4,0.0,89.6,0x20,405.002,10.2,2625,-1,2.3,,
2026-08-16T12:13:22.000Z,M20-403-2-02857,1470917602,43.90831,4.57072,17255.0,4.5,7.5,83.0,-58.4,0.0,89.5,0x20,405.002,10.2,2625,-1,2.3,,
2026-08-16T12:13:23.000Z,M20-403-2-02857,1470917603,43.90832,4.57082,17259.9,5.4,8.8,76.4,-58.4,0.0,89.4,0x20,405.002,10.2,2625,-1,2.3,,
2026-08-16T12:13:24.000Z,M20-403-2-02857,1470917604,43.90835,4.57093,17264.2,3.2,9.0,70.2,-58.5,0.0,89.3,0x20,405.002,3.0,2625,-1,2.3,,
2026-08-16T12:13:25.000Z,M20-403-2-02857,1470917605,43.90838,4.57102,17268.0,4.9,7.7,63.4,-58.5,0.0,89.3,0x20,405.002,3.1,2625,-1,2.3,,
2026-08-16T12:13:26.000Z,M20-403-2-02857,1470917606,43.90841,4.57110,17272.6,4.6,5.6,57.6,-58.5,0.0,89.2,0x20,405.002,7.9,2625,-1,2.3,,
2026-08-16T12:13:27.000Z,M20-403-2-02857,1470917607,43.90843,4.57115,17276.7,3.5,5.2,63.0,-58.5,0.0,89.2,0x20,405.002,12.2,2625,-1,2.3,,
2026-08-16T12:13:28.000Z,M20-403-2-02857,1470917608,43.90845,4.57122,17282.3,7.2,6.7,72.7,-58.6,0.0,89.1,0x20,405.002,13.9,2625,-1,2.3,,
2026-08-16T12:13:29.000Z,M20-403-2-02857,1470917609,43.90848,4.57132,17287.2,3.1,9.6,71.4,-58.6,0.0,89.0,0x20,405.002,13.9,2625,-1,2.3,,
2026-08-16T12:13:30.000Z,M20-403-2-02857,1470917610,43.90851,4.57144,17291.2,5.1,10.2,69.1,-58.6,0.0,89.0,0x20,405.002,11.9,2625,-1,2.3,,
2026-08-16T12:13:31.000Z,M20-403-2-02857,1470917611,43.90854,4.57155,17296.8,6.4,8.7,61.7,-58.7,0.0,88.8,0x20,405.002,11.1,2625,-1,2.3,,
2026-08-16T12:13:32.000Z,M20-403-2-02857,1470917612,43.90858,4.57163,17301.3,3.0,7.4,55.0,-58.7,0.0,88.8,0x20,405.002,11.8,2625,-1,2.3,,
2026-08-16T12:13:33.000Z,M20-403-2-02857,1470917613,43.90862,4.57170,17305.1,4.2,7.5,50.4,-58.8,0.0,88.7,0x20,405.002,12.3,2625,-1,2.3,,
2026-08-16T12:13:34.000Z,M20-403-2-02857,1470917614,43.90867,4.57178,17309.7,4.8,8.9,51.8,-58.8,0.0,88.7,0x20,405.002,12.3,2625,-1,2.3,,
2026-08-16T12:13:35.000Z,M20-403-2-02857,1470917615,43.90872,4.57188,17314.7,5.3,9.5,55.9,-58.9,0.0,88.6,0x20,405.002,12.1,2625,-1,2.3,,
2026-08-16T12:13:36.000Z,M20-403-2-02857,1470917616,43.90875,4.57198,17320.8,6.5,9.0,73.4,-58.9,0.0,88.5,0x20,405.002,12.1,2625,-1,2.3,,
2026-08-16T12:13:37.000Z,M20-403-2-02857,1470917617,43.90877,4.57209,17325.6,3.0,8.3,80.9,-58.9,0.0,88.4,0x20,405.002,3.3,2625,-1,2.3,,
2026-08-16T12:13:38.000Z,M20-403-2-02857,1470917618,43.90878,4.57219,17329.9,5.6,8.9,85.7,-58.9,0.0,88.4,0x20,405.002,2.9,2625,-1,2.3,,
2026-08-16T12:13:39.000Z,M20-403-2-02857,1470917619,43.90879,4.57231,17334.5,3.5,10.8,80.9,-58.9,0.0,88.3,0x20,405.002,9.2,2625,-1,2.3,,
2026-08-16T12:13:40.000Z,M20-403-2-02857,1470917620,43.90881,4.57244,17339.9,7.1,10.4,74.3,-59.0,0.0,88.2,0x20,405.002,9.6,2625,-1,2.3,,
2026-08-16T12:13:42.000Z,M20-403-2-02857,1470917622,43.90887,4.57265,17348.2,5.0,8.5,56.7,-59.0,0.0,88.1,0x20,405.002,10.5,2625,-1,2.3,,
2026-08-16T12:13:43.000Z,M20-403-2-02857,1470917623,43.90892,4.57275,17352.7,3.9,9.7,55.4,-59.0,0.0,88.0,0x20,405.002,10.5,2625,-1,2.3,,
2026-08-16T12:13:45.000Z,M20-403-2-02857,1470917625,43.90901,4.57295,17363.1,5.2,8.8,62.3,-59.1,0.0,87.9,0x20,405.002,12.8,2625,-1,2.3,,
2026-08-16T12:13:46.000Z,M20-403-2-02857,1470917626,43.90904,4.57305,17367.7,3.5,8.6,71.1,-59.1,0.0,87.8,0x20,405.002,12.8,2625,-1,2.3,,
2026-08-16T12:13:47.000Z,M20-403-2-02857,1470917627,43.90906,4.57316,17372.6,5.7,10.0,76.4,-59.1,0.0,87.7,0x20,405.002,10.5,2625,-1,2.3,,
2026-08-16T12:13:48.000Z,M20-403-2-02857,1470917628,43.90908,4.57329,17376.9,2.5,11.7,76.2,-59.2,0.0,87.7,0x20,405.002,10.5,2625,-1,2.3,,
2026-08-16T12:13:49.000Z,M20-403-2-02857,1470917629,43.90911,4.57343,17381.2,5.3,11.8,72.6,-59.2,0.0,87.6,0x20,405.002,4.4,2625,-1,2.3,,
2026-08-16T12:13:50.000Z,M20-403-2-02857,1470917630,43.90915,4.57355,17386.2,4.8,10.1,62.2,-59.2,0.0,87.5,0x20,405.002,3.0,2625,-1,2.3,,
2026-08-16T12:13:51.000Z,M20-403-2-02857,1470917631,43.90919,4.57366,17390.7,4.2,8.6,61.9,-59.2,0.0,87.5,0x20,405.002,8.5,2625,-1,2.3,,
2026-08-16T12:13:52.000Z,M20-403-2-02857,1470917632,43.90922,4.57376,17396.3,6.6,9.1,73.8,-59.3,0.0,87.4,0x20,405.002,11.5,2625,-1,2.3,,
2026-08-16T12:13:53.000Z,M20-403-2-02857,1470917633,43.90924,4.57388,17401.6,4.1,10.7,81.2,-59.3,0.0,87.3,0x20,405.002,11.5,2625,-1,2.3,,
2026-08-16T12:13:54.000Z,M20-403-2-02857,1470917634,43.90925,4.57402,17406.0,4.7,11.3,84.0,-59.3,0.0,87.2,0x20,405.002,13.4,2625,-1,2.3,,
2026-08-16T12:13:55.000Z,M20-403-2-02857,1470917635,43.90926,4.57415,17410.6,4.3,10.8,79.3,-59.4,0.0,87.2,0x20,405.002,13.9,2625,-1,2.3,,
2026-08-16T12:13:56.000Z,M20-403-2-02857,1470917636,43.90929,4.57429,17415.1,4.1,11.6,73.4,-59.4,0.0,87.1,0x20,405.002,13.9,2625,-1,2.3,,
2026-08-16T12:13:57.000Z,M20-403-2-02857,1470917637,43.90932,4.57444,17420.1,5.6,13.8,71.3,-59.4,0.0,87.0,0x20,405.002,11.4,2625,-1,2.3,,
2026-08-16T12:13:58.000Z,M20-403-2-02857,1470917638,43.90936,4.57460,17425.5,5.1,14.5,71.7,-59.4,0.0,87.0,0x20,405.002,9.7,2625,-1,2.3,,
2026-08-16T12:13:59.000Z,M20-403-2-02857,1470917639,43.90941,4.57476,17431.2,6.6,13.1,69.3,-59.4,0.0,86.9,0x20,405.002,9.4,2625,-1,2.3,,
2026-08-16T12:14:00.000Z,M20-403-2-02857,1470917640,43.90945,4.57490,17436.1,2.9,10.8,64.7,-59.4,0.0,86.8,0x20,405.002,11.9,2625,-1,2.3,,
2026-08-16T12:14:01.000Z,M20-403-2-02857,1470917641,43.90948,4.57502,17440.6,6.4,10.1,72.5,-59.4,0.0,86.8,0x20,405.002,11.9,2625,-1,2.3,,
2026-08-16T12:14:02.000Z,M20-403-2-02857,1470917642,43.90951,4.57514,17445.5,3.6,10.6,79.2,-59.4,0.0,86.7,0x20,405.002,3.7,2625,-1,2.3,,
2026-08-16T12:14:03.000Z,M20-403-2-02857,1470917643,43.90952,4.57527,17450.0,6.0,10.4,83.8,-59.3,0.0,86.6,0x20,405.002,2.9,2625,-1,2.3,,
2026-08-16T12:14:04.000Z,M20-403-2-02857,1470917644,43.90953,4.57539,17454.9,3.4,9.3,84.8,-59.2,0.0,86.5,0x20,405.002,3.3,2625,-1,2.3,,
2026-08-16T12:14:05.000Z,M20-403-2-02857,1470917645,43.90954,4.57551,17459.1,4.5,9.2,75.3,-59.0,0.0,86.5,0x20,405.002,9.7,2625,-1,2.3,,
2026-08-16T12:14:06.000Z,M20-403-2-02857,1470917646,43.90957,4.57563,17464.3,5.3,11.3,75.1,-59.0,0.0,86.4,0x20,405.002,11.5,2625,-1,2.3,,
2026-08-16T12:14:07.000Z,M20-403-2-02857,1470917647,43.90960,4.57577,17468.2,2.8,12.0,73.1,-58.9,0.0,86.3,0x20,405.002,11.5,2625,-1,2.3,,
2026-08-16T12:14:08.000Z,M20-403-2-02857,1470917648,43.90963,4.57590,17473.3,6.8,11.1,69.0,-58.9,0.0,86.2,0x20,405.002,12.8,2625,-1,2.3,,
2026-08-16T12:14:09.000Z,M20-403-2-02857,1470917649,43.90967,4.57602,17478.2,2.5,9.7,66.8,-58.9,0.0,86.2,0x20,405.002,12.8,2625,-1,2.3,,
2026-08-16T12:14:10.000Z,M20-403-2-02857,1470917650,43.90970,4.57613,17482.1,5.1,9.4,71.1,-58.8,0.0,86.1,0x20,405.002,12.8,2625,-1,2.3,,
2026-08-16T12:14:11.000Z,M20-403-2-02857,1470917651,43.90973,4.57625,17487.9,5.0,10.2,77.0,-58.9,0.0,86.0,0x20,405.002,13.0,2625,-1,2.3,,
2026-08-16T12:14:12.000Z,M20-403-2-02857,1470917652,43.90975,4.57637,17492.7,4.7,10.2,79.8,-58.8,0.0,86.0,0x20,405.002,13.0,2625,-1,2.3,,
2026-08-16T12:14:13.000Z,M20-403-2-02857,1470917653,43.90976,4.57650,17498.4,5.7,9.5,83.0,-58.8,0.0,85.9,0x20,405.002,13.0,2625,-1,2.3,,
2026-08-16T12:14:14.000Z,M20-403-2-02857,1470917654,43.90977,4.57661,17503.3,3.5,8.2,84.1,-58.8,0.0,85.8,0x20,405.002,13.0,2625,-1,2.3,,
2026-08-16T12:14:15.000Z,M20-403-2-02857,1470917655,43.90978,4.57672,17508.2,6.2,9.2,84.4,-58.7,0.0,85.8,0x20,405.002,4.2,2625,-1,2.3,,
2026-08-16T12:14:16.000Z,M20-403-2-02857,1470917656,43.90979,4.57683,17513.5,3.8,9.8,80.6,-58.7,0.0,85.7,0x20,405.002,3.5,2625,-1,2.3,,
2026-08-16T12:14:17.000Z,M20-403-2-02857,1470917657,43.90981,4.57695,17519.1,7.2,9.4,69.3,-58.7,0.0,85.6,0x20,405.002,3.7,2625,-1,2.3,,
2026-08-16T12:14:18.000Z,M20-403-2-02857,1470917658,43.90984,4.57705,17524.1,2.3,8.9,65.5,-58.7,0.0,85.5,0x20,405.002,11.1,2625,-1,2.3,,
2026-08-16T12:14:19.000Z,M20-403-2-02857,1470917659,43.90987,4.57715,17527.4,4.4,8.2,66.9,-58.7,0.0,85.5,0x20,405.002,11.3,2625,-1,2.3,,
2026-08-16T12:14:20.000Z,M20-403-2-02857,1470917660,43.90989,4.57725,17531.9,4.4,7.8,83.9,-58.8,0.0,85.4,0x20,405.002,11.3,2625,-1,2.3,,
2026-08-16T12:14:21.000Z,M20-403-2-02857,1470917661,43.90989,4.57736,17537.4,5.7,9.7,94.9,-58.8,0.0,85.3,0x20,405.002,10.1,2625,-1,2.3,,
2026-08-16T12:14:22.000Z,M20-403-2-02857,1470917662,43.90989,4.57747,17543.0,5.3,8.9,89.7,-58.8,0.0,85.3,0x20,405.002,11.5,2625,-1,2.3,,
2026-08-16T12:14:23.000Z,M20-403-2-02857,1470917663,43.90989,4.57758,17547.1,3.6,8.4,84.0,-58.8,0.0,85.2,0x20,405.002,12.3,2625,-1,2.3,,
2026-08-16T12:14:24.000Z,M20-403-2-02857,1470917664,43.90990,4.57768,17552.3,6.8,8.4,81.3,-58.8,0.0,85.1,0x20,405.002,12.3,2625,-1,2.3,,
2026-08-16T12:14:25.000Z,M20-403-2-02857,1470917665,43.90991,4.57779,17558.0,4.7,9.0,85.4,-58.9,0.0,85.1,0x20,405.002,10.6,2625,-1,2.3,,
2026-08-16T12:14:27.000Z,M20-403-2-02857,1470917667,43.90994,4.57798,17571.8,3.9,6.9,75.6,-58.9,0.0,84.9,0x20,405.002,8.5,2625,-1,2.3,,
2026-08-16T12:14:28.000Z,M20-403-2-02857,1470917668,43.90996,4.57805,17576.8,6.5,6.5,59.7,-58.9,0.0,84.9,0x20,405.002,4.5,2625,-1,2.3,,
2026-08-16T12:14:29.000Z,M20-403-2-02857,1470917669,43.90998,4.57812,17581.6,5.8,5.9,88.6,-58.9,0.0,84.8,0x20,405.002,3.6,2625,-1,2.3,,
2026-08-16T12:14:30.000Z,M20-403-2-02857,1470917670,43.90997,4.57819,17586.7,4.9,5.6,103.1,-58.9,0.0,84.7,0x20,405.002,3.1,2625,-1,2.3,,
2026-08-16T12:14:31.000Z,M20-403-2-02857,1470917671,43.90997,4.57825,17592.0,5.6,3.9,94.9,-58.9,0.0,84.7,0x20,405.002,9.8,2625,-1,2.3,,
2026-08-16T12:14:32.000Z,M20-403-2-02857,1470917672,43.90997,4.57829,17596.8,3.1,3.5,78.5,-58.8,0.0,84.6,0x20,405.002,10.2,2625,-1,2.3,,
2026-08-16T12:14:33.000Z,M20-403-2-02857,1470917673,43.90998,4.57833,17599.7,4.4,3.4,70.7,-58.7,0.0,84.5,0x20,405.002,10.2,2625,-1,2.3,,
2026-08-16T12:14:34.000Z,M20-403-2-02857,1470917674,43.90998,4.57839,17604.1,4.8,5.6,81.2,-58.6,0.0,84.4,0x20,405.002,11.6,2625,-1,2.3,,
2026-08-16T12:14:35.000Z,M20-403-2-02857,1470917675,43.90999,4.57846,17609.1,5.0,6.3,84.9,-58.6,0.0,84.4,0x20,405.002,11.8,2625,-1,2.3,,
2026-08-16T12:14:36.000Z,M20-403-2-02857,1470917676,43.91000,4.57853,17614.5,6.6,5.8,75.2,-58.6,0.0,84.3,0x20,405.002,12.5,2625,-1,2.3,,
2026-08-16T12:14:37.000Z,M20-403-2-02857,1470917677,43.91001,4.57859,17620.0,3.9,4.2,70.8,-58.5,0.0,84.2,0x20,405.002,13.9,2625,-1,2.3,,
2026-08-16T12:14:38.000Z,M20-403-2-02857,1470917678,43.91002,4.57864,17624.8,6.5,3.1,79.0,-58.5,0.0,84.2,0x20,405.002,13.9,2625,-1,2.3,,
2026-08-16T12:14:39.000Z,M20-403-2-02857,1470917679,43.91002,4.57869,17630.5,4.8,4.2,100.7,-58.5,0.0,84.1,0x20,405.002,12.5,2625,-1,2.3,,
2026-08-16T12:14:40.000Z,M20-403-2-02857,1470917680,43.91002,4.57873,17635.5,5.7,3.9,105.3,-58.5,0.0,84.0,0x20,405.002,9.7,2625,-1,2.3,,
2026-08-16T12:14:41.000Z,M20-403-2-02857,1470917681,43.91001,4.57878,17640.1,4.2,3.0,83.4,-58.6,0.0,83.9,0x20,405.002,9.6,2625,-1,2.3,,
2026-08-16T12:14:42.000Z,M20-403-2-02857,1470917682,43.91002,4.57881,17643.4,2.0,3.2,63.9,-58.5,0.0,83.9,0x20,405.002,3.3,2625,-1,2.3,,
2026-08-16T12:14:43.000Z,M20-403-2-02857,1470917683,43.91003,4.57886,17647.5,5.8,4.7,73.0,-58.6,0.0,83.8,0x20,405.002,3.3,2625,-1,2.3,,
2026-08-16T12:14:44.000Z,M20-403-2-02857,1470917684,43.91004,4.57893,17652.4,3.5,5.1,79.0,-58.6,0.0,83.7,0x20,405.002,9.1,2625,-1,2.3,,
2026-08-16T12:14:45.000Z,M20-403-2-02857,1470917685,43.91005,4.57899,17657.7,6.0,4.4,70.9,-58.6,0.0,83.6,0x20,405.002,9.1,2625,-1,2.3,,
2026-08-16T12:14:46.000Z,M20-403-2-02857,1470917686,43.91007,4.57904,17663.2,4.2,3.7,49.6,-58.7,0.0,83.6,0x20,405.002,11.2,2625,-1,2.3,,
2026-08-16T12:14:47.000Z,M20-403-2-02857,1470917687,43.91009,4.57907,17668.7,5.7,2.6,34.9,-58.7,0.0,83.5,0x20,405.002,13.2,2625,-1,2.3,,
2026-08-16T12:14:48.000Z,M20-403-2-02857,1470917688,43.91010,4.57909,17674.3,5.4,2.6,68.6,-58.7,0.0,83.4,0x20,405.002,13.2,2625,-1,2.3,,
2026-08-16T12:14:49.000Z,M20-403-2-02857,1470917689,43.91011,4.57913,17679.0,4.0,2.8,80.5,-58.7,0.0,83.4,0x20,405.002,11.7,2625,-1,2.3,,
2026-08-16T12:14:50.000Z,M20-403-2-02857,1470917690,43.91012,4.57916,17683.5,5.0,3.6,51.3,-58.7,0.0,83.3,0x20,405.002,12.2,2625,-1,2.3,,
2026-08-16T12:14:51.000Z,M20-403-2-02857,1470917691,43.91015,4.57920,17687.9,3.8,4.7,33.6,-58.7,0.0,83.2,0x20,405.002,12.2,2625,-1,2.3,,
2026-08-16T12:14:52.000Z,M20-403-2-02857,1470917692,43.91018,4.57923,17692.2,4.4,4.4,31.5,-58.7,0.0,83.2,0x20,405.002,13.5,2625,-1,2.3,,
2026-08-16T12:14:53.000Z,M20-403-2-02857,1470917693,43.91020,4.57927,17696.8,4.1,3.4,60.0,-58.7,0.0,83.1,0x20,405.002,13.5,2625,-1,2.3,,
2026-08-16T12:14:54.000Z,M20-403-2-02857,1470917694,43.91022,4.57931,17701.3,4.2,3.3,79.9,-58.6,0.0,83.0,0x20,405.002,5.3,2625,-1,2.3,,
2026-08-16T12:14:55.000Z,M20-403-2-02857,1470917695,43.91022,4.57934,17706.8,6.3,3.0,59.8,-58.6,0.0,83.0,0x20,405.002,3.0,2625,-1,2.3,,
2026-08-16T12:14:56.000Z,M20-403-2-02857,1470917696,43.91024,4.57937,17712.1,3.6,2.5,43.2,-58.5,0.0,82.9,0x20,405.002,3.4,2625,-1,2.3,,
2026-08-16T12:14:57.000Z,M20-403-2-02857,1470917697,43.91026,4.57940,17716.7,5.7,3.4,35.7,-58.5,0.0,82.8,0x20,405.002,9.9,2625,-1,2.3,,
2026-08-16T12:14:58.000Z,M20-403-2-02857,1470917698,43.91028,4.57943,17721.3,3.8,3.7,56.4,-58.5,0.0,82.8,0x20,405.002,11.6,2625,-1,2.3,,
2026-08-16T12:14:59.000Z,M20-403-2-02857,1470917699,43.91030,4.57947,17725.7,4.1,4.4,57.6,-58.5,0.0,82.7,0x20,405.002,12.4,2625,-1,2.3,,
2026-08-16T12:15:00.000Z,M20-403-2-02857,1470917700,43.91033,4.57952,17730.3,5.2,6.0,41.6,-58.5,0.0,82.6,0x20,405.002,12.6,2625,-1,2.3,,
2026-08-16T12:15:01.000Z,M20-403-2-02857,1470917701,43.91038,4.57957,17734.7,2.8,7.2,33.5,-58.5,0.0,82.6,0x20,405.002,12.6,2625,-1,2.3,,
2026-08-16T12:15:02.000Z,M20-403-2-02857,1470917702,43.91042,4.57962,17738.6,4.7,6.1,43.0,-58.5,0.0,82.5,0x20,405.002,11.9,2625,-1,2.3,,
2026-08-16T12:15:03.000Z,M20-403-2-02857,1470917703,43.91046,4.57967,17744.1,5.5,5.5,53.0,-58.4,0.0,82.4,0x20,405.002,11.9,2625,-1,2.3,,
2026-08-16T12:15:04.000Z,M20-403-2-02857,1470917704,43.91048,4.57972,17748.9,3.9,4.6,64.2,-58.4,0.0,82.4,0x20,405.002,10.7,2625,-1,2.3,,
2026-08-16T12:15:05.000Z,M20-403-2-02857,1470917705,43.91050,4.57977,17754.8,6.9,3.5,44.2,-58.4,0.0,82.3,0x20,405.002,12.0,2625,-1,2.3,,
2026-08-16T12:15:06.000Z,M20-403-2-02857,1470917706,43.91053,4.57979,17760.4,3.9,3.7,29.8,-58.4,0.0,82.2,0x20,405.002,12.0,2625,-1,2.3,,
2026-08-16T12:15:07.000Z,M20-403-2-02857,1470917707,43.91056,4.57982,17764.8,5.1,4.2,24.6,-58.4,0.0,82.2,0x20,405.002,6.4,2625,-1,2.3,,
2026-08-16T12:15:08.000Z,M20-403-2-02857,1470917708,43.91059,4.57985,17770.0,4.6,4.5,45.7,-58.4,0.0,82.1,0x20,405.002,3.7,2625,-1,2.3,,
2026-08-16T12:15:09.000Z,M20-403-2-02857,1470917709,43.91063,4.57990,17774.9,4.8,6.5,45.9,-58.4,0.0,82.0,0x20,405.002,3.0,2625,-1,2.3,,
2026-08-16T12:15:10.000Z,M20-403-2-02857,1470917710,43.91067,4.57996,17780.5,5.5,8.3,42.9,-58.5,0.0,82.0,0x20,405.002,10.3,2625,-1,2.3,,
2026-08-16T12:15:11.000Z,M20-403-2-02857,1470917711,43.91073,4.58003,17786.0,4.3,8.1,37.5,-58.4,0.0,81.9,0x20,405.002,12.7,2625,-1,2.3,,
2026-08-16T12:15:12.000Z,M20-403-2-02857,1470917712,43.91079,4.58010,17792.1,8.0,8.3,47.2,-58.3,0.0,81.8,0x20,405.002,12.7,2625,-1,2.3,,
2026-08-16T12:15:13.000Z,M20-403-2-02857,1470917713,43.91083,4.58018,17798.3,4.6,7.3,58.6,-58.1,0.0,81.8,0x20,405.002,12.4,2625,-1,2.3,,
2026-08-16T12:15:14.000Z,M20-403-2-02857,1470917714,43.91085,4.58024,17803.7,7.1,5.0,62.3,-58.1,0.0,81.7,0x20,405.002,12.4,2625,-1,2.3,,
2026-08-16T12:15:15.000Z,M20-403-2-02857,1470917715,43.91087,4.58029,17809.1,3.9,3.8,54.8,-58.1,0.0,81.6,0x20,405.002,11.9,2625,-1,2.3,,
2026-08-16T12:15:16.000Z,M20-403-2-02857,1470917716,43.91090,4.58033,17814.4,7.2,4.6,52.3,-58.0,0.0,81.6,0x20,405.002,11.4,2625,-1,2.3,,
2026-08-16T12:15:17.000Z,M20-403-2-02857,1470917717,43.91092,4.58039,17819.7,3.3,5.6,70.9,-58.0,0.0,81.5,0x20,405.002,12.7,2625,-1,2.3,,
2026-08-16T12:15:18.000Z,M20-403-2-02857,1470917718,43.91094,4.58046,17824.4,6.4,6.2,61.2,-57.9,0.0,81.4,0x20,405.002,13.9,2625,-1,2.3,,
2026-08-16T12:15:19.000Z,M20-403-2-02857,1470917719,43.91097,4.58052,17829.9,4.4,6.2,48.5,-57.9,0.0,81.3,0x20,405.002,13.9,2625,-1,2.3,,
2026-08-16T12:15:20.000Z,M20-403-2-02857,1470917720,43.91101,4.58058,17834.4,5.0,6.7,47.8,-57.8,0.0,81.2,0x20,405.002,13.9,2625,-1,2.3,,
2026-08-16T12:15:21.000Z,M20-403-2-02857,1470917721,43.91105,4.58065,17839.8,5.4,7.4,56.4,-57.8,0.0,81.2,0x20,405.002,3.3,2625,-1,2.3,,
2026-08-16T12:15:22.000Z,M20-403-2-02857,1470917722,43.91108,4.58073,17843.5,2.3,7.6,62.4,-57.7,0.0,81.2,0x20,405.002,13.4,2625,-1,2.3,,
2026-08-16T12:15:23.000Z,M20-403-2-02857,1470917723,43.91111,4.58081,17848.9,8.2,5.9,70.7,-57.7,0.0,81.0,0x20,405.002,13.4,2625,-1,2.3,,
2026-08-16T12:15:24.000Z,M20-403-2-02857,1470917724,43.91113,4.58087,17855.7,4.9,5.0,63.7,-57.7,0.0,81.0,0x20,405.002,14.8,2625,-1,2.3,,
2026-08-16T12:15:25.000Z,M20-403-2-02857,1470917725,43.91115,4.58093,17860.3,4.6,5.5,64.9,-57.6,0.0,80.9,0x20,405.002,15.8,2625,-1,2.3,,
2026-08-16T12:15:26.000Z,M20-403-2-02857,1470917726,43.91117,4.58100,17864.8,4.3,6.0,66.5,-57.6,0.0,80.8,0x20,405.002,15.8,2625,-1,2.3,,
2026-08-16T12:15:27.000Z,M20-403-2-02857,1470917727,43.91119,4.58107,17870.1,6.5,6.4,65.5,-57.5,0.0,80.8,0x20,405.002,15.5,2625,-1,2.3,,
2026-08-16T12:15:28.000Z,M20-403-2-02857,1470917728,43.91122,4.58113,17876.5,5.6,5.5,54.6,-57.5,0.0,80.7,0x20,405.002,15.5,2625,-1,2.3,,
2026-08-16T12:15:29.000Z,M20-403-2-02857,1470917729,43.91125,4.58119,17880.8,2.6,5.2,48.2,-57.5,0.0,80.7,0x20,405.002,14.5,2625,-1,2.3,,
2026-08-16T12:15:30.000Z,M20-403-2-02857,1470917730,43.91127,4.58125,17886.0,7.6,6.3,71.9,-57.5,0.0,80.6,0x20,405.002,14.5,2625,-1,2.3,,
2026-08-16T12:15:31.000Z,M20-403-2-02857,1470917731,43.91129,4.58133,17891.3,3.1,7.6,80.4,-57.4,0.0,80.5,0x20,405.002,13.8,2625,-1,2.3,,
2026-08-16T12:15:32.000Z,M20-403-2-02857,1470917732,43.91130,4.58142,17895.8,6.7,6.4,74.3,-57.3,0.0,80.4,0x20,405.002,13.8,2625,-1,2.3,,
2026-08-16T12:15:33.000Z,M20-403-2-02857,1470917733,43.91132,4.58148,17901.7,5.6,4.3,53.0,-57.3,0.0,80.4,0x20,405.002,4.4,2625,-1,2.3,,
2026-08-16T12:15:34.000Z,M20-403-2-02857,1470917734,43.91134,4.58151,17906.2,3.1,3.0,36.2,-57.2,0.0,80.3,0x20,405.002,4.4,2625,-1,2.3,,
2026-08-16T12:15:35.000Z,M20-403-2-02857,1470917735,43.91136,4.58153,17911.2,6.6,2.2,56.8,-57.2,0.0,80.3,0x20,405.002,3.2,2625,-1,2.3,,
2026-08-16T12:15:36.000Z,M20-403-2-02857,1470917736,43.91137,4.58157,17916.1,3.4,3.8,87.0,-57.2,0.0,80.2,0x20,405.002,10.9,2625,-1,2.3,,
2026-08-16T12:15:37.000Z,M20-403-2-02857,1470917737,43.91137,4.58162,17920.1,4.8,4.8,99.3,-57.2,0.0,80.2,0x20,405.002,13.1,2625,-1,2.3,,
2026-08-16T12:15:38.000Z,M20-403-2-02857,1470917738,43.91136,4.58168,17924.8,4.9,4.3,93.2,-57.1,0.0,80.1,0x20,405.002,15.1,2625,-1,2.3,,
2026-08-16T12:15:39.000Z,M20-403-2-02857,1470917739,43.91136,4.58174,17929.2,4.4,5.3,83.2,-57.0,0.0,80.0,0x20,405.002,15.1,2625,-1,2.3,,
2026-08-16T12:15:40.000Z,M20-403-2-02857,1470917740,43.91137,4.58181,17934.0,5.7,7.2,77.6,-57.0,0.0,80.0,0x20,405.002,13.1,2625,-1,2.3,,
2026-08-16T12:15:41.000Z,M20-403-2-02857,1470917741,43.91139,4.58190,17938.6,4.0,8.1,76.0,-56.9,0.0,79.9,0x20,405.002,14.8,2625,-1,2.3,,
2026-08-16T12:15:42.000Z,M20-403-2-02857,1470917742,43.91141,4.58199,17944.2,7.0,6.0,68.3,-56.9,0.0,79.8,0x20,405.002,14.8,2625,-1,2.3,,
2026-08-16T12:15:43.000Z,M20-403-2-02857,1470917743,43.91143,4.58204,17949.3,3.4,4.3,61.0,-56.9,0.0,79.7,0x20,405.002,14.1,2625,-1,2.3,,
2026-08-16T12:15:44.000Z,M20-403-2-02857,1470917744,43.91144,4.58208,17953.3,4.6,2.3,72.2,-56.9,0.0,79.7,0x20,405.002,13.7,2625,-1,2.3,,
2026-08-16T12:15:45.000Z,M20-403-2-02857,1470917745,43.91144,4.58211,17957.7,4.1,3.1,112.1,-56.9,0.0,79.6,0x20,405.002,13.7,2625,-1,2.3,,
2026-08-16T12:15:46.000Z,M20-403-2-02857,1470917746,43.91143,4.58215,17962.1,4.5,4.2,113.8,-56.9,0.0,79.6,0x20,405.002,13.7,2625,-1,2.3,,
2026-08-16T12:15:47.000Z,M20-403-2-02857,1470917747,43.91142,4.58220,17967.6,6.0,3.4,91.7,-56.9,0.0,79.5,0x20,405.002,4.4,2625,-1,2.3,,
2026-08-16T12:15:48.000Z,M20-403-2-02857,1470917748,43.91143,4.58223,17972.7,4.5,3.2,65.1,-56.9,0.0,79.4,0x20,405.002,3.4,2625,-1,2.3,,
2026-08-16T12:15:49.000Z,M20-403-2-02857,1470917749,43.91145,4.58227,17977.5,4.8,5.0,56.3,-56.9,0.0,79.4,0x20,405.002,13.1,2625,-1,2.3,,
2026-08-16T12:15:50.000Z,M20-403-2-02857,1470917750,43.91147,4.58233,17982.5,4.8,5.9,70.3,-56.9,0.0,79.3,0x20,405.002,13.1,2625,-1,2.3,,
2026-08-16T12:15:51.000Z,M20-403-2-02857,1470917751,43.91149,4.58240,17987.2,3.9,5.9,71.4,-56.9,0.0,79.2,0x20,405.002,13.1,2625,-1,2.3,,
2026-08-16T12:15:52.000Z,M20-403-2-02857,1470917752,43.91150,4.58246,17992.0,5.1,4.1,75.1,-57.0,0.0,79.2,0x20,405.002,11.6,2625,-1,2.3,,
2026-08-16T12:15:53.000Z,M20-403-2-02857,1470917753,43.91151,4.58249,17996.4,3.1,1.7,65.2,-57.0,0.0,79.1,0x20,405.002,12.9,2625,-1,2.2,,
2026-08-16T12:15:54.000Z,M20-403-2-02857,1470917754,43.91151,4.58251,18000.6,4.5,1.3,151.6,-57.0,0.0,79.0,0x20,405.002,13.8,2625,-1,2.2,,
2026-08-16T12:15:55.000Z,M20-403-2-02857,1470917755,43.91149,4.58253,18005.2,5.0,3.0,135.3,-57.0,0.0,79.0,0x20,405.002,13.8,2625,-1,2.3,,
2026-08-16T12:15:56.000Z,M20-403-2-02857,1470917756,43.91147,4.58257,18010.7,5.0,4.6,124.7,-57.0,0.0,78.9,0x20,405.002,14.8,2625,-1,2.3,,
2026-08-16T12:15:57.000Z,M20-403-2-02857,1470917757,43.91145,4.58262,18017.0,6.9,4.2,108.5,-57.1,0.0,78.8,0x20,405.002,14.8,2625,-1,2.3,,
2026-08-16T12:15:58.000Z,M20-403-2-02857,1470917758,43.91145,4.58267,18022.7,4.4,3.9,92.5,-57.1,0.0,78.8,0x20,405.002,15.3,2625,-1,2.3,,
2026-08-16T12:15:59.000Z,M20-403-2-02857,1470917759,43.91145,4.58272,18028.0,6.6,5.4,84.6,-57.1,0.0,78.7,0x20,405.002,15.3,2625,-1,2.3,,
2026-08-16T12:16:00.000Z,M20-403-2-02857,1470917760,43.91145,4.58280,18033.3,4.2,6.3,92.4,-57.1,0.0,78.7,0x20,405.002,15.3,2625,-1,2.3,,
2026-08-16T12:16:01.000Z,M20-403-2-02857,1470917761,43.91145,4.58287,18040.4,9.1,4.7,107.5,-57.1,0.0,78.6,0x20,405.002,2.8,2625,-1,2.3,,
2026-08-16T12:16:02.000Z,M20-403-2-02857,1470917762,43.91143,4.58291,18046.4,3.6,3.3,117.3,-57.0,0.0,78.5,0x20,405.002,11.4,2625,-1,2.3,,
2026-08-16T12:16:03.000Z,M20-403-2-02857,1470917763,43.91142,4.58293,18049.6,4.2,2.8,154.7,-56.9,0.0,78.4,0x20,405.002,11.9,2625,-1,2.3,,
2026-08-16T12:16:04.000Z,M20-403-2-02857,1470917764,43.91139,4.58296,18054.0,4.8,4.8,144.7,-56.9,0.0,78.4,0x20,405.002,13.8,2625,-1,2.2,,
2026-08-16T12:16:05.000Z,M20-403-2-02857,1470917765,43.91136,4.58299,18058.6,3.8,5.0,139.7,-56.8,0.0,78.3,0x20,405.002,14.7,2625,-1,2.2,,
2026-08-16T12:16:06.000Z,M20-403-2-02857,1470917766,43.91133,4.58303,18064.1,7.5,3.5,128.1,-56.8,0.0,78.2,0x20,405.002,14.7,2625,-1,2.3,,
2026-08-16T12:16:07.000Z,M20-403-2-02857,1470917767,43.91132,4.58306,18068.9,2.9,2.4,114.9,-56.8,0.0,78.2,0x20,405.002,13.9,2625,-1,2.3,,
2026-08-16T12:16:08.000Z,M20-403-2-02857,1470917768,43.91131,4.58309,18073.8,7.0,2.4,118.8,-56.7,0.0,78.1,0x20,405.002,13.5,2625,-1,2.3,,
2026-08-16T12:16:09.000Z,M20-403-2-02857,1470917769,43.91129,4.58312,18079.3,3.6,3.8,125.3,-56.7,0.0,78.0,0x20,405.002,13.5,2625,-1,2.3,,
2026-08-16T12:16:10.000Z,M20-403-2-02857,1470917770,43.91127,4.58316,18083.5,5.2,4.0,133.7,-56.6,0.0,78.0,0x20,405.002,11.5,2625,-1,2.3,,
2026-08-16T12:16:11.000Z,M20-403-2-02857,1470917771,43.91125,4.58319,18088.4,4.7,3.5,140.5,-56.6,0.0,77.9,0x20,405.002,7.2,2625,-1,2.2,,
2026-08-16T12:16:12.000Z,M20-403-2-02857,1470917772,43.91122,4.58321,18092.7,4.2,3.5,148.5,-56.5,0.0,77.9,0x20,405.002,6.8,2625,-1,2.2,,
2026-08-16T12:16:13.000Z,M20-403-2-02857,1470917773,43.91119,4.58324,18097.3,5.7,5.7,145.3,-56.5,0.0,77.8,0x20,405.002,2.7,2625,-1,2.3,,
2026-08-16T12:16:14.000Z,M20-403-2-02857,1470917774,43.91114,4.58329,18101.9,3.5,7.1,142.2,-56.5,0.0,77.8,0x20,405.002,3.1,2625,-1,2.3,,
2026-08-16T12:16:15.000Z,M20-403-2-02857,1470917775,43.91109,4.58334,18106.4,5.6,5.8,147.0,-56.4,0.0,77.7,0x20,405.002,11.5,2625,-1,2.2,,
2026-08-16T12:16:16.000Z,M20-403-2-02857,1470917776,43.91106,4.58337,18111.7,4.8,3.6,153.3,-56.5,0.0,77.6,0x20,405.002,12.6,2625,-1,2.3,,
2026-08-16T12:16:17.000Z,M20-403-2-02857,1470917777,43.91103,4.58338,18115.7,3.2,2.2,172.4,-56.5,0.0,77.6,0x20,405.002,14.1,2625,-1,2.3,,
2026-08-16T12:16:18.000Z,M20-403-2-02857,1470917778,43.91101,4.58338,18120.9,6.8,3.6,174.1,-56.5,0.0,77.5,0x20,405.002,14.2,2625,-1,2.3,,
2026-08-16T12:16:19.000Z,M20-403-2-02857,1470917779,43.91097,4.58339,18126.4,4.5,5.6,164.3,-56.5,0.0,77.4,0x20,405.002,15.0,2625,-1,2.3,,
2026-08-16T12:16:20.000Z,M20-403-2-02857,1470917780,43.91092,4.58342,18131.6,5.9,6.9,156.6,-56.5,0.0,77.4,0x20,405.002,15.6,2625,-1,2.2,,
2026-08-16T12:16:21.000Z,M20-403-2-02857,1470917781,43.91087,4.58345,18137.5,6.8,5.7,152.2,-56.5,0.0,77.3,0x20,405.002,15.6,2625,-1,2.3,,
2026-08-16T12:16:22.000Z,M20-403-2-02857,1470917782,43.91083,4.58349,18143.2,4.5,4.6,144.5,-56.5,0.0,77.3,0x20,405.002,14.4,2625,-1,2.2,,
2026-08-16T12:16:23.000Z,M20-403-2-02857,1470917783,43.91080,4.58352,18148.4,6.7,4.4,136.6,-56.5,0.0,77.2,0x20,405.002,14.7,2625,-1,2.2,,
2026-08-16T12:16:24.000Z,M20-403-2-02857,1470917784,43.91076,4.58356,18153.2,4.0,5.1,138.6,-56.5,0.0,77.1,0x20,405.002,16.3,2625,-1,2.2,,
2026-08-16T12:16:25.000Z,M20-403-2-02857,1470917785,43.91073,4.58360,18158.1,6.5,4.5,133.1,-56.4,0.0,77.1,0x20,405.002,16.3,2625,-1,2.3,,
2026-08-16T12:16:26.000Z,M20-403-2-02857,1470917786,43.91071,4.58363,18163.7,4.8,2.5,133.7,-56.3,0.0,77.0,0x20,405.002,3.1,2625,-1,2.2,,
2026-08-16T12:16:27.000Z,M20-403-2-02857,1470917787,43.91070,4.58365,18168.2,4.6,2.4,141.8,-56.2,0.0,76.9,0x20,405.002,2.9,2625,-1,2.2,,
2026-08-16T12:16:28.000Z,M20-403-2-02857,1470917788,43.91067,4.58368,18173.0,5.5,3.8,139.5,-56.2,0.0,76.9,0x20,405.002,10.1,2625,-1,2.2,,
2026-08-16T12:16:29.000Z,M20-403-2-02857,1470917789,43.91064,4.58371,18177.5,3.5,6.0,142.6,-56.2,0.0,76.8,0x20,405.002,13.0,2625,-1,2.2,,
2026-08-16T12:16:30.000Z,M20-403-2-02857,1470917790,43.91060,4.58376,18181.3,4.0,5.5,136.4,-56.2,0.0,76.8,0x20,405.002,13.0,2625,-1,2.3,,
2026-08-16T12:16:31.000Z,M20-403-2-02857,1470917791,43.91057,4.58381,18185.5,5.0,3.9,120.5,-56.3,0.0,76.7,0x20,405.002,13.0,2625,-1,2.3,,
2026-08-16T12:16:32.000Z,M20-403-2-02857,1470917792,43.91056,4.58385,18190.6,5.2,2.7,102.8,-56.3,0.0,76.6,0x20,405.002,15.2,2625,-1,2.2,,
2026-08-16T12:16:33.000Z,M20-403-2-02857,1470917793,43.91056,4.58388,18196.0,5.9,2.4,115.3,-56.3,0.0,76.6,0x20,405.002,15.2,2625,-1,2.2,,
2026-08-16T12:16:34.000Z,M20-403-2-02857,1470917794,43.91054,4.58390,18201.2,5.3,3.8,148.4,-56.4,0.0,76.5,0x20,405.002,11.3,2625,-1,2.2,,
2026-08-16T12:16:35.000Z,M20-403-2-02857,1470917795,43.91051,4.58393,18205.6,3.4,3.9,160.5,-56.4,0.0,76.4,0x20,405.002,11.8,2625,-1,2.2,,
2026-08-16T12:16:36.000Z,M20-403-2-02857,1470917796,43.91048,4.58394,18211.0,7.2,2.4,153.5,-56.5,0.0,76.4,0x20,405.002,14.0,2625,-1,2.2,,
2026-08-16T12:16:37.000Z,M20-403-2-02857,1470917797,43.91047,4.58396,18216.1,3.0,0.7,98.1,-56.5,0.0,76.3,0x20,405.002,14.0,2625,-1,2.2,,
2026-08-16T12:16:38.000Z,M20-403-2-02857,1470917798,43.91047,4.58397,18220.5,5.8,0.8,70.7,-56.5,0.0,76.2,0x20,405.002,4.2,2625,-1,2.2,,
2026-08-16T12:16:39.000Z,M20-403-2-02857,1470917799,43.91047,4.58398,18226.1,5.1,1.2,106.4,-56.5,0.0,76.2,0x20,405.002,3.4,2625,-1,2.2,,
2026-08-16T12:16:40.000Z,M20-403-2-02857,1470917800,43.91047,4.58400,18231.1,4.0,2.3,110.1,-56.5,0.0,76.1,0x20,405.002,2.8,2625,-1,2.2,,
2026-08-16T12:16:41.000Z,M20-403-2-02857,1470917801,43.91046,4.58403,18236.5,6.6,2.0,71.4,-56.5,0.0,76.0,0x20,405.002,13.9,2625,-1,2.3,,
2026-08-16T12:16:42.000Z,M20-403-2-02857,1470917802,43.91047,4.58406,18241.7,3.3,2.8,43.1,-56.5,0.0,76.0,0x20,405.002,13.9,2625,-1,2.2,,
2026-08-16T12:16:43.000Z,M20-403-2-02857,1470917803,43.91049,4.58408,18246.4,6.0,2.2,69.1,-56.5,0.0,75.9,0x20,405.002,13.7,2625,-1,2.3,,
2026-08-16T12:16:44.000Z,M20-403-2-02857,1470917804,43.91049,4.58411,18251.5,4.0,1.8,89.3,-56.5,0.0,75.9,0x20,405.002,14.6,2625,-1,2.3,,
2026-08-16T12:16:45.000Z,M20-403-2-02857,1470917805,43.91049,4.58413,18255.7,4.9,1.7,108.4,-56.5,0.0,75.8,0x20,405.002,14.6,2625,-1,2.2,,
2026-08-16T12:16:46.000Z,M20-403-2-02857,1470917806,43.91049,4.58415,18261.3,5.3,2.2,76.3,-56.6,0.0,75.7,0x20,405.002,14.5,2625,-1,2.2,,
2026-08-16T12:16:47.000Z,M20-403-2-02857,1470917807,43.91049,4.58418,18265.5,3.5,2.1,63.7,-56.6,0.0,75.7,0x20,405.002,14.5,2625,-1,2.2,,
2026-08-16T12:16:48.000Z,M20-403-2-02857,1470917808,43.91050,4.58420,18269.8,5.4,1.2,62.8,-56.6,0.0,75.6,0x20,405.002,14.5,2625,-1,2.2,,
2026-08-16T12:16:49.000Z,M20-403-2-02857,1470917809,43.91050,4.58422,18274.7,3.7,1.4,101.9,-56.7,0.0,75.6,0x20,405.002,15.6,2625,-1,2.2,,
2026-08-16T12:16:50.000Z,M20-403-2-02857,1470917810,43.91050,4.58424,18279.8,6.6,1.9,74.5,-56.7,0.0,75.5,0x20,405.002,15.6,2625,-1,2.2,,
2026-08-16T12:16:51.000Z,M20-403-2-02857,1470917811,43.91052,4.58426,18285.5,4.4,3.0,36.7,-56.8,0.0,75.4,0x20,405.002,5.2,2625,-1,2.2,,
2026-08-16T12:16:52.000Z,M20-403-2-02857,1470917812,43.91054,4.58428,18289.8,4.1,3.9,29.2,-56.8,0.0,75.4,0x20,405.002,3.3,2625,-1,2.2,,
2026-08-16T12:16:53.000Z,M20-403-2-02857,1470917813,43.91057,4.58431,18294.6,5.4,3.2,47.4,-56.8,0.0,75.3,0x20,405.002,3.3,2625,-1,2.2,,
2026-08-16T12:16:54.000Z,M20-403-2-02857,1470917814,43.91058,4.58434,18300.1,5.1,2.5,49.2,-56.8,0.0,75.2,0x20,405.002,9.6,2625,-1,2.2,,
2026-08-16T12:16:55.000Z,M20-403-2-02857,1470917815,43.91060,4.58436,18305.8,6.0,3.2,25.5,-56.9,0.0,75.2,0x20,405.002,13.5,2625,-1,2.2,,
2026-08-16T12:16:56.000Z,M20-403-2-02857,1470917816,43.91063,4.58438,18310.6,3.2,3.1,24.2,-56.9,0.0,75.1,0x20,405.002,13.5,2625,-1,2.2,,
2026-08-16T12:16:57.000Z,M20-403-2-02857,1470917817,43.91065,4.58439,18315.5,6.5,2.2,4.5,-56.9,0.0,75.1,0x20,405.002,12.6,2625,-1,2.2,,
2026-08-16T12:16:58.000Z,M20-403-2-02857,1470917818,43.91067,4.58438,18320.5,3.9,1.2,333.9,-56.8,0.0,75.0,0x20,405.002,13.6,2625,-1,2.2,,
2026-08-16T12:16:59.000Z,M20-403-2-02857,1470917819,43.91068,4.58437,18325.7,6.7,1.7,341.0,-56.9,0.0,74.9,0x20,405.002,14.1,2625,-1,2.2,,
2026-08-16T12:17:00.000Z,M20-403-2-02857,1470917820,43.91070,4.58437,18331.2,4.1,3.6,353.5,-56.9,0.0,74.8,0x20,405.002,14.5,2625,-1,2.2,,
2026-08-16T12:17:01.000Z,M20-403-2-02857,1470917821,43.91074,4.58437,18335.1,3.9,4.8,1.8,-56.9,0.0,74.8,0x20,405.002,14.5,2625,-1,2.2,,
2026-08-16T12:17:02.000Z,M20-403-2-02857,1470917822,43.91078,4.58438,18340.1,5.6,4.5,14.1,-56.9,0.0,74.7,0x20,405.002,13.2,2625,-1,2.2,,
2026-08-16T12:17:03.000Z,M20-403-2-02857,1470917823,43.91082,4.58439,18344.8,4.2,3.8,18.3,-56.9,0.0,74.7,0x20,405.002,13.2,2625,-1,2.2,,
2026-08-16T12:17:04.000Z,M20-403-2-02857,1470917824,43.91086,4.58440,18350.0,6.2,5.4,8.6,-56.9,0.0,74.6,0x20,405.002,12.1,2625,-1,2.2,,
2026-08-16T12:17:05.000Z,M20-403-2-02857,1470917825,43.91092,4.58441,18354.5,2.9,6.7,1.2,-56.9,0.0,74.5,0x20,405.002,3.8,2625,-1,2.2,,
2026-08-16T12:17:06.000Z,M20-403-2-02857,1470917826,43.91098,4.58441,18358.7,5.2,6.6,4.1,-56.8,0.0,74.5,0x20,405.002,3.3,2625,-1,2.2,,
2026-08-16T12:17:07.000Z,M20-403-2-02857,1470917827,43.91103,4.58442,18363.8,5.0,4.9,6.0,-56.7,0.0,74.4,0x20,405.002,13.7,2625,-1,2.2,,
2026-08-16T12:17:08.000Z,M20-403-2-02857,1470917828,43.91107,4.58443,18368.4,4.3,4.0,355.3,-56.7,0.0,74.4,0x20,405.002,15.8,2625,-1,2.2,,
2026-08-16T12:17:09.000Z,M20-403-2-02857,1470917829,43.91111,4.58442,18373.5,5.8,4.9,349.6,-56.7,0.0,74.3,0x20,405.002,15.8,2625,-1,2.2,,
2026-08-16T12:17:10.000Z,M20-403-2-02857,1470917830,43.91116,4.58441,18378.9,4.5,7.0,348.4,-56.6,0.0,74.2,0x20,405.002,14.3,2625,-1,2.2,,
2026-08-16T12:17:11.000Z,M20-403-2-02857,1470917831,43.91122,4.58439,18383.2,3.5,7.9,355.1,-56.6,0.0,74.2,0x20,405.002,14.7,2625,-1,2.2,,
2026-08-16T12:17:12.000Z,M20-403-2-02857,1470917832,43.91129,4.58440,18387.8,6.0,7.5,9.1,-56.5,0.0,74.2,0x20,405.002,14.7,2625,-1,2.2,,
2026-08-16T12:17:13.000Z,M20-403-2-02857,1470917833,43.91135,4.58443,18393.2,4.2,6.4,29.2,-56.5,0.0,74.1,0x20,405.002,14.2,2625,-1,2.2,,
2026-08-16T12:17:14.000Z,M20-403-2-02857,1470917834,43.91140,4.58446,18397.5,4.5,5.8,27.6,-56.4,0.0,74.0,0x20,405.002,14.0,2625,-1,2.2,,
2026-08-16T12:17:15.000Z,M20-403-2-02857,1470917835,43.91145,4.58448,18402.9,6.2,6.2,4.7,-56.4,0.0,74.0,0x20,405.002,11.6,2625,-1,2.2,,
2026-08-16T12:17:16.000Z,M20-403-2-02857,1470917836,43.91151,4.58448,18407.6,3.0,7.2,346.3,-56.3,0.0,73.9,0x20,405.002,10.3,2625,-1,2.2,,
2026-08-16T12:17:17.000Z,M20-403-2-02857,1470917837,43.91157,4.58446,18411.0,3.6,7.1,340.0,-56.3,0.0,73.9,0x20,405.002,10.3,2625,-1,2.2,,
2026-08-16T12:17:18.000Z,M20-403-2-02857,1470917838,43.91162,4.58443,18415.4,4.9,5.0,348.5,-56.3,0.0,73.8,0x20,405.002,5.0,2625,-1,2.2,,
2026-08-16T12:17:19.000Z,M20-403-2-02857,1470917839,43.91166,4.58443,18420.2,4.4,4.3,4.9,-56.3,0.0,73.7,0x20,405.002,3.0,2625,-1,2.2,,
2026-08-16T12:17:20.000Z,M20-403-2-02857,1470917840,43.91170,4.58444,18425.9,6.7,3.2,7.1,-56.3,0.0,73.7,0x20,405.002,10.7,2625,-1,2.2,,
2026-08-16T12:17:21.000Z,M20-403-2-02857,1470917841,43.91173,4.58444,18431.4,4.0,4.0,355.2,-56.3,0.0,73.6,0x20,405.002,12.5,2625,-1,2.2,,
2026-08-16T12:17:22.000Z,M20-403-2-02857,1470917842,43.91177,4.58445,18436.8,6.6,5.4,6.9,-56.3,0.0,73.6,0x20,405.002,13.9,2625,-1,2.2,,
2026-08-16T12:17:23.000Z,M20-403-2-02857,1470917843,43.91182,4.58446,18441.9,4.0,6.1,18.5,-56.3,0.0,73.5,0x20,405.002,13.9,2625,-1,2.2,,
2026-08-16T12:17:24.000Z,M20-403-2-02857,1470917844,43.91188,4.58449,18446.2,5.0,7.1,16.9,-56.2,0.0,73.5,0x20,405.002,15.4,2625,-1,2.2,,
2026-08-16T12:17:25.000Z,M20-403-2-02857,1470917845,43.91195,4.58451,18451.8,6.2,7.4,3.9,-56.2,0.0,73.4,0x20,405.002,15.4,2625,-1,2.2,,
2026-08-16T12:17:26.000Z,M20-403-2-02857,1470917846,43.91202,4.58450,18456.7,4.2,7.7,352.5,-56.1,0.0,73.3,0x20,405.002,14.2,2625,-1,2.2,,
2026-08-16T12:17:27.000Z,M20-403-2-02857,1470917847,43.91208,4.58449,18462.0,6.7,6.5,357.4,-56.1,0.0,73.3,0x20,405.002,14.0,2625,-1,2.2,,
2026-08-16T12:17:28.000Z,M20-403-2-02857,1470917848,43.91213,4.58450,18467.0,3.4,5.4,9.0,-56.1,0.0,73.2,0x20,405.002,14.9,2625,-1,2.2,,
2026-08-16T12:17:29.000Z,M20-403-2-02857,1470917849,43.91218,4.58451,18471.6,5.9,4.9,15.5,-56.1,0.0,73.2,0x20,405.002,14.9,2625,-1,2.2,,
2026-08-16T12:17:30.000Z,M20-403-2-02857,1470917850,43.91223,4.58452,18476.5,4.2,5.1,6.7,-56.1,0.0,73.1,0x20,405.002,4.4,2625,-1,2.2,,
2026-08-16T12:17:31.000Z,M20-403-2-02857,1470917851,43.91228,4.58453,18481.3,5.3,6.0,3.0,-56.0,0.0,73.0,0x20,405.002,3.6,2625,-1,2.2,,
2026-08-16T12:17:32.000Z,M20-403-2-02857,1470917852,43.91233,4.58454,18486.5,4.7,6.6,12.5,-56.0,0.0,73.0,0x20,405.002,3.6,2625,-1,2.2,,
2026-08-16T12:17:33.000Z,M20-403-2-02857,1470917853,43.91240,4.58456,18490.2,3.3,8.0,15.3,-56.0,0.0,72.9,0x20,405.002,8.5,2625,-1,2.2,,
2026-08-16T12:17:34.000Z,M20-403-2-02857,1470917854,43.91247,4.58458,18494.4,4.5,9.1,1.3,-56.0,0.0,72.8,0x20,405.002,9.8,2625,-1,2.2,,
2026-08-16T12:17:35.000Z,M20-403-2-02857,1470917855,43.91256,4.58458,18498.3,2.0,9.2,356.6,-55.9,0.0,72.8,0x20,405.002,12.1,2625,-1,2.2,,
2026-08-16T12:17:36.000Z,M20-403-2-02857,1470917856,43.91263,4.58457,18502.0,4.8,8.0,351.2,-55.8,0.0,72.7,0x20,405.002,12.1,2625,-1,2.2,,
2026-08-16T12:17:37.000Z,M20-403-2-02857,1470917857,43.91269,4.58457,18507.8,6.1,6.2,1.8,-55.8,0.0,72.7,0x20,405.002,12.1,2625,-1,2.2,,
2026-08-16T12:17:38.000Z,M20-403-2-02857,1470917858,43.91274,4.58458,18513.2,4.7,4.4,9.4,-55.8,0.0,72.6,0x20,405.002,12.1,2625,-1,2.2,,
2026-08-16T12:17:39.000Z,M20-403-2-02857,1470917859,43.91278,4.58458,18518.8,6.0,4.5,358.9,-55.7,0.0,72.6,0x20,405.002,15.0,2625,-1,2.2,,
2026-08-16T12:17:40.000Z,M20-403-2-02857,1470917860,43.91282,4.58458,18524.6,5.3,5.1,352.0,-55.7,0.0,72.5,0x20,405.002,15.0,2625,-1,2.2,,
2026-08-16T12:17:41.000Z,M20-403-2-02857,1470917861,43.91287,4.58458,18529.9,5.5,5.8,358.6,-55.7,0.0,72.5,0x20,405.002,13.5,2625,-1,2.2,,
2026-08-16T12:17:42.000Z,M20-403-2-02857,1470917862,43.91293,4.58459,18535.4,4.6,7.0,21.5,-55.8,0.0,72.4,0x20,405.002,11.4,2625,-1,2.2,,
2026-08-16T12:17:43.000Z,M20-403-2-02857,1470917863,43.91299,4.58463,18538.9,3.0,8.0,27.1,-55.8,0.0,72.3,0x20,405.002,4.6,2625,-1,2.2,,
2026-08-16T12:17:44.000Z,M20-403-2-02857,1470917864,43.91306,4.58467,18544.0,6.8,8.4,17.4,-55.8,0.0,72.3,0x20,405.002,2.8,2625,-1,2.2,,
2026-08-16T12:17:45.000Z,M20-403-2-02857,1470917865,43.91313,4.58469,18549.4,3.6,8.3,2.6,-55.8,0.0,72.2,0x20,405.002,6.5,2625,-1,2.2,,
2026-08-16T12:17:46.000Z,M20-403-2-02857,1470917866,43.91320,4.58469,18553.6,5.4,7.1,354.5,-55.8,0.0,72.2,0x20,405.002,10.7,2625,-1,2.2,,
2026-08-16T12:17:47.000Z,M20-403-2-02857,1470917867,43.91326,4.58469,18558.7,4.5,5.7,9.2,-55.8,0.0,72.1,0x20,405.002,14.4,2625,-1,2.2,,
2026-08-16T12:17:48.000Z,M20-403-2-02857,1470917868,43.91330,4.58471,18564.0,6.0,4.4,21.6,-55.9,0.0,72.0,0x20,405.002,14.4,2625,-1,2.2,,
2026-08-16T12:17:49.000Z,M20-403-2-02857,1470917869,43.91333,4.58473,18570.3,6.3,2.9,18.2,-55.9,0.0,72.0,0x20,405.002,13.7,2625,-1,2.2,,
2026-08-16T12:17:50.000Z,M20-403-2-02857,1470917870,43.91336,4.58474,18575.0,3.8,2.8,13.2,-55.8,0.0,71.9,0x20,405.002,14.5,2625,-1,2.2,,
2026-08-16T12:17:51.000Z,M20-403-2-02857,1470917871,43.91338,4.58476,18580.6,6.7,3.5,43.6,-55.8,0.0,71.8,0x20,405.002,14.5,2625,-1,2.2,,
2026-08-16T12:17:52.000Z,M20-403-2-02857,1470917872,43.91341,4.58479,18585.8,3.7,5.0,37.3,-55.8,0.0,71.8,0x20,405.002,13.4,2625,-1,2.2,,
2026-08-16T12:17:53.000Z,M20-403-2-02857,1470917873,43.91346,4.58483,18591.2,6.8,6.3,19.2,-55.8,0.0,71.7,0x20,405.002,14.5,2625,-1,2.2,,
2026-08-16T12:18:02.000Z,M20-403-2-02857,1470917882,43.91379,4.58500,18632.3,5.3,5.4,36.0,-55.9,0.0,71.2,0x20,405.002,11.2,2625,-1,2.2,,
2026-08-16T12:18:03.000Z,M20-403-2-02857,1470917883,43.91382,4.58504,18638.7,6.9,4.5,36.1,-56.0,0.0,71.1,0x20,405.002,11.2,2625,-1,2.2,,
2026-08-16T12:18:04.000Z,M20-403-2-02857,1470917884,43.91385,4.58507,18644.7,4.6,3.3,27.8,-56.0,0.0,71.1,0x20,405.002,11.1,2625,-1,2.2,,
2026-08-16T12:18:05.000Z,M20-403-2-02857,1470917885,43.91387,4.58509,18649.5,5.1,2.7,48.5,-56.0,0.0,71.0,0x20,405.002,13.2,2625,-1,2.2,,
2026-08-16T12:18:06.000Z,M20-403-2-02857,1470917886,43.91389,4.58513,18654.9,5.4,4.1,54.8,-56.0,0.0,71.0,0x20,405.002,13.2,2625,-1,2.2,,
2026-08-16T12:18:07.000Z,M20-403-2-02857,1470917887,43.91392,4.58517,18660.1,4.7,5.0,53.6,-56.1,0.0,70.9,0x20,405.002,13.5,2625,-1,2.2,,
2026-08-16T12:18:08.000Z,M20-403-2-02857,1470917888,43.91394,4.58522,18665.8,6.5,3.6,47.9,-56.1,0.0,70.8,0x20,405.002,13.5,2625,-1,2.2,,
2026-08-16T12:18:09.000Z,M20-403-2-02857,1470917889,43.91397,4.58524,18670.6,3.5,2.9,18.6,-56.1,0.0,70.8,0x20,405.002,5.8,2625,-1,2.2,,
2026-08-16T12:18:10.000Z,M20-403-2-02857,1470917890,43.91399,4.58525,18675.0,5.4,2.3,17.4,-56.1,0.0,70.7,0x20,405.002,3.7,2625,-1,2.2,,
2026-08-16T12:18:11.000Z,M20-403-2-02857,1470917891,43.91402,4.58526,18680.0,5.2,3.5,29.0,-56.1,0.0,70.7,0x20,405.002,3.9,2625,-1,2.2,,
2026-08-16T12:18:12.000Z,M20-403-2-02857,1470917892,43.91404,4.58529,18685.0,4.6,3.9,51.1,-56.1,0.0,70.6,0x20,405.002,9.5,2625,-1,2.2,,
2026-08-16T12:18:13.000Z,M20-403-2-02857,1470917893,43.91406,4.58533,18690.4,6.2,3.6,60.3,-56.2,0.0,70.5,0x20,405.002,12.9,2625,-1,2.2,,
2026-08-16T12:18:14.000Z,M20-403-2-02857,1470917894,43.91407,4.58536,18695.5,3.7,2.7,64.7,-56.1,0.0,70.5,0x20,405.002,14.1,2625,-1,2.2,,
2026-08-16T12:18:15.000Z,M20-403-2-02857,1470917895,43.91408,4.58540,18701.2,7.0,2.9,86.6,-56.2,0.0,70.4,0x20,405.002,14.1,2625,-1,2.2,,
2026-08-16T12:18:16.000Z,M20-403-2-02857,1470917896,43.91408,4.58544,18706.6,3.9,4.2,88.9,-56.2,0.0,70.4,0x20,405.002,12.1,2625,-1,2.2,,
2026-08-16T12:18:17.000Z,M20-403-2-02857,1470917897,43.91409,4.58549,18711.6,6.5,3.0,84.9,-56.2,0.0,70.3,0x20,405.002,12.3,2625,-1,2.2,,
2026-08-16T12:18:18.000Z,M20-403-2-02857,1470917898,43.91409,4.58551,18717.4,5.7,1.4,40.3,-56.3,0.0,70.3,0x20,405.002,12.7,2625,-1,2.2,,
2026-08-16T12:18:19.000Z,M20-403-2-02857,1470917899,43.91411,4.58552,18722.2,4.3,2.3,351.2,-56.3,0.0,70.2,0x20,405.002,14.0,2625,-1,2.2,,
2026-08-16T12:18:20.000Z,M20-403-2-02857,1470917900,43.91414,4.58552,18727.3,6.2,3.6,11.5,-56.3,0.0,70.2,0x20,405.002,14.0,2625,-1,2.2,,
2026-08-16T12:18:21.000Z,M20-403-2-02857,1470917901,43.91417,4.58555,18732.9,5.0,5.2,37.7,-56.4,0.0,70.1,0x20,405.002,10.8,2625,-1,2.2,,
2026-08-16T12:18:22.000Z,M20-403-2-02857,1470917902,43.91420,4.58559,18737.2,4.6,5.6,54.9,-56.4,0.0,70.0,0x20,405.002,8.4,2625,-1,2.2,,
2026-08-16T12:18:23.000Z,M20-403-2-02857,1470917903,43.91422,4.58565,18742.9,7.0,3.7,71.5,-56.4,0.0,70.0,0x20,405.002,3.2,2625,-1,2.2,,
2026-08-16T12:18:24.000Z,M20-403-2-02857,1470917904,43.91423,4.58568,18748.0,3.5,1.9,98.3,-56.5,0.0,69.9,0x20,405.002,3.2,2625,-1,2.2,,
2026-08-16T12:18:25.000Z,M20-403-2-02857,1470917905,43.91422,4.58570,18752.6,5.9,2.4,124.5,-56.5,0.0,69.9,0x20,405.002,9.2,2625,-1,2.2,,
2026-08-16T12:18:26.000Z,M20-403-2-02857,1470917906,43.91421,4.58573,18757.4,4.5,3.2,104.5,-56.5,0.0,69.8,0x20,405.002,12.9,2625,-1,2.2,,
2026-08-16T12:18:27.000Z,M20-403-2-02857,1470917907,43.91421,4.58577,18762.7,6.2,2.8,76.6,-56.6,0.0,69.7,0x20,405.002,14.1,2625,-1,2.2,,
2026-08-16T12:18:28.000Z,M20-403-2-02857,1470917908,43.91422,4.58580,18768.3,5.1,1.6,45.2,-56.6,0.0,69.7,0x20,405.002,14.1,2625,-1,2.2,,
2026-08-16T12:18:29.000Z,M20-403-2-02857,1470917909,43.91423,4.58581,18772.9,4.4,1.5,30.4,-56.6,0.0,69.6,0x20,405.002,14.3,2625,-1,2.2,,
2026-08-16T12:18:30.000Z,M20-403-2-02857,1470917910,43.91425,4.58582,18778.2,6.2,3.0,49.1,-56.7,0.0,69.6,0x20,405.002,14.3,2625,-1,2.2,,
2026-08-16T12:18:31.000Z,M20-403-2-02857,1470917911,43.91426,4.58586,18783.2,3.9,4.2,62.8,-56.7,0.0,69.5,0x20,405.002,12.3,2625,-1,2.2,,
2026-08-16T12:18:32.000Z,M20-403-2-02857,1470917912,43.91427,4.58590,18787.3,5.3,3.7,80.7,-56.7,0.0,69.5,0x20,405.002,12.5,2625,-1,2.2,,
2026-08-16T12:18:33.000Z,M20-403-2-02857,1470917913,43.91427,4.58594,18792.8,5.9,2.1,129.3,-56.7,0.0,69.4,0x20,405.002,13.5,2625,-1,2.2,,
2026-08-16T12:18:34.000Z,M20-403-2-02857,1470917914,43.91425,4.58595,18797.6,3.6,2.6,167.7,-56.7,0.0,69.3,0x20,405.002,13.5,2625,-1,2.2,,
2026-08-16T12:18:35.000Z,M20-403-2-02857,1470917915,43.91423,4.58596,18802.3,5.7,2.1,166.5,-56.8,0.0,69.3,0x20,405.002,7.7,2625,-1,2.2,,
2026-08-16T12:18:36.000Z,M20-403-2-02857,1470917916,43.91422,4.58597,18807.7,5.0,1.5,107.4,-56.8,0.0,69.2,0x20,405.002,3.2,2625,-1,2.2,,
2026-08-16T12:18:37.000Z,M20-403-2-02857,1470917917,43.91422,4.58599,18812.0,3.6,2.3,71.6,-56.7,0.0,69.2,0x20,405.002,2.7,2625,-1,2.2,,
2026-08-16T12:18:38.000Z,M20-403-2-02857,1470917918,43.91422,4.58602,18817.6,7.4,2.0,94.0,-56.8,0.0,69.1,0x20,405.002,8.2,2625,-1,2.2,,
2026-08-16T12:18:39.000Z,M20-403-2-02857,1470917919,43.91422,4.58604,18823.2,3.9,1.8,145.4,-56.8,0.0,69.0,0x20,405.002,10.9,2625,-1,2.2,,
2026-08-16T12:18:40.000Z,M20-403-2-02857,1470917920,43.91420,4.58605,18827.7,5.3,3.2,156.7,-56.8,0.0,69.0,0x20,405.002,11.3,2625,-1,2.2,,
2026-08-16T12:18:41.000Z,M20-403-2-02857,1470917921,43.91417,4.58608,18832.2,4.0,3.8,140.1,-56.8,0.0,68.9,0x20,405.002,11.3,2625,-1,2.2,,
2026-08-16T12:18:42.000Z,M20-403-2-02857,1470917922,43.91415,4.58611,18836.3,4.4,3.4,117.5,-56.8,0.0,68.9,0x20,405.002,11.0,2625,-1,2.2,,
2026-08-16T12:18:43.000Z,M20-403-2-02857,1470917923,43.91414,4.58614,18841.1,5.6,2.1,119.9,-56.8,0.0,68.8,0x20,405.002,10.1,2625,-1,2.2,,
2026-08-16T12:18:44.000Z,M20-403-2-02857,1470917924,43.91413,4.58615,18846.2,4.7,0.9,208.6,-56.8,0.0,68.8,0x20,405.002,12.6,2625,-1,2.2,,
2026-08-16T12:18:45.000Z,M20-403-2-02857,1470917925,43.91412,4.58614,18850.4,4.3,2.2,241.7,-56.8,0.0,68.7,0x20,405.002,12.6,2625,-1,2.2,,
2026-08-16T12:18:46.000Z,M20-403-2-02857,1470917926,43.91411,4.58613,18855.2,5.4,1.2,159.7,-56.9,0.0,68.6,0x20,405.002,13.2,2625,-1,2.2,,
2026-08-16T12:18:47.000Z,M20-403-2-02857,1470917927,43.91410,4.58615,18860.4,4.2,2.4,120.2,-56.8,0.0,68.6,0x20,405.002,13.2,2625,-1,2.2,,
2026-08-16T12:18:48.000Z,M20-403-2-02857,1470917928,43.91408,4.58618,18865.4,5.8,3.8,138.2,-56.9,0.0,68.5,0x20,405.002,13.2,2625,-1,2.2,,
2026-08-16T12:18:49.000Z,M20-403-2-02857,1470917929,43.91406,4.58620,18870.7,4.8,2.3,160.0,-56.8,0.0,68.5,0x20,405.002,3.2,2625,-1,2.2,,
2026-08-16T12:18:50.000Z,M20-403-2-02857,1470917930,43.91405,4.58620,18876.0,5.2,1.0,180.6,-56.8,0.0,68.4,0x20,405.002,3.3,2625,-1,2.2,,
2026-08-16T12:18:51.000Z,M20-403-2-02857,1470917931,43.91404,4.58621,18881.0,5.4,0.7,67.9,-56.8,0.0,68.4,0x20,405.002,9.8,2625,-1,2.2,,
2026-08-16T12:18:52.000Z,M20-403-2-02857,1470917932,43.91405,4.58623,18886.3,5.3,3.0,68.2,-56.9,0.0,68.3,0x20,405.002,13.9,2625,-1,2.2,,
2026-08-16T12:18:53.000Z,M20-403-2-02857,1470917933,43.91406,4.58626,18890.7,4.4,2.7,69.2,-56.9,0.0,68.3,0x20,405.002,14.2,2625,-1,2.2,,
2026-08-16T12:18:54.000Z,M20-403-2-02857,1470917934,43.91406,4.58629,18895.1,5.3,1.3,109.3,-56.9,0.0,68.2,0x20,405.002,14.2,2625,-1,2.2,,
2026-08-16T12:18:55.000Z,M20-403-2-02857,1470917935,43.91405,4.58629,18899.7,3.9,1.9,180.6,-56.9,0.0,68.2,0x20,405.002,14.0,2625,-1,2.2,,
2026-08-16T12:18:56.000Z,M20-403-2-02857,1470917936,43.91403,4.58629,18904.6,4.9,3.0,180.4,-56.9,0.0,68.1,0x20,405.002,12.8,2625,-1,2.2,,
2026-08-16T12:18:57.000Z,M20-403-2-02857,1470917937,43.91400,4.58631,18909.0,4.5,3.9,142.6,-57.0,0.0,68.0,0x20,405.002,12.2,2625,-1,2.2,,
2026-08-16T12:18:58.000Z,M20-403-2-02857,1470917938,43.91397,4.58634,18915.0,5.1,4.1,130.8,-57.0,0.0,68.0,0x20,405.002,12.5,2625,-1,2.2,,
2026-08-16T12:18:59.000Z,M20-403-2-02857,1470917939,43.91395,4.58637,18921.1,7.1,2.2,128.0,-57.0,0.0,67.9,0x20,405.002,12.5,2625,-1,2.2,,
2026-08-16T12:19:00.000Z,M20-403-2-02857,1470917940,43.91394,4.58638,18926.4,3.9,1.1,164.7,-57.0,0.0,67.8,0x20,405.002,10.9,2625,-1,2.2,,
2026-08-16T12:19:01.000Z,M20-403-2-02857,1470917941,43.91393,4.58639,18931.4,6.2,0.3,229.6,-57.0,0.0,67.8,0x20,405.002,10.9,2625,-1,2.2,,
2026-08-16T12:19:02.000Z,M20-403-2-02857,1470917942,43.91393,4.58640,18936.5,4.1,1.1,82.4,-57.0,0.0,67.8,0x20,405.002,5.9,2625,-1,2.2,,
2026-08-16T12:19:03.000Z,M20-403-2-02857,1470917943,43.91393,4.58641,18941.4,5.4,1.0,69.2,-57.1,0.0,67.7,0x20,405.002,3.7,2625,-1,2.2,,
2026-08-16T12:19:04.000Z,M20-403-2-02857,1470917944,43.91394,4.58641,18946.5,5.8,1.1,326.4,-57.1,0.0,67.6,0x20,405.002,14.6,2625,-1,2.2,,
2026-08-16T12:19:05.000Z,M20-403-2-02857,1470917945,43.91394,4.58640,18952.7,5.7,1.7,279.7,-57.2,0.0,67.6,0x20,405.002,14.6,2625,-1,2.2,,
2026-08-16T12:19:06.000Z,M20-403-2-02857,1470917946,43.91394,4.58639,18958.1,5.9,0.9,200.2,-57.2,0.0,67.5,0x20,405.002,13.9,2625,-1,2.2,,
2026-08-16T12:19:07.000Z,M20-403-2-02857,1470917947,43.91392,4.58640,18962.7,3.7,2.5,150.8,-57.2,0.0,67.5,0x20,405.002,13.1,2625,-1,2.2,,
2026-08-16T12:19:08.000Z,M20-403-2-02857,1470917948,43.91390,4.58641,18967.6,6.4,2.9,153.9,-57.2,0.0,67.4,0x20,405.002,11.7,2625,-1,2.2,,
2026-08-16T12:19:09.000Z,M20-403-2-02857,1470917949,43.91388,4.58642,18972.7,3.6,1.6,187.8,-57.3,0.0,67.3,0x20,405.002,10.9,2625,-1,2.2,,
2026-08-16T12:19:10.000Z,M20-403-2-02857,1470917950,43.91387,4.58642,18977.1,5.1,0.5,237.8,-57.3,0.0,67.3,0x20,405.002,11.8,2625,-1,2.2,,
2026-08-16T12:19:11.000Z,M20-403-2-02857,1470917951,43.91387,4.58642,18981.9,4.3,0.1,101.3,-57.4,0.0,67.2,0x20,405.002,11.8,2625,-1,2.2,,
2026-08-16T12:19:12.000Z,M20-403-2-02857,1470917952,43.91387,4.58642,18987.0,5.6,0.6,126.2,-57.4,0.0,67.2,0x20,405.002,14.0,2625,-1,2.2,,
2026-08-16T12:19:13.000Z,M20-403-2-02857,1470917953,43.91386,4.58642,18992.7,5.8,1.0,249.1,-57.5,0.0,67.1,0x20,405.002,14.0,2625,-1,2.2,,
2026-08-16T12:19:14.000Z,M20-403-2-02857,1470917954,43.91386,4.58641,18998.0,4.8,2.1,234.3,-57.5,0.0,67.1,0x20,405.002,4.6,2625,-1,2.2,,
2026-08-16T12:19:15.000Z,M20-403-2-02857,1470917955,43.91384,4.58639,19003.4,6.2,3.0,190.3,-57.5,0.0,67.0,0x20,405.002,3.9,2625,-1,2.2,,
2026-08-16T12:19:16.000Z,M20-403-2-02857,1470917956,43.91381,4.58640,19008.3,3.8,3.2,164.6,-57.5,0.0,67.0,0x20,405.002,3.9,2625,-1,2.2,,
2026-08-16T12:19:17.000Z,M20-403-2-02857,1470917957,43.91378,4.58641,19013.9,7.6,2.4,166.0,-57.6,0.0,66.9,0x20,405.002,12.7,2625,-1,2.2,,
2026-08-16T12:19:18.000Z,M20-403-2-02857,1470917958,43.91376,4.58641,19020.1,4.8,1.8,210.9,-57.7,0.0,66.8,0x20,405.002,13.8,2625,-1,2.2,,
2026-08-16T12:19:19.000Z,M20-403-2-02857,1470917959,43.91376,4.58639,19024.9,4.8,1.5,272.6,-57.6,0.0,66.8,0x20,405.002,14.1,2625,-1,2.2,,
2026-08-16T12:19:20.000Z,M20-403-2-02857,1470917960,43.91377,4.58638,19030.2,6.0,1.5,347.9,-57.7,0.0,66.7,0x20,405.002,14.3,2625,-1,2.2,,
2026-08-16T12:19:21.000Z,M20-403-2-02857,1470917961,43.91378,4.58638,19035.4,5.4,1.7,12.5,-57.7,0.0,66.7,0x20,405.002,14.8,2625,-1,2.2,,
2026-08-16T12:19:22.000Z,M20-403-2-02857,1470917962,43.91379,4.58638,19041.5,7.5,0.8,315.5,-57.8,0.0,66.6,0x20,405.002,14.8,2625,-1,2.2,,
2026-08-16T12:19:23.000Z,M20-403-2-02857,1470917963,43.91379,4.58637,19046.2,3.3,1.4,265.0,-57.8,0.0,66.6,0x20,405.002,14.1,2625,-1,2.2,,
2026-08-16T12:19:24.000Z,M20-403-2-02857,1470917964,43.91378,4.58635,19050.2,5.8,2.4,210.3,-57.9,0.0,66.5,0x20,405.002,12.7,2625,-1,2.2,,
2026-08-16T12:19:25.000Z,M20-403-2-02857,1470917965,43.91376,4.58635,19054.7,3.9,2.4,172.9,-57.9,0.0,66.5,0x20,405.002,13.6,2625,-1,2.2,,
2026-08-16T12:19:26.000Z,M20-403-2-02857,1470917966,43.91375,4.58636,19059.1,5.7,2.0,154.5,-58.0,0.0,66.4,0x20,405.002,13.6,2625,-1,2.2,,
2026-08-16T12:19:27.000Z,M20-403-2-02857,1470917967,43.91373,4.58635,19064.7,6.1,1.6,212.4,-58.0,0.0,66.3,0x20,405.002,5.1,2625,-1,2.2,,
2026-08-16T12:19:28.000Z,M20-403-2-02857,1470917968,43.91372,4.58633,19069.0,3.3,2.5,262.4,-58.0,0.0,66.3,0x20,405.002,3.1,2625,-1,2.2,,
2026-08-16T12:19:29.000Z,M20-403-2-02857,1470917969,43.91373,4.58630,19073.1,5.3,3.0,285.5,-58.1,0.0,66.2,0x20,405.002,8.7,2625,-1,2.2,,
2026-08-16T12:19:30.000Z,M20-403-2-02857,1470917970,43.91374,4.58628,19077.5,3.8,1.8,311.8,-58.1,0.0,66.2,0x20,405.002,11.8,2625,-1,2.2,,
2026-08-16T12:19:31.000Z,M20-403-2-02857,1470917971,43.91374,4.58626,19082.6,6.9,1.1,266.9,-58.2,0.0,66.1,0x20,405.002,13.5,2625,-1,2.2,,
2026-08-16T12:19:32.000Z,M20-403-2-02857,1470917972,43.91374,4.58624,19087.4,2.9,2.6,244.8,-58.2,0.0,66.1,0x20,405.002,14.5,2625,-1,2.2,,
2026-08-16T12:19:33.000Z,M20-403-2-02857,1470917973,43.91372,4.58622,19091.2,4.5,3.1,213.9,-58.2,0.0,66.0,0x20,405.002,14.5,2625,-1,2.2,,
2026-08-16T12:19:34.000Z,M20-403-2-02857,1470917974,43.91370,4.58621,19095.9,4.3,2.5,163.2,-58.3,0.0,66.0,0x20,405.002,15.2,2625,-1,2.2,,
2026-08-16T12:19:35.000Z,M20-403-2-02857,1470917975,43.91368,4.58623,19100.3,4.1,2.0,129.9,-58.3,0.0,65.9,0x20,405.002,15.2,2625,-1,2.2,,
2026-08-16T12:19:36.000Z,M20-403-2-02857,1470917976,43.91368,4.58623,19105.4,6.0,0.8,333.8,-58.3,0.0,65.8,0x20,405.002,10.4,2625,-1,2.2,,
2026-08-16T12:19:37.000Z,M20-403-2-02857,1470917977,43.91369,4.58622,19110.9,3.6,2.8,298.1,-58.3,0.0,65.8,0x20,405.002,13.8,2625,-1,2.2,,
2026-08-16T12:19:38.000Z,M20-403-2-02857,1470917978,43.91370,4.58618,19115.9,5.9,4.5,309.6,-58.2,0.0,65.8,0x20,405.002,13.8,2625,-1,2.2,,
2026-08-16T12:19:39.000Z,M20-403-2-02857,1470917979,43.91373,4.58615,19121.7,5.5,3.7,325.5,-58.2,0.0,65.7,0x20,405.002,12.1,2625,-1,2.2,,
2026-08-16T12:19:40.000Z,M20-403-2-02857,1470917980,43.91376,4.58613,19126.6,4.5,3.3,335.3,-58.2,0.0,65.6,0x20,405.002,5.2,2625,-1,2.2,,
2026-08-16T12:19:41.000Z,M20-403-2-02857,1470917981,43.91377,4.58611,19132.0,5.7,1.6,289.1,-58.1,0.0,65.6,0x20,405.002,3.2,2625,-1,2.2,,
2026-08-16T12:19:42.000Z,M20-403-2-02857,1470917982,43.91377,4.58609,19136.3,3.8,2.5,225.3,-58.1,0.0,65.5,0x20,405.002,3.0,2625,-1,2.2,,
2026-08-16T12:19:43.000Z,M20-403-2-02857,1470917983,43.91375,4.58607,19141.4,5.9,2.7,202.7,-58.1,0.0,65.5,0x20,405.002,11.3,2625,-1,2.2,,
2026-08-16T12:19:44.000Z,M20-403-2-02857,1470917984,43.91373,4.58607,19147.5,7.0,1.2,101.6,-58.1,0.0,65.4,0x20,405.002,13.4,2625,-1,2.2,,
2026-08-16T12:19:45.000Z,M20-403-2-02857,1470917985,43.91374,4.58609,19152.2,3.2,2.9,39.2,-58.0,0.0,65.3,0x20,405.002,13.4,2625,-1,2.2,,
2026-08-16T12:19:46.000Z,M20-403-2-02857,1470917986,43.91377,4.58611,19156.3,5.4,4.4,21.6,-58.0,0.0,65.3,0x20,405.002,15.5,2625,-1,2.2,,
2026-08-16T12:19:47.000Z,M20-403-2-02857,1470917987,43.91381,4.58612,19162.0,6.8,3.5,353.5,-58.0,0.0,65.2,0x20,405.002,15.5,2625,-1,2.2,,
2026-08-16T12:19:48.000Z,M20-403-2-02857,1470917988,43.91383,4.58610,19167.1,3.1,2.9,320.0,-57.9,0.0,65.2,0x20,405.002,15.5,2625,-1,2.2,,
2026-08-16T12:19:49.000Z,M20-403-2-02857,1470917989,43.91385,4.58608,19170.8,4.5,2.0,302.2,-57.9,0.0,65.2,0x20,405.002,13.4,2625,-1,2.2,,
2026-08-16T12:19:50.000Z,M20-403-2-02857,1470917990,43.91386,4.58608,19175.8,4.8,1.5,25.3,-57.9,0.0,65.1,0x20,405.002,14.4,2625,-1,2.2,,
2026-08-16T12:19:51.000Z,M20-403-2-02857,1470917991,43.91387,4.58609,19180.1,3.8,2.3,36.7,-57.9,0.0,65.0,0x20,405.002,14.4,2625,-1,2.2,,
2026-08-16T12:19:52.000Z,M20-403-2-02857,1470917992,43.91389,4.58610,19184.1,3.8,3.0,14.6,-58.0,0.0,65.0,0x20,405.002,11.5,2625,-1,2.2,,
2026-08-16T12:19:53.000Z,M20-403-2-02857,1470917993,43.91392,4.58611,19189.3,6.2,3.8,348.1,-58.0,0.0,65.0,0x20,405.002,3.0,2625,-1,2.2,,
2026-08-16T12:19:54.000Z,M20-403-2-02857,1470917994,43.91395,4.58609,19194.5,3.7,4.3,327.4,-58.1,0.0,64.9,0x20,405.002,3.8,2625,-1,2.2,,
2026-08-16T12:19:55.000Z,M20-403-2-02857,1470917995,43.91398,4.58606,19199.1,5.2,2.8,319.1,-58.1,0.0,64.8,0x20,405.002,3.8,2625,-1,2.2,,
2026-08-16T12:19:56.000Z,M20-403-2-02857,1470917996,43.91399,4.58606,19205.0,6.6,1.5,60.8,-58.2,0.0,64.8,0x20,405.002,10.9,2625,-1,2.2,,
2026-08-16T12:19:57.000Z,M20-403-2-02857,1470917997,43.91400,4.58609,19209.9,3.3,3.3,73.7,-58.3,0.0,64.7,0x20,405.002,11.1,2625,-1,2.2,,
2026-08-16T12:19:58.000Z,M20-403-2-02857,1470917998,43.91401,4.58614,19214.6,6.0,4.4,73.4,-58.3,0.0,64.7,0x20,405.002,12.3,2625,-1,2.2,,
2026-08-16T12:19:59.000Z,M20-403-2-02857,1470917999,43.91403,4.58618,19221.0,7.1,3.9,35.1,-58.4,0.0,64.6,0x20,405.002,12.3,2625,-1,2.2,,
2026-08-16T12:20:00.000Z,M20-403-2-02857,1470918000,43.91406,4.58619,19225.3,3.3,4.6,8.3,-58.4,0.0,64.6,0x20,405.002,12.2,2625,-1,2.2,,
2026-08-16T12:20:01.000Z,M20-403-2-02857,1470918001,43.91409,4.58620,19229.9,5.3,3.1,348.6,-58.4,0.0,64.5,0x20,405.002,12.5,2625,-1,2.2,,
2026-08-16T12:20:02.000Z,M20-403-2-02857,1470918002,43.91411,4.58619,19235.6,5.1,0.5,0.0,-58.4,0.0,64.4,0x20,405.002,13.0,2625,-1,2.2,,
2026-08-16T12:20:03.000Z,M20-403-2-02857,1470918003,43.91410,4.58620,19240.5,4.2,1.7,118.5,-58.5,0.0,64.4,0x20,405.002,13.0,2625,-1,2.2,,
2026-08-16T12:20:04.000Z,M20-403-2-02857,1470918004,43.91410,4.58623,19244.5,4.0,2.9,98.0,-58.5,0.0,64.3,0x20,405.002,13.0,2625,-1,2.2,,
2026-08-16T12:20:05.000Z,M20-403-2-02857,1470918005,43.91411,4.58627,19249.4,5.2,3.6,58.9,-58.5,0.0,64.3,0x20,405.002,7.9,2625,-1,2.2,,
2026-08-16T12:20:06.000Z,M20-403-2-02857,1470918006,43.91414,4.58631,19255.1,5.6,5.4,20.2,-58.6,0.0,64.2,0x20,405.002,3.5,2625,-1,2.2,,
2026-08-16T12:20:07.000Z,M20-403-2-02857,1470918007,43.91419,4.58632,19259.5,3.4,6.7,8.3,-58.6,0.0,64.2,0x20,405.002,3.1,2625,-1,2.2,,
2026-08-16T12:20:08.000Z,M20-403-2-02857,1470918008,43.91425,4.58634,19264.4,6.0,6.4,14.4,-58.6,0.0,64.1,0x20,405.002,3.2,2625,-1,2.2,,
2026-08-16T12:20:09.000Z,M20-403-2-02857,1470918009,43.91429,4.58637,19270.6,6.1,4.3,50.3,-58.5,0.0,64.1,0x20,405.002,9.2,2625,-1,2.2,,
2026-08-16T12:20:10.000Z,M20-403-2-02857,1470918010,43.91430,4.58642,19275.6,3.8,4.6,79.3,-58.5,0.0,64.0,0x20,405.002,11.9,2625,-1,2.2,,
2026-08-16T12:20:11.000Z,M20-403-2-02857,1470918011,43.91431,4.58648,19280.2,5.6,4.6,80.8,-58.5,0.0,64.0,0x20,405.002,12.2,2625,-1,2.2,,
2026-08-16T12:20:12.000Z,M20-403-2-02857,1470918012,43.91432,4.58653,19285.5,5.0,4.8,68.2,-58.6,0.0,63.9,0x20,405.002,13.1,2625,-1,2.2,,
2026-08-16T12:20:13.000Z,M20-403-2-02857,1470918013,43.91434,4.58658,19289.9,4.0,4.9,42.1,-58.5,0.0,63.9,0x20,405.002,14.5,2625,-1,2.2,,
2026-08-16T12:20:14.000Z,M20-403-2-02857,1470918014,43.91437,4.58662,19294.9,5.6,4.4,38.6,-58.5,0.0,63.8,0x20,405.002,14.5,2625,-1,2.2,,
2026-08-16T12:20:15.000Z,M20-403-2-02857,1470918015,43.91441,4.58666,19299.7,3.8,4.6,37.4,-58.4,0.0,63.8,0x20,405.002,13.9,2625,-1,2.2,,
2026-08-16T12:20:16.000Z,M20-403-2-02857,1470918016,43.91444,4.58670,19304.7,5.8,5.5,31.0,-58.4,0.0,63.7,0x20,405.002,15.1,2625,-1,2.2,,
2026-08-16T12:20:17.000Z,M20-403-2-02857,1470918017,43.91449,4.58673,19309.7,4.0,5.9,23.9,-58.3,0.0,63.6,0x20,405.002,15.1,2625,-1,2.2,,
2026-08-16T12:20:18.000Z,M20-403-2-02857,1470918018,43.91453,4.58676,19314.0,5.0,5.2,35.8,-58.3,0.0,63.6,0x20,405.002,15.1,2625,-1,2.2,,
2026-08-16T12:20:19.000Z,M20-403-2-02857,1470918019,43.91456,4.58681,19319.3,5.7,4.5,77.6,-58.2,0.0,63.5,0x20,405.002,5.3,2625,-1,2.2,,
2026-08-16T12:20:20.000Z,M20-403-2-02857,1470918020,43.91455,4.58687,19323.8,3.2,5.5,105.3,-58.2,0.0,63.5,0x20,405.002,3.2,2625,-1,2.2,,
2026-08-16T12:20:21.000Z,M20-403-2-02857,1470918021,43.91454,4.58694,19328.8,6.6,5.4,100.1,-58.2,0.0,63.4,0x20,405.002,3.5,2625,-1,2.2,,
2026-08-16T12:20:22.000Z,M20-403-2-02857,1470918022,43.91454,4.58700,19334.9,5.4,4.4,71.3,-58.2,0.0,63.4,0x20,405.002,8.7,2625,-1,2.2,,
2026-08-16T12:20:23.000Z,M20-403-2-02857,1470918023,43.91456,4.58705,19338.9,2.7,4.6,47.5,-58.1,0.0,63.4,0x20,405.002,14.5,2625,-1,2.2,,
2026-08-16T12:20:24.000Z,M20-403-2-02857,1470918024,43.91459,4.58709,19343.2,6.0,4.5,36.3,-58.0,0.0,63.3,0x20,405.002,14.5,2625,-1,2.2,,
2026-08-16T12:20:25.000Z,M20-403-2-02857,1470918025,43.91462,4.58712,19348.3,4.3,3.5,46.2,-58.0,0.0,63.2,0x20,405.002,12.6,2625,-1,2.2,,
2026-08-16T12:20:26.000Z,M20-403-2-02857,1470918026,43.91464,4.58714,19353.1,5.6,3.3,30.9,-57.9,0.0,63.2,0x20,405.002,11.7,2625,-1,2.2,,
2026-08-16T12:20:27.000Z,M20-403-2-02857,1470918027,43.91467,4.58716,19358.2,4.7,4.4,20.1,-57.9,0.0,63.1,0x20,405.002,13.3,2625,-1,2.2,,
2026-08-16T12:20:29.000Z,M20-403-2-02857,1470918029,43.91474,4.58722,19367.6,5.5,4.2,45.2,-57.9,0.0,63.0,0x20,405.002,12.4,2625,-1,2.2,,
2026-08-16T12:20:30.000Z,M20-403-2-02857,1470918030,43.91476,4.58726,19372.0,3.0,4.0,71.7,-57.8,0.0,63.0,0x20,405.002,12.8,2625,-1,2.2,,
2026-08-16T12:20:31.000Z,M20-403-2-02857,1470918031,43.91477,4.58731,19377.1,7.5,4.4,68.9,-57.9,0.0,62.9,0x20,405.002,12.8,2625,-1,2.2,,
2026-08-16T12:20:32.000Z,M20-403-2-02857,1470918032,43.91480,4.58735,19382.5,3.4,4.6,45.3,-57.9,0.0,62.9,0x20,405.002,6.3,2625,-1,2.2,,
2026-08-16T12:20:33.000Z,M20-403-2-02857,1470918033,43.91483,4.58738,19385.9,3.8,4.3,15.2,-57.9,0.0,62.8,0x20,405.002,6.3,2625,-1,2.2,,
2026-08-16T12:20:34.000Z,M20-403-2-02857,1470918034,43.91486,4.58739,19390.6,5.5,3.4,350.5,-58.0,0.0,62.8,0x20,405.002,3.5,2625,-1,2.2,,
2026-08-16T12:20:35.000Z,M20-403-2-02857,1470918035,43.91489,4.58738,19396.1,5.0,3.0,337.1,-58.0,0.0,62.8,0x20,405.002,11.5,2625,-1,2.2,,
2026-08-16T12:20:36.000Z,M20-403-2-02857,1470918036,43.91492,4.58737,19401.6,6.2,4.6,351.9,-58.0,0.0,62.7,0x20,405.002,13.4,2625,-1,2.2,,
2026-08-16T12:20:37.000Z,M20-403-2-02857,1470918037,43.91497,4.58737,19406.3,3.7,5.3,6.3,-58.0,0.0,62.6,0x20,405.002,13.4,2625,-1,2.2,,
2026-08-16T12:20:38.000Z,M20-403-2-02857,1470918038,43.91501,4.58739,19410.9,5.7,4.7,31.3,-58.0,0.0,62.6,0x20,405.002,12.0,2625,-1,2.2,,
2026-08-16T12:20:39.000Z,M20-403-2-02857,1470918039,43.91504,4.58742,19415.9,4.0,3.3,55.0,-58.0,0.0,62.5,0x20,405.002,11.2,2625,-1,2.2,,
2026-08-16T12:20:40.000Z,M20-403-2-02857,1470918040,43.91505,4.58745,19420.0,4.5,2.9,68.2,-57.9,0.0,62.5,0x20,405.002,11.1,2625,-1,2.2,,
2026-08-16T12:20:41.000Z,M20-403-2-02857,1470918041,43.91507,4.58749,19425.8,6.9,4.1,53.3,-57.9,0.0,62.4,0x20,405.002,10.7,2625,-1,2.2,,
2026-08-16T12:20:42.000Z,M20-403-2-02857,1470918042,43.91510,4.58753,19431.3,4.5,4.9,37.4,-57.9,0.0,62.4,0x20,405.002,10.6,2625,-1,2.2,,
2026-08-16T12:20:43.000Z,M20-403-2-02857,1470918043,43.91513,4.58756,19436.4,6.6,4.5,16.6,-57.9,0.0,62.3,0x20,405.002,10.6,2625,-1,2.2,,
2026-08-16T12:20:44.000Z,M20-403-2-02857,1470918044,43.91517,4.58757,19441.3,3.3,3.4,354.6,-57.9,0.0,62.3,0x20,405.002,7.9,2625,-1,2.2,,
2026-08-16T12:20:45.000Z,M20-403-2-02857,1470918045,43.91520,4.58756,19445.6,5.3,3.9,338.8,-57.9,0.0,62.2,0x20,405.002,4.4,2625,-1,2.2,,
2026-08-16T12:20:46.000Z,M20-403-2-02857,1470918046,43.91524,4.58755,19450.2,4.1,5.2,358.9,-57.9,0.0,62.1,0x20,405.002,3.3,2625,-1,2.2,,
2026-08-16T12:20:47.000Z,M20-403-2-02857,1470918047,43.91529,4.58756,19454.6,4.6,5.8,12.3,-57.9,0.0,62.1,0x20,405.002,3.0,2625,-1,2.2,,
2026-08-16T12:20:48.000Z,M20-403-2-02857,1470918048,43.91533,4.58758,19459.6,5.8,4.1,24.3,-57.9,0.0,62.1,0x20,405.002,8.7,2625,-1,2.2,,
2026-08-16T12:20:49.000Z,M20-403-2-02857,1470918049,43.91536,4.58761,19464.1,3.4,2.8,34.6,-57.9,0.0,62.0,0x20,405.002,12.1,2625,-1,2.2,,
2026-08-16T12:20:50.000Z,M20-403-2-02857,1470918050,43.91538,4.58764,19467.7,4.0,4.4,59.7,-58.0,0.0,62.0,0x20,405.002,12.4,2625,-1,2.2,,
2026-08-16T12:20:51.000Z,M20-403-2-02857,1470918051,43.91540,4.58770,19472.4,5.5,6.8,63.1,-57.9,0.0,61.9,0x20,405.002,12.4,2625,-1,2.2,,
2026-08-16T12:20:52.000Z,M20-403-2-02857,1470918052,43.91544,4.58778,19477.5,4.3,7.4,57.1,-58.0,0.0,61.9,0x20,405.002,11.0,2625,-1,2.2,,
2026-08-16T12:20:53.000Z,M20-403-2-02857,1470918053,43.91547,4.58786,19482.6,5.5,6.0,51.3,-57.9,0.0,61.8,0x20,405.002,12.8,2625,-1,2.2,,
2026-08-16T12:20:54.000Z,M20-403-2-02857,1470918054,43.91550,4.58790,19488.4,5.1,3.3,43.0,-57.9,0.0,61.8,0x20,405.002,12.8,2625,-1,2.2,,
2026-08-16T12:20:55.000Z,M20-403-2-02857,1470918055,43.91552,4.58792,19492.8,4.1,2.1,28.3,-57.9,0.0,61.7,0x20,405.002,14.1,2625,-1,2.2,,
2026-08-16T12:20:56.000Z,M20-403-2-02857,1470918056,43.91554,4.58794,19498.5,7.4,3.2,31.2,-57.9,0.0,61.7,0x20,405.002,14.8,2625,-1,2.2,,
2026-08-16T12:20:57.000Z,M20-403-2-02857,1470918057,43.91557,4.58797,19504.3,4.7,4.9,39.4,-57.9,0.0,61.6,0x20,405.002,14.8,2625,-1,2.2,,
2026-08-16T12:20:58.000Z,M20-403-2-02857,1470918058,43.91560,4.58802,19509.3,6.0,5.9,49.4,-57.9,0.0,61.6,0x20,405.002,12.3,2625,-1,2.2,,
2026-08-16T12:20:59.000Z,M20-403-2-02857,1470918059,43.91563,4.58807,19514.7,4.6,4.9,60.3,-57.9,0.0,61.5,0x20,405.002,3.8,2625,-1,2.2,,
2026-08-16T12:21:00.000Z,M20-403-2-02857,1470918060,43.91565,4.58813,19519.1,3.9,5.3,73.6,-57.8,0.0,61.5,0x20,405.002,3.8,2625,-1,2.2,,
2026-08-16T12:21:01.000Z,M20-403-2-02857,1470918061,43.91566,4.58820,19524.7,7.1,6.8,75.8,-57.9,0.0,61.4,0x20,405.002,8.0,2625,-1,2.2,,
2026-08-16T12:21:02.000Z,M20-403-2-02857,1470918062,43.91568,4.58829,19530.3,4.1,7.5,70.2,-57.9,0.0,61.4,0x20,405.002,12.5,2625,-1,2.2,,
2026-08-16T12:21:03.000Z,M20-403-2-02857,1470918063,43.91570,4.58837,19535.4,6.1,5.5,73.9,-57.9,0.0,61.3,0x20,405.002,12.5,2625,-1,2.2,,
2026-08-16T12:21:04.000Z,M20-403-2-02857,1470918064,43.91571,4.58842,19541.0,5.0,3.3,78.0,-57.9,0.0,61.2,0x20,405.002,12.2,2625,-1,2.2,,
2026-08-16T12:21:05.000Z,M20-403-2-02857,1470918065,43.91571,4.58845,19545.5,4.1,1.9,103.5,-57.9,0.0,61.2,0x20,405.002,12.2,2625,-1,2.2,,
2026-08-16T12:21:06.000Z,M20-403-2-02857,1470918066,43.91571,4.58849,19550.1,5.0,3.4,95.3,-57.9,0.0,61.1,0x20,405.002,11.5,2625,-1,2.2,,
2026-08-16T12:21:07.000Z,M20-403-2-02857,1470918067,43.91571,4.58854,19555.1,5.5,5.8,83.1,-57.9,0.0,61.1,0x20,405.002,11.5,2625,-1,2.2,,
2026-08-16T12:21:08.000Z,M20-403-2-02857,1470918068,43.91572,4.58862,19559.2,3.0,7.6,77.4,-57.9,0.0,61.0,0x20,405.002,11.4,2625,-1,2.2,,
2026-08-16T12:21:09.000Z,M20-403-2-02857,1470918069,43.91573,4.58872,19562.8,4.6,7.9,74.1,-57.8,0.0,61.0,0x20,405.002,11.4,2625,-1,2.2,,
2026-08-16T12:21:10.000Z,M20-403-2-02857,1470918070,43.91575,4.58880,19568.3,6.4,6.2,69.9,-57.9,0.0,60.9,0x20,405.002,14.1,2625,-1,2.2,,
2026-08-16T12:21:11.000Z,M20-403-2-02857,1470918071,43.91577,4.58886,19573.5,4.2,4.3,67.3,-57.8,0.0,60.9,0x20,405.002,14.1,2625,-1,2.2,,
2026-08-16T12:21:12.000Z,M20-403-2-02857,1470918072,43.91579,4.58891,19579.0,7.0,4.4,56.4,-57.9,0.0,60.8,0x20,405.002,3.2,2625,-1,2.2,,
2026-08-16T12:21:13.000Z,M20-403-2-02857,1470918073,43.91581,4.58896,19584.4,4.0,5.3,58.2,-57.9,0.0,60.8,0x20,405.002,3.2,2625,-1,2.2,,
2026-08-16T12:21:14.000Z,M20-403-2-02857,1470918074,43.91584,4.58902,19589.5,5.9,5.6,57.5,-57.9,0.0,60.7,0x20,405.002,2.9,2625,-1,2.2,,
2026-08-16T12:21:15.000Z,M20-403-2-02857,1470918075,43.91586,4.58908,19595.0,4.7,5.0,65.8,-57.9,0.0,60.7,0x20,405.002,11.2,2625,-1,2.2,,
2026-08-16T12:21:16.000Z,M20-403-2-02857,1470918076,43.91587,4.58914,19599.4,4.6,5.6,90.3,-57.8,0.0,60.6,0x20,405.002,12.8,2625,-1,2.2,,
2026-08-16T12:21:17.000Z,M20-403-2-02857,1470918077,43.91587,4.58922,19604.9,6.2,7.9,87.2,-57.9,0.0,60.6,0x20,405.002,12.8,2625,-1,2.2,,
2026-08-16T12:21:18.000Z,M20-403-2-02857,1470918078,43.91588,4.58932,19609.7,3.4,8.5,78.5,-57.9,0.0,60.5,0x20,405.002,12.2,2625,-1,2.2,,
2026-08-16T12:21:19.000Z,M20-403-2-02857,1470918079,43.91590,4.58942,19614.3,6.0,7.6,75.6,-57.9,0.0,60.5,0x20,405.002,13.4,2625,-1,2.2,,
2026-08-16T12:21:20.000Z,M20-403-2-02857,1470918080,43.91591,4.58950,19620.1,5.3,5.9,78.8,-57.9,0.0,60.4,0x20,405.002,13.5,2625,-1,2.2,,
2026-08-16T12:21:21.000Z,M20-403-2-02857,1470918081,43.91592,4.58957,19625.7,6.2,5.2,88.6,-57.9,0.0,60.4,0x20,405.002,13.5,2625,-1,2.2,,
2026-08-16T12:21:22.000Z,M20-403-2-02857,1470918082,43.91592,4.58964,19631.5,5.9,6.1,83.6,-57.9,0.0,60.3,0x20,405.002,12.9,2625,-1,2.2,,
2026-08-16T12:21:23.000Z,M20-403-2-02857,1470918083,43.91593,4.58972,19636.3,4.4,7.3,85.2,-57.8,0.0,60.3,0x20,405.002,14.2,2625,-1,2.2,,
2026-08-16T12:21:24.000Z,M20-403-2-02857,1470918084,43.91592,4.58981,19641.2,5.9,7.1,97.9,-57.7,0.0,60.2,0x20,405.002,14.2,2625,-1,2.2,,
2026-08-16T12:21:25.000Z,M20-403-2-02857,1470918085,43.91591,4.58989,19646.8,5.8,6.0,108.8,-57.7,0.0,60.2,0x20,405.002,2.8,2625,-1,2.2,,
2026-08-16T12:21:26.000Z,M20-403-2-02857,1470918086,43.91589,4.58995,19651.3,4.1,4.6,104.2,-57.6,0.0,60.1,0x20,405.002,2.8,2625,-1,2.2,,
2026-08-16T12:21:27.000Z,M20-403-2-02857,1470918087,43.91589,4.59001,19655.9,5.8,4.9,88.5,-57.6,0.0,60.1,0x20,405.002,6.1,2625,-1,2.2,,
2026-08-16T12:21:28.000Z,M20-403-2-02857,1470918088,43.91589,4.59008,19661.1,4.7,6.2,82.0,-57.6,0.0,60.0,0x20,405.002,8.4,2625,-1,2.2,,
2026-08-16T12:21:29.000Z,M20-403-2-02857,1470918089,43.91590,4.59014,19666.1,5.8,4.8,76.3,-57.6,0.0,60.0,0x20,405.002,10.4,2625,-1,2.2,,
2026-08-16T12:21:30.000Z,M20-403-2-02857,1470918090,43.91591,4.59019,19671.6,5.1,3.0,83.4,-57.6,0.0,59.9,0x20,405.002,10.4,2625,-1,2.2,,
2026-08-16T12:21:31.000Z,M20-403-2-02857,1470918091,43.91590,4.59023,19676.6,5.0,2.4,112.9,-57.6,0.0,59.9,0x20,405.002,11.1,2625,-1,2.2,,
2026-08-16T12:21:32.000Z,M20-403-2-02857,1470918092,43.91589,4.59026,19681.2,6.1,4.5,119.4,-57.6,0.0,59.8,0x20,405.002,11.1,2625,-1,2.2,,
2026-08-16T12:21:33.000Z,M20-403-2-02857,1470918093,43.91586,4.59032,19685.7,3.4,6.2,116.0,-57.5,0.0,59.8,0x20,405.002,10.7,2625,-1,2.2,,
2026-08-16T12:21:34.000Z,M20-403-2-02857,1470918094,43.91584,4.59039,19689.6,4.4,6.8,106.4,-57.6,0.0,59.7,0x20,405.002,10.9,2625,-1,2.2,,
2026-08-16T12:21:35.000Z,M20-403-2-02857,1470918095,43.91582,4.59047,19695.5,6.7,5.7,107.7,-57.6,0.0,59.7,0x20,405.002,12.8,2625,-1,2.2,,
2026-08-16T12:21:36.000Z,M20-403-2-02857,1470918096,43.91581,4.59053,19700.3,3.5,4.0,106.1,-57.6,0.0,59.6,0x20,405.002,14.0,2250,-1,2.2,,
2026-08-16T12:21:37.000Z,M20-403-2-02857,1470918097,43.91581,4.59058,19705.6,6.9,3.8,88.5,-57.7,0.0,59.6,0x20,405.002,14.0,2625,-1,2.2,,
2026-08-16T12:21:38.000Z,M20-403-2-02857,1470918098,43.91581,4.59063,19711.7,5.1,4.5,80.3,-57.7,0.0,59.5,0x20,405.002,4.6,2625,-1,2.2,,
2026-08-16T12:21:39.000Z,M20-403-2-02857,1470918099,43.91582,4.59068,19717.0,5.7,4.6,86.5,-57.7,0.0,59.5,0x20,405.002,3.2,2625,-1,2.2,,
2026-08-16T12:21:40.000Z,M20-403-2-02857,1470918100,43.91581,4.59073,19722.8,6.0,3.4,120.7,-57.7,0.0,59.4,0x20,405.002,5.3,2625,-1,2.2,,
2026-08-16T12:21:41.000Z,M20-403-2-02857,1470918101,43.91578,4.59076,19728.2,5.0,4.7,152.3,-57.6,0.0,59.4,0x20,405.002,11.3,2625,-1,2.2,,
2026-08-16T12:21:42.000Z,M20-403-2-02857,1470918102,43.91574,4.59080,19732.9,5.3,6.7,148.9,-57.5,0.0,59.3,0x20,405.002,12.3,2625,-1,2.2,,
2026-08-16T12:21:43.000Z,M20-403-2-02857,1470918103,43.91569,4.59085,19738.3,5.9,7.0,130.6,-57.5,0.0,59.2,0x20,405.002,12.3,2625,-1,2.2,,
2026-08-16T12:21:45.000Z,M20-403-2-02857,1470918105,43.91563,4.59100,19748.0,6.4,6.3,116.5,-57.2,0.0,59.1,0x20,405.002,10.7,2625,-1,2.2,,
2026-08-16T12:21:46.000Z,M20-403-2-02857,1470918106,43.91560,4.59105,19753.5,4.3,4.2,132.3,-57.1,0.0,59.1,0x20,405.002,8.3,2625,-1,2.2,,
2026-08-16T12:21:47.000Z,M20-403-2-02857,1470918107,43.91558,4.59108,19757.5,4.0,3.0,149.6,-56.9,0.0,59.0,0x20,405.002,11.8,2625,-1,2.2,,
2026-08-16T12:21:48.000Z,M20-403-2-02857,1470918108,43.91556,4.59110,19762.0,5.3,3.5,142.8,-56.7,0.0,59.0,0x20,405.002,11.8,2625,-1,2.2,,
2026-08-16T12:21:49.000Z,M20-403-2-02857,1470918109,43.91553,4.59114,19767.2,5.2,4.7,129.0,-56.7,0.0,58.9,0x20,405.002,12.9,2625,-1,2.2,,
2026-08-16T12:21:50.000Z,M20-403-2-02857,1470918110,43.91550,4.59119,19772.3,5.1,5.1,127.2,-56.6,0.0,58.9,0x20,405.002,12.9,2625,-1,2.2,,
2026-08-16T12:21:51.000Z,M20-403-2-02857,1470918111,43.91548,4.59122,19777.9,6.9,4.2,145.0,-56.6,0.0,58.9,0x20,405.002,3.4,2625,-1,2.2,,
2026-08-16T12:21:52.000Z,M20-403-2-02857,1470918112,43.91544,4.59125,19784.0,5.0,4.4,162.0,-56.6,0.0,58.8,0x20,405.002,3.3,2625,-1,2.2,,
2026-08-16T12:21:53.000Z,M20-403-2-02857,1470918113,43.91540,4.59127,19789.5,6.0,5.0,163.3,-56.7,0.0,58.8,0x20,405.002,8.9,2625,-1,2.2,,
2026-08-16T12:21:54.000Z,M20-403-2-02857,1470918114,43.91536,4.59130,19795.6,6.0,5.7,141.5,-56.7,0.0,58.7,0x20,405.002,13.1,2625,-1,2.2,,
2026-08-16T12:21:55.000Z,M20-403-2-02857,1470918115,43.91532,4.59135,19800.9,4.9,6.3,133.9,-56.6,0.0,58.7,0x20,405.002,13.2,2625,-1,2.2,,
2026-08-16T12:21:56.000Z,M20-403-2-02857,1470918116,43.91528,4.59140,19806.8,7.4,5.3,141.9,-56.6,0.0,58.6,0x20,405.002,13.5,2625,-1,2.2,,
2026-08-16T12:21:57.000Z,M20-403-2-02857,1470918117,43.91525,4.59142,19812.4,4.9,4.0,159.8,-56.6,0.0,58.5,0x20,405.002,13.5,2625,-1,2.2,,
2026-08-16T12:21:58.000Z,M20-403-2-02857,1470918118,43.91522,4.59144,19816.6,5.5,3.5,167.9,-56.5,0.0,58.5,0x20,405.002,12.2,2625,-1,2.2,,
2026-08-16T12:21:59.000Z,M20-403-2-02857,1470918119,43.91518,4.59145,19821.8,5.2,3.8,156.7,-56.6,0.0,58.4,0x20,405.002,12.4,2625,-1,2.2,,
2026-08-16T12:22:00.000Z,M20-403-2-02857,1470918120,43.91515,4.59148,19826.6,4.4,4.6,139.0,-56.5,0.0,58.4,0x20,405.002,13.0,2625,-1,2.2,,
2026-08-16T12:22:01.000Z,M20-403-2-02857,1470918121,43.91512,4.59151,19832.3,7.1,4.1,152.6,-56.5,0.0,58.3,0x20,405.002,14.0,2625,-1,2.2,,
2026-08-16T12:22:02.000Z,M20-403-2-02857,1470918122,43.91509,4.59153,19837.7,4.0,3.9,167.8,-56.5,0.0,58.3,0x20,405.002,14.0,2625,-1,2.2,,
2026-08-16T12:22:03.000Z,M20-403-2-02857,1470918123,43.91505,4.59154,19842.8,7.0,4.2,163.9,-56.5,0.0,58.2,0x20,405.002,13.5,2625,-1,2.2,,
2026-08-16T12:22:04.000Z,M20-403-2-02857,1470918124,43.91502,4.59156,19847.9,4.1,4.0,151.0,-56.5,0.0,58.2,0x20,405.002,3.6,2625,-1,2.2,,
2026-08-16T12:22:05.000Z,M20-403-2-02857,1470918125,43.91498,4.59158,19852.7,5.6,4.4,158.4,-56.5,0.0,58.1,0x20,405.002,2.9,2625,-1,2.2,,
2026-08-16T12:22:06.000Z,M20-403-2-02857,1470918126,43.91494,4.59160,19858.3,5.5,4.6,170.6,-56.5,0.0,58.1,0x20,405.002,3.4,2625,-1,2.2,,
2026-08-16T12:22:07.000Z,M20-403-2-02857,1470918127,43.91490,4.59160,19862.8,4.0,5.0,184.4,-56.4,0.0,58.0,0x20,405.002,12.9,2625,-1,2.2,,
2026-08-16T12:22:08.000Z,M20-403-2-02857,1470918128,43.91486,4.59160,19868.2,7.0,5.2,174.3,-56.3,0.0,58.0,0x20,405.002,13.9,2625,-1,2.2,,
2026-08-16T12:22:09.000Z,M20-403-2-02857,1470918129,43.91481,4.59161,19873.7,4.1,3.8,167.2,-56.3,0.0,57.9,0x20,405.002,13.9,2625,-1,2.2,,
2026-08-16T12:22:10.000Z,M20-403-2-02857,1470918130,43.91479,4.59162,19879.0,6.8,2.7,167.9,-56.2,0.0,57.9,0x20,405.002,13.4,2625,-1,2.2,,
2026-08-16T12:22:11.000Z,M20-403-2-02857,1470918131,43.91476,4.59162,19884.2,4.7,2.8,194.9,-56.2,0.0,57.8,0x20,405.002,13.4,2625,-1,2.2,,
2026-08-16T12:22:12.000Z,M20-403-2-02857,1470918132,43.91474,4.59161,19888.9,5.2,2.7,202.2,-56.2,0.0,57.8,0x20,405.002,14.6,2625,-1,2.2,,
2026-08-16T12:22:13.000Z,M20-403-2-02857,1470918133,43.91472,4.59161,19894.2,5.4,2.0,167.0,-56.1,0.0,57.7,0x20,405.002,14.6,2625,-1,2.2,,
2026-08-16T12:22:14.000Z,M20-403-2-02857,1470918134,43.91470,4.59162,19898.8,4.0,2.3,143.7,-56.2,0.0,57.6,0x20,405.002,13.8,2625,-1,2.2,,
2026-08-16T12:22:15.000Z,M20-403-2-02857,1470918135,43.91468,4.59164,19903.9,6.5,3.9,153.8,-56.1,0.0,57.6,0x20,405.002,13.8,2625,-1,2.2,,
2026-08-16T12:22:16.000Z,M20-403-2-02857,1470918136,43.91464,4.59165,19909.6,4.9,5.4,177.4,-56.1,0.0,57.5,0x20,405.002,13.8,2625,-1,2.2,,
2026-08-16T12:22:17.000Z,M20-403-2-02857,1470918137,43.91459,4.59165,19914.8,5.6,5.6,190.5,-56.1,0.0,57.5,0x20,405.002,12.5,2625,-1,2.2,,
2026-08-16T12:22:18.000Z,M20-403-2-02857,1470918138,43.91455,4.59163,19921.0,6.7,3.9,205.9,-56.1,0.0,57.5,0x20,405.002,4.3,2625,-1,2.2,,
2026-08-16T12:22:19.000Z,M20-403-2-02857,1470918139,43.91452,4.59161,19926.0,3.4,2.0,210.6,-56.1,0.0,57.4,0x20,405.002,4.1,2625,-1,2.2,,
2026-08-16T12:22:20.000Z,M20-403-2-02857,1470918140,43.91451,4.59161,19931.2,6.4,1.1,209.7,-56.1,0.0,57.4,0x20,405.002,11.0,2625,-1,2.2,,
2026-08-16T12:22:21.000Z,M20-403-2-02857,1470918141,43.91450,4.59160,19936.7,4.6,2.0,202.6,-56.1,0.0,57.3,0x20,405.002,13.8,2625,-1,2.2,,
2026-08-16T12:22:22.000Z,M20-403-2-02857,1470918142,43.91448,4.59159,19941.4,4.7,3.0,187.7,-56.1,0.0,57.3,0x20,405.002,13.8,2625,-1,2.2,,
2026-08-16T12:22:23.000Z,M20-403-2-02857,1470918143,43.91445,4.59160,19946.7,5.5,3.0,158.2,-56.1,0.0,57.2,0x20,405.002,13.2,2625,-1,2.2,,
2026-08-16T12:22:24.000Z,M20-403-2-02857,1470918144,43.91442,4.59162,19951.7,4.8,4.0,148.1,-56.1,0.0,57.2,0x20,405.002,13.2,2625,-1,2.2,,
2026-08-16T12:22:25.000Z,M20-403-2-02857,1470918145,43.91439,4.59163,19957.6,6.8,4.3,176.1,-56.1,0.0,57.1,0x20,405.002,12.5,2625,-1,2.2,,
2026-08-16T12:22:26.000Z,M20-403-2-02857,1470918146,43.91435,4.59163,19962.6,3.3,5.2,190.9,-55.9,0.0,57.0,0x20,405.002,13.0,2625,-1,2.2,,
2026-08-16T12:22:27.000Z,M20-403-2-02857,1470918147,43.91431,4.59161,19967.8,7.2,4.2,217.0,-55.9,0.0,57.0,0x20,405.002,13.0,2625,-1,2.2,,
2026-08-16T12:22:28.000Z,M20-403-2-02857,1470918148,43.91429,4.59158,19973.5,4.0,2.5,233.6,-55.9,0.0,57.0,0x20,405.002,13.0,2625,-1,2.2,,
2026-08-16T12:22:29.000Z,M20-403-2-02857,1470918149,43.91428,4.59156,19977.8,5.0,1.5,266.6,-55.9,0.0,56.9,0x20,405.002,13.0,2625,-1,2.2,,
2026-08-16T12:22:30.000Z,M20-403-2-02857,1470918150,43.91427,4.59154,19983.5,5.8,1.6,228.6,-55.9,0.0,56.9,0x20,405.002,3.8,2625,-1,2.2,,
2026-08-16T12:22:31.000Z,M20-403-2-02857,1470918151,43.91426,4.59153,19987.9,2.8,2.4,213.6,-55.8,0.0,56.8,0x20,405.002,3.8,2625,-1,2.2,,
2026-08-16T12:22:32.000Z,M20-403-2-02857,1470918152,43.91424,4.59152,19992.4,6.0,2.8,180.0,-55.8,0.0,56.8,0x20,405.002,3.1,2625,-1,2.2,,
2026-08-16T12:22:33.000Z,M20-403-2-02857,1470918153,43.91422,4.59153,19998.0,4.8,2.9,146.9,-55.9,0.0,56.7,0x20,405.002,14.0,2625,-1,2.2,,
2026-08-16T12:22:34.000Z,M20-403-2-02857,1470918154,43.91419,4.59156,20003.3,5.5,3.6,139.9,-55.9,0.0,56.7,0x20,405.002,14.0,2625,-1,2.2,,
2026-08-16T12:22:35.000Z,M20-403-2-02857,1470918155,43.91416,4.59158,20008.7,5.2,3.8,165.7,-55.9,0.0,56.6,0x20,405.002,13.8,2625,-1,2.2,,
2026-08-16T12:22:36.000Z,M20-403-2-02857,1470918156,43.91413,4.59158,20013.7,4.6,3.3,188.8,-55.9,0.0,56.6,0x20,405.002,13.8,2625,-1,2.2,,
2026-08-16T12:22:37.000Z,M20-403-2-02857,1470918157,43.91411,4.59157,20018.9,6.4,1.4,245.5,-56.0,0.0,56.5,0x20,405.002,12.1,2625,-1,2.2,,
2026-08-16T12:22:38.000Z,M20-403-2-02857,1470918158,43.91411,4.59156,20024.0,3.8,1.2,311.1,-55.9,0.0,56.5,0x20,405.002,13.3,2625,-1,2.2,,
2026-08-16T12:22:39.000Z,M20-403-2-02857,1470918159,43.91412,4.59155,20029.8,7.5,1.2,312.4,-56.0,0.0,56.4,0x20,405.002,13.3,2625,-1,2.2,,
2026-08-16T12:22:40.000Z,M20-403-2-02857,1470918160,43.91412,4.59154,20035.8,4.5,1.3,245.7,-55.9,0.0,56.4,0x20,405.002,14.1,2625,-1,2.2,,
2026-08-16T12:22:41.000Z,M20-403-2-02857,1470918161,43.91411,4.59153,20040.6,5.2,2.0,188.2,-55.9,0.0,56.3,0x20,405.002,14.1,2625,-1,2.2,,
2026-08-16T12:22:42.000Z,M20-403-2-02857,1470918162,43.91410,4.59154,20046.0,5.4,2.6,134.2,-55.9,0.0,56.2,0x20,405.002,12.5,2625,-1,2.2,,
2026-08-16T12:22:43.000Z,M20-403-2-02857,1470918163,43.91408,4.59157,20051.2,4.1,3.0,124.6,-55.8,0.0,56.2,0x20,405.002,4.7,2625,-1,2.2,,
2026-08-16T12:22:44.000Z,M20-403-2-02857,1470918164,43.91406,4.59160,20057.3,7.0,2.6,147.1,-55.8,0.0,56.2,0x20,405.002,3.0,2625,-1,2.2,,
2026-08-16T12:22:45.000Z,M20-403-2-02857,1470918165,43.91404,4.59160,20063.0,4.1,3.1,187.0,-55.7,0.0,56.1,0x20,405.002,7.9,2625,-1,2.2,,
2026-08-16T12:22:46.000Z,M20-403-2-02857,1470918166,43.91401,4.59159,20068.0,5.9,3.0,220.6,-55.7,0.0,56.0,0x20,405.002,14.2,2625,-1,2.2,,
2026-08-16T12:22:47.000Z,M20-403-2-02857,1470918167,43.91400,4.59157,20073.2,4.0,1.4,232.9,-55.7,0.0,56.0,0x20,405.002,14.2,2625,-1,2.2,,
2026-08-16T12:22:48.000Z,M20-403-2-02857,1470918168,43.91400,4.59156,20078.0,5.3,0.8,257.6,-55.7,0.0,56.0,0x20,405.002,14.0,2625,-1,2.2,,
2026-08-16T12:22:49.000Z,M20-403-2-02857,1470918169,43.91399,4.59155,20083.8,6.1,1.7,203.7,-55.7,0.0,55.9,0x20,405.002,14.0,2625,-1,2.2,,
2026-08-16T12:22:50.000Z,M20-403-2-02857,1470918170,43.91397,4.59154,20088.7,3.5,2.8,197.8,-55.7,0.0,55.9,0x20,405.002,13.6,2625,-1,2.2,,
2026-08-16T12:22:51.000Z,M20-403-2-02857,1470918171,43.91394,4.59155,20093.7,6.2,3.3,153.4,-55.7,0.0,55.8,0x20,405.002,14.5,2625,-1,2.2,,
2026-08-16T12:22:52.000Z,M20-403-2-02857,1470918172,43.91392,4.59158,20098.6,3.1,3.9,134.3,-55.7,0.0,55.8,0x20,405.002,14.5,2625,-1,2.2,,
2026-08-16T12:22:53.000Z,M20-403-2-02857,1470918173,43.91389,4.59161,20103.8,7.2,4.2,138.7,-55.7,0.0,55.7,0x20,405.002,15.4,2625,-1,2.2,,
2026-08-16T12:22:54.000Z,M20-403-2-02857,1470918174,43.91386,4.59164,20109.9,4.8,4.7,164.0,-55.7,0.0,55.7,0x20,405.002,15.4,2625,-1,2.2,,
2026-08-16T12:22:55.000Z,M20-403-2-02857,1470918175,43.91382,4.59164,20114.8,4.8,4.4,185.0,-55.7,0.0,55.6,0x20,405.002,10.4,2625,-1,2.2,,
2026-08-16T12:22:56.000Z,M20-403-2-02857,1470918176,43.91378,4.59164,20120.8,6.8,3.5,181.1,-55.7,0.0,55.6,0x20,405.002,3.8,2625,-1,2.2,,
2026-08-16T12:22:57.000Z,M20-403-2-02857,1470918177,43.91376,4.59164,20126.3,4.2,2.1,171.9,-55.6,0.0,55.5,0x20,405.002,3.3,2625,-1,2.2,,
2026-08-16T12:22:58.000Z,M20-403-2-02857,1470918178,43.91374,4.59164,20131.8,6.5,2.2,191.4,-55.6,0.0,55.5,0x20,405.002,5.5,2625,-1,2.2,,
2026-08-16T12:22:59.000Z,M20-403-2-02857,1470918179,43.91372,4.59163,20138.0,5.7,3.4,199.8,-55.6,0.0,55.4,0x20,405.002,10.4,2625,-1,2.2,,
2026-08-16T12:23:00.000Z,M20-403-2-02857,1470918180,43.91368,4.59162,20143.5,5.2,4.6,192.6,-55.6,0.0,55.4,0x20,405.002,12.5,2625,-1,2.2,,
2026-08-16T12:23:01.000Z,M20-403-2-02857,1470918181,43.91364,4.59162,20149.1,5.8,4.2,168.9,-55.7,0.0,55.3,0x20,405.002,14.6,2625,-1,2.2,,
2026-08-16T12:23:02.000Z,M20-403-2-02857,1470918182,43.91361,4.59163,20154.2,4.2,3.8,156.6,-55.7,0.0,55.3,0x20,405.002,14.6,2625,-1,2.2,,
2026-08-16T12:23:03.000Z,M20-403-2-02857,1470918183,43.91358,4.59165,20159.5,6.5,3.8,164.5,-55.7,0.0,55.2,0x20,405.002,14.6,2625,-1,2.2,,
2026-08-16T12:23:04.000Z,M20-403-2-02857,1470918184,43.91354,4.59165,20165.4,5.1,4.3,191.7,-55.7,0.0,55.2,0x20,405.002,13.8,2625,-1,2.2,,
2026-08-16T12:23:05.000Z,M20-403-2-02857,1470918185,43.91351,4.59164,20170.3,4.8,4.6,207.5,-55.7,0.0,55.1,0x20,405.002,13.8,2625,-1,2.2,,
2026-08-16T12:23:06.000Z,M20-403-2-02857,1470918186,43.91348,4.59161,20175.9,6.5,2.8,217.8,-55.7,0.0,55.1,0x20,405.002,10.7,2625,-1,2.2,,
2026-08-16T12:23:07.000Z,M20-403-2-02857,1470918187,43.91346,4.59160,20181.5,4.7,1.6,199.7,-55.8,0.0,55.0,0x20,405.002,10.7,2625,-1,2.2,,
2026-08-16T12:23:08.000Z,M20-403-2-02857,1470918188,43.91345,4.59159,20187.7,7.6,1.9,183.3,-55.8,0.0,55.0,0x20,405.002,10.3,2625,-1,2.2,,
2026-08-16T12:23:09.000Z,M20-403-2-02857,1470918189,43.91343,4.59159,20193.7,4.6,3.0,202.6,-55.9,0.0,54.9,0x20,405.002,3.6,2625,-1,2.2,,
2026-08-16T12:23:10.000Z,M20-403-2-02857,1470918190,43.91340,4.59157,20198.7,5.4,3.9,186.9,-55.9,0.0,54.9,0x20,405.002,3.3,2625,-1,2.2,,
2026-08-16T12:23:11.000Z,M20-403-2-02857,1470918191,43.91336,4.59158,20204.0,5.2,4.8,161.7,-55.9,0.0,54.8,0x20,405.002,3.3,2625,-1,2.2,,
2026-08-16T12:23:12.000Z,M20-403-2-02857,1470918192,43.91331,4.59161,20209.1,4.7,5.9,152.5,-55.9,0.0,54.8,0x20,405.002,8.4,2625,-1,2.2,,
2026-08-16T12:23:13.000Z,M20-403-2-02857,1470918193,43.91327,4.59163,20214.5,6.2,4.9,174.0,-56.0,0.0,54.7,0x20,405.002,13.1,2625,-1,2.2,,
2026-08-16T12:23:14.000Z,M20-403-2-02857,1470918194,43.91322,4.59162,20219.9,4.5,5.5,204.7,-56.0,0.0,54.7,0x20,405.002,13.1,2625,-1,2.2,,
2026-08-16T12:23:15.000Z,M20-403-2-02857,1470918195,43.91318,4.59158,20224.5,4.4,5.4,221.3,-56.1,0.0,54.6,0x20,405.002,13.6,2625,-1,2.2,,
2026-08-16T12:23:16.000Z,M20-403-2-02857,1470918196,43.91315,4.59155,20229.6,5.9,3.7,214.6,-56.1,0.0,54.6,0x20,405.002,13.6,2625,-1,2.2,,
2026-08-16T12:23:17.000Z,M20-403-2-02857,1470918197,43.91313,4.59153,20234.5,4.0,1.2,197.7,-56.2,0.0,54.5,0x20,405.002,14.2,2625,-1,2.2,,
2026-08-16T12:23:18.000Z,M20-403-2-02857,1470918198,43.91313,4.59154,20238.9,4.6,1.2,114.1,-56.2,0.0,54.5,0x20,405.002,14.2,2625,-1,2.2,,
2026-08-16T12:23:19.000Z,M20-403-2-02857,1470918199,43.91312,4.59154,20244.1,5.7,1.0,205.8,-56.3,0.0,54.5,0x20,405.002,14.2,2625,-1,2.2,,
2026-08-16T12:23:20.000Z,M20-403-2-02857,1470918200,43.91310,4.59152,20250.2,6.7,4.1,219.3,-56.3,0.0,54.4,0x20,405.002,12.5,2625,-1,2.2,,
2026-08-16T12:23:21.000Z,M20-403-2-02857,1470918201,43.91307,4.59148,20255.3,3.6,6.6,217.3,-56.3,0.0,54.4,0x20,405.002,11.5,2625,-1,2.2,,
2026-08-16T12:23:22.000Z,M20-403-2-02857,1470918202,43.91301,4.59144,20259.2,4.1,8.3,202.4,-56.3,0.0,54.3,0x20,405.002,11.5,2625,-1,2.2,,
2026-08-16T12:23:23.000Z,M20-403-2-02857,1470918203,43.91293,4.59142,20264.1,5.9,8.4,182.6,-56.4,0.0,54.3,0x20,405.002,11.5,2625,-1,2.2,,
2026-08-16T12:23:24.000Z,M20-403-2-02857,1470918204,43.91286,4.59143,20269.2,4.6,7.2,164.7,-56.4,0.0,54.2,0x20,405.002,3.0,2625,-1,2.2,,
2026-08-16T12:23:25.000Z,M20-403-2-02857,1470918205,43.91282,4.59145,20274.2,5.5,3.1,149.5,-56.4,0.0,54.2,0x20,405.002,11.5,2625,-1,2.2,,
2026-08-16T12:23:26.000Z,M20-403-2-02857,1470918206,43.91282,4.59145,20279.5,5.1,1.6,306.9,-56.4,0.0,54.1,0x20,405.002,11.5,2625,-1,2.2,,
2026-08-16T12:23:27.000Z,M20-403-2-02857,1470918207,43.91283,4.59142,20283.5,3.0,4.5,301.4,-56.4,0.0,54.1,0x20,405.002,14.0,2625,-1,2.2,,
2026-08-16T12:23:28.000Z,M20-403-2-02857,1470918208,43.91285,4.59137,20287.8,5.5,5.0,292.6,-56.4,0.0,54.0,0x20,405.002,14.0,2625,-1,2.2,,
2026-08-16T12:23:29.000Z,M20-403-2-02857,1470918209,43.91286,4.59132,20293.3,5.4,3.0,276.6,-56.3,0.0,54.0,0x20,405.002,11.9,2625,-1,2.2,,
2026-08-16T12:23:30.000Z,M20-403-2-02857,1470918210,43.91285,4.59129,20298.2,4.7,2.7,228.7,-56.3,0.0,54.0,0x20,405.002,14.4,2625,-1,2.2,,
2026-08-16T12:23:31.000Z,M20-403-2-02857,1470918211,43.91283,4.59126,20303.2,5.3,4.5,209.6,-56.2,0.0,53.9,0x20,405.002,14.4,2625,-1,2.2,,
2026-08-16T12:23:32.000Z,M20-403-2-02857,1470918212,43.91279,4.59123,20307.8,3.7,5.4,212.1,-56.2,0.0,53.9,0x20,405.002,14.5,2625,-1,2.2,,
2026-08-16T12:23:33.000Z,M20-403-2-02857,1470918213,43.91275,4.59120,20312.4,5.2,5.5,201.2,-56.1,0.0,53.8,0x20,405.002,14.5,2625,-1,2.2,,
2026-08-16T12:23:34.000Z,M20-403-2-02857,1470918214,43.91271,4.59119,20317.7,5.6,4.2,186.4,-56.1,0.0,53.8,0x20,405.002,14.5,2625,-1,2.2,,
2026-08-16T12:23:35.000Z,M20-403-2-02857,1470918215,43.91267,4.59118,20323.1,5.1,3.2,180.0,-56.1,0.0,53.7,0x20,405.002,12.7,2625,-1,2.2,,
2026-08-16T12:23:36.000Z,M20-403-2-02857,1470918216,43.91265,4.59117,20328.9,6.2,1.9,228.4,-56.1,0.0,53.7,0x20,405.002,3.4,2625,-1,2.2,,
2026-08-16T12:23:37.000Z,M20-403-2-02857,1470918217,43.91265,4.59114,20334.3,4.6,3.6,273.6,-56.1,0.0,53.6,0x20,405.002,3.4,2625,-1,2.2,,
2026-08-16T12:23:38.000Z,M20-403-2-02857,1470918218,43.91265,4.59109,20339.2,5.3,4.9,280.2,-56.0,0.0,53.6,0x20,405.002,10.0,2625,-1,2.2,,
2026-08-16T12:23:39.000Z,M20-403-2-02857,1470918219,43.91265,4.59103,20345.2,6.7,3.9,258.0,-56.1,0.0,53.5,0x20,405.002,13.9,2625,-1,2.2,,
2026-08-16T12:23:40.000Z,M20-403-2-02857,1470918220,43.91264,4.59100,20351.1,5.0,3.2,208.8,-56.1,0.0,53.5,0x20,405.002,13.9,2625,-1,2.2,,
2026-08-16T12:23:41.000Z,M20-403-2-02857,1470918221,43.91261,4.59099,20355.8,4.2,3.9,185.3,-56.0,0.0,53.4,0x20,405.002,13.2,2625,-1,2.2,,
2026-08-16T12:23:42.000Z,M20-403-2-02857,1470918222,43.91257,4.59099,20361.6,7.2,3.8,185.6,-56.0,0.0,53.4,0x20,405.002,13.8,2625,-1,2.2,,
2026-08-16T12:23:43.000Z,M20-403-2-02857,1470918223,43.91254,4.59097,20367.5,4.7,3.4,207.7,-56.1,0.0,53.4,0x20,405.002,13.8,2625,-1,2.2,,
2026-08-16T12:23:44.000Z,M20-403-2-02857,1470918224,43.91252,4.59095,20373.4,7.0,2.8,216.3,-56.1,0.0,53.3,0x20,405.002,13.8,2625,-1,2.2,,
2026-08-16T12:23:45.000Z,M20-403-2-02857,1470918225,43.91250,4.59094,20378.3,3.0,2.8,209.1,-56.1,0.0,53.2,0x20,405.002,13.8,2625,-1,2.2,,
2026-08-16T12:23:46.000Z,M20-403-2-02857,1470918226,43.91248,4.59092,20381.9,4.0,2.9,216.7,-56.1,0.0,53.2,0x20,405.002,14.9,2625,-1,2.2,,
2026-08-16T12:23:47.000Z,M20-403-2-02857,1470918227,43.91246,4.59089,20386.7,5.6,3.8,250.1,-56.1,0.0,53.2,0x20,405.002,14.9,2625,-1,2.2,,
2026-08-16T12:23:48.000Z,M20-403-2-02857,1470918228,43.91245,4.59084,20392.3,5.5,4.2,263.1,-56.2,0.0,53.1,0x20,405.002,7.7,2625,-1,2.2,,
2026-08-16T12:23:49.000Z,M20-403-2-02857,1470918229,43.91244,4.59080,20398.5,7.0,2.4,240.6,-56.3,0.0,53.1,0x20,405.002,3.9,2625,-1,2.2,,
2026-08-16T12:23:50.000Z,M20-403-2-02857,1470918230,43.91243,4.59079,20404.1,4.3,1.8,179.7,-56.3,0.0,53.0,0x20,405.002,3.9,2625,-1,2.2,,
2026-08-16T12:23:51.000Z,M20-403-2-02857,1470918231,43.91241,4.59079,20408.2,4.0,2.9,148.8,-56.3,0.0,53.0,0x20,405.002,9.4,2625,-1,2.2,,
2026-08-16T12:23:52.000Z,M20-403-2-02857,1470918232,43.91239,4.59081,20413.1,5.9,2.6,155.1,-56.3,0.0,52.9,0x20,405.002,11.5,2625,-1,2.2,,
2026-08-16T12:23:53.000Z,M20-403-2-02857,1470918233,43.91237,4.59082,20417.8,3.3,1.4,178.8,-56.4,0.0,52.9,0x20,405.002,15.4,2625,-1,2.2,,
2026-08-16T12:23:54.000Z,M20-403-2-02857,1470918234,43.91236,4.59082,20422.1,5.3,1.5,201.5,-56.4,0.0,52.9,0x20,405.002,15.4,2625,-1,2.2,,
2026-08-16T12:23:55.000Z,M20-403-2-02857,1470918235,43.91234,4.59081,20427.4,5.3,2.7,189.6,-56.4,0.0,52.8,0x20,405.002,12.2,2625,-1,2.2,,
2026-08-16T12:23:56.000Z,M20-403-2-02857,1470918236,43.91231,4.59080,20432.5,4.8,3.3,192.5,-56.4,0.0,52.8,0x20,405.002,14.8,2625,-1,2.2,,
2026-08-16T12:23:57.000Z,M20-403-2-02857,1470918237,43.91228,4.59078,20438.0,6.2,4.7,218.4,-56.4,0.0,52.7,0x20,405.002,14.8,2625,-1,2.2,,
2026-08-16T12:23:58.000Z,M20-403-2-02857,1470918238,43.91225,4.59074,20442.9,3.7,5.5,233.7,-56.3,0.0,52.7,0x20,405.002,15.0,2625,-1,2.2,,
2026-08-16T12:23:59.000Z,M20-403-2-02857,1470918239,43.91222,4.59068,20448.0,6.5,6.2,226.4,-56.3,0.0,52.6,0x20,405.002,15.0,2625,-1,2.2,,
2026-08-16T12:24:00.000Z,M20-403-2-02857,1470918240,43.91218,4.59064,20453.9,5.1,6.0,205.4,-56.2,0.0,52.6,0x20,405.002,13.0,2625,-1,2.2,,
2026-08-16T12:24:01.000Z,M20-403-2-02857,1470918241,43.91213,4.59062,20459.0,4.8,4.6,189.1,-56.1,0.0,52.5,0x20,405.002,4.1,2625,-1,2.2,,
2026-08-16T12:24:02.000Z,M20-403-2-02857,1470918242,43.91210,4.59061,20464.1,5.7,3.1,193.5,-56.1,0.0,52.5,0x20,405.002,3.1,2625,-1,2.2,,
2026-08-16T12:24:03.000Z,M20-403-2-02857,1470918243,43.91208,4.59059,20468.9,4.0,1.7,234.7,-56.1,0.0,52.5,0x20,405.002,3.3,2625,-1,2.2,,
2026-08-16T12:24:04.000Z,M20-403-2-02857,1470918244,43.91207,4.59058,20473.7,5.2,1.0,268.3,-56.1,0.0,52.4,0x20,405.002,12.1,2625,-1,2.2,,
2026-08-16T12:24:05.000Z,M20-403-2-02857,1470918245,43.91207,4.59057,20479.0,5.0,1.3,199.0,-56.1,0.0,52.3,0x20,405.002,12.1,2625,-1,2.2,,
2026-08-16T12:24:06.000Z,M20-403-2-02857,1470918246,43.91205,4.59056,20484.0,5.0,2.5,204.5,-56.1,0.0,52.3,0x20,405.002,13.3,2625,-1,2.2,,
2026-08-16T12:24:07.000Z,M20-403-2-02857,1470918247,43.91203,4.59054,20489.2,5.5,4.9,223.6,-56.1,0.0,52.2,0x20,405.002,13.3,2625,-1,2.2,,
2026-08-16T12:24:08.000Z,M20-403-2-02857,1470918248,43.91199,4.59048,20493.6,3.4,6.8,239.3,-56.1,0.0,52.2,0x20,405.002,12.8,2625,-1,2.2,,
2026-08-16T12:24:09.000Z,M20-403-2-02857,1470918249,43.91196,4.59040,20497.4,4.2,8.2,236.6,-56.2,0.0,52.2,0x20,405.002,12.8,2625,-1,2.2,,
2026-08-16T12:24:10.000Z,M20-403-2-02857,1470918250,43.91191,4.59032,20502.5,6.1,8.6,222.5,-56.2,0.0,52.1,0x20,405.002,13.5,2625,-1,2.2,,
2026-08-16T12:24:11.000Z,M20-403-2-02857,1470918251,43.91185,4.59026,20507.8,4.6,7.1,209.4,-56.2,0.0,52.1,0x20,405.002,13.5,2625,-1,2.2,,
2026-08-16T12:24:12.000Z,M20-403-2-02857,1470918252,43.91181,4.59023,20513.1,5.9,4.0,205.3,-56.2,0.0,52.0,0x20,405.002,13.1,2625,-1,2.2,,
2026-08-16T12:24:13.000Z,M20-403-2-02857,1470918253,43.91179,4.59021,20518.5,4.9,1.9,251.4,-56.2,0.0,52.0,0x20,405.002,9.5,2625,-1,2.2,,
2026-08-16T12:24:14.000Z,M20-403-2-02857,1470918254,43.91179,4.59018,20523.2,4.3,2.6,288.6,-56.2,0.0,52.0,0x20,405.002,6.2,2625,-1,2.2,,
2026-08-16T12:24:15.000Z,M20-403-2-02857,1470918255,43.91180,4.59016,20529.1,7.1,2.1,271.9,-56.2,0.0,51.9,0x20,405.002,2.8,2625,-1,2.2,,
2026-08-16T12:24:16.000Z,M20-403-2-02857,1470918256,43.91179,4.59013,20534.9,4.5,3.2,227.8,-56.2,0.0,51.9,0x20,405.002,3.0,2625,-1,2.2,,
2026-08-16T12:24:17.000Z,M20-403-2-02857,1470918257,43.91176,4.59009,20540.3,6.3,6.2,225.5,-56.2,0.0,51.8,0x20,405.002,10.8,2625,-1,2.2,,
2026-08-16T12:24:18.000Z,M20-403-2-02857,1470918258,43.91172,4.59002,20545.4,4.2,7.9,232.6,-56.2,0.0,51.8,0x20,405.002,10.8,2625,-1,2.2,,
2026-08-16T12:24:19.000Z,M20-403-2-02857,1470918259,43.91167,4.58993,20550.1,5.4,9.1,237.9,-56.2,0.0,51.7,0x20,405.002,12.6,2625,-1,2.2,,
2026-08-16T12:24:20.000Z,M20-403-2-02857,1470918260,43.91162,4.58985,20556.2,6.7,9.0,226.1,-56.2,0.0,51.7,0x20,405.002,12.6,2625,-1,2.2,,
2026-08-16T12:24:21.000Z,M20-403-2-02857,1470918261,43.91157,4.58977,20561.5,3.9,7.9,220.2,-56.2,0.0,51.6,0x20,405.002,13.7,2625,-1,2.2,,
2026-08-16T12:24:22.000Z,M20-403-2-02857,1470918262,43.91152,4.58972,20567.2,7.2,5.4,227.7,-56.1,0.0,51.6,0x20,405.002,13.7,2625,-1,2.2,,
2026-08-16T12:24:23.000Z,M20-403-2-02857,1470918263,43.91150,4.58967,20572.3,3.1,4.6,255.8,-56.1,0.0,51.6,0x20,405.002,15.0,2625,-1,2.2,,
2026-08-16T12:24:24.000Z,M20-403-2-02857,1470918264,43.91150,4.58961,20576.8,5.8,4.7,267.6,-56.1,0.0,51.5,0x20,405.002,15.0,2625,-1,2.2,,
2026-08-16T12:24:25.000Z,M20-403-2-02857,1470918265,43.91149,4.58955,20582.9,6.2,4.6,246.2,-56.1,0.0,51.5,0x20,405.002,13.4,2625,-1,2.2,,
2026-08-16T12:24:26.000Z,M20-403-2-02857,1470918266,43.91146,4.58950,20587.5,3.0,6.0,233.4,-56.0,0.0,51.4,0x20,405.002,13.9,2625,-1,2.2,,
2026-08-16T12:24:27.000Z,M20-403-2-02857,1470918267,43.91142,4.58943,20592.0,5.6,8.9,231.9,-56.0,0.0,51.4,0x20,405.002,13.9,2625,-1,2.2,,
2026-08-16T12:24:28.000Z,M20-403-2-02857,1470918268,43.91138,4.58933,20596.9,4.5,9.6,240.0,-56.0,0.0,51.3,0x20,405.002,3.0,2625,-1,2.2,,
2026-08-16T12:24:29.000Z,M20-403-2-02857,1470918269,43.91134,4.58923,20602.1,5.8,8.7,242.1,-56.1,0.0,51.3,0x20,405.002,3.6,2625,-1,2.2,,
2026-08-16T12:24:30.000Z,M20-403-2-02857,1470918270,43.91130,4.58915,20608.0,5.9,6.3,235.0,-56.1,0.0,51.2,0x20,405.002,9.9,2625,-1,2.2,,
2026-08-16T12:24:31.000Z,M20-403-2-02857,1470918271,43.91128,4.58910,20612.9,4.0,5.0,231.3,-56.1,0.0,51.2,0x20,405.002,12.8,2625,-1,2.2,,
2026-08-16T12:24:32.000Z,M20-403-2-02857,1470918272,43.91125,4.58905,20617.8,5.9,3.8,247.8,-56.1,0.0,51.1,0x20,405.002,12.8,2625,-1,2.2,,
2026-08-16T12:24:33.000Z,M20-403-2-02857,1470918273,43.91125,4.58900,20623.5,5.8,5.0,272.9,-56.1,0.0,51.1,0x20,405.002,15.7,2625,-1,2.2,,
2026-08-16T12:24:34.000Z,M20-403-2-02857,1470918274,43.91125,4.58893,20628.7,5.0,6.5,270.4,-56.2,0.0,51.1,0x20,405.002,15.7,2625,-1,2.2,,
2026-08-16T12:24:35.000Z,M20-403-2-02857,1470918275,43.91124,4.58885,20634.6,7.1,6.9,252.1,-56.1,0.0,51.0,0x20,405.002,12.5,2625,-1,2.2,,
2026-08-16T12:24:36.000Z,M20-403-2-02857,1470918276,43.91121,4.58877,20639.8,3.9,7.2,236.1,-56.2,0.0,51.0,0x20,405.002,13.9,2625,-1,2.2,,
2026-08-16T12:24:37.000Z,M20-403-2-02857,1470918277,43.91117,4.58869,20644.6,6.2,7.9,227.5,-56.2,0.0,50.9,0x20,405.002,13.9,2625,-1,2.2,,
2026-08-16T12:24:38.000Z,M20-403-2-02857,1470918278,43.91113,4.58861,20649.9,4.6,8.2,235.7,-56.2,0.0,50.9,0x20,405.002,14.9,2625,-1,2.2,,
2026-08-16T12:24:39.000Z,M20-403-2-02857,1470918279,43.91109,4.58853,20654.2,4.6,7.6,244.0,-56.2,0.0,50.8,0x20,405.002,14.9,2625,-1,2.2,,
2026-08-16T12:24:40.000Z,M20-403-2-02857,1470918280,43.91107,4.58845,20659.3,6.0,5.2,246.9,-56.2,0.0,50.8,0x20,405.002,7.9,2625,-1,2.2,,
2026-08-16T12:24:41.000Z,M20-403-2-02857,1470918281,43.91105,4.58840,20664.4,4.6,4.2,247.7,-56.3,0.0,50.7,0x20,405.002,3.4,2625,-1,2.2,,
2026-08-16T12:24:42.000Z,M20-403-2-02857,1470918282,43.91104,4.58834,20669.4,6.9,5.4,264.0,-56.1,0.0,50.7,0x20,405.002,2.9,2625,-1,2.2,,
2026-08-16T12:24:43.000Z,M20-403-2-02857,1470918283,43.91104,4.58826,20673.9,4.1,8.0,270.3,-56.0,0.0,50.7,0x20,405.002,10.1,2625,-1,2.2,,
2026-08-16T12:24:44.000Z,M20-403-2-02857,1470918284,43.91104,4.58815,20677.8,4.4,10.0,266.2,-55.9,0.0,50.6,0x20,405.002,15.7,2625,-1,2.2,,
2026-08-16T12:24:45.000Z,M20-403-2-02857,1470918285,43.91102,4.58803,20682.7,6.3,9.6,252.3,-55.8,0.0,50.6,0x20,405.002,15.7,2625,-1,2.2,,
2026-08-16T12:24:46.000Z,M20-403-2-02857,1470918286,43.91099,4.58792,20687.7,3.8,8.6,243.0,-55.7,0.0,50.5,0x20,405.002,16.6,2625,-1,2.2,,
2026-08-16T12:24:47.000Z,M20-403-2-02857,1470918287,43.91096,4.58783,20691.9,4.7,7.7,243.4,-55.6,0.0,50.5,0x20,405.002,17.0,2625,-1,2.2,,
2026-08-16T12:24:48.000Z,M20-403-2-02857,1470918288,43.91093,4.58775,20696.7,5.7,7.3,252.1,-55.5,0.0,50.5,0x20,405.002,17.0,2625,-1,2.2,,
2026-08-16T12:24:49.000Z,M20-403-2-02857,1470918289,43.91092,4.58766,20702.2,5.1,6.7,266.0,-55.4,0.0,50.4,0x20,405.002,16.3,2625,-1,2.2,,
2026-08-16T12:24:50.000Z,M20-403-2-02857,1470918290,43.91092,4.58759,20707.6,6.2,5.1,278.3,-55.4,0.0,50.4,0x20,405.002,16.3,2625,-1,2.2,,
2026-08-16T12:24:51.000Z,M20-403-2-02857,1470918291,43.91093,4.58753,20712.3,4.0,4.3,281.5,-55.2,0.0,50.3,0x20,405.002,15.0,2625,-1,2.2,,
2026-08-16T12:24:52.000Z,M20-403-2-02857,1470918292,43.91094,4.58747,20717.8,7.1,5.7,276.8,-55.2,0.0,50.3,0x20,405.002,12.6,2625,-1,2.2,,
2026-08-16T12:24:53.000Z,M20-403-2-02857,1470918293,43.91094,4.58738,20722.9,4.3,8.3,274.4,-55.2,0.0,50.2,0x20,405.002,5.7,2625,-1,2.2,,
2026-08-16T12:24:54.000Z,M20-403-2-02857,1470918294,43.91095,4.58727,20726.6,4.0,9.9,269.6,-55.1,0.0,50.2,0x20,405.002,3.8,2625,-1,2.2,,
2026-08-16T12:24:55.000Z,M20-403-2-02857,1470918295,43.91094,4.58715,20731.9,6.6,8.9,259.1,-55.1,0.0,50.2,0x20,405.002,3.8,2625,-1,2.2,,
2026-08-16T12:24:56.000Z,M20-403-2-02857,1470918296,43.91092,4.58706,20736.8,3.7,7.3,251.4,-55.1,0.0,50.1,0x20,405.002,8.1,2625,-1,2.2,,
2026-08-16T12:24:57.000Z,M20-403-2-02857,1470918297,43.91091,4.58698,20741.3,5.4,5.4,256.6,-55.1,0.0,50.1,0x20,405.002,13.0,2625,-1,2.2,,
2026-08-16T12:24:58.000Z,M20-403-2-02857,1470918298,43.91090,4.58691,20746.0,4.7,5.7,274.7,-55.2,0.0,50.0,0x20,405.002,14.1,2625,-1,2.2,,
2026-08-16T12:24:59.000Z,M20-403-2-02857,1470918299,43.91091,4.58684,20750.2,4.4,6.0,285.9,-55.2,0.0,50.0,0x20,405.002,14.1,2625,-1,2.2,,
2026-08-16T12:25:00.000Z,M20-403-2-02857,1470918300,43.91093,4.58678,20755.4,5.9,5.0,295.1,-55.1,0.0,49.9,0x20,405.002,13.2,2625,-1,2.2,,
2026-08-16T12:25:01.000Z,M20-403-2-02857,1470918301,43.91095,4.58673,20760.6,4.4,3.8,297.2,-55.2,0.0,49.9,0x20,405.002,15.4,2625,-1,2.2,,
2026-08-16T12:25:02.000Z,M20-403-2-02857,1470918302,43.91096,4.58668,20765.5,5.4,4.1,278.8,-55.2,0.0,49.9,0x20,405.002,15.4,2625,-1,2.2,,
2026-08-16T12:25:03.000Z,M20-403-2-02857,1470918303,43.91096,4.58662,20770.9,5.5,6.6,266.6,-55.2,0.0,49.8,0x20,405.002,13.8,2625,-1,2.2,,
2026-08-16T12:25:04.000Z,M20-403-2-02857,1470918304,43.91095,4.58652,20775.8,4.1,8.5,263.8,-55.2,0.0,49.8,0x20,405.002,13.8,2625,-1,2.2,,
2026-08-16T12:25:05.000Z,M20-403-2-02857,1470918305,43.91094,4.58642,20781.1,7.1,8.4,259.7,-55.2,0.0,49.7,0x20,405.002,13.8,2625,-1,2.2,,
2026-08-16T12:25:06.000Z,M20-403-2-02857,1470918306,43.91093,4.58633,20786.7,4.2,6.4,255.8,-55.2,0.0,49.7,0x20,405.002,13.2,2625,-1,2.2,,
2026-08-16T12:25:07.000Z,M20-403-2-02857,1470918307,43.91092,4.58627,20791.1,4.6,4.5,260.7,-55.2,0.0,49.6,0x20,405.002,3.5,2625,-1,2.2,,
2026-08-16T12:25:08.000Z,M20-403-2-02857,1470918308,43.91092,4.58621,20795.9,5.3,4.4,278.5,-55.3,0.0,49.6,0x20,405.002,3.5,2625,-1,2.2,,
2026-08-16T12:25:09.000Z,M20-403-2-02857,1470918309,43.91093,4.58615,20800.9,4.3,4.9,291.6,-55.2,0.0,49.6,0x20,405.002,10.9,2625,-1,2.2,,
2026-08-16T12:25:10.000Z,M20-403-2-02857,1470918310,43.91095,4.58611,20806.4,6.7,4.0,303.8,-55.4,0.0,49.5,0x20,405.002,14.4,2625,-1,2.2,,
2026-08-16T12:25:11.000Z,M20-403-2-02857,1470918311,43.91096,4.58607,20811.7,3.9,3.0,299.9,-55.4,0.0,49.5,0x20,405.002,14.5,2625,-1,2.2,,
2026-08-16T12:25:12.000Z,M20-403-2-02857,1470918312,43.91097,4.58603,20817.0,6.8,3.9,269.4,-55.3,0.0,49.4,0x20,405.002,14.5,2625,-1,2.2,,
2026-08-16T12:25:13.000Z,M20-403-2-02857,1470918313,43.91097,4.58596,20822.4,4.2,6.7,260.8,-55.4,0.0,49.4,0x20,405.002,14.7,2625,-1,2.2,,
2026-08-16T12:25:14.000Z,M20-403-2-02857,1470918314,43.91095,4.58587,20827.3,5.5,8.1,254.8,-55.3,0.0,49.3,0x20,405.002,14.7,2625,-1,2.2,,
2026-08-16T12:25:15.000Z,M20-403-2-02857,1470918315,43.91093,4.58579,20833.7,7.0,6.7,255.0,-55.4,0.0,49.3,0x20,405.002,15.9,2625,-1,2.2,,
2026-08-16T12:25:16.000Z,M20-403-2-02857,1470918316,43.91092,4.58572,20838.9,3.4,5.1,260.9,-55.4,0.0,49.2,0x20,405.002,16.6,2625,-1,2.2,,
2026-08-16T12:25:17.000Z,M20-403-2-02857,1470918317,43.91092,4.58566,20844.1,6.9,4.3,282.3,-55.4,0.0,49.2,0x20,405.002,16.6,2625,-1,2.2,,
2026-08-16T12:25:18.000Z,M20-403-2-02857,1470918318,43.91093,4.58561,20849.5,4.0,4.9,284.9,-55.3,0.0,49.2,0x20,405.002,15.7,2625,-1,2.2,,
2026-08-16T12:25:19.000Z,M20-403-2-02857,1470918319,43.91094,4.58556,20855.3,7.5,3.9,281.2,-55.4,0.0,49.1,0x20,405.002,15.7,2625,-1,2.2,,
2026-08-16T12:25:20.000Z,M20-403-2-02857,1470918320,43.91095,4.58552,20861.6,5.5,1.7,285.7,-55.4,0.0,49.1,0x20,405.002,4.0,2625,-1,2.2,,
2026-08-16T12:25:21.000Z,M20-403-2-02857,1470918321,43.91095,4.58551,20866.4,4.3,1.2,280.9,-55.4,0.0,49.0,0x20,405.002,4.0,2625,-1,2.2,,
2026-08-16T12:25:22.000Z,M20-403-2-02857,1470918322,43.91095,4.58548,20871.9,6.9,3.8,275.0,-55.4,0.0,49.0,0x20,405.002,6.7,2625,-1,2.2,,
2026-08-16T12:25:23.000Z,M20-403-2-02857,1470918323,43.91096,4.58542,20876.8,3.8,6.2,279.7,-55.3,0.0,48.9,0x20,405.002,12.8,2625,-1,2.2,,
2026-08-16T12:25:24.000Z,M20-403-2-02857,1470918324,43.91097,4.58533,20881.0,5.1,7.4,289.3,-55.2,0.0,48.9,0x20,405.002,14.2,2625,-1,2.2,,
2026-08-16T12:25:25.000Z,M20-403-2-02857,1470918325,43.91100,4.58526,20886.2,5.5,5.5,298.5,-55.2,0.0,48.9,0x20,405.002,14.7,2625,-1,2.2,,
2026-08-16T12:25:26.000Z,M20-403-2-02857,1470918326,43.91102,4.58521,20890.6,3.5,4.1,315.6,-55.2,0.0,48.8,0x20,405.002,15.7,2625,-1,2.2,,
2026-08-16T12:25:27.000Z,M20-403-2-02857,1470918327,43.91105,4.58519,20894.7,4.6,4.6,342.4,-55.3,0.0,48.8,0x20,405.002,15.7,2625,-1,2.2,,
2026-08-16T12:25:28.000Z,M20-403-2-02857,1470918328,43.91110,4.58517,20899.8,5.5,5.6,345.9,-55.2,0.0,48.8,0x20,405.002,14.5,2625,-1,2.2,,
2026-08-16T12:25:29.000Z,M20-403-2-02857,1470918329,43.91114,4.58514,20905.3,5.2,5.5,328.2,-55.3,0.0,48.7,0x20,405.002,13.5,2625,-1,2.2,,
2026-08-16T12:25:30.000Z,M20-403-2-02857,1470918330,43.91117,4.58510,20911.2,5.7,4.7,286.2,-55.3,0.0,48.6,0x20,405.002,13.5,2625,-1,2.2,,
2026-08-16T12:25:31.000Z,M20-403-2-02857,1470918331,43.91117,4.58504,20915.9,3.8,5.1,254.3,-55.3,0.0,48.6,0x20,405.002,14.2,2625,-1,2.2,,
2026-08-16T12:25:32.000Z,M20-403-2-02857,1470918332,43.91116,4.58498,20920.2,5.1,5.3,248.0,-55.3,0.0,48.6,0x20,405.002,13.2,2625,-1,2.2,,
2026-08-16T12:25:33.000Z,M20-403-2-02857,1470918333,43.91115,4.58492,20926.3,7.3,4.9,289.2,-55.3,0.0,48.5,0x20,405.002,13.2,2625,-1,2.2,,
2026-08-16T12:25:34.000Z,M20-403-2-02857,1470918334,43.91118,4.58486,20932.1,3.7,6.4,314.4,-55.3,0.0,48.5,0x20,405.002,3.2,2625,-1,2.2,,
2026-08-16T12:25:35.000Z,M20-403-2-02857,1470918335,43.91123,4.58482,20935.9,3.7,7.5,337.6,-55.2,0.0,48.5,0x20,405.002,12.6,2625,-1,2.2,,
2026-08-16T12:25:36.000Z,M20-403-2-02857,1470918336,43.91130,4.58479,20940.8,5.9,7.1,348.3,-55.3,0.0,48.4,0x20,405.002,15.9,2625,-1,2.2,,
2026-08-16T12:25:37.000Z,M20-403-2-02857,1470918337,43.91135,4.58478,20946.1,4.6,5.1,349.7,-55.2,0.0,48.4,0x20,405.002,15.9,2625,-1,2.2,,
2026-08-16T12:25:38.000Z,M20-403-2-02857,1470918338,43.91139,4.58476,20951.1,5.2,4.7,329.7,-55.2,0.0,48.3,0x20,405.002,15.0,2625,-1,2.2,,
2026-08-16T12:25:39.000Z,M20-403-2-02857,1470918339,43.91142,4.58472,20956.6,6.0,5.7,311.9,-55.1,0.0,48.3,0x20,405.002,15.0,2625,-1,2.2,,
2026-08-16T12:25:40.000Z,M20-403-2-02857,1470918340,43.91146,4.58466,20962.4,5.2,6.4,301.6,-54.9,0.0,48.2,0x20,405.002,15.0,2625,-1,2.2,,
2026-08-16T12:25:41.000Z,M20-403-2-02857,1470918341,43.91148,4.58459,20968.2,6.0,5.1,289.6,-54.9,0.0,48.2,0x20,405.002,15.0,2625,-1,2.2,,
2026-08-16T12:25:42.000Z,M20-403-2-02857,1470918342,43.91149,4.58455,20973.7,4.8,2.6,277.1,-54.9,0.0,48.2,0x20,405.002,15.7,2625,-1,2.2,,
2026-08-16T12:25:43.000Z,M20-403-2-02857,1470918343,43.91150,4.58453,20978.2,4.5,1.5,311.8,-54.8,0.0,48.1,0x20,405.002,15.7,2625,-1,2.2,,
2026-08-16T12:25:44.000Z,M20-403-2-02857,1470918344,43.91152,4.58451,20984.1,7.0,4.0,340.9,-54.7,0.0,48.1,0x20,405.002,15.1,2625,-1,2.2,,
2026-08-16T12:25:45.000Z,M20-403-2-02857,1470918345,43.91156,4.58449,20989.3,3.6,6.0,332.2,-54.6,0.0,48.0,0x20,405.002,15.1,2625,-1,2.2,,
2026-08-16T12:25:46.000Z,M20-403-2-02857,1470918346,43.91161,4.58444,20993.3,4.9,6.8,324.5,-54.5,0.0,48.0,0x20,405.002,15.1,2625,-1,2.2,,
2026-08-16T12:25:47.000Z,M20-403-2-02857,1470918347,43.91165,4.58440,20999.1,6.6,4.2,319.6,-54.5,0.0,48.0,0x20,405.002,3.4,2625,-1,2.2,,
2026-08-16T12:25:48.000Z,M20-403-2-02857,1470918348,43.91166,4.58437,21004.6,4.5,2.3,270.3,-54.5,0.0,47.9,0x20,405.002,12.5,2625,-1,2.2,,
2026-08-16T12:25:49.000Z,M20-403-2-02857,1470918349,43.91165,4.58434,21009.0,4.1,4.4,230.5,-54.5,0.0,47.9,0x20,405.002,12.5,2625,-1,2.2,,
2026-08-16T12:25:50.000Z,M20-403-2-02857,1470918350,43.91162,4.58429,21014.4,6.0,6.3,239.6,-54.5,0.0,47.8,0x20,405.002,15.0,2625,-1,2.2,,
2026-08-16T12:25:51.000Z,M20-403-2-02857,1470918351,43.91160,4.58421,21020.7,6.4,6.7,256.2,-54.5,0.0,47.8,0x20,405.002,15.0,2625,-1,2.2,,
2026-08-16T12:25:52.000Z,M20-403-2-02857,1470918352,43.91160,4.58414,21026.7,5.2,5.1,289.2,-54.5,0.0,47.7,0x20,405.002,15.4,2625,-1,2.2,,
2026-08-16T12:25:53.000Z,M20-403-2-02857,1470918353,43.91163,4.58410,21031.3,3.9,4.6,331.9,-54.5,0.0,47.7,0x20,405.002,15.4,2625,-1,2.2,,
2026-08-16T12:25:54.000Z,M20-403-2-02857,1470918354,43.91166,4.58410,21035.9,5.0,4.5,25.6,-54.4,0.0,47.7,0x20,405.002,15.0,2625,-1,2.2,,
2026-08-16T12:25:55.000Z,M20-403-2-02857,1470918355,43.91169,4.58413,21041.3,5.2,3.1,57.6,-54.5,0.0,47.6,0x20,405.002,13.8,2625,-1,2.2,,
2026-08-16T12:25:56.000Z,M20-403-2-02857,1470918356,43.91169,4.58414,21047.3,6.8,1.4,206.4,-54.5,0.0,47.5,0x20,405.002,13.8,2625,-1,2.2,,
2026-08-16T12:25:57.000Z,M20-403-2-02857,1470918357,43.91168,4.58410,21053.9,5.7,5.8,253.2,-54.5,0.0,47.5,0x20,405.002,8.2,2625,-1,2.2,,
2026-08-16T12:25:58.000Z,M20-403-2-02857,1470918358,43.91166,4.58401,21057.9,2.4,8.8,260.2,-54.5,0.0,47.5,0x20,405.002,8.2,2625,-1,2.2,,
2026-08-16T12:25:59.000Z,M20-403-2-02857,1470918359,43.91165,4.58390,21062.3,6.4,9.9,263.0,-54.6,0.0,47.5,0x20,405.002,3.2,2625,-1,2.2,,
2026-08-16T12:26:00.000Z,M20-403-2-02857,1470918360,43.91164,4.58380,21069.0,7.1,6.8,259.7,-54.6,0.0,47.4,0x20,405.002,3.2,2625,-1,2.2,,
2026-08-16T12:26:01.000Z,M20-403-2-02857,1470918361,43.91163,4.58373,21074.3,3.7,3.7,262.2,-54.7,0.0,47.4,0x20,405.002,13.3,2625,-1,2.2,,
2026-08-16T12:26:02.000Z,M20-403-2-02857,1470918362,43.91163,4.58370,21078.5,4.4,1.3,327.5,-54.6,0.0,47.3,0x20,405.002,13.3,2625,-1,2.2,,
2026-08-16T12:26:03.000Z,M20-403-2-02857,1470918363,43.91165,4.58369,21083.5,5.3,3.1,345.8,-54.7,0.0,47.3,0x20,405.002,16.2,2625,-1,2.2,,
2026-08-16T12:26:04.000Z,M20-403-2-02857,1470918364,43.91168,4.58368,21089.4,6.0,2.9,309.4,-54.7,0.0,47.2,0x20,405.002,16.2,2625,-1,2.2,,
2026-08-16T12:26:05.000Z,M20-403-2-02857,1470918365,43.91168,4.58364,21095.8,6.8,4.2,244.9,-54.6,0.0,47.2,0x20,405.002,16.2,2625,-1,2.2,,
2026-08-16T12:26:06.000Z,M20-403-2-02857,1470918366,43.91164,4.58358,21101.2,4.3,7.7,226.2,-54.7,0.0,47.2,0x20,405.002,14.8,2625,-1,2.2,,
2026-08-16T12:26:07.000Z,M20-403-2-02857,1470918367,43.91159,4.58350,21105.1,3.5,10.5,223.3,-54.7,0.0,47.1,0x20,405.002,14.8,2625,-1,2.2,,
2026-08-16T12:26:08.000Z,M20-403-2-02857,1470918368,43.91152,4.58340,21109.7,5.7,11.0,236.3,-54.7,0.0,47.1,0x20,405.002,14.8,2625,-1,2.2,,
2026-08-16T12:26:09.000Z,M20-403-2-02857,1470918369,43.91149,4.58329,21115.6,6.2,9.8,256.4,-54.7,0.0,47.0,0x20,405.002,16.8,2625,-1,2.2,,
2026-08-16T12:26:10.000Z,M20-403-2-02857,1470918370,43.91148,4.58318,21120.8,4.5,7.8,273.3,-54.7,0.0,47.0,0x20,405.002,16.8,2625,-1,2.2,,
2026-08-16T12:26:11.000Z,M20-403-2-02857,1470918371,43.91149,4.58311,21125.8,6.1,3.4,299.7,-54.7,0.0,47.0,0x20,405.002,8.2,2625,-1,2.2,,
2026-08-16T12:26:12.000Z,M20-403-2-02857,1470918372,43.91150,4.58309,21130.8,3.8,0.2,60.6,-54.7,0.0,46.9,0x20,405.002,2.9,2625,-1,2.2,,
2026-08-16T12:26:13.000Z,M20-403-2-02857,1470918373,43.91148,4.58310,21135.2,4.8,2.8,165.3,-54.7,0.0,46.9,0x20,405.002,2.9,2625,-1,2.2,,
2026-08-16T12:26:14.000Z,M20-403-2-02857,1470918374,43.91145,4.58309,21141.0,6.7,4.9,205.6,-54.6,0.0,46.8,0x20,405.002,7.8,2625,-1,2.2,,
2026-08-16T12:26:15.000Z,M20-403-2-02857,1470918375,43.91141,4.58305,21145.6,3.5,6.8,226.8,-54.5,0.0,46.8,0x20,405.002,11.8,2625,-1,2.2,,
2026-08-16T12:26:16.000Z,M20-403-2-02857,1470918376,43.91137,4.58296,21150.2,6.2,10.4,235.1,-54.5,0.0,46.8,0x20,405.002,16.5,2625,-1,2.2,,
2026-08-16T12:26:17.000Z,M20-403-2-02857,1470918377,43.91131,4.58286,21155.2,4.2,10.5,234.2,-54.4,0.0,46.7,0x20,405.002,16.5,2625,-1,2.2,,
2026-08-16T12:26:18.000Z,M20-403-2-02857,1470918378,43.91127,4.58275,21160.7,7.0,9.4,246.3,-54.3,0.0,46.7,0x20,405.002,16.5,2625,-1,2.2,,
2026-08-16T12:26:19.000Z,M20-403-2-02857,1470918379,43.91124,4.58265,21165.8,3.3,8.9,258.3,-54.2,0.0,46.6,0x20,405.002,14.5,2625,-1,2.2,,
2026-08-16T12:26:20.000Z,M20-403-2-02857,1470918380,43.91123,4.58255,21170.0,5.2,7.0,267.0,-54.1,0.0,46.6,0x20,405.002,16.7,2625,-1,2.2,,
2026-08-16T12:26:21.000Z,M20-403-2-02857,1470918381,43.91122,4.58248,21175.7,6.3,4.3,251.9,-54.0,0.0,46.6,0x20,405.002,16.7,2625,-1,2.2,,
2026-08-16T12:26:22.000Z,M20-403-2-02857,1470918382,43.91121,4.58244,21180.5,3.6,3.7,226.6,-53.8,0.0,46.5,0x20,405.002,16.6,2625,-1,2.2,,
2026-08-16T12:26:23.000Z,M20-403-2-02857,1470918383,43.91118,4.58240,21185.6,6.8,4.8,230.5,-53.8,0.0,46.5,0x20,405.002,12.0,2625,-1,2.2,,
2026-08-16T12:26:24.000Z,M20-403-2-02857,1470918384,43.91116,4.58234,21191.5,4.7,6.2,248.1,-53.7,0.0,46.4,0x20,405.002,9.6,2625,-1,2.2,,
2026-08-16T12:26:25.000Z,M20-403-2-02857,1470918385,43.91114,4.58226,21196.4,5.3,8.2,251.3,-53.7,0.0,46.4,0x20,405.002,3.9,2625,-1,2.2,,
2026-08-16T12:26:26.000Z,M20-403-2-02857,1470918386,43.91111,4.58216,21201.8,5.7,9.6,243.5,-53.6,0.0,46.4,0x20,405.002,3.9,2625,-1,2.2,,
2026-08-16T12:26:27.000Z,M20-403-2-02857,1470918387,43.91107,4.58205,21206.8,4.5,9.8,240.2,-53.6,0.0,46.3,0x20,405.002,11.2,2625,-1,2.2,,
2026-08-16T12:26:28.000Z,M20-403-2-02857,1470918388,43.91103,4.58195,21212.2,6.5,9.2,249.4,-53.5,0.0,46.3,0x20,405.002,11.2,2625,-1,2.2,,
2026-08-16T12:26:29.000Z,M20-403-2-02857,1470918389,43.91101,4.58184,21217.5,4.1,8.7,262.2,-53.5,0.0,46.2,0x20,405.002,14.3,2625,-1,2.2,,
2026-08-16T12:26:30.000Z,M20-403-2-02857,1470918390,43.91100,4.58173,21221.9,4.9,7.9,266.8,-53.4,0.0,46.2,0x20,405.002,15.9,2625,-1,2.2,,
2026-08-16T12:26:31.000Z,M20-403-2-02857,1470918391,43.91099,4.58164,21227.4,5.9,6.9,252.8,-53.4,0.0,46.1,0x20,405.002,15.9,2625,-1,2.2,,
2026-08-16T12:26:32.000Z,M20-403-2-02857,1470918392,43.91096,4.58157,21232.6,4.5,7.1,235.4,-53.5,0.0,46.1,0x20,405.002,15.7,2625,-1,2.2,,
2026-08-16T12:26:33.000Z,M20-403-2-02857,1470918393,43.91092,4.58149,21237.6,5.2,7.8,234.4,-53.5,0.0,46.1,0x20,405.002,13.9,2625,-1,2.2,,
2026-08-16T12:26:34.000Z,M20-403-2-02857,1470918394,43.91089,4.58141,21243.1,5.5,8.1,248.6,-53.5,0.0,46.0,0x20,405.002,13.9,2625,-1,2.2,,
2026-08-16T12:26:35.000Z,M20-403-2-02857,1470918395,43.91087,4.58131,21247.7,3.8,8.3,258.5,-53.5,0.0,46.0,0x20,405.002,16.1,2625,-1,2.2,,
2026-08-16T12:26:36.000Z,M20-403-2-02857,1470918396,43.91086,4.58121,21252.6,6.1,8.4,258.9,-53.5,0.0,46.0,0x20,405.002,16.1,2625,-1,2.2,,
2026-08-16T12:26:37.000Z,M20-403-2-02857,1470918397,43.91083,4.58111,21258.3,5.3,8.5,249.8,-53.6,0.0,45.9,0x20,405.002,15.0,2625,-1,2.2,,
2026-08-16T12:26:38.000Z,M20-403-2-02857,1470918398,43.91081,4.58101,21263.6,5.4,8.8,248.4,-53.6,0.0,45.9,0x20,405.002,3.1,2625,-1,2.2,,
2026-08-16T12:26:39.000Z,M20-403-2-02857,1470918399,43.91079,4.58090,21269.5,6.1,9.1,259.5,-53.6,0.0,45.8,0x20,405.002,2.8,2625,-1,2.2,,
2026-08-16T12:26:40.000Z,M20-403-2-02857,1470918400,43.91078,4.58078,21273.8,2.8,9.7,268.5,-53.5,0.0,45.8,0x20,405.002,5.1,2625,-1,2.2,,
2026-08-16T12:26:41.000Z,M20-403-2-02857,1470918401,43.91078,4.58066,21278.2,6.0,11.2,268.3,-53.5,0.0,45.8,0x20,405.002,11.8,2625,-1,2.2,,
2026-08-16T12:26:42.000Z,M20-403-2-02857,1470918402,43.91077,4.58052,21283.7,4.9,11.6,260.1,-53.4,0.0,45.7,0x20,405.002,14.0,2625,-1,2.2,,
2026-08-16T12:26:43.000Z,M20-403-2-02857,1470918403,43.91074,4.58038,21288.5,4.7,10.6,255.0,-53.4,0.0,45.7,0x20,405.002,15.8,2625,-1,2.2,,
2026-08-16T12:26:44.000Z,M20-403-2-02857,1470918404,43.91073,4.58027,21293.9,5.8,8.1,262.3,-53.4,0.0,45.6,0x20,405.002,15.9,2625,-1,2.2,,
2026-08-16T12:26:45.000Z,M20-403-2-02857,1470918405,43.91073,4.58018,21299.0,3.9,6.5,276.5,-53.3,0.0,45.6,0x20,405.002,15.9,2625,-1,2.2,,
2026-08-16T12:26:46.000Z,M20-403-2-02857,1470918406,43.91074,4.58010,21303.3,4.9,6.0,283.3,-53.1,0.0,45.6,0x20,405.002,15.7,2625,-1,2.2,,
2026-08-16T12:26:47.000Z,M20-403-2-02857,1470918407,43.91074,4.58002,21309.0,6.3,7.4,270.0,-53.1,0.0,45.5,0x20,405.002,15.6,2625,-1,2.2,,
2026-08-16T12:26:48.000Z,M20-403-2-02857,1470918408,43.91074,4.57992,21314.3,4.4,9.2,261.4,-53.0,0.0,45.5,0x20,405.002,15.6,2625,-1,2.2,,
2026-08-16T12:26:49.000Z,M20-403-2-02857,1470918409,43.91072,4.57980,21319.1,5.3,10.1,263.0,-53.0,0.0,45.5,0x20,405.002,15.6,2625,-1,2.2,,
2026-08-16T12:26:50.000Z,M20-403-2-02857,1470918410,43.91072,4.57968,21325.0,6.5,9.8,276.1,-53.0,0.0,45.4,0x20,405.002,4.5,2625,-1,2.2,,
2026-08-16T12:26:51.000Z,M20-403-2-02857,1470918411,43.91074,4.57956,21330.4,4.4,9.8,286.4,-53.0,0.0,45.4,0x20,405.002,4.5,2625,-1,2.2,,
2026-08-16T12:26:52.000Z,M20-403-2-02857,1470918412,43.91076,4.57944,21336.2,7.5,9.7,287.0,-53.0,0.0,45.3,0x20,405.002,3.8,2625,-1,2.2,,
2026-08-16T12:26:53.000Z,M20-403-2-02857,1470918413,43.91078,4.57933,21342.2,4.5,9.3,278.1,-53.0,0.0,45.3,0x20,405.002,7.5,2625,-1,2.2,,
2026-08-16T12:26:54.000Z,M20-403-2-02857,1470918414,43.91079,4.57921,21347.1,5.2,8.8,272.9,-53.0,0.0,45.2,0x20,405.002,14.7,2625,-1,2.2,,
2026-08-16T12:26:55.000Z,M20-403-2-02857,1470918415,43.91080,4.57911,21352.7,5.6,7.8,282.0,-53.0,0.0,45.2,0x20,405.002,15.2,2625,-1,2.2,,
2026-08-16T12:26:56.000Z,M20-403-2-02857,1470918416,43.91081,4.57902,21357.0,2.9,7.4,285.6,-53.1,0.0,45.2,0x20,405.002,16.9,2625,-1,2.2,,
2026-08-16T12:26:57.000Z,M20-403-2-02857,1470918417,43.91082,4.57893,21362.5,7.4,6.9,269.7,-53.0,0.0,45.1,0x20,405.002,16.9,2625,-1,2.2,,
2026-08-16T12:26:58.000Z,M20-403-2-02857,1470918418,43.91082,4.57884,21368.5,4.5,8.2,262.7,-53.1,0.0,45.1,0x20,405.002,15.4,2625,-1,2.2,,
2026-08-16T12:26:59.000Z,M20-403-2-02857,1470918419,43.91081,4.57873,21374.2,6.1,9.7,267.0,-53.1,0.0,45.0,0x20,405.002,15.4,2625,-1,2.2,,
2026-08-16T12:27:00.000Z,M20-403-2-02857,1470918420,43.91081,4.57861,21380.0,5.5,9.7,282.9,-53.2,0.0,45.0,0x20,405.002,14.2,2625,-1,2.2,,
2026-08-16T12:27:01.000Z,M20-403-2-02857,1470918421,43.91085,4.57850,21385.0,4.0,10.1,298.3,-53.3,0.0,45.0,0x20,405.002,17.2,2625,-1,2.2,,
2026-08-16T12:27:02.000Z,M20-403-2-02857,1470918422,43.91089,4.57838,21391.0,6.7,10.7,299.8,-53.3,0.0,44.9,0x20,405.002,17.8,2625,-1,2.2,,
2026-08-16T12:27:03.000Z,M20-403-2-02857,1470918423,43.91093,4.57827,21396.9,4.1,10.4,292.9,-53.3,0.0,44.9,0x20,405.002,17.8,2625,-1,2.2,,
2026-08-16T12:27:04.000Z,M20-403-2-02857,1470918424,43.91096,4.57815,21401.4,4.8,9.2,288.9,-53.2,0.0,44.8,0x20,405.002,17.8,2625,-1,2.2,,
2026-08-16T12:27:05.000Z,M20-403-2-02857,1470918425,43.91099,4.57806,21406.8,5.5,7.4,296.5,-53.3,0.0,44.8,0x20,405.002,3.1,2625,-1,2.2,,
2026-08-16T12:27:06.000Z,M20-403-2-02857,1470918426,43.91102,4.57799,21412.7,4.9,6.4,305.6,-53.4,0.0,44.8,0x20,405.002,9.1,2625,-1,2.2,,
2026-08-16T12:27:07.000Z,M20-403-2-02857,1470918427,43.91105,4.57792,21418.2,5.3,5.7,298.6,-53.3,0.0,44.7,0x20,405.002,13.5,2625,-1,2.2,,
2026-08-16T12:27:08.000Z,M20-403-2-02857,1470918428,43.91107,4.57785,21424.2,6.1,6.9,280.9,-53.3,0.0,44.7,0x20,405.002,13.5,2625,-1,2.2,,
2026-08-16T12:27:09.000Z,M20-403-2-02857,1470918429,43.91108,4.57776,21429.6,4.6,8.5,277.8,-53.4,0.0,44.6,0x20,405.002,16.0,2625,-1,2.2,,
2026-08-16T12:27:10.000Z,M20-403-2-02857,1470918430,43.91110,4.57765,21435.2,5.8,9.8,291.6,-53.3,0.0,44.6,0x20,405.002,16.0,2625,-1,2.2,,
2026-08-16T12:27:11.000Z,M20-403-2-02857,1470918431,43.91115,4.57754,21440.9,5.8,10.5,312.8,-53.3,0.0,44.6,0x20,405.002,14.2,2625,-1,2.2,,
2026-08-16T12:27:12.000Z,M20-403-2-02857,1470918432,43.91122,4.57746,21446.1,4.2,10.8,327.5,-53.3,0.0,44.5,0x20,405.002,16.8,2625,-1,2.2,,
2026-08-16T12:27:13.000Z,M20-403-2-02857,1470918433,43.91130,4.57740,21451.0,5.1,8.6,338.3,-53.2,0.0,44.5,0x20,405.002,16.8,2625,-1,2.2,,
2026-08-16T12:27:14.000Z,M20-403-2-02857,1470918434,43.91135,4.57737,21456.9,6.2,4.5,337.0,-53.1,0.0,44.4,0x20,405.002,15.4,2625,-1,2.2,,
2026-08-16T12:27:15.000Z,M20-403-2-02857,1470918435,43.91138,4.57735,21462.3,4.7,2.8,298.8,-53.0,0.0,44.4,0x20,405.002,15.2,2625,-1,2.2,,
2026-08-16T12:27:16.000Z,M20-403-2-02857,1470918436,43.91139,4.57731,21467.2,4.7,4.3,278.6,-53.0,0.0,44.4,0x20,405.002,5.8,2625,-1,2.2,,
2026-08-16T12:27:17.000Z,M20-403-2-02857,1470918437,43.91141,4.57724,21473.1,6.8,7.4,301.6,-52.9,0.0,44.3,0x20,405.002,3.6,2625,-1,2.2,,
2026-08-16T12:27:18.000Z,M20-403-2-02857,1470918438,43.91145,4.57716,21478.7,4.2,9.8,316.0,-52.8,0.0,44.3,0x20,405.002,2.9,2625,-1,2.2,,
2026-08-16T12:27:19.000Z,M20-403-2-02857,1470918439,43.91153,4.57708,21482.5,3.3,11.9,323.5,-52.7,0.0,44.3,0x20,405.002,10.9,2625,-1,2.2,,
2026-08-16T12:27:20.000Z,M20-403-2-02857,1470918440,43.91161,4.57699,21487.7,7.0,11.7,322.9,-52.8,0.0,44.2,0x20,405.002,15.2,2625,-1,2.2,,
2026-08-16T12:27:21.000Z,M20-403-2-02857,1470918441,43.91169,4.57691,21494.0,5.3,9.2,322.0,-52.8,0.0,44.2,0x20,405.002,15.2,2625,-1,2.2,,
2026-08-16T12:27:22.000Z,M20-403-2-02857,1470918442,43.91174,4.57686,21499.4,5.2,6.1,330.0,-52.7,0.0,44.1,0x20,405.002,15.2,2625,-1,2.2,,
2026-08-16T12:27:23.000Z,M20-403-2-02857,1470918443,43.91179,4.57683,21504.5,5.0,5.1,355.4,-52.7,0.0,44.1,0x20,405.002,15.2,2625,-1,2.2,,
2026-08-16T12:27:24.000Z,M20-403-2-02857,1470918444,43.91184,4.57684,21509.2,4.4,4.9,12.8,-52.8,0.0,44.1,0x20,405.002,15.1,2625,-1,2.2,,
2026-08-16T12:27:25.000Z,M20-403-2-02857,1470918445,43.91187,4.57685,21514.2,5.3,3.5,8.8,-52.8,0.0,44.0,0x20,405.002,14.7,2625,-1,2.2,,
2026-08-16T12:27:26.000Z,M20-403-2-02857,1470918446,43.91190,4.57684,21519.8,6.0,3.2,321.7,-52.8,0.0,44.0,0x20,405.002,12.6,2625,-1,2.2,,
2026-08-16T12:27:27.000Z,M20-403-2-02857,1470918447,43.91192,4.57680,21525.5,5.3,5.5,302.4,-52.8,0.0,43.9,0x20,405.002,11.7,2625,-1,2.2,,
2026-08-16T12:27:28.000Z,M20-403-2-02857,1470918448,43.91196,4.57673,21530.6,4.7,9.0,309.4,-52.8,0.0,43.9,0x20,405.002,11.7,2625,-1,2.2,,
2026-08-16T12:27:29.000Z,M20-403-2-02857,1470918449,43.91204,4.57664,21535.8,5.8,12.4,325.0,-52.9,0.0,43.9,0x20,405.002,10.4,2625,-1,2.2,,
2026-08-16T12:27:30.000Z,M20-403-2-02857,1470918450,43.91213,4.57656,21540.9,4.3,13.2,337.1,-52.9,0.0,43.8,0x20,405.002,3.2,2625,-1,2.2,,
2026-08-16T12:27:31.000Z,M20-403-2-02857,1470918451,43.91224,4.57652,21546.5,7.0,10.5,353.0,-53.0,0.0,43.8,0x20,405.002,3.2,2625,-1,2.2,,
2026-08-16T12:27:32.000Z,M20-403-2-02857,1470918452,43.91231,4.57652,21552.8,5.4,6.1,5.7,-53.0,0.0,43.7,0x20,405.002,10.6,2625,-1,2.2,,
2026-08-16T12:27:33.000Z,M20-403-2-02857,1470918453,43.91235,4.57653,21556.8,2.5,3.2,12.2,-53.0,0.0,43.7,0x20,405.002,13.9,2625,-1,2.2,,
2026-08-16T12:27:34.000Z,M20-403-2-02857,1470918454,43.91237,4.57653,21562.1,8.0,1.8,358.1,-53.1,0.0,43.7,0x20,405.002,13.9,2625,-1,2.2,,
2026-08-16T12:27:35.000Z,M20-403-2-02857,1470918455,43.91240,4.57652,21568.5,4.6,4.1,342.7,-53.1,0.0,43.6,0x20,405.002,15.5,2625,-1,2.2,,
2026-08-16T12:27:36.000Z,M20-403-2-02857,1470918456,43.91244,4.57650,21573.4,5.1,6.3,336.8,-53.1,0.0,43.6,0x20,405.002,15.5,2625,-1,2.2,,
2026-08-16T12:27:37.000Z,M20-403-2-02857,1470918457,43.91250,4.57646,21578.8,5.3,7.4,333.2,-53.2,0.0,43.6,0x20,405.002,14.4,2625,-1,2.2,,
2026-08-16T12:27:38.000Z,M20-403-2-02857,1470918458,43.91256,4.57643,21583.8,4.6,7.6,338.2,-53.2,0.0,43.5,0x20,405.002,12.9,2625,-1,2.2,,
2026-08-16T12:27:39.000Z,M20-403-2-02857,1470918459,43.91263,4.57640,21589.0,5.4,9.1,352.3,-53.2,0.0,43.5,0x20,405.002,16.2,2625,-1,2.2,,
2026-08-16T12:27:40.000Z,M20-403-2-02857,1470918460,43.91272,4.57640,21594.7,5.8,10.7,2.5,-53.2,0.0,43.5,0x20,405.002,16.2,2625,-1,2.2,,
2026-08-16T12:27:41.000Z,M20-403-2-02857,1470918461,43.91281,4.57641,21600.3,5.4,10.2,7.0,-53.3,0.0,43.4,0x20,405.002,15.0,2625,-1,2.2,,
2026-08-16T12:27:42.000Z,M20-403-2-02857,1470918462,43.91289,4.57643,21606.1,6.2,7.4,14.1,-53.4,0.0,43.4,0x20,405.002,5.8,2625,-1,2.2,,
2026-08-16T12:27:43.000Z,M20-403-2-02857,1470918463,43.91294,4.57645,21611.6,4.0,4.8,18.4,-53.4,0.0,43.3,0x20,405.002,4.7,2625,-1,2.2,,
2026-08-16T12:27:44.000Z,M20-403-2-02857,1470918464,43.91298,4.57646,21616.1,4.7,3.5,1.5,-53.4,0.0,43.3,0x20,405.002,2.7,2625,-1,2.2,,
2026-08-16T12:27:45.000Z,M20-403-2-02857,1470918465,43.91302,4.57645,21621.9,6.6,6.2,339.2,-53.4,0.0,43.2,0x20,405.002,9.4,2625,-1,2.2,,
2026-08-16T12:27:46.000Z,M20-403-2-02857,1470918466,43.91308,4.57642,21627.1,3.4,8.7,340.7,-53.4,0.0,43.2,0x20,405.002,15.2,2625,-1,2.2,,
2026-08-16T12:27:47.000Z,M20-403-2-02857,1470918467,43.91316,4.57639,21631.3,5.1,10.2,350.0,-53.4,0.0,43.2,0x20,405.002,15.2,2625,-1,2.2,,
2026-08-16T12:27:48.000Z,M20-403-2-02857,1470918468,43.91325,4.57638,21636.9,6.5,8.9,3.4,-53.4,0.0,43.1,0x20,405.002,14.2,2625,-1,2.2,,
2026-08-16T12:27:49.000Z,M20-403-2-02857,1470918469,43.91332,4.57639,21642.2,4.4,7.7,12.2,-53.4,0.0,43.1,0x20,405.002,14.5,2625,-1,2.2,,
2026-08-16T12:27:50.000Z,M20-403-2-02857,1470918470,43.91339,4.57642,21646.8,5.0,7.4,17.4,-53.5,0.0,43.1,0x20,405.002,16.3,2625,-1,2.2,,
2026-08-16T12:27:51.000Z,M20-403-2-02857,1470918471,43.91345,4.57644,21652.4,6.1,8.1,12.5,-53.6,0.0,43.0,0x20,405.002,16.6,2625,-1,2.2,,
2026-08-16T12:27:52.000Z,M20-403-2-02857,1470918472,43.91352,4.57646,21657.8,5.1,7.9,5.5,-53.5,0.0,43.0,0x20,405.002,16.6,2625,-1,2.2,,
2026-08-16T12:27:53.000Z,M20-403-2-02857,1470918473,43.91359,4.57646,21663.3,6.1,6.3,356.5,-53.5,0.0,43.0,0x20,405.002,12.3,2625,-1,2.2,,
2026-08-16T12:27:54.000Z,M20-403-2-02857,1470918474,43.91363,4.57645,21668.7,4.8,4.3,350.4,-53.6,0.0,42.9,0x20,405.002,11.5,2625,-1,2.2,,
2026-08-16T12:27:55.000Z,M20-403-2-02857,1470918475,43.91367,4.57645,21673.7,5.0,3.6,2.2,-53.6,0.0,42.9,0x20,405.002,5.3,2625,-1,2.2,,
2026-08-16T12:27:56.000Z,M20-403-2-02857,1470918476,43.91371,4.57647,21679.6,6.7,6.6,22.2,-53.6,0.0,42.8,0x20,405.002,3.6,2625,-1,2.2,,
2026-08-16T12:27:57.000Z,M20-403-2-02857,1470918477,43.91378,4.57651,21684.7,3.2,9.4,25.1,-53.7,0.0,42.8,0x20,405.002,3.1,2625,-1,2.2,,
2026-08-16T12:27:58.000Z,M20-403-2-02857,1470918478,43.91386,4.57657,21688.8,5.2,11.0,28.7,-53.7,0.0,42.8,0x20,405.002,12.4,2625,-1,2.2,,
2026-08-16T12:27:59.000Z,M20-403-2-02857,1470918479,43.91394,4.57663,21694.8,6.9,9.2,30.4,-53.6,0.0,42.7,0x20,405.002,12.4,2625,-1,2.2,,
2026-08-16T12:28:00.000Z,M20-403-2-02857,1470918480,43.91400,4.57668,21699.9,3.0,7.0,26.2,-53.5,0.0,42.7,0x20,405.002,11.7,2625,-1,2.2,,
2026-08-16T12:28:01.000Z,M20-403-2-02857,1470918481,43.91405,4.57670,21703.9,4.8,4.8,13.6,-53.5,0.0,42.6,0x20,405.002,16.0,2625,-1,2.2,,
2026-08-16T12:28:02.000Z,M20-403-2-02857,1470918482,43.91409,4.57671,21709.3,6.1,4.7,3.9,-53.5,0.0,42.6,0x20,405.002,16.0,2625,-1,2.2,,
2026-08-16T12:28:03.000Z,M20-403-2-02857,1470918483,43.91414,4.57671,21714.9,5.2,5.5,351.6,-53.5,0.0,42.6,0x20,405.002,15.4,2625,-1,2.2,,
2026-08-16T12:28:04.000Z,M20-403-2-02857,1470918484,43.91418,4.57670,21720.9,6.7,4.5,345.7,-53.5,0.0,42.5,0x20,405.002,15.4,2625,-1,2.2,,
2026-08-16T12:28:05.000Z,M20-403-2-02857,1470918485,43.91422,4.57669,21726.6,4.4,3.8,355.0,-53.5,0.0,42.5,0x20,405.002,15.5,2625,-1,2.2,,
2026-08-16T12:28:06.000Z,M20-403-2-02857,1470918486,43.91426,4.57669,21731.6,5.8,5.0,11.1,-53.5,0.0,42.5,0x20,405.002,15.5,2625,-1,2.2,,
2026-08-16T12:28:07.000Z,M20-403-2-02857,1470918487,43.91431,4.57671,21736.8,5.0,7.2,16.8,-53.5,0.0,42.4,0x20,405.002,15.1,2625,-1,2.2,,
2026-08-16T12:28:08.000Z,M20-403-2-02857,1470918488,43.91438,4.57674,21741.5,4.6,8.3,18.4,-53.5,0.0,42.4,0x20,405.002,12.6,2625,-1,2.2,,
2026-08-16T12:28:09.000Z,M20-403-2-02857,1470918489,43.91444,4.57677,21747.8,7.8,6.4,25.2,-53.5,0.0,42.3,0x20,405.002,3.5,2625,-1,2.2,,
2026-08-16T12:28:10.000Z,M20-403-2-02857,1470918490,43.91448,4.57680,21753.4,3.1,4.6,28.5,-53.5,0.0,42.3,0x20,405.002,3.2,2625,-1,2.2,,
2026-08-16T12:28:11.000Z,M20-403-2-02857,1470918491,43.91451,4.57682,21757.4,4.7,2.4,14.5,-53.5,0.0,42.3,0x20,405.002,11.8,2625,-1,2.2,,
2026-08-16T12:28:12.000Z,M20-403-2-02857,1470918492,43.91454,4.57683,21762.3,5.1,3.7,8.5,-53.5,0.0,42.2,0x20,405.002,12.2,2625,-1,2.2,,
2026-08-16T12:28:13.000Z,M20-403-2-02857,1470918493,43.91457,4.57683,21767.2,4.4,4.4,359.7,-53.5,0.0,42.2,0x20,405.002,17.1,2625,-1,2.2,,
2026-08-16T12:28:14.000Z,M20-403-2-02857,1470918494,43.91461,4.57683,21772.7,6.6,3.6,348.3,-53.6,0.0,42.1,0x20,405.002,17.1,2625,-1,2.2,,
2026-08-16T12:28:15.000Z,M20-403-2-02857,1470918495,43.91464,4.57681,21778.4,4.8,2.6,342.4,-53.6,0.0,42.1,0x20,405.002,15.1,2625,-1,2.2,,
2026-08-16T12:28:16.000Z,M20-403-2-02857,1470918496,43.91466,4.57681,21784.1,6.2,3.0,3.6,-53.6,0.0,42.1,0x20,405.002,15.1,2625,-1,2.2,,
2026-08-16T12:28:17.000Z,M20-403-2-02857,1470918497,43.91470,4.57682,21789.7,5.0,5.3,14.0,-53.7,0.0,42.0,0x20,405.002,14.3,2625,-1,2.2,,
2026-08-16T12:28:18.000Z,M20-403-2-02857,1470918498,43.91474,4.57684,21794.9,5.2,5.4,17.9,-53.6,0.0,42.0,0x20,405.002,14.3,2625,-1,2.2,,
2026-08-16T12:28:19.000Z,M20-403-2-02857,1470918499,43.91478,4.57685,21801.0,7.1,3.2,15.8,-53.6,0.0,42.0,0x20,405.002,16.0,2625,-1,2.2,,
2026-08-16T12:28:20.000Z,M20-403-2-02857,1470918500,43.91480,4.57686,21805.9,2.5,1.1,349.3,-53.6,0.0,41.9,0x20,405.002,16.0,2625,-1,2.2,,
2026-08-16T12:28:21.000Z,M20-403-2-02857,1470918501,43.91481,4.57685,21809.7,5.2,1.6,297.5,-53.6,0.0,41.9,0x20,405.002,10.0,2625,-1,2.2,,
2026-08-16T12:28:22.000Z,M20-403-2-02857,1470918502,43.91482,4.57683,21815.1,5.5,2.6,324.1,-53.6,0.0,41.8,0x20,405.002,3.2,2625,-1,2.2,,
2026-08-16T12:28:23.000Z,M20-403-2-02857,1470918503,43.91485,4.57681,21820.0,4.4,4.1,342.8,-53.6,0.0,41.8,0x20,405.002,3.4,2625,-1,2.2,,
2026-08-16T12:28:24.000Z,M20-403-2-02857,1470918504,43.91488,4.57679,21825.3,6.2,4.1,344.3,-53.6,0.0,41.8,0x20,405.002,8.3,2625,-1,2.2,,
2026-08-16T12:28:25.000Z,M20-403-2-02857,1470918505,43.91491,4.57678,21831.0,5.0,2.8,327.6,-53.7,0.0,41.7,0x20,405.002,14.1,2625,-1,2.2,,
2026-08-16T12:28:26.000Z,M20-403-2-02857,1470918506,43.91493,4.57676,21836.0,4.8,1.7,328.2,-53.7,0.0,41.7,0x20,405.002,14.5,2625,-1,2.2,,
2026-08-16T12:28:27.000Z,M20-403-2-02857,1470918507,43.91495,4.57676,21841.7,6.5,2.0,2.3,-53.7,0.0,41.7,0x20,405.002,14.5,2625,-1,2.2,,
2026-08-16T12:28:28.000Z,M20-403-2-02857,1470918508,43.91497,4.57676,21847.0,3.9,2.8,1.0,-53.7,0.0,41.6,0x20,405.002,14.2,2625,-1,2.2,,
2026-08-16T12:28:29.000Z,M20-403-2-02857,1470918509,43.91499,4.57675,21852.5,7.0,1.8,334.3,-53.7,0.0,41.6,0x20,405.002,14.2,2625,-1,2.2,,
2026-08-16T12:28:30.000Z,M20-403-2-02857,1470918510,43.91500,4.57674,21858.2,4.2,1.9,277.0,-53.7,0.0,41.6,0x20,405.002,15.5,2625,-1,2.2,,
2026-08-16T12:28:31.000Z,M20-403-2-02857,1470918511,43.91500,4.57671,21862.7,4.8,3.1,268.4,-53.7,0.0,41.5,0x20,405.002,15.5,2625,-1,2.2,,
2026-08-16T12:28:32.000Z,M20-403-2-02857,1470918512,43.91500,4.57666,21868.2,6.3,4.2,287.1,-53.7,0.0,41.5,0x20,405.002,14.0,2625,-1,2.2,,
2026-08-16T12:28:33.000Z,M20-403-2-02857,1470918513,43.91502,4.57662,21873.1,3.5,4.4,310.0,-53.7,0.0,41.5,0x20,405.002,14.0,2625,-1,2.2,,
2026-08-16T12:28:34.000Z,M20-403-2-02857,1470918514,43.91505,4.57658,21878.4,7.0,3.9,319.4,-53.8,0.0,41.4,0x20,405.002,5.5,2625,-1,2.2,,
2026-08-16T12:28:35.000Z,M20-403-2-02857,1470918515,43.91506,4.57655,21884.2,4.8,2.6,294.5,-53.8,0.0,41.4,0x20,405.002,3.0,2625,-1,2.2,,
2026-08-16T12:28:36.000Z,M20-403-2-02857,1470918516,43.91508,4.57652,21888.9,4.5,2.7,292.4,-53.8,0.0,41.3,0x20,405.002,2.9,2625,-1,2.2,,
2026-08-16T12:28:37.000Z,M20-403-2-02857,1470918517,43.91509,4.57649,21893.8,5.2,2.0,317.0,-53.8,0.0,41.3,0x20,405.002,11.4,2625,-1,2.2,,
2026-08-16T12:28:38.000Z,M20-403-2-02857,1470918518,43.91510,4.57648,21899.0,4.9,2.4,328.0,-53.8,0.0,41.3,0x20,405.002,14.9,2625,-1,2.2,,
2026-08-16T12:28:39.000Z,M20-403-2-02857,1470918519,43.91511,4.57646,21904.7,6.5,2.0,262.8,-53.8,0.0,41.2,0x20,405.002,14.9,2625,-1,2.2,,
2026-08-16T12:28:40.000Z,M20-403-2-02857,1470918520,43.91510,4.57643,21910.1,4.0,3.4,242.2,-53.8,0.0,41.2,0x20,405.002,10.6,2625,-1,2.2,,
2026-08-16T12:28:41.000Z,M20-403-2-02857,1470918521,43.91509,4.57638,21914.8,5.2,4.2,252.4,-53.8,0.0,41.2,0x20,405.002,11.1,2625,-1,2.2,,
2026-08-16T12:28:42.000Z,M20-403-2-02857,1470918522,43.91509,4.57633,21919.8,4.8,4.2,285.7,-53.8,0.0,41.1,0x20,405.002,11.8,2625,-1,2.2,,
2026-08-16T12:28:43.000Z,M20-403-2-02857,1470918523,43.91511,4.57628,21924.1,3.6,5.2,307.5,-53.7,0.0,41.1,0x20,405.002,14.1,2625,-1,2.2,,
2026-08-16T12:28:44.000Z,M20-403-2-02857,1470918524,43.91514,4.57622,21928.9,5.9,6.3,301.0,-53.7,0.0,41.1,0x20,405.002,15.4,2625,-1,2.2,,
2026-08-16T12:28:45.000Z,M20-403-2-02857,1470918525,43.91516,4.57615,21934.6,5.4,6.3,285.7,-53.7,0.0,41.0,0x20,405.002,15.4,2625,-1,2.2,,
2026-08-16T12:28:46.000Z,M20-403-2-02857,1470918526,43.91517,4.57608,21939.8,4.9,5.8,265.1,-53.6,0.0,41.0,0x20,405.002,13.8,2625,-1,2.2,,
2026-08-16T12:28:47.000Z,M20-403-2-02857,1470918527,43.91516,4.57602,21945.2,5.6,4.1,253.1,-53.6,0.0,40.9,0x20,405.002,13.8,2625,-1,2.2,,
2026-08-16T12:28:48.000Z,M20-403-2-02857,1470918528,43.91515,4.57598,21950.2,4.4,2.2,267.7,-53.6,0.0,40.9,0x20,405.002,3.6,2625,-1,2.2,,
2026-08-16T12:28:49.000Z,M20-403-2-02857,1470918529,43.91515,4.57596,21955.6,6.1,2.1,248.8,-53.5,0.0,40.9,0x20,405.002,3.6,2625,-1,2.2,,
2026-08-16T12:28:50.000Z,M20-403-2-02857,1470918530,43.91514,4.57592,21962.0,6.7,3.9,232.6,-53.5,0.0,40.8,0x20,405.002,11.6,2625,-1,2.2,,
2026-08-16T12:28:51.000Z,M20-403-2-02857,1470918531,43.91511,4.57588,21967.1,3.5,5.6,236.3,-53.5,0.0,40.8,0x20,405.002,11.6,2625,-1,2.2,,
2026-08-16T12:28:52.000Z,M20-403-2-02857,1470918532,43.91509,4.57581,21972.1,7.0,6.3,262.0,-53.4,0.0,40.8,0x20,405.002,11.0,2625,-1,2.2,,
2026-08-16T12:28:53.000Z,M20-403-2-02857,1470918533,43.91510,4.57573,21977.1,3.4,6.0,281.1,-53.4,0.0,40.7,0x20,405.002,14.6,2625,-1,2.2,,
2026-08-16T12:28:54.000Z,M20-403-2-02857,1470918534,43.91511,4.57566,21981.6,5.8,5.8,285.0,-53.4,0.0,40.7,0x20,405.002,14.6,2625,-1,2.2,,
2026-08-16T12:28:55.000Z,M20-403-2-02857,1470918535,43.91511,4.57559,21987.5,6.2,5.8,262.7,-53.4,0.0,40.7,0x20,405.002,11.4,2625,-1,2.2,,
2026-08-16T12:28:56.000Z,M20-403-2-02857,1470918536,43.91510,4.57552,21992.1,3.1,6.6,254.2,-53.3,0.0,40.6,0x20,405.002,12.0,2625,-1,2.2,,
2026-08-16T12:28:57.000Z,M20-403-2-02857,1470918537,43.91508,4.57545,21997.0,6.7,5.3,246.3,-53.4,0.0,40.6,0x20,405.002,12.2,2625,-1,2.2,,
2026-08-16T12:28:58.000Z,M20-403-2-02857,1470918538,43.91507,4.57539,22002.7,4.6,4.7,261.8,-53.3,0.0,40.6,0x20,405.002,14.1,2625,-1,2.2,,
2026-08-16T12:28:59.000Z,M20-403-2-02857,1470918539,43.91507,4.57533,22007.9,5.8,5.4,277.2,-53.2,0.0,40.5,0x20,405.002,14.1,2625,-1,2.2,,
2026-08-16T12:29:00.000Z,M20-403-2-02857,1470918540,43.91507,4.57525,22013.4,5.0,7.2,263.1,-53.2,0.0,40.5,0x20,405.002,3.5,2625,-1,2.2,,
2026-08-16T12:29:01.000Z,M20-403-2-02857,1470918541,43.91506,4.57515,22018.0,4.2,9.0,261.6,-53.2,0.0,40.4,0x20,405.002,3.4,2625,-1,2.2,,
2026-08-16T12:29:02.000Z,M20-403-2-02857,1470918542,43.91506,4.57504,22022.7,5.0,9.8,272.9,-53.2,0.0,40.4,0x20,405.002,3.4,2625,-1,2.2,,
2026-08-16T12:29:03.000Z,M20-403-2-02857,1470918543,43.91507,4.57492,22028.1,5.4,10.0,286.1,-53.2,0.0,40.4,0x20,405.002,11.3,2625,-1,2.2,,
2026-08-16T12:29:04.000Z,M20-403-2-02857,1470918544,43.91510,4.57481,22033.3,5.0,8.7,294.5,-53.2,0.0,40.4,0x20,405.002,11.5,2625,-1,2.2,,
2026-08-16T12:29:05.000Z,M20-403-2-02857,1470918545,43.91513,4.57472,22038.0,4.1,7.5,290.4,-53.1,0.0,40.3,0x20,405.002,13.2,2625,-1,2.2,,
2026-08-16T12:29:06.000Z,M20-403-2-02857,1470918546,43.91514,4.57464,22042.9,5.5,6.1,268.3,-53.1,0.0,40.3,0x20,405.002,13.2,2625,-1,2.2,,
2026-08-16T12:29:07.000Z,M20-403-2-02857,1470918547,43.91513,4.57456,22048.0,4.8,7.4,241.5,-53.1,0.0,40.3,0x20,405.002,11.9,2625,-1,2.2,,
2026-08-16T12:29:08.000Z,M20-403-2-02857,1470918548,43.91509,4.57448,22052.5,4.3,8.2,234.9,-53.1,0.0,40.2,0x20,405.002,11.9,2625,-1,2.2,,
2026-08-16T12:29:09.000Z,M20-403-2-02857,1470918549,43.91506,4.57440,22058.2,7.4,6.7,257.6,-53.1,0.0,40.2,0x20,405.002,10.5,2625,-1,2.2,,
2026-08-16T12:29:10.000Z,M20-403-2-02857,1470918550,43.91507,4.57432,22064.1,4.6,7.3,292.3,-53.1,0.0,40.1,0x20,405.002,13.6,2625,-1,2.2,,
2026-08-16T12:29:11.000Z,M20-403-2-02857,1470918551,43.91510,4.57423,22067.6,2.2,9.4,306.2,-53.0,0.0,40.1,0x20,405.002,14.6,2625,-1,2.2,,
2026-08-16T12:29:12.000Z,M20-403-2-02857,1470918552,43.91516,4.57412,22071.5,5.6,11.5,306.1,-53.0,0.0,40.1,0x20,405.002,14.6,2625,-1,2.2,,
2026-08-16T12:29:13.000Z,M20-403-2-02857,1470918553,43.91521,4.57400,22076.8,5.1,11.0,292.3,-53.0,0.0,40.1,0x20,405.002,12.0,2625,-1,2.2,,
2026-08-16T12:29:14.000Z,M20-403-2-02857,1470918554,43.91524,4.57387,22081.3,4.1,11.0,279.5,-53.0,0.0,40.0,0x20,405.002,3.1,2625,-1,2.2,,
2026-08-16T12:29:15.000Z,M20-403-2-02857,1470918555,43.91525,4.57374,22086.4,6.6,9.8,272.7,-53.0,0.0,40.0,0x20,405.002,4.1,2625,-1,2.2,,
2026-08-16T12:29:16.000Z,M20-403-2-02857,1470918556,43.91526,4.57363,22091.6,4.2,8.7,279.9,-53.0,0.0,39.9,0x20,405.002,11.3,2625,-1,2.2,,
2026-08-16T12:29:17.000Z,M20-403-2-02857,1470918557,43.91527,4.57354,22096.2,5.2,6.5,285.6,-53.0,0.0,39.9,0x20,405.002,14.7,2625,-1,2.2,,
2026-08-16T12:29:18.000Z,M20-403-2-02857,1470918558,43.91528,4.57346,22101.4,5.1,5.7,278.0,-53.0,0.0,39.9,0x20,405.002,15.1,2625,-1,2.2,,
2026-08-16T12:29:19.000Z,M20-403-2-02857,1470918559,43.91529,4.57339,22106.2,5.1,6.1,281.3,-53.0,0.0,39.9,0x20,405.002,15.1,2625,-1,2.2,,
2026-08-16T12:29:20.000Z,M20-403-2-02857,1470918560,43.91532,4.57331,22112.4,7.7,8.7,299.0,-53.0,0.0,39.8,0x20,405.002,13.2,2625,-1,2.2,,
2026-08-16T12:29:21.000Z,M20-403-2-02857,1470918561,43.91537,4.57321,22118.2,3.7,11.1,307.1,-53.0,0.0,39.8,0x20,405.002,12.3,2625,-1,2.2,,
2026-08-16T12:29:22.000Z,M20-403-2-02857,1470918562,43.91543,4.57309,22122.3,4.8,12.9,305.3,-52.9,0.0,39.8,0x20,405.002,13.4,2625,-1,2.2,,
2026-08-16T12:29:23.000Z,M20-403-2-02857,1470918563,43.91549,4.57296,22127.7,5.8,11.6,296.2,-52.9,0.0,39.7,0x20,405.002,14.4,2625,-1,2.2,,
2026-08-16T12:29:24.000Z,M20-403-2-02857,1470918564,43.91553,4.57283,22132.5,3.7,10.5,287.7,-52.9,0.0,39.7,0x20,405.002,14.4,2625,-1,2.2,,
2026-08-16T12:29:25.000Z,M20-403-2-02857,1470918565,43.91555,4.57272,22137.3,6.5,8.4,286.0,-52.9,0.0,39.6,0x20,405.002,11.5,2625,-1,2.2,,
2026-08-16T12:29:26.000Z,M20-403-2-02857,1470918566,43.91558,4.57263,22142.8,5.2,7.5,299.5,-52.9,0.0,39.6,0x20,405.002,7.6,2625,-1,2.2,,
2026-08-16T12:29:27.000Z,M20-403-2-02857,1470918567,43.91561,4.57256,22147.2,3.6,6.5,314.1,-52.8,0.0,39.6,0x20,405.002,3.3,2625,-1,2.2,,
2026-08-16T12:29:28.000Z,M20-403-2-02857,1470918568,43.91565,4.57251,22151.8,5.9,4.9,319.8,-52.8,0.0,39.6,0x20,405.002,3.4,2625,-1,2.2,,
2026-08-16T12:29:29.000Z,M20-403-2-02857,1470918569,43.91568,4.57247,22157.2,5.3,4.4,313.9,-52.8,0.0,39.5,0x20,405.002,10.9,2625,-1,2.2,,
2026-08-16T12:29:30.000Z,M20-403-2-02857,1470918570,43.91571,4.57243,22162.7,5.8,5.8,304.1,-52.8,0.0,39.5,0x20,405.002,10.9,2625,-1,2.2,,
2026-08-16T12:29:31.000Z,M20-403-2-02857,1470918571,43.91575,4.57235,22167.8,5.5,9.6,306.7,-52.7,0.0,39.4,0x20,405.002,9.3,2625,-1,2.2,,
2026-08-16T12:29:32.000Z,M20-403-2-02857,1470918572,43.91581,4.57224,22172.1,3.2,12.3,309.9,-52.7,0.0,39.4,0x20,405.002,11.3,2625,-1,2.2,,
2026-08-16T12:29:33.000Z,M20-403-2-02857,1470918573,43.91588,4.57212,22176.3,5.3,12.7,305.5,-52.6,0.0,39.4,0x20,405.002,15.3,2625,-1,2.2,,
2026-08-16T12:29:34.000Z,M20-403-2-02857,1470918574,43.91593,4.57199,22182.0,6.0,10.4,295.1,-52.5,0.0,39.4,0x20,405.002,15.3,2625,-1,2.2,,
2026-08-16T12:29:35.000Z,M20-403-2-02857,1470918575,43.91596,4.57189,22187.0,4.1,8.0,291.8,-52.5,0.0,39.4,0x20,405.002,15.3,2625,-1,2.2,,
2026-08-16T12:29:36.000Z,M20-403-2-02857,1470918576,43.91599,4.57181,22191.2,4.4,5.6,303.6,-52.4,0.0,39.3,0x20,405.002,16.3,2625,-1,2.2,,
2026-08-16T12:29:37.000Z,M20-403-2-02857,1470918577,43.91603,4.57177,22196.1,5.5,7.1,333.8,-52.4,0.0,39.3,0x20,405.002,16.3,2625,-1,2.2,,
2026-08-16T12:29:38.000Z,M20-403-2-02857,1470918578,43.91610,4.57172,22201.0,4.5,9.3,337.9,-52.3,0.0,39.2,0x20,405.002,14.7,2625,-1,2.2,,
2026-08-16T12:29:39.000Z,M20-403-2-02857,1470918579,43.91618,4.57167,22205.5,4.9,10.0,331.7,-52.3,0.0,39.2,0x20,405.002,10.1,2625,-1,2.2,,
2026-08-16T12:29:40.000Z,M20-403-2-02857,1470918580,43.91625,4.57160,22210.8,5.8,8.9,318.9,-52.3,0.0,39.2,0x20,405.002,2.7,2625,-1,2.2,,
2026-08-16T12:29:41.000Z,M20-403-2-02857,1470918581,43.91630,4.57153,22215.7,4.2,8.7,309.0,-52.3,0.0,39.1,0x20,405.002,2.7,2625,-1,2.2,,
2026-08-16T12:29:42.000Z,M20-403-2-02857,1470918582,43.91635,4.57143,22220.2,4.9,9.2,300.2,-52.2,0.0,39.1,0x20,405.002,8.3,2625,-1,2.2,,
2026-08-16T12:29:43.000Z,M20-403-2-02857,1470918583,43.91640,4.57133,22225.9,6.4,10.4,306.0,-52.2,0.0,39.1,0x20,405.002,11.3,2625,-1,2.2,,
2026-08-16T12:29:44.000Z,M20-403-2-02857,1470918584,43.91645,4.57123,22230.8,3.7,10.0,313.2,-52.2,0.0,39.0,0x20,405.002,14.2,2625,-1,2.2,,
2026-08-16T12:29:45.000Z,M20-403-2-02857,1470918585,43.91651,4.57116,22235.3,5.5,7.6,328.6,-52.1,0.0,39.0,0x20,405.002,14.2,2625,-1,2.2,,
2026-08-16T12:29:46.000Z,M20-403-2-02857,1470918586,43.91656,4.57113,22240.0,3.6,4.4,341.0,-52.1,0.0,39.0,0x20,405.002,13.5,2625,-1,2.2,,
2026-08-16T12:29:47.000Z,M20-403-2-02857,1470918587,43.91660,4.57111,22244.5,5.5,3.8,343.2,-52.0,0.0,39.0,0x20,405.002,12.2,2625,-1,2.2,,
2026-08-16T12:29:48.000Z,M20-403-2-02857,1470918588,43.91664,4.57109,22250.2,6.4,5.9,329.6,-52.0,0.0,38.9,0x20,405.002,16.2,2625,-1,2.2,,
2026-08-16T12:29:49.000Z,M20-403-2-02857,1470918589,43.91669,4.57104,22254.9,3.6,7.9,323.0,-52.0,0.0,38.9,0x20,405.002,16.2,2625,-1,2.2,,
2026-08-16T12:29:50.000Z,M20-403-2-02857,1470918590,43.91674,4.57096,22259.5,6.2,9.3,308.0,-51.9,0.0,38.9,0x20,405.002,13.2,2625,-1,2.2,,
2026-08-16T12:29:51.000Z,M20-403-2-02857,1470918591,43.91679,4.57087,22264.8,4.3,8.7,300.2,-51.9,0.0,38.8,0x20,405.002,13.2,2625,-1,2.2,,
2026-08-16T12:29:52.000Z,M20-403-2-02857,1470918592,43.91682,4.57078,22269.5,5.2,8.0,298.8,-51.9,0.0,38.8,0x20,405.002,5.7,2625,-1,2.2,,
2026-08-16T12:29:53.000Z,M20-403-2-02857,1470918593,43.91686,4.57070,22275.0,5.5,7.9,312.6,-52.0,0.0,38.7,0x20,405.002,3.6,2625,-1,2.2,,
2026-08-16T12:29:54.000Z,M20-403-2-02857,1470918594,43.91692,4.57063,22279.1,2.8,7.8,322.7,-51.9,0.0,38.7,0x20,405.002,3.6,2625,-1,2.2,,
2026-08-16T12:29:55.000Z,M20-403-2-02857,1470918595,43.91697,4.57058,22283.9,6.9,6.6,332.1,-51.9,0.0,38.7,0x20,405.002,9.6,2625,-1,2.2,,
2026-08-16T12:29:56.000Z,M20-403-2-02857,1470918596,43.91702,4.57055,22289.6,4.5,5.0,334.3,-51.9,0.0,38.6,0x20,405.002,10.4,2625,-1,2.2,,
2026-08-16T12:29:57.000Z,M20-403-2-02857,1470918597,43.91705,4.57052,22294.4,5.0,4.0,324.2,-51.9,0.0,38.6,0x20,405.002,11.1,2625,-1,2.2,,
2026-08-16T12:29:58.000Z,M20-403-2-02857,1470918598,43.91709,4.57048,22300.2,6.8,6.0,317.4,-51.9,0.0,38.6,0x20,405.002,13.5,2625,-1,2.2,,
2026-08-16T12:29:59.000Z,M20-403-2-02857,1470918599,43.91713,4.57043,22305.8,4.8,7.3,313.2,-51.9,0.0,38.5,0x20,405.002,13.5,2625,-1,2.2,,
2026-08-16T12:30:00.000Z,M20-403-2-02857,1470918600,43.91717,4.57035,22311.4,6.9,7.9,303.4,-51.9,0.0,38.5,0x20,405.002,13.7,2625,-1,2.2,,
2026-08-16T12:30:01.000Z,M20-403-2-02857,1470918601,43.91720,4.57027,22316.9,4.2,6.9,294.9,-51.9,0.0,38.5,0x20,405.002,13.7,2625,-1,2.2,,
2026-08-16T12:30:02.000Z,M20-403-2-02857,1470918602,43.91723,4.57020,22321.5,5.3,5.4,305.2,-51.9,0.0,38.5,0x20,405.002,11.6,2625,-1,2.2,,
2026-08-16T12:30:03.000Z,M20-403-2-02857,1470918603,43.91727,4.57016,22326.8,5.5,5.7,334.4,-51.9,0.0,38.4,0x20,405.002,11.6,2625,-1,2.2,,
2026-08-16T12:30:04.000Z,M20-403-2-02857,1470918604,43.91732,4.57014,22331.3,4.0,7.0,350.2,-51.9,0.0,38.4,0x20,405.002,12.3,2625,-1,2.2,,
2026-08-16T12:30:05.000Z,M20-403-2-02857,1470918605,43.91737,4.57013,22336.9,7.2,5.6,359.4,-51.9,0.0,38.4,0x20,405.002,12.3,2625,-1,2.2,,
2026-08-16T12:30:06.000Z,M20-403-2-02857,1470918606,43.91742,4.57013,22342.4,4.0,4.0,353.6,-52.0,0.0,38.3,0x20,405.002,3.0,2625,-1,2.2,,
2026-08-16T12:30:08.000Z,M20-403-2-02857,1470918608,43.91747,4.57006,22352.3,4.8,5.9,302.6,-52.0,0.0,38.3,0x20,405.002,11.1,2625,-1,2.2,,
2026-08-16T12:30:09.000Z,M20-403-2-02857,1470918609,43.91750,4.56999,22356.8,4.3,7.5,298.1,-52.0,0.0,38.2,0x20,405.002,11.1,2625,-1,2.2,,
2026-08-16T12:30:10.000Z,M20-403-2-02857,1470918610,43.91753,4.56991,22362.0,6.2,6.9,291.8,-52.1,0.0,38.2,0x20,405.002,12.0,2625,-1,2.2,,
2026-08-16T12:30:11.000Z,M20-403-2-02857,1470918611,43.91755,4.56984,22367.6,5.0,4.9,283.4,-52.1,0.0,38.1,0x20,405.002,12.4,2625,-1,2.2,,
2026-08-16T12:30:12.000Z,M20-403-2-02857,1470918612,43.91756,4.56979,22372.1,4.2,3.3,288.6,-52.1,0.0,38.1,0x20,405.002,13.7,2625,-1,2.2,,
2026-08-16T12:30:13.000Z,M20-403-2-02857,1470918613,43.91757,4.56975,22377.3,6.3,4.1,302.6,-52.1,0.0,38.1,0x20,405.002,13.7,2625,-1,2.2,,
2026-08-16T12:30:14.000Z,M20-403-2-02857,1470918614,43.91760,4.56970,22382.7,4.3,5.6,310.3,-52.1,0.0,38.1,0x20,405.002,12.5,2625,-1,2.2,,
2026-08-16T12:30:15.000Z,M20-403-2-02857,1470918615,43.91763,4.56965,22387.7,5.7,5.8,306.4,-52.1,0.0,38.0,0x20,405.002,12.5,2625,-1,2.2,,
2026-08-16T12:30:16.000Z,M20-403-2-02857,1470918616,43.91766,4.56960,22393.5,5.9,4.2,300.8,-52.1,0.0,38.0,0x20,405.002,11.9,2625,-1,2.2,,
2026-08-16T12:30:17.000Z,M20-403-2-02857,1470918617,43.91767,4.56956,22398.2,3.6,3.3,284.0,-52.1,0.0,38.0,0x20,405.002,11.9,2625,-1,2.2,,
2026-08-16T12:30:18.000Z,M20-403-2-02857,1470918618,43.91768,4.56951,22402.5,5.4,4.4,282.3,-52.0,0.0,37.9,0x20,405.002,6.8,2625,-1,2.2,,
2026-08-16T12:30:19.000Z,M20-403-2-02857,1470918619,43.91769,4.56944,22407.8,5.5,6.5,288.3,-52.1,0.0,37.9,0x20,405.002,3.2,2625,-1,2.2,,
2026-08-16T12:30:20.000Z,M20-403-2-02857,1470918620,43.91772,4.56937,22412.7,4.7,7.1,294.6,-52.1,0.0,37.9,0x20,405.002,3.2,2625,-1,2.2,,
2026-08-16T12:30:21.000Z,M20-403-2-02857,1470918621,43.91774,4.56930,22418.0,6.1,5.3,301.2,-52.1,0.0,37.9,0x20,405.002,6.4,2625,-1,2.2,,
2026-08-16T12:30:22.000Z,M20-403-2-02857,1470918622,43.91776,4.56926,22423.5,4.8,2.4,309.2,-52.2,0.0,37.8,0x20,405.002,12.0,2625,-1,2.2,,
2026-08-16T12:30:23.000Z,M20-403-2-02857,1470918623,43.91777,4.56924,22427.8,4.0,1.1,342.4,-52.2,0.0,37.8,0x20,405.002,13.5,2625,-1,2.2,,
2026-08-16T12:30:24.000Z,M20-403-2-02857,1470918624,43.91778,4.56923,22432.9,6.4,1.7,289.8,-52.2,0.0,37.7,0x20,405.002,13.5,2625,-1,2.2,,
2026-08-16T12:30:25.000Z,M20-403-2-02857,1470918625,43.91779,4.56920,22438.1,4.2,4.3,287.1,-52.2,0.0,37.7,0x20,405.002,10.1,2625,-1,2.2,,
2026-08-16T12:30:26.000Z,M20-403-2-02857,1470918626,43.91780,4.56914,22442.1,4.0,5.9,287.8,-52.2,0.0,37.7,0x20,405.002,13.0,2625,-1,2.2,,
2026-08-16T12:30:27.000Z,M20-403-2-02857,1470918627,43.91782,4.56907,22447.2,6.9,5.1,291.4,-52.2,0.0,37.6,0x20,405.002,13.0,2625,-1,2.2,,
2026-08-16T12:30:28.000Z,M20-403-2-02857,1470918628,43.91784,4.56902,22452.3,4.8,3.5,301.4,-52.3,0.0,37.6,0x20,405.002,12.8,2625,-1,2.2,,
2026-08-16T12:30:29.000Z,M20-403-2-02857,1470918629,43.91785,4.56899,22456.7,4.7,1.9,288.9,-52.3,0.0,37.6,0x20,405.002,12.6,2625,-1,2.2,,
2026-08-16T12:30:30.000Z,M20-403-2-02857,1470918630,43.91786,4.56896,22462.0,5.8,3.0,289.5,-52.3,0.0,37.5,0x20,405.002,12.6,2625,-1,2.2,,
2026-08-16T12:30:31.000Z,M20-403-2-02857,1470918631,43.91787,4.56892,22467.4,5.2,3.9,277.5,-52.3,0.0,37.5,0x20,405.002,12.6,2625,-1,2.2,,
2026-08-16T12:30:32.000Z,M20-403-2-02857,1470918632,43.91787,4.56888,22472.5,5.3,2.8,264.1,-52.3,0.0,37.5,0x20,405.002,3.5,2625,-1,2.2,,
2026-08-16T12:30:33.000Z,M20-403-2-02857,1470918633,43.91786,4.56886,22477.7,5.2,1.4,188.6,-52.3,0.0,37.5,0x20,405.002,3.1,2625,-1,2.2,,
2026-08-16T12:30:34.000Z,M20-403-2-02857,1470918634,43.91785,4.56886,22482.2,4.0,1.9,148.4,-52.4,0.0,37.4,0x20,405.002,3.1,2625,-1,2.2,,
2026-08-16T12:30:35.000Z,M20-403-2-02857,1470918635,43.91784,4.56887,22487.2,5.9,0.6,90.0,-52.4,0.0,37.4,0x20,405.002,10.9,2625,-1,2.2,,
2026-08-16T12:30:36.000Z,M20-403-2-02857,1470918636,43.91785,4.56886,22493.1,6.0,3.4,308.6,-52.5,0.0,37.3,0x20,405.002,10.9,2625,-1,2.2,,
2026-08-16T12:30:37.000Z,M20-403-2-02857,1470918637,43.91788,4.56881,22497.6,2.9,6.4,307.0,-52.4,0.0,37.3,0x20,405.002,13.6,2625,-1,2.2,,
2026-08-16T12:30:38.000Z,M20-403-2-02857,1470918638,43.91791,4.56874,22501.9,5.5,7.4,295.1,-52.4,0.0,37.3,0x20,405.002,13.6,2625,-1,2.2,,
2026-08-16T12:30:39.000Z,M20-403-2-02857,1470918639,43.91793,4.56867,22508.5,7.8,5.3,283.3,-52.4,0.0,37.2,0x20,405.002,12.3,2625,-1,2.2,,
2026-08-16T12:30:40.000Z,M20-403-2-02857,1470918640,43.91793,4.56861,22513.7,3.0,3.5,261.6,-52.3,0.0,37.2,0x20,405.002,13.3,2625,-1,2.2,,
2026-08-16T12:30:41.000Z,M20-403-2-02857,1470918641,43.91792,4.56858,22518.7,6.8,2.3,225.0,-52.3,0.0,37.2,0x20,405.002,13.3,2625,-1,2.2,,
2026-08-16T12:30:42.000Z,M20-403-2-02857,1470918642,43.91791,4.56856,22524.2,4.2,2.5,238.2,-52.3,0.0,37.1,0x20,405.002,13.1,2625,-1,2.2,,
2026-08-16T12:30:43.000Z,M20-403-2-02857,1470918643,43.91790,4.56853,22529.3,6.4,3.0,245.2,-52.3,0.0,37.1,0x20,405.002,13.1,2625,-1,2.2,,
2026-08-16T12:30:44.000Z,M20-403-2-02857,1470918644,43.91789,4.56850,22535.8,6.7,1.9,229.2,-52.3,0.0,37.1,0x20,405.002,7.3,2625,-1,2.2,,
2026-08-16T12:30:45.000Z,M20-403-2-02857,1470918645,43.91788,4.56848,22541.6,4.7,1.6,241.2,-52.3,0.0,37.0,0x20,405.002,3.6,2625,-1,2.2,,
2026-08-16T12:30:46.000Z,M20-403-2-02857,1470918646,43.91789,4.56845,22547.5,7.1,4.3,293.6,-52.3,0.0,37.0,0x20,405.002,3.2,2625,-1,2.2,,
2026-08-16T12:30:47.000Z,M20-403-2-02857,1470918647,43.91791,4.56839,22553.1,4.0,6.8,303.3,-52.3,0.0,37.0,0x20,405.002,6.2,2625,-1,2.2,,
2026-08-16T12:30:48.000Z,M20-403-2-02857,1470918648,43.91795,4.56831,22557.5,6.2,8.2,299.3,-52.3,0.0,37.0,0x20,405.002,12.1,2625,-1,2.2,,
2026-08-16T12:30:49.000Z,M20-403-2-02857,1470918649,43.91798,4.56823,22563.3,6.5,5.2,292.1,-52.3,0.0,36.9,0x20,405.002,14.0,2625,-1,2.2,,
2026-08-16T12:30:50.000Z,M20-403-2-02857,1470918650,43.91799,4.56818,22567.5,3.1,3.7,270.6,-52.2,0.0,36.9,0x20,405.002,14.0,2625,-1,2.2,,
2026-08-16T12:30:51.000Z,M20-403-2-02857,1470918651,43.91798,4.56814,22571.8,5.7,2.8,246.3,-52.2,0.0,36.9,0x20,405.002,13.2,2625,-1,2.2,,
2026-08-16T12:30:52.000Z,M20-403-2-02857,1470918652,43.91797,4.56810,22577.8,6.5,3.6,260.3,-52.2,0.0,36.8,0x20,405.002,12.9,2625,-1,2.2,,
2026-08-16T12:30:53.000Z,M20-403-2-02857,1470918653,43.91797,4.56804,22583.3,4.9,4.7,266.0,-52.2,0.0,36.8,0x20,405.002,12.9,2625,-1,2.2,,
2026-08-16T12:30:54.000Z,M20-403-2-02857,1470918654,43.91797,4.56799,22588.3,5.4,4.5,266.7,-52.2,0.0,36.8,0x20,405.002,14.5,2625,-1,2.2,,
2026-08-16T12:30:55.000Z,M20-403-2-02857,1470918655,43.91796,4.56794,22594.0,6.0,3.8,255.0,-52.2,0.0,36.7,0x20,405.002,14.5,2625,-1,2.2,,
2026-08-16T12:30:56.000Z,M20-403-2-02857,1470918656,43.91795,4.56789,22599.3,5.3,3.7,256.4,-52.2,0.0,36.7,0x20,405.002,13.7,2625,-1,2.2,,
2026-08-16T12:30:57.000Z,M20-403-2-02857,1470918657,43.91795,4.56783,22604.7,6.0,5.0,280.3,-52.2,0.0,36.7,0x20,405.002,13.6,2625,-1,2.2,,
2026-08-16T12:30:58.000Z,M20-403-2-02857,1470918658,43.91797,4.56776,22610.5,5.3,7.4,297.5,-52.3,0.0,36.6,0x20,405.002,4.0,2625,-1,2.2,,
2026-08-16T12:30:59.000Z,M20-403-2-02857,1470918659,43.91800,4.56768,22615.6,5.1,7.8,303.0,-52.3,0.0,36.6,0x20,405.002,4.0,2625,-1,2.2,,
2026-08-16T12:31:00.000Z,M20-403-2-02857,1470918660,43.91804,4.56762,22621.8,7.5,4.9,307.8,-52.3,0.0,36.5,0x20,405.002,8.6,2625,-1,2.2,,
2026-08-16T12:31:01.000Z,M20-403-2-02857,1470918661,43.91806,4.56758,22627.2,3.6,2.3,310.4,-52.3,0.0,36.5,0x20,405.002,11.7,2625,-1,2.2,,
2026-08-16T12:31:02.000Z,M20-403-2-02857,1470918662,43.91806,4.56757,22630.7,3.7,0.6,258.5,-52.2,0.0,36.5,0x20,405.002,11.7,2625,-1,2.2,,
2026-08-16T12:31:03.000Z,M20-403-2-02857,1470918663,43.91806,4.56755,22635.9,6.8,2.2,260.7,-52.2,0.0,36.4,0x20,405.002,10.0,2625,-1,2.2,,
2026-08-16T12:31:05.000Z,M20-403-2-02857,1470918665,43.91808,4.56745,22646.9,4.8,6.2,293.1,-52.2,0.0,36.4,0x20,405.002,12.1,2625,-1,2.2,,
2026-08-16T12:31:06.000Z,M20-403-2-02857,1470918666,43.91810,4.56739,22652.7,6.8,5.4,296.5,-52.2,0.0,36.4,0x20,405.002,14.2,2625,-1,2.2,,
2026-08-16T12:31:07.000Z,M20-403-2-02857,1470918667,43.91812,4.56733,22657.9,3.5,4.6,297.4,-52.1,0.0,36.3,0x20,405.002,14.2,2625,-1,2.2,,
2026-08-16T12:31:08.000Z,M20-403-2-02857,1470918668,43.91815,4.56728,22662.5,5.2,5.6,312.6,-52.0,0.0,36.3,0x20,405.002,12.9,2625,-1,2.2,,
2026-08-16T12:31:09.000Z,M20-403-2-02857,1470918669,43.91819,4.56723,22667.9,5.4,6.6,314.0,-51.9,0.0,36.2,0x20,405.002,12.9,2625,-1,2.2,,
2026-08-16T12:31:10.000Z,M20-403-2-02857,1470918670,43.91823,4.56717,22673.9,6.2,7.1,318.7,-51.8,0.0,36.2,0x20,405.002,11.5,2625,-1,2.2,,
2026-08-16T12:31:11.000Z,M20-403-2-02857,1470918671,43.91827,4.56712,22680.8,7.3,4.0,305.9,-51.7,0.0,36.2,0x20,405.002,2.3,2625,-1,2.2,,
2026-08-16T12:31:12.000Z,M20-403-2-02857,1470918672,43.91828,4.56709,22686.2,3.5,2.0,296.7,-51.6,0.0,36.1,0x20,405.002,2.5,2625,-1,2.2,,
2026-08-16T12:31:13.000Z,M20-403-2-02857,1470918673,43.91828,4.56708,22689.8,3.8,0.6,220.3,-51.6,0.0,36.1,0x20,405.002,9.5,2625,-1,2.2,,
2026-08-16T12:31:14.000Z,M20-403-2-02857,1470918674,43.91828,4.56707,22695.3,6.8,1.4,275.3,-51.5,0.0,36.1,0x20,405.002,10.5,2625,-1,2.2,,
2026-08-16T12:31:15.000Z,M20-403-2-02857,1470918675,43.91828,4.56704,22701.3,4.7,2.8,281.2,-51.4,0.0,36.0,0x20,405.002,10.5,2625,-1,2.2,,
2026-08-16T12:31:16.000Z,M20-403-2-02857,1470918676,43.91829,4.56700,22707.2,7.0,4.1,279.6,-51.4,0.0,36.0,0x20,405.002,11.2,2625,-1,2.2,,
2026-08-16T12:31:17.000Z,M20-403-2-02857,1470918677,43.91830,4.56696,22713.4,5.2,3.4,272.2,-51.4,0.0,36.0,0x20,405.002,11.2,2625,-1,2.2,,
2026-08-16T12:31:18.000Z,M20-403-2-02857,1470918678,43.91830,4.56692,22718.6,4.8,2.5,278.6,-51.4,0.0,36.0,0x20,405.002,10.7,2625,-1,2.2,,
2026-08-16T12:31:19.000Z,M20-403-2-02857,1470918679,43.91831,4.56689,22723.8,5.7,3.1,291.4,-51.3,0.0,35.9,0x20,405.002,11.1,2625,-1,2.2,,
2026-08-16T12:31:20.000Z,M20-403-2-02857,1470918680,43.91832,4.56685,22729.5,5.3,4.3,306.9,-51.3,0.0,35.9,0x20,405.002,11.1,2625,-1,2.2,,
2026-08-16T12:31:21.000Z,M20-403-2-02857,1470918681,43.91835,4.56682,22735.3,6.5,3.6,325.6,-51.3,0.0,35.9,0x20,405.002,11.3,2625,-1,2.2,,
2026-08-16T12:31:22.000Z,M20-403-2-02857,1470918682,43.91837,4.56681,22741.6,6.2,1.1,15.3,-51.3,0.0,35.8,0x20,405.002,11.3,2625,-1,2.2,,
2026-08-16T12:31:23.000Z,M20-403-2-02857,1470918683,43.91837,4.56682,22747.0,4.5,1.4,107.7,-51.3,0.0,35.8,0x20,405.002,10.4,2625,-1,2.2,,
2026-08-16T12:31:25.000Z,M20-403-2-02857,1470918685,43.91834,4.56681,22758.1,5.2,3.3,247.7,-51.3,0.0,35.7,0x20,405.002,2.7,2625,-1,2.2,,
2026-08-16T12:31:26.000Z,M20-403-2-02857,1470918686,43.91834,4.56676,22763.2,5.0,4.4,264.9,-51.3,0.0,35.7,0x20,405.002,8.5,2625,-1,2.2,,
2026-08-16T12:31:27.000Z,M20-403-2-02857,1470918687,43.91833,4.56672,22769.3,7.1,2.6,268.3,-51.4,0.0,35.6,0x20,405.002,12.4,2625,-1,2.2,,
2026-08-16T12:31:28.000Z,M20-403-2-02857,1470918688,43.91833,4.56670,22775.0,4.1,1.2,236.3,-51.4,0.0,35.6,0x20,405.002,12.4,2625,-1,2.2,,
2026-08-16T12:31:29.000Z,M20-403-2-02857,1470918689,43.91833,4.56669,22779.7,5.3,0.4,121.0,-51.4,0.0,35.6,0x20,405.002,11.3,2625,-1,2.2,,
2026-08-16T12:31:30.000Z,M20-403-2-02857,1470918690,43.91833,4.56669,22785.3,5.8,1.0,349.9,-51.4,0.0,35.6,0x20,405.002,9.8,2625,-1,2.2,,
2026-08-16T12:31:31.000Z,M20-403-2-02857,1470918691,43.91834,4.56668,22790.6,5.0,1.8,301.0,-51.4,0.0,35.5,0x20,405.002,10.3,2625,-1,2.2,,
2026-08-16T12:31:32.000Z,M20-403-2-02857,1470918692,43.91834,4.56666,22796.9,7.4,2.5,230.6,-51.4,0.0,35.5,0x20,405.002,10.6,2625,-1,2.2,,
2026-08-16T12:31:33.000Z,M20-403-2-02857,1470918693,43.91832,4.56664,22802.9,4.4,3.6,206.3,-51.5,0.0,35.5,0x20,405.002,10.6,2625,-1,2.2,,
2026-08-16T12:31:34.000Z,M20-403-2-02857,1470918694,43.91829,4.56662,22807.9,5.6,4.1,201.3,-51.5,0.0,35.4,0x20,405.002,12.4,2625,-1,2.2,,
2026-08-16T12:31:35.000Z,M20-403-2-02857,1470918695,43.91826,4.56660,22813.6,5.8,3.8,221.4,-51.5,0.0,35.4,0x20,405.002,12.4,2625,-1,2.2,,
2026-08-16T12:31:36.000Z,M20-403-2-02857,1470918696,43.91824,4.56656,22819.0,5.0,3.2,247.6,-51.5,0.0,35.3,0x20,405.002,11.9,2625,-1,2.2,,
2026-08-16T12:31:37.000Z,M20-403-2-02857,1470918697,43.91824,4.56654,22825.7,8.4,0.3,257.3,-51.6,0.0,35.3,0x20,405.002,3.6,2625,-1,2.2,,
2026-08-16T12:31:38.000Z,M20-403-2-02857,1470918698,43.91823,4.56655,22831.5,3.2,1.6,116.1,-51.6,0.0,35.3,0x20,405.002,3.6,2625,-1,2.2,,
2026-08-16T12:31:39.000Z,M20-403-2-02857,1470918699,43.91822,4.56656,22836.4,6.4,2.2,127.6,-51.6,0.0,35.2,0x20,405.002,6.7,2625,-1,2.2,,
2026-08-16T12:31:40.000Z,M20-403-2-02857,1470918700,43.91821,4.56658,22842.8,6.4,0.8,182.8,-51.6,0.0,35.2,0x20,405.002,12.2,2625,-1,2.2,,
2026-08-16T12:31:41.000Z,M20-403-2-02857,1470918701,43.91820,4.56656,22848.5,5.0,3.0,222.1,-51.6,0.0,35.2,0x20,405.002,12.2,2625,-1,2.2,,
2026-08-16T12:31:42.000Z,M20-403-2-02857,1470918702,43.91817,4.56653,22854.4,6.5,5.4,209.9,-51.6,0.0,35.1,0x20,405.002,11.1,2625,-1,2.2,,
2026-08-16T12:31:43.000Z,M20-403-2-02857,1470918703,43.91812,4.56651,22859.2,3.0,6.0,194.1,-51.7,0.0,35.1,0x20,405.002,11.7,2625,-1,2.2,,
2026-08-16T12:31:44.000Z,M20-403-2-02857,1470918704,43.91807,4.56649,22863.8,6.2,5.9,192.2,-51.6,0.0,35.1,0x20,405.002,11.7,2625,-1,2.2,,
2026-08-16T12:31:46.000Z,M20-403-2-02857,1470918706,43.91800,4.56644,22874.7,4.7,3.6,224.3,-51.7,0.0,35.0,0x20,405.002,9.6,2625,-1,2.2,,
2026-08-16T12:31:47.000Z,M20-403-2-02857,1470918707,43.91798,4.56642,22880.5,6.8,2.5,199.2,-51.7,0.0,35.0,0x20,405.002,11.6,2625,-1,2.2,,
2026-08-16T12:31:48.000Z,M20-403-2-02857,1470918708,43.91795,4.56642,22887.2,6.5,4.0,158.6,-51.7,0.0,35.0,0x20,405.002,11.6,2625,-1,2.2,,
2026-08-16T12:31:49.000Z,M20-403-2-02857,1470918709,43.91791,4.56645,22892.7,4.7,5.9,152.2,-51.7,0.0,34.9,0x20,405.002,10.6,2625,-1,2.2,,
2026-08-16T12:31:52.000Z,M20-403-2-02857,1470918712,43.91781,4.56645,22909.9,4.8,3.5,228.9,-51.5,0.0,34.8,0x20,405.002,8.0,2625,-1,2.2,,
2026-08-16T12:31:53.000Z,M20-403-2-02857,1470918713,43.91778,4.56641,22915.1,5.8,3.9,227.7,-51.4,0.0,34.8,0x20,405.002,9.0,2625,-1,2.2,,
2026-08-16T12:31:54.000Z,M20-403-2-02857,1470918714,43.91775,4.56639,22921.4,6.8,3.9,193.2,-51.4,0.0,34.8,0x20,405.002,12.5,2625,-1,2.2,,
2026-08-16T12:31:55.000Z,M20-403-2-02857,1470918715,43.91771,4.56639,22926.6,3.7,5.8,173.5,-51.3,0.0,34.7,0x20,405.002,12.5,2625,-1,2.2,,
2026-08-16T12:31:56.000Z,M20-403-2-02857,1470918716,43.91766,4.56639,22931.3,6.1,5.9,183.2,-51.3,0.0,34.7,0x20,405.002,9.8,2625,-1,2.2,,
2026-08-16T12:31:57.000Z,M20-403-2-02857,1470918717,43.91762,4.56638,22937.2,5.9,4.2,205.8,-51.3,0.0,34.7,0x20,405.002,12.3,2625,-1,2.2,,
2026-08-16T12:31:58.000Z,M20-403-2-02857,1470918718,43.91759,4.56635,22942.0,3.9,3.0,232.6,-51.3,0.0,34.6,0x20,405.002,12.3,2625,-1,2.2,,
2026-08-16T12:31:59.000Z,M20-403-2-02857,1470918719,43.91758,4.56633,22947.0,5.8,1.4,268.4,-51.3,0.0,34.6,0x20,405.002,11.7,2625,-1,2.2,,
2026-08-16T12:32:00.000Z,M20-403-2-02857,1470918720,43.91758,4.56632,22952.8,5.7,0.5,68.2,-51.3,0.0,34.6,0x20,405.002,11.8,2625,-1,2.2,,
2026-08-16T12:32:01.000Z,M20-403-2-02857,1470918721,43.91758,4.56633,22958.1,5.0,1.3,133.1,-51.3,0.0,34.5,0x20,405.002,12.0,2625,-1,2.2,,
2026-08-16T12:32:02.000Z,M20-403-2-02857,1470918722,43.91757,4.56633,22964.2,7.3,2.4,214.1,-51.4,0.0,34.5,0x20,405.002,12.0,2625,-1,2.2,,
2026-08-16T12:32:03.000Z,M20-403-2-02857,1470918723,43.91755,4.56630,22970.2,4.9,4.5,234.2,-51.3,0.0,34.5,0x20,405.002,3.5,2625,-1,2.2,,
2026-08-16T12:32:04.000Z,M20-403-2-02857,1470918724,43.91752,4.56624,22975.4,5.4,7.1,230.8,-51.3,0.0,34.5,0x20,405.002,3.0,2625,-1,2.2,,
2026-08-16T12:32:05.000Z,M20-403-2-02857,1470918725,43.91746,4.56618,22980.5,5.1,8.0,213.6,-51.3,0.0,34.4,0x20,405.002,5.8,2625,-1,2.2,,
2026-08-16T12:32:06.000Z,M20-403-2-02857,1470918726,43.91740,4.56614,22985.5,4.6,8.5,195.5,-51.2,0.0,34.4,0x20,405.002,12.0,2625,-1,2.2,,
2026-08-16T12:32:07.000Z,M20-403-2-02857,1470918727,43.91733,4.56611,22991.2,6.3,7.9,189.5,-51.1,0.0,34.3,0x20,405.002,12.0,2625,-1,2.2,,
2026-08-16T12:32:08.000Z,M20-403-2-02857,1470918728,43.91727,4.56609,22997.3,5.7,5.8,200.8,-51.1,0.0,34.3,0x20,405.002,9.4,2625,-1,2.2,,
2026-08-16T12:32:09.000Z,M20-403-2-02857,1470918729,43.91724,4.56606,23003.6,6.8,4.1,243.9,-51.0,0.0,34.3,0x20,405.002,12.9,2625,-1,2.2,,
2026-08-16T12:32:10.000Z,M20-403-2-02857,1470918730,43.91723,4.56601,23009.2,4.3,4.6,284.7,-51.0,0.0,34.3,0x20,405.002,13.6,2625,-1,2.2,,
2026-08-16T12:32:11.000Z,M20-403-2-02857,1470918731,43.91725,4.56595,23013.9,5.4,4.4,295.8,-51.0,0.0,34.2,0x20,405.002,13.6,2625,-1,2.2,,
2026-08-16T12:32:12.000Z,M20-403-2-02857,1470918732,43.91725,4.56592,23020.7,8.4,2.2,227.2,-51.0,0.0,34.2,0x20,405.002,14.5,2625,-1,2.2,,
2026-08-16T12:32:13.000Z,M20-403-2-02857,1470918733,43.91723,4.56590,23026.8,4.0,3.9,188.9,-51.0,0.0,34.1,0x20,405.002,14.5,2625,-1,2.2,,
2026-08-16T12:32:14.000Z,M20-403-2-02857,1470918734,43.91718,4.56590,23031.7,6.0,7.3,187.1,-50.9,0.0,34.1,0x20,405.002,14.1,2625,-1,2.2,,
2026-08-16T12:32:15.000Z,M20-403-2-02857,1470918735,43.91711,4.56587,23038.0,6.9,8.0,202.8,-51.0,0.0,34.1,0x20,405.002,14.1,2625,-1,2.2,,
2026-08-16T12:32:16.000Z,M20-403-2-02857,1470918736,43.91704,4.56582,23043.6,4.4,9.0,214.8,-51.0,0.0,34.1,0x20,405.002,5.2,2625,-1,2.2,,
2026-08-16T12:32:17.000Z,M20-403-2-02857,1470918737,43.91698,4.56575,23049.3,7.3,9.2,220.3,-51.0,0.0,34.0,0x20,405.002,3.1,2625,-1,2.2,,
2026-08-16T12:32:18.000Z,M20-403-2-02857,1470918738,43.91692,4.56568,23055.3,4.7,8.6,217.0,-51.0,0.0,34.0,0x20,405.002,3.8,2625,-1,2.2,,
2026-08-16T12:32:19.000Z,M20-403-2-02857,1470918739,43.91686,4.56562,23060.7,6.5,7.1,221.1,-51.0,0.0,34.0,0x20,405.002,11.9,2625,-1,2.2,,
2026-08-16T12:32:20.000Z,M20-403-2-02857,1470918740,43.91683,4.56556,23066.8,5.8,5.9,239.4,-50.9,0.0,33.9,0x20,405.002,14.0,2625,-1,2.2,,
2026-08-16T12:32:21.000Z,M20-403-2-02857,1470918741,43.91680,4.56550,23072.4,5.5,5.4,248.9,-50.9,0.0,33.9,0x20,405.002,14.0,2625,-1,2.2,,
2026-08-16T12:32:22.000Z,M20-403-2-02857,1470918742,43.91678,4.56545,23079.0,7.8,4.4,220.6,-50.8,0.0,33.9,0x20,405.002,12.1,2625,-1,2.2,,
2026-08-16T12:32:23.000Z,M20-403-2-02857,1470918743,43.91674,4.56542,23085.4,5.4,6.0,195.6,-50.7,0.0,33.8,0x20,405.002,14.5,2625,-1,2.2,,
2026-08-16T12:32:24.000Z,M20-403-2-02857,1470918744,43.91668,4.56539,23090.8,5.7,8.4,194.3,-50.7,0.0,33.8,0x20,405.002,14.9,2625,-1,2.2,,
2026-08-16T12:32:25.000Z,M20-403-2-02857,1470918745,43.91661,4.56535,23097.0,6.8,8.7,210.5,-50.6,0.0,33.8,0x20,405.002,14.9,2625,-1,2.2,,
2026-08-16T12:32:26.000Z,M20-403-2-02857,1470918746,43.91655,4.56529,23102.8,5.7,8.8,225.4,-50.6,0.0,33.7,0x20,405.002,13.4,2625,-1,2.2,,
2026-08-16T12:32:27.000Z,M20-403-2-02857,1470918747,43.91650,4.56520,23107.8,5.0,8.0,240.6,-50.6,0.0,33.7,0x20,405.002,10.9,2625,-1,2.2,,
2026-08-16T12:32:28.000Z,M20-403-2-02857,1470918748,43.91647,4.56513,23113.7,7.2,5.7,242.9,-50.6,0.0,33.7,0x20,405.002,10.9,2625,-1,2.2,,
2026-08-16T12:32:29.000Z,M20-403-2-02857,1470918749,43.91645,4.56507,23119.8,5.2,4.7,225.9,-50.6,0.0,33.6,0x20,405.002,5.2,2625,-1,2.2,,
2026-08-16T12:32:30.000Z,M20-403-2-02857,1470918750,43.91642,4.56504,23124.6,5.0,4.3,209.9,-50.5,0.0,33.6,0x20,405.002,3.3,2625,-1,2.2,,
2026-08-16T12:32:31.000Z,M20-403-2-02857,1470918751,43.91638,4.56500,23130.6,7.2,5.9,222.7,-50.5,0.0,33.6,0x20,405.002,6.5,2625,-1,2.2,,
2026-08-16T12:32:32.000Z,M20-403-2-02857,1470918752,43.91634,4.56494,23136.5,4.8,7.8,235.2,-50.6,0.0,33.5,0x20,405.002,9.2,2625,-1,2.2,,
2026-08-16T12:32:33.000Z,M20-403-2-02857,1470918753,43.91629,4.56484,23142.1,6.7,9.9,236.9,-50.5,0.0,33.5,0x20,405.002,9.9,2625,-1,2.2,,
2026-08-16T12:32:34.000Z,M20-403-2-02857,1470918754,43.91624,4.56474,23148.7,6.8,10.8,227.6,-50.6,0.0,33.5,0x20,405.002,12.5,2625,-1,2.2,,
2026-08-16T12:32:35.000Z,M20-403-2-02857,1470918755,43.91618,4.56466,23154.4,4.7,9.5,221.8,-50.6,0.0,33.4,0x20,405.002,12.5,2625,-1,2.2,,
2026-08-16T12:32:36.000Z,M20-403-2-02857,1470918756,43.91612,4.56458,23160.7,8.3,7.2,230.1,-50.6,0.0,33.4,0x20,405.002,12.1,2625,-1,2.2,,
2026-08-16T12:32:37.000Z,M20-403-2-02857,1470918757,43.91609,4.56451,23166.8,3.9,6.6,246.6,-50.7,0.0,33.4,0x20,405.002,11.3,2625,-1,2.2,,
2026-08-16T12:32:38.000Z,M20-403-2-02857,1470918758,43.91607,4.56444,23172.2,7.0,5.7,260.4,-50.7,0.0,33.3,0x20,405.002,12.1,2625,-1,2.2,,
2026-08-16T12:32:39.000Z,M20-403-2-02857,1470918759,43.91606,4.56438,23179.6,7.9,4.0,242.2,-50.8,0.0,33.3,0x20,405.002,12.1,2625,-1,2.2,,
2026-08-16T12:32:40.000Z,M20-403-2-02857,1470918760,43.91604,4.56433,23185.7,4.8,5.3,224.9,-50.8,0.0,33.3,0x20,405.002,11.8,2625,-1,2.2,,
2026-08-16T12:32:41.000Z,M20-403-2-02857,1470918761,43.91600,4.56427,23191.8,7.9,8.8,230.0,-50.8,0.0,33.2,0x20,405.002,11.8,2625,-1,2.2,,
2026-08-16T12:32:42.000Z,M20-403-2-02857,1470918762,43.91595,4.56417,23197.8,4.6,10.8,239.3,-50.9,0.0,33.2,0x20,405.002,3.9,2625,-1,2.2,,
2026-08-16T12:32:43.000Z,M20-403-2-02857,1470918763,43.91590,4.56404,23202.8,5.9,12.2,245.2,-50.9,0.0,33.2,0x20,405.002,2.9,2625,-1,2.2,,
2026-08-16T12:32:44.000Z,M20-403-2-02857,1470918764,43.91585,4.56391,23209.7,8.3,11.0,240.2,-50.9,0.0,33.1,0x20,405.002,2.9,2625,-1,2.2,,
2026-08-16T12:32:45.000Z,M20-403-2-02857,1470918765,43.91580,4.56381,23216.1,5.5,9.5,233.9,-50.9,0.0,33.1,0x20,405.002,10.2,2625,-1,2.2,,
2026-08-16T12:32:46.000Z,M20-403-2-02857,1470918766,43.91576,4.56372,23221.8,6.6,7.1,237.0,-51.0,0.0,33.1,0x20,405.002,10.2,2625,-1,2.2,,
2026-08-16T12:32:47.000Z,M20-403-2-02857,1470918767,43.91573,4.56364,23227.8,5.3,6.6,250.0,-51.0,0.0,33.0,0x20,405.002,10.8,2625,-1,2.2,,
2026-08-16T12:32:48.000Z,M20-403-2-02857,1470918768,43.91571,4.56357,23233.3,6.3,6.0,256.4,-50.9,0.0,33.0,0x20,405.002,11.9,2625,-1,2.2,,
2026-08-16T12:32:49.000Z,M20-403-2-02857,1470918769,43.91570,4.56351,23239.7,7.5,5.1,236.6,-50.9,0.0,33.0,0x20,405.002,11.9,2625,-1,2.2,,
2026-08-16T12:32:50.000Z,M20-403-2-02857,1470918770,43.91566,4.56346,23245.3,4.5,5.8,218.5,-50.9,0.0,33.0,0x20,405.002,11.7,2625,-1,2.2,,
2026-08-16T12:32:51.000Z,M20-403-2-02857,1470918771,43.91562,4.56340,23250.6,7.1,7.1,223.5,-50.9,0.0,32.9,0x20,405.002,13.4,2625,-1,2.2,,
2026-08-16T12:32:52.000Z,M20-403-2-02857,1470918772,43.91557,4.56332,23257.1,6.3,8.5,240.4,-51.0,0.0,32.9,0x20,405.002,14.0,2625,-1,2.2,,
2026-08-16T12:32:53.000Z,M20-403-2-02857,1470918773,43.91554,4.56322,23262.6,5.3,9.4,250.0,-51.0,0.0,32.9,0x20,405.002,14.0,2625,-1,2.2,,
2026-08-16T12:32:54.000Z,M20-403-2-02857,1470918774,43.91551,4.56311,23268.6,7.2,8.8,246.2,-51.1,0.0,32.8,0x20,405.002,13.5,2625,-1,2.2,,
2026-08-16T12:32:55.000Z,M20-403-2-02857,1470918775,43.91548,4.56303,23274.4,4.7,7.3,234.7,-51.1,0.0,32.8,0x20,405.002,3.4,2625,-1,2.2,,
2026-08-16T12:32:56.000Z,M20-403-2-02857,1470918776,43.91544,4.56297,23278.9,4.3,5.9,224.9,-51.0,0.0,32.8,0x20,405.002,3.4,2625,-1,2.2,,
2026-08-16T12:32:57.000Z,M20-403-2-02857,1470918777,43.91540,4.56292,23284.0,6.5,4.7,229.5,-51.1,0.0,32.7,0x20,405.002,7.1,2625,-1,2.2,,
2026-08-16T12:32:58.000Z,M20-403-2-02857,1470918778,43.91538,4.56287,23289.5,5.0,4.8,242.3,-51.1,0.0,32.7,0x20,405.002,7.8,2625,-1,2.2,,
2026-08-16T12:32:59.000Z,M20-403-2-02857,1470918779,43.91536,4.56282,23295.2,7.2,5.2,237.9,-51.1,0.0,32.7,0x20,405.002,11.0,2625,-1,2.2,,
2026-08-16T12:33:00.000Z,M20-403-2-02857,1470918780,43.91533,4.56277,23301.5,5.9,5.6,220.7,-51.2,0.0,32.6,0x20,405.002,13.9,2625,-1,2.2,,
2026-08-16T12:33:01.000Z,M20-403-2-02857,1470918781,43.91528,4.56272,23306.4,4.7,6.9,213.9,-51.1,0.0,32.6,0x20,405.002,13.9,2625,-1,2.2,,
2026-08-16T12:33:03.000Z,M20-403-2-02857,1470918783,43.91518,4.56258,23317.8,4.2,8.9,235.4,-51.2,0.0,32.5,0x20,405.002,13.6,2625,-1,2.2,,
2026-08-16T12:33:04.000Z,M20-403-2-02857,1470918784,43.91514,4.56249,23323.7,8.0,8.6,232.2,-51.2,0.0,32.5,0x20,405.002,13.6,2625,-1,2.2,,
2026-08-16T12:33:05.000Z,M20-403-2-02857,1470918785,43.91508,4.56242,23330.7,6.1,8.0,212.5,-51.2,0.0,32.5,0x20,405.002,13.0,2625,-1,2.2,,
2026-08-16T12:33:06.000Z,M20-403-2-02857,1470918786,43.91502,4.56238,23335.2,3.5,7.3,201.9,-51.1,0.0,32.4,0x20,405.002,13.0,2625,-1,2.2,,
2026-08-16T12:33:07.000Z,M20-403-2-02857,1470918787,43.91497,4.56234,23339.6,6.3,5.1,205.2,-51.1,0.0,32.4,0x20,405.002,13.0,2625,-1,2.2,,
2026-08-16T12:33:08.000Z,M20-403-2-02857,1470918788,43.91494,4.56231,23344.9,5.1,4.3,236.6,-51.1,0.0,32.4,0x20,405.002,4.1,2625,-1,2.2,,
2026-08-16T12:33:09.000Z,M20-403-2-02857,1470918789,43.91492,4.56226,23349.4,5.0,4.9,250.0,-51.0,0.0,32.4,0x20,405.002,3.5,2625,-1,2.2,,
2026-08-16T12:33:10.000Z,M20-403-2-02857,1470918790,43.91490,4.56219,23354.4,5.8,6.8,230.6,-51.0,0.0,32.3,0x20,405.002,5.2,2625,-1,2.2,,
2026-08-16T12:33:11.000Z,M20-403-2-02857,1470918791,43.91484,4.56213,23360.3,6.0,9.4,214.6,-51.0,0.0,32.3,0x20,405.002,12.2,2625,-1,2.2,,
2026-08-16T12:33:12.000Z,M20-403-2-02857,1470918792,43.91476,4.56206,23365.3,4.3,11.2,206.3,-51.0,0.0,32.2,0x20,405.002,12.2,2625,-1,2.2,,
2026-08-16T12:33:13.000Z,M20-403-2-02857,1470918793,43.91467,4.56200,23369.7,5.2,11.4,207.2,-51.0,0.0,32.2,0x20,405.002,11.5,2625,-1,2.2,,
2026-08-16T12:33:14.000Z,M20-403-2-02857,1470918794,43.91459,4.56193,23375.5,6.5,9.8,223.0,-51.1,0.0,32.2,0x20,405.002,12.0,2625,-1,2.2,,
2026-08-16T12:33:15.000Z,M20-403-2-02857,1470918795,43.91454,4.56184,23380.6,3.7,8.9,238.0,-51.0,0.0,32.2,0x20,405.002,13.5,2625,-1,2.2,,
2026-08-16T12:33:16.000Z,M20-403-2-02857,1470918796,43.91451,4.56175,23384.9,5.0,7.2,246.1,-50.9,0.0,32.1,0x20,405.002,14.7,2625,-1,2.2,,
2026-08-16T12:33:17.000Z,M20-403-2-02857,1470918797,43.91448,4.56168,23390.5,6.2,5.9,223.6,-50.9,0.0,32.1,0x20,405.002,14.7,2625,-1,2.2,,
2026-08-16T12:33:18.000Z,M20-403-2-02857,1470918798,43.91443,4.56164,23396.1,4.8,6.1,209.3,-50.9,0.0,32.1,0x20,405.002,11.2,2625,-1,2.2,,
2026-08-16T12:33:19.000Z,M20-403-2-02857,1470918799,43.91439,4.56160,23401.9,6.8,6.3,210.2,-50.9,0.0,32.1,0x20,405.002,11.4,2625,-1,2.2,,
2026-08-16T12:33:20.000Z,M20-403-2-02857,1470918800,43.91434,4.56155,23408.2,5.7,6.9,226.8,-50.8,0.0,32.0,0x20,405.002,11.4,2625,-1,2.2,,
2026-08-16T12:33:21.000Z,M20-403-2-02857,1470918801,43.91430,4.56148,23413.1,4.2,8.3,236.7,-50.7,0.0,32.0,0x20,405.002,11.4,2625,-1,2.2,,
2026-08-16T12:33:22.000Z,M20-403-2-02857,1470918802,43.91426,4.56139,23418.3,6.3,9.4,237.0,-50.6,0.0,32.0,0x20,405.002,3.4,2625,-1,2.2,,
2026-08-16T12:33:23.000Z,M20-403-2-02857,1470918803,43.91421,4.56129,23424.3,6.1,9.5,229.2,-50.6,0.0,31.9,0x20,405.002,2.8,2625,-1,2.2,,
2026-08-16T12:33:24.000Z,M20-403-2-02857,1470918804,43.91415,4.56120,23429.8,5.3,9.5,228.6,-50.5,0.0,31.9,0x20,405.002,7.5,2625,-1,2.2,,
2026-08-16T12:33:25.000Z,M20-403-2-02857,1470918805,43.91410,4.56111,23435.3,6.3,9.3,242.0,-50.5,0.0,31.9,0x20,405.002,7.5,2625,-1,2.2,,
2026-08-16T12:33:26.000Z,M20-403-2-02857,1470918806,43.91407,4.56100,23440.8,4.7,9.6,255.5,-50.5,0.0,31.8,0x20,405.002,10.7,2625,-1,2.2,,
2026-08-16T12:33:27.000Z,M20-403-2-02857,1470918807,43.91405,4.56088,23445.2,4.7,9.7,261.3,-50.5,0.0,31.8,0x20,405.002,13.7,2625,-1,2.2,,
2026-08-16T12:33:28.000Z,M20-403-2-02857,1470918808,43.91403,4.56077,23451.1,7.2,8.6,251.8,-50.5,0.0,31.8,0x20,405.002,13.7,2625,-1,2.2,,
2026-08-16T12:33:29.000Z,M20-403-2-02857,1470918809,43.91400,4.56068,23457.1,4.9,7.7,235.8,-50.5,0.0,31.8,0x20,405.002,13.7,2625,-1,2.2,,
2026-08-16T12:33:30.000Z,M20-403-2-02857,1470918810,43.91396,4.56061,23461.6,4.5,8.5,225.2,-50.5,0.0,31.8,0x20,405.002,13.7,2625,-1,2.2,,
2026-08-16T12:33:31.000Z,M20-403-2-02857,1470918811,43.91390,4.56052,23467.0,6.5,9.7,233.0,-50.5,0.0,31.7,0x20,405.002,13.3,2625,-1,2.2,,
2026-08-16T12:33:32.000Z,M20-403-2-02857,1470918812,43.91386,4.56042,23472.2,3.8,10.1,244.9,-50.5,0.0,31.7,0x20,405.002,13.3,2625,-1,2.2,,
2026-08-16T12:33:33.000Z,M20-403-2-02857,1470918813,43.91382,4.56030,23476.8,5.3,10.2,249.2,-50.5,0.0,31.6,0x20,405.002,12.0,2625,-1,2.2,,
2026-08-16T12:33:34.000Z,M20-403-2-02857,1470918814,43.91379,4.56019,23482.8,6.4,9.0,243.2,-50.6,0.0,31.6,0x20,405.002,3.8,2625,-1,2.2,,
2026-08-16T12:33:35.000Z,M20-403-2-02857,1470918815,43.91375,4.56010,23488.3,4.5,8.0,237.3,-50.6,0.0,31.6,0x20,405.002,3.5,2625,-1,2.2,,
2026-08-16T12:33:36.000Z,M20-403-2-02857,1470918816,43.91372,4.56002,23494.0,7.0,7.4,244.4,-50.6,0.0,31.6,0x20,405.002,3.2,2625,-1,2.2,,
2026-08-16T12:33:37.000Z,M20-403-2-02857,1470918817,43.91370,4.55993,23499.9,4.8,7.7,258.4,-50.6,0.0,31.5,0x20,405.002,10.1,2625,-1,2.2,,
2026-08-16T12:33:38.000Z,M20-403-2-02857,1470918818,43.91369,4.55983,23504.7,5.3,8.7,263.5,-50.6,0.0,31.5,0x20,405.002,15.2,2625,-1,2.2,,
2026-08-16T12:33:39.000Z,M20-403-2-02857,1470918819,43.91367,4.55972,23510.3,6.4,8.7,252.7,-50.6,0.0,31.5,0x20,405.002,15.2,2625,-1,2.2,,
2026-08-16T12:33:40.000Z,M20-403-2-02857,1470918820,43.91365,4.55963,23515.6,4.4,7.9,240.6,-50.7,0.0,31.4,0x20,405.002,14.1,2625,-1,2.2,,
2026-08-16T12:33:41.000Z,M20-403-2-02857,1470918821,43.91361,4.55955,23519.6,4.0,7.4,233.7,-50.6,0.0,31.4,0x20,405.002,15.0,2625,-1,2.2,,
2026-08-16T12:33:42.000Z,M20-403-2-02857,1470918822,43.91358,4.55947,23524.2,5.9,6.6,250.6,-50.6,0.0,31.4,0x20,405.002,15.0,2625,-1,2.2,,
2026-08-16T12:33:43.000Z,M20-403-2-02857,1470918823,43.91357,4.55939,23529.9,5.4,7.3,271.3,-50.7,0.0,31.4,0x20,405.002,13.3,2625,-1,2.2,,
2026-08-16T12:33:44.000Z,M20-403-2-02857,1470918824,43.91357,4.55929,23534.7,4.4,7.9,272.6,-50.8,0.0,31.3,0x20,405.002,13.6,2625,-1,2.2,,
2026-08-16T12:33:45.000Z,M20-403-2-02857,1470918825,43.91357,4.55919,23540.0,6.8,8.1,267.7,-50.8,0.0,31.3,0x20,405.002,13.6,2625,-1,2.2,,
2026-08-16T12:33:46.000Z,M20-403-2-02857,1470918826,43.91356,4.55910,23545.7,5.1,8.1,253.3,-50.8,0.0,31.3,0x20,405.002,10.5,2625,-1,2.2,,
2026-08-16T12:33:47.000Z,M20-403-2-02857,1470918827,43.91353,4.55900,23550.7,5.2,7.7,248.5,-50.7,0.0,31.2,0x20,405.002,4.2,2625,-1,2.2,,
2026-08-16T12:33:48.000Z,M20-403-2-02857,1470918828,43.91351,4.55891,23556.7,7.1,8.0,258.2,-50.7,0.0,31.2,0x20,405.002,3.1,2625,-1,2.2,,
2026-08-16T12:33:49.000Z,M20-403-2-02857,1470918829,43.91351,4.55881,23562.0,3.6,8.7,268.6,-50.7,0.0,31.2,0x20,405.002,3.1,2625,-1,2.2,,
2026-08-16T12:33:50.000Z,M20-403-2-02857,1470918830,43.91351,4.55870,23566.6,6.2,8.5,274.0,-50.7,0.0,31.2,0x20,405.002,9.7,2625,-1,2.2,,
2026-08-16T12:33:51.000Z,M20-403-2-02857,1470918831,43.91351,4.55860,23572.9,6.3,7.0,266.4,-50.7,0.0,31.1,0x20,405.002,14.3,2625,-1,2.2,,
2026-08-16T12:33:52.000Z,M20-403-2-02857,1470918832,43.91350,4.55852,23577.8,3.7,6.4,258.5,-50.7,0.0,31.1,0x20,405.002,14.3,2625,-1,2.2,,
2026-08-16T12:33:53.000Z,M20-403-2-02857,1470918833,43.91349,4.55844,23583.2,7.2,6.5,268.4,-50.7,0.0,31.1,0x20,405.002,12.6,2625,-1,2.2,,
2026-08-16T12:33:54.000Z,M20-403-2-02857,1470918834,43.91350,4.55835,23589.2,5.1,8.1,284.3,-50.7,0.0,31.1,0x20,405.002,15.5,2625,-1,2.2,,
2026-08-16T12:33:55.000Z,M20-403-2-02857,1470918835,43.91352,4.55825,23594.2,5.0,9.1,286.7,-50.7,0.0,31.0,0x20,405.002,15.5,2625,-1,2.2,,
2026-08-16T12:33:56.000Z,M20-403-2-02857,1470918836,43.91354,4.55814,23599.5,5.9,8.6,274.4,-50.7,0.0,31.0,0x20,405.002,14.4,2625,-1,2.2,,
2026-08-16T12:33:57.000Z,M20-403-2-02857,1470918837,43.91354,4.55804,23604.3,3.6,8.3,264.8,-50.7,0.0,31.0,0x20,405.002,14.4,2625,-1,2.2,,
2026-08-16T12:33:58.000Z,M20-403-2-02857,1470918838,43.91353,4.55793,23608.7,5.0,8.3,266.2,-50.7,0.0,30.9,0x20,405.002,15.9,2625,-1,2.2,,
2026-08-16T12:33:59.000Z,M20-403-2-02857,1470918839,43.91354,4.55783,23614.3,5.9,9.2,287.3,-50.7,0.0,30.9,0x20,405.002,15.9,2625,-1,2.2,,
2026-08-16T12:34:00.000Z,M20-403-2-02857,1470918840,43.91358,4.55772,23619.3,4.2,10.1,296.8,-50.7,0.0,30.9,0x20,405.002,4.9,2625,-1,2.2,,
2026-08-16T12:34:01.000Z,M20-403-2-02857,1470918841,43.91362,4.55761,23624.4,5.9,10.0,300.9,-50.7,0.0,30.9,0x20,405.002,3.5,2625,-1,2.2,,
2026-08-16T12:34:02.000Z,M20-403-2-02857,1470918842,43.91366,4.55751,23630.5,6.6,7.7,290.5,-50.7,0.0,30.8,0x20,405.002,3.7,2625,-1,2.2,,
2026-08-16T12:34:03.000Z,M20-403-2-02857,1470918843,43.91367,4.55743,23635.9,3.9,6.6,266.7,-50.6,0.0,30.8,0x20,405.002,8.9,2625,-1,2.2,,
2026-08-16T12:34:04.000Z,M20-403-2-02857,1470918844,43.91366,4.55734,23640.3,4.6,6.8,256.1,-50.5,0.0,30.8,0x20,405.002,11.5,2625,-1,2.2,,
2026-08-16T12:34:05.000Z,M20-403-2-02857,1470918845,43.91365,4.55726,23645.8,6.6,7.3,269.2,-50.5,0.0,30.7,0x20,405.002,11.5,2625,-1,2.2,,
2026-08-16T12:34:06.000Z,M20-403-2-02857,1470918846,43.91366,4.55717,23651.1,4.1,7.6,280.6,-50.5,0.0,30.7,0x20,405.002,12.4,2625,-1,2.2,,
2026-08-16T12:34:07.000Z,M20-403-2-02857,1470918847,43.91367,4.55707,23656.3,6.0,8.5,286.6,-50.4,0.0,30.7,0x20,405.002,14.2,2625,-1,2.2,,
2026-08-16T12:34:08.000Z,M20-403-2-02857,1470918848,43.91369,4.55697,23662.3,6.1,8.0,279.1,-50.5,0.0,30.7,0x20,405.002,15.4,2625,-1,2.2,,
2026-08-16T12:34:09.000Z,M20-403-2-02857,1470918849,43.91370,4.55687,23667.4,4.1,7.9,271.7,-50.4,0.0,30.7,0x20,405.002,16.3,2625,-1,2.2,,
2026-08-16T12:34:10.000Z,M20-403-2-02857,1470918850,43.91370,4.55677,23673.0,7.1,8.5,270.7,-50.4,0.0,30.6,0x20,405.002,16.3,2625,-1,2.2,,
2026-08-16T12:34:11.000Z,M20-403-2-02857,1470918851,43.91371,4.55666,23678.9,4.7,8.8,277.9,-50.5,0.0,30.6,0x20,405.002,16.1,2625,-1,2.2,,
2026-08-16T12:34:12.000Z,M20-403-2-02857,1470918852,43.91372,4.55656,23684.2,6.0,8.0,282.4,-50.5,0.0,30.6,0x20,405.002,14.9,2625,-1,2.2,,
2026-08-16T12:34:13.000Z,M20-403-2-02857,1470918853,43.91373,4.55648,23690.0,5.9,5.8,265.9,-50.6,0.0,30.5,0x20,405.002,4.1,2625,-1,2.2,,
2026-08-16T12:34:14.000Z,M20-403-2-02857,1470918854,43.91372,4.55641,23695.1,4.3,5.0,248.2,-50.6,0.0,30.5,0x20,405.002,3.1,2625,-1,2.2,,
2026-08-16T12:34:15.000Z,M20-403-2-02857,1470918855,43.91370,4.55635,23700.0,5.8,5.6,246.7,-50.6,0.0,30.5,0x20,405.002,3.4,2625,-1,2.2,,
2026-08-16T12:34:16.000Z,M20-403-2-02857,1470918856,43.91369,4.55628,23705.6,5.8,7.0,264.2,-50.6,0.0,30.4,0x20,405.002,7.3,2625,-1,2.2,,
2026-08-16T12:34:17.000Z,M20-403-2-02857,1470918857,43.91369,4.55618,23710.5,4.2,8.9,280.8,-50.6,0.0,30.4,0x20,405.002,9.2,2625,-1,2.2,,
2026-08-16T12:34:18.000Z,M20-403-2-02857,1470918858,43.91371,4.55607,23715.1,5.0,9.5,283.6,-50.6,0.0,30.4,0x20,405.002,13.5,2625,-1,2.2,,
2026-08-16T12:34:19.000Z,M20-403-2-02857,1470918859,43.91372,4.55596,23721.0,7.0,7.8,277.0,-50.7,0.0,30.4,0x20,405.002,14.8,2625,-1,2.2,,
2026-08-16T12:34:20.000Z,M20-403-2-02857,1470918860,43.91372,4.55588,23726.9,4.8,6.3,261.5,-50.6,0.0,30.3,0x20,405.002,14.8,2625,-1,2.2,,
2026-08-16T12:34:21.000Z,M20-403-2-02857,1470918861,43.91371,4.55581,23731.2,3.9,5.2,244.1,-50.6,0.0,30.3,0x20,405.002,14.1,2625,-1,2.2,,
2026-08-16T12:34:22.000Z,M20-403-2-02857,1470918862,43.91369,4.55575,23736.1,6.0,5.0,243.5,-50.5,0.0,30.3,0x20,405.002,14.1,2625,-1,2.2,,
2026-08-16T12:34:23.000Z,M20-403-2-02857,1470918863,43.91368,4.55569,23741.0,3.9,5.9,264.1,-50.5,0.0,30.2,0x20,405.002,11.8,2625,-1,2.2,,
2026-08-16T12:34:24.000Z,M20-403-2-02857,1470918864,43.91367,4.55560,23745.7,5.3,7.4,264.8,-50.5,0.0,30.2,0x20,405.002,12.2,2625,-1,2.2,,
2026-08-16T12:34:25.000Z,M20-403-2-02857,1470918865,43.91366,4.55551,23751.2,5.8,8.4,253.4,-50.5,0.0,30.2,0x20,405.002,12.2,2625,-1,2.2,,
2026-08-16T12:34:26.000Z,M20-403-2-02857,1470918866,43.91364,4.55541,23756.4,4.4,8.9,245.8,-50.5,0.0,30.2,0x20,405.002,4.1,2625,-1,2.2,,
2026-08-16T12:34:27.000Z,M20-403-2-02857,1470918867,43.91361,4.55531,23761.6,6.0,8.9,254.4,-50.5,0.0,30.2,0x20,405.002,3.0,2625,-1,2.2,,
2026-08-16T12:34:28.000Z,M20-403-2-02857,1470918868,43.91360,4.55520,23767.5,5.6,8.4,270.3,-50.5,0.0,30.1,0x20,405.002,3.0,2625,-1,2.2,,
2026-08-16T12:34:29.000Z,M20-403-2-02857,1470918869,43.91361,4.55510,23772.4,4.3,7.2,286.3,-50.5,0.0,30.1,0x20,405.002,10.9,2625,-1,2.2,,
2026-08-16T12:34:30.000Z,M20-403-2-02857,1470918870,43.91363,4.55503,23777.0,4.7,4.8,285.7,-50.5,0.0,30.1,0x20,405.002,11.7,2625,-1,2.2,,
2026-08-16T12:34:31.000Z,M20-403-2-02857,1470918871,43.91363,4.55499,23782.0,5.2,3.2,237.3,-50.5,0.0,30.1,0x20,405.002,11.7,2625,-1,2.2,,
2026-08-16T12:34:32.000Z,M20-403-2-02857,1470918872,43.91360,4.55495,23786.7,4.0,4.9,209.4,-50.5,0.0,30.0,0x20,405.002,10.2,2625,-1,2.2,,
2026-08-16T12:34:34.000Z,M20-403-2-02857,1470918874,43.91352,4.55481,23796.8,6.1,10.5,249.2,-50.4,0.0,30.0,0x20,405.002,6.9,2625,-1,2.2,,
2026-08-16T12:34:35.000Z,M20-403-2-02857,1470918875,43.91349,4.55467,23801.3,3.0,12.2,263.4,-50.4,0.0,29.9,0x20,405.002,10.4,2625,-1,2.2,,
2026-08-16T12:34:36.000Z,M20-403-2-02857,1470918876,43.91349,4.55452,23804.7,3.8,12.0,274.2,-50.4,0.0,29.9,0x20,405.002,13.1,2625,-1,2.2,,
2026-08-16T12:34:37.000Z,M20-403-2-02857,1470918877,43.91350,4.55440,23810.0,6.5,8.6,276.3,-50.4,0.0,29.9,0x20,405.002,13.1,2625,-1,2.2,,
2026-08-16T12:34:38.000Z,M20-403-2-02857,1470918878,43.91350,4.55431,23815.8,4.8,5.6,263.1,-50.4,0.0,29.9,0x20,405.002,14.2,2625,-1,2.2,,
2026-08-16T12:34:39.000Z,M20-403-2-02857,1470918879,43.91349,4.55425,23820.2,4.0,4.1,240.0,-50.4,0.0,29.9,0x20,405.002,14.2,2625,-1,2.2,,
2026-08-16T12:34:40.000Z,M20-403-2-02857,1470918880,43.91347,4.55420,23825.7,6.8,4.1,236.8,-50.4,0.0,29.8,0x20,405.002,14.2,2625,-1,2.2,,
2026-08-16T12:34:42.000Z,M20-403-2-02857,1470918882,43.91345,4.55406,23836.5,3.7,7.8,266.9,-50.3,0.0,29.8,0x20,405.002,9.0,2625,-1,2.2,,
2026-08-16T12:34:43.000Z,M20-403-2-02857,1470918883,43.91345,4.55395,23841.3,5.8,9.8,267.7,-50.2,0.0,29.8,0x20,405.002,11.3,2625,-1,2.2,,
2026-08-16T12:34:44.000Z,M20-403-2-02857,1470918884,43.91344,4.55383,23846.3,4.1,10.0,262.7,-50.2,0.0,29.7,0x20,405.002,11.7,2625,-1,2.2,,
2026-08-16T12:34:45.000Z,M20-403-2-02857,1470918885,43.91343,4.55371,23851.1,5.2,10.3,265.1,-50.1,0.0,29.7,0x20,405.002,11.7,2625,-1,2.2,,
2026-08-16T12:34:46.000Z,M20-403-2-02857,1470918886,43.91343,4.55358,23857.1,6.6,10.7,273.7,-50.2,0.0,29.7,0x20,405.002,11.5,2625,-1,2.2,,
2026-08-16T12:34:47.000Z,M20-403-2-02857,1470918887,43.91344,4.55344,23862.8,5.0,10.8,282.3,-50.2,0.0,29.6,0x20,405.002,12.7,2625,-1,2.2,,
2026-08-16T12:34:48.000Z,M20-403-2-02857,1470918888,43.91346,4.55333,23868.3,6.2,8.8,285.1,-50.2,0.0,29.6,0x20,405.002,14.9,2625,-1,2.2,,
2026-08-16T12:34:49.000Z,M20-403-2-02857,1470918889,43.91348,4.55324,23874.0,5.2,5.6,277.6,-50.2,0.0,29.6,0x20,405.002,14.9,2625,-1,2.2,,
2026-08-16T12:34:50.000Z,M20-403-2-02857,1470918890,43.91348,4.55318,23878.3,3.9,3.7,266.0,-50.1,0.0,29.6,0x20,405.002,13.6,2625,-1,2.2,,
2026-08-16T12:34:51.000Z,M20-403-2-02857,1470918891,43.91349,4.55313,23883.2,6.0,4.3,289.8,-50.1,0.0,29.6,0x20,405.002,13.6,2625,-1,2.2,,
2026-08-16T12:34:52.000Z,M20-403-2-02857,1470918892,43.91351,4.55307,23889.1,6.0,8.0,298.1,-50.1,0.0,29.5,0x20,405.002,12.6,2625,-1,2.2,,
2026-08-16T12:34:53.000Z,M20-403-2-02857,1470918893,43.91355,4.55296,23893.7,3.4,11.2,297.6,-50.0,0.0,29.5,0x20,405.002,12.6,2625,-1,2.2,,
2026-08-16T12:34:54.000Z,M20-403-2-02857,1470918894,43.91359,4.55282,23897.5,4.3,12.9,289.8,-50.0,0.0,29.5,0x20,405.002,3.4,2625,-1,2.2,,
2026-08-16T12:34:55.000Z,M20-403-2-02857,1470918895,43.91362,4.55268,23903.0,6.9,11.6,279.9,-50.0,0.0,29.4,0x20,405.002,6.2,2625,-1,2.2,,
2026-08-16T12:34:56.000Z,M20-403-2-02857,1470918896,43.91363,4.55255,23908.0,3.5,9.7,268.9,-50.0,0.0,29.4,0x20,405.002,12.6,2625,-1,2.2,,
2026-08-16T12:34:57.000Z,M20-403-2-02857,1470918897,43.91363,4.55244,23912.5,5.5,8.1,265.2,-49.9,0.0,29.4,0x20,405.002,12.7,2625,-1,2.2,,
2026-08-16T12:34:58.000Z,M20-403-2-02857,1470918898,43.91363,4.55234,23918.5,6.7,8.3,281.2,-50.0,0.0,29.4,0x20,405.002,15.2,2625,-1,2.2,,
2026-08-16T12:34:59.000Z,M20-403-2-02857,1470918899,43.91365,4.55224,23923.8,4.0,9.4,294.2,-50.0,0.0,29.3,0x20,405.002,15.2,2625,-1,2.2,,
2026-08-16T12:35:00.000Z,M20-403-2-02857,1470918900,43.91370,4.55213,23928.2,5.0,9.7,303.8,-50.0,0.0,29.3,0x20,405.002,13.7,2625,-1,2.2,,
2026-08-16T12:35:01.000Z,M20-403-2-02857,1470918901,43.91375,4.55204,23933.5,5.5,8.7,309.9,-50.0,0.0,29.3,0x20,405.002,13.7,2625,-1,2.2,,
2026-08-16T12:35:02.000Z,M20-403-2-02857,1470918902,43.91380,4.55196,23938.5,4.7,7.5,311.8,-50.0,0.0,29.3,0x20,405.002,13.3,2625,-1,2.2,,
2026-08-16T12:35:03.000Z,M20-403-2-02857,1470918903,43.91384,4.55189,23943.7,5.9,8.0,304.1,-50.0,0.0,29.3,0x20,405.002,13.7,2625,-1,2.2,,
2026-08-16T12:35:04.000Z,M20-403-2-02857,1470918904,43.91388,4.55179,23949.6,5.9,10.4,299.3,-50.1,0.0,29.2,0x20,405.002,13.7,2625,-1,2.2,,
2026-08-16T12:35:05.000Z,M20-403-2-02857,1470918905,43.91393,4.55167,23954.5,3.9,11.6,296.8,-50.0,0.0,29.2,0x20,405.002,9.3,2625,-1,2.2,,
2026-08-16T12:35:06.000Z,M20-403-2-02857,1470918906,43.91397,4.55154,23959.5,6.3,10.7,291.4,-50.0,0.0,29.2,0x20,405.002,5.0,2625,-1,2.2,,
2026-08-16T12:35:07.000Z,M20-403-2-02857,1470918907,43.91400,4.55143,23964.3,3.4,8.3,286.3,-50.0,0.0,29.1,0x20,405.002,3.0,2625,-1,2.2,,
2026-08-16T12:35:08.000Z,M20-403-2-02857,1470918908,43.91403,4.55134,23968.3,4.5,7.2,294.0,-50.0,0.0,29.1,0x20,405.002,6.7,2625,-1,2.2,,
2026-08-16T12:35:09.000Z,M20-403-2-02857,1470918909,43.91406,4.55126,23974.0,7.2,7.8,307.6,-50.0,0.0,29.1,0x20,405.002,10.4,2625,-1,2.2,,
2026-08-16T12:35:10.000Z,M20-403-2-02857,1470918910,43.91411,4.55117,23979.9,4.9,10.5,314.1,-50.1,0.0,29.1,0x20,405.002,10.4,2625,-1,2.2,,
2026-08-16T12:35:11.000Z,M20-403-2-02857,1470918911,43.91418,4.55107,23984.8,4.9,11.3,312.5,-50.1,0.0,29.0,0x20,405.002,13.1,2625,-1,2.2,,
2026-08-16T12:35:12.000Z,M20-403-2-02857,1470918912,43.91425,4.55097,23990.2,6.2,9.9,307.1,-50.1,0.0,29.0,0x20,405.002,13.1,2625,-1,2.2,,
2026-08-16T12:35:13.000Z,M20-403-2-02857,1470918913,43.91429,4.55088,23995.3,4.2,8.7,301.5,-50.1,0.0,29.0,0x20,405.002,11.8,2625,-1,2.2,,
2026-08-16T12:35:14.000Z,M20-403-2-02857,1470918914,43.91433,4.55079,23999.8,4.9,8.2,299.8,-50.0,0.0,29.0,0x20,405.002,12.5,2625,-1,2.2,,
2026-08-16T12:35:15.000Z,M20-403-2-02857,1470918915,43.91438,4.55070,24005.2,6.1,9.8,305.8,-50.0,0.0,28.9,0x20,405.002,13.3,2625,-1,2.2,,
2026-08-16T12:35:16.000Z,M20-403-2-02857,1470918916,43.91444,4.55059,24010.2,4.2,11.6,310.3,-50.0,0.0,28.9,0x20,405.002,16.5,2625,-1,2.2,,
2026-08-16T12:35:17.000Z,M20-403-2-02857,1470918917,43.91450,4.55049,24014.5,4.7,11.1,310.5,-50.0,0.0,28.9,0x20,405.002,16.5,2625,-1,2.2,,
2026-08-16T12:35:18.000Z,M20-403-2-02857,1470918918,43.91456,4.55039,24019.8,6.4,9.2,306.4,-50.0,0.0,28.9,0x20,405.002,14.1,2625,-1,2.2,,
2026-08-16T12:35:19.000Z,M20-403-2-02857,1470918919,43.91460,4.55030,24025.2,4.7,7.7,303.0,-50.1,0.0,28.9,0x20,405.002,3.5,2625,-1,2.2,,
2026-08-16T12:35:20.000Z,M20-403-2-02857,1470918920,43.91464,4.55022,24030.0,5.1,7.4,303.5,-50.0,0.0,28.8,0x20,405.002,3.5,2625,-1,2.2,,
2026-08-16T12:35:21.000Z,M20-403-2-02857,1470918921,43.91469,4.55014,24035.5,6.0,9.7,311.5,-50.1,0.0,28.8,0x20,405.002,3.3,2625,-1,2.2,,
2026-08-16T12:35:22.000Z,M20-403-2-02857,1470918922,43.91476,4.55005,24040.5,4.1,12.1,316.0,-50.2,0.0,28.8,0x20,405.002,9.0,2625,-1,2.2,,
2026-08-16T12:35:23.000Z,M20-403-2-02857,1470918923,43.91484,4.54994,24044.5,4.3,12.6,316.5,-50.1,0.0,28.8,0x20,405.002,13.1,2625,-1,2.2,,
2026-08-16T12:35:24.000Z,M20-403-2-02857,1470918924,43.91491,4.54984,24050.0,6.7,10.8,313.8,-50.1,0.0,28.7,0x20,405.002,13.5,2625,-1,2.2,,
2026-08-16T12:35:25.000Z,M20-403-2-02857,1470918925,43.91497,4.54975,24055.2,3.7,8.4,303.7,-50.2,0.0,28.7,0x20,405.002,13.5,2625,-1,2.2,,
2026-08-16T12:35:26.000Z,M20-403-2-02857,1470918926,43.91500,4.54966,24059.3,4.7,7.7,299.3,-50.2,0.0,28.7,0x20,405.002,13.1,2625,-1,2.2,,
2026-08-16T12:35:27.000Z,M20-403-2-02857,1470918927,43.91504,4.54957,24065.3,7.4,8.7,303.9,-50.3,0.0,28.6,0x20,405.002,12.2,2625,-1,2.2,,
2026-08-16T12:35:28.000Z,M20-403-2-02857,1470918928,43.91510,4.54948,24071.2,4.7,10.3,310.7,-50.3,0.0,28.6,0x20,405.002,12.6,2625,-1,2.2,,
2026-08-16T12:35:29.000Z,M20-403-2-02857,1470918929,43.91516,4.54939,24076.1,5.3,11.1,318.9,-50.3,0.0,28.6,0x20,405.002,14.6,2625,-1,2.2,,
2026-08-16T12:35:30.000Z,M20-403-2-02857,1470918930,43.91523,4.54931,24081.5,5.8,9.5,322.6,-50.4,0.0,28.6,0x20,405.002,14.6,2625,-1,2.2,,
2026-08-16T12:35:31.000Z,M20-403-2-02857,1470918931,43.91529,4.54924,24086.3,4.1,7.6,322.6,-50.4,0.0,28.5,0x20,405.002,13.9,2625,-1,2.2,,
2026-08-16T12:35:32.000Z,M20-403-2-02857,1470918932,43.91535,4.54918,24091.2,5.4,7.7,312.8,-50.4,0.0,28.5,0x20,405.002,3.4,2625,-1,2.2,,
2026-08-16T12:35:33.000Z,M20-403-2-02857,1470918933,43.91540,4.54909,24096.6,5.5,10.3,305.0,-50.5,0.0,28.5,0x20,405.002,3.5,2625,-1,2.2,,
2026-08-16T12:35:34.000Z,M20-403-2-02857,1470918934,43.91545,4.54898,24101.0,3.6,12.3,301.2,-50.5,0.0,28.5,0x20,405.002,3.5,2625,-1,2.2,,
2026-08-16T12:35:35.000Z,M20-403-2-02857,1470918935,43.91551,4.54885,24105.4,5.2,12.6,305.9,-50.6,0.0,28.4,0x20,405.002,10.0,2625,-1,2.2,,
2026-08-16T12:35:36.000Z,M20-403-2-02857,1470918936,43.91558,4.54874,24111.6,7.3,10.1,317.4,-50.6,0.0,28.4,0x20,405.002,12.7,2625,-1,2.2,,
2026-08-16T12:35:37.000Z,M20-403-2-02857,1470918937,43.91565,4.54868,24117.2,4.3,8.4,331.3,-50.6,0.0,28.4,0x20,405.002,14.0,2625,-1,2.2,,
2026-08-16T12:35:38.000Z,M20-403-2-02857,1470918938,43.91572,4.54864,24121.2,4.3,7.5,346.5,-50.6,0.0,28.4,0x20,405.002,14.3,2625,-1,2.2,,
2026-08-16T12:35:39.000Z,M20-403-2-02857,1470918939,43.91579,4.54861,24126.5,6.5,9.0,342.4,-50.7,0.0,28.4,0x20,405.002,14.3,2625,-1,2.2,,
2026-08-16T12:35:40.000Z,M20-403-2-02857,1470918940,43.91587,4.54857,24131.5,3.9,10.4,334.4,-50.6,0.0,28.3,0x20,405.002,11.9,2625,-1,2.2,,
2026-08-16T12:35:41.000Z,M20-403-2-02857,1470918941,43.91595,4.54850,24135.7,4.4,11.8,328.7,-50.6,0.0,28.3,0x20,405.002,11.4,2625,-1,2.2,,
2026-08-16T12:35:42.000Z,M20-403-2-02857,1470918942,43.91605,4.54843,24141.0,6.7,11.5,332.9,-50.6,0.0,28.3,0x20,405.002,14.9,2625,-1,2.2,,
2026-08-16T12:35:43.000Z,M20-403-2-02857,1470918943,43.91613,4.54837,24146.6,4.7,10.4,335.6,-50.6,0.0,28.3,0x20,405.002,14.9,2625,-1,2.2,,
2026-08-16T12:35:44.000Z,M20-403-2-02857,1470918944,43.91621,4.54833,24151.0,4.3,9.0,335.8,-50.6,0.0,28.2,0x20,405.002,14.5,2625,-1,2.2,,
2026-08-16T12:35:46.000Z,M20-403-2-02857,1470918946,43.91635,4.54820,24161.4,5.4,9.8,320.9,-50.6,0.0,28.2,0x20,405.002,3.3,2625,-1,2.2,,
2026-08-16T12:35:47.000Z,M20-403-2-02857,1470918947,43.91642,4.54813,24167.2,6.2,9.6,324.1,-50.6,0.0,28.2,0x20,405.002,3.3,2625,-1,2.2,,
2026-08-16T12:35:48.000Z,M20-403-2-02857,1470918948,43.91649,4.54807,24173.5,6.7,8.5,339.0,-50.6,0.0,28.1,0x20,405.002,11.0,2625,-1,2.2,,
2026-08-16T12:35:49.000Z,M20-403-2-02857,1470918949,43.91656,4.54805,24179.0,4.5,7.4,357.0,-50.6,0.0,28.1,0x20,405.002,14.2,2625,-1,2.2,,
2026-08-16T12:35:50.000Z,M20-403-2-02857,1470918950,43.91663,4.54805,24182.9,3.8,7.3,3.1,-50.6,0.0,28.1,0x20,405.002,14.2,2625,-1,2.2,,
2026-08-16T12:35:51.000Z,M20-403-2-02857,1470918951,43.91669,4.54805,24187.9,6.6,6.5,343.2,-50.6,0.0,28.1,0x20,405.002,15.9,2625,-1,2.2,,
2026-08-16T12:35:52.000Z,M20-403-2-02857,1470918952,43.91674,4.54800,24193.8,5.7,7.3,320.7,-50.5,0.0,28.0,0x20,405.002,15.9,2625,-1,2.2,,
2026-08-16T12:35:53.000Z,M20-403-2-02857,1470918953,43.91679,4.54793,24198.8,4.5,8.7,309.6,-50.5,0.0,28.0,0x20,405.002,12.4,2625,-1,2.2,,
2026-08-16T12:35:54.000Z,M20-403-2-02857,1470918954,43.91685,4.54786,24204.4,7.0,9.5,318.3,-50.5,0.0,28.0,0x20,405.002,13.5,2625,-1,2.2,,
2026-08-16T12:35:55.000Z,M20-403-2-02857,1470918955,43.91692,4.54780,24210.2,5.0,8.9,338.1,-50.5,0.0,28.0,0x20,405.002,14.6,2625,-1,2.2,,
2026-08-16T12:35:56.000Z,M20-403-2-02857,1470918956,43.91699,4.54777,24214.6,4.2,7.4,356.4,-50.4,0.0,27.9,0x20,405.002,14.6,2625,-1,2.2,,
2026-08-16T12:35:57.000Z,M20-403-2-02857,1470918957,43.91705,4.54777,24219.4,6.0,5.5,0.4,-50.4,0.0,27.9,0x20,405.002,13.2,2625,-1,2.2,,
2026-08-16T12:35:58.000Z,M20-403-2-02857,1470918958,43.91709,4.54776,24225.5,6.3,4.3,327.4,-50.3,0.0,27.9,0x20,405.002,5.7,2625,-1,2.2,,
2026-08-16T12:35:59.000Z,M20-403-2-02857,1470918959,43.91712,4.54772,24230.6,4.0,5.8,309.0,-50.3,0.0,27.9,0x20,405.002,3.1,2625,-1,2.2,,
2026-08-16T12:36:00.000Z,M20-403-2-02857,1470918960,43.91716,4.54765,24235.0,5.1,6.8,311.6,-50.2,0.0,27.9,0x20,405.002,3.4,2625,-1,2.2,,
2026-08-16T12:36:01.000Z,M20-403-2-02857,1470918961,43.91720,4.54760,24241.1,7.2,6.8,322.9,-50.2,0.0,27.8,0x20,405.002,4.7,2625,-1,2.2,,
2026-08-16T12:36:02.000Z,M20-403-2-02857,1470918962,43.91725,4.54756,24247.7,6.0,6.3,336.8,-50.2,0.0,27.8,0x20,405.002,12.1,2625,-1,2.2,,
2026-08-16T12:36:03.000Z,M20-403-2-02857,1470918963,43.91731,4.54753,24253.4,5.7,7.4,341.9,-50.1,0.0,27.8,0x20,405.002,15.4,2625,-1,2.2,,
2026-08-16T12:36:04.000Z,M20-403-2-02857,1470918964,43.91737,4.54748,24259.9,7.5,8.6,328.1,-50.1,0.0,27.7,0x20,405.002,15.4,2625,-1,2.2,,
2026-08-16T12:36:05.000Z,M20-403-2-02857,1470918965,43.91744,4.54742,24265.8,4.4,9.2,316.2,-50.1,0.0,27.7,0x20,405.002,13.8,2625,-1,2.2,,
2026-08-16T12:36:06.000Z,M20-403-2-02857,1470918966,43.91748,4.54734,24271.7,7.5,6.8,302.6,-50.1,0.0,27.7,0x20,405.002,13.8,2625,-1,2.2,,
2026-08-16T12:36:07.000Z,M20-403-2-02857,1470918967,43.91750,4.54729,24278.0,5.5,3.7,286.7,-50.2,0.0,27.6,0x20,405.002,13.9,2625,-1,2.2,,
2026-08-16T12:36:08.000Z,M20-403-2-02857,1470918968,43.91751,4.54725,24282.8,4.3,2.0,278.4,-50.2,0.0,27.6,0x20,405.002,13.9,2625,-1,2.2,,
2026-08-16T12:36:09.000Z,M20-403-2-02857,1470918969,43.91752,4.54723,24288.8,7.9,2.9,316.1,-50.3,0.0,27.6,0x20,405.002,13.2,2625,-1,2.2,,
2026-08-16T12:36:10.000Z,M20-403-2-02857,1470918970,43.91755,4.54719,24295.5,6.0,5.9,320.5,-50.3,0.0,27.6,0x20,405.002,13.2,2625,-1,2.2,,
2026-08-16T12:36:11.000Z,M20-403-2-02857,1470918971,43.91760,4.54714,24300.2,4.1,8.2,324.7,-50.3,0.0,27.5,0x20,405.002,13.2,2625,-1,2.2,,
2026-08-16T12:36:12.000Z,M20-403-2-02857,1470918972,43.91767,4.54708,24306.1,7.7,8.9,329.8,-50.3,0.0,27.5,0x20,405.002,8.8,2625,-1,2.2,,
2026-08-16T12:36:13.000Z,M20-403-2-02857,1470918973,43.91773,4.54703,24312.1,4.8,7.7,333.3,-50.3,0.0,27.5,0x20,405.002,3.4,2625,-1,2.2,,
2026-08-16T12:36:14.000Z,M20-403-2-02857,1470918974,43.91778,4.54699,24317.3,6.2,5.7,323.0,-50.3,0.0,27.4,0x20,405.002,8.6,2625,-1,2.2,,
2026-08-16T12:36:15.000Z,M20-403-2-02857,1470918975,43.91782,4.54694,24323.8,6.8,6.2,300.6,-50.4,0.0,27.4,0x20,405.002,15.2,2625,-1,2.2,,
2026-08-16T12:36:16.000Z,M20-403-2-02857,1470918976,43.91784,4.54686,24329.4,4.5,6.7,289.9,-50.4,0.0,27.4,0x20,405.002,15.2,2625,-1,2.2,,
2026-08-16T12:36:17.000Z,M20-403-2-02857,1470918977,43.91786,4.54679,24335.2,7.5,5.5,273.4,-50.4,0.0,27.4,0x20,405.002,15.7,2625,-1,2.2,,
2026-08-16T12:36:18.000Z,M20-403-2-02857,1470918978,43.91786,4.54673,24341.0,4.6,3.6,263.9,-50.5,0.0,27.4,0x20,405.002,15.7,2625,-1,2.2,,
2026-08-16T12:36:19.000Z,M20-403-2-02857,1470918979,43.91786,4.54670,24345.5,4.7,2.4,281.5,-50.5,0.0,27.3,0x20,405.002,15.5,2625,-1,2.2,,
2026-08-16T12:36:20.000Z,M20-403-2-02857,1470918980,43.91788,4.54666,24350.9,6.3,4.9,316.3,-50.5,0.0,27.3,0x20,405.002,12.3,2625,-1,2.2,,
2026-08-16T12:36:21.000Z,M20-403-2-02857,1470918981,43.91792,4.54661,24356.4,4.9,7.7,317.6,-50.6,0.0,27.3,0x20,405.002,13.8,2625,-1,2.2,,
2026-08-16T12:36:22.000Z,M20-403-2-02857,1470918982,43.91797,4.54654,24361.7,5.8,8.4,318.6,-50.6,0.0,27.2,0x20,405.002,13.8,2625,-1,2.2,,
2026-08-16T12:36:23.000Z,M20-403-2-02857,1470918983,43.91802,4.54648,24367.6,6.3,6.4,323.0,-50.7,0.0,27.2,0x20,405.002,13.7,2625,-1,2.2,,
2026-08-16T12:36:24.000Z,M20-403-2-02857,1470918984,43.91806,4.54645,24373.8,6.3,2.8,326.6,-50.7,0.0,27.2,0x20,405.002,12.0,2625,-1,2.2,,
2026-08-16T12:36:25.000Z,M20-403-2-02857,1470918985,43.91807,4.54644,24378.4,3.1,0.7,350.0,-50.7,0.0,27.2,0x20,405.002,4.8,2625,-1,2.2,,
2026-08-16T12:36:26.000Z,M20-403-2-02857,1470918986,43.91808,4.54643,24382.4,5.1,0.5,304.6,-50.7,0.0,27.1,0x20,405.002,3.3,2625,-1,2.2,,
2026-08-16T12:36:27.000Z,M20-403-2-02857,1470918987,43.91809,4.54641,24388.7,7.6,4.0,314.3,-50.7,0.0,27.1,0x20,405.002,7.7,2625,-1,2.2,,
2026-08-16T12:36:28.000Z,M20-403-2-02857,1470918988,43.91813,4.54637,24394.4,3.9,6.7,318.7,-50.6,0.0,27.1,0x20,405.002,9.9,2625,-1,2.2,,
2026-08-16T12:36:29.000Z,M20-403-2-02857,1470918989,43.91818,4.54631,24399.1,5.6,8.6,318.5,-50.6,0.0,27.1,0x20,405.002,13.3,2625,-1,2.2,,
2026-08-16T12:36:30.000Z,M20-403-2-02857,1470918990,43.91823,4.54624,24405.4,7.0,7.1,316.4,-50.6,0.0,27.0,0x20,405.002,15.1,2625,-1,2.2,,
2026-08-16T12:36:31.000Z,M20-403-2-02857,1470918991,43.91827,4.54619,24411.1,4.5,4.8,320.8,-50.6,0.0,27.0,0x20,405.002,15.1,2625,-1,2.2,,
2026-08-16T12:36:32.000Z,M20-403-2-02857,1470918992,43.91830,4.54617,24416.5,6.7,3.5,347.6,-50.6,0.0,27.0,0x20,405.002,13.2,2625,-1,2.2,,
2026-08-16T12:36:33.000Z,M20-403-2-02857,1470918993,43.91834,4.54616,24422.7,5.8,4.4,353.8,-50.6,0.0,26.9,0x20,405.002,13.2,2625,-1,2.2,,
2026-08-16T12:36:34.000Z,M20-403-2-02857,1470918994,43.91838,4.54615,24428.0,4.9,4.7,352.0,-50.6,0.0,26.9,0x20,405.002,13.1,2625,-1,2.2,,
2026-08-16T12:36:35.000Z,M20-403-2-02857,1470918995,43.91841,4.54614,24434.2,7.5,2.9,338.1,-50.7,0.0,26.9,0x20,405.002,13.9,2625,-1,2.2,,
2026-08-16T12:36:36.000Z,M20-403-2-02857,1470918996,43.91843,4.54612,24440.2,4.7,2.2,301.9,-50.7,0.0,26.9,0x20,405.002,13.9,2625,-1,2.2,,
2026-08-16T12:36:37.000Z,M20-403-2-02857,1470918997,43.91844,4.54608,24446.0,7.0,4.7,285.3,-50.7,0.0,26.9,0x20,405.002,12.1,2625,-1,2.2,,
2026-08-16T12:36:38.000Z,M20-403-2-02857,1470918998,43.91846,4.54601,24452.6,6.2,7.4,298.8,-50.8,0.0,26.8,0x20,405.002,4.0,2625,-1,2.2,,
2026-08-16T12:36:39.000Z,M20-403-2-02857,1470918999,43.91850,4.54593,24457.8,4.3,8.6,309.1,-50.8,0.0,26.8,0x20,405.002,3.6,2625,-1,2.2,,
2026-08-16T12:36:40.000Z,M20-403-2-02857,1470919000,43.91855,4.54586,24463.8,7.8,6.6,317.4,-50.8,0.0,26.7,0x20,405.002,7.0,2625,-1,2.2,,
2026-08-16T12:36:41.000Z,M20-403-2-02857,1470919001,43.91858,4.54582,24470.3,5.5,3.2,322.4,-50.7,0.0,26.7,0x20,405.002,15.6,2625,-1,2.2,,
2026-08-16T12:36:42.000Z,M20-403-2-02857,1470919002,43.91860,4.54581,24475.2,4.2,0.9,358.1,-50.6,0.0,26.7,0x20,405.002,15.6,2625,-1,2.2,,
2026-08-16T12:36:43.000Z,M20-403-2-02857,1470919003,43.91860,4.54581,24480.9,7.3,0.8,8.7,-50.6,0.0,26.7,0x20,405.002,15.6,2625,-1,2.2,,
2026-08-16T12:36:44.000Z,M20-403-2-02857,1470919004,43.91862,4.54580,24487.3,5.5,2.2,321.0,-50.6,0.0,26.6,0x20,405.002,9.8,2625,-1,2.2,,
2026-08-16T12:36:45.000Z,M20-403-2-02857,1470919005,43.91863,4.54577,24492.7,5.3,3.9,295.6,-50.6,0.0,26.6,0x20,405.002,10.6,2625,-1,2.2,,
2026-08-16T12:36:46.000Z,M20-403-2-02857,1470919006,43.91864,4.54572,24498.3,6.0,5.0,269.0,-50.6,0.0,26.6,0x20,405.002,13.0,2625,-1,2.2,,
2026-08-16T12:36:47.000Z,M20-403-2-02857,1470919007,43.91863,4.54565,24504.3,6.0,5.9,248.6,-50.7,0.0,26.6,0x20,405.002,14.5,2625,-1,2.2,,
2026-08-16T12:36:48.000Z,M20-403-2-02857,1470919008,43.91861,4.54559,24510.0,5.4,5.9,244.3,-50.6,0.0,26.5,0x20,405.002,14.5,2625,-1,2.2,,
2026-08-16T12:36:49.000Z,M20-403-2-02857,1470919009,43.91860,4.54552,24515.8,6.3,4.9,268.9,-50.6,0.0,26.5,0x20,405.002,11.6,2625,-1,2.2,,
2026-08-16T12:36:50.000Z,M20-403-2-02857,1470919010,43.91861,4.54547,24521.9,6.1,5.4,310.1,-50.6,0.0,26.5,0x20,405.002,4.8,2625,-1,2.2,,
2026-08-16T12:36:51.000Z,M20-403-2-02857,1470919011,43.91865,4.54542,24527.1,4.4,6.5,331.5,-50.6,0.0,26.5,0x20,405.002,4.0,2625,-1,2.2,,
2026-08-16T12:36:52.000Z,M20-403-2-02857,1470919012,43.91871,4.54540,24531.9,5.3,5.6,352.3,-50.6,0.0,26.4,0x20,405.002,3.1,2625,-1,2.2,,
2026-08-16T12:36:53.000Z,M20-403-2-02857,1470919013,43.91874,4.54540,24538.2,7.3,2.2,36.0,-50.5,0.0,26.4,0x20,405.002,9.0,2625,-1,2.2,,
2026-08-16T12:36:54.000Z,M20-403-2-02857,1470919014,43.91874,4.54541,24544.5,5.4,2.1,157.6,-50.5,0.0,26.4,0x20,405.002,9.0,2625,-1,2.2,,
2026-08-16T12:36:55.000Z,M20-403-2-02857,1470919015,43.91871,4.54540,24550.2,6.1,5.1,214.4,-50.5,0.0,26.4,0x20,405.002,12.0,2625,-1,2.2,,
2026-08-16T12:36:56.000Z,M20-403-2-02857,1470919016,43.91868,4.54534,24556.4,6.3,7.9,248.5,-50.5,0.0,26.3,0x20,405.002,13.4,2625,-1,2.2,,
2026-08-16T12:36:57.000Z,M20-403-2-02857,1470919017,43.91866,4.54523,24561.4,3.6,8.9,267.9,-50.5,0.0,26.3,0x20,405.002,13.4,2625,-1,2.2,,
2026-08-16T12:36:58.000Z,M20-403-2-02857,1470919018,43.91868,4.54513,24566.2,6.1,8.2,289.9,-50.5,0.0,26.3,0x20,405.002,16.4,2625,-1,2.2,,
2026-08-16T12:36:59.000Z,M20-403-2-02857,1470919019,43.91870,4.54505,24572.6,6.8,5.5,300.7,-50.4,0.0,26.3,0x20,405.002,16.4,2625,-1,2.2,,
2026-08-16T12:37:00.000Z,M20-403-2-02857,1470919020,43.91872,4.54501,24578.5,4.9,3.2,312.2,-50.4,0.0,26.2,0x20,405.002,14.7,2625,-1,2.2,,
2026-08-16T12:37:01.000Z,M20-403-2-02857,1470919021,43.91874,4.54499,24584.6,7.4,2.4,345.1,-50.3,0.0,26.2,0x20,405.002,14.7,2625,-1,2.2,,
2026-08-16T12:37:02.000Z,M20-403-2-02857,1470919022,43.91876,4.54498,24591.0,5.3,2.8,333.3,-50.3,0.0,26.2,0x20,405.002,12.1,2625,-1,2.2,,
2026-08-16T12:37:03.000Z,M20-403-2-02857,1470919023,43.91878,4.54495,24597.0,6.8,3.5,277.0,-50.3,0.0,26.2,0x20,405.002,7.3,2625,-1,2.2,,
2026-08-16T12:37:04.000Z,M20-403-2-02857,1470919024,43.91877,4.54489,24603.2,5.5,6.1,243.0,-50.4,0.0,26.1,0x20,405.002,3.4,2625,-1,2.2,,
2026-08-16T12:37:05.000Z,M20-403-2-02857,1470919025,43.91873,4.54482,24608.2,4.6,8.6,233.9,-50.4,0.0,26.1,0x20,405.002,2.9,2625,-1,2.2,,
2026-08-16T12:37:06.000Z,M20-403-2-02857,1470919026,43.91869,4.54472,24614.1,7.1,9.8,247.9,-50.4,0.0,26.1,0x20,405.002,3.5,2625,-1,2.2,,
2026-08-16T12:37:07.000Z,M20-403-2-02857,1470919027,43.91868,4.54460,24621.1,6.9,9.8,272.4,-50.4,0.0,26.0,0x20,405.002,11.1,2625,-1,2.2,,
2026-08-16T12:37:08.000Z,M20-403-2-02857,1470919028,43.91870,4.54449,24627.0,4.7,9.4,294.1,-50.4,0.0,26.0,0x20,405.002,14.7,2625,-1,2.2,,
2026-08-16T12:37:09.000Z,M20-403-2-02857,1470919029,43.91874,4.54440,24632.4,6.3,7.3,315.4,-50.5,0.0,26.0,0x20,405.002,16.4,2625,-1,2.2,,
2026-08-16T12:37:10.000Z,M20-403-2-02857,1470919030,43.91877,4.54436,24639.0,6.7,3.3,334.6,-50.4,0.0,26.0,0x20,405.002,16.4,2625,-1,2.2,,
2026-08-16T12:37:11.000Z,M20-403-2-02857,1470919031,43.91879,4.54435,24643.9,3.3,0.6,352.5,-50.3,0.0,25.9,0x20,405.002,14.6,2625,-1,2.2,,
2026-08-16T12:37:12.000Z,M20-403-2-02857,1470919032,43.91878,4.54434,24648.6,6.1,2.6,216.6,-50.3,0.0,25.9,0x20,405.002,13.8,2625,-1,2.2,,
2026-08-16T12:37:13.000Z,M20-403-2-02857,1470919033,43.91876,4.54429,24655.3,7.4,6.4,248.6,-50.4,0.0,25.9,0x20,405.002,13.2,2625,-1,2.2,,
2026-08-16T12:37:14.000Z,M20-403-2-02857,1470919034,43.91875,4.54420,24661.0,4.0,9.2,259.2,-50.4,0.0,25.9,0x20,405.002,15.1,2625,-1,2.2,,
2026-08-16T12:37:15.000Z,M20-403-2-02857,1470919035,43.91873,4.54408,24666.0,6.0,10.7,265.7,-50.4,0.0,25.8,0x20,405.002,15.1,2625,-1,2.2,,
2026-08-16T12:37:16.000Z,M20-403-2-02857,1470919036,43.91873,4.54396,24672.7,7.3,8.7,269.0,-50.4,0.0,25.8,0x20,405.002,14.8,2625,-1,2.2,,
2026-08-16T12:37:17.000Z,M20-403-2-02857,1470919037,43.91873,4.54386,24678.5,4.5,6.4,271.9,-50.4,0.0,25.8,0x20,405.002,3.5,2625,-1,2.2,,
2026-08-16T12:37:18.000Z,M20-403-2-02857,1470919038,43.91873,4.54379,24683.5,5.7,4.7,279.5,-50.4,0.0,25.8,0x20,405.002,3.5,2625,-1,2.2,,
2026-08-16T12:37:19.000Z,M20-403-2-02857,1470919039,43.91874,4.54373,24689.8,6.9,5.3,284.7,-50.5,0.0,25.7,0x20,405.002,11.2,2625,-1,2.2,,
2026-08-16T12:37:20.000Z,M20-403-2-02857,1470919040,43.91875,4.54366,24696.1,5.9,5.9,280.5,-50.5,0.0,25.7,0x20,405.002,11.8,2625,-1,2.2,,
2026-08-16T12:37:21.000Z,M20-403-2-02857,1470919041,43.91876,4.54359,24702.1,6.4,5.3,265.2,-50.6,0.0,25.7,0x20,405.002,13.4,2625,-1,2.2,,
2026-08-16T12:37:22.000Z,M20-403-2-02857,1470919042,43.91874,4.54354,24708.4,6.4,4.7,234.2,-50.6,0.0,25.6,0x20,405.002,15.1,2625,-1,2.2,,
2026-08-16T12:37:23.000Z,M20-403-2-02857,1470919043,43.91871,4.54349,24714.2,5.6,5.4,221.6,-50.6,0.0,25.6,0x20,405.002,15.1,2625,-1,2.2,,
2026-08-16T12:37:24.000Z,M20-403-2-02857,1470919044,43.91868,4.54343,24720.3,7.0,6.8,237.7,-50.6,0.0,25.6,0x20,405.002,12.3,2625,-1,2.2,,
2026-08-16T12:37:25.000Z,M20-403-2-02857,1470919045,43.91865,4.54334,24727.1,6.6,9.3,258.9,-50.7,0.0,25.6,0x20,405.002,9.7,2625,-1,2.2,,
2026-08-16T12:37:26.000Z,M20-403-2-02857,1470919046,43.91864,4.54321,24732.4,4.3,10.6,270.5,-50.7,0.0,25.5,0x20,405.002,12.4,2625,-1,2.2,,
2026-08-16T12:37:27.000Z,M20-403-2-02857,1470919047,43.91865,4.54309,24737.7,6.7,9.7,280.1,-50.6,0.0,25.5,0x20,405.002,12.4,2625,-1,2.2,,
2026-08-16T12:37:28.000Z,M20-403-2-02857,1470919048,43.91867,4.54299,24744.2,6.4,6.3,283.6,-50.7,0.0,25.5,0x20,405.002,14.6,2625,-1,2.2,,
2026-08-16T12:37:29.000Z,M20-403-2-02857,1470919049,43.91868,4.54293,24749.2,3.8,3.9,283.3,-50.7,0.0,25.5,0x20,405.002,13.5,2625,-1,2.2,,
2026-08-16T12:37:30.000Z,M20-403-2-02857,1470919050,43.91868,4.54289,24754.5,7.0,3.4,280.1,-50.6,0.0,25.4,0x20,405.002,13.5,2625,-1,2.2,,
2026-08-16T12:37:31.000Z,M20-403-2-02857,1470919051,43.91869,4.54283,24761.2,6.6,5.6,280.5,-50.6,0.0,25.4,0x20,405.002,6.8,2625,-1,2.2,,
2026-08-16T12:37:32.000Z,M20-403-2-02857,1470919052,43.91870,4.54275,24766.8,4.8,7.5,279.2,-50.6,0.0,25.4,0x20,405.002,2.8,2625,-1,2.2,,
2026-08-16T12:37:33.000Z,M20-403-2-02857,1470919053,43.91871,4.54265,24772.1,6.7,8.0,271.3,-50.6,0.0,25.4,0x20,405.002,12.8,2625,-1,2.2,,
2026-08-16T12:37:34.000Z,M20-403-2-02857,1470919054,43.91870,4.54256,24777.8,5.7,6.9,262.0,-50.6,0.0,25.3,0x20,405.002,12.8,2625,-1,2.2,,
2026-08-16T12:37:35.000Z,M20-403-2-02857,1470919055,43.91870,4.54247,24783.5,6.1,6.2,263.8,-50.6,0.0,25.3,0x20,405.002,12.2,2625,-1,2.2,,
2026-08-16T12:37:36.000Z,M20-403-2-02857,1470919056,43.91870,4.54239,24789.7,6.6,7.1,281.0,-50.7,0.0,25.3,0x20,405.002,11.7,2625,-1,2.2,,
2026-08-16T12:37:37.000Z,M20-403-2-02857,1470919057,43.91872,4.54230,24795.6,5.7,9.0,293.9,-50.7,0.0,25.2,0x20,405.002,12.2,2625,-1,2.2,,
2026-08-16T12:37:38.000Z,M20-403-2-02857,1470919058,43.91876,4.54219,24800.8,5.0,9.9,299.2,-50.7,0.0,25.2,0x20,405.002,13.2,2625,-1,2.2,,
2026-08-16T12:37:39.000Z,M20-403-2-02857,1470919059,43.91880,4.54209,24806.5,6.2,8.1,302.8,-50.7,0.0,25.2,0x20,405.002,13.2,2625,-1,2.2,,
2026-08-16T12:37:40.000Z,M20-403-2-02857,1470919060,43.91883,4.54203,24813.0,6.5,4.7,304.2,-50.8,0.0,25.2,0x20,405.002,13.6,2625,-1,2.2,,
2026-08-16T12:37:41.000Z,M20-403-2-02857,1470919061,43.91885,4.54199,24818.8,4.8,2.6,290.2,-50.9,0.0,25.2,0x20,405.002,14.5,2625,-1,2.2,,
2026-08-16T12:37:42.000Z,M20-403-2-02857,1470919062,43.91885,4.54195,24824.7,6.9,4.0,255.9,-50.9,0.0,25.1,0x20,405.002,14.5,2625,-1,2.2,,
2026-08-16T12:37:43.000Z,M20-403-2-02857,1470919063,43.91884,4.54188,24832.0,7.2,7.7,263.4,-50.9,0.0,25.1,0x20,405.002,7.5,2625,-1,2.2,,
2026-08-16T12:37:44.000Z,M20-403-2-02857,1470919064,43.91884,4.54177,24837.8,4.1,10.1,273.2,-50.9,0.0,25.1,0x20,405.002,4.0,2625,-1,2.2,,
2026-08-16T12:37:45.000Z,M20-403-2-02857,1470919065,43.91885,4.54164,24842.8,5.9,10.8,286.5,-50.9,0.0,25.1,0x20,405.002,7.2,2625,-1,2.2,,
2026-08-16T12:37:46.000Z,M20-403-2-02857,1470919066,43.91889,4.54153,24849.1,6.5,8.7,299.5,-50.9,0.0,25.0,0x20,405.002,12.2,2625,-1,2.2,,
2026-08-16T12:37:47.000Z,M20-403-2-02857,1470919067,43.91892,4.54145,24854.8,4.8,6.5,308.5,-51.0,0.0,25.0,0x20,405.002,13.9,2625,-1,2.2,,
2026-08-16T12:37:48.000Z,M20-403-2-02857,1470919068,43.91896,4.54139,24860.5,6.5,5.6,304.3,-51.1,0.0,25.0,0x20,405.002,15.9,2625,-1,2.2,,
2026-08-16T12:37:49.000Z,M20-403-2-02857,1470919069,43.91898,4.54132,24867.2,6.5,6.6,289.7,-51.1,0.0,24.9,0x20,405.002,15.9,2625,-1,2.2,,
2026-08-16T12:37:50.000Z,M20-403-2-02857,1470919070,43.91900,4.54124,24872.7,4.4,7.5,281.5,-51.1,0.0,24.9,0x20,405.002,15.6,2625,-1,2.2,,
2026-08-16T12:37:51.000Z,M20-403-2-02857,1470919071,43.91901,4.54115,24878.1,6.2,7.0,273.8,-51.0,0.0,24.9,0x20,405.002,15.6,2625,-1,2.2,,
2026-08-16T12:37:52.000Z,M20-403-2-02857,1470919072,43.91901,4.54108,24884.2,5.9,5.5,272.5,-51.1,0.0,24.9,0x20,405.002,14.8,2625,-1,2.2,,
2026-08-16T12:37:53.000Z,M20-403-2-02857,1470919073,43.91902,4.54101,24890.3,6.2,5.3,284.1,-51.1,0.0,24.9,0x20,405.002,14.8,2625,-1,2.2,,
2026-08-16T12:37:54.000Z,M20-403-2-02857,1470919074,43.91904,4.54093,24897.3,7.6,8.0,296.7,-51.2,0.0,24.8,0x20,405.002,10.4,2625,-1,2.2,,
2026-08-16T12:37:55.000Z,M20-403-2-02857,1470919075,43.91907,4.54083,24903.3,4.3,10.1,299.1,-51.3,0.0,24.8,0x20,405.002,10.4,2625,-1,2.2,,
2026-08-16T12:37:56.000Z,M20-403-2-02857,1470919076,43.91912,4.54072,24908.2,5.6,10.9,302.4,-51.3,0.0,24.8,0x20,405.002,3.3,2625,-1,2.2,,
2026-08-16T12:37:57.000Z,M20-403-2-02857,1470919077,43.91917,4.54062,24914.5,6.8,8.5,306.2,-51.5,0.0,24.7,0x20,405.002,3.3,2625,-1,2.2,,
2026-08-16T12:37:58.000Z,M20-403-2-02857,1470919078,43.91921,4.54055,24919.9,4.1,6.3,308.3,-51.4,0.0,24.7,0x20,405.002,3.1,2625,-1,2.2,,
2026-08-16T12:37:59.000Z,M20-403-2-02857,1470919079,43.91924,4.54049,24925.1,6.1,5.2,295.0,-51.4,0.0,24.7,0x20,405.002,10.9,2625,-1,2.2,,
2026-08-16T12:38:00.000Z,M20-403-2-02857,1470919080,43.91926,4.54042,24931.5,6.7,7.2,284.1,-51.4,0.0,24.7,0x20,405.002,11.4,2625,-1,2.2,,
2026-08-16T12:38:01.000Z,M20-403-2-02857,1470919081,43.91927,4.54032,24937.5,5.0,8.8,283.2,-51.5,0.0,24.6,0x20,405.002,14.1,2625,-1,2.2,,
2026-08-16T12:38:02.000Z,M20-403-2-02857,1470919082,43.91929,4.54021,24943.2,6.4,9.2,286.6,-51.5,0.0,24.6,0x20,405.002,14.6,2625,-1,2.2,,
2026-08-16T12:38:03.000Z,M20-403-2-02857,1470919083,43.91932,4.54012,24949.7,6.4,7.5,294.8,-51.6,0.0,24.6,0x20,405.002,14.6,2625,-1,2.2,,
2026-08-16T12:38:04.000Z,M20-403-2-02857,1470919084,43.91935,4.54004,24955.3,4.8,6.7,303.0,-51.6,0.0,24.6,0x20,405.002,13.7,2625,-1,2.2,,
2026-08-16T12:38:05.000Z,M20-403-2-02857,1470919085,43.91939,4.53997,24961.3,7.2,7.7,304.5,-51.6,0.0,24.6,0x20,405.002,14.7,2625,-1,2.2,,
2026-08-16T12:38:06.000Z,M20-403-2-02857,1470919086,43.91943,4.53988,24967.7,5.5,9.4,298.5,-51.7,0.0,24.5,0x20,405.002,15.9,2625,-1,2.2,,
2026-08-16T12:38:07.000Z,M20-403-2-02857,1470919087,43.91946,4.53977,24973.0,4.9,10.1,292.9,-51.7,0.0,24.5,0x20,405.002,15.9,2625,-1,2.2,,
2026-08-16T12:38:08.000Z,M20-403-2-02857,1470919088,43.91949,4.53966,24979.3,7.6,8.2,289.8,-51.7,0.0,24.4,0x20,405.002,15.8,2625,-1,2.2,,
2026-08-16T12:38:09.000Z,M20-403-2-02857,1470919089,43.91952,4.53958,24985.2,4.2,6.6,292.3,-51.7,0.0,24.4,0x20,405.002,3.5,2625,-1,2.2,,
2026-08-16T12:38:10.000Z,M20-403-2-02857,1470919090,43.91954,4.53951,24990.8,6.9,6.3,299.5,-51.7,0.0,24.4,0x20,405.002,3.5,2625,-1,2.2,,
2026-08-16T12:38:11.000Z,M20-403-2-02857,1470919091,43.91958,4.53942,24997.6,6.7,8.7,300.3,-51.7,0.0,24.4,0x20,405.002,3.3,2625,-1,2.2,,
2026-08-16T12:38:12.000Z,M20-403-2-02857,1470919092,43.91962,4.53932,25002.7,3.6,10.8,301.7,-51.7,0.0,24.4,0x20,405.002,9.5,2625,-1,2.2,,
2026-08-16T12:38:13.000Z,M20-403-2-02857,1470919093,43.91968,4.53921,25007.5,5.9,11.9,311.1,-51.7,0.0,24.3,0x20,405.002,12.1,2625,-1,2.2,,
2026-08-16T12:38:14.000Z,M20-403-2-02857,1470919094,43.91976,4.53911,25013.5,6.1,10.7,323.5,-51.7,0.0,24.3,0x20,405.002,13.3,2625,-1,2.2,,
2026-08-16T12:38:15.000Z,M20-403-2-02857,1470919095,43.91983,4.53905,25019.0,4.8,9.1,330.4,-51.6,0.0,24.3,0x20,405.002,14.2,2625,-1,2.2,,
2026-08-16T12:38:16.000Z,M20-403-2-02857,1470919096,43.91989,4.53899,25024.2,5.5,7.1,322.0,-51.6,0.0,24.3,0x20,405.002,14.2,2625,-1,2.2,,
2026-08-16T12:38:17.000Z,M20-403-2-02857,1470919097,43.91993,4.53892,25029.9,6.0,7.5,298.5,-51.6,0.0,24.3,0x20,405.002,12.6,2625,-1,2.2,,
2026-08-16T12:38:18.000Z,M20-403-2-02857,1470919098,43.91996,4.53883,25035.5,5.2,9.3,287.0,-51.6,0.0,24.2,0x20,405.002,11.6,2625,-1,2.2,,
2026-08-16T12:38:19.000Z,M20-403-2-02857,1470919099,43.91999,4.53871,25040.4,4.6,10.0,288.6,-51.6,0.0,24.2,0x20,405.002,16.3,2625,-1,2.2,,
2026-08-16T12:38:20.000Z,M20-403-2-02857,1470919100,43.92003,4.53861,25046.1,6.8,8.9,307.4,-51.6,0.0,24.2,0x20,405.002,16.3,2625,-1,2.2,,
2026-08-16T12:38:21.000Z,M20-403-2-02857,1470919101,43.92009,4.53854,25052.2,5.5,8.5,334.9,-51.7,0.0,24.1,0x20,405.002,14.6,2625,-1,2.2,,
2026-08-16T12:38:22.000Z,M20-403-2-02857,1470919102,43.92016,4.53851,25057.0,4.0,8.8,352.7,-51.6,0.0,24.1,0x20,405.002,3.8,2625,-1,2.2,,
2026-08-16T12:38:23.000Z,M20-403-2-02857,1470919103,43.92023,4.53850,25062.9,7.9,7.7,350.5,-51.7,0.0,24.1,0x20,405.002,3.3,2625,-1,2.2,,
2026-08-16T12:38:24.000Z,M20-403-2-02857,1470919104,43.92029,4.53847,25070.2,6.7,6.8,323.2,-51.8,0.0,24.1,0x20,405.002,7.1,2625,-1,2.2,,
2026-08-16T12:38:25.000Z,M20-403-2-02857,1470919105,43.92033,4.53841,25074.8,2.6,7.2,304.1,-51.7,0.0,24.1,0x20,405.002,14.8,2625,-1,2.2,,
2026-08-16T12:38:26.000Z,M20-403-2-02857,1470919106,43.92036,4.53833,25078.9,5.5,7.1,291.4,-51.6,0.0,24.0,0x20,405.002,15.6,2625,-1,2.2,,
2026-08-16T12:38:27.000Z,M20-403-2-02857,1470919107,43.92039,4.53826,25084.7,6.0,5.5,304.2,-51.6,0.0,24.0,0x20,405.002,15.6,2625,-1,2.2,,
2026-08-16T12:38:28.000Z,M20-403-2-02857,1470919108,43.92042,4.53821,25089.9,4.5,5.4,323.5,-51.5,0.0,24.0,0x20,405.002,12.7,2625,-1,2.2,,
2026-08-16T12:38:29.000Z,M20-403-2-02857,1470919109,43.92047,4.53817,25094.8,5.4,6.8,326.0,-51.4,0.0,24.0,0x20,405.002,11.6,2625,-1,2.2,,
2026-08-16T12:38:30.000Z,M20-403-2-02857,1470919110,43.92052,4.53811,25100.5,5.8,8.3,318.7,-51.4,0.0,24.0,0x20,405.002,17.0,2625,-1,2.2,,
2026-08-16T12:38:31.000Z,M20-403-2-02857,1470919111,43.92058,4.53804,25105.5,4.4,9.2,316.1,-51.4,0.0,23.9,0x20,405.002,17.0,2625,-1,2.2,,
2026-08-16T12:38:32.000Z,M20-403-2-02857,1470919112,43.92064,4.53796,25110.4,5.2,8.9,324.2,-51.3,0.0,23.9,0x20,405.002,16.5,2625,-1,2.2,,
2026-08-16T12:38:33.000Z,M20-403-2-02857,1470919113,43.92070,4.53792,25116.0,6.1,7.7,342.4,-51.2,0.0,23.9,0x20,405.002,16.4,2625,-1,2.2,,
2026-08-16T12:38:34.000Z,M20-403-2-02857,1470919114,43.92077,4.53790,25121.5,4.8,6.4,0.4,-51.2,0.0,23.9,0x20,405.002,16.4,2625,-1,2.2,,
2026-08-16T12:38:35.000Z,M20-403-2-02857,1470919115,43.92081,4.53791,25126.3,4.9,3.9,8.9,-51.2,0.0,23.9,0x20,405.002,3.9,2625,-1,2.2,,
2026-08-16T12:38:36.000Z,M20-403-2-02857,1470919116,43.92083,4.53790,25131.9,6.3,1.9,285.5,-51.2,0.0,23.8,0x20,405.002,3.4,2625,-1,2.2,,
2026-08-16T12:38:37.000Z,M20-403-2-02857,1470919117,43.92083,4.53786,25137.2,4.2,4.8,263.2,-51.2,0.0,23.8,0x20,405.002,10.2,2625,-1,2.2,,
2026-08-16T12:38:38.000Z,M20-403-2-02857,1470919118,43.92083,4.53779,25142.2,5.8,6.8,280.4,-51.1,0.0,23.8,0x20,405.002,15.0,2625,-1,2.2,,
2026-08-16T12:38:39.000Z,M20-403-2-02857,1470919119,43.92086,4.53772,25148.6,6.8,7.2,315.8,-51.1,0.0,23.8,0x20,405.002,15.8,2625,-1,2.2,,
2026-08-16T12:38:40.000Z,M20-403-2-02857,1470919120,43.92092,4.53767,25154.3,4.6,8.2,346.4,-51.1,0.0,23.7,0x20,405.002,15.8,2625,-1,2.2,,
2026-08-16T12:38:41.000Z,M20-403-2-02857,1470919121,43.92100,4.53766,25158.1,3.0,9.2,3.1,-51.0,0.0,23.7,0x20,405.002,14.3,2625,-1,2.2,,
2026-08-16T12:38:42.000Z,M20-403-2-02857,1470919122,43.92108,4.53767,25162.5,5.6,8.5,7.5,-50.9,0.0,23.7,0x20,405.002,14.3,2625,-1,2.2,,
2026-08-16T12:38:44.000Z,M20-403-2-02857,1470919124,43.92119,4.53765,25173.9,3.8,5.6,331.9,-50.8,0.0,23.7,0x20,405.002,12.3,2625,-1,2.2,,
2026-08-16T12:38:45.000Z,M20-403-2-02857,1470919125,43.92123,4.53761,25177.6,3.8,4.5,312.6,-50.7,0.0,23.6,0x20,405.002,13.0,2625,-1,2.2,,
2026-08-16T12:38:46.000Z,M20-403-2-02857,1470919126,43.92125,4.53758,25182.7,6.2,2.5,326.2,-50.7,0.0,23.6,0x20,405.002,13.0,2625,-1,2.2,,
2026-08-16T12:38:47.000Z,M20-403-2-02857,1470919127,43.92128,4.53758,25188.0,4.3,2.7,6.7,-50.7,0.0,23.6,0x20,405.002,4.9,2625,-1,2.2,,
2026-08-16T12:38:48.000Z,M20-403-2-02857,1470919128,43.92131,4.53758,25193.0,5.8,4.3,7.8,-50.7,0.0,23.6,0x20,405.002,3.7,2625,-1,2.2,,
2026-08-16T12:38:49.000Z,M20-403-2-02857,1470919129,43.92135,4.53758,25199.3,6.5,5.5,344.3,-50.6,0.0,23.5,0x20,405.002,3.7,2625,-1,2.2,,
2026-08-16T12:38:50.000Z,M20-403-2-02857,1470919130,43.92140,4.53755,25204.6,4.0,6.4,331.4,-50.5,0.0,23.5,0x20,405.002,4.0,2625,-1,2.2,,
2026-08-16T12:38:51.000Z,M20-403-2-02857,1470919131,43.92145,4.53751,25209.4,5.6,6.6,328.3,-50.5,0.0,23.5,0x20,405.002,13.3,2625,-1,2.2,,
2026-08-16T12:38:52.000Z,M20-403-2-02857,1470919132,43.92150,4.53748,25215.5,6.4,5.3,343.3,-50.5,0.0,23.5,0x20,405.002,14.5,2625,-1,2.2,,
2026-08-16T12:38:53.000Z,M20-403-2-02857,1470919133,43.92154,4.53747,25221.0,4.6,4.0,1.3,-50.4,0.0,23.4,0x20,405.002,14.5,2625,-1,2.2,,
2026-08-16T12:38:54.000Z,M20-403-2-02857,1470919134,43.92157,4.53747,25226.7,6.9,2.1,353.1,-50.4,0.0,23.4,0x20,405.002,11.8,2625,-1,2.2,,
2026-08-16T12:38:55.000Z,M20-403-2-02857,1470919135,43.92158,4.53745,25232.6,4.9,2.1,292.6,-50.4,0.0,23.4,0x20,405.002,13.6,2625,-1,2.2,,
2026-08-16T12:38:56.000Z,M20-403-2-02857,1470919136,43.92159,4.53742,25237.3,4.3,3.4,286.2,-50.4,0.0,23.4,0x20,405.002,13.6,2625,-1,2.2,,
2026-08-16T12:38:57.000Z,M20-403-2-02857,1470919137,43.92160,4.53739,25242.6,6.3,3.1,317.8,-50.3,0.0,23.4,0x20,405.002,13.9,2625,-1,2.2,,
2026-08-16T12:38:58.000Z,M20-403-2-02857,1470919138,43.92163,4.53737,25248.0,4.6,3.9,354.3,-50.4,0.0,23.4,0x20,405.002,13.9,2625,-1,2.2,,
2026-08-16T12:38:59.000Z,M20-403-2-02857,1470919139,43.92167,4.53737,25252.9,5.2,5.2,357.4,-50.4,0.0,23.3,0x20,405.002,13.0,2625,-1,2.2,,
2026-08-16T12:39:00.000Z,M20-403-2-02857,1470919140,43.92171,4.53735,25258.0,4.9,4.9,333.5,-50.3,0.0,23.3,0x20,405.002,9.4,2625,-1,2.1,,
2026-08-16T12:39:01.000Z,M20-403-2-02857,1470919141,43.92175,4.53730,25264.7,9.1,7.0,307.9,-50.4,0.0,23.2,0x20,405.002,3.5,2625,-1,2.2,,
2026-08-16T12:39:03.000Z,M20-403-2-02857,1470919143,43.92182,4.53716,25265.3,-11.2,6.4,304.0,-50.2,0.0,23.2,0x20,405.002,13.1,2625,-1,2.2,,
2026-08-16T12:39:04.000Z,M20-403-2-02857,1470919144,43.92186,4.53709,25251.0,-19.5,6.3,308.1,-50.2,0.0,23.3,0x20,405.002,13.1,2625,-1,2.2,,
2026-08-16T12:39:05.000Z,M20-403-2-02857,1470919145,43.92189,4.53704,25229.2,-25.5,4.0,302.8,-50.3,0.0,23.4,0x20,405.002,15.4,2625,-1,2.2,,
2026-08-16T12:39:06.000Z,M20-403-2-02857,1470919146,43.92188,4.53704,25205.8,-21.4,4.9,130.2,-50.4,0.0,23.5,0x20,405.002,15.9,2625,-1,2.2,,
2026-08-16T12:39:07.000Z,M20-403-2-02857,1470919147,43.92186,4.53710,25187.7,-15.3,6.4,117.1,-50.5,0.0,23.6,0x20,405.002,15.9,2625,-1,2.2,,
2026-08-16T12:39:08.000Z,M20-403-2-02857,1470919148,43.92184,4.53716,25172.8,-14.8,3.9,90.9,-50.7,0.0,23.7,0x20,405.002,14.0,2625,-1,2.2,,
2026-08-16T12:39:10.000Z,M20-403-2-02857,1470919150,43.92191,4.53717,25141.7,-18.2,6.6,335.4,-50.9,0.0,23.8,0x20,405.002,8.4,2625,-1,2.2,,
2026-08-16T12:39:11.000Z,M20-403-2-02857,1470919151,43.92197,4.53713,25122.3,-21.6,7.8,331.1,-51.0,0.0,23.8,0x20,405.002,8.4,3000,-1,2.2,,
2026-08-16T12:39:12.000Z,M20-403-2-02857,1470919152,43.92203,4.53708,25099.8,-23.7,9.1,326.5,-51.2,0.0,23.9,0x20,405.002,16.4,2625,-1,2.2,,
2026-08-16T12:39:14.000Z,M20-403-2-02857,1470919154,43.92216,4.53695,25053.0,-23.7,8.3,315.9,-51.5,0.0,24.1,0x20,405.002,4.3,2625,-1,2.2,,
2026-08-16T12:39:15.000Z,M20-403-2-02857,1470919155,43.92220,4.53689,25029.0,-23.9,6.3,317.5,-51.7,0.0,24.2,0x20,405.002,2.9,2625,-1,2.2,,
2026-08-16T12:39:19.000Z,M20-403-2-02857,1470919159,43.92234,4.53671,24955.3,-15.8,7.3,303.6,-52.0,0.0,24.6,0x20,405.002,12.5,2625,-1,2.2,,
2026-08-16T12:39:21.000Z,M20-403-2-02857,1470919161,43.92243,4.53653,24920.7,-18.3,10.7,302.3,-51.8,0.0,24.7,0x20,405.002,12.1,2625,-1,2.2,,
2026-08-16T12:39:22.000Z,M20-403-2-02857,1470919162,43.92248,4.53642,24900.7,-21.3,11.3,297.8,-51.7,0.0,24.8,0x20,405.002,12.1,2625,-1,2.2,,
2026-08-16T12:39:24.000Z,M20-403-2-02857,1470919164,43.92257,4.53618,24862.3,-17.8,9.3,292.8,-51.5,0.0,24.9,0x20,405.002,9.1,2625,-1,2.2,,
2026-08-16T12:39:25.000Z,M20-403-2-02857,1470919165,43.92259,4.53608,24843.3,-20.1,8.0,287.0,-51.4,0.0,25.0,0x20,405.002,11.2,2625,-1,2.2,,
2026-08-16T12:39:27.000Z,M20-403-2-02857,1470919167,43.92264,4.53590,24798.3,-23.2,6.3,291.2,-51.2,0.0,25.2,0x20,405.002,11.2,2625,-1,2.2,,
2026-08-16T12:39:28.000Z,M20-403-2-02857,1470919168,43.92266,4.53583,24774.8,-21.6,6.4,289.1,-51.1,0.0,25.3,0x20,405.002,3.0,2625,-1,2.2,,
2026-08-16T12:39:32.000Z,M20-403-2-02857,1470919172,43.92270,4.53551,24694.8,-17.0,7.2,276.2,-50.9,0.0,25.7,0x20,405.002,11.3,2625,-1,2.2,,
2026-08-16T12:39:34.000Z,M20-403-2-02857,1470919174,43.92271,4.53533,24655.9,-21.8,7.0,269.5,-50.8,0.0,25.9,0x20,405.002,9.7,2625,-1,2.2,,
2026-08-16T12:39:40.000Z,M20-403-2-02857,1470919180,43.92271,4.53489,24535.8,-20.3,5.0,278.4,-50.9,0.0,26.4,0x20,405.002,2.9,2625,-1,2.2,,
2026-08-16T12:39:42.000Z,M20-403-2-02857,1470919182,43.92273,4.53478,24496.2,-19.4,4.2,283.3,-51.0,0.0,26.6,0x20,405.002,6.9,2625,-1,2.2,,
2026-08-16T12:39:43.000Z,M20-403-2-02857,1470919183,43.92274,4.53473,24475.7,-19.6,4.4,286.6,-51.1,0.0,26.7,0x20,405.002,7.6,2625,-1,2.2,,
2026-08-16T12:39:52.000Z,M20-403-2-02857,1470919192,43.92301,4.53434,24303.1,-18.0,6.6,310.5,-50.8,0.0,27.5,0x20,405.002,7.4,2625,-1,2.2,,
2026-08-16T12:39:54.000Z,M20-403-2-02857,1470919194,43.92309,4.53422,24260.2,-21.5,7.3,304.5,-50.6,0.0,27.7,0x20,405.002,3.3,2625,-1,2.2,,
2026-08-16T12:39:56.000Z,M20-403-2-02857,1470919196,43.92316,4.53411,24219.2,-19.9,6.0,315.1,-50.8,0.0,27.9,0x20,405.002,9.4,2625,-1,2.2,,
2026-08-16T12:39:58.000Z,M20-403-2-02857,1470919198,43.92326,4.53404,24179.3,-19.2,6.9,332.1,-51.0,0.0,28.1,0x20,405.002,6.9,2625,-1,2.2,,
2026-08-16T12:40:05.000Z,M20-403-2-02857,1470919205,43.92375,4.53362,24044.0,-15.9,10.4,316.7,-50.7,0.0,28.8,0x20,405.002,7.3,2625,-1,2.2,,
2026-08-16T12:40:07.000Z,M20-403-2-02857,1470919207,43.92388,4.53344,24010.3,-16.7,10.3,312.6,-50.4,0.0,28.9,0x20,405.002,3.0,2625,-1,2.2,,
2026-08-16T12:40:10.000Z,M20-403-2-02857,1470919210,43.92404,4.53313,23951.1,-20.9,9.7,307.9,-50.3,0.0,29.2,0x20,405.002,8.6,2625,-1,2.2,,
2026-08-16T12:40:15.000Z,M20-403-2-02857,1470919215,43.92424,4.53257,23857.8,-17.9,9.4,286.6,-50.1,0.0,29.7,0x20,405.002,6.5,2625,-1,2.2,,
2026-08-16T12:40:16.000Z,M20-403-2-02857,1470919216,43.92425,4.53245,23838.7,-19.9,10.0,278.4,-50.1,0.0,29.8,0x20,405.002,7.7,2625,-1,2.2,,
2026-08-16T12:40:27.000Z,M20-403-2-02857,1470919227,43.92420,4.53139,23620.0,-22.4,8.8,264.3,-50.4,0.0,30.9,0x20,405.002,10.6,2625,-1,2.2,,
2026-08-16T12:40:30.000Z,M20-403-2-02857,1470919230,43.92419,4.53107,23554.0,-22.2,8.5,276.2,-50.6,0.0,31.2,0x20,405.002,8.2,2625,-1,2.2,,
2026-08-16T12:40:37.000Z,M20-403-2-02857,1470919237,43.92424,4.53037,23401.9,-20.7,9.7,252.4,-50.4,0.0,32.0,0x20,405.002,11.5,2625,-1,2.2,,
2026-08-16T12:40:38.000Z,M20-403-2-02857,1470919238,43.92420,4.53026,23381.5,-19.3,10.4,243.2,-50.4,0.0,32.2,0x20,405.002,10.5,2625,-1,2.2,,
2026-08-16T12:40:39.000Z,M20-403-2-02857,1470919239,43.92416,4.53014,23361.4,-19.8,10.5,242.3,-50.6,0.0,32.3,0x20,405.002,10.5,2625,-1,2.2,,
2026-08-16T12:40:42.000Z,M20-403-2-02857,1470919242,43.92402,4.52984,23307.2,-15.4,8.1,233.8,-50.9,0.0,32.6,0x20,405.002,6.5,2625,-1,2.2,,
2026-08-16T12:40:43.000Z,M20-403-2-02857,1470919243,43.92398,4.52977,23290.0,-17.9,7.0,231.0,-51.0,0.0,32.7,0x20,405.002,6.4,2625,-1,2.2,,
2026-08-16T12:40:47.000Z,M20-403-2-02857,1470919247,43.92382,4.52954,23209.7,-18.4,6.2,233.9,-51.0,0.0,33.1,0x20,405.002,5.4,2625,-1,2.2,,
2026-08-16T12:40:48.000Z,M20-403-2-02857,1470919248,43.92379,4.52948,23190.3,-19.6,6.9,234.5,-50.9,0.0,33.2,0x20,405.002,11.8,2625,-1,2.2,,
2026-08-16T12:40:50.000Z,M20-403-2-02857,1470919250,43.92374,4.52932,23153.8,-16.9,8.1,250.8,-50.9,0.0,33.5,0x20,405.002,7.3,2625,-1,2.2,,
2026-08-16T12:40:53.000Z,M20-403-2-02857,1470919253,43.92364,4.52901,23092.0,-18.5,9.3,240.5,-50.6,0.0,33.8,0x20,405.002,11.5,2625,-1,2.2,,
2026-08-16T12:40:55.000Z,M20-403-2-02857,1470919255,43.92357,4.52883,23051.9,-17.8,7.9,235.0,-50.7,0.0,34.0,0x20,405.002,13.0,2625,-1,2.2,,
2026-08-16T12:40:56.000Z,M20-403-2-02857,1470919256,43.92352,4.52876,23031.8,-18.4,7.3,227.5,-50.9,0.0,34.1,0x20,405.002,13.0,2625,-1,2.2,,
2026-08-16T12:40:58.000Z,M20-403-2-02857,1470919258,43.92344,4.52865,22994.4,-16.3,6.9,217.1,-51.1,0.0,34.4,0x20,405.002,2.9,2625,-1,2.2,,
2026-08-16T12:40:59.000Z,M20-403-2-02857,1470919259,43.92339,4.52860,22976.2,-18.5,6.5,218.7,-51.3,0.0,34.5,0x20,405.002,3.1,2625,-1,2.2,,
2026-08-16T12:41:02.000Z,M20-403-2-02857,1470919262,43.92327,4.52850,22912.0,-18.9,4.5,207.5,-51.6,0.0,34.8,0x20,405.002,10.5,2625,-1,2.2,,
2026-08-16T12:41:03.000Z,M20-403-2-02857,1470919263,43.92324,4.52847,22893.3,-17.4,3.6,209.9,-51.8,0.0,34.9,0x20,405.002,9.6,2625,-1,2.2,,
2026-08-16T12:41:05.000Z,M20-403-2-02857,1470919265,43.92319,4.52844,22856.1,-19.8,2.7,219.3,-51.9,0.0,35.1,0x20,405.002,11.5,2625,-1,2.2,,
2026-08-16T12:41:09.000Z,M20-403-2-02857,1470919269,43.92310,4.52839,22775.4,-18.0,2.6,214.1,-51.7,0.0,35.6,0x20,405.002,10.3,2625,-1,2.2,,
2026-08-16T12:41:12.000Z,M20-403-2-02857,1470919272,43.92308,4.52834,22714.2,-19.3,2.0,265.6,-51.6,0.0,36.0,0x20,405.002,3.2,2625,-1,2.2,,
2026-08-16T12:41:14.000Z,M20-403-2-02857,1470919274,43.92308,4.52827,22673.4,-20.8,4.1,278.2,-52.0,0.0,36.2,0x20,405.002,9.6,2625,-1,2.2,,
2026-08-16T12:41:19.000Z,M20-403-2-02857,1470919279,43.92316,4.52806,22574.6,-19.1,3.2,300.3,-52.6,0.0,36.9,0x20,405.002,8.7,2625,-1,2.2,,
2026-08-16T12:41:22.000Z,M20-403-2-02857,1470919282,43.92316,4.52790,22510.8,-20.1,4.4,258.7,-52.7,0.0,37.2,0x20,405.002,9.3,2625,-1,2.2,,
2026-08-16T12:41:25.000Z,M20-403-2-02857,1470919285,43.92314,4.52774,22449.3,-21.0,3.8,270.6,-52.7,0.0,37.6,0x20,405.002,3.5,2625,-1,2.2,,
2026-08-16T12:41:27.000Z,M20-403-2-02857,1470919287,43.92315,4.52764,22410.6,-15.1,3.8,288.5,-52.6,0.0,37.9,0x20,405.002,10.2,2625,-1,2.2,,
2026-08-16T12:41:28.000Z,M20-403-2-02857,1470919288,43.92316,4.52759,22392.2,-19.3,3.6,299.3,-52.6,0.0,38.0,0x20,405.002,12.4,2625,-1,2.2,,
2026-08-16T12:41:30.000Z,M20-403-2-02857,1470919290,43.92321,4.52750,22354.1,-17.4,5.2,298.6,-52.5,0.0,38.3,0x20,405.002,11.0,2625,-1,2.2,,
2026-08-16T12:41:37.000Z,M20-403-2-02857,1470919297,43.92341,4.52709,22199.0,-26.2,5.9,307.3,-52.8,0.0,39.2,0x20,405.002,3.2,2625,-1,2.2,,
2026-08-16T12:41:38.000Z,M20-403-2-02857,1470919298,43.92345,4.52703,22171.2,-27.3,6.3,307.8,-53.0,0.0,39.4,0x20,405.002,3.2,2625,-1,2.2,,
2026-08-16T12:41:39.000Z,M20-403-2-02857,1470919299,43.92349,4.52697,22145.1,-23.7,6.9,305.7,-53.2,0.0,39.6,0x20,405.002,3.5,2625,-1,2.2,,
2026-08-16T12:41:40.000Z,M20-403-2-02857,1470919300,43.92352,4.52690,22120.7,-23.1,7.2,300.4,-53.3,0.0,39.7,0x20,405.002,5.4,2625,-1,2.2,,
2026-08-16T12:41:45.000Z,M20-403-2-02857,1470919305,43.92364,4.52645,22002.0,-21.0,8.0,278.0,-53.5,0.0,40.6,0x20,405.002,9.1,2625,-1,2.2,,
2026-08-16T12:41:46.000Z,M20-403-2-02857,1470919306,43.92364,4.52635,21979.6,-20.8,7.3,268.7,-53.7,0.0,40.7,0x20,405.002,12.0,2625,-1,2.2,,
2026-08-16T12:41:52.000Z,M20-403-2-02857,1470919312,43.92359,4.52605,21854.2,-19.2,2.0,297.2,-54.2,0.0,41.6,0x20,405.002,3.6,2625,-1,2.2,,
2026-08-16T12:41:55.000Z,M20-403-2-02857,1470919315,43.92365,4.52602,21791.8,-21.1,2.8,2.1,-54.1,0.0,42.0,0x20,405.002,10.8,2625,-1,2.2,,
2026-08-16T12:41:57.000Z,M20-403-2-02857,1470919317,43.92371,4.52604,21749.2,-19.1,3.5,15.2,-54.0,0.0,42.4,0x20,405.002,11.2,2625,-1,2.2,,
2026-08-16T12:42:03.000Z,M20-403-2-02857,1470919323,43.92397,4.52618,21623.0,-20.2,6.1,6.1,-53.9,0.0,43.2,0x20,405.002,2.8,2625,-1,2.2,,
2026-08-16T12:42:05.000Z,M20-403-2-02857,1470919325,43.92408,4.52618,21578.3,-20.5,6.7,350.3,-53.7,0.0,43.6,0x20,405.002,3.1,2625,-1,2.2,,
2026-08-16T12:42:06.000Z,M20-403-2-02857,1470919326,43.92414,4.52615,21555.3,-22.4,8.2,343.7,-53.6,0.0,43.8,0x20,405.002,5.8,2625,-1,2.2,,
2026-08-16T12:42:16.000Z,M20-403-2-02857,1470919336,43.92459,4.52542,21341.3,-16.6,8.0,285.3,-54.0,0.0,45.4,0x20,405.002,4.0,2625,-1,2.2,,
2026-08-16T12:42:18.000Z,M20-403-2-02857,1470919338,43.92459,4.52521,21303.5,-16.8,8.8,268.1,-54.2,0.0,45.6,0x20,405.002,7.2,2625,-1,2.2,,
2026-08-16T12:42:19.000Z,M20-403-2-02857,1470919339,43.92459,4.52510,21285.7,-15.9,8.8,268.3,-54.2,0.0,45.8,0x20,405.002,7.3,2625,-1,2.2,,
2026-08-16T12:42:20.000Z,M20-403-2-02857,1470919340,43.92459,4.52499,21267.2,-17.9,8.5,268.2,-54.1,0.0,45.9,0x20,405.002,7.4,2625,-1,2.2,,
2026-08-16T12:42:21.000Z,M20-403-2-02857,1470919341,43.92458,4.52489,21247.6,-18.7,7.4,262.5,-54.1,0.0,46.0,0x20,405.002,10.3,2625,-1,2.2,,
2026-08-16T12:42:22.000Z,M20-403-2-02857,1470919342,43.92457,4.52479,21227.9,-18.6,7.8,256.1,-54.1,0.0,46.2,0x20,405.002,10.3,2625,-1,2.2,,
2026-08-16T12:42:23.000Z,M20-403-2-02857,1470919343,43.92455,4.52470,21208.7,-17.0,6.7,250.1,-54.3,0.0,46.3,0x20,405.002,9.4,2625,-1,2.2,,
2026-08-16T12:42:24.000Z,M20-403-2-02857,1470919344,43.92453,4.52462,21190.5,-18.1,6.0,253.4,-54.6,0.0,46.5,0x20,405.002,11.4,2625,-1,2.2,,
2026-08-16T12:42:27.000Z,M20-403-2-02857,1470919347,43.92450,4.52443,21134.8,-16.5,5.6,256.2,-55.2,0.0,46.9,0x20,405.002,11.2,2625,-1,2.2,,
2026-08-16T12:42:30.000Z,M20-403-2-02857,1470919350,43.92448,4.52426,21088.2,-16.5,4.6,269.6,-55.1,0.0,47.3,0x20,405.002,3.7,2625,-1,2.2,,
2026-08-16T12:42:31.000Z,M20-403-2-02857,1470919351,43.92448,4.52421,21069.4,-18.2,4.2,276.3,-55.0,0.0,47.5,0x20,405.002,4.8,2625,-1,2.2,,
2026-08-16T12:42:32.000Z,M20-403-2-02857,1470919352,43.92448,4.52415,21050.2,-18.2,4.3,273.6,-54.9,0.0,47.6,0x20,405.002,4.8,2625,-1,2.2,,
2026-08-16T12:42:34.000Z,M20-403-2-02857,1470919354,43.92451,4.52405,21009.4,-19.1,5.3,306.0,-55.0,0.0,47.9,0x20,405.002,8.0,2625,-1,2.2,,
2026-08-16T12:42:35.000Z,M20-403-2-02857,1470919355,43.92454,4.52401,20991.6,-15.3,4.6,325.9,-55.1,0.0,48.1,0x20,405.002,13.2,2625,-1,2.2,,
2026-08-16T12:42:39.000Z,M20-403-2-02857,1470919359,43.92470,4.52390,20921.1,-19.8,4.8,325.0,-55.4,0.0,48.6,0x20,405.002,11.3,2625,-1,2.2,,
2026-08-16T12:42:41.000Z,M20-403-2-02857,1470919361,43.92476,4.52384,20875.9,-21.6,4.8,320.5,-55.4,0.0,49.0,0x20,405.002,4.1,2625,-1,2.2,,
2026-08-16T12:42:51.000Z,M20-403-2-02857,1470919371,43.92485,4.52325,20659.2,-19.2,6.8,266.9,-55.6,0.0,50.8,0x20,405.002,10.3,2625,-1,2.2,,
2026-08-16T12:42:55.000Z,M20-403-2-02857,1470919375,43.92480,4.52286,20576.5,-20.1,8.4,260.4,-56.0,0.0,51.5,0x20,405.002,3.4,2625,-1,2.2,,
2026-08-16T12:42:59.000Z,M20-403-2-02857,1470919379,43.92473,4.52255,20492.6,-20.8,5.4,235.0,-55.9,0.0,52.2,0x20,405.002,8.7,2625,-1,2.2,,
2026-08-16T12:43:27.000Z,M20-403-2-02857,1470919407,43.92395,4.52195,19908.3,-19.8,2.5,192.0,-55.6,0.0,57.6,0x20,405.002,8.9,2625,-1,2.2,,
2026-08-16T12:43:39.000Z,M20-403-2-02857,1470919419,43.92361,4.52203,19669.4,-18.4,3.5,125.6,-57.4,0.0,59.9,0x20,405.002,9.0,2625,-1,2.2,,
2026-08-16T12:43:52.000Z,M20-403-2-02857,1470919432,43.92377,4.52269,19433.3,-17.7,3.4,35.4,-58.2,0.0,62.3,0x20,405.002,9.3,2625,-1,2.2,,
2026-08-16T12:43:54.000Z,M20-403-2-02857,1470919434,43.92382,4.52275,19395.3,-18.4,3.3,41.1,-58.2,0.0,62.7,0x20,405.002,10.1,2625,-1,2.2,,
2026-08-16T12:44:12.000Z,M20-403-2-02857,1470919452,43.92415,4.52311,19088.0,-14.5,0.8,262.7,-58.6,0.0,66.0,0x20,405.002,8.8,2625,-1,2.2,,
2026-08-16T12:44:18.000Z,M20-403-2-02857,1470919458,43.92412,4.52307,18985.0,-16.8,0.9,167.9,-58.1,0.0,67.2,0x20,405.002,7.4,2625,-1,2.2,,
2026-08-16T12:44:45.000Z,M20-403-2-02857,1470919485,43.92455,4.52381,18560.7,-15.2,6.7,14.8,-57.1,0.0,72.1,0x20,405.002,7.5,2625,-1,2.2,,
2026-08-16T12:44:47.000Z,M20-403-2-02857,1470919487,43.92466,4.52387,18527.9,-15.9,6.6,27.3,-57.2,0.0,72.4,0x20,405.002,8.7,2625,-1,2.2,,
2026-08-16T12:44:58.000Z,M20-403-2-02857,1470919498,43.92507,4.52417,18350.0,-13.1,2.5,43.7,-57.4,0.0,74.6,0x20,405.002,7.3,2625,-1,2.2,,
2026-08-16T12:45:09.000Z,M20-403-2-02857,1470919509,43.92480,4.52452,18195.0,-14.4,4.0,170.6,-56.0,0.0,76.5,0x20,405.002,3.9,2625,-1,2.2,,
2026-08-16T12:45:11.000Z,M20-403-2-02857,1470919511,43.92472,4.52452,18166.2,-12.5,4.3,186.1,-55.8,0.0,77.0,0x20,405.002,6.7,2625,-1,2.2,,
2026-08-16T12:45:24.000Z,M20-403-2-02857,1470919524,43.92415,4.52500,17973.6,-12.8,3.2,132.6,-56.7,0.0,79.4,0x20,405.002,8.9,2625,-1,2.2,,
2026-08-16T12:45:35.000Z,M20-403-2-02857,1470919535,43.92418,4.52574,17810.2,-15.7,5.4,80.9,-57.7,0.0,81.5,0x20,405.002,6.6,2625,-1,2.2,,
2026-08-16T12:45:39.000Z,M20-403-2-02857,1470919539,43.92428,4.52598,17748.2,-12.4,6.3,50.8,-58.1,0.0,82.4,0x20,405.002,7.7,2625,-1,2.2,,
2026-08-16T12:45:43.000Z,M20-403-2-02857,1470919543,43.92441,4.52624,17699.5,-10.6,5.3,59.2,-58.1,0.0,83.1,0x20,405.002,8.6,2625,-1,2.2,,
2026-08-16T12:45:55.000Z,M20-403-2-02857,1470919555,43.92452,4.52683,17547.2,-12.8,7.0,84.1,-58.8,0.0,85.2,0x20,405.002,9.2,2625,-1,2.2,,
2026-08-16T12:45:56.000Z,M20-403-2-02857,1470919556,43.92452,4.52691,17531.9,-14.3,7.2,88.5,-58.8,0.0,85.4,0x20,405.002,9.2,2625,-1,2.2,,
2026-08-16T12:46:38.000Z,M20-403-2-02857,1470919598,43.92541,4.53075,16935.4,-13.9,7.2,70.5,-59.0,0.0,94.2,0x20,405.002,2.8,2625,-1,2.2,,
2026-08-16T12:47:04.000Z,M20-403-2-02857,1470919624,43.92657,4.53292,16508.1,-13.1,7.1,62.7,-56.8,0.0,101.1,0x20,405.002,2.4,2625,-1,2.2,,
2026-08-16T12:47:22.000Z,M20-403-2-02857,1470919642,43.92707,4.53403,16228.9,-13.6,7.0,71.7,-56.0,0.0,105.7,0x20,405.002,8.6,2625,-1,2.2,,
2026-08-16T12:48:46.000Z,M20-403-2-02857,1470919726,43.92763,4.54675,14966.8,-15.5,19.3,64.8,-54.6,0.0,129.5,0x20,405.002,6.7,2250,-1,2.2,,
2026-08-16T12:48:47.000Z,M20-403-2-02857,1470919727,43.92771,4.54696,14950.8,-14.1,19.1,62.8,-54.6,0.0,129.9,0x20,405.002,6.5,2250,-1,2.2,,
2026-08-16T12:49:18.000Z,M20-403-2-02857,1470919758,43.92907,4.55252,14507.2,-14.9,12.0,71.1,-54.1,0.0,139.5,0x20,405.002,5.1,2250,-1,2.2,,
2026-08-16T12:50:12.000Z,M20-403-2-02857,1470919812,43.93159,4.56060,13754.4,-13.0,11.6,76.0,-54.0,0.0,157.3,0x20,405.002,9.7,2250,-1,2.2,,
2026-08-16T12:50:23.000Z,M20-403-2-02857,1470919823,43.93178,4.56209,13619.0,-10.7,11.6,82.6,-54.6,0.0,160.8,0x20,405.002,9.0,2250,-1,2.2,,
2026-08-16T12:50:48.000Z,M20-403-2-02857,1470919848,43.93255,4.56547,13270.7,-13.4,11.4,76.3,-55.0,0.0,169.9,0x20,405.002,6.9,2250,-1,2.2,,
2026-08-16T12:50:52.000Z,M20-403-2-02857,1470919852,43.93265,4.56604,13216.7,-12.7,11.8,76.0,-54.6,0.0,171.4,0x20,405.002,13.0,2250,-1,2.2,,
2026-08-16T12:50:58.000Z,M20-403-2-02857,1470919858,43.93280,4.56687,13138.3,-10.9,11.4,76.2,-54.4,0.1,173.6,0x20,405.002,3.1,2250,-1,2.2,,
2026-08-16T12:51:02.000Z,M20-403-2-02857,1470919862,43.93289,4.56741,13081.0,-13.6,11.8,80.6,-54.1,0.2,175.1,0x20,405.002,5.8,2250,-1,2.2,,
2026-08-16T12:51:10.000Z,M20-403-2-02857,1470919870,43.93311,4.56858,12971.8,-12.3,12.3,74.2,-53.6,0.4,178.1,0x20,405.002,14.0,2250,-1,2.2,,
2026-08-16T12:51:12.000Z,M20-403-2-02857,1470919872,43.93317,4.56886,12944.6,-12.8,11.6,71.2,-53.5,0.5,178.9,0x20,405.002,3.0,2250,-1,2.2,,
2026-08-16T12:51:19.000Z,M20-403-2-02857,1470919879,43.93351,4.56980,12855.4,-11.9,12.8,58.4,-54.1,0.7,181.5,0x20,405.002,13.5,1875,-1,2.2,,
2026-08-16T12:51:41.000Z,M20-403-2-02857,1470919901,43.93480,4.57220,12572.8,-10.6,6.9,47.3,-56.8,8.7,190.0,0x20,405.002,7.8,1875,-1,2.2,,
2026-08-16T12:51:50.000Z,M20-403-2-02857,1470919910,43.93505,4.57268,12453.7,-11.6,3.8,72.2,-56.8,11.9,193.6,0x20,405.002,3.4,2250,-1,2.2,,
2026-08-16T12:51:54.000Z,M20-403-2-02857,1470919914,43.93508,4.57286,12401.5,-11.9,3.3,90.2,-56.6,13.4,195.3,0x20,405.002,5.2,1875,-1,2.2,,
2026-08-16T12:51:55.000Z,M20-403-2-02857,1470919915,43.93507,4.57291,12389.2,-11.6,4.1,90.7,-56.5,13.8,195.6,0x20,405.002,8.9,1875,-1,2.2,,
2026-08-16T12:51:56.000Z,M20-403-2-02857,1470919916,43.93508,4.57296,12377.0,-11.2,4.7,84.7,-56.4,14.2,196.0,0x20,405.002,9.9,1875,-1,2.2,,
2026-08-16T12:51:57.000Z,M20-403-2-02857,1470919917,43.93508,4.57301,12364.1,-11.8,4.5,88.2,-56.3,14.6,196.4,0x20,405.002,14.6,1875,-1,2.2,,
2026-08-16T12:52:02.000Z,M20-403-2-02857,1470919922,43.93505,4.57322,12300.7,-11.0,3.4,98.5,-55.8,16.8,198.4,0x20,405.002,11.2,1875,-1,2.2,,
2026-08-16T12:52:05.000Z,M20-403-2-02857,1470919925,43.93503,4.57334,12261.5,-11.4,3.6,104.2,-55.4,18.1,199.6,0x20,405.002,3.4,1875,-1,2.2,,
2026-08-16T12:52:10.000Z,M20-403-2-02857,1470919930,43.93499,4.57355,12202.9,-11.1,3.8,111.8,-54.9,20.2,201.5,0x20,405.002,12.4,1875,-1,2.2,,
2026-08-16T12:52:23.000Z,M20-403-2-02857,1470919943,43.93487,4.57410,12044.4,-11.4,3.7,113.6,-54.0,26.4,206.6,0x20,405.002,11.0,1875,-1,2.2,,
2026-08-16T12:52:29.000Z,M20-403-2-02857,1470919949,43.93480,4.57439,11972.7,-12.0,4.3,110.9,-53.6,29.5,209.0,0x20,405.002,3.7,1875,-1,2.2,,
2026-08-16T12:52:44.000Z,M20-403-2-02857,1470919964,43.93472,4.57499,11789.1,-9.9,3.5,109.9,-52.0,36.0,215.1,0x20,405.002,2.9,1875,-1,2.2,,
2026-08-16T12:52:47.000Z,M20-403-2-02857,1470919967,43.93470,4.57512,11753.7,-11.2,3.1,95.9,-51.7,36.9,216.3,0x20,405.002,8.0,2250,-1,2.2,,
2026-08-16T12:52:50.000Z,M20-403-2-02857,1470919970,43.93468,4.57524,11720.1,-9.5,4.2,102.6,-51.6,37.6,217.4,0x20,405.002,14.2,1875,-1,2.2,,
2026-08-16T12:52:58.000Z,M20-403-2-02857,1470919978,43.93464,4.57554,11624.9,-12.7,3.2,93.2,-51.2,39.3,220.7,0x20,405.002,3.2,2250,-1,2.2,,
2026-08-16T12:53:07.000Z,M20-403-2-02857,1470919987,43.93473,4.57597,11525.0,-7.8,4.8,78.3,-50.7,39.3,224.3,0x20,405.002,5.6,1875,-1,2.2,,
2026-08-16T12:53:09.000Z,M20-403-2-02857,1470919989,43.93476,4.57608,11508.2,-5.7,5.2,67.5,-50.6,39.2,224.9,0x20,405.002,3.3,1875,-1,2.2,,
2026-08-16T12:53:11.000Z,M20-403-2-02857,1470919991,43.93479,4.57620,11491.0,-9.5,5.6,71.2,-50.6,39.0,225.5,0x20,405.002,5.0,2250,-1,2.2,,
2026-08-16T12:53:18.000Z,M20-403-2-02857,1470919998,43.93496,4.57662,11414.9,-9.1,5.6,54.6,-50.2,38.4,228.2,0x20,405.002,12.7,1875,-1,2.2,,
2026-08-16T12:53:21.000Z,M20-403-2-02857,1470920001,43.93506,4.57676,11382.3,-10.4,5.2,37.4,-50.0,38.2,229.3,0x20,405.002,3.4,1875,-1,2.2,,
2026-08-16T12:53:31.000Z,M20-403-2-02857,1470920011,43.93545,4.57706,11272.1,-10.8,4.6,18.4,-49.2,37.4,233.3,0x20,405.002,11.7,1875,-1,2.2,,
2026-08-16T12:53:38.000Z,M20-403-2-02857,1470920018,43.93573,4.57716,11191.6,-11.7,4.3,15.6,-48.5,36.6,236.2,0x20,405.002,8.7,2250,-1,2.2,,
2026-08-16T12:53:45.000Z,M20-403-2-02857,1470920025,43.93596,4.57720,11108.9,-10.7,2.4,4.3,-48.0,35.8,239.2,0x20,405.002,6.2,2625,-1,2.2,,
2026-08-16T12:53:48.000Z,M20-403-2-02857,1470920028,43.93603,4.57721,11073.2,-9.8,1.9,6.8,-47.7,35.1,240.5,0x20,405.002,3.3,2250,-1,2.2,,
2026-08-16T12:53:51.000Z,M20-403-2-02857,1470920031,43.93608,4.57722,11041.5,-10.4,1.6,1.4,-47.5,34.3,241.8,0x20,405.002,11.0,2250,-1,2.2,,
2026-08-16T12:53:55.000Z,M20-403-2-02857,1470920035,43.93612,4.57725,11000.7,-9.8,1.7,53.7,-47.3,33.1,243.3,0x20,405.002,11.8,2250,-1,2.2,,
2026-08-16T12:53:59.000Z,M20-403-2-02857,1470920039,43.93615,4.57728,10958.9,-9.0,1.2,25.0,-46.9,32.1,244.8,0x20,405.002,8.6,2250,-1,2.2,,
2026-08-16T12:54:09.000Z,M20-403-2-02857,1470920049,43.93617,4.57738,10863.2,-9.3,1.5,105.6,-46.2,29.5,248.4,0x20,405.002,11.5,2625,-1,2.2,,
2026-08-16T12:54:18.000Z,M20-403-2-02857,1470920058,43.93613,4.57751,10764.6,-10.7,1.3,119.2,-45.3,27.2,252.2,0x20,405.002,7.1,2625,-1,2.2,,
2026-08-16T12:54:27.000Z,M20-403-2-02857,1470920067,43.93612,4.57756,10662.9,-9.1,0.5,95.4,-44.5,25.1,256.1,0x20,405.002,11.1,2625,-1,2.2,,
2026-08-16T12:54:43.000Z,M20-403-2-02857,1470920083,43.93607,4.57770,10487.5,-9.3,0.5,245.5,-43.5,22.5,263.0,0x20,405.002,6.9,2625,-1,2.2,,
2026-08-16T12:54:50.000Z,M20-403-2-02857,1470920090,43.93603,4.57775,10413.0,-7.8,1.5,136.4,-42.9,23.2,266.1,0x20,405.002,11.6,2625,-1,2.2,,
2026-08-16T12:54:54.000Z,M20-403-2-02857,1470920094,43.93601,4.57777,10381.6,-7.0,0.2,207.6,-42.6,24.0,267.4,0x20,405.002,3.3,2625,-1,2.2,,
2026-08-16T12:54:58.000Z,M20-403-2-02857,1470920098,43.93602,4.57777,10344.2,-9.6,0.8,268.5,-42.4,24.7,268.8,0x20,405.002,7.7,2625,-1,2.2,,
2026-08-16T12:54:59.000Z,M20-403-2-02857,1470920099,43.93602,4.57777,10334.4,-8.7,0.9,13.0,-42.3,24.9,269.2,0x20,405.002,11.7,2625,-1,2.2,,
2026-08-16T12:55:01.000Z,M20-403-2-02857,1470920101,43.93604,4.57777,10314.6,-8.9,0.8,3.7,-42.1,25.3,269.9,0x20,405.002,13.2,2625,-1,2.2,,
2026-08-16T12:55:03.000Z,M20-403-2-02857,1470920103,43.93606,4.57777,10295.6,-6.9,1.3,335.2,-42.0,25.7,270.7,0x20,405.002,13.5,2625,-1,2.2,,
2026-08-16T12:55:08.000Z,M20-403-2-02857,1470920108,43.93612,4.57773,10244.0,-8.8,1.7,325.1,-41.6,26.4,272.8,0x20,405.002,3.1,2625,-1,2.2,,
2026-08-16T12:55:12.000Z,M20-403-2-02857,1470920112,43.93614,4.57765,10204.5,-8.9,1.9,282.1,-41.3,27.2,274.4,0x20,405.002,9.3,2625,-1,2.2,,
2026-08-16T12:55:16.000Z,M20-403-2-02857,1470920116,43.93618,4.57756,10168.5,-6.6,2.8,295.8,-41.0,28.0,276.0,0x20,405.002,13.3,2625,-1,2.2,,
2026-08-16T12:55:22.000Z,M20-403-2-02857,1470920122,43.93623,4.57738,10112.8,-8.4,1.7,270.0,-40.4,28.8,278.3,0x20,405.002,7.7,2625,-1,2.2,,
2026-08-16T12:55:28.000Z,M20-403-2-02857,1470920128,43.93627,4.57725,10052.4,-9.1,1.8,291.7,-39.9,29.0,280.8,0x20,405.002,7.0,2625,-1,2.2,,
2026-08-16T12:55:31.000Z,M20-403-2-02857,1470920131,43.93629,4.57718,10019.0,-10.8,2.6,268.9,-39.6,29.0,282.1,0x20,405.002,5.5,2625,-1,2.2,,
2026-08-16T12:55:35.000Z,M20-403-2-02857,1470920135,43.93630,4.57708,9977.5,-7.8,2.3,282.6,-39.2,28.7,283.8,0x20,405.002,6.9,2625,-1,2.2,,
2026-08-16T12:55:45.000Z,M20-403-2-02857,1470920145,43.93636,4.57687,9881.1,-7.0,2.0,292.1,-38.3,27.5,287.9,0x20,405.002,3.2,2625,-1,2.2,,
2026-08-16T12:55:46.000Z,M20-403-2-02857,1470920146,43.93637,4.57686,9871.9,-9.0,1.4,317.1,-38.2,27.4,288.3,0x20,405.002,3.9,2625,-1,2.2,,
2026-08-16T12:55:50.000Z,M20-403-2-02857,1470920150,43.93639,4.57678,9831.8,-8.6,1.6,291.3,-37.8,27.0,290.0,0x20,405.002,7.9,2625,-1,2.2,,
2026-08-16T12:55:51.000Z,M20-403-2-02857,1470920151,43.93639,4.57677,9822.3,-8.4,0.9,282.6,-37.7,26.8,290.4,0x20,405.002,7.9,2625,-1,2.2,,
2026-08-16T12:55:56.000Z,M20-403-2-02857,1470920156,43.93641,4.57670,9771.4,-8.1,1.4,290.7,-37.2,26.5,292.6,0x20,405.002,9.4,2625,-1,2.2,,
2026-08-16T12:55:58.000Z,M20-403-2-02857,1470920158,43.93642,4.57667,9753.5,-8.5,1.6,317.8,-37.1,26.4,293.4,0x20,405.002,3.1,2625,-1,2.2,,
2026-08-16T12:56:28.000Z,M20-403-2-02857,1470920188,43.93646,4.57648,9464.5,-8.2,1.3,269.5,-34.8,19.8,306.1,0x20,405.002,10.4,2625,-1,2.2,,
2026-08-16T12:56:49.000Z,M20-403-2-02857,1470920209,43.93643,4.57622,9266.4,-8.2,0.8,220.7,-33.3,20.0,314.9,0x20,405.002,5.9,2625,-1,2.2,,
2026-08-16T12:56:53.000Z,M20-403-2-02857,1470920213,43.93642,4.57619,9226.8,-8.4,0.9,244.6,-33.0,18.9,316.7,0x20,405.002,7.3,2625,-1,2.2,,
2026-08-16T12:57:09.000Z,M20-403-2-02857,1470920229,43.93639,4.57620,9084.0,-5.5,0.4,135.9,-31.7,16.5,323.5,0x20,405.002,11.5,2625,-1,2.2,,
2026-08-16T12:57:20.000Z,M20-403-2-02857,1470920240,43.93631,4.57630,8983.6,-8.3,1.2,168.2,-31.2,18.2,328.0,0x20,405.002,8.3,2625,-1,2.2,,
2026-08-16T12:57:34.000Z,M20-403-2-02857,1470920254,43.93624,4.57625,8855.3,-7.1,1.7,238.3,-30.2,22.6,334.1,0x20,405.002,7.6,2625,-1,2.2,,
2026-08-16T12:57:54.000Z,M20-403-2-02857,1470920274,43.93608,4.57606,8664.5,-9.0,0.5,146.0,-28.8,28.6,343.3,0x20,405.002,5.3,2625,-1,2.2,,
2026-08-16T12:58:00.000Z,M20-403-2-02857,1470920280,43.93606,4.57605,8607.9,-8.2,0.7,298.9,-28.3,28.2,346.1,0x20,405.002,7.0,2625,-1,2.2,,
2026-08-16T12:58:32.000Z,M20-403-2-02857,1470920312,43.93574,4.57588,8299.6,-9.4,1.6,189.6,-25.9,28.5,361.3,0x20,405.002,6.8,2625,-1,2.2,,
2026-08-16T12:58:37.000Z,M20-403-2-02857,1470920317,43.93569,4.57589,8253.0,-7.5,1.7,192.4,-25.5,26.9,363.7,0x20,405.002,3.9,2625,-1,2.2,,
2026-08-16T12:58:47.000Z,M20-403-2-02857,1470920327,43.93560,4.57587,8160.4,-8.6,1.3,185.9,-24.6,26.4,368.5,0x20,405.002,3.4,2625,-1,2.2,,
2026-08-16T12:59:02.000Z,M20-403-2-02857,1470920342,43.93545,4.57589,8034.8,-6.5,1.5,177.3,-23.5,27.0,374.9,0x20,405.002,3.5,3000,-1,2.2,,
2026-08-16T12:59:29.000Z,M20-403-2-02857,1470920369,43.93538,4.57560,7790.9,-9.5,1.0,248.0,-21.5,15.2,387.6,0x20,405.002,7.3,3375,-1,2.2,,
2026-08-16T12:59:45.000Z,M20-403-2-02857,1470920385,43.93535,4.57551,7635.5,-7.6,0.6,244.8,-20.6,11.5,396.0,0x20,405.002,7.8,3375,-1,2.2,,
2026-08-16T13:00:03.000Z,M20-403-2-02857,1470920403,43.93534,4.57560,7481.6,-8.0,0.3,164.3,-19.8,15.1,404.4,0x20,405.002,7.4,3375,-1,2.2,,
2026-08-16T13:00:04.000Z,M20-403-2-02857,1470920404,43.93534,4.57560,7472.3,-9.0,0.5,122.5,-19.8,14.8,404.9,0x20,405.002,7.4,3375,-1,2.2,,
2026-08-16T13:00:10.000Z,M20-403-2-02857,1470920410,43.93535,4.57564,7417.8,-8.8,0.3,3.9,-19.5,14.1,408.0,0x20,405.002,6.2,3375,-1,2.2,,
