timestamp,serial,frame,lat,lon,alt,vel_v,vel_h,heading,temp,humidity,pressure,type,freq_mhz,snr,f_error_hz,sats,batt_v,burst_timer,aux_data
2026-10-05T22:59:08.993Z,X3842932,4060,44.35731,7.80568,11708.3,4.1,21.3,130.9,-273.0,-1.0,-1.0,RS41,403.700,6.8,625,10,2.8,,
2026-10-05T22:59:12.993Z,X3842932,4064,44.35686,7.80645,11725.6,4.3,19.4,126.5,-273.0,-1.0,-1.0,RS41,403.700,6.5,625,10,2.7,,
2026-10-05T22:59:14.993Z,X3842932,4066,44.35665,7.80685,11733.3,4.2,20.1,126.5,-273.0,-1.0,-1.0,RS41,403.700,7.8,625,10,2.8,,
2026-10-05T22:59:18.993Z,X3842932,4070,44.35618,7.80765,11750.9,3.5,21.1,130.2,-273.0,-1.0,-1.0,RS41,403.700,7.5,625,10,2.7,,
2026-10-05T22:59:19.993Z,X3842932,4071,44.35606,7.80785,11754.5,3.7,21.0,130.0,-273.0,-1.0,-1.0,RS41,403.700,7.5,625,10,2.7,,
2026-10-05T22:59:20.993Z,X3842932,4072,44.35594,7.80805,11758.7,4.8,20.5,130.5,-273.0,-1.0,-1.0,RS41,403.700,8.9,625,10,2.8,,
2026-10-05T22:59:21.993Z,X3842932,4073,44.35582,7.80824,11763.1,4.0,19.8,130.7,-273.0,-1.0,-1.0,RS41,403.700,8.9,625,10,2.8,,
2026-10-05T22:59:22.993Z,X3842932,4074,44.35570,7.80843,11766.9,3.5,19.3,130.5,-273.0,-1.0,-1.0,RS41,403.700,8.4,625,10,2.8,,
2026-10-05T22:59:23.993Z,X3842932,4075,44.35559,7.80861,11770.9,4.6,19.2,129.5,-273.0,-1.0,-1.0,RS41,403.700,8.4,625,10,2.7,,
2026-10-05T22:59:24.993Z,X3842932,4076,44.35548,7.80880,11774.8,3.3,19.5,128.7,-273.0,-1.0,-1.0,RS41,403.700,9.3,625,10,2.7,,
2026-10-05T22:59:25.993Z,X3842932,4077,44.35537,7.80899,11778.6,4.2,19.6,128.9,-273.0,-1.0,-1.0,RS41,403.700,9.3,625,10,2.7,,
2026-10-05T22:59:27.993Z,X3842932,4079,44.35515,7.80936,11786.7,3.3,19.2,130.1,-273.0,-1.0,-1.0,RS41,403.700,8.0,625,10,2.8,,
2026-10-05T22:59:28.993Z,X3842932,4080,44.35504,7.80955,11790.5,4.4,19.4,129.2,-273.0,-1.0,-1.0,RS41,403.700,9.6,625,10,2.8,,
2026-10-05T22:59:29.993Z,X3842932,4081,44.35493,7.80974,11794.7,3.9,19.9,127.9,-273.0,-1.0,-1.0,RS41,403.700,9.6,625,10,2.7,,
2026-10-05T22:59:30.993Z,X3842932,4082,44.35482,7.80994,11798.6,4.0,20.4,127.7,-273.0,-1.0,-1.0,RS41,403.700,9.8,625,10,2.7,,
2026-10-05T22:59:31.993Z,X3842932,4083,44.35471,7.81014,11802.7,4.1,20.5,129.1,-273.0,-1.0,-1.0,RS41,403.700,9.8,625,10,2.7,,
2026-10-05T22:59:32.993Z,X3842932,4084,44.35459,7.81034,11806.7,3.9,20.6,130.8,-273.0,-1.0,-1.0,RS41,403.700,9.6,625,10,2.8,,
2026-10-05T22:59:33.993Z,X3842932,4085,44.35446,7.81053,11810.6,3.8,20.6,133.3,-273.0,-1.0,-1.0,RS41,403.700,10.0,625,10,2.8,,
2026-10-05T22:59:34.993Z,X3842932,4086,44.35434,7.81072,11814.5,4.0,20.9,134.8,-273.0,-1.0,-1.0,RS41,403.700,10.0,625,10,2.8,,
2026-10-05T22:59:35.993Z,X3842932,4087,44.35420,7.81090,11818.2,3.3,21.0,134.9,-56.8,-1.0,-1.0,RS41,403.700,8.6,625,10,2.7,,
2026-10-05T22:59:36.993Z,X3842932,4088,44.35407,7.81109,11822.1,4.6,20.6,133.2,-56.8,-1.0,-1.0,RS41,403.700,8.6,625,10,2.7,,
2026-10-05T22:59:37.993Z,X3842932,4089,44.35395,7.81128,11826.1,3.3,20.1,130.6,-56.8,-1.0,-1.0,RS41,403.700,7.6,625,10,2.7,,
2026-10-05T22:59:38.993Z,X3842932,4090,44.35384,7.81147,11829.9,4.3,19.6,128.4,-56.8,-1.0,-1.0,RS41,403.700,8.4,625,10,2.8,,
2026-10-05T22:59:39.993Z,X3842932,4091,44.35373,7.81166,11834.2,4.4,19.4,127.5,-56.9,-1.0,-1.0,RS41,403.700,8.4,625,10,2.8,,
2026-10-05T22:59:40.993Z,X3842932,4092,44.35362,7.81186,11838.0,3.1,19.3,127.1,-56.9,-1.0,-1.0,RS41,403.700,9.0,625,10,2.8,,
2026-10-05T22:59:41.993Z,X3842932,4093,44.35352,7.81205,11841.6,4.3,18.9,127.1,-56.9,-1.0,-1.0,RS41,403.700,9.0,625,10,2.7,,
2026-10-05T22:59:43.993Z,X3842932,4095,44.35332,7.81242,11849.4,4.1,18.4,127.6,-57.0,-1.0,-1.0,RS41,403.700,7.2,625,10,2.7,,
2026-10-05T22:59:44.993Z,X3842932,4096,44.35322,7.81260,11853.8,4.8,18.5,130.1,-57.0,-1.0,-1.0,RS41,403.700,9.0,625,10,2.8,,
2026-10-05T22:59:45.993Z,X3842932,4097,44.35311,7.81278,11857.9,3.3,18.9,132.1,-57.1,-1.0,-1.0,RS41,403.700,9.0,625,10,2.8,,
2026-10-05T22:59:46.993Z,X3842932,4098,44.35299,7.81295,11861.5,4.1,19.4,133.3,-57.1,-1.0,-1.0,RS41,403.700,8.7,625,10,2.8,,
2026-10-05T22:59:47.993Z,X3842932,4099,44.35287,7.81313,11865.7,4.3,19.6,132.8,-57.1,-1.0,-1.0,RS41,403.700,8.7,625,10,2.7,,
2026-10-05T22:59:48.993Z,X3842932,4100,44.35275,7.81331,11869.6,3.5,19.8,132.5,-57.2,-1.0,-1.0,RS41,403.700,8.9,625,10,2.7,,
2026-10-05T22:59:49.993Z,X3842932,4101,44.35263,7.81350,11873.7,4.7,19.9,133.1,-57.2,-1.0,-1.0,RS41,403.700,8.9,625,10,2.7,,
2026-10-05T22:59:50.993Z,X3842932,4102,44.35251,7.81368,11877.8,3.7,20.0,134.2,-57.2,-1.0,-1.0,RS41,403.700,8.7,625,10,2.8,,
2026-10-05T22:59:51.993Z,X3842932,4103,44.35238,7.81385,11881.6,4.2,19.9,134.1,-57.3,-1.0,-1.0,RS41,403.700,7.4,625,10,2.8,,
2026-10-05T22:59:52.993Z,X3842932,4104,44.35226,7.81403,11886.1,4.8,19.4,132.8,-57.3,-1.0,-1.0,RS41,403.700,8.4,625,10,2.8,,
2026-10-05T22:59:53.993Z,X3842932,4105,44.35214,7.81421,11890.3,3.6,19.1,132.0,-57.3,-1.0,-1.0,RS41,403.700,8.4,625,10,2.7,,
2026-10-05T22:59:54.993Z,X3842932,4106,44.35203,7.81439,11894.1,4.1,18.4,131.9,-57.3,-1.0,-1.0,RS41,403.700,7.3,625,10,2.7,,
2026-10-05T22:59:55.993Z,X3842932,4107,44.35192,7.81455,11898.0,3.7,18.0,133.2,-57.3,-1.0,-1.0,RS41,403.700,7.9,625,10,2.7,,
2026-10-05T22:59:56.993Z,X3842932,4108,44.35181,7.81472,11901.8,4.0,17.8,134.4,-57.4,-1.0,-1.0,RS41,403.700,7.9,625,10,2.8,,
2026-10-05T22:59:57.993Z,X3842932,4109,44.35170,7.81487,11905.7,4.1,17.4,134.3,-57.4,-1.0,-1.0,RS41,403.700,8.0,625,10,2.8,,
2026-10-05T22:59:58.993Z,X3842932,4110,44.35159,7.81503,11909.6,3.6,17.3,133.4,-57.4,-1.0,-1.0,RS41,403.700,8.3,625,10,2.8,,
2026-10-05T22:59:59.993Z,X3842932,4111,44.35148,7.81519,11913.3,3.9,17.7,132.7,-57.4,-1.0,-1.0,RS41,403.700,8.3,625,10,2.7,,
2026-10-05T23:00:03.993Z,X3842932,4115,44.35101,7.81588,11928.9,4.9,19.6,134.7,-57.3,-1.0,-1.0,RS41,403.700,8.6,625,10,2.8,,
2026-10-05T23:00:04.993Z,X3842932,4116,44.35089,7.81606,11933.3,3.9,19.4,134.6,-57.3,-1.0,-1.0,RS41,403.700,8.6,625,10,2.8,,
2026-10-05T23:00:05.993Z,X3842932,4117,44.35077,7.81623,11936.9,3.7,19.3,134.4,-57.3,-1.0,-1.0,RS41,403.700,9.2,625,10,2.7,,
2026-10-05T23:00:07.993Z,X3842932,4119,44.35052,7.81658,11944.7,3.5,19.8,135.4,-57.3,-1.0,-1.0,RS41,403.700,8.5,625,10,2.7,,
2026-10-05T23:00:08.993Z,X3842932,4120,44.35039,7.81675,11948.9,5.0,19.5,135.3,-57.3,-1.0,-1.0,RS41,403.700,9.2,625,10,2.8,,
2026-10-05T23:00:09.993Z,X3842932,4121,44.35027,7.81692,11953.3,3.7,19.0,134.5,-57.4,-1.0,-1.0,RS41,403.700,9.2,625,10,2.8,,
2026-10-05T23:00:10.993Z,X3842932,4122,44.35015,7.81709,11957.1,3.9,18.7,134.6,-57.4,-1.0,-1.0,RS41,403.700,9.0,625,10,2.8,,
2026-10-05T23:00:11.993Z,X3842932,4123,44.35004,7.81726,11961.5,4.9,18.8,134.2,-57.5,-1.0,-1.0,RS41,403.700,9.2,625,10,2.7,,
2026-10-05T23:00:12.993Z,X3842932,4124,44.34992,7.81742,11965.8,4.0,18.9,134.8,-57.5,-1.0,-1.0,RS41,403.700,9.2,625,10,2.7,,
2026-10-05T23:00:13.993Z,X3842932,4125,44.34980,7.81759,11970.1,4.5,18.8,134.9,-57.5,-1.0,-1.0,RS41,403.700,9.4,625,10,2.7,,
2026-10-05T23:00:14.993Z,X3842932,4126,44.34968,7.81776,11974.1,3.6,18.3,134.8,-57.6,-1.0,-1.0,RS41,403.700,9.4,625,10,2.8,,
2026-10-05T23:00:15.993Z,X3842932,4127,44.34956,7.81792,11977.7,3.6,18.3,135.6,-57.6,-1.0,-1.0,RS41,403.700,9.0,625,10,2.8,,
2026-10-05T23:00:16.993Z,X3842932,4128,44.34944,7.81808,11981.8,4.8,18.8,137.5,-57.6,-1.0,-1.0,RS41,403.700,9.0,625,10,2.8,,
2026-10-05T23:00:17.993Z,X3842932,4129,44.34932,7.81824,11986.0,3.8,19.3,137.9,-57.6,-1.0,-1.0,RS41,403.700,9.2,625,10,2.7,,
2026-10-05T23:00:18.993Z,X3842932,4130,44.34919,7.81840,11989.5,3.4,19.5,138.3,-57.6,-1.0,-1.0,RS41,403.700,9.6,625,10,2.7,,
2026-10-05T23:00:19.993Z,X3842932,4131,44.34906,7.81856,11993.5,4.6,19.4,137.6,-57.6,-1.0,-1.0,RS41,403.700,9.6,625,10,2.7,,
2026-10-05T23:00:20.993Z,X3842932,4132,44.34893,7.81873,11997.3,3.3,19.0,136.5,-57.6,-1.0,-1.0,RS41,403.700,9.3,625,10,2.8,,
2026-10-05T23:00:21.993Z,X3842932,4133,44.34881,7.81889,12000.8,4.0,18.7,136.2,-57.7,-1.0,-1.0,RS41,403.700,9.3,625,10,2.8,,
2026-10-05T23:00:22.993Z,X3842932,4134,44.34869,7.81905,12005.1,4.4,18.9,136.3,-57.7,-1.0,-1.0,RS41,403.700,9.3,625,10,2.7,,
2026-10-05T23:00:23.993Z,X3842932,4135,44.34856,7.81921,12009.2,3.8,19.0,136.5,-57.7,-1.0,-1.0,RS41,403.700,8.7,625,10,2.7,,
2026-10-05T23:00:24.993Z,X3842932,4136,44.34844,7.81938,12013.5,4.9,19.0,135.7,-57.8,-1.0,-1.0,RS41,403.700,9.1,625,10,2.8,,
2026-10-05T23:00:25.993Z,X3842932,4137,44.34832,7.81955,12017.9,3.7,18.9,134.0,-57.8,-1.0,-1.0,RS41,403.700,9.4,625,10,2.8,,
2026-10-05T23:00:26.993Z,X3842932,4138,44.34820,7.81972,12021.7,3.8,18.9,133.4,-57.8,-1.0,-1.0,RS41,403.700,9.4,625,10,2.7,,
2026-10-05T23:00:27.993Z,X3842932,4139,44.34808,7.81989,12026.0,4.7,19.5,134.0,-57.8,-1.0,-1.0,RS41,403.700,9.9,625,10,2.7,,
2026-10-05T23:00:28.993Z,X3842932,4140,44.34796,7.82007,12030.2,3.8,19.9,134.6,-57.8,-1.0,-1.0,RS41,403.700,10.0,625,10,2.8,,
2026-10-05T23:00:29.993Z,X3842932,4141,44.34783,7.82024,12034.3,4.5,19.8,135.0,-57.9,-1.0,-1.0,RS41,403.700,10.0,625,10,2.8,,
2026-10-05T23:00:30.993Z,X3842932,4142,44.34771,7.82042,12039.0,4.8,19.4,135.0,-57.9,-1.0,-1.0,RS41,403.700,9.1,625,10,2.7,,
2026-10-05T23:00:31.993Z,X3842932,4143,44.34759,7.82059,12043.0,2.9,19.0,135.2,-58.0,-1.0,-1.0,RS41,403.700,9.1,625,10,2.7,,
2026-10-05T23:00:32.993Z,X3842932,4144,44.34746,7.82075,12046.3,3.7,18.7,136.8,-58.0,-1.0,-1.0,RS41,403.700,8.2,625,10,2.7,,
2026-10-05T23:00:33.993Z,X3842932,4145,44.34734,7.82091,12050.6,4.9,18.9,139.4,-58.0,24.3,-1.0,RS41,403.700,8.0,625,10,2.8,,
2026-10-05T23:00:34.993Z,X3842932,4146,44.34721,7.82106,12055.0,3.9,19.0,140.9,-58.1,24.2,-1.0,RS41,403.700,8.2,625,10,2.8,,
2026-10-05T23:00:35.993Z,X3842932,4147,44.34708,7.82121,12058.8,3.7,18.9,141.4,-58.1,24.4,-1.0,RS41,403.700,8.6,625,10,2.8,,
2026-10-05T23:00:36.993Z,X3842932,4148,44.34694,7.82136,12063.2,5.0,18.5,140.5,-58.1,24.4,-1.0,RS41,403.700,8.9,625,10,2.7,,
2026-10-05T23:00:37.993Z,X3842932,4149,44.34682,7.82151,12068.4,5.1,17.9,139.0,-58.2,24.5,-1.0,RS41,403.700,9.4,625,10,2.7,,
2026-10-05T23:00:38.993Z,X3842932,4150,44.34670,7.82166,12072.6,3.3,17.8,137.6,-58.2,25.0,-1.0,RS41,403.700,10.4,625,10,2.7,,
2026-10-05T23:00:39.993Z,X3842932,4151,44.34658,7.82181,12076.4,4.5,18.1,137.0,-58.2,25.2,-1.0,RS41,403.700,10.4,625,10,2.8,,
2026-10-05T23:00:40.993Z,X3842932,4152,44.34646,7.82196,12081.5,5.7,18.7,138.2,-58.3,25.0,-1.0,RS41,403.700,10.5,625,10,2.8,,
2026-10-05T23:00:41.993Z,X3842932,4153,44.34633,7.82212,12086.3,3.9,19.0,139.6,-58.3,25.1,-1.0,RS41,403.700,10.7,625,10,2.8,,
2026-10-05T23:00:42.993Z,X3842932,4154,44.34620,7.82227,12090.4,4.4,18.9,141.1,-58.3,25.1,-1.0,RS41,403.700,11.4,625,10,2.7,,
2026-10-05T23:00:43.993Z,X3842932,4155,44.34607,7.82242,12094.8,4.4,18.5,141.4,-58.3,25.0,-1.0,RS41,403.700,11.4,625,10,2.7,,
2026-10-05T23:00:44.993Z,X3842932,4156,44.34594,7.82256,12098.6,3.3,18.2,141.4,-58.3,25.0,-1.0,RS41,403.700,11.1,625,10,2.7,,
2026-10-05T23:00:45.993Z,X3842932,4157,44.34581,7.82270,12102.5,4.4,18.2,142.1,-58.3,25.0,-1.0,RS41,403.700,11.4,625,10,2.8,,
2026-10-05T23:00:46.993Z,X3842932,4158,44.34568,7.82284,12107.4,5.4,18.7,142.8,-58.3,24.5,-1.0,RS41,403.700,11.4,625,10,2.8,,
2026-10-05T23:00:47.993Z,X3842932,4159,44.34555,7.82298,12112.3,4.5,19.0,143.3,-58.3,24.4,-1.0,RS41,403.700,10.7,625,10,2.8,,
2026-10-05T23:00:48.993Z,X3842932,4160,44.34541,7.82313,12117.5,5.9,19.0,142.9,-58.2,24.1,-1.0,RS41,403.700,11.2,625,10,2.7,,
2026-10-05T23:00:49.993Z,X3842932,4161,44.34528,7.82327,12123.1,5.2,18.4,142.2,-58.3,23.9,-1.0,RS41,403.700,11.6,625,10,2.7,,
2026-10-05T23:00:50.993Z,X3842932,4162,44.34515,7.82341,12128.0,4.6,18.0,142.9,-58.3,23.9,-1.0,RS41,403.700,11.6,625,10,2.7,,
2026-10-05T23:00:51.993Z,X3842932,4163,44.34502,7.82354,12132.5,4.3,17.7,144.7,-58.3,24.0,-1.0,RS41,403.700,11.3,625,10,2.8,,
2026-10-05T23:00:52.993Z,X3842932,4164,44.34489,7.82366,12136.5,3.9,17.8,147.5,-58.3,24.1,-1.0,RS41,403.700,11.3,625,10,2.8,,
2026-10-05T23:00:53.993Z,X3842932,4165,44.34475,7.82378,12140.9,4.9,18.4,149.0,-58.3,23.8,-1.0,RS41,403.700,10.9,625,10,2.7,,
2026-10-05T23:00:54.993Z,X3842932,4166,44.34460,7.82390,12145.4,4.0,19.0,150.0,-58.3,23.6,-1.0,RS41-SG,403.700,10.9,625,10,2.7,,
2026-10-05T23:00:55.993Z,X3842932,4167,44.34445,7.82402,12149.5,4.6,19.5,148.7,-58.4,23.5,-1.0,RS41-SG,403.700,11.1,625,10,2.8,,
2026-10-05T23:00:56.993Z,X3842932,4168,44.34431,7.82415,12154.6,5.6,19.3,145.7,-58.4,23.3,-1.0,RS41-SG,403.700,11.1,625,10,2.8,,
2026-10-05T23:00:57.993Z,X3842932,4169,44.34417,7.82429,12159.2,3.7,18.7,143.7,-58.4,23.5,-1.0,RS41-SG,403.700,10.5,625,10,2.7,,
2026-10-05T23:00:58.993Z,X3842932,4170,44.34404,7.82443,12164.1,6.0,17.3,140.7,-58.4,23.5,-1.0,RS41-SG,403.700,10.5,625,10,2.7,,
2026-10-05T23:00:59.993Z,X3842932,4171,44.34393,7.82456,12170.7,7.3,15.6,138.7,-58.5,23.0,-1.0,RS41-SG,403.700,9.7,625,10,2.7,,
2026-10-05T23:01:00.993Z,X3842932,4172,44.34382,7.82469,12177.9,6.9,15.0,139.6,-58.5,22.8,-1.0,RS41-SG,403.700,9.6,625,10,2.8,,
2026-10-05T23:01:01.993Z,X3842932,4173,44.34372,7.82481,12183.7,4.8,15.2,141.7,-58.6,22.9,-1.0,RS41-SG,403.700,10.0,625,10,2.8,,
2026-10-05T23:01:02.993Z,X3842932,4174,44.34361,7.82493,12187.4,2.7,16.1,143.6,-58.6,23.5,-1.0,RS41-SG,403.700,10.0,625,10,2.8,,
2026-10-05T23:01:03.993Z,X3842932,4175,44.34349,7.82505,12191.2,4.7,17.1,144.7,-58.6,23.6,-1.0,RS41-SG,403.700,10.1,625,10,2.7,,
2026-10-05T23:01:04.993Z,X3842932,4176,44.34336,7.82517,12196.3,5.4,18.0,146.4,-58.6,23.6,-1.0,RS41-SG,403.700,10.5,625,10,2.7,,
2026-10-05T23:01:05.993Z,X3842932,4177,44.34322,7.82530,12200.7,3.4,18.7,147.1,-58.7,23.6,-1.0,RS41-SG,403.700,10.5,625,10,2.7,,
2026-10-05T23:01:06.993Z,X3842932,4178,44.34307,7.82542,12204.9,5.0,19.4,150.4,-58.7,23.5,-1.0,RS41-SG,403.700,11.0,625,10,2.8,,
2026-10-05T23:01:07.993Z,X3842932,4179,44.34292,7.82554,12210.2,5.7,19.9,153.6,-58.7,23.2,-1.0,RS41-SG,403.700,11.4,625,10,2.8,,
2026-10-05T23:01:08.993Z,X3842932,4180,44.34276,7.82565,12215.0,4.1,19.5,156.0,-58.8,23.0,-1.0,RS41-SG,403.700,11.4,625,10,2.8,,
2026-10-05T23:01:09.993Z,X3842932,4181,44.34259,7.82574,12218.8,3.5,19.3,158.6,-58.8,22.8,-1.0,RS41-SG,403.700,10.1,625,10,2.7,,
2026-10-05T23:01:10.993Z,X3842932,4182,44.34244,7.82582,12223.0,5.1,18.4,161.6,-58.8,22.4,-1.0,RS41-SG,403.700,8.4,625,10,2.7,,
2026-10-05T23:01:11.993Z,X3842932,4183,44.34228,7.82589,12227.0,3.1,17.6,162.4,-58.8,22.4,-1.0,RS41-SG,403.700,8.3,625,10,2.7,,
2026-10-05T23:01:12.993Z,X3842932,4184,44.34214,7.82596,12230.6,4.3,16.9,161.7,-58.7,22.2,-1.0,RS41-SG,403.700,10.3,625,10,2.8,,
2026-10-05T23:01:13.993Z,X3842932,4185,44.34200,7.82603,12234.9,4.4,16.4,158.2,-58.7,22.2,-1.0,RS41-SG,403.700,10.3,625,10,2.8,,
2026-10-05T23:01:14.993Z,X3842932,4186,44.34186,7.82611,12238.4,2.7,16.2,155.9,-58.7,22.6,-1.0,RS41-SG,403.700,8.0,625,10,2.8,,
2026-10-05T23:01:15.993Z,X3842932,4187,44.34173,7.82619,12241.9,4.7,15.9,154.3,-58.7,22.7,-1.0,RS41-SG,403.700,7.3,625,10,2.7,,
2026-10-05T23:01:16.993Z,X3842932,4188,44.34160,7.82628,12246.4,4.3,15.9,154.3,-58.7,22.7,-1.0,RS41-SG,403.700,10.4,625,10,2.7,,
2026-10-05T23:01:17.993Z,X3842932,4189,44.34147,7.82636,12250.0,3.1,16.1,154.5,-58.7,22.9,-1.0,RS41-SG,403.700,10.4,625,10,2.7,,
2026-10-05T23:01:18.993Z,X3842932,4190,44.34134,7.82645,12253.7,4.5,16.5,153.6,-58.7,22.9,-1.0,RS41-SG,403.700,10.0,625,10,2.8,,
2026-10-05T23:01:19.993Z,X3842932,4191,44.34121,7.82655,12258.0,4.1,17.0,152.6,-58.7,22.7,-1.0,RS41-SG,403.700,8.0,625,10,2.8,,
2026-10-05T23:01:20.993Z,X3842932,4192,44.34107,7.82665,12261.8,3.7,17.3,153.2,-58.7,22.5,-1.0,RS41-SG,403.700,7.8,625,10,2.7,,
2026-10-05T23:01:21.993Z,X3842932,4193,44.34093,7.82674,12265.7,4.4,17.4,155.5,-58.7,22.1,-1.0,RS41-SG,403.700,7.9,625,10,2.7,,
2026-10-05T23:01:22.993Z,X3842932,4194,44.34079,7.82683,12269.7,3.5,17.3,158.4,-58.6,21.5,-1.0,RS41-SG,403.700,11.0,625,10,2.7,,
2026-10-05T23:01:23.993Z,X3842932,4195,44.34064,7.82690,12273.1,3.5,17.1,160.4,-58.6,21.2,-1.0,RS41-SG,403.700,11.0,625,10,2.8,,
2026-10-05T23:01:24.993Z,X3842932,4196,44.34050,7.82697,12277.2,4.7,16.9,160.3,-58.6,20.6,-1.0,RS41-SG,403.700,9.8,625,10,2.8,,
2026-10-05T23:01:25.993Z,X3842932,4197,44.34036,7.82705,12281.2,3.4,16.7,159.3,-58.6,20.4,-1.0,RS41-SG,403.700,9.9,625,10,2.8,,
2026-10-05T23:01:26.993Z,X3842932,4198,44.34022,7.82712,12284.7,3.7,16.1,158.5,-58.6,20.4,-1.0,RS41-SG,403.700,11.3,625,10,2.7,,
2026-10-05T23:01:27.993Z,X3842932,4199,44.34009,7.82719,12288.8,4.6,15.4,158.7,-58.6,20.1,-1.0,RS41-SG,403.700,11.3,625,10,2.7,,
2026-10-05T23:01:28.993Z,X3842932,4200,44.33996,7.82726,12292.9,3.6,14.9,159.1,-58.6,19.9,-1.0,RS41-SG,403.700,11.2,625,10,2.7,,
2026-10-05T23:01:29.993Z,X3842932,4201,44.33984,7.82733,12296.4,3.5,14.7,158.5,-58.5,19.8,-1.0,RS41-SG,403.700,8.4,625,10,2.8,,
2026-10-05T23:01:30.993Z,X3842932,4202,44.33971,7.82740,12300.3,4.3,15.0,156.6,-58.5,19.7,-1.0,RS41-SG,403.700,8.0,625,10,2.8,,
2026-10-05T23:01:31.993Z,X3842932,4203,44.33959,7.82748,12304.0,3.2,15.6,155.3,-58.5,19.7,-1.0,RS41-SG,403.700,9.9,625,10,2.8,,
2026-10-05T23:01:32.993Z,X3842932,4204,44.33946,7.82756,12307.8,4.2,16.2,156.5,-58.5,19.5,-1.0,RS41-SG,403.700,10.6,625,10,2.7,,
2026-10-05T23:01:33.993Z,X3842932,4205,44.33932,7.82764,12312.0,4.2,16.5,158.5,-58.5,19.2,-1.0,RS41-SG,403.700,10.9,625,10,2.7,,
2026-10-05T23:01:34.993Z,X3842932,4206,44.33918,7.82771,12316.1,4.0,17.0,159.9,-58.5,19.1,-1.0,RS41-SG,403.700,10.9,625,10,2.7,,
2026-10-05T23:01:35.993Z,X3842932,4207,44.33904,7.82778,12320.3,4.4,17.4,160.9,-58.4,18.9,-1.0,RS41-SG,403.700,10.2,625,10,2.8,,
2026-10-05T23:01:36.993Z,X3842932,4208,44.33889,7.82786,12324.4,3.8,17.8,160.8,-58.4,18.8,-1.0,RS41-SG,403.700,9.6,625,10,2.8,,
2026-10-05T23:01:37.993Z,X3842932,4209,44.33874,7.82793,12328.2,4.0,17.7,161.3,-58.4,18.7,-1.0,RS41-SG,403.700,11.9,625,10,2.7,,
2026-10-05T23:01:38.993Z,X3842932,4210,44.33859,7.82800,12332.0,3.7,17.1,163.0,-58.4,18.6,-1.0,RS41-SG,403.700,11.9,625,10,2.7,,
2026-10-05T23:01:39.993Z,X3842932,4211,44.33845,7.82806,12335.8,3.7,16.1,163.4,-58.4,18.5,-1.0,RS41-SG,403.700,10.7,625,11,2.8,,
2026-10-05T23:01:40.993Z,X3842932,4212,44.33831,7.82811,12339.2,3.3,15.0,162.9,-58.4,18.4,-1.0,RS41-SG,403.700,10.7,625,11,2.8,,
2026-10-05T23:01:41.993Z,X3842932,4213,44.33819,7.82817,12342.8,4.0,14.4,160.9,-58.4,18.2,-1.0,RS41-SG,403.700,10.3,625,11,2.7,,
2026-10-05T23:01:42.993Z,X3842932,4214,44.33807,7.82823,12346.8,4.0,14.3,157.3,-58.4,18.1,-1.0,RS41-SG,403.700,10.3,625,11,2.7,,
2026-10-05T23:01:43.993Z,X3842932,4215,44.33795,7.82830,12350.4,3.2,14.6,156.6,-58.4,18.2,-1.0,RS41-SG,403.700,10.3,625,11,2.7,,
2026-10-05T23:01:44.993Z,X3842932,4216,44.33782,7.82838,12353.7,3.3,15.1,157.8,-58.5,18.2,-1.0,RS41-SG,403.700,10.2,625,11,2.8,,
2026-10-05T23:01:45.993Z,X3842932,4217,44.33770,7.82844,12357.5,4.3,15.5,160.9,-58.5,18.1,-1.0,RS41-SG,403.700,10.2,625,11,2.8,,
2026-10-05T23:01:46.993Z,X3842932,4218,44.33756,7.82850,12361.3,3.3,15.8,164.2,-58.5,18.0,-1.0,RS41-SG,403.700,10.7,625,11,2.8,,
2026-10-05T23:01:47.993Z,X3842932,4219,44.33742,7.82855,12364.4,2.9,16.0,166.0,-58.5,18.0,-1.0,RS41-SG,403.700,10.7,625,11,2.7,,
2026-10-05T23:01:48.993Z,X3842932,4220,44.33728,7.82860,12368.2,4.5,16.1,165.6,-58.5,17.7,-1.0,RS41-SG,403.700,10.1,625,11,2.7,,
2026-10-05T23:01:49.993Z,X3842932,4221,44.33714,7.82866,12372.6,4.0,16.3,163.4,-58.5,17.5,-1.0,RS41-SG,403.700,11.0,625,11,2.7,,
2026-10-05T23:01:50.993Z,X3842932,4222,44.33700,7.82872,12376.4,3.5,16.4,162.5,-58.5,17.4,-1.0,RS41-SG,403.700,11.0,625,11,2.8,,
2026-10-05T23:01:51.993Z,X3842932,4223,44.33686,7.82878,12380.3,4.2,16.4,163.5,-58.5,17.2,-1.0,RS41-SG,403.700,11.0,625,11,2.8,,
2026-10-05T23:01:52.993Z,X3842932,4224,44.33672,7.82883,12384.1,3.3,16.4,164.2,-58.5,17.2,-1.0,RS41-SG,403.700,10.3,625,11,2.7,,
2026-10-05T23:01:53.993Z,X3842932,4225,44.33658,7.82889,12387.5,3.7,16.3,163.4,-58.6,17.2,-1.0,RS41-SG,403.700,10.5,625,11,2.7,,
2026-10-05T23:01:54.993Z,X3842932,4226,44.33644,7.82895,12391.6,4.3,16.3,161.7,-58.6,17.0,-1.0,RS41-SG,403.700,10.5,625,11,2.8,,
2026-10-05T23:01:55.993Z,X3842932,4227,44.33630,7.82902,12395.5,3.5,16.0,160.1,-58.6,17.0,-1.0,RS41-SG,403.700,11.1,625,11,2.8,,
2026-10-05T23:01:56.993Z,X3842932,4228,44.33617,7.82909,12399.0,3.4,15.6,159.7,-58.6,17.0,-1.0,RS41-SG,403.700,11.1,625,11,2.7,,
2026-10-05T23:01:57.993Z,X3842932,4229,44.33604,7.82915,12403.0,4.6,15.0,161.6,-58.6,16.9,-1.0,RS41-SG,403.700,10.5,625,11,2.7,,
2026-10-05T23:01:58.993Z,X3842932,4230,44.33591,7.82920,12407.0,3.5,14.7,164.2,-58.6,16.7,-1.0,RS41-SG,403.700,11.0,625,11,2.7,,
2026-10-05T23:01:59.993Z,X3842932,4231,44.33579,7.82925,12410.9,4.3,14.5,165.4,-58.6,16.6,-1.0,RS41-SG,403.700,11.0,625,11,2.8,,
2026-10-05T23:02:00.993Z,X3842932,4232,44.33566,7.82930,12415.1,3.9,14.7,165.0,-58.6,16.4,-1.0,RS41-SG,403.700,11.3,625,11,2.8,,
2026-10-05T23:02:01.993Z,X3842932,4233,44.33553,7.82935,12418.8,3.5,15.1,164.9,-58.6,16.4,-1.0,RS41-SG,403.700,11.3,625,11,2.8,,
2026-10-05T23:02:02.993Z,X3842932,4234,44.33540,7.82939,12422.9,4.5,15.6,166.7,-58.6,16.3,-1.0,RS41-SG,403.700,10.8,625,11,2.7,,
2026-10-05T23:02:03.993Z,X3842932,4235,44.33526,7.82944,12426.9,3.5,15.9,168.2,-58.6,16.2,-1.0,RS41-SG,403.700,10.9,625,11,2.7,,
2026-10-05T23:02:04.993Z,X3842932,4236,44.33512,7.82948,12430.6,3.8,16.2,168.2,-58.6,16.1,-1.0,RS41-SG,403.700,10.9,625,11,2.7,,
2026-10-05T23:02:05.993Z,X3842932,4237,44.33498,7.82952,12434.7,4.5,16.1,166.7,-58.6,16.0,-1.0,RS41-SG,403.700,10.6,625,11,2.8,,
2026-10-05T23:02:06.993Z,X3842932,4238,44.33484,7.82957,12438.5,3.1,15.8,164.7,-58.6,16.0,-1.0,RS41-SG,403.700,11.5,625,11,2.8,,
2026-10-05T23:02:07.993Z,X3842932,4239,44.33470,7.82963,12441.6,3.2,15.3,163.7,-58.6,16.1,-1.0,RS41-SG,403.700,11.5,625,11,2.7,,
2026-10-05T23:02:08.993Z,X3842932,4240,44.33457,7.82968,12445.2,4.2,14.7,164.8,-58.6,15.8,-1.0,RS41-SG,403.700,9.8,625,11,2.7,,
2026-10-05T23:02:09.993Z,X3842932,4241,44.33445,7.82972,12448.9,3.2,14.3,165.7,-58.6,15.7,-1.0,RS41-SG,403.700,9.7,625,11,2.8,,
2026-10-05T23:02:10.993Z,X3842932,4242,44.33432,7.82977,12452.1,3.1,14.3,166.1,-58.6,15.6,-1.0,RS41-SG,403.700,9.5,625,11,2.8,,
2026-10-05T23:02:11.993Z,X3842932,4243,44.33420,7.82981,12455.8,4.4,14.5,164.3,-58.6,15.4,-1.0,RS41-SG,403.700,9.5,625,11,2.7,,
2026-10-05T23:02:12.993Z,X3842932,4244,44.33407,7.82987,12460.1,3.9,14.8,161.7,-58.6,15.2,-1.0,RS41-SG,403.700,9.5,625,11,2.7,,
2026-10-05T23:02:13.993Z,X3842932,4245,44.33395,7.82993,12463.7,3.2,15.1,160.1,-58.6,15.2,-1.0,RS41-SG,403.700,9.2,625,11,2.7,,
2026-10-05T23:02:14.993Z,X3842932,4246,44.33382,7.82999,12467.5,4.4,15.5,160.7,-58.6,15.1,-1.0,RS41-SG,403.700,9.2,625,11,2.8,,
2026-10-05T23:02:17.993Z,X3842932,4249,44.33341,7.83018,12479.3,4.2,16.1,160.2,-58.5,14.7,-1.0,RS41-SG,403.700,7.0,625,11,2.7,,
2026-10-05T23:02:18.993Z,X3842932,4250,44.33328,7.83025,12482.9,3.1,16.2,159.0,-58.5,14.7,-1.0,RS41-SG,403.700,7.0,625,11,2.7,,
2026-10-05T23:02:20.993Z,X3842932,4252,44.33301,7.83039,12490.3,3.3,15.7,161.1,-58.4,14.3,-1.0,RS41-SG,403.700,8.1,625,11,2.8,,
2026-10-05T23:02:21.993Z,X3842932,4253,44.33288,7.83045,12493.8,3.7,15.2,161.6,-58.4,14.3,-1.0,RS41-SG,403.700,8.1,625,11,2.8,,
2026-10-05T23:02:22.993Z,X3842932,4254,44.33275,7.83051,12497.7,4.3,14.7,160.5,-58.5,14.2,-1.0,RS41-SG,403.700,8.2,625,11,2.7,,
2026-10-05T23:02:23.993Z,X3842932,4255,44.33263,7.83058,12501.2,3.0,14.4,159.1,-58.5,14.2,-1.0,RS41-SG,403.700,8.2,625,11,2.7,,
2026-10-05T23:02:24.993Z,X3842932,4256,44.33251,7.83064,12504.9,4.5,14.1,159.3,-58.5,14.0,-1.0,RS41-SG,403.700,7.7,625,11,2.7,,
2026-10-05T23:02:32.993Z,X3842932,4264,44.33150,7.83114,12535.5,4.1,15.7,162.4,-58.6,13.6,-1.0,RS41-SG,403.700,7.3,625,11,2.8,,
2026-10-05T23:02:33.993Z,X3842932,4265,44.33136,7.83120,12539.5,3.9,15.5,162.3,-58.6,13.6,-1.0,RS41-SG,403.700,7.4,625,11,2.7,,
2026-10-05T23:02:38.993Z,X3842932,4270,44.33070,7.83144,12557.7,3.3,15.1,164.3,-58.7,13.7,-1.0,RS41-SG,403.700,7.6,625,11,2.7,,
2026-10-05T23:02:40.993Z,X3842932,4272,44.33044,7.83154,12565.1,3.6,15.6,166.6,-58.6,13.3,-1.0,RS41-SG,403.700,7.3,625,11,2.8,,
2026-10-05T23:02:42.993Z,X3842932,4274,44.33016,7.83163,12571.6,4.0,15.9,167.6,-58.6,13.1,-1.0,RS41-SG,403.700,7.0,625,11,2.8,,
2026-10-05T23:02:44.993Z,X3842932,4276,44.32989,7.83171,12578.6,3.9,15.5,166.5,-58.5,12.9,-1.0,RS41-SG,403.700,7.3,625,11,2.7,,
2026-10-05T23:02:46.993Z,X3842932,4278,44.32962,7.83179,12586.6,3.2,15.5,169.7,-58.4,12.6,-1.0,RS41-SG,403.700,7.2,625,11,2.8,,
2026-10-05T23:02:48.993Z,X3842932,4280,44.32934,7.83186,12593.5,4.3,15.8,168.8,-58.4,12.5,-1.0,RS41-SG,403.700,7.1,625,11,2.7,,
2026-10-05T23:02:49.993Z,X3842932,4281,44.32920,7.83190,12597.5,3.8,15.9,166.7,-58.4,12.5,-1.0,RS41-SG,403.700,7.1,625,11,2.7,,
2026-10-05T23:02:50.993Z,X3842932,4282,44.32906,7.83195,12601.3,3.9,16.2,167.0,-58.4,12.4,-1.0,RS41-SG,403.700,7.6,625,11,2.7,,
2026-10-05T23:02:51.993Z,X3842932,4283,44.32892,7.83199,12605.3,4.2,16.3,168.6,-58.4,12.3,-1.0,RS41-SG,403.700,7.6,625,11,2.8,,
2026-10-05T23:02:52.993Z,X3842932,4284,44.32877,7.83203,12609.1,3.3,16.4,169.8,-58.4,12.3,-1.0,RS41-SG,403.700,7.2,625,11,2.8,,
2026-10-05T23:02:54.993Z,X3842932,4286,44.32849,7.83211,12616.4,3.2,16.2,168.5,-58.4,12.1,-1.0,RS41-SG,403.700,7.7,625,11,2.7,,
2026-10-05T23:02:55.993Z,X3842932,4287,44.32834,7.83215,12619.9,3.8,16.0,168.5,-58.4,12.1,-1.0,RS41-SG,403.700,7.4,625,11,2.7,,
2026-10-05T23:02:57.993Z,X3842932,4289,44.32806,7.83222,12627.6,3.1,15.7,170.9,-58.4,12.0,-1.0,RS41-SG,403.700,7.2,625,11,2.8,,
2026-10-05T23:02:58.993Z,X3842932,4290,44.32793,7.83225,12631.1,4.1,15.5,170.5,-58.4,12.0,-1.0,RS41-SG,403.700,7.7,625,11,2.8,,
2026-10-05T23:02:59.993Z,X3842932,4291,44.32779,7.83228,12635.0,3.7,15.5,168.2,-58.4,12.0,-1.0,RS41-SG,403.700,7.7,625,11,2.7,,
2026-10-05T23:03:00.993Z,X3842932,4292,44.32765,7.83233,12638.6,3.5,15.3,167.0,-58.5,12.0,-1.0,RS41-SG,403.700,7.2,625,11,2.7,,
2026-10-05T23:03:01.993Z,X3842932,4293,44.32752,7.83237,12642.7,4.7,15.1,167.4,-58.5,11.8,-1.0,RS41-SG,403.700,7.2,625,11,2.7,,
2026-10-05T23:03:06.993Z,X3842932,4298,44.32685,7.83257,12661.4,4.1,16.3,167.4,-58.6,11.6,-1.0,RS41-SG,403.700,7.9,625,11,2.7,,
2026-10-05T23:03:07.993Z,X3842932,4299,44.32670,7.83261,12665.4,4.1,16.9,168.7,-58.6,11.5,-1.0,RS41-SG,403.700,7.9,625,11,2.7,,
2026-10-05T23:03:08.993Z,X3842932,4300,44.32655,7.83266,12668.9,3.2,17.4,168.5,-58.6,11.4,-1.0,RS41-SG,403.700,8.3,625,11,2.8,,
2026-10-05T23:03:09.993Z,X3842932,4301,44.32640,7.83270,12672.7,4.4,17.8,167.2,-58.6,11.1,-1.0,RS41-SG,403.700,9.1,625,11,2.8,,
2026-10-05T23:03:10.993Z,X3842932,4302,44.32624,7.83275,12676.8,3.9,17.7,164.9,-58.6,11.0,-1.0,RS41-SG,403.700,9.1,625,11,2.7,,
2026-10-05T23:03:12.993Z,X3842932,4304,44.32593,7.83287,12685.8,4.7,17.5,165.7,-58.6,10.8,-1.0,RS41-SG,403.700,8.6,625,11,2.7,,
2026-10-05T23:03:13.993Z,X3842932,4305,44.32578,7.83292,12689.7,3.3,17.5,167.5,-58.6,10.7,-1.0,RS41-SG,403.700,8.8,625,11,2.8,,
2026-10-05T23:03:14.993Z,X3842932,4306,44.32563,7.83296,12693.5,4.1,17.8,169.9,-58.6,10.8,-1.0,RS41-SG,403.700,8.8,625,11,2.8,,
2026-10-05T23:03:15.993Z,X3842932,4307,44.32547,7.83300,12697.6,4.2,18.4,171.5,-58.6,10.7,-1.0,RS41-SG,403.700,9.3,625,11,2.8,,
2026-10-05T23:03:16.993Z,X3842932,4308,44.32530,7.83303,12701.4,3.3,18.5,171.7,-58.6,10.6,-1.0,RS41-SG,403.700,9.3,625,11,2.7,,
2026-10-05T23:03:17.993Z,X3842932,4309,44.32514,7.83307,12705.2,4.2,17.9,172.0,-58.6,10.6,-1.0,RS41-SG,403.700,9.4,625,11,2.7,,
2026-10-05T23:03:18.993Z,X3842932,4310,44.32498,7.83309,12710.2,5.8,17.2,172.8,-58.6,10.3,-1.0,RS41-SG,403.700,9.4,625,11,2.7,,
2026-10-05T23:03:19.993Z,X3842932,4311,44.32484,7.83312,12715.3,4.7,16.4,173.0,-58.5,10.4,-1.0,RS41-SG,403.700,9.1,625,11,2.8,,
2026-10-05T23:03:20.993Z,X3842932,4312,44.32469,7.83315,12719.0,2.7,15.8,172.6,-58.5,10.5,-1.0,RS41-SG,403.700,9.1,625,11,2.8,,
2026-10-05T23:03:21.993Z,X3842932,4313,44.32455,7.83317,12722.7,4.8,15.7,170.2,-58.6,10.6,-1.0,RS41-SG,403.700,8.9,625,11,2.7,,
2026-10-05T23:03:22.993Z,X3842932,4314,44.32441,7.83321,12727.7,5.2,16.4,168.5,-58.5,10.5,-1.0,RS41-SG,403.700,8.5,625,11,2.7,,
2026-10-05T23:03:23.993Z,X3842932,4315,44.32426,7.83325,12732.3,4.1,17.0,168.4,-58.4,10.5,-1.0,RS41-SG,403.700,8.4,625,11,2.7,,
2026-10-05T23:03:24.993Z,X3842932,4316,44.32411,7.83329,12737.2,5.8,17.4,170.2,-58.4,10.4,-1.0,RS41-SG,403.700,8.5,625,11,2.8,,
2026-10-05T23:03:25.993Z,X3842932,4317,44.32396,7.83333,12742.1,4.0,17.5,172.6,-58.4,10.4,-1.0,RS41-SG,403.700,8.5,625,11,2.8,,
2026-10-05T23:03:26.993Z,X3842932,4318,44.32380,7.83335,12745.8,3.5,17.9,174.6,-58.4,10.5,-1.0,RS41-SG,403.700,8.6,625,11,2.8,,
2026-10-05T23:03:27.993Z,X3842932,4319,44.32364,7.83337,12750.1,5.0,18.5,175.6,-58.4,10.4,-1.0,RS41-SG,403.700,8.6,625,11,2.7,,
2026-10-05T23:03:28.993Z,X3842932,4320,44.32347,7.83339,12754.8,4.4,18.8,175.8,-58.4,10.3,-1.0,RS41-SG,403.700,8.2,625,11,2.7,,
2026-10-05T23:03:29.993Z,X3842932,4321,44.32330,7.83340,12758.9,3.9,18.4,176.6,-58.4,10.2,-1.0,RS41-SG,403.700,8.4,625,11,2.7,,
2026-10-05T23:03:30.993Z,X3842932,4322,44.32314,7.83341,12763.5,5.2,17.8,178.7,-58.5,10.2,-1.0,RS41-SG,403.700,8.4,625,11,2.7,,
2026-10-05T23:03:31.993Z,X3842932,4323,44.32299,7.83341,12768.0,3.9,17.0,181.1,-58.5,10.1,-1.0,RS41-SG,403.700,8.3,625,11,2.8,,
2026-10-05T23:03:33.993Z,X3842932,4325,44.32269,7.83340,12775.4,3.9,16.3,180.4,-58.6,10.1,-1.0,RS41-SG,403.700,7.8,625,11,2.8,,
2026-10-05T23:03:36.993Z,X3842932,4328,44.32223,7.83343,12787.0,3.6,18.3,175.5,-58.6,10.3,-1.0,RS41-SG,403.700,7.3,625,11,2.7,,
2026-10-05T23:03:39.993Z,X3842932,4331,44.32172,7.83346,12798.6,3.9,19.0,179.9,-58.7,10.1,-1.0,RS41-SG,403.700,7.4,625,11,2.7,,
2026-10-05T23:03:40.993Z,X3842932,4332,44.32155,7.83346,12802.9,4.5,18.4,179.7,-58.7,10.0,-1.0,RS41-SG,403.700,7.4,625,11,2.7,,
2026-10-05T23:04:18.993Z,X3842932,4370,44.31585,7.83302,12954.8,3.8,17.2,181.3,-58.7,8.6,-1.0,RS41,403.700,7.4,625,11,2.8,,
2026-10-05T23:04:19.993Z,X3842932,4371,44.31569,7.83301,12958.9,4.2,17.2,181.3,-58.7,8.7,-1.0,RS41,403.700,7.4,625,11,2.8,,
2026-10-05T23:04:20.993Z,X3842932,4372,44.31554,7.83300,12963.4,4.6,16.7,182.6,-58.8,8.6,-1.0,RS41,403.700,7.2,625,11,2.8,,
2026-10-05T23:04:23.993Z,X3842932,4375,44.31512,7.83298,12975.9,4.1,15.0,180.4,-58.8,8.6,-1.0,RS41,403.700,7.4,625,11,2.7,,
2026-10-05T23:04:24.993Z,X3842932,4376,44.31498,7.83298,12979.7,3.7,15.0,178.3,-58.8,8.6,-1.0,RS41,403.700,7.4,625,11,2.7,,
2026-10-05T23:04:27.993Z,X3842932,4379,44.31458,7.83299,12991.6,3.7,15.2,180.2,-58.9,8.6,-1.0,RS41,403.700,7.0,625,11,2.8,,
2026-10-05T23:04:28.993Z,X3842932,4380,44.31444,7.83299,12995.9,4.9,15.6,180.0,-58.9,8.5,-1.0,RS41,403.700,7.6,625,11,2.7,,
2026-10-05T23:04:29.993Z,X3842932,4381,44.31430,7.83299,13000.3,4.1,16.0,179.2,-58.9,8.5,-1.0,RS41,403.700,7.7,625,11,2.7,,
2026-10-05T23:04:30.993Z,X3842932,4382,44.31415,7.83299,13004.4,4.4,16.2,180.1,-58.9,8.5,-1.0,RS41,403.700,7.7,625,11,2.7,,
2026-10-05T23:04:31.993Z,X3842932,4383,44.31401,7.83299,13008.9,4.6,16.2,181.7,-59.0,8.5,-1.0,RS41,403.700,7.1,625,11,2.7,,
2026-10-05T23:04:36.993Z,X3842932,4388,44.31329,7.83291,13029.7,4.4,15.5,185.7,-59.0,8.4,-1.0,RS41,403.700,7.6,625,11,2.7,,
2026-10-05T23:04:37.993Z,X3842932,4389,44.31315,7.83289,13033.5,3.2,15.2,185.9,-59.0,8.3,-1.0,RS41,403.700,7.6,250,11,2.7,,
2026-10-05T23:04:38.993Z,X3842932,4390,44.31302,7.83288,13037.2,4.2,15.1,184.9,-59.0,8.4,-1.0,RS41,403.700,7.3,625,11,2.8,,
2026-10-05T23:04:39.993Z,X3842932,4391,44.31288,7.83286,13041.2,3.9,15.5,182.7,-59.0,8.2,-1.0,RS41,403.700,7.5,625,11,2.8,,
2026-10-05T23:04:40.993Z,X3842932,4392,44.31274,7.83286,13045.1,4.0,15.6,180.4,-59.0,8.3,-1.0,RS41,403.700,7.5,250,11,2.7,,
2026-10-05T23:04:41.993Z,X3842932,4393,44.31260,7.83286,13049.6,4.8,15.2,178.8,-59.0,8.2,-1.0,RS41,403.700,7.8,250,11,2.7,,
2026-10-05T23:04:42.993Z,X3842932,4394,44.31247,7.83286,13053.6,3.3,14.8,178.1,-59.1,8.2,-1.0,RS41,403.700,8.0,250,11,2.7,,
2026-10-05T23:04:45.993Z,X3842932,4397,44.31207,7.83288,13065.9,3.9,15.5,178.6,-59.1,8.0,-1.0,RS41,403.700,7.3,625,11,2.8,,
2026-10-05T23:04:46.993Z,X3842932,4398,44.31193,7.83289,13070.1,4.6,15.7,180.6,-59.1,8.0,-1.0,RS41,403.700,8.6,625,11,2.7,,
2026-10-05T23:04:47.993Z,X3842932,4399,44.31179,7.83288,13074.4,3.8,15.4,182.0,-59.1,8.0,-1.0,RS41,403.700,8.7,250,11,2.7,,
2026-10-05T23:04:48.993Z,X3842932,4400,44.31165,7.83287,13078.3,3.8,15.2,182.7,-59.1,8.0,-1.0,RS41,403.700,8.7,625,11,2.7,,
2026-10-05T23:04:49.993Z,X3842932,4401,44.31151,7.83286,13082.5,4.7,15.6,182.9,-59.1,7.9,-1.0,RS41,403.700,7.8,625,11,2.7,,
2026-10-05T23:04:50.993Z,X3842932,4402,44.31137,7.83286,13086.7,3.9,16.0,182.2,-59.1,8.0,-1.0,RS41,403.700,8.3,625,11,2.8,,
2026-10-05T23:04:51.993Z,X3842932,4403,44.31123,7.83285,13090.8,4.3,15.8,181.8,-59.1,7.9,-1.0,RS41,403.700,8.3,250,11,2.8,,
2026-10-05T23:04:52.993Z,X3842932,4404,44.31108,7.83284,13094.7,3.7,15.5,182.4,-59.1,7.9,-1.0,RS41,403.700,8.0,625,11,2.8,,
2026-10-05T23:04:53.993Z,X3842932,4405,44.31095,7.83283,13098.1,3.2,15.4,183.2,-59.1,7.9,-1.0,RS41,403.700,8.2,625,11,2.7,,
2026-10-05T23:04:55.993Z,X3842932,4407,44.31067,7.83280,13106.0,3.7,15.9,185.6,-59.1,7.7,-1.0,RS41,403.700,7.2,250,11,2.7,,
2026-10-05T23:04:57.993Z,X3842932,4409,44.31038,7.83276,13114.5,4.5,15.4,185.4,-59.0,7.5,-1.0,RS41,403.700,6.8,625,11,2.8,,
2026-10-05T23:04:58.993Z,X3842932,4410,44.31025,7.83275,13118.4,3.7,15.2,184.8,-59.0,7.4,-1.0,RS41,403.700,6.8,250,11,2.8,,
2026-10-05T23:05:06.993Z,X3842932,4418,44.30909,7.83264,13149.5,2.6,17.0,186.4,-58.7,7.1,-1.0,RS41,403.700,7.1,625,11,2.8,,
2026-10-05T23:05:07.993Z,X3842932,4419,44.30894,7.83262,13152.8,4.1,16.7,187.6,-58.7,7.1,-1.0,RS41,403.700,7.1,625,11,2.7,,
2026-10-05T23:05:13.993Z,X3842932,4425,44.30810,7.83250,13177.1,4.2,16.2,181.2,-58.7,7.1,-1.0,RS41,403.700,6.7,625,11,2.7,,
2026-10-05T23:05:17.993Z,X3842932,4429,44.30753,7.83250,13192.2,4.0,15.6,183.8,-58.7,6.9,-1.0,RS41,403.700,7.5,625,11,2.7,,
2026-10-05T23:05:20.993Z,X3842932,4432,44.30710,7.83243,13203.1,3.2,16.4,187.5,-58.8,6.9,-1.0,RS41,403.700,7.2,625,11,2.8,,
2026-10-05T23:05:23.993Z,X3842932,4435,44.30668,7.83234,13214.4,3.2,15.6,190.6,-58.8,6.9,-1.0,RS41,403.700,7.5,625,11,2.7,,
2026-10-05T23:05:26.993Z,X3842932,4438,44.30627,7.83226,13226.1,3.6,15.4,185.1,-58.8,6.7,-1.0,RS41,403.700,7.2,250,11,2.6,,
2026-10-05T23:05:32.993Z,X3842932,4444,44.30542,7.83213,13250.5,4.2,15.6,188.3,-58.7,6.6,-1.0,RS41,403.700,7.1,625,11,2.7,,
2026-10-05T23:05:36.993Z,X3842932,4448,44.30489,7.83198,13265.0,3.8,14.7,190.0,-58.7,6.5,-1.0,RS41,403.700,7.1,250,11,2.8,,
2026-10-05T23:05:37.993Z,X3842932,4449,44.30476,7.83195,13268.9,4.1,14.8,188.8,-58.7,6.5,-1.0,RS41,403.700,7.3,625,11,2.7,,
2026-10-05T23:05:41.993Z,X3842932,4453,44.30423,7.83184,13284.7,3.2,15.0,186.5,-58.7,6.4,-1.0,RS41,403.700,6.4,250,10,2.7,,
2026-10-05T23:07:09.993Z,X3842932,4541,44.29334,7.82637,13627.6,4.6,13.0,192.1,-58.1,4.3,-1.0,RS41,403.700,6.8,625,10,2.7,,
2026-10-05T23:07:10.993Z,X3842932,4542,44.29322,7.82634,13631.7,3.6,13.2,191.7,-58.1,4.3,-1.0,RS41,403.700,7.0,250,10,2.8,,
2026-10-05T23:07:13.993Z,X3842932,4545,44.29288,7.82622,13643.9,4.5,12.8,197.5,-58.1,4.3,-1.0,RS41,403.700,7.4,250,10,2.6,,
2026-10-05T23:07:14.993Z,X3842932,4546,44.29277,7.82617,13648.5,4.7,13.2,198.0,-58.1,4.3,-1.0,RS41,403.700,7.5,625,10,2.6,,
2026-10-05T23:07:15.993Z,X3842932,4547,44.29266,7.82612,13652.5,3.4,13.5,198.1,-58.1,4.3,-1.0,RS41,403.700,7.5,625,10,2.7,,
2026-10-05T23:07:16.993Z,X3842932,4548,44.29254,7.82606,13656.2,3.9,13.4,198.8,-58.1,4.3,-1.0,RS41,403.700,6.9,625,10,2.7,,
2026-10-05T23:07:17.993Z,X3842932,4549,44.29243,7.82601,13660.4,4.4,13.1,199.5,-58.1,4.3,-1.0,RS41,403.700,7.2,625,10,2.6,,
2026-10-05T23:07:20.993Z,X3842932,4552,44.29209,7.82585,13673.5,3.6,14.0,197.1,-57.9,4.1,-1.0,RS41,403.700,8.1,625,10,2.7,,
2026-10-05T23:07:28.993Z,X3842932,4560,44.29109,7.82548,13703.8,4.6,14.5,193.5,-57.6,3.8,-1.0,RS41,403.700,6.6,250,10,2.7,,
2026-10-05T23:07:31.993Z,X3842932,4563,44.29073,7.82534,13716.0,3.8,14.2,195.7,-57.7,3.8,-1.0,RS41,403.700,7.5,250,10,2.6,,
2026-10-05T23:07:32.993Z,X3842932,4564,44.29060,7.82529,13720.1,4.4,14.3,196.3,-57.7,3.8,-1.0,RS41,403.700,8.0,625,10,2.7,,
2026-10-05T23:07:33.993Z,X3842932,4565,44.29048,7.82524,13724.6,4.5,14.3,197.8,-57.7,3.8,-1.0,RS41,403.700,8.0,625,10,2.7,,
2026-10-05T23:07:34.993Z,X3842932,4566,44.29036,7.82518,13728.7,3.7,14.0,199.1,-57.7,3.8,-1.0,RS41,403.700,9.8,250,10,2.7,,
2026-10-05T23:07:39.993Z,X3842932,4571,44.28975,7.82490,13748.9,3.7,14.4,199.9,-57.9,3.9,-1.0,RS41,403.700,9.2,250,10,2.7,,
2026-10-05T23:07:40.993Z,X3842932,4572,44.28962,7.82484,13753.1,4.6,14.5,199.2,-57.9,3.8,-1.0,RS41,403.700,9.5,250,10,2.7,,
2026-10-05T23:07:42.993Z,X3842932,4574,44.28937,7.82472,13761.2,3.2,14.8,198.1,-57.9,3.8,-1.0,RS41,403.700,7.3,625,10,2.6,,
2026-10-05T23:07:43.993Z,X3842932,4575,44.28925,7.82466,13764.9,4.2,14.6,200.4,-57.9,3.8,-1.0,RS41,403.700,6.9,250,10,2.6,,
2026-10-05T23:07:44.993Z,X3842932,4576,44.28913,7.82459,13768.7,3.5,14.1,203.0,-57.9,3.8,-1.0,RS41,403.700,8.3,250,10,2.7,,
2026-10-05T23:07:47.993Z,X3842932,4579,44.28880,7.82439,13780.5,4.6,13.0,202.3,-58.0,3.8,-1.0,RS41,403.700,6.6,250,10,2.6,,
2026-10-05T23:07:48.993Z,X3842932,4580,44.28869,7.82433,13784.8,4.2,13.6,201.5,-58.0,3.7,-1.0,RS41,403.700,8.9,250,10,2.6,,
2026-10-05T23:07:49.993Z,X3842932,4581,44.28857,7.82427,13789.3,4.8,14.3,202.3,-58.0,3.7,-1.0,RS41,403.700,8.9,250,10,2.6,,
2026-10-05T23:07:50.993Z,X3842932,4582,44.28845,7.82419,13793.1,2.8,14.8,204.7,-58.1,3.7,-1.0,RS41,403.700,8.4,625,10,2.6,,
2026-10-05T23:07:51.993Z,X3842932,4583,44.28833,7.82411,13796.4,3.7,15.6,206.1,-58.1,3.7,-1.0,RS41,403.700,9.1,250,10,2.7,,
2026-10-05T23:07:52.993Z,X3842932,4584,44.28820,7.82403,13800.5,4.5,16.0,206.0,-58.1,3.7,-1.0,RS41,403.700,9.1,250,10,2.7,,
2026-10-05T23:07:56.993Z,X3842932,4588,44.28772,7.82368,13816.3,3.5,13.7,209.6,-57.9,3.6,-1.0,RS41,403.700,8.1,250,10,2.7,,
2026-10-05T23:08:11.993Z,X3842932,4603,44.28593,7.82252,13875.0,4.1,15.6,204.9,-57.7,3.4,-1.0,RS41,403.700,8.3,250,10,2.6,,
2026-10-05T23:08:15.993Z,X3842932,4607,44.28544,7.82221,13895.7,3.1,14.8,204.1,-57.6,3.3,-1.0,RS41,403.700,7.6,250,10,2.6,,
2026-10-05T23:08:16.993Z,X3842932,4608,44.28532,7.82213,13899.8,4.9,14.8,208.1,-57.6,3.3,-1.0,RS41,403.700,7.6,250,10,2.6,,
2026-10-05T23:08:26.993Z,X3842932,4618,44.28420,7.82139,13952.9,6.8,14.4,191.7,-56.7,3.1,-1.0,RS41,403.700,8.4,250,10,2.6,,
2026-10-05T23:08:30.993Z,X3842932,4622,44.28384,7.82112,13984.3,5.6,9.8,235.8,-56.5,3.1,-1.0,RS41,403.700,8.5,250,10,2.7,,
2026-10-05T23:08:31.993Z,X3842932,4623,44.28380,7.82102,13989.2,4.1,8.8,246.7,-56.4,3.0,-1.0,RS41,403.700,8.5,250,10,2.7,,
2026-10-05T23:08:40.993Z,X3842932,4632,44.28343,7.82048,14031.0,6.5,10.4,238.2,-56.5,3.1,-1.0,RS41,403.700,8.8,250,10,2.7,,
2026-10-05T23:08:41.993Z,X3842932,4633,44.28337,7.82035,14037.3,6.2,12.1,241.6,-56.5,3.1,-1.0,RS41,403.700,9.1,625,10,2.7,,
2026-10-05T23:08:42.993Z,X3842932,4634,44.28332,7.82021,14043.1,5.3,13.2,241.8,-56.4,3.0,-1.0,RS41,403.700,9.1,250,10,2.6,,
2026-10-05T23:08:59.993Z,X3842932,4651,44.28251,7.81891,14133.4,4.6,8.3,230.1,-56.2,3.0,-1.0,RS41,403.700,6.4,250,9,2.6,,
2026-10-05T23:09:09.993Z,X3842932,4661,44.28223,7.81815,14177.6,3.9,3.7,234.0,-56.4,3.0,-1.0,RS41,403.700,6.6,250,9,2.6,,
2026-10-05T23:09:12.993Z,X3842932,4664,44.28214,7.81800,14190.6,3.6,6.8,229.9,-56.4,3.0,-1.0,RS41,403.700,6.4,250,9,2.7,,
2026-10-05T23:09:14.993Z,X3842932,4666,44.28206,7.81786,14199.5,5.4,7.2,233.3,-56.4,3.0,-1.0,RS41,403.700,6.5,250,9,2.6,,
2026-10-05T23:09:16.993Z,X3842932,4668,44.28199,7.81772,14208.4,4.2,6.7,233.2,-56.5,3.0,-1.0,RS41,403.700,7.2,250,9,2.6,,
2026-10-05T23:09:17.993Z,X3842932,4669,44.28195,7.81765,14213.5,5.7,6.7,230.7,-56.5,3.0,-1.0,RS41,403.700,7.2,250,9,2.7,,
2026-10-05T23:09:18.993Z,X3842932,4670,44.28191,7.81759,14219.4,6.1,6.8,229.1,-56.6,3.0,-1.0,RS41,403.700,6.8,250,9,2.7,,
2026-10-05T23:09:19.993Z,X3842932,4671,44.28187,7.81752,14224.6,4.1,6.8,230.4,-56.6,3.0,-1.0,RS41,403.700,6.8,250,9,2.6,,
2026-10-05T23:09:31.993Z,X3842932,4683,44.28153,7.81682,14288.7,5.6,5.7,239.9,-57.0,3.0,-1.0,RS41,403.700,7.1,250,9,2.6,,
2026-10-05T23:09:32.993Z,X3842932,4684,44.28151,7.81676,14293.3,3.9,5.3,249.6,-57.1,3.1,-1.0,RS41,403.700,9.2,250,9,2.7,,
2026-10-05T23:09:33.993Z,X3842932,4685,44.28150,7.81669,14297.9,5.4,5.7,259.7,-57.1,3.1,-1.0,RS41,403.700,9.2,250,9,2.7,,
2026-10-05T23:09:34.993Z,X3842932,4686,44.28149,7.81661,14304.0,6.7,6.6,262.6,-57.2,3.1,-1.0,RS41,403.700,8.6,250,9,2.6,,
2026-10-05T23:09:35.993Z,X3842932,4687,44.28148,7.81653,14309.7,4.8,7.0,259.6,-57.2,3.1,-1.0,RS41,403.700,8.6,250,9,2.6,,
2026-10-05T23:09:36.993Z,X3842932,4688,44.28147,7.81645,14314.7,5.3,6.8,253.3,-57.3,3.1,-1.0,RS41,403.700,9.1,250,9,2.6,,
2026-10-05T23:09:37.993Z,X3842932,4689,44.28145,7.81637,14320.6,6.3,6.1,250.0,-57.3,3.1,-1.0,RS41,403.700,9.1,250,9,2.7,,
2026-10-05T23:09:38.993Z,X3842932,4690,44.28143,7.81630,14326.6,5.6,5.2,245.8,-57.3,3.1,-1.0,RS41,403.700,8.9,250,9,2.7,,
2026-10-05T23:09:39.993Z,X3842932,4691,44.28141,7.81625,14331.9,5.2,4.7,238.5,-57.4,3.2,-1.0,RS41,403.700,8.5,250,9,2.6,,
2026-10-05T23:09:40.993Z,X3842932,4692,44.28138,7.81620,14337.3,5.8,5.0,229.2,-57.4,3.1,-1.0,RS41,403.700,8.5,250,9,2.6,,
2026-10-05T23:09:41.993Z,X3842932,4693,44.28135,7.81615,14342.7,5.1,5.5,222.6,-57.5,3.2,-1.0,RS41,403.700,7.6,250,9,2.6,,
2026-10-05T23:09:42.993Z,X3842932,4694,44.28131,7.81611,14348.0,5.6,5.6,219.8,-57.6,3.1,-1.0,RS41,403.700,9.3,250,9,2.7,,
2026-10-05T23:09:43.993Z,X3842932,4695,44.28128,7.81606,14353.9,6.5,4.9,222.5,-57.6,3.2,-1.0,RS41,403.700,9.3,250,9,2.7,,
2026-10-05T23:09:44.993Z,X3842932,4696,44.28125,7.81602,14360.0,5.8,4.5,229.0,-57.7,3.1,-1.0,RS41,403.700,9.0,250,9,2.6,,
2026-10-05T23:09:45.993Z,X3842932,4697,44.28123,7.81597,14365.5,5.5,4.6,240.7,-57.7,3.2,-1.0,RS41,403.700,9.0,250,9,2.6,,
2026-10-05T23:09:46.993Z,X3842932,4698,44.28121,7.81592,14371.6,6.8,5.4,253.3,-57.8,3.1,-1.0,RS41,403.700,8.2,250,9,2.6,,
2026-10-05T23:09:47.993Z,X3842932,4699,44.28119,7.81584,14379.1,8.2,6.9,255.9,-57.8,3.1,-1.0,RS41,403.700,8.3,250,9,2.7,,
2026-10-05T23:09:48.993Z,X3842932,4700,44.28118,7.81575,14386.3,6.3,7.8,256.1,-57.9,3.1,-1.0,RS41,403.700,8.3,250,9,2.7,,
2026-10-05T23:09:50.993Z,X3842932,4702,44.28114,7.81558,14396.9,4.8,6.0,250.3,-58.0,3.2,-1.0,RS41,403.700,7.5,250,9,2.6,,
2026-10-05T23:09:51.993Z,X3842932,4703,44.28113,7.81553,14401.9,4.8,3.6,244.7,-58.1,3.2,-1.0,RS41,403.700,7.5,250,9,2.6,,
2026-10-05T23:09:52.993Z,X3842932,4704,44.28112,7.81550,14406.0,3.5,1.3,239.6,-58.1,3.2,-1.0,RS41,403.700,8.3,250,9,2.7,,
2026-10-05T23:09:53.993Z,X3842932,4705,44.28111,7.81549,14409.2,2.8,0.1,77.9,-58.2,3.2,-1.0,RS41,403.700,8.3,250,9,2.7,,
2026-10-05T23:09:54.993Z,X3842932,4706,44.28111,7.81550,14412.5,3.8,0.9,76.1,-58.2,3.2,-1.0,RS41,403.700,8.2,250,9,2.6,,
2026-10-05T23:09:55.993Z,X3842932,4707,44.28111,7.81551,14417.3,5.7,0.5,115.3,-58.2,3.1,-1.0,RS41,403.700,8.7,250,9,2.6,,
2026-10-05T23:09:56.993Z,X3842932,4708,44.28111,7.81551,14423.0,4.8,1.0,206.4,-58.3,3.2,-1.0,RS41,403.700,8.7,250,9,2.6,,
2026-10-05T23:09:57.993Z,X3842932,4709,44.28110,7.81549,14427.4,4.7,2.1,244.6,-58.3,3.2,-1.0,RS41,403.700,8.0,250,9,2.7,,
2026-10-05T23:09:58.993Z,X3842932,4710,44.28110,7.81546,14431.7,4.2,3.3,263.9,-58.3,3.3,-1.0,RS41,403.700,8.7,250,9,2.7,,
2026-10-05T23:09:59.993Z,X3842932,4711,44.28110,7.81541,14435.1,3.5,4.5,274.1,-58.4,3.3,-1.0,RS41,403.700,9.0,250,9,2.6,,
2026-10-05T23:10:00.993Z,X3842932,4712,44.28110,7.81535,14438.9,4.2,5.2,277.1,-58.4,3.4,-1.0,RS41,403.700,9.0,250,9,2.6,,
2026-10-05T23:10:01.993Z,X3842932,4713,44.28110,7.81528,14443.2,4.7,5.6,270.8,-58.5,3.3,-1.0,RS41,403.700,8.4,250,9,2.6,,
2026-10-05T23:10:02.993Z,X3842932,4714,44.28110,7.81521,14447.7,4.3,5.5,263.5,-58.5,3.3,-1.0,RS41,403.700,8.5,250,9,2.7,,
2026-10-05T23:10:03.993Z,X3842932,4715,44.28110,7.81515,14451.3,3.6,5.5,258.7,-58.5,3.3,-1.0,RS41,403.700,8.5,250,9,2.7,,
2026-10-05T23:10:04.993Z,X3842932,4716,44.28109,7.81508,14455.4,4.8,5.0,260.6,-58.6,3.3,-1.0,RS41,403.700,9.0,250,9,2.6,,
2026-10-05T23:10:05.993Z,X3842932,4717,44.28108,7.81502,14459.7,4.0,4.6,265.3,-58.6,3.3,-1.0,RS41,403.700,9.0,250,9,2.6,,
2026-10-05T23:10:06.993Z,X3842932,4718,44.28108,7.81497,14463.2,3.7,3.8,275.4,-58.6,3.3,-1.0,RS41,403.700,8.3,250,9,2.6,,
2026-10-05T23:10:07.993Z,X3842932,4719,44.28109,7.81493,14466.7,3.8,3.0,282.1,-58.7,3.3,-1.0,RS41,403.700,8.1,250,9,2.7,,
2026-10-05T23:10:08.993Z,X3842932,4720,44.28109,7.81490,14470.7,4.6,1.9,286.0,-58.7,3.2,-1.0,RS41,403.700,9.3,250,9,2.7,,
2026-10-05T23:10:09.993Z,X3842932,4721,44.28109,7.81488,14474.7,3.9,1.5,268.2,-58.7,3.3,-1.0,RS41,403.700,9.3,250,9,2.6,,
2026-10-05T23:10:10.993Z,X3842932,4722,44.28109,7.81486,14478.2,3.2,1.6,261.7,-58.8,3.3,-1.0,RS41,403.700,9.2,250,9,2.6,,
2026-10-05T23:10:11.993Z,X3842932,4723,44.28109,7.81483,14482.0,5.1,2.8,257.5,-58.8,3.3,-1.0,RS41,403.700,7.1,250,9,2.6,,
2026-10-05T23:10:12.993Z,X3842932,4724,44.28108,7.81479,14486.6,4.3,4.0,259.5,-58.8,3.3,-1.0,RS41,403.700,8.9,250,9,2.7,,
2026-10-05T23:10:13.993Z,X3842932,4725,44.28108,7.81473,14490.2,3.3,4.7,263.2,-58.9,3.3,-1.0,RS41,403.700,8.9,250,9,2.7,,
2026-10-05T23:10:14.993Z,X3842932,4726,44.28107,7.81467,14493.8,4.3,5.1,264.2,-58.9,3.3,-1.0,RS41,403.700,8.9,250,9,2.6,,
2026-10-05T23:10:15.993Z,X3842932,4727,44.28107,7.81461,14497.7,3.9,4.7,266.3,-59.0,3.3,-1.0,RS41-SG,403.700,8.9,250,9,2.6,,
2026-10-05T23:10:16.993Z,X3842932,4728,44.28107,7.81456,14501.1,3.3,4.3,270.4,-59.0,3.4,-1.0,RS41-SG,403.700,8.9,250,9,2.6,,
2026-10-05T23:10:17.993Z,X3842932,4729,44.28107,7.81450,14504.8,4.3,4.2,278.3,-59.0,3.4,-1.0,RS41-SG,403.700,8.7,250,9,2.7,,
2026-10-05T23:10:18.993Z,X3842932,4730,44.28108,7.81445,14508.8,3.8,4.4,284.6,-59.1,3.4,-1.0,RS41-SG,403.700,8.7,250,9,2.7,,
2026-10-05T23:10:19.993Z,X3842932,4731,44.28109,7.81440,14512.3,3.4,4.2,286.1,-59.1,3.3,-1.0,RS41-SG,403.700,8.3,250,9,2.6,,
2026-10-05T23:10:20.993Z,X3842932,4732,44.28110,7.81435,14516.4,5.0,3.4,285.4,-59.2,3.4,-1.0,RS41-SG,403.700,7.8,250,9,2.6,,
2026-10-05T23:10:21.993Z,X3842932,4733,44.28111,7.81431,14520.7,3.8,2.7,278.7,-59.2,3.4,-1.0,RS41-SG,403.700,8.8,250,9,2.6,,
2026-10-05T23:10:22.993Z,X3842932,4734,44.28111,7.81428,14524.3,3.8,2.4,270.8,-59.2,3.4,-1.0,RS41-SG,403.700,8.8,250,9,2.7,,
2026-10-05T23:10:23.993Z,X3842932,4735,44.28111,7.81425,14528.1,3.9,2.7,264.2,-59.3,3.4,-1.0,RS41-SG,403.700,8.4,250,9,2.7,,
2026-10-05T23:10:24.993Z,X3842932,4736,44.28110,7.81421,14531.6,3.3,3.3,264.5,-59.3,3.5,-1.0,RS41-SG,403.700,8.4,250,9,2.6,,
2026-10-05T23:10:25.993Z,X3842932,4737,44.28110,7.81417,14534.9,3.4,3.5,264.9,-59.3,3.5,-1.0,RS41-SG,403.700,8.0,250,9,2.6,,
2026-10-05T23:10:27.993Z,X3842932,4739,44.28110,7.81409,14542.5,3.4,3.1,273.5,-59.4,3.5,-1.0,RS41-SG,403.700,6.7,250,9,2.7,,
2026-10-05T23:10:34.993Z,X3842932,4746,44.28111,7.81370,14568.6,3.0,4.3,251.4,-59.7,3.5,-1.0,RS41-SG,403.700,7.4,250,9,2.6,,
2026-10-05T23:10:35.993Z,X3842932,4747,44.28109,7.81365,14571.7,3.8,3.8,246.0,-59.7,3.5,-1.0,RS41-SG,403.700,7.4,250,9,2.6,,
2026-10-05T23:10:36.993Z,X3842932,4748,44.28108,7.81361,14575.9,4.9,3.7,251.0,-59.7,3.5,-1.0,RS41-SG,403.700,7.6,250,9,2.6,,
2026-10-05T23:10:37.993Z,X3842932,4749,44.28107,7.81356,14579.6,2.9,3.8,256.9,-59.8,3.5,-1.0,RS41-SG,403.700,7.7,250,9,2.7,,
2026-10-05T23:10:38.993Z,X3842932,4750,44.28107,7.81352,14582.8,3.7,3.6,263.3,-59.8,3.5,-1.0,RS41-SG,403.700,8.0,250,9,2.7,,
2026-10-05T23:10:39.993Z,X3842932,4751,44.28106,7.81348,14586.9,4.7,2.9,265.5,-59.9,3.5,-1.0,RS41-SG,403.700,8.5,250,9,2.6,,
2026-10-05T23:10:40.993Z,X3842932,4752,44.28106,7.81344,14590.9,3.4,2.4,267.6,-59.9,3.5,-1.0,RS41-SG,403.700,8.5,250,9,2.6,,
2026-10-05T23:10:41.993Z,X3842932,4753,44.28106,7.81341,14594.0,2.9,2.4,274.4,-59.9,3.6,-1.0,RS41-SG,403.700,7.5,250,9,2.6,,
2026-10-05T23:10:42.993Z,X3842932,4754,44.28107,7.81338,14597.6,4.1,2.9,291.1,-60.0,3.6,-1.0,RS41-SG,403.700,7.8,250,9,2.7,,
2026-10-05T23:10:43.993Z,X3842932,4755,44.28108,7.81334,14601.8,4.5,3.8,296.9,-60.0,3.5,-1.0,RS41-SG,403.700,7.8,250,9,2.7,,
2026-10-05T23:10:44.993Z,X3842932,4756,44.28110,7.81330,14605.7,3.1,4.3,295.5,-60.0,3.6,-1.0,RS41-SG,403.700,7.5,250,9,2.6,,
2026-10-05T23:10:45.993Z,X3842932,4757,44.28111,7.81325,14609.1,3.9,4.3,290.6,-60.1,3.6,-1.0,RS41-SG,403.700,8.6,250,9,2.6,,
2026-10-05T23:10:46.993Z,X3842932,4758,44.28112,7.81320,14613.5,4.5,3.7,280.4,-60.1,3.6,-1.0,RS41-SG,403.700,8.6,250,8,2.6,,
2026-10-05T23:10:47.993Z,X3842932,4759,44.28112,7.81316,14617.6,3.6,3.2,268.9,-60.1,3.6,-1.0,RS41-SG,403.700,7.7,250,9,2.7,,
2026-10-05T23:10:48.993Z,X3842932,4760,44.28112,7.81312,14621.0,3.7,3.3,258.8,-60.2,3.7,-1.0,RS41-SG,403.700,8.1,250,9,2.7,,
2026-10-05T23:10:49.993Z,X3842932,4761,44.28111,7.81308,14625.1,4.7,3.7,252.8,-60.2,3.6,-1.0,RS41-SG,403.700,8.6,250,9,2.6,,
2026-10-05T23:10:50.993Z,X3842932,4762,44.28110,7.81303,14629.5,3.8,4.0,256.7,-60.3,3.6,-1.0,RS41-SG,403.700,8.6,250,9,2.6,,
2026-10-05T23:10:51.993Z,X3842932,4763,44.28110,7.81298,14633.4,4.1,4.2,254.0,-60.3,3.6,-1.0,RS41-SG,403.700,7.9,250,9,2.6,,
2026-10-05T23:10:52.993Z,X3842932,4764,44.28109,7.81293,14637.7,4.3,3.8,251.9,-60.3,3.6,-1.0,RS41-SG,403.700,8.7,250,9,2.7,,
2026-10-05T23:10:53.993Z,X3842932,4765,44.28107,7.81289,14641.9,4.1,3.7,246.5,-60.4,3.7,-1.0,RS41-SG,403.700,8.7,250,9,2.7,,
2026-10-05T23:10:54.993Z,X3842932,4766,44.28106,7.81284,14645.9,4.2,3.9,245.8,-60.4,3.7,-1.0,RS41-SG,403.700,8.3,250,9,2.6,,
2026-10-05T23:10:55.993Z,X3842932,4767,44.28105,7.81280,14650.3,4.2,4.4,248.7,-60.4,3.7,-1.0,RS41-SG,403.700,8.8,250,9,2.6,,
2026-10-05T23:10:56.993Z,X3842932,4768,44.28103,7.81274,14654.5,4.3,4.8,249.3,-60.5,3.7,-1.0,RS41-SG,403.700,8.8,250,8,2.6,,
2026-10-05T23:10:57.993Z,X3842932,4769,44.28101,7.81268,14659.3,5.4,5.3,247.3,-60.5,3.7,-1.0,RS41-SG,403.700,8.8,250,9,2.7,,
2026-10-05T23:10:59.993Z,X3842932,4771,44.28097,7.81257,14668.3,3.5,4.5,240.9,-60.6,3.8,-1.0,RS41-SG,403.700,9.3,250,9,2.6,,
2026-10-05T23:11:00.993Z,X3842932,4772,44.28096,7.81253,14672.4,4.7,3.0,242.9,-60.6,3.8,-1.0,RS41-SG,403.700,9.3,250,9,2.6,,
2026-10-05T23:11:01.993Z,X3842932,4773,44.28095,7.81251,14677.0,4.1,1.6,251.0,-60.7,3.8,-1.0,RS41-SG,403.700,9.0,250,9,2.6,,
2026-10-05T23:11:02.993Z,X3842932,4774,44.28095,7.81249,14680.9,3.7,0.8,276.5,-60.7,3.8,-1.0,RS41-SG,403.700,9.2,250,9,2.7,,
2026-10-05T23:11:03.993Z,X3842932,4775,44.28095,7.81248,14685.5,5.4,0.5,277.1,-60.8,3.8,-1.0,RS41-SG,403.700,9.2,250,9,2.7,,
2026-10-05T23:11:04.993Z,X3842932,4776,44.28094,7.81247,14690.2,4.4,1.1,248.2,-60.8,3.8,-1.0,RS41-SG,403.700,9.8,250,9,2.6,,
2026-10-05T23:11:05.993Z,X3842932,4777,44.28094,7.81246,14693.9,3.1,1.8,245.8,-60.9,3.8,-1.0,RS41-SG,403.700,9.8,250,9,2.6,,
2026-10-05T23:11:06.993Z,X3842932,4778,44.28093,7.81243,14697.9,4.8,2.2,249.1,-60.9,3.9,-1.0,RS41-SG,403.700,9.5,250,9,2.6,,
2026-10-05T23:11:07.993Z,X3842932,4779,44.28093,7.81241,14702.6,4.5,2.3,250.8,-60.9,3.8,-1.0,RS41-SG,403.700,9.5,250,9,2.7,,
2026-10-05T23:11:08.993Z,X3842932,4780,44.28092,7.81238,14707.3,5.0,2.8,249.1,-60.9,3.9,-1.0,RS41-SG,403.700,9.1,250,9,2.7,,
2026-10-05T23:11:09.993Z,X3842932,4781,44.28091,7.81234,14712.5,5.2,3.5,243.4,-61.0,3.9,-1.0,RS41-SG,403.700,9.0,250,9,2.6,,
2026-10-05T23:11:12.993Z,X3842932,4784,44.28085,7.81222,14726.4,5.4,3.1,229.4,-61.1,3.9,-1.0,RS41-SG,403.700,7.0,250,9,2.7,,
2026-10-05T23:11:13.993Z,X3842932,4785,44.28084,7.81220,14731.0,3.7,2.6,224.5,-61.1,4.0,-1.0,RS41-SG,403.700,9.0,250,9,2.7,,
2026-10-05T23:11:14.993Z,X3842932,4786,44.28082,7.81218,14735.1,4.7,2.3,225.9,-61.2,4.0,-1.0,RS41-SG,403.700,9.0,250,9,2.6,,
2026-10-05T23:11:15.993Z,X3842932,4787,44.28080,7.81215,14739.9,5.0,2.6,227.8,-61.2,4.0,-1.0,RS41-SG,403.700,8.9,250,9,2.6,,
2026-10-05T23:11:16.993Z,X3842932,4788,44.28079,7.81213,14744.5,4.2,2.8,233.0,-61.2,4.0,-1.0,RS41-SG,403.700,8.3,250,9,2.6,,
2026-10-05T23:11:17.993Z,X3842932,4789,44.28078,7.81210,14749.3,5.4,2.7,243.6,-61.3,4.0,-1.0,RS41-SG,403.700,8.3,250,9,2.7,,
2026-10-05T23:11:18.993Z,X3842932,4790,44.28077,7.81207,14754.1,4.2,2.4,254.6,-61.3,4.0,-1.0,RS41-SG,403.700,8.7,250,9,2.7,,
2026-10-05T23:11:19.993Z,X3842932,4791,44.28076,7.81204,14758.1,3.7,2.1,258.9,-61.4,4.0,-1.0,RS41-SG,403.700,8.7,250,9,2.6,,
2026-10-05T23:11:20.993Z,X3842932,4792,44.28076,7.81202,14762.5,5.2,2.2,245.8,-61.4,4.1,-1.0,RS41-SG,403.700,8.7,250,9,2.6,,
2026-10-05T23:11:21.993Z,X3842932,4793,44.28074,7.81199,14767.6,5.1,2.6,228.0,-61.4,4.0,-1.0,RS41-SG,403.700,8.3,250,9,2.6,,
2026-10-05T23:11:22.993Z,X3842932,4794,44.28073,7.81197,14771.8,3.5,3.0,216.1,-61.5,4.1,-1.0,RS41-SG,403.700,8.4,250,9,2.7,,
2026-10-05T23:11:23.993Z,X3842932,4795,44.28070,7.81195,14775.8,4.6,3.3,195.4,-61.5,4.1,-1.0,RS41-SG,403.700,8.4,250,9,2.7,,
2026-10-05T23:11:24.993Z,X3842932,4796,44.28067,7.81195,14780.6,5.0,3.6,177.6,-61.5,4.1,-1.0,RS41-SG,403.700,9.2,250,9,2.6,,
2026-10-05T23:11:25.993Z,X3842932,4797,44.28064,7.81195,14785.0,3.8,3.8,171.5,-61.6,4.0,-1.0,RS41-SG,403.700,9.2,250,9,2.6,,
2026-10-05T23:11:26.993Z,X3842932,4798,44.28060,7.81196,14789.1,5.0,4.1,173.5,-61.6,4.0,-1.0,RS41-SG,403.700,8.9,250,9,2.6,,
2026-10-05T23:11:27.993Z,X3842932,4799,44.28057,7.81196,14793.7,4.1,4.0,185.2,-61.6,4.0,-1.0,RS41-SG,403.700,8.7,250,9,2.7,,
2026-10-05T23:11:28.993Z,X3842932,4800,44.28053,7.81195,14797.8,4.2,4.1,194.1,-61.7,4.0,-1.0,RS41-SG,403.700,8.1,250,9,2.7,,
2026-10-05T23:11:29.993Z,X3842932,4801,44.28050,7.81193,14802.6,5.6,4.0,199.4,-61.7,4.0,-1.0,RS41-SG,403.700,8.1,250,9,2.6,,
2026-10-05T23:11:30.993Z,X3842932,4802,44.28046,7.81192,14807.8,5.0,3.6,202.9,-61.7,4.0,-1.0,RS41-SG,403.700,8.3,250,9,2.6,,
2026-10-05T23:11:31.993Z,X3842932,4803,44.28044,7.81190,14812.4,4.0,3.6,205.6,-61.7,4.1,-1.0,RS41-SG,403.700,8.9,250,9,2.6,,
2026-10-05T23:11:32.993Z,X3842932,4804,44.28040,7.81187,14817.1,5.4,4.4,212.4,-61.7,4.1,-1.0,RS41-SG,403.700,9.1,250,9,2.7,,
2026-10-05T23:11:33.993Z,X3842932,4805,44.28037,7.81184,14821.8,4.1,5.3,217.4,-61.6,4.1,-1.0,RS41-SG,403.700,9.1,250,9,2.7,,
2026-10-05T23:11:34.993Z,X3842932,4806,44.28033,7.81179,14825.5,3.6,5.8,217.8,-61.5,4.1,-1.0,RS41-SG,403.700,8.5,250,9,2.6,,
2026-10-05T23:11:35.993Z,X3842932,4807,44.28029,7.81175,14829.6,4.7,5.7,219.1,-61.5,4.1,-1.0,RS41-SG,403.700,8.5,250,9,2.6,,
2026-10-05T23:11:36.993Z,X3842932,4808,44.28025,7.81171,14833.7,3.8,5.3,220.5,-61.3,4.1,-1.0,RS41-SG,403.700,8.7,250,9,2.6,,
2026-10-05T23:11:37.993Z,X3842932,4809,44.28022,7.81166,14837.4,3.7,4.8,223.1,-61.3,4.1,-1.0,RS41-SG,403.700,9.2,250,9,2.7,,
2026-10-05T23:11:38.993Z,X3842932,4810,44.28019,7.81162,14841.9,5.3,5.1,226.8,-61.2,4.0,-1.0,RS41-SG,403.700,9.2,250,9,2.7,,
2026-10-05T23:11:39.993Z,X3842932,4811,44.28015,7.81157,14847.0,4.8,5.5,228.9,-61.2,3.9,-1.0,RS41-SG,403.700,8.9,250,9,2.6,,
2026-10-05T23:11:40.993Z,X3842932,4812,44.28012,7.81152,14851.3,3.8,5.8,231.6,-61.3,4.0,-1.0,RS41-SG,403.700,9.5,250,9,2.6,,
2026-10-05T23:11:41.993Z,X3842932,4813,44.28009,7.81146,14855.3,4.2,5.9,232.7,-61.3,3.9,-1.0,RS41-SG,403.700,9.5,250,9,2.6,,
2026-10-05T23:11:42.993Z,X3842932,4814,44.28006,7.81140,14859.7,4.5,5.7,229.9,-61.3,3.9,-1.0,RS41-SG,403.700,8.7,250,9,2.7,,
2026-10-05T23:11:43.993Z,X3842932,4815,44.28002,7.81135,14864.0,4.2,5.8,227.9,-61.3,3.9,-1.0,RS41-SG,403.700,9.1,250,9,2.7,,
2026-10-05T23:11:44.993Z,X3842932,4816,44.27998,7.81129,14868.6,4.9,6.6,224.7,-61.3,3.9,-1.0,RS41-SG,403.700,9.9,250,9,2.6,,
2026-10-05T23:11:45.993Z,X3842932,4817,44.27994,7.81124,14872.9,3.8,7.4,219.4,-61.3,3.8,-1.0,RS41-SG,403.700,9.9,250,9,2.6,,
2026-10-05T23:11:46.993Z,X3842932,4818,44.27988,7.81118,14876.8,3.9,8.0,214.0,-61.3,3.9,-1.0,RS41-SG,403.700,9.7,250,9,2.6,,
2026-10-05T23:11:47.993Z,X3842932,4819,44.27982,7.81113,14881.5,5.3,7.9,209.5,-61.3,3.9,-1.0,RS41-SG,403.700,9.4,250,9,2.7,,
2026-10-05T23:11:48.993Z,X3842932,4820,44.27976,7.81108,14886.1,4.0,7.3,207.4,-61.3,3.9,-1.0,RS41-SG,403.700,9.4,250,9,2.7,,
2026-10-05T23:11:49.993Z,X3842932,4821,44.27970,7.81104,14890.1,4.2,7.1,205.0,-61.3,3.9,-1.0,RS41-SG,403.700,9.3,250,9,2.6,,
2026-10-05T23:11:50.993Z,X3842932,4822,44.27965,7.81100,14894.5,4.7,7.0,204.4,-61.3,3.9,-1.0,RS41-SG,403.700,8.6,250,9,2.6,,
2026-10-05T23:11:51.993Z,X3842932,4823,44.27959,7.81097,14898.9,4.0,7.1,203.9,-61.2,3.9,-1.0,RS41-SG,403.700,8.2,250,9,2.6,,
2026-10-05T23:11:52.993Z,X3842932,4824,44.27953,7.81093,14903.4,5.0,6.6,204.3,-61.2,4.0,-1.0,RS41-SG,403.700,7.8,250,9,2.7,,
2026-10-05T23:11:53.993Z,X3842932,4825,44.27948,7.81090,14907.9,4.2,6.0,206.7,-61.1,3.9,-1.0,RS41-SG,403.700,8.4,250,9,2.7,,
2026-10-05T23:11:54.993Z,X3842932,4826,44.27944,7.81086,14912.0,4.2,5.7,210.9,-61.0,4.0,-1.0,RS41-SG,403.700,9.4,250,9,2.6,,
2026-10-05T23:11:55.993Z,X3842932,4827,44.27939,7.81082,14916.8,5.2,6.2,214.6,-60.9,3.9,-1.0,RS41-SG,403.700,9.4,250,9,2.6,,
2026-10-05T23:11:56.993Z,X3842932,4828,44.27934,7.81078,14921.1,3.6,6.9,215.1,-60.9,4.0,-1.0,RS41-SG,403.700,8.9,250,9,2.6,,
2026-10-05T23:11:57.993Z,X3842932,4829,44.27929,7.81073,14924.7,3.9,7.1,214.7,-61.0,4.0,-1.0,RS41-SG,403.700,9.3,250,9,2.7,,
2026-10-05T23:11:58.993Z,X3842932,4830,44.27924,7.81068,14928.9,4.6,6.9,211.4,-61.0,4.0,-1.0,RS41-SG,403.700,9.5,250,9,2.7,,
2026-10-05T23:11:59.993Z,X3842932,4831,44.27919,7.81064,14933.3,4.2,6.6,206.8,-61.0,4.0,-1.0,RS41-SG,403.700,9.5,250,9,2.6,,
2026-10-05T23:12:00.993Z,X3842932,4832,44.27913,7.81060,14937.3,3.8,6.6,201.1,-61.1,4.0,-1.0,RS41-SG,403.700,9.3,250,9,2.6,,
2026-10-05T23:12:01.993Z,X3842932,4833,44.27907,7.81057,14941.4,4.3,7.1,197.9,-61.1,4.0,-1.0,RS41-SG,403.700,8.6,250,9,2.6,,
2026-10-05T23:12:02.993Z,X3842932,4834,44.27901,7.81055,14945.7,4.4,7.9,196.4,-61.1,3.9,-1.0,RS41-SG,403.700,8.6,250,9,2.7,,
2026-10-05T23:12:03.993Z,X3842932,4835,44.27894,7.81052,14949.7,3.5,8.3,197.6,-61.2,3.9,-1.0,RS41-SG,403.700,8.4,250,9,2.7,,
2026-10-05T23:12:04.993Z,X3842932,4836,44.27887,7.81049,14953.7,4.4,8.3,197.7,-61.2,3.9,-1.0,RS41-SG,403.700,8.3,250,9,2.6,,
2026-10-05T23:12:05.993Z,X3842932,4837,44.27880,7.81046,14958.3,5.0,7.7,198.2,-61.3,3.9,-1.0,RS41-SG,403.700,7.9,250,9,2.6,,
2026-10-05T23:12:06.993Z,X3842932,4838,44.27874,7.81043,14962.8,3.8,7.1,199.1,-61.3,3.9,-1.0,RS41-SG,403.700,8.0,250,9,2.6,,
2026-10-05T23:12:07.993Z,X3842932,4839,44.27868,7.81040,14966.6,3.8,6.6,202.4,-61.3,3.9,-1.0,RS41-SG,403.700,8.0,250,9,2.6,,
2026-10-05T23:12:08.993Z,X3842932,4840,44.27863,7.81036,14971.1,5.1,6.8,208.5,-61.4,4.0,-1.0,RS41-SG,403.700,7.6,250,9,2.7,,
2026-10-05T23:12:09.993Z,X3842932,4841,44.27857,7.81032,14975.7,3.8,7.5,210.8,-61.4,4.0,-1.0,RS41-SG,403.700,8.6,250,9,2.7,,
2026-10-05T23:12:10.993Z,X3842932,4842,44.27851,7.81027,14979.8,4.2,7.9,210.7,-61.4,4.1,-1.0,RS41-SG,403.700,9.4,250,9,2.7,,
2026-10-05T23:12:11.993Z,X3842932,4843,44.27845,7.81022,14984.2,4.7,7.8,209.2,-61.5,4.1,-1.0,RS41-SG,403.700,9.4,250,9,2.6,,
2026-10-05T23:12:12.993Z,X3842932,4844,44.27839,7.81017,14988.6,3.9,7.9,205.9,-61.5,4.1,-1.0,RS41-SG,403.700,8.1,250,9,2.6,,
2026-10-05T23:12:13.993Z,X3842932,4845,44.27832,7.81013,14993.1,5.1,8.4,202.1,-61.5,4.1,-1.0,RS41-SG,403.700,8.1,250,9,2.6,,
2026-10-05T23:12:14.993Z,X3842932,4846,44.27825,7.81009,14997.8,4.1,8.8,199.1,-61.6,4.1,-1.0,RS41-SG,403.700,8.0,250,9,2.6,,
2026-10-05T23:12:15.993Z,X3842932,4847,44.27817,7.81006,15001.7,3.7,8.9,196.2,-61.6,4.1,-1.0,RS41-SG,403.700,8.8,250,9,2.7,,
2026-10-05T23:12:16.993Z,X3842932,4848,44.27810,7.81003,15005.9,4.9,8.8,193.4,-61.6,4.1,-1.0,RS41-SG,403.700,8.8,250,9,2.7,,
2026-10-05T23:12:17.993Z,X3842932,4849,44.27802,7.81001,15010.7,4.6,8.3,190.2,-61.7,4.0,-1.0,RS41-SG,403.700,7.7,250,9,2.6,,
2026-10-05T23:12:18.993Z,X3842932,4850,44.27795,7.80999,15015.2,4.1,8.1,188.9,-61.7,4.1,-1.0,RS41-SG,403.700,7.9,250,9,2.6,,
2026-10-05T23:12:19.993Z,X3842932,4851,44.27788,7.80998,15019.5,4.6,8.3,188.8,-61.7,4.1,-1.0,RS41-SG,403.700,8.5,250,9,2.6,,
2026-10-05T23:12:20.993Z,X3842932,4852,44.27780,7.80996,15024.3,5.0,9.0,191.0,-61.7,4.0,-1.0,RS41-SG,403.700,8.5,250,9,2.7,,
2026-10-05T23:12:21.993Z,X3842932,4853,44.27772,7.80993,15028.8,4.0,9.5,193.1,-61.7,4.1,-1.0,RS41-SG,403.700,7.6,250,9,2.7,,
2026-10-05T23:12:25.993Z,X3842932,4857,44.27740,7.80979,15046.4,4.5,9.3,201.7,-61.6,4.0,-1.0,RS41-SG,403.700,7.4,250,9,2.7,,
2026-10-05T23:12:26.993Z,X3842932,4858,44.27732,7.80974,15050.9,4.6,9.6,201.4,-61.7,4.0,-1.0,RS41-SG,403.700,7.4,250,9,2.7,,
2026-10-05T23:12:33.993Z,X3842932,4865,44.27681,7.80947,15084.4,4.0,9.0,205.4,-61.8,4.1,-1.0,RS41-SG,403.700,6.5,250,8,2.6,,
2026-10-05T23:12:34.993Z,X3842932,4866,44.27674,7.80942,15088.8,5.0,9.1,208.1,-61.8,4.1,-1.0,RS41-SG,403.700,6.9,250,8,2.6,,
2026-10-05T23:12:35.993Z,X3842932,4867,44.27667,7.80936,15093.5,4.4,8.9,211.3,-61.8,4.0,-1.0,RS41-SG,403.700,6.9,250,8,2.6,,
2026-10-05T23:12:37.993Z,X3842932,4869,44.27653,7.80923,15103.1,5.4,9.8,216.2,-61.8,4.0,-1.0,RS41-SG,403.700,7.0,250,8,2.7,,
2026-10-05T23:12:38.993Z,X3842932,4870,44.27646,7.80916,15108.0,4.3,10.3,215.6,-61.8,4.0,-1.0,RS41-SG,403.700,7.0,250,8,2.7,,
2026-10-05T23:12:40.993Z,X3842932,4872,44.27631,7.80901,15117.5,5.0,9.7,215.9,-61.8,4.0,-1.0,RS41-SG,403.700,7.6,250,8,2.6,,
2026-10-05T23:12:41.993Z,X3842932,4873,44.27625,7.80894,15121.9,3.8,9.2,216.7,-61.8,4.0,-1.0,RS41-SG,403.700,7.6,250,8,2.6,,
2026-10-05T23:12:43.993Z,X3842932,4875,44.27612,7.80880,15130.3,5.1,8.9,218.8,-61.8,4.0,-1.0,RS41-SG,403.700,7.7,250,8,2.7,,
2026-10-05T23:12:46.993Z,X3842932,4878,44.27592,7.80861,15144.7,5.1,9.0,208.8,-61.8,4.0,-1.0,RS41-SG,403.700,7.1,250,8,2.6,,
2026-10-05T23:12:47.993Z,X3842932,4879,44.27585,7.80856,15149.3,4.1,9.0,205.9,-61.8,4.0,-1.0,RS41-SG,403.700,7.2,250,8,2.6,,
2026-10-05T23:12:48.993Z,X3842932,4880,44.27577,7.80851,15153.7,4.7,9.3,204.4,-61.9,4.0,-1.0,RS41-SG,403.700,7.8,250,8,2.7,,
2026-10-05T23:12:49.993Z,X3842932,4881,44.27569,7.80846,15158.4,4.8,10.0,205.4,-61.9,4.0,-1.0,RS41-SG,403.700,7.8,250,8,2.7,,
2026-10-05T23:12:50.993Z,X3842932,4882,44.27561,7.80841,15163.0,4.1,10.3,205.7,-61.9,4.0,-1.0,RS41-SG,403.700,7.9,250,8,2.6,,
2026-10-05T23:12:51.993Z,X3842932,4883,44.27553,7.80835,15167.6,5.0,10.5,204.4,-61.9,4.0,-1.0,RS41-SG,403.700,7.9,250,8,2.6,,
2026-10-05T23:12:52.993Z,X3842932,4884,44.27544,7.80830,15172.8,5.1,9.9,202.9,-62.0,4.0,-1.0,RS41-SG,403.700,7.6,250,8,2.6,,
2026-10-05T23:12:53.993Z,X3842932,4885,44.27536,7.80825,15177.3,3.9,9.6,201.7,-62.0,4.0,-1.0,RS41-SG,403.700,8.2,250,8,2.7,,
2026-10-05T23:12:54.993Z,X3842932,4886,44.27528,7.80821,15181.5,4.8,9.4,202.8,-62.0,4.0,-1.0,RS41-SG,403.700,8.2,250,8,2.7,,
2026-10-05T23:12:56.993Z,X3842932,4888,44.27513,7.80810,15191.7,4.1,9.7,212.7,-61.9,4.0,-1.0,RS41-SG,403.700,7.9,250,8,2.6,,
2026-10-05T23:12:57.993Z,X3842932,4889,44.27506,7.80803,15196.2,4.7,9.3,215.5,-61.9,4.0,-1.0,RS41-SG,403.700,7.9,250,8,2.6,,
2026-10-05T23:12:58.993Z,X3842932,4890,44.27500,7.80796,15201.3,5.6,8.6,217.3,-61.8,3.9,-1.0,RS41-SG,403.700,7.7,250,8,2.6,,
2026-10-05T23:12:59.993Z,X3842932,4891,44.27494,7.80790,15206.4,4.7,7.9,218.7,-61.8,3.9,-1.0,RS41-SG,403.700,7.7,250,8,2.7,,
2026-10-05T23:13:02.993Z,X3842932,4894,44.27478,7.80770,15220.8,4.7,8.7,222.7,-61.8,3.9,-1.0,RS41-SG,403.700,6.9,250,8,2.6,,
2026-10-05T23:13:03.993Z,X3842932,4895,44.27472,7.80763,15225.5,4.6,9.2,222.4,-61.9,3.9,-1.0,RS41-SG,403.700,7.6,250,8,2.6,,
2026-10-05T23:13:05.993Z,X3842932,4897,44.27459,7.80749,15234.7,4.9,8.4,214.7,-61.9,3.9,-1.0,RS41-SG,403.700,7.4,250,8,2.6,,
2026-10-05T23:13:06.993Z,X3842932,4898,44.27453,7.80744,15239.8,4.9,8.3,206.2,-61.8,3.9,-1.0,RS41-SG,403.700,8.1,250,8,2.7,,
2026-10-05T23:13:07.993Z,X3842932,4899,44.27446,7.80740,15244.3,4.0,8.4,198.6,-61.8,3.9,-1.0,RS41-SG,403.700,8.1,250,8,2.7,,
2026-10-05T23:13:08.993Z,X3842932,4900,44.27439,7.80736,15248.7,4.9,8.8,196.3,-61.9,3.9,-1.0,RS41-SG,403.700,7.6,250,8,2.6,,
2026-10-05T23:13:09.993Z,X3842932,4901,44.27431,7.80733,15253.6,4.9,8.9,198.2,-61.9,3.9,-1.0,RS41-SG,403.700,7.6,250,8,2.6,,
2026-10-05T23:13:10.993Z,X3842932,4902,44.27424,7.80729,15258.1,4.3,8.7,201.4,-61.9,3.9,-1.0,RS41-SG,403.700,7.5,250,8,2.6,,
2026-10-05T23:13:11.993Z,X3842932,4903,44.27417,7.80725,15262.7,5.3,8.3,204.1,-62.0,4.0,-1.0,RS41-SG,403.700,8.5,250,8,2.7,,
2026-10-05T23:13:12.993Z,X3842932,4904,44.27410,7.80721,15267.7,4.8,7.6,205.1,-62.0,3.9,-1.0,RS41-SG,403.700,8.5,250,8,2.7,,
2026-10-05T23:13:13.993Z,X3842932,4905,44.27404,7.80717,15272.6,4.9,6.8,209.1,-62.0,4.0,-1.0,RS41-SG,403.700,8.7,250,8,2.6,,
2026-10-05T23:13:14.993Z,X3842932,4906,44.27399,7.80713,15277.5,5.1,6.5,215.4,-61.9,3.9,-1.0,RS41-SG,403.700,8.8,250,8,2.6,,
2026-10-05T23:13:17.993Z,X3842932,4909,44.27385,7.80696,15290.9,5.4,7.0,218.0,-61.6,3.8,-1.0,RS41-SG,403.700,7.5,250,8,2.7,,
2026-10-05T23:13:18.993Z,X3842932,4910,44.27380,7.80691,15295.9,4.7,7.2,213.2,-61.5,3.7,-1.0,RS41-SG,403.700,8.4,250,8,2.7,,
2026-10-05T23:13:19.993Z,X3842932,4911,44.27375,7.80686,15300.6,4.6,7.5,211.0,-61.4,3.7,-1.0,RS41-SG,403.700,8.4,250,8,2.7,,
2026-10-05T23:13:20.993Z,X3842932,4912,44.27369,7.80681,15305.5,4.9,8.0,213.2,-61.4,3.7,-1.0,RS41-SG,403.700,8.3,250,8,2.6,,
2026-10-05T23:13:21.993Z,X3842932,4913,44.27363,7.80675,15310.1,4.2,8.1,217.2,-61.4,3.8,-1.0,RS41-SG,403.700,8.9,250,8,2.6,,
2026-10-05T23:13:24.993Z,X3842932,4916,44.27347,7.80658,15324.6,4.4,6.6,213.3,-61.3,3.8,-1.0,RS41-SG,403.700,7.7,250,8,2.7,,
2026-10-05T23:13:25.993Z,X3842932,4917,44.27342,7.80654,15329.3,5.1,6.4,213.0,-61.3,3.7,-1.0,RS41-SG,403.700,7.7,250,8,2.7,,
2026-10-05T23:13:26.993Z,X3842932,4918,44.27337,7.80650,15334.4,4.9,6.4,215.2,-61.3,3.8,-1.0,RS41-SG,403.700,7.8,250,8,2.6,,
2026-10-05T23:13:27.993Z,X3842932,4919,44.27332,7.80645,15339.0,4.4,6.5,217.0,-61.3,3.8,-1.0,RS41-SG,403.700,8.1,250,8,2.6,,
2026-10-05T23:13:28.993Z,X3842932,4920,44.27328,7.80640,15344.0,6.0,6.2,213.9,-61.3,3.8,-1.0,RS41-SG,403.700,8.1,250,8,2.6,,
2026-10-05T23:13:29.993Z,X3842932,4921,44.27323,7.80636,15349.1,4.1,5.9,208.4,-61.3,3.7,-1.0,RS41-SG,403.700,8.5,250,8,2.7,,
2026-10-05T23:13:31.993Z,X3842932,4923,44.27314,7.80630,15357.7,5.2,6.0,206.1,-61.2,3.7,-1.0,RS41-SG,403.700,8.4,250,8,2.6,,
2026-10-05T23:13:33.993Z,X3842932,4925,44.27304,7.80622,15366.8,5.0,5.9,209.0,-61.1,3.7,-1.0,RS41-SG,403.700,7.6,250,8,2.6,,
2026-10-05T23:13:34.993Z,X3842932,4926,44.27300,7.80619,15372.0,5.6,5.4,206.4,-61.1,3.7,-1.0,RS41-SG,403.700,8.0,250,8,2.6,,
2026-10-05T23:13:35.993Z,X3842932,4927,44.27295,7.80616,15376.7,3.9,5.3,203.7,-61.1,3.7,-1.0,RS41-SG,403.700,8.0,250,8,2.7,,
2026-10-05T23:13:36.993Z,X3842932,4928,44.27291,7.80614,15380.7,4.4,5.4,201.5,-61.1,3.7,-1.0,RS41-SG,403.700,7.7,250,8,2.7,,
2026-10-05T23:13:38.993Z,X3842932,4930,44.27281,7.80608,15390.1,4.1,6.2,202.2,-61.2,3.7,-1.0,RS41-SG,403.700,7.7,250,8,2.6,,
2026-10-05T23:13:39.993Z,X3842932,4931,44.27276,7.80606,15394.4,4.5,6.0,200.9,-61.1,3.7,-1.0,RS41-SG,403.700,8.3,250,8,2.6,,
2026-10-05T23:13:40.993Z,X3842932,4932,44.27271,7.80603,15399.6,5.3,5.4,195.3,-61.1,3.7,-1.0,RS41-SG,403.700,8.7,250,8,2.6,,
2026-10-05T23:13:41.993Z,X3842932,4933,44.27267,7.80602,15404.3,4.2,4.8,190.7,-61.1,3.7,-1.0,RS41-SG,403.700,8.7,250,8,2.6,,
2026-10-05T23:13:42.993Z,X3842932,4934,44.27262,7.80601,15408.6,4.1,4.7,186.6,-61.1,3.7,-1.0,RS41-SG,403.700,8.3,250,8,2.7,,
2026-10-05T23:13:43.993Z,X3842932,4935,44.27258,7.80600,15413.3,5.0,4.9,187.1,-61.2,3.7,-1.0,RS41-SG,403.700,8.6,250,8,2.7,,
2026-10-05T23:13:44.993Z,X3842932,4936,44.27254,7.80599,15417.9,4.0,5.3,190.0,-61.2,3.7,-1.0,RS41-SG,403.700,8.6,250,8,2.6,,
2026-10-05T23:13:45.993Z,X3842932,4937,44.27249,7.80598,15422.3,4.9,5.6,192.0,-61.2,3.7,-1.0,RS41-SG,403.700,8.4,250,8,2.6,,
2026-10-05T23:13:49.993Z,X3842932,4941,44.27232,7.80593,15440.3,5.1,4.7,203.6,-61.0,3.6,-1.0,RS41-SG,403.700,7.6,250,8,2.7,,
2026-10-05T23:13:50.993Z,X3842932,4942,44.27228,7.80590,15445.0,4.3,5.0,210.9,-61.0,3.6,-1.0,RS41-SG,403.700,8.0,250,8,2.7,,
2026-10-05T23:13:52.993Z,X3842932,4944,44.27220,7.80583,15453.8,4.9,4.6,216.6,-61.0,3.6,-1.0,RS41-SG,403.700,8.1,250,8,2.6,,
2026-10-05T23:13:53.993Z,X3842932,4945,44.27217,7.80580,15458.9,5.3,3.8,211.9,-61.0,3.6,-1.0,RS41-SG,403.700,8.1,250,8,2.6,,
2026-10-05T23:13:54.993Z,X3842932,4946,44.27215,7.80578,15463.7,4.3,3.4,204.1,-61.0,3.6,-1.0,RS41-SG,403.700,8.1,250,8,2.6,,
2026-10-05T23:13:57.993Z,X3842932,4949,44.27204,7.80573,15477.4,4.2,5.3,196.5,-61.0,3.6,-1.0,RS41-SG,403.700,8.7,250,8,2.6,,
2026-10-05T23:13:58.993Z,X3842932,4950,44.27199,7.80571,15481.5,4.2,5.9,198.4,-61.0,3.6,-1.0,RS41-SG,403.700,8.7,250,8,2.6,,
2026-10-05T23:13:59.993Z,X3842932,4951,44.27194,7.80569,15486.5,5.7,6.1,198.8,-61.0,3.6,-1.0,RS41-SG,403.700,8.6,250,8,2.6,,
2026-10-05T23:14:01.993Z,X3842932,4953,44.27184,7.80564,15495.6,3.9,5.7,202.0,-61.0,3.6,-1.0,RS41-SG,403.700,6.9,250,8,2.7,,
2026-10-05T23:14:02.993Z,X3842932,4954,44.27179,7.80561,15500.2,5.1,6.0,207.3,-61.1,3.6,-1.0,RS41-SG,403.700,6.9,250,8,2.7,,
2026-10-05T23:14:03.993Z,X3842932,4955,44.27174,7.80557,15504.6,3.9,6.3,211.1,-61.1,3.6,-1.0,RS41-SG,403.700,6.8,250,8,2.7,,
2026-10-05T23:14:05.993Z,X3842932,4957,44.27166,7.80548,15512.9,4.6,5.5,218.6,-61.2,3.6,-1.0,RS41-SG,403.700,7.9,250,8,2.6,,
2026-10-05T23:14:06.993Z,X3842932,4958,44.27162,7.80544,15517.4,4.6,4.7,220.0,-61.2,3.6,-1.0,RS41-SG,403.700,7.9,250,8,2.6,,
2026-10-05T23:14:07.993Z,X3842932,4959,44.27159,7.80541,15521.4,3.4,4.1,221.1,-61.2,3.6,-1.0,RS41-SG,403.700,7.4,250,8,2.6,,
2026-10-05T23:14:08.993Z,X3842932,4960,44.27156,7.80537,15525.4,4.8,4.2,220.5,-61.3,3.6,-1.0,RS41-SG,403.700,8.0,250,8,2.7,,
2026-10-05T23:14:10.993Z,X3842932,4962,44.27150,7.80530,15534.0,4.2,5.2,212.5,-61.3,3.6,-1.0,RS41-SG,403.700,7.1,250,8,2.6,,
2026-10-05T23:14:12.993Z,X3842932,4964,44.27141,7.80524,15543.6,4.2,5.4,203.2,-61.4,3.7,-1.0,RS41-SG,403.700,7.2,250,8,2.6,,
2026-10-05T23:14:13.993Z,X3842932,4965,44.27137,7.80522,15548.1,4.8,5.8,199.5,-61.4,3.6,-1.0,RS41-SG,403.700,8.2,250,8,2.6,,
2026-10-05T23:14:14.993Z,X3842932,4966,44.27131,7.80519,15552.7,4.3,6.3,200.2,-61.4,3.6,-1.0,RS41-SG,403.700,8.2,250,8,2.7,,
2026-10-05T23:14:15.993Z,X3842932,4967,44.27126,7.80516,15556.7,3.8,6.6,202.9,-61.4,3.7,-1.0,RS41-SG,403.700,6.9,250,8,2.7,,
2026-10-05T23:14:16.993Z,X3842932,4968,44.27121,7.80513,15561.3,5.1,6.2,206.9,-61.3,3.6,-1.0,RS41-SG,403.700,8.0,250,8,2.7,,
2026-10-05T23:14:17.993Z,X3842932,4969,44.27116,7.80509,15565.8,4.0,5.6,212.8,-61.3,3.6,-1.0,RS41-SG,403.700,8.0,250,8,2.6,,
2026-10-05T23:14:19.993Z,X3842932,4971,44.27109,7.80501,15574.4,5.4,5.4,226.5,-61.3,3.6,-1.0,RS41-SG,403.700,6.9,250,8,2.6,,
2026-10-05T23:14:20.993Z,X3842932,4972,44.27106,7.80496,15579.5,4.7,5.7,228.6,-61.3,3.6,-1.0,RS41-SG,403.700,7.5,250,8,2.6,,
2026-10-05T23:14:21.993Z,X3842932,4973,44.27102,7.80490,15584.2,4.8,5.9,230.1,-61.3,3.6,-1.0,RS41-SG,403.700,7.5,250,8,2.7,,
2026-10-05T23:14:22.993Z,X3842932,4974,44.27099,7.80485,15589.0,4.9,5.7,230.9,-61.3,3.5,-1.0,RS41-SG,403.700,7.4,250,8,2.7,,
2026-10-05T23:14:23.993Z,X3842932,4975,44.27096,7.80479,15593.2,3.4,5.5,228.0,-61.3,3.5,-1.0,RS41-SG,403.700,7.9,250,8,2.6,,
2026-10-05T23:14:25.993Z,X3842932,4977,44.27088,7.80469,15601.7,4.2,6.4,217.0,-61.3,3.5,-1.0,RS41-SG,403.700,7.9,250,8,2.6,,
2026-10-05T23:14:26.993Z,X3842932,4978,44.27083,7.80465,15605.9,4.1,6.8,212.7,-61.3,3.6,-1.0,RS41-SG,403.700,7.9,250,8,2.6,,
2026-10-05T23:14:27.993Z,X3842932,4979,44.27078,7.80460,15610.8,5.4,6.5,210.9,-61.3,3.6,-1.0,RS41-SG,403.700,8.5,250,8,2.7,,
2026-10-05T23:14:28.993Z,X3842932,4980,44.27073,7.80456,15615.9,4.9,6.0,212.0,-61.4,3.6,-1.0,RS41-SG,403.700,8.6,250,8,2.7,,
2026-10-05T23:14:29.993Z,X3842932,4981,44.27069,7.80452,15620.6,4.4,5.5,216.3,-61.4,3.6,-1.0,RS41-SG,403.700,8.8,250,8,2.6,,
2026-10-05T23:14:31.993Z,X3842932,4983,44.27061,7.80443,15629.9,4.4,5.6,227.7,-61.4,3.6,-1.0,RS41-SG,403.700,8.2,250,8,2.6,,
2026-10-05T23:14:32.993Z,X3842932,4984,44.27058,7.80438,15634.5,4.8,5.4,235.1,-61.4,3.6,-1.0,RS41-SG,403.700,8.2,250,8,2.7,,
2026-10-05T23:14:33.993Z,X3842932,4985,44.27056,7.80432,15639.7,5.5,5.1,244.2,-61.4,3.6,-1.0,RS41-SG,403.700,8.4,250,8,2.7,,
2026-10-05T23:14:34.993Z,X3842932,4986,44.27054,7.80427,15644.5,3.9,4.7,250.6,-61.4,3.6,-1.0,RS41-SG,403.700,8.4,250,8,2.6,,
2026-10-05T23:14:35.993Z,X3842932,4987,44.27053,7.80421,15648.5,4.1,4.7,253.0,-61.4,3.6,-1.0,RS41-SG,403.700,8.1,250,8,2.6,,
2026-10-05T23:14:36.993Z,X3842932,4988,44.27052,7.80415,15652.9,5.0,5.0,250.9,-61.4,3.5,-1.0,RS41-SG,403.700,8.1,250,8,2.6,,
2026-10-05T23:14:37.993Z,X3842932,4989,44.27050,7.80409,15657.2,3.6,5.3,248.6,-61.4,3.6,-1.0,RS41-SG,403.700,7.9,250,8,2.7,,
2026-10-05T23:14:38.993Z,X3842932,4990,44.27048,7.80403,15661.0,4.0,5.2,248.3,-61.4,3.6,-1.0,RS41-SG,403.700,7.9,250,8,2.7,,
2026-10-05T23:14:39.993Z,X3842932,4991,44.27047,7.80397,15665.4,4.9,4.7,252.5,-61.4,3.6,-1.0,RS41-SG,403.700,7.4,250,8,2.6,,
2026-10-05T23:14:40.993Z,X3842932,4992,44.27046,7.80392,15669.8,3.9,3.9,257.0,-61.3,3.5,-1.0,RS41-SG,403.700,7.6,250,8,2.6,,
2026-10-05T23:14:41.993Z,X3842932,4993,44.27045,7.80388,15673.3,3.5,3.4,259.6,-61.4,3.5,-1.0,RS41-SG,403.700,7.6,250,8,2.6,,
2026-10-05T23:14:45.993Z,X3842932,4997,44.27039,7.80374,15690.4,4.6,3.2,222.8,-61.2,3.5,-1.0,RS41-SG,403.700,7.4,250,8,2.6,,
2026-10-05T23:14:46.993Z,X3842932,4998,44.27037,7.80372,15694.9,4.1,3.0,222.4,-61.1,3.5,-1.0,RS41-SG,403.700,7.5,250,8,2.6,,
2026-10-05T23:14:47.993Z,X3842932,4999,44.27035,7.80369,15699.0,4.3,3.0,226.4,-61.1,3.5,-1.0,RS41-SG,403.700,7.8,250,8,2.6,,
2026-10-05T23:14:48.993Z,X3842932,5000,44.27033,7.80366,15703.7,5.3,3.6,231.4,-61.0,3.5,-1.0,RS41-SG,403.700,7.8,250,8,2.7,,
2026-10-05T23:14:49.993Z,X3842932,5001,44.27031,7.80362,15708.0,3.6,4.4,232.7,-60.9,3.4,-1.0,RS41-SG,403.700,7.6,250,8,2.7,,
2026-10-05T23:14:50.993Z,X3842932,5002,44.27028,7.80357,15711.5,3.6,4.8,237.4,-60.9,3.5,-1.0,RS41-SG,403.700,7.6,250,8,2.6,,
2026-10-05T23:14:51.993Z,X3842932,5003,44.27026,7.80352,15715.8,4.8,4.8,243.7,-60.9,3.5,-1.0,RS41-SG,403.700,7.6,250,8,2.6,,
2026-10-05T23:14:52.993Z,X3842932,5004,44.27025,7.80347,15719.8,3.4,4.6,247.9,-60.9,3.5,-1.0,RS41-SG,403.700,7.9,250,8,2.6,,
2026-10-05T23:14:55.993Z,X3842932,5007,44.27019,7.80332,15732.8,3.7,4.4,232.5,-61.0,3.4,-1.0,RS41-SG,403.700,7.0,250,8,2.6,,
2026-10-05T23:14:56.993Z,X3842932,5008,44.27017,7.80328,15737.0,4.6,4.1,224.1,-61.0,3.5,-1.0,RS41-SG,403.700,7.8,250,8,2.6,,
2026-10-05T23:14:57.993Z,X3842932,5009,44.27014,7.80325,15741.5,4.2,3.6,219.4,-61.0,3.5,-1.0,RS41-SG,403.700,7.8,250,8,2.6,,
2026-10-05T23:14:58.993Z,X3842932,5010,44.27011,7.80322,15745.6,4.0,3.4,216.1,-61.0,3.5,-1.0,RS41-SG,403.700,8.0,250,8,2.6,,
2026-10-05T23:14:59.993Z,X3842932,5011,44.27009,7.80320,15750.2,5.0,3.9,211.0,-61.0,3.5,-1.0,RS41-SG,403.700,8.0,250,8,2.7,,
2026-10-05T23:15:00.993Z,X3842932,5012,44.27005,7.80317,15754.9,4.3,4.7,208.1,-61.1,3.5,-1.0,RS41-SG,403.700,7.7,250,8,2.7,,
2026-10-05T23:15:01.993Z,X3842932,5013,44.27002,7.80314,15758.9,3.6,5.0,208.2,-61.1,3.5,-1.0,RS41-SG,403.700,7.8,250,8,2.6,,
2026-10-05T23:15:02.993Z,X3842932,5014,44.26998,7.80311,15763.0,4.6,4.8,210.2,-61.1,3.6,-1.0,RS41-SG,403.700,7.8,250,8,2.6,,
2026-10-05T23:15:03.993Z,X3842932,5015,44.26994,7.80308,15767.4,4.0,4.3,212.0,-61.2,3.6,-1.0,RS41-SG,403.700,7.4,250,8,2.6,,
2026-10-05T23:15:05.993Z,X3842932,5017,44.26988,7.80303,15775.9,4.9,4.1,212.4,-61.3,3.6,-1.0,RS41-SG,403.700,7.6,250,8,2.7,,
2026-10-05T23:15:20.993Z,X3842932,5032,44.26924,7.80270,15839.1,3.9,5.5,201.9,-61.5,3.6,-1.0,RS41-SG,403.700,7.3,250,8,2.7,,
2026-10-05T23:15:21.993Z,X3842932,5033,44.26920,7.80267,15843.4,4.5,5.4,203.2,-61.5,3.6,-1.0,RS41-SG,403.700,7.8,250,8,2.7,,
2026-10-05T23:15:22.993Z,X3842932,5034,44.26915,7.80264,15848.0,4.9,5.8,203.0,-61.5,3.6,-1.0,RS41-SG,403.700,7.8,250,8,2.6,,
2026-10-05T23:15:23.993Z,X3842932,5035,44.26910,7.80262,15852.4,3.7,6.1,201.7,-61.5,3.6,-1.0,RS41-SG,403.700,7.6,250,8,2.6,,
2026-10-05T23:15:24.993Z,X3842932,5036,44.26905,7.80259,15856.3,4.3,6.0,200.5,-61.5,3.7,-1.0,RS41-SG,403.700,8.1,250,8,2.6,,
2026-10-05T23:15:25.993Z,X3842932,5037,44.26900,7.80256,15860.4,4.3,5.8,200.9,-61.5,3.7,-1.0,RS41-SG,403.700,8.1,250,8,2.7,,
2026-10-05T23:15:26.993Z,X3842932,5038,44.26895,7.80254,15864.0,3.1,5.7,200.9,-61.5,3.7,-1.0,RS41-SG,403.700,7.5,250,8,2.7,,
2026-10-05T23:15:27.993Z,X3842932,5039,44.26890,7.80251,15867.5,4.2,6.2,199.6,-61.5,3.7,-1.0,RS41-SG,403.700,8.0,250,8,2.6,,
2026-10-05T23:15:28.993Z,X3842932,5040,44.26885,7.80248,15871.9,4.8,7.0,197.8,-61.5,3.7,-1.0,RS41-SG,403.700,8.0,250,8,2.6,,
2026-10-05T23:15:29.993Z,X3842932,5041,44.26879,7.80246,15876.2,3.9,7.3,195.8,-61.5,3.7,-1.0,RS41-SG,403.700,7.6,250,8,2.6,,
2026-10-05T23:15:30.993Z,X3842932,5042,44.26872,7.80244,15880.3,4.2,7.4,193.0,-61.6,3.6,-1.0,RS41-SG,403.700,7.6,250,8,2.6,,
2026-10-05T23:15:31.993Z,X3842932,5043,44.26866,7.80242,15884.5,4.5,6.9,191.4,-61.6,3.6,-1.0,RS41-SG,403.700,7.6,250,8,2.7,,
2026-10-05T23:15:32.993Z,X3842932,5044,44.26860,7.80240,15888.6,3.9,6.5,190.8,-61.6,3.6,-1.0,RS41-SG,403.700,7.5,250,8,2.7,,
2026-10-05T23:15:33.993Z,X3842932,5045,44.26854,7.80239,15892.9,5.0,6.5,190.1,-61.6,3.6,-1.0,RS41-SG,403.700,7.4,250,8,2.6,,
2026-10-05T23:15:34.993Z,X3842932,5046,44.26849,7.80237,15897.4,4.0,6.8,190.8,-61.7,3.6,-1.0,RS41-SG,403.700,7.4,250,8,2.6,,
2026-10-05T23:15:35.993Z,X3842932,5047,44.26842,7.80235,15901.2,3.6,6.9,192.9,-61.7,3.7,-1.0,RS41-SG,403.700,7.4,250,8,2.6,,
2026-10-05T23:15:36.993Z,X3842932,5048,44.26837,7.80233,15905.4,4.8,6.4,194.9,-61.7,3.7,-1.0,RS41-SG,403.700,7.4,250,8,2.7,,
2026-10-05T23:15:37.993Z,X3842932,5049,44.26831,7.80231,15909.7,3.6,5.9,197.6,-61.7,3.7,-1.0,RS41-SG,403.700,7.2,250,8,2.7,,
2026-10-05T23:15:41.993Z,X3842932,5053,44.26811,7.80219,15926.2,3.8,7.0,205.1,-61.8,3.7,-1.0,RS41-SG,403.700,7.0,250,8,2.6,,
2026-10-05T23:15:42.993Z,X3842932,5054,44.26805,7.80215,15930.3,4.5,6.7,207.5,-61.9,3.7,-1.0,RS41-SG,403.700,7.0,250,8,2.7,,
2026-10-05T23:15:43.993Z,X3842932,5055,44.26800,7.80211,15934.4,3.8,6.5,208.8,-61.9,3.7,-1.0,RS41-SG,403.700,7.5,250,8,2.7,,
2026-10-05T23:15:44.993Z,X3842932,5056,44.26795,7.80207,15938.7,4.7,6.7,207.4,-61.8,3.7,-1.0,RS41-SG,403.700,7.5,250,8,2.6,,
2026-10-05T23:15:48.993Z,X3842932,5060,44.26771,7.80193,15956.5,4.8,6.7,202.0,-61.7,3.6,-1.0,RS41-SG,403.700,6.9,250,8,2.7,,
2026-10-05T23:15:49.993Z,X3842932,5061,44.26766,7.80190,15960.9,3.7,6.2,202.5,-61.8,3.7,-1.0,RS41-SG,403.700,7.1,250,8,2.6,,
2026-10-05T23:16:29.993Z,X3842932,5101,44.26591,7.79944,16131.9,3.9,5.9,246.3,-61.6,3.6,-1.0,RS41-SG,403.700,7.0,250,8,2.6,,
2026-10-05T23:16:32.993Z,X3842932,5104,44.26584,7.79923,16145.7,4.1,5.9,238.3,-61.7,3.6,-1.0,RS41-SG,403.700,7.0,250,8,2.6,,
2026-10-05T23:16:34.993Z,X3842932,5106,44.26578,7.79911,16154.1,4.8,6.4,235.0,-61.7,3.6,-1.0,RS41-SG,403.700,6.8,250,8,2.6,,
2026-10-05T23:16:38.993Z,X3842932,5110,44.26563,7.79886,16170.9,3.6,6.1,221.8,-61.6,3.7,-1.0,RS41-SG,403.700,6.8,250,8,2.6,,
2026-10-05T23:16:39.993Z,X3842932,5111,44.26559,7.79881,16175.1,4.8,5.8,221.6,-61.6,3.7,-1.0,RS41-SG,403.700,7.0,250,8,2.6,,
2026-10-05T23:16:45.993Z,X3842932,5117,44.26543,7.79854,16200.2,4.2,4.3,245.7,-61.6,3.6,-1.0,RS41-SG,403.700,6.9,250,8,2.6,,
2026-10-05T23:16:48.993Z,X3842932,5120,44.26539,7.79835,16212.5,3.8,6.2,259.0,-61.6,3.6,-1.0,RS41-SG,403.700,7.2,250,8,2.7,,
2026-10-05T23:16:55.993Z,X3842932,5127,44.26524,7.79788,16242.0,4.8,6.2,231.9,-61.5,3.6,-1.0,RS41-SG,403.700,7.2,250,8,2.6,,
2026-10-05T23:17:31.993Z,X3842932,5163,44.26436,7.79639,16392.4,4.4,2.9,220.0,-61.9,3.5,-1.0,RS41-SG,403.700,6.9,250,8,2.7,,
2026-10-05T23:17:32.993Z,X3842932,5164,44.26433,7.79636,16397.0,4.7,3.3,209.0,-62.0,3.5,-1.0,RS41-SG,403.700,7.0,250,8,2.7,,
2026-10-05T23:17:34.993Z,X3842932,5166,44.26427,7.79633,16405.7,4.7,4.1,201.9,-62.0,3.5,-1.0,RS41-SG,403.700,7.3,250,8,2.6,,
2026-10-05T23:17:35.993Z,X3842932,5167,44.26424,7.79631,16410.2,4.4,4.8,205.4,-62.0,3.5,-1.0,RS41-SG,403.700,7.6,250,8,2.6,,
2026-10-05T23:17:41.993Z,X3842932,5173,44.26403,7.79619,16437.0,4.3,2.8,205.4,-62.0,3.4,-1.0,RS41-SG,403.700,6.7,250,8,2.6,,
2026-10-05T23:17:48.993Z,X3842932,5180,44.26384,7.79607,16468.6,3.7,5.6,199.2,-62.2,3.5,-1.0,RS41-SG,403.700,6.8,250,8,2.7,,
2026-10-05T23:18:05.993Z,X3842932,5197,44.26297,7.79585,16544.0,3.8,6.2,185.9,-62.4,3.5,-1.0,RS41-SG,403.700,6.9,250,8,2.7,,
2026-10-05T23:18:10.993Z,X3842932,5202,44.26269,7.79579,16566.5,3.9,7.0,189.4,-62.5,3.4,-1.0,RS41-SG,403.700,7.0,250,8,2.7,,
2026-10-05T23:18:11.993Z,X3842932,5203,44.26262,7.79577,16570.7,4.4,7.6,189.1,-62.5,3.4,-1.0,RS41-SG,403.700,7.0,250,8,2.6,,
2026-10-05T23:18:12.993Z,X3842932,5204,44.26255,7.79575,16575.4,5.1,8.1,193.2,-62.5,3.4,-1.0,RS41-SG,403.700,6.9,250,8,2.6,,
2026-10-05T23:18:15.993Z,X3842932,5207,44.26233,7.79566,16588.1,4.6,9.2,195.3,-62.5,3.4,-1.0,RS41-SG,403.700,7.7,250,8,2.7,,
2026-10-05T23:18:16.993Z,X3842932,5208,44.26225,7.79563,16592.3,3.8,9.5,192.8,-62.5,3.4,-1.0,RS41-SG,403.700,7.7,250,8,2.7,,
2026-10-05T23:18:17.993Z,X3842932,5209,44.26217,7.79561,16596.4,4.6,10.1,193.5,-62.5,3.3,-1.0,RS41-SG,403.700,7.8,250,8,2.6,,
2026-10-05T23:18:19.993Z,X3842932,5211,44.26199,7.79554,16605.8,3.7,10.1,197.7,-62.5,3.3,-1.0,RS41-SG,403.700,7.3,250,8,2.6,,
2026-10-05T23:18:20.993Z,X3842932,5212,44.26191,7.79550,16610.0,4.7,9.6,198.4,-62.5,3.4,-1.0,RS41-SG,403.700,7.4,250,8,2.7,,
2026-10-05T23:18:21.993Z,X3842932,5213,44.26183,7.79546,16614.8,5.1,8.7,197.1,-62.4,3.4,-1.0,RS41-SG,403.700,7.4,250,8,2.7,,
2026-10-05T23:18:23.993Z,X3842932,5215,44.26169,7.79540,16623.9,4.9,7.3,202.9,-62.3,3.4,-1.0,RS41-SG,403.700,7.8,250,8,2.6,,
2026-10-05T23:18:24.993Z,X3842932,5216,44.26163,7.79536,16628.4,4.2,7.1,209.9,-62.3,3.4,-1.0,RS41-SG,403.700,7.8,250,8,2.6,,
2026-10-05T23:18:28.993Z,X3842932,5220,44.26145,7.79517,16645.4,3.2,5.9,216.6,-62.0,3.3,-1.0,RS41-SG,403.700,6.4,250,8,2.6,,
2026-10-05T23:18:29.993Z,X3842932,5221,44.26140,7.79512,16649.1,4.2,6.5,215.7,-61.9,3.3,-1.0,RS41-SG,403.700,7.7,250,8,2.6,,
2026-10-05T23:18:35.993Z,X3842932,5227,44.26106,7.79480,16677.1,4.1,6.5,209.9,-61.4,3.1,-1.0,RS41-SG,403.700,7.7,250,8,2.6,,
2026-10-05T23:18:36.993Z,X3842932,5228,44.26101,7.79476,16681.6,4.9,5.8,213.0,-61.4,3.2,-1.0,RS41-SG,403.700,8.3,250,8,2.6,,
2026-10-05T23:18:37.993Z,X3842932,5229,44.26097,7.79472,16686.4,4.4,5.7,219.8,-61.5,3.2,-1.0,RS41-SG,403.700,8.3,250,8,2.7,,
2026-10-05T23:18:38.993Z,X3842932,5230,44.26094,7.79467,16690.5,3.9,5.8,228.5,-61.5,3.2,-1.0,RS41-SG,403.700,8.3,250,8,2.7,,
2026-10-05T23:18:39.993Z,X3842932,5231,44.26090,7.79461,16695.0,5.1,5.8,237.9,-61.5,3.2,-1.0,RS41-SG,403.700,8.3,250,8,2.6,,
2026-10-05T23:18:40.993Z,X3842932,5232,44.26088,7.79455,16699.6,4.1,5.5,243.3,-61.5,3.2,-1.0,RS41-SG,403.700,8.3,250,8,2.6,,
2026-10-05T23:18:41.993Z,X3842932,5233,44.26086,7.79448,16703.4,3.5,5.6,248.2,-61.5,3.2,-1.0,RS41-SG,403.700,8.3,250,8,2.6,,
2026-10-05T23:18:42.993Z,X3842932,5234,44.26084,7.79441,16707.5,4.6,6.2,253.8,-61.4,3.1,-1.0,RS41-SG,403.700,7.9,250,8,2.6,,
2026-10-05T23:18:43.993Z,X3842932,5235,44.26083,7.79434,16711.5,3.4,6.7,254.4,-61.4,3.1,-1.0,RS41-SG,403.700,7.6,250,8,2.7,,
2026-10-05T23:18:44.993Z,X3842932,5236,44.26081,7.79426,16715.4,4.3,6.8,255.4,-61.4,3.1,-1.0,RS41-SG,403.700,7.5,250,8,2.7,,
2026-10-05T23:18:46.993Z,X3842932,5238,44.26078,7.79410,16724.0,3.5,5.8,253.1,-61.4,3.1,-1.0,RS41-SG,403.700,7.7,250,8,2.6,,
2026-10-05T23:18:47.993Z,X3842932,5239,44.26077,7.79404,16727.8,4.2,5.4,250.0,-61.4,3.1,-1.0,RS41-SG,403.700,7.7,250,8,2.6,,
2026-10-05T23:18:49.993Z,X3842932,5241,44.26073,7.79391,16736.3,3.9,5.3,243.9,-61.3,3.1,-1.0,RS41-SG,403.700,7.5,250,8,2.7,,
2026-10-05T23:18:50.993Z,X3842932,5242,44.26071,7.79386,16740.5,4.8,4.9,237.1,-61.3,3.1,-1.0,RS41-SG,403.700,7.5,250,8,2.6,,
2026-10-05T23:18:51.993Z,X3842932,5243,44.26068,7.79381,16745.1,4.5,4.5,230.9,-61.3,3.1,-1.0,RS41-SG,403.700,7.4,250,8,2.6,,
2026-10-05T23:18:52.993Z,X3842932,5244,44.26065,7.79377,16749.4,4.2,4.3,226.2,-61.3,3.1,-1.0,RS41-SG,403.700,7.0,250,8,2.6,,
2026-10-05T23:18:54.993Z,X3842932,5246,44.26059,7.79369,16758.7,4.0,5.3,227.3,-61.2,3.1,-1.0,RS41-SG,403.700,7.3,250,8,2.7,,
2026-10-05T23:18:55.993Z,X3842932,5247,44.26056,7.79364,16763.0,4.4,5.5,227.6,-61.1,3.0,-1.0,RS41-SG,403.700,7.3,250,8,2.7,,
2026-10-05T23:19:00.993Z,X3842932,5252,44.26040,7.79341,16785.0,4.7,5.3,224.3,-60.8,2.9,-1.0,RS41-SG,403.700,6.5,250,8,2.7,,
2026-10-05T23:19:53.993Z,X3842932,5305,44.25901,7.79269,17025.0,3.0,5.1,101.7,-60.5,2.8,-1.0,RS41-SG,403.700,7.4,250,8,2.6,,
2026-10-05T23:19:54.993Z,X3842932,5306,44.25901,7.79275,17029.1,5.0,4.4,93.8,-60.6,2.7,-1.0,RS41-SG,403.700,7.4,250,8,2.6,,
2026-10-05T23:19:55.993Z,X3842932,5307,44.25901,7.79280,17034.5,5.9,3.0,94.7,-60.7,2.7,-1.0,RS41-SG,403.700,8.0,250,8,2.6,,
2026-10-05T23:20:00.993Z,X3842932,5312,44.25901,7.79285,17061.1,6.5,1.1,83.6,-60.8,2.7,-1.0,RS41-SG,403.700,6.9,250,8,2.6,,
2026-10-05T23:20:01.993Z,X3842932,5313,44.25901,7.79287,17067.1,5.1,1.8,98.9,-60.8,2.7,-1.0,RS41-SG,403.700,7.1,250,8,2.7,,
2026-10-05T23:20:02.993Z,X3842932,5314,44.25900,7.79290,17071.6,4.3,2.4,112.4,-60.9,2.7,-1.0,RS41-SG,403.700,7.1,250,8,2.7,,
2026-10-05T23:20:03.993Z,X3842932,5315,44.25899,7.79292,17076.8,6.2,2.6,140.6,-60.9,2.7,-1.0,RS41-SG,403.700,7.1,250,8,2.6,,
2026-10-05T23:20:04.993Z,X3842932,5316,44.25897,7.79294,17082.1,4.4,3.1,157.0,-61.0,2.7,-1.0,RS41-SG,403.700,8.3,250,8,2.6,,
2026-10-05T23:20:05.993Z,X3842932,5317,44.25894,7.79295,17086.6,4.4,2.9,162.1,-61.0,2.8,-1.0,RS41-SG,403.700,8.3,250,8,2.6,,
2026-10-05T23:20:06.993Z,X3842932,5318,44.25892,7.79296,17091.1,4.6,1.9,149.0,-61.1,2.8,-1.0,RS41-SG,403.700,8.0,250,8,2.6,,
2026-10-05T23:20:07.993Z,X3842932,5319,44.25891,7.79298,17095.7,4.8,1.7,95.8,-61.1,2.8,-1.0,RS41-SG,403.700,7.2,250,8,2.7,,
2026-10-05T23:20:08.993Z,X3842932,5320,44.25892,7.79301,17100.4,4.4,2.9,63.5,-61.1,2.8,-1.0,RS41-SG,403.700,8.0,250,8,2.7,,
2026-10-05T23:20:09.993Z,X3842932,5321,44.25894,7.79305,17104.6,4.0,4.6,51.9,-61.2,2.8,-1.0,RS41-SG,403.700,8.0,250,8,2.6,,
2026-10-05T23:20:10.993Z,X3842932,5322,44.25897,7.79309,17108.2,3.3,5.5,50.9,-61.2,2.8,-1.0,RS41-SG,403.700,7.9,250,8,2.6,,
2026-10-05T23:20:11.993Z,X3842932,5323,44.25899,7.79315,17111.9,4.2,5.8,60.2,-61.3,2.8,-1.0,RS41-SG,403.700,7.1,250,8,2.6,,
2026-10-05T23:20:13.993Z,X3842932,5325,44.25902,7.79328,17120.9,3.6,5.0,88.0,-61.3,2.8,-1.0,RS41-SG,403.700,7.4,250,8,2.7,,
2026-10-05T23:20:14.993Z,X3842932,5326,44.25902,7.79334,17124.1,3.0,4.3,100.6,-61.4,2.8,-1.0,RS41-SG,403.700,7.9,250,8,2.7,,
2026-10-05T23:20:15.993Z,X3842932,5327,44.25901,7.79339,17128.0,4.5,3.2,111.6,-61.4,2.9,-1.0,RS41-SG,403.700,8.2,250,8,2.6,,
2026-10-05T23:20:16.993Z,X3842932,5328,44.25900,7.79342,17132.2,4.1,2.1,113.7,-61.5,2.8,-1.0,RS41-SG,403.700,8.2,250,8,2.6,,
2026-10-05T23:20:17.993Z,X3842932,5329,44.25900,7.79344,17135.9,3.6,1.3,110.7,-61.5,2.9,-1.0,RS41-SG,403.700,8.1,250,8,2.6,,
2026-10-05T23:20:18.993Z,X3842932,5330,44.25899,7.79345,17139.9,4.6,1.0,109.2,-61.5,2.8,-1.0,RS41-SG,403.700,7.6,250,8,2.7,,
2026-10-05T23:20:19.993Z,X3842932,5331,44.25899,7.79346,17144.2,3.7,1.4,105.1,-61.6,2.9,-1.0,RS41-SG,403.700,7.7,250,8,2.7,,
2026-10-05T23:20:20.993Z,X3842932,5332,44.25899,7.79348,17147.7,3.6,1.8,85.7,-61.6,2.8,-1.0,RS41-SG,403.700,7.7,250,8,2.6,,
2026-10-05T23:20:21.993Z,X3842932,5333,44.25899,7.79351,17151.9,4.8,2.5,67.5,-61.6,2.8,-1.0,RS41-SG,403.700,7.7,250,8,2.6,,
2026-10-05T23:20:23.993Z,X3842932,5335,44.25902,7.79358,17160.9,4.3,4.0,56.2,-61.7,2.8,-1.0,RS41-SG,403.700,7.8,250,8,2.6,,
2026-10-05T23:20:24.993Z,X3842932,5336,44.25904,7.79362,17165.2,4.6,4.4,62.8,-61.8,2.8,-1.0,RS41-SG,403.700,7.8,250,8,2.7,,
2026-10-05T23:20:25.993Z,X3842932,5337,44.25906,7.79368,17169.3,3.5,4.5,73.2,-61.8,2.8,-1.0,RS41-SG,403.700,7.2,250,8,2.7,,
2026-10-05T23:20:26.993Z,X3842932,5338,44.25907,7.79373,17172.8,4.0,4.3,81.1,-61.8,2.8,-1.0,RS41-SG,403.700,7.8,250,8,2.6,,
2026-10-05T23:20:27.993Z,X3842932,5339,44.25907,7.79378,17177.1,4.7,3.6,83.8,-61.9,2.8,-1.0,RS41-SG,403.700,7.8,250,8,2.6,,
2026-10-05T23:20:28.993Z,X3842932,5340,44.25907,7.79382,17181.4,4.1,2.9,83.1,-61.9,2.8,-1.0,RS41-SG,403.700,7.7,250,8,2.6,,
2026-10-05T23:20:29.993Z,X3842932,5341,44.25908,7.79385,17185.0,3.0,2.5,83.6,-62.0,2.8,-1.0,RS41-SG,403.700,7.8,250,8,2.6,,
2026-10-05T23:20:30.993Z,X3842932,5342,44.25908,7.79388,17188.2,3.3,2.5,84.8,-62.0,2.9,-1.0,RS41-SG,403.700,7.8,250,8,2.7,,
2026-10-05T23:20:31.993Z,X3842932,5343,44.25908,7.79392,17192.1,4.1,3.0,91.2,-62.0,2.8,-1.0,RS41-SG,403.700,7.5,250,8,2.7,,
2026-10-05T23:20:32.993Z,X3842932,5344,44.25908,7.79396,17196.6,4.5,3.7,96.1,-62.1,2.8,-1.0,RS41-SG,403.700,8.2,250,8,2.6,,
2026-10-05T23:20:33.993Z,X3842932,5345,44.25907,7.79401,17200.9,3.9,4.3,96.3,-62.1,2.8,-1.0,RS41-SG,403.700,8.2,250,8,2.6,,
2026-10-05T23:20:34.993Z,X3842932,5346,44.25907,7.79407,17204.5,3.5,4.5,93.7,-62.1,2.8,-1.0,RS41-SG,403.700,8.2,250,8,2.6,,
2026-10-05T23:20:35.993Z,X3842932,5347,44.25907,7.79412,17208.5,4.5,4.2,83.9,-62.1,2.8,-1.0,RS41-SG,403.700,8.2,250,8,2.7,,
2026-10-05T23:20:36.993Z,X3842932,5348,44.25908,7.79417,17212.9,4.7,3.6,69.3,-62.2,2.8,-1.0,RS41-SG,403.700,8.2,250,8,2.7,,
2026-10-05T23:20:37.993Z,X3842932,5349,44.25909,7.79421,17216.4,2.6,3.5,57.0,-62.2,2.8,-1.0,RS41-SG,403.700,7.8,250,8,2.6,,
2026-10-05T23:20:38.993Z,X3842932,5350,44.25911,7.79424,17219.4,3.5,3.6,51.4,-62.2,2.9,-1.0,RS41-SG,403.700,7.7,250,8,2.6,,
2026-10-05T23:20:45.993Z,X3842932,5357,44.25919,7.79452,17246.8,4.7,3.5,87.3,-62.5,2.9,-1.0,RS41-SG,403.700,7.0,250,8,2.6,,
2026-10-05T23:20:49.993Z,X3842932,5361,44.25918,7.79471,17262.8,4.3,3.2,83.3,-62.6,2.9,-1.0,RS41-SG,403.700,7.3,250,8,2.6,,
2026-10-05T23:20:52.993Z,X3842932,5364,44.25921,7.79482,17274.7,4.3,3.5,69.7,-62.7,2.9,-1.0,RS41-SG,403.700,7.0,250,8,2.7,,
2026-10-05T23:20:54.993Z,X3842932,5366,44.25923,7.79491,17282.6,4.5,3.6,72.9,-62.8,3.0,-1.0,RS41-SG,403.700,6.7,250,8,2.6,,
2026-10-05T23:20:55.993Z,X3842932,5367,44.25924,7.79495,17287.3,4.8,2.9,76.2,-62.8,2.9,-1.0,RS41-SG,403.700,7.3,250,8,2.6,,
2026-10-05T23:20:58.993Z,X3842932,5370,44.25922,7.79504,17300.0,3.7,3.1,130.3,-62.9,3.0,-1.0,RS41-SG,403.700,6.7,250,8,2.7,,
2026-10-05T23:20:59.993Z,X3842932,5371,44.25920,7.79507,17303.7,3.5,3.7,137.9,-63.0,3.0,-1.0,RS41-SG,403.700,6.7,250,8,2.7,,
2026-10-05T23:21:00.993Z,X3842932,5372,44.25918,7.79510,17308.0,4.9,3.7,141.4,-63.0,2.9,-1.0,RS41-SG,403.700,7.9,250,8,2.6,,
2026-10-05T23:21:01.993Z,X3842932,5373,44.25915,7.79513,17312.8,4.8,3.1,142.2,-63.0,2.9,-1.0,RS41-SG,403.700,7.9,250,8,2.6,,
2026-10-05T23:21:02.993Z,X3842932,5374,44.25913,7.79515,17316.9,3.5,2.6,132.7,-63.0,2.9,-1.0,RS41-SG,403.700,7.7,250,8,2.6,,
2026-10-05T23:21:04.993Z,X3842932,5376,44.25911,7.79521,17325.5,4.7,3.2,98.5,-63.1,2.9,-1.0,RS41-SG,403.700,7.2,250,8,2.7,,
2026-10-05T23:21:05.993Z,X3842932,5377,44.25911,7.79525,17329.8,3.8,3.9,89.3,-63.1,2.9,-1.0,RS41-SG,403.700,7.6,250,8,2.7,,
2026-10-05T23:21:06.993Z,X3842932,5378,44.25912,7.79531,17334.2,4.8,4.6,78.9,-63.1,2.9,-1.0,RS41-SG,403.700,7.6,250,8,2.6,,
2026-10-05T23:21:07.993Z,X3842932,5379,44.25913,7.79536,17338.7,4.4,4.6,70.5,-63.1,3.0,-1.0,RS41-SG,403.700,7.4,250,8,2.6,,
2026-10-05T23:21:12.993Z,X3842932,5384,44.25913,7.79559,17360.5,4.4,3.0,135.2,-63.3,3.0,-1.0,RS41-SG,403.700,6.8,250,8,2.6,,
2026-10-05T23:21:13.993Z,X3842932,5385,44.25911,7.79561,17364.9,4.3,2.8,157.9,-63.3,3.0,-1.0,RS41-SG,403.700,7.0,250,8,2.6,,
2026-10-05T23:21:14.993Z,X3842932,5386,44.25909,7.79562,17369.0,3.3,2.8,173.9,-63.4,3.0,-1.0,RS41-SG,403.700,7.0,250,8,2.6,,
2026-10-05T23:21:15.993Z,X3842932,5387,44.25906,7.79562,17372.5,3.7,3.2,175.6,-63.4,3.0,-1.0,RS41-SG,403.700,7.0,250,8,2.7,,
2026-10-05T23:21:16.993Z,X3842932,5388,44.25903,7.79563,17376.8,5.1,3.8,168.1,-63.4,3.0,-1.0,RS41-SG,403.700,7.0,250,8,2.7,,
2026-10-05T23:21:17.993Z,X3842932,5389,44.25900,7.79565,17381.5,4.0,4.1,155.6,-63.5,3.0,-1.0,RS41-SG,403.700,7.1,250,8,2.6,,
2026-10-05T23:21:18.993Z,X3842932,5390,44.25896,7.79567,17385.2,3.4,4.2,144.8,-63.5,3.0,-1.0,RS41-SG,403.700,7.4,250,8,2.6,,
2026-10-05T23:21:19.993Z,X3842932,5391,44.25894,7.79570,17389.5,5.0,3.9,129.7,-63.5,3.0,-1.0,RS41-SG,403.700,7.5,250,8,2.6,,
2026-10-05T23:21:20.993Z,X3842932,5392,44.25892,7.79574,17394.2,4.7,3.5,117.5,-63.5,3.0,-1.0,RS41-SG,403.700,7.9,250,8,2.6,,
2026-10-05T23:21:22.993Z,X3842932,5394,44.25890,7.79582,17403.4,5.0,3.5,112.4,-63.6,3.1,-1.0,RS41-SG,403.700,7.0,250,8,2.7,,
2026-10-05T23:21:23.993Z,X3842932,5395,44.25888,7.79586,17408.5,5.0,4.0,122.1,-63.6,3.1,-1.0,RS41-SG,403.700,7.3,250,8,2.6,,
2026-10-05T23:21:26.993Z,X3842932,5398,44.25878,7.79595,17420.8,4.6,5.3,171.6,-63.6,3.1,-1.0,RS41-SG,403.700,7.5,250,8,2.7,,
2026-10-05T23:21:27.993Z,X3842932,5399,44.25873,7.79596,17424.7,3.0,5.4,181.7,-63.6,3.1,-1.0,RS41-SG,403.700,7.5,250,8,2.7,,
2026-10-05T23:21:30.993Z,X3842932,5402,44.25858,7.79595,17436.9,3.8,5.4,175.1,-63.5,3.0,-1.0,RS41-SG,403.700,6.7,250,8,2.6,,
2026-10-05T23:21:32.993Z,X3842932,5404,44.25849,7.79597,17445.6,4.8,5.2,168.0,-63.3,2.9,-1.0,RS41-SG,403.700,7.1,250,8,2.7,,
2026-10-05T23:21:33.993Z,X3842932,5405,44.25844,7.79599,17449.5,3.4,5.4,167.9,-63.2,2.9,-1.0,RS41-SG,403.700,7.2,250,8,2.7,,
2026-10-05T23:21:34.993Z,X3842932,5406,44.25839,7.79600,17453.3,4.2,5.9,164.8,-62.9,2.9,-1.0,RS41-SG,403.700,7.5,250,8,2.6,,
2026-10-05T23:21:35.993Z,X3842932,5407,44.25834,7.79603,17458.1,4.9,6.3,159.5,-62.7,2.8,-1.0,RS41-SG,403.700,7.5,250,8,2.6,,
2026-10-05T23:21:36.993Z,X3842932,5408,44.25828,7.79606,17462.6,4.0,6.6,156.6,-62.6,2.8,-1.0,RS41-SG,403.700,6.9,250,8,2.6,,
2026-10-05T23:21:37.993Z,X3842932,5409,44.25823,7.79609,17467.0,4.5,6.5,158.6,-62.4,2.7,-1.0,RS41-SG,403.700,7.9,250,8,2.6,,
2026-10-05T23:21:38.993Z,X3842932,5410,44.25818,7.79611,17471.8,4.9,6.1,164.2,-62.4,2.7,-1.0,RS41-SG,403.700,7.9,250,8,2.7,,
2026-10-05T23:21:49.993Z,X3842932,5421,44.25763,7.79619,17518.6,5.0,6.1,173.6,-62.3,2.7,-1.0,RS41-SG,403.700,6.6,250,8,2.7,,
2026-10-05T23:21:50.993Z,X3842932,5422,44.25757,7.79619,17522.8,3.5,5.9,177.2,-62.3,2.7,-1.0,RS41-SG,403.700,7.1,250,8,2.7,,
2026-10-05T23:22:07.993Z,X3842932,5439,44.25661,7.79614,17595.7,3.8,8.3,182.2,-62.5,2.8,-1.0,RS41-SG,403.700,7.3,250,8,2.7,,
2026-10-05T23:22:09.993Z,X3842932,5441,44.25646,7.79614,17604.2,3.9,8.0,177.4,-62.5,2.8,-1.0,RS41,403.700,6.8,250,8,2.6,,
2026-10-05T23:22:11.993Z,X3842932,5443,44.25633,7.79615,17613.1,5.3,6.9,182.5,-62.5,2.8,-1.0,RS41,403.700,7.1,250,8,2.6,,
2026-10-05T23:22:12.993Z,X3842932,5444,44.25627,7.79614,17617.6,3.7,6.7,189.0,-62.5,2.8,-1.0,RS41,403.700,7.1,250,8,2.7,,
2026-10-05T23:22:13.993Z,X3842932,5445,44.25621,7.79612,17621.3,3.6,6.1,198.0,-62.5,2.9,-1.0,RS41,403.700,7.5,250,8,2.7,,
2026-10-05T23:22:15.993Z,X3842932,5447,44.25613,7.79606,17629.5,3.1,4.7,212.8,-62.6,2.8,-1.0,RS41,403.700,6.8,250,8,2.6,,
2026-10-05T23:22:20.993Z,X3842932,5452,44.25594,7.79589,17650.7,4.9,5.6,203.8,-62.6,2.8,-1.0,RS41,403.700,7.5,250,8,2.6,,
2026-10-05T23:22:21.993Z,X3842932,5453,44.25589,7.79586,17655.3,4.3,5.3,200.5,-62.7,2.9,-1.0,RS41,403.700,8.0,250,8,2.6,,
2026-10-05T23:22:23.993Z,X3842932,5455,44.25580,7.79581,17664.3,4.7,5.6,205.5,-62.7,2.8,-1.0,RS41,403.700,7.0,250,8,2.6,,
2026-10-05T23:22:24.993Z,X3842932,5456,44.25576,7.79577,17669.2,4.9,6.2,212.1,-62.7,2.9,-1.0,RS41,403.700,7.1,250,8,2.7,,
2026-10-05T23:22:25.993Z,X3842932,5457,44.25571,7.79573,17673.2,3.7,6.7,217.9,-62.7,2.9,-1.0,RS41,403.700,7.2,250,8,2.7,,
2026-10-05T23:22:29.993Z,X3842932,5461,44.25555,7.79553,17689.7,3.6,4.6,214.1,-62.9,2.8,-1.0,RS41,403.700,6.7,250,8,2.7,,
2026-10-05T23:22:34.993Z,X3842932,5466,44.25532,7.79541,17712.0,4.6,5.6,205.2,-63.0,2.9,-1.0,RS41,403.700,7.2,250,8,2.6,,
2026-10-05T23:22:36.993Z,X3842932,5468,44.25524,7.79534,17719.9,3.9,5.4,221.9,-63.0,2.8,-1.0,RS41,403.700,6.1,250,8,2.7,,
2026-10-05T23:22:37.993Z,X3842932,5469,44.25520,7.79528,17724.1,4.5,6.2,228.7,-62.9,2.8,-1.0,RS41,403.700,7.1,250,8,2.6,,
2026-10-05T23:22:38.993Z,X3842932,5470,44.25516,7.79522,17728.4,4.2,6.8,230.9,-62.9,2.8,-1.0,RS41,403.700,7.1,250,8,2.6,,
2026-10-05T23:22:45.993Z,X3842932,5477,44.25498,7.79488,17757.3,3.9,3.9,213.5,-62.7,2.7,-1.0,RS41,403.700,6.7,250,8,2.6,,
2026-10-05T23:23:24.993Z,X3842932,5516,44.25383,7.79253,17927.5,4.7,6.6,239.9,-62.4,2.7,-1.0,RS41,403.700,6.6,250,8,2.6,,
2026-10-05T23:23:25.993Z,X3842932,5517,44.25380,7.79246,17932.2,4.5,7.2,238.8,-62.4,2.7,-1.0,RS41,403.700,6.9,250,8,2.6,,
2026-10-05T23:23:27.993Z,X3842932,5519,44.25373,7.79230,17940.2,4.7,7.4,241.8,-62.4,2.6,-1.0,RS41,403.700,6.5,250,8,2.7,,
2026-10-05T23:23:28.993Z,X3842932,5520,44.25371,7.79222,17944.9,4.9,6.8,245.0,-62.4,2.6,-1.0,RS41,403.700,6.5,250,8,2.7,,
2026-10-05T23:23:32.993Z,X3842932,5524,44.25360,7.79193,17962.6,3.5,7.0,234.4,-62.2,2.6,-1.0,RS41,403.700,7.2,250,8,2.6,,
2026-10-05T23:23:33.993Z,X3842932,5525,44.25356,7.79186,17966.3,3.6,7.5,233.0,-62.2,2.5,-1.0,RS41,403.700,6.9,250,8,2.7,,
2026-10-05T23:23:42.993Z,X3842932,5534,44.25330,7.79118,18005.8,4.4,5.4,244.4,-62.0,2.5,-1.0,RS41,403.700,7.4,250,8,2.6,,
2026-10-05T23:23:46.993Z,X3842932,5538,44.25318,7.79094,18022.5,3.8,6.9,228.4,-62.1,2.5,-1.0,RS41,403.700,7.3,250,8,2.7,,
2026-10-05T23:23:47.993Z,X3842932,5539,44.25314,7.79087,18026.9,5.0,7.3,230.7,-62.0,2.5,-1.0,RS41,403.700,7.3,250,8,2.6,,
2026-10-05T23:23:50.993Z,X3842932,5542,44.25301,7.79064,18040.7,5.5,7.9,230.0,-61.9,2.4,-1.0,RS41,403.700,7.2,250,8,2.6,,
2026-10-05T23:23:51.993Z,X3842932,5543,44.25297,7.79057,18045.9,4.5,7.8,226.8,-61.9,2.4,-1.0,RS41-SG,403.700,7.8,250,8,2.7,,
2026-10-05T23:23:52.993Z,X3842932,5544,44.25292,7.79050,18050.2,4.2,8.0,224.7,-61.9,2.4,-1.0,RS41-SG,403.700,7.8,250,8,2.7,,
2026-10-05T23:23:53.993Z,X3842932,5545,44.25287,7.79043,18054.8,4.8,7.7,224.5,-61.9,2.4,-1.0,RS41-SG,403.700,7.8,250,8,2.6,,
2026-10-05T23:23:55.993Z,X3842932,5547,44.25278,7.79030,18063.8,3.7,7.1,226.3,-61.9,2.5,-1.0,RS41-SG,403.700,6.7,250,8,2.6,,
2026-10-05T23:23:56.993Z,X3842932,5548,44.25273,7.79024,18067.9,4.3,6.8,222.2,-62.0,2.5,-1.0,RS41-SG,403.700,7.3,250,8,2.5,,
2026-10-05T23:23:57.993Z,X3842932,5549,44.25268,7.79019,18072.6,5.1,6.4,212.8,-62.0,2.4,-1.0,RS41-SG,403.700,7.3,250,8,2.6,,
2026-10-05T23:23:58.993Z,X3842932,5550,44.25264,7.79015,18077.1,3.8,6.3,206.9,-62.0,2.5,-1.0,RS41-SG,403.700,8.0,250,8,2.7,,
2026-10-05T23:23:59.993Z,X3842932,5551,44.25259,7.79011,18081.0,4.0,6.0,204.7,-62.0,2.5,-1.0,RS41-SG,403.700,8.0,250,8,2.6,,
2026-10-05T23:24:00.993Z,X3842932,5552,44.25254,7.79008,18085.6,5.1,5.7,210.3,-62.0,2.5,-1.0,RS41-SG,403.700,7.9,250,8,2.6,,
2026-10-05T23:24:01.993Z,X3842932,5553,44.25250,7.79004,18090.0,3.8,5.7,218.7,-62.0,2.5,-1.0,RS41-SG,403.700,7.9,250,8,2.6,,
2026-10-05T23:24:02.993Z,X3842932,5554,44.25246,7.78999,18094.3,4.8,6.1,224.4,-62.1,2.5,-1.0,RS41-SG,403.700,7.8,250,8,2.7,,
2026-10-05T23:24:03.993Z,X3842932,5555,44.25242,7.78994,18099.8,5.5,6.7,223.4,-62.1,2.5,-1.0,RS41-SG,403.700,7.4,250,8,2.7,,
2026-10-05T23:37:56.993Z,X3842932,6388,44.24179,7.77325,21892.2,3.8,1.7,167.4,-273.0,-1.0,-1.0,RS41,403.700,10.1,625,10,2.6,,
2026-10-05T23:37:57.993Z,X3842932,6389,44.24177,7.77325,21896.7,5.2,1.5,162.2,-273.0,-1.0,-1.0,RS41,403.700,8.8,625,10,2.5,,
2026-10-05T23:37:58.993Z,X3842932,6390,44.24176,7.77326,21902.1,5.5,1.8,155.5,-273.0,-1.0,-1.0,RS41,403.700,9.7,625,10,2.5,,
2026-10-05T23:37:59.993Z,X3842932,6391,44.24174,7.77327,21907.1,4.6,2.3,159.0,-273.0,-1.0,-1.0,RS41,403.700,10.1,625,10,2.5,,
2026-10-05T23:38:00.993Z,X3842932,6392,44.24172,7.77328,21912.1,5.4,2.5,161.0,-273.0,-1.0,-1.0,RS41,403.700,10.1,625,10,2.5,,
2026-10-05T23:38:01.993Z,X3842932,6393,44.24170,7.77329,21917.7,5.8,2.5,170.4,-273.0,-1.0,-1.0,RS41,403.700,10.0,625,10,2.6,,
2026-10-05T23:38:02.993Z,X3842932,6394,44.24168,7.77329,21923.1,5.0,2.8,177.9,-273.0,-1.0,-1.0,RS41,403.700,10.1,625,10,2.6,,
2026-10-05T23:38:03.993Z,X3842932,6395,44.24165,7.77329,21928.2,5.3,3.5,181.0,-273.0,-1.0,-1.0,RS41,403.700,10.2,625,10,2.5,,
2026-10-05T23:38:04.993Z,X3842932,6396,44.24161,7.77329,21933.6,5.5,4.7,181.8,-273.0,-1.0,-1.0,RS41,403.700,10.3,625,10,2.5,,
2026-10-05T23:38:05.993Z,X3842932,6397,44.24157,7.77329,21938.4,4.1,5.6,181.8,-273.0,-1.0,-1.0,RS41,403.700,10.3,625,10,2.5,,
2026-10-05T23:38:06.993Z,X3842932,6398,44.24152,7.77328,21942.7,4.6,5.9,182.4,-273.0,-1.0,-1.0,RS41,403.700,10.3,625,10,2.5,,
2026-10-05T23:38:07.993Z,X3842932,6399,44.24146,7.77328,21947.9,5.5,5.4,186.0,-273.0,-1.0,-1.0,RS41,403.700,9.6,625,10,2.6,,
2026-10-05T23:38:08.993Z,X3842932,6400,44.24142,7.77327,21952.9,4.7,4.4,191.7,-273.0,-1.0,-1.0,RS41,403.700,10.3,625,10,2.6,,
2026-10-05T23:38:09.993Z,X3842932,6401,44.24139,7.77326,21957.3,3.8,3.5,198.2,-273.0,-1.0,-1.0,RS41,403.700,10.3,625,10,2.5,,
2026-10-05T23:38:10.993Z,X3842932,6402,44.24136,7.77324,21961.4,4.5,3.0,201.6,-273.0,-1.0,-1.0,RS41,403.700,10.4,625,10,2.5,,
2026-10-05T23:38:11.993Z,X3842932,6403,44.24134,7.77323,21966.4,5.4,2.6,195.3,-273.0,-1.0,-1.0,RS41,403.700,10.4,625,10,2.5,,
2026-10-05T23:38:12.993Z,X3842932,6404,44.24131,7.77323,21971.3,4.4,2.4,176.5,-273.0,-1.0,-1.0,RS41,403.700,9.9,625,10,2.5,,
2026-10-05T23:38:13.993Z,X3842932,6405,44.24129,7.77324,21975.6,4.1,2.3,154.2,-273.0,-1.0,-1.0,RS41,403.700,10.3,625,10,2.6,,
2026-10-05T23:38:14.993Z,X3842932,6406,44.24128,7.77325,21980.3,5.2,2.2,127.5,-273.0,-1.0,-1.0,RS41,403.700,11.0,625,10,2.6,,
2026-10-05T23:38:15.993Z,X3842932,6407,44.24127,7.77328,21985.6,5.3,2.1,105.2,-273.0,-1.0,-1.0,RS41,403.700,11.0,625,10,2.5,,
2026-10-05T23:38:16.993Z,X3842932,6408,44.24127,7.77330,21990.5,4.4,2.1,99.0,-273.0,-1.0,-1.0,RS41,403.700,10.7,625,10,2.5,,
2026-10-05T23:38:17.993Z,X3842932,6409,44.24126,7.77333,21995.2,5.2,2.4,106.0,-273.0,-1.0,-1.0,RS41,403.700,10.1,625,10,2.5,,
2026-10-05T23:38:18.993Z,X3842932,6410,44.24125,7.77336,22000.6,5.6,3.0,128.2,-273.0,-1.0,-1.0,RS41-SG,403.700,11.1,625,10,2.5,,
2026-10-05T23:38:19.993Z,X3842932,6411,44.24123,7.77339,22005.4,4.0,3.4,142.5,-273.0,-1.0,-1.0,RS41-SG,403.700,11.8,625,10,2.6,,
2026-10-05T23:38:20.993Z,X3842932,6412,44.24120,7.77341,22010.1,5.3,3.6,156.2,-273.0,-1.0,-1.0,RS41-SG,403.700,11.8,625,10,2.6,,
2026-10-05T23:38:21.993Z,X3842932,6413,44.24117,7.77342,22015.7,5.9,3.2,171.4,-273.0,-1.0,-1.0,RS41-SG,403.700,9.5,625,10,2.5,,
2026-10-05T23:38:22.993Z,X3842932,6414,44.24115,7.77342,22020.7,4.1,2.9,187.8,-273.0,-1.0,-1.0,RS41-SG,403.700,10.7,625,10,2.5,,
2026-10-05T23:38:23.993Z,X3842932,6415,44.24112,7.77341,22025.1,4.9,2.7,203.2,-273.0,-1.0,-1.0,RS41-SG,403.700,10.7,625,10,2.5,,
2026-10-05T23:38:24.993Z,X3842932,6416,44.24110,7.77340,22030.4,5.7,2.7,209.1,-273.0,-1.0,-1.0,RS41-SG,403.700,10.7,625,10,2.5,,
2026-10-05T23:38:25.993Z,X3842932,6417,44.24108,7.77338,22035.4,4.3,2.6,208.5,-273.0,-1.0,-1.0,RS41-SG,403.700,11.0,625,10,2.6,,
2026-10-05T23:38:26.993Z,X3842932,6418,44.24106,7.77337,22039.9,4.9,2.1,215.7,-273.0,-1.0,-1.0,RS41-SG,403.700,11.0,625,10,2.6,,
2026-10-05T23:38:27.993Z,X3842932,6419,44.24105,7.77335,22044.8,5.0,1.6,231.5,-273.0,-1.0,-1.0,RS41-SG,403.700,10.4,625,10,2.5,,
2026-10-05T23:38:28.993Z,X3842932,6420,44.24104,7.77334,22049.6,4.5,1.4,244.8,-273.0,-1.0,-1.0,RS41-SG,403.700,10.4,625,10,2.5,,
2026-10-05T23:38:29.993Z,X3842932,6421,44.24104,7.77332,22054.2,4.6,1.3,240.2,-273.0,-1.0,-1.0,RS41-SG,403.700,10.3,625,10,2.5,,
2026-10-05T23:38:30.993Z,X3842932,6422,44.24103,7.77331,22059.3,5.4,1.9,213.6,-273.0,-1.0,-1.0,RS41-SG,403.700,11.1,625,10,2.5,,
2026-10-05T23:38:31.993Z,X3842932,6423,44.24101,7.77330,22065.0,5.9,2.7,196.2,-273.0,-1.0,-1.0,RS41-SG,403.700,11.1,625,10,2.6,,
2026-10-05T23:38:32.993Z,X3842932,6424,44.24098,7.77329,22070.1,4.2,3.5,186.3,-273.0,-1.0,-1.0,RS41-SG,403.700,10.0,625,10,2.6,,
2026-10-05T23:38:33.993Z,X3842932,6425,44.24095,7.77329,22074.3,4.1,3.7,181.2,-273.0,-1.0,-1.0,RS41-SG,403.700,10.2,625,10,2.5,,
2026-10-05T23:38:34.993Z,X3842932,6426,44.24092,7.77329,22078.9,5.1,3.2,179.4,-273.0,-1.0,-1.0,RS41-SG,403.700,10.4,625,10,2.5,,
2026-10-05T23:38:35.993Z,X3842932,6427,44.24089,7.77329,22084.3,5.6,2.3,180.7,-273.0,-1.0,-1.0,RS41-SG,403.700,11.0,625,10,2.5,,
2026-10-05T23:38:36.993Z,X3842932,6428,44.24088,7.77329,22089.2,4.3,1.5,184.6,-273.0,-1.0,-1.0,RS41-SG,403.700,11.0,625,10,2.5,,
2026-10-05T23:38:37.993Z,X3842932,6429,44.24086,7.77328,22093.5,4.3,1.3,194.9,-273.0,-1.0,-1.0,RS41-SG,403.700,10.7,625,10,2.6,,
2026-10-05T23:38:38.993Z,X3842932,6430,44.24085,7.77328,22098.1,5.1,1.9,204.6,-273.0,-1.0,-1.0,RS41-SG,403.700,8.0,625,10,2.6,,
2026-10-05T23:38:39.993Z,X3842932,6431,44.24083,7.77326,22103.3,5.4,3.2,206.0,-273.0,-1.0,-1.0,RS41-SG,403.700,7.5,625,10,2.5,,
2026-10-05T23:38:40.993Z,X3842932,6432,44.24080,7.77324,22108.2,4.5,4.2,204.5,-273.0,-1.0,-1.0,RS41-SG,403.700,7.5,625,10,2.5,,
2026-10-05T23:38:41.993Z,X3842932,6433,44.24076,7.77322,22112.4,4.1,4.9,204.2,-59.1,-1.0,-1.0,RS41-SG,403.700,7.9,625,10,2.5,,
2026-10-05T23:38:42.993Z,X3842932,6434,44.24072,7.77320,22116.9,4.8,5.0,203.4,-59.1,-1.0,-1.0,RS41-SG,403.700,7.9,625,10,2.5,,
2026-10-05T23:38:43.993Z,X3842932,6435,44.24069,7.77317,22122.2,5.8,4.2,202.3,-59.1,-1.0,-1.0,RS41-SG,403.700,7.9,625,10,2.6,,
2026-10-05T23:38:44.993Z,X3842932,6436,44.24065,7.77316,22127.4,4.8,3.5,198.7,-59.2,-1.0,-1.0,RS41-SG,403.700,9.5,625,10,2.6,,
2026-10-05T23:38:45.993Z,X3842932,6437,44.24063,7.77315,22132.0,4.4,3.0,189.6,-59.2,-1.0,-1.0,RS41-SG,403.700,10.5,625,10,2.5,,
2026-10-05T23:38:46.993Z,X3842932,6438,44.24060,7.77314,22136.8,5.3,3.0,182.6,-59.2,1.7,-1.0,RS41-SG,403.700,10.5,625,10,2.5,,
2026-10-05T23:38:47.993Z,X3842932,6439,44.24057,7.77314,22141.9,4.8,3.4,183.0,-59.2,1.7,-1.0,RS41-SG,403.700,9.6,625,10,2.5,,
2026-10-05T23:38:48.993Z,X3842932,6440,44.24054,7.77314,22146.7,4.5,3.5,187.0,-59.2,1.7,-1.0,RS41-SG,403.700,9.4,625,10,2.5,,
2026-10-05T23:38:49.993Z,X3842932,6441,44.24051,7.77313,22151.3,4.7,3.1,193.2,-59.2,1.7,-1.0,RS41-SG,403.700,9.4,625,10,2.6,,
2026-10-05T23:38:50.993Z,X3842932,6442,44.24049,7.77312,22156.4,5.4,2.3,205.8,-59.2,1.7,-1.0,RS41-SG,403.700,9.3,625,10,2.6,,
2026-10-05T23:38:52.993Z,X3842932,6444,44.24047,7.77309,22166.6,4.3,1.5,243.0,-59.2,1.7,-1.0,RS41-SG,403.700,9.6,625,10,2.5,,
2026-10-05T23:38:53.993Z,X3842932,6445,44.24046,7.77307,22170.9,4.3,1.7,237.2,-59.2,1.7,-1.0,RS41-SG,403.700,9.6,625,10,2.5,,
2026-10-05T23:38:54.993Z,X3842932,6446,44.24045,7.77305,22175.6,5.2,2.6,219.7,-59.2,1.7,-1.0,RS41-SG,403.700,9.1,625,10,2.5,,
2026-10-05T23:38:55.993Z,X3842932,6447,44.24042,7.77303,22180.8,5.1,3.7,211.7,-59.2,1.7,-1.0,RS41-SG,403.700,9.1,625,10,2.6,,
2026-10-05T23:38:56.993Z,X3842932,6448,44.24039,7.77301,22185.5,4.2,4.6,205.3,-59.2,1.7,-1.0,RS41-SG,403.700,10.0,625,10,2.6,,
2026-10-05T23:38:57.993Z,X3842932,6449,44.24035,7.77298,22190.0,4.9,4.7,203.1,-59.2,1.7,-1.0,RS41-SG,403.700,10.0,625,10,2.5,,
2026-10-05T23:38:58.993Z,X3842932,6450,44.24032,7.77296,22195.1,5.4,4.0,202.9,-59.2,1.7,-1.0,RS41-SG,403.700,9.8,625,10,2.5,,
2026-10-05T23:38:59.993Z,X3842932,6451,44.24029,7.77294,22200.3,5.0,3.0,202.7,-59.2,1.7,-1.0,RS41-SG,403.700,10.1,625,10,2.5,,
2026-10-05T23:39:00.993Z,X3842932,6452,44.24027,7.77293,22204.7,3.9,2.3,208.3,-59.2,1.7,-1.0,RS41-SG,403.700,10.1,625,10,2.5,,
2026-10-05T23:39:01.993Z,X3842932,6453,44.24025,7.77292,22209.0,4.9,2.1,218.5,-59.2,1.7,-1.0,RS41-SG,403.700,8.7,625,10,2.6,,
2026-10-05T23:39:02.993Z,X3842932,6454,44.24023,7.77290,22214.2,5.5,2.6,225.8,-59.2,1.7,-1.0,RS41-SG,403.700,8.9,625,10,2.6,,
2026-10-05T23:39:03.993Z,X3842932,6455,44.24022,7.77287,22219.3,4.7,3.2,222.3,-59.2,1.7,-1.0,RS41-SG,403.700,9.8,625,10,2.5,,
2026-10-05T23:39:04.993Z,X3842932,6456,44.24019,7.77285,22224.3,5.4,3.4,213.3,-59.2,1.7,-1.0,RS41-SG,403.700,9.8,625,10,2.5,,
2026-10-05T23:39:05.993Z,X3842932,6457,44.24017,7.77283,22229.9,5.9,3.3,203.8,-59.2,1.7,-1.0,RS41-SG,403.700,8.8,625,10,2.5,,
2026-10-05T23:39:16.993Z,X3842932,6468,44.23973,7.77267,22283.3,4.5,5.0,209.1,-59.3,1.7,-1.0,RS41-SG,403.700,8.8,625,10,2.5,,
2026-10-05T23:39:17.993Z,X3842932,6469,44.23969,7.77264,22287.8,4.8,5.4,211.7,-59.3,1.7,-1.0,RS41-SG,403.700,8.8,625,10,2.5,,
2026-10-05T23:39:19.993Z,X3842932,6471,44.23961,7.77257,22298.4,4.6,4.8,209.4,-59.3,1.7,-1.0,RS41-SG,403.700,7.8,625,10,2.6,,
2026-10-05T23:39:20.993Z,X3842932,6472,44.23957,7.77254,22302.9,4.4,4.7,210.5,-59.3,1.7,-1.0,RS41-SG,403.700,8.4,625,10,2.6,,
2026-10-05T23:39:21.993Z,X3842932,6473,44.23954,7.77251,22307.4,4.9,4.9,215.4,-59.3,1.7,-1.0,RS41-SG,403.700,8.6,625,10,2.5,,
2026-10-05T23:39:22.993Z,X3842932,6474,44.23950,7.77247,22312.6,5.6,5.6,221.0,-59.3,1.7,-1.0,RS41-SG,403.700,8.6,625,10,2.5,,
2026-10-05T23:39:23.993Z,X3842932,6475,44.23946,7.77242,22317.6,4.3,6.0,222.7,-59.3,1.7,-1.0,RS41-SG,403.700,8.6,625,10,2.5,,
2026-10-05T23:39:24.993Z,X3842932,6476,44.23942,7.77237,22321.9,4.3,5.9,221.8,-59.3,1.7,-1.0,RS41-SG,403.700,8.0,625,9,2.5,,
2026-10-05T23:39:29.993Z,X3842932,6481,44.23925,7.77222,22347.7,5.6,4.0,213.4,-59.1,1.7,-1.0,RS41-SG,403.700,8.3,625,10,2.5,,
2026-10-05T23:39:30.993Z,X3842932,6482,44.23922,7.77219,22352.9,5.0,4.5,219.5,-59.1,1.7,-1.0,RS41-SG,403.700,8.3,625,10,2.5,,
2026-10-05T23:39:32.993Z,X3842932,6484,44.23916,7.77211,22363.6,5.4,4.9,219.0,-59.0,1.6,-1.0,RS41-SG,403.700,8.7,625,10,2.6,,
2026-10-05T23:39:33.993Z,X3842932,6485,44.23912,7.77207,22368.5,4.5,5.0,216.7,-59.0,1.6,-1.0,RS41-SG,403.700,8.9,625,10,2.5,,
2026-10-05T23:39:34.993Z,X3842932,6486,44.23908,7.77203,22373.4,5.3,5.7,219.2,-59.0,1.6,-1.0,RS41-SG,403.700,8.9,625,10,2.5,,
2026-10-05T23:39:45.993Z,X3842932,6497,44.23877,7.77148,22427.0,5.5,4.2,222.1,-59.0,1.7,-1.0,RS41-SG,403.700,7.2,625,10,2.5,,
2026-10-05T23:39:47.993Z,X3842932,6499,44.23871,7.77142,22437.3,4.7,3.8,205.3,-58.9,1.6,-1.0,RS41-SG,403.700,7.4,625,10,2.5,,
2026-10-05T23:39:48.993Z,X3842932,6500,44.23868,7.77140,22442.7,5.9,4.4,206.2,-58.9,1.6,-1.0,RS41-SG,403.700,7.5,625,10,2.5,,
2026-10-05T23:39:49.993Z,X3842932,6501,44.23864,7.77137,22448.1,5.1,5.1,211.4,-58.8,1.6,-1.0,RS41-SG,403.700,7.6,625,10,2.6,,
2026-10-05T23:40:26.993Z,X3842932,6538,44.23781,7.77001,22630.4,4.3,4.0,231.8,-58.1,1.5,-1.0,RS41-SG,403.700,7.7,625,10,2.6,,
2026-10-05T23:40:32.993Z,X3842932,6544,44.23763,7.76974,22659.8,4.7,4.3,224.0,-58.1,1.5,-1.0,RS41-SG,403.700,7.1,625,10,2.6,,
2026-10-05T23:40:33.993Z,X3842932,6545,44.23760,7.76970,22663.9,3.6,3.6,221.8,-58.1,1.6,-1.0,RS41-SG,403.700,7.9,625,10,2.5,,
2026-10-05T23:40:34.993Z,X3842932,6546,44.23758,7.76967,22668.1,4.7,3.0,225.2,-58.1,1.6,-1.0,RS41-SG,403.700,7.9,625,10,2.5,,
2026-10-05T23:40:35.993Z,X3842932,6547,44.23756,7.76964,22673.3,5.4,3.0,237.1,-58.1,1.6,-1.0,RS41-SG,403.700,7.6,625,10,2.5,,
2026-10-05T23:40:40.993Z,X3842932,6552,44.23751,7.76949,22697.4,4.3,2.0,235.7,-58.1,1.6,-1.0,RS41-SG,403.700,6.7,625,10,2.5,,
2026-10-05T23:40:41.993Z,X3842932,6553,44.23750,7.76947,22702.2,5.4,2.3,234.7,-58.1,1.6,-1.0,RS41-SG,403.700,8.0,625,10,2.5,,
2026-10-05T23:40:42.993Z,X3842932,6554,44.23749,7.76944,22707.4,4.8,2.8,237.1,-58.1,1.5,-1.0,RS41-SG,403.700,8.1,625,10,2.5,,
2026-10-05T23:40:49.993Z,X3842932,6561,44.23734,7.76931,22741.7,4.3,2.1,220.3,-57.8,1.5,-1.0,RS41-SG,403.700,7.0,625,10,2.6,,
2026-10-05T23:40:50.993Z,X3842932,6562,44.23733,7.76929,22746.5,5.2,1.6,231.8,-57.8,1.5,-1.0,RS41-SG,403.700,7.2,625,10,2.6,,
2026-10-05T23:40:59.993Z,X3842932,6571,44.23719,7.76918,22791.8,4.1,3.4,188.9,-57.7,1.5,-1.0,RS41-SG,403.700,7.6,625,10,2.5,,
2026-10-05T23:41:02.993Z,X3842932,6574,44.23712,7.76916,22806.4,4.7,2.4,204.2,-57.7,1.5,-1.0,RS41-SG,403.700,8.1,625,10,2.6,,
2026-10-05T23:41:04.993Z,X3842932,6576,44.23709,7.76913,22815.9,5.2,1.8,206.7,-57.6,1.5,-1.0,RS41-SG,403.700,7.4,625,10,2.5,,
2026-10-05T23:41:06.993Z,X3842932,6578,44.23706,7.76913,22825.5,4.2,1.9,175.7,-57.6,1.5,-1.0,RS41-SG,403.700,7.4,625,10,2.5,,
2026-10-05T23:41:07.993Z,X3842932,6579,44.23704,7.76913,22829.7,4.2,2.4,181.2,-57.6,1.5,-1.0,RS41-SG,403.700,7.7,625,10,2.6,,
2026-10-05T23:41:08.993Z,X3842932,6580,44.23701,7.76912,22834.2,4.8,2.8,194.9,-57.6,1.5,-1.0,RS41-SG,403.700,7.9,625,10,2.6,,
2026-10-05T23:41:09.993Z,X3842932,6581,44.23699,7.76911,22838.9,4.6,3.2,212.9,-57.6,1.5,-1.0,RS41-SG,403.700,7.9,625,10,2.5,,
2026-10-05T23:41:10.993Z,X3842932,6582,44.23697,7.76908,22843.3,4.2,3.1,224.8,-57.6,1.5,-1.0,RS41-SG,403.700,7.2,625,10,2.5,,
2026-10-05T23:41:15.993Z,X3842932,6587,44.23692,7.76900,22867.0,5.5,1.9,196.8,-57.7,1.5,-1.0,RS41-SG,403.700,7.7,625,10,2.5,,
2026-10-05T23:41:23.993Z,X3842932,6595,44.23664,7.76888,22906.8,4.8,4.0,221.1,-57.7,1.5,-1.0,RS41-SG,403.700,6.7,625,10,2.5,,
2026-10-05T23:41:25.993Z,X3842932,6597,44.23659,7.76880,22915.9,4.7,4.1,247.0,-57.7,1.5,-1.0,RS41-SG,403.700,7.2,625,10,2.6,,
2026-10-05T23:41:28.993Z,X3842932,6600,44.23657,7.76867,22930.0,4.3,3.2,262.0,-57.7,1.5,-1.0,RS41-SG,403.700,7.6,625,10,2.5,,
2026-10-05T23:41:31.993Z,X3842932,6603,44.23654,7.76852,22944.4,4.4,5.0,243.2,-57.7,1.5,-1.0,RS41-SG,403.700,7.6,625,10,2.6,,
2026-10-05T23:41:32.993Z,X3842932,6604,44.23651,7.76847,22949.4,5.6,4.9,238.6,-57.7,1.5,-1.0,RS41-SG,403.700,7.2,625,10,2.6,,
2026-10-05T23:41:38.993Z,X3842932,6610,44.23642,7.76820,22979.2,5.0,4.2,263.3,-57.6,1.5,-1.0,RS41-SG,403.700,6.7,625,10,2.6,,
2026-10-05T23:42:58.993Z,X3842932,6690,44.23707,7.76731,23376.7,4.8,3.0,348.5,-57.1,1.5,-1.0,RS41-SG,403.700,7.5,625,10,2.5,,
2026-10-05T23:43:04.993Z,X3842932,6696,44.23719,7.76721,23407.6,5.1,2.8,357.9,-57.1,1.5,-1.0,RS41-SG,403.700,7.3,625,10,2.5,,
2026-10-05T23:43:05.993Z,X3842932,6697,44.23722,7.76722,23412.2,4.2,3.1,9.1,-57.1,1.4,-1.0,RS41-SG,403.700,7.4,625,10,2.5,,
2026-10-05T23:43:12.993Z,X3842932,6704,44.23737,7.76719,23445.7,4.6,4.8,344.0,-57.2,1.5,-1.0,RS41-SG,403.700,7.2,625,10,2.5,,
2026-10-05T23:43:14.993Z,X3842932,6706,44.23747,7.76716,23454.8,5.1,6.1,345.9,-57.2,1.5,-1.0,RS41-SG,403.700,7.2,625,10,2.6,,
2026-10-05T23:43:15.993Z,X3842932,6707,44.23752,7.76714,23460.2,5.5,5.6,344.1,-57.2,1.5,-1.0,RS41-SG,403.700,7.2,625,10,2.5,,
2026-10-05T23:43:22.993Z,X3842932,6714,44.23776,7.76723,23495.8,5.7,2.8,46.0,-57.4,1.4,-1.0,RS41-SG,403.700,7.0,625,10,2.5,,
2026-10-05T23:44:19.993Z,X3842932,6771,44.23966,7.76841,23766.6,5.6,1.5,352.6,-57.9,1.5,-1.0,RS41-SG,403.700,6.9,625,10,2.6,,
2026-10-05T23:44:22.993Z,X3842932,6774,44.23972,7.76840,23780.6,5.1,3.3,343.3,-58.0,1.5,-1.0,RS41-SG,403.700,6.8,625,10,2.5,,
2026-10-05T23:45:21.993Z,X3842932,6833,44.24006,7.76859,24062.8,3.8,1.7,75.4,-58.3,1.5,-1.0,RS41-SG,403.700,6.4,625,10,2.5,,
2026-10-05T23:45:37.993Z,X3842932,6849,44.24007,7.76902,24137.5,5.4,2.9,124.8,-58.4,1.5,-1.0,RS41-SG,403.700,6.7,625,10,2.6,,
2026-10-05T23:45:38.993Z,X3842932,6850,44.24006,7.76905,24142.6,4.9,2.8,119.9,-58.4,1.5,-1.0,RS41-SG,403.700,6.7,625,10,2.6,,
2026-10-05T23:45:51.993Z,X3842932,6863,44.23986,7.76954,24204.4,5.6,4.4,131.1,-57.8,1.4,-1.0,RS41-SG,403.700,7.4,625,10,2.5,,
2026-10-05T23:45:52.993Z,X3842932,6864,44.23983,7.76958,24209.6,5.0,4.2,124.8,-57.8,1.4,-1.0,RS41-SG,403.700,7.4,625,10,2.5,,
2026-10-05T23:45:56.993Z,X3842932,6868,44.23974,7.76980,24230.4,4.2,6.3,125.0,-57.8,1.4,-1.0,RS41-SG,403.700,7.0,625,10,2.6,,
2026-10-05T23:45:59.993Z,X3842932,6871,44.23965,7.76997,24245.3,4.5,5.0,123.3,-57.8,1.5,-1.0,RS41-SG,403.700,7.4,625,10,2.5,,
2026-10-05T23:46:02.993Z,X3842932,6874,44.23955,7.77011,24260.7,5.4,6.3,145.7,-57.7,1.4,-1.0,RS41-SG,403.700,8.0,625,10,2.6,,
2026-10-05T23:46:04.993Z,X3842932,6876,44.23945,7.77021,24269.7,4.2,7.9,144.2,-57.7,1.5,-1.0,RS41-SG,403.700,7.4,625,10,2.5,,
2026-10-05T23:46:07.993Z,X3842932,6879,44.23929,7.77043,24284.8,3.8,8.3,126.9,-57.7,1.4,-1.0,RS41-SG,403.700,7.6,625,10,2.6,,
2026-10-05T23:46:10.993Z,X3842932,6882,44.23914,7.77066,24299.9,5.0,8.7,142.5,-57.8,1.5,-1.0,RS41-SG,403.700,8.4,625,10,2.5,,
2026-10-05T23:46:11.993Z,X3842932,6883,44.23907,7.77072,24304.5,4.2,8.7,149.9,-57.8,1.5,-1.0,RS41-SG,403.700,8.4,625,10,2.5,,
2026-10-05T23:46:13.993Z,X3842932,6885,44.23894,7.77081,24314.7,5.8,7.6,157.4,-57.8,1.4,-1.0,RS41-SG,403.700,7.2,625,10,2.6,,
2026-10-05T23:46:14.993Z,X3842932,6886,44.23888,7.77084,24319.9,4.6,7.0,158.1,-57.8,1.5,-1.0,RS41-SG,403.700,8.1,625,10,2.6,,
2026-10-05T23:46:15.993Z,X3842932,6887,44.23882,7.77087,24324.9,5.3,6.6,160.8,-57.7,1.4,-1.0,RS41-SG,403.700,8.6,625,10,2.5,,
2026-10-05T23:46:16.993Z,X3842932,6888,44.23876,7.77090,24330.6,5.9,6.8,163.8,-57.7,1.5,-1.0,RS41-SG,403.700,8.6,625,10,2.5,,
2026-10-05T23:46:22.993Z,X3842932,6894,44.23847,7.77109,24361.6,5.6,5.3,139.7,-57.2,1.4,-1.0,RS41-SG,403.700,7.1,625,10,2.5,,
2026-10-05T23:46:24.993Z,X3842932,6896,44.23838,7.77117,24373.3,4.8,6.1,156.9,-57.2,1.4,-1.0,RS41-SG,403.700,7.2,625,10,2.5,,
2026-10-05T23:46:25.993Z,X3842932,6897,44.23833,7.77119,24378.0,4.6,6.4,164.9,-57.2,1.4,-1.0,RS41-SG,403.700,7.2,625,10,2.6,,
2026-10-05T23:46:29.993Z,X3842932,6901,44.23813,7.77122,24399.2,5.8,5.4,186.6,-57.2,1.4,-1.0,RS41-SG,403.700,6.8,625,10,2.5,,
2026-10-05T23:46:30.993Z,X3842932,6902,44.23808,7.77121,24405.0,5.7,5.8,191.1,-57.2,1.4,-1.0,RS41-SG,403.700,6.8,625,10,2.5,,
2026-10-05T23:46:34.993Z,X3842932,6906,44.23789,7.77120,24426.6,4.4,4.1,164.5,-57.0,1.4,-1.0,RS41-SG,403.700,7.5,625,10,2.5,,
2026-10-05T23:46:38.993Z,X3842932,6910,44.23773,7.77126,24448.0,4.7,5.9,174.8,-57.0,1.4,-1.0,RS41-SG,403.700,6.9,625,10,2.6,,
2026-10-05T23:46:41.993Z,X3842932,6913,44.23757,7.77126,24463.8,4.5,5.3,182.3,-57.1,1.4,-1.0,RS41-SG,403.700,7.1,625,10,2.5,,
2026-10-05T23:46:43.993Z,X3842932,6915,44.23747,7.77126,24474.8,6.3,5.9,181.6,-57.2,1.4,-1.0,RS41-SG,403.700,7.2,625,10,2.6,,
2026-10-05T23:46:44.993Z,X3842932,6916,44.23741,7.77126,24480.3,4.7,6.4,180.1,-57.2,1.4,-1.0,RS41-SG,403.700,7.9,625,10,2.6,,
2026-10-05T23:46:45.993Z,X3842932,6917,44.23736,7.77126,24485.1,5.0,6.4,174.5,-57.3,1.5,-1.0,RS41-SG,403.700,7.9,625,10,2.5,,
2026-10-05T23:46:46.993Z,X3842932,6918,44.23730,7.77127,24490.5,5.8,5.9,166.3,-57.3,1.4,-1.0,RS41-SG,403.700,8.3,625,10,2.5,,
2026-10-05T23:46:47.993Z,X3842932,6919,44.23726,7.77130,24496.2,5.5,5.2,155.3,-57.2,1.4,-1.0,RS41-SG,403.700,8.3,625,10,2.5,,
2026-10-05T23:46:49.993Z,X3842932,6921,44.23718,7.77136,24505.5,4.5,4.8,142.6,-57.1,1.4,-1.0,RS41-SG,403.700,8.8,625,10,2.6,,
2026-10-05T23:46:50.993Z,X3842932,6922,44.23715,7.77140,24510.6,5.8,5.1,147.0,-57.0,1.4,-1.0,RS41-SG,403.700,8.8,625,10,2.6,,
2026-10-05T23:46:51.993Z,X3842932,6923,44.23710,7.77143,24516.7,6.4,5.5,157.0,-57.0,1.4,-1.0,RS41-SG,403.700,8.4,625,10,2.5,,
2026-10-05T23:46:52.993Z,X3842932,6924,44.23706,7.77145,24522.4,5.0,6.0,167.6,-57.0,1.4,-1.0,RS41-SG,403.700,8.4,625,10,2.5,,
2026-10-05T23:46:53.993Z,X3842932,6925,44.23700,7.77146,24527.3,4.7,6.2,176.9,-57.0,1.4,-1.0,RS41-SG,403.700,8.4,625,10,2.5,,
2026-10-05T23:46:54.993Z,X3842932,6926,44.23695,7.77146,24532.6,6.0,5.9,185.5,-57.0,1.4,-1.0,RS41-SG,403.700,9.3,625,10,2.5,,
2026-10-05T23:46:55.993Z,X3842932,6927,44.23690,7.77145,24538.4,5.5,5.3,191.4,-57.0,1.4,-1.0,RS41-SG,403.700,9.3,625,10,2.6,,
2026-10-05T23:46:56.993Z,X3842932,6928,44.23685,7.77143,24543.4,4.7,4.8,194.6,-57.0,1.4,-1.0,RS41-SG,403.700,8.9,625,10,2.6,,
2026-10-05T23:46:57.993Z,X3842932,6929,44.23681,7.77142,24548.6,5.7,4.9,195.9,-57.0,1.4,-1.0,RS41-SG,403.700,8.9,625,10,2.5,,
2026-10-05T23:46:59.993Z,X3842932,6931,44.23672,7.77139,24560.2,5.0,5.8,187.9,-57.0,1.4,-1.0,RS41-SG,403.700,9.0,625,10,2.5,,
2026-10-05T23:47:00.993Z,X3842932,6932,44.23667,7.77138,24565.5,5.6,5.7,181.5,-57.0,1.4,-1.0,RS41-SG,403.700,9.0,625,10,2.5,,
2026-10-05T23:47:01.993Z,X3842932,6933,44.23662,7.77139,24571.3,6.1,5.2,173.0,-56.9,1.4,-1.0,RS41-SG,403.700,8.9,625,10,2.6,,
2026-10-05T23:47:02.993Z,X3842932,6934,44.23657,7.77140,24576.8,4.7,4.8,166.4,-56.9,1.4,-1.0,RS41-SG,403.700,8.6,625,10,2.6,,
2026-10-05T23:47:03.993Z,X3842932,6935,44.23653,7.77141,24581.9,5.5,4.9,164.1,-56.9,1.4,-1.0,RS41-SG,403.700,7.9,625,10,2.5,,
2026-10-05T23:47:04.993Z,X3842932,6936,44.23649,7.77143,24587.9,6.4,5.5,168.5,-56.9,1.4,-1.0,RS41-SG,403.700,9.1,625,10,2.5,,
2026-10-05T23:47:05.993Z,X3842932,6937,44.23644,7.77144,24593.7,5.1,6.2,172.6,-56.8,1.4,-1.0,RS41-SG,403.700,9.1,625,10,2.5,,
2026-10-05T23:47:06.993Z,X3842932,6938,44.23638,7.77145,24598.6,4.8,6.6,176.8,-56.8,1.4,-1.0,RS41-SG,403.700,9.7,625,10,2.5,,
2026-10-05T23:47:07.993Z,X3842932,6939,44.23632,7.77145,24603.8,5.7,6.4,180.6,-56.9,1.4,-1.0,RS41-SG,403.700,9.7,625,10,2.6,,
2026-10-05T23:47:08.993Z,X3842932,6940,44.23627,7.77144,24609.6,5.8,5.7,186.0,-56.9,1.4,-1.0,RS41-SG,403.700,9.3,625,10,2.6,,
2026-10-05T23:47:14.993Z,X3842932,6946,44.23598,7.77134,24642.9,6.4,5.0,190.6,-56.6,1.3,-1.0,RS41-SG,403.700,8.5,625,10,2.6,,
2026-10-05T23:47:16.993Z,X3842932,6948,44.23591,7.77134,24653.3,4.4,3.3,173.3,-56.6,1.4,-1.0,RS41-SG,403.700,7.9,625,10,2.5,,
2026-10-05T23:47:17.993Z,X3842932,6949,44.23588,7.77134,24658.2,5.3,3.2,164.5,-56.6,1.3,-1.0,RS41-SG,403.700,8.2,625,10,2.5,,
2026-10-05T23:47:19.993Z,X3842932,6951,44.23581,7.77137,24669.0,4.6,4.2,168.4,-56.5,1.3,-1.0,RS41-SG,403.700,8.5,625,10,2.6,,
2026-10-05T23:47:20.993Z,X3842932,6952,44.23578,7.77138,24673.7,4.9,4.4,168.9,-56.5,1.3,-1.0,RS41-SG,403.700,9.2,625,10,2.6,,
2026-10-05T23:47:21.993Z,X3842932,6953,44.23574,7.77139,24678.9,5.6,3.9,168.6,-56.4,1.3,-1.0,RS41-SG,403.700,9.2,625,10,2.5,,
2026-10-05T23:47:22.993Z,X3842932,6954,44.23571,7.77140,24684.3,5.2,3.0,169.3,-56.4,1.3,-1.0,RS41-SG,403.700,9.9,625,10,2.5,,
2026-10-05T23:47:23.993Z,X3842932,6955,44.23568,7.77140,24689.1,4.5,2.3,178.9,-56.4,1.3,-1.0,RS41-SG,403.700,9.9,625,10,2.5,,
2026-10-05T23:47:24.993Z,X3842932,6956,44.23567,7.77139,24693.9,5.1,2.1,209.1,-56.3,1.3,-1.0,RS41-SG,403.700,9.6,625,10,2.5,,
2026-10-05T23:47:25.993Z,X3842932,6957,44.23565,7.77137,24699.3,5.7,3.1,230.3,-56.3,1.3,-1.0,RS41-SG,403.700,9.6,625,10,2.6,,
2026-10-05T23:47:26.993Z,X3842932,6958,44.23563,7.77134,24704.8,5.3,4.2,234.2,-56.2,1.3,-1.0,RS41-SG,403.700,9.7,625,10,2.6,,
2026-10-05T23:47:27.993Z,X3842932,6959,44.23561,7.77129,24709.5,4.3,4.7,233.7,-56.2,1.3,-1.0,RS41-SG,403.700,9.7,625,10,2.5,,
2026-10-05T23:47:28.993Z,X3842932,6960,44.23558,7.77125,24714.1,5.0,4.5,231.9,-56.2,1.3,-1.0,RS41-SG,403.700,9.1,625,10,2.5,,
2026-10-05T23:47:29.993Z,X3842932,6961,44.23556,7.77121,24719.7,6.2,3.5,225.9,-56.2,1.3,-1.0,RS41-SG,403.700,8.5,625,10,2.5,,
2026-10-05T23:47:30.993Z,X3842932,6962,44.23554,7.77118,24725.4,5.1,2.5,214.7,-56.1,1.3,-1.0,RS41-SG,403.700,9.4,625,10,2.5,,
2026-10-05T23:47:31.993Z,X3842932,6963,44.23552,7.77117,24730.3,4.7,2.2,190.7,-56.1,1.3,-1.0,RS41-SG,403.700,9.4,625,10,2.6,,
2026-10-05T23:47:32.993Z,X3842932,6964,44.23550,7.77117,24735.3,5.4,2.7,172.2,-56.2,1.3,-1.0,RS41-SG,403.700,10.6,625,10,2.6,,
2026-10-05T23:47:33.993Z,X3842932,6965,44.23547,7.77118,24741.2,6.2,3.9,170.4,-56.2,1.3,-1.0,RS41-SG,403.700,10.6,625,10,2.5,,
2026-10-05T23:47:34.993Z,X3842932,6966,44.23543,7.77118,24746.8,4.9,4.8,174.3,-56.2,1.3,-1.0,RS41-SG,403.700,9.8,625,10,2.5,,
2026-10-05T23:47:35.993Z,X3842932,6967,44.23538,7.77119,24751.9,5.2,5.5,175.4,-56.2,1.3,-1.0,RS41-SG,403.700,10.1,625,10,2.5,,
2026-10-05T23:47:36.993Z,X3842932,6968,44.23533,7.77120,24757.6,6.2,5.5,174.9,-56.3,1.4,-1.0,RS41-SG,403.700,10.1,625,10,2.5,,
2026-10-05T23:47:37.993Z,X3842932,6969,44.23529,7.77120,24763.3,5.3,5.1,174.8,-56.3,1.4,-1.0,RS41-SG,403.700,8.5,625,10,2.6,,
2026-10-05T23:47:38.993Z,X3842932,6970,44.23524,7.77121,24768.7,5.5,4.7,179.7,-56.3,1.3,-1.0,RS41-SG,403.700,11.0,625,10,2.6,,
2026-10-05T23:47:39.993Z,X3842932,6971,44.23520,7.77120,24774.3,6.0,5.0,190.7,-56.3,1.3,-1.0,RS41-SG,403.700,11.0,625,10,2.5,,
2026-10-05T23:47:40.993Z,X3842932,6972,44.23515,7.77118,24780.2,5.9,5.6,201.0,-56.3,1.3,-1.0,RS41-SG,403.700,10.3,625,10,2.5,,
2026-10-05T23:47:42.993Z,X3842932,6974,44.23506,7.77112,24790.0,4.9,6.1,205.9,-56.3,1.4,-1.0,RS41-SG,403.700,6.9,625,10,2.5,,
2026-10-05T23:47:43.993Z,X3842932,6975,44.23501,7.77109,24795.3,5.9,5.3,199.8,-56.4,1.3,-1.0,RS41-SG,403.700,9.6,625,10,2.6,,
2026-10-05T23:47:44.993Z,X3842932,6976,44.23497,7.77108,24800.9,5.4,4.6,189.2,-56.4,1.4,-1.0,RS41-SG,403.700,9.6,625,10,2.6,,
2026-10-05T23:47:45.993Z,X3842932,6977,44.23493,7.77107,24805.8,4.4,4.4,177.6,-56.4,1.3,-1.0,RS41-SG,403.700,8.1,625,10,2.5,,
2026-10-05T23:47:46.993Z,X3842932,6978,44.23488,7.77108,24810.7,5.4,4.9,171.9,-56.4,1.4,-1.0,RS41-SG,403.700,8.1,625,10,2.5,,
2026-10-05T23:47:47.993Z,X3842932,6979,44.23484,7.77109,24816.6,6.3,5.7,174.9,-56.4,1.4,-1.0,RS41-SG,403.700,7.9,625,10,2.5,,
2026-10-05T23:47:48.993Z,X3842932,6980,44.23478,7.77109,24822.0,4.8,6.3,180.8,-56.4,1.4,-1.0,RS41-SG,403.700,10.6,625,10,2.5,,
2026-10-05T23:47:49.993Z,X3842932,6981,44.23473,7.77109,24826.7,4.8,6.6,185.2,-56.4,1.4,-1.0,RS41-SG,403.700,10.6,625,10,2.6,,
2026-10-05T23:47:50.993Z,X3842932,6982,44.23467,7.77108,24832.2,6.2,6.3,189.1,-56.4,1.4,-1.0,RS41-SG,403.700,10.2,625,10,2.6,,
2026-10-05T23:47:51.993Z,X3842932,6983,44.23462,7.77106,24837.9,5.3,5.8,190.3,-56.4,1.4,-1.0,RS41-SG,403.700,10.1,625,10,2.5,,
2026-10-05T23:47:52.993Z,X3842932,6984,44.23457,7.77105,24843.2,5.2,5.4,197.9,-56.4,1.4,-1.0,RS41-SG,403.700,8.3,625,10,2.5,,
2026-10-05T23:47:53.993Z,X3842932,6985,44.23452,7.77102,24848.7,5.8,5.5,210.4,-56.4,1.4,-1.0,RS41-SG,403.700,10.9,625,10,2.5,,
2026-10-05T23:47:54.993Z,X3842932,6986,44.23448,7.77098,24854.2,5.1,6.0,221.5,-56.5,1.4,-1.0,RS41-SG,403.700,10.9,625,10,2.5,,
2026-10-05T23:47:55.993Z,X3842932,6987,44.23444,7.77092,24859.1,4.6,6.3,229.7,-56.5,1.4,-1.0,RS41-SG,403.700,10.3,625,10,2.6,,
2026-10-05T23:47:56.993Z,X3842932,6988,44.23441,7.77086,24864.1,5.5,5.8,237.4,-56.5,1.4,-1.0,RS41-SG,403.700,10.0,625,10,2.6,,
2026-10-05T23:47:57.993Z,X3842932,6989,44.23439,7.77081,24869.9,6.1,4.6,244.2,-56.5,1.4,-1.0,RS41-SG,403.700,10.1,625,10,2.5,,
2026-10-05T23:47:58.993Z,X3842932,6990,44.23437,7.77076,24875.4,4.7,3.4,247.1,-56.5,1.3,-1.0,RS41-SG,403.700,10.1,625,10,2.5,,
2026-10-05T23:47:59.993Z,X3842932,6991,44.23436,7.77073,24880.0,4.6,2.5,242.5,-56.6,1.4,-1.0,RS41-SG,403.700,10.4,625,10,2.5,,
2026-10-05T23:48:00.993Z,X3842932,6992,44.23435,7.77070,24884.9,5.4,2.2,220.0,-56.6,1.4,-1.0,RS41-SG,403.700,10.4,625,10,2.5,,
2026-10-05T23:48:01.993Z,X3842932,6993,44.23433,7.77069,24890.6,6.1,2.9,200.7,-56.6,1.4,-1.0,RS41-SG,403.700,9.2,625,10,2.6,,
2026-10-05T23:48:02.993Z,X3842932,6994,44.23430,7.77067,24896.0,4.5,3.8,196.6,-56.6,1.4,-1.0,RS41-SG,403.700,7.1,625,10,2.6,,
2026-10-05T23:48:03.993Z,X3842932,6995,44.23427,7.77066,24900.7,5.0,4.2,192.8,-56.5,1.4,-1.0,RS41-SG,403.700,9.9,625,10,2.5,,
2026-10-05T23:48:04.993Z,X3842932,6996,44.23423,7.77065,24906.2,6.0,3.9,186.7,-56.4,1.4,-1.0,RS41-SG,403.700,10.7,625,10,2.5,,
2026-10-05T23:48:05.993Z,X3842932,6997,44.23420,7.77065,24911.9,5.1,3.5,183.3,-56.3,1.3,-1.0,RS41-SG,403.700,10.7,625,10,2.5,,
2026-10-05T23:48:06.993Z,X3842932,6998,44.23417,7.77064,24917.0,5.2,2.7,192.0,-56.3,1.4,-1.0,RS41-SG,403.700,11.1,625,10,2.5,,
2026-10-05T23:48:07.993Z,X3842932,6999,44.23415,7.77063,24922.6,5.9,2.5,220.5,-56.2,1.3,-1.0,RS41-SG,403.700,11.9,625,10,2.6,,
2026-10-05T23:48:08.993Z,X3842932,7000,44.23414,7.77060,24928.1,5.1,3.2,243.7,-56.2,1.4,-1.0,RS41-SG,403.700,11.9,625,10,2.6,,
2026-10-05T23:48:09.993Z,X3842932,7001,44.23413,7.77056,24932.8,4.3,4.0,257.9,-56.2,1.3,-1.0,RS41-SG,403.700,10.9,625,10,2.5,,
2026-10-05T23:48:10.993Z,X3842932,7002,44.23412,7.77051,24937.5,5.0,4.3,270.2,-56.2,1.3,-1.0,RS41-SG,403.700,11.1,625,10,2.5,,
2026-10-05T23:48:11.993Z,X3842932,7003,44.23413,7.77046,24942.7,5.6,4.0,281.9,-56.2,1.3,-1.0,RS41-SG,403.700,11.1,625,10,2.5,,
2026-10-05T23:48:12.993Z,X3842932,7004,44.23413,7.77041,24948.2,5.4,3.4,291.0,-56.2,1.3,-1.0,RS41-SG,403.700,10.7,625,10,2.5,,
2026-10-05T23:48:13.993Z,X3842932,7005,44.23415,7.77038,24953.2,4.5,3.0,295.8,-56.2,1.3,-1.0,RS41-SG,403.700,11.6,625,10,2.6,,
2026-10-05T23:48:14.993Z,X3842932,7006,44.23416,7.77034,24958.0,5.1,2.8,283.0,-56.1,1.3,-1.0,RS41-SG,403.700,11.6,625,10,2.6,,
2026-10-05T23:48:15.993Z,X3842932,7007,44.23416,7.77030,24963.5,6.0,3.2,261.0,-56.1,1.3,-1.0,RS41-SG,403.700,10.5,625,10,2.5,,
2026-10-05T23:48:16.993Z,X3842932,7008,44.23415,7.77026,24969.5,5.9,4.3,245.9,-56.1,1.3,-1.0,RS41-SG,403.700,9.5,625,10,2.5,,
2026-10-05T23:48:17.993Z,X3842932,7009,44.23412,7.77021,24974.4,3.7,5.4,237.9,-56.1,1.3,-1.0,RS41-SG,403.700,10.4,625,10,2.5,,
2026-10-05T23:48:18.993Z,X3842932,7010,44.23409,7.77015,24978.5,4.5,6.1,231.1,-56.0,1.3,-1.0,RS41-SG,403.700,11.0,625,10,2.5,,
2026-10-05T23:48:19.993Z,X3842932,7011,44.23406,7.77009,24983.6,5.9,6.0,225.6,-56.0,1.3,-1.0,RS41-SG,403.700,11.3,625,10,2.6,,
2026-10-05T23:48:20.993Z,X3842932,7012,44.23402,7.77004,24989.2,5.2,5.5,222.0,-55.9,1.3,-1.0,RS41-SG,403.700,11.3,625,10,2.6,,
2026-10-05T23:48:21.993Z,X3842932,7013,44.23399,7.77000,24994.2,4.9,5.0,221.8,-55.9,1.3,-1.0,RS41-SG,403.700,11.5,625,10,2.5,,
2026-10-05T23:48:22.993Z,X3842932,7014,44.23396,7.76996,24999.5,5.8,4.9,228.3,-55.9,1.3,-1.0,RS41-SG,403.700,12.1,625,10,2.5,,
2026-10-05T23:48:23.993Z,X3842932,7015,44.23393,7.76991,25005.5,6.1,5.1,240.5,-55.9,1.3,-1.0,RS41-SG,403.700,12.1,625,10,2.5,,
2026-10-05T23:48:24.993Z,X3842932,7016,44.23391,7.76985,25010.9,4.6,5.5,249.0,-55.9,1.3,-1.0,RS41-SG,403.700,11.3,625,10,2.5,,
2026-10-05T23:48:25.993Z,X3842932,7017,44.23390,7.76978,25015.5,4.8,5.5,258.3,-55.9,1.3,-1.0,RS41-SG,403.700,11.2,625,10,2.6,,
2026-10-05T23:48:26.993Z,X3842932,7018,44.23389,7.76972,25020.8,5.8,5.1,268.8,-55.9,1.3,-1.0,RS41-SG,403.700,10.7,625,10,2.6,,
2026-10-05T23:48:27.993Z,X3842932,7019,44.23389,7.76966,25026.4,5.4,4.5,278.3,-55.9,1.3,-1.0,RS41-SG,403.700,11.1,625,10,2.5,,
2026-10-05T23:48:28.993Z,X3842932,7020,44.23390,7.76960,25031.4,4.7,4.2,285.0,-55.9,1.3,-1.0,RS41-SG,403.700,11.1,625,10,2.5,,
2026-10-05T23:48:29.993Z,X3842932,7021,44.23391,7.76955,25036.3,5.2,4.4,284.1,-55.8,1.3,-1.0,RS41-SG,403.700,11.1,625,10,2.5,,
2026-10-05T23:48:30.993Z,X3842932,7022,44.23392,7.76949,25041.9,5.9,5.1,276.6,-55.8,1.3,-1.0,RS41-SG,403.700,11.1,625,10,2.5,,
2026-10-05T23:48:31.993Z,X3842932,7023,44.23392,7.76942,25047.7,5.6,5.9,269.4,-55.7,1.3,-1.0,RS41-SG,403.700,11.0,625,10,2.6,,
2026-10-05T23:48:32.993Z,X3842932,7024,44.23392,7.76935,25052.6,4.3,6.4,264.4,-55.7,1.3,-1.0,RS41-SG,403.700,11.1,625,10,2.6,,
2026-10-05T23:48:33.993Z,X3842932,7025,44.23391,7.76927,25057.2,5.0,6.2,259.1,-55.7,1.3,-1.0,RS41-SG,403.700,11.1,625,10,2.5,,
2026-10-05T23:48:34.993Z,X3842932,7026,44.23390,7.76920,25062.8,6.2,5.3,253.2,-55.6,1.3,-1.0,RS41-SG,403.700,10.9,625,10,2.5,,
2026-10-05T23:48:35.993Z,X3842932,7027,44.23388,7.76914,25068.3,4.8,4.5,247.8,-55.6,1.3,-1.0,RS41-SG,403.700,10.9,625,10,2.5,,
2026-10-05T23:48:36.993Z,X3842932,7028,44.23387,7.76910,25073.2,5.0,3.8,244.3,-55.6,1.3,-1.0,RS41-SG,403.700,10.6,625,10,2.5,,
2026-10-05T23:48:37.993Z,X3842932,7029,44.23385,7.76905,25078.5,5.7,3.9,245.7,-55.6,1.3,-1.0,RS41-SG,403.700,11.2,625,10,2.6,,
2026-10-05T23:48:38.993Z,X3842932,7030,44.23384,7.76900,25084.3,5.9,4.4,251.7,-55.6,1.3,-1.0,RS41-SG,403.700,11.2,625,10,2.6,,
2026-10-05T23:48:39.993Z,X3842932,7031,44.23383,7.76895,25089.5,4.6,4.9,259.7,-55.6,1.3,-1.0,RS41-SG,403.700,10.8,625,10,2.5,,
2026-10-05T23:48:40.993Z,X3842932,7032,44.23382,7.76889,25094.4,5.2,5.1,270.3,-55.6,1.3,-1.0,RS41-SG,403.700,10.8,625,10,2.5,,
2026-10-05T23:48:41.993Z,X3842932,7033,44.23383,7.76882,25100.0,5.9,4.9,283.9,-55.7,1.3,-1.0,RS41-SG,403.700,10.8,625,10,2.5,,
2026-10-05T23:48:42.993Z,X3842932,7034,44.23384,7.76877,25105.2,4.6,4.9,295.7,-55.7,1.3,-1.0,RS41-SG,403.700,10.8,625,10,2.5,,
2026-10-05T23:48:43.993Z,X3842932,7035,44.23387,7.76871,25109.9,4.9,5.1,300.7,-55.7,1.3,-1.0,RS41-SG,403.700,10.8,625,10,2.6,,
2026-10-05T23:48:44.993Z,X3842932,7036,44.23389,7.76866,25115.3,5.8,5.6,298.1,-55.8,1.3,-1.0,RS41-SG,403.700,10.9,625,10,2.6,,
2026-10-05T23:48:45.993Z,X3842932,7037,44.23391,7.76859,25121.1,5.9,6.2,290.5,-55.8,1.3,-1.0,RS41-SG,403.700,10.9,625,10,2.5,,
2026-10-05T23:48:46.993Z,X3842932,7038,44.23393,7.76851,25126.4,4.6,6.5,284.4,-55.8,1.3,-1.0,RS41-SG,403.700,9.3,625,10,2.5,,
2026-10-05T23:48:47.993Z,X3842932,7039,44.23394,7.76844,25131.3,5.0,6.3,279.5,-55.8,1.3,-1.0,RS41-SG,403.700,9.3,625,10,2.5,,
2026-10-05T23:48:48.993Z,X3842932,7040,44.23395,7.76836,25136.8,6.3,5.6,276.6,-55.9,1.3,-1.0,RS41-SG,403.700,10.6,625,10,2.5,,
2026-10-05T23:48:49.993Z,X3842932,7041,44.23395,7.76830,25142.3,4.8,4.7,274.6,-55.9,1.3,-1.0,RS41-SG,403.700,10.6,625,10,2.6,,
2026-10-05T23:48:50.993Z,X3842932,7042,44.23395,7.76824,25147.3,5.0,4.3,270.7,-55.8,1.3,-1.0,RS41-SG,403.700,10.8,625,10,2.6,,
2026-10-05T23:48:51.993Z,X3842932,7043,44.23395,7.76819,25152.8,6.1,4.3,265.1,-55.8,1.3,-1.0,RS41-SG,403.700,10.8,625,10,2.5,,
2026-10-05T23:48:52.993Z,X3842932,7044,44.23395,7.76813,25158.4,5.2,4.9,262.8,-55.8,1.3,-1.0,RS41-SG,403.700,10.4,625,10,2.5,,
2026-10-05T23:48:53.993Z,X3842932,7045,44.23394,7.76807,25163.5,4.8,5.2,264.6,-55.8,1.4,-1.0,RS41-SG,403.700,10.2,625,10,2.5,,
2026-10-05T23:48:54.993Z,X3842932,7046,44.23394,7.76800,25168.9,6.0,5.2,273.1,-55.9,1.3,-1.0,RS41-SG,403.700,10.4,625,10,2.5,,
2026-10-05T23:48:55.993Z,X3842932,7047,44.23395,7.76794,25174.9,6.0,4.9,285.9,-55.9,1.3,-1.0,RS41-SG,403.700,10.6,625,10,2.6,,
2026-10-05T23:48:56.993Z,X3842932,7048,44.23396,7.76788,25180.2,4.6,5.0,297.4,-55.9,1.4,-1.0,RS41-SG,403.700,10.6,625,10,2.6,,
2026-10-05T23:48:57.993Z,X3842932,7049,44.23399,7.76783,25185.2,5.1,5.6,303.5,-55.9,1.3,-1.0,RS41-SG,403.700,10.6,625,10,2.5,,
2026-10-05T23:48:58.993Z,X3842932,7050,44.23402,7.76777,25190.8,6.2,6.2,302.1,-55.9,1.4,-1.0,RS41-SG,403.700,11.3,625,10,2.5,,
2026-10-05T23:48:59.993Z,X3842932,7051,44.23405,7.76770,25196.6,5.1,6.6,298.5,-55.9,1.3,-1.0,RS41-SG,403.700,11.3,625,10,2.5,,
2026-10-05T23:49:00.993Z,X3842932,7052,44.23407,7.76762,25201.8,5.2,6.5,297.3,-55.9,1.3,-1.0,RS41-SG,403.700,10.4,625,10,2.5,,
2026-10-05T23:49:01.993Z,X3842932,7053,44.23410,7.76756,25207.4,6.1,5.9,300.8,-55.9,1.3,-1.0,RS41-SG,403.700,10.4,625,10,2.6,,
2026-10-05T23:49:02.993Z,X3842932,7054,44.23413,7.76750,25213.4,5.8,4.9,308.5,-55.9,1.3,-1.0,RS41-SG,403.700,9.7,625,10,2.6,,
2026-10-05T23:49:03.993Z,X3842932,7055,44.23416,7.76746,25218.5,4.6,4.1,313.7,-55.9,1.3,-1.0,RS41-SG,403.700,10.0,625,10,2.5,,
2026-10-05T23:49:04.993Z,X3842932,7056,44.23418,7.76743,25223.2,5.0,3.2,314.0,-55.9,1.3,-1.0,RS41-SG,403.700,10.1,625,10,2.5,,
2026-10-05T23:49:05.993Z,X3842932,7057,44.23419,7.76740,25228.6,5.8,2.5,299.3,-55.8,1.3,-1.0,RS41-SG,403.700,10.1,625,10,2.5,,
2026-10-05T23:49:06.993Z,X3842932,7058,44.23420,7.76737,25234.2,5.5,2.2,276.7,-55.8,1.3,-1.0,RS41-SG,403.700,8.3,625,10,2.5,,
2026-10-05T23:49:07.993Z,X3842932,7059,44.23420,7.76735,25239.1,4.5,2.2,263.8,-55.8,1.3,-1.0,RS41-SG,403.700,9.8,625,10,2.6,,
2026-10-05T23:49:08.993Z,X3842932,7060,44.23420,7.76732,25244.0,5.3,1.7,270.7,-55.8,1.3,-1.0,RS41-SG,403.700,10.5,625,10,2.6,,
2026-10-05T23:49:09.993Z,X3842932,7061,44.23420,7.76731,25249.6,6.1,1.4,322.9,-55.8,1.3,-1.0,RS41-SG,403.700,10.5,625,10,2.5,,
2026-10-05T23:49:10.993Z,X3842932,7062,44.23422,7.76730,25255.0,4.7,2.2,353.9,-55.7,1.3,-1.0,RS41-SG,403.700,11.0,625,10,2.5,,
2026-10-05T23:49:11.993Z,X3842932,7063,44.23424,7.76730,25259.8,4.9,3.2,358.9,-55.6,1.3,-1.0,RS41-SG,403.700,11.1,625,10,2.5,,
2026-10-05T23:49:12.993Z,X3842932,7064,44.23427,7.76730,25265.4,6.3,3.9,352.2,-55.6,1.2,-1.0,RS41-SG,403.700,11.1,625,10,2.5,,
2026-10-05T23:49:13.993Z,X3842932,7065,44.23431,7.76728,25271.3,5.5,4.1,342.1,-55.5,1.3,-1.0,RS41-SG,403.700,11.2,625,10,2.6,,
2026-10-05T23:49:14.993Z,X3842932,7066,44.23434,7.76727,25276.6,5.1,4.5,335.0,-55.5,1.3,-1.0,RS41-SG,403.700,11.2,625,10,2.6,,
2026-10-05T23:49:15.993Z,X3842932,7067,44.23438,7.76724,25282.2,6.0,4.8,335.7,-55.4,1.3,-1.0,RS41-SG,403.700,10.9,625,10,2.5,,
2026-10-05T23:49:16.993Z,X3842932,7068,44.23442,7.76722,25288.2,5.9,5.1,342.3,-55.3,1.3,-1.0,RS41-SG,403.700,10.9,625,10,2.5,,
2026-10-05T23:49:17.993Z,X3842932,7069,44.23447,7.76720,25293.4,4.6,5.1,345.9,-55.2,1.2,-1.0,RS41-SG,403.700,9.0,625,10,2.5,,
2026-10-05T23:49:18.993Z,X3842932,7070,44.23451,7.76719,25298.5,5.7,4.8,343.4,-55.2,1.2,-1.0,RS41-SG,403.700,7.6,625,10,2.5,,
2026-10-05T23:49:19.993Z,X3842932,7071,44.23455,7.76717,25304.5,6.3,4.1,332.5,-55.1,1.2,-1.0,RS41-SG,403.700,9.0,625,10,2.6,,
2026-10-05T23:49:20.993Z,X3842932,7072,44.23458,7.76714,25310.0,4.7,3.6,322.4,-55.1,1.2,-1.0,RS41-SG,403.700,9.0,625,10,2.6,,
2026-10-05T23:49:21.993Z,X3842932,7073,44.23460,7.76711,25314.7,4.7,3.2,316.3,-55.1,1.2,-1.0,RS41-SG,403.700,8.9,625,10,2.5,,
2026-10-05T23:49:22.993Z,X3842932,7074,44.23462,7.76709,25319.9,5.8,2.9,325.4,-55.0,1.2,-1.0,RS41-SG,403.700,8.9,625,10,2.5,,
2026-10-05T23:49:23.993Z,X3842932,7075,44.23464,7.76707,25325.6,5.6,2.9,343.8,-55.0,1.2,-1.0,RS41-SG,403.700,8.9,625,10,2.5,,
2026-10-05T23:49:24.993Z,X3842932,7076,44.23467,7.76707,25330.8,4.7,3.3,353.9,-54.8,1.2,-1.0,RS41-SG,403.700,8.9,625,10,2.5,,
2026-10-05T23:49:25.993Z,X3842932,7077,44.23470,7.76706,25335.6,5.1,3.6,355.7,-54.7,1.2,-1.0,RS41-SG,403.700,9.7,625,10,2.6,,
2026-10-05T23:49:26.993Z,X3842932,7078,44.23473,7.76705,25341.2,6.1,3.9,345.2,-54.6,1.2,-1.0,RS41-SG,403.700,10.8,625,10,2.6,,
2026-10-05T23:49:27.993Z,X3842932,7079,44.23477,7.76704,25346.9,5.2,4.2,337.3,-54.6,1.2,-1.0,RS41-SG,403.700,11.1,625,10,2.5,,
2026-10-05T23:49:28.993Z,X3842932,7080,44.23481,7.76702,25351.8,4.8,4.7,333.9,-54.6,1.2,-1.0,RS41-SG,403.700,11.1,625,10,2.5,,
2026-10-05T23:49:29.993Z,X3842932,7081,44.23485,7.76699,25357.3,6.0,5.1,340.6,-54.6,1.2,-1.0,RS41-SG,403.700,11.4,625,10,2.5,,
2026-10-05T23:49:30.993Z,X3842932,7082,44.23489,7.76698,25363.2,6.0,5.5,350.6,-54.6,1.2,-1.0,RS41-SG,403.700,11.4,625,10,2.5,,
2026-10-05T23:49:31.993Z,X3842932,7083,44.23494,7.76697,25368.6,4.9,5.6,357.7,-54.6,1.2,-1.0,RS41-SG,403.700,11.5,625,10,2.6,,
2026-10-05T23:49:32.993Z,X3842932,7084,44.23499,7.76697,25373.6,5.2,5.3,360.0,-54.5,1.2,-1.0,RS41-SG,403.700,11.5,625,10,2.6,,
2026-10-05T23:49:33.993Z,X3842932,7085,44.23503,7.76696,25379.3,6.3,4.7,354.9,-54.5,1.2,-1.0,RS41-SG,403.700,11.2,625,10,2.5,,
2026-10-05T23:49:34.993Z,X3842932,7086,44.23507,7.76696,25385.0,5.0,4.0,346.2,-54.6,1.2,-1.0,RS41-SG,403.700,10.7,625,10,2.5,,
2026-10-05T23:49:35.993Z,X3842932,7087,44.23510,7.76694,25389.7,4.4,3.4,338.0,-54.6,1.2,-1.0,RS41-SG,403.700,11.2,625,10,2.5,,
2026-10-05T23:49:36.993Z,X3842932,7088,44.23513,7.76693,25394.7,5.4,2.7,338.7,-54.6,1.2,-1.0,RS41-SG,403.700,11.4,625,10,2.5,,
2026-10-05T23:49:37.993Z,X3842932,7089,44.23515,7.76692,25400.3,5.8,2.4,357.4,-54.6,1.2,-1.0,RS41-SG,403.700,11.4,625,10,2.6,,
2026-10-05T23:49:38.993Z,X3842932,7090,44.23517,7.76692,25405.4,4.3,2.6,13.2,-54.7,1.2,-1.0,RS41-SG,403.700,11.6,625,10,2.6,,
2026-10-05T23:49:39.993Z,X3842932,7091,44.23520,7.76693,25409.5,3.9,2.8,19.6,-54.7,1.2,-1.0,RS41-SG,403.700,11.6,625,10,2.5,,
2026-10-05T23:49:40.993Z,X3842932,7092,44.23522,7.76694,25414.1,5.2,2.9,16.5,-54.7,1.2,-1.0,RS41-SG,403.700,11.6,625,10,2.5,,
2026-10-05T23:49:41.993Z,X3842932,7093,44.23525,7.76695,25419.7,6.1,2.9,3.6,-54.6,1.2,-1.0,RS41-SG,403.700,11.5,625,10,2.5,,
2026-10-05T23:49:42.993Z,X3842932,7094,44.23527,7.76695,25425.4,5.2,3.3,354.6,-54.6,1.2,-1.0,RS41-SG,403.700,11.2,625,10,2.5,,
2026-10-05T23:49:43.993Z,X3842932,7095,44.23530,7.76695,25430.8,5.3,3.8,353.0,-54.7,1.2,-1.0,RS41-SG,403.700,11.7,625,10,2.6,,
2026-10-05T23:49:44.993Z,X3842932,7096,44.23534,7.76694,25436.3,5.8,4.4,358.8,-54.7,1.2,-1.0,RS41-SG,403.700,11.7,625,10,2.6,,
2026-10-05T23:49:45.993Z,X3842932,7097,44.23538,7.76695,25441.9,5.3,4.9,8.3,-54.7,1.2,-1.0,RS41-SG,403.700,12.1,625,10,2.5,,
2026-10-05T23:49:46.993Z,X3842932,7098,44.23543,7.76696,25446.7,4.3,5.1,14.5,-54.7,1.3,-1.0,RS41-SG,403.700,12.1,625,10,2.5,,
2026-10-05T23:49:47.993Z,X3842932,7099,44.23547,7.76697,25451.6,5.5,4.9,16.9,-54.7,1.3,-1.0,RS41-SG,403.700,11.9,625,10,2.5,,
2026-10-05T23:49:48.993Z,X3842932,7100,44.23551,7.76699,25457.5,6.2,4.0,12.8,-54.7,1.3,-1.0,RS41-SG,403.700,11.9,625,10,2.5,,
2026-10-05T23:49:49.993Z,X3842932,7101,44.23554,7.76700,25463.1,5.0,3.1,7.1,-54.7,1.2,-1.0,RS41-SG,403.700,11.4,625,10,2.6,,
2026-10-05T23:49:50.993Z,X3842932,7102,44.23556,7.76700,25468.1,5.1,2.2,10.9,-54.7,1.3,-1.0,RS41-SG,403.700,11.8,625,10,2.6,,
2026-10-05T23:49:51.993Z,X3842932,7103,44.23558,7.76701,25473.5,5.8,1.7,34.8,-54.7,1.3,-1.0,RS41-SG,403.700,11.8,625,10,2.5,,
2026-10-05T23:49:52.993Z,X3842932,7104,44.23559,7.76703,25479.5,6.0,2.2,63.5,-54.7,1.2,-1.0,RS41-SG,403.700,11.7,625,10,2.5,,
2026-10-05T23:49:53.993Z,X3842932,7105,44.23560,7.76706,25484.8,4.6,2.7,70.9,-54.7,1.2,-1.0,RS41-SG,403.700,11.1,625,10,2.5,,
2026-10-05T23:49:54.993Z,X3842932,7106,44.23560,7.76709,25489.9,5.3,2.7,74.4,-54.7,1.3,-1.0,RS41-SG,403.700,11.1,625,10,2.5,,
2026-10-05T23:49:55.993Z,X3842932,7107,44.23561,7.76712,25495.7,6.3,2.1,72.7,-54.7,1.3,-1.0,RS41-SG,403.700,11.1,625,10,2.6,,
2026-10-05T23:49:56.993Z,X3842932,7108,44.23562,7.76714,25501.6,5.3,1.3,61.3,-54.7,1.2,-1.0,RS41-SG,403.700,10.6,625,10,2.6,,
2026-10-05T23:49:57.993Z,X3842932,7109,44.23562,7.76715,25506.6,4.7,1.0,48.1,-54.7,1.2,-1.0,RS41-SG,403.700,8.2,625,10,2.5,,
2026-10-05T23:49:58.993Z,X3842932,7110,44.23563,7.76716,25511.9,5.8,1.3,46.0,-54.7,1.2,-1.0,RS41-SG,403.700,10.6,625,10,2.5,,
2026-10-05T23:49:59.993Z,X3842932,7111,44.23564,7.76718,25517.8,6.1,2.3,58.9,-54.7,1.2,-1.0,RS41-SG,403.700,11.3,625,10,2.5,,
2026-10-05T23:50:00.993Z,X3842932,7112,44.23565,7.76721,25523.2,4.5,3.3,67.4,-54.7,1.2,-1.0,RS41-SG,403.700,11.3,625,10,2.5,,
2026-10-05T23:50:01.993Z,X3842932,7113,44.23566,7.76725,25528.0,4.9,3.7,73.8,-54.7,1.2,-1.0,RS41-SG,403.700,11.2,625,10,2.6,,
2026-10-05T23:50:02.993Z,X3842932,7114,44.23567,7.76730,25533.3,5.8,3.6,81.8,-54.7,1.3,-1.0,RS41-SG,403.700,11.2,625,10,2.6,,
2026-10-05T23:50:03.993Z,X3842932,7115,44.23567,7.76734,25539.2,5.8,3.3,93.3,-54.7,1.2,-1.0,RS41-SG,403.700,11.8,625,10,2.5,,
2026-10-05T23:50:04.993Z,X3842932,7116,44.23566,7.76738,25544.5,4.8,3.2,105.0,-54.7,1.2,-1.0,RS41-SG,403.700,11.8,625,10,2.5,,
2026-10-05T23:50:05.993Z,X3842932,7117,44.23565,7.76742,25549.3,4.9,3.4,107.4,-54.7,1.3,-1.0,RS41-SG,403.700,11.0,625,10,2.5,,
2026-10-05T23:50:06.993Z,X3842932,7118,44.23565,7.76746,25554.7,5.8,3.8,105.6,-54.7,1.3,-1.0,RS41-SG,403.700,10.5,625,10,2.5,,
2026-10-05T23:50:07.993Z,X3842932,7119,44.23564,7.76751,25560.6,6.0,4.5,100.1,-54.7,1.2,-1.0,RS41-SG,403.700,12.0,625,10,2.6,,
2026-10-05T23:50:08.993Z,X3842932,7120,44.23563,7.76757,25565.8,4.4,4.6,96.9,-54.6,1.2,-1.0,RS41-SG,403.700,12.0,625,10,2.6,,
2026-10-05T23:50:09.993Z,X3842932,7121,44.23563,7.76762,25570.5,5.2,4.0,92.6,-54.5,1.2,-1.0,RS41-SG,403.700,12.0,625,10,2.5,,
2026-10-05T23:50:10.993Z,X3842932,7122,44.23563,7.76766,25576.4,6.3,2.6,93.2,-54.4,1.2,-1.0,RS41-SG,403.700,12.0,625,10,2.5,,
2026-10-05T23:50:11.993Z,X3842932,7123,44.23563,7.76769,25582.2,5.1,1.2,101.0,-54.4,1.2,-1.0,RS41-SG,403.700,12.6,625,10,2.5,,
2026-10-05T23:50:12.993Z,X3842932,7124,44.23562,7.76770,25587.0,4.5,0.1,167.0,-54.4,1.2,-1.0,RS41-SG,403.700,12.6,625,10,2.5,,
2026-10-05T23:50:13.993Z,X3842932,7125,44.23562,7.76769,25592.0,5.5,0.4,316.6,-54.4,1.2,-1.0,RS41-SG,403.700,11.7,625,10,2.6,,
2026-10-05T23:50:14.993Z,X3842932,7126,44.23563,7.76769,25597.8,6.3,0.9,17.6,-54.4,1.2,-1.0,RS41-SG,403.700,10.0,625,10,2.6,,
2026-10-05T23:50:15.993Z,X3842932,7127,44.23564,7.76770,25603.3,4.6,1.4,44.6,-54.4,1.2,-1.0,RS41-SG,403.700,9.8,625,10,2.5,,
2026-10-05T23:50:16.993Z,X3842932,7128,44.23565,7.76772,25607.9,4.7,1.9,61.5,-54.4,1.2,-1.0,RS41-SG,403.700,11.6,625,10,2.5,,
2026-10-05T23:50:17.993Z,X3842932,7129,44.23565,7.76774,25613.0,5.6,2.0,88.3,-54.5,1.2,-1.0,RS41-SG,403.700,12.3,625,10,2.5,,
2026-10-05T23:50:18.993Z,X3842932,7130,44.23565,7.76777,25618.8,6.1,2.3,117.3,-54.4,1.2,-1.0,RS41-SG,403.700,12.5,625,10,2.5,,
2026-10-05T23:50:19.993Z,X3842932,7131,44.23563,7.76779,25624.1,4.6,2.9,132.2,-54.4,1.2,-1.0,RS41-SG,403.700,12.5,625,10,2.6,,
2026-10-05T23:50:20.993Z,X3842932,7132,44.23561,7.76782,25628.8,4.8,3.5,134.1,-54.4,1.2,-1.0,RS41-SG,403.700,11.3,625,10,2.6,,
2026-10-05T23:50:21.993Z,X3842932,7133,44.23559,7.76786,25634.0,5.7,4.0,126.4,-54.4,1.2,-1.0,RS41-SG,403.700,11.0,625,10,2.5,,
2026-10-05T23:50:22.993Z,X3842932,7134,44.23557,7.76790,25639.8,5.9,4.4,113.7,-54.4,1.2,-1.0,RS41-SG,403.700,12.3,625,10,2.5,,
2026-10-05T23:50:23.993Z,X3842932,7135,44.23556,7.76796,25645.1,4.8,4.4,104.3,-54.4,1.2,-1.0,RS41-SG,403.700,12.3,625,10,2.5,,
2026-10-05T23:50:24.993Z,X3842932,7136,44.23555,7.76801,25650.1,5.4,3.8,98.3,-54.4,1.2,-1.0,RS41-SG,403.700,12.0,625,10,2.5,,
2026-10-05T23:50:25.993Z,X3842932,7137,44.23555,7.76804,25655.9,6.3,2.4,99.3,-54.4,1.2,-1.0,RS41-SG,403.700,12.0,625,10,2.6,,
2026-10-05T23:50:26.993Z,X3842932,7138,44.23554,7.76807,25661.5,5.0,1.2,108.0,-54.4,1.2,-1.0,RS41-SG,403.700,11.6,625,10,2.6,,
2026-10-05T23:50:27.993Z,X3842932,7139,44.23554,7.76807,25666.4,4.5,0.3,164.8,-54.3,1.2,-1.0,RS41-SG,403.700,10.0,625,10,2.5,,
2026-10-05T23:50:28.993Z,X3842932,7140,44.23554,7.76807,25671.2,5.3,0.4,264.2,-54.3,1.2,-1.0,RS41-SG,403.700,11.7,625,10,2.5,,
2026-10-05T23:50:29.993Z,X3842932,7141,44.23554,7.76807,25676.9,6.1,0.6,350.4,-54.3,1.3,-1.0,RS41-SG,403.700,11.7,625,10,2.5,,
2026-10-05T23:50:30.993Z,X3842932,7142,44.23555,7.76807,25682.3,4.6,1.0,35.0,-54.3,1.2,-1.0,RS41-SG,403.700,11.9,625,10,2.6,,
2026-10-05T23:50:31.993Z,X3842932,7143,44.23555,7.76808,25687.1,5.0,1.4,55.0,-54.3,1.2,-1.0,RS41-SG,403.700,12.4,625,10,2.6,,
2026-10-05T23:50:32.993Z,X3842932,7144,44.23556,7.76810,25692.6,5.9,1.5,93.3,-54.3,1.2,-1.0,RS41-SG,403.700,12.4,625,10,2.5,,
2026-10-05T23:50:33.993Z,X3842932,7145,44.23555,7.76812,25698.5,5.8,2.1,127.1,-54.3,1.2,-1.0,RS41-SG,403.700,12.1,625,10,2.5,,
2026-10-05T23:50:34.993Z,X3842932,7146,44.23554,7.76814,25703.6,4.2,2.9,138.2,-54.4,1.2,-1.0,RS41-SG,403.700,12.3,625,10,2.5,,
2026-10-05T23:50:35.993Z,X3842932,7147,44.23551,7.76817,25708.2,5.2,4.0,136.1,-54.4,1.3,-1.0,RS41-SG,403.700,12.3,625,10,2.5,,
2026-10-05T23:50:36.993Z,X3842932,7148,44.23549,7.76821,25713.7,5.9,4.9,127.9,-54.4,1.2,-1.0,RS41-SG,403.700,12.3,625,10,2.6,,
2026-10-05T23:50:37.993Z,X3842932,7149,44.23546,7.76827,25718.9,4.5,5.5,120.9,-54.4,1.2,-1.0,RS41-SG,403.700,12.3,625,10,2.6,,
2026-10-05T23:50:38.993Z,X3842932,7150,44.23544,7.76833,25723.5,4.6,5.8,119.1,-54.4,1.2,-1.0,RS41-SG,403.700,8.9,625,10,2.5,,
2026-10-05T23:50:39.993Z,X3842932,7151,44.23541,7.76839,25728.7,5.7,5.6,123.6,-54.4,1.2,-1.0,RS41-SG,403.700,11.5,625,10,2.5,,
2026-10-05T23:50:40.993Z,X3842932,7152,44.23538,7.76844,25734.6,6.0,5.0,133.1,-54.4,1.2,-1.0,RS41-SG,403.700,11.5,625,10,2.5,,
2026-10-05T23:50:41.993Z,X3842932,7153,44.23535,7.76848,25739.9,4.5,4.6,143.0,-54.3,1.2,-1.0,RS41-SG,403.700,11.3,625,10,2.5,,
2026-10-05T23:50:42.993Z,X3842932,7154,44.23532,7.76851,25744.3,4.4,4.1,146.7,-54.3,1.2,-1.0,RS41-SG,403.700,11.3,625,10,2.6,,
2026-10-05T23:50:43.993Z,X3842932,7155,44.23529,7.76854,25749.3,5.4,3.4,142.9,-54.3,1.2,-1.0,RS41-SG,403.700,9.6,625,10,2.6,,
2026-10-05T23:50:44.993Z,X3842932,7156,44.23527,7.76857,25755.1,6.3,3.0,126.4,-54.2,1.2,-1.0,RS41-SG,403.700,9.1,625,10,2.5,,
2026-10-05T23:50:45.993Z,X3842932,7157,44.23526,7.76860,25760.8,4.9,2.9,114.4,-54.2,1.2,-1.0,RS41-SG,403.700,9.0,625,10,2.5,,
2026-10-05T23:50:46.993Z,X3842932,7158,44.23525,7.76863,25765.7,5.1,3.0,108.2,-54.2,1.2,-1.0,RS41-SG,403.700,12.3,625,10,2.5,,
2026-10-05T23:50:47.993Z,X3842932,7159,44.23524,7.76867,25771.3,6.2,3.1,119.6,-54.2,1.2,-1.0,RS41-SG,403.700,12.3,625,10,2.5,,
2026-10-05T23:50:48.993Z,X3842932,7160,44.23522,7.76870,25777.0,5.4,3.4,135.0,-54.2,1.2,-1.0,RS41-SG,403.700,12.2,625,10,2.6,,
2026-10-05T23:50:49.993Z,X3842932,7161,44.23519,7.76873,25782.0,4.6,4.2,143.3,-54.3,1.2,-1.0,RS41-SG,403.700,11.7,625,10,2.6,,
2026-10-05T23:50:50.993Z,X3842932,7162,44.23516,7.76877,25786.8,5.2,5.4,140.6,-54.3,1.2,-1.0,RS41-SG,403.700,11.9,625,10,2.5,,
2026-10-05T23:50:51.993Z,X3842932,7163,44.23512,7.76882,25792.2,5.6,6.6,133.9,-54.3,1.2,-1.0,RS41-SG,403.700,11.9,625,10,2.5,,
2026-10-05T23:50:52.993Z,X3842932,7164,44.23508,7.76889,25797.3,4.6,7.5,127.8,-54.4,1.2,-1.0,RS41-SG,403.700,9.4,625,10,2.5,,
2026-10-05T23:50:53.993Z,X3842932,7165,44.23504,7.76896,25801.4,3.7,7.7,122.8,-54.4,1.2,-1.0,RS41-SG,403.700,9.4,625,10,2.5,,
2026-10-05T23:50:54.993Z,X3842932,7166,44.23500,7.76904,25805.9,5.1,7.0,121.2,-54.4,1.2,-1.0,RS41-SG,403.700,12.2,625,10,2.6,,
2026-10-05T23:50:55.993Z,X3842932,7167,44.23497,7.76911,25811.6,6.2,5.7,119.4,-54.4,1.2,-1.0,RS41-SG,403.700,12.2,625,10,2.6,,
2026-10-05T23:50:56.993Z,X3842932,7168,44.23495,7.76916,25817.1,4.5,4.5,120.1,-54.5,1.3,-1.0,RS41-SG,403.700,11.2,625,10,2.5,,
2026-10-05T23:50:57.993Z,X3842932,7169,44.23493,7.76921,25821.6,4.5,3.5,125.0,-54.5,1.3,-1.0,RS41-SG,403.700,10.4,625,10,2.5,,
2026-10-05T23:50:58.993Z,X3842932,7170,44.23492,7.76924,25826.8,5.8,3.1,130.0,-54.5,1.3,-1.0,RS41-SG,403.700,10.7,625,10,2.5,,
2026-10-05T23:50:59.993Z,X3842932,7171,44.23490,7.76927,25832.2,5.2,3.2,130.4,-54.5,1.3,-1.0,RS41-SG,403.700,12.0,625,10,2.5,,
2026-10-05T23:51:00.993Z,X3842932,7172,44.23488,7.76930,25837.3,4.9,3.5,133.6,-54.5,1.3,-1.0,RS41-SG,403.700,12.0,625,10,2.6,,
2026-10-05T23:51:01.993Z,X3842932,7173,44.23485,7.76933,25842.6,5.8,3.4,143.3,-54.5,1.3,-1.0,RS41-SG,403.700,9.9,625,10,2.6,,
2026-10-05T23:51:02.993Z,X3842932,7174,44.23483,7.76935,25848.3,5.6,3.4,157.4,-54.4,1.2,-1.0,RS41-SG,403.700,9.9,625,10,2.5,,
2026-10-05T23:51:03.993Z,X3842932,7175,44.23480,7.76936,25853.4,4.5,3.4,162.3,-54.4,1.2,-1.0,RS41-SG,403.700,9.9,625,10,2.5,,
2026-10-05T23:51:04.993Z,X3842932,7176,44.23477,7.76938,25858.2,5.0,3.6,158.0,-54.3,1.2,-1.0,RS41-SG,403.700,8.7,625,10,2.5,,
2026-10-05T23:51:05.993Z,X3842932,7177,44.23474,7.76940,25863.7,5.8,4.0,141.8,-54.3,1.2,-1.0,RS41-SG,403.700,8.3,625,10,2.5,,
2026-10-05T23:51:06.993Z,X3842932,7178,44.23471,7.76944,25869.1,5.0,4.6,127.8,-54.2,1.2,-1.0,RS41-SG,403.700,10.9,625,10,2.6,,
2026-10-05T23:51:07.993Z,X3842932,7179,44.23469,7.76949,25873.6,4.0,4.7,118.3,-54.2,1.2,-1.0,RS41-SG,403.700,11.8,625,10,2.6,,
2026-10-05T23:51:08.993Z,X3842932,7180,44.23467,7.76954,25878.1,5.0,4.0,108.6,-54.3,1.2,-1.0,RS41-SG,403.700,11.8,625,10,2.5,,
2026-10-05T23:51:09.993Z,X3842932,7181,44.23467,7.76958,25883.7,6.1,2.6,99.3,-54.3,1.2,-1.0,RS41-SG,403.700,11.8,625,10,2.5,,
2026-10-05T23:51:10.993Z,X3842932,7182,44.23467,7.76960,25889.3,5.1,1.3,90.7,-54.2,1.2,-1.0,RS41-SG,403.700,12.4,625,10,2.5,,
2026-10-05T23:51:11.993Z,X3842932,7183,44.23467,7.76961,25894.0,4.2,0.2,56.2,-54.1,1.2,-1.0,RS41-SG,403.700,12.4,625,10,2.5,,
2026-10-05T23:51:12.993Z,X3842932,7184,44.23467,7.76961,25898.6,4.8,0.4,274.3,-54.0,1.2,-1.0,RS41-SG,403.700,11.5,625,10,2.6,,
2026-10-05T23:51:13.993Z,X3842932,7185,44.23467,7.76961,25903.9,5.9,0.2,175.9,-54.0,1.2,-1.0,RS41-SG,403.700,11.5,625,10,2.6,,
2026-10-05T23:51:14.993Z,X3842932,7186,44.23466,7.76961,25909.0,4.4,0.8,140.8,-53.9,1.2,-1.0,RS41-SG,403.700,11.4,625,10,2.5,,
2026-10-05T23:51:15.993Z,X3842932,7187,44.23466,7.76962,25913.7,4.8,1.0,138.3,-53.9,1.2,-1.0,RS41-SG,403.700,10.9,625,10,2.5,,
2026-10-05T23:51:16.993Z,X3842932,7188,44.23465,7.76963,25918.8,5.4,0.9,155.9,-53.9,1.2,-1.0,RS41-SG,403.700,9.1,625,10,2.5,,
2026-10-05T23:51:17.993Z,X3842932,7189,44.23464,7.76963,25924.1,5.0,0.6,206.9,-53.9,1.2,-1.0,RS41-SG,403.700,11.0,625,10,2.5,,
2026-10-05T23:51:18.993Z,X3842932,7190,44.23464,7.76962,25928.6,4.0,0.7,245.4,-53.9,1.2,-1.0,RS41-SG,403.700,11.0,625,10,2.6,,
2026-10-05T23:51:19.993Z,X3842932,7191,44.23464,7.76962,25932.9,4.6,0.5,296.0,-53.9,1.2,-1.0,RS41-SG,403.700,10.5,625,10,2.6,,
2026-10-05T23:51:20.993Z,X3842932,7192,44.23464,7.76962,25938.2,5.8,1.1,20.4,-53.9,1.1,-1.0,RS41-SG,403.700,10.5,625,10,2.5,,
2026-10-05T23:51:21.993Z,X3842932,7193,44.23465,7.76962,25943.5,4.7,1.8,36.9,-53.8,1.2,-1.0,RS41-SG,403.700,8.9,625,10,2.5,,
2026-10-05T23:51:22.993Z,X3842932,7194,44.23467,7.76964,25948.0,4.3,2.3,35.6,-53.8,1.2,-1.0,RS41-SG,403.700,11.3,625,10,2.5,,
2026-10-05T23:51:23.993Z,X3842932,7195,44.23469,7.76965,25952.7,5.1,2.3,24.5,-53.8,1.1,-1.0,RS41-SG,403.700,11.3,625,10,2.5,,
2026-10-05T23:51:24.993Z,X3842932,7196,44.23471,7.76966,25958.3,5.9,2.0,356.6,-53.8,1.2,-1.0,RS41-SG,403.700,10.5,625,10,2.6,,
2026-10-05T23:51:25.993Z,X3842932,7197,44.23472,7.76965,25963.6,4.4,2.0,330.5,-53.8,1.2,-1.0,RS41-SG,403.700,10.6,625,10,2.6,,
2026-10-05T23:51:26.993Z,X3842932,7198,44.23474,7.76964,25968.2,4.7,1.9,313.8,-53.8,1.2,-1.0,RS41-SG,403.700,10.6,625,10,2.5,,
2026-10-05T23:51:27.993Z,X3842932,7199,44.23475,7.76962,25973.5,5.8,1.4,317.3,-53.8,1.2,-1.0,RS41-SG,403.700,10.5,625,10,2.5,,
2026-10-05T23:51:28.993Z,X3842932,7200,44.23475,7.76962,25978.9,5.0,0.8,345.7,-53.7,1.2,-1.0,RS41-SG,403.700,11.0,625,10,2.5,,
2026-10-05T23:51:29.993Z,X3842932,7201,44.23476,7.76962,25983.7,4.6,0.7,27.7,-53.7,1.2,-1.0,RS41-SG,403.700,11.1,625,10,2.5,,
2026-10-05T23:51:30.993Z,X3842932,7202,44.23476,7.76962,25988.8,5.6,0.5,42.2,-53.6,1.2,-1.0,RS41-SG,403.700,11.1,625,10,2.6,,
2026-10-05T23:51:31.993Z,X3842932,7203,44.23477,7.76962,25994.6,5.8,0.4,320.8,-53.6,1.2,-1.0,RS41-SG,403.700,8.3,625,10,2.6,,
2026-10-05T23:51:32.993Z,X3842932,7204,44.23477,7.76962,25999.7,4.5,0.7,286.9,-53.6,1.2,-1.0,RS41-SG,403.700,10.3,625,10,2.5,,
2026-10-05T23:51:33.993Z,X3842932,7205,44.23477,7.76961,26004.4,4.9,0.8,300.4,-53.6,1.2,-1.0,RS41-SG,403.700,11.6,625,10,2.5,,
2026-10-05T23:51:34.993Z,X3842932,7206,44.23478,7.76960,26009.8,5.7,0.8,1.9,-53.6,1.2,-1.0,RS41-SG,403.700,11.6,625,10,2.5,,
2026-10-05T23:51:35.993Z,X3842932,7207,44.23479,7.76961,26015.2,5.1,1.5,37.5,-53.6,1.2,-1.0,RS41-SG,403.700,11.6,625,10,2.6,,
2026-10-05T23:51:36.993Z,X3842932,7208,44.23480,7.76962,26019.9,4.4,2.2,36.1,-53.6,1.2,-1.0,RS41-SG,403.700,11.1,625,10,2.6,,
2026-10-05T23:51:37.993Z,X3842932,7209,44.23482,7.76964,26024.9,5.4,2.4,24.0,-53.6,1.2,-1.0,RS41-SG,403.700,10.5,625,10,2.5,,
2026-10-05T23:51:38.993Z,X3842932,7210,44.23484,7.76965,26030.6,6.0,2.6,1.2,-53.7,1.2,-1.0,RS41-SG,403.700,11.5,625,10,2.5,,
2026-10-05T23:51:39.993Z,X3842932,7211,44.23486,7.76964,26035.8,4.4,2.9,345.7,-53.7,1.2,-1.0,RS41-SG,403.700,11.5,625,10,2.5,,
2026-10-05T23:51:40.993Z,X3842932,7212,44.23489,7.76963,26040.4,4.7,3.0,338.1,-53.7,1.2,-1.0,RS41-SG,403.700,11.4,625,10,2.5,,
2026-10-05T23:51:41.993Z,X3842932,7213,44.23491,7.76962,26045.5,5.4,2.9,346.4,-53.8,1.2,-1.0,RS41-SG,403.700,11.4,625,10,2.6,,
2026-10-05T23:51:42.993Z,X3842932,7214,44.23494,7.76962,26051.0,5.6,2.7,6.6,-53.8,1.2,-1.0,RS41-SG,403.700,10.8,625,10,2.6,,
2026-10-05T23:51:43.993Z,X3842932,7215,44.23496,7.76962,26056.1,4.5,2.7,21.7,-53.8,1.2,-1.0,RS41-SG,403.700,10.8,625,10,2.5,,
2026-10-05T23:51:44.993Z,X3842932,7216,44.23498,7.76964,26060.4,4.1,2.9,26.8,-53.8,1.2,-1.0,RS41-SG,403.700,9.1,625,10,2.5,,
2026-10-05T23:51:45.993Z,X3842932,7217,44.23501,7.76965,26064.9,4.9,2.7,21.9,-53.8,1.2,-1.0,RS41-SG,403.700,11.4,625,10,2.5,,
2026-10-05T23:51:46.993Z,X3842932,7218,44.23503,7.76966,26070.2,5.6,2.5,8.2,-53.8,1.2,-1.0,RS41-SG,403.700,11.4,625,10,2.5,,
2026-10-05T23:51:47.993Z,X3842932,7219,44.23505,7.76966,26075.8,5.5,2.5,352.9,-53.8,1.2,-1.0,RS41-SG,403.700,11.3,625,10,2.6,,
2026-10-05T23:51:48.993Z,X3842932,7220,44.23507,7.76966,26080.5,4.0,2.5,348.4,-53.9,1.2,-1.0,RS41-SG,403.700,11.1,625,10,2.6,,
2026-10-05T23:51:49.993Z,X3842932,7221,44.23509,7.76966,26084.6,4.2,2.2,0.9,-53.9,1.2,-1.0,RS41-SG,403.700,10.8,625,10,2.5,,
2026-10-05T23:51:50.993Z,X3842932,7222,44.23511,7.76967,26089.4,5.4,2.4,43.5,-53.9,1.2,-1.0,RS41-SG,403.700,10.2,625,10,2.5,,
2026-10-05T23:51:51.993Z,X3842932,7223,44.23512,7.76970,26094.6,5.1,3.5,73.0,-53.9,1.2,-1.0,RS41-SG,403.700,10.8,625,10,2.5,,
2026-10-05T23:51:52.993Z,X3842932,7224,44.23513,7.76975,26099.4,4.3,4.5,84.3,-53.9,1.2,-1.0,RS41-SG,403.700,10.8,625,10,2.5,,
2026-10-05T23:51:53.993Z,X3842932,7225,44.23513,7.76980,26103.9,4.7,4.8,87.1,-53.9,1.2,-1.0,RS41-SG,403.700,11.8,625,10,2.6,,
2026-10-05T23:51:54.993Z,X3842932,7226,44.23514,7.76986,26109.2,5.8,4.2,85.0,-53.9,1.2,-1.0,RS41-SG,403.700,11.8,625,10,2.6,,
2026-10-05T23:51:55.993Z,X3842932,7227,44.23514,7.76991,26114.8,5.4,3.2,75.4,-53.9,1.2,-1.0,RS41-SG,403.700,11.5,625,10,2.5,,
2026-10-05T23:51:56.993Z,X3842932,7228,44.23515,7.76994,26119.6,4.2,2.7,58.3,-53.9,1.2,-1.0,RS41-SG,403.700,11.6,625,10,2.5,,
2026-10-05T23:51:57.993Z,X3842932,7229,44.23517,7.76997,26124.1,4.8,2.7,43.6,-53.9,1.2,-1.0,RS41-SG,403.700,11.6,625,10,2.5,,
2026-10-05T23:51:58.993Z,X3842932,7230,44.23519,7.76999,26129.3,5.5,3.1,42.4,-53.9,1.2,-1.0,RS41-SG,403.700,10.8,625,10,2.5,,
2026-10-05T23:51:59.993Z,X3842932,7231,44.23521,7.77002,26134.3,4.3,3.7,45.3,-53.9,1.2,-1.0,RS41-SG,403.700,10.8,625,10,2.6,,
2026-10-05T23:52:00.993Z,X3842932,7232,44.23523,7.77006,26138.5,3.9,4.4,46.0,-53.9,1.2,-1.0,RS41-SG,403.700,11.3,625,10,2.6,,
2026-10-05T23:52:01.993Z,X3842932,7233,44.23526,7.77010,26142.9,4.7,5.0,40.4,-53.8,1.2,-1.0,RS41-SG,403.700,11.9,625,10,2.5,,
2026-10-05T23:52:02.993Z,X3842932,7234,44.23530,7.77013,26148.0,5.5,5.5,33.8,-53.8,1.2,-1.0,RS41-SG,403.700,11.9,625,10,2.5,,
2026-10-05T23:52:03.993Z,X3842932,7235,44.23534,7.77017,26153.1,4.4,5.4,31.9,-53.8,1.2,-1.0,RS41-SG,403.700,11.6,625,10,2.5,,
2026-10-05T23:52:04.993Z,X3842932,7236,44.23538,7.77021,26157.8,4.7,4.9,37.1,-53.8,1.2,-1.0,RS41-SG,403.700,11.1,625,10,2.5,,
2026-10-05T23:52:05.993Z,X3842932,7237,44.23541,7.77025,26163.0,5.7,4.0,55.5,-53.8,1.2,-1.0,RS41-SG,403.700,9.5,625,10,2.6,,
2026-10-05T23:52:06.993Z,X3842932,7238,44.23542,7.77029,26168.5,5.4,3.9,80.4,-53.8,1.2,-1.0,RS41-SG,403.700,9.5,625,10,2.6,,
2026-10-05T23:52:07.993Z,X3842932,7239,44.23542,7.77034,26173.4,4.3,4.4,98.8,-53.8,1.2,-1.0,RS41-SG,403.700,8.0,625,10,2.5,,
2026-10-05T23:52:08.993Z,X3842932,7240,44.23541,7.77040,26177.9,4.6,4.7,105.9,-53.8,1.2,-1.0,RS41-SG,403.700,8.5,625,10,2.5,,
2026-10-05T23:52:09.993Z,X3842932,7241,44.23540,7.77045,26182.9,5.3,4.3,101.5,-53.8,1.2,-1.0,RS41-SG,403.700,10.5,625,10,2.5,,
2026-10-05T23:52:10.993Z,X3842932,7242,44.23540,7.77050,26188.5,6.1,3.6,85.2,-53.8,1.2,-1.0,RS41-SG,403.700,10.5,625,10,2.5,,
2026-10-05T23:52:11.993Z,X3842932,7243,44.23541,7.77054,26194.1,4.8,3.6,63.8,-53.8,1.2,-1.0,RS41-SG,403.700,10.6,625,10,2.6,,
2026-10-05T23:52:12.993Z,X3842932,7244,44.23543,7.77058,26198.4,3.9,4.4,50.3,-53.8,1.2,-1.0,RS41-SG,403.700,10.6,625,10,2.6,,
2026-10-05T23:52:13.993Z,X3842932,7245,44.23546,7.77063,26202.4,4.1,5.4,46.9,-53.8,1.2,-1.0,RS41-SG,403.700,11.3,625,10,2.5,,
2026-10-05T23:52:14.993Z,X3842932,7246,44.23549,7.77069,26207.1,5.1,6.6,51.8,-53.8,1.2,-1.0,RS41-SG,403.700,11.5,625,10,2.5,,
2026-10-05T23:52:15.993Z,X3842932,7247,44.23553,7.77076,26212.4,5.5,7.4,57.8,-53.8,1.2,-1.0,RS41-SG,403.700,11.5,625,9,2.5,,
2026-10-05T23:52:16.993Z,X3842932,7248,44.23556,7.77084,26217.4,4.5,7.9,61.2,-53.8,1.2,-1.0,RS41-SG,403.700,12.6,625,10,2.5,,
2026-10-05T23:52:17.993Z,X3842932,7249,44.23559,7.77092,26222.2,5.2,7.7,61.8,-53.8,1.2,-1.0,RS41-SG,403.700,12.6,625,10,2.6,,
2026-10-05T23:52:18.993Z,X3842932,7250,44.23563,7.77100,26227.9,6.0,6.9,56.2,-53.8,1.2,-1.0,RS41-SG,403.700,12.1,625,10,2.6,,
2026-10-05T23:52:19.993Z,X3842932,7251,44.23566,7.77107,26233.7,5.7,5.8,47.6,-53.8,1.2,-1.0,RS41-SG,403.700,12.1,625,10,2.5,,
2026-10-05T23:52:20.993Z,X3842932,7252,44.23570,7.77111,26238.6,4.0,4.9,39.8,-53.8,1.2,-1.0,RS41-SG,403.700,11.0,625,10,2.5,,
2026-10-05T23:52:21.993Z,X3842932,7253,44.23573,7.77114,26242.8,4.5,3.8,36.1,-53.8,1.2,-1.0,RS41-SG,403.700,11.0,625,10,2.5,,
2026-10-05T23:52:22.993Z,X3842932,7254,44.23575,7.77117,26248.0,5.8,2.8,48.9,-53.8,1.2,-1.0,RS41-SG,403.700,10.0,625,10,2.6,,
2026-10-05T23:52:23.993Z,X3842932,7255,44.23576,7.77120,26253.4,4.9,2.7,71.1,-53.8,1.2,-1.0,RS41-SG,403.700,11.0,625,10,2.6,,
2026-10-05T23:52:24.993Z,X3842932,7256,44.23577,7.77124,26257.9,4.2,3.3,83.6,-53.8,1.2,-1.0,RS41-SG,403.700,11.0,625,10,2.5,,
2026-10-05T23:52:25.993Z,X3842932,7257,44.23577,7.77128,26262.7,5.3,3.9,82.2,-53.8,1.2,-1.0,RS41-SG,403.700,8.4,625,10,2.5,,
2026-10-05T23:52:26.993Z,X3842932,7258,44.23578,7.77133,26268.3,6.0,4.3,71.4,-53.8,1.2,-1.0,RS41-SG,403.700,11.3,625,10,2.5,,
2026-10-05T23:52:27.993Z,X3842932,7259,44.23580,7.77139,26273.7,4.6,5.0,62.9,-53.8,1.2,-1.0,RS41-SG,403.700,11.5,625,10,2.5,,
2026-10-05T23:52:28.993Z,X3842932,7260,44.23582,7.77144,26278.1,4.4,6.1,57.9,-53.8,1.2,-1.0,RS41-SG,403.700,11.5,625,10,2.6,,
2026-10-05T23:52:29.993Z,X3842932,7261,44.23585,7.77152,26282.8,4.8,7.3,58.6,-53.8,1.2,-1.0,RS41-SG,403.700,11.4,625,10,2.6,,
2026-10-05T23:52:30.993Z,X3842932,7262,44.23589,7.77160,26288.0,5.7,8.5,62.6,-53.9,1.2,-1.0,RS41-SG,403.700,12.1,625,10,2.5,,
2026-10-05T23:52:31.993Z,X3842932,7263,44.23592,7.77170,26293.8,5.6,9.1,65.7,-53.9,1.2,-1.0,RS41-SG,403.700,12.1,625,10,2.5,,
2026-10-05T23:52:32.993Z,X3842932,7264,44.23595,7.77180,26299.0,5.0,8.8,67.3,-53.9,1.2,-1.0,RS41-SG,403.700,11.6,625,10,2.5,,
2026-10-05T23:52:33.993Z,X3842932,7265,44.23598,7.77190,26304.1,5.3,7.9,66.7,-53.9,1.2,-1.0,RS41-SG,403.700,10.1,625,10,2.5,,
2026-10-05T23:52:34.993Z,X3842932,7266,44.23601,7.77198,26309.9,6.2,6.2,61.0,-54.0,1.2,-1.0,RS41-SG,403.700,10.4,625,10,2.6,,
2026-10-05T23:52:35.993Z,X3842932,7267,44.23604,7.77204,26315.4,5.0,4.8,53.2,-54.0,1.2,-1.0,RS41-SG,403.700,11.7,625,10,2.6,,
2026-10-05T23:52:36.993Z,X3842932,7268,44.23606,7.77208,26319.9,4.1,3.7,44.5,-54.0,1.2,-1.0,RS41-SG,403.700,11.7,625,10,2.5,,
2026-10-05T23:52:37.993Z,X3842932,7269,44.23608,7.77211,26324.6,5.3,3.2,45.6,-54.1,1.2,-1.0,RS41-SG,403.700,11.5,625,10,2.5,,
2026-10-05T23:52:38.993Z,X3842932,7270,44.23610,7.77214,26330.3,6.4,3.4,62.9,-54.1,1.2,-1.0,RS41-SG,403.700,11.1,625,10,2.5,,
2026-10-05T23:52:39.993Z,X3842932,7271,44.23611,7.77218,26336.1,5.2,4.3,75.4,-54.1,1.2,-1.0,RS41-SG,403.700,11.1,625,10,2.5,,
2026-10-05T23:52:40.993Z,X3842932,7272,44.23612,7.77224,26341.2,5.0,5.5,77.4,-54.2,1.2,-1.0,RS41-SG,403.700,11.6,625,10,2.6,,
2026-10-05T23:52:41.993Z,X3842932,7273,44.23614,7.77231,26346.5,5.6,6.4,74.3,-54.2,1.2,-1.0,RS41-SG,403.700,11.7,625,10,2.6,,
2026-10-05T23:52:42.993Z,X3842932,7274,44.23616,7.77239,26352.3,6.0,7.0,67.9,-54.2,1.2,-1.0,RS41-SG,403.700,12.2,625,10,2.5,,
2026-10-05T23:52:43.993Z,X3842932,7275,44.23618,7.77248,26357.6,4.5,7.5,62.7,-54.3,1.2,-1.0,RS41-SG,403.700,12.2,625,10,2.5,,
2026-10-05T23:52:44.993Z,X3842932,7276,44.23622,7.77256,26362.2,4.6,8.2,61.2,-54.3,1.2,-1.0,RS41-SG,403.700,11.6,625,10,2.5,,
2026-10-05T23:52:45.993Z,X3842932,7277,44.23625,7.77265,26367.4,5.8,8.6,63.5,-54.3,1.2,-1.0,RS41-SG,403.700,12.3,625,10,2.5,,
2026-10-05T23:52:46.993Z,X3842932,7278,44.23628,7.77275,26373.2,5.8,8.8,67.1,-54.4,1.3,-1.0,RS41-SG,403.700,12.5,625,10,2.6,,
2026-10-05T23:52:47.993Z,X3842932,7279,44.23631,7.77285,26378.6,5.1,8.4,71.5,-54.4,1.3,-1.0,RS41-SG,403.700,12.5,625,10,2.6,,
2026-10-05T23:52:48.993Z,X3842932,7280,44.23633,7.77295,26383.7,5.2,7.2,72.3,-54.5,1.2,-1.0,RS41-SG,403.700,12.4,625,10,2.5,,
2026-10-05T23:52:49.993Z,X3842932,7281,44.23635,7.77302,26389.1,5.6,5.8,69.5,-54.5,1.3,-1.0,RS41-SG,403.700,12.4,625,10,2.5,,
2026-10-05T23:52:50.993Z,X3842932,7282,44.23637,7.77308,26394.7,5.7,4.2,64.0,-54.5,1.3,-1.0,RS41-SG,403.700,11.0,625,10,2.5,,
2026-10-05T23:52:51.993Z,X3842932,7283,44.23638,7.77312,26399.7,4.4,3.2,62.3,-54.6,1.3,-1.0,RS41-SG,403.700,12.2,625,10,2.5,,
2026-10-05T23:52:52.993Z,X3842932,7284,44.23639,7.77315,26404.2,4.7,2.7,72.2,-54.6,1.3,-1.0,RS41-SG,403.700,12.2,625,10,2.6,,
2026-10-05T23:52:53.993Z,X3842932,7285,44.23640,7.77319,26409.5,5.9,3.3,94.0,-54.6,1.3,-1.0,RS41-SG,403.700,11.9,625,10,2.6,,
2026-10-05T23:52:54.993Z,X3842932,7286,44.23639,7.77324,26415.5,6.1,4.9,103.2,-54.7,1.3,-1.0,RS41-SG,403.700,12.1,625,10,2.5,,
2026-10-05T23:52:55.993Z,X3842932,7287,44.23638,7.77331,26420.9,4.8,6.4,103.9,-54.7,1.3,-1.0,RS41-SG,403.700,12.1,625,10,2.5,,
2026-10-05T23:52:56.993Z,X3842932,7288,44.23637,7.77339,26425.9,5.1,7.6,98.8,-54.7,1.2,-1.0,RS41-SG,403.700,11.0,625,10,2.5,,
2026-10-05T23:52:57.993Z,X3842932,7289,44.23636,7.77349,26431.5,6.0,8.3,91.1,-54.6,1.2,-1.0,RS41-SG,403.700,12.7,625,10,2.5,,
2026-10-05T23:52:58.993Z,X3842932,7290,44.23636,7.77360,26437.3,5.6,8.7,82.3,-54.5,1.2,-1.0,RS41-SG,403.700,12.7,625,10,2.6,,
2026-10-05T23:52:59.993Z,X3842932,7291,44.23638,7.77371,26442.2,4.4,9.0,76.7,-54.5,1.2,-1.0,RS41-SG,403.700,9.9,625,10,2.6,,
2026-10-05T23:53:00.993Z,X3842932,7292,44.23640,7.77382,26446.8,4.8,9.5,73.4,-54.4,1.3,-1.0,RS41-SG,403.700,9.2,625,10,2.5,,
2026-10-05T23:53:01.993Z,X3842932,7293,44.23642,7.77393,26452.0,5.6,10.0,75.2,-54.4,1.2,-1.0,RS41-SG,403.700,8.7,625,10,2.5,,
2026-10-05T23:53:02.993Z,X3842932,7294,44.23644,7.77406,26458.0,6.4,10.4,79.6,-54.4,1.2,-1.0,RS41-SG,403.700,10.6,625,10,2.5,,
2026-10-05T23:53:03.993Z,X3842932,7295,44.23646,7.77419,26463.6,4.8,10.3,84.0,-54.4,1.2,-1.0,RS41-SG,403.700,10.6,625,10,2.6,,
2026-10-05T23:53:04.993Z,X3842932,7296,44.23646,7.77431,26468.5,5.0,9.6,88.3,-54.4,1.2,-1.0,RS41-SG,403.700,10.2,625,10,2.6,,
2026-10-05T23:53:05.993Z,X3842932,7297,44.23646,7.77442,26473.9,5.9,8.4,92.4,-54.4,1.2,-1.0,RS41-SG,403.700,9.7,625,10,2.5,,
2026-10-05T23:53:06.993Z,X3842932,7298,44.23646,7.77452,26479.9,6.2,6.8,95.3,-54.3,1.2,-1.0,RS41-SG,403.700,9.6,625,10,2.5,,
2026-10-05T23:53:07.993Z,X3842932,7299,44.23645,7.77459,26485.3,4.6,5.8,95.3,-54.2,1.2,-1.0,RS41-SG,403.700,12.4,625,9,2.5,,
2026-10-05T23:53:08.993Z,X3842932,7300,44.23645,7.77466,26490.0,4.9,5.4,92.5,-54.2,1.2,-1.0,RS41-SG,403.700,12.4,625,9,2.5,,
2026-10-05T23:53:09.993Z,X3842932,7301,44.23645,7.77474,26495.5,6.1,6.3,89.1,-54.2,1.2,-1.0,RS41-SG,403.700,11.3,625,10,2.6,,
2026-10-05T23:53:10.993Z,X3842932,7302,44.23645,7.77482,26501.7,6.2,7.9,87.0,-54.2,1.2,-1.0,RS41-SG,403.700,10.0,625,10,2.6,,
2026-10-05T23:53:11.993Z,X3842932,7303,44.23646,7.77493,26507.2,4.8,9.2,86.5,-54.2,1.2,-1.0,RS41-SG,403.700,10.5,625,10,2.5,,
2026-10-05T23:53:12.993Z,X3842932,7304,44.23646,7.77505,26512.1,4.9,10.3,85.0,-54.2,1.2,-1.0,RS41-SG,403.700,11.6,625,10,2.5,,
2026-10-05T23:53:13.993Z,X3842932,7305,44.23647,7.77518,26517.7,6.2,10.6,83.2,-54.1,1.2,-1.0,RS41-SG,403.700,11.6,625,10,2.5,,
2026-10-05T23:53:14.993Z,X3842932,7306,44.23648,7.77531,26523.7,5.8,10.4,81.5,-54.1,1.2,-1.0,RS41-SG,403.700,10.4,625,10,2.5,,
2026-10-05T23:53:15.993Z,X3842932,7307,44.23650,7.77544,26529.3,5.2,10.3,79.9,-54.1,1.2,-1.0,RS41-SG,403.700,10.1,625,10,2.6,,
2026-10-05T23:53:16.993Z,X3842932,7308,44.23652,7.77557,26534.6,5.7,10.5,79.6,-54.2,1.2,-1.0,RS41-SG,403.700,11.6,625,10,2.6,,
2026-10-05T23:53:17.993Z,X3842932,7309,44.23653,7.77570,26540.6,6.1,11.2,80.1,-54.2,1.2,-1.0,RS41-SG,403.700,11.6,625,10,2.5,,
2026-10-05T23:53:18.993Z,X3842932,7310,44.23655,7.77584,26546.6,5.9,11.9,81.9,-54.2,1.2,-1.0,RS41-SG,403.700,11.5,625,10,2.5,,
2026-10-05T23:53:19.993Z,X3842932,7311,44.23656,7.77599,26552.0,5.0,12.2,84.3,-54.3,1.2,-1.0,RS41-SG,403.700,11.2,625,10,2.5,,
2026-10-05T23:53:20.993Z,X3842932,7312,44.23657,7.77614,26557.1,4.9,12.0,86.9,-54.3,1.2,-1.0,RS41-SG,403.700,10.6,625,10,2.5,,
2026-10-05T23:53:21.993Z,X3842932,7313,44.23657,7.77628,26562.3,5.6,11.0,90.6,-54.2,1.2,-1.0,RS41-SG,403.700,11.2,625,10,2.6,,
2026-10-05T23:53:22.993Z,X3842932,7314,44.23657,7.77641,26567.9,5.6,9.7,93.8,-54.3,1.2,-1.0,RS41-SG,403.700,11.6,625,10,2.6,,
2026-10-05T23:53:23.993Z,X3842932,7315,44.23656,7.77653,26573.2,4.9,8.6,93.6,-54.2,1.2,-1.0,RS41-SG,403.700,11.6,625,10,2.5,,
2026-10-05T23:53:24.993Z,X3842932,7316,44.23656,7.77663,26578.1,5.1,7.9,86.3,-54.2,1.2,-1.0,RS41-SG,403.700,10.4,625,10,2.5,,
2026-10-05T23:53:25.993Z,X3842932,7317,44.23657,7.77673,26583.5,5.5,8.3,77.0,-54.2,1.2,-1.0,RS41-SG,403.700,10.2,625,10,2.5,,
2026-10-05T23:53:26.993Z,X3842932,7318,44.23660,7.77684,26589.0,5.6,9.9,71.3,-54.2,1.2,-1.0,RS41-SG,403.700,10.9,625,10,2.5,,
2026-10-05T23:53:27.993Z,X3842932,7319,44.23663,7.77696,26594.5,5.3,11.8,70.3,-54.2,1.2,-1.0,RS41-SG,403.700,10.9,625,10,2.6,,
2026-10-05T23:53:28.993Z,X3842932,7320,44.23666,7.77711,26599.3,4.3,13.3,73.3,-54.2,1.2,-1.0,RS41-SG,403.700,12.0,625,10,2.6,,
2026-10-05T23:53:29.993Z,X3842932,7321,44.23669,7.77728,26603.8,4.6,14.4,78.3,-54.2,1.2,-1.0,RS41-SG,403.700,12.0,625,10,2.5,,
2026-10-05T23:53:30.993Z,X3842932,7322,44.23671,7.77746,26608.9,5.6,14.6,83.7,-54.2,1.2,-1.0,RS41-SG,403.700,11.9,625,10,2.5,,
2026-10-05T23:53:31.993Z,X3842932,7323,44.23672,7.77764,26614.3,5.3,13.8,88.4,-54.3,1.2,-1.0,RS41-SG,403.700,11.9,625,10,2.5,,
2026-10-05T23:53:32.993Z,X3842932,7324,44.23672,7.77780,26619.2,4.6,12.7,91.5,-54.3,1.2,-1.0,RS41-SG,403.700,11.0,625,10,2.5,,
2026-10-05T23:53:33.993Z,X3842932,7325,44.23672,7.77795,26624.2,5.3,11.3,91.4,-54.3,1.2,-1.0,RS41-SG,403.700,11.0,625,10,2.6,,
2026-10-05T23:53:34.993Z,X3842932,7326,44.23672,7.77808,26629.8,5.8,10.2,86.1,-54.3,1.2,-1.0,RS41-SG,403.700,10.2,625,10,2.6,,
2026-10-05T23:53:35.993Z,X3842932,7327,44.23673,7.77821,26635.5,5.5,9.7,79.4,-54.3,1.2,-1.0,RS41-SG,403.700,11.2,625,10,2.5,,
2026-10-05T23:53:36.993Z,X3842932,7328,44.23675,7.77833,26640.3,4.1,9.9,74.2,-54.3,1.2,-1.0,RS41-SG,403.700,11.2,625,10,2.5,,
2026-10-05T23:53:37.993Z,X3842932,7329,44.23678,7.77845,26644.7,4.7,10.3,73.6,-54.3,1.2,-1.0,RS41-SG,403.700,11.3,625,10,2.5,,
2026-10-05T23:53:38.993Z,X3842932,7330,44.23680,7.77857,26650.2,6.4,11.0,77.9,-54.3,1.2,-1.0,RS41-SG,403.700,11.3,625,10,2.6,,
2026-10-05T23:53:39.993Z,X3842932,7331,44.23682,7.77871,26656.3,5.8,11.6,83.3,-54.4,1.2,-1.0,RS41-SG,403.700,10.4,625,10,2.6,,
2026-10-05T23:53:40.993Z,X3842932,7332,44.23683,7.77886,26661.8,5.0,12.4,87.2,-54.4,1.2,-1.0,RS41-SG,403.700,10.8,625,10,2.5,,
2026-10-05T23:53:41.993Z,X3842932,7333,44.23683,7.77902,26667.4,6.1,13.1,88.6,-54.4,1.2,-1.0,RS41-SG,403.700,10.8,625,10,2.5,,
2026-10-05T23:53:42.993Z,X3842932,7334,44.23684,7.77918,26673.8,6.6,13.4,87.0,-54.5,1.2,-1.0,RS41-SG,403.700,8.6,625,10,2.5,,
2026-10-05T23:53:43.993Z,X3842932,7335,44.23684,7.77935,26679.7,5.2,13.4,85.4,-54.5,1.2,-1.0,RS41-SG,403.700,11.3,625,10,2.5,,
2026-10-05T23:53:44.993Z,X3842932,7336,44.23685,7.77951,26685.0,5.3,12.9,85.6,-54.6,1.3,-1.0,RS41-SG,403.700,12.0,625,10,2.6,,
2026-10-05T23:53:45.993Z,X3842932,7337,44.23686,7.77967,26690.7,6.1,11.9,87.5,-54.6,1.2,-1.0,RS41-SG,403.700,12.0,625,10,2.6,,
2026-10-05T23:53:46.993Z,X3842932,7338,44.23686,7.77981,26696.5,5.2,11.0,90.9,-54.7,1.2,-1.0,RS41-SG,403.700,12.0,625,10,2.5,,
2026-10-05T23:53:47.993Z,X3842932,7339,44.23686,7.77994,26701.6,4.9,10.0,91.7,-54.7,1.2,-1.0,RS41-SG,403.700,11.8,625,10,2.5,,
2026-10-05T23:53:48.993Z,X3842932,7340,44.23686,7.78006,26707.0,5.7,9.1,87.0,-54.8,1.3,-1.0,RS41-SG,403.700,10.9,625,10,2.5,,
2026-10-05T23:53:49.993Z,X3842932,7341,44.23687,7.78017,26713.0,6.4,8.8,79.2,-54.8,1.3,-1.0,RS41-SG,403.700,11.2,625,10,2.5,,
2026-10-05T23:53:50.993Z,X3842932,7342,44.23689,7.78028,26719.0,5.5,9.2,73.0,-54.9,1.2,-1.0,RS41-SG,403.700,12.0,625,10,2.6,,
2026-10-05T23:53:51.993Z,X3842932,7343,44.23691,7.78039,26724.5,5.6,9.6,71.9,-54.9,1.3,-1.0,RS41-SG,403.700,12.0,625,10,2.6,,
2026-10-05T23:53:52.993Z,X3842932,7344,44.23694,7.78051,26730.5,6.4,10.0,76.6,-55.0,1.2,-1.0,RS41-SG,403.700,10.9,625,10,2.5,,
2026-10-05T23:53:53.993Z,X3842932,7345,44.23695,7.78063,26736.8,6.2,10.5,83.4,-55.1,1.3,-1.0,RS41-SG,403.700,11.1,625,10,2.5,,
2026-10-05T23:53:54.993Z,X3842932,7346,44.23696,7.78076,26742.2,4.5,10.8,89.5,-55.1,1.3,-1.0,RS41-SG,403.700,11.3,625,10,2.5,,
2026-10-05T23:53:55.993Z,X3842932,7347,44.23696,7.78090,26747.0,5.3,11.3,92.6,-55.1,1.3,-1.0,RS41-SG,403.700,11.4,625,10,2.5,,
2026-10-05T23:53:56.993Z,X3842932,7348,44.23695,7.78105,26753.0,6.7,11.7,92.3,-55.2,1.3,-1.0,RS41-SG,403.700,11.7,625,10,2.6,,
2026-10-05T23:53:57.993Z,X3842932,7349,44.23695,7.78119,26759.2,5.7,11.7,89.7,-55.2,1.3,-1.0,RS41-SG,403.700,12.4,625,10,2.6,,
2026-10-05T23:53:58.993Z,X3842932,7350,44.23695,7.78134,26764.9,5.5,11.4,88.4,-55.3,1.3,-1.0,RS41-SG,403.700,13.1,625,10,2.5,,
2026-10-05T23:53:59.993Z,X3842932,7351,44.23696,7.78148,26770.7,6.3,10.8,89.0,-55.3,1.3,-1.0,RS41-SG,403.700,13.1,625,10,2.5,,
2026-10-05T23:54:00.993Z,X3842932,7352,44.23696,7.78161,26777.2,6.6,10.0,92.3,-55.4,1.3,-1.0,RS41-SG,403.700,12.7,625,10,2.5,,
2026-10-05T23:54:01.993Z,X3842932,7353,44.23695,7.78173,26783.2,5.3,9.5,95.0,-55.4,1.3,-1.0,RS41-SG,403.700,12.7,625,10,2.5,,
2026-10-05T23:54:02.993Z,X3842932,7354,44.23694,7.78184,26788.7,5.6,8.8,93.4,-55.4,1.3,-1.0,RS41-SG,403.700,11.4,625,10,2.6,,
2026-10-05T23:54:03.993Z,X3842932,7355,44.23694,7.78195,26794.8,6.4,8.4,87.4,-55.5,1.3,-1.0,RS41-SG,403.700,12.0,625,10,2.6,,
2026-10-05T23:54:04.993Z,X3842932,7356,44.23695,7.78205,26801.0,5.8,8.2,80.0,-55.5,1.3,-1.0,RS41-SG,403.700,13.5,625,10,2.5,,
2026-10-05T23:54:05.993Z,X3842932,7357,44.23697,7.78215,26806.3,4.7,8.2,75.6,-55.5,1.3,-1.0,RS41-SG,403.700,13.5,625,10,2.5,,
2026-10-05T23:54:06.993Z,X3842932,7358,44.23698,7.78225,26811.4,5.5,7.8,75.9,-55.6,1.4,-1.0,RS41-SG,403.700,13.5,625,10,2.5,,
2026-10-05T23:54:07.993Z,X3842932,7359,44.23700,7.78234,26817.4,6.5,7.4,83.1,-55.6,1.3,-1.0,RS41-SG,403.700,13.5,625,10,2.6,,
2026-10-05T23:54:08.993Z,X3842932,7360,44.23700,7.78243,26823.3,5.4,7.2,92.0,-55.7,1.3,-1.0,RS41-SG,403.700,12.7,625,10,2.6,,
2026-10-05T23:54:09.993Z,X3842932,7361,44.23700,7.78252,26828.8,5.5,7.4,97.5,-55.7,1.3,-1.0,RS41-SG,403.700,13.0,625,10,2.5,,
2026-10-05T23:54:10.993Z,X3842932,7362,44.23699,7.78262,26834.9,6.5,7.7,98.2,-55.8,1.3,-1.0,RS41-SG,403.700,13.3,625,10,2.5,,
2026-10-05T23:54:11.993Z,X3842932,7363,44.23698,7.78272,26841.3,6.3,8.2,94.3,-55.8,1.3,-1.0,RS41-SG,403.700,13.3,625,10,2.5,,
2026-10-05T23:54:12.993Z,X3842932,7364,44.23698,7.78282,26847.0,5.1,8.6,90.5,-55.9,1.3,-1.0,RS41-SG,403.700,12.9,625,10,2.5,,
2026-10-05T23:54:13.993Z,X3842932,7365,44.23698,7.78293,26852.1,5.0,9.0,89.2,-55.9,1.3,-1.0,RS41-SG,403.700,12.5,625,10,2.6,,
2026-10-05T23:54:14.993Z,X3842932,7366,44.23698,7.78304,26857.7,6.1,9.2,91.1,-55.9,1.3,-1.0,RS41-SG,403.700,12.5,625,10,2.6,,
2026-10-05T23:54:15.993Z,X3842932,7367,44.23697,7.78316,26863.8,6.2,9.1,94.8,-56.0,1.4,-1.0,RS41-SG,403.700,12.0,625,10,2.5,,
2026-10-05T23:54:16.993Z,X3842932,7368,44.23696,7.78327,26869.3,4.7,8.9,96.3,-56.0,1.3,-1.0,RS41-SG,403.700,11.8,625,10,2.5,,
2026-10-05T23:54:17.993Z,X3842932,7369,44.23696,7.78338,26874.3,5.1,8.7,93.9,-56.0,1.3,-1.0,RS41-SG,403.700,11.8,625,10,2.5,,
2026-10-05T23:54:18.993Z,X3842932,7370,44.23696,7.78348,26879.7,5.9,8.3,85.9,-56.1,1.3,-1.0,RS41-SG,403.700,10.9,625,10,2.5,,
2026-10-05T23:54:19.993Z,X3842932,7371,44.23697,7.78359,26885.8,6.2,8.2,76.1,-56.1,1.4,-1.0,RS41-SG,403.700,10.9,625,10,2.6,,
2026-10-05T23:54:20.993Z,X3842932,7372,44.23699,7.78368,26891.5,5.0,8.1,68.9,-56.2,1.3,-1.0,RS41-SG,403.700,10.8,625,10,2.6,,
2026-10-05T23:54:21.993Z,X3842932,7373,44.23702,7.78377,26896.4,4.9,7.7,66.0,-56.2,1.4,-1.0,RS41-SG,403.700,12.8,625,10,2.5,,
2026-10-05T23:54:22.993Z,X3842932,7374,44.23704,7.78386,26901.8,6.0,6.6,69.4,-56.2,1.4,-1.0,RS41-SG,403.700,12.8,625,10,2.5,,
2026-10-05T23:54:23.993Z,X3842932,7375,44.23706,7.78393,26908.1,6.4,5.3,80.4,-56.3,1.4,-1.0,RS41-SG,403.700,11.6,625,10,2.5,,
2026-10-05T23:54:24.993Z,X3842932,7376,44.23706,7.78399,26913.6,4.7,4.9,95.8,-56.4,1.4,-1.0,RS41-SG,403.700,11.5,625,10,2.5,,
2026-10-05T23:54:25.993Z,X3842932,7377,44.23705,7.78405,26918.7,5.4,5.4,106.9,-56.4,1.4,-1.0,RS41-SG,403.700,11.6,625,10,2.6,,
2026-10-05T23:54:26.993Z,X3842932,7378,44.23703,7.78412,26924.8,6.7,6.3,108.5,-56.4,1.4,-1.0,RS41-SG,403.700,11.6,625,10,2.6,,
2026-10-05T23:54:27.993Z,X3842932,7379,44.23702,7.78420,26930.9,5.5,7.2,105.6,-56.5,1.4,-1.0,RS41-SG,403.700,11.3,625,10,2.5,,
2026-10-05T23:54:28.993Z,X3842932,7380,44.23700,7.78429,26936.2,5.0,7.9,102.3,-56.5,1.4,-1.0,RS41-SG,403.700,11.6,625,10,2.5,,
2026-10-05T23:54:29.993Z,X3842932,7381,44.23698,7.78439,26941.2,5.4,8.4,103.0,-56.5,1.4,-1.0,RS41-SG,403.700,11.8,625,10,2.5,,
2026-10-05T23:54:30.993Z,X3842932,7382,44.23696,7.78450,26947.1,6.3,8.5,107.3,-56.6,1.4,-1.0,RS41-SG,403.700,11.8,625,10,2.5,,
2026-10-05T23:54:31.993Z,X3842932,7383,44.23694,7.78460,26953.1,5.7,8.3,109.4,-56.6,1.4,-1.0,RS41-SG,403.700,11.2,625,10,2.6,,
2026-10-05T23:54:32.993Z,X3842932,7384,44.23692,7.78469,26958.7,5.7,7.9,108.1,-56.6,1.4,-1.0,RS41-SG,403.700,12.2,625,10,2.6,,
2026-10-05T23:54:33.993Z,X3842932,7385,44.23690,7.78478,26964.8,6.4,7.4,100.6,-56.6,1.4,-1.0,RS41-SG,403.700,12.2,625,10,2.5,,
2026-10-05T23:54:34.993Z,X3842932,7386,44.23689,7.78487,26971.0,6.2,7.0,90.6,-56.6,1.3,-1.0,RS41-SG,403.700,11.1,625,10,2.5,,
2026-10-05T23:54:35.993Z,X3842932,7387,44.23690,7.78496,26976.4,4.7,6.8,82.0,-56.6,1.4,-1.0,RS41-SG,403.700,11.1,625,10,2.5,,
2026-10-05T23:54:36.993Z,X3842932,7388,44.23691,7.78504,26981.4,5.2,6.3,77.5,-56.6,1.4,-1.0,RS41-SG,403.700,11.6,625,10,2.6,,
2026-10-05T23:54:37.993Z,X3842932,7389,44.23692,7.78511,26987.3,6.6,5.2,81.4,-56.6,1.4,-1.0,RS41-SG,403.700,11.6,625,10,2.6,,
2026-10-05T23:54:38.993Z,X3842932,7390,44.23692,7.78517,26993.3,5.5,4.5,93.6,-56.7,1.3,-1.0,RS41-SG,403.700,10.0,625,10,2.5,,
2026-10-05T23:54:39.993Z,X3842932,7391,44.23691,7.78522,26998.7,5.3,4.3,106.3,-56.7,1.4,-1.0,RS41-SG,403.700,10.0,625,10,2.5,,
2026-10-05T23:54:40.993Z,X3842932,7392,44.23690,7.78528,27004.5,6.3,4.8,111.1,-56.7,1.4,-1.0,RS41-SG,403.700,10.4,625,10,2.5,,
2026-10-05T23:54:41.993Z,X3842932,7393,44.23688,7.78534,27010.9,6.3,5.4,107.3,-56.7,1.4,-1.0,RS41-SG,403.700,10.4,625,10,2.5,,
2026-10-05T23:54:42.993Z,X3842932,7394,44.23687,7.78541,27016.4,4.8,5.9,104.4,-56.8,1.4,-1.0,RS41-SG,403.700,10.3,625,10,2.6,,
2026-10-05T23:54:43.993Z,X3842932,7395,44.23686,7.78548,27021.1,4.8,6.3,104.6,-56.8,1.4,-1.0,RS41-SG,403.700,10.3,625,10,2.6,,
2026-10-05T23:54:44.993Z,X3842932,7396,44.23684,7.78556,27026.6,6.2,6.4,109.4,-56.8,1.4,-1.0,RS41-SG,403.700,10.3,625,10,2.5,,
2026-10-05T23:54:45.993Z,X3842932,7397,44.23682,7.78563,27032.8,6.3,6.3,116.3,-56.9,1.4,-1.0,RS41-SG,403.700,10.3,625,10,2.5,,
2026-10-05T23:54:46.993Z,X3842932,7398,44.23679,7.78570,27038.7,5.5,6.1,118.3,-56.9,1.4,-1.0,RS41-SG,403.700,10.8,625,10,2.5,,
2026-10-05T23:54:47.993Z,X3842932,7399,44.23677,7.78576,27044.1,5.4,5.9,115.5,-56.9,1.4,-1.0,RS41-SG,403.700,10.8,625,10,2.5,,
2026-10-05T23:54:48.993Z,X3842932,7400,44.23675,7.78583,27049.9,6.2,5.5,106.8,-56.9,1.4,-1.0,RS41-SG,403.700,10.6,625,10,2.6,,
2026-10-05T23:54:49.993Z,X3842932,7401,44.23674,7.78590,27056.0,5.6,5.3,95.9,-56.9,1.4,-1.0,RS41-SG,403.700,10.6,625,10,2.6,,
2026-10-05T23:54:50.993Z,X3842932,7402,44.23674,7.78596,27061.0,4.6,5.1,86.8,-56.9,1.4,-1.0,RS41-SG,403.700,10.4,625,10,2.5,,
2026-10-05T23:54:51.993Z,X3842932,7403,44.23674,7.78602,27065.9,5.3,4.4,81.8,-56.9,1.4,-1.0,RS41-SG,403.700,10.4,625,10,2.5,,
2026-10-05T23:54:52.993Z,X3842932,7404,44.23675,7.78607,27071.8,6.4,3.4,87.5,-56.9,1.4,-1.0,RS41-SG,403.700,10.0,625,10,2.5,,
2026-10-05T23:54:53.993Z,X3842932,7405,44.23675,7.78611,27077.6,5.1,2.5,101.5,-56.9,1.4,-1.0,RS41-SG,403.700,11.0,625,10,2.5,,
2026-10-05T23:54:54.993Z,X3842932,7406,44.23674,7.78613,27082.6,5.1,2.5,121.8,-56.9,1.3,-1.0,RS41-SG,403.700,11.0,625,10,2.6,,
2026-10-05T23:54:55.993Z,X3842932,7407,44.23673,7.78616,27088.0,5.7,2.9,122.2,-56.9,1.4,-1.0,RS41-SG,403.700,11.0,625,10,2.6,,
2026-10-05T23:54:56.993Z,X3842932,7408,44.23671,7.78620,27094.0,6.2,3.5,111.9,-56.8,1.3,-1.0,RS41-SG,403.700,10.5,625,10,2.5,,
2026-10-05T23:54:57.993Z,X3842932,7409,44.23670,7.78624,27099.8,5.3,4.4,105.3,-56.7,1.3,-1.0,RS41-SG,403.700,9.6,625,10,2.5,,
2026-10-05T23:54:58.993Z,X3842932,7410,44.23669,7.78630,27104.5,4.3,5.1,103.4,-56.7,1.3,-1.0,RS41-SG,403.700,10.7,625,10,2.5,,
2026-10-05T23:54:59.993Z,X3842932,7411,44.23668,7.78637,27109.3,5.2,5.6,107.5,-56.6,1.3,-1.0,RS41-SG,403.700,10.7,625,10,2.6,,
2026-10-05T23:55:00.993Z,X3842932,7412,44.23666,7.78643,27114.9,6.0,5.8,116.4,-56.6,1.3,-1.0,RS41-SG,403.700,10.5,625,10,2.6,,
2026-10-05T23:55:01.993Z,X3842932,7413,44.23663,7.78649,27120.3,4.9,6.0,124.1,-56.5,1.3,-1.0,RS41-SG,403.700,10.5,625,10,2.5,,
2026-10-05T23:55:02.993Z,X3842932,7414,44.23660,7.78655,27124.9,4.3,6.0,129.1,-56.5,1.3,-1.0,RS41-SG,403.700,10.2,625,10,2.5,,
2026-10-05T23:55:03.993Z,X3842932,7415,44.23657,7.78661,27129.7,5.3,5.7,126.5,-56.5,1.3,-1.0,RS41-SG,403.700,9.3,625,10,2.5,,
2026-10-05T23:55:04.993Z,X3842932,7416,44.23654,7.78667,27135.5,6.2,5.4,116.6,-56.5,1.3,-1.0,RS41-SG,403.700,10.5,625,10,2.5,,
2026-10-05T23:55:05.993Z,X3842932,7417,44.23653,7.78673,27141.2,5.1,5.1,106.5,-56.5,1.3,-1.0,RS41-SG,403.700,10.5,625,10,2.6,,
2026-10-05T23:55:06.993Z,X3842932,7418,44.23652,7.78679,27146.3,5.0,4.6,99.6,-56.5,1.3,-1.0,RS41-SG,403.700,10.4,625,10,2.6,,
2026-10-05T23:55:07.993Z,X3842932,7419,44.23651,7.78684,27151.7,5.9,3.6,100.5,-56.5,1.3,-1.0,RS41-SG,403.700,10.9,625,10,2.5,,
2026-10-05T23:55:08.993Z,X3842932,7420,44.23650,7.78688,27157.8,6.2,2.7,119.9,-56.5,1.3,-1.0,RS41-SG,403.700,10.9,625,10,2.5,,
2026-10-05T23:55:09.993Z,X3842932,7421,44.23649,7.78690,27163.1,4.4,2.5,143.5,-56.5,1.3,-1.0,RS41-SG,403.700,10.3,625,10,2.5,,
2026-10-05T23:55:10.993Z,X3842932,7422,44.23646,7.78692,27167.7,4.6,2.7,160.0,-56.5,1.3,-1.0,RS41-SG,403.700,9.4,625,10,2.5,,
2026-10-05T23:55:11.993Z,X3842932,7423,44.23644,7.78693,27172.6,5.5,2.9,159.0,-56.6,1.3,-1.0,RS41-SG,403.700,9.3,625,10,2.6,,
2026-10-05T23:55:12.993Z,X3842932,7424,44.23642,7.78694,27178.4,5.9,2.7,145.7,-56.6,1.3,-1.0,RS41-SG,403.700,10.4,625,10,2.6,,
2026-10-05T23:55:13.993Z,X3842932,7425,44.23640,7.78697,27183.6,4.5,2.7,129.3,-56.7,1.3,-1.0,RS41-SG,403.700,10.4,625,10,2.5,,
2026-10-05T23:55:14.993Z,X3842932,7426,44.23639,7.78699,27188.0,4.2,2.9,120.5,-56.7,1.4,-1.0,RS41-SG,403.700,10.9,625,10,2.5,,
2026-10-05T23:55:15.993Z,X3842932,7427,44.23637,7.78702,27192.6,5.0,3.0,125.2,-56.7,1.4,-1.0,RS41-SG,403.700,11.1,625,10,2.5,,
2026-10-05T23:55:16.993Z,X3842932,7428,44.23635,7.78705,27198.2,6.2,3.1,138.1,-56.8,1.3,-1.0,RS41-SG,403.700,11.1,625,10,2.5,,
2026-10-05T23:55:17.993Z,X3842932,7429,44.23633,7.78708,27203.9,5.2,3.2,148.9,-56.8,1.3,-1.0,RS41-SG,403.700,10.4,625,10,2.6,,
2026-10-05T23:55:18.993Z,X3842932,7430,44.23631,7.78710,27209.0,5.1,3.2,147.5,-56.8,1.3,-1.0,RS41-SG,403.700,10.4,625,10,2.6,,
2026-10-05T23:55:19.993Z,X3842932,7431,44.23629,7.78712,27214.3,5.6,2.8,139.0,-56.7,1.4,-1.0,RS41-SG,403.700,10.3,625,10,2.5,,
2026-10-05T23:55:20.993Z,X3842932,7432,44.23627,7.78714,27220.1,6.1,2.4,116.0,-56.7,1.3,-1.0,RS41-SG,403.700,10.9,625,10,2.5,,
2026-10-05T23:55:21.993Z,X3842932,7433,44.23627,7.78717,27225.6,4.8,2.1,90.5,-56.7,1.4,-1.0,RS41-SG,403.700,11.4,625,10,2.5,,
2026-10-05T23:55:22.993Z,X3842932,7434,44.23627,7.78719,27230.1,4.2,1.7,75.4,-56.7,1.3,-1.0,RS41-SG,403.700,11.4,625,10,2.5,,
2026-10-05T23:55:23.993Z,X3842932,7435,44.23627,7.78721,27234.9,5.4,0.8,70.2,-56.7,1.3,-1.0,RS41-SG,403.700,9.3,625,10,2.6,,
2026-10-05T23:55:24.993Z,X3842932,7436,44.23627,7.78721,27240.6,5.9,0.8,214.5,-56.7,1.3,-1.0,RS41-SG,403.700,11.5,625,10,2.6,,
2026-10-05T23:55:25.993Z,X3842932,7437,44.23626,7.78720,27245.8,4.6,1.9,218.0,-56.7,1.3,-1.0,RS41-SG,403.700,11.5,625,10,2.5,,
2026-10-05T23:55:26.993Z,X3842932,7438,44.23625,7.78718,27250.6,5.0,2.5,216.8,-56.7,1.4,-1.0,RS41-SG,403.700,10.1,625,10,2.5,,
2026-10-05T23:55:27.993Z,X3842932,7439,44.23623,7.78717,27256.0,5.9,2.2,213.3,-56.7,1.3,-1.0,RS41-SG,403.700,7.4,625,10,2.5,,
2026-10-05T23:55:28.993Z,X3842932,7440,44.23621,7.78716,27262.0,6.1,1.5,194.4,-56.7,1.4,-1.0,RS41-SG,403.700,10.0,625,10,2.6,,
2026-10-05T23:55:29.993Z,X3842932,7441,44.23620,7.78716,27267.2,4.3,1.4,156.7,-56.7,1.3,-1.0,RS41-SG,403.700,10.5,625,10,2.6,,
2026-10-05T23:55:30.993Z,X3842932,7442,44.23619,7.78717,27271.7,4.7,2.2,131.5,-56.8,1.4,-1.0,RS41-SG,403.700,10.5,625,10,2.5,,
2026-10-05T23:55:31.993Z,X3842932,7443,44.23617,7.78720,27276.9,5.8,3.8,132.1,-56.8,1.3,-1.0,RS41-SG,403.700,10.8,625,10,2.5,,
2026-10-05T23:55:32.993Z,X3842932,7444,44.23614,7.78724,27282.2,4.7,4.9,134.2,-56.8,1.3,-1.0,RS41-SG,403.700,11.0,625,10,2.5,,
2026-10-05T23:55:33.993Z,X3842932,7445,44.23611,7.78729,27286.9,4.6,5.7,134.4,-56.9,1.4,-1.0,RS41-SG,403.700,11.0,625,10,2.5,,
2026-10-05T23:55:34.993Z,X3842932,7446,44.23608,7.78734,27292.1,5.8,6.0,128.7,-56.9,1.3,-1.0,RS41-SG,403.700,10.9,625,10,2.6,,
2026-10-05T23:55:35.993Z,X3842932,7447,44.23605,7.78740,27297.9,5.9,5.6,120.9,-57.0,1.4,-1.0,RS41-SG,403.700,10.9,625,10,2.6,,
2026-10-05T23:55:36.993Z,X3842932,7448,44.23602,7.78746,27303.1,4.4,4.9,115.9,-57.0,1.4,-1.0,RS41-SG,403.700,11.9,625,10,2.5,,
2026-10-05T23:55:37.993Z,X3842932,7449,44.23600,7.78751,27307.6,4.7,4.0,118.7,-57.0,1.4,-1.0,RS41-SG,403.700,11.9,625,10,2.5,,
2026-10-05T23:55:38.993Z,X3842932,7450,44.23599,7.78754,27312.8,5.5,3.3,136.6,-56.9,1.3,-1.0,RS41-SG,403.700,11.1,625,10,2.5,,
2026-10-05T23:55:39.993Z,X3842932,7451,44.23596,7.78756,27318.3,5.6,3.6,161.7,-56.9,1.4,-1.0,RS41-SG,403.700,11.4,625,10,2.5,,
2026-10-05T23:55:40.993Z,X3842932,7452,44.23593,7.78757,27323.2,4.1,4.0,173.7,-56.9,1.4,-1.0,RS41-SG,403.700,11.4,625,10,2.6,,
2026-10-05T23:55:41.993Z,X3842932,7453,44.23589,7.78758,27327.5,4.5,4.2,179.5,-56.9,1.4,-1.0,RS41-SG,403.700,11.0,625,10,2.6,,
2026-10-05T23:55:42.993Z,X3842932,7454,44.23586,7.78758,27332.8,5.9,3.4,174.5,-56.8,1.4,-1.0,RS41-SG,403.700,10.8,625,10,2.5,,
2026-10-05T23:55:43.993Z,X3842932,7455,44.23583,7.78759,27338.8,6.0,2.7,157.9,-56.8,1.3,-1.0,RS41-SG,403.700,10.5,625,10,2.5,,
2026-10-05T23:55:44.993Z,X3842932,7456,44.23581,7.78760,27344.2,4.7,2.5,133.3,-56.8,1.3,-1.0,RS41-SG,403.700,10.0,625,10,2.5,,
2026-10-05T23:55:45.993Z,X3842932,7457,44.23580,7.78763,27348.9,4.6,3.3,117.9,-56.8,1.3,-1.0,RS41-SG,403.700,9.9,625,10,2.5,,
2026-10-05T23:55:46.993Z,X3842932,7458,44.23578,7.78768,27354.1,5.6,4.4,117.8,-56.8,1.4,-1.0,RS41-SG,403.700,10.5,625,10,2.6,,
2026-10-05T23:55:47.993Z,X3842932,7459,44.23576,7.78773,27359.6,5.5,5.4,124.2,-56.8,1.3,-1.0,RS41-SG,403.700,10.8,625,10,2.6,,
2026-10-05T23:55:48.993Z,X3842932,7460,44.23573,7.78779,27364.7,4.6,6.2,127.0,-56.8,1.3,-1.0,RS41-SG,403.700,10.8,625,10,2.5,,
2026-10-05T23:55:49.993Z,X3842932,7461,44.23569,7.78785,27369.4,4.8,6.4,126.0,-56.7,1.3,-1.0,RS41-SG,403.700,9.4,625,10,2.5,,
2026-10-05T23:55:50.993Z,X3842932,7462,44.23566,7.78791,27374.4,5.3,6.0,122.0,-56.7,1.3,-1.0,RS41-SG,403.700,8.7,625,10,2.5,,
2026-10-05T23:55:51.993Z,X3842932,7463,44.23564,7.78797,27380.0,5.7,5.0,116.0,-56.7,1.3,-1.0,RS41-SG,403.700,9.4,625,10,2.5,,
2026-10-05T23:55:52.993Z,X3842932,7464,44.23562,7.78802,27385.2,4.9,3.7,110.8,-56.7,1.3,-1.0,RS41-SG,403.700,9.4,625,10,2.6,,
2026-10-05T23:55:53.993Z,X3842932,7465,44.23561,7.78805,27389.7,4.2,1.9,116.5,-56.6,1.3,-1.0,RS41-SG,403.700,10.9,625,10,2.6,,
2026-10-05T23:55:54.993Z,X3842932,7466,44.23560,7.78806,27394.3,4.9,1.1,203.9,-56.6,1.3,-1.0,RS41-SG,403.700,10.9,625,10,2.5,,
2026-10-05T23:55:55.993Z,X3842932,7467,44.23559,7.78804,27399.3,5.0,2.9,234.8,-56.6,1.3,-1.0,RS41-SG,403.700,10.8,625,10,2.5,,
2026-10-05T23:55:56.993Z,X3842932,7468,44.23557,7.78801,27403.7,3.8,4.1,233.6,-56.6,1.3,-1.0,RS41-SG,403.700,11.0,625,10,2.5,,
2026-10-05T23:55:57.993Z,X3842932,7469,44.23555,7.78797,27408.2,5.0,4.3,226.7,-56.6,1.3,-1.0,RS41-SG,403.700,11.0,625,10,2.6,,
2026-10-05T23:55:58.993Z,X3842932,7470,44.23552,7.78794,27413.8,6.3,3.4,211.6,-56.6,1.3,-1.0,RS41-SG,403.700,10.6,625,10,2.6,,
2026-10-05T23:55:59.993Z,X3842932,7471,44.23550,7.78793,27419.8,5.8,2.5,177.7,-56.6,1.3,-1.0,RS41-SG,403.700,10.2,625,10,2.5,,
2026-10-05T23:56:00.993Z,X3842932,7472,44.23548,7.78794,27424.5,3.6,2.7,142.6,-56.6,1.3,-1.0,RS41-SG,403.700,11.2,625,10,2.5,,
2026-10-05T23:56:01.993Z,X3842932,7473,44.23546,7.78797,27428.4,4.1,3.7,122.5,-56.6,1.3,-1.0,RS41-SG,403.700,11.2,625,10,2.5,,
2026-10-05T23:56:02.993Z,X3842932,7474,44.23544,7.78801,27433.2,5.4,4.2,119.0,-56.6,1.3,-1.0,RS41-SG,403.700,11.8,625,10,2.5,,
2026-10-05T23:56:03.993Z,X3842932,7475,44.23542,7.78805,27438.6,5.3,3.9,123.2,-56.6,1.3,-1.0,RS41-SG,403.700,11.8,625,10,2.6,,
2026-10-05T23:56:04.993Z,X3842932,7476,44.23541,7.78809,27443.6,4.8,3.0,125.5,-56.7,1.3,-1.0,RS41-SG,403.700,11.6,625,10,2.6,,
2026-10-05T23:56:05.993Z,X3842932,7477,44.23540,7.78811,27448.7,5.4,1.5,120.5,-56.7,1.3,-1.0,RS41-SG,403.700,12.0,625,10,2.5,,
2026-10-05T23:56:06.993Z,X3842932,7478,44.23539,7.78812,27454.3,5.9,0.5,23.2,-56.7,1.3,-1.0,RS41-SG,403.700,12.0,625,10,2.5,,
2026-10-05T23:56:07.993Z,X3842932,7479,44.23540,7.78812,27459.7,4.7,1.6,343.6,-56.7,1.3,-1.0,RS41-SG,403.700,11.8,625,10,2.5,,
2026-10-05T23:56:08.993Z,X3842932,7480,44.23542,7.78811,27464.1,4.2,2.4,327.0,-56.7,1.4,-1.0,RS41-SG,403.700,12.0,625,10,2.5,,
2026-10-05T23:56:09.993Z,X3842932,7481,44.23544,7.78809,27468.9,5.3,2.8,302.6,-56.7,1.3,-1.0,RS41-SG,403.700,12.0,625,10,2.6,,
2026-10-05T23:56:10.993Z,X3842932,7482,44.23544,7.78805,27474.5,5.9,3.1,276.0,-56.7,1.3,-1.0,RS41-SG,403.700,12.0,625,10,2.6,,
2026-10-05T23:56:11.993Z,X3842932,7483,44.23544,7.78801,27479.5,4.3,3.5,256.3,-56.7,1.3,-1.0,RS41-SG,403.700,12.0,625,10,2.5,,
2026-10-05T23:56:12.993Z,X3842932,7484,44.23543,7.78797,27484.1,4.8,3.4,239.2,-56.7,1.3,-1.0,RS41-SG,403.700,11.1,625,10,2.5,,
2026-10-05T23:56:13.993Z,X3842932,7485,44.23541,7.78794,27489.3,5.6,2.6,214.0,-56.7,1.3,-1.0,RS41-SG,403.700,10.7,625,10,2.5,,
2026-10-05T23:56:14.993Z,X3842932,7486,44.23539,7.78794,27495.0,5.7,2.0,167.5,-56.7,1.3,-1.0,RS41-SG,403.700,11.0,625,10,2.5,,
2026-10-05T23:56:15.993Z,X3842932,7487,44.23538,7.78795,27500.0,4.2,2.6,127.9,-56.7,1.3,-1.0,RS41-SG,403.700,11.1,625,10,2.6,,
2026-10-05T23:56:16.993Z,X3842932,7488,44.23536,7.78799,27504.0,3.9,3.7,116.7,-56.6,1.3,-1.0,RS41-SG,403.700,11.5,625,10,2.6,,
2026-10-05T23:56:17.993Z,X3842932,7489,44.23535,7.78803,27508.4,4.9,4.4,118.5,-56.7,1.3,-1.0,RS41-SG,403.700,11.5,625,10,2.5,,
2026-10-05T23:56:18.993Z,X3842932,7490,44.23532,7.78808,27513.7,5.8,4.6,130.8,-56.6,1.3,-1.0,RS41-SG,403.700,11.5,625,10,2.5,,
2026-10-05T23:56:19.993Z,X3842932,7491,44.23529,7.78812,27519.1,4.9,4.6,142.1,-56.6,1.3,-1.0,RS41-SG,403.700,11.9,625,10,2.5,,
2026-10-05T23:56:20.993Z,X3842932,7492,44.23526,7.78815,27523.8,4.5,4.2,153.3,-56.6,1.3,-1.0,RS41-SG,403.700,11.9,625,10,2.6,,
2026-10-05T23:56:21.993Z,X3842932,7493,44.23523,7.78817,27528.5,4.9,3.4,162.8,-56.5,1.3,-1.0,RS41-SG,403.700,11.3,625,10,2.6,,
2026-10-05T23:56:22.993Z,X3842932,7494,44.23521,7.78817,27533.9,5.8,1.9,174.0,-56.6,1.3,-1.0,RS41-SG,403.700,11.2,625,10,2.5,,
2026-10-05T23:56:23.993Z,X3842932,7495,44.23520,7.78817,27539.6,5.7,0.6,212.9,-56.6,1.3,-1.0,RS41-SG,403.700,11.1,625,10,2.5,,
2026-10-05T23:56:24.993Z,X3842932,7496,44.23520,7.78816,27544.5,3.9,1.0,302.2,-56.6,1.3,-1.0,RS41-SG,403.700,11.6,625,10,2.5,,
2026-10-05T23:56:25.993Z,X3842932,7497,44.23520,7.78815,27548.4,4.1,2.0,303.6,-56.6,1.3,-1.0,RS41-SG,403.700,11.9,625,10,2.5,,
2026-10-05T23:56:26.993Z,X3842932,7498,44.23521,7.78812,27553.3,5.5,3.2,292.8,-56.6,1.3,-1.0,RS41-SG,403.700,11.9,625,10,2.6,,
2026-10-05T23:56:27.993Z,X3842932,7499,44.23522,7.78808,27558.4,4.8,3.9,281.9,-56.6,1.3,-1.0,RS41-SG,403.700,10.0,625,10,2.6,,
2026-10-05T23:56:28.993Z,X3842932,7500,44.23523,7.78803,27563.1,4.7,3.8,273.3,-56.6,1.3,-1.0,RS41-SG,403.700,11.2,625,10,2.5,,
2026-10-05T23:56:29.993Z,X3842932,7501,44.23523,7.78799,27568.3,5.7,2.9,263.5,-56.5,1.3,-1.0,RS41-SG,403.700,11.2,625,10,2.5,,
2026-10-05T23:56:30.993Z,X3842932,7502,44.23522,7.78796,27574.2,6.0,1.3,248.5,-56.5,1.3,-1.0,RS41-SG,403.700,11.0,625,10,2.5,,
2026-10-05T23:56:31.993Z,X3842932,7503,44.23522,7.78796,27579.2,4.1,0.5,159.2,-56.4,1.3,-1.0,RS41-SG,403.700,11.0,625,10,2.5,,
2026-10-05T23:56:32.993Z,X3842932,7504,44.23521,7.78797,27583.3,4.1,1.7,122.8,-56.4,1.3,-1.0,RS41-SG,403.700,8.9,625,10,2.6,,
2026-10-05T23:56:33.993Z,X3842932,7505,44.23520,7.78799,27588.1,5.4,2.8,129.8,-56.4,1.3,-1.0,RS41-SG,403.700,11.7,625,10,2.6,,
2026-10-05T23:56:34.993Z,X3842932,7506,44.23518,7.78802,27593.3,5.2,3.6,140.4,-56.4,1.3,-1.0,RS41-SG,403.700,11.7,625,10,2.5,,
2026-10-05T23:56:35.993Z,X3842932,7507,44.23515,7.78804,27598.3,4.6,4.0,146.3,-56.4,1.3,-1.0,RS41-SG,403.700,11.6,625,10,2.5,,
2026-10-05T23:56:36.993Z,X3842932,7508,44.23512,7.78807,27603.2,5.3,4.1,145.6,-56.4,1.3,-1.0,RS41-SG,403.700,11.6,625,10,2.5,,
2026-10-05T23:56:37.993Z,X3842932,7509,44.23510,7.78811,27608.8,5.9,4.1,135.6,-56.4,1.3,-1.0,RS41-SG,403.700,11.3,625,10,2.5,,
2026-10-05T23:56:38.993Z,X3842932,7510,44.23507,7.78814,27614.3,5.1,4.0,123.7,-56.4,1.3,-1.0,RS41-SG,403.700,11.3,625,10,2.6,,
2026-10-05T23:56:39.993Z,X3842932,7511,44.23505,7.78819,27618.9,4.1,4.1,117.0,-56.4,1.3,-1.0,RS41-SG,403.700,11.3,625,10,2.6,,
2026-10-05T23:56:40.993Z,X3842932,7512,44.23504,7.78823,27623.3,4.8,4.1,115.7,-56.4,1.3,-1.0,RS41-SG,403.700,11.0,625,10,2.5,,
2026-10-05T23:56:41.993Z,X3842932,7513,44.23502,7.78828,27628.6,5.7,4.1,122.3,-56.3,1.2,-1.0,RS41-SG,403.700,11.0,625,10,2.5,,
2026-10-05T23:56:42.993Z,X3842932,7514,44.23500,7.78832,27634.1,5.4,4.2,130.4,-56.2,1.2,-1.0,RS41-SG,403.700,11.6,625,10,2.5,,
2026-10-05T23:56:43.993Z,X3842932,7515,44.23497,7.78836,27638.9,4.3,4.4,133.7,-56.1,1.2,-1.0,RS41-SG,403.700,11.6,625,10,2.5,,
2026-10-05T23:56:44.993Z,X3842932,7516,44.23495,7.78840,27643.3,4.6,4.9,128.4,-56.1,1.3,-1.0,RS41-SG,403.700,11.0,625,10,2.6,,
2026-10-05T23:56:45.993Z,X3842932,7517,44.23492,7.78846,27648.3,5.3,5.6,117.9,-56.0,1.2,-1.0,RS41-SG,403.700,11.0,625,10,2.6,,
2026-10-05T23:56:46.993Z,X3842932,7518,44.23490,7.78853,27653.7,5.6,6.6,107.8,-56.0,1.2,-1.0,RS41-SG,403.700,8.3,625,10,2.5,,
2026-10-05T23:56:47.993Z,X3842932,7519,44.23488,7.78861,27659.0,4.7,7.6,103.0,-55.9,1.2,-1.0,RS41-SG,403.700,8.6,625,10,2.5,,
2026-10-05T23:56:48.993Z,X3842932,7520,44.23487,7.78871,27663.8,4.8,8.0,103.1,-55.9,1.3,-1.0,RS41-SG,403.700,12.7,625,10,2.5,,
2026-10-05T23:56:49.993Z,X3842932,7521,44.23485,7.78880,27669.1,5.9,7.6,108.6,-55.9,1.2,-1.0,RS41-SG,403.700,12.7,625,10,2.6,,
2026-10-05T23:56:50.993Z,X3842932,7522,44.23482,7.78888,27675.3,6.4,6.7,118.0,-55.8,1.2,-1.0,RS41-SG,403.700,12.1,625,10,2.6,,
2026-10-05T23:56:51.993Z,X3842932,7523,44.23479,7.78895,27680.9,4.9,5.7,128.5,-55.8,1.2,-1.0,RS41-SG,403.700,12.1,625,10,2.5,,
2026-10-05T23:56:52.993Z,X3842932,7524,44.23476,7.78900,27685.6,4.7,4.8,137.6,-55.8,1.2,-1.0,RS41-SG,403.700,11.3,625,10,2.5,,
2026-10-05T23:56:53.993Z,X3842932,7525,44.23473,7.78903,27690.7,5.6,3.6,138.7,-55.8,1.2,-1.0,RS41-SG,403.700,12.1,625,10,2.5,,
2026-10-05T23:56:54.993Z,X3842932,7526,44.23471,7.78906,27696.5,6.0,2.4,120.2,-55.8,1.2,-1.0,RS41-SG,403.700,12.1,625,10,2.5,,
2026-10-05T23:56:55.993Z,X3842932,7527,44.23471,7.78908,27701.7,4.4,2.0,81.4,-55.8,1.3,-1.0,RS41-SG,403.700,10.6,625,10,2.6,,
2026-10-05T23:56:56.993Z,X3842932,7528,44.23472,7.78911,27706.1,4.1,2.3,48.2,-55.8,1.2,-1.0,RS41-SG,403.700,11.0,625,10,2.6,,
2026-10-05T23:56:57.993Z,X3842932,7529,44.23474,7.78912,27710.5,4.8,2.7,23.2,-55.7,1.3,-1.0,RS41-SG,403.700,11.0,625,10,2.5,,
2026-10-05T23:56:58.993Z,X3842932,7530,44.23476,7.78913,27716.0,6.0,2.7,5.5,-55.7,1.2,-1.0,RS41-SG,403.700,10.9,625,10,2.5,,
2026-10-05T23:56:59.993Z,X3842932,7531,44.23478,7.78913,27721.7,5.6,2.5,357.2,-55.7,1.2,-1.0,RS41-SG,403.700,10.3,625,10,2.5,,
2026-10-05T23:57:00.993Z,X3842932,7532,44.23480,7.78913,27727.0,5.1,2.0,3.3,-55.7,1.2,-1.0,RS41-SG,403.700,10.0,625,10,2.5,,
2026-10-05T23:57:01.993Z,X3842932,7533,44.23482,7.78914,27732.3,5.4,1.9,37.0,-55.7,1.2,-1.0,RS41-SG,403.700,10.6,625,10,2.6,,
2026-10-05T23:57:02.993Z,X3842932,7534,44.23483,7.78916,27738.0,6.0,3.0,62.6,-55.7,1.2,-1.0,RS41-SG,403.700,11.8,625,10,2.6,,
2026-10-05T23:57:03.993Z,X3842932,7535,44.23484,7.78921,27743.5,4.9,4.3,70.1,-55.6,1.3,-1.0,RS41-SG,403.700,11.8,625,10,2.5,,
2026-10-05T23:57:04.993Z,X3842932,7536,44.23486,7.78926,27747.9,4.0,5.2,71.9,-55.6,1.2,-1.0,RS41-SG,403.700,11.3,625,10,2.5,,
2026-10-05T23:57:05.993Z,X3842932,7537,44.23487,7.78933,27752.4,4.8,5.4,72.4,-55.6,1.2,-1.0,RS41-SG,403.700,12.2,625,10,2.5,,
2026-10-05T23:57:06.993Z,X3842932,7538,44.23489,7.78939,27757.7,5.8,4.6,71.6,-55.5,1.2,-1.0,RS41-SG,403.700,12.2,625,10,2.5,,
2026-10-05T23:57:07.993Z,X3842932,7539,44.23490,7.78943,27763.5,5.7,3.4,67.3,-55.4,1.2,-1.0,RS41-SG,403.700,10.9,625,10,2.6,,
2026-10-05T23:57:08.993Z,X3842932,7540,44.23491,7.78947,27768.6,4.6,2.7,58.0,-55.3,1.2,-1.0,RS41-SG,403.700,10.9,625,10,2.6,,
2026-10-05T23:57:09.993Z,X3842932,7541,44.23493,7.78949,27773.4,5.0,2.7,47.0,-55.3,1.2,-1.0,RS41-SG,403.700,10.6,625,10,2.5,,
2026-10-05T23:57:10.993Z,X3842932,7542,44.23494,7.78952,27779.0,6.0,3.3,46.0,-55.2,1.2,-1.0,RS41-SG,403.700,11.1,625,10,2.5,,
2026-10-05T23:57:11.993Z,X3842932,7543,44.23497,7.78955,27784.8,5.5,4.0,51.0,-55.1,1.2,-1.0,RS41-SG,403.700,12.0,625,10,2.5,,
2026-10-05T23:57:12.993Z,X3842932,7544,44.23499,7.78960,27789.9,4.6,4.6,56.4,-55.0,1.2,-1.0,RS41-SG,403.700,12.3,625,10,2.5,,
2026-10-05T23:57:13.993Z,X3842932,7545,44.23501,7.78965,27794.6,4.9,4.6,62.2,-54.9,1.2,-1.0,RS41-SG,403.700,12.3,625,10,2.6,,
2026-10-05T23:57:14.993Z,X3842932,7546,44.23503,7.78969,27800.1,6.0,3.9,71.7,-54.9,1.2,-1.0,RS41-SG,403.700,12.2,625,10,2.6,,
2026-10-05T23:57:15.993Z,X3842932,7547,44.23503,7.78974,27806.0,5.7,3.2,87.4,-54.8,1.1,-1.0,RS41-SG,403.700,12.2,625,10,2.5,,
2026-10-05T23:57:16.993Z,X3842932,7548,44.23503,7.78977,27811.5,5.4,3.2,108.1,-54.8,1.2,-1.0,RS41-SG,403.700,12.3,625,10,2.5,,
2026-10-05T23:57:17.993Z,X3842932,7549,44.23501,7.78982,27817.0,5.5,4.1,118.6,-54.8,1.2,-1.0,RS41-SG,403.700,12.3,625,10,2.5,,
2026-10-05T23:57:18.993Z,X3842932,7550,44.23500,7.78987,27823.0,6.3,5.3,117.8,-54.8,1.2,-1.0,RS41-SG,403.700,11.0,625,10,2.6,,
2026-10-05T23:57:19.993Z,X3842932,7551,44.23497,7.78993,27828.8,5.2,6.1,112.3,-54.8,1.2,-1.0,RS41-SG,403.700,12.9,625,10,2.6,,
2026-10-05T23:57:20.993Z,X3842932,7552,44.23495,7.79000,27833.7,4.8,6.3,107.8,-54.8,1.2,-1.0,RS41-SG,403.700,12.9,625,10,2.5,,
2026-10-05T23:57:21.993Z,X3842932,7553,44.23494,7.79008,27838.8,5.2,5.7,102.8,-54.8,1.2,-1.0,RS41-SG,403.700,12.4,625,10,2.5,,
2026-10-05T23:57:22.993Z,X3842932,7554,44.23493,7.79014,27844.5,6.1,4.3,94.7,-54.9,1.2,-1.0,RS41-SG,403.700,12.6,625,10,2.5,,
2026-10-05T23:57:23.993Z,X3842932,7555,44.23493,7.79018,27850.5,5.8,2.9,80.7,-54.9,1.2,-1.0,RS41-SG,403.700,12.7,625,10,2.5,,
2026-10-05T23:57:24.993Z,X3842932,7556,44.23494,7.79021,27855.5,4.5,2.1,62.0,-54.9,1.2,-1.0,RS41-SG,403.700,12.7,625,10,2.6,,
2026-10-05T23:57:25.993Z,X3842932,7557,44.23495,7.79024,27860.5,5.2,2.3,49.7,-54.9,1.2,-1.0,RS41-SG,403.700,11.4,625,10,2.6,,
2026-10-05T23:57:26.993Z,X3842932,7558,44.23497,7.79026,27866.4,6.6,3.0,54.2,-54.8,1.2,-1.0,RS41-SG,403.700,12.1,625,10,2.5,,
2026-10-05T23:57:27.993Z,X3842932,7559,44.23498,7.79030,27872.6,5.9,3.9,65.0,-54.8,1.2,-1.0,RS41-SG,403.700,12.1,625,10,2.5,,
2026-10-05T23:57:28.993Z,X3842932,7560,44.23500,7.79035,27877.8,4.4,4.8,72.7,-54.8,1.2,-1.0,RS41-SG,403.700,12.5,625,10,2.5,,
2026-10-05T23:57:29.993Z,X3842932,7561,44.23501,7.79041,27882.7,5.4,5.1,79.3,-54.7,1.2,-1.0,RS41-SG,403.700,12.5,625,10,2.5,,
2026-10-05T23:57:30.993Z,X3842932,7562,44.23501,7.79047,27888.5,6.2,4.8,85.2,-54.7,1.2,-1.0,RS41-SG,403.700,12.3,625,10,2.6,,
2026-10-05T23:57:31.993Z,X3842932,7563,44.23501,7.79053,27894.1,4.9,4.2,89.2,-54.6,1.2,-1.0,RS41-SG,403.700,12.5,625,10,2.6,,
2026-10-05T23:57:32.993Z,X3842932,7564,44.23501,7.79058,27899.2,5.3,4.0,92.1,-54.6,1.2,-1.0,RS41-SG,403.700,12.5,625,10,2.5,,
2026-10-05T23:57:33.993Z,X3842932,7565,44.23501,7.79063,27904.9,6.0,4.3,91.5,-54.6,1.2,-1.0,RS41-SG,403.700,12.0,625,10,2.5,,
2026-10-05T23:57:34.993Z,X3842932,7566,44.23501,7.79069,27910.9,5.8,4.9,87.6,-54.6,1.2,-1.0,RS41-SG,403.700,12.0,625,10,2.5,,
2026-10-05T23:57:35.993Z,X3842932,7567,44.23502,7.79075,27915.9,4.3,5.2,84.7,-54.6,1.2,-1.0,RS41-SG,403.700,11.8,625,10,2.5,,
2026-10-05T23:57:36.993Z,X3842932,7568,44.23502,7.79081,27920.6,5.2,5.1,77.1,-54.6,1.2,-1.0,RS41-SG,403.700,12.0,625,10,2.6,,
2026-10-05T23:57:37.993Z,X3842932,7569,44.23504,7.79087,27926.4,6.2,4.4,67.1,-54.6,1.2,-1.0,RS41-SG,403.700,12.0,625,10,2.6,,
2026-10-05T23:57:38.993Z,X3842932,7570,44.23505,7.79092,27932.2,5.5,3.9,57.6,-54.6,1.2,-1.0,RS41-SG,403.700,11.9,625,10,2.5,,
2026-10-05T23:57:39.993Z,X3842932,7571,44.23507,7.79095,27937.7,5.4,3.4,52.0,-54.6,1.2,-1.0,RS41-SG,403.700,11.9,625,10,2.5,,
2026-10-05T23:57:40.993Z,X3842932,7572,44.23509,7.79099,27943.6,6.5,3.3,57.8,-54.6,1.2,-1.0,RS41-SG,403.700,11.9,625,10,2.5,,
2026-10-05T23:57:41.993Z,X3842932,7573,44.23510,7.79103,27950.1,6.4,3.8,70.5,-54.6,1.2,-1.0,RS41-SG,403.700,11.4,625,10,2.6,,
2026-10-05T23:57:42.993Z,X3842932,7574,44.23512,7.79108,27955.7,4.8,4.4,75.5,-54.6,1.2,-1.0,RS41-SG,403.700,11.3,625,10,2.6,,
2026-10-05T23:57:43.993Z,X3842932,7575,44.23513,7.79113,27960.6,5.1,5.1,75.1,-54.6,1.2,-1.0,RS41-SG,403.700,12.1,625,10,2.5,,
2026-10-05T23:57:44.993Z,X3842932,7576,44.23514,7.79119,27966.4,6.4,5.4,67.6,-54.6,1.2,-1.0,RS41-SG,403.700,12.1,625,10,2.5,,
2026-10-05T23:57:45.993Z,X3842932,7577,44.23516,7.79125,27972.3,5.5,5.5,59.6,-54.6,1.2,-1.0,RS41-SG,403.700,12.1,625,10,2.5,,
2026-10-05T23:57:46.993Z,X3842932,7578,44.23519,7.79131,27977.5,4.8,6.0,53.7,-54.6,1.2,-1.0,RS41-SG,403.700,12.1,625,10,2.5,,
2026-10-05T23:57:47.993Z,X3842932,7579,44.23523,7.79138,27982.7,5.6,6.8,53.4,-54.6,1.2,-1.0,RS41-SG,403.700,10.3,625,10,2.6,,
2026-10-05T23:57:48.993Z,X3842932,7580,44.23526,7.79145,27988.6,6.2,7.7,57.5,-54.6,1.2,-1.0,RS41-SG,403.700,11.6,625,10,2.6,,
2026-10-05T23:57:49.993Z,X3842932,7581,44.23530,7.79154,27994.5,5.6,8.0,63.0,-54.6,1.2,-1.0,RS41-SG,403.700,11.6,625,10,2.5,,
2026-10-05T23:57:50.993Z,X3842932,7582,44.23533,7.79163,27999.8,5.0,8.0,66.1,-54.5,1.2,-1.0,RS41-SG,403.700,11.6,625,10,2.5,,
2026-10-05T23:57:51.993Z,X3842932,7583,44.23535,7.79171,28004.8,5.1,7.2,67.1,-54.5,1.2,-1.0,RS41-SG,403.700,12.4,625,10,2.5,,
2026-10-05T23:57:52.993Z,X3842932,7584,44.23538,7.79179,28010.3,6.1,5.7,63.2,-54.5,1.2,-1.0,RS41-SG,403.700,12.4,625,10,2.5,,
2026-10-05T23:57:53.993Z,X3842932,7585,44.23540,7.79184,28016.3,5.7,4.3,54.7,-54.4,1.2,-1.0,RS41-SG,403.700,11.6,625,10,2.6,,
2026-10-05T23:57:54.993Z,X3842932,7586,44.23542,7.79188,28021.3,4.5,3.5,46.7,-54.4,1.2,-1.0,RS41-SG,403.700,11.6,625,10,2.6,,
2026-10-05T23:57:55.993Z,X3842932,7587,44.23545,7.79191,28026.2,5.3,3.5,42.8,-54.4,1.2,-1.0,RS41-SG,403.700,11.2,625,10,2.5,,
2026-10-05T23:57:56.993Z,X3842932,7588,44.23547,7.79195,28032.0,6.4,4.0,54.9,-54.4,1.2,-1.0,RS41-SG,403.700,11.3,625,10,2.5,,
2026-10-05T23:57:57.993Z,X3842932,7589,44.23549,7.79199,28038.4,6.3,5.2,65.7,-54.4,1.2,-1.0,RS41-SG,403.700,11.3,625,10,2.5,,
2026-10-05T23:57:58.993Z,X3842932,7590,44.23551,7.79206,28044.0,4.9,6.2,71.6,-54.4,1.2,-1.0,RS41-SG,403.700,10.6,625,10,2.5,,
2026-10-05T23:57:59.993Z,X3842932,7591,44.23552,7.79214,28049.0,5.0,7.1,73.6,-54.4,1.2,-1.0,RS41-SG,403.700,8.2,625,10,2.6,,
2026-10-05T23:58:00.993Z,X3842932,7592,44.23554,7.79223,28054.7,6.1,7.3,70.0,-54.4,1.2,-1.0,RS41-SG,403.700,9.8,625,10,2.6,,
2026-10-05T23:58:01.993Z,X3842932,7593,44.23557,7.79231,28060.7,5.9,7.0,65.2,-54.4,1.2,-1.0,RS41-SG,403.700,10.5,625,10,2.5,,
2026-10-05T23:58:02.993Z,X3842932,7594,44.23559,7.79238,28066.3,5.3,6.7,62.8,-54.5,1.2,-1.0,RS41-SG,403.700,10.6,625,10,2.5,,
2026-10-05T23:58:03.993Z,X3842932,7595,44.23562,7.79246,28071.9,5.8,6.7,61.7,-54.5,1.2,-1.0,RS41-SG,403.700,11.0,625,10,2.5,,
2026-10-05T23:58:04.993Z,X3842932,7596,44.23565,7.79254,28078.1,6.6,7.1,64.6,-54.5,1.2,-1.0,RS41-SG,403.700,11.0,625,10,2.5,,
2026-10-05T23:58:05.993Z,X3842932,7597,44.23568,7.79262,28084.1,5.4,7.6,66.7,-54.5,1.2,-1.0,RS41-SG,403.700,11.6,625,10,2.6,,
2026-10-05T23:58:06.993Z,X3842932,7598,44.23571,7.79271,28089.0,4.4,7.8,65.7,-54.6,1.2,-1.0,RS41-SG,403.700,11.6,625,10,2.6,,
2026-10-05T23:58:07.993Z,X3842932,7599,44.23574,7.79279,28093.8,5.0,7.9,59.7,-54.6,1.2,-1.0,RS41-SG,403.700,11.2,625,10,2.5,,
2026-10-05T23:58:08.993Z,X3842932,7600,44.23578,7.79287,28099.3,5.9,7.8,50.2,-54.6,1.2,-1.0,RS41-SG,403.700,11.6,625,10,2.5,,
2026-10-05T23:58:09.993Z,X3842932,7601,44.23583,7.79294,28105.2,5.8,8.0,40.3,-54.7,1.2,-1.0,RS41-SG,403.700,11.7,625,10,2.5,,
2026-10-05T23:58:10.993Z,X3842932,7602,44.23589,7.79301,28110.8,5.4,8.3,35.0,-54.7,1.2,-1.0,RS41-SG,403.700,11.7,625,10,2.6,,
2026-10-05T23:58:11.993Z,X3842932,7603,44.23595,7.79307,28116.2,5.4,8.6,36.9,-54.8,1.2,-1.0,RS41-SG,403.700,11.3,625,10,2.6,,
2026-10-05T23:58:12.993Z,X3842932,7604,44.23601,7.79314,28121.9,6.0,8.5,45.2,-54.8,1.2,-1.0,RS41-SG,403.700,11.3,625,10,2.5,,
2026-10-05T23:58:13.993Z,X3842932,7605,44.23605,7.79322,28128.2,6.5,8.7,57.2,-54.8,1.2,-1.0,RS41-SG,403.700,11.7,625,10,2.5,,
2026-10-05T23:58:14.993Z,X3842932,7606,44.23609,7.79332,28133.7,4.5,8.9,67.2,-54.8,1.2,-1.0,RS41-SG,403.700,11.7,625,10,2.5,,
2026-10-05T23:58:15.993Z,X3842932,7607,44.23612,7.79342,28138.2,4.5,9.3,74.1,-54.9,1.2,-1.0,RS41-SG,403.700,11.5,625,10,2.5,,
2026-10-05T23:58:16.993Z,X3842932,7608,44.23614,7.79353,28143.6,6.2,9.2,75.2,-54.9,1.2,-1.0,RS41-SG,403.700,12.1,625,10,2.6,,
2026-10-05T23:58:17.993Z,X3842932,7609,44.23616,7.79364,28149.6,5.6,8.9,71.3,-54.9,1.2,-1.0,RS41-SG,403.700,12.1,625,10,2.6,,
2026-10-05T23:58:18.993Z,X3842932,7610,44.23619,7.79374,28154.8,4.8,8.6,66.7,-55.0,1.3,-1.0,RS41-SG,403.700,11.8,625,10,2.5,,
2026-10-05T23:58:19.993Z,X3842932,7611,44.23622,7.79384,28160.0,5.7,8.5,64.8,-55.0,1.2,-1.0,RS41-SG,403.700,11.8,625,10,2.5,,
2026-10-05T23:58:20.993Z,X3842932,7612,44.23626,7.79394,28166.0,6.2,8.6,65.2,-55.0,1.3,-1.0,RS41-SG,403.700,11.8,625,10,2.5,,
2026-10-05T23:58:21.993Z,X3842932,7613,44.23629,7.79404,28172.0,5.7,8.8,65.8,-55.1,1.3,-1.0,RS41-SG,403.700,11.6,625,10,2.5,,
2026-10-05T23:58:22.993Z,X3842932,7614,44.23632,7.79414,28177.5,5.4,8.9,63.4,-55.1,1.3,-1.0,RS41-SG,403.700,11.6,625,10,2.6,,
2026-10-05T23:58:23.993Z,X3842932,7615,44.23636,7.79423,28183.1,5.6,8.9,57.0,-55.1,1.3,-1.0,RS41-SG,403.700,12.3,625,10,2.6,,
2026-10-05T23:58:24.993Z,X3842932,7616,44.23641,7.79432,28189.0,6.1,8.9,49.6,-55.1,1.3,-1.0,RS41-SG,403.700,12.3,625,10,2.5,,
2026-10-05T23:58:25.993Z,X3842932,7617,44.23646,7.79440,28194.5,4.9,8.7,45.3,-55.0,1.2,-1.0,RS41-SG,403.700,11.8,625,10,2.5,,
2026-10-05T23:58:26.993Z,X3842932,7618,44.23652,7.79448,28199.5,5.0,8.4,44.9,-54.9,1.2,-1.0,RS41-SG,403.700,10.6,625,10,2.5,,
2026-10-05T23:58:27.993Z,X3842932,7619,44.23656,7.79455,28205.0,6.1,7.8,53.5,-54.8,1.2,-1.0,RS41-SG,403.700,11.1,625,10,2.5,,
2026-10-05T23:58:28.993Z,X3842932,7620,44.23660,7.79464,28211.5,6.7,7.7,67.6,-54.7,1.2,-1.0,RS41-SG,403.700,11.1,625,10,2.6,,
2026-10-05T23:58:29.993Z,X3842932,7621,44.23662,7.79473,28217.2,4.7,8.1,79.6,-54.7,1.2,-1.0,RS41-SG,403.700,11.0,625,10,2.6,,
2026-10-05T23:58:30.993Z,X3842932,7622,44.23662,7.79483,28221.7,4.3,8.6,88.4,-54.7,1.2,-1.0,RS41-SG,403.700,11.3,625,10,2.5,,
2026-10-05T23:58:31.993Z,X3842932,7623,44.23663,7.79494,28226.7,5.9,8.6,91.2,-54.8,1.2,-1.0,RS41-SG,403.700,12.3,625,10,2.5,,
2026-10-05T23:58:32.993Z,X3842932,7624,44.23663,7.79505,28232.8,6.3,8.1,87.3,-54.8,1.2,-1.0,RS41-SG,403.700,12.3,625,10,2.5,,
2026-10-05T23:58:33.993Z,X3842932,7625,44.23663,7.79514,28238.1,4.6,7.7,81.7,-54.8,1.2,-1.0,RS41-SG,403.700,10.6,625,10,2.6,,
2026-10-05T23:58:34.993Z,X3842932,7626,44.23664,7.79524,28242.9,5.0,7.3,77.2,-54.9,1.2,-1.0,RS41-SG,403.700,11.4,625,10,2.6,,
2026-10-05T23:58:35.993Z,X3842932,7627,44.23666,7.79532,28248.3,5.6,7.1,76.2,-54.9,1.2,-1.0,RS41-SG,403.700,11.4,625,10,2.5,,
2026-10-05T23:58:36.993Z,X3842932,7628,44.23667,7.79541,28254.2,6.4,7.1,77.7,-55.0,1.2,-1.0,RS41-SG,403.700,11.4,625,10,2.5,,
2026-10-05T23:58:37.993Z,X3842932,7629,44.23669,7.79550,28260.0,5.2,7.2,80.5,-55.0,1.2,-1.0,RS41-SG,403.700,11.4,625,10,2.5,,
2026-10-05T23:58:38.993Z,X3842932,7630,44.23670,7.79559,28264.9,4.6,7.2,79.6,-55.0,1.2,-1.0,RS41-SG,403.700,11.4,625,10,2.5,,
2026-10-05T23:58:39.993Z,X3842932,7631,44.23671,7.79567,28269.7,4.9,7.2,76.8,-55.0,1.2,-1.0,RS41-SG,403.700,11.4,625,10,2.6,,
2026-10-05T23:58:40.993Z,X3842932,7632,44.23673,7.79576,28275.0,5.7,7.3,70.3,-55.0,1.2,-1.0,RS41-SG,403.700,11.5,625,10,2.6,,
2026-10-05T23:58:41.993Z,X3842932,7633,44.23675,7.79585,28280.9,6.1,7.4,66.5,-55.0,1.2,-1.0,RS41-SG,403.700,11.5,625,10,2.5,,
2026-10-05T23:58:42.993Z,X3842932,7634,44.23678,7.79593,28286.6,5.2,7.4,66.4,-55.0,1.2,-1.0,RS41-SG,403.700,10.8,625,10,2.5,,
2026-10-05T23:58:43.993Z,X3842932,7635,44.23680,7.79602,28292.0,5.3,7.6,73.4,-55.0,1.2,-1.0,RS41-SG,403.700,11.2,625,10,2.5,,
2026-10-05T23:58:44.993Z,X3842932,7636,44.23681,7.79611,28297.7,6.1,8.2,86.7,-55.0,1.2,-1.0,RS41-SG,403.700,11.2,625,10,2.5,,
2026-10-05T23:58:45.993Z,X3842932,7637,44.23681,7.79622,28303.9,6.2,9.3,102.0,-55.0,1.2,-1.0,RS41-SG,403.700,11.2,625,10,2.6,,
2026-10-05T23:58:46.993Z,X3842932,7638,44.23678,7.79634,28309.5,4.8,10.3,110.9,-55.0,1.2,-1.0,RS41-SG,403.700,11.0,625,10,2.6,,
2026-10-05T23:58:47.993Z,X3842932,7639,44.23674,7.79646,28314.0,4.2,10.8,118.0,-55.0,1.2,-1.0,RS41-SG,403.700,11.0,625,10,2.5,,
2026-10-05T23:58:48.993Z,X3842932,7640,44.23669,7.79657,28318.8,5.3,10.3,122.3,-55.0,1.2,-1.0,RS41-SG,403.700,11.4,625,10,2.5,,
2026-10-05T23:58:49.993Z,X3842932,7641,44.23665,7.79667,28324.6,6.1,9.0,123.3,-54.9,1.2,-1.0,RS41-SG,403.700,11.4,625,10,2.5,,
2026-10-05T23:58:50.993Z,X3842932,7642,44.23661,7.79676,28330.5,5.6,7.3,121.8,-54.9,1.2,-1.0,RS41-SG,403.700,11.2,625,10,2.5,,
2026-10-05T23:58:51.993Z,X3842932,7643,44.23658,7.79683,28335.5,4.3,5.9,119.2,-54.9,1.2,-1.0,RS41-SG,403.700,11.4,625,10,2.6,,
2026-10-05T23:58:52.993Z,X3842932,7644,44.23655,7.79689,28339.9,4.5,4.9,119.4,-54.9,1.2,-1.0,RS41-SG,403.700,11.4,625,10,2.6,,
2026-10-05T23:58:53.993Z,X3842932,7645,44.23653,7.79694,28344.9,5.5,4.8,122.9,-54.9,1.2,-1.0,RS41-SG,403.700,11.6,625,10,2.5,,
2026-10-05T23:58:54.993Z,X3842932,7646,44.23651,7.79699,28350.8,6.4,5.7,126.5,-54.8,1.2,-1.0,RS41-SG,403.700,12.3,625,10,2.5,,
2026-10-05T23:58:55.993Z,X3842932,7647,44.23647,7.79705,28357.3,6.4,7.3,128.8,-54.8,1.2,-1.0,RS41-SG,403.700,12.3,625,10,2.5,,
2026-10-05T23:58:56.993Z,X3842932,7648,44.23642,7.79713,28363.2,5.4,8.8,128.3,-54.7,1.2,-1.0,RS41-SG,403.700,11.8,625,10,2.5,,
2026-10-05T23:58:57.993Z,X3842932,7649,44.23637,7.79723,28368.3,4.8,9.9,125.5,-54.7,1.2,-1.0,RS41-SG,403.700,11.8,625,10,2.6,,
2026-10-05T23:58:58.993Z,X3842932,7650,44.23632,7.79734,28373.4,5.4,10.8,120.3,-54.7,1.2,-1.0,RS41-SG,403.700,11.4,625,10,2.6,,
2026-10-05T23:58:59.993Z,X3842932,7651,44.23628,7.79746,28379.2,6.1,11.1,114.0,-54.7,1.2,-1.0,RS41-SG,403.700,12.0,625,10,2.5,,
2026-10-05T23:59:00.993Z,X3842932,7652,44.23624,7.79759,28385.4,6.3,11.1,109.3,-54.6,1.2,-1.0,RS41-SG,403.700,12.0,625,10,2.5,,
2026-10-05T23:59:01.993Z,X3842932,7653,44.23621,7.79772,28391.2,5.2,10.8,107.9,-54.6,1.2,-1.0,RS41-SG,403.700,9.5,625,10,2.5,,
2026-10-05T23:59:02.993Z,X3842932,7654,44.23618,7.79784,28396.5,5.4,10.4,111.9,-54.6,1.2,-1.0,RS41-SG,403.700,9.7,625,10,2.6,,
2026-10-05T23:59:03.993Z,X3842932,7655,44.23614,7.79796,28402.2,6.0,10.6,121.6,-54.5,1.2,-1.0,RS41-SG,403.700,13.3,625,10,2.6,,
2026-10-05T23:59:04.993Z,X3842932,7656,44.23608,7.79806,28408.3,6.4,11.3,133.7,-54.5,1.1,-1.0,RS41-SG,403.700,13.4,625,10,2.5,,
2026-10-05T23:59:05.993Z,X3842932,7657,44.23600,7.79816,28414.4,5.6,12.4,143.9,-54.5,1.2,-1.0,RS41-SG,403.700,13.4,625,10,2.5,,
2026-10-05T23:59:06.993Z,X3842932,7658,44.23590,7.79825,28419.4,4.5,13.1,151.2,-54.5,1.2,-1.0,RS41-SG,403.700,13.4,625,10,2.5,,
2026-10-05T23:59:07.993Z,X3842932,7659,44.23580,7.79832,28423.8,4.3,13.1,157.1,-54.5,1.2,-1.0,RS41-SG,403.700,13.4,625,10,2.5,,
2026-10-05T23:59:08.993Z,X3842932,7660,44.23569,7.79837,28428.6,5.4,12.0,161.0,-54.4,1.2,-1.0,RS41-SG,403.700,12.3,625,10,2.6,,
2026-10-05T23:59:09.993Z,X3842932,7661,44.23560,7.79842,28434.4,6.3,10.1,161.9,-54.4,1.2,-1.0,RS41-SG,403.700,12.2,625,10,2.6,,
2026-10-05T23:59:10.993Z,X3842932,7662,44.23552,7.79846,28440.0,4.9,8.6,159.0,-54.3,1.2,-1.0,RS41-SG,403.700,12.1,625,10,2.5,,
2026-10-05T23:59:11.993Z,X3842932,7663,44.23545,7.79850,28444.9,4.8,7.8,151.3,-54.3,1.1,-1.0,RS41-SG,403.700,12.2,625,10,2.5,,
2026-10-05T23:59:12.993Z,X3842932,7664,44.23539,7.79855,28450.1,5.6,8.4,141.6,-54.3,1.1,-1.0,RS41-SG,403.700,13.0,625,10,2.5,,
2026-10-05T23:59:13.993Z,X3842932,7665,44.23533,7.79863,28456.2,6.6,10.3,135.6,-54.2,1.2,-1.0,RS41-SG,403.700,13.0,625,10,2.5,,
2026-10-05T23:59:14.993Z,X3842932,7666,44.23526,7.79873,28462.2,5.3,12.2,134.2,-54.2,1.1,-1.0,RS41-SG,403.700,13.4,625,10,2.6,,
2026-10-05T23:59:15.993Z,X3842932,7667,44.23518,7.79885,28466.9,4.3,13.8,134.9,-54.2,1.1,-1.0,RS41-SG,403.700,13.4,625,10,2.6,,
2026-10-05T23:59:16.993Z,X3842932,7668,44.23508,7.79897,28471.4,4.9,14.9,136.8,-54.2,1.1,-1.0,RS41-SG,403.700,12.7,625,10,2.5,,
2026-10-05T23:59:17.993Z,X3842932,7669,44.23498,7.79909,28477.0,6.5,14.6,139.6,-54.1,1.2,-1.0,RS41-SG,403.700,13.9,625,10,2.5,,
2026-10-05T23:59:18.993Z,X3842932,7670,44.23488,7.79920,28483.1,5.8,13.9,143.0,-54.1,1.1,-1.0,RS41-SG,403.700,14.0,625,10,2.5,,
2026-10-05T23:59:19.993Z,X3842932,7671,44.23478,7.79930,28488.9,5.8,13.0,149.3,-54.0,1.1,-1.0,RS41-SG,403.700,14.0,625,10,2.5,,
2026-10-05T23:59:20.993Z,X3842932,7672,44.23468,7.79937,28494.7,5.8,12.9,157.0,-54.0,1.1,-1.0,RS41-SG,403.700,9.4,625,10,2.6,,
2026-10-05T23:59:21.993Z,X3842932,7673,44.23457,7.79943,28500.3,5.7,13.2,163.1,-53.9,1.1,-1.0,RS41-SG,403.700,10.9,625,10,2.6,,
2026-10-05T23:59:22.993Z,X3842932,7674,44.23446,7.79947,28505.6,5.0,13.6,166.7,-53.8,1.1,-1.0,RS41-SG,403.700,12.9,625,10,2.5,,
2026-10-05T23:59:23.993Z,X3842932,7675,44.23434,7.79951,28510.3,4.3,13.5,169.0,-53.8,1.1,-1.0,RS41-SG,403.700,12.9,625,10,2.5,,
2026-10-05T23:59:24.993Z,X3842932,7676,44.23422,7.79953,28514.9,5.1,12.8,170.4,-53.8,1.1,-1.0,RS41-SG,403.700,12.0,625,10,2.5,,
2026-10-05T23:59:25.993Z,X3842932,7677,44.23411,7.79956,28520.6,6.2,11.5,169.4,-53.8,1.1,-1.0,RS41-SG,403.700,11.5,625,10,2.6,,
2026-10-05T23:59:26.993Z,X3842932,7678,44.23402,7.79959,28526.5,5.6,10.4,165.9,-53.8,1.1,-1.0,RS41-SG,403.700,10.9,625,10,2.6,,
2026-10-05T23:59:27.993Z,X3842932,7679,44.23393,7.79963,28531.9,5.3,10.1,159.0,-53.8,1.1,-1.0,RS41-SG,403.700,11.3,625,10,2.5,,
2026-10-05T23:59:28.993Z,X3842932,7680,44.23385,7.79968,28537.5,5.9,10.8,152.4,-53.8,1.1,-1.0,RS41-SG,403.700,11.5,625,10,2.5,,
2026-10-05T23:59:29.993Z,X3842932,7681,44.23376,7.79976,28543.7,6.5,12.7,148.4,-53.8,1.1,-1.0,RS41-SG,403.700,11.5,625,10,2.5,,
2026-10-05T23:59:30.993Z,X3842932,7682,44.23365,7.79984,28549.7,5.4,14.5,148.1,-53.8,1.1,-1.0,RS41-SG,403.700,13.9,625,10,2.5,,
2026-10-05T23:59:31.993Z,X3842932,7683,44.23354,7.79994,28554.4,4.0,15.6,149.9,-53.8,1.2,-1.0,RS41-SG,403.700,13.9,625,10,2.6,,
2026-10-05T23:59:32.993Z,X3842932,7684,44.23341,7.80004,28559.2,5.4,15.8,152.4,-53.8,1.1,-1.0,RS41-SG,403.700,13.0,625,10,2.6,,
2026-10-05T23:59:33.993Z,X3842932,7685,44.23329,7.80012,28565.2,6.7,14.8,156.4,-53.8,1.1,-1.0,RS41-SG,403.700,12.4,625,10,2.5,,
2026-10-05T23:59:34.993Z,X3842932,7686,44.23317,7.80018,28571.7,6.3,13.3,160.8,-53.8,1.1,-1.0,RS41-SG,403.700,13.1,625,10,2.5,,
2026-10-05T23:59:35.993Z,X3842932,7687,44.23307,7.80023,28577.0,4.5,11.9,165.4,-53.8,1.2,-1.0,RS41-SG,403.700,13.1,625,10,2.5,,
2026-10-05T23:59:36.993Z,X3842932,7688,44.23297,7.80026,28581.6,4.6,10.9,170.4,-53.7,1.1,-1.0,RS41-SG,403.700,12.5,625,10,2.5,,
2026-10-05T23:59:37.993Z,X3842932,7689,44.23287,7.80028,28586.6,5.6,10.4,173.0,-53.6,1.1,-1.0,RS41-SG,403.700,11.8,625,10,2.6,,
2026-10-05T23:59:38.993Z,X3842932,7690,44.23278,7.80030,28592.1,5.4,10.3,170.6,-53.6,1.1,-1.0,RS41-SG,403.700,11.6,625,10,2.6,,
2026-10-05T23:59:39.993Z,X3842932,7691,44.23269,7.80033,28597.2,4.8,10.1,164.8,-53.5,1.1,-1.0,RS41-SG,403.700,10.9,625,10,2.5,,
2026-10-05T23:59:40.993Z,X3842932,7692,44.23261,7.80037,28602.2,5.1,9.6,155.5,-53.5,1.1,-1.0,RS41-SG,403.700,10.9,625,10,2.5,,
2026-10-05T23:59:41.993Z,X3842932,7693,44.23254,7.80043,28607.6,5.6,9.1,143.6,-53.4,1.1,-1.0,RS41-SG,403.700,10.9,625,10,2.5,,
2026-10-05T23:59:42.993Z,X3842932,7694,44.23248,7.80050,28613.3,5.7,8.8,134.6,-53.3,1.1,-1.0,RS41-SG,403.700,11.5,625,10,2.5,,
2026-10-05T23:59:43.993Z,X3842932,7695,44.23242,7.80058,28618.7,5.0,8.6,132.0,-53.3,1.1,-1.0,RS41-SG,403.700,12.3,625,10,2.6,,
2026-10-05T23:59:44.993Z,X3842932,7696,44.23237,7.80066,28624.0,5.5,8.9,135.5,-53.2,1.1,-1.0,RS41-SG,403.700,12.6,625,10,2.6,,
2026-10-05T23:59:45.993Z,X3842932,7697,44.23230,7.80073,28630.0,6.4,9.7,144.7,-53.2,1.1,-1.0,RS41-SG,403.700,12.6,625,10,2.5,,
2026-10-05T23:59:46.993Z,X3842932,7698,44.23223,7.80079,28636.4,6.0,10.7,153.8,-53.2,1.1,-1.0,RS41-SG,403.700,12.6,625,10,2.5,,
2026-10-05T23:59:47.993Z,X3842932,7699,44.23214,7.80085,28641.8,4.6,11.4,160.7,-53.2,1.1,-1.0,RS41-SG,403.700,12.0,625,10,2.5,,
2026-10-05T23:59:48.993Z,X3842932,7700,44.23204,7.80089,28646.7,5.0,11.6,166.9,-53.2,1.1,-1.0,RS41-SG,403.700,11.7,625,10,2.6,,
2026-10-05T23:59:49.993Z,X3842932,7701,44.23194,7.80092,28652.2,6.1,10.6,169.9,-53.2,1.1,-1.0,RS41-SG,403.700,10.8,625,10,2.6,,
2026-10-05T23:59:50.993Z,X3842932,7702,44.23185,7.80094,28658.5,6.6,8.8,171.7,-53.2,1.1,-1.0,RS41-SG,403.700,10.6,625,10,2.5,,
2026-10-05T23:59:51.993Z,X3842932,7703,44.23178,7.80095,28664.4,5.1,7.2,170.3,-53.1,1.1,-1.0,RS41-SG,403.700,11.5,625,10,2.5,,
2026-10-05T23:59:52.993Z,X3842932,7704,44.23172,7.80097,28669.4,4.8,6.0,163.9,-53.1,1.1,-1.0,RS41-SG,403.700,11.5,625,10,2.5,,
2026-10-05T23:59:53.993Z,X3842932,7705,44.23167,7.80099,28674.5,5.4,5.7,157.3,-53.1,1.1,-1.0,RS41-SG,403.700,10.1,625,10,2.5,,
2026-10-05T23:59:54.993Z,X3842932,7706,44.23163,7.80103,28680.5,6.5,6.3,151.9,-53.1,1.1,-1.0,RS41-SG,403.700,10.7,625,10,2.6,,
2026-10-05T23:59:55.993Z,X3842932,7707,44.23157,7.80107,28686.5,5.6,7.2,151.5,-53.1,1.1,-1.0,RS41-SG,403.700,11.1,625,10,2.6,,
2026-10-05T23:59:56.993Z,X3842932,7708,44.23151,7.80111,28691.5,4.5,7.9,152.0,-53.1,1.1,-1.0,RS41-SG,403.700,11.8,625,10,2.5,,
2026-10-05T23:59:57.993Z,X3842932,7709,44.23145,7.80116,28696.4,5.4,8.1,153.1,-53.1,1.1,-1.0,RS41-SG,403.700,11.8,625,10,2.5,,
2026-10-05T23:59:58.993Z,X3842932,7710,44.23139,7.80120,28702.3,6.3,7.8,154.3,-53.1,1.1,-1.0,RS41-SG,403.700,11.6,625,10,2.5,,
2026-10-05T23:59:59.993Z,X3842932,7711,44.23132,7.80124,28708.1,5.4,7.4,155.3,-53.1,1.1,-1.0,RS41-SG,403.700,12.4,625,10,2.5,,
2026-10-06T00:00:00.993Z,X3842932,7712,44.23126,7.80128,28713.6,5.4,7.3,158.8,-53.0,1.1,-1.0,RS41-SG,403.700,12.4,625,10,2.6,,
2026-10-06T00:00:01.993Z,X3842932,7713,44.23120,7.80131,28719.3,6.0,7.8,164.5,-53.0,1.1,-1.0,RS41-SG,403.700,11.9,625,10,2.6,,
2026-10-06T00:00:02.993Z,X3842932,7714,44.23113,7.80133,28725.4,6.3,8.7,168.8,-53.0,1.1,-1.0,RS41-SG,403.700,11.8,625,10,2.5,,
2026-10-06T00:00:03.993Z,X3842932,7715,44.23105,7.80135,28731.0,5.0,9.5,170.5,-52.9,1.1,-1.0,RS41-SG,403.700,11.3,625,10,2.5,,
2026-10-06T00:00:04.993Z,X3842932,7716,44.23096,7.80137,28735.9,4.9,9.7,169.1,-52.9,1.1,-1.0,RS41-SG,403.700,11.2,625,10,2.5,,
2026-10-06T00:00:05.993Z,X3842932,7717,44.23088,7.80140,28741.2,5.8,9.1,164.7,-52.9,1.1,-1.0,RS41-SG,403.700,11.3,625,10,2.5,,
2026-10-06T00:00:06.993Z,X3842932,7718,44.23081,7.80144,28747.3,6.3,8.0,156.0,-52.9,1.1,-1.0,RS41-SG,403.700,11.9,625,10,2.6,,
2026-10-06T00:00:07.993Z,X3842932,7719,44.23075,7.80148,28753.0,5.1,7.1,148.2,-52.9,1.1,-1.0,RS41-SG,403.700,11.9,625,10,2.6,,
2026-10-06T00:00:08.993Z,X3842932,7720,44.23070,7.80153,28758.2,5.2,6.7,142.9,-52.9,1.1,-1.0,RS41-SG,403.700,11.7,625,10,2.5,,
2026-10-06T00:00:09.993Z,X3842932,7721,44.23065,7.80158,28763.7,5.9,6.7,143.2,-52.9,1.1,-1.0,RS41-SG,403.700,11.3,625,10,2.5,,
2026-10-06T00:00:10.993Z,X3842932,7722,44.23060,7.80162,28769.9,6.6,7.1,151.7,-52.9,1.1,-1.0,RS41-SG,403.700,11.3,625,10,2.5,,
2026-10-06T00:00:11.993Z,X3842932,7723,44.23054,7.80166,28775.9,5.2,7.5,159.8,-52.9,1.1,-1.0,RS41-SG,403.700,10.6,625,10,2.6,,
2026-10-06T00:00:12.993Z,X3842932,7724,44.23047,7.80169,28780.9,4.8,8.0,166.4,-52.9,1.1,-1.0,RS41-SG,403.700,11.0,625,10,2.6,,
2026-10-06T00:00:13.993Z,X3842932,7725,44.23040,7.80171,28786.1,5.7,8.0,171.3,-52.8,1.1,-1.0,RS41-SG,403.700,11.0,625,10,2.5,,
2026-10-06T00:00:14.993Z,X3842932,7726,44.23033,7.80172,28792.4,6.6,7.3,173.2,-52.8,1.1,-1.0,RS41-SG,403.700,11.5,625,10,2.5,,
2026-10-06T00:00:15.993Z,X3842932,7727,44.23027,7.80173,28798.2,5.1,6.8,172.7,-52.8,1.1,-1.0,RS41-SG,403.700,11.5,625,10,2.5,,
2026-10-06T00:00:16.993Z,X3842932,7728,44.23021,7.80174,28803.5,5.3,6.8,173.7,-52.8,1.1,-1.0,RS41-SG,403.700,10.4,625,10,2.5,,
2026-10-06T00:00:17.993Z,X3842932,7729,44.23015,7.80175,28809.1,5.8,7.2,174.3,-52.7,1.1,-1.0,RS41-SG,403.700,9.6,625,10,2.6,,
2026-10-06T00:00:18.993Z,X3842932,7730,44.23008,7.80176,28815.2,6.3,8.0,174.3,-52.8,1.1,-1.0,RS41-SG,403.700,8.4,625,10,2.6,,
2026-10-06T00:00:19.993Z,X3842932,7731,44.23001,7.80177,28820.9,5.0,8.6,172.5,-52.8,1.1,-1.0,RS41-SG,403.700,9.1,625,10,2.5,,
2026-10-06T00:00:20.993Z,X3842932,7732,44.22993,7.80179,28825.9,5.0,8.6,168.4,-52.8,1.1,-1.0,RS41-SG,403.700,9.1,625,10,2.5,,
2026-10-06T00:00:21.993Z,X3842932,7733,44.22986,7.80182,28831.2,5.6,7.8,161.6,-52.8,1.1,-1.0,RS41-SG,403.700,8.4,625,10,2.5,,
2026-10-06T00:00:22.993Z,X3842932,7734,44.22980,7.80185,28836.9,5.9,6.7,152.9,-52.8,1.1,-1.0,RS41-SG,403.700,9.7,625,10,2.5,,
2026-10-06T00:00:23.993Z,X3842932,7735,44.22975,7.80189,28842.7,5.6,5.6,144.8,-52.8,1.1,-1.0,RS41-SG,403.700,9.7,625,10,2.6,,
2026-10-06T00:00:24.993Z,X3842932,7736,44.22972,7.80193,28848.0,4.9,4.7,141.8,-52.8,1.1,-1.0,RS41-SG,403.700,9.8,625,10,2.6,,
2026-10-06T00:00:25.993Z,X3842932,7737,44.22968,7.80196,28852.9,4.9,4.3,149.9,-52.8,1.1,-1.0,RS41-SG,403.700,9.8,625,10,2.5,,
2026-10-06T00:00:26.993Z,X3842932,7738,44.22964,7.80198,28858.0,5.3,4.8,165.9,-52.9,1.1,-1.0,RS41-SG,403.700,8.7,625,10,2.5,,
2026-10-06T00:00:27.993Z,X3842932,7739,44.22959,7.80199,28863.7,6.1,6.6,179.5,-52.9,1.1,-1.0,RS41-SG,403.700,8.7,625,10,2.5,,
2026-10-06T00:00:28.993Z,X3842932,7740,44.22953,7.80199,28869.6,5.7,8.5,183.3,-52.9,1.1,-1.0,RS41-SG,403.700,10.6,625,10,2.5,,
2026-10-06T00:00:29.993Z,X3842932,7741,44.22945,7.80198,28874.9,4.7,9.8,182.8,-52.9,1.1,-1.0,RS41-SG,403.700,10.6,625,10,2.6,,
2026-10-06T00:00:30.993Z,X3842932,7742,44.22935,7.80198,28879.6,5.0,10.4,178.4,-52.9,1.1,-1.0,RS41-SG,403.700,10.5,625,10,2.6,,
2026-10-06T00:00:31.993Z,X3842932,7743,44.22926,7.80199,28885.2,6.0,9.8,171.0,-52.8,1.1,-1.0,RS41-SG,403.700,10.5,625,10,2.5,,
2026-10-06T00:00:32.993Z,X3842932,7744,44.22919,7.80202,28891.3,6.2,8.7,159.2,-52.8,1.1,-1.0,RS41-SG,403.700,10.5,625,10,2.5,,
2026-10-06T00:00:33.993Z,X3842932,7745,44.22912,7.80207,28897.3,5.7,7.7,144.8,-52.7,1.1,-1.0,RS41-SG,403.700,10.5,625,10,2.5,,
2026-10-06T00:00:34.993Z,X3842932,7746,44.22907,7.80213,28902.4,4.5,7.3,132.8,-52.6,1.1,-1.0,RS41-SG,403.700,10.3,625,10,2.6,,
2026-10-06T00:00:35.993Z,X3842932,7747,44.22903,7.80220,28906.8,4.6,7.1,126.4,-52.6,1.1,-1.0,RS41-SG,403.700,10.6,625,10,2.6,,
2026-10-06T00:00:36.993Z,X3842932,7748,44.22899,7.80227,28912.1,6.0,6.7,129.7,-52.6,1.1,-1.0,RS41-SG,403.700,10.6,625,10,2.5,,
2026-10-06T00:00:37.993Z,X3842932,7749,44.22895,7.80232,28918.6,7.0,6.6,143.4,-52.6,1.1,-1.0,RS41-SG,403.700,11.1,625,10,2.5,,
2026-10-06T00:00:38.993Z,X3842932,7750,44.22890,7.80237,28924.6,5.0,6.8,156.3,-52.5,1.1,-1.0,RS41-SG,403.700,11.1,625,10,2.5,,
2026-10-06T00:00:39.993Z,X3842932,7751,44.22884,7.80239,28929.2,4.1,7.3,168.5,-52.5,1.1,-1.0,RS41-SG,403.700,11.2,625,10,2.5,,
2026-10-06T00:00:40.993Z,X3842932,7752,44.22877,7.80240,28933.9,5.3,7.7,176.9,-52.5,1.1,-1.0,RS41-SG,403.700,11.2,625,10,2.6,,
2026-10-06T00:00:41.993Z,X3842932,7753,44.22870,7.80241,28939.6,6.1,7.4,180.3,-52.5,1.1,-1.0,RS41-SG,403.700,11.0,625,10,2.6,,
2026-10-06T00:00:42.993Z,X3842932,7754,44.22864,7.80240,28945.4,5.5,6.9,181.1,-52.5,1.1,-1.0,RS41-SG,403.700,11.1,625,10,2.5,,
2026-10-06T00:00:43.993Z,X3842932,7755,44.22858,7.80240,28950.9,5.5,6.5,182.1,-52.5,1.1,-1.0,RS41-SG,403.700,11.4,625,10,2.5,,
2026-10-06T00:00:44.993Z,X3842932,7756,44.22852,7.80240,28956.6,5.8,6.4,182.9,-52.5,1.1,-1.0,RS41-SG,403.700,11.4,625,10,2.5,,
2026-10-06T00:00:45.993Z,X3842932,7757,44.22846,7.80239,28962.7,6.4,6.5,182.8,-52.4,1.0,-1.0,RS41-SG,403.700,10.9,625,10,2.5,,
2026-10-06T00:00:46.993Z,X3842932,7758,44.22840,7.80239,28968.4,5.2,6.5,179.5,-52.4,1.1,-1.0,RS41-SG,403.700,10.6,625,10,2.6,,
2026-10-06T00:00:47.993Z,X3842932,7759,44.22835,7.80240,28973.7,5.4,6.2,169.7,-52.4,1.1,-1.0,RS41-SG,403.700,10.0,625,10,2.6,,
2026-10-06T00:00:48.993Z,X3842932,7760,44.22829,7.80242,28979.2,5.5,6.0,155.1,-52.4,1.1,-1.0,RS41-SG,403.700,10.5,625,10,2.5,,
2026-10-06T00:00:49.993Z,X3842932,7761,44.22825,7.80246,28984.8,5.8,6.1,138.3,-52.3,1.1,-1.0,RS41-SG,403.700,10.5,625,10,2.5,,
2026-10-06T00:00:50.993Z,X3842932,7762,44.22821,7.80252,28990.5,5.5,6.5,127.5,-52.3,1.1,-1.0,RS41-SG,403.700,10.8,625,10,2.5,,
2026-10-06T00:00:51.993Z,X3842932,7763,44.22818,7.80259,28995.6,4.8,6.5,124.9,-52.2,1.1,-1.0,RS41-SG,403.700,11.3,625,10,2.5,,
2026-10-06T00:00:52.993Z,X3842932,7764,44.22814,7.80265,29000.8,5.4,6.0,135.7,-52.2,1.1,-1.0,RS41-SG,403.700,11.3,625,10,2.6,,
2026-10-06T00:00:53.993Z,X3842932,7765,44.22810,7.80268,29006.7,6.4,5.8,158.3,-52.2,1.0,-1.0,RS41-SG,403.700,11.0,625,10,2.6,,
2026-10-06T00:00:54.993Z,X3842932,7766,44.22804,7.80270,29013.0,6.2,6.9,182.8,-52.2,1.1,-1.0,RS41-SG,403.700,11.0,625,10,2.5,,
2026-10-06T00:00:55.993Z,X3842932,7767,44.22797,7.80268,29018.0,4.0,8.3,194.3,-52.2,1.1,-1.0,RS41-SG,403.700,9.6,625,9,2.5,,
2026-10-06T00:00:56.993Z,X3842932,7768,44.22790,7.80265,29022.1,4.1,9.6,199.7,-52.2,1.1,-1.0,RS41-SG,403.700,9.0,625,10,2.5,,
2026-10-06T00:00:57.993Z,X3842932,7769,44.22782,7.80261,29027.2,6.0,9.9,197.6,-52.1,1.0,-1.0,RS41-SG,403.700,9.8,625,10,2.6,,
2026-10-06T00:00:58.993Z,X3842932,7770,44.22773,7.80258,29033.7,7.0,9.1,189.7,-52.1,1.1,-1.0,RS41-SG,403.700,10.0,625,10,2.6,,
2026-10-06T00:00:59.993Z,X3842932,7771,44.22766,7.80257,29039.8,5.2,8.3,179.7,-52.2,1.1,-1.0,RS41-SG,403.700,10.0,625,10,2.5,,
2026-10-06T00:01:00.993Z,X3842932,7772,44.22759,7.80258,29044.7,4.5,7.4,168.1,-52.2,1.1,-1.0,RS41-SG,403.700,10.5,625,10,2.5,,
2026-10-06T00:01:01.993Z,X3842932,7773,44.22753,7.80261,29049.4,4.9,6.7,157.3,-52.2,1.0,-1.0,RS41-SG,403.700,10.5,625,10,2.5,,
2026-10-06T00:01:02.993Z,X3842932,7774,44.22748,7.80264,29055.0,6.2,5.8,152.3,-52.1,1.1,-1.0,RS41-SG,403.700,10.8,625,10,2.5,,
2026-10-06T00:01:03.993Z,X3842932,7775,44.22743,7.80267,29061.1,6.0,4.8,152.4,-52.1,1.1,-1.0,RS41-SG,403.700,10.9,625,10,2.6,,
2026-10-06T00:01:04.993Z,X3842932,7776,44.22740,7.80269,29066.5,5.0,4.1,155.0,-52.1,1.1,-1.0,RS41-SG,403.700,11.0,625,10,2.6,,
2026-10-06T00:01:05.993Z,X3842932,7777,44.22737,7.80271,29071.6,5.2,3.4,156.1,-52.0,1.0,-1.0,RS41-SG,403.700,11.0,625,10,2.5,,
2026-10-06T00:01:06.993Z,X3842932,7778,44.22734,7.80273,29077.2,6.1,3.1,153.3,-52.0,1.1,-1.0,RS41-SG,403.700,10.9,625,10,2.5,,
2026-10-06T00:01:07.993Z,X3842932,7779,44.22732,7.80275,29083.0,5.4,3.0,151.5,-51.9,1.0,-1.0,RS41-SG,403.700,11.3,625,10,2.5,,
2026-10-06T00:01:08.993Z,X3842932,7780,44.22729,7.80276,29088.4,5.5,3.2,160.1,-51.9,1.0,-1.0,RS41-SG,403.700,11.3,625,10,2.5,,
2026-10-06T00:01:09.993Z,X3842932,7781,44.22726,7.80277,29094.4,6.4,3.9,179.0,-51.9,1.0,-1.0,RS41-SG,403.700,11.3,625,10,2.6,,
2026-10-06T00:01:10.993Z,X3842932,7782,44.22722,7.80276,29100.8,6.3,5.2,195.8,-51.9,1.0,-1.0,RS41-SG,403.700,10.2,625,9,2.6,,
2026-10-06T00:01:11.993Z,X3842932,7783,44.22717,7.80274,29106.4,4.6,6.3,201.3,-51.8,1.1,-1.0,RS41-SG,403.700,11.2,625,10,2.5,,
2026-10-06T00:01:12.993Z,X3842932,7784,44.22711,7.80271,29111.3,5.2,7.3,199.2,-51.8,1.0,-1.0,RS41-SG,403.700,11.2,625,10,2.5,,
2026-10-06T00:01:13.993Z,X3842932,7785,44.22705,7.80269,29116.8,6.1,7.8,191.0,-51.8,1.0,-1.0,RS41-SG,403.700,9.7,625,10,2.5,,
2026-10-06T00:01:14.993Z,X3842932,7786,44.22698,7.80268,29122.8,5.8,8.1,179.9,-51.8,1.0,-1.0,RS41-SG,403.700,11.1,625,10,2.5,,
2026-10-06T00:01:15.993Z,X3842932,7787,44.22691,7.80268,29128.1,4.8,8.3,171.5,-51.8,1.0,-1.0,RS41-SG,403.700,11.3,625,10,2.6,,
2026-10-06T00:01:16.993Z,X3842932,7788,44.22683,7.80270,29133.0,5.0,8.3,166.8,-51.8,1.0,-1.0,RS41-SG,403.700,12.0,625,10,2.6,,
2026-10-06T00:01:17.993Z,X3842932,7789,44.22676,7.80273,29138.4,5.9,8.2,167.9,-51.8,1.0,-1.0,RS41-SG,403.700,12.2,625,10,2.5,,
2026-10-06T00:01:18.993Z,X3842932,7790,44.22669,7.80274,29144.6,6.4,7.6,173.5,-51.7,1.0,-1.0,RS41-SG,403.700,12.2,625,10,2.5,,
2026-10-06T00:01:19.993Z,X3842932,7791,44.22663,7.80275,29150.4,5.2,7.1,179.6,-51.6,1.0,-1.0,RS41-SG,403.700,10.9,625,10,2.5,,
2026-10-06T00:01:20.993Z,X3842932,7792,44.22657,7.80275,29155.7,5.3,6.3,183.9,-51.6,1.0,-1.0,RS41-SG,403.700,10.8,625,10,2.6,,
2026-10-06T00:01:21.993Z,X3842932,7793,44.22651,7.80274,29161.4,6.2,5.3,183.7,-51.5,1.0,-1.0,RS41-SG,403.700,10.8,625,10,2.6,,
2026-10-06T00:01:22.993Z,X3842932,7794,44.22647,7.80274,29167.5,6.0,4.2,176.5,-51.4,1.0,-1.0,RS41-SG,403.700,11.0,625,10,2.5,,
2026-10-06T00:01:23.993Z,X3842932,7795,44.22644,7.80275,29172.9,4.7,3.5,166.7,-51.4,1.0,-1.0,RS41-SG,403.700,11.0,625,10,2.5,,
2026-10-06T00:01:24.993Z,X3842932,7796,44.22641,7.80276,29177.7,5.0,2.9,157.2,-51.4,1.0,-1.0,RS41-SG,403.700,12.9,625,10,2.5,,
2026-10-06T00:01:25.993Z,X3842932,7797,44.22639,7.80277,29183.2,6.0,2.4,165.4,-51.4,1.0,-1.0,RS41-SG,403.700,12.9,625,10,2.5,,
2026-10-06T00:01:26.993Z,X3842932,7798,44.22637,7.80277,29189.1,5.8,2.2,181.3,-51.3,1.0,-1.0,RS41-SG,403.700,12.2,625,10,2.6,,
2026-10-06T00:01:27.993Z,X3842932,7799,44.22635,7.80277,29194.5,5.0,2.4,187.0,-51.3,1.0,-1.0,RS41-SG,403.700,11.9,625,10,2.6,,
2026-10-06T00:01:28.993Z,X3842932,7800,44.22632,7.80277,29199.9,5.8,2.9,175.2,-51.2,1.0,-1.0,RS41-SG,403.700,11.9,625,10,2.5,,
2026-10-06T00:01:29.993Z,X3842932,7801,44.22630,7.80278,29206.0,6.5,3.7,154.6,-51.2,1.0,-1.0,RS41-SG,403.700,11.8,625,10,2.5,,
2026-10-06T00:01:30.993Z,X3842932,7802,44.22627,7.80281,29211.9,5.3,4.7,141.4,-51.2,1.0,-1.0,RS41-SG,403.700,12.4,625,10,2.5,,
2026-10-06T00:01:31.993Z,X3842932,7803,44.22623,7.80285,29216.7,4.3,5.6,135.9,-51.1,1.0,-1.0,RS41-SG,403.700,12.4,625,10,2.5,,
2026-10-06T00:01:32.993Z,X3842932,7804,44.22619,7.80291,29221.5,5.2,6.0,133.7,-51.1,1.0,-1.0,RS41-SG,403.700,11.8,625,10,2.6,,
2026-10-06T00:01:33.993Z,X3842932,7805,44.22616,7.80296,29227.3,6.4,5.5,137.7,-51.1,1.0,-1.0,RS41-SG,403.700,12.5,625,10,2.6,,
2026-10-06T00:01:34.993Z,X3842932,7806,44.22612,7.80300,29233.2,5.3,4.7,141.2,-51.1,1.0,-1.0,RS41-SG,403.700,12.5,625,10,2.5,,
2026-10-06T00:01:35.993Z,X3842932,7807,44.22609,7.80303,29238.1,4.4,3.9,144.0,-51.2,1.0,-1.0,RS41-SG,403.700,12.2,625,10,2.5,,
2026-10-06T00:01:36.993Z,X3842932,7808,44.22607,7.80306,29242.9,5.1,3.3,139.0,-51.2,1.0,-1.0,RS41-SG,403.700,11.5,625,10,2.5,,
2026-10-06T00:01:37.993Z,X3842932,7809,44.22605,7.80309,29248.5,6.0,3.3,125.8,-51.2,1.0,-1.0,RS41-SG,403.700,13.0,625,10,2.5,,
2026-10-06T00:01:38.993Z,X3842932,7810,44.22603,7.80313,29254.4,5.6,3.6,116.2,-51.1,1.0,-1.0,RS41-SG,403.700,13.0,625,10,2.6,,
2026-10-06T00:01:39.993Z,X3842932,7811,44.22602,7.80317,29260.0,5.4,3.7,114.5,-51.1,1.0,-1.0,RS41-SG,403.700,12.9,625,10,2.6,,
2026-10-06T00:01:40.993Z,X3842932,7812,44.22601,7.80321,29265.6,5.6,3.1,119.6,-51.1,1.0,-1.0,RS41-SG,403.700,11.9,625,10,2.5,,
2026-10-06T00:01:41.993Z,X3842932,7813,44.22599,7.80323,29271.5,6.4,2.5,140.1,-51.1,1.0,-1.0,RS41-SG,403.700,11.4,625,10,2.5,,
2026-10-06T00:01:42.993Z,X3842932,7814,44.22597,7.80325,29277.4,5.4,2.5,161.6,-51.1,1.0,-1.0,RS41-SG,403.700,10.9,625,10,2.5,,
2026-10-06T00:01:43.993Z,X3842932,7815,44.22595,7.80325,29282.6,4.8,3.2,172.9,-51.0,1.0,-1.0,RS41-SG,403.700,12.9,625,10,2.6,,
2026-10-06T00:01:44.993Z,X3842932,7816,44.22591,7.80326,29287.9,5.9,4.0,167.3,-51.0,1.0,-1.0,RS41-SG,403.700,12.9,625,10,2.6,,
2026-10-06T00:01:45.993Z,X3842932,7817,44.22588,7.80328,29294.0,6.2,5.1,154.0,-51.0,1.0,-1.0,RS41-SG,403.700,11.9,625,10,2.5,,
2026-10-06T00:01:46.993Z,X3842932,7818,44.22583,7.80332,29299.4,4.4,6.0,146.0,-51.0,1.0,-1.0,RS41-SG,403.700,11.4,625,10,2.5,,
2026-10-06T00:01:47.993Z,X3842932,7819,44.22579,7.80337,29304.0,4.9,6.9,140.3,-51.0,1.0,-1.0,RS41-SG,403.700,11.5,625,10,2.5,,
2026-10-06T00:01:48.993Z,X3842932,7820,44.22574,7.80342,29309.3,5.6,6.9,139.8,-51.0,1.0,-1.0,RS41-SG,403.700,12.0,625,10,2.5,,
2026-10-06T00:01:49.993Z,X3842932,7821,44.22569,7.80347,29315.1,6.1,6.3,144.0,-50.9,1.0,-1.0,RS41-SG,403.700,12.0,625,10,2.6,,
2026-10-06T00:01:50.993Z,X3842932,7822,44.22565,7.80351,29321.2,6.0,5.5,149.8,-50.9,1.0,-1.0,RS41-SG,403.700,11.8,625,10,2.6,,
2026-10-06T00:01:51.993Z,X3842932,7823,44.22561,7.80354,29326.6,4.7,4.8,153.9,-50.8,1.0,-1.0,RS41-SG,403.700,11.6,625,10,2.5,,
2026-10-06T00:01:52.993Z,X3842932,7824,44.22557,7.80357,29331.3,4.6,4.1,151.5,-50.8,1.0,-1.0,RS41-SG,403.700,11.6,625,10,2.5,,
2026-10-06T00:01:53.993Z,X3842932,7825,44.22554,7.80360,29336.1,5.0,4.1,141.8,-50.8,1.0,-1.0,RS41-SG,403.700,11.3,625,10,2.5,,
2026-10-06T00:01:54.993Z,X3842932,7826,44.22552,7.80363,29341.4,5.4,4.6,131.3,-50.7,1.0,-1.0,RS41-SG,403.700,11.3,625,10,2.5,,
2026-10-06T00:01:55.993Z,X3842932,7827,44.22549,7.80368,29347.0,5.6,5.6,126.4,-50.7,1.0,-1.0,RS41-SG,403.700,11.2,625,10,2.6,,
2026-10-06T00:01:56.993Z,X3842932,7828,44.22545,7.80374,29352.6,5.6,6.5,130.3,-50.8,1.0,-1.0,RS41-SG,403.700,11.2,625,10,2.6,,
2026-10-06T00:01:57.993Z,X3842932,7829,44.22541,7.80380,29358.0,5.2,7.1,139.4,-50.8,1.0,-1.0,RS41-SG,403.700,12.9,625,10,2.5,,
2026-10-06T00:01:58.993Z,X3842932,7830,44.22536,7.80385,29363.1,5.1,7.3,151.3,-50.8,1.0,-1.0,RS41-SG,403.700,12.9,625,10,2.5,,
2026-10-06T00:01:59.993Z,X3842932,7831,44.22530,7.80388,29368.4,5.2,7.2,165.5,-50.7,1.0,-1.0,RS41-SG,403.700,12.1,625,10,2.5,,
2026-10-06T00:02:00.993Z,X3842932,7832,44.22524,7.80390,29373.4,4.9,6.5,178.5,-50.7,1.0,-1.0,RS41-SG,403.700,12.1,625,10,2.5,,
2026-10-06T00:02:01.993Z,X3842932,7833,44.22518,7.80389,29378.4,4.9,5.5,188.9,-50.7,1.0,-1.0,RS41-SG,403.700,11.0,625,10,2.6,,
2026-10-06T00:02:02.993Z,X3842932,7834,44.22514,7.80388,29383.4,5.0,4.2,194.7,-50.7,1.0,-1.0,RS41-SG,403.700,11.3,625,10,2.6,,
2026-10-06T00:02:03.993Z,X3842932,7835,44.22511,7.80387,29388.6,5.4,2.7,182.2,-50.6,1.0,-1.0,RS41-SG,403.700,11.3,625,10,2.5,,
2026-10-06T00:02:04.993Z,X3842932,7836,44.22509,7.80388,29394.1,5.4,2.3,140.5,-50.7,1.0,-1.0,RS41-SG,403.700,10.7,625,10,2.5,,
2026-10-06T00:02:05.993Z,X3842932,7837,44.22507,7.80391,29399.4,5.1,3.6,120.2,-50.7,1.0,-1.0,RS41-SG,403.700,10.5,625,10,2.5,,
2026-10-06T00:02:06.993Z,X3842932,7838,44.22506,7.80396,29404.6,5.0,4.9,120.4,-50.7,1.0,-1.0,RS41-SG,403.700,10.9,625,10,2.6,,
2026-10-06T00:02:07.993Z,X3842932,7839,44.22503,7.80401,29409.5,4.9,6.0,130.8,-50.7,1.0,-1.0,RS41-SG,403.700,10.9,625,10,2.6,,
2026-10-06T00:02:08.993Z,X3842932,7840,44.22498,7.80406,29414.7,5.2,6.8,144.6,-50.7,1.0,-1.0,RS41-SG,403.700,11.0,625,10,2.5,,
2026-10-06T00:02:09.993Z,X3842932,7841,44.22493,7.80410,29419.9,5.2,7.1,158.9,-50.7,1.0,-1.0,RS41-SG,403.700,11.0,625,10,2.5,,
2026-10-06T00:02:10.993Z,X3842932,7842,44.22487,7.80413,29425.1,4.9,7.2,171.9,-50.8,1.0,-1.0,RS41-SG,403.700,10.5,625,10,2.5,,
2026-10-06T00:02:11.993Z,X3842932,7843,44.22481,7.80413,29430.0,5.0,6.7,182.1,-50.8,1.0,-1.0,RS41-SG,403.700,10.3,625,10,2.5,,
2026-10-06T00:02:12.993Z,X3842932,7844,44.22475,7.80413,29435.0,5.0,5.6,187.6,-50.8,1.0,-1.0,RS41-SG,403.700,10.3,625,10,2.6,,
2026-10-06T00:02:13.993Z,X3842932,7845,44.22471,7.80412,29440.1,5.1,4.3,184.3,-50.9,1.0,-1.0,RS41-SG,403.700,9.8,625,10,2.6,,
2026-10-06T00:02:14.993Z,X3842932,7846,44.22467,7.80412,29445.2,5.0,3.4,165.5,-50.9,1.0,-1.0,RS41-SG,403.700,10.2,625,10,2.5,,
2026-10-06T00:02:15.993Z,X3842932,7847,44.22465,7.80414,29450.3,5.2,3.8,140.8,-50.9,1.0,-1.0,RS41-SG,403.700,10.8,625,10,2.5,,
2026-10-06T00:02:16.993Z,X3842932,7848,44.22462,7.80418,29455.5,5.0,4.9,130.8,-51.0,1.0,-1.0,RS41-SG,403.700,11.7,625,10,2.5,,
2026-10-06T00:02:17.993Z,X3842932,7849,44.22459,7.80423,29460.3,4.6,6.0,131.1,-51.0,1.0,-1.0,RS41-SG,403.700,11.8,625,10,2.5,,
2026-10-06T00:02:18.993Z,X3842932,7850,44.22455,7.80429,29464.9,4.6,6.7,136.5,-51.0,1.0,-1.0,RS41-SG,403.700,11.8,625,10,2.6,,
2026-10-06T00:02:19.993Z,X3842932,7851,44.22450,7.80434,29469.8,5.3,6.6,144.4,-51.0,1.0,-1.0,RS41-SG,403.700,11.8,625,10,2.6,,
2026-10-06T00:02:20.993Z,X3842932,7852,44.22445,7.80438,29475.1,5.4,6.0,153.5,-51.0,1.1,-1.0,RS41-SG,403.700,10.1,625,10,2.5,,
2026-10-06T00:02:21.993Z,X3842932,7853,44.22441,7.80441,29480.4,5.1,5.1,161.8,-51.1,1.0,-1.0,RS41-SG,403.700,10.9,625,10,2.5,,
2026-10-06T00:02:22.993Z,X3842932,7854,44.22437,7.80443,29485.3,4.9,4.3,163.7,-51.1,1.0,-1.0,RS41-SG,403.700,10.9,625,10,2.5,,
2026-10-06T00:02:23.993Z,X3842932,7855,44.22433,7.80444,29490.3,5.2,3.8,157.1,-51.1,1.0,-1.0,RS41-SG,403.700,10.7,625,10,2.6,,
2026-10-06T00:02:24.993Z,X3842932,7856,44.22430,7.80447,29495.7,5.4,3.9,142.8,-51.1,1.0,-1.0,RS41-SG,403.700,9.6,625,10,2.6,,
2026-10-06T00:02:25.993Z,X3842932,7857,44.22427,7.80450,29501.0,5.2,5.1,133.7,-51.1,1.0,-1.0,RS41-SG,403.700,9.9,625,10,2.5,,
2026-10-06T00:02:26.993Z,X3842932,7858,44.22424,7.80455,29506.2,4.9,6.4,135.7,-51.1,1.0,-1.0,RS41-SG,403.700,9.9,625,10,2.5,,
2026-10-06T00:02:27.993Z,X3842932,7859,44.22419,7.80461,29511.0,4.8,7.6,141.4,-51.1,1.0,-1.0,RS41-SG,403.700,12.2,625,10,2.5,,
2026-10-06T00:02:28.993Z,X3842932,7860,44.22413,7.80467,29516.2,5.4,8.7,150.8,-51.1,1.0,-1.0,RS41-SG,403.700,12.2,625,10,2.5,,
2026-10-06T00:02:29.993Z,X3842932,7861,44.22406,7.80471,29521.7,5.7,9.2,159.7,-51.1,1.0,-1.0,RS41-SG,403.700,11.4,625,10,2.6,,
2026-10-06T00:02:30.993Z,X3842932,7862,44.22398,7.80475,29527.0,4.8,9.0,166.2,-51.1,1.0,-1.0,RS41-SG,403.700,11.4,625,10,2.6,,
2026-10-06T00:02:31.993Z,X3842932,7863,44.22391,7.80477,29531.9,4.7,8.2,169.2,-51.1,1.0,-1.0,RS41-SG,403.700,11.4,625,10,2.5,,
2026-10-06T00:02:32.993Z,X3842932,7864,44.22384,7.80479,29537.1,5.5,6.8,166.8,-51.1,1.0,-1.0,RS41-SG,403.700,10.7,625,10,2.5,,
2026-10-06T00:02:33.993Z,X3842932,7865,44.22379,7.80481,29543.0,6.3,5.2,155.5,-51.1,1.0,-1.0,RS41-SG,403.700,9.5,625,10,2.5,,
2026-10-06T00:02:34.993Z,X3842932,7866,44.22375,7.80484,29548.7,5.1,4.4,137.1,-51.1,1.0,-1.0,RS41-SG,403.700,8.3,625,10,2.5,,
2026-10-06T00:02:35.993Z,X3842932,7867,44.22373,7.80488,29553.4,4.4,4.0,121.8,-51.1,1.0,-1.0,RS41-SG,403.700,10.4,625,10,2.6,,
2026-10-06T00:02:36.993Z,X3842932,7868,44.22371,7.80492,29558.4,5.4,3.5,116.7,-51.1,1.0,-1.0,RS41-SG,403.700,10.8,625,10,2.6,,
2026-10-06T00:02:37.993Z,X3842932,7869,44.22370,7.80496,29564.3,6.6,3.2,132.9,-51.1,1.0,-1.0,RS41-SG,403.700,11.1,625,10,2.5,,
2026-10-06T00:02:38.993Z,X3842932,7870,44.22367,7.80498,29570.5,5.8,3.7,156.6,-51.1,1.0,-1.0,RS41-SG,403.700,12.0,625,10,2.5,,
2026-10-06T00:02:39.993Z,X3842932,7871,44.22363,7.80499,29575.9,5.0,5.0,168.5,-51.1,1.0,-1.0,RS41-SG,403.700,12.0,625,10,2.5,,
2026-10-06T00:02:40.993Z,X3842932,7872,44.22358,7.80501,29580.9,4.8,6.8,170.2,-51.1,1.0,-1.0,RS41-SG,403.700,11.4,625,10,2.6,,
2026-10-06T00:02:41.993Z,X3842932,7873,44.22352,7.80503,29585.9,5.2,8.1,166.0,-51.2,1.0,-1.0,RS41-SG,403.700,11.6,625,10,2.6,,
2026-10-06T00:02:42.993Z,X3842932,7874,44.22344,7.80506,29591.4,6.1,9.2,160.8,-51.2,1.0,-1.0,RS41-SG,403.700,11.8,625,10,2.5,,
2026-10-06T00:02:43.993Z,X3842932,7875,44.22336,7.80510,29597.0,5.0,9.6,157.2,-51.2,1.0,-1.0,RS41-SG,403.700,11.8,625,10,2.5,,
2026-10-06T00:02:44.993Z,X3842932,7876,44.22329,7.80515,29601.9,4.8,9.3,157.0,-51.3,1.0,-1.0,RS41-SG,403.700,10.9,625,10,2.5,,
2026-10-06T00:02:45.993Z,X3842932,7877,44.22321,7.80519,29607.0,5.3,8.5,160.8,-51.3,1.0,-1.0,RS41-SG,403.700,11.1,625,10,2.5,,
2026-10-06T00:02:46.993Z,X3842932,7878,44.22314,7.80521,29612.5,5.8,7.4,171.6,-51.3,1.1,-1.0,RS41-SG,403.700,11.1,625,10,2.6,,
2026-10-06T00:02:47.993Z,X3842932,7879,44.22308,7.80522,29618.1,5.5,6.8,185.0,-51.4,1.0,-1.0,RS41-SG,403.700,9.4,625,10,2.6,,
2026-10-06T00:02:48.993Z,X3842932,7880,44.22302,7.80520,29623.0,4.3,6.4,194.3,-51.4,1.1,-1.0,RS41-SG,403.700,8.3,625,10,2.5,,
2026-10-06T00:02:49.993Z,X3842932,7881,44.22297,7.80518,29627.7,4.9,5.9,195.9,-51.5,1.1,-1.0,RS41-SG,403.700,10.2,625,10,2.5,,
2026-10-06T00:02:50.993Z,X3842932,7882,44.22292,7.80517,29633.0,5.7,5.3,185.0,-51.5,1.1,-1.0,RS41-SG,403.700,11.9,625,10,2.5,,
2026-10-06T00:02:51.993Z,X3842932,7883,44.22287,7.80517,29638.9,6.2,5.3,162.8,-51.5,1.1,-1.0,RS41-SG,403.700,12.0,625,10,2.5,,
2026-10-06T00:02:52.993Z,X3842932,7884,44.22283,7.80521,29644.7,5.4,6.2,144.3,-51.5,1.1,-1.0,RS41-SG,403.700,12.2,625,10,2.6,,
2026-10-06T00:02:53.993Z,X3842932,7885,44.22278,7.80526,29649.3,3.8,7.1,135.8,-51.5,1.1,-1.0,RS41-SG,403.700,12.2,625,10,2.6,,
2026-10-06T00:02:54.993Z,X3842932,7886,44.22274,7.80533,29653.3,4.2,7.8,133.9,-51.5,1.1,-1.0,RS41-SG,403.700,12.9,625,10,2.5,,
2026-10-06T00:02:55.993Z,X3842932,7887,44.22269,7.80539,29658.1,5.4,7.7,138.6,-51.5,1.0,-1.0,RS41-SG,403.700,12.9,625,10,2.5,,
2026-10-06T00:02:56.993Z,X3842932,7888,44.22263,7.80545,29664.0,6.3,7.1,151.3,-51.5,1.1,-1.0,RS41-SG,403.700,12.4,625,10,2.5,,
2026-10-06T00:02:57.993Z,X3842932,7889,44.22258,7.80548,29669.9,5.4,6.7,166.2,-51.5,1.1,-1.0,RS41-SG,403.700,12.4,625,10,2.6,,
2026-10-06T00:02:58.993Z,X3842932,7890,44.22252,7.80549,29674.9,4.5,6.5,178.6,-51.5,1.0,-1.0,RS41-SG,403.700,13.2,625,10,2.6,,
2026-10-06T00:02:59.993Z,X3842932,7891,44.22246,7.80549,29679.8,5.0,6.3,186.5,-51.6,1.1,-1.0,RS41-SG,403.700,13.2,625,10,2.5,,
2026-10-06T00:03:00.993Z,X3842932,7892,44.22241,7.80548,29685.4,6.1,6.0,186.7,-51.5,1.0,-1.0,RS41-SG,403.700,12.4,625,10,2.5,,
2026-10-06T00:03:01.993Z,X3842932,7893,44.22235,7.80547,29691.5,6.0,5.6,180.5,-51.5,1.0,-1.0,RS41-SG,403.700,12.4,625,10,2.5,,
2026-10-06T00:03:02.993Z,X3842932,7894,44.22231,7.80548,29696.9,4.8,5.2,172.1,-51.5,1.0,-1.0,RS41-SG,403.700,13.1,625,10,2.5,,
2026-10-06T00:03:03.993Z,X3842932,7895,44.22226,7.80549,29702.0,5.3,5.1,166.3,-51.5,1.0,-1.0,RS41-SG,403.700,13.1,625,10,2.6,,
2026-10-06T00:03:04.993Z,X3842932,7896,44.22222,7.80550,29707.7,6.2,5.0,165.4,-51.5,1.0,-1.0,RS41-SG,403.700,12.6,625,10,2.6,,
2026-10-06T00:03:05.993Z,X3842932,7897,44.22217,7.80552,29713.4,5.1,5.0,168.1,-51.5,1.0,-1.0,RS41-SG,403.700,12.6,625,10,2.5,,
2026-10-06T00:03:06.993Z,X3842932,7898,44.22213,7.80553,29718.5,5.1,5.2,167.5,-51.5,1.0,-1.0,RS41-SG,403.700,12.0,625,10,2.5,,
2026-10-06T00:03:07.993Z,X3842932,7899,44.22208,7.80555,29724.1,6.1,5.8,161.2,-51.5,1.0,-1.0,RS41-SG,403.700,12.0,625,10,2.5,,
2026-10-06T00:03:08.993Z,X3842932,7900,44.22203,7.80558,29730.2,6.0,6.5,153.5,-51.5,1.0,-1.0,RS41-SG,403.700,11.7,625,10,2.5,,
2026-10-06T00:03:09.993Z,X3842932,7901,44.22198,7.80562,29735.5,4.6,7.0,149.7,-51.5,1.0,-1.0,RS41-SG,403.700,11.2,625,10,2.6,,
2026-10-06T00:03:10.993Z,X3842932,7902,44.22192,7.80567,29740.5,5.4,7.1,152.2,-51.5,1.0,-1.0,RS41-SG,403.700,11.7,625,10,2.6,,
2026-10-06T00:03:11.993Z,X3842932,7903,44.22186,7.80570,29746.3,6.3,6.8,161.9,-51.5,1.0,-1.0,RS41-SG,403.700,12.2,625,10,2.5,,
2026-10-06T00:03:12.993Z,X3842932,7904,44.22180,7.80572,29752.4,5.9,6.6,174.4,-51.5,1.0,-1.0,RS41-SG,403.700,12.2,625,10,2.5,,
2026-10-06T00:03:13.993Z,X3842932,7905,44.22175,7.80572,29757.6,4.5,6.4,184.4,-51.5,1.0,-1.0,RS41-SG,403.700,12.5,625,10,2.5,,
2026-10-06T00:03:14.993Z,X3842932,7906,44.22169,7.80571,29762.4,5.0,6.3,190.1,-51.5,1.0,-1.0,RS41-SG,403.700,12.5,625,10,2.6,,
2026-10-06T00:03:15.993Z,X3842932,7907,44.22164,7.80570,29768.0,6.1,5.8,188.8,-51.5,1.0,-1.0,RS41-SG,403.700,11.2,625,10,2.6,,
2026-10-06T00:03:16.993Z,X3842932,7908,44.22159,7.80569,29773.9,5.9,5.5,180.7,-51.5,1.1,-1.0,RS41-SG,403.700,11.5,625,10,2.5,,
2026-10-06T00:03:17.993Z,X3842932,7909,44.22154,7.80569,29779.2,4.6,5.3,172.1,-51.5,1.0,-1.0,RS41-SG,403.700,11.5,625,10,2.5,,
2026-10-06T00:03:18.993Z,X3842932,7910,44.22149,7.80571,29783.8,4.6,5.2,168.4,-51.5,1.0,-1.0,RS41-SG,403.700,11.8,625,10,2.5,,
2026-10-06T00:03:19.993Z,X3842932,7911,44.22145,7.80572,29789.0,5.7,5.2,172.4,-51.5,1.0,-1.0,RS41-SG,403.700,11.8,625,10,2.5,,
2026-10-06T00:03:20.993Z,X3842932,7912,44.22140,7.80572,29794.9,6.1,5.2,181.4,-51.6,1.0,-1.0,RS41-SG,403.700,11.4,625,10,2.6,,
2026-10-06T00:03:21.993Z,X3842932,7913,44.22135,7.80571,29800.3,4.8,5.4,187.0,-51.6,1.0,-1.0,RS41-SG,403.700,11.7,625,10,2.6,,
2026-10-06T00:03:22.993Z,X3842932,7914,44.22130,7.80571,29805.2,5.0,5.4,186.7,-51.6,1.0,-1.0,RS41-SG,403.700,12.1,625,10,2.5,,
2026-10-06T00:03:23.993Z,X3842932,7915,44.22126,7.80570,29810.6,5.7,5.2,178.6,-51.6,1.0,-1.0,RS41-SG,403.700,12.1,625,10,2.5,,
2026-10-06T00:03:24.993Z,X3842932,7916,44.22121,7.80571,29816.4,6.0,5.3,162.9,-51.6,1.0,-1.0,RS41-SG,403.700,11.6,625,10,2.5,,
2026-10-06T00:03:25.993Z,X3842932,7917,44.22117,7.80574,29821.8,4.9,5.6,149.2,-51.6,1.0,-1.0,RS41-SG,403.700,11.4,625,10,2.5,,
2026-10-06T00:03:26.993Z,X3842932,7918,44.22112,7.80578,29826.5,4.4,5.6,138.6,-51.6,1.0,-1.0,RS41-SG,403.700,11.5,625,10,2.6,,
2026-10-06T00:03:27.993Z,X3842932,7919,44.22109,7.80583,29831.2,5.2,5.1,129.2,-51.6,1.1,-1.0,RS41-SG,403.700,11.8,625,10,2.6,,
2026-10-06T00:03:28.993Z,X3842932,7920,44.22107,7.80587,29836.9,6.2,4.0,124.0,-51.6,1.1,-1.0,RS41-SG,403.700,11.8,625,10,2.5,,
2026-10-06T00:03:29.993Z,X3842932,7921,44.22105,7.80591,29842.5,4.9,3.0,125.3,-51.6,1.0,-1.0,RS41-SG,403.700,11.6,625,10,2.5,,
2026-10-06T00:03:30.993Z,X3842932,7922,44.22103,7.80594,29847.5,5.2,2.6,136.2,-51.6,1.0,-1.0,RS41-SG,403.700,10.7,625,10,2.5,,
2026-10-06T00:03:31.993Z,X3842932,7923,44.22101,7.80596,29853.1,6.0,2.9,143.1,-51.6,1.0,-1.0,RS41-SG,403.700,10.7,625,10,2.6,,
2026-10-06T00:03:32.993Z,X3842932,7924,44.22099,7.80598,29859.1,5.9,4.0,145.5,-51.5,1.0,-1.0,RS41-SG,403.700,11.1,625,10,2.6,,
2026-10-06T00:03:33.993Z,X3842932,7925,44.22096,7.80602,29864.3,4.5,4.9,143.9,-51.4,1.0,-1.0,RS41-SG,403.700,11.1,625,9,2.5,,
2026-10-06T00:03:34.993Z,X3842932,7926,44.22092,7.80605,29868.8,4.5,5.4,145.5,-51.4,1.0,-1.0,RS41-SG,403.700,10.6,625,10,2.5,,
2026-10-06T00:03:35.993Z,X3842932,7927,44.22088,7.80609,29873.8,5.5,5.4,147.7,-51.4,1.0,-1.0,RS41-SG,403.700,11.4,625,10,2.5,,
2026-10-06T00:03:36.993Z,X3842932,7928,44.22084,7.80612,29879.6,6.2,4.7,149.2,-51.3,1.0,-1.0,RS41-SG,403.700,11.4,625,10,2.5,,
2026-10-06T00:03:37.993Z,X3842932,7929,44.22080,7.80615,29885.5,5.5,4.1,148.4,-51.3,1.0,-1.0,RS41-SG,403.700,10.4,625,10,2.6,,
2026-10-06T00:03:38.993Z,X3842932,7930,44.22078,7.80618,29890.9,5.2,3.8,140.1,-51.3,1.0,-1.0,RS41-SG,403.700,11.1,625,10,2.6,,
2026-10-06T00:03:39.993Z,X3842932,7931,44.22075,7.80621,29896.2,5.4,4.1,129.9,-51.3,1.0,-1.0,RS41-SG,403.700,11.1,625,10,2.5,,
2026-10-06T00:03:40.993Z,X3842932,7932,44.22073,7.80626,29902.0,6.1,5.0,119.8,-51.3,1.0,-1.0,RS41-SG,403.700,10.4,625,10,2.5,,
2026-10-06T00:03:41.993Z,X3842932,7933,44.22071,7.80632,29907.7,5.2,5.8,114.6,-51.3,1.0,-1.0,RS41-SG,403.700,11.2,625,10,2.5,,
2026-10-06T00:03:42.993Z,X3842932,7934,44.22069,7.80639,29912.6,4.5,6.1,111.6,-51.3,1.0,-1.0,RS41-SG,403.700,11.2,625,10,2.5,,
2026-10-06T00:03:43.993Z,X3842932,7935,44.22067,7.80646,29917.4,5.1,5.5,109.5,-51.3,1.0,-1.0,RS41-SG,403.700,12.0,625,10,2.6,,
2026-10-06T00:03:44.993Z,X3842932,7936,44.22065,7.80651,29922.9,5.8,4.0,109.0,-51.3,1.0,-1.0,RS41-SG,403.700,12.0,625,10,2.6,,
2026-10-06T00:03:45.993Z,X3842932,7937,44.22064,7.80655,29928.3,4.9,2.5,109.6,-51.3,1.0,-1.0,RS41-SG,403.700,11.0,625,10,2.5,,
2026-10-06T00:03:46.993Z,X3842932,7938,44.22064,7.80657,29932.9,4.2,1.3,110.0,-51.3,1.0,-1.0,RS41-SG,403.700,11.0,625,10,2.5,,
2026-10-06T00:03:47.993Z,X3842932,7939,44.22064,7.80658,29937.5,5.0,0.7,100.9,-51.3,1.0,-1.0,RS41-SG,403.700,11.5,625,10,2.5,,
2026-10-06T00:03:48.993Z,X3842932,7940,44.22064,7.80660,29943.1,6.1,1.3,91.7,-51.3,1.0,-1.0,RS41-SG,403.700,11.5,625,10,2.6,,
2026-10-06T00:03:49.993Z,X3842932,7941,44.22063,7.80662,29949.1,5.9,2.2,95.1,-51.3,1.0,-1.0,RS41-SG,403.700,11.3,625,10,2.6,,
2026-10-06T00:03:50.993Z,X3842932,7942,44.22063,7.80665,29954.4,4.8,3.3,102.6,-51.3,1.0,-1.0,RS41-SG,403.700,11.3,625,10,2.5,,
2026-10-06T00:03:51.993Z,X3842932,7943,44.22062,7.80669,29959.3,5.1,4.0,110.6,-51.3,1.0,-1.0,RS41-SG,403.700,11.0,625,10,2.5,,
2026-10-06T00:03:52.993Z,X3842932,7944,44.22060,7.80674,29964.8,6.0,4.3,120.9,-51.3,1.0,-1.0,RS41-SG,403.700,11.3,625,10,2.5,,
2026-10-06T00:03:53.993Z,X3842932,7945,44.22058,7.80678,29970.6,5.6,4.3,128.6,-51.3,1.0,-1.0,RS41-SG,403.700,11.4,625,10,2.5,,
2026-10-06T00:03:54.993Z,X3842932,7946,44.22056,7.80682,29975.8,4.7,4.1,132.7,-51.3,1.0,-1.0,RS41-SG,403.700,11.4,625,10,2.6,,
2026-10-06T00:03:55.993Z,X3842932,7947,44.22054,7.80686,29981.0,5.6,4.1,125.7,-51.3,1.0,-1.0,RS41-SG,403.700,11.4,625,10,2.6,,
2026-10-06T00:03:56.993Z,X3842932,7948,44.22052,7.80691,29987.0,6.4,4.5,112.2,-51.3,1.0,-1.0,RS41-SG,403.700,12.2,625,10,2.5,,
2026-10-06T00:03:57.993Z,X3842932,7949,44.22051,7.80696,29992.9,5.4,4.9,99.0,-51.4,1.0,-1.0,RS41-SG,403.700,12.2,625,10,2.5,,
2026-10-06T00:03:58.993Z,X3842932,7950,44.22050,7.80703,29998.0,4.9,5.0,84.9,-51.4,1.0,-1.0,RS41-SG,403.700,11.1,625,10,2.5,,
2026-10-06T00:03:59.993Z,X3842932,7951,44.22052,7.80708,30003.1,5.5,4.7,66.3,-51.4,1.0,-1.0,RS41-SG,403.700,11.1,625,10,2.5,,
2026-10-06T00:04:00.993Z,X3842932,7952,44.22054,7.80713,30008.8,5.9,4.2,42.0,-51.4,1.0,-1.0,RS41-SG,403.700,12.0,625,10,2.6,,
2026-10-06T00:04:01.993Z,X3842932,7953,44.22057,7.80715,30014.1,5.0,4.1,21.6,-51.4,1.0,-1.0,RS41-SG,403.700,12.0,625,10,2.6,,
2026-10-06T00:04:02.993Z,X3842932,7954,44.22060,7.80717,30018.7,4.2,4.2,11.1,-51.4,1.1,-1.0,RS41-SG,403.700,10.4,625,10,2.5,,
2026-10-06T00:04:03.993Z,X3842932,7955,44.22064,7.80718,30023.4,5.2,4.0,13.7,-51.4,1.0,-1.0,RS41-SG,403.700,10.5,625,10,2.5,,
2026-10-06T00:04:04.993Z,X3842932,7956,44.22067,7.80720,30029.0,6.0,3.8,33.5,-51.3,1.0,-1.0,RS41-SG,403.700,10.5,625,10,2.5,,
2026-10-06T00:04:05.993Z,X3842932,7957,44.22070,7.80724,30035.0,6.1,4.5,58.9,-51.3,1.0,-1.0,RS41-SG,403.700,11.2,625,10,2.6,,
2026-10-06T00:04:06.993Z,X3842932,7958,44.22071,7.80729,30040.3,4.6,5.5,73.4,-51.3,1.0,-1.0,RS41-SG,403.700,11.2,625,10,2.6,,
2026-10-06T00:04:07.993Z,X3842932,7959,44.22073,7.80736,30044.7,4.1,6.3,82.0,-51.3,1.0,-1.0,RS41-SG,403.700,10.6,625,10,2.5,,
2026-10-06T00:04:08.993Z,X3842932,7960,44.22073,7.80744,30049.4,5.2,6.7,84.7,-51.3,1.0,-1.0,RS41-SG,403.700,11.5,625,10,2.5,,
2026-10-06T00:04:09.993Z,X3842932,7961,44.22074,7.80752,30055.2,6.3,6.3,80.5,-51.3,1.0,-1.0,RS41-SG,403.700,11.5,625,10,2.5,,
2026-10-06T00:04:10.993Z,X3842932,7962,44.22075,7.80760,30060.8,4.8,5.8,72.5,-51.3,1.0,-1.0,RS41-SG,403.700,11.2,625,10,2.5,,
2026-10-06T00:04:11.993Z,X3842932,7963,44.22077,7.80766,30065.7,5.0,5.6,64.2,-51.3,1.0,-1.0,RS41-SG,403.700,11.2,625,10,2.6,,
2026-10-06T00:04:12.993Z,X3842932,7964,44.22079,7.80773,30071.0,5.6,6.0,59.5,-51.3,1.0,-1.0,RS41-SG,403.700,11.0,625,10,2.6,,
2026-10-06T00:04:13.993Z,X3842932,7965,44.22082,7.80780,30076.8,5.9,6.8,58.4,-51.3,1.0,-1.0,RS41-SG,403.700,11.0,625,10,2.5,,
2026-10-06T00:04:14.993Z,X3842932,7966,44.22086,7.80787,30082.0,4.6,7.4,58.7,-51.3,1.0,-1.0,RS41-SG,403.700,9.7,625,10,2.5,,
2026-10-06T00:04:15.993Z,X3842932,7967,44.22089,7.80795,30086.5,4.3,7.9,56.8,-51.2,1.0,-1.0,RS41-SG,403.700,11.9,625,10,2.5,,
2026-10-06T00:04:16.993Z,X3842932,7968,44.22093,7.80803,30091.2,5.2,8.1,52.7,-51.2,1.0,-1.0,RS41-SG,403.700,11.9,625,10,2.5,,
2026-10-06T00:04:17.993Z,X3842932,7969,44.22098,7.80811,30096.9,6.0,8.1,46.3,-51.1,1.0,-1.0,RS41-SG,403.700,10.8,625,10,2.6,,
2026-10-06T00:04:18.993Z,X3842932,7970,44.22103,7.80818,30102.4,5.1,7.8,43.5,-51.0,1.0,-1.0,RS41-SG,403.700,10.5,625,10,2.6,,
2026-10-06T00:04:19.993Z,X3842932,7971,44.22108,7.80825,30107.8,5.6,7.3,47.6,-51.0,1.0,-1.0,RS41-SG,403.700,10.5,625,10,2.5,,
2026-10-06T00:04:20.993Z,X3842932,7972,44.22112,7.80832,30113.7,6.2,6.8,58.5,-51.0,1.0,-1.0,RS41-SG,403.700,10.5,625,10,2.5,,
2026-10-06T00:04:21.993Z,X3842932,7973,44.22114,7.80839,30119.8,6.1,7.0,74.9,-50.9,1.0,-1.0,RS41-SG,403.700,10.1,625,10,2.5,,
2026-10-06T00:04:22.993Z,X3842932,7974,44.22115,7.80848,30124.9,4.1,7.6,85.9,-50.8,1.0,-1.0,RS41-SG,403.700,10.4,625,10,2.6,,
2026-10-06T00:04:23.993Z,X3842932,7975,44.22115,7.80858,30129.0,4.0,8.2,91.7,-50.7,1.0,-1.0,RS41-SG,403.700,11.3,625,10,2.6,,
2026-10-06T00:04:24.993Z,X3842932,7976,44.22115,7.80869,30133.6,5.3,8.5,89.7,-50.7,1.0,-1.0,RS41-SG,403.700,11.3,625,10,2.5,,
2026-10-06T00:04:25.993Z,X3842932,7977,44.22116,7.80879,30139.6,6.5,8.2,80.8,-50.6,1.0,-1.0,RS41-SG,403.700,10.9,625,10,2.5,,
2026-10-06T00:04:26.993Z,X3842932,7978,44.22118,7.80889,30145.6,5.5,8.2,70.2,-50.6,0.9,-1.0,RS41-SG,403.700,10.9,625,10,2.5,,
2026-10-06T00:04:27.993Z,X3842932,7979,44.22121,7.80898,30150.8,4.8,8.6,61.4,-50.6,1.0,-1.0,RS41-SG,403.700,9.7,625,10,2.5,,
2026-10-06T00:04:28.993Z,X3842932,7980,44.22125,7.80908,30155.9,5.3,9.3,56.3,-50.6,1.0,-1.0,RS41-SG,403.700,10.3,625,10,2.6,,
2026-10-06T00:04:29.993Z,X3842932,7981,44.22130,7.80918,30161.6,6.2,10.0,56.7,-50.5,1.0,-1.0,RS41-SG,403.700,10.3,625,10,2.6,,
2026-10-06T00:04:30.993Z,X3842932,7982,44.22134,7.80928,30167.4,5.3,10.1,58.9,-50.5,1.0,-1.0,RS41-SG,403.700,10.9,625,10,2.5,,
2026-10-06T00:04:31.993Z,X3842932,7983,44.22139,7.80939,30172.4,4.7,9.9,61.7,-50.5,1.0,-1.0,RS41-SG,403.700,11.6,625,10,2.5,,
2026-10-06T00:04:32.993Z,X3842932,7984,44.22143,7.80950,30177.3,5.1,9.3,62.9,-50.5,1.0,-1.0,RS41-SG,403.700,11.6,625,10,2.5,,
2026-10-06T00:04:33.993Z,X3842932,7985,44.22146,7.80959,30182.8,6.0,8.3,62.3,-50.5,1.0,-1.0,RS41-SG,403.700,11.6,625,10,2.5,,
2026-10-06T00:04:34.993Z,X3842932,7986,44.22150,7.80968,30188.8,5.9,7.3,60.0,-50.5,1.0,-1.0,RS41-SG,403.700,11.2,625,10,2.6,,
2026-10-06T00:04:35.993Z,X3842932,7987,44.22153,7.80975,30194.3,5.1,6.5,61.2,-50.5,1.0,-1.0,RS41-SG,403.700,9.7,625,10,2.6,,
2026-10-06T00:04:36.993Z,X3842932,7988,44.22155,7.80983,30199.6,5.5,6.3,69.2,-50.6,1.0,-1.0,RS41-SG,403.700,10.9,625,10,2.5,,
2026-10-06T00:04:37.993Z,X3842932,7989,44.22157,7.80990,30205.5,6.2,6.8,81.0,-50.6,1.0,-1.0,RS41-SG,403.700,10.9,625,10,2.5,,
2026-10-06T00:04:38.993Z,X3842932,7990,44.22157,7.81000,30211.3,5.4,7.9,87.2,-50.6,1.0,-1.0,RS41-SG,403.700,8.1,625,10,2.5,,
2026-10-06T00:04:39.993Z,X3842932,7991,44.22158,7.81010,30216.3,4.6,9.0,87.2,-50.7,1.0,-1.0,RS41-SG,403.700,8.8,625,10,2.6,,
2026-10-06T00:04:40.993Z,X3842932,7992,44.22158,7.81022,30221.0,4.9,10.1,82.4,-50.7,1.0,-1.0,RS41-SG,403.700,9.0,625,10,2.6,,
2026-10-06T00:04:41.993Z,X3842932,7993,44.22161,7.81034,30226.4,5.8,10.8,72.4,-50.7,1.0,-1.0,RS41-SG,403.700,9.0,625,10,2.5,,
2026-10-06T00:04:42.993Z,X3842932,7994,44.22164,7.81047,30232.3,6.0,11.4,62.7,-50.8,1.0,-1.0,RS41-SG,403.700,10.7,625,10,2.5,,
2026-10-06T00:04:43.993Z,X3842932,7995,44.22170,7.81059,30237.7,4.7,11.6,55.7,-50.8,1.0,-1.0,RS41-SG,403.700,10.9,625,10,2.5,,
2026-10-06T00:04:44.993Z,X3842932,7996,44.22176,7.81071,30242.6,5.1,11.7,51.5,-50.9,1.0,-1.0,RS41-SG,403.700,10.9,625,10,2.5,,
2026-10-06T00:04:45.993Z,X3842932,7997,44.22182,7.81082,30248.2,6.2,11.4,51.9,-50.9,1.0,-1.0,RS41-SG,403.700,10.8,625,10,2.6,,
2026-10-06T00:04:46.993Z,X3842932,7998,44.22188,7.81094,30254.5,6.5,10.7,56.8,-50.9,1.0,-1.0,RS41-SG,403.700,10.4,625,10,2.6,,
2026-10-06T00:04:47.993Z,X3842932,7999,44.22193,7.81105,30260.2,4.9,10.3,62.8,-51.0,1.0,-1.0,RS41-SG,403.700,10.7,625,10,2.5,,
2026-10-06T00:04:48.993Z,X3842932,8000,44.22197,7.81116,30264.9,4.2,9.8,67.5,-51.0,1.0,-1.0,RS41-SG,403.700,10.7,625,10,2.5,,
2026-10-06T00:04:49.993Z,X3842932,8001,44.22200,7.81127,30269.5,5.0,9.3,69.4,-51.0,1.0,-1.0,RS41-SG,403.700,9.9,625,10,2.5,,
2026-10-06T00:04:50.993Z,X3842932,8002,44.22203,7.81138,30274.8,5.6,8.7,67.0,-51.0,1.0,-1.0,RS41-SG,403.700,9.9,625,10,2.5,,
2026-10-06T00:04:51.993Z,X3842932,8003,44.22206,7.81147,30280.5,5.8,8.4,61.6,-51.0,1.0,-1.0,RS41-SG,403.700,9.6,625,10,2.6,,
2026-10-06T00:04:52.993Z,X3842932,8004,44.22210,7.81156,30286.0,5.1,8.3,58.1,-51.1,1.0,-1.0,RS41-SG,403.700,7.9,625,10,2.6,,
2026-10-06T00:04:54.993Z,X3842932,8006,44.22218,7.81175,30295.4,5.0,9.2,62.6,-51.1,1.0,-1.0,RS41-SG,403.700,8.2,625,10,2.5,,
2026-10-06T00:04:55.993Z,X3842932,8007,44.22221,7.81186,30301.1,6.1,9.8,69.5,-51.1,1.0,-1.0,RS41-SG,403.700,10.4,625,10,2.5,,
2026-10-06T00:04:56.993Z,X3842932,8008,44.22224,7.81198,30307.0,5.7,10.7,74.9,-51.2,1.0,-1.0,RS41-SG,403.700,10.4,625,10,2.6,,
2026-10-06T00:04:57.993Z,X3842932,8009,44.22226,7.81211,30312.1,4.4,11.6,77.6,-51.2,1.0,-1.0,RS41-SG,403.700,11.4,625,10,2.6,,
2026-10-06T00:04:58.993Z,X3842932,8010,44.22229,7.81226,30316.7,4.8,12.6,76.4,-51.3,1.0,-1.0,RS41-SG,403.700,11.4,625,10,2.5,,
2026-10-06T00:04:59.993Z,X3842932,8011,44.22232,7.81241,30322.1,6.0,13.3,70.9,-51.3,1.0,-1.0,RS41-SG,403.700,11.1,625,10,2.5,,
2026-10-06T00:05:00.993Z,X3842932,8012,44.22236,7.81257,30328.1,5.9,13.7,64.5,-51.3,1.0,-1.0,RS41-SG,403.700,10.9,625,10,2.5,,
2026-10-06T00:05:01.993Z,X3842932,8013,44.22242,7.81272,30333.3,4.4,13.6,59.7,-51.4,1.0,-1.0,RS41-SG,403.700,11.4,625,10,2.5,,
2026-10-06T00:05:02.993Z,X3842932,8014,44.22248,7.81286,30338.3,5.2,12.8,56.9,-51.4,1.0,-1.0,RS41-SG,403.700,11.4,625,10,2.6,,
2026-10-06T00:05:03.993Z,X3842932,8015,44.22254,7.81299,30344.0,6.2,11.5,58.8,-51.5,1.0,-1.0,RS41-SG,403.700,10.4,625,10,2.6,,
2026-10-06T00:05:04.993Z,X3842932,8016,44.22259,7.81310,30350.2,6.3,10.0,63.8,-51.5,1.1,-1.0,RS41-SG,403.700,10.3,625,10,2.5,,
2026-10-06T00:05:05.993Z,X3842932,8017,44.22262,7.81321,30355.6,4.5,9.1,70.8,-51.6,1.0,-1.0,RS41-SG,403.700,8.8,625,10,2.5,,
2026-10-06T00:05:06.993Z,X3842932,8018,44.22264,7.81332,30360.2,4.5,8.5,77.7,-51.6,1.0,-1.0,RS41-SG,403.700,9.4,625,10,2.5,,
2026-10-06T00:05:07.993Z,X3842932,8019,44.22266,7.81342,30365.2,5.7,8.6,79.8,-51.6,1.1,-1.0,RS41-SG,403.700,10.6,625,10,2.6,,
2026-10-06T00:05:08.993Z,X3842932,8020,44.22267,7.81353,30371.2,6.2,9.2,77.5,-51.6,1.1,-1.0,RS41-SG,403.700,10.6,625,10,2.6,,
2026-10-06T00:05:09.993Z,X3842932,8021,44.22269,7.81365,30376.9,5.2,10.0,74.6,-51.6,1.1,-1.0,RS41-SG,403.700,10.6,625,10,2.5,,
2026-10-06T00:05:10.993Z,X3842932,8022,44.22272,7.81377,30382.2,5.3,10.8,74.0,-51.7,1.1,-1.0,RS41-SG,403.700,10.4,625,10,2.5,,
2026-10-06T00:05:11.993Z,X3842932,8023,44.22274,7.81391,30387.7,5.8,11.6,76.4,-51.7,1.1,-1.0,RS41-SG,403.700,11.0,625,10,2.5,,
2026-10-06T00:05:12.993Z,X3842932,8024,44.22277,7.81405,30393.7,6.0,12.1,79.8,-51.6,1.0,-1.0,RS41-SG,403.700,11.8,625,10,2.5,,
2026-10-06T00:05:13.993Z,X3842932,8025,44.22278,7.81420,30398.9,4.6,12.2,82.5,-51.6,1.1,-1.0,RS41-SG,403.700,11.8,625,10,2.6,,
2026-10-06T00:05:14.993Z,X3842932,8026,44.22280,7.81435,30403.4,4.5,12.0,81.4,-51.6,1.0,-1.0,RS41-SG,403.700,11.6,625,10,2.6,,
2026-10-06T00:05:15.993Z,X3842932,8027,44.22282,7.81449,30408.4,5.4,11.7,76.8,-51.6,1.0,-1.0,RS41-SG,403.700,11.8,625,10,2.5,,
2026-10-06T00:05:16.993Z,X3842932,8028,44.22285,7.81463,30414.1,6.0,11.3,69.6,-51.6,1.0,-1.0,RS41-SG,403.700,11.8,625,10,2.5,,
2026-10-06T00:05:17.993Z,X3842932,8029,44.22289,7.81476,30419.6,5.0,11.1,63.9,-51.6,1.0,-1.0,RS41-SG,403.700,11.3,625,10,2.5,,
2026-10-06T00:05:18.993Z,X3842932,8030,44.22293,7.81488,30424.6,5.1,10.9,61.4,-51.7,1.1,-1.0,RS41-SG,403.700,10.6,625,10,2.5,,
2026-10-06T00:05:19.993Z,X3842932,8031,44.22298,7.81500,30430.0,5.8,10.5,64.6,-51.7,1.0,-1.0,RS41-SG,403.700,10.6,625,10,2.6,,
2026-10-06T00:05:20.993Z,X3842932,8032,44.22301,7.81512,30436.1,6.5,10.3,74.0,-51.7,1.0,-1.0,RS41-SG,403.700,10.1,625,10,2.6,,
2026-10-06T00:05:21.993Z,X3842932,8033,44.22303,7.81525,30442.4,6.0,10.7,84.8,-51.7,1.1,-1.0,RS41-SG,403.700,9.7,625,10,2.5,,
2026-10-06T00:05:22.993Z,X3842932,8034,44.22303,7.81539,30447.8,4.6,11.6,92.5,-51.8,1.0,-1.0,RS41-SG,403.700,9.7,625,10,2.5,,
2026-10-06T00:05:23.993Z,X3842932,8035,44.22302,7.81554,30452.1,4.2,12.9,95.8,-51.8,1.1,-1.0,RS41-SG,403.700,9.9,625,10,2.5,,
2026-10-06T00:05:24.993Z,X3842932,8036,44.22301,7.81571,30456.8,5.0,14.1,94.0,-51.8,1.0,-1.0,RS41-SG,403.700,9.9,625,10,2.6,,
2026-10-06T00:05:25.993Z,X3842932,8037,44.22301,7.81589,30462.3,5.9,14.9,89.0,-51.8,1.0,-1.0,RS41-SG,403.700,10.7,625,10,2.6,,
2026-10-06T00:05:26.993Z,X3842932,8038,44.22302,7.81607,30468.0,5.5,15.3,82.8,-51.9,1.0,-1.0,RS41-SG,403.700,10.8,625,10,2.5,,
2026-10-06T00:05:27.993Z,X3842932,8039,44.22304,7.81626,30472.9,4.2,15.5,78.5,-51.9,1.0,-1.0,RS41-SG,403.700,10.9,625,10,2.5,,
2026-10-06T00:05:28.993Z,X3842932,8040,44.22307,7.81645,30477.5,4.9,15.2,76.5,-51.8,1.1,-1.0,RS41-SG,403.700,10.9,625,10,2.5,,
2026-10-06T00:05:29.993Z,X3842932,8041,44.22310,7.81663,30482.9,5.8,14.3,77.6,-51.8,1.1,-1.0,RS41-SG,403.700,10.4,625,10,2.5,,
2026-10-06T00:05:30.993Z,X3842932,8042,44.22312,7.81680,30489.1,6.7,12.9,82.3,-51.8,1.0,-1.0,RS41-SG,403.700,10.4,625,10,2.6,,
2026-10-06T00:05:31.993Z,X3842932,8043,44.22313,7.81695,30494.9,4.9,11.8,87.8,-51.8,1.0,-1.0,RS41-SG,403.700,10.6,625,10,2.6,,
2026-10-06T00:05:32.993Z,X3842932,8044,44.22313,7.81709,30499.4,4.1,10.7,92.6,-51.8,1.1,-1.0,RS41-SG,403.700,11.2,625,10,2.5,,
2026-10-06T00:05:33.993Z,X3842932,8045,44.22312,7.81722,30503.9,4.7,9.7,95.4,-51.8,1.1,-1.0,RS41-SG,403.700,11.2,625,10,2.5,,
2026-10-06T00:05:34.993Z,X3842932,8046,44.22312,7.81733,30509.1,5.6,9.0,92.9,-51.8,1.0,-1.0,RS41-SG,403.700,11.1,625,10,2.5,,
2026-10-06T00:05:35.993Z,X3842932,8047,44.22312,7.81744,30514.9,5.9,9.0,87.1,-51.8,1.0,-1.0,RS41-SG,403.700,10.1,625,10,2.5,,
2026-10-06T00:05:36.993Z,X3842932,8048,44.22312,7.81756,30520.8,5.9,9.5,82.6,-51.8,1.0,-1.0,RS41-SG,403.700,10.1,625,10,2.6,,
2026-10-06T00:05:37.993Z,X3842932,8049,44.22314,7.81768,30526.3,5.0,10.4,81.2,-51.8,1.0,-1.0,RS41-SG,403.700,9.2,625,10,2.6,,
2026-10-06T00:05:39.993Z,X3842932,8051,44.22316,7.81797,30536.5,5.3,13.0,88.3,-51.8,1.1,-1.0,RS41-SG,403.700,8.9,625,10,2.5,,
2026-10-06T00:05:40.993Z,X3842932,8052,44.22316,7.81814,30542.1,5.7,14.3,93.8,-51.7,1.0,-1.0,RS41-SG,403.700,9.2,625,10,2.5,,
2026-10-06T00:05:42.993Z,X3842932,8054,44.22311,7.81852,30553.5,5.6,16.0,101.9,-51.7,1.0,-1.0,RS41-SG,403.700,6.8,625,10,2.6,,
2026-10-06T00:05:43.993Z,X3842932,8055,44.22308,7.81871,30559.0,5.3,15.8,102.6,-51.7,1.0,-1.0,RS41-SG,403.700,8.7,625,10,2.5,,
2026-10-06T00:05:44.993Z,X3842932,8056,44.22306,7.81890,30564.5,5.7,14.8,100.2,-51.7,1.0,-1.0,RS41-SG,403.700,8.7,625,10,2.5,,
2026-10-06T00:05:45.993Z,X3842932,8057,44.22304,7.81907,30570.3,6.0,13.0,95.0,-51.7,1.0,-1.0,RS41-SG,403.700,8.1,625,10,2.5,,
2026-10-06T00:05:46.993Z,X3842932,8058,44.22304,7.81922,30576.1,5.5,11.0,88.3,-51.7,1.0,-1.0,RS41-SG,403.700,7.5,625,10,2.5,,
2026-10-06T00:05:47.993Z,X3842932,8059,44.22304,7.81934,30581.4,5.0,9.2,81.2,-51.7,1.0,-1.0,RS41-SG,403.700,10.0,625,10,2.6,,
2026-10-06T00:05:48.993Z,X3842932,8060,44.22306,7.81944,30586.3,4.7,7.3,79.3,-51.8,1.0,-1.0,RS41-SG,403.700,10.0,625,10,2.6,,
2026-10-06T00:05:50.993Z,X3842932,8062,44.22305,7.81960,30596.9,6.1,6.3,111.2,-51.8,1.0,-1.0,RS41-SG,403.700,9.5,625,10,2.5,,
2026-10-06T00:05:51.993Z,X3842932,8063,44.22302,7.81968,30603.1,6.2,8.7,127.0,-51.8,1.0,-1.0,RS41-SG,403.700,9.5,625,10,2.5,,
2026-10-06T00:05:52.993Z,X3842932,8064,44.22296,7.81978,30609.0,5.9,12.0,131.6,-51.7,1.0,-1.0,RS41-SG,403.700,9.5,625,10,2.6,,
2026-10-06T00:05:53.993Z,X3842932,8065,44.22288,7.81990,30614.4,4.9,15.2,131.0,-51.7,1.0,-1.0,RS41-SG,403.700,9.1,625,10,2.6,,
2026-10-06T00:05:54.993Z,X3842932,8066,44.22279,7.82006,30619.2,4.6,17.9,127.5,-51.6,1.0,-1.0,RS41-SG,403.700,9.7,625,10,2.5,,
2026-10-06T00:05:55.993Z,X3842932,8067,44.22269,7.82026,30624.1,5.2,19.8,121.9,-51.6,1.0,-1.0,RS41-SG,403.700,9.7,625,10,2.5,,
2026-10-06T00:05:56.993Z,X3842932,8068,44.22261,7.82048,30629.9,6.4,20.3,114.5,-51.5,1.0,-1.0,RS41-SG,403.700,8.5,625,10,2.5,,
2026-10-06T00:05:57.993Z,X3842932,8069,44.22254,7.82071,30636.3,6.4,19.7,107.3,-51.5,1.0,-1.0,RS41-SG,403.700,8.5,625,10,2.5,,
2026-10-06T00:05:58.993Z,X3842932,8070,44.22250,7.82094,30642.1,5.3,18.2,101.3,-51.4,1.0,-1.0,RS41-SG,403.700,10.0,625,10,2.6,,
2026-10-06T00:05:59.993Z,X3842932,8071,44.22248,7.82114,30647.5,5.4,15.1,97.0,-51.3,1.0,-1.0,RS41-SG,403.700,10.0,625,10,2.6,,
2026-10-06T00:06:05.993Z,X3842932,8077,44.22228,7.82167,30676.7,6.7,9.2,137.0,-51.0,1.0,-1.0,RS41-SG,403.700,8.0,625,10,2.6,,
2026-10-06T00:06:07.993Z,X3842932,8079,44.22216,7.82191,30689.9,5.2,13.7,114.0,-51.0,1.0,-1.0,RS41-SG,403.700,6.5,625,10,2.5,,
2026-10-06T00:06:08.993Z,X3842932,8080,44.22212,7.82208,30694.4,3.5,16.1,107.5,-51.0,1.0,-1.0,RS41-SG,403.700,10.0,625,10,2.5,,
2026-10-06T00:06:09.993Z,X3842932,8081,44.22208,7.82229,30697.8,3.4,18.2,103.7,-51.0,1.0,-1.0,RS41-SG,403.700,10.0,625,10,2.6,,
2026-10-06T00:06:10.993Z,X3842932,8082,44.22204,7.82252,30701.9,4.8,19.4,102.4,-50.9,1.0,-1.0,RS41-SG,403.700,10.0,625,10,2.6,,
2026-10-06T00:06:11.993Z,X3842932,8083,44.22200,7.82275,30707.4,6.3,19.3,103.1,-50.9,1.0,-1.0,RS41-SG,403.700,11.7,625,10,2.5,,
2026-10-06T00:06:12.993Z,X3842932,8084,44.22196,7.82298,30713.5,5.7,18.3,104.5,-50.9,1.0,-1.0,RS41-SG,403.700,11.7,625,10,2.5,,
2026-10-06T00:06:13.993Z,X3842932,8085,44.22192,7.82319,30719.1,5.6,16.8,105.1,-50.8,1.0,-1.0,RS41-SG,403.700,10.9,625,10,2.5,,
2026-10-06T00:06:14.993Z,X3842932,8086,44.22188,7.82338,30724.9,6.0,15.1,105.1,-50.8,0.9,-1.0,RS41-SG,403.700,9.5,625,10,2.5,,
2026-10-06T00:06:15.993Z,X3842932,8087,44.22185,7.82356,30730.9,6.2,13.7,103.3,-50.8,1.0,-1.0,RS41-SG,403.700,9.7,625,10,2.6,,
2026-10-06T00:06:16.993Z,X3842932,8088,44.22182,7.82372,30736.5,5.0,12.6,102.7,-50.7,1.0,-1.0,RS41-SG,403.700,9.9,625,10,2.6,,
2026-10-06T00:06:17.993Z,X3842932,8089,44.22180,7.82387,30741.5,5.1,11.6,104.5,-50.7,0.9,-1.0,RS41-SG,403.700,10.7,625,10,2.5,,
2026-10-06T00:06:18.993Z,X3842932,8090,44.22177,7.82400,30747.0,5.9,11.0,110.6,-50.6,1.0,-1.0,RS41-SG,403.700,10.7,625,10,2.5,,
2026-10-06T00:06:19.993Z,X3842932,8091,44.22172,7.82412,30753.0,6.1,11.1,118.3,-50.5,0.9,-1.0,RS41-SG,403.700,10.8,625,10,2.5,,
2026-10-06T00:06:20.993Z,X3842932,8092,44.22167,7.82425,30758.7,5.3,11.9,123.8,-50.4,1.0,-1.0,RS41-SG,403.700,10.8,625,10,2.6,,
2026-10-06T00:06:21.993Z,X3842932,8093,44.22161,7.82438,30763.8,4.9,13.4,124.3,-50.3,0.9,-1.0,RS41-SG,403.700,10.3,625,10,2.6,,
2026-10-06T00:06:22.993Z,X3842932,8094,44.22154,7.82453,30769.2,5.8,15.4,121.0,-50.2,0.9,-1.0,RS41-SG,403.700,9.7,625,10,2.5,,
2026-10-06T00:06:23.993Z,X3842932,8095,44.22147,7.82471,30775.2,6.0,17.5,115.9,-50.2,0.9,-1.0,RS41-SG,403.700,9.7,625,10,2.5,,
2026-10-06T00:06:24.993Z,X3842932,8096,44.22140,7.82492,30780.6,4.7,18.9,111.7,-50.1,0.9,-1.0,RS41-SG,403.700,10.7,625,10,2.5,,
2026-10-06T00:06:25.993Z,X3842932,8097,44.22134,7.82514,30785.1,4.3,19.7,108.8,-50.0,0.9,-1.0,RS41-SG,403.700,10.7,625,10,2.5,,
2026-10-06T00:06:26.993Z,X3842932,8098,44.22129,7.82537,30790.1,5.6,19.4,107.1,-50.0,0.9,-1.0,RS41-SG,403.700,10.7,625,10,2.6,,
2026-10-06T00:06:27.993Z,X3842932,8099,44.22124,7.82560,30796.1,6.5,18.2,108.1,-49.9,0.9,-1.0,RS41-SG,403.700,10.8,625,10,2.6,,
2026-10-06T00:06:28.993Z,X3842932,8100,44.22119,7.82580,30802.1,5.4,16.8,110.5,-49.9,0.9,-1.0,RS41-SG,403.700,10.8,625,10,2.5,,
2026-10-06T00:06:29.993Z,X3842932,8101,44.22113,7.82599,30807.2,4.7,15.4,113.7,-49.9,0.9,-1.0,RS41-SG,403.700,10.5,625,10,2.5,,
2026-10-06T00:06:30.993Z,X3842932,8102,44.22108,7.82616,30811.9,4.9,14.3,115.6,-49.9,0.9,-1.0,RS41-SG,403.700,11.0,625,10,2.5,,
2026-10-06T00:06:31.993Z,X3842932,8103,44.22102,7.82631,30817.1,5.5,13.6,115.8,-49.8,0.9,-1.0,RS41-SG,403.700,11.0,625,10,2.5,,
2026-10-06T00:06:32.993Z,X3842932,8104,44.22097,7.82646,30823.0,6.3,13.4,114.7,-49.8,0.9,-1.0,RS41-SG,403.700,10.8,625,10,2.6,,
2026-10-06T00:06:33.993Z,X3842932,8105,44.22092,7.82662,30828.9,5.6,13.4,113.7,-49.9,0.9,-1.0,RS41-SG,403.700,10.2,625,10,2.6,,
2026-10-06T00:06:34.993Z,X3842932,8106,44.22087,7.82677,30834.1,4.9,13.7,114.0,-49.9,1.0,-1.0,RS41-SG,403.700,10.7,625,10,2.5,,
2026-10-06T00:06:35.993Z,X3842932,8107,44.22082,7.82693,30839.3,5.4,13.9,115.9,-49.9,0.9,-1.0,RS41-SG,403.700,10.7,625,10,2.5,,
2026-10-06T00:06:36.993Z,X3842932,8108,44.22076,7.82708,30845.0,6.0,14.1,119.7,-49.9,0.9,-1.0,RS41-SG,403.700,10.0,625,10,2.5,,
2026-10-06T00:06:37.993Z,X3842932,8109,44.22070,7.82723,30850.7,5.4,14.3,122.8,-49.9,0.9,-1.0,RS41-SG,403.700,11.2,625,10,2.6,,
2026-10-06T00:06:38.993Z,X3842932,8110,44.22062,7.82738,30856.1,5.2,14.6,124.2,-49.9,0.9,-1.0,RS41-SG,403.700,11.2,625,10,2.6,,
2026-10-06T00:06:39.993Z,X3842932,8111,44.22055,7.82754,30861.6,5.8,15.2,122.1,-49.9,0.9,-1.0,RS41-SG,403.700,10.7,625,10,2.5,,
2026-10-06T00:06:40.993Z,X3842932,8112,44.22048,7.82771,30867.6,6.3,16.0,117.3,-49.9,0.9,-1.0,RS41-SG,403.700,10.3,625,10,2.5,,
2026-10-06T00:06:41.993Z,X3842932,8113,44.22042,7.82789,30873.7,5.7,16.7,112.1,-49.9,0.9,-1.0,RS41-SG,403.700,10.4,625,10,2.5,,
2026-10-06T00:06:42.993Z,X3842932,8114,44.22037,7.82809,30878.8,4.6,17.1,108.5,-50.0,0.9,-1.0,RS41-SG,403.700,11.1,625,10,2.5,,
2026-10-06T00:06:43.993Z,X3842932,8115,44.22032,7.82829,30883.7,5.2,16.8,107.0,-50.0,0.9,-1.0,RS41-SG,403.700,11.1,625,10,2.6,,
2026-10-06T00:06:44.993Z,X3842932,8116,44.22028,7.82848,30889.5,6.4,15.8,108.1,-50.0,0.9,-1.0,RS41-SG,403.700,11.2,625,10,2.6,,
2026-10-06T00:06:45.993Z,X3842932,8117,44.22023,7.82866,30895.8,6.1,14.7,111.6,-50.1,1.0,-1.0,RS41-SG,403.700,11.5,625,10,2.5,,
2026-10-06T00:06:46.993Z,X3842932,8118,44.22018,7.82882,30901.2,4.5,13.8,115.3,-50.1,0.9,-1.0,RS41-SG,403.700,11.5,625,10,2.5,,
2026-10-06T00:06:47.993Z,X3842932,8119,44.22013,7.82897,30905.9,5.0,13.3,118.8,-50.1,1.0,-1.0,RS41-SG,403.700,11.1,625,10,2.5,,
2026-10-06T00:06:48.993Z,X3842932,8120,44.22007,7.82912,30911.4,6.3,13.5,120.3,-50.2,1.0,-1.0,RS41-SG,403.700,11.1,625,10,2.6,,
2026-10-06T00:06:49.993Z,X3842932,8121,44.22001,7.82927,30917.6,6.1,14.0,119.2,-50.2,1.0,-1.0,RS41-SG,403.700,10.2,625,10,2.6,,
2026-10-06T00:06:50.993Z,X3842932,8122,44.21995,7.82943,30922.9,4.7,14.7,118.1,-50.3,1.0,-1.0,RS41-SG,403.700,10.4,625,10,2.5,,
2026-10-06T00:06:51.993Z,X3842932,8123,44.21988,7.82959,30928.0,5.3,15.3,118.4,-50.3,1.0,-1.0,RS41-SG,403.700,10.4,625,10,2.5,,
2026-10-06T00:06:52.993Z,X3842932,8124,44.21981,7.82976,30933.7,6.2,15.7,120.9,-50.4,1.0,-1.0,RS41-SG,403.700,10.9,625,10,2.5,,
2026-10-06T00:06:53.993Z,X3842932,8125,44.21974,7.82992,30939.9,6.1,15.8,123.7,-50.4,1.0,-1.0,RS41-SG,403.700,10.9,625,10,2.5,,
2026-10-06T00:06:54.993Z,X3842932,8126,44.21966,7.83009,30945.5,5.2,16.0,124.9,-50.4,1.0,-1.0,RS41-SG,403.700,10.4,625,10,2.6,,
2026-10-06T00:06:55.993Z,X3842932,8127,44.21958,7.83025,30950.8,5.4,16.5,124.9,-50.5,1.0,-1.0,RS41-SG,403.700,10.4,625,10,2.6,,
2026-10-06T00:06:56.993Z,X3842932,8128,44.21949,7.83043,30956.6,6.1,17.2,122.2,-50.5,1.0,-1.0,RS41-SG,403.700,11.0,625,10,2.5,,
2026-10-06T00:06:57.993Z,X3842932,8129,44.21941,7.83062,30962.7,6.1,18.0,119.9,-50.6,1.0,-1.0,RS41-SG,403.700,11.0,625,10,2.5,,
2026-10-06T00:06:58.993Z,X3842932,8130,44.21933,7.83081,30968.2,4.8,18.4,117.9,-50.6,1.0,-1.0,RS41-SG,403.700,10.3,625,10,2.5,,
2026-10-06T00:06:59.993Z,X3842932,8131,44.21926,7.83101,30973.1,5.0,18.1,117.9,-50.6,1.0,-1.0,RS41-SG,403.700,11.1,625,10,2.6,,
2026-10-06T00:07:00.993Z,X3842932,8132,44.21918,7.83121,30978.4,5.6,17.1,119.7,-50.6,1.0,-1.0,RS41-SG,403.700,11.6,625,10,2.6,,
2026-10-06T00:07:01.993Z,X3842932,8133,44.21910,7.83138,30984.1,5.9,15.7,123.9,-50.7,1.0,-1.0,RS41-SG,403.700,11.6,625,10,2.5,,
2026-10-06T00:07:02.993Z,X3842932,8134,44.21902,7.83153,30990.1,5.8,14.4,129.3,-50.7,1.0,-1.0,RS41-SG,403.700,11.3,625,10,2.5,,
2026-10-06T00:07:03.993Z,X3842932,8135,44.21894,7.83166,30995.6,5.1,13.5,133.4,-50.7,1.0,-1.0,RS41-SG,403.700,12.1,625,10,2.5,,
2026-10-06T00:07:04.993Z,X3842932,8136,44.21886,7.83178,31000.4,4.8,13.1,134.4,-50.7,1.0,-1.0,RS41-SG,403.700,12.1,625,10,2.5,,
2026-10-06T00:07:05.993Z,X3842932,8137,44.21878,7.83190,31005.7,5.7,13.3,131.7,-50.8,1.0,-1.0,RS41-SG,403.700,10.9,625,10,2.6,,
2026-10-06T00:07:06.993Z,X3842932,8138,44.21870,7.83203,31011.9,6.6,14.0,125.7,-50.8,1.0,-1.0,RS41-SG,403.700,9.4,625,10,2.6,,
2026-10-06T00:07:07.993Z,X3842932,8139,44.21863,7.83219,31017.9,5.4,15.2,120.6,-50.8,1.0,-1.0,RS41-SG,403.700,10.4,625,10,2.5,,
2026-10-06T00:07:08.993Z,X3842932,8140,44.21856,7.83236,31022.7,4.0,16.6,117.9,-50.8,1.0,-1.0,RS41-SG,403.700,11.4,625,9,2.5,,
2026-10-06T00:07:09.993Z,X3842932,8141,44.21849,7.83255,31026.9,4.5,17.9,117.5,-50.8,1.0,-1.0,RS41-SG,403.700,11.4,625,10,2.5,,
2026-10-06T00:07:10.993Z,X3842932,8142,44.21841,7.83275,31032.1,5.8,18.4,120.9,-50.8,1.0,-1.0,RS41-SG,403.700,10.3,625,10,2.5,,
2026-10-06T00:07:11.993Z,X3842932,8143,44.21832,7.83294,31038.2,6.4,18.2,125.4,-50.9,1.0,-1.0,RS41-SG,403.700,10.5,625,10,2.6,,
2026-10-06T00:07:12.993Z,X3842932,8144,44.21823,7.83311,31044.1,5.4,17.4,129.7,-50.9,1.0,-1.0,RS41-SG,403.700,10.5,625,10,2.6,,
2026-10-06T00:07:13.993Z,X3842932,8145,44.21813,7.83327,31049.4,5.0,16.3,132.6,-50.9,1.0,-1.0,RS41-SG,403.700,10.6,625,10,2.5,,
2026-10-06T00:07:14.993Z,X3842932,8146,44.21803,7.83342,31054.6,5.5,14.8,132.9,-51.0,1.0,-1.0,RS41-SG,403.700,10.6,625,10,2.5,,
2026-10-06T00:07:15.993Z,X3842932,8147,44.21795,7.83355,31060.5,6.4,13.2,130.2,-51.0,1.0,-1.0,RS41-SG,403.700,10.3,625,10,2.5,,
2026-10-06T00:07:16.993Z,X3842932,8148,44.21788,7.83367,31066.4,5.7,11.9,124.9,-51.0,1.0,-1.0,RS41-SG,403.700,10.4,625,10,2.6,,
2026-10-06T00:07:17.993Z,X3842932,8149,44.21783,7.83379,31071.5,4.5,11.1,119.6,-51.0,1.0,-1.0,RS41-SG,403.700,10.4,625,10,2.6,,
2026-10-06T00:07:18.993Z,X3842932,8150,44.21778,7.83391,31076.1,4.5,10.6,116.9,-51.1,1.0,-1.0,RS41-SG,403.700,9.0,625,10,2.5,,
2026-10-06T00:07:19.993Z,X3842932,8151,44.21774,7.83402,31081.1,5.6,10.1,118.7,-51.1,1.0,-1.0,RS41-SG,403.700,9.7,625,10,2.5,,
2026-10-06T00:07:20.993Z,X3842932,8152,44.21769,7.83413,31087.0,6.3,10.1,125.3,-51.1,1.0,-1.0,RS41-SG,403.700,9.7,625,10,2.5,,
2026-10-06T00:07:21.993Z,X3842932,8153,44.21763,7.83423,31093.0,5.5,10.7,131.9,-51.0,1.0,-1.0,RS41-SG,403.700,9.6,625,10,2.5,,
2026-10-06T00:07:22.993Z,X3842932,8154,44.21756,7.83433,31098.3,5.0,11.9,135.7,-51.0,1.0,-1.0,RS41-SG,403.700,9.1,625,10,2.6,,
2026-10-06T00:07:23.993Z,X3842932,8155,44.21748,7.83444,31103.7,5.5,13.6,135.9,-51.0,1.0,-1.0,RS41-SG,403.700,9.1,625,10,2.6,,
2026-10-06T00:07:24.993Z,X3842932,8156,44.21739,7.83457,31109.5,6.1,15.5,133.1,-50.9,1.0,-1.0,RS41-SG,403.700,9.5,625,10,2.5,,
2026-10-06T00:07:25.993Z,X3842932,8157,44.21729,7.83472,31115.4,5.7,16.7,130.3,-50.9,1.0,-1.0,RS41-SG,403.700,9.5,625,10,2.5,,
2026-10-06T00:07:26.993Z,X3842932,8158,44.21719,7.83489,31120.5,4.5,17.5,128.6,-50.9,1.0,-1.0,RS41-SG,403.700,10.1,625,10,2.5,,
2026-10-06T00:07:27.993Z,X3842932,8159,44.21710,7.83506,31125.5,5.3,17.5,128.3,-50.8,1.0,-1.0,RS41-SG,403.700,10.1,625,10,2.6,,
2026-10-06T00:07:28.993Z,X3842932,8160,44.21700,7.83522,31131.3,6.5,16.4,130.9,-50.8,1.0,-1.0,RS41-SG,403.700,9.2,625,10,2.6,,
2026-10-06T00:07:29.993Z,X3842932,8161,44.21690,7.83536,31137.9,6.5,15.0,135.3,-50.7,0.9,-1.0,RS41-SG,403.700,10.0,625,10,2.5,,
2026-10-06T00:07:30.993Z,X3842932,8162,44.21681,7.83548,31143.8,5.2,13.6,139.4,-50.7,1.0,-1.0,RS41-SG,403.700,10.0,625,10,2.5,,
2026-10-06T00:07:31.993Z,X3842932,8163,44.21672,7.83559,31149.0,5.1,11.9,141.8,-50.6,1.0,-1.0,RS41-SG,403.700,9.8,625,10,2.5,,
2026-10-06T00:07:32.993Z,X3842932,8164,44.21664,7.83567,31154.4,5.6,10.6,140.7,-50.6,1.0,-1.0,RS41-SG,403.700,9.8,625,10,2.5,,
2026-10-06T00:07:33.993Z,X3842932,8165,44.21658,7.83576,31160.3,6.3,9.8,134.4,-50.6,1.0,-1.0,RS41-SG,403.700,8.4,625,10,2.6,,
2026-10-06T00:07:34.993Z,X3842932,8166,44.21652,7.83585,31166.4,5.8,10.0,128.2,-50.7,1.0,-1.0,RS41-SG,403.700,9.1,625,10,2.6,,
2026-10-06T00:07:35.993Z,X3842932,8167,44.21646,7.83595,31171.7,4.8,10.8,125.8,-50.7,1.0,-1.0,RS41-SG,403.700,9.1,625,10,2.5,,
2026-10-06T00:07:36.993Z,X3842932,8168,44.21640,7.83607,31176.9,5.5,12.0,127.8,-50.7,1.0,-1.0,RS41-SG,403.700,9.1,625,10,2.5,,
2026-10-06T00:07:37.993Z,X3842932,8169,44.21633,7.83619,31182.8,6.3,13.5,133.6,-50.7,1.0,-1.0,RS41-SG,403.700,9.7,625,10,2.5,,
2026-10-06T00:07:38.993Z,X3842932,8170,44.21623,7.83631,31189.0,6.0,14.8,139.4,-50.7,1.0,-1.0,RS41-SG,403.700,10.2,625,10,2.6,,
2026-10-06T00:07:39.993Z,X3842932,8171,44.21613,7.83643,31194.3,4.5,15.8,143.4,-50.7,1.0,-1.0,RS41-SG,403.700,10.3,625,10,2.6,,
2026-10-06T00:07:40.993Z,X3842932,8172,44.21601,7.83654,31199.1,5.0,16.6,145.1,-50.7,1.0,-1.0,RS41-SG,403.700,10.9,625,10,2.5,,
2026-10-06T00:07:41.993Z,X3842932,8173,44.21589,7.83666,31204.8,6.3,16.6,143.9,-50.7,1.0,-1.0,RS41-SG,403.700,10.9,625,10,2.5,,
2026-10-06T00:07:42.993Z,X3842932,8174,44.21577,7.83679,31211.4,6.7,15.8,140.6,-50.7,1.0,-1.0,RS41-SG,403.700,10.0,625,10,2.5,,
2026-10-06T00:07:44.993Z,X3842932,8176,44.21558,7.83703,31222.8,5.1,13.1,134.5,-50.8,1.0,-1.0,RS41-SG,403.700,9.9,625,10,2.6,,
2026-10-06T00:07:45.993Z,X3842932,8177,44.21550,7.83714,31228.0,5.3,11.5,135.0,-50.8,1.0,-1.0,RS41-SG,403.700,10.1,625,10,2.6,,
2026-10-06T00:07:46.993Z,X3842932,8178,44.21543,7.83723,31233.5,5.7,10.2,139.4,-50.8,1.0,-1.0,RS41-SG,403.700,10.1,625,10,2.5,,
2026-10-06T00:07:47.993Z,X3842932,8179,44.21536,7.83731,31239.4,6.0,9.6,147.1,-50.8,1.0,-1.0,RS41-SG,403.700,10.2,625,10,2.5,,
2026-10-06T00:07:48.993Z,X3842932,8180,44.21529,7.83737,31245.3,5.9,9.7,152.7,-50.8,1.0,-1.0,RS41-SG,403.700,10.2,625,10,2.5,,
2026-10-06T00:07:49.993Z,X3842932,8181,44.21521,7.83742,31250.9,5.1,10.4,154.6,-50.8,1.0,-1.0,RS41-SG,403.700,9.6,625,10,2.6,,
2026-10-06T00:07:51.993Z,X3842932,8183,44.21503,7.83756,31261.7,5.9,12.5,145.1,-50.9,1.0,-1.0,RS41-SG,403.700,9.2,625,10,2.5,,
2026-10-06T00:07:52.993Z,X3842932,8184,44.21494,7.83767,31267.7,6.3,13.8,138.1,-50.9,1.0,-1.0,RS41-SG,403.700,9.2,625,10,2.5,,
2026-10-06T00:07:53.993Z,X3842932,8185,44.21485,7.83779,31273.4,5.3,14.6,132.8,-50.9,1.0,-1.0,RS41-SG,403.700,8.8,625,10,2.5,,
2026-10-06T00:07:54.993Z,X3842932,8186,44.21476,7.83793,31278.4,4.6,15.3,130.3,-51.0,1.0,-1.0,RS41-SG,403.700,8.7,625,10,2.5,,
2026-10-06T00:07:55.993Z,X3842932,8187,44.21467,7.83807,31283.6,5.9,15.1,131.4,-51.0,1.0,-1.0,RS41-SG,403.700,9.9,625,10,2.6,,
2026-10-06T00:07:56.993Z,X3842932,8188,44.21458,7.83820,31290.1,7.0,14.3,138.1,-51.0,1.0,-1.0,RS41-SG,403.700,10.2,625,10,2.6,,
2026-10-06T00:07:57.993Z,X3842932,8189,44.21448,7.83831,31296.9,6.5,13.4,146.6,-51.1,1.0,-1.0,RS41-SG,403.700,10.2,625,10,2.5,,
2026-10-06T00:07:58.993Z,X3842932,8190,44.21438,7.83839,31302.5,4.7,12.7,154.2,-51.1,1.0,-1.0,RS41-SG,403.700,10.8,625,10,2.5,,
2026-10-06T00:07:59.993Z,X3842932,8191,44.21428,7.83845,31307.2,4.9,11.9,161.4,-51.1,1.0,-1.0,RS41-SG,403.700,10.8,625,10,2.5,,
2026-10-06T00:08:00.993Z,X3842932,8192,44.21418,7.83849,31312.5,5.8,11.0,164.9,-51.1,1.0,-1.0,RS41-SG,403.700,10.6,625,10,2.6,,
2026-10-06T00:08:01.993Z,X3842932,8193,44.21409,7.83853,31318.7,6.6,10.1,163.1,-51.2,1.0,-1.0,RS41-SG,403.700,10.6,625,10,2.6,,
2026-10-06T00:08:02.993Z,X3842932,8194,44.21400,7.83857,31324.7,5.4,9.8,157.5,-51.2,1.0,-1.0,RS41-SG,403.700,10.4,625,10,2.5,,
2026-10-06T00:08:03.993Z,X3842932,8195,44.21392,7.83862,31330.0,5.2,10.1,151.6,-51.2,1.0,-1.0,RS41-SG,403.700,11.6,625,10,2.5,,
2026-10-06T00:08:04.993Z,X3842932,8196,44.21384,7.83869,31335.4,5.6,10.9,148.5,-51.3,1.0,-1.0,RS41-SG,403.700,11.6,625,10,2.5,,
2026-10-06T00:08:05.993Z,X3842932,8197,44.21375,7.83876,31341.4,6.3,12.3,148.6,-51.3,1.0,-1.0,RS41-SG,403.700,11.5,625,10,2.5,,
2026-10-06T00:08:06.993Z,X3842932,8198,44.21365,7.83884,31348.0,6.7,13.6,150.5,-51.4,1.0,-1.0,RS41-SG,403.700,11.5,625,10,2.6,,
2026-10-06T00:08:07.993Z,X3842932,8199,44.21354,7.83893,31353.9,5.1,14.5,151.4,-51.4,1.0,-1.0,RS41-SG,403.700,11.1,625,10,2.6,,
2026-10-06T00:08:08.993Z,X3842932,8200,44.21343,7.83902,31359.0,5.0,14.9,150.8,-51.4,1.0,-1.0,RS41-SG,403.700,11.6,625,10,2.5,,
2026-10-06T00:08:09.993Z,X3842932,8201,44.21331,7.83911,31364.5,5.9,15.0,148.0,-51.5,1.0,-1.0,RS41-SG,403.700,11.6,625,10,2.5,,
2026-10-06T00:08:10.993Z,X3842932,8202,44.21320,7.83921,31370.9,6.8,14.7,144.8,-51.5,1.0,-1.0,RS41-SG,403.700,11.1,625,10,2.5,,
2026-10-06T00:08:11.993Z,X3842932,8203,44.21310,7.83932,31377.1,5.6,14.1,142.6,-51.6,1.0,-1.0,RS41-SG,403.700,11.1,625,10,2.6,,
2026-10-06T00:08:12.993Z,X3842932,8204,44.21300,7.83942,31382.7,5.7,13.3,143.2,-51.6,1.0,-1.0,RS41-SG,403.700,10.5,625,10,2.6,,
2026-10-06T00:08:13.993Z,X3842932,8205,44.21291,7.83951,31388.7,6.3,12.3,147.8,-51.7,1.1,-1.0,RS41-SG,403.700,11.6,625,10,2.5,,
2026-10-06T00:08:14.993Z,X3842932,8206,44.21281,7.83958,31395.0,6.2,11.8,157.5,-51.7,1.1,-1.0,RS41-SG,403.700,12.3,625,10,2.5,,
2026-10-06T00:08:15.993Z,X3842932,8207,44.21271,7.83962,31401.2,5.9,12.0,168.3,-51.8,1.1,-1.0,RS41-SG,403.700,12.3,625,10,2.5,,
2026-10-06T00:08:16.993Z,X3842932,8208,44.21260,7.83965,31407.1,5.6,12.8,175.0,-51.8,1.0,-1.0,RS41-SG,403.700,11.6,625,10,2.5,,
2026-10-06T00:08:17.993Z,X3842932,8209,44.21248,7.83966,31412.4,5.0,13.4,176.7,-51.8,1.1,-1.0,RS41-SG,403.700,11.6,625,10,2.6,,
2026-10-06T00:08:18.993Z,X3842932,8210,44.21236,7.83967,31417.7,5.4,13.8,173.5,-51.9,1.1,-1.0,RS41-SG,403.700,11.2,625,10,2.6,,
2026-10-06T00:08:19.993Z,X3842932,8211,44.21224,7.83970,31423.6,6.2,14.1,166.0,-51.9,1.0,-1.0,RS41-SG,403.700,11.1,625,10,2.5,,
2026-10-06T00:08:20.993Z,X3842932,8212,44.21212,7.83976,31429.7,6.1,14.0,157.2,-51.9,1.1,-1.0,RS41-SG,403.700,11.3,625,10,2.5,,
2026-10-06T00:08:21.993Z,X3842932,8213,44.21201,7.83984,31435.6,5.6,13.8,148.4,-51.9,1.1,-1.0,RS41-SG,403.700,12.2,625,10,2.5,,
2026-10-06T00:08:22.993Z,X3842932,8214,44.21191,7.83993,31441.1,5.4,12.9,140.9,-51.9,1.1,-1.0,RS41-SG,403.700,12.2,625,10,2.6,,
2026-10-06T00:08:23.993Z,X3842932,8215,44.21183,7.84003,31446.6,5.7,11.5,137.5,-51.8,1.0,-1.0,RS41-SG,403.700,11.9,625,10,2.6,,
2026-10-06T00:08:24.993Z,X3842932,8216,44.21176,7.84012,31452.7,6.3,9.7,141.3,-51.8,1.1,-1.0,RS41-SG,403.700,11.8,625,10,2.5,,
2026-10-06T00:08:25.993Z,X3842932,8217,44.21169,7.84018,31459.2,6.6,8.2,154.8,-51.8,1.0,-1.0,RS41-SG,403.700,12.0,625,10,2.5,,
2026-10-06T00:08:26.993Z,X3842932,8218,44.21162,7.84021,31465.6,6.3,8.3,173.3,-51.8,1.0,-1.0,RS41-SG,403.700,12.1,625,10,2.5,,
2026-10-06T00:08:27.993Z,X3842932,8219,44.21154,7.84021,31471.3,5.4,9.6,185.5,-51.8,1.0,-1.0,RS41-SG,403.700,12.1,625,10,2.5,,
2026-10-06T00:08:28.993Z,X3842932,8220,44.21145,7.84019,31476.6,5.0,11.3,189.6,-51.8,1.0,-1.0,RS41-SG,403.700,11.4,625,10,2.6,,
2026-10-06T00:08:29.993Z,X3842932,8221,44.21134,7.84017,31481.7,5.4,12.6,187.4,-51.7,1.0,-1.0,RS41-SG,403.700,11.4,625,10,2.6,,
2026-10-06T00:08:30.993Z,X3842932,8222,44.21122,7.84016,31487.4,5.9,13.3,180.8,-51.7,1.0,-1.0,RS41-SG,403.700,11.5,625,10,2.5,,
2026-10-06T00:08:31.993Z,X3842932,8223,44.21111,7.84017,31493.3,5.9,13.2,172.3,-51.7,1.0,-1.0,RS41-SG,403.700,11.5,625,10,2.5,,
2026-10-06T00:08:32.993Z,X3842932,8224,44.21099,7.84020,31499.1,5.6,12.5,163.9,-51.6,1.0,-1.0,RS41-SG,403.700,11.7,625,10,2.5,,
2026-10-06T00:08:33.993Z,X3842932,8225,44.21089,7.84025,31504.5,5.4,11.3,156.5,-51.6,1.0,-1.0,RS41-SG,403.700,12.7,625,10,2.6,,
2026-10-06T00:08:34.993Z,X3842932,8226,44.21081,7.84030,31510.0,5.4,10.0,152.2,-51.6,1.0,-1.0,RS41-SG,403.700,12.7,625,10,2.6,,
2026-10-06T00:08:35.993Z,X3842932,8227,44.21073,7.84036,31515.5,5.8,8.7,154.2,-51.6,1.0,-1.0,RS41-SG,403.700,12.6,625,10,2.5,,
2026-10-06T00:08:36.993Z,X3842932,8228,44.21067,7.84040,31521.6,6.3,7.7,162.6,-51.6,1.0,-1.0,RS41-SG,403.700,12.6,625,10,2.5,,
2026-10-06T00:08:37.993Z,X3842932,8229,44.21060,7.84041,31527.9,6.1,7.7,175.3,-51.6,1.0,-1.0,RS41-SG,403.700,12.6,625,10,2.5,,
2026-10-06T00:08:38.993Z,X3842932,8230,44.21053,7.84041,31533.5,5.0,8.7,183.6,-51.6,1.0,-1.0,RS41-SG,403.700,12.5,625,10,2.5,,
2026-10-06T00:08:39.993Z,X3842932,8231,44.21044,7.84040,31538.6,5.2,10.1,185.7,-51.6,1.0,-1.0,RS41-SG,403.700,10.6,625,10,2.6,,
2026-10-06T00:08:40.993Z,X3842932,8232,44.21035,7.84040,31544.0,5.8,11.5,182.2,-51.6,1.0,-1.0,RS41-SG,403.700,10.6,625,10,2.6,,
2026-10-06T00:08:41.993Z,X3842932,8233,44.21024,7.84040,31550.1,6.4,12.5,174.6,-51.6,1.0,-1.0,RS41-SG,403.700,10.6,625,10,2.5,,
2026-10-06T00:08:42.993Z,X3842932,8234,44.21012,7.84043,31556.6,6.6,13.1,165.8,-51.6,1.0,-1.0,RS41-SG,403.700,11.6,625,10,2.5,,
2026-10-06T00:08:43.993Z,X3842932,8235,44.21001,7.84048,31563.2,6.6,13.5,157.5,-51.7,1.0,-1.0,RS41-SG,403.700,12.8,625,10,2.5,,
2026-10-06T00:08:44.993Z,X3842932,8236,44.20990,7.84055,31569.6,6.2,13.0,151.2,-51.6,1.0,-1.0,RS41-SG,403.700,12.8,625,10,2.6,,
2026-10-06T00:08:45.993Z,X3842932,8237,44.20981,7.84063,31575.6,5.8,12.0,145.9,-51.6,1.0,-1.0,RS41-SG,403.700,12.5,625,10,2.6,,
2026-10-06T00:08:46.993Z,X3842932,8238,44.20973,7.84071,31581.5,5.9,10.2,143.1,-51.5,1.0,-1.0,RS41-SG,403.700,13.1,625,10,2.5,,
2026-10-06T00:08:47.993Z,X3842932,8239,44.20966,7.84078,31587.6,6.4,7.5,144.6,-51.5,1.0,-1.0,RS41-SG,403.700,13.1,625,10,2.5,,
2026-10-06T00:08:48.993Z,X3842932,8240,44.20962,7.84082,31594.0,6.3,5.0,155.7,-51.4,1.0,-1.0,RS41-SG,403.700,12.7,625,10,2.5,,
2026-10-06T00:08:49.993Z,X3842932,8241,44.20958,7.84083,31600.0,5.7,3.6,177.9,-51.4,1.0,-1.0,RS41-SG,403.700,12.0,625,10,2.5,,
2026-10-06T00:08:50.993Z,X3842932,8242,44.20955,7.84083,31605.2,4.9,3.5,196.3,-51.3,1.0,-1.0,RS41-SG,403.700,12.0,625,10,2.6,,
2026-10-06T00:08:51.993Z,X3842932,8243,44.20952,7.84082,31610.7,5.9,4.0,190.4,-51.3,1.0,-1.0,RS41-SG,403.700,11.9,625,10,2.6,,
2026-10-06T00:08:52.993Z,X3842932,8244,44.20947,7.84082,31617.2,7.0,5.3,170.8,-51.2,1.0,-1.0,RS41-SG,403.700,11.9,625,10,2.5,,
2026-10-06T00:08:53.993Z,X3842932,8245,44.20942,7.84084,31624.4,7.4,7.7,154.3,-51.2,1.0,-1.0,RS41-SG,403.700,11.5,625,10,2.5,,
2026-10-06T00:08:54.993Z,X3842932,8246,44.20935,7.84090,31630.9,5.4,10.1,147.0,-51.2,1.0,-1.0,RS41-SG,403.700,12.0,625,10,2.5,,
2026-10-06T00:08:55.993Z,X3842932,8247,44.20927,7.84098,31635.7,4.3,12.4,143.1,-51.1,1.0,-1.0,RS41-SG,403.700,12.1,625,10,2.6,,
2026-10-06T00:08:56.993Z,X3842932,8248,44.20917,7.84108,31640.4,5.0,14.1,142.8,-51.1,1.0,-1.0,RS41-SG,403.700,13.0,625,10,2.6,,
2026-10-06T00:08:57.993Z,X3842932,8249,44.20907,7.84118,31646.2,6.6,14.3,144.3,-51.1,1.0,-1.0,RS41-SG,403.700,13.2,625,10,2.5,,
2026-10-06T00:08:58.993Z,X3842932,8250,44.20897,7.84128,31653.1,7.3,13.0,147.2,-51.1,1.0,-1.0,RS41-SG,403.700,13.2,625,10,2.5,,
2026-10-06T00:08:59.993Z,X3842932,8251,44.20888,7.84136,31660.1,6.6,11.0,151.1,-51.1,1.0,-1.0,RS41-SG,403.700,12.6,625,10,2.5,,
2026-10-06T00:09:00.993Z,X3842932,8252,44.20880,7.84141,31666.4,5.7,8.5,153.4,-51.1,1.0,-1.0,RS41-SG,403.700,11.3,625,10,2.5,,
2026-10-06T00:09:01.993Z,X3842932,8253,44.20875,7.84145,31671.9,5.2,5.8,149.7,-51.2,1.0,-1.0,RS41-SG,403.700,11.3,625,10,2.6,,
2026-10-06T00:09:02.993Z,X3842932,8254,44.20871,7.84149,31677.2,5.3,3.6,128.2,-51.2,1.0,-1.0,RS41-SG,403.700,11.7,625,10,2.6,,
2026-10-06T00:09:03.993Z,X3842932,8255,44.20870,7.84153,31682.7,5.7,3.4,90.3,-51.1,1.0,-1.0,RS41-SG,403.700,12.0,625,10,2.5,,
2026-10-06T00:09:04.993Z,X3842932,8256,44.20871,7.84158,31688.4,5.7,4.6,80.2,-51.1,1.0,-1.0,RS41-SG,403.700,12.0,625,10,2.5,,
2026-10-06T00:09:05.993Z,X3842932,8257,44.20871,7.84164,31694.3,6.1,5.6,90.5,-51.1,1.0,-1.0,RS41-SG,403.700,12.2,625,10,2.5,,
2026-10-06T00:09:06.993Z,X3842932,8258,44.20870,7.84171,31700.7,6.7,6.6,109.1,-51.1,1.0,-1.0,RS41-SG,403.700,13.2,625,10,2.6,,
2026-10-06T00:09:07.993Z,X3842932,8259,44.20867,7.84179,31707.7,7.2,8.1,129.4,-51.1,1.0,-1.0,RS41-SG,403.700,13.2,625,10,2.6,,
2026-10-06T00:09:08.993Z,X3842932,8260,44.20861,7.84187,31714.3,6.0,10.0,141.9,-51.0,0.9,-1.0,RS41-SG,403.700,13.5,625,10,2.5,,
2026-10-06T00:09:09.993Z,X3842932,8261,44.20853,7.84195,31719.7,4.9,11.7,148.9,-51.0,1.0,-1.0,RS41-SG,403.700,13.5,625,10,2.5,,
2026-10-06T00:09:10.993Z,X3842932,8262,44.20843,7.84202,31724.7,5.2,13.2,151.0,-50.9,1.0,-1.0,RS41-SG,403.700,12.9,625,10,2.5,,
2026-10-06T00:09:11.993Z,X3842932,8263,44.20833,7.84211,31730.6,6.5,13.9,147.8,-50.9,1.0,-1.0,RS41-SG,403.700,13.5,625,10,2.5,,
2026-10-06T00:09:12.993Z,X3842932,8264,44.20823,7.84221,31737.4,7.3,13.5,141.0,-50.8,0.9,-1.0,RS41-SG,403.700,13.5,625,10,2.6,,
2026-10-06T00:09:13.993Z,X3842932,8265,44.20814,7.84232,31744.3,6.5,12.3,133.7,-50.8,0.9,-1.0,RS41-SG,403.700,13.5,625,10,2.6,,
2026-10-06T00:09:14.993Z,X3842932,8266,44.20808,7.84243,31750.4,5.7,10.4,125.0,-50.7,1.0,-1.0,RS41-SG,403.700,13.5,625,10,2.5,,
2026-10-06T00:09:15.993Z,X3842932,8267,44.20804,7.84252,31755.9,5.2,8.0,115.2,-50.7,0.9,-1.0,RS41-SG,403.700,12.9,625,10,2.5,,
2026-10-06T00:09:16.993Z,X3842932,8268,44.20801,7.84260,31761.2,5.5,5.3,104.4,-50.6,0.9,-1.0,RS41-SG,403.700,13.6,625,10,2.5,,
2026-10-06T00:09:17.993Z,X3842932,8269,44.20801,7.84265,31766.8,5.8,3.1,95.6,-50.5,0.9,-1.0,RS41-SG,403.700,13.6,625,10,2.6,,
2026-10-06T00:09:18.993Z,X3842932,8270,44.20800,7.84268,31772.7,5.9,1.9,111.3,-50.4,0.9,-1.0,RS41-SG,403.700,13.3,625,10,2.6,,
2026-10-06T00:09:19.993Z,X3842932,8271,44.20799,7.84270,31778.9,6.4,2.7,141.9,-50.4,0.9,-1.0,RS41-SG,403.700,12.6,625,10,2.5,,
2026-10-06T00:09:20.993Z,X3842932,8272,44.20796,7.84273,31785.7,7.1,5.4,146.8,-50.3,0.9,-1.0,RS41-SG,403.700,12.2,625,10,2.5,,
2026-10-06T00:09:21.993Z,X3842932,8273,44.20791,7.84278,31792.8,7.1,8.8,143.0,-50.1,0.9,-1.0,RS41-SG,403.700,11.7,625,10,2.5,,
2026-10-06T00:09:22.993Z,X3842932,8274,44.20784,7.84287,31799.1,5.6,12.0,140.3,-50.0,0.9,-1.0,RS41-SG,403.700,11.8,625,10,2.5,,
2026-10-06T00:09:23.993Z,X3842932,8275,44.20775,7.84297,31803.8,3.8,14.5,138.7,-49.9,0.9,-1.0,RS41-SG,403.700,13.0,625,10,2.6,,
2026-10-06T00:09:24.993Z,X3842932,8276,44.20764,7.84310,31808.0,4.4,16.5,138.3,-49.8,0.9,-1.0,RS41-SG,403.700,13.0,625,10,2.6,,
2026-10-06T00:09:25.993Z,X3842932,8277,44.20753,7.84324,31813.4,6.4,16.9,139.6,-49.8,0.9,-1.0,RS41-SG,403.700,13.2,625,10,2.5,,
2026-10-06T00:09:26.993Z,X3842932,8278,44.20742,7.84337,31820.5,7.6,15.6,141.7,-49.7,0.9,-1.0,RS41-SG,403.700,13.2,625,10,2.5,,
2026-10-06T00:09:27.993Z,X3842932,8279,44.20732,7.84348,31827.5,6.6,13.5,142.5,-49.6,0.9,-1.0,RS41-SG,403.700,12.3,625,10,2.5,,
2026-10-06T00:09:28.993Z,X3842932,8280,44.20723,7.84357,31834.0,6.1,10.8,141.3,-49.6,0.9,-1.0,RS41-SG,403.700,12.5,625,10,2.6,,
2026-10-06T00:09:29.993Z,X3842932,8281,44.20717,7.84365,31839.8,5.6,8.3,134.9,-49.6,0.9,-1.0,RS41-SG,403.700,12.8,625,10,2.6,,
2026-10-06T00:09:30.993Z,X3842932,8282,44.20712,7.84372,31845.4,5.6,6.6,121.8,-49.6,0.9,-1.0,RS41-SG,403.700,12.8,625,10,2.5,,
2026-10-06T00:09:31.993Z,X3842932,8283,44.20710,7.84379,31851.0,5.6,6.2,106.3,-49.7,0.9,-1.0,RS41-SG,403.700,12.7,625,10,2.5,,
2026-10-06T00:09:32.993Z,X3842932,8284,44.20709,7.84387,31856.6,5.7,6.7,99.3,-49.7,0.9,-1.0,RS41-SG,403.700,13.4,625,10,2.5,,
2026-10-06T00:09:33.993Z,X3842932,8285,44.20708,7.84395,31862.6,6.1,7.3,104.4,-49.7,0.9,-1.0,RS41-SG,403.700,13.4,625,10,2.5,,
2026-10-06T00:09:34.993Z,X3842932,8286,44.20705,7.84404,31868.8,6.3,8.2,118.0,-49.8,0.9,-1.0,RS41-SG,403.700,12.9,625,10,2.6,,
2026-10-06T00:09:35.993Z,X3842932,8287,44.20700,7.84413,31874.9,6.0,9.6,132.8,-49.8,0.9,-1.0,RS41-SG,403.700,13.3,625,10,2.6,,
2026-10-06T00:09:36.993Z,X3842932,8288,44.20693,7.84422,31880.6,5.5,11.1,144.1,-49.9,0.9,-1.0,RS41-SG,403.700,13.3,625,10,2.5,,
2026-10-06T00:09:37.993Z,X3842932,8289,44.20684,7.84429,31886.0,5.3,12.6,152.2,-49.9,0.9,-1.0,RS41-SG,403.700,13.2,625,10,2.5,,
2026-10-06T00:09:38.993Z,X3842932,8290,44.20674,7.84436,31891.5,5.6,13.2,155.7,-49.9,0.9,-1.0,RS41-SG,403.700,13.4,625,10,2.5,,
2026-10-06T00:09:39.993Z,X3842932,8291,44.20663,7.84443,31897.1,5.7,13.0,154.3,-50.0,0.9,-1.0,RS41-SG,403.700,13.4,625,10,2.6,,
2026-10-06T00:09:40.993Z,X3842932,8292,44.20653,7.84451,31903.0,6.2,12.5,146.9,-50.0,0.9,-1.0,RS41-SG,403.700,12.2,625,10,2.6,,
2026-10-06T00:09:41.993Z,X3842932,8293,44.20645,7.84461,31909.3,6.3,12.2,135.2,-50.0,0.9,-1.0,RS41-SG,403.700,12.4,625,10,2.5,,
2026-10-06T00:09:42.993Z,X3842932,8294,44.20638,7.84472,31915.3,5.7,12.4,122.6,-50.1,1.0,-1.0,RS41-SG,403.700,12.4,625,10,2.5,,
2026-10-06T00:09:43.993Z,X3842932,8295,44.20633,7.84486,31920.6,5.0,12.8,114.2,-50.1,1.0,-1.0,RS41-SG,403.700,12.8,625,10,2.5,,
2026-10-06T00:09:44.993Z,X3842932,8296,44.20628,7.84501,31925.6,5.1,12.8,109.7,-50.2,0.9,-1.0,RS41-SG,403.700,13.9,625,10,2.5,,
2026-10-06T00:09:45.993Z,X3842932,8297,44.20624,7.84516,31931.3,6.4,12.0,110.8,-50.2,1.0,-1.0,RS41-SG,403.700,14.3,625,10,2.6,,
2026-10-06T00:09:46.993Z,X3842932,8298,44.20620,7.84528,31938.2,7.3,10.6,119.4,-50.3,1.0,-1.0,RS41-SG,403.700,14.3,625,10,2.6,,
2026-10-06T00:09:47.993Z,X3842932,8299,44.20615,7.84539,31945.2,6.8,9.7,132.1,-50.3,0.9,-1.0,RS41-SG,403.700,13.1,625,10,2.5,,
2026-10-06T00:09:48.993Z,X3842932,8300,44.20609,7.84547,31950.9,4.9,9.6,144.8,-50.3,1.0,-1.0,RS41-SG,403.700,13.1,625,10,2.5,,
2026-10-06T00:09:49.993Z,X3842932,8301,44.20601,7.84553,31955.7,4.8,10.3,154.9,-50.4,1.0,-1.0,RS41-SG,403.700,12.2,625,10,2.5,,
2026-10-06T00:09:50.993Z,X3842932,8302,44.20592,7.84558,31961.1,5.9,11.5,157.5,-50.4,1.0,-1.0,RS41-SG,403.700,11.5,625,10,2.6,,
2026-10-06T00:09:51.993Z,X3842932,8303,44.20582,7.84565,31967.5,7.0,12.8,152.6,-50.4,1.0,-1.0,RS41-SG,403.700,12.1,625,10,2.6,,
2026-10-06T00:09:52.993Z,X3842932,8304,44.20572,7.84573,31974.2,6.5,13.8,145.5,-50.5,1.0,-1.0,RS41-SG,403.700,12.6,625,10,2.5,,
2026-10-06T00:09:53.993Z,X3842932,8305,44.20562,7.84584,31980.0,5.0,14.6,139.9,-50.5,1.0,-1.0,RS41-SG,403.700,12.6,625,10,2.5,,
2026-10-06T00:09:54.993Z,X3842932,8306,44.20552,7.84596,31984.8,4.7,15.1,135.4,-50.5,1.0,-1.0,RS41-SG,403.700,11.9,625,10,2.5,,
2026-10-06T00:09:55.993Z,X3842932,8307,44.20543,7.84610,31989.8,5.3,15.2,133.3,-50.6,1.0,-1.0,RS41-SG,403.700,11.9,625,10,2.5,,
2026-10-06T00:09:56.993Z,X3842932,8308,44.20533,7.84623,31995.7,6.5,14.6,133.7,-50.6,1.0,-1.0,RS41-SG,403.700,11.9,625,10,2.6,,
2026-10-06T00:09:57.993Z,X3842932,8309,44.20525,7.84636,32002.5,7.2,13.4,135.6,-50.6,1.0,-1.0,RS41-SG,403.700,10.5,625,10,2.6,,
2026-10-06T00:09:58.993Z,X3842932,8310,44.20516,7.84647,32008.9,5.8,12.4,138.5,-50.7,1.0,-1.0,RS41-SG,403.700,11.5,625,10,2.5,,
2026-10-06T00:09:59.993Z,X3842932,8311,44.20508,7.84656,32014.3,5.0,11.3,140.2,-50.7,1.0,-1.0,RS41-SG,403.700,11.5,625,10,2.5,,
2026-10-06T00:10:00.993Z,X3842932,8312,44.20501,7.84665,32019.5,5.3,10.3,140.5,-50.7,1.0,-1.0,RS41-SG,403.700,11.4,625,10,2.5,,
2026-10-06T00:10:01.993Z,X3842932,8313,44.20494,7.84673,32025.1,6.0,9.6,136.3,-50.7,1.0,-1.0,RS41-SG,403.700,10.7,625,10,2.6,,
2026-10-06T00:10:02.993Z,X3842932,8314,44.20488,7.84682,32031.3,6.4,9.2,129.2,-50.7,1.0,-1.0,RS41-SG,403.700,10.2,625,10,2.6,,
2026-10-06T00:10:03.993Z,X3842932,8315,44.20483,7.84691,32037.2,5.4,9.2,124.2,-50.7,1.0,-1.0,RS41-SG,403.700,10.4,625,10,2.5,,
2026-10-06T00:10:04.993Z,X3842932,8316,44.20479,7.84701,32042.4,5.0,9.3,122.6,-50.7,1.0,-1.0,RS41-SG,403.700,12.2,625,10,2.5,,
2026-10-06T00:10:05.993Z,X3842932,8317,44.20474,7.84710,32047.6,5.5,9.3,125.7,-50.7,1.0,-1.0,RS41-SG,403.700,12.2,625,10,2.5,,
2026-10-06T00:10:06.993Z,X3842932,8318,44.20469,7.84719,32053.3,5.9,9.3,132.7,-50.7,1.0,-1.0,RS41-SG,403.700,11.6,625,10,2.5,,
2026-10-06T00:10:07.993Z,X3842932,8319,44.20463,7.84727,32059.6,6.4,9.6,141.4,-50.7,1.0,-1.0,RS41-SG,403.700,11.1,625,10,2.6,,
2026-10-06T00:10:08.993Z,X3842932,8320,44.20456,7.84734,32065.6,5.8,10.2,146.0,-50.7,1.0,-1.0,RS41-SG,403.700,12.3,625,10,2.6,,
2026-10-06T00:10:09.993Z,X3842932,8321,44.20448,7.84742,32071.2,5.4,10.8,146.9,-50.7,0.9,-1.0,RS41-SG,403.700,12.3,625,10,2.5,,
2026-10-06T00:10:10.993Z,X3842932,8322,44.20440,7.84750,32076.6,5.5,11.6,142.7,-50.6,1.0,-1.0,RS41-SG,403.700,11.3,625,10,2.5,,
2026-10-06T00:10:11.993Z,X3842932,8323,44.20431,7.84760,32082.2,5.9,12.6,135.3,-50.5,1.0,-1.0,RS41-SG,403.700,11.0,625,10,2.5,,
2026-10-06T00:10:12.993Z,X3842932,8324,44.20424,7.84772,32088.2,6.1,13.6,126.4,-50.5,0.9,-1.0,RS41-SG,403.700,11.5,625,10,2.6,,
2026-10-06T00:10:13.993Z,X3842932,8325,44.20417,7.84787,32094.1,5.6,14.4,118.7,-50.4,0.9,-1.0,RS41-SG,403.700,12.1,625,10,2.6,,
2026-10-06T00:10:14.993Z,X3842932,8326,44.20411,7.84803,32099.2,4.7,14.5,113.1,-50.4,0.9,-1.0,RS41-SG,403.700,12.1,625,10,2.5,,
2026-10-06T00:10:15.993Z,X3842932,8327,44.20407,7.84819,32104.2,5.3,13.5,109.0,-50.4,1.0,-1.0,RS41-SG,403.700,11.5,625,10,2.5,,
2026-10-06T00:10:16.993Z,X3842932,8328,44.20403,7.84834,32110.0,6.0,11.5,108.4,-50.4,0.9,-1.0,RS41-SG,403.700,11.5,625,10,2.5,,
2026-10-06T00:10:17.993Z,X3842932,8329,44.20400,7.84846,32116.2,6.2,9.0,112.0,-50.3,0.9,-1.0,RS41-SG,403.700,12.0,625,10,2.5,,
2026-10-06T00:10:18.993Z,X3842932,8330,44.20397,7.84855,32122.0,5.4,6.8,120.1,-50.3,0.9,-1.0,RS41-SG,403.700,12.0,625,10,2.6,,
2026-10-06T00:10:19.993Z,X3842932,8331,44.20394,7.84861,32126.7,4.1,5.5,131.5,-50.3,0.9,-1.0,RS41-SG,403.700,11.4,625,10,2.6,,
2026-10-06T00:10:20.993Z,X3842932,8332,44.20390,7.84866,32131.1,4.7,5.3,141.5,-50.3,0.9,-1.0,RS41-SG,403.700,11.0,625,10,2.5,,
2026-10-06T00:10:21.993Z,X3842932,8333,44.20386,7.84870,32136.4,5.9,6.2,139.1,-50.3,0.9,-1.0,RS41-SG,403.700,11.0,625,10,2.5,,
2026-10-06T00:10:22.993Z,X3842932,8334,44.20382,7.84876,32142.7,6.7,8.0,130.3,-50.3,0.9,-1.0,RS41-SG,403.700,11.0,625,10,2.5,,
2026-10-06T00:10:23.993Z,X3842932,8335,44.20377,7.84885,32149.0,5.9,10.0,122.9,-50.3,0.9,-1.0,RS41-SG,403.700,11.8,625,10,2.6,,
2026-10-06T00:10:24.993Z,X3842932,8336,44.20372,7.84897,32153.9,4.2,11.7,118.5,-50.3,0.9,-1.0,RS41-SG,403.700,11.8,625,10,2.6,,
2026-10-06T00:10:25.993Z,X3842932,8337,44.20367,7.84911,32158.1,4.2,13.0,115.2,-50.4,0.9,-1.0,RS41-SG,403.700,12.9,625,10,2.5,,
2026-10-06T00:10:26.993Z,X3842932,8338,44.20363,7.84926,32162.7,5.2,13.3,113.5,-50.4,1.0,-1.0,RS41-SG,403.700,13.1,625,10,2.5,,
2026-10-06T00:10:27.993Z,X3842932,8339,44.20358,7.84941,32168.5,6.3,12.4,113.9,-50.4,1.0,-1.0,RS41-SG,403.700,13.1,625,10,2.5,,
2026-10-06T00:10:28.993Z,X3842932,8340,44.20354,7.84954,32174.6,6.1,10.9,115.4,-50.4,1.0,-1.0,RS41-SG,403.700,12.9,625,10,2.5,,
2026-10-06T00:10:29.993Z,X3842932,8341,44.20350,7.84965,32180.0,4.7,9.3,116.7,-50.4,1.0,-1.0,RS41-SG,403.700,12.2,625,10,2.6,,
2026-10-06T00:10:30.993Z,X3842932,8342,44.20346,7.84975,32184.3,3.8,8.0,116.2,-50.5,0.9,-1.0,RS41-SG,403.700,12.0,625,10,2.6,,
2026-10-06T00:10:31.993Z,X3842932,8343,44.20344,7.84983,32188.5,4.5,7.1,112.2,-50.5,1.0,-1.0,RS41-SG,403.700,12.8,625,10,2.5,,
2026-10-06T00:10:32.993Z,X3842932,8344,44.20342,7.84992,32193.4,5.5,7.1,105.7,-50.5,1.0,-1.0,RS41-SG,403.700,12.8,625,10,2.5,,
2026-10-06T00:10:33.993Z,X3842932,8345,44.20340,7.85001,32199.4,6.2,7.8,101.7,-50.5,1.0,-1.0,RS41-SG,403.700,12.1,625,10,2.5,,
2026-10-06T00:10:34.993Z,X3842932,8346,44.20339,7.85010,32205.0,5.0,8.5,100.7,-50.5,1.0,-1.0,RS41-SG,403.700,12.1,625,10,2.6,,
2026-10-06T00:10:35.993Z,X3842932,8347,44.20337,7.85021,32210.0,4.9,9.0,103.0,-50.6,1.0,-1.0,RS41-SG,403.700,12.2,625,10,2.6,,
2026-10-06T00:10:36.993Z,X3842932,8348,44.20335,7.85032,32215.2,5.5,9.2,107.4,-50.6,1.0,-1.0,RS41-SG,403.700,12.2,625,10,2.5,,
2026-10-06T00:10:37.993Z,X3842932,8349,44.20332,7.85043,32221.1,6.2,8.8,113.5,-50.6,1.0,-1.0,RS41-SG,403.700,12.3,625,9,2.5,,
2026-10-06T00:10:38.993Z,X3842932,8350,44.20329,7.85052,32226.9,5.4,8.3,119.9,-50.6,1.0,-1.0,RS41-SG,403.700,12.3,625,9,2.5,,
2026-10-06T00:10:39.993Z,X3842932,8351,44.20325,7.85061,32232.0,4.6,8.2,124.8,-50.7,1.0,-1.0,RS41-SG,403.700,11.9,625,10,2.5,,
2026-10-06T00:10:40.993Z,X3842932,8352,44.20320,7.85069,32237.0,5.3,8.3,125.4,-50.7,1.0,-1.0,RS41-SG,403.700,11.8,625,10,2.6,,
2026-10-06T00:10:41.993Z,X3842932,8353,44.20316,7.85078,32242.8,6.2,9.1,121.0,-50.7,1.0,-1.0,RS41-SG,403.700,11.8,625,10,2.6,,
2026-10-06T00:10:42.993Z,X3842932,8354,44.20312,7.85088,32248.8,5.6,9.8,115.5,-50.7,1.0,-1.0,RS41-SG,403.700,11.8,625,10,2.5,,
2026-10-06T00:10:43.993Z,X3842932,8355,44.20309,7.85100,32254.1,4.8,10.2,109.9,-50.7,1.0,-1.0,RS41-SG,403.700,12.5,625,10,2.5,,
2026-10-06T00:10:44.993Z,X3842932,8356,44.20306,7.85112,32259.3,5.5,10.1,105.2,-50.8,1.0,-1.0,RS41-SG,403.700,12.5,625,10,2.5,,
2026-10-06T00:10:45.993Z,X3842932,8357,44.20304,7.85124,32265.0,5.9,9.2,101.7,-50.8,1.0,-1.0,RS41-SG,403.700,11.4,625,10,2.6,,
2026-10-06T00:10:46.993Z,X3842932,8358,44.20303,7.85134,32270.9,5.8,7.8,98.7,-50.8,1.0,-1.0,RS41-SG,403.700,12.2,625,10,2.6,,
2026-10-06T00:10:47.993Z,X3842932,8359,44.20302,7.85143,32276.3,4.8,6.7,95.1,-50.8,1.0,-1.0,RS41-SG,403.700,12.2,625,10,2.5,,
2026-10-06T00:10:48.993Z,X3842932,8360,44.20302,7.85151,32280.9,4.3,6.2,91.2,-50.8,1.0,-1.0,RS41-SG,403.700,10.6,625,10,2.5,,
2026-10-06T00:10:49.993Z,X3842932,8361,44.20302,7.85159,32285.5,4.9,6.3,87.0,-50.9,1.0,-1.0,RS41-SG,403.700,10.6,625,10,2.5,,
2026-10-06T00:10:50.993Z,X3842932,8362,44.20302,7.85167,32290.8,5.7,7.2,85.3,-50.9,1.0,-1.0,RS41-SG,403.700,11.7,625,10,2.5,,
2026-10-06T00:10:51.993Z,X3842932,8363,44.20303,7.85177,32296.5,5.7,8.3,86.2,-50.9,1.0,-1.0,RS41-SG,403.700,11.7,625,10,2.6,,
2026-10-06T00:10:52.993Z,X3842932,8364,44.20303,7.85188,32301.6,4.6,9.1,88.6,-50.9,1.0,-1.0,RS41-SG,403.700,12.0,625,10,2.6,,
2026-10-06T00:10:53.993Z,X3842932,8365,44.20303,7.85199,32306.3,4.7,9.2,92.4,-51.0,1.0,-1.0,RS41-SG,403.700,12.0,625,10,2.5,,
2026-10-06T00:10:54.993Z,X3842932,8366,44.20302,7.85210,32311.2,5.2,8.6,98.4,-51.0,1.0,-1.0,RS41-SG,403.700,11.6,625,10,2.5,,
2026-10-06T00:10:55.993Z,X3842932,8367,44.20301,7.85220,32316.6,5.7,7.5,106.3,-51.0,1.0,-1.0,RS41-SG,403.700,11.2,625,10,2.5,,
2026-10-06T00:10:56.993Z,X3842932,8368,44.20298,7.85228,32322.1,5.2,6.5,114.1,-51.0,1.0,-1.0,RS41-SG,403.700,11.1,625,10,2.6,,
2026-10-06T00:10:57.993Z,X3842932,8369,44.20296,7.85235,32326.8,4.2,5.7,118.6,-51.1,1.0,-1.0,RS41-SG,403.700,10.8,625,10,2.6,,
2026-10-06T00:10:58.993Z,X3842932,8370,44.20294,7.85241,32331.3,4.6,5.5,115.7,-51.1,1.0,-1.0,RS41-SG,403.700,10.3,625,10,2.5,,
2026-10-06T00:10:59.993Z,X3842932,8371,44.20292,7.85248,32336.2,5.2,6.0,104.3,-51.1,1.0,-1.0,RS41-SG,403.700,11.0,625,10,2.5,,
2026-10-06T00:11:00.993Z,X3842932,8372,44.20291,7.85256,32341.5,5.6,7.4,91.4,-51.2,1.0,-1.0,RS41-SG,403.700,11.0,625,10,2.5,,
2026-10-06T00:11:01.993Z,X3842932,8373,44.20292,7.85266,32346.8,4.9,9.0,83.0,-51.2,1.0,-1.0,RS41-SG,403.700,12.0,625,10,2.5,,
2026-10-06T00:11:02.993Z,X3842932,8374,44.20293,7.85278,32351.3,4.1,10.3,77.6,-51.2,1.0,-1.0,RS41-SG,403.700,12.0,625,10,2.6,,
2026-10-06T00:11:03.993Z,X3842932,8375,44.20296,7.85291,32355.4,4.2,10.8,72.2,-51.2,1.0,-1.0,RS41-SG,403.700,12.3,625,10,2.6,,
2026-10-06T00:11:04.993Z,X3842932,8376,44.20299,7.85303,32360.0,5.1,10.5,67.5,-51.3,1.0,-1.0,RS41-SG,403.700,12.3,625,10,2.5,,
2026-10-06T00:11:05.993Z,X3842932,8377,44.20302,7.85314,32365.4,6.0,9.0,64.1,-51.3,1.0,-1.0,RS41-SG,403.700,12.8,625,10,2.5,,
2026-10-06T00:11:06.993Z,X3842932,8378,44.20306,7.85324,32371.1,5.2,7.5,62.7,-51.3,1.0,-1.0,RS41-SG,403.700,12.8,625,10,2.5,,
2026-10-06T00:11:07.993Z,X3842932,8379,44.20308,7.85331,32375.9,4.5,6.2,66.1,-51.3,1.0,-1.0,RS41-SG,403.700,11.4,625,10,2.6,,
2026-10-06T00:11:08.993Z,X3842932,8380,44.20310,7.85338,32380.5,4.6,5.4,78.7,-51.3,1.0,-1.0,RS41-SG,403.700,11.8,625,10,2.6,,
2026-10-06T00:11:09.993Z,X3842932,8381,44.20310,7.85345,32385.4,5.3,6.0,94.3,-51.3,1.0,-1.0,RS41-SG,403.700,11.8,625,10,2.5,,
2026-10-06T00:11:10.993Z,X3842932,8382,44.20309,7.85353,32390.8,5.6,7.6,102.8,-51.3,1.0,-1.0,RS41-SG,403.700,11.8,625,10,2.5,,
2026-10-06T00:11:11.993Z,X3842932,8383,44.20307,7.85363,32395.9,4.5,9.0,105.0,-51.2,1.0,-1.0,RS41-SG,403.700,11.8,625,10,2.5,,
2026-10-06T00:11:12.993Z,X3842932,8384,44.20305,7.85375,32400.5,4.7,9.9,102.0,-51.2,1.0,-1.0,RS41-SG,403.700,11.8,625,10,2.5,,
2026-10-06T00:11:13.993Z,X3842932,8385,44.20304,7.85387,32405.8,5.9,9.9,95.4,-51.2,1.0,-1.0,RS41-SG,403.700,11.8,625,10,2.6,,
2026-10-06T00:11:14.993Z,X3842932,8386,44.20304,7.85399,32411.8,6.1,9.3,87.0,-51.2,1.0,-1.0,RS41-SG,403.700,11.8,625,10,2.6,,
2026-10-06T00:11:15.993Z,X3842932,8387,44.20305,7.85410,32417.1,4.5,8.7,76.5,-51.2,1.0,-1.0,RS41-SG,403.700,12.3,625,10,2.5,,
2026-10-06T00:11:16.993Z,X3842932,8388,44.20307,7.85420,32421.4,4.0,8.5,65.9,-51.2,1.0,-1.0,RS41-SG,403.700,12.3,625,10,2.5,,
2026-10-06T00:11:17.993Z,X3842932,8389,44.20311,7.85430,32425.6,4.4,8.8,59.7,-51.1,1.0,-1.0,RS41-SG,403.700,11.7,625,10,2.5,,
2026-10-06T00:11:18.993Z,X3842932,8390,44.20315,7.85439,32430.3,5.1,9.5,58.1,-51.1,1.0,-1.0,RS41-SG,403.700,11.1,625,10,2.6,,
2026-10-06T00:11:19.993Z,X3842932,8391,44.20320,7.85450,32435.8,5.6,10.1,61.3,-51.1,1.0,-1.0,RS41-SG,403.700,11.6,625,10,2.6,,
2026-10-06T00:11:20.993Z,X3842932,8392,44.20324,7.85461,32441.4,5.6,10.6,67.3,-51.1,0.9,-1.0,RS41-SG,403.700,11.8,625,10,2.5,,
2026-10-06T00:11:21.993Z,X3842932,8393,44.20327,7.85474,32446.6,4.9,10.7,74.0,-51.0,1.0,-1.0,RS41-SG,403.700,11.8,625,10,2.5,,
2026-10-06T00:11:22.993Z,X3842932,8394,44.20329,7.85487,32451.1,4.0,10.5,80.2,-50.9,0.9,-1.0,RS41-SG,403.700,11.6,625,10,2.5,,
2026-10-06T00:11:23.993Z,X3842932,8395,44.20330,7.85499,32455.3,4.4,9.9,85.5,-50.8,0.9,-1.0,RS41-SG,403.700,12.4,625,10,2.5,,
2026-10-06T00:11:24.993Z,X3842932,8396,44.20330,7.85511,32460.3,5.3,9.0,88.7,-50.7,0.9,-1.0,RS41-SG,403.700,12.4,625,9,2.6,,
2026-10-06T00:11:25.993Z,X3842932,8397,44.20331,7.85522,32465.6,5.5,7.8,87.8,-50.6,0.9,-1.0,RS41-SG,403.700,11.8,625,10,2.6,,
2026-10-06T00:11:26.993Z,X3842932,8398,44.20331,7.85531,32471.0,5.2,7.0,83.2,-50.5,0.9,-1.0,RS41-SG,403.700,11.8,625,10,2.5,,
2026-10-06T00:11:27.993Z,X3842932,8399,44.20332,7.85539,32475.7,4.3,7.0,78.6,-50.5,0.9,-1.0,RS41-SG,403.700,11.4,625,10,2.5,,
2026-10-06T00:11:28.993Z,X3842932,8400,44.20334,7.85549,32480.1,4.7,8.2,74.8,-50.4,0.9,-1.0,RS41-SG,403.700,11.4,625,10,2.5,,
2026-10-06T00:11:29.993Z,X3842932,8401,44.20336,7.85560,32485.0,5.2,10.4,74.8,-50.4,0.9,-1.0,RS41-SG,403.700,11.8,625,10,2.6,,
2026-10-06T00:11:30.993Z,X3842932,8402,44.20338,7.85574,32490.2,5.4,12.7,77.4,-50.4,0.9,-1.0,RS41-SG,403.700,11.8,625,10,2.6,,
2026-10-06T00:11:31.993Z,X3842932,8403,44.20341,7.85591,32495.2,4.5,14.5,80.1,-50.3,0.9,-1.0,RS41-SG,403.700,11.7,625,10,2.5,,
2026-10-06T00:11:32.993Z,X3842932,8404,44.20343,7.85609,32499.4,3.9,15.4,83.4,-50.3,0.9,-1.0,RS41-SG,403.700,11.7,625,10,2.5,,
2026-10-06T00:11:33.993Z,X3842932,8405,44.20344,7.85628,32503.7,4.7,15.2,87.1,-50.3,0.9,-1.0,RS41-SG,403.700,12.3,625,10,2.5,,
2026-10-06T00:11:34.993Z,X3842932,8406,44.20344,7.85646,32508.8,5.6,13.8,91.1,-50.2,0.9,-1.0,RS41-SG,403.700,12.3,625,10,2.5,,
2026-10-06T00:11:35.993Z,X3842932,8407,44.20343,7.85662,32514.4,5.6,11.7,96.0,-50.2,0.9,-1.0,RS41-SG,403.700,11.9,625,10,2.6,,
2026-10-06T00:11:36.993Z,X3842932,8408,44.20342,7.85675,32519.4,4.4,9.7,103.4,-50.1,0.9,-1.0,RS41-SG,403.700,11.9,625,10,2.6,,
2026-10-06T00:11:37.993Z,X3842932,8409,44.20339,7.85686,32523.1,3.2,8.2,113.2,-50.1,0.9,-1.0,RS41-SG,403.700,11.3,625,10,2.5,,
2026-10-06T00:11:38.993Z,X3842932,8410,44.20336,7.85694,32526.5,3.5,7.7,124.4,-50.0,0.9,-1.0,RS41-SG,403.700,11.3,625,10,2.5,,
2026-10-06T00:11:39.993Z,X3842932,8411,44.20332,7.85702,32530.8,5.1,8.4,129.7,-50.0,0.9,-1.0,RS41-SG,403.700,11.3,625,10,2.5,,
2026-10-06T00:11:40.993Z,X3842932,8412,44.20326,7.85711,32536.4,6.0,9.7,127.0,-50.0,0.9,-1.0,RS41-SG,403.700,11.4,625,10,2.6,,
2026-10-06T00:11:41.993Z,X3842932,8413,44.20321,7.85722,32542.1,5.3,11.0,120.3,-49.9,0.9,-1.0,RS41-SG,403.700,11.4,625,10,2.6,,
2026-10-06T00:11:42.993Z,X3842932,8414,44.20317,7.85735,32546.8,4.3,12.0,113.3,-49.9,0.9,-1.0,RS41-SG,403.700,12.0,625,10,2.5,,
2026-10-06T00:11:43.993Z,X3842932,8415,44.20313,7.85749,32551.2,4.4,12.8,104.9,-49.8,0.9,-1.0,RS41-SG,403.700,12.0,625,10,2.5,,
2026-10-06T00:11:44.993Z,X3842932,8416,44.20311,7.85765,32556.1,5.1,13.0,96.7,-49.8,0.9,-1.0,RS41-SG,403.700,10.0,625,10,2.5,,
2026-10-06T00:11:45.993Z,X3842932,8417,44.20310,7.85781,32561.2,5.3,12.8,89.5,-49.7,0.9,-1.0,RS41-SG,403.700,9.7,625,10,2.5,,
2026-10-06T00:11:46.993Z,X3842932,8418,44.20311,7.85796,32566.2,4.4,12.3,85.2,-49.7,0.9,-1.0,RS41-SG,403.700,12.5,625,10,2.6,,
2026-10-06T00:11:47.993Z,X3842932,8419,44.20312,7.85812,32570.4,4.1,12.0,84.4,-49.7,0.9,-1.0,RS41-SG,403.700,13.0,625,10,2.6,,
2026-10-06T00:11:48.993Z,X3842932,8420,44.20312,7.85826,32574.8,4.6,11.8,88.4,-49.7,0.9,-1.0,RS41-SG,403.700,13.0,625,10,2.5,,
2026-10-06T00:11:49.993Z,X3842932,8421,44.20312,7.85841,32579.5,4.9,12.2,96.3,-49.6,0.9,-1.0,RS41-SG,403.700,11.8,625,10,2.5,,
2026-10-06T00:11:50.993Z,X3842932,8422,44.20310,7.85857,32584.7,5.5,13.1,105.5,-49.6,0.9,-1.0,RS41-SG,403.700,11.6,625,10,2.5,,
2026-10-06T00:11:51.993Z,X3842932,8423,44.20306,7.85872,32589.9,5.0,14.1,112.7,-49.6,0.9,-1.0,RS41-SG,403.700,12.3,625,10,2.6,,
2026-10-06T00:11:52.993Z,X3842932,8424,44.20300,7.85889,32594.4,3.9,14.7,117.8,-49.6,0.9,-1.0,RS41-SG,403.700,13.0,625,10,2.6,,
2026-10-06T00:11:53.993Z,X3842932,8425,44.20294,7.85904,32598.5,4.2,14.4,121.8,-49.6,0.9,-1.0,RS41-SG,403.700,13.0,625,10,2.5,,
2026-10-06T00:11:54.993Z,X3842932,8426,44.20287,7.85919,32603.2,5.1,13.4,123.9,-49.6,0.9,-1.0,RS41-SG,403.700,13.7,625,10,2.5,,
2026-10-06T00:11:55.993Z,X3842932,8427,44.20281,7.85932,32608.7,5.8,11.6,123.9,-49.6,0.9,-1.0,RS41-SG,403.700,13.7,625,10,2.5,,
2026-10-06T00:11:56.993Z,X3842932,8428,44.20276,7.85943,32614.1,4.8,9.9,121.2,-49.7,0.9,-1.0,RS41-SG,403.700,12.9,625,10,2.5,,
2026-10-06T00:11:57.993Z,X3842932,8429,44.20272,7.85953,32618.3,3.9,9.0,115.3,-49.7,0.9,-1.0,RS41-SG,403.700,12.3,625,10,2.6,,
2026-10-06T00:11:58.993Z,X3842932,8430,44.20269,7.85964,32622.6,4.7,9.2,107.4,-49.7,0.9,-1.0,RS41-SG,403.700,12.0,625,10,2.6,,
2026-10-06T00:11:59.993Z,X3842932,8431,44.20267,7.85976,32627.5,5.1,10.8,101.7,-49.7,0.9,-1.0,RS41-SG,403.700,12.0,625,10,2.5,,
2026-10-06T00:12:00.993Z,X3842932,8432,44.20265,7.85990,32632.6,4.9,13.0,100.5,-49.7,0.9,-1.0,RS41-SG,403.700,11.6,625,10,2.5,,
2026-10-06T00:12:01.993Z,X3842932,8433,44.20262,7.86008,32637.6,5.0,15.1,101.8,-49.7,0.9,-1.0,RS41-SG,403.700,11.6,625,10,2.5,,
2026-10-06T00:12:02.993Z,X3842932,8434,44.20259,7.86027,32642.3,4.4,16.6,104.9,-49.7,0.9,-1.0,RS41-SG,403.700,13.8,625,10,2.6,,
2026-10-06T00:12:03.993Z,X3842932,8435,44.20254,7.86047,32646.9,4.5,17.1,109.7,-49.8,0.9,-1.0,RS41-SG,403.700,13.8,625,10,2.6,,
2026-10-06T00:12:04.993Z,X3842932,8436,44.20248,7.86066,32651.6,5.0,16.6,116.6,-49.8,0.9,-1.0,RS41-SG,403.700,12.3,625,10,2.5,,
2026-10-06T00:12:05.993Z,X3842932,8437,44.20241,7.86083,32656.9,5.4,15.5,124.1,-49.8,0.9,-1.0,RS41-SG,403.700,13.3,625,10,2.5,,
2026-10-06T00:12:06.993Z,X3842932,8438,44.20233,7.86098,32662.4,5.5,13.8,132.5,-49.8,0.9,-1.0,RS41-SG,403.700,13.7,625,10,2.5,,
2026-10-06T00:12:07.993Z,X3842932,8439,44.20225,7.86109,32667.3,4.3,12.3,139.0,-49.8,0.9,-1.0,RS41-SG,403.700,13.7,625,10,2.5,,
2026-10-06T00:12:08.993Z,X3842932,8440,44.20217,7.86118,32671.1,3.3,10.9,141.7,-49.7,0.9,-1.0,RS41-SG,403.700,13.1,625,10,2.6,,
2026-10-06T00:12:09.993Z,X3842932,8441,44.20210,7.86127,32674.7,4.1,10.2,137.0,-49.7,0.9,-1.0,RS41-SG,403.700,12.5,625,10,2.6,,
2026-10-06T00:12:10.993Z,X3842932,8442,44.20203,7.86137,32679.2,5.1,10.8,126.3,-49.7,0.9,-1.0,RS41-SG,403.700,13.1,625,10,2.5,,
2026-10-06T00:12:11.993Z,X3842932,8443,44.20198,7.86149,32684.5,5.3,12.6,116.4,-49.7,0.9,-1.0,RS41-SG,403.700,13.1,625,10,2.5,,
2026-10-06T00:12:12.993Z,X3842932,8444,44.20193,7.86165,32689.3,4.4,14.8,111.6,-49.7,0.9,-1.0,RS41-SG,403.700,12.7,625,10,2.5,,
2026-10-06T00:12:13.993Z,X3842932,8445,44.20188,7.86183,32693.3,3.8,16.7,110.0,-49.7,0.9,-1.0,RS41-SG,403.700,14.2,625,10,2.6,,
2026-10-06T00:12:14.993Z,X3842932,8446,44.20183,7.86203,32697.4,4.4,17.8,111.7,-49.7,0.9,-1.0,RS41-SG,403.700,14.3,625,10,2.6,,
2026-10-06T00:12:15.993Z,X3842932,8447,44.20176,7.86223,32702.4,5.6,17.7,116.0,-49.7,0.9,-1.0,RS41-SG,403.700,14.7,625,10,2.5,,
2026-10-06T00:12:16.993Z,X3842932,8448,44.20169,7.86242,32708.3,6.3,16.4,121.8,-49.6,0.9,-1.0,RS41-SG,403.700,14.7,625,10,2.5,,
2026-10-06T00:12:17.993Z,X3842932,8449,44.20161,7.86258,32714.0,5.0,15.0,128.0,-49.6,0.9,-1.0,RS41-SG,403.700,14.0,625,10,2.5,,
2026-10-06T00:12:18.993Z,X3842932,8450,44.20152,7.86271,32718.2,3.6,13.6,134.4,-49.6,0.9,-1.0,RS41-SG,403.700,13.7,625,10,2.5,,
2026-10-06T00:12:19.993Z,X3842932,8451,44.20144,7.86282,32721.8,3.5,12.4,139.5,-49.5,0.9,-1.0,RS41-SG,403.700,14.2,625,10,2.6,,
2026-10-06T00:12:20.993Z,X3842932,8452,44.20136,7.86292,32725.8,4.5,11.6,140.2,-49.5,0.9,-1.0,RS41-SG,403.700,14.2,625,10,2.6,,
2026-10-06T00:12:21.993Z,X3842932,8453,44.20128,7.86302,32730.8,5.5,11.4,135.5,-49.5,0.9,-1.0,RS41-SG,403.700,13.0,625,10,2.5,,
2026-10-06T00:12:22.993Z,X3842932,8454,44.20121,7.86312,32736.3,5.5,11.4,128.2,-49.4,0.9,-1.0,RS41-SG,403.700,14.6,625,10,2.5,,
2026-10-06T00:12:23.993Z,X3842932,8455,44.20115,7.86324,32741.4,4.5,11.5,120.7,-49.4,0.9,-1.0,RS41-SG,403.700,14.6,625,10,2.5,,
2026-10-06T00:12:24.993Z,X3842932,8456,44.20111,7.86337,32745.6,4.1,11.5,113.5,-49.3,0.9,-1.0,RS41-SG,403.700,14.3,625,10,2.6,,
2026-10-06T00:12:25.993Z,X3842932,8457,44.20107,7.86350,32749.8,4.4,11.3,108.6,-49.3,0.9,-1.0,RS41-SG,403.700,14.3,625,10,2.6,,
2026-10-06T00:12:26.993Z,X3842932,8458,44.20104,7.86363,32754.7,5.3,10.6,106.7,-49.3,0.9,-1.0,RS41-SG,403.700,14.0,625,10,2.5,,
2026-10-06T00:12:27.993Z,X3842932,8459,44.20101,7.86375,32760.5,6.2,9.6,108.8,-49.2,0.8,-1.0,RS41-SG,403.700,14.0,625,10,2.5,,
2026-10-06T00:12:28.993Z,X3842932,8460,44.20098,7.86386,32766.1,5.1,9.0,114.1,-49.2,0.9,-1.0,RS41-SG,403.700,12.3,625,10,2.5,,
2026-10-06T00:12:29.993Z,X3842932,8461,44.20094,7.86396,32770.8,4.3,9.2,122.1,-49.2,0.9,-1.0,RS41-SG,403.700,10.6,625,10,2.5,,
2026-10-06T00:12:30.993Z,X3842932,8462,44.20089,7.86405,32775.2,4.5,10.5,130.5,-49.2,0.9,-1.0,RS41-SG,403.700,10.2,625,10,2.6,,
2026-10-06T00:12:31.993Z,X3842932,8463,44.20082,7.86416,32780.0,5.0,12.9,135.8,-49.2,0.9,-1.0,RS41-SG,403.700,10.5,625,10,2.6,,
2026-10-06T00:12:32.993Z,X3842932,8464,44.20073,7.86428,32784.9,4.9,15.3,137.5,-49.2,0.9,-1.0,RS41-SG,403.700,10.9,625,10,2.5,,
2026-10-06T00:12:33.993Z,X3842932,8465,44.20062,7.86441,32789.6,4.4,17.1,138.5,-49.1,0.9,-1.0,RS41-SG,403.700,12.1,625,10,2.5,,
2026-10-06T00:12:34.993Z,X3842932,8466,44.20050,7.86456,32794.1,4.5,17.8,139.5,-49.1,0.9,-1.0,RS41-SG,403.700,12.9,625,10,2.5,,
2026-10-06T00:12:35.993Z,X3842932,8467,44.20038,7.86470,32799.0,5.1,17.3,140.7,-49.1,0.9,-1.0,RS41-SG,403.700,14.4,625,10,2.6,,
2026-10-06T00:12:36.993Z,X3842932,8468,44.20027,7.86482,32804.6,5.9,15.3,141.5,-49.1,0.9,-1.0,RS41-SG,403.700,14.4,625,10,2.6,,
2026-10-06T00:12:37.993Z,X3842932,8469,44.20017,7.86493,32810.6,6.1,12.6,141.2,-49.0,0.9,-1.0,RS41-SG,403.700,13.4,625,10,2.5,,
2026-10-06T00:12:38.993Z,X3842932,8470,44.20009,7.86502,32816.3,5.4,9.6,139.3,-49.0,0.9,-1.0,RS41-SG,403.700,13.4,625,10,2.5,,
2026-10-06T00:12:39.993Z,X3842932,8471,44.20004,7.86509,32821.3,4.5,7.0,133.0,-48.9,0.9,-1.0,RS41-SG,403.700,12.7,625,10,2.5,,
2026-10-06T00:12:40.993Z,X3842932,8472,44.20001,7.86516,32825.6,4.1,5.5,117.9,-48.9,0.9,-1.0,RS41-SG,403.700,12.7,625,10,2.5,,
2026-10-06T00:12:41.993Z,X3842932,8473,44.19999,7.86522,32829.9,4.6,5.9,100.0,-48.9,0.9,-1.0,RS41-SG,403.700,12.7,625,10,2.6,,
2026-10-06T00:12:42.993Z,X3842932,8474,44.19998,7.86530,32834.9,5.4,7.6,93.8,-48.9,0.8,-1.0,RS41-SG,403.700,13.4,625,10,2.6,,
2026-10-06T00:12:43.993Z,X3842932,8475,44.19997,7.86541,32840.6,5.9,9.8,97.6,-48.8,0.9,-1.0,RS41-SG,403.700,13.4,625,10,2.5,,
2026-10-06T00:12:44.993Z,X3842932,8476,44.19995,7.86554,32846.5,5.9,12.0,105.7,-48.8,0.9,-1.0,RS41-SG,403.700,12.7,625,10,2.5,,
2026-10-06T00:12:45.993Z,X3842932,8477,44.19991,7.86569,32852.2,5.3,13.5,114.7,-48.6,0.8,-1.0,RS41-SG,403.700,13.3,625,10,2.5,,
2026-10-06T00:12:46.993Z,X3842932,8478,44.19985,7.86584,32857.2,4.8,14.5,124.6,-48.6,0.8,-1.0,RS41-SG,403.700,13.3,625,10,2.6,,
2026-10-06T00:12:47.993Z,X3842932,8479,44.19977,7.86598,32861.9,4.7,14.9,136.3,-48.5,0.8,-1.0,RS41-SG,403.700,13.3,625,10,2.6,,
2026-10-06T00:12:48.993Z,X3842932,8480,44.19966,7.86609,32866.7,4.8,14.6,149.2,-48.4,0.8,-1.0,RS41-SG,403.700,13.3,625,10,2.5,,
2026-10-06T00:12:49.993Z,X3842932,8481,44.19955,7.86616,32871.6,4.9,13.5,162.5,-48.4,0.8,-1.0,RS41-SG,403.700,13.3,625,10,2.5,,
2026-10-06T00:12:50.993Z,X3842932,8482,44.19944,7.86620,32876.6,4.8,12.0,173.7,-48.3,0.8,-1.0,RS41-SG,403.700,13.1,625,10,2.5,,
2026-10-06T00:12:51.993Z,X3842932,8483,44.19934,7.86621,32881.3,4.7,10.1,180.8,-48.3,0.8,-1.0,RS41-SG,403.700,12.3,625,10,2.5,,
2026-10-06T00:12:52.993Z,X3842932,8484,44.19926,7.86620,32886.3,5.4,7.1,179.6,-48.2,0.8,-1.0,RS41-SG,403.700,12.3,625,10,2.6,,
2026-10-06T00:12:53.993Z,X3842932,8485,44.19921,7.86622,32891.9,5.8,4.8,155.0,-48.2,0.8,-1.0,RS41-SG,403.700,10.7,625,10,2.6,,
2026-10-06T00:12:54.993Z,X3842932,8486,44.19918,7.86626,32897.6,5.7,5.6,111.6,-48.1,0.8,-1.0,RS41-SG,403.700,12.0,625,10,2.5,,
2026-10-06T00:12:55.993Z,X3842932,8487,44.19917,7.86635,32902.8,4.6,8.4,93.9,-48.1,0.8,-1.0,RS41-SG,403.700,12.3,625,10,2.5,,
2026-10-06T00:12:56.993Z,X3842932,8488,44.19917,7.86647,32906.9,3.4,11.0,91.0,-48.0,0.8,-1.0,RS41-SG,403.700,12.6,625,10,2.5,,
2026-10-06T00:12:57.993Z,X3842932,8489,44.19916,7.86662,32910.7,4.1,13.0,92.8,-48.0,0.8,-1.0,RS41-SG,403.700,14.2,625,10,2.6,,
2026-10-06T00:12:58.993Z,X3842932,8490,44.19915,7.86678,32915.5,5.6,13.1,98.7,-48.0,0.8,-1.0,RS41-SG,403.700,14.2,625,10,2.6,,
2026-10-06T00:12:59.993Z,X3842932,8491,44.19912,7.86693,32921.6,6.7,11.9,108.9,-48.0,0.8,-1.0,RS41-SG,403.700,13.9,625,10,2.5,,
2026-10-06T00:13:00.993Z,X3842932,8492,44.19908,7.86705,32928.3,6.5,10.2,123.3,-48.1,0.8,-1.0,RS41-SG,403.700,14.3,625,10,2.5,,
2026-10-06T00:13:01.993Z,X3842932,8493,44.19903,7.86714,32933.8,4.6,9.1,139.4,-48.1,0.8,-1.0,RS41-SG,403.700,14.3,625,10,2.5,,
2026-10-06T00:13:02.993Z,X3842932,8494,44.19896,7.86720,32938.0,3.5,8.4,155.5,-48.1,0.8,-1.0,RS41-SG,403.700,14.3,625,10,2.5,,
2026-10-06T00:13:03.993Z,X3842932,8495,44.19889,7.86723,32941.8,4.2,8.2,167.3,-48.1,0.8,-1.0,RS41-SG,403.700,12.9,625,10,2.6,,
2026-10-06T00:13:04.993Z,X3842932,8496,44.19882,7.86726,32946.8,5.8,7.6,167.4,-48.1,0.8,-1.0,RS41-SG,403.700,12.6,625,10,2.6,,
2026-10-06T00:13:05.993Z,X3842932,8497,44.19876,7.86728,32953.1,6.9,6.9,155.7,-48.0,0.8,-1.0,RS41-SG,403.700,11.8,625,10,2.5,,
2026-10-06T00:13:06.993Z,X3842932,8498,44.19871,7.86733,32959.5,5.9,6.9,137.1,-48.0,0.8,-1.0,RS41-SG,403.700,13.3,625,10,2.5,,
2026-10-06T00:13:07.993Z,X3842932,8499,44.19867,7.86740,32964.8,4.5,7.5,119.8,-48.0,0.8,-1.0,RS41-SG,403.700,14.7,625,10,2.5,,
2026-10-06T00:13:08.993Z,X3842932,8500,44.19864,7.86749,32969.1,4.3,8.6,106.5,-48.0,0.8,-1.0,RS41-SG,403.700,14.7,625,10,2.6,,
2026-10-06T00:13:09.993Z,X3842932,8501,44.19862,7.86760,32973.9,5.2,9.4,99.4,-47.9,0.8,-1.0,RS41-SG,403.700,14.0,625,10,2.6,,
2026-10-06T00:13:10.993Z,X3842932,8502,44.19861,7.86772,32979.6,6.3,9.7,97.5,-47.9,0.8,-1.0,RS41-SG,403.700,14.0,625,10,2.5,,
2026-10-06T00:13:11.993Z,X3842932,8503,44.19860,7.86784,32985.6,5.6,9.6,98.3,-47.9,0.8,-1.0,RS41-SG,403.700,14.0,625,10,2.5,,
2026-10-06T00:13:12.993Z,X3842932,8504,44.19859,7.86796,32991.0,5.2,9.6,101.4,-47.8,0.8,-1.0,RS41-SG,403.700,14.0,625,10,2.5,,
2026-10-06T00:13:13.993Z,X3842932,8505,44.19857,7.86807,32996.2,5.3,9.7,105.0,-47.8,0.8,-1.0,RS41-SG,403.700,14.5,625,10,2.5,,
2026-10-06T00:13:14.993Z,X3842932,8506,44.19854,7.86819,33001.8,5.8,10.2,108.7,-47.7,0.8,-1.0,RS41-SG,403.700,14.5,625,10,2.6,,
2026-10-06T00:13:15.993Z,X3842932,8507,44.19851,7.86831,33007.8,6.2,10.7,111.0,-47.6,0.8,-1.0,RS41-SG,403.700,14.1,625,10,2.6,,
2026-10-06T00:13:16.993Z,X3842932,8508,44.19847,7.86844,33013.8,5.6,10.8,111.9,-47.5,0.8,-1.0,RS41-SG,403.700,13.6,625,10,2.6,,
2026-10-06T00:13:17.993Z,X3842932,8509,44.19844,7.86856,33019.2,5.2,10.3,113.0,-47.4,0.8,-1.0,RS41-SG,403.700,14.5,625,10,2.5,,
2026-10-06T00:13:18.993Z,X3842932,8510,44.19840,7.86867,33024.4,5.2,8.9,113.6,-47.3,0.8,-1.0,RS41-SG,403.700,14.5,625,10,2.5,,
2026-10-06T00:13:19.993Z,X3842932,8511,44.19837,7.86876,33029.8,5.5,6.8,114.7,-47.2,0.8,-1.0,RS41-SG,403.700,13.8,625,10,2.5,,
2026-10-06T00:13:20.993Z,X3842932,8512,44.19835,7.86882,33035.2,5.3,4.7,113.7,-47.1,0.8,-1.0,RS41-SG,403.700,14.0,625,10,2.5,,
2026-10-06T00:13:21.993Z,X3842932,8513,44.19834,7.86887,33040.3,5.1,3.0,104.9,-47.0,0.8,-1.0,RS41-SG,403.700,14.0,625,10,2.5,,
2026-10-06T00:13:22.993Z,X3842932,8514,44.19834,7.86890,33045.4,5.1,2.4,74.7,-46.9,0.8,-1.0,RS41-SG,403.700,13.2,625,10,2.6,,
2026-10-06T00:13:23.993Z,X3842932,8515,44.19835,7.86893,33050.7,5.5,3.3,54.7,-46.8,0.8,-1.0,RS41-SG,403.700,13.0,625,10,2.6,,
2026-10-06T00:13:24.993Z,X3842932,8516,44.19837,7.86897,33056.5,6.0,5.0,53.9,-46.8,0.7,-1.0,RS41-SG,403.700,13.2,625,10,2.5,,
2026-10-06T00:13:25.993Z,X3842932,8517,44.19840,7.86904,33062.7,6.3,7.0,58.7,-46.7,0.8,-1.0,RS41-SG,403.700,13.3,625,10,2.5,,
2026-10-06T00:13:26.993Z,X3842932,8518,44.19843,7.86912,33068.9,5.8,8.4,66.4,-46.6,0.7,-1.0,RS41-SG,403.700,13.5,625,10,2.5,,
2026-10-06T00:13:27.993Z,X3842932,8519,44.19846,7.86923,33074.3,5.1,9.3,75.1,-46.6,0.7,-1.0,RS41-SG,403.700,14.1,625,10,2.6,,
2026-10-06T00:13:28.993Z,X3842932,8520,44.19847,7.86934,33079.4,5.1,9.5,87.0,-46.5,0.7,-1.0,RS41-SG,403.700,14.1,625,10,2.6,,
2026-10-06T00:13:29.993Z,X3842932,8521,44.19847,7.86946,33084.8,5.7,9.1,101.9,-46.5,0.7,-1.0,RS41-SG,403.700,13.8,625,10,2.5,,
2026-10-06T00:13:30.993Z,X3842932,8522,44.19844,7.86956,33090.6,5.9,8.5,118.6,-46.4,0.7,-1.0,RS41-SG,403.700,14.1,625,10,2.5,,
2026-10-06T00:13:31.993Z,X3842932,8523,44.19840,7.86964,33096.0,4.9,8.1,132.4,-46.3,0.7,-1.0,RS41-SG,403.700,14.1,625,10,2.5,,
2026-10-06T00:13:32.993Z,X3842932,8524,44.19835,7.86971,33101.0,5.1,7.5,141.1,-46.2,0.7,-1.0,RS41-SG,403.700,13.1,625,10,2.5,,
2026-10-06T00:13:33.993Z,X3842932,8525,44.19830,7.86976,33106.8,6.5,6.5,140.9,-46.2,0.7,-1.0,RS41-SG,403.700,13.1,625,10,2.6,,
2026-10-06T00:13:34.993Z,X3842932,8526,44.19826,7.86982,33113.7,7.2,5.7,124.1,-46.1,0.7,-1.0,RS41-SG,403.700,13.1,625,10,2.6,,
2026-10-06T00:13:35.993Z,X3842932,8527,44.19824,7.86988,33120.7,6.6,5.9,100.1,-46.1,0.7,-1.0,RS41-SG,403.700,13.2,625,10,2.6,,
2026-10-06T00:13:36.993Z,X3842932,8528,44.19824,7.86996,33126.6,5.0,7.2,83.4,-46.0,0.7,-1.0,RS41-SG,403.700,13.2,625,10,2.5,,
2026-10-06T00:13:37.993Z,X3842932,8529,44.19825,7.87006,33131.2,4.2,8.8,73.9,-46.0,0.7,-1.0,RS41-SG,403.700,13.4,625,10,2.5,,
2026-10-06T00:13:38.993Z,X3842932,8530,44.19828,7.87017,33135.7,4.8,9.8,70.7,-45.9,0.7,-1.0,RS41-SG,403.700,13.4,625,10,2.5,,
2026-10-06T00:13:39.993Z,X3842932,8531,44.19831,7.87029,33141.2,6.0,10.2,72.9,-45.8,0.7,-1.0,RS41-SG,403.700,13.6,625,10,2.5,,
2026-10-06T00:13:40.993Z,X3842932,8532,44.19833,7.87041,33147.4,6.4,9.9,79.4,-45.7,0.8,-1.0,RS41-SG,403.700,13.6,625,10,2.5,,
2026-10-06T00:13:41.993Z,X3842932,8533,44.19834,7.87053,33153.5,5.8,9.8,89.6,-45.6,0.7,-1.0,RS41-SG,403.700,13.3,625,10,2.6,,
2026-10-06T00:13:42.993Z,X3842932,8534,44.19833,7.87066,33158.9,4.9,10.1,98.9,-45.6,0.7,-1.0,RS41-SG,403.700,13.7,625,10,2.6,,
2026-10-06T00:13:43.993Z,X3842932,8535,44.19831,7.87079,33163.6,4.5,11.1,106.1,-45.5,0.7,-1.0,RS41-SG,403.700,14.2,625,10,2.5,,
2026-10-06T00:13:44.993Z,X3842932,8536,44.19828,7.87092,33168.4,5.1,12.2,109.1,-45.5,0.7,-1.0,RS41-SG,403.700,14.2,625,10,2.5,,
2026-10-06T00:13:45.993Z,X3842932,8537,44.19824,7.87107,33173.9,5.9,12.9,107.2,-45.5,0.7,-1.0,RS41-SG,403.700,13.7,625,10,2.5,,
2026-10-06T00:13:46.993Z,X3842932,8538,44.19821,7.87123,33180.1,6.3,13.1,101.9,-45.4,0.7,-1.0,RS41-SG,403.700,13.8,625,10,2.6,,
2026-10-06T00:13:47.993Z,X3842932,8539,44.19820,7.87139,33186.4,6.3,12.5,94.4,-45.4,0.7,-1.0,RS41-SG,403.700,13.8,625,10,2.6,,
2026-10-06T00:13:48.993Z,X3842932,8540,44.19820,7.87154,33192.5,5.9,11.3,84.1,-45.4,0.7,-1.0,RS41-SG,403.700,13.8,625,10,2.5,,
2026-10-06T00:13:49.993Z,X3842932,8541,44.19822,7.87166,33198.2,5.5,9.7,70.7,-45.4,0.7,-1.0,RS41-SG,403.700,13.7,625,10,2.5,,
2026-10-06T00:13:50.993Z,X3842932,8542,44.19825,7.87176,33203.6,5.4,8.1,53.1,-45.3,0.7,-1.0,RS41-SG,403.700,14.9,625,10,2.5,,
2026-10-06T00:13:51.993Z,X3842932,8543,44.19830,7.87183,33209.0,5.2,6.9,33.5,-45.2,0.7,-1.0,RS41-SG,403.700,14.9,625,10,2.6,,
2026-10-06T00:13:52.993Z,X3842932,8544,44.19835,7.87186,33214.3,5.4,6.2,18.5,-45.1,0.7,-1.0,RS41-SG,403.700,14.9,625,10,2.6,,
2026-10-06T00:13:53.993Z,X3842932,8545,44.19840,7.87188,33219.7,5.6,5.2,15.6,-45.0,0.7,-1.0,RS41-SG,403.700,13.4,625,10,2.5,,
2026-10-06T00:13:54.993Z,X3842932,8546,44.19844,7.87191,33225.8,6.5,4.4,37.0,-44.9,0.7,-1.0,RS41-SG,403.700,10.5,625,10,2.5,,
2026-10-06T00:13:55.993Z,X3842932,8547,44.19846,7.87196,33232.4,6.8,5.4,72.7,-44.8,0.7,-1.0,RS41-SG,403.700,12.2,625,10,2.5,,
2026-10-06T00:13:56.993Z,X3842932,8548,44.19847,7.87204,33238.9,6.3,8.4,91.3,-44.8,0.7,-1.0,RS41-SG,403.700,13.1,625,10,2.5,,
2026-10-06T00:13:57.993Z,X3842932,8549,44.19846,7.87216,33244.4,4.7,11.5,97.2,-44.7,0.7,-1.0,RS41-SG,403.700,14.1,625,10,2.6,,
2026-10-06T00:13:58.993Z,X3842932,8550,44.19845,7.87232,33248.5,3.6,14.0,99.6,-44.7,0.7,-1.0,RS41-SG,403.700,14.8,625,10,2.6,,
2026-10-06T00:13:59.993Z,X3842932,8551,44.19842,7.87250,33252.7,4.9,15.4,99.6,-44.7,0.7,-1.0,RS41-SG,403.700,14.8,625,10,2.5,,
2026-10-06T00:14:00.993Z,X3842932,8552,44.19840,7.87269,33258.5,6.9,14.6,98.6,-44.7,0.7,-1.0,RS41-SG,403.700,14.2,625,10,2.5,,
2026-10-06T00:14:01.993Z,X3842932,8553,44.19839,7.87285,33265.7,7.6,12.0,94.9,-44.7,0.7,-1.0,RS41-SG,403.700,13.9,625,10,2.5,,
2026-10-06T00:14:02.993Z,X3842932,8554,44.19839,7.87298,33273.1,7.1,8.7,87.4,-44.7,0.7,-1.0,RS41-SG,403.700,13.9,625,10,2.6,,
2026-10-06T00:14:03.993Z,X3842932,8555,44.19840,7.87307,33279.2,5.2,6.2,71.6,-44.8,0.7,-1.0,RS41-SG,403.700,13.9,625,10,2.6,,
2026-10-06T00:14:04.993Z,X3842932,8556,44.19842,7.87313,33283.7,3.7,4.9,45.6,-44.8,0.7,-1.0,RS41-SG,403.700,14.4,625,10,2.5,,
2026-10-06T00:14:05.993Z,X3842932,8557,44.19846,7.87316,33287.5,3.8,5.4,21.8,-44.8,0.7,-1.0,RS41-SG,403.700,14.4,625,10,2.5,,
2026-10-06T00:14:06.993Z,X3842932,8558,44.19851,7.87319,33292.1,5.4,6.6,17.9,-44.8,0.7,-1.0,RS41-SG,403.700,12.3,625,10,2.5,,
2026-10-06T00:14:07.993Z,X3842932,8559,44.19857,7.87322,33298.2,6.9,7.6,30.3,-44.8,0.7,-1.0,RS41-SG,403.700,11.6,625,10,2.5,,
2026-10-06T00:14:08.993Z,X3842932,8560,44.19862,7.87329,33305.2,7.0,8.8,46.6,-44.9,0.7,-1.0,RS41-SG,403.700,11.3,625,10,2.6,,
2026-10-06T00:14:09.993Z,X3842932,8561,44.19867,7.87338,33311.6,5.7,10.2,58.9,-44.9,0.7,-1.0,RS41-SG,403.700,12.3,625,10,2.6,,
2026-10-06T00:14:10.993Z,X3842932,8562,44.19871,7.87350,33316.6,4.4,11.4,69.0,-44.9,0.7,-1.0,RS41-SG,403.700,12.9,625,10,2.5,,
2026-10-06T00:14:11.993Z,X3842932,8563,44.19874,7.87364,33321.1,4.6,12.1,78.5,-45.0,0.7,-1.0,RS41-SG,403.700,12.9,625,10,2.5,,
2026-10-06T00:14:12.993Z,X3842932,8564,44.19876,7.87379,33326.1,5.3,11.7,86.0,-45.0,0.8,-1.0,RS41-SG,403.700,12.8,625,10,2.5,,
2026-10-06T00:14:13.993Z,X3842932,8565,44.19876,7.87392,33331.7,6.0,10.1,92.0,-45.0,0.7,-1.0,RS41-SG,403.700,13.6,625,10,2.6,,
2026-10-06T00:14:14.993Z,X3842932,8566,44.19876,7.87404,33337.9,6.2,7.9,95.2,-45.1,0.8,-1.0,RS41-SG,403.700,13.6,625,10,2.6,,
2026-10-06T00:14:15.993Z,X3842932,8567,44.19875,7.87412,33344.2,6.4,5.4,94.2,-45.1,0.7,-1.0,RS41-SG,403.700,13.5,625,10,2.5,,
2026-10-06T00:14:16.993Z,X3842932,8568,44.19875,7.87417,33350.5,6.2,3.3,81.9,-45.2,0.8,-1.0,RS41-SG,403.700,13.5,625,10,2.5,,
2026-10-06T00:14:17.993Z,X3842932,8569,44.19876,7.87421,33356.4,5.6,2.8,50.2,-45.2,0.7,-1.0,RS41-SG,403.700,11.7,625,10,2.5,,
2026-10-06T00:14:18.993Z,X3842932,8570,44.19878,7.87423,33361.9,5.4,4.0,32.6,-45.3,0.8,-1.0,RS41-SG,403.700,12.0,625,10,2.5,,
2026-10-06T00:14:19.993Z,X3842932,8571,44.19882,7.87427,33367.6,5.9,6.1,37.2,-45.3,0.8,-1.0,RS41-SG,403.700,12.0,625,10,2.6,,
2026-10-06T00:14:20.993Z,X3842932,8572,44.19887,7.87433,33373.4,6.0,8.7,46.4,-45.4,0.8,-1.0,RS41-SG,403.700,12.8,625,10,2.6,,
2026-10-06T00:14:21.993Z,X3842932,8573,44.19893,7.87443,33379.2,5.5,11.5,54.8,-45.4,0.8,-1.0,RS41-SG,403.700,13.3,625,10,2.6,,
2026-10-06T00:14:22.993Z,X3842932,8574,44.19899,7.87456,33384.6,5.4,13.8,60.6,-45.4,0.8,-1.0,RS41-SG,403.700,14.0,625,10,2.5,,
2026-10-06T00:14:23.993Z,X3842932,8575,44.19905,7.87472,33389.8,5.0,15.1,64.6,-45.5,0.8,-1.0,RS41-SG,403.700,14.3,625,10,2.5,,
2026-10-06T00:14:24.993Z,X3842932,8576,44.19910,7.87489,33395.0,5.5,14.9,67.0,-45.5,0.8,-1.0,RS41-SG,403.700,14.3,625,10,2.5,,
2026-10-06T00:14:25.993Z,X3842932,8577,44.19915,7.87505,33401.1,6.7,12.8,67.3,-45.6,0.8,-1.0,RS41-SG,403.700,13.9,625,10,2.5,,
2026-10-06T00:14:26.993Z,X3842932,8578,44.19919,7.87518,33407.9,6.8,9.6,64.1,-45.6,0.8,-1.0,RS41-SG,403.700,14.5,625,10,2.5,,
2026-10-06T00:14:27.993Z,X3842932,8579,44.19923,7.87526,33414.2,5.8,6.6,53.2,-45.6,0.8,-1.0,RS41-SG,403.700,14.5,625,10,2.6,,
2026-10-06T00:14:28.993Z,X3842932,8580,44.19926,7.87531,33419.3,4.1,4.7,30.4,-45.7,0.8,-1.0,RS41-SG,403.700,14.5,625,10,2.6,,
2026-10-06T00:14:29.993Z,X3842932,8581,44.19930,7.87533,33423.2,3.8,4.7,2.9,-45.7,0.8,-1.0,RS41-SG,403.700,14.5,625,10,2.6,,
2026-10-06T00:14:30.993Z,X3842932,8582,44.19935,7.87533,33427.8,5.2,5.6,356.0,-45.7,0.8,-1.0,RS41-SG,403.700,13.6,625,10,2.5,,
2026-10-06T00:14:31.993Z,X3842932,8583,44.19940,7.87533,33433.9,6.8,6.6,10.3,-45.7,0.8,-1.0,RS41-SG,403.700,12.8,625,10,2.5,,
2026-10-06T00:14:32.993Z,X3842932,8584,44.19946,7.87536,33440.9,7.3,8.0,30.4,-45.7,0.8,-1.0,RS41-SG,403.700,12.4,625,10,2.5,,
2026-10-06T00:14:33.993Z,X3842932,8585,44.19952,7.87543,33447.8,6.3,9.9,46.3,-45.7,0.8,-1.0,RS41-SG,403.700,12.5,625,10,2.5,,
2026-10-06T00:14:34.993Z,X3842932,8586,44.19958,7.87554,33453.2,4.6,11.9,57.8,-45.6,0.8,-1.0,RS41-SG,403.700,12.5,625,10,2.5,,
2026-10-06T00:14:35.993Z,X3842932,8587,44.19963,7.87568,33457.5,4.0,13.6,67.4,-45.6,0.8,-1.0,RS41-SG,403.700,13.8,625,10,2.6,,
2026-10-06T00:14:36.993Z,X3842932,8588,44.19967,7.87585,33461.8,4.6,14.4,76.1,-45.5,0.8,-1.0,RS41-SG,403.700,13.8,625,10,2.6,,
2026-10-06T00:14:37.993Z,X3842932,8589,44.19970,7.87602,33466.9,5.7,14.1,83.4,-45.5,0.8,-1.0,RS41-SG,403.700,13.5,625,10,2.6,,
2026-10-06T00:14:38.993Z,X3842932,8590,44.19970,7.87619,33472.9,6.3,12.7,89.5,-45.4,0.8,-1.0,RS41-SG,403.700,13.9,625,10,2.5,,
2026-10-06T00:14:39.993Z,X3842932,8591,44.19970,7.87634,33479.0,5.9,10.9,94.3,-45.3,0.7,-1.0,RS41-SG,403.700,13.9,625,10,2.5,,
2026-10-06T00:14:40.993Z,X3842932,8592,44.19969,7.87646,33484.5,5.1,9.2,96.8,-45.3,0.8,-1.0,RS41-SG,403.700,13.4,625,10,2.5,,
2026-10-06T00:14:41.993Z,X3842932,8593,44.19968,7.87657,33489.5,4.9,7.8,96.5,-45.2,0.7,-1.0,RS41-SG,403.700,13.4,625,10,2.5,,
2026-10-06T00:14:42.993Z,X3842932,8594,44.19968,7.87666,33494.8,5.5,7.2,89.8,-45.2,0.7,-1.0,RS41-SG,403.700,12.2,625,10,2.5,,
2026-10-06T00:14:43.993Z,X3842932,8595,44.19969,7.87675,33500.8,6.5,7.6,79.0,-45.1,0.7,-1.0,RS41-SG,403.700,12.8,625,10,2.6,,
2026-10-06T00:14:44.993Z,X3842932,8596,44.19971,7.87685,33507.5,7.0,9.2,70.3,-45.0,0.7,-1.0,RS41-SG,403.700,12.8,625,10,2.6,,
2026-10-06T00:14:45.993Z,X3842932,8597,44.19974,7.87697,33514.1,6.1,10.9,64.6,-45.0,0.7,-1.0,RS41-SG,403.700,13.4,625,10,2.6,,
2026-10-06T00:14:46.993Z,X3842932,8598,44.19979,7.87710,33519.5,4.7,12.4,62.1,-44.9,0.7,-1.0,RS41-SG,403.700,13.4,625,10,2.5,,
2026-10-06T00:14:47.993Z,X3842932,8599,44.19984,7.87724,33524.2,4.8,13.2,61.2,-44.9,0.7,-1.0,RS41-SG,403.700,13.3,625,10,2.5,,
2026-10-06T00:14:48.993Z,X3842932,8600,44.19990,7.87738,33529.5,5.7,12.9,61.3,-44.8,0.7,-1.0,RS41-SG,403.700,13.3,625,10,2.5,,
2026-10-06T00:14:49.993Z,X3842932,8601,44.19995,7.87751,33535.8,6.7,11.7,63.3,-44.8,0.7,-1.0,RS41-SG,403.700,11.5,625,10,2.5,,
2026-10-06T00:14:50.993Z,X3842932,8602,44.19999,7.87763,33542.6,7.0,9.9,68.0,-44.8,0.7,-1.0,RS41-SG,403.700,10.5,625,10,2.5,,
2026-10-06T00:14:51.993Z,X3842932,8603,44.20002,7.87774,33549.1,6.0,8.6,78.4,-44.8,0.7,-1.0,RS41-SG,403.700,11.0,625,10,2.6,,
2026-10-06T00:14:52.993Z,X3842932,8604,44.20002,7.87785,33554.8,5.4,8.3,92.9,-44.8,0.7,-1.0,RS41-SG,403.700,12.1,625,10,2.6,,
2026-10-06T00:14:53.993Z,X3842932,8605,44.20001,7.87796,33560.3,5.6,9.2,106.0,-44.8,0.7,-1.0,RS41-SG,403.700,12.4,625,10,2.6,,
2026-10-06T00:14:54.993Z,X3842932,8606,44.19998,7.87807,33566.1,6.0,11.0,113.0,-44.8,0.7,-1.0,RS41-SG,403.700,13.1,625,10,2.5,,
2026-10-06T00:14:55.993Z,X3842932,8607,44.19994,7.87821,33572.0,5.8,12.6,112.7,-44.8,0.7,-1.0,RS41-SG,403.700,13.1,625,10,2.5,,
2026-10-06T00:14:56.993Z,X3842932,8608,44.19990,7.87836,33577.9,5.7,13.6,109.6,-44.9,0.7,-1.0,RS41-SG,403.700,13.3,625,10,2.5,,
2026-10-06T00:14:57.993Z,X3842932,8609,44.19986,7.87852,33583.7,6.1,13.7,103.3,-44.9,0.7,-1.0,RS41-SG,403.700,13.9,625,10,2.5,,
2026-10-06T00:14:58.993Z,X3842932,8610,44.19984,7.87869,33589.9,6.3,12.8,94.4,-44.9,0.7,-1.0,RS41-SG,403.700,14.0,625,10,2.5,,
2026-10-06T00:14:59.993Z,X3842932,8611,44.19984,7.87884,33596.0,6.2,11.7,83.0,-45.0,0.7,-1.0,RS41-SG,403.700,14.0,625,10,2.6,,
2026-10-06T00:15:00.993Z,X3842932,8612,44.19987,7.87897,33601.9,5.8,10.8,71.0,-44.9,0.7,-1.0,RS41-SG,403.700,13.2,625,10,2.6,,
2026-10-06T00:15:01.993Z,X3842932,8613,44.19990,7.87910,33607.1,4.7,10.3,61.7,-44.9,0.7,-1.0,RS41-SG,403.700,13.3,625,10,2.6,,
2026-10-06T00:15:02.993Z,X3842932,8614,44.19995,7.87920,33612.2,5.2,10.1,58.0,-44.9,0.7,-1.0,RS41-SG,403.700,13.4,625,10,2.5,,
2026-10-06T00:15:03.993Z,X3842932,8615,44.20000,7.87931,33618.1,6.6,10.2,62.9,-44.8,0.7,-1.0,RS41-SG,403.700,13.4,625,10,2.5,,
2026-10-06T00:15:04.993Z,X3842932,8616,44.20003,7.87944,33625.1,7.3,10.9,74.9,-44.8,0.7,-1.0,RS41-SG,403.700,12.6,625,10,2.5,,
2026-10-06T00:15:05.993Z,X3842932,8617,44.20005,7.87958,33632.3,7.1,12.7,88.2,-44.9,0.7,-1.0,RS41-SG,403.700,12.5,625,10,2.5,,
2026-10-06T00:15:06.993Z,X3842932,8618,44.20004,7.87975,33638.6,5.5,14.7,97.9,-44.9,0.7,-1.0,RS41-SG,403.700,12.6,625,10,2.5,,
2026-10-06T00:15:07.993Z,X3842932,8619,44.20001,7.87994,33643.4,4.0,16.4,103.9,-44.9,0.7,-1.0,RS41-SG,403.700,13.6,625,10,2.6,,
2026-10-06T00:15:08.993Z,X3842932,8620,44.19997,7.88014,33647.7,4.5,17.5,108.7,-44.9,0.7,-1.0,RS41-SG,403.700,14.7,625,10,2.6,,
2026-10-06T00:15:09.993Z,X3842932,8621,44.19992,7.88034,33652.9,5.8,17.3,112.2,-44.9,0.7,-1.0,RS41-SG,403.700,14.7,625,10,2.6,,
2026-10-06T00:15:10.993Z,X3842932,8622,44.19986,7.88053,33659.2,6.8,15.7,112.5,-44.9,0.7,-1.0,RS41-SG,403.700,14.8,625,10,2.5,,
2026-10-06T00:15:11.993Z,X3842932,8623,44.19981,7.88070,33665.7,6.1,13.7,111.3,-44.9,0.7,-1.0,RS41-SG,403.700,14.8,625,10,2.5,,
2026-10-06T00:15:12.993Z,X3842932,8624,44.19977,7.88085,33671.3,4.9,12.0,107.7,-44.8,0.7,-1.0,RS41-SG,403.700,14.2,625,10,2.5,,
2026-10-06T00:15:13.993Z,X3842932,8625,44.19974,7.88099,33676.1,4.7,10.8,103.0,-44.8,0.7,-1.0,RS41-SG,403.700,14.2,625,10,2.5,,
2026-10-06T00:15:14.993Z,X3842932,8626,44.19973,7.88112,33681.2,5.4,10.6,97.1,-44.8,0.7,-1.0,RS41-SG,403.700,13.4,625,10,2.6,,
2026-10-06T00:15:15.993Z,X3842932,8627,44.19972,7.88126,33687.1,6.5,11.4,94.7,-44.7,0.7,-1.0,RS41-SG,403.700,13.0,625,10,2.6,,
2026-10-06T00:15:16.993Z,X3842932,8628,44.19971,7.88141,33694.0,7.1,12.8,94.6,-44.7,0.7,-1.0,RS41-SG,403.700,12.5,625,10,2.5,,
2026-10-06T00:15:17.993Z,X3842932,8629,44.19970,7.88157,33700.7,6.2,14.3,95.8,-44.7,0.7,-1.0,RS41-SG,403.700,12.5,625,10,2.5,,
2026-10-06T00:15:18.993Z,X3842932,8630,44.19968,7.88176,33706.4,5.3,15.4,98.3,-44.7,0.7,-1.0,RS41-SG,403.700,12.5,625,10,2.5,,
2026-10-06T00:15:19.993Z,X3842932,8631,44.19966,7.88195,33711.9,5.7,15.9,100.5,-44.6,0.7,-1.0,RS41-SG,403.700,14.2,625,10,2.5,,
2026-10-06T00:15:20.993Z,X3842932,8632,44.19963,7.88214,33718.1,6.7,15.6,103.2,-44.6,0.7,-1.0,RS41-SG,403.700,14.4,625,10,2.6,,
2026-10-06T00:15:21.993Z,X3842932,8633,44.19960,7.88232,33724.8,6.9,14.4,105.5,-44.6,0.7,-1.0,RS41-SG,403.700,14.4,625,10,2.6,,
2026-10-06T00:15:22.993Z,X3842932,8634,44.19956,7.88249,33731.1,5.7,13.4,107.4,-44.4,0.7,-1.0,RS41-SG,403.700,14.2,625,10,2.5,,
2026-10-06T00:15:23.993Z,X3842932,8635,44.19952,7.88264,33736.6,5.3,12.6,109.6,-44.3,0.7,-1.0,RS41-SG,403.700,13.5,625,10,2.5,,
2026-10-06T00:15:24.993Z,X3842932,8636,44.19948,7.88279,33742.3,5.9,12.6,110.9,-44.2,0.7,-1.0,RS41-SG,403.700,13.5,625,10,2.5,,
2026-10-06T00:15:25.993Z,X3842932,8637,44.19944,7.88294,33748.2,6.1,13.3,112.0,-44.1,0.7,-1.0,RS41-SG,403.700,12.7,625,10,2.6,,
2026-10-06T00:15:26.993Z,X3842932,8638,44.19940,7.88310,33754.3,6.2,14.5,113.2,-44.1,0.7,-1.0,RS41-SG,403.700,12.7,625,10,2.6,,
2026-10-06T00:15:27.993Z,X3842932,8639,44.19934,7.88327,33760.4,6.0,15.7,113.9,-44.0,0.7,-1.0,RS41-SG,403.700,12.7,625,10,2.5,,
2026-10-06T00:15:28.993Z,X3842932,8640,44.19928,7.88345,33766.0,5.4,16.7,115.3,-44.1,0.7,-1.0,RS41-SG,403.700,13.1,625,10,2.5,,
2026-10-06T00:15:29.993Z,X3842932,8641,44.19921,7.88364,33771.6,5.7,17.2,116.7,-44.1,0.7,-1.0,RS41-SG,403.700,13.1,625,10,2.5,,
2026-10-06T00:15:30.993Z,X3842932,8642,44.19914,7.88383,33777.0,5.0,17.2,119.5,-44.1,0.7,-1.0,RS41-SG,403.700,13.5,625,10,2.6,,
2026-10-06T00:15:31.993Z,X3842932,8643,44.19907,7.88402,33777.1,-4.8,17.2,119.4,-44.2,0.7,-1.0,RS41-SG,403.700,13.5,625,10,2.6,,
2026-10-06T00:15:32.993Z,X3842932,8644,44.19899,7.88420,33767.7,-14.3,17.1,119.0,-44.1,0.7,-1.0,RS41-SG,403.700,14.1,625,10,2.5,,
2026-10-06T00:15:33.993Z,X3842932,8645,44.19892,7.88439,33749.1,-23.2,16.7,118.2,-44.1,0.7,-1.0,RS41-SG,403.700,14.1,625,10,2.5,,
2026-10-06T00:15:34.993Z,X3842932,8646,44.19885,7.88457,33721.7,-31.8,16.4,118.0,-44.2,0.7,-1.0,RS41-SG,403.700,13.3,625,10,2.5,,
2026-10-06T00:15:35.993Z,X3842932,8647,44.19879,7.88474,33688.5,-34.3,13.7,116.7,-44.3,0.7,-1.0,RS41-SG,403.700,13.2,625,10,2.5,,
2026-10-06T00:15:36.993Z,X3842932,8648,44.19876,7.88483,33659.1,-24.8,2.6,114.4,-44.5,0.7,-1.0,RS41-SG,403.700,13.2,625,10,2.6,,
2026-10-06T00:15:37.993Z,X3842932,8649,44.19875,7.88485,33633.5,-27.1,1.6,71.9,-44.6,0.7,-1.0,RS41-SG,403.700,13.1,625,9,2.6,,
2026-10-06T00:15:38.993Z,X3842932,8650,44.19877,7.88487,33607.2,-25.4,2.6,35.5,-44.6,0.7,-1.0,RS41-SG,403.700,12.2,625,10,2.5,,
2026-10-06T00:15:39.993Z,X3842932,8651,44.19879,7.88491,33584.2,-21.1,6.2,51.2,-44.7,0.7,-1.0,RS41-SG,403.700,10.7,625,10,2.5,,
2026-10-06T00:15:40.993Z,X3842932,8652,44.19883,7.88499,33562.7,-22.3,9.1,65.0,-44.7,0.7,-1.0,RS41-SG,403.700,11.6,625,10,2.5,,
2026-10-06T00:15:41.993Z,X3842932,8653,44.19886,7.88511,33540.9,-22.1,12.4,74.0,-44.8,0.7,-1.0,RS41-SG,403.700,12.4,625,10,2.6,,
2026-10-06T00:15:42.993Z,X3842932,8654,44.19888,7.88529,33520.4,-19.7,16.5,84.1,-44.8,0.7,-1.0,RS41-SG,403.700,12.7,625,10,2.6,,
2026-10-06T00:15:43.993Z,X3842932,8655,44.19890,7.88550,33499.4,-23.3,17.5,84.9,-44.9,0.8,-1.0,RS41-SG,403.700,13.1,625,10,2.5,,
2026-10-06T00:15:44.993Z,X3842932,8656,44.19891,7.88572,33474.9,-26.1,17.9,86.4,-45.1,0.8,-1.0,RS41-SG,403.700,13.1,625,10,2.5,,
2026-10-06T00:15:45.993Z,X3842932,8657,44.19892,7.88593,33449.9,-24.2,16.0,88.3,-45.3,0.8,-1.0,RS41-SG,403.700,13.1,625,10,2.5,,
2026-10-06T00:15:46.993Z,X3842932,8658,44.19892,7.88611,33428.0,-20.5,13.7,90.0,-45.5,0.8,-1.0,RS41-SG,403.700,13.5,625,10,2.6,,
2026-10-06T00:15:47.993Z,X3842932,8659,44.19893,7.88626,33407.2,-21.4,10.2,84.3,-45.6,0.8,-1.0,RS41-SG,403.700,13.5,625,10,2.6,,
2026-10-06T00:15:48.993Z,X3842932,8660,44.19894,7.88637,33384.4,-25.0,9.0,78.5,-45.5,0.8,-1.0,RS41-SG,403.700,13.6,625,10,2.5,,
2026-10-06T00:15:49.993Z,X3842932,8661,44.19896,7.88647,33357.8,-28.9,6.8,68.2,-45.4,0.8,-1.0,RS41-SG,403.700,13.6,625,10,2.5,,
2026-10-06T00:15:50.993Z,X3842932,8662,44.19899,7.88654,33328.4,-30.6,6.7,51.3,-45.2,0.7,-1.0,RS41-SG,403.700,13.6,625,10,2.5,,
2026-10-06T00:15:51.993Z,X3842932,8663,44.19903,7.88659,33298.0,-30.7,6.5,23.9,-45.0,0.7,-1.0,RS41-SG,403.700,13.6,625,10,2.5,,
2026-10-06T00:15:52.993Z,X3842932,8664,44.19909,7.88662,33267.3,-30.9,6.4,19.0,-44.8,0.7,-1.0,RS41-SG,403.700,13.3,625,10,2.6,,
2026-10-06T00:15:53.993Z,X3842932,8665,44.19914,7.88665,33237.4,-28.9,7.3,22.1,-44.8,0.7,-1.0,RS41-SG,403.700,11.9,625,10,2.6,,
2026-10-06T00:15:54.993Z,X3842932,8666,44.19920,7.88669,33206.9,-32.3,7.7,29.9,-45.0,0.8,-1.0,RS41-SG,403.700,11.9,625,10,2.5,,
2026-10-06T00:15:55.993Z,X3842932,8667,44.19926,7.88674,33175.1,-31.3,7.6,42.4,-45.2,0.8,-1.0,RS41-SG,403.700,11.8,625,10,2.5,,
2026-10-06T00:15:56.993Z,X3842932,8668,44.19930,7.88681,33143.0,-32.5,7.8,58.4,-45.5,0.8,-1.0,RS41-SG,403.700,11.8,625,10,2.5,,
2026-10-06T00:15:57.993Z,X3842932,8669,44.19933,7.88691,33111.4,-31.2,9.6,79.1,-45.8,0.8,-1.0,RS41-SG,403.700,13.1,625,9,2.6,,
2026-10-06T00:15:58.993Z,X3842932,8670,44.19933,7.88704,33079.7,-32.0,10.8,88.5,-46.1,0.8,-1.0,RS41-SG,403.700,13.9,625,10,2.6,,
2026-10-06T00:15:59.993Z,X3842932,8671,44.19933,7.88717,33047.7,-31.4,11.7,97.6,-46.5,0.9,-1.0,RS41-SG,403.700,13.9,625,10,2.5,,
2026-10-06T00:16:00.993Z,X3842932,8672,44.19931,7.88732,33017.3,-29.5,11.8,101.9,-47.0,0.9,-1.0,RS41-SG,403.700,12.5,625,9,2.5,,
2026-10-06T00:16:01.993Z,X3842932,8673,44.19928,7.88745,32988.1,-29.2,10.7,105.0,-47.4,0.9,-1.0,RS41-SG,403.700,13.5,625,9,2.5,,
2026-10-06T00:16:02.993Z,X3842932,8674,44.19926,7.88756,32959.2,-28.7,8.9,112.2,-47.7,1.0,-1.0,RS41-SG,403.700,13.8,625,9,2.6,,
2026-10-06T00:16:03.993Z,X3842932,8675,44.19923,7.88764,32930.5,-29.1,6.6,125.7,-47.9,0.9,-1.0,RS41-SG,403.700,13.8,625,9,2.6,,
2026-10-06T00:16:04.993Z,X3842932,8676,44.19919,7.88770,32901.3,-29.5,5.0,143.3,-47.9,0.9,-1.0,RS41-SG,403.700,12.8,625,9,2.5,,
2026-10-06T00:16:05.993Z,X3842932,8677,44.19916,7.88773,32870.2,-32.7,4.5,155.2,-48.0,1.0,-1.0,RS41-SG,403.700,12.3,625,8,2.5,,
2026-10-06T00:16:06.993Z,X3842932,8678,44.19912,7.88774,32837.3,-34.1,4.6,165.8,-48.2,1.0,-1.0,RS41-SG,403.700,13.5,625,8,2.5,,
2026-10-06T00:16:07.993Z,X3842932,8679,44.19908,7.88776,32803.4,-34.7,5.3,162.3,-48.4,1.0,-1.0,RS41-SG,403.700,13.5,625,9,2.5,,
2026-10-06T00:16:08.993Z,X3842932,8680,44.19903,7.88778,32769.1,-33.6,6.6,160.1,-48.6,1.0,-1.0,RS41-SG,403.700,12.6,625,10,2.6,,
2026-10-06T00:16:09.993Z,X3842932,8681,44.19897,7.88782,32735.7,-32.5,7.6,152.3,-48.7,1.0,-1.0,RS41-SG,403.700,12.0,625,9,2.6,,
2026-10-06T00:16:10.993Z,X3842932,8682,44.19892,7.88789,32703.2,-31.9,9.9,130.0,-48.9,1.0,-1.0,RS41-SG,403.700,10.2,625,10,2.5,,
2026-10-06T00:16:11.993Z,X3842932,8683,44.19885,7.88801,32671.7,-31.2,14.3,124.2,-49.0,1.0,-1.0,RS41-SG,403.700,10.7,625,9,2.5,,
2026-10-06T00:16:12.993Z,X3842932,8684,44.19879,7.88818,32640.5,-31.8,16.9,116.2,-49.1,1.0,-1.0,RS41-SG,403.700,10.7,625,8,2.5,,
2026-10-06T00:16:13.993Z,X3842932,8685,44.19872,7.88840,32607.7,-33.9,20.7,113.8,-49.1,1.0,-1.0,RS41-SG,403.700,12.1,625,9,2.6,,
2026-10-06T00:16:14.993Z,X3842932,8686,44.19864,7.88865,32574.2,-33.5,23.1,111.9,-49.1,1.0,-1.0,RS41-SG,403.700,12.1,625,10,2.6,,
2026-10-06T00:16:15.993Z,X3842932,8687,44.19856,7.88893,32541.5,-32.6,26.4,113.5,-48.9,0.9,-1.0,RS41-SG,403.700,12.1,625,9,2.5,,
2026-10-06T00:16:16.993Z,X3842932,8688,44.19846,7.88923,32509.7,-31.7,27.8,113.5,-48.9,1.0,-1.0,RS41-SG,403.700,12.5,625,9,2.5,,
2026-10-06T00:16:17.993Z,X3842932,8689,44.19836,7.88954,32479.6,-29.4,26.5,115.9,-49.0,1.0,-1.0,RS41-SG,403.700,13.1,625,9,2.5,,
2026-10-06T00:16:18.993Z,X3842932,8690,44.19826,7.88982,32449.8,-30.6,24.7,118.8,-49.2,0.9,-1.0,RS41-SG,403.700,13.1,625,9,2.6,,
2026-10-06T00:16:19.993Z,X3842932,8691,44.19816,7.89007,32419.6,-30.7,21.5,119.2,-49.3,1.0,-1.0,RS41-SG,403.700,12.7,625,9,2.6,,
2026-10-06T00:16:20.993Z,X3842932,8692,44.19808,7.89027,32388.7,-31.5,15.8,119.4,-49.5,1.0,-1.0,RS41-SG,403.700,12.7,625,8,2.5,,
2026-10-06T00:16:21.993Z,X3842932,8693,44.19801,7.89042,32356.9,-32.6,11.9,122.7,-49.9,1.0,-1.0,RS41-SG,403.700,12.8,625,9,2.5,,
2026-10-06T00:16:22.993Z,X3842932,8694,44.19797,7.89052,32324.2,-33.5,7.6,112.9,-50.1,1.0,-1.0,RS41-SG,403.700,12.8,625,8,2.5,,
2026-10-06T00:16:23.993Z,X3842932,8695,44.19796,7.89059,32289.8,-35.4,4.3,85.0,-50.2,1.0,-1.0,RS41-SG,403.700,13.3,625,9,2.5,,
2026-10-06T00:16:24.993Z,X3842932,8696,44.19798,7.89063,32254.7,-34.9,4.9,26.9,-50.2,1.0,-1.0,RS41-SG,403.700,13.3,625,9,2.6,,
2026-10-06T00:16:25.993Z,X3842932,8697,44.19803,7.89066,32220.1,-34.8,7.7,14.4,-50.1,1.0,-1.0,RS41-SG,403.700,13.4,625,9,2.6,,
2026-10-06T00:16:26.993Z,X3842932,8698,44.19810,7.89069,32184.6,-36.1,8.8,12.0,-49.9,1.0,-1.0,RS41-SG,403.700,14.1,625,9,2.5,,
2026-10-06T00:16:27.993Z,X3842932,8699,44.19818,7.89071,32149.7,-33.6,10.0,16.1,-49.8,1.0,-1.0,RS41-SG,403.700,14.1,625,8,2.5,,
2026-10-06T00:16:28.993Z,X3842932,8700,44.19826,7.89075,32118.3,-30.2,9.2,20.8,-49.7,0.9,-1.0,RS41-SG,403.700,12.1,625,7,2.5,,
2026-10-06T00:16:29.993Z,X3842932,8701,44.19832,7.89080,32088.3,-28.7,7.4,29.9,-49.6,0.9,-1.0,RS41-SG,403.700,12.6,625,9,2.6,,
2026-10-06T00:16:30.993Z,X3842932,8702,44.19835,7.89084,32060.2,-28.1,3.9,59.2,-49.5,0.9,-1.0,RS41-SG,403.700,13.2,625,8,2.6,,
2026-10-06T00:16:31.993Z,X3842932,8703,44.19835,7.89089,32030.0,-29.9,4.4,123.2,-49.5,0.9,-1.0,RS41-SG,403.700,13.2,625,10,2.5,,
2026-10-06T00:16:32.993Z,X3842932,8704,44.19831,7.89094,31999.7,-32.0,6.9,142.0,-49.7,1.0,-1.0,RS41-SG,403.700,11.8,625,8,2.5,,
2026-10-06T00:16:33.993Z,X3842932,8705,44.19824,7.89100,31967.3,-33.1,11.6,157.9,-49.8,0.9,-1.0,RS41-SG,403.700,12.2,625,9,2.5,,
2026-10-06T00:16:34.993Z,X3842932,8706,44.19813,7.89107,31933.6,-34.0,15.8,152.6,-49.8,0.9,-1.0,RS41-SG,403.700,12.2,625,9,2.6,,
2026-10-06T00:16:35.993Z,X3842932,8707,44.19800,7.89118,31900.4,-33.2,18.6,146.8,-49.7,1.0,-1.0,RS41-SG,403.700,11.2,625,9,2.6,,
2026-10-06T00:16:36.993Z,X3842932,8708,44.19785,7.89133,31868.0,-32.5,21.0,142.7,-49.6,0.9,-1.0,RS41-SG,403.700,11.1,625,10,2.5,,
2026-10-06T00:16:37.993Z,X3842932,8709,44.19771,7.89151,31836.5,-31.2,23.1,134.9,-49.4,0.9,-1.0,RS41-SG,403.700,11.6,625,10,2.5,,
2026-10-06T00:16:38.993Z,X3842932,8710,44.19757,7.89173,31806.0,-30.4,24.0,126.0,-49.2,0.9,-1.0,RS41-SG,403.700,12.5,625,10,2.5,,
2026-10-06T00:16:39.993Z,X3842932,8711,44.19747,7.89198,31775.3,-31.7,22.8,117.4,-49.2,0.9,-1.0,RS41-SG,403.700,12.7,625,9,2.5,,
2026-10-06T00:16:40.993Z,X3842932,8712,44.19739,7.89222,31744.0,-31.3,19.6,107.0,-49.4,0.9,-1.0,RS41-SG,403.700,14.0,625,10,2.6,,
2026-10-06T00:16:41.993Z,X3842932,8713,44.19735,7.89243,31712.9,-32.2,15.5,100.4,-49.8,0.9,-1.0,RS41-SG,403.700,14.0,625,9,2.6,,
2026-10-06T00:16:42.993Z,X3842932,8714,44.19734,7.89260,31681.3,-32.4,11.6,94.8,-50.2,1.0,-1.0,RS41-SG,403.700,13.6,625,8,2.5,,
2026-10-06T00:16:43.993Z,X3842932,8715,44.19733,7.89271,31650.2,-31.1,6.7,86.4,-50.4,1.0,-1.0,RS41-SG,403.700,13.2,625,9,2.5,,
2026-10-06T00:16:44.993Z,X3842932,8716,44.19734,7.89277,31619.0,-32.2,3.2,88.3,-50.5,1.0,-1.0,RS41-SG,403.700,13.2,625,9,2.5,,
2026-10-06T00:16:45.993Z,X3842932,8717,44.19732,7.89279,31588.5,-29.9,2.3,212.3,-50.6,1.0,-1.0,RS41-SG,403.700,13.2,625,8,2.6,,
2026-10-06T00:16:46.993Z,X3842932,8718,44.19730,7.89277,31557.5,-32.1,4.1,218.6,-50.8,1.1,-1.0,RS41-SG,403.700,13.1,625,8,2.6,,
2026-10-06T00:16:47.993Z,X3842932,8719,44.19726,7.89272,31525.8,-32.1,7.3,220.8,-51.1,1.0,-1.0,RS41-SG,403.700,12.9,625,8,2.5,,
2026-10-06T00:16:48.993Z,X3842932,8720,44.19719,7.89266,31492.7,-34.1,10.5,209.2,-51.1,1.1,-1.0,RS41-SG,403.700,13.3,625,8,2.5,,
2026-10-06T00:16:49.993Z,X3842932,8721,44.19710,7.89261,31458.3,-34.9,12.0,196.5,-51.3,1.1,-1.0,RS41-SG,403.700,13.3,625,10,2.5,08:29:12,
2026-10-06T00:16:50.993Z,X3842932,8722,44.19698,7.89258,31425.5,-31.3,14.2,186.2,-51.4,1.1,-1.0,RS41-SG,403.700,12.4,625,10,2.6,08:29:12,
2026-10-06T00:16:51.993Z,X3842932,8723,44.19685,7.89258,31395.5,-30.1,15.2,178.2,-51.6,1.1,-1.0,RS41-SG,403.700,9.8,625,9,2.6,08:29:12,
2026-10-06T00:16:52.993Z,X3842932,8724,44.19671,7.89260,31366.3,-29.7,16.7,167.6,-51.5,1.1,-1.0,RS41-SG,403.700,12.8,625,10,2.5,08:29:12,
2026-10-06T00:16:53.993Z,X3842932,8725,44.19657,7.89266,31336.8,-30.4,15.8,156.9,-51.4,1.1,-1.0,RS41-SG,403.700,12.8,625,9,2.5,08:29:12,
2026-10-06T00:16:54.993Z,X3842932,8726,44.19645,7.89276,31308.5,-27.2,15.5,146.3,-51.2,1.0,-1.0,RS41-SG,403.700,12.0,625,9,2.5,08:29:12,
2026-10-06T00:16:55.993Z,X3842932,8727,44.19634,7.89288,31280.5,-29.1,14.6,133.8,-51.0,1.0,-1.0,RS41-SG,403.700,11.5,625,9,2.5,08:29:12,
2026-10-06T00:16:56.993Z,X3842932,8728,44.19626,7.89302,31250.8,-31.7,14.9,126.9,-50.9,1.0,-1.0,RS41-SG,403.700,11.5,625,9,2.6,08:29:12,
2026-10-06T00:16:57.993Z,X3842932,8729,44.19618,7.89317,31218.6,-32.8,14.2,124.3,-50.8,1.0,-1.0,RS41-SG,403.700,11.6,625,9,2.6,08:29:12,
2026-10-06T00:16:58.993Z,X3842932,8730,44.19612,7.89331,31188.0,-29.7,12.7,113.5,-50.8,1.0,-1.0,RS41-SG,403.700,11.6,625,8,2.5,08:29:12,
2026-10-06T00:16:59.993Z,X3842932,8731,44.19607,7.89345,31158.6,-28.6,12.2,116.7,-50.8,1.0,-1.0,RS41-SG,403.700,12.4,625,9,2.5,08:29:12,
2026-10-06T00:17:00.993Z,X3842932,8732,44.19603,7.89357,31130.9,-27.5,10.0,114.6,-50.9,1.0,-1.0,RS41-SG,403.700,14.0,625,8,2.5,08:29:12,
2026-10-06T00:17:01.993Z,X3842932,8733,44.19598,7.89368,31104.8,-24.4,9.6,125.0,-51.1,1.0,-1.0,RS41-SG,403.700,14.0,625,8,2.6,08:29:12,
2026-10-06T00:17:02.993Z,X3842932,8734,44.19594,7.89377,31079.2,-27.1,8.2,125.9,-51.2,1.0,-1.0,RS41-SG,403.700,13.9,625,8,2.6,08:29:12,
2026-10-06T00:17:03.993Z,X3842932,8735,44.19589,7.89386,31051.4,-28.7,9.5,125.5,-51.1,1.0,-1.0,RS41-SG,403.700,13.9,625,9,2.5,08:29:12,
2026-10-06T00:17:04.993Z,X3842932,8736,44.19583,7.89395,31022.0,-30.4,10.1,133.2,-51.0,1.0,-1.0,RS41-SG,403.700,13.9,625,8,2.5,08:29:12,
2026-10-06T00:17:05.993Z,X3842932,8737,44.19577,7.89404,30992.1,-30.2,9.9,136.0,-50.9,1.0,-1.0,RS41-SG,403.700,13.4,625,8,2.5,08:29:12,
2026-10-06T00:17:06.993Z,X3842932,8738,44.19569,7.89414,30962.4,-29.8,12.3,139.2,-50.8,1.0,-1.0,RS41-SG,403.700,13.3,625,9,2.6,08:29:12,
2026-10-06T00:17:07.993Z,X3842932,8739,44.19560,7.89423,30932.6,-30.2,12.7,149.1,-50.6,0.9,-1.0,RS41-SG,403.700,13.2,625,9,2.6,08:29:12,
2026-10-06T00:17:08.993Z,X3842932,8740,44.19550,7.89431,30903.0,-29.6,14.3,150.7,-50.5,0.9,-1.0,RS41-SG,403.700,12.4,625,10,2.5,08:29:12,
2026-10-06T00:17:09.993Z,X3842932,8741,44.19538,7.89439,30874.0,-29.8,15.3,159.3,-50.4,0.9,-1.0,RS41-SG,403.700,12.2,625,7,2.5,08:29:12,
2026-10-06T00:17:10.993Z,X3842932,8742,44.19525,7.89446,30844.3,-29.9,15.7,156.6,-50.3,0.9,-1.0,RS41-SG,403.700,12.7,625,10,2.5,08:29:12,
2026-10-06T00:17:11.993Z,X3842932,8743,44.19512,7.89453,30814.8,-29.7,16.3,161.8,-50.6,0.9,-1.0,RS41-SG,403.700,13.0,625,8,2.5,08:29:12,
2026-10-06T00:17:12.993Z,X3842932,8744,44.19498,7.89461,30785.4,-28.8,17.0,156.8,-50.9,1.0,-1.0,RS41-SG,403.700,13.0,625,10,2.6,08:29:12,
2026-10-06T00:17:13.993Z,X3842932,8745,44.19484,7.89470,30756.9,-29.2,17.0,156.5,-51.2,1.0,-1.0,RS41-SG,403.700,10.9,625,10,2.6,08:29:12,
2026-10-06T00:17:14.993Z,X3842932,8746,44.19470,7.89480,30727.6,-30.0,18.7,149.0,-51.3,1.0,-1.0,RS41-SG,403.700,10.6,625,9,2.5,08:29:12,
2026-10-06T00:17:15.993Z,X3842932,8747,44.19456,7.89492,30698.6,-28.1,18.1,143.5,-51.5,1.0,-1.0,RS41-SG,403.700,12.7,625,9,2.5,08:29:12,
2026-10-06T00:17:16.993Z,X3842932,8748,44.19443,7.89506,30672.0,-26.2,17.2,141.1,-51.7,1.0,-1.0,RS41-SG,403.700,13.1,625,9,2.5,08:29:12,
2026-10-06T00:17:17.993Z,X3842932,8749,44.19432,7.89519,30646.5,-25.2,16.3,136.5,-51.9,1.1,-1.0,RS41-SG,403.700,13.1,625,8,2.6,08:29:12,
2026-10-06T00:17:18.993Z,X3842932,8750,44.19423,7.89532,30621.3,-25.8,13.6,131.2,-52.1,1.1,-1.0,RS41-SG,403.700,13.2,625,8,2.6,08:29:12,
2026-10-06T00:17:19.993Z,X3842932,8751,44.19415,7.89543,30595.8,-25.6,10.8,133.0,-52.1,1.1,-1.0,RS41-SG,403.700,13.2,625,9,2.5,08:29:12,
2026-10-06T00:17:20.993Z,X3842932,8752,44.19409,7.89553,30570.5,-25.6,9.1,129.4,-52.1,1.0,-1.0,RS41-SG,403.700,13.4,625,9,2.5,08:29:12,
2026-10-06T00:17:21.993Z,X3842932,8753,44.19406,7.89560,30544.7,-26.7,6.2,114.0,-52.0,1.1,-1.0,RS41-SG,403.700,13.4,625,8,2.5,08:29:12,
2026-10-06T00:17:22.993Z,X3842932,8754,44.19405,7.89566,30517.9,-27.0,4.0,85.4,-52.0,1.1,-1.0,RS41-SG,403.700,13.5,625,10,2.6,08:29:12,
2026-10-06T00:17:23.993Z,X3842932,8755,44.19406,7.89572,30489.8,-28.2,4.7,63.9,-51.8,1.0,-1.0,RS41-SG,403.700,13.5,625,9,2.6,08:29:12,
2026-10-06T00:17:24.993Z,X3842932,8756,44.19410,7.89577,30461.9,-27.8,7.5,34.5,-51.8,1.0,-1.0,RS41-SG,403.700,13.1,625,8,2.5,08:29:12,
2026-10-06T00:17:25.993Z,X3842932,8757,44.19417,7.89582,30434.7,-27.9,8.9,21.1,-51.7,1.0,-1.0,RS41-SG,403.700,13.1,625,8,2.5,08:29:12,
2026-10-06T00:17:26.993Z,X3842932,8758,44.19424,7.89587,30406.2,-27.6,9.7,23.4,-51.6,1.0,-1.0,RS41-SG,403.700,12.6,625,10,2.5,08:29:12,
2026-10-06T00:17:27.993Z,X3842932,8759,44.19433,7.89592,30379.2,-27.2,11.8,23.5,-51.5,1.0,-1.0,RS41-SG,403.700,12.6,625,8,2.5,08:29:12,
2026-10-06T00:17:28.993Z,X3842932,8760,44.19443,7.89598,30352.1,-27.0,11.7,22.5,-51.5,1.0,-1.0,RS41-SG,403.700,12.4,625,9,2.6,08:29:12,
2026-10-06T00:17:29.993Z,X3842932,8761,44.19452,7.89605,30325.1,-26.4,12.4,31.4,-51.4,1.0,-1.0,RS41-SG,403.700,12.0,625,10,2.6,08:29:12,
2026-10-06T00:17:30.993Z,X3842932,8762,44.19462,7.89613,30298.5,-26.8,13.8,30.5,-51.3,1.0,-1.0,RS41-SG,403.700,12.0,625,8,2.6,08:29:12,
2026-10-06T00:17:31.993Z,X3842932,8763,44.19472,7.89623,30272.1,-26.9,14.0,37.9,-51.2,0.9,-1.0,RS41-SG,403.700,12.0,625,9,2.5,08:29:12,
2026-10-06T00:17:32.993Z,X3842932,8764,44.19483,7.89635,30246.0,-26.8,16.8,40.4,-51.0,0.9,-1.0,RS41-SG,403.700,12.0,625,7,2.5,08:29:12,
2026-10-06T00:17:33.993Z,X3842932,8765,44.19495,7.89650,30219.7,-26.2,17.5,45.4,-50.9,0.9,-1.0,RS41-SG,403.700,11.7,625,8,2.5,08:29:12,
2026-10-06T00:17:34.993Z,X3842932,8766,44.19506,7.89666,30193.0,-27.3,19.7,46.9,-50.7,0.9,-1.0,RS41-SG,403.700,12.6,625,9,2.5,08:29:12,
2026-10-06T00:17:35.993Z,X3842932,8767,44.19517,7.89685,30166.1,-26.9,20.4,53.0,-50.6,0.9,-1.0,RS41-SG,403.700,12.7,625,10,2.5,08:29:12,
2026-10-06T00:17:36.993Z,X3842932,8768,44.19529,7.89706,30139.5,-26.9,21.3,51.0,-50.4,0.9,-1.0,RS41-SG,403.700,12.8,625,9,2.6,08:29:12,
2026-10-06T00:17:37.993Z,X3842932,8769,44.19540,7.89727,30113.1,-26.1,21.7,53.8,-50.5,0.9,-1.0,RS41-SG,403.700,13.2,625,10,2.6,08:29:12,
2026-10-06T00:17:38.993Z,X3842932,8770,44.19552,7.89747,30086.7,-26.0,20.3,49.9,-50.8,0.9,-1.0,RS41-SG,403.700,13.2,625,9,2.6,08:29:12,
2026-10-06T00:17:39.993Z,X3842932,8771,44.19564,7.89766,30061.1,-25.9,19.9,49.0,-51.0,0.9,-1.0,RS41-SG,403.700,13.0,625,7,2.5,08:29:12,
2026-10-06T00:17:40.993Z,X3842932,8772,44.19574,7.89783,30035.2,-26.3,16.9,49.0,-51.1,1.0,-1.0,RS41-SG,403.700,13.0,625,8,2.5,08:28:21,
2026-10-06T00:17:41.993Z,X3842932,8773,44.19584,7.89799,30010.0,-24.9,16.5,50.3,-51.1,0.9,-1.0,RS41-SG,403.700,13.7,625,8,2.5,08:28:21,
2026-10-06T00:17:42.993Z,X3842932,8774,44.19592,7.89814,29985.6,-23.8,14.1,56.8,-51.1,0.9,-1.0,RS41-SG,403.700,13.7,625,9,2.5,08:28:21,
2026-10-06T00:17:43.993Z,X3842932,8775,44.19599,7.89829,29961.4,-25.1,14.3,62.4,-51.1,1.0,-1.0,RS41-SG,403.700,13.6,625,9,2.6,08:28:21,
2026-10-06T00:17:44.993Z,X3842932,8776,44.19603,7.89845,29936.7,-25.2,12.5,72.5,-51.1,1.0,-1.0,RS41-SG,403.700,13.6,625,8,2.6,08:28:21,
2026-10-06T00:17:45.993Z,X3842932,8777,44.19606,7.89860,29912.4,-24.7,13.6,78.8,-51.1,1.0,-1.0,RS41-SG,403.700,13.4,625,9,2.5,08:28:21,
2026-10-06T00:17:46.993Z,X3842932,8778,44.19607,7.89877,29887.8,-25.0,13.4,90.8,-51.1,1.0,-1.0,RS41-SG,403.700,13.2,625,9,2.5,08:28:21,
2026-10-06T00:17:47.993Z,X3842932,8779,44.19607,7.89893,29863.4,-25.3,13.1,93.3,-51.1,1.0,-1.0,RS41-SG,403.700,13.1,625,7,2.5,08:28:21,
2026-10-06T00:17:48.993Z,X3842932,8780,44.19605,7.89910,29838.0,-26.1,14.1,98.8,-51.1,1.0,-1.0,RS41-SG,403.700,13.2,625,10,2.5,08:28:21,
2026-10-06T00:17:49.993Z,X3842932,8781,44.19603,7.89927,29812.4,-25.6,13.6,102.7,-51.3,1.0,-1.0,RS41-SG,403.700,13.3,625,9,2.6,08:28:21,
2026-10-06T00:17:50.993Z,X3842932,8782,44.19601,7.89944,29787.5,-25.0,13.6,99.9,-51.3,1.0,-1.0,RS41-SG,403.700,14.3,625,9,2.6,08:28:21,
2026-10-06T00:17:51.993Z,X3842932,8783,44.19598,7.89961,29762.6,-25.0,13.9,105.1,-51.3,1.0,-1.0,RS41-SG,403.700,14.3,625,8,2.6,08:28:21,
2026-10-06T00:17:52.993Z,X3842932,8784,44.19595,7.89977,29738.4,-24.6,12.4,104.0,-51.3,1.0,-1.0,RS41-SG,403.700,13.8,625,8,2.5,08:28:21,
2026-10-06T00:17:53.993Z,X3842932,8785,44.19592,7.89992,29715.2,-23.3,12.5,103.0,-51.3,1.0,-1.0,RS41-SG,403.700,13.8,625,9,2.5,08:28:21,
2026-10-06T00:17:54.993Z,X3842932,8786,44.19590,7.90006,29690.8,-24.6,10.8,107.8,-51.2,1.0,-1.0,RS41-SG,403.700,13.3,625,9,2.5,08:28:21,
2026-10-06T00:17:55.993Z,X3842932,8787,44.19588,7.90018,29666.9,-24.3,8.7,95.2,-51.2,1.0,-1.0,RS41-SG,403.700,13.4,625,8,2.5,08:28:21,
2026-10-06T00:17:56.993Z,X3842932,8788,44.19588,7.90028,29642.8,-24.3,7.4,89.7,-51.2,1.0,-1.0,RS41-SG,403.700,13.4,625,8,2.5,08:28:21,
2026-10-06T00:17:57.993Z,X3842932,8789,44.19589,7.90035,29618.2,-25.4,5.4,65.9,-51.2,1.0,-1.0,RS41-SG,403.700,13.4,625,8,2.6,08:28:21,
2026-10-06T00:17:58.993Z,X3842932,8790,44.19592,7.90041,29592.2,-26.4,5.9,41.9,-51.1,1.0,-1.0,RS41-SG,403.700,13.6,625,10,2.6,08:28:21,
2026-10-06T00:17:59.993Z,X3842932,8791,44.19596,7.90045,29566.3,-26.2,5.7,23.6,-51.0,0.9,-1.0,RS41-SG,403.700,13.6,625,8,2.6,08:28:21,
2026-10-06T00:18:00.993Z,X3842932,8792,44.19601,7.90046,29539.9,-27.3,6.7,355.8,-50.8,0.9,-1.0,RS41-SG,403.700,13.5,625,8,2.5,08:28:21,
2026-10-06T00:18:01.993Z,X3842932,8793,44.19608,7.90044,29513.1,-27.3,8.1,348.5,-50.6,0.9,-1.0,RS41-SG,403.700,12.8,625,9,2.5,08:28:21,
2026-10-06T00:18:02.993Z,X3842932,8794,44.19615,7.90041,29486.1,-27.3,7.6,338.9,-50.5,0.9,-1.0,RS41-SG,403.700,13.6,625,9,2.5,08:28:21,
2026-10-06T00:18:03.993Z,X3842932,8795,44.19621,7.90037,29458.7,-27.4,9.0,329.9,-50.4,0.9,-1.0,RS41-SG,403.700,13.6,625,8,2.5,08:28:21,
2026-10-06T00:18:04.993Z,X3842932,8796,44.19628,7.90032,29432.1,-26.2,8.8,330.6,-50.3,0.9,-1.0,RS41-SG,403.700,13.5,625,10,2.6,08:28:21,
2026-10-06T00:18:05.993Z,X3842932,8797,44.19633,7.90026,29406.0,-26.0,7.7,315.0,-50.2,0.9,-1.0,RS41-SG,403.700,13.4,625,9,2.6,08:28:21,
2026-10-06T00:18:06.993Z,X3842932,8798,44.19638,7.90018,29380.3,-25.7,8.0,311.6,-50.1,0.9,-1.0,RS41-SG,403.700,13.6,625,9,2.5,08:28:21,
2026-10-06T00:18:07.993Z,X3842932,8799,44.19642,7.90011,29354.2,-25.9,6.4,302.2,-50.0,0.9,-1.0,RS41-SG,403.700,13.8,625,10,2.5,08:28:21,
2026-10-06T00:18:08.993Z,X3842932,8800,44.19644,7.90004,29328.8,-25.3,6.8,295.4,-49.9,0.8,-1.0,RS41-SG,403.700,13.8,625,9,2.5,08:28:21,
2026-10-06T00:18:09.993Z,X3842932,8801,44.19646,7.89997,29303.9,-25.3,5.5,293.8,-49.8,0.9,-1.0,RS41-SG,403.700,13.5,625,10,2.5,08:28:21,
2026-10-06T00:18:10.993Z,X3842932,8802,44.19648,7.89991,29278.5,-25.5,5.7,288.6,-49.8,0.8,-1.0,RS41-SG,403.700,13.5,625,10,2.6,08:28:21,
2026-10-06T00:18:11.993Z,X3842932,8803,44.19650,7.89984,29253.6,-25.3,5.0,298.1,-49.8,0.9,-1.0,RS41-SG,403.700,13.1,625,10,2.6,08:28:21,
2026-10-06T00:18:12.993Z,X3842932,8804,44.19652,7.89979,29228.7,-25.0,5.1,296.1,-49.8,0.9,-1.0,RS41-SG,403.700,13.1,625,10,2.6,08:28:21,
2026-10-06T00:18:13.993Z,X3842932,8805,44.19655,7.89974,29204.4,-24.6,5.1,322.9,-49.8,0.9,-1.0,RS41-SG,403.700,12.7,625,10,2.5,08:28:21,
2026-10-06T00:18:14.993Z,X3842932,8806,44.19659,7.89970,29180.8,-23.4,5.3,331.6,-49.8,0.9,-1.0,RS41-SG,403.700,12.6,625,7,2.5,08:28:21,
2026-10-06T00:18:15.993Z,X3842932,8807,44.19664,7.89968,29157.8,-23.4,7.3,347.0,-49.8,0.8,-1.0,RS41-SG,403.700,12.3,625,9,2.5,08:28:21,
2026-10-06T00:18:16.993Z,X3842932,8808,44.19670,7.89967,29133.6,-25.3,6.9,357.7,-49.9,0.9,-1.0,RS41-SG,403.700,13.0,625,9,2.5,08:28:21,
2026-10-06T00:18:17.993Z,X3842932,8809,44.19677,7.89966,29108.3,-25.6,7.4,355.7,-49.8,0.9,-1.0,RS41-SG,403.700,13.0,625,7,2.5,08:28:21,
2026-10-06T00:18:18.993Z,X3842932,8810,44.19683,7.89966,29082.8,-25.6,8.0,6.0,-49.9,0.8,-1.0,RS41-SG,403.700,11.8,625,10,2.6,08:28:21,
2026-10-06T00:18:19.993Z,X3842932,8811,44.19690,7.89969,29057.9,-23.9,7.6,30.9,-50.0,0.9,-1.0,RS41-SG,403.700,11.1,625,9,2.6,08:28:21,
2026-10-06T00:18:20.993Z,X3842932,8812,44.19694,7.89975,29034.7,-22.6,7.7,60.0,-50.2,0.9,-1.0,RS41-SG,403.700,10.8,625,9,2.6,08:28:21,
2026-10-06T00:18:21.993Z,X3842932,8813,44.19696,7.89985,29011.7,-22.8,9.1,78.0,-50.4,0.9,-1.0,RS41-SG,403.700,10.8,625,9,2.5,08:28:21,
2026-10-06T00:18:22.993Z,X3842932,8814,44.19697,7.89997,28988.2,-24.1,11.0,92.6,-50.5,0.9,-1.0,RS41-SG,403.700,10.8,625,10,2.5,08:28:21,
2026-10-06T00:18:23.993Z,X3842932,8815,44.19695,7.90012,28963.8,-25.5,14.0,107.0,-50.6,1.0,-1.0,RS41-SG,403.700,11.4,625,8,2.5,08:28:21,
2026-10-06T00:18:24.993Z,X3842932,8816,44.19689,7.90029,28938.0,-26.5,16.4,119.6,-50.7,1.0,-1.0,RS41-SG,403.700,12.1,625,9,2.5,08:28:21,
2026-10-06T00:18:25.993Z,X3842932,8817,44.19681,7.90046,28911.3,-26.5,17.4,131.7,-50.7,0.9,-1.0,RS41-SG,403.700,12.1,625,10,2.6,08:28:21,
2026-10-06T00:18:26.993Z,X3842932,8818,44.19669,7.90061,28885.6,-25.5,18.1,140.1,-50.7,1.0,-1.0,RS41-SG,403.700,11.5,625,10,2.6,08:28:21,
2026-10-06T00:18:27.993Z,X3842932,8819,44.19656,7.90074,28860.6,-24.9,19.0,149.5,-50.9,1.0,-1.0,RS41-SG,403.700,12.9,625,10,2.5,08:28:21,
2026-10-06T00:18:28.993Z,X3842932,8820,44.19641,7.90083,28836.2,-24.7,19.1,164.1,-51.0,1.0,-1.0,RS41-SG,403.700,13.6,625,10,2.5,08:28:21,
2026-10-06T00:18:29.993Z,X3842932,8821,44.19624,7.90087,28811.9,-25.2,17.7,175.1,-51.2,1.0,-1.0,RS41-SG,403.700,13.6,625,9,2.5,08:28:21,
2026-10-06T00:18:30.993Z,X3842932,8822,44.19609,7.90087,28786.8,-25.7,16.9,183.0,-51.3,1.0,-1.0,RS41-SG,403.700,13.9,625,9,2.5,08:28:21,
2026-10-06T00:18:31.993Z,X3842932,8823,44.19594,7.90083,28762.1,-24.9,16.9,195.3,-51.5,1.0,-1.0,RS41-SG,403.700,13.9,625,10,2.6,08:27:30,
2026-10-06T00:18:32.993Z,X3842932,8824,44.19581,7.90076,28737.2,-25.2,16.0,210.2,-51.6,1.0,-1.0,RS41-SG,403.700,12.4,625,9,2.6,08:27:30,
2026-10-06T00:18:33.993Z,X3842932,8825,44.19570,7.90064,28713.1,-24.3,14.2,225.4,-51.7,1.0,-1.0,RS41-SG,403.700,12.2,625,9,2.6,08:27:30,
2026-10-06T00:18:34.993Z,X3842932,8826,44.19562,7.90052,28688.9,-24.8,12.5,234.1,-51.7,1.1,-1.0,RS41-SG,403.700,11.5,625,9,2.5,08:27:30,
2026-10-06T00:18:35.993Z,X3842932,8827,44.19557,7.90039,28664.5,-24.9,11.3,246.6,-51.8,1.0,-1.0,RS41-SG,403.700,11.9,625,8,2.5,08:27:30,
2026-10-06T00:18:36.993Z,X3842932,8828,44.19554,7.90026,28639.7,-25.5,10.1,266.5,-51.8,1.0,-1.0,RS41-SG,403.700,12.1,625,10,2.5,08:27:30,
2026-10-06T00:18:37.993Z,X3842932,8829,44.19555,7.90015,28614.5,-25.5,7.9,286.2,-51.7,1.0,-1.0,RS41-SG,403.700,12.1,625,8,2.5,08:27:30,
2026-10-06T00:18:38.993Z,X3842932,8830,44.19557,7.90007,28589.2,-24.7,5.8,299.0,-51.8,1.0,-1.0,RS41-SG,403.700,11.9,625,10,2.5,08:27:30,
2026-10-06T00:18:39.993Z,X3842932,8831,44.19561,7.90003,28565.6,-22.9,5.2,334.9,-51.9,1.0,-1.0,RS41-SG,403.700,11.1,625,9,2.6,08:27:30,
2026-10-06T00:18:40.993Z,X3842932,8832,44.19565,7.90003,28542.8,-22.6,5.3,30.1,-52.0,1.1,-1.0,RS41-SG,403.700,10.9,625,10,2.6,08:27:30,
2026-10-06T00:18:41.993Z,X3842932,8833,44.19568,7.90009,28519.8,-23.4,7.0,70.8,-52.2,1.1,-1.0,RS41-SG,403.700,10.9,625,10,2.6,08:27:30,
2026-10-06T00:18:42.993Z,X3842932,8834,44.19568,7.90019,28496.0,-24.2,9.3,94.2,-52.3,1.1,-1.0,RS41-SG,403.700,11.3,625,10,2.5,08:27:30,
2026-10-06T00:18:43.993Z,X3842932,8835,44.19566,7.90032,28471.6,-24.8,12.7,103.3,-52.7,1.1,-1.0,RS41-SG,403.700,11.3,625,10,2.5,08:27:30,
2026-10-06T00:18:44.993Z,X3842932,8836,44.19562,7.90050,28446.9,-25.3,17.3,115.3,-52.8,1.1,-1.0,RS41-SG,403.700,11.8,625,9,2.5,08:27:30,
2026-10-06T00:18:45.993Z,X3842932,8837,44.19553,7.90069,28421.4,-26.0,20.1,125.5,-52.9,1.1,-1.0,RS41-SG,403.700,12.4,625,10,2.5,08:27:30,
2026-10-06T00:18:46.993Z,X3842932,8838,44.19542,7.90090,28395.8,-25.9,21.9,130.6,-52.9,1.2,-1.0,RS41-SG,403.700,13.2,625,10,2.6,08:27:30,
2026-10-06T00:18:47.993Z,X3842932,8839,44.19527,7.90110,28370.2,-25.7,24.7,137.2,-53.2,1.2,-1.0,RS41-SG,403.700,13.3,625,10,2.6,08:27:30,
2026-10-06T00:18:48.993Z,X3842932,8840,44.19510,7.90129,28345.5,-25.0,24.5,146.2,-53.4,1.2,-1.0,RS41-SG,403.700,13.4,625,9,2.5,08:27:30,
2026-10-06T00:18:49.993Z,X3842932,8841,44.19491,7.90145,28321.4,-24.0,24.8,150.5,-53.6,1.2,-1.0,RS41-SG,403.700,13.4,625,9,2.5,08:27:30,
2026-10-06T00:18:50.993Z,X3842932,8842,44.19472,7.90158,28298.0,-24.0,22.9,158.8,-53.7,1.2,-1.0,RS41-SG,403.700,13.7,625,10,2.5,08:27:30,
2026-10-06T00:18:51.993Z,X3842932,8843,44.19453,7.90167,28275.2,-23.2,21.9,163.8,-53.8,1.2,-1.0,RS41-SG,403.700,13.7,625,10,2.5,08:27:30,
2026-10-06T00:18:52.993Z,X3842932,8844,44.19435,7.90173,28252.0,-23.8,18.6,170.4,-54.1,1.2,-1.0,RS41-SG,403.700,12.8,625,10,2.6,08:27:30,
2026-10-06T00:18:53.993Z,X3842932,8845,44.19419,7.90175,28229.5,-22.5,16.9,177.8,-54.2,1.2,-1.0,RS41-SG,403.700,13.5,625,10,2.6,08:27:30,
2026-10-06T00:18:54.993Z,X3842932,8846,44.19406,7.90175,28207.6,-22.4,12.3,187.7,-54.5,1.3,-1.0,RS41-SG,403.700,13.5,625,9,2.6,08:27:30,
2026-10-06T00:18:55.993Z,X3842932,8847,44.19396,7.90172,28185.7,-22.3,10.3,195.6,-54.9,1.3,-1.0,RS41-SG,403.700,12.7,625,9,2.5,08:27:30,
2026-10-06T00:18:56.993Z,X3842932,8848,44.19389,7.90168,28163.4,-22.8,6.7,220.4,-55.1,1.3,-1.0,RS41-SG,403.700,12.5,625,9,2.5,08:27:30,
2026-10-06T00:18:57.993Z,X3842932,8849,44.19387,7.90163,28140.7,-23.0,4.0,251.9,-55.1,1.3,-1.0,RS41-SG,403.700,11.8,625,10,2.5,08:27:30,
2026-10-06T00:18:58.993Z,X3842932,8850,44.19387,7.90159,28117.7,-23.0,4.2,296.4,-55.0,1.3,-1.0,RS41-SG,403.700,11.5,625,10,2.5,08:27:30,
2026-10-06T00:18:59.993Z,X3842932,8851,44.19390,7.90154,28094.5,-23.5,7.1,331.1,-55.1,1.3,-1.0,RS41-SG,403.700,11.8,625,9,2.5,08:27:30,
2026-10-06T00:19:00.993Z,X3842932,8852,44.19398,7.90151,28070.5,-24.4,9.6,352.4,-55.1,1.3,-1.0,RS41-SG,403.700,12.5,625,9,2.6,08:27:30,
2026-10-06T00:19:01.993Z,X3842932,8853,44.19407,7.90152,28045.9,-25.1,11.0,6.5,-55.0,1.3,-1.0,RS41-SG,403.700,12.8,625,10,2.6,08:27:30,
2026-10-06T00:19:02.993Z,X3842932,8854,44.19417,7.90155,28021.0,-24.6,12.3,15.2,-54.8,1.2,-1.0,RS41-SG,403.700,12.8,625,9,2.6,08:27:30,
2026-10-06T00:19:03.993Z,X3842932,8855,44.19427,7.90160,27996.3,-24.5,13.8,22.7,-54.6,1.2,-1.0,RS41-SG,403.700,12.8,625,10,2.5,08:27:30,
2026-10-06T00:19:04.993Z,X3842932,8856,44.19439,7.90168,27972.4,-23.9,15.0,31.8,-54.5,1.2,-1.0,RS41-SG,403.700,12.8,625,9,2.5,08:27:30,
2026-10-06T00:19:05.993Z,X3842932,8857,44.19450,7.90180,27949.6,-22.7,15.9,42.4,-54.3,1.2,-1.0,RS41-SG,403.700,13.2,625,10,2.5,08:27:30,
2026-10-06T00:19:06.993Z,X3842932,8858,44.19459,7.90195,27927.0,-22.9,16.2,52.6,-54.3,1.1,-1.0,RS41-SG,403.700,13.2,625,10,2.5,08:27:30,
2026-10-06T00:19:07.993Z,X3842932,8859,44.19467,7.90212,27903.9,-23.2,16.4,63.1,-54.3,1.1,-1.0,RS41-SG,403.700,13.2,625,9,2.6,08:27:30,
2026-10-06T00:19:08.993Z,X3842932,8860,44.19472,7.90231,27880.8,-23.3,16.4,73.1,-54.3,1.1,-1.0,RS41-SG,403.700,14.1,625,9,2.6,08:27:30,
2026-10-06T00:19:09.993Z,X3842932,8861,44.19475,7.90251,27857.6,-23.4,16.3,82.0,-54.3,1.1,-1.0,RS41-SG,403.700,14.1,625,10,2.5,08:27:30,
2026-10-06T00:19:10.993Z,X3842932,8862,44.19476,7.90271,27834.3,-23.3,15.8,92.3,-54.4,1.1,-1.0,RS41-SG,403.700,14.5,625,9,2.5,08:27:30,
2026-10-06T00:19:11.993Z,X3842932,8863,44.19474,7.90291,27810.8,-23.6,15.2,102.4,-54.5,1.1,-1.0,RS41-SG,403.700,14.5,625,10,2.5,08:27:30,
2026-10-06T00:19:12.993Z,X3842932,8864,44.19470,7.90309,27787.7,-23.1,14.8,114.6,-54.8,1.2,-1.0,RS41-SG,403.700,14.0,625,9,2.5,08:27:30,
2026-10-06T00:19:13.993Z,X3842932,8865,44.19463,7.90325,27764.9,-23.1,14.6,121.1,-55.0,1.2,-1.0,RS41-SG,403.700,14.2,625,9,2.6,08:27:30,
2026-10-06T00:19:14.993Z,X3842932,8866,44.19456,7.90339,27742.3,-22.7,13.3,129.9,-55.2,1.3,-1.0,RS41-SG,403.700,14.2,625,9,2.6,08:27:30,
2026-10-06T00:19:15.993Z,X3842932,8867,44.19448,7.90351,27719.9,-22.7,13.0,143.6,-55.3,1.2,-1.0,RS41-SG,403.700,14.3,625,10,2.6,08:27:30,
2026-10-06T00:19:16.993Z,X3842932,8868,44.19438,7.90360,27697.6,-22.6,12.4,149.2,-55.4,1.3,-1.0,RS41-SG,403.700,14.3,625,9,2.5,08:27:30,
2026-10-06T00:19:17.993Z,X3842932,8869,44.19428,7.90366,27675.1,-22.9,12.3,160.9,-55.3,1.2,-1.0,RS41-SG,403.700,13.9,625,10,2.5,08:27:30,
2026-10-06T00:19:18.993Z,X3842932,8870,44.19418,7.90370,27652.4,-23.0,11.2,167.6,-55.4,1.3,-1.0,RS41-SG,403.700,13.9,625,8,2.5,08:27:30,
2026-10-06T00:19:19.993Z,X3842932,8871,44.19408,7.90373,27629.7,-22.8,10.9,171.1,-55.4,1.2,-1.0,RS41-SG,403.700,14.0,625,10,2.5,08:27:30,
2026-10-06T00:19:20.993Z,X3842932,8872,44.19398,7.90375,27607.1,-22.4,10.8,175.9,-55.4,1.2,-1.0,RS41-SG,403.700,14.0,625,10,2.5,08:27:30,
2026-10-06T00:19:21.993Z,X3842932,8873,44.19389,7.90375,27584.6,-22.7,9.7,180.6,-55.5,1.3,-1.0,RS41-SG,403.700,14.0,625,10,2.6,08:27:30,
2026-10-06T00:19:22.993Z,X3842932,8874,44.19381,7.90374,27562.9,-22.1,8.9,186.1,-55.6,1.3,-1.0,RS41-SG,403.700,14.5,625,9,2.6,08:26:39,
2026-10-06T00:19:23.993Z,X3842932,8875,44.19373,7.90373,27541.1,-21.9,8.5,187.6,-55.7,1.3,-1.0,RS41-SG,403.700,14.5,625,10,2.6,08:26:39,
2026-10-06T00:19:24.993Z,X3842932,8876,44.19365,7.90371,27519.4,-22.1,9.0,194.4,-55.7,1.3,-1.0,RS41-SG,403.700,14.2,625,9,2.5,08:26:39,
2026-10-06T00:19:25.993Z,X3842932,8877,44.19358,7.90368,27497.6,-21.9,8.3,198.9,-55.7,1.3,-1.0,RS41-SG,403.700,13.7,625,9,2.5,08:26:39,
2026-10-06T00:19:26.993Z,X3842932,8878,44.19350,7.90365,27476.2,-21.7,8.7,198.6,-55.8,1.3,-1.0,RS41-SG,403.700,14.2,625,10,2.5,08:26:39,
2026-10-06T00:19:27.993Z,X3842932,8879,44.19343,7.90361,27454.4,-21.8,9.5,200.0,-56.0,1.3,-1.0,RS41-SG,403.700,14.2,625,10,2.5,08:26:39,
2026-10-06T00:19:28.993Z,X3842932,8880,44.19334,7.90357,27432.8,-21.9,10.5,203.0,-56.1,1.3,-1.0,RS41-SG,403.700,14.2,625,10,2.6,08:26:39,
2026-10-06T00:19:29.993Z,X3842932,8881,44.19325,7.90351,27411.1,-21.8,11.0,205.6,-56.1,1.3,-1.0,RS41-SG,403.700,14.2,625,8,2.6,08:26:39,
2026-10-06T00:19:30.993Z,X3842932,8882,44.19316,7.90345,27389.4,-22.1,11.3,205.2,-56.1,1.3,-1.0,RS41-SG,403.700,14.0,625,8,2.5,08:26:39,
2026-10-06T00:19:31.993Z,X3842932,8883,44.19307,7.90340,27367.4,-22.3,11.6,202.5,-56.1,1.3,-1.0,RS41-SG,403.700,14.0,625,9,2.5,08:26:39,
2026-10-06T00:19:32.993Z,X3842932,8884,44.19297,7.90335,27345.3,-22.3,11.9,198.0,-56.0,1.3,-1.0,RS41-SG,403.700,14.0,625,9,2.5,08:26:39,
2026-10-06T00:19:33.993Z,X3842932,8885,44.19287,7.90331,27323.7,-21.9,12.3,193.8,-56.1,1.3,-1.0,RS41-SG,403.700,14.0,625,9,2.5,08:26:39,
2026-10-06T00:19:34.993Z,X3842932,8886,44.19276,7.90327,27302.2,-22.0,12.4,189.5,-56.2,1.3,-1.0,RS41-SG,403.700,13.8,625,9,2.6,08:26:39,
2026-10-06T00:19:35.993Z,X3842932,8887,44.19265,7.90326,27280.9,-21.3,12.5,184.8,-56.3,1.3,-1.0,RS41-SG,403.700,13.6,625,8,2.6,08:26:39,
2026-10-06T00:19:36.993Z,X3842932,8888,44.19254,7.90325,27260.1,-21.0,12.4,179.8,-56.4,1.3,-1.0,RS41-SG,403.700,13.5,625,9,2.6,08:26:39,
2026-10-06T00:19:37.993Z,X3842932,8889,44.19243,7.90325,27239.5,-20.9,12.5,176.5,-56.5,1.3,-1.0,RS41-SG,403.700,12.1,625,9,2.5,08:26:39,
2026-10-06T00:19:38.993Z,X3842932,8890,44.19232,7.90327,27218.5,-21.2,12.6,171.2,-56.4,1.3,-1.0,RS41-SG,403.700,12.6,625,9,2.5,08:26:39,
2026-10-06T00:19:39.993Z,X3842932,8891,44.19221,7.90330,27197.2,-21.8,13.0,166.7,-56.4,1.3,-1.0,RS41-SG,403.700,12.6,625,10,2.5,08:26:39,
2026-10-06T00:19:40.993Z,X3842932,8892,44.19209,7.90335,27175.6,-21.7,12.8,162.3,-56.4,1.3,-1.0,RS41-SG,403.700,12.4,625,10,2.5,08:26:39,
2026-10-06T00:19:41.993Z,X3842932,8893,44.19198,7.90340,27154.0,-21.9,12.8,159.2,-56.4,1.3,-1.0,RS41-SG,403.700,12.9,625,10,2.5,08:26:39,
2026-10-06T00:19:42.993Z,X3842932,8894,44.19188,7.90346,27132.5,-21.4,13.2,153.2,-56.4,1.3,-1.0,RS41-SG,403.700,12.9,625,10,2.6,08:26:39,
2026-10-06T00:19:43.993Z,X3842932,8895,44.19178,7.90354,27111.3,-21.4,12.9,149.2,-56.4,1.3,-1.0,RS41-SG,403.700,12.6,625,9,2.6,08:26:39,
2026-10-06T00:19:44.993Z,X3842932,8896,44.19168,7.90363,27090.2,-21.1,13.2,143.6,-56.5,1.3,-1.0,RS41-SG,403.700,12.6,625,10,2.6,08:26:39,
2026-10-06T00:19:45.993Z,X3842932,8897,44.19159,7.90374,27069.5,-20.8,13.1,134.1,-56.6,1.3,-1.0,RS41-SG,403.700,12.3,625,10,2.5,08:26:39,
2026-10-06T00:19:46.993Z,X3842932,8898,44.19151,7.90386,27048.6,-21.0,12.9,128.3,-56.7,1.3,-1.0,RS41-SG,403.700,12.2,625,10,2.5,08:26:39,
2026-10-06T00:19:47.993Z,X3842932,8899,44.19145,7.90400,27027.4,-21.5,13.4,120.5,-56.8,1.3,-1.0,RS41-SG,403.700,12.2,625,10,2.5,08:26:39,
2026-10-06T00:19:48.993Z,X3842932,8900,44.19139,7.90414,27006.2,-21.3,13.5,113.8,-56.7,1.3,-1.0,RS41-SG,403.700,13.1,625,10,2.5,08:26:39,
2026-10-06T00:19:49.993Z,X3842932,8901,44.19135,7.90430,26984.7,-21.7,13.8,107.1,-56.8,1.3,-1.0,RS41-SG,403.700,13.1,625,10,2.6,08:26:39,
2026-10-06T00:19:50.993Z,X3842932,8902,44.19132,7.90447,26963.5,-21.2,13.7,100.0,-56.8,1.3,-1.0,RS41-SG,403.700,13.4,625,10,2.6,08:26:39,
2026-10-06T00:19:51.993Z,X3842932,8903,44.19131,7.90464,26942.7,-20.8,13.7,91.9,-56.8,1.3,-1.0,RS41-SG,403.700,13.4,625,10,2.5,08:26:39,
2026-10-06T00:19:52.993Z,X3842932,8904,44.19131,7.90481,26922.0,-21.0,13.2,86.6,-56.7,1.3,-1.0,RS41-SG,403.700,12.8,625,9,2.5,08:26:39,
2026-10-06T00:19:53.993Z,X3842932,8905,44.19133,7.90497,26901.4,-20.6,12.7,78.8,-56.5,1.3,-1.0,RS41-SG,403.700,13.4,625,10,2.5,08:26:39,
2026-10-06T00:19:54.993Z,X3842932,8906,44.19135,7.90512,26880.7,-20.9,12.2,73.7,-56.4,1.3,-1.0,RS41-SG,403.700,13.4,625,10,2.5,08:26:39,
2026-10-06T00:19:55.993Z,X3842932,8907,44.19139,7.90525,26860.0,-20.7,11.3,67.6,-56.5,1.3,-1.0,RS41-SG,403.700,12.8,625,10,2.6,08:26:39,
2026-10-06T00:19:56.993Z,X3842932,8908,44.19143,7.90537,26839.3,-20.7,9.9,62.0,-56.5,1.3,-1.0,RS41-SG,403.700,12.7,625,10,2.6,08:26:39,
2026-10-06T00:19:57.993Z,X3842932,8909,44.19147,7.90547,26818.5,-20.8,8.3,55.3,-56.4,1.2,-1.0,RS41-SG,403.700,13.7,625,10,2.6,08:26:39,
2026-10-06T00:19:58.993Z,X3842932,8910,44.19151,7.90554,26797.7,-21.1,6.7,45.9,-56.4,1.2,-1.0,RS41-SG,403.700,13.7,625,10,2.5,08:26:39,
2026-10-06T00:19:59.993Z,X3842932,8911,44.19155,7.90559,26776.8,-20.8,5.0,33.7,-56.3,1.2,-1.0,RS41-SG,403.700,13.4,625,10,2.5,08:26:39,
2026-10-06T00:20:00.993Z,X3842932,8912,44.19158,7.90561,26756.0,-20.8,3.3,14.8,-56.3,1.2,-1.0,RS41-SG,403.700,13.8,625,10,2.5,08:26:39,
2026-10-06T00:20:01.993Z,X3842932,8913,44.19161,7.90561,26735.3,-20.8,1.7,343.0,-56.3,1.2,-1.0,RS41-SG,403.700,13.8,625,10,2.5,08:26:39,
2026-10-06T00:20:02.993Z,X3842932,8914,44.19161,7.90560,26714.7,-20.3,1.8,247.9,-56.3,1.3,-1.0,RS41-SG,403.700,12.1,625,10,2.5,08:26:39,
2026-10-06T00:20:03.993Z,X3842932,8915,44.19159,7.90558,26694.5,-20.5,3.9,211.1,-56.4,1.3,-1.0,RS41-SG,403.700,11.7,625,10,2.6,08:26:39,
2026-10-06T00:20:04.993Z,X3842932,8916,44.19155,7.90555,26674.1,-20.3,6.1,196.8,-56.5,1.2,-1.0,RS41-SG,403.700,11.7,625,10,2.6,08:26:39,
2026-10-06T00:20:05.993Z,X3842932,8917,44.19149,7.90554,26653.7,-20.5,8.5,186.4,-56.5,1.3,-1.0,RS41-SG,403.700,11.7,625,9,2.6,08:26:39,
2026-10-06T00:20:06.993Z,X3842932,8918,44.19140,7.90553,26633.2,-20.6,10.6,178.4,-56.6,1.3,-1.0,RS41-SG,403.700,11.7,625,10,2.5,08:26:39,
2026-10-06T00:20:07.993Z,X3842932,8919,44.19130,7.90555,26612.5,-21.1,12.1,170.7,-56.6,1.3,-1.0,RS41-SG,403.700,11.4,625,10,2.5,08:26:39,
2026-10-06T00:20:08.993Z,X3842932,8920,44.19119,7.90558,26591.6,-21.1,13.3,163.2,-56.5,1.3,-1.0,RS41-SG,403.700,11.7,625,10,2.5,08:26:39,
2026-10-06T00:20:09.993Z,X3842932,8921,44.19108,7.90565,26570.8,-20.8,14.7,154.0,-56.4,1.2,-1.0,RS41-SG,403.700,12.1,625,10,2.5,08:26:39,
2026-10-06T00:20:10.993Z,X3842932,8922,44.19096,7.90574,26550.5,-20.3,15.4,144.2,-56.4,1.3,-1.0,RS41-SG,403.700,12.8,625,10,2.6,08:26:39,
2026-10-06T00:20:11.993Z,X3842932,8923,44.19085,7.90587,26530.5,-20.2,15.9,134.0,-56.4,1.3,-1.0,RS41-SG,403.700,12.8,625,10,2.6,08:26:39,
2026-10-06T00:20:12.993Z,X3842932,8924,44.19076,7.90602,26510.4,-20.3,16.5,125.5,-56.2,1.2,-1.0,RS41-SG,403.700,11.9,625,10,2.5,08:26:39,
2026-10-06T00:20:13.993Z,X3842932,8925,44.19069,7.90620,26490.5,-19.8,17.0,115.6,-56.1,1.2,-1.0,RS41-SG,403.700,11.7,625,9,2.5,08:25:48,
2026-10-06T00:20:14.993Z,X3842932,8926,44.19063,7.90640,26470.9,-19.7,17.6,105.4,-55.9,1.2,-1.0,RS41-SG,403.700,11.7,625,10,2.5,08:25:48,
2026-10-06T00:20:15.993Z,X3842932,8927,44.19060,7.90662,26451.2,-19.9,18.1,96.1,-55.8,1.2,-1.0,RS41-SG,403.700,11.7,625,10,2.5,08:25:48,
2026-10-06T00:20:16.993Z,X3842932,8928,44.19060,7.90685,26431.4,-20.1,18.5,87.1,-55.6,1.1,-1.0,RS41-SG,403.700,12.1,625,10,2.6,08:25:48,
2026-10-06T00:20:17.993Z,X3842932,8929,44.19062,7.90708,26411.4,-20.3,18.8,78.6,-55.5,1.1,-1.0,RS41-SG,403.700,12.2,625,10,2.6,08:25:48,
2026-10-06T00:20:18.993Z,X3842932,8930,44.19066,7.90730,26391.1,-20.5,18.8,70.5,-55.5,1.2,-1.0,RS41-SG,403.700,12.2,625,10,2.5,08:25:48,
2026-10-06T00:20:19.993Z,X3842932,8931,44.19073,7.90751,26370.9,-20.3,18.2,61.3,-55.4,1.1,-1.0,RS41-SG,403.700,13.2,625,10,2.5,08:25:48,
2026-10-06T00:20:20.993Z,X3842932,8932,44.19082,7.90770,26350.7,-20.3,17.5,54.2,-55.3,1.1,-1.0,RS41-SG,403.700,13.5,625,10,2.5,08:25:48,
2026-10-06T00:20:21.993Z,X3842932,8933,44.19091,7.90786,26330.6,-19.6,16.3,43.5,-55.3,1.1,-1.0,RS41-SG,403.700,13.6,625,10,2.6,08:25:48,
2026-10-06T00:20:22.993Z,X3842932,8934,44.19102,7.90798,26310.9,-20.0,14.9,34.4,-55.3,1.2,-1.0,RS41-SG,403.700,13.6,625,9,2.6,08:25:48,
2026-10-06T00:20:23.993Z,X3842932,8935,44.19113,7.90807,26290.9,-20.0,13.4,24.9,-55.3,1.1,-1.0,RS41-SG,403.700,12.7,625,10,2.5,08:25:48,
2026-10-06T00:20:24.993Z,X3842932,8936,44.19124,7.90812,26270.9,-20.1,11.7,12.7,-55.3,1.1,-1.0,RS41-SG,403.700,13.3,625,10,2.5,08:25:48,
2026-10-06T00:20:25.993Z,X3842932,8937,44.19134,7.90814,26250.7,-20.3,10.5,2.8,-55.3,1.2,-1.0,RS41-SG,403.700,13.3,625,10,2.5,08:25:48,
2026-10-06T00:20:26.993Z,X3842932,8938,44.19142,7.90813,26230.4,-20.4,9.1,348.3,-55.4,1.1,-1.0,RS41-SG,403.700,12.9,625,10,2.6,08:25:48,
2026-10-06T00:20:27.993Z,X3842932,8939,44.19150,7.90810,26210.3,-19.9,8.4,333.3,-55.4,1.2,-1.0,RS41-SG,403.700,12.9,625,10,2.6,08:25:48,
2026-10-06T00:20:28.993Z,X3842932,8940,44.19155,7.90804,26190.5,-19.5,7.5,312.0,-55.4,1.2,-1.0,RS41-SG,403.700,12.5,625,10,2.5,08:25:48,
2026-10-06T00:20:29.993Z,X3842932,8941,44.19159,7.90796,26170.9,-19.8,7.0,291.8,-55.4,1.2,-1.0,RS41-SG,403.700,12.5,625,10,2.5,08:25:48,
2026-10-06T00:20:30.993Z,X3842932,8942,44.19160,7.90788,26151.0,-19.9,7.0,268.2,-55.4,1.1,-1.0,RS41-SG,403.700,10.8,625,10,2.5,08:25:48,
2026-10-06T00:20:31.993Z,X3842932,8943,44.19158,7.90779,26131.0,-20.4,7.5,249.6,-55.3,1.2,-1.0,RS41-SG,403.700,10.6,625,10,2.5,08:25:48,
2026-10-06T00:20:32.993Z,X3842932,8944,44.19155,7.90771,26110.6,-20.5,8.2,233.5,-55.2,1.1,-1.0,RS41-SG,403.700,10.9,625,10,2.6,08:25:48,
2026-10-06T00:20:33.993Z,X3842932,8945,44.19150,7.90763,26090.1,-20.5,8.9,218.9,-55.2,1.2,-1.0,RS41-SG,403.700,12.4,625,10,2.6,08:25:48,
2026-10-06T00:20:34.993Z,X3842932,8946,44.19143,7.90757,26069.6,-20.5,9.5,205.4,-55.2,1.1,-1.0,RS41-SG,403.700,12.4,625,10,2.5,08:25:48,
2026-10-06T00:20:35.993Z,X3842932,8947,44.19135,7.90753,26049.3,-20.3,10.1,195.0,-55.3,1.1,-1.0,RS41-SG,403.700,12.3,625,10,2.5,08:25:48,
2026-10-06T00:20:36.993Z,X3842932,8948,44.19125,7.90750,26029.3,-19.7,10.7,185.9,-55.5,1.2,-1.0,RS41-SG,403.700,10.5,625,10,2.5,08:25:48,
2026-10-06T00:20:37.993Z,X3842932,8949,44.19116,7.90750,26009.6,-19.8,11.0,176.0,-55.6,1.2,-1.0,RS41-SG,403.700,10.5,625,10,2.6,08:25:48,
2026-10-06T00:20:38.993Z,X3842932,8950,44.19106,7.90752,25990.0,-19.5,11.3,166.8,-55.6,1.2,-1.0,RS41-SG,403.700,11.9,625,10,2.6,08:25:48,
2026-10-06T00:20:39.993Z,X3842932,8951,44.19096,7.90757,25970.6,-19.1,11.8,156.7,-55.6,1.2,-1.0,RS41-SG,403.700,11.9,625,10,2.5,08:25:48,
2026-10-06T00:20:40.993Z,X3842932,8952,44.19087,7.90764,25951.5,-19.1,12.2,146.8,-55.6,1.2,-1.0,RS41-SG,403.700,11.7,625,10,2.5,08:25:48,
2026-10-06T00:20:41.993Z,X3842932,8953,44.19078,7.90774,25932.6,-18.7,12.8,137.4,-55.6,1.2,-1.0,RS41-SG,403.700,11.2,625,10,2.5,08:25:48,
2026-10-06T00:20:42.993Z,X3842932,8954,44.19070,7.90786,25913.7,-19.0,13.3,127.2,-55.4,1.2,-1.0,RS41-SG,403.700,12.7,625,10,2.6,08:25:48,
2026-10-06T00:20:43.993Z,X3842932,8955,44.19063,7.90800,25894.6,-19.0,13.9,117.7,-55.4,1.1,-1.0,RS41-SG,403.700,12.7,625,10,2.6,08:25:48,
2026-10-06T00:20:44.993Z,X3842932,8956,44.19058,7.90816,25875.4,-19.5,14.3,109.7,-55.3,1.2,-1.0,RS41-SG,403.700,13.0,625,10,2.5,08:25:48,
2026-10-06T00:20:45.993Z,X3842932,8957,44.19055,7.90833,25855.9,-19.6,14.6,101.4,-55.2,1.2,-1.0,RS41-SG,403.700,13.0,625,10,2.5,08:25:48,
2026-10-06T00:20:46.993Z,X3842932,8958,44.19053,7.90851,25836.3,-19.6,14.7,92.8,-55.0,1.2,-1.0,RS41-SG,403.700,13.0,625,10,2.5,08:25:48,
2026-10-06T00:20:47.993Z,X3842932,8959,44.19054,7.90870,25816.7,-19.6,14.8,84.4,-55.0,1.1,-1.0,RS41-SG,403.700,13.1,625,10,2.5,08:25:48,
2026-10-06T00:20:48.993Z,X3842932,8960,44.19056,7.90888,25797.0,-19.7,14.8,77.7,-54.9,1.1,-1.0,RS41-SG,403.700,13.1,625,10,2.6,08:25:48,
2026-10-06T00:20:49.993Z,X3842932,8961,44.19059,7.90905,25777.5,-19.4,14.8,71.2,-54.9,1.1,-1.0,RS41-SG,403.700,13.2,625,10,2.6,08:25:48,
2026-10-06T00:20:50.993Z,X3842932,8962,44.19064,7.90923,25758.1,-19.2,14.8,64.2,-54.9,1.1,-1.0,RS41-SG,403.700,13.2,625,10,2.5,08:25:48,
2026-10-06T00:20:51.993Z,X3842932,8963,44.19071,7.90938,25739.0,-18.9,14.4,56.8,-54.9,1.1,-1.0,RS41-SG,403.700,13.0,625,10,2.5,08:25:48,
2026-10-06T00:20:52.993Z,X3842932,8964,44.19078,7.90953,25720.1,-19.0,14.2,49.4,-54.8,1.1,-1.0,RS41-SG,403.700,13.9,625,10,2.5,08:25:48,
2026-10-06T00:20:53.993Z,X3842932,8965,44.19087,7.90965,25701.1,-19.0,13.9,41.6,-54.8,1.1,-1.0,RS41-SG,403.700,13.9,625,10,2.6,08:25:48,
2026-10-06T00:20:54.993Z,X3842932,8966,44.19097,7.90976,25682.2,-18.9,13.7,34.6,-54.6,1.1,-1.0,RS41-SG,403.700,13.3,625,10,2.6,08:25:48,
2026-10-06T00:20:55.993Z,X3842932,8967,44.19107,7.90984,25663.2,-18.8,13.5,28.4,-54.5,1.1,-1.0,RS41-SG,403.700,13.7,625,10,2.5,08:25:48,
2026-10-06T00:20:56.993Z,X3842932,8968,44.19118,7.90991,25644.4,-18.8,13.2,21.8,-54.3,1.1,-1.0,RS41-SG,403.700,13.7,625,10,2.5,08:25:48,
2026-10-06T00:20:57.993Z,X3842932,8969,44.19129,7.90997,25625.5,-18.8,12.5,15.3,-54.2,1.1,-1.0,RS41-SG,403.700,13.5,625,10,2.5,08:25:48,
2026-10-06T00:20:58.993Z,X3842932,8970,44.19140,7.91000,25606.6,-19.0,11.9,9.4,-54.1,1.1,-1.0,RS41-SG,403.700,13.5,625,10,2.5,08:25:48,
2026-10-06T00:20:59.993Z,X3842932,8971,44.19150,7.91001,25587.9,-18.5,11.2,3.2,-53.9,1.0,-1.0,RS41-SG,403.700,13.5,625,10,2.6,08:25:48,
2026-10-06T00:21:00.993Z,X3842932,8972,44.19160,7.91002,25569.2,-18.7,10.5,358.6,-53.8,1.0,-1.0,RS41-SG,403.700,13.5,625,10,2.6,08:25:48,
2026-10-06T00:21:01.993Z,X3842932,8973,44.19169,7.91001,25550.3,-18.9,9.6,354.7,-53.7,1.0,-1.0,RS41-SG,403.700,13.5,625,10,2.6,08:25:48,
2026-10-06T00:21:02.993Z,X3842932,8974,44.19177,7.91000,25531.4,-18.9,8.7,351.7,-53.6,1.0,-1.0,RS41-SG,403.700,13.6,625,10,2.5,08:25:48,
2026-10-06T00:21:03.993Z,X3842932,8975,44.19184,7.90998,25512.5,-18.7,7.6,347.5,-53.5,1.0,-1.0,RS41-SG,403.700,13.6,625,10,2.5,08:25:48,
2026-10-06T00:21:04.993Z,X3842932,8976,44.19190,7.90996,25493.9,-18.5,6.2,343.8,-53.5,1.0,-1.0,RS41-SG,403.700,12.9,625,10,2.5,08:24:57,
2026-10-06T00:21:05.993Z,X3842932,8977,44.19195,7.90994,25475.5,-18.3,4.8,339.5,-53.5,1.0,-1.0,RS41-SG,403.700,12.5,625,10,2.5,08:24:57,
2026-10-06T00:21:06.993Z,X3842932,8978,44.19198,7.90992,25457.3,-18.1,3.3,333.7,-53.4,1.0,-1.0,RS41-SG,403.700,12.4,625,10,2.5,08:24:57,
2026-10-06T00:21:07.993Z,X3842932,8979,44.19200,7.90990,25439.0,-18.5,2.2,330.5,-53.4,1.0,-1.0,RS41-SG,403.700,12.1,625,10,2.6,08:24:57,
2026-10-06T00:21:08.993Z,X3842932,8980,44.19201,7.90989,25420.5,-18.4,1.1,324.8,-53.3,1.0,-1.0,RS41-SG,403.700,12.1,625,10,2.6,08:24:57,
2026-10-06T00:21:09.993Z,X3842932,8981,44.19202,7.90989,25402.0,-18.5,0.1,96.9,-53.1,1.0,-1.0,RS41-SG,403.700,12.0,625,10,2.6,08:24:57,
2026-10-06T00:21:10.993Z,X3842932,8982,44.19201,7.90989,25383.6,-18.3,1.3,130.9,-53.0,1.0,-1.0,RS41-SG,403.700,13.0,625,10,2.5,08:24:57,
2026-10-06T00:21:11.993Z,X3842932,8983,44.19200,7.90991,25365.1,-18.6,2.1,125.0,-52.9,1.0,-1.0,RS41-SG,403.700,13.0,625,10,2.5,08:24:57,
2026-10-06T00:21:12.993Z,X3842932,8984,44.19199,7.90994,25346.7,-18.2,2.9,118.2,-52.8,1.0,-1.0,RS41-SG,403.700,12.4,625,10,2.5,08:24:57,
2026-10-06T00:21:13.993Z,X3842932,8985,44.19198,7.90998,25328.7,-17.9,4.0,111.4,-52.7,1.0,-1.0,RS41-SG,403.700,12.6,625,10,2.5,08:24:57,
2026-10-06T00:21:14.993Z,X3842932,8986,44.19197,7.91003,25310.9,-17.5,5.1,106.6,-52.6,1.0,-1.0,RS41-SG,403.700,12.6,625,10,2.5,08:24:57,
2026-10-06T00:21:15.993Z,X3842932,8987,44.19195,7.91010,25293.2,-17.9,6.3,101.8,-52.6,0.9,-1.0,RS41-SG,403.700,11.7,625,10,2.6,08:24:57,
2026-10-06T00:21:16.993Z,X3842932,8988,44.19194,7.91018,25275.4,-17.8,7.6,97.5,-52.7,1.0,-1.0,RS41-SG,403.700,12.7,625,10,2.6,08:24:57,
2026-10-06T00:21:17.993Z,X3842932,8989,44.19194,7.91028,25257.4,-18.1,8.4,93.5,-52.7,1.0,-1.0,RS41-SG,403.700,12.7,625,10,2.6,08:24:57,
2026-10-06T00:21:18.993Z,X3842932,8990,44.19193,7.91039,25239.4,-17.9,9.1,91.8,-52.7,1.0,-1.0,RS41-SG,403.700,12.7,625,10,2.5,08:24:57,
2026-10-06T00:21:19.993Z,X3842932,8991,44.19193,7.91051,25221.7,-17.6,9.6,89.6,-52.7,1.0,-1.0,RS41-SG,403.700,13.2,625,10,2.5,08:24:57,
2026-10-06T00:21:20.993Z,X3842932,8992,44.19193,7.91063,25203.9,-18.1,9.6,87.5,-52.8,1.0,-1.0,RS41-SG,403.700,13.2,625,10,2.5,08:24:57,
2026-10-06T00:21:21.993Z,X3842932,8993,44.19194,7.91075,25185.8,-18.0,9.7,84.7,-53.1,1.1,-1.0,RS41-SG,403.700,12.7,625,10,2.5,08:24:57,
2026-10-06T00:21:22.993Z,X3842932,8994,44.19195,7.91087,25167.8,-17.7,9.9,80.4,-53.1,1.1,-1.0,RS41-SG,403.700,12.0,625,10,2.5,08:24:57,
2026-10-06T00:21:23.993Z,X3842932,8995,44.19197,7.91099,25150.2,-17.5,9.9,77.2,-53.1,1.1,-1.0,RS41-SG,403.700,12.3,625,10,2.6,08:24:57,
2026-10-06T00:21:24.993Z,X3842932,8996,44.19199,7.91111,25132.7,-17.6,10.0,73.4,-53.2,1.1,-1.0,RS41-SG,403.700,12.3,625,10,2.6,08:24:57,
2026-10-06T00:21:25.993Z,X3842932,8997,44.19202,7.91123,25115.1,-17.6,10.1,69.5,-53.2,1.1,-1.0,RS41-SG,403.700,12.5,625,10,2.6,08:24:57,
2026-10-06T00:21:26.993Z,X3842932,8998,44.19205,7.91135,25097.5,-17.6,10.2,65.3,-53.3,1.1,-1.0,RS41-SG,403.700,12.8,625,10,2.5,08:24:57,
2026-10-06T00:21:27.993Z,X3842932,8999,44.19210,7.91146,25080.0,-17.4,10.2,59.3,-53.4,1.1,-1.0,RS41-SG,403.700,12.8,625,10,2.5,08:24:57,
2026-10-06T00:21:28.993Z,X3842932,9000,44.19215,7.91156,25062.7,-17.3,10.3,52.8,-53.5,1.1,-1.0,RS41-SG,403.700,12.6,625,10,2.5,08:24:57,
2026-10-06T00:21:29.993Z,X3842932,9001,44.19221,7.91166,25045.4,-17.3,10.3,46.9,-53.6,1.1,-1.0,RS41-SG,403.700,12.6,625,10,2.5,08:24:57,
2026-10-06T00:21:30.993Z,X3842932,9002,44.19227,7.91175,25028.1,-17.3,10.4,40.9,-53.7,1.1,-1.0,RS41-SG,403.700,12.7,625,10,2.5,08:24:57,
2026-10-06T00:21:31.993Z,X3842932,9003,44.19235,7.91183,25010.8,-17.5,10.4,34.7,-53.7,1.1,-1.0,RS41-SG,403.700,12.7,625,10,2.6,08:24:57,
2026-10-06T00:21:32.993Z,X3842932,9004,44.19243,7.91190,24993.3,-17.5,10.4,28.5,-53.8,1.1,-1.0,RS41-SG,403.700,12.7,625,10,2.6,08:24:57,
2026-10-06T00:21:33.993Z,X3842932,9005,44.19251,7.91195,24976.1,-17.1,10.4,21.6,-53.8,1.1,-1.0,RS41-SG,403.700,12.3,625,10,2.5,08:24:57,
2026-10-06T00:21:34.993Z,X3842932,9006,44.19260,7.91200,24958.9,-17.2,10.5,15.7,-53.9,1.2,-1.0,RS41-SG,403.700,11.1,625,10,2.5,08:24:57,
2026-10-06T00:21:35.993Z,X3842932,9007,44.19269,7.91202,24941.7,-17.3,10.6,8.6,-53.9,1.1,-1.0,RS41-SG,403.700,12.5,625,10,2.5,08:24:57,
2026-10-06T00:21:36.993Z,X3842932,9008,44.19279,7.91203,24924.5,-17.1,10.7,0.4,-53.9,1.1,-1.0,RS41-SG,403.700,12.5,625,10,2.6,08:24:57,
2026-10-06T00:21:37.993Z,X3842932,9009,44.19288,7.91203,24907.5,-17.0,10.6,352.3,-54.0,1.2,-1.0,RS41-SG,403.700,12.5,625,10,2.6,08:24:57,
2026-10-06T00:21:38.993Z,X3842932,9010,44.19298,7.91200,24890.3,-17.5,10.6,345.7,-54.0,1.2,-1.0,RS41-SG,403.700,12.1,625,10,2.5,08:24:57,
2026-10-06T00:21:39.993Z,X3842932,9011,44.19306,7.91196,24873.0,-17.2,10.4,339.0,-53.9,1.1,-1.0,RS41-SG,403.700,11.8,625,10,2.5,08:24:57,
2026-10-06T00:21:40.993Z,X3842932,9012,44.19315,7.91191,24855.9,-17.1,10.4,331.4,-53.9,1.1,-1.0,RS41-SG,403.700,11.8,625,10,2.5,08:24:57,
2026-10-06T00:21:41.993Z,X3842932,9013,44.19323,7.91183,24838.8,-17.2,10.6,323.3,-53.9,1.1,-1.0,RS41-SG,403.700,12.4,625,10,2.6,08:24:57,
2026-10-06T00:21:42.993Z,X3842932,9014,44.19330,7.91175,24821.6,-17.2,10.7,316.0,-54.0,1.1,-1.0,RS41-SG,403.700,12.4,625,10,2.6,08:24:57,
2026-10-06T00:21:43.993Z,X3842932,9015,44.19337,7.91165,24804.3,-17.4,10.9,310.9,-54.1,1.2,-1.0,RS41-SG,403.700,12.1,625,10,2.5,08:24:57,
2026-10-06T00:21:44.993Z,X3842932,9016,44.19343,7.91154,24786.9,-17.5,10.9,306.5,-54.2,1.2,-1.0,RS41-SG,403.700,11.8,625,10,2.5,08:24:57,
2026-10-06T00:21:45.993Z,X3842932,9017,44.19348,7.91143,24769.5,-17.3,11.0,302.8,-54.3,1.2,-1.0,RS41-SG,403.700,11.2,625,10,2.5,08:24:57,
2026-10-06T00:21:46.993Z,X3842932,9018,44.19353,7.91131,24752.2,-17.3,10.9,297.4,-54.4,1.1,-1.0,RS41-SG,403.700,11.8,625,10,2.5,08:24:57,
2026-10-06T00:21:47.993Z,X3842932,9019,44.19357,7.91119,24734.9,-17.3,10.8,291.2,-54.4,1.2,-1.0,RS41-SG,403.700,12.0,625,10,2.6,08:24:57,
2026-10-06T00:21:48.993Z,X3842932,9020,44.19360,7.91106,24717.5,-17.4,10.8,285.0,-54.5,1.2,-1.0,RS41-SG,403.700,12.3,625,10,2.6,08:24:57,
2026-10-06T00:21:49.993Z,X3842932,9021,44.19362,7.91093,24700.2,-17.3,10.7,279.1,-54.7,1.2,-1.0,RS41-SG,403.700,12.3,625,10,2.5,08:24:57,
2026-10-06T00:21:50.993Z,X3842932,9022,44.19363,7.91080,24683.0,-17.2,10.6,273.5,-54.7,1.2,-1.0,RS41-SG,403.700,11.5,625,10,2.5,08:24:57,
2026-10-06T00:21:51.993Z,X3842932,9023,44.19364,7.91067,24665.8,-17.1,10.4,269.3,-54.7,1.2,-1.0,RS41-SG,403.700,11.5,625,10,2.5,08:24:57,
2026-10-06T00:21:52.993Z,X3842932,9024,44.19363,7.91054,24648.9,-16.9,10.0,264.8,-54.7,1.2,-1.0,RS41-SG,403.700,11.2,625,10,2.6,08:24:57,
2026-10-06T00:21:53.993Z,X3842932,9025,44.19362,7.91042,24632.0,-16.8,9.9,260.5,-54.7,1.2,-1.0,RS41-SG,403.700,11.2,625,10,2.6,08:24:57,
2026-10-06T00:21:54.993Z,X3842932,9026,44.19360,7.91030,24615.1,-17.0,9.7,256.9,-54.7,1.2,-1.0,RS41-SG,403.700,10.7,625,10,2.5,08:24:57,
2026-10-06T00:21:55.993Z,X3842932,9027,44.19358,7.91018,24598.2,-16.7,9.7,254.4,-54.7,1.2,-1.0,RS41-SG,403.700,10.7,625,10,2.5,08:24:06,
2026-10-06T00:21:56.993Z,X3842932,9028,44.19356,7.91007,24581.4,-16.8,9.7,252.0,-54.6,1.2,-1.0,RS41-SG,403.700,10.4,625,10,2.5,08:24:06,
2026-10-06T00:21:57.993Z,X3842932,9029,44.19353,7.90995,24564.6,-16.9,9.8,250.3,-54.5,1.2,-1.0,RS41-SG,403.700,10.4,625,10,2.5,08:24:06,
2026-10-06T00:21:58.993Z,X3842932,9030,44.19350,7.90984,24547.6,-17.0,10.0,247.2,-54.5,1.2,-1.0,RS41-SG,403.700,10.4,625,10,2.6,08:24:06,
2026-10-06T00:21:59.993Z,X3842932,9031,44.19346,7.90972,24530.7,-16.6,10.0,247.3,-54.7,1.2,-1.0,RS41-SG,403.700,10.3,625,10,2.6,08:24:06,
2026-10-06T00:22:00.993Z,X3842932,9032,44.19343,7.90961,24513.9,-16.9,10.1,246.6,-54.8,1.2,-1.0,RS41-SG,403.700,10.8,625,10,2.5,08:24:06,
2026-10-06T00:22:01.993Z,X3842932,9033,44.19339,7.90949,24496.8,-17.1,9.9,246.6,-55.0,1.2,-1.0,RS41-SG,403.700,10.8,625,10,2.5,08:24:06,
2026-10-06T00:22:02.993Z,X3842932,9034,44.19336,7.90938,24479.9,-16.8,9.7,246.5,-55.2,1.2,-1.0,RS41-SG,403.700,9.2,625,10,2.5,08:24:06,
2026-10-06T00:22:03.993Z,X3842932,9035,44.19332,7.90927,24463.1,-16.7,9.7,245.1,-55.4,1.2,-1.0,RS41-SG,403.700,9.9,625,10,2.6,08:24:06,
2026-10-06T00:22:04.993Z,X3842932,9036,44.19328,7.90916,24446.7,-16.3,9.4,245.2,-55.5,1.3,-1.0,RS41-SG,403.700,9.9,625,10,2.6,08:24:06,
2026-10-06T00:22:05.993Z,X3842932,9037,44.19325,7.90906,24430.4,-16.2,9.2,244.9,-55.6,1.3,-1.0,RS41-SG,403.700,10.4,625,10,2.5,08:24:06,
2026-10-06T00:22:06.993Z,X3842932,9038,44.19321,7.90896,24414.0,-16.5,8.8,245.4,-55.7,1.3,-1.0,RS41-SG,403.700,10.4,625,10,2.5,08:24:06,
2026-10-06T00:22:07.993Z,X3842932,9039,44.19318,7.90886,24397.3,-16.9,8.4,246.2,-55.7,1.3,-1.0,RS41-SG,403.700,10.5,625,10,2.5,08:24:06,
2026-10-06T00:22:08.993Z,X3842932,9040,44.19315,7.90876,24380.5,-16.7,8.4,245.2,-55.7,1.3,-1.0,RS41-SG,403.700,10.5,625,10,2.5,08:24:06,
2026-10-06T00:22:09.993Z,X3842932,9041,44.19312,7.90867,24364.0,-16.5,8.5,243.0,-55.9,1.3,-1.0,RS41-SG,403.700,10.7,625,10,2.6,08:24:06,
2026-10-06T00:22:10.993Z,X3842932,9042,44.19308,7.90858,24347.6,-16.4,8.6,240.8,-56.0,1.3,-1.0,RS41-SG,403.700,10.7,625,10,2.6,08:24:06,
2026-10-06T00:22:11.993Z,X3842932,9043,44.19304,7.90848,24330.9,-16.8,8.7,237.5,-56.1,1.3,-1.0,RS41-SG,403.700,11.3,625,10,2.5,08:24:06,
2026-10-06T00:22:12.993Z,X3842932,9044,44.19300,7.90839,24314.1,-16.9,8.9,233.7,-56.1,1.3,-1.0,RS41-SG,403.700,11.3,625,10,2.5,08:24:06,
2026-10-06T00:22:13.993Z,X3842932,9045,44.19295,7.90830,24297.4,-16.5,8.8,232.5,-56.2,1.3,-1.0,RS41-SG,403.700,11.2,625,10,2.5,08:24:06,
2026-10-06T00:22:14.993Z,X3842932,9046,44.19290,7.90822,24281.0,-16.2,8.7,231.7,-56.3,1.3,-1.0,RS41-SG,403.700,11.2,625,10,2.6,08:24:06,
2026-10-06T00:22:15.993Z,X3842932,9047,44.19285,7.90813,24264.9,-16.2,8.6,231.0,-56.3,1.3,-1.0,RS41-SG,403.700,10.8,625,10,2.6,08:24:06,
2026-10-06T00:22:16.993Z,X3842932,9048,44.19281,7.90805,24248.7,-16.2,8.5,230.4,-56.5,1.3,-1.0,RS41-SG,403.700,11.4,625,10,2.5,08:24:06,
2026-10-06T00:22:17.993Z,X3842932,9049,44.19276,7.90797,24232.6,-16.1,8.1,231.8,-56.6,1.3,-1.0,RS41-SG,403.700,11.4,625,10,2.5,08:24:06,
2026-10-06T00:22:18.993Z,X3842932,9050,44.19272,7.90789,24216.5,-15.9,7.7,233.6,-56.8,1.4,-1.0,RS41-SG,403.700,11.8,625,10,2.5,08:24:06,
2026-10-06T00:22:19.993Z,X3842932,9051,44.19268,7.90782,24200.3,-16.4,7.2,236.5,-56.8,1.4,-1.0,RS41-SG,403.700,11.8,625,10,2.5,08:24:06,
2026-10-06T00:22:20.993Z,X3842932,9052,44.19264,7.90775,24184.0,-16.2,6.7,237.8,-56.9,1.4,-1.0,RS41-SG,403.700,11.5,625,10,2.6,08:24:06,
2026-10-06T00:22:21.993Z,X3842932,9053,44.19261,7.90768,24167.6,-16.6,6.0,238.0,-57.0,1.4,-1.0,RS41-SG,403.700,11.5,625,10,2.6,08:24:06,
2026-10-06T00:22:22.993Z,X3842932,9054,44.19259,7.90762,24150.9,-16.8,5.3,238.9,-57.0,1.4,-1.0,RS41-SG,403.700,10.7,625,10,2.5,08:24:06,
2026-10-06T00:22:23.993Z,X3842932,9055,44.19256,7.90756,24134.1,-16.7,4.7,237.9,-57.1,1.4,-1.0,RS41-SG,403.700,11.5,625,10,2.5,08:24:06,
2026-10-06T00:22:24.993Z,X3842932,9056,44.19254,7.90752,24117.6,-16.4,4.4,234.8,-57.3,1.4,-1.0,RS41-SG,403.700,12.0,625,10,2.5,08:24:06,
2026-10-06T00:22:25.993Z,X3842932,9057,44.19252,7.90747,24101.3,-16.4,4.4,231.2,-57.4,1.4,-1.0,RS41-SG,403.700,12.0,625,10,2.6,08:24:06,
2026-10-06T00:22:26.993Z,X3842932,9058,44.19249,7.90743,24084.9,-16.3,4.7,231.1,-57.5,1.4,-1.0,RS41-SG,403.700,11.4,625,10,2.6,08:24:06,
2026-10-06T00:22:27.993Z,X3842932,9059,44.19246,7.90738,24068.5,-16.4,5.1,233.7,-57.6,1.4,-1.0,RS41-SG,403.700,11.4,625,10,2.5,08:24:06,
2026-10-06T00:22:28.993Z,X3842932,9060,44.19244,7.90732,24052.4,-16.0,5.8,235.8,-57.7,1.4,-1.0,RS41-SG,403.700,11.7,625,10,2.5,08:24:06,
2026-10-06T00:22:29.993Z,X3842932,9061,44.19241,7.90726,24036.4,-15.9,6.5,238.9,-57.7,1.5,-1.0,RS41-SG,403.700,11.7,625,10,2.5,08:24:06,
2026-10-06T00:22:30.993Z,X3842932,9062,44.19238,7.90719,24020.4,-16.1,7.2,240.9,-57.7,1.4,-1.0,RS41-SG,403.700,11.2,625,10,2.5,08:24:06,
2026-10-06T00:22:31.993Z,X3842932,9063,44.19234,7.90710,24004.2,-16.4,7.7,244.3,-57.8,1.5,-1.0,RS41-SG,403.700,11.2,625,10,2.6,08:24:06,
2026-10-06T00:22:32.993Z,X3842932,9064,44.19232,7.90702,23987.9,-16.2,8.0,249.1,-57.9,1.5,-1.0,RS41-SG,403.700,11.1,625,10,2.6,08:24:06,
2026-10-06T00:22:33.993Z,X3842932,9065,44.19229,7.90692,23971.6,-16.4,8.1,253.7,-58.0,1.4,-1.0,RS41-SG,403.700,10.4,625,10,2.5,08:24:06,
2026-10-06T00:22:34.993Z,X3842932,9066,44.19228,7.90682,23955.1,-16.4,8.1,259.4,-58.0,1.5,-1.0,RS41-SG,403.700,10.4,625,10,2.5,08:24:06,
2026-10-06T00:22:35.993Z,X3842932,9067,44.19227,7.90672,23938.7,-16.3,8.1,265.5,-58.0,1.4,-1.0,RS41-SG,403.700,10.4,625,10,2.5,08:24:06,
2026-10-06T00:22:36.993Z,X3842932,9068,44.19227,7.90662,23922.5,-16.1,8.1,271.6,-58.1,1.5,-1.0,RS41-SG,403.700,9.9,625,10,2.6,08:24:06,
2026-10-06T00:22:37.993Z,X3842932,9069,44.19227,7.90652,23906.3,-16.3,8.1,278.0,-58.1,1.5,-1.0,RS41-SG,403.700,9.5,625,10,2.6,08:24:06,
2026-10-06T00:22:38.993Z,X3842932,9070,44.19229,7.90642,23890.2,-16.0,8.3,284.4,-58.1,1.5,-1.0,RS41-SG,403.700,10.5,625,10,2.5,08:24:06,
2026-10-06T00:22:39.993Z,X3842932,9071,44.19231,7.90632,23874.3,-15.8,8.5,288.7,-58.2,1.5,-1.0,RS41-SG,403.700,10.5,625,10,2.5,08:24:06,
2026-10-06T00:22:40.993Z,X3842932,9072,44.19234,7.90622,23858.4,-16.0,8.7,292.7,-58.2,1.5,-1.0,RS41-SG,403.700,10.7,625,10,2.5,08:24:06,
2026-10-06T00:22:41.993Z,X3842932,9073,44.19237,7.90612,23842.3,-16.2,8.7,297.6,-58.2,1.5,-1.0,RS41-SG,403.700,10.7,625,10,2.5,08:24:06,
2026-10-06T00:22:42.993Z,X3842932,9074,44.19241,7.90603,23826.1,-16.0,8.8,303.2,-58.2,1.5,-1.0,RS41-SG,403.700,10.5,625,10,2.6,08:24:06,
2026-10-06T00:22:43.993Z,X3842932,9075,44.19245,7.90594,23810.2,-16.0,8.8,307.3,-58.2,1.4,-1.0,RS41-SG,403.700,10.1,625,10,2.6,08:24:06,
2026-10-06T00:22:44.993Z,X3842932,9076,44.19250,7.90586,23794.2,-16.1,8.7,313.3,-58.2,1.4,-1.0,RS41-SG,403.700,10.3,625,10,2.5,08:24:06,
2026-10-06T00:22:45.993Z,X3842932,9077,44.19256,7.90578,23778.1,-16.1,8.6,318.5,-58.3,1.4,-1.0,RS41-SG,403.700,10.4,625,10,2.5,08:24:06,
2026-10-06T00:22:46.993Z,X3842932,9078,44.19262,7.90571,23762.0,-16.0,8.5,324.9,-58.3,1.5,-1.0,RS41-SG,403.700,11.0,625,10,2.5,08:23:15,
2026-10-06T00:22:47.993Z,X3842932,9079,44.19268,7.90566,23746.1,-15.8,8.4,332.2,-58.3,1.4,-1.0,RS41-SG,403.700,11.0,625,10,2.6,08:23:15,
2026-10-06T00:22:48.993Z,X3842932,9080,44.19275,7.90562,23730.2,-16.0,8.4,339.1,-58.3,1.5,-1.0,RS41-SG,403.700,10.0,625,10,2.6,08:23:15,
2026-10-06T00:22:49.993Z,X3842932,9081,44.19283,7.90559,23714.3,-15.7,8.7,347.0,-58.4,1.5,-1.0,RS41-SG,403.700,11.2,625,10,2.5,08:23:15,
2026-10-06T00:22:50.993Z,X3842932,9082,44.19290,7.90557,23698.5,-15.9,8.9,352.5,-58.3,1.4,-1.0,RS41-SG,403.700,11.6,625,10,2.5,08:23:15,
2026-10-06T00:22:51.993Z,X3842932,9083,44.19298,7.90556,23682.5,-16.0,9.1,356.1,-58.3,1.4,-1.0,RS41-SG,403.700,11.6,625,10,2.5,08:23:15,
2026-10-06T00:22:52.993Z,X3842932,9084,44.19307,7.90555,23666.7,-15.8,9.3,0.6,-58.3,1.4,-1.0,RS41-SG,403.700,11.6,625,10,2.5,08:23:15,
2026-10-06T00:22:53.993Z,X3842932,9085,44.19315,7.90556,23650.9,-15.8,9.4,4.5,-58.4,1.5,-1.0,RS41-SG,403.700,10.6,625,10,2.6,08:23:15,
2026-10-06T00:22:54.993Z,X3842932,9086,44.19324,7.90557,23635.1,-15.8,9.6,8.0,-58.4,1.4,-1.0,RS41-SG,403.700,11.5,625,10,2.6,08:23:15,
2026-10-06T00:22:55.993Z,X3842932,9087,44.19332,7.90559,23619.3,-15.9,9.5,13.8,-58.3,1.5,-1.0,RS41-SG,403.700,11.5,625,10,2.5,08:23:15,
2026-10-06T00:22:56.993Z,X3842932,9088,44.19340,7.90563,23603.3,-16.0,9.6,17.6,-58.3,1.4,-1.0,RS41-SG,403.700,10.7,625,10,2.5,08:23:15,
2026-10-06T00:22:57.993Z,X3842932,9089,44.19348,7.90566,23587.4,-15.9,9.5,20.3,-58.3,1.4,-1.0,RS41-SG,403.700,10.9,625,10,2.5,08:23:15,
2026-10-06T00:22:58.993Z,X3842932,9090,44.19356,7.90571,23571.6,-15.7,9.4,22.5,-58.3,1.4,-1.0,RS41-SG,403.700,10.9,625,10,2.6,08:23:15,
2026-10-06T00:22:59.993Z,X3842932,9091,44.19364,7.90575,23555.9,-15.4,9.3,23.6,-58.3,1.4,-1.0,RS41-SG,403.700,11.7,625,10,2.6,08:23:15,
2026-10-06T00:23:00.993Z,X3842932,9092,44.19371,7.90580,23540.4,-15.5,9.1,26.9,-58.3,1.4,-1.0,RS41-SG,403.700,11.8,625,10,2.5,08:23:15,
2026-10-06T00:23:01.993Z,X3842932,9093,44.19379,7.90586,23525.0,-15.4,8.8,31.0,-58.3,1.4,-1.0,RS41-SG,403.700,11.8,625,10,2.5,08:23:15,
2026-10-06T00:23:02.993Z,X3842932,9094,44.19385,7.90591,23509.7,-15.4,8.6,34.7,-58.3,1.5,-1.0,RS41-SG,403.700,12.3,625,10,2.5,08:23:15,
2026-10-06T00:23:03.993Z,X3842932,9095,44.19391,7.90598,23494.2,-15.5,8.4,40.0,-58.3,1.4,-1.0,RS41-SG,403.700,12.3,625,10,2.5,08:23:15,
2026-10-06T00:23:04.993Z,X3842932,9096,44.19397,7.90605,23478.7,-15.5,8.2,43.5,-58.3,1.4,-1.0,RS41-SG,403.700,12.1,625,10,2.6,08:23:15,
2026-10-06T00:23:05.993Z,X3842932,9097,44.19402,7.90612,23463.3,-15.3,7.9,48.8,-58.3,1.4,-1.0,RS41-SG,403.700,11.9,625,10,2.6,08:23:15,
2026-10-06T00:23:06.993Z,X3842932,9098,44.19406,7.90620,23448.0,-15.4,7.6,54.6,-58.2,1.4,-1.0,RS41-SG,403.700,12.2,625,10,2.5,08:23:15,
2026-10-06T00:23:07.993Z,X3842932,9099,44.19410,7.90627,23432.6,-15.3,7.4,58.4,-58.2,1.4,-1.0,RS41-SG,403.700,12.2,625,10,2.5,08:23:15,
2026-10-06T00:23:08.993Z,X3842932,9100,44.19413,7.90635,23417.3,-15.3,7.1,64.3,-58.2,1.4,-1.0,RS41-SG,403.700,12.2,625,10,2.5,08:23:15,
2026-10-06T00:23:09.993Z,X3842932,9101,44.19415,7.90643,23401.9,-15.6,6.7,69.8,-58.1,1.4,-1.0,RS41-SG,403.700,12.2,625,10,2.5,08:23:15,
2026-10-06T00:23:10.993Z,X3842932,9102,44.19417,7.90651,23386.3,-15.5,6.5,75.4,-58.0,1.4,-1.0,RS41-SG,403.700,12.2,625,10,2.6,08:23:15,
2026-10-06T00:23:11.993Z,X3842932,9103,44.19418,7.90659,23370.9,-15.5,6.1,83.5,-58.0,1.4,-1.0,RS41-SG,403.700,12.2,625,10,2.5,08:23:15,
2026-10-06T00:23:12.993Z,X3842932,9104,44.19419,7.90666,23355.4,-15.6,5.7,89.3,-57.9,1.4,-1.0,RS41-SG,403.700,11.7,625,10,2.5,08:23:15,
2026-10-06T00:23:13.993Z,X3842932,9105,44.19419,7.90673,23339.9,-15.4,5.4,91.9,-57.8,1.4,-1.0,RS41-SG,403.700,11.9,625,10,2.5,08:23:15,
2026-10-06T00:23:14.993Z,X3842932,9106,44.19418,7.90679,23324.4,-15.5,5.1,94.7,-57.8,1.3,-1.0,RS41-SG,403.700,12.1,625,10,2.5,08:23:15,
2026-10-06T00:23:15.993Z,X3842932,9107,44.19418,7.90685,23309.0,-15.3,4.8,98.2,-57.7,1.4,-1.0,RS41-SG,403.700,12.1,625,10,2.6,08:23:15,
2026-10-06T00:23:16.993Z,X3842932,9108,44.19417,7.90691,23293.6,-15.4,4.6,98.0,-57.6,1.3,-1.0,RS41-SG,403.700,11.2,625,10,2.6,08:23:15,
2026-10-06T00:23:17.993Z,X3842932,9109,44.19417,7.90697,23278.3,-15.3,4.4,100.3,-57.5,1.3,-1.0,RS41-SG,403.700,11.2,625,10,2.5,08:23:15,
2026-10-06T00:23:18.993Z,X3842932,9110,44.19416,7.90702,23263.0,-15.3,4.4,97.1,-57.5,1.3,-1.0,RS41-SG,403.700,12.0,625,10,2.5,08:23:15,
2026-10-06T00:23:19.993Z,X3842932,9111,44.19416,7.90708,23247.9,-15.2,4.5,95.8,-57.4,1.3,-1.0,RS41-SG,403.700,12.0,625,10,2.5,08:23:15,
2026-10-06T00:23:20.993Z,X3842932,9112,44.19415,7.90713,23232.7,-15.1,4.8,93.2,-57.3,1.3,-1.0,RS41-SG,403.700,11.8,625,10,2.6,08:23:15,
2026-10-06T00:23:21.993Z,X3842932,9113,44.19415,7.90720,23217.5,-15.3,5.0,89.9,-57.2,1.3,-1.0,RS41-SG,403.700,11.4,625,10,2.6,08:23:15,
2026-10-06T00:23:22.993Z,X3842932,9114,44.19415,7.90726,23202.2,-15.3,5.6,86.5,-57.2,1.3,-1.0,RS41-SG,403.700,11.4,625,10,2.5,08:23:15,
2026-10-06T00:23:23.993Z,X3842932,9115,44.19416,7.90733,23187.0,-15.4,5.8,86.0,-57.1,1.3,-1.0,RS41-SG,403.700,11.4,625,10,2.5,08:23:15,
2026-10-06T00:23:24.993Z,X3842932,9116,44.19416,7.90741,23171.7,-15.2,6.3,84.7,-57.0,1.3,-1.0,RS41-SG,403.700,11.5,625,10,2.5,08:23:15,
2026-10-06T00:23:25.993Z,X3842932,9117,44.19417,7.90749,23156.4,-15.3,6.6,87.0,-57.0,1.3,-1.0,RS41-SG,403.700,12.0,625,10,2.5,08:23:15,
2026-10-06T00:23:26.993Z,X3842932,9118,44.19417,7.90757,23141.0,-15.5,6.6,89.3,-57.0,1.3,-1.0,RS41-SG,403.700,12.1,625,10,2.6,08:23:15,
2026-10-06T00:23:27.993Z,X3842932,9119,44.19417,7.90765,23125.4,-15.7,6.6,92.1,-57.0,1.3,-1.0,RS41-SG,403.700,12.1,625,10,2.6,08:23:15,
2026-10-06T00:23:28.993Z,X3842932,9120,44.19416,7.90774,23109.8,-15.5,6.6,95.8,-57.0,1.3,-1.0,RS41-SG,403.700,12.3,625,10,2.5,08:23:15,
2026-10-06T00:23:29.993Z,X3842932,9121,44.19416,7.90782,23094.5,-15.1,6.6,97.0,-57.1,1.3,-1.0,RS41-SG,403.700,12.3,625,10,2.5,08:23:15,
2026-10-06T00:23:30.993Z,X3842932,9122,44.19415,7.90790,23079.3,-15.1,6.5,96.6,-57.1,1.3,-1.0,RS41-SG,403.700,11.2,625,10,2.5,08:23:15,
2026-10-06T00:23:31.993Z,X3842932,9123,44.19414,7.90798,23064.1,-15.3,6.2,98.7,-57.2,1.3,-1.0,RS41-SG,403.700,11.2,625,10,2.6,08:23:15,
2026-10-06T00:23:32.993Z,X3842932,9124,44.19413,7.90805,23048.8,-15.3,6.0,96.9,-57.3,1.4,-1.0,RS41-SG,403.700,11.5,625,10,2.6,08:23:15,
2026-10-06T00:23:33.993Z,X3842932,9125,44.19413,7.90813,23033.7,-15.0,5.7,97.2,-57.4,1.4,-1.0,RS41-SG,403.700,11.5,625,10,2.5,08:23:15,
2026-10-06T00:23:34.993Z,X3842932,9126,44.19412,7.90819,23018.8,-14.9,5.4,99.6,-57.5,1.4,-1.0,RS41-SG,403.700,11.2,625,10,2.5,08:23:15,
2026-10-06T00:23:35.993Z,X3842932,9127,44.19411,7.90826,23003.8,-14.9,5.1,105.7,-57.5,1.4,-1.0,RS41-SG,403.700,11.2,625,10,2.5,08:23:15,
2026-10-06T00:23:36.993Z,X3842932,9128,44.19409,7.90832,22989.2,-14.5,5.0,115.4,-57.5,1.4,-1.0,RS41-SG,403.700,12.1,625,10,2.5,08:23:15,
2026-10-06T00:23:37.993Z,X3842932,9129,44.19407,7.90837,22974.4,-15.0,5.0,130.3,-57.5,1.4,-1.0,RS41-SG,403.700,12.1,625,10,2.6,08:22:24,
2026-10-06T00:23:38.993Z,X3842932,9130,44.19404,7.90841,22959.4,-15.1,5.2,142.6,-57.4,1.4,-1.0,RS41-SG,403.700,11.6,625,10,2.6,08:22:24,
2026-10-06T00:23:39.993Z,X3842932,9131,44.19400,7.90845,22944.3,-15.1,5.6,151.5,-57.4,1.4,-1.0,RS41-SG,403.700,11.6,625,10,2.5,08:22:24,
2026-10-06T00:23:40.993Z,X3842932,9132,44.19395,7.90848,22929.3,-15.1,5.9,156.6,-57.4,1.4,-1.0,RS41-SG,403.700,11.4,625,10,2.5,08:22:24,
2026-10-06T00:23:41.993Z,X3842932,9133,44.19390,7.90851,22914.2,-15.0,6.0,160.5,-57.3,1.4,-1.0,RS41-SG,403.700,11.6,625,10,2.5,08:22:24,
2026-10-06T00:23:42.993Z,X3842932,9134,44.19385,7.90853,22899.2,-15.0,6.0,162.4,-57.2,1.4,-1.0,RS41-SG,403.700,11.6,625,10,2.6,08:22:24,
2026-10-06T00:23:43.993Z,X3842932,9135,44.19380,7.90855,22884.2,-14.9,6.3,164.4,-57.1,1.4,-1.0,RS41-SG,403.700,11.9,625,10,2.6,08:22:24,
2026-10-06T00:23:44.993Z,X3842932,9136,44.19374,7.90857,22869.6,-14.4,6.6,167.9,-57.1,1.4,-1.0,RS41-SG,403.700,11.9,625,10,2.5,08:22:24,
2026-10-06T00:23:45.993Z,X3842932,9137,44.19368,7.90859,22855.2,-14.4,7.2,172.9,-57.0,1.4,-1.0,RS41-SG,403.700,11.0,625,10,2.5,08:22:24,
2026-10-06T00:23:46.993Z,X3842932,9138,44.19361,7.90860,22840.6,-14.8,7.7,175.8,-57.0,1.4,-1.0,RS41-SG,403.700,11.0,625,10,2.5,08:22:24,
2026-10-06T00:23:47.993Z,X3842932,9139,44.19354,7.90860,22825.8,-14.8,8.3,180.9,-57.0,1.3,-1.0,RS41-SG,403.700,11.0,625,10,2.5,08:22:24,
2026-10-06T00:23:48.993Z,X3842932,9140,44.19347,7.90859,22811.0,-14.8,8.8,186.2,-56.9,1.4,-1.0,RS41-SG,403.700,11.0,625,10,2.6,08:22:24,
2026-10-06T00:23:49.993Z,X3842932,9141,44.19339,7.90858,22796.2,-14.7,9.3,190.5,-56.8,1.3,-1.0,RS41-SG,403.700,10.8,625,10,2.6,08:22:24,
2026-10-06T00:23:50.993Z,X3842932,9142,44.19330,7.90855,22781.6,-14.4,9.8,195.7,-56.8,1.4,-1.0,RS41-SG,403.700,10.3,625,10,2.5,08:22:24,
2026-10-06T00:23:51.993Z,X3842932,9143,44.19322,7.90851,22767.2,-14.4,10.0,202.0,-56.9,1.3,-1.0,RS41-SG,403.700,10.5,625,10,2.5,08:22:24,
2026-10-06T00:23:52.993Z,X3842932,9144,44.19314,7.90846,22752.5,-15.0,9.9,208.3,-56.8,1.3,-1.0,RS41-SG,403.700,10.5,625,10,2.5,08:22:24,
2026-10-06T00:23:53.993Z,X3842932,9145,44.19306,7.90839,22737.6,-15.0,9.8,215.0,-56.8,1.3,-1.0,RS41-SG,403.700,10.0,625,10,2.6,08:22:24,
2026-10-06T00:23:54.993Z,X3842932,9146,44.19299,7.90832,22722.5,-15.2,9.7,220.5,-56.8,1.3,-1.0,RS41-SG,403.700,10.2,625,10,2.6,08:22:24,
2026-10-06T00:23:55.993Z,X3842932,9147,44.19293,7.90824,22707.5,-14.9,9.5,224.3,-56.9,1.3,-1.0,RS41-SG,403.700,10.2,625,10,2.5,08:22:24,
2026-10-06T00:23:56.993Z,X3842932,9148,44.19287,7.90815,22692.7,-14.8,9.2,228.3,-57.0,1.4,-1.0,RS41-SG,403.700,10.2,625,10,2.5,08:22:24,
2026-10-06T00:23:57.993Z,X3842932,9149,44.19282,7.90807,22677.9,-14.8,8.7,234.4,-57.1,1.4,-1.0,RS41-SG,403.700,11.1,625,10,2.5,08:22:24,
2026-10-06T00:23:58.993Z,X3842932,9150,44.19278,7.90798,22663.2,-14.6,8.1,239.7,-57.1,1.3,-1.0,RS41-SG,403.700,11.9,625,10,2.5,08:22:24,
2026-10-06T00:23:59.993Z,X3842932,9151,44.19275,7.90789,22648.6,-14.6,7.7,247.3,-57.1,1.4,-1.0,RS41-SG,403.700,11.9,625,10,2.6,08:22:24,
2026-10-06T00:24:00.993Z,X3842932,9152,44.19273,7.90780,22634.0,-14.5,7.5,255.9,-57.2,1.4,-1.0,RS41-SG,403.700,11.0,625,10,2.6,08:22:24,
2026-10-06T00:24:01.993Z,X3842932,9153,44.19272,7.90771,22619.4,-14.7,7.3,265.6,-57.3,1.4,-1.0,RS41-SG,403.700,11.3,625,10,2.5,08:22:24,
2026-10-06T00:24:02.993Z,X3842932,9154,44.19272,7.90762,22604.8,-14.4,7.4,277.5,-57.4,1.4,-1.0,RS41-SG,403.700,11.3,625,10,2.5,08:22:24,
2026-10-06T00:24:03.993Z,X3842932,9155,44.19273,7.90753,22590.2,-14.9,7.6,288.1,-57.5,1.4,-1.0,RS41-SG,403.700,10.3,625,10,2.5,08:22:24,
2026-10-06T00:24:04.993Z,X3842932,9156,44.19276,7.90744,22575.2,-15.1,7.8,299.0,-57.6,1.4,-1.0,RS41-SG,403.700,10.6,625,10,2.6,08:22:24,
2026-10-06T00:24:05.993Z,X3842932,9157,44.19280,7.90736,22560.1,-15.0,8.1,306.2,-57.6,1.4,-1.0,RS41-SG,403.700,11.8,625,10,2.6,08:22:24,
2026-10-06T00:24:06.993Z,X3842932,9158,44.19284,7.90728,22545.2,-14.7,8.1,313.6,-57.6,1.4,-1.0,RS41-SG,403.700,11.9,625,10,2.5,08:22:24,
2026-10-06T00:24:07.993Z,X3842932,9159,44.19290,7.90721,22530.5,-14.6,7.7,322.7,-57.7,1.5,-1.0,RS41-SG,403.700,11.9,625,10,2.5,08:22:24,
2026-10-06T00:24:08.993Z,X3842932,9160,44.19295,7.90716,22515.9,-14.5,7.4,332.3,-57.8,1.5,-1.0,RS41-SG,403.700,9.9,625,10,2.5,08:22:24,
2026-10-06T00:24:09.993Z,X3842932,9161,44.19301,7.90713,22501.5,-14.3,7.0,342.3,-57.9,1.5,-1.0,RS41-SG,403.700,11.6,625,10,2.5,08:22:24,
2026-10-06T00:24:10.993Z,X3842932,9162,44.19307,7.90711,22487.0,-14.4,6.6,354.8,-57.9,1.5,-1.0,RS41-SG,403.700,11.6,625,10,2.6,08:22:24,
2026-10-06T00:24:11.993Z,X3842932,9163,44.19313,7.90711,22472.6,-14.6,6.4,6.9,-58.0,1.5,-1.0,RS41-SG,403.700,11.6,625,10,2.6,08:22:24,
2026-10-06T00:24:12.993Z,X3842932,9164,44.19318,7.90713,22458.0,-14.6,6.1,18.4,-58.2,1.5,-1.0,RS41-SG,403.700,10.2,625,10,2.5,08:22:24,
2026-10-06T00:24:13.993Z,X3842932,9165,44.19323,7.90716,22443.4,-14.7,5.9,30.5,-58.3,1.5,-1.0,RS41-SG,403.700,10.2,625,10,2.5,08:22:24,
2026-10-06T00:24:14.993Z,X3842932,9166,44.19328,7.90720,22428.9,-14.3,5.9,43.2,-58.3,1.5,-1.0,RS41-SG,403.700,11.1,625,10,2.5,08:22:24,
2026-10-06T00:24:15.993Z,X3842932,9167,44.19331,7.90726,22414.5,-14.4,5.7,54.4,-58.4,1.5,-1.0,RS41-SG,403.700,11.1,625,10,2.5,08:22:24,
2026-10-06T00:24:16.993Z,X3842932,9168,44.19334,7.90732,22400.1,-14.3,5.7,65.7,-58.4,1.5,-1.0,RS41-SG,403.700,10.2,625,10,2.5,08:22:24,
2026-10-06T00:24:17.993Z,X3842932,9169,44.19335,7.90738,22385.8,-14.3,5.6,77.8,-58.5,1.6,-1.0,RS41-SG,403.700,11.2,625,10,2.6,08:22:24,
2026-10-06T00:24:18.993Z,X3842932,9170,44.19336,7.90745,22371.7,-14.0,5.7,92.1,-58.5,1.5,-1.0,RS41-SG,403.700,11.2,625,10,2.5,08:22:24,
2026-10-06T00:24:19.993Z,X3842932,9171,44.19335,7.90753,22357.6,-14.2,6.0,106.7,-58.6,1.6,-1.0,RS41-SG,403.700,11.1,625,10,2.5,08:22:24,
2026-10-06T00:24:20.993Z,X3842932,9172,44.19332,7.90760,22343.2,-14.5,6.5,120.0,-58.6,1.5,-1.0,RS41-SG,403.700,11.7,625,10,2.5,08:22:24,
2026-10-06T00:24:21.993Z,X3842932,9173,44.19329,7.90767,22328.7,-14.5,7.0,129.5,-58.6,1.5,-1.0,RS41-SG,403.700,11.7,625,10,2.5,08:22:24,
2026-10-06T00:24:22.993Z,X3842932,9174,44.19325,7.90773,22314.1,-14.6,7.4,136.6,-58.6,1.5,-1.0,RS41-SG,403.700,11.7,625,10,2.6,08:22:24,
2026-10-06T00:24:23.993Z,X3842932,9175,44.19319,7.90779,22299.7,-14.3,7.8,144.2,-58.7,1.6,-1.0,RS41-SG,403.700,11.6,625,10,2.5,08:22:24,
2026-10-06T00:24:24.993Z,X3842932,9176,44.19313,7.90784,22285.5,-14.0,8.4,153.6,-58.8,1.5,-1.0,RS41-SG,403.700,11.4,625,10,2.5,08:22:24,
2026-10-06T00:24:25.993Z,X3842932,9177,44.19306,7.90788,22271.4,-14.1,8.8,160.3,-58.8,1.6,-1.0,RS41-SG,403.700,11.2,625,10,2.5,08:22:24,
2026-10-06T00:24:26.993Z,X3842932,9178,44.19298,7.90792,22257.3,-14.2,9.1,167.9,-58.8,1.6,-1.0,RS41-SG,403.700,11.1,625,10,2.5,08:22:24,
2026-10-06T00:24:27.993Z,X3842932,9179,44.19290,7.90793,22243.0,-14.3,9.3,175.2,-58.9,1.6,-1.0,RS41-SG,403.700,11.3,625,10,2.5,08:22:24,
2026-10-06T00:24:28.993Z,X3842932,9180,44.19282,7.90793,22228.9,-14.1,9.4,183.1,-58.9,1.6,-1.0,RS41-SG,403.700,11.3,625,10,2.6,08:21:33,
2026-10-06T00:24:29.993Z,X3842932,9181,44.19273,7.90792,22214.9,-13.9,9.4,191.1,-59.0,1.6,-1.0,RS41-SG,403.700,11.2,625,10,2.5,08:21:33,
2026-10-06T00:24:30.993Z,X3842932,9182,44.19265,7.90789,22200.9,-14.0,9.5,198.0,-59.0,1.6,-1.0,RS41-SG,403.700,11.5,625,10,2.5,08:21:33,
2026-10-06T00:24:31.993Z,X3842932,9183,44.19257,7.90785,22186.7,-14.4,9.4,204.0,-59.1,1.6,-1.0,RS41-SG,403.700,11.5,625,10,2.5,08:21:33,
2026-10-06T00:24:32.993Z,X3842932,9184,44.19250,7.90780,22172.3,-14.4,9.3,209.0,-59.0,1.6,-1.0,RS41-SG,403.700,10.8,625,10,2.5,08:21:33,
2026-10-06T00:24:33.993Z,X3842932,9185,44.19243,7.90774,22157.8,-14.5,9.0,213.4,-59.0,1.6,-1.0,RS41-SG,403.700,10.9,625,10,2.6,08:21:33,
2026-10-06T00:24:34.993Z,X3842932,9186,44.19236,7.90767,22143.4,-14.2,8.5,217.7,-58.9,1.5,-1.0,RS41-SG,403.700,11.5,625,10,2.5,08:21:33,
2026-10-06T00:24:35.993Z,X3842932,9187,44.19231,7.90761,22129.1,-14.3,8.1,221.9,-59.0,1.5,-1.0,RS41-SG,403.700,11.5,625,10,2.5,08:21:33,
2026-10-06T00:24:36.993Z,X3842932,9188,44.19226,7.90754,22115.2,-13.7,7.4,226.9,-59.0,1.6,-1.0,RS41-SG,403.700,11.3,625,10,2.5,08:21:33,
2026-10-06T00:24:37.993Z,X3842932,9189,44.19222,7.90747,22101.4,-13.7,6.8,230.5,-59.0,1.6,-1.0,RS41-SG,403.700,11.2,625,10,2.5,08:21:33,
2026-10-06T00:24:38.993Z,X3842932,9190,44.19218,7.90741,22087.6,-13.8,6.1,237.3,-58.9,1.6,-1.0,RS41-SG,403.700,11.2,625,10,2.5,08:21:33,
2026-10-06T00:24:39.993Z,X3842932,9191,44.19216,7.90735,22073.9,-13.7,5.4,245.2,-59.0,1.6,-1.0,RS41-SG,403.700,11.9,625,10,2.6,08:21:33,
2026-10-06T00:24:40.993Z,X3842932,9192,44.19214,7.90729,22060.2,-13.7,4.7,256.6,-59.0,1.6,-1.0,RS41-SG,403.700,11.9,625,10,2.5,08:21:33,
2026-10-06T00:24:41.993Z,X3842932,9193,44.19214,7.90723,22046.4,-13.9,4.4,268.6,-59.0,1.6,-1.0,RS41-SG,403.700,11.8,625,10,2.5,08:21:33,
2026-10-06T00:24:42.993Z,X3842932,9194,44.19214,7.90718,22032.6,-13.7,4.2,284.2,-59.0,1.6,-1.0,RS41-SG,403.700,11.8,625,10,2.5,08:21:33,
2026-10-06T00:24:43.993Z,X3842932,9195,44.19215,7.90713,22018.8,-13.9,4.1,295.7,-59.1,1.6,-1.0,RS41-SG,403.700,12.4,625,10,2.5,08:21:33,
2026-10-06T00:24:44.993Z,X3842932,9196,44.19217,7.90709,22005.0,-13.8,4.2,304.0,-59.2,1.6,-1.0,RS41-SG,403.700,12.6,625,10,2.5,08:21:33,
2026-10-06T00:24:45.993Z,X3842932,9197,44.19219,7.90704,21991.3,-13.6,4.4,309.9,-59.1,1.6,-1.0,RS41-SG,403.700,12.6,625,10,2.6,08:21:33,
2026-10-06T00:24:46.993Z,X3842932,9198,44.19222,7.90700,21977.6,-13.7,4.3,317.1,-59.1,1.6,-1.0,RS41-SG,403.700,12.7,625,10,2.5,08:21:33,
2026-10-06T00:24:47.993Z,X3842932,9199,44.19225,7.90697,21963.8,-13.9,4.2,324.0,-59.1,1.6,-1.0,RS41-SG,403.700,12.7,625,10,2.5,08:21:33,
2026-10-06T00:24:48.993Z,X3842932,9200,44.19228,7.90694,21950.0,-13.8,4.1,330.8,-59.1,1.6,-1.0,RS41-SG,403.700,12.5,625,10,2.5,08:21:33,
2026-10-06T00:24:49.993Z,X3842932,9201,44.19232,7.90692,21936.3,-13.8,4.0,339.6,-59.1,1.6,-1.0,RS41-SG,403.700,12.5,625,10,2.5,08:21:33,
2026-10-06T00:24:50.993Z,X3842932,9202,44.19235,7.90691,21922.4,-13.7,4.0,348.0,-59.1,1.6,-1.0,RS41-SG,403.700,12.1,625,10,2.6,08:21:33,
2026-10-06T00:24:51.993Z,X3842932,9203,44.19239,7.90690,21908.7,-13.7,4.1,352.2,-59.1,1.5,-1.0,RS41-SG,403.700,10.2,625,10,2.5,08:21:33,
2026-10-06T00:24:52.993Z,X3842932,9204,44.19242,7.90689,21895.0,-13.8,4.3,0.8,-59.1,1.6,-1.0,RS41-SG,403.700,10.2,625,10,2.5,08:21:33,
2026-10-06T00:24:53.993Z,X3842932,9205,44.19246,7.90690,21881.3,-13.7,4.5,5.4,-59.0,1.6,-1.0,RS41-SG,403.700,9.3,625,10,2.5,08:21:33,
2026-10-06T00:24:54.993Z,X3842932,9206,44.19250,7.90691,21867.6,-13.9,4.8,13.3,-59.0,1.6,-1.0,RS41-SG,403.700,10.3,625,10,2.5,08:21:33,
2026-10-06T00:24:55.993Z,X3842932,9207,44.19255,7.90692,21853.7,-13.9,4.9,16.9,-58.9,1.5,-1.0,RS41-SG,403.700,10.3,625,10,2.5,08:21:33,
2026-10-06T00:24:56.993Z,X3842932,9208,44.19259,7.90694,21839.8,-13.8,5.3,20.8,-58.9,1.5,-1.0,RS41-SG,403.700,11.1,625,10,2.6,08:21:33,
2026-10-06T00:24:57.993Z,X3842932,9209,44.19264,7.90697,21826.0,-13.7,5.7,20.8,-58.8,1.5,-1.0,RS41-SG,403.700,11.1,625,10,2.5,08:21:33,
2026-10-06T00:24:58.993Z,X3842932,9210,44.19268,7.90700,21812.5,-13.6,6.0,26.1,-58.8,1.5,-1.0,RS41-SG,403.700,10.8,625,10,2.5,08:21:33,
2026-10-06T00:24:59.993Z,X3842932,9211,44.19273,7.90703,21798.8,-13.7,6.4,29.7,-58.8,1.6,-1.0,RS41-SG,403.700,10.8,625,10,2.5,08:21:33,
2026-10-06T00:25:00.993Z,X3842932,9212,44.19278,7.90708,21785.3,-13.6,6.8,35.1,-58.8,1.6,-1.0,RS41-SG,403.700,10.2,625,10,2.5,08:21:33,
2026-10-06T00:25:01.993Z,X3842932,9213,44.19283,7.90713,21771.7,-13.6,7.2,39.8,-58.8,1.6,-1.0,RS41-SG,403.700,10.2,625,10,2.5,08:21:33,
2026-10-06T00:25:02.993Z,X3842932,9214,44.19288,7.90719,21758.1,-13.6,7.5,43.2,-58.8,1.5,-1.0,RS41-SG,403.700,10.4,625,10,2.6,08:21:33,
2026-10-06T00:25:03.993Z,X3842932,9215,44.19293,7.90726,21744.5,-13.5,7.7,48.1,-58.8,1.5,-1.0,RS41-SG,403.700,10.4,625,10,2.5,08:21:33,
2026-10-06T00:25:04.993Z,X3842932,9216,44.19297,7.90733,21730.8,-13.8,7.8,54.5,-58.8,1.6,-1.0,RS41-SG,403.700,8.9,625,10,2.5,08:21:33,
2026-10-06T00:25:05.993Z,X3842932,9217,44.19301,7.90741,21717.2,-13.6,7.8,60.5,-58.8,1.5,-1.0,RS41-SG,403.700,9.9,625,10,2.5,08:21:33,
2026-10-06T00:25:06.993Z,X3842932,9218,44.19304,7.90750,21703.6,-13.7,7.8,67.6,-58.8,1.6,-1.0,RS41-SG,403.700,9.9,625,10,2.5,08:21:33,
2026-10-06T00:25:07.993Z,X3842932,9219,44.19306,7.90759,21690.0,-13.6,7.9,76.2,-58.7,1.5,-1.0,RS41-SG,403.700,10.2,625,10,2.6,08:21:33,
2026-10-06T00:25:08.993Z,X3842932,9220,44.19308,7.90769,21676.6,-13.2,8.1,83.6,-58.7,1.6,-1.0,RS41-SG,403.700,10.2,625,10,2.5,08:21:33,
2026-10-06T00:25:09.993Z,X3842932,9221,44.19308,7.90779,21663.2,-13.5,8.3,94.6,-58.6,1.5,-1.0,RS41-SG,403.700,9.5,625,10,2.5,08:21:33,
2026-10-06T00:25:10.993Z,X3842932,9222,44.19307,7.90790,21649.9,-13.3,8.8,104.4,-58.5,1.5,-1.0,RS41-SG,403.700,9.5,625,10,2.5,08:21:33,
2026-10-06T00:25:11.993Z,X3842932,9223,44.19304,7.90800,21636.5,-13.5,9.2,116.1,-58.5,1.5,-1.0,RS41-SG,403.700,9.2,625,10,2.5,08:21:33,
2026-10-06T00:25:12.993Z,X3842932,9224,44.19299,7.90810,21623.1,-13.2,9.9,128.4,-58.5,1.5,-1.0,RS41-SG,403.700,10.0,625,10,2.5,08:21:33,
2026-10-06T00:25:13.993Z,X3842932,9225,44.19293,7.90819,21609.9,-13.2,10.1,141.5,-58.6,1.6,-1.0,RS41-SG,403.700,10.0,625,10,2.5,08:21:33,
2026-10-06T00:25:14.993Z,X3842932,9226,44.19285,7.90825,21596.7,-13.1,10.2,154.9,-58.6,1.5,-1.0,RS41-SG,403.700,10.2,625,10,2.5,08:21:33,
2026-10-06T00:25:15.993Z,X3842932,9227,44.19277,7.90829,21583.6,-13.2,10.1,168.4,-58.6,1.6,-1.0,RS41-SG,403.700,10.2,625,10,2.5,08:21:33,
2026-10-06T00:25:16.993Z,X3842932,9228,44.19268,7.90830,21570.1,-13.8,9.8,182.6,-58.7,1.6,-1.0,RS41-SG,403.700,9.2,625,10,2.5,08:21:33,
2026-10-06T00:25:17.993Z,X3842932,9229,44.19259,7.90828,21556.2,-14.1,9.2,197.4,-58.9,1.6,-1.0,RS41-SG,403.700,10.2,625,10,2.5,08:21:33,
2026-10-06T00:25:18.993Z,X3842932,9230,44.19252,7.90824,21542.1,-14.0,8.8,213.1,-58.9,1.6,-1.0,RS41-SG,403.700,10.2,625,10,2.5,08:21:33,
2026-10-06T00:25:19.993Z,X3842932,9231,44.19246,7.90817,21528.1,-14.0,8.3,228.4,-59.0,1.6,-1.0,RS41-SG,403.700,11.1,625,10,2.6,08:20:42,
2026-10-06T00:25:20.993Z,X3842932,9232,44.19242,7.90809,21514.2,-13.7,7.9,245.8,-59.0,1.6,-1.0,RS41-SG,403.700,11.1,625,10,2.5,08:20:42,
2026-10-06T00:25:21.993Z,X3842932,9233,44.19241,7.90799,21500.6,-13.5,7.5,265.4,-59.1,1.6,-1.0,RS41-SG,403.700,11.2,625,10,2.5,08:20:42,
2026-10-06T00:25:22.993Z,X3842932,9234,44.19241,7.90791,21487.0,-13.6,7.0,286.0,-59.1,1.6,-1.0,RS41-SG,403.700,11.2,625,10,2.5,08:20:42,
2026-10-06T00:25:23.993Z,X3842932,9235,44.19244,7.90783,21473.5,-13.4,7.1,309.3,-59.0,1.6,-1.0,RS41-SG,403.700,10.2,625,10,2.5,08:20:42,
2026-10-06T00:25:24.993Z,X3842932,9236,44.19249,7.90777,21460.1,-13.4,7.5,330.6,-59.0,1.6,-1.0,RS41-SG,403.700,8.0,625,10,2.6,08:20:42,
2026-10-06T00:25:25.993Z,X3842932,9237,44.19255,7.90774,21446.5,-13.7,8.0,349.3,-59.1,1.6,-1.0,RS41-SG,403.700,9.0,625,10,2.5,08:20:42,
2026-10-06T00:25:26.993Z,X3842932,9238,44.19263,7.90773,21432.6,-14.1,8.4,4.1,-59.2,1.6,-1.0,RS41-SG,403.700,9.0,625,10,2.5,08:20:42,
2026-10-06T00:25:27.993Z,X3842932,9239,44.19270,7.90775,21418.5,-14.1,8.5,17.0,-59.4,1.7,-1.0,RS41-SG,403.700,9.1,625,10,2.5,08:20:42,
2026-10-06T00:25:28.993Z,X3842932,9240,44.19277,7.90779,21404.4,-14.1,8.4,27.5,-59.5,1.7,-1.0,RS41-SG,403.700,9.1,625,10,2.5,08:20:42,
2026-10-06T00:25:29.993Z,X3842932,9241,44.19283,7.90785,21390.2,-14.2,8.0,38.8,-59.6,1.7,-1.0,RS41-SG,403.700,9.6,625,10,2.5,08:20:42,
2026-10-06T00:25:30.993Z,X3842932,9242,44.19288,7.90792,21376.0,-14.3,7.4,48.5,-59.8,1.8,-1.0,RS41-SG,403.700,10.3,625,10,2.6,08:20:42,
2026-10-06T00:25:31.993Z,X3842932,9243,44.19292,7.90798,21361.8,-14.1,6.7,56.9,-60.1,1.8,-1.0,RS41-SG,403.700,10.3,625,10,2.5,08:20:42,
2026-10-06T00:25:32.993Z,X3842932,9244,44.19295,7.90805,21348.0,-13.7,6.1,65.7,-60.1,1.8,-1.0,RS41-SG,403.700,10.7,625,10,2.5,08:20:42,
2026-10-06T00:25:33.993Z,X3842932,9245,44.19297,7.90812,21334.3,-13.5,5.4,71.9,-60.1,1.8,-1.0,RS41-SG,403.700,10.7,625,10,2.5,08:20:42,
2026-10-06T00:25:34.993Z,X3842932,9246,44.19298,7.90818,21320.9,-13.4,4.7,78.8,-60.1,1.8,-1.0,RS41-SG,403.700,11.1,625,10,2.5,08:20:42,
2026-10-06T00:25:35.993Z,X3842932,9247,44.19299,7.90824,21307.5,-13.3,4.1,86.2,-60.0,1.8,-1.0,RS41-SG,403.700,11.1,625,10,2.5,08:20:42,
2026-10-06T00:25:36.993Z,X3842932,9248,44.19299,7.90828,21294.3,-13.0,3.6,92.1,-60.0,1.8,-1.0,RS41-SG,403.700,11.1,625,10,2.5,08:20:42,
2026-10-06T00:25:37.993Z,X3842932,9249,44.19298,7.90832,21281.3,-13.0,3.0,97.6,-60.0,1.7,-1.0,RS41-SG,403.700,11.1,625,10,2.5,08:20:42,
2026-10-06T00:25:38.993Z,X3842932,9250,44.19298,7.90836,21268.0,-13.4,2.7,102.8,-60.1,1.8,-1.0,RS41-SG,403.700,10.5,625,10,2.5,08:20:42,
2026-10-06T00:25:39.993Z,X3842932,9251,44.19297,7.90839,21254.7,-13.1,2.5,103.8,-60.2,1.8,-1.0,RS41-SG,403.700,10.5,625,10,2.5,08:20:42,
2026-10-06T00:25:40.993Z,X3842932,9252,44.19297,7.90842,21241.6,-13.2,2.7,110.6,-60.3,1.8,-1.0,RS41-SG,403.700,10.9,625,10,2.5,08:20:42,
2026-10-06T00:25:41.993Z,X3842932,9253,44.19296,7.90845,21228.5,-13.1,3.0,112.9,-60.5,1.8,-1.0,RS41-SG,403.700,11.0,625,10,2.5,08:20:42,
2026-10-06T00:25:42.993Z,X3842932,9254,44.19295,7.90849,21215.5,-13.0,3.1,113.6,-60.5,1.8,-1.0,RS41-SG,403.700,11.0,625,10,2.5,08:20:42,
2026-10-06T00:25:43.993Z,X3842932,9255,44.19293,7.90853,21202.5,-13.1,3.4,116.0,-60.5,1.8,-1.0,RS41-SG,403.700,10.2,625,10,2.5,08:20:42,
2026-10-06T00:25:44.993Z,X3842932,9256,44.19292,7.90857,21189.4,-13.1,3.7,117.6,-60.5,1.8,-1.0,RS41-SG,403.700,10.4,625,10,2.5,08:20:42,
2026-10-06T00:25:45.993Z,X3842932,9257,44.19291,7.90861,21176.3,-13.1,3.7,115.9,-60.4,1.8,-1.0,RS41-SG,403.700,10.4,625,10,2.5,08:20:42,
2026-10-06T00:25:46.993Z,X3842932,9258,44.19289,7.90865,21163.0,-13.4,3.9,117.8,-60.4,1.8,-1.0,RS41-SG,403.700,9.4,625,10,2.5,08:20:42,
2026-10-06T00:25:47.993Z,X3842932,9259,44.19287,7.90869,21149.8,-13.2,3.8,115.6,-60.5,1.8,-1.0,RS41-SG,403.700,9.3,625,10,2.6,08:20:42,
2026-10-06T00:25:48.993Z,X3842932,9260,44.19286,7.90873,21136.9,-12.7,3.8,115.7,-60.5,1.7,-1.0,RS41-SG,403.700,9.6,625,10,2.5,08:20:42,
2026-10-06T00:25:49.993Z,X3842932,9261,44.19284,7.90878,21124.0,-13.0,4.1,118.0,-60.6,1.8,-1.0,RS41-SG,403.700,9.6,625,10,2.5,08:20:42,
2026-10-06T00:25:50.993Z,X3842932,9262,44.19283,7.90882,21111.1,-12.8,4.5,119.9,-60.6,1.8,-1.0,RS41-SG,403.700,8.7,625,10,2.5,08:20:42,
2026-10-06T00:25:51.993Z,X3842932,9263,44.19280,7.90888,21098.3,-12.6,5.6,127.2,-60.7,1.8,-1.0,RS41-SG,403.700,9.0,625,10,2.5,08:20:42,
2026-10-06T00:25:52.993Z,X3842932,9264,44.19276,7.90893,21086.0,-12.2,6.7,135.0,-60.6,1.8,-1.0,RS41-SG,403.700,9.1,625,10,2.5,08:20:42,
2026-10-06T00:25:53.993Z,X3842932,9265,44.19271,7.90899,21073.7,-12.2,8.1,143.1,-60.6,1.8,-1.0,RS41-SG,403.700,10.0,625,10,2.6,08:20:42,
2026-10-06T00:25:54.993Z,X3842932,9266,44.19265,7.90905,21061.4,-12.5,9.5,151.2,-60.7,1.8,-1.0,RS41-SG,403.700,10.0,625,10,2.5,08:20:42,
2026-10-06T00:25:55.993Z,X3842932,9267,44.19256,7.90911,21048.8,-12.6,10.7,159.4,-60.7,1.8,-1.0,RS41-SG,403.700,9.7,625,10,2.5,08:20:42,
2026-10-06T00:25:56.993Z,X3842932,9268,44.19247,7.90915,21036.1,-12.8,11.6,166.2,-60.7,1.8,-1.0,RS41-SG,403.700,9.5,625,10,2.5,08:20:42,
2026-10-06T00:25:57.993Z,X3842932,9269,44.19236,7.90917,21023.4,-12.8,12.3,175.3,-60.8,1.8,-1.0,RS41-SG,403.700,9.5,625,10,2.5,08:20:42,
2026-10-06T00:25:58.993Z,X3842932,9270,44.19225,7.90917,21010.5,-13.1,12.5,184.0,-61.1,1.9,-1.0,RS41-SG,403.700,10.6,625,10,2.6,08:20:42,
2026-10-06T00:25:59.993Z,X3842932,9271,44.19214,7.90915,20997.3,-13.3,12.4,191.7,-61.2,1.9,-1.0,RS41-SG,403.700,10.9,625,10,2.5,08:20:42,
2026-10-06T00:26:00.993Z,X3842932,9272,44.19203,7.90911,20984.2,-13.1,12.2,201.2,-61.2,1.9,-1.0,RS41-SG,403.700,10.9,625,10,2.5,08:20:42,
2026-10-06T00:26:01.993Z,X3842932,9273,44.19194,7.90904,20970.9,-13.4,11.9,210.5,-61.4,1.9,-1.0,RS41-SG,403.700,11.5,625,10,2.5,08:20:42,
2026-10-06T00:26:02.993Z,X3842932,9274,44.19185,7.90896,20957.6,-13.3,11.6,220.3,-61.6,2.0,-1.0,RS41-SG,403.700,11.5,625,10,2.5,08:20:42,
2026-10-06T00:26:03.993Z,X3842932,9275,44.19178,7.90886,20944.2,-13.5,11.2,228.8,-61.8,2.0,-1.0,RS41-SG,403.700,10.8,625,10,2.5,08:20:42,
2026-10-06T00:26:04.993Z,X3842932,9276,44.19172,7.90875,20931.0,-12.9,10.6,237.9,-61.9,2.0,-1.0,RS41-SG,403.700,10.8,625,10,2.5,08:20:42,
2026-10-06T00:26:05.993Z,X3842932,9277,44.19168,7.90864,20918.3,-12.5,9.8,248.0,-61.9,2.0,-1.0,RS41-SG,403.700,10.1,625,10,2.5,08:20:42,
2026-10-06T00:26:06.993Z,X3842932,9278,44.19166,7.90853,20906.0,-12.1,8.7,260.9,-61.9,2.0,-1.0,RS41-SG,403.700,10.1,625,10,2.5,08:20:42,
2026-10-06T00:26:07.993Z,X3842932,9279,44.19165,7.90843,20894.0,-11.9,7.6,276.8,-61.9,2.0,-1.0,RS41-SG,403.700,9.8,625,10,2.5,08:20:42,
2026-10-06T00:26:08.993Z,X3842932,9280,44.19167,7.90834,20881.9,-12.3,6.7,294.8,-62.0,2.0,-1.0,RS41-SG,403.700,10.3,625,10,2.5,08:20:42,
2026-10-06T00:26:09.993Z,X3842932,9281,44.19170,7.90828,20869.4,-12.8,5.9,314.5,-61.9,2.0,-1.0,RS41-SG,403.700,10.6,625,10,2.5,08:20:42,
2026-10-06T00:26:10.993Z,X3842932,9282,44.19174,7.90824,20856.4,-13.2,5.6,336.0,-61.9,2.0,-1.0,RS41-SG,403.700,10.6,625,10,2.5,08:19:51,
2026-10-06T00:26:11.993Z,X3842932,9283,44.19179,7.90822,20843.1,-13.4,5.5,357.1,-61.9,2.0,-1.0,RS41-SG,403.700,10.3,625,10,2.5,08:19:51,
2026-10-06T00:26:12.993Z,X3842932,9284,44.19184,7.90823,20829.8,-13.2,5.7,17.1,-61.9,2.0,-1.0,RS41-SG,403.700,10.3,625,10,2.5,08:19:51,
2026-10-06T00:26:13.993Z,X3842932,9285,44.19188,7.90826,20816.7,-12.9,6.2,38.7,-62.0,2.0,-1.0,RS41-SG,403.700,10.1,625,10,2.5,08:19:51,
2026-10-06T00:26:14.993Z,X3842932,9286,44.19192,7.90833,20803.8,-12.7,6.9,57.9,-62.0,2.0,-1.0,RS41-SG,403.700,10.2,625,10,2.5,08:19:51,
2026-10-06T00:26:15.993Z,X3842932,9287,44.19195,7.90841,20791.2,-12.6,7.8,73.0,-62.0,2.0,-1.0,RS41-SG,403.700,10.2,625,10,2.5,08:19:51,
2026-10-06T00:26:16.993Z,X3842932,9288,44.19196,7.90851,20778.6,-12.5,8.9,87.2,-62.0,2.0,-1.0,RS41-SG,403.700,10.2,625,10,2.5,08:19:51,
2026-10-06T00:26:17.993Z,X3842932,9289,44.19196,7.90863,20766.2,-12.4,10.0,99.4,-62.0,2.0,-1.0,RS41-SG,403.700,10.8,625,10,2.5,08:19:51,
2026-10-06T00:26:18.993Z,X3842932,9290,44.19193,7.90875,20753.8,-12.4,10.9,110.6,-61.9,2.0,-1.0,RS41-SG,403.700,10.8,625,10,2.5,08:19:51,
2026-10-06T00:26:19.993Z,X3842932,9291,44.19189,7.90888,20741.3,-12.6,11.6,120.7,-61.9,1.9,-1.0,RS41-SG,403.700,11.0,625,10,2.5,08:19:51,
2026-10-06T00:26:20.993Z,X3842932,9292,44.19183,7.90900,20728.7,-12.5,12.0,129.3,-61.9,1.9,-1.0,RS41-SG,403.700,11.0,625,10,2.5,08:19:51,
2026-10-06T00:26:21.993Z,X3842932,9293,44.19175,7.90911,20716.1,-12.7,12.1,138.4,-61.8,1.9,-1.0,RS41-SG,403.700,10.1,625,10,2.6,08:19:51,
2026-10-06T00:26:22.993Z,X3842932,9294,44.19167,7.90919,20703.4,-12.6,11.8,148.0,-61.7,1.9,-1.0,RS41-SG,403.700,10.6,625,10,2.5,08:19:51,
2026-10-06T00:26:23.993Z,X3842932,9295,44.19157,7.90926,20690.9,-12.5,11.2,158.6,-61.6,1.9,-1.0,RS41-SG,403.700,10.6,625,10,2.5,08:19:51,
2026-10-06T00:26:24.993Z,X3842932,9296,44.19148,7.90930,20678.5,-12.3,10.6,170.6,-61.5,1.8,-1.0,RS41-SG,403.700,9.1,625,10,2.5,08:19:51,
2026-10-06T00:26:25.993Z,X3842932,9297,44.19139,7.90930,20666.1,-12.5,9.9,182.7,-61.5,1.9,-1.0,RS41-SG,403.700,9.1,625,10,2.5,08:19:51,
2026-10-06T00:26:26.993Z,X3842932,9298,44.19130,7.90928,20653.7,-12.3,9.2,196.5,-61.4,1.8,-1.0,RS41-SG,403.700,9.2,625,10,2.5,08:19:51,
2026-10-06T00:26:27.993Z,X3842932,9299,44.19123,7.90924,20641.3,-12.6,8.5,210.4,-61.3,1.8,-1.0,RS41-SG,403.700,10.0,625,10,2.6,08:19:51,
2026-10-06T00:26:28.993Z,X3842932,9300,44.19117,7.90918,20628.8,-12.5,7.9,226.8,-61.2,1.8,-1.0,RS41-SG,403.700,11.4,625,10,2.5,08:19:51,
2026-10-06T00:26:29.993Z,X3842932,9301,44.19113,7.90910,20616.3,-12.6,7.4,243.9,-61.2,1.8,-1.0,RS41-SG,403.700,12.4,625,10,2.5,08:19:51,
2026-10-06T00:26:30.993Z,X3842932,9302,44.19112,7.90901,20603.7,-12.6,7.2,261.8,-61.2,1.8,-1.0,RS41-SG,403.700,12.4,625,10,2.5,08:19:51,
2026-10-06T00:26:31.993Z,X3842932,9303,44.19112,7.90893,20591.2,-12.4,7.2,281.5,-61.3,1.9,-1.0,RS41-SG,403.700,12.1,625,10,2.5,08:19:51,
2026-10-06T00:26:32.993Z,X3842932,9304,44.19114,7.90884,20578.7,-12.6,7.2,298.9,-61.3,1.9,-1.0,RS41-SG,403.700,10.9,625,10,2.5,08:19:51,
2026-10-06T00:26:33.993Z,X3842932,9305,44.19118,7.90877,20566.2,-12.5,7.5,316.7,-61.3,1.8,-1.0,RS41-SG,403.700,12.0,625,10,2.5,08:19:51,
2026-10-06T00:26:34.993Z,X3842932,9306,44.19124,7.90872,20553.8,-12.4,7.7,333.6,-61.3,1.9,-1.0,RS41-SG,403.700,12.0,625,10,2.5,08:19:51,
2026-10-06T00:26:35.993Z,X3842932,9307,44.19130,7.90869,20541.5,-12.2,8.0,350.8,-61.3,1.9,-1.0,RS41-SG,403.700,10.9,625,10,2.5,08:19:51,
2026-10-06T00:26:36.993Z,X3842932,9308,44.19137,7.90869,20529.2,-12.3,8.2,5.8,-61.3,1.9,-1.0,RS41-SG,403.700,11.0,625,10,2.5,08:19:51,
2026-10-06T00:26:37.993Z,X3842932,9309,44.19145,7.90871,20516.9,-12.3,8.5,22.1,-61.3,1.9,-1.0,RS41-SG,403.700,11.0,625,10,2.5,08:19:51,
2026-10-06T00:26:38.993Z,X3842932,9310,44.19151,7.90876,20504.6,-12.2,8.8,36.5,-61.2,1.9,-1.0,RS41-SG,403.700,11.0,625,10,2.5,08:19:51,
2026-10-06T00:26:39.993Z,X3842932,9311,44.19157,7.90884,20492.4,-12.0,9.0,51.3,-61.2,1.9,-1.0,RS41-SG,403.700,11.3,625,10,2.5,08:19:51,
2026-10-06T00:26:40.993Z,X3842932,9312,44.19161,7.90894,20480.5,-11.9,9.0,67.3,-61.2,1.9,-1.0,RS41-SG,403.700,11.3,625,10,2.5,08:19:51,
2026-10-06T00:26:41.993Z,X3842932,9313,44.19163,7.90904,20468.7,-11.7,9.0,82.5,-61.3,1.9,-1.0,RS41-SG,403.700,11.8,625,10,2.5,08:19:51,
2026-10-06T00:26:42.993Z,X3842932,9314,44.19163,7.90915,20456.9,-11.9,9.0,96.9,-61.3,1.9,-1.0,RS41-SG,403.700,11.8,625,10,2.5,08:19:51,
2026-10-06T00:26:43.993Z,X3842932,9315,44.19161,7.90926,20444.9,-12.1,8.9,110.0,-61.2,1.9,-1.0,RS41-SG,403.700,10.5,625,10,2.4,08:19:51,
2026-10-06T00:26:44.993Z,X3842932,9316,44.19158,7.90936,20432.7,-12.4,8.6,122.2,-61.2,1.9,-1.0,RS41-SG,403.700,11.9,625,10,2.5,08:19:51,
2026-10-06T00:26:45.993Z,X3842932,9317,44.19153,7.90944,20420.4,-12.3,8.0,134.5,-61.1,1.8,-1.0,RS41-SG,403.700,11.9,625,10,2.5,08:19:51,
2026-10-06T00:26:46.993Z,X3842932,9318,44.19148,7.90950,20408.1,-12.3,7.2,147.8,-61.0,1.8,-1.0,RS41-SG,403.700,11.2,625,10,2.5,08:19:51,
2026-10-06T00:26:47.993Z,X3842932,9319,44.19143,7.90954,20395.8,-12.3,6.1,162.6,-61.0,1.8,-1.0,RS41-SG,403.700,12.2,625,10,2.5,08:19:51,
2026-10-06T00:26:48.993Z,X3842932,9320,44.19138,7.90955,20383.5,-12.4,5.3,179.3,-60.9,1.8,-1.0,RS41-SG,403.700,12.4,625,10,2.5,08:19:51,
2026-10-06T00:26:49.993Z,X3842932,9321,44.19133,7.90954,20371.1,-12.2,4.4,199.1,-60.9,1.8,-1.0,RS41-SG,403.700,12.4,625,10,2.5,08:19:51,
2026-10-06T00:26:50.993Z,X3842932,9322,44.19130,7.90951,20359.0,-12.0,4.0,226.7,-60.9,1.8,-1.0,RS41-SG,403.700,10.9,625,10,2.5,08:19:51,
2026-10-06T00:26:51.993Z,X3842932,9323,44.19129,7.90947,20347.1,-11.8,4.0,254.5,-60.8,1.8,-1.0,RS41-SG,403.700,10.4,625,10,2.5,08:19:51,
2026-10-06T00:26:52.993Z,X3842932,9324,44.19129,7.90942,20335.3,-11.8,4.7,282.7,-60.7,1.8,-1.0,RS41-SG,403.700,10.6,625,10,2.5,08:19:51,
2026-10-06T00:26:53.993Z,X3842932,9325,44.19131,7.90936,20323.5,-11.9,5.8,303.0,-60.6,1.8,-1.0,RS41-SG,403.700,11.6,625,10,2.5,08:19:51,
2026-10-06T00:26:54.993Z,X3842932,9326,44.19134,7.90930,20311.7,-11.9,7.2,319.5,-60.5,1.8,-1.0,RS41-SG,403.700,11.6,625,10,2.5,08:19:51,
2026-10-06T00:26:55.993Z,X3842932,9327,44.19140,7.90925,20299.6,-12.2,8.5,331.8,-60.4,1.8,-1.0,RS41-SG,403.700,11.2,625,10,2.5,08:19:51,
2026-10-06T00:26:56.993Z,X3842932,9328,44.19148,7.90920,20287.4,-12.2,9.6,341.4,-60.3,1.8,-1.0,RS41-SG,403.700,11.6,625,10,2.6,08:19:51,
2026-10-06T00:26:57.993Z,X3842932,9329,44.19156,7.90917,20275.2,-12.2,10.6,350.7,-60.2,1.7,-1.0,RS41-SG,403.700,11.6,625,10,2.5,08:19:51,
2026-10-06T00:26:58.993Z,X3842932,9330,44.19166,7.90916,20263.1,-12.0,11.4,359.5,-60.1,1.8,-1.0,RS41-SG,403.700,11.1,625,10,2.5,08:19:51,
2026-10-06T00:26:59.993Z,X3842932,9331,44.19177,7.90917,20251.2,-11.9,12.1,8.2,-60.0,1.7,-1.0,RS41-SG,403.700,11.1,625,10,2.5,08:19:51,
2026-10-06T00:27:00.993Z,X3842932,9332,44.19187,7.90920,20239.3,-11.8,12.4,16.9,-60.0,1.7,-1.0,RS41-SG,403.700,10.1,625,10,2.4,08:19:51,
2026-10-06T00:27:01.993Z,X3842932,9333,44.19198,7.90926,20227.6,-11.6,12.7,25.7,-59.9,1.7,-1.0,RS41-SG,403.700,11.0,625,10,2.5,08:19:00,
2026-10-06T00:27:02.993Z,X3842932,9334,44.19208,7.90934,20216.0,-11.6,12.7,34.7,-59.9,1.7,-1.0,RS41-SG,403.700,11.5,625,10,2.6,08:19:00,
2026-10-06T00:27:03.993Z,X3842932,9335,44.19217,7.90944,20204.3,-11.7,12.4,43.2,-59.9,1.7,-1.0,RS41-SG,403.700,11.5,625,10,2.5,08:19:00,
2026-10-06T00:27:04.993Z,X3842932,9336,44.19224,7.90955,20192.6,-11.8,11.8,52.8,-60.1,1.8,-1.0,RS41-SG,403.700,11.5,625,10,2.5,08:19:00,
2026-10-06T00:27:05.993Z,X3842932,9337,44.19229,7.90967,20180.5,-12.3,10.9,63.1,-60.3,1.8,-1.0,RS41-SG,403.700,11.5,625,10,2.5,08:19:00,
2026-10-06T00:27:06.993Z,X3842932,9338,44.19233,7.90979,20168.1,-12.5,10.0,73.1,-60.3,1.8,-1.0,RS41-SG,403.700,11.4,625,10,2.5,08:19:00,
2026-10-06T00:27:07.993Z,X3842932,9339,44.19235,7.90991,20155.6,-12.5,9.3,84.2,-60.3,1.8,-1.0,RS41-SG,403.700,11.4,625,10,2.5,08:19:00,
2026-10-06T00:27:08.993Z,X3842932,9340,44.19235,7.91002,20143.3,-12.2,8.5,96.4,-60.2,1.8,-1.0,RS41-SG,403.700,11.6,625,10,2.5,08:19:00,
2026-10-06T00:27:09.993Z,X3842932,9341,44.19233,7.91011,20131.3,-11.8,7.8,111.8,-60.2,1.8,-1.0,RS41-SG,403.700,11.6,625,10,2.5,08:19:00,
2026-10-06T00:27:10.993Z,X3842932,9342,44.19230,7.91019,20119.6,-11.6,7.1,128.6,-60.2,1.8,-1.0,RS41-SG,403.700,11.3,625,10,2.5,08:19:00,
2026-10-06T00:27:11.993Z,X3842932,9343,44.19225,7.91025,20108.2,-11.4,6.6,149.0,-60.2,1.8,-1.0,RS41-SG,403.700,11.2,625,10,2.5,08:19:00,
2026-10-06T00:27:12.993Z,X3842932,9344,44.19220,7.91028,20096.9,-11.5,6.4,171.8,-60.2,1.8,-1.0,RS41-SG,403.700,11.3,625,10,2.5,08:19:00,
2026-10-06T00:27:13.993Z,X3842932,9345,44.19214,7.91027,20085.3,-11.6,6.5,193.8,-60.1,1.8,-1.0,RS41-SG,403.700,11.3,625,10,2.5,08:19:00,
2026-10-06T00:27:14.993Z,X3842932,9346,44.19209,7.91024,20073.8,-11.5,6.7,216.2,-60.1,1.8,-1.0,RS41-SG,403.700,11.4,625,10,2.5,08:19:00,
2026-10-06T00:27:15.993Z,X3842932,9347,44.19204,7.91018,20062.2,-11.7,7.2,234.4,-60.1,1.8,-1.0,RS41-SG,403.700,11.4,625,10,2.5,08:19:00,
2026-10-06T00:27:16.993Z,X3842932,9348,44.19201,7.91010,20050.6,-11.7,7.7,250.4,-60.1,1.8,-1.0,RS41-SG,403.700,10.8,625,10,2.5,08:19:00,
2026-10-06T00:27:17.993Z,X3842932,9349,44.19200,7.91000,20038.8,-11.9,8.0,263.7,-60.1,1.8,-1.0,RS41-SG,403.700,10.8,625,10,2.5,08:19:00,
2026-10-06T00:27:18.993Z,X3842932,9350,44.19200,7.90990,20026.9,-11.8,8.1,276.2,-60.1,1.9,-1.0,RS41-SG,403.700,11.1,625,10,2.4,08:19:00,
2026-10-06T00:27:19.993Z,X3842932,9351,44.19201,7.90980,20015.3,-11.4,8.1,288.6,-60.1,1.8,-1.0,RS41-SG,403.700,11.1,625,10,2.5,08:19:00,
2026-10-06T00:27:20.993Z,X3842932,9352,44.19204,7.90971,20003.8,-11.4,7.7,301.0,-60.1,1.8,-1.0,RS41-SG,403.700,10.3,625,10,2.5,08:19:00,
2026-10-06T00:27:21.993Z,X3842932,9353,44.19208,7.90964,19992.5,-11.2,7.3,314.7,-60.1,1.8,-1.0,RS41-SG,403.700,10.3,625,10,2.5,08:19:00,
2026-10-06T00:27:22.993Z,X3842932,9354,44.19213,7.90959,19981.4,-11.1,6.8,330.1,-60.0,1.8,-1.0,RS41-SG,403.700,10.4,625,10,2.5,08:19:00,
2026-10-06T00:27:23.993Z,X3842932,9355,44.19219,7.90956,19970.3,-11.0,6.2,348.2,-60.0,1.8,-1.0,RS41-SG,403.700,10.4,625,10,2.5,08:19:00,
2026-10-06T00:27:24.993Z,X3842932,9356,44.19224,7.90955,19959.1,-11.3,5.7,8.6,-59.9,1.8,-1.0,RS41-SG,403.700,9.8,625,10,2.4,08:19:00,
2026-10-06T00:27:25.993Z,X3842932,9357,44.19228,7.90958,19947.5,-11.6,5.5,29.8,-59.9,1.8,-1.0,RS41-SG,403.700,9.7,625,10,2.5,08:19:00,
2026-10-06T00:27:26.993Z,X3842932,9358,44.19232,7.90962,19935.9,-11.5,5.8,52.4,-59.8,1.8,-1.0,RS41-SG,403.700,9.9,625,10,2.5,08:19:00,
2026-10-06T00:27:27.993Z,X3842932,9359,44.19235,7.90969,19924.4,-11.5,6.3,73.4,-59.7,1.8,-1.0,RS41-SG,403.700,11.0,625,10,2.5,08:19:00,
2026-10-06T00:27:28.993Z,X3842932,9360,44.19235,7.90977,19913.0,-11.3,7.1,92.7,-59.7,1.8,-1.0,RS41-SG,403.700,11.3,625,10,2.5,08:19:00,
2026-10-06T00:27:29.993Z,X3842932,9361,44.19234,7.90986,19901.7,-11.3,7.9,108.5,-59.7,1.8,-1.0,RS41-SG,403.700,11.3,625,10,2.5,08:19:00,
2026-10-06T00:27:30.993Z,X3842932,9362,44.19231,7.90995,19890.3,-11.5,8.6,122.0,-59.6,1.7,-1.0,RS41-SG,403.700,11.0,625,10,2.5,08:19:00,
2026-10-06T00:27:31.993Z,X3842932,9363,44.19226,7.91004,19878.6,-11.7,9.1,132.7,-59.5,1.8,-1.0,RS41-SG,403.700,11.2,625,10,2.5,08:19:00,
2026-10-06T00:27:32.993Z,X3842932,9364,44.19220,7.91012,19867.0,-11.5,9.4,142.0,-59.5,1.8,-1.0,RS41-SG,403.700,11.2,625,10,2.5,08:19:00,
2026-10-06T00:27:33.993Z,X3842932,9365,44.19213,7.91018,19855.5,-11.5,9.6,151.0,-59.5,1.7,-1.0,RS41-SG,403.700,11.2,625,10,2.5,08:19:00,
2026-10-06T00:27:34.993Z,X3842932,9366,44.19205,7.91023,19844.0,-11.4,9.6,160.9,-59.4,1.8,-1.0,RS41-SG,403.700,11.2,625,10,2.5,08:19:00,
2026-10-06T00:27:35.993Z,X3842932,9367,44.19197,7.91026,19832.7,-11.3,9.5,171.7,-59.4,1.8,-1.0,RS41-SG,403.700,10.5,625,10,2.4,08:19:00,
2026-10-06T00:27:36.993Z,X3842932,9368,44.19188,7.91027,19821.5,-11.0,9.3,183.7,-59.3,1.8,-1.0,RS41-SG,403.700,11.2,625,10,2.5,08:19:00,
2026-10-06T00:27:37.993Z,X3842932,9369,44.19180,7.91024,19810.4,-11.0,9.1,197.5,-59.3,1.7,-1.0,RS41-SG,403.700,11.2,625,10,2.5,08:19:00,
2026-10-06T00:27:38.993Z,X3842932,9370,44.19173,7.91020,19799.4,-11.0,8.7,212.5,-59.2,1.7,-1.0,RS41-SG,403.700,11.1,625,10,2.5,08:19:00,
2026-10-06T00:27:39.993Z,X3842932,9371,44.19167,7.91013,19788.3,-11.3,8.3,227.9,-59.2,1.7,-1.0,RS41-SG,403.700,11.6,625,10,2.5,08:19:00,
2026-10-06T00:27:40.993Z,X3842932,9372,44.19163,7.91005,19776.8,-11.6,7.8,243.5,-59.3,1.7,-1.0,RS41-SG,403.700,11.6,625,10,2.5,08:19:00,
2026-10-06T00:27:41.993Z,X3842932,9373,44.19161,7.90996,19765.2,-11.6,7.5,259.9,-59.3,1.8,-1.0,RS41-SG,403.700,11.1,625,10,2.4,08:19:00,
2026-10-06T00:27:42.993Z,X3842932,9374,44.19161,7.90987,19753.6,-11.7,7.2,277.0,-59.3,1.7,-1.0,RS41-SG,403.700,11.5,625,10,2.4,08:19:00,
2026-10-06T00:27:43.993Z,X3842932,9375,44.19162,7.90978,19741.7,-12.1,6.9,292.6,-59.2,1.7,-1.0,RS41-SG,403.700,11.5,625,10,2.5,08:19:00,
2026-10-06T00:27:44.993Z,X3842932,9376,44.19166,7.90971,19729.8,-11.9,6.9,310.2,-59.2,1.7,-1.0,RS41-SG,403.700,10.9,625,10,2.5,08:19:00,
2026-10-06T00:27:45.993Z,X3842932,9377,44.19170,7.90966,19718.1,-11.5,7.0,328.0,-59.1,1.7,-1.0,RS41-SG,403.700,10.9,625,10,2.5,08:19:00,
2026-10-06T00:27:46.993Z,X3842932,9378,44.19176,7.90962,19706.6,-11.4,7.0,346.8,-59.1,1.7,-1.0,RS41-SG,403.700,10.4,625,10,2.5,08:19:00,
2026-10-06T00:27:47.993Z,X3842932,9379,44.19182,7.90962,19695.2,-11.4,7.2,5.3,-59.1,1.7,-1.0,RS41-SG,403.700,10.4,625,10,2.5,08:19:00,
2026-10-06T00:27:48.993Z,X3842932,9380,44.19189,7.90964,19683.8,-11.3,7.7,21.8,-59.1,1.7,-1.0,RS41-SG,403.700,10.4,625,10,2.4,08:19:00,
2026-10-06T00:27:49.993Z,X3842932,9381,44.19195,7.90969,19672.5,-11.3,8.0,37.3,-59.1,1.7,-1.0,RS41-SG,403.700,10.4,625,10,2.5,08:19:00,
2026-10-06T00:27:50.993Z,X3842932,9382,44.19200,7.90976,19661.3,-11.1,8.4,53.0,-59.1,1.7,-1.0,RS41-SG,403.700,10.4,625,10,2.5,08:19:00,
2026-10-06T00:27:51.993Z,X3842932,9383,44.19203,7.90985,19650.1,-11.2,8.7,69.5,-59.1,1.7,-1.0,RS41-SG,403.700,10.4,625,10,2.5,08:19:00,
2026-10-06T00:27:52.993Z,X3842932,9384,44.19205,7.90996,19639.1,-10.9,8.9,84.8,-59.0,1.7,-1.0,RS41-SG,403.700,11.1,625,10,2.5,08:18:09,
2026-10-06T00:27:53.993Z,X3842932,9385,44.19205,7.91007,19628.0,-11.3,8.8,99.0,-59.0,1.7,-1.0,RS41-SG,403.700,11.1,625,10,2.4,08:18:09,
2026-10-06T00:27:54.993Z,X3842932,9386,44.19203,7.91017,19616.7,-11.4,8.6,112.4,-58.9,1.7,-1.0,RS41-SG,403.700,10.3,625,10,2.5,08:18:09,
2026-10-06T00:27:55.993Z,X3842932,9387,44.19199,7.91026,19605.2,-11.7,8.1,125.0,-58.9,1.7,-1.0,RS41-SG,403.700,10.3,625,10,2.5,08:18:09,
2026-10-06T00:27:56.993Z,X3842932,9388,44.19195,7.91033,19593.4,-11.8,7.5,138.1,-58.8,1.7,-1.0,RS41-SG,403.700,11.1,625,10,2.5,08:18:09,
2026-10-06T00:27:57.993Z,X3842932,9389,44.19189,7.91038,19581.7,-11.8,6.8,153.7,-58.8,1.7,-1.0,RS41-SG,403.700,11.4,625,10,2.5,08:18:09,
2026-10-06T00:27:58.993Z,X3842932,9390,44.19184,7.91041,19569.9,-11.8,6.2,169.9,-58.8,1.7,-1.0,RS41-SG,403.700,11.4,625,10,2.5,08:18:09,
2026-10-06T00:27:59.993Z,X3842932,9391,44.19179,7.91041,19558.1,-11.7,5.8,191.5,-58.8,1.7,-1.0,RS41-SG,403.700,11.8,625,10,2.5,08:18:09,
2026-10-06T00:28:00.993Z,X3842932,9392,44.19174,7.91038,19546.4,-11.7,5.6,214.3,-58.7,1.7,-1.0,RS41-SG,403.700,12.0,625,10,2.4,08:18:09,
2026-10-06T00:28:01.993Z,X3842932,9393,44.19170,7.91033,19534.8,-11.6,5.8,236.7,-58.7,1.7,-1.0,RS41-SG,403.700,12.0,625,10,2.5,08:18:09,
2026-10-06T00:28:02.993Z,X3842932,9394,44.19168,7.91026,19523.3,-11.5,6.3,258.3,-58.6,1.7,-1.0,RS41-SG,403.700,11.4,625,10,2.5,08:18:09,
2026-10-06T00:28:03.993Z,X3842932,9395,44.19168,7.91018,19511.9,-11.5,6.9,275.6,-58.6,1.7,-1.0,RS41-SG,403.700,10.8,625,10,2.5,08:18:09,
2026-10-06T00:28:04.993Z,X3842932,9396,44.19170,7.91010,19500.4,-11.4,7.5,292.0,-58.5,1.7,-1.0,RS41-SG,403.700,10.6,625,10,2.5,08:18:09,
2026-10-06T00:28:05.993Z,X3842932,9397,44.19173,7.91001,19489.1,-11.4,7.9,306.0,-58.5,1.7,-1.0,RS41-SG,403.700,10.8,625,10,2.5,08:18:09,
2026-10-06T00:28:06.993Z,X3842932,9398,44.19178,7.90994,19477.7,-11.5,8.1,319.3,-58.4,1.7,-1.0,RS41-SG,403.700,10.8,625,10,2.4,08:18:09,
2026-10-06T00:28:07.993Z,X3842932,9399,44.19184,7.90988,19466.2,-11.3,7.9,333.2,-58.4,1.7,-1.0,RS41-SG,403.700,11.6,625,10,2.5,08:18:09,
2026-10-06T00:28:08.993Z,X3842932,9400,44.19190,7.90985,19454.8,-11.4,7.6,349.4,-58.4,1.7,-1.0,RS41-SG,403.700,11.6,625,10,2.5,08:18:09,
2026-10-06T00:28:09.993Z,X3842932,9401,44.19197,7.90985,19443.3,-11.6,7.2,5.8,-58.4,1.7,-1.0,RS41-SG,403.700,11.2,625,11,2.5,08:18:09,
2026-10-06T00:28:10.993Z,X3842932,9402,44.19203,7.90987,19431.5,-12.0,6.8,22.6,-58.4,1.6,-1.0,RS41-SG,403.700,11.2,625,11,2.5,08:18:09,
2026-10-06T00:28:11.993Z,X3842932,9403,44.19208,7.90991,19419.4,-12.2,6.5,39.1,-58.4,1.7,-1.0,RS41-SG,403.700,11.0,625,11,2.4,08:18:09,
2026-10-06T00:28:12.993Z,X3842932,9404,44.19212,7.90997,19407.2,-12.1,6.4,55.5,-58.3,1.7,-1.0,RS41-SG,403.700,12.0,625,11,2.5,08:18:09,
2026-10-06T00:28:13.993Z,X3842932,9405,44.19214,7.91004,19395.2,-12.0,6.4,70.8,-58.2,1.7,-1.0,RS41-SG,403.700,12.0,625,11,2.5,08:18:09,
2026-10-06T00:28:14.993Z,X3842932,9406,44.19215,7.91012,19383.3,-11.7,6.5,88.5,-58.2,1.6,-1.0,RS41-SG,403.700,11.7,625,11,2.5,08:18:09,
2026-10-06T00:28:15.993Z,X3842932,9407,44.19215,7.91020,19371.7,-11.6,6.9,106.3,-58.1,1.6,-1.0,RS41-SG,403.700,11.8,625,11,2.5,08:18:09,
2026-10-06T00:28:16.993Z,X3842932,9408,44.19212,7.91028,19360.1,-11.6,7.4,122.2,-58.0,1.6,-1.0,RS41-SG,403.700,11.9,625,11,2.5,08:18:09,
2026-10-06T00:28:17.993Z,X3842932,9409,44.19208,7.91035,19348.5,-11.7,8.2,136.3,-58.0,1.6,-1.0,RS41-SG,403.700,11.9,625,11,2.5,08:18:09,
2026-10-06T00:28:18.993Z,X3842932,9410,44.19202,7.91042,19336.7,-12.0,8.8,147.9,-58.1,1.7,-1.0,RS41-SG,403.700,11.5,625,11,2.4,08:18:09,
2026-10-06T00:28:19.993Z,X3842932,9411,44.19194,7.91047,19324.8,-11.9,9.4,158.0,-58.1,1.6,-1.0,RS41-SG,403.700,11.6,625,11,2.5,08:18:09,
2026-10-06T00:28:20.993Z,X3842932,9412,44.19186,7.91051,19313.0,-11.7,9.8,166.9,-58.1,1.7,-1.0,RS41-SG,403.700,12.0,625,11,2.5,08:18:09,
2026-10-06T00:28:21.993Z,X3842932,9413,44.19177,7.91052,19301.2,-11.8,10.0,175.3,-58.1,1.7,-1.0,RS41-SG,403.700,12.0,625,11,2.5,08:18:09,
2026-10-06T00:28:22.993Z,X3842932,9414,44.19169,7.91053,19289.5,-11.7,10.0,183.2,-58.1,1.7,-1.0,RS41-SG,403.700,12.1,625,11,2.5,08:18:09,
2026-10-06T00:28:23.993Z,X3842932,9415,44.19160,7.91051,19278.0,-11.4,10.0,191.2,-58.0,1.7,-1.0,RS41-SG,403.700,12.1,625,11,2.4,08:18:09,
2026-10-06T00:28:24.993Z,X3842932,9416,44.19151,7.91048,19266.8,-11.2,10.0,200.6,-58.0,1.6,-1.0,RS41-SG,403.700,12.0,625,11,2.4,08:18:09,
2026-10-06T00:28:25.993Z,X3842932,9417,44.19143,7.91042,19255.6,-11.1,9.9,210.6,-58.0,1.6,-1.0,RS41-SG,403.700,12.0,625,11,2.5,08:18:09,
2026-10-06T00:28:26.993Z,X3842932,9418,44.19136,7.91035,19244.4,-11.2,9.5,222.5,-58.0,1.6,-1.0,RS41-SG,403.700,11.0,625,11,2.5,08:18:09,
2026-10-06T00:28:27.993Z,X3842932,9419,44.19131,7.91026,19233.2,-11.3,9.2,235.3,-58.0,1.6,-1.0,RS41-SG,403.700,11.6,625,11,2.5,08:18:09,
2026-10-06T00:28:28.993Z,X3842932,9420,44.19127,7.91016,19221.9,-11.3,8.7,249.7,-58.0,1.6,-1.0,RS41-SG,403.700,11.6,625,11,2.5,08:18:09,
2026-10-06T00:28:29.993Z,X3842932,9421,44.19125,7.91006,19210.7,-11.2,8.3,266.9,-58.0,1.6,-1.0,RS41-SG,403.700,10.5,625,11,2.5,08:18:09,
2026-10-06T00:28:30.993Z,X3842932,9422,44.19126,7.90996,19199.4,-11.5,7.8,284.3,-58.0,1.6,-1.0,RS41-SG,403.700,10.6,625,11,2.4,08:18:09,
2026-10-06T00:28:31.993Z,X3842932,9423,44.19129,7.90988,19187.9,-11.7,7.6,302.3,-58.0,1.7,-1.0,RS41-SG,403.700,10.6,625,11,2.5,08:18:09,
2026-10-06T00:28:32.993Z,X3842932,9424,44.19133,7.90980,19176.2,-11.8,7.6,317.5,-58.0,1.7,-1.0,RS41-SG,403.700,10.2,625,11,2.5,08:18:09,
2026-10-06T00:28:33.993Z,X3842932,9425,44.19138,7.90975,19164.4,-11.8,7.5,330.4,-58.0,1.6,-1.0,RS41-SG,403.700,10.0,625,11,2.5,08:18:09,
2026-10-06T00:28:34.993Z,X3842932,9426,44.19144,7.90971,19152.8,-11.5,7.2,343.4,-58.0,1.6,-1.0,RS41-SG,403.700,9.3,625,11,2.5,08:18:09,
2026-10-06T00:28:35.993Z,X3842932,9427,44.19150,7.90970,19141.5,-11.1,6.7,357.4,-58.0,1.6,-1.0,RS41-SG,403.700,9.3,625,11,2.4,08:18:09,
2026-10-06T00:28:36.993Z,X3842932,9428,44.19156,7.90971,19130.7,-10.6,6.0,15.5,-58.0,1.7,-1.0,RS41-SG,403.700,9.8,625,11,2.4,08:18:09,
2026-10-06T00:28:37.993Z,X3842932,9429,44.19161,7.90974,19120.0,-10.7,5.4,36.9,-58.0,1.7,-1.0,RS41-SG,403.700,9.8,625,11,2.5,08:18:09,
2026-10-06T00:28:38.993Z,X3842932,9430,44.19164,7.90978,19109.2,-11.1,5.1,60.8,-58.0,1.7,-1.0,RS41-SG,403.700,9.9,625,11,2.5,08:18:09,
2026-10-06T00:28:39.993Z,X3842932,9431,44.19165,7.90984,19098.0,-11.3,5.2,83.0,-58.1,1.7,-1.0,RS41-SG,403.700,9.9,625,11,2.5,08:18:09,
2026-10-06T00:28:40.993Z,X3842932,9432,44.19165,7.90991,19086.8,-11.4,5.6,102.0,-58.1,1.7,-1.0,RS41-SG,403.700,10.1,625,11,2.5,08:18:09,
2026-10-06T00:28:41.993Z,X3842932,9433,44.19163,7.90998,19075.4,-11.3,5.9,117.6,-58.1,1.7,-1.0,RS41-SG,403.700,10.1,625,11,2.4,08:18:09,
2026-10-06T00:28:42.993Z,X3842932,9434,44.19160,7.91004,19064.1,-11.3,6.3,133.2,-58.1,1.7,-1.0,RS41-SG,403.700,10.3,625,11,2.4,08:18:09,
2026-10-06T00:28:43.993Z,X3842932,9435,44.19156,7.91009,19053.1,-10.9,6.6,149.7,-58.1,1.6,-1.0,RS41-SG,403.700,10.3,625,11,2.5,08:17:18,
2026-10-06T00:28:44.993Z,X3842932,9436,44.19150,7.91012,19042.4,-10.6,7.0,167.0,-58.0,1.7,-1.0,RS41-SG,403.700,9.7,625,11,2.5,08:17:18,
2026-10-06T00:28:45.993Z,X3842932,9437,44.19144,7.91012,19031.7,-10.9,7.2,183.1,-58.0,1.7,-1.0,RS41-SG,403.700,9.8,625,11,2.5,08:17:18,
2026-10-06T00:28:46.993Z,X3842932,9438,44.19137,7.91011,19020.8,-11.0,7.5,198.7,-58.1,1.7,-1.0,RS41-SG,403.700,10.4,625,11,2.5,08:17:18,
2026-10-06T00:28:47.993Z,X3842932,9439,44.19131,7.91007,19009.7,-11.0,7.7,213.8,-58.1,1.7,-1.0,RS41-SG,403.700,10.9,625,11,2.4,08:17:18,
2026-10-06T00:28:48.993Z,X3842932,9440,44.19126,7.91000,18998.6,-11.2,8.0,228.2,-58.1,1.7,-1.0,RS41-SG,403.700,10.9,625,11,2.4,08:17:18,
2026-10-06T00:28:49.993Z,X3842932,9441,44.19122,7.90992,18987.4,-11.3,8.4,242.4,-58.2,1.7,-1.0,RS41-SG,403.700,10.5,625,11,2.5,08:17:18,
2026-10-06T00:28:50.993Z,X3842932,9442,44.19119,7.90982,18976.2,-11.2,8.7,255.9,-58.2,1.7,-1.0,RS41-SG,403.700,10.7,625,11,2.5,08:17:18,
2026-10-06T00:28:51.993Z,X3842932,9443,44.19118,7.90971,18965.0,-11.1,8.9,266.6,-58.2,1.7,-1.0,RS41-SG,403.700,10.7,625,11,2.5,08:17:18,
2026-10-06T00:28:52.993Z,X3842932,9444,44.19118,7.90960,18954.1,-10.7,8.9,278.7,-58.3,1.7,-1.0,RS41-SG,403.700,9.7,625,11,2.4,08:17:18,
2026-10-06T00:28:53.993Z,X3842932,9445,44.19120,7.90949,18943.5,-10.3,8.8,292.3,-58.3,1.7,-1.0,RS41-SG,403.700,9.7,625,11,2.4,08:17:18,
2026-10-06T00:28:54.993Z,X3842932,9446,44.19124,7.90940,18933.4,-10.0,8.5,307.8,-58.2,1.7,-1.0,RS41-SG,403.700,8.7,625,11,2.4,08:17:18,
2026-10-06T00:28:55.993Z,X3842932,9447,44.19130,7.90933,18923.2,-10.3,8.2,323.6,-58.2,1.7,-1.0,RS41-SG,403.700,9.2,625,11,2.5,08:17:18,
2026-10-06T00:28:56.993Z,X3842932,9448,44.19136,7.90928,18912.7,-10.8,7.8,338.8,-58.2,1.7,-1.0,RS41-SG,403.700,9.2,625,11,2.5,08:17:18,
2026-10-06T00:28:58.993Z,X3842932,9450,44.19149,7.90926,18890.7,-11.2,6.8,11.3,-58.2,1.7,-1.0,RS41-SG,403.700,8.8,625,11,2.5,08:17:18,
2026-10-06T00:28:59.993Z,X3842932,9451,44.19154,7.90929,18879.4,-11.2,6.4,28.6,-58.2,1.7,-1.0,RS41-SG,403.700,9.0,625,11,2.4,08:17:18,
2026-10-06T00:29:00.993Z,X3842932,9452,44.19158,7.90934,18868.1,-11.3,5.8,47.7,-58.4,1.7,-1.0,RS41-SG,403.700,9.0,625,11,2.4,08:17:18,
2026-10-06T00:29:01.993Z,X3842932,9453,44.19161,7.90940,18856.8,-11.3,5.7,72.1,-58.7,1.7,-1.0,RS41-SG,403.700,8.7,625,11,2.5,08:17:18,
2026-10-06T00:29:02.993Z,X3842932,9454,44.19162,7.90947,18845.4,-11.5,6.0,93.3,-58.9,1.8,-1.0,RS41-SG,403.700,7.7,625,11,2.5,08:17:18,
2026-10-06T00:29:03.993Z,X3842932,9455,44.19161,7.90954,18834.0,-11.3,6.4,109.0,-59.1,1.8,-1.0,RS41-SG,403.700,7.7,625,11,2.5,08:17:18,
2026-10-06T00:29:04.993Z,X3842932,9456,44.19158,7.90962,18822.8,-11.0,7.0,122.8,-59.2,1.9,-1.0,RS41-SG,403.700,8.3,625,11,2.4,08:17:18,
2026-10-06T00:29:05.993Z,X3842932,9457,44.19154,7.90969,18811.9,-10.8,7.5,136.5,-59.3,1.8,-1.0,RS41-SG,403.700,8.4,625,11,2.4,08:17:18,
2026-10-06T00:29:06.993Z,X3842932,9458,44.19148,7.90974,18801.4,-10.2,8.2,151.4,-59.4,1.9,-1.0,RS41-SG,403.700,8.4,625,11,2.4,08:17:18,
2026-10-06T00:29:07.993Z,X3842932,9459,44.19141,7.90978,18791.4,-10.0,8.8,165.8,-59.4,1.9,-1.0,RS41-SG,403.700,8.4,625,11,2.5,08:17:18,
2026-10-06T00:29:08.993Z,X3842932,9460,44.19133,7.90980,18781.2,-10.2,9.3,179.3,-59.4,1.8,-1.0,RS41-SG,403.700,8.9,625,11,2.5,08:17:18,
2026-10-06T00:29:09.993Z,X3842932,9461,44.19124,7.90979,18770.8,-10.7,9.8,191.2,-59.4,1.9,-1.0,RS41-SG,403.700,10.4,625,11,2.5,08:17:18,
2026-10-06T00:29:10.993Z,X3842932,9462,44.19116,7.90975,18760.0,-11.0,9.9,201.6,-59.4,1.8,-1.0,RS41-SG,403.700,10.4,625,11,2.4,08:17:18,
2026-10-06T00:29:11.993Z,X3842932,9463,44.19108,7.90969,18749.0,-11.0,10.0,212.6,-59.3,1.8,-1.0,RS41-SG,403.700,10.0,625,11,2.4,08:17:18,
2026-10-06T00:29:12.993Z,X3842932,9464,44.19101,7.90962,18738.0,-11.0,9.9,222.6,-59.3,1.8,-1.0,RS41-SG,403.700,10.1,625,11,2.4,08:17:18,
2026-10-06T00:29:13.993Z,X3842932,9465,44.19095,7.90953,18727.0,-11.1,9.7,232.3,-59.5,1.9,-1.0,RS41-SG,403.700,10.3,625,11,2.5,08:17:18,
2026-10-06T00:29:14.993Z,X3842932,9466,44.19090,7.90943,18715.8,-11.2,9.6,241.7,-59.6,1.9,-1.0,RS41-SG,403.700,10.5,625,11,2.5,08:17:18,
2026-10-06T00:29:15.993Z,X3842932,9467,44.19087,7.90932,18704.8,-11.0,9.5,251.4,-59.8,1.9,-1.0,RS41-SG,403.700,10.5,625,11,2.5,08:17:18,
2026-10-06T00:29:16.993Z,X3842932,9468,44.19085,7.90920,18694.0,-10.5,9.4,261.9,-59.7,1.9,-1.0,RS41-SG,403.700,10.3,625,11,2.4,08:17:18,
2026-10-06T00:29:17.993Z,X3842932,9469,44.19084,7.90909,18683.7,-10.3,9.1,272.4,-59.8,1.9,-1.0,RS41-SG,403.700,10.3,625,11,2.4,08:17:18,
2026-10-06T00:29:18.993Z,X3842932,9470,44.19085,7.90898,18673.3,-10.4,8.7,281.9,-59.8,1.9,-1.0,RS41-SG,403.700,9.8,625,11,2.4,08:17:18,
2026-10-06T00:29:19.993Z,X3842932,9471,44.19088,7.90888,18663.1,-10.1,8.2,292.9,-59.9,1.9,-1.0,RS41-SG,403.700,9.6,625,11,2.5,08:17:18,
2026-10-06T00:29:20.993Z,X3842932,9472,44.19091,7.90879,18653.0,-9.9,7.8,304.9,-59.9,1.9,-1.0,RS41-SG,403.700,9.6,625,11,2.5,08:17:18,
2026-10-06T00:29:21.993Z,X3842932,9473,44.19095,7.90872,18643.3,-9.7,7.1,317.7,-60.0,1.9,-1.0,RS41-SG,403.700,9.3,625,11,2.4,08:17:18,
2026-10-06T00:29:22.993Z,X3842932,9474,44.19100,7.90867,18633.5,-9.9,6.3,330.2,-60.0,1.9,-1.0,RS41-SG,403.700,9.2,625,11,2.4,08:17:18,
2026-10-06T00:29:23.993Z,X3842932,9475,44.19105,7.90864,18623.7,-9.8,5.1,342.7,-60.2,1.9,-1.0,RS41-SG,403.700,9.1,625,11,2.4,08:17:18,
2026-10-06T00:29:24.993Z,X3842932,9476,44.19109,7.90863,18613.7,-10.1,3.7,356.2,-60.3,2.0,-1.0,RS41-SG,403.700,8.9,625,11,2.4,08:17:18,
2026-10-06T00:29:25.993Z,X3842932,9477,44.19111,7.90864,18603.4,-10.3,2.3,18.4,-60.3,1.9,-1.0,RS41-SG,403.700,9.1,625,11,2.5,08:17:18,
2026-10-06T00:29:26.993Z,X3842932,9478,44.19112,7.90865,18592.9,-10.7,1.3,74.4,-60.3,1.9,-1.0,RS41-SG,403.700,9.1,625,11,2.5,08:17:18,
2026-10-06T00:29:27.993Z,X3842932,9479,44.19112,7.90866,18582.2,-10.8,2.0,136.8,-60.3,1.9,-1.0,RS41-SG,403.700,9.6,625,11,2.5,08:17:18,
2026-10-06T00:29:28.993Z,X3842932,9480,44.19110,7.90868,18571.5,-10.7,3.5,160.3,-60.2,1.9,-1.0,RS41-SG,403.700,9.6,625,11,2.4,08:17:18,
2026-10-06T00:29:29.993Z,X3842932,9481,44.19106,7.90869,18561.0,-10.4,5.2,175.4,-60.1,1.9,-1.0,RS41-SG,403.700,9.9,625,11,2.4,08:17:18,
2026-10-06T00:29:30.993Z,X3842932,9482,44.19101,7.90869,18550.6,-10.3,6.8,187.1,-60.1,1.9,-1.0,RS41-SG,403.700,9.9,625,11,2.4,08:17:18,
2026-10-06T00:29:31.993Z,X3842932,9483,44.19094,7.90867,18540.3,-10.4,8.4,195.9,-60.3,1.9,-1.0,RS41-SG,403.700,9.5,625,11,2.5,08:17:18,
2026-10-06T00:29:32.993Z,X3842932,9484,44.19086,7.90863,18530.1,-10.1,9.9,203.4,-60.5,1.9,-1.0,RS41-SG,403.700,9.5,625,11,2.5,08:17:18,
2026-10-06T00:29:33.993Z,X3842932,9485,44.19078,7.90857,18520.1,-9.8,11.3,211.6,-60.7,2.0,-1.0,RS41-SG,403.700,10.0,625,11,2.4,08:17:18,
2026-10-06T00:29:34.993Z,X3842932,9486,44.19069,7.90848,18510.7,-9.2,12.4,222.3,-60.8,2.0,-1.0,RS41-SG,403.700,10.0,625,11,2.4,08:16:27,
2026-10-06T00:29:35.993Z,X3842932,9487,44.19062,7.90836,18501.3,-9.5,12.9,231.7,-60.9,2.0,-1.0,RS41-SG,403.700,9.5,625,11,2.4,08:16:27,
2026-10-06T00:29:36.993Z,X3842932,9488,44.19055,7.90823,18491.6,-9.9,13.2,240.7,-60.9,2.0,-1.0,RS41-SG,403.700,9.8,625,11,2.4,08:16:27,
2026-10-06T00:29:37.993Z,X3842932,9489,44.19050,7.90808,18481.5,-10.4,13.1,249.2,-60.9,2.0,-1.0,RS41-SG,403.700,9.8,625,11,2.5,08:16:27,
2026-10-06T00:29:38.993Z,X3842932,9490,44.19047,7.90793,18471.1,-10.5,12.6,257.2,-60.9,2.0,-1.0,RS41-SG,403.700,9.1,625,11,2.5,08:16:27,
2026-10-06T00:29:39.993Z,X3842932,9491,44.19045,7.90778,18460.5,-10.7,11.9,264.7,-60.9,2.0,-1.0,RS41-SG,403.700,9.4,625,11,2.4,08:16:27,
2026-10-06T00:29:40.993Z,X3842932,9492,44.19045,7.90763,18449.9,-10.6,10.9,272.4,-60.9,2.0,-1.0,RS41-SG,403.700,9.4,625,11,2.4,08:16:27,
2026-10-06T00:29:41.993Z,X3842932,9493,44.19046,7.90751,18439.5,-10.2,9.6,280.8,-60.9,2.0,-1.0,RS41-SG,403.700,9.1,625,11,2.4,08:16:27,
2026-10-06T00:29:43.993Z,X3842932,9495,44.19050,7.90732,18419.7,-9.8,6.4,300.7,-61.2,2.0,-1.0,RS41-SG,403.700,7.6,625,11,2.5,08:16:27,
2026-10-06T00:29:44.993Z,X3842932,9496,44.19053,7.90726,18409.9,-9.9,4.8,311.7,-61.4,2.1,-1.0,RS41-SG,403.700,7.5,625,11,2.5,08:16:27,
2026-10-06T00:29:45.993Z,X3842932,9497,44.19056,7.90723,18400.1,-9.9,3.1,327.2,-61.5,2.1,-1.0,RS41-SG,403.700,7.8,625,11,2.4,08:16:27,
2026-10-06T00:29:46.993Z,X3842932,9498,44.19058,7.90722,18390.1,-10.0,1.6,349.5,-61.5,2.1,-1.0,RS41-SG,403.700,7.8,625,11,2.4,08:16:27,
2026-10-06T00:29:47.993Z,X3842932,9499,44.19059,7.90722,18380.2,-10.0,0.8,76.6,-61.6,2.1,-1.0,RS41-SG,403.700,7.2,625,11,2.4,08:16:27,
2026-10-06T00:29:48.993Z,X3842932,9500,44.19058,7.90723,18370.3,-9.9,2.2,133.2,-61.7,2.1,-1.0,RS41-SG,403.700,7.2,625,11,2.4,08:16:27,
2026-10-06T00:29:49.993Z,X3842932,9501,44.19056,7.90726,18360.3,-10.1,3.8,150.8,-61.9,2.1,-1.0,RS41-SG,403.700,7.4,625,11,2.5,08:16:27,
2026-10-06T00:29:50.993Z,X3842932,9502,44.19052,7.90728,18350.3,-10.0,5.4,160.8,-61.9,2.1,-1.0,RS41-SG,403.700,8.0,625,11,2.5,08:16:27,
2026-10-06T00:29:51.993Z,X3842932,9503,44.19047,7.90730,18340.3,-10.0,7.0,170.0,-61.8,2.1,-1.0,RS41-SG,403.700,8.1,625,11,2.4,08:16:27,
2026-10-06T00:29:52.993Z,X3842932,9504,44.19040,7.90730,18330.4,-9.9,8.6,179.0,-61.8,2.1,-1.0,RS41-SG,403.700,8.1,625,11,2.4,08:16:27,
2026-10-06T00:29:53.993Z,X3842932,9505,44.19031,7.90730,18320.5,-9.9,10.1,187.8,-61.7,2.1,-1.0,RS41-SG,403.700,7.9,625,11,2.4,08:16:27,
2026-10-06T00:29:54.993Z,X3842932,9506,44.19022,7.90727,18310.8,-9.8,11.3,196.6,-61.7,2.1,-1.0,RS41-SG,403.700,7.7,625,11,2.4,08:16:27,
2026-10-06T00:29:57.993Z,X3842932,9509,44.18993,7.90705,18281.3,-9.9,13.4,219.2,-61.7,2.1,-1.0,RS41-SG,403.700,7.4,625,11,2.5,08:16:27,
2026-10-06T00:29:59.993Z,X3842932,9511,44.18976,7.90680,18262.0,-9.7,13.4,234.8,-61.6,2.1,-1.0,RS41-SG,403.700,8.2,625,11,2.4,08:16:27,
2026-10-06T00:30:00.993Z,X3842932,9512,44.18970,7.90666,18252.2,-10.0,13.0,242.4,-61.6,2.1,-1.0,RS41-SG,403.700,8.0,625,11,2.4,08:16:27,
2026-10-06T00:30:01.993Z,X3842932,9513,44.18965,7.90652,18242.4,-9.8,12.4,250.2,-61.5,2.1,-1.0,RS41-SG,403.700,7.8,625,11,2.5,08:16:27,
2026-10-06T00:30:04.993Z,X3842932,9516,44.18961,7.90613,18213.9,-9.7,8.8,274.5,-61.5,2.1,-1.0,RS41-SG,403.700,7.0,625,11,2.4,08:16:27,
2026-10-06T00:30:17.993Z,X3842932,9529,44.18927,7.90576,18087.3,-9.3,10.8,194.2,-61.7,2.1,-1.0,RS41-SG,403.700,7.6,625,11,2.4,08:16:27,
2026-10-06T00:30:18.993Z,X3842932,9530,44.18917,7.90572,18078.0,-9.3,12.1,201.1,-61.7,2.1,-1.0,RS41-SG,403.700,7.6,625,11,2.4,08:16:27,
2026-10-06T00:30:21.993Z,X3842932,9533,44.18887,7.90546,18049.3,-9.9,14.4,221.7,-62.0,2.2,-1.0,RS41-SG,403.700,7.2,625,11,2.4,08:16:27,
2026-10-06T00:30:22.993Z,X3842932,9534,44.18878,7.90533,18039.3,-10.0,14.8,226.9,-62.1,2.2,-1.0,RS41-SG,403.700,8.0,625,11,2.4,08:16:27,
2026-10-06T00:30:23.993Z,X3842932,9535,44.18869,7.90519,18029.2,-10.2,15.0,231.4,-62.1,2.2,-1.0,RS41-SG,403.700,8.0,625,11,2.4,08:16:27,
2026-10-06T00:30:25.993Z,X3842932,9537,44.18854,7.90488,18009.4,-9.8,14.5,240.0,-62.4,2.3,-1.0,RS41-SG,403.700,8.4,625,11,2.5,08:15:36,
2026-10-06T00:30:26.993Z,X3842932,9538,44.18848,7.90473,17999.7,-9.7,13.9,244.7,-62.5,2.3,-1.0,RS41-SG,403.700,8.4,625,11,2.5,08:15:36,
2026-10-06T00:30:28.993Z,X3842932,9540,44.18840,7.90442,17980.3,-9.8,12.5,253.2,-62.7,2.4,-1.0,RS41-SG,403.700,7.6,625,11,2.4,08:15:36,
2026-10-06T00:30:29.993Z,X3842932,9541,44.18837,7.90427,17970.6,-9.7,11.9,258.1,-62.7,2.4,-1.0,RS41-SG,403.700,7.6,625,11,2.4,08:15:36,
2026-10-06T00:30:42.993Z,X3842932,9554,44.18820,7.90364,17846.1,-9.6,8.9,191.1,-63.2,2.5,-1.0,RS41-SG,403.700,7.4,625,11,2.4,08:15:36,
2026-10-06T00:32:02.993Z,X3842932,9634,44.18558,7.90237,17085.0,-9.2,5.3,178.4,-62.1,2.8,-1.0,RS41-SG,403.700,7.0,625,11,2.4,08:15:36,
2026-10-06T00:32:10.993Z,X3842932,9642,44.18544,7.90192,17011.5,-9.7,6.8,290.1,-61.6,2.7,-1.0,RS41-SG,403.700,7.2,625,11,2.5,08:15:36,
2026-10-06T00:32:11.993Z,X3842932,9643,44.18546,7.90184,17002.0,-9.5,6.8,297.8,-61.5,2.7,-1.0,RS41-SG,403.700,7.3,625,11,2.5,08:15:36,
2026-10-06T00:32:28.993Z,X3842932,9660,44.18579,7.90197,16851.2,-9.0,4.9,199.3,-60.9,2.8,-1.0,RS41-SG,403.700,7.8,625,11,2.4,08:15:36,
2026-10-06T00:32:29.993Z,X3842932,9661,44.18575,7.90194,16842.3,-8.9,5.6,212.0,-60.9,2.8,-1.0,RS41-SG,403.700,8.1,625,11,2.5,08:15:36,
2026-10-06T00:33:20.993Z,X3842932,9712,44.18507,7.89883,16402.2,-8.4,5.0,201.3,-62.9,3.3,-1.0,RS41-SG,403.700,7.0,625,11,2.5,08:15:36,
2026-10-06T00:33:21.993Z,X3842932,9713,44.18502,7.89880,16393.8,-8.4,6.8,210.2,-62.9,3.3,-1.0,RS41-SG,403.700,7.0,625,11,2.5,08:15:36,
2026-10-06T00:34:03.993Z,X3842932,9755,44.18404,7.89560,16042.3,-7.8,5.2,153.8,-62.8,3.8,-1.0,RS41-SG,403.700,6.8,625,11,2.4,08:15:36,
2026-10-06T00:34:21.993Z,X3842932,9773,44.18304,7.89509,15896.7,-7.6,3.0,99.7,-62.6,3.9,-1.0,RS41-SG,403.700,7.8,625,12,2.4,08:15:36,
2026-10-06T00:34:22.993Z,X3842932,9774,44.18303,7.89514,15888.9,-8.0,4.8,116.6,-62.6,3.9,-1.0,RS41-SG,403.700,8.2,625,12,2.4,08:15:36,
2026-10-06T00:34:24.993Z,X3842932,9776,44.18296,7.89526,15873.2,-7.9,7.7,136.8,-62.5,3.9,-1.0,RS41,403.700,8.4,625,12,2.5,08:15:36,
2026-10-06T00:34:26.993Z,X3842932,9778,44.18283,7.89538,15857.2,-8.0,8.9,155.6,-62.4,3.8,-1.0,RS41,403.700,9.1,625,12,2.4,08:15:36,
2026-10-06T00:34:27.993Z,X3842932,9779,44.18275,7.89541,15849.0,-8.4,9.0,166.2,-62.4,3.8,-1.0,RS41,403.700,9.1,625,12,2.4,08:15:36,
2026-10-06T00:34:29.993Z,X3842932,9781,44.18259,7.89542,15832.2,-8.1,9.0,188.9,-62.5,3.8,-1.0,RS41,403.700,7.3,625,12,2.4,08:15:36,
2026-10-06T00:34:30.993Z,X3842932,9782,44.18252,7.89539,15824.1,-8.0,8.9,200.8,-62.4,3.9,-1.0,RS41,403.700,7.8,625,12,2.4,08:15:36,
2026-10-06T00:34:31.993Z,X3842932,9783,44.18245,7.89535,15816.0,-8.1,8.4,214.5,-62.4,3.8,-1.0,RS41,403.700,7.8,625,12,2.5,08:15:36,
2026-10-06T00:34:32.993Z,X3842932,9784,44.18239,7.89528,15807.9,-8.0,8.0,229.4,-62.3,3.8,-1.0,RS41,403.700,7.9,625,12,2.5,08:15:36,
2026-10-06T00:34:33.993Z,X3842932,9785,44.18236,7.89520,15799.9,-7.9,7.4,244.1,-62.3,3.8,-1.0,RS41,403.700,8.4,625,12,2.4,08:15:36,
2026-10-06T00:34:35.993Z,X3842932,9787,44.18233,7.89504,15784.3,-7.9,5.9,277.9,-62.2,3.8,-1.0,RS41,403.700,7.9,625,12,2.4,08:15:36,
2026-10-06T00:34:36.993Z,X3842932,9788,44.18235,7.89497,15776.2,-8.3,5.1,294.5,-62.1,3.8,-1.0,RS41,403.700,7.9,625,12,2.4,08:15:36,
2026-10-06T00:34:37.993Z,X3842932,9789,44.18237,7.89492,15768.0,-8.1,4.4,313.1,-62.1,3.8,-1.0,RS41,403.700,8.2,625,12,2.5,08:15:36,
2026-10-06T00:34:38.993Z,X3842932,9790,44.18240,7.89489,15759.8,-8.2,3.7,333.8,-62.0,3.8,-1.0,RS41,403.700,8.2,625,12,2.5,08:15:36,
2026-10-06T00:34:39.993Z,X3842932,9791,44.18243,7.89488,15751.7,-8.2,2.9,359.7,-62.1,3.8,-1.0,RS41,403.700,7.5,625,12,2.4,08:15:36,
2026-10-06T00:34:40.993Z,X3842932,9792,44.18245,7.89489,15743.7,-7.9,2.4,42.6,-62.1,3.8,-1.0,RS41,403.700,7.6,625,12,2.4,08:11:21,
2026-10-06T00:34:41.993Z,X3842932,9793,44.18246,7.89492,15735.9,-7.7,3.0,88.9,-62.1,3.9,-1.0,RS41,403.700,7.6,625,12,2.4,08:11:21,
2026-10-06T00:34:42.993Z,X3842932,9794,44.18245,7.89496,15728.0,-8.0,4.1,118.3,-62.0,3.8,-1.0,RS41,403.700,8.0,625,12,2.4,08:11:21,
2026-10-06T00:34:43.993Z,X3842932,9795,44.18242,7.89501,15719.9,-8.2,5.4,139.0,-62.0,3.9,-1.0,RS41,403.700,8.1,625,12,2.4,08:11:21,
2026-10-06T00:34:44.993Z,X3842932,9796,44.18237,7.89505,15711.9,-8.0,6.8,155.4,-61.9,3.8,-1.0,RS41,403.700,8.2,625,12,2.5,08:11:21,
2026-10-06T00:34:45.993Z,X3842932,9797,44.18231,7.89508,15703.9,-8.0,7.9,169.4,-61.9,3.9,-1.0,RS41,403.700,8.5,625,12,2.5,08:11:21,
2026-10-06T00:34:46.993Z,X3842932,9798,44.18224,7.89508,15696.0,-7.9,8.8,182.3,-61.9,3.9,-1.0,RS41,403.700,9.3,625,12,2.4,08:11:21,
2026-10-06T00:34:47.993Z,X3842932,9799,44.18216,7.89507,15688.1,-7.9,9.3,193.9,-61.9,3.8,-1.0,RS41,403.700,9.3,625,12,2.4,08:11:21,
2026-10-06T00:34:48.993Z,X3842932,9800,44.18208,7.89503,15680.1,-8.1,9.4,205.1,-61.9,3.9,-1.0,RS41,403.700,9.3,625,12,2.4,08:11:21,
2026-10-06T00:34:50.993Z,X3842932,9802,44.18195,7.89490,15664.2,-7.9,8.8,226.2,-61.8,3.8,-1.0,RS41,403.700,9.1,625,12,2.5,08:11:21,
2026-10-06T00:34:51.993Z,X3842932,9803,44.18190,7.89481,15656.1,-8.4,8.3,235.3,-61.8,3.9,-1.0,RS41,403.700,9.2,625,12,2.5,08:11:21,
2026-10-06T00:34:52.993Z,X3842932,9804,44.18186,7.89473,15647.7,-8.6,7.5,243.2,-61.8,3.8,-1.0,RS41,403.700,9.5,625,12,2.4,08:11:21,
2026-10-06T00:34:53.993Z,X3842932,9805,44.18184,7.89465,15639.1,-8.5,6.6,252.3,-61.8,3.8,-1.0,RS41,403.700,9.5,625,12,2.4,08:11:21,
2026-10-06T00:34:54.993Z,X3842932,9806,44.18182,7.89457,15630.8,-8.0,5.7,263.8,-61.8,3.8,-1.0,RS41,403.700,9.1,625,12,2.4,08:11:21,
2026-10-06T00:34:55.993Z,X3842932,9807,44.18182,7.89451,15622.9,-7.9,4.4,279.2,-61.8,3.8,-1.0,RS41,403.700,8.1,625,12,2.4,08:11:21,
2026-10-06T00:34:56.993Z,X3842932,9808,44.18183,7.89447,15615.1,-7.9,3.1,300.9,-61.7,3.8,-1.0,RS41,403.700,8.0,625,12,2.4,08:11:21,
2026-10-06T00:34:59.993Z,X3842932,9811,44.18188,7.89447,15591.6,-7.7,3.2,67.2,-61.5,3.8,-1.0,RS41,403.700,7.5,625,12,2.4,08:11:21,
2026-10-06T00:35:00.993Z,X3842932,9812,44.18189,7.89452,15584.0,-7.6,4.5,92.8,-61.4,3.8,-1.0,RS41,403.700,8.2,625,12,2.4,08:11:21,
2026-10-06T00:35:01.993Z,X3842932,9813,44.18188,7.89458,15576.4,-7.8,5.7,110.9,-61.3,3.8,-1.0,RS41,403.700,9.2,625,12,2.4,08:11:21,
2026-10-06T00:35:02.993Z,X3842932,9814,44.18185,7.89465,15568.5,-8.0,6.8,124.9,-61.3,3.7,-1.0,RS41,403.700,9.3,625,12,2.4,08:11:21,
2026-10-06T00:35:03.993Z,X3842932,9815,44.18181,7.89471,15560.4,-8.3,7.6,137.3,-61.3,3.7,-1.0,RS41,403.700,9.3,625,12,2.5,08:11:21,
2026-10-06T00:35:04.993Z,X3842932,9816,44.18175,7.89477,15552.2,-8.2,8.2,149.4,-61.3,3.7,-1.0,RS41,403.700,8.9,625,12,2.5,08:11:21,
2026-10-06T00:35:05.993Z,X3842932,9817,44.18168,7.89481,15544.1,-8.0,8.7,161.0,-61.3,3.8,-1.0,RS41,403.700,8.9,625,12,2.4,08:11:21,
2026-10-06T00:35:06.993Z,X3842932,9818,44.18160,7.89484,15536.0,-8.1,9.0,172.3,-61.2,3.8,-1.0,RS41,403.700,7.9,625,12,2.4,08:11:21,
2026-10-06T00:35:07.993Z,X3842932,9819,44.18152,7.89484,15528.0,-8.0,9.1,183.4,-61.2,3.8,-1.0,RS41,403.700,7.9,625,12,2.4,08:11:21,
2026-10-06T00:35:08.993Z,X3842932,9820,44.18144,7.89483,15520.0,-8.0,9.2,194.1,-61.1,3.7,-1.0,RS41,403.700,8.7,625,12,2.4,08:11:21,
2026-10-06T00:35:09.993Z,X3842932,9821,44.18137,7.89479,15512.1,-7.8,8.9,205.5,-61.0,3.7,-1.0,RS41,403.700,8.7,625,12,2.4,08:11:21,
2026-10-06T00:35:10.993Z,X3842932,9822,44.18130,7.89473,15504.5,-7.4,8.5,217.9,-61.0,3.7,-1.0,RS41,403.700,8.5,625,12,2.5,08:11:21,
2026-10-06T00:35:13.993Z,X3842932,9825,44.18120,7.89451,15482.1,-7.5,5.6,262.9,-60.8,3.7,-1.0,RS41,403.700,7.1,625,12,2.4,08:11:21,
2026-10-06T00:35:14.993Z,X3842932,9826,44.18120,7.89445,15474.6,-7.7,4.5,279.8,-60.8,3.6,-1.0,RS41,403.700,7.4,625,12,2.4,08:11:21,
2026-10-06T00:35:15.993Z,X3842932,9827,44.18121,7.89440,15466.7,-8.0,3.3,299.2,-60.7,3.6,-1.0,RS41-SG,403.700,7.4,625,12,2.4,08:11:21,
2026-10-06T00:35:16.993Z,X3842932,9828,44.18123,7.89438,15458.7,-8.1,2.3,330.3,-60.7,3.6,-1.0,RS41-SG,403.700,7.4,625,12,2.5,08:11:21,
2026-10-06T00:35:18.993Z,X3842932,9830,44.18125,7.89439,15442.6,-7.8,2.4,76.2,-60.6,3.6,-1.0,RS41-SG,403.700,7.4,625,12,2.4,08:11:21,
2026-10-06T00:35:19.993Z,X3842932,9831,44.18125,7.89443,15434.9,-7.5,3.9,104.3,-60.6,3.6,-1.0,RS41-SG,403.700,7.4,625,12,2.4,08:11:21,
2026-10-06T00:35:22.993Z,X3842932,9834,44.18115,7.89460,15412.1,-7.8,7.9,147.5,-60.4,3.5,-1.0,RS41-SG,403.700,6.8,625,12,2.4,08:11:21,
2026-10-06T00:35:26.993Z,X3842932,9838,44.18082,7.89469,15379.9,-8.2,10.3,186.2,-60.5,3.6,-1.0,RS41-SG,403.700,6.4,625,12,2.4,08:11:21,
2026-10-06T00:35:51.993Z,X3842932,9863,44.17932,7.89389,15181.6,-7.8,11.5,233.0,-60.6,3.6,-1.0,RS41-SG,403.700,7.1,625,12,2.4,08:11:21,
2026-10-06T00:36:31.993Z,X3842932,9903,44.17682,7.89174,14867.3,-8.1,11.2,223.4,-61.5,3.8,-1.0,RS41-SG,403.700,7.7,625,12,2.4,08:11:21,
2026-10-06T00:36:32.993Z,X3842932,9904,44.17676,7.89164,14859.3,-8.1,10.6,229.0,-61.5,3.8,-1.0,RS41-SG,403.700,7.7,625,12,2.4,08:11:21,
2026-10-06T00:36:33.993Z,X3842932,9905,44.17670,7.89154,14851.4,-7.7,9.7,235.2,-61.6,3.8,-1.0,RS41-SG,403.700,7.5,625,12,2.4,08:11:21,
2026-10-06T00:37:18.993Z,X3842932,9950,44.17509,7.89077,14512.5,-7.9,1.2,22.8,-59.0,3.7,-1.0,RS41-SG,403.700,7.3,625,12,2.4,08:11:21,
2026-10-06T00:37:20.993Z,X3842932,9952,44.17509,7.89081,14496.6,-8.0,2.5,102.9,-58.8,3.7,-1.0,RS41-SG,403.700,6.7,625,12,2.5,08:11:21,
2026-10-06T00:37:24.993Z,X3842932,9956,44.17501,7.89095,14464.5,-7.9,4.7,143.3,-58.6,3.6,-1.0,RS41-SG,403.700,6.6,625,12,2.4,08:11:21,
2026-10-06T00:37:32.993Z,X3842932,9964,44.17458,7.89106,14402.8,-7.7,7.7,188.8,-58.1,3.5,-1.0,RS41-SG,403.700,7.2,625,12,2.4,08:11:21,
2026-10-06T00:37:38.993Z,X3842932,9970,44.17421,7.89071,14358.3,-7.2,8.8,244.7,-57.9,3.6,-1.0,RS41-SG,403.700,7.1,625,12,2.4,08:11:21,
2026-10-06T00:37:47.993Z,X3842932,9979,44.17417,7.89037,14289.1,-7.5,3.9,158.0,-58.2,3.7,-1.0,RS41-SG,403.700,7.7,625,12,2.5,08:11:21,
2026-10-06T00:37:49.993Z,X3842932,9981,44.17407,7.89039,14274.0,-7.8,7.2,179.5,-58.5,3.8,-1.0,RS41-SG,403.700,8.5,625,12,2.4,08:11:21,
2026-10-06T00:37:50.993Z,X3842932,9982,44.17400,7.89038,14266.2,-8.0,8.7,188.8,-58.6,3.8,-1.0,RS41-SG,403.700,8.5,625,12,2.4,08:11:21,
2026-10-06T00:37:51.993Z,X3842932,9983,44.17392,7.89035,14258.1,-8.1,10.0,198.0,-58.7,3.8,-1.0,RS41-SG,403.700,7.8,625,12,2.4,08:11:21,
2026-10-06T00:37:52.993Z,X3842932,9984,44.17383,7.89030,14250.2,-7.8,11.0,206.7,-58.8,3.7,-1.0,RS41-SG,403.700,7.9,625,12,2.4,08:11:21,
2026-10-06T00:37:53.993Z,X3842932,9985,44.17375,7.89023,14242.6,-7.3,11.4,217.2,-58.8,3.7,-1.0,RS41-SG,403.700,8.3,625,12,2.5,08:11:21,
2026-10-06T00:37:54.993Z,X3842932,9986,44.17367,7.89013,14235.5,-6.9,11.2,227.6,-58.7,3.7,-1.0,RS41-SG,403.700,8.3,625,12,2.5,08:11:21,
2026-10-06T00:37:55.993Z,X3842932,9987,44.17361,7.89003,14228.5,-7.0,10.7,238.5,-58.7,3.7,-1.0,RS41-SG,403.700,8.3,625,12,2.4,08:11:21,
2026-10-06T00:37:56.993Z,X3842932,9988,44.17357,7.88991,14221.3,-7.5,9.8,247.7,-58.6,3.7,-1.0,RS41-SG,403.700,7.9,625,12,2.4,08:11:21,
2026-10-06T00:37:57.993Z,X3842932,9989,44.17355,7.88980,14213.7,-7.8,9.1,256.7,-58.5,3.6,-1.0,RS41-SG,403.700,8.5,625,12,2.4,08:11:21,
2026-10-06T00:37:58.993Z,X3842932,9990,44.17353,7.88969,14205.7,-8.2,8.3,262.2,-58.4,3.6,-1.0,RS41-SG,403.700,8.5,625,12,2.4,08:11:21,
2026-10-06T00:37:59.993Z,X3842932,9991,44.17352,7.88959,14197.6,-8.3,7.6,264.9,-58.4,3.5,-1.0,RS41-SG,403.700,8.2,625,12,2.4,08:11:21,
2026-10-06T00:38:00.993Z,X3842932,9992,44.17352,7.88951,14189.4,-8.0,6.7,266.4,-58.3,3.5,-1.0,RS41-SG,403.700,8.2,625,12,2.5,08:11:21,
2026-10-06T00:38:01.993Z,X3842932,9993,44.17351,7.88943,14181.2,-8.3,5.9,263.6,-58.3,3.5,-1.0,RS41-SG,403.700,8.2,625,12,2.5,08:11:21,
2026-10-06T00:38:02.993Z,X3842932,9994,44.17351,7.88936,14172.9,-8.3,4.9,257.9,-58.4,3.5,-1.0,RS41-SG,403.700,7.7,625,12,2.4,08:11:21,
2026-10-06T00:38:04.993Z,X3842932,9996,44.17348,7.88927,14156.7,-8.1,3.4,235.0,-58.4,3.5,-1.0,RS41-SG,403.700,8.1,625,12,2.4,08:07:57,
2026-10-06T00:38:05.993Z,X3842932,9997,44.17346,7.88924,14148.6,-8.1,3.2,221.0,-58.3,3.5,-1.0,RS41-SG,403.700,8.2,625,12,2.4,08:07:57,
2026-10-06T00:38:06.993Z,X3842932,9998,44.17344,7.88922,14140.4,-8.2,3.4,208.9,-58.3,3.5,-1.0,RS41-SG,403.700,8.4,625,12,2.5,08:07:57,
2026-10-06T00:38:07.993Z,X3842932,9999,44.17341,7.88920,14132.1,-8.5,3.7,199.9,-58.4,3.5,-1.0,RS41-SG,403.700,8.5,625,12,2.5,08:07:57,
2026-10-06T00:38:08.993Z,X3842932,10000,44.17337,7.88918,14123.7,-8.2,4.2,193.6,-58.5,3.5,-1.0,RS41-SG,403.700,8.5,625,12,2.4,08:07:57,
2026-10-06T00:38:09.993Z,X3842932,10001,44.17333,7.88917,14115.5,-8.0,4.7,190.7,-58.7,3.6,-1.0,RS41-SG,403.700,8.5,625,12,2.4,08:07:57,
2026-10-06T00:38:10.993Z,X3842932,10002,44.17329,7.88916,14107.6,-7.9,4.9,189.5,-58.8,3.6,-1.0,RS41-SG,403.700,8.2,625,12,2.4,08:07:57,
2026-10-06T00:38:11.993Z,X3842932,10003,44.17325,7.88915,14099.7,-7.8,5.0,190.9,-58.9,3.6,-1.0,RS41-SG,403.700,8.2,625,12,2.4,08:07:57,
2026-10-06T00:38:12.993Z,X3842932,10004,44.17320,7.88914,14091.8,-8.0,5.1,192.0,-59.0,3.5,-1.0,RS41-SG,403.700,8.4,625,12,2.4,08:07:57,
2026-10-06T00:38:13.993Z,X3842932,10005,44.17316,7.88913,14083.8,-8.1,5.0,192.3,-59.0,3.5,-1.0,RS41-SG,403.700,8.4,625,12,2.5,08:07:57,
2026-10-06T00:38:14.993Z,X3842932,10006,44.17311,7.88911,14075.6,-8.3,5.1,194.4,-59.0,3.5,-1.0,RS41-SG,403.700,8.1,625,12,2.5,08:07:57,
2026-10-06T00:38:15.993Z,X3842932,10007,44.17307,7.88910,14067.4,-8.2,5.1,193.0,-59.0,3.5,-1.0,RS41-SG,403.700,8.3,625,12,2.4,08:07:57,
2026-10-06T00:38:16.993Z,X3842932,10008,44.17302,7.88908,14059.5,-7.7,5.4,189.7,-59.0,3.5,-1.0,RS41-SG,403.700,8.3,625,12,2.4,08:07:57,
2026-10-06T00:38:17.993Z,X3842932,10009,44.17297,7.88908,14051.8,-7.7,6.0,184.3,-59.0,3.5,-1.0,RS41-SG,403.700,7.9,625,12,2.4,08:07:57,
2026-10-06T00:38:18.993Z,X3842932,10010,44.17292,7.88907,14044.2,-7.5,6.6,179.5,-58.9,3.5,-1.0,RS41-SG,403.700,8.7,625,12,2.4,08:07:57,
2026-10-06T00:38:19.993Z,X3842932,10011,44.17285,7.88908,14036.7,-7.5,7.4,176.0,-58.9,3.5,-1.0,RS41-SG,403.700,8.7,625,12,2.5,08:07:57,
2026-10-06T00:38:20.993Z,X3842932,10012,44.17278,7.88909,14029.4,-7.4,8.3,174.3,-58.9,3.6,-1.0,RS41-SG,403.700,8.5,625,12,2.5,08:07:57,
2026-10-06T00:38:21.993Z,X3842932,10013,44.17270,7.88910,14022.0,-7.4,9.4,173.4,-58.9,3.5,-1.0,RS41-SG,403.700,8.5,625,12,2.4,08:07:57,
2026-10-06T00:38:22.993Z,X3842932,10014,44.17261,7.88911,14014.6,-7.4,10.6,175.0,-58.9,3.6,-1.0,RS41-SG,403.700,8.3,625,12,2.4,08:07:57,
2026-10-06T00:38:23.993Z,X3842932,10015,44.17252,7.88912,14007.1,-7.5,11.5,178.5,-58.9,3.6,-1.0,RS41-SG,403.700,9.2,625,12,2.4,08:07:57,
2026-10-06T00:38:24.993Z,X3842932,10016,44.17241,7.88912,13999.5,-7.8,12.3,182.1,-58.8,3.6,-1.0,RS41-SG,403.700,9.2,625,12,2.4,08:07:57,
2026-10-06T00:38:25.993Z,X3842932,10017,44.17230,7.88911,13991.7,-7.8,12.8,184.8,-58.8,3.5,-1.0,RS41-SG,403.700,7.8,625,12,2.4,08:07:57,
2026-10-06T00:38:26.993Z,X3842932,10018,44.17218,7.88909,13984.0,-7.8,13.1,187.5,-58.7,3.4,-1.0,RS41-SG,403.700,8.0,625,12,2.5,08:07:57,
2026-10-06T00:38:27.993Z,X3842932,10019,44.17206,7.88907,13976.2,-7.8,13.3,190.1,-58.7,3.5,-1.0,RS41-SG,403.700,8.6,625,12,2.5,08:07:57,
2026-10-06T00:38:28.993Z,X3842932,10020,44.17194,7.88903,13968.4,-7.7,13.4,192.7,-58.7,3.4,-1.0,RS41-SG,403.700,8.6,625,12,2.4,08:07:57,
2026-10-06T00:38:29.993Z,X3842932,10021,44.17183,7.88899,13960.8,-7.5,13.2,195.9,-58.7,3.4,-1.0,RS41-SG,403.700,8.3,625,12,2.4,08:07:57,
2026-10-06T00:38:30.993Z,X3842932,10022,44.17171,7.88894,13953.4,-7.5,13.1,199.5,-58.7,3.4,-1.0,RS41-SG,403.700,8.7,625,12,2.4,08:07:57,
2026-10-06T00:38:31.993Z,X3842932,10023,44.17161,7.88888,13946.0,-7.4,12.9,203.7,-58.7,3.4,-1.0,RS41-SG,403.700,8.7,625,12,2.4,08:07:57,
2026-10-06T00:38:32.993Z,X3842932,10024,44.17150,7.88881,13938.7,-7.2,12.4,208.8,-58.7,3.4,-1.0,RS41-SG,403.700,8.7,625,12,2.5,08:07:57,
2026-10-06T00:38:33.993Z,X3842932,10025,44.17141,7.88873,13931.5,-7.2,11.7,214.0,-58.7,3.4,-1.0,RS41-SG,403.700,8.0,625,12,2.5,08:07:57,
2026-10-06T00:38:34.993Z,X3842932,10026,44.17133,7.88865,13924.3,-7.3,10.9,219.3,-58.8,3.4,-1.0,RS41-SG,403.700,8.0,625,12,2.4,08:07:57,
2026-10-06T00:38:35.993Z,X3842932,10027,44.17126,7.88856,13916.9,-7.6,10.0,223.6,-58.8,3.4,-1.0,RS41-SG,403.700,7.8,625,12,2.4,08:07:57,
2026-10-06T00:38:36.993Z,X3842932,10028,44.17120,7.88848,13909.3,-7.7,9.3,227.1,-58.9,3.4,-1.0,RS41-SG,403.700,7.6,625,12,2.4,08:07:57,
2026-10-06T00:38:37.993Z,X3842932,10029,44.17115,7.88839,13901.7,-7.6,8.5,229.6,-58.9,3.4,-1.0,RS41-SG,403.700,7.9,625,12,2.4,08:07:57,
2026-10-06T00:38:38.993Z,X3842932,10030,44.17110,7.88832,13894.2,-7.4,7.6,230.6,-59.0,3.5,-1.0,RS41-SG,403.700,7.9,625,12,2.4,08:07:57,
2026-10-06T00:38:39.993Z,X3842932,10031,44.17106,7.88825,13886.7,-7.4,6.8,230.0,-59.1,3.5,-1.0,RS41-SG,403.700,7.7,625,12,2.5,08:07:57,
2026-10-06T00:38:40.993Z,X3842932,10032,44.17102,7.88819,13879.4,-7.2,5.8,225.1,-59.1,3.5,-1.0,RS41-SG,403.700,7.0,625,12,2.5,08:07:57,
2026-10-06T00:38:41.993Z,X3842932,10033,44.17098,7.88815,13872.0,-7.3,5.0,218.6,-59.2,3.5,-1.0,RS41-SG,403.700,7.6,625,12,2.4,08:07:57,
2026-10-06T00:38:42.993Z,X3842932,10034,44.17095,7.88811,13864.5,-7.7,4.7,207.1,-59.2,3.6,-1.0,RS41-SG,403.700,7.6,625,12,2.4,08:07:57,
2026-10-06T00:38:43.993Z,X3842932,10035,44.17091,7.88809,13856.9,-7.8,4.7,192.8,-59.2,3.6,-1.0,RS41-SG,403.700,7.4,625,12,2.4,08:07:57,
2026-10-06T00:38:44.993Z,X3842932,10036,44.17087,7.88808,13849.1,-7.7,4.9,185.0,-59.2,3.6,-1.0,RS41-SG,403.700,7.4,625,12,2.4,08:07:57,
2026-10-06T00:38:45.993Z,X3842932,10037,44.17082,7.88808,13841.5,-7.5,5.5,179.3,-59.2,3.6,-1.0,RS41-SG,403.700,7.4,625,12,2.5,08:07:57,
2026-10-06T00:38:46.993Z,X3842932,10038,44.17077,7.88809,13834.1,-7.4,6.1,175.6,-59.2,3.6,-1.0,RS41-SG,403.700,7.4,625,12,2.5,08:07:57,
2026-10-06T00:38:47.993Z,X3842932,10039,44.17071,7.88809,13826.6,-7.5,6.8,173.3,-59.2,3.5,-1.0,RS41-SG,403.700,7.3,625,12,2.4,08:07:57,
2026-10-06T00:38:48.993Z,X3842932,10040,44.17065,7.88810,13819.2,-7.4,7.5,173.5,-59.1,3.5,-1.0,RS41-SG,403.700,7.3,625,12,2.4,08:07:57,
2026-10-06T00:38:50.993Z,X3842932,10042,44.17050,7.88813,13804.4,-7.4,8.5,173.8,-59.2,3.6,-1.0,RS41-SG,403.700,7.1,625,12,2.4,08:07:57,
2026-10-06T00:38:51.993Z,X3842932,10043,44.17043,7.88814,13797.0,-7.6,8.9,175.1,-59.3,3.6,-1.0,RS41-SG,403.700,7.1,625,12,2.4,08:07:57,
2026-10-06T00:38:52.993Z,X3842932,10044,44.17034,7.88815,13789.5,-7.4,9.3,176.3,-59.4,3.6,-1.0,RS41-SG,403.700,7.0,625,12,2.5,08:07:57,
2026-10-06T00:38:54.993Z,X3842932,10046,44.17017,7.88816,13774.8,-7.4,10.2,178.8,-59.5,3.7,-1.0,RS41-SG,403.700,7.7,625,12,2.4,08:07:57,
2026-10-06T00:38:55.993Z,X3842932,10047,44.17007,7.88816,13767.5,-7.4,10.7,180.3,-59.5,3.7,-1.0,RS41-SG,403.700,7.7,625,12,2.4,08:07:06,
2026-10-06T00:38:56.993Z,X3842932,10048,44.16998,7.88816,13760.2,-7.3,11.1,181.7,-59.5,3.7,-1.0,RS41-SG,403.700,7.7,625,12,2.4,08:07:06,
2026-10-06T00:38:57.993Z,X3842932,10049,44.16988,7.88815,13753.1,-7.0,11.4,182.1,-59.4,3.7,-1.0,RS41-SG,403.700,7.2,625,12,2.4,08:07:06,
2026-10-06T00:38:58.993Z,X3842932,10050,44.16977,7.88814,13746.0,-7.1,11.3,183.3,-59.4,3.7,-1.0,RS41-SG,403.700,7.2,625,12,2.5,08:07:06,
2026-10-06T00:39:35.993Z,X3842932,10087,44.16715,7.88608,13489.4,-6.7,10.9,187.3,-58.7,4.0,-1.0,RS41-SG,403.700,7.6,625,12,2.4,08:07:06,
2026-10-06T00:39:36.993Z,X3842932,10088,44.16705,7.88606,13482.7,-6.6,11.4,188.6,-58.7,4.0,-1.0,RS41-SG,403.700,7.6,625,12,2.4,08:07:06,
2026-10-06T00:39:37.993Z,X3842932,10089,44.16695,7.88603,13476.1,-6.7,12.0,190.2,-58.6,4.0,-1.0,RS41-SG,403.700,7.3,625,12,2.5,08:07:06,
2026-10-06T00:39:38.993Z,X3842932,10090,44.16684,7.88600,13469.5,-6.6,12.5,193.1,-58.6,4.0,-1.0,RS41-SG,403.700,7.3,625,12,2.5,08:07:06,
2026-10-06T00:39:39.993Z,X3842932,10091,44.16673,7.88596,13462.8,-6.8,13.0,195.5,-58.6,4.0,-1.0,RS41-SG,403.700,7.2,625,12,2.4,08:07:06,
2026-10-06T00:39:40.993Z,X3842932,10092,44.16661,7.88592,13456.1,-6.8,13.4,198.6,-58.5,4.0,-1.0,RS41-SG,403.700,6.9,625,12,2.4,08:07:06,
2026-10-06T00:39:42.993Z,X3842932,10094,44.16638,7.88579,13442.2,-7.0,13.9,203.9,-58.4,4.0,-1.0,RS41-SG,403.700,6.9,625,12,2.4,08:07:06,
2026-10-06T00:39:45.993Z,X3842932,10097,44.16605,7.88557,13421.4,-6.9,13.7,204.4,-58.3,4.0,-1.0,RS41-SG,403.700,6.8,625,12,2.5,08:07:06,
2026-10-06T00:39:46.993Z,X3842932,10098,44.16593,7.88550,13414.6,-6.6,13.6,203.6,-58.3,4.0,-1.0,RS41-SG,403.700,7.5,625,12,2.4,08:06:15,
2026-10-06T00:39:47.993Z,X3842932,10099,44.16582,7.88544,13408.0,-6.7,13.5,202.9,-58.2,4.0,-1.0,RS41-SG,403.700,7.9,625,12,2.4,08:06:15,
2026-10-06T00:39:48.993Z,X3842932,10100,44.16571,7.88537,13401.3,-6.9,13.4,202.1,-58.2,4.0,-1.0,RS41-SG,403.700,7.9,625,12,2.4,08:06:15,
2026-10-06T00:39:49.993Z,X3842932,10101,44.16560,7.88531,13394.6,-6.5,13.3,202.0,-58.1,4.0,-1.0,RS41-SG,403.700,7.5,625,12,2.4,08:06:15,
2026-10-06T00:39:51.993Z,X3842932,10103,44.16538,7.88518,13381.6,-6.5,13.0,204.2,-58.0,4.0,-1.0,RS41-SG,403.700,7.3,625,12,2.5,08:06:15,
2026-10-06T00:39:52.993Z,X3842932,10104,44.16528,7.88511,13375.3,-6.2,12.7,207.4,-58.0,4.1,-1.0,RS41-SG,403.700,7.5,625,12,2.4,08:06:15,
2026-10-06T00:39:53.993Z,X3842932,10105,44.16518,7.88504,13368.9,-6.7,12.1,210.8,-57.9,4.1,-1.0,RS41-SG,403.700,7.5,625,12,2.4,08:06:15,
2026-10-06T00:39:54.993Z,X3842932,10106,44.16509,7.88496,13362.2,-6.5,11.5,214.9,-57.9,4.0,-1.0,RS41-SG,403.700,7.3,625,12,2.4,08:06:15,
2026-10-06T00:39:55.993Z,X3842932,10107,44.16501,7.88487,13355.6,-6.7,11.0,217.6,-57.9,4.0,-1.0,RS41-SG,403.700,7.8,625,12,2.4,08:06:15,
2026-10-06T00:39:56.993Z,X3842932,10108,44.16493,7.88479,13348.9,-6.8,10.4,219.6,-57.8,4.0,-1.0,RS41-SG,403.700,7.8,625,12,2.4,08:06:15,
2026-10-06T00:39:57.993Z,X3842932,10109,44.16487,7.88471,13342.2,-6.7,9.8,220.6,-57.8,4.0,-1.0,RS41-SG,403.700,7.3,625,12,2.5,08:06:15,
2026-10-06T00:39:58.993Z,X3842932,10110,44.16480,7.88463,13335.5,-6.8,9.1,220.9,-57.7,4.0,-1.0,RS41-SG,403.700,7.4,625,12,2.5,08:06:15,
2026-10-06T00:40:02.993Z,X3842932,10114,44.16457,7.88437,13307.9,-6.9,7.8,215.9,-57.6,4.1,-1.0,RS41-SG,403.700,7.4,625,12,2.4,08:06:15,
2026-10-06T00:40:06.993Z,X3842932,10118,44.16434,7.88416,13280.6,-6.9,7.7,210.8,-57.6,4.1,-1.0,RS41-SG,403.700,8.2,625,12,2.4,08:06:15,
2026-10-06T00:40:07.993Z,X3842932,10119,44.16428,7.88411,13273.8,-6.7,7.7,211.3,-57.5,4.1,-1.0,RS41-SG,403.700,8.2,625,12,2.4,08:06:15,
2026-10-06T00:40:08.993Z,X3842932,10120,44.16422,7.88406,13267.0,-6.7,7.9,211.8,-57.5,4.1,-1.0,RS41-SG,403.700,8.2,625,12,2.4,08:06:15,
2026-10-06T00:40:09.993Z,X3842932,10121,44.16416,7.88401,13260.3,-6.8,8.0,211.4,-57.5,4.0,-1.0,RS41-SG,403.700,8.2,625,12,2.4,08:06:15,
2026-10-06T00:40:10.993Z,X3842932,10122,44.16410,7.88396,13253.5,-6.8,8.1,210.3,-57.4,4.1,-1.0,RS41-SG,403.700,8.1,625,12,2.5,08:06:15,
2026-10-06T00:40:11.993Z,X3842932,10123,44.16403,7.88391,13246.8,-6.5,8.1,209.3,-57.4,4.1,-1.0,RS41-SG,403.700,7.5,625,12,2.5,08:06:15,
2026-10-06T00:40:12.993Z,X3842932,10124,44.16397,7.88386,13240.4,-6.5,8.2,206.9,-57.4,4.1,-1.0,RS41-SG,403.700,7.8,625,12,2.4,08:06:15,
2026-10-06T00:40:13.993Z,X3842932,10125,44.16390,7.88382,13234.0,-6.5,8.0,204.1,-57.5,4.2,-1.0,RS41-SG,403.700,7.8,625,12,2.4,08:06:15,
2026-10-06T00:40:14.993Z,X3842932,10126,44.16384,7.88378,13227.3,-6.7,8.1,203.0,-57.5,4.2,-1.0,RS41-SG,403.700,7.6,625,12,2.4,08:06:15,
2026-10-06T00:40:15.993Z,X3842932,10127,44.16377,7.88374,13220.6,-6.7,8.2,201.0,-57.5,4.2,-1.0,RS41-SG,403.700,7.7,625,12,2.4,08:06:15,
2026-10-06T00:40:16.993Z,X3842932,10128,44.16370,7.88370,13214.0,-6.5,8.4,199.7,-57.6,4.2,-1.0,RS41-SG,403.700,7.9,625,12,2.5,08:06:15,
2026-10-06T00:40:18.993Z,X3842932,10130,44.16355,7.88364,13201.1,-6.4,8.7,192.6,-57.8,4.4,-1.0,RS41-SG,403.700,7.7,625,12,2.4,08:06:15,
2026-10-06T00:40:19.993Z,X3842932,10131,44.16348,7.88362,13194.7,-6.6,8.9,188.5,-57.8,4.4,-1.0,RS41-SG,403.700,7.8,625,12,2.4,08:06:15,
2026-10-06T00:40:20.993Z,X3842932,10132,44.16339,7.88361,13188.0,-6.7,9.3,184.2,-57.9,4.5,-1.0,RS41-SG,403.700,7.8,625,12,2.4,08:06:15,
2026-10-06T00:40:21.993Z,X3842932,10133,44.16331,7.88361,13181.5,-6.5,9.6,180.7,-58.0,4.5,-1.0,RS41-SG,403.700,7.8,625,12,2.4,08:06:15,
2026-10-06T00:40:23.993Z,X3842932,10135,44.16313,7.88361,13168.2,-6.8,9.9,177.5,-58.1,4.5,-1.0,RS41-SG,403.700,7.9,625,12,2.5,08:06:15,
2026-10-06T00:40:24.993Z,X3842932,10136,44.16305,7.88362,13161.4,-7.0,9.8,177.2,-58.0,4.5,-1.0,RS41-SG,403.700,7.9,625,12,2.5,08:06:15,
2026-10-06T00:40:25.993Z,X3842932,10137,44.16296,7.88362,13154.4,-7.2,9.8,178.2,-58.1,4.5,-1.0,RS41-SG,403.700,7.8,625,12,2.4,08:06:15,
2026-10-06T00:40:26.993Z,X3842932,10138,44.16287,7.88363,13147.6,-6.5,9.6,179.6,-58.0,4.6,-1.0,RS41-SG,403.700,8.9,625,12,2.4,08:06:15,
2026-10-06T00:40:27.993Z,X3842932,10139,44.16278,7.88362,13141.0,-6.7,9.6,181.3,-58.0,4.6,-1.0,RS41-SG,403.700,8.9,625,12,2.4,08:06:15,
2026-10-06T00:40:28.993Z,X3842932,10140,44.16270,7.88362,13134.3,-6.5,9.7,182.7,-58.0,4.6,-1.0,RS41-SG,403.700,7.8,625,12,2.4,08:06:15,
2026-10-06T00:40:29.993Z,X3842932,10141,44.16261,7.88361,13127.8,-6.6,9.7,183.2,-57.9,4.6,-1.0,RS41-SG,403.700,7.5,625,12,2.5,08:06:15,
2026-10-06T00:40:30.993Z,X3842932,10142,44.16252,7.88361,13121.2,-6.6,9.9,184.2,-57.9,4.7,-1.0,RS41-SG,403.700,8.9,625,12,2.5,08:06:15,
2026-10-06T00:40:31.993Z,X3842932,10143,44.16244,7.88360,13114.6,-6.6,9.9,183.7,-57.9,4.7,-1.0,RS41-SG,403.700,8.9,625,12,2.4,08:06:15,
2026-10-06T00:40:32.993Z,X3842932,10144,44.16234,7.88359,13108.0,-6.5,10.3,182.5,-57.9,4.8,-1.0,RS41-SG,403.700,8.4,625,12,2.4,08:06:15,
2026-10-06T00:40:34.993Z,X3842932,10146,44.16215,7.88359,13095.4,-6.2,11.5,176.9,-57.8,4.7,-1.0,RS41-SG,403.700,7.3,625,12,2.4,08:06:15,
2026-10-06T00:40:35.993Z,X3842932,10147,44.16204,7.88361,13089.1,-6.2,12.6,173.8,-57.7,4.7,-1.0,RS41-SG,403.700,8.7,625,12,2.4,08:06:15,
2026-10-06T00:40:36.993Z,X3842932,10148,44.16193,7.88362,13082.8,-6.5,13.7,172.6,-57.7,4.7,-1.0,RS41-SG,403.700,8.7,625,12,2.5,08:06:15,
2026-10-06T00:40:38.993Z,X3842932,10150,44.16167,7.88367,13069.2,-6.9,15.3,173.1,-57.6,4.6,-1.0,RS41-SG,403.700,8.7,625,12,2.4,08:06:15,
2026-10-06T00:40:39.993Z,X3842932,10151,44.16153,7.88369,13062.3,-7.0,15.6,173.5,-57.6,4.6,-1.0,RS41-SG,403.700,8.7,625,12,2.4,08:06:15,
2026-10-06T00:40:40.993Z,X3842932,10152,44.16139,7.88371,13055.4,-6.9,15.7,173.9,-57.5,4.5,-1.0,RS41-SG,403.700,8.7,625,12,2.4,08:06:15,
2026-10-06T00:40:41.993Z,X3842932,10153,44.16125,7.88373,13048.6,-6.9,15.8,174.2,-57.5,4.5,-1.0,RS41-SG,403.700,8.4,625,12,2.4,08:06:15,
2026-10-06T00:40:42.993Z,X3842932,10154,44.16111,7.88375,13041.8,-6.8,15.6,174.1,-57.4,4.5,-1.0,RS41-SG,403.700,9.0,625,12,2.5,08:06:15,
2026-10-06T00:40:43.993Z,X3842932,10155,44.16097,7.88377,13035.2,-6.7,15.5,175.8,-57.4,4.6,-1.0,RS41-SG,403.700,9.1,625,12,2.5,08:06:15,
2026-10-06T00:40:44.993Z,X3842932,10156,44.16083,7.88378,13028.5,-6.6,15.4,176.5,-57.4,4.6,-1.0,RS41-SG,403.700,9.1,625,12,2.4,08:06:15,
2026-10-06T00:40:45.993Z,X3842932,10157,44.16069,7.88379,13022.2,-6.5,15.5,178.3,-57.3,4.6,-1.0,RS41-SG,403.700,8.8,625,12,2.4,08:06:15,
2026-10-06T00:40:46.993Z,X3842932,10158,44.16056,7.88379,13015.6,-6.5,15.2,180.1,-57.3,4.6,-1.0,RS41-SG,403.700,9.2,625,11,2.4,08:06:15,
2026-10-06T00:40:47.993Z,X3842932,10159,44.16042,7.88379,13009.2,-6.4,15.2,180.6,-57.4,4.7,-1.0,RS41-SG,403.700,9.2,625,12,2.4,08:06:15,
2026-10-06T00:40:48.993Z,X3842932,10160,44.16028,7.88379,13002.8,-6.5,15.0,182.6,-57.5,4.8,-1.0,RS41-SG,403.700,9.3,625,12,2.4,08:06:15,
2026-10-06T00:40:49.993Z,X3842932,10161,44.16015,7.88378,12996.4,-6.4,14.6,183.3,-57.5,4.8,-1.0,RS41-SG,403.700,9.3,625,12,2.5,08:06:15,
2026-10-06T00:40:50.993Z,X3842932,10162,44.16002,7.88377,12990.0,-6.4,14.0,185.1,-57.6,4.9,-1.0,RS41-SG,403.700,9.4,625,12,2.5,08:06:15,
2026-10-06T00:40:51.993Z,X3842932,10163,44.15990,7.88375,12983.7,-6.2,13.9,185.5,-57.7,5.0,-1.0,RS41-SG,403.700,9.5,625,12,2.4,08:06:15,
2026-10-06T00:40:52.993Z,X3842932,10164,44.15978,7.88373,12977.7,-6.3,13.0,188.1,-57.7,5.0,-1.0,RS41-SG,403.700,9.6,625,12,2.4,08:06:15,
2026-10-06T00:40:53.993Z,X3842932,10165,44.15967,7.88371,12971.4,-6.3,12.8,187.4,-57.7,5.0,-1.0,RS41-SG,403.700,9.6,625,12,2.4,08:06:15,
2026-10-06T00:40:54.993Z,X3842932,10166,44.15956,7.88368,12965.1,-6.5,11.9,189.6,-57.6,5.0,-1.0,RS41-SG,403.700,9.6,625,12,2.4,08:06:15,
2026-10-06T00:40:55.993Z,X3842932,10167,44.15945,7.88366,12958.7,-6.6,11.6,188.2,-57.6,5.1,-1.0,RS41-SG,403.700,9.2,625,12,2.5,08:06:15,
2026-10-06T00:40:56.993Z,X3842932,10168,44.15935,7.88364,12951.7,-7.0,10.5,189.0,-57.6,5.0,-1.0,RS41-SG,403.700,9.2,625,12,2.5,08:06:15,
2026-10-06T00:40:57.993Z,X3842932,10169,44.15926,7.88362,12944.5,-7.4,10.0,188.3,-57.5,5.0,-1.0,RS41-SG,403.700,8.8,625,11,2.4,08:06:15,
2026-10-06T00:40:58.993Z,X3842932,10170,44.15918,7.88361,12937.3,-7.3,9.1,185.6,-57.5,5.0,-1.0,RS41-SG,403.700,7.4,625,12,2.4,08:06:15,
2026-10-06T00:40:59.993Z,X3842932,10171,44.15910,7.88359,12930.3,-7.0,8.8,185.4,-57.5,5.1,-1.0,RS41-SG,403.700,7.5,625,12,2.4,08:06:15,
2026-10-06T00:41:00.993Z,X3842932,10172,44.15902,7.88359,12923.3,-7.1,8.8,183.3,-57.4,5.0,-1.0,RS41-SG,403.700,8.2,625,10,2.4,08:06:15,
2026-10-06T00:41:01.993Z,X3842932,10173,44.15894,7.88358,12916.8,-6.6,9.4,181.2,-57.4,5.1,-1.0,RS41-SG,403.700,9.8,625,12,2.5,08:06:15,
2026-10-06T00:41:02.993Z,X3842932,10174,44.15886,7.88358,12910.5,-6.3,9.2,179.8,-57.3,5.1,-1.0,RS41-SG,403.700,9.8,625,12,2.5,08:06:15,
2026-10-06T00:41:03.993Z,X3842932,10175,44.15877,7.88358,12904.1,-6.5,9.3,179.4,-57.3,5.2,-1.0,RS41-SG,403.700,8.0,625,11,2.4,08:06:15,
2026-10-06T00:41:04.993Z,X3842932,10176,44.15869,7.88358,12897.7,-6.5,9.3,178.9,-57.3,5.2,-1.0,RS41-SG,403.700,8.1,625,12,2.4,08:06:15,
2026-10-06T00:41:05.993Z,X3842932,10177,44.15861,7.88359,12891.0,-6.8,9.3,176.0,-57.3,5.2,-1.0,RS41-SG,403.700,9.2,625,10,2.4,08:06:15,
2026-10-06T00:41:06.993Z,X3842932,10178,44.15852,7.88360,12884.4,-6.8,9.6,171.6,-57.3,5.3,-1.0,RS41-SG,403.700,9.2,625,10,2.4,08:06:15,
2026-10-06T00:41:07.993Z,X3842932,10179,44.15844,7.88362,12877.9,-6.6,9.2,167.3,-57.3,5.3,-1.0,RS41-SG,403.700,8.1,625,12,2.4,08:06:15,
2026-10-06T00:41:08.993Z,X3842932,10180,44.15836,7.88365,12871.6,-6.5,9.2,164.9,-57.3,5.3,-1.0,RS41-SG,403.700,8.3,625,12,2.5,08:06:15,
2026-10-06T00:41:09.993Z,X3842932,10181,44.15828,7.88368,12865.2,-6.4,9.6,162.4,-57.3,5.3,-1.0,RS41-SG,403.700,8.3,625,11,2.5,08:06:15,
2026-10-06T00:41:11.993Z,X3842932,10183,44.15810,7.88377,12852.6,-6.6,10.6,156.9,-57.4,5.4,-1.0,RS41-SG,403.700,9.0,625,10,2.4,08:06:15,
2026-10-06T00:41:12.993Z,X3842932,10184,44.15802,7.88383,12846.3,-6.6,11.1,155.8,-57.4,5.5,-1.0,RS41-SG,403.700,9.0,625,10,2.4,08:06:15,
2026-10-06T00:41:16.993Z,X3842932,10188,44.15761,7.88406,12819.6,-6.9,13.2,158.5,-57.3,5.4,-1.0,RS41-SG,403.700,7.9,625,12,2.4,08:06:15,
2026-10-06T00:41:17.993Z,X3842932,10189,44.15750,7.88412,12813.0,-6.7,13.4,160.0,-57.3,5.5,-1.0,RS41-SG,403.700,7.9,625,12,2.4,08:06:15,
2026-10-06T00:41:19.993Z,X3842932,10191,44.15728,7.88423,12800.3,-6.5,13.1,161.2,-57.6,5.7,-1.0,RS41-SG,403.700,7.6,625,11,2.4,08:06:15,
2026-10-06T00:41:20.993Z,X3842932,10192,44.15717,7.88428,12793.8,-6.5,12.9,162.8,-57.6,5.7,-1.0,RS41-SG,403.700,7.6,625,11,2.4,08:06:15,
2026-10-06T00:41:21.993Z,X3842932,10193,44.15706,7.88433,12787.3,-6.5,12.6,163.2,-57.6,5.7,-1.0,RS41-SG,403.700,7.6,625,12,2.5,08:06:15,
2026-10-06T00:41:22.993Z,X3842932,10194,44.15695,7.88437,12780.6,-6.8,12.2,163.4,-57.7,5.7,-1.0,RS41-SG,403.700,7.6,625,12,2.5,08:06:15,
2026-10-06T00:41:30.993Z,X3842932,10202,44.15616,7.88469,12728.6,-6.6,11.8,165.4,-57.8,6.2,-1.0,RS41-SG,403.700,7.4,625,12,2.4,08:06:15,
2026-10-06T00:41:37.993Z,X3842932,10209,44.15539,7.88499,12683.3,-6.7,15.0,161.4,-57.8,6.5,-1.0,RS41-SG,403.700,7.2,625,10,2.4,08:06:15,
2026-10-06T00:41:38.993Z,X3842932,10210,44.15526,7.88505,12676.9,-6.5,15.5,162.2,-57.8,6.5,-1.0,RS41-SG,403.700,7.5,625,11,2.4,08:06:15,
2026-10-06T00:41:39.993Z,X3842932,10211,44.15512,7.88511,12670.4,-6.6,16.7,162.7,-57.8,6.5,-1.0,RS41-SG,403.700,7.5,625,11,2.4,08:06:15,
2026-10-06T00:41:41.993Z,X3842932,10213,44.15482,7.88523,12657.4,-6.7,17.6,166.0,-57.7,6.5,-1.0,RS41-SG,403.700,6.5,625,10,2.5,08:06:15,
2026-10-06T00:42:33.993Z,X3842932,10265,44.14731,7.88707,12329.1,-6.3,15.7,169.3,-57.3,9.0,-1.0,RS41-SG,403.700,7.4,625,11,2.4,08:06:15,
2026-10-06T00:42:34.993Z,X3842932,10266,44.14717,7.88710,12323.1,-6.0,15.9,168.8,-57.4,9.2,-1.0,RS41-SG,403.700,7.4,625,10,2.4,08:06:15,
