timestamp,serial,frame,lat,lon,alt,vel_v,vel_h,heading,temp,humidity,pressure,type,freq_mhz,snr,f_error_hz,sats,batt_v,burst_timer,aux_data
2026-09-18T10:50:54.000Z,V3640186,4444,44.57676,7.83739,14531.3,3.9,9.5,130.9,-273.0,-1.0,-1.0,RS41,403.700,7.2,250,10,2.7,,
2026-09-18T10:51:06.000Z,V3640186,4456,44.57611,7.83837,14581.6,4.6,8.2,132.5,-273.0,-1.0,-1.0,RS41,403.700,7.3,250,10,2.7,,
2026-09-18T10:51:07.000Z,V3640186,4457,44.57606,7.83844,14585.4,3.1,8.0,131.9,-273.0,-1.0,-1.0,RS41,403.700,7.3,250,10,2.7,,
2026-09-18T10:51:08.000Z,V3640186,4458,44.57602,7.83851,14589.3,4.5,7.7,134.7,-273.0,-1.0,-1.0,RS41,403.700,7.3,250,10,2.8,,
2026-09-18T10:51:09.000Z,V3640186,4459,44.57597,7.83858,14593.6,4.5,7.7,140.3,-273.0,-1.0,-1.0,RS41,403.700,7.1,250,10,2.8,,
2026-09-18T10:51:10.000Z,V3640186,4460,44.57591,7.83864,14597.9,4.1,7.3,142.8,-273.0,-1.0,-1.0,RS41,403.700,6.9,250,10,2.8,,
2026-09-18T10:51:11.000Z,V3640186,4461,44.57586,7.83869,14602.0,3.9,6.9,141.9,-273.0,-1.0,-1.0,RS41,403.700,6.9,250,10,2.7,,
2026-09-18T10:51:12.000Z,V3640186,4462,44.57582,7.83874,14606.2,4.5,6.2,137.8,-273.0,-1.0,-1.0,RS41,403.700,7.4,250,10,2.7,,
2026-09-18T10:51:16.000Z,V3640186,4466,44.57564,7.83896,14622.9,5.0,7.4,143.6,-273.0,-1.0,-1.0,RS41,403.700,7.3,250,10,2.7,,
2026-09-18T10:51:25.000Z,V3640186,4475,44.57516,7.83950,14660.3,4.9,8.2,130.4,-273.0,-1.0,-1.0,RS41,403.700,7.6,250,10,2.8,,
2026-09-18T10:51:33.000Z,V3640186,4483,44.57480,7.83995,14695.0,3.9,6.4,158.2,-273.0,-1.0,-1.0,RS41,403.700,8.0,250,10,2.7,,
2026-09-18T10:51:34.000Z,V3640186,4484,44.57474,7.83998,14698.6,3.0,7.0,162.7,-273.0,-1.0,-1.0,RS41,403.700,8.0,250,10,2.8,,
2026-09-18T10:51:35.000Z,V3640186,4485,44.57468,7.84000,14702.8,5.2,7.2,169.6,-273.0,-1.0,-1.0,RS41,403.700,7.4,250,9,2.8,,
2026-09-18T10:51:36.000Z,V3640186,4486,44.57461,7.84002,14706.8,2.7,7.0,169.1,-273.0,-1.0,-1.0,RS41,403.700,7.1,250,10,2.7,,
2026-09-18T10:51:37.000Z,V3640186,4487,44.57455,7.84004,14710.1,3.5,6.8,168.5,-273.0,-1.0,-1.0,RS41,403.700,7.4,250,10,2.7,,
2026-09-18T10:51:38.000Z,V3640186,4488,44.57449,7.84006,14714.2,4.8,7.2,161.6,-273.0,-1.0,-1.0,RS41,403.700,7.4,250,10,2.8,,
2026-09-18T10:51:39.000Z,V3640186,4489,44.57443,7.84009,14718.6,4.2,7.4,154.4,-273.0,-1.0,-1.0,RS41,403.700,7.4,250,10,2.8,,
2026-09-18T10:51:40.000Z,V3640186,4490,44.57438,7.84014,14722.4,2.9,7.1,148.0,-273.0,-1.0,-1.0,RS41,403.700,7.0,250,10,2.7,,
2026-09-18T10:51:41.000Z,V3640186,4491,44.57433,7.84019,14726.2,4.4,6.4,138.7,-273.0,-1.0,-1.0,RS41,403.700,8.5,250,10,2.7,,
2026-09-18T10:51:42.000Z,V3640186,4492,44.57429,7.84024,14730.7,4.6,5.7,133.1,-273.0,-1.0,-1.0,RS41,403.700,8.5,250,9,2.8,,
2026-09-18T10:51:43.000Z,V3640186,4493,44.57426,7.84029,14733.9,2.2,5.2,131.1,-273.0,-1.0,-1.0,RS41,403.700,8.5,250,10,2.8,,
2026-09-18T10:51:45.000Z,V3640186,4495,44.57419,7.84038,14742.4,4.8,5.8,139.6,-273.0,-1.0,-1.0,RS41,403.700,6.8,250,10,2.7,,
2026-09-18T10:51:46.000Z,V3640186,4496,44.57415,7.84043,14746.5,3.4,6.1,143.9,-273.0,-1.0,-1.0,RS41,403.700,9.2,250,10,2.7,,
2026-09-18T10:51:47.000Z,V3640186,4497,44.57410,7.84047,14750.4,4.4,6.2,149.7,-273.0,-1.0,-1.0,RS41,403.700,9.2,250,10,2.7,,
2026-09-18T10:51:48.000Z,V3640186,4498,44.57405,7.84051,14754.3,3.0,6.0,150.5,-273.0,-1.0,-1.0,RS41,403.700,7.8,250,10,2.8,,
2026-09-18T10:51:49.000Z,V3640186,4499,44.57400,7.84055,14758.0,4.6,6.5,149.9,-273.0,-1.0,-1.0,RS41,403.700,7.7,250,10,2.8,,
2026-09-18T10:51:50.000Z,V3640186,4500,44.57395,7.84060,14762.9,4.9,7.2,146.8,-273.0,-1.0,-1.0,RS41,403.700,7.7,250,10,2.8,,
2026-09-18T10:51:51.000Z,V3640186,4501,44.57390,7.84065,14767.2,3.2,7.6,143.9,-273.0,-1.0,-1.0,RS41,403.700,8.0,250,10,2.7,,
2026-09-18T10:51:52.000Z,V3640186,4502,44.57384,7.84070,14770.9,4.2,7.5,142.5,-273.0,-1.0,-1.0,RS41,403.700,8.6,250,10,2.7,,
2026-09-18T10:51:54.000Z,V3640186,4504,44.57375,7.84081,14779.3,3.9,6.1,136.2,-273.0,-1.0,-1.0,RS41,403.700,6.7,250,10,2.8,,
2026-09-18T10:51:55.000Z,V3640186,4505,44.57371,7.84087,14783.7,5.0,6.0,133.3,-273.0,-1.0,-1.0,RS41,403.700,7.3,250,10,2.8,,
2026-09-18T10:51:56.000Z,V3640186,4506,44.57368,7.84092,14788.1,3.9,6.1,129.1,-273.0,-1.0,-1.0,RS41,403.700,7.7,250,10,2.8,,
2026-09-18T10:51:57.000Z,V3640186,4507,44.57364,7.84098,14791.8,3.2,5.9,131.8,-273.0,-1.0,-1.0,RS41,403.700,7.7,250,10,2.7,,
2026-09-18T10:51:58.000Z,V3640186,4508,44.57361,7.84103,14796.1,5.0,5.0,137.7,-273.0,-1.0,-1.0,RS41,403.700,8.0,250,10,2.7,,
2026-09-18T10:51:59.000Z,V3640186,4509,44.57357,7.84107,14801.0,4.7,4.3,145.4,-273.0,-1.0,-1.0,RS41,403.700,8.0,250,10,2.7,,
2026-09-18T10:52:00.000Z,V3640186,4510,44.57354,7.84109,14805.7,4.9,4.1,151.5,-273.0,-1.0,-1.0,RS41,403.700,7.3,250,10,2.8,,
2026-09-18T10:52:01.000Z,V3640186,4511,44.57351,7.84112,14810.0,3.8,4.1,146.7,-273.0,-1.0,-1.0,RS41,403.700,8.2,250,10,2.8,,
2026-09-18T10:52:02.000Z,V3640186,4512,44.57348,7.84115,14813.5,2.9,4.5,141.7,-273.0,-1.0,-1.0,RS41,403.700,9.3,250,9,2.8,,
2026-09-18T10:52:03.000Z,V3640186,4513,44.57345,7.84119,14817.5,4.3,4.5,138.5,-273.0,-1.0,-1.0,RS41,403.700,9.3,250,10,2.7,,
2026-09-18T10:52:04.000Z,V3640186,4514,44.57342,7.84122,14821.9,4.1,4.3,138.4,-273.0,-1.0,-1.0,RS41,403.700,9.3,250,10,2.7,,
2026-09-18T10:52:05.000Z,V3640186,4515,44.57339,7.84126,14825.8,3.3,4.5,130.5,-273.0,-1.0,-1.0,RS41,403.700,9.3,250,10,2.8,,
2026-09-18T10:52:06.000Z,V3640186,4516,44.57337,7.84131,14830.0,5.0,5.1,122.7,-273.0,-1.0,-1.0,RS41,403.700,8.2,250,10,2.8,,
2026-09-18T10:52:07.000Z,V3640186,4517,44.57334,7.84137,14834.1,3.5,5.7,121.9,-273.0,-1.0,-1.0,RS41,403.700,8.2,250,10,2.7,,
2026-09-18T10:52:08.000Z,V3640186,4518,44.57331,7.84143,14838.3,4.9,5.9,125.3,-273.0,-1.0,-1.0,RS41,403.700,8.9,250,10,2.7,,
2026-09-18T10:52:09.000Z,V3640186,4519,44.57328,7.84149,14843.4,5.3,5.5,132.3,-273.0,-1.0,-1.0,RS41,403.700,8.9,250,10,2.8,,
2026-09-18T10:52:10.000Z,V3640186,4520,44.57324,7.84154,14848.0,3.9,5.7,138.4,-273.0,-1.0,-1.0,RS41,403.700,8.4,250,10,2.8,,
2026-09-18T10:52:11.000Z,V3640186,4521,44.57320,7.84158,14851.6,3.4,5.7,139.2,-273.0,-1.0,-1.0,RS41,403.700,8.8,250,10,2.7,,
2026-09-18T10:52:12.000Z,V3640186,4522,44.57317,7.84163,14855.2,3.5,5.7,134.8,-273.0,-1.0,-1.0,RS41,403.700,8.8,250,10,2.7,,
2026-09-18T10:52:13.000Z,V3640186,4523,44.57313,7.84168,14859.0,4.1,4.9,131.0,-273.0,-1.0,-1.0,RS41-SG,403.700,7.8,250,10,2.8,,
2026-09-18T10:52:14.000Z,V3640186,4524,44.57311,7.84172,14863.0,3.9,4.3,126.6,-273.0,-1.0,-1.0,RS41-SG,403.700,7.4,250,10,2.8,,
2026-09-18T10:52:15.000Z,V3640186,4525,44.57309,7.84176,14867.0,3.4,3.8,127.3,-273.0,-1.0,-1.0,RS41-SG,403.700,8.8,250,10,2.8,,
2026-09-18T10:52:17.000Z,V3640186,4527,44.57304,7.84185,14875.3,4.4,4.8,122.8,-273.0,-1.0,-1.0,RS41-SG,403.700,8.7,250,10,2.7,,
2026-09-18T10:52:20.000Z,V3640186,4530,44.57296,7.84203,14885.7,4.7,6.3,129.9,-273.0,-1.0,-1.0,RS41-SG,403.700,8.0,250,10,2.8,,
2026-09-18T10:52:22.000Z,V3640186,4532,44.57288,7.84215,14893.5,2.8,6.2,133.6,-273.0,-1.0,-1.0,RS41-SG,403.700,8.1,250,10,2.7,,
2026-09-18T10:52:23.000Z,V3640186,4533,44.57284,7.84220,14897.4,4.3,6.3,130.6,-273.0,-1.0,-1.0,RS41-SG,403.700,8.1,250,9,2.7,,
2026-09-18T10:52:24.000Z,V3640186,4534,44.57281,7.84227,14901.7,4.0,6.4,128.4,-273.0,-1.0,-1.0,RS41-SG,403.700,7.5,250,10,2.7,,
2026-09-18T10:52:25.000Z,V3640186,4535,44.57278,7.84233,14905.2,2.5,5.8,122.0,-273.0,-1.0,-1.0,RS41-SG,403.700,7.9,250,10,2.8,,
2026-09-18T10:52:26.000Z,V3640186,4536,44.57275,7.84238,14909.0,4.6,4.8,118.4,-273.0,-1.0,-1.0,RS41-SG,403.700,9.0,250,10,2.8,,
2026-09-18T10:52:28.000Z,V3640186,4538,44.57272,7.84247,14917.7,3.7,3.1,113.4,-273.0,-1.0,-1.0,RS41-SG,403.700,7.8,250,10,2.7,,
2026-09-18T10:52:29.000Z,V3640186,4539,44.57271,7.84250,14922.2,4.9,3.1,115.0,-273.0,-1.0,-1.0,RS41-SG,403.700,8.8,250,10,2.7,,
2026-09-18T10:52:30.000Z,V3640186,4540,44.57270,7.84254,14926.5,3.5,3.6,119.5,-273.0,-1.0,-1.0,RS41-SG,403.700,8.8,250,10,2.7,,
2026-09-18T10:52:31.000Z,V3640186,4541,44.57268,7.84258,14930.3,4.3,3.6,127.4,-273.0,-1.0,-1.0,RS41-SG,403.700,8.9,250,10,2.8,,
2026-09-18T10:52:33.000Z,V3640186,4543,44.57263,7.84264,14939.1,5.6,3.5,141.0,-273.0,-1.0,-1.0,RS41-SG,403.700,8.3,250,10,2.8,,
2026-09-18T10:52:34.000Z,V3640186,4544,44.57261,7.84267,14943.8,3.6,3.7,136.5,-273.0,-1.0,-1.0,RS41-SG,403.700,8.3,250,10,2.7,,
2026-09-18T10:52:35.000Z,V3640186,4545,44.57258,7.84270,14947.3,3.0,4.0,134.8,-56.2,-1.0,-1.0,RS41-SG,403.700,7.5,250,10,2.7,,
2026-09-18T10:52:36.000Z,V3640186,4546,44.57256,7.84274,14951.3,5.0,3.5,140.2,-56.2,-1.0,-1.0,RS41-SG,403.700,7.8,250,9,2.8,,
2026-09-18T10:52:38.000Z,V3640186,4548,44.57251,7.84278,14960.3,3.6,3.1,144.7,-56.2,-1.0,-1.0,RS41-SG,403.700,8.5,250,10,2.7,,
2026-09-18T10:52:39.000Z,V3640186,4549,44.57249,7.84281,14964.4,3.9,3.0,135.7,-56.2,-1.0,-1.0,RS41-SG,403.700,8.5,250,10,2.7,,
2026-09-18T10:52:41.000Z,V3640186,4551,44.57246,7.84287,14973.2,3.1,3.3,107.4,-56.1,-1.0,-1.0,RS41-SG,403.700,8.3,250,10,2.8,,
2026-09-18T10:52:42.000Z,V3640186,4552,44.57246,7.84291,14976.8,4.1,3.2,97.4,-56.2,-1.0,-1.0,RS41-SG,403.700,8.4,250,10,2.7,,
2026-09-18T10:52:43.000Z,V3640186,4553,44.57246,7.84295,14981.1,4.1,2.4,95.8,-56.1,-1.0,-1.0,RS41-SG,403.700,8.4,250,10,2.7,,
2026-09-18T10:52:45.000Z,V3640186,4555,44.57245,7.84300,14990.7,4.7,1.7,94.2,-56.1,-1.0,-1.0,RS41-SG,403.700,7.6,250,9,2.8,,
2026-09-18T10:52:46.000Z,V3640186,4556,44.57245,7.84302,14995.1,4.0,1.6,95.7,-56.2,-1.0,-1.0,RS41-SG,403.700,7.9,250,10,2.8,,
2026-09-18T10:52:47.000Z,V3640186,4557,44.57245,7.84304,14999.2,4.3,1.4,101.3,-56.2,-1.0,-1.0,RS41-SG,403.700,7.9,250,10,2.7,,
2026-09-18T10:52:48.000Z,V3640186,4558,44.57245,7.84305,15003.6,3.9,1.0,121.6,-56.1,-1.0,-1.0,RS41-SG,403.700,7.9,250,10,2.7,,
2026-09-18T10:52:49.000Z,V3640186,4559,44.57244,7.84306,15008.2,4.8,1.0,158.0,-56.2,-1.0,-1.0,RS41-SG,403.700,7.6,250,9,2.7,,
2026-09-18T10:52:50.000Z,V3640186,4560,44.57243,7.84306,15012.9,4.5,1.4,146.0,-56.2,-1.0,-1.0,RS41-SG,403.700,9.4,250,9,2.8,,
2026-09-18T10:52:51.000Z,V3640186,4561,44.57242,7.84308,15016.6,3.1,1.9,132.6,-56.2,-1.0,-1.0,RS41-SG,403.700,9.4,250,10,2.8,,
2026-09-18T10:52:52.000Z,V3640186,4562,44.57240,7.84310,15020.4,4.5,2.3,138.8,-56.2,-1.0,-1.0,RS41-SG,403.700,9.0,250,10,2.8,,
2026-09-18T10:52:53.000Z,V3640186,4563,44.57239,7.84311,15025.6,5.4,2.2,151.3,-56.3,-1.0,-1.0,RS41-SG,403.700,9.3,250,10,2.7,,
2026-09-18T10:52:56.000Z,V3640186,4566,44.57234,7.84316,15038.8,5.1,2.5,128.8,-56.2,-1.0,-1.0,RS41-SG,403.700,9.1,250,10,2.8,,
2026-09-18T10:52:57.000Z,V3640186,4567,44.57233,7.84319,15043.6,4.7,3.3,116.1,-56.3,-1.0,-1.0,RS41-SG,403.700,9.1,250,10,2.8,,
2026-09-18T10:52:58.000Z,V3640186,4568,44.57231,7.84323,15047.7,3.3,3.8,114.8,-56.3,-1.0,-1.0,RS41-SG,403.700,9.0,250,10,2.8,,
2026-09-18T10:52:59.000Z,V3640186,4569,44.57230,7.84327,15051.5,3.9,3.5,119.5,-56.2,-1.0,-1.0,RS41-SG,403.700,9.1,250,10,2.7,,
2026-09-18T10:53:00.000Z,V3640186,4570,44.57228,7.84330,15056.4,5.1,2.5,135.1,-56.4,-1.0,-1.0,RS41-SG,403.700,9.1,250,10,2.7,,
2026-09-18T10:53:01.000Z,V3640186,4571,44.57227,7.84332,15061.2,4.0,2.1,153.0,-56.3,-1.0,-1.0,RS41-SG,403.700,8.7,250,10,2.7,,
2026-09-18T10:53:02.000Z,V3640186,4572,44.57225,7.84333,15065.1,3.8,1.8,164.9,-56.4,-1.0,-1.0,RS41-SG,403.700,8.7,250,10,2.8,,
2026-09-18T10:53:03.000Z,V3640186,4573,44.57223,7.84333,15069.6,5.2,1.7,151.5,-56.4,-1.0,-1.0,RS41-SG,403.700,8.2,250,10,2.8,,
2026-09-18T10:53:04.000Z,V3640186,4574,44.57222,7.84335,15074.2,3.8,1.8,135.0,-56.4,-1.0,-1.0,RS41-SG,403.700,8.1,250,10,2.8,,
2026-09-18T10:53:05.000Z,V3640186,4575,44.57221,7.84336,15078.2,3.9,1.8,111.7,-56.5,-1.0,-1.0,RS41-SG,403.700,8.1,250,10,2.7,,
2026-09-18T10:53:06.000Z,V3640186,4576,44.57221,7.84338,15082.9,4.7,1.5,119.6,-56.5,-1.0,-1.0,RS41-SG,403.700,7.9,250,10,2.7,,
2026-09-18T10:53:07.000Z,V3640186,4577,44.57220,7.84339,15087.9,5.5,1.3,153.5,-56.6,-1.0,-1.0,RS41-SG,403.700,8.9,250,10,2.7,,
2026-09-18T10:53:08.000Z,V3640186,4578,44.57219,7.84340,15093.1,4.9,1.6,172.1,-56.6,-1.0,-1.0,RS41-SG,403.700,8.9,250,10,2.8,,
2026-09-18T10:53:09.000Z,V3640186,4579,44.57217,7.84340,15098.2,5.3,2.0,169.1,-56.6,-1.0,-1.0,RS41-SG,403.700,7.8,250,10,2.8,,
2026-09-18T10:53:10.000Z,V3640186,4580,44.57215,7.84341,15104.1,6.5,2.3,143.8,-56.8,-1.0,-1.0,RS41-SG,403.700,8.0,250,10,2.8,,
2026-09-18T10:53:11.000Z,V3640186,4581,44.57214,7.84344,15109.9,4.8,3.2,134.6,-56.8,-1.0,-1.0,RS41-SG,403.700,8.6,250,10,2.7,,
2026-09-18T10:53:12.000Z,V3640186,4582,44.57211,7.84347,15114.3,3.4,3.9,132.0,-56.8,-1.0,-1.0,RS41-SG,403.700,8.6,250,10,2.7,,
2026-09-18T10:53:13.000Z,V3640186,4583,44.57209,7.84350,15119.0,5.8,4.6,142.0,-56.8,-1.0,-1.0,RS41-SG,403.700,9.2,250,9,2.8,,
2026-09-18T10:53:14.000Z,V3640186,4584,44.57205,7.84354,15124.6,5.6,4.8,153.5,-56.9,-1.0,-1.0,RS41-SG,403.700,9.2,250,10,2.8,,
2026-09-18T10:53:15.000Z,V3640186,4585,44.57201,7.84356,15129.2,3.5,4.9,155.3,-56.9,-1.0,-1.0,RS41-SG,403.700,8.8,250,9,2.7,,
2026-09-18T10:53:16.000Z,V3640186,4586,44.57197,7.84359,15134.4,7.1,4.2,151.1,-57.0,-1.0,-1.0,RS41-SG,403.700,9.1,250,10,2.7,,
2026-09-18T10:53:17.000Z,V3640186,4587,44.57194,7.84361,15140.7,4.9,3.7,143.3,-57.0,-1.0,-1.0,RS41-SG,403.700,9.1,250,10,2.8,,
2026-09-18T10:53:18.000Z,V3640186,4588,44.57192,7.84364,15145.4,4.4,3.5,141.3,-57.1,-1.0,-1.0,RS41-SG,403.700,8.6,250,10,2.8,,
2026-09-18T10:53:19.000Z,V3640186,4589,44.57189,7.84367,15149.8,4.3,4.0,150.6,-57.1,-1.0,-1.0,RS41-SG,403.700,9.5,250,10,2.7,,
2026-09-18T10:53:20.000Z,V3640186,4590,44.57185,7.84369,15155.2,6.4,5.1,153.8,-57.2,-1.0,-1.0,RS41-SG,403.700,9.5,250,10,2.7,,
2026-09-18T10:53:21.000Z,V3640186,4591,44.57181,7.84372,15160.7,4.6,5.6,153.8,-57.2,-1.0,-1.0,RS41-SG,403.700,8.0,250,10,2.8,,
2026-09-18T10:53:22.000Z,V3640186,4592,44.57177,7.84376,15164.5,3.2,5.7,150.0,-57.2,-1.0,-1.0,RS41-SG,403.700,8.4,250,10,2.8,,
2026-09-18T10:53:23.000Z,V3640186,4593,44.57173,7.84380,15168.4,4.6,5.6,138.2,-57.3,-1.0,-1.0,RS41-SG,403.700,9.1,250,10,2.7,,
2026-09-18T10:53:24.000Z,V3640186,4594,44.57169,7.84385,15173.0,3.9,5.5,123.1,-57.3,-1.0,-1.0,RS41-SG,403.700,9.7,250,10,2.7,,
2026-09-18T10:53:25.000Z,V3640186,4595,44.57167,7.84391,15177.0,3.8,5.9,114.9,-57.3,-1.0,-1.0,RS41-SG,403.700,9.7,250,10,2.8,,
2026-09-18T10:53:26.000Z,V3640186,4596,44.57165,7.84398,15181.1,4.9,6.7,112.1,-57.4,-1.0,-1.0,RS41-SG,403.700,8.8,250,10,2.8,,
2026-09-18T10:53:27.000Z,V3640186,4597,44.57162,7.84406,15185.6,4.1,6.8,116.9,-57.4,-1.0,-1.0,RS41-SG,403.700,8.8,250,10,2.8,,
2026-09-18T10:53:28.000Z,V3640186,4598,44.57159,7.84413,15190.0,4.5,6.6,127.6,-57.3,-1.0,-1.0,RS41-SG,403.700,9.3,250,10,2.7,,
2026-09-18T10:53:29.000Z,V3640186,4599,44.57155,7.84419,15194.5,4.0,6.2,140.6,-57.3,-1.0,-1.0,RS41-SG,403.700,9.3,250,10,2.7,,
2026-09-18T10:53:30.000Z,V3640186,4600,44.57150,7.84423,15197.8,2.3,5.9,150.1,-57.2,-1.0,-1.0,RS41-SG,403.700,9.2,250,10,2.7,,
2026-09-18T10:53:31.000Z,V3640186,4601,44.57146,7.84427,15201.4,4.8,6.0,155.7,-57.2,-1.0,-1.0,RS41-SG,403.700,8.7,250,10,2.8,,
2026-09-18T10:53:32.000Z,V3640186,4602,44.57141,7.84430,15206.4,5.1,5.9,154.7,-57.3,-1.0,-1.0,RS41-SG,403.700,7.8,250,10,2.8,,
2026-09-18T10:53:33.000Z,V3640186,4603,44.57136,7.84433,15211.3,4.8,5.6,155.3,-57.2,-1.0,-1.0,RS41-SG,403.700,8.3,250,10,2.8,,
2026-09-18T10:53:34.000Z,V3640186,4604,44.57132,7.84435,15215.8,3.6,5.1,156.6,-57.2,-1.0,-1.0,RS41-SG,403.700,8.8,250,10,2.7,,
2026-09-18T10:53:35.000Z,V3640186,4605,44.57128,7.84438,15219.7,3.6,4.7,159.1,-57.2,2.5,-1.0,RS41-SG,403.700,8.8,250,10,2.7,,
2026-09-18T10:53:36.000Z,V3640186,4606,44.57124,7.84440,15224.0,4.9,3.9,161.1,-57.3,2.5,-1.0,RS41-SG,403.700,8.4,250,10,2.7,,
2026-09-18T10:53:37.000Z,V3640186,4607,44.57121,7.84441,15228.8,4.4,3.0,158.6,-57.3,2.4,-1.0,RS41-SG,403.700,8.4,250,10,2.8,,
2026-09-18T10:53:38.000Z,V3640186,4608,44.57119,7.84443,15232.8,3.8,2.6,144.7,-57.4,2.4,-1.0,RS41-SG,403.700,8.0,250,10,2.8,,
2026-09-18T10:53:39.000Z,V3640186,4609,44.57117,7.84445,15237.0,4.3,3.4,130.0,-57.4,2.4,-1.0,RS41-SG,403.700,8.3,250,10,2.8,,
2026-09-18T10:53:40.000Z,V3640186,4610,44.57115,7.84449,15241.7,4.6,4.7,122.8,-57.4,2.4,-1.0,RS41-SG,403.700,8.3,250,10,2.7,,
2026-09-18T10:53:41.000Z,V3640186,4611,44.57112,7.84455,15245.9,3.6,5.8,122.7,-57.4,2.4,-1.0,RS41-SG,403.700,9.4,250,10,2.7,,
2026-09-18T10:53:42.000Z,V3640186,4612,44.57109,7.84461,15249.7,3.6,6.2,127.1,-57.4,2.4,-1.0,RS41-SG,403.700,9.5,250,10,2.7,,
2026-09-18T10:53:43.000Z,V3640186,4613,44.57106,7.84467,15254.0,5.0,5.4,132.5,-57.4,2.5,-1.0,RS41-SG,403.700,10.1,250,10,2.8,,
2026-09-18T10:53:44.000Z,V3640186,4614,44.57103,7.84471,15259.0,5.5,4.3,145.1,-57.4,2.5,-1.0,RS41-SG,403.700,10.1,250,10,2.8,,
2026-09-18T10:53:45.000Z,V3640186,4615,44.57100,7.84473,15263.3,2.7,3.8,157.7,-57.3,2.6,-1.0,RS41-SG,403.700,9.4,250,10,2.8,,
2026-09-18T10:53:46.000Z,V3640186,4616,44.57096,7.84474,15266.5,3.4,3.6,173.3,-57.4,2.5,-1.0,RS41-SG,403.700,8.7,250,10,2.7,,
2026-09-18T10:53:47.000Z,V3640186,4617,44.57093,7.84475,15270.8,4.9,3.8,176.4,-57.3,2.6,-1.0,RS41-SG,403.700,8.6,250,10,2.7,,
2026-09-18T10:53:48.000Z,V3640186,4618,44.57090,7.84475,15275.3,4.3,4.0,171.6,-57.4,2.6,-1.0,RS41-SG,403.700,8.6,250,10,2.7,,
2026-09-18T10:53:49.000Z,V3640186,4619,44.57086,7.84476,15279.3,3.8,3.9,166.7,-57.4,2.6,-1.0,RS41-SG,403.700,8.2,250,10,2.8,,
2026-09-18T10:53:50.000Z,V3640186,4620,44.57083,7.84477,15283.6,4.9,3.7,166.5,-57.4,2.6,-1.0,RS41-SG,403.700,8.3,250,10,2.8,,
2026-09-18T10:53:51.000Z,V3640186,4621,44.57080,7.84478,15288.6,4.6,3.6,169.9,-57.3,2.6,-1.0,RS41-SG,403.700,8.3,250,9,2.8,,
2026-09-18T10:53:52.000Z,V3640186,4622,44.57077,7.84479,15292.9,3.7,3.6,163.0,-57.3,2.6,-1.0,RS41-SG,403.700,8.9,250,9,2.7,,
2026-09-18T10:53:53.000Z,V3640186,4623,44.57073,7.84481,15296.9,3.7,3.9,151.5,-57.3,2.6,-1.0,RS41-SG,403.700,9.1,250,9,2.7,,
2026-09-18T10:53:54.000Z,V3640186,4624,44.57070,7.84484,15301.4,5.4,4.4,139.5,-57.2,2.5,-1.0,RS41-SG,403.700,9.1,250,9,2.7,,
2026-09-18T10:53:55.000Z,V3640186,4625,44.57067,7.84488,15305.3,2.9,4.7,136.3,-57.1,2.5,-1.0,RS41-SG,403.700,9.6,250,10,2.8,,
2026-09-18T10:53:56.000Z,V3640186,4626,44.57064,7.84492,15308.8,4.0,4.7,136.4,-57.0,2.5,-1.0,RS41-SG,403.700,9.6,250,10,2.8,,
2026-09-18T10:53:57.000Z,V3640186,4627,44.57061,7.84495,15313.4,4.9,4.0,143.6,-57.0,2.5,-1.0,RS41-SG,403.700,9.3,250,10,2.8,,
2026-09-18T10:53:58.000Z,V3640186,4628,44.57058,7.84498,15318.5,5.0,3.7,157.6,-57.1,2.5,-1.0,RS41-SG,403.700,9.8,250,10,2.7,,
2026-09-18T10:53:59.000Z,V3640186,4629,44.57055,7.84499,15323.2,4.0,3.7,163.8,-57.0,2.5,-1.0,RS41-SG,403.700,9.8,250,10,2.7,,
2026-09-18T10:54:00.000Z,V3640186,4630,44.57052,7.84501,15327.0,3.5,3.9,166.1,-57.0,2.5,-1.0,RS41-SG,403.700,9.6,250,10,2.7,,
2026-09-18T10:54:01.000Z,V3640186,4631,44.57048,7.84501,15330.7,4.1,4.1,172.7,-57.0,2.5,-1.0,RS41-SG,403.700,9.6,250,10,2.8,,
2026-09-18T10:54:02.000Z,V3640186,4632,44.57045,7.84502,15335.5,5.7,4.2,180.6,-57.0,2.4,-1.0,RS41-SG,403.700,9.1,250,10,2.8,,
2026-09-18T10:54:03.000Z,V3640186,4633,44.57041,7.84502,15340.7,4.6,4.2,181.2,-57.1,2.4,-1.0,RS41-SG,403.700,9.1,250,10,2.8,,
2026-09-18T10:54:04.000Z,V3640186,4634,44.57037,7.84502,15345.0,4.0,4.0,177.2,-57.1,2.4,-1.0,RS41-SG,403.700,8.9,250,10,2.7,,
2026-09-18T10:54:05.000Z,V3640186,4635,44.57034,7.84503,15349.6,5.0,4.1,161.4,-57.1,2.4,-1.0,RS41-SG,403.700,8.9,250,10,2.7,,
2026-09-18T10:54:06.000Z,V3640186,4636,44.57030,7.84505,15354.0,3.3,4.4,150.7,-57.2,2.4,-1.0,RS41-SG,403.700,9.4,250,10,2.7,,
2026-09-18T10:54:07.000Z,V3640186,4637,44.57027,7.84508,15357.7,3.7,4.4,141.7,-57.1,2.5,-1.0,RS41-SG,403.700,9.4,250,10,2.8,,
2026-09-18T10:54:08.000Z,V3640186,4638,44.57024,7.84511,15362.2,5.2,3.6,135.9,-57.1,2.5,-1.0,RS41-SG,403.700,8.8,250,10,2.8,,
2026-09-18T10:54:09.000Z,V3640186,4639,44.57022,7.84514,15366.9,4.5,2.9,135.1,-57.2,2.5,-1.0,RS41-SG,403.700,8.8,250,10,2.8,,
2026-09-18T10:54:10.000Z,V3640186,4640,44.57020,7.84516,15371.1,3.9,2.7,140.7,-57.3,2.5,-1.0,RS41-SG,403.700,8.1,250,10,2.7,,
2026-09-18T10:54:11.000Z,V3640186,4641,44.57018,7.84518,15376.0,5.3,2.9,147.3,-57.3,2.5,-1.0,RS41-SG,403.700,8.1,250,10,2.7,,
2026-09-18T10:54:12.000Z,V3640186,4642,44.57016,7.84520,15380.9,4.1,3.1,153.5,-57.3,2.5,-1.0,RS41-SG,403.700,7.9,250,10,2.8,,
2026-09-18T10:54:13.000Z,V3640186,4643,44.57013,7.84522,15385.0,3.8,3.0,157.2,-57.4,2.5,-1.0,RS41-SG,403.700,8.3,250,10,2.8,,
2026-09-18T10:54:14.000Z,V3640186,4644,44.57011,7.84523,15389.5,5.2,2.4,160.7,-57.4,2.5,-1.0,RS41-SG,403.700,9.5,250,10,2.7,,
2026-09-18T10:54:15.000Z,V3640186,4645,44.57009,7.84524,15394.8,5.1,1.9,170.6,-57.4,2.5,-1.0,RS41-SG,403.700,9.5,250,10,2.7,,
2026-09-18T10:54:16.000Z,V3640186,4646,44.57008,7.84524,15399.3,4.1,2.1,178.3,-57.4,2.5,-1.0,RS41-SG,403.700,8.3,250,10,2.8,,
2026-09-18T10:54:17.000Z,V3640186,4647,44.57005,7.84524,15404.0,5.3,2.7,175.5,-57.4,2.5,-1.0,RS41-SG,403.700,8.3,250,10,2.8,,
2026-09-18T10:54:18.000Z,V3640186,4648,44.57003,7.84524,15408.5,3.8,2.9,174.0,-57.4,2.5,-1.0,RS41-SG,403.700,8.3,250,10,2.7,,
2026-09-18T10:54:19.000Z,V3640186,4649,44.57000,7.84525,15412.8,4.4,2.6,169.2,-57.5,2.6,-1.0,RS41-SG,403.700,8.5,250,10,2.7,,
2026-09-18T10:54:20.000Z,V3640186,4650,44.56998,7.84526,15417.2,4.4,2.1,159.9,-57.6,2.6,-1.0,RS41-SG,403.700,8.5,250,10,2.8,,
2026-09-18T10:54:21.000Z,V3640186,4651,44.56997,7.84527,15421.8,4.7,2.2,147.6,-57.6,2.5,-1.0,RS41-SG,403.700,8.1,250,9,2.8,,
2026-09-18T10:54:22.000Z,V3640186,4652,44.56995,7.84529,15426.6,5.0,2.5,144.6,-57.6,2.5,-1.0,RS41-SG,403.700,8.6,250,10,2.7,,
2026-09-18T10:54:23.000Z,V3640186,4653,44.56993,7.84531,15431.3,3.9,3.0,143.5,-57.6,2.5,-1.0,RS41-SG,403.700,9.5,250,10,2.7,,
2026-09-18T10:54:24.000Z,V3640186,4654,44.56991,7.84533,15435.8,4.9,3.0,140.5,-57.6,2.5,-1.0,RS41-SG,403.700,10.0,250,10,2.8,,
2026-09-18T10:54:25.000Z,V3640186,4655,44.56989,7.84535,15440.3,4.1,2.7,134.5,-57.6,2.5,-1.0,RS41-SG,403.700,10.0,250,10,2.8,,
2026-09-18T10:54:26.000Z,V3640186,4656,44.56987,7.84538,15444.8,5.1,2.6,136.3,-57.6,2.5,-1.0,RS41-SG,403.700,9.8,250,10,2.7,,
2026-09-18T10:54:27.000Z,V3640186,4657,44.56985,7.84540,15449.6,4.7,2.7,144.7,-57.6,2.6,-1.0,RS41-SG,403.700,9.8,250,10,2.7,,
2026-09-18T10:54:28.000Z,V3640186,4658,44.56983,7.84541,15453.8,3.5,2.8,152.3,-57.6,2.6,-1.0,RS41-SG,403.700,9.6,250,10,2.8,,
2026-09-18T10:54:29.000Z,V3640186,4659,44.56981,7.84543,15457.8,5.0,2.4,162.1,-57.7,2.6,-1.0,RS41-SG,403.700,9.6,250,10,2.8,,
2026-09-18T10:54:30.000Z,V3640186,4660,44.56979,7.84543,15462.9,5.1,1.9,170.3,-57.8,2.5,-1.0,RS41-SG,403.700,9.4,250,10,2.8,,
2026-09-18T10:54:31.000Z,V3640186,4661,44.56978,7.84544,15467.7,4.1,1.8,176.0,-57.9,2.5,-1.0,RS41-SG,403.700,9.8,250,10,2.7,,
2026-09-18T10:54:32.000Z,V3640186,4662,44.56976,7.84544,15472.0,4.0,2.2,166.9,-57.9,2.5,-1.0,RS41-SG,403.700,9.8,250,9,2.7,,
2026-09-18T10:54:33.000Z,V3640186,4663,44.56974,7.84545,15476.9,5.7,2.8,160.2,-58.0,2.4,-1.0,RS41-SG,403.700,8.3,250,9,2.7,,
2026-09-18T10:54:34.000Z,V3640186,4664,44.56971,7.84546,15481.4,3.4,3.1,156.5,-57.9,2.5,-1.0,RS41-SG,403.700,8.6,250,10,2.8,,
2026-09-18T10:54:35.000Z,V3640186,4665,44.56969,7.84548,15485.1,4.1,2.9,150.9,-57.9,2.4,-1.0,RS41-SG,403.700,9.1,250,10,2.8,,
2026-09-18T10:54:36.000Z,V3640186,4666,44.56967,7.84549,15489.8,5.1,2.1,152.3,-57.9,2.5,-1.0,RS41-SG,403.700,9.1,250,10,2.8,,
2026-09-18T10:54:37.000Z,V3640186,4667,44.56965,7.84550,15495.4,5.6,1.7,158.0,-58.0,2.5,-1.0,RS41-SG,403.700,9.2,250,10,2.7,,
2026-09-18T10:54:38.000Z,V3640186,4668,44.56964,7.84551,15500.5,4.6,1.8,157.9,-58.0,2.5,-1.0,RS41-SG,403.700,9.2,250,10,2.7,,
2026-09-18T10:54:39.000Z,V3640186,4669,44.56962,7.84552,15504.6,3.2,2.3,164.1,-58.1,2.6,-1.0,RS41-SG,403.700,8.5,250,10,2.7,,
2026-09-18T10:54:40.000Z,V3640186,4670,44.56960,7.84553,15508.8,5.3,2.6,174.9,-58.2,2.6,-1.0,RS41-SG,403.700,8.0,250,10,2.8,,
2026-09-18T10:54:41.000Z,V3640186,4671,44.56958,7.84553,15513.9,4.7,2.6,178.9,-58.2,2.6,-1.0,RS41-SG,403.700,7.2,250,10,2.8,,
2026-09-18T10:54:42.000Z,V3640186,4672,44.56955,7.84553,15518.5,4.7,3.2,176.9,-58.2,2.5,-1.0,RS41-SG,403.700,7.2,250,10,2.8,,
2026-09-18T10:54:43.000Z,V3640186,4673,44.56952,7.84553,15523.1,4.0,3.9,169.0,-58.2,2.5,-1.0,RS41-SG,403.700,8.4,250,10,2.7,,
2026-09-18T10:54:44.000Z,V3640186,4674,44.56948,7.84555,15526.9,3.1,4.4,162.9,-58.2,2.6,-1.0,RS41-SG,403.700,8.7,250,10,2.7,,
2026-09-18T10:54:45.000Z,V3640186,4675,44.56945,7.84556,15531.2,5.1,4.1,161.0,-58.3,2.6,-1.0,RS41-SG,403.700,9.5,250,10,2.7,,
2026-09-18T10:54:46.000Z,V3640186,4676,44.56941,7.84558,15536.0,4.6,3.6,156.4,-58.3,2.6,-1.0,RS41-SG,403.700,9.5,250,10,2.8,,
2026-09-18T10:54:47.000Z,V3640186,4677,44.56939,7.84560,15540.2,4.1,3.4,148.2,-58.3,2.6,-1.0,RS41-SG,403.700,8.6,250,10,2.8,,
2026-09-18T10:54:48.000Z,V3640186,4678,44.56936,7.84563,15544.8,4.9,3.6,136.7,-58.4,2.6,-1.0,RS41-SG,403.700,8.8,250,10,2.8,,
2026-09-18T10:54:49.000Z,V3640186,4679,44.56934,7.84566,15549.2,3.5,3.7,133.3,-58.5,2.6,-1.0,RS41-SG,403.700,9.8,250,10,2.7,,
2026-09-18T10:54:50.000Z,V3640186,4680,44.56932,7.84569,15553.3,3.9,3.4,135.6,-58.6,2.6,-1.0,RS41-SG,403.700,10.2,250,10,2.7,,
2026-09-18T10:54:51.000Z,V3640186,4681,44.56930,7.84571,15558.1,5.2,2.6,152.7,-58.6,2.6,-1.0,RS41-SG,403.700,10.2,250,10,2.7,,
2026-09-18T10:54:52.000Z,V3640186,4682,44.56927,7.84572,15562.7,4.4,2.4,175.0,-58.5,2.5,-1.0,RS41-SG,403.700,9.2,250,9,2.8,,
2026-09-18T10:54:53.000Z,V3640186,4683,44.56925,7.84572,15566.8,3.6,2.9,181.3,-58.6,2.6,-1.0,RS41-SG,403.700,9.2,250,10,2.8,,
2026-09-18T10:54:54.000Z,V3640186,4684,44.56922,7.84572,15571.5,5.9,3.6,181.2,-58.6,2.5,-1.0,RS41-SG,403.700,9.2,250,10,2.8,,
2026-09-18T10:54:55.000Z,V3640186,4685,44.56919,7.84572,15576.5,4.1,4.2,176.0,-58.6,2.6,-1.0,RS41-SG,403.700,8.2,250,9,2.7,,
2026-09-18T10:54:56.000Z,V3640186,4686,44.56915,7.84572,15579.3,2.0,4.2,177.6,-58.6,2.6,-1.0,RS41-SG,403.700,8.5,250,10,2.7,,
2026-09-18T10:54:57.000Z,V3640186,4687,44.56911,7.84573,15583.3,5.0,4.2,175.5,-58.7,2.6,-1.0,RS41-SG,403.700,8.5,250,10,2.7,,
2026-09-18T10:54:58.000Z,V3640186,4688,44.56908,7.84573,15588.3,4.7,3.7,180.5,-58.7,2.6,-1.0,RS41-SG,403.700,8.8,250,9,2.8,,
2026-09-18T10:54:59.000Z,V3640186,4689,44.56904,7.84573,15592.9,4.1,3.6,172.2,-58.8,2.6,-1.0,RS41-SG,403.700,8.8,250,10,2.8,,
2026-09-18T10:55:00.000Z,V3640186,4690,44.56901,7.84574,15597.6,5.0,3.9,162.9,-58.8,2.6,-1.0,RS41-SG,403.700,8.2,250,10,2.8,,
2026-09-18T10:55:01.000Z,V3640186,4691,44.56898,7.84576,15602.3,3.7,4.0,157.1,-58.8,2.6,-1.0,RS41-SG,403.700,8.7,250,10,2.7,,
2026-09-18T10:55:02.000Z,V3640186,4692,44.56895,7.84578,15606.9,5.0,3.5,156.1,-58.8,2.6,-1.0,RS41-SG,403.700,9.0,250,10,2.7,,
2026-09-18T10:55:03.000Z,V3640186,4693,44.56892,7.84579,15612.1,5.2,2.6,157.6,-58.8,2.6,-1.0,RS41-SG,403.700,9.7,250,9,2.7,,
2026-09-18T10:55:04.000Z,V3640186,4694,44.56890,7.84580,15616.9,4.2,2.0,155.7,-58.9,2.7,-1.0,RS41-SG,403.700,9.7,250,9,2.8,,
2026-09-18T10:55:05.000Z,V3640186,4695,44.56889,7.84581,15622.0,5.7,2.1,148.4,-58.9,2.6,-1.0,RS41-SG,403.700,9.7,250,9,2.8,,
2026-09-18T10:55:06.000Z,V3640186,4696,44.56887,7.84583,15626.6,3.6,2.4,144.7,-58.9,2.7,-1.0,RS41-SG,403.700,9.7,250,10,2.8,,
2026-09-18T10:55:07.000Z,V3640186,4697,44.56885,7.84585,15630.9,3.9,2.5,142.4,-58.9,2.7,-1.0,RS41-SG,403.700,8.3,250,10,2.7,,
2026-09-18T10:55:08.000Z,V3640186,4698,44.56884,7.84586,15635.4,4.8,1.9,147.0,-58.9,2.7,-1.0,RS41-SG,403.700,9.4,250,9,2.7,,
2026-09-18T10:55:09.000Z,V3640186,4699,44.56882,7.84587,15640.8,6.0,1.6,158.6,-59.0,2.7,-1.0,RS41-SG,403.700,9.4,250,10,2.7,,
2026-09-18T10:55:10.000Z,V3640186,4700,44.56881,7.84588,15646.2,4.8,1.9,156.4,-58.9,2.7,-1.0,RS41-SG,403.700,9.6,250,10,2.8,,
2026-09-18T10:55:11.000Z,V3640186,4701,44.56879,7.84589,15649.9,3.0,2.3,157.6,-58.9,2.7,-1.0,RS41-SG,403.700,9.6,250,10,2.8,,
2026-09-18T10:55:12.000Z,V3640186,4702,44.56877,7.84590,15654.2,5.5,2.1,166.0,-59.0,2.7,-1.0,RS41-SG,403.700,9.1,250,10,2.8,,
2026-09-18T10:55:13.000Z,V3640186,4703,44.56875,7.84591,15659.7,5.0,2.0,177.0,-59.0,2.7,-1.0,RS41-SG,403.700,9.5,250,10,2.7,,
2026-09-18T10:55:14.000Z,V3640186,4704,44.56873,7.84591,15664.4,4.1,2.3,171.4,-59.0,2.7,-1.0,RS41-SG,403.700,10.2,250,10,2.7,,
2026-09-18T10:55:15.000Z,V3640186,4705,44.56871,7.84592,15669.3,5.4,2.9,160.1,-59.1,2.7,-1.0,RS41-SG,403.700,10.2,250,10,2.7,,
2026-09-18T10:55:16.000Z,V3640186,4706,44.56869,7.84593,15674.0,4.6,3.2,155.2,-59.1,2.7,-1.0,RS41-SG,403.700,9.3,250,10,2.8,,
2026-09-18T10:55:17.000Z,V3640186,4707,44.56866,7.84595,15678.1,4.3,2.9,158.3,-59.1,2.7,-1.0,RS41-SG,403.700,9.3,250,10,2.8,,
2026-09-18T10:55:18.000Z,V3640186,4708,44.56864,7.84596,15682.9,5.1,2.2,170.4,-59.2,2.7,-1.0,RS41-SG,403.700,9.3,250,10,2.8,,
2026-09-18T10:55:19.000Z,V3640186,4709,44.56862,7.84596,15688.0,4.5,1.2,188.2,-59.2,2.7,-1.0,RS41-SG,403.700,9.3,250,10,2.7,,
2026-09-18T10:55:20.000Z,V3640186,4710,44.56862,7.84595,15692.4,3.6,0.4,201.1,-59.2,2.7,-1.0,RS41-SG,403.700,9.0,250,10,2.7,,
2026-09-18T10:55:21.000Z,V3640186,4711,44.56862,7.84596,15697.2,5.5,1.0,44.9,-59.3,2.6,-1.0,RS41-SG,403.700,8.7,250,10,2.7,,
2026-09-18T10:55:22.000Z,V3640186,4712,44.56863,7.84597,15702.2,4.9,1.9,48.7,-59.3,2.6,-1.0,RS41-SG,403.700,9.4,250,10,2.8,,
2026-09-18T10:55:23.000Z,V3640186,4713,44.56864,7.84599,15706.8,4.4,2.1,55.4,-59.3,2.7,-1.0,RS41-SG,403.700,9.4,250,10,2.8,,
2026-09-18T10:55:24.000Z,V3640186,4714,44.56865,7.84601,15712.4,6.6,1.3,50.3,-59.2,2.6,-1.0,RS41-SG,403.700,9.3,250,10,2.8,,
2026-09-18T10:55:25.000Z,V3640186,4715,44.56865,7.84602,15717.8,3.6,0.6,82.0,-59.1,2.6,-1.0,RS41-SG,403.700,8.4,250,9,2.7,,
2026-09-18T10:55:26.000Z,V3640186,4716,44.56865,7.84602,15721.8,3.7,0.8,151.8,-59.0,2.6,-1.0,RS41-SG,403.700,8.7,250,9,2.7,,
2026-09-18T10:55:27.000Z,V3640186,4717,44.56864,7.84603,15726.4,5.3,1.6,152.7,-59.0,2.6,-1.0,RS41-SG,403.700,8.7,250,10,2.7,,
2026-09-18T10:55:28.000Z,V3640186,4718,44.56862,7.84604,15731.6,5.0,2.2,152.7,-59.0,2.6,-1.0,RS41-SG,403.700,8.3,250,10,2.8,,
2026-09-18T10:55:29.000Z,V3640186,4719,44.56860,7.84605,15736.1,4.2,2.4,157.9,-58.9,2.6,-1.0,RS41-SG,403.700,8.3,250,10,2.8,,
2026-09-18T10:55:30.000Z,V3640186,4720,44.56858,7.84606,15740.5,4.5,2.1,172.7,-58.9,2.6,-1.0,RS41-SG,403.700,9.0,250,10,2.8,,
2026-09-18T10:55:31.000Z,V3640186,4721,44.56857,7.84606,15745.7,5.0,1.7,196.8,-59.0,2.6,-1.0,RS41-SG,403.700,9.5,250,10,2.7,,
2026-09-18T10:55:32.000Z,V3640186,4722,44.56856,7.84605,15750.8,4.7,1.0,194.2,-59.0,2.5,-1.0,RS41-SG,403.700,9.5,250,10,2.7,,
2026-09-18T10:55:33.000Z,V3640186,4723,44.56855,7.84605,15754.7,3.5,0.4,130.7,-59.0,2.5,-1.0,RS41-SG,403.700,9.3,250,10,2.7,,
2026-09-18T10:55:34.000Z,V3640186,4724,44.56855,7.84606,15758.3,3.6,0.8,50.9,-58.9,2.5,-1.0,RS41-SG,403.700,10.1,250,9,2.8,,
2026-09-18T10:55:35.000Z,V3640186,4725,44.56856,7.84607,15762.9,5.3,1.2,22.4,-59.0,2.5,-1.0,RS41-SG,403.700,10.1,250,9,2.8,,
2026-09-18T10:55:36.000Z,V3640186,4726,44.56857,7.84607,15767.7,4.3,1.1,25.0,-59.1,2.5,-1.0,RS41-SG,403.700,9.8,250,10,2.8,,
2026-09-18T10:55:37.000Z,V3640186,4727,44.56858,7.84608,15771.8,3.7,1.4,40.2,-59.0,2.5,-1.0,RS41-SG,403.700,9.1,250,10,2.7,,
2026-09-18T10:55:38.000Z,V3640186,4728,44.56859,7.84609,15776.3,4.8,1.9,69.3,-59.0,2.5,-1.0,RS41-SG,403.700,8.8,250,10,2.7,,
2026-09-18T10:55:39.000Z,V3640186,4729,44.56859,7.84612,15780.9,4.2,2.6,78.5,-59.1,2.5,-1.0,RS41-SG,403.700,9.0,250,10,2.7,,
2026-09-18T10:55:40.000Z,V3640186,4730,44.56859,7.84616,15784.6,3.2,3.0,88.7,-59.2,2.5,-1.0,RS41-SG,403.700,9.0,250,10,2.8,,
2026-09-18T10:55:41.000Z,V3640186,4731,44.56859,7.84619,15788.7,5.0,2.4,97.6,-59.2,2.5,-1.0,RS41-SG,403.700,9.5,250,9,2.8,,
2026-09-18T10:55:42.000Z,V3640186,4732,44.56859,7.84622,15793.6,4.8,1.8,111.9,-59.2,2.5,-1.0,RS41-SG,403.700,9.5,250,10,2.8,,
2026-09-18T10:55:43.000Z,V3640186,4733,44.56858,7.84623,15797.9,3.8,1.6,126.9,-59.2,2.5,-1.0,RS41-SG,403.700,9.0,250,10,2.7,,
2026-09-18T10:55:44.000Z,V3640186,4734,44.56857,7.84625,15802.3,4.6,1.9,139.0,-59.2,2.5,-1.0,RS41-SG,403.700,9.4,250,9,2.7,,
2026-09-18T10:55:45.000Z,V3640186,4735,44.56856,7.84627,15806.3,3.3,2.3,146.5,-59.1,2.5,-1.0,RS41-SG,403.700,10.9,250,10,2.7,,
2026-09-18T10:55:46.000Z,V3640186,4736,44.56854,7.84628,15809.7,3.4,2.4,150.9,-59.0,2.5,-1.0,RS41-SG,403.700,10.9,250,10,2.8,,
2026-09-18T10:55:47.000Z,V3640186,4737,44.56852,7.84629,15813.8,4.7,1.8,166.1,-59.0,2.5,-1.0,RS41-SG,403.700,10.2,250,9,2.8,,
2026-09-18T10:55:48.000Z,V3640186,4738,44.56851,7.84630,15818.9,5.1,1.1,158.2,-59.0,2.5,-1.0,RS41-SG,403.700,10.3,250,10,2.8,,
2026-09-18T10:55:49.000Z,V3640186,4739,44.56850,7.84631,15823.4,3.9,1.0,87.4,-59.0,2.4,-1.0,RS41-SG,403.700,10.3,250,10,2.7,,
2026-09-18T10:55:50.000Z,V3640186,4740,44.56851,7.84633,15827.3,3.8,2.5,71.3,-58.9,2.4,-1.0,RS41-SG,403.700,7.6,250,10,2.7,,
2026-09-18T10:55:51.000Z,V3640186,4741,44.56852,7.84637,15832.0,5.2,4.5,71.0,-58.9,2.4,-1.0,RS41-SG,403.700,9.4,250,9,2.7,,
2026-09-18T10:55:52.000Z,V3640186,4742,44.56853,7.84643,15836.4,3.3,5.4,75.9,-58.9,2.4,-1.0,RS41-SG,403.700,9.4,250,10,2.8,,
2026-09-18T10:55:53.000Z,V3640186,4743,44.56854,7.84650,15839.8,3.6,5.8,83.9,-58.6,2.3,-1.0,RS41-SG,403.700,9.0,250,10,2.8,,
2026-09-18T10:55:54.000Z,V3640186,4744,44.56854,7.84657,15844.3,5.6,5.3,91.3,-58.5,2.3,-1.0,RS41-SG,403.700,8.3,250,9,2.8,,
2026-09-18T10:55:55.000Z,V3640186,4745,44.56854,7.84663,15849.9,5.4,4.2,99.1,-58.5,2.3,-1.0,RS41-SG,403.700,9.0,250,10,2.7,,
2026-09-18T10:55:56.000Z,V3640186,4746,44.56853,7.84667,15855.2,4.8,3.6,116.9,-58.5,2.3,-1.0,RS41-SG,403.700,9.0,250,10,2.7,,
2026-09-18T10:55:57.000Z,V3640186,4747,44.56851,7.84671,15859.1,2.7,3.5,128.7,-58.5,2.3,-1.0,RS41-SG,403.700,9.1,250,10,2.7,,
2026-09-18T10:55:58.000Z,V3640186,4748,44.56849,7.84673,15862.8,4.8,2.5,148.3,-58.4,2.3,-1.0,RS41-SG,403.700,9.7,250,10,2.8,,
2026-09-18T10:55:59.000Z,V3640186,4749,44.56847,7.84675,15867.4,4.8,1.5,171.7,-58.3,2.2,-1.0,RS41-SG,403.700,9.7,250,10,2.8,,
2026-09-18T10:56:01.000Z,V3640186,4751,44.56846,7.84675,15876.3,4.8,0.6,128.2,-58.2,2.2,-1.0,RS41-SG,403.700,6.9,250,10,2.7,,
2026-09-18T10:56:02.000Z,V3640186,4752,44.56845,7.84676,15880.9,4.0,1.2,120.2,-58.3,2.2,-1.0,RS41-SG,403.700,7.5,250,10,2.7,,
2026-09-18T10:56:03.000Z,V3640186,4753,44.56845,7.84678,15885.0,3.6,1.6,114.2,-58.2,2.2,-1.0,RS41-SG,403.700,7.9,250,10,2.7,,
2026-09-18T10:56:04.000Z,V3640186,4754,44.56844,7.84679,15889.3,5.0,1.5,112.1,-58.1,2.2,-1.0,RS41-SG,403.700,9.1,250,9,2.8,,
2026-09-18T10:56:05.000Z,V3640186,4755,44.56844,7.84681,15894.0,4.6,1.3,116.0,-58.1,2.2,-1.0,RS41-SG,403.700,10.0,250,9,2.8,,
2026-09-18T10:56:06.000Z,V3640186,4756,44.56843,7.84682,15898.5,4.0,1.5,130.4,-58.1,2.2,-1.0,RS41-SG,403.700,10.0,250,10,2.8,,
2026-09-18T10:56:07.000Z,V3640186,4757,44.56842,7.84684,15902.8,4.5,2.7,137.7,-58.1,2.2,-1.0,RS41-SG,403.700,10.5,250,10,2.7,,
2026-09-18T10:56:08.000Z,V3640186,4758,44.56840,7.84687,15907.1,4.1,4.1,136.3,-58.1,2.2,-1.0,RS41-SG,403.700,10.5,250,9,2.7,,
2026-09-18T10:56:09.000Z,V3640186,4759,44.56837,7.84691,15910.7,2.4,4.7,131.7,-58.0,2.2,-1.0,RS41-SG,403.700,10.3,250,10,2.7,,
2026-09-18T10:56:10.000Z,V3640186,4760,44.56834,7.84696,15914.0,4.4,5.0,121.6,-58.0,2.2,-1.0,RS41-SG,403.700,10.4,250,10,2.8,,
2026-09-18T10:56:11.000Z,V3640186,4761,44.56833,7.84701,15918.7,5.0,4.9,107.2,-58.0,2.1,-1.0,RS41-SG,403.700,10.4,250,10,2.8,,
2026-09-18T10:56:12.000Z,V3640186,4762,44.56832,7.84707,15923.4,4.2,4.9,98.6,-57.9,2.1,-1.0,RS41-SG,403.700,9.9,250,10,2.8,,
2026-09-18T10:56:13.000Z,V3640186,4763,44.56831,7.84714,15927.8,4.2,5.2,99.3,-57.9,2.2,-1.0,RS41-SG,403.700,9.8,250,10,2.7,,
2026-09-18T10:56:14.000Z,V3640186,4764,44.56830,7.84720,15932.4,4.9,5.3,101.0,-58.0,2.1,-1.0,RS41-SG,403.700,9.8,250,10,2.7,,
2026-09-18T10:56:15.000Z,V3640186,4765,44.56829,7.84726,15936.4,3.0,4.9,106.0,-57.9,2.1,-1.0,RS41-SG,403.700,9.8,250,10,2.7,,
2026-09-18T10:56:16.000Z,V3640186,4766,44.56828,7.84732,15939.7,4.0,3.9,109.7,-57.8,2.1,-1.0,RS41-SG,403.700,9.8,250,10,2.8,,
2026-09-18T10:56:17.000Z,V3640186,4767,44.56827,7.84736,15944.4,5.6,2.6,107.9,-57.8,2.1,-1.0,RS41-SG,403.700,9.8,250,9,2.8,,
2026-09-18T10:56:18.000Z,V3640186,4768,44.56826,7.84738,15949.4,4.5,1.8,109.6,-57.7,2.0,-1.0,RS41-SG,403.700,9.1,250,9,2.8,,
2026-09-18T10:56:19.000Z,V3640186,4769,44.56826,7.84740,15953.4,3.2,1.8,121.8,-57.7,2.1,-1.0,RS41-SG,403.700,10.0,250,9,2.7,,
2026-09-18T10:56:20.000Z,V3640186,4770,44.56824,7.84742,15957.8,4.8,2.9,135.4,-57.7,2.1,-1.0,RS41-SG,403.700,10.0,250,10,2.7,,
2026-09-18T10:56:21.000Z,V3640186,4771,44.56822,7.84745,15962.4,4.4,3.8,134.4,-57.6,2.0,-1.0,RS41-SG,403.700,9.4,250,10,2.7,,
2026-09-18T10:56:22.000Z,V3640186,4772,44.56820,7.84749,15965.8,2.4,4.6,131.6,-57.5,2.0,-1.0,RS41-SG,403.700,9.2,250,10,2.8,,
2026-09-18T10:56:23.000Z,V3640186,4773,44.56817,7.84754,15969.5,5.0,5.1,120.9,-57.5,2.1,-1.0,RS41-SG,403.700,9.2,250,10,2.8,,
2026-09-18T10:56:24.000Z,V3640186,4774,44.56815,7.84760,15974.5,4.4,5.3,107.6,-57.5,2.0,-1.0,RS41-SG,403.700,8.1,250,10,2.8,,
2026-09-18T10:56:25.000Z,V3640186,4775,44.56814,7.84766,15978.7,3.7,5.5,102.2,-57.4,2.1,-1.0,RS41-SG,403.700,8.6,250,10,2.7,,
2026-09-18T10:56:26.000Z,V3640186,4776,44.56813,7.84773,15983.1,4.7,6.0,100.5,-57.4,2.0,-1.0,RS41-SG,403.700,8.8,250,10,2.7,,
2026-09-18T10:56:27.000Z,V3640186,4777,44.56812,7.84781,15987.5,3.7,6.0,101.8,-57.5,2.0,-1.0,RS41-SG,403.700,8.8,250,10,2.7,,
2026-09-18T10:56:28.000Z,V3640186,4778,44.56811,7.84788,15991.5,4.4,5.3,103.3,-57.5,2.0,-1.0,RS41-SG,403.700,9.3,250,10,2.8,,
2026-09-18T10:56:29.000Z,V3640186,4779,44.56810,7.84794,15995.9,4.7,4.2,99.5,-57.6,2.0,-1.0,RS41-SG,403.700,9.3,250,10,2.8,,
2026-09-18T10:56:30.000Z,V3640186,4780,44.56809,7.84798,16000.3,4.2,3.3,100.6,-57.7,2.0,-1.0,RS41-SG,403.700,9.7,250,10,2.8,,
2026-09-18T10:56:31.000Z,V3640186,4781,44.56809,7.84802,16004.6,3.9,3.1,109.4,-57.8,2.0,-1.0,RS41-SG,403.700,10.2,250,10,2.7,,
2026-09-18T10:56:32.000Z,V3640186,4782,44.56807,7.84806,16008.7,3.9,3.2,120.0,-57.8,2.0,-1.0,RS41-SG,403.700,10.2,250,10,2.7,,
2026-09-18T10:56:33.000Z,V3640186,4783,44.56806,7.84809,16012.5,3.4,3.2,125.1,-57.8,2.0,-1.0,RS41-SG,403.700,9.6,250,10,2.7,,
2026-09-18T10:56:34.000Z,V3640186,4784,44.56804,7.84812,16016.7,4.6,2.9,122.4,-57.8,2.0,-1.0,RS41-SG,403.700,9.6,250,10,2.8,,
2026-09-18T10:56:35.000Z,V3640186,4785,44.56803,7.84815,16021.4,4.8,2.4,118.6,-57.9,2.0,-1.0,RS41-SG,403.700,9.4,250,10,2.8,,
2026-09-18T10:56:36.000Z,V3640186,4786,44.56802,7.84818,16026.0,4.0,2.6,116.4,-57.9,2.0,-1.0,RS41-SG,403.700,9.4,250,10,2.8,,
2026-09-18T10:56:37.000Z,V3640186,4787,44.56801,7.84821,16030.4,4.3,3.2,121.3,-57.8,2.1,-1.0,RS41-SG,403.700,9.3,250,10,2.7,,
2026-09-18T10:56:38.000Z,V3640186,4788,44.56799,7.84825,16035.2,5.0,4.4,125.8,-57.8,2.1,-1.0,RS41-SG,403.700,9.5,250,10,2.7,,
2026-09-18T10:56:39.000Z,V3640186,4789,44.56797,7.84829,16039.6,3.7,5.0,126.3,-57.7,2.1,-1.0,RS41-SG,403.700,9.5,250,10,2.7,,
2026-09-18T10:56:40.000Z,V3640186,4790,44.56794,7.84835,16043.1,3.3,5.1,125.0,-57.7,2.1,-1.0,RS41-SG,403.700,8.5,250,10,2.8,,
2026-09-18T10:56:41.000Z,V3640186,4791,44.56792,7.84840,16047.4,5.4,4.4,116.4,-57.8,2.1,-1.0,RS41-SG,403.700,9.5,250,9,2.8,,
2026-09-18T10:56:42.000Z,V3640186,4792,44.56790,7.84845,16052.7,5.3,3.9,101.3,-57.8,2.1,-1.0,RS41-SG,403.700,9.5,250,10,2.8,,
2026-09-18T10:56:43.000Z,V3640186,4793,44.56790,7.84849,16057.4,3.7,3.9,91.5,-57.8,2.1,-1.0,RS41-SG,403.700,7.6,250,10,2.7,,
2026-09-18T10:56:44.000Z,V3640186,4794,44.56790,7.84855,16062.0,5.1,4.5,95.2,-57.8,2.1,-1.0,RS41-SG,403.700,10.4,250,10,2.7,,
2026-09-18T10:56:45.000Z,V3640186,4795,44.56789,7.84860,16066.7,4.2,4.7,105.1,-57.8,2.1,-1.0,RS41-SG,403.700,10.4,250,10,2.7,,
2026-09-18T10:56:46.000Z,V3640186,4796,44.56788,7.84866,16071.3,5.2,4.8,111.2,-57.9,2.0,-1.0,RS41-SG,403.700,9.5,250,10,2.8,,
2026-09-18T10:56:47.000Z,V3640186,4797,44.56786,7.84871,16075.7,4.2,4.7,118.6,-58.0,2.0,-1.0,RS41-SG,403.700,10.2,250,10,2.8,,
2026-09-18T10:56:48.000Z,V3640186,4798,44.56784,7.84876,16080.1,4.6,4.5,129.7,-58.0,2.0,-1.0,RS41-SG,403.700,10.2,250,10,2.8,,
2026-09-18T10:56:49.000Z,V3640186,4799,44.56781,7.84880,16084.6,3.9,5.0,140.3,-58.0,1.9,-1.0,RS41-SG,403.700,10.8,250,10,2.7,,
2026-09-18T10:56:50.000Z,V3640186,4800,44.56777,7.84884,16088.2,2.9,5.3,142.4,-58.0,1.9,-1.0,RS41-SG,403.700,10.8,250,10,2.7,,
2026-09-18T10:56:51.000Z,V3640186,4801,44.56774,7.84889,16091.8,4.2,5.2,135.8,-58.0,2.0,-1.0,RS41-SG,403.700,10.6,250,10,2.7,,
2026-09-18T10:56:52.000Z,V3640186,4802,44.56771,7.84893,16096.7,5.6,4.7,124.7,-58.2,2.0,-1.0,RS41-SG,403.700,10.6,250,10,2.8,,
2026-09-18T10:56:53.000Z,V3640186,4803,44.56769,7.84898,16101.8,4.5,4.2,113.6,-58.2,2.0,-1.0,RS41-SG,403.700,10.1,250,10,2.8,,
2026-09-18T10:56:54.000Z,V3640186,4804,44.56767,7.84903,16105.8,3.3,4.0,109.8,-58.2,2.0,-1.0,RS41-SG,403.700,10.1,250,10,2.8,,
2026-09-18T10:56:54.999Z,V3640186,4805,44.56766,7.84907,16110.3,5.5,3.6,111.9,-58.3,2.0,-1.0,RS41-SG,403.700,9.6,250,10,2.7,,
2026-09-18T10:56:55.999Z,V3640186,4806,44.56765,7.84911,16115.2,3.9,3.3,121.4,-58.3,2.1,-1.0,RS41-SG,403.700,9.4,250,10,2.7,,
2026-09-18T10:56:56.999Z,V3640186,4807,44.56763,7.84915,16118.9,3.5,2.9,125.5,-58.3,2.1,-1.0,RS41-SG,403.700,8.9,250,10,2.7,,
2026-09-18T10:56:57.999Z,V3640186,4808,44.56762,7.84917,16123.2,5.1,2.4,119.2,-58.2,2.0,-1.0,RS41-SG,403.700,8.6,250,10,2.8,,
2026-09-18T10:56:58.999Z,V3640186,4809,44.56761,7.84920,16128.1,4.9,2.1,108.8,-58.3,2.1,-1.0,RS41-SG,403.700,8.7,250,10,2.8,,
2026-09-18T10:56:59.999Z,V3640186,4810,44.56760,7.84922,16133.3,5.4,2.3,118.6,-58.3,2.0,-1.0,RS41-SG,403.700,8.7,250,10,2.8,,
2026-09-18T10:57:00.999Z,V3640186,4811,44.56759,7.84925,16137.7,3.1,2.6,127.7,-58.2,2.0,-1.0,RS41-SG,403.700,8.2,250,10,2.7,,
2026-09-18T10:57:01.999Z,V3640186,4812,44.56758,7.84927,16141.7,4.6,2.8,132.9,-58.2,2.0,-1.0,RS41-SG,403.700,9.7,250,10,2.7,,
2026-09-18T10:57:02.999Z,V3640186,4813,44.56756,7.84930,16146.2,4.4,2.8,126.1,-58.2,2.0,-1.0,RS41-SG,403.700,9.7,250,10,2.7,,
2026-09-18T10:57:03.999Z,V3640186,4814,44.56754,7.84933,16151.6,6.1,3.3,127.6,-58.3,2.1,-1.0,RS41-SG,403.700,9.1,250,10,2.8,,
2026-09-18T10:57:04.999Z,V3640186,4815,44.56752,7.84937,16156.4,3.9,3.6,133.3,-58.3,2.0,-1.0,RS41-SG,403.700,9.1,250,10,2.8,,
2026-09-18T10:57:05.999Z,V3640186,4816,44.56750,7.84940,16160.2,3.2,3.9,137.2,-58.2,2.0,-1.0,RS41-SG,403.700,8.1,250,10,2.8,,
2026-09-18T10:57:06.999Z,V3640186,4817,44.56747,7.84943,16164.4,5.3,4.0,132.8,-58.2,2.0,-1.0,RS41-SG,403.700,8.8,250,10,2.7,,
2026-09-18T10:57:07.999Z,V3640186,4818,44.56745,7.84947,16169.7,5.1,3.8,128.0,-58.2,2.0,-1.0,RS41-SG,403.700,10.6,250,9,2.7,,
2026-09-18T10:57:08.999Z,V3640186,4819,44.56743,7.84951,16174.6,4.8,3.7,133.6,-58.1,2.0,-1.0,RS41-SG,403.700,10.6,250,10,2.7,,
2026-09-18T10:57:09.999Z,V3640186,4820,44.56740,7.84954,16179.5,5.1,3.8,141.6,-58.2,2.0,-1.0,RS41-SG,403.700,9.4,250,10,2.8,,
2026-09-18T10:57:10.999Z,V3640186,4821,44.56738,7.84957,16183.9,3.9,3.8,145.5,-58.2,2.0,-1.0,RS41-SG,403.700,9.9,250,10,2.8,,
2026-09-18T10:57:11.999Z,V3640186,4822,44.56735,7.84960,16188.1,4.5,3.8,140.8,-58.2,2.0,-1.0,RS41-SG,403.700,9.9,250,10,2.8,,
2026-09-18T10:57:12.999Z,V3640186,4823,44.56732,7.84963,16192.9,4.8,3.7,130.2,-58.3,2.0,-1.0,RS41-SG,403.700,9.1,250,10,2.7,,
2026-09-18T10:57:13.999Z,V3640186,4824,44.56730,7.84967,16198.4,5.6,4.2,124.7,-58.2,2.0,-1.0,RS41-SG,403.700,9.1,250,11,2.7,,
2026-09-18T10:57:14.999Z,V3640186,4825,44.56728,7.84971,16203.1,3.6,4.6,126.6,-58.2,1.9,-1.0,RS41-SG,403.700,9.7,250,11,2.7,,
2026-09-18T10:57:15.999Z,V3640186,4826,44.56725,7.84976,16206.5,3.1,5.2,126.9,-58.1,1.9,-1.0,RS41-SG,403.700,9.7,250,11,2.8,,
2026-09-18T10:57:16.999Z,V3640186,4827,44.56723,7.84982,16210.6,5.2,5.8,121.3,-58.2,2.0,-1.0,RS41-SG,403.700,9.4,250,11,2.8,,
2026-09-18T10:57:17.999Z,V3640186,4828,44.56720,7.84988,16216.2,5.6,6.3,118.1,-58.2,1.9,-1.0,RS41-SG,403.700,9.7,250,11,2.8,,
2026-09-18T10:57:18.999Z,V3640186,4829,44.56717,7.84996,16221.9,5.2,6.8,121.5,-58.3,1.9,-1.0,RS41-SG,403.700,9.7,250,11,2.7,,
2026-09-18T10:57:19.999Z,V3640186,4830,44.56714,7.85003,16226.2,3.1,7.0,125.7,-58.2,1.9,-1.0,RS41-SG,403.700,8.9,250,10,2.7,,
2026-09-18T10:57:20.999Z,V3640186,4831,44.56710,7.85010,16230.2,4.7,6.9,125.3,-58.1,2.0,-1.0,RS41-SG,403.700,8.9,250,10,2.7,,
2026-09-18T10:57:21.999Z,V3640186,4832,44.56707,7.85017,16234.6,4.6,6.8,122.2,-58.1,2.0,-1.0,RS41-SG,403.700,8.7,250,11,2.8,,
2026-09-18T10:57:22.999Z,V3640186,4833,44.56703,7.85024,16239.8,5.6,6.4,124.5,-58.2,2.0,-1.0,RS41-SG,403.700,8.9,250,11,2.8,,
2026-09-18T10:57:23.999Z,V3640186,4834,44.56700,7.85030,16244.8,4.3,6.3,132.5,-58.1,2.0,-1.0,RS41-SG,403.700,8.9,250,11,2.8,,
2026-09-18T10:57:24.999Z,V3640186,4835,44.56696,7.85035,16248.6,2.8,6.2,138.6,-58.0,2.0,-1.0,RS41-SG,403.700,8.1,250,10,2.7,,
2026-09-18T10:57:25.999Z,V3640186,4836,44.56692,7.85040,16252.7,5.0,5.9,146.3,-58.1,2.0,-1.0,RS41-SG,403.700,8.1,250,11,2.7,,
2026-09-18T10:57:26.999Z,V3640186,4837,44.56687,7.85044,16257.9,5.2,5.5,147.5,-57.9,2.0,-1.0,RS41-SG,403.700,9.1,250,11,2.7,,
2026-09-18T10:57:27.999Z,V3640186,4838,44.56683,7.85048,16262.6,4.4,5.9,151.7,-57.8,1.9,-1.0,RS41-SG,403.700,9.4,250,11,2.8,,
2026-09-18T10:57:28.999Z,V3640186,4839,44.56678,7.85051,16267.1,4.7,6.5,153.4,-57.7,1.9,-1.0,RS41-SG,403.700,9.4,250,10,2.8,,
2026-09-18T10:57:29.999Z,V3640186,4840,44.56672,7.85055,16271.6,4.3,7.4,152.4,-57.5,1.9,-1.0,RS41-SG,403.700,8.8,250,11,2.8,,
2026-09-18T10:57:30.999Z,V3640186,4841,44.56666,7.85060,16275.6,3.7,8.0,147.2,-57.2,1.8,-1.0,RS41-SG,403.700,10.1,250,11,2.7,,
2026-09-18T10:57:31.999Z,V3640186,4842,44.56661,7.85066,16280.1,4.9,8.4,139.5,-57.1,1.8,-1.0,RS41-SG,403.700,10.1,250,11,2.7,,
2026-09-18T10:57:32.999Z,V3640186,4843,44.56655,7.85073,16284.5,3.9,8.2,132.2,-56.9,1.8,-1.0,RS41-SG,403.700,8.6,250,11,2.7,,
2026-09-18T10:57:33.999Z,V3640186,4844,44.56650,7.85081,16289.0,5.1,8.2,128.7,-56.7,1.7,-1.0,RS41-SG,403.700,8.8,250,10,2.8,,
2026-09-18T10:57:34.999Z,V3640186,4845,44.56646,7.85089,16293.8,4.6,8.0,130.8,-56.6,1.7,-1.0,RS41-SG,403.700,8.9,250,11,2.8,,
2026-09-18T10:57:35.999Z,V3640186,4846,44.56641,7.85096,16298.1,3.7,7.3,132.5,-56.5,1.7,-1.0,RS41-SG,403.700,9.5,250,11,2.8,,
2026-09-18T10:57:36.999Z,V3640186,4847,44.56637,7.85102,16302.5,5.0,6.1,131.4,-56.5,1.7,-1.0,RS41-SG,403.700,10.1,250,10,2.7,,
2026-09-18T10:57:37.999Z,V3640186,4848,44.56634,7.85108,16307.6,4.7,5.0,128.0,-56.6,1.7,-1.0,RS41-SG,403.700,10.1,250,11,2.7,,
2026-09-18T10:57:38.999Z,V3640186,4849,44.56631,7.85112,16312.3,4.5,4.2,134.3,-56.5,1.7,-1.0,RS41-SG,403.700,8.9,250,11,2.7,,
2026-09-18T10:57:39.999Z,V3640186,4850,44.56628,7.85116,16316.9,4.8,4.3,145.0,-56.3,1.7,-1.0,RS41-SG,403.700,9.1,250,11,2.8,,
2026-09-18T10:57:40.999Z,V3640186,4851,44.56625,7.85119,16320.9,3.6,4.6,149.1,-56.3,1.7,-1.0,RS41-SG,403.700,10.0,250,10,2.8,,
2026-09-18T10:57:41.999Z,V3640186,4852,44.56621,7.85122,16324.7,3.8,4.9,144.8,-56.3,1.7,-1.0,RS41-SG,403.700,10.0,250,11,2.8,,
2026-09-18T10:57:42.999Z,V3640186,4853,44.56618,7.85126,16329.1,4.6,5.0,134.3,-56.2,1.7,-1.0,RS41-SG,403.700,9.6,250,11,2.7,,
2026-09-18T10:57:43.999Z,V3640186,4854,44.56615,7.85131,16333.8,4.4,5.3,125.1,-56.2,1.7,-1.0,RS41-SG,403.700,7.9,250,11,2.7,,
2026-09-18T10:57:44.999Z,V3640186,4855,44.56613,7.85137,16337.4,2.7,5.4,119.0,-56.1,1.7,-1.0,RS41-SG,403.700,8.8,250,10,2.7,,
2026-09-18T10:57:45.999Z,V3640186,4856,44.56610,7.85142,16340.9,4.2,5.2,120.9,-56.1,1.8,-1.0,RS41-SG,403.700,9.2,250,11,2.8,,
2026-09-18T10:57:46.999Z,V3640186,4857,44.56607,7.85148,16345.6,5.2,5.2,130.7,-56.1,1.7,-1.0,RS41-SG,403.700,9.2,250,11,2.8,,
2026-09-18T10:57:47.999Z,V3640186,4858,44.56604,7.85152,16350.6,5.0,5.2,137.5,-56.1,1.7,-1.0,RS41-SG,403.700,9.1,250,11,2.8,,
2026-09-18T10:57:48.999Z,V3640186,4859,44.56601,7.85157,16355.3,4.1,5.1,136.5,-56.1,1.8,-1.0,RS41-SG,403.700,9.3,250,10,2.7,,
2026-09-18T10:57:49.999Z,V3640186,4860,44.56598,7.85161,16359.1,3.2,5.1,133.2,-56.2,1.8,-1.0,RS41-SG,403.700,10.1,250,11,2.7,,
2026-09-18T10:57:50.999Z,V3640186,4861,44.56594,7.85166,16362.7,3.8,5.4,136.0,-56.1,1.8,-1.0,RS41-SG,403.700,10.1,250,11,2.7,,
2026-09-18T10:57:51.999Z,V3640186,4862,44.56591,7.85170,16367.2,5.0,5.3,140.6,-56.1,1.8,-1.0,RS41-SG,403.700,8.5,250,10,2.8,,
2026-09-18T10:57:52.999Z,V3640186,4863,44.56587,7.85175,16372.1,4.7,5.4,140.2,-56.2,1.8,-1.0,RS41-SG,403.700,9.5,250,11,2.8,,
2026-09-18T10:57:54.999Z,V3640186,4865,44.56581,7.85184,16381.8,3.9,5.1,124.3,-56.1,1.8,-1.0,RS41-SG,403.700,7.3,250,11,2.7,,
2026-09-18T10:57:55.999Z,V3640186,4866,44.56578,7.85189,16385.6,3.2,4.8,117.6,-56.0,1.8,-1.0,RS41-SG,403.700,7.4,250,10,2.7,,
2026-09-18T10:57:56.999Z,V3640186,4867,44.56577,7.85195,16389.7,5.0,4.3,115.4,-56.1,1.8,-1.0,RS41-SG,403.700,7.4,250,11,2.7,,
2026-09-18T10:57:57.999Z,V3640186,4868,44.56575,7.85199,16394.5,4.7,3.7,118.1,-56.1,1.8,-1.0,RS41-SG,403.700,9.3,250,11,2.8,,
2026-09-18T10:57:58.999Z,V3640186,4869,44.56574,7.85203,16399.4,5.1,3.4,112.6,-56.0,1.8,-1.0,RS41-SG,403.700,10.8,250,11,2.8,,
2026-09-18T10:57:59.999Z,V3640186,4870,44.56573,7.85207,16404.2,4.2,3.4,103.7,-56.1,1.8,-1.0,RS41-SG,403.700,11.1,250,11,2.8,,
2026-09-18T10:58:00.999Z,V3640186,4871,44.56572,7.85211,16408.4,3.8,3.5,101.3,-56.1,1.8,-1.0,RS41-SG,403.700,11.1,250,11,2.7,,
2026-09-18T10:58:01.999Z,V3640186,4872,44.56571,7.85216,16413.0,5.2,3.3,107.6,-56.1,1.8,-1.0,RS41-SG,403.700,10.6,250,11,2.7,,
2026-09-18T10:58:02.999Z,V3640186,4873,44.56570,7.85219,16417.9,4.5,3.2,118.9,-56.2,1.8,-1.0,RS41-SG,403.700,10.8,250,11,2.7,,
2026-09-18T10:58:03.999Z,V3640186,4874,44.56568,7.85223,16422.6,5.0,3.7,122.1,-56.2,1.8,-1.0,RS41-SG,403.700,10.8,250,11,2.8,,
2026-09-18T10:58:04.999Z,V3640186,4875,44.56567,7.85227,16427.7,5.2,3.9,117.1,-56.2,1.8,-1.0,RS41-SG,403.700,10.1,250,11,2.8,,
2026-09-18T10:58:05.999Z,V3640186,4876,44.56565,7.85232,16432.1,3.5,4.2,113.2,-56.1,1.8,-1.0,RS41-SG,403.700,10.8,250,11,2.8,,
2026-09-18T10:58:06.999Z,V3640186,4877,44.56564,7.85237,16436.5,4.9,4.2,115.5,-56.2,1.8,-1.0,RS41-SG,403.700,10.8,250,10,2.7,,
2026-09-18T10:58:07.999Z,V3640186,4878,44.56562,7.85241,16441.3,4.3,3.9,122.3,-56.2,1.8,-1.0,RS41-SG,403.700,10.5,250,11,2.7,,
2026-09-18T10:58:08.999Z,V3640186,4879,44.56560,7.85245,16446.2,5.4,3.5,117.0,-56.1,1.8,-1.0,RS41-SG,403.700,10.9,250,10,2.7,,
2026-09-18T10:58:09.999Z,V3640186,4880,44.56559,7.85249,16451.2,4.4,3.5,104.3,-56.2,1.8,-1.0,RS41-SG,403.700,10.9,250,11,2.8,,
2026-09-18T10:58:10.999Z,V3640186,4881,44.56559,7.85254,16455.0,3.3,3.7,95.7,-56.1,1.8,-1.0,RS41-SG,403.700,10.2,250,11,2.8,,
2026-09-18T10:58:11.999Z,V3640186,4882,44.56558,7.85258,16458.9,4.7,3.4,94.1,-56.1,1.8,-1.0,RS41-SG,403.700,10.0,250,10,2.7,,
2026-09-18T10:58:12.999Z,V3640186,4883,44.56558,7.85262,16463.8,5.1,3.1,99.7,-56.2,1.8,-1.0,RS41-SG,403.700,10.0,250,11,2.7,,
2026-09-18T10:58:13.999Z,V3640186,4884,44.56558,7.85266,16468.3,3.4,3.0,100.3,-56.2,1.8,-1.0,RS41-SG,403.700,11.0,250,11,2.8,,
2026-09-18T10:58:14.999Z,V3640186,4885,44.56557,7.85270,16472.1,4.1,3.4,93.8,-56.3,1.8,-1.0,RS41-SG,403.700,11.0,250,11,2.8,,
2026-09-18T10:58:15.999Z,V3640186,4886,44.56557,7.85274,16477.1,5.9,4.2,89.6,-56.3,1.8,-1.0,RS41-SG,403.700,10.4,250,11,2.7,,
2026-09-18T10:58:16.999Z,V3640186,4887,44.56557,7.85280,16482.2,3.9,4.7,85.8,-56.3,1.8,-1.0,RS41-SG,403.700,10.5,250,11,2.7,,
2026-09-18T10:58:17.999Z,V3640186,4888,44.56557,7.85286,16486.5,4.2,5.2,89.6,-56.4,1.8,-1.0,RS41-SG,403.700,10.5,250,11,2.8,,
2026-09-18T10:58:18.999Z,V3640186,4889,44.56557,7.85293,16490.6,4.1,5.2,100.0,-56.4,1.8,-1.0,RS41-SG,403.700,10.0,250,11,2.8,,
2026-09-18T10:58:19.999Z,V3640186,4890,44.56556,7.85299,16495.8,6.3,5.6,109.7,-56.4,1.8,-1.0,RS41-SG,403.700,9.8,250,10,2.7,,
2026-09-18T10:58:20.999Z,V3640186,4891,44.56554,7.85306,16501.6,5.1,5.8,108.1,-56.4,1.8,-1.0,RS41-SG,403.700,9.8,250,11,2.7,,
2026-09-18T10:58:21.999Z,V3640186,4892,44.56553,7.85313,16506.0,3.6,5.6,106.5,-56.5,1.8,-1.0,RS41-SG,403.700,10.0,250,11,2.8,,
2026-09-18T10:58:22.999Z,V3640186,4893,44.56551,7.85319,16510.3,5.3,5.2,110.0,-56.5,1.8,-1.0,RS41-SG,403.700,10.0,250,11,2.8,,
2026-09-18T10:58:23.999Z,V3640186,4894,44.56550,7.85325,16515.4,4.8,4.8,114.1,-56.4,1.8,-1.0,RS41-SG,403.700,9.1,250,11,2.7,,
2026-09-18T10:58:24.999Z,V3640186,4895,44.56548,7.85330,16520.6,5.6,4.3,109.7,-56.4,1.8,-1.0,RS41-SG,403.700,10.3,250,10,2.7,,
2026-09-18T10:58:25.999Z,V3640186,4896,44.56547,7.85335,16525.0,3.1,4.2,100.2,-56.5,1.8,-1.0,RS41-SG,403.700,10.3,250,11,2.7,,
2026-09-18T10:58:26.999Z,V3640186,4897,44.56547,7.85340,16528.6,3.8,4.1,93.1,-56.5,1.8,-1.0,RS41-SG,403.700,10.4,250,11,2.8,,
2026-09-18T10:58:27.999Z,V3640186,4898,44.56546,7.85345,16533.1,5.0,3.8,91.6,-56.5,1.8,-1.0,RS41-SG,403.700,10.4,250,11,2.8,,
2026-09-18T10:58:28.999Z,V3640186,4899,44.56546,7.85350,16538.6,5.7,3.8,95.4,-56.5,1.8,-1.0,RS41-SG,403.700,8.9,250,11,2.8,,
2026-09-18T10:58:29.999Z,V3640186,4900,44.56546,7.85355,16544.1,5.2,4.2,89.2,-56.5,1.8,-1.0,RS41-SG,403.700,9.0,250,11,2.7,,
2026-09-18T10:58:30.999Z,V3640186,4901,44.56546,7.85361,16548.3,2.7,4.6,85.9,-56.5,1.8,-1.0,RS41-SG,403.700,9.0,250,11,2.7,,
2026-09-18T10:58:31.999Z,V3640186,4902,44.56546,7.85367,16551.9,4.8,5.1,90.8,-56.5,1.8,-1.0,RS41-SG,403.700,8.8,250,10,2.7,,
2026-09-18T10:58:32.999Z,V3640186,4903,44.56546,7.85373,16556.4,4.4,5.3,98.6,-56.5,1.8,-1.0,RS41-SG,403.700,9.0,250,11,2.8,,
2026-09-18T10:58:33.999Z,V3640186,4904,44.56545,7.85380,16561.4,5.6,5.5,100.8,-56.6,1.9,-1.0,RS41-SG,403.700,9.8,250,11,2.8,,
2026-09-18T10:58:34.999Z,V3640186,4905,44.56545,7.85387,16566.2,4.4,5.7,96.5,-56.6,1.8,-1.0,RS41-SG,403.700,9.8,250,11,2.8,,
2026-09-18T10:58:35.999Z,V3640186,4906,44.56544,7.85394,16570.7,3.8,5.7,93.7,-56.6,1.8,-1.0,RS41-SG,403.700,9.2,250,11,2.7,,
2026-09-18T10:58:36.999Z,V3640186,4907,44.56544,7.85401,16575.3,5.1,5.4,95.7,-56.6,1.8,-1.0,RS41-SG,403.700,8.3,250,11,2.7,,
2026-09-18T10:58:37.999Z,V3640186,4908,44.56543,7.85407,16580.5,5.1,5.1,98.0,-56.7,1.8,-1.0,RS41-SG,403.700,9.5,250,11,2.7,,
2026-09-18T10:58:38.999Z,V3640186,4909,44.56543,7.85414,16585.4,4.9,5.1,94.0,-56.9,1.8,-1.0,RS41-SG,403.700,10.9,250,10,2.8,,
2026-09-18T10:58:39.999Z,V3640186,4910,44.56542,7.85420,16590.2,4.8,5.5,88.8,-57.0,1.8,-1.0,RS41-SG,403.700,11.2,250,11,2.8,,
2026-09-18T10:58:40.999Z,V3640186,4911,44.56543,7.85427,16594.8,4.2,5.7,85.9,-56.9,1.8,-1.0,RS41-SG,403.700,11.2,250,11,2.8,,
2026-09-18T10:58:41.999Z,V3640186,4912,44.56543,7.85434,16599.6,5.3,5.5,88.9,-56.9,1.8,-1.0,RS41-SG,403.700,11.0,250,11,2.7,,
2026-09-18T10:58:42.999Z,V3640186,4913,44.56543,7.85441,16604.8,4.6,5.2,93.3,-56.9,1.8,-1.0,RS41-SG,403.700,11.0,250,11,2.7,,
2026-09-18T10:58:43.999Z,V3640186,4914,44.56543,7.85447,16609.5,4.9,5.0,91.6,-57.0,1.8,-1.0,RS41-SG,403.700,11.0,250,11,2.7,,
2026-09-18T10:58:44.999Z,V3640186,4915,44.56543,7.85454,16613.9,3.8,4.8,85.9,-57.0,1.8,-1.0,RS41-SG,403.700,11.4,250,11,2.8,,
2026-09-18T10:58:45.999Z,V3640186,4916,44.56543,7.85459,16617.7,4.1,4.3,83.3,-57.0,1.9,-1.0,RS41-SG,403.700,11.4,250,11,2.8,,
2026-09-18T10:58:46.999Z,V3640186,4917,44.56543,7.85464,16622.2,5.2,3.4,86.4,-57.0,1.9,-1.0,RS41-SG,403.700,11.1,250,11,2.8,,
2026-09-18T10:58:47.999Z,V3640186,4918,44.56543,7.85468,16627.0,4.2,2.7,92.3,-57.1,1.9,-1.0,RS41-SG,403.700,11.3,250,11,2.7,,
2026-09-18T10:58:48.999Z,V3640186,4919,44.56543,7.85471,16631.1,3.5,2.3,93.4,-57.0,1.8,-1.0,RS41-SG,403.700,11.3,250,11,2.7,,
2026-09-18T10:58:49.999Z,V3640186,4920,44.56543,7.85474,16635.3,4.5,2.2,80.8,-57.0,1.9,-1.0,RS41-SG,403.700,9.1,250,11,2.7,,
2026-09-18T10:58:50.999Z,V3640186,4921,44.56544,7.85477,16640.4,5.5,2.7,71.1,-57.0,1.8,-1.0,RS41-SG,403.700,11.6,250,11,2.8,,
2026-09-18T10:58:51.999Z,V3640186,4922,44.56545,7.85480,16644.8,3.7,3.1,72.1,-57.0,1.8,-1.0,RS41-SG,403.700,11.6,250,11,2.8,,
2026-09-18T10:58:52.999Z,V3640186,4923,44.56545,7.85484,16648.7,3.8,3.4,82.7,-57.0,1.8,-1.0,RS41-SG,403.700,10.9,250,10,2.8,,
2026-09-18T10:58:53.999Z,V3640186,4924,44.56545,7.85489,16653.4,5.4,3.7,100.1,-57.0,1.8,-1.0,RS41-SG,403.700,10.0,250,11,2.7,,
2026-09-18T10:58:54.999Z,V3640186,4925,44.56544,7.85493,16658.8,5.1,4.3,113.0,-57.1,1.8,-1.0,RS41-SG,403.700,9.7,250,11,2.7,,
2026-09-18T10:58:55.999Z,V3640186,4926,44.56543,7.85499,16664.0,5.3,4.9,112.3,-57.1,1.8,-1.0,RS41-SG,403.700,10.3,250,11,2.7,,
2026-09-18T10:58:56.999Z,V3640186,4927,44.56541,7.85505,16668.2,3.2,4.9,109.4,-57.0,1.8,-1.0,RS41-SG,403.700,10.4,250,11,2.8,,
2026-09-18T10:58:57.999Z,V3640186,4928,44.56540,7.85511,16672.0,4.1,5.2,107.9,-57.0,1.8,-1.0,RS41-SG,403.700,11.3,250,11,2.8,,
2026-09-18T10:58:58.999Z,V3640186,4929,44.56538,7.85517,16676.7,5.5,5.4,109.5,-57.1,1.8,-1.0,RS41-SG,403.700,11.7,250,11,2.8,,
2026-09-18T10:59:00.999Z,V3640186,4931,44.56535,7.85529,16686.5,4.3,4.8,103.9,-57.1,1.8,-1.0,RS41,403.700,9.3,250,11,2.7,,
2026-09-18T10:59:01.999Z,V3640186,4932,44.56535,7.85535,16691.4,5.5,4.4,91.0,-57.2,1.8,-1.0,RS41,403.700,9.7,250,11,2.7,,
2026-09-18T10:59:02.999Z,V3640186,4933,44.56535,7.85540,16695.9,3.5,4.5,82.0,-57.1,1.8,-1.0,RS41,403.700,10.2,250,11,2.8,,
2026-09-18T10:59:03.999Z,V3640186,4934,44.56536,7.85546,16700.0,4.7,4.5,79.0,-57.1,1.8,-1.0,RS41,403.700,11.6,250,10,2.8,,
2026-09-18T10:59:04.999Z,V3640186,4935,44.56536,7.85551,16704.6,4.8,4.7,87.9,-57.2,1.8,-1.0,RS41,403.700,11.6,250,11,2.7,,
2026-09-18T10:59:05.999Z,V3640186,4936,44.56536,7.85557,16709.8,5.4,5.1,94.4,-57.1,1.7,-1.0,RS41,403.700,10.6,250,11,2.7,,
2026-09-18T10:59:06.999Z,V3640186,4937,44.56536,7.85564,16715.1,5.0,5.3,94.8,-57.1,1.8,-1.0,RS41,403.700,9.8,250,11,2.8,,
2026-09-18T10:59:07.999Z,V3640186,4938,44.56535,7.85571,16719.5,4.1,5.6,94.3,-57.1,1.8,-1.0,RS41,403.700,9.8,250,11,2.8,,
2026-09-18T10:59:08.999Z,V3640186,4939,44.56535,7.85578,16724.1,4.9,5.9,100.7,-57.2,1.8,-1.0,RS41,403.700,10.7,250,11,2.7,,
2026-09-18T10:59:09.999Z,V3640186,4940,44.56533,7.85585,16728.7,4.1,6.2,108.6,-57.2,1.8,-1.0,RS41,403.700,10.7,250,11,2.7,,
2026-09-18T10:59:10.999Z,V3640186,4941,44.56531,7.85592,16733.2,4.9,5.9,111.7,-57.2,1.8,-1.0,RS41,403.700,9.6,250,11,2.8,,
2026-09-18T10:59:11.999Z,V3640186,4942,44.56530,7.85599,16738.2,5.0,5.3,107.2,-57.2,1.8,-1.0,RS41,403.700,9.8,250,11,2.8,,
2026-09-18T10:59:13.999Z,V3640186,4944,44.56528,7.85611,16747.2,4.8,4.8,100.8,-57.2,1.8,-1.0,RS41,403.700,8.1,250,11,2.7,,
2026-09-18T10:59:14.999Z,V3640186,4945,44.56527,7.85617,16751.7,4.2,5.0,103.8,-57.3,1.9,-1.0,RS41,403.700,9.5,250,11,2.8,,
2026-09-18T10:59:15.999Z,V3640186,4946,44.56526,7.85624,16756.6,5.6,5.3,102.3,-57.3,1.8,-1.0,RS41,403.700,9.9,250,11,2.8,,
2026-09-18T10:59:16.999Z,V3640186,4947,44.56525,7.85630,16761.8,4.7,5.3,95.3,-57.3,1.9,-1.0,RS41,403.700,10.1,250,11,2.7,,
2026-09-18T10:59:17.999Z,V3640186,4948,44.56525,7.85637,16765.9,3.2,5.6,90.7,-57.3,1.9,-1.0,RS41,403.700,10.1,250,11,2.7,,
2026-09-18T10:59:18.999Z,V3640186,4949,44.56525,7.85644,16769.8,4.7,5.5,94.2,-57.3,1.9,-1.0,RS41,403.700,10.8,250,11,2.8,,
2026-09-18T10:59:19.999Z,V3640186,4950,44.56524,7.85651,16775.1,5.7,5.6,102.2,-57.4,1.9,-1.0,RS41,403.700,10.8,250,11,2.8,,
2026-09-18T10:59:20.999Z,V3640186,4951,44.56523,7.85658,16780.2,4.5,5.7,107.7,-57.5,1.9,-1.0,RS41,403.700,9.8,250,11,2.7,,
2026-09-18T10:59:21.999Z,V3640186,4952,44.56521,7.85664,16784.6,4.1,5.4,108.7,-57.5,1.9,-1.0,RS41,403.700,9.0,250,11,2.7,,
2026-09-18T10:59:22.999Z,V3640186,4953,44.56520,7.85670,16789.6,5.5,5.1,105.2,-57.5,1.9,-1.0,RS41,403.700,8.6,250,11,2.7,,
2026-09-18T10:59:23.999Z,V3640186,4954,44.56519,7.85676,16794.5,4.6,4.7,103.5,-57.6,1.9,-1.0,RS41,403.700,9.2,250,11,2.8,,
2026-09-18T10:59:24.999Z,V3640186,4955,44.56518,7.85682,16798.5,3.5,4.5,104.5,-57.5,1.9,-1.0,RS41,403.700,9.2,250,11,2.8,,
2026-09-18T10:59:25.999Z,V3640186,4956,44.56516,7.85687,16802.9,5.3,3.7,118.8,-57.7,1.9,-1.0,RS41,403.700,7.3,250,11,2.8,,
2026-09-18T10:59:26.999Z,V3640186,4957,44.56514,7.85690,16808.0,4.8,3.6,133.1,-57.7,1.8,-1.0,RS41,403.700,8.1,250,11,2.7,,
2026-09-18T10:59:27.999Z,V3640186,4958,44.56512,7.85694,16813.3,5.7,3.5,134.5,-57.7,1.8,-1.0,RS41,403.700,8.3,250,11,2.7,,
2026-09-18T10:59:28.999Z,V3640186,4959,44.56510,7.85697,16818.1,3.4,3.0,123.2,-57.6,1.8,-1.0,RS41,403.700,9.6,250,11,2.7,,
2026-09-18T10:59:29.999Z,V3640186,4960,44.56509,7.85700,16821.7,3.7,2.8,119.1,-57.7,1.8,-1.0,RS41,403.700,9.8,250,10,2.8,,
2026-09-18T10:59:30.999Z,V3640186,4961,44.56508,7.85703,16826.1,5.3,2.7,121.5,-57.6,1.8,-1.0,RS41,403.700,10.2,250,11,2.8,,
2026-09-18T10:59:31.999Z,V3640186,4962,44.56507,7.85706,16831.7,6.0,2.4,117.9,-57.6,1.8,-1.0,RS41,403.700,10.2,250,11,2.8,,
2026-09-18T10:59:32.999Z,V3640186,4963,44.56506,7.85708,16837.6,5.6,2.6,103.1,-57.7,1.9,-1.0,RS41,403.700,9.6,250,11,2.7,,
2026-09-18T10:59:33.999Z,V3640186,4964,44.56506,7.85712,16842.3,3.4,2.7,89.0,-57.7,1.8,-1.0,RS41,403.700,9.6,250,11,2.7,,
2026-09-18T10:59:34.999Z,V3640186,4965,44.56506,7.85715,16846.3,4.6,2.5,87.9,-57.6,1.8,-1.0,RS41,403.700,9.6,250,11,2.7,,
2026-09-18T10:59:35.999Z,V3640186,4966,44.56505,7.85718,16850.8,5.0,2.0,103.5,-57.6,1.8,-1.0,RS41,403.700,8.9,250,11,2.8,,
2026-09-18T10:59:36.999Z,V3640186,4967,44.56505,7.85720,16856.1,5.8,1.6,123.1,-57.6,1.8,-1.0,RS41,403.700,9.5,250,11,2.8,,
2026-09-18T10:59:37.999Z,V3640186,4968,44.56504,7.85721,16861.4,4.5,1.3,119.4,-57.6,1.8,-1.0,RS41,403.700,10.0,250,11,2.8,,
2026-09-18T10:59:38.999Z,V3640186,4969,44.56504,7.85723,16865.3,3.1,1.2,114.5,-57.5,1.9,-1.0,RS41,403.700,10.0,250,11,2.7,,
2026-09-18T10:59:39.999Z,V3640186,4970,44.56503,7.85724,16869.2,4.4,1.3,136.0,-57.5,1.9,-1.0,RS41,403.700,9.4,250,11,2.7,,
2026-09-18T10:59:40.999Z,V3640186,4971,44.56502,7.85725,16873.7,4.6,2.2,147.6,-57.6,1.9,-1.0,RS41,403.700,10.3,250,11,2.7,,
2026-09-18T10:59:41.999Z,V3640186,4972,44.56500,7.85727,16878.2,4.6,2.8,147.6,-57.7,1.9,-1.0,RS41,403.700,10.3,250,11,2.7,,
2026-09-18T10:59:42.999Z,V3640186,4973,44.56498,7.85729,16882.8,4.8,3.3,136.3,-57.7,1.9,-1.0,RS41,403.700,8.9,250,11,2.8,,
2026-09-18T10:59:43.999Z,V3640186,4974,44.56496,7.85733,16887.4,4.6,4.0,125.2,-57.7,1.8,-1.0,RS41,403.700,8.3,250,11,2.8,,
2026-09-18T10:59:44.999Z,V3640186,4975,44.56494,7.85737,16891.6,3.2,4.4,117.9,-57.6,1.8,-1.0,RS41,403.700,8.6,250,11,2.7,,
2026-09-18T10:59:45.999Z,V3640186,4976,44.56492,7.85742,16895.5,4.1,5.1,120.7,-57.6,1.8,-1.0,RS41,403.700,10.0,250,11,2.7,,
2026-09-18T10:59:46.999Z,V3640186,4977,44.56489,7.85748,16900.0,5.1,5.6,126.5,-57.6,1.8,-1.0,RS41,403.700,10.4,250,11,2.7,,
2026-09-18T10:59:47.999Z,V3640186,4978,44.56486,7.85754,16904.8,4.7,5.4,130.7,-57.6,1.8,-1.0,RS41,403.700,11.0,250,11,2.8,,
2026-09-18T10:59:48.999Z,V3640186,4979,44.56483,7.85758,16909.8,5.4,4.7,129.0,-57.6,1.7,-1.0,RS41,403.700,11.0,250,11,2.8,,
2026-09-18T10:59:49.999Z,V3640186,4980,44.56481,7.85763,16914.8,4.6,4.1,127.1,-57.6,1.7,-1.0,RS41,403.700,10.1,250,11,2.8,,
2026-09-18T10:59:50.999Z,V3640186,4981,44.56478,7.85767,16919.2,3.6,3.7,126.3,-57.6,1.8,-1.0,RS41,403.700,10.6,250,11,2.7,,
2026-09-18T10:59:51.999Z,V3640186,4982,44.56476,7.85770,16923.7,5.2,3.5,135.3,-57.6,1.8,-1.0,RS41-SG,403.700,11.1,250,11,2.7,,
2026-09-18T10:59:52.999Z,V3640186,4983,44.56474,7.85773,16928.5,4.7,3.6,143.9,-57.5,1.8,-1.0,RS41-SG,403.700,11.1,250,11,2.7,,
2026-09-18T10:59:53.999Z,V3640186,4984,44.56471,7.85776,16933.0,4.2,3.6,145.2,-57.5,1.8,-1.0,RS41-SG,403.700,11.6,250,11,2.8,,
2026-09-18T10:59:54.999Z,V3640186,4985,44.56469,7.85778,16937.3,4.7,3.1,141.0,-57.4,1.8,-1.0,RS41-SG,403.700,11.6,250,11,2.8,,
2026-09-18T10:59:55.999Z,V3640186,4986,44.56467,7.85780,16942.1,4.8,2.8,139.3,-57.4,1.8,-1.0,RS41-SG,403.700,10.8,250,11,2.7,,
2026-09-18T10:59:56.999Z,V3640186,4987,44.56465,7.85783,16946.4,3.5,2.7,139.8,-57.4,1.8,-1.0,RS41-SG,403.700,10.9,250,11,2.7,,
2026-09-18T10:59:57.999Z,V3640186,4988,44.56463,7.85785,16950.2,4.2,3.2,153.0,-57.4,1.9,-1.0,RS41-SG,403.700,11.1,250,11,2.8,,
2026-09-18T10:59:58.999Z,V3640186,4989,44.56460,7.85786,16954.9,5.2,4.3,160.2,-57.5,1.8,-1.0,RS41-SG,403.700,11.7,250,10,2.8,,
2026-09-18T10:59:59.999Z,V3640186,4990,44.56456,7.85788,16959.6,4.3,5.3,162.0,-57.5,1.8,-1.0,RS41-SG,403.700,11.7,250,10,2.7,,
2026-09-18T11:00:00.999Z,V3640186,4991,44.56451,7.85790,16964.0,4.1,5.3,159.9,-57.5,1.8,-1.0,RS41-SG,403.700,10.2,250,11,2.7,,
2026-09-18T11:00:01.999Z,V3640186,4992,44.56447,7.85793,16968.5,5.0,4.9,150.7,-57.5,1.8,-1.0,RS41-SG,403.700,10.5,250,11,2.8,,
2026-09-18T11:00:02.999Z,V3640186,4993,44.56444,7.85796,16973.2,4.4,4.6,139.3,-57.6,1.8,-1.0,RS41-SG,403.700,11.4,250,11,2.8,,
2026-09-18T11:00:03.999Z,V3640186,4994,44.56441,7.85801,16977.3,3.8,4.8,129.2,-57.6,1.8,-1.0,RS41-SG,403.700,11.4,250,11,2.7,,
2026-09-18T11:00:04.999Z,V3640186,4995,44.56438,7.85806,16981.8,5.1,5.5,122.8,-57.5,1.8,-1.0,RS41-SG,403.700,10.9,250,11,2.7,,
2026-09-18T11:00:05.999Z,V3640186,4996,44.56435,7.85812,16986.7,4.7,6.1,124.2,-57.5,1.7,-1.0,RS41-SG,403.700,11.5,250,11,2.8,,
2026-09-18T11:00:06.999Z,V3640186,4997,44.56432,7.85818,16991.2,4.2,6.3,124.7,-57.5,1.8,-1.0,RS41-SG,403.700,11.5,250,11,2.8,,
2026-09-18T11:00:07.999Z,V3640186,4998,44.56429,7.85825,16995.7,5.1,5.9,123.1,-57.5,1.8,-1.0,RS41-SG,403.700,11.5,250,11,2.7,,
2026-09-18T11:00:08.999Z,V3640186,4999,44.56426,7.85830,17000.7,4.8,5.0,120.3,-57.4,1.8,-1.0,RS41-SG,403.700,10.7,250,11,2.7,,
2026-09-18T11:00:09.999Z,V3640186,5000,44.56424,7.85835,17005.6,5.2,4.5,128.6,-57.3,1.8,-1.0,RS41-SG,403.700,10.7,250,11,2.7,,
2026-09-18T11:00:10.999Z,V3640186,5001,44.56421,7.85839,17010.1,4.2,4.3,138.9,-57.3,1.8,-1.0,RS41-SG,403.700,10.5,250,11,2.7,,
2026-09-18T11:00:11.999Z,V3640186,5002,44.56418,7.85843,17014.3,4.1,4.3,149.7,-57.4,1.8,-1.0,RS41-SG,403.700,10.3,250,11,2.8,,
2026-09-18T11:00:12.999Z,V3640186,5003,44.56415,7.85845,17018.2,4.0,3.9,153.6,-57.4,1.8,-1.0,RS41-SG,403.700,10.3,250,11,2.8,,
2026-09-18T11:00:13.999Z,V3640186,5004,44.56412,7.85847,17022.7,4.5,3.3,148.9,-57.3,1.8,-1.0,RS41-SG,403.700,10.0,250,11,2.7,,
2026-09-18T11:00:14.999Z,V3640186,5005,44.56410,7.85849,17027.8,5.2,2.5,133.6,-57.4,1.8,-1.0,RS41-SG,403.700,9.6,250,11,2.7,,
2026-09-18T11:00:15.999Z,V3640186,5006,44.56409,7.85852,17032.1,3.4,2.4,118.2,-57.3,1.8,-1.0,RS41-SG,403.700,9.6,250,11,2.7,,
2026-09-18T11:00:16.999Z,V3640186,5007,44.56408,7.85855,17036.2,4.8,3.2,117.2,-57.3,1.8,-1.0,RS41-SG,403.700,9.7,250,11,2.8,,
2026-09-18T11:00:17.999Z,V3640186,5008,44.56406,7.85859,17041.3,5.5,4.6,125.0,-57.4,1.8,-1.0,RS41-SG,403.700,10.2,250,11,2.8,,
2026-09-18T11:00:18.999Z,V3640186,5009,44.56403,7.85864,17045.9,3.5,5.7,128.5,-57.4,1.8,-1.0,RS41-SG,403.700,11.2,250,11,2.8,,
2026-09-18T11:00:19.999Z,V3640186,5010,44.56400,7.85870,17049.8,4.1,6.4,127.5,-57.4,1.9,-1.0,RS41-SG,403.700,11.3,250,11,2.7,,
2026-09-18T11:00:20.999Z,V3640186,5011,44.56396,7.85877,17054.5,5.2,6.6,125.1,-57.5,1.8,-1.0,RS41-SG,403.700,11.3,250,11,2.7,,
2026-09-18T11:00:21.999Z,V3640186,5012,44.56393,7.85883,17059.5,4.9,6.3,121.9,-57.5,1.8,-1.0,RS41-SG,403.700,11.2,250,11,2.7,,
2026-09-18T11:00:22.999Z,V3640186,5013,44.56390,7.85890,17064.3,4.9,6.1,123.2,-57.5,1.7,-1.0,RS41-SG,403.700,10.8,250,11,2.8,,
2026-09-18T11:00:23.999Z,V3640186,5014,44.56387,7.85896,17068.9,4.3,6.0,125.4,-57.5,1.8,-1.0,RS41-SG,403.700,10.8,250,11,2.8,,
2026-09-18T11:00:24.999Z,V3640186,5015,44.56384,7.85902,17072.6,3.4,5.8,126.3,-57.5,1.7,-1.0,RS41-SG,403.700,11.9,250,11,2.8,,
2026-09-18T11:00:25.999Z,V3640186,5016,44.56381,7.85908,17076.6,4.7,5.3,120.1,-57.5,1.7,-1.0,RS41-SG,403.700,11.9,250,11,2.7,,
2026-09-18T11:00:26.999Z,V3640186,5017,44.56379,7.85913,17081.4,4.8,4.9,114.3,-57.5,1.8,-1.0,RS41-SG,403.700,11.8,250,11,2.7,,
2026-09-18T11:00:27.999Z,V3640186,5018,44.56377,7.85919,17086.0,4.2,5.0,112.4,-57.6,1.7,-1.0,RS41-SG,403.700,10.7,250,11,2.7,,
2026-09-18T11:00:28.999Z,V3640186,5019,44.56375,7.85925,17090.5,4.7,5.6,114.3,-57.6,1.8,-1.0,RS41-SG,403.700,10.4,250,11,2.8,,
2026-09-18T11:00:29.999Z,V3640186,5020,44.56373,7.85932,17095.6,5.4,6.5,116.5,-57.7,1.7,-1.0,RS41-SG,403.700,12.3,250,11,2.8,,
2026-09-18T11:00:30.999Z,V3640186,5021,44.56370,7.85940,17100.1,3.5,7.2,117.5,-57.6,1.7,-1.0,RS41-SG,403.700,12.3,250,11,2.8,,
2026-09-18T11:00:31.999Z,V3640186,5022,44.56367,7.85948,17103.6,3.4,7.3,116.0,-57.5,1.7,-1.0,RS41-SG,403.700,10.8,250,11,2.7,,
2026-09-18T11:00:32.999Z,V3640186,5023,44.56365,7.85956,17107.7,4.7,6.9,110.1,-57.4,1.7,-1.0,RS41-SG,403.700,10.8,250,11,2.7,,
2026-09-18T11:00:33.999Z,V3640186,5024,44.56363,7.85964,17113.0,5.5,6.5,104.1,-57.4,1.8,-1.0,RS41-SG,403.700,11.8,250,11,2.7,,
2026-09-18T11:00:34.999Z,V3640186,5025,44.56362,7.85972,17118.4,5.3,6.6,102.0,-57.5,1.7,-1.0,RS41-SG,403.700,11.8,250,10,2.7,,
2026-09-18T11:00:35.999Z,V3640186,5026,44.56361,7.85980,17122.6,3.5,6.8,104.2,-57.4,1.8,-1.0,RS41-SG,403.700,11.5,250,11,2.8,,
2026-09-18T11:00:36.999Z,V3640186,5027,44.56359,7.85988,17126.7,4.8,6.2,102.3,-57.3,1.7,-1.0,RS41-SG,403.700,11.5,250,11,2.7,,
2026-09-18T11:00:37.999Z,V3640186,5028,44.56358,7.85995,17131.5,4.9,5.2,101.3,-57.3,1.7,-1.0,RS41-SG,403.700,11.8,250,11,2.7,,
2026-09-18T11:00:38.999Z,V3640186,5029,44.56357,7.86001,17136.7,5.4,4.6,106.4,-57.3,1.8,-1.0,RS41-SG,403.700,11.8,250,11,2.7,,
2026-09-18T11:00:39.999Z,V3640186,5030,44.56356,7.86007,17141.5,4.5,4.5,111.4,-57.3,1.7,-1.0,RS41-SG,403.700,10.9,250,11,2.8,,
2026-09-18T11:00:40.999Z,V3640186,5031,44.56354,7.86012,17145.4,3.1,4.8,116.2,-57.2,1.8,-1.0,RS41-SG,403.700,11.1,250,11,2.7,,
2026-09-18T11:00:41.999Z,V3640186,5032,44.56352,7.86017,17149.8,5.2,4.4,114.8,-57.2,1.8,-1.0,RS41-SG,403.700,11.1,250,11,2.7,,
2026-09-18T11:00:42.999Z,V3640186,5033,44.56351,7.86022,17155.0,5.1,4.0,112.2,-57.3,1.7,-1.0,RS41-SG,403.700,10.8,250,11,2.8,,
2026-09-18T11:00:43.999Z,V3640186,5034,44.56350,7.86027,17160.2,5.2,4.2,109.7,-57.3,1.7,-1.0,RS41-SG,403.700,9.4,250,11,2.8,,
2026-09-18T11:00:44.999Z,V3640186,5035,44.56348,7.86032,17165.3,5.1,4.7,114.3,-57.2,1.7,-1.0,RS41-SG,403.700,9.0,250,11,2.7,,
2026-09-18T11:00:45.999Z,V3640186,5036,44.56346,7.86037,17169.9,3.5,5.1,115.0,-57.1,1.7,-1.0,RS41-SG,403.700,10.9,250,11,2.7,,
2026-09-18T11:00:46.999Z,V3640186,5037,44.56345,7.86043,17174.2,4.9,4.9,110.3,-57.1,1.6,-1.0,RS41-SG,403.700,11.5,250,11,2.7,,
2026-09-18T11:00:47.999Z,V3640186,5038,44.56343,7.86049,17178.7,4.2,4.6,102.9,-57.1,1.7,-1.0,RS41-SG,403.700,11.5,250,11,2.8,,
2026-09-18T11:00:48.999Z,V3640186,5039,44.56343,7.86054,17183.0,4.4,4.4,98.0,-57.0,1.7,-1.0,RS41-SG,403.700,10.9,250,11,2.7,,
2026-09-18T11:00:49.999Z,V3640186,5040,44.56342,7.86060,17187.4,4.5,4.5,99.4,-57.0,1.7,-1.0,RS41-SG,403.700,11.0,250,11,2.7,,
2026-09-18T11:00:50.999Z,V3640186,5041,44.56341,7.86066,17191.7,4.0,4.8,103.6,-57.0,1.7,-1.0,RS41-SG,403.700,11.9,250,11,2.7,,
2026-09-18T11:00:51.999Z,V3640186,5042,44.56340,7.86071,17195.7,4.0,4.5,104.6,-57.0,1.7,-1.0,RS41-SG,403.700,11.9,250,11,2.7,,
2026-09-18T11:00:52.999Z,V3640186,5043,44.56339,7.86076,17200.5,5.8,3.9,100.8,-57.1,1.7,-1.0,RS41-SG,403.700,11.1,250,11,2.8,,
2026-09-18T11:00:53.999Z,V3640186,5044,44.56339,7.86081,17206.0,5.1,3.5,94.5,-57.1,1.7,-1.0,RS41-SG,403.700,11.1,250,11,2.8,,
2026-09-18T11:00:54.999Z,V3640186,5045,44.56339,7.86085,17210.9,4.4,3.2,96.5,-57.2,1.7,-1.0,RS41-SG,403.700,10.9,250,11,2.7,,
2026-09-18T11:00:55.999Z,V3640186,5046,44.56338,7.86089,17215.8,5.0,3.3,103.0,-57.2,1.8,-1.0,RS41-SG,403.700,10.9,250,11,2.7,,
2026-09-18T11:00:56.999Z,V3640186,5047,44.56337,7.86093,17220.2,3.8,3.4,112.3,-57.2,1.7,-1.0,RS41-SG,403.700,11.2,250,11,2.7,,
2026-09-18T11:00:57.999Z,V3640186,5048,44.56336,7.86097,17224.2,4.3,3.0,116.3,-57.3,1.7,-1.0,RS41-SG,403.700,11.5,250,11,2.8,,
2026-09-18T11:00:58.999Z,V3640186,5049,44.56335,7.86100,17228.9,5.0,2.2,120.3,-57.3,1.7,-1.0,RS41-SG,403.700,11.5,250,11,2.8,,
2026-09-18T11:00:59.999Z,V3640186,5050,44.56334,7.86102,17233.7,4.7,1.6,123.3,-57.4,1.7,-1.0,RS41-SG,403.700,10.5,250,11,2.8,,
2026-09-18T11:01:00.999Z,V3640186,5051,44.56333,7.86103,17238.8,5.2,1.9,131.4,-57.5,1.7,-1.0,RS41-SG,403.700,11.4,250,11,2.7,,
2026-09-18T11:01:01.999Z,V3640186,5052,44.56332,7.86105,17243.1,3.1,2.1,132.6,-57.5,1.7,-1.0,RS41-SG,403.700,11.8,250,11,2.7,,
2026-09-18T11:01:02.999Z,V3640186,5053,44.56331,7.86107,17247.0,4.5,1.8,132.8,-57.5,1.7,-1.0,RS41-SG,403.700,11.8,250,11,2.7,,
2026-09-18T11:01:03.999Z,V3640186,5054,44.56330,7.86109,17251.5,4.7,1.1,126.0,-57.5,1.7,-1.0,RS41-SG,403.700,11.1,250,11,2.7,,
2026-09-18T11:01:04.999Z,V3640186,5055,44.56330,7.86110,17255.9,4.4,0.8,101.5,-57.4,1.7,-1.0,RS41-SG,403.700,10.8,250,11,2.8,,
2026-09-18T11:01:05.999Z,V3640186,5056,44.56329,7.86111,17260.5,4.8,1.1,96.7,-57.5,1.7,-1.0,RS41-SG,403.700,11.2,250,11,2.8,,
2026-09-18T11:01:06.999Z,V3640186,5057,44.56329,7.86112,17265.5,5.2,1.4,99.5,-57.6,1.8,-1.0,RS41-SG,403.700,11.2,250,11,2.7,,
2026-09-18T11:01:07.999Z,V3640186,5058,44.56329,7.86114,17270.2,4.0,1.7,97.5,-57.7,1.8,-1.0,RS41-SG,403.700,11.1,250,11,2.7,,
2026-09-18T11:01:08.999Z,V3640186,5059,44.56329,7.86116,17274.8,5.0,1.8,78.7,-57.6,1.8,-1.0,RS41-SG,403.700,11.1,250,11,2.7,,
2026-09-18T11:01:09.999Z,V3640186,5060,44.56330,7.86119,17279.6,4.6,2.0,58.5,-57.6,1.8,-1.0,RS41-SG,403.700,10.7,250,11,2.7,,
2026-09-18T11:01:10.999Z,V3640186,5061,44.56331,7.86120,17284.6,5.5,1.9,51.4,-57.6,1.8,-1.0,RS41-SG,403.700,10.7,250,11,2.8,,
2026-09-18T11:01:11.999Z,V3640186,5062,44.56332,7.86122,17289.5,4.3,1.7,62.0,-57.6,1.8,-1.0,RS41-SG,403.700,11.0,250,10,2.7,,
2026-09-18T11:01:12.999Z,V3640186,5063,44.56332,7.86124,17293.2,3.2,1.5,81.6,-57.7,1.8,-1.0,RS41-SG,403.700,11.7,250,10,2.6,,
2026-09-18T11:01:13.999Z,V3640186,5064,44.56332,7.86126,17297.1,4.5,1.0,64.2,-57.6,1.8,-1.0,RS41-SG,403.700,11.7,250,11,2.7,,
2026-09-18T11:01:14.999Z,V3640186,5065,44.56333,7.86126,17301.9,5.2,1.1,22.9,-57.6,1.8,-1.0,RS41-SG,403.700,11.3,250,10,2.8,,
2026-09-18T11:01:15.999Z,V3640186,5066,44.56334,7.86127,17306.8,4.4,1.5,14.6,-57.6,1.8,-1.0,RS41-SG,403.700,11.3,250,11,2.7,,
2026-09-18T11:01:16.999Z,V3640186,5067,44.56336,7.86128,17311.4,4.5,1.8,25.0,-57.6,1.8,-1.0,RS41-SG,403.700,10.5,250,11,2.7,,
2026-09-18T11:01:17.999Z,V3640186,5068,44.56337,7.86129,17316.3,5.4,2.0,49.1,-57.7,1.7,-1.0,RS41-SG,403.700,10.5,250,10,2.7,,
2026-09-18T11:01:18.999Z,V3640186,5069,44.56338,7.86131,17320.6,3.3,2.2,54.9,-57.6,1.8,-1.0,RS41-SG,403.700,9.3,250,10,2.8,,
2026-09-18T11:01:19.999Z,V3640186,5070,44.56339,7.86133,17324.4,3.9,2.0,38.9,-57.6,1.7,-1.0,RS41-SG,403.700,11.2,250,11,2.7,,
2026-09-18T11:01:20.999Z,V3640186,5071,44.56341,7.86134,17329.3,5.6,1.8,6.3,-57.6,1.7,-1.0,RS41-SG,403.700,11.2,250,11,2.7,,
2026-09-18T11:01:21.999Z,V3640186,5072,44.56343,7.86134,17334.7,5.4,2.2,345.6,-57.7,1.8,-1.0,RS41-SG,403.700,10.3,250,11,2.7,,
2026-09-18T11:01:22.999Z,V3640186,5073,44.56345,7.86133,17339.6,4.4,2.5,345.8,-57.6,1.7,-1.0,RS41-SG,403.700,11.7,250,11,2.8,,
2026-09-18T11:01:23.999Z,V3640186,5074,44.56347,7.86132,17344.4,5.0,2.4,348.8,-57.6,1.6,-1.0,RS41-SG,403.700,11.7,250,11,2.7,,
2026-09-18T11:01:24.999Z,V3640186,5075,44.56349,7.86132,17349.4,4.6,2.3,352.5,-57.6,1.7,-1.0,RS41-SG,403.700,10.3,250,11,2.7,,
2026-09-18T11:01:25.999Z,V3640186,5076,44.56351,7.86131,17353.3,3.3,2.2,349.3,-57.7,1.7,-1.0,RS41-SG,403.700,10.0,250,11,2.7,,
2026-09-18T11:01:26.999Z,V3640186,5077,44.56353,7.86130,17357.2,4.7,2.6,336.5,-57.6,1.7,-1.0,RS41-SG,403.700,9.7,250,11,2.7,,
2026-09-18T11:01:27.999Z,V3640186,5078,44.56355,7.86129,17362.3,5.4,3.3,325.4,-57.7,1.7,-1.0,RS41-SG,403.700,9.7,250,11,2.8,,
2026-09-18T11:01:28.999Z,V3640186,5079,44.56358,7.86126,17366.9,3.8,3.4,324.2,-57.7,1.7,-1.0,RS41-SG,403.700,10.6,250,11,2.8,,
2026-09-18T11:01:29.999Z,V3640186,5080,44.56360,7.86124,17371.2,4.5,3.1,332.8,-57.8,1.7,-1.0,RS41-SG,403.700,10.6,250,11,2.7,,
2026-09-18T11:01:30.999Z,V3640186,5081,44.56363,7.86123,17376.5,5.6,2.9,357.2,-57.7,1.7,-1.0,RS41-SG,403.700,10.1,250,11,2.7,,
2026-09-18T11:01:31.999Z,V3640186,5082,44.56365,7.86123,17381.3,3.9,3.1,15.2,-57.6,1.7,-1.0,RS41-SG,403.700,9.5,250,11,2.6,,
2026-09-18T11:01:32.999Z,V3640186,5083,44.56368,7.86125,17385.4,4.7,3.8,20.6,-57.6,1.7,-1.0,RS41-SG,403.700,9.5,250,11,2.7,,
2026-09-18T11:01:33.999Z,V3640186,5084,44.56372,7.86126,17390.3,5.1,4.4,12.7,-57.6,1.7,-1.0,RS41-SG,403.700,8.6,250,11,2.8,,
2026-09-18T11:01:34.999Z,V3640186,5085,44.56376,7.86127,17395.0,4.3,4.7,5.1,-57.7,1.7,-1.0,RS41-SG,403.700,8.6,250,11,2.8,,
2026-09-18T11:01:35.999Z,V3640186,5086,44.56380,7.86127,17399.6,4.7,4.2,1.9,-57.6,1.7,-1.0,RS41-SG,403.700,8.9,250,11,2.7,,
2026-09-18T11:01:36.999Z,V3640186,5087,44.56383,7.86128,17404.6,5.2,3.7,5.2,-57.6,1.7,-1.0,RS41-SG,403.700,8.9,250,11,2.7,,
2026-09-18T11:01:37.999Z,V3640186,5088,44.56386,7.86128,17409.0,3.4,3.3,7.8,-57.6,1.7,-1.0,RS41-SG,403.700,9.8,250,11,2.6,,
2026-09-18T11:01:38.999Z,V3640186,5089,44.56389,7.86129,17412.8,4.0,3.1,9.5,-57.7,1.8,-1.0,RS41-SG,403.700,9.8,250,11,2.7,,
2026-09-18T11:01:39.999Z,V3640186,5090,44.56392,7.86129,17417.5,5.3,3.0,3.1,-57.7,1.7,-1.0,RS41-SG,403.700,9.1,250,11,2.8,,
2026-09-18T11:01:40.999Z,V3640186,5091,44.56395,7.86129,17422.7,5.2,3.1,359.6,-57.7,1.7,-1.0,RS41-SG,403.700,9.1,250,11,2.8,,
2026-09-18T11:01:41.999Z,V3640186,5092,44.56397,7.86129,17427.4,3.9,3.1,1.0,-57.7,1.7,-1.0,RS41-SG,403.700,9.3,250,11,2.7,,
2026-09-18T11:01:42.999Z,V3640186,5093,44.56400,7.86130,17432.2,5.5,2.7,16.7,-57.7,1.7,-1.0,RS41-SG,403.700,9.3,250,11,2.7,,
2026-09-18T11:01:43.999Z,V3640186,5094,44.56402,7.86131,17438.1,6.2,2.8,49.2,-57.7,1.7,-1.0,RS41-SG,403.700,8.8,250,11,2.7,,
2026-09-18T11:01:44.999Z,V3640186,5095,44.56403,7.86135,17443.0,3.6,3.3,65.2,-57.7,1.7,-1.0,RS41-SG,403.700,10.3,250,11,2.7,,
2026-09-18T11:01:45.999Z,V3640186,5096,44.56405,7.86139,17446.9,4.3,4.1,69.0,-57.7,1.7,-1.0,RS41-SG,403.700,10.3,250,11,2.8,,
2026-09-18T11:01:46.999Z,V3640186,5097,44.56406,7.86144,17451.5,4.8,4.4,60.6,-57.6,1.7,-1.0,RS41-SG,403.700,9.4,250,11,2.7,,
2026-09-18T11:01:47.999Z,V3640186,5098,44.56409,7.86148,17457.2,6.1,4.5,51.5,-57.6,1.7,-1.0,RS41-SG,403.700,10.1,250,11,2.7,,
2026-09-18T11:01:48.999Z,V3640186,5099,44.56411,7.86153,17461.9,3.2,4.6,48.1,-57.6,1.6,-1.0,RS41-SG,403.700,10.1,250,11,2.7,,
2026-09-18T11:01:49.999Z,V3640186,5100,44.56414,7.86157,17465.7,4.3,4.3,50.3,-57.5,1.6,-1.0,RS41-SG,403.700,9.4,250,11,2.7,,
2026-09-18T11:01:50.999Z,V3640186,5101,44.56416,7.86161,17470.6,5.3,3.7,60.2,-57.4,1.7,-1.0,RS41-SG,403.700,9.3,250,11,2.7,,
2026-09-18T11:01:51.999Z,V3640186,5102,44.56417,7.86165,17476.3,5.8,3.5,80.4,-57.3,1.6,-1.0,RS41-SG,403.700,10.3,250,11,2.7,,
2026-09-18T11:01:52.999Z,V3640186,5103,44.56417,7.86169,17481.2,4.1,3.7,96.5,-57.2,1.7,-1.0,RS41-SG,403.700,10.8,250,11,2.7,,
2026-09-18T11:01:53.999Z,V3640186,5104,44.56417,7.86174,17485.7,4.9,4.1,99.5,-57.2,1.6,-1.0,RS41-SG,403.700,10.8,250,11,2.8,,
2026-09-18T11:01:54.999Z,V3640186,5105,44.56416,7.86179,17490.2,4.2,4.4,93.5,-57.1,1.6,-1.0,RS41-SG,403.700,10.8,250,11,2.7,,
2026-09-18T11:01:55.999Z,V3640186,5106,44.56416,7.86185,17495.5,6.2,4.9,90.0,-57.1,1.6,-1.0,RS41-SG,403.700,10.8,250,11,2.7,,
2026-09-18T11:01:56.999Z,V3640186,5107,44.56416,7.86191,17501.1,5.2,4.7,89.3,-57.0,1.6,-1.0,RS41-SG,403.700,10.8,250,11,2.7,,
2026-09-18T11:01:57.999Z,V3640186,5108,44.56416,7.86197,17505.4,3.2,4.8,92.0,-56.9,1.6,-1.0,RS41-SG,403.700,10.8,250,11,2.8,,
2026-09-18T11:01:58.999Z,V3640186,5109,44.56416,7.86203,17509.8,5.5,5.0,85.5,-56.8,1.6,-1.0,RS41-SG,403.700,9.7,250,11,2.7,,
2026-09-18T11:01:59.999Z,V3640186,5110,44.56417,7.86210,17514.9,4.7,5.3,79.0,-56.8,1.6,-1.0,RS41-SG,403.700,9.9,250,11,2.7,,
2026-09-18T11:02:00.999Z,V3640186,5111,44.56418,7.86216,17520.3,6.0,5.2,80.0,-56.8,1.6,-1.0,RS41-SG,403.700,9.9,250,11,2.6,,
2026-09-18T11:02:01.999Z,V3640186,5112,44.56418,7.86222,17525.8,5.1,4.7,86.9,-56.8,1.6,-1.0,RS41-SG,403.700,9.8,250,11,2.7,,
2026-09-18T11:02:02.999Z,V3640186,5113,44.56418,7.86228,17530.2,3.7,4.4,93.4,-56.8,1.6,-1.0,RS41-SG,403.700,9.6,250,11,2.8,,
2026-09-18T11:02:03.999Z,V3640186,5114,44.56418,7.86233,17534.6,5.2,4.4,97.5,-56.7,1.5,-1.0,RS41-SG,403.700,11.1,250,11,2.8,,
2026-09-18T11:02:04.999Z,V3640186,5115,44.56417,7.86239,17540.3,5.9,4.4,95.9,-56.6,1.5,-1.0,RS41-SG,403.700,11.1,250,10,2.7,,
2026-09-18T11:02:05.999Z,V3640186,5116,44.56417,7.86244,17545.9,5.2,4.3,99.8,-56.6,1.5,-1.0,RS41-SG,403.700,9.9,250,11,2.7,,
2026-09-18T11:02:06.999Z,V3640186,5117,44.56416,7.86250,17550.8,4.1,4.4,109.8,-56.6,1.5,-1.0,RS41-SG,403.700,9.1,250,11,2.6,,
2026-09-18T11:02:07.999Z,V3640186,5118,44.56414,7.86255,17555.4,5.2,4.7,119.9,-56.5,1.6,-1.0,RS41-SG,403.700,10.5,250,11,2.7,,
2026-09-18T11:02:08.999Z,V3640186,5119,44.56412,7.86260,17560.5,5.1,5.3,127.4,-56.5,1.5,-1.0,RS41-SG,403.700,10.5,250,11,2.7,,
2026-09-18T11:02:09.999Z,V3640186,5120,44.56409,7.86265,17564.8,3.1,5.5,125.5,-56.5,1.5,-1.0,RS41-SG,403.700,10.4,250,11,2.8,,
2026-09-18T11:02:10.999Z,V3640186,5121,44.56406,7.86271,17568.6,4.1,5.4,117.7,-56.5,1.5,-1.0,RS41-SG,403.700,10.8,250,11,2.7,,
2026-09-18T11:02:11.999Z,V3640186,5122,44.56405,7.86277,17573.5,5.5,4.7,102.4,-56.5,1.6,-1.0,RS41-SG,403.700,10.8,250,11,2.6,,
2026-09-18T11:02:12.999Z,V3640186,5123,44.56404,7.86282,17578.7,5.0,3.8,89.4,-56.4,1.6,-1.0,RS41-SG,403.700,10.7,250,11,2.6,,
2026-09-18T11:02:13.999Z,V3640186,5124,44.56405,7.86287,17583.3,4.5,3.0,81.0,-56.4,1.6,-1.0,RS41-SG,403.700,10.7,250,11,2.7,,
2026-09-18T11:02:14.999Z,V3640186,5125,44.56405,7.86290,17587.9,5.0,1.9,81.5,-56.5,1.6,-1.0,RS41-SG,403.700,10.8,250,11,2.7,,
2026-09-18T11:02:15.999Z,V3640186,5126,44.56405,7.86291,17593.1,5.4,0.7,116.0,-56.4,1.6,-1.0,RS41-SG,403.700,10.8,250,11,2.8,,
2026-09-18T11:02:16.999Z,V3640186,5127,44.56404,7.86291,17598.1,4.1,0.8,194.2,-56.4,1.6,-1.0,RS41-SG,403.700,9.6,250,11,2.7,,
2026-09-18T11:02:17.999Z,V3640186,5128,44.56404,7.86291,17602.0,3.6,1.0,214.6,-56.4,1.6,-1.0,RS41-SG,403.700,10.9,250,11,2.7,,
2026-09-18T11:02:18.999Z,V3640186,5129,44.56403,7.86290,17606.5,5.3,0.4,265.3,-56.4,1.6,-1.0,RS41-SG,403.700,10.9,250,11,2.6,,
2026-09-18T11:02:19.999Z,V3640186,5130,44.56404,7.86290,17611.7,5.3,0.6,15.6,-56.4,1.5,-1.0,RS41-SG,403.700,10.1,250,11,2.7,,
2026-09-18T11:02:20.999Z,V3640186,5131,44.56404,7.86291,17616.5,4.0,0.9,41.8,-56.3,1.5,-1.0,RS41-SG,403.700,10.1,250,11,2.7,,
2026-09-18T11:02:21.999Z,V3640186,5132,44.56405,7.86292,17621.1,5.0,1.1,76.7,-56.1,1.5,-1.0,RS41-SG,403.700,9.6,250,11,2.7,,
2026-09-18T11:02:22.999Z,V3640186,5133,44.56405,7.86293,17626.5,5.9,1.7,108.6,-56.0,1.5,-1.0,RS41-SG,403.700,9.4,250,10,2.6,,
2026-09-18T11:02:24.999Z,V3640186,5135,44.56403,7.86298,17636.4,5.8,2.5,114.6,-56.0,1.5,-1.0,RS41,403.700,9.4,250,11,2.7,,
2026-09-18T11:02:25.999Z,V3640186,5136,44.56402,7.86301,17641.9,5.1,2.6,96.0,-55.9,1.5,-1.0,RS41,403.700,9.4,250,11,2.7,,
2026-09-18T11:02:26.999Z,V3640186,5137,44.56402,7.86304,17647.4,5.7,2.7,83.1,-55.8,1.5,-1.0,RS41,403.700,9.4,250,11,2.6,,
2026-09-18T11:02:27.999Z,V3640186,5138,44.56403,7.86308,17652.7,5.0,2.9,86.9,-55.7,1.5,-1.0,RS41,403.700,9.1,250,11,2.7,,
2026-09-18T11:02:28.999Z,V3640186,5139,44.56403,7.86311,17657.9,5.3,3.0,92.8,-55.6,1.4,-1.0,RS41,403.700,9.1,250,11,2.7,,
2026-09-18T11:02:29.999Z,V3640186,5140,44.56403,7.86315,17662.9,4.7,2.5,85.4,-55.4,1.4,-1.0,RS41,403.700,9.1,250,11,2.7,,
2026-09-18T11:02:30.999Z,V3640186,5141,44.56403,7.86318,17667.9,4.9,2.0,61.7,-55.3,1.4,-1.0,RS41,403.700,10.4,250,11,2.7,,
2026-09-18T11:02:31.999Z,V3640186,5142,44.56404,7.86319,17673.2,5.8,2.2,19.6,-55.3,1.4,-1.0,RS41,403.700,10.4,250,11,2.6,,
2026-09-18T11:02:32.999Z,V3640186,5143,44.56407,7.86320,17678.9,5.6,2.9,2.2,-55.3,1.4,-1.0,RS41,403.700,10.0,250,11,2.7,,
2026-09-18T11:02:33.999Z,V3640186,5144,44.56409,7.86320,17683.9,4.6,2.8,4.3,-55.3,1.4,-1.0,RS41,403.700,9.9,250,11,2.7,,
2026-09-18T11:02:34.999Z,V3640186,5145,44.56412,7.86321,17688.9,5.3,2.3,17.4,-55.3,1.4,-1.0,RS41,403.700,9.9,250,11,2.7,,
2026-09-18T11:02:35.999Z,V3640186,5146,44.56413,7.86322,17694.8,6.3,1.7,50.1,-55.4,1.4,-1.0,RS41,403.700,9.6,250,11,2.7,,
2026-09-18T11:02:36.999Z,V3640186,5147,44.56414,7.86324,17699.8,3.8,1.8,77.5,-55.4,1.5,-1.0,RS41,403.700,8.5,250,11,2.7,,
2026-09-18T11:02:37.999Z,V3640186,5148,44.56414,7.86326,17703.8,3.6,2.0,89.9,-55.4,1.5,-1.0,RS41,403.700,9.3,250,11,2.6,,
2026-09-18T11:02:38.999Z,V3640186,5149,44.56414,7.86328,17708.4,5.6,1.9,63.0,-55.5,1.5,-1.0,RS41,403.700,11.1,250,10,2.7,,
2026-09-18T11:02:39.999Z,V3640186,5150,44.56416,7.86330,17713.8,5.4,2.5,36.1,-55.7,1.5,-1.0,RS41,403.700,11.1,250,10,2.8,,
2026-09-18T11:02:40.999Z,V3640186,5151,44.56418,7.86332,17718.8,4.6,3.0,20.7,-55.7,1.5,-1.0,RS41,403.700,9.8,250,11,2.8,,
2026-09-18T11:02:41.999Z,V3640186,5152,44.56420,7.86333,17724.0,5.7,3.1,8.5,-55.7,1.4,-1.0,RS41,403.700,9.0,250,11,2.7,,
2026-09-18T11:02:42.999Z,V3640186,5153,44.56423,7.86333,17729.1,4.5,3.1,0.6,-55.8,1.5,-1.0,RS41,403.700,9.6,250,11,2.7,,
2026-09-18T11:02:43.999Z,V3640186,5154,44.56426,7.86333,17733.3,3.9,3.4,357.7,-55.7,1.5,-1.0,RS41,403.700,10.2,250,11,2.6,,
2026-09-18T11:02:44.999Z,V3640186,5155,44.56429,7.86333,17738.1,5.6,4.1,1.7,-55.7,1.5,-1.0,RS41,403.700,11.2,250,11,2.7,,
2026-09-18T11:02:45.999Z,V3640186,5156,44.56433,7.86334,17743.1,4.9,4.8,9.7,-55.8,1.5,-1.0,RS41,403.700,11.2,250,11,2.7,,
2026-09-18T11:02:46.999Z,V3640186,5157,44.56437,7.86335,17748.4,5.7,4.6,17.8,-55.9,1.5,-1.0,RS41,403.700,10.2,250,11,2.7,,
2026-09-18T11:02:47.999Z,V3640186,5158,44.56441,7.86337,17753.6,4.5,4.3,22.9,-55.9,1.5,-1.0,RS41,403.700,11.1,250,11,2.7,,
2026-09-18T11:02:48.999Z,V3640186,5159,44.56444,7.86339,17757.6,3.1,3.6,31.5,-55.8,1.5,-1.0,RS41,403.700,11.5,250,11,2.6,,
2026-09-18T11:02:49.999Z,V3640186,5160,44.56447,7.86342,17761.8,4.9,3.7,37.5,-55.9,1.6,-1.0,RS41,403.700,11.5,250,11,2.6,,
2026-09-18T11:02:50.999Z,V3640186,5161,44.56450,7.86345,17766.9,5.1,4.0,40.2,-56.0,1.6,-1.0,RS41,403.700,10.1,250,11,2.7,,
2026-09-18T11:02:51.999Z,V3640186,5162,44.56452,7.86348,17771.9,5.4,3.9,44.0,-56.1,1.6,-1.0,RS41,403.700,10.1,250,11,2.7,,
2026-09-18T11:02:52.999Z,V3640186,5163,44.56455,7.86351,17777.3,5.4,3.5,49.9,-56.2,1.5,-1.0,RS41,403.700,10.2,250,11,2.7,,
2026-09-18T11:02:53.999Z,V3640186,5164,44.56456,7.86355,17782.0,3.6,3.2,55.8,-56.2,1.5,-1.0,RS41,403.700,10.2,250,11,2.6,,
2026-09-18T11:02:54.999Z,V3640186,5165,44.56458,7.86358,17785.8,4.0,3.2,60.0,-56.2,1.5,-1.0,RS41,403.700,9.7,250,11,2.7,,
2026-09-18T11:02:55.999Z,V3640186,5166,44.56459,7.86362,17790.7,5.5,3.7,56.2,-56.2,1.5,-1.0,RS41,403.700,9.7,250,11,2.7,,
2026-09-18T11:02:56.999Z,V3640186,5167,44.56462,7.86366,17795.9,4.6,4.0,52.0,-56.2,1.5,-1.0,RS41,403.700,9.0,250,10,2.7,,
2026-09-18T11:02:57.999Z,V3640186,5168,44.56464,7.86369,17800.3,4.4,4.0,46.6,-56.2,1.5,-1.0,RS41,403.700,10.7,250,11,2.6,,
2026-09-18T11:02:58.999Z,V3640186,5169,44.56466,7.86373,17805.4,5.6,3.6,42.8,-56.3,1.5,-1.0,RS41,403.700,11.0,250,11,2.7,,
2026-09-18T11:02:59.999Z,V3640186,5170,44.56469,7.86376,17810.2,4.0,3.3,41.9,-56.3,1.5,-1.0,RS41,403.700,11.0,250,10,2.7,,
2026-09-18T11:03:00.999Z,V3640186,5171,44.56471,7.86379,17814.5,4.6,3.7,42.2,-56.3,1.5,-1.0,RS41,403.700,9.8,250,11,2.7,,
2026-09-18T11:03:01.999Z,V3640186,5172,44.56474,7.86382,17819.2,4.5,4.5,45.8,-56.4,1.6,-1.0,RS41,403.700,10.5,250,11,2.6,,
2026-09-18T11:03:02.999Z,V3640186,5173,44.56476,7.86387,17824.3,5.7,5.2,50.5,-56.4,1.5,-1.0,RS41,403.700,10.5,250,11,2.6,,
2026-09-18T11:03:03.999Z,V3640186,5174,44.56479,7.86392,17829.8,5.7,5.1,52.1,-56.4,1.5,-1.0,RS41,403.700,9.7,250,11,2.7,,
2026-09-18T11:03:04.999Z,V3640186,5175,44.56482,7.86397,17834.4,3.5,4.8,52.1,-56.4,1.5,-1.0,RS41,403.700,8.0,250,11,2.7,,
2026-09-18T11:03:05.999Z,V3640186,5176,44.56485,7.86402,17838.9,5.4,4.9,56.0,-56.5,1.6,-1.0,RS41,403.700,9.7,250,11,2.7,,
2026-09-18T11:03:06.999Z,V3640186,5177,44.56487,7.86407,17843.8,4.4,5.4,56.6,-56.5,1.5,-1.0,RS41,403.700,9.7,250,11,2.7,,
2026-09-18T11:03:07.999Z,V3640186,5178,44.56490,7.86413,17849.3,6.3,5.2,60.1,-56.5,1.6,-1.0,RS41,403.700,9.6,250,11,2.6,,
2026-09-18T11:03:08.999Z,V3640186,5179,44.56492,7.86418,17855.3,5.7,4.5,66.7,-56.6,1.6,-1.0,RS41,403.700,9.5,250,11,2.6,,
2026-09-18T11:03:09.999Z,V3640186,5180,44.56493,7.86423,17859.7,3.3,4.1,69.9,-56.6,1.6,-1.0,RS41,403.700,8.7,250,11,2.7,,
2026-09-18T11:03:10.999Z,V3640186,5181,44.56494,7.86428,17863.8,5.2,3.8,73.2,-56.6,1.6,-1.0,RS41,403.700,8.1,250,11,2.7,,
2026-09-18T11:03:11.999Z,V3640186,5182,44.56495,7.86432,17868.7,4.8,3.9,70.5,-56.6,1.5,-1.0,RS41,403.700,8.3,250,11,2.7,,
2026-09-18T11:03:12.999Z,V3640186,5183,44.56496,7.86437,17874.4,6.4,3.9,71.6,-56.7,1.6,-1.0,RS41,403.700,9.1,250,11,2.7,,
2026-09-18T11:03:13.999Z,V3640186,5184,44.56497,7.86441,17880.4,5.3,3.4,75.3,-56.7,1.5,-1.0,RS41,403.700,10.2,250,11,2.6,,
2026-09-18T11:03:14.999Z,V3640186,5185,44.56498,7.86445,17884.6,3.0,2.9,78.3,-56.6,1.6,-1.0,RS41,403.700,11.1,250,11,2.6,,
2026-09-18T11:03:15.999Z,V3640186,5186,44.56498,7.86449,17888.7,5.3,3.2,80.0,-56.7,1.6,-1.0,RS41-SG,403.700,11.1,250,11,2.7,,
2026-09-18T11:03:16.999Z,V3640186,5187,44.56499,7.86453,17894.2,6.0,4.0,78.5,-56.7,1.6,-1.0,RS41-SG,403.700,9.1,250,11,2.7,,
2026-09-18T11:03:17.999Z,V3640186,5188,44.56500,7.86458,17900.2,6.3,4.5,74.1,-56.7,1.5,-1.0,RS41-SG,403.700,8.7,250,11,2.7,,
2026-09-18T11:03:18.999Z,V3640186,5189,44.56501,7.86464,17905.6,4.3,4.4,72.6,-56.7,1.5,-1.0,RS41-SG,403.700,8.7,250,11,2.7,,
2026-09-18T11:03:19.999Z,V3640186,5190,44.56502,7.86469,17909.4,3.1,4.7,77.3,-56.7,1.6,-1.0,RS41-SG,403.700,8.5,250,11,2.6,,
2026-09-18T11:03:20.999Z,V3640186,5191,44.56503,7.86475,17913.7,5.4,5.4,74.6,-56.7,1.5,-1.0,RS41-SG,403.700,11.4,250,11,2.6,,
2026-09-18T11:03:21.999Z,V3640186,5192,44.56505,7.86482,17919.1,5.3,6.1,76.8,-56.8,1.6,-1.0,RS41-SG,403.700,11.4,250,11,2.7,,
2026-09-18T11:03:22.999Z,V3640186,5193,44.56506,7.86490,17924.2,5.0,6.0,77.7,-56.8,1.6,-1.0,RS41-SG,403.700,9.6,250,11,2.7,,
2026-09-18T11:03:23.999Z,V3640186,5194,44.56507,7.86497,17929.3,5.6,5.3,81.1,-56.7,1.5,-1.0,RS41-SG,403.700,10.0,250,11,2.6,,
2026-09-18T11:03:24.999Z,V3640186,5195,44.56507,7.86503,17934.0,3.6,4.9,81.3,-56.8,1.5,-1.0,RS41-SG,403.700,10.0,250,11,2.6,,
2026-09-18T11:03:25.999Z,V3640186,5196,44.56508,7.86509,17938.2,4.7,4.6,84.9,-56.7,1.5,-1.0,RS41-SG,403.700,9.4,250,11,2.7,,
2026-09-18T11:03:26.999Z,V3640186,5197,44.56508,7.86515,17942.9,4.9,4.8,84.6,-56.8,1.5,-1.0,RS41-SG,403.700,9.4,250,11,2.7,,
2026-09-18T11:03:27.999Z,V3640186,5198,44.56509,7.86521,17948.3,5.7,4.8,85.7,-56.8,1.5,-1.0,RS41-SG,403.700,9.6,250,11,2.7,,
2026-09-18T11:03:28.999Z,V3640186,5199,44.56509,7.86527,17953.7,5.2,4.4,88.2,-56.8,1.5,-1.0,RS41-SG,403.700,10.4,250,11,2.6,,
2026-09-18T11:03:29.999Z,V3640186,5200,44.56509,7.86532,17957.9,2.7,4.1,87.7,-56.8,1.6,-1.0,RS41-SG,403.700,10.4,250,11,2.7,,
2026-09-18T11:03:30.999Z,V3640186,5201,44.56509,7.86537,17961.7,5.0,4.3,86.6,-56.8,1.5,-1.0,RS41-SG,403.700,10.5,250,11,2.7,,
2026-09-18T11:03:31.999Z,V3640186,5202,44.56510,7.86543,17966.7,5.2,5.2,82.3,-56.9,1.6,-1.0,RS41-SG,403.700,10.5,250,11,2.6,,
2026-09-18T11:03:32.999Z,V3640186,5203,44.56510,7.86550,17972.3,5.9,5.6,78.6,-57.0,1.6,-1.0,RS41-SG,403.700,9.9,250,11,2.6,,
2026-09-18T11:03:33.999Z,V3640186,5204,44.56511,7.86556,17978.1,5.8,5.3,76.0,-56.9,1.5,-1.0,RS41-SG,403.700,10.5,250,11,2.6,,
2026-09-18T11:03:34.999Z,V3640186,5205,44.56513,7.86563,17982.9,3.7,5.2,74.5,-57.0,1.6,-1.0,RS41-SG,403.700,10.5,250,11,2.7,,
2026-09-18T11:03:35.999Z,V3640186,5206,44.56514,7.86569,17987.3,5.1,5.3,72.4,-57.0,1.6,-1.0,RS41-SG,403.700,10.2,250,11,2.7,,
2026-09-18T11:03:36.999Z,V3640186,5207,44.56516,7.86576,17992.4,4.8,5.9,69.1,-57.1,1.6,-1.0,RS41-SG,403.700,10.2,250,11,2.7,,
2026-09-18T11:03:37.999Z,V3640186,5208,44.56518,7.86583,17997.9,6.3,6.0,68.8,-57.1,1.6,-1.0,RS41-SG,403.700,9.1,250,11,2.6,,
2026-09-18T11:03:38.999Z,V3640186,5209,44.56519,7.86589,18003.6,5.0,5.6,71.4,-57.1,1.5,-1.0,RS41-SG,403.700,9.7,250,11,2.6,,
2026-09-18T11:03:39.999Z,V3640186,5210,44.56521,7.86596,18007.9,3.3,5.2,72.5,-57.1,1.6,-1.0,RS41-SG,403.700,9.7,250,11,2.6,,
2026-09-18T11:03:40.999Z,V3640186,5211,44.56522,7.86602,18012.3,5.6,5.4,77.0,-57.1,1.6,-1.0,RS41-SG,403.700,9.2,250,11,2.7,,
2026-09-18T11:03:41.999Z,V3640186,5212,44.56523,7.86609,18017.2,4.3,6.0,78.9,-57.1,1.6,-1.0,RS41-SG,403.700,9.6,250,11,2.7,,
2026-09-18T11:03:42.999Z,V3640186,5213,44.56524,7.86617,18021.7,4.8,6.2,83.4,-57.1,1.6,-1.0,RS41-SG,403.700,9.6,250,10,2.7,,
2026-09-18T11:03:43.999Z,V3640186,5214,44.56524,7.86624,18026.6,4.8,5.7,87.9,-57.1,1.5,-1.0,RS41-SG,403.700,9.5,250,11,2.7,,
2026-09-18T11:03:44.999Z,V3640186,5215,44.56524,7.86631,18031.6,5.0,5.1,92.8,-57.0,1.5,-1.0,RS41-SG,403.700,11.5,250,10,2.6,,
2026-09-18T11:03:45.999Z,V3640186,5216,44.56524,7.86637,18036.2,4.2,4.8,96.0,-57.1,1.6,-1.0,RS41-SG,403.700,11.5,250,11,2.6,,
2026-09-18T11:03:46.999Z,V3640186,5217,44.56524,7.86643,18040.8,5.0,5.0,93.8,-57.0,1.5,-1.0,RS41-SG,403.700,9.8,250,11,2.7,,
2026-09-18T11:03:47.999Z,V3640186,5218,44.56523,7.86650,18045.9,5.2,5.3,90.1,-57.1,1.5,-1.0,RS41-SG,403.700,10.7,250,11,2.7,,
2026-09-18T11:03:48.999Z,V3640186,5219,44.56523,7.86657,18051.2,5.6,5.5,92.6,-57.1,1.5,-1.0,RS41-SG,403.700,10.7,250,11,2.7,,
2026-09-18T11:03:49.999Z,V3640186,5220,44.56523,7.86663,18056.6,4.9,5.0,93.5,-57.1,1.5,-1.0,RS41-SG,403.700,11.1,250,11,2.7,,
2026-09-18T11:03:50.999Z,V3640186,5221,44.56523,7.86669,18061.0,3.4,4.8,94.8,-57.1,1.5,-1.0,RS41-SG,403.700,11.1,250,11,2.6,,
2026-09-18T11:03:51.999Z,V3640186,5222,44.56522,7.86675,18065.0,4.6,4.7,92.8,-57.0,1.5,-1.0,RS41-SG,403.700,10.7,250,11,2.6,,
2026-09-18T11:03:52.999Z,V3640186,5223,44.56523,7.86681,18069.9,5.4,5.1,85.0,-57.0,1.5,-1.0,RS41-SG,403.700,11.1,250,11,2.7,,
2026-09-18T11:03:53.999Z,V3640186,5224,44.56523,7.86688,18075.7,6.4,5.3,83.4,-57.1,1.5,-1.0,RS41-SG,403.700,11.1,250,11,2.7,,
2026-09-18T11:03:54.999Z,V3640186,5225,44.56523,7.86694,18081.5,5.2,5.1,87.5,-57.0,1.5,-1.0,RS41-SG,403.700,10.6,250,11,2.6,,
2026-09-18T11:03:55.999Z,V3640186,5226,44.56523,7.86701,18085.6,2.9,5.0,94.3,-56.9,1.5,-1.0,RS41-SG,403.700,10.7,250,11,2.6,,
2026-09-18T11:03:56.999Z,V3640186,5227,44.56523,7.86707,18089.8,5.3,5.2,96.4,-57.0,1.5,-1.0,RS41-SG,403.700,10.7,250,11,2.7,,
2026-09-18T11:03:57.999Z,V3640186,5228,44.56522,7.86714,18094.6,4.1,5.6,95.7,-56.9,1.6,-1.0,RS41-SG,403.700,10.0,250,11,2.7,,
2026-09-18T11:03:58.999Z,V3640186,5229,44.56522,7.86721,18100.2,7.1,5.4,102.0,-57.0,1.5,-1.0,RS41-SG,403.700,10.1,250,11,2.6,,
2026-09-18T11:03:59.999Z,V3640186,5230,44.56520,7.86727,18105.9,4.1,5.3,107.2,-57.0,1.5,-1.0,RS41-SG,403.700,10.1,250,11,2.6,,
2026-09-18T11:04:00.999Z,V3640186,5231,44.56519,7.86733,18109.7,3.3,4.9,113.3,-56.9,1.5,-1.0,RS41-SG,403.700,10.4,250,11,2.7,,
2026-09-18T11:04:01.999Z,V3640186,5232,44.56517,7.86739,18114.2,6.0,4.6,113.1,-57.0,1.5,-1.0,RS41-SG,403.700,10.4,250,11,2.7,,
2026-09-18T11:04:02.999Z,V3640186,5233,44.56516,7.86744,18119.6,4.7,4.7,107.1,-57.0,1.5,-1.0,RS41-SG,403.700,10.3,250,11,2.6,,
2026-09-18T11:04:03.999Z,V3640186,5234,44.56514,7.86749,18124.8,5.5,4.3,106.3,-57.0,1.5,-1.0,RS41-SG,403.700,10.3,250,11,2.6,,
2026-09-18T11:04:04.999Z,V3640186,5235,44.56513,7.86755,18129.6,4.2,4.2,110.6,-56.9,1.5,-1.0,RS41-SG,403.700,11.2,250,11,2.6,,
2026-09-18T11:04:05.999Z,V3640186,5236,44.56512,7.86759,18133.6,3.8,4.1,115.5,-56.9,1.5,-1.0,RS41-SG,403.700,11.2,250,11,2.7,,
2026-09-18T11:04:06.999Z,V3640186,5237,44.56510,7.86764,18138.0,5.0,3.9,106.6,-56.9,1.5,-1.0,RS41-SG,403.700,10.7,250,10,2.7,,
2026-09-18T11:04:07.999Z,V3640186,5238,44.56510,7.86769,18143.1,5.1,3.8,91.6,-56.9,1.5,-1.0,RS41-SG,403.700,11.2,250,11,2.7,,
2026-09-18T11:04:08.999Z,V3640186,5239,44.56510,7.86773,18147.9,4.2,3.8,85.0,-56.9,1.5,-1.0,RS41-SG,403.700,11.2,250,11,2.6,,
2026-09-18T11:04:09.999Z,V3640186,5240,44.56510,7.86778,18152.4,4.3,3.5,83.1,-56.8,1.5,-1.0,RS41-SG,403.700,11.5,250,11,2.6,,
2026-09-18T11:04:10.999Z,V3640186,5241,44.56511,7.86782,18157.4,5.2,3.1,81.8,-56.7,1.5,-1.0,RS41-SG,403.700,11.5,250,11,2.6,,
2026-09-18T11:04:11.999Z,V3640186,5242,44.56511,7.86786,18162.0,4.0,2.9,81.7,-56.6,1.5,-1.0,RS41-SG,403.700,10.7,250,11,2.7,,
2026-09-18T11:04:12.999Z,V3640186,5243,44.56512,7.86789,18166.2,4.1,2.8,72.5,-56.6,1.5,-1.0,RS41-SG,403.700,11.2,250,11,2.7,,
2026-09-18T11:04:13.999Z,V3640186,5244,44.56513,7.86793,18171.2,6.1,3.6,58.3,-56.7,1.5,-1.0,RS41-SG,403.700,11.2,250,11,2.7,,
2026-09-18T11:04:14.999Z,V3640186,5245,44.56515,7.86797,18177.1,5.4,4.2,54.1,-56.6,1.4,-1.0,RS41-SG,403.700,10.2,250,11,2.6,,
2026-09-18T11:04:15.999Z,V3640186,5246,44.56517,7.86801,18182.7,5.4,4.6,54.1,-56.7,1.5,-1.0,RS41-SG,403.700,10.5,250,11,2.6,,
2026-09-18T11:04:16.999Z,V3640186,5247,44.56519,7.86806,18188.2,5.4,4.2,60.5,-56.7,1.5,-1.0,RS41-SG,403.700,10.5,250,10,2.6,,
2026-09-18T11:04:17.999Z,V3640186,5248,44.56521,7.86811,18192.4,3.4,4.2,68.9,-56.6,1.5,-1.0,RS41-SG,403.700,10.2,250,11,2.7,,
2026-09-18T11:04:18.999Z,V3640186,5249,44.56522,7.86816,18196.3,4.6,4.4,69.4,-56.6,1.5,-1.0,RS41-SG,403.700,11.1,250,11,2.7,,
2026-09-18T11:04:19.999Z,V3640186,5250,44.56524,7.86821,18201.3,5.2,5.0,64.8,-56.7,1.5,-1.0,RS41-SG,403.700,12.0,250,11,2.7,,
2026-09-18T11:04:20.999Z,V3640186,5251,44.56526,7.86827,18206.3,4.8,5.1,63.8,-56.7,1.4,-1.0,RS41-SG,403.700,12.0,250,11,2.7,,
2026-09-18T11:04:21.999Z,V3640186,5252,44.56528,7.86833,18211.4,5.1,4.7,61.2,-56.6,1.5,-1.0,RS41-SG,403.700,11.3,250,11,2.6,,
2026-09-18T11:04:22.999Z,V3640186,5253,44.56530,7.86837,18216.3,4.7,4.0,58.8,-56.5,1.5,-1.0,RS41-SG,403.700,8.8,250,11,2.6,,
2026-09-18T11:04:23.999Z,V3640186,5254,44.56531,7.86841,18220.6,3.9,3.5,59.8,-56.5,1.5,-1.0,RS41-SG,403.700,11.9,250,11,2.7,,
2026-09-18T11:04:24.999Z,V3640186,5255,44.56533,7.86845,18225.1,5.1,3.7,59.2,-56.6,1.5,-1.0,RS41-SG,403.700,12.5,250,11,2.7,,
2026-09-18T11:04:25.999Z,V3640186,5256,44.56535,7.86850,18230.4,5.5,4.5,59.5,-56.6,1.5,-1.0,RS41-SG,403.700,12.5,250,11,2.6,,
2026-09-18T11:04:26.999Z,V3640186,5257,44.56537,7.86855,18235.9,5.4,4.9,62.5,-56.6,1.5,-1.0,RS41-SG,403.700,11.5,250,11,2.6,,
2026-09-18T11:04:27.999Z,V3640186,5258,44.56539,7.86860,18241.3,5.3,4.8,63.0,-56.7,1.5,-1.0,RS41-SG,403.700,11.4,250,11,2.7,,
2026-09-18T11:04:28.999Z,V3640186,5259,44.56541,7.86865,18246.4,5.1,4.5,65.4,-56.7,1.5,-1.0,RS41-SG,403.700,11.1,250,11,2.7,,
2026-09-18T11:04:29.999Z,V3640186,5260,44.56542,7.86870,18250.5,3.1,4.3,66.3,-56.7,1.5,-1.0,RS41-SG,403.700,12.1,250,11,2.6,,
2026-09-18T11:04:30.999Z,V3640186,5261,44.56544,7.86876,18254.5,4.8,5.0,63.8,-56.8,1.4,-1.0,RS41-SG,403.700,12.1,250,11,2.6,,
2026-09-18T11:04:31.999Z,V3640186,5262,44.56546,7.86882,18259.7,5.3,5.9,62.4,-56.8,1.5,-1.0,RS41-SG,403.700,11.8,250,11,2.7,,
2026-09-18T11:04:32.999Z,V3640186,5263,44.56549,7.86889,18264.7,4.7,6.3,63.2,-56.7,1.5,-1.0,RS41-SG,403.700,11.4,250,11,2.7,,
2026-09-18T11:04:33.999Z,V3640186,5264,44.56552,7.86896,18269.5,5.0,6.2,60.3,-56.7,1.5,-1.0,RS41-SG,403.700,10.5,250,11,2.6,,
2026-09-18T11:04:34.999Z,V3640186,5265,44.56554,7.86902,18274.7,5.4,5.7,58.5,-56.8,1.5,-1.0,RS41-SG,403.700,10.0,250,11,2.6,,
2026-09-18T11:04:35.999Z,V3640186,5266,44.56557,7.86908,18279.6,4.2,5.4,57.4,-56.8,1.5,-1.0,RS41-SG,403.700,10.0,250,11,2.6,,
2026-09-18T11:04:36.999Z,V3640186,5267,44.56559,7.86914,18284.1,4.8,5.7,64.0,-56.9,1.5,-1.0,RS41-SG,403.700,10.6,250,11,2.7,,
2026-09-18T11:04:37.999Z,V3640186,5268,44.56561,7.86921,18289.3,5.8,6.4,71.3,-56.9,1.5,-1.0,RS41-SG,403.700,10.6,250,11,2.7,,
2026-09-18T11:04:38.999Z,V3640186,5269,44.56563,7.86929,18294.5,5.0,7.1,75.4,-56.8,1.5,-1.0,RS41-SG,403.700,10.8,250,11,2.7,,
2026-09-18T11:04:39.999Z,V3640186,5270,44.56565,7.86938,18299.3,4.6,7.1,77.4,-56.9,1.6,-1.0,RS41-SG,403.700,10.8,250,11,2.6,,
2026-09-18T11:04:40.999Z,V3640186,5271,44.56566,7.86946,18304.4,5.2,6.6,80.2,-56.9,1.5,-1.0,RS41-SG,403.700,10.5,250,11,2.6,,
2026-09-18T11:04:41.999Z,V3640186,5272,44.56567,7.86954,18309.9,5.5,6.0,79.3,-56.9,1.6,-1.0,RS41-SG,403.700,10.8,250,11,2.6,,
2026-09-18T11:04:42.999Z,V3640186,5273,44.56568,7.86961,18314.2,3.4,5.8,77.3,-56.8,1.6,-1.0,RS41-SG,403.700,10.8,250,11,2.7,,
2026-09-18T11:04:43.999Z,V3640186,5274,44.56570,7.86969,18317.9,4.4,6.5,71.7,-56.8,1.5,-1.0,RS41-SG,403.700,11.4,250,11,2.7,,
2026-09-18T11:04:44.999Z,V3640186,5275,44.56572,7.86977,18323.1,5.5,7.5,66.6,-56.8,1.5,-1.0,RS41-SG,403.700,11.4,250,11,2.7,,
2026-09-18T11:04:45.999Z,V3640186,5276,44.56575,7.86986,18328.2,4.7,8.2,63.7,-56.9,1.5,-1.0,RS41-SG,403.700,11.9,250,11,2.7,,
2026-09-18T11:04:46.999Z,V3640186,5277,44.56578,7.86995,18333.0,4.6,8.2,62.7,-56.9,1.5,-1.0,RS41-SG,403.700,11.9,250,11,2.6,,
2026-09-18T11:04:47.999Z,V3640186,5278,44.56581,7.87004,18337.7,5.1,7.8,64.4,-56.9,1.5,-1.0,RS41-SG,403.700,11.2,250,11,2.6,,
2026-09-18T11:04:48.999Z,V3640186,5279,44.56584,7.87013,18342.4,4.3,7.6,70.0,-57.0,1.5,-1.0,RS41-SG,403.700,10.8,250,11,2.7,,
2026-09-18T11:04:49.999Z,V3640186,5280,44.56586,7.87022,18346.4,4.1,7.7,76.2,-57.0,1.5,-1.0,RS41-SG,403.700,10.8,250,11,2.7,,
2026-09-18T11:04:50.999Z,V3640186,5281,44.56588,7.87032,18351.2,5.6,8.4,79.0,-57.0,1.5,-1.0,RS41-SG,403.700,10.9,250,11,2.6,,
2026-09-18T11:04:51.999Z,V3640186,5282,44.56589,7.87043,18355.9,3.9,8.9,78.1,-57.0,1.5,-1.0,RS41-SG,403.700,10.9,250,11,2.6,,
2026-09-18T11:04:52.999Z,V3640186,5283,44.56591,7.87054,18359.8,3.8,8.9,78.7,-57.1,1.5,-1.0,RS41-SG,403.700,9.9,250,11,2.7,,
2026-09-18T11:04:53.999Z,V3640186,5284,44.56592,7.87064,18364.1,4.7,8.2,84.3,-57.1,1.5,-1.0,RS41-SG,403.700,9.5,250,11,2.7,,
2026-09-18T11:04:54.999Z,V3640186,5285,44.56592,7.87074,18368.9,5.0,7.4,90.8,-57.1,1.6,-1.0,RS41-SG,403.700,10.5,250,11,2.6,,
2026-09-18T11:04:55.999Z,V3640186,5286,44.56592,7.87083,18373.5,4.2,7.1,94.7,-57.0,1.5,-1.0,RS41-SG,403.700,10.5,250,11,2.6,,
2026-09-18T11:04:56.999Z,V3640186,5287,44.56591,7.87092,18377.8,4.2,7.3,95.0,-57.0,1.5,-1.0,RS41-SG,403.700,10.0,250,11,2.7,,
2026-09-18T11:04:57.999Z,V3640186,5288,44.56591,7.87102,18382.6,5.6,7.9,90.5,-56.9,1.5,-1.0,RS41-SG,403.700,10.2,250,11,2.7,,
2026-09-18T11:04:58.999Z,V3640186,5289,44.56591,7.87112,18387.6,4.2,8.6,85.7,-56.9,1.5,-1.0,RS41-SG,403.700,10.2,250,11,2.6,,
2026-09-18T11:04:59.999Z,V3640186,5290,44.56592,7.87123,18392.0,4.2,9.0,84.5,-56.8,1.5,-1.0,RS41-SG,403.700,11.0,250,11,2.6,,
2026-09-18T11:05:00.999Z,V3640186,5291,44.56593,7.87134,18396.6,5.1,9.2,84.9,-56.9,1.5,-1.0,RS41-SG,403.700,11.7,250,11,2.6,,
2026-09-18T11:05:01.999Z,V3640186,5292,44.56593,7.87146,18401.3,4.4,9.3,86.9,-56.9,1.5,-1.0,RS41-SG,403.700,11.7,250,11,2.7,,
2026-09-18T11:05:02.999Z,V3640186,5293,44.56594,7.87158,18406.0,5.3,9.7,86.9,-56.9,1.5,-1.0,RS41-SG,403.700,11.2,250,11,2.7,,
2026-09-18T11:05:03.999Z,V3640186,5294,44.56595,7.87170,18411.3,5.4,10.0,83.4,-56.9,1.5,-1.0,RS41-SG,403.700,11.2,250,11,2.7,,
2026-09-18T11:05:04.999Z,V3640186,5295,44.56596,7.87183,18415.9,3.8,10.0,80.9,-56.8,1.5,-1.0,RS41-SG,403.700,11.4,250,11,2.6,,
2026-09-18T11:05:05.999Z,V3640186,5296,44.56597,7.87194,18420.1,4.3,9.1,80.4,-56.8,1.5,-1.0,RS41-SG,403.700,11.4,250,11,2.6,,
2026-09-18T11:05:06.999Z,V3640186,5297,44.56598,7.87205,18424.9,5.2,7.7,82.1,-56.8,1.5,-1.0,RS41-SG,403.700,9.5,250,11,2.6,,
2026-09-18T11:05:07.999Z,V3640186,5298,44.56599,7.87214,18429.9,5.0,6.4,83.9,-56.8,1.5,-1.0,RS41-SG,403.700,10.9,250,11,2.7,,
2026-09-18T11:05:08.999Z,V3640186,5299,44.56600,7.87221,18434.6,4.5,5.4,79.5,-56.8,1.5,-1.0,RS41-SG,403.700,10.9,250,11,2.7,,
2026-09-18T11:05:09.999Z,V3640186,5300,44.56601,7.87227,18439.1,4.8,5.1,74.5,-56.7,1.4,-1.0,RS41-SG,403.700,8.3,250,11,2.7,,
2026-09-18T11:05:10.999Z,V3640186,5301,44.56602,7.87234,18443.6,4.0,5.3,75.0,-56.7,1.5,-1.0,RS41-SG,403.700,9.4,250,11,2.7,,
2026-09-18T11:05:11.999Z,V3640186,5302,44.56603,7.87241,18448.3,5.1,5.8,85.3,-56.7,1.5,-1.0,RS41-SG,403.700,9.4,250,11,2.6,,
2026-09-18T11:05:12.999Z,V3640186,5303,44.56603,7.87248,18453.5,5.3,6.6,96.7,-56.8,1.5,-1.0,RS41-SG,403.700,9.0,250,11,2.6,,
2026-09-18T11:05:14.999Z,V3640186,5305,44.56600,7.87269,18464.4,5.4,9.8,100.5,-57.0,1.5,-1.0,RS41-SG,403.700,9.0,250,11,2.7,,
2026-09-18T11:05:15.999Z,V3640186,5306,44.56599,7.87281,18468.3,2.4,10.7,98.3,-56.9,1.5,-1.0,RS41-SG,403.700,9.0,250,11,2.7,,
2026-09-18T11:05:16.999Z,V3640186,5307,44.56597,7.87295,18471.5,3.7,11.6,98.2,-56.9,1.5,-1.0,RS41-SG,403.700,10.4,250,11,2.6,,
2026-09-18T11:05:17.999Z,V3640186,5308,44.56596,7.87309,18475.9,4.5,11.6,100.9,-57.0,1.5,-1.0,RS41-SG,403.700,11.3,250,11,2.6,,
2026-09-18T11:05:18.999Z,V3640186,5309,44.56594,7.87323,18480.5,4.8,11.1,101.8,-57.0,1.5,-1.0,RS41-SG,403.700,11.3,250,11,2.6,,
2026-09-18T11:05:19.999Z,V3640186,5310,44.56592,7.87337,18485.1,4.3,10.9,101.3,-57.2,1.5,-1.0,RS41-SG,403.700,10.3,250,11,2.7,,
2026-09-18T11:05:20.999Z,V3640186,5311,44.56590,7.87350,18489.6,5.0,10.6,97.5,-57.1,1.5,-1.0,RS41-SG,403.700,11.2,250,11,2.7,,
2026-09-18T11:05:21.999Z,V3640186,5312,44.56589,7.87363,18494.1,4.2,10.3,94.0,-57.1,1.5,-1.0,RS41-SG,403.700,11.2,250,11,2.6,,
2026-09-18T11:05:22.999Z,V3640186,5313,44.56589,7.87375,18498.5,4.2,9.2,91.7,-57.1,1.5,-1.0,RS41-SG,403.700,10.0,250,11,2.6,,
2026-09-18T11:05:23.999Z,V3640186,5314,44.56588,7.87386,18503.3,5.3,7.8,92.0,-57.2,1.5,-1.0,RS41-SG,403.700,9.4,250,11,2.7,,
2026-09-18T11:05:24.999Z,V3640186,5315,44.56588,7.87395,18508.1,4.4,7.0,93.0,-57.1,1.5,-1.0,RS41-SG,403.700,11.6,250,11,2.7,,
2026-09-18T11:05:25.999Z,V3640186,5316,44.56587,7.87404,18512.5,4.3,6.8,98.6,-57.1,1.5,-1.0,RS41-SG,403.700,11.6,250,11,2.6,,
2026-09-18T11:05:26.999Z,V3640186,5317,44.56586,7.87413,18517.3,5.4,7.7,103.9,-57.1,1.5,-1.0,RS41-SG,403.700,11.1,250,11,2.6,,
2026-09-18T11:05:27.999Z,V3640186,5318,44.56584,7.87423,18522.1,4.1,8.7,106.2,-57.1,1.6,-1.0,RS41-SG,403.700,11.1,250,11,2.7,,
2026-09-18T11:05:28.999Z,V3640186,5319,44.56582,7.87434,18526.1,4.0,9.5,106.8,-57.1,1.5,-1.0,RS41-SG,403.700,11.4,250,11,2.7,,
2026-09-18T11:05:29.999Z,V3640186,5320,44.56579,7.87445,18530.6,5.3,9.6,109.6,-57.1,1.5,-1.0,RS41-SG,403.700,11.6,250,11,2.6,,
2026-09-18T11:05:30.999Z,V3640186,5321,44.56576,7.87456,18535.9,5.0,9.6,112.2,-57.1,1.5,-1.0,RS41-SG,403.700,11.6,250,11,2.6,,
2026-09-18T11:05:31.999Z,V3640186,5322,44.56573,7.87468,18541.3,5.7,10.1,113.8,-57.1,1.5,-1.0,RS41-SG,403.700,9.8,250,11,2.6,,
2026-09-18T11:05:32.999Z,V3640186,5323,44.56569,7.87480,18546.0,4.0,10.5,113.5,-57.1,1.5,-1.0,RS41-SG,403.700,10.5,250,11,2.7,,
2026-09-18T11:05:33.999Z,V3640186,5324,44.56565,7.87492,18549.9,3.8,10.6,117.1,-57.1,1.5,-1.0,RS41-SG,403.700,10.5,250,11,2.7,,
2026-09-18T11:05:34.999Z,V3640186,5325,44.56560,7.87503,18554.1,4.6,9.9,122.5,-57.0,1.5,-1.0,RS41-SG,403.700,9.7,250,11,2.7,,
2026-09-18T11:05:35.999Z,V3640186,5326,44.56555,7.87512,18559.3,5.5,8.8,129.5,-56.9,1.4,-1.0,RS41-SG,403.700,9.7,250,11,2.6,,
2026-09-18T11:05:36.999Z,V3640186,5327,44.56550,7.87520,18564.6,4.9,7.7,134.3,-56.9,1.4,-1.0,RS41-SG,403.700,10.4,250,11,2.6,,
2026-09-18T11:05:37.999Z,V3640186,5328,44.56546,7.87526,18568.9,4.1,6.6,137.6,-56.9,1.4,-1.0,RS41-SG,403.700,11.7,250,11,2.6,,
2026-09-18T11:05:38.999Z,V3640186,5329,44.56542,7.87532,18573.0,4.1,5.9,137.3,-56.9,1.4,-1.0,RS41-SG,403.700,11.7,250,11,2.7,,
2026-09-18T11:05:39.999Z,V3640186,5330,44.56538,7.87537,18577.8,5.5,6.1,131.7,-56.7,1.5,-1.0,RS41-SG,403.700,9.2,250,11,2.7,,
2026-09-18T11:05:40.999Z,V3640186,5331,44.56534,7.87543,18582.2,3.5,6.6,127.0,-56.7,1.4,-1.0,RS41-SG,403.700,9.6,250,11,2.7,,
2026-09-18T11:05:41.999Z,V3640186,5332,44.56530,7.87550,18585.7,2.9,7.2,126.2,-56.6,1.4,-1.0,RS41-SG,403.700,11.6,250,11,2.6,,
2026-09-18T11:05:42.999Z,V3640186,5333,44.56526,7.87557,18589.6,4.6,7.2,129.3,-56.4,1.4,-1.0,RS41-SG,403.700,11.6,250,11,2.6,,
2026-09-18T11:05:43.999Z,V3640186,5334,44.56522,7.87564,18595.0,5.8,7.1,132.4,-56.3,1.4,-1.0,RS41-SG,403.700,10.8,250,11,2.6,,
2026-09-18T11:05:44.999Z,V3640186,5335,44.56518,7.87571,18600.3,5.1,7.4,134.6,-56.2,1.5,-1.0,RS41-SG,403.700,10.2,250,11,2.7,,
2026-09-18T11:05:45.999Z,V3640186,5336,44.56513,7.87578,18605.4,5.6,7.9,131.8,-56.2,1.4,-1.0,RS41-SG,403.700,11.4,250,11,2.7,,
2026-09-18T11:05:46.999Z,V3640186,5337,44.56508,7.87585,18610.1,4.1,8.3,130.0,-56.1,1.4,-1.0,RS41-SG,403.700,11.8,250,11,2.6,,
2026-09-18T11:05:47.999Z,V3640186,5338,44.56503,7.87593,18614.1,3.9,8.4,129.9,-56.0,1.4,-1.0,RS41-SG,403.700,11.8,250,11,2.6,,
2026-09-18T11:05:48.999Z,V3640186,5339,44.56499,7.87601,18618.9,5.5,7.9,132.4,-56.0,1.4,-1.0,RS41-SG,403.700,9.2,250,11,2.7,,
2026-09-18T11:05:49.999Z,V3640186,5340,44.56494,7.87608,18623.7,4.6,7.4,134.1,-55.8,1.4,-1.0,RS41-SG,403.700,10.1,250,10,2.7,,
2026-09-18T11:05:50.999Z,V3640186,5341,44.56489,7.87615,18628.5,4.8,7.6,134.2,-55.8,1.3,-1.0,RS41-SG,403.700,10.3,250,11,2.6,,
2026-09-18T11:05:51.999Z,V3640186,5342,44.56484,7.87622,18633.3,4.6,8.2,133.0,-55.8,1.3,-1.0,RS41-SG,403.700,10.3,250,11,2.6,,
2026-09-18T11:05:52.999Z,V3640186,5343,44.56479,7.87630,18637.5,3.4,8.4,130.7,-55.8,1.4,-1.0,RS41-SG,403.700,8.4,250,11,2.7,,
2026-09-18T11:05:53.999Z,V3640186,5344,44.56474,7.87638,18641.5,4.5,8.3,129.1,-55.7,1.4,-1.0,RS41-SG,403.700,9.5,250,11,2.7,,
2026-09-18T11:05:54.999Z,V3640186,5345,44.56470,7.87646,18646.5,5.6,7.7,128.5,-55.7,1.3,-1.0,RS41-SG,403.700,11.0,250,10,2.6,,
2026-09-18T11:05:55.999Z,V3640186,5346,44.56466,7.87653,18652.0,5.6,7.3,128.0,-55.7,1.4,-1.0,RS41-SG,403.700,11.0,250,11,2.6,,
2026-09-18T11:05:56.999Z,V3640186,5347,44.56462,7.87660,18657.1,4.5,7.6,128.6,-55.7,1.4,-1.0,RS41-SG,403.700,10.5,250,11,2.6,,
2026-09-18T11:05:57.999Z,V3640186,5348,44.56457,7.87668,18661.6,4.4,8.2,128.7,-55.8,1.3,-1.0,RS41-SG,403.700,9.4,250,11,2.7,,
2026-09-18T11:05:58.999Z,V3640186,5349,44.56452,7.87676,18666.3,5.2,8.8,132.0,-55.8,1.4,-1.0,RS41-SG,403.700,10.6,250,11,2.7,,
2026-09-18T11:05:59.999Z,V3640186,5350,44.56447,7.87684,18671.1,4.4,9.1,137.1,-55.7,1.3,-1.0,RS41-SG,403.700,10.9,250,11,2.7,,
2026-09-18T11:06:00.999Z,V3640186,5351,44.56441,7.87691,18675.4,4.0,8.8,143.1,-55.7,1.4,-1.0,RS41-SG,403.700,11.9,250,11,2.6,,
2026-09-18T11:06:01.999Z,V3640186,5352,44.56434,7.87697,18680.0,4.9,7.9,149.3,-55.7,1.4,-1.0,RS41-SG,403.700,11.9,250,11,2.6,,
2026-09-18T11:06:02.999Z,V3640186,5353,44.56429,7.87702,18684.9,4.9,6.8,148.9,-55.8,1.4,-1.0,RS41-SG,403.700,11.1,250,11,2.6,,
2026-09-18T11:06:03.999Z,V3640186,5354,44.56424,7.87706,18689.0,3.2,6.2,147.4,-55.7,1.4,-1.0,RS41-SG,403.700,11.2,250,10,2.7,,
2026-09-18T11:06:04.999Z,V3640186,5355,44.56419,7.87711,18692.5,4.1,5.9,144.5,-55.8,1.4,-1.0,RS41-SG,403.700,11.8,250,10,2.7,,
2026-09-18T11:06:05.999Z,V3640186,5356,44.56415,7.87715,18697.1,5.6,6.1,146.4,-55.8,1.4,-1.0,RS41-SG,403.700,11.8,250,10,2.7,,
2026-09-18T11:06:06.999Z,V3640186,5357,44.56410,7.87719,18702.1,4.3,6.4,146.9,-55.7,1.4,-1.0,RS41-SG,403.700,10.9,250,10,2.6,,
2026-09-18T11:06:07.999Z,V3640186,5358,44.56405,7.87724,18706.2,3.9,6.4,144.9,-55.7,1.4,-1.0,RS41-SG,403.700,10.2,250,10,2.6,,
2026-09-18T11:06:08.999Z,V3640186,5359,44.56401,7.87729,18711.0,5.5,6.1,137.2,-55.7,1.4,-1.0,RS41-SG,403.700,11.5,250,10,2.6,,
2026-09-18T11:06:09.999Z,V3640186,5360,44.56397,7.87734,18715.7,4.1,6.0,132.3,-55.8,1.4,-1.0,RS41-SG,403.700,11.5,250,10,2.7,,
2026-09-18T11:06:10.999Z,V3640186,5361,44.56393,7.87740,18720.3,5.1,6.3,131.4,-55.7,1.4,-1.0,RS41-SG,403.700,11.0,250,10,2.7,,
2026-09-18T11:06:11.999Z,V3640186,5362,44.56389,7.87746,18725.4,5.1,6.9,135.0,-55.7,1.4,-1.0,RS41-SG,403.700,10.0,250,10,2.6,,
2026-09-18T11:06:12.999Z,V3640186,5363,44.56385,7.87752,18730.0,3.7,7.6,140.0,-55.6,1.4,-1.0,RS41-SG,403.700,10.5,250,10,2.6,,
2026-09-18T11:06:13.999Z,V3640186,5364,44.56379,7.87758,18734.5,4.6,7.6,143.3,-55.7,1.4,-1.0,RS41-SG,403.700,10.8,250,10,2.7,,
2026-09-18T11:06:14.999Z,V3640186,5365,44.56374,7.87763,18739.4,5.5,7.4,146.4,-55.6,1.4,-1.0,RS41-SG,403.700,10.8,250,10,2.7,,
2026-09-18T11:06:15.999Z,V3640186,5366,44.56368,7.87768,18744.2,4.1,6.9,149.3,-55.6,1.4,-1.0,RS41-SG,403.700,10.8,250,10,2.6,,
2026-09-18T11:06:16.999Z,V3640186,5367,44.56363,7.87772,18748.8,4.6,6.6,154.3,-55.7,1.4,-1.0,RS41-SG,403.700,11.0,250,10,2.6,,
2026-09-18T11:06:17.999Z,V3640186,5368,44.56357,7.87775,18753.6,5.1,6.9,162.7,-55.7,1.3,-1.0,RS41-SG,403.700,11.0,250,10,2.7,,
2026-09-18T11:06:18.999Z,V3640186,5369,44.56351,7.87777,18758.3,4.1,7.3,169.0,-55.7,1.4,-1.0,RS41-SG,403.700,11.9,250,10,2.7,,
2026-09-18T11:06:19.999Z,V3640186,5370,44.56345,7.87779,18762.3,3.4,7.0,170.3,-55.8,1.4,-1.0,RS41-SG,403.700,11.9,250,10,2.6,,
2026-09-18T11:06:20.999Z,V3640186,5371,44.56339,7.87780,18766.4,4.9,5.8,171.2,-55.7,1.4,-1.0,RS41-SG,403.700,10.4,250,10,2.6,,
2026-09-18T11:06:21.999Z,V3640186,5372,44.56335,7.87782,18771.4,5.1,4.6,166.3,-55.8,1.4,-1.0,RS41-SG,403.700,10.4,250,10,2.6,,
2026-09-18T11:06:22.999Z,V3640186,5373,44.56331,7.87783,18775.9,4.1,4.2,154.0,-55.8,1.4,-1.0,RS41-SG,403.700,9.8,250,10,2.7,,
2026-09-18T11:06:23.999Z,V3640186,5374,44.56328,7.87786,18779.7,3.6,4.5,143.0,-55.7,1.4,-1.0,RS41-SG,403.700,10.9,250,10,2.7,,
2026-09-18T11:06:24.999Z,V3640186,5375,44.56324,7.87790,18784.6,5.7,5.5,138.0,-55.8,1.4,-1.0,RS41-SG,403.700,10.9,250,10,2.7,,
2026-09-18T11:06:25.999Z,V3640186,5376,44.56320,7.87795,18789.8,4.5,6.4,139.8,-55.8,1.4,-1.0,RS41-SG,403.700,10.3,250,10,2.6,,
2026-09-18T11:06:26.999Z,V3640186,5377,44.56316,7.87800,18793.8,3.1,6.7,142.6,-55.7,1.4,-1.0,RS41-SG,403.700,11.9,250,10,2.6,,
2026-09-18T11:06:27.999Z,V3640186,5378,44.56311,7.87805,18798.3,5.2,6.6,144.3,-55.8,1.4,-1.0,RS41-SG,403.700,11.9,250,10,2.6,,
2026-09-18T11:06:28.999Z,V3640186,5379,44.56306,7.87810,18803.0,4.2,6.1,147.4,-55.7,1.4,-1.0,RS41-SG,403.700,11.2,250,10,2.7,,
2026-09-18T11:06:29.999Z,V3640186,5380,44.56301,7.87813,18808.4,6.4,5.7,159.6,-55.8,1.4,-1.0,RS41-SG,403.700,11.9,250,10,2.7,,
2026-09-18T11:06:30.999Z,V3640186,5381,44.56296,7.87815,18814.0,5.1,6.2,169.2,-55.8,1.4,-1.0,RS41-SG,403.700,11.9,250,10,2.7,,
2026-09-18T11:06:31.999Z,V3640186,5382,44.56291,7.87816,18818.0,2.8,6.4,177.0,-55.8,1.4,-1.0,RS41-SG,403.700,12.2,250,10,2.6,,
2026-09-18T11:06:32.999Z,V3640186,5383,44.56285,7.87816,18821.6,4.3,6.0,185.5,-55.8,1.4,-1.0,RS41-SG,403.700,12.2,250,10,2.6,,
2026-09-18T11:06:33.999Z,V3640186,5384,44.56280,7.87815,18826.4,5.2,5.2,195.6,-55.8,1.4,-1.0,RS41-SG,403.700,11.6,250,10,2.6,,
2026-09-18T11:06:34.999Z,V3640186,5385,44.56276,7.87813,18831.6,5.0,4.6,198.4,-55.9,1.4,-1.0,RS41-SG,403.700,11.6,250,10,2.7,,
2026-09-18T11:06:35.999Z,V3640186,5386,44.56272,7.87811,18836.4,4.5,4.3,193.0,-55.8,1.3,-1.0,RS41-SG,403.700,9.9,250,10,2.7,,
2026-09-18T11:06:36.999Z,V3640186,5387,44.56268,7.87810,18841.5,5.3,4.5,185.2,-55.8,1.3,-1.0,RS41-SG,403.700,12.1,250,10,2.6,,
2026-09-18T11:06:37.999Z,V3640186,5388,44.56264,7.87810,18846.2,4.2,4.8,180.1,-55.8,1.3,-1.0,RS41-SG,403.700,12.1,250,10,2.6,,
2026-09-18T11:06:38.999Z,V3640186,5389,44.56260,7.87810,18850.1,3.4,4.7,174.5,-55.7,1.3,-1.0,RS41-SG,403.700,11.9,250,9,2.7,,
2026-09-18T11:06:39.999Z,V3640186,5390,44.56256,7.87811,18854.2,4.6,4.0,172.5,-55.7,1.4,-1.0,RS41-SG,403.700,11.9,250,10,2.7,,
2026-09-18T11:06:40.999Z,V3640186,5391,44.56253,7.87812,18859.3,5.3,3.2,169.3,-55.6,1.3,-1.0,RS41-SG,403.700,11.5,250,10,2.6,,
2026-09-18T11:06:41.999Z,V3640186,5392,44.56250,7.87812,18864.2,4.2,3.0,171.2,-55.5,1.3,-1.0,RS41-SG,403.700,10.9,250,9,2.6,,
2026-09-18T11:06:42.999Z,V3640186,5393,44.56247,7.87813,18868.7,4.5,3.2,170.9,-55.5,1.4,-1.0,RS41-SG,403.700,10.9,250,10,2.7,,
2026-09-18T11:06:43.999Z,V3640186,5394,44.56244,7.87814,18873.9,5.8,4.3,171.6,-55.5,1.3,-1.0,RS41-SG,403.700,9.4,250,10,2.7,,
2026-09-18T11:06:44.999Z,V3640186,5395,44.56240,7.87815,18879.0,3.9,5.0,171.2,-55.4,1.3,-1.0,RS41-SG,403.700,10.9,250,10,2.6,,
2026-09-18T11:06:45.999Z,V3640186,5396,44.56235,7.87816,18882.8,3.4,5.2,170.5,-55.4,1.3,-1.0,RS41-SG,403.700,10.9,250,10,2.6,,
2026-09-18T11:06:46.999Z,V3640186,5397,44.56231,7.87817,18887.1,5.3,4.5,168.5,-55.4,1.3,-1.0,RS41-SG,403.700,11.9,250,9,2.6,,
2026-09-18T11:06:47.999Z,V3640186,5398,44.56227,7.87818,18892.2,4.6,3.6,163.0,-55.5,1.3,-1.0,RS41-SG,403.700,11.9,250,10,2.7,,
2026-09-18T11:06:48.999Z,V3640186,5399,44.56225,7.87819,18897.5,6.0,3.3,157.9,-55.5,1.3,-1.0,RS41-SG,403.700,11.0,250,10,2.7,,
2026-09-18T11:06:49.999Z,V3640186,5400,44.56222,7.87821,18902.8,4.2,3.5,154.0,-55.4,1.4,-1.0,RS41-SG,403.700,12.6,250,10,2.7,,
2026-09-18T11:06:50.999Z,V3640186,5401,44.56219,7.87823,18906.7,3.1,3.5,148.5,-55.5,1.4,-1.0,RS41-SG,403.700,12.6,250,10,2.6,,
2026-09-18T11:06:51.999Z,V3640186,5402,44.56217,7.87826,18911.1,5.4,3.2,140.8,-55.5,1.4,-1.0,RS41-SG,403.700,11.1,250,10,2.6,,
2026-09-18T11:06:52.999Z,V3640186,5403,44.56215,7.87828,18916.4,4.9,2.7,132.0,-55.5,1.3,-1.0,RS41-SG,403.700,12.3,250,10,2.6,,
2026-09-18T11:06:53.999Z,V3640186,5404,44.56213,7.87831,18921.9,6.2,2.8,134.4,-55.6,1.4,-1.0,RS41-SG,403.700,12.3,250,10,2.7,,
2026-09-18T11:06:54.999Z,V3640186,5405,44.56211,7.87833,18927.3,4.9,3.4,142.1,-55.5,1.4,-1.0,RS41-SG,403.700,10.9,250,10,2.7,,
2026-09-18T11:06:55.999Z,V3640186,5406,44.56208,7.87836,18931.5,3.3,4.1,143.8,-55.4,1.3,-1.0,RS41-SG,403.700,10.9,250,10,2.7,,
2026-09-18T11:06:56.999Z,V3640186,5407,44.56205,7.87839,18936.0,5.1,4.2,146.2,-55.5,1.4,-1.0,RS41-SG,403.700,11.8,250,10,2.6,,
2026-09-18T11:06:57.999Z,V3640186,5408,44.56202,7.87842,18941.4,5.0,3.8,145.6,-55.6,1.4,-1.0,RS41-SG,403.700,11.8,250,10,2.6,,
2026-09-18T11:06:58.999Z,V3640186,5409,44.56199,7.87844,18947.0,6.1,4.0,148.2,-55.6,1.4,-1.0,RS41-SG,403.700,10.8,250,10,2.6,,
2026-09-18T11:06:59.999Z,V3640186,5410,44.56196,7.87847,18952.9,5.9,4.7,152.1,-55.6,1.4,-1.0,RS41-SG,403.700,10.3,250,10,2.7,,
2026-09-18T11:07:00.999Z,V3640186,5411,44.56192,7.87850,18957.6,3.7,5.0,154.0,-55.5,1.3,-1.0,RS41-SG,403.700,10.6,250,10,2.7,,
2026-09-18T11:07:01.999Z,V3640186,5412,44.56188,7.87852,18962.3,5.7,4.9,158.0,-55.6,1.4,-1.0,RS41-SG,403.700,10.9,250,10,2.6,,
2026-09-18T11:07:02.999Z,V3640186,5413,44.56184,7.87854,18967.6,4.8,4.1,158.6,-55.7,1.4,-1.0,RS41-SG,403.700,10.9,250,10,2.6,,
2026-09-18T11:07:03.999Z,V3640186,5414,44.56181,7.87856,18973.2,6.2,3.9,159.7,-55.8,1.4,-1.0,RS41-SG,403.700,11.7,250,10,2.7,,
2026-09-18T11:07:04.999Z,V3640186,5415,44.56177,7.87858,18979.3,6.0,4.0,159.1,-55.8,1.4,-1.0,RS41-SG,403.700,11.7,250,10,2.7,,
2026-09-18T11:07:05.999Z,V3640186,5416,44.56174,7.87860,18984.1,3.5,4.5,156.2,-55.7,1.4,-1.0,RS41-SG,403.700,10.7,250,10,2.6,,
2026-09-18T11:07:06.999Z,V3640186,5417,44.56170,7.87862,18988.9,6.0,4.2,153.1,-55.8,1.4,-1.0,RS41-SG,403.700,10.2,250,10,2.6,,
2026-09-18T11:07:07.999Z,V3640186,5418,44.56167,7.87864,18994.0,4.5,3.5,151.4,-55.8,1.4,-1.0,RS41-SG,403.700,10.5,250,10,2.7,,
2026-09-18T11:07:08.999Z,V3640186,5419,44.56165,7.87867,18999.1,5.8,3.2,147.0,-55.8,1.4,-1.0,RS41-SG,403.700,11.2,250,10,2.7,,
2026-09-18T11:07:09.999Z,V3640186,5420,44.56162,7.87869,19004.8,5.7,3.8,147.9,-56.0,1.4,-1.0,RS41-SG,403.700,11.2,250,10,2.6,,
2026-09-18T11:07:10.999Z,V3640186,5421,44.56159,7.87872,19009.8,4.2,4.6,149.7,-56.0,1.4,-1.0,RS41-SG,403.700,11.0,250,10,2.6,,
2026-09-18T11:07:11.999Z,V3640186,5422,44.56155,7.87875,19014.2,4.7,5.0,147.7,-55.9,1.4,-1.0,RS41-SG,403.700,10.0,250,10,2.6,,
2026-09-18T11:07:12.999Z,V3640186,5423,44.56152,7.87878,19019.3,5.6,4.8,142.3,-56.0,1.4,-1.0,RS41-SG,403.700,9.7,250,9,2.7,,
2026-09-18T11:07:13.999Z,V3640186,5424,44.56148,7.87882,19024.7,5.1,4.4,138.5,-56.0,1.4,-1.0,RS41-SG,403.700,10.8,250,10,2.7,,
2026-09-18T11:07:14.999Z,V3640186,5425,44.56145,7.87886,19030.4,6.3,4.5,140.3,-56.2,1.4,-1.0,RS41-SG,403.700,11.0,250,10,2.7,,
2026-09-18T11:07:15.999Z,V3640186,5426,44.56142,7.87889,19035.6,4.1,4.7,142.1,-56.2,1.4,-1.0,RS41-SG,403.700,11.0,250,10,2.6,,
2026-09-18T11:07:16.999Z,V3640186,5427,44.56139,7.87893,19039.7,3.6,4.7,141.1,-56.2,1.4,-1.0,RS41-SG,403.700,10.3,250,10,2.6,,
2026-09-18T11:07:17.999Z,V3640186,5428,44.56136,7.87897,19044.3,5.4,4.2,132.7,-56.2,1.5,-1.0,RS41-SG,403.700,10.8,250,10,2.6,,
2026-09-18T11:07:18.999Z,V3640186,5429,44.56134,7.87901,19049.5,5.1,3.8,123.4,-56.3,1.4,-1.0,RS41-SG,403.700,10.8,250,10,2.7,,
2026-09-18T11:07:19.999Z,V3640186,5430,44.56132,7.87905,19054.7,5.8,3.9,121.3,-56.3,1.4,-1.0,RS41-SG,403.700,9.5,250,10,2.7,,
2026-09-18T11:07:20.999Z,V3640186,5431,44.56130,7.87909,19060.1,4.7,4.3,127.4,-56.3,1.4,-1.0,RS41-SG,403.700,9.6,250,10,2.7,,
2026-09-18T11:07:21.999Z,V3640186,5432,44.56127,7.87913,19064.2,3.3,4.7,132.0,-56.2,1.4,-1.0,RS41-SG,403.700,10.9,250,10,2.6,,
2026-09-18T11:07:22.999Z,V3640186,5433,44.56124,7.87918,19068.2,3.9,4.9,132.7,-56.3,1.4,-1.0,RS41-SG,403.700,10.9,250,10,2.6,,
2026-09-18T11:07:23.999Z,V3640186,5434,44.56121,7.87922,19073.1,5.6,4.9,131.8,-56.5,1.5,-1.0,RS41-SG,403.700,9.9,250,10,2.6,,
2026-09-18T11:07:24.999Z,V3640186,5435,44.56118,7.87927,19078.6,5.5,4.8,129.8,-56.6,1.5,-1.0,RS41-SG,403.700,9.9,250,10,2.7,,
2026-09-18T11:07:25.999Z,V3640186,5436,44.56115,7.87932,19083.9,5.5,5.1,130.2,-56.6,1.5,-1.0,RS41-SG,403.700,9.4,250,10,2.7,,
2026-09-18T11:07:26.999Z,V3640186,5437,44.56112,7.87937,19089.0,5.1,5.7,132.4,-56.6,1.4,-1.0,RS41-SG,403.700,10.3,250,10,2.6,,
2026-09-18T11:07:27.999Z,V3640186,5438,44.56109,7.87942,19093.6,3.9,6.2,132.1,-56.7,1.4,-1.0,RS41-SG,403.700,10.4,250,10,2.6,,
2026-09-18T11:07:28.999Z,V3640186,5439,44.56105,7.87949,19097.6,4.1,6.9,128.4,-56.8,1.4,-1.0,RS41-SG,403.700,10.4,250,9,2.7,,
2026-09-18T11:07:29.999Z,V3640186,5440,44.56101,7.87956,19102.2,5.0,7.0,118.8,-56.8,1.5,-1.0,RS41-SG,403.700,9.7,250,9,2.7,,
2026-09-18T11:07:30.999Z,V3640186,5441,44.56099,7.87964,19107.4,5.4,7.0,109.8,-56.7,1.4,-1.0,RS41-SG,403.700,9.7,250,10,2.6,,
2026-09-18T11:07:31.999Z,V3640186,5442,44.56097,7.87972,19112.2,3.7,6.8,105.4,-56.8,1.4,-1.0,RS41-SG,403.700,10.7,250,10,2.6,,
2026-09-18T11:07:32.999Z,V3640186,5443,44.56095,7.87980,19116.4,4.3,6.5,107.0,-56.9,1.5,-1.0,RS41-SG,403.700,10.7,250,10,2.7,,
2026-09-18T11:07:33.999Z,V3640186,5444,44.56093,7.87987,19121.5,6.0,5.7,116.9,-57.0,1.5,-1.0,RS41-SG,403.700,9.6,250,10,2.7,,
2026-09-18T11:07:34.999Z,V3640186,5445,44.56091,7.87993,19126.7,4.1,5.1,128.1,-57.0,1.4,-1.0,RS41-SG,403.700,10.7,250,10,2.6,,
2026-09-18T11:07:35.999Z,V3640186,5446,44.56088,7.87997,19130.8,4.0,4.7,141.2,-57.0,1.5,-1.0,RS41-SG,403.700,10.8,250,10,2.6,,
2026-09-18T11:07:36.999Z,V3640186,5447,44.56084,7.88000,19135.7,5.5,4.0,145.5,-57.1,1.5,-1.0,RS41-SG,403.700,10.8,250,10,2.6,,
2026-09-18T11:07:38.000Z,V3640186,5448,44.56082,7.88003,19140.9,5.2,3.7,145.0,-57.2,1.5,-1.0,RS41-SG,403.700,9.0,250,10,2.7,,
2026-09-18T11:07:39.000Z,V3640186,5449,44.56079,7.88006,19146.7,6.6,3.8,145.5,-57.1,1.5,-1.0,RS41-SG,403.700,8.6,250,10,2.7,,
2026-09-18T11:07:40.000Z,V3640186,5450,44.56076,7.88008,19152.3,4.7,4.4,147.2,-57.1,1.5,-1.0,RS41-SG,403.700,8.6,250,10,2.7,,
2026-09-18T11:07:41.000Z,V3640186,5451,44.56072,7.88012,19156.6,3.3,4.8,142.6,-57.1,1.5,-1.0,RS41-SG,403.700,9.8,250,10,2.6,,
2026-09-18T11:07:42.000Z,V3640186,5452,44.56069,7.88016,19160.8,5.2,5.4,131.4,-57.1,1.5,-1.0,RS41-SG,403.700,9.9,250,10,2.6,,
2026-09-18T11:07:43.000Z,V3640186,5453,44.56066,7.88022,19165.8,4.8,5.6,117.3,-57.1,1.5,-1.0,RS41-SG,403.700,9.9,250,10,2.6,,
2026-09-18T11:07:44.000Z,V3640186,5454,44.56064,7.88028,19170.8,5.2,6.2,112.4,-57.0,1.5,-1.0,RS41-SG,403.700,10.8,250,10,2.7,,
2026-09-18T11:07:45.000Z,V3640186,5455,44.56062,7.88036,19175.8,5.1,6.5,117.1,-56.9,1.5,-1.0,RS41-SG,403.700,11.1,250,10,2.7,,
2026-09-18T11:07:46.000Z,V3640186,5456,44.56059,7.88043,19180.0,3.6,6.5,121.5,-56.8,1.5,-1.0,RS41-SG,403.700,11.1,250,10,2.7,,
2026-09-18T11:07:47.000Z,V3640186,5457,44.56056,7.88050,19184.1,4.2,6.4,124.4,-56.9,1.5,-1.0,RS41-SG,403.700,10.9,250,10,2.6,,
2026-09-18T11:07:48.000Z,V3640186,5458,44.56053,7.88056,19189.0,5.2,6.4,125.4,-57.0,1.4,-1.0,RS41-SG,403.700,10.9,250,10,2.6,,
2026-09-18T11:07:49.000Z,V3640186,5459,44.56049,7.88062,19194.0,4.9,6.0,127.7,-57.0,1.4,-1.0,RS41-SG,403.700,10.3,250,10,2.6,,
2026-09-18T11:07:50.000Z,V3640186,5460,44.56046,7.88068,19198.6,4.4,5.6,135.3,-57.0,1.4,-1.0,RS41-SG,403.700,10.5,250,10,2.7,,
2026-09-18T11:07:51.000Z,V3640186,5461,44.56042,7.88072,19203.6,5.4,5.5,149.0,-57.0,1.4,-1.0,RS41-SG,403.700,10.9,250,10,2.7,,
2026-09-18T11:07:52.000Z,V3640186,5462,44.56037,7.88075,19208.4,4.3,5.4,159.7,-56.9,1.4,-1.0,RS41-SG,403.700,11.5,250,10,2.6,,
2026-09-18T11:07:53.000Z,V3640186,5463,44.56033,7.88077,19212.4,3.7,5.0,162.4,-56.9,1.4,-1.0,RS41-SG,403.700,11.5,250,10,2.6,,
2026-09-18T11:07:54.000Z,V3640186,5464,44.56029,7.88079,19217.1,5.5,4.3,153.5,-56.9,1.4,-1.0,RS41-SG,403.700,10.4,250,10,2.7,,
2026-09-18T11:07:55.000Z,V3640186,5465,44.56026,7.88082,19222.2,4.7,4.1,138.3,-56.9,1.4,-1.0,RS41-SG,403.700,10.4,250,10,2.7,,
2026-09-18T11:07:56.000Z,V3640186,5466,44.56024,7.88086,19227.7,6.3,4.3,127.8,-57.0,1.4,-1.0,RS41-SG,403.700,8.7,250,10,2.6,,
2026-09-18T11:07:57.000Z,V3640186,5467,44.56021,7.88090,19233.0,4.2,4.4,126.3,-57.0,1.4,-1.0,RS41-SG,403.700,9.0,250,10,2.6,,
2026-09-18T11:07:59.000Z,V3640186,5469,44.56016,7.88101,19241.2,5.0,5.6,116.6,-56.9,1.5,-1.0,RS41-SG,403.700,9.2,250,10,2.7,,
2026-09-18T11:08:00.000Z,V3640186,5470,44.56014,7.88107,19246.3,5.3,6.1,112.6,-56.9,1.5,-1.0,RS41-SG,403.700,9.2,250,10,2.6,,
2026-09-18T11:08:01.000Z,V3640186,5471,44.56012,7.88114,19252.3,6.2,6.3,116.8,-56.9,1.5,-1.0,RS41-SG,403.700,8.3,250,10,2.6,,
2026-09-18T11:08:03.000Z,V3640186,5473,44.56006,7.88127,19261.7,2.7,5.8,134.8,-56.8,1.4,-1.0,RS41-SG,403.700,10.7,250,10,2.7,,
2026-09-18T11:08:04.000Z,V3640186,5474,44.56002,7.88131,19265.6,5.1,5.6,143.2,-56.7,1.4,-1.0,RS41-SG,403.700,10.7,250,10,2.7,,
2026-09-18T11:08:05.000Z,V3640186,5475,44.55998,7.88135,19270.6,5.1,5.4,145.7,-56.6,1.4,-1.0,RS41-SG,403.700,10.2,250,10,2.7,,
2026-09-18T11:08:06.000Z,V3640186,5476,44.55994,7.88139,19276.5,6.5,5.1,153.9,-56.6,1.4,-1.0,RS41-SG,403.700,10.2,250,10,2.6,,
2026-09-18T11:08:07.000Z,V3640186,5477,44.55990,7.88141,19282.6,5.5,5.0,161.3,-56.6,1.3,-1.0,RS41-SG,403.700,10.2,250,10,2.6,,
2026-09-18T11:08:08.000Z,V3640186,5478,44.55985,7.88143,19286.9,3.2,4.9,165.7,-56.6,1.4,-1.0,RS41-SG,403.700,10.2,250,10,2.6,,
2026-09-18T11:08:09.000Z,V3640186,5479,44.55981,7.88144,19291.5,5.6,4.5,163.6,-56.7,1.4,-1.0,RS41-SG,403.700,10.0,250,10,2.7,,
2026-09-18T11:08:10.000Z,V3640186,5480,44.55978,7.88146,19295.9,3.6,4.1,154.6,-56.6,1.4,-1.0,RS41-SG,403.700,9.6,250,10,2.7,,
2026-09-18T11:08:11.000Z,V3640186,5481,44.55975,7.88149,19300.4,5.6,3.5,142.4,-56.6,1.3,-1.0,RS41-SG,403.700,9.6,250,10,2.7,,
2026-09-18T11:08:12.000Z,V3640186,5482,44.55972,7.88151,19305.9,5.2,3.1,146.5,-56.7,1.4,-1.0,RS41-SG,403.700,10.1,250,10,2.6,,
2026-09-18T11:08:13.000Z,V3640186,5483,44.55970,7.88153,19310.5,3.6,3.0,153.7,-56.7,1.4,-1.0,RS41-SG,403.700,10.1,250,10,2.6,,
2026-09-18T11:08:14.000Z,V3640186,5484,44.55968,7.88154,19314.5,4.7,2.7,154.6,-56.6,1.4,-1.0,RS41-SG,403.700,8.9,250,10,2.6,,
2026-09-18T11:08:15.000Z,V3640186,5485,44.55966,7.88156,19319.6,5.2,2.8,143.6,-56.7,1.4,-1.0,RS41-SG,403.700,10.1,250,10,2.7,,
2026-09-18T11:08:16.000Z,V3640186,5486,44.55963,7.88158,19325.0,5.8,3.1,143.4,-56.7,1.4,-1.0,RS41-SG,403.700,10.1,250,10,2.7,,
2026-09-18T11:08:17.000Z,V3640186,5487,44.55961,7.88161,19330.8,5.9,3.6,156.3,-56.8,1.4,-1.0,RS41-SG,403.700,9.2,250,10,2.6,,
2026-09-18T11:08:18.000Z,V3640186,5488,44.55958,7.88162,19335.2,2.9,4.0,164.6,-56.7,1.4,-1.0,RS41-SG,403.700,9.2,250,10,2.6,,
2026-09-18T11:08:19.000Z,V3640186,5489,44.55954,7.88163,19338.8,4.2,4.7,168.1,-56.6,1.4,-1.0,RS41-SG,403.700,9.0,250,10,2.7,,
2026-09-18T11:08:20.000Z,V3640186,5490,44.55949,7.88165,19343.5,4.9,5.1,164.7,-56.5,1.4,-1.0,RS41-SG,403.700,9.3,250,10,2.7,,
2026-09-18T11:08:21.000Z,V3640186,5491,44.55945,7.88167,19348.6,5.3,5.6,159.6,-56.5,1.4,-1.0,RS41-SG,403.700,9.9,250,10,2.6,,
2026-09-18T11:08:22.000Z,V3640186,5492,44.55940,7.88169,19354.3,6.0,6.3,161.8,-56.5,1.4,-1.0,RS41-SG,403.700,9.9,250,10,2.6,,
2026-09-18T11:08:23.000Z,V3640186,5493,44.55934,7.88172,19359.1,3.6,6.7,164.9,-56.5,1.4,-1.0,RS41-SG,403.700,9.9,250,10,2.7,,
2026-09-18T11:08:24.000Z,V3640186,5494,44.55928,7.88174,19362.6,3.6,7.1,165.5,-56.5,1.4,-1.0,RS41-SG,403.700,9.6,250,10,2.7,,
2026-09-18T11:08:25.000Z,V3640186,5495,44.55922,7.88176,19366.7,4.8,6.8,159.9,-56.6,1.4,-1.0,RS41-SG,403.700,8.9,250,10,2.6,,
2026-09-18T11:08:26.000Z,V3640186,5496,44.55917,7.88180,19372.3,6.0,6.1,152.7,-56.6,1.4,-1.0,RS41-SG,403.700,10.4,250,10,2.6,,
2026-09-18T11:08:27.000Z,V3640186,5497,44.55912,7.88183,19378.3,5.9,5.3,152.2,-56.6,1.4,-1.0,RS41-SG,403.700,10.4,250,10,2.6,,
2026-09-18T11:08:28.000Z,V3640186,5498,44.55908,7.88185,19383.6,4.9,4.7,159.2,-56.6,1.4,-1.0,RS41-SG,403.700,10.0,250,10,2.7,,
2026-09-18T11:08:29.000Z,V3640186,5499,44.55905,7.88187,19388.1,4.2,4.2,171.5,-56.6,1.3,-1.0,RS41-SG,403.700,10.0,250,10,2.7,,
2026-09-18T11:08:30.000Z,V3640186,5500,44.55901,7.88187,19392.4,4.3,3.7,181.2,-56.6,1.3,-1.0,RS41-SG,403.700,9.7,250,10,2.7,,
2026-09-18T11:08:31.000Z,V3640186,5501,44.55898,7.88187,19397.0,4.7,3.1,187.4,-56.5,1.4,-1.0,RS41-SG,403.700,10.1,250,10,2.6,,
2026-09-18T11:08:32.000Z,V3640186,5502,44.55895,7.88186,19402.0,5.2,2.5,192.3,-56.6,1.4,-1.0,RS41-SG,403.700,10.1,250,10,2.6,,
2026-09-18T11:08:33.000Z,V3640186,5503,44.55893,7.88185,19406.9,4.7,2.5,198.9,-56.7,1.4,-1.0,RS41-SG,403.700,9.6,250,10,2.6,,
2026-09-18T11:08:34.000Z,V3640186,5504,44.55891,7.88184,19411.3,4.4,2.8,207.4,-56.6,1.4,-1.0,RS41-SG,403.700,9.7,250,10,2.7,,
2026-09-18T11:08:35.000Z,V3640186,5505,44.55888,7.88182,19416.2,5.3,3.8,214.0,-56.7,1.4,-1.0,RS41-SG,403.700,9.7,250,10,2.7,,
2026-09-18T11:08:36.000Z,V3640186,5506,44.55885,7.88179,19421.6,5.6,4.7,210.3,-56.6,1.3,-1.0,RS41-SG,403.700,9.4,250,10,2.7,,
2026-09-18T11:08:37.000Z,V3640186,5507,44.55881,7.88176,19426.0,3.1,5.2,205.2,-56.5,1.4,-1.0,RS41-SG,403.700,9.8,250,10,2.6,,
2026-09-18T11:08:38.000Z,V3640186,5508,44.55877,7.88174,19429.6,4.0,5.1,197.9,-56.5,1.4,-1.0,RS41-SG,403.700,9.9,250,10,2.6,,
2026-09-18T11:08:39.000Z,V3640186,5509,44.55873,7.88173,19434.5,5.9,4.2,185.5,-56.5,1.4,-1.0,RS41-SG,403.700,9.9,250,10,2.6,,
2026-09-18T11:08:40.000Z,V3640186,5510,44.55869,7.88173,19439.8,4.8,3.8,172.2,-56.5,1.4,-1.0,RS41-SG,403.700,10.7,250,10,2.7,,
2026-09-18T11:08:41.000Z,V3640186,5511,44.55866,7.88174,19444.8,5.3,3.9,166.9,-56.5,1.5,-1.0,RS41-SG,403.700,10.7,250,10,2.7,,
2026-09-18T11:08:42.000Z,V3640186,5512,44.55862,7.88175,19450.6,6.4,4.6,170.2,-56.5,1.4,-1.0,RS41-SG,403.700,10.5,250,10,2.6,,
2026-09-18T11:08:43.000Z,V3640186,5513,44.55858,7.88175,19455.8,3.9,4.9,175.3,-56.4,1.4,-1.0,RS41-SG,403.700,10.5,250,10,2.6,,
2026-09-18T11:08:44.000Z,V3640186,5514,44.55853,7.88176,19459.6,4.1,5.3,178.9,-56.5,1.4,-1.0,RS41-SG,403.700,10.0,250,10,2.7,,
2026-09-18T11:08:45.000Z,V3640186,5515,44.55849,7.88176,19464.2,5.2,5.0,177.4,-56.6,1.4,-1.0,RS41-SG,403.700,9.6,250,10,2.7,,
2026-09-18T11:08:46.000Z,V3640186,5516,44.55844,7.88176,19469.4,4.9,4.9,177.8,-56.5,1.4,-1.0,RS41-SG,403.700,9.6,250,10,2.6,,
2026-09-18T11:08:47.000Z,V3640186,5517,44.55840,7.88176,19475.0,6.0,5.3,185.4,-56.5,1.4,-1.0,RS41-SG,403.700,9.2,250,10,2.6,,
2026-09-18T11:08:48.000Z,V3640186,5518,44.55835,7.88175,19480.7,5.3,5.9,192.4,-56.5,1.3,-1.0,RS41-SG,403.700,9.5,250,10,2.7,,
2026-09-18T11:08:49.000Z,V3640186,5519,44.55829,7.88173,19485.1,3.5,6.4,195.2,-56.4,1.3,-1.0,RS41-SG,403.700,9.5,250,10,2.7,,
2026-09-18T11:08:50.000Z,V3640186,5520,44.55824,7.88171,19489.5,5.2,6.8,190.8,-56.4,1.4,-1.0,RS41-SG,403.700,9.3,250,10,2.6,,
2026-09-18T11:08:51.000Z,V3640186,5521,44.55818,7.88170,19494.5,4.5,6.5,183.3,-56.4,1.4,-1.0,RS41-SG,403.700,9.4,250,10,2.6,,
2026-09-18T11:08:52.000Z,V3640186,5522,44.55812,7.88170,19499.3,5.2,6.3,177.9,-56.4,1.4,-1.0,RS41-SG,403.700,11.2,250,10,2.6,,
2026-09-18T11:08:53.000Z,V3640186,5523,44.55806,7.88170,19504.5,5.6,6.4,180.4,-56.5,1.4,-1.0,RS41-SG,403.700,11.2,250,10,2.7,,
2026-09-18T11:08:54.000Z,V3640186,5524,44.55800,7.88170,19509.8,5.3,6.7,185.0,-56.5,1.4,-1.0,RS41-SG,403.700,10.3,250,10,2.7,,
2026-09-18T11:08:55.000Z,V3640186,5525,44.55794,7.88169,19514.2,3.6,7.0,187.5,-56.5,1.4,-1.0,RS41-SG,403.700,10.3,250,10,2.7,,
2026-09-18T11:08:56.000Z,V3640186,5526,44.55788,7.88168,19518.3,4.1,7.7,184.4,-56.5,1.4,-1.0,RS41-SG,403.700,9.0,250,10,2.6,,
2026-09-18T11:08:57.000Z,V3640186,5527,44.55780,7.88167,19523.0,5.0,8.4,181.1,-56.6,1.4,-1.0,RS41-SG,403.700,10.4,250,10,2.6,,
2026-09-18T11:08:58.000Z,V3640186,5528,44.55773,7.88167,19528.2,5.4,8.3,178.6,-56.7,1.4,-1.0,RS41-SG,403.700,10.4,250,10,2.6,,
2026-09-18T11:08:59.000Z,V3640186,5529,44.55766,7.88167,19533.4,5.0,7.7,180.7,-56.8,1.4,-1.0,RS41-SG,403.700,10.1,250,10,2.7,,
2026-09-18T11:09:01.000Z,V3640186,5531,44.55753,7.88165,19543.3,3.9,6.7,194.6,-56.7,1.4,-1.0,RS41-SG,403.700,7.3,250,10,2.7,,
2026-09-18T11:09:02.000Z,V3640186,5532,44.55748,7.88163,19547.4,4.0,6.2,198.0,-56.7,1.4,-1.0,RS41-SG,403.700,9.9,250,10,2.6,,
2026-09-18T11:09:03.000Z,V3640186,5533,44.55742,7.88161,19552.0,5.2,5.5,197.2,-56.7,1.4,-1.0,RS41-SG,403.700,9.9,250,10,2.6,,
2026-09-18T11:09:04.000Z,V3640186,5534,44.55738,7.88158,19557.3,5.1,5.1,198.2,-56.7,1.4,-1.0,RS41-SG,403.700,9.6,250,10,2.6,,
2026-09-18T11:09:05.000Z,V3640186,5535,44.55734,7.88156,19562.6,5.6,4.8,200.3,-56.8,1.5,-1.0,RS41-SG,403.700,10.9,250,10,2.7,,
2026-09-18T11:09:06.000Z,V3640186,5536,44.55730,7.88154,19568.0,5.5,5.0,207.7,-56.8,1.4,-1.0,RS41-SG,403.700,10.9,250,10,2.7,,
2026-09-18T11:09:07.000Z,V3640186,5537,44.55726,7.88151,19573.3,5.4,5.2,213.6,-56.8,1.4,-1.0,RS41-SG,403.700,10.2,250,10,2.6,,
2026-09-18T11:09:08.000Z,V3640186,5538,44.55722,7.88147,19578.2,4.4,5.3,211.9,-56.9,1.5,-1.0,RS41-SG,403.700,9.9,250,10,2.6,,
2026-09-18T11:09:09.000Z,V3640186,5539,44.55718,7.88144,19583.1,5.5,5.1,202.9,-56.9,1.4,-1.0,RS41-SG,403.700,9.5,250,10,2.7,,
2026-09-18T11:09:10.000Z,V3640186,5540,44.55713,7.88142,19588.7,5.8,5.0,191.9,-56.8,1.4,-1.0,RS41-SG,403.700,9.8,250,10,2.7,,
2026-09-18T11:09:11.000Z,V3640186,5541,44.55709,7.88141,19594.2,5.2,5.0,184.8,-56.8,1.4,-1.0,RS41-SG,403.700,10.0,250,10,2.6,,
2026-09-18T11:09:12.000Z,V3640186,5542,44.55705,7.88141,19599.4,5.0,4.6,190.2,-56.7,1.4,-1.0,RS41-SG,403.700,11.2,250,10,2.6,,
2026-09-18T11:09:13.000Z,V3640186,5543,44.55701,7.88139,19604.6,5.5,4.1,209.5,-56.8,1.4,-1.0,RS41-SG,403.700,11.2,250,10,2.7,,
2026-09-18T11:09:14.000Z,V3640186,5544,44.55698,7.88135,19610.0,5.4,4.4,229.7,-56.9,1.4,-1.0,RS41-SG,403.700,10.9,250,10,2.7,,
2026-09-18T11:09:15.000Z,V3640186,5545,44.55696,7.88130,19615.0,4.4,5.3,241.9,-56.9,1.4,-1.0,RS41-SG,403.700,11.1,250,10,2.6,,
2026-09-18T11:09:16.000Z,V3640186,5546,44.55693,7.88124,19618.8,3.2,6.2,244.1,-56.9,1.4,-1.0,RS41-SG,403.700,11.1,250,10,2.6,,
2026-09-18T11:09:17.000Z,V3640186,5547,44.55690,7.88117,19622.6,4.4,6.8,236.0,-56.9,1.4,-1.0,RS41-SG,403.700,10.8,250,10,2.6,,
2026-09-18T11:09:18.000Z,V3640186,5548,44.55686,7.88110,19627.2,4.9,6.8,223.3,-56.9,1.4,-1.0,RS41-SG,403.700,10.8,250,10,2.7,,
2026-09-18T11:09:19.000Z,V3640186,5549,44.55682,7.88106,19632.7,6.2,6.2,205.8,-56.9,1.4,-1.0,RS41-SG,403.700,10.7,250,10,2.7,,
2026-09-18T11:09:20.000Z,V3640186,5550,44.55677,7.88103,19638.2,4.6,5.4,193.0,-56.8,1.4,-1.0,RS41-SG,403.700,10.7,250,10,2.7,,
2026-09-18T11:09:21.000Z,V3640186,5551,44.55672,7.88102,19642.0,2.7,4.7,182.5,-56.8,1.4,-1.0,RS41-SG,403.700,9.7,250,10,2.6,,
2026-09-18T11:09:22.000Z,V3640186,5552,44.55668,7.88102,19645.7,4.5,3.9,176.1,-56.8,1.4,-1.0,RS41-SG,403.700,10.8,250,10,2.6,,
2026-09-18T11:09:23.000Z,V3640186,5553,44.55665,7.88102,19651.5,6.9,3.5,189.1,-56.8,1.4,-1.0,RS41-SG,403.700,12.2,250,10,2.6,,
2026-09-18T11:09:24.000Z,V3640186,5554,44.55662,7.88101,19657.8,5.9,3.6,207.9,-56.9,1.4,-1.0,RS41-SG,403.700,12.2,250,10,2.7,,
2026-09-18T11:09:25.000Z,V3640186,5555,44.55659,7.88098,19662.9,4.4,3.9,222.9,-57.0,1.5,-1.0,RS41-SG,403.700,11.7,250,10,2.7,,
2026-09-18T11:09:26.000Z,V3640186,5556,44.55657,7.88094,19667.7,5.2,3.7,238.8,-57.0,1.5,-1.0,RS41-SG,403.700,11.7,250,10,2.7,,
2026-09-18T11:09:27.000Z,V3640186,5557,44.55656,7.88090,19672.9,5.1,3.4,256.5,-57.2,1.5,-1.0,RS41-SG,403.700,11.4,250,10,2.6,,
2026-09-18T11:09:28.000Z,V3640186,5558,44.55655,7.88086,19677.6,4.0,3.6,268.9,-57.2,1.4,-1.0,RS41-SG,403.700,11.4,250,10,2.6,,
2026-09-18T11:09:29.000Z,V3640186,5559,44.55655,7.88081,19682.0,4.6,3.9,268.6,-57.3,1.4,-1.0,RS41-SG,403.700,11.4,250,10,2.6,,
2026-09-18T11:09:30.000Z,V3640186,5560,44.55655,7.88076,19687.0,5.5,4.3,257.9,-57.3,1.5,-1.0,RS41-SG,403.700,10.1,250,10,2.7,,
2026-09-18T11:09:31.000Z,V3640186,5561,44.55654,7.88071,19692.2,5.0,4.3,244.3,-57.3,1.4,-1.0,RS41-SG,403.700,10.7,250,10,2.7,,
2026-09-18T11:09:32.000Z,V3640186,5562,44.55652,7.88067,19697.8,6.0,3.9,228.8,-57.4,1.5,-1.0,RS41-SG,403.700,11.5,250,10,2.6,,
2026-09-18T11:09:33.000Z,V3640186,5563,44.55649,7.88064,19703.5,5.2,3.1,217.3,-57.4,1.5,-1.0,RS41-SG,403.700,11.5,250,10,2.6,,
2026-09-18T11:09:34.000Z,V3640186,5564,44.55647,7.88062,19707.6,2.8,2.5,209.9,-57.4,1.5,-1.0,RS41-SG,403.700,10.6,250,10,2.7,,
2026-09-18T11:09:35.000Z,V3640186,5565,44.55645,7.88060,19711.6,5.4,2.3,210.5,-57.3,1.5,-1.0,RS41-SG,403.700,10.6,250,10,2.7,,
2026-09-18T11:09:36.000Z,V3640186,5566,44.55643,7.88059,19716.9,5.3,2.8,217.5,-57.3,1.5,-1.0,RS41-SG,403.700,9.8,250,10,2.6,,
2026-09-18T11:09:37.000Z,V3640186,5567,44.55641,7.88056,19722.2,5.3,3.0,228.4,-57.3,1.5,-1.0,RS41-SG,403.700,10.7,250,10,2.6,,
2026-09-18T11:09:38.000Z,V3640186,5568,44.55640,7.88053,19727.4,4.9,3.0,242.1,-57.4,1.5,-1.0,RS41-SG,403.700,10.9,250,10,2.7,,
2026-09-18T11:09:39.000Z,V3640186,5569,44.55639,7.88050,19732.3,4.9,2.9,258.2,-57.5,1.5,-1.0,RS41-SG,403.700,10.9,250,10,2.7,,
2026-09-18T11:09:40.000Z,V3640186,5570,44.55639,7.88046,19736.7,3.9,3.0,264.7,-57.6,1.5,-1.0,RS41-SG,403.700,10.8,250,10,2.6,,
2026-09-18T11:09:41.000Z,V3640186,5571,44.55638,7.88042,19740.9,4.0,3.0,258.7,-57.6,1.5,-1.0,RS41-SG,403.700,11.3,250,10,2.6,,
2026-09-18T11:09:42.000Z,V3640186,5572,44.55637,7.88038,19745.7,5.7,3.8,242.6,-57.6,1.5,-1.0,RS41-SG,403.700,11.3,250,10,2.6,,
2026-09-18T11:09:43.000Z,V3640186,5573,44.55635,7.88034,19750.8,4.8,4.3,230.0,-57.6,1.5,-1.0,RS41-SG,403.700,10.6,250,10,2.7,,
2026-09-18T11:09:44.000Z,V3640186,5574,44.55632,7.88030,19755.1,3.9,4.2,223.2,-57.6,1.5,-1.0,RS41-SG,403.700,11.0,250,10,2.7,,
2026-09-18T11:09:45.000Z,V3640186,5575,44.55630,7.88027,19759.3,4.7,3.5,215.7,-57.6,1.5,-1.0,RS41-SG,403.700,11.0,250,10,2.7,,
2026-09-18T11:09:46.000Z,V3640186,5576,44.55628,7.88025,19764.5,5.5,2.2,209.1,-57.6,1.5,-1.0,RS41-SG,403.700,10.8,250,10,2.6,,
2026-09-18T11:09:47.000Z,V3640186,5577,44.55626,7.88024,19769.1,3.2,1.4,207.9,-57.6,1.5,-1.0,RS41-SG,403.700,11.3,250,10,2.6,,
2026-09-18T11:09:48.000Z,V3640186,5578,44.55625,7.88023,19772.7,3.8,1.2,210.4,-57.5,1.5,-1.0,RS41-SG,403.700,11.3,250,10,2.6,,
2026-09-18T11:09:49.000Z,V3640186,5579,44.55624,7.88022,19777.3,5.6,1.5,212.5,-57.6,1.5,-1.0,RS41-SG,403.700,11.2,250,10,2.7,,
2026-09-18T11:09:50.000Z,V3640186,5580,44.55623,7.88021,19782.8,5.5,2.3,213.1,-57.6,1.5,-1.0,RS41-SG,403.700,10.8,250,10,2.7,,
2026-09-18T11:09:51.000Z,V3640186,5581,44.55621,7.88019,19788.6,6.1,2.6,209.9,-57.7,1.5,-1.0,RS41-SG,403.700,10.8,250,10,2.7,,
2026-09-18T11:09:52.000Z,V3640186,5582,44.55619,7.88018,19794.1,5.0,2.3,216.8,-57.6,1.5,-1.0,RS41-SG,403.700,10.5,250,10,2.6,,
2026-09-18T11:09:53.000Z,V3640186,5583,44.55617,7.88016,19798.3,2.8,2.2,219.3,-57.6,1.5,-1.0,RS41-SG,403.700,10.0,250,10,2.6,,
2026-09-18T11:09:54.000Z,V3640186,5584,44.55616,7.88014,19802.7,5.6,2.8,222.9,-57.6,1.5,-1.0,RS41-SG,403.700,10.0,250,9,2.6,,
2026-09-18T11:09:55.000Z,V3640186,5585,44.55613,7.88011,19807.4,4.1,3.6,217.7,-57.6,1.5,-1.0,RS41-SG,403.700,9.6,250,9,2.7,,
2026-09-18T11:09:56.000Z,V3640186,5586,44.55611,7.88009,19812.5,6.6,3.8,213.7,-57.7,1.5,-1.0,RS41-SG,403.700,9.7,250,9,2.7,,
2026-09-18T11:09:57.000Z,V3640186,5587,44.55608,7.88006,19818.8,5.7,2.9,214.6,-57.7,1.5,-1.0,RS41-SG,403.700,10.5,250,9,2.6,,
2026-09-18T11:09:58.000Z,V3640186,5588,44.55606,7.88004,19823.3,3.0,2.5,213.7,-57.7,1.5,-1.0,RS41-SG,403.700,10.5,250,9,2.6,,
2026-09-18T11:09:59.000Z,V3640186,5589,44.55604,7.88003,19827.5,5.2,2.1,199.5,-57.7,1.5,-1.0,RS41-SG,403.700,9.9,250,9,2.7,,
2026-09-18T11:10:00.000Z,V3640186,5590,44.55602,7.88002,19832.1,4.3,2.5,190.3,-57.8,1.5,-1.0,RS41-SG,403.700,10.9,250,9,2.7,,
2026-09-18T11:10:01.000Z,V3640186,5591,44.55600,7.88002,19837.4,6.0,2.9,182.8,-57.8,1.5,-1.0,RS41-SG,403.700,10.9,250,9,2.6,,
2026-09-18T11:10:02.000Z,V3640186,5592,44.55597,7.88002,19843.4,6.1,2.4,172.4,-57.9,1.5,-1.0,RS41-SG,403.700,10.2,250,9,2.6,,
2026-09-18T11:10:03.000Z,V3640186,5593,44.55596,7.88002,19848.0,3.2,1.9,164.0,-57.9,1.5,-1.0,RS41-SG,403.700,10.7,250,10,2.6,,
2026-09-18T11:10:04.000Z,V3640186,5594,44.55594,7.88003,19851.7,4.0,1.8,154.7,-57.9,1.5,-1.0,RS41-SG,403.700,10.7,250,10,2.7,,
2026-09-18T11:10:05.000Z,V3640186,5595,44.55592,7.88004,19856.0,4.9,2.3,156.8,-58.0,1.5,-1.0,RS41-SG,403.700,10.0,250,10,2.7,,
2026-09-18T11:10:06.000Z,V3640186,5596,44.55590,7.88005,19861.1,5.2,2.9,163.3,-58.0,1.5,-1.0,RS41-SG,403.700,10.0,250,10,2.7,,
2026-09-18T11:10:07.000Z,V3640186,5597,44.55588,7.88006,19866.1,4.8,2.9,162.8,-58.1,1.5,-1.0,RS41-SG,403.700,10.0,250,10,2.6,,
2026-09-18T11:10:08.000Z,V3640186,5598,44.55585,7.88008,19870.7,4.0,2.5,157.7,-58.1,1.5,-1.0,RS41-SG,403.700,10.3,250,10,2.6,,
2026-09-18T11:10:09.000Z,V3640186,5599,44.55584,7.88009,19874.9,4.4,2.2,148.4,-58.1,1.6,-1.0,RS41-SG,403.700,11.8,250,9,2.6,,
2026-09-18T11:10:10.000Z,V3640186,5600,44.55582,7.88011,19879.1,4.4,2.3,141.5,-58.2,1.6,-1.0,RS41-SG,403.700,11.8,250,10,2.7,,
2026-09-18T11:10:11.000Z,V3640186,5601,44.55580,7.88012,19883.4,4.5,2.5,140.9,-58.2,1.6,-1.0,RS41-SG,403.700,11.2,250,10,2.7,,
2026-09-18T11:10:12.000Z,V3640186,5602,44.55578,7.88014,19888.6,5.8,3.0,152.3,-58.4,1.6,-1.0,RS41-SG,403.700,11.2,250,10,2.7,,
2026-09-18T11:10:13.000Z,V3640186,5603,44.55576,7.88016,19893.3,3.4,3.3,159.0,-58.5,1.6,-1.0,RS41-SG,403.700,11.7,250,10,2.6,,
2026-09-18T11:10:14.000Z,V3640186,5604,44.55573,7.88017,19897.1,4.1,3.0,161.3,-58.5,1.6,-1.0,RS41-SG,403.700,11.7,250,10,2.6,,
2026-09-18T11:10:15.000Z,V3640186,5605,44.55571,7.88018,19901.9,5.1,2.1,154.2,-58.6,1.5,-1.0,RS41-SG,403.700,11.5,250,10,2.6,,
2026-09-18T11:10:16.000Z,V3640186,5606,44.55569,7.88020,19906.5,4.2,1.5,135.2,-58.6,1.5,-1.0,RS41-SG,403.700,11.9,250,10,2.7,,
2026-09-18T11:10:17.000Z,V3640186,5607,44.55569,7.88021,19910.5,3.8,1.2,121.0,-58.6,1.5,-1.0,RS41-SG,403.700,11.9,250,10,2.7,,
2026-09-18T11:10:18.000Z,V3640186,5608,44.55568,7.88022,19915.2,5.3,1.4,132.3,-58.5,1.5,-1.0,RS41-SG,403.700,11.4,250,10,2.6,,
2026-09-18T11:10:19.000Z,V3640186,5609,44.55567,7.88024,19920.0,4.3,1.8,151.5,-58.5,1.5,-1.0,RS41-SG,403.700,12.2,250,10,2.6,,
2026-09-18T11:10:20.000Z,V3640186,5610,44.55565,7.88025,19925.5,6.3,2.5,149.1,-58.5,1.6,-1.0,RS41-SG,403.700,12.2,250,10,2.7,,
2026-09-18T11:10:21.000Z,V3640186,5611,44.55563,7.88027,19931.2,5.3,2.6,143.5,-58.6,1.5,-1.0,RS41-SG,403.700,11.7,250,10,2.7,,
2026-09-18T11:10:22.000Z,V3640186,5612,44.55561,7.88029,19935.7,4.0,3.1,141.2,-58.5,1.6,-1.0,RS41-SG,403.700,11.5,250,10,2.6,,
2026-09-18T11:10:23.000Z,V3640186,5613,44.55559,7.88031,19940.3,5.1,3.7,147.7,-58.6,1.6,-1.0,RS41-SG,403.700,11.4,250,10,2.6,,
2026-09-18T11:10:24.000Z,V3640186,5614,44.55555,7.88034,19945.2,4.8,4.5,157.5,-58.6,1.6,-1.0,RS41-SG,403.700,11.4,250,10,2.7,,
2026-09-18T11:10:25.000Z,V3640186,5615,44.55551,7.88036,19950.1,4.9,5.3,158.7,-58.6,1.6,-1.0,RS41-SG,403.700,10.2,250,10,2.7,,
2026-09-18T11:10:26.000Z,V3640186,5616,44.55547,7.88039,19954.6,4.1,5.5,152.5,-58.6,1.6,-1.0,RS41-SG,403.700,11.8,250,10,2.6,,
2026-09-18T11:10:27.000Z,V3640186,5617,44.55543,7.88042,19959.1,4.9,5.5,141.4,-58.6,1.6,-1.0,RS41-SG,403.700,11.8,250,10,2.6,,
2026-09-18T11:10:28.000Z,V3640186,5618,44.55539,7.88047,19964.0,4.8,5.3,131.8,-58.7,1.6,-1.0,RS41-SG,403.700,11.5,250,9,2.6,,
2026-09-18T11:10:29.000Z,V3640186,5619,44.55536,7.88052,19968.5,4.0,5.3,127.0,-58.7,1.5,-1.0,RS41-SG,403.700,11.7,250,10,2.7,,
2026-09-18T11:10:30.000Z,V3640186,5620,44.55534,7.88057,19972.5,4.5,4.7,122.7,-58.7,1.5,-1.0,RS41-SG,403.700,11.7,250,9,2.7,,
2026-09-18T11:10:31.000Z,V3640186,5621,44.55531,7.88062,19977.6,5.7,4.3,128.6,-58.7,1.5,-1.0,RS41-SG,403.700,11.4,250,10,2.7,,
2026-09-18T11:10:32.000Z,V3640186,5622,44.55529,7.88066,19982.4,4.0,4.2,134.9,-58.7,1.5,-1.0,RS41-SG,403.700,11.4,250,10,2.6,,
2026-09-18T11:10:33.000Z,V3640186,5623,44.55526,7.88069,19986.9,4.5,3.9,133.8,-58.7,1.5,-1.0,RS41-SG,403.700,10.4,250,10,2.6,,
2026-09-18T11:10:34.000Z,V3640186,5624,44.55524,7.88073,19992.2,6.0,3.7,123.8,-58.7,1.5,-1.0,RS41-SG,403.700,10.2,250,10,2.6,,
2026-09-18T11:10:35.000Z,V3640186,5625,44.55523,7.88077,19997.5,4.8,3.6,113.9,-58.7,1.5,-1.0,RS41-SG,403.700,10.3,250,9,2.7,,
2026-09-18T11:10:36.000Z,V3640186,5626,44.55521,7.88081,20001.9,4.3,3.5,113.0,-58.7,1.6,-1.0,RS41-SG,403.700,10.3,250,9,2.7,,
2026-09-18T11:10:37.000Z,V3640186,5627,44.55520,7.88085,20006.7,5.2,3.8,127.9,-58.7,1.6,-1.0,RS41-SG,403.700,9.9,250,9,2.7,,
2026-09-18T11:10:38.000Z,V3640186,5628,44.55517,7.88089,20011.2,3.7,4.5,137.1,-58.7,1.6,-1.0,RS41-SG,403.700,10.2,250,9,2.6,,
2026-09-18T11:10:39.000Z,V3640186,5629,44.55514,7.88093,20015.8,5.4,5.2,136.7,-58.7,1.6,-1.0,RS41-SG,403.700,10.2,250,9,2.6,,
2026-09-18T11:10:40.000Z,V3640186,5630,44.55510,7.88098,20021.3,5.4,5.8,132.0,-58.7,1.6,-1.0,RS41-SG,403.700,10.7,250,9,2.6,,
2026-09-18T11:10:41.000Z,V3640186,5631,44.55507,7.88104,20025.9,3.8,6.1,127.3,-58.6,1.5,-1.0,RS41-SG,403.700,10.9,250,10,2.7,,
2026-09-18T11:10:42.000Z,V3640186,5632,44.55504,7.88110,20030.5,5.7,6.5,130.5,-58.5,1.5,-1.0,RS41-SG,403.700,12.0,250,10,2.7,,
2026-09-18T11:10:43.000Z,V3640186,5633,44.55500,7.88116,20035.5,4.5,6.7,135.7,-58.4,1.5,-1.0,RS41-SG,403.700,12.0,250,10,2.6,,
2026-09-18T11:10:44.000Z,V3640186,5634,44.55495,7.88122,20041.0,6.4,6.6,137.1,-58.3,1.5,-1.0,RS41-SG,403.700,10.3,250,10,2.6,,
2026-09-18T11:10:45.000Z,V3640186,5635,44.55491,7.88127,20047.1,6.0,6.3,132.2,-58.3,1.5,-1.0,RS41-SG,403.700,10.5,250,9,2.7,,
2026-09-18T11:10:46.000Z,V3640186,5636,44.55488,7.88133,20051.9,3.7,5.8,127.4,-58.2,1.4,-1.0,RS41-SG,403.700,10.6,250,9,2.7,,
2026-09-18T11:10:47.000Z,V3640186,5637,44.55485,7.88139,20056.6,5.7,5.3,127.7,-58.3,1.5,-1.0,RS41-SG,403.700,11.6,250,9,2.6,,
2026-09-18T11:10:48.000Z,V3640186,5638,44.55482,7.88144,20061.2,3.6,5.2,133.1,-58.4,1.5,-1.0,RS41-SG,403.700,11.6,250,10,2.6,,
2026-09-18T11:10:49.000Z,V3640186,5639,44.55478,7.88148,20065.7,5.0,5.4,138.0,-58.3,1.5,-1.0,RS41-SG,403.700,10.6,250,10,2.6,,
2026-09-18T11:10:50.000Z,V3640186,5640,44.55475,7.88153,20071.6,6.7,5.2,132.5,-58.3,1.5,-1.0,RS41-SG,403.700,11.5,250,9,2.7,,
2026-09-18T11:10:51.000Z,V3640186,5641,44.55472,7.88158,20076.7,4.1,5.3,125.0,-58.3,1.5,-1.0,RS41-SG,403.700,11.5,250,10,2.7,,
2026-09-18T11:10:52.000Z,V3640186,5642,44.55469,7.88164,20080.8,4.2,6.0,126.1,-58.3,1.5,-1.0,RS41-SG,403.700,10.9,250,10,2.7,,
2026-09-18T11:10:53.000Z,V3640186,5643,44.55465,7.88170,20085.7,5.2,6.6,132.3,-58.2,1.5,-1.0,RS41-SG,403.700,9.8,250,10,2.6,,
2026-09-18T11:10:54.000Z,V3640186,5644,44.55461,7.88176,20090.8,4.3,7.3,137.8,-58.1,1.5,-1.0,RS41-SG,403.700,10.9,250,9,2.6,,
2026-09-18T11:10:55.000Z,V3640186,5645,44.55456,7.88182,20095.5,5.4,7.7,138.6,-58.2,1.5,-1.0,RS41-SG,403.700,10.9,250,10,2.6,,
2026-09-18T11:10:56.000Z,V3640186,5646,44.55451,7.88189,20100.5,4.7,7.6,135.7,-58.2,1.5,-1.0,RS41-SG,403.700,10.6,250,10,2.7,,
2026-09-18T11:10:57.000Z,V3640186,5647,44.55446,7.88195,20104.8,3.9,7.1,132.2,-58.2,1.5,-1.0,RS41-SG,403.700,9.8,250,9,2.7,,
2026-09-18T11:10:58.000Z,V3640186,5648,44.55442,7.88201,20109.1,4.6,6.6,136.5,-58.1,1.5,-1.0,RS41-SG,403.700,10.6,250,10,2.7,,
2026-09-18T11:10:59.000Z,V3640186,5649,44.55438,7.88207,20114.2,5.4,6.2,144.0,-58.2,1.5,-1.0,RS41-SG,403.700,10.6,250,10,2.6,,
2026-09-18T11:11:00.000Z,V3640186,5650,44.55433,7.88211,20119.7,5.2,5.5,147.6,-58.2,1.5,-1.0,RS41-SG,403.700,10.2,250,10,2.6,,
2026-09-18T11:11:01.000Z,V3640186,5651,44.55429,7.88214,20125.2,5.8,4.8,146.2,-58.1,1.5,-1.0,RS41-SG,403.700,9.5,250,9,2.6,,
2026-09-18T11:11:02.000Z,V3640186,5652,44.55426,7.88217,20129.8,3.7,4.1,143.4,-58.0,1.5,-1.0,RS41-SG,403.700,11.2,250,9,2.7,,
2026-09-18T11:11:03.000Z,V3640186,5653,44.55423,7.88220,20133.9,4.5,3.9,146.1,-58.0,1.5,-1.0,RS41-SG,403.700,11.2,250,10,2.7,,
2026-09-18T11:11:04.000Z,V3640186,5654,44.55420,7.88223,20138.7,5.0,4.1,156.2,-57.9,1.4,-1.0,RS41-SG,403.700,11.4,250,9,2.6,,
2026-09-18T11:11:05.000Z,V3640186,5655,44.55416,7.88225,20143.9,5.5,4.8,160.4,-57.8,1.5,-1.0,RS41-SG,403.700,11.7,250,9,2.6,,
2026-09-18T11:11:06.000Z,V3640186,5656,44.55412,7.88227,20149.0,4.6,5.6,155.7,-57.8,1.5,-1.0,RS41-SG,403.700,11.7,250,9,2.7,,
2026-09-18T11:11:07.000Z,V3640186,5657,44.55407,7.88231,20153.3,3.7,6.3,148.3,-57.6,1.4,-1.0,RS41-SG,403.700,9.9,250,10,2.7,,
2026-09-18T11:11:08.000Z,V3640186,5658,44.55402,7.88235,20157.3,4.2,6.9,141.0,-57.6,1.4,-1.0,RS41-SG,403.700,10.5,250,10,2.6,,
2026-09-18T11:11:09.000Z,V3640186,5659,44.55398,7.88241,20161.8,4.9,6.5,137.4,-57.6,1.4,-1.0,RS41-SG,403.700,10.5,250,10,2.6,,
2026-09-18T11:11:10.000Z,V3640186,5660,44.55394,7.88246,20166.6,4.7,6.1,139.9,-57.6,1.5,-1.0,RS41-SG,403.700,10.7,250,10,2.6,,
2026-09-18T11:11:11.000Z,V3640186,5661,44.55389,7.88250,20171.3,4.8,5.7,148.1,-57.6,1.4,-1.0,RS41-SG,403.700,11.6,250,10,2.7,,
2026-09-18T11:11:12.000Z,V3640186,5662,44.55385,7.88253,20176.4,5.5,5.8,161.3,-57.6,1.4,-1.0,RS41-SG,403.700,11.6,250,10,2.7,,
2026-09-18T11:11:13.000Z,V3640186,5663,44.55379,7.88255,20181.2,4.0,6.4,169.4,-57.6,1.4,-1.0,RS41-SG,403.700,11.6,250,10,2.7,,
2026-09-18T11:11:14.000Z,V3640186,5664,44.55374,7.88257,20185.5,4.2,6.9,170.2,-57.6,1.4,-1.0,RS41-SG,403.700,11.6,250,10,2.6,,
2026-09-18T11:11:15.000Z,V3640186,5665,44.55368,7.88258,20190.3,4.7,6.8,165.6,-57.6,1.4,-1.0,RS41-SG,403.700,10.6,250,10,2.6,,
2026-09-18T11:11:16.000Z,V3640186,5666,44.55362,7.88261,20195.3,5.0,6.4,158.9,-57.6,1.4,-1.0,RS41-SG,403.700,12.0,250,9,2.6,,
2026-09-18T11:11:17.000Z,V3640186,5667,44.55357,7.88264,20199.9,4.4,6.7,151.0,-57.7,1.4,-1.0,RS41-SG,403.700,12.0,250,10,2.7,,
2026-09-18T11:11:18.000Z,V3640186,5668,44.55351,7.88269,20204.5,5.2,7.4,150.6,-57.7,1.4,-1.0,RS41-SG,403.700,11.0,250,10,2.7,,
2026-09-18T11:11:19.000Z,V3640186,5669,44.55345,7.88273,20209.2,4.3,7.9,152.5,-57.7,1.5,-1.0,RS41-SG,403.700,11.0,250,10,2.7,,
2026-09-18T11:11:20.000Z,V3640186,5670,44.55339,7.88278,20214.2,5.5,8.0,153.9,-57.8,1.5,-1.0,RS41-SG,403.700,10.4,250,10,2.6,,
2026-09-18T11:11:21.000Z,V3640186,5671,44.55332,7.88282,20220.1,5.8,7.4,154.4,-57.8,1.5,-1.0,RS41-SG,403.700,10.4,250,10,2.6,,
2026-09-18T11:11:22.000Z,V3640186,5672,44.55327,7.88286,20225.3,4.3,7.0,156.3,-57.8,1.5,-1.0,RS41-SG,403.700,10.8,250,10,2.6,,
2026-09-18T11:11:23.000Z,V3640186,5673,44.55321,7.88289,20230.0,5.1,6.8,163.2,-57.7,1.5,-1.0,RS41-SG,403.700,10.8,250,10,2.7,,
2026-09-18T11:11:24.000Z,V3640186,5674,44.55314,7.88290,20235.0,5.2,7.6,173.6,-57.7,1.5,-1.0,RS41-SG,403.700,11.2,250,10,2.7,,
2026-09-18T11:11:25.000Z,V3640186,5675,44.55308,7.88291,20240.1,4.7,8.0,179.6,-57.7,1.5,-1.0,RS41-SG,403.700,11.2,250,10,2.6,,
2026-09-18T11:11:26.000Z,V3640186,5676,44.55301,7.88291,20245.4,6.0,7.7,183.5,-57.7,1.4,-1.0,RS41-SG,403.700,10.8,250,10,2.6,,
2026-09-18T11:11:27.000Z,V3640186,5677,44.55294,7.88290,20250.6,4.3,6.9,185.0,-57.7,1.5,-1.0,RS41-SG,403.700,11.6,250,10,2.7,,
2026-09-18T11:11:28.000Z,V3640186,5678,44.55288,7.88289,20255.0,4.3,6.5,185.1,-57.7,1.5,-1.0,RS41-SG,403.700,11.6,250,10,2.7,,
2026-09-18T11:11:29.000Z,V3640186,5679,44.55282,7.88288,20260.1,5.9,6.7,185.8,-57.7,1.5,-1.0,RS41-SG,403.700,11.5,250,10,2.6,,
2026-09-18T11:11:30.000Z,V3640186,5680,44.55276,7.88288,20265.3,4.4,7.0,183.7,-57.7,1.5,-1.0,RS41-SG,403.700,10.4,250,10,2.6,,
2026-09-18T11:11:31.000Z,V3640186,5681,44.55270,7.88288,20271.2,7.3,6.8,177.1,-57.8,1.5,-1.0,RS41-SG,403.700,10.4,250,10,2.6,,
2026-09-18T11:11:32.000Z,V3640186,5682,44.55264,7.88289,20277.8,5.7,6.5,168.7,-57.8,1.5,-1.0,RS41-SG,403.700,11.4,250,10,2.7,,
2026-09-18T11:11:33.000Z,V3640186,5683,44.55258,7.88290,20282.7,4.3,6.6,165.2,-57.8,1.4,-1.0,RS41-SG,403.700,11.4,250,10,2.7,,
2026-09-18T11:11:34.000Z,V3640186,5684,44.55252,7.88293,20287.9,6.0,7.3,164.6,-57.7,1.5,-1.0,RS41-SG,403.700,10.9,250,10,2.7,,
2026-09-18T11:11:35.000Z,V3640186,5685,44.55246,7.88295,20292.4,2.7,7.9,167.3,-57.7,1.4,-1.0,RS41-SG,403.700,11.0,250,10,2.6,,
2026-09-18T11:11:36.000Z,V3640186,5686,44.55238,7.88297,20297.2,6.5,8.6,169.3,-57.7,1.4,-1.0,RS41-SG,403.700,12.4,250,10,2.6,,
2026-09-18T11:11:37.000Z,V3640186,5687,44.55231,7.88299,20303.5,6.1,8.4,168.4,-57.7,1.5,-1.0,RS41-SG,403.700,12.4,250,10,2.6,,
2026-09-18T11:11:38.000Z,V3640186,5688,44.55224,7.88301,20308.6,4.1,8.0,168.0,-57.7,1.5,-1.0,RS41-SG,403.700,11.2,250,9,2.7,,
2026-09-18T11:11:39.000Z,V3640186,5689,44.55217,7.88303,20313.5,6.0,7.9,171.9,-57.6,1.5,-1.0,RS41-SG,403.700,12.3,250,9,2.7,,
2026-09-18T11:11:40.000Z,V3640186,5690,44.55209,7.88304,20318.9,5.0,8.3,179.0,-57.6,1.5,-1.0,RS41-SG,403.700,12.3,250,10,2.7,,
2026-09-18T11:11:41.000Z,V3640186,5691,44.55202,7.88303,20324.3,5.6,8.5,185.5,-57.6,1.5,-1.0,RS41-SG,403.700,10.6,250,9,2.6,,
2026-09-18T11:11:42.000Z,V3640186,5692,44.55194,7.88302,20329.5,4.7,8.2,186.6,-57.7,1.5,-1.0,RS41-SG,403.700,11.1,250,10,2.6,,
2026-09-18T11:11:43.000Z,V3640186,5693,44.55188,7.88301,20334.2,4.8,7.3,185.8,-57.6,1.5,-1.0,RS41-SG,403.700,11.8,250,10,2.6,,
2026-09-18T11:11:44.000Z,V3640186,5694,44.55181,7.88300,20338.8,4.5,6.6,186.7,-57.6,1.5,-1.0,RS41-SG,403.700,11.8,250,10,2.7,,
2026-09-18T11:11:45.000Z,V3640186,5695,44.55176,7.88299,20343.8,5.5,5.9,194.2,-57.6,1.5,-1.0,RS41-SG,403.700,11.4,250,10,2.7,,
2026-09-18T11:11:46.000Z,V3640186,5696,44.55171,7.88297,20349.0,4.9,5.4,201.7,-57.6,1.4,-1.0,RS41-SG,403.700,11.4,250,10,2.6,,
2026-09-18T11:11:47.000Z,V3640186,5697,44.55167,7.88294,20354.2,5.3,5.0,204.8,-57.5,1.4,-1.0,RS41-SG,403.700,11.4,250,10,2.6,,
2026-09-18T11:11:48.000Z,V3640186,5698,44.55163,7.88292,20359.7,5.5,4.8,198.7,-57.4,1.4,-1.0,RS41-SG,403.700,11.2,250,10,2.7,,
2026-09-18T11:11:49.000Z,V3640186,5699,44.55158,7.88290,20364.3,3.6,4.8,194.8,-57.3,1.4,-1.0,RS41-SG,403.700,12.9,250,10,2.7,,
2026-09-18T11:11:50.000Z,V3640186,5700,44.55154,7.88288,20368.2,4.5,5.3,197.4,-57.3,1.4,-1.0,RS41-SG,403.700,12.9,250,10,2.6,,
2026-09-18T11:11:51.000Z,V3640186,5701,44.55149,7.88286,20373.4,5.8,6.0,204.9,-57.3,1.4,-1.0,RS41-SG,403.700,12.4,250,10,2.6,,
2026-09-18T11:11:52.000Z,V3640186,5702,44.55144,7.88282,20379.1,5.6,6.8,207.6,-57.3,1.4,-1.0,RS41-SG,403.700,11.5,250,10,2.6,,
2026-09-18T11:11:53.000Z,V3640186,5703,44.55139,7.88278,20384.6,5.2,7.5,205.2,-57.2,1.4,-1.0,RS41-SG,403.700,11.3,250,10,2.7,,
2026-09-18T11:11:54.000Z,V3640186,5704,44.55132,7.88275,20389.6,5.1,8.0,200.1,-57.2,1.4,-1.0,RS41-SG,403.700,11.1,250,10,2.7,,
2026-09-18T11:11:55.000Z,V3640186,5705,44.55125,7.88271,20394.6,4.9,8.1,195.7,-57.2,1.4,-1.0,RS41-SG,403.700,12.6,250,10,2.7,,
2026-09-18T11:11:56.000Z,V3640186,5706,44.55118,7.88269,20399.3,4.1,8.1,196.9,-57.1,1.4,-1.0,RS41-SG,403.700,12.7,250,9,2.6,,
2026-09-18T11:11:57.000Z,V3640186,5707,44.55112,7.88265,20404.1,5.1,7.7,202.9,-57.1,1.4,-1.0,RS41-SG,403.700,13.2,250,10,2.6,,
2026-09-18T11:11:58.000Z,V3640186,5708,44.55106,7.88261,20409.8,6.0,7.0,212.3,-57.0,1.4,-1.0,RS41-SG,403.700,13.3,250,9,2.6,,
2026-09-18T11:11:59.000Z,V3640186,5709,44.55101,7.88256,20414.9,4.7,6.2,223.0,-57.0,1.5,-1.0,RS41-SG,403.700,13.3,250,10,2.7,,
2026-09-18T11:12:00.000Z,V3640186,5710,44.55097,7.88251,20419.0,3.9,5.7,228.5,-57.1,1.4,-1.0,RS41-SG,403.700,12.4,250,10,2.7,,
2026-09-18T11:12:01.000Z,V3640186,5711,44.55094,7.88245,20423.6,5.1,5.3,227.3,-57.1,1.4,-1.0,RS41-SG,403.700,11.9,250,10,2.7,,
2026-09-18T11:12:02.000Z,V3640186,5712,44.55091,7.88241,20429.4,6.2,5.4,218.5,-57.1,1.4,-1.0,RS41-SG,403.700,11.1,250,9,2.6,,
2026-09-18T11:12:03.000Z,V3640186,5713,44.55087,7.88237,20434.9,4.4,5.7,213.8,-57.0,1.4,-1.0,RS41-SG,403.700,11.7,250,9,2.6,,
2026-09-18T11:12:04.000Z,V3640186,5714,44.55082,7.88233,20439.8,5.1,6.3,212.5,-57.0,1.4,-1.0,RS41-SG,403.700,11.7,250,9,2.6,,
2026-09-18T11:12:05.000Z,V3640186,5715,44.55077,7.88228,20444.8,5.1,6.3,214.7,-57.1,1.4,-1.0,RS41-SG,403.700,12.5,250,10,2.7,,
2026-09-18T11:12:06.000Z,V3640186,5716,44.55072,7.88224,20450.0,5.4,6.9,216.7,-57.0,1.4,-1.0,RS41-SG,403.700,12.5,250,10,2.7,,
2026-09-18T11:12:07.000Z,V3640186,5717,44.55067,7.88218,20456.1,6.8,7.9,214.2,-57.0,1.4,-1.0,RS41-SG,403.700,10.8,250,10,2.6,,
2026-09-18T11:12:08.000Z,V3640186,5718,44.55061,7.88213,20461.5,4.3,8.4,212.6,-57.0,1.4,-1.0,RS41-SG,403.700,11.5,250,10,2.6,,
2026-09-18T11:12:09.000Z,V3640186,5719,44.55054,7.88207,20466.0,4.3,8.6,212.1,-56.9,1.4,-1.0,RS41-SG,403.700,11.5,250,9,2.7,,
2026-09-18T11:12:10.000Z,V3640186,5720,44.55048,7.88201,20470.8,5.3,8.2,215.1,-57.0,1.4,-1.0,RS41-SG,403.700,11.4,250,10,2.7,,
2026-09-18T11:12:11.000Z,V3640186,5721,44.55043,7.88195,20475.6,4.3,7.2,219.1,-57.0,1.4,-1.0,RS41-SG,403.700,11.4,250,9,2.6,,
2026-09-18T11:12:12.000Z,V3640186,5722,44.55038,7.88190,20481.2,6.7,6.6,218.6,-57.0,1.4,-1.0,RS41-SG,403.700,11.2,250,9,2.6,,
2026-09-18T11:12:13.000Z,V3640186,5723,44.55033,7.88185,20487.2,5.4,6.6,217.0,-57.0,1.4,-1.0,RS41-SG,403.700,11.2,250,10,2.6,,
2026-09-18T11:12:14.000Z,V3640186,5724,44.55029,7.88180,20491.9,4.0,6.6,218.3,-56.9,1.4,-1.0,RS41-SG,403.700,12.5,250,10,2.7,,
2026-09-18T11:12:15.000Z,V3640186,5725,44.55024,7.88174,20496.9,6.1,6.6,225.0,-56.9,1.4,-1.0,RS41-SG,403.700,12.5,250,10,2.7,,
2026-09-18T11:12:16.000Z,V3640186,5726,44.55020,7.88168,20501.9,4.1,6.4,233.1,-56.9,1.4,-1.0,RS41-SG,403.700,12.7,250,10,2.7,,
2026-09-18T11:12:17.000Z,V3640186,5727,44.55017,7.88161,20507.3,6.4,7.0,237.0,-56.9,1.4,-1.0,RS41-SG,403.700,12.7,250,10,2.6,,
2026-09-18T11:12:18.000Z,V3640186,5728,44.55013,7.88154,20513.7,6.1,7.4,234.6,-56.9,1.4,-1.0,RS41-SG,403.700,10.6,250,10,2.6,,
2026-09-18T11:12:19.000Z,V3640186,5729,44.55009,7.88146,20518.6,3.7,7.7,230.4,-56.9,1.4,-1.0,RS41-SG,403.700,11.2,250,10,2.6,,
2026-09-18T11:12:20.000Z,V3640186,5730,44.55004,7.88138,20523.5,5.8,8.1,227.0,-56.8,1.4,-1.0,RS41-SG,403.700,11.2,250,9,2.7,,
2026-09-18T11:12:21.000Z,V3640186,5731,44.55000,7.88131,20528.6,4.6,8.3,228.6,-56.8,1.4,-1.0,RS41-SG,403.700,11.1,250,10,2.7,,
2026-09-18T11:12:22.000Z,V3640186,5732,44.54995,7.88123,20533.1,4.3,8.3,230.3,-56.8,1.4,-1.0,RS41-SG,403.700,10.6,250,10,2.7,,
2026-09-18T11:12:23.000Z,V3640186,5733,44.54990,7.88115,20538.2,5.8,8.5,225.9,-56.9,1.4,-1.0,RS41-SG,403.700,10.6,250,10,2.6,,
2026-09-18T11:12:24.000Z,V3640186,5734,44.54984,7.88108,20543.9,5.2,8.7,220.5,-57.0,1.4,-1.0,RS41-SG,403.700,11.3,250,9,2.6,,
2026-09-18T11:12:25.000Z,V3640186,5735,44.54978,7.88101,20548.9,4.5,8.4,218.0,-57.0,1.4,-1.0,RS41-SG,403.700,11.3,250,9,2.6,,
2026-09-18T11:12:26.000Z,V3640186,5736,44.54973,7.88095,20554.1,6.0,7.4,220.6,-57.0,1.4,-1.0,RS41-SG,403.700,10.0,250,10,2.7,,
2026-09-18T11:12:27.000Z,V3640186,5737,44.54968,7.88089,20559.7,5.3,6.4,227.2,-57.0,1.4,-1.0,RS41-SG,403.700,9.8,250,10,2.7,,
2026-09-18T11:12:28.000Z,V3640186,5738,44.54965,7.88083,20565.3,5.7,5.4,233.6,-56.9,1.4,-1.0,RS41-SG,403.700,10.1,250,10,2.6,,
2026-09-18T11:12:29.000Z,V3640186,5739,44.54962,7.88078,20571.2,5.9,5.0,233.5,-56.9,1.4,-1.0,RS41-SG,403.700,10.1,250,9,2.6,,
2026-09-18T11:12:30.000Z,V3640186,5740,44.54959,7.88073,20576.1,3.8,4.8,235.2,-56.9,1.4,-1.0,RS41-SG,403.700,9.6,250,9,2.7,,
2026-09-18T11:12:31.000Z,V3640186,5741,44.54957,7.88068,20580.2,4.6,4.5,238.8,-56.8,1.4,-1.0,RS41-SG,403.700,9.6,250,9,2.7,,
2026-09-18T11:12:32.000Z,V3640186,5742,44.54955,7.88063,20585.0,4.8,4.3,248.3,-56.8,1.4,-1.0,RS41-SG,403.700,10.4,250,9,2.6,,
2026-09-18T11:12:33.000Z,V3640186,5743,44.54954,7.88058,20590.4,5.7,4.7,258.9,-56.8,1.4,-1.0,RS41-SG,403.700,10.4,250,9,2.6,,
2026-09-18T11:12:34.000Z,V3640186,5744,44.54953,7.88052,20595.7,5.1,5.1,256.8,-56.8,1.4,-1.0,RS41-SG,403.700,10.6,250,9,2.6,,
2026-09-18T11:12:35.000Z,V3640186,5745,44.54952,7.88045,20600.4,4.4,6.1,247.7,-56.8,1.4,-1.0,RS41-SG,403.700,11.3,250,10,2.7,,
2026-09-18T11:12:36.000Z,V3640186,5746,44.54949,7.88038,20605.0,4.8,7.0,238.9,-56.8,1.4,-1.0,RS41-SG,403.700,11.3,250,10,2.7,,
2026-09-18T11:12:37.000Z,V3640186,5747,44.54945,7.88030,20610.5,5.8,7.9,229.2,-56.9,1.4,-1.0,RS41-SG,403.700,10.6,250,10,2.7,,
2026-09-18T11:12:38.000Z,V3640186,5748,44.54940,7.88023,20615.9,5.1,8.6,219.9,-56.9,1.4,-1.0,RS41-SG,403.700,9.8,250,10,2.6,,
2026-09-18T11:12:39.000Z,V3640186,5749,44.54934,7.88016,20620.0,2.9,8.4,215.1,-56.9,1.4,-1.0,RS41-SG,403.700,9.8,250,10,2.6,,
2026-09-18T11:12:40.000Z,V3640186,5750,44.54928,7.88011,20624.1,5.0,7.1,213.7,-57.0,1.4,-1.0,RS41-SG,403.700,11.2,250,10,2.6,,
2026-09-18T11:12:41.000Z,V3640186,5751,44.54924,7.88006,20629.5,6.1,5.6,222.7,-57.0,1.4,-1.0,RS41-SG,403.700,11.2,250,9,2.7,,
2026-09-18T11:12:42.000Z,V3640186,5752,44.54921,7.88001,20635.1,4.9,4.7,239.0,-57.1,1.4,-1.0,RS41-SG,403.700,11.1,250,10,2.7,,
2026-09-18T11:12:43.000Z,V3640186,5753,44.54919,7.87996,20640.2,5.3,4.3,253.1,-57.1,1.4,-1.0,RS41-SG,403.700,10.4,250,10,2.7,,
2026-09-18T11:12:44.000Z,V3640186,5754,44.54918,7.87991,20645.8,5.7,4.6,257.1,-57.2,1.4,-1.0,RS41-SG,403.700,10.3,250,10,2.6,,
2026-09-18T11:12:45.000Z,V3640186,5755,44.54917,7.87985,20650.7,3.9,5.1,257.1,-57.3,1.4,-1.0,RS41-SG,403.700,10.3,250,10,2.6,,
2026-09-18T11:12:46.000Z,V3640186,5756,44.54916,7.87978,20655.1,4.9,6.0,259.5,-57.3,1.4,-1.0,RS41-SG,403.700,10.6,250,10,2.6,,
2026-09-18T11:12:47.000Z,V3640186,5757,44.54915,7.87970,20660.1,5.5,6.9,261.6,-57.4,1.4,-1.0,RS41-SG,403.700,10.6,250,10,2.7,,
2026-09-18T11:12:48.000Z,V3640186,5758,44.54914,7.87961,20665.4,5.2,7.5,261.4,-57.4,1.4,-1.0,RS41-SG,403.700,10.4,250,10,2.7,,
2026-09-18T11:12:49.000Z,V3640186,5759,44.54913,7.87951,20671.3,6.5,7.9,252.9,-57.4,1.4,-1.0,RS41-SG,403.700,9.6,250,10,2.6,,
2026-09-18T11:12:50.000Z,V3640186,5760,44.54910,7.87942,20676.9,4.6,8.0,245.7,-57.4,1.4,-1.0,RS41-SG,403.700,10.1,250,10,2.6,,
2026-09-18T11:12:51.000Z,V3640186,5761,44.54907,7.87933,20680.8,3.1,8.0,239.0,-57.3,1.5,-1.0,RS41-SG,403.700,10.1,250,10,2.7,,
2026-09-18T11:12:52.000Z,V3640186,5762,44.54903,7.87925,20685.4,6.0,7.5,238.7,-57.4,1.5,-1.0,RS41-SG,403.700,10.4,250,10,2.7,,
2026-09-18T11:12:53.000Z,V3640186,5763,44.54900,7.87917,20690.6,4.6,6.9,241.9,-57.4,1.5,-1.0,RS41-SG,403.700,10.4,250,9,2.6,,
2026-09-18T11:12:54.000Z,V3640186,5764,44.54897,7.87910,20696.1,6.2,6.0,245.7,-57.4,1.5,-1.0,RS41-SG,403.700,9.2,250,9,2.6,,
2026-09-18T11:12:55.000Z,V3640186,5765,44.54895,7.87904,20702.4,6.4,5.1,245.7,-57.4,1.5,-1.0,RS41-SG,403.700,10.4,250,10,2.6,,
2026-09-18T11:12:56.000Z,V3640186,5766,44.54893,7.87898,20707.7,4.3,4.9,244.3,-57.4,1.5,-1.0,RS41-SG,403.700,10.5,250,10,2.7,,
2026-09-18T11:12:57.000Z,V3640186,5767,44.54892,7.87892,20712.4,5.3,5.0,254.7,-57.4,1.4,-1.0,RS41-SG,403.700,11.1,250,10,2.7,,
2026-09-18T11:12:58.000Z,V3640186,5768,44.54891,7.87885,20717.9,5.7,5.7,270.3,-57.6,1.4,-1.0,RS41-SG,403.700,11.1,250,10,2.7,,
2026-09-18T11:12:59.000Z,V3640186,5769,44.54892,7.87878,20723.3,4.9,6.7,276.8,-57.6,1.4,-1.0,RS41-SG,403.700,11.2,250,10,2.6,,
2026-09-18T11:13:00.000Z,V3640186,5770,44.54892,7.87869,20729.3,7.0,7.6,275.0,-57.6,1.4,-1.0,RS41-SG,403.700,11.2,250,10,2.6,,
2026-09-18T11:13:01.000Z,V3640186,5771,44.54893,7.87859,20735.4,5.0,7.9,269.9,-57.6,1.4,-1.0,RS41-SG,403.700,10.5,250,10,2.6,,
2026-09-18T11:13:02.000Z,V3640186,5772,44.54892,7.87849,20739.8,4.0,8.0,265.6,-57.6,1.4,-1.0,RS41-SG,403.700,10.9,250,10,2.7,,
2026-09-18T11:13:03.000Z,V3640186,5773,44.54892,7.87839,20744.9,6.3,7.9,265.3,-57.6,1.4,-1.0,RS41-SG,403.700,12.0,250,9,2.7,,
2026-09-18T11:13:04.000Z,V3640186,5774,44.54891,7.87829,20750.0,4.1,7.7,267.4,-57.5,1.4,-1.0,RS41-SG,403.700,12.0,250,10,2.7,,
2026-09-18T11:13:05.000Z,V3640186,5775,44.54891,7.87820,20755.5,7.1,6.5,262.9,-57.5,1.4,-1.0,RS41-SG,403.700,11.2,250,9,2.6,,
2026-09-18T11:13:06.000Z,V3640186,5776,44.54890,7.87813,20762.0,6.0,5.3,255.5,-57.6,1.4,-1.0,RS41-SG,403.700,10.1,250,10,2.6,,
2026-09-18T11:13:07.000Z,V3640186,5777,44.54888,7.87807,20767.0,3.7,4.7,248.4,-57.5,1.5,-1.0,RS41-SG,403.700,11.1,250,10,2.6,,
2026-09-18T11:13:08.000Z,V3640186,5778,44.54887,7.87802,20772.0,6.3,4.0,246.8,-57.5,1.4,-1.0,RS41-SG,403.700,12.2,250,10,2.7,,
2026-09-18T11:13:09.000Z,V3640186,5779,44.54886,7.87798,20776.9,4.3,3.6,256.4,-57.6,1.5,-1.0,RS41-SG,403.700,12.2,250,10,2.7,,
2026-09-18T11:13:10.000Z,V3640186,5780,44.54885,7.87793,20781.4,4.7,3.6,263.9,-57.7,1.5,-1.0,RS41-SG,403.700,10.8,250,10,2.6,,
2026-09-18T11:13:11.000Z,V3640186,5781,44.54885,7.87789,20787.3,7.1,3.7,253.5,-57.8,1.4,-1.0,RS41-SG,403.700,11.2,250,10,2.6,,
2026-09-18T11:13:12.000Z,V3640186,5782,44.54883,7.87784,20793.2,4.7,4.0,249.0,-57.7,1.4,-1.0,RS41-SG,403.700,11.2,250,10,2.7,,
2026-09-18T11:13:13.000Z,V3640186,5783,44.54882,7.87779,20797.6,4.2,4.7,242.3,-57.6,1.4,-1.0,RS41-SG,403.700,10.1,250,10,2.7,,
2026-09-18T11:13:14.000Z,V3640186,5784,44.54880,7.87773,20802.7,5.7,5.3,249.4,-57.6,1.4,-1.0,RS41-SG,403.700,10.0,250,10,2.6,,
2026-09-18T11:13:15.000Z,V3640186,5785,44.54878,7.87767,20807.6,3.8,5.7,257.0,-57.6,1.4,-1.0,RS41-SG,403.700,10.3,250,10,2.6,,
2026-09-18T11:13:16.000Z,V3640186,5786,44.54877,7.87760,20812.5,6.3,6.0,258.5,-57.6,1.4,-1.0,RS41-SG,403.700,10.3,250,10,2.6,,
2026-09-18T11:13:17.000Z,V3640186,5787,44.54876,7.87752,20818.7,6.0,6.0,253.5,-57.6,1.4,-1.0,RS41-SG,403.700,9.2,250,10,2.7,,
2026-09-18T11:13:18.000Z,V3640186,5788,44.54874,7.87745,20823.6,4.2,6.0,250.4,-57.5,1.4,-1.0,RS41-SG,403.700,10.3,250,10,2.7,,
2026-09-18T11:13:19.000Z,V3640186,5789,44.54873,7.87738,20828.5,5.5,5.9,252.5,-57.6,1.4,-1.0,RS41-SG,403.700,10.3,250,10,2.7,,
2026-09-18T11:13:20.000Z,V3640186,5790,44.54871,7.87731,20833.8,5.2,5.8,262.5,-57.6,1.4,-1.0,RS41-SG,403.700,9.9,250,10,2.6,,
2026-09-18T11:13:21.000Z,V3640186,5791,44.54871,7.87724,20839.6,5.7,5.8,270.6,-57.5,1.4,-1.0,RS41-SG,403.700,10.3,250,10,2.6,,
2026-09-18T11:13:22.000Z,V3640186,5792,44.54871,7.87717,20845.7,6.7,5.3,272.8,-57.6,1.4,-1.0,RS41-SG,403.700,10.3,250,10,2.6,,
2026-09-18T11:13:23.000Z,V3640186,5793,44.54871,7.87710,20851.4,4.8,5.0,269.0,-57.5,1.4,-1.0,RS41-SG,403.700,11.1,250,9,2.7,,
2026-09-18T11:13:24.000Z,V3640186,5794,44.54871,7.87704,20855.9,4.8,5.0,270.3,-57.4,1.4,-1.0,RS41-SG,403.700,11.1,250,10,2.7,,
2026-09-18T11:13:25.000Z,V3640186,5795,44.54871,7.87698,20860.7,4.9,5.3,272.6,-57.4,1.4,-1.0,RS41-SG,403.700,10.4,250,10,2.7,,
2026-09-18T11:13:26.000Z,V3640186,5796,44.54872,7.87691,20865.3,4.0,5.7,272.7,-57.5,1.4,-1.0,RS41-SG,403.700,10.4,250,10,2.6,,
2026-09-18T11:13:27.000Z,V3640186,5797,44.54871,7.87683,20871.0,7.2,6.3,264.6,-57.4,1.4,-1.0,RS41-SG,403.700,10.6,250,10,2.6,,
2026-09-18T11:13:28.000Z,V3640186,5798,44.54871,7.87675,20877.2,5.2,6.7,257.7,-57.5,1.4,-1.0,RS41-SG,403.700,11.0,250,10,2.6,,
2026-09-18T11:13:29.000Z,V3640186,5799,44.54869,7.87667,20881.5,3.4,7.0,252.1,-57.5,1.4,-1.0,RS41-SG,403.700,11.0,250,10,2.7,,
2026-09-18T11:13:30.000Z,V3640186,5800,44.54867,7.87658,20885.9,5.5,7.3,255.0,-57.4,1.5,-1.0,RS41-SG,403.700,10.9,250,10,2.7,,
2026-09-18T11:13:31.000Z,V3640186,5801,44.54866,7.87649,20891.4,5.5,7.8,264.8,-57.4,1.4,-1.0,RS41-SG,403.700,11.1,250,10,2.6,,
2026-09-18T11:13:32.000Z,V3640186,5802,44.54866,7.87639,20897.1,5.8,8.1,272.5,-57.4,1.4,-1.0,RS41-SG,403.700,11.1,250,10,2.6,,
2026-09-18T11:13:33.000Z,V3640186,5803,44.54866,7.87629,20902.7,5.3,7.9,272.9,-57.3,1.4,-1.0,RS41-SG,403.700,10.0,250,10,2.7,,
2026-09-18T11:13:34.000Z,V3640186,5804,44.54867,7.87619,20907.4,4.2,7.8,273.0,-57.2,1.4,-1.0,RS41-SG,403.700,10.7,250,10,2.7,,
2026-09-18T11:13:35.000Z,V3640186,5805,44.54867,7.87609,20911.6,4.0,7.8,273.0,-57.3,1.4,-1.0,RS41-SG,403.700,11.1,250,10,2.6,,
2026-09-18T11:13:36.000Z,V3640186,5806,44.54867,7.87600,20916.1,5.0,8.1,275.7,-57.2,1.4,-1.0,RS41-SG,403.700,11.1,250,10,2.6,,
2026-09-18T11:13:37.000Z,V3640186,5807,44.54868,7.87589,20920.8,4.3,8.7,277.3,-57.1,1.4,-1.0,RS41-SG,403.700,10.9,250,10,2.6,,
2026-09-18T11:13:38.000Z,V3640186,5808,44.54869,7.87578,20925.6,5.3,8.9,274.5,-57.1,1.4,-1.0,RS41-SG,403.700,11.0,250,9,2.7,,
2026-09-18T11:13:39.000Z,V3640186,5809,44.54869,7.87567,20931.0,5.8,8.7,269.1,-57.2,1.4,-1.0,RS41-SG,403.700,11.3,250,9,2.7,,
2026-09-18T11:13:40.000Z,V3640186,5810,44.54869,7.87556,20936.0,4.2,8.5,266.0,-57.1,1.4,-1.0,RS41-SG,403.700,11.3,250,10,2.7,,
2026-09-18T11:13:41.000Z,V3640186,5811,44.54869,7.87546,20940.8,5.2,8.4,266.3,-57.1,1.4,-1.0,RS41-SG,403.700,10.4,250,10,2.6,,
2026-09-18T11:13:42.000Z,V3640186,5812,44.54868,7.87535,20946.1,5.0,8.5,271.5,-57.1,1.4,-1.0,RS41-SG,403.700,10.8,250,9,2.6,,
2026-09-18T11:13:43.000Z,V3640186,5813,44.54869,7.87525,20951.1,4.7,8.3,276.8,-57.2,1.4,-1.0,RS41-SG,403.700,11.6,250,10,2.6,,
2026-09-18T11:13:44.000Z,V3640186,5814,44.54870,7.87515,20956.6,6.4,7.6,278.5,-57.2,1.4,-1.0,RS41-SG,403.700,11.6,250,9,2.7,,
2026-09-18T11:13:45.000Z,V3640186,5815,44.54871,7.87506,20962.1,5.1,7.2,279.5,-57.2,1.4,-1.0,RS41-SG,403.700,11.1,250,10,2.7,,
2026-09-18T11:13:46.000Z,V3640186,5816,44.54872,7.87497,20966.6,4.2,7.0,281.0,-57.1,1.4,-1.0,RS41-SG,403.700,10.7,250,10,2.7,,
2026-09-18T11:13:47.000Z,V3640186,5817,44.54874,7.87488,20972.0,6.1,7.6,286.4,-57.1,1.4,-1.0,RS41-SG,403.700,10.9,250,9,2.6,,
2026-09-18T11:13:48.000Z,V3640186,5818,44.54876,7.87478,20976.9,3.5,8.3,291.6,-57.1,1.4,-1.0,RS41-SG,403.700,10.9,250,10,2.6,,
2026-09-18T11:13:49.000Z,V3640186,5819,44.54879,7.87468,20981.5,5.5,9.3,292.3,-57.2,1.5,-1.0,RS41-SG,403.700,10.9,250,10,2.6,,
2026-09-18T11:13:50.000Z,V3640186,5820,44.54882,7.87457,20987.2,6.3,9.8,288.7,-57.2,1.4,-1.0,RS41-SG,403.700,10.9,250,10,2.7,,
2026-09-18T11:13:51.000Z,V3640186,5821,44.54885,7.87445,20992.4,4.4,9.7,285.4,-57.1,1.4,-1.0,RS41-SG,403.700,11.6,250,10,2.7,,
2026-09-18T11:13:52.000Z,V3640186,5822,44.54887,7.87433,20997.1,5.2,9.9,285.0,-57.1,1.4,-1.0,RS41-SG,403.700,11.6,250,10,2.6,,
2026-09-18T11:13:53.000Z,V3640186,5823,44.54889,7.87421,21002.2,4.8,10.4,287.6,-57.2,1.4,-1.0,RS41-SG,403.700,9.7,250,10,2.6,,
2026-09-18T11:13:54.000Z,V3640186,5824,44.54892,7.87409,21006.9,4.7,10.5,291.3,-57.1,1.4,-1.0,RS41-SG,403.700,9.6,250,10,2.7,,
2026-09-18T11:13:55.000Z,V3640186,5825,44.54896,7.87397,21012.5,6.5,9.4,293.6,-57.1,1.4,-1.0,RS41-SG,403.700,9.3,250,10,2.7,,
2026-09-18T11:13:56.000Z,V3640186,5826,44.54899,7.87387,21018.3,5.1,8.5,293.8,-57.0,1.4,-1.0,RS41-SG,403.700,10.2,250,9,2.6,,
2026-09-18T11:13:57.000Z,V3640186,5827,44.54902,7.87378,21022.8,3.7,8.0,293.6,-56.8,1.4,-1.0,RS41-SG,403.700,10.2,250,9,2.6,,
2026-09-18T11:13:58.000Z,V3640186,5828,44.54905,7.87368,21027.7,6.0,8.0,294.9,-56.8,1.4,-1.0,RS41-SG,403.700,9.9,250,9,2.6,,
2026-09-18T11:13:59.000Z,V3640186,5829,44.54908,7.87359,21032.9,4.6,8.6,297.7,-56.7,1.4,-1.0,RS41-SG,403.700,11.3,250,10,2.7,,
2026-09-18T11:14:00.000Z,V3640186,5830,44.54912,7.87349,21038.1,6.1,8.9,297.6,-56.7,1.4,-1.0,RS41-SG,403.700,11.3,250,10,2.7,,
2026-09-18T11:14:01.000Z,V3640186,5831,44.54915,7.87339,21044.3,6.3,8.9,294.4,-56.8,1.4,-1.0,RS41-SG,403.700,11.4,250,10,2.7,,
2026-09-18T11:14:02.000Z,V3640186,5832,44.54918,7.87329,21049.8,4.3,8.8,290.4,-56.8,1.4,-1.0,RS41-SG,403.700,11.4,250,10,2.6,,
2026-09-18T11:14:03.000Z,V3640186,5833,44.54921,7.87318,21054.6,4.9,9.2,288.6,-56.9,1.4,-1.0,RS41-SG,403.700,11.2,250,10,2.6,,
2026-09-18T11:14:04.000Z,V3640186,5834,44.54924,7.87307,21059.5,5.0,10.2,287.8,-56.9,1.4,-1.0,RS41-SG,403.700,11.2,250,10,2.6,,
2026-09-18T11:14:05.000Z,V3640186,5835,44.54927,7.87294,21064.1,4.7,11.2,287.4,-56.9,1.4,-1.0,RS41-SG,403.700,11.5,250,10,2.7,,
2026-09-18T11:14:06.000Z,V3640186,5836,44.54930,7.87280,21069.6,6.3,11.6,284.8,-57.0,1.4,-1.0,RS41-SG,403.700,11.9,250,10,2.7,,
2026-09-18T11:14:07.000Z,V3640186,5837,44.54932,7.87266,21075.3,5.4,11.2,282.0,-57.0,1.4,-1.0,RS41-SG,403.700,12.5,250,10,2.7,,
2026-09-18T11:14:08.000Z,V3640186,5838,44.54934,7.87253,21080.3,4.3,10.7,280.9,-57.0,1.4,-1.0,RS41-SG,403.700,12.5,250,10,2.6,,
2026-09-18T11:14:09.000Z,V3640186,5839,44.54936,7.87240,21085.6,6.3,10.2,283.5,-57.1,1.4,-1.0,RS41-SG,403.700,12.8,250,10,2.6,,
2026-09-18T11:14:10.000Z,V3640186,5840,44.54938,7.87228,21091.2,4.6,10.0,289.3,-57.1,1.4,-1.0,RS41-SG,403.700,12.8,250,10,2.6,,
2026-09-18T11:14:11.000Z,V3640186,5841,44.54942,7.87217,21096.2,5.7,9.2,296.1,-57.1,1.4,-1.0,RS41-SG,403.700,12.1,250,10,2.7,,
2026-09-18T11:14:12.000Z,V3640186,5842,44.54945,7.87207,21101.7,5.8,8.3,301.3,-57.2,1.4,-1.0,RS41-SG,403.700,13.5,250,10,2.7,,
2026-09-18T11:14:13.000Z,V3640186,5843,44.54949,7.87199,21106.6,3.9,7.3,303.9,-57.2,1.4,-1.0,RS41-SG,403.700,13.5,250,10,2.6,,
2026-09-18T11:14:14.000Z,V3640186,5844,44.54953,7.87192,21110.9,4.4,7.3,310.6,-57.3,1.4,-1.0,RS41-SG,403.700,13.5,250,10,2.6,,
2026-09-18T11:14:15.000Z,V3640186,5845,44.54958,7.87185,21116.0,5.5,7.8,316.5,-57.3,1.5,-1.0,RS41-SG,403.700,13.5,250,10,2.7,,
2026-09-18T11:14:16.000Z,V3640186,5846,44.54963,7.87178,21121.1,4.6,8.7,317.7,-57.4,1.4,-1.0,RS41-SG,403.700,12.7,250,10,2.7,,
2026-09-18T11:14:17.000Z,V3640186,5847,44.54969,7.87170,21126.4,5.8,9.1,314.7,-57.4,1.4,-1.0,RS41-SG,403.700,12.7,250,10,2.6,,
2026-09-18T11:14:18.000Z,V3640186,5848,44.54975,7.87162,21132.4,6.2,9.3,309.3,-57.3,1.4,-1.0,RS41-SG,403.700,12.8,250,10,2.6,,
2026-09-18T11:14:19.000Z,V3640186,5849,44.54980,7.87152,21137.4,4.1,9.3,304.1,-57.2,1.5,-1.0,RS41-SG,403.700,12.8,250,10,2.6,,
2026-09-18T11:14:20.000Z,V3640186,5850,44.54984,7.87142,21141.9,5.0,9.6,301.8,-57.2,1.4,-1.0,RS41-SG,403.700,12.6,250,10,2.7,,
2026-09-18T11:14:21.000Z,V3640186,5851,44.54989,7.87132,21147.0,5.5,10.2,302.5,-57.3,1.5,-1.0,RS41-SG,403.700,11.1,250,10,2.7,,
2026-09-18T11:14:22.000Z,V3640186,5852,44.54994,7.87121,21152.3,5.1,10.3,304.6,-57.3,1.4,-1.0,RS41-SG,403.700,10.0,250,10,2.7,,
2026-09-18T11:14:23.000Z,V3640186,5853,44.54999,7.87111,21157.8,5.7,9.6,304.4,-57.4,1.4,-1.0,RS41-SG,403.700,10.0,250,10,2.6,,
2026-09-18T11:14:24.000Z,V3640186,5854,44.55004,7.87101,21163.1,4.8,8.8,301.6,-57.4,1.4,-1.0,RS41-SG,403.700,10.1,250,10,2.6,,
2026-09-18T11:14:25.000Z,V3640186,5855,44.55007,7.87092,21167.4,3.7,8.3,300.0,-57.3,1.4,-1.0,RS41-SG,403.700,10.1,250,10,2.6,,
2026-09-18T11:14:26.000Z,V3640186,5856,44.55011,7.87083,21171.6,5.0,8.3,301.7,-57.2,1.4,-1.0,RS41-SG,403.700,9.8,250,10,2.7,,
2026-09-18T11:14:27.000Z,V3640186,5857,44.55016,7.87074,21176.6,5.0,8.6,306.7,-57.2,1.4,-1.0,RS41-SG,403.700,9.3,250,9,2.7,,
2026-09-18T11:14:28.000Z,V3640186,5858,44.55020,7.87066,21181.3,4.4,8.6,311.1,-57.1,1.4,-1.0,RS41-SG,403.700,11.4,250,9,2.7,,
2026-09-18T11:14:29.000Z,V3640186,5859,44.55025,7.87058,21186.0,4.4,8.0,313.5,-57.2,1.5,-1.0,RS41-SG,403.700,11.4,250,10,2.6,,
2026-09-18T11:14:30.000Z,V3640186,5860,44.55030,7.87051,21190.6,4.4,7.0,317.2,-57.3,1.5,-1.0,RS41-SG,403.700,10.7,250,10,2.6,,
2026-09-18T11:14:31.000Z,V3640186,5861,44.55035,7.87046,21194.9,4.0,6.2,320.5,-57.2,1.5,-1.0,RS41-SG,403.700,9.1,250,10,2.6,,
2026-09-18T11:14:32.000Z,V3640186,5862,44.55039,7.87042,21199.3,4.9,5.7,327.3,-57.2,1.5,-1.0,RS41-SG,403.700,9.4,250,10,2.7,,
2026-09-18T11:14:33.000Z,V3640186,5863,44.55043,7.87038,21204.3,5.4,5.8,331.1,-57.1,1.5,-1.0,RS41-SG,403.700,12.3,250,10,2.7,,
2026-09-18T11:14:34.000Z,V3640186,5864,44.55048,7.87034,21209.2,4.5,6.2,329.2,-57.0,1.4,-1.0,RS41-SG,403.700,12.3,250,10,2.6,,
2026-09-18T11:14:35.000Z,V3640186,5865,44.55053,7.87029,21213.9,5.0,6.7,319.0,-57.1,1.4,-1.0,RS41-SG,403.700,11.6,250,10,2.6,,
2026-09-18T11:14:36.000Z,V3640186,5866,44.55057,7.87023,21219.3,5.4,7.5,305.6,-57.2,1.4,-1.0,RS41-SG,403.700,11.5,250,10,2.7,,
2026-09-18T11:14:37.000Z,V3640186,5867,44.55061,7.87014,21223.8,3.6,8.3,298.4,-57.2,1.4,-1.0,RS41-SG,403.700,13.0,250,10,2.7,,
2026-09-18T11:14:38.000Z,V3640186,5868,44.55064,7.87005,21227.5,3.7,9.2,296.9,-57.2,1.4,-1.0,RS41-SG,403.700,13.0,250,10,2.6,,
2026-09-18T11:14:39.000Z,V3640186,5869,44.55068,7.86994,21232.2,5.4,9.6,299.8,-57.2,1.4,-1.0,RS41-SG,403.700,10.8,250,10,2.6,,
2026-09-18T11:14:40.000Z,V3640186,5870,44.55073,7.86984,21237.5,5.2,9.3,305.6,-57.2,1.4,-1.0,RS41-SG,403.700,10.1,250,10,2.6,,
2026-09-18T11:14:41.000Z,V3640186,5871,44.55078,7.86975,21243.1,5.9,8.6,309.8,-57.1,1.4,-1.0,RS41-SG,403.700,10.1,250,10,2.7,,
2026-09-18T11:14:42.000Z,V3640186,5872,44.55083,7.86968,21248.6,5.6,7.8,312.1,-57.1,1.4,-1.0,RS41-SG,403.700,10.1,250,10,2.7,,
2026-09-18T11:14:43.000Z,V3640186,5873,44.55087,7.86961,21253.6,4.1,6.7,315.3,-57.1,1.4,-1.0,RS41-SG,403.700,10.3,250,10,2.7,,
2026-09-18T11:14:44.000Z,V3640186,5874,44.55091,7.86956,21258.4,5.0,5.6,326.6,-57.1,1.5,-1.0,RS41-SG,403.700,11.6,250,10,2.6,,
2026-09-18T11:14:45.000Z,V3640186,5875,44.55096,7.86953,21262.8,3.5,5.2,340.8,-57.1,1.5,-1.0,RS41-SG,403.700,11.6,250,9,2.6,,
2026-09-18T11:14:46.000Z,V3640186,5876,44.55100,7.86952,21266.8,4.5,4.7,351.7,-57.2,1.5,-1.0,RS41-SG,403.700,10.5,250,10,2.6,,
2026-09-18T11:14:47.000Z,V3640186,5877,44.55104,7.86951,21272.1,6.0,3.7,347.4,-57.3,1.5,-1.0,RS41-SG,403.700,10.5,250,10,2.7,,
2026-09-18T11:14:48.000Z,V3640186,5878,44.55107,7.86949,21276.8,3.9,3.2,330.6,-57.3,1.5,-1.0,RS41-SG,403.700,10.8,250,10,2.7,,
2026-09-18T11:14:49.000Z,V3640186,5879,44.55109,7.86946,21280.9,4.2,3.4,311.9,-57.3,1.4,-1.0,RS41-SG,403.700,12.1,250,10,2.7,,
2026-09-18T11:14:50.000Z,V3640186,5880,44.55111,7.86943,21285.7,5.4,4.2,305.4,-57.3,1.5,-1.0,RS41-SG,403.700,12.1,250,9,2.6,,
2026-09-18T11:14:51.000Z,V3640186,5881,44.55113,7.86938,21290.9,4.8,5.1,306.4,-57.3,1.4,-1.0,RS41-SG,403.700,10.3,250,10,2.6,,
2026-09-18T11:14:52.000Z,V3640186,5882,44.55116,7.86932,21296.5,6.0,6.1,302.3,-57.2,1.4,-1.0,RS41-SG,403.700,10.7,250,10,2.6,,
2026-09-18T11:14:53.000Z,V3640186,5883,44.55119,7.86925,21301.8,5.0,6.5,296.5,-57.1,1.4,-1.0,RS41-SG,403.700,10.7,250,10,2.7,,
2026-09-18T11:14:54.000Z,V3640186,5884,44.55122,7.86918,21306.2,4.0,6.5,295.4,-57.0,1.4,-1.0,RS41-SG,403.700,10.5,250,10,2.7,,
2026-09-18T11:14:55.000Z,V3640186,5885,44.55124,7.86911,21311.2,5.9,6.2,302.9,-57.0,1.4,-1.0,RS41-SG,403.700,10.2,250,10,2.6,,
2026-09-18T11:14:56.000Z,V3640186,5886,44.55128,7.86905,21316.3,3.9,6.2,312.0,-56.9,1.4,-1.0,RS41-SG,403.700,10.8,250,10,2.6,,
2026-09-18T11:14:57.000Z,V3640186,5887,44.55132,7.86899,21320.7,4.7,6.3,320.7,-56.9,1.4,-1.0,RS41-SG,403.700,10.8,250,10,2.7,,
2026-09-18T11:14:58.000Z,V3640186,5888,44.55136,7.86895,21326.2,6.2,5.6,321.3,-56.9,1.4,-1.0,RS41-SG,403.700,11.0,250,9,2.7,,
2026-09-18T11:14:59.000Z,V3640186,5889,44.55140,7.86890,21331.6,4.5,4.9,319.1,-56.9,1.4,-1.0,RS41-SG,403.700,11.0,250,9,2.6,,
2026-09-18T11:15:00.000Z,V3640186,5890,44.55143,7.86886,21336.1,4.1,4.6,318.6,-56.9,1.4,-1.0,RS41-SG,403.700,10.0,250,9,2.6,,
2026-09-18T11:15:01.000Z,V3640186,5891,44.55146,7.86883,21340.9,5.4,4.6,323.5,-56.9,1.4,-1.0,RS41-SG,403.700,9.7,250,9,2.6,,
2026-09-18T11:15:02.000Z,V3640186,5892,44.55150,7.86879,21345.7,4.1,5.0,327.6,-56.9,1.4,-1.0,RS41-SG,403.700,10.6,250,10,2.7,,
2026-09-18T11:15:03.000Z,V3640186,5893,44.55153,7.86876,21350.9,6.4,5.1,322.4,-57.0,1.4,-1.0,RS41-SG,403.700,11.5,250,10,2.7,,
2026-09-18T11:15:04.000Z,V3640186,5894,44.55157,7.86871,21356.7,5.4,5.1,314.3,-57.0,1.4,-1.0,RS41-SG,403.700,11.5,250,10,2.7,,
2026-09-18T11:15:05.000Z,V3640186,5895,44.55160,7.86867,21361.5,3.7,5.3,307.7,-57.0,1.4,-1.0,RS41-SG,403.700,11.2,250,10,2.6,,
2026-09-18T11:15:06.000Z,V3640186,5896,44.55163,7.86861,21366.3,5.7,5.5,307.8,-57.1,1.4,-1.0,RS41-SG,403.700,10.2,250,10,2.6,,
2026-09-18T11:15:07.000Z,V3640186,5897,44.55166,7.86856,21371.2,4.4,5.8,313.4,-57.1,1.4,-1.0,RS41-SG,403.700,11.0,250,10,2.6,,
2026-09-18T11:15:08.000Z,V3640186,5898,44.55170,7.86851,21376.4,5.9,5.6,318.1,-57.1,1.4,-1.0,RS41-SG,403.700,11.0,250,10,2.7,,
2026-09-18T11:15:09.000Z,V3640186,5899,44.55173,7.86846,21382.5,6.7,4.9,317.0,-57.2,1.4,-1.0,RS41-SG,403.700,10.8,250,10,2.7,,
2026-09-18T11:15:10.000Z,V3640186,5900,44.55176,7.86842,21388.0,4.5,4.7,317.5,-57.2,1.4,-1.0,RS41-SG,403.700,10.8,250,10,2.7,,
2026-09-18T11:15:11.000Z,V3640186,5901,44.55180,7.86838,21392.4,4.1,4.4,319.3,-57.2,1.4,-1.0,RS41-SG,403.700,11.4,250,10,2.6,,
2026-09-18T11:15:12.000Z,V3640186,5902,44.55183,7.86835,21397.1,5.3,4.9,331.2,-57.4,1.5,-1.0,RS41-SG,403.700,12.3,250,10,2.6,,
2026-09-18T11:15:13.000Z,V3640186,5903,44.55187,7.86833,21401.5,3.6,5.4,340.8,-57.5,1.4,-1.0,RS41-SG,403.700,12.6,250,9,2.6,,
2026-09-18T11:15:14.000Z,V3640186,5904,44.55192,7.86830,21406.3,6.2,5.6,342.6,-57.5,1.4,-1.0,RS41-SG,403.700,12.6,250,10,2.7,,
2026-09-18T11:15:15.000Z,V3640186,5905,44.55197,7.86828,21412.2,6.0,5.5,338.3,-57.4,1.4,-1.0,RS41-SG,403.700,10.9,250,10,2.7,,
2026-09-18T11:15:16.000Z,V3640186,5906,44.55201,7.86825,21417.1,3.7,5.0,332.6,-57.4,1.4,-1.0,RS41-SG,403.700,11.6,250,10,2.6,,
2026-09-18T11:15:17.000Z,V3640186,5907,44.55205,7.86822,21421.2,4.3,5.0,326.7,-57.5,1.5,-1.0,RS41-SG,403.700,11.6,250,10,2.6,,
2026-09-18T11:15:18.000Z,V3640186,5908,44.55209,7.86819,21425.6,4.6,5.1,328.8,-57.5,1.5,-1.0,RS41-SG,403.700,10.1,250,10,2.7,,
2026-09-18T11:15:19.000Z,V3640186,5909,44.55213,7.86816,21430.6,5.1,5.2,332.2,-57.5,1.5,-1.0,RS41-SG,403.700,10.0,250,10,2.7,,
2026-09-18T11:15:20.000Z,V3640186,5910,44.55216,7.86813,21436.1,5.8,4.4,334.4,-57.4,1.5,-1.0,RS41-SG,403.700,10.0,250,10,2.6,,
2026-09-18T11:15:21.000Z,V3640186,5911,44.55220,7.86811,21441.2,4.6,3.5,334.6,-57.3,1.5,-1.0,RS41-SG,403.700,10.6,250,10,2.6,,
2026-09-18T11:15:22.000Z,V3640186,5912,44.55222,7.86810,21445.4,3.6,2.8,341.1,-57.2,1.4,-1.0,RS41-SG,403.700,10.8,250,9,2.6,,
2026-09-18T11:15:23.000Z,V3640186,5913,44.55225,7.86809,21449.7,4.7,2.8,353.0,-57.2,1.5,-1.0,RS41-SG,403.700,10.8,250,9,2.7,,
2026-09-18T11:15:24.000Z,V3640186,5914,44.55227,7.86809,21454.5,5.2,3.4,359.9,-57.2,1.4,-1.0,RS41-SG,403.700,11.1,250,9,2.7,,
2026-09-18T11:15:25.000Z,V3640186,5915,44.55231,7.86808,21460.0,5.3,4.0,357.0,-57.3,1.4,-1.0,RS41-SG,403.700,11.2,250,9,2.7,,
2026-09-18T11:15:26.000Z,V3640186,5916,44.55234,7.86808,21465.8,6.0,4.1,342.8,-57.3,1.4,-1.0,RS41-SG,403.700,11.2,250,9,2.6,,
2026-09-18T11:15:27.000Z,V3640186,5917,44.55238,7.86805,21470.9,3.8,4.4,329.7,-57.2,1.4,-1.0,RS41-SG,403.700,11.4,250,9,2.6,,
2026-09-18T11:15:28.000Z,V3640186,5918,44.55241,7.86802,21475.0,4.0,5.0,318.8,-57.1,1.4,-1.0,RS41-SG,403.700,11.4,250,9,2.6,,
2026-09-18T11:15:29.000Z,V3640186,5919,44.55245,7.86797,21479.5,4.9,5.9,317.4,-56.9,1.4,-1.0,RS41-SG,403.700,12.5,250,9,2.7,,
2026-09-18T11:15:30.000Z,V3640186,5920,44.55249,7.86792,21484.3,4.9,6.5,319.7,-56.8,1.4,-1.0,RS41-SG,403.700,12.5,250,9,2.7,,
2026-09-18T11:15:31.000Z,V3640186,5921,44.55253,7.86787,21489.1,5.1,6.3,319.2,-56.7,1.3,-1.0,RS41-SG,403.700,12.4,250,9,2.6,,
2026-09-18T11:15:32.000Z,V3640186,5922,44.55257,7.86782,21494.6,5.6,5.3,314.7,-56.7,1.4,-1.0,RS41-SG,403.700,12.3,250,9,2.6,,
2026-09-18T11:15:33.000Z,V3640186,5923,44.55260,7.86778,21499.5,4.0,4.3,307.8,-56.6,1.4,-1.0,RS41-SG,403.700,12.0,250,9,2.7,,
2026-09-18T11:15:34.000Z,V3640186,5924,44.55262,7.86774,21503.8,4.4,3.3,307.8,-56.6,1.4,-1.0,RS41-SG,403.700,10.6,250,9,2.7,,
2026-09-18T11:15:35.000Z,V3640186,5925,44.55264,7.86771,21508.7,5.3,2.6,319.8,-56.5,1.4,-1.0,RS41-SG,403.700,10.6,250,9,2.6,,
2026-09-18T11:15:36.000Z,V3640186,5926,44.55265,7.86769,21513.7,4.7,2.2,331.6,-56.4,1.3,-1.0,RS41-SG,403.700,11.0,250,9,2.6,,
2026-09-18T11:15:37.000Z,V3640186,5927,44.55267,7.86768,21519.0,6.0,1.7,329.4,-56.4,1.3,-1.0,RS41-SG,403.700,11.0,250,9,2.6,,
2026-09-18T11:15:38.000Z,V3640186,5928,44.55268,7.86767,21524.4,4.9,1.4,308.5,-56.3,1.3,-1.0,RS41-SG,403.700,10.9,250,9,2.7,,
2026-09-18T11:15:39.000Z,V3640186,5929,44.55269,7.86765,21528.7,3.6,1.7,301.5,-56.3,1.3,-1.0,RS41-SG,403.700,11.6,250,8,2.7,,
2026-09-18T11:15:40.000Z,V3640186,5930,44.55270,7.86764,21533.1,5.4,2.1,308.9,-56.4,1.3,-1.0,RS41-SG,403.700,11.6,250,8,2.7,,
2026-09-18T11:15:41.000Z,V3640186,5931,44.55271,7.86762,21538.2,4.5,2.7,324.2,-56.4,1.3,-1.0,RS41-SG,403.700,11.1,250,9,2.6,,
2026-09-18T11:15:42.000Z,V3640186,5932,44.55274,7.86760,21543.5,5.5,3.1,329.1,-56.5,1.3,-1.0,RS41-SG,403.700,11.2,250,9,2.6,,
2026-09-18T11:15:43.000Z,V3640186,5933,44.55276,7.86757,21549.5,6.3,2.8,320.6,-56.5,1.3,-1.0,RS41-SG,403.700,11.2,250,9,2.6,,
2026-09-18T11:15:44.000Z,V3640186,5934,44.55277,7.86755,21554.5,3.8,2.4,309.9,-56.4,1.3,-1.0,RS41-SG,403.700,10.9,250,9,2.7,,
2026-09-18T11:15:45.000Z,V3640186,5935,44.55279,7.86753,21558.7,4.7,2.1,310.1,-56.4,1.3,-1.0,RS41-SG,403.700,10.0,250,9,2.7,,
2026-09-18T11:15:46.000Z,V3640186,5936,44.55280,7.86751,21563.5,5.0,1.6,328.3,-56.4,1.3,-1.0,RS41-SG,403.700,11.0,250,9,2.7,,
2026-09-18T11:15:47.000Z,V3640186,5937,44.55281,7.86751,21568.6,4.5,1.5,354.7,-56.3,1.3,-1.0,RS41-SG,403.700,11.0,250,9,2.6,,
2026-09-18T11:15:48.000Z,V3640186,5938,44.55282,7.86751,21574.2,6.5,0.8,24.3,-56.3,1.4,-1.0,RS41-SG,403.700,10.1,250,9,2.6,,
2026-09-18T11:15:49.000Z,V3640186,5939,44.55282,7.86751,21579.9,5.0,0.3,91.0,-56.3,1.4,-1.0,RS41-SG,403.700,9.9,250,9,2.6,,
2026-09-18T11:15:50.000Z,V3640186,5940,44.55282,7.86751,21584.5,4.1,0.4,161.3,-56.2,1.4,-1.0,RS41-SG,403.700,9.9,250,9,2.7,,
2026-09-18T11:15:51.000Z,V3640186,5941,44.55282,7.86752,21589.5,6.0,0.4,148.4,-56.3,1.4,-1.0,RS41-SG,403.700,9.7,250,9,2.7,,
2026-09-18T11:15:52.000Z,V3640186,5942,44.55282,7.86752,21594.4,3.9,0.6,52.0,-56.3,1.3,-1.0,RS41-SG,403.700,9.9,250,9,2.6,,
2026-09-18T11:15:53.000Z,V3640186,5943,44.55282,7.86752,21599.2,6.1,0.6,345.4,-56.4,1.4,-1.0,RS41-SG,403.700,10.8,250,9,2.6,,
2026-09-18T11:15:54.000Z,V3640186,5944,44.55283,7.86752,21605.4,6.0,1.0,284.5,-56.5,1.4,-1.0,RS41-SG,403.700,11.1,250,9,2.7,,
2026-09-18T11:15:55.000Z,V3640186,5945,44.55283,7.86750,21610.5,4.1,1.6,264.8,-56.4,1.3,-1.0,RS41-SG,403.700,11.1,250,9,2.7,,
2026-09-18T11:15:56.000Z,V3640186,5946,44.55283,7.86748,21615.0,4.8,1.8,263.4,-56.4,1.3,-1.0,RS41-SG,403.700,11.1,250,9,2.6,,
2026-09-18T11:15:57.000Z,V3640186,5947,44.55283,7.86746,21620.1,5.6,1.3,279.0,-56.5,1.3,-1.0,RS41-SG,403.700,10.7,250,9,2.6,,
2026-09-18T11:15:58.000Z,V3640186,5948,44.55283,7.86745,21625.2,4.5,0.7,317.5,-56.5,1.3,-1.0,RS41-SG,403.700,10.5,250,9,2.6,,
2026-09-18T11:15:59.000Z,V3640186,5949,44.55283,7.86745,21630.5,6.2,0.4,68.5,-56.5,1.4,-1.0,RS41-SG,403.700,10.3,250,9,2.7,,
2026-09-18T11:16:00.000Z,V3640186,5950,44.55283,7.86745,21636.1,5.2,1.0,121.4,-56.5,1.4,-1.0,RS41-SG,403.700,11.3,250,9,2.7,,
2026-09-18T11:16:01.000Z,V3640186,5951,44.55282,7.86747,21640.7,3.7,1.5,130.8,-56.5,1.4,-1.0,RS41-SG,403.700,11.3,250,9,2.7,,
2026-09-18T11:16:02.000Z,V3640186,5952,44.55282,7.86749,21645.5,5.4,2.3,111.3,-56.4,1.4,-1.0,RS41-SG,403.700,10.5,250,8,2.6,,
2026-09-18T11:16:03.000Z,V3640186,5953,44.55281,7.86752,21650.5,4.5,3.1,96.2,-56.4,1.4,-1.0,RS41-SG,403.700,10.0,250,9,2.6,,
2026-09-18T11:16:04.000Z,V3640186,5954,44.55281,7.86756,21655.4,5.1,3.6,93.7,-56.4,1.4,-1.0,RS41-SG,403.700,11.6,250,8,2.6,,
2026-09-18T11:16:05.000Z,V3640186,5955,44.55281,7.86760,21660.8,6.1,3.2,95.6,-56.4,1.4,-1.0,RS41-SG,403.700,11.6,250,9,2.7,,
2026-09-18T11:16:06.000Z,V3640186,5956,44.55280,7.86764,21666.0,4.7,2.7,108.7,-56.4,1.4,-1.0,RS41-SG,403.700,10.2,250,9,2.7,,
2026-09-18T11:16:07.000Z,V3640186,5957,44.55279,7.86767,21670.6,4.3,2.2,114.1,-56.4,1.4,-1.0,RS41-SG,403.700,9.0,250,9,2.7,,
2026-09-18T11:16:08.000Z,V3640186,5958,44.55279,7.86769,21675.5,5.2,1.9,95.5,-56.4,1.4,-1.0,RS41-SG,403.700,9.6,250,9,2.6,,
2026-09-18T11:16:09.000Z,V3640186,5959,44.55279,7.86771,21680.4,4.5,1.9,75.0,-56.3,1.4,-1.0,RS41-SG,403.700,10.5,250,9,2.6,,
2026-09-18T11:16:10.000Z,V3640186,5960,44.55279,7.86774,21685.8,6.1,2.0,75.7,-56.4,1.3,-1.0,RS41-SG,403.700,10.5,250,9,2.6,,
2026-09-18T11:16:11.000Z,V3640186,5961,44.55279,7.86776,21691.8,6.2,1.9,93.4,-56.5,1.4,-1.0,RS41-SG,403.700,9.3,250,9,2.7,,
2026-09-18T11:16:12.000Z,V3640186,5962,44.55279,7.86779,21696.9,4.2,2.0,110.2,-56.5,1.4,-1.0,RS41-SG,403.700,9.1,250,9,2.7,,
2026-09-18T11:16:13.000Z,V3640186,5963,44.55278,7.86781,21701.9,5.5,2.8,113.3,-56.4,1.3,-1.0,RS41-SG,403.700,10.5,250,9,2.6,,
2026-09-18T11:16:14.000Z,V3640186,5964,44.55277,7.86785,21707.2,4.7,3.6,102.4,-56.4,1.4,-1.0,RS41-SG,403.700,11.8,250,9,2.6,,
2026-09-18T11:16:15.000Z,V3640186,5965,44.55276,7.86790,21712.1,5.2,4.5,103.8,-56.5,1.4,-1.0,RS41-SG,403.700,11.8,250,9,2.7,,
2026-09-18T11:16:16.000Z,V3640186,5966,44.55275,7.86796,21718.3,6.8,5.0,110.7,-56.6,1.3,-1.0,RS41-SG,403.700,10.7,250,9,2.7,,
2026-09-18T11:16:17.000Z,V3640186,5967,44.55273,7.86801,21723.7,4.7,4.9,117.5,-56.6,1.3,-1.0,RS41-SG,403.700,10.4,250,9,2.6,,
2026-09-18T11:16:18.000Z,V3640186,5968,44.55271,7.86807,21728.1,3.7,4.7,121.6,-56.5,1.3,-1.0,RS41-SG,403.700,9.8,250,8,2.6,,
2026-09-18T11:16:19.000Z,V3640186,5969,44.55269,7.86812,21732.8,5.6,4.4,113.2,-56.5,1.4,-1.0,RS41-SG,403.700,9.9,250,8,2.6,,
2026-09-18T11:16:20.000Z,V3640186,5970,44.55268,7.86817,21738.2,5.3,4.3,99.1,-56.5,1.4,-1.0,RS41-SG,403.700,10.6,250,9,2.7,,
2026-09-18T11:16:21.000Z,V3640186,5971,44.55268,7.86822,21743.6,5.8,4.0,93.4,-56.7,1.4,-1.0,RS41-SG,403.700,10.6,250,9,2.7,,
2026-09-18T11:16:22.000Z,V3640186,5972,44.55268,7.86827,21749.5,6.1,3.6,96.2,-56.7,1.4,-1.0,RS41-SG,403.700,10.6,250,9,2.7,,
2026-09-18T11:16:23.000Z,V3640186,5973,44.55267,7.86831,21754.9,4.4,3.3,103.9,-56.7,1.4,-1.0,RS41-SG,403.700,9.9,250,9,2.6,,
2026-09-18T11:16:24.000Z,V3640186,5974,44.55266,7.86835,21759.9,5.1,3.4,105.9,-56.6,1.4,-1.0,RS41-SG,403.700,9.9,250,9,2.6,,
2026-09-18T11:16:25.000Z,V3640186,5975,44.55265,7.86839,21765.0,5.4,4.0,102.3,-56.7,1.4,-1.0,RS41-SG,403.700,10.5,250,9,2.6,,
2026-09-18T11:16:26.000Z,V3640186,5976,44.55265,7.86845,21770.1,4.9,4.8,102.6,-56.7,1.4,-1.0,RS41-SG,403.700,10.5,250,9,2.7,,
2026-09-18T11:16:27.000Z,V3640186,5977,44.55263,7.86851,21775.6,6.4,5.3,110.9,-56.7,1.4,-1.0,RS41-SG,403.700,10.3,250,9,2.7,,
2026-09-18T11:16:28.000Z,V3640186,5978,44.55261,7.86857,21781.3,5.0,5.3,119.8,-56.7,1.4,-1.0,RS41-SG,403.700,10.3,250,9,2.7,,
2026-09-18T11:16:29.000Z,V3640186,5979,44.55259,7.86862,21785.8,3.8,5.1,124.7,-56.8,1.4,-1.0,RS41-SG,403.700,11.5,250,9,2.6,,
2026-09-18T11:16:30.000Z,V3640186,5980,44.55256,7.86868,21790.9,5.9,5.1,125.4,-56.8,1.4,-1.0,RS41-SG,403.700,11.5,250,9,2.6,,
2026-09-18T11:16:31.000Z,V3640186,5981,44.55254,7.86873,21796.4,5.1,4.9,118.3,-56.8,1.4,-1.0,RS41-SG,403.700,9.9,250,9,2.6,,
2026-09-18T11:16:32.000Z,V3640186,5982,44.55252,7.86878,21801.9,6.0,4.6,114.4,-56.8,1.4,-1.0,RS41-SG,403.700,10.8,250,9,2.7,,
2026-09-18T11:16:33.000Z,V3640186,5983,44.55250,7.86883,21808.4,6.7,4.0,123.4,-56.9,1.4,-1.0,RS41-SG,403.700,10.8,250,9,2.7,,
2026-09-18T11:16:34.000Z,V3640186,5984,44.55248,7.86887,21814.0,4.5,3.8,136.3,-56.8,1.4,-1.0,RS41-SG,403.700,10.5,250,8,2.6,,
2026-09-18T11:16:35.000Z,V3640186,5985,44.55245,7.86890,21818.5,4.2,4.2,142.6,-56.8,1.4,-1.0,RS41-SG,403.700,10.1,250,9,2.6,,
2026-09-18T11:16:36.000Z,V3640186,5986,44.55242,7.86893,21823.5,5.5,4.8,139.6,-56.8,1.4,-1.0,RS41-SG,403.700,10.1,250,9,2.7,,
2026-09-18T11:16:37.000Z,V3640186,5987,44.55239,7.86898,21828.6,4.9,5.1,134.3,-56.8,1.4,-1.0,RS41-SG,403.700,9.6,250,9,2.7,,
2026-09-18T11:16:38.000Z,V3640186,5988,44.55236,7.86902,21834.2,6.2,4.8,136.6,-56.8,1.4,-1.0,RS41-SG,403.700,9.5,250,9,2.6,,
2026-09-18T11:16:39.000Z,V3640186,5989,44.55232,7.86906,21840.5,6.0,4.7,142.2,-56.8,1.4,-1.0,RS41-SG,403.700,10.6,250,9,2.6,,
2026-09-18T11:16:40.000Z,V3640186,5990,44.55229,7.86909,21845.8,4.2,4.2,149.7,-56.8,1.4,-1.0,RS41-SG,403.700,10.6,250,9,2.6,,
2026-09-18T11:16:41.000Z,V3640186,5991,44.55226,7.86911,21850.7,5.5,3.5,153.0,-56.8,1.4,-1.0,RS41-SG,403.700,11.3,250,9,2.7,,
2026-09-18T11:16:42.000Z,V3640186,5992,44.55224,7.86913,21855.8,4.7,2.6,143.7,-56.8,1.4,-1.0,RS41-SG,403.700,11.3,250,9,2.7,,
2026-09-18T11:16:43.000Z,V3640186,5993,44.55222,7.86915,21861.0,5.6,1.8,137.9,-56.8,1.4,-1.0,RS41-SG,403.700,11.1,250,9,2.7,,
2026-09-18T11:16:44.000Z,V3640186,5994,44.55221,7.86916,21867.2,6.5,1.5,163.9,-56.7,1.3,-1.0,RS41-SG,403.700,10.7,250,8,2.6,,
2026-09-18T11:16:45.000Z,V3640186,5995,44.55219,7.86916,21873.0,4.6,1.9,188.1,-56.6,1.3,-1.0,RS41-SG,403.700,11.2,250,8,2.6,,
2026-09-18T11:16:46.000Z,V3640186,5996,44.55218,7.86916,21877.9,4.9,2.0,188.9,-56.7,1.4,-1.0,RS41-SG,403.700,11.2,250,9,2.6,,
2026-09-18T11:16:47.000Z,V3640186,5997,44.55216,7.86916,21883.1,5.9,2.3,177.2,-56.6,1.4,-1.0,RS41-SG,403.700,10.3,250,8,2.7,,
2026-09-18T11:16:48.000Z,V3640186,5998,44.55214,7.86916,21888.7,5.4,2.3,162.5,-56.6,1.4,-1.0,RS41-SG,403.700,10.4,250,9,2.7,,
2026-09-18T11:16:49.000Z,V3640186,5999,44.55211,7.86917,21894.3,5.8,3.4,157.7,-56.6,1.3,-1.0,RS41-SG,403.700,11.5,250,9,2.7,,
2026-09-18T11:16:50.000Z,V3640186,6000,44.55208,7.86919,21900.5,5.9,4.4,162.0,-56.6,1.4,-1.0,RS41-SG,403.700,11.5,250,9,2.6,,
2026-09-18T11:16:51.000Z,V3640186,6001,44.55204,7.86921,21905.9,4.5,5.0,165.4,-56.6,1.4,-1.0,RS41-SG,403.700,10.4,250,9,2.6,,
2026-09-18T11:16:52.000Z,V3640186,6002,44.55200,7.86922,21911.1,5.8,4.8,164.9,-56.5,1.3,-1.0,RS41-SG,403.700,12.0,250,8,2.6,,
2026-09-18T11:16:53.000Z,V3640186,6003,44.55196,7.86924,21916.8,5.5,4.1,160.1,-56.6,1.4,-1.0,RS41-SG,403.700,12.0,250,9,2.7,,
2026-09-18T11:16:54.000Z,V3640186,6004,44.55193,7.86926,21922.1,5.2,3.3,159.5,-56.5,1.3,-1.0,RS41-SG,403.700,10.1,250,9,2.7,,
2026-09-18T11:16:55.000Z,V3640186,6005,44.55190,7.86926,21927.6,6.1,2.6,175.4,-56.5,1.3,-1.0,RS41-SG,403.700,9.9,250,9,2.6,,
2026-09-18T11:16:56.000Z,V3640186,6006,44.55188,7.86926,21933.2,5.1,2.5,200.2,-56.5,1.3,-1.0,RS41-SG,403.700,11.0,250,9,2.6,,
2026-09-18T11:16:57.000Z,V3640186,6007,44.55186,7.86924,21938.0,4.6,2.6,219.7,-56.5,1.3,-1.0,RS41-SG,403.700,11.0,250,9,2.7,,
2026-09-18T11:16:58.000Z,V3640186,6008,44.55185,7.86922,21943.4,5.9,2.4,242.4,-56.5,1.3,-1.0,RS41-SG,403.700,11.6,250,9,2.7,,
2026-09-18T11:16:59.000Z,V3640186,6009,44.55184,7.86919,21948.9,5.2,2.2,263.9,-56.5,1.3,-1.0,RS41-SG,403.700,12.4,250,9,2.6,,
2026-09-18T11:17:00.000Z,V3640186,6010,44.55184,7.86916,21954.1,5.2,2.5,273.6,-56.6,1.3,-1.0,RS41-SG,403.700,12.4,250,9,2.6,,
2026-09-18T11:17:01.000Z,V3640186,6011,44.55184,7.86913,21960.0,6.6,2.7,270.7,-56.5,1.3,-1.0,RS41-SG,403.700,10.8,250,9,2.6,,
2026-09-18T11:17:02.000Z,V3640186,6012,44.55184,7.86910,21965.8,5.0,2.7,255.3,-56.5,1.4,-1.0,RS41-SG,403.700,10.2,250,9,2.7,,
2026-09-18T11:17:03.000Z,V3640186,6013,44.55183,7.86907,21970.8,4.9,2.4,238.1,-56.5,1.3,-1.0,RS41-SG,403.700,10.6,250,9,2.7,,
2026-09-18T11:17:05.000Z,V3640186,6015,44.55181,7.86905,21981.6,5.4,1.7,159.7,-56.6,1.4,-1.0,RS41-SG,403.700,9.0,250,9,2.6,,
2026-09-18T11:17:06.000Z,V3640186,6016,44.55179,7.86906,21987.2,5.0,2.4,144.3,-56.6,1.4,-1.0,RS41-SG,403.700,10.6,250,8,2.6,,
2026-09-18T11:17:07.000Z,V3640186,6017,44.55177,7.86908,21992.9,6.3,3.1,146.8,-56.5,1.4,-1.0,RS41-SG,403.700,11.9,250,8,2.6,,
2026-09-18T11:17:08.000Z,V3640186,6018,44.55174,7.86910,21998.3,4.7,3.5,159.1,-56.5,1.4,-1.0,RS41-SG,403.700,11.9,250,9,2.7,,
2026-09-18T11:17:09.000Z,V3640186,6019,44.55171,7.86911,22002.9,4.7,3.3,170.5,-56.6,1.4,-1.0,RS41-SG,403.700,11.8,250,9,2.7,,
2026-09-18T11:17:10.000Z,V3640186,6020,44.55169,7.86911,22008.3,6.0,2.7,189.5,-56.6,1.4,-1.0,RS41-SG,403.700,12.0,250,9,2.6,,
2026-09-18T11:17:11.000Z,V3640186,6021,44.55167,7.86910,22014.0,5.0,2.3,216.4,-56.5,1.3,-1.0,RS41-SG,403.700,12.0,250,9,2.6,,
2026-09-18T11:17:12.000Z,V3640186,6022,44.55166,7.86907,22019.4,5.8,3.0,253.3,-56.4,1.4,-1.0,RS41-SG,403.700,10.9,250,9,2.7,,
2026-09-18T11:17:13.000Z,V3640186,6023,44.55165,7.86903,22025.5,6.2,4.6,265.2,-56.4,1.3,-1.0,RS41-SG,403.700,11.8,250,9,2.7,,
2026-09-18T11:17:14.000Z,V3640186,6024,44.55165,7.86897,22031.1,4.6,5.3,265.6,-56.5,1.3,-1.0,RS41-SG,403.700,12.0,250,9,2.6,,
2026-09-18T11:17:15.000Z,V3640186,6025,44.55164,7.86890,22036.0,5.2,5.2,263.6,-56.4,1.3,-1.0,RS41-SG,403.700,12.3,250,9,2.6,,
2026-09-18T11:17:16.000Z,V3640186,6026,44.55164,7.86884,22041.5,6.2,3.9,266.7,-56.3,1.3,-1.0,RS41-SG,403.700,12.3,250,9,2.6,,
2026-09-18T11:17:17.000Z,V3640186,6027,44.55164,7.86880,22047.1,5.3,2.4,272.4,-56.2,1.3,-1.0,RS41-SG,403.700,9.6,250,9,2.7,,
2026-09-18T11:17:18.000Z,V3640186,6028,44.55164,7.86879,22052.6,5.7,0.7,220.2,-56.2,1.3,-1.0,RS41-SG,403.700,10.7,250,9,2.7,,
2026-09-18T11:17:19.000Z,V3640186,6029,44.55163,7.86879,22058.5,5.9,2.1,145.7,-56.2,1.3,-1.0,RS41-SG,403.700,10.7,250,9,2.7,,
2026-09-18T11:17:20.000Z,V3640186,6030,44.55161,7.86881,22063.6,4.1,3.3,144.3,-56.1,1.3,-1.0,RS41-SG,403.700,10.7,250,9,2.6,,
2026-09-18T11:17:21.000Z,V3640186,6031,44.55158,7.86884,22068.3,4.6,3.7,139.5,-56.1,1.3,-1.0,RS41-SG,403.700,10.4,250,9,2.6,,
2026-09-18T11:17:22.000Z,V3640186,6032,44.55156,7.86886,22073.8,6.0,2.8,131.9,-56.3,1.3,-1.0,RS41-SG,403.700,10.4,250,9,2.6,,
2026-09-18T11:17:23.000Z,V3640186,6033,44.55155,7.86889,22079.8,5.9,1.5,112.6,-56.4,1.3,-1.0,RS41-SG,403.700,10.3,250,9,2.7,,
2026-09-18T11:17:24.000Z,V3640186,6034,44.55155,7.86889,22086.0,6.5,0.7,327.5,-56.4,1.3,-1.0,RS41-SG,403.700,11.8,250,9,2.7,,
2026-09-18T11:17:25.000Z,V3640186,6035,44.55156,7.86887,22092.3,6.3,2.7,292.0,-56.3,1.3,-1.0,RS41-SG,403.700,11.8,250,9,2.7,,
2026-09-18T11:17:26.000Z,V3640186,6036,44.55157,7.86883,22097.6,3.9,3.9,287.5,-56.2,1.3,-1.0,RS41-SG,403.700,11.4,250,9,2.6,,
2026-09-18T11:17:27.000Z,V3640186,6037,44.55158,7.86878,22102.1,4.6,5.4,291.1,-56.1,1.3,-1.0,RS41-SG,403.700,10.1,250,9,2.6,,
2026-09-18T11:17:28.000Z,V3640186,6038,44.55160,7.86872,22107.2,5.6,6.0,298.9,-56.2,1.3,-1.0,RS41-SG,403.700,10.9,250,9,2.6,,
2026-09-18T11:17:29.000Z,V3640186,6039,44.55163,7.86865,22112.4,5.0,5.6,304.7,-56.3,1.3,-1.0,RS41-SG,403.700,11.4,250,9,2.7,,
2026-09-18T11:17:30.000Z,V3640186,6040,44.55166,7.86860,22118.0,6.1,4.6,304.7,-56.3,1.3,-1.0,RS41-SG,403.700,11.4,250,9,2.7,,
2026-09-18T11:17:31.000Z,V3640186,6041,44.55168,7.86856,22123.8,5.8,3.4,297.7,-56.2,1.3,-1.0,RS41-SG,403.700,10.2,250,9,2.6,,
2026-09-18T11:17:32.000Z,V3640186,6042,44.55169,7.86853,22128.8,4.0,2.3,285.2,-56.1,1.4,-1.0,RS41-SG,403.700,9.2,250,9,2.6,,
2026-09-18T11:17:33.000Z,V3640186,6043,44.55169,7.86851,22133.6,5.6,0.8,287.5,-56.1,1.3,-1.0,RS41-SG,403.700,9.8,250,9,2.7,,
2026-09-18T11:17:34.000Z,V3640186,6044,44.55169,7.86850,22138.9,5.0,0.7,40.3,-56.2,1.4,-1.0,RS41-SG,403.700,9.8,250,9,2.7,,
2026-09-18T11:17:35.000Z,V3640186,6045,44.55170,7.86851,22144.2,5.3,1.3,56.4,-56.2,1.4,-1.0,RS41-SG,403.700,10.3,250,9,2.6,,
2026-09-18T11:17:36.000Z,V3640186,6046,44.55170,7.86852,22150.2,6.9,0.9,44.7,-56.2,1.3,-1.0,RS41-SG,403.700,11.6,250,8,2.6,,
2026-09-18T11:17:37.000Z,V3640186,6047,44.55171,7.86853,22156.3,5.3,0.5,353.9,-56.2,1.3,-1.0,RS41-SG,403.700,11.6,250,9,2.6,,
2026-09-18T11:17:38.000Z,V3640186,6048,44.55171,7.86852,22161.2,4.7,1.1,306.8,-56.1,1.3,-1.0,RS41-SG,403.700,11.1,250,8,2.7,,
2026-09-18T11:17:39.000Z,V3640186,6049,44.55172,7.86851,22166.7,6.3,1.9,313.9,-56.1,1.3,-1.0,RS41-SG,403.700,11.1,250,8,2.7,,
2026-09-18T11:17:40.000Z,V3640186,6050,44.55174,7.86849,22172.4,4.8,2.3,322.6,-56.1,1.3,-1.0,RS41-SG,403.700,11.1,250,9,2.7,,
2026-09-18T11:17:41.000Z,V3640186,6051,44.55176,7.86847,22178.1,6.6,2.8,318.3,-56.1,1.3,-1.0,RS41-SG,403.700,9.9,250,9,2.6,,
2026-09-18T11:17:42.000Z,V3640186,6052,44.55177,7.86844,22184.9,6.8,2.9,301.7,-56.2,1.3,-1.0,RS41-SG,403.700,9.6,250,9,2.6,,
2026-09-18T11:17:43.000Z,V3640186,6053,44.55178,7.86841,22190.7,4.6,2.8,283.6,-56.2,1.3,-1.0,RS41-SG,403.700,8.9,250,9,2.6,,
2026-09-18T11:17:44.000Z,V3640186,6054,44.55178,7.86838,22195.6,5.2,2.4,272.3,-56.2,1.3,-1.0,RS41-SG,403.700,9.2,250,9,2.7,,
2026-09-18T11:17:45.000Z,V3640186,6055,44.55178,7.86836,22201.1,6.2,1.0,269.5,-56.1,1.3,-1.0,RS41-SG,403.700,10.5,250,8,2.7,,
2026-09-18T11:17:46.000Z,V3640186,6056,44.55178,7.86835,22206.7,5.0,0.4,98.7,-56.1,1.3,-1.0,RS41-SG,403.700,10.7,250,9,2.7,,
2026-09-18T11:17:47.000Z,V3640186,6057,44.55178,7.86836,22212.4,6.1,1.3,104.8,-56.1,1.3,-1.0,RS41-SG,403.700,10.7,250,8,2.6,,
2026-09-18T11:17:48.000Z,V3640186,6058,44.55177,7.86838,22218.5,5.7,2.0,129.0,-56.1,1.3,-1.0,RS41-SG,403.700,10.7,250,8,2.6,,
2026-09-18T11:17:49.000Z,V3640186,6059,44.55176,7.86840,22223.9,4.7,2.3,139.9,-56.1,1.4,-1.0,RS41-SG,403.700,11.0,250,9,2.6,,
2026-09-18T11:17:50.000Z,V3640186,6060,44.55175,7.86842,22228.9,6.1,2.1,139.6,-56.1,1.4,-1.0,RS41-SG,403.700,11.0,250,9,2.7,,
2026-09-18T11:17:51.000Z,V3640186,6061,44.55173,7.86843,22234.9,6.0,1.4,130.8,-56.1,1.4,-1.0,RS41-SG,403.700,10.9,250,8,2.7,,
2026-09-18T11:17:52.000Z,V3640186,6062,44.55173,7.86844,22241.1,6.3,0.3,200.4,-56.2,1.3,-1.0,RS41-SG,403.700,10.6,250,8,2.6,,
2026-09-18T11:17:53.000Z,V3640186,6063,44.55173,7.86842,22247.6,6.7,2.2,268.0,-56.2,1.4,-1.0,RS41-SG,403.700,10.7,250,8,2.6,,
2026-09-18T11:17:54.000Z,V3640186,6064,44.55173,7.86839,22253.2,4.7,3.5,265.9,-56.1,1.4,-1.0,RS41-SG,403.700,10.7,250,8,2.7,,
2026-09-18T11:17:55.000Z,V3640186,6065,44.55172,7.86834,22258.1,4.8,4.4,266.9,-56.1,1.3,-1.0,RS41-SG,403.700,9.5,250,8,2.7,,
2026-09-18T11:17:56.000Z,V3640186,6066,44.55172,7.86828,22263.4,6.0,4.5,274.5,-56.2,1.3,-1.0,RS41-SG,403.700,9.6,250,8,2.6,,
2026-09-18T11:17:57.000Z,V3640186,6067,44.55173,7.86823,22268.9,4.7,4.2,278.8,-56.2,1.3,-1.0,RS41-SG,403.700,9.6,250,8,2.6,,
2026-09-18T11:17:58.000Z,V3640186,6068,44.55173,7.86818,22273.9,5.1,3.8,277.7,-56.2,1.3,-1.0,RS41-SG,403.700,10.3,250,8,2.6,,
2026-09-18T11:17:59.000Z,V3640186,6069,44.55174,7.86813,22279.3,5.8,3.4,265.7,-56.1,1.3,-1.0,RS41-SG,403.700,10.8,250,9,2.7,,
2026-09-18T11:18:00.000Z,V3640186,6070,44.55173,7.86809,22284.5,4.7,3.3,251.0,-56.2,1.3,-1.0,RS41-SG,403.700,10.8,250,9,2.7,,
2026-09-18T11:18:01.000Z,V3640186,6071,44.55172,7.86806,22289.6,5.2,3.1,243.3,-56.2,1.3,-1.0,RS41-SG,403.700,11.2,250,9,2.7,,
2026-09-18T11:18:02.000Z,V3640186,6072,44.55171,7.86803,22295.2,6.6,2.1,243.6,-56.3,1.3,-1.0,RS41-SG,403.700,11.2,250,9,2.6,,
2026-09-18T11:18:03.000Z,V3640186,6073,44.55170,7.86801,22301.0,4.7,1.2,242.7,-56.3,1.3,-1.0,RS41-SG,403.700,10.9,250,9,2.6,,
2026-09-18T11:18:04.000Z,V3640186,6074,44.55170,7.86800,22305.7,4.5,0.8,238.4,-56.2,1.3,-1.0,RS41-SG,403.700,10.9,250,9,2.6,,
2026-09-18T11:18:05.000Z,V3640186,6075,44.55169,7.86799,22311.0,6.1,1.2,244.7,-56.2,1.4,-1.0,RS41-SG,403.700,10.7,250,9,2.7,,
2026-09-18T11:18:06.000Z,V3640186,6076,44.55169,7.86797,22316.5,5.2,2.0,240.7,-56.2,1.4,-1.0,RS41-SG,403.700,10.0,250,9,2.7,,
2026-09-18T11:18:07.000Z,V3640186,6077,44.55167,7.86795,22321.8,5.3,2.4,237.7,-56.2,1.4,-1.0,RS41-SG,403.700,10.0,250,9,2.7,,
2026-09-18T11:18:08.000Z,V3640186,6078,44.55166,7.86792,22327.7,6.4,2.3,243.3,-56.2,1.4,-1.0,RS41-SG,403.700,10.1,250,9,2.6,,
2026-09-18T11:18:09.000Z,V3640186,6079,44.55166,7.86790,22333.6,4.8,1.8,249.9,-56.3,1.4,-1.0,RS41-SG,403.700,10.4,250,9,2.6,,
2026-09-18T11:18:10.000Z,V3640186,6080,44.55165,7.86787,22338.6,5.0,2.0,261.0,-56.3,1.3,-1.0,RS41-SG,403.700,10.9,250,9,2.6,,
2026-09-18T11:18:11.000Z,V3640186,6081,44.55165,7.86784,22344.0,6.1,2.7,265.5,-56.3,1.4,-1.0,RS41-SG,403.700,10.9,250,9,2.7,,
2026-09-18T11:18:12.000Z,V3640186,6082,44.55165,7.86781,22349.4,4.7,3.2,261.3,-56.3,1.3,-1.0,RS41-SG,403.700,9.8,250,9,2.7,,
2026-09-18T11:18:13.000Z,V3640186,6083,44.55164,7.86777,22354.9,6.3,3.2,262.7,-56.3,1.3,-1.0,RS41-SG,403.700,9.3,250,9,2.6,,
2026-09-18T11:18:14.000Z,V3640186,6084,44.55164,7.86773,22361.1,6.0,2.5,267.8,-56.4,1.3,-1.0,RS41-SG,403.700,9.0,250,9,2.6,,
2026-09-18T11:18:15.000Z,V3640186,6085,44.55164,7.86770,22366.4,4.4,1.9,268.9,-56.4,1.3,-1.0,RS41-SG,403.700,9.7,250,9,2.7,,
2026-09-18T11:18:16.000Z,V3640186,6086,44.55164,7.86768,22371.6,5.9,1.7,265.8,-56.4,1.3,-1.0,RS41-SG,403.700,9.8,250,9,2.7,,
2026-09-18T11:18:17.000Z,V3640186,6087,44.55164,7.86766,22377.5,5.6,2.1,250.9,-56.5,1.3,-1.0,RS41-SG,403.700,10.4,250,9,2.6,,
2026-09-18T11:18:18.000Z,V3640186,6088,44.55163,7.86763,22383.0,5.6,2.4,251.5,-56.6,1.3,-1.0,RS41-SG,403.700,10.4,250,9,2.6,,
2026-09-18T11:18:19.000Z,V3640186,6089,44.55162,7.86761,22389.5,7.1,2.0,259.0,-56.6,1.3,-1.0,RS41-SG,403.700,10.3,250,9,2.6,,
2026-09-18T11:18:20.000Z,V3640186,6090,44.55162,7.86758,22395.6,5.1,1.7,279.2,-56.6,1.3,-1.0,RS41-SG,403.700,9.7,250,9,2.7,,
2026-09-18T11:18:21.000Z,V3640186,6091,44.55163,7.86756,22400.3,4.5,1.5,290.4,-56.5,1.4,-1.0,RS41-SG,403.700,9.7,250,9,2.7,,
2026-09-18T11:18:22.000Z,V3640186,6092,44.55163,7.86754,22405.7,6.3,1.8,278.2,-56.5,1.3,-1.0,RS41-SG,403.700,11.5,250,9,2.7,,
2026-09-18T11:18:23.000Z,V3640186,6093,44.55163,7.86752,22411.0,4.0,2.2,268.0,-56.6,1.4,-1.0,RS41-SG,403.700,11.5,250,9,2.6,,
2026-09-18T11:18:24.000Z,V3640186,6094,44.55163,7.86749,22416.5,6.7,2.2,260.6,-56.6,1.4,-1.0,RS41-SG,403.700,10.5,250,9,2.6,,
2026-09-18T11:18:25.000Z,V3640186,6095,44.55163,7.86747,22423.3,6.9,1.8,271.8,-56.6,1.4,-1.0,RS41-SG,403.700,10.0,250,9,2.6,,
2026-09-18T11:18:26.000Z,V3640186,6096,44.55163,7.86745,22429.0,4.5,1.4,277.0,-56.5,1.4,-1.0,RS41-SG,403.700,10.3,250,9,2.7,,
2026-09-18T11:18:27.000Z,V3640186,6097,44.55163,7.86743,22434.1,5.9,1.3,287.4,-56.6,1.4,-1.0,RS41-SG,403.700,10.4,250,9,2.7,,
2026-09-18T11:18:28.000Z,V3640186,6098,44.55163,7.86741,22439.7,5.7,1.7,248.0,-56.6,1.4,-1.0,RS41-SG,403.700,10.4,250,8,2.7,,
2026-09-18T11:18:29.000Z,V3640186,6099,44.55162,7.86739,22444.6,3.4,2.2,241.6,-56.6,1.3,-1.0,RS41-SG,403.700,10.7,250,9,2.6,,
2026-09-18T11:18:30.000Z,V3640186,6100,44.55161,7.86737,22450.2,7.6,2.0,242.9,-56.7,1.4,-1.0,RS41-SG,403.700,11.3,250,9,2.6,,
2026-09-18T11:18:31.000Z,V3640186,6101,44.55161,7.86735,22456.8,5.5,1.5,249.5,-56.8,1.3,-1.0,RS41-SG,403.700,11.3,250,9,2.6,,
2026-09-18T11:18:32.000Z,V3640186,6102,44.55160,7.86733,22461.4,3.7,1.3,261.5,-56.7,1.3,-1.0,RS41-SG,403.700,10.9,250,9,2.7,,
2026-09-18T11:18:33.000Z,V3640186,6103,44.55160,7.86731,22466.7,7.0,1.6,249.3,-56.7,1.4,-1.0,RS41-SG,403.700,9.7,250,9,2.7,,
2026-09-18T11:18:34.000Z,V3640186,6104,44.55159,7.86729,22472.5,4.7,2.2,234.6,-56.7,1.4,-1.0,RS41-SG,403.700,11.8,250,9,2.6,,
2026-09-18T11:18:35.000Z,V3640186,6105,44.55158,7.86727,22477.6,5.2,2.9,222.7,-56.8,1.4,-1.0,RS41-SG,403.700,11.8,250,9,2.6,,
2026-09-18T11:18:36.000Z,V3640186,6106,44.55156,7.86725,22484.1,7.8,2.4,219.0,-56.8,1.4,-1.0,RS41-SG,403.700,10.9,250,8,2.7,,
2026-09-18T11:18:37.000Z,V3640186,6107,44.55154,7.86723,22490.5,4.8,2.0,215.4,-56.8,1.4,-1.0,RS41-SG,403.700,11.0,250,7,2.7,,
2026-09-18T11:18:38.000Z,V3640186,6108,44.55153,7.86722,22495.0,4.0,1.5,220.9,-56.9,1.4,-1.0,RS41-SG,403.700,11.0,250,9,2.6,,
2026-09-18T11:18:39.000Z,V3640186,6109,44.55152,7.86720,22500.2,6.6,2.2,221.5,-56.9,1.4,-1.0,RS41-SG,403.700,10.8,250,9,2.6,,
2026-09-18T11:18:40.000Z,V3640186,6110,44.55150,7.86718,22505.7,4.7,3.0,223.0,-56.8,1.4,-1.0,RS41-SG,403.700,10.9,250,9,2.6,,
2026-09-18T11:18:41.000Z,V3640186,6111,44.55148,7.86715,22510.9,5.5,3.3,224.9,-56.9,1.4,-1.0,RS41-SG,403.700,10.9,250,9,2.7,,
2026-09-18T11:18:42.000Z,V3640186,6112,44.55146,7.86712,22516.4,5.7,2.7,230.5,-56.9,1.4,-1.0,RS41-SG,403.700,11.0,250,8,2.7,,
2026-09-18T11:18:43.000Z,V3640186,6113,44.55145,7.86710,22521.7,5.1,1.9,228.1,-56.9,1.4,-1.0,RS41-SG,403.700,11.0,250,9,2.7,,
2026-09-18T11:18:44.000Z,V3640186,6114,44.55144,7.86709,22526.8,5.0,1.4,224.4,-56.9,1.4,-1.0,RS41-SG,403.700,11.0,250,9,2.6,,
2026-09-18T11:18:45.000Z,V3640186,6115,44.55143,7.86707,22532.4,5.5,1.8,215.3,-56.8,1.4,-1.0,RS41-SG,403.700,10.8,250,9,2.6,,
2026-09-18T11:18:46.000Z,V3640186,6116,44.55141,7.86706,22537.9,5.3,2.2,215.7,-56.8,1.4,-1.0,RS41-SG,403.700,10.8,250,9,2.6,,
2026-09-18T11:18:47.000Z,V3640186,6117,44.55139,7.86704,22543.3,5.4,2.3,207.5,-56.8,1.4,-1.0,RS41-SG,403.700,10.6,250,8,2.7,,
2026-09-18T11:18:48.000Z,V3640186,6118,44.55138,7.86703,22548.8,6.1,2.1,200.9,-56.7,1.3,-1.0,RS41-SG,403.700,10.5,250,9,2.7,,
2026-09-18T11:18:49.999Z,V3640186,6120,44.55134,7.86702,22558.7,4.7,1.9,204.3,-56.7,1.3,-1.0,RS41-SG,403.700,8.2,250,9,2.6,,
2026-09-18T11:18:50.999Z,V3640186,6121,44.55132,7.86700,22564.0,5.8,2.9,210.5,-56.7,1.3,-1.0,RS41-SG,403.700,8.9,250,9,2.6,,
2026-09-18T11:18:51.999Z,V3640186,6122,44.55130,7.86698,22569.1,4.6,3.6,217.1,-56.6,1.3,-1.0,RS41-SG,403.700,10.2,250,9,2.6,,
2026-09-18T11:18:52.999Z,V3640186,6123,44.55127,7.86695,22574.5,5.9,3.8,216.7,-56.5,1.3,-1.0,RS41-SG,403.700,11.5,250,9,2.7,,
2026-09-18T11:18:53.999Z,V3640186,6124,44.55125,7.86693,22580.7,6.7,3.1,211.9,-56.6,1.3,-1.0,RS41-SG,403.700,11.5,250,9,2.7,,
2026-09-18T11:18:54.999Z,V3640186,6125,44.55123,7.86691,22586.1,4.2,2.5,204.7,-56.5,1.3,-1.0,RS41-SG,403.700,10.8,250,9,2.6,,
2026-09-18T11:18:55.999Z,V3640186,6126,44.55121,7.86690,22590.4,4.1,2.3,187.7,-56.4,1.3,-1.0,RS41-SG,403.700,11.1,250,9,2.6,,
2026-09-18T11:18:56.999Z,V3640186,6127,44.55118,7.86690,22595.5,5.6,2.4,179.3,-56.4,1.3,-1.0,RS41-SG,403.700,11.1,250,9,2.7,,
2026-09-18T11:18:57.999Z,V3640186,6128,44.55116,7.86690,22600.7,4.7,2.8,181.3,-56.3,1.3,-1.0,RS41-SG,403.700,7.0,250,9,2.7,,
2026-09-18T11:18:58.999Z,V3640186,6129,44.55114,7.86690,22606.2,6.1,2.7,177.6,-56.3,1.3,-1.0,RS41-SG,403.700,7.5,250,9,2.6,,
2026-09-18T11:18:59.999Z,V3640186,6130,44.55111,7.86690,22612.6,6.5,2.4,162.6,-56.3,1.3,-1.0,RS41-SG,403.700,9.4,250,9,2.6,,
2026-09-18T11:19:00.999Z,V3640186,6131,44.55110,7.86691,22618.1,4.5,1.7,152.0,-56.2,1.3,-1.0,RS41-SG,403.700,10.3,250,9,2.6,,
2026-09-18T11:19:01.999Z,V3640186,6132,44.55109,7.86692,22622.9,5.4,0.8,169.4,-56.3,1.3,-1.0,RS41-SG,403.700,10.3,250,9,2.7,,
2026-09-18T11:19:02.999Z,V3640186,6133,44.55108,7.86691,22628.2,5.9,1.3,242.1,-56.2,1.3,-1.0,RS41-SG,403.700,10.3,250,9,2.7,,
2026-09-18T11:19:03.999Z,V3640186,6134,44.55107,7.86689,22633.4,4.5,2.4,257.4,-56.2,1.3,-1.0,RS41-SG,403.700,10.3,250,9,2.7,,
2026-09-18T11:19:04.999Z,V3640186,6135,44.55107,7.86686,22638.6,5.6,3.2,272.6,-56.2,1.3,-1.0,RS41-SG,403.700,9.5,250,9,2.6,,
2026-09-18T11:19:05.999Z,V3640186,6136,44.55108,7.86682,22644.3,5.8,3.3,283.0,-56.2,1.3,-1.0,RS41-SG,403.700,9.5,250,8,2.6,,
2026-09-18T11:19:06.999Z,V3640186,6137,44.55108,7.86678,22649.4,4.0,3.1,288.8,-56.1,1.3,-1.0,RS41-SG,403.700,9.6,250,9,2.6,,
2026-09-18T11:19:07.999Z,V3640186,6138,44.55109,7.86674,22653.8,5.2,2.6,290.1,-56.2,1.3,-1.0,RS41-SG,403.700,10.2,250,9,2.7,,
2026-09-18T11:19:08.999Z,V3640186,6139,44.55110,7.86671,22659.3,5.9,2.2,270.9,-56.2,1.3,-1.0,RS41-SG,403.700,10.2,250,9,2.7,,
2026-09-18T11:19:09.999Z,V3640186,6140,44.55109,7.86669,22664.6,5.1,1.9,250.7,-56.2,1.3,-1.0,RS41-SG,403.700,8.7,250,9,2.7,,
2026-09-18T11:19:10.999Z,V3640186,6141,44.55109,7.86668,22670.3,5.9,1.3,203.5,-56.2,1.3,-1.0,RS41-SG,403.700,10.2,250,9,2.6,,
2026-09-18T11:19:11.999Z,V3640186,6142,44.55107,7.86668,22675.8,5.0,1.5,148.5,-56.3,1.3,-1.0,RS41-SG,403.700,10.2,250,9,2.6,,
2026-09-18T11:19:12.999Z,V3640186,6143,44.55106,7.86669,22680.1,3.5,2.0,125.8,-56.3,1.3,-1.0,RS41-SG,403.700,10.1,250,9,2.6,,
2026-09-18T11:19:13.999Z,V3640186,6144,44.55105,7.86671,22684.5,5.2,1.9,120.1,-56.3,1.3,-1.0,RS41-SG,403.700,9.2,250,9,2.7,,
2026-09-18T11:19:14.999Z,V3640186,6145,44.55105,7.86673,22690.1,6.2,1.1,133.4,-56.3,1.3,-1.0,RS41-SG,403.700,9.7,250,9,2.7,,
2026-09-18T11:19:15.999Z,V3640186,6146,44.55104,7.86673,22695.8,5.2,0.3,190.1,-56.3,1.3,-1.0,RS41-SG,403.700,10.1,250,9,2.6,,
2026-09-18T11:19:16.999Z,V3640186,6147,44.55104,7.86673,22701.5,6.3,1.0,318.8,-56.4,1.3,-1.0,RS41-SG,403.700,10.1,250,9,2.6,,
2026-09-18T11:19:17.999Z,V3640186,6148,44.55105,7.86672,22707.3,5.4,1.8,336.1,-56.5,1.3,-1.0,RS41-SG,403.700,9.8,250,9,2.7,,
2026-09-18T11:19:18.999Z,V3640186,6149,44.55107,7.86671,22712.0,4.2,2.2,342.2,-56.3,1.3,-1.0,RS41-SG,403.700,9.6,250,9,2.7,,
2026-09-18T11:19:19.999Z,V3640186,6150,44.55109,7.86670,22716.6,5.5,1.7,328.3,-56.3,1.3,-1.0,RS41-SG,403.700,10.0,250,9,2.6,,
2026-09-18T11:19:20.999Z,V3640186,6151,44.55110,7.86669,22722.2,5.5,1.5,284.4,-56.2,1.3,-1.0,RS41-SG,403.700,11.0,250,9,2.6,,
2026-09-18T11:19:21.999Z,V3640186,6152,44.55109,7.86667,22727.3,4.7,1.7,243.2,-56.2,1.3,-1.0,RS41-SG,403.700,11.0,250,9,2.6,,
2026-09-18T11:19:22.999Z,V3640186,6153,44.55108,7.86665,22732.3,5.5,1.5,214.4,-56.2,1.3,-1.0,RS41-SG,403.700,10.5,250,9,2.7,,
2026-09-18T11:19:23.999Z,V3640186,6154,44.55107,7.86665,22737.8,5.9,1.4,168.8,-56.2,1.3,-1.0,RS41-SG,403.700,9.5,250,9,2.7,,
2026-09-18T11:19:24.999Z,V3640186,6155,44.55106,7.86666,22742.8,4.1,1.8,142.0,-56.2,1.3,-1.0,RS41-SG,403.700,9.7,250,8,2.7,,
2026-09-18T11:19:25.999Z,V3640186,6156,44.55105,7.86667,22747.5,4.9,1.9,134.8,-56.1,1.3,-1.0,RS41-SG,403.700,10.2,250,8,2.6,,
2026-09-18T11:19:26.999Z,V3640186,6157,44.55103,7.86669,22753.0,5.8,1.7,144.7,-56.1,1.3,-1.0,RS41-SG,403.700,10.8,250,8,2.6,,
2026-09-18T11:19:27.999Z,V3640186,6158,44.55102,7.86670,22758.5,5.3,1.4,162.9,-56.1,1.3,-1.0,RS41-SG,403.700,10.8,250,9,2.6,,
2026-09-18T11:19:28.999Z,V3640186,6159,44.55101,7.86670,22764.1,6.1,0.6,180.5,-56.1,1.3,-1.0,RS41-SG,403.700,10.8,250,9,2.7,,
2026-09-18T11:19:29.999Z,V3640186,6160,44.55101,7.86670,22769.8,6.1,0.4,36.0,-56.1,1.3,-1.0,RS41-SG,403.700,10.6,250,9,2.7,,
2026-09-18T11:19:30.999Z,V3640186,6161,44.55102,7.86670,22775.1,4.3,0.7,25.2,-56.1,1.2,-1.0,RS41-SG,403.700,10.0,250,9,2.7,,
2026-09-18T11:19:31.999Z,V3640186,6162,44.55102,7.86671,22780.0,5.2,0.6,344.8,-56.0,1.2,-1.0,RS41-SG,403.700,10.2,250,9,2.6,,
2026-09-18T11:19:32.999Z,V3640186,6163,44.55102,7.86670,22785.1,4.8,0.9,267.6,-55.9,1.2,-1.0,RS41-SG,403.700,10.2,250,9,2.6,,
2026-09-18T11:19:33.999Z,V3640186,6164,44.55102,7.86668,22790.4,5.3,1.8,225.2,-55.9,1.2,-1.0,RS41-SG,403.700,9.5,250,9,2.6,,
2026-09-18T11:19:34.999Z,V3640186,6165,44.55100,7.86667,22795.8,6.0,3.0,195.3,-55.9,1.2,-1.0,RS41-SG,403.700,9.4,250,9,2.7,,
2026-09-18T11:19:35.999Z,V3640186,6166,44.55097,7.86667,22801.4,5.5,3.9,174.0,-55.8,1.3,-1.0,RS41-SG,403.700,11.2,250,9,2.7,,
2026-09-18T11:19:36.999Z,V3640186,6167,44.55093,7.86668,22806.0,3.6,4.4,162.0,-55.8,1.3,-1.0,RS41-SG,403.700,11.3,250,9,2.6,,
2026-09-18T11:19:37.999Z,V3640186,6168,44.55089,7.86670,22810.0,4.3,4.9,157.5,-55.8,1.3,-1.0,RS41-SG,403.700,11.3,250,9,2.6,,
2026-09-18T11:19:38.999Z,V3640186,6169,44.55085,7.86672,22815.0,5.9,4.9,157.8,-55.8,1.3,-1.0,RS41-SG,403.700,11.0,250,9,2.7,,
2026-09-18T11:19:39.999Z,V3640186,6170,44.55081,7.86675,22820.5,5.2,4.3,158.5,-55.9,1.3,-1.0,RS41-SG,403.700,10.4,250,9,2.7,,
2026-09-18T11:19:40.999Z,V3640186,6171,44.55078,7.86677,22825.6,5.4,3.3,153.5,-56.0,1.3,-1.0,RS41-SG,403.700,10.4,250,9,2.6,,
2026-09-18T11:19:41.999Z,V3640186,6172,44.55076,7.86679,22831.0,5.6,2.3,129.7,-55.9,1.3,-1.0,RS41-SG,403.700,9.9,250,9,2.6,,
2026-09-18T11:19:42.999Z,V3640186,6173,44.55076,7.86681,22836.4,5.2,2.1,94.7,-55.7,1.2,-1.0,RS41-SG,403.700,9.2,250,9,2.6,,
2026-09-18T11:19:43.999Z,V3640186,6174,44.55076,7.86684,22841.1,4.1,2.1,71.9,-55.6,1.2,-1.0,RS41-SG,403.700,9.3,250,9,2.7,,
2026-09-18T11:19:44.999Z,V3640186,6175,44.55076,7.86686,22845.4,4.8,1.3,53.6,-55.5,1.2,-1.0,RS41-SG,403.700,10.1,250,9,2.7,,
2026-09-18T11:19:45.999Z,V3640186,6176,44.55077,7.86686,22850.7,5.9,0.4,298.1,-55.5,1.2,-1.0,RS41-SG,403.700,10.1,250,9,2.7,,
2026-09-18T11:19:46.999Z,V3640186,6177,44.55077,7.86685,22855.9,4.7,1.5,246.6,-55.5,1.2,-1.0,RS41-SG,403.700,9.1,250,9,2.6,,
2026-09-18T11:19:47.999Z,V3640186,6178,44.55076,7.86683,22861.1,5.6,2.2,224.4,-55.5,1.2,-1.0,RS41-SG,403.700,9.0,250,9,2.6,,
2026-09-18T11:19:48.999Z,V3640186,6179,44.55074,7.86682,22866.7,5.8,2.5,205.3,-55.5,1.2,-1.0,RS41-SG,403.700,9.2,250,9,2.6,,
2026-09-18T11:19:49.999Z,V3640186,6180,44.55072,7.86681,22871.7,4.2,2.8,192.2,-55.4,1.2,-1.0,RS41-SG,403.700,9.9,250,9,2.7,,
2026-09-18T11:19:50.999Z,V3640186,6181,44.55069,7.86680,22876.6,5.5,3.5,184.2,-55.4,1.2,-1.0,RS41-SG,403.700,9.9,250,9,2.7,,
2026-09-18T11:19:51.999Z,V3640186,6182,44.55066,7.86680,22881.8,5.2,4.1,184.5,-55.5,1.2,-1.0,RS41-SG,403.700,8.5,250,9,2.7,,
2026-09-18T11:19:52.999Z,V3640186,6183,44.55062,7.86679,22887.1,5.1,4.1,181.4,-55.4,1.3,-1.0,RS41-SG,403.700,9.7,250,9,2.6,,
2026-09-18T11:19:53.999Z,V3640186,6184,44.55058,7.86680,22892.7,6.0,3.8,168.5,-55.4,1.2,-1.0,RS41-SG,403.700,10.7,250,9,2.6,,
2026-09-18T11:19:54.999Z,V3640186,6185,44.55055,7.86681,22898.4,5.1,3.6,149.1,-55.3,1.2,-1.0,RS41-SG,403.700,10.7,250,9,2.6,,
2026-09-18T11:19:55.999Z,V3640186,6186,44.55053,7.86684,22903.0,4.0,3.2,129.0,-55.4,1.2,-1.0,RS41-SG,403.700,9.6,250,9,2.7,,
2026-09-18T11:19:56.999Z,V3640186,6187,44.55052,7.86687,22907.0,4.4,2.7,111.8,-55.4,1.2,-1.0,RS41-SG,403.700,10.0,250,9,2.7,,
2026-09-18T11:19:57.999Z,V3640186,6188,44.55051,7.86690,22912.1,6.0,1.4,89.1,-55.4,1.2,-1.0,RS41-SG,403.700,10.4,250,9,2.6,,
2026-09-18T11:19:58.999Z,V3640186,6189,44.55052,7.86691,22917.8,5.3,0.8,17.8,-55.4,1.2,-1.0,RS41-SG,403.700,10.4,250,9,2.6,,
2026-09-18T11:19:59.999Z,V3640186,6190,44.55052,7.86691,22923.1,5.2,1.4,326.0,-55.4,1.2,-1.0,RS41-SG,403.700,9.3,250,9,2.7,,
2026-09-18T11:20:00.999Z,V3640186,6191,44.55054,7.86689,22928.8,6.4,1.9,322.1,-55.4,1.2,-1.0,RS41-SG,403.700,8.9,250,9,2.7,,
2026-09-18T11:20:01.999Z,V3640186,6192,44.55055,7.86688,22934.2,4.7,1.8,323.0,-55.4,1.2,-1.0,RS41-SG,403.700,9.7,250,9,2.6,,
2026-09-18T11:20:02.999Z,V3640186,6193,44.55056,7.86687,22939.0,4.7,1.4,300.8,-55.4,1.2,-1.0,RS41-SG,403.700,9.9,250,9,2.6,,
2026-09-18T11:20:03.999Z,V3640186,6194,44.55056,7.86685,22944.2,5.5,1.9,261.7,-55.3,1.3,-1.0,RS41-SG,403.700,10.5,250,9,2.6,,
2026-09-18T11:20:04.999Z,V3640186,6195,44.55055,7.86682,22949.0,4.6,2.7,245.1,-55.2,1.3,-1.0,RS41-SG,403.700,10.5,250,9,2.7,,
2026-09-18T11:20:05.999Z,V3640186,6196,44.55054,7.86679,22953.7,4.9,3.0,232.0,-55.1,1.2,-1.0,RS41-SG,403.700,9.8,250,9,2.7,,
2026-09-18T11:20:06.999Z,V3640186,6197,44.55052,7.86677,22959.2,6.4,2.4,209.0,-55.1,1.3,-1.0,RS41-SG,403.700,9.4,250,9,2.7,,
2026-09-18T11:20:07.999Z,V3640186,6198,44.55050,7.86676,22964.9,5.0,2.1,179.1,-55.1,1.3,-1.0,RS41-SG,403.700,8.9,250,9,2.6,,
2026-09-18T11:20:08.999Z,V3640186,6199,44.55049,7.86677,22970.0,4.5,2.0,152.9,-55.2,1.3,-1.0,RS41-SG,403.700,8.9,250,9,2.6,,
2026-09-18T11:20:09.999Z,V3640186,6200,44.55047,7.86678,22975.4,6.0,1.7,140.3,-55.2,1.3,-1.0,RS41-SG,403.700,9.1,250,9,2.6,,
2026-09-18T11:20:10.999Z,V3640186,6201,44.55046,7.86679,22980.9,5.4,1.4,136.9,-55.2,1.2,-1.0,RS41-SG,403.700,9.1,250,9,2.7,,
2026-09-18T11:20:11.999Z,V3640186,6202,44.55046,7.86680,22986.5,5.9,0.8,91.1,-55.1,1.2,-1.0,RS41-SG,403.700,9.0,250,9,2.7,,
2026-09-18T11:20:12.999Z,V3640186,6203,44.55046,7.86681,22992.6,6.4,1.4,53.7,-55.1,1.2,-1.0,RS41-SG,403.700,9.0,250,9,2.7,,
2026-09-18T11:20:13.999Z,V3640186,6204,44.55047,7.86683,22998.3,4.5,1.8,48.8,-55.1,1.2,-1.0,RS41-SG,403.700,9.0,250,9,2.6,,
2026-09-18T11:20:14.999Z,V3640186,6205,44.55048,7.86685,23003.4,5.5,1.3,47.1,-55.1,1.2,-1.0,RS41-SG,403.700,9.1,250,9,2.6,,
2026-09-18T11:20:15.999Z,V3640186,6206,44.55048,7.86685,23008.9,5.1,0.2,31.0,-55.2,1.2,-1.0,RS41-SG,403.700,9.1,250,9,2.6,,
2026-09-18T11:20:16.999Z,V3640186,6207,44.55048,7.86685,23013.8,4.6,1.4,211.6,-55.2,1.2,-1.0,RS41-SG,403.700,8.8,250,9,2.7,,
2026-09-18T11:20:17.999Z,V3640186,6208,44.55046,7.86684,23019.1,6.2,2.8,191.6,-55.2,1.2,-1.0,RS41-SG,403.700,9.0,250,9,2.7,,
2026-09-18T11:20:18.999Z,V3640186,6209,44.55043,7.86684,23025.0,5.5,3.6,176.1,-55.2,1.2,-1.0,RS41-SG,403.700,9.9,250,9,2.6,,
2026-09-18T11:20:19.999Z,V3640186,6210,44.55040,7.86685,23029.7,3.8,4.0,168.1,-55.1,1.2,-1.0,RS41-SG,403.700,10.5,250,9,2.6,,
2026-09-18T11:20:20.999Z,V3640186,6211,44.55036,7.86686,23034.3,5.2,4.3,172.2,-55.1,1.2,-1.0,RS41-SG,403.700,10.5,250,9,2.7,,
2026-09-18T11:20:21.999Z,V3640186,6212,44.55032,7.86686,23040.0,6.1,4.2,182.0,-55.1,1.2,-1.0,RS41-SG,403.700,10.7,250,8,2.7,,
2026-09-18T11:20:22.999Z,V3640186,6213,44.55029,7.86685,23046.0,5.9,3.6,188.4,-55.1,1.2,-1.0,RS41-SG,403.700,10.7,250,9,2.6,,
2026-09-18T11:20:23.999Z,V3640186,6214,44.55026,7.86685,23052.3,6.5,2.4,187.8,-55.1,1.2,-1.0,RS41-SG,403.700,10.8,250,9,2.6,,
2026-09-18T11:20:24.999Z,V3640186,6215,44.55025,7.86685,23058.1,5.0,1.3,167.1,-55.1,1.2,-1.0,RS41-SG,403.700,10.8,250,9,2.6,,
2026-09-18T11:20:25.999Z,V3640186,6216,44.55024,7.86685,23062.8,4.3,0.8,127.6,-55.1,1.2,-1.0,RS41-SG,403.700,10.1,250,9,2.7,,
2026-09-18T11:20:26.999Z,V3640186,6217,44.55023,7.86686,23067.9,6.1,0.4,98.0,-55.1,1.2,-1.0,RS41-SG,403.700,9.9,250,9,2.7,,
2026-09-18T11:20:27.999Z,V3640186,6218,44.55023,7.86686,23073.3,4.6,0.1,248.4,-55.2,1.2,-1.0,RS41-SG,403.700,9.6,250,9,2.7,,
2026-09-18T11:20:28.999Z,V3640186,6219,44.55023,7.86686,23078.5,5.7,0.4,188.2,-55.3,1.2,-1.0,RS41-SG,403.700,9.6,250,9,2.6,,
2026-09-18T11:20:29.999Z,V3640186,6220,44.55023,7.86687,23084.9,6.8,1.3,150.0,-55.3,1.2,-1.0,RS41-SG,403.700,9.1,250,9,2.6,,
2026-09-18T11:20:30.999Z,V3640186,6221,44.55021,7.86688,23090.7,4.7,2.1,141.5,-55.2,1.2,-1.0,RS41-SG,403.700,8.9,250,9,2.6,,
2026-09-18T11:20:31.999Z,V3640186,6222,44.55020,7.86690,23095.7,5.0,2.8,141.7,-55.2,1.2,-1.0,RS41-SG,403.700,9.0,250,9,2.7,,
2026-09-18T11:20:32.999Z,V3640186,6223,44.55017,7.86692,23101.4,6.3,3.0,152.3,-55.2,1.2,-1.0,RS41-SG,403.700,9.0,250,9,2.7,,
2026-09-18T11:20:33.999Z,V3640186,6224,44.55015,7.86693,23106.9,4.6,3.0,160.9,-55.2,1.2,-1.0,RS41-SG,403.700,8.7,250,9,2.7,,
2026-09-18T11:20:34.999Z,V3640186,6225,44.55012,7.86695,23112.7,6.8,2.8,157.8,-55.2,1.2,-1.0,RS41-SG,403.700,9.4,250,9,2.6,,
2026-09-18T11:20:35.999Z,V3640186,6226,44.55010,7.86696,23119.2,6.2,2.7,136.2,-55.3,1.2,-1.0,RS41-SG,403.700,9.6,250,9,2.6,,
2026-09-18T11:20:36.999Z,V3640186,6227,44.55009,7.86699,23124.2,3.9,2.5,118.6,-55.3,1.2,-1.0,RS41-SG,403.700,10.2,250,9,2.6,,
2026-09-18T11:20:37.999Z,V3640186,6228,44.55008,7.86702,23128.8,5.4,2.0,92.2,-55.4,1.3,-1.0,RS41-SG,403.700,11.1,250,9,2.7,,
2026-09-18T11:20:38.999Z,V3640186,6229,44.55009,7.86703,23134.2,5.6,1.1,61.5,-55.4,1.2,-1.0,RS41-SG,403.700,11.1,250,9,2.7,,
2026-09-18T11:20:39.999Z,V3640186,6230,44.55009,7.86704,23139.2,4.7,1.0,356.5,-55.3,1.2,-1.0,RS41-SG,403.700,9.8,250,9,2.6,,
2026-09-18T11:20:40.999Z,V3640186,6231,44.55010,7.86704,23144.8,6.3,0.9,348.6,-55.3,1.3,-1.0,RS41-SG,403.700,8.9,250,8,2.6,,
2026-09-18T11:20:41.999Z,V3640186,6232,44.55011,7.86704,23150.8,5.6,0.9,12.7,-55.2,1.2,-1.0,RS41-SG,403.700,9.2,250,9,2.7,,
2026-09-18T11:20:42.999Z,V3640186,6233,44.55011,7.86704,23156.0,5.0,0.8,73.9,-55.2,1.3,-1.0,RS41-SG,403.700,9.2,250,9,2.7,,
2026-09-18T11:20:43.999Z,V3640186,6234,44.55011,7.86705,23161.8,6.5,1.0,156.3,-55.1,1.2,-1.0,RS41-SG,403.700,8.2,250,9,2.6,,
2026-09-18T11:20:44.999Z,V3640186,6235,44.55010,7.86705,23167.7,4.9,1.8,182.2,-55.1,1.3,-1.0,RS41-SG,403.700,9.0,250,9,2.6,,
2026-09-18T11:20:45.999Z,V3640186,6236,44.55008,7.86705,23173.4,6.3,3.2,177.7,-55.1,1.2,-1.0,RS41-SG,403.700,9.1,250,9,2.6,,
2026-09-18T11:20:46.999Z,V3640186,6237,44.55004,7.86706,23179.9,6.8,4.7,165.9,-55.1,1.2,-1.0,RS41-SG,403.700,10.3,250,9,2.7,,
2026-09-18T11:20:47.999Z,V3640186,6238,44.55000,7.86708,23185.1,4.2,5.3,161.0,-55.1,1.2,-1.0,RS41-SG,403.700,10.3,250,9,2.7,,
2026-09-18T11:20:48.999Z,V3640186,6239,44.54995,7.86710,23189.8,5.0,5.7,161.0,-55.1,1.2,-1.0,RS41-SG,403.700,9.7,250,9,2.7,,
2026-09-18T11:20:49.999Z,V3640186,6240,44.54990,7.86712,23195.4,5.9,5.3,169.2,-55.1,1.2,-1.0,RS41-SG,403.700,9.0,250,9,2.6,,
2026-09-18T11:20:50.999Z,V3640186,6241,44.54986,7.86713,23200.5,4.2,5.0,178.3,-55.0,1.2,-1.0,RS41-SG,403.700,9.4,250,9,2.6,,
2026-09-18T11:20:51.999Z,V3640186,6242,44.54982,7.86713,23205.9,6.2,4.3,185.6,-55.0,1.2,-1.0,RS41-SG,403.700,9.4,250,9,2.6,,
2026-09-18T11:20:52.999Z,V3640186,6243,44.54978,7.86712,23212.4,6.8,3.2,179.5,-55.1,1.2,-1.0,RS41-SG,403.700,9.7,250,9,2.7,,
2026-09-18T11:20:53.999Z,V3640186,6244,44.54976,7.86713,23218.4,5.1,3.0,170.1,-55.1,1.2,-1.0,RS41-SG,403.700,9.7,250,9,2.7,,
2026-09-18T11:20:54.999Z,V3640186,6245,44.54973,7.86713,23224.2,6.3,2.4,161.0,-55.0,1.2,-1.0,RS41-SG,403.700,9.1,250,9,2.7,,
2026-09-18T11:20:55.999Z,V3640186,6246,44.54971,7.86714,23230.2,5.8,2.1,168.4,-55.0,1.2,-1.0,RS41-SG,403.700,8.6,250,8,2.6,,
2026-09-18T11:20:56.999Z,V3640186,6247,44.54969,7.86715,23235.9,5.3,2.5,171.7,-54.9,1.2,-1.0,RS41-SG,403.700,8.7,250,9,2.6,,
2026-09-18T11:20:57.999Z,V3640186,6248,44.54967,7.86715,23242.4,7.3,3.0,162.4,-55.0,1.2,-1.0,RS41-SG,403.700,9.1,250,9,2.6,,
2026-09-18T11:20:58.999Z,V3640186,6249,44.54964,7.86717,23248.4,5.4,3.7,151.0,-55.1,1.3,-1.0,RS41-SG,403.700,9.7,250,9,2.7,,
2026-09-18T11:20:59.999Z,V3640186,6250,44.54961,7.86720,23253.4,4.6,4.3,151.6,-55.1,1.3,-1.0,RS41-SG,403.700,9.7,250,9,2.7,,
2026-09-18T11:21:00.999Z,V3640186,6251,44.54957,7.86722,23258.9,6.3,4.8,162.7,-55.1,1.2,-1.0,RS41-SG,403.700,9.1,250,9,2.6,,
2026-09-18T11:21:01.999Z,V3640186,6252,44.54953,7.86723,23264.4,4.6,4.9,175.0,-55.0,1.2,-1.0,RS41-SG,403.700,9.9,250,9,2.6,,
2026-09-18T11:21:02.999Z,V3640186,6253,44.54949,7.86723,23269.8,5.8,5.0,186.2,-55.0,1.2,-1.0,RS41-SG,403.700,9.9,250,9,2.7,,
2026-09-18T11:21:03.999Z,V3640186,6254,44.54944,7.86722,23276.1,7.1,5.0,185.7,-55.1,1.2,-1.0,RS41-SG,403.700,9.6,250,9,2.7,,
2026-09-18T11:21:04.999Z,V3640186,6255,44.54940,7.86722,23281.9,4.4,4.8,183.2,-55.1,1.2,-1.0,RS41-SG,403.700,9.6,250,9,2.6,,
2026-09-18T11:21:05.999Z,V3640186,6256,44.54936,7.86721,23286.7,4.8,4.2,182.8,-55.1,1.2,-1.0,RS41-SG,403.700,10.0,250,9,2.6,,
2026-09-18T11:21:06.999Z,V3640186,6257,44.54932,7.86721,23292.5,6.5,3.7,192.0,-55.1,1.2,-1.0,RS41-SG,403.700,10.0,250,9,2.6,,
2026-09-18T11:21:07.999Z,V3640186,6258,44.54929,7.86719,23297.9,4.9,3.6,201.8,-55.0,1.2,-1.0,RS41-SG,403.700,9.5,250,9,2.7,,
2026-09-18T11:21:08.999Z,V3640186,6259,44.54927,7.86718,23303.7,6.8,2.5,213.1,-55.0,1.2,-1.0,RS41-SG,403.700,9.6,250,9,2.7,,
2026-09-18T11:21:09.999Z,V3640186,6260,44.54925,7.86716,23310.3,6.4,1.7,204.8,-54.9,1.2,-1.0,RS41-SG,403.700,10.2,250,9,2.7,,
2026-09-18T11:21:10.999Z,V3640186,6261,44.54924,7.86716,23315.3,3.5,1.3,176.4,-54.9,1.2,-1.0,RS41-SG,403.700,10.2,250,9,2.6,,
2026-09-18T11:21:11.999Z,V3640186,6262,44.54922,7.86716,23319.9,5.6,1.7,162.8,-55.0,1.2,-1.0,RS41-SG,403.700,9.5,250,9,2.6,,
2026-09-18T11:21:12.999Z,V3640186,6263,44.54921,7.86717,23325.9,6.1,2.4,178.5,-55.1,1.2,-1.0,RS41-SG,403.700,9.5,250,9,2.6,,
2026-09-18T11:21:13.999Z,V3640186,6264,44.54918,7.86716,23331.7,5.6,3.1,191.5,-55.1,1.2,-1.0,RS41-SG,403.700,9.1,250,9,2.7,,
2026-09-18T11:21:14.999Z,V3640186,6265,44.54915,7.86716,23337.7,6.7,3.7,186.6,-55.1,1.2,-1.0,RS41-SG,403.700,9.3,250,9,2.7,,
2026-09-18T11:21:15.999Z,V3640186,6266,44.54912,7.86715,23344.0,5.8,3.8,182.4,-55.0,1.2,-1.0,RS41-SG,403.700,9.3,250,9,2.7,,
2026-09-18T11:21:16.999Z,V3640186,6267,44.54908,7.86715,23349.3,4.3,4.1,178.6,-55.0,1.2,-1.0,RS41-SG,403.700,9.8,250,9,2.6,,
2026-09-18T11:21:17.999Z,V3640186,6268,44.54904,7.86715,23354.5,5.8,4.1,187.7,-55.0,1.2,-1.0,RS41-SG,403.700,9.8,250,9,2.6,,
2026-09-18T11:21:18.999Z,V3640186,6269,44.54901,7.86714,23360.4,5.9,4.3,200.1,-55.0,1.2,-1.0,RS41-SG,403.700,9.8,250,9,2.6,,
2026-09-18T11:21:19.999Z,V3640186,6270,44.54897,7.86711,23366.1,5.8,4.2,211.3,-55.0,1.2,-1.0,RS41-SG,403.700,9.8,250,9,2.7,,
2026-09-18T11:21:20.999Z,V3640186,6271,44.54895,7.86709,23372.5,7.1,3.2,223.2,-55.0,1.3,-1.0,RS41-SG,403.700,9.8,250,9,2.7,,
2026-09-18T11:21:21.999Z,V3640186,6272,44.54893,7.86706,23378.7,5.3,2.0,236.2,-55.0,1.2,-1.0,RS41-SG,403.700,10.6,250,9,2.6,,
2026-09-18T11:21:22.999Z,V3640186,6273,44.54893,7.86704,23383.6,4.3,1.3,277.1,-55.0,1.2,-1.0,RS41-SG,403.700,10.6,250,9,2.6,,
2026-09-18T11:21:23.999Z,V3640186,6274,44.54893,7.86703,23388.8,6.2,1.6,302.2,-55.0,1.2,-1.0,RS41-SG,403.700,9.7,250,9,2.7,,
2026-09-18T11:21:24.999Z,V3640186,6275,44.54894,7.86701,23394.4,5.3,1.8,299.9,-55.0,1.2,-1.0,RS41-SG,403.700,10.7,250,9,2.7,,
2026-09-18T11:21:25.999Z,V3640186,6276,44.54895,7.86699,23400.0,5.8,1.6,297.4,-55.0,1.2,-1.0,RS41-SG,403.700,10.7,250,9,2.6,,
2026-09-18T11:21:26.999Z,V3640186,6277,44.54895,7.86698,23406.5,7.0,1.1,314.8,-55.0,1.2,-1.0,RS41-SG,403.700,11.1,250,9,2.6,,
2026-09-18T11:21:27.999Z,V3640186,6278,44.54896,7.86697,23412.5,5.0,0.5,351.7,-55.0,1.2,-1.0,RS41-SG,403.700,11.1,250,9,2.7,,
2026-09-18T11:21:28.999Z,V3640186,6279,44.54896,7.86697,23417.5,5.1,0.2,151.9,-55.0,1.2,-1.0,RS41-SG,403.700,10.5,250,9,2.7,,
2026-09-18T11:21:29.999Z,V3640186,6280,44.54895,7.86697,23423.0,6.0,1.4,202.5,-55.1,1.2,-1.0,RS41-SG,403.700,11.4,250,9,2.6,,
2026-09-18T11:21:30.999Z,V3640186,6281,44.54894,7.86695,23428.6,5.2,2.7,217.7,-55.1,1.2,-1.0,RS41-SG,403.700,11.4,250,9,2.6,,
2026-09-18T11:21:31.999Z,V3640186,6282,44.54892,7.86693,23434.2,5.8,3.6,228.1,-55.1,1.2,-1.0,RS41-SG,403.700,10.8,250,9,2.6,,
2026-09-18T11:21:32.999Z,V3640186,6283,44.54890,7.86689,23440.4,6.7,3.5,238.9,-55.2,1.2,-1.0,RS41-SG,403.700,10.8,250,9,2.7,,
2026-09-18T11:21:33.999Z,V3640186,6284,44.54889,7.86685,23446.3,5.4,3.0,254.5,-55.2,1.2,-1.0,RS41-SG,403.700,10.7,250,9,2.7,,
2026-09-18T11:21:34.999Z,V3640186,6285,44.54888,7.86682,23451.5,4.8,2.9,274.2,-55.2,1.2,-1.0,RS41-SG,403.700,10.9,250,9,2.7,,
2026-09-18T11:21:35.999Z,V3640186,6286,44.54889,7.86678,23457.2,5.9,3.6,287.0,-55.3,1.2,-1.0,RS41-SG,403.700,10.9,250,9,2.6,,
2026-09-18T11:21:36.999Z,V3640186,6287,44.54890,7.86673,23462.7,5.3,4.1,292.0,-55.5,1.2,-1.0,RS41-SG,403.700,10.8,250,9,2.6,,
2026-09-18T11:21:37.999Z,V3640186,6288,44.54892,7.86669,23468.2,5.6,4.2,299.0,-55.6,1.2,-1.0,RS41-SG,403.700,9.5,250,9,2.6,,
2026-09-18T11:21:38.999Z,V3640186,6289,44.54894,7.86665,23474.4,7.0,3.5,314.3,-55.5,1.2,-1.0,RS41-SG,403.700,10.3,250,9,2.7,,
2026-09-18T11:21:39.999Z,V3640186,6290,44.54896,7.86662,23480.5,5.2,3.0,335.5,-55.5,1.2,-1.0,RS41-SG,403.700,11.0,250,9,2.7,,
2026-09-18T11:21:40.999Z,V3640186,6291,44.54898,7.86661,23485.2,4.4,2.6,348.3,-55.5,1.2,-1.0,RS41-SG,403.700,11.0,250,8,2.7,,
2026-09-18T11:21:41.999Z,V3640186,6292,44.54901,7.86661,23490.1,5.1,2.3,343.0,-55.4,1.2,-1.0,RS41-SG,403.700,10.8,250,8,2.6,,
2026-09-18T11:21:42.999Z,V3640186,6293,44.54902,7.86659,23495.7,5.7,2.3,315.2,-55.4,1.3,-1.0,RS41-SG,403.700,9.6,250,9,2.6,,
2026-09-18T11:21:43.999Z,V3640186,6294,44.54904,7.86657,23501.6,5.7,2.9,298.0,-55.3,1.3,-1.0,RS41-SG,403.700,9.6,250,9,2.6,,
2026-09-18T11:21:44.999Z,V3640186,6295,44.54905,7.86653,23506.9,5.2,3.3,292.3,-55.3,1.3,-1.0,RS41-SG,403.700,9.4,250,9,2.7,,
2026-09-18T11:21:45.999Z,V3640186,6296,44.54906,7.86649,23512.3,5.5,3.1,297.9,-55.3,1.3,-1.0,RS41-SG,403.700,9.3,250,9,2.7,,
2026-09-18T11:21:46.999Z,V3640186,6297,44.54907,7.86646,23518.2,6.1,2.8,310.2,-55.4,1.3,-1.0,RS41-SG,403.700,9.6,250,9,2.6,,
2026-09-18T11:21:47.999Z,V3640186,6298,44.54909,7.86644,23523.5,4.5,2.6,322.7,-55.5,1.3,-1.0,RS41-SG,403.700,10.4,250,9,2.6,,
2026-09-18T11:21:48.999Z,V3640186,6299,44.54911,7.86642,23527.7,4.0,3.2,331.5,-55.6,1.2,-1.0,RS41-SG,403.700,11.5,250,9,2.7,,
2026-09-18T11:21:49.999Z,V3640186,6300,44.54914,7.86640,23532.6,5.5,3.8,331.7,-55.6,1.3,-1.0,RS41-SG,403.700,11.5,250,9,2.7,,
2026-09-18T11:21:50.999Z,V3640186,6301,44.54917,7.86637,23538.3,5.9,4.3,326.9,-55.5,1.2,-1.0,RS41-SG,403.700,10.2,250,9,2.6,,
2026-09-18T11:21:51.999Z,V3640186,6302,44.54920,7.86634,23544.1,5.4,4.0,321.8,-55.4,1.2,-1.0,RS41-SG,403.700,10.2,250,9,2.6,,
2026-09-18T11:21:52.999Z,V3640186,6303,44.54923,7.86632,23550.4,6.9,3.2,322.5,-55.3,1.2,-1.0,RS41-SG,403.700,11.5,250,9,2.6,,
2026-09-18T11:21:53.999Z,V3640186,6304,44.54925,7.86630,23556.8,6.2,2.0,328.5,-55.4,1.2,-1.0,RS41-SG,403.700,11.5,250,9,2.7,,
2026-09-18T11:21:54.999Z,V3640186,6305,44.54926,7.86629,23562.0,4.4,0.9,348.1,-55.3,1.2,-1.0,RS41-SG,403.700,10.8,250,9,2.7,,
2026-09-18T11:21:55.999Z,V3640186,6306,44.54927,7.86629,23567.1,5.8,0.2,7.3,-55.3,1.2,-1.0,RS41-SG,403.700,10.1,250,9,2.7,,
2026-09-18T11:21:56.999Z,V3640186,6307,44.54926,7.86629,23572.6,5.1,0.4,228.8,-55.3,1.2,-1.0,RS41-SG,403.700,10.3,250,9,2.6,,
2026-09-18T11:21:57.999Z,V3640186,6308,44.54926,7.86628,23578.0,5.5,0.7,231.1,-55.3,1.3,-1.0,RS41-SG,403.700,10.9,250,9,2.6,,
2026-09-18T11:21:58.999Z,V3640186,6309,44.54926,7.86628,23584.4,7.4,0.5,186.9,-55.5,1.2,-1.0,RS41-SG,403.700,10.9,250,9,2.6,,
2026-09-18T11:21:59.999Z,V3640186,6310,44.54925,7.86628,23590.9,5.4,0.6,122.9,-55.5,1.2,-1.0,RS41-SG,403.700,9.9,250,9,2.7,,
2026-09-18T11:22:00.999Z,V3640186,6311,44.54925,7.86629,23595.7,4.4,0.7,83.2,-55.4,1.2,-1.0,RS41-SG,403.700,11.1,250,9,2.7,,
2026-09-18T11:22:01.999Z,V3640186,6312,44.54926,7.86629,23601.1,6.3,0.8,358.2,-55.5,1.2,-1.0,RS41-SG,403.700,11.7,250,9,2.7,,
2026-09-18T11:22:02.999Z,V3640186,6313,44.54927,7.86629,23606.4,4.6,1.7,319.2,-55.6,1.2,-1.0,RS41-SG,403.700,11.7,250,9,2.6,,
2026-09-18T11:22:03.999Z,V3640186,6314,44.54928,7.86627,23611.3,4.6,2.4,304.0,-55.5,1.3,-1.0,RS41-SG,403.700,11.6,250,9,2.6,,
2026-09-18T11:22:04.999Z,V3640186,6315,44.54929,7.86624,23616.9,6.1,2.4,303.0,-55.6,1.2,-1.0,RS41-SG,403.700,11.7,250,9,2.6,,
2026-09-18T11:22:05.999Z,V3640186,6316,44.54930,7.86622,23622.8,6.1,1.7,304.4,-55.6,1.3,-1.0,RS41-SG,403.700,11.7,250,9,2.7,,
2026-09-18T11:22:06.999Z,V3640186,6317,44.54931,7.86620,23628.4,5.5,1.1,301.1,-55.7,1.2,-1.0,RS41-SG,403.700,10.9,250,9,2.7,,
2026-09-18T11:22:07.999Z,V3640186,6318,44.54931,7.86619,23634.1,5.7,1.2,293.3,-55.6,1.2,-1.0,RS41-SG,403.700,9.9,250,9,2.6,,
2026-09-18T11:22:08.999Z,V3640186,6319,44.54932,7.86617,23639.9,5.9,1.7,287.3,-55.7,1.3,-1.0,RS41-SG,403.700,10.5,250,9,2.6,,
2026-09-18T11:22:09.999Z,V3640186,6320,44.54932,7.86616,23645.8,5.7,1.5,282.8,-55.7,1.2,-1.0,RS41-SG,403.700,10.5,250,9,2.7,,
2026-09-18T11:22:10.999Z,V3640186,6321,44.54932,7.86614,23651.8,6.7,0.9,272.8,-55.7,1.2,-1.0,RS41-SG,403.700,9.6,250,8,2.7,,
2026-09-18T11:22:11.999Z,V3640186,6322,44.54932,7.86613,23657.7,5.3,0.7,190.6,-55.7,1.2,-1.0,RS41-SG,403.700,10.4,250,9,2.6,,
2026-09-18T11:22:12.999Z,V3640186,6323,44.54931,7.86614,23662.9,4.6,1.0,161.8,-55.8,1.3,-1.0,RS41-SG,403.700,10.4,250,9,2.6,,
2026-09-18T11:22:13.999Z,V3640186,6324,44.54930,7.86614,23668.1,5.8,1.0,176.7,-55.8,1.2,-1.0,RS41-SG,403.700,9.7,250,9,2.7,,
2026-09-18T11:22:14.999Z,V3640186,6325,44.54929,7.86613,23673.5,5.3,1.2,220.1,-55.8,1.2,-1.0,RS41-SG,403.700,11.4,250,9,2.7,,
2026-09-18T11:22:15.999Z,V3640186,6326,44.54929,7.86612,23678.8,4.6,1.5,235.5,-55.9,1.2,-1.0,RS41-SG,403.700,11.4,250,9,2.6,,
2026-09-18T11:22:16.999Z,V3640186,6327,44.54928,7.86611,23684.2,6.3,1.8,221.7,-55.9,1.2,-1.0,RS41-SG,403.700,11.3,250,9,2.6,,
2026-09-18T11:22:17.999Z,V3640186,6328,44.54926,7.86609,23690.4,6.3,1.7,201.9,-55.9,1.2,-1.0,RS41-SG,403.700,12.7,250,9,2.6,,
2026-09-18T11:22:18.999Z,V3640186,6329,44.54925,7.86609,23696.2,5.4,1.3,184.6,-56.0,1.3,-1.0,RS41-SG,403.700,12.7,250,9,2.7,,
2026-09-18T11:22:19.999Z,V3640186,6330,44.54924,7.86609,23701.9,6.1,0.9,176.6,-56.0,1.3,-1.0,RS41-SG,403.700,12.0,250,8,2.7,,
2026-09-18T11:22:20.999Z,V3640186,6331,44.54923,7.86609,23707.8,5.9,0.3,183.1,-56.0,1.3,-1.0,RS41-SG,403.700,12.7,250,9,2.7,,
2026-09-18T11:22:21.999Z,V3640186,6332,44.54923,7.86609,23713.4,4.9,0.5,28.3,-56.1,1.3,-1.0,RS41-SG,403.700,12.7,250,9,2.6,,
2026-09-18T11:22:22.999Z,V3640186,6333,44.54924,7.86610,23719.0,5.9,1.4,48.8,-56.0,1.3,-1.0,RS41-SG,403.700,11.0,250,9,2.6,,
2026-09-18T11:22:23.999Z,V3640186,6334,44.54925,7.86612,23724.5,5.4,2.4,62.0,-56.0,1.3,-1.0,RS41-SG,403.700,12.7,250,9,2.6,,
2026-09-18T11:22:24.999Z,V3640186,6335,44.54926,7.86615,23729.8,4.9,2.4,68.9,-56.1,1.3,-1.0,RS41-SG,403.700,12.7,250,9,2.7,,
2026-09-18T11:22:25.999Z,V3640186,6336,44.54926,7.86617,23735.2,6.2,1.4,80.8,-56.1,1.3,-1.0,RS41-SG,403.700,11.4,250,9,2.7,,
2026-09-18T11:22:26.999Z,V3640186,6337,44.54926,7.86618,23740.8,5.3,0.4,185.0,-56.0,1.3,-1.0,RS41-SG,403.700,12.2,250,9,2.7,,
2026-09-18T11:22:27.999Z,V3640186,6338,44.54926,7.86617,23745.8,4.7,1.5,221.0,-56.0,1.3,-1.0,RS41-SG,403.700,12.2,250,9,2.6,,
2026-09-18T11:22:28.999Z,V3640186,6339,44.54924,7.86616,23751.3,6.0,2.5,215.0,-55.9,1.2,-1.0,RS41-SG,403.700,11.9,250,9,2.6,,
2026-09-18T11:22:29.999Z,V3640186,6340,44.54922,7.86614,23757.0,5.4,2.8,202.8,-55.8,1.3,-1.0,RS41-SG,403.700,12.1,250,9,2.6,,
2026-09-18T11:22:30.999Z,V3640186,6341,44.54920,7.86613,23762.1,5.2,2.7,197.5,-55.8,1.2,-1.0,RS41-SG,403.700,12.1,250,9,2.7,,
2026-09-18T11:22:31.999Z,V3640186,6342,44.54918,7.86612,23767.6,6.1,2.4,204.0,-55.7,1.2,-1.0,RS41-SG,403.700,11.8,250,9,2.7,,
2026-09-18T11:22:32.999Z,V3640186,6343,44.54916,7.86610,23773.3,5.3,2.1,215.9,-55.6,1.2,-1.0,RS41-SG,403.700,12.0,250,9,2.6,,
2026-09-18T11:22:33.999Z,V3640186,6344,44.54915,7.86609,23778.9,5.7,0.9,234.6,-55.6,1.2,-1.0,RS41-SG,403.700,12.0,250,9,2.6,,
2026-09-18T11:22:34.999Z,V3640186,6345,44.54915,7.86609,23785.0,6.6,1.0,32.1,-55.6,1.2,-1.0,RS41-SG,403.700,12.1,250,9,2.7,,
2026-09-18T11:22:35.999Z,V3640186,6346,44.54916,7.86611,23791.3,5.6,2.7,50.1,-55.5,1.2,-1.0,RS41-SG,403.700,12.7,250,9,2.7,,
2026-09-18T11:22:36.999Z,V3640186,6347,44.54918,7.86614,23796.3,4.6,3.8,49.2,-55.6,1.2,-1.0,RS41-SG,403.700,12.7,250,9,2.6,,
2026-09-18T11:22:37.999Z,V3640186,6348,44.54921,7.86617,23801.4,5.6,4.0,45.0,-55.6,1.2,-1.0,RS41-SG,403.700,11.6,250,9,2.6,,
2026-09-18T11:22:38.999Z,V3640186,6349,44.54923,7.86620,23807.2,6.2,3.1,36.0,-55.5,1.2,-1.0,RS41-SG,403.700,11.6,250,9,2.7,,
2026-09-18T11:22:39.999Z,V3640186,6350,44.54925,7.86622,23812.9,5.3,2.0,28.3,-55.6,1.2,-1.0,RS41-SG,403.700,12.7,250,9,2.7,,
2026-09-18T11:22:40.999Z,V3640186,6351,44.54926,7.86623,23818.7,6.2,1.2,18.1,-55.6,1.2,-1.0,RS41-SG,403.700,12.7,250,9,2.6,,
2026-09-18T11:22:41.999Z,V3640186,6352,44.54927,7.86623,23824.6,5.9,0.7,20.5,-55.5,1.2,-1.0,RS41-SG,403.700,12.8,250,9,2.6,,
2026-09-18T11:22:42.999Z,V3640186,6353,44.54928,7.86623,23830.0,4.8,0.6,354.8,-55.5,1.2,-1.0,RS41-SG,403.700,13.1,250,9,2.6,,
2026-09-18T11:22:43.999Z,V3640186,6354,44.54928,7.86623,23835.1,5.8,1.0,297.5,-55.6,1.2,-1.0,RS41-SG,403.700,13.1,250,9,2.7,,
2026-09-18T11:22:44.999Z,V3640186,6355,44.54928,7.86621,23840.7,5.5,1.7,280.4,-55.6,1.2,-1.0,RS41-SG,403.700,11.9,250,9,2.7,,
2026-09-18T11:22:45.999Z,V3640186,6356,44.54929,7.86619,23846.1,5.3,2.0,285.6,-55.5,1.2,-1.0,RS41-SG,403.700,13.8,250,9,2.7,,
2026-09-18T11:22:46.999Z,V3640186,6357,44.54930,7.86617,23852.2,6.9,1.9,317.1,-55.7,1.2,-1.0,RS41-SG,403.700,13.8,250,9,2.6,,
2026-09-18T11:22:47.999Z,V3640186,6358,44.54931,7.86616,23858.6,5.8,2.0,0.6,-55.7,1.2,-1.0,RS41-SG,403.700,12.9,250,9,2.6,,
2026-09-18T11:22:48.999Z,V3640186,6359,44.54933,7.86617,23863.6,4.2,2.8,24.4,-55.6,1.2,-1.0,RS41-SG,403.700,11.9,250,9,2.6,,
2026-09-18T11:22:49.999Z,V3640186,6360,44.54935,7.86619,23868.2,5.3,3.3,40.0,-55.5,1.2,-1.0,RS41-SG,403.700,10.4,250,9,2.7,,
2026-09-18T11:22:50.999Z,V3640186,6361,44.54937,7.86621,23873.3,5.1,3.2,47.3,-55.5,1.2,-1.0,RS41-SG,403.700,11.5,250,9,2.7,,
2026-09-18T11:22:51.999Z,V3640186,6362,44.54939,7.86625,23878.9,6.1,3.0,72.3,-55.6,1.2,-1.0,RS41-SG,403.700,11.5,250,9,2.7,,
2026-09-18T11:22:52.999Z,V3640186,6363,44.54939,7.86629,23885.0,6.0,3.7,94.4,-55.7,1.2,-1.0,RS41-SG,403.700,11.5,250,9,2.6,,
2026-09-18T11:22:53.999Z,V3640186,6364,44.54938,7.86634,23890.6,4.9,4.5,104.7,-55.7,1.2,-1.0,RS41-SG,403.700,11.1,250,9,2.6,,
2026-09-18T11:22:54.999Z,V3640186,6365,44.54937,7.86639,23895.2,4.1,4.7,111.5,-55.7,1.2,-1.0,RS41-SG,403.700,11.5,250,9,2.6,,
2026-09-18T11:22:55.999Z,V3640186,6366,44.54936,7.86644,23899.8,5.2,3.6,116.3,-55.6,1.2,-1.0,RS41-SG,403.700,12.5,250,9,2.7,,
2026-09-18T11:22:56.999Z,V3640186,6367,44.54934,7.86647,23905.4,6.4,1.9,130.1,-55.6,1.2,-1.0,RS41-SG,403.700,12.5,250,9,2.7,,
2026-09-18T11:22:57.999Z,V3640186,6368,44.54934,7.86648,23911.0,4.9,0.7,177.7,-55.6,1.2,-1.0,RS41-SG,403.700,11.7,250,9,2.6,,
2026-09-18T11:22:58.999Z,V3640186,6369,44.54933,7.86647,23915.5,4.2,0.5,250.2,-55.6,1.2,-1.0,RS41-SG,403.700,13.8,250,9,2.6,,
2026-09-18T11:22:59.999Z,V3640186,6370,44.54933,7.86647,23920.7,6.1,0.5,286.9,-55.6,1.2,-1.0,RS41-SG,403.700,13.8,250,9,2.7,,
2026-09-18T11:23:00.999Z,V3640186,6371,44.54933,7.86647,23926.8,6.2,0.6,121.9,-55.7,1.3,-1.0,RS41-SG,403.700,12.1,250,9,2.7,,
2026-09-18T11:23:01.999Z,V3640186,6372,44.54933,7.86648,23932.1,4.4,1.7,115.6,-55.7,1.2,-1.0,RS41-SG,403.700,11.9,250,9,2.6,,
2026-09-18T11:23:02.999Z,V3640186,6373,44.54932,7.86651,23936.7,4.7,2.6,110.8,-55.7,1.2,-1.0,RS41-SG,403.700,11.9,250,9,2.6,,
2026-09-18T11:23:03.999Z,V3640186,6374,44.54931,7.86654,23942.2,5.9,2.9,104.6,-55.6,1.2,-1.0,RS41-SG,403.700,12.0,250,9,2.7,,
2026-09-18T11:23:04.999Z,V3640186,6375,44.54931,7.86657,23947.8,5.3,2.9,102.4,-55.6,1.2,-1.0,RS41-SG,403.700,12.7,250,8,2.7,,
2026-09-18T11:23:05.999Z,V3640186,6376,44.54930,7.86661,23953.0,5.2,3.2,106.2,-55.6,1.2,-1.0,RS41-SG,403.700,12.7,250,9,2.6,,
2026-09-18T11:23:06.999Z,V3640186,6377,44.54929,7.86665,23958.8,6.3,4.1,113.6,-55.7,1.2,-1.0,RS41-SG,403.700,12.2,250,9,2.6,,
2026-09-18T11:23:07.999Z,V3640186,6378,44.54927,7.86670,23964.6,5.6,4.8,119.9,-55.8,1.2,-1.0,RS41-SG,403.700,12.0,250,9,2.6,,
2026-09-18T11:23:08.999Z,V3640186,6379,44.54924,7.86675,23970.1,5.8,4.9,128.8,-55.7,1.2,-1.0,RS41-SG,403.700,11.6,250,9,2.7,,
2026-09-18T11:23:09.999Z,V3640186,6380,44.54922,7.86679,23976.1,6.5,4.2,144.5,-55.6,1.2,-1.0,RS41-SG,403.700,12.2,250,9,2.7,,
2026-09-18T11:23:10.999Z,V3640186,6381,44.54919,7.86681,23981.6,4.6,3.5,161.2,-55.5,1.2,-1.0,RS41-SG,403.700,12.2,250,9,2.7,,
2026-09-18T11:23:11.999Z,V3640186,6382,44.54916,7.86682,23986.3,4.3,3.3,180.7,-55.5,1.2,-1.0,RS41-SG,403.700,12.0,250,8,2.6,,
2026-09-18T11:23:12.999Z,V3640186,6383,44.54913,7.86682,23991.7,6.2,3.2,189.7,-55.4,1.2,-1.0,RS41-SG,403.700,11.8,250,9,2.6,,
2026-09-18T11:23:13.999Z,V3640186,6384,44.54910,7.86681,23997.6,6.0,3.2,182.6,-55.5,1.2,-1.0,RS41-SG,403.700,11.9,250,9,2.6,,
2026-09-18T11:23:14.999Z,V3640186,6385,44.54907,7.86681,24002.8,4.6,2.9,171.9,-55.4,1.2,-1.0,RS41-SG,403.700,13.2,250,9,2.7,,
2026-09-18T11:23:15.999Z,V3640186,6386,44.54905,7.86682,24008.0,5.6,2.5,162.6,-55.4,1.2,-1.0,RS41-SG,403.700,13.2,250,9,2.7,,
2026-09-18T11:23:16.999Z,V3640186,6387,44.54903,7.86683,24013.6,5.6,2.0,157.0,-55.4,1.2,-1.0,RS41-SG,403.700,12.5,250,8,2.7,,
2026-09-18T11:23:17.999Z,V3640186,6388,44.54901,7.86684,24019.1,5.3,1.9,139.0,-55.4,1.2,-1.0,RS41-SG,403.700,11.8,250,9,2.6,,
2026-09-18T11:23:18.999Z,V3640186,6389,44.54900,7.86687,24024.9,6.3,3.0,128.0,-55.3,1.2,-1.0,RS41-SG,403.700,12.4,250,9,2.6,,
2026-09-18T11:23:19.999Z,V3640186,6390,44.54898,7.86690,24030.7,5.1,4.3,126.2,-55.3,1.2,-1.0,RS41-SG,403.700,13.4,250,9,2.6,,
2026-09-18T11:23:20.999Z,V3640186,6391,44.54895,7.86695,24035.4,4.2,5.1,127.5,-55.3,1.2,-1.0,RS41-SG,403.700,13.4,250,9,2.7,,
2026-09-18T11:23:21.999Z,V3640186,6392,44.54892,7.86700,24040.2,5.6,5.2,136.2,-55.3,1.2,-1.0,RS41-SG,403.700,12.1,250,9,2.7,,
2026-09-18T11:23:22.999Z,V3640186,6393,44.54889,7.86704,24046.1,6.0,4.7,149.8,-55.4,1.2,-1.0,RS41-SG,403.700,12.1,250,9,2.6,,
2026-09-18T11:23:23.999Z,V3640186,6394,44.54885,7.86706,24051.7,5.0,4.2,164.2,-55.4,1.2,-1.0,RS41-SG,403.700,10.9,250,9,2.6,,
2026-09-18T11:23:24.999Z,V3640186,6395,44.54881,7.86707,24056.4,4.6,4.0,175.4,-55.4,1.2,-1.0,RS41-SG,403.700,9.7,250,9,2.7,,
2026-09-18T11:23:25.999Z,V3640186,6396,44.54878,7.86707,24061.5,5.8,4.0,178.1,-55.3,1.2,-1.0,RS41-SG,403.700,9.3,250,9,2.7,,
2026-09-18T11:23:26.999Z,V3640186,6397,44.54874,7.86707,24067.4,6.0,3.6,174.9,-55.2,1.2,-1.0,RS41-SG,403.700,10.3,250,9,2.6,,
2026-09-18T11:23:27.999Z,V3640186,6398,44.54871,7.86708,24072.8,4.5,3.0,172.0,-55.1,1.2,-1.0,RS41-SG,403.700,10.3,250,9,2.6,,
2026-09-18T11:23:28.999Z,V3640186,6399,44.54869,7.86708,24077.8,5.2,2.1,184.7,-55.1,1.2,-1.0,RS41-SG,403.700,10.5,250,9,2.7,,
2026-09-18T11:23:29.999Z,V3640186,6400,44.54868,7.86707,24083.0,5.7,1.3,210.7,-55.0,1.2,-1.0,RS41-SG,403.700,12.4,250,8,2.7,,
2026-09-18T11:23:30.999Z,V3640186,6401,44.54867,7.86707,24088.2,4.7,0.9,247.5,-55.0,1.2,-1.0,RS41-SG,403.700,12.4,250,9,2.6,,
2026-09-18T11:23:31.999Z,V3640186,6402,44.54867,7.86706,24093.4,5.6,0.3,273.5,-55.1,1.2,-1.0,RS41-SG,403.700,10.3,250,9,2.6,,
2026-09-18T11:23:32.999Z,V3640186,6403,44.54867,7.86706,24099.4,6.1,0.9,101.6,-55.0,1.2,-1.0,RS41-SG,403.700,9.4,250,9,2.6,,
2026-09-18T11:23:33.999Z,V3640186,6404,44.54866,7.86708,24104.5,4.2,1.9,110.8,-54.9,1.2,-1.0,RS41-SG,403.700,9.8,250,9,2.7,,
2026-09-18T11:23:34.999Z,V3640186,6405,44.54866,7.86710,24109.3,5.4,2.2,120.6,-54.8,1.2,-1.0,RS41-SG,403.700,11.0,250,9,2.7,,
2026-09-18T11:23:35.999Z,V3640186,6406,44.54865,7.86712,24115.1,6.4,1.6,130.2,-54.8,1.2,-1.0,RS41-SG,403.700,11.0,250,8,2.7,,
2026-09-18T11:23:36.999Z,V3640186,6407,44.54864,7.86713,24120.6,4.3,1.2,152.8,-54.7,1.1,-1.0,RS41-SG,403.700,9.4,250,8,2.6,,
2026-09-18T11:23:37.999Z,V3640186,6408,44.54862,7.86713,24125.7,5.4,1.7,184.9,-54.8,1.2,-1.0,RS41-SG,403.700,9.4,250,9,2.6,,
2026-09-18T11:23:38.999Z,V3640186,6409,44.54860,7.86713,24131.6,6.3,2.6,185.0,-54.6,1.1,-1.0,RS41-SG,403.700,9.8,250,9,2.6,,
2026-09-18T11:23:39.999Z,V3640186,6410,44.54858,7.86713,24136.8,4.4,3.1,181.8,-54.4,1.1,-1.0,RS41-SG,403.700,9.8,250,9,2.7,,
2026-09-18T11:23:40.999Z,V3640186,6411,44.54855,7.86713,24141.8,5.7,3.2,186.4,-54.3,1.1,-1.0,RS41-SG,403.700,9.9,250,9,2.7,,
2026-09-18T11:23:41.999Z,V3640186,6412,44.54852,7.86712,24147.6,6.2,2.9,200.2,-54.2,1.1,-1.0,RS41-SG,403.700,9.9,250,8,2.7,,
2026-09-18T11:23:42.999Z,V3640186,6413,44.54850,7.86710,24152.9,4.6,2.6,207.0,-54.1,1.1,-1.0,RS41-SG,403.700,9.0,250,8,2.6,,
2026-09-18T11:23:43.999Z,V3640186,6414,44.54848,7.86709,24157.8,4.7,2.2,206.8,-54.0,1.1,-1.0,RS41-SG,403.700,8.2,250,8,2.6,,
2026-09-18T11:23:44.999Z,V3640186,6415,44.54847,7.86708,24163.2,5.8,2.0,191.4,-54.0,1.1,-1.0,RS41-SG,403.700,8.7,250,9,2.6,,
2026-09-18T11:23:45.999Z,V3640186,6416,44.54845,7.86708,24168.8,5.5,2.4,166.2,-53.9,1.1,-1.0,RS41-SG,403.700,8.8,250,9,2.7,,
2026-09-18T11:23:46.999Z,V3640186,6417,44.54843,7.86709,24173.6,4.7,2.3,152.2,-54.0,1.1,-1.0,RS41-SG,403.700,10.3,250,9,2.7,,
2026-09-18T11:23:47.999Z,V3640186,6418,44.54841,7.86711,24178.7,5.3,1.6,131.4,-54.1,1.1,-1.0,RS41-SG,403.700,10.3,250,9,2.6,,
2026-09-18T11:23:48.999Z,V3640186,6419,44.54841,7.86712,24184.4,5.7,0.9,70.2,-54.0,1.1,-1.0,RS41-SG,403.700,9.3,250,9,2.6,,
2026-09-18T11:23:49.999Z,V3640186,6420,44.54842,7.86713,24189.5,4.6,1.3,17.2,-54.0,1.1,-1.0,RS41-SG,403.700,9.1,250,9,2.7,,
2026-09-18T11:23:50.999Z,V3640186,6421,44.54843,7.86713,24194.2,5.1,1.4,358.8,-54.0,1.1,-1.0,RS41-SG,403.700,9.4,250,9,2.7,,
2026-09-18T11:23:51.999Z,V3640186,6422,44.54844,7.86713,24199.8,6.1,0.7,352.9,-54.0,1.1,-1.0,RS41-SG,403.700,9.4,250,9,2.6,,
2026-09-18T11:23:52.999Z,V3640186,6423,44.54844,7.86713,24205.4,5.0,0.4,131.7,-53.9,1.1,-1.0,RS41-SG,403.700,9.1,250,9,2.6,,
2026-09-18T11:23:53.999Z,V3640186,6424,44.54844,7.86714,24210.2,4.7,0.9,135.1,-53.8,1.1,-1.0,RS41-SG,403.700,8.5,250,9,2.7,,
2026-09-18T11:23:54.999Z,V3640186,6425,44.54843,7.86715,24215.5,5.9,1.1,141.5,-53.7,1.1,-1.0,RS41-SG,403.700,9.2,250,9,2.7,,
2026-09-18T11:23:55.999Z,V3640186,6426,44.54842,7.86715,24220.7,4.7,0.9,141.0,-53.7,1.1,-1.0,RS41-SG,403.700,10.2,250,9,2.6,,
2026-09-18T11:23:56.999Z,V3640186,6427,44.54842,7.86716,24226.0,5.5,1.2,139.8,-53.7,1.1,-1.0,RS41-SG,403.700,10.2,250,9,2.6,,
2026-09-18T11:23:57.999Z,V3640186,6428,44.54840,7.86718,24231.9,6.3,2.2,141.7,-53.7,1.1,-1.0,RS41-SG,403.700,8.1,250,8,2.6,,
2026-09-18T11:23:58.999Z,V3640186,6429,44.54839,7.86720,24237.3,4.9,3.0,140.8,-53.7,1.1,-1.0,RS41-SG,403.700,8.8,250,9,2.7,,
2026-09-18T11:23:59.999Z,V3640186,6430,44.54836,7.86722,24242.1,4.8,3.3,138.5,-53.6,1.1,-1.0,RS41-SG,403.700,9.8,250,9,2.7,,
2026-09-18T11:24:00.999Z,V3640186,6431,44.54835,7.86725,24247.1,5.2,2.6,128.4,-53.7,1.1,-1.0,RS41-SG,403.700,9.8,250,9,2.7,,
2026-09-18T11:24:01.999Z,V3640186,6432,44.54834,7.86727,24252.7,5.7,1.7,97.1,-53.7,1.1,-1.0,RS41-SG,403.700,10.1,250,9,2.6,,
2026-09-18T11:24:02.999Z,V3640186,6433,44.54834,7.86729,24258.1,4.9,1.8,55.7,-53.6,1.1,-1.0,RS41-SG,403.700,10.1,250,8,2.6,,
2026-09-18T11:24:03.999Z,V3640186,6434,44.54835,7.86731,24262.7,4.4,2.6,40.9,-53.5,1.1,-1.0,RS41-SG,403.700,10.7,250,9,2.6,,
2026-09-18T11:24:04.999Z,V3640186,6435,44.54837,7.86734,24267.9,5.6,3.2,49.3,-53.6,1.1,-1.0,RS41-SG,403.700,10.9,250,9,2.7,,
2026-09-18T11:24:05.999Z,V3640186,6436,44.54839,7.86737,24273.5,5.9,3.4,59.1,-53.6,1.1,-1.0,RS41-SG,403.700,10.9,250,9,2.7,,
2026-09-18T11:24:06.999Z,V3640186,6437,44.54840,7.86741,24278.8,4.8,3.1,65.5,-53.5,1.1,-1.0,RS41-SG,403.700,10.4,250,9,2.7,,
2026-09-18T11:24:07.999Z,V3640186,6438,44.54841,7.86744,24283.8,5.1,2.4,63.2,-53.5,1.1,-1.0,RS41-SG,403.700,10.3,250,9,2.6,,
2026-09-18T11:24:08.999Z,V3640186,6439,44.54842,7.86745,24289.3,5.7,1.1,44.4,-53.5,1.1,-1.0,RS41-SG,403.700,10.7,250,9,2.6,,
2026-09-18T11:24:09.999Z,V3640186,6440,44.54843,7.86746,24294.4,4.5,0.6,347.4,-53.6,1.1,-1.0,RS41-SG,403.700,10.7,250,9,2.6,,
2026-09-18T11:24:10.999Z,V3640186,6441,44.54843,7.86745,24299.4,5.6,0.9,262.7,-53.6,1.1,-1.0,RS41-SG,403.700,9.2,250,9,2.7,,
2026-09-18T11:24:11.999Z,V3640186,6442,44.54842,7.86744,24305.3,6.4,1.6,211.4,-53.5,1.1,-1.0,RS41-SG,403.700,8.3,250,9,2.7,,
2026-09-18T11:24:12.999Z,V3640186,6443,44.54841,7.86744,24310.7,4.1,2.1,188.0,-53.6,1.1,-1.0,RS41-SG,403.700,8.5,250,9,2.6,,
2026-09-18T11:24:13.999Z,V3640186,6444,44.54839,7.86743,24315.2,4.8,2.2,175.5,-53.6,1.1,-1.0,RS41-SG,403.700,8.5,250,9,2.6,,
2026-09-18T11:24:14.999Z,V3640186,6445,44.54837,7.86744,24320.7,6.4,1.4,169.1,-53.6,1.1,-1.0,RS41-SG,403.700,8.3,250,7,2.7,,
2026-09-18T11:24:15.999Z,V3640186,6446,44.54836,7.86744,24326.2,5.1,0.6,156.9,-53.6,1.1,-1.0,RS41-SG,403.700,9.2,250,9,2.7,,
2026-09-18T11:24:16.999Z,V3640186,6447,44.54836,7.86745,24331.5,5.3,0.9,60.3,-53.7,1.1,-1.0,RS41-SG,403.700,9.2,250,9,2.6,,
2026-09-18T11:24:17.999Z,V3640186,6448,44.54837,7.86746,24337.6,6.4,2.0,59.5,-53.7,1.1,-1.0,RS41-SG,403.700,8.7,250,9,2.6,,
2026-09-18T11:24:18.999Z,V3640186,6449,44.54838,7.86749,24343.2,4.8,2.6,62.7,-53.7,1.1,-1.0,RS41-SG,403.700,7.7,250,9,2.7,,
2026-09-18T11:24:19.999Z,V3640186,6450,44.54840,7.86752,24348.2,5.3,3.5,55.5,-53.8,1.1,-1.0,RS41-SG,403.700,8.3,250,9,2.7,,
2026-09-18T11:24:20.999Z,V3640186,6451,44.54842,7.86755,24353.6,5.9,3.8,39.9,-53.9,1.1,-1.0,RS41-SG,403.700,8.6,250,9,2.6,,
2026-09-18T11:24:21.999Z,V3640186,6452,44.54845,7.86758,24358.7,4.2,3.9,24.8,-53.8,1.1,-1.0,RS41-SG,403.700,8.9,250,9,2.6,,
2026-09-18T11:24:22.999Z,V3640186,6453,44.54848,7.86760,24363.4,4.8,3.6,15.7,-53.9,1.1,-1.0,RS41-SG,403.700,8.9,250,9,2.6,,
2026-09-18T11:24:23.999Z,V3640186,6454,44.54850,7.86761,24368.8,6.2,2.6,15.3,-53.9,1.1,-1.0,RS41-SG,403.700,8.5,250,9,2.7,,
2026-09-18T11:24:24.999Z,V3640186,6455,44.54852,7.86762,24374.2,5.3,1.8,25.2,-53.8,1.1,-1.0,RS41-SG,403.700,9.4,250,9,2.7,,
2026-09-18T11:24:25.999Z,V3640186,6456,44.54853,7.86763,24379.1,4.4,1.2,28.9,-53.8,1.1,-1.0,RS41-SG,403.700,9.4,250,9,2.7,,
2026-09-18T11:24:26.999Z,V3640186,6457,44.54854,7.86763,24383.8,4.9,1.2,1.0,-53.9,1.1,-1.0,RS41-SG,403.700,8.6,250,9,2.6,,
2026-09-18T11:24:27.999Z,V3640186,6458,44.54856,7.86762,24389.3,6.0,2.0,339.7,-53.9,1.1,-1.0,RS41-SG,403.700,8.3,250,9,2.6,,
2026-09-18T11:24:28.999Z,V3640186,6459,44.54858,7.86761,24394.9,5.1,2.9,341.2,-53.8,1.1,-1.0,RS41-SG,403.700,9.5,250,9,2.6,,
2026-09-18T11:24:29.999Z,V3640186,6460,44.54860,7.86760,24400.0,5.3,3.2,350.6,-53.9,1.1,-1.0,RS41-SG,403.700,9.5,250,9,2.7,,
2026-09-18T11:24:31.999Z,V3640186,6462,44.54866,7.86761,24411.7,4.9,2.7,19.5,-53.8,1.1,-1.0,RS41-SG,403.700,8.5,250,9,2.7,,
2026-09-18T11:24:32.999Z,V3640186,6463,44.54868,7.86763,24416.3,4.3,2.5,34.7,-53.8,1.1,-1.0,RS41-SG,403.700,8.5,250,9,2.6,,
2026-09-18T11:24:33.999Z,V3640186,6464,44.54870,7.86764,24421.3,5.2,2.4,38.2,-53.8,1.1,-1.0,RS41-SG,403.700,8.4,250,9,2.6,,
2026-09-18T11:24:34.999Z,V3640186,6465,44.54871,7.86766,24426.8,5.6,2.5,25.7,-53.8,1.1,-1.0,RS41-SG,403.700,8.6,250,9,2.6,,
2026-09-18T11:24:35.999Z,V3640186,6466,44.54874,7.86767,24431.6,4.6,2.4,14.0,-53.8,1.1,-1.0,RS41-SG,403.700,8.6,250,9,2.7,,
2026-09-18T11:24:37.999Z,V3640186,6468,44.54876,7.86768,24442.4,6.1,0.9,27.4,-53.8,1.1,-1.0,RS41-SG,403.700,7.7,250,9,2.7,,
2026-09-18T11:24:38.999Z,V3640186,6469,44.54877,7.86769,24447.7,4.3,0.4,78.6,-53.8,1.1,-1.0,RS41-SG,403.700,9.0,250,9,2.6,,
2026-09-18T11:24:39.999Z,V3640186,6470,44.54877,7.86769,24452.6,5.4,0.1,104.8,-53.9,1.1,-1.0,RS41-SG,403.700,9.5,250,9,2.6,,
2026-09-18T11:24:40.999Z,V3640186,6471,44.54877,7.86768,24458.4,6.3,1.2,315.4,-53.9,1.1,-1.0,RS41-SG,403.700,9.5,250,9,2.6,,
2026-09-18T11:24:41.999Z,V3640186,6472,44.54878,7.86767,24464.2,5.8,2.6,316.3,-54.1,1.1,-1.0,RS41-SG,403.700,9.4,250,9,2.7,,
2026-09-18T11:24:42.999Z,V3640186,6473,44.54881,7.86764,24469.2,4.4,3.7,321.9,-54.0,1.1,-1.0,RS41-SG,403.700,8.9,250,9,2.7,,
2026-09-18T11:24:43.999Z,V3640186,6474,44.54883,7.86761,24474.4,5.8,3.8,325.7,-54.0,1.1,-1.0,RS41-SG,403.700,10.4,250,8,2.6,,
2026-09-18T11:24:44.999Z,V3640186,6475,44.54886,7.86759,24480.7,6.6,3.8,339.1,-54.2,1.1,-1.0,RS41-SG,403.700,10.4,250,9,2.6,,
2026-09-18T11:24:45.999Z,V3640186,6476,44.54889,7.86758,24486.9,5.5,3.4,356.6,-54.2,1.1,-1.0,RS41-SG,403.700,8.6,250,9,2.7,,
2026-09-18T11:24:46.999Z,V3640186,6477,44.54893,7.86759,24492.2,5.3,4.2,12.0,-54.2,1.1,-1.0,RS41-SG,403.700,10.0,250,9,2.7,,
2026-09-18T11:24:47.999Z,V3640186,6478,44.54897,7.86760,24497.7,5.9,5.3,19.6,-54.2,1.2,-1.0,RS41-SG,403.700,10.5,250,9,2.6,,
2026-09-18T11:24:48.999Z,V3640186,6479,44.54902,7.86763,24503.4,5.7,6.3,21.7,-54.3,1.2,-1.0,RS41-SG,403.700,10.5,250,9,2.6,,
2026-09-18T11:24:49.999Z,V3640186,6480,44.54907,7.86766,24508.8,5.1,6.2,23.2,-54.3,1.2,-1.0,RS41-SG,403.700,9.4,250,9,2.7,,
2026-09-18T11:24:50.999Z,V3640186,6481,44.54912,7.86769,24514.7,6.6,5.1,24.2,-54.1,1.1,-1.0,RS41-SG,403.700,9.3,250,9,2.7,,
2026-09-18T11:24:51.999Z,V3640186,6482,44.54915,7.86771,24520.6,5.5,3.7,28.2,-54.1,1.1,-1.0,RS41-SG,403.700,9.5,250,9,2.6,,
2026-09-18T11:24:52.999Z,V3640186,6483,44.54918,7.86773,24525.4,3.7,2.9,29.2,-54.2,1.2,-1.0,RS41-SG,403.700,10.0,250,9,2.6,,
2026-09-18T11:24:53.999Z,V3640186,6484,44.54920,7.86775,24529.6,4.6,2.3,21.2,-54.2,1.2,-1.0,RS41-SG,403.700,10.0,250,9,2.6,,
2026-09-18T11:24:54.999Z,V3640186,6485,44.54922,7.86775,24534.6,5.4,3.1,5.6,-54.2,1.2,-1.0,RS41-SG,403.700,10.8,250,9,2.7,,
2026-09-18T11:24:55.999Z,V3640186,6486,44.54926,7.86776,24539.3,4.5,3.9,3.6,-54.1,1.1,-1.0,RS41-SG,403.700,10.8,250,9,2.7,,
2026-09-18T11:24:56.999Z,V3640186,6487,44.54929,7.86776,24543.9,4.7,4.5,9.1,-54.3,1.2,-1.0,RS41-SG,403.700,11.0,250,9,2.7,,
2026-09-18T11:24:57.999Z,V3640186,6488,44.54933,7.86778,24549.2,5.9,4.9,20.9,-54.3,1.1,-1.0,RS41-SG,403.700,11.0,250,9,2.6,,
2026-09-18T11:24:58.999Z,V3640186,6489,44.54938,7.86781,24554.4,4.5,5.2,31.1,-54.3,1.1,-1.0,RS41-SG,403.700,10.2,250,9,2.6,,
2026-09-18T11:24:59.999Z,V3640186,6490,44.54942,7.86784,24559.4,4.9,5.8,37.3,-54.3,1.1,-1.0,RS41-SG,403.700,10.7,250,9,2.6,,
2026-09-18T11:25:00.999Z,V3640186,6491,44.54946,7.86789,24564.6,6.1,6.4,37.2,-54.4,1.1,-1.0,RS41-SG,403.700,11.4,250,9,2.7,,
2026-09-18T11:25:01.999Z,V3640186,6492,44.54951,7.86794,24570.2,5.1,6.5,35.3,-54.5,1.2,-1.0,RS41-SG,403.700,11.4,250,9,2.7,,
2026-09-18T11:25:02.999Z,V3640186,6493,44.54955,7.86798,24575.1,4.9,5.9,36.6,-54.5,1.1,-1.0,RS41-SG,403.700,10.3,250,9,2.7,,
2026-09-18T11:25:03.999Z,V3640186,6494,44.54959,7.86803,24580.5,5.7,4.9,40.8,-54.4,1.1,-1.0,RS41-SG,403.700,9.8,250,9,2.6,,
2026-09-18T11:25:04.999Z,V3640186,6495,44.54962,7.86806,24586.0,5.1,3.8,50.4,-54.3,1.1,-1.0,RS41-SG,403.700,11.2,250,9,2.6,,
2026-09-18T11:25:05.999Z,V3640186,6496,44.54963,7.86810,24590.9,4.4,3.0,57.8,-54.2,1.2,-1.0,RS41-SG,403.700,11.5,250,9,2.6,,
2026-09-18T11:25:06.999Z,V3640186,6497,44.54965,7.86813,24596.1,6.0,2.6,49.0,-54.1,1.1,-1.0,RS41-SG,403.700,11.5,250,9,2.7,,
2026-09-18T11:25:07.999Z,V3640186,6498,44.54967,7.86815,24601.6,5.3,3.0,25.8,-53.9,1.1,-1.0,RS41-SG,403.700,11.2,250,9,2.7,,
2026-09-18T11:25:08.999Z,V3640186,6499,44.54970,7.86816,24606.6,4.7,3.6,11.4,-53.6,1.1,-1.0,RS41-SG,403.700,11.2,250,9,2.7,,
2026-09-18T11:25:09.999Z,V3640186,6500,44.54973,7.86817,24612.1,6.4,4.2,5.8,-53.4,1.0,-1.0,RS41-SG,403.700,10.9,250,9,2.6,,
2026-09-18T11:25:10.999Z,V3640186,6501,44.54977,7.86817,24618.2,5.6,4.1,9.0,-53.3,1.0,-1.0,RS41-SG,403.700,11.2,250,9,2.6,,
2026-09-18T11:25:11.999Z,V3640186,6502,44.54980,7.86818,24623.5,4.9,4.2,12.7,-53.2,1.0,-1.0,RS41-SG,403.700,11.2,250,9,2.6,,
2026-09-18T11:25:12.999Z,V3640186,6503,44.54985,7.86820,24629.0,6.3,5.1,18.4,-53.1,1.0,-1.0,RS41-SG,403.700,9.7,250,9,2.7,,
2026-09-18T11:25:13.999Z,V3640186,6504,44.54989,7.86822,24634.8,5.5,6.4,22.4,-52.9,1.0,-1.0,RS41-SG,403.700,9.7,250,9,2.7,,
2026-09-18T11:25:14.999Z,V3640186,6505,44.54995,7.86826,24639.7,4.5,7.1,28.5,-52.8,1.0,-1.0,RS41-SG,403.700,10.4,250,9,2.6,,
2026-09-18T11:25:15.999Z,V3640186,6506,44.55000,7.86831,24645.0,5.8,7.5,41.3,-52.9,1.0,-1.0,RS41-SG,403.700,10.5,250,9,2.6,,
2026-09-18T11:25:16.999Z,V3640186,6507,44.55005,7.86838,24650.7,5.8,7.3,52.1,-52.8,1.0,-1.0,RS41-SG,403.700,10.5,250,9,2.7,,
2026-09-18T11:25:17.999Z,V3640186,6508,44.55008,7.86845,24655.7,4.4,7.0,60.0,-52.8,1.0,-1.0,RS41-SG,403.700,10.5,250,9,2.7,,
2026-09-18T11:25:18.999Z,V3640186,6509,44.55011,7.86853,24660.6,5.2,6.8,62.7,-52.7,1.0,-1.0,RS41-SG,403.700,10.5,250,9,2.6,,
2026-09-18T11:25:19.999Z,V3640186,6510,44.55014,7.86860,24666.5,6.5,6.5,58.0,-52.6,1.0,-1.0,RS41-SG,403.700,10.0,250,9,2.6,,
2026-09-18T11:25:20.999Z,V3640186,6511,44.55017,7.86867,24672.5,5.7,6.2,50.3,-52.5,1.0,-1.0,RS41-SG,403.700,10.0,250,9,2.7,,
2026-09-18T11:25:21.999Z,V3640186,6512,44.55021,7.86872,24678.1,5.4,5.7,40.4,-52.5,1.0,-1.0,RS41-SG,403.700,10.6,250,9,2.7,,
2026-09-18T11:25:22.999Z,V3640186,6513,44.55025,7.86876,24683.9,6.1,5.1,31.8,-52.5,1.0,-1.0,RS41-SG,403.700,10.6,250,9,2.6,,
2026-09-18T11:25:23.999Z,V3640186,6514,44.55029,7.86879,24689.8,5.3,4.6,25.7,-52.5,1.0,-1.0,RS41-SG,403.700,10.4,250,9,2.6,,
2026-09-18T11:25:24.999Z,V3640186,6515,44.55033,7.86881,24694.8,4.7,4.6,19.8,-52.5,1.0,-1.0,RS41-SG,403.700,9.3,250,9,2.6,,
2026-09-18T11:25:25.999Z,V3640186,6516,44.55037,7.86883,24699.8,5.6,5.5,15.3,-52.5,1.1,-1.0,RS41-SG,403.700,9.5,250,9,2.7,,
2026-09-18T11:25:26.999Z,V3640186,6517,44.55042,7.86885,24705.4,6.0,6.8,12.3,-52.5,1.0,-1.0,RS41-SG,403.700,10.2,250,9,2.7,,
2026-09-18T11:25:27.999Z,V3640186,6518,44.55049,7.86887,24710.8,4.7,7.8,11.6,-52.6,1.0,-1.0,RS41-SG,403.700,10.2,250,9,2.7,,
2026-09-18T11:25:28.999Z,V3640186,6519,44.55056,7.86889,24715.7,5.0,8.0,15.3,-52.6,1.0,-1.0,RS41-SG,403.700,10.7,250,9,2.6,,
2026-09-18T11:25:29.999Z,V3640186,6520,44.55062,7.86892,24721.5,6.0,7.2,19.1,-52.6,1.0,-1.0,RS41-SG,403.700,11.1,250,9,2.6,,
2026-09-18T11:25:30.999Z,V3640186,6521,44.55068,7.86895,24727.2,5.3,6.1,24.4,-52.6,1.0,-1.0,RS41-SG,403.700,11.1,250,9,2.6,,
2026-09-18T11:25:31.999Z,V3640186,6522,44.55072,7.86898,24732.2,4.5,5.2,27.9,-52.4,1.0,-1.0,RS41-SG,403.700,11.0,250,9,2.7,,
2026-09-18T11:25:32.999Z,V3640186,6523,44.55076,7.86900,24737.2,5.5,4.4,24.8,-52.3,1.0,-1.0,RS41-SG,403.700,11.0,250,9,2.7,,
2026-09-18T11:25:33.999Z,V3640186,6524,44.55080,7.86902,24742.9,6.1,4.4,16.1,-52.3,1.0,-1.0,RS41-SG,403.700,10.8,250,9,2.7,,
2026-09-18T11:25:34.999Z,V3640186,6525,44.55084,7.86904,24748.5,5.1,4.6,11.7,-52.4,1.0,-1.0,RS41-SG,403.700,11.7,250,9,2.6,,
2026-09-18T11:25:35.999Z,V3640186,6526,44.55088,7.86905,24753.7,5.0,4.6,9.5,-52.4,1.0,-1.0,RS41-SG,403.700,11.7,250,9,2.6,,
2026-09-18T11:25:36.999Z,V3640186,6527,44.55092,7.86906,24759.3,6.1,4.4,11.6,-52.4,1.0,-1.0,RS41-SG,403.700,11.8,250,9,2.6,,
2026-09-18T11:25:37.999Z,V3640186,6528,44.55095,7.86907,24764.8,5.5,3.9,17.6,-52.4,1.0,-1.0,RS41-SG,403.700,11.8,250,9,2.7,,
2026-09-18T11:25:38.999Z,V3640186,6529,44.55099,7.86909,24770.2,5.3,4.5,22.0,-52.4,1.0,-1.0,RS41-SG,403.700,11.5,250,9,2.7,,
2026-09-18T11:25:39.999Z,V3640186,6530,44.55103,7.86911,24776.1,6.4,5.8,23.1,-52.4,1.0,-1.0,RS41-SG,403.700,10.0,250,9,2.7,,
2026-09-18T11:25:40.999Z,V3640186,6531,44.55109,7.86914,24782.4,5.9,7.4,20.8,-52.4,1.1,-1.0,RS41-SG,403.700,10.6,250,9,2.6,,
2026-09-18T11:25:41.999Z,V3640186,6532,44.55115,7.86918,24787.5,4.0,8.4,19.4,-52.4,1.0,-1.0,RS41-SG,403.700,10.6,250,9,2.6,,
2026-09-18T11:25:42.999Z,V3640186,6533,44.55122,7.86921,24792.2,5.2,8.6,18.5,-52.5,1.1,-1.0,RS41-SG,403.700,11.9,250,9,2.6,,
2026-09-18T11:25:43.999Z,V3640186,6534,44.55129,7.86925,24798.0,6.4,8.0,18.3,-52.6,1.1,-1.0,RS41-SG,403.700,12.1,250,9,2.7,,
2026-09-18T11:25:44.999Z,V3640186,6535,44.55136,7.86927,24803.9,5.7,6.5,17.4,-52.6,1.1,-1.0,RS41-SG,403.700,12.1,250,9,2.7,,
2026-09-18T11:25:45.999Z,V3640186,6536,44.55141,7.86929,24809.6,6.1,5.5,12.3,-52.6,1.0,-1.0,RS41-SG,403.700,12.1,250,9,2.6,,
2026-09-18T11:25:46.999Z,V3640186,6537,44.55146,7.86930,24815.8,6.1,5.0,1.9,-52.6,1.0,-1.0,RS41-SG,403.700,11.6,250,9,2.6,,
2026-09-18T11:25:47.999Z,V3640186,6538,44.55150,7.86930,24822.1,6.2,5.3,352.4,-52.7,1.0,-1.0,RS41-SG,403.700,11.6,250,9,2.7,,
2026-09-18T11:25:48.999Z,V3640186,6539,44.55155,7.86929,24827.8,5.0,5.7,347.4,-52.8,1.1,-1.0,RS41-SG,403.700,11.3,250,9,2.7,,
2026-09-18T11:25:49.999Z,V3640186,6540,44.55160,7.86927,24833.0,5.4,5.4,348.9,-53.0,1.1,-1.0,RS41-SG,403.700,10.8,250,9,2.6,,
2026-09-18T11:25:50.999Z,V3640186,6541,44.55164,7.86926,24839.0,6.6,4.7,358.3,-53.0,1.1,-1.0,RS41-SG,403.700,11.3,250,9,2.6,,
2026-09-18T11:25:51.999Z,V3640186,6542,44.55168,7.86927,24845.1,5.4,4.3,11.9,-53.0,1.0,-1.0,RS41-SG,403.700,13.0,250,9,2.7,,
2026-09-18T11:25:52.999Z,V3640186,6543,44.55172,7.86928,24850.6,5.5,4.7,19.8,-53.0,1.1,-1.0,RS41-SG,403.700,13.0,250,8,2.7,,
2026-09-18T11:25:53.999Z,V3640186,6544,44.55177,7.86930,24857.0,7.1,5.4,20.3,-53.0,1.1,-1.0,RS41-SG,403.700,12.9,250,8,2.6,,
2026-09-18T11:25:54.999Z,V3640186,6545,44.55182,7.86933,24863.5,5.9,6.3,15.7,-53.1,1.1,-1.0,RS41-SG,403.700,13.2,250,9,2.6,,
2026-09-18T11:25:55.999Z,V3640186,6546,44.55187,7.86935,24868.7,4.7,6.9,11.9,-53.1,1.1,-1.0,RS41-SG,403.700,13.2,250,9,2.6,,
2026-09-18T11:25:56.999Z,V3640186,6547,44.55193,7.86936,24874.2,6.3,6.8,11.7,-53.2,1.1,-1.0,RS41-SG,403.700,12.2,250,9,2.7,,
2026-09-18T11:25:57.999Z,V3640186,6548,44.55199,7.86938,24880.2,6.2,6.0,11.7,-53.3,1.1,-1.0,RS41-SG,403.700,12.9,250,9,2.7,,
2026-09-18T11:25:58.999Z,V3640186,6549,44.55204,7.86939,24886.0,5.4,5.5,11.0,-53.4,1.1,-1.0,RS41-SG,403.700,12.9,250,9,2.7,,
2026-09-18T11:25:59.999Z,V3640186,6550,44.55209,7.86940,24892.1,6.7,5.2,3.5,-53.5,1.1,-1.0,RS41-SG,403.700,12.6,250,9,2.6,,
2026-09-18T11:26:00.999Z,V3640186,6551,44.55214,7.86940,24898.9,6.5,5.6,354.1,-53.5,1.1,-1.0,RS41-SG,403.700,12.6,250,9,2.6,,
2026-09-18T11:26:01.999Z,V3640186,6552,44.55219,7.86939,24904.8,5.0,5.8,347.8,-53.5,1.1,-1.0,RS41-SG,403.700,12.5,250,9,2.6,,
2026-09-18T11:26:02.999Z,V3640186,6553,44.55223,7.86937,24910.1,5.7,5.4,341.8,-53.5,1.1,-1.0,RS41-SG,403.700,11.3,250,9,2.7,,
2026-09-18T11:26:03.999Z,V3640186,6554,44.55228,7.86935,24916.2,6.8,4.4,336.2,-53.5,1.1,-1.0,RS41-SG,403.700,10.4,250,9,2.7,,
2026-09-18T11:26:04.999Z,V3640186,6555,44.55231,7.86933,24922.5,5.8,3.6,333.6,-53.6,1.1,-1.0,RS41-SG,403.700,9.6,250,9,2.7,,
2026-09-18T11:26:06.999Z,V3640186,6557,44.55236,7.86929,24934.9,7.0,3.8,340.8,-53.7,1.1,-1.0,RS41-SG,403.700,10.9,250,8,2.6,,
2026-09-18T11:26:07.999Z,V3640186,6558,44.55240,7.86928,24941.1,5.7,4.5,345.9,-53.7,1.1,-1.0,RS41-SG,403.700,10.9,250,9,2.6,,
2026-09-18T11:26:08.999Z,V3640186,6559,44.55244,7.86926,24946.4,5.0,4.8,348.7,-53.7,1.2,-1.0,RS41-SG,403.700,10.8,250,9,2.7,,
2026-09-18T11:26:09.999Z,V3640186,6560,44.55248,7.86925,24951.8,5.8,4.6,352.9,-53.8,1.1,-1.0,RS41-SG,403.700,10.7,250,9,2.7,,
2026-09-18T11:26:10.999Z,V3640186,6561,44.55252,7.86925,24957.9,6.6,3.7,358.8,-53.9,1.2,-1.0,RS41-SG,403.700,11.0,250,9,2.7,,
2026-09-18T11:26:11.999Z,V3640186,6562,44.55255,7.86925,24964.0,5.3,2.9,7.1,-54.0,1.1,-1.0,RS41-SG,403.700,12.7,250,9,2.6,,
2026-09-18T11:26:12.999Z,V3640186,6563,44.55258,7.86926,24969.5,5.4,2.8,9.6,-54.1,1.2,-1.0,RS41-SG,403.700,12.7,250,9,2.6,,
2026-09-18T11:26:13.999Z,V3640186,6564,44.55260,7.86926,24975.3,6.1,3.1,3.4,-54.1,1.1,-1.0,RS41-SG,403.700,12.8,250,9,2.6,,
2026-09-18T11:26:14.999Z,V3640186,6565,44.55264,7.86926,24981.8,7.1,4.0,355.6,-54.1,1.1,-1.0,RS41-SG,403.700,12.8,250,8,2.7,,
2026-09-18T11:26:15.999Z,V3640186,6566,44.55268,7.86925,24987.8,5.2,4.9,350.3,-54.0,1.1,-1.0,RS41-SG,403.700,11.4,250,8,2.7,,
2026-09-18T11:26:16.999Z,V3640186,6567,44.55272,7.86924,24993.4,5.7,4.9,340.9,-53.9,1.1,-1.0,RS41-SG,403.700,11.1,250,9,2.7,,
2026-09-18T11:26:17.999Z,V3640186,6568,44.55276,7.86921,24999.9,6.8,4.3,330.2,-54.0,1.1,-1.0,RS41-SG,403.700,11.1,250,9,2.6,,
2026-09-18T11:26:18.999Z,V3640186,6569,44.55278,7.86918,25005.9,5.2,3.7,317.5,-54.1,1.1,-1.0,RS41-SG,403.700,11.1,250,9,2.6,,
2026-09-18T11:26:19.999Z,V3640186,6570,44.55281,7.86915,25011.2,5.4,3.5,304.9,-54.1,1.1,-1.0,RS41-SG,403.700,11.1,250,9,2.6,,
2026-09-18T11:26:20.999Z,V3640186,6571,44.55282,7.86911,25017.3,6.8,3.8,303.6,-54.1,1.2,-1.0,RS41-SG,403.700,10.9,250,9,2.7,,
2026-09-18T11:26:21.999Z,V3640186,6572,44.55284,7.86907,25023.7,6.4,4.2,307.3,-54.2,1.2,-1.0,RS41-SG,403.700,11.9,250,9,2.7,,
2026-09-18T11:26:22.999Z,V3640186,6573,44.55287,7.86903,25029.7,5.5,4.5,309.9,-54.3,1.2,-1.0,RS41-SG,403.700,12.4,250,9,2.6,,
2026-09-18T11:26:23.999Z,V3640186,6574,44.55289,7.86899,25035.2,5.9,4.1,307.7,-54.4,1.1,-1.0,RS41-SG,403.700,12.4,250,9,2.6,,
2026-09-18T11:26:24.999Z,V3640186,6575,44.55291,7.86895,25041.4,6.6,3.5,303.2,-54.4,1.1,-1.0,RS41-SG,403.700,10.6,250,9,2.7,,
2026-09-18T11:26:25.999Z,V3640186,6576,44.55293,7.86891,25047.5,5.7,3.1,295.1,-54.4,1.2,-1.0,RS41-SG,403.700,10.0,250,9,2.7,,
2026-09-18T11:26:26.999Z,V3640186,6577,44.55294,7.86888,25053.6,6.2,3.2,301.5,-54.5,1.1,-1.0,RS41-SG,403.700,10.7,250,9,2.6,,
2026-09-18T11:26:27.999Z,V3640186,6578,44.55296,7.86884,25059.8,6.4,4.1,311.1,-54.6,1.2,-1.0,RS41-SG,403.700,10.7,250,9,2.6,,
2026-09-18T11:26:28.999Z,V3640186,6579,44.55299,7.86880,25065.9,5.8,5.0,322.6,-54.6,1.1,-1.0,RS41-SG,403.700,10.3,250,9,2.7,,
2026-09-18T11:26:29.999Z,V3640186,6580,44.55303,7.86877,25071.2,4.7,5.7,332.4,-54.5,1.1,-1.0,RS41-SG,403.700,10.0,250,9,2.7,,
2026-09-18T11:26:30.999Z,V3640186,6581,44.55308,7.86874,25076.2,5.1,5.7,341.9,-54.5,1.1,-1.0,RS41-SG,403.700,10.1,250,9,2.6,,
2026-09-18T11:26:31.999Z,V3640186,6582,44.55313,7.86872,25081.8,5.8,5.2,351.4,-54.6,1.2,-1.0,RS41-SG,403.700,10.2,250,9,2.6,,
2026-09-18T11:26:32.999Z,V3640186,6583,44.55317,7.86871,25087.8,6.4,4.1,355.4,-54.6,1.2,-1.0,RS41-SG,403.700,10.5,250,9,2.7,,
2026-09-18T11:26:33.999Z,V3640186,6584,44.55320,7.86871,25093.6,5.3,3.1,349.4,-54.6,1.1,-1.0,RS41-SG,403.700,10.5,250,9,2.7,,
2026-09-18T11:26:34.999Z,V3640186,6585,44.55322,7.86869,25098.8,5.5,2.8,318.3,-54.5,1.2,-1.0,RS41-SG,403.700,11.9,250,9,2.6,,
2026-09-18T11:26:35.999Z,V3640186,6586,44.55324,7.86866,25104.9,6.4,4.3,295.3,-54.6,1.2,-1.0,RS41-SG,403.700,12.8,250,9,2.6,,
2026-09-18T11:26:36.999Z,V3640186,6587,44.55326,7.86860,25111.3,6.6,6.2,289.0,-54.7,1.2,-1.0,RS41-SG,403.700,12.8,250,9,2.6,,
2026-09-18T11:26:37.999Z,V3640186,6588,44.55328,7.86852,25116.6,4.3,7.4,290.0,-54.6,1.2,-1.0,RS41-SG,403.700,12.0,250,9,2.7,,
2026-09-18T11:26:38.999Z,V3640186,6589,44.55330,7.86842,25121.6,5.8,8.2,288.9,-54.7,1.2,-1.0,RS41-SG,403.700,11.5,250,9,2.7,,
2026-09-18T11:26:39.999Z,V3640186,6590,44.55332,7.86833,25127.9,6.9,7.7,288.6,-54.8,1.2,-1.0,RS41-SG,403.700,12.4,250,9,2.7,,
2026-09-18T11:26:40.999Z,V3640186,6591,44.55334,7.86824,25133.9,5.6,6.7,290.5,-54.8,1.1,-1.0,RS41-SG,403.700,12.4,250,9,2.6,,
2026-09-18T11:26:41.999Z,V3640186,6592,44.55337,7.86817,25138.9,4.3,5.8,296.6,-54.7,1.1,-1.0,RS41-SG,403.700,12.3,250,9,2.6,,
2026-09-18T11:26:42.999Z,V3640186,6593,44.55339,7.86811,25143.7,5.4,5.3,307.3,-54.7,1.2,-1.0,RS41-SG,403.700,11.3,250,8,2.6,,
2026-09-18T11:26:43.999Z,V3640186,6594,44.55343,7.86806,25149.7,6.8,6.0,320.2,-54.7,1.2,-1.0,RS41-SG,403.700,12.2,250,9,2.7,,
2026-09-18T11:26:44.999Z,V3640186,6595,44.55347,7.86802,25155.8,6.0,6.5,325.4,-54.8,1.2,-1.0,RS41-SG,403.700,12.2,250,9,2.7,,
2026-09-18T11:26:45.999Z,V3640186,6596,44.55352,7.86797,25161.8,6.0,6.4,330.9,-54.9,1.2,-1.0,RS41-SG,403.700,11.8,250,9,2.7,,
2026-09-18T11:26:46.999Z,V3640186,6597,44.55357,7.86794,25168.5,7.0,5.7,333.3,-54.8,1.2,-1.0,RS41-SG,403.700,12.0,250,8,2.6,,
2026-09-18T11:26:47.999Z,V3640186,6598,44.55361,7.86791,25174.7,5.4,5.3,334.2,-54.8,1.2,-1.0,RS41-SG,403.700,12.0,250,8,2.6,,
2026-09-18T11:26:48.999Z,V3640186,6599,44.55365,7.86787,25180.2,5.6,5.0,327.5,-54.7,1.2,-1.0,RS41-SG,403.700,11.8,250,8,2.6,,
2026-09-18T11:26:49.999Z,V3640186,6600,44.55369,7.86783,25186.3,6.7,5.6,318.1,-54.7,1.2,-1.0,RS41-SG,403.700,11.9,250,9,2.7,,
2026-09-18T11:26:50.999Z,V3640186,6601,44.55373,7.86778,25192.4,5.8,6.7,311.5,-54.8,1.2,-1.0,RS41-SG,403.700,12.8,250,9,2.7,,
2026-09-18T11:26:51.999Z,V3640186,6602,44.55377,7.86771,25197.9,5.2,7.5,307.0,-54.9,1.2,-1.0,RS41-SG,403.700,12.8,250,9,2.7,,
2026-09-18T11:26:52.999Z,V3640186,6603,44.55381,7.86763,25204.2,7.0,7.8,302.0,-55.0,1.2,-1.0,RS41-SG,403.700,11.9,250,9,2.6,,
2026-09-18T11:26:53.999Z,V3640186,6604,44.55385,7.86755,25210.8,5.9,7.5,299.8,-55.1,1.2,-1.0,RS41-SG,403.700,11.7,250,9,2.6,,
2026-09-18T11:26:54.999Z,V3640186,6605,44.55388,7.86747,25216.5,5.6,7.2,300.4,-55.2,1.2,-1.0,RS41-SG,403.700,11.8,250,9,2.6,,
2026-09-18T11:26:55.999Z,V3640186,6606,44.55391,7.86739,25222.3,6.3,7.4,305.0,-55.2,1.2,-1.0,RS41-SG,403.700,11.8,250,9,2.7,,
2026-09-18T11:26:56.999Z,V3640186,6607,44.55396,7.86731,25228.1,5.6,8.2,308.5,-55.3,1.2,-1.0,RS41-SG,403.700,11.8,250,9,2.7,,
2026-09-18T11:26:57.999Z,V3640186,6608,44.55400,7.86723,25233.7,5.9,8.8,309.9,-55.3,1.2,-1.0,RS41-SG,403.700,11.6,250,9,2.7,,
2026-09-18T11:26:58.999Z,V3640186,6609,44.55405,7.86715,25239.7,5.9,8.6,309.5,-55.3,1.2,-1.0,RS41-SG,403.700,11.0,250,9,2.6,,
2026-09-18T11:26:59.999Z,V3640186,6610,44.55410,7.86707,25245.7,5.6,8.0,306.8,-55.2,1.2,-1.0,RS41-SG,403.700,10.8,250,9,2.6,,
2026-09-18T11:27:00.999Z,V3640186,6611,44.55414,7.86699,25251.6,6.1,7.1,304.6,-55.2,1.2,-1.0,RS41-SG,403.700,10.4,250,9,2.6,,
2026-09-18T11:27:01.999Z,V3640186,6612,44.55417,7.86692,25257.5,5.6,6.5,305.1,-55.1,1.2,-1.0,RS41-SG,403.700,10.3,250,9,2.7,,
2026-09-18T11:27:02.999Z,V3640186,6613,44.55421,7.86686,25263.1,5.7,6.2,312.2,-55.1,1.2,-1.0,RS41-SG,403.700,10.3,250,9,2.7,,
2026-09-18T11:27:03.999Z,V3640186,6614,44.55425,7.86680,25269.4,7.0,6.5,324.6,-55.1,1.2,-1.0,RS41-SG,403.700,10.6,250,9,2.6,,
2026-09-18T11:27:04.999Z,V3640186,6615,44.55430,7.86676,25275.7,5.4,7.1,332.1,-55.1,1.2,-1.0,RS41-SG,403.700,11.1,250,9,2.6,,
2026-09-18T11:27:05.999Z,V3640186,6616,44.55436,7.86672,25280.9,4.9,7.7,333.7,-55.1,1.2,-1.0,RS41-SG,403.700,11.1,250,9,2.7,,
2026-09-18T11:27:06.999Z,V3640186,6617,44.55442,7.86667,25286.4,6.4,8.0,328.5,-55.1,1.2,-1.0,RS41-SG,403.700,11.3,250,8,2.7,,
2026-09-18T11:27:07.999Z,V3640186,6618,44.55448,7.86661,25293.1,7.1,7.5,318.0,-55.2,1.2,-1.0,RS41-SG,403.700,11.3,250,9,2.6,,
2026-09-18T11:27:08.999Z,V3640186,6619,44.55453,7.86654,25299.3,5.1,7.3,309.4,-55.3,1.2,-1.0,RS41-SG,403.700,11.2,250,9,2.6,,
2026-09-18T11:27:09.999Z,V3640186,6620,44.55456,7.86647,25304.9,6.3,7.5,303.6,-55.2,1.2,-1.0,RS41-SG,403.700,12.1,250,9,2.7,,
2026-09-18T11:27:10.999Z,V3640186,6621,44.55460,7.86639,25311.4,6.6,8.0,304.3,-55.3,1.2,-1.0,RS41-SG,403.700,12.6,250,9,2.7,,
2026-09-18T11:27:11.999Z,V3640186,6622,44.55465,7.86631,25317.1,4.9,8.1,309.1,-55.3,1.2,-1.0,RS41-SG,403.700,12.6,250,9,2.6,,
2026-09-18T11:27:12.999Z,V3640186,6623,44.55469,7.86623,25322.0,5.2,7.7,314.8,-55.3,1.2,-1.0,RS41-SG,403.700,12.5,250,9,2.6,,
2026-09-18T11:27:13.999Z,V3640186,6624,44.55474,7.86617,25327.7,6.2,6.7,320.0,-55.4,1.2,-1.0,RS41-SG,403.700,11.8,250,9,2.7,,
2026-09-18T11:27:14.999Z,V3640186,6625,44.55479,7.86612,25333.6,5.8,6.0,324.0,-55.5,1.2,-1.0,RS41-SG,403.700,10.3,250,9,2.7,,
2026-09-18T11:27:15.999Z,V3640186,6626,44.55483,7.86608,25339.4,5.7,6.1,329.0,-55.5,1.2,-1.0,RS41-SG,403.700,10.9,250,9,2.6,,
2026-09-18T11:27:16.999Z,V3640186,6627,44.55488,7.86604,25345.5,6.6,7.0,333.8,-55.5,1.1,-1.0,RS41-SG,403.700,12.2,250,9,2.6,,
2026-09-18T11:27:17.999Z,V3640186,6628,44.55494,7.86600,25351.5,5.5,8.1,335.0,-55.4,1.2,-1.0,RS41-SG,403.700,12.2,250,9,2.6,,
2026-09-18T11:27:18.999Z,V3640186,6629,44.55501,7.86596,25356.7,4.8,9.1,333.2,-55.3,1.2,-1.0,RS41-SG,403.700,11.6,250,9,2.7,,
2026-09-18T11:27:19.999Z,V3640186,6630,44.55508,7.86590,25361.9,5.6,9.5,327.7,-55.3,1.2,-1.0,RS41-SG,403.700,11.6,250,9,2.7,,
2026-09-18T11:27:20.999Z,V3640186,6631,44.55515,7.86583,25368.1,6.2,9.1,319.4,-55.3,1.2,-1.0,RS41-SG,403.700,11.1,250,9,2.7,,
2026-09-18T11:27:21.999Z,V3640186,6632,44.55521,7.86575,25374.1,5.7,8.4,312.7,-55.3,1.2,-1.0,RS41-SG,403.700,10.4,250,9,2.6,,
2026-09-18T11:27:22.999Z,V3640186,6633,44.55526,7.86568,25379.4,4.9,7.9,310.2,-55.4,1.2,-1.0,RS41-SG,403.700,10.8,250,9,2.6,,
2026-09-18T11:27:23.999Z,V3640186,6634,44.55530,7.86560,25384.8,5.6,7.6,312.7,-55.6,1.2,-1.0,RS41-SG,403.700,11.7,250,9,2.6,,
2026-09-18T11:27:24.999Z,V3640186,6635,44.55535,7.86554,25390.7,6.5,7.7,318.9,-55.7,1.2,-1.0,RS41-SG,403.700,11.7,250,9,2.7,,
2026-09-18T11:27:25.999Z,V3640186,6636,44.55541,7.86548,25396.8,5.9,8.0,325.7,-55.8,1.2,-1.0,RS41-SG,403.700,10.1,250,9,2.7,,
2026-09-18T11:27:26.999Z,V3640186,6637,44.55547,7.86542,25402.1,4.5,8.0,331.4,-55.8,1.2,-1.0,RS41-SG,403.700,10.4,250,9,2.7,,
2026-09-18T11:27:27.999Z,V3640186,6638,44.55553,7.86538,25407.0,4.8,7.6,336.0,-55.8,1.2,-1.0,RS41-SG,403.700,11.1,250,9,2.6,,
2026-09-18T11:27:28.999Z,V3640186,6639,44.55559,7.86534,25412.4,5.8,6.7,336.9,-55.8,1.2,-1.0,RS41-SG,403.700,11.1,250,9,2.6,,
2026-09-18T11:27:29.999Z,V3640186,6640,44.55564,7.86531,25418.1,5.5,5.7,332.2,-55.8,1.2,-1.0,RS41-SG,403.700,11.7,250,9,2.6,,
2026-09-18T11:27:30.999Z,V3640186,6641,44.55568,7.86527,25423.4,5.3,5.4,322.1,-55.8,1.2,-1.0,RS41-SG,403.700,13.1,250,9,2.7,,
2026-09-18T11:27:31.999Z,V3640186,6642,44.55572,7.86523,25428.9,6.0,6.3,313.4,-55.9,1.2,-1.0,RS41-SG,403.700,13.1,250,9,2.7,,
2026-09-18T11:27:32.999Z,V3640186,6643,44.55576,7.86516,25434.7,5.8,7.5,311.1,-55.9,1.3,-1.0,RS41-SG,403.700,13.5,250,9,2.7,,
2026-09-18T11:27:33.999Z,V3640186,6644,44.55581,7.86509,25440.0,4.6,8.5,315.5,-55.9,1.3,-1.0,RS41-SG,403.700,13.5,250,9,2.6,,
2026-09-18T11:27:34.999Z,V3640186,6645,44.55587,7.86501,25444.9,5.1,9.1,321.0,-56.0,1.3,-1.0,RS41-SG,403.700,13.1,250,9,2.6,,
2026-09-18T11:27:35.999Z,V3640186,6646,44.55593,7.86495,25450.7,6.4,8.3,329.6,-56.0,1.3,-1.0,RS41-SG,403.700,11.9,250,9,2.6,,
2026-09-18T11:27:36.999Z,V3640186,6647,44.55600,7.86491,25456.7,6.0,7.4,339.8,-56.1,1.3,-1.0,RS41-SG,403.700,10.6,250,9,2.7,,
2026-09-18T11:27:37.999Z,V3640186,6648,44.55606,7.86489,25461.9,4.9,6.7,348.1,-56.2,1.2,-1.0,RS41-SG,403.700,12.1,250,9,2.7,,
2026-09-18T11:27:38.999Z,V3640186,6649,44.55612,7.86487,25467.3,5.8,6.4,354.4,-56.2,1.2,-1.0,RS41-SG,403.700,12.6,250,9,2.7,,
2026-09-18T11:27:39.999Z,V3640186,6650,44.55617,7.86486,25473.5,6.4,6.4,352.9,-56.2,1.2,-1.0,RS41-SG,403.700,12.6,250,9,2.6,,
2026-09-18T11:27:40.999Z,V3640186,6651,44.55623,7.86485,25479.2,4.6,6.5,351.1,-56.0,1.2,-1.0,RS41-SG,403.700,11.8,250,9,2.6,,
2026-09-18T11:27:41.999Z,V3640186,6652,44.55628,7.86484,25484.3,5.6,5.9,350.0,-55.9,1.2,-1.0,RS41-SG,403.700,9.7,250,9,2.6,,
2026-09-18T11:27:42.999Z,V3640186,6653,44.55633,7.86483,25490.3,6.7,5.0,354.0,-55.8,1.2,-1.0,RS41-SG,403.700,10.6,250,9,2.7,,
2026-09-18T11:27:43.999Z,V3640186,6654,44.55637,7.86483,25496.1,5.2,4.2,359.8,-55.7,1.2,-1.0,RS41-SG,403.700,11.3,250,9,2.7,,
2026-09-18T11:27:44.999Z,V3640186,6655,44.55641,7.86483,25501.4,5.3,4.2,4.2,-55.8,1.2,-1.0,RS41-SG,403.700,11.5,250,9,2.7,,
2026-09-18T11:27:45.999Z,V3640186,6656,44.55645,7.86483,25507.5,6.5,5.3,0.8,-55.9,1.2,-1.0,RS41-SG,403.700,11.5,250,9,2.6,,
2026-09-18T11:27:46.999Z,V3640186,6657,44.55651,7.86483,25513.5,5.5,6.4,358.0,-55.9,1.2,-1.0,RS41-SG,403.700,10.6,250,9,2.6,,
2026-09-18T11:27:47.999Z,V3640186,6658,44.55657,7.86483,25518.6,4.5,7.3,358.6,-55.8,1.2,-1.0,RS41-SG,403.700,10.1,250,9,2.6,,
2026-09-18T11:27:48.999Z,V3640186,6659,44.55664,7.86483,25523.9,6.0,8.1,4.1,-55.7,1.2,-1.0,RS41-SG,403.700,10.9,250,9,2.7,,
2026-09-18T11:27:49.999Z,V3640186,6660,44.55671,7.86485,25530.4,7.0,8.1,12.9,-55.7,1.2,-1.0,RS41-SG,403.700,11.1,250,9,2.7,,
2026-09-18T11:27:50.999Z,V3640186,6661,44.55678,7.86487,25536.5,5.5,8.1,18.9,-55.7,1.2,-1.0,RS41-SG,403.700,11.1,250,9,2.6,,
2026-09-18T11:27:51.999Z,V3640186,6662,44.55684,7.86491,25542.0,5.4,7.9,21.9,-55.6,1.2,-1.0,RS41-SG,403.700,11.4,250,9,2.6,,
2026-09-18T11:27:52.999Z,V3640186,6663,44.55691,7.86494,25548.0,6.7,7.6,18.9,-55.5,1.2,-1.0,RS41-SG,403.700,11.4,250,9,2.7,,
2026-09-18T11:27:53.999Z,V3640186,6664,44.55698,7.86497,25554.4,6.8,7.5,14.5,-55.5,1.1,-1.0,RS41-SG,403.700,11.0,250,9,2.7,,
2026-09-18T11:27:54.999Z,V3640186,6665,44.55704,7.86499,25560.5,5.1,7.5,10.7,-55.6,1.2,-1.0,RS41-SG,403.700,11.0,250,9,2.6,,
2026-09-18T11:27:55.999Z,V3640186,6666,44.55710,7.86501,25566.2,5.9,6.8,14.5,-55.7,1.2,-1.0,RS41-SG,403.700,10.9,250,9,2.6,,
2026-09-18T11:27:56.999Z,V3640186,6667,44.55716,7.86504,25572.3,6.4,6.1,23.3,-55.6,1.2,-1.0,RS41-SG,403.700,10.4,250,9,2.7,,
2026-09-18T11:27:57.999Z,V3640186,6668,44.55720,7.86507,25577.8,4.3,5.6,32.7,-55.5,1.2,-1.0,RS41-SG,403.700,10.4,250,9,2.7,,
2026-09-18T11:27:58.999Z,V3640186,6669,44.55724,7.86511,25582.6,5.3,5.5,39.5,-55.4,1.1,-1.0,RS41-SG,403.700,11.5,250,9,2.6,,
2026-09-18T11:27:59.999Z,V3640186,6670,44.55728,7.86515,25588.8,6.9,5.6,37.4,-55.5,1.1,-1.0,RS41-SG,403.700,11.5,250,9,2.6,,
2026-09-18T11:28:00.999Z,V3640186,6671,44.55732,7.86520,25594.8,5.1,5.8,32.5,-55.5,1.1,-1.0,RS41-SG,403.700,11.2,250,9,2.7,,
2026-09-18T11:28:01.999Z,V3640186,6672,44.55737,7.86523,25600.1,5.3,6.5,28.9,-55.4,1.1,-1.0,RS41-SG,403.700,9.8,250,9,2.7,,
2026-09-18T11:28:02.999Z,V3640186,6673,44.55742,7.86528,25606.1,6.6,7.3,33.4,-55.4,1.1,-1.0,RS41-SG,403.700,10.3,250,9,2.6,,
2026-09-18T11:28:03.999Z,V3640186,6674,44.55748,7.86534,25612.0,5.2,8.2,40.2,-55.4,1.2,-1.0,RS41-SG,403.700,11.6,250,9,2.6,,
2026-09-18T11:28:04.999Z,V3640186,6675,44.55753,7.86541,25617.1,4.9,8.8,42.4,-55.5,1.2,-1.0,RS41-SG,403.700,11.6,250,9,2.6,,
2026-09-18T11:28:05.999Z,V3640186,6676,44.55759,7.86548,25622.9,6.9,9.2,41.6,-55.5,1.2,-1.0,RS41-SG,403.700,12.1,250,9,2.7,,
2026-09-18T11:28:06.999Z,V3640186,6677,44.55766,7.86556,25629.0,5.6,9.1,38.2,-55.4,1.2,-1.0,RS41-SG,403.700,12.1,250,9,2.7,,
2026-09-18T11:28:07.999Z,V3640186,6678,44.55772,7.86563,25634.3,5.2,8.7,37.2,-55.3,1.2,-1.0,RS41-SG,403.700,12.0,250,9,2.7,,
2026-09-18T11:28:08.999Z,V3640186,6679,44.55778,7.86570,25640.3,6.5,8.6,44.5,-55.3,1.2,-1.0,RS41-SG,403.700,12.1,250,9,2.6,,
2026-09-18T11:28:09.999Z,V3640186,6680,44.55783,7.86578,25646.2,4.8,8.5,52.6,-55.4,1.2,-1.0,RS41-SG,403.700,12.1,250,9,2.6,,
2026-09-18T11:28:10.999Z,V3640186,6681,44.55787,7.86587,25650.8,4.7,8.4,58.8,-55.4,1.2,-1.0,RS41-SG,403.700,11.9,250,9,2.6,,
2026-09-18T11:28:11.999Z,V3640186,6682,44.55791,7.86595,25656.1,6.2,7.9,60.1,-55.3,1.2,-1.0,RS41-SG,403.700,11.5,250,9,2.7,,
2026-09-18T11:28:12.999Z,V3640186,6683,44.55794,7.86604,25662.0,5.7,7.5,57.9,-55.2,1.2,-1.0,RS41-SG,403.700,11.5,250,9,2.7,,
2026-09-18T11:28:13.999Z,V3640186,6684,44.55798,7.86611,25667.3,4.9,7.4,55.3,-55.1,1.1,-1.0,RS41-SG,403.700,10.9,250,9,2.7,,
2026-09-18T11:28:14.999Z,V3640186,6685,44.55802,7.86620,25672.8,5.9,8.2,56.3,-55.1,1.1,-1.0,RS41-SG,403.700,10.8,250,9,2.6,,
2026-09-18T11:28:15.999Z,V3640186,6686,44.55806,7.86629,25678.0,4.5,8.9,59.6,-55.1,1.1,-1.0,RS41-SG,403.700,11.5,250,9,2.6,,
2026-09-18T11:28:16.999Z,V3640186,6687,44.55810,7.86639,25682.6,4.5,9.3,62.4,-55.1,1.1,-1.0,RS41-SG,403.700,11.5,250,9,2.6,,
2026-09-18T11:28:17.999Z,V3640186,6688,44.55814,7.86649,25687.7,5.8,9.0,61.4,-55.2,1.1,-1.0,RS41-SG,403.700,11.3,250,9,2.7,,
2026-09-18T11:28:18.999Z,V3640186,6689,44.55818,7.86658,25693.6,6.2,8.1,58.4,-55.2,1.1,-1.0,RS41-SG,403.700,11.7,250,9,2.7,,
2026-09-18T11:28:19.999Z,V3640186,6690,44.55821,7.86666,25699.1,4.9,7.6,55.5,-55.2,1.1,-1.0,RS41-SG,403.700,13.3,250,9,2.7,,
2026-09-18T11:28:20.999Z,V3640186,6691,44.55825,7.86674,25704.1,4.9,7.5,54.4,-55.1,1.1,-1.0,RS41-SG,403.700,13.3,250,9,2.6,,
2026-09-18T11:28:21.999Z,V3640186,6692,44.55829,7.86682,25709.8,5.9,7.8,56.2,-55.0,1.1,-1.0,RS41-SG,403.700,12.4,250,9,2.6,,
2026-09-18T11:28:22.999Z,V3640186,6693,44.55833,7.86690,25715.4,5.1,8.4,55.6,-54.9,1.1,-1.0,RS41-SG,403.700,11.6,250,9,2.6,,
2026-09-18T11:28:23.999Z,V3640186,6694,44.55838,7.86699,25720.5,5.1,8.4,53.0,-54.8,1.1,-1.0,RS41-SG,403.700,10.0,250,9,2.7,,
2026-09-18T11:28:24.999Z,V3640186,6695,44.55842,7.86707,25726.0,6.0,7.8,47.3,-54.7,1.1,-1.0,RS41-SG,403.700,12.5,250,9,2.7,,
2026-09-18T11:28:25.999Z,V3640186,6696,44.55847,7.86713,25732.3,6.3,7.0,38.2,-54.8,1.1,-1.0,RS41-SG,403.700,12.6,250,9,2.7,,
2026-09-18T11:28:26.999Z,V3640186,6697,44.55852,7.86718,25737.6,4.4,6.2,30.4,-54.9,1.1,-1.0,RS41-SG,403.700,12.7,250,9,2.6,,
2026-09-18T11:28:27.999Z,V3640186,6698,44.55857,7.86721,25742.0,4.4,5.6,27.1,-54.9,1.1,-1.0,RS41-SG,403.700,12.7,250,9,2.6,,
2026-09-18T11:28:28.999Z,V3640186,6699,44.55861,7.86725,25746.9,5.9,5.3,32.9,-55.0,1.1,-1.0,RS41-SG,403.700,10.8,250,9,2.6,,
2026-09-18T11:28:29.999Z,V3640186,6700,44.55864,7.86729,25752.7,5.8,5.5,49.7,-54.9,1.1,-1.0,RS41-SG,403.700,9.8,250,9,2.7,,
2026-09-18T11:28:30.999Z,V3640186,6701,44.55867,7.86735,25758.1,5.2,5.9,59.0,-54.8,1.1,-1.0,RS41-SG,403.700,9.8,250,9,2.7,,
2026-09-18T11:28:31.999Z,V3640186,6702,44.55870,7.86742,25763.6,5.8,6.1,64.8,-54.7,1.1,-1.0,RS41-SG,403.700,10.3,250,8,2.7,,
2026-09-18T11:28:32.999Z,V3640186,6703,44.55872,7.86748,25769.7,6.3,5.5,65.9,-54.7,1.1,-1.0,RS41-SG,403.700,11.6,250,9,2.6,,
2026-09-18T11:28:33.999Z,V3640186,6704,44.55874,7.86755,25775.0,4.4,5.4,63.3,-54.7,1.1,-1.0,RS41-SG,403.700,11.6,250,9,2.6,,
2026-09-18T11:28:34.999Z,V3640186,6705,44.55876,7.86761,25779.7,4.9,5.5,60.3,-54.6,1.1,-1.0,RS41-SG,403.700,7.9,250,9,2.6,,
2026-09-18T11:28:35.999Z,V3640186,6706,44.55879,7.86767,25785.2,6.4,6.2,58.3,-54.5,1.1,-1.0,RS41-SG,403.700,12.0,250,9,2.7,,
2026-09-18T11:28:36.999Z,V3640186,6707,44.55882,7.86774,25791.0,5.7,7.1,54.3,-54.5,1.1,-1.0,RS41-SG,403.700,12.0,250,9,2.7,,
2026-09-18T11:28:37.999Z,V3640186,6708,44.55887,7.86781,25796.4,5.1,7.8,47.7,-54.5,1.1,-1.0,RS41-SG,403.700,11.0,250,9,2.6,,
2026-09-18T11:28:38.999Z,V3640186,6709,44.55892,7.86788,25802.2,6.2,8.0,39.0,-54.7,1.1,-1.0,RS41-SG,403.700,10.5,250,9,2.6,,
2026-09-18T11:28:39.999Z,V3640186,6710,44.55898,7.86793,25808.1,5.5,8.0,27.6,-54.7,1.1,-1.0,RS41-SG,403.700,12.2,250,9,2.7,,
2026-09-18T11:28:40.999Z,V3640186,6711,44.55904,7.86798,25813.2,4.6,8.0,21.4,-54.8,1.1,-1.0,RS41-SG,403.700,12.2,250,9,2.7,,
2026-09-18T11:28:41.999Z,V3640186,6712,44.55911,7.86801,25818.4,5.7,7.9,20.6,-54.8,1.1,-1.0,RS41-SG,403.700,11.6,250,9,2.6,,
2026-09-18T11:28:42.999Z,V3640186,6713,44.55918,7.86805,25824.2,5.6,8.1,25.5,-54.7,1.1,-1.0,RS41-SG,403.700,10.9,250,9,2.6,,
2026-09-18T11:28:43.999Z,V3640186,6714,44.55924,7.86810,25829.5,4.9,7.9,31.6,-54.7,1.1,-1.0,RS41-SG,403.700,13.1,250,9,2.7,,
2026-09-18T11:28:44.999Z,V3640186,6715,44.55930,7.86815,25835.0,6.1,7.2,34.6,-54.7,1.1,-1.0,RS41-SG,403.700,13.1,250,9,2.7,,
2026-09-18T11:28:45.999Z,V3640186,6716,44.55935,7.86820,25841.2,6.4,6.4,35.0,-54.6,1.1,-1.0,RS41-SG,403.700,11.1,250,9,2.6,,
2026-09-18T11:28:46.999Z,V3640186,6717,44.55939,7.86824,25846.7,4.4,5.6,36.9,-54.5,1.1,-1.0,RS41-SG,403.700,11.5,250,9,2.6,,
2026-09-18T11:28:47.999Z,V3640186,6718,44.55943,7.86829,25851.4,5.0,5.4,45.2,-54.4,1.1,-1.0,RS41-SG,403.700,11.6,250,9,2.7,,
2026-09-18T11:28:48.999Z,V3640186,6719,44.55946,7.86834,25856.9,6.3,5.8,60.9,-54.3,1.1,-1.0,RS41-SG,403.700,11.6,250,9,2.7,,
2026-09-18T11:28:49.999Z,V3640186,6720,44.55948,7.86841,25862.6,5.1,6.7,68.9,-54.3,1.1,-1.0,RS41-SG,403.700,10.1,250,8,2.6,,
2026-09-18T11:28:50.999Z,V3640186,6721,44.55950,7.86850,25867.7,4.7,7.5,72.5,-54.3,1.1,-1.0,RS41-SG,403.700,10.1,250,9,2.6,,
2026-09-18T11:28:51.999Z,V3640186,6722,44.55952,7.86859,25873.3,6.6,7.6,69.5,-54.3,1.1,-1.0,RS41-SG,403.700,11.3,250,9,2.6,,
2026-09-18T11:28:52.999Z,V3640186,6723,44.55955,7.86867,25879.6,6.1,7.4,63.4,-54.3,1.1,-1.0,RS41-SG,403.700,11.9,250,9,2.7,,
2026-09-18T11:28:53.999Z,V3640186,6724,44.55958,7.86875,25884.8,4.4,7.2,57.3,-54.4,1.1,-1.0,RS41-SG,403.700,11.9,250,9,2.7,,
2026-09-18T11:28:54.999Z,V3640186,6725,44.55962,7.86883,25889.9,5.3,7.3,57.3,-54.4,1.1,-1.0,RS41-SG,403.700,11.6,250,9,2.7,,
2026-09-18T11:28:55.999Z,V3640186,6726,44.55965,7.86891,25895.3,5.8,7.7,60.7,-54.4,1.1,-1.0,RS41-SG,403.700,11.6,250,9,2.6,,
2026-09-18T11:28:56.999Z,V3640186,6727,44.55968,7.86900,25900.8,4.6,7.9,64.5,-54.4,1.1,-1.0,RS41-SG,403.700,11.0,250,9,2.6,,
2026-09-18T11:28:57.999Z,V3640186,6728,44.55971,7.86908,25906.0,5.7,7.3,66.3,-54.4,1.1,-1.0,RS41-SG,403.700,11.9,250,9,2.6,,
2026-09-18T11:28:58.999Z,V3640186,6729,44.55974,7.86916,25912.0,6.4,6.2,67.3,-54.4,1.1,-1.0,RS41-SG,403.700,11.9,250,9,2.7,,
2026-09-18T11:28:59.999Z,V3640186,6730,44.55976,7.86923,25917.7,5.5,5.0,65.2,-54.3,1.1,-1.0,RS41-SG,403.700,10.4,250,9,2.7,,
2026-09-18T11:29:00.999Z,V3640186,6731,44.55977,7.86928,25922.5,4.0,4.3,69.0,-54.2,1.1,-1.0,RS41-SG,403.700,10.2,250,9,2.7,,
2026-09-18T11:29:01.999Z,V3640186,6732,44.55978,7.86933,25927.1,4.9,4.1,75.0,-54.0,1.1,-1.0,RS41-SG,403.700,10.0,250,9,2.6,,
2026-09-18T11:29:02.999Z,V3640186,6733,44.55979,7.86938,25932.7,5.9,4.7,84.6,-54.0,1.1,-1.0,RS41-SG,403.700,11.1,250,9,2.6,,
2026-09-18T11:29:03.999Z,V3640186,6734,44.55979,7.86945,25938.2,4.9,5.3,86.4,-53.9,1.1,-1.0,RS41-SG,403.700,11.1,250,9,2.6,,
2026-09-18T11:29:04.999Z,V3640186,6735,44.55980,7.86951,25943.2,5.3,5.7,85.2,-53.8,1.1,-1.0,RS41-SG,403.700,11.2,250,9,2.7,,
2026-09-18T11:29:05.999Z,V3640186,6736,44.55981,7.86958,25949.0,6.7,5.5,76.3,-53.8,1.1,-1.0,RS41-SG,403.700,11.2,250,9,2.7,,
2026-09-18T11:29:06.999Z,V3640186,6737,44.55982,7.86965,25955.0,5.2,5.1,68.3,-53.8,1.1,-1.0,RS41-SG,403.700,10.5,250,9,2.7,,
2026-09-18T11:29:07.999Z,V3640186,6738,44.55984,7.86970,25959.9,4.2,5.1,61.8,-53.8,1.1,-1.0,RS41-SG,403.700,11.4,250,8,2.6,,
2026-09-18T11:29:08.999Z,V3640186,6739,44.55986,7.86976,25964.8,5.6,5.3,63.9,-53.8,1.0,-1.0,RS41-SG,403.700,11.4,250,8,2.6,,
2026-09-18T11:29:09.999Z,V3640186,6740,44.55988,7.86982,25970.4,5.7,5.8,70.6,-53.8,1.1,-1.0,RS41-SG,403.700,12.0,250,8,2.6,,
2026-09-18T11:29:10.999Z,V3640186,6741,44.55990,7.86990,25975.9,5.3,6.0,77.5,-53.8,1.1,-1.0,RS41-SG,403.700,12.0,250,8,2.7,,
2026-09-18T11:29:11.999Z,V3640186,6742,44.55990,7.86997,25981.6,6.3,5.5,84.9,-53.9,1.1,-1.0,RS41-SG,403.700,11.2,250,8,2.7,,
2026-09-18T11:29:12.999Z,V3640186,6743,44.55991,7.87003,25987.7,6.4,4.4,89.1,-53.9,1.1,-1.0,RS41-SG,403.700,10.2,250,9,2.7,,
2026-09-18T11:29:13.999Z,V3640186,6744,44.55991,7.87008,25993.2,4.2,3.7,91.6,-53.9,1.1,-1.0,RS41-SG,403.700,9.2,250,9,2.6,,
2026-09-18T11:29:14.999Z,V3640186,6745,44.55990,7.87012,25997.6,4.2,3.4,94.4,-53.9,1.1,-1.0,RS41-SG,403.700,9.2,250,9,2.6,,
2026-09-18T11:29:15.999Z,V3640186,6746,44.55990,7.87017,26002.7,5.8,4.1,98.7,-53.8,1.1,-1.0,RS41-SG,403.700,10.6,250,9,2.6,,
2026-09-18T11:29:16.999Z,V3640186,6747,44.55989,7.87023,26008.2,5.6,4.9,97.8,-53.7,1.0,-1.0,RS41-SG,403.700,10.6,250,9,2.7,,
2026-09-18T11:29:17.999Z,V3640186,6748,44.55989,7.87029,26013.5,5.2,5.3,93.8,-53.6,1.0,-1.0,RS41-SG,403.700,10.8,250,9,2.7,,
2026-09-18T11:29:18.999Z,V3640186,6749,44.55989,7.87036,26019.2,5.8,5.2,87.1,-53.5,1.0,-1.0,RS41-SG,403.700,10.8,250,9,2.7,,
2026-09-18T11:29:19.999Z,V3640186,6750,44.55989,7.87042,26024.9,5.6,4.6,77.4,-53.5,1.0,-1.0,RS41-SG,403.700,12.0,250,9,2.6,,
2026-09-18T11:29:20.999Z,V3640186,6751,44.55991,7.87047,26029.9,4.3,4.7,70.6,-53.6,1.0,-1.0,RS41-SG,403.700,12.0,250,9,2.6,,
2026-09-18T11:29:21.999Z,V3640186,6752,44.55992,7.87053,26034.9,5.5,5.2,65.8,-53.7,1.1,-1.0,RS41-SG,403.700,11.3,250,9,2.6,,
2026-09-18T11:29:22.999Z,V3640186,6753,44.55994,7.87060,26040.5,6.0,6.3,67.1,-53.7,1.1,-1.0,RS41-SG,403.700,11.1,250,9,2.7,,
2026-09-18T11:29:23.999Z,V3640186,6754,44.55996,7.87067,26045.9,4.6,7.0,70.2,-53.7,1.0,-1.0,RS41-SG,403.700,12.9,250,9,2.7,,
2026-09-18T11:29:24.999Z,V3640186,6755,44.55998,7.87076,26051.2,6.1,7.0,73.3,-53.7,1.0,-1.0,RS41-SG,403.700,12.9,250,9,2.6,,
2026-09-18T11:29:25.999Z,V3640186,6756,44.56000,7.87084,26057.6,6.7,6.0,76.1,-53.7,1.0,-1.0,RS41-SG,403.700,12.6,250,9,2.6,,
2026-09-18T11:29:26.999Z,V3640186,6757,44.56001,7.87090,26063.2,4.3,5.1,80.6,-53.6,1.0,-1.0,RS41-SG,403.700,12.6,250,9,2.7,,
2026-09-18T11:29:27.999Z,V3640186,6758,44.56001,7.87096,26067.8,4.7,4.5,90.5,-53.6,1.0,-1.0,RS41-SG,403.700,13.3,250,9,2.7,,
2026-09-18T11:29:28.999Z,V3640186,6759,44.56001,7.87102,26073.0,5.4,4.6,101.1,-53.7,1.0,-1.0,RS41-SG,403.700,13.3,250,9,2.6,,
2026-09-18T11:29:29.999Z,V3640186,6760,44.56000,7.87108,26078.5,5.6,5.2,109.3,-53.7,1.1,-1.0,RS41-SG,403.700,12.9,250,9,2.6,,
2026-09-18T11:29:30.999Z,V3640186,6761,44.55998,7.87114,26083.7,4.5,5.1,113.3,-53.7,1.1,-1.0,RS41-SG,403.700,12.9,250,9,2.7,,
2026-09-18T11:29:31.999Z,V3640186,6762,44.55996,7.87119,26088.7,5.6,4.1,118.4,-53.6,1.1,-1.0,RS41-SG,403.700,12.8,250,9,2.7,,
2026-09-18T11:29:32.999Z,V3640186,6763,44.55995,7.87123,26094.5,6.0,2.7,123.9,-53.6,1.0,-1.0,RS41-SG,403.700,11.1,250,9,2.6,,
2026-09-18T11:29:33.999Z,V3640186,6764,44.55994,7.87125,26099.7,4.2,1.5,127.0,-53.5,1.1,-1.0,RS41-SG,403.700,12.6,250,9,2.6,,
2026-09-18T11:29:34.999Z,V3640186,6765,44.55993,7.87126,26104.1,4.5,0.6,99.4,-53.5,1.0,-1.0,RS41-SG,403.700,13.0,250,9,2.7,,
2026-09-18T11:29:35.999Z,V3640186,6766,44.55993,7.87127,26109.2,6.0,1.3,56.7,-53.4,1.0,-1.0,RS41-SG,403.700,13.0,250,9,2.7,,
2026-09-18T11:29:36.999Z,V3640186,6767,44.55994,7.87129,26115.2,5.9,2.2,59.7,-53.3,1.0,-1.0,RS41-SG,403.700,12.8,250,9,2.6,,
2026-09-18T11:29:37.999Z,V3640186,6768,44.55995,7.87132,26120.6,4.9,3.1,61.2,-53.2,1.1,-1.0,RS41-SG,403.700,12.8,250,8,2.6,,
2026-09-18T11:29:38.999Z,V3640186,6769,44.55997,7.87135,26125.9,5.7,3.1,63.6,-53.2,1.0,-1.0,RS41-SG,403.700,12.6,250,8,2.6,,
2026-09-18T11:29:39.999Z,V3640186,6770,44.55998,7.87138,26132.2,6.8,2.5,60.0,-53.2,1.0,-1.0,RS41-SG,403.700,12.2,250,8,2.7,,
2026-09-18T11:29:40.999Z,V3640186,6771,44.55999,7.87141,26137.7,4.9,1.9,53.6,-53.1,1.0,-1.0,RS41-SG,403.700,11.5,250,8,2.7,,
2026-09-18T11:29:41.999Z,V3640186,6772,44.55999,7.87142,26142.5,4.7,1.3,73.3,-53.1,1.0,-1.0,RS41-SG,403.700,11.3,250,8,2.7,,
2026-09-18T11:29:42.999Z,V3640186,6773,44.55999,7.87144,26147.8,5.4,1.9,104.9,-53.1,1.1,-1.0,RS41-SG,403.700,10.3,250,8,2.6,,
2026-09-18T11:29:43.999Z,V3640186,6774,44.55999,7.87147,26153.4,5.6,3.1,113.4,-53.1,1.0,-1.0,RS41-SG,403.700,9.8,250,8,2.6,,
2026-09-18T11:29:44.999Z,V3640186,6775,44.55997,7.87151,26158.7,4.8,4.0,111.0,-53.1,1.0,-1.0,RS41-SG,403.700,10.4,250,9,2.6,,
2026-09-18T11:29:45.999Z,V3640186,6776,44.55996,7.87156,26163.8,5.2,4.2,101.2,-53.1,1.0,-1.0,RS41-SG,403.700,10.4,250,9,2.7,,
2026-09-18T11:29:46.999Z,V3640186,6777,44.55996,7.87161,26169.3,5.9,4.0,85.3,-53.1,1.0,-1.0,RS41-SG,403.700,10.4,250,9,2.7,,
2026-09-18T11:29:47.999Z,V3640186,6778,44.55997,7.87166,26175.0,5.5,3.7,66.7,-53.0,1.0,-1.0,RS41-SG,403.700,10.5,250,9,2.7,,
2026-09-18T11:29:48.999Z,V3640186,6779,44.55998,7.87170,26180.0,4.3,3.6,58.2,-53.0,1.0,-1.0,RS41-SG,403.700,10.5,250,9,2.6,,
2026-09-18T11:29:49.999Z,V3640186,6780,44.56000,7.87174,26184.7,4.7,3.9,56.7,-53.0,1.0,-1.0,RS41-SG,403.700,10.3,250,9,2.6,,
2026-09-18T11:29:50.999Z,V3640186,6781,44.56002,7.87178,26190.3,6.5,4.3,70.0,-53.0,1.0,-1.0,RS41-SG,403.700,11.5,250,9,2.6,,
2026-09-18T11:29:51.999Z,V3640186,6782,44.56003,7.87184,26196.1,5.4,4.9,82.8,-52.9,1.0,-1.0,RS41-SG,403.700,11.5,250,9,2.7,,
2026-09-18T11:29:52.999Z,V3640186,6783,44.56003,7.87190,26201.1,4.6,5.3,94.3,-52.8,1.0,-1.0,RS41-SG,403.700,13.2,250,9,2.7,,
2026-09-18T11:29:53.999Z,V3640186,6784,44.56002,7.87197,26206.2,5.4,5.3,103.1,-52.7,1.0,-1.0,RS41-SG,403.700,13.2,250,9,2.7,,
2026-09-18T11:29:54.999Z,V3640186,6785,44.56001,7.87203,26212.1,6.3,4.6,109.2,-52.6,1.0,-1.0,RS41-SG,403.700,12.9,250,9,2.6,,
2026-09-18T11:29:55.999Z,V3640186,6786,44.55999,7.87208,26217.6,4.7,3.8,111.7,-52.6,1.0,-1.0,RS41-SG,403.700,11.6,250,9,2.6,,
2026-09-18T11:29:56.999Z,V3640186,6787,44.55998,7.87212,26222.3,4.6,3.7,115.1,-52.6,1.0,-1.0,RS41-SG,403.700,11.9,250,9,2.6,,
2026-09-18T11:29:57.999Z,V3640186,6788,44.55997,7.87217,26227.0,5.2,4.2,113.4,-52.6,1.0,-1.0,RS41-SG,403.700,13.3,250,9,2.7,,
2026-09-18T11:29:58.999Z,V3640186,6789,44.55995,7.87222,26232.3,5.7,5.3,111.5,-52.6,1.0,-1.0,RS41-SG,403.700,13.3,250,8,2.7,,
2026-09-18T11:29:59.999Z,V3640186,6790,44.55993,7.87229,26238.1,5.9,6.1,107.0,-52.7,1.0,-1.0,RS41-SG,403.700,12.0,250,8,2.7,,
2026-09-18T11:30:00.999Z,V3640186,6791,44.55992,7.87236,26243.7,5.0,6.3,103.4,-52.7,1.0,-1.0,RS41-SG,403.700,12.4,250,8,2.6,,
2026-09-18T11:30:01.999Z,V3640186,6792,44.55991,7.87244,26248.8,5.0,5.7,98.9,-52.7,1.0,-1.0,RS41-SG,403.700,12.4,250,8,2.6,,
2026-09-18T11:30:02.999Z,V3640186,6793,44.55990,7.87250,26254.6,6.2,4.1,92.4,-52.7,1.0,-1.0,RS41-SG,403.700,10.7,250,9,2.6,,
2026-09-18T11:30:03.999Z,V3640186,6794,44.55990,7.87254,26260.6,6.0,2.4,79.0,-52.7,1.0,-1.0,RS41-SG,403.700,11.4,250,9,2.7,,
2026-09-18T11:30:04.999Z,V3640186,6795,44.55991,7.87256,26265.6,4.2,1.6,45.7,-52.7,1.0,-1.0,RS41-SG,403.700,11.4,250,9,2.7,,
2026-09-18T11:30:05.999Z,V3640186,6796,44.55992,7.87257,26269.7,4.2,1.8,19.1,-52.8,1.0,-1.0,RS41-SG,403.700,10.4,250,9,2.7,,
2026-09-18T11:30:06.999Z,V3640186,6797,44.55994,7.87258,26274.8,5.7,1.8,25.8,-52.8,1.0,-1.0,RS41-SG,403.700,9.8,250,9,2.6,,
2026-09-18T11:30:07.999Z,V3640186,6798,44.55995,7.87260,26280.3,5.3,2.0,50.0,-52.7,1.0,-1.0,RS41-SG,403.700,9.9,250,9,2.6,,
2026-09-18T11:30:08.999Z,V3640186,6799,44.55996,7.87262,26285.2,4.6,2.3,68.4,-52.6,1.0,-1.0,RS41-SG,403.700,10.8,250,8,2.6,,
2026-09-18T11:30:09.999Z,V3640186,6800,44.55997,7.87264,26290.3,5.6,2.0,83.1,-52.4,1.0,-1.0,RS41-SG,403.700,11.0,250,8,2.7,,
2026-09-18T11:30:10.999Z,V3640186,6801,44.55997,7.87267,26296.0,6.0,1.4,107.6,-52.2,1.0,-1.0,RS41-SG,403.700,11.4,250,9,2.7,,
2026-09-18T11:30:11.999Z,V3640186,6802,44.55996,7.87268,26301.5,5.4,1.4,161.6,-52.0,0.9,-1.0,RS41-SG,403.700,11.4,250,9,2.7,,
2026-09-18T11:30:12.999Z,V3640186,6803,44.55994,7.87268,26306.6,4.6,2.3,174.6,-52.0,0.9,-1.0,RS41-SG,403.700,11.1,250,9,2.6,,
2026-09-18T11:30:13.999Z,V3640186,6804,44.55992,7.87268,26311.4,4.7,3.0,172.5,-52.1,0.9,-1.0,RS41-SG,403.700,10.9,250,9,2.6,,
2026-09-18T11:30:14.999Z,V3640186,6805,44.55989,7.87269,26316.5,5.6,3.6,161.4,-52.1,0.9,-1.0,RS41-SG,403.700,10.9,250,9,2.6,,
2026-09-18T11:30:15.999Z,V3640186,6806,44.55986,7.87272,26322.1,5.9,3.8,146.9,-52.1,0.9,-1.0,RS41-SG,403.700,11.3,250,9,2.7,,
2026-09-18T11:30:17.000Z,V3640186,6807,44.55984,7.87275,26327.5,5.2,3.4,131.8,-52.1,0.9,-1.0,RS41-SG,403.700,12.0,250,9,2.7,,
2026-09-18T11:30:18.000Z,V3640186,6808,44.55982,7.87278,26332.5,4.9,2.6,104.0,-52.1,1.0,-1.0,RS41-SG,403.700,12.0,250,9,2.6,,
2026-09-18T11:30:19.000Z,V3640186,6809,44.55983,7.87280,26337.6,5.3,2.2,42.3,-52.0,1.0,-1.0,RS41-SG,403.700,11.4,250,9,2.6,,
2026-09-18T11:30:20.000Z,V3640186,6810,44.55985,7.87281,26343.0,5.5,3.1,355.9,-52.0,1.0,-1.0,RS41-SG,403.700,11.0,250,9,2.7,,
2026-09-18T11:30:21.000Z,V3640186,6811,44.55988,7.87280,26347.8,4.5,4.2,335.8,-51.9,0.9,-1.0,RS41-SG,403.700,12.1,250,9,2.7,,
2026-09-18T11:30:22.000Z,V3640186,6812,44.55991,7.87277,26352.8,5.2,4.2,319.0,-51.8,1.0,-1.0,RS41-SG,403.700,12.1,250,8,2.6,,
2026-09-18T11:30:23.000Z,V3640186,6813,44.55993,7.87274,26358.8,6.6,3.3,299.9,-51.8,1.0,-1.0,RS41-SG,403.700,10.8,250,9,2.6,,
2026-09-18T11:30:24.000Z,V3640186,6814,44.55994,7.87270,26364.6,5.2,2.5,270.2,-51.9,1.0,-1.0,RS41-SG,403.700,10.8,250,9,2.7,,
2026-09-18T11:30:25.000Z,V3640186,6815,44.55993,7.87267,26369.4,4.4,2.5,236.6,-51.9,1.0,-1.0,RS41-SG,403.700,12.5,250,9,2.7,,
2026-09-18T11:30:26.000Z,V3640186,6816,44.55992,7.87265,26374.2,5.1,3.2,216.3,-51.9,1.0,-1.0,RS41-SG,403.700,12.5,250,9,2.6,,
2026-09-18T11:30:27.000Z,V3640186,6817,44.55989,7.87262,26379.8,6.2,3.5,214.9,-52.0,1.0,-1.0,RS41-SG,403.700,12.0,250,9,2.6,,
2026-09-18T11:30:28.000Z,V3640186,6818,44.55987,7.87260,26385.2,4.6,3.2,221.0,-52.0,1.0,-1.0,RS41-SG,403.700,11.5,250,9,2.7,,
2026-09-18T11:30:29.000Z,V3640186,6819,44.55985,7.87258,26390.2,5.8,2.2,219.9,-52.1,1.0,-1.0,RS41-SG,403.700,11.3,250,9,2.7,,
2026-09-18T11:30:30.000Z,V3640186,6820,44.55984,7.87257,26396.4,6.7,0.7,187.4,-52.1,1.0,-1.0,RS41-SG,403.700,12.5,250,8,2.6,,
2026-09-18T11:30:31.000Z,V3640186,6821,44.55984,7.87257,26402.3,5.0,0.8,82.0,-52.1,1.0,-1.0,RS41-SG,403.700,12.5,250,9,2.6,,
2026-09-18T11:30:32.000Z,V3640186,6822,44.55984,7.87258,26407.5,5.1,1.5,48.7,-52.0,1.0,-1.0,RS41-SG,403.700,12.5,250,8,2.6,,
2026-09-18T11:30:33.000Z,V3640186,6823,44.55986,7.87259,26413.2,6.5,2.1,12.2,-52.1,1.0,-1.0,RS41-SG,403.700,12.3,250,9,2.7,,
2026-09-18T11:30:34.000Z,V3640186,6824,44.55988,7.87259,26419.1,5.5,3.0,343.9,-52.1,1.0,-1.0,RS41-SG,403.700,12.3,250,9,2.7,,
2026-09-18T11:30:35.000Z,V3640186,6825,44.55990,7.87258,26424.4,5.3,3.6,331.5,-52.2,1.0,-1.0,RS41-SG,403.700,12.1,250,9,2.7,,
2026-09-18T11:30:36.000Z,V3640186,6826,44.55993,7.87255,26430.4,6.1,3.5,326.3,-52.2,1.0,-1.0,RS41-SG,403.700,12.0,250,9,2.6,,
2026-09-18T11:30:37.000Z,V3640186,6827,44.55995,7.87253,26436.5,6.0,2.7,321.1,-52.1,1.0,-1.0,RS41-SG,403.700,12.0,250,9,2.6,,
2026-09-18T11:30:38.000Z,V3640186,6828,44.55997,7.87251,26442.0,4.7,1.8,311.2,-52.1,0.9,-1.0,RS41-SG,403.700,12.0,250,9,2.6,,
2026-09-18T11:30:39.000Z,V3640186,6829,44.55998,7.87249,26446.8,5.2,1.4,287.4,-52.1,1.0,-1.0,RS41-SG,403.700,12.4,250,9,2.7,,
2026-09-18T11:30:40.000Z,V3640186,6830,44.55998,7.87247,26452.3,6.0,1.9,258.9,-52.0,1.0,-1.0,RS41-SG,403.700,12.4,250,9,2.7,,
2026-09-18T11:30:41.000Z,V3640186,6831,44.55997,7.87245,26457.7,5.2,2.2,254.7,-51.9,1.0,-1.0,RS41-SG,403.700,12.2,250,9,2.7,,
2026-09-18T11:30:42.000Z,V3640186,6832,44.55997,7.87243,26462.9,4.9,1.7,244.3,-51.8,1.0,-1.0,RS41-SG,403.700,11.7,250,9,2.6,,
2026-09-18T11:30:43.000Z,V3640186,6833,44.55996,7.87242,26468.4,5.7,0.7,193.6,-51.7,1.0,-1.0,RS41-SG,403.700,10.8,250,9,2.6,,
2026-09-18T11:30:44.000Z,V3640186,6834,44.55995,7.87242,26474.3,6.0,1.5,109.8,-51.7,1.0,-1.0,RS41-SG,403.700,11.2,250,8,2.6,,
2026-09-18T11:30:45.000Z,V3640186,6835,44.55995,7.87245,26479.4,4.4,2.6,100.1,-51.6,1.0,-1.0,RS41-SG,403.700,11.4,250,9,2.7,,
2026-09-18T11:30:46.000Z,V3640186,6836,44.55995,7.87248,26484.0,4.8,2.9,91.2,-51.6,1.0,-1.0,RS41-SG,403.700,12.2,250,9,2.7,,
2026-09-18T11:30:47.000Z,V3640186,6837,44.55995,7.87251,26489.6,6.2,2.0,81.6,-51.8,1.0,-1.0,RS41-SG,403.700,12.2,250,9,2.7,,
2026-09-18T11:30:48.000Z,V3640186,6838,44.55995,7.87253,26495.7,5.8,1.1,60.0,-51.8,1.0,-1.0,RS41-SG,403.700,11.6,250,9,2.6,,
2026-09-18T11:30:49.000Z,V3640186,6839,44.55996,7.87253,26501.1,4.6,0.6,338.1,-51.7,0.9,-1.0,RS41-SG,403.700,11.8,250,9,2.6,,
2026-09-18T11:30:50.000Z,V3640186,6840,44.55996,7.87253,26506.2,5.4,0.7,290.9,-51.6,1.0,-1.0,RS41-SG,403.700,12.3,250,9,2.6,,
2026-09-18T11:30:51.000Z,V3640186,6841,44.55996,7.87252,26511.8,6.2,0.4,216.7,-51.7,1.0,-1.0,RS41-SG,403.700,12.3,250,9,2.7,,
2026-09-18T11:30:52.000Z,V3640186,6842,44.55996,7.87253,26517.8,6.0,1.4,139.9,-51.7,1.0,-1.0,RS41-SG,403.700,12.2,250,9,2.7,,
2026-09-18T11:30:53.000Z,V3640186,6843,44.55994,7.87254,26522.7,4.0,2.1,129.1,-51.6,1.0,-1.0,RS41-SG,403.700,12.2,250,8,2.7,,
2026-09-18T11:30:54.000Z,V3640186,6844,44.55993,7.87257,26527.0,4.4,3.1,137.8,-51.5,0.9,-1.0,RS41-SG,403.700,12.1,250,9,2.6,,
2026-09-18T11:30:55.000Z,V3640186,6845,44.55991,7.87259,26532.1,5.8,3.1,145.9,-51.6,1.0,-1.0,RS41-SG,403.700,11.1,250,9,2.6,,
2026-09-18T11:30:56.000Z,V3640186,6846,44.55988,7.87261,26538.0,6.0,2.7,155.0,-51.6,1.0,-1.0,RS41-SG,403.700,11.7,250,9,2.6,,
2026-09-18T11:30:57.000Z,V3640186,6847,44.55987,7.87262,26543.7,5.0,1.9,159.8,-51.5,0.9,-1.0,RS41-SG,403.700,12.7,250,9,2.7,,
2026-09-18T11:30:58.000Z,V3640186,6848,44.55986,7.87263,26548.7,5.5,0.9,113.8,-51.5,1.0,-1.0,RS41-SG,403.700,12.7,250,9,2.7,,
2026-09-18T11:30:59.000Z,V3640186,6849,44.55986,7.87265,26554.4,6.1,1.9,56.4,-51.5,0.9,-1.0,RS41-SG,403.700,11.2,250,9,2.7,,
2026-09-18T11:31:00.000Z,V3640186,6850,44.55987,7.87267,26560.2,5.5,3.4,45.5,-51.4,0.9,-1.0,RS41-SG,403.700,12.1,250,9,2.6,,
2026-09-18T11:31:01.000Z,V3640186,6851,44.55990,7.87270,26565.3,4.5,4.4,40.2,-51.4,1.0,-1.0,RS41-SG,403.700,12.1,250,9,2.6,,
2026-09-18T11:31:02.000Z,V3640186,6852,44.55993,7.87274,26570.4,5.8,4.4,32.6,-51.4,1.0,-1.0,RS41-SG,403.700,11.6,250,9,2.6,,
2026-09-18T11:31:03.000Z,V3640186,6853,44.55997,7.87276,26576.6,6.8,3.9,13.2,-51.4,1.0,-1.0,RS41-SG,403.700,11.3,250,9,2.7,,
2026-09-18T11:31:04.000Z,V3640186,6854,44.56000,7.87276,26582.6,5.0,3.2,350.6,-51.3,1.0,-1.0,RS41-SG,403.700,11.9,250,9,2.7,,
2026-09-18T11:31:05.000Z,V3640186,6855,44.56002,7.87275,26587.4,4.3,2.7,325.7,-51.3,0.9,-1.0,RS41-SG,403.700,11.9,250,9,2.7,,
2026-09-18T11:31:06.000Z,V3640186,6856,44.56004,7.87272,26592.2,5.2,2.2,300.6,-51.2,1.0,-1.0,RS41-SG,403.700,11.8,250,9,2.6,,
2026-09-18T11:31:07.000Z,V3640186,6857,44.56004,7.87270,26598.2,6.2,1.3,280.1,-51.2,0.9,-1.0,RS41-SG,403.700,12.9,250,9,2.6,,
2026-09-18T11:31:08.000Z,V3640186,6858,44.56004,7.87269,26603.8,5.0,0.9,249.6,-51.3,1.0,-1.0,RS41-SG,403.700,12.9,250,9,2.6,,
2026-09-18T11:31:09.000Z,V3640186,6859,44.56004,7.87268,26609.2,6.0,0.7,252.2,-51.2,0.9,-1.0,RS41-SG,403.700,12.2,250,9,2.7,,
2026-09-18T11:31:10.000Z,V3640186,6860,44.56004,7.87267,26615.7,7.1,1.1,266.7,-51.2,0.9,-1.0,RS41-SG,403.700,12.2,250,9,2.7,,
2026-09-18T11:31:11.000Z,V3640186,6861,44.56004,7.87265,26621.9,5.5,1.6,287.8,-51.3,0.9,-1.0,RS41-SG,403.700,11.4,250,9,2.7,,
2026-09-18T11:31:12.000Z,V3640186,6862,44.56005,7.87263,26627.4,5.3,2.2,317.9,-51.2,0.9,-1.0,RS41-SG,403.700,12.0,250,9,2.6,,
2026-09-18T11:31:13.000Z,V3640186,6863,44.56007,7.87262,26633.1,5.8,3.1,351.5,-51.2,0.9,-1.0,RS41-SG,403.700,12.0,250,9,2.6,,
2026-09-18T11:31:14.000Z,V3640186,6864,44.56010,7.87262,26638.9,5.9,4.3,12.1,-51.3,0.9,-1.0,RS41-SG,403.700,11.4,250,9,2.6,,
2026-09-18T11:31:15.000Z,V3640186,6865,44.56015,7.87264,26644.0,4.4,5.2,19.6,-51.2,0.9,-1.0,RS41-SG,403.700,11.5,250,9,2.7,,
2026-09-18T11:31:16.000Z,V3640186,6866,44.56019,7.87266,26648.9,5.7,5.7,19.7,-51.2,1.0,-1.0,RS41-SG,403.700,12.9,250,9,2.7,,
2026-09-18T11:31:17.000Z,V3640186,6867,44.56024,7.87268,26655.2,6.9,5.2,14.1,-51.3,1.0,-1.0,RS41-SG,403.700,12.9,250,9,2.7,,
2026-09-18T11:31:18.000Z,V3640186,6868,44.56028,7.87270,26661.3,5.1,4.4,8.4,-51.2,0.9,-1.0,RS41-SG,403.700,12.1,250,9,2.6,,
2026-09-18T11:31:19.000Z,V3640186,6869,44.56032,7.87270,26666.6,5.4,3.3,3.2,-51.2,0.9,-1.0,RS41-SG,403.700,12.2,250,9,2.6,,
2026-09-18T11:31:20.000Z,V3640186,6870,44.56034,7.87270,26672.5,6.5,2.0,10.8,-51.2,1.0,-1.0,RS41-SG,403.700,12.2,250,9,2.6,,
2026-09-18T11:31:21.000Z,V3640186,6871,44.56035,7.87271,26678.4,5.1,1.2,38.8,-51.1,0.9,-1.0,RS41-SG,403.700,11.7,250,8,2.7,,
2026-09-18T11:31:22.000Z,V3640186,6872,44.56035,7.87272,26683.6,5.6,1.1,112.7,-51.1,1.0,-1.0,RS41-SG,403.700,12.4,250,9,2.7,,
2026-09-18T11:31:23.000Z,V3640186,6873,44.56035,7.87273,26689.8,6.9,1.5,158.3,-51.1,0.9,-1.0,RS41-SG,403.700,12.4,250,9,2.7,,
2026-09-18T11:31:24.000Z,V3640186,6874,44.56033,7.87273,26696.2,5.6,1.8,184.7,-51.0,0.9,-1.0,RS41-SG,403.700,12.6,250,9,2.6,,
2026-09-18T11:31:25.000Z,V3640186,6875,44.56031,7.87273,26701.6,5.1,1.8,191.7,-51.0,0.9,-1.0,RS41-SG,403.700,12.6,250,9,2.6,,
2026-09-18T11:31:26.000Z,V3640186,6876,44.56030,7.87273,26707.7,6.9,1.2,157.8,-51.0,0.9,-1.0,RS41-SG,403.700,11.2,250,9,2.6,,
2026-09-18T11:31:27.000Z,V3640186,6877,44.56030,7.87275,26713.9,5.6,1.7,95.2,-50.9,0.9,-1.0,RS41-SG,403.700,12.9,250,8,2.7,,
2026-09-18T11:31:28.000Z,V3640186,6878,44.56030,7.87277,26719.2,4.9,3.0,66.1,-51.0,0.9,-1.0,RS41-SG,403.700,12.9,250,9,2.7,,
2026-09-18T11:31:29.000Z,V3640186,6879,44.56032,7.87281,26724.9,6.4,4.2,43.2,-51.0,0.9,-1.0,RS41-SG,403.700,11.8,250,9,2.6,,
2026-09-18T11:31:30.000Z,V3640186,6880,44.56035,7.87284,26731.3,6.4,4.9,26.9,-50.9,0.9,-1.0,RS41-SG,403.700,11.8,250,9,2.6,,
2026-09-18T11:31:31.000Z,V3640186,6881,44.56040,7.87286,26737.0,4.9,5.3,17.0,-51.0,0.9,-1.0,RS41-SG,403.700,11.6,250,9,2.7,,
2026-09-18T11:31:32.000Z,V3640186,6882,44.56044,7.87288,26742.1,6.0,5.8,13.9,-51.0,0.9,-1.0,RS41-SG,403.700,12.0,250,8,2.7,,
2026-09-18T11:31:33.000Z,V3640186,6883,44.56049,7.87290,26748.5,6.4,5.5,20.3,-50.9,0.9,-1.0,RS41-SG,403.700,12.0,250,9,2.6,,
2026-09-18T11:31:34.000Z,V3640186,6884,44.56053,7.87293,26754.6,5.9,5.2,31.9,-51.0,0.9,-1.0,RS41-SG,403.700,9.9,250,9,2.6,,
2026-09-18T11:31:35.000Z,V3640186,6885,44.56057,7.87297,26760.6,5.9,4.1,44.6,-50.9,0.9,-1.0,RS41-SG,403.700,11.8,250,8,2.7,,
2026-09-18T11:31:36.000Z,V3640186,6886,44.56059,7.87300,26766.4,6.1,2.9,59.5,-50.9,0.9,-1.0,RS41-SG,403.700,12.1,250,9,2.7,,
2026-09-18T11:31:37.000Z,V3640186,6887,44.56059,7.87303,26772.6,6.1,1.9,92.2,-50.9,0.9,-1.0,RS41-SG,403.700,12.1,250,9,2.6,,
2026-09-18T11:31:38.000Z,V3640186,6888,44.56059,7.87305,26777.8,4.3,1.5,128.1,-50.8,0.9,-1.0,RS41-SG,403.700,12.5,250,9,2.6,,
2026-09-18T11:31:39.000Z,V3640186,6889,44.56058,7.87306,26782.1,4.3,1.8,136.3,-50.8,0.9,-1.0,RS41-SG,403.700,12.5,250,9,2.7,,
2026-09-18T11:31:40.000Z,V3640186,6890,44.56057,7.87308,26787.1,5.8,2.3,122.1,-50.8,0.9,-1.0,RS41-SG,403.700,11.9,250,9,2.7,,
2026-09-18T11:31:41.000Z,V3640186,6891,44.56056,7.87311,26793.2,6.5,3.2,92.0,-50.8,0.9,-1.0,RS41-SG,403.700,11.9,250,9,2.6,,
2026-09-18T11:31:42.000Z,V3640186,6892,44.56056,7.87316,26799.1,5.2,4.1,77.6,-50.9,0.9,-1.0,RS41-SG,403.700,11.4,250,9,2.6,,
2026-09-18T11:31:43.000Z,V3640186,6893,44.56058,7.87321,26804.6,5.6,4.6,65.6,-50.9,0.9,-1.0,RS41-SG,403.700,12.1,250,9,2.7,,
2026-09-18T11:31:44.000Z,V3640186,6894,44.56060,7.87326,26810.7,6.9,4.4,51.0,-50.9,0.9,-1.0,RS41-SG,403.700,12.1,250,9,2.7,,
2026-09-18T11:31:45.000Z,V3640186,6895,44.56062,7.87329,26817.2,6.3,3.8,33.7,-50.9,0.9,-1.0,RS41-SG,403.700,12.1,250,9,2.6,,
2026-09-18T11:31:46.000Z,V3640186,6896,44.56065,7.87331,26822.5,4.0,3.5,17.9,-50.8,0.9,-1.0,RS41-SG,403.700,12.5,250,9,2.6,,
2026-09-18T11:31:47.000Z,V3640186,6897,44.56068,7.87332,26826.7,4.6,3.5,6.6,-50.8,0.9,-1.0,RS41-SG,403.700,12.5,250,9,2.7,,
2026-09-18T11:31:48.000Z,V3640186,6898,44.56072,7.87333,26831.8,5.6,3.6,9.2,-50.7,0.9,-1.0,RS41-SG,403.700,10.4,250,9,2.7,,
2026-09-18T11:31:49.000Z,V3640186,6899,44.56075,7.87334,26837.4,5.6,3.8,16.4,-50.8,0.9,-1.0,RS41-SG,403.700,11.0,250,9,2.6,,
2026-09-18T11:31:50.000Z,V3640186,6900,44.56078,7.87335,26842.8,5.1,4.1,22.3,-50.8,0.9,-1.0,RS41-SG,403.700,11.8,250,9,2.6,,
2026-09-18T11:31:51.000Z,V3640186,6901,44.56082,7.87337,26848.3,5.4,4.4,19.7,-50.7,0.9,-1.0,RS41-SG,403.700,11.8,250,9,2.6,,
2026-09-18T11:31:52.000Z,V3640186,6902,44.56086,7.87339,26854.0,6.3,4.9,12.3,-50.9,0.9,-1.0,RS41-SG,403.700,11.4,250,9,2.7,,
2026-09-18T11:31:53.000Z,V3640186,6903,44.56090,7.87340,26860.0,6.1,4.9,6.6,-50.8,0.9,-1.0,RS41-SG,403.700,12.0,250,9,2.7,,
2026-09-18T11:31:54.000Z,V3640186,6904,44.56094,7.87341,26865.8,5.3,4.3,7.5,-50.8,1.0,-1.0,RS41-SG,403.700,12.0,250,9,2.7,,
2026-09-18T11:31:55.000Z,V3640186,6905,44.56097,7.87342,26871.4,5.7,3.6,17.9,-50.9,0.9,-1.0,RS41-SG,403.700,11.6,250,9,2.6,,
2026-09-18T11:31:56.000Z,V3640186,6906,44.56100,7.87344,26877.5,6.1,3.2,42.9,-50.9,0.9,-1.0,RS41-SG,403.700,11.6,250,8,2.6,,
2026-09-18T11:31:57.000Z,V3640186,6907,44.56102,7.87347,26883.4,5.7,3.8,61.8,-50.9,0.9,-1.0,RS41-SG,403.700,10.4,250,9,2.6,,
2026-09-18T11:31:58.000Z,V3640186,6908,44.56104,7.87352,26888.5,4.8,4.7,66.9,-50.9,0.9,-1.0,RS41-SG,403.700,11.0,250,9,2.7,,
2026-09-18T11:31:59.000Z,V3640186,6909,44.56106,7.87357,26893.8,5.9,5.3,56.5,-50.8,0.9,-1.0,RS41-SG,403.700,11.0,250,9,2.7,,
2026-09-18T11:32:00.000Z,V3640186,6910,44.56109,7.87362,26900.0,6.8,6.1,35.6,-50.9,0.9,-1.0,RS41-SG,403.700,10.9,250,9,2.7,,
2026-09-18T11:32:01.000Z,V3640186,6911,44.56114,7.87366,26906.1,5.1,7.1,21.4,-50.8,0.9,-1.0,RS41-SG,403.700,11.2,250,9,2.6,,
2026-09-18T11:32:02.000Z,V3640186,6912,44.56121,7.87369,26911.1,4.3,8.0,13.5,-50.7,0.9,-1.0,RS41-SG,403.700,11.2,250,9,2.6,,
2026-09-18T11:32:03.000Z,V3640186,6913,44.56128,7.87371,26916.5,5.9,8.2,8.8,-50.8,0.9,-1.0,RS41-SG,403.700,10.1,250,9,2.6,,
2026-09-18T11:32:04.000Z,V3640186,6914,44.56135,7.87372,26923.0,7.3,7.5,10.4,-50.7,0.9,-1.0,RS41-SG,403.700,11.4,250,9,2.7,,
2026-09-18T11:32:05.000Z,V3640186,6915,44.56141,7.87374,26929.3,5.6,6.2,13.9,-50.8,0.9,-1.0,RS41-SG,403.700,11.8,250,9,2.7,,
2026-09-18T11:32:06.000Z,V3640186,6916,44.56145,7.87376,26934.7,5.0,4.5,20.2,-50.8,0.9,-1.0,RS41-SG,403.700,11.8,250,9,2.7,,
2026-09-18T11:32:07.000Z,V3640186,6917,44.56149,7.87378,26940.3,5.6,3.0,23.5,-50.8,1.0,-1.0,RS41-SG,403.700,11.7,250,9,2.6,,
2026-09-18T11:32:08.000Z,V3640186,6918,44.56150,7.87379,26946.4,6.5,1.6,31.0,-50.9,1.0,-1.0,RS41-SG,403.700,10.7,250,9,2.6,,
2026-09-18T11:32:09.000Z,V3640186,6919,44.56151,7.87380,26952.6,5.8,1.2,63.6,-50.9,1.0,-1.0,RS41-SG,403.700,10.5,250,9,2.6,,
2026-09-18T11:32:10.000Z,V3640186,6920,44.56151,7.87382,26958.7,6.4,2.1,100.7,-50.8,0.9,-1.0,RS41-SG,403.700,11.1,250,9,2.7,,
2026-09-18T11:32:11.000Z,V3640186,6921,44.56151,7.87386,26965.2,6.8,3.6,103.8,-50.8,1.0,-1.0,RS41-SG,403.700,11.1,250,9,2.7,,
2026-09-18T11:32:12.000Z,V3640186,6922,44.56150,7.87391,26971.1,5.0,5.0,97.5,-50.8,0.9,-1.0,RS41-SG,403.700,9.9,250,9,2.7,,
2026-09-18T11:32:13.000Z,V3640186,6923,44.56150,7.87398,26975.9,4.7,5.9,83.8,-50.8,0.9,-1.0,RS41-SG,403.700,12.0,250,9,2.6,,
2026-09-18T11:32:14.000Z,V3640186,6924,44.56152,7.87405,26982.0,6.5,6.5,66.0,-50.8,0.9,-1.0,RS41-SG,403.700,12.0,250,9,2.6,,
2026-09-18T11:32:15.000Z,V3640186,6925,44.56155,7.87412,26988.3,6.3,6.8,48.7,-50.8,0.9,-1.0,RS41-SG,403.700,11.3,250,9,2.6,,
2026-09-18T11:32:16.000Z,V3640186,6926,44.56159,7.87418,26993.9,5.0,7.1,35.1,-50.7,0.9,-1.0,RS41-SG,403.700,11.6,250,9,2.7,,
2026-09-18T11:32:17.000Z,V3640186,6927,44.56165,7.87422,26999.6,6.5,7.0,26.3,-50.7,0.9,-1.0,RS41-SG,403.700,12.1,250,9,2.7,,
2026-09-18T11:32:18.000Z,V3640186,6928,44.56170,7.87426,27006.5,7.4,6.2,25.9,-50.8,0.9,-1.0,RS41-SG,403.700,12.1,250,9,2.7,,
2026-09-18T11:32:19.000Z,V3640186,6929,44.56175,7.87429,27013.0,5.1,5.1,28.6,-50.7,0.9,-1.0,RS41-SG,403.700,11.2,250,9,2.6,,
2026-09-18T11:32:20.000Z,V3640186,6930,44.56178,7.87432,27018.0,4.8,3.4,33.4,-50.7,0.9,-1.0,RS41-SG,403.700,12.7,250,9,2.6,,
2026-09-18T11:32:21.000Z,V3640186,6931,44.56180,7.87434,27023.3,5.7,1.4,35.5,-50.7,0.9,-1.0,RS41-SG,403.700,12.7,250,9,2.6,,
2026-09-18T11:32:22.000Z,V3640186,6932,44.56180,7.87434,27029.3,6.3,0.2,194.1,-50.7,0.9,-1.0,RS41-SG,403.700,10.6,250,9,2.7,,
2026-09-18T11:32:23.000Z,V3640186,6933,44.56180,7.87434,27035.1,5.7,1.0,198.9,-50.8,0.9,-1.0,RS41-SG,403.700,11.2,250,9,2.7,,
2026-09-18T11:32:24.000Z,V3640186,6934,44.56179,7.87434,27041.1,6.2,1.6,165.4,-50.8,0.9,-1.0,RS41-SG,403.700,11.2,250,9,2.7,,
2026-09-18T11:32:25.000Z,V3640186,6935,44.56177,7.87436,27047.7,6.9,2.9,134.0,-50.8,0.9,-1.0,RS41-SG,403.700,11.4,250,9,2.6,,
2026-09-18T11:32:26.000Z,V3640186,6936,44.56175,7.87439,27054.1,5.8,4.1,117.5,-50.8,0.9,-1.0,RS41-SG,403.700,11.5,250,9,2.6,,
2026-09-18T11:32:27.000Z,V3640186,6937,44.56174,7.87445,27059.3,4.6,5.1,107.5,-50.9,0.9,-1.0,RS41-SG,403.700,11.5,250,9,2.6,,
2026-09-18T11:32:28.000Z,V3640186,6938,44.56173,7.87451,27064.5,5.6,5.3,93.3,-50.9,0.9,-1.0,RS41-SG,403.700,10.9,250,9,2.7,,
2026-09-18T11:32:29.000Z,V3640186,6939,44.56173,7.87457,27070.7,7.1,4.7,74.7,-50.9,0.9,-1.0,RS41-SG,403.700,12.2,250,9,2.7,,
2026-09-18T11:32:30.000Z,V3640186,6940,44.56175,7.87462,27077.3,6.2,4.4,52.2,-51.0,0.9,-1.0,RS41-SG,403.700,12.2,250,9,2.7,,
2026-09-18T11:32:31.000Z,V3640186,6941,44.56178,7.87466,27083.0,5.2,4.6,33.0,-51.0,0.9,-1.0,RS41-SG,403.700,11.3,250,9,2.6,,
2026-09-18T11:32:32.000Z,V3640186,6942,44.56182,7.87469,27088.9,6.2,4.9,25.0,-51.0,0.9,-1.0,RS41-SG,403.700,11.5,250,9,2.6,,
2026-09-18T11:32:33.000Z,V3640186,6943,44.56186,7.87471,27095.4,7.0,5.0,25.3,-51.1,1.0,-1.0,RS41-SG,403.700,11.5,250,9,2.6,,
2026-09-18T11:32:34.000Z,V3640186,6944,44.56190,7.87474,27101.5,5.5,4.8,31.0,-51.1,0.9,-1.0,RS41-SG,403.700,11.3,250,9,2.7,,
2026-09-18T11:32:35.000Z,V3640186,6945,44.56193,7.87477,27107.0,5.6,4.5,33.4,-51.0,1.0,-1.0,RS41-SG,403.700,10.5,250,9,2.7,,
2026-09-18T11:32:36.000Z,V3640186,6946,44.56196,7.87480,27113.0,6.6,3.6,28.6,-51.0,1.0,-1.0,RS41-SG,403.700,13.2,250,9,2.7,,
2026-09-18T11:32:37.000Z,V3640186,6947,44.56199,7.87482,27119.7,6.6,2.9,17.9,-51.2,1.0,-1.0,RS41-SG,403.700,13.2,250,9,2.6,,
2026-09-18T11:32:38.000Z,V3640186,6948,44.56201,7.87482,27126.1,5.9,2.3,13.0,-51.1,0.9,-1.0,RS41-SG,403.700,11.4,250,9,2.6,,
2026-09-18T11:32:39.000Z,V3640186,6949,44.56203,7.87483,27132.6,6.8,1.6,36.9,-51.1,1.0,-1.0,RS41-SG,403.700,11.3,250,8,2.6,,
2026-09-18T11:32:40.000Z,V3640186,6950,44.56204,7.87485,27139.5,7.3,2.3,79.2,-51.1,1.0,-1.0,RS41-SG,403.700,12.8,250,9,2.7,,
2026-09-18T11:32:41.000Z,V3640186,6951,44.56204,7.87489,27145.5,5.5,3.3,88.7,-51.2,0.9,-1.0,RS41-SG,403.700,12.8,250,9,2.7,,
2026-09-18T11:32:42.000Z,V3640186,6952,44.56204,7.87493,27151.0,5.5,4.0,89.3,-51.1,1.0,-1.0,RS41-SG,403.700,12.1,250,9,2.7,,
2026-09-18T11:32:43.000Z,V3640186,6953,44.56204,7.87498,27157.3,6.7,3.7,81.8,-51.1,0.9,-1.0,RS41-SG,403.700,12.1,250,9,2.6,,
2026-09-18T11:32:44.000Z,V3640186,6954,44.56205,7.87502,27163.6,5.6,3.2,71.7,-51.1,0.9,-1.0,RS41-SG,403.700,12.0,250,9,2.6,,
2026-09-18T11:32:45.000Z,V3640186,6955,44.56206,7.87506,27169.3,5.9,2.9,60.8,-51.2,0.9,-1.0,RS41-SG,403.700,12.0,250,9,2.6,,
2026-09-18T11:32:46.000Z,V3640186,6956,44.56207,7.87509,27175.7,7.1,3.2,62.2,-51.1,0.9,-1.0,RS41-SG,403.700,11.0,250,9,2.7,,
2026-09-18T11:32:47.000Z,V3640186,6957,44.56209,7.87513,27182.6,6.9,3.7,66.6,-51.1,1.0,-1.0,RS41-SG,403.700,11.0,250,8,2.7,,
2026-09-18T11:32:48.000Z,V3640186,6958,44.56210,7.87518,27189.0,5.5,4.0,71.5,-51.1,0.9,-1.0,RS41-SG,403.700,12.4,250,9,2.7,,
2026-09-18T11:32:49.000Z,V3640186,6959,44.56211,7.87522,27194.8,5.9,3.7,70.8,-51.1,0.9,-1.0,RS41-SG,403.700,12.4,250,9,2.6,,
2026-09-18T11:32:50.000Z,V3640186,6960,44.56212,7.87526,27201.0,6.4,2.6,68.4,-51.0,0.9,-1.0,RS41-SG,403.700,12.2,250,9,2.6,,
2026-09-18T11:32:51.000Z,V3640186,6961,44.56213,7.87528,27207.2,6.3,1.3,62.5,-51.0,0.9,-1.0,RS41-SG,403.700,12.6,250,9,2.6,,
2026-09-18T11:32:52.000Z,V3640186,6962,44.56213,7.87529,27213.0,5.4,0.9,68.5,-51.0,0.9,-1.0,RS41-SG,403.700,12.6,250,9,2.7,,
2026-09-18T11:32:53.000Z,V3640186,6963,44.56213,7.87531,27219.0,6.5,1.3,80.0,-51.0,0.9,-1.0,RS41-SG,403.700,10.3,250,9,2.7,,
2026-09-18T11:32:54.000Z,V3640186,6964,44.56213,7.87533,27225.7,7.1,2.4,86.0,-50.9,0.9,-1.0,RS41-SG,403.700,13.1,250,8,2.7,,
2026-09-18T11:32:55.000Z,V3640186,6965,44.56214,7.87537,27232.1,5.5,3.6,87.2,-51.0,0.9,-1.0,RS41-SG,403.700,13.1,250,9,2.6,,
2026-09-18T11:32:56.000Z,V3640186,6966,44.56214,7.87542,27237.6,5.1,4.4,87.3,-51.0,0.9,-1.0,RS41-SG,403.700,11.7,250,9,2.6,,
2026-09-18T11:32:57.000Z,V3640186,6967,44.56214,7.87547,27243.4,6.2,4.3,81.6,-51.0,0.9,-1.0,RS41-SG,403.700,12.0,250,9,2.6,,
2026-09-18T11:32:58.000Z,V3640186,6968,44.56215,7.87552,27250.0,7.2,3.9,72.1,-51.0,0.9,-1.0,RS41-SG,403.700,12.3,250,9,2.7,,
2026-09-18T11:32:59.000Z,V3640186,6969,44.56216,7.87556,27256.3,5.6,3.2,61.4,-51.1,0.9,-1.0,RS41-SG,403.700,12.3,250,9,2.7,,
2026-09-18T11:33:00.000Z,V3640186,6970,44.56218,7.87560,27262.1,6.0,3.2,49.4,-51.0,0.9,-1.0,RS41-SG,403.700,10.5,250,7,2.7,,
2026-09-18T11:33:01.000Z,V3640186,6971,44.56220,7.87563,27268.5,6.9,3.9,46.1,-50.9,0.9,-1.0,RS41-SG,403.700,11.2,250,9,2.6,,
2026-09-18T11:33:02.000Z,V3640186,6972,44.56223,7.87567,27275.3,6.6,4.8,49.9,-51.0,1.0,-1.0,RS41-SG,403.700,11.2,250,9,2.6,,
2026-09-18T11:33:03.000Z,V3640186,6973,44.56225,7.87572,27281.1,5.0,5.5,52.0,-51.1,0.9,-1.0,RS41-SG,403.700,11.6,250,9,2.6,,
2026-09-18T11:33:04.000Z,V3640186,6974,44.56229,7.87577,27286.2,5.4,5.5,48.0,-51.0,0.9,-1.0,RS41-SG,403.700,11.8,250,8,2.7,,
2026-09-18T11:33:05.000Z,V3640186,6975,44.56232,7.87582,27292.0,6.3,4.7,40.9,-51.0,1.0,-1.0,RS41-SG,403.700,11.9,250,9,2.7,,
2026-09-18T11:33:06.000Z,V3640186,6976,44.56235,7.87585,27298.1,6.0,3.6,32.7,-51.1,0.9,-1.0,RS41-SG,403.700,12.2,250,9,2.7,,
2026-09-18T11:33:07.000Z,V3640186,6977,44.56237,7.87587,27304.3,5.6,2.4,34.2,-51.0,0.9,-1.0,RS41-SG,403.700,12.2,250,9,2.6,,
2026-09-18T11:33:08.000Z,V3640186,6978,44.56238,7.87589,27310.4,6.1,1.2,70.0,-51.0,0.9,-1.0,RS41-SG,403.700,10.2,250,9,2.6,,
2026-09-18T11:33:09.000Z,V3640186,6979,44.56238,7.87591,27316.7,6.8,2.1,113.1,-51.0,1.0,-1.0,RS41-SG,403.700,10.2,250,9,2.6,,
2026-09-18T11:33:10.000Z,V3640186,6980,44.56237,7.87594,27323.0,6.0,3.4,116.8,-51.0,1.0,-1.0,RS41-SG,403.700,9.9,250,9,2.7,,
2026-09-18T11:33:11.000Z,V3640186,6981,44.56235,7.87598,27328.7,5.4,4.1,111.9,-51.0,0.9,-1.0,RS41-SG,403.700,11.8,250,9,2.7,,
2026-09-18T11:33:12.000Z,V3640186,6982,44.56235,7.87603,27334.4,6.3,4.1,91.8,-50.9,0.9,-1.0,RS41-SG,403.700,13.1,250,9,2.7,,
2026-09-18T11:33:13.000Z,V3640186,6983,44.56235,7.87608,27341.1,7.1,4.3,63.8,-51.0,0.9,-1.0,RS41-SG,403.700,13.1,250,9,2.6,,
2026-09-18T11:33:14.000Z,V3640186,6984,44.56238,7.87612,27347.5,5.5,4.8,43.6,-51.1,0.9,-1.0,RS41-SG,403.700,12.2,250,9,2.6,,
2026-09-18T11:33:15.000Z,V3640186,6985,44.56242,7.87616,27353.0,5.3,5.4,31.2,-51.0,0.9,-1.0,RS41-SG,403.700,10.1,250,9,2.6,,
2026-09-18T11:33:16.000Z,V3640186,6986,44.56246,7.87620,27358.8,6.3,5.3,29.8,-50.9,0.9,-1.0,RS41-SG,403.700,11.2,250,9,2.7,,
2026-09-18T11:33:17.000Z,V3640186,6987,44.56250,7.87623,27365.5,7.0,5.1,35.5,-51.0,0.9,-1.0,RS41-SG,403.700,11.3,250,9,2.7,,
2026-09-18T11:33:18.000Z,V3640186,6988,44.56253,7.87627,27371.7,5.3,4.7,45.2,-51.1,0.9,-1.0,RS41-SG,403.700,11.3,250,9,2.7,,
2026-09-18T11:33:19.000Z,V3640186,6989,44.56256,7.87631,27377.1,5.3,4.5,49.5,-51.0,0.9,-1.0,RS41-SG,403.700,10.8,250,9,2.6,,
2026-09-18T11:33:20.000Z,V3640186,6990,44.56258,7.87635,27382.9,6.2,4.2,46.6,-51.0,0.9,-1.0,RS41-SG,403.700,11.6,250,9,2.6,,
2026-09-18T11:33:21.000Z,V3640186,6991,44.56261,7.87639,27389.8,7.3,3.8,37.7,-51.1,0.9,-1.0,RS41-SG,403.700,11.6,250,9,2.6,,
2026-09-18T11:33:22.000Z,V3640186,6992,44.56264,7.87641,27396.5,6.0,3.7,28.4,-51.2,0.9,-1.0,RS41-SG,403.700,10.9,250,9,2.7,,
2026-09-18T11:33:23.000Z,V3640186,6993,44.56267,7.87643,27402.3,6.2,3.3,23.6,-51.1,0.9,-1.0,RS41-SG,403.700,11.2,250,9,2.7,,
2026-09-18T11:33:24.000Z,V3640186,6994,44.56269,7.87645,27408.8,7.0,2.7,33.2,-51.0,0.9,-1.0,RS41-SG,403.700,12.2,250,9,2.7,,
2026-09-18T11:33:25.000Z,V3640186,6995,44.56271,7.87647,27415.4,5.9,2.5,49.1,-51.0,0.9,-1.0,RS41-SG,403.700,12.2,250,9,2.6,,
2026-09-18T11:33:26.000Z,V3640186,6996,44.56272,7.87650,27421.3,5.7,2.9,58.4,-51.0,0.9,-1.0,RS41-SG,403.700,10.2,250,9,2.6,,
2026-09-18T11:33:27.000Z,V3640186,6997,44.56274,7.87653,27427.6,7.2,3.8,50.6,-50.9,0.9,-1.0,RS41-SG,403.700,10.5,250,9,2.6,,
2026-09-18T11:33:28.000Z,V3640186,6998,44.56277,7.87657,27434.9,7.5,5.0,39.0,-50.9,0.9,-1.0,RS41-SG,403.700,10.9,250,9,2.7,,
2026-09-18T11:33:29.000Z,V3640186,6999,44.56281,7.87661,27441.1,5.1,6.0,31.7,-51.0,0.9,-1.0,RS41-SG,403.700,10.9,250,9,2.7,,
2026-09-18T11:33:30.000Z,V3640186,7000,44.56286,7.87665,27446.2,5.4,7.0,29.8,-51.0,0.9,-1.0,RS41-SG,403.700,10.9,250,8,2.7,,
2026-09-18T11:33:31.000Z,V3640186,7001,44.56291,7.87670,27452.6,6.8,7.0,32.4,-50.9,0.9,-1.0,RS41-SG,403.700,11.7,250,9,2.6,,
2026-09-18T11:33:32.000Z,V3640186,7002,44.56297,7.87675,27459.4,6.8,6.7,35.6,-50.9,0.9,-1.0,RS41-SG,403.700,11.7,250,9,2.6,,
2026-09-18T11:33:33.000Z,V3640186,7003,44.56301,7.87679,27465.8,6.1,6.3,36.9,-51.0,0.9,-1.0,RS41-SG,403.700,12.1,250,9,2.6,,
2026-09-18T11:33:34.000Z,V3640186,7004,44.56306,7.87684,27472.2,6.8,5.8,33.4,-51.1,0.9,-1.0,RS41-SG,403.700,12.1,250,9,2.7,,
2026-09-18T11:33:35.000Z,V3640186,7005,44.56310,7.87687,27479.2,7.5,5.6,25.2,-51.1,1.0,-1.0,RS41-SG,403.700,11.0,250,9,2.7,,
2026-09-18T11:33:36.000Z,V3640186,7006,44.56315,7.87690,27485.9,5.7,5.7,17.3,-51.0,0.9,-1.0,RS41-SG,403.700,10.2,250,9,2.7,,
2026-09-18T11:33:37.000Z,V3640186,7007,44.56320,7.87692,27491.4,5.1,5.6,15.9,-51.1,0.9,-1.0,RS41-SG,403.700,10.9,250,9,2.6,,
2026-09-18T11:33:38.000Z,V3640186,7008,44.56324,7.87694,27497.3,6.4,4.9,22.7,-51.1,0.9,-1.0,RS41-SG,403.700,10.9,250,9,2.6,,
2026-09-18T11:33:39.000Z,V3640186,7009,44.56328,7.87697,27503.9,6.8,4.4,36.6,-51.1,0.9,-1.0,RS41-SG,403.700,10.7,250,9,2.6,,
2026-09-18T11:33:40.000Z,V3640186,7010,44.56331,7.87701,27510.1,5.6,4.2,50.6,-51.1,0.9,-1.0,RS41-SG,403.700,11.3,250,8,2.7,,
2026-09-18T11:33:41.000Z,V3640186,7011,44.56333,7.87705,27515.9,6.2,4.6,55.0,-51.1,0.9,-1.0,RS41-SG,403.700,11.3,250,9,2.7,,
2026-09-18T11:33:42.000Z,V3640186,7012,44.56336,7.87710,27522.4,6.6,5.3,47.6,-51.2,0.9,-1.0,RS41-SG,403.700,12.9,250,9,2.7,,
2026-09-18T11:33:43.000Z,V3640186,7013,44.56340,7.87714,27529.1,6.6,6.1,37.0,-51.4,0.9,-1.0,RS41-SG,403.700,12.9,250,9,2.6,,
2026-09-18T11:33:44.000Z,V3640186,7014,44.56344,7.87719,27535.1,5.4,6.5,30.2,-51.3,0.9,-1.0,RS41-SG,403.700,11.6,250,8,2.6,,
2026-09-18T11:33:45.000Z,V3640186,7015,44.56349,7.87723,27540.3,4.9,6.5,24.2,-51.2,0.9,-1.0,RS41-SG,403.700,11.6,250,9,2.6,,
2026-09-18T11:33:46.000Z,V3640186,7016,44.56354,7.87726,27545.9,6.5,5.7,23.3,-51.2,0.9,-1.0,RS41-SG,403.700,11.6,250,9,2.7,,
2026-09-18T11:33:47.000Z,V3640186,7017,44.56359,7.87729,27552.5,7.2,4.4,27.9,-51.2,1.0,-1.0,RS41-SG,403.700,12.8,250,9,2.7,,
2026-09-18T11:33:48.000Z,V3640186,7018,44.56362,7.87731,27558.8,5.2,3.6,38.0,-51.3,0.9,-1.0,RS41-SG,403.700,12.8,250,9,2.7,,
2026-09-18T11:33:49.000Z,V3640186,7019,44.56364,7.87734,27564.2,5.6,3.1,47.0,-51.3,1.0,-1.0,RS41-SG,403.700,11.2,250,9,2.6,,
2026-09-18T11:33:50.000Z,V3640186,7020,44.56366,7.87737,27570.4,6.3,3.5,45.1,-51.3,1.0,-1.0,RS41-SG,403.700,12.3,250,8,2.6,,
2026-09-18T11:33:51.000Z,V3640186,7021,44.56368,7.87740,27577.2,7.3,4.4,36.9,-51.3,1.0,-1.0,RS41-SG,403.700,12.3,250,9,2.6,,
2026-09-18T11:33:52.000Z,V3640186,7022,44.56372,7.87744,27583.8,6.2,5.4,31.2,-51.4,1.0,-1.0,RS41-SG,403.700,12.5,250,9,2.7,,
2026-09-18T11:33:53.000Z,V3640186,7023,44.56377,7.87747,27589.6,5.3,6.2,32.3,-51.5,1.0,-1.0,RS41-SG,403.700,12.8,250,9,2.7,,
2026-09-18T11:33:54.000Z,V3640186,7024,44.56381,7.87752,27595.3,6.5,6.4,38.7,-51.5,1.0,-1.0,RS41-SG,403.700,12.8,250,9,2.7,,
2026-09-18T11:33:55.000Z,V3640186,7025,44.56385,7.87757,27602.0,6.9,6.1,48.5,-51.5,1.0,-1.0,RS41-SG,403.700,11.5,250,8,2.6,,
2026-09-18T11:33:56.000Z,V3640186,7026,44.56388,7.87763,27608.3,5.7,5.9,57.3,-51.5,1.0,-1.0,RS41-SG,403.700,10.9,250,9,2.6,,
2026-09-18T11:33:57.000Z,V3640186,7027,44.56391,7.87770,27614.3,6.1,5.8,61.1,-51.4,1.0,-1.0,RS41-SG,403.700,10.8,250,9,2.6,,
2026-09-18T11:33:58.000Z,V3640186,7028,44.56394,7.87776,27620.9,7.1,5.5,56.9,-51.4,1.0,-1.0,RS41-SG,403.700,12.4,250,9,2.7,,
2026-09-18T11:33:59.000Z,V3640186,7029,44.56397,7.87782,27628.1,7.4,5.9,50.3,-51.5,1.0,-1.0,RS41-SG,403.700,12.4,250,9,2.7,,
2026-09-18T11:34:00.000Z,V3640186,7030,44.56400,7.87787,27634.5,5.7,5.9,42.6,-51.5,1.0,-1.0,RS41-SG,403.700,12.4,250,9,2.7,,
2026-09-18T11:34:01.000Z,V3640186,7031,44.56404,7.87792,27640.3,5.9,5.5,40.7,-51.5,1.0,-1.0,RS41-SG,403.700,11.9,250,9,2.6,,
2026-09-18T11:34:02.000Z,V3640186,7032,44.56408,7.87796,27646.9,6.9,4.6,43.1,-51.5,1.0,-1.0,RS41-SG,403.700,11.0,250,9,2.6,,
2026-09-18T11:34:03.000Z,V3640186,7033,44.56410,7.87800,27653.4,5.8,3.7,48.8,-51.5,1.0,-1.0,RS41-SG,403.700,10.8,250,9,2.6,,
2026-09-18T11:34:04.000Z,V3640186,7034,44.56412,7.87803,27659.5,6.3,3.1,53.4,-51.6,0.9,-1.0,RS41-SG,403.700,11.0,250,9,2.7,,
2026-09-18T11:34:05.000Z,V3640186,7035,44.56414,7.87806,27666.4,7.6,3.3,46.0,-51.7,1.0,-1.0,RS41-SG,403.700,11.2,250,9,2.7,,
2026-09-18T11:34:06.000Z,V3640186,7036,44.56416,7.87809,27673.6,7.2,3.9,35.7,-51.7,1.0,-1.0,RS41-SG,403.700,11.7,250,9,2.7,,
2026-09-18T11:34:07.000Z,V3640186,7037,44.56420,7.87812,27679.6,4.9,4.5,30.1,-51.7,1.0,-1.0,RS41-SG,403.700,11.7,250,9,2.6,,
2026-09-18T11:34:08.000Z,V3640186,7038,44.56423,7.87815,27684.8,5.2,4.6,26.7,-51.6,0.9,-1.0,RS41-SG,403.700,11.9,250,9,2.6,,
2026-09-18T11:34:09.000Z,V3640186,7039,44.56427,7.87817,27690.8,6.7,4.0,25.7,-51.5,0.9,-1.0,RS41-SG,403.700,11.9,250,9,2.6,,
2026-09-18T11:34:10.000Z,V3640186,7040,44.56429,7.87819,27697.3,6.4,3.0,25.8,-51.5,0.9,-1.0,RS41-SG,403.700,11.2,250,9,2.7,,
2026-09-18T11:34:11.000Z,V3640186,7041,44.56432,7.87820,27703.6,6.5,2.6,23.2,-51.4,0.9,-1.0,RS41-SG,403.700,11.3,250,9,2.7,,
2026-09-18T11:34:12.000Z,V3640186,7042,44.56434,7.87822,27710.3,6.5,2.9,21.3,-51.4,0.9,-1.0,RS41-SG,403.700,11.6,250,8,2.7,,
2026-09-18T11:34:13.000Z,V3640186,7043,44.56437,7.87823,27717.1,6.9,3.8,20.1,-51.3,0.9,-1.0,RS41-SG,403.700,11.6,250,8,2.6,,
2026-09-18T11:34:14.000Z,V3640186,7044,44.56441,7.87825,27723.6,6.1,4.8,18.9,-51.3,0.9,-1.0,RS41-SG,403.700,11.0,250,8,2.6,,
2026-09-18T11:34:15.000Z,V3640186,7045,44.56445,7.87827,27729.2,5.0,5.2,17.7,-51.2,0.9,-1.0,RS41-SG,403.700,10.8,250,9,2.6,,
2026-09-18T11:34:16.000Z,V3640186,7046,44.56449,7.87829,27734.4,5.8,4.8,19.6,-51.2,1.0,-1.0,RS41-SG,403.700,10.7,250,9,2.7,,
2026-09-18T11:34:17.000Z,V3640186,7047,44.56453,7.87831,27740.8,7.3,3.6,25.2,-51.2,1.0,-1.0,RS41-SG,403.700,12.7,250,8,2.7,,
2026-09-18T11:34:18.000Z,V3640186,7048,44.56455,7.87833,27747.6,6.1,2.6,35.1,-51.2,0.9,-1.0,RS41-SG,403.700,12.7,250,9,2.7,,
2026-09-18T11:34:19.000Z,V3640186,7049,44.56457,7.87835,27753.5,5.8,2.0,47.4,-51.2,0.9,-1.0,RS41-SG,403.700,10.8,250,9,2.6,,
2026-09-18T11:34:20.000Z,V3640186,7050,44.56458,7.87837,27759.9,6.8,1.9,47.7,-51.2,1.0,-1.0,RS41-SG,403.700,10.4,250,9,2.6,,
2026-09-18T11:34:21.000Z,V3640186,7051,44.56459,7.87838,27767.1,7.4,2.6,38.5,-51.2,1.0,-1.0,RS41-SG,403.700,10.8,250,9,2.6,,
2026-09-18T11:34:22.000Z,V3640186,7052,44.56462,7.87841,27773.2,5.2,3.4,28.7,-51.2,0.9,-1.0,RS41-SG,403.700,11.0,250,9,2.7,,
2026-09-18T11:34:23.000Z,V3640186,7053,44.56465,7.87843,27778.4,5.4,3.8,26.7,-51.2,0.9,-1.0,RS41-SG,403.700,11.7,250,9,2.7,,
2026-09-18T11:34:24.000Z,V3640186,7054,44.56468,7.87845,27784.5,6.7,3.8,27.0,-51.2,0.9,-1.0,RS41-SG,403.700,11.7,250,9,2.7,,
2026-09-18T11:34:25.000Z,V3640186,7055,44.56470,7.87847,27790.8,5.9,3.6,31.1,-51.2,1.0,-1.0,RS41-SG,403.700,11.0,250,9,2.6,,
2026-09-18T11:34:26.000Z,V3640186,7056,44.56473,7.87850,27796.8,5.9,3.9,37.5,-51.3,1.0,-1.0,RS41-SG,403.700,9.5,250,9,2.6,,
2026-09-18T11:34:27.000Z,V3640186,7057,44.56476,7.87853,27803.5,7.1,4.9,41.9,-51.3,1.0,-1.0,RS41-SG,403.700,9.5,250,8,2.6,,
2026-09-18T11:34:28.000Z,V3640186,7058,44.56480,7.87858,27810.3,6.9,6.1,42.7,-51.4,1.0,-1.0,RS41-SG,403.700,12.1,250,8,2.7,,
2026-09-18T11:34:29.000Z,V3640186,7059,44.56484,7.87863,27816.1,5.2,6.9,42.7,-51.4,1.0,-1.0,RS41-SG,403.700,12.1,250,8,2.7,,
2026-09-18T11:34:30.000Z,V3640186,7060,44.56489,7.87869,27821.8,5.9,7.0,44.4,-51.4,1.0,-1.0,RS41-SG,403.700,11.7,250,9,2.7,,
2026-09-18T11:34:31.000Z,V3640186,7061,44.56493,7.87875,27828.3,7.0,6.2,46.8,-51.4,1.0,-1.0,RS41-SG,403.700,11.7,250,9,2.6,,
2026-09-18T11:34:32.000Z,V3640186,7062,44.56496,7.87881,27834.8,6.0,5.4,53.1,-51.5,1.0,-1.0,RS41-SG,403.700,11.7,250,9,2.6,,
2026-09-18T11:34:33.000Z,V3640186,7063,44.56499,7.87886,27840.7,5.8,4.8,56.0,-51.6,1.0,-1.0,RS41-SG,403.700,11.3,250,9,2.6,,
2026-09-18T11:34:34.000Z,V3640186,7064,44.56501,7.87891,27846.8,6.6,4.9,55.7,-51.5,1.0,-1.0,RS41-SG,403.700,11.3,250,9,2.7,,
2026-09-18T11:34:35.000Z,V3640186,7065,44.56504,7.87896,27853.4,6.8,5.3,50.1,-51.5,1.0,-1.0,RS41-SG,403.700,12.6,250,9,2.7,,
2026-09-18T11:34:36.000Z,V3640186,7066,44.56507,7.87901,27859.4,5.6,5.6,47.7,-51.5,1.0,-1.0,RS41-SG,403.700,12.6,250,9,2.7,,
2026-09-18T11:34:37.000Z,V3640186,7067,44.56511,7.87906,27865.4,6.2,5.7,47.1,-51.6,1.0,-1.0,RS41-SG,403.700,12.4,250,9,2.6,,
2026-09-18T11:34:38.000Z,V3640186,7068,44.56514,7.87912,27872.0,7.0,5.2,52.5,-51.6,1.0,-1.0,RS41-SG,403.700,11.1,250,9,2.6,,
2026-09-18T11:34:39.000Z,V3640186,7069,44.56516,7.87917,27878.3,5.4,4.6,57.9,-51.5,1.0,-1.0,RS41-SG,403.700,11.5,250,9,2.6,,
2026-09-18T11:34:40.000Z,V3640186,7070,44.56519,7.87921,27883.8,5.8,4.4,57.7,-51.4,1.0,-1.0,RS41-SG,403.700,11.5,250,9,2.7,,
2026-09-18T11:34:41.000Z,V3640186,7071,44.56521,7.87926,27890.2,7.2,4.7,49.6,-51.4,1.0,-1.0,RS41-SG,403.700,11.3,250,9,2.7,,
2026-09-18T11:34:42.000Z,V3640186,7072,44.56524,7.87930,27897.0,6.4,5.5,41.4,-51.4,1.0,-1.0,RS41-SG,403.700,11.4,250,9,2.7,,
2026-09-18T11:34:43.000Z,V3640186,7073,44.56528,7.87935,27902.9,5.3,5.7,35.3,-51.5,1.0,-1.0,RS41-SG,403.700,11.9,250,9,2.6,,
2026-09-18T11:34:44.000Z,V3640186,7074,44.56532,7.87939,27908.6,6.0,5.5,30.0,-51.6,1.0,-1.0,RS41-SG,403.700,11.9,250,9,2.6,,
2026-09-18T11:34:45.000Z,V3640186,7075,44.56536,7.87942,27915.1,7.0,4.5,27.2,-51.6,1.0,-1.0,RS41-SG,403.700,11.3,250,9,2.6,,
2026-09-18T11:34:46.000Z,V3640186,7076,44.56539,7.87944,27921.6,5.9,3.5,26.5,-51.5,0.9,-1.0,RS41-SG,403.700,11.1,250,9,2.7,,
2026-09-18T11:34:47.000Z,V3640186,7077,44.56542,7.87946,27927.3,5.6,3.1,27.3,-51.4,0.9,-1.0,RS41-SG,403.700,10.8,250,9,2.7,,
2026-09-18T11:34:48.000Z,V3640186,7078,44.56545,7.87948,27933.3,6.2,3.2,29.4,-51.4,0.9,-1.0,RS41-SG,403.700,10.2,250,9,2.7,,
2026-09-18T11:34:49.000Z,V3640186,7079,44.56547,7.87950,27939.7,6.7,4.1,28.4,-51.4,1.0,-1.0,RS41-SG,403.700,10.7,250,9,2.6,,
2026-09-18T11:34:50.000Z,V3640186,7080,44.56551,7.87952,27946.0,5.4,4.7,28.5,-51.4,0.9,-1.0,RS41-SG,403.700,10.7,250,9,2.6,,
2026-09-18T11:34:51.000Z,V3640186,7081,44.56554,7.87955,27951.3,5.5,4.6,31.2,-51.4,1.0,-1.0,RS41-SG,403.700,11.4,250,9,2.6,,
2026-09-18T11:34:52.000Z,V3640186,7082,44.56558,7.87958,27957.4,6.7,3.9,40.7,-51.5,1.0,-1.0,RS41-SG,403.700,11.7,250,9,2.7,,
2026-09-18T11:34:53.000Z,V3640186,7083,44.56560,7.87962,27964.0,6.5,3.2,52.9,-51.6,1.0,-1.0,RS41-SG,403.700,12.1,250,9,2.7,,
2026-09-18T11:34:54.000Z,V3640186,7084,44.56561,7.87965,27969.9,5.3,2.8,65.9,-51.6,1.0,-1.0,RS41-SG,403.700,12.1,250,9,2.7,,
2026-09-18T11:34:55.000Z,V3640186,7085,44.56562,7.87968,27975.5,5.7,2.9,69.0,-51.5,1.0,-1.0,RS41-SG,403.700,11.6,250,9,2.6,,
2026-09-18T11:34:56.000Z,V3640186,7086,44.56563,7.87972,27981.9,6.9,3.5,59.5,-51.5,0.9,-1.0,RS41-SG,403.700,11.3,250,9,2.6,,
2026-09-18T11:34:57.000Z,V3640186,7087,44.56565,7.87976,27988.2,5.9,4.3,49.5,-51.4,1.0,-1.0,RS41-SG,403.700,10.7,250,9,2.6,,
2026-09-18T11:34:58.000Z,V3640186,7088,44.56568,7.87980,27993.6,5.3,5.0,46.0,-51.3,0.9,-1.0,RS41-SG,403.700,11.0,250,9,2.7,,
2026-09-18T11:34:59.000Z,V3640186,7089,44.56571,7.87985,27999.1,5.6,5.1,51.6,-51.3,0.9,-1.0,RS41-SG,403.700,12.0,250,9,2.7,,
2026-09-18T11:35:00.000Z,V3640186,7090,44.56574,7.87990,28005.1,6.2,4.5,60.7,-51.4,1.0,-1.0,RS41-SG,403.700,12.0,250,9,2.7,,
2026-09-18T11:35:01.000Z,V3640186,7091,44.56575,7.87995,28011.4,6.4,4.1,79.6,-51.4,0.9,-1.0,RS41-SG,403.700,11.4,250,9,2.6,,
2026-09-18T11:35:02.000Z,V3640186,7092,44.56575,7.87999,28017.4,5.7,3.9,93.1,-51.3,0.9,-1.0,RS41-SG,403.700,11.1,250,8,2.6,,
2026-09-18T11:35:03.000Z,V3640186,7093,44.56575,7.88005,28022.8,5.1,4.5,99.5,-51.2,0.9,-1.0,RS41-SG,403.700,11.1,250,9,2.6,,
2026-09-18T11:35:04.000Z,V3640186,7094,44.56574,7.88011,28027.9,5.3,5.2,93.1,-51.2,0.9,-1.0,RS41-SG,403.700,11.1,250,9,2.7,,
2026-09-18T11:35:05.000Z,V3640186,7095,44.56575,7.88018,28033.6,6.1,6.0,81.2,-51.3,0.9,-1.0,RS41-SG,403.700,11.1,250,9,2.7,,
2026-09-18T11:35:06.000Z,V3640186,7096,44.56576,7.88025,28039.6,6.1,6.7,70.0,-51.3,0.9,-1.0,RS41-SG,403.700,11.1,250,9,2.7,,
2026-09-18T11:35:07.000Z,V3640186,7097,44.56579,7.88033,28045.2,4.9,7.0,58.6,-51.2,0.9,-1.0,RS41-SG,403.700,11.2,250,9,2.6,,
2026-09-18T11:35:09.000Z,V3640186,7099,44.56586,7.88046,28054.9,5.9,5.8,42.6,-51.1,0.9,-1.0,RS41-SG,403.700,12.4,250,9,2.6,,
2026-09-18T11:35:10.000Z,V3640186,7100,44.56590,7.88050,28061.1,6.7,4.1,45.3,-51.2,0.9,-1.0,RS41-SG,403.700,12.4,250,9,2.7,,
2026-09-18T11:35:11.000Z,V3640186,7101,44.56591,7.88053,28067.1,5.3,2.8,59.2,-51.1,0.9,-1.0,RS41-SG,403.700,12.0,250,9,2.7,,
2026-09-18T11:35:12.000Z,V3640186,7102,44.56592,7.88056,28072.3,5.3,2.8,85.5,-51.1,0.9,-1.0,RS41-SG,403.700,9.0,250,9,2.7,,
2026-09-18T11:35:13.000Z,V3640186,7103,44.56592,7.88061,28078.1,6.2,4.0,96.3,-51.1,0.9,-1.0,RS41-SG,403.700,11.1,250,9,2.6,,
2026-09-18T11:35:14.000Z,V3640186,7104,44.56592,7.88067,28084.9,6.9,5.9,92.1,-51.2,0.9,-1.0,RS41-SG,403.700,12.3,250,9,2.6,,
2026-09-18T11:35:15.000Z,V3640186,7105,44.56592,7.88075,28090.9,5.1,7.3,89.5,-51.3,0.9,-1.0,RS41-SG,403.700,12.3,250,9,2.6,,
2026-09-18T11:35:16.000Z,V3640186,7106,44.56592,7.88085,28095.9,5.0,8.5,89.4,-51.3,0.9,-1.0,RS41-SG,403.700,11.6,250,9,2.7,,
2026-09-18T11:35:17.000Z,V3640186,7107,44.56592,7.88096,28101.3,6.2,8.9,90.6,-51.3,0.9,-1.0,RS41-SG,403.700,10.5,250,8,2.7,,
2026-09-18T11:35:18.000Z,V3640186,7108,44.56591,7.88107,28107.2,5.7,8.7,92.1,-51.3,0.9,-1.0,RS41-SG,403.700,10.8,250,9,2.7,,
2026-09-18T11:35:19.000Z,V3640186,7109,44.56591,7.88118,28112.5,4.8,8.4,90.8,-51.2,0.9,-1.0,RS41-SG,403.700,11.0,250,9,2.6,,
2026-09-18T11:35:20.000Z,V3640186,7110,44.56591,7.88128,28118.1,5.9,8.2,85.3,-51.2,0.9,-1.0,RS41-SG,403.700,11.1,250,9,2.6,,
2026-09-18T11:35:21.000Z,V3640186,7111,44.56593,7.88138,28124.4,6.3,8.2,75.0,-51.2,1.0,-1.0,RS41-SG,403.700,11.6,250,9,2.6,,
2026-09-18T11:35:22.000Z,V3640186,7112,44.56595,7.88148,28130.5,6.2,7.9,66.0,-51.2,0.9,-1.0,RS41-SG,403.700,11.6,250,9,2.7,,
2026-09-18T11:35:23.000Z,V3640186,7113,44.56598,7.88156,28136.3,5.6,7.6,59.1,-51.2,0.9,-1.0,RS41-SG,403.700,11.3,250,9,2.7,,
2026-09-18T11:35:24.000Z,V3640186,7114,44.56602,7.88164,28142.0,5.6,6.7,52.9,-51.2,0.9,-1.0,RS41-SG,403.700,12.5,250,9,2.7,,
2026-09-18T11:35:25.000Z,V3640186,7115,44.56605,7.88169,28148.1,6.3,5.1,46.5,-51.2,0.9,-1.0,RS41-SG,403.700,12.5,250,9,2.6,,
2026-09-18T11:35:26.000Z,V3640186,7116,44.56608,7.88173,28154.0,5.2,3.8,42.2,-51.3,0.9,-1.0,RS41-SG,403.700,11.2,250,9,2.6,,
2026-09-18T11:35:27.000Z,V3640186,7117,44.56610,7.88176,28158.9,4.4,2.9,44.5,-51.3,0.9,-1.0,RS41-SG,403.700,10.4,250,9,2.6,,
2026-09-18T11:35:28.000Z,V3640186,7118,44.56612,7.88179,28164.0,5.6,3.5,57.3,-51.3,0.9,-1.0,RS41-SG,403.700,10.0,250,8,2.7,,
2026-09-18T11:35:29.000Z,V3640186,7119,44.56614,7.88184,28170.0,6.7,5.2,68.5,-51.4,1.0,-1.0,RS41-SG,403.700,10.0,250,8,2.7,,
2026-09-18T11:35:30.000Z,V3640186,7120,44.56616,7.88191,28176.1,5.7,7.3,68.6,-51.4,1.0,-1.0,RS41-SG,403.700,10.3,250,8,2.7,,
2026-09-18T11:35:31.000Z,V3640186,7121,44.56618,7.88201,28181.4,4.6,9.1,67.6,-51.3,0.9,-1.0,RS41-SG,403.700,11.4,250,7,2.6,,
2026-09-18T11:35:32.000Z,V3640186,7122,44.56622,7.88212,28186.2,4.9,10.0,64.2,-51.3,1.0,-1.0,RS41-SG,403.700,11.4,250,8,2.6,,
2026-09-18T11:35:33.000Z,V3640186,7123,44.56626,7.88223,28191.8,6.1,9.9,63.1,-51.3,1.0,-1.0,RS41-SG,403.700,10.6,250,8,2.6,,
2026-09-18T11:35:34.000Z,V3640186,7124,44.56630,7.88233,28197.8,5.9,9.2,63.8,-51.3,1.0,-1.0,RS41-SG,403.700,10.3,250,9,2.7,,
2026-09-18T11:35:35.000Z,V3640186,7125,44.56633,7.88244,28203.2,5.1,8.6,66.8,-51.3,1.0,-1.0,RS41-SG,403.700,9.8,250,9,2.7,,
2026-09-18T11:35:36.000Z,V3640186,7126,44.56636,7.88253,28208.3,5.0,8.2,70.6,-51.3,1.0,-1.0,RS41-SG,403.700,9.8,250,9,2.7,,
2026-09-18T11:35:37.000Z,V3640186,7127,44.56638,7.88263,28214.0,6.3,8.4,75.7,-51.4,1.0,-1.0,RS41-SG,403.700,9.8,250,9,2.6,,
2026-09-18T11:35:38.000Z,V3640186,7128,44.56640,7.88274,28220.3,6.5,8.8,78.7,-51.4,1.0,-1.0,RS41-SG,403.700,10.1,250,9,2.6,,
2026-09-18T11:35:39.000Z,V3640186,7129,44.56641,7.88285,28226.1,5.1,9.0,78.7,-51.4,1.0,-1.0,RS41-SG,403.700,10.2,250,9,2.6,,
2026-09-18T11:35:40.000Z,V3640186,7130,44.56643,7.88296,28231.2,5.2,8.5,77.2,-51.4,1.0,-1.0,RS41-SG,403.700,10.2,250,9,2.7,,
2026-09-18T11:35:41.000Z,V3640186,7131,44.56645,7.88305,28236.7,6.1,7.3,73.3,-51.5,1.0,-1.0,RS41-SG,403.700,11.0,250,8,2.7,,
2026-09-18T11:35:42.000Z,V3640186,7132,44.56647,7.88313,28242.6,6.2,6.3,66.7,-51.5,1.0,-1.0,RS41-SG,403.700,11.0,250,9,2.7,,
2026-09-18T11:35:43.000Z,V3640186,7133,44.56649,7.88320,28248.1,4.5,5.9,59.6,-51.7,1.0,-1.0,RS41-SG,403.700,10.7,250,9,2.6,,
2026-09-18T11:35:47.000Z,V3640186,7137,44.56666,7.88355,28270.2,4.1,11.3,60.5,-51.7,1.0,-1.0,RS41-SG,403.700,10.1,250,9,2.7,,
2026-09-18T11:35:48.000Z,V3640186,7138,44.56671,7.88368,28274.9,5.3,11.8,66.3,-51.7,1.0,-1.0,RS41-SG,403.700,10.5,250,9,2.7,,
2026-09-18T11:35:49.000Z,V3640186,7139,44.56674,7.88381,28281.0,6.6,11.2,73.2,-51.8,1.0,-1.0,RS41-SG,403.700,10.5,250,9,2.6,,
2026-09-18T11:35:50.000Z,V3640186,7140,44.56676,7.88394,28287.2,5.5,10.0,78.2,-52.0,1.0,-1.0,RS41-SG,403.700,9.2,250,9,2.6,,
2026-09-18T11:35:51.000Z,V3640186,7141,44.56678,7.88406,28292.3,4.7,8.9,83.8,-51.9,1.0,-1.0,RS41-SG,403.700,9.2,250,9,2.6,,
2026-09-18T11:35:52.000Z,V3640186,7142,44.56678,7.88416,28297.4,5.8,8.4,88.6,-51.9,1.0,-1.0,RS41-SG,403.700,10.3,250,9,2.7,,
2026-09-18T11:35:53.000Z,V3640186,7143,44.56679,7.88427,28303.6,6.7,8.2,88.7,-51.9,1.0,-1.0,RS41-SG,403.700,10.8,250,9,2.7,,
2026-09-18T11:35:54.000Z,V3640186,7144,44.56679,7.88437,28309.3,5.1,7.9,85.6,-51.9,1.0,-1.0,RS41-SG,403.700,10.8,250,9,2.7,,
2026-09-18T11:35:55.000Z,V3640186,7145,44.56680,7.88446,28314.8,5.6,7.2,82.8,-51.9,1.0,-1.0,RS41-SG,403.700,10.4,250,9,2.6,,
2026-09-18T11:35:56.000Z,V3640186,7146,44.56680,7.88454,28320.8,6.3,5.9,79.2,-52.0,1.0,-1.0,RS41-SG,403.700,10.4,250,9,2.6,,
2026-09-18T11:35:57.000Z,V3640186,7147,44.56681,7.88461,28326.7,5.6,4.9,76.3,-52.0,1.0,-1.0,RS41-SG,403.700,9.7,250,9,2.6,,
2026-09-18T11:35:58.000Z,V3640186,7148,44.56682,7.88467,28332.0,4.9,4.6,73.7,-52.0,1.0,-1.0,RS41-SG,403.700,9.4,250,9,2.7,,
2026-09-18T11:35:59.000Z,V3640186,7149,44.56684,7.88473,28337.4,6.0,5.6,72.7,-52.0,1.0,-1.0,RS41-SG,403.700,9.3,250,9,2.7,,
2026-09-18T11:36:00.000Z,V3640186,7150,44.56685,7.88481,28343.8,6.7,7.3,74.0,-51.9,1.0,-1.0,RS41-SG,403.700,10.8,250,8,2.7,,
2026-09-18T11:36:01.000Z,V3640186,7151,44.56687,7.88490,28349.7,5.0,8.7,75.7,-51.9,1.0,-1.0,RS41-SG,403.700,10.8,250,9,2.6,,
2026-09-18T11:36:02.000Z,V3640186,7152,44.56689,7.88501,28354.7,5.0,9.7,80.5,-51.8,1.0,-1.0,RS41-SG,403.700,10.7,250,8,2.6,,
2026-09-18T11:36:03.000Z,V3640186,7153,44.56690,7.88514,28360.1,5.9,9.7,85.7,-51.8,1.0,-1.0,RS41-SG,403.700,11.5,250,9,2.6,,
2026-09-18T11:36:04.000Z,V3640186,7154,44.56690,7.88525,28366.5,6.9,8.8,93.0,-51.9,1.0,-1.0,RS41-SG,403.700,11.5,250,9,2.7,,
2026-09-18T11:36:05.000Z,V3640186,7155,44.56689,7.88535,28372.5,5.3,7.6,98.5,-51.9,1.0,-1.0,RS41-SG,403.700,11.1,250,9,2.7,,
2026-09-18T11:36:06.000Z,V3640186,7156,44.56688,7.88544,28377.5,4.7,6.6,104.9,-51.9,1.0,-1.0,RS41-SG,403.700,10.4,250,8,2.7,,
2026-09-18T11:36:07.000Z,V3640186,7157,44.56686,7.88551,28382.7,5.8,6.1,108.6,-51.8,1.0,-1.0,RS41-SG,403.700,9.9,250,9,2.6,,
2026-09-18T11:36:08.000Z,V3640186,7158,44.56685,7.88559,28388.7,6.3,5.8,105.4,-51.9,1.0,-1.0,RS41-SG,403.700,9.9,250,9,2.6,,
2026-09-18T11:36:09.000Z,V3640186,7159,44.56684,7.88566,28394.4,5.1,5.8,100.6,-51.9,1.0,-1.0,RS41-SG,403.700,9.8,250,9,2.6,,
2026-09-18T11:36:10.000Z,V3640186,7160,44.56683,7.88572,28399.8,5.6,5.3,97.0,-52.0,1.0,-1.0,RS41-SG,403.700,10.4,250,9,2.7,,
2026-09-18T11:36:11.000Z,V3640186,7161,44.56682,7.88579,28405.8,6.5,4.5,94.8,-52.0,1.0,-1.0,RS41-SG,403.700,10.4,250,9,2.7,,
2026-09-18T11:36:12.000Z,V3640186,7162,44.56682,7.88584,28412.1,6.1,3.8,96.6,-52.0,1.0,-1.0,RS41-SG,403.700,9.4,250,9,2.7,,
2026-09-18T11:36:13.000Z,V3640186,7163,44.56682,7.88588,28417.8,4.7,3.8,99.1,-51.9,1.0,-1.0,RS41-SG,403.700,9.0,250,9,2.6,,
2026-09-18T11:36:14.000Z,V3640186,7164,44.56681,7.88593,28422.8,5.1,4.6,99.2,-51.9,1.0,-1.0,RS41-SG,403.700,9.5,250,9,2.6,,
2026-09-18T11:36:15.000Z,V3640186,7165,44.56680,7.88600,28428.3,5.9,6.2,96.3,-51.9,1.0,-1.0,RS41-SG,403.700,9.5,250,9,2.6,,
2026-09-18T11:36:16.000Z,V3640186,7166,44.56680,7.88609,28434.3,6.5,8.1,95.7,-51.9,1.0,-1.0,RS41-SG,403.700,9.2,250,9,2.7,,
2026-09-18T11:36:17.000Z,V3640186,7167,44.56679,7.88620,28439.9,5.1,9.3,94.4,-51.9,1.0,-1.0,RS41-SG,403.700,9.9,250,9,2.7,,
2026-09-18T11:36:18.000Z,V3640186,7168,44.56678,7.88632,28445.0,5.0,9.7,96.5,-51.9,1.0,-1.0,RS41-SG,403.700,10.2,250,9,2.7,,
2026-09-18T11:36:19.000Z,V3640186,7169,44.56677,7.88643,28450.9,6.3,9.0,100.9,-52.0,1.0,-1.0,RS41-SG,403.700,10.8,250,9,2.6,,
2026-09-18T11:36:20.000Z,V3640186,7170,44.56675,7.88653,28457.5,6.7,7.4,106.8,-52.2,1.0,-1.0,RS41-SG,403.700,11.3,250,9,2.6,,
2026-09-18T11:36:21.000Z,V3640186,7171,44.56673,7.88661,28463.1,4.6,6.1,110.0,-52.2,1.0,-1.0,RS41-SG,403.700,11.4,250,9,2.6,,
2026-09-18T11:36:22.000Z,V3640186,7172,44.56672,7.88668,28467.5,4.5,4.7,111.4,-52.2,1.0,-1.0,RS41-SG,403.700,12.3,250,9,2.7,,
2026-09-18T11:36:23.000Z,V3640186,7173,44.56671,7.88673,28472.7,6.1,3.9,96.4,-52.2,1.0,-1.0,RS41-SG,403.700,12.3,250,9,2.7,,
2026-09-18T11:36:24.000Z,V3640186,7174,44.56671,7.88678,28478.9,6.6,4.4,77.6,-52.2,0.9,-1.0,RS41-SG,403.700,11.3,250,9,2.7,,
2026-09-18T11:36:25.000Z,V3640186,7175,44.56672,7.88684,28484.9,5.4,5.3,66.9,-52.1,1.0,-1.0,RS41-SG,403.700,11.3,250,8,2.6,,
2026-09-18T11:36:26.000Z,V3640186,7176,44.56674,7.88690,28490.4,5.4,5.9,62.0,-52.0,0.9,-1.0,RS41-SG,403.700,9.2,250,8,2.6,,
2026-09-18T11:36:27.000Z,V3640186,7177,44.56677,7.88697,28496.2,6.4,5.9,59.9,-51.9,0.9,-1.0,RS41-SG,403.700,10.8,250,9,2.6,,
2026-09-18T11:36:28.000Z,V3640186,7178,44.56680,7.88703,28502.2,5.8,5.8,61.3,-51.9,1.0,-1.0,RS41-SG,403.700,10.8,250,9,2.7,,
2026-09-18T11:36:29.000Z,V3640186,7179,44.56682,7.88710,28507.6,5.4,6.1,65.9,-51.9,0.9,-1.0,RS41-SG,403.700,9.6,250,9,2.7,,
2026-09-18T11:36:30.000Z,V3640186,7180,44.56684,7.88717,28513.2,6.0,7.0,72.2,-51.9,1.0,-1.0,RS41-SG,403.700,8.8,250,9,2.7,,
2026-09-18T11:36:31.000Z,V3640186,7181,44.56686,7.88727,28519.4,6.2,8.6,77.8,-51.9,1.0,-1.0,RS41-SG,403.700,9.8,250,8,2.6,,
2026-09-18T11:36:32.000Z,V3640186,7182,44.56687,7.88738,28525.1,4.6,9.7,81.2,-51.9,1.0,-1.0,RS41-SG,403.700,9.8,250,8,2.6,,
2026-09-18T11:36:33.000Z,V3640186,7183,44.56688,7.88750,28530.1,5.2,10.1,84.5,-51.8,1.0,-1.0,RS41-SG,403.700,10.5,250,8,2.6,,
2026-09-18T11:36:34.000Z,V3640186,7184,44.56689,7.88762,28536.0,6.7,9.4,89.7,-51.9,1.0,-1.0,RS41-SG,403.700,11.1,250,9,2.7,,
2026-09-18T11:36:35.000Z,V3640186,7185,44.56688,7.88773,28542.4,6.2,8.1,96.0,-51.9,1.0,-1.0,RS41-SG,403.700,11.1,250,9,2.7,,
2026-09-18T11:36:36.000Z,V3640186,7186,44.56688,7.88783,28547.7,4.6,7.1,97.2,-52.0,1.0,-1.0,RS41-SG,403.700,10.8,250,9,2.7,,
2026-09-18T11:36:37.000Z,V3640186,7187,44.56687,7.88791,28552.6,5.3,6.3,97.4,-52.2,1.0,-1.0,RS41-SG,403.700,10.4,250,9,2.6,,
2026-09-18T11:36:38.000Z,V3640186,7188,44.56687,7.88799,28558.5,6.4,6.6,89.8,-52.3,1.0,-1.0,RS41-SG,403.700,10.6,250,9,2.6,,
2026-09-18T11:36:39.000Z,V3640186,7189,44.56687,7.88808,28564.5,5.6,7.1,83.0,-52.4,1.0,-1.0,RS41-SG,403.700,10.8,250,9,2.6,,
2026-09-18T11:36:40.000Z,V3640186,7190,44.56688,7.88817,28569.7,5.2,7.7,76.7,-52.3,1.0,-1.0,RS41-SG,403.700,10.8,250,8,2.7,,
2026-09-18T11:36:41.000Z,V3640186,7191,44.56690,7.88826,28575.2,6.0,7.8,73.2,-52.3,1.0,-1.0,RS41-SG,403.700,10.6,250,9,2.7,,
2026-09-18T11:36:42.000Z,V3640186,7192,44.56692,7.88835,28581.5,6.9,7.4,72.9,-52.3,1.0,-1.0,RS41-SG,403.700,10.6,250,9,2.7,,
2026-09-18T11:36:43.000Z,V3640186,7193,44.56694,7.88844,28587.8,5.4,7.1,76.5,-52.2,1.0,-1.0,RS41-SG,403.700,11.2,250,9,2.6,,
2026-09-18T11:36:44.000Z,V3640186,7194,44.56695,7.88853,28593.4,5.6,7.5,80.6,-52.2,1.0,-1.0,RS41-SG,403.700,11.2,250,9,2.6,,
2026-09-18T11:36:45.000Z,V3640186,7195,44.56696,7.88863,28599.5,6.5,8.7,86.7,-52.2,1.0,-1.0,RS41-SG,403.700,11.0,250,9,2.6,,
2026-09-18T11:36:46.000Z,V3640186,7196,44.56696,7.88875,28605.3,5.5,10.1,89.6,-52.3,1.0,-1.0,RS41-SG,403.700,11.8,250,9,2.7,,
2026-09-18T11:36:47.000Z,V3640186,7197,44.56696,7.88888,28610.4,5.1,10.9,93.0,-52.4,1.0,-1.0,RS41-SG,403.700,12.0,250,9,2.7,,
2026-09-18T11:36:48.000Z,V3640186,7198,44.56695,7.88901,28616.0,6.1,10.7,97.4,-52.5,1.0,-1.0,RS41-SG,403.700,12.0,250,9,2.7,,
2026-09-18T11:36:49.000Z,V3640186,7199,44.56693,7.88914,28622.4,6.6,10.0,103.4,-52.5,1.0,-1.0,RS41-SG,403.700,11.8,250,9,2.6,,
2026-09-18T11:36:50.000Z,V3640186,7200,44.56691,7.88926,28628.1,4.9,9.0,106.8,-52.5,1.0,-1.0,RS41-SG,403.700,11.4,250,8,2.6,,
2026-09-18T11:36:51.000Z,V3640186,7201,44.56689,7.88936,28633.2,5.3,8.3,107.1,-52.4,1.0,-1.0,RS41-SG,403.700,11.2,250,9,2.6,,
2026-09-18T11:36:52.000Z,V3640186,7202,44.56687,7.88946,28639.0,6.4,8.2,101.7,-52.5,1.0,-1.0,RS41-SG,403.700,12.1,250,9,2.7,,
2026-09-18T11:36:53.000Z,V3640186,7203,44.56686,7.88957,28645.3,6.4,8.7,93.4,-52.7,1.0,-1.0,RS41-SG,403.700,12.6,250,9,2.7,,
2026-09-18T11:36:54.000Z,V3640186,7204,44.56686,7.88968,28650.8,4.9,9.2,89.0,-52.7,1.0,-1.0,RS41-SG,403.700,12.6,250,9,2.7,,
2026-09-18T11:36:55.000Z,V3640186,7205,44.56686,7.88979,28656.1,5.6,9.2,83.0,-52.6,1.0,-1.0,RS41-SG,403.700,11.6,250,9,2.6,,
2026-09-18T11:36:56.000Z,V3640186,7206,44.56688,7.88990,28662.1,6.5,8.6,79.8,-52.6,1.0,-1.0,RS41-SG,403.700,11.6,250,8,2.6,,
2026-09-18T11:36:57.000Z,V3640186,7207,44.56689,7.89001,28668.0,5.2,8.0,79.1,-52.6,1.0,-1.0,RS41-SG,403.700,11.7,250,9,2.6,,
2026-09-18T11:36:59.000Z,V3640186,7209,44.56691,7.89020,28678.2,5.6,8.1,82.7,-52.7,1.0,-1.0,RS41-SG,403.700,12.2,250,9,2.7,,
2026-09-18T11:37:00.000Z,V3640186,7210,44.56692,7.89031,28684.1,6.1,8.9,85.2,-52.7,1.0,-1.0,RS41-SG,403.700,12.2,250,9,2.7,,
2026-09-18T11:37:01.000Z,V3640186,7211,44.56693,7.89042,28689.8,5.1,9.3,86.8,-52.7,1.0,-1.0,RS41-SG,403.700,11.7,250,8,2.6,,
2026-09-18T11:37:02.000Z,V3640186,7212,44.56693,7.89054,28695.0,5.2,9.1,89.2,-52.6,1.0,-1.0,RS41-SG,403.700,11.7,250,9,2.6,,
2026-09-18T11:37:03.000Z,V3640186,7213,44.56693,7.89064,28700.6,6.1,8.0,93.4,-52.6,1.0,-1.0,RS41-SG,403.700,10.6,250,9,2.6,,
2026-09-18T11:37:04.000Z,V3640186,7214,44.56692,7.89073,28706.9,6.5,6.4,100.3,-52.6,1.0,-1.0,RS41-SG,403.700,11.4,250,9,2.7,,
2026-09-18T11:37:05.000Z,V3640186,7215,44.56691,7.89080,28712.5,4.8,5.3,107.9,-52.7,1.0,-1.0,RS41-SG,403.700,11.4,250,9,2.7,,
2026-09-18T11:37:06.000Z,V3640186,7216,44.56689,7.89086,28717.2,4.6,4.8,113.6,-52.8,1.0,-1.0,RS41-SG,403.700,11.8,250,9,2.7,,
2026-09-18T11:37:07.000Z,V3640186,7217,44.56688,7.89092,28722.6,6.1,5.1,110.8,-52.8,1.0,-1.0,RS41-SG,403.700,11.8,250,9,2.6,,
2026-09-18T11:37:08.000Z,V3640186,7218,44.56686,7.89099,28729.0,6.4,6.2,103.6,-52.8,1.0,-1.0,RS41-SG,403.700,11.8,250,9,2.6,,
2026-09-18T11:37:09.000Z,V3640186,7219,44.56685,7.89107,28734.7,5.1,7.3,99.9,-52.9,1.0,-1.0,RS41-SG,403.700,11.8,250,9,2.6,,
2026-09-18T11:37:10.000Z,V3640186,7220,44.56684,7.89117,28739.9,5.6,8.0,98.0,-52.8,1.0,-1.0,RS41-SG,403.700,10.9,250,9,2.7,,
2026-09-18T11:37:11.000Z,V3640186,7221,44.56683,7.89127,28746.2,7.0,7.9,97.4,-52.8,1.0,-1.0,RS41-SG,403.700,12.3,250,9,2.7,,
2026-09-18T11:37:12.000Z,V3640186,7222,44.56682,7.89136,28752.6,6.0,7.5,99.2,-52.7,1.0,-1.0,RS41-SG,403.700,12.3,250,9,2.7,,
2026-09-18T11:37:13.000Z,V3640186,7223,44.56681,7.89145,28758.2,4.7,7.1,99.5,-52.5,1.0,-1.0,RS41-SG,403.700,11.2,250,9,2.6,,
2026-09-18T11:37:14.000Z,V3640186,7224,44.56680,7.89154,28763.2,5.2,7.1,96.9,-52.4,0.9,-1.0,RS41-SG,403.700,11.0,250,9,2.6,,
2026-09-18T11:37:15.000Z,V3640186,7225,44.56680,7.89163,28768.8,5.9,7.5,92.7,-52.4,0.9,-1.0,RS41-SG,403.700,10.2,250,9,2.6,,
2026-09-18T11:37:16.000Z,V3640186,7226,44.56679,7.89173,28774.7,6.0,7.7,89.0,-52.4,1.0,-1.0,RS41-SG,403.700,10.7,250,9,2.7,,
2026-09-18T11:37:17.000Z,V3640186,7227,44.56680,7.89182,28780.2,5.2,7.4,88.2,-52.4,1.0,-1.0,RS41-SG,403.700,11.1,250,9,2.7,,
2026-09-18T11:37:18.000Z,V3640186,7228,44.56680,7.89191,28785.7,5.7,6.3,90.3,-52.4,1.0,-1.0,RS41-SG,403.700,11.1,250,9,2.7,,
2026-09-18T11:37:19.000Z,V3640186,7229,44.56679,7.89197,28791.8,6.5,4.7,99.8,-52.4,1.0,-1.0,RS41-SG,403.700,11.3,250,8,2.6,,
2026-09-18T11:37:20.000Z,V3640186,7230,44.56678,7.89202,28797.9,5.7,3.6,120.3,-52.4,1.0,-1.0,RS41-SG,403.700,12.6,250,8,2.6,,
2026-09-18T11:37:21.000Z,V3640186,7231,44.56676,7.89206,28803.0,4.6,3.5,138.6,-52.4,1.0,-1.0,RS41-SG,403.700,12.6,250,9,2.6,,
2026-09-18T11:37:22.000Z,V3640186,7232,44.56674,7.89209,28808.0,5.4,4.2,145.1,-52.5,1.0,-1.0,RS41-SG,403.700,12.3,250,9,2.7,,
2026-09-18T11:37:23.000Z,V3640186,7233,44.56670,7.89212,28813.8,6.5,5.3,136.5,-52.6,1.0,-1.0,RS41-SG,403.700,12.3,250,9,2.7,,
2026-09-18T11:37:24.000Z,V3640186,7234,44.56667,7.89218,28820.0,5.8,6.5,126.6,-52.7,1.0,-1.0,RS41-SG,403.700,12.1,250,9,2.7,,
2026-09-18T11:37:25.000Z,V3640186,7235,44.56663,7.89225,28825.4,4.8,7.7,120.3,-52.7,1.0,-1.0,RS41-SG,403.700,12.7,250,9,2.6,,
2026-09-18T11:37:26.000Z,V3640186,7236,44.56660,7.89234,28830.8,5.8,8.0,115.8,-52.8,1.0,-1.0,RS41-SG,403.700,12.8,250,9,2.6,,
2026-09-18T11:37:27.000Z,V3640186,7237,44.56657,7.89243,28837.2,7.2,7.4,114.1,-52.9,1.0,-1.0,RS41-SG,403.700,12.8,250,9,2.6,,
2026-09-18T11:37:28.000Z,V3640186,7238,44.56655,7.89251,28843.7,6.0,6.5,114.5,-52.8,1.0,-1.0,RS41-SG,403.700,12.4,250,9,2.7,,
2026-09-18T11:37:29.000Z,V3640186,7239,44.56652,7.89258,28849.0,4.9,5.5,112.1,-52.8,1.0,-1.0,RS41-SG,403.700,12.0,250,9,2.7,,
2026-09-18T11:37:30.000Z,V3640186,7240,44.56651,7.89264,28854.3,5.6,4.9,109.3,-52.7,1.0,-1.0,RS41-SG,403.700,12.0,250,9,2.7,,
2026-09-18T11:37:31.000Z,V3640186,7241,44.56650,7.89270,28860.6,6.7,5.0,104.0,-52.7,1.0,-1.0,RS41-SG,403.700,12.4,250,9,2.6,,
2026-09-18T11:37:32.000Z,V3640186,7242,44.56649,7.89276,28866.9,5.8,5.1,100.8,-52.7,1.0,-1.0,RS41-SG,403.700,12.6,250,9,2.6,,
2026-09-18T11:37:33.000Z,V3640186,7243,44.56648,7.89282,28872.5,5.4,4.9,100.9,-52.8,1.0,-1.0,RS41-SG,403.700,12.6,250,9,2.6,,
2026-09-18T11:37:34.000Z,V3640186,7244,44.56647,7.89288,28878.1,5.9,4.2,105.6,-52.7,1.0,-1.0,RS41-SG,403.700,12.0,250,8,2.7,,
2026-09-18T11:37:35.000Z,V3640186,7245,44.56646,7.89292,28884.3,6.8,3.2,118.8,-52.7,1.0,-1.0,RS41-SG,403.700,10.2,250,9,2.7,,
2026-09-18T11:37:36.000Z,V3640186,7246,44.56644,7.89295,28890.6,5.9,2.6,131.2,-52.7,1.0,-1.0,RS41-SG,403.700,13.1,250,9,2.7,,
2026-09-18T11:37:37.000Z,V3640186,7247,44.56642,7.89297,28896.3,5.4,2.8,134.9,-52.8,1.0,-1.0,RS41-SG,403.700,13.1,250,9,2.6,,
2026-09-18T11:37:38.000Z,V3640186,7248,44.56640,7.89300,28902.1,6.2,3.7,132.7,-52.8,1.0,-1.0,RS41-SG,403.700,12.7,250,9,2.6,,
2026-09-18T11:37:39.000Z,V3640186,7249,44.56638,7.89305,28908.5,6.7,5.4,123.3,-52.8,1.0,-1.0,RS41-SG,403.700,12.2,250,9,2.6,,
2026-09-18T11:37:40.000Z,V3640186,7250,44.56635,7.89312,28914.3,5.2,7.0,117.7,-52.7,1.0,-1.0,RS41-SG,403.700,10.6,250,9,2.7,,
2026-09-18T11:37:41.000Z,V3640186,7251,44.56632,7.89320,28919.2,4.9,8.1,110.1,-52.6,1.0,-1.0,RS41-SG,403.700,12.6,250,8,2.7,,
2026-09-18T11:37:42.000Z,V3640186,7252,44.56630,7.89330,28924.5,5.6,8.3,102.5,-52.6,1.0,-1.0,RS41-SG,403.700,12.8,250,9,2.7,,
2026-09-18T11:37:43.000Z,V3640186,7253,44.56629,7.89340,28930.7,6.5,7.6,94.5,-52.9,1.0,-1.0,RS41-SG,403.700,12.8,250,9,2.6,,
2026-09-18T11:37:44.000Z,V3640186,7254,44.56629,7.89349,28936.5,5.2,7.1,87.8,-52.9,1.0,-1.0,RS41-SG,403.700,11.8,250,8,2.6,,
2026-09-18T11:37:45.000Z,V3640186,7255,44.56630,7.89358,28941.2,4.7,6.7,82.7,-52.9,1.0,-1.0,RS41-SG,403.700,11.9,250,9,2.6,,
2026-09-18T11:37:46.000Z,V3640186,7256,44.56631,7.89366,28946.4,5.6,6.5,83.4,-52.8,1.0,-1.0,RS41-SG,403.700,12.7,250,9,2.7,,
2026-09-18T11:37:47.000Z,V3640186,7257,44.56631,7.89374,28952.4,6.7,6.9,89.9,-52.9,1.0,-1.0,RS41-SG,403.700,12.7,250,9,2.7,,
2026-09-18T11:37:48.000Z,V3640186,7258,44.56631,7.89383,28958.3,5.5,7.4,95.0,-53.0,1.0,-1.0,RS41-SG,403.700,11.2,250,9,2.7,,
2026-09-18T11:37:49.000Z,V3640186,7259,44.56630,7.89393,28963.6,4.8,7.6,99.6,-53.0,1.0,-1.0,RS41-SG,403.700,10.2,250,8,2.6,,
2026-09-18T11:37:50.000Z,V3640186,7260,44.56628,7.89402,28969.0,5.7,7.4,102.6,-52.8,1.0,-1.0,RS41-SG,403.700,11.2,250,9,2.6,,
2026-09-18T11:37:51.000Z,V3640186,7261,44.56627,7.89410,28975.3,6.9,6.5,104.6,-52.7,1.0,-1.0,RS41-SG,403.700,11.7,250,9,2.6,,
2026-09-18T11:37:52.000Z,V3640186,7262,44.56626,7.89418,28981.3,5.3,5.8,104.2,-52.8,1.0,-1.0,RS41-SG,403.700,12.0,250,9,2.7,,
2026-09-18T11:37:53.000Z,V3640186,7263,44.56624,7.89425,28987.0,5.8,5.9,105.0,-52.8,1.0,-1.0,RS41-SG,403.700,12.0,250,9,2.7,,
2026-09-18T11:37:54.000Z,V3640186,7264,44.56623,7.89432,28993.3,7.0,6.5,107.3,-52.8,1.0,-1.0,RS41-SG,403.700,11.3,250,8,2.7,,
2026-09-18T11:37:55.000Z,V3640186,7265,44.56621,7.89441,28999.8,5.9,7.6,109.0,-52.7,1.0,-1.0,RS41-SG,403.700,12.8,250,8,2.6,,
2026-09-18T11:37:56.000Z,V3640186,7266,44.56618,7.89450,29005.3,5.0,8.5,110.2,-52.7,1.0,-1.0,RS41-SG,403.700,12.8,250,9,2.6,,
2026-09-18T11:37:57.000Z,V3640186,7267,44.56616,7.89460,29010.8,5.9,8.6,107.6,-52.8,1.0,-1.0,RS41-SG,403.700,12.4,250,9,2.6,,
2026-09-18T11:37:58.000Z,V3640186,7268,44.56614,7.89470,29016.7,6.2,8.0,106.1,-52.8,1.0,-1.0,RS41-SG,403.700,11.7,250,9,2.7,,
2026-09-18T11:37:59.000Z,V3640186,7269,44.56612,7.89479,29022.6,5.6,6.8,102.4,-52.7,1.0,-1.0,RS41-SG,403.700,11.8,250,9,2.7,,
2026-09-18T11:38:00.000Z,V3640186,7270,44.56611,7.89487,29027.9,5.5,5.6,103.6,-52.7,1.0,-1.0,RS41-SG,403.700,12.9,250,9,2.7,,
2026-09-18T11:38:01.000Z,V3640186,7271,44.56609,7.89493,29033.6,5.6,4.9,110.8,-52.7,1.0,-1.0,RS41-SG,403.700,12.9,250,9,2.6,,
2026-09-18T11:38:02.000Z,V3640186,7272,44.56607,7.89498,29039.4,6.1,5.0,129.0,-52.6,1.0,-1.0,RS41-SG,403.700,12.7,250,9,2.6,,
2026-09-18T11:38:03.000Z,V3640186,7273,44.56604,7.89503,29046.0,6.2,5.8,139.7,-52.5,1.0,-1.0,RS41-SG,403.700,11.6,250,10,2.6,,
2026-09-18T11:38:04.000Z,V3640186,7274,44.56600,7.89508,29051.7,5.4,6.5,140.8,-52.5,1.0,-1.0,RS41-SG,403.700,11.9,250,10,2.7,,
2026-09-18T11:38:05.000Z,V3640186,7275,44.56595,7.89514,29056.9,5.3,7.1,135.9,-52.5,1.0,-1.0,RS41-SG,403.700,11.9,250,10,2.7,,
2026-09-18T11:38:06.000Z,V3640186,7276,44.56591,7.89520,29062.2,5.4,7.3,125.4,-52.5,1.0,-1.0,RS41-SG,403.700,11.0,250,10,2.7,,
2026-09-18T11:38:07.000Z,V3640186,7277,44.56588,7.89528,29067.8,5.9,7.2,113.3,-52.4,1.0,-1.0,RS41-SG,403.700,10.2,250,10,2.6,,
2026-09-18T11:38:08.000Z,V3640186,7278,44.56586,7.89537,29073.4,5.3,6.8,104.1,-52.3,1.0,-1.0,RS41-SG,403.700,11.2,250,10,2.6,,
2026-09-18T11:38:09.000Z,V3640186,7279,44.56585,7.89544,29078.6,5.0,6.2,101.3,-52.4,1.0,-1.0,RS41-SG,403.700,12.4,250,10,2.6,,
2026-09-18T11:38:10.000Z,V3640186,7280,44.56583,7.89551,29084.3,6.2,5.2,109.2,-52.3,1.0,-1.0,RS41-SG,403.700,12.4,250,10,2.7,,
2026-09-18T11:38:11.000Z,V3640186,7281,44.56581,7.89557,29090.6,6.5,5.1,128.8,-52.2,0.9,-1.0,RS41-SG,403.700,12.0,250,10,2.7,,
2026-09-18T11:38:12.000Z,V3640186,7282,44.56578,7.89562,29096.9,6.0,5.9,145.0,-52.1,1.0,-1.0,RS41-SG,403.700,10.8,250,10,2.7,,
2026-09-18T11:38:13.000Z,V3640186,7283,44.56573,7.89566,29102.7,5.5,7.1,152.3,-52.1,0.9,-1.0,RS41-SG,403.700,11.0,250,10,2.6,,
2026-09-18T11:38:14.000Z,V3640186,7284,44.56567,7.89570,29108.2,5.4,8.0,152.1,-52.1,0.9,-1.0,RS41-SG,403.700,11.0,250,10,2.6,,
2026-09-18T11:38:15.000Z,V3640186,7285,44.56560,7.89575,29113.8,5.6,8.2,146.3,-52.0,0.9,-1.0,RS41-SG,403.700,10.0,250,10,2.6,,
2026-09-18T11:38:16.000Z,V3640186,7286,44.56555,7.89581,29119.6,5.8,7.9,137.2,-51.9,0.9,-1.0,RS41-SG,403.700,12.3,250,10,2.7,,
2026-09-18T11:38:17.000Z,V3640186,7287,44.56550,7.89588,29125.1,5.6,7.0,127.3,-51.9,0.9,-1.0,RS41-SG,403.700,12.5,250,10,2.7,,
2026-09-18T11:38:18.000Z,V3640186,7288,44.56547,7.89595,29130.5,5.1,6.0,121.1,-51.9,0.9,-1.0,RS41-SG,403.700,12.5,250,10,2.7,,
2026-09-18T11:38:19.000Z,V3640186,7289,44.56544,7.89601,29135.7,5.4,5.4,120.5,-51.8,0.9,-1.0,RS41-SG,403.700,11.9,250,10,2.6,,
2026-09-18T11:38:20.000Z,V3640186,7290,44.56542,7.89607,29141.7,6.3,5.4,128.6,-51.7,0.9,-1.0,RS41-SG,403.700,11.6,250,10,2.6,,
2026-09-18T11:38:21.000Z,V3640186,7291,44.56538,7.89612,29148.2,6.4,5.9,136.7,-51.6,0.9,-1.0,RS41-SG,403.700,11.1,250,10,2.6,,
2026-09-18T11:38:22.000Z,V3640186,7292,44.56534,7.89617,29154.4,5.8,6.7,142.4,-51.5,0.9,-1.0,RS41-SG,403.700,12.9,250,10,2.7,,
2026-09-18T11:38:23.000Z,V3640186,7293,44.56529,7.89622,29159.8,5.2,7.1,144.9,-51.6,0.9,-1.0,RS41-SG,403.700,12.9,250,10,2.7,,
2026-09-18T11:38:24.000Z,V3640186,7294,44.56524,7.89627,29165.1,5.5,6.8,144.2,-51.5,0.9,-1.0,RS41-SG,403.700,11.6,250,10,2.7,,
2026-09-18T11:38:25.000Z,V3640186,7295,44.56519,7.89632,29171.1,6.2,6.0,142.0,-51.5,0.9,-1.0,RS41-SG,403.700,11.4,250,10,2.6,,
2026-09-18T11:38:26.000Z,V3640186,7296,44.56516,7.89636,29177.3,5.9,4.9,138.4,-51.5,0.9,-1.0,RS41-SG,403.700,12.0,250,10,2.6,,
2026-09-18T11:38:27.000Z,V3640186,7297,44.56513,7.89640,29182.9,5.2,4.1,142.2,-51.6,0.9,-1.0,RS41-SG,403.700,12.8,250,9,2.6,,
2026-09-18T11:38:28.000Z,V3640186,7298,44.56510,7.89642,29188.4,6.1,3.9,162.7,-51.6,0.9,-1.0,RS41-SG,403.700,12.8,250,10,2.7,,
2026-09-18T11:38:29.000Z,V3640186,7299,44.56506,7.89643,29194.4,6.4,5.2,176.5,-51.5,0.9,-1.0,RS41-SG,403.700,10.5,250,10,2.7,,
2026-09-18T11:38:30.000Z,V3640186,7300,44.56500,7.89643,29200.5,6.2,6.8,179.0,-51.5,0.9,-1.0,RS41-SG,403.700,9.5,250,10,2.7,,
2026-09-18T11:38:31.000Z,V3640186,7301,44.56494,7.89644,29206.4,5.3,8.0,173.2,-51.5,0.9,-1.0,RS41-SG,403.700,11.0,250,10,2.6,,
2026-09-18T11:38:32.000Z,V3640186,7302,44.56486,7.89646,29212.0,5.5,8.9,164.7,-51.6,0.9,-1.0,RS41-SG,403.700,11.5,250,10,2.6,,
2026-09-18T11:38:33.000Z,V3640186,7303,44.56479,7.89650,29217.9,6.4,9.1,154.6,-51.6,0.9,-1.0,RS41-SG,403.700,11.8,250,10,2.6,,
2026-09-18T11:38:34.000Z,V3640186,7304,44.56472,7.89656,29224.3,6.7,9.1,144.2,-51.6,0.9,-1.0,RS41-SG,403.700,11.8,250,10,2.7,,
2026-09-18T11:38:35.000Z,V3640186,7305,44.56466,7.89663,29229.8,4.6,8.7,137.8,-51.6,0.9,-1.0,RS41-SG,403.700,10.2,250,10,2.7,,
2026-09-18T11:38:36.000Z,V3640186,7306,44.56460,7.89670,29234.6,5.0,8.6,135.4,-51.4,0.9,-1.0,RS41-SG,403.700,11.1,250,10,2.7,,
2026-09-18T11:38:37.000Z,V3640186,7307,44.56454,7.89678,29240.3,6.4,8.3,139.6,-51.3,0.9,-1.0,RS41-SG,403.700,11.1,250,10,2.6,,
2026-09-18T11:38:38.000Z,V3640186,7308,44.56448,7.89683,29247.0,6.6,8.1,149.9,-51.2,0.9,-1.0,RS41-SG,403.700,11.0,250,10,2.6,,
2026-09-18T11:38:39.000Z,V3640186,7309,44.56442,7.89688,29252.9,5.0,7.9,161.9,-51.2,0.9,-1.0,RS41-SG,403.700,11.0,250,10,2.6,,
2026-09-18T11:38:40.000Z,V3640186,7310,44.56435,7.89690,29258.1,5.4,7.4,174.6,-51.2,0.9,-1.0,RS41-SG,403.700,11.5,250,9,2.7,,
2026-09-18T11:38:41.000Z,V3640186,7311,44.56429,7.89690,29263.9,6.5,6.3,186.4,-51.3,0.9,-1.0,RS41-SG,403.700,11.5,250,10,2.7,,
2026-09-18T11:38:42.000Z,V3640186,7312,44.56424,7.89688,29270.0,5.9,5.1,192.6,-51.4,0.9,-1.0,RS41-SG,403.700,10.1,250,10,2.7,,
2026-09-18T11:38:43.000Z,V3640186,7313,44.56420,7.89687,29275.5,4.7,4.1,190.4,-51.3,0.9,-1.0,RS41-SG,403.700,9.7,250,10,2.6,,
2026-09-18T11:38:44.000Z,V3640186,7314,44.56417,7.89687,29280.8,5.7,4.1,176.2,-51.2,0.9,-1.0,RS41-SG,403.700,9.7,250,10,2.6,,
2026-09-18T11:38:45.000Z,V3640186,7315,44.56412,7.89688,29287.1,6.8,5.4,161.6,-51.2,0.9,-1.0,RS41-SG,403.700,9.5,250,10,2.6,,
2026-09-18T11:38:46.000Z,V3640186,7316,44.56407,7.89691,29294.0,7.0,7.1,152.2,-51.2,0.9,-1.0,RS41-SG,403.700,9.5,250,10,2.7,,
2026-09-18T11:38:47.000Z,V3640186,7317,44.56401,7.89696,29300.1,5.4,8.7,147.0,-51.2,0.9,-1.0,RS41-SG,403.700,9.4,250,10,2.7,,
2026-09-18T11:38:48.000Z,V3640186,7318,44.56395,7.89703,29305.3,4.9,9.5,141.2,-51.1,0.9,-1.0,RS41-SG,403.700,9.4,250,10,2.7,,
2026-09-18T11:38:49.000Z,V3640186,7319,44.56388,7.89711,29311.0,6.4,9.7,135.1,-51.1,0.9,-1.0,RS41-SG,403.700,8.7,250,10,2.6,,
2026-09-18T11:38:50.000Z,V3640186,7320,44.56383,7.89720,29317.7,6.8,8.9,129.2,-51.0,0.9,-1.0,RS41-SG,403.700,10.5,250,10,2.6,,
2026-09-18T11:38:51.000Z,V3640186,7321,44.56378,7.89728,29323.8,5.5,7.7,125.6,-50.9,0.9,-1.0,RS41-SG,403.700,10.5,250,10,2.7,,
2026-09-18T11:38:52.000Z,V3640186,7322,44.56374,7.89735,29329.2,5.4,6.4,128.1,-50.7,0.8,-1.0,RS41-SG,403.700,9.8,250,10,2.7,,
2026-09-18T11:38:53.000Z,V3640186,7323,44.56371,7.89740,29334.8,5.8,5.4,142.0,-50.7,0.9,-1.0,RS41-SG,403.700,10.2,250,10,2.6,,
2026-09-18T11:38:54.000Z,V3640186,7324,44.56367,7.89743,29340.8,6.3,5.2,162.3,-50.7,0.8,-1.0,RS41-SG,403.700,10.2,250,10,2.6,,
2026-09-18T11:38:55.000Z,V3640186,7325,44.56362,7.89744,29347.2,6.0,5.8,178.3,-50.6,0.8,-1.0,RS41-SG,403.700,9.5,250,10,2.7,,
2026-09-18T11:38:56.000Z,V3640186,7326,44.56356,7.89744,29352.8,5.3,6.1,186.9,-50.6,0.8,-1.0,RS41-SG,403.700,8.7,250,10,2.7,,
2026-09-18T11:38:57.000Z,V3640186,7327,44.56351,7.89743,29358.5,6.0,5.3,190.0,-50.5,0.8,-1.0,RS41-SG,403.700,8.6,250,10,2.6,,
2026-09-18T11:38:58.000Z,V3640186,7328,44.56347,7.89742,29365.1,7.1,3.8,189.6,-50.5,0.8,-1.0,RS41-SG,403.700,9.3,250,10,2.6,,
2026-09-18T11:38:59.000Z,V3640186,7329,44.56345,7.89741,29371.6,6.2,2.3,184.0,-50.4,0.9,-1.0,RS41-SG,403.700,10.9,250,10,2.7,,
2026-09-18T11:39:00.000Z,V3640186,7330,44.56343,7.89742,29377.2,5.1,1.4,145.4,-50.5,0.9,-1.0,RS41-SG,403.700,11.0,250,10,2.7,,
2026-09-18T11:39:01.000Z,V3640186,7331,44.56342,7.89743,29382.6,5.8,2.1,122.3,-50.5,0.9,-1.0,RS41-SG,403.700,11.0,250,10,2.6,,
2026-09-18T11:39:02.000Z,V3640186,7332,44.56341,7.89746,29388.8,6.7,3.3,123.8,-50.5,0.9,-1.0,RS41-SG,403.700,11.0,250,10,2.6,,
2026-09-18T11:39:03.000Z,V3640186,7333,44.56339,7.89750,29394.6,5.5,4.5,132.3,-50.4,0.8,-1.0,RS41-SG,403.700,11.0,250,10,2.7,,
2026-09-18T11:39:04.000Z,V3640186,7334,44.56336,7.89754,29400.0,5.4,5.0,139.7,-50.4,0.9,-1.0,RS41-SG,403.700,10.5,250,10,2.7,,
2026-09-18T11:39:05.000Z,V3640186,7335,44.56332,7.89758,29405.9,6.5,4.6,147.3,-50.5,0.8,-1.0,RS41-SG,403.700,9.9,250,10,2.6,,
2026-09-18T11:39:06.000Z,V3640186,7336,44.56329,7.89760,29412.5,6.6,3.6,157.9,-50.5,0.8,-1.0,RS41-SG,403.700,9.9,250,10,2.6,,
2026-09-18T11:39:07.000Z,V3640186,7337,44.56326,7.89761,29418.5,5.4,2.7,179.0,-50.4,0.8,-1.0,RS41-SG,403.700,11.0,250,10,2.7,,
2026-09-18T11:39:08.000Z,V3640186,7338,44.56324,7.89760,29424.0,5.5,3.0,208.7,-50.3,0.8,-1.0,RS41-SG,403.700,11.0,250,10,2.7,,
2026-09-18T11:39:09.000Z,V3640186,7339,44.56321,7.89758,29429.8,6.0,4.1,222.4,-50.3,0.8,-1.0,RS41-SG,403.700,9.9,250,10,2.6,,
2026-09-18T11:39:10.000Z,V3640186,7340,44.56318,7.89754,29435.9,6.2,5.1,223.4,-50.2,0.8,-1.0,RS41-SG,403.700,9.6,250,10,2.6,,
2026-09-18T11:39:11.000Z,V3640186,7341,44.56315,7.89749,29441.8,5.5,5.3,221.6,-50.2,0.8,-1.0,RS41-SG,403.700,8.3,250,10,2.7,,
2026-09-18T11:39:12.000Z,V3640186,7342,44.56312,7.89745,29447.7,6.4,4.6,221.6,-50.1,0.8,-1.0,RS41-SG,403.700,9.4,250,10,2.7,,
2026-09-18T11:39:13.000Z,V3640186,7343,44.56309,7.89742,29454.5,7.2,3.2,226.5,-50.1,0.8,-1.0,RS41-SG,403.700,10.8,250,10,2.7,,
2026-09-18T11:39:14.000Z,V3640186,7344,44.56308,7.89739,29461.2,6.1,1.7,243.4,-50.1,0.8,-1.0,RS41-SG,403.700,10.9,250,10,2.6,,
2026-09-18T11:39:15.000Z,V3640186,7345,44.56307,7.89738,29466.7,4.9,0.8,264.5,-50.2,0.8,-1.0,RS41-SG,403.700,10.9,250,10,2.6,,
2026-09-18T11:39:16.000Z,V3640186,7346,44.56307,7.89737,29471.5,4.8,0.2,264.3,-50.3,0.8,-1.0,RS41-SG,403.700,10.2,250,10,2.6,,
2026-09-18T11:39:17.000Z,V3640186,7347,44.56307,7.89737,29476.9,6.0,1.0,173.2,-50.3,0.8,-1.0,RS41-SG,403.700,9.7,250,10,2.7,,
2026-09-18T11:39:18.000Z,V3640186,7348,44.56305,7.89737,29483.4,7.1,2.5,186.9,-50.3,0.9,-1.0,RS41-SG,403.700,10.1,250,10,2.7,,
2026-09-18T11:39:19.000Z,V3640186,7349,44.56303,7.89736,29489.9,6.1,3.8,197.4,-50.3,0.8,-1.0,RS41-SG,403.700,10.6,250,10,2.7,,
2026-09-18T11:39:20.000Z,V3640186,7350,44.56299,7.89734,29496.0,5.8,4.4,212.9,-50.3,0.9,-1.0,RS41-SG,403.700,10.6,250,10,2.6,,
2026-09-18T11:39:21.000Z,V3640186,7351,44.56296,7.89730,29502.4,6.8,4.9,231.8,-50.3,0.8,-1.0,RS41-SG,403.700,10.1,250,10,2.6,,
2026-09-18T11:39:22.000Z,V3640186,7352,44.56294,7.89725,29509.2,6.7,4.9,252.0,-50.4,0.9,-1.0,RS41-SG,403.700,9.9,250,10,2.6,,
2026-09-18T11:39:23.000Z,V3640186,7353,44.56294,7.89719,29515.0,5.1,5.0,267.9,-50.3,0.8,-1.0,RS41-SG,403.700,9.8,250,10,2.7,,
2026-09-18T11:39:24.000Z,V3640186,7354,44.56294,7.89713,29520.0,5.4,5.0,279.0,-50.2,0.9,-1.0,RS41-SG,403.700,10.2,250,10,2.7,,
2026-09-18T11:39:25.000Z,V3640186,7355,44.56295,7.89707,29525.9,6.6,4.5,282.1,-50.1,0.8,-1.0,RS41-SG,403.700,10.6,250,10,2.7,,
2026-09-18T11:39:26.000Z,V3640186,7356,44.56295,7.89702,29532.6,6.5,3.6,281.1,-50.2,0.8,-1.0,RS41-SG,403.700,10.6,250,10,2.6,,
2026-09-18T11:39:27.000Z,V3640186,7357,44.56296,7.89698,29538.6,5.4,2.4,281.1,-50.2,0.9,-1.0,RS41-SG,403.700,10.5,250,10,2.6,,
2026-09-18T11:39:28.000Z,V3640186,7358,44.56296,7.89696,29544.3,6.1,1.0,316.5,-50.2,0.9,-1.0,RS41-SG,403.700,11.2,250,10,2.6,,
2026-09-18T11:39:29.000Z,V3640186,7359,44.56297,7.89697,29550.3,6.4,1.7,43.1,-50.1,0.8,-1.0,RS41-SG,403.700,11.6,250,10,2.7,,
2026-09-18T11:39:30.000Z,V3640186,7360,44.56299,7.89699,29556.2,5.6,2.9,48.7,-50.0,0.8,-1.0,RS41-SG,403.700,11.7,250,10,2.7,,
2026-09-18T11:39:31.000Z,V3640186,7361,44.56300,7.89702,29561.5,5.0,3.7,54.4,-50.0,0.8,-1.0,RS41-SG,403.700,11.7,250,10,2.7,,
2026-09-18T11:39:32.000Z,V3640186,7362,44.56302,7.89706,29566.7,5.2,3.8,64.6,-50.0,0.8,-1.0,RS41-SG,403.700,12.7,250,10,2.6,,
2026-09-18T11:39:33.000Z,V3640186,7363,44.56303,7.89710,29572.6,6.4,3.3,78.4,-50.0,0.8,-1.0,RS41-SG,403.700,12.7,250,9,2.6,,
2026-09-18T11:39:34.000Z,V3640186,7364,44.56303,7.89714,29578.9,6.6,2.4,96.5,-49.9,0.8,-1.0,RS41-SG,403.700,12.4,250,9,2.6,,
2026-09-18T11:39:35.000Z,V3640186,7365,44.56303,7.89716,29584.9,5.8,1.5,117.2,-49.8,0.8,-1.0,RS41-SG,403.700,12.4,250,10,2.7,,
2026-09-18T11:39:36.000Z,V3640186,7366,44.56302,7.89717,29590.9,6.5,0.3,146.0,-49.8,0.8,-1.0,RS41-SG,403.700,11.1,250,10,2.7,,
2026-09-18T11:39:37.000Z,V3640186,7367,44.56303,7.89717,29597.9,7.3,1.7,322.4,-49.7,0.8,-1.0,RS41-SG,403.700,10.3,250,10,2.7,,
2026-09-18T11:39:38.000Z,V3640186,7368,44.56305,7.89715,29604.5,5.8,3.7,332.3,-49.7,0.8,-1.0,RS41-SG,403.700,10.3,250,10,2.6,,
2026-09-18T11:39:39.000Z,V3640186,7369,44.56309,7.89713,29609.7,4.3,5.0,337.8,-49.6,0.8,-1.0,RS41-SG,403.700,11.3,250,10,2.6,,
2026-09-18T11:39:40.000Z,V3640186,7370,44.56313,7.89710,29614.7,5.7,6.0,344.8,-49.5,0.8,-1.0,RS41-SG,403.700,11.3,250,10,2.6,,
2026-09-18T11:39:41.000Z,V3640186,7371,44.56318,7.89709,29621.2,7.4,5.5,353.9,-49.4,0.8,-1.0,RS41-SG,403.700,10.8,250,10,2.7,,
2026-09-18T11:39:42.000Z,V3640186,7372,44.56323,7.89709,29627.8,6.1,4.7,3.9,-49.4,0.8,-1.0,RS41-SG,403.700,10.3,250,10,2.7,,
2026-09-18T11:39:43.000Z,V3640186,7373,44.56327,7.89710,29633.9,5.9,4.3,22.2,-49.3,0.8,-1.0,RS41-SG,403.700,11.8,250,10,2.7,,
2026-09-18T11:39:44.000Z,V3640186,7374,44.56330,7.89713,29640.1,6.1,4.4,37.5,-49.3,0.8,-1.0,RS41-SG,403.700,11.9,250,10,2.6,,
2026-09-18T11:39:45.000Z,V3640186,7375,44.56333,7.89717,29646.4,6.4,5.3,43.0,-49.3,0.8,-1.0,RS41-SG,403.700,11.9,250,10,2.6,,
2026-09-18T11:39:46.000Z,V3640186,7376,44.56337,7.89722,29652.6,5.8,5.7,44.4,-49.3,0.8,-1.0,RS41-SG,403.700,11.3,250,10,2.6,,
2026-09-18T11:39:47.000Z,V3640186,7377,44.56340,7.89727,29657.9,5.4,6.1,49.5,-49.4,0.8,-1.0,RS41-SG,403.700,10.9,250,10,2.7,,
2026-09-18T11:39:48.000Z,V3640186,7378,44.56344,7.89733,29663.4,5.9,6.2,58.2,-49.4,0.8,-1.0,RS41-SG,403.700,10.9,250,10,2.7,,
2026-09-18T11:39:49.000Z,V3640186,7379,44.56346,7.89740,29669.7,6.8,5.8,66.3,-49.4,0.8,-1.0,RS41-SG,403.700,10.9,250,10,2.7,,
2026-09-18T11:39:50.000Z,V3640186,7380,44.56348,7.89746,29676.1,6.2,5.1,72.0,-49.3,0.8,-1.0,RS41-SG,403.700,9.8,250,10,2.6,,
2026-09-18T11:39:51.000Z,V3640186,7381,44.56349,7.89751,29682.0,5.6,4.0,69.5,-49.2,0.8,-1.0,RS41-SG,403.700,9.4,250,10,2.6,,
2026-09-18T11:39:52.000Z,V3640186,7382,44.56351,7.89755,29688.0,6.3,2.9,43.1,-49.1,0.8,-1.0,RS41-SG,403.700,9.6,250,10,2.6,,
2026-09-18T11:39:54.000Z,V3640186,7384,44.56357,7.89756,29700.5,5.5,5.0,352.3,-49.0,0.8,-1.0,RS41-SG,403.700,6.8,250,10,2.7,,
2026-09-18T11:39:55.000Z,V3640186,7385,44.56362,7.89755,29705.7,4.9,6.2,352.7,-48.9,0.8,-1.0,RS41-SG,403.700,9.3,250,10,2.7,,
2026-09-18T11:39:56.000Z,V3640186,7386,44.56368,7.89755,29711.2,6.0,6.5,0.1,-48.8,0.8,-1.0,RS41-SG,403.700,9.3,250,10,2.6,,
2026-09-18T11:39:57.000Z,V3640186,7387,44.56373,7.89756,29717.8,7.2,6.0,15.6,-48.8,0.8,-1.0,RS41-SG,403.700,9.3,250,9,2.6,,
2026-09-18T11:39:58.000Z,V3640186,7388,44.56378,7.89759,29724.2,5.6,5.9,32.2,-48.9,0.8,-1.0,RS41-SG,403.700,9.1,250,9,2.6,,
2026-09-18T11:39:59.000Z,V3640186,7389,44.56382,7.89763,29729.7,5.5,6.2,48.0,-48.9,0.8,-1.0,RS41-SG,403.700,9.7,250,9,2.7,,
2026-09-18T11:40:00.000Z,V3640186,7390,44.56386,7.89770,29735.3,6.1,6.8,53.3,-49.0,0.8,-1.0,RS41-SG,403.700,11.3,250,10,2.7,,
2026-09-18T11:40:01.000Z,V3640186,7391,44.56389,7.89777,29741.5,6.3,7.2,52.6,-49.1,0.8,-1.0,RS41-SG,403.700,11.6,250,10,2.7,,
2026-09-18T11:40:02.000Z,V3640186,7392,44.56394,7.89784,29748.0,6.5,7.3,44.6,-49.1,0.8,-1.0,RS41-SG,403.700,11.6,250,10,2.6,,
2026-09-18T11:40:03.000Z,V3640186,7393,44.56398,7.89789,29754.0,5.5,7.0,37.3,-49.0,0.8,-1.0,RS41-SG,403.700,11.4,250,10,2.6,,
2026-09-18T11:40:04.000Z,V3640186,7394,44.56403,7.89794,29759.4,5.4,6.0,29.0,-49.0,0.8,-1.0,RS41-SG,403.700,11.6,250,10,2.6,,
2026-09-18T11:40:05.000Z,V3640186,7395,44.56408,7.89797,29765.0,5.8,4.8,19.2,-48.9,0.8,-1.0,RS41-SG,403.700,11.6,250,10,2.7,,
2026-09-18T11:40:06.000Z,V3640186,7396,44.56411,7.89798,29771.1,6.7,3.7,9.6,-48.9,0.8,-1.0,RS41-SG,403.700,11.6,250,10,2.7,,
2026-09-18T11:40:07.000Z,V3640186,7397,44.56414,7.89798,29777.3,5.9,3.0,2.6,-48.9,0.8,-1.0,RS41-SG,403.700,10.8,250,10,2.7,,
2026-09-18T11:40:08.000Z,V3640186,7398,44.56417,7.89799,29783.0,5.3,3.0,4.1,-49.0,0.8,-1.0,RS41-SG,403.700,11.3,250,10,2.6,,
2026-09-18T11:40:09.000Z,V3640186,7399,44.56420,7.89799,29788.9,6.6,3.8,9.6,-49.1,0.8,-1.0,RS41-SG,403.700,11.3,250,10,2.6,,
2026-09-18T11:40:10.000Z,V3640186,7400,44.56424,7.89800,29796.1,7.7,5.8,13.9,-49.2,0.8,-1.0,RS41-SG,403.700,11.8,250,10,2.6,,
2026-09-18T11:40:11.000Z,V3640186,7401,44.56430,7.89803,29802.6,5.7,7.7,15.7,-49.3,0.8,-1.0,RS41-SG,403.700,11.8,250,10,2.7,,
2026-09-18T11:40:12.000Z,V3640186,7402,44.56437,7.89806,29807.8,4.8,9.2,20.1,-49.3,0.8,-1.0,RS41-SG,403.700,10.6,250,10,2.7,,
2026-09-18T11:40:13.000Z,V3640186,7403,44.56445,7.89811,29813.0,5.7,10.4,27.4,-49.3,0.8,-1.0,RS41-SG,403.700,10.5,250,10,2.7,,
2026-09-18T11:40:14.000Z,V3640186,7404,44.56453,7.89818,29819.2,6.4,10.5,35.2,-49.3,0.8,-1.0,RS41-SG,403.700,10.9,250,10,2.6,,
2026-09-18T11:40:15.000Z,V3640186,7405,44.56460,7.89826,29825.3,5.9,10.1,42.1,-49.3,0.8,-1.0,RS41-SG,403.700,11.4,250,10,2.6,,
2026-09-18T11:40:16.000Z,V3640186,7406,44.56467,7.89834,29831.1,5.8,9.4,45.2,-49.1,0.8,-1.0,RS41-SG,403.700,11.4,250,9,2.7,,
2026-09-18T11:40:17.000Z,V3640186,7407,44.56472,7.89842,29837.1,6.4,8.5,42.3,-49.0,0.8,-1.0,RS41-SG,403.700,11.0,250,10,2.7,,
2026-09-18T11:40:18.000Z,V3640186,7408,44.56478,7.89848,29843.7,7.0,8.1,32.1,-48.9,0.8,-1.0,RS41-SG,403.700,11.4,250,9,2.6,,
2026-09-18T11:40:19.000Z,V3640186,7409,44.56485,7.89853,29850.1,5.6,8.1,23.3,-48.9,0.8,-1.0,RS41-SG,403.700,11.4,250,10,2.6,,
2026-09-18T11:40:20.000Z,V3640186,7410,44.56492,7.89856,29855.4,4.8,8.2,16.3,-48.9,0.8,-1.0,RS41-SG,403.700,10.5,250,10,2.7,,
2026-09-18T11:40:21.000Z,V3640186,7411,44.56499,7.89859,29860.5,5.4,8.2,12.6,-48.9,0.8,-1.0,RS41-SG,403.700,10.5,250,10,2.7,,
2026-09-18T11:40:22.000Z,V3640186,7412,44.56505,7.89861,29866.5,6.5,7.8,17.0,-48.9,0.8,-1.0,RS41-SG,403.700,10.2,250,10,2.6,,
2026-09-18T11:40:23.000Z,V3640186,7413,44.56512,7.89865,29872.9,6.0,7.7,23.3,-48.8,0.8,-1.0,RS41-SG,403.700,10.2,250,10,2.6,,
2026-09-18T11:40:24.000Z,V3640186,7414,44.56518,7.89869,29878.7,5.5,8.1,29.9,-48.8,0.8,-1.0,RS41-SG,403.700,9.8,250,10,2.7,,
2026-09-18T11:40:25.000Z,V3640186,7415,44.56525,7.89875,29884.7,6.5,9.3,32.6,-48.8,0.8,-1.0,RS41-SG,403.700,9.7,250,10,2.7,,
2026-09-18T11:40:26.000Z,V3640186,7416,44.56533,7.89881,29891.3,6.8,10.9,30.3,-48.8,0.8,-1.0,RS41-SG,403.700,10.3,250,10,2.6,,
2026-09-18T11:40:27.000Z,V3640186,7417,44.56542,7.89888,29897.8,6.0,12.4,26.7,-48.8,0.8,-1.0,RS41-SG,403.700,10.3,250,10,2.6,,
2026-09-18T11:40:28.000Z,V3640186,7418,44.56552,7.89895,29903.5,5.6,13.4,23.4,-48.8,0.8,-1.0,RS41-SG,403.700,10.4,250,10,2.7,,
2026-09-18T11:40:29.000Z,V3640186,7419,44.56563,7.89901,29908.8,5.1,13.4,20.0,-48.8,0.8,-1.0,RS41-SG,403.700,11.0,250,10,2.7,,
2026-09-18T11:40:30.000Z,V3640186,7420,44.56574,7.89907,29914.2,5.6,12.6,16.4,-49.0,0.8,-1.0,RS41-SG,403.700,11.0,250,10,2.7,,
2026-09-18T11:40:31.000Z,V3640186,7421,44.56584,7.89910,29920.3,6.5,10.8,12.5,-48.9,0.8,-1.0,RS41-SG,403.700,10.7,250,10,2.6,,
2026-09-18T11:40:32.000Z,V3640186,7422,44.56593,7.89913,29926.4,5.6,8.9,9.0,-48.8,0.8,-1.0,RS41-SG,403.700,10.4,250,10,2.6,,
2026-09-18T11:40:33.000Z,V3640186,7423,44.56600,7.89914,29931.5,4.8,7.5,9.9,-48.8,0.8,-1.0,RS41-SG,403.700,9.5,250,10,2.6,,
2026-09-18T11:40:34.000Z,V3640186,7424,44.56607,7.89916,29936.6,5.5,6.9,15.4,-48.7,0.8,-1.0,RS41-SG,403.700,9.8,250,10,2.7,,
2026-09-18T11:40:35.000Z,V3640186,7425,44.56613,7.89919,29942.4,6.5,7.9,20.8,-48.7,0.8,-1.0,RS41-SG,403.700,10.9,250,10,2.7,,
2026-09-18T11:40:36.000Z,V3640186,7426,44.56620,7.89923,29949.0,6.6,9.6,21.2,-48.8,0.8,-1.0,RS41-SG,403.700,10.9,250,10,2.7,,
2026-09-18T11:40:37.000Z,V3640186,7427,44.56629,7.89928,29955.0,5.3,11.4,19.2,-48.9,0.8,-1.0,RS41-SG,403.700,10.8,250,10,2.6,,
2026-09-18T11:40:38.000Z,V3640186,7428,44.56639,7.89932,29960.2,4.7,12.5,16.2,-49.0,0.8,-1.0,RS41-SG,403.700,10.1,250,10,2.6,,
2026-09-18T11:40:39.000Z,V3640186,7429,44.56650,7.89936,29965.2,5.3,12.9,14.2,-49.0,0.8,-1.0,RS41-SG,403.700,10.0,250,10,2.6,,
2026-09-18T11:40:40.000Z,V3640186,7430,44.56661,7.89940,29970.9,6.5,12.2,13.3,-49.0,0.8,-1.0,RS41-SG,403.700,11.0,250,10,2.7,,
2026-09-18T11:40:41.000Z,V3640186,7431,44.56671,7.89943,29977.3,6.7,11.0,13.6,-49.0,0.8,-1.0,RS41-SG,403.700,11.0,250,10,2.7,,
2026-09-18T11:40:42.000Z,V3640186,7432,44.56680,7.89947,29983.2,5.3,10.1,16.8,-49.0,0.8,-1.0,RS41-SG,403.700,10.3,250,10,2.7,,
2026-09-18T11:40:43.000Z,V3640186,7433,44.56689,7.89951,29988.3,4.8,9.6,20.9,-49.0,0.8,-1.0,RS41-SG,403.700,10.1,250,10,2.6,,
2026-09-18T11:40:44.000Z,V3640186,7434,44.56697,7.89955,29993.6,5.4,9.9,26.1,-49.0,0.8,-1.0,RS41-SG,403.700,10.1,250,10,2.6,,
2026-09-18T11:40:45.000Z,V3640186,7435,44.56705,7.89961,29999.1,5.6,10.6,28.1,-48.9,0.8,-1.0,RS41-SG,403.700,10.4,250,10,2.6,,
2026-09-18T11:40:46.000Z,V3640186,7436,44.56714,7.89968,30004.7,5.7,11.5,26.6,-48.8,0.8,-1.0,RS41-SG,403.700,10.4,250,10,2.7,,
2026-09-18T11:40:47.000Z,V3640186,7437,44.56723,7.89974,30010.6,6.3,11.9,21.4,-48.7,0.8,-1.0,RS41-SG,403.700,9.9,250,10,2.7,,
2026-09-18T11:40:48.000Z,V3640186,7438,44.56733,7.89978,30016.8,6.2,11.8,15.6,-48.7,0.8,-1.0,RS41-SG,403.700,10.2,250,10,2.7,,
2026-09-18T11:40:49.000Z,V3640186,7439,44.56743,7.89982,30022.7,5.4,11.1,11.4,-48.6,0.8,-1.0,RS41-SG,403.700,10.2,250,10,2.6,,
2026-09-18T11:40:50.000Z,V3640186,7440,44.56753,7.89984,30028.0,5.0,10.2,9.5,-48.6,0.8,-1.0,RS41-SG,403.700,10.5,250,10,2.6,,
2026-09-18T11:40:51.000Z,V3640186,7441,44.56761,7.89986,30033.4,5.7,9.1,12.8,-48.6,0.8,-1.0,RS41-SG,403.700,12.2,250,8,2.6,,
2026-09-18T11:40:52.000Z,V3640186,7442,44.56769,7.89990,30039.3,6.3,8.8,21.8,-48.7,0.8,-1.0,RS41-SG,403.700,12.3,250,8,2.7,,
2026-09-18T11:40:53.000Z,V3640186,7443,44.56776,7.89994,30045.5,6.3,9.4,29.7,-48.8,0.8,-1.0,RS41-SG,403.700,12.3,250,9,2.7,,
2026-09-18T11:40:54.000Z,V3640186,7444,44.56784,7.90001,30051.3,5.5,10.5,33.8,-48.9,0.8,-1.0,RS41-SG,403.700,11.3,250,10,2.7,,
2026-09-18T11:40:55.000Z,V3640186,7445,44.56792,7.90009,30056.9,5.3,11.6,32.6,-48.9,0.8,-1.0,RS41-SG,403.700,11.2,250,10,2.6,,
2026-09-18T11:40:56.000Z,V3640186,7446,44.56801,7.90016,30062.5,5.4,12.4,29.2,-48.9,0.8,-1.0,RS41-SG,403.700,11.1,250,10,2.6,,
2026-09-18T11:40:57.000Z,V3640186,7447,44.56811,7.90023,30067.9,5.6,12.7,25.2,-48.9,0.9,-1.0,RS41-SG,403.700,12.2,250,10,2.6,,
2026-09-18T11:40:58.000Z,V3640186,7448,44.56821,7.90030,30073.4,5.5,12.4,22.3,-49.0,0.8,-1.0,RS41-SG,403.700,12.2,250,9,2.7,,
2026-09-18T11:40:59.000Z,V3640186,7449,44.56831,7.90035,30079.0,5.9,11.4,22.5,-49.0,0.8,-1.0,RS41-SG,403.700,10.5,250,10,2.7,,
2026-09-18T11:41:00.000Z,V3640186,7450,44.56840,7.90041,30085.1,6.4,10.3,26.4,-49.2,0.9,-1.0,RS41-SG,403.700,10.5,250,10,2.7,,
2026-09-18T11:41:01.000Z,V3640186,7451,44.56848,7.90047,30091.6,6.5,9.8,33.2,-49.3,0.8,-1.0,RS41-SG,403.700,10.9,250,10,2.6,,
2026-09-18T11:41:02.000Z,V3640186,7452,44.56855,7.90054,30097.6,5.6,9.8,38.3,-49.3,0.9,-1.0,RS41-SG,403.700,10.9,250,10,2.6,,
2026-09-18T11:41:03.000Z,V3640186,7453,44.56862,7.90062,30103.0,5.2,9.9,38.9,-49.2,0.9,-1.0,RS41-SG,403.700,10.8,250,10,2.6,,
2026-09-18T11:41:04.000Z,V3640186,7454,44.56869,7.90070,30108.5,6.0,10.3,34.4,-49.2,0.8,-1.0,RS41-SG,403.700,10.8,250,10,2.7,,
2026-09-18T11:41:05.000Z,V3640186,7455,44.56877,7.90076,30114.8,6.8,11.1,25.9,-49.2,0.9,-1.0,RS41-SG,403.700,10.8,250,10,2.7,,
2026-09-18T11:41:06.000Z,V3640186,7456,44.56887,7.90082,30121.0,6.1,12.2,17.9,-49.2,0.9,-1.0,RS41-SG,403.700,12.3,250,10,2.7,,
2026-09-18T11:41:07.000Z,V3640186,7457,44.56898,7.90086,30126.3,4.3,12.5,13.6,-49.3,0.8,-1.0,RS41-SG,403.700,12.3,250,10,2.6,,
2026-09-18T11:41:08.000Z,V3640186,7458,44.56909,7.90089,30131.0,4.7,12.3,11.1,-49.4,0.9,-1.0,RS41-SG,403.700,11.0,250,10,2.6,,
2026-09-18T11:41:09.000Z,V3640186,7459,44.56919,7.90092,30136.4,5.9,11.5,13.6,-49.3,0.9,-1.0,RS41-SG,403.700,9.4,250,10,2.7,,
2026-09-18T11:41:10.000Z,V3640186,7460,44.56928,7.90096,30142.6,6.6,10.3,22.2,-49.3,0.9,-1.0,RS41-SG,403.700,9.7,250,10,2.7,,
2026-09-18T11:41:11.000Z,V3640186,7461,44.56936,7.90102,30148.8,5.5,10.1,32.2,-49.3,0.9,-1.0,RS41-SG,403.700,9.7,250,10,2.6,,
2026-09-18T11:41:12.000Z,V3640186,7462,44.56944,7.90110,30154.1,5.0,10.3,40.1,-49.3,0.8,-1.0,RS41-SG,403.700,8.9,250,10,2.6,,
2026-09-18T11:41:13.000Z,V3640186,7463,44.56951,7.90119,30159.4,5.4,11.1,42.8,-49.3,0.8,-1.0,RS41-SG,403.700,10.5,250,10,2.7,,
2026-09-18T11:41:14.000Z,V3640186,7464,44.56959,7.90128,30165.5,6.9,11.8,41.2,-49.4,0.9,-1.0,RS41-SG,403.700,12.3,250,10,2.7,,
2026-09-18T11:41:15.000Z,V3640186,7465,44.56967,7.90138,30172.1,6.5,12.2,37.7,-49.4,0.9,-1.0,RS41-SG,403.700,12.3,250,10,2.6,,
2026-09-18T11:41:16.000Z,V3640186,7466,44.56976,7.90147,30177.5,4.3,12.7,34.0,-49.5,0.9,-1.0,RS41-SG,403.700,10.8,250,10,2.6,,
2026-09-18T11:41:17.000Z,V3640186,7467,44.56986,7.90155,30182.2,5.3,13.0,32.5,-49.5,0.9,-1.0,RS41-SG,403.700,10.8,250,10,2.7,,
2026-09-18T11:41:18.000Z,V3640186,7468,44.56995,7.90164,30188.3,6.9,12.8,33.3,-49.6,0.9,-1.0,RS41-SG,403.700,9.9,250,10,2.7,,
2026-09-18T11:41:19.000Z,V3640186,7469,44.57004,7.90173,30194.8,6.1,12.2,36.0,-49.6,0.9,-1.0,RS41-SG,403.700,9.8,250,10,2.6,,
2026-09-18T11:41:20.000Z,V3640186,7470,44.57013,7.90182,30200.6,5.3,11.6,36.5,-49.6,0.9,-1.0,RS41-SG,403.700,10.1,250,10,2.6,,
2026-09-18T11:41:21.000Z,V3640186,7471,44.57021,7.90190,30206.2,6.0,10.8,34.0,-49.6,0.9,-1.0,RS41-SG,403.700,11.1,250,10,2.7,,
2026-09-18T11:41:22.000Z,V3640186,7472,44.57029,7.90197,30212.5,6.5,10.1,27.2,-49.5,0.9,-1.0,RS41-SG,403.700,11.1,250,10,2.7,,
2026-09-18T11:41:23.000Z,V3640186,7473,44.57037,7.90202,30218.2,5.0,9.9,21.5,-49.5,0.9,-1.0,RS41-SG,403.700,10.7,250,10,2.6,,
2026-09-18T11:41:24.000Z,V3640186,7474,44.57046,7.90206,30223.6,5.6,9.5,19.1,-49.5,0.9,-1.0,RS41-SG,403.700,11.3,250,10,2.6,,
2026-09-18T11:41:25.000Z,V3640186,7475,44.57053,7.90210,30229.8,6.6,9.1,22.8,-49.5,0.9,-1.0,RS41-SG,403.700,11.3,250,10,2.7,,
2026-09-18T11:41:26.000Z,V3640186,7476,44.57060,7.90215,30236.5,6.7,8.8,32.1,-49.6,0.9,-1.0,RS41-SG,403.700,12.3,250,10,2.7,,
2026-09-18T11:41:27.000Z,V3640186,7477,44.57067,7.90222,30242.3,4.7,9.1,39.1,-49.7,0.9,-1.0,RS41-SG,403.700,12.3,250,10,2.7,,
2026-09-18T11:41:28.000Z,V3640186,7478,44.57073,7.90230,30247.3,5.2,9.6,42.7,-49.7,0.9,-1.0,RS41-SG,403.700,11.9,250,10,2.6,,
2026-09-18T11:41:29.000Z,V3640186,7479,44.57080,7.90238,30253.2,6.3,10.2,40.8,-49.7,0.9,-1.0,RS41-SG,403.700,10.7,250,10,2.6,,
2026-09-18T11:41:30.000Z,V3640186,7480,44.57087,7.90246,30259.8,6.8,10.9,35.1,-49.7,0.9,-1.0,RS41-SG,403.700,12.3,250,10,2.6,,
2026-09-18T11:41:31.000Z,V3640186,7481,44.57096,7.90254,30265.7,5.3,11.7,31.8,-49.6,0.9,-1.0,RS41-SG,403.700,12.3,250,10,2.7,,
2026-09-18T11:41:32.000Z,V3640186,7482,44.57105,7.90261,30271.1,5.6,11.9,31.0,-49.7,0.9,-1.0,RS41-SG,403.700,12.2,250,10,2.7,,
2026-09-18T11:41:33.000Z,V3640186,7483,44.57114,7.90269,30277.3,6.7,12.1,33.1,-49.8,0.9,-1.0,RS41-SG,403.700,12.1,250,10,2.7,,
2026-09-18T11:41:34.000Z,V3640186,7484,44.57123,7.90278,30283.7,6.1,11.8,37.0,-49.8,0.9,-1.0,RS41-SG,403.700,11.6,250,10,2.6,,
2026-09-18T11:41:35.000Z,V3640186,7485,44.57131,7.90287,30289.7,5.4,11.2,39.0,-49.7,0.9,-1.0,RS41-SG,403.700,11.8,250,10,2.6,,
2026-09-18T11:41:36.000Z,V3640186,7486,44.57138,7.90295,30295.4,5.8,10.2,38.2,-49.7,0.9,-1.0,RS41-SG,403.700,12.1,250,10,2.6,,
2026-09-18T11:41:37.000Z,V3640186,7487,44.57145,7.90302,30301.6,6.6,9.3,31.4,-49.7,0.9,-1.0,RS41-SG,403.700,12.1,250,10,2.7,,
2026-09-18T11:41:38.000Z,V3640186,7488,44.57153,7.90307,30308.0,6.5,9.0,22.3,-49.9,0.9,-1.0,RS41-SG,403.700,11.4,250,10,2.7,,
2026-09-18T11:41:39.000Z,V3640186,7489,44.57160,7.90311,30313.6,4.8,9.0,17.8,-49.9,0.9,-1.0,RS41-SG,403.700,11.4,250,10,2.7,,
2026-09-18T11:41:40.000Z,V3640186,7490,44.57168,7.90315,30318.7,4.9,8.6,17.4,-49.9,0.9,-1.0,RS41-SG,403.700,11.4,250,10,2.6,,
2026-09-18T11:41:41.000Z,V3640186,7491,44.57175,7.90318,30324.1,5.8,8.2,24.7,-49.8,0.9,-1.0,RS41-SG,403.700,10.5,250,10,2.6,,
2026-09-18T11:41:42.000Z,V3640186,7492,44.57181,7.90324,30330.2,6.5,8.0,37.5,-49.8,0.9,-1.0,RS41-SG,403.700,10.4,250,10,2.6,,
2026-09-18T11:41:43.000Z,V3640186,7493,44.57186,7.90330,30336.1,5.1,8.4,47.5,-49.8,0.9,-1.0,RS41-SG,403.700,11.5,250,10,2.7,,
2026-09-18T11:41:44.000Z,V3640186,7494,44.57191,7.90339,30341.1,5.1,9.2,52.9,-49.8,0.9,-1.0,RS41-SG,403.700,12.0,250,10,2.7,,
2026-09-18T11:41:45.000Z,V3640186,7495,44.57196,7.90348,30346.8,6.0,10.0,51.4,-49.9,0.9,-1.0,RS41-SG,403.700,12.0,250,10,2.7,,
2026-09-18T11:41:46.000Z,V3640186,7496,44.57202,7.90358,30353.2,6.5,10.6,46.2,-50.0,0.9,-1.0,RS41-SG,403.700,11.0,250,10,2.6,,
2026-09-18T11:41:47.000Z,V3640186,7497,44.57210,7.90367,30358.9,4.8,10.9,39.9,-49.9,0.9,-1.0,RS41-SG,403.700,11.2,250,10,2.6,,
2026-09-18T11:41:47.999Z,V3640186,7498,44.57217,7.90375,30363.9,4.8,10.4,35.5,-49.9,0.9,-1.0,RS41-SG,403.700,12.1,250,10,2.6,,
2026-09-18T11:41:48.999Z,V3640186,7499,44.57224,7.90382,30369.0,5.7,9.3,34.7,-49.8,0.9,-1.0,RS41-SG,403.700,12.1,250,10,2.7,,
2026-09-18T11:41:49.999Z,V3640186,7500,44.57230,7.90389,30375.1,6.6,7.8,39.1,-49.8,0.9,-1.0,RS41-SG,403.700,12.5,250,10,2.7,,
2026-09-18T11:41:50.999Z,V3640186,7501,44.57235,7.90395,30381.7,6.3,6.8,46.4,-49.9,0.9,-1.0,RS41-SG,403.700,12.5,250,10,2.7,,
2026-09-18T11:41:51.999Z,V3640186,7502,44.57239,7.90401,30387.3,4.6,6.2,51.8,-49.9,0.9,-1.0,RS41-SG,403.700,11.7,250,10,2.6,,
2026-09-18T11:41:52.999Z,V3640186,7503,44.57242,7.90407,30392.3,5.0,5.8,54.1,-49.9,0.9,-1.0,RS41-SG,403.700,11.3,250,9,2.6,,
2026-09-18T11:41:53.999Z,V3640186,7504,44.57245,7.90413,30397.7,5.9,6.0,48.1,-49.9,0.9,-1.0,RS41-SG,403.700,12.0,250,10,2.6,,
2026-09-18T11:41:54.999Z,V3640186,7505,44.57249,7.90418,30403.8,6.5,6.4,42.5,-49.9,0.9,-1.0,RS41-SG,403.700,12.2,250,9,2.7,,
2026-09-18T11:41:55.999Z,V3640186,7506,44.57254,7.90424,30409.9,6.1,7.6,39.4,-50.0,0.9,-1.0,RS41-SG,403.700,12.2,250,10,2.7,,
2026-09-18T11:41:56.999Z,V3640186,7507,44.57260,7.90431,30415.7,5.4,8.6,42.6,-49.9,0.9,-1.0,RS41-SG,403.700,10.2,250,10,2.7,,
2026-09-18T11:41:57.999Z,V3640186,7508,44.57265,7.90439,30421.2,5.5,9.7,48.6,-49.7,0.9,-1.0,RS41-SG,403.700,10.1,250,10,2.6,,
2026-09-18T11:41:58.999Z,V3640186,7509,44.57271,7.90449,30426.9,6.0,11.0,57.3,-49.6,0.8,-1.0,RS41-SG,403.700,11.9,250,10,2.6,,
2026-09-18T11:41:59.999Z,V3640186,7510,44.57276,7.90462,30432.6,5.3,11.9,64.8,-49.6,0.9,-1.0,RS41-SG,403.700,11.9,250,10,2.7,,
2026-09-18T11:42:00.999Z,V3640186,7511,44.57280,7.90476,30437.5,4.4,12.2,68.6,-49.6,0.8,-1.0,RS41-SG,403.700,11.9,250,10,2.7,,
2026-09-18T11:42:01.999Z,V3640186,7512,44.57284,7.90490,30442.9,6.2,11.5,69.6,-49.6,0.8,-1.0,RS41-SG,403.700,12.1,250,10,2.6,,
2026-09-18T11:42:02.999Z,V3640186,7513,44.57288,7.90502,30449.7,7.1,10.2,64.1,-49.4,0.8,-1.0,RS41-SG,403.700,12.1,250,10,2.6,,
2026-09-18T11:42:03.999Z,V3640186,7514,44.57292,7.90512,30456.3,6.1,8.9,54.9,-49.3,0.8,-1.0,RS41-SG,403.700,12.1,250,10,2.7,,
2026-09-18T11:42:04.999Z,V3640186,7515,44.57297,7.90520,30461.4,4.4,7.9,45.6,-49.3,0.9,-1.0,RS41-SG,403.700,12.1,250,10,2.7,,
2026-09-18T11:42:05.999Z,V3640186,7516,44.57302,7.90527,30466.0,4.6,7.5,39.5,-49.4,0.8,-1.0,RS41-SG,403.700,12.1,250,10,2.6,,
2026-09-18T11:42:06.999Z,V3640186,7517,44.57307,7.90533,30471.3,6.0,7.6,40.8,-49.3,0.9,-1.0,RS41-SG,403.700,12.0,250,10,2.6,,
2026-09-18T11:42:07.999Z,V3640186,7518,44.57312,7.90540,30477.6,6.8,8.0,48.0,-49.2,0.8,-1.0,RS41-SG,403.700,10.1,250,9,2.7,,
2026-09-18T11:42:08.999Z,V3640186,7519,44.57316,7.90548,30483.9,5.8,8.6,53.0,-49.1,0.8,-1.0,RS41-SG,403.700,11.5,250,10,2.7,,
2026-09-18T11:42:09.999Z,V3640186,7520,44.57321,7.90557,30489.5,5.4,9.7,54.8,-49.0,0.8,-1.0,RS41-SG,403.700,12.0,250,10,2.6,,
2026-09-18T11:42:10.999Z,V3640186,7521,44.57327,7.90567,30495.3,6.2,10.6,53.3,-49.1,0.8,-1.0,RS41-SG,403.700,12.0,250,10,2.6,,
2026-09-18T11:42:11.999Z,V3640186,7522,44.57333,7.90578,30501.8,6.8,10.8,50.5,-49.2,0.8,-1.0,RS41-SG,403.700,11.8,250,10,2.7,,
2026-09-18T11:42:12.999Z,V3640186,7523,44.57339,7.90588,30507.8,5.3,10.8,48.6,-49.1,0.8,-1.0,RS41-SG,403.700,11.3,250,10,2.7,,
2026-09-18T11:42:13.999Z,V3640186,7524,44.57345,7.90598,30512.8,4.8,10.6,49.8,-49.0,0.8,-1.0,RS41-SG,403.700,11.0,250,10,2.7,,
2026-09-18T11:42:14.999Z,V3640186,7525,44.57351,7.90609,30518.4,5.8,10.6,54.7,-48.9,0.8,-1.0,RS41-SG,403.700,11.1,250,10,2.6,,
2026-09-18T11:42:15.999Z,V3640186,7526,44.57356,7.90620,30524.6,6.3,10.7,60.2,-48.9,0.8,-1.0,RS41-SG,403.700,11.9,250,10,2.6,,
2026-09-18T11:42:16.999Z,V3640186,7527,44.57360,7.90632,30530.2,5.2,10.7,65.2,-48.9,0.8,-1.0,RS41-SG,403.700,11.9,250,10,2.6,,
2026-09-18T11:42:17.999Z,V3640186,7528,44.57364,7.90644,30535.7,5.6,10.2,67.5,-48.9,0.8,-1.0,RS41-SG,403.700,11.2,250,10,2.7,,
2026-09-18T11:42:18.999Z,V3640186,7529,44.57368,7.90655,30541.6,6.7,9.1,67.2,-48.8,0.8,-1.0,RS41-SG,403.700,11.2,250,10,2.7,,
2026-09-18T11:42:19.999Z,V3640186,7530,44.57371,7.90665,30548.3,6.7,7.7,60.6,-48.7,0.8,-1.0,RS41-SG,403.700,12.1,250,10,2.7,,
2026-09-18T11:42:20.999Z,V3640186,7531,44.57374,7.90673,30554.3,4.9,7.2,53.6,-48.7,0.8,-1.0,RS41-SG,403.700,12.1,250,10,2.6,,
2026-09-18T11:42:21.999Z,V3640186,7532,44.57378,7.90680,30559.4,5.2,7.3,48.6,-48.8,0.8,-1.0,RS41-SG,403.700,12.1,250,10,2.6,,
2026-09-18T11:42:22.999Z,V3640186,7533,44.57383,7.90687,30565.2,6.5,8.2,50.3,-48.7,0.8,-1.0,RS41-SG,403.700,11.5,250,10,2.6,,
2026-09-18T11:42:23.999Z,V3640186,7534,44.57388,7.90696,30571.7,6.8,9.6,54.8,-48.6,0.8,-1.0,RS41-SG,403.700,10.2,250,10,2.7,,
2026-09-18T11:42:24.999Z,V3640186,7535,44.57393,7.90707,30577.7,5.3,10.9,57.9,-48.5,0.8,-1.0,RS41-SG,403.700,11.4,250,10,2.7,,
2026-09-18T11:42:25.999Z,V3640186,7536,44.57398,7.90719,30583.2,5.5,11.7,59.3,-48.4,0.8,-1.0,RS41-SG,403.700,12.3,250,10,2.7,,
2026-09-18T11:42:26.999Z,V3640186,7537,44.57404,7.90732,30589.4,6.5,11.9,59.2,-48.4,0.8,-1.0,RS41-SG,403.700,12.3,250,10,2.6,,
2026-09-18T11:42:27.999Z,V3640186,7538,44.57409,7.90744,30596.0,6.5,11.4,57.8,-48.5,0.8,-1.0,RS41-SG,403.700,11.4,250,10,2.6,,
2026-09-18T11:42:28.999Z,V3640186,7539,44.57414,7.90756,30602.1,5.6,10.6,58.9,-48.4,0.8,-1.0,RS41-SG,403.700,11.2,250,10,2.6,,
2026-09-18T11:42:29.999Z,V3640186,7540,44.57419,7.90767,30607.5,5.8,10.0,62.2,-48.3,0.8,-1.0,RS41-SG,403.700,10.6,250,9,2.7,,
2026-09-18T11:42:30.999Z,V3640186,7541,44.57422,7.90778,30613.4,6.2,9.8,69.0,-48.2,0.8,-1.0,RS41-SG,403.700,10.6,250,10,2.7,,
2026-09-18T11:42:31.999Z,V3640186,7542,44.57425,7.90790,30619.6,6.2,10.1,77.2,-48.0,0.7,-1.0,RS41-SG,403.700,10.9,250,10,2.7,,
2026-09-18T11:42:32.999Z,V3640186,7543,44.57426,7.90803,30625.4,5.0,10.2,83.0,-48.0,0.7,-1.0,RS41-SG,403.700,11.6,250,10,2.6,,
2026-09-18T11:42:33.999Z,V3640186,7544,44.57427,7.90815,30630.6,5.0,9.8,87.6,-48.0,0.7,-1.0,RS41-SG,403.700,11.6,250,10,2.6,,
2026-09-18T11:42:34.999Z,V3640186,7545,44.57427,7.90827,30635.9,5.8,8.8,90.8,-47.9,0.7,-1.0,RS41-SG,403.700,11.4,250,10,2.6,,
2026-09-18T11:42:35.999Z,V3640186,7546,44.57427,7.90837,30642.0,6.3,7.6,88.7,-47.8,0.7,-1.0,RS41-SG,403.700,11.4,250,10,2.7,,
2026-09-18T11:42:36.999Z,V3640186,7547,44.57428,7.90846,30648.4,6.7,6.8,80.5,-47.7,0.7,-1.0,RS41-SG,403.700,11.0,250,10,2.7,,
2026-09-18T11:42:37.999Z,V3640186,7548,44.57430,7.90854,30654.5,5.8,7.1,68.4,-47.7,0.8,-1.0,RS41-SG,403.700,13.1,250,10,2.7,,
2026-09-18T11:42:38.999Z,V3640186,7549,44.57433,7.90863,30660.1,5.6,8.9,59.9,-47.8,0.7,-1.0,RS41-SG,403.700,13.1,250,10,2.6,,
2026-09-18T11:42:39.999Z,V3640186,7550,44.57438,7.90874,30666.0,6.0,11.5,56.5,-47.7,0.8,-1.0,RS41-SG,403.700,12.0,250,10,2.6,,
2026-09-18T11:42:40.999Z,V3640186,7551,44.57444,7.90887,30671.9,5.7,14.1,56.1,-47.6,0.7,-1.0,RS41-SG,403.700,12.0,250,10,2.7,,
2026-09-18T11:42:41.999Z,V3640186,7552,44.57451,7.90903,30677.0,4.7,15.7,58.0,-47.6,0.7,-1.0,RS41-SG,403.700,11.2,250,10,2.7,,
2026-09-18T11:42:42.999Z,V3640186,7553,44.57458,7.90920,30682.0,5.2,15.9,61.8,-47.6,0.7,-1.0,RS41-SG,403.700,11.0,250,10,2.6,,
2026-09-18T11:42:43.999Z,V3640186,7554,44.57464,7.90938,30688.2,6.7,14.4,67.8,-47.6,0.7,-1.0,RS41-SG,403.700,11.9,250,9,2.6,,
2026-09-18T11:42:44.999Z,V3640186,7555,44.57468,7.90953,30695.5,7.5,11.3,76.1,-47.5,0.7,-1.0,RS41-SG,403.700,11.9,250,9,2.7,,
2026-09-18T11:42:45.999Z,V3640186,7556,44.57469,7.90965,30702.2,6.3,8.7,86.4,-47.4,0.7,-1.0,RS41-SG,403.700,12.4,250,10,2.7,,
2026-09-18T11:42:46.999Z,V3640186,7557,44.57469,7.90975,30707.2,3.8,6.6,97.6,-47.4,0.7,-1.0,RS41-SG,403.700,12.4,250,10,2.6,,
2026-09-18T11:42:47.999Z,V3640186,7558,44.57468,7.90982,30711.1,4.0,5.2,111.6,-47.4,0.7,-1.0,RS41-SG,403.700,11.9,250,10,2.6,,
2026-09-18T11:42:48.999Z,V3640186,7559,44.57466,7.90987,30716.2,6.1,4.6,120.0,-47.5,0.7,-1.0,RS41-SG,403.700,11.4,250,10,2.7,,
2026-09-18T11:42:49.999Z,V3640186,7560,44.57464,7.90993,30722.7,6.8,4.9,112.8,-47.5,0.7,-1.0,RS41-SG,403.700,9.9,250,10,2.7,,
2026-09-18T11:42:50.999Z,V3640186,7561,44.57463,7.90999,30729.0,5.6,5.5,98.9,-47.4,0.7,-1.0,RS41-SG,403.700,11.7,250,10,2.6,,
2026-09-18T11:42:51.999Z,V3640186,7562,44.57463,7.91006,30734.8,5.8,6.2,88.1,-47.3,0.7,-1.0,RS41-SG,403.700,12.0,250,10,2.6,,
2026-09-18T11:42:52.999Z,V3640186,7563,44.57463,7.91014,30741.1,6.6,6.9,79.3,-47.3,0.7,-1.0,RS41-SG,403.700,12.0,250,10,2.7,,
2026-09-18T11:42:53.999Z,V3640186,7564,44.57465,7.91023,30747.7,7.0,7.1,77.2,-47.2,0.7,-1.0,RS41-SG,403.700,12.2,250,10,2.7,,
2026-09-18T11:42:54.999Z,V3640186,7565,44.57466,7.91032,30753.9,5.4,7.4,76.8,-47.1,0.7,-1.0,RS41-SG,403.700,12.2,250,10,2.7,,
2026-09-18T11:42:55.999Z,V3640186,7566,44.57468,7.91041,30759.3,5.3,8.4,81.2,-47.1,0.7,-1.0,RS41-SG,403.700,11.4,250,10,2.6,,
2026-09-18T11:42:56.999Z,V3640186,7567,44.57468,7.91053,30764.8,5.7,9.7,86.3,-47.1,0.7,-1.0,RS41-SG,403.700,12.3,250,10,2.6,,
2026-09-18T11:42:57.999Z,V3640186,7568,44.57469,7.91066,30770.8,6.3,11.3,91.9,-47.1,0.7,-1.0,RS41-SG,403.700,12.3,250,10,2.6,,
2026-09-18T11:42:58.999Z,V3640186,7569,44.57468,7.91081,30776.9,6.3,12.2,96.6,-47.1,0.7,-1.0,RS41-SG,403.700,12.1,250,10,2.7,,
2026-09-18T11:42:59.999Z,V3640186,7570,44.57466,7.91096,30782.9,5.8,12.3,101.3,-47.1,0.7,-1.0,RS41-SG,403.700,12.1,250,10,2.7,,
2026-09-18T11:43:00.999Z,V3640186,7571,44.57463,7.91110,30789.0,6.4,11.1,107.4,-47.0,0.7,-1.0,RS41-SG,403.700,13.1,250,10,2.7,,
2026-09-18T11:43:01.999Z,V3640186,7572,44.57460,7.91122,30795.6,6.6,8.9,114.0,-46.8,0.7,-1.0,RS41-SG,403.700,13.1,250,10,2.6,,
2026-09-18T11:43:02.999Z,V3640186,7573,44.57457,7.91130,30802.1,6.2,6.6,124.6,-46.7,0.7,-1.0,RS41-SG,403.700,12.6,250,10,2.6,,
2026-09-18T11:43:03.999Z,V3640186,7574,44.57454,7.91135,30808.0,5.5,4.6,139.4,-46.7,0.7,-1.0,RS41-SG,403.700,12.3,250,10,2.6,,
2026-09-18T11:43:04.999Z,V3640186,7575,44.57451,7.91138,30813.3,5.3,3.5,155.8,-46.7,0.7,-1.0,RS41-SG,403.700,11.6,250,10,2.7,,
2026-09-18T11:43:05.999Z,V3640186,7576,44.57448,7.91140,30818.7,5.8,3.3,153.2,-46.6,0.7,-1.0,RS41-SG,403.700,11.2,250,10,2.7,,
2026-09-18T11:43:06.999Z,V3640186,7577,44.57446,7.91143,30825.2,6.9,4.0,129.0,-46.7,0.7,-1.0,RS41-SG,403.700,11.4,250,10,2.7,,
2026-09-18T11:43:07.999Z,V3640186,7578,44.57444,7.91149,30832.2,7.0,6.3,107.0,-46.7,0.7,-1.0,RS41-SG,403.700,11.4,250,10,2.6,,
2026-09-18T11:43:08.999Z,V3640186,7579,44.57443,7.91158,30838.9,6.1,9.3,96.8,-46.8,0.7,-1.0,RS41-SG,403.700,11.5,250,10,2.6,,
2026-09-18T11:43:09.999Z,V3640186,7580,44.57442,7.91172,30844.3,4.7,12.0,90.0,-46.8,0.7,-1.0,RS41-SG,403.700,11.5,250,10,2.6,,
2026-09-18T11:43:10.999Z,V3640186,7581,44.57443,7.91188,30848.7,4.3,13.8,85.3,-46.7,0.7,-1.0,RS41-SG,403.700,11.6,250,10,2.7,,
2026-09-18T11:43:11.999Z,V3640186,7582,44.57444,7.91205,30853.4,5.3,14.4,82.7,-46.6,0.7,-1.0,RS41-SG,403.700,13.2,250,10,2.7,,
2026-09-18T11:43:12.999Z,V3640186,7583,44.57445,7.91223,30859.4,6.9,13.3,83.1,-46.5,0.7,-1.0,RS41-SG,403.700,13.2,250,10,2.7,,
2026-09-18T11:43:13.999Z,V3640186,7584,44.57446,7.91238,30866.5,7.2,11.1,88.0,-46.5,0.7,-1.0,RS41-SG,403.700,13.4,250,10,2.6,,
2026-09-18T11:43:14.999Z,V3640186,7585,44.57446,7.91250,30873.5,6.3,9.0,98.9,-46.4,0.7,-1.0,RS41-SG,403.700,13.4,250,10,2.6,,
2026-09-18T11:43:15.999Z,V3640186,7586,44.57444,7.91260,30879.4,5.5,7.7,116.9,-46.4,0.7,-1.0,RS41-SG,403.700,12.5,250,10,2.7,,
2026-09-18T11:43:16.999Z,V3640186,7587,44.57440,7.91268,30884.5,4.6,7.6,134.5,-46.4,0.7,-1.0,RS41-SG,403.700,12.5,250,10,2.7,,
2026-09-18T11:43:17.999Z,V3640186,7588,44.57435,7.91274,30889.0,4.4,7.8,144.5,-46.5,0.7,-1.0,RS41-SG,403.700,11.5,250,10,2.6,,
2026-09-18T11:43:18.999Z,V3640186,7589,44.57429,7.91280,30894.1,5.7,7.6,143.8,-46.5,0.7,-1.0,RS41-SG,403.700,11.1,250,10,2.6,,
2026-09-18T11:43:19.999Z,V3640186,7590,44.57424,7.91285,30900.5,7.2,6.6,133.4,-46.5,0.7,-1.0,RS41-SG,403.700,10.9,250,10,2.7,,
2026-09-18T11:43:20.999Z,V3640186,7591,44.57421,7.91292,30907.5,6.7,6.0,115.2,-46.6,0.7,-1.0,RS41-SG,403.700,9.9,250,10,2.7,,
2026-09-18T11:43:21.999Z,V3640186,7592,44.57419,7.91299,30913.3,4.8,6.1,99.7,-46.5,0.7,-1.0,RS41-SG,403.700,11.8,250,10,2.6,,
2026-09-18T11:43:22.999Z,V3640186,7593,44.57419,7.91307,30918.4,5.2,6.9,87.7,-46.5,0.7,-1.0,RS41-SG,403.700,12.8,250,10,2.6,,
2026-09-18T11:43:23.999Z,V3640186,7594,44.57419,7.91316,30924.1,6.4,7.8,89.0,-46.6,0.7,-1.0,RS41-SG,403.700,13.2,250,10,2.7,,
2026-09-18T11:43:24.999Z,V3640186,7595,44.57419,7.91326,30930.6,6.8,8.5,95.3,-46.7,0.7,-1.0,RS41-SG,403.700,13.2,250,10,2.7,,
2026-09-18T11:43:25.999Z,V3640186,7596,44.57418,7.91337,30937.1,6.1,8.7,103.0,-46.6,0.7,-1.0,RS41-SG,403.700,12.4,250,10,2.7,,
2026-09-18T11:43:26.999Z,V3640186,7597,44.57416,7.91347,30942.9,5.5,8.3,110.1,-46.6,0.8,-1.0,RS41-SG,403.700,12.4,250,9,2.6,,
2026-09-18T11:43:27.999Z,V3640186,7598,44.57413,7.91356,30948.6,6.1,7.4,118.1,-46.6,0.7,-1.0,RS41-SG,403.700,11.7,250,10,2.6,,
2026-09-18T11:43:28.999Z,V3640186,7599,44.57409,7.91363,30955.1,7.0,6.2,126.0,-46.6,0.7,-1.0,RS41-SG,403.700,12.4,250,10,2.6,,
2026-09-18T11:43:29.999Z,V3640186,7600,44.57406,7.91369,30961.5,5.9,5.4,130.7,-46.6,0.7,-1.0,RS41-SG,403.700,12.4,250,10,2.7,,
2026-09-18T11:43:30.999Z,V3640186,7601,44.57403,7.91374,30967.3,6.0,5.1,131.9,-46.7,0.8,-1.0,RS41-SG,403.700,12.2,250,10,2.7,,
2026-09-18T11:43:31.999Z,V3640186,7602,44.57400,7.91379,30973.6,6.5,5.5,126.8,-46.8,0.8,-1.0,RS41-SG,403.700,11.6,250,10,2.7,,
2026-09-18T11:43:32.999Z,V3640186,7603,44.57397,7.91386,30980.5,7.4,6.9,123.9,-46.8,0.7,-1.0,RS41-SG,403.700,11.0,250,10,2.6,,
2026-09-18T11:43:33.999Z,V3640186,7604,44.57394,7.91394,30987.2,5.7,7.9,117.9,-46.9,0.8,-1.0,RS41-SG,403.700,11.2,250,10,2.6,,
2026-09-18T11:43:34.999Z,V3640186,7605,44.57390,7.91403,30992.9,5.6,8.7,110.6,-46.9,0.8,-1.0,RS41-SG,403.700,13.4,250,10,2.6,,
2026-09-18T11:43:35.999Z,V3640186,7606,44.57389,7.91414,30999.1,6.8,8.9,98.2,-46.9,0.8,-1.0,RS41-SG,403.700,13.8,250,10,2.7,,
2026-09-18T11:43:36.999Z,V3640186,7607,44.57388,7.91425,31005.8,6.8,8.6,85.5,-47.0,0.8,-1.0,RS41-SG,403.700,13.8,250,10,2.7,,
2026-09-18T11:43:37.999Z,V3640186,7608,44.57390,7.91435,31011.9,5.1,8.5,75.5,-47.2,0.8,-1.0,RS41-SG,403.700,13.5,250,10,2.7,,
2026-09-18T11:43:38.999Z,V3640186,7609,44.57392,7.91445,31017.3,5.8,8.7,68.9,-47.3,0.8,-1.0,RS41-SG,403.700,13.6,250,10,2.6,,
2026-09-18T11:43:39.999Z,V3640186,7610,44.57395,7.91456,31023.7,6.7,9.1,69.1,-47.3,0.8,-1.0,RS41-SG,403.700,13.6,250,10,2.6,,
2026-09-18T11:43:40.999Z,V3640186,7611,44.57397,7.91467,31030.4,6.7,9.3,74.3,-47.3,0.8,-1.0,RS41-SG,403.700,13.7,250,10,2.6,,
2026-09-18T11:43:41.999Z,V3640186,7612,44.57399,7.91478,31036.4,5.5,9.4,79.4,-47.2,0.7,-1.0,RS41-SG,403.700,13.7,250,10,2.7,,
2026-09-18T11:43:42.999Z,V3640186,7613,44.57400,7.91490,31042.0,5.8,9.0,83.3,-47.1,0.7,-1.0,RS41-SG,403.700,13.0,250,10,2.7,,
2026-09-18T11:43:43.999Z,V3640186,7614,44.57401,7.91500,31047.9,6.1,8.5,84.2,-47.1,0.7,-1.0,RS41-SG,403.700,13.0,250,10,2.7,,
2026-09-18T11:43:44.999Z,V3640186,7615,44.57402,7.91511,31054.3,6.8,7.8,81.0,-47.0,0.7,-1.0,RS41-SG,403.700,12.9,250,10,2.6,,
2026-09-18T11:43:45.999Z,V3640186,7616,44.57403,7.91520,31060.8,5.9,7.2,78.1,-47.0,0.7,-1.0,RS41-SG,403.700,12.9,250,10,2.6,,
2026-09-18T11:43:46.999Z,V3640186,7617,44.57405,7.91529,31066.6,5.7,7.0,79.8,-46.9,0.7,-1.0,RS41-SG,403.700,12.6,250,10,2.7,,
2026-09-18T11:43:47.999Z,V3640186,7618,44.57405,7.91537,31072.5,6.2,7.0,85.1,-46.9,0.7,-1.0,RS41-SG,403.700,13.1,250,10,2.7,,
2026-09-18T11:43:48.999Z,V3640186,7619,44.57405,7.91546,31079.1,6.9,7.7,94.7,-47.0,0.7,-1.0,RS41-SG,403.700,13.1,250,10,2.6,,
2026-09-18T11:43:49.999Z,V3640186,7620,44.57404,7.91557,31085.8,6.7,8.7,101.7,-47.0,0.8,-1.0,RS41-SG,403.700,12.7,250,10,2.6,,
2026-09-18T11:43:50.999Z,V3640186,7621,44.57402,7.91568,31091.8,5.2,9.7,104.0,-47.0,0.7,-1.0,RS41-SG,403.700,13.6,250,10,2.7,,
2026-09-18T11:43:51.999Z,V3640186,7622,44.57400,7.91580,31097.3,5.6,10.1,101.7,-46.9,0.7,-1.0,RS41-SG,403.700,13.6,250,10,2.7,,
2026-09-18T11:43:52.999Z,V3640186,7623,44.57399,7.91592,31103.5,6.6,10.0,93.3,-46.8,0.7,-1.0,RS41-SG,403.700,13.4,250,10,2.6,,
2026-09-18T11:43:53.999Z,V3640186,7624,44.57400,7.91605,31110.2,6.8,9.7,81.5,-46.8,0.7,-1.0,RS41-SG,403.700,13.3,250,10,2.6,,
2026-09-18T11:43:54.999Z,V3640186,7625,44.57401,7.91616,31116.2,5.2,9.2,73.7,-46.6,0.7,-1.0,RS41-SG,403.700,13.2,250,10,2.7,,
2026-09-18T11:43:55.999Z,V3640186,7626,44.57404,7.91627,31121.7,5.8,9.0,68.8,-46.5,0.7,-1.0,RS41-SG,403.700,13.2,250,10,2.7,,
2026-09-18T11:43:56.999Z,V3640186,7627,44.57407,7.91637,31127.9,6.5,8.5,69.9,-46.4,0.7,-1.0,RS41-SG,403.700,13.4,250,10,2.7,,
2026-09-18T11:43:57.999Z,V3640186,7628,44.57409,7.91647,31134.6,6.6,8.2,79.4,-46.5,0.7,-1.0,RS41-SG,403.700,13.4,250,10,2.6,,
2026-09-18T11:43:58.999Z,V3640186,7629,44.57409,7.91657,31141.1,6.3,7.8,92.4,-46.5,0.7,-1.0,RS41-SG,403.700,12.5,250,10,2.6,,
2026-09-18T11:43:59.999Z,V3640186,7630,44.57408,7.91666,31147.0,5.3,7.3,106.1,-46.4,0.7,-1.0,RS41-SG,403.700,12.0,250,10,2.6,,
2026-09-18T11:44:00.999Z,V3640186,7631,44.57406,7.91675,31152.2,5.4,7.0,120.2,-46.4,0.7,-1.0,RS41-SG,403.700,11.4,250,10,2.7,,
2026-09-18T11:44:01.999Z,V3640186,7632,44.57402,7.91682,31157.8,5.9,6.4,127.4,-46.4,0.7,-1.0,RS41-SG,403.700,12.3,250,10,2.7,,
2026-09-18T11:44:02.999Z,V3640186,7633,44.57399,7.91688,31163.9,6.7,5.4,127.2,-46.4,0.7,-1.0,RS41-SG,403.700,12.4,250,10,2.7,,
2026-09-18T11:44:03.999Z,V3640186,7634,44.57397,7.91693,31170.8,7.1,4.6,116.2,-46.5,0.7,-1.0,RS41-SG,403.700,12.6,250,10,2.6,,
2026-09-18T11:44:04.999Z,V3640186,7635,44.57396,7.91698,31177.3,5.9,4.7,97.5,-46.6,0.7,-1.0,RS41-SG,403.700,12.6,250,10,2.6,,
2026-09-18T11:44:05.999Z,V3640186,7636,44.57396,7.91705,31182.5,4.8,5.5,84.9,-46.6,0.7,-1.0,RS41-SG,403.700,11.5,250,10,2.6,,
2026-09-18T11:44:06.999Z,V3640186,7637,44.57396,7.91713,31187.6,5.4,6.8,83.6,-46.5,0.7,-1.0,RS41-SG,403.700,11.5,250,10,2.7,,
2026-09-18T11:44:07.999Z,V3640186,7638,44.57397,7.91722,31193.5,6.4,8.0,88.3,-46.4,0.7,-1.0,RS41-SG,403.700,12.0,250,10,2.7,,
2026-09-18T11:44:09.999Z,V3640186,7640,44.57395,7.91743,31206.2,5.2,9.1,98.5,-46.3,0.7,-1.0,RS41-SG,403.700,11.6,250,10,2.6,,
2026-09-18T11:44:10.999Z,V3640186,7641,44.57394,7.91754,31211.7,5.3,8.7,100.6,-46.2,0.7,-1.0,RS41-SG,403.700,12.2,250,10,2.6,,
2026-09-18T11:44:11.999Z,V3640186,7642,44.57393,7.91764,31217.3,6.1,7.5,99.0,-46.2,0.7,-1.0,RS41-SG,403.700,12.6,250,10,2.6,,
2026-09-18T11:44:12.999Z,V3640186,7643,44.57392,7.91773,31223.6,6.7,6.0,90.5,-46.2,0.7,-1.0,RS41-SG,403.700,12.9,250,10,2.7,,
2026-09-18T11:44:13.999Z,V3640186,7644,44.57393,7.91779,31229.8,6.0,4.7,77.7,-46.2,0.7,-1.0,RS41-SG,403.700,12.9,250,10,2.7,,
2026-09-18T11:44:14.999Z,V3640186,7645,44.57394,7.91784,31235.4,5.2,3.4,69.9,-46.2,0.7,-1.0,RS41-SG,403.700,13.5,250,10,2.7,,
2026-09-18T11:44:15.999Z,V3640186,7646,44.57394,7.91788,31241.0,5.7,2.1,73.7,-46.2,0.7,-1.0,RS41-SG,403.700,13.5,250,10,2.6,,
2026-09-18T11:44:16.999Z,V3640186,7647,44.57394,7.91790,31247.4,6.7,1.9,118.0,-46.3,0.7,-1.0,RS41-SG,403.700,11.2,250,10,2.6,,
2026-09-18T11:44:17.999Z,V3640186,7648,44.57393,7.91792,31254.4,7.0,3.5,134.4,-46.3,0.7,-1.0,RS41-SG,403.700,10.0,250,10,2.7,,
2026-09-18T11:44:18.999Z,V3640186,7649,44.57390,7.91796,31260.9,6.1,5.0,131.4,-46.3,0.7,-1.0,RS41-SG,403.700,10.6,250,10,2.7,,
2026-09-18T11:44:19.999Z,V3640186,7650,44.57387,7.91802,31266.7,5.9,6.6,118.5,-46.2,0.7,-1.0,RS41-SG,403.700,10.9,250,10,2.6,,
2026-09-18T11:44:20.999Z,V3640186,7651,44.57385,7.91811,31272.6,6.0,8.4,103.6,-46.2,0.7,-1.0,RS41-SG,403.700,11.1,250,10,2.6,,
2026-09-18T11:44:21.999Z,V3640186,7652,44.57384,7.91823,31278.7,6.1,10.2,91.0,-46.3,0.7,-1.0,RS41-SG,403.700,11.5,250,9,2.7,,
2026-09-18T11:44:22.999Z,V3640186,7653,44.57385,7.91836,31284.4,5.4,11.7,81.8,-46.3,0.7,-1.0,RS41-SG,403.700,11.9,250,9,2.7,,
2026-09-18T11:44:23.999Z,V3640186,7654,44.57387,7.91851,31289.6,4.9,12.4,75.7,-46.4,0.7,-1.0,RS41-SG,403.700,12.2,250,9,2.6,,
2026-09-18T11:44:24.999Z,V3640186,7655,44.57390,7.91866,31295.0,5.9,12.1,75.3,-46.5,0.7,-1.0,RS41-SG,403.700,12.2,250,10,2.6,,
2026-09-18T11:44:25.999Z,V3640186,7656,44.57392,7.91880,31301.7,7.2,10.6,79.6,-46.6,0.7,-1.0,RS41-SG,403.700,12.6,250,10,2.7,,
2026-09-18T11:44:26.999Z,V3640186,7657,44.57393,7.91891,31309.0,7.5,8.6,91.2,-46.5,0.7,-1.0,RS41-SG,403.700,13.4,250,10,2.7,,
2026-09-18T11:44:27.999Z,V3640186,7658,44.57392,7.91901,31315.4,5.4,7.3,105.4,-46.4,0.7,-1.0,RS41-SG,403.700,13.4,250,10,2.7,,
2026-09-18T11:44:28.999Z,V3640186,7659,44.57389,7.91909,31320.4,4.5,6.4,120.8,-46.3,0.7,-1.0,RS41-SG,403.700,12.0,250,10,2.6,,
2026-09-18T11:44:29.999Z,V3640186,7660,44.57386,7.91915,31325.1,4.8,5.7,132.5,-46.3,0.7,-1.0,RS41-SG,403.700,11.3,250,10,2.6,,
2026-09-18T11:44:30.999Z,V3640186,7661,44.57383,7.91920,31330.8,6.3,5.0,131.9,-46.2,0.7,-1.0,RS41-SG,403.700,11.3,250,10,2.6,,
2026-09-18T11:44:31.999Z,V3640186,7662,44.57380,7.91925,31337.5,7.4,4.7,120.3,-46.2,0.7,-1.0,RS41-SG,403.700,10.3,250,10,2.7,,
2026-09-18T11:44:32.999Z,V3640186,7663,44.57379,7.91931,31344.1,6.2,5.3,106.0,-46.2,0.7,-1.0,RS41-SG,403.700,10.5,250,10,2.7,,
2026-09-18T11:44:33.999Z,V3640186,7664,44.57378,7.91938,31350.1,5.4,6.7,96.3,-46.1,0.7,-1.0,RS41-SG,403.700,10.5,250,10,2.7,,
2026-09-18T11:44:34.999Z,V3640186,7665,44.57377,7.91948,31355.9,5.8,8.7,94.8,-46.1,0.7,-1.0,RS41-SG,403.700,10.3,250,10,2.6,,
2026-09-18T11:44:35.999Z,V3640186,7666,44.57376,7.91959,31362.2,6.5,10.4,96.1,-46.1,0.7,-1.0,RS41-SG,403.700,11.1,250,10,2.6,,
2026-09-18T11:44:36.999Z,V3640186,7667,44.57375,7.91973,31368.5,5.9,11.3,98.7,-46.0,0.7,-1.0,RS41-SG,403.700,12.1,250,10,2.6,,
2026-09-18T11:44:37.999Z,V3640186,7668,44.57373,7.91987,31374.3,6.0,11.5,98.6,-46.0,0.7,-1.0,RS41-SG,403.700,12.1,250,10,2.7,,
2026-09-18T11:44:38.999Z,V3640186,7669,44.57372,7.92001,31380.5,6.6,10.6,94.5,-46.1,0.7,-1.0,RS41-SG,403.700,11.8,250,10,2.7,,
2026-09-18T11:44:39.999Z,V3640186,7670,44.57372,7.92013,31387.2,6.9,9.1,86.1,-46.2,0.7,-1.0,RS41-SG,403.700,11.6,250,10,2.7,,
2026-09-18T11:44:40.999Z,V3640186,7671,44.57373,7.92024,31393.8,6.0,8.0,76.2,-46.2,0.7,-1.0,RS41-SG,403.700,11.8,250,10,2.6,,
2026-09-18T11:44:41.999Z,V3640186,7672,44.57375,7.92033,31399.4,4.9,7.0,68.4,-46.1,0.7,-1.0,RS41-SG,403.700,11.8,250,10,2.6,,
2026-09-18T11:44:42.999Z,V3640186,7673,44.57377,7.92040,31405.0,6.1,5.9,67.6,-46.1,0.7,-1.0,RS41-SG,403.700,11.7,250,10,2.6,,
2026-09-18T11:44:43.999Z,V3640186,7674,44.57379,7.92047,31411.4,6.9,5.2,79.4,-46.1,0.7,-1.0,RS41-SG,403.700,11.4,250,10,2.7,,
2026-09-18T11:44:44.999Z,V3640186,7675,44.57379,7.92053,31418.0,6.4,5.7,95.1,-46.1,0.7,-1.0,RS41-SG,403.700,10.1,250,10,2.7,,
2026-09-18T11:44:45.999Z,V3640186,7676,44.57378,7.92061,31423.8,5.2,7.0,103.8,-46.0,0.7,-1.0,RS41-SG,403.700,9.8,250,10,2.7,,
2026-09-18T11:44:46.999Z,V3640186,7677,44.57376,7.92071,31428.9,5.1,8.7,104.5,-45.9,0.7,-1.0,RS41-SG,403.700,11.9,250,10,2.6,,
2026-09-18T11:44:47.999Z,V3640186,7678,44.57374,7.92083,31434.5,5.8,10.5,98.7,-45.9,0.7,-1.0,RS41-SG,403.700,12.4,250,9,2.6,,
2026-09-18T11:44:48.999Z,V3640186,7679,44.57374,7.92097,31440.6,6.3,12.1,90.3,-46.0,0.7,-1.0,RS41-SG,403.700,12.7,250,10,2.7,,
2026-09-18T11:44:49.999Z,V3640186,7680,44.57374,7.92112,31446.5,5.6,13.0,84.4,-46.1,0.7,-1.0,RS41-SG,403.700,12.7,250,10,2.7,,
2026-09-18T11:44:50.999Z,V3640186,7681,44.57376,7.92129,31452.0,5.1,13.2,79.7,-46.2,0.7,-1.0,RS41-SG,403.700,12.6,250,10,2.6,,
2026-09-18T11:44:51.999Z,V3640186,7682,44.57378,7.92145,31457.8,6.4,12.7,78.1,-46.2,0.7,-1.0,RS41-SG,403.700,12.5,250,10,2.6,,
2026-09-18T11:44:52.999Z,V3640186,7683,44.57380,7.92159,31464.9,7.6,11.3,79.9,-46.1,0.7,-1.0,RS41-SG,403.700,12.2,250,10,2.7,,
2026-09-18T11:44:53.999Z,V3640186,7684,44.57382,7.92173,31471.7,6.2,10.2,84.4,-46.1,0.7,-1.0,RS41-SG,403.700,11.7,250,10,2.7,,
2026-09-18T11:44:54.999Z,V3640186,7685,44.57382,7.92185,31477.3,5.3,9.2,88.4,-46.1,0.7,-1.0,RS41-SG,403.700,11.8,250,10,2.6,,
2026-09-18T11:44:55.999Z,V3640186,7686,44.57382,7.92196,31483.0,5.8,8.6,89.2,-46.1,0.7,-1.0,RS41-SG,403.700,11.8,250,10,2.6,,
2026-09-18T11:44:56.999Z,V3640186,7687,44.57383,7.92206,31489.2,6.5,8.4,84.3,-46.1,0.7,-1.0,RS41-SG,403.700,11.7,250,10,2.7,,
2026-09-18T11:44:57.999Z,V3640186,7688,44.57384,7.92217,31495.7,6.7,8.7,79.3,-46.0,0.7,-1.0,RS41-SG,403.700,10.6,250,10,2.7,,
2026-09-18T11:44:58.999Z,V3640186,7689,44.57385,7.92228,31502.2,6.4,9.7,77.3,-45.9,0.7,-1.0,RS41-SG,403.700,9.4,250,10,2.7,,
2026-09-18T11:44:59.999Z,V3640186,7690,44.57387,7.92241,31508.4,6.1,11.4,78.4,-45.9,0.7,-1.0,RS41-SG,403.700,10.3,250,10,2.6,,
2026-09-18T11:45:00.999Z,V3640186,7691,44.57389,7.92257,31514.5,5.9,13.2,83.1,-45.8,0.7,-1.0,RS41-SG,403.700,11.2,250,10,2.6,,
2026-09-18T11:45:01.999Z,V3640186,7692,44.57390,7.92274,31520.5,6.1,14.9,87.7,-45.8,0.7,-1.0,RS41-SG,403.700,11.6,250,10,2.6,,
2026-09-18T11:45:02.999Z,V3640186,7693,44.57390,7.92293,31526.6,6.5,16.0,91.2,-45.8,0.7,-1.0,RS41-SG,403.700,11.6,250,9,2.7,,
2026-09-18T11:45:03.999Z,V3640186,7694,44.57390,7.92313,31533.0,6.4,16.1,93.4,-45.7,0.7,-1.0,RS41-SG,403.700,11.3,250,10,2.7,,
2026-09-18T11:45:04.999Z,V3640186,7695,44.57389,7.92333,31539.3,6.1,15.3,93.3,-45.6,0.7,-1.0,RS41-SG,403.700,11.3,250,10,2.7,,
2026-09-18T11:45:05.999Z,V3640186,7696,44.57388,7.92351,31545.4,6.1,13.7,90.3,-45.6,0.7,-1.0,RS41-SG,403.700,10.7,250,10,2.6,,
2026-09-18T11:45:06.999Z,V3640186,7697,44.57389,7.92367,31551.6,6.2,11.9,82.2,-45.5,0.7,-1.0,RS41-SG,403.700,11.2,250,10,2.6,,
2026-09-18T11:45:07.999Z,V3640186,7698,44.57391,7.92381,31557.6,5.8,10.5,71.5,-45.5,0.7,-1.0,RS41-SG,403.700,11.5,250,10,2.6,,
2026-09-18T11:45:08.999Z,V3640186,7699,44.57395,7.92393,31562.9,4.4,10.2,62.5,-45.5,0.6,-1.0,RS41-SG,403.700,11.5,250,10,2.7,,
2026-09-18T11:45:09.999Z,V3640186,7700,44.57400,7.92404,31567.6,5.3,10.5,57.4,-45.4,0.7,-1.0,RS41-SG,403.700,11.5,250,10,2.7,,
2026-09-18T11:45:10.999Z,V3640186,7701,44.57404,7.92415,31573.6,7.1,11.0,61.7,-45.4,0.7,-1.0,RS41-SG,403.700,11.6,250,9,2.7,,
2026-09-18T11:45:11.999Z,V3640186,7702,44.57408,7.92428,31580.8,7.3,11.5,71.9,-45.4,0.7,-1.0,RS41-SG,403.700,11.8,250,9,2.6,,
2026-09-18T11:45:12.999Z,V3640186,7703,44.57411,7.92443,31587.0,5.2,12.1,79.9,-45.5,0.7,-1.0,RS41-SG,403.700,11.8,250,9,2.6,,
2026-09-18T11:45:13.999Z,V3640186,7704,44.57412,7.92458,31592.0,5.1,12.8,86.6,-45.5,0.7,-1.0,RS41-SG,403.700,11.7,250,9,2.7,,
2026-09-18T11:45:14.999Z,V3640186,7705,44.57412,7.92474,31597.7,6.2,13.2,89.4,-45.5,0.6,-1.0,RS41-SG,403.700,10.9,250,10,2.7,,
2026-09-18T11:45:15.999Z,V3640186,7706,44.57413,7.92491,31604.4,7.1,13.0,87.8,-45.4,0.7,-1.0,RS41-SG,403.700,11.1,250,10,2.6,,
2026-09-18T11:45:16.999Z,V3640186,7707,44.57413,7.92507,31610.9,6.0,12.4,84.6,-45.3,0.7,-1.0,RS41-SG,403.700,11.1,250,10,2.6,,
2026-09-18T11:45:17.999Z,V3640186,7708,44.57415,7.92521,31616.7,5.6,11.5,81.0,-45.2,0.7,-1.0,RS41-SG,403.700,11.0,250,10,2.7,,
2026-09-18T11:45:18.999Z,V3640186,7709,44.57416,7.92535,31622.6,6.2,10.1,80.6,-45.2,0.7,-1.0,RS41-SG,403.700,11.0,250,10,2.7,,
2026-09-18T11:45:19.999Z,V3640186,7710,44.57418,7.92547,31629.2,6.8,9.1,80.7,-45.2,0.7,-1.0,RS41-SG,403.700,10.8,250,10,2.6,,
2026-09-18T11:45:20.999Z,V3640186,7711,44.57419,7.92557,31635.6,5.7,8.5,80.4,-45.1,0.7,-1.0,RS41-SG,403.700,11.4,250,10,2.6,,
2026-09-18T11:45:21.999Z,V3640186,7712,44.57421,7.92568,31641.2,5.5,8.2,75.9,-45.2,0.7,-1.0,RS41-SG,403.700,11.6,250,10,2.7,,
2026-09-18T11:45:22.999Z,V3640186,7713,44.57423,7.92578,31646.7,5.9,8.5,68.0,-45.2,0.7,-1.0,RS41-SG,403.700,11.6,250,10,2.7,,
2026-09-18T11:45:23.999Z,V3640186,7714,44.57426,7.92588,31653.0,6.6,9.1,60.9,-45.1,0.7,-1.0,RS41-SG,403.700,10.5,250,10,2.7,,
2026-09-18T11:45:24.999Z,V3640186,7715,44.57431,7.92598,31659.4,5.9,10.0,58.8,-45.1,0.6,-1.0,RS41-SG,403.700,10.5,250,10,2.6,,
2026-09-18T11:45:25.999Z,V3640186,7716,44.57435,7.92609,31665.1,5.4,10.8,60.7,-45.0,0.6,-1.0,RS41-SG,403.700,10.1,250,10,2.6,,
2026-09-18T11:45:26.999Z,V3640186,7717,44.57440,7.92622,31671.3,6.7,11.4,68.3,-44.9,0.7,-1.0,RS41-SG,403.700,10.4,250,10,2.6,,
2026-09-18T11:45:27.999Z,V3640186,7718,44.57442,7.92636,31678.2,7.4,12.0,80.1,-45.0,0.7,-1.0,RS41-SG,403.700,12.2,250,10,2.7,,
2026-09-18T11:45:28.999Z,V3640186,7719,44.57443,7.92651,31684.6,5.6,12.6,90.1,-45.0,0.6,-1.0,RS41-SG,403.700,12.2,250,10,2.7,,
2026-09-18T11:45:29.999Z,V3640186,7720,44.57443,7.92667,31689.4,4.3,13.4,96.4,-44.9,0.6,-1.0,RS41-SG,403.700,10.5,250,10,2.7,,
2026-09-18T11:45:30.999Z,V3640186,7721,44.57441,7.92684,31693.9,4.7,13.9,99.1,-44.7,0.6,-1.0,RS41-SG,403.700,11.2,250,10,2.6,,
2026-09-18T11:45:31.999Z,V3640186,7722,44.57439,7.92701,31699.6,6.3,13.8,96.7,-44.6,0.6,-1.0,RS41-SG,403.700,12.0,250,10,2.6,,
2026-09-18T11:45:32.999Z,V3640186,7723,44.57439,7.92718,31706.3,7.2,13.2,90.8,-44.6,0.6,-1.0,RS41-SG,403.700,12.0,250,10,2.6,,
2026-09-18T11:45:33.999Z,V3640186,7724,44.57439,7.92734,31712.6,5.5,12.6,84.3,-44.7,0.7,-1.0,RS41-SG,403.700,10.9,250,10,2.7,,
2026-09-18T11:45:34.999Z,V3640186,7725,44.57441,7.92750,31717.7,5.0,11.8,80.0,-44.7,0.6,-1.0,RS41-SG,403.700,10.9,250,10,2.7,,
2026-09-18T11:45:35.999Z,V3640186,7726,44.57442,7.92763,31723.3,5.9,10.9,78.4,-44.7,0.6,-1.0,RS41-SG,403.700,9.9,250,10,2.7,,
2026-09-18T11:45:36.999Z,V3640186,7727,44.57444,7.92777,31729.7,6.9,10.2,82.3,-44.7,0.6,-1.0,RS41-SG,403.700,9.5,250,10,2.6,,
2026-09-18T11:45:37.999Z,V3640186,7728,44.57445,7.92789,31736.3,5.7,10.2,87.4,-44.6,0.7,-1.0,RS41-SG,403.700,11.8,250,10,2.6,,
2026-09-18T11:45:38.999Z,V3640186,7729,44.57445,7.92802,31741.9,5.5,10.7,92.8,-44.6,0.6,-1.0,RS41-SG,403.700,11.8,250,10,2.7,,
2026-09-18T11:45:39.999Z,V3640186,7730,44.57444,7.92817,31747.7,6.2,12.2,94.3,-44.7,0.6,-1.0,RS41-SG,403.700,11.8,250,10,2.7,,
2026-09-18T11:45:40.999Z,V3640186,7731,44.57444,7.92833,31754.2,7.0,14.1,92.8,-44.9,0.6,-1.0,RS41-SG,403.700,11.7,250,10,2.6,,
2026-09-18T11:45:41.999Z,V3640186,7732,44.57443,7.92852,31760.6,6.0,15.8,89.6,-44.9,0.7,-1.0,RS41-SG,403.700,10.1,250,10,2.6,,
2026-09-18T11:45:42.999Z,V3640186,7733,44.57444,7.92873,31766.2,5.3,17.1,88.8,-44.8,0.7,-1.0,RS41-SG,403.700,10.1,250,10,2.7,,
2026-09-18T11:45:43.999Z,V3640186,7734,44.57444,7.92895,31771.6,5.4,18.3,88.8,-44.7,0.6,-1.0,RS41-SG,403.700,10.9,250,10,2.7,,
2026-09-18T11:45:44.999Z,V3640186,7735,44.57444,7.92918,31777.5,6.2,18.8,91.4,-44.8,0.7,-1.0,RS41-SG,403.700,10.9,250,10,2.6,,
2026-09-18T11:45:45.999Z,V3640186,7736,44.57443,7.92941,31783.5,6.2,18.7,94.3,-44.8,0.7,-1.0,RS41-SG,403.700,11.5,250,10,2.6,,
2026-09-18T11:45:46.999Z,V3640186,7737,44.57442,7.92964,31789.6,5.7,18.3,96.1,-44.7,0.7,-1.0,RS41-SG,403.700,11.5,250,10,2.7,,
2026-09-18T11:45:47.999Z,V3640186,7738,44.57440,7.92987,31795.4,6.2,17.5,95.3,-44.5,0.7,-1.0,RS41-SG,403.700,11.5,250,10,2.7,,
2026-09-18T11:45:48.999Z,V3640186,7739,44.57439,7.93008,31801.8,6.3,16.5,91.2,-44.6,0.6,-1.0,RS41-SG,403.700,11.5,250,10,2.7,,
2026-09-18T11:45:49.999Z,V3640186,7740,44.57440,7.93028,31808.3,6.7,15.6,85.3,-44.6,0.6,-1.0,RS41-SG,403.700,10.2,250,10,2.6,,
2026-09-18T11:45:50.999Z,V3640186,7741,44.57441,7.93047,31814.6,5.5,14.9,81.0,-44.5,0.6,-1.0,RS41-SG,403.700,10.3,250,10,2.6,,
2026-09-18T11:45:51.999Z,V3640186,7742,44.57444,7.93065,31819.9,5.0,14.2,78.3,-44.4,0.6,-1.0,RS41-SG,403.700,10.6,250,10,2.6,,
2026-09-18T11:45:52.999Z,V3640186,7743,44.57446,7.93082,31825.3,5.8,13.4,80.4,-44.5,0.6,-1.0,RS41-SG,403.700,10.6,250,10,2.7,,
2026-09-18T11:45:53.999Z,V3640186,7744,44.57447,7.93099,31831.3,6.7,13.0,86.9,-44.3,0.6,-1.0,RS41-SG,403.700,9.6,250,10,2.7,,
2026-09-18T11:45:54.999Z,V3640186,7745,44.57447,7.93115,31838.0,6.6,13.1,96.8,-44.3,0.6,-1.0,RS41-SG,403.700,10.6,250,10,2.7,,
2026-09-18T11:45:55.999Z,V3640186,7746,44.57445,7.93131,31843.9,5.0,13.6,103.2,-44.3,0.6,-1.0,RS41-SG,403.700,10.6,250,10,2.6,,
2026-09-18T11:45:56.999Z,V3640186,7747,44.57441,7.93148,31848.9,4.5,14.5,107.0,-44.3,0.6,-1.0,RS41-SG,403.700,10.4,250,10,2.6,,
2026-09-18T11:45:57.999Z,V3640186,7748,44.57438,7.93166,31854.1,6.0,15.4,105.6,-44.2,0.6,-1.0,RS41-SG,403.700,11.4,250,10,2.6,,
2026-09-18T11:45:58.999Z,V3640186,7749,44.57435,7.93185,31860.6,7.1,16.2,100.9,-44.2,0.6,-1.0,RS41-SG,403.700,11.4,250,10,2.7,,
2026-09-18T11:45:59.999Z,V3640186,7750,44.57433,7.93206,31867.2,6.2,17.2,95.2,-44.3,0.6,-1.0,RS41-SG,403.700,11.1,250,10,2.7,,
2026-09-18T11:46:00.999Z,V3640186,7751,44.57432,7.93228,31872.8,5.1,18.1,90.9,-44.3,0.6,-1.0,RS41-SG,403.700,9.6,250,10,2.7,,
2026-09-18T11:46:01.999Z,V3640186,7752,44.57432,7.93252,31878.4,5.8,19.1,89.1,-44.2,0.6,-1.0,RS41-SG,403.700,10.9,250,10,2.6,,
2026-09-18T11:46:02.999Z,V3640186,7753,44.57432,7.93276,31884.6,6.6,19.6,90.0,-44.3,0.6,-1.0,RS41-SG,403.700,10.9,250,10,2.6,,
2026-09-18T11:46:03.999Z,V3640186,7754,44.57431,7.93300,31891.2,6.4,19.6,92.5,-44.3,0.6,-1.0,RS41-SG,403.700,10.2,250,10,2.7,,
2026-09-18T11:46:04.999Z,V3640186,7755,44.57430,7.93325,31896.9,5.2,19.1,95.2,-44.3,0.6,-1.0,RS41-SG,403.700,10.8,250,10,2.7,,
2026-09-18T11:46:05.999Z,V3640186,7756,44.57429,7.93348,31902.5,5.9,18.2,97.1,-44.3,0.6,-1.0,RS41-SG,403.700,10.8,250,10,2.6,,
2026-09-18T11:46:06.999Z,V3640186,7757,44.57427,7.93370,31908.8,6.7,17.4,97.4,-44.3,0.7,-1.0,RS41-SG,403.700,10.7,250,10,2.6,,
2026-09-18T11:46:07.999Z,V3640186,7758,44.57425,7.93391,31915.2,6.0,16.7,97.4,-44.3,0.6,-1.0,RS41-SG,403.700,11.0,250,10,2.7,,
2026-09-18T11:46:08.999Z,V3640186,7759,44.57423,7.93411,31920.8,5.5,16.1,98.3,-44.3,0.6,-1.0,RS41-SG,403.700,11.5,250,10,2.7,,
2026-09-18T11:46:09.999Z,V3640186,7760,44.57420,7.93431,31926.5,6.0,15.6,101.1,-44.3,0.6,-1.0,RS41-SG,403.700,11.5,250,10,2.7,,
2026-09-18T11:46:10.999Z,V3640186,7761,44.57417,7.93450,31932.8,6.3,15.6,105.6,-44.2,0.6,-1.0,RS41-SG,403.700,12.9,250,10,2.6,,
2026-09-18T11:46:11.999Z,V3640186,7762,44.57413,7.93469,31938.9,5.8,15.9,108.4,-44.2,0.6,-1.0,RS41-SG,403.700,12.9,250,10,2.6,,
2026-09-18T11:46:12.999Z,V3640186,7763,44.57408,7.93488,31944.9,5.8,16.5,108.8,-44.1,0.6,-1.0,RS41-SG,403.700,11.0,250,10,2.6,,
2026-09-18T11:46:13.999Z,V3640186,7764,44.57404,7.93508,31951.0,6.9,16.9,104.1,-44.1,0.6,-1.0,RS41-SG,403.700,13.1,250,10,2.7,,
2026-09-18T11:46:14.999Z,V3640186,7765,44.57401,7.93529,31957.6,6.7,17.6,97.1,-44.1,0.6,-1.0,RS41-SG,403.700,13.1,250,10,2.7,,
2026-09-18T11:46:15.999Z,V3640186,7766,44.57400,7.93552,31963.8,5.7,18.2,90.4,-44.1,0.6,-1.0,RS41-SG,403.700,11.2,250,10,2.7,,
2026-09-18T11:46:16.999Z,V3640186,7767,44.57401,7.93575,31969.1,4.6,18.9,84.9,-44.0,0.6,-1.0,RS41-SG,403.700,12.8,250,10,2.6,,
2026-09-18T11:46:17.999Z,V3640186,7768,44.57403,7.93598,31973.6,4.1,19.3,82.2,-44.1,0.6,-1.0,RS41-SG,403.700,12.8,250,9,2.6,,
2026-09-18T11:46:18.999Z,V3640186,7769,44.57405,7.93622,31978.5,5.5,19.0,83.8,-44.0,0.6,-1.0,RS41-SG,403.700,11.6,250,9,2.6,,
2026-09-18T11:46:19.999Z,V3640186,7770,44.57406,7.93646,31984.6,6.8,18.5,88.5,-43.9,0.6,-1.0,RS41-SG,403.700,12.3,250,10,2.7,,
2026-09-18T11:46:20.999Z,V3640186,7771,44.57406,7.93668,31991.4,7.1,17.9,95.4,-44.0,0.6,-1.0,RS41-SG,403.700,12.3,250,10,2.7,,
2026-09-18T11:46:21.999Z,V3640186,7772,44.57403,7.93690,31997.6,5.1,17.5,101.1,-43.9,0.6,-1.0,RS41-SG,403.700,12.3,250,10,2.7,,
2026-09-18T11:46:22.999Z,V3640186,7773,44.57400,7.93711,32002.4,4.4,17.2,106.5,-43.8,0.6,-1.0,RS41-SG,403.700,12.3,250,10,2.6,,
2026-09-18T11:46:23.999Z,V3640186,7774,44.57395,7.93731,32007.4,5.7,16.5,108.7,-43.8,0.6,-1.0,RS41-SG,403.700,11.8,250,10,2.6,,
2026-09-18T11:46:24.999Z,V3640186,7775,44.57391,7.93750,32014.1,7.2,15.4,106.7,-43.8,0.6,-1.0,RS41-SG,403.700,12.6,250,10,2.7,,
2026-09-18T11:46:25.999Z,V3640186,7776,44.57387,7.93769,32020.8,6.3,14.6,101.9,-43.8,0.6,-1.0,RS41-SG,403.700,12.6,250,10,2.7,,
2026-09-18T11:46:26.999Z,V3640186,7777,44.57385,7.93786,32026.2,4.6,14.2,96.8,-43.7,0.6,-1.0,RS41-SG,403.700,12.5,250,9,2.6,,
2026-09-18T11:46:27.999Z,V3640186,7778,44.57384,7.93804,32031.1,5.0,14.3,91.9,-43.6,0.6,-1.0,RS41-SG,403.700,12.5,250,10,2.6,,
2026-09-18T11:46:28.999Z,V3640186,7779,44.57384,7.93822,32036.4,5.6,14.6,90.4,-43.7,0.6,-1.0,RS41-SG,403.700,12.0,250,10,2.7,,
2026-09-18T11:46:29.999Z,V3640186,7780,44.57384,7.93841,32042.1,6.0,14.8,91.7,-43.6,0.6,-1.0,RS41-SG,403.700,12.3,250,10,2.7,,
2026-09-18T11:46:30.999Z,V3640186,7781,44.57383,7.93860,32047.7,5.6,15.0,92.8,-43.6,0.6,-1.0,RS41-SG,403.700,12.4,250,10,2.7,,
2026-09-18T11:46:31.999Z,V3640186,7782,44.57383,7.93878,32053.2,5.4,14.9,92.9,-43.6,0.6,-1.0,RS41-SG,403.700,12.4,250,10,2.6,,
2026-09-18T11:46:32.999Z,V3640186,7783,44.57382,7.93897,32058.7,5.6,14.4,90.7,-43.5,0.6,-1.0,RS41-SG,403.700,13.0,250,10,2.6,,
2026-09-18T11:46:33.999Z,V3640186,7784,44.57382,7.93914,32064.7,6.3,14.0,87.3,-43.7,0.6,-1.0,RS41-SG,403.700,13.0,250,10,2.6,,
2026-09-18T11:46:34.999Z,V3640186,7785,44.57383,7.93932,32070.9,6.4,14.1,84.4,-43.6,0.6,-1.0,RS41-SG,403.700,12.7,250,10,2.7,,
2026-09-18T11:46:35.999Z,V3640186,7786,44.57385,7.93950,32076.9,5.6,14.3,83.4,-43.6,0.6,-1.0,RS41-SG,403.700,12.7,250,10,2.7,,
2026-09-18T11:46:36.999Z,V3640186,7787,44.57386,7.93968,32082.4,5.5,15.0,85.3,-43.7,0.6,-1.0,RS41-SG,403.700,12.3,250,10,2.7,,
2026-09-18T11:46:37.999Z,V3640186,7788,44.57387,7.93987,32088.2,5.9,15.8,89.4,-43.7,0.6,-1.0,RS41-SG,403.700,12.3,250,10,2.6,,
2026-09-18T11:46:38.999Z,V3640186,7789,44.57386,7.94007,32094.5,6.2,16.7,94.0,-43.7,0.6,-1.0,RS41-SG,403.700,12.3,250,10,2.6,,
2026-09-18T11:46:39.999Z,V3640186,7790,44.57385,7.94029,32100.5,5.7,17.4,98.0,-43.7,0.6,-1.0,RS41-SG,403.700,12.0,250,9,2.6,,
2026-09-18T11:46:40.999Z,V3640186,7791,44.57382,7.94050,32105.8,5.2,17.4,99.0,-43.7,0.6,-1.0,RS41-SG,403.700,12.0,250,10,2.7,,
2026-09-18T11:46:41.999Z,V3640186,7792,44.57380,7.94071,32111.2,6.0,16.8,96.3,-43.8,0.6,-1.0,RS41-SG,403.700,12.1,250,10,2.7,,
2026-09-18T11:46:42.999Z,V3640186,7793,44.57379,7.94092,32117.6,6.8,15.5,90.1,-43.7,0.6,-1.0,RS41-SG,403.700,12.5,250,9,2.7,,
2026-09-18T11:46:43.999Z,V3640186,7794,44.57381,7.94110,32124.1,6.2,14.3,80.6,-43.8,0.6,-1.0,RS41-SG,403.700,12.5,250,9,2.6,,
2026-09-18T11:46:44.999Z,V3640186,7795,44.57383,7.94127,32129.9,5.1,13.5,73.9,-43.7,0.6,-1.0,RS41-SG,403.700,11.6,250,9,2.6,,
2026-09-18T11:46:45.999Z,V3640186,7796,44.57387,7.94142,32135.3,5.7,12.6,69.2,-43.7,0.6,-1.0,RS41-SG,403.700,11.4,250,10,2.7,,
2026-09-18T11:46:46.999Z,V3640186,7797,44.57391,7.94157,32141.6,6.9,11.8,70.9,-43.7,0.6,-1.0,RS41-SG,403.700,11.4,250,10,2.7,,
2026-09-18T11:46:47.999Z,V3640186,7798,44.57393,7.94171,32148.5,7.1,11.4,78.7,-43.6,0.6,-1.0,RS41-SG,403.700,11.0,250,10,2.6,,
2026-09-18T11:46:48.999Z,V3640186,7799,44.57395,7.94185,32154.8,5.3,11.4,85.9,-43.6,0.6,-1.0,RS41-SG,403.700,12.0,250,10,2.6,,
2026-09-18T11:46:49.999Z,V3640186,7800,44.57395,7.94200,32160.0,5.2,12.1,93.9,-43.6,0.6,-1.0,RS41-SG,403.700,12.0,250,10,2.7,,
2026-09-18T11:46:50.999Z,V3640186,7801,44.57393,7.94215,32165.6,6.2,12.7,98.2,-43.5,0.6,-1.0,RS41-SG,403.700,11.3,250,10,2.7,,
2026-09-18T11:46:51.999Z,V3640186,7802,44.57392,7.94231,32172.1,7.0,13.4,97.7,-43.6,0.6,-1.0,RS41-SG,403.700,11.3,250,10,2.7,,
2026-09-18T11:46:52.999Z,V3640186,7803,44.57390,7.94248,32178.5,5.7,14.0,97.1,-43.6,0.6,-1.0,RS41-SG,403.700,10.7,250,10,2.6,,
2026-09-18T11:46:53.999Z,V3640186,7804,44.57389,7.94266,32184.4,5.5,14.5,96.6,-43.5,0.6,-1.0,RS41-SG,403.700,10.8,250,10,2.6,,
2026-09-18T11:46:54.999Z,V3640186,7805,44.57387,7.94284,32190.1,6.1,15.3,97.6,-43.5,0.6,-1.0,RS41-SG,403.700,10.8,250,10,2.6,,
2026-09-18T11:46:55.999Z,V3640186,7806,44.57385,7.94304,32196.3,6.5,15.6,99.5,-43.4,0.6,-1.0,RS41-SG,403.700,10.1,250,10,2.7,,
2026-09-18T11:46:56.999Z,V3640186,7807,44.57382,7.94323,32202.5,6.0,15.4,101.1,-43.3,0.6,-1.0,RS41-SG,403.700,10.7,250,10,2.7,,
2026-09-18T11:46:57.999Z,V3640186,7808,44.57380,7.94341,32208.4,6.0,14.4,100.8,-43.3,0.6,-1.0,RS41-SG,403.700,11.0,250,10,2.7,,
2026-09-18T11:46:58.999Z,V3640186,7809,44.57378,7.94358,32214.6,6.1,12.6,98.9,-43.2,0.6,-1.0,RS41-SG,403.700,11.0,250,10,2.6,,
2026-09-18T11:46:59.999Z,V3640186,7810,44.57377,7.94372,32220.5,5.7,10.7,93.0,-43.2,0.6,-1.0,RS41-SG,403.700,10.9,250,9,2.6,,
2026-09-18T11:47:00.999Z,V3640186,7811,44.57377,7.94384,32226.0,5.2,8.8,88.2,-43.1,0.6,-1.0,RS41-SG,403.700,11.9,250,10,2.6,,
2026-09-18T11:47:01.999Z,V3640186,7812,44.57377,7.94394,32231.2,4.9,7.3,85.5,-43.0,0.6,-1.0,RS41-SG,403.700,12.7,250,10,2.7,,
2026-09-18T11:47:02.999Z,V3640186,7813,44.57377,7.94403,32236.5,5.7,6.5,93.2,-43.0,0.6,-1.0,RS41-SG,403.700,12.7,250,10,2.7,,
2026-09-18T11:47:03.999Z,V3640186,7814,44.57376,7.94411,32242.7,6.7,7.0,107.5,-42.9,0.6,-1.0,RS41-SG,403.700,10.9,250,9,2.7,,
2026-09-18T11:47:04.999Z,V3640186,7815,44.57373,7.94420,32249.6,7.0,8.8,118.5,-42.7,0.6,-1.0,RS41-SG,403.700,13.0,250,10,2.6,,
2026-09-18T11:47:05.999Z,V3640186,7816,44.57369,7.94431,32255.7,5.2,10.5,121.5,-42.6,0.5,-1.0,RS41-SG,403.700,13.0,250,10,2.6,,
2026-09-18T11:47:06.999Z,V3640186,7817,44.57363,7.94443,32260.6,4.6,12.1,121.1,-42.5,0.6,-1.0,RS41-SG,403.700,12.4,250,10,2.7,,
2026-09-18T11:47:07.999Z,V3640186,7818,44.57358,7.94457,32265.6,5.6,13.4,117.1,-42.3,0.6,-1.0,RS41-SG,403.700,12.4,250,10,2.7,,
2026-09-18T11:47:08.999Z,V3640186,7819,44.57353,7.94472,32271.7,6.4,13.9,110.1,-42.2,0.5,-1.0,RS41-SG,403.700,11.4,250,10,2.6,,
2026-09-18T11:47:09.999Z,V3640186,7820,44.57350,7.94489,32278.3,6.3,14.0,101.4,-42.1,0.6,-1.0,RS41-SG,403.700,10.9,250,10,2.6,,
2026-09-18T11:47:10.999Z,V3640186,7821,44.57348,7.94506,32283.9,4.9,13.8,95.9,-42.0,0.5,-1.0,RS41-SG,403.700,10.9,250,10,2.7,,
2026-09-18T11:47:11.999Z,V3640186,7822,44.57347,7.94523,32288.7,4.8,13.8,94.0,-42.0,0.5,-1.0,RS41-SG,403.700,9.8,250,10,2.7,,
2026-09-18T11:47:12.999Z,V3640186,7823,44.57346,7.94540,32294.1,5.8,13.2,95.1,-41.8,0.5,-1.0,RS41-SG,403.700,12.4,250,10,2.7,,
2026-09-18T11:47:13.999Z,V3640186,7824,44.57344,7.94556,32300.5,6.5,12.9,99.7,-41.8,0.5,-1.0,RS41-SG,403.700,12.4,250,10,2.6,,
2026-09-18T11:47:14.999Z,V3640186,7825,44.57342,7.94572,32306.9,6.2,12.8,106.2,-41.8,0.5,-1.0,RS41-SG,403.700,11.6,250,10,2.6,,
2026-09-18T11:47:15.999Z,V3640186,7826,44.57338,7.94587,32312.6,5.2,12.9,111.6,-41.6,0.5,-1.0,RS41-SG,403.700,12.6,250,10,2.6,,
2026-09-18T11:47:16.999Z,V3640186,7827,44.57333,7.94602,32317.8,5.6,12.7,113.7,-41.6,0.5,-1.0,RS41-SG,403.700,12.6,250,10,2.7,,
2026-09-18T11:47:17.999Z,V3640186,7828,44.57329,7.94616,32323.6,6.2,12.2,113.2,-41.6,0.5,-1.0,RS41-SG,403.700,12.2,250,10,2.7,,
2026-09-18T11:47:18.999Z,V3640186,7829,44.57325,7.94630,32330.0,6.9,11.5,109.4,-41.5,0.5,-1.0,RS41-SG,403.700,12.5,250,10,2.7,,
2026-09-18T11:47:19.999Z,V3640186,7830,44.57322,7.94644,32336.1,5.4,11.0,105.1,-41.5,0.5,-1.0,RS41-SG,403.700,12.5,250,10,2.6,,
2026-09-18T11:47:20.999Z,V3640186,7831,44.57320,7.94657,32341.4,5.0,11.0,102.9,-41.4,0.5,-1.0,RS41-SG,403.700,11.5,250,10,2.6,,
2026-09-18T11:47:21.999Z,V3640186,7832,44.57317,7.94671,32346.8,5.9,11.4,104.2,-41.4,0.5,-1.0,RS41-SG,403.700,11.7,250,10,2.6,,
2026-09-18T11:47:22.999Z,V3640186,7833,44.57314,7.94685,32353.3,6.8,12.7,108.1,-41.4,0.5,-1.0,RS41-SG,403.700,11.7,250,10,2.7,,
2026-09-18T11:47:23.999Z,V3640186,7834,44.57310,7.94700,32359.8,6.4,13.7,112.4,-41.4,0.5,-1.0,RS41-SG,403.700,12.0,250,10,2.7,,
2026-09-18T11:47:24.999Z,V3640186,7835,44.57305,7.94717,32365.4,4.8,14.6,113.4,-41.4,0.5,-1.0,RS41-SG,403.700,12.0,250,10,2.7,,
2026-09-18T11:47:25.999Z,V3640186,7836,44.57300,7.94734,32370.4,5.4,14.9,113.4,-41.4,0.5,-1.0,RS41-SG,403.700,10.5,250,10,2.6,,
2026-09-18T11:47:26.999Z,V3640186,7837,44.57295,7.94751,32376.3,6.4,14.6,110.3,-41.4,0.5,-1.0,RS41-SG,403.700,11.3,250,10,2.6,,
2026-09-18T11:47:27.999Z,V3640186,7838,44.57291,7.94768,32382.9,6.6,13.7,104.8,-41.5,0.5,-1.0,RS41-SG,403.700,11.3,250,10,2.7,,
2026-09-18T11:47:28.999Z,V3640186,7839,44.57289,7.94784,32388.9,5.3,13.3,100.9,-41.5,0.5,-1.0,RS41-SG,403.700,11.6,250,10,2.7,,
2026-09-18T11:47:29.999Z,V3640186,7840,44.57287,7.94800,32394.3,5.4,12.9,99.3,-41.5,0.5,-1.0,RS41-SG,403.700,11.6,250,10,2.7,,
2026-09-18T11:47:30.999Z,V3640186,7841,44.57285,7.94816,32400.1,5.9,13.1,101.4,-41.6,0.5,-1.0,RS41-SG,403.700,10.8,250,9,2.6,,
2026-09-18T11:47:31.999Z,V3640186,7842,44.57282,7.94833,32406.4,6.6,13.5,106.2,-41.5,0.5,-1.0,RS41-SG,403.700,12.1,250,10,2.6,,
2026-09-18T11:47:32.999Z,V3640186,7843,44.57278,7.94849,32413.0,6.3,14.2,112.1,-41.6,0.5,-1.0,RS41-SG,403.700,12.1,250,10,2.6,,
2026-09-18T11:47:33.999Z,V3640186,7844,44.57272,7.94866,32418.5,5.1,14.8,115.9,-41.6,0.6,-1.0,RS41-SG,403.700,10.7,250,10,2.7,,
2026-09-18T11:47:34.999Z,V3640186,7845,44.57266,7.94882,32423.8,5.4,15.2,117.8,-41.6,0.5,-1.0,RS41-SG,403.700,10.7,250,10,2.7,,
2026-09-18T11:47:35.999Z,V3640186,7846,44.57260,7.94899,32429.4,6.1,14.9,116.9,-41.7,0.5,-1.0,RS41-SG,403.700,10.5,250,10,2.7,,
2026-09-18T11:47:36.999Z,V3640186,7847,44.57254,7.94916,32435.7,6.4,14.5,114.2,-41.7,0.6,-1.0,RS41-SG,403.700,11.0,250,10,2.6,,
2026-09-18T11:47:37.999Z,V3640186,7848,44.57250,7.94932,32442.3,6.4,13.9,110.5,-41.8,0.6,-1.0,RS41-SG,403.700,11.0,250,10,2.6,,
2026-09-18T11:47:38.999Z,V3640186,7849,44.57246,7.94949,32448.5,6.4,13.8,107.4,-41.8,0.5,-1.0,RS41-SG,403.700,11.2,250,10,2.6,,
2026-09-18T11:47:39.999Z,V3640186,7850,44.57242,7.94965,32454.7,6.3,14.0,105.6,-41.7,0.5,-1.0,RS41-SG,403.700,11.5,250,10,2.7,,
2026-09-18T11:47:40.999Z,V3640186,7851,44.57239,7.94982,32461.2,6.8,14.4,106.1,-41.8,0.6,-1.0,RS41-SG,403.700,11.5,250,10,2.7,,
2026-09-18T11:47:41.999Z,V3640186,7852,44.57235,7.95000,32467.8,6.4,14.3,108.3,-41.8,0.5,-1.0,RS41-SG,403.700,11.5,250,10,2.7,,
2026-09-18T11:47:42.999Z,V3640186,7853,44.57230,7.95016,32473.9,5.7,13.8,111.7,-41.8,0.6,-1.0,RS41-SG,403.700,11.5,250,10,2.6,,
2026-09-18T11:47:43.999Z,V3640186,7854,44.57226,7.95031,32479.7,5.6,12.6,117.6,-41.7,0.5,-1.0,RS41-SG,403.700,11.0,250,10,2.6,,
2026-09-18T11:47:44.999Z,V3640186,7855,44.57220,7.95044,32485.3,5.6,11.1,124.6,-41.6,0.5,-1.0,RS41-SG,403.700,10.5,250,10,2.7,,
2026-09-18T11:47:45.999Z,V3640186,7856,44.57214,7.95054,32491.1,5.9,9.8,130.0,-41.6,0.6,-1.0,RS41-SG,403.700,10.5,250,10,2.7,,
2026-09-18T11:47:46.999Z,V3640186,7857,44.57209,7.95063,32497.0,6.0,8.4,129.3,-41.6,0.6,-1.0,RS41-SG,403.700,10.1,250,10,2.6,,
2026-09-18T11:47:47.999Z,V3640186,7858,44.57205,7.95071,32503.0,6.1,8.1,120.7,-41.6,0.6,-1.0,RS41-SG,403.700,10.1,250,10,2.6,,
2026-09-18T11:47:48.999Z,V3640186,7859,44.57202,7.95081,32509.0,6.1,9.0,109.0,-41.6,0.5,-1.0,RS41-SG,403.700,9.2,250,10,2.7,,
2026-09-18T11:47:49.999Z,V3640186,7860,44.57200,7.95093,32514.9,5.7,10.9,101.0,-41.5,0.5,-1.0,RS41-SG,403.700,11.0,250,10,2.7,,
2026-09-18T11:47:50.999Z,V3640186,7861,44.57198,7.95108,32520.4,5.4,13.5,98.5,-41.6,0.5,-1.0,RS41-SG,403.700,11.0,250,10,2.7,,
2026-09-18T11:47:51.999Z,V3640186,7862,44.57196,7.95126,32525.8,5.1,15.7,100.3,-41.5,0.5,-1.0,RS41-SG,403.700,11.2,250,10,2.6,,
2026-09-18T11:47:52.999Z,V3640186,7863,44.57193,7.95146,32531.3,5.3,16.8,103.5,-41.5,0.5,-1.0,RS41-SG,403.700,11.5,250,10,2.6,,
2026-09-18T11:47:53.999Z,V3640186,7864,44.57188,7.95167,32536.7,5.6,17.4,109.1,-41.6,0.5,-1.0,RS41-SG,403.700,11.5,250,10,2.6,,
2026-09-18T11:47:54.999Z,V3640186,7865,44.57183,7.95186,32542.5,6.1,16.3,113.9,-41.5,0.6,-1.0,RS41-SG,403.700,11.3,250,10,2.7,,
2026-09-18T11:47:55.999Z,V3640186,7866,44.57177,7.95204,32548.5,5.9,14.4,117.5,-41.6,0.6,-1.0,RS41-SG,403.700,10.9,250,10,2.7,,
2026-09-18T11:47:56.999Z,V3640186,7867,44.57171,7.95218,32553.9,5.3,12.2,119.4,-41.6,0.5,-1.0,RS41-SG,403.700,12.0,250,10,2.7,,
2026-09-18T11:47:57.999Z,V3640186,7868,44.57167,7.95231,32559.0,4.6,10.2,117.7,-41.6,0.5,-1.0,RS41-SG,403.700,12.0,250,10,2.6,,
2026-09-18T11:47:58.999Z,V3640186,7869,44.57163,7.95242,32563.9,4.8,9.2,111.4,-41.6,0.5,-1.0,RS41-SG,403.700,11.3,250,10,2.6,,
2026-09-18T11:47:59.999Z,V3640186,7870,44.57160,7.95253,32569.1,5.5,9.4,104.8,-41.6,0.5,-1.0,RS41-SG,403.700,10.4,250,10,2.7,,
2026-09-18T11:48:00.999Z,V3640186,7871,44.57158,7.95265,32574.8,6.0,10.6,102.1,-41.5,0.5,-1.0,RS41-SG,403.700,10.9,250,10,2.7,,
2026-09-18T11:48:01.999Z,V3640186,7872,44.57156,7.95279,32580.6,5.5,12.0,103.3,-41.6,0.5,-1.0,RS41-SG,403.700,10.9,250,10,2.6,,
2026-09-18T11:48:02.999Z,V3640186,7873,44.57153,7.95294,32585.8,5.0,12.9,105.3,-41.5,0.5,-1.0,RS41-SG,403.700,11.4,250,10,2.6,,
2026-09-18T11:48:03.999Z,V3640186,7874,44.57150,7.95309,32590.8,5.0,13.4,107.7,-41.5,0.5,-1.0,RS41-SG,403.700,11.4,250,10,2.7,,
2026-09-18T11:48:04.999Z,V3640186,7875,44.57146,7.95325,32595.8,5.5,13.2,110.2,-41.5,0.5,-1.0,RS41-SG,403.700,10.0,250,10,2.7,,
2026-09-18T11:48:05.999Z,V3640186,7876,44.57142,7.95340,32601.4,5.6,12.3,110.8,-41.4,0.5,-1.0,RS41-SG,403.700,10.0,250,10,2.7,,
2026-09-18T11:48:06.999Z,V3640186,7877,44.57139,7.95354,32607.1,5.5,11.4,109.2,-41.5,0.5,-1.0,RS41-SG,403.700,9.8,250,10,2.6,,
2026-09-18T11:48:07.999Z,V3640186,7878,44.57136,7.95367,32612.5,5.3,10.5,105.1,-41.5,0.5,-1.0,RS41-SG,403.700,10.1,250,10,2.6,,
2026-09-18T11:48:08.999Z,V3640186,7879,44.57134,7.95380,32617.9,5.3,10.3,100.6,-41.4,0.5,-1.0,RS41-SG,403.700,10.7,250,10,2.6,,
2026-09-18T11:48:09.999Z,V3640186,7880,44.57132,7.95393,32623.0,5.2,10.6,96.3,-41.5,0.6,-1.0,RS41-SG,403.700,10.7,250,10,2.7,,
2026-09-18T11:48:10.999Z,V3640186,7881,44.57131,7.95406,32628.1,5.2,11.3,96.2,-41.4,0.5,-1.0,RS41-SG,403.700,9.8,250,10,2.7,,
2026-09-18T11:48:11.999Z,V3640186,7882,44.57130,7.95421,32633.4,5.6,11.8,100.4,-41.3,0.5,-1.0,RS41-SG,403.700,10.9,250,10,2.7,,
2026-09-18T11:48:12.999Z,V3640186,7883,44.57127,7.95435,32639.0,5.7,11.9,106.2,-41.4,0.5,-1.0,RS41-SG,403.700,10.9,250,10,2.6,,
2026-09-18T11:48:13.999Z,V3640186,7884,44.57124,7.95449,32644.6,5.4,12.0,113.4,-41.3,0.5,-1.0,RS41-SG,403.700,11.1,250,10,2.6,,
2026-09-18T11:48:14.999Z,V3640186,7885,44.57119,7.95463,32650.0,5.1,11.3,116.6,-41.3,0.5,-1.0,RS41-SG,403.700,11.1,250,10,2.6,,
2026-09-18T11:48:15.999Z,V3640186,7886,44.57115,7.95475,32655.1,5.4,10.2,115.9,-41.3,0.6,-1.0,RS41-SG,403.700,9.7,250,10,2.7,,
2026-09-18T11:48:16.999Z,V3640186,7887,44.57112,7.95486,32660.4,5.8,8.9,108.5,-41.3,0.5,-1.0,RS41-SG,403.700,10.8,250,10,2.7,,
2026-09-18T11:48:17.999Z,V3640186,7888,44.57110,7.95496,32666.5,6.1,8.1,94.2,-41.4,0.6,-1.0,RS41-SG,403.700,10.8,250,10,2.7,,
2026-09-18T11:48:18.999Z,V3640186,7889,44.57111,7.95506,32672.2,5.5,8.2,78.9,-41.4,0.5,-1.0,RS41-SG,403.700,10.3,250,10,2.6,,
2026-09-18T11:48:19.999Z,V3640186,7890,44.57113,7.95516,32677.4,4.6,8.4,70.8,-41.4,0.5,-1.0,RS41-SG,403.700,10.7,250,10,2.6,,
2026-09-18T11:48:20.999Z,V3640186,7891,44.57115,7.95526,32682.2,4.8,8.3,67.6,-41.4,0.5,-1.0,RS41-SG,403.700,10.7,250,10,2.7,,
2026-09-18T11:48:21.999Z,V3640186,7892,44.57118,7.95535,32687.4,5.8,7.6,73.1,-41.4,0.5,-1.0,RS41-SG,403.700,10.7,250,10,2.7,,
2026-09-18T11:48:22.999Z,V3640186,7893,44.57119,7.95544,32693.4,6.3,7.0,86.7,-41.3,0.5,-1.0,RS41-SG,403.700,10.3,250,10,2.7,,
2026-09-18T11:48:23.999Z,V3640186,7894,44.57118,7.95553,32699.6,5.9,7.1,104.5,-41.4,0.5,-1.0,RS41-SG,403.700,10.7,250,10,2.6,,
2026-09-18T11:48:24.999Z,V3640186,7895,44.57116,7.95561,32705.1,4.7,7.7,116.3,-41.4,0.5,-1.0,RS41-SG,403.700,10.7,250,10,2.6,,
2026-09-18T11:48:25.999Z,V3640186,7896,44.57112,7.95570,32709.7,4.7,8.4,121.1,-41.3,0.5,-1.0,RS41-SG,403.700,11.0,250,10,2.6,,
2026-09-18T11:48:26.999Z,V3640186,7897,44.57109,7.95580,32714.7,5.4,9.0,117.3,-41.3,0.5,-1.0,RS41-SG,403.700,11.0,250,10,2.7,,
2026-09-18T11:48:27.999Z,V3640186,7898,44.57106,7.95591,32720.5,6.2,9.7,106.9,-41.4,0.6,-1.0,RS41-SG,403.700,10.4,250,10,2.7,,
2026-09-18T11:48:28.999Z,V3640186,7899,44.57104,7.95603,32726.5,6.2,10.6,94.1,-41.4,0.5,-1.0,RS41-SG,403.700,10.9,250,10,2.7,,
2026-09-18T11:48:29.999Z,V3640186,7900,44.57104,7.95617,32732.4,5.5,11.3,83.5,-41.4,0.5,-1.0,RS41-SG,403.700,11.7,250,10,2.6,,
2026-09-18T11:48:30.999Z,V3640186,7901,44.57106,7.95631,32737.9,5.3,11.7,74.0,-41.5,0.5,-1.0,RS41-SG,403.700,11.7,250,10,2.6,,
2026-09-18T11:48:31.999Z,V3640186,7902,44.57110,7.95644,32743.0,4.8,10.9,66.5,-41.5,0.6,-1.0,RS41-SG,403.700,11.2,250,10,2.6,,
2026-09-18T11:48:32.999Z,V3640186,7903,44.57114,7.95655,32748.1,5.5,9.1,60.2,-41.4,0.6,-1.0,RS41-SG,403.700,11.4,250,10,2.7,,
2026-09-18T11:48:33.999Z,V3640186,7904,44.57117,7.95663,32753.9,6.0,6.4,53.9,-41.5,0.5,-1.0,RS41-SG,403.700,11.9,250,10,2.7,,
2026-09-18T11:48:34.999Z,V3640186,7905,44.57120,7.95668,32759.9,6.0,3.4,53.4,-41.5,0.5,-1.0,RS41-SG,403.700,11.9,250,10,2.7,,
2026-09-18T11:48:35.999Z,V3640186,7906,44.57121,7.95670,32765.3,4.5,1.1,66.6,-41.5,0.5,-1.0,RS41-SG,403.700,10.7,250,10,2.7,,
2026-09-18T11:48:36.999Z,V3640186,7907,44.57121,7.95671,32769.8,4.1,0.8,153.4,-41.5,0.5,-1.0,RS41-SG,403.700,11.8,250,10,2.6,,
2026-09-18T11:48:37.999Z,V3640186,7908,44.57120,7.95672,32774.8,5.5,1.6,132.6,-41.6,0.5,-1.0,RS41-SG,403.700,11.8,250,10,2.6,,
2026-09-18T11:48:38.999Z,V3640186,7909,44.57119,7.95675,32781.2,7.4,3.7,98.4,-41.6,0.6,-1.0,RS41-SG,403.700,9.0,250,10,2.6,,
2026-09-18T11:48:39.999Z,V3640186,7910,44.57119,7.95682,32788.3,7.2,6.9,85.3,-41.5,0.6,-1.0,RS41-SG,403.700,8.7,250,9,2.7,,
2026-09-18T11:48:40.999Z,V3640186,7911,44.57120,7.95692,32794.3,4.9,9.6,81.1,-41.4,0.5,-1.0,RS41-SG,403.700,11.3,250,9,2.7,,
2026-09-18T11:48:41.999Z,V3640186,7912,44.57122,7.95706,32798.4,3.4,12.0,76.7,-41.5,0.5,-1.0,RS41-SG,403.700,11.6,250,9,2.7,,
2026-09-18T11:48:42.999Z,V3640186,7913,44.57125,7.95721,32802.2,4.1,13.5,73.5,-41.5,0.5,-1.0,RS41-SG,403.700,11.6,250,9,2.6,,
2026-09-18T11:48:43.999Z,V3640186,7914,44.57129,7.95737,32807.2,6.2,13.4,71.2,-41.3,0.5,-1.0,RS41-SG,403.700,11.6,250,9,2.6,,
2026-09-18T11:48:44.999Z,V3640186,7915,44.57133,7.95752,32813.5,6.6,12.0,68.7,-41.2,0.5,-1.0,RS41-SG,403.700,11.7,250,9,2.6,,
2026-09-18T11:48:45.999Z,V3640186,7916,44.57136,7.95765,32819.1,5.0,10.4,66.5,-41.3,0.5,-1.0,RS41-SG,403.700,12.1,250,9,2.7,,
2026-09-18T11:48:46.999Z,V3640186,7917,44.57140,7.95776,32824.2,5.3,8.7,64.0,-41.2,0.5,-1.0,RS41-SG,403.700,12.1,250,9,2.7,,
2026-09-18T11:48:47.999Z,V3640186,7918,44.57143,7.95785,32829.7,5.9,7.6,61.1,-41.1,0.5,-1.0,RS41-SG,403.700,10.7,250,8,2.7,,
2026-09-18T11:48:48.999Z,V3640186,7919,44.57147,7.95793,32836.0,6.2,7.1,60.3,-41.0,0.5,-1.0,RS41-SG,403.700,11.3,250,9,2.6,,
2026-09-18T11:48:49.999Z,V3640186,7920,44.57150,7.95800,32841.7,5.0,6.9,62.9,-41.0,0.5,-1.0,RS41-SG,403.700,11.7,250,9,2.6,,
2026-09-18T11:48:50.999Z,V3640186,7921,44.57152,7.95808,32846.6,4.9,6.6,68.3,-41.0,0.5,-1.0,RS41-SG,403.700,11.7,250,9,2.7,,
2026-09-18T11:48:51.999Z,V3640186,7922,44.57154,7.95816,32851.6,5.4,6.1,80.9,-40.9,0.5,-1.0,RS41-SG,403.700,9.5,250,9,2.7,,
2026-09-18T11:48:52.999Z,V3640186,7923,44.57154,7.95823,32857.4,6.0,6.3,92.9,-40.9,0.5,-1.0,RS41-SG,403.700,10.8,250,9,2.7,,
2026-09-18T11:48:53.999Z,V3640186,7924,44.57153,7.95831,32863.3,5.8,6.9,102.1,-40.8,0.5,-1.0,RS41-SG,403.700,11.4,250,9,2.6,,
2026-09-18T11:48:54.999Z,V3640186,7925,44.57152,7.95841,32869.0,5.6,8.3,104.5,-40.8,0.5,-1.0,RS41-SG,403.700,11.4,250,9,2.6,,
2026-09-18T11:48:55.999Z,V3640186,7926,44.57150,7.95852,32874.8,6.2,10.4,100.4,-40.7,0.5,-1.0,RS41-SG,403.700,8.5,250,9,2.6,,
2026-09-18T11:48:56.999Z,V3640186,7927,44.57148,7.95866,32880.9,6.1,12.6,96.1,-40.6,0.5,-1.0,RS41-SG,403.700,9.5,250,9,2.7,,
2026-09-18T11:48:57.999Z,V3640186,7928,44.57148,7.95883,32886.2,5.0,14.3,91.3,-40.5,0.5,-1.0,RS41-SG,403.700,11.3,250,9,2.7,,
2026-09-18T11:48:58.999Z,V3640186,7929,44.57148,7.95902,32890.6,4.3,15.2,88.1,-40.5,0.5,-1.0,RS41-SG,403.700,11.3,250,9,2.7,,
2026-09-18T11:48:59.999Z,V3640186,7930,44.57149,7.95920,32894.9,4.5,14.9,85.0,-40.5,0.5,-1.0,RS41-SG,403.700,11.4,250,9,2.6,,
2026-09-18T11:49:00.999Z,V3640186,7931,44.57150,7.95938,32900.3,5.6,13.2,83.2,-40.5,0.5,-1.0,RS41-SG,403.700,11.4,250,9,2.6,,
2026-09-18T11:49:01.999Z,V3640186,7932,44.57151,7.95953,32906.2,6.3,10.9,83.4,-40.3,0.5,-1.0,RS41-SG,403.700,10.6,250,9,2.7,,
2026-09-18T11:49:02.999Z,V3640186,7933,44.57152,7.95965,32911.9,5.3,8.7,85.6,-40.3,0.5,-1.0,RS41-SG,403.700,10.6,250,9,2.7,,
2026-09-18T11:49:03.999Z,V3640186,7934,44.57152,7.95975,32916.6,4.4,7.3,90.0,-40.2,0.5,-1.0,RS41-SG,403.700,10.2,250,9,2.6,,
2026-09-18T11:49:04.999Z,V3640186,7935,44.57152,7.95984,32921.4,4.8,6.8,96.2,-40.1,0.5,-1.0,RS41-SG,403.700,10.0,250,9,2.6,,
2026-09-18T11:49:05.999Z,V3640186,7936,44.57151,7.95993,32927.0,6.2,7.6,97.8,-40.0,0.5,-1.0,RS41-SG,403.700,9.1,250,9,2.7,,
2026-09-18T11:49:06.999Z,V3640186,7937,44.57150,7.96003,32933.2,6.7,9.2,96.2,-40.0,0.5,-1.0,RS41-SG,403.700,10.8,250,9,2.7,,
2026-09-18T11:49:07.999Z,V3640186,7938,44.57150,7.96016,32939.0,4.9,10.9,93.3,-39.9,0.5,-1.0,RS41-SG,403.700,10.9,250,9,2.7,,
2026-09-18T11:49:08.999Z,V3640186,7939,44.57149,7.96031,32943.6,4.1,12.5,92.7,-40.0,0.5,-1.0,RS41-SG,403.700,10.9,250,9,2.6,,
2026-09-18T11:49:09.999Z,V3640186,7940,44.57148,7.96047,32948.1,4.8,13.5,94.3,-39.9,0.5,-1.0,RS41-SG,403.700,10.3,250,8,2.6,,
2026-09-18T11:49:10.999Z,V3640186,7941,44.57147,7.96064,32953.3,5.8,13.6,96.3,-39.9,0.5,-1.0,RS41-SG,403.700,11.3,250,9,2.6,,
2026-09-18T11:49:11.999Z,V3640186,7942,44.57146,7.96080,32959.2,6.3,12.8,98.8,-39.8,0.5,-1.0,RS41-SG,403.700,11.3,250,9,2.7,,
2026-09-18T11:49:12.999Z,V3640186,7943,44.57144,7.96095,32964.9,5.3,11.8,100.7,-39.8,0.5,-1.0,RS41-SG,403.700,11.1,250,9,2.7,,
2026-09-18T11:49:13.999Z,V3640186,7944,44.57142,7.96109,32969.8,4.8,10.7,99.2,-39.9,0.5,-1.0,RS41-SG,403.700,11.0,250,9,2.7,,
2026-09-18T11:49:14.999Z,V3640186,7945,44.57141,7.96122,32974.6,4.6,9.9,96.0,-39.8,0.5,-1.0,RS41-SG,403.700,11.0,250,9,2.6,,
2026-09-18T11:49:15.999Z,V3640186,7946,44.57140,7.96134,32979.6,5.1,9.6,90.9,-39.7,0.5,-1.0,RS41-SG,403.700,10.5,250,9,2.6,,
2026-09-18T11:49:16.999Z,V3640186,7947,44.57141,7.96146,32985.2,5.8,9.8,86.1,-39.7,0.5,-1.0,RS41-SG,403.700,12.3,250,9,2.7,,
2026-09-18T11:49:17.999Z,V3640186,7948,44.57142,7.96159,32990.8,5.6,10.1,82.3,-39.8,0.5,-1.0,RS41-SG,403.700,12.3,250,9,2.7,,
2026-09-18T11:49:18.999Z,V3640186,7949,44.57143,7.96171,32995.8,4.6,10.1,81.1,-39.7,0.5,-1.0,RS41-SG,403.700,12.2,250,9,2.6,,
2026-09-18T11:49:19.999Z,V3640186,7950,44.57144,7.96183,33000.6,4.7,9.5,81.0,-39.6,0.5,-1.0,RS41-SG,403.700,11.6,250,9,2.6,,
2026-09-18T11:49:20.999Z,V3640186,7951,44.57145,7.96194,33005.4,4.9,8.3,84.3,-39.5,0.5,-1.0,RS41-SG,403.700,11.1,250,9,2.7,,
2026-09-18T11:49:21.999Z,V3640186,7952,44.57146,7.96204,33010.5,5.5,7.1,91.1,-39.5,0.5,-1.0,RS41-SG,403.700,11.8,250,9,2.7,,
2026-09-18T11:49:22.999Z,V3640186,7953,44.57145,7.96212,33016.1,5.9,6.3,101.2,-39.6,0.5,-1.0,RS41-SG,403.700,11.8,250,9,2.7,,
2026-09-18T11:49:23.999Z,V3640186,7954,44.57144,7.96220,33021.4,4.6,6.3,108.6,-39.6,0.5,-1.0,RS41-SG,403.700,11.8,250,9,2.6,,
2026-09-18T11:49:24.999Z,V3640186,7955,44.57141,7.96228,33026.2,4.8,7.2,111.3,-39.5,0.5,-1.0,RS41-SG,403.700,9.6,250,9,2.6,,
2026-09-18T11:49:25.999Z,V3640186,7956,44.57139,7.96237,33031.6,5.8,8.9,109.6,-39.5,0.5,-1.0,RS41-SG,403.700,11.5,250,9,2.6,,
2026-09-18T11:49:26.999Z,V3640186,7957,44.57136,7.96249,33037.4,6.1,11.1,104.4,-39.4,0.5,-1.0,RS41-SG,403.700,11.9,250,9,2.7,,
2026-09-18T11:49:27.999Z,V3640186,7958,44.57134,7.96264,33042.8,4.9,12.8,99.1,-39.5,0.5,-1.0,RS41-SG,403.700,11.9,250,9,2.7,,
2026-09-18T11:49:28.999Z,V3640186,7959,44.57133,7.96280,33047.5,4.4,13.8,92.7,-39.5,0.4,-1.0,RS41-SG,403.700,9.8,250,9,2.7,,
2026-09-18T11:49:29.999Z,V3640186,7960,44.57133,7.96298,33052.4,5.2,13.7,88.4,-39.5,0.4,-1.0,RS41-SG,403.700,11.7,250,9,2.6,,
2026-09-18T11:49:30.999Z,V3640186,7961,44.57134,7.96314,33058.1,5.9,12.1,83.3,-39.3,0.5,-1.0,RS41-SG,403.700,12.2,250,9,2.6,,
2026-09-18T11:49:31.999Z,V3640186,7962,44.57135,7.96327,33064.0,6.2,9.9,77.2,-39.3,0.5,-1.0,RS41-SG,403.700,12.2,250,9,2.7,,
2026-09-18T11:49:32.999Z,V3640186,7963,44.57138,7.96338,33069.5,5.0,8.1,69.3,-39.4,0.5,-1.0,RS41-SG,403.700,11.3,250,9,2.7,,
2026-09-18T11:49:33.999Z,V3640186,7964,44.57140,7.96347,33073.7,3.8,6.8,61.6,-39.4,0.5,-1.0,RS41-SG,403.700,11.3,250,9,2.7,,
2026-09-18T11:49:34.999Z,V3640186,7965,44.57143,7.96353,33077.4,3.7,6.2,54.3,-39.3,0.4,-1.0,RS41-SG,403.700,10.2,250,9,2.6,,
2026-09-18T11:49:35.999Z,V3640186,7966,44.57147,7.96360,33081.7,4.8,6.6,54.1,-39.1,0.5,-1.0,RS41-SG,403.700,9.5,250,9,2.6,,
2026-09-18T11:49:36.999Z,V3640186,7967,44.57150,7.96367,33087.1,5.9,7.7,59.3,-39.1,0.5,-1.0,RS41-SG,403.700,9.5,250,9,2.6,,
2026-09-18T11:49:37.999Z,V3640186,7968,44.57154,7.96377,33093.1,6.1,9.2,65.7,-39.0,0.5,-1.0,RS41-SG,403.700,11.8,250,9,2.7,,
2026-09-18T11:49:38.999Z,V3640186,7969,44.57157,7.96388,33098.6,5.3,10.7,71.2,-39.0,0.4,-1.0,RS41-SG,403.700,11.8,250,9,2.7,,
2026-09-18T11:49:39.999Z,V3640186,7970,44.57160,7.96402,33103.3,4.4,11.6,75.6,-39.1,0.4,-1.0,RS41-SG,403.700,11.2,250,9,2.7,,
2026-09-18T11:49:40.999Z,V3640186,7971,44.57162,7.96416,33107.7,4.4,11.7,81.5,-39.0,0.4,-1.0,RS41-SG,403.700,11.0,250,9,2.6,,
2026-09-18T11:49:41.999Z,V3640186,7972,44.57163,7.96430,33112.7,4.9,11.1,88.9,-38.8,0.4,-1.0,RS41-SG,403.700,11.2,250,9,2.6,,
2026-09-18T11:49:42.999Z,V3640186,7973,44.57162,7.96443,33117.6,5.2,10.1,98.4,-38.7,0.5,-1.0,RS41-SG,403.700,12.1,250,9,2.7,,
2026-09-18T11:49:43.999Z,V3640186,7974,44.57160,7.96455,33122.7,5.2,9.0,105.9,-38.8,0.4,-1.0,RS41-SG,403.700,12.1,250,9,2.7,,
2026-09-18T11:49:44.999Z,V3640186,7975,44.57158,7.96465,33127.5,4.4,8.3,109.5,-38.8,0.4,-1.0,RS41-SG,403.700,11.5,250,9,2.6,,
2026-09-18T11:49:45.999Z,V3640186,7976,44.57156,7.96475,33132.1,4.7,7.6,104.4,-38.8,0.5,-1.0,RS41-SG,403.700,11.5,250,8,2.6,,
2026-09-18T11:49:46.999Z,V3640186,7977,44.57155,7.96484,33137.2,5.5,7.8,93.1,-38.8,0.5,-1.0,RS41-SG,403.700,11.3,250,9,2.7,,
2026-09-18T11:49:47.999Z,V3640186,7978,44.57156,7.96495,33142.7,5.7,8.9,78.1,-38.7,0.5,-1.0,RS41-SG,403.700,11.3,250,9,2.7,,
2026-09-18T11:49:48.999Z,V3640186,7979,44.57158,7.96506,33148.1,5.3,10.5,66.9,-38.8,0.5,-1.0,RS41-SG,403.700,11.3,250,9,2.7,,
2026-09-18T11:49:49.999Z,V3640186,7980,44.57163,7.96519,33152.6,3.6,11.5,61.1,-38.8,0.5,-1.0,RS41-SG,403.700,10.8,250,9,2.6,,
2026-09-18T11:49:50.999Z,V3640186,7981,44.57168,7.96531,33156.9,4.3,11.7,57.8,-38.8,0.4,-1.0,RS41-SG,403.700,11.4,250,9,2.6,,
2026-09-18T11:49:51.999Z,V3640186,7982,44.57173,7.96543,33162.2,6.0,10.6,56.2,-38.7,0.5,-1.0,RS41-SG,403.700,11.4,250,9,2.6,,
2026-09-18T11:49:52.999Z,V3640186,7983,44.57178,7.96553,33168.2,6.2,8.6,58.5,-38.7,0.4,-1.0,RS41-SG,403.700,10.8,250,9,2.7,,
2026-09-18T11:49:53.999Z,V3640186,7984,44.57181,7.96561,33173.6,4.7,6.8,66.5,-38.7,0.5,-1.0,RS41-SG,403.700,11.1,250,9,2.7,,
2026-09-18T11:49:54.999Z,V3640186,7985,44.57183,7.96569,33178.2,4.6,5.8,79.4,-38.7,0.4,-1.0,RS41-SG,403.700,11.1,250,9,2.7,,
2026-09-18T11:49:55.999Z,V3640186,7986,44.57183,7.96576,33183.2,5.1,6.0,96.4,-38.7,0.4,-1.0,RS41-SG,403.700,10.3,250,9,2.6,,
2026-09-18T11:49:56.999Z,V3640186,7987,44.57182,7.96584,33188.9,6.0,7.4,102.2,-38.7,0.5,-1.0,RS41-SG,403.700,11.5,250,9,2.6,,
2026-09-18T11:49:57.999Z,V3640186,7988,44.57181,7.96594,33194.3,5.1,8.8,101.8,-38.7,0.4,-1.0,RS41-SG,403.700,11.8,250,9,2.7,,
2026-09-18T11:49:58.999Z,V3640186,7989,44.57179,7.96606,33198.8,4.2,9.9,98.9,-38.8,0.5,-1.0,RS41-SG,403.700,11.8,250,9,2.7,,
2026-09-18T11:49:59.999Z,V3640186,7990,44.57178,7.96618,33203.3,4.9,10.3,96.4,-38.8,0.4,-1.0,RS41-SG,403.700,10.1,250,9,2.7,,
2026-09-18T11:50:00.999Z,V3640186,7991,44.57177,7.96631,33208.8,5.9,10.0,94.6,-38.8,0.4,-1.0,RS41-SG,403.700,10.1,250,9,2.6,,
2026-09-18T11:50:01.999Z,V3640186,7992,44.57177,7.96643,33214.6,5.4,9.2,91.1,-38.7,0.4,-1.0,RS41-SG,403.700,9.7,250,9,2.6,,
2026-09-18T11:50:02.999Z,V3640186,7993,44.57177,7.96654,33219.0,6.2,8.4,85.0,-38.8,0.5,-1.0,RS41-SG,403.700,9.7,250,9,2.6,,
2026-09-18T11:50:03.999Z,V3640186,7994,44.57178,7.96665,33219.8,-3.4,8.8,84.0,-38.7,0.5,-1.0,RS41-SG,403.700,8.8,250,9,2.7,,
2026-09-18T11:50:04.999Z,V3640186,7995,44.57182,7.96677,33199.9,-24.6,11.8,65.9,-38.7,0.4,-1.0,RS41-SG,403.700,10.5,250,9,2.7,,
2026-09-18T11:50:05.999Z,V3640186,7996,44.57184,7.96689,33177.2,-22.6,8.8,79.8,-38.8,0.4,-1.0,RS41-SG,403.700,10.5,250,9,2.7,,
2026-09-18T11:50:06.999Z,V3640186,7997,44.57185,7.96700,33152.2,-29.6,8.8,84.8,-38.8,0.4,-1.0,RS41-SG,403.700,10.3,250,8,2.6,,
2026-09-18T11:50:07.999Z,V3640186,7998,44.57185,7.96711,33120.1,-37.7,8.7,84.3,-38.8,0.4,-1.0,RS41-SG,403.700,10.3,250,9,2.6,,
2026-09-18T11:50:08.999Z,V3640186,7999,44.57184,7.96722,33086.2,-33.6,9.6,105.1,-38.7,0.4,-1.0,RS41-SG,403.700,10.4,250,9,2.7,,
2026-09-18T11:50:09.999Z,V3640186,8000,44.57181,7.96734,33056.2,-30.2,11.0,113.3,-38.7,0.4,-1.0,RS41-SG,403.700,10.4,250,9,2.7,,
2026-09-18T11:50:10.999Z,V3640186,8001,44.57176,7.96746,33025.9,-32.9,11.5,114.9,-38.8,0.4,-1.0,RS41-SG,403.700,9.7,250,9,2.6,,
2026-09-18T11:50:11.999Z,V3640186,8002,44.57172,7.96760,32996.4,-28.2,11.9,115.2,-38.9,0.4,-1.0,RS41-SG,403.700,10.0,250,9,2.6,,
2026-09-18T11:50:12.999Z,V3640186,8003,44.57168,7.96773,32970.4,-26.2,11.7,109.1,-39.1,0.4,-1.0,RS41-SG,403.700,10.0,250,9,2.7,,
2026-09-18T11:50:13.999Z,V3640186,8004,44.57164,7.96786,32943.6,-29.5,10.6,104.9,-39.2,0.5,-1.0,RS41-SG,403.700,9.8,250,9,2.7,,
2026-09-18T11:50:14.999Z,V3640186,8005,44.57163,7.96799,32914.8,-29.9,10.1,92.8,-39.3,0.4,-1.0,RS41-SG,403.700,9.8,250,9,2.7,,
2026-09-18T11:50:15.999Z,V3640186,8006,44.57163,7.96811,32886.4,-29.2,9.5,82.3,-39.4,0.5,-1.0,RS41-SG,403.700,9.2,250,9,2.6,,
2026-09-18T11:50:16.999Z,V3640186,8007,44.57165,7.96822,32860.2,-24.8,9.6,67.6,-39.5,0.5,-1.0,RS41-SG,403.700,9.2,250,9,2.6,,
2026-09-18T11:50:17.999Z,V3640186,8008,44.57168,7.96833,32836.8,-23.6,9.1,66.9,-39.7,0.5,-1.0,RS41-SG,403.700,9.7,250,9,2.6,,
2026-09-18T11:50:18.999Z,V3640186,8009,44.57171,7.96844,32812.8,-26.4,9.1,71.7,-39.8,0.5,-1.0,RS41-SG,403.700,9.7,250,9,2.7,,
2026-09-18T11:50:19.999Z,V3640186,8010,44.57173,7.96855,32785.6,-28.8,9.4,75.9,-40.0,0.5,-1.0,RS41-SG,403.700,10.2,250,8,2.7,,
2026-09-18T11:50:20.999Z,V3640186,8011,44.57175,7.96866,32754.3,-35.9,9.1,76.8,-40.2,0.5,-1.0,RS41-SG,403.700,10.2,250,9,2.7,,
2026-09-18T11:50:21.999Z,V3640186,8012,44.57176,7.96877,32717.3,-40.0,9.2,80.8,-40.4,0.5,-1.0,RS41-SG,403.700,9.3,250,9,2.6,,
2026-09-18T11:50:22.999Z,V3640186,8013,44.57177,7.96888,32676.4,-43.3,9.6,86.6,-40.6,0.5,-1.0,RS41-SG,403.700,8.3,250,9,2.6,,
2026-09-18T11:50:23.999Z,V3640186,8014,44.57176,7.96900,32632.6,-45.9,9.8,94.0,-40.6,0.5,-1.0,RS41-SG,403.700,8.9,250,9,2.7,,
2026-09-18T11:50:24.999Z,V3640186,8015,44.57176,7.96913,32585.7,-48.8,10.4,96.4,-40.5,0.5,-1.0,RS41-SG,403.700,9.6,250,9,2.7,,
2026-09-18T11:50:25.999Z,V3640186,8016,44.57174,7.96926,32536.1,-51.6,11.0,99.5,-40.4,0.5,-1.0,RS41-SG,403.700,9.9,250,9,2.7,,
2026-09-18T11:50:26.999Z,V3640186,8017,44.57172,7.96939,32486.1,-49.9,10.6,104.2,-40.5,0.5,-1.0,RS41-SG,403.700,9.9,250,9,2.6,,
2026-09-18T11:50:27.999Z,V3640186,8018,44.57170,7.96952,32438.9,-44.3,10.6,99.0,-40.6,0.5,-1.0,RS41-SG,403.700,9.5,250,8,2.6,,
2026-09-18T11:50:28.999Z,V3640186,8019,44.57169,7.96965,32398.3,-38.2,10.5,98.5,-40.7,0.5,-1.0,RS41-SG,403.700,9.1,250,9,2.6,,
2026-09-18T11:50:29.999Z,V3640186,8020,44.57169,7.96979,32360.9,-36.8,12.1,82.9,-41.0,0.5,-1.0,RS41-SG,403.700,8.3,250,9,2.7,,
2026-09-18T11:50:30.999Z,V3640186,8021,44.57171,7.96995,32325.6,-34.5,14.1,74.7,-41.0,0.5,-1.0,RS41-SG,403.700,8.4,250,9,2.7,,
2026-09-18T11:50:31.999Z,V3640186,8022,44.57174,7.97013,32291.6,-34.5,14.5,74.7,-40.9,0.5,-1.0,RS41-SG,403.700,9.2,250,9,2.7,,
2026-09-18T11:50:32.999Z,V3640186,8023,44.57178,7.97031,32257.0,-35.3,17.1,72.6,-40.9,0.5,-1.0,RS41-SG,403.700,9.6,250,9,2.6,,
2026-09-18T11:50:33.999Z,V3640186,8024,44.57182,7.97052,32223.3,-33.1,17.2,75.8,-41.0,0.5,-1.0,RS41-SG,403.700,10.1,250,8,2.6,,
2026-09-18T11:50:34.999Z,V3640186,8025,44.57185,7.97073,32190.9,-31.9,17.0,82.7,-41.3,0.5,-1.0,RS41-SG,403.700,10.1,250,8,2.7,,
2026-09-18T11:50:35.999Z,V3640186,8026,44.57186,7.97093,32159.2,-31.6,15.4,90.5,-41.8,0.5,-1.0,RS41-SG,403.700,9.8,250,9,2.7,,
2026-09-18T11:50:36.999Z,V3640186,8027,44.57185,7.97111,32128.0,-31.4,14.5,99.8,-42.3,0.6,-1.0,RS41-SG,403.700,11.8,250,9,2.7,,
2026-09-18T11:50:37.999Z,V3640186,8028,44.57181,7.97128,32096.1,-33.0,14.1,110.2,-42.7,0.6,-1.0,RS41-SG,403.700,11.8,250,9,2.6,,
2026-09-18T11:50:38.999Z,V3640186,8029,44.57176,7.97143,32063.8,-31.8,12.3,119.4,-43.0,0.6,-1.0,RS41-SG,403.700,11.3,250,9,2.6,,
2026-09-18T11:50:39.999Z,V3640186,8030,44.57170,7.97156,32031.9,-31.8,12.4,123.9,-43.2,0.6,-1.0,RS41-SG,403.700,11.3,250,8,2.6,,
2026-09-18T11:50:40.999Z,V3640186,8031,44.57165,7.97169,32000.1,-31.2,11.7,123.0,-43.2,0.6,-1.0,RS41-SG,403.700,10.6,250,9,2.7,,
2026-09-18T11:50:41.999Z,V3640186,8032,44.57160,7.97182,31968.5,-31.8,11.7,118.0,-43.3,0.6,-1.0,RS41-SG,403.700,10.5,250,9,2.7,,
2026-09-18T11:50:42.999Z,V3640186,8033,44.57156,7.97195,31936.4,-32.1,11.3,107.6,-43.5,0.6,-1.0,RS41-SG,403.700,9.0,250,9,2.7,,
2026-09-18T11:50:43.999Z,V3640186,8034,44.57154,7.97210,31905.2,-31.3,12.1,94.7,-43.6,0.6,-1.0,RS41-SG,403.700,8.9,250,9,2.6,,
2026-09-18T11:50:44.999Z,V3640186,8035,44.57154,7.97226,31873.7,-32.3,14.2,86.9,-43.7,0.6,-1.0,RS41-SG,403.700,9.6,250,9,2.6,,
2026-09-18T11:50:45.999Z,V3640186,8036,44.57155,7.97245,31841.2,-32.9,16.3,84.3,-43.9,0.6,-1.0,RS41-SG,403.700,9.8,250,9,2.7,,
2026-09-18T11:50:46.999Z,V3640186,8037,44.57156,7.97267,31808.9,-31.4,18.3,84.6,-43.9,0.6,-1.0,RS41-SG,403.700,10.7,250,9,2.7,,
2026-09-18T11:50:47.999Z,V3640186,8038,44.57157,7.97291,31779.1,-28.6,19.5,88.6,-43.9,0.6,-1.0,RS41-SG,403.700,11.4,250,9,2.7,,
2026-09-18T11:50:48.999Z,V3640186,8039,44.57157,7.97315,31749.2,-30.7,19.3,93.3,-44.0,0.6,-1.0,RS41-SG,403.700,11.4,250,9,2.6,,
2026-09-18T11:50:49.999Z,V3640186,8040,44.57155,7.97338,31717.5,-32.0,18.4,98.5,-44.2,0.7,-1.0,RS41-SG,403.700,12.1,250,9,2.6,,
2026-09-18T11:50:50.999Z,V3640186,8041,44.57152,7.97360,31685.4,-31.8,17.1,103.5,-44.3,0.6,-1.0,RS41-SG,403.700,12.1,250,9,2.6,,
2026-09-18T11:50:51.999Z,V3640186,8042,44.57149,7.97380,31653.3,-31.5,15.9,107.3,-44.3,0.6,-1.0,RS41-SG,403.700,12.1,250,9,2.7,,
2026-09-18T11:50:52.999Z,V3640186,8043,44.57145,7.97397,31621.9,-30.6,13.4,110.3,-44.4,0.7,-1.0,RS41-SG,403.700,11.9,250,9,2.7,,
2026-09-18T11:50:53.999Z,V3640186,8044,44.57141,7.97412,31590.6,-32.1,11.1,110.2,-44.6,0.6,-1.0,RS41-SG,403.700,10.8,250,9,2.7,,
2026-09-18T11:50:54.999Z,V3640186,8045,44.57138,7.97423,31558.4,-32.3,8.7,108.6,-45.0,0.7,-1.0,RS41-SG,403.700,10.7,250,9,2.6,,
2026-09-18T11:50:55.999Z,V3640186,8046,44.57137,7.97432,31526.3,-31.8,6.5,94.4,-45.2,0.7,-1.0,RS41-SG,403.700,10.7,250,9,2.6,,
2026-09-18T11:50:56.999Z,V3640186,8047,44.57137,7.97440,31494.3,-32.6,6.0,78.2,-45.4,0.7,-1.0,RS41-SG,403.700,9.8,250,9,2.7,,
2026-09-18T11:50:57.999Z,V3640186,8048,44.57139,7.97448,31462.6,-31.1,6.7,66.0,-45.6,0.7,-1.0,RS41-SG,403.700,9.8,250,9,2.7,,
2026-09-18T11:50:58.999Z,V3640186,8049,44.57142,7.97457,31432.1,-29.9,8.2,62.6,-45.8,0.7,-1.0,RS41-SG,403.700,9.7,250,9,2.7,,
2026-09-18T11:50:59.999Z,V3640186,8050,44.57145,7.97467,31402.6,-29.4,9.8,66.4,-45.9,0.7,-1.0,RS41-SG,403.700,9.7,250,9,2.6,,
2026-09-18T11:51:00.999Z,V3640186,8051,44.57148,7.97480,31373.3,-29.4,11.5,73.0,-46.0,0.7,-1.0,RS41-SG,403.700,9.7,250,9,2.6,,
2026-09-18T11:51:01.999Z,V3640186,8052,44.57151,7.97495,31342.9,-31.5,12.6,80.6,-46.1,0.7,-1.0,RS41-SG,403.700,9.3,250,9,2.6,,
2026-09-18T11:51:02.999Z,V3640186,8053,44.57152,7.97511,31311.6,-30.8,13.6,86.8,-46.2,0.7,-1.0,RS41-SG,403.700,9.6,250,9,2.7,,
2026-09-18T11:51:03.999Z,V3640186,8054,44.57152,7.97528,31280.5,-31.6,13.2,88.1,-46.3,0.7,-1.0,RS41-SG,403.700,10.5,250,8,2.7,,
2026-09-18T11:51:04.999Z,V3640186,8055,44.57152,7.97544,31249.8,-29.2,13.0,92.9,-46.3,0.7,-1.0,RS41-SG,403.700,10.8,250,9,2.7,,
2026-09-18T11:51:05.999Z,V3640186,8056,44.57151,7.97560,31221.3,-28.5,12.3,98.2,-46.4,0.7,-1.0,RS41-SG,403.700,10.8,250,9,2.6,,
2026-09-18T11:51:06.999Z,V3640186,8057,44.57150,7.97574,31192.8,-28.6,10.1,100.1,-46.5,0.7,-1.0,RS41-SG,403.700,11.2,250,9,2.6,,
2026-09-18T11:51:07.999Z,V3640186,8058,44.57148,7.97585,31163.4,-30.4,8.2,100.7,-46.6,0.7,-1.0,RS41-SG,403.700,11.2,250,9,2.7,08:29:26,
2026-09-18T11:51:08.999Z,V3640186,8059,44.57147,7.97593,31133.4,-30.2,6.1,96.1,-46.6,0.7,-1.0,RS41-SG,403.700,10.3,250,9,2.7,08:29:26,
2026-09-18T11:51:09.999Z,V3640186,8060,44.57147,7.97600,31102.9,-30.6,4.7,84.1,-46.8,0.7,-1.0,RS41-SG,403.700,10.3,250,9,2.7,08:29:26,
2026-09-18T11:51:10.999Z,V3640186,8061,44.57149,7.97606,31072.1,-30.8,4.4,59.9,-46.9,0.7,-1.0,RS41-SG,403.700,9.4,250,9,2.6,08:29:26,
2026-09-18T11:51:11.999Z,V3640186,8062,44.57151,7.97611,31041.6,-30.5,5.1,56.4,-47.0,0.7,-1.0,RS41-SG,403.700,10.3,250,9,2.6,08:29:26,
2026-09-18T11:51:12.999Z,V3640186,8063,44.57153,7.97617,31012.2,-28.4,6.6,67.0,-47.1,0.7,-1.0,RS41-SG,403.700,10.3,250,9,2.6,08:29:26,
2026-09-18T11:51:13.999Z,V3640186,8064,44.57155,7.97626,30983.1,-28.8,7.7,81.2,-47.1,0.8,-1.0,RS41-SG,403.700,10.2,250,9,2.7,08:29:26,
2026-09-18T11:51:14.999Z,V3640186,8065,44.57156,7.97637,30954.0,-29.9,9.0,90.3,-47.1,0.7,-1.0,RS41-SG,403.700,9.6,250,8,2.7,08:29:26,
2026-09-18T11:51:15.999Z,V3640186,8066,44.57155,7.97649,30924.4,-29.2,10.9,99.6,-46.9,0.7,-1.0,RS41-SG,403.700,9.4,250,9,2.7,08:29:26,
2026-09-18T11:51:16.999Z,V3640186,8067,44.57152,7.97663,30894.5,-30.8,11.4,108.8,-46.8,0.7,-1.0,RS41-SG,403.700,10.4,250,8,2.6,08:29:26,
2026-09-18T11:51:17.999Z,V3640186,8068,44.57148,7.97676,30863.2,-31.4,12.0,117.6,-46.8,0.7,-1.0,RS41-SG,403.700,11.0,250,8,2.6,08:29:26,
2026-09-18T11:51:18.999Z,V3640186,8069,44.57143,7.97689,30832.3,-30.5,11.8,125.1,-46.8,0.7,-1.0,RS41-SG,403.700,11.0,250,8,2.7,08:29:26,
2026-09-18T11:51:19.999Z,V3640186,8070,44.57137,7.97700,30801.5,-31.7,10.9,127.6,-46.8,0.7,-1.0,RS41-SG,403.700,10.7,250,8,2.7,08:29:26,
2026-09-18T11:51:20.999Z,V3640186,8071,44.57131,7.97710,30769.6,-31.2,9.3,128.8,-47.0,0.7,-1.0,RS41-SG,403.700,10.7,250,9,2.7,08:29:26,
2026-09-18T11:51:21.999Z,V3640186,8072,44.57127,7.97719,30738.2,-31.2,7.0,119.2,-47.3,0.7,-1.0,RS41-SG,403.700,10.0,250,9,2.6,08:29:26,
2026-09-18T11:51:22.999Z,V3640186,8073,44.57125,7.97726,30706.8,-31.5,5.6,107.0,-47.5,0.7,-1.0,RS41-SG,403.700,10.5,250,9,2.6,08:29:26,
2026-09-18T11:51:23.999Z,V3640186,8074,44.57125,7.97732,30675.5,-30.7,4.8,86.2,-47.6,0.8,-1.0,RS41-SG,403.700,10.5,250,9,2.6,08:29:26,
2026-09-18T11:51:24.999Z,V3640186,8075,44.57126,7.97738,30645.7,-29.1,5.0,65.6,-47.8,0.8,-1.0,RS41-SG,403.700,10.3,250,9,2.7,08:29:26,
2026-09-18T11:51:25.999Z,V3640186,8076,44.57129,7.97744,30615.4,-30.8,5.8,49.8,-48.1,0.8,-1.0,RS41-SG,403.700,9.6,250,9,2.7,08:29:26,
2026-09-18T11:51:26.999Z,V3640186,8077,44.57133,7.97750,30585.5,-29.8,6.6,40.6,-48.4,0.8,-1.0,RS41-SG,403.700,9.5,250,9,2.7,08:29:26,
2026-09-18T11:51:27.999Z,V3640186,8078,44.57137,7.97756,30556.2,-29.3,7.8,47.9,-48.6,0.8,-1.0,RS41-SG,403.700,9.6,250,9,2.6,08:29:26,
2026-09-18T11:51:28.999Z,V3640186,8079,44.57142,7.97764,30525.8,-32.1,8.5,55.1,-48.8,0.8,-1.0,RS41-SG,403.700,9.6,250,9,2.6,08:29:26,
2026-09-18T11:51:29.999Z,V3640186,8080,44.57146,7.97774,30494.7,-31.9,9.9,60.3,-48.9,0.8,-1.0,RS41-SG,403.700,10.9,250,9,2.7,08:29:26,
2026-09-18T11:51:30.999Z,V3640186,8081,44.57150,7.97786,30462.5,-32.4,11.3,68.4,-49.0,0.9,-1.0,RS41-SG,403.700,11.1,250,9,2.7,08:29:26,
2026-09-18T11:51:31.999Z,V3640186,8082,44.57154,7.97801,30431.4,-30.4,13.1,70.4,-49.1,0.9,-1.0,RS41-SG,403.700,11.1,250,9,2.7,08:29:26,
2026-09-18T11:51:32.999Z,V3640186,8083,44.57158,7.97816,30401.1,-30.4,13.5,69.0,-49.3,0.9,-1.0,RS41-SG,403.700,10.5,250,9,2.6,08:29:26,
2026-09-18T11:51:33.999Z,V3640186,8084,44.57162,7.97831,30372.1,-27.8,12.8,69.6,-49.6,0.9,-1.0,RS41-SG,403.700,11.3,250,9,2.6,08:29:26,
2026-09-18T11:51:34.999Z,V3640186,8085,44.57166,7.97846,30343.8,-28.7,12.1,66.3,-49.9,0.9,-1.0,RS41-SG,403.700,11.4,250,9,2.6,08:29:26,
2026-09-18T11:51:35.999Z,V3640186,8086,44.57171,7.97859,30314.1,-30.7,11.5,67.4,-50.0,0.9,-1.0,RS41-SG,403.700,11.4,250,9,2.7,08:29:26,
2026-09-18T11:51:36.999Z,V3640186,8087,44.57175,7.97871,30284.5,-29.1,10.3,55.5,-49.9,0.9,-1.0,RS41-SG,403.700,10.5,250,9,2.7,08:29:26,
2026-09-18T11:51:37.999Z,V3640186,8088,44.57181,7.97881,30255.9,-28.8,9.3,48.5,-50.0,0.9,-1.0,RS41-SG,403.700,10.5,250,9,2.7,08:29:26,
2026-09-18T11:51:38.999Z,V3640186,8089,44.57187,7.97889,30226.2,-30.9,9.5,42.8,-50.0,0.9,-1.0,RS41-SG,403.700,10.5,250,9,2.6,08:29:26,
2026-09-18T11:51:39.999Z,V3640186,8090,44.57194,7.97896,30195.7,-30.1,10.1,28.9,-49.9,0.9,-1.0,RS41-SG,403.700,9.8,250,9,2.6,08:29:26,
2026-09-18T11:51:40.999Z,V3640186,8091,44.57202,7.97902,30166.9,-27.3,10.5,21.9,-50.0,0.9,-1.0,RS41-SG,403.700,10.3,250,9,2.7,08:29:26,
2026-09-18T11:51:41.999Z,V3640186,8092,44.57211,7.97907,30138.6,-29.3,11.6,21.3,-49.9,0.9,-1.0,RS41-SG,403.700,10.3,250,9,2.7,08:29:26,
2026-09-18T11:51:42.999Z,V3640186,8093,44.57221,7.97913,30110.1,-28.6,11.9,23.7,-49.9,0.9,-1.0,RS41-SG,403.700,9.6,250,9,2.7,08:29:26,
2026-09-18T11:51:43.999Z,V3640186,8094,44.57230,7.97919,30082.4,-28.1,11.5,28.2,-49.9,0.8,-1.0,RS41-SG,403.700,8.6,250,8,2.6,08:29:26,
2026-09-18T11:51:44.999Z,V3640186,8095,44.57239,7.97927,30054.3,-29.0,12.4,31.8,-49.9,0.8,-1.0,RS41-SG,403.700,8.7,250,9,2.6,08:29:26,
2026-09-18T11:51:45.999Z,V3640186,8096,44.57249,7.97936,30024.3,-30.2,12.5,34.2,-50.0,0.9,-1.0,RS41-SG,403.700,9.1,250,9,2.6,08:29:26,
2026-09-18T11:51:46.999Z,V3640186,8097,44.57258,7.97946,29995.0,-29.6,13.1,41.0,-50.1,0.9,-1.0,RS41-SG,403.700,9.8,250,9,2.7,08:29:26,
2026-09-18T11:51:47.999Z,V3640186,8098,44.57267,7.97957,29966.1,-28.5,13.3,43.5,-50.2,0.9,-1.0,RS41-SG,403.700,9.9,250,8,2.7,08:29:26,
2026-09-18T11:51:48.999Z,V3640186,8099,44.57275,7.97968,29938.1,-27.3,13.0,45.2,-50.1,0.9,-1.0,RS41-SG,403.700,9.9,250,9,2.7,08:29:26,
2026-09-18T11:51:49.999Z,V3640186,8100,44.57283,7.97980,29911.3,-27.0,12.4,44.7,-50.0,0.8,-1.0,RS41-SG,403.700,9.3,250,9,2.6,08:29:26,
2026-09-18T11:51:50.999Z,V3640186,8101,44.57291,7.97989,29883.4,-28.8,11.6,41.3,-49.9,0.8,-1.0,RS41-SG,403.700,9.3,250,9,2.6,08:29:26,
2026-09-18T11:51:51.999Z,V3640186,8102,44.57299,7.97998,29854.9,-29.2,10.6,32.2,-49.8,0.8,-1.0,RS41-SG,403.700,10.0,250,9,2.7,08:29:26,
2026-09-18T11:51:52.999Z,V3640186,8103,44.57306,7.98004,29826.9,-27.7,8.9,26.7,-49.7,0.8,-1.0,RS41-SG,403.700,10.0,250,9,2.7,08:29:26,
2026-09-18T11:51:53.999Z,V3640186,8104,44.57314,7.98008,29800.0,-26.1,8.6,18.3,-49.6,0.8,-1.0,RS41-SG,403.700,9.0,250,9,2.7,08:29:26,
2026-09-18T11:51:54.999Z,V3640186,8105,44.57321,7.98010,29773.1,-27.4,8.4,8.2,-49.5,0.8,-1.0,RS41-SG,403.700,9.7,250,8,2.6,08:29:26,
2026-09-18T11:51:55.999Z,V3640186,8106,44.57328,7.98011,29747.0,-25.2,7.6,1.6,-49.5,0.8,-1.0,RS41-SG,403.700,9.7,250,8,2.6,08:29:26,
2026-09-18T11:51:56.999Z,V3640186,8107,44.57335,7.98011,29720.5,-27.7,7.9,3.1,-49.4,0.8,-1.0,RS41-SG,403.700,9.1,250,8,2.6,08:29:26,
2026-09-18T11:51:57.999Z,V3640186,8108,44.57342,7.98012,29694.4,-24.9,7.6,5.3,-49.3,0.8,-1.0,RS41-SG,403.700,9.1,250,8,2.7,08:29:26,
2026-09-18T11:51:58.999Z,V3640186,8109,44.57349,7.98014,29669.7,-24.2,8.1,9.7,-49.3,0.8,-1.0,RS41-SG,403.700,9.1,250,8,2.7,08:28:35,
2026-09-18T11:51:59.999Z,V3640186,8110,44.57356,7.98016,29645.0,-25.6,8.4,11.3,-49.2,0.7,-1.0,RS41-SG,403.700,8.1,250,8,2.7,08:28:35,
2026-09-18T11:52:00.999Z,V3640186,8111,44.57363,7.98019,29620.0,-25.4,8.5,17.4,-49.2,0.7,-1.0,RS41-SG,403.700,9.0,250,8,2.7,08:28:35,
2026-09-18T11:52:01.999Z,V3640186,8112,44.57371,7.98023,29595.3,-24.9,8.7,24.4,-49.2,0.8,-1.0,RS41-SG,403.700,9.1,250,8,2.6,08:28:35,
2026-09-18T11:52:02.999Z,V3640186,8113,44.57378,7.98027,29569.8,-26.1,8.5,24.1,-49.3,0.8,-1.0,RS41-SG,403.700,9.1,250,8,2.6,08:28:35,
2026-09-18T11:52:03.999Z,V3640186,8114,44.57384,7.98031,29544.2,-25.6,7.8,19.7,-49.5,0.8,-1.0,RS41-SG,403.700,9.1,250,9,2.6,08:28:35,
2026-09-18T11:52:04.999Z,V3640186,8115,44.57390,7.98034,29518.4,-25.9,7.3,14.3,-49.6,0.8,-1.0,RS41-SG,403.700,9.0,250,8,2.7,08:28:35,
2026-09-18T11:52:05.999Z,V3640186,8116,44.57396,7.98035,29492.4,-25.9,6.5,357.6,-49.7,0.8,-1.0,RS41-SG,403.700,8.7,250,8,2.7,08:28:35,
2026-09-18T11:52:06.999Z,V3640186,8117,44.57402,7.98033,29466.7,-25.6,6.2,340.6,-49.8,0.8,-1.0,RS41-SG,403.700,9.2,250,8,2.7,08:28:35,
2026-09-18T11:52:07.999Z,V3640186,8118,44.57407,7.98030,29441.1,-26.1,6.0,329.7,-49.8,0.8,-1.0,RS41-SG,403.700,9.2,250,8,2.6,08:28:35,
2026-09-18T11:52:08.999Z,V3640186,8119,44.57410,7.98025,29415.4,-25.6,5.4,315.8,-49.8,0.8,-1.0,RS41-SG,403.700,9.6,250,8,2.6,08:28:35,
2026-09-18T11:52:09.999Z,V3640186,8120,44.57413,7.98020,29389.5,-26.5,5.0,299.7,-49.8,0.8,-1.0,RS41-SG,403.700,9.6,250,8,2.7,08:28:35,
2026-09-18T11:52:10.999Z,V3640186,8121,44.57415,7.98016,29363.9,-25.1,3.3,295.0,-49.8,0.8,-1.0,RS41-SG,403.700,8.9,250,8,2.7,08:28:35,
2026-09-18T11:52:11.999Z,V3640186,8122,44.57415,7.98013,29339.5,-23.2,1.8,267.5,-49.8,0.8,-1.0,RS41-SG,403.700,7.8,250,8,2.7,08:28:35,
2026-09-18T11:52:12.999Z,V3640186,8123,44.57415,7.98012,29314.5,-26.1,1.6,212.1,-49.8,0.8,-1.0,RS41-SG,403.700,9.5,250,9,2.6,08:28:35,
2026-09-18T11:52:13.999Z,V3640186,8124,44.57412,7.98012,29287.5,-28.1,3.5,161.2,-49.9,0.8,-1.0,RS41-SG,403.700,9.5,250,9,2.6,08:28:35,
2026-09-18T11:52:14.999Z,V3640186,8125,44.57409,7.98015,29258.8,-28.4,5.6,147.3,-50.2,0.8,-1.0,RS41-SG,403.700,8.6,250,9,2.6,08:28:35,
2026-09-18T11:52:15.999Z,V3640186,8126,44.57404,7.98020,29231.1,-27.3,7.6,144.8,-50.5,0.9,-1.0,RS41-SG,403.700,9.3,250,9,2.7,08:28:35,
2026-09-18T11:52:16.999Z,V3640186,8127,44.57398,7.98026,29203.1,-27.4,8.6,144.9,-50.7,0.9,-1.0,RS41-SG,403.700,9.5,250,9,2.7,08:28:35,
2026-09-18T11:52:17.999Z,V3640186,8128,44.57392,7.98032,29174.9,-28.6,9.1,146.1,-50.9,0.9,-1.0,RS41-SG,403.700,9.5,250,9,2.7,08:28:35,
2026-09-18T11:52:18.999Z,V3640186,8129,44.57385,7.98038,29147.7,-25.3,8.2,148.0,-51.1,0.9,-1.0,RS41-SG,403.700,9.1,250,8,2.6,08:28:35,
2026-09-18T11:52:19.999Z,V3640186,8130,44.57380,7.98043,29122.5,-25.5,7.0,147.8,-51.1,0.9,-1.0,RS41-SG,403.700,8.6,250,8,2.6,08:28:35,
2026-09-18T11:52:20.999Z,V3640186,8131,44.57374,7.98048,29097.6,-24.2,6.7,152.2,-51.2,0.9,-1.0,RS41-SG,403.700,8.6,250,9,2.7,08:28:35,
2026-09-18T11:52:21.999Z,V3640186,8132,44.57370,7.98051,29072.3,-25.8,5.5,149.4,-51.5,1.0,-1.0,RS41-SG,403.700,8.3,250,9,2.7,08:28:35,
2026-09-18T11:52:22.999Z,V3640186,8133,44.57366,7.98054,29045.9,-26.8,3.8,146.9,-51.7,1.0,-1.0,RS41-SG,403.700,8.4,250,9,2.7,08:28:35,
2026-09-18T11:52:23.999Z,V3640186,8134,44.57364,7.98057,29019.9,-25.6,2.4,139.8,-52.0,1.0,-1.0,RS41-SG,403.700,8.6,250,9,2.6,08:28:35,
2026-09-18T11:52:24.999Z,V3640186,8135,44.57362,7.98059,28994.2,-25.9,2.2,121.0,-52.3,1.0,-1.0,RS41-SG,403.700,8.6,250,9,2.6,08:28:35,
2026-09-18T11:52:26.999Z,V3640186,8137,44.57362,7.98065,28943.0,-25.1,3.4,76.9,-52.7,1.1,-1.0,RS41-SG,403.700,8.0,250,8,2.7,08:28:35,
2026-09-18T11:52:27.999Z,V3640186,8138,44.57362,7.98070,28918.3,-23.9,4.4,84.7,-52.9,1.1,-1.0,RS41-SG,403.700,8.0,250,8,2.7,08:28:35,
2026-09-18T11:52:28.999Z,V3640186,8139,44.57363,7.98076,28894.4,-24.6,5.2,81.6,-53.0,1.1,-1.0,RS41-SG,403.700,8.3,250,8,2.7,08:28:35,
2026-09-18T11:52:29.999Z,V3640186,8140,44.57363,7.98083,28869.4,-26.1,5.7,86.4,-53.0,1.0,-1.0,RS41-SG,403.700,9.0,250,8,2.6,08:28:35,
2026-09-18T11:52:30.999Z,V3640186,8141,44.57363,7.98090,28843.1,-26.8,5.5,92.3,-53.0,1.1,-1.0,RS41-SG,403.700,9.6,250,8,2.6,08:28:35,
2026-09-18T11:52:31.999Z,V3640186,8142,44.57362,7.98097,28817.1,-25.0,5.0,96.5,-53.0,1.1,-1.0,RS41-SG,403.700,9.6,250,8,2.7,08:28:35,
2026-09-18T11:52:32.999Z,V3640186,8143,44.57362,7.98103,28791.3,-26.0,4.6,100.9,-52.9,1.0,-1.0,RS41-SG,403.700,8.8,250,9,2.7,08:28:35,
2026-09-18T11:52:33.999Z,V3640186,8144,44.57360,7.98107,28765.8,-25.5,3.2,111.2,-52.9,1.0,-1.0,RS41-SG,403.700,9.6,250,8,2.7,08:28:35,
2026-09-18T11:52:34.999Z,V3640186,8145,44.57359,7.98111,28740.5,-25.6,3.3,123.2,-53.0,1.0,-1.0,RS41-SG,403.700,10.2,250,8,2.6,08:28:35,
2026-09-18T11:52:35.999Z,V3640186,8146,44.57357,7.98114,28714.5,-26.3,2.9,116.3,-53.1,1.0,-1.0,RS41-SG,403.700,10.2,250,8,2.6,08:28:35,
2026-09-18T11:52:36.999Z,V3640186,8147,44.57356,7.98118,28688.3,-26.4,3.3,107.3,-53.1,1.0,-1.0,RS41-SG,403.700,9.4,250,8,2.6,08:28:35,
2026-09-18T11:52:37.999Z,V3640186,8148,44.57356,7.98122,28661.5,-26.4,3.3,92.5,-53.1,1.0,-1.0,RS41-SG,403.700,9.3,250,8,2.7,08:28:35,
2026-09-18T11:52:38.999Z,V3640186,8149,44.57356,7.98127,28635.2,-26.2,4.2,93.1,-53.1,1.0,-1.0,RS41-SG,403.700,9.3,250,9,2.7,08:28:35,
2026-09-18T11:52:39.999Z,V3640186,8150,44.57356,7.98133,28608.5,-27.0,5.3,84.1,-53.0,1.0,-1.0,RS41-SG,403.700,8.9,250,9,2.7,08:28:35,
2026-09-18T11:52:40.999Z,V3640186,8151,44.57356,7.98141,28581.5,-27.4,6.8,83.9,-52.9,1.0,-1.0,RS41-SG,403.700,9.2,250,9,2.6,08:28:35,
2026-09-18T11:52:41.999Z,V3640186,8152,44.57357,7.98150,28554.1,-27.9,7.6,87.3,-52.8,1.0,-1.0,RS41-SG,403.700,9.2,250,8,2.6,08:28:35,
2026-09-18T11:52:42.999Z,V3640186,8153,44.57357,7.98160,28526.6,-27.6,7.9,89.2,-52.8,1.0,-1.0,RS41-SG,403.700,8.8,250,8,2.7,08:28:35,
2026-09-18T11:52:43.999Z,V3640186,8154,44.57357,7.98170,28499.4,-26.4,7.9,87.8,-52.9,1.0,-1.0,RS41-SG,403.700,9.0,250,8,2.7,08:28:35,
2026-09-18T11:52:44.999Z,V3640186,8155,44.57357,7.98179,28472.5,-26.9,7.7,86.4,-52.9,1.0,-1.0,RS41-SG,403.700,9.2,250,9,2.7,08:28:35,
2026-09-18T11:52:45.999Z,V3640186,8156,44.57357,7.98188,28445.8,-26.5,6.6,87.0,-52.9,1.0,-1.0,RS41-SG,403.700,9.2,250,8,2.6,08:28:35,
2026-09-18T11:52:46.999Z,V3640186,8157,44.57358,7.98195,28420.0,-25.6,5.2,86.7,-52.9,1.0,-1.0,RS41-SG,403.700,9.1,250,8,2.6,08:28:35,
2026-09-18T11:52:47.999Z,V3640186,8158,44.57357,7.98201,28394.1,-26.3,4.1,95.9,-53.0,1.0,-1.0,RS41-SG,403.700,9.7,250,8,2.6,08:28:35,
2026-09-18T11:52:48.999Z,V3640186,8159,44.57357,7.98206,28367.1,-27.0,3.7,95.4,-53.0,1.0,-1.0,RS41-SG,403.700,10.4,250,8,2.7,08:28:35,
2026-09-18T11:52:49.999Z,V3640186,8160,44.57357,7.98211,28340.2,-26.3,3.8,99.6,-52.9,1.0,-1.0,RS41-SG,403.700,10.4,250,8,2.7,08:27:44,
2026-09-18T11:52:50.999Z,V3640186,8161,44.57356,7.98216,28313.7,-26.3,3.8,103.1,-52.9,0.9,-1.0,RS41-SG,403.700,10.1,250,9,2.7,08:27:44,
2026-09-18T11:52:51.999Z,V3640186,8162,44.57356,7.98221,28286.9,-26.8,4.5,91.2,-52.8,0.9,-1.0,RS41-SG,403.700,10.4,250,9,2.6,08:27:44,
2026-09-18T11:52:52.999Z,V3640186,8163,44.57356,7.98227,28259.9,-27.5,5.4,85.7,-52.7,0.9,-1.0,RS41-SG,403.700,10.4,250,9,2.6,08:27:44,
2026-09-18T11:52:53.999Z,V3640186,8164,44.57357,7.98235,28232.4,-27.5,6.6,78.3,-52.6,0.9,-1.0,RS41-SG,403.700,10.0,250,8,2.7,08:27:44,
2026-09-18T11:52:54.999Z,V3640186,8165,44.57358,7.98243,28204.7,-27.9,7.2,75.3,-52.6,0.9,-1.0,RS41-SG,403.700,9.7,250,8,2.7,08:27:44,
2026-09-18T11:52:55.999Z,V3640186,8166,44.57360,7.98253,28176.7,-28.4,7.7,72.4,-52.5,0.9,-1.0,RS41-SG,403.700,10.4,250,8,2.7,08:27:44,
2026-09-18T11:52:56.999Z,V3640186,8167,44.57362,7.98262,28147.5,-30.3,8.1,70.4,-52.5,0.9,-1.0,RS41-SG,403.700,10.9,250,8,2.6,08:27:44,
2026-09-18T11:52:57.999Z,V3640186,8168,44.57365,7.98271,28117.8,-29.7,7.6,72.3,-52.5,0.9,-1.0,RS41-SG,403.700,11.0,250,8,2.6,08:27:44,
2026-09-18T11:52:58.999Z,V3640186,8169,44.57367,7.98280,28089.1,-27.6,7.1,73.3,-52.5,1.0,-1.0,RS41-SG,403.700,11.0,250,8,2.6,08:27:44,
2026-09-18T11:52:59.999Z,V3640186,8170,44.57368,7.98288,28062.8,-25.6,5.7,64.6,-52.5,0.9,-1.0,RS41-SG,403.700,10.5,250,9,2.7,08:27:44,
2026-09-18T11:53:00.999Z,V3640186,8171,44.57370,7.98293,28036.9,-25.7,4.4,62.6,-52.6,0.9,-1.0,RS41-SG,403.700,10.6,250,9,2.7,08:27:44,
2026-09-18T11:53:01.999Z,V3640186,8172,44.57372,7.98297,28010.4,-27.0,3.3,56.6,-52.6,0.9,-1.0,RS41-SG,403.700,10.6,250,9,2.7,08:27:44,
2026-09-18T11:53:02.999Z,V3640186,8173,44.57374,7.98300,27983.6,-26.0,2.0,35.9,-52.5,0.9,-1.0,RS41-SG,403.700,10.6,250,9,2.6,08:27:44,
2026-09-18T11:53:03.999Z,V3640186,8174,44.57375,7.98301,27957.8,-26.1,1.1,7.1,-52.5,0.9,-1.0,RS41-SG,403.700,10.1,250,9,2.6,08:27:44,
2026-09-18T11:53:04.999Z,V3640186,8175,44.57376,7.98300,27932.2,-25.5,1.2,335.3,-52.6,0.9,-1.0,RS41-SG,403.700,10.1,250,8,2.7,08:27:44,
2026-09-18T11:53:06.999Z,V3640186,8177,44.57379,7.98299,27879.0,-25.1,1.9,9.2,-52.6,0.9,-1.0,RS41-SG,403.700,7.6,250,9,2.7,08:27:44,
2026-09-18T11:53:07.999Z,V3640186,8178,44.57381,7.98301,27852.9,-26.4,3.1,35.8,-52.5,0.9,-1.0,RS41-SG,403.700,7.7,250,9,2.6,08:27:44,
2026-09-18T11:53:08.999Z,V3640186,8179,44.57383,7.98305,27827.3,-24.8,5.4,54.2,-52.6,0.9,-1.0,RS41-SG,403.700,9.3,250,9,2.6,08:27:44,
2026-09-18T11:53:09.999Z,V3640186,8180,44.57386,7.98312,27802.9,-24.1,6.7,59.8,-52.7,1.0,-1.0,RS41-SG,403.700,9.9,250,9,2.6,08:27:44,
2026-09-18T11:53:12.000Z,V3640186,8182,44.57391,7.98329,27753.5,-25.2,7.9,71.2,-52.7,0.9,-1.0,RS41-SG,403.700,10.0,250,9,2.7,08:27:44,
2026-09-18T11:53:13.000Z,V3640186,8183,44.57393,7.98339,27728.5,-24.2,7.5,76.0,-52.8,1.0,-1.0,RS41-SG,403.700,10.6,250,8,2.7,08:27:44,
2026-09-18T11:53:14.000Z,V3640186,8184,44.57395,7.98347,27702.5,-26.4,6.6,65.3,-52.7,1.0,-1.0,RS41-SG,403.700,10.6,250,9,2.6,08:27:44,
2026-09-18T11:53:15.000Z,V3640186,8185,44.57398,7.98353,27677.5,-23.6,5.2,50.6,-52.7,0.9,-1.0,RS41-SG,403.700,10.5,250,9,2.6,08:27:44,
2026-09-18T11:53:16.000Z,V3640186,8186,44.57401,7.98357,27652.7,-25.9,5.0,44.1,-52.7,1.0,-1.0,RS41-SG,403.700,10.5,250,9,2.7,08:27:44,
2026-09-18T11:53:17.000Z,V3640186,8187,44.57404,7.98361,27627.7,-23.1,4.2,31.7,-52.7,1.0,-1.0,RS41-SG,403.700,9.8,250,9,2.7,08:27:44,
2026-09-18T11:53:18.000Z,V3640186,8188,44.57407,7.98364,27604.6,-22.6,4.0,39.0,-52.6,1.0,-1.0,RS41-SG,403.700,11.0,250,9,2.7,08:27:44,
2026-09-18T11:53:19.000Z,V3640186,8189,44.57410,7.98367,27581.5,-24.2,3.9,38.6,-52.5,0.9,-1.0,RS41-SG,403.700,11.0,250,9,2.6,08:27:44,
2026-09-18T11:53:20.000Z,V3640186,8190,44.57413,7.98371,27555.8,-25.8,5.5,41.2,-52.3,0.9,-1.0,RS41-SG,403.700,10.8,250,9,2.6,08:27:44,
2026-09-18T11:53:21.000Z,V3640186,8191,44.57417,7.98376,27529.5,-26.8,5.6,50.2,-52.4,0.9,-1.0,RS41-SG,403.700,10.8,250,9,2.6,08:27:44,
2026-09-18T11:53:22.000Z,V3640186,8192,44.57420,7.98382,27501.1,-29.5,6.8,58.7,-52.4,0.9,-1.0,RS41-SG,403.700,10.5,250,9,2.7,08:27:44,
2026-09-18T11:53:23.000Z,V3640186,8193,44.57423,7.98390,27471.4,-29.6,7.2,53.2,-52.5,0.9,-1.0,RS41-SG,403.700,10.5,250,9,2.7,08:27:44,
2026-09-18T11:53:24.000Z,V3640186,8194,44.57427,7.98397,27441.0,-30.8,7.4,55.9,-52.5,0.9,-1.0,RS41-SG,403.700,9.6,250,9,2.7,08:27:44,
2026-09-18T11:53:25.000Z,V3640186,8195,44.57431,7.98405,27410.0,-31.4,7.7,59.5,-52.5,0.9,-1.0,RS41-SG,403.700,9.6,250,9,2.6,08:27:44,
2026-09-18T11:53:26.000Z,V3640186,8196,44.57434,7.98413,27378.6,-31.6,6.5,64.6,-52.5,0.9,-1.0,RS41-SG,403.700,10.5,250,9,2.6,08:27:44,
2026-09-18T11:53:27.000Z,V3640186,8197,44.57436,7.98420,27347.0,-31.5,5.5,62.6,-52.6,0.9,-1.0,RS41-SG,403.700,10.5,250,9,2.7,08:27:44,
2026-09-18T11:53:28.000Z,V3640186,8198,44.57438,7.98425,27315.4,-31.2,4.9,72.5,-52.6,0.9,-1.0,RS41-SG,403.700,10.5,250,9,2.7,08:27:44,
2026-09-18T11:53:29.000Z,V3640186,8199,44.57439,7.98431,27283.9,-31.5,3.9,72.0,-52.6,0.9,-1.0,RS41-SG,403.700,10.5,250,9,2.7,08:27:44,
2026-09-18T11:53:30.000Z,V3640186,8200,44.57440,7.98435,27252.8,-31.1,2.9,85.2,-52.5,0.9,-1.0,RS41-SG,403.700,10.2,250,9,2.6,08:27:44,
2026-09-18T11:53:31.000Z,V3640186,8201,44.57440,7.98438,27222.1,-30.7,2.2,73.3,-52.4,0.9,-1.0,RS41-SG,403.700,9.9,250,8,2.6,08:27:44,
2026-09-18T11:53:32.000Z,V3640186,8202,44.57441,7.98441,27191.2,-30.8,2.8,85.1,-52.3,0.9,-1.0,RS41-SG,403.700,10.3,250,8,2.6,08:27:44,
2026-09-18T11:53:33.000Z,V3640186,8203,44.57441,7.98444,27161.6,-29.1,2.2,64.2,-52.2,0.9,-1.0,RS41-SG,403.700,10.3,250,8,2.7,08:27:44,
2026-09-18T11:53:34.000Z,V3640186,8204,44.57442,7.98447,27131.9,-29.2,3.1,66.8,-52.2,0.9,-1.0,RS41-SG,403.700,9.8,250,9,2.7,08:27:44,
2026-09-18T11:53:35.000Z,V3640186,8205,44.57444,7.98450,27102.2,-29.9,3.4,48.3,-52.2,0.9,-1.0,RS41-SG,403.700,10.2,250,8,2.7,08:27:44,
2026-09-18T11:53:36.000Z,V3640186,8206,44.57446,7.98454,27072.8,-29.4,3.3,53.0,-52.2,0.9,-1.0,RS41-SG,403.700,10.2,250,8,2.6,08:27:44,
2026-09-18T11:53:37.000Z,V3640186,8207,44.57448,7.98458,27043.2,-29.3,5.4,48.4,-52.1,0.9,-1.0,RS41-SG,403.700,9.5,250,9,2.6,08:27:44,
2026-09-18T11:53:38.000Z,V3640186,8208,44.57452,7.98463,27013.6,-29.5,6.4,40.6,-52.0,0.9,-1.0,RS41-SG,403.700,10.2,250,8,2.7,08:27:44,
2026-09-18T11:53:39.000Z,V3640186,8209,44.57457,7.98468,26984.6,-28.9,6.1,37.3,-52.0,0.9,-1.0,RS41-SG,403.700,10.2,250,8,2.7,08:27:44,
2026-09-18T11:53:40.000Z,V3640186,8210,44.57461,7.98473,26955.7,-29.0,6.3,39.1,-51.9,0.9,-1.0,RS41-SG,403.700,10.0,250,8,2.7,08:27:44,
2026-09-18T11:53:41.000Z,V3640186,8211,44.57466,7.98478,26927.2,-28.9,7.1,34.3,-51.7,0.8,-1.0,RS41-SG,403.700,10.2,250,8,2.6,08:26:53,
2026-09-18T11:53:42.000Z,V3640186,8212,44.57471,7.98482,26898.4,-28.7,6.2,26.5,-51.6,0.8,-1.0,RS41-SG,403.700,10.2,250,8,2.6,08:26:53,
2026-09-18T11:53:43.000Z,V3640186,8213,44.57476,7.98486,26869.9,-28.4,5.6,27.4,-51.7,0.9,-1.0,RS41-SG,403.700,10.5,250,8,2.6,08:26:53,
2026-09-18T11:53:44.000Z,V3640186,8214,44.57480,7.98488,26841.3,-28.0,5.5,23.8,-51.7,0.9,-1.0,RS41-SG,403.700,10.5,250,8,2.7,08:26:53,
2026-09-18T11:53:45.000Z,V3640186,8215,44.57484,7.98491,26813.0,-28.3,4.0,24.7,-51.7,0.9,-1.0,RS41-SG,403.700,9.2,250,8,2.7,08:26:53,
2026-09-18T11:53:46.000Z,V3640186,8216,44.57487,7.98493,26784.3,-28.3,3.9,27.6,-51.7,0.9,-1.0,RS41-SG,403.700,10.3,250,8,2.7,08:26:53,
2026-09-18T11:53:47.000Z,V3640186,8217,44.57490,7.98495,26755.6,-28.6,3.1,23.4,-51.8,0.9,-1.0,RS41-SG,403.700,10.3,250,8,2.6,08:26:53,
2026-09-18T11:53:48.000Z,V3640186,8218,44.57493,7.98497,26726.6,-29.0,2.8,35.5,-51.7,0.9,-1.0,RS41-SG,403.700,11.1,250,9,2.6,08:26:53,
2026-09-18T11:53:49.000Z,V3640186,8219,44.57495,7.98498,26697.7,-28.8,2.5,28.6,-51.8,0.9,-1.0,RS41-SG,403.700,11.1,250,9,2.7,08:26:53,
2026-09-18T11:53:50.000Z,V3640186,8220,44.57496,7.98500,26669.5,-28.1,1.6,43.1,-51.8,0.9,-1.0,RS41-SG,403.700,10.4,250,8,2.7,08:26:53,
2026-09-18T11:53:51.000Z,V3640186,8221,44.57498,7.98502,26641.2,-28.4,2.9,34.7,-51.8,0.9,-1.0,RS41-SG,403.700,10.7,250,9,2.7,08:26:53,
2026-09-18T11:53:52.000Z,V3640186,8222,44.57500,7.98504,26613.5,-27.7,2.8,21.1,-51.7,0.9,-1.0,RS41-SG,403.700,10.7,250,9,2.6,08:26:53,
2026-09-18T11:53:53.000Z,V3640186,8223,44.57503,7.98505,26586.5,-27.5,3.4,20.8,-51.6,0.9,-1.0,RS41-SG,403.700,10.5,250,8,2.6,08:26:53,
2026-09-18T11:53:54.000Z,V3640186,8224,44.57506,7.98506,26558.9,-27.3,3.5,7.3,-51.7,0.9,-1.0,RS41-SG,403.700,10.5,250,9,2.6,08:26:53,
2026-09-18T11:53:55.000Z,V3640186,8225,44.57508,7.98506,26531.8,-27.8,2.9,3.0,-51.7,0.9,-1.0,RS41-SG,403.700,9.6,250,9,2.7,08:26:53,
2026-09-18T11:53:56.000Z,V3640186,8226,44.57511,7.98507,26504.2,-27.4,2.9,9.0,-51.8,0.9,-1.0,RS41-SG,403.700,9.9,250,8,2.7,08:26:53,
2026-09-18T11:53:57.000Z,V3640186,8227,44.57513,7.98507,26477.1,-27.5,2.5,352.1,-51.9,0.9,-1.0,RS41-SG,403.700,9.9,250,8,2.7,08:26:53,
2026-09-18T11:53:58.000Z,V3640186,8228,44.57515,7.98506,26450.1,-27.7,1.6,348.8,-52.0,0.9,-1.0,RS41-SG,403.700,9.6,250,9,2.6,08:26:53,
2026-09-18T11:53:59.000Z,V3640186,8229,44.57516,7.98507,26422.6,-27.0,1.6,29.7,-52.2,0.9,-1.0,RS41-SG,403.700,9.6,250,9,2.6,08:26:53,
2026-09-18T11:54:00.000Z,V3640186,8230,44.57517,7.98507,26395.5,-27.5,0.4,37.3,-52.2,0.9,-1.0,RS41-SG,403.700,9.4,250,8,2.7,08:26:53,
2026-09-18T11:54:01.000Z,V3640186,8231,44.57517,7.98508,26367.7,-28.0,1.1,72.1,-52.2,0.9,-1.0,RS41-SG,403.700,9.3,250,9,2.7,08:26:53,
2026-09-18T11:54:02.000Z,V3640186,8232,44.57518,7.98509,26339.7,-27.9,0.7,59.4,-52.1,0.9,-1.0,RS41-SG,403.700,9.3,250,9,2.7,08:26:53,
2026-09-18T11:54:03.000Z,V3640186,8233,44.57518,7.98510,26312.4,-27.5,0.9,111.3,-52.0,0.9,-1.0,RS41-SG,403.700,8.2,250,8,2.6,08:26:53,
2026-09-18T11:54:04.000Z,V3640186,8234,44.57518,7.98512,26285.1,-27.2,1.8,78.3,-52.2,0.9,-1.0,RS41-SG,403.700,8.2,250,9,2.6,08:26:53,
2026-09-18T11:54:05.000Z,V3640186,8235,44.57519,7.98514,26257.7,-27.4,1.7,67.5,-52.5,1.0,-1.0,RS41-SG,403.700,7.7,250,9,2.6,08:26:53,
2026-09-18T11:54:06.000Z,V3640186,8236,44.57519,7.98516,26230.4,-26.8,2.2,86.5,-52.6,1.0,-1.0,RS41-SG,403.700,7.7,250,9,2.7,08:26:53,
2026-09-18T11:54:08.000Z,V3640186,8238,44.57519,7.98523,26176.4,-27.0,3.5,99.1,-52.7,1.0,-1.0,RS41-SG,403.700,7.4,250,9,2.7,08:26:53,
2026-09-18T11:54:09.000Z,V3640186,8239,44.57518,7.98528,26149.5,-27.4,3.8,101.5,-52.9,1.0,-1.0,RS41-SG,403.700,7.4,250,8,2.6,08:26:53,
2026-09-18T11:54:10.000Z,V3640186,8240,44.57517,7.98533,26122.5,-27.9,4.7,110.8,-53.0,1.0,-1.0,RS41-SG,403.700,8.2,250,9,2.6,08:26:53,
2026-09-18T11:54:11.000Z,V3640186,8241,44.57516,7.98539,26094.4,-27.9,5.3,108.2,-53.1,1.0,-1.0,RS41-SG,403.700,9.0,250,9,2.7,08:26:53,
2026-09-18T11:54:12.000Z,V3640186,8242,44.57514,7.98545,26067.1,-27.0,5.7,116.2,-53.2,1.0,-1.0,RS41-SG,403.700,9.3,250,8,2.7,08:26:53,
2026-09-18T11:54:13.000Z,V3640186,8243,44.57512,7.98552,26039.5,-27.6,5.7,107.0,-53.3,1.0,-1.0,RS41-SG,403.700,9.3,250,9,2.6,08:26:53,
2026-09-18T11:54:14.000Z,V3640186,8244,44.57510,7.98559,26012.0,-27.7,5.9,112.5,-53.3,1.0,-1.0,RS41-SG,403.700,8.6,250,9,2.6,08:26:53,
2026-09-18T11:54:15.000Z,V3640186,8245,44.57509,7.98565,25984.7,-27.3,5.8,99.6,-53.3,1.0,-1.0,RS41-SG,403.700,8.6,250,9,2.7,08:26:53,
2026-09-18T11:54:16.000Z,V3640186,8246,44.57508,7.98573,25957.3,-27.4,5.6,101.3,-53.4,1.0,-1.0,RS41-SG,403.700,9.0,250,9,2.7,08:26:53,
2026-09-18T11:54:17.000Z,V3640186,8247,44.57507,7.98580,25930.1,-27.6,6.5,94.7,-53.5,1.0,-1.0,RS41-SG,403.700,9.0,250,8,2.7,08:26:53,
2026-09-18T11:54:18.000Z,V3640186,8248,44.57507,7.98588,25902.8,-27.2,5.9,91.3,-53.5,1.0,-1.0,RS41-SG,403.700,8.6,250,8,2.6,08:26:53,
2026-09-18T11:54:19.000Z,V3640186,8249,44.57507,7.98596,25875.7,-27.4,6.3,91.0,-53.6,1.1,-1.0,RS41-SG,403.700,8.5,250,8,2.6,08:26:53,
2026-09-18T11:54:20.000Z,V3640186,8250,44.57507,7.98605,25848.7,-27.2,7.4,86.6,-53.8,1.0,-1.0,RS41-SG,403.700,8.9,250,8,2.6,08:26:53,
2026-09-18T11:54:21.000Z,V3640186,8251,44.57508,7.98613,25821.4,-27.5,6.8,85.3,-53.9,1.1,-1.0,RS41-SG,403.700,8.9,250,8,2.7,08:26:53,
2026-09-18T11:54:22.000Z,V3640186,8252,44.57508,7.98622,25794.4,-26.9,7.2,85.5,-54.0,1.1,-1.0,RS41-SG,403.700,8.5,250,9,2.7,08:26:53,
2026-09-18T11:54:23.000Z,V3640186,8253,44.57509,7.98631,25767.1,-27.2,7.6,81.8,-54.1,1.0,-1.0,RS41-SG,403.700,8.5,250,9,2.7,08:26:53,
2026-09-18T11:54:24.000Z,V3640186,8254,44.57510,7.98640,25739.7,-27.1,7.2,77.1,-54.1,1.0,-1.0,RS41-SG,403.700,8.4,250,9,2.6,08:26:53,
2026-09-18T11:54:25.000Z,V3640186,8255,44.57512,7.98649,25712.5,-27.7,7.5,75.6,-54.1,1.0,-1.0,RS41-SG,403.700,8.4,250,9,2.6,08:26:53,
2026-09-18T11:54:26.000Z,V3640186,8256,44.57514,7.98658,25684.5,-27.6,7.8,70.5,-54.2,1.0,-1.0,RS41-SG,403.700,8.1,250,9,2.7,08:26:53,
2026-09-18T11:54:27.000Z,V3640186,8257,44.57516,7.98666,25657.2,-27.4,7.2,62.8,-54.4,1.1,-1.0,RS41-SG,403.700,7.8,250,8,2.7,08:26:53,
2026-09-18T11:54:28.000Z,V3640186,8258,44.57519,7.98674,25629.5,-28.1,7.4,60.6,-54.6,1.1,-1.0,RS41-SG,403.700,8.2,250,9,2.7,08:26:53,
2026-09-18T11:54:29.000Z,V3640186,8259,44.57523,7.98682,25601.8,-27.2,7.9,53.9,-54.8,1.1,-1.0,RS41-SG,403.700,8.3,250,9,2.6,08:26:53,
2026-09-18T11:54:30.000Z,V3640186,8260,44.57527,7.98690,25575.2,-27.1,7.1,58.3,-54.8,1.1,-1.0,RS41-SG,403.700,8.3,250,8,2.6,08:26:53,
2026-09-18T11:54:32.000Z,V3640186,8262,44.57535,7.98707,25521.8,-27.0,7.8,54.8,-55.0,1.1,-1.0,RS41-SG,403.700,7.7,250,8,2.7,08:26:02,
2026-09-18T11:54:36.000Z,V3640186,8266,44.57550,7.98738,25414.4,-26.4,6.8,48.3,-55.0,1.1,-1.0,RS41-SG,403.700,7.5,250,8,2.6,08:26:02,
2026-09-18T11:54:37.000Z,V3640186,8267,44.57554,7.98744,25387.5,-27.3,6.9,43.8,-55.0,1.1,-1.0,RS41-SG,403.700,8.1,250,9,2.7,08:26:02,
2026-09-18T11:54:38.000Z,V3640186,8268,44.57559,7.98749,25360.1,-27.5,5.9,28.2,-54.9,1.1,-1.0,RS41-SG,403.700,8.1,250,9,2.7,08:26:02,
2026-09-18T11:54:39.000Z,V3640186,8269,44.57563,7.98751,25333.4,-27.1,5.3,16.7,-55.0,1.1,-1.0,RS41-SG,403.700,8.1,250,9,2.6,08:26:02,
2026-09-18T11:54:40.000Z,V3640186,8270,44.57568,7.98753,25306.5,-26.9,5.9,7.4,-55.1,1.1,-1.0,RS41-SG,403.700,8.7,250,9,2.6,08:26:02,
2026-09-18T11:54:41.000Z,V3640186,8271,44.57574,7.98752,25279.4,-26.8,6.5,348.8,-55.2,1.1,-1.0,RS41-SG,403.700,8.7,250,9,2.7,08:26:02,
2026-09-18T11:54:42.000Z,V3640186,8272,44.57579,7.98750,25252.7,-26.7,5.7,337.3,-55.1,1.1,-1.0,RS41-SG,403.700,9.1,250,9,2.7,08:26:02,
2026-09-18T11:54:43.000Z,V3640186,8273,44.57583,7.98747,25226.5,-26.0,5.9,335.3,-55.0,1.1,-1.0,RS41-SG,403.700,9.1,250,9,2.7,08:26:02,
2026-09-18T11:54:44.000Z,V3640186,8274,44.57588,7.98743,25201.9,-22.7,6.7,326.8,-55.0,1.1,-1.0,RS41-SG,403.700,8.8,250,8,2.6,08:26:02,
2026-09-18T11:54:45.000Z,V3640186,8275,44.57593,7.98738,25179.3,-23.3,5.6,320.0,-54.9,1.1,-1.0,RS41-SG,403.700,8.3,250,8,2.6,08:26:02,
2026-09-18T11:54:46.000Z,V3640186,8276,44.57596,7.98734,25156.2,-22.6,5.3,326.5,-54.9,1.1,-1.0,RS41-SG,403.700,9.0,250,8,2.6,08:26:02,
2026-09-18T11:54:47.000Z,V3640186,8277,44.57600,7.98731,25134.2,-20.9,4.2,324.5,-54.8,1.1,-1.0,RS41-SG,403.700,9.0,250,8,2.7,08:26:02,
2026-09-18T11:54:48.000Z,V3640186,8278,44.57603,7.98728,25112.1,-21.9,3.9,330.3,-54.8,1.1,-1.0,RS41-SG,403.700,8.5,250,8,2.7,08:26:02,
2026-09-18T11:54:49.000Z,V3640186,8279,44.57606,7.98726,25090.3,-21.4,3.1,327.1,-54.9,1.1,-1.0,RS41-SG,403.700,8.5,250,8,2.7,08:26:02,
2026-09-18T11:54:51.000Z,V3640186,8281,44.57610,7.98723,25046.5,-21.5,2.3,334.4,-54.7,1.1,-1.0,RS41-SG,403.700,8.6,250,9,2.6,08:26:02,
2026-09-18T11:54:52.000Z,V3640186,8282,44.57611,7.98721,25025.7,-20.0,2.0,297.4,-54.6,1.1,-1.0,RS41-SG,403.700,8.6,250,9,2.7,08:26:02,
2026-09-18T11:54:53.000Z,V3640186,8283,44.57612,7.98719,25005.2,-20.7,2.1,302.4,-54.4,1.0,-1.0,RS41-SG,403.700,7.7,250,9,2.7,08:26:02,
2026-09-18T11:54:54.000Z,V3640186,8284,44.57613,7.98717,24984.3,-21.2,1.4,296.4,-54.3,1.0,-1.0,RS41-SG,403.700,8.1,250,8,2.7,08:26:02,
2026-09-18T11:55:01.000Z,V3640186,8291,44.57630,7.98730,24829.2,-21.0,5.9,34.5,-53.8,1.0,-1.0,RS41-SG,403.700,7.9,250,8,2.6,08:26:02,
2026-09-18T11:55:02.000Z,V3640186,8292,44.57635,7.98734,24808.0,-21.7,6.0,39.6,-53.9,1.0,-1.0,RS41-SG,403.700,7.9,250,8,2.6,08:26:02,
2026-09-18T11:55:03.000Z,V3640186,8293,44.57638,7.98739,24785.7,-22.8,5.4,38.5,-53.9,1.0,-1.0,RS41-SG,403.700,7.7,250,8,2.7,08:26:02,
2026-09-18T11:55:05.000Z,V3640186,8295,44.57644,7.98746,24741.4,-22.2,3.7,45.6,-54.7,1.1,-1.0,RS41-SG,403.700,7.6,250,9,2.6,08:26:02,
2026-09-18T11:55:06.000Z,V3640186,8296,44.57646,7.98749,24719.9,-22.1,2.8,45.2,-55.2,1.2,-1.0,RS41-SG,403.700,7.6,250,9,2.6,08:26:02,
2026-09-18T11:55:07.000Z,V3640186,8297,44.57647,7.98751,24698.5,-21.2,2.9,46.7,-55.6,1.2,-1.0,RS41-SG,403.700,8.4,250,9,2.7,08:26:02,
2026-09-18T11:55:09.000Z,V3640186,8299,44.57651,7.98757,24657.0,-19.4,3.7,38.9,-55.7,1.2,-1.0,RS41-SG,403.700,7.4,250,8,2.7,08:26:02,
2026-09-18T11:55:10.000Z,V3640186,8300,44.57654,7.98760,24636.4,-20.6,3.7,40.1,-55.6,1.2,-1.0,RS41-SG,403.700,7.7,250,8,2.6,08:26:02,
2026-09-18T11:55:11.000Z,V3640186,8301,44.57657,7.98762,24616.2,-20.5,4.0,32.4,-55.5,1.2,-1.0,RS41-SG,403.700,7.8,250,9,2.6,08:26:02,
2026-09-18T11:55:13.000Z,V3640186,8303,44.57664,7.98768,24573.9,-20.2,5.3,21.7,-55.3,1.2,-1.0,RS41-SG,403.700,8.1,250,8,2.7,08:26:02,
2026-09-18T11:55:14.000Z,V3640186,8304,44.57669,7.98770,24553.5,-20.1,6.0,11.7,-55.4,1.2,-1.0,RS41-SG,403.700,8.1,250,9,2.7,08:26:02,
2026-09-18T11:55:16.000Z,V3640186,8306,44.57679,7.98772,24514.3,-19.7,4.4,7.1,-55.3,1.1,-1.0,RS41-SG,403.700,7.9,250,8,2.6,08:26:02,
2026-09-18T11:55:17.000Z,V3640186,8307,44.57682,7.98772,24494.7,-20.2,4.0,3.0,-55.3,1.2,-1.0,RS41-SG,403.700,8.4,250,8,2.6,08:26:02,
2026-09-18T11:55:18.000Z,V3640186,8308,44.57686,7.98772,24475.2,-19.4,3.6,3.1,-55.2,1.1,-1.0,RS41-SG,403.700,8.4,250,8,2.7,08:26:02,
2026-09-18T11:55:19.000Z,V3640186,8309,44.57688,7.98773,24456.1,-18.5,3.0,11.2,-55.1,1.1,-1.0,RS41-SG,403.700,7.8,250,9,2.7,08:26:02,
2026-09-18T11:55:20.000Z,V3640186,8310,44.57691,7.98773,24436.1,-20.3,2.7,11.9,-55.0,1.1,-1.0,RS41-SG,403.700,7.8,250,9,2.6,08:26:02,
2026-09-18T11:55:21.000Z,V3640186,8311,44.57693,7.98774,24416.5,-19.4,1.8,30.2,-55.0,1.1,-1.0,RS41-SG,403.700,7.9,250,8,2.6,08:26:02,
2026-09-18T11:55:23.000Z,V3640186,8313,44.57696,7.98778,24377.0,-20.6,3.1,58.1,-55.0,1.1,-1.0,RS41-SG,403.700,9.2,250,9,2.7,08:25:11,
2026-09-18T11:55:24.000Z,V3640186,8314,44.57697,7.98782,24355.4,-21.0,2.8,64.9,-55.1,1.1,-1.0,RS41-SG,403.700,9.2,250,9,2.7,08:25:11,
2026-09-18T11:55:25.000Z,V3640186,8315,44.57699,7.98785,24334.2,-20.7,2.9,59.6,-55.1,1.1,-1.0,RS41-SG,403.700,9.1,250,9,2.6,08:25:11,
2026-09-18T11:55:26.000Z,V3640186,8316,44.57700,7.98788,24312.9,-21.8,2.5,62.5,-55.1,1.1,-1.0,RS41-SG,403.700,8.6,250,9,2.6,08:25:11,
2026-09-18T11:55:27.000Z,V3640186,8317,44.57701,7.98791,24290.9,-22.1,2.4,63.3,-55.1,1.1,-1.0,RS41-SG,403.700,9.1,250,9,2.6,08:25:11,
2026-09-18T11:55:28.000Z,V3640186,8318,44.57702,7.98792,24269.1,-21.3,0.8,61.9,-55.3,1.1,-1.0,RS41-SG,403.700,9.1,250,9,2.7,08:25:11,
2026-09-18T11:55:29.000Z,V3640186,8319,44.57702,7.98793,24247.5,-20.8,1.1,341.2,-55.5,1.1,-1.0,RS41-SG,403.700,9.3,250,9,2.7,08:25:11,
2026-09-18T11:55:30.000Z,V3640186,8320,44.57703,7.98791,24226.2,-21.4,1.4,281.2,-55.6,1.1,-1.0,RS41-SG,403.700,9.3,250,9,2.7,08:25:11,
2026-09-18T11:55:31.000Z,V3640186,8321,44.57703,7.98789,24204.5,-22.0,2.4,274.7,-55.8,1.2,-1.0,RS41-SG,403.700,9.1,250,9,2.6,08:25:11,
2026-09-18T11:55:36.000Z,V3640186,8326,44.57701,7.98771,24102.9,-21.2,2.6,253.1,-56.3,1.2,-1.0,RS41-SG,403.700,7.2,250,9,2.7,08:25:11,
2026-09-18T11:55:37.000Z,V3640186,8327,44.57700,7.98769,24081.1,-21.9,1.3,239.2,-56.4,1.2,-1.0,RS41-SG,403.700,8.6,250,9,2.6,08:25:11,
2026-09-18T11:55:38.000Z,V3640186,8328,44.57699,7.98768,24058.9,-22.0,1.1,171.0,-56.4,1.2,-1.0,RS41-SG,403.700,8.8,250,9,2.6,08:25:11,
2026-09-18T11:55:39.000Z,V3640186,8329,44.57698,7.98769,24037.6,-21.1,1.4,134.2,-56.5,1.2,-1.0,RS41-SG,403.700,9.1,250,9,2.7,08:25:11,
2026-09-18T11:55:40.000Z,V3640186,8330,44.57698,7.98771,24016.9,-20.1,2.0,105.1,-56.5,1.2,-1.0,RS41-SG,403.700,9.1,250,9,2.7,08:25:11,
2026-09-18T11:55:41.000Z,V3640186,8331,44.57698,7.98774,23995.9,-20.8,2.3,82.9,-56.4,1.2,-1.0,RS41-SG,403.700,9.1,250,9,2.7,08:25:11,
2026-09-18T11:55:42.000Z,V3640186,8332,44.57698,7.98777,23975.8,-20.4,2.7,81.5,-56.4,1.2,-1.0,RS41-SG,403.700,8.9,250,9,2.6,08:25:11,
2026-09-18T11:55:43.000Z,V3640186,8333,44.57698,7.98780,23955.6,-20.0,2.7,76.2,-56.4,1.2,-1.0,RS41-SG,403.700,8.9,250,9,2.6,08:25:11,
2026-09-18T11:55:44.000Z,V3640186,8334,44.57699,7.98783,23934.9,-21.3,2.5,63.5,-56.4,1.2,-1.0,RS41-SG,403.700,8.8,250,9,2.6,08:25:11,
2026-09-18T11:55:45.000Z,V3640186,8335,44.57700,7.98785,23914.7,-19.4,2.6,39.5,-56.3,1.2,-1.0,RS41-SG,403.700,8.5,250,9,2.7,08:25:11,
2026-09-18T11:55:46.000Z,V3640186,8336,44.57702,7.98787,23897.2,-17.1,2.9,11.2,-56.2,1.2,-1.0,RS41-SG,403.700,8.1,250,9,2.7,08:25:11,
2026-09-18T11:55:47.000Z,V3640186,8337,44.57705,7.98787,23879.0,-18.7,3.5,359.3,-56.2,1.2,-1.0,RS41-SG,403.700,8.5,250,9,2.7,08:25:11,
2026-09-18T11:55:48.000Z,V3640186,8338,44.57709,7.98787,23859.8,-20.0,4.2,354.7,-56.1,1.2,-1.0,RS41-SG,403.700,8.8,250,9,2.6,08:25:11,
2026-09-18T11:55:49.000Z,V3640186,8339,44.57713,7.98786,23838.9,-21.5,4.5,354.8,-56.0,1.1,-1.0,RS41-SG,403.700,8.8,250,9,2.6,08:25:11,
2026-09-18T11:55:50.000Z,V3640186,8340,44.57717,7.98786,23818.1,-20.3,4.6,350.4,-56.0,1.1,-1.0,RS41-SG,403.700,8.8,250,8,2.6,08:25:11,
2026-09-18T11:55:51.000Z,V3640186,8341,44.57721,7.98785,23797.9,-20.7,4.6,347.6,-55.9,1.1,-1.0,RS41-SG,403.700,8.8,250,8,2.7,08:25:11,
2026-09-18T11:55:52.000Z,V3640186,8342,44.57725,7.98783,23777.0,-20.7,4.5,343.4,-55.9,1.1,-1.0,RS41-SG,403.700,8.8,250,9,2.7,08:25:11,
2026-09-18T11:55:53.000Z,V3640186,8343,44.57728,7.98782,23756.3,-21.2,3.6,344.7,-56.0,1.2,-1.0,RS41-SG,403.700,8.1,250,9,2.7,08:25:11,
2026-09-18T11:55:54.000Z,V3640186,8344,44.57731,7.98780,23735.5,-20.1,3.0,333.0,-56.1,1.2,-1.0,RS41-SG,403.700,8.7,250,9,2.6,08:25:11,
2026-09-18T11:55:55.000Z,V3640186,8345,44.57733,7.98778,23715.3,-20.9,2.7,323.4,-56.1,1.1,-1.0,RS41-SG,403.700,9.5,250,9,2.6,08:25:11,
2026-09-18T11:55:58.000Z,V3640186,8348,44.57738,7.98772,23658.9,-19.4,2.4,318.9,-56.1,1.2,-1.0,RS41,403.700,8.5,250,9,2.6,08:25:11,
2026-09-18T11:55:59.000Z,V3640186,8349,44.57740,7.98770,23640.2,-18.4,3.0,332.7,-56.1,1.2,-1.0,RS41,403.700,8.5,250,9,2.6,08:25:11,
2026-09-18T11:56:00.000Z,V3640186,8350,44.57743,7.98769,23621.3,-20.1,3.2,340.6,-56.0,1.1,-1.0,RS41,403.700,8.7,250,9,2.7,08:25:11,
2026-09-18T11:56:01.000Z,V3640186,8351,44.57746,7.98768,23601.6,-18.8,3.4,352.0,-55.9,1.2,-1.0,RS41,403.700,9.8,250,9,2.7,08:25:11,
2026-09-18T11:56:02.000Z,V3640186,8352,44.57749,7.98768,23583.2,-17.9,3.7,4.3,-55.7,1.1,-1.0,RS41,403.700,9.8,250,9,2.7,08:25:11,
2026-09-18T11:56:03.000Z,V3640186,8353,44.57752,7.98768,23565.7,-18.7,3.6,358.9,-55.6,1.1,-1.0,RS41,403.700,7.7,250,9,2.6,08:25:11,
2026-09-18T11:56:04.000Z,V3640186,8354,44.57755,7.98768,23547.1,-18.8,3.1,357.8,-55.5,1.1,-1.0,RS41,403.700,8.1,250,9,2.6,08:25:11,
2026-09-18T11:56:05.000Z,V3640186,8355,44.57758,7.98768,23528.0,-19.6,3.0,359.5,-55.4,1.1,-1.0,RS41,403.700,9.8,250,9,2.6,08:25:11,
2026-09-18T11:56:06.000Z,V3640186,8356,44.57760,7.98768,23509.8,-16.7,2.1,339.2,-55.5,1.1,-1.0,RS41,403.700,9.9,250,9,2.7,08:25:11,
2026-09-18T11:56:07.000Z,V3640186,8357,44.57762,7.98767,23491.5,-19.3,1.9,330.6,-55.4,1.1,-1.0,RS41,403.700,9.9,250,9,2.7,08:25:11,
2026-09-18T11:56:08.000Z,V3640186,8358,44.57763,7.98765,23472.4,-19.3,2.0,311.2,-55.4,1.1,-1.0,RS41,403.700,9.9,250,9,2.7,08:25:11,
2026-09-18T11:56:09.000Z,V3640186,8359,44.57764,7.98763,23453.4,-19.1,2.2,299.3,-55.4,1.1,-1.0,RS41,403.700,9.9,250,8,2.6,08:25:11,
2026-09-18T11:56:10.000Z,V3640186,8360,44.57765,7.98760,23434.2,-19.3,2.5,293.0,-55.3,1.1,-1.0,RS41,403.700,9.3,250,9,2.6,08:25:11,
2026-09-18T11:56:11.000Z,V3640186,8361,44.57766,7.98757,23414.7,-19.4,2.8,295.3,-55.3,1.1,-1.0,RS41,403.700,9.5,250,9,2.6,08:25:11,
2026-09-18T11:56:12.000Z,V3640186,8362,44.57767,7.98754,23395.5,-19.8,2.8,296.9,-55.3,1.1,-1.0,RS41,403.700,9.5,250,9,2.7,08:25:11,
2026-09-18T11:56:13.000Z,V3640186,8363,44.57768,7.98751,23375.9,-19.5,2.3,299.5,-55.3,1.1,-1.0,RS41,403.700,10.0,250,9,2.7,08:25:11,
2026-09-18T11:56:14.000Z,V3640186,8364,44.57769,7.98748,23355.9,-21.0,2.0,288.6,-55.3,1.1,-1.0,RS41,403.700,10.0,250,9,2.7,08:24:20,
2026-09-18T11:56:15.000Z,V3640186,8365,44.57769,7.98746,23334.8,-21.7,1.5,282.0,-55.3,1.1,-1.0,RS41,403.700,9.0,250,9,2.6,08:24:20,
2026-09-18T11:56:16.000Z,V3640186,8366,44.57769,7.98745,23313.3,-22.3,1.3,253.4,-55.2,1.1,-1.0,RS41,403.700,10.9,250,9,2.6,08:24:20,
2026-09-18T11:56:17.000Z,V3640186,8367,44.57769,7.98743,23291.2,-22.2,1.4,244.3,-55.0,1.1,-1.0,RS41,403.700,10.9,250,9,2.7,08:24:20,
2026-09-18T11:56:18.000Z,V3640186,8368,44.57768,7.98742,23268.7,-22.5,2.0,199.3,-55.0,1.1,-1.0,RS41,403.700,9.5,250,9,2.7,08:24:20,
2026-09-18T11:56:19.000Z,V3640186,8369,44.57765,7.98741,23246.4,-23.0,3.5,198.3,-55.0,1.0,-1.0,RS41,403.700,9.7,250,9,2.6,08:24:20,
2026-09-18T11:56:20.000Z,V3640186,8370,44.57762,7.98740,23223.5,-22.6,3.6,186.2,-54.9,1.1,-1.0,RS41,403.700,9.7,250,9,2.6,08:24:20,
2026-09-18T11:56:21.000Z,V3640186,8371,44.57759,7.98739,23200.7,-23.1,4.3,189.9,-54.8,1.1,-1.0,RS41,403.700,9.5,250,8,2.7,08:24:20,
2026-09-18T11:56:22.000Z,V3640186,8372,44.57755,7.98738,23178.0,-22.2,4.7,184.9,-54.7,1.0,-1.0,RS41,403.700,8.9,250,9,2.7,08:24:20,
2026-09-18T11:56:24.000Z,V3640186,8374,44.57746,7.98738,23133.9,-22.1,4.9,179.8,-54.6,1.0,-1.0,RS41,403.700,8.7,250,9,2.6,08:24:20,
2026-09-18T11:56:25.000Z,V3640186,8375,44.57742,7.98738,23111.6,-22.6,3.8,174.6,-54.6,1.0,-1.0,RS41,403.700,9.4,250,9,2.6,08:24:20,
2026-09-18T11:56:26.000Z,V3640186,8376,44.57739,7.98739,23088.9,-23.0,3.2,171.0,-54.7,1.1,-1.0,RS41,403.700,11.0,250,9,2.6,08:24:20,
2026-09-18T11:56:27.000Z,V3640186,8377,44.57737,7.98740,23065.2,-23.3,2.2,158.6,-54.6,1.1,-1.0,RS41,403.700,11.0,250,9,2.7,08:24:20,
2026-09-18T11:56:28.000Z,V3640186,8378,44.57736,7.98741,23041.5,-23.5,1.4,133.1,-54.6,1.1,-1.0,RS41,403.700,10.8,250,9,2.7,08:24:20,
2026-09-18T11:56:29.000Z,V3640186,8379,44.57736,7.98742,23018.2,-23.3,1.0,90.2,-54.6,1.1,-1.0,RS41,403.700,11.5,250,9,2.7,08:24:20,
2026-09-18T11:56:30.000Z,V3640186,8380,44.57736,7.98744,22995.0,-23.5,1.4,63.6,-54.7,1.1,-1.0,RS41,403.700,11.5,250,9,2.6,08:24:20,
2026-09-18T11:56:31.000Z,V3640186,8381,44.57736,7.98745,22971.7,-23.2,1.7,66.5,-54.7,1.1,-1.0,RS41,403.700,10.6,250,8,2.6,08:24:20,
2026-09-18T11:56:32.000Z,V3640186,8382,44.57737,7.98747,22949.2,-22.4,0.9,72.2,-54.8,1.1,-1.0,RS41,403.700,10.2,250,8,2.6,08:24:20,
2026-09-18T11:56:33.000Z,V3640186,8383,44.57737,7.98748,22926.9,-22.4,0.5,100.5,-54.8,1.1,-1.0,RS41,403.700,9.7,250,8,2.7,08:24:20,
2026-09-18T11:56:34.000Z,V3640186,8384,44.57737,7.98748,22904.4,-22.5,0.2,231.0,-54.8,1.1,-1.0,RS41,403.700,10.3,250,8,2.7,08:24:20,
2026-09-18T11:56:35.000Z,V3640186,8385,44.57736,7.98748,22881.7,-22.9,0.7,198.8,-54.7,1.1,-1.0,RS41,403.700,10.7,250,8,2.7,08:24:20,
2026-09-18T11:56:36.000Z,V3640186,8386,44.57736,7.98747,22857.9,-24.3,1.2,198.9,-54.7,1.1,-1.0,RS41,403.700,10.7,250,8,2.6,08:24:20,
2026-09-18T11:56:37.000Z,V3640186,8387,44.57734,7.98747,22833.6,-24.0,1.6,190.3,-54.7,1.1,-1.0,RS41,403.700,10.8,250,8,2.6,08:24:20,
2026-09-18T11:56:38.000Z,V3640186,8388,44.57733,7.98747,22810.4,-23.2,1.7,179.1,-54.7,1.1,-1.0,RS41,403.700,10.8,250,8,2.6,08:24:20,
2026-09-18T11:56:39.000Z,V3640186,8389,44.57731,7.98747,22789.3,-19.2,2.1,183.0,-54.7,1.1,-1.0,RS41,403.700,10.2,250,8,2.7,08:24:20,
2026-09-18T11:56:40.000Z,V3640186,8390,44.57729,7.98747,22770.4,-17.9,2.5,180.9,-54.8,1.1,-1.0,RS41,403.700,10.0,250,8,2.7,08:24:20,
2026-09-18T11:56:42.000Z,V3640186,8392,44.57727,7.98746,22736.1,-15.8,1.3,211.4,-54.9,1.1,-1.0,RS41,403.700,8.4,250,9,2.6,08:24:20,
2026-09-18T11:56:43.000Z,V3640186,8393,44.57726,7.98745,22719.4,-17.9,1.1,244.5,-54.9,1.1,-1.0,RS41,403.700,9.4,250,9,2.6,08:24:20,
2026-09-18T11:56:44.000Z,V3640186,8394,44.57725,7.98744,22702.1,-17.4,1.0,233.8,-55.0,1.1,-1.0,RS41,403.700,10.3,250,9,2.7,08:24:20,
2026-09-18T11:56:45.000Z,V3640186,8395,44.57725,7.98743,22684.8,-16.9,0.9,204.0,-55.0,1.1,-1.0,RS41,403.700,10.3,250,9,2.7,08:24:20,
2026-09-18T11:56:46.000Z,V3640186,8396,44.57724,7.98743,22667.4,-18.0,1.4,186.0,-55.1,1.1,-1.0,RS41,403.700,10.1,250,8,2.6,08:24:20,
2026-09-18T11:56:47.000Z,V3640186,8397,44.57723,7.98743,22648.9,-18.8,1.1,166.2,-55.1,1.2,-1.0,RS41,403.700,9.9,250,9,2.6,08:24:20,
2026-09-18T11:56:48.000Z,V3640186,8398,44.57722,7.98744,22630.3,-18.7,1.2,169.1,-55.1,1.1,-1.0,RS41,403.700,10.7,250,9,2.7,08:24:20,
2026-09-18T11:56:49.000Z,V3640186,8399,44.57721,7.98744,22611.5,-19.0,0.6,145.0,-55.2,1.1,-1.0,RS41-SG,403.700,10.7,250,9,2.7,08:24:20,
2026-09-18T11:56:50.000Z,V3640186,8400,44.57720,7.98744,22593.0,-19.2,0.2,72.6,-55.3,1.2,-1.0,RS41-SG,403.700,10.2,250,9,2.6,08:24:20,
2026-09-18T11:56:51.000Z,V3640186,8401,44.57721,7.98744,22573.9,-19.2,0.7,22.9,-55.3,1.2,-1.0,RS41-SG,403.700,10.1,250,9,2.6,08:24:20,
2026-09-18T11:56:52.000Z,V3640186,8402,44.57722,7.98745,22555.9,-17.7,1.9,4.7,-55.3,1.1,-1.0,RS41-SG,403.700,10.1,250,9,2.7,08:24:20,
2026-09-18T11:56:53.000Z,V3640186,8403,44.57724,7.98745,22538.3,-17.7,2.0,2.4,-55.3,1.2,-1.0,RS41-SG,403.700,10.1,250,8,2.7,08:24:20,
2026-09-18T11:56:54.000Z,V3640186,8404,44.57725,7.98745,22520.6,-17.9,1.8,3.8,-55.2,1.1,-1.0,RS41-SG,403.700,9.7,250,8,2.7,08:24:20,
2026-09-18T11:56:55.000Z,V3640186,8405,44.57727,7.98745,22502.4,-19.0,1.5,8.4,-55.2,1.1,-1.0,RS41-SG,403.700,10.2,250,9,2.6,08:24:20,
2026-09-18T11:56:56.000Z,V3640186,8406,44.57728,7.98745,22483.9,-18.0,1.0,8.7,-55.3,1.1,-1.0,RS41-SG,403.700,10.5,250,9,2.6,08:24:20,
2026-09-18T11:56:57.000Z,V3640186,8407,44.57728,7.98745,22465.7,-18.7,0.3,298.4,-55.4,1.1,-1.0,RS41-SG,403.700,10.5,250,9,2.6,08:24:20,
2026-09-18T11:56:58.000Z,V3640186,8408,44.57728,7.98745,22448.8,-15.1,1.4,218.0,-55.4,1.2,-1.0,RS41-SG,403.700,11.1,250,8,2.7,08:24:20,
2026-09-18T11:56:59.000Z,V3640186,8409,44.57726,7.98744,22432.9,-16.5,2.2,203.7,-55.5,1.2,-1.0,RS41-SG,403.700,11.1,250,9,2.7,08:24:20,
2026-09-18T11:57:00.000Z,V3640186,8410,44.57724,7.98742,22416.1,-17.2,3.4,217.2,-55.7,1.3,-1.0,RS41-SG,403.700,10.9,250,9,2.7,08:24:20,
2026-09-18T11:57:01.000Z,V3640186,8411,44.57721,7.98738,22399.4,-17.1,4.8,223.8,-55.8,1.2,-1.0,RS41-SG,403.700,10.4,250,9,2.6,08:24:20,
2026-09-18T11:57:02.000Z,V3640186,8412,44.57718,7.98734,22382.1,-17.8,5.1,223.6,-55.8,1.2,-1.0,RS41-SG,403.700,9.0,250,9,2.6,08:24:20,
2026-09-18T11:57:03.000Z,V3640186,8413,44.57715,7.98729,22365.0,-16.4,5.0,231.9,-55.8,1.2,-1.0,RS41-SG,403.700,9.0,250,9,2.6,08:24:20,
2026-09-18T11:57:04.000Z,V3640186,8414,44.57712,7.98725,22348.6,-16.5,4.6,229.4,-55.9,1.3,-1.0,RS41-SG,403.700,10.1,250,9,2.7,08:24:20,
2026-09-18T11:57:05.000Z,V3640186,8415,44.57710,7.98721,22331.5,-17.8,3.6,239.0,-56.0,1.2,-1.0,RS41-SG,403.700,10.4,250,9,2.7,08:23:29,
2026-09-18T11:57:06.000Z,V3640186,8416,44.57709,7.98717,22312.8,-19.3,2.2,246.4,-56.0,1.2,-1.0,RS41-SG,403.700,10.4,250,9,2.7,08:23:29,
2026-09-18T11:57:07.000Z,V3640186,8417,44.57709,7.98715,22294.3,-18.1,1.3,295.1,-56.0,1.2,-1.0,RS41-SG,403.700,11.3,250,9,2.6,08:23:29,
2026-09-18T11:57:08.000Z,V3640186,8418,44.57710,7.98714,22275.8,-19.4,1.3,344.2,-55.9,1.2,-1.0,RS41-SG,403.700,11.3,250,9,2.6,08:23:29,
2026-09-18T11:57:09.000Z,V3640186,8419,44.57711,7.98714,22256.8,-19.5,2.0,353.2,-55.8,1.2,-1.0,RS41-SG,403.700,10.9,250,9,2.6,08:23:29,
2026-09-18T11:57:10.000Z,V3640186,8420,44.57713,7.98714,22237.0,-19.4,2.0,358.4,-55.7,1.2,-1.0,RS41-SG,403.700,11.4,250,9,2.7,08:23:29,
2026-09-18T11:57:11.000Z,V3640186,8421,44.57715,7.98714,22218.1,-18.9,2.2,352.7,-55.6,1.1,-1.0,RS41-SG,403.700,11.4,250,9,2.7,08:23:29,
2026-09-18T11:57:12.000Z,V3640186,8422,44.57717,7.98713,22199.1,-20.1,2.0,334.7,-55.6,1.1,-1.0,RS41-SG,403.700,10.9,250,9,2.7,08:23:29,
2026-09-18T11:57:13.000Z,V3640186,8423,44.57718,7.98711,22179.7,-19.4,2.2,321.1,-55.5,1.1,-1.0,RS41-SG,403.700,10.8,250,9,2.6,08:23:29,
2026-09-18T11:57:14.000Z,V3640186,8424,44.57719,7.98710,22162.1,-16.0,2.0,297.5,-55.5,1.1,-1.0,RS41-SG,403.700,10.3,250,9,2.6,08:23:29,
2026-09-18T11:57:15.000Z,V3640186,8425,44.57719,7.98707,22145.8,-17.2,2.0,269.5,-55.5,1.2,-1.0,RS41-SG,403.700,10.7,250,9,2.6,08:23:29,
2026-09-18T11:57:16.000Z,V3640186,8426,44.57719,7.98705,22128.9,-17.0,2.3,244.5,-55.6,1.2,-1.0,RS41-SG,403.700,11.3,250,9,2.7,08:23:29,
2026-09-18T11:57:17.000Z,V3640186,8427,44.57718,7.98702,22111.9,-18.1,2.5,238.9,-55.6,1.1,-1.0,RS41-SG,403.700,11.3,250,8,2.7,08:23:29,
2026-09-18T11:57:18.000Z,V3640186,8428,44.57716,7.98700,22093.1,-19.8,2.3,229.5,-55.5,1.2,-1.0,RS41-SG,403.700,11.3,250,8,2.7,08:23:29,
2026-09-18T11:57:19.000Z,V3640186,8429,44.57715,7.98698,22073.4,-19.6,1.9,232.4,-55.5,1.1,-1.0,RS41-SG,403.700,10.5,250,9,2.6,08:23:29,
2026-09-18T11:57:20.000Z,V3640186,8430,44.57714,7.98696,22054.3,-19.1,1.8,221.4,-55.5,1.1,-1.0,RS41-SG,403.700,10.4,250,9,2.6,08:23:29,
2026-09-18T11:57:21.000Z,V3640186,8431,44.57713,7.98695,22036.2,-17.2,1.3,251.6,-55.5,1.2,-1.0,RS41-SG,403.700,10.4,250,8,2.7,08:23:29,
2026-09-18T11:57:22.000Z,V3640186,8432,44.57713,7.98693,22019.8,-16.8,1.7,308.9,-55.5,1.1,-1.0,RS41-SG,403.700,10.6,250,8,2.7,08:23:29,
2026-09-18T11:57:23.000Z,V3640186,8433,44.57715,7.98691,22003.6,-17.3,3.2,328.7,-55.5,1.1,-1.0,RS41-SG,403.700,10.7,250,9,2.6,08:23:29,
2026-09-18T11:57:24.000Z,V3640186,8434,44.57718,7.98689,21986.0,-18.4,4.0,334.3,-55.4,1.1,-1.0,RS41-SG,403.700,10.7,250,8,2.6,08:23:29,
2026-09-18T11:57:25.000Z,V3640186,8435,44.57721,7.98687,21967.7,-18.7,4.2,339.7,-55.5,1.2,-1.0,RS41-SG,403.700,10.9,250,9,2.7,08:23:29,
2026-09-18T11:57:26.000Z,V3640186,8436,44.57724,7.98685,21949.2,-18.8,3.8,337.6,-55.5,1.2,-1.0,RS41-SG,403.700,11.1,250,9,2.7,08:23:29,
2026-09-18T11:57:27.000Z,V3640186,8437,44.57727,7.98683,21930.2,-18.8,3.8,329.1,-55.6,1.1,-1.0,RS41-SG,403.700,11.3,250,9,2.6,08:23:29,
2026-09-18T11:57:28.000Z,V3640186,8438,44.57730,7.98681,21911.7,-18.4,3.3,318.4,-55.6,1.2,-1.0,RS41-SG,403.700,11.3,250,9,2.6,08:23:29,
2026-09-18T11:57:29.000Z,V3640186,8439,44.57731,7.98678,21894.0,-17.8,2.6,300.4,-55.6,1.2,-1.0,RS41-SG,403.700,10.3,250,8,2.7,08:23:29,
2026-09-18T11:57:30.000Z,V3640186,8440,44.57732,7.98675,21877.4,-15.9,2.9,258.4,-55.8,1.2,-1.0,RS41-SG,403.700,9.2,250,8,2.7,08:23:29,
2026-09-18T11:57:31.000Z,V3640186,8441,44.57730,7.98671,21861.2,-17.4,4.0,227.0,-55.8,1.2,-1.0,RS41-SG,403.700,9.1,250,8,2.6,08:23:29,
2026-09-18T11:57:32.000Z,V3640186,8442,44.57727,7.98668,21843.3,-18.0,4.4,215.1,-55.8,1.2,-1.0,RS41-SG,403.700,10.0,250,9,2.6,08:23:29,
2026-09-18T11:57:33.000Z,V3640186,8443,44.57724,7.98665,21824.9,-18.3,5.1,203.7,-55.8,1.2,-1.0,RS41-SG,403.700,11.0,250,9,2.7,08:23:29,
2026-09-18T11:57:34.000Z,V3640186,8444,44.57719,7.98663,21807.0,-18.2,5.4,196.5,-55.8,1.2,-1.0,RS41-SG,403.700,11.0,250,9,2.7,08:23:29,
2026-09-18T11:57:35.000Z,V3640186,8445,44.57715,7.98661,21789.2,-17.9,5.1,193.5,-55.8,1.2,-1.0,RS41-SG,403.700,10.9,250,9,2.6,08:23:29,
2026-09-18T11:57:36.000Z,V3640186,8446,44.57710,7.98660,21771.8,-17.8,4.5,188.7,-55.8,1.2,-1.0,RS41-SG,403.700,10.9,250,9,2.6,08:23:29,
2026-09-18T11:57:37.000Z,V3640186,8447,44.57707,7.98660,21754.6,-17.2,3.5,179.3,-55.8,1.2,-1.0,RS41-SG,403.700,10.8,250,9,2.7,08:23:29,
2026-09-18T11:57:38.000Z,V3640186,8448,44.57705,7.98660,21736.8,-17.1,2.2,161.2,-55.9,1.2,-1.0,RS41-SG,403.700,11.1,250,9,2.7,08:23:29,
2026-09-18T11:57:39.000Z,V3640186,8449,44.57702,7.98661,21719.4,-19.4,2.3,150.3,-56.0,1.2,-1.0,RS41-SG,403.700,11.2,250,9,2.7,08:23:29,
2026-09-18T11:57:40.000Z,V3640186,8450,44.57701,7.98663,21702.3,-16.8,2.1,126.5,-56.0,1.2,-1.0,RS41-SG,403.700,11.2,250,9,2.6,08:23:29,
2026-09-18T11:57:41.000Z,V3640186,8451,44.57700,7.98665,21685.5,-17.7,1.8,125.0,-55.9,1.2,-1.0,RS41-SG,403.700,10.8,250,9,2.6,08:23:29,
2026-09-18T11:57:42.000Z,V3640186,8452,44.57699,7.98667,21667.9,-17.8,1.9,109.6,-55.9,1.2,-1.0,RS41-SG,403.700,10.6,250,9,2.6,08:23:29,
2026-09-18T11:57:43.000Z,V3640186,8453,44.57698,7.98669,21651.1,-16.3,2.5,112.0,-55.9,1.2,-1.0,RS41-SG,403.700,10.8,250,9,2.7,08:23:29,
2026-09-18T11:57:44.000Z,V3640186,8454,44.57697,7.98673,21635.3,-16.0,3.2,114.7,-55.8,1.2,-1.0,RS41-SG,403.700,10.9,250,9,2.7,08:23:29,
2026-09-18T11:57:45.000Z,V3640186,8455,44.57696,7.98676,21618.6,-17.4,3.4,120.0,-55.8,1.2,-1.0,RS41-SG,403.700,11.4,250,9,2.7,08:23:29,
2026-09-18T11:57:46.000Z,V3640186,8456,44.57694,7.98680,21602.1,-16.1,3.6,129.3,-55.7,1.2,-1.0,RS41-SG,403.700,11.4,250,9,2.6,08:23:29,
2026-09-18T11:57:47.000Z,V3640186,8457,44.57691,7.98683,21586.5,-15.8,3.1,140.8,-55.6,1.2,-1.0,RS41-SG,403.700,11.8,250,9,2.6,08:23:29,
2026-09-18T11:57:48.000Z,V3640186,8458,44.57689,7.98685,21570.1,-16.7,2.8,151.8,-55.6,1.2,-1.0,RS41-SG,403.700,11.8,250,9,2.6,08:23:29,
2026-09-18T11:57:49.000Z,V3640186,8459,44.57687,7.98686,21553.5,-16.7,2.1,165.1,-55.5,1.2,-1.0,RS41-SG,403.700,11.0,250,9,2.7,08:23:29,
2026-09-18T11:57:50.000Z,V3640186,8460,44.57686,7.98686,21536.6,-17.6,1.6,196.9,-55.5,1.2,-1.0,RS41-SG,403.700,11.4,250,9,2.7,08:23:29,
2026-09-18T11:57:51.000Z,V3640186,8461,44.57685,7.98685,21519.4,-16.9,1.2,244.2,-55.5,1.1,-1.0,RS41-SG,403.700,11.4,250,9,2.7,08:23:29,
2026-09-18T11:57:52.000Z,V3640186,8462,44.57685,7.98684,21502.4,-18.0,2.1,310.3,-55.4,1.1,-1.0,RS41-SG,403.700,10.9,250,9,2.6,08:23:29,
2026-09-18T11:57:53.000Z,V3640186,8463,44.57687,7.98681,21485.4,-17.0,3.1,317.7,-55.3,1.2,-1.0,RS41-SG,403.700,11.7,250,9,2.6,08:23:29,
2026-09-18T11:57:54.000Z,V3640186,8464,44.57689,7.98679,21469.0,-17.2,3.9,325.8,-55.4,1.1,-1.0,RS41-SG,403.700,11.7,250,9,2.6,08:23:29,
2026-09-18T11:57:55.000Z,V3640186,8465,44.57692,7.98675,21451.7,-17.1,5.0,327.3,-55.4,1.1,-1.0,RS41-SG,403.700,11.4,250,9,2.7,08:23:29,
2026-09-18T11:57:56.000Z,V3640186,8466,44.57696,7.98672,21435.4,-15.9,5.2,328.4,-55.4,1.2,-1.0,RS41-SG,403.700,11.4,250,9,2.7,08:22:38,
2026-09-18T11:57:57.000Z,V3640186,8467,44.57700,7.98669,21418.5,-18.0,4.5,330.3,-55.5,1.2,-1.0,RS41-SG,403.700,11.3,250,9,2.7,08:22:38,
2026-09-18T11:57:58.000Z,V3640186,8468,44.57703,7.98666,21401.0,-17.3,4.1,319.1,-55.8,1.2,-1.0,RS41-SG,403.700,11.4,250,9,2.6,08:22:38,
2026-09-18T11:57:59.000Z,V3640186,8469,44.57705,7.98663,21384.1,-16.4,3.3,309.3,-56.0,1.2,-1.0,RS41-SG,403.700,11.9,250,9,2.6,08:22:38,
2026-09-18T11:58:00.000Z,V3640186,8470,44.57707,7.98659,21367.8,-16.9,3.5,304.3,-56.1,1.3,-1.0,RS41-SG,403.700,11.9,250,9,2.6,08:22:38,
2026-09-18T11:58:01.000Z,V3640186,8471,44.57709,7.98655,21350.7,-17.2,3.8,295.4,-56.2,1.3,-1.0,RS41-SG,403.700,11.6,250,9,2.7,08:22:38,
2026-09-18T11:58:02.000Z,V3640186,8472,44.57710,7.98651,21332.1,-19.4,3.9,295.9,-56.4,1.3,-1.0,RS41-SG,403.700,11.6,250,9,2.7,08:22:38,
2026-09-18T11:58:03.000Z,V3640186,8473,44.57712,7.98647,21312.4,-19.9,4.2,306.2,-56.5,1.3,-1.0,RS41-SG,403.700,11.6,250,9,2.7,08:22:38,
2026-09-18T11:58:04.000Z,V3640186,8474,44.57715,7.98643,21292.0,-20.1,4.1,311.6,-56.6,1.3,-1.0,RS41-SG,403.700,11.1,250,9,2.6,08:22:38,
2026-09-18T11:58:05.000Z,V3640186,8475,44.57717,7.98639,21272.1,-20.0,4.7,321.2,-56.8,1.3,-1.0,RS41-SG,403.700,10.9,250,9,2.6,08:22:38,
2026-09-18T11:58:06.000Z,V3640186,8476,44.57721,7.98635,21253.5,-18.3,5.5,329.6,-56.9,1.4,-1.0,RS41-SG,403.700,11.2,250,9,2.6,08:22:38,
2026-09-18T11:58:07.000Z,V3640186,8477,44.57726,7.98631,21234.7,-19.4,6.2,330.7,-57.0,1.4,-1.0,RS41-SG,403.700,11.2,250,9,2.7,08:22:38,
2026-09-18T11:58:08.000Z,V3640186,8478,44.57731,7.98627,21216.8,-16.2,6.9,332.7,-57.0,1.4,-1.0,RS41-SG,403.700,11.2,250,9,2.7,08:22:38,
2026-09-18T11:58:09.000Z,V3640186,8479,44.57736,7.98623,21200.1,-17.3,6.7,328.9,-57.0,1.3,-1.0,RS41-SG,403.700,11.3,250,9,2.7,08:22:38,
2026-09-18T11:58:10.000Z,V3640186,8480,44.57741,7.98618,21183.4,-16.7,7.2,325.2,-56.9,1.3,-1.0,RS41-SG,403.700,11.8,250,9,2.6,08:22:38,
2026-09-18T11:58:11.000Z,V3640186,8481,44.57747,7.98613,21167.0,-16.3,7.3,319.5,-56.9,1.3,-1.0,RS41-SG,403.700,11.8,250,9,2.6,08:22:38,
2026-09-18T11:58:12.000Z,V3640186,8482,44.57751,7.98606,21150.9,-16.9,8.0,314.3,-56.9,1.3,-1.0,RS41-SG,403.700,11.8,250,9,2.6,08:22:38,
2026-09-18T11:58:13.000Z,V3640186,8483,44.57757,7.98598,21134.0,-16.8,8.8,310.4,-57.0,1.4,-1.0,RS41-SG,403.700,11.6,250,9,2.7,08:22:38,
2026-09-18T11:58:14.000Z,V3640186,8484,44.57762,7.98589,21116.6,-18.9,9.4,309.3,-57.1,1.4,-1.0,RS41-SG,403.700,11.5,250,9,2.7,08:22:38,
2026-09-18T11:58:15.000Z,V3640186,8485,44.57767,7.98580,21100.0,-14.7,10.0,308.8,-57.1,1.4,-1.0,RS41-SG,403.700,11.5,250,9,2.7,08:22:38,
2026-09-18T11:58:16.000Z,V3640186,8486,44.57773,7.98570,21083.8,-17.5,10.2,310.8,-57.1,1.3,-1.0,RS41-SG,403.700,11.4,250,9,2.6,08:22:38,
2026-09-18T11:58:17.000Z,V3640186,8487,44.57779,7.98561,21066.6,-17.3,9.8,313.5,-57.1,1.3,-1.0,RS41-SG,403.700,11.6,250,9,2.6,08:22:38,
2026-09-18T11:58:18.000Z,V3640186,8488,44.57786,7.98552,21049.6,-16.7,9.9,321.0,-57.1,1.3,-1.0,RS41-SG,403.700,11.6,250,9,2.6,08:22:38,
2026-09-18T11:58:19.000Z,V3640186,8489,44.57792,7.98545,21032.6,-17.0,9.4,322.7,-57.2,1.4,-1.0,RS41-SG,403.700,10.9,250,9,2.7,08:22:38,
2026-09-18T11:58:20.000Z,V3640186,8490,44.57799,7.98538,21016.4,-15.6,9.2,324.4,-57.2,1.4,-1.0,RS41-SG,403.700,12.2,250,9,2.7,08:22:38,
2026-09-18T11:58:21.000Z,V3640186,8491,44.57806,7.98531,21001.0,-15.6,9.0,323.1,-57.1,1.3,-1.0,RS41-SG,403.700,12.2,250,9,2.7,08:22:38,
2026-09-18T11:58:22.000Z,V3640186,8492,44.57812,7.98524,20984.6,-17.2,9.3,321.7,-57.0,1.3,-1.0,RS41-SG,403.700,11.6,250,9,2.6,08:22:38,
2026-09-18T11:58:23.000Z,V3640186,8493,44.57818,7.98517,20967.5,-17.3,8.9,319.4,-56.9,1.3,-1.0,RS41-SG,403.700,11.6,250,9,2.6,08:22:38,
2026-09-18T11:58:24.000Z,V3640186,8494,44.57824,7.98509,20950.7,-16.6,9.0,313.7,-56.9,1.3,-1.0,RS41-SG,403.700,11.6,250,9,2.6,08:22:38,
2026-09-18T11:58:25.000Z,V3640186,8495,44.57830,7.98501,20933.9,-16.1,9.1,310.6,-56.9,1.3,-1.0,RS41-SG,403.700,12.8,250,9,2.7,08:22:38,
2026-09-18T11:58:26.000Z,V3640186,8496,44.57835,7.98492,20917.9,-16.1,8.9,304.4,-57.0,1.3,-1.0,RS41-SG,403.700,12.8,250,9,2.7,08:22:38,
2026-09-18T11:58:27.000Z,V3640186,8497,44.57839,7.98482,20900.6,-18.2,9.0,300.5,-57.1,1.3,-1.0,RS41-SG,403.700,10.7,250,9,2.7,08:22:38,
2026-09-18T11:58:28.000Z,V3640186,8498,44.57842,7.98473,20883.2,-17.0,8.4,296.4,-57.2,1.3,-1.0,RS41-SG,403.700,11.8,250,9,2.6,08:22:38,
2026-09-18T11:58:29.000Z,V3640186,8499,44.57846,7.98464,20867.1,-15.1,8.0,295.5,-57.3,1.3,-1.0,RS41-SG,403.700,11.9,250,9,2.6,08:22:38,
2026-09-18T11:58:30.000Z,V3640186,8500,44.57848,7.98455,20852.6,-15.0,7.2,294.4,-57.4,1.4,-1.0,RS41-SG,403.700,12.0,250,9,2.6,08:22:38,
2026-09-18T11:58:31.000Z,V3640186,8501,44.57850,7.98447,20837.0,-15.8,6.7,284.7,-57.5,1.4,-1.0,RS41-SG,403.700,12.0,250,9,2.7,08:22:38,
2026-09-18T11:58:32.000Z,V3640186,8502,44.57852,7.98439,20820.9,-15.6,6.2,277.6,-57.6,1.4,-1.0,RS41-SG,403.700,11.8,250,9,2.7,08:22:38,
2026-09-18T11:58:33.000Z,V3640186,8503,44.57852,7.98431,20805.4,-15.4,5.8,272.1,-57.6,1.4,-1.0,RS41-SG,403.700,12.6,250,9,2.7,08:22:38,
2026-09-18T11:58:34.000Z,V3640186,8504,44.57852,7.98424,20789.6,-16.1,5.5,270.0,-57.6,1.4,-1.0,RS41-SG,403.700,12.6,250,9,2.6,08:22:38,
2026-09-18T11:58:35.000Z,V3640186,8505,44.57852,7.98417,20773.7,-16.4,5.4,266.8,-57.6,1.4,-1.0,RS41-SG,403.700,12.5,250,9,2.6,08:22:38,
2026-09-18T11:58:36.000Z,V3640186,8506,44.57852,7.98410,20757.5,-16.0,5.4,269.4,-57.5,1.4,-1.0,RS41-SG,403.700,11.9,250,9,2.6,08:22:38,
2026-09-18T11:58:37.000Z,V3640186,8507,44.57852,7.98404,20742.0,-14.7,5.3,275.2,-57.5,1.4,-1.0,RS41-SG,403.700,11.9,250,9,2.7,08:22:38,
2026-09-18T11:58:38.000Z,V3640186,8508,44.57853,7.98397,20727.2,-14.3,5.3,281.8,-57.4,1.3,-1.0,RS41-SG,403.700,11.8,250,9,2.7,08:22:38,
2026-09-18T11:58:39.000Z,V3640186,8509,44.57854,7.98391,20712.2,-15.6,5.2,287.8,-57.4,1.3,-1.0,RS41-SG,403.700,11.2,250,9,2.7,08:22:38,
2026-09-18T11:58:40.000Z,V3640186,8510,44.57856,7.98385,20696.3,-17.1,5.0,292.1,-57.3,1.3,-1.0,RS41-SG,403.700,11.7,250,9,2.6,08:22:38,
2026-09-18T11:58:41.000Z,V3640186,8511,44.57857,7.98379,20679.5,-16.2,5.0,289.9,-57.2,1.3,-1.0,RS41-SG,403.700,11.7,250,9,2.6,08:22:38,
2026-09-18T11:58:42.000Z,V3640186,8512,44.57859,7.98373,20663.9,-15.5,5.3,295.4,-57.1,1.3,-1.0,RS41-SG,403.700,12.0,250,9,2.6,08:22:38,
2026-09-18T11:58:43.000Z,V3640186,8513,44.57861,7.98367,20648.3,-16.6,5.4,289.3,-57.0,1.3,-1.0,RS41-SG,403.700,12.0,250,9,2.7,08:22:38,
2026-09-18T11:58:44.000Z,V3640186,8514,44.57863,7.98360,20632.7,-14.6,5.9,290.7,-56.9,1.3,-1.0,RS41-SG,403.700,12.4,250,9,2.7,08:22:38,
2026-09-18T11:58:45.000Z,V3640186,8515,44.57865,7.98353,20617.3,-16.8,6.3,289.2,-56.8,1.2,-1.0,RS41-SG,403.700,12.4,250,8,2.7,08:22:38,
2026-09-18T11:58:46.000Z,V3640186,8516,44.57866,7.98344,20601.4,-15.2,7.6,284.2,-56.8,1.3,-1.0,RS41-SG,403.700,12.2,250,8,2.6,08:22:38,
2026-09-18T11:58:47.000Z,V3640186,8517,44.57868,7.98335,20585.8,-15.9,8.0,281.0,-56.8,1.3,-1.0,RS41-SG,403.700,11.6,250,9,2.6,08:21:47,
2026-09-18T11:58:48.000Z,V3640186,8518,44.57869,7.98324,20570.1,-16.1,8.7,273.7,-56.8,1.3,-1.0,RS41-SG,403.700,11.6,250,9,2.6,08:21:47,
2026-09-18T11:58:49.000Z,V3640186,8519,44.57869,7.98313,20554.1,-15.9,9.0,265.5,-56.8,1.3,-1.0,RS41-SG,403.700,11.6,250,9,2.7,08:21:47,
2026-09-18T11:58:50.000Z,V3640186,8520,44.57868,7.98302,20537.1,-18.2,8.7,261.6,-56.8,1.3,-1.0,RS41-SG,403.700,10.8,250,9,2.7,08:21:47,
2026-09-18T11:58:51.000Z,V3640186,8521,44.57866,7.98291,20519.1,-17.8,8.4,257.2,-56.9,1.3,-1.0,RS41-SG,403.700,10.4,250,9,2.7,08:21:47,
2026-09-18T11:58:52.000Z,V3640186,8522,44.57864,7.98281,20502.9,-14.8,7.9,252.6,-56.9,1.3,-1.0,RS41-SG,403.700,11.8,250,9,2.6,08:21:47,
2026-09-18T11:58:53.000Z,V3640186,8523,44.57862,7.98272,20487.7,-15.9,7.4,251.8,-57.0,1.3,-1.0,RS41-SG,403.700,11.8,250,9,2.6,08:21:47,
2026-09-18T11:58:54.000Z,V3640186,8524,44.57860,7.98264,20471.4,-17.0,6.9,247.1,-57.0,1.3,-1.0,RS41-SG,403.700,12.0,250,9,2.6,08:21:47,
2026-09-18T11:58:55.000Z,V3640186,8525,44.57858,7.98256,20454.0,-17.6,5.9,248.0,-57.0,1.3,-1.0,RS41-SG,403.700,12.8,250,9,2.7,08:21:47,
2026-09-18T11:58:56.000Z,V3640186,8526,44.57856,7.98250,20436.7,-17.3,5.7,247.6,-57.0,1.3,-1.0,RS41-SG,403.700,12.8,250,9,2.7,08:21:47,
2026-09-18T11:58:57.000Z,V3640186,8527,44.57854,7.98243,20419.9,-17.1,5.1,249.1,-57.0,1.3,-1.0,RS41-SG,403.700,12.2,250,9,2.7,08:21:47,
2026-09-18T11:58:58.000Z,V3640186,8528,44.57853,7.98237,20403.3,-16.6,4.7,253.5,-57.1,1.3,-1.0,RS41-SG,403.700,12.2,250,9,2.6,08:21:47,
2026-09-18T11:58:59.000Z,V3640186,8529,44.57852,7.98232,20387.9,-15.3,4.3,259.2,-57.2,1.3,-1.0,RS41-SG,403.700,11.6,250,9,2.6,08:21:47,
2026-09-18T11:59:00.000Z,V3640186,8530,44.57851,7.98227,20373.4,-14.5,4.3,254.2,-57.2,1.3,-1.0,RS41-SG,403.700,12.0,250,9,2.6,08:21:47,
2026-09-18T11:59:01.000Z,V3640186,8531,44.57850,7.98221,20357.7,-17.1,4.2,261.1,-57.2,1.3,-1.0,RS41-SG,403.700,12.0,250,9,2.7,08:21:47,
2026-09-18T11:59:02.000Z,V3640186,8532,44.57849,7.98216,20340.7,-17.2,4.6,254.5,-57.2,1.3,-1.0,RS41-SG,403.700,11.7,250,9,2.7,08:21:47,
2026-09-18T11:59:03.000Z,V3640186,8533,44.57848,7.98210,20323.7,-17.4,4.7,249.3,-57.5,1.4,-1.0,RS41-SG,403.700,12.1,250,9,2.7,08:21:47,
2026-09-18T11:59:04.000Z,V3640186,8534,44.57846,7.98205,20307.2,-16.2,4.6,247.1,-57.7,1.4,-1.0,RS41-SG,403.700,12.1,250,9,2.6,08:21:47,
2026-09-18T11:59:05.000Z,V3640186,8535,44.57844,7.98200,20291.6,-16.4,4.5,236.5,-57.9,1.4,-1.0,RS41-SG,403.700,11.7,250,9,2.6,08:21:47,
2026-09-18T11:59:06.000Z,V3640186,8536,44.57842,7.98195,20275.1,-17.7,4.5,225.7,-58.0,1.4,-1.0,RS41-SG,403.700,10.9,250,9,2.6,08:21:47,
2026-09-18T11:59:07.000Z,V3640186,8537,44.57839,7.98192,20258.0,-16.8,4.4,209.8,-58.0,1.5,-1.0,RS41-SG,403.700,10.4,250,9,2.7,08:21:47,
2026-09-18T11:59:08.000Z,V3640186,8538,44.57835,7.98190,20242.2,-15.4,4.9,195.3,-58.1,1.5,-1.0,RS41-SG,403.700,10.1,250,9,2.7,08:21:47,
2026-09-18T11:59:09.000Z,V3640186,8539,44.57831,7.98188,20226.0,-17.8,5.2,190.1,-58.1,1.4,-1.0,RS41-SG,403.700,10.5,250,9,2.7,08:21:47,
2026-09-18T11:59:10.000Z,V3640186,8540,44.57826,7.98188,20209.7,-15.2,6.0,179.8,-58.0,1.5,-1.0,RS41-SG,403.700,10.8,250,9,2.6,08:21:47,
2026-09-18T11:59:11.000Z,V3640186,8541,44.57820,7.98188,20195.1,-14.1,6.5,174.7,-58.0,1.4,-1.0,RS41-SG,403.700,10.8,250,9,2.6,08:21:47,
2026-09-18T11:59:12.000Z,V3640186,8542,44.57814,7.98189,20180.9,-16.2,6.2,167.9,-58.1,1.5,-1.0,RS41-SG,403.700,10.6,250,9,2.6,08:21:47,
2026-09-18T11:59:13.000Z,V3640186,8543,44.57809,7.98191,20165.2,-16.1,5.9,157.7,-58.3,1.5,-1.0,RS41-SG,403.700,9.2,250,9,2.7,08:21:47,
2026-09-18T11:59:14.000Z,V3640186,8544,44.57805,7.98195,20149.2,-15.6,5.7,147.5,-58.5,1.5,-1.0,RS41-SG,403.700,10.3,250,9,2.7,08:21:47,
2026-09-18T11:59:15.000Z,V3640186,8545,44.57801,7.98199,20134.5,-13.5,5.0,131.5,-58.8,1.6,-1.0,RS41-SG,403.700,10.3,250,9,2.7,08:21:47,
2026-09-18T11:59:16.000Z,V3640186,8546,44.57799,7.98203,20120.1,-15.3,4.4,128.3,-59.0,1.5,-1.0,RS41-SG,403.700,9.9,250,9,2.6,08:21:47,
2026-09-18T11:59:17.000Z,V3640186,8547,44.57796,7.98207,20104.4,-16.8,4.0,128.8,-59.1,1.6,-1.0,RS41-SG,403.700,10.0,250,9,2.6,08:21:47,
2026-09-18T11:59:18.000Z,V3640186,8548,44.57794,7.98211,20087.8,-16.8,3.6,131.7,-59.3,1.6,-1.0,RS41-SG,403.700,10.0,250,9,2.6,08:21:47,
2026-09-18T11:59:19.000Z,V3640186,8549,44.57792,7.98215,20072.4,-15.0,3.8,129.5,-59.3,1.6,-1.0,RS41-SG,403.700,9.6,250,9,2.7,08:21:47,
2026-09-18T11:59:20.000Z,V3640186,8550,44.57790,7.98219,20056.4,-16.1,4.2,127.3,-59.3,1.6,-1.0,RS41-SG,403.700,10.0,250,9,2.7,08:21:47,
2026-09-18T11:59:21.000Z,V3640186,8551,44.57787,7.98223,20041.1,-15.2,4.2,127.3,-59.3,1.6,-1.0,RS41-SG,403.700,10.4,250,9,2.7,08:21:47,
2026-09-18T11:59:22.000Z,V3640186,8552,44.57785,7.98228,20025.7,-15.9,4.6,121.3,-59.3,1.5,-1.0,RS41-SG,403.700,11.5,250,9,2.6,08:21:47,
2026-09-18T11:59:23.000Z,V3640186,8553,44.57783,7.98233,20010.0,-15.8,4.6,117.3,-59.2,1.5,-1.0,RS41-SG,403.700,11.5,250,9,2.6,08:21:47,
2026-09-18T11:59:24.000Z,V3640186,8554,44.57781,7.98238,19994.7,-15.1,4.6,114.5,-59.2,1.5,-1.0,RS41-SG,403.700,11.9,250,9,2.6,08:21:47,
2026-09-18T11:59:25.000Z,V3640186,8555,44.57780,7.98243,19980.0,-14.7,4.1,111.4,-59.1,1.5,-1.0,RS41-SG,403.700,11.9,250,9,2.7,08:21:47,
2026-09-18T11:59:26.000Z,V3640186,8556,44.57779,7.98247,19965.2,-14.7,3.1,106.2,-59.2,1.5,-1.0,RS41-SG,403.700,11.6,250,9,2.7,08:21:47,
2026-09-18T11:59:27.000Z,V3640186,8557,44.57778,7.98250,19949.9,-15.7,2.3,99.6,-59.1,1.5,-1.0,RS41-SG,403.700,11.3,250,9,2.7,08:21:47,
2026-09-18T11:59:28.000Z,V3640186,8558,44.57778,7.98253,19934.3,-16.1,1.5,86.1,-59.0,1.5,-1.0,RS41-SG,403.700,11.7,250,9,2.6,08:21:47,
2026-09-18T11:59:29.000Z,V3640186,8559,44.57778,7.98254,19918.9,-15.0,0.6,52.7,-58.9,1.5,-1.0,RS41-SG,403.700,12.2,250,9,2.6,08:21:47,
2026-09-18T11:59:30.000Z,V3640186,8560,44.57778,7.98254,19904.0,-16.0,0.2,157.1,-58.9,1.5,-1.0,RS41-SG,403.700,12.4,250,9,2.6,08:21:47,
2026-09-18T11:59:31.000Z,V3640186,8561,44.57778,7.98254,19888.1,-16.1,0.6,188.3,-58.9,1.5,-1.0,RS41-SG,403.700,12.4,250,9,2.7,08:21:47,
2026-09-18T11:59:32.000Z,V3640186,8562,44.57777,7.98254,19873.2,-13.3,0.9,193.0,-58.9,1.5,-1.0,RS41-SG,403.700,12.3,250,9,2.7,08:21:47,
2026-09-18T11:59:33.000Z,V3640186,8563,44.57776,7.98254,19858.9,-15.4,1.1,182.0,-58.9,1.5,-1.0,RS41-SG,403.700,12.1,250,9,2.7,08:21:47,
2026-09-18T11:59:34.000Z,V3640186,8564,44.57775,7.98254,19843.3,-16.3,1.0,170.6,-58.8,1.4,-1.0,RS41-SG,403.700,12.1,250,9,2.6,08:21:47,
2026-09-18T11:59:35.000Z,V3640186,8565,44.57774,7.98254,19826.9,-17.3,1.1,186.2,-58.6,1.4,-1.0,RS41-SG,403.700,12.2,250,9,2.6,08:21:47,
2026-09-18T11:59:36.000Z,V3640186,8566,44.57773,7.98254,19808.9,-18.9,0.8,177.2,-58.5,1.4,-1.0,RS41-SG,403.700,12.2,250,9,2.6,08:21:47,
2026-09-18T11:59:37.000Z,V3640186,8567,44.57773,7.98254,19790.1,-18.8,1.0,206.2,-58.4,1.4,-1.0,RS41-SG,403.700,12.2,250,9,2.7,08:21:47,
2026-09-18T11:59:38.000Z,V3640186,8568,44.57772,7.98253,19770.5,-19.6,0.8,256.7,-58.2,1.4,-1.0,RS41-SG,403.700,11.9,250,9,2.7,08:20:56,
2026-09-18T11:59:39.000Z,V3640186,8569,44.57772,7.98252,19751.1,-19.6,1.0,258.4,-58.1,1.3,-1.0,RS41-SG,403.700,12.1,250,9,2.7,08:20:56,
2026-09-18T11:59:40.000Z,V3640186,8570,44.57772,7.98250,19733.3,-16.2,1.4,256.2,-58.0,1.3,-1.0,RS41-SG,403.700,12.2,250,9,2.6,08:20:56,
2026-09-18T11:59:41.000Z,V3640186,8571,44.57772,7.98248,19717.4,-15.9,2.6,267.9,-57.9,1.3,-1.0,RS41-SG,403.700,12.2,250,9,2.6,08:20:56,
2026-09-18T11:59:42.000Z,V3640186,8572,44.57772,7.98244,19701.5,-15.9,2.8,264.9,-57.8,1.3,-1.0,RS41-SG,403.700,12.2,250,9,2.6,08:20:56,
2026-09-18T11:59:43.000Z,V3640186,8573,44.57771,7.98241,19685.7,-16.2,3.6,253.3,-57.8,1.3,-1.0,RS41-SG,403.700,11.9,250,9,2.7,08:20:56,
2026-09-18T11:59:44.000Z,V3640186,8574,44.57770,7.98236,19670.0,-15.9,4.0,235.1,-57.8,1.4,-1.0,RS41-SG,403.700,11.9,250,9,2.7,08:20:56,
2026-09-18T11:59:45.000Z,V3640186,8575,44.57767,7.98232,19654.1,-15.6,4.5,225.6,-57.8,1.4,-1.0,RS41-SG,403.700,12.3,250,9,2.6,08:20:56,
2026-09-18T11:59:46.000Z,V3640186,8576,44.57764,7.98228,19638.7,-15.8,4.6,219.1,-57.8,1.3,-1.0,RS41-SG,403.700,12.3,250,9,2.6,08:20:56,
2026-09-18T11:59:47.000Z,V3640186,8577,44.57761,7.98225,19624.0,-15.7,4.9,216.2,-57.7,1.4,-1.0,RS41-SG,403.700,12.7,250,9,2.7,08:20:56,
2026-09-18T11:59:48.000Z,V3640186,8578,44.57757,7.98221,19609.4,-15.2,4.9,209.0,-57.6,1.3,-1.0,RS41-SG,403.700,12.7,250,9,2.7,08:20:56,
2026-09-18T11:59:49.000Z,V3640186,8579,44.57753,7.98219,19594.4,-15.8,4.6,201.7,-57.5,1.3,-1.0,RS41-SG,403.700,12.4,250,9,2.6,08:20:56,
2026-09-18T11:59:50.000Z,V3640186,8580,44.57750,7.98217,19579.7,-14.7,4.2,201.5,-57.4,1.3,-1.0,RS41-SG,403.700,12.4,250,9,2.6,08:20:56,
2026-09-18T11:59:51.000Z,V3640186,8581,44.57746,7.98215,19565.4,-14.7,4.8,191.2,-57.3,1.3,-1.0,RS41-SG,403.700,12.4,250,9,2.7,08:20:56,
2026-09-18T11:59:52.000Z,V3640186,8582,44.57742,7.98214,19552.1,-12.9,4.8,185.9,-57.3,1.3,-1.0,RS41-SG,403.700,12.2,250,9,2.7,08:20:56,
2026-09-18T11:59:53.000Z,V3640186,8583,44.57737,7.98213,19539.8,-12.9,5.5,185.9,-57.2,1.3,-1.0,RS41-SG,403.700,12.2,250,9,2.6,08:20:56,
2026-09-18T11:59:54.000Z,V3640186,8584,44.57732,7.98213,19527.4,-12.8,5.8,188.2,-57.2,1.3,-1.0,RS41-SG,403.700,11.8,250,9,2.6,08:20:56,
2026-09-18T11:59:55.000Z,V3640186,8585,44.57727,7.98212,19514.4,-13.8,5.3,187.3,-57.2,1.3,-1.0,RS41-SG,403.700,11.8,250,9,2.7,08:20:56,
2026-09-18T11:59:56.000Z,V3640186,8586,44.57722,7.98211,19501.7,-12.4,5.4,178.9,-57.2,1.3,-1.0,RS41-SG,403.700,11.6,250,9,2.7,08:20:56,
2026-09-18T11:59:57.000Z,V3640186,8587,44.57718,7.98212,19488.8,-13.1,5.6,173.5,-57.2,1.3,-1.0,RS41-SG,403.700,11.3,250,9,2.6,08:20:56,
2026-09-18T11:59:58.000Z,V3640186,8588,44.57713,7.98213,19475.6,-13.0,5.3,167.6,-57.3,1.3,-1.0,RS41-SG,403.700,12.5,250,9,2.6,08:20:56,
2026-09-18T11:59:59.000Z,V3640186,8589,44.57709,7.98214,19462.4,-13.8,4.6,168.6,-57.4,1.4,-1.0,RS41-SG,403.700,12.5,250,9,2.6,08:20:56,
2026-09-18T12:00:00.000Z,V3640186,8590,44.57705,7.98215,19448.4,-14.2,4.0,166.2,-57.4,1.3,-1.0,RS41-SG,403.700,12.1,250,8,2.7,08:20:56,
2026-09-18T12:00:01.000Z,V3640186,8591,44.57702,7.98216,19433.2,-16.4,3.3,162.4,-57.3,1.3,-1.0,RS41-SG,403.700,11.5,250,8,2.7,08:20:56,
2026-09-18T12:00:02.000Z,V3640186,8592,44.57699,7.98217,19416.6,-16.8,2.7,161.2,-57.3,1.3,-1.0,RS41-SG,403.700,11.9,250,9,2.7,08:20:56,
2026-09-18T12:00:03.000Z,V3640186,8593,44.57697,7.98218,19400.6,-16.3,2.4,159.5,-57.4,1.3,-1.0,RS41-SG,403.700,12.1,250,8,2.6,08:20:56,
2026-09-18T12:00:04.000Z,V3640186,8594,44.57695,7.98220,19385.1,-14.6,2.5,153.2,-57.4,1.3,-1.0,RS41-SG,403.700,12.1,250,9,2.6,08:20:56,
2026-09-18T12:00:05.000Z,V3640186,8595,44.57693,7.98221,19371.1,-13.9,2.8,149.7,-57.4,1.4,-1.0,RS41-SG,403.700,11.5,250,9,2.6,08:20:56,
2026-09-18T12:00:06.000Z,V3640186,8596,44.57691,7.98223,19356.3,-15.3,3.0,154.9,-57.3,1.4,-1.0,RS41-SG,403.700,12.1,250,9,2.7,08:20:56,
2026-09-18T12:00:07.000Z,V3640186,8597,44.57688,7.98225,19341.6,-14.1,3.9,152.3,-57.3,1.4,-1.0,RS41-SG,403.700,12.1,250,9,2.7,08:20:56,
2026-09-18T12:00:08.000Z,V3640186,8598,44.57685,7.98227,19326.9,-14.9,4.1,144.6,-57.4,1.4,-1.0,RS41-SG,403.700,11.6,250,9,2.7,08:20:56,
2026-09-18T12:00:09.000Z,V3640186,8599,44.57682,7.98230,19310.9,-17.1,4.5,139.1,-57.6,1.4,-1.0,RS41-SG,403.700,11.6,250,9,2.6,08:20:56,
2026-09-18T12:00:10.000Z,V3640186,8600,44.57679,7.98234,19293.5,-17.9,4.7,131.8,-57.6,1.4,-1.0,RS41-SG,403.700,11.0,250,9,2.6,08:20:56,
2026-09-18T12:00:11.000Z,V3640186,8601,44.57676,7.98239,19275.3,-18.9,5.2,129.4,-57.6,1.4,-1.0,RS41-SG,403.700,10.2,250,9,2.6,08:20:56,
2026-09-18T12:00:12.000Z,V3640186,8602,44.57673,7.98244,19256.2,-19.2,5.3,125.3,-57.6,1.4,-1.0,RS41-SG,403.700,10.3,250,9,2.7,08:20:56,
2026-09-18T12:00:13.000Z,V3640186,8603,44.57670,7.98250,19237.3,-19.1,5.5,126.2,-57.6,1.4,-1.0,RS41-SG,403.700,10.3,250,9,2.7,08:20:56,
2026-09-18T12:00:14.000Z,V3640186,8604,44.57667,7.98256,19218.1,-19.4,5.7,128.1,-57.5,1.4,-1.0,RS41-SG,403.700,11.4,250,9,2.7,08:20:56,
2026-09-18T12:00:15.000Z,V3640186,8605,44.57664,7.98262,19198.9,-19.5,6.3,124.2,-57.4,1.4,-1.0,RS41-SG,403.700,11.6,250,9,2.6,08:20:56,
2026-09-18T12:00:16.000Z,V3640186,8606,44.57661,7.98268,19179.3,-19.9,6.0,127.4,-57.3,1.3,-1.0,RS41-SG,403.700,11.6,250,9,2.6,08:20:56,
2026-09-18T12:00:17.000Z,V3640186,8607,44.57658,7.98274,19159.3,-19.9,5.9,127.1,-57.2,1.3,-1.0,RS41-SG,403.700,11.4,250,9,2.6,08:20:56,
2026-09-18T12:00:18.000Z,V3640186,8608,44.57654,7.98280,19139.8,-19.4,5.9,128.6,-57.1,1.4,-1.0,RS41-SG,403.700,9.7,250,9,2.7,08:20:56,
2026-09-18T12:00:19.000Z,V3640186,8609,44.57651,7.98285,19120.5,-19.5,5.5,129.5,-57.0,1.3,-1.0,RS41-SG,403.700,10.1,250,9,2.7,08:20:56,
2026-09-18T12:00:20.000Z,V3640186,8610,44.57648,7.98290,19100.9,-19.5,4.9,134.8,-56.9,1.3,-1.0,RS41-SG,403.700,10.1,250,9,2.6,08:20:56,
2026-09-18T12:00:21.000Z,V3640186,8611,44.57645,7.98294,19081.6,-19.2,4.6,142.2,-56.8,1.3,-1.0,RS41-SG,403.700,8.7,250,9,2.6,08:20:56,
2026-09-18T12:00:22.000Z,V3640186,8612,44.57642,7.98297,19064.4,-15.5,4.1,144.0,-56.8,1.3,-1.0,RS41-SG,403.700,9.9,250,9,2.7,08:20:56,
2026-09-18T12:00:23.000Z,V3640186,8613,44.57639,7.98300,19047.8,-17.7,4.1,145.6,-56.8,1.3,-1.0,RS41-SG,403.700,9.9,250,9,2.7,08:20:56,
2026-09-18T12:00:24.000Z,V3640186,8614,44.57636,7.98303,19029.4,-18.9,3.3,146.2,-56.7,1.3,-1.0,RS41-SG,403.700,9.6,250,9,2.6,08:20:56,
2026-09-18T12:00:25.000Z,V3640186,8615,44.57634,7.98305,19009.8,-20.4,3.2,153.0,-56.6,1.3,-1.0,RS41-SG,403.700,9.5,250,9,2.6,08:20:56,
2026-09-18T12:00:26.000Z,V3640186,8616,44.57631,7.98307,18989.1,-20.8,3.8,149.9,-56.5,1.3,-1.0,RS41-SG,403.700,10.1,250,9,2.7,08:20:56,
2026-09-18T12:00:27.000Z,V3640186,8617,44.57628,7.98308,18968.4,-20.7,3.1,163.6,-56.4,1.3,-1.0,RS41-SG,403.700,10.1,250,9,2.7,08:20:56,
2026-09-18T12:00:28.000Z,V3640186,8618,44.57625,7.98310,18947.1,-21.5,3.6,162.6,-56.3,1.3,-1.0,RS41-SG,403.700,9.5,250,9,2.6,08:20:56,
2026-09-18T12:00:29.000Z,V3640186,8619,44.57622,7.98311,18925.7,-21.6,3.4,172.7,-56.3,1.3,-1.0,RS41-SG,403.700,9.5,250,9,2.6,08:20:05,
2026-09-18T12:00:30.000Z,V3640186,8620,44.57619,7.98311,18904.3,-21.5,4.6,174.8,-56.3,1.3,-1.0,RS41-SG,403.700,9.2,250,9,2.6,08:20:05,
2026-09-18T12:00:31.000Z,V3640186,8621,44.57615,7.98312,18882.6,-21.3,5.4,167.6,-56.3,1.3,-1.0,RS41-SG,403.700,9.2,250,8,2.7,08:20:05,
2026-09-18T12:00:32.000Z,V3640186,8622,44.57610,7.98313,18861.9,-20.2,5.2,177.1,-56.4,1.3,-1.0,RS41-SG,403.700,9.7,250,8,2.7,08:20:05,
2026-09-18T12:00:33.000Z,V3640186,8623,44.57605,7.98313,18842.3,-19.4,6.1,176.7,-56.4,1.3,-1.0,RS41-SG,403.700,9.7,250,8,2.7,08:20:05,
2026-09-18T12:00:34.000Z,V3640186,8624,44.57599,7.98314,18823.1,-19.3,6.2,164.3,-56.4,1.3,-1.0,RS41-SG,403.700,9.6,250,8,2.6,08:20:05,
2026-09-18T12:00:35.000Z,V3640186,8625,44.57594,7.98316,18804.2,-19.1,6.9,170.7,-56.4,1.3,-1.0,RS41-SG,403.700,9.6,250,8,2.6,08:20:05,
2026-09-18T12:00:36.000Z,V3640186,8626,44.57587,7.98317,18785.8,-18.7,8.0,168.3,-56.3,1.3,-1.0,RS41-SG,403.700,9.5,250,8,2.6,08:20:05,
2026-09-18T12:00:37.000Z,V3640186,8627,44.57581,7.98320,18767.0,-18.2,7.7,158.5,-56.3,1.3,-1.0,RS41-SG,403.700,9.5,250,7,2.7,08:20:05,
2026-09-18T12:00:38.000Z,V3640186,8628,44.57574,7.98324,18748.7,-18.7,8.9,158.6,-56.4,1.3,-1.0,RS41-SG,403.700,9.5,250,9,2.7,08:20:05,
2026-09-18T12:00:39.000Z,V3640186,8629,44.57567,7.98329,18729.8,-18.9,9.0,148.7,-56.6,1.3,-1.0,RS41-SG,403.700,9.6,250,8,2.7,08:20:05,
2026-09-18T12:00:40.000Z,V3640186,8630,44.57560,7.98335,18710.9,-19.0,9.0,151.7,-56.7,1.3,-1.0,RS41-SG,403.700,9.6,250,8,2.6,08:20:05,
2026-09-18T12:00:41.000Z,V3640186,8631,44.57553,7.98341,18692.1,-18.7,9.6,146.9,-56.7,1.3,-1.0,RS41-SG,403.700,9.6,250,9,2.6,08:20:05,
2026-09-18T12:00:42.000Z,V3640186,8632,44.57546,7.98348,18673.4,-18.8,9.7,141.9,-56.6,1.3,-1.0,RS41-SG,403.700,9.6,250,8,2.6,08:20:05,
2026-09-18T12:00:43.000Z,V3640186,8633,44.57539,7.98356,18654.7,-18.6,9.8,141.2,-56.6,1.3,-1.0,RS41-SG,403.700,9.4,250,8,2.7,08:20:05,
2026-09-18T12:00:44.000Z,V3640186,8634,44.57532,7.98364,18635.9,-18.7,10.4,138.5,-56.6,1.3,-1.0,RS41-SG,403.700,10.7,250,9,2.7,08:20:05,
2026-09-18T12:00:45.000Z,V3640186,8635,44.57525,7.98373,18617.1,-18.7,10.2,133.4,-56.6,1.3,-1.0,RS41-SG,403.700,11.0,250,8,2.6,08:20:05,
2026-09-18T12:00:46.000Z,V3640186,8636,44.57519,7.98383,18598.6,-18.7,10.0,133.0,-56.6,1.3,-1.0,RS41-SG,403.700,11.0,250,8,2.6,08:20:05,
2026-09-18T12:00:47.000Z,V3640186,8637,44.57513,7.98392,18580.0,-18.6,10.7,130.8,-56.7,1.3,-1.0,RS41-SG,403.700,9.0,250,9,2.7,08:20:05,
2026-09-18T12:00:48.000Z,V3640186,8638,44.57507,7.98403,18561.0,-19.1,10.3,126.2,-56.9,1.4,-1.0,RS41-SG,403.700,9.0,250,7,2.7,08:20:05,
2026-09-18T12:00:49.000Z,V3640186,8639,44.57501,7.98413,18542.6,-18.8,10.6,128.1,-57.1,1.4,-1.0,RS41-SG,403.700,9.0,250,8,2.6,08:20:05,
2026-09-18T12:00:50.000Z,V3640186,8640,44.57496,7.98424,18524.0,-18.8,10.7,122.7,-57.2,1.4,-1.0,RS41-SG,403.700,9.2,250,8,2.6,08:20:05,
2026-09-18T12:00:51.000Z,V3640186,8641,44.57491,7.98435,18505.1,-18.9,10.8,122.7,-57.2,1.4,-1.0,RS41-SG,403.700,9.2,250,7,2.7,08:20:05,
2026-09-18T12:00:52.000Z,V3640186,8642,44.57485,7.98447,18486.6,-18.8,11.2,124.4,-57.1,1.4,-1.0,RS41-SG,403.700,8.5,250,7,2.7,08:20:05,
2026-09-18T12:00:53.000Z,V3640186,8643,44.57480,7.98459,18468.2,-18.9,11.4,116.2,-57.1,1.4,-1.0,RS41-SG,403.700,9.5,250,8,2.6,08:20:05,
2026-09-18T12:00:54.000Z,V3640186,8644,44.57475,7.98472,18450.1,-18.3,11.2,116.6,-57.0,1.4,-1.0,RS41-SG,403.700,9.8,250,9,2.6,08:20:05,
2026-09-18T12:00:55.000Z,V3640186,8645,44.57471,7.98485,18432.0,-18.3,11.6,112.3,-56.9,1.4,-1.0,RS41-SG,403.700,10.9,250,8,2.6,08:20:05,
2026-09-18T12:00:56.000Z,V3640186,8646,44.57467,7.98498,18413.6,-18.1,10.5,112.2,-56.8,1.4,-1.0,RS41-SG,403.700,10.9,250,8,2.7,08:20:05,
2026-09-18T12:00:57.000Z,V3640186,8647,44.57464,7.98510,18395.1,-18.3,10.7,110.8,-56.8,1.4,-1.0,RS41-SG,403.700,10.2,250,9,2.7,08:20:05,
2026-09-18T12:00:58.000Z,V3640186,8648,44.57461,7.98522,18376.5,-19.0,10.1,103.6,-56.8,1.4,-1.0,RS41-SG,403.700,10.0,250,8,2.7,08:20:05,
2026-09-18T12:00:59.000Z,V3640186,8649,44.57459,7.98534,18358.2,-18.6,9.1,103.9,-56.9,1.4,-1.0,RS41-SG,403.700,10.0,250,8,2.6,08:20:05,
2026-09-18T12:01:00.000Z,V3640186,8650,44.57457,7.98545,18340.0,-18.8,9.1,97.3,-56.8,1.4,-1.0,RS41-SG,403.700,9.1,250,8,2.6,08:20:05,
2026-09-18T12:01:01.000Z,V3640186,8651,44.57457,7.98556,18320.9,-19.2,8.3,92.4,-56.8,1.4,-1.0,RS41-SG,403.700,9.1,250,8,2.6,08:20:05,
2026-09-18T12:01:02.000Z,V3640186,8652,44.57456,7.98566,18302.4,-18.5,7.6,91.7,-56.8,1.4,-1.0,RS41-SG,403.700,8.9,250,8,2.7,08:20:05,
2026-09-18T12:01:03.000Z,V3640186,8653,44.57456,7.98576,18283.8,-18.5,7.9,90.8,-56.8,1.4,-1.0,RS41-SG,403.700,8.8,250,8,2.7,08:20:05,
2026-09-18T12:01:04.000Z,V3640186,8654,44.57456,7.98585,18265.2,-18.8,7.3,86.2,-56.7,1.3,-1.0,RS41-SG,403.700,9.4,250,7,2.7,08:20:05,
2026-09-18T12:01:05.000Z,V3640186,8655,44.57456,7.98594,18247.0,-18.8,6.7,88.0,-56.6,1.3,-1.0,RS41-SG,403.700,9.4,250,8,2.6,08:20:05,
2026-09-18T12:01:06.000Z,V3640186,8656,44.57456,7.98603,18228.2,-19.0,6.8,86.7,-56.5,1.3,-1.0,RS41-SG,403.700,9.4,250,9,2.6,08:20:05,
2026-09-18T12:01:07.000Z,V3640186,8657,44.57456,7.98611,18209.3,-18.7,6.1,84.0,-56.3,1.3,-1.0,RS41-SG,403.700,9.4,250,9,2.6,08:20:05,
2026-09-18T12:01:08.000Z,V3640186,8658,44.57457,7.98618,18190.9,-18.2,5.8,84.4,-56.2,1.3,-1.0,RS41-SG,403.700,9.2,250,9,2.7,08:20:05,
2026-09-18T12:01:09.000Z,V3640186,8659,44.57457,7.98626,18172.5,-18.4,5.9,86.5,-56.1,1.3,-1.0,RS41-SG,403.700,9.2,250,9,2.7,08:20:05,
2026-09-18T12:01:10.000Z,V3640186,8660,44.57457,7.98633,18153.6,-18.8,5.4,83.7,-56.0,1.3,-1.0,RS41-SG,403.700,9.4,250,9,2.6,08:20:05,
2026-09-18T12:01:11.000Z,V3640186,8661,44.57457,7.98639,18135.3,-18.2,4.9,92.7,-56.0,1.3,-1.0,RS41-SG,403.700,9.4,250,9,2.6,08:20:05,
2026-09-18T12:01:12.000Z,V3640186,8662,44.57457,7.98645,18117.1,-18.5,5.3,95.0,-55.9,1.3,-1.0,RS41-SG,403.700,9.7,250,9,2.7,08:20:05,
2026-09-18T12:01:13.000Z,V3640186,8663,44.57456,7.98651,18098.7,-18.4,4.3,97.5,-55.9,1.3,-1.0,RS41-SG,403.700,10.2,250,9,2.7,08:20:05,
2026-09-18T12:01:14.000Z,V3640186,8664,44.57455,7.98657,18081.0,-18.2,4.6,109.9,-55.8,1.3,-1.0,RS41-SG,403.700,10.7,250,9,2.6,08:20:05,
2026-09-18T12:01:15.000Z,V3640186,8665,44.57453,7.98663,18062.9,-18.2,4.9,108.1,-55.7,1.2,-1.0,RS41-SG,403.700,11.5,250,9,2.6,08:20:05,
2026-09-18T12:01:16.000Z,V3640186,8666,44.57451,7.98668,18045.0,-18.1,4.3,118.3,-55.7,1.3,-1.0,RS41-SG,403.700,11.5,250,8,2.6,08:20:05,
2026-09-18T12:01:17.000Z,V3640186,8667,44.57449,7.98673,18027.1,-18.2,5.1,125.7,-55.8,1.3,-1.0,RS41-SG,403.700,11.3,250,9,2.7,08:20:05,
2026-09-18T12:01:18.000Z,V3640186,8668,44.57446,7.98678,18009.1,-18.1,5.6,122.9,-55.9,1.3,-1.0,RS41-SG,403.700,11.7,250,9,2.7,08:20:05,
2026-09-18T12:01:19.000Z,V3640186,8669,44.57444,7.98684,17991.2,-18.2,5.1,127.8,-56.0,1.3,-1.0,RS41-SG,403.700,11.7,250,7,2.7,08:20:05,
2026-09-18T12:01:20.000Z,V3640186,8670,44.57441,7.98689,17973.7,-17.9,5.9,127.9,-56.0,1.3,-1.0,RS41-SG,403.700,10.2,250,8,2.6,08:19:14,
2026-09-18T12:01:21.000Z,V3640186,8671,44.57438,7.98695,17956.1,-17.8,5.8,119.1,-56.1,1.3,-1.0,RS41-SG,403.700,11.2,250,7,2.6,08:19:14,
2026-09-18T12:01:22.000Z,V3640186,8672,44.57435,7.98702,17938.1,-18.1,5.8,124.3,-56.2,1.3,-1.0,RS41-SG,403.700,11.2,250,8,2.6,08:19:14,
2026-09-18T12:01:23.000Z,V3640186,8673,44.57433,7.98708,17920.0,-17.8,6.2,117.9,-56.2,1.3,-1.0,RS41-SG,403.700,11.3,250,8,2.7,08:19:14,
2026-09-18T12:01:24.000Z,V3640186,8674,44.57430,7.98715,17902.0,-17.8,5.8,121.2,-56.1,1.3,-1.0,RS41-SG,403.700,11.6,250,7,2.7,08:19:14,
2026-09-18T12:01:25.000Z,V3640186,8675,44.57427,7.98722,17884.4,-17.7,6.0,121.7,-56.1,1.3,-1.0,RS41-SG,403.700,11.6,250,9,2.7,08:19:14,
2026-09-18T12:01:26.000Z,V3640186,8676,44.57425,7.98728,17867.1,-18.0,6.1,108.8,-56.2,1.3,-1.0,RS41-SG,403.700,11.2,250,7,2.6,08:19:14,
2026-09-18T12:01:27.000Z,V3640186,8677,44.57423,7.98735,17849.2,-18.1,5.5,107.7,-56.2,1.3,-1.0,RS41-SG,403.700,10.7,250,8,2.6,08:19:14,
2026-09-18T12:01:28.000Z,V3640186,8678,44.57422,7.98742,17831.2,-17.9,5.9,107.3,-56.3,1.3,-1.0,RS41-SG,403.700,10.5,250,8,2.6,08:19:14,
2026-09-18T12:01:29.000Z,V3640186,8679,44.57421,7.98750,17813.4,-17.8,6.0,92.8,-56.3,1.3,-1.0,RS41-SG,403.700,9.9,250,7,2.7,08:19:14,
2026-09-18T12:01:30.000Z,V3640186,8680,44.57420,7.98757,17795.5,-17.5,5.3,95.4,-56.3,1.4,-1.0,RS41-SG,403.700,9.9,250,9,2.7,08:19:14,
2026-09-18T12:01:31.000Z,V3640186,8681,44.57420,7.98763,17777.4,-18.0,5.5,94.8,-56.3,1.4,-1.0,RS41-SG,403.700,10.6,250,9,2.6,08:19:14,
2026-09-18T12:01:32.000Z,V3640186,8682,44.57419,7.98769,17758.8,-18.2,4.8,91.1,-56.2,1.3,-1.0,RS41-SG,403.700,10.6,250,9,2.6,08:19:14,
2026-09-18T12:01:33.000Z,V3640186,8683,44.57419,7.98775,17741.3,-17.7,4.4,97.9,-56.0,1.3,-1.0,RS41-SG,403.700,10.1,250,9,2.7,08:19:14,
2026-09-18T12:01:34.000Z,V3640186,8684,44.57418,7.98781,17723.5,-17.9,4.5,91.8,-55.9,1.3,-1.0,RS41-SG,403.700,9.6,250,9,2.7,08:19:14,
2026-09-18T12:01:35.000Z,V3640186,8685,44.57418,7.98786,17705.1,-18.1,3.6,91.9,-55.7,1.3,-1.0,RS41-SG,403.700,10.7,250,9,2.6,08:19:14,
2026-09-18T12:01:36.000Z,V3640186,8686,44.57418,7.98790,17687.8,-17.8,3.4,101.1,-55.6,1.3,-1.0,RS41-SG,403.700,10.7,250,9,2.6,08:19:14,
2026-09-18T12:01:37.000Z,V3640186,8687,44.57417,7.98794,17670.3,-17.7,3.6,93.5,-55.5,1.3,-1.0,RS41-SG,403.700,10.6,250,9,2.6,08:19:14,
2026-09-18T12:01:38.000Z,V3640186,8688,44.57417,7.98798,17652.2,-17.8,2.5,93.9,-55.5,1.3,-1.0,RS41-SG,403.700,10.6,250,9,2.7,08:19:14,
2026-09-18T12:01:39.000Z,V3640186,8689,44.57416,7.98801,17634.7,-17.7,2.6,109.6,-55.7,1.3,-1.0,RS41-SG,403.700,9.9,250,9,2.7,08:19:14,
2026-09-18T12:01:40.000Z,V3640186,8690,44.57416,7.98804,17616.8,-17.8,2.8,95.7,-55.9,1.3,-1.0,RS41-SG,403.700,10.5,250,9,2.7,08:19:14,
2026-09-18T12:01:41.000Z,V3640186,8691,44.57415,7.98807,17599.2,-17.7,2.4,104.0,-56.2,1.4,-1.0,RS41-SG,403.700,10.5,250,9,2.6,08:19:14,
2026-09-18T12:01:42.000Z,V3640186,8692,44.57415,7.98811,17581.8,-17.6,3.1,103.2,-56.4,1.4,-1.0,RS41-SG,403.700,10.1,250,9,2.6,08:19:14,
2026-09-18T12:01:43.000Z,V3640186,8693,44.57414,7.98814,17564.5,-17.5,2.8,110.8,-56.5,1.4,-1.0,RS41-SG,403.700,10.5,250,7,2.6,08:19:14,
2026-09-18T12:01:44.000Z,V3640186,8694,44.57413,7.98818,17547.3,-16.8,3.5,107.6,-56.6,1.4,-1.0,RS41-SG,403.700,10.5,250,7,2.7,08:19:14,
2026-09-18T12:01:45.000Z,V3640186,8695,44.57411,7.98822,17530.9,-16.6,3.5,120.5,-56.8,1.4,-1.0,RS41-SG,403.700,10.6,250,8,2.7,08:19:14,
2026-09-18T12:01:46.000Z,V3640186,8696,44.57410,7.98826,17513.4,-17.5,3.7,118.9,-56.9,1.4,-1.0,RS41-SG,403.700,10.6,250,7,2.6,08:19:14,
2026-09-18T12:01:47.000Z,V3640186,8697,44.57409,7.98830,17496.0,-17.8,3.9,101.8,-57.1,1.5,-1.0,RS41-SG,403.700,10.1,250,7,2.6,08:19:14,
2026-09-18T12:01:48.000Z,V3640186,8698,44.57408,7.98836,17478.6,-17.3,4.8,101.2,-57.1,1.4,-1.0,RS41-SG,403.700,10.5,250,8,2.7,08:19:14,
2026-09-18T12:01:49.000Z,V3640186,8699,44.57408,7.98842,17462.0,-16.8,4.9,91.0,-57.1,1.5,-1.0,RS41-SG,403.700,10.5,250,8,2.7,08:19:14,
2026-09-18T12:01:50.000Z,V3640186,8700,44.57408,7.98847,17444.2,-17.8,4.4,84.9,-57.2,1.4,-1.0,RS41-SG,403.700,10.8,250,8,2.6,08:19:14,
2026-09-18T12:01:51.000Z,V3640186,8701,44.57409,7.98853,17426.7,-17.4,4.8,71.9,-57.4,1.5,-1.0,RS41-SG,403.700,10.8,250,7,2.6,08:19:14,
2026-09-18T12:01:52.000Z,V3640186,8702,44.57410,7.98859,17408.8,-17.5,4.8,71.2,-57.6,1.5,-1.0,RS41-SG,403.700,9.5,250,9,2.6,08:19:14,
2026-09-18T12:01:53.000Z,V3640186,8703,44.57412,7.98864,17391.4,-17.4,5.6,60.2,-57.6,1.5,-1.0,RS41-SG,403.700,9.2,250,8,2.7,08:19:14,
2026-09-18T12:01:54.000Z,V3640186,8704,44.57415,7.98870,17374.2,-17.3,5.0,50.7,-57.6,1.5,-1.0,RS41-SG,403.700,9.3,250,8,2.7,08:19:14,
2026-09-18T12:01:55.000Z,V3640186,8705,44.57418,7.98874,17357.3,-17.0,5.1,43.6,-57.7,1.6,-1.0,RS41-SG,403.700,9.3,250,9,2.7,08:19:14,
2026-09-18T12:01:56.000Z,V3640186,8706,44.57421,7.98879,17340.3,-17.2,5.1,41.9,-57.7,1.5,-1.0,RS41-SG,403.700,9.5,250,8,2.6,08:19:14,
2026-09-18T12:01:57.000Z,V3640186,8707,44.57425,7.98883,17323.1,-17.3,5.7,32.7,-57.6,1.5,-1.0,RS41-SG,403.700,10.9,250,8,2.6,08:19:14,
2026-09-18T12:01:58.000Z,V3640186,8708,44.57428,7.98886,17306.3,-17.1,5.0,34.3,-57.6,1.6,-1.0,RS41-SG,403.700,10.9,250,9,2.6,08:19:14,
2026-09-18T12:01:59.000Z,V3640186,8709,44.57432,7.98890,17289.3,-16.8,5.2,29.2,-57.7,1.6,-1.0,RS41-SG,403.700,10.3,250,8,2.7,08:19:14,
2026-09-18T12:02:00.000Z,V3640186,8710,44.57436,7.98893,17272.4,-16.6,4.7,33.8,-57.7,1.5,-1.0,RS41-SG,403.700,10.3,250,9,2.7,08:19:14,
2026-09-18T12:02:01.000Z,V3640186,8711,44.57439,7.98896,17255.5,-17.0,4.3,37.8,-57.7,1.5,-1.0,RS41-SG,403.700,10.3,250,8,2.6,08:19:14,
2026-09-18T12:02:02.000Z,V3640186,8712,44.57441,7.98899,17238.3,-17.6,3.6,48.6,-57.6,1.5,-1.0,RS41-SG,403.700,8.5,250,8,2.6,08:19:14,
2026-09-18T12:02:04.000Z,V3640186,8714,44.57444,7.98907,17203.9,-16.7,3.3,84.8,-57.5,1.5,-1.0,RS41-SG,403.700,7.9,250,9,2.7,08:19:14,
2026-09-18T12:02:06.000Z,V3640186,8716,44.57443,7.98916,17170.2,-17.3,4.4,99.8,-57.3,1.5,-1.0,RS41-SG,403.700,9.3,250,9,2.6,08:19:14,
2026-09-18T12:02:07.000Z,V3640186,8717,44.57442,7.98922,17153.2,-17.2,4.9,106.6,-57.3,1.5,-1.0,RS41-SG,403.700,9.3,250,9,2.6,08:19:14,
2026-09-18T12:02:08.000Z,V3640186,8718,44.57441,7.98928,17136.5,-16.8,5.0,112.6,-57.3,1.5,-1.0,RS41-SG,403.700,9.9,250,9,2.7,08:19:14,
2026-09-18T12:02:09.000Z,V3640186,8719,44.57439,7.98934,17119.7,-16.7,5.7,114.9,-57.3,1.5,-1.0,RS41-SG,403.700,10.0,250,9,2.7,08:19:14,
2026-09-18T12:02:10.000Z,V3640186,8720,44.57436,7.98940,17103.2,-16.9,5.4,116.2,-57.4,1.5,-1.0,RS41-SG,403.700,10.6,250,9,2.7,08:19:14,
2026-09-18T12:02:11.000Z,V3640186,8721,44.57434,7.98947,17086.5,-17.1,6.0,115.6,-57.5,1.5,-1.0,RS41-SG,403.700,10.6,250,9,2.6,08:18:23,
2026-09-18T12:02:12.000Z,V3640186,8722,44.57432,7.98953,17069.3,-17.5,5.9,117.7,-57.5,1.5,-1.0,RS41-SG,403.700,11.2,250,9,2.6,08:18:23,
2026-09-18T12:02:14.000Z,V3640186,8724,44.57426,7.98965,17035.7,-16.7,5.2,119.6,-57.4,1.5,-1.0,RS41-SG,403.700,9.8,250,9,2.7,08:18:23,
2026-09-18T12:02:15.000Z,V3640186,8725,44.57424,7.98971,17018.9,-16.8,5.1,122.7,-57.4,1.5,-1.0,RS41-SG,403.700,10.5,250,9,2.7,08:18:23,
2026-09-18T12:02:16.000Z,V3640186,8726,44.57421,7.98976,17002.6,-16.8,4.3,125.5,-57.3,1.5,-1.0,RS41-SG,403.700,10.5,250,9,2.6,08:18:23,
2026-09-18T12:02:17.000Z,V3640186,8727,44.57419,7.98980,16985.7,-17.3,4.5,131.8,-57.2,1.5,-1.0,RS41-SG,403.700,10.9,250,9,2.6,08:18:23,
2026-09-18T12:02:18.000Z,V3640186,8728,44.57416,7.98984,16969.1,-16.7,3.6,134.3,-57.3,1.5,-1.0,RS41-SG,403.700,10.9,250,9,2.7,08:18:23,
2026-09-18T12:02:19.000Z,V3640186,8729,44.57414,7.98987,16952.6,-16.8,4.3,136.5,-57.3,1.5,-1.0,RS41-SG,403.700,10.5,250,9,2.7,08:18:23,
2026-09-18T12:02:20.000Z,V3640186,8730,44.57411,7.98991,16936.2,-16.5,3.7,138.2,-57.2,1.5,-1.0,RS41-SG,403.700,10.5,250,9,2.6,08:18:23,
2026-09-18T12:02:21.000Z,V3640186,8731,44.57409,7.98994,16919.8,-16.6,3.0,134.8,-57.2,1.5,-1.0,RS41-SG,403.700,8.4,250,9,2.6,08:18:23,
2026-09-18T12:02:22.000Z,V3640186,8732,44.57407,7.98997,16903.6,-16.1,3.2,123.5,-57.1,1.5,-1.0,RS41-SG,403.700,8.5,250,9,2.6,08:18:23,
2026-09-18T12:02:24.000Z,V3640186,8734,44.57404,7.99003,16871.2,-16.5,3.0,120.6,-57.0,1.5,-1.0,RS41-SG,403.700,10.7,250,9,2.7,08:18:23,
2026-09-18T12:02:25.000Z,V3640186,8735,44.57402,7.99007,16854.4,-16.7,3.7,113.9,-57.0,1.5,-1.0,RS41-SG,403.700,10.7,250,9,2.7,08:18:23,
2026-09-18T12:02:26.000Z,V3640186,8736,44.57401,7.99011,16838.1,-16.6,3.4,111.0,-56.9,1.5,-1.0,RS41-SG,403.700,10.9,250,9,2.6,08:18:23,
2026-09-18T12:02:27.000Z,V3640186,8737,44.57400,7.99015,16822.0,-16.2,3.2,96.5,-56.9,1.5,-1.0,RS41-SG,403.700,10.9,250,9,2.6,08:18:23,
2026-09-18T12:02:28.000Z,V3640186,8738,44.57400,7.99020,16805.8,-16.4,4.0,95.6,-56.9,1.5,-1.0,RS41-SG,403.700,10.3,250,9,2.6,08:18:23,
2026-09-18T12:02:29.000Z,V3640186,8739,44.57400,7.99024,16790.2,-16.1,3.5,94.2,-56.9,1.5,-1.0,RS41-SG,403.700,10.3,250,9,2.7,08:18:23,
2026-09-18T12:02:30.000Z,V3640186,8740,44.57400,7.99029,16773.8,-16.2,3.7,79.7,-56.9,1.5,-1.0,RS41-SG,403.700,10.5,250,9,2.7,08:18:23,
2026-09-18T12:02:31.000Z,V3640186,8741,44.57400,7.99033,16757.8,-16.3,3.5,85.6,-57.0,1.5,-1.0,RS41-SG,403.700,10.5,250,9,2.6,08:18:23,
2026-09-18T12:02:32.000Z,V3640186,8742,44.57401,7.99038,16741.7,-16.0,3.6,71.5,-57.1,1.5,-1.0,RS41-SG,403.700,10.2,250,9,2.6,08:18:23,
2026-09-18T12:02:33.000Z,V3640186,8743,44.57402,7.99042,16725.9,-16.0,3.6,72.2,-57.1,1.6,-1.0,RS41-SG,403.700,10.1,250,9,2.7,08:18:23,
2026-09-18T12:02:34.000Z,V3640186,8744,44.57403,7.99046,16710.0,-15.7,3.6,69.2,-57.0,1.5,-1.0,RS41-SG,403.700,9.3,250,9,2.7,08:18:23,
2026-09-18T12:02:35.000Z,V3640186,8745,44.57404,7.99050,16693.8,-16.5,3.7,63.4,-57.0,1.6,-1.0,RS41-SG,403.700,10.1,250,9,2.6,08:18:23,
2026-09-18T12:02:36.000Z,V3640186,8746,44.57406,7.99055,16677.2,-16.6,3.7,69.7,-57.0,1.6,-1.0,RS41-SG,403.700,10.5,250,9,2.6,08:18:23,
2026-09-18T12:02:37.000Z,V3640186,8747,44.57407,7.99059,16660.9,-16.6,3.9,73.9,-56.9,1.5,-1.0,RS41-SG,403.700,10.5,250,9,2.6,08:18:23,
2026-09-18T12:02:38.000Z,V3640186,8748,44.57408,7.99064,16644.7,-16.2,4.4,79.2,-56.8,1.5,-1.0,RS41-SG,403.700,9.4,250,9,2.7,08:18:23,
2026-09-18T12:02:39.000Z,V3640186,8749,44.57408,7.99070,16628.9,-16.2,4.3,90.1,-56.7,1.5,-1.0,RS41-SG,403.700,9.2,250,9,2.7,08:18:23,
2026-09-18T12:02:40.000Z,V3640186,8750,44.57408,7.99075,16612.6,-16.5,4.6,84.9,-56.6,1.5,-1.0,RS41-SG,403.700,9.9,250,9,2.7,08:18:23,
2026-09-18T12:02:41.000Z,V3640186,8751,44.57408,7.99081,16596.5,-16.8,4.7,94.6,-56.5,1.5,-1.0,RS41-SG,403.700,9.9,250,9,2.6,08:18:23,
2026-09-18T12:02:42.000Z,V3640186,8752,44.57408,7.99087,16579.9,-16.6,4.9,88.1,-56.6,1.5,-1.0,RS41-SG,403.700,9.5,250,9,2.6,08:18:23,
2026-09-18T12:02:43.000Z,V3640186,8753,44.57408,7.99093,16564.0,-15.8,5.1,99.4,-56.6,1.6,-1.0,RS41-SG,403.700,9.5,250,9,2.6,08:18:23,
2026-09-18T12:02:44.000Z,V3640186,8754,44.57407,7.99100,16548.0,-16.1,5.2,92.7,-56.5,1.5,-1.0,RS41-SG,403.700,8.6,250,9,2.7,08:18:23,
2026-09-18T12:02:45.000Z,V3640186,8755,44.57407,7.99106,16531.9,-15.8,4.7,96.5,-56.4,1.5,-1.0,RS41-SG,403.700,8.7,250,9,2.7,08:18:23,
2026-09-18T12:02:46.000Z,V3640186,8756,44.57407,7.99112,16516.1,-16.2,4.9,92.6,-56.2,1.5,-1.0,RS41-SG,403.700,8.7,250,9,2.6,08:18:23,
2026-09-18T12:02:47.000Z,V3640186,8757,44.57406,7.99117,16500.0,-16.1,4.0,89.7,-56.2,1.5,-1.0,RS41-SG,403.700,8.6,250,8,2.6,08:18:23,
2026-09-18T12:02:48.000Z,V3640186,8758,44.57407,7.99123,16483.6,-16.1,4.3,88.9,-56.1,1.5,-1.0,RS41-SG,403.700,8.6,250,9,2.7,08:18:23,
2026-09-18T12:02:49.000Z,V3640186,8759,44.57407,7.99128,16467.7,-16.0,3.8,84.0,-56.0,1.5,-1.0,RS41-SG,403.700,8.9,250,9,2.7,08:18:23,
2026-09-18T12:02:50.000Z,V3640186,8760,44.57407,7.99133,16452.2,-16.0,4.3,76.6,-55.9,1.5,-1.0,RS41-SG,403.700,9.5,250,9,2.6,08:18:23,
2026-09-18T12:02:51.000Z,V3640186,8761,44.57408,7.99138,16436.1,-16.0,3.8,78.1,-55.7,1.5,-1.0,RS41-SG,403.700,9.6,250,8,2.6,08:18:23,
2026-09-18T12:02:52.000Z,V3640186,8762,44.57408,7.99143,16420.2,-16.2,3.6,91.2,-55.6,1.5,-1.0,RS41-SG,403.700,9.6,250,9,2.6,08:18:23,
2026-09-18T12:02:53.000Z,V3640186,8763,44.57409,7.99147,16403.9,-16.0,3.7,73.0,-55.6,1.5,-1.0,RS41-SG,403.700,9.0,250,8,2.7,08:18:23,
2026-09-18T12:02:54.000Z,V3640186,8764,44.57410,7.99152,16388.1,-15.9,3.4,79.3,-55.6,1.5,-1.0,RS41-SG,403.700,9.0,250,9,2.7,08:18:23,
2026-09-18T12:02:55.000Z,V3640186,8765,44.57410,7.99156,16372.1,-16.1,3.6,73.8,-55.6,1.5,-1.0,RS41-SG,403.700,8.1,250,9,2.7,08:18:23,
2026-09-18T12:02:56.000Z,V3640186,8766,44.57411,7.99160,16356.1,-16.0,3.0,72.8,-55.6,1.5,-1.0,RS41-SG,403.700,7.6,250,9,2.6,08:18:23,
2026-09-18T12:02:57.000Z,V3640186,8767,44.57412,7.99164,16340.3,-16.3,3.2,71.7,-55.6,1.5,-1.0,RS41-SG,403.700,8.0,250,9,2.6,08:18:23,
2026-09-18T12:02:58.000Z,V3640186,8768,44.57413,7.99167,16324.3,-16.0,2.1,80.8,-55.7,1.5,-1.0,RS41-SG,403.700,8.7,250,8,2.6,08:18:23,
2026-09-18T12:02:59.000Z,V3640186,8769,44.57413,7.99170,16308.0,-15.9,2.5,90.2,-55.8,1.5,-1.0,RS41-SG,403.700,8.7,250,8,2.7,08:18:23,
2026-09-18T12:03:00.000Z,V3640186,8770,44.57413,7.99173,16292.2,-15.9,2.2,93.4,-55.8,1.5,-1.0,RS41-SG,403.700,8.3,250,8,2.7,08:18:23,
2026-09-18T12:03:04.000Z,V3640186,8774,44.57410,7.99184,16227.3,-16.1,2.4,114.5,-55.9,1.6,-1.0,RS41-SG,403.700,7.6,250,9,2.7,08:18:23,
2026-09-18T12:03:14.000Z,V3640186,8784,44.57391,7.99218,16071.3,-15.5,3.3,125.3,-57.6,1.8,-1.0,RS41-SG,403.700,7.4,250,9,2.6,08:18:23,
2026-09-18T12:03:15.000Z,V3640186,8785,44.57389,7.99222,16056.0,-15.3,2.6,104.0,-57.5,1.8,-1.0,RS41-SG,403.700,7.4,250,9,2.6,08:18:23,
2026-09-18T12:03:16.000Z,V3640186,8786,44.57389,7.99225,16040.8,-15.5,3.4,100.3,-57.4,1.7,-1.0,RS41-SG,403.700,7.8,250,9,2.6,08:18:23,
2026-09-18T12:03:17.000Z,V3640186,8787,44.57388,7.99229,16025.7,-15.0,2.8,97.8,-57.5,1.8,-1.0,RS41-SG,403.700,7.8,250,9,2.6,08:18:23,
2026-09-18T12:03:20.000Z,V3640186,8790,44.57390,7.99239,15979.4,-15.3,2.5,74.9,-57.6,1.8,-1.0,RS41-SG,403.700,7.0,250,9,2.7,08:18:23,
2026-09-18T12:03:23.000Z,V3640186,8793,44.57392,7.99248,15932.6,-15.7,2.2,70.7,-57.8,1.8,-1.0,RS41-SG,403.700,7.5,250,9,2.6,08:18:23,
2026-09-18T12:03:26.000Z,V3640186,8796,44.57392,7.99257,15885.8,-15.7,2.8,93.6,-58.2,1.9,-1.0,RS41-SG,403.700,7.0,250,9,2.7,08:18:23,
2026-09-18T12:03:27.000Z,V3640186,8797,44.57392,7.99261,15870.3,-15.8,2.7,96.6,-58.3,1.9,-1.0,RS41-SG,403.700,7.0,250,8,2.6,08:18:23,
2026-09-18T12:03:29.000Z,V3640186,8799,44.57391,7.99268,15840.4,-15.0,3.0,93.9,-59.1,2.0,-1.0,RS41-SG,403.700,6.6,250,9,2.6,08:18:23,
2026-09-18T12:03:35.000Z,V3640186,8805,44.57390,7.99286,15748.8,-15.5,2.4,100.7,-59.7,2.1,-1.0,RS41-SG,403.700,7.5,250,9,2.6,08:18:23,
2026-09-18T12:03:37.000Z,V3640186,8807,44.57390,7.99290,15718.5,-15.1,1.4,87.3,-59.5,2.1,-1.0,RS41,403.700,7.3,250,9,2.6,08:18:23,
2026-09-18T12:03:38.000Z,V3640186,8808,44.57390,7.99292,15703.5,-15.3,1.7,106.8,-59.4,2.1,-1.0,RS41,403.700,7.4,250,9,2.6,08:18:23,
2026-09-18T12:03:41.000Z,V3640186,8811,44.57388,7.99295,15658.2,-15.1,1.1,167.2,-59.2,2.1,-1.0,RS41,403.700,7.2,250,8,2.6,08:18:23,
2026-09-18T12:03:43.000Z,V3640186,8813,44.57386,7.99297,15628.0,-15.3,1.8,163.6,-59.0,2.1,-1.0,RS41,403.700,7.1,250,9,2.7,08:18:23,
2026-09-18T12:03:46.000Z,V3640186,8816,44.57379,7.99298,15582.2,-15.5,3.0,164.9,-59.3,2.2,-1.0,RS41,403.700,7.0,250,9,2.6,08:18:23,
2026-09-18T12:03:47.000Z,V3640186,8817,44.57377,7.99299,15567.6,-14.7,3.3,177.0,-59.3,2.2,-1.0,RS41,403.700,7.3,250,9,2.6,08:18:23,
2026-09-18T12:03:48.000Z,V3640186,8818,44.57374,7.99299,15552.7,-14.8,2.8,180.1,-59.2,2.2,-1.0,RS41,403.700,7.3,250,9,2.7,08:18:23,
2026-09-18T12:03:49.000Z,V3640186,8819,44.57372,7.99299,15538.0,-14.7,2.7,165.6,-59.1,2.2,-1.0,RS41,403.700,7.2,250,9,2.6,08:18:23,
2026-09-18T12:03:52.000Z,V3640186,8822,44.57365,7.99302,15493.2,-15.0,2.5,155.3,-58.8,2.2,-1.0,RS41,403.700,7.0,250,9,2.7,08:18:23,
2026-09-18T12:03:56.000Z,V3640186,8826,44.57357,7.99310,15434.0,-15.1,2.7,138.9,-58.6,2.2,-1.0,RS41,403.700,7.0,250,9,2.6,08:18:23,
2026-09-18T12:03:57.000Z,V3640186,8827,44.57355,7.99312,15418.6,-15.0,3.7,134.5,-58.5,2.2,-1.0,RS41,403.700,7.5,250,9,2.6,08:18:23,
2026-09-18T12:03:58.000Z,V3640186,8828,44.57353,7.99315,15403.8,-14.9,3.4,135.6,-58.5,2.3,-1.0,RS41,403.700,7.5,250,9,2.7,08:18:23,
2026-09-18T12:04:04.000Z,V3640186,8834,44.57337,7.99335,15315.7,-14.6,5.0,142.9,-57.9,2.3,-1.0,RS41,403.700,7.4,250,9,2.7,08:18:23,
2026-09-18T12:04:05.000Z,V3640186,8835,44.57333,7.99339,15301.0,-14.5,5.0,142.0,-57.9,2.2,-1.0,RS41,403.700,8.0,250,9,2.7,08:18:23,
2026-09-18T12:04:06.000Z,V3640186,8836,44.57330,7.99343,15286.6,-14.6,5.3,145.1,-57.9,2.3,-1.0,RS41,403.700,8.0,250,9,2.6,08:18:23,
2026-09-18T12:04:08.000Z,V3640186,8838,44.57321,7.99352,15257.6,-14.7,6.4,141.0,-57.6,2.3,-1.0,RS41,403.700,7.4,250,9,2.6,08:18:23,
2026-09-18T12:04:09.000Z,V3640186,8839,44.57317,7.99357,15242.8,-14.6,6.5,142.8,-57.5,2.3,-1.0,RS41,403.700,7.8,250,8,2.6,08:18:23,
2026-09-18T12:04:10.000Z,V3640186,8840,44.57312,7.99362,15228.6,-14.1,7.1,146.1,-57.3,2.3,-1.0,RS41,403.700,7.8,250,9,2.7,08:18:23,
2026-09-18T12:04:13.000Z,V3640186,8843,44.57296,7.99377,15186.2,-14.1,7.6,147.1,-56.9,2.2,-1.0,RS41,403.700,7.4,250,9,2.6,08:18:23,
2026-09-18T12:04:14.000Z,V3640186,8844,44.57290,7.99382,15171.9,-14.2,6.9,147.1,-56.8,2.2,-1.0,RS41,403.700,7.4,250,8,2.6,08:18:23,
2026-09-18T12:04:17.000Z,V3640186,8847,44.57275,7.99397,15128.4,-14.8,6.3,142.7,-56.4,2.2,-1.0,RS41,403.700,7.3,250,9,2.5,08:18:23,
2026-09-18T12:04:20.000Z,V3640186,8850,44.57262,7.99412,15085.0,-14.3,5.7,138.2,-56.3,2.2,-1.0,RS41,403.700,6.8,250,9,2.6,08:18:23,
2026-09-18T12:04:31.999Z,V3640186,8862,44.57228,7.99471,14914.7,-13.6,5.0,117.7,-56.9,2.4,-1.0,RS41,403.700,6.9,250,9,2.7,08:18:23,
