timestamp,serial,frame,lat,lon,alt,vel_v,vel_h,heading,temp,humidity,pressure,type,freq_mhz,snr,f_error_hz,sats,batt_v,burst_timer,aux_data
2026-07-30T23:40:05.000Z,M20-403-2-02878,1469490005,43.90823,4.49447,7436.2,4.2,10.4,49.1,-19.0,37.8,413.3,0x20,405.002,6.8,1125,-1,2.7,,
2026-07-30T23:40:29.000Z,M20-403-2-02878,1469490029,43.90916,4.49744,7529.5,3.8,9.9,64.2,-19.8,44.0,407.9,0x20,405.002,7.2,1125,-1,2.7,,
2026-07-30T23:40:46.000Z,M20-403-2-02878,1469490046,43.90973,4.49950,7618.2,5.0,13.0,77.2,-20.5,48.8,403.4,0x20,405.002,6.0,1125,-1,2.7,,
2026-07-30T23:41:33.000Z,M20-403-2-02878,1469490093,43.91136,4.50493,7858.1,3.8,12.7,68.8,-22.4,71.0,390.1,0x20,405.002,6.8,1125,-1,2.7,,
2026-07-30T23:41:34.000Z,M20-403-2-02878,1469490094,43.91140,4.50507,7862.4,3.0,11.6,77.4,-22.4,70.9,389.8,0x20,405.002,7.0,1125,-1,2.7,,
2026-07-30T23:41:51.000Z,M20-403-2-02878,1469490111,43.91206,4.50706,7944.6,1.9,11.9,76.7,-22.9,69.4,385.6,0x20,405.002,6.7,1125,-1,2.7,,
2026-07-30T23:41:57.000Z,M20-403-2-02878,1469490117,43.91234,4.50787,7967.4,2.6,12.1,65.1,-23.1,68.6,384.3,0x20,405.002,3.2,1125,-1,2.7,,
2026-07-30T23:41:59.000Z,M20-403-2-02878,1469490119,43.91243,4.50815,7974.7,3.7,12.6,65.1,-23.1,68.7,383.9,0x20,405.002,7.4,1125,-1,2.7,,
2026-07-30T23:42:00.000Z,M20-403-2-02878,1469490120,43.91247,4.50829,7979.2,5.1,12.3,67.8,-23.1,69.0,383.7,0x20,405.002,7.4,1125,-1,2.7,,
2026-07-30T23:42:02.000Z,M20-403-2-02878,1469490122,43.91255,4.50856,7986.4,4.8,11.8,64.1,-23.1,70.7,383.3,0x20,405.002,7.4,1125,-1,2.7,,
2026-07-30T23:42:03.000Z,M20-403-2-02878,1469490123,43.91260,4.50870,7990.5,3.7,12.6,61.6,-23.2,71.6,383.1,0x20,405.002,8.0,1125,-1,2.7,,
2026-07-30T23:42:04.000Z,M20-403-2-02878,1469490124,43.91265,4.50883,7994.3,4.0,11.8,64.7,-23.2,72.3,382.9,0x20,405.002,8.0,1125,-1,2.7,,
2026-07-30T23:42:06.000Z,M20-403-2-02878,1469490126,43.91274,4.50908,8001.4,4.3,10.9,60.9,-23.2,73.5,382.5,0x20,405.002,6.8,1125,-1,2.7,,
2026-07-30T23:42:07.000Z,M20-403-2-02878,1469490127,43.91279,4.50920,8005.5,3.9,11.2,60.1,-23.3,74.0,382.3,0x20,405.002,8.2,1125,-1,2.7,,
2026-07-30T23:42:08.000Z,M20-403-2-02878,1469490128,43.91284,4.50933,8009.4,3.8,11.4,65.2,-23.3,74.4,382.1,0x20,405.002,8.2,1125,-1,2.7,,
2026-07-30T23:42:09.000Z,M20-403-2-02878,1469490129,43.91287,4.50946,8012.6,2.7,11.4,69.7,-23.3,74.7,382.0,0x20,405.002,3.5,1125,-1,2.7,,
2026-07-30T23:42:10.000Z,M20-403-2-02878,1469490130,43.91292,4.50959,8016.2,4.7,11.8,64.0,-23.4,75.1,381.8,0x20,405.002,3.2,1125,-1,2.7,,
2026-07-30T23:42:11.000Z,M20-403-2-02878,1469490131,43.91296,4.50972,8019.9,2.9,11.5,62.5,-23.4,75.4,381.6,0x20,405.002,3.5,1125,-1,2.7,,
2026-07-30T23:42:12.000Z,M20-403-2-02878,1469490132,43.91301,4.50985,8024.0,5.1,12.1,66.6,-23.4,75.7,381.3,0x20,405.002,6.2,1125,-1,2.7,,
2026-07-30T23:42:14.000Z,M20-403-2-02878,1469490134,43.91308,4.51014,8031.6,4.8,12.4,69.3,-23.5,76.2,380.9,0x20,405.002,6.9,1125,-1,2.7,,
2026-07-30T23:42:15.000Z,M20-403-2-02878,1469490135,43.91312,4.51028,8035.4,3.2,11.9,67.7,-23.5,76.4,380.8,0x20,405.002,9.2,1125,-1,2.7,,
2026-07-30T23:42:16.000Z,M20-403-2-02878,1469490136,43.91316,4.51042,8039.7,5.6,12.0,70.1,-23.5,76.6,380.5,0x20,405.002,9.2,1125,-1,2.7,,
2026-07-30T23:42:20.000Z,M20-403-2-02878,1469490140,43.91330,4.51095,8054.9,4.3,11.2,70.0,-23.7,77.3,379.7,0x20,405.002,7.0,1125,-1,2.7,,
2026-07-30T23:42:21.000Z,M20-403-2-02878,1469490141,43.91333,4.51109,8058.2,2.8,11.4,78.2,-23.7,77.5,379.5,0x20,405.002,7.0,1125,-1,2.7,,
2026-07-30T23:42:22.000Z,M20-403-2-02878,1469490142,43.91337,4.51123,8062.1,4.7,12.4,62.8,-23.7,77.6,379.3,0x20,405.002,3.7,1125,-1,2.7,,
2026-07-30T23:42:23.000Z,M20-403-2-02878,1469490143,43.91342,4.51136,8066.5,4.2,12.0,69.5,-23.8,77.8,379.1,0x20,405.002,2.9,1125,-1,2.7,,
2026-07-30T23:42:25.000Z,M20-403-2-02878,1469490145,43.91348,4.51164,8073.9,5.0,11.7,72.9,-23.8,78.0,378.7,0x20,405.002,5.1,1125,-1,2.7,,
2026-07-30T23:42:26.000Z,M20-403-2-02878,1469490146,43.91352,4.51178,8078.6,4.4,12.5,67.3,-23.8,78.2,378.5,0x20,405.002,8.1,1125,-1,2.7,,
2026-07-30T23:42:30.000Z,M20-403-2-02878,1469490150,43.91365,4.51231,8093.4,3.6,12.0,69.9,-24.0,79.9,377.7,0x20,405.002,7.6,1125,-1,2.7,,
2026-07-30T23:42:31.000Z,M20-403-2-02878,1469490151,43.91368,4.51246,8096.5,2.2,12.2,73.1,-24.0,80.5,377.6,0x20,405.002,9.3,1125,-1,2.7,,
2026-07-30T23:42:32.000Z,M20-403-2-02878,1469490152,43.91372,4.51260,8099.1,2.8,11.8,70.1,-24.0,81.0,377.4,0x20,405.002,9.3,1125,-1,2.7,,
2026-07-30T23:42:34.000Z,M20-403-2-02878,1469490154,43.91381,4.51286,8105.9,3.2,11.9,62.9,-24.1,81.6,377.0,0x20,405.002,7.1,1125,-1,2.7,,
2026-07-30T23:42:35.000Z,M20-403-2-02878,1469490155,43.91385,4.51300,8109.0,2.8,11.9,64.6,-24.1,81.4,376.8,0x20,405.002,7.1,1500,-1,2.7,,
2026-07-30T23:42:36.000Z,M20-403-2-02878,1469490156,43.91390,4.51313,8112.9,4.3,12.1,67.5,-24.1,80.7,376.6,0x20,405.002,3.8,1875,-1,2.7,,
2026-07-30T23:42:37.000Z,M20-403-2-02878,1469490157,43.91394,4.51327,8116.9,2.7,12.1,71.7,-24.0,79.9,376.4,0x20,405.002,3.1,1125,-1,2.7,,
2026-07-30T23:42:38.000Z,M20-403-2-02878,1469490158,43.91398,4.51342,8119.9,3.8,12.9,67.1,-24.1,79.1,376.2,0x20,405.002,6.2,1125,-1,2.7,,
2026-07-30T23:42:39.000Z,M20-403-2-02878,1469490159,43.91402,4.51357,8123.8,3.8,12.7,69.3,-24.1,78.3,376.0,0x20,405.002,6.8,1125,-1,2.7,,
2026-07-30T23:42:43.000Z,M20-403-2-02878,1469490163,43.91419,4.51416,8138.0,3.7,12.4,66.1,-24.1,75.8,375.3,0x20,405.002,7.5,1125,-1,2.7,,
2026-07-30T23:42:44.000Z,M20-403-2-02878,1469490164,43.91423,4.51430,8141.8,3.8,12.1,71.6,-24.2,75.4,375.0,0x20,405.002,7.7,1125,-1,2.7,,
2026-07-30T23:42:45.000Z,M20-403-2-02878,1469490165,43.91426,4.51444,8146.3,4.4,11.8,70.6,-24.2,75.0,374.9,0x20,405.002,7.7,1125,-1,2.7,,
2026-07-30T23:42:46.000Z,M20-403-2-02878,1469490166,43.91430,4.51458,8150.8,3.4,12.2,65.1,-24.2,74.7,374.6,0x20,405.002,8.1,1125,-1,2.7,,
2026-07-30T23:42:47.000Z,M20-403-2-02878,1469490167,43.91435,4.51473,8154.5,4.1,13.2,65.2,-24.2,74.4,374.5,0x20,405.002,8.1,1125,-1,2.7,,
2026-07-30T23:42:48.000Z,M20-403-2-02878,1469490168,43.91440,4.51488,8157.4,2.8,13.4,71.9,-24.3,74.2,374.2,0x20,405.002,8.0,1125,-1,2.7,,
2026-07-30T23:42:49.000Z,M20-403-2-02878,1469490169,43.91444,4.51504,8161.2,3.8,14.1,69.6,-24.3,74.0,374.1,0x20,405.002,3.5,1125,-1,2.7,,
2026-07-30T23:42:50.000Z,M20-403-2-02878,1469490170,43.91448,4.51520,8165.6,4.4,13.0,68.9,-24.3,73.8,373.9,0x20,405.002,3.5,1125,-1,2.7,,
2026-07-30T23:42:51.000Z,M20-403-2-02878,1469490171,43.91452,4.51535,8169.8,4.2,12.5,67.9,-24.4,73.6,373.7,0x20,405.002,8.3,1875,-1,2.7,,
2026-07-30T23:42:52.000Z,M20-403-2-02878,1469490172,43.91456,4.51550,8173.9,3.9,12.6,70.1,-24.4,73.5,373.4,0x20,405.002,9.0,1500,-1,2.7,,
2026-07-30T23:42:53.000Z,M20-403-2-02878,1469490173,43.91460,4.51565,8177.2,3.2,12.8,72.6,-24.4,73.3,373.3,0x20,405.002,9.0,1125,-1,2.7,,
2026-07-30T23:42:54.000Z,M20-403-2-02878,1469490174,43.91464,4.51579,8180.6,3.4,12.6,64.1,-24.5,73.1,373.1,0x20,405.002,7.6,1500,-1,2.7,,
2026-07-30T23:42:55.000Z,M20-403-2-02878,1469490175,43.91470,4.51594,8183.6,2.3,13.3,61.7,-24.5,72.9,372.9,0x20,405.002,8.1,1875,-1,2.7,,
2026-07-30T23:42:56.000Z,M20-403-2-02878,1469490176,43.91476,4.51609,8187.0,4.2,14.1,61.0,-24.5,72.8,372.7,0x20,405.002,8.9,1875,-1,2.7,,
2026-07-30T23:42:57.000Z,M20-403-2-02878,1469490177,43.91481,4.51624,8190.3,1.8,13.7,68.2,-24.5,72.4,372.5,0x20,405.002,8.9,1500,-1,2.7,,
2026-07-30T23:42:58.000Z,M20-403-2-02878,1469490178,43.91486,4.51640,8194.3,5.3,13.5,67.0,-24.5,71.8,372.3,0x20,405.002,8.9,1500,-1,2.7,,
2026-07-30T23:42:59.000Z,M20-403-2-02878,1469490179,43.91490,4.51655,8198.4,2.7,12.9,68.0,-24.6,71.2,372.1,0x20,405.002,9.9,1500,-1,2.7,,
2026-07-30T23:43:00.000Z,M20-403-2-02878,1469490180,43.91495,4.51670,8201.8,3.9,12.9,70.2,-24.6,70.8,371.9,0x20,405.002,9.9,1500,-1,2.7,,
2026-07-30T23:43:01.000Z,M20-403-2-02878,1469490181,43.91499,4.51686,8205.4,2.5,13.6,67.6,-24.6,70.1,371.7,0x20,405.002,4.2,1125,-1,2.7,,
2026-07-30T23:43:02.000Z,M20-403-2-02878,1469490182,43.91504,4.51701,8209.3,4.7,13.9,65.5,-24.6,69.4,371.5,0x20,405.002,4.2,1500,-1,2.7,,
2026-07-30T23:43:03.000Z,M20-403-2-02878,1469490183,43.91510,4.51717,8213.8,3.4,13.7,61.5,-24.6,68.9,371.3,0x20,405.002,4.2,1500,-1,2.7,,
2026-07-30T23:43:04.000Z,M20-403-2-02878,1469490184,43.91516,4.51731,8218.6,5.4,13.8,60.7,-24.7,68.3,371.1,0x20,405.002,6.0,1875,-1,2.7,,
2026-07-30T23:43:05.000Z,M20-403-2-02878,1469490185,43.91521,4.51746,8223.3,3.1,13.6,64.5,-24.7,67.7,370.9,0x20,405.002,8.1,1875,-1,2.7,,
2026-07-30T23:43:06.000Z,M20-403-2-02878,1469490186,43.91527,4.51761,8226.5,3.2,13.2,61.0,-24.7,67.2,370.6,0x20,405.002,8.3,1500,-1,2.7,,
2026-07-30T23:43:07.000Z,M20-403-2-02878,1469490187,43.91533,4.51775,8230.2,3.9,13.0,59.1,-24.7,66.8,370.4,0x20,405.002,9.6,1500,-1,2.7,,
2026-07-30T23:43:08.000Z,M20-403-2-02878,1469490188,43.91539,4.51789,8234.3,4.3,13.2,59.4,-24.7,66.5,370.2,0x20,405.002,9.6,1875,-1,2.7,,
2026-07-30T23:43:09.000Z,M20-403-2-02878,1469490189,43.91545,4.51804,8238.4,3.1,14.0,60.8,-24.7,66.2,370.0,0x20,405.002,8.8,1875,-1,2.7,,
2026-07-30T23:43:10.000Z,M20-403-2-02878,1469490190,43.91551,4.51819,8243.0,5.2,13.6,62.9,-24.8,66.1,369.8,0x20,405.002,8.6,1875,-1,2.7,,
2026-07-30T23:43:11.000Z,M20-403-2-02878,1469490191,43.91557,4.51833,8247.6,3.6,12.8,62.9,-24.8,66.0,369.6,0x20,405.002,8.5,1875,-1,2.7,,
2026-07-30T23:43:13.000Z,M20-403-2-02878,1469490193,43.91567,4.51862,8256.3,3.6,13.6,64.3,-24.9,65.9,369.1,0x20,405.002,7.5,1500,-1,2.7,,
2026-07-30T23:43:14.000Z,M20-403-2-02878,1469490194,43.91573,4.51878,8261.0,5.3,13.5,64.0,-24.9,66.0,368.9,0x20,405.002,3.8,1500,-1,2.7,,
2026-07-30T23:43:15.000Z,M20-403-2-02878,1469490195,43.91578,4.51892,8265.7,4.2,12.8,62.2,-24.9,66.0,368.8,0x20,405.002,3.4,1500,-1,2.7,,
2026-07-30T23:43:16.000Z,M20-403-2-02878,1469490196,43.91584,4.51907,8270.2,4.7,14.0,61.0,-25.0,66.0,368.5,0x20,405.002,3.2,1500,-1,2.7,,
2026-07-30T23:43:17.000Z,M20-403-2-02878,1469490197,43.91590,4.51922,8274.2,3.3,14.5,59.7,-25.0,66.1,368.4,0x20,405.002,6.7,1125,-1,2.7,,
2026-07-30T23:43:18.000Z,M20-403-2-02878,1469490198,43.91596,4.51937,8278.1,4.4,13.8,59.3,-25.0,66.1,368.1,0x20,405.002,8.4,1500,-1,2.7,,
2026-07-30T23:43:19.000Z,M20-403-2-02878,1469490199,43.91602,4.51952,8281.7,2.9,12.9,61.8,-25.1,66.2,367.9,0x20,405.002,8.4,1875,-1,2.7,,
2026-07-30T23:43:20.000Z,M20-403-2-02878,1469490200,43.91608,4.51966,8285.6,4.8,12.7,62.2,-25.1,66.2,367.8,0x20,405.002,9.6,1875,-1,2.7,,
2026-07-30T23:43:21.000Z,M20-403-2-02878,1469490201,43.91613,4.51980,8289.6,3.1,13.5,59.8,-25.2,66.3,367.6,0x20,405.002,9.6,1875,-1,2.7,,
2026-07-30T23:43:22.000Z,M20-403-2-02878,1469490202,43.91619,4.51995,8293.2,4.4,13.6,62.3,-25.2,66.3,367.4,0x20,405.002,8.3,1875,-1,2.7,,
2026-07-30T23:43:23.000Z,M20-403-2-02878,1469490203,43.91625,4.52009,8297.3,3.4,12.9,66.7,-25.2,66.4,367.1,0x20,405.002,8.3,1875,-1,2.7,,
2026-07-30T23:43:24.000Z,M20-403-2-02878,1469490204,43.91629,4.52024,8301.3,4.6,12.9,66.9,-25.3,66.5,366.9,0x20,405.002,7.8,1875,-1,2.7,,
2026-07-30T23:43:25.000Z,M20-403-2-02878,1469490205,43.91634,4.52039,8304.3,1.2,14.2,64.1,-25.3,66.6,366.8,0x20,405.002,9.6,1500,-1,2.7,,
2026-07-30T23:43:26.000Z,M20-403-2-02878,1469490206,43.91640,4.52055,8307.2,4.3,13.6,63.8,-25.3,66.7,366.6,0x20,405.002,9.6,1875,-1,2.7,,
2026-07-30T23:43:27.000Z,M20-403-2-02878,1469490207,43.91645,4.52069,8311.0,3.0,12.9,61.0,-25.4,66.8,366.3,0x20,405.002,7.0,1875,-1,2.7,,
2026-07-30T23:43:28.000Z,M20-403-2-02878,1469490208,43.91651,4.52084,8314.6,4.1,13.1,63.5,-25.4,66.9,366.2,0x20,405.002,3.3,1875,-1,2.7,,
2026-07-30T23:43:29.000Z,M20-403-2-02878,1469490209,43.91656,4.52099,8319.1,4.8,13.8,64.9,-25.4,67.0,366.0,0x20,405.002,3.7,1875,-1,2.7,,
2026-07-30T23:43:30.000Z,M20-403-2-02878,1469490210,43.91662,4.52115,8322.8,2.4,14.5,62.9,-25.5,67.1,365.8,0x20,405.002,8.2,1500,-1,2.7,,
2026-07-30T23:43:31.000Z,M20-403-2-02878,1469490211,43.91668,4.52130,8326.4,4.7,13.7,59.9,-25.5,67.2,365.6,0x20,405.002,10.0,1500,-1,2.7,,
2026-07-30T23:43:32.000Z,M20-403-2-02878,1469490212,43.91674,4.52144,8330.3,3.3,13.3,57.4,-25.6,67.4,365.4,0x20,405.002,10.0,1875,-1,2.7,,
2026-07-30T23:43:33.000Z,M20-403-2-02878,1469490213,43.91680,4.52158,8334.5,4.9,13.6,59.6,-25.6,67.5,365.2,0x20,405.002,9.6,1875,-1,2.7,,
2026-07-30T23:43:34.000Z,M20-403-2-02878,1469490214,43.91686,4.52173,8338.0,2.1,13.7,64.2,-25.6,67.5,365.0,0x20,405.002,8.2,1875,-1,2.7,,
2026-07-30T23:43:35.000Z,M20-403-2-02878,1469490215,43.91692,4.52189,8341.9,5.0,13.8,60.4,-25.7,67.6,364.8,0x20,405.002,8.8,1875,-1,2.7,,
2026-07-30T23:43:38.000Z,M20-403-2-02878,1469490218,43.91710,4.52232,8354.8,3.1,13.3,64.8,-25.8,68.0,364.2,0x20,405.002,7.0,1875,-1,2.7,,
2026-07-30T23:43:39.000Z,M20-403-2-02878,1469490219,43.91715,4.52247,8358.4,3.9,13.1,63.3,-25.8,68.1,364.0,0x20,405.002,6.9,1500,-1,2.7,,
2026-07-30T23:43:40.000Z,M20-403-2-02878,1469490220,43.91721,4.52261,8362.0,2.5,12.9,60.1,-25.8,68.2,363.8,0x20,405.002,3.7,1500,-1,2.7,,
2026-07-30T23:43:41.000Z,M20-403-2-02878,1469490221,43.91726,4.52275,8365.2,3.9,13.0,63.2,-25.9,68.3,363.7,0x20,405.002,3.7,1500,-1,2.7,,
2026-07-30T23:43:42.000Z,M20-403-2-02878,1469490222,43.91732,4.52290,8369.6,4.7,13.3,66.7,-25.9,68.4,363.4,0x20,405.002,3.7,1875,-1,2.7,,
2026-07-30T23:43:43.000Z,M20-403-2-02878,1469490223,43.91736,4.52305,8374.0,4.0,14.0,66.7,-25.9,68.5,363.2,0x20,405.002,8.0,1875,-1,2.7,,
2026-07-30T23:43:44.000Z,M20-403-2-02878,1469490224,43.91741,4.52320,8377.3,2.7,13.7,63.9,-26.0,68.6,363.0,0x20,405.002,8.0,1875,-1,2.7,,
2026-07-30T23:43:45.000Z,M20-403-2-02878,1469490225,43.91747,4.52336,8381.2,4.8,13.9,62.4,-26.0,68.7,362.8,0x20,405.002,7.5,1875,-1,2.7,,
2026-07-30T23:43:46.000Z,M20-403-2-02878,1469490226,43.91753,4.52351,8385.5,3.4,14.1,63.6,-26.1,68.7,362.6,0x20,405.002,8.1,1875,-1,2.7,,
2026-07-30T23:43:47.000Z,M20-403-2-02878,1469490227,43.91759,4.52367,8388.7,2.8,14.2,64.9,-26.1,68.8,362.5,0x20,405.002,8.1,1875,-1,2.7,,
2026-07-30T23:43:48.000Z,M20-403-2-02878,1469490228,43.91764,4.52382,8392.0,3.7,12.8,64.5,-26.1,68.9,362.2,0x20,405.002,7.7,1875,-1,2.7,,
2026-07-30T23:43:49.000Z,M20-403-2-02878,1469490229,43.91769,4.52396,8395.9,4.0,12.8,61.4,-26.2,69.0,362.1,0x20,405.002,6.8,1875,-1,2.7,,
2026-07-30T23:43:50.000Z,M20-403-2-02878,1469490230,43.91774,4.52410,8400.1,4.1,12.8,66.0,-26.2,69.1,361.9,0x20,405.002,7.2,1875,-1,2.7,,
2026-07-30T23:43:51.000Z,M20-403-2-02878,1469490231,43.91779,4.52425,8403.9,3.2,13.7,66.3,-26.3,69.2,361.7,0x20,405.002,9.7,1875,-1,2.7,,
2026-07-30T23:43:52.000Z,M20-403-2-02878,1469490232,43.91784,4.52441,8407.8,4.0,13.6,66.4,-26.3,69.3,361.5,0x20,405.002,9.7,1500,-1,2.7,,
2026-07-30T23:43:54.000Z,M20-403-2-02878,1469490234,43.91794,4.52470,8415.5,3.6,13.1,68.1,-26.3,69.5,361.1,0x20,405.002,3.5,1500,-1,2.7,,
2026-07-30T23:43:55.000Z,M20-403-2-02878,1469490235,43.91799,4.52486,8418.7,2.5,13.6,69.0,-26.4,69.6,360.9,0x20,405.002,3.2,1500,-1,2.7,,
2026-07-30T23:43:56.000Z,M20-403-2-02878,1469490236,43.91803,4.52501,8422.3,4.4,13.5,69.5,-26.4,69.7,360.7,0x20,405.002,5.5,1875,-1,2.7,,
2026-07-30T23:43:58.000Z,M20-403-2-02878,1469490238,43.91812,4.52531,8430.4,4.8,13.5,67.2,-26.4,69.7,360.3,0x20,405.002,8.7,1875,-1,2.7,,
2026-07-30T23:43:59.000Z,M20-403-2-02878,1469490239,43.91817,4.52548,8434.0,2.5,14.9,66.4,-26.5,69.7,360.1,0x20,405.002,8.8,1875,-1,2.7,,
2026-07-30T23:44:00.000Z,M20-403-2-02878,1469490240,43.91822,4.52564,8437.8,4.7,14.2,67.3,-26.5,69.7,359.9,0x20,405.002,8.8,1875,-1,2.7,,
2026-07-30T23:44:01.000Z,M20-403-2-02878,1469490241,43.91827,4.52580,8441.6,2.6,13.8,64.6,-26.5,69.7,359.7,0x20,405.002,9.8,1875,-1,2.7,,
2026-07-30T23:44:02.000Z,M20-403-2-02878,1469490242,43.91833,4.52595,8445.4,4.4,13.7,64.2,-26.5,69.6,359.5,0x20,405.002,9.8,1875,-1,2.7,,
2026-07-30T23:44:04.000Z,M20-403-2-02878,1469490244,43.91844,4.52625,8453.6,4.8,12.6,65.0,-26.6,69.1,359.1,0x20,405.002,7.7,1875,-1,2.7,,
2026-07-30T23:44:05.000Z,M20-403-2-02878,1469490245,43.91848,4.52639,8458.0,3.5,12.6,69.1,-26.6,68.9,358.9,0x20,405.002,7.7,1875,-1,2.7,,
2026-07-30T23:44:06.000Z,M20-403-2-02878,1469490246,43.91852,4.52654,8462.1,4.3,13.5,70.6,-26.6,68.7,358.7,0x20,405.002,7.7,1875,-1,2.7,,
2026-07-30T23:44:08.000Z,M20-403-2-02878,1469490248,43.91860,4.52687,8469.8,4.6,13.6,71.4,-26.6,68.4,358.3,0x20,405.002,3.2,1875,-1,2.7,,
2026-07-30T23:44:09.000Z,M20-403-2-02878,1469490249,43.91864,4.52703,8474.6,4.7,13.2,72.2,-26.7,68.3,358.1,0x20,405.002,4.8,1875,-1,2.7,,
2026-07-30T23:44:10.000Z,M20-403-2-02878,1469490250,43.91868,4.52719,8479.1,4.1,13.8,68.9,-26.7,68.2,357.9,0x20,405.002,6.0,1875,-1,2.7,,
2026-07-30T23:44:11.000Z,M20-403-2-02878,1469490251,43.91873,4.52734,8483.0,3.7,13.4,65.7,-26.7,68.2,357.8,0x20,405.002,8.1,1875,-1,2.7,,
2026-07-30T23:44:14.000Z,M20-403-2-02878,1469490254,43.91885,4.52776,8495.5,4.6,12.7,69.2,-26.8,68.2,357.1,0x20,405.002,7.1,1875,-1,2.7,,
2026-07-30T23:44:15.000Z,M20-403-2-02878,1469490255,43.91889,4.52792,8499.6,3.9,13.6,70.9,-26.9,68.2,357.0,0x20,405.002,7.1,1875,-1,2.7,,
2026-07-30T23:44:17.000Z,M20-403-2-02878,1469490257,43.91896,4.52824,8507.5,4.9,13.6,75.5,-27.0,68.5,356.6,0x20,405.002,6.3,1875,-1,2.7,,
2026-07-30T23:44:18.000Z,M20-403-2-02878,1469490258,43.91899,4.52841,8511.8,3.7,14.2,72.1,-27.0,68.6,356.4,0x20,405.002,8.7,1875,-1,2.7,,
2026-07-30T23:44:19.000Z,M20-403-2-02878,1469490259,43.91904,4.52857,8515.8,4.3,13.9,69.3,-27.0,68.7,356.2,0x20,405.002,8.7,1875,-1,2.7,,
2026-07-30T23:44:20.000Z,M20-403-2-02878,1469490260,43.91908,4.52873,8519.9,3.8,12.6,70.5,-27.0,68.8,356.0,0x20,405.002,8.7,1500,-1,2.7,,
2026-07-30T23:44:21.000Z,M20-403-2-02878,1469490261,43.91911,4.52887,8524.1,4.8,12.4,72.5,-27.0,68.8,355.8,0x20,405.002,3.8,1875,-1,2.7,,
2026-07-30T23:44:22.000Z,M20-403-2-02878,1469490262,43.91915,4.52902,8527.8,2.6,13.0,70.5,-27.1,68.9,355.6,0x20,405.002,3.5,1875,-1,2.7,,
2026-07-30T23:44:23.000Z,M20-403-2-02878,1469490263,43.91919,4.52917,8531.3,4.5,12.6,73.3,-27.1,68.8,355.4,0x20,405.002,7.7,1875,-1,2.7,,
2026-07-30T23:44:24.000Z,M20-403-2-02878,1469490264,43.91922,4.52932,8534.8,2.5,12.7,75.2,-27.1,68.8,355.2,0x20,405.002,8.5,1875,-1,2.7,,
2026-07-30T23:44:25.000Z,M20-403-2-02878,1469490265,43.91925,4.52948,8538.3,4.1,13.3,76.5,-27.2,68.7,355.0,0x20,405.002,8.5,1875,-1,2.7,,
2026-07-30T23:44:26.000Z,M20-403-2-02878,1469490266,43.91928,4.52965,8541.9,2.8,14.0,70.5,-27.2,68.6,354.8,0x20,405.002,8.0,1875,-1,2.7,,
2026-07-30T23:44:27.000Z,M20-403-2-02878,1469490267,43.91933,4.52981,8545.8,4.7,13.9,68.9,-27.2,68.5,354.7,0x20,405.002,10.7,1875,-1,2.7,,
2026-07-30T23:44:28.000Z,M20-403-2-02878,1469490268,43.91937,4.52997,8549.8,3.7,13.4,69.0,-27.2,68.4,354.4,0x20,405.002,10.7,1875,-1,2.7,,
2026-07-30T23:44:29.000Z,M20-403-2-02878,1469490269,43.91942,4.53012,8553.4,3.7,13.1,69.8,-27.3,68.2,354.3,0x20,405.002,7.5,1875,-1,2.7,,
2026-07-30T23:44:31.000Z,M20-403-2-02878,1469490271,43.91950,4.53044,8561.1,3.0,14.0,69.5,-27.3,67.8,353.9,0x20,405.002,8.0,1875,-1,2.7,,
2026-07-30T23:44:32.000Z,M20-403-2-02878,1469490272,43.91954,4.53060,8564.4,3.8,13.3,71.0,-27.4,67.7,353.7,0x20,405.002,7.2,1875,-1,2.7,,
2026-07-30T23:44:34.000Z,M20-403-2-02878,1469490274,43.91960,4.53092,8572.1,3.7,13.5,74.9,-27.4,67.3,353.3,0x20,405.002,3.8,1875,-1,2.7,,
2026-07-30T23:44:35.000Z,M20-403-2-02878,1469490275,43.91964,4.53108,8576.3,4.7,14.3,73.6,-27.4,67.2,353.1,0x20,405.002,4.3,1875,-1,2.7,,
2026-07-30T23:44:38.000Z,M20-403-2-02878,1469490278,43.91974,4.53157,8588.8,2.7,13.7,70.5,-27.5,66.5,352.5,0x20,405.002,7.7,1875,-1,2.7,,
2026-07-30T23:44:39.000Z,M20-403-2-02878,1469490279,43.91978,4.53173,8592.3,4.5,13.7,72.0,-27.5,66.3,352.3,0x20,405.002,8.1,1875,-1,2.7,,
2026-07-30T23:44:40.000Z,M20-403-2-02878,1469490280,43.91982,4.53189,8595.6,2.5,13.2,73.4,-27.5,66.1,352.1,0x20,405.002,8.1,1875,-1,2.7,,
2026-07-30T23:44:41.000Z,M20-403-2-02878,1469490281,43.91985,4.53205,8599.6,4.9,13.6,73.8,-27.6,65.9,351.9,0x20,405.002,8.1,1875,-1,2.7,,
2026-07-30T23:44:42.000Z,M20-403-2-02878,1469490282,43.91989,4.53221,8603.8,3.5,14.4,72.9,-27.6,65.7,351.8,0x20,405.002,9.0,1875,-1,2.7,,
2026-07-30T23:44:43.000Z,M20-403-2-02878,1469490283,43.91992,4.53239,8608.1,5.1,14.3,74.8,-27.6,65.6,351.5,0x20,405.002,9.0,1875,-1,2.7,,
2026-07-30T23:44:44.000Z,M20-403-2-02878,1469490284,43.91995,4.53256,8612.0,2.3,14.3,77.5,-27.7,65.5,351.4,0x20,405.002,7.8,1875,-1,2.7,,
2026-07-30T23:44:45.000Z,M20-403-2-02878,1469490285,43.91998,4.53273,8615.5,4.9,14.8,73.6,-27.7,65.3,351.1,0x20,405.002,7.1,1875,-1,2.7,,
2026-07-30T23:44:47.000Z,M20-403-2-02878,1469490287,43.92006,4.53308,8624.4,5.0,13.8,74.2,-27.8,64.7,350.8,0x20,405.002,3.4,1875,-1,2.7,,
2026-07-30T23:44:48.000Z,M20-403-2-02878,1469490288,43.92009,4.53324,8628.6,3.5,13.3,76.6,-27.8,64.4,350.6,0x20,405.002,4.4,1875,-1,2.7,,
2026-07-30T23:44:49.000Z,M20-403-2-02878,1469490289,43.92012,4.53340,8632.4,4.3,13.7,72.2,-27.8,64.2,350.4,0x20,405.002,7.5,1875,-1,2.7,,
2026-07-30T23:44:50.000Z,M20-403-2-02878,1469490290,43.92016,4.53356,8635.8,2.3,13.8,70.7,-27.8,64.0,350.2,0x20,405.002,9.2,1875,-1,2.7,,
2026-07-30T23:44:51.000Z,M20-403-2-02878,1469490291,43.92020,4.53373,8639.4,4.7,14.6,74.4,-27.8,63.9,350.1,0x20,405.002,9.2,1875,-1,2.7,,
2026-07-30T23:44:52.000Z,M20-403-2-02878,1469490292,43.92023,4.53390,8642.6,1.8,14.6,76.3,-27.9,63.8,349.9,0x20,405.002,9.2,1875,-1,2.7,,
2026-07-30T23:44:53.000Z,M20-403-2-02878,1469490293,43.92026,4.53408,8646.0,5.0,14.4,77.3,-27.9,63.7,349.7,0x20,405.002,9.7,1875,-1,2.7,,
2026-07-30T23:44:55.000Z,M20-403-2-02878,1469490295,43.92032,4.53442,8653.7,4.5,13.5,75.4,-28.0,63.7,349.3,0x20,405.002,6.8,1875,-1,2.7,,
2026-07-30T23:44:57.000Z,M20-403-2-02878,1469490297,43.92038,4.53474,8661.5,4.7,13.3,74.3,-28.1,63.7,348.9,0x20,405.002,6.8,1875,-1,2.7,,
2026-07-30T23:44:58.000Z,M20-403-2-02878,1469490298,43.92042,4.53490,8665.1,2.4,14.1,68.3,-28.1,63.8,348.7,0x20,405.002,6.8,1875,-1,2.7,,
2026-07-30T23:44:59.000Z,M20-403-2-02878,1469490299,43.92046,4.53506,8669.1,5.6,13.6,72.2,-28.2,63.9,348.5,0x20,405.002,3.6,1875,-1,2.7,,
2026-07-30T23:45:00.000Z,M20-403-2-02878,1469490300,43.92050,4.53522,8673.7,3.3,13.7,76.4,-28.2,63.9,348.3,0x20,405.002,3.6,1875,-1,2.7,,
2026-07-30T23:45:01.000Z,M20-403-2-02878,1469490301,43.92053,4.53538,8677.7,4.5,13.5,71.8,-28.2,63.9,348.1,0x20,405.002,3.4,1875,-1,2.7,,
2026-07-30T23:45:02.000Z,M20-403-2-02878,1469490302,43.92057,4.53554,8681.1,2.3,13.6,68.7,-28.2,63.9,348.0,0x20,405.002,7.1,1875,-1,2.7,,
2026-07-30T23:45:03.000Z,M20-403-2-02878,1469490303,43.92061,4.53570,8684.2,3.8,13.4,68.8,-28.3,63.9,347.8,0x20,405.002,8.9,1875,-1,2.7,,
2026-07-30T23:45:04.000Z,M20-403-2-02878,1469490304,43.92065,4.53585,8688.3,4.1,13.1,72.6,-28.3,63.8,347.6,0x20,405.002,8.9,1875,-1,2.7,,
2026-07-30T23:45:05.000Z,M20-403-2-02878,1469490305,43.92069,4.53601,8691.9,3.1,13.2,74.9,-28.3,63.8,347.4,0x20,405.002,8.7,1875,-1,2.7,,
2026-07-30T23:45:06.000Z,M20-403-2-02878,1469490306,43.92072,4.53618,8695.3,3.8,14.5,73.0,-28.4,63.6,347.2,0x20,405.002,9.3,1875,-1,2.7,,
2026-07-30T23:45:07.000Z,M20-403-2-02878,1469490307,43.92076,4.53635,8699.3,4.0,15.3,70.6,-28.4,63.6,347.1,0x20,405.002,9.3,1875,-1,2.7,,
2026-07-30T23:45:08.000Z,M20-403-2-02878,1469490308,43.92081,4.53653,8702.7,2.8,15.3,67.7,-28.4,63.4,346.9,0x20,405.002,7.9,1875,-1,2.7,,
2026-07-30T23:45:09.000Z,M20-403-2-02878,1469490309,43.92086,4.53670,8706.2,4.1,14.6,71.0,-28.4,63.3,346.7,0x20,405.002,7.2,1875,-1,2.7,,
2026-07-30T23:45:10.000Z,M20-403-2-02878,1469490310,43.92090,4.53687,8709.8,2.7,13.9,74.0,-28.5,63.1,346.5,0x20,405.002,8.1,1875,-1,2.7,,
2026-07-30T23:45:11.000Z,M20-403-2-02878,1469490311,43.92093,4.53704,8712.9,3.5,13.7,75.6,-28.5,62.9,346.4,0x20,405.002,8.1,1875,-1,2.7,,
2026-07-30T23:45:12.000Z,M20-403-2-02878,1469490312,43.92097,4.53721,8716.8,4.1,14.6,72.2,-28.5,62.6,346.2,0x20,405.002,5.1,1875,-1,2.7,,
2026-07-30T23:45:13.000Z,M20-403-2-02878,1469490313,43.92101,4.53738,8720.0,1.9,14.8,70.7,-28.5,62.3,346.0,0x20,405.002,4.2,1875,-1,2.7,,
2026-07-30T23:45:14.000Z,M20-403-2-02878,1469490314,43.92105,4.53755,8723.0,4.2,14.2,73.0,-28.5,62.0,345.9,0x20,405.002,3.6,1875,-1,2.7,,
2026-07-30T23:45:15.000Z,M20-403-2-02878,1469490315,43.92109,4.53771,8726.9,3.2,13.6,71.7,-28.6,61.6,345.7,0x20,405.002,6.2,1875,-1,2.7,,
2026-07-30T23:45:16.000Z,M20-403-2-02878,1469490316,43.92113,4.53788,8730.9,4.3,14.5,71.5,-28.6,61.1,345.5,0x20,405.002,7.0,1875,-1,2.7,,
2026-07-30T23:45:17.000Z,M20-403-2-02878,1469490317,43.92117,4.53805,8734.5,2.4,15.5,68.8,-28.6,60.6,345.3,0x20,405.002,8.4,1875,-1,2.7,,
2026-07-30T23:45:18.000Z,M20-403-2-02878,1469490318,43.92122,4.53824,8737.7,3.7,16.6,71.2,-28.6,60.1,345.1,0x20,405.002,8.4,1875,-1,2.7,,
2026-07-30T23:45:19.000Z,M20-403-2-02878,1469490319,43.92127,4.53844,8741.6,4.0,17.4,74.0,-28.6,59.6,344.9,0x20,405.002,7.6,1875,-1,2.7,,
2026-07-30T23:45:21.000Z,M20-403-2-02878,1469490321,43.92136,4.53883,8749.8,4.7,15.0,70.8,-28.6,58.7,344.5,0x20,405.002,9.1,1875,-1,2.7,,
2026-07-30T23:45:22.000Z,M20-403-2-02878,1469490322,43.92140,4.53900,8753.7,3.2,13.9,70.4,-28.6,58.2,344.4,0x20,405.002,9.1,1875,-1,2.7,,
2026-07-30T23:45:23.000Z,M20-403-2-02878,1469490323,43.92144,4.53916,8757.4,4.1,14.1,71.7,-28.6,57.6,344.2,0x20,405.002,6.6,1875,-1,2.7,,
2026-07-30T23:45:26.000Z,M20-403-2-02878,1469490326,43.92154,4.53967,8769.2,4.3,13.2,72.8,-28.6,55.8,343.6,0x20,405.002,3.3,1875,-1,2.7,,
2026-07-30T23:45:27.000Z,M20-403-2-02878,1469490327,43.92158,4.53982,8773.1,3.4,13.3,67.3,-28.6,55.1,343.5,0x20,405.002,3.4,1875,-1,2.7,,
2026-07-30T23:45:28.000Z,M20-403-2-02878,1469490328,43.92163,4.53998,8777.0,4.4,14.5,62.6,-28.6,54.4,343.3,0x20,405.002,6.6,1875,-1,2.7,,
2026-07-30T23:45:29.000Z,M20-403-2-02878,1469490329,43.92170,4.54014,8781.3,3.8,15.7,62.5,-28.6,53.8,343.1,0x20,405.002,9.4,1875,-1,2.7,,
2026-07-30T23:45:30.000Z,M20-403-2-02878,1469490330,43.92176,4.54032,8784.7,3.2,15.7,63.6,-28.6,53.3,343.0,0x20,405.002,9.4,1875,-1,2.7,,
2026-07-30T23:45:31.000Z,M20-403-2-02878,1469490331,43.92182,4.54049,8788.1,3.6,14.5,64.6,-28.6,52.7,342.7,0x20,405.002,8.2,1875,-1,2.7,,
2026-07-30T23:45:32.000Z,M20-403-2-02878,1469490332,43.92187,4.54064,8792.0,4.4,13.0,64.7,-28.6,52.2,342.6,0x20,405.002,9.1,1875,-1,2.7,,
2026-07-30T23:45:33.000Z,M20-403-2-02878,1469490333,43.92192,4.54079,8796.1,4.0,13.1,67.5,-28.6,51.6,342.4,0x20,405.002,9.1,1875,-1,2.7,,
2026-07-30T23:45:35.000Z,M20-403-2-02878,1469490335,43.92201,4.54108,8803.8,3.7,11.9,65.5,-28.6,50.5,342.0,0x20,405.002,6.7,1875,-1,2.7,,
2026-07-30T23:45:36.000Z,M20-403-2-02878,1469490336,43.92205,4.54121,8807.9,4.5,11.9,67.1,-28.5,49.8,341.8,0x20,405.002,8.9,1875,-1,2.7,,
2026-07-30T23:45:37.000Z,M20-403-2-02878,1469490337,43.92209,4.54136,8812.0,3.6,12.9,70.8,-28.5,49.2,341.6,0x20,405.002,8.4,1875,-1,2.7,,
2026-07-30T23:45:38.000Z,M20-403-2-02878,1469490338,43.92213,4.54151,8815.2,2.9,13.5,71.1,-28.4,48.5,341.4,0x20,405.002,8.4,1875,-1,2.7,,
2026-07-30T23:45:39.000Z,M20-403-2-02878,1469490339,43.92217,4.54167,8818.8,4.2,13.2,66.8,-28.4,47.7,341.2,0x20,405.002,3.5,1875,-1,2.7,,
2026-07-30T23:45:40.000Z,M20-403-2-02878,1469490340,43.92222,4.54181,8822.5,3.4,12.8,65.4,-28.4,47.1,341.1,0x20,405.002,6.6,1875,-1,2.7,,
2026-07-30T23:45:41.000Z,M20-403-2-02878,1469490341,43.92227,4.54196,8826.9,5.3,13.3,66.6,-28.4,46.5,340.8,0x20,405.002,8.7,1875,-1,2.7,,
2026-07-30T23:45:42.000Z,M20-403-2-02878,1469490342,43.92232,4.54212,8830.9,2.8,14.0,68.5,-28.4,46.0,340.7,0x20,405.002,8.7,1875,-1,2.7,,
2026-07-30T23:45:43.000Z,M20-403-2-02878,1469490343,43.92236,4.54228,8834.7,4.9,13.7,66.0,-28.4,45.5,340.5,0x20,405.002,8.0,1875,-1,2.7,,
2026-07-30T23:45:44.000Z,M20-403-2-02878,1469490344,43.92242,4.54243,8839.2,4.0,13.3,65.2,-28.5,45.1,340.3,0x20,405.002,8.1,1875,-1,2.7,,
2026-07-30T23:45:45.000Z,M20-403-2-02878,1469490345,43.92246,4.54258,8843.7,4.8,13.2,68.1,-28.5,44.7,340.1,0x20,405.002,8.7,1875,-1,2.7,,
2026-07-30T23:45:46.000Z,M20-403-2-02878,1469490346,43.92250,4.54274,8848.0,3.9,13.0,70.9,-28.5,44.3,339.9,0x20,405.002,8.7,1875,-1,2.7,,
2026-07-30T23:45:47.000Z,M20-403-2-02878,1469490347,43.92255,4.54289,8851.9,4.2,13.0,68.2,-28.5,44.0,339.6,0x20,405.002,7.4,1875,-1,2.7,,
2026-07-30T23:45:48.000Z,M20-403-2-02878,1469490348,43.92259,4.54304,8855.7,3.4,12.9,67.0,-28.6,43.7,339.5,0x20,405.002,9.1,1875,-1,2.7,,
2026-07-30T23:45:49.000Z,M20-403-2-02878,1469490349,43.92263,4.54319,8859.8,4.8,12.6,71.8,-28.5,43.3,339.3,0x20,405.002,9.1,1875,-1,2.7,,
2026-07-30T23:45:50.000Z,M20-403-2-02878,1469490350,43.92267,4.54334,8863.9,3.4,13.1,72.6,-28.6,42.9,339.1,0x20,405.002,8.9,1875,-1,2.7,,
2026-07-30T23:45:51.000Z,M20-403-2-02878,1469490351,43.92270,4.54349,8867.7,4.4,13.0,68.9,-28.6,42.6,338.9,0x20,405.002,3.5,1875,-1,2.7,,
2026-07-30T23:45:52.000Z,M20-403-2-02878,1469490352,43.92275,4.54364,8871.4,3.0,13.2,64.6,-28.6,42.3,338.8,0x20,405.002,3.5,1875,-1,2.7,,
2026-07-30T23:45:53.000Z,M20-403-2-02878,1469490353,43.92280,4.54379,8874.8,4.0,12.8,65.5,-28.6,42.0,338.6,0x20,405.002,4.2,1875,-1,2.7,,
2026-07-30T23:45:54.000Z,M20-403-2-02878,1469490354,43.92285,4.54393,8878.3,2.9,12.9,67.6,-28.7,41.8,338.4,0x20,405.002,9.4,1875,-1,2.7,,
2026-07-30T23:45:56.000Z,M20-403-2-02878,1469490356,43.92295,4.54422,8886.1,3.2,13.4,60.0,-28.7,41.3,338.0,0x20,405.002,7.9,1875,-1,2.7,,
2026-07-30T23:45:57.000Z,M20-403-2-02878,1469490357,43.92301,4.54436,8890.6,5.5,13.3,62.3,-28.7,41.1,337.9,0x20,405.002,7.9,1875,-1,2.7,,
2026-07-30T23:45:58.000Z,M20-403-2-02878,1469490358,43.92306,4.54451,8894.8,2.9,13.9,66.0,-28.8,40.9,337.6,0x20,405.002,8.6,1875,-1,2.7,,
2026-07-30T23:45:59.000Z,M20-403-2-02878,1469490359,43.92311,4.54467,8898.6,5.0,14.1,66.8,-28.8,40.7,337.4,0x20,405.002,8.6,1875,-1,2.7,,
2026-07-30T23:46:00.000Z,M20-403-2-02878,1469490360,43.92316,4.54484,8902.9,3.8,14.5,65.7,-28.8,40.5,337.3,0x20,405.002,8.1,1875,-1,2.7,,
2026-07-30T23:46:01.000Z,M20-403-2-02878,1469490361,43.92322,4.54500,8906.8,3.9,14.3,68.2,-28.8,40.4,337.1,0x20,405.002,7.9,1875,-1,2.7,,
2026-07-30T23:46:02.000Z,M20-403-2-02878,1469490362,43.92326,4.54516,8910.2,3.1,13.5,70.4,-28.8,40.4,336.9,0x20,405.002,7.9,1875,-1,2.7,,
2026-07-30T23:46:03.000Z,M20-403-2-02878,1469490363,43.92330,4.54531,8913.8,4.0,12.2,67.8,-28.8,40.4,336.7,0x20,405.002,7.9,1875,-1,2.6,,
2026-07-30T23:46:05.000Z,M20-403-2-02878,1469490365,43.92339,4.54558,8920.9,5.0,12.1,62.2,-28.9,40.4,336.4,0x20,405.002,3.5,1875,-1,2.7,,
2026-07-30T23:46:06.000Z,M20-403-2-02878,1469490366,43.92344,4.54572,8925.1,3.5,13.5,63.6,-28.9,40.5,336.2,0x20,405.002,5.3,1875,-1,2.7,,
2026-07-30T23:46:07.000Z,M20-403-2-02878,1469490367,43.92350,4.54587,8928.9,3.8,14.2,59.2,-29.0,40.5,336.0,0x20,405.002,9.3,1875,-1,2.7,,
2026-07-30T23:46:08.000Z,M20-403-2-02878,1469490368,43.92357,4.54602,8932.8,3.8,14.0,57.6,-29.0,40.6,335.8,0x20,405.002,9.3,1875,-1,2.7,,
2026-07-30T23:46:09.000Z,M20-403-2-02878,1469490369,43.92364,4.54616,8936.8,4.1,13.9,58.6,-29.0,40.7,335.6,0x20,405.002,9.3,1875,-1,2.7,,
2026-07-30T23:46:10.000Z,M20-403-2-02878,1469490370,43.92370,4.54632,8940.8,3.9,14.2,63.9,-29.0,40.8,335.4,0x20,405.002,9.3,1875,-1,2.7,,
2026-07-30T23:46:11.000Z,M20-403-2-02878,1469490371,43.92375,4.54648,8944.9,4.2,14.4,64.8,-29.1,40.9,335.2,0x20,405.002,8.5,1875,-1,2.6,,
2026-07-30T23:46:12.000Z,M20-403-2-02878,1469490372,43.92381,4.54663,8948.5,3.1,13.1,63.9,-29.1,41.0,335.0,0x20,405.002,7.6,1875,-1,2.7,,
2026-07-30T23:46:13.000Z,M20-403-2-02878,1469490373,43.92386,4.54678,8952.2,4.3,13.3,62.4,-29.1,41.1,334.9,0x20,405.002,7.4,1875,-1,2.7,,
2026-07-30T23:46:14.000Z,M20-403-2-02878,1469490374,43.92391,4.54693,8956.1,3.4,13.9,63.2,-29.2,41.2,334.7,0x20,405.002,8.5,1875,-1,2.7,,
2026-07-30T23:46:15.000Z,M20-403-2-02878,1469490375,43.92397,4.54708,8959.8,3.9,13.6,63.3,-29.2,41.2,334.5,0x20,405.002,8.6,1875,-1,2.6,,
2026-07-30T23:46:16.000Z,M20-403-2-02878,1469490376,43.92402,4.54723,8963.9,4.0,12.9,63.6,-29.2,41.2,334.3,0x20,405.002,8.6,1875,-1,2.7,,
2026-07-30T23:46:17.000Z,M20-403-2-02878,1469490377,43.92408,4.54737,8968.1,4.2,12.6,60.9,-29.2,41.2,334.1,0x20,405.002,3.3,1875,-1,2.7,,
2026-07-30T23:46:18.000Z,M20-403-2-02878,1469490378,43.92413,4.54751,8972.2,3.9,13.5,61.5,-29.3,41.1,333.9,0x20,405.002,3.2,1875,-1,2.6,,
2026-07-30T23:46:19.000Z,M20-403-2-02878,1469490379,43.92419,4.54766,8976.6,4.7,13.6,58.8,-29.3,41.1,333.7,0x20,405.002,6.2,1875,-1,2.6,,
2026-07-30T23:46:20.000Z,M20-403-2-02878,1469490380,43.92426,4.54779,8980.5,3.1,12.9,57.2,-29.3,41.0,333.5,0x20,405.002,7.6,1875,-1,2.6,,
2026-07-30T23:46:21.000Z,M20-403-2-02878,1469490381,43.92432,4.54793,8984.3,4.3,13.5,55.9,-29.4,41.0,333.3,0x20,405.002,7.6,1875,-1,2.7,,
2026-07-30T23:46:22.000Z,M20-403-2-02878,1469490382,43.92439,4.54807,8988.3,3.4,14.2,56.1,-29.4,41.0,333.1,0x20,405.002,6.8,1875,-1,2.7,,
2026-07-30T23:46:23.000Z,M20-403-2-02878,1469490383,43.92446,4.54822,8992.0,4.0,14.0,57.2,-29.4,40.9,333.0,0x20,405.002,6.8,1875,-1,2.6,,
2026-07-30T23:46:26.000Z,M20-403-2-02878,1469490386,43.92465,4.54864,9004.2,4.3,13.4,60.9,-29.5,40.8,332.4,0x20,405.002,8.1,1875,-1,2.6,,
2026-07-30T23:46:27.000Z,M20-403-2-02878,1469490387,43.92471,4.54879,9007.9,3.2,14.1,60.7,-29.6,40.9,332.2,0x20,405.002,8.0,1875,-1,2.6,,
2026-07-30T23:46:28.000Z,M20-403-2-02878,1469490388,43.92476,4.54894,9011.8,4.6,13.2,64.8,-29.6,40.8,332.0,0x20,405.002,8.0,1875,-1,2.6,,
2026-07-30T23:46:29.000Z,M20-403-2-02878,1469490389,43.92482,4.54908,9016.4,4.4,12.9,62.0,-29.6,40.8,331.8,0x20,405.002,5.9,1875,-1,2.6,,
2026-07-30T23:46:31.000Z,M20-403-2-02878,1469490391,43.92493,4.54937,9025.3,6.0,13.2,59.2,-29.7,40.8,331.4,0x20,405.002,3.6,1875,-1,2.6,,
2026-07-30T23:46:32.000Z,M20-403-2-02878,1469490392,43.92499,4.54951,9030.1,3.2,12.5,60.0,-29.7,40.8,331.2,0x20,405.002,5.2,1875,-1,2.6,,
2026-07-30T23:46:33.000Z,M20-403-2-02878,1469490393,43.92505,4.54965,9033.9,4.3,13.7,57.9,-29.8,40.8,331.0,0x20,405.002,8.2,1875,-1,2.6,,
2026-07-30T23:46:35.000Z,M20-403-2-02878,1469490395,43.92518,4.54996,9041.4,3.5,14.8,59.3,-29.9,40.9,330.7,0x20,405.002,8.3,1875,-1,2.6,,
2026-07-30T23:46:36.000Z,M20-403-2-02878,1469490396,43.92525,4.55011,9045.3,4.0,13.7,59.5,-29.9,40.9,330.5,0x20,405.002,7.8,1875,-1,2.6,,
2026-07-30T23:46:38.000Z,M20-403-2-02878,1469490398,43.92538,4.55039,9053.2,4.5,13.4,52.6,-30.0,41.0,330.1,0x20,405.002,6.6,1875,-1,2.6,,
2026-07-30T23:46:39.000Z,M20-403-2-02878,1469490399,43.92545,4.55052,9057.1,3.2,14.1,55.4,-30.0,40.9,329.9,0x20,405.002,7.3,1875,-1,2.6,,
2026-07-30T23:46:40.000Z,M20-403-2-02878,1469490400,43.92552,4.55067,9061.3,4.9,13.8,56.3,-30.0,40.9,329.7,0x20,405.002,7.6,1875,-1,2.6,,
2026-07-30T23:46:41.000Z,M20-403-2-02878,1469490401,43.92559,4.55081,9065.5,3.6,13.2,59.3,-30.1,40.9,329.5,0x20,405.002,7.6,1875,-1,2.6,,
2026-07-30T23:46:42.000Z,M20-403-2-02878,1469490402,43.92565,4.55096,9069.7,4.5,13.9,62.0,-30.1,40.9,329.3,0x20,405.002,6.9,1875,-1,2.6,,
2026-07-30T23:46:43.000Z,M20-403-2-02878,1469490403,43.92570,4.55111,9073.3,2.6,14.4,63.2,-30.1,40.8,329.2,0x20,405.002,4.5,1875,-1,2.6,,
2026-07-30T23:46:45.000Z,M20-403-2-02878,1469490405,43.92582,4.55142,9081.0,3.5,13.3,58.6,-30.2,40.7,328.8,0x20,405.002,5.8,1875,-1,2.6,,
2026-07-30T23:46:47.000Z,M20-403-2-02878,1469490407,43.92595,4.55170,9089.3,3.7,13.9,57.3,-30.3,40.7,328.4,0x20,405.002,8.0,1875,-1,2.6,,
2026-07-30T23:46:49.000Z,M20-403-2-02878,1469490409,43.92608,4.55199,9098.7,3.5,13.6,57.9,-30.3,40.6,328.0,0x20,405.002,8.0,1875,-1,2.6,,
2026-07-30T23:46:50.000Z,M20-403-2-02878,1469490410,43.92614,4.55213,9103.1,5.2,13.7,60.5,-30.4,40.6,327.8,0x20,405.002,7.8,1875,-1,2.6,,
2026-07-30T23:46:52.000Z,M20-403-2-02878,1469490412,43.92626,4.55244,9112.2,4.9,13.2,61.7,-30.4,40.3,327.4,0x20,405.002,7.7,1875,-1,2.6,,
2026-07-30T23:46:53.000Z,M20-403-2-02878,1469490413,43.92632,4.55258,9116.1,2.8,12.8,61.7,-30.4,40.1,327.2,0x20,405.002,7.7,1875,-1,2.6,,
2026-07-30T23:47:01.000Z,M20-403-2-02878,1469490421,43.92680,4.55376,9149.4,2.5,13.1,59.9,-30.7,39.0,325.7,0x20,405.002,6.0,1875,-1,2.6,,
2026-07-30T23:47:10.000Z,M20-403-2-02878,1469490430,43.92731,4.55510,9187.0,4.4,13.1,62.7,-31.0,38.0,323.9,0x20,405.002,3.4,1875,-1,2.6,,
2026-07-30T23:47:35.000Z,M20-403-2-02878,1469490455,43.92870,4.55875,9288.4,3.4,12.5,62.9,-31.8,37.0,319.3,0x20,405.002,4.6,1875,-1,2.6,,
2026-07-30T23:47:36.000Z,M20-403-2-02878,1469490456,43.92876,4.55889,9292.5,5.0,13.6,61.9,-31.8,36.8,319.1,0x20,405.002,3.4,1875,-1,2.6,,
2026-07-30T23:47:40.000Z,M20-403-2-02878,1469490460,43.92898,4.55949,9309.1,5.8,13.0,62.9,-32.0,36.4,318.3,0x20,405.002,6.4,1875,-1,2.6,,
2026-07-30T23:47:42.000Z,M20-403-2-02878,1469490462,43.92908,4.55977,9317.9,4.7,11.6,62.8,-32.0,36.1,318.0,0x20,405.002,6.8,1875,-1,2.6,,
2026-07-30T23:48:05.000Z,M20-403-2-02878,1469490485,43.93028,4.56289,9411.5,3.9,11.7,67.7,-32.9,34.7,313.7,0x20,405.002,5.9,1875,-1,2.6,,
2026-07-30T23:48:31.000Z,M20-403-2-02878,1469490511,43.93156,4.56631,9517.2,4.4,12.0,63.4,-33.7,33.2,308.9,0x20,405.002,6.9,1875,-1,2.6,,
2026-07-30T23:48:36.000Z,M20-403-2-02878,1469490516,43.93182,4.56692,9538.1,4.3,10.5,55.3,-33.8,32.1,308.0,0x20,405.002,6.7,1875,-1,2.6,,
2026-07-30T23:48:37.000Z,M20-403-2-02878,1469490517,43.93187,4.56702,9542.3,3.5,9.7,56.2,-33.9,31.9,307.8,0x20,405.002,6.7,1875,-1,2.6,,
2026-07-30T23:48:39.000Z,M20-403-2-02878,1469490519,43.93197,4.56724,9550.2,4.6,11.8,62.2,-33.9,31.5,307.5,0x20,405.002,6.7,1875,-1,2.6,,
2026-07-30T23:48:40.000Z,M20-403-2-02878,1469490520,43.93202,4.56738,9554.0,2.9,13.0,63.7,-34.0,31.3,307.3,0x20,405.002,3.6,1875,-1,2.6,,
2026-07-30T23:48:41.000Z,M20-403-2-02878,1469490521,43.93207,4.56752,9557.6,4.3,12.4,66.0,-34.0,31.1,307.1,0x20,405.002,3.0,1875,-1,2.6,,
2026-07-30T23:48:42.000Z,M20-403-2-02878,1469490522,43.93211,4.56766,9561.4,3.1,11.2,65.7,-34.0,31.0,307.0,0x20,405.002,3.0,1875,-1,2.6,,
2026-07-30T23:48:45.000Z,M20-403-2-02878,1469490525,43.93225,4.56803,9572.7,4.8,11.3,60.4,-34.0,30.4,306.4,0x20,405.002,6.0,1875,-1,2.6,,
2026-07-30T23:48:57.000Z,M20-403-2-02878,1469490537,43.93289,4.56939,9622.1,5.0,11.4,57.2,-34.3,28.9,304.2,0x20,405.002,6.8,1875,-1,2.6,,
2026-07-30T23:49:05.000Z,M20-403-2-02878,1469490545,43.93331,4.57030,9656.3,4.9,11.7,56.9,-34.6,28.4,302.8,0x20,405.002,6.2,1875,-1,2.6,,
2026-07-30T23:49:06.000Z,M20-403-2-02878,1469490546,43.93337,4.57042,9660.7,3.7,11.0,57.5,-34.7,28.4,302.6,0x20,405.002,3.6,1875,-1,2.6,,
2026-07-30T23:49:07.000Z,M20-403-2-02878,1469490547,43.93342,4.57053,9664.5,4.0,11.5,54.0,-34.7,28.3,302.4,0x20,405.002,3.6,1875,-1,2.6,,
2026-07-30T23:49:09.000Z,M20-403-2-02878,1469490549,43.93355,4.57076,9673.0,4.2,10.7,53.9,-34.8,28.3,302.1,0x20,405.002,5.4,1875,-1,2.6,,
2026-07-30T23:49:10.000Z,M20-403-2-02878,1469490550,43.93360,4.57087,9676.9,3.5,10.6,57.9,-34.8,28.3,301.9,0x20,405.002,8.6,1875,-1,2.6,,
2026-07-30T23:49:11.000Z,M20-403-2-02878,1469490551,43.93365,4.57099,9680.8,4.2,11.7,58.8,-34.8,28.3,301.7,0x20,405.002,8.8,1875,-1,2.6,,
2026-07-30T23:49:12.000Z,M20-403-2-02878,1469490552,43.93371,4.57112,9684.2,3.0,12.8,60.7,-34.9,28.2,301.6,0x20,405.002,8.8,1875,-1,2.6,,
2026-07-30T23:49:13.000Z,M20-403-2-02878,1469490553,43.93376,4.57126,9687.7,4.4,12.7,62.7,-34.9,28.3,301.4,0x20,405.002,7.3,1875,-1,2.6,,
2026-07-30T23:49:15.000Z,M20-403-2-02878,1469490555,43.93386,4.57153,9696.6,5.4,11.9,60.2,-34.9,28.2,301.0,0x20,405.002,7.9,1875,-1,2.6,,
2026-07-30T23:49:16.000Z,M20-403-2-02878,1469490556,43.93392,4.57166,9700.5,2.5,12.4,56.2,-35.0,28.2,300.8,0x20,405.002,7.9,1875,-1,2.6,,
2026-07-30T23:49:17.000Z,M20-403-2-02878,1469490557,43.93398,4.57178,9704.4,5.5,11.5,55.2,-35.0,28.2,300.6,0x20,405.002,7.8,1875,-1,2.6,,
2026-07-30T23:49:18.000Z,M20-403-2-02878,1469490558,43.93404,4.57189,9708.6,3.2,10.9,56.5,-35.1,28.2,300.5,0x20,405.002,7.8,1875,-1,2.6,,
2026-07-30T23:49:19.000Z,M20-403-2-02878,1469490559,43.93409,4.57201,9712.5,4.5,10.9,56.5,-35.1,28.2,300.3,0x20,405.002,7.8,1875,-1,2.6,,
2026-07-30T23:49:21.000Z,M20-403-2-02878,1469490561,43.93421,4.57225,9720.5,4.4,11.8,57.1,-35.1,28.2,299.9,0x20,405.002,3.3,1875,-1,2.6,,
2026-07-30T23:49:22.000Z,M20-403-2-02878,1469490562,43.93426,4.57237,9724.6,3.5,11.4,60.4,-35.2,28.1,299.8,0x20,405.002,7.3,1875,-1,2.6,,
2026-07-30T23:49:24.000Z,M20-403-2-02878,1469490564,43.93436,4.57261,9732.3,4.3,11.8,58.6,-35.2,28.1,299.4,0x20,405.002,6.8,1875,-1,2.6,,
2026-07-30T23:49:25.000Z,M20-403-2-02878,1469490565,43.93442,4.57274,9736.4,3.8,12.4,57.0,-35.2,28.0,299.3,0x20,405.002,8.1,1875,-1,2.6,,
2026-07-30T23:49:26.000Z,M20-403-2-02878,1469490566,43.93448,4.57287,9740.0,3.5,11.7,59.4,-35.3,28.0,299.1,0x20,405.002,8.1,1875,-1,2.6,,
2026-07-30T23:49:28.000Z,M20-403-2-02878,1469490568,43.93459,4.57311,9748.7,3.8,11.6,57.6,-35.3,27.9,298.7,0x20,405.002,6.7,1875,-1,2.6,,
2026-07-30T23:49:30.000Z,M20-403-2-02878,1469490570,43.93470,4.57335,9756.5,4.1,11.4,57.3,-35.4,27.9,298.4,0x20,405.002,8.4,1875,-1,2.6,,
2026-07-30T23:49:31.000Z,M20-403-2-02878,1469490571,43.93476,4.57347,9760.6,4.0,10.9,55.6,-35.4,27.9,298.2,0x20,405.002,6.7,1875,-1,2.6,,
2026-07-30T23:49:33.000Z,M20-403-2-02878,1469490573,43.93487,4.57371,9769.5,3.9,12.3,60.9,-35.5,27.8,297.9,0x20,405.002,3.5,1875,-1,2.6,,
2026-07-30T23:49:36.000Z,M20-403-2-02878,1469490576,43.93502,4.57409,9782.5,4.7,11.9,60.2,-35.6,27.7,297.3,0x20,405.002,6.2,1875,-1,2.6,,
2026-07-30T23:49:38.000Z,M20-403-2-02878,1469490578,43.93512,4.57435,9790.6,4.2,11.5,58.7,-35.7,27.7,297.0,0x20,405.002,7.9,1875,-1,2.6,,
2026-07-30T23:49:39.000Z,M20-403-2-02878,1469490579,43.93518,4.57447,9794.6,4.4,10.9,60.2,-35.7,27.6,296.8,0x20,405.002,7.9,1875,-1,2.6,,
2026-07-30T23:49:41.000Z,M20-403-2-02878,1469490581,43.93528,4.57472,9803.0,4.1,12.2,61.5,-35.8,27.6,296.4,0x20,405.002,6.3,1875,-1,2.6,,
2026-07-30T23:49:44.000Z,M20-403-2-02878,1469490584,43.93542,4.57510,9814.7,5.3,11.5,62.6,-35.9,27.6,295.9,0x20,405.002,5.6,1875,-1,2.6,,
2026-07-30T23:49:45.000Z,M20-403-2-02878,1469490585,43.93547,4.57523,9818.6,2.7,12.4,58.7,-36.0,27.6,295.8,0x20,405.002,4.1,1875,-1,2.6,,
2026-07-30T23:49:47.000Z,M20-403-2-02878,1469490587,43.93559,4.57548,9825.9,3.9,10.9,56.0,-36.0,27.6,295.4,0x20,405.002,3.3,1875,-1,2.6,,
2026-07-30T23:49:48.000Z,M20-403-2-02878,1469490588,43.93564,4.57559,9829.8,4.2,10.4,57.4,-36.1,27.7,295.3,0x20,405.002,5.5,1875,-1,2.6,,
2026-07-30T23:49:50.000Z,M20-403-2-02878,1469490590,43.93575,4.57582,9838.5,2.9,12.1,56.6,-36.1,27.7,294.9,0x20,405.002,9.0,1875,-1,2.6,,
2026-07-30T23:49:52.000Z,M20-403-2-02878,1469490592,43.93586,4.57606,9846.5,3.1,11.2,59.3,-36.2,27.7,294.6,0x20,405.002,9.0,1875,-1,2.6,,
2026-07-30T23:49:54.000Z,M20-403-2-02878,1469490594,43.93596,4.57632,9854.7,3.1,12.2,61.7,-36.3,27.8,294.2,0x20,405.002,9.6,1875,-1,2.6,,
2026-07-30T23:49:56.000Z,M20-403-2-02878,1469490596,43.93606,4.57658,9863.1,3.6,11.0,59.1,-36.4,27.8,293.9,0x20,405.002,7.7,1875,-1,2.6,,
2026-07-30T23:49:57.000Z,M20-403-2-02878,1469490597,43.93611,4.57670,9867.6,5.5,11.7,59.3,-36.4,27.8,293.6,0x20,405.002,7.7,1875,-1,2.6,,
2026-07-30T23:49:58.000Z,M20-403-2-02878,1469490598,43.93617,4.57682,9871.9,3.2,12.2,58.8,-36.5,27.8,293.5,0x20,405.002,4.6,1875,-1,2.6,,
2026-07-30T23:49:59.000Z,M20-403-2-02878,1469490599,43.93622,4.57695,9875.5,4.5,11.4,60.8,-36.5,27.9,293.3,0x20,405.002,3.5,1875,-1,2.6,,
2026-07-30T23:50:00.000Z,M20-403-2-02878,1469490600,43.93627,4.57707,9879.7,3.9,10.8,62.3,-36.5,27.9,293.2,0x20,405.002,3.5,1875,-1,2.6,,
2026-07-30T23:50:02.000Z,M20-403-2-02878,1469490602,43.93636,4.57733,9888.2,3.6,12.0,62.9,-36.6,28.0,292.8,0x20,405.002,7.1,1875,-1,2.6,,
2026-07-30T23:50:03.000Z,M20-403-2-02878,1469490603,43.93641,4.57745,9892.1,4.5,11.1,63.3,-36.7,28.0,292.6,0x20,405.002,8.5,1875,-1,2.6,,
2026-07-30T23:50:05.000Z,M20-403-2-02878,1469490605,43.93650,4.57769,9900.5,4.7,11.2,58.4,-36.7,28.2,292.2,0x20,405.002,8.5,1875,-1,2.6,,
2026-07-30T23:50:07.000Z,M20-403-2-02878,1469490607,43.93662,4.57793,9908.4,4.1,11.1,53.7,-36.8,28.4,291.9,0x20,405.002,7.0,1875,-1,2.6,,
2026-07-30T23:50:08.000Z,M20-403-2-02878,1469490608,43.93667,4.57804,9912.3,4.0,10.4,56.0,-36.8,28.5,291.8,0x20,405.002,7.0,1875,-1,2.6,,
2026-07-30T23:50:09.000Z,M20-403-2-02878,1469490609,43.93673,4.57815,9916.8,5.1,11.0,58.1,-36.8,28.6,291.6,0x20,405.002,7.4,1875,-1,2.6,,
2026-07-30T23:50:10.000Z,M20-403-2-02878,1469490610,43.93678,4.57827,9920.7,3.2,11.5,61.2,-36.8,28.7,291.4,0x20,405.002,7.4,1875,-1,2.6,,
2026-07-30T23:50:12.000Z,M20-403-2-02878,1469490612,43.93687,4.57850,9928.3,3.2,9.5,61.0,-36.9,28.8,291.0,0x20,405.002,4.7,1875,-1,2.6,,
2026-07-30T23:50:15.000Z,M20-403-2-02878,1469490615,43.93702,4.57882,9941.0,4.0,10.3,54.1,-37.0,28.6,290.5,0x20,405.002,6.8,1875,-1,2.6,,
2026-07-30T23:50:16.000Z,M20-403-2-02878,1469490616,43.93707,4.57892,9944.6,3.2,9.5,54.0,-37.0,28.4,290.3,0x20,405.002,8.4,1875,-1,2.6,,
2026-07-30T23:50:17.000Z,M20-403-2-02878,1469490617,43.93712,4.57902,9948.7,4.9,9.4,54.2,-37.0,28.3,290.2,0x20,405.002,8.4,1875,-1,2.6,,
2026-07-30T23:50:18.000Z,M20-403-2-02878,1469490618,43.93717,4.57912,9952.9,3.6,10.5,54.6,-37.0,28.2,290.0,0x20,405.002,7.5,1875,-1,2.6,,
2026-07-30T23:50:22.000Z,M20-403-2-02878,1469490622,43.93736,4.57954,9968.7,5.3,9.6,59.6,-37.1,27.6,289.3,0x20,405.002,7.0,1875,-1,2.6,,
2026-07-30T23:50:23.000Z,M20-403-2-02878,1469490623,43.93741,4.57965,9973.0,3.3,10.7,59.0,-37.2,27.5,289.1,0x20,405.002,9.8,1875,-1,2.6,,
2026-07-30T23:50:27.000Z,M20-403-2-02878,1469490627,43.93761,4.58010,9989.2,3.1,11.0,52.4,-37.3,26.9,288.4,0x20,405.002,5.1,1875,-1,2.6,,
2026-07-30T23:50:28.000Z,M20-403-2-02878,1469490628,43.93767,4.58021,9993.3,4.7,10.5,53.3,-37.3,26.7,288.3,0x20,405.002,7.3,1875,-1,2.6,,
2026-07-30T23:50:29.000Z,M20-403-2-02878,1469490629,43.93772,4.58031,9997.6,3.4,9.4,56.7,-37.3,26.6,288.1,0x20,405.002,7.3,1875,-1,2.6,,
2026-07-30T23:50:30.000Z,M20-403-2-02878,1469490630,43.93776,4.58040,10001.6,4.7,8.9,56.8,-37.4,26.5,287.9,0x20,405.002,6.4,1875,-1,2.6,,
2026-07-30T23:50:32.000Z,M20-403-2-02878,1469490632,43.93786,4.58059,10009.3,4.9,9.7,55.7,-37.4,26.3,287.6,0x20,405.002,9.4,1875,-1,2.6,,
2026-07-30T23:50:38.000Z,M20-403-2-02878,1469490638,43.93817,4.58117,10032.3,3.7,9.4,59.7,-37.6,26.3,286.6,0x20,405.002,3.6,1875,-1,2.6,,
2026-07-30T23:50:39.000Z,M20-403-2-02878,1469490639,43.93821,4.58127,10036.7,5.0,9.5,57.6,-37.6,26.4,286.4,0x20,405.002,3.2,1875,-1,2.6,,
2026-07-30T23:50:40.000Z,M20-403-2-02878,1469490640,43.93826,4.58137,10040.9,3.5,9.7,55.6,-37.7,26.4,286.2,0x20,405.002,5.4,1875,-1,2.6,,
2026-07-30T23:50:43.000Z,M20-403-2-02878,1469490643,43.93840,4.58166,10053.6,4.4,8.8,51.8,-37.8,26.7,285.7,0x20,405.002,8.5,1875,-1,2.6,,
2026-07-30T23:50:45.000Z,M20-403-2-02878,1469490645,43.93850,4.58184,10060.6,4.5,9.7,53.5,-37.8,26.9,285.4,0x20,405.002,6.4,1875,-1,2.6,,
2026-07-30T23:50:47.000Z,M20-403-2-02878,1469490647,43.93859,4.58205,10068.0,4.4,10.3,60.4,-37.9,27.2,285.1,0x20,405.002,7.9,1875,-1,2.6,,
2026-07-30T23:50:48.000Z,M20-403-2-02878,1469490648,43.93864,4.58216,10071.9,3.5,10.3,55.8,-38.0,27.3,284.9,0x20,405.002,7.9,1875,-1,2.6,,
2026-07-30T23:50:51.000Z,M20-403-2-02878,1469490651,43.93879,4.58246,10084.1,3.9,9.3,54.8,-38.1,27.7,284.4,0x20,405.002,3.0,1875,-1,2.6,,
2026-07-30T23:50:53.000Z,M20-403-2-02878,1469490653,43.93889,4.58265,10091.8,5.3,9.6,53.8,-38.2,27.9,284.1,0x20,405.002,5.5,1875,-1,2.6,,
2026-07-30T23:50:54.000Z,M20-403-2-02878,1469490654,43.93894,4.58275,10096.0,3.1,10.0,57.7,-38.2,28.0,283.9,0x20,405.002,5.5,1875,-1,2.6,,
2026-07-30T23:50:55.000Z,M20-403-2-02878,1469490655,43.93899,4.58285,10099.7,4.2,10.0,56.5,-38.2,28.2,283.7,0x20,405.002,7.6,1875,-1,2.6,,
2026-07-30T23:50:56.000Z,M20-403-2-02878,1469490656,43.93904,4.58295,10104.0,4.1,10.1,51.5,-38.3,28.3,283.5,0x20,405.002,7.6,1875,-1,2.6,,
2026-07-30T23:50:57.000Z,M20-403-2-02878,1469490657,43.93910,4.58305,10108.5,4.9,9.5,49.7,-38.3,28.4,283.4,0x20,405.002,8.3,1875,-1,2.6,,
2026-07-30T23:50:59.000Z,M20-403-2-02878,1469490659,43.93920,4.58323,10117.2,5.3,8.7,52.6,-38.4,28.6,283.0,0x20,405.002,8.2,1875,-1,2.6,,
2026-07-30T23:51:01.000Z,M20-403-2-02878,1469490661,43.93931,4.58340,10125.2,3.9,9.2,50.8,-38.5,28.9,282.6,0x20,405.002,8.2,1875,-1,2.6,,
2026-07-30T23:51:03.000Z,M20-403-2-02878,1469490663,43.93939,4.58359,10133.0,2.6,9.1,62.5,-38.6,29.2,282.3,0x20,405.002,4.6,1875,-1,2.6,,
2026-07-30T23:51:04.000Z,M20-403-2-02878,1469490664,43.93944,4.58370,10136.5,4.2,10.2,57.7,-38.5,29.3,282.2,0x20,405.002,3.4,1875,-1,2.6,,
2026-07-30T23:51:05.000Z,M20-403-2-02878,1469490665,43.93949,4.58380,10140.3,3.4,10.9,49.7,-38.5,29.5,282.0,0x20,405.002,3.4,1875,-1,2.6,,
2026-07-30T23:51:07.000Z,M20-403-2-02878,1469490667,43.93963,4.58401,10148.3,3.4,10.7,49.2,-38.6,29.8,281.7,0x20,405.002,7.8,1875,-1,2.6,,
2026-07-30T23:51:09.000Z,M20-403-2-02878,1469490669,43.93975,4.58422,10156.4,3.6,11.0,52.6,-38.7,30.0,281.3,0x20,405.002,6.9,1875,-1,2.6,,
2026-07-30T23:51:10.000Z,M20-403-2-02878,1469490670,43.93980,4.58433,10160.5,4.4,10.7,56.4,-38.7,30.1,281.2,0x20,405.002,7.6,1875,-1,2.6,,
2026-07-30T23:51:13.000Z,M20-403-2-02878,1469490673,43.93995,4.58465,10172.7,4.9,10.6,56.1,-38.8,30.2,280.6,0x20,405.002,7.2,1875,-1,2.6,,
2026-07-30T23:51:16.000Z,M20-403-2-02878,1469490676,43.94012,4.58496,10185.8,4.0,9.6,49.2,-38.9,30.3,280.2,0x20,405.002,5.3,1875,-1,2.6,,
2026-07-30T23:51:20.000Z,M20-403-2-02878,1469490680,43.94037,4.58535,10201.6,3.7,9.3,53.0,-39.0,30.2,279.5,0x20,405.002,9.7,1875,-1,2.6,,
2026-07-30T23:51:23.000Z,M20-403-2-02878,1469490683,43.94054,4.58562,10214.0,3.6,10.5,45.3,-39.1,30.1,279.0,0x20,405.002,9.0,1875,-1,2.6,,
2026-07-30T23:51:25.000Z,M20-403-2-02878,1469490685,43.94066,4.58580,10221.9,3.7,9.9,50.6,-39.2,30.1,278.7,0x20,405.002,7.0,1875,-1,2.6,,
2026-07-30T23:51:26.000Z,M20-403-2-02878,1469490686,43.94072,4.58590,10226.0,4.9,10.8,54.1,-39.2,30.0,278.5,0x20,405.002,8.6,1875,-1,2.6,,
2026-07-30T23:51:28.000Z,M20-403-2-02878,1469490688,43.94084,4.58613,10233.6,4.9,11.3,50.8,-39.3,30.0,278.2,0x20,405.002,9.3,1875,-1,2.6,,
2026-07-30T23:51:30.000Z,M20-403-2-02878,1469490690,43.94097,4.58632,10241.8,3.7,9.8,43.7,-39.4,29.9,277.8,0x20,405.002,9.3,1875,-1,2.6,,
2026-07-30T23:51:31.000Z,M20-403-2-02878,1469490691,43.94103,4.58640,10245.7,4.0,10.2,42.9,-39.4,29.9,277.7,0x20,405.002,3.2,1875,-1,2.6,,
2026-07-30T23:51:33.000Z,M20-403-2-02878,1469490693,43.94117,4.58658,10254.0,4.2,9.8,43.0,-39.5,29.8,277.3,0x20,405.002,9.0,1875,-1,2.6,,
2026-07-30T23:51:34.000Z,M20-403-2-02878,1469490694,43.94123,4.58666,10257.7,3.2,9.4,47.7,-39.5,29.8,277.2,0x20,405.002,9.0,1875,-1,2.6,,
2026-07-30T23:51:35.000Z,M20-403-2-02878,1469490695,43.94129,4.58676,10262.0,5.0,10.1,51.6,-39.5,29.7,277.0,0x20,405.002,7.2,1875,-1,2.6,,
2026-07-30T23:51:36.000Z,M20-403-2-02878,1469490696,43.94135,4.58686,10266.3,3.0,11.2,53.0,-39.6,29.7,276.8,0x20,405.002,10.9,1875,-1,2.6,,
2026-07-30T23:51:38.000Z,M20-403-2-02878,1469490698,43.94147,4.58708,10273.9,2.7,10.6,49.5,-39.6,29.6,276.5,0x20,405.002,8.5,1875,-1,2.6,,
2026-07-30T23:51:39.000Z,M20-403-2-02878,1469490699,43.94153,4.58718,10277.5,4.4,10.2,47.7,-39.7,29.6,276.4,0x20,405.002,8.5,1875,-1,2.6,,
2026-07-30T23:51:41.000Z,M20-403-2-02878,1469490701,43.94166,4.58736,10285.5,5.2,9.9,47.1,-39.7,29.5,276.0,0x20,405.002,9.6,1875,-1,2.6,,
2026-07-30T23:51:42.000Z,M20-403-2-02878,1469490702,43.94172,4.58745,10289.8,3.4,9.7,48.5,-39.8,29.5,275.9,0x20,405.002,9.6,1875,-1,2.6,,
2026-07-30T23:51:43.000Z,M20-403-2-02878,1469490703,43.94178,4.58754,10294.0,4.9,10.3,45.9,-39.8,29.5,275.7,0x20,405.002,3.0,1875,-1,2.6,,
2026-07-30T23:51:44.000Z,M20-403-2-02878,1469490704,43.94185,4.58764,10298.4,3.5,11.0,45.0,-39.9,29.5,275.5,0x20,405.002,3.6,1875,-1,2.6,,
2026-07-30T23:51:45.000Z,M20-403-2-02878,1469490705,43.94192,4.58774,10302.6,5.0,10.8,48.9,-39.9,29.5,275.3,0x20,405.002,7.3,1875,-1,2.6,,
2026-07-30T23:51:47.000Z,M20-403-2-02878,1469490707,43.94203,4.58794,10310.5,4.3,10.3,50.6,-40.0,29.5,275.0,0x20,405.002,7.3,1875,-1,2.6,,
2026-07-30T23:51:48.000Z,M20-403-2-02878,1469490708,43.94210,4.58803,10314.9,4.2,10.9,46.3,-40.0,29.5,274.8,0x20,405.002,9.0,1875,-1,2.6,,
2026-07-30T23:51:50.000Z,M20-403-2-02878,1469490710,43.94223,4.58822,10322.8,3.2,9.9,42.8,-40.1,29.5,274.5,0x20,405.002,7.5,1875,-1,2.6,,
2026-07-30T23:51:51.000Z,M20-403-2-02878,1469490711,43.94230,4.58830,10326.6,4.2,9.1,45.1,-40.1,29.5,274.4,0x20,405.002,8.0,1875,-1,2.6,,
2026-07-30T23:51:53.000Z,M20-403-2-02878,1469490713,43.94242,4.58847,10334.8,3.1,10.2,43.4,-40.2,29.5,274.0,0x20,405.002,6.9,1875,-1,2.6,,
2026-07-30T23:51:55.000Z,M20-403-2-02878,1469490715,43.94255,4.58864,10342.8,3.0,8.9,42.1,-40.2,29.6,273.7,0x20,405.002,3.7,1875,-1,2.6,,
2026-07-30T23:51:56.000Z,M20-403-2-02878,1469490716,43.94261,4.58871,10346.9,5.2,9.0,42.6,-40.2,29.6,273.5,0x20,405.002,3.6,1875,-1,2.6,,
2026-07-30T23:51:58.000Z,M20-403-2-02878,1469490718,43.94273,4.58888,10355.0,4.1,9.6,48.3,-40.3,29.7,273.2,0x20,405.002,4.0,1875,-1,2.6,,
2026-07-30T23:51:59.000Z,M20-403-2-02878,1469490719,43.94278,4.58897,10358.9,3.7,8.9,52.3,-40.4,29.8,273.0,0x20,405.002,6.9,1875,-1,2.6,,
2026-07-30T23:52:00.000Z,M20-403-2-02878,1469490720,43.94283,4.58906,10363.4,5.4,8.9,50.5,-40.4,29.9,272.8,0x20,405.002,6.9,1875,-1,2.6,,
2026-07-30T23:52:01.000Z,M20-403-2-02878,1469490721,43.94289,4.58914,10367.7,3.0,9.4,47.1,-40.4,30.0,272.7,0x20,405.002,7.5,1875,-1,2.6,,
2026-07-30T23:52:02.000Z,M20-403-2-02878,1469490722,43.94295,4.58923,10371.4,4.2,9.7,46.3,-40.4,30.0,272.5,0x20,405.002,8.7,1875,-1,2.6,,
2026-07-30T23:52:04.000Z,M20-403-2-02878,1469490724,43.94306,4.58939,10379.6,4.0,8.3,46.7,-40.5,30.1,272.2,0x20,405.002,8.7,1875,-1,2.6,,
2026-07-30T23:52:07.000Z,M20-403-2-02878,1469490727,43.94323,4.58962,10392.2,4.2,8.6,44.5,-40.6,30.4,271.7,0x20,405.002,6.0,1875,-1,2.6,,
2026-07-30T23:52:08.000Z,M20-403-2-02878,1469490728,43.94329,4.58970,10396.5,4.3,8.9,47.9,-40.7,30.4,271.5,0x20,405.002,3.6,1875,-1,2.6,,
2026-07-30T23:52:09.000Z,M20-403-2-02878,1469490729,43.94334,4.58978,10400.8,4.2,9.5,45.9,-40.7,30.5,271.3,0x20,405.002,3.6,1875,-1,2.6,,
2026-07-30T23:52:10.000Z,M20-403-2-02878,1469490730,43.94340,4.58987,10405.0,4.2,9.9,47.3,-40.7,30.6,271.2,0x20,405.002,3.2,1875,-1,2.6,,
2026-07-30T23:52:11.000Z,M20-403-2-02878,1469490731,43.94346,4.58997,10409.1,3.9,9.8,53.9,-40.8,30.6,271.0,0x20,405.002,6.0,1875,-1,2.6,,
2026-07-30T23:52:15.000Z,M20-403-2-02878,1469490735,43.94366,4.59032,10425.4,4.5,7.9,52.7,-40.9,30.8,270.4,0x20,405.002,8.3,1875,-1,2.6,,
2026-07-30T23:52:16.000Z,M20-403-2-02878,1469490736,43.94371,4.59040,10429.6,4.0,7.8,53.5,-40.9,30.9,270.2,0x20,405.002,8.6,1875,-1,2.6,,
2026-07-30T23:52:17.000Z,M20-403-2-02878,1469490737,43.94375,4.59048,10434.1,4.8,8.9,49.8,-41.0,30.9,270.0,0x20,405.002,9.8,1875,-1,2.6,,
2026-07-30T23:52:18.000Z,M20-403-2-02878,1469490738,43.94381,4.59056,10437.8,2.7,9.4,45.7,-41.0,31.0,269.9,0x20,405.002,9.8,1875,-1,2.6,,
2026-07-30T23:52:20.000Z,M20-403-2-02878,1469490740,43.94391,4.59073,10445.3,3.6,8.5,53.3,-41.1,31.0,269.6,0x20,405.002,9.4,1875,-1,2.6,,
2026-07-30T23:52:21.000Z,M20-403-2-02878,1469490741,43.94396,4.59082,10449.7,5.3,8.4,53.6,-41.1,31.0,269.4,0x20,405.002,9.4,1875,-1,2.6,,
2026-07-30T23:52:23.000Z,M20-403-2-02878,1469490743,43.94406,4.59098,10458.5,4.8,8.5,47.0,-41.2,31.1,269.0,0x20,405.002,3.9,1875,-1,2.6,,
2026-07-30T23:52:24.000Z,M20-403-2-02878,1469490744,43.94411,4.59106,10462.5,3.3,7.7,51.5,-41.2,31.1,268.9,0x20,405.002,4.2,1875,-1,2.6,,
2026-07-30T23:52:25.000Z,M20-403-2-02878,1469490745,43.94416,4.59114,10466.1,4.1,8.5,52.8,-41.2,31.1,268.7,0x20,405.002,9.5,1875,-1,2.6,,
2026-07-30T23:52:27.000Z,M20-403-2-02878,1469490747,43.94426,4.59133,10474.5,3.5,10.5,53.1,-41.3,31.1,268.4,0x20,405.002,7.7,1875,-1,2.6,,
2026-07-30T23:52:28.000Z,M20-403-2-02878,1469490748,43.94431,4.59143,10478.8,4.7,9.6,57.2,-41.3,31.1,268.2,0x20,405.002,8.7,1875,-1,2.6,,
2026-07-30T23:52:29.000Z,M20-403-2-02878,1469490749,43.94435,4.59153,10482.9,3.7,8.6,61.5,-41.3,31.1,268.1,0x20,405.002,8.7,1875,-1,2.6,,
2026-07-30T23:52:34.000Z,M20-403-2-02878,1469490754,43.94456,4.59199,10502.8,5.2,8.3,52.4,-41.5,31.1,267.3,0x20,405.002,5.7,1875,-1,2.6,,
2026-07-30T23:52:35.000Z,M20-403-2-02878,1469490755,43.94460,4.59208,10507.0,3.1,9.3,51.4,-41.5,31.0,267.1,0x20,405.002,3.2,1875,-1,2.6,,
2026-07-30T23:52:37.000Z,M20-403-2-02878,1469490757,43.94470,4.59226,10514.6,2.9,8.3,59.7,-41.6,31.0,266.8,0x20,405.002,4.3,1875,-1,2.6,,
2026-07-30T23:52:38.000Z,M20-403-2-02878,1469490758,43.94473,4.59235,10518.3,4.4,8.6,61.6,-41.6,31.0,266.6,0x20,405.002,6.7,1875,-1,2.6,,
2026-07-30T23:52:39.000Z,M20-403-2-02878,1469490759,43.94477,4.59245,10522.5,3.9,9.6,60.1,-41.7,31.0,266.5,0x20,405.002,6.7,1875,-1,2.6,,
2026-07-30T23:52:40.000Z,M20-403-2-02878,1469490760,43.94482,4.59255,10526.5,3.7,10.0,60.7,-41.7,31.0,266.3,0x20,405.002,6.8,1875,-1,2.6,,
2026-07-30T23:52:41.000Z,M20-403-2-02878,1469490761,43.94486,4.59266,10530.3,3.5,9.6,63.9,-41.7,31.0,266.1,0x20,405.002,7.8,1875,-1,2.6,,
2026-07-30T23:52:45.000Z,M20-403-2-02878,1469490765,43.94504,4.59304,10545.9,4.7,8.4,48.7,-41.9,31.0,265.5,0x20,405.002,7.1,1500,-1,2.6,,
2026-07-30T23:52:46.000Z,M20-403-2-02878,1469490766,43.94509,4.59312,10550.0,3.4,7.9,53.2,-41.9,31.0,265.4,0x20,405.002,7.1,1875,-1,2.6,,
2026-07-30T23:52:49.000Z,M20-403-2-02878,1469490769,43.94522,4.59340,10562.6,4.4,10.2,58.1,-42.0,31.0,264.9,0x20,405.002,3.6,1875,-1,2.6,,
2026-07-30T23:52:52.000Z,M20-403-2-02878,1469490772,43.94535,4.59372,10574.1,4.2,9.4,55.4,-42.1,30.9,264.4,0x20,405.002,6.8,1875,-1,2.6,,
2026-07-30T23:52:53.000Z,M20-403-2-02878,1469490773,43.94540,4.59381,10577.7,2.9,9.3,50.8,-42.1,30.9,264.3,0x20,405.002,7.3,1875,-1,2.6,,
2026-07-30T23:52:56.000Z,M20-403-2-02878,1469490776,43.94553,4.59407,10589.5,3.9,7.9,58.7,-42.1,30.8,263.9,0x20,405.002,5.8,1500,-1,2.6,,
2026-07-30T23:52:57.000Z,M20-403-2-02878,1469490777,43.94557,4.59415,10593.8,4.9,8.5,52.3,-42.1,30.8,263.6,0x20,405.002,7.9,1875,-1,2.6,,
2026-07-30T23:53:00.000Z,M20-403-2-02878,1469490780,43.94572,4.59443,10606.3,4.6,9.5,58.0,-42.3,30.7,263.2,0x20,405.002,5.3,1500,-1,2.6,,
2026-07-30T23:53:01.000Z,M20-403-2-02878,1469490781,43.94577,4.59453,10610.4,3.6,10.1,55.8,-42.3,30.6,263.0,0x20,405.002,3.7,1875,-1,2.6,,
2026-07-30T23:53:03.000Z,M20-403-2-02878,1469490783,43.94587,4.59474,10618.0,3.5,9.4,60.7,-42.3,30.6,262.7,0x20,405.002,6.8,1875,-1,2.6,,
2026-07-30T23:53:04.000Z,M20-403-2-02878,1469490784,43.94591,4.59484,10622.0,4.6,8.9,61.9,-42.4,30.5,262.6,0x20,405.002,7.8,1875,-1,2.6,,
2026-07-30T23:53:08.000Z,M20-403-2-02878,1469490788,43.94608,4.59519,10637.6,4.3,8.9,53.2,-42.5,30.4,261.9,0x20,405.002,7.6,1875,-1,2.6,,
2026-07-30T23:53:11.000Z,M20-403-2-02878,1469490791,43.94625,4.59548,10649.6,4.4,10.3,56.1,-42.6,30.3,261.4,0x20,405.002,7.5,1500,-1,2.6,,
2026-07-30T23:53:12.000Z,M20-403-2-02878,1469490792,43.94630,4.59559,10653.1,2.5,10.2,61.1,-42.7,30.3,261.3,0x20,405.002,7.5,1500,-1,2.6,,
2026-07-30T23:53:13.000Z,M20-403-2-02878,1469490793,43.94634,4.59570,10657.0,4.9,9.9,58.9,-42.7,30.2,261.1,0x20,405.002,7.5,1875,-1,2.6,,
2026-07-30T23:53:15.000Z,M20-403-2-02878,1469490795,43.94644,4.59589,10664.8,4.3,8.4,52.0,-42.8,30.1,260.9,0x20,405.002,3.7,1500,-1,2.6,,
2026-07-30T23:53:17.000Z,M20-403-2-02878,1469490797,43.94652,4.59604,10672.7,4.9,7.6,51.6,-42.8,30.0,260.5,0x20,405.002,6.7,1875,-1,2.6,,
2026-07-30T23:53:21.000Z,M20-403-2-02878,1469490801,43.94671,4.59643,10688.7,4.4,10.0,64.3,-43.0,29.9,259.9,0x20,405.002,10.5,1875,-1,2.6,,
2026-07-30T23:53:22.000Z,M20-403-2-02878,1469490802,43.94675,4.59654,10693.1,4.5,10.6,59.2,-43.0,29.9,259.8,0x20,405.002,10.5,1875,-1,2.6,,
2026-07-30T23:53:23.000Z,M20-403-2-02878,1469490803,43.94680,4.59666,10697.0,3.5,10.4,55.7,-43.0,29.8,259.6,0x20,405.002,7.0,1500,-1,2.6,,
2026-07-30T23:53:39.000Z,M20-403-2-02878,1469490819,43.94756,4.59812,10758.4,3.1,10.6,56.4,-43.6,29.4,257.2,0x20,405.002,3.5,1500,-1,2.6,,
2026-07-30T23:53:46.000Z,M20-403-2-02878,1469490826,43.94788,4.59881,10786.3,5.5,8.5,51.5,-43.8,29.2,256.1,0x20,405.002,7.1,1875,-1,2.6,,
2026-07-30T23:53:49.000Z,M20-403-2-02878,1469490829,43.94803,4.59908,10798.3,3.2,9.0,54.5,-43.9,29.1,255.6,0x20,405.002,6.7,1500,-1,2.6,,
2026-07-30T23:53:51.000Z,M20-403-2-02878,1469490831,43.94813,4.59929,10806.4,3.1,10.6,55.9,-43.9,29.1,255.3,0x20,405.002,6.6,1500,-1,2.6,,
2026-07-30T23:53:53.000Z,M20-403-2-02878,1469490833,43.94823,4.59949,10814.5,3.1,8.6,54.2,-44.0,29.1,255.0,0x20,405.002,3.4,1125,-1,2.6,,
2026-07-30T23:53:55.000Z,M20-403-2-02878,1469490835,43.94832,4.59967,10822.1,2.9,9.4,52.9,-44.0,28.9,254.7,0x20,405.002,5.0,1125,-1,2.6,,
2026-07-30T23:53:57.000Z,M20-403-2-02878,1469490837,43.94843,4.59985,10829.7,3.5,8.9,48.4,-44.0,28.8,254.3,0x20,405.002,6.5,1125,-1,2.6,,
2026-07-30T23:54:04.000Z,M20-403-2-02878,1469490844,43.94880,4.60054,10855.9,3.7,10.5,53.9,-44.2,28.1,253.3,0x20,405.002,4.7,1125,-1,2.6,,
2026-07-30T23:54:09.000Z,M20-403-2-02878,1469490849,43.94904,4.60107,10875.7,5.0,10.3,56.1,-44.4,27.7,252.6,0x20,405.002,8.6,1125,-1,2.6,,
2026-07-30T23:54:11.000Z,M20-403-2-02878,1469490851,43.94914,4.60128,10884.3,4.8,9.8,53.8,-44.4,27.5,252.3,0x20,405.002,7.5,1125,-1,2.6,,
2026-07-30T23:54:13.000Z,M20-403-2-02878,1469490853,43.94925,4.60147,10892.4,4.8,9.8,53.2,-44.5,27.4,252.0,0x20,405.002,9.0,1125,-1,2.6,,
2026-07-30T23:54:14.000Z,M20-403-2-02878,1469490854,43.94930,4.60157,10896.3,3.0,9.4,55.5,-44.6,27.4,251.8,0x20,405.002,9.0,1125,-1,2.6,,
2026-07-30T23:54:16.000Z,M20-403-2-02878,1469490856,43.94941,4.60177,10903.2,2.3,10.9,50.6,-44.6,27.3,251.6,0x20,405.002,9.5,1125,-1,2.6,,
2026-07-30T23:54:19.000Z,M20-403-2-02878,1469490859,43.94958,4.60209,10914.1,4.1,10.1,57.6,-44.7,27.3,251.1,0x20,405.002,3.1,1125,-1,2.6,,
2026-07-30T23:54:21.000Z,M20-403-2-02878,1469490861,43.94968,4.60231,10922.5,4.4,10.5,55.2,-44.8,27.3,250.8,0x20,405.002,6.2,1125,-1,2.6,,
2026-07-30T23:54:23.000Z,M20-403-2-02878,1469490863,43.94978,4.60252,10930.6,4.3,9.5,58.3,-44.8,27.3,250.5,0x20,405.002,7.6,1125,-1,2.6,,
2026-07-30T23:54:25.000Z,M20-403-2-02878,1469490865,43.94988,4.60273,10939.2,4.3,10.3,55.8,-44.9,27.4,250.2,0x20,405.002,7.9,1125,-1,2.6,,
2026-07-30T23:54:28.000Z,M20-403-2-02878,1469490868,43.95001,4.60305,10951.8,2.4,10.1,58.0,-45.0,27.4,249.7,0x20,405.002,6.8,1125,-1,2.6,,
2026-07-30T23:54:30.000Z,M20-403-2-02878,1469490870,43.95011,4.60327,10959.4,2.5,9.8,60.8,-45.1,27.4,249.4,0x20,405.002,6.9,1125,-1,2.6,,
2026-07-30T23:54:32.000Z,M20-403-2-02878,1469490872,43.95021,4.60347,10967.0,3.3,9.9,50.7,-45.2,27.5,249.1,0x20,405.002,3.7,1125,-1,2.6,,
2026-07-30T23:54:38.000Z,M20-403-2-02878,1469490878,43.95051,4.60412,10991.8,2.9,10.8,63.9,-45.4,28.0,248.1,0x20,405.002,6.7,1125,-1,2.6,,
2026-07-30T23:54:41.000Z,M20-403-2-02878,1469490881,43.95066,4.60447,11003.7,4.0,11.0,52.6,-45.5,28.1,247.7,0x20,405.002,6.8,1125,-1,2.6,,
2026-07-30T23:54:43.000Z,M20-403-2-02878,1469490883,43.95077,4.60468,11011.5,3.5,10.1,61.3,-45.5,28.1,247.4,0x20,405.002,4.5,1125,-1,2.6,,
2026-07-30T23:54:45.000Z,M20-403-2-02878,1469490885,43.95086,4.60492,11019.3,3.3,11.3,56.2,-45.6,28.1,247.1,0x20,405.002,3.6,1500,-1,2.6,,
2026-07-30T23:54:47.000Z,M20-403-2-02878,1469490887,43.95097,4.60515,11027.3,4.6,10.4,60.9,-45.7,28.2,246.8,0x20,405.002,6.2,1125,-1,2.6,,
2026-07-30T23:54:49.000Z,M20-403-2-02878,1469490889,43.95105,4.60537,11035.4,5.1,9.9,61.5,-45.7,28.2,246.5,0x20,405.002,8.2,1125,-1,2.6,,
2026-07-30T23:54:51.000Z,M20-403-2-02878,1469490891,43.95114,4.60558,11044.5,5.7,9.5,61.1,-45.8,28.2,246.2,0x20,405.002,8.4,1125,-1,2.6,,
2026-07-30T23:54:52.000Z,M20-403-2-02878,1469490892,43.95118,4.60569,11049.1,3.6,9.9,63.7,-45.8,28.2,246.0,0x20,405.002,8.4,1125,-1,2.6,,
2026-07-30T23:54:53.000Z,M20-403-2-02878,1469490893,43.95122,4.60580,11053.6,5.3,10.1,60.1,-45.8,28.2,245.8,0x20,405.002,7.8,1125,-1,2.6,,
2026-07-30T23:54:55.000Z,M20-403-2-02878,1469490895,43.95132,4.60602,11061.9,4.9,10.4,59.4,-45.9,28.2,245.5,0x20,405.002,7.6,1125,-1,2.6,,
2026-07-30T23:54:57.000Z,M20-403-2-02878,1469490897,43.95141,4.60625,11070.8,5.4,10.0,63.5,-46.0,28.1,245.2,0x20,405.002,7.6,1125,-1,2.6,,
2026-07-30T23:54:59.000Z,M20-403-2-02878,1469490899,43.95149,4.60646,11079.1,4.5,9.3,61.9,-46.0,28.1,244.9,0x20,405.002,3.9,1125,-1,2.6,,
2026-07-30T23:55:00.000Z,M20-403-2-02878,1469490900,43.95153,4.60657,11084.0,5.4,10.0,67.9,-46.1,28.1,244.7,0x20,405.002,7.5,1500,-1,2.6,,
2026-07-30T23:55:01.000Z,M20-403-2-02878,1469490901,43.95156,4.60669,11088.7,3.5,10.2,69.3,-46.1,28.0,244.5,0x20,405.002,7.5,1500,-1,2.6,,
2026-07-30T23:55:03.000Z,M20-403-2-02878,1469490903,43.95165,4.60694,11098.7,4.6,12.3,59.6,-46.1,28.0,244.2,0x20,405.002,9.4,1125,-1,2.6,,
2026-07-30T23:55:04.000Z,M20-403-2-02878,1469490904,43.95170,4.60707,11102.8,3.7,12.8,59.6,-46.1,28.0,244.1,0x20,405.002,9.4,1125,-1,2.6,,
2026-07-30T23:55:05.000Z,M20-403-2-02878,1469490905,43.95176,4.60721,11107.1,4.9,12.4,65.2,-46.1,27.9,243.8,0x20,405.002,7.5,1125,-1,2.6,,
2026-07-30T23:55:06.000Z,M20-403-2-02878,1469490906,43.95180,4.60735,11111.3,3.2,11.5,70.9,-46.1,27.9,243.7,0x20,405.002,7.3,1125,-1,2.6,,
2026-07-30T23:55:09.000Z,M20-403-2-02878,1469490909,43.95189,4.60767,11123.2,4.6,8.7,62.5,-46.0,27.7,243.2,0x20,405.002,8.0,1125,-1,2.6,,
2026-07-30T23:55:10.000Z,M20-403-2-02878,1469490910,43.95192,4.60778,11127.6,4.3,10.4,65.4,-46.1,27.6,243.1,0x20,405.002,8.0,1125,-1,2.6,,
2026-07-30T23:55:11.000Z,M20-403-2-02878,1469490911,43.95197,4.60791,11132.4,4.9,12.6,62.0,-46.1,27.5,242.9,0x20,405.002,8.0,1500,-1,2.6,,
2026-07-30T23:55:12.000Z,M20-403-2-02878,1469490912,43.95203,4.60805,11137.4,5.0,13.5,57.9,-46.1,27.5,242.7,0x20,405.002,3.0,1500,-1,2.6,,
2026-07-30T23:55:16.000Z,M20-403-2-02878,1469490916,43.95222,4.60862,11155.5,3.8,12.2,75.4,-46.2,27.2,242.1,0x20,405.002,6.6,1125,-1,2.6,,
2026-07-30T23:55:17.000Z,M20-403-2-02878,1469490917,43.95226,4.60877,11160.1,5.0,12.0,67.2,-46.2,27.1,241.9,0x20,405.002,6.9,1125,-1,2.6,,
2026-07-30T23:55:24.000Z,M20-403-2-02878,1469490924,43.95264,4.60978,11190.9,3.9,12.2,66.0,-46.2,26.4,240.8,0x20,405.002,3.0,1125,-1,2.6,,
2026-07-30T23:55:25.000Z,M20-403-2-02878,1469490925,43.95269,4.60992,11194.6,3.6,13.1,59.5,-46.3,26.3,240.7,0x20,405.002,3.2,1125,-1,2.6,,
2026-07-30T23:55:26.000Z,M20-403-2-02878,1469490926,43.95275,4.61006,11198.8,4.3,13.1,58.5,-46.2,26.2,240.5,0x20,405.002,3.3,1125,-1,2.6,,
2026-07-30T23:55:28.000Z,M20-403-2-02878,1469490928,43.95288,4.61034,11206.6,4.6,14.0,63.0,-46.3,26.0,240.2,0x20,405.002,7.9,1125,-1,2.6,,
2026-07-30T23:55:30.000Z,M20-403-2-02878,1469490930,43.95298,4.61067,11214.3,4.8,14.0,68.6,-46.4,25.8,239.9,0x20,405.002,8.0,1125,-1,2.6,,
2026-07-30T23:55:31.000Z,M20-403-2-02878,1469490931,43.95302,4.61082,11218.5,4.0,12.8,67.9,-46.4,25.8,239.7,0x20,405.002,8.0,1125,-1,2.6,,
2026-07-30T23:55:33.000Z,M20-403-2-02878,1469490933,43.95312,4.61110,11225.7,4.6,12.5,64.0,-46.5,25.6,239.5,0x20,405.002,8.6,1125,-1,2.5,,
2026-07-30T23:55:34.000Z,M20-403-2-02878,1469490934,43.95317,4.61124,11229.7,3.5,13.3,62.3,-46.5,25.6,239.3,0x20,405.002,9.2,1125,-1,2.6,,
2026-07-30T23:55:35.000Z,M20-403-2-02878,1469490935,43.95323,4.61139,11233.8,4.8,13.6,58.2,-46.6,25.4,239.2,0x20,405.002,9.2,1125,-1,2.6,,
2026-07-30T23:55:37.000Z,M20-403-2-02878,1469490937,43.95336,4.61167,11242.4,5.5,13.8,60.6,-46.6,25.3,238.8,0x20,405.002,3.8,1125,-1,2.6,,
2026-07-30T23:55:38.000Z,M20-403-2-02878,1469490938,43.95342,4.61183,11246.6,3.0,14.4,63.6,-46.7,25.3,238.7,0x20,405.002,3.6,1125,-1,2.6,,
2026-07-30T23:55:39.000Z,M20-403-2-02878,1469490939,43.95348,4.61198,11250.8,5.3,13.8,63.5,-46.7,25.2,238.5,0x20,405.002,5.3,1125,-1,2.6,,
2026-07-30T23:55:40.000Z,M20-403-2-02878,1469490940,43.95353,4.61213,11255.4,3.7,13.1,62.6,-46.8,25.2,238.4,0x20,405.002,7.3,1125,-1,2.6,,
2026-07-30T23:55:41.000Z,M20-403-2-02878,1469490941,43.95359,4.61228,11260.0,5.4,13.5,63.3,-46.8,25.1,238.2,0x20,405.002,8.5,1125,-1,2.6,,
2026-07-30T23:55:42.000Z,M20-403-2-02878,1469490942,43.95364,4.61243,11264.4,3.4,14.2,64.8,-46.8,25.1,238.1,0x20,405.002,8.5,1125,-1,2.5,,
2026-07-30T23:55:43.000Z,M20-403-2-02878,1469490943,43.95370,4.61259,11268.4,4.5,13.8,63.5,-46.9,25.0,237.9,0x20,405.002,10.3,1125,-1,2.5,,
2026-07-30T23:55:44.000Z,M20-403-2-02878,1469490944,43.95375,4.61274,11273.1,4.8,13.4,64.6,-46.9,25.0,237.8,0x20,405.002,10.3,1125,-1,2.5,,
2026-07-30T23:55:45.000Z,M20-403-2-02878,1469490945,43.95380,4.61290,11277.7,4.4,14.1,66.8,-46.9,24.9,237.6,0x20,405.002,9.5,1125,-1,2.6,,
2026-07-30T23:55:46.000Z,M20-403-2-02878,1469490946,43.95385,4.61306,11281.8,3.7,14.6,68.9,-47.0,24.9,237.5,0x20,405.002,9.5,1125,-1,2.5,,
2026-07-30T23:55:47.000Z,M20-403-2-02878,1469490947,43.95390,4.61323,11286.4,5.3,13.8,68.4,-47.0,24.9,237.3,0x20,405.002,7.4,1125,-1,2.5,,
2026-07-30T23:55:48.000Z,M20-403-2-02878,1469490948,43.95394,4.61338,11290.9,3.6,13.1,67.8,-47.0,24.8,237.2,0x20,405.002,8.8,1125,-1,2.6,,
2026-07-30T23:55:49.000Z,M20-403-2-02878,1469490949,43.95398,4.61354,11295.0,4.7,13.5,71.0,-47.0,24.8,237.0,0x20,405.002,8.8,1125,-1,2.5,,
2026-07-30T23:55:50.000Z,M20-403-2-02878,1469490950,43.95402,4.61370,11298.7,2.7,14.2,73.0,-47.0,24.7,236.8,0x20,405.002,3.7,1125,-1,2.5,,
2026-07-30T23:55:51.000Z,M20-403-2-02878,1469490951,43.95406,4.61387,11302.6,5.1,14.7,71.5,-47.0,24.7,236.7,0x20,405.002,3.4,1125,-1,2.5,,
2026-07-30T23:55:52.000Z,M20-403-2-02878,1469490952,43.95411,4.61404,11307.2,4.0,14.5,66.5,-47.0,24.7,236.6,0x20,405.002,3.5,1125,-1,2.5,,
2026-07-30T23:55:53.000Z,M20-403-2-02878,1469490953,43.95416,4.61421,11310.6,3.0,14.4,63.5,-47.0,24.6,236.4,0x20,405.002,7.3,1125,-1,2.5,,
2026-07-30T23:55:55.000Z,M20-403-2-02878,1469490955,43.95427,4.61455,11319.0,3.2,15.7,67.6,-47.0,24.5,236.1,0x20,405.002,10.8,1125,-1,2.5,,
2026-07-30T23:55:56.000Z,M20-403-2-02878,1469490956,43.95433,4.61473,11323.5,5.8,15.9,65.6,-47.0,24.5,235.9,0x20,405.002,10.8,1125,-1,2.5,,
2026-07-30T23:55:57.000Z,M20-403-2-02878,1469490957,43.95439,4.61491,11328.3,3.8,15.8,64.0,-46.9,24.5,235.8,0x20,405.002,8.7,1125,-1,2.5,,
2026-07-30T23:55:58.000Z,M20-403-2-02878,1469490958,43.95445,4.61509,11332.8,5.3,15.9,65.9,-46.9,24.4,235.6,0x20,405.002,8.7,1125,-1,2.5,,
2026-07-30T23:55:59.000Z,M20-403-2-02878,1469490959,43.95450,4.61527,11337.2,3.9,16.0,69.4,-47.0,24.4,235.5,0x20,405.002,8.4,1125,-1,2.5,,
2026-07-30T23:56:01.000Z,M20-403-2-02878,1469490961,43.95461,4.61563,11345.9,3.0,15.5,65.0,-47.0,24.3,235.1,0x20,405.002,7.6,1125,-1,2.5,,
2026-07-30T23:56:02.000Z,M20-403-2-02878,1469490962,43.95467,4.61581,11349.9,4.9,16.3,65.5,-47.0,24.2,235.0,0x20,405.002,7.6,1125,-1,2.5,,
2026-07-30T23:56:04.000Z,M20-403-2-02878,1469490964,43.95479,4.61619,11358.1,4.9,16.5,67.3,-47.1,24.1,234.7,0x20,405.002,3.1,1125,-1,2.5,,
2026-07-30T23:56:05.000Z,M20-403-2-02878,1469490965,43.95484,4.61638,11362.4,3.8,15.6,68.0,-47.1,24.1,234.5,0x20,405.002,8.0,1125,-1,2.5,,
2026-07-30T23:56:06.000Z,M20-403-2-02878,1469490966,43.95489,4.61656,11366.9,5.1,15.5,68.2,-47.1,24.1,234.4,0x20,405.002,8.2,1125,-1,2.5,,
2026-07-30T23:56:08.000Z,M20-403-2-02878,1469490968,43.95499,4.61693,11375.0,4.7,16.1,69.1,-47.1,24.0,234.1,0x20,405.002,8.2,1125,-1,2.5,,
2026-07-30T23:56:09.000Z,M20-403-2-02878,1469490969,43.95505,4.61711,11379.5,4.2,15.9,67.1,-47.2,23.9,233.9,0x20,405.002,8.8,1125,-1,2.5,,
2026-07-30T23:56:10.000Z,M20-403-2-02878,1469490970,43.95511,4.61729,11383.1,3.0,16.3,65.3,-47.2,23.9,233.8,0x20,405.002,8.9,1125,-1,2.5,,
2026-07-30T23:56:11.000Z,M20-403-2-02878,1469490971,43.95517,4.61748,11387.2,5.1,17.3,66.3,-47.2,23.8,233.6,0x20,405.002,8.9,1125,-1,2.5,,
2026-07-30T23:56:12.000Z,M20-403-2-02878,1469490972,43.95523,4.61768,11391.6,3.5,17.9,68.7,-47.2,23.8,233.5,0x20,405.002,7.5,1125,-1,2.5,,
2026-07-30T23:56:13.000Z,M20-403-2-02878,1469490973,43.95528,4.61789,11395.6,4.4,17.2,70.6,-47.2,23.8,233.3,0x20,405.002,8.7,1125,-1,2.5,,
2026-07-30T23:56:15.000Z,M20-403-2-02878,1469490975,43.95538,4.61827,11404.0,4.3,15.6,72.0,-47.3,23.7,233.0,0x20,405.002,5.7,1125,-1,2.5,,
2026-07-30T23:56:16.000Z,M20-403-2-02878,1469490976,43.95542,4.61846,11408.0,3.6,15.7,74.5,-47.3,23.6,232.9,0x20,405.002,3.8,1125,-1,2.5,,
2026-07-30T23:56:18.000Z,M20-403-2-02878,1469490978,43.95550,4.61884,11417.5,6.3,16.0,71.5,-47.3,23.6,232.6,0x20,405.002,5.0,1125,-1,2.5,,
2026-07-30T23:56:21.000Z,M20-403-2-02878,1469490981,43.95566,4.61943,11431.1,3.9,17.5,71.0,-47.4,23.4,232.1,0x20,405.002,7.3,1125,-1,2.5,,
2026-07-30T23:56:25.000Z,M20-403-2-02878,1469490985,43.95587,4.62023,11447.4,3.6,18.3,69.7,-47.5,23.3,231.5,0x20,405.002,7.3,1125,-1,2.5,,
2026-07-30T23:56:32.000Z,M20-403-2-02878,1469490992,43.95625,4.62171,11477.5,4.8,18.0,71.4,-47.6,22.9,230.4,0x20,405.002,6.6,1125,-1,2.5,,
2026-07-30T23:56:36.000Z,M20-403-2-02878,1469490996,43.95646,4.62256,11495.0,5.0,18.0,70.3,-47.5,22.6,229.8,0x20,405.002,6.2,1125,-1,2.5,,
2026-07-30T23:56:44.000Z,M20-403-2-02878,1469491004,43.95684,4.62424,11529.8,5.1,17.3,73.3,-47.7,22.1,228.6,0x20,405.002,4.2,1125,-1,2.5,,
2026-07-30T23:56:51.000Z,M20-403-2-02878,1469491011,43.95719,4.62573,11560.7,5.8,18.0,75.0,-47.9,21.8,227.5,0x20,405.002,8.1,1125,-1,2.5,,
2026-07-30T23:56:56.000Z,M20-403-2-02878,1469491016,43.95739,4.62679,11583.2,3.7,17.2,73.5,-48.1,21.5,226.7,0x20,405.002,3.6,1125,-1,2.5,,
2026-07-30T23:56:58.000Z,M20-403-2-02878,1469491018,43.95748,4.62721,11591.6,3.5,18.5,73.6,-48.2,21.5,226.4,0x20,405.002,5.6,1125,-1,2.5,,
2026-07-30T23:57:06.000Z,M20-403-2-02878,1469491026,43.95785,4.62893,11626.2,4.8,19.1,66.7,-48.1,21.1,225.2,0x20,405.002,5.9,1125,-1,2.5,,
2026-07-30T23:57:11.000Z,M20-403-2-02878,1469491031,43.95819,4.63004,11646.2,5.0,18.6,76.9,-47.7,20.8,224.5,0x20,405.002,7.5,1125,-1,2.5,,
2026-07-30T23:57:14.000Z,M20-403-2-02878,1469491034,43.95830,4.63077,11658.0,3.7,20.7,74.0,-47.7,20.6,224.1,0x20,405.002,8.2,1125,-1,2.5,,
2026-07-30T23:57:15.000Z,M20-403-2-02878,1469491035,43.95835,4.63102,11662.8,5.9,21.1,72.1,-47.7,20.5,223.9,0x20,405.002,8.3,1125,-1,2.5,,
2026-07-30T23:57:17.000Z,M20-403-2-02878,1469491037,43.95847,4.63152,11671.4,4.7,21.1,71.0,-47.7,20.3,223.6,0x20,405.002,8.7,1125,-1,2.5,,
2026-07-30T23:57:18.000Z,M20-403-2-02878,1469491038,43.95853,4.63176,11675.8,4.4,20.6,69.4,-47.7,20.2,223.5,0x20,405.002,8.7,1125,-1,2.5,,
2026-07-30T23:57:19.000Z,M20-403-2-02878,1469491039,43.95860,4.63200,11680.3,4.6,20.1,70.8,-47.7,20.2,223.3,0x20,405.002,9.1,1125,-1,2.5,,
2026-07-30T23:57:21.000Z,M20-403-2-02878,1469491041,43.95869,4.63248,11689.5,3.4,19.8,78.3,-47.7,20.0,223.0,0x20,405.002,3.3,1125,-1,2.5,,
2026-07-30T23:57:22.000Z,M20-403-2-02878,1469491042,43.95873,4.63272,11693.8,5.1,19.7,76.6,-47.7,19.9,222.8,0x20,405.002,3.3,1125,-1,2.5,,
2026-07-30T23:57:23.000Z,M20-403-2-02878,1469491043,43.95877,4.63296,11698.5,4.5,20.0,74.1,-47.7,19.8,222.7,0x20,405.002,5.8,1125,-1,2.5,,
2026-07-30T23:57:26.000Z,M20-403-2-02878,1469491046,43.95893,4.63371,11712.1,4.4,21.3,70.9,-47.7,19.5,222.2,0x20,405.002,7.1,1125,-1,2.5,,
2026-07-30T23:57:27.000Z,M20-403-2-02878,1469491047,43.95899,4.63396,11716.3,4.0,22.0,68.9,-47.7,19.4,222.1,0x20,405.002,9.1,1125,-1,2.5,,
2026-07-30T23:57:28.000Z,M20-403-2-02878,1469491048,43.95906,4.63422,11721.1,5.5,22.9,70.8,-47.7,19.3,221.9,0x20,405.002,9.1,1125,-1,2.5,,
2026-07-30T23:57:29.000Z,M20-403-2-02878,1469491049,43.95913,4.63449,11726.0,4.0,23.1,73.2,-47.7,19.2,221.8,0x20,405.002,8.9,1125,-1,2.5,,
2026-07-30T23:57:30.000Z,M20-403-2-02878,1469491050,43.95919,4.63476,11730.0,4.2,22.5,73.6,-47.7,19.1,221.6,0x20,405.002,8.8,1125,-1,2.5,,
2026-07-30T23:57:31.000Z,M20-403-2-02878,1469491051,43.95924,4.63503,11734.4,4.7,22.2,73.4,-47.7,19.1,221.5,0x20,405.002,9.0,1125,-1,2.5,,
2026-07-30T23:57:32.000Z,M20-403-2-02878,1469491052,43.95930,4.63530,11739.0,4.6,22.8,74.7,-47.7,19.0,221.3,0x20,405.002,9.9,1125,-1,2.5,,
2026-07-30T23:57:33.000Z,M20-403-2-02878,1469491053,43.95935,4.63558,11743.5,4.3,23.1,75.1,-47.6,18.9,221.2,0x20,405.002,9.9,1125,-1,2.5,,
2026-07-30T23:57:34.000Z,M20-403-2-02878,1469491054,43.95941,4.63585,11748.2,5.0,22.7,73.7,-47.5,18.8,221.0,0x20,405.002,3.6,1125,-1,2.5,,
2026-07-30T23:57:35.000Z,M20-403-2-02878,1469491055,43.95947,4.63612,11752.7,3.9,22.3,72.5,-47.5,18.7,220.8,0x20,405.002,3.8,1125,-1,2.5,,
2026-07-30T23:57:36.000Z,M20-403-2-02878,1469491056,43.95953,4.63639,11757.0,4.7,23.4,73.5,-47.4,18.6,220.7,0x20,405.002,8.2,1125,-1,2.5,,
2026-07-30T23:57:37.000Z,M20-403-2-02878,1469491057,43.95959,4.63668,11761.2,3.8,24.2,74.1,-47.4,18.5,220.6,0x20,405.002,8.2,1125,-1,2.5,,
2026-07-30T23:57:38.000Z,M20-403-2-02878,1469491058,43.95965,4.63696,11765.8,5.5,24.4,71.4,-47.4,18.4,220.4,0x20,405.002,7.1,1125,-1,2.5,,
2026-07-30T23:57:39.000Z,M20-403-2-02878,1469491059,43.95972,4.63725,11770.6,4.0,23.8,70.1,-47.3,18.3,220.2,0x20,405.002,9.3,1125,-1,2.5,,
2026-07-30T23:57:40.000Z,M20-403-2-02878,1469491060,43.95979,4.63753,11775.4,5.4,24.1,73.1,-47.3,18.3,220.1,0x20,405.002,9.6,1125,-1,2.5,,
2026-07-30T23:57:41.000Z,M20-403-2-02878,1469491061,43.95985,4.63782,11780.2,4.2,24.3,75.4,-47.3,18.2,219.9,0x20,405.002,10.7,1125,-1,2.5,,
2026-07-30T23:57:42.000Z,M20-403-2-02878,1469491062,43.95991,4.63811,11784.8,4.8,24.0,74.3,-47.3,18.1,219.8,0x20,405.002,10.7,1125,-1,2.5,,
2026-07-30T23:57:43.000Z,M20-403-2-02878,1469491063,43.95997,4.63840,11789.3,4.2,23.8,73.4,-47.3,18.0,219.6,0x20,405.002,10.1,1125,-1,2.5,,
2026-07-30T23:57:44.000Z,M20-403-2-02878,1469491064,43.96003,4.63868,11794.0,5.0,24.2,75.1,-47.3,17.9,219.4,0x20,405.002,7.8,1125,-1,2.5,,
2026-07-30T23:57:45.000Z,M20-403-2-02878,1469491065,43.96008,4.63898,11798.6,4.2,24.7,76.1,-47.3,17.8,219.3,0x20,405.002,8.6,1125,-1,2.5,,
2026-07-30T23:57:46.000Z,M20-403-2-02878,1469491066,43.96014,4.63928,11803.5,5.4,25.0,74.1,-47.3,17.7,219.1,0x20,405.002,8.6,1125,-1,2.5,,
2026-07-30T23:57:48.000Z,M20-403-2-02878,1469491068,43.96027,4.63987,11812.1,5.7,24.7,73.4,-47.3,17.6,218.8,0x20,405.002,3.4,1125,-1,2.5,,
2026-07-30T23:57:50.000Z,M20-403-2-02878,1469491070,43.96038,4.64046,11821.9,5.4,24.3,75.0,-47.3,17.4,218.5,0x20,405.002,8.7,1125,-1,2.5,,
2026-07-30T23:57:51.000Z,M20-403-2-02878,1469491071,43.96044,4.64075,11826.4,3.6,24.4,73.6,-47.3,17.3,218.4,0x20,405.002,8.7,1125,-1,2.5,,
2026-07-30T23:57:52.000Z,M20-403-2-02878,1469491072,43.96050,4.64105,11831.0,5.6,25.3,75.1,-47.3,17.2,218.2,0x20,405.002,9.3,1125,-1,2.5,,
2026-07-30T23:57:53.000Z,M20-403-2-02878,1469491073,43.96056,4.64136,11835.6,3.8,26.1,76.6,-47.3,17.2,218.1,0x20,405.002,9.9,1125,-1,2.5,,
2026-07-30T23:57:54.000Z,M20-403-2-02878,1469491074,43.96062,4.64167,11840.2,5.6,26.1,75.4,-47.4,17.1,217.9,0x20,405.002,9.9,1125,-1,2.5,,
2026-07-30T23:57:55.000Z,M20-403-2-02878,1469491075,43.96068,4.64198,11844.9,3.8,25.5,74.0,-47.4,17.0,217.8,0x20,405.002,7.4,1125,-1,2.5,,
2026-07-30T23:57:56.000Z,M20-403-2-02878,1469491076,43.96074,4.64229,11849.3,5.0,25.3,75.8,-47.4,16.9,217.6,0x20,405.002,10.7,1125,-1,2.5,,
2026-07-30T23:57:57.000Z,M20-403-2-02878,1469491077,43.96079,4.64259,11853.5,3.4,25.2,77.8,-47.4,16.8,217.5,0x20,405.002,10.7,1125,-1,2.5,,
2026-07-30T23:57:58.000Z,M20-403-2-02878,1469491078,43.96084,4.64289,11857.7,5.2,24.5,78.1,-47.5,16.7,217.4,0x20,405.002,8.8,1125,-1,2.5,,
2026-07-30T23:57:59.000Z,M20-403-2-02878,1469491079,43.96088,4.64319,11862.1,3.7,23.7,77.3,-47.5,16.7,217.2,0x20,405.002,9.1,1125,-1,2.5,,
2026-07-30T23:58:00.000Z,M20-403-2-02878,1469491080,43.96093,4.64347,11866.1,4.2,23.9,77.3,-47.5,16.6,217.1,0x20,405.002,3.8,1125,-1,2.5,,
2026-07-30T23:58:01.000Z,M20-403-2-02878,1469491081,43.96097,4.64377,11870.5,4.8,24.6,78.5,-47.5,16.5,216.9,0x20,405.002,3.4,1125,-1,2.5,,
2026-07-30T23:58:03.000Z,M20-403-2-02878,1469491083,43.96107,4.64439,11879.9,5.2,26.0,75.4,-47.6,16.4,216.6,0x20,405.002,8.5,1125,-1,2.5,,
2026-07-30T23:58:04.000Z,M20-403-2-02878,1469491084,43.96113,4.64470,11884.2,3.3,26.0,73.8,-47.6,16.3,216.5,0x20,405.002,8.5,1125,-1,2.5,,
2026-07-30T23:58:05.000Z,M20-403-2-02878,1469491085,43.96119,4.64501,11888.3,5.0,26.3,75.1,-47.6,16.2,216.3,0x20,405.002,9.2,1125,-1,2.5,,
2026-07-30T23:58:06.000Z,M20-403-2-02878,1469491086,43.96125,4.64533,11893.0,4.3,26.6,76.5,-47.7,16.2,216.1,0x20,405.002,9.2,1125,-1,2.5,,
2026-07-30T23:58:07.000Z,M20-403-2-02878,1469491087,43.96131,4.64565,11898.0,5.7,26.4,76.0,-47.7,16.1,216.0,0x20,405.002,9.1,1125,-1,2.5,,
2026-07-30T23:58:08.000Z,M20-403-2-02878,1469491088,43.96137,4.64597,11902.9,4.2,26.2,75.2,-47.7,16.0,215.8,0x20,405.002,8.8,1125,-1,2.5,,
2026-07-30T23:58:09.000Z,M20-403-2-02878,1469491089,43.96142,4.64628,11907.4,4.9,26.3,76.9,-47.8,15.9,215.7,0x20,405.002,10.6,1125,-1,2.5,,
2026-07-30T23:58:10.000Z,M20-403-2-02878,1469491090,43.96147,4.64661,11911.5,3.3,26.9,79.3,-47.8,15.9,215.6,0x20,405.002,10.6,1125,-1,2.5,,
2026-07-30T23:58:11.000Z,M20-403-2-02878,1469491091,43.96152,4.64694,11915.6,5.0,27.4,78.3,-47.8,15.8,215.4,0x20,405.002,8.5,1125,-1,2.5,,
2026-07-30T23:58:12.000Z,M20-403-2-02878,1469491092,43.96158,4.64727,11919.4,2.7,27.4,75.6,-47.9,15.8,215.3,0x20,405.002,7.6,1125,-1,2.5,,
2026-07-30T23:58:13.000Z,M20-403-2-02878,1469491093,43.96163,4.64760,11923.1,4.7,26.6,76.9,-47.9,15.7,215.1,0x20,405.002,3.3,1125,-1,2.5,,
2026-07-30T23:58:14.000Z,M20-403-2-02878,1469491094,43.96168,4.64792,11927.5,3.6,25.7,79.6,-47.9,15.6,215.0,0x20,405.002,3.3,1125,-1,2.5,,
2026-07-30T23:58:15.000Z,M20-403-2-02878,1469491095,43.96172,4.64823,11931.9,5.1,25.1,80.2,-47.9,15.6,214.8,0x20,405.002,9.5,1125,-1,2.5,,
2026-07-30T23:58:16.000Z,M20-403-2-02878,1469491096,43.96176,4.64854,11936.4,3.8,25.3,78.5,-48.0,15.5,214.7,0x20,405.002,9.5,1125,-1,2.5,,
2026-07-30T23:58:17.000Z,M20-403-2-02878,1469491097,43.96181,4.64885,11940.9,5.1,25.6,78.1,-48.0,15.5,214.5,0x20,405.002,9.5,1125,-1,2.5,,
2026-07-30T23:58:18.000Z,M20-403-2-02878,1469491098,43.96185,4.64916,11945.7,3.9,26.0,79.4,-48.0,15.4,214.4,0x20,405.002,10.0,1125,-1,2.5,,
2026-07-30T23:58:19.000Z,M20-403-2-02878,1469491099,43.96190,4.64949,11950.4,5.4,27.4,79.4,-48.0,15.3,214.2,0x20,405.002,10.0,1125,-1,2.5,,
2026-07-30T23:58:20.000Z,M20-403-2-02878,1469491100,43.96194,4.64982,11954.7,3.0,28.1,78.4,-48.1,15.3,214.1,0x20,405.002,10.1,1125,-1,2.5,,
2026-07-30T23:58:21.000Z,M20-403-2-02878,1469491101,43.96199,4.65017,11958.6,4.5,28.4,79.7,-48.1,15.2,214.0,0x20,405.002,10.1,1125,-1,2.5,,
2026-07-30T23:58:22.000Z,M20-403-2-02878,1469491102,43.96203,4.65051,11963.0,4.3,27.5,81.6,-48.1,15.2,213.8,0x20,405.002,11.4,1125,-1,2.5,,
2026-07-30T23:58:23.000Z,M20-403-2-02878,1469491103,43.96207,4.65084,11967.1,3.8,26.4,82.0,-48.0,15.1,213.7,0x20,405.002,11.4,1125,-1,2.5,,
2026-07-30T23:58:24.000Z,M20-403-2-02878,1469491104,43.96210,4.65116,11971.6,5.3,25.2,79.3,-48.0,15.1,213.5,0x20,405.002,6.7,1125,-1,2.5,,
2026-07-30T23:58:25.000Z,M20-403-2-02878,1469491105,43.96215,4.65146,11975.9,2.9,24.9,77.3,-48.0,15.0,213.4,0x20,405.002,6.7,1125,-1,2.5,,
2026-07-30T23:58:26.000Z,M20-403-2-02878,1469491106,43.96220,4.65177,11979.5,4.2,24.7,77.8,-47.9,14.9,213.3,0x20,405.002,6.7,1125,-1,2.5,,
2026-07-30T23:58:27.000Z,M20-403-2-02878,1469491107,43.96224,4.65207,11983.3,3.6,25.0,80.8,-47.9,14.9,213.2,0x20,405.002,3.0,1125,-1,2.5,,
2026-07-30T23:58:28.000Z,M20-403-2-02878,1469491108,43.96227,4.65238,11987.3,4.3,26.2,81.4,-47.9,14.8,213.0,0x20,405.002,7.4,1125,-1,2.5,,
2026-07-30T23:58:29.000Z,M20-403-2-02878,1469491109,43.96231,4.65271,11991.2,3.6,27.2,79.4,-47.8,14.8,212.9,0x20,405.002,11.0,1125,-1,2.5,,
2026-07-30T23:58:30.000Z,M20-403-2-02878,1469491110,43.96236,4.65305,11995.3,4.4,27.5,79.1,-47.9,14.7,212.7,0x20,405.002,11.8,1125,-1,2.5,,
2026-07-30T23:58:31.000Z,M20-403-2-02878,1469491111,43.96240,4.65338,11999.6,4.1,27.5,80.6,-47.8,14.7,212.6,0x20,405.002,11.8,1125,-1,2.5,,
2026-07-30T23:58:32.000Z,M20-403-2-02878,1469491112,43.96244,4.65372,12004.1,4.8,26.7,80.8,-47.9,14.6,212.4,0x20,405.002,10.4,1125,-1,2.5,,
2026-07-30T23:58:33.000Z,M20-403-2-02878,1469491113,43.96248,4.65404,12008.9,4.4,26.0,79.0,-47.9,14.6,212.3,0x20,405.002,9.4,1125,-1,2.5,,
2026-07-30T23:58:34.000Z,M20-403-2-02878,1469491114,43.96253,4.65435,12013.4,4.5,25.3,78.9,-47.8,14.5,212.2,0x20,405.002,9.4,1125,-1,2.5,,
2026-07-30T23:58:35.000Z,M20-403-2-02878,1469491115,43.96257,4.65466,12018.0,4.4,25.3,80.6,-47.9,14.4,212.0,0x20,405.002,9.5,1125,-1,2.5,,
2026-07-30T23:58:37.000Z,M20-403-2-02878,1469491117,43.96264,4.65529,12027.2,4.0,25.8,80.0,-47.8,14.3,211.7,0x20,405.002,8.0,1125,-1,2.5,,
2026-07-30T23:58:38.000Z,M20-403-2-02878,1469491118,43.96268,4.65561,12031.7,5.0,26.6,79.8,-47.8,14.3,211.6,0x20,405.002,4.1,1125,-1,2.5,,
2026-07-30T23:58:39.000Z,M20-403-2-02878,1469491119,43.96272,4.65594,12035.7,2.8,27.5,81.3,-47.8,14.2,211.4,0x20,405.002,3.8,1125,-1,2.5,,
2026-07-30T23:58:40.000Z,M20-403-2-02878,1469491120,43.96276,4.65628,12039.9,5.4,27.6,81.6,-47.8,14.2,211.3,0x20,405.002,3.8,1125,-1,2.5,,
2026-07-30T23:58:41.000Z,M20-403-2-02878,1469491121,43.96280,4.65662,12044.1,3.0,27.5,80.7,-47.8,14.1,211.2,0x20,405.002,8.7,1125,-1,2.5,,
2026-07-30T23:58:42.000Z,M20-403-2-02878,1469491122,43.96283,4.65695,12047.9,4.6,26.7,80.7,-47.8,14.1,211.0,0x20,405.002,10.0,1125,-1,2.5,,
2026-07-30T23:58:43.000Z,M20-403-2-02878,1469491123,43.96287,4.65728,12052.3,4.0,26.8,83.2,-47.8,14.0,210.9,0x20,405.002,10.0,1125,-1,2.5,,
2026-07-30T23:58:44.000Z,M20-403-2-02878,1469491124,43.96290,4.65761,12056.7,4.7,26.0,82.3,-47.8,13.9,210.7,0x20,405.002,10.5,1125,-1,2.5,,
2026-07-30T23:58:45.000Z,M20-403-2-02878,1469491125,43.96293,4.65793,12061.0,3.8,26.0,80.8,-47.8,13.9,210.6,0x20,405.002,10.5,1125,-1,2.5,,
2026-07-30T23:58:46.000Z,M20-403-2-02878,1469491126,43.96297,4.65825,12065.2,4.5,26.0,79.7,-47.8,13.8,210.5,0x20,405.002,12.0,1125,-1,2.5,,
2026-07-30T23:58:47.000Z,M20-403-2-02878,1469491127,43.96301,4.65857,12069.5,4.1,26.8,81.5,-47.9,13.8,210.3,0x20,405.002,12.0,1125,-1,2.5,,
2026-07-30T23:58:48.000Z,M20-403-2-02878,1469491128,43.96305,4.65890,12073.2,3.2,27.1,82.1,-47.9,13.7,210.2,0x20,405.002,9.6,1125,-1,2.5,,
2026-07-30T23:58:49.000Z,M20-403-2-02878,1469491129,43.96308,4.65924,12077.0,4.3,27.7,81.1,-47.9,13.7,210.1,0x20,405.002,9.5,1125,-1,2.5,,
2026-07-30T23:58:50.000Z,M20-403-2-02878,1469491130,43.96312,4.65958,12081.1,3.6,27.1,80.2,-47.9,13.6,209.9,0x20,405.002,8.9,1125,-1,2.5,,
2026-07-30T23:58:51.000Z,M20-403-2-02878,1469491131,43.96317,4.65991,12085.0,3.8,27.4,78.4,-47.9,13.6,209.8,0x20,405.002,7.8,1125,-1,2.5,,
2026-07-30T23:58:52.000Z,M20-403-2-02878,1469491132,43.96321,4.66026,12088.7,3.6,28.5,80.4,-47.9,13.5,209.7,0x20,405.002,4.3,1125,-1,2.5,,
2026-07-30T23:58:53.000Z,M20-403-2-02878,1469491133,43.96325,4.66061,12091.9,2.7,28.4,82.0,-47.9,13.5,209.6,0x20,405.002,4.3,1125,-1,2.5,,
2026-07-30T23:58:54.000Z,M20-403-2-02878,1469491134,43.96328,4.66095,12095.7,4.8,27.3,82.7,-48.0,13.4,209.4,0x20,405.002,9.2,1125,-1,2.5,,
2026-07-30T23:58:55.000Z,M20-403-2-02878,1469491135,43.96332,4.66128,12100.2,3.6,26.5,83.1,-48.0,13.3,209.3,0x20,405.002,9.2,1125,-1,2.5,,
2026-07-30T23:58:56.000Z,M20-403-2-02878,1469491136,43.96334,4.66161,12103.9,4.0,26.5,83.0,-48.0,13.3,209.2,0x20,405.002,8.7,1125,-1,2.5,,
2026-07-30T23:58:57.000Z,M20-403-2-02878,1469491137,43.96337,4.66194,12108.5,4.9,27.2,82.6,-48.0,13.3,209.0,0x20,405.002,8.7,1125,-1,2.5,,
2026-07-30T23:58:58.000Z,M20-403-2-02878,1469491138,43.96341,4.66228,12113.4,4.7,27.5,82.2,-48.0,13.2,208.9,0x20,405.002,8.6,1125,-1,2.5,,
2026-07-30T23:58:59.000Z,M20-403-2-02878,1469491139,43.96344,4.66261,12118.5,5.2,27.1,82.1,-48.1,13.2,208.8,0x20,405.002,9.1,1125,-1,2.5,,
2026-07-30T23:59:01.000Z,M20-403-2-02878,1469491141,43.96351,4.66328,12127.3,4.8,27.6,80.6,-48.0,13.0,208.5,0x20,405.002,8.0,1125,-1,2.5,,
2026-07-30T23:59:02.000Z,M20-403-2-02878,1469491142,43.96355,4.66362,12131.7,3.8,28.2,80.9,-48.1,13.0,208.3,0x20,405.002,10.8,1125,-1,2.5,,
2026-07-30T23:59:04.000Z,M20-403-2-02878,1469491144,43.96362,4.66430,12140.2,3.0,26.7,84.6,-48.1,12.9,208.1,0x20,405.002,3.5,1125,-1,2.5,,
2026-07-30T23:59:05.000Z,M20-403-2-02878,1469491145,43.96364,4.66464,12144.4,5.2,27.1,85.2,-48.1,12.9,208.0,0x20,405.002,3.5,1125,-1,2.5,,
2026-07-30T23:59:06.000Z,M20-403-2-02878,1469491146,43.96366,4.66498,12149.1,3.9,27.8,85.5,-48.2,12.8,207.8,0x20,405.002,4.0,1125,-1,2.5,,
2026-07-30T23:59:07.000Z,M20-403-2-02878,1469491147,43.96368,4.66532,12153.8,5.6,26.8,84.1,-48.2,12.7,207.7,0x20,405.002,7.4,1125,-1,2.5,,
2026-07-30T23:59:08.000Z,M20-403-2-02878,1469491148,43.96370,4.66564,12158.2,3.3,26.3,83.7,-48.2,12.7,207.6,0x20,405.002,8.5,1125,-1,2.5,,
2026-07-30T23:59:09.000Z,M20-403-2-02878,1469491149,43.96373,4.66597,12161.9,4.5,26.4,82.0,-48.2,12.7,207.4,0x20,405.002,9.3,1125,-1,2.5,,
2026-07-30T23:59:10.000Z,M20-403-2-02878,1469491150,43.96377,4.66630,12165.7,3.4,27.2,81.2,-48.2,12.6,207.3,0x20,405.002,10.9,1125,-1,2.5,,
2026-07-30T23:59:11.000Z,M20-403-2-02878,1469491151,43.96381,4.66663,12169.7,4.8,27.1,81.5,-48.3,12.5,207.2,0x20,405.002,10.9,1125,-1,2.5,,
2026-07-30T23:59:12.000Z,M20-403-2-02878,1469491152,43.96384,4.66696,12174.3,4.4,26.3,82.9,-48.3,12.5,207.0,0x20,405.002,10.8,1125,-1,2.5,,
2026-07-30T23:59:13.000Z,M20-403-2-02878,1469491153,43.96387,4.66728,12178.6,4.6,26.2,84.2,-48.3,12.5,206.9,0x20,405.002,10.8,1125,-1,2.5,,
2026-07-30T23:59:14.000Z,M20-403-2-02878,1469491154,43.96389,4.66761,12182.7,3.8,26.6,84.1,-48.4,12.4,206.8,0x20,405.002,10.4,1125,-1,2.5,,
2026-07-30T23:59:15.000Z,M20-403-2-02878,1469491155,43.96392,4.66794,12187.1,5.3,26.7,84.2,-48.4,12.4,206.6,0x20,405.002,12.1,1125,-1,2.5,,
2026-07-30T23:59:16.000Z,M20-403-2-02878,1469491156,43.96394,4.66827,12191.5,3.5,26.0,83.5,-48.4,12.3,206.5,0x20,405.002,12.1,1125,-1,2.5,,
2026-07-30T23:59:17.000Z,M20-403-2-02878,1469491157,43.96397,4.66859,12195.2,4.2,26.0,80.8,-48.4,12.3,206.3,0x20,405.002,7.9,1125,-1,2.5,,
2026-07-30T23:59:18.000Z,M20-403-2-02878,1469491158,43.96401,4.66891,12199.4,3.7,26.6,80.2,-48.5,12.3,206.2,0x20,405.002,3.3,1125,-1,2.5,,
2026-07-30T23:59:19.000Z,M20-403-2-02878,1469491159,43.96406,4.66923,12203.3,4.1,26.5,78.6,-48.5,12.2,206.1,0x20,405.002,3.1,1125,-1,2.5,,
2026-07-30T23:59:20.000Z,M20-403-2-02878,1469491160,43.96410,4.66955,12207.8,4.8,25.5,79.3,-48.5,12.2,205.9,0x20,405.002,7.3,1125,-1,2.5,,
2026-07-30T23:59:21.000Z,M20-403-2-02878,1469491161,43.96414,4.66986,12211.6,3.1,24.6,80.0,-48.6,12.2,205.8,0x20,405.002,7.9,1125,-1,2.5,,
2026-07-30T23:59:22.000Z,M20-403-2-02878,1469491162,43.96418,4.67016,12215.6,5.2,25.3,80.5,-48.6,12.1,205.7,0x20,405.002,9.8,1125,-1,2.5,,
2026-07-30T23:59:23.000Z,M20-403-2-02878,1469491163,43.96422,4.67048,12220.1,4.0,25.9,81.3,-48.6,12.1,205.6,0x20,405.002,9.8,1125,-1,2.5,,
2026-07-30T23:59:24.000Z,M20-403-2-02878,1469491164,43.96425,4.67080,12224.0,4.0,25.8,82.3,-48.6,12.1,205.4,0x20,405.002,9.6,1125,-1,2.5,,
2026-07-30T23:59:25.000Z,M20-403-2-02878,1469491165,43.96428,4.67112,12227.6,3.3,26.0,83.9,-48.6,12.0,205.3,0x20,405.002,11.7,1125,-1,2.5,,
2026-07-30T23:59:26.000Z,M20-403-2-02878,1469491166,43.96431,4.67145,12231.9,5.2,27.0,83.5,-48.6,12.0,205.2,0x20,405.002,11.7,1125,-1,2.5,,
2026-07-30T23:59:27.000Z,M20-403-2-02878,1469491167,43.96433,4.67178,12236.2,3.8,27.5,82.6,-48.6,12.0,205.0,0x20,405.002,11.1,1125,-1,2.5,,
2026-07-30T23:59:28.000Z,M20-403-2-02878,1469491168,43.96437,4.67212,12240.8,5.5,27.0,80.6,-48.6,11.9,204.9,0x20,405.002,11.1,1125,-1,2.5,,
2026-07-30T23:59:29.000Z,M20-403-2-02878,1469491169,43.96441,4.67244,12245.2,3.2,25.7,78.6,-48.6,11.9,204.8,0x20,405.002,8.9,1125,-1,2.5,,
2026-07-30T23:59:30.000Z,M20-403-2-02878,1469491170,43.96446,4.67275,12249.3,5.3,26.2,77.9,-48.6,11.9,204.6,0x20,405.002,6.6,1125,-1,2.5,,
2026-07-30T23:59:31.000Z,M20-403-2-02878,1469491171,43.96451,4.67308,12253.7,3.6,27.0,78.9,-48.6,11.8,204.5,0x20,405.002,3.0,1125,-1,2.5,,
2026-07-30T23:59:32.000Z,M20-403-2-02878,1469491172,43.96455,4.67341,12258.1,5.4,26.8,81.6,-48.5,11.8,204.4,0x20,405.002,3.5,1125,-1,2.5,,
2026-07-30T23:59:33.000Z,M20-403-2-02878,1469491173,43.96458,4.67374,12262.5,3.9,26.5,83.6,-48.5,11.7,204.2,0x20,405.002,6.1,1125,-1,2.5,,
2026-07-30T23:59:34.000Z,M20-403-2-02878,1469491174,43.96461,4.67407,12266.5,4.5,27.4,84.3,-48.4,11.7,204.1,0x20,405.002,10.9,1125,-1,2.5,,
2026-07-30T23:59:35.000Z,M20-403-2-02878,1469491175,43.96463,4.67441,12270.1,3.0,28.5,84.3,-48.4,11.7,204.0,0x20,405.002,11.7,1125,-1,2.5,,
2026-07-30T23:59:36.000Z,M20-403-2-02878,1469491176,43.96466,4.67477,12274.1,4.8,28.8,84.3,-48.4,11.7,203.9,0x20,405.002,11.7,1125,-1,2.5,,
2026-07-30T23:59:37.000Z,M20-403-2-02878,1469491177,43.96468,4.67512,12278.3,3.6,27.9,84.0,-48.3,11.8,203.7,0x20,405.002,12.2,1125,-1,2.5,,
2026-07-30T23:59:38.000Z,M20-403-2-02878,1469491178,43.96471,4.67546,12281.8,4.0,27.6,83.3,-48.3,11.8,203.6,0x20,405.002,12.2,1125,-1,2.5,,
2026-07-30T23:59:39.000Z,M20-403-2-02878,1469491179,43.96474,4.67581,12285.9,4.3,27.9,81.8,-48.2,11.8,203.5,0x20,405.002,12.2,1125,-1,2.5,,
2026-07-30T23:59:40.000Z,M20-403-2-02878,1469491180,43.96478,4.67615,12290.2,4.2,28.3,79.7,-48.2,11.8,203.3,0x20,405.002,11.4,1125,-1,2.5,,
2026-07-30T23:59:41.000Z,M20-403-2-02878,1469491181,43.96484,4.67649,12294.5,4.6,27.3,76.1,-48.2,11.7,203.2,0x20,405.002,11.9,1125,-1,2.5,,
2026-07-30T23:59:42.000Z,M20-403-2-02878,1469491182,43.96490,4.67682,12298.6,3.6,26.9,75.0,-48.2,11.7,203.1,0x20,405.002,11.9,1125,-1,2.5,,
2026-07-30T23:59:43.000Z,M20-403-2-02878,1469491183,43.96496,4.67714,12302.9,4.9,27.3,76.8,-48.2,11.6,202.9,0x20,405.002,11.9,1125,-1,2.5,,
2026-07-30T23:59:44.000Z,M20-403-2-02878,1469491184,43.96501,4.67748,12307.2,4.2,27.7,79.3,-48.3,11.6,202.8,0x20,405.002,10.4,1125,-1,2.5,,
2026-07-30T23:59:45.000Z,M20-403-2-02878,1469491185,43.96505,4.67781,12311.1,3.9,27.1,80.6,-48.3,11.5,202.7,0x20,405.002,3.3,1125,-1,2.5,,
2026-07-30T23:59:46.000Z,M20-403-2-02878,1469491186,43.96509,4.67815,12315.5,5.2,27.2,82.5,-48.3,11.5,202.6,0x20,405.002,4.8,1125,-1,2.5,,
2026-07-30T23:59:47.000Z,M20-403-2-02878,1469491187,43.96512,4.67849,12319.9,3.6,28.0,83.2,-48.3,11.4,202.4,0x20,405.002,9.1,1125,-1,2.5,,
2026-07-30T23:59:48.000Z,M20-403-2-02878,1469491188,43.96515,4.67884,12323.6,3.8,28.6,83.0,-48.3,11.3,202.3,0x20,405.002,9.2,1125,-1,2.5,,
2026-07-30T23:59:49.000Z,M20-403-2-02878,1469491189,43.96518,4.67919,12327.9,4.8,28.4,80.3,-48.3,11.3,202.2,0x20,405.002,9.2,1125,-1,2.5,,
2026-07-30T23:59:50.000Z,M20-403-2-02878,1469491190,43.96523,4.67954,12332.6,4.8,28.8,77.8,-48.4,11.3,202.0,0x20,405.002,10.0,1125,-1,2.5,,
2026-07-30T23:59:51.000Z,M20-403-2-02878,1469491191,43.96529,4.67990,12337.0,3.9,29.7,78.0,-48.4,11.2,201.8,0x20,405.002,10.5,1125,-1,2.5,,
2026-07-30T23:59:52.000Z,M20-403-2-02878,1469491192,43.96534,4.68026,12341.2,4.3,30.2,78.3,-48.4,11.2,201.7,0x20,405.002,11.2,1125,-1,2.5,,
2026-07-30T23:59:53.000Z,M20-403-2-02878,1469491193,43.96540,4.68062,12345.4,4.0,29.9,77.5,-48.4,11.2,201.6,0x20,405.002,11.2,1125,-1,2.5,,
2026-07-30T23:59:54.000Z,M20-403-2-02878,1469491194,43.96546,4.68099,12349.6,4.5,29.6,78.3,-48.4,11.1,201.5,0x20,405.002,10.1,1125,-1,2.5,,
2026-07-30T23:59:55.000Z,M20-403-2-02878,1469491195,43.96550,4.68135,12354.1,4.6,29.7,81.0,-48.4,11.1,201.3,0x20,405.002,10.1,1125,-1,2.5,,
2026-07-30T23:59:56.000Z,M20-403-2-02878,1469491196,43.96554,4.68171,12357.7,2.5,29.5,83.0,-48.4,11.0,201.2,0x20,405.002,9.9,1125,-1,2.5,,
2026-07-30T23:59:57.000Z,M20-403-2-02878,1469491197,43.96557,4.68207,12361.4,4.8,28.6,83.5,-48.3,11.0,201.1,0x20,405.002,4.0,1125,-1,2.5,,
2026-07-30T23:59:58.000Z,M20-403-2-02878,1469491198,43.96560,4.68242,12365.9,4.2,27.7,81.3,-48.3,11.0,201.0,0x20,405.002,3.0,1125,-1,2.5,,
2026-07-30T23:59:59.000Z,M20-403-2-02878,1469491199,43.96565,4.68276,12370.2,4.4,27.8,79.1,-48.3,10.9,200.8,0x20,405.002,9.6,1125,-1,2.5,,
2026-07-31T00:00:00.000Z,M20-403-2-02878,1469491200,43.96570,4.68311,12374.6,4.3,28.9,79.0,-48.3,10.9,200.7,0x20,405.002,13.1,1125,-1,2.5,,
2026-07-31T00:00:01.000Z,M20-403-2-02878,1469491201,43.96575,4.68346,12378.8,4.0,29.3,77.8,-48.3,10.8,200.6,0x20,405.002,13.1,1125,-1,2.5,,
2026-07-31T00:00:02.000Z,M20-403-2-02878,1469491202,43.96581,4.68381,12383.2,4.9,28.7,75.8,-48.3,10.7,200.4,0x20,405.002,9.8,1125,-1,2.5,,
2026-07-31T00:00:03.000Z,M20-403-2-02878,1469491203,43.96587,4.68415,12387.5,3.8,28.2,75.6,-48.3,10.7,200.3,0x20,405.002,12.0,1125,-1,2.5,,
2026-07-31T00:00:04.000Z,M20-403-2-02878,1469491204,43.96593,4.68450,12391.9,5.2,28.4,78.6,-48.4,10.7,200.2,0x20,405.002,14.0,1125,-1,2.5,,
2026-07-31T00:00:05.000Z,M20-403-2-02878,1469491205,43.96598,4.68485,12396.0,3.1,28.7,80.6,-48.4,10.6,200.1,0x20,405.002,14.0,1125,-1,2.5,,
2026-07-31T00:00:06.000Z,M20-403-2-02878,1469491206,43.96602,4.68519,12400.0,4.8,27.8,80.4,-48.4,10.5,199.9,0x20,405.002,10.2,1125,-1,2.5,,
2026-07-31T00:00:07.000Z,M20-403-2-02878,1469491207,43.96606,4.68553,12404.3,3.8,27.4,79.1,-48.4,10.5,199.8,0x20,405.002,12.5,1125,-1,2.5,,
2026-07-31T00:00:08.000Z,M20-403-2-02878,1469491208,43.96611,4.68587,12408.9,5.3,28.5,78.9,-48.4,10.5,199.7,0x20,405.002,12.5,1125,-1,2.5,,
2026-07-31T00:00:09.000Z,M20-403-2-02878,1469491209,43.96616,4.68622,12413.2,3.5,29.2,79.3,-48.4,10.4,199.5,0x20,405.002,3.9,1125,-1,2.5,,
2026-07-31T00:00:10.000Z,M20-403-2-02878,1469491210,43.96621,4.68658,12417.3,4.9,29.1,78.4,-48.4,10.4,199.4,0x20,405.002,3.0,1125,-1,2.5,,
2026-07-31T00:00:11.000Z,M20-403-2-02878,1469491211,43.96626,4.68693,12421.6,3.8,28.5,77.9,-48.4,10.3,199.3,0x20,405.002,5.5,1125,-1,2.5,,
2026-07-31T00:00:12.000Z,M20-403-2-02878,1469491212,43.96631,4.68728,12426.0,5.1,28.5,79.1,-48.4,10.3,199.1,0x20,405.002,7.3,1125,-1,2.5,,
2026-07-31T00:00:13.000Z,M20-403-2-02878,1469491213,43.96636,4.68763,12429.8,2.7,28.9,80.8,-48.4,10.3,199.0,0x20,405.002,11.5,1125,-1,2.5,,
2026-07-31T00:00:14.000Z,M20-403-2-02878,1469491214,43.96640,4.68798,12433.6,4.9,28.3,80.9,-48.4,10.2,198.9,0x20,405.002,11.5,1125,-1,2.5,,
2026-07-31T00:00:15.000Z,M20-403-2-02878,1469491215,43.96644,4.68832,12437.9,3.6,27.8,79.7,-48.5,10.1,198.8,0x20,405.002,9.3,1125,-1,2.5,,
2026-07-31T00:00:16.000Z,M20-403-2-02878,1469491216,43.96649,4.68867,12442.2,5.2,29.0,78.3,-48.5,10.1,198.6,0x20,405.002,9.7,1125,-1,2.5,,
2026-07-31T00:00:17.000Z,M20-403-2-02878,1469491217,43.96655,4.68902,12446.4,3.1,30.0,77.6,-48.5,10.0,198.5,0x20,405.002,9.7,1125,-1,2.5,,
2026-07-31T00:00:18.000Z,M20-403-2-02878,1469491218,43.96661,4.68939,12450.2,4.8,30.0,76.7,-48.5,10.0,198.4,0x20,405.002,11.3,1125,-1,2.5,,
2026-07-31T00:00:19.000Z,M20-403-2-02878,1469491219,43.96667,4.68975,12454.4,3.6,28.9,77.1,-48.5,9.9,198.2,0x20,405.002,11.3,1125,-1,2.5,,
2026-07-31T00:00:20.000Z,M20-403-2-02878,1469491220,43.96673,4.69009,12458.7,5.0,28.4,76.4,-48.5,9.9,198.1,0x20,405.002,10.8,1125,-1,2.5,,
2026-07-31T00:00:21.000Z,M20-403-2-02878,1469491221,43.96679,4.69044,12463.1,3.9,29.0,75.7,-48.5,9.8,198.0,0x20,405.002,11.3,1125,-1,2.5,,
2026-07-31T00:00:22.000Z,M20-403-2-02878,1469491222,43.96685,4.69078,12468.1,6.1,28.2,75.4,-48.5,9.8,197.8,0x20,405.002,11.3,1125,-1,2.5,,
2026-07-31T00:00:23.000Z,M20-403-2-02878,1469491223,43.96691,4.69112,12472.9,3.4,27.3,75.6,-48.5,9.8,197.7,0x20,405.002,3.9,750,-1,2.5,,
2026-07-31T00:00:24.000Z,M20-403-2-02878,1469491224,43.96698,4.69145,12477.2,5.4,27.3,74.6,-48.6,9.7,197.6,0x20,405.002,5.7,1125,-1,2.5,,
2026-07-31T00:00:25.000Z,M20-403-2-02878,1469491225,43.96704,4.69178,12481.6,3.6,28.2,74.8,-48.6,9.6,197.4,0x20,405.002,8.7,1125,-1,2.5,,
2026-07-31T00:00:26.000Z,M20-403-2-02878,1469491226,43.96711,4.69212,12485.1,3.6,28.2,74.8,-48.6,9.6,197.3,0x20,405.002,11.9,1125,-1,2.5,,
2026-07-31T00:00:27.000Z,M20-403-2-02878,1469491227,43.96717,4.69245,12489.4,5.0,27.3,75.6,-48.6,9.5,197.2,0x20,405.002,11.9,1125,-1,2.5,,
2026-07-31T00:00:28.000Z,M20-403-2-02878,1469491228,43.96723,4.69277,12493.3,3.3,26.4,74.8,-48.6,9.5,197.1,0x20,405.002,11.3,1125,-1,2.5,,
2026-07-31T00:00:29.000Z,M20-403-2-02878,1469491229,43.96730,4.69309,12497.2,4.7,26.6,75.2,-48.6,9.4,196.9,0x20,405.002,11.3,1125,-1,2.5,,
2026-07-31T00:00:30.000Z,M20-403-2-02878,1469491230,43.96736,4.69342,12501.6,4.2,28.0,74.5,-48.6,9.4,196.8,0x20,405.002,11.1,1125,-1,2.5,,
2026-07-31T00:00:31.000Z,M20-403-2-02878,1469491231,43.96743,4.69376,12505.4,3.5,28.6,72.9,-48.6,9.3,196.7,0x20,405.002,12.2,1125,-1,2.5,,
2026-07-31T00:00:32.000Z,M20-403-2-02878,1469491232,43.96751,4.69409,12509.6,5.0,27.9,71.2,-48.6,9.3,196.6,0x20,405.002,12.2,1125,-1,2.5,,
2026-07-31T00:00:33.000Z,M20-403-2-02878,1469491233,43.96759,4.69441,12514.2,4.0,27.0,71.3,-48.6,9.3,196.4,0x20,405.002,8.9,750,-1,2.5,,
2026-07-31T00:00:34.000Z,M20-403-2-02878,1469491234,43.96766,4.69473,12519.1,5.7,26.3,73.7,-48.7,9.2,196.3,0x20,405.002,7.7,750,-1,2.5,,
2026-07-31T00:00:35.000Z,M20-403-2-02878,1469491235,43.96772,4.69505,12523.7,3.8,27.1,75.6,-48.7,9.2,196.1,0x20,405.002,6.2,750,-1,2.5,,
2026-07-31T00:00:36.000Z,M20-403-2-02878,1469491236,43.96778,4.69537,12528.0,5.0,26.3,75.4,-48.7,9.1,196.0,0x20,405.002,3.4,375,-1,2.5,,
2026-07-31T00:00:37.000Z,M20-403-2-02878,1469491237,43.96784,4.69569,12532.2,3.5,25.8,74.8,-48.7,9.1,195.9,0x20,405.002,3.6,750,-1,2.5,,
2026-07-31T00:00:38.000Z,M20-403-2-02878,1469491238,43.96791,4.69600,12536.6,5.3,27.0,74.2,-48.7,9.0,195.8,0x20,405.002,7.3,375,-1,2.5,,
2026-07-31T00:00:39.000Z,M20-403-2-02878,1469491239,43.96798,4.69633,12541.2,3.9,27.9,73.2,-48.7,9.0,195.6,0x20,405.002,11.6,750,-1,2.5,,
2026-07-31T00:00:40.000Z,M20-403-2-02878,1469491240,43.96805,4.69666,12545.7,4.9,27.8,71.0,-48.7,8.9,195.5,0x20,405.002,11.6,1125,-1,2.5,,
2026-07-31T00:00:41.000Z,M20-403-2-02878,1469491241,43.96814,4.69698,12549.5,2.9,26.8,69.4,-48.6,8.9,195.4,0x20,405.002,13.0,750,-1,2.5,,
2026-07-31T00:00:42.000Z,M20-403-2-02878,1469491242,43.96822,4.69729,12553.8,5.7,26.8,70.6,-48.6,8.9,195.2,0x20,405.002,13.0,750,-1,2.5,,
2026-07-31T00:00:43.000Z,M20-403-2-02878,1469491243,43.96829,4.69761,12557.8,2.7,27.0,72.9,-48.6,8.8,195.1,0x20,405.002,14.1,750,-1,2.5,,
2026-07-31T00:00:44.000Z,M20-403-2-02878,1469491244,43.96837,4.69793,12561.9,5.3,26.6,73.0,-48.6,8.8,195.0,0x20,405.002,14.1,375,-1,2.5,,
2026-07-31T00:00:45.000Z,M20-403-2-02878,1469491245,43.96844,4.69824,12566.5,4.1,26.1,72.5,-48.6,8.7,194.8,0x20,405.002,10.9,750,-1,2.5,,
2026-07-31T00:00:46.000Z,M20-403-2-02878,1469491246,43.96851,4.69856,12571.2,5.0,27.0,74.1,-48.6,8.7,194.7,0x20,405.002,11.0,375,-1,2.5,,
2026-07-31T00:00:47.000Z,M20-403-2-02878,1469491247,43.96857,4.69888,12575.6,3.5,27.6,74.8,-48.7,8.7,194.6,0x20,405.002,11.0,750,-1,2.5,,
2026-07-31T00:00:48.000Z,M20-403-2-02878,1469491248,43.96864,4.69921,12579.4,4.1,27.7,72.6,-48.7,8.6,194.5,0x20,405.002,3.4,375,-1,2.5,,
2026-07-31T00:00:49.000Z,M20-403-2-02878,1469491249,43.96872,4.69954,12583.0,2.6,27.7,71.5,-48.7,8.6,194.3,0x20,405.002,3.4,375,-1,2.5,,
2026-07-31T00:00:50.000Z,M20-403-2-02878,1469491250,43.96879,4.69987,12586.5,4.4,27.6,72.0,-48.7,8.5,194.2,0x20,405.002,3.4,750,-1,2.5,,
2026-07-31T00:00:51.000Z,M20-403-2-02878,1469491251,43.96887,4.70020,12591.0,4.7,28.1,73.3,-48.7,8.5,194.1,0x20,405.002,7.9,375,-1,2.5,,
2026-07-31T00:00:52.000Z,M20-403-2-02878,1469491252,43.96894,4.70054,12595.2,3.6,28.5,74.2,-48.8,8.5,194.0,0x20,405.002,10.1,375,-1,2.5,,
2026-07-31T00:00:53.000Z,M20-403-2-02878,1469491253,43.96901,4.70087,12599.6,4.9,28.1,72.7,-48.8,8.4,193.9,0x20,405.002,10.1,375,-1,2.5,,
2026-07-31T00:00:54.000Z,M20-403-2-02878,1469491254,43.96909,4.70120,12604.0,3.8,27.5,70.3,-48.8,8.4,193.8,0x20,405.002,8.6,375,-1,2.5,,
2026-07-31T00:00:55.000Z,M20-403-2-02878,1469491255,43.96918,4.70152,12607.9,4.0,27.5,69.7,-48.9,8.3,193.6,0x20,405.002,11.8,750,-1,2.5,,
2026-07-31T00:00:56.000Z,M20-403-2-02878,1469491256,43.96926,4.70185,12612.6,5.3,28.4,71.2,-48.9,8.3,193.5,0x20,405.002,11.8,375,-1,2.5,,
2026-07-31T00:00:57.000Z,M20-403-2-02878,1469491257,43.96934,4.70219,12616.6,2.9,28.9,73.6,-48.9,8.2,193.4,0x20,405.002,11.2,750,-1,2.5,,
2026-07-31T00:00:58.000Z,M20-403-2-02878,1469491258,43.96942,4.70253,12620.7,5.2,28.9,71.6,-48.9,8.2,193.2,0x20,405.002,9.8,750,-1,2.5,,
2026-07-31T00:00:59.000Z,M20-403-2-02878,1469491259,43.96950,4.70287,12625.6,4.5,28.3,69.9,-49.0,8.2,193.1,0x20,405.002,14.8,375,-1,2.5,,
2026-07-31T00:01:00.000Z,M20-403-2-02878,1469491260,43.96959,4.70320,12629.9,4.0,28.0,69.6,-49.0,8.1,193.0,0x20,405.002,14.8,375,-1,2.5,,
2026-07-31T00:01:01.000Z,M20-403-2-02878,1469491261,43.96968,4.70352,12634.6,5.7,27.9,71.5,-49.0,8.1,192.8,0x20,405.002,10.4,375,-1,2.5,,
2026-07-31T00:01:02.000Z,M20-403-2-02878,1469491262,43.96975,4.70386,12639.5,3.9,28.2,73.4,-49.1,8.0,192.7,0x20,405.002,3.6,375,-1,2.5,,
2026-07-31T00:01:03.000Z,M20-403-2-02878,1469491263,43.96983,4.70419,12644.5,6.2,27.9,71.7,-49.1,8.0,192.6,0x20,405.002,3.3,375,-1,2.5,,
2026-07-31T00:01:04.000Z,M20-403-2-02878,1469491264,43.96991,4.70451,12649.6,3.8,27.6,69.9,-49.1,8.0,192.4,0x20,405.002,8.4,375,-1,2.5,,
2026-07-31T00:01:05.000Z,M20-403-2-02878,1469491265,43.96999,4.70484,12652.8,3.0,27.8,69.7,-49.1,7.9,192.3,0x20,405.002,8.4,375,-1,2.5,,
2026-07-31T00:01:06.000Z,M20-403-2-02878,1469491266,43.97008,4.70516,12656.8,5.1,27.5,71.5,-49.1,7.9,192.2,0x20,405.002,11.9,375,-1,2.5,,
2026-07-31T00:01:07.000Z,M20-403-2-02878,1469491267,43.97015,4.70549,12661.3,3.9,27.5,72.6,-49.2,7.9,192.1,0x20,405.002,11.9,375,-1,2.5,,
2026-07-31T00:01:08.000Z,M20-403-2-02878,1469491268,43.97023,4.70582,12666.1,5.9,27.7,71.0,-49.2,7.8,191.9,0x20,405.002,9.2,375,-1,2.5,,
2026-07-31T00:01:09.000Z,M20-403-2-02878,1469491269,43.97032,4.70614,12670.5,3.1,27.5,68.8,-49.3,7.8,191.8,0x20,405.002,9.2,750,-1,2.5,,
2026-07-31T00:01:10.000Z,M20-403-2-02878,1469491270,43.97041,4.70646,12675.0,5.8,28.7,68.4,-49.3,7.7,191.7,0x20,405.002,12.4,375,-1,2.5,,
2026-07-31T00:01:11.000Z,M20-403-2-02878,1469491271,43.97050,4.70680,12679.6,3.8,28.8,69.5,-49.3,7.7,191.5,0x20,405.002,10.4,375,-1,2.5,,
2026-07-31T00:01:12.000Z,M20-403-2-02878,1469491272,43.97059,4.70713,12684.2,5.5,28.0,69.3,-49.4,7.7,191.4,0x20,405.002,9.3,375,-1,2.5,,
2026-07-31T00:01:13.000Z,M20-403-2-02878,1469491273,43.97068,4.70745,12688.5,3.2,27.1,68.6,-49.4,7.6,191.2,0x20,405.002,10.9,375,-1,2.5,,
2026-07-31T00:01:14.000Z,M20-403-2-02878,1469491274,43.97077,4.70776,12693.0,6.0,27.3,69.7,-49.5,7.6,191.1,0x20,405.002,10.9,375,-1,2.5,,
2026-07-31T00:01:15.000Z,M20-403-2-02878,1469491275,43.97085,4.70809,12697.8,3.6,28.2,70.5,-49.5,7.6,191.0,0x20,405.002,4.4,375,-1,2.5,,
2026-07-31T00:01:16.000Z,M20-403-2-02878,1469491276,43.97094,4.70842,12701.9,4.6,28.6,69.2,-49.6,7.6,190.8,0x20,405.002,4.3,375,-1,2.5,,
2026-07-31T00:01:17.000Z,M20-403-2-02878,1469491277,43.97104,4.70875,12706.1,3.7,28.6,66.6,-49.6,7.5,190.7,0x20,405.002,4.9,375,-1,2.5,,
2026-07-31T00:01:18.000Z,M20-403-2-02878,1469491278,43.97114,4.70908,12710.0,4.2,28.7,65.9,-49.6,7.5,190.6,0x20,405.002,10.3,375,-1,2.5,,
2026-07-31T00:01:19.000Z,M20-403-2-02878,1469491279,43.97125,4.70941,12714.4,4.5,29.6,67.6,-49.7,7.5,190.4,0x20,405.002,10.3,375,-1,2.5,,
2026-07-31T00:01:21.000Z,M20-403-2-02878,1469491281,43.97144,4.71009,12723.2,5.3,28.4,69.2,-49.7,7.4,190.2,0x20,405.002,11.1,375,-1,2.5,,
2026-07-31T00:01:22.000Z,M20-403-2-02878,1469491282,43.97153,4.71041,12727.9,3.5,27.3,68.5,-49.8,7.4,190.1,0x20,405.002,11.1,375,-1,2.5,,
2026-07-31T00:01:23.000Z,M20-403-2-02878,1469491283,43.97161,4.71073,12731.8,4.5,26.6,69.4,-49.8,7.3,190.0,0x20,405.002,10.9,375,-1,2.5,,
2026-07-31T00:01:24.000Z,M20-403-2-02878,1469491284,43.97170,4.71104,12736.5,5.2,27.4,71.2,-49.9,7.3,189.8,0x20,405.002,11.9,375,-1,2.5,,
2026-07-31T00:01:25.000Z,M20-403-2-02878,1469491285,43.97178,4.71137,12740.8,3.5,28.0,71.6,-49.9,7.3,189.7,0x20,405.002,11.9,375,-1,2.5,,
2026-07-31T00:01:26.000Z,M20-403-2-02878,1469491286,43.97186,4.71170,12745.2,5.7,28.0,70.2,-50.0,7.3,189.6,0x20,405.002,12.2,375,-1,2.5,,
2026-07-31T00:01:27.000Z,M20-403-2-02878,1469491287,43.97195,4.71202,12750.1,4.2,27.9,68.3,-50.0,7.2,189.4,0x20,405.002,12.2,375,-1,2.5,,
2026-07-31T00:01:28.000Z,M20-403-2-02878,1469491288,43.97204,4.71235,12754.4,4.9,28.5,67.3,-50.0,7.2,189.3,0x20,405.002,4.2,375,-1,2.5,,
2026-07-31T00:01:29.000Z,M20-403-2-02878,1469491289,43.97215,4.71268,12759.2,4.6,29.9,66.6,-50.1,7.1,189.1,0x20,405.002,3.7,375,-1,2.5,,
2026-07-31T00:01:30.000Z,M20-403-2-02878,1469491290,43.97225,4.71303,12763.4,3.8,30.3,67.1,-50.1,7.1,189.0,0x20,405.002,3.7,375,-1,2.5,,
2026-07-31T00:01:31.000Z,M20-403-2-02878,1469491291,43.97236,4.71337,12768.4,6.1,29.1,67.5,-50.2,7.1,188.9,0x20,405.002,9.3,375,-1,2.5,,
2026-07-31T00:01:32.000Z,M20-403-2-02878,1469491292,43.97245,4.71369,12773.6,4.2,27.6,67.3,-50.2,7.1,188.7,0x20,405.002,10.4,375,-1,2.5,,
2026-07-31T00:01:33.000Z,M20-403-2-02878,1469491293,43.97255,4.71401,12778.2,4.8,27.4,67.7,-50.3,7.1,188.6,0x20,405.002,10.4,375,-1,2.5,,
2026-07-31T00:01:34.000Z,M20-403-2-02878,1469491294,43.97265,4.71433,12782.3,3.5,28.3,66.0,-50.3,7.1,188.5,0x20,405.002,11.4,375,-1,2.5,,
2026-07-31T00:01:35.000Z,M20-403-2-02878,1469491295,43.97275,4.71465,12786.5,4.7,28.7,65.1,-50.3,7.0,188.3,0x20,405.002,11.4,375,-1,2.5,,
2026-07-31T00:01:36.000Z,M20-403-2-02878,1469491296,43.97286,4.71497,12791.0,4.2,28.3,64.5,-50.4,7.0,188.2,0x20,405.002,12.1,375,-1,2.5,,
2026-07-31T00:01:37.000Z,M20-403-2-02878,1469491297,43.97297,4.71529,12796.1,6.0,28.5,66.5,-50.4,7.0,188.1,0x20,405.002,12.1,375,-1,2.5,,
2026-07-31T00:01:38.000Z,M20-403-2-02878,1469491298,43.97307,4.71562,12801.1,3.9,29.4,67.6,-50.4,6.9,187.9,0x20,405.002,10.4,375,-1,2.5,,
2026-07-31T00:01:39.000Z,M20-403-2-02878,1469491299,43.97317,4.71596,12804.9,3.7,30.1,67.6,-50.5,6.9,187.8,0x20,405.002,10.8,375,-1,2.5,,
2026-07-31T00:01:40.000Z,M20-403-2-02878,1469491300,43.97328,4.71631,12809.2,4.9,30.2,65.3,-50.5,6.9,187.7,0x20,405.002,10.8,375,-1,2.5,,
2026-07-31T00:01:41.000Z,M20-403-2-02878,1469491301,43.97339,4.71664,12813.7,4.1,29.8,64.0,-50.5,6.9,187.6,0x20,405.002,3.8,375,-1,2.5,,
2026-07-31T00:01:42.000Z,M20-403-2-02878,1469491302,43.97351,4.71697,12818.2,5.0,29.3,64.4,-50.6,6.9,187.4,0x20,405.002,3.8,375,-1,2.5,,
2026-07-31T00:01:43.000Z,M20-403-2-02878,1469491303,43.97362,4.71731,12822.2,3.2,29.5,65.2,-50.6,6.9,187.3,0x20,405.002,4.8,375,-1,2.5,,
2026-07-31T00:01:44.000Z,M20-403-2-02878,1469491304,43.97374,4.71764,12826.3,5.0,29.2,64.1,-50.6,6.8,187.2,0x20,405.002,10.5,375,-1,2.5,,
2026-07-31T00:01:45.000Z,M20-403-2-02878,1469491305,43.97385,4.71796,12830.3,3.0,29.1,62.7,-50.6,6.8,187.1,0x20,405.002,10.5,375,-1,2.5,,
2026-07-31T00:01:46.000Z,M20-403-2-02878,1469491306,43.97397,4.71828,12834.0,4.3,29.4,62.3,-50.7,6.8,186.9,0x20,405.002,12.1,375,-1,2.5,,
2026-07-31T00:01:47.000Z,M20-403-2-02878,1469491307,43.97409,4.71861,12838.0,3.6,29.6,65.0,-50.7,6.8,186.8,0x20,405.002,12.1,375,-1,2.5,,
2026-07-31T00:01:48.000Z,M20-403-2-02878,1469491308,43.97420,4.71895,12841.7,3.7,29.9,65.9,-50.7,6.8,186.7,0x20,405.002,11.7,375,-1,2.5,,
2026-07-31T00:01:49.000Z,M20-403-2-02878,1469491309,43.97431,4.71928,12845.6,4.0,29.2,65.9,-50.7,6.8,186.6,0x20,405.002,11.7,375,-1,2.5,,
2026-07-31T00:01:50.000Z,M20-403-2-02878,1469491310,43.97442,4.71961,12849.4,3.5,28.3,65.1,-50.8,6.8,186.5,0x20,405.002,12.4,375,-1,2.5,,
2026-07-31T00:01:51.000Z,M20-403-2-02878,1469491311,43.97452,4.71993,12853.7,4.7,27.7,67.1,-50.8,6.8,186.4,0x20,405.002,12.4,375,-1,2.5,,
2026-07-31T00:01:52.000Z,M20-403-2-02878,1469491312,43.97462,4.72025,12857.8,3.5,27.7,67.6,-50.8,6.8,186.3,0x20,405.002,11.8,375,-1,2.5,,
2026-07-31T00:01:53.000Z,M20-403-2-02878,1469491313,43.97472,4.72057,12862.2,5.1,28.9,66.1,-50.9,6.8,186.1,0x20,405.002,11.8,375,-1,2.5,,
2026-07-31T00:01:54.000Z,M20-403-2-02878,1469491314,43.97483,4.72090,12866.3,2.7,29.9,63.4,-50.9,6.8,186.0,0x20,405.002,5.6,375,-1,2.5,,
2026-07-31T00:01:55.000Z,M20-403-2-02878,1469491315,43.97496,4.72123,12870.0,4.6,30.6,60.5,-50.9,6.8,185.9,0x20,405.002,3.3,375,-1,2.5,,
2026-07-31T00:01:56.000Z,M20-403-2-02878,1469491316,43.97509,4.72157,12874.0,3.5,30.7,61.4,-51.0,6.7,185.8,0x20,405.002,3.6,750,-1,2.5,,
2026-07-31T00:01:57.000Z,M20-403-2-02878,1469491317,43.97522,4.72190,12878.0,4.4,30.6,61.6,-51.0,6.8,185.7,0x20,405.002,9.0,375,-1,2.5,,
2026-07-31T00:01:58.000Z,M20-403-2-02878,1469491318,43.97535,4.72224,12881.8,3.7,30.7,61.7,-51.0,6.7,185.5,0x20,405.002,12.3,375,-1,2.5,,
2026-07-31T00:01:59.000Z,M20-403-2-02878,1469491319,43.97548,4.72257,12886.3,5.3,30.0,63.2,-51.1,6.8,185.4,0x20,405.002,12.3,375,-1,2.5,,
2026-07-31T00:02:01.000Z,M20-403-2-02878,1469491321,43.97570,4.72323,12894.8,3.9,28.4,65.5,-51.0,6.7,185.2,0x20,405.002,12.6,375,-1,2.4,,
2026-07-31T00:02:02.000Z,M20-403-2-02878,1469491322,43.97581,4.72355,12898.0,2.8,29.1,64.5,-51.0,6.8,185.1,0x20,405.002,12.6,375,-1,2.4,,
2026-07-31T00:02:03.000Z,M20-403-2-02878,1469491323,43.97592,4.72388,12902.1,4.7,29.1,64.3,-51.0,6.8,184.9,0x20,405.002,12.2,375,-1,2.5,,
2026-07-31T00:02:04.000Z,M20-403-2-02878,1469491324,43.97603,4.72420,12907.0,4.8,28.8,64.7,-51.1,6.8,184.8,0x20,405.002,12.9,375,-1,2.5,,
2026-07-31T00:02:05.000Z,M20-403-2-02878,1469491325,43.97614,4.72453,12911.2,3.3,28.6,66.0,-51.1,6.8,184.7,0x20,405.002,12.9,375,-1,2.5,,
2026-07-31T00:02:06.000Z,M20-403-2-02878,1469491326,43.97625,4.72485,12915.3,4.8,29.1,64.8,-51.1,6.8,184.6,0x20,405.002,10.1,375,-1,2.5,,
2026-07-31T00:02:07.000Z,M20-403-2-02878,1469491327,43.97636,4.72518,12919.4,3.3,30.0,63.7,-51.2,6.8,184.4,0x20,405.002,10.1,750,-1,2.5,,
2026-07-31T00:02:08.000Z,M20-403-2-02878,1469491328,43.97648,4.72552,12923.8,5.4,30.1,63.3,-51.2,6.8,184.3,0x20,405.002,3.6,375,-1,2.5,,
2026-07-31T00:02:09.000Z,M20-403-2-02878,1469491329,43.97660,4.72585,12927.9,2.8,29.3,63.5,-51.3,6.9,184.2,0x20,405.002,3.6,375,-1,2.4,,
2026-07-31T00:02:10.000Z,M20-403-2-02878,1469491330,43.97671,4.72617,12931.6,4.5,28.6,65.2,-51.3,6.9,184.1,0x20,405.002,10.5,375,-1,2.4,,
2026-07-31T00:02:11.000Z,M20-403-2-02878,1469491331,43.97682,4.72650,12935.6,3.6,28.6,64.0,-51.3,6.9,184.0,0x20,405.002,10.8,375,-1,2.5,,
2026-07-31T00:02:12.000Z,M20-403-2-02878,1469491332,43.97694,4.72682,12940.0,4.8,28.8,64.0,-51.4,6.9,183.8,0x20,405.002,11.6,375,-1,2.4,,
2026-07-31T00:02:13.000Z,M20-403-2-02878,1469491333,43.97704,4.72714,12944.7,4.5,28.7,66.1,-51.4,6.9,183.7,0x20,405.002,11.6,375,-1,2.4,,
2026-07-31T00:02:14.000Z,M20-403-2-02878,1469491334,43.97715,4.72747,12949.0,3.9,28.9,66.4,-51.4,7.0,183.6,0x20,405.002,10.6,375,-1,2.5,,
2026-07-31T00:02:15.000Z,M20-403-2-02878,1469491335,43.97726,4.72780,12953.8,5.4,29.4,64.6,-51.4,7.0,183.5,0x20,405.002,9.9,375,-1,2.4,,
2026-07-31T00:02:16.000Z,M20-403-2-02878,1469491336,43.97738,4.72813,12958.0,3.2,30.3,62.4,-51.5,7.0,183.4,0x20,405.002,14.4,375,-1,2.4,,
2026-07-31T00:02:17.000Z,M20-403-2-02878,1469491337,43.97750,4.72847,12961.9,4.8,29.7,63.6,-51.5,7.0,183.2,0x20,405.002,14.4,375,-1,2.4,,
2026-07-31T00:02:18.000Z,M20-403-2-02878,1469491338,43.97761,4.72879,12966.6,4.6,28.4,66.2,-51.5,7.0,183.1,0x20,405.002,11.4,375,-1,2.5,,
2026-07-31T00:02:19.000Z,M20-403-2-02878,1469491339,43.97771,4.72912,12970.5,2.8,28.3,66.3,-51.6,7.1,183.0,0x20,405.002,10.2,375,-1,2.4,,
2026-07-31T00:02:20.000Z,M20-403-2-02878,1469491340,43.97781,4.72944,12974.0,4.1,28.6,66.4,-51.6,7.1,182.9,0x20,405.002,3.6,375,-1,2.4,,
2026-07-31T00:02:21.000Z,M20-403-2-02878,1469491341,43.97792,4.72977,12978.2,4.2,30.1,64.9,-51.6,7.1,182.8,0x20,405.002,3.1,375,-1,2.4,,
2026-07-31T00:02:22.000Z,M20-403-2-02878,1469491342,43.97804,4.73011,12982.0,3.3,30.6,64.4,-51.6,7.1,182.7,0x20,405.002,3.1,375,-1,2.4,,
2026-07-31T00:02:23.000Z,M20-403-2-02878,1469491343,43.97816,4.73045,12986.6,5.6,29.5,65.5,-51.6,7.1,182.5,0x20,405.002,7.8,375,-1,2.4,,
2026-07-31T00:02:24.000Z,M20-403-2-02878,1469491344,43.97826,4.73078,12991.7,4.2,28.4,65.4,-51.7,7.2,182.4,0x20,405.002,9.3,375,-1,2.4,,
2026-07-31T00:02:25.000Z,M20-403-2-02878,1469491345,43.97837,4.73110,12996.0,4.8,27.9,64.8,-51.7,7.2,182.3,0x20,405.002,11.1,375,-1,2.4,,
2026-07-31T00:02:26.000Z,M20-403-2-02878,1469491346,43.97848,4.73142,13000.5,4.4,28.6,65.2,-51.7,7.2,182.2,0x20,405.002,12.4,375,-1,2.4,,
2026-07-31T00:02:27.000Z,M20-403-2-02878,1469491347,43.97858,4.73174,13005.3,5.4,28.3,66.8,-51.8,7.2,182.0,0x20,405.002,12.4,375,-1,2.4,,
2026-07-31T00:02:28.000Z,M20-403-2-02878,1469491348,43.97868,4.73206,13009.2,2.4,27.6,67.5,-51.8,7.2,181.9,0x20,405.002,12.1,375,-1,2.4,,
2026-07-31T00:02:29.000Z,M20-403-2-02878,1469491349,43.97877,4.73238,13012.3,4.1,28.5,67.3,-51.8,7.2,181.8,0x20,405.002,12.1,375,-1,2.4,,
2026-07-31T00:02:30.000Z,M20-403-2-02878,1469491350,43.97887,4.73272,13016.7,4.6,29.8,67.7,-51.8,7.2,181.7,0x20,405.002,11.7,375,-1,2.4,,
2026-07-31T00:02:31.000Z,M20-403-2-02878,1469491351,43.97898,4.73306,13021.3,4.4,30.3,67.1,-51.8,7.3,181.6,0x20,405.002,11.7,375,-1,2.4,,
2026-07-31T00:02:32.000Z,M20-403-2-02878,1469491352,43.97908,4.73341,13025.7,4.7,29.6,67.3,-51.9,7.3,181.4,0x20,405.002,7.9,375,-1,2.4,,
2026-07-31T00:02:33.000Z,M20-403-2-02878,1469491353,43.97918,4.73374,13029.7,3.1,28.5,68.1,-51.9,7.3,181.3,0x20,405.002,4.7,375,-1,2.4,,
2026-07-31T00:02:34.000Z,M20-403-2-02878,1469491354,43.97928,4.73407,13033.5,4.8,28.8,66.6,-51.9,7.3,181.2,0x20,405.002,3.7,375,-1,2.4,,
2026-07-31T00:02:35.000Z,M20-403-2-02878,1469491355,43.97939,4.73440,13037.7,3.5,29.4,66.1,-52.0,7.3,181.1,0x20,405.002,4.9,375,-1,2.4,,
2026-07-31T00:02:36.000Z,M20-403-2-02878,1469491356,43.97949,4.73473,13042.0,5.2,28.5,65.9,-52.0,7.3,180.9,0x20,405.002,9.4,375,-1,2.4,,
2026-07-31T00:02:37.000Z,M20-403-2-02878,1469491357,43.97959,4.73505,13046.5,3.4,27.7,66.1,-52.1,7.3,180.8,0x20,405.002,9.4,375,-1,2.4,,
2026-07-31T00:02:38.000Z,M20-403-2-02878,1469491358,43.97969,4.73536,13050.8,5.3,27.4,66.9,-52.1,7.3,180.7,0x20,405.002,9.4,375,-1,2.4,,
2026-07-31T00:02:39.000Z,M20-403-2-02878,1469491359,43.97979,4.73568,13055.6,4.1,28.1,66.1,-52.1,7.3,180.6,0x20,405.002,9.3,375,-1,2.4,,
2026-07-31T00:02:40.000Z,M20-403-2-02878,1469491360,43.97989,4.73600,13060.5,5.6,27.5,66.1,-52.1,7.3,180.4,0x20,405.002,10.3,375,-1,2.4,,
2026-07-31T00:02:41.000Z,M20-403-2-02878,1469491361,43.97999,4.73630,13065.0,3.4,26.9,66.2,-52.1,7.3,180.3,0x20,405.002,10.3,375,-1,2.4,,
2026-07-31T00:02:42.000Z,M20-403-2-02878,1469491362,43.98009,4.73662,13069.2,5.0,27.7,66.2,-52.1,7.3,180.2,0x20,405.002,9.2,375,-1,2.4,,
2026-07-31T00:02:43.000Z,M20-403-2-02878,1469491363,43.98019,4.73694,13073.4,3.5,28.8,66.5,-52.1,7.3,180.1,0x20,405.002,9.5,375,-1,2.4,,
2026-07-31T00:02:45.000Z,M20-403-2-02878,1469491365,43.98038,4.73760,13081.4,4.2,27.8,69.5,-51.9,7.3,179.8,0x20,405.002,6.6,375,-1,2.4,,
2026-07-31T00:02:46.000Z,M20-403-2-02878,1469491366,43.98047,4.73792,13085.4,3.9,27.8,71.0,-51.9,7.3,179.7,0x20,405.002,4.7,375,-1,2.4,,
2026-07-31T00:02:47.000Z,M20-403-2-02878,1469491367,43.98055,4.73825,13089.6,4.3,28.2,71.2,-51.9,7.3,179.6,0x20,405.002,3.7,375,-1,2.4,,
2026-07-31T00:02:48.000Z,M20-403-2-02878,1469491368,43.98063,4.73859,13093.3,3.2,28.9,69.9,-51.9,7.3,179.5,0x20,405.002,3.7,375,-1,2.4,,
2026-07-31T00:02:49.000Z,M20-403-2-02878,1469491369,43.98072,4.73892,13096.9,4.1,28.1,70.8,-51.9,7.3,179.4,0x20,405.002,6.7,375,-1,2.4,,
2026-07-31T00:02:50.000Z,M20-403-2-02878,1469491370,43.98081,4.73924,13101.1,3.9,26.5,68.8,-51.9,7.3,179.3,0x20,405.002,8.0,375,-1,2.4,,
2026-07-31T00:02:51.000Z,M20-403-2-02878,1469491371,43.98089,4.73954,13104.7,3.2,26.0,67.3,-51.9,7.3,179.2,0x20,405.002,8.8,375,-1,2.4,,
2026-07-31T00:02:52.000Z,M20-403-2-02878,1469491372,43.98099,4.73984,13109.0,5.6,26.9,64.3,-51.9,7.2,179.1,0x20,405.002,8.8,375,-1,2.4,,
2026-07-31T00:02:53.000Z,M20-403-2-02878,1469491373,43.98110,4.74015,13113.3,2.8,28.1,64.9,-51.9,7.2,178.9,0x20,405.002,7.9,375,-1,2.4,,
2026-07-31T00:02:54.000Z,M20-403-2-02878,1469491374,43.98121,4.74047,13116.9,4.4,28.8,65.7,-51.9,7.2,178.8,0x20,405.002,9.4,375,-1,2.4,,
2026-07-31T00:02:55.000Z,M20-403-2-02878,1469491375,43.98131,4.74080,13121.0,3.6,28.3,67.7,-51.9,7.2,178.7,0x20,405.002,9.4,375,-1,2.4,,
2026-07-31T00:02:56.000Z,M20-403-2-02878,1469491376,43.98140,4.74113,13125.1,4.7,27.9,69.0,-51.9,7.2,178.6,0x20,405.002,8.6,375,-1,2.4,,
2026-07-31T00:02:57.000Z,M20-403-2-02878,1469491377,43.98149,4.74146,13129.9,4.7,28.5,70.6,-51.9,7.2,178.4,0x20,405.002,8.6,375,-1,2.4,,
2026-07-31T00:02:58.000Z,M20-403-2-02878,1469491378,43.98157,4.74179,13133.9,3.6,28.7,70.4,-52.0,7.2,178.3,0x20,405.002,7.7,375,-1,2.4,,
2026-07-31T00:03:01.000Z,M20-403-2-02878,1469491381,43.98181,4.74275,13147.0,5.4,27.2,68.9,-52.0,7.1,178.0,0x20,405.002,7.0,375,-1,2.4,,
2026-07-31T00:03:02.000Z,M20-403-2-02878,1469491382,43.98191,4.74307,13151.8,4.2,28.3,67.2,-52.1,7.1,177.9,0x20,405.002,7.2,375,-1,2.4,,
2026-07-31T00:03:04.000Z,M20-403-2-02878,1469491384,43.98211,4.74371,13160.4,2.9,27.2,65.2,-52.1,7.1,177.6,0x20,405.002,9.1,375,-1,2.4,,
2026-07-31T00:03:07.000Z,M20-403-2-02878,1469491387,43.98241,4.74466,13172.1,3.6,28.4,67.9,-52.2,7.0,177.3,0x20,405.002,6.7,375,-1,2.4,,
2026-07-31T00:03:09.000Z,M20-403-2-02878,1469491389,43.98257,4.74531,13180.3,3.2,26.9,72.6,-52.3,7.0,177.1,0x20,405.002,8.6,375,-1,2.4,,
2026-07-31T00:03:10.000Z,M20-403-2-02878,1469491390,43.98265,4.74564,13184.6,5.2,27.8,73.3,-52.3,7.0,176.9,0x20,405.002,9.2,375,-1,2.4,,
2026-07-31T00:03:12.000Z,M20-403-2-02878,1469491392,43.98281,4.74629,13194.2,4.9,27.3,68.8,-52.4,7.0,176.7,0x20,405.002,3.6,375,-1,2.4,,
2026-07-31T00:03:13.000Z,M20-403-2-02878,1469491393,43.98290,4.74661,13198.3,3.2,26.7,67.4,-52.5,6.9,176.6,0x20,405.002,3.4,375,-1,2.4,,
2026-07-31T00:03:16.000Z,M20-403-2-02878,1469491396,43.98319,4.74755,13210.2,4.8,28.2,67.0,-52.6,6.9,176.3,0x20,405.002,9.2,375,-1,2.4,,
2026-07-31T00:03:17.000Z,M20-403-2-02878,1469491397,43.98328,4.74788,13214.7,4.5,27.5,69.6,-52.6,6.9,176.1,0x20,405.002,9.2,375,-1,2.4,,
2026-07-31T00:03:18.000Z,M20-403-2-02878,1469491398,43.98336,4.74820,13219.3,4.8,27.2,71.4,-52.6,6.8,176.0,0x20,405.002,8.0,375,-1,2.4,,
2026-07-31T00:03:19.000Z,M20-403-2-02878,1469491399,43.98344,4.74852,13223.9,4.1,27.7,72.0,-52.7,6.8,175.9,0x20,405.002,7.0,375,-1,2.4,,
2026-07-31T00:03:20.000Z,M20-403-2-02878,1469491400,43.98352,4.74885,13227.6,3.5,28.0,70.1,-52.7,6.8,175.8,0x20,405.002,11.5,375,-1,2.4,,
2026-07-31T00:03:21.000Z,M20-403-2-02878,1469491401,43.98360,4.74917,13231.8,4.8,26.9,71.6,-52.8,6.8,175.6,0x20,405.002,11.5,375,-1,2.4,,
2026-07-31T00:03:22.000Z,M20-403-2-02878,1469491402,43.98368,4.74948,13236.2,3.9,26.2,71.2,-52.8,6.8,175.5,0x20,405.002,8.3,375,-1,2.4,,
2026-07-31T00:03:23.000Z,M20-403-2-02878,1469491403,43.98376,4.74979,13239.8,3.6,27.1,67.8,-52.8,6.8,175.4,0x20,405.002,9.1,375,-1,2.4,,
2026-07-31T00:03:24.000Z,M20-403-2-02878,1469491404,43.98385,4.75011,13243.4,3.3,28.1,68.4,-52.9,6.8,175.3,0x20,405.002,9.1,375,-1,2.4,,
2026-07-31T00:03:26.000Z,M20-403-2-02878,1469491406,43.98403,4.75077,13252.0,4.4,27.4,70.8,-53.0,6.7,175.1,0x20,405.002,3.5,375,-1,2.4,,
2026-07-31T00:03:27.000Z,M20-403-2-02878,1469491407,43.98411,4.75109,13255.9,3.8,27.1,72.4,-53.0,6.7,175.0,0x20,405.002,3.6,375,-1,2.4,,
2026-07-31T00:03:28.000Z,M20-403-2-02878,1469491408,43.98418,4.75141,13260.3,4.8,27.7,70.9,-53.0,6.7,174.9,0x20,405.002,8.7,375,-1,2.4,,
2026-07-31T00:03:29.000Z,M20-403-2-02878,1469491409,43.98427,4.75174,13263.8,2.5,28.4,70.2,-53.1,6.7,174.8,0x20,405.002,9.2,375,-1,2.4,,
2026-07-31T00:03:30.000Z,M20-403-2-02878,1469491410,43.98436,4.75207,13267.9,5.6,27.7,68.6,-53.1,6.7,174.6,0x20,405.002,12.9,375,-1,2.4,,
2026-07-31T00:03:31.000Z,M20-403-2-02878,1469491411,43.98445,4.75239,13272.0,2.8,27.0,68.5,-53.1,6.7,174.5,0x20,405.002,12.9,375,-1,2.4,,
2026-07-31T00:03:32.000Z,M20-403-2-02878,1469491412,43.98454,4.75270,13275.7,4.8,27.0,68.2,-53.2,6.6,174.4,0x20,405.002,9.5,375,-1,2.4,,
2026-07-31T00:03:33.000Z,M20-403-2-02878,1469491413,43.98463,4.75302,13280.1,4.0,27.9,68.5,-53.2,6.6,174.3,0x20,405.002,9.1,375,-1,2.4,,
2026-07-31T00:03:34.000Z,M20-403-2-02878,1469491414,43.98472,4.75334,13284.0,3.7,28.4,69.5,-53.2,6.6,174.2,0x20,405.002,10.0,375,-1,2.4,,
2026-07-31T00:03:35.000Z,M20-403-2-02878,1469491415,43.98480,4.75367,13288.4,4.5,27.6,70.9,-53.3,6.6,174.1,0x20,405.002,10.5,375,-1,2.4,,
2026-07-31T00:03:36.000Z,M20-403-2-02878,1469491416,43.98488,4.75400,13292.7,4.1,27.5,73.3,-53.3,6.6,174.0,0x20,405.002,10.5,375,-1,2.4,,
2026-07-31T00:03:37.000Z,M20-403-2-02878,1469491417,43.98495,4.75433,13297.0,4.4,28.1,74.5,-53.3,6.6,173.8,0x20,405.002,9.3,375,-1,2.4,,
2026-07-31T00:03:38.000Z,M20-403-2-02878,1469491418,43.98502,4.75467,13301.3,4.0,28.5,73.0,-53.4,6.6,173.7,0x20,405.002,3.0,375,-1,2.4,,
2026-07-31T00:03:39.000Z,M20-403-2-02878,1469491419,43.98509,4.75500,13306.1,5.0,27.5,71.8,-53.4,6.6,173.6,0x20,405.002,3.0,375,-1,2.4,,
2026-07-31T00:03:40.000Z,M20-403-2-02878,1469491420,43.98517,4.75532,13310.1,2.9,26.8,69.4,-53.5,6.6,173.5,0x20,405.002,8.0,375,-1,2.4,,
2026-07-31T00:03:41.000Z,M20-403-2-02878,1469491421,43.98526,4.75564,13314.0,4.8,28.0,69.0,-53.5,6.5,173.4,0x20,405.002,10.1,375,-1,2.4,,
2026-07-31T00:03:42.000Z,M20-403-2-02878,1469491422,43.98535,4.75597,13318.5,4.1,28.8,69.7,-53.5,6.5,173.2,0x20,405.002,10.1,375,-1,2.4,,
2026-07-31T00:03:43.000Z,M20-403-2-02878,1469491423,43.98544,4.75630,13322.6,4.3,28.9,69.4,-53.6,6.5,173.1,0x20,405.002,9.7,375,-1,2.4,,
2026-07-31T00:03:44.000Z,M20-403-2-02878,1469491424,43.98552,4.75663,13326.8,3.8,27.7,71.1,-53.6,6.5,173.0,0x20,405.002,9.7,375,-1,2.4,,
2026-07-31T00:03:45.000Z,M20-403-2-02878,1469491425,43.98560,4.75696,13330.9,4.4,27.4,72.4,-53.6,6.5,172.9,0x20,405.002,10.0,375,-1,2.4,,
2026-07-31T00:03:47.000Z,M20-403-2-02878,1469491427,43.98575,4.75763,13339.6,4.2,28.8,73.6,-53.7,6.5,172.7,0x20,405.002,9.0,375,-1,2.4,,
2026-07-31T00:03:49.000Z,M20-403-2-02878,1469491429,43.98588,4.75830,13349.2,4.7,26.8,74.1,-53.8,6.5,172.4,0x20,405.002,6.3,375,-1,2.4,,
2026-07-31T00:03:50.000Z,M20-403-2-02878,1469491430,43.98595,4.75862,13354.0,5.1,27.6,72.5,-53.8,6.4,172.3,0x20,405.002,3.6,375,-1,2.4,,
2026-07-31T00:03:51.000Z,M20-403-2-02878,1469491431,43.98603,4.75895,13358.0,3.1,28.6,71.4,-53.8,6.4,172.2,0x20,405.002,3.3,375,-1,2.4,,
2026-07-31T00:03:52.000Z,M20-403-2-02878,1469491432,43.98611,4.75929,13362.0,5.6,28.0,71.0,-53.9,6.4,172.1,0x20,405.002,3.2,375,-1,2.4,,
2026-07-31T00:03:53.000Z,M20-403-2-02878,1469491433,43.98619,4.75962,13366.6,3.5,27.3,72.1,-53.9,6.4,171.9,0x20,405.002,3.8,375,-1,2.4,,
2026-07-31T00:03:54.000Z,M20-403-2-02878,1469491434,43.98626,4.75994,13370.6,5.2,27.6,71.7,-54.0,6.4,171.8,0x20,405.002,10.1,375,-1,2.4,,
2026-07-31T00:03:55.000Z,M20-403-2-02878,1469491435,43.98634,4.76027,13374.9,3.2,28.5,72.0,-54.0,6.4,171.7,0x20,405.002,10.1,375,-1,2.4,,
2026-07-31T00:03:56.000Z,M20-403-2-02878,1469491436,43.98642,4.76061,13379.4,5.4,28.2,73.3,-54.0,6.4,171.6,0x20,405.002,7.3,375,-1,2.4,,
2026-07-31T00:03:57.000Z,M20-403-2-02878,1469491437,43.98649,4.76094,13382.8,1.5,27.8,73.4,-54.1,6.4,171.5,0x20,405.002,9.6,375,-1,2.4,,
2026-07-31T00:03:58.000Z,M20-403-2-02878,1469491438,43.98656,4.76127,13385.1,3.1,27.6,74.1,-54.1,6.4,171.4,0x20,405.002,9.6,375,-1,2.4,,
2026-07-31T00:04:00.000Z,M20-403-2-02878,1469491440,43.98670,4.76193,13394.3,4.0,27.7,71.6,-54.2,6.4,171.1,0x20,405.002,9.0,375,-1,2.4,,
2026-07-31T00:04:01.000Z,M20-403-2-02878,1469491441,43.98678,4.76226,13399.1,5.5,28.0,72.9,-54.2,6.4,171.0,0x20,405.002,9.4,375,-1,2.4,,
2026-07-31T00:04:05.000Z,M20-403-2-02878,1469491445,43.98707,4.76360,13416.4,3.2,28.5,69.8,-54.3,6.3,170.6,0x20,405.002,3.4,375,-1,2.4,,
2026-07-31T00:04:06.000Z,M20-403-2-02878,1469491446,43.98715,4.76393,13420.9,5.6,28.6,71.5,-54.4,6.3,170.4,0x20,405.002,6.4,375,-1,2.4,,
2026-07-31T00:04:11.000Z,M20-403-2-02878,1469491451,43.98750,4.76562,13442.5,3.8,27.4,76.1,-54.5,6.3,169.9,0x20,405.002,8.4,375,-1,2.4,,
2026-07-31T00:04:22.000Z,M20-403-2-02878,1469491462,43.98826,4.76924,13489.5,3.8,27.3,73.6,-54.9,6.2,168.6,0x20,405.002,6.6,375,-1,2.4,,
2026-07-31T00:04:31.000Z,M20-403-2-02878,1469491471,43.98890,4.77213,13529.8,4.1,27.8,72.3,-55.3,6.2,167.6,0x20,405.002,3.1,375,-1,2.4,,
2026-07-31T00:04:32.000Z,M20-403-2-02878,1469491472,43.98897,4.77246,13534.5,5.6,27.8,73.5,-55.3,6.2,167.5,0x20,405.002,3.1,375,-1,2.4,,
2026-07-31T00:04:33.000Z,M20-403-2-02878,1469491473,43.98904,4.77279,13538.9,3.5,27.7,74.5,-55.3,6.2,167.3,0x20,405.002,4.7,375,-1,2.4,,
2026-07-31T00:04:42.000Z,M20-403-2-02878,1469491482,43.98965,4.77568,13575.3,3.8,25.9,74.1,-55.7,6.2,166.4,0x20,405.002,5.8,375,-1,2.4,,
2026-07-31T00:04:47.000Z,M20-403-2-02878,1469491487,43.98998,4.77731,13596.9,5.0,27.5,76.6,-55.9,6.2,165.8,0x20,405.002,7.1,375,-1,2.4,,
2026-07-31T00:04:48.000Z,M20-403-2-02878,1469491488,43.99003,4.77765,13601.2,4.2,28.2,76.4,-55.9,6.1,165.7,0x20,405.002,7.1,375,-1,2.4,,
2026-07-31T00:04:51.000Z,M20-403-2-02878,1469491491,43.99020,4.77864,13614.3,4.4,27.0,74.5,-56.0,6.2,165.3,0x20,405.002,6.7,375,-1,2.4,,
2026-07-31T00:04:54.000Z,M20-403-2-02878,1469491494,43.99039,4.77961,13626.4,3.5,26.1,75.1,-56.1,6.2,165.0,0x20,405.002,5.3,375,-1,2.4,,
2026-07-31T00:04:58.000Z,M20-403-2-02878,1469491498,43.99063,4.78093,13643.5,4.0,27.4,77.7,-56.3,6.2,164.5,0x20,405.002,3.4,375,-1,2.4,,
2026-07-31T00:04:59.000Z,M20-403-2-02878,1469491499,43.99068,4.78127,13647.0,3.5,27.3,77.8,-56.3,6.2,164.5,0x20,405.002,7.2,375,-1,2.4,,
2026-07-31T00:05:43.000Z,M20-403-2-02878,1469491543,43.99295,4.79570,13833.4,5.3,27.2,79.0,-57.9,6.2,159.6,0x20,405.002,5.4,0,-1,2.4,,
2026-07-31T00:05:59.000Z,M20-403-2-02878,1469491559,43.99363,4.80070,13898.9,4.1,24.2,77.1,-58.3,6.3,157.9,0x20,405.002,5.7,-375,-1,2.4,,
2026-07-31T00:06:03.000Z,M20-403-2-02878,1469491563,43.99379,4.80190,13914.6,4.1,24.7,81.2,-58.4,6.4,157.5,0x20,405.002,3.3,-375,-1,2.4,,
2026-07-31T00:06:49.000Z,M20-403-2-02878,1469491609,43.99551,4.81484,14113.2,3.3,21.3,78.6,-59.5,6.7,152.5,0x20,405.002,7.1,-375,-1,2.4,,
2026-07-31T00:06:56.000Z,M20-403-2-02878,1469491616,43.99576,4.81663,14143.3,3.1,19.9,77.1,-59.7,6.7,151.7,0x20,405.002,4.7,-375,-1,2.4,,
2026-07-31T00:07:09.000Z,M20-403-2-02878,1469491629,43.99628,4.81979,14200.7,3.9,18.9,76.3,-59.9,6.8,150.3,0x20,405.002,6.6,-375,-1,2.4,,
2026-07-31T00:07:28.000Z,M20-403-2-02878,1469491648,43.99727,4.82420,14282.8,4.0,20.6,67.8,-60.3,7.0,148.3,0x20,405.002,6.9,-375,-1,2.3,,
2026-07-31T00:07:32.000Z,M20-403-2-02878,1469491652,43.99755,4.82510,14299.8,4.9,18.3,65.7,-60.4,7.0,147.9,0x20,405.002,3.2,-375,-1,2.3,,
2026-07-31T00:07:35.000Z,M20-403-2-02878,1469491655,43.99774,4.82576,14316.0,7.5,18.6,67.9,-60.4,7.0,147.5,0x20,405.002,7.5,-375,-1,2.3,,
2026-07-31T00:07:37.000Z,M20-403-2-02878,1469491657,43.99788,4.82618,14325.8,4.4,18.3,62.9,-60.4,7.0,147.3,0x20,405.002,7.7,-375,-1,2.3,,
2026-07-31T00:07:39.000Z,M20-403-2-02878,1469491659,43.99802,4.82659,14335.0,3.8,19.1,64.7,-60.4,7.0,147.1,0x20,405.002,7.0,-375,-1,2.3,,
2026-07-31T00:07:43.000Z,M20-403-2-02878,1469491663,43.99833,4.82740,14352.8,4.3,17.5,65.7,-60.5,7.0,146.6,0x20,405.002,6.1,-375,-1,2.3,,
2026-07-31T00:07:46.000Z,M20-403-2-02878,1469491666,43.99856,4.82802,14366.3,4.2,19.6,58.4,-60.6,7.1,146.3,0x20,405.002,3.3,-375,-1,2.3,,
2026-07-31T00:07:51.000Z,M20-403-2-02878,1469491671,43.99901,4.82893,14387.1,5.4,17.3,54.1,-60.6,7.1,145.8,0x20,405.002,6.7,-375,-1,2.3,,
2026-07-31T00:09:14.000Z,M20-403-2-02878,1469491754,44.00955,4.84446,14737.8,4.2,22.2,48.9,-62.6,6.9,137.6,0x20,405.002,6.3,-750,-1,2.3,,
2026-07-31T00:09:26.000Z,M20-403-2-02878,1469491766,44.01125,4.84703,14789.3,4.0,24.6,47.3,-62.9,7.0,136.4,0x20,405.002,7.6,-1125,-1,2.3,,
2026-07-31T00:09:27.000Z,M20-403-2-02878,1469491767,44.01140,4.84725,14794.0,5.4,24.3,49.3,-62.9,6.9,136.3,0x20,405.002,7.8,-1125,-1,2.3,,
2026-07-31T00:09:30.000Z,M20-403-2-02878,1469491770,44.01181,4.84794,14806.4,3.9,23.6,49.0,-63.0,6.9,136.0,0x20,405.002,3.6,-1125,-1,2.3,,
2026-07-31T00:09:35.000Z,M20-403-2-02878,1469491775,44.01250,4.84909,14828.2,4.0,25.2,51.0,-63.0,6.9,135.5,0x20,405.002,8.2,-1125,-1,2.3,,
2026-07-31T00:09:37.000Z,M20-403-2-02878,1469491777,44.01277,4.84958,14837.5,3.1,24.5,54.9,-63.1,6.9,135.3,0x20,405.002,7.0,-1125,-1,2.3,,
2026-07-31T00:09:38.000Z,M20-403-2-02878,1469491778,44.01290,4.84983,14841.5,5.1,23.8,55.7,-63.1,6.9,135.2,0x20,405.002,7.2,-1125,-1,2.3,,
2026-07-31T00:09:40.000Z,M20-403-2-02878,1469491780,44.01315,4.85030,14849.9,5.3,22.5,53.1,-63.0,6.9,135.0,0x20,405.002,9.3,-1125,-1,2.3,,
2026-07-31T00:09:41.000Z,M20-403-2-02878,1469491781,44.01326,4.85052,14854.2,3.3,22.1,55.2,-63.0,6.9,134.9,0x20,405.002,9.3,-1125,-1,2.3,,
2026-07-31T00:09:42.000Z,M20-403-2-02878,1469491782,44.01337,4.85075,14857.9,4.7,21.9,55.4,-63.0,6.9,134.9,0x20,405.002,4.4,-1125,-1,2.3,,
2026-07-31T00:09:44.000Z,M20-403-2-02878,1469491784,44.01362,4.85119,14866.9,4.1,23.6,50.4,-63.0,6.9,134.7,0x20,405.002,3.2,-1125,-1,2.3,,
2026-07-31T00:09:45.000Z,M20-403-2-02878,1469491785,44.01376,4.85142,14871.3,4.4,24.4,52.7,-63.0,6.9,134.6,0x20,405.002,4.4,-1125,-1,2.3,,
2026-07-31T00:09:46.000Z,M20-403-2-02878,1469491786,44.01389,4.85167,14875.3,3.5,24.5,55.4,-63.0,6.9,134.5,0x20,405.002,5.9,-1125,-1,2.3,,
2026-07-31T00:09:48.000Z,M20-403-2-02878,1469491788,44.01413,4.85217,14883.1,4.5,24.2,54.3,-63.0,6.9,134.3,0x20,405.002,8.6,-1125,-1,2.3,,
2026-07-31T00:09:49.000Z,M20-403-2-02878,1469491789,44.01426,4.85241,14887.3,4.2,23.4,53.4,-63.0,6.9,134.2,0x20,405.002,8.6,-1125,-1,2.3,,
2026-07-31T00:09:53.000Z,M20-403-2-02878,1469491793,44.01470,4.85332,14907.1,4.3,22.0,55.9,-63.1,6.9,133.8,0x20,405.002,6.0,-1125,-1,2.3,,
2026-07-31T00:09:57.000Z,M20-403-2-02878,1469491797,44.01514,4.85429,14923.8,5.2,23.3,56.8,-63.1,6.9,133.4,0x20,405.002,3.4,-1125,-1,2.3,,
2026-07-31T00:09:58.000Z,M20-403-2-02878,1469491798,44.01525,4.85453,14928.4,4.9,23.1,56.8,-63.1,6.9,133.3,0x20,405.002,7.0,-1125,-1,2.3,,
2026-07-31T00:09:59.000Z,M20-403-2-02878,1469491799,44.01536,4.85477,14933.0,4.5,22.7,58.9,-63.1,6.9,133.2,0x20,405.002,7.2,-1125,-1,2.3,,
2026-07-31T00:10:00.000Z,M20-403-2-02878,1469491800,44.01547,4.85501,14936.8,3.3,22.5,59.7,-63.1,6.9,133.1,0x20,405.002,9.9,-1125,-1,2.3,,
2026-07-31T00:10:01.000Z,M20-403-2-02878,1469491801,44.01557,4.85525,14940.5,3.9,22.6,58.7,-63.1,6.9,133.0,0x20,405.002,9.9,-1125,-1,2.3,,
2026-07-31T00:10:03.000Z,M20-403-2-02878,1469491803,44.01579,4.85573,14948.4,4.5,24.1,57.3,-63.1,6.9,132.8,0x20,405.002,9.7,-1125,-1,2.3,,
2026-07-31T00:10:04.000Z,M20-403-2-02878,1469491804,44.01591,4.85599,14952.8,4.1,25.3,58.4,-63.1,7.0,132.7,0x20,405.002,9.9,-1125,-1,2.3,,
2026-07-31T00:10:05.000Z,M20-403-2-02878,1469491805,44.01603,4.85627,14956.5,3.3,25.4,60.7,-63.1,7.0,132.6,0x20,405.002,9.9,-1125,-1,2.3,,
2026-07-31T00:10:07.000Z,M20-403-2-02878,1469491807,44.01624,4.85679,14965.5,2.8,23.1,58.2,-63.2,7.0,132.4,0x20,405.002,6.9,-750,-1,2.3,,
2026-07-31T00:10:08.000Z,M20-403-2-02878,1469491808,44.01634,4.85703,14969.4,4.4,21.6,62.7,-63.2,6.9,132.3,0x20,405.002,7.1,-1125,-1,2.3,,
2026-07-31T00:10:09.000Z,M20-403-2-02878,1469491809,44.01642,4.85727,14973.7,4.2,21.4,65.7,-63.2,6.9,132.2,0x20,405.002,3.7,-1125,-1,2.3,,
2026-07-31T00:10:10.000Z,M20-403-2-02878,1469491810,44.01650,4.85751,14977.4,3.9,21.1,66.9,-63.2,6.9,132.2,0x20,405.002,3.5,-750,-1,2.3,,
2026-07-31T00:10:11.000Z,M20-403-2-02878,1469491811,44.01657,4.85775,14982.2,5.4,21.0,67.4,-63.2,6.9,132.1,0x20,405.002,5.5,-1125,-1,2.3,,
2026-07-31T00:10:12.000Z,M20-403-2-02878,1469491812,44.01665,4.85799,14986.8,4.0,21.0,64.5,-63.2,7.0,132.0,0x20,405.002,8.8,-1125,-1,2.3,,
2026-07-31T00:10:13.000Z,M20-403-2-02878,1469491813,44.01673,4.85823,14990.9,4.2,22.2,66.2,-63.2,7.0,131.9,0x20,405.002,8.8,-1125,-1,2.3,,
2026-07-31T00:10:14.000Z,M20-403-2-02878,1469491814,44.01681,4.85850,14995.3,4.3,24.2,66.3,-63.1,7.0,131.8,0x20,405.002,9.6,-1125,-1,2.3,,
2026-07-31T00:10:15.000Z,M20-403-2-02878,1469491815,44.01690,4.85878,14999.7,3.9,25.2,67.2,-63.0,7.0,131.7,0x20,405.002,9.6,-1125,-1,2.3,,
2026-07-31T00:10:16.000Z,M20-403-2-02878,1469491816,44.01699,4.85907,15004.3,5.4,25.1,65.6,-62.9,7.0,131.6,0x20,405.002,10.0,-1125,-1,2.3,,
2026-07-31T00:10:17.000Z,M20-403-2-02878,1469491817,44.01708,4.85934,15009.1,4.1,24.1,63.6,-62.8,7.0,131.5,0x20,405.002,10.0,-1125,-1,2.3,,
2026-07-31T00:10:18.000Z,M20-403-2-02878,1469491818,44.01717,4.85961,15014.0,5.3,22.9,64.9,-62.7,7.0,131.4,0x20,405.002,10.5,-1125,-1,2.3,,
2026-07-31T00:10:19.000Z,M20-403-2-02878,1469491819,44.01725,4.85987,15018.4,3.6,22.7,67.5,-62.7,7.0,131.3,0x20,405.002,10.5,-750,-1,2.3,,
2026-07-31T00:10:20.000Z,M20-403-2-02878,1469491820,44.01733,4.86012,15022.6,4.7,21.7,70.0,-62.6,7.0,131.2,0x20,405.002,8.8,-1125,-1,2.3,,
2026-07-31T00:10:22.000Z,M20-403-2-02878,1469491822,44.01746,4.86061,15031.7,4.5,20.5,68.8,-62.5,7.1,131.0,0x20,405.002,8.8,-1125,-1,2.3,,
2026-07-31T00:10:24.000Z,M20-403-2-02878,1469491824,44.01758,4.86112,15040.1,3.1,22.5,71.7,-62.4,7.0,130.8,0x20,405.002,5.4,-1125,-1,2.3,,
2026-07-31T00:10:27.000Z,M20-403-2-02878,1469491827,44.01776,4.86189,15051.7,2.9,20.2,71.2,-62.2,7.0,130.6,0x20,405.002,7.2,-1125,-1,2.3,,
2026-07-31T00:10:29.000Z,M20-403-2-02878,1469491829,44.01787,4.86236,15059.9,4.1,20.3,72.1,-62.2,7.1,130.4,0x20,405.002,8.0,-1125,-1,2.3,,
2026-07-31T00:10:30.000Z,M20-403-2-02878,1469491830,44.01793,4.86261,15064.1,4.3,20.8,73.7,-62.2,7.1,130.3,0x20,405.002,8.2,-1125,-1,2.3,,
2026-07-31T00:10:32.000Z,M20-403-2-02878,1469491832,44.01804,4.86308,15072.8,3.0,19.3,69.6,-62.1,7.1,130.1,0x20,405.002,5.8,-1125,-1,2.3,,
2026-07-31T00:10:33.000Z,M20-403-2-02878,1469491833,44.01810,4.86331,15077.3,6.0,19.5,72.8,-62.1,7.2,130.0,0x20,405.002,5.8,-1125,-1,2.3,,
2026-07-31T00:10:34.000Z,M20-403-2-02878,1469491834,44.01815,4.86355,15082.0,3.5,20.1,74.9,-62.1,7.1,130.0,0x20,405.002,4.0,-1125,-1,2.3,,
2026-07-31T00:10:36.000Z,M20-403-2-02878,1469491836,44.01824,4.86402,15090.0,5.1,19.3,74.3,-62.1,7.2,129.8,0x20,405.002,3.4,-1125,-1,2.3,,
2026-07-31T00:10:38.000Z,M20-403-2-02878,1469491838,44.01833,4.86447,15099.4,6.0,18.9,74.9,-62.0,7.2,129.6,0x20,405.002,6.4,-1125,-1,2.3,,
2026-07-31T00:10:40.000Z,M20-403-2-02878,1469491840,44.01842,4.86494,15109.3,6.2,19.1,75.3,-62.0,7.2,129.4,0x20,405.002,6.1,-1125,-1,2.3,,
2026-07-31T00:10:42.000Z,M20-403-2-02878,1469491842,44.01851,4.86537,15118.2,4.7,17.4,73.1,-61.9,7.2,129.2,0x20,405.002,6.4,-1125,-1,2.3,,
2026-07-31T00:10:49.000Z,M20-403-2-02878,1469491849,44.01883,4.86677,15151.5,5.8,15.5,72.3,-61.7,7.3,128.5,0x20,405.002,3.7,-1125,-1,2.3,,
2026-07-31T00:10:51.000Z,M20-403-2-02878,1469491851,44.01893,4.86713,15160.4,3.2,15.9,67.1,-61.6,7.3,128.3,0x20,405.002,5.1,-1125,-1,2.3,,
2026-07-31T00:10:54.000Z,M20-403-2-02878,1469491854,44.01908,4.86771,15174.0,5.1,16.4,72.1,-61.6,7.3,128.0,0x20,405.002,7.7,-1125,-1,2.3,,
2026-07-31T00:10:57.000Z,M20-403-2-02878,1469491857,44.01922,4.86824,15188.0,3.5,14.4,71.4,-61.6,7.4,127.7,0x20,405.002,7.4,-1125,-1,2.3,,
2026-07-31T00:10:58.000Z,M20-403-2-02878,1469491858,44.01926,4.86841,15192.2,5.3,14.6,71.2,-61.6,7.4,127.6,0x20,405.002,7.7,-1125,-1,2.3,,
2026-07-31T00:10:59.000Z,M20-403-2-02878,1469491859,44.01931,4.86858,15197.0,4.2,14.3,67.4,-61.6,7.4,127.5,0x20,405.002,7.7,-1125,-1,2.3,,
2026-07-31T00:11:00.000Z,M20-403-2-02878,1469491860,44.01936,4.86874,15201.1,4.3,14.7,66.2,-61.6,7.3,127.4,0x20,405.002,3.1,-1125,-1,2.3,,
2026-07-31T00:11:01.000Z,M20-403-2-02878,1469491861,44.01941,4.86891,15206.0,5.3,14.8,69.1,-61.7,7.4,127.3,0x20,405.002,3.9,-1125,-1,2.3,,
2026-07-31T00:11:02.000Z,M20-403-2-02878,1469491862,44.01946,4.86909,15210.3,3.4,15.6,71.8,-61.7,7.3,127.2,0x20,405.002,3.9,-1125,-1,2.3,,
2026-07-31T00:11:04.000Z,M20-403-2-02878,1469491864,44.01955,4.86945,15219.2,4.0,15.3,65.3,-61.7,7.4,127.0,0x20,405.002,6.9,-1125,-1,2.3,,
2026-07-31T00:11:06.000Z,M20-403-2-02878,1469491866,44.01967,4.86979,15227.5,4.2,15.0,64.1,-61.7,7.3,126.8,0x20,405.002,6.5,-1125,-1,2.3,,
2026-07-31T00:11:07.000Z,M20-403-2-02878,1469491867,44.01973,4.86996,15231.9,4.5,14.6,68.5,-61.7,7.3,126.8,0x20,405.002,6.5,-1125,-1,2.3,,
2026-07-31T00:11:09.000Z,M20-403-2-02878,1469491869,44.01983,4.87027,15241.1,4.7,13.8,63.2,-61.7,7.3,126.6,0x20,405.002,7.6,-1125,-1,2.3,,
2026-07-31T00:11:10.000Z,M20-403-2-02878,1469491870,44.01988,4.87043,15246.1,5.5,14.1,67.4,-61.7,7.4,126.5,0x20,405.002,7.6,-1125,-1,2.3,,
2026-07-31T00:11:22.000Z,M20-403-2-02878,1469491882,44.02040,4.87243,15297.6,3.3,13.6,71.2,-61.5,7.3,125.4,0x20,405.002,8.1,-1125,-1,2.3,,
2026-07-31T00:11:25.000Z,M20-403-2-02878,1469491885,44.02050,4.87289,15310.1,4.6,12.8,76.9,-61.3,7.3,125.1,0x20,405.002,6.8,-1125,-1,2.3,,
2026-07-31T00:11:27.000Z,M20-403-2-02878,1469491887,44.02056,4.87319,15318.2,4.4,12.6,71.4,-61.3,7.3,125.0,0x20,405.002,4.2,-1125,-1,2.3,,
2026-07-31T00:11:29.000Z,M20-403-2-02878,1469491889,44.02062,4.87349,15327.7,4.0,12.8,76.3,-61.3,7.2,124.8,0x20,405.002,5.1,-1125,-1,2.3,,
2026-07-31T00:11:30.000Z,M20-403-2-02878,1469491890,44.02065,4.87364,15332.8,6.0,12.5,74.1,-61.3,7.2,124.7,0x20,405.002,7.1,-1125,-1,2.3,,
2026-07-31T00:11:39.000Z,M20-403-2-02878,1469491899,44.02093,4.87495,15371.8,5.4,13.4,73.5,-61.5,7.2,123.9,0x20,405.002,4.0,-1125,-1,2.3,,
2026-07-31T00:11:40.000Z,M20-403-2-02878,1469491900,44.02096,4.87510,15376.2,3.5,13.4,70.2,-61.5,7.2,123.8,0x20,405.002,3.9,-1125,-1,2.3,,
2026-07-31T00:11:41.000Z,M20-403-2-02878,1469491901,44.02100,4.87526,15380.7,5.8,13.1,74.8,-61.6,7.2,123.7,0x20,405.002,3.9,-1125,-1,2.3,,
2026-07-31T00:11:45.000Z,M20-403-2-02878,1469491905,44.02107,4.87583,15398.8,5.4,10.6,83.8,-61.7,7.1,123.4,0x20,405.002,6.3,-1125,-1,2.3,,
2026-07-31T00:11:49.000Z,M20-403-2-02878,1469491909,44.02112,4.87640,15416.5,4.2,11.9,76.3,-61.7,7.0,123.0,0x20,405.002,7.7,-1125,-1,2.3,,
2026-07-31T00:11:50.000Z,M20-403-2-02878,1469491910,44.02114,4.87655,15421.4,5.8,12.0,82.1,-61.8,7.1,122.9,0x20,405.002,7.7,-1125,-1,2.3,,
2026-07-31T00:11:51.000Z,M20-403-2-02878,1469491911,44.02115,4.87670,15425.9,3.4,12.3,87.4,-61.8,7.0,122.8,0x20,405.002,7.0,-1125,-1,2.3,,
2026-07-31T00:11:52.000Z,M20-403-2-02878,1469491912,44.02116,4.87685,15430.5,5.9,12.1,90.4,-61.8,7.0,122.7,0x20,405.002,4.5,-1125,-1,2.3,,
2026-07-31T00:11:53.000Z,M20-403-2-02878,1469491913,44.02116,4.87699,15435.3,3.8,11.2,87.6,-61.8,7.0,122.6,0x20,405.002,3.5,-1125,-1,2.3,,
2026-07-31T00:11:54.000Z,M20-403-2-02878,1469491914,44.02116,4.87713,15439.8,5.1,10.5,91.3,-61.9,7.0,122.5,0x20,405.002,3.5,-1125,-1,2.3,,
2026-07-31T00:11:56.000Z,M20-403-2-02878,1469491916,44.02114,4.87738,15447.9,4.4,9.6,99.1,-61.8,6.9,122.3,0x20,405.002,6.8,-1125,-1,2.3,,
2026-07-31T00:11:57.000Z,M20-403-2-02878,1469491917,44.02113,4.87750,15452.8,5.3,8.7,92.0,-61.8,7.0,122.2,0x20,405.002,8.2,-1125,-1,2.3,,
2026-07-31T00:11:59.000Z,M20-403-2-02878,1469491919,44.02114,4.87771,15461.0,5.5,9.3,81.8,-61.8,6.9,122.1,0x20,405.002,6.6,-1125,-1,2.3,,
2026-07-31T00:12:00.000Z,M20-403-2-02878,1469491920,44.02115,4.87783,15465.5,3.5,10.4,86.0,-61.8,6.9,122.0,0x20,405.002,7.7,-1125,-1,2.3,,
2026-07-31T00:12:01.000Z,M20-403-2-02878,1469491921,44.02116,4.87797,15469.9,5.6,11.0,84.1,-61.7,6.9,121.9,0x20,405.002,7.7,-1125,-1,2.3,,
2026-07-31T00:12:02.000Z,M20-403-2-02878,1469491922,44.02117,4.87810,15474.2,3.0,11.1,81.6,-61.7,6.9,121.8,0x20,405.002,8.6,-1125,-1,2.3,,
2026-07-31T00:12:04.000Z,M20-403-2-02878,1469491924,44.02119,4.87836,15483.0,4.6,9.9,89.2,-61.7,6.9,121.6,0x20,405.002,8.6,-1125,-1,2.3,,
2026-07-31T00:12:05.000Z,M20-403-2-02878,1469491925,44.02119,4.87848,15487.6,4.6,8.8,90.3,-61.7,6.8,121.5,0x20,405.002,6.8,-1125,-1,2.3,,
2026-07-31T00:12:07.000Z,M20-403-2-02878,1469491927,44.02120,4.87868,15497.1,3.1,8.0,74.5,-61.6,6.8,121.3,0x20,405.002,3.1,-1125,-1,2.3,,
2026-07-31T00:12:08.000Z,M20-403-2-02878,1469491928,44.02122,4.87878,15501.6,6.1,8.3,77.7,-61.6,6.8,121.2,0x20,405.002,7.9,-1125,-1,2.3,,
2026-07-31T00:12:10.000Z,M20-403-2-02878,1469491930,44.02125,4.87899,15510.9,5.6,9.6,76.5,-61.6,6.8,121.1,0x20,405.002,8.7,-1125,-1,2.3,,
2026-07-31T00:12:11.000Z,M20-403-2-02878,1469491931,44.02128,4.87911,15515.6,3.7,9.9,71.9,-61.6,6.7,121.0,0x20,405.002,8.7,-1125,-1,2.3,,
2026-07-31T00:12:12.000Z,M20-403-2-02878,1469491932,44.02131,4.87922,15519.8,5.2,9.8,70.2,-61.6,6.8,120.9,0x20,405.002,7.7,-1125,-1,2.3,,
2026-07-31T00:12:13.000Z,M20-403-2-02878,1469491933,44.02133,4.87934,15524.7,4.5,9.7,76.8,-61.6,6.7,120.8,0x20,405.002,7.8,-1125,-1,2.3,,
2026-07-31T00:12:14.000Z,M20-403-2-02878,1469491934,44.02135,4.87946,15529.1,4.4,9.8,78.8,-61.6,6.7,120.7,0x20,405.002,8.5,-1125,-1,2.3,,
2026-07-31T00:12:17.000Z,M20-403-2-02878,1469491937,44.02143,4.87978,15543.8,4.7,8.1,62.0,-61.7,6.7,120.4,0x20,405.002,6.1,-1125,-1,2.3,,
2026-07-31T00:12:18.000Z,M20-403-2-02878,1469491938,44.02146,4.87986,15548.6,5.1,6.8,70.8,-61.7,6.7,120.3,0x20,405.002,6.1,-1125,-1,2.3,,
2026-07-31T00:12:19.000Z,M20-403-2-02878,1469491939,44.02148,4.87994,15553.1,4.4,6.4,72.2,-61.8,6.6,120.3,0x20,405.002,4.1,-1125,-1,2.3,,
2026-07-31T00:12:20.000Z,M20-403-2-02878,1469491940,44.02150,4.88002,15557.8,5.7,6.7,59.8,-61.8,6.6,120.2,0x20,405.002,4.1,-1125,-1,2.2,,
2026-07-31T00:12:22.000Z,M20-403-2-02878,1469491942,44.02158,4.88018,15566.1,4.8,8.7,54.6,-61.8,6.6,120.0,0x20,405.002,8.6,-1125,-1,2.3,,
2026-07-31T00:12:23.000Z,M20-403-2-02878,1469491943,44.02162,4.88027,15570.8,5.2,8.5,62.6,-61.8,6.6,119.9,0x20,405.002,10.1,-1125,-1,2.2,,
2026-07-31T00:12:24.000Z,M20-403-2-02878,1469491944,44.02166,4.88037,15575.5,4.5,8.8,65.6,-61.8,6.6,119.8,0x20,405.002,10.1,-1125,-1,2.2,,
2026-07-31T00:12:25.000Z,M20-403-2-02878,1469491945,44.02169,4.88047,15580.4,5.7,9.7,65.3,-61.8,6.6,119.7,0x20,405.002,9.9,-1125,-1,2.3,,
2026-07-31T00:12:28.000Z,M20-403-2-02878,1469491948,44.02181,4.88079,15594.4,4.5,8.0,67.2,-61.9,6.5,119.4,0x20,405.002,8.5,-1125,-1,2.2,,
2026-07-31T00:12:29.000Z,M20-403-2-02878,1469491949,44.02184,4.88088,15598.7,4.3,7.6,65.0,-61.9,6.5,119.3,0x20,405.002,9.1,-1125,-1,2.2,,
2026-07-31T00:12:30.000Z,M20-403-2-02878,1469491950,44.02187,4.88097,15603.1,4.4,8.5,58.5,-61.9,6.5,119.2,0x20,405.002,9.1,-1125,-1,2.3,,
2026-07-31T00:12:31.000Z,M20-403-2-02878,1469491951,44.02192,4.88106,15607.5,4.4,9.8,47.0,-62.0,6.5,119.2,0x20,405.002,4.4,-1125,-1,2.2,,
2026-07-31T00:12:32.000Z,M20-403-2-02878,1469491952,44.02198,4.88115,15611.2,3.4,10.5,41.9,-62.0,6.5,119.1,0x20,405.002,3.2,-1125,-1,2.2,,
2026-07-31T00:12:33.000Z,M20-403-2-02878,1469491953,44.02205,4.88123,15615.4,5.0,9.9,37.2,-62.1,6.5,119.0,0x20,405.002,3.5,-1125,-1,2.2,,
2026-07-31T00:12:34.000Z,M20-403-2-02878,1469491954,44.02212,4.88131,15620.2,5.0,8.5,43.7,-62.1,6.4,118.9,0x20,405.002,7.3,-1125,-1,2.2,,
2026-07-31T00:12:35.000Z,M20-403-2-02878,1469491955,44.02217,4.88138,15623.8,3.0,7.6,49.9,-62.1,6.5,118.8,0x20,405.002,9.5,-1125,-1,2.2,,
2026-07-31T00:12:36.000Z,M20-403-2-02878,1469491956,44.02221,4.88145,15628.0,5.7,7.7,59.2,-62.1,6.4,118.7,0x20,405.002,9.5,-1125,-1,2.2,,
2026-07-31T00:12:37.000Z,M20-403-2-02878,1469491957,44.02225,4.88155,15632.9,3.7,9.3,57.3,-62.1,6.4,118.7,0x20,405.002,10.6,-1125,-1,2.2,,
2026-07-31T00:12:38.000Z,M20-403-2-02878,1469491958,44.02229,4.88164,15636.3,3.1,9.7,56.2,-62.1,6.4,118.6,0x20,405.002,11.8,-1125,-1,2.2,,
2026-07-31T00:12:39.000Z,M20-403-2-02878,1469491959,44.02234,4.88175,15640.1,4.1,10.3,59.7,-62.1,6.3,118.5,0x20,405.002,11.8,-1125,-1,2.2,,
2026-07-31T00:12:40.000Z,M20-403-2-02878,1469491960,44.02238,4.88186,15644.2,3.4,10.3,60.6,-62.1,6.4,118.4,0x20,405.002,11.3,-1125,-1,2.2,,
2026-07-31T00:12:41.000Z,M20-403-2-02878,1469491961,44.02244,4.88197,15648.8,5.7,11.0,53.0,-62.1,6.4,118.3,0x20,405.002,11.8,-1125,-1,2.2,,
2026-07-31T00:12:42.000Z,M20-403-2-02878,1469491962,44.02250,4.88207,15653.4,3.4,11.4,45.7,-62.1,6.3,118.2,0x20,405.002,11.8,-1125,-1,2.2,,
2026-07-31T00:12:43.000Z,M20-403-2-02878,1469491963,44.02257,4.88216,15658.4,5.6,10.9,43.8,-62.2,6.3,118.1,0x20,405.002,11.2,-1125,-1,2.2,,
2026-07-31T00:12:44.000Z,M20-403-2-02878,1469491964,44.02264,4.88225,15663.5,4.0,9.6,42.0,-62.2,6.3,118.0,0x20,405.002,8.9,-1125,-1,2.2,,
2026-07-31T00:12:45.000Z,M20-403-2-02878,1469491965,44.02270,4.88233,15668.0,4.8,9.4,42.8,-62.2,6.3,118.0,0x20,405.002,4.1,-1125,-1,2.2,,
2026-07-31T00:12:46.000Z,M20-403-2-02878,1469491966,44.02276,4.88241,15673.0,4.1,9.7,41.9,-62.2,6.3,117.9,0x20,405.002,6.0,-1125,-1,2.2,,
2026-07-31T00:12:47.000Z,M20-403-2-02878,1469491967,44.02283,4.88249,15677.1,4.4,9.7,46.1,-62.2,6.3,117.8,0x20,405.002,7.0,-1125,-1,2.2,,
2026-07-31T00:12:48.000Z,M20-403-2-02878,1469491968,44.02288,4.88258,15682.0,5.2,8.7,56.7,-62.2,6.2,117.7,0x20,405.002,9.5,-1125,-1,2.2,,
2026-07-31T00:12:49.000Z,M20-403-2-02878,1469491969,44.02292,4.88267,15686.3,3.3,8.7,61.5,-62.2,6.3,117.6,0x20,405.002,11.4,-1125,-1,2.2,,
2026-07-31T00:12:50.000Z,M20-403-2-02878,1469491970,44.02296,4.88277,15690.5,5.5,9.4,63.0,-62.1,6.2,117.5,0x20,405.002,11.4,-1125,-1,2.2,,
2026-07-31T00:12:51.000Z,M20-403-2-02878,1469491971,44.02300,4.88287,15695.1,3.5,10.5,57.2,-62.1,6.2,117.4,0x20,405.002,11.3,-1125,-1,2.2,,
2026-07-31T00:12:52.000Z,M20-403-2-02878,1469491972,44.02306,4.88298,15699.2,4.7,10.5,52.3,-62.0,6.2,117.4,0x20,405.002,8.0,-1125,-1,2.2,,
2026-07-31T00:12:53.000Z,M20-403-2-02878,1469491973,44.02312,4.88307,15704.3,5.3,9.5,48.9,-62.0,6.2,117.2,0x20,405.002,8.7,-1125,-1,2.2,,
2026-07-31T00:12:54.000Z,M20-403-2-02878,1469491974,44.02317,4.88316,15708.7,3.8,8.3,49.3,-62.0,6.2,117.2,0x20,405.002,11.2,-1125,-1,2.2,,
2026-07-31T00:12:55.000Z,M20-403-2-02878,1469491975,44.02322,4.88324,15713.2,5.2,9.2,47.7,-62.0,6.2,117.1,0x20,405.002,11.2,-1125,-1,2.2,,
2026-07-31T00:12:56.000Z,M20-403-2-02878,1469491976,44.02328,4.88333,15718.1,4.7,9.6,48.7,-62.0,6.2,117.0,0x20,405.002,10.2,-1125,-1,2.2,,
2026-07-31T00:12:57.000Z,M20-403-2-02878,1469491977,44.02333,4.88342,15722.8,5.1,9.7,53.6,-62.1,6.1,116.9,0x20,405.002,4.1,-1125,-1,2.2,,
2026-07-31T00:12:58.000Z,M20-403-2-02878,1469491978,44.02338,4.88352,15727.0,4.5,9.4,58.0,-62.1,6.1,116.8,0x20,405.002,4.1,-1125,-1,2.2,,
2026-07-31T00:12:59.000Z,M20-403-2-02878,1469491979,44.02343,4.88362,15731.4,4.1,9.6,63.5,-62.1,6.1,116.7,0x20,405.002,3.1,-1125,-1,2.2,,
2026-07-31T00:13:00.000Z,M20-403-2-02878,1469491980,44.02347,4.88373,15735.9,5.1,11.0,68.1,-62.2,6.1,116.7,0x20,405.002,8.1,-1125,-1,2.2,,
2026-07-31T00:13:01.000Z,M20-403-2-02878,1469491981,44.02351,4.88386,15740.1,3.1,12.0,60.7,-62.2,6.1,116.6,0x20,405.002,8.1,-1125,-1,2.2,,
2026-07-31T00:13:02.000Z,M20-403-2-02878,1469491982,44.02356,4.88399,15743.7,4.2,12.0,60.6,-62.2,6.1,116.5,0x20,405.002,7.7,-1125,-1,2.2,,
2026-07-31T00:13:03.000Z,M20-403-2-02878,1469491983,44.02362,4.88411,15747.9,4.2,10.6,58.4,-62.2,6.1,116.4,0x20,405.002,7.7,-1125,-1,2.2,,
2026-07-31T00:13:04.000Z,M20-403-2-02878,1469491984,44.02366,4.88422,15751.6,3.8,9.3,61.7,-62.2,6.1,116.3,0x20,405.002,11.6,-1125,-1,2.2,,
2026-07-31T00:13:05.000Z,M20-403-2-02878,1469491985,44.02370,4.88432,15755.6,4.3,8.9,63.7,-62.2,6.1,116.3,0x20,405.002,11.6,-1125,-1,2.2,,
2026-07-31T00:13:06.000Z,M20-403-2-02878,1469491986,44.02374,4.88442,15760.5,5.3,10.2,57.3,-62.3,6.0,116.2,0x20,405.002,10.2,-1125,-1,2.2,,
2026-07-31T00:13:07.000Z,M20-403-2-02878,1469491987,44.02380,4.88453,15765.2,4.2,10.7,52.1,-62.3,6.0,116.1,0x20,405.002,10.2,-1125,-1,2.2,,
2026-07-31T00:13:08.000Z,M20-403-2-02878,1469491988,44.02386,4.88463,15770.3,6.1,11.2,53.4,-62.3,6.0,116.0,0x20,405.002,10.3,-1125,-1,2.2,,
2026-07-31T00:13:09.000Z,M20-403-2-02878,1469491989,44.02391,4.88474,15775.0,3.4,10.7,56.2,-62.4,6.0,115.9,0x20,405.002,10.3,-1125,-1,2.2,,
2026-07-31T00:13:10.000Z,M20-403-2-02878,1469491990,44.02396,4.88485,15779.1,4.6,10.7,58.4,-62.4,6.0,115.9,0x20,405.002,5.7,-1125,-1,2.2,,
2026-07-31T00:13:11.000Z,M20-403-2-02878,1469491991,44.02402,4.88497,15783.4,4.7,10.9,54.5,-62.4,6.0,115.8,0x20,405.002,3.2,-1125,-1,2.2,,
2026-07-31T00:13:12.000Z,M20-403-2-02878,1469491992,44.02408,4.88507,15788.0,4.4,11.1,52.3,-62.5,6.0,115.7,0x20,405.002,3.5,-1125,-1,2.2,,
2026-07-31T00:13:13.000Z,M20-403-2-02878,1469491993,44.02413,4.88518,15792.3,4.0,10.4,56.6,-62.5,6.0,115.5,0x20,405.002,7.3,-1125,-1,2.2,,
2026-07-31T00:13:14.000Z,M20-403-2-02878,1469491994,44.02418,4.88529,15796.7,5.2,10.1,60.5,-62.5,6.0,115.5,0x20,405.002,10.0,-1125,-1,2.2,,
2026-07-31T00:13:15.000Z,M20-403-2-02878,1469491995,44.02423,4.88540,15801.4,4.2,11.2,55.8,-62.5,5.9,115.4,0x20,405.002,10.0,-1125,-1,2.2,,
2026-07-31T00:13:16.000Z,M20-403-2-02878,1469491996,44.02428,4.88552,15805.8,4.7,11.5,57.6,-62.6,5.9,115.3,0x20,405.002,9.3,-1125,-1,2.2,,
2026-07-31T00:13:17.000Z,M20-403-2-02878,1469491997,44.02434,4.88564,15810.7,4.7,11.2,60.4,-62.6,5.9,115.2,0x20,405.002,9.5,-1125,-1,2.2,,
2026-07-31T00:13:18.000Z,M20-403-2-02878,1469491998,44.02438,4.88576,15815.3,4.5,10.8,62.2,-62.6,5.9,115.1,0x20,405.002,9.8,-1125,-1,2.2,,
2026-07-31T00:13:19.000Z,M20-403-2-02878,1469491999,44.02443,4.88588,15819.9,5.0,11.2,58.0,-62.7,5.9,115.0,0x20,405.002,9.9,-1125,-1,2.2,,
2026-07-31T00:13:20.000Z,M20-403-2-02878,1469492000,44.02449,4.88600,15824.9,4.7,12.0,55.9,-62.7,5.9,114.9,0x20,405.002,11.1,-1125,-1,2.2,,
2026-07-31T00:13:21.000Z,M20-403-2-02878,1469492001,44.02455,4.88612,15829.2,3.9,12.1,56.1,-62.7,5.9,114.9,0x20,405.002,11.1,-1125,-1,2.2,,
2026-07-31T00:13:22.000Z,M20-403-2-02878,1469492002,44.02460,4.88624,15834.0,6.1,11.2,59.6,-62.8,5.8,114.8,0x20,405.002,9.8,-1125,-1,2.2,,
2026-07-31T00:13:23.000Z,M20-403-2-02878,1469492003,44.02465,4.88636,15838.6,3.7,10.7,64.6,-62.8,5.8,114.7,0x20,405.002,4.3,-1125,-1,2.2,,
2026-07-31T00:13:24.000Z,M20-403-2-02878,1469492004,44.02470,4.88649,15843.1,5.7,11.1,64.0,-62.8,5.8,114.6,0x20,405.002,3.3,-1125,-1,2.2,,
2026-07-31T00:13:25.000Z,M20-403-2-02878,1469492005,44.02474,4.88661,15847.5,2.9,12.3,62.4,-62.9,5.8,114.5,0x20,405.002,3.3,-1125,-1,2.2,,
2026-07-31T00:13:26.000Z,M20-403-2-02878,1469492006,44.02479,4.88675,15852.6,6.7,11.7,62.6,-62.9,5.8,114.4,0x20,405.002,7.2,-1125,-1,2.2,,
2026-07-31T00:13:27.000Z,M20-403-2-02878,1469492007,44.02484,4.88687,15857.9,3.9,11.2,61.1,-62.9,5.8,114.3,0x20,405.002,7.2,-1125,-1,2.2,,
2026-07-31T00:13:28.000Z,M20-403-2-02878,1469492008,44.02489,4.88699,15862.4,5.3,12.1,59.3,-63.0,5.7,114.2,0x20,405.002,7.8,-1125,-1,2.2,,
2026-07-31T00:13:30.000Z,M20-403-2-02878,1469492010,44.02502,4.88727,15870.8,3.7,14.2,56.1,-63.0,5.7,114.1,0x20,405.002,8.1,-1125,-1,2.2,,
2026-07-31T00:13:31.000Z,M20-403-2-02878,1469492011,44.02509,4.88741,15875.6,5.7,13.3,59.1,-63.1,5.7,114.0,0x20,405.002,9.9,-1125,-1,2.2,,
2026-07-31T00:13:32.000Z,M20-403-2-02878,1469492012,44.02514,4.88755,15880.7,4.3,12.4,66.5,-63.1,5.7,113.9,0x20,405.002,9.9,-1125,-1,2.2,,
2026-07-31T00:13:33.000Z,M20-403-2-02878,1469492013,44.02518,4.88770,15885.5,5.4,12.8,70.0,-63.1,5.7,113.8,0x20,405.002,9.9,-1125,-1,2.2,,
2026-07-31T00:13:34.000Z,M20-403-2-02878,1469492014,44.02522,4.88785,15889.7,3.5,12.9,68.8,-63.1,5.7,113.7,0x20,405.002,9.9,-1125,-1,2.2,,
2026-07-31T00:13:35.000Z,M20-403-2-02878,1469492015,44.02527,4.88799,15893.9,5.3,11.7,64.6,-63.0,5.6,113.6,0x20,405.002,6.7,-1125,-1,2.2,,
2026-07-31T00:13:36.000Z,M20-403-2-02878,1469492016,44.02531,4.88811,15898.1,3.1,10.7,65.2,-63.0,5.6,113.5,0x20,405.002,3.6,-1500,-1,2.2,,
2026-07-31T00:13:37.000Z,M20-403-2-02878,1469492017,44.02535,4.88823,15902.2,5.6,11.4,57.6,-63.0,5.6,113.5,0x20,405.002,3.0,-1125,-1,2.2,,
2026-07-31T00:13:38.000Z,M20-403-2-02878,1469492018,44.02542,4.88836,15907.0,3.8,12.6,53.3,-63.0,5.6,113.4,0x20,405.002,3.1,-1500,-1,2.2,,
2026-07-31T00:13:39.000Z,M20-403-2-02878,1469492019,44.02548,4.88849,15911.5,5.3,13.9,56.4,-63.0,5.6,113.3,0x20,405.002,7.4,-1500,-1,2.2,,
2026-07-31T00:13:40.000Z,M20-403-2-02878,1469492020,44.02555,4.88863,15916.2,4.2,13.7,56.6,-63.0,5.6,113.2,0x20,405.002,7.5,-1125,-1,2.2,,
2026-07-31T00:13:41.000Z,M20-403-2-02878,1469492021,44.02562,4.88878,15920.5,4.5,13.7,57.6,-62.9,5.6,113.1,0x20,405.002,9.9,-1125,-1,2.2,,
2026-07-31T00:13:42.000Z,M20-403-2-02878,1469492022,44.02569,4.88893,15925.5,5.1,14.7,59.6,-62.9,5.6,113.0,0x20,405.002,12.1,-1125,-1,2.2,,
2026-07-31T00:13:43.000Z,M20-403-2-02878,1469492023,44.02575,4.88909,15930.5,5.2,14.9,60.2,-63.0,5.6,112.9,0x20,405.002,12.1,-1125,-1,2.2,,
2026-07-31T00:13:44.000Z,M20-403-2-02878,1469492024,44.02581,4.88924,15935.9,5.7,13.6,64.1,-63.0,5.6,112.8,0x20,405.002,10.7,-1500,-1,2.2,,
2026-07-31T00:13:45.000Z,M20-403-2-02878,1469492025,44.02586,4.88939,15940.7,3.9,12.7,66.0,-63.0,5.6,112.8,0x20,405.002,9.7,-1500,-1,2.2,,
2026-07-31T00:13:46.000Z,M20-403-2-02878,1469492026,44.02591,4.88954,15945.4,5.6,13.4,66.8,-63.1,5.5,112.7,0x20,405.002,9.7,-1125,-1,2.2,,
2026-07-31T00:13:47.000Z,M20-403-2-02878,1469492027,44.02596,4.88970,15949.5,2.9,14.7,65.7,-63.1,5.5,112.6,0x20,405.002,9.5,-1125,-1,2.2,,
2026-07-31T00:13:48.000Z,M20-403-2-02878,1469492028,44.02601,4.88987,15953.0,4.6,15.0,71.4,-63.1,5.5,112.5,0x20,405.002,10.4,-1500,-1,2.2,,
2026-07-31T00:13:49.000Z,M20-403-2-02878,1469492029,44.02605,4.89005,15957.8,5.0,14.3,75.1,-63.1,5.5,112.4,0x20,405.002,10.4,-1500,-1,2.2,,
2026-07-31T00:13:50.000Z,M20-403-2-02878,1469492030,44.02608,4.89022,15962.3,4.0,14.3,74.0,-63.0,5.5,112.3,0x20,405.002,4.1,-1875,-1,2.2,,
2026-07-31T00:13:51.000Z,M20-403-2-02878,1469492031,44.02612,4.89039,15967.0,5.3,14.6,73.5,-62.9,5.5,112.2,0x20,405.002,3.5,-1875,-1,2.2,,
2026-07-31T00:13:52.000Z,M20-403-2-02878,1469492032,44.02616,4.89057,15971.6,4.1,15.1,68.7,-62.9,5.5,112.2,0x20,405.002,8.7,-1875,-1,2.2,,
2026-07-31T00:13:53.000Z,M20-403-2-02878,1469492033,44.02621,4.89074,15976.3,5.4,14.5,67.9,-62.8,5.5,112.1,0x20,405.002,8.7,-1500,-1,2.2,,
2026-07-31T00:13:54.000Z,M20-403-2-02878,1469492034,44.02626,4.89090,15980.8,3.8,13.1,67.8,-62.7,5.5,112.0,0x20,405.002,8.5,-1500,-1,2.2,,
2026-07-31T00:13:55.000Z,M20-403-2-02878,1469492035,44.02630,4.89105,15985.2,5.1,13.6,70.8,-62.7,5.5,111.9,0x20,405.002,9.5,-1500,-1,2.2,,
2026-07-31T00:13:56.000Z,M20-403-2-02878,1469492036,44.02635,4.89122,15989.1,3.0,14.9,68.0,-62.6,5.5,111.8,0x20,405.002,9.5,-1875,-1,2.2,,
2026-07-31T00:13:57.000Z,M20-403-2-02878,1469492037,44.02640,4.89139,15993.3,5.0,15.0,70.2,-62.6,5.4,111.7,0x20,405.002,9.4,-1875,-1,2.2,,
2026-07-31T00:13:58.000Z,M20-403-2-02878,1469492038,44.02644,4.89156,15998.4,5.0,14.2,71.9,-62.6,5.5,111.6,0x20,405.002,9.7,-1875,-1,2.2,,
2026-07-31T00:13:59.000Z,M20-403-2-02878,1469492039,44.02647,4.89173,16003.0,4.2,13.1,74.4,-62.6,5.4,111.6,0x20,405.002,9.7,-1875,-1,2.2,,
2026-07-31T00:14:00.000Z,M20-403-2-02878,1469492040,44.02650,4.89189,16007.1,4.5,13.9,75.8,-62.6,5.4,111.5,0x20,405.002,9.5,-1875,-1,2.2,,
2026-07-31T00:14:01.000Z,M20-403-2-02878,1469492041,44.02654,4.89207,16010.9,3.0,15.3,75.1,-62.6,5.4,111.4,0x20,405.002,9.5,-1500,-1,2.2,,
2026-07-31T00:14:02.000Z,M20-403-2-02878,1469492042,44.02657,4.89225,16014.8,4.7,15.3,74.6,-62.7,5.4,111.3,0x20,405.002,10.0,-1875,-1,2.2,,
2026-07-31T00:14:03.000Z,M20-403-2-02878,1469492043,44.02660,4.89243,16019.9,5.2,14.5,74.9,-62.7,5.4,111.2,0x20,405.002,10.0,-1875,-1,2.2,,
2026-07-31T00:14:04.000Z,M20-403-2-02878,1469492044,44.02663,4.89260,16024.4,3.8,13.3,73.9,-62.6,5.4,111.2,0x20,405.002,3.3,-1875,-1,2.2,,
2026-07-31T00:14:05.000Z,M20-403-2-02878,1469492045,44.02666,4.89276,16029.1,5.3,13.5,75.7,-62.6,5.4,111.1,0x20,405.002,8.3,-1500,-1,2.2,,
2026-07-31T00:14:06.000Z,M20-403-2-02878,1469492046,44.02669,4.89292,16033.9,4.5,14.0,79.7,-62.6,5.4,111.0,0x20,405.002,9.3,-1875,-1,2.2,,
2026-07-31T00:14:07.000Z,M20-403-2-02878,1469492047,44.02671,4.89309,16038.6,4.9,13.8,80.5,-62.6,5.4,110.9,0x20,405.002,10.9,-1875,-1,2.2,,
2026-07-31T00:14:08.000Z,M20-403-2-02878,1469492048,44.02673,4.89326,16043.5,4.7,13.1,81.0,-62.5,5.4,110.8,0x20,405.002,11.9,-1875,-1,2.2,,
2026-07-31T00:14:09.000Z,M20-403-2-02878,1469492049,44.02675,4.89342,16048.1,4.5,12.7,78.0,-62.5,5.4,110.7,0x20,405.002,11.9,-1875,-1,2.2,,
2026-07-31T00:14:10.000Z,M20-403-2-02878,1469492050,44.02678,4.89357,16052.8,4.5,13.7,75.0,-62.5,5.4,110.6,0x20,405.002,11.9,-1875,-1,2.2,,
2026-07-31T00:14:11.000Z,M20-403-2-02878,1469492051,44.02681,4.89374,16057.4,4.5,14.4,77.7,-62.5,5.3,110.6,0x20,405.002,11.2,-1875,-1,2.2,,
2026-07-31T00:14:12.000Z,M20-403-2-02878,1469492052,44.02683,4.89391,16062.3,5.3,13.6,75.0,-62.5,5.4,110.5,0x20,405.002,11.0,-1875,-1,2.2,,
2026-07-31T00:14:13.000Z,M20-403-2-02878,1469492053,44.02687,4.89406,16066.9,3.8,13.0,73.5,-62.5,5.3,110.4,0x20,405.002,11.2,-1875,-1,2.2,,
2026-07-31T00:14:14.000Z,M20-403-2-02878,1469492054,44.02690,4.89422,16071.6,5.3,13.1,76.0,-62.5,5.3,110.3,0x20,405.002,11.2,-1875,-1,2.2,,
2026-07-31T00:14:15.000Z,M20-403-2-02878,1469492055,44.02693,4.89438,16075.9,3.9,14.1,77.4,-62.5,5.3,110.2,0x20,405.002,7.1,-1875,-1,2.2,,
2026-07-31T00:14:16.000Z,M20-403-2-02878,1469492056,44.02695,4.89455,16080.1,4.6,13.6,82.7,-62.5,5.4,110.2,0x20,405.002,7.1,-1500,-1,2.2,,
2026-07-31T00:14:18.000Z,M20-403-2-02878,1469492058,44.02696,4.89487,16090.0,4.6,12.2,88.7,-62.5,5.3,110.0,0x20,405.002,8.5,-1875,-1,2.2,,
2026-07-31T00:14:19.000Z,M20-403-2-02878,1469492059,44.02697,4.89502,16094.9,5.5,12.7,87.8,-62.5,5.3,109.9,0x20,405.002,9.7,-1875,-1,2.2,,
2026-07-31T00:14:20.000Z,M20-403-2-02878,1469492060,44.02698,4.89518,16099.7,4.1,13.3,86.9,-62.4,5.3,109.8,0x20,405.002,10.0,-1500,-1,2.2,,
2026-07-31T00:14:21.000Z,M20-403-2-02878,1469492061,44.02698,4.89534,16104.6,6.2,12.4,88.6,-62.4,5.3,109.7,0x20,405.002,10.7,-1875,-1,2.2,,
2026-07-31T00:14:22.000Z,M20-403-2-02878,1469492062,44.02699,4.89549,16109.8,4.5,11.7,88.1,-62.4,5.3,109.6,0x20,405.002,10.7,-1875,-1,2.2,,
2026-07-31T00:14:23.000Z,M20-403-2-02878,1469492063,44.02699,4.89564,16114.2,4.9,12.4,85.3,-62.3,5.3,109.5,0x20,405.002,9.8,-1875,-1,2.2,,
2026-07-31T00:14:24.000Z,M20-403-2-02878,1469492064,44.02700,4.89579,16119.1,4.7,13.2,84.7,-62.3,5.3,109.5,0x20,405.002,11.7,-1875,-1,2.2,,
2026-07-31T00:14:25.000Z,M20-403-2-02878,1469492065,44.02701,4.89595,16123.6,4.4,12.9,85.1,-62.3,5.3,109.4,0x20,405.002,11.7,-1875,-1,2.2,,
2026-07-31T00:14:26.000Z,M20-403-2-02878,1469492066,44.02702,4.89610,16128.6,5.5,11.3,87.3,-62.3,5.3,109.3,0x20,405.002,9.1,-1875,-1,2.2,,
2026-07-31T00:14:29.000Z,M20-403-2-02878,1469492069,44.02705,4.89647,16141.0,4.6,10.6,81.7,-62.1,5.3,109.1,0x20,405.002,3.6,-1875,-1,2.2,,
2026-07-31T00:14:30.000Z,M20-403-2-02878,1469492070,44.02706,4.89661,16145.1,3.7,11.6,77.9,-62.1,5.3,109.0,0x20,405.002,3.4,-1875,-1,2.2,,
2026-07-31T00:14:31.000Z,M20-403-2-02878,1469492071,44.02709,4.89675,16149.7,5.7,11.4,73.9,-62.1,5.3,108.9,0x20,405.002,9.2,-1500,-1,2.2,,
2026-07-31T00:14:32.000Z,M20-403-2-02878,1469492072,44.02711,4.89688,16155.3,5.5,10.6,78.0,-62.1,5.3,108.8,0x20,405.002,10.7,-1500,-1,2.2,,
2026-07-31T00:14:33.000Z,M20-403-2-02878,1469492073,44.02713,4.89701,16160.2,5.0,10.7,82.2,-62.1,5.3,108.7,0x20,405.002,10.7,-1875,-1,2.2,,
2026-07-31T00:14:34.000Z,M20-403-2-02878,1469492074,44.02714,4.89715,16164.5,4.0,11.9,87.8,-62.1,5.3,108.6,0x20,405.002,10.2,-1875,-1,2.2,,
2026-07-31T00:14:35.000Z,M20-403-2-02878,1469492075,44.02714,4.89730,16168.5,4.6,12.4,90.3,-62.1,5.3,108.5,0x20,405.002,10.8,-1875,-1,2.2,,
2026-07-31T00:14:36.000Z,M20-403-2-02878,1469492076,44.02714,4.89745,16173.4,5.1,11.0,94.6,-62.1,5.3,108.5,0x20,405.002,10.8,-1875,-1,2.2,,
2026-07-31T00:14:37.000Z,M20-403-2-02878,1469492077,44.02713,4.89757,16178.1,4.4,10.1,93.5,-62.1,5.3,108.4,0x20,405.002,10.4,-1875,-1,2.2,,
2026-07-31T00:14:38.000Z,M20-403-2-02878,1469492078,44.02713,4.89770,16182.6,4.9,10.1,81.6,-62.2,5.3,108.3,0x20,405.002,7.7,-1875,-1,2.2,,
2026-07-31T00:14:39.000Z,M20-403-2-02878,1469492079,44.02715,4.89783,16187.3,5.1,10.6,77.8,-62.2,5.3,108.2,0x20,405.002,8.5,-1875,-1,2.2,,
2026-07-31T00:14:40.000Z,M20-403-2-02878,1469492080,44.02717,4.89795,16192.3,5.0,10.0,75.3,-62.2,5.2,108.1,0x20,405.002,8.5,-1875,-1,2.2,,
2026-07-31T00:14:41.000Z,M20-403-2-02878,1469492081,44.02719,4.89807,16197.2,4.9,9.7,80.4,-62.2,5.3,108.0,0x20,405.002,8.2,-1875,-1,2.2,,
2026-07-31T00:14:42.000Z,M20-403-2-02878,1469492082,44.02721,4.89818,16202.0,4.8,8.7,75.3,-62.2,5.2,108.0,0x20,405.002,2.8,-1875,-1,2.2,,
2026-07-31T00:14:43.000Z,M20-403-2-02878,1469492083,44.02723,4.89828,16206.3,4.1,8.3,71.1,-62.2,5.3,107.9,0x20,405.002,4.2,-1875,-1,2.2,,
2026-07-31T00:14:44.000Z,M20-403-2-02878,1469492084,44.02726,4.89837,16210.1,3.6,7.4,69.2,-62.2,5.3,107.8,0x20,405.002,7.6,-1875,-1,2.2,,
2026-07-31T00:14:45.000Z,M20-403-2-02878,1469492085,44.02728,4.89846,16214.4,5.1,6.6,79.0,-62.1,5.2,107.7,0x20,405.002,10.1,-1875,-1,2.2,,
2026-07-31T00:14:46.000Z,M20-403-2-02878,1469492086,44.02728,4.89855,16218.7,3.7,7.1,88.7,-62.1,5.2,107.6,0x20,405.002,10.1,-1875,-1,2.2,,
2026-07-31T00:14:47.000Z,M20-403-2-02878,1469492087,44.02728,4.89864,16223.0,4.9,8.7,88.3,-62.1,5.3,107.6,0x20,405.002,10.6,-1875,-1,2.2,,
2026-07-31T00:14:48.000Z,M20-403-2-02878,1469492088,44.02729,4.89876,16227.9,4.5,10.3,80.3,-62.1,5.2,107.5,0x20,405.002,11.1,-1875,-1,2.2,,
2026-07-31T00:14:49.000Z,M20-403-2-02878,1469492089,44.02732,4.89889,16232.1,3.7,11.0,73.0,-62.0,5.2,107.4,0x20,405.002,11.1,-1875,-1,2.2,,
2026-07-31T00:14:50.000Z,M20-403-2-02878,1469492090,44.02735,4.89902,16237.3,6.2,10.6,71.2,-62.1,5.2,107.3,0x20,405.002,9.4,-1875,-1,2.2,,
2026-07-31T00:14:52.000Z,M20-403-2-02878,1469492092,44.02741,4.89923,16245.5,4.2,7.6,60.8,-62.1,5.2,107.2,0x20,405.002,7.2,-1875,-1,2.2,,
2026-07-31T00:14:53.000Z,M20-403-2-02878,1469492093,44.02745,4.89930,16249.5,4.1,7.2,49.3,-62.1,5.2,107.1,0x20,405.002,7.2,-1875,-1,2.2,,
2026-07-31T00:14:54.000Z,M20-403-2-02878,1469492094,44.02748,4.89937,16254.4,4.8,6.7,54.1,-62.1,5.2,107.0,0x20,405.002,3.0,-1875,-1,2.2,,
2026-07-31T00:14:55.000Z,M20-403-2-02878,1469492095,44.02752,4.89944,16259.2,4.9,7.0,65.9,-62.1,5.2,106.9,0x20,405.002,3.8,-1875,-1,2.2,,
2026-07-31T00:14:56.000Z,M20-403-2-02878,1469492096,44.02753,4.89952,16263.7,4.0,6.4,79.9,-62.1,5.2,106.8,0x20,405.002,3.8,-1875,-1,2.2,,
2026-07-31T00:14:57.000Z,M20-403-2-02878,1469492097,44.02754,4.89960,16268.0,4.6,6.0,76.2,-62.1,5.2,106.8,0x20,405.002,7.0,-1875,-1,2.2,,
2026-07-31T00:14:58.000Z,M20-403-2-02878,1469492098,44.02756,4.89967,16273.0,5.5,6.5,63.0,-62.1,5.1,106.7,0x20,405.002,8.0,-1875,-1,2.2,,
2026-07-31T00:14:59.000Z,M20-403-2-02878,1469492099,44.02759,4.89974,16277.0,2.8,6.8,52.7,-62.1,5.2,106.6,0x20,405.002,8.0,-1875,-1,2.2,,
2026-07-31T00:15:00.000Z,M20-403-2-02878,1469492100,44.02763,4.89980,16281.1,4.9,6.8,47.4,-62.1,5.1,106.5,0x20,405.002,8.8,-1875,-1,2.2,,
2026-07-31T00:15:01.000Z,M20-403-2-02878,1469492101,44.02767,4.89986,16285.5,3.7,6.1,49.0,-62.1,5.1,106.4,0x20,405.002,8.8,-1875,-1,2.2,,
2026-07-31T00:15:02.000Z,M20-403-2-02878,1469492102,44.02771,4.89992,16290.1,5.5,6.3,45.6,-61.9,5.1,106.3,0x20,405.002,7.7,-1875,-1,2.2,,
2026-07-31T00:15:03.000Z,M20-403-2-02878,1469492103,44.02775,4.89998,16294.8,4.1,6.5,44.7,-61.8,5.1,106.3,0x20,405.002,9.3,-1875,-1,2.2,,
2026-07-31T00:15:04.000Z,M20-403-2-02878,1469492104,44.02779,4.90004,16298.7,3.5,7.2,48.4,-61.8,5.1,106.2,0x20,405.002,9.9,-1875,-1,2.2,,
2026-07-31T00:15:05.000Z,M20-403-2-02878,1469492105,44.02783,4.90012,16303.1,4.8,7.3,61.3,-61.8,5.1,106.1,0x20,405.002,9.9,-1875,-1,2.2,,
2026-07-31T00:15:06.000Z,M20-403-2-02878,1469492106,44.02786,4.90020,16307.5,3.7,7.7,70.6,-61.7,5.1,106.0,0x20,405.002,9.7,-1875,-1,2.2,,
2026-07-31T00:15:07.000Z,M20-403-2-02878,1469492107,44.02788,4.90029,16311.8,4.7,8.2,67.4,-61.7,5.1,106.0,0x20,405.002,3.6,-1875,-1,2.2,,
2026-07-31T00:15:08.000Z,M20-403-2-02878,1469492108,44.02792,4.90039,16316.5,4.9,9.2,54.4,-61.7,5.0,105.9,0x20,405.002,3.5,-1875,-1,2.2,,
2026-07-31T00:15:09.000Z,M20-403-2-02878,1469492109,44.02797,4.90047,16320.9,3.8,8.7,46.1,-61.7,5.1,105.8,0x20,405.002,3.4,-1875,-1,2.2,,
2026-07-31T00:15:10.000Z,M20-403-2-02878,1469492110,44.02802,4.90055,16325.5,5.2,8.4,45.6,-61.6,5.1,105.7,0x20,405.002,7.5,-1875,-1,2.2,,
2026-07-31T00:15:11.000Z,M20-403-2-02878,1469492111,44.02807,4.90062,16330.4,4.5,8.1,49.8,-61.6,5.1,105.6,0x20,405.002,8.4,-1875,-1,2.2,,
2026-07-31T00:15:12.000Z,M20-403-2-02878,1469492112,44.02811,4.90069,16334.9,4.4,7.3,51.1,-61.7,5.1,105.6,0x20,405.002,8.7,-1875,-1,2.2,,
2026-07-31T00:15:15.000Z,M20-403-2-02878,1469492115,44.02826,4.90089,16348.3,5.0,7.6,44.6,-61.8,5.0,105.4,0x20,405.002,9.5,-1875,-1,2.2,,
2026-07-31T00:15:18.000Z,M20-403-2-02878,1469492118,44.02840,4.90116,16363.6,6.4,8.9,60.7,-61.9,5.0,105.1,0x20,405.002,7.7,-1875,-1,2.2,,
2026-07-31T00:15:20.000Z,M20-403-2-02878,1469492120,44.02847,4.90132,16372.9,4.6,7.3,56.5,-62.0,5.0,105.0,0x20,405.002,7.7,-1875,-1,2.2,,
2026-07-31T00:15:21.000Z,M20-403-2-02878,1469492121,44.02851,4.90140,16377.3,4.8,8.1,59.3,-62.0,5.0,104.9,0x20,405.002,4.0,-1875,-1,2.2,,
2026-07-31T00:15:22.000Z,M20-403-2-02878,1469492122,44.02855,4.90149,16381.3,3.8,8.7,60.8,-62.0,5.0,104.8,0x20,405.002,3.3,-1875,-1,2.2,,
2026-07-31T00:15:25.000Z,M20-403-2-02878,1469492125,44.02871,4.90175,16394.6,5.9,9.8,45.5,-62.0,5.0,104.6,0x20,405.002,7.5,-1875,-1,2.2,,
2026-07-31T00:15:27.000Z,M20-403-2-02878,1469492127,44.02882,4.90194,16403.3,3.9,9.3,61.2,-62.1,4.9,104.4,0x20,405.002,8.7,-1875,-1,2.2,,
2026-07-31T00:15:28.000Z,M20-403-2-02878,1469492128,44.02886,4.90203,16407.8,5.1,8.9,55.3,-62.1,4.9,104.3,0x20,405.002,9.0,-1875,-1,2.2,,
2026-07-31T00:15:29.000Z,M20-403-2-02878,1469492129,44.02890,4.90212,16412.2,4.4,8.2,52.8,-62.1,5.0,104.3,0x20,405.002,9.2,-1875,-1,2.2,,
2026-07-31T00:15:30.000Z,M20-403-2-02878,1469492130,44.02895,4.90219,16417.2,5.4,7.2,51.7,-62.1,4.9,104.2,0x20,405.002,9.2,-1875,-1,2.2,,
2026-07-31T00:15:31.000Z,M20-403-2-02878,1469492131,44.02898,4.90226,16421.6,3.5,6.4,51.5,-62.2,4.9,104.1,0x20,405.002,8.7,-1875,-1,2.2,,
2026-07-31T00:15:32.000Z,M20-403-2-02878,1469492132,44.02902,4.90232,16426.3,5.8,7.1,50.8,-62.2,4.9,104.0,0x20,405.002,8.7,-1875,-1,2.2,,
2026-07-31T00:15:33.000Z,M20-403-2-02878,1469492133,44.02907,4.90239,16431.1,4.1,8.4,42.0,-62.3,4.9,103.9,0x20,405.002,8.7,-1875,-1,2.2,,
2026-07-31T00:15:34.000Z,M20-403-2-02878,1469492134,44.02913,4.90247,16435.8,5.0,9.4,43.2,-62.3,4.8,103.9,0x20,405.002,3.3,-1875,-1,2.2,,
2026-07-31T00:15:35.000Z,M20-403-2-02878,1469492135,44.02919,4.90255,16440.3,4.8,9.6,48.3,-62.3,4.8,103.8,0x20,405.002,3.3,-1875,-1,2.2,,
2026-07-31T00:15:36.000Z,M20-403-2-02878,1469492136,44.02925,4.90265,16445.0,5.2,10.5,54.0,-62.4,4.9,103.7,0x20,405.002,6.9,-1875,-1,2.2,,
2026-07-31T00:15:37.000Z,M20-403-2-02878,1469492137,44.02930,4.90276,16450.2,5.1,11.5,53.4,-62.4,4.8,103.6,0x20,405.002,8.6,-1875,-1,2.2,,
2026-07-31T00:15:38.000Z,M20-403-2-02878,1469492138,44.02937,4.90287,16454.9,4.7,11.9,53.3,-62.3,4.9,103.5,0x20,405.002,8.6,-1875,-1,2.2,,
2026-07-31T00:15:39.000Z,M20-403-2-02878,1469492139,44.02943,4.90299,16459.5,4.9,11.5,57.8,-62.3,4.8,103.4,0x20,405.002,9.3,-1875,-1,2.2,,
2026-07-31T00:15:40.000Z,M20-403-2-02878,1469492140,44.02948,4.90311,16464.1,4.3,10.8,63.3,-62.2,4.8,103.4,0x20,405.002,9.3,-1875,-1,2.2,,
2026-07-31T00:15:41.000Z,M20-403-2-02878,1469492141,44.02952,4.90322,16469.1,5.7,9.8,58.8,-62.2,4.8,103.3,0x20,405.002,8.4,-1875,-1,2.2,,
2026-07-31T00:15:42.000Z,M20-403-2-02878,1469492142,44.02957,4.90332,16473.5,3.8,9.8,52.4,-62.1,4.8,103.2,0x20,405.002,7.7,-1875,-1,2.2,,
2026-07-31T00:15:43.000Z,M20-403-2-02878,1469492143,44.02963,4.90342,16478.0,5.8,10.1,53.7,-62.1,4.8,103.2,0x20,405.002,8.1,-1875,-1,2.2,,
2026-07-31T00:15:44.000Z,M20-403-2-02878,1469492144,44.02968,4.90353,16482.8,4.0,11.2,58.0,-62.0,4.8,103.1,0x20,405.002,8.1,-1875,-1,2.2,,
2026-07-31T00:15:45.000Z,M20-403-2-02878,1469492145,44.02974,4.90366,16486.6,3.9,12.2,59.5,-62.0,4.7,103.0,0x20,405.002,8.1,-1875,-1,2.2,,
2026-07-31T00:15:46.000Z,M20-403-2-02878,1469492146,44.02980,4.90379,16491.0,5.0,12.7,57.0,-62.0,4.7,102.9,0x20,405.002,3.3,-1875,-1,2.2,,
2026-07-31T00:15:47.000Z,M20-403-2-02878,1469492147,44.02986,4.90392,16495.3,4.3,12.8,57.5,-62.0,4.7,102.8,0x20,405.002,3.2,-1875,-1,2.2,,
2026-07-31T00:15:48.000Z,M20-403-2-02878,1469492148,44.02992,4.90406,16500.1,5.7,12.6,63.6,-62.0,4.7,102.7,0x20,405.002,3.2,-1875,-1,2.2,,
2026-07-31T00:15:49.000Z,M20-403-2-02878,1469492149,44.02996,4.90420,16505.0,4.4,12.2,68.6,-62.0,4.7,102.7,0x20,405.002,7.2,-1875,-1,2.2,,
2026-07-31T00:15:51.000Z,M20-403-2-02878,1469492151,44.03006,4.90447,16514.5,4.6,12.3,59.8,-62.0,4.7,102.5,0x20,405.002,7.4,-1875,-1,2.2,,
2026-07-31T00:15:52.000Z,M20-403-2-02878,1469492152,44.03012,4.90460,16518.9,4.6,12.6,55.6,-62.0,4.7,102.4,0x20,405.002,8.2,-1875,-1,2.2,,
2026-07-31T00:15:53.000Z,M20-403-2-02878,1469492153,44.03018,4.90473,16524.0,5.9,12.7,59.0,-62.0,4.6,102.4,0x20,405.002,8.2,-1875,-1,2.2,,
2026-07-31T00:15:54.000Z,M20-403-2-02878,1469492154,44.03023,4.90487,16529.1,4.6,12.7,64.5,-62.0,4.6,102.3,0x20,405.002,10.2,-1875,-1,2.2,,
2026-07-31T00:15:55.000Z,M20-403-2-02878,1469492155,44.03028,4.90502,16533.9,6.0,12.8,64.7,-62.0,4.7,102.2,0x20,405.002,12.0,-1875,-1,2.2,,
2026-07-31T00:15:56.000Z,M20-403-2-02878,1469492156,44.03033,4.90516,16538.8,4.4,12.7,60.0,-62.0,4.7,102.1,0x20,405.002,12.0,-1875,-1,2.2,,
2026-07-31T00:15:57.000Z,M20-403-2-02878,1469492157,44.03039,4.90529,16543.5,5.3,12.1,61.7,-62.0,4.6,102.0,0x20,405.002,10.8,-1875,-1,2.2,,
2026-07-31T00:15:58.000Z,M20-403-2-02878,1469492158,44.03043,4.90542,16547.4,3.4,11.2,66.6,-61.9,4.6,102.0,0x20,405.002,10.8,-1875,-1,2.2,,
2026-07-31T00:15:59.000Z,M20-403-2-02878,1469492159,44.03047,4.90555,16551.6,5.0,11.3,68.2,-61.8,4.6,101.9,0x20,405.002,10.8,-1875,-1,2.2,,
2026-07-31T00:16:00.000Z,M20-403-2-02878,1469492160,44.03051,4.90568,16556.5,4.8,11.0,63.8,-61.6,4.6,101.8,0x20,405.002,7.7,-1875,-1,2.2,,
2026-07-31T00:16:01.000Z,M20-403-2-02878,1469492161,44.03056,4.90580,16560.6,3.9,11.2,58.6,-61.5,4.6,101.8,0x20,405.002,3.5,-1875,-1,2.2,,
2026-07-31T00:16:02.000Z,M20-403-2-02878,1469492162,44.03061,4.90592,16564.8,4.7,10.9,60.2,-61.4,4.6,101.7,0x20,405.002,8.4,-1875,-1,2.2,,
2026-07-31T00:16:03.000Z,M20-403-2-02878,1469492163,44.03065,4.90603,16569.2,4.2,10.5,62.0,-61.4,4.6,101.6,0x20,405.002,11.6,-1875,-1,2.2,,
2026-07-31T00:16:04.000Z,M20-403-2-02878,1469492164,44.03070,4.90614,16574.1,6.1,10.2,57.6,-61.3,4.6,101.5,0x20,405.002,11.6,-1875,-1,2.2,,
2026-07-31T00:16:05.000Z,M20-403-2-02878,1469492165,44.03076,4.90625,16579.1,3.9,11.4,52.1,-61.2,4.6,101.4,0x20,405.002,12.3,-1875,-1,2.2,,
2026-07-31T00:16:06.000Z,M20-403-2-02878,1469492166,44.03082,4.90637,16583.2,4.5,11.7,56.8,-61.1,4.5,101.3,0x20,405.002,12.3,-1875,-1,2.2,,
2026-07-31T00:16:07.000Z,M20-403-2-02878,1469492167,44.03087,4.90649,16587.0,3.3,11.6,62.6,-61.1,4.5,101.3,0x20,405.002,10.6,-1875,-1,2.2,,
2026-07-31T00:16:08.000Z,M20-403-2-02878,1469492168,44.03092,4.90662,16591.1,5.1,11.5,61.7,-61.1,4.5,101.2,0x20,405.002,10.3,-1875,-1,2.2,,
2026-07-31T00:16:09.000Z,M20-403-2-02878,1469492169,44.03098,4.90674,16596.3,5.2,12.2,55.2,-61.0,4.5,101.1,0x20,405.002,10.9,-1875,-1,2.2,,
2026-07-31T00:16:10.000Z,M20-403-2-02878,1469492170,44.03104,4.90685,16600.7,4.2,10.9,53.6,-61.0,4.5,101.0,0x20,405.002,10.9,-1875,-1,2.2,,
2026-07-31T00:16:11.000Z,M20-403-2-02878,1469492171,44.03109,4.90695,16605.1,5.2,9.6,54.1,-61.0,4.5,101.0,0x20,405.002,9.2,-1875,-1,2.2,,
2026-07-31T00:16:15.000Z,M20-403-2-02878,1469492175,44.03130,4.90727,16619.6,3.8,10.0,42.3,-60.9,4.5,100.7,0x20,405.002,5.1,-1875,-1,2.2,,
2026-07-31T00:16:16.000Z,M20-403-2-02878,1469492176,44.03136,4.90736,16624.0,3.8,10.6,48.1,-60.9,4.5,100.6,0x20,405.002,6.1,-1875,-1,2.2,,
2026-07-31T00:16:20.000Z,M20-403-2-02878,1469492180,44.03160,4.90777,16642.8,4.6,11.0,48.0,-61.0,4.5,100.3,0x20,405.002,8.0,-1875,-1,2.2,,
2026-07-31T00:16:21.000Z,M20-403-2-02878,1469492181,44.03166,4.90788,16647.7,4.8,11.6,52.2,-60.9,4.5,100.2,0x20,405.002,8.4,-1875,-1,2.2,,
2026-07-31T00:16:22.000Z,M20-403-2-02878,1469492182,44.03172,4.90799,16652.2,3.8,11.1,57.0,-60.9,4.5,100.1,0x20,405.002,10.3,-1875,-1,2.2,,
2026-07-31T00:16:24.000Z,M20-403-2-02878,1469492184,44.03184,4.90821,16661.8,4.7,10.6,45.0,-60.9,4.4,100.0,0x20,405.002,7.6,-1875,-1,2.2,,
2026-07-31T00:16:25.000Z,M20-403-2-02878,1469492185,44.03191,4.90830,16665.9,3.4,10.4,38.5,-60.9,4.5,99.9,0x20,405.002,6.5,-1875,-1,2.2,,
2026-07-31T00:16:26.000Z,M20-403-2-02878,1469492186,44.03197,4.90838,16670.1,4.9,9.5,44.4,-60.9,4.5,99.9,0x20,405.002,3.8,-1875,-1,2.2,,
2026-07-31T00:16:27.000Z,M20-403-2-02878,1469492187,44.03203,4.90846,16674.9,3.9,9.3,46.6,-60.9,4.4,99.8,0x20,405.002,3.8,-1875,-1,2.2,,
2026-07-31T00:16:30.000Z,M20-403-2-02878,1469492190,44.03224,4.90875,16686.3,3.6,12.0,40.2,-60.9,4.4,99.6,0x20,405.002,6.5,-1875,-1,2.2,,
2026-07-31T00:16:31.000Z,M20-403-2-02878,1469492191,44.03231,4.90885,16691.2,4.9,12.6,42.1,-60.9,4.4,99.5,0x20,405.002,10.0,-1875,-1,2.2,,
2026-07-31T00:16:32.000Z,M20-403-2-02878,1469492192,44.03239,4.90895,16696.2,4.8,11.1,49.1,-60.9,4.4,99.4,0x20,405.002,10.0,-1875,-1,2.2,,
2026-07-31T00:16:33.000Z,M20-403-2-02878,1469492193,44.03245,4.90905,16700.7,3.6,10.1,51.0,-60.9,4.5,99.4,0x20,405.002,9.4,-1875,-1,2.2,,
2026-07-31T00:16:35.000Z,M20-403-2-02878,1469492195,44.03256,4.90921,16709.7,4.5,8.4,39.2,-60.8,4.4,99.2,0x20,405.002,9.4,-1875,-1,2.2,,
2026-07-31T00:16:36.000Z,M20-403-2-02878,1469492196,44.03262,4.90928,16714.3,5.2,8.1,42.2,-60.8,4.4,99.1,0x20,405.002,9.4,-1875,-1,2.2,,
2026-07-31T00:16:37.000Z,M20-403-2-02878,1469492197,44.03267,4.90935,16718.5,3.1,8.6,48.1,-60.7,4.4,99.0,0x20,405.002,9.0,-1875,-1,2.2,,
2026-07-31T00:16:40.000Z,M20-403-2-02878,1469492200,44.03286,4.90957,16732.5,4.7,10.3,37.5,-60.6,4.4,98.9,0x20,405.002,3.2,-1875,-1,2.2,,
2026-07-31T00:16:41.000Z,M20-403-2-02878,1469492201,44.03292,4.90965,16737.0,4.8,9.3,46.4,-60.6,4.3,98.8,0x20,405.002,3.8,-1875,-1,2.2,,
2026-07-31T00:16:45.000Z,M20-403-2-02878,1469492205,44.03313,4.90997,16753.7,4.3,7.9,45.8,-60.4,4.3,98.5,0x20,405.002,7.1,-1875,-1,2.2,,
2026-07-31T00:16:46.000Z,M20-403-2-02878,1469492206,44.03317,4.91005,16758.4,5.1,7.7,52.4,-60.3,4.3,98.4,0x20,405.002,7.1,-1875,-1,2.2,,
2026-07-31T00:16:47.000Z,M20-403-2-02878,1469492207,44.03321,4.91013,16762.9,3.6,8.8,61.0,-60.2,4.3,98.4,0x20,405.002,7.0,-1875,-1,2.2,,
2026-07-31T00:16:50.000Z,M20-403-2-02878,1469492210,44.03337,4.91042,16776.3,4.4,10.4,49.5,-60.0,4.3,98.1,0x20,405.002,9.1,-1875,-1,2.2,,
2026-07-31T00:16:51.000Z,M20-403-2-02878,1469492211,44.03342,4.91052,16781.3,5.7,10.0,55.0,-59.9,4.3,98.0,0x20,405.002,9.1,-1875,-1,2.2,,
2026-07-31T00:16:52.000Z,M20-403-2-02878,1469492212,44.03347,4.91062,16786.4,4.3,9.4,56.4,-59.9,4.3,98.0,0x20,405.002,3.7,-1875,-1,2.2,,
2026-07-31T00:16:53.000Z,M20-403-2-02878,1469492213,44.03351,4.91071,16791.4,5.4,7.2,59.5,-59.9,4.3,97.9,0x20,405.002,3.4,-1875,-1,2.2,,
2026-07-31T00:16:56.000Z,M20-403-2-02878,1469492216,44.03362,4.91087,16805.0,6.0,5.1,45.4,-59.7,4.3,97.7,0x20,405.002,7.1,-1875,-1,2.2,,
2026-07-31T00:16:57.000Z,M20-403-2-02878,1469492217,44.03366,4.91091,16810.3,4.6,5.7,50.5,-59.7,4.2,97.6,0x20,405.002,7.6,-1875,-1,2.2,,
2026-07-31T00:16:58.000Z,M20-403-2-02878,1469492218,44.03370,4.91097,16815.6,6.4,7.3,44.6,-59.7,4.2,97.5,0x20,405.002,7.7,-1875,-1,2.2,,
2026-07-31T00:17:04.000Z,M20-403-2-02878,1469492224,44.03406,4.91135,16841.4,4.9,7.7,29.2,-59.6,4.2,97.1,0x20,405.002,3.7,-1875,-1,2.2,,
2026-07-31T00:17:06.000Z,M20-403-2-02878,1469492226,44.03416,4.91145,16850.2,5.0,6.9,41.9,-59.5,4.2,97.0,0x20,405.002,3.4,-1875,-1,2.2,,
2026-07-31T00:17:07.000Z,M20-403-2-02878,1469492227,44.03421,4.91151,16855.1,4.8,8.2,40.1,-59.5,4.2,96.9,0x20,405.002,3.7,-1875,-1,2.2,,
2026-07-31T00:17:08.000Z,M20-403-2-02878,1469492228,44.03427,4.91159,16859.8,4.7,9.5,43.1,-59.5,4.2,96.8,0x20,405.002,8.7,-1875,-1,2.2,,
2026-07-31T00:17:09.000Z,M20-403-2-02878,1469492229,44.03433,4.91167,16864.6,4.6,9.3,51.7,-59.5,4.2,96.7,0x20,405.002,9.5,-1875,-1,2.2,,
2026-07-31T00:17:10.000Z,M20-403-2-02878,1469492230,44.03438,4.91177,16869.0,4.2,9.3,52.6,-59.5,4.2,96.7,0x20,405.002,10.6,-1875,-1,2.2,,
2026-07-31T00:17:11.000Z,M20-403-2-02878,1469492231,44.03443,4.91186,16873.7,5.3,9.7,50.2,-59.5,4.2,96.6,0x20,405.002,10.6,-1875,-1,2.2,,
2026-07-31T00:17:12.000Z,M20-403-2-02878,1469492232,44.03449,4.91195,16878.4,4.4,9.5,45.3,-59.4,4.2,96.5,0x20,405.002,8.3,-1875,-1,2.2,,
2026-07-31T00:17:13.000Z,M20-403-2-02878,1469492233,44.03455,4.91203,16883.0,4.9,8.7,38.7,-59.3,4.2,96.5,0x20,405.002,7.7,-1875,-1,2.2,,
2026-07-31T00:17:14.000Z,M20-403-2-02878,1469492234,44.03460,4.91209,16886.8,2.8,6.6,35.5,-59.2,4.2,96.4,0x20,405.002,7.7,-1875,-1,2.2,,
2026-07-31T00:17:15.000Z,M20-403-2-02878,1469492235,44.03465,4.91213,16890.8,5.2,5.4,26.7,-59.2,4.2,96.3,0x20,405.002,9.8,-1875,-1,2.2,,
2026-07-31T00:17:16.000Z,M20-403-2-02878,1469492236,44.03470,4.91215,16895.4,3.8,6.3,17.5,-59.2,4.1,96.3,0x20,405.002,10.2,-1875,-1,2.2,,
2026-07-31T00:17:17.000Z,M20-403-2-02878,1469492237,44.03475,4.91218,16899.7,5.1,6.2,23.1,-59.1,4.2,96.2,0x20,405.002,10.2,-1875,-1,2.2,,
2026-07-31T00:17:18.000Z,M20-403-2-02878,1469492238,44.03480,4.91222,16904.0,3.6,6.7,31.6,-59.1,4.1,96.1,0x20,405.002,6.3,-1875,-1,2.2,,
2026-07-31T00:17:21.000Z,M20-403-2-02878,1469492241,44.03496,4.91244,16917.4,4.7,9.8,44.6,-58.9,4.1,95.9,0x20,405.002,6.6,-1875,-1,2.2,,
2026-07-31T00:17:22.000Z,M20-403-2-02878,1469492242,44.03502,4.91252,16922.7,5.7,8.9,46.7,-58.9,4.1,95.8,0x20,405.002,7.3,-1875,-1,2.2,,
2026-07-31T00:17:24.000Z,M20-403-2-02878,1469492244,44.03513,4.91265,16932.0,4.9,7.3,32.1,-58.9,4.1,95.7,0x20,405.002,9.8,-1875,-1,2.2,,
2026-07-31T00:17:25.000Z,M20-403-2-02878,1469492245,44.03519,4.91270,16935.7,2.9,7.7,27.9,-58.9,4.1,95.6,0x20,405.002,12.1,-1875,-1,2.2,,
2026-07-31T00:17:26.000Z,M20-403-2-02878,1469492246,44.03525,4.91274,16939.2,5.3,7.0,22.2,-58.9,4.1,95.6,0x20,405.002,12.1,-1875,-1,2.2,,
2026-07-31T00:17:27.000Z,M20-403-2-02878,1469492247,44.03530,4.91277,16943.2,3.4,6.1,28.0,-58.9,4.0,95.5,0x20,405.002,10.4,-1875,-1,2.2,,
2026-07-31T00:17:30.000Z,M20-403-2-02878,1469492250,44.03545,4.91292,16956.2,3.1,8.2,36.4,-58.9,4.1,95.3,0x20,405.002,5.8,-1875,-1,2.2,,
2026-07-31T00:17:32.000Z,M20-403-2-02878,1469492252,44.03554,4.91305,16965.5,3.3,7.0,49.2,-58.9,4.0,95.1,0x20,405.002,3.5,-1875,-1,2.2,,
2026-07-31T00:17:33.000Z,M20-403-2-02878,1469492253,44.03558,4.91311,16969.6,4.5,5.9,50.8,-59.0,4.0,95.1,0x20,405.002,4.1,-1875,-1,2.2,,
2026-07-31T00:17:34.000Z,M20-403-2-02878,1469492254,44.03562,4.91316,16974.8,5.6,6.5,31.5,-59.0,4.0,95.0,0x20,405.002,9.7,-1875,-1,2.2,,
2026-07-31T00:17:35.000Z,M20-403-2-02878,1469492255,44.03567,4.91320,16979.7,4.1,6.2,29.5,-59.0,4.0,95.0,0x20,405.002,9.7,-1875,-1,2.2,,
2026-07-31T00:17:36.000Z,M20-403-2-02878,1469492256,44.03572,4.91324,16984.5,5.7,6.2,28.9,-59.0,4.0,94.8,0x20,405.002,8.7,-1875,-1,2.2,,
2026-07-31T00:17:37.000Z,M20-403-2-02878,1469492257,44.03576,4.91327,16989.5,4.5,4.7,38.6,-59.1,4.0,94.8,0x20,405.002,7.7,-1875,-1,2.2,,
2026-07-31T00:17:38.000Z,M20-403-2-02878,1469492258,44.03579,4.91332,16994.2,5.0,5.7,48.1,-59.1,4.0,94.7,0x20,405.002,7.9,-1875,-1,2.2,,
2026-07-31T00:17:39.000Z,M20-403-2-02878,1469492259,44.03583,4.91337,16999.6,5.6,7.1,40.7,-59.1,4.0,94.6,0x20,405.002,9.5,-1875,-1,2.2,,
2026-07-31T00:17:40.000Z,M20-403-2-02878,1469492260,44.03587,4.91344,17004.7,4.8,7.4,46.4,-59.1,3.9,94.6,0x20,405.002,9.5,-1875,-1,2.2,,
2026-07-31T00:17:41.000Z,M20-403-2-02878,1469492261,44.03591,4.91350,17009.8,6.1,6.2,47.1,-59.1,3.9,94.5,0x20,405.002,10.2,-1875,-1,2.2,,
2026-07-31T00:17:42.000Z,M20-403-2-02878,1469492262,44.03594,4.91355,17014.4,3.9,4.7,61.8,-59.1,3.9,94.4,0x20,405.002,10.2,-1875,-1,2.2,,
2026-07-31T00:17:45.000Z,M20-403-2-02878,1469492265,44.03602,4.91366,17027.1,4.9,3.9,34.3,-59.1,3.9,94.2,0x20,405.002,3.1,-1875,-1,2.2,,
2026-07-31T00:17:46.000Z,M20-403-2-02878,1469492266,44.03605,4.91369,17032.0,5.0,3.7,35.8,-59.1,3.8,94.1,0x20,405.002,3.1,-1875,-1,2.2,,
2026-07-31T00:17:47.000Z,M20-403-2-02878,1469492267,44.03607,4.91372,17037.2,5.4,3.6,47.6,-59.1,3.8,94.1,0x20,405.002,10.4,-1875,-1,2.2,,
2026-07-31T00:17:48.000Z,M20-403-2-02878,1469492268,44.03610,4.91376,17042.5,5.4,4.5,49.2,-59.2,3.8,94.0,0x20,405.002,10.5,-1875,-1,2.2,,
2026-07-31T00:17:49.000Z,M20-403-2-02878,1469492269,44.03612,4.91380,17046.7,3.4,5.3,47.3,-59.1,3.8,93.9,0x20,405.002,10.5,-1875,-1,2.2,,
2026-07-31T00:17:50.000Z,M20-403-2-02878,1469492270,44.03615,4.91386,17051.0,5.5,5.7,56.7,-59.2,3.8,93.8,0x20,405.002,10.5,-1875,-1,2.2,,
2026-07-31T00:17:51.000Z,M20-403-2-02878,1469492271,44.03618,4.91392,17055.5,4.2,5.0,66.4,-59.2,3.8,93.8,0x20,405.002,10.5,-1875,-1,2.2,,
2026-07-31T00:17:54.000Z,M20-403-2-02878,1469492274,44.03625,4.91406,17068.8,4.9,4.6,45.4,-59.2,3.7,93.6,0x20,405.002,8.3,-1875,-1,2.2,,
2026-07-31T00:17:55.000Z,M20-403-2-02878,1469492275,44.03628,4.91410,17073.0,4.0,4.0,39.8,-59.3,3.7,93.5,0x20,405.002,10.5,-1875,-1,2.2,,
2026-07-31T00:17:56.000Z,M20-403-2-02878,1469492276,44.03631,4.91413,17077.3,4.4,3.7,43.1,-59.3,3.7,93.5,0x20,405.002,10.5,-1875,-1,2.2,,
2026-07-31T00:17:57.000Z,M20-403-2-02878,1469492277,44.03633,4.91416,17082.1,5.6,4.1,42.3,-59.3,3.7,93.4,0x20,405.002,10.5,-1875,-1,2.2,,
2026-07-31T00:17:58.000Z,M20-403-2-02878,1469492278,44.03636,4.91420,17086.7,4.7,4.6,43.5,-59.4,3.7,93.3,0x20,405.002,3.5,-1875,-1,2.2,,
2026-07-31T00:17:59.000Z,M20-403-2-02878,1469492279,44.03639,4.91424,17091.5,5.4,4.5,44.4,-59.4,3.6,93.2,0x20,405.002,5.8,-1875,-1,2.2,,
2026-07-31T00:18:01.000Z,M20-403-2-02878,1469492281,44.03643,4.91432,17100.5,4.0,4.9,59.7,-59.4,3.6,93.1,0x20,405.002,8.0,-1875,-1,2.2,,
2026-07-31T00:18:02.000Z,M20-403-2-02878,1469492282,44.03645,4.91437,17104.9,4.4,5.4,51.3,-59.4,3.6,93.0,0x20,405.002,10.2,-1875,-1,2.2,,
2026-07-31T00:18:03.000Z,M20-403-2-02878,1469492283,44.03648,4.91442,17109.3,4.6,5.0,45.0,-59.5,3.6,92.9,0x20,405.002,10.2,-1875,-1,2.2,,
2026-07-31T00:18:04.000Z,M20-403-2-02878,1469492284,44.03651,4.91446,17113.7,4.6,4.2,50.8,-59.5,3.5,92.9,0x20,405.002,9.1,-1875,-1,2.2,,
2026-07-31T00:18:06.000Z,M20-403-2-02878,1469492286,44.03653,4.91454,17122.8,4.8,3.6,72.2,-59.6,3.5,92.7,0x20,405.002,10.8,-1875,-1,2.2,,
2026-07-31T00:18:07.000Z,M20-403-2-02878,1469492287,44.03655,4.91458,17128.2,5.8,4.4,47.7,-59.6,3.5,92.7,0x20,405.002,10.8,-1875,-1,2.2,,
2026-07-31T00:18:09.000Z,M20-403-2-02878,1469492289,44.03661,4.91466,17136.8,5.3,4.4,48.1,-59.7,3.5,92.5,0x20,405.002,8.0,-1875,-1,2.2,,
2026-07-31T00:18:10.000Z,M20-403-2-02878,1469492290,44.03663,4.91471,17142.1,4.9,4.4,63.8,-59.7,3.5,92.5,0x20,405.002,3.4,-1875,-1,2.2,,
2026-07-31T00:18:11.000Z,M20-403-2-02878,1469492291,44.03664,4.91475,17146.5,4.8,4.1,68.6,-59.7,3.4,92.4,0x20,405.002,3.4,-1875,-1,2.2,,
2026-07-31T00:18:12.000Z,M20-403-2-02878,1469492292,44.03665,4.91480,17151.2,4.9,4.6,64.0,-59.8,3.4,92.3,0x20,405.002,3.4,-1875,-1,2.2,,
2026-07-31T00:18:13.000Z,M20-403-2-02878,1469492293,44.03667,4.91485,17156.4,5.6,4.5,61.7,-59.8,3.4,92.2,0x20,405.002,8.7,-1875,-1,2.2,,
2026-07-31T00:18:14.000Z,M20-403-2-02878,1469492294,44.03669,4.91490,17161.3,4.5,4.1,68.8,-59.8,3.4,92.2,0x20,405.002,8.7,-1875,-1,2.2,,
2026-07-31T00:18:15.000Z,M20-403-2-02878,1469492295,44.03670,4.91495,17165.0,3.6,4.0,80.2,-59.8,3.3,92.1,0x20,405.002,8.4,-1875,-1,2.2,,
2026-07-31T00:18:16.000Z,M20-403-2-02878,1469492296,44.03671,4.91499,17169.7,5.8,4.1,64.3,-59.9,3.3,92.0,0x20,405.002,8.4,-1875,-1,2.2,,
2026-07-31T00:18:18.000Z,M20-403-2-02878,1469492298,44.03675,4.91508,17178.4,5.1,4.0,64.5,-59.9,3.3,91.9,0x20,405.002,7.7,-1875,-1,2.2,,
2026-07-31T00:18:19.000Z,M20-403-2-02878,1469492299,44.03676,4.91513,17182.8,4.1,3.8,79.7,-59.9,3.3,91.8,0x20,405.002,7.7,-1875,-1,2.2,,
2026-07-31T00:18:21.000Z,M20-403-2-02878,1469492301,44.03677,4.91522,17190.6,4.5,3.8,80.8,-59.9,3.3,91.7,0x20,405.002,9.5,-1875,-1,2.2,,
2026-07-31T00:18:22.000Z,M20-403-2-02878,1469492302,44.03678,4.91526,17195.2,4.3,3.7,76.4,-59.9,3.2,91.6,0x20,405.002,9.5,-1875,-1,2.2,,
2026-07-31T00:18:24.000Z,M20-403-2-02878,1469492304,44.03679,4.91534,17203.6,3.3,2.5,82.1,-59.9,3.2,91.5,0x20,405.002,4.1,-1875,-1,2.2,,
2026-07-31T00:18:25.000Z,M20-403-2-02878,1469492305,44.03679,4.91538,17208.0,6.0,3.4,83.9,-59.9,3.2,91.4,0x20,405.002,4.2,-1875,-1,2.2,,
2026-07-31T00:18:27.000Z,M20-403-2-02878,1469492307,44.03682,4.91546,17219.5,6.5,3.3,69.6,-60.0,3.2,91.3,0x20,405.002,6.4,-1875,-1,2.2,,
2026-07-31T00:18:28.000Z,M20-403-2-02878,1469492308,44.03683,4.91550,17225.7,6.2,4.0,77.9,-60.1,3.1,91.2,0x20,405.002,7.8,-1875,-1,2.2,,
2026-07-31T00:18:29.000Z,M20-403-2-02878,1469492309,44.03683,4.91555,17230.8,4.2,4.0,85.5,-60.1,3.1,91.1,0x20,405.002,9.6,-1875,-1,2.2,,
2026-07-31T00:18:31.000Z,M20-403-2-02878,1469492311,44.03684,4.91566,17240.0,4.2,4.8,83.4,-60.1,3.1,91.0,0x20,405.002,10.0,-1875,-1,2.2,,
2026-07-31T00:18:32.000Z,M20-403-2-02878,1469492312,44.03685,4.91573,17244.7,5.6,5.2,94.6,-60.2,3.1,90.9,0x20,405.002,10.0,-1875,-1,2.2,,
2026-07-31T00:18:33.000Z,M20-403-2-02878,1469492313,44.03684,4.91579,17249.1,3.6,5.0,107.2,-60.2,3.1,90.8,0x20,405.002,9.5,-1875,-1,2.2,,
2026-07-31T00:18:36.000Z,M20-403-2-02878,1469492316,44.03682,4.91591,17261.7,3.2,2.5,65.6,-60.3,3.0,90.6,0x20,405.002,3.4,-1875,-1,2.2,,
2026-07-31T00:18:37.000Z,M20-403-2-02878,1469492317,44.03683,4.91594,17265.9,5.2,2.0,68.4,-60.3,3.0,90.6,0x20,405.002,3.1,-1875,-1,2.2,,
2026-07-31T00:18:40.000Z,M20-403-2-02878,1469492320,44.03683,4.91603,17280.5,5.5,4.1,86.4,-60.4,2.9,90.4,0x20,405.002,8.7,-1875,-1,2.2,,
2026-07-31T00:18:44.000Z,M20-403-2-02878,1469492324,44.03682,4.91630,17296.8,4.3,5.2,111.3,-60.4,2.9,90.1,0x20,405.002,7.3,-1875,-1,2.2,,
2026-07-31T00:18:48.000Z,M20-403-2-02878,1469492328,44.03681,4.91648,17316.8,4.4,2.7,99.1,-60.6,2.8,89.8,0x20,405.002,7.0,-1875,-1,2.2,,
2026-07-31T00:18:51.000Z,M20-403-2-02878,1469492331,44.03682,4.91659,17332.0,4.4,4.3,68.2,-60.7,2.7,89.6,0x20,405.002,3.1,-1875,-1,2.2,,
2026-07-31T00:18:52.000Z,M20-403-2-02878,1469492332,44.03683,4.91665,17336.7,5.5,5.5,75.1,-60.7,2.7,89.6,0x20,405.002,6.8,-1875,-1,2.2,,
2026-07-31T00:18:53.000Z,M20-403-2-02878,1469492333,44.03684,4.91672,17342.0,5.5,6.2,84.5,-60.7,2.7,89.5,0x20,405.002,6.8,-1875,-1,2.2,,
2026-07-31T00:18:56.000Z,M20-403-2-02878,1469492336,44.03685,4.91689,17354.4,3.9,1.7,73.9,-60.6,2.6,89.3,0x20,405.002,9.0,-1875,-1,2.2,,
2026-07-31T00:19:01.000Z,M20-403-2-02878,1469492341,44.03689,4.91703,17377.4,5.0,5.4,66.8,-60.8,2.6,89.0,0x20,405.002,4.8,-1875,-1,2.2,,
2026-07-31T00:19:03.000Z,M20-403-2-02878,1469492343,44.03694,4.91718,17387.2,4.9,7.2,76.0,-60.8,2.6,88.8,0x20,405.002,3.5,-1875,-1,2.2,,
2026-07-31T00:19:04.000Z,M20-403-2-02878,1469492344,44.03695,4.91727,17391.8,4.5,7.0,79.7,-60.9,2.5,88.7,0x20,405.002,3.5,-1875,-1,2.2,,
2026-07-31T00:19:05.000Z,M20-403-2-02878,1469492345,44.03696,4.91734,17396.7,5.4,4.8,81.6,-60.9,2.5,88.6,0x20,405.002,6.9,-1875,-1,2.2,,
2026-07-31T00:19:06.000Z,M20-403-2-02878,1469492346,44.03696,4.91739,17401.3,3.6,2.8,76.9,-60.9,2.5,88.6,0x20,405.002,7.4,-1875,-1,2.2,,
2026-07-31T00:19:08.000Z,M20-403-2-02878,1469492348,44.03695,4.91743,17410.2,5.2,2.6,161.7,-60.9,2.5,88.5,0x20,405.002,6.8,-1875,-1,2.2,,
2026-07-31T00:19:10.000Z,M20-403-2-02878,1469492350,44.03691,4.91746,17419.4,5.4,1.6,122.7,-60.9,2.4,88.3,0x20,405.002,8.7,-1875,-1,2.2,,
2026-07-31T00:19:11.000Z,M20-403-2-02878,1469492351,44.03691,4.91748,17424.1,4.0,2.4,67.9,-60.9,2.4,88.3,0x20,405.002,8.7,-1875,-1,2.2,,
2026-07-31T00:19:14.000Z,M20-403-2-02878,1469492354,44.03697,4.91762,17437.9,4.3,5.2,72.1,-60.9,2.4,88.1,0x20,405.002,4.9,-1875,-1,2.2,,
2026-07-31T00:19:15.000Z,M20-403-2-02878,1469492355,44.03698,4.91767,17443.0,5.9,3.8,72.8,-60.9,2.4,88.0,0x20,405.002,2.9,-1875,-1,2.2,,
2026-07-31T00:19:21.000Z,M20-403-2-02878,1469492361,44.03696,4.91771,17469.2,4.3,0.8,336.0,-60.9,2.3,87.6,0x20,405.002,7.8,-1875,-1,2.2,,
2026-07-31T00:19:22.000Z,M20-403-2-02878,1469492362,44.03697,4.91772,17474.5,5.9,3.2,32.5,-60.9,2.3,87.5,0x20,405.002,8.4,-1875,-1,2.2,,
2026-07-31T00:19:23.000Z,M20-403-2-02878,1469492363,44.03699,4.91775,17479.2,3.7,4.4,49.8,-60.9,2.2,87.4,0x20,405.002,8.4,-1875,-1,2.2,,
2026-07-31T00:19:26.000Z,M20-403-2-02878,1469492366,44.03708,4.91784,17492.9,3.8,3.0,19.2,-60.8,2.2,87.2,0x20,405.002,6.9,-1875,-1,2.2,,
2026-07-31T00:19:28.000Z,M20-403-2-02878,1469492368,44.03710,4.91785,17502.3,3.5,0.9,9.6,-60.7,2.2,87.1,0x20,405.002,3.0,-1875,-1,2.2,,
2026-07-31T00:19:29.000Z,M20-403-2-02878,1469492369,44.03711,4.91785,17507.3,6.2,1.6,336.8,-60.7,2.2,87.0,0x20,405.002,3.4,-1875,-1,2.2,,
2026-07-31T00:19:30.000Z,M20-403-2-02878,1469492370,44.03713,4.91784,17513.0,5.1,3.4,335.4,-60.6,2.2,87.0,0x20,405.002,5.7,-1875,-1,2.2,,
2026-07-31T00:19:31.000Z,M20-403-2-02878,1469492371,44.03716,4.91782,17518.2,5.1,4.3,348.9,-60.5,2.2,86.9,0x20,405.002,8.2,-1875,-1,2.2,,
2026-07-31T00:19:32.000Z,M20-403-2-02878,1469492372,44.03720,4.91782,17524.5,7.4,4.6,7.2,-60.4,2.2,86.8,0x20,405.002,8.4,-1875,-1,2.2,,
2026-07-31T00:19:33.000Z,M20-403-2-02878,1469492373,44.03723,4.91784,17529.9,4.1,3.9,26.1,-60.4,2.2,86.8,0x20,405.002,9.5,-1875,-1,2.2,,
2026-07-31T00:19:34.000Z,M20-403-2-02878,1469492374,44.03727,4.91786,17534.8,6.0,3.9,27.7,-60.3,2.2,86.7,0x20,405.002,9.5,-1875,-1,2.2,,
2026-07-31T00:19:35.000Z,M20-403-2-02878,1469492375,44.03730,4.91787,17539.7,4.3,4.6,11.6,-60.2,2.2,86.6,0x20,405.002,8.2,-1875,-1,2.2,,
2026-07-31T00:19:36.000Z,M20-403-2-02878,1469492376,44.03735,4.91788,17544.6,5.7,5.1,13.2,-60.2,2.2,86.6,0x20,405.002,7.6,-1875,-1,2.2,,
2026-07-31T00:19:48.000Z,M20-403-2-02878,1469492388,44.03793,4.91795,17597.9,4.9,6.9,0.2,-59.9,2.1,85.8,0x20,405.002,7.3,-1875,-1,2.2,,
2026-07-31T00:19:49.000Z,M20-403-2-02878,1469492389,44.03799,4.91796,17602.2,4.5,7.4,7.6,-59.9,2.1,85.7,0x20,405.002,7.6,-1875,-1,2.2,,
2026-07-31T00:19:54.000Z,M20-403-2-02878,1469492394,44.03828,4.91797,17626.0,4.2,7.6,358.2,-59.9,2.1,85.4,0x20,405.002,3.2,-1875,-1,2.1,,
2026-07-31T00:19:58.000Z,M20-403-2-02878,1469492398,44.03854,4.91798,17643.6,4.1,8.3,1.2,-59.9,2.1,85.1,0x20,405.002,6.0,-1875,-1,2.1,,
2026-07-31T00:19:59.000Z,M20-403-2-02878,1469492399,44.03861,4.91798,17648.2,5.1,8.1,359.8,-59.9,2.1,85.0,0x20,405.002,8.1,-1875,-1,2.1,,
2026-07-31T00:20:03.000Z,M20-403-2-02878,1469492403,44.03890,4.91796,17669.5,4.7,8.6,11.0,-60.0,2.1,84.8,0x20,405.002,7.6,-1875,-1,2.1,,
2026-07-31T00:20:04.000Z,M20-403-2-02878,1469492404,44.03898,4.91798,17674.1,5.5,7.7,18.9,-60.1,2.1,84.7,0x20,405.002,7.6,-1875,-1,2.2,,
2026-07-31T00:20:05.000Z,M20-403-2-02878,1469492405,44.03904,4.91802,17678.1,3.1,6.8,25.6,-60.1,2.1,84.7,0x20,405.002,6.7,-1875,-1,2.2,,
2026-07-31T00:20:09.000Z,M20-403-2-02878,1469492409,44.03934,4.91811,17697.2,3.9,9.2,0.2,-60.1,2.1,84.4,0x20,405.002,3.7,-1875,-1,2.1,,
2026-07-31T00:20:10.000Z,M20-403-2-02878,1469492410,44.03942,4.91811,17701.5,5.7,8.8,3.2,-60.1,2.1,84.3,0x20,405.002,7.9,-1875,-1,2.1,,
2026-07-31T00:20:11.000Z,M20-403-2-02878,1469492411,44.03950,4.91813,17706.4,4.6,9.9,7.9,-60.1,2.1,84.2,0x20,405.002,7.9,-1875,-1,2.1,,
2026-07-31T00:20:14.000Z,M20-403-2-02878,1469492414,44.03972,4.91819,17719.8,3.4,6.8,16.7,-60.1,2.1,84.0,0x20,405.002,9.1,-1875,-1,2.2,,
2026-07-31T00:20:15.000Z,M20-403-2-02878,1469492415,44.03978,4.91822,17724.4,5.3,6.6,24.8,-60.1,2.0,84.0,0x20,405.002,9.6,-1875,-1,2.1,,
2026-07-31T00:20:16.000Z,M20-403-2-02878,1469492416,44.03983,4.91827,17730.2,6.2,7.4,31.0,-60.1,2.0,83.9,0x20,405.002,9.6,-1875,-1,2.2,,
2026-07-31T00:20:17.000Z,M20-403-2-02878,1469492417,44.03990,4.91831,17734.6,4.5,8.3,26.1,-60.1,2.0,83.8,0x20,405.002,8.4,-1875,-1,2.2,,
2026-07-31T00:20:20.000Z,M20-403-2-02878,1469492420,44.04010,4.91841,17748.8,5.1,7.8,23.1,-60.1,2.0,83.7,0x20,405.002,3.4,-1875,-1,2.1,,
2026-07-31T00:20:21.000Z,M20-403-2-02878,1469492421,44.04017,4.91845,17754.5,5.4,9.1,22.5,-60.1,2.0,83.6,0x20,405.002,3.6,-1875,-1,2.1,,
2026-07-31T00:20:22.000Z,M20-403-2-02878,1469492422,44.04024,4.91850,17758.7,3.9,9.1,27.3,-60.1,2.0,83.5,0x20,405.002,8.0,-1875,-1,2.2,,
2026-07-31T00:20:23.000Z,M20-403-2-02878,1469492423,44.04031,4.91855,17763.8,6.8,8.8,22.7,-60.2,2.0,83.4,0x20,405.002,11.0,-1875,-1,2.2,,
2026-07-31T00:20:24.000Z,M20-403-2-02878,1469492424,44.04039,4.91859,17768.8,4.0,8.5,22.0,-60.2,2.0,83.4,0x20,405.002,11.0,-1875,-1,2.1,,
2026-07-31T00:20:25.000Z,M20-403-2-02878,1469492425,44.04046,4.91862,17773.3,6.0,8.3,22.7,-60.2,2.0,83.3,0x20,405.002,7.6,-1875,-1,2.1,,
2026-07-31T00:20:26.000Z,M20-403-2-02878,1469492426,44.04052,4.91868,17778.7,4.6,9.1,31.9,-60.3,2.0,83.2,0x20,405.002,7.3,-1875,-1,2.1,,
2026-07-31T00:20:27.000Z,M20-403-2-02878,1469492427,44.04060,4.91873,17782.7,4.0,9.3,30.2,-60.3,1.9,83.2,0x20,405.002,9.9,-1875,-1,2.1,,
2026-07-31T00:20:28.000Z,M20-403-2-02878,1469492428,44.04066,4.91879,17787.3,5.5,8.2,31.4,-60.3,2.0,83.1,0x20,405.002,10.5,-1875,-1,2.1,,
2026-07-31T00:20:29.000Z,M20-403-2-02878,1469492429,44.04073,4.91884,17791.8,3.5,7.9,27.1,-60.3,2.0,83.1,0x20,405.002,10.5,-1875,-1,2.1,,
2026-07-31T00:20:30.000Z,M20-403-2-02878,1469492430,44.04079,4.91889,17796.2,5.5,8.2,34.5,-60.3,2.0,83.0,0x20,405.002,10.0,-1875,-1,2.1,,
2026-07-31T00:20:33.000Z,M20-403-2-02878,1469492433,44.04100,4.91908,17811.1,6.3,9.8,30.0,-60.3,1.9,82.8,0x20,405.002,3.0,-1875,-1,2.1,,
2026-07-31T00:20:34.000Z,M20-403-2-02878,1469492434,44.04107,4.91914,17816.3,4.6,9.5,27.3,-60.4,1.9,82.7,0x20,405.002,3.2,-1875,-1,2.1,,
2026-07-31T00:20:35.000Z,M20-403-2-02878,1469492435,44.04115,4.91920,17821.2,5.7,9.8,29.0,-60.4,1.9,82.7,0x20,405.002,6.4,-1875,-1,2.1,,
2026-07-31T00:20:36.000Z,M20-403-2-02878,1469492436,44.04122,4.91926,17826.1,4.1,9.7,36.8,-60.4,1.9,82.6,0x20,405.002,6.7,-1875,-1,2.1,,
2026-07-31T00:20:38.000Z,M20-403-2-02878,1469492438,44.04135,4.91941,17835.0,5.7,8.7,39.5,-60.5,1.9,82.4,0x20,405.002,8.6,-1875,-1,2.1,,
2026-07-31T00:20:39.000Z,M20-403-2-02878,1469492439,44.04141,4.91948,17840.1,4.7,8.3,35.7,-60.5,1.9,82.4,0x20,405.002,8.7,-1875,-1,2.1,,
2026-07-31T00:20:43.000Z,M20-403-2-02878,1469492443,44.04167,4.91981,17858.8,3.8,9.3,48.5,-60.6,1.9,82.2,0x20,405.002,6.9,-1875,-1,2.1,,
2026-07-31T00:20:44.000Z,M20-403-2-02878,1469492444,44.04172,4.91990,17863.8,5.8,8.6,57.9,-60.6,1.8,82.1,0x20,405.002,7.4,-1875,-1,2.1,,
2026-07-31T00:20:45.000Z,M20-403-2-02878,1469492445,44.04176,4.91999,17868.7,4.2,9.1,59.0,-60.6,1.9,82.0,0x20,405.002,7.4,-1875,-1,2.1,,
2026-07-31T00:20:46.000Z,M20-403-2-02878,1469492446,44.04180,4.92008,17873.1,4.9,8.2,60.8,-60.5,1.8,82.0,0x20,405.002,3.7,-1875,-1,2.1,,
2026-07-31T00:20:54.000Z,M20-403-2-02878,1469492454,44.04216,4.92052,17911.2,5.3,6.6,51.3,-60.1,1.8,81.5,0x20,405.002,8.7,-1875,-1,2.1,,
2026-07-31T00:20:55.000Z,M20-403-2-02878,1469492455,44.04219,4.92059,17915.7,3.8,7.4,51.8,-60.0,1.8,81.4,0x20,405.002,8.7,-1875,-1,2.1,,
2026-07-31T00:20:56.000Z,M20-403-2-02878,1469492456,44.04223,4.92067,17919.7,4.6,6.7,56.1,-60.0,1.7,81.3,0x20,405.002,8.0,-1875,-1,2.1,,
2026-07-31T00:21:01.000Z,M20-403-2-02878,1469492461,44.04245,4.92085,17941.9,4.1,6.8,30.5,-60.0,1.7,81.0,0x20,405.002,4.2,-1875,-1,2.1,,
2026-07-31T00:21:02.000Z,M20-403-2-02878,1469492462,44.04250,4.92089,17946.6,5.7,5.8,41.3,-59.9,1.8,81.0,0x20,405.002,8.8,-1875,-1,2.1,,
2026-07-31T00:21:03.000Z,M20-403-2-02878,1469492463,44.04254,4.92093,17951.6,4.3,5.5,30.6,-59.9,1.7,80.9,0x20,405.002,9.4,-1875,-1,2.1,,
2026-07-31T00:21:04.000Z,M20-403-2-02878,1469492464,44.04257,4.92096,17956.2,4.6,4.5,27.9,-59.9,1.7,80.8,0x20,405.002,9.4,-1875,-1,2.1,,
2026-07-31T00:21:08.000Z,M20-403-2-02878,1469492468,44.04274,4.92108,17975.7,4.7,4.8,2.9,-59.9,1.7,80.6,0x20,405.002,7.7,-1875,-1,2.1,,
2026-07-31T00:21:18.000Z,M20-403-2-02878,1469492478,44.04307,4.92121,18023.9,4.0,5.6,354.2,-60.1,1.7,80.0,0x20,405.002,7.6,-1875,-1,2.1,,
2026-07-31T00:21:19.000Z,M20-403-2-02878,1469492479,44.04311,4.92120,18028.7,5.8,3.4,341.1,-60.1,1.6,79.9,0x20,405.002,7.8,-1875,-1,2.1,,
2026-07-31T00:21:20.000Z,M20-403-2-02878,1469492480,44.04313,4.92119,18033.7,4.0,1.4,355.9,-60.1,1.7,79.8,0x20,405.002,7.8,-1875,-1,2.1,,
2026-07-31T00:21:26.000Z,M20-403-2-02878,1469492486,44.04324,4.92121,18060.5,5.9,3.5,3.8,-60.2,1.6,79.5,0x20,405.002,3.6,-1875,-1,2.1,,
2026-07-31T00:21:28.000Z,M20-403-2-02878,1469492488,44.04331,4.92119,18069.5,5.1,4.2,334.6,-60.3,1.6,79.3,0x20,405.002,3.8,-1875,-1,2.1,,
2026-07-31T00:21:29.000Z,M20-403-2-02878,1469492489,44.04333,4.92117,18075.0,5.9,2.7,318.8,-60.2,1.6,79.3,0x20,405.002,7.7,-1875,-1,2.1,,
2026-07-31T00:21:30.000Z,M20-403-2-02878,1469492490,44.04335,4.92114,18079.9,4.0,2.1,305.9,-60.2,1.6,79.2,0x20,405.002,7.7,-1875,-1,2.1,,
2026-07-31T00:21:33.000Z,M20-403-2-02878,1469492493,44.04338,4.92104,18093.5,5.2,3.8,307.7,-60.2,1.6,79.1,0x20,405.002,6.9,-1875,-1,2.1,,
2026-07-31T00:21:34.000Z,M20-403-2-02878,1469492494,44.04341,4.92101,18098.3,4.7,3.0,329.0,-60.1,1.6,79.0,0x20,405.002,9.4,-1875,-1,2.1,,
2026-07-31T00:21:35.000Z,M20-403-2-02878,1469492495,44.04343,4.92100,18102.2,3.5,1.7,4.3,-60.1,1.6,78.9,0x20,405.002,9.4,-1875,-1,2.1,,
2026-07-31T00:21:36.000Z,M20-403-2-02878,1469492496,44.04345,4.92100,18106.0,4.7,2.6,358.3,-60.0,1.5,78.9,0x20,405.002,6.4,-1875,-1,2.1,,
2026-07-31T00:21:42.000Z,M20-403-2-02878,1469492502,44.04354,4.92099,18133.2,3.8,2.2,303.9,-59.9,1.6,78.5,0x20,405.002,7.8,-1875,-1,2.1,,
2026-07-31T00:21:47.000Z,M20-403-2-02878,1469492507,44.04361,4.92094,18157.3,4.9,2.1,332.2,-60.0,1.5,78.2,0x20,405.002,7.3,-1875,-1,2.1,,
2026-07-31T00:21:50.000Z,M20-403-2-02878,1469492510,44.04365,4.92095,18169.8,4.1,1.8,29.6,-60.1,1.5,78.0,0x20,405.002,4.7,-1875,-1,2.1,,
2026-07-31T00:21:54.000Z,M20-403-2-02878,1469492514,44.04376,4.92091,18189.0,5.0,4.8,3.6,-60.1,1.5,77.8,0x20,405.002,7.4,-1875,-1,2.1,,
2026-07-31T00:21:57.000Z,M20-403-2-02878,1469492517,44.04384,4.92096,18201.6,3.9,1.2,42.0,-60.1,1.5,77.6,0x20,405.002,7.5,-1875,-1,2.1,,
2026-07-31T00:21:58.000Z,M20-403-2-02878,1469492518,44.04384,4.92098,18205.2,3.4,1.1,129.2,-60.1,1.5,77.6,0x20,405.002,9.3,-1875,-1,2.1,,
2026-07-31T00:22:02.000Z,M20-403-2-02878,1469492522,44.04385,4.92107,18223.8,3.7,2.4,16.2,-60.1,1.5,77.3,0x20,405.002,6.6,-1875,-1,2.1,,
2026-07-31T00:22:03.000Z,M20-403-2-02878,1469492523,44.04388,4.92107,18228.0,5.1,3.6,8.8,-60.1,1.4,77.3,0x20,405.002,6.6,-1875,-1,2.1,,
2026-07-31T00:22:05.000Z,M20-403-2-02878,1469492525,44.04394,4.92110,18237.6,3.9,4.1,26.3,-60.1,1.4,77.2,0x20,405.002,3.3,-1875,-1,2.1,,
2026-07-31T00:22:06.000Z,M20-403-2-02878,1469492526,44.04397,4.92112,18242.4,5.6,2.3,31.4,-60.1,1.4,77.1,0x20,405.002,3.6,-1875,-1,2.1,,
2026-07-31T00:22:07.000Z,M20-403-2-02878,1469492527,44.04398,4.92113,18247.0,4.0,1.2,29.0,-60.0,1.4,77.0,0x20,405.002,6.4,-1875,-1,2.1,,
2026-07-31T00:22:12.000Z,M20-403-2-02878,1469492532,44.04402,4.92124,18270.0,3.7,2.0,347.7,-59.9,1.4,76.7,0x20,405.002,6.6,-1875,-1,2.1,,
2026-07-31T00:22:13.000Z,M20-403-2-02878,1469492533,44.04404,4.92124,18275.0,6.3,1.7,349.6,-59.9,1.4,76.7,0x20,405.002,6.6,-1875,-1,2.1,,
2026-07-31T00:22:16.000Z,M20-403-2-02878,1469492536,44.04409,4.92127,18290.6,5.8,1.7,35.1,-59.9,1.4,76.5,0x20,405.002,7.2,-1875,-1,2.1,,
2026-07-31T00:22:17.000Z,M20-403-2-02878,1469492537,44.04409,4.92128,18295.4,3.6,1.1,64.1,-59.9,1.4,76.5,0x20,405.002,3.4,-1875,-1,2.1,,
2026-07-31T00:22:19.000Z,M20-403-2-02878,1469492539,44.04411,4.92132,18304.4,4.3,2.9,80.6,-59.9,1.4,76.3,0x20,405.002,3.9,-1875,-1,2.1,,
2026-07-31T00:22:20.000Z,M20-403-2-02878,1469492540,44.04411,4.92136,18309.1,5.6,2.5,70.4,-59.9,1.4,76.3,0x20,405.002,7.5,-1875,-1,2.1,,
2026-07-31T00:22:22.000Z,M20-403-2-02878,1469492542,44.04413,4.92138,18317.7,3.8,2.4,345.1,-59.9,1.4,76.1,0x20,405.002,5.9,-1875,-1,2.1,,
2026-07-31T00:22:23.000Z,M20-403-2-02878,1469492543,44.04415,4.92138,18322.0,5.0,2.2,7.4,-59.9,1.3,76.1,0x20,405.002,8.9,-1875,-1,2.1,,
2026-07-31T00:22:26.000Z,M20-403-2-02878,1469492546,44.04423,4.92139,18335.1,4.9,3.3,344.5,-59.7,1.3,75.9,0x20,405.002,7.0,-1875,-1,2.1,,
2026-07-31T00:22:27.000Z,M20-403-2-02878,1469492547,44.04425,4.92138,18339.6,4.2,2.4,333.8,-59.7,1.3,75.8,0x20,405.002,9.1,-1875,-1,2.1,,
2026-07-31T00:22:31.000Z,M20-403-2-02878,1469492551,44.04436,4.92144,18358.3,5.2,4.4,47.9,-59.6,1.3,75.7,0x20,405.002,3.4,-1875,-1,2.1,,
2026-07-31T00:22:32.000Z,M20-403-2-02878,1469492552,44.04439,4.92147,18363.1,4.4,2.9,31.6,-59.7,1.3,75.6,0x20,405.002,2.5,-1875,-1,2.1,,
2026-07-31T00:22:34.000Z,M20-403-2-02878,1469492554,44.04443,4.92149,18371.7,4.7,1.5,29.7,-59.7,1.3,75.5,0x20,405.002,7.1,-1875,-1,2.1,,
2026-07-31T00:22:35.000Z,M20-403-2-02878,1469492555,44.04444,4.92150,18376.2,4.4,1.6,21.9,-59.7,1.3,75.4,0x20,405.002,9.4,-1875,-1,2.1,,
2026-07-31T00:22:38.000Z,M20-403-2-02878,1469492558,44.04450,4.92146,18390.1,5.5,3.1,338.5,-59.6,1.3,75.2,0x20,405.002,7.7,-1875,-1,2.1,,
2026-07-31T00:22:39.000Z,M20-403-2-02878,1469492559,44.04453,4.92146,18394.8,4.3,3.5,10.9,-59.6,1.3,75.2,0x20,405.002,7.7,-1875,-1,2.1,,
2026-07-31T00:22:41.000Z,M20-403-2-02878,1469492561,44.04460,4.92147,18402.7,5.4,3.6,5.8,-59.5,1.3,75.1,0x20,405.002,7.2,-1875,-1,2.1,,
2026-07-31T00:22:42.000Z,M20-403-2-02878,1469492562,44.04463,4.92147,18407.9,4.7,3.0,347.8,-59.5,1.3,75.0,0x20,405.002,7.2,-1875,-1,2.1,,
2026-07-31T00:22:43.000Z,M20-403-2-02878,1469492563,44.04465,4.92145,18412.0,3.9,3.1,338.5,-59.5,1.3,75.0,0x20,405.002,4.6,-1875,-1,2.1,,
2026-07-31T00:22:46.000Z,M20-403-2-02878,1469492566,44.04473,4.92141,18426.2,5.1,3.2,326.2,-59.5,1.3,74.8,0x20,405.002,7.4,-1875,-1,2.1,,
2026-07-31T00:22:50.000Z,M20-403-2-02878,1469492570,44.04483,4.92125,18445.3,4.6,4.0,339.5,-59.5,1.3,74.5,0x20,405.002,9.1,-1875,-1,2.1,,
2026-07-31T00:22:51.000Z,M20-403-2-02878,1469492571,44.04486,4.92125,18450.2,4.3,3.7,9.8,-59.5,1.2,74.5,0x20,405.002,9.1,-1875,-1,2.1,,
2026-07-31T00:22:55.000Z,M20-403-2-02878,1469492575,44.04500,4.92120,18468.7,5.2,4.5,348.3,-59.6,1.2,74.3,0x20,405.002,6.8,-1875,-1,2.1,,
2026-07-31T00:22:56.000Z,M20-403-2-02878,1469492576,44.04504,4.92120,18473.6,4.5,4.3,357.6,-59.6,1.3,74.2,0x20,405.002,2.9,-1875,-1,2.1,,
2026-07-31T00:23:00.000Z,M20-403-2-02878,1469492580,44.04521,4.92112,18493.4,5.4,5.1,356.6,-59.6,1.2,74.0,0x20,405.002,6.6,-1875,-1,2.1,,
2026-07-31T00:23:01.000Z,M20-403-2-02878,1469492581,44.04525,4.92112,18498.7,5.0,4.9,4.9,-59.6,1.2,73.9,0x20,405.002,7.7,-1875,-1,2.1,,
2026-07-31T00:23:06.000Z,M20-403-2-02878,1469492586,44.04553,4.92111,18523.0,5.3,6.1,1.3,-59.4,1.2,73.6,0x20,405.002,8.8,-1875,-1,2.1,,
2026-07-31T00:23:07.000Z,M20-403-2-02878,1469492587,44.04558,4.92111,18527.2,3.6,6.0,352.7,-59.4,1.2,73.5,0x20,405.002,8.8,-1875,-1,2.1,,
2026-07-31T00:23:08.000Z,M20-403-2-02878,1469492588,44.04563,4.92110,18531.7,5.0,5.5,348.1,-59.4,1.2,73.5,0x20,405.002,8.2,-1875,-1,2.1,,
2026-07-31T00:23:09.000Z,M20-403-2-02878,1469492589,44.04569,4.92109,18536.3,4.5,6.3,356.0,-59.4,1.2,73.4,0x20,405.002,3.1,-1875,-1,2.1,,
2026-07-31T00:23:10.000Z,M20-403-2-02878,1469492590,44.04574,4.92108,18540.9,4.7,6.3,354.8,-59.4,1.2,73.4,0x20,405.002,3.1,-1875,-1,2.1,,
2026-07-31T00:23:13.000Z,M20-403-2-02878,1469492593,44.04593,4.92101,18555.4,5.5,6.6,346.8,-59.3,1.2,73.2,0x20,405.002,5.0,-1875,-1,2.1,,
2026-07-31T00:23:14.000Z,M20-403-2-02878,1469492594,44.04598,4.92100,18560.2,4.3,6.2,352.1,-59.3,1.2,73.2,0x20,405.002,8.3,-1875,-1,2.1,,
2026-07-31T00:23:15.000Z,M20-403-2-02878,1469492595,44.04604,4.92099,18564.3,4.1,6.1,359.0,-59.3,1.2,73.1,0x20,405.002,8.3,-1875,-1,2.1,,
2026-07-31T00:23:20.000Z,M20-403-2-02878,1469492600,44.04628,4.92090,18587.1,3.6,5.7,352.3,-59.4,1.1,72.8,0x20,405.002,6.0,-1875,-1,2.1,,
2026-07-31T00:23:21.000Z,M20-403-2-02878,1469492601,44.04633,4.92089,18591.2,4.4,5.7,346.4,-59.4,1.2,72.8,0x20,405.002,3.4,-1875,-1,2.1,,
2026-07-31T00:23:24.000Z,M20-403-2-02878,1469492604,44.04650,4.92080,18606.1,6.2,6.4,342.6,-59.5,1.1,72.6,0x20,405.002,4.8,-1875,-1,2.1,,
2026-07-31T00:23:28.000Z,M20-403-2-02878,1469492608,44.04672,4.92080,18624.3,4.2,7.0,0.0,-59.5,1.1,72.4,0x20,405.002,7.1,-1875,-1,2.1,,
2026-07-31T00:23:29.000Z,M20-403-2-02878,1469492609,44.04678,4.92080,18629.3,6.2,6.8,358.7,-59.5,1.1,72.3,0x20,405.002,8.0,-1875,-1,2.1,,
2026-07-31T00:23:31.000Z,M20-403-2-02878,1469492611,44.04689,4.92080,18637.6,5.6,5.7,0.9,-59.6,1.1,72.2,0x20,405.002,8.2,-1875,-1,2.1,,
2026-07-31T00:23:33.000Z,M20-403-2-02878,1469492613,44.04700,4.92077,18648.3,5.6,6.8,345.5,-59.6,1.1,72.1,0x20,405.002,8.8,-1875,-1,2.1,,
2026-07-31T00:23:34.000Z,M20-403-2-02878,1469492614,44.04706,4.92076,18653.1,4.9,5.9,357.8,-59.7,1.1,72.1,0x20,405.002,8.8,-1875,-1,2.1,,
2026-07-31T00:23:37.000Z,M20-403-2-02878,1469492617,44.04722,4.92078,18663.2,5.3,5.4,2.7,-59.8,1.1,71.9,0x20,405.002,4.6,-2250,-1,2.1,,
2026-07-31T00:23:52.000Z,M20-403-2-02878,1469492632,44.04786,4.92096,18733.5,5.5,4.4,26.6,-59.8,1.0,71.1,0x20,405.002,6.3,-1875,-1,2.1,,
2026-07-31T00:23:53.000Z,M20-403-2-02878,1469492633,44.04790,4.92098,18738.5,4.0,4.4,358.3,-59.8,1.0,71.0,0x20,405.002,6.5,-1875,-1,2.1,,
2026-07-31T00:23:57.000Z,M20-403-2-02878,1469492637,44.04802,4.92098,18758.9,6.0,4.5,21.9,-59.9,0.9,70.8,0x20,405.002,6.7,-1875,-1,2.1,,
2026-07-31T00:24:02.000Z,M20-403-2-02878,1469492642,44.04820,4.92104,18780.5,5.0,2.9,357.4,-59.9,0.9,70.5,0x20,405.002,3.8,-1875,-1,2.1,,
2026-07-31T00:24:06.000Z,M20-403-2-02878,1469492646,44.04830,4.92098,18800.0,4.5,3.5,22.8,-59.9,0.9,70.3,0x20,405.002,6.2,-1875,-1,2.1,,
2026-07-31T00:24:07.000Z,M20-403-2-02878,1469492647,44.04833,4.92101,18803.7,3.6,4.4,50.3,-59.8,0.9,70.2,0x20,405.002,6.2,-1875,-1,2.1,,
2026-07-31T00:24:26.000Z,M20-403-2-02878,1469492666,44.04871,4.92091,18894.2,4.5,2.2,317.2,-59.2,0.8,69.2,0x20,405.002,7.0,-1875,-1,2.1,,
2026-07-31T00:24:32.000Z,M20-403-2-02878,1469492672,44.04883,4.92075,18921.4,5.6,3.6,295.9,-59.1,0.8,68.9,0x20,405.002,6.9,-1875,-1,2.1,,
2026-07-31T00:24:35.000Z,M20-403-2-02878,1469492675,44.04888,4.92062,18938.1,5.6,4.0,308.8,-59.2,0.8,68.7,0x20,405.002,6.5,-1875,-1,2.1,,
2026-07-31T00:24:41.000Z,M20-403-2-02878,1469492681,44.04901,4.92047,18966.1,4.7,2.0,329.0,-59.3,0.8,68.4,0x20,405.002,3.6,-2250,-1,2.1,,
2026-07-31T00:24:48.000Z,M20-403-2-02878,1469492688,44.04913,4.92015,19001.4,4.8,5.4,288.3,-59.2,0.7,68.0,0x20,405.002,7.1,-1875,-1,2.1,,
2026-07-31T00:24:49.000Z,M20-403-2-02878,1469492689,44.04914,4.92009,19006.0,4.6,4.3,280.9,-59.2,0.8,68.0,0x20,405.002,7.8,-1875,-1,2.1,,
2026-07-31T00:24:52.000Z,M20-403-2-02878,1469492692,44.04915,4.92000,19020.0,5.2,1.5,303.2,-59.0,0.8,67.8,0x20,405.002,4.7,-2250,-1,2.1,,
2026-07-31T00:24:53.000Z,M20-403-2-02878,1469492693,44.04916,4.91997,19025.5,5.9,3.9,299.4,-58.9,0.8,67.7,0x20,405.002,4.7,-1875,-1,2.1,,
2026-07-31T00:24:57.000Z,M20-403-2-02878,1469492697,44.04927,4.91973,19041.1,4.2,5.6,308.5,-58.5,0.7,67.6,0x20,405.002,6.3,-1875,-1,2.1,,
2026-07-31T00:25:05.000Z,M20-403-2-02878,1469492705,44.04939,4.91942,19079.6,5.1,4.9,310.2,-58.2,0.8,67.1,0x20,405.002,3.1,-2250,-1,2.1,,
2026-07-31T00:25:06.000Z,M20-403-2-02878,1469492706,44.04942,4.91938,19084.8,5.2,4.3,322.4,-58.1,0.8,67.1,0x20,405.002,3.1,-2250,-1,2.1,,
2026-07-31T00:25:14.000Z,M20-403-2-02878,1469492714,44.04953,4.91924,19122.3,4.9,2.5,341.3,-57.7,0.8,66.7,0x20,405.002,6.1,-2250,-1,2.1,,
2026-07-31T00:25:15.000Z,M20-403-2-02878,1469492715,44.04956,4.91923,19126.6,3.9,3.9,332.9,-57.7,0.8,66.6,0x20,405.002,6.1,-2250,-1,2.1,,
2026-07-31T00:25:31.000Z,M20-403-2-02878,1469492731,44.04982,4.91917,19204.3,5.1,3.4,299.7,-57.6,0.8,65.7,0x20,405.002,4.5,-2250,-1,2.1,,
2026-07-31T00:25:32.000Z,M20-403-2-02878,1469492732,44.04984,4.91915,19209.5,5.5,3.5,344.1,-57.6,0.8,65.7,0x20,405.002,3.8,-2250,-1,2.1,,
2026-07-31T00:25:33.000Z,M20-403-2-02878,1469492733,44.04987,4.91915,19213.9,3.6,3.5,20.7,-57.6,0.8,65.6,0x20,405.002,3.0,-2250,-1,2.1,,
2026-07-31T00:25:34.000Z,M20-403-2-02878,1469492734,44.04989,4.91917,19217.8,4.6,3.3,40.0,-57.6,0.8,65.6,0x20,405.002,5.1,-2250,-1,2.1,,
2026-07-31T00:25:37.000Z,M20-403-2-02878,1469492737,44.04994,4.91918,19231.2,4.8,2.9,316.9,-57.6,0.8,65.5,0x20,405.002,5.9,-2250,-1,2.1,,
2026-07-31T00:25:38.000Z,M20-403-2-02878,1469492738,44.04997,4.91916,19236.5,6.0,3.8,331.0,-57.6,0.8,65.4,0x20,405.002,8.6,-2250,-1,2.1,,
2026-07-31T00:25:41.000Z,M20-403-2-02878,1469492741,44.05008,4.91906,19251.5,3.9,5.6,316.4,-57.6,0.8,65.2,0x20,405.002,5.3,-1875,-1,2.1,,
2026-07-31T00:25:42.000Z,M20-403-2-02878,1469492742,44.05011,4.91901,19256.3,5.4,4.8,314.5,-57.6,0.8,65.2,0x20,405.002,5.3,-1875,-1,2.1,,
2026-07-31T00:25:53.000Z,M20-403-2-02878,1469492753,44.05062,4.91857,19309.5,5.8,7.2,332.0,-57.4,0.8,64.6,0x20,405.002,7.8,-1875,-1,2.1,,
2026-07-31T00:25:55.000Z,M20-403-2-02878,1469492755,44.05071,4.91852,19318.8,5.5,3.4,336.2,-57.4,0.8,64.5,0x20,405.002,6.8,-2250,-1,2.1,,
2026-07-31T00:25:57.000Z,M20-403-2-02878,1469492757,44.05075,4.91845,19329.3,4.1,4.8,299.5,-57.4,0.8,64.4,0x20,405.002,5.7,-2250,-1,2.1,,
2026-07-31T00:26:12.000Z,M20-403-2-02878,1469492772,44.05177,4.91758,19402.2,3.6,11.8,328.5,-57.4,0.7,63.7,0x20,405.002,3.2,-1875,-1,2.1,,
2026-07-31T00:26:22.000Z,M20-403-2-02878,1469492782,44.05255,4.91699,19450.2,4.0,11.6,325.8,-57.5,0.7,63.1,0x20,405.002,5.1,-2250,-1,2.1,,
2026-07-31T00:26:23.000Z,M20-403-2-02878,1469492783,44.05264,4.91691,19455.3,6.4,11.3,330.1,-57.5,0.7,63.1,0x20,405.002,4.0,-2250,-1,2.1,,
2026-07-31T00:26:24.000Z,M20-403-2-02878,1469492784,44.05273,4.91685,19460.8,4.5,11.1,336.4,-57.5,0.7,63.0,0x20,405.002,3.3,-1875,-1,2.1,,
2026-07-31T00:26:28.000Z,M20-403-2-02878,1469492788,44.05306,4.91665,19481.3,4.8,10.1,341.6,-57.5,0.7,62.8,0x20,405.002,6.4,-1875,-1,2.1,,
2026-07-31T00:26:42.000Z,M20-403-2-02878,1469492802,44.05431,4.91578,19548.3,5.5,12.1,327.3,-57.5,0.6,62.1,0x20,405.002,8.0,-1875,-1,2.1,,
2026-07-31T00:26:54.000Z,M20-403-2-02878,1469492814,44.05537,4.91509,19605.5,3.5,12.2,344.1,-57.4,0.6,61.6,0x20,405.002,6.7,-1875,-1,2.1,,
2026-07-31T00:26:57.000Z,M20-403-2-02878,1469492817,44.05563,4.91500,19619.6,4.4,7.9,346.5,-57.5,0.6,61.4,0x20,405.002,9.0,-1875,-1,2.1,,
2026-07-31T00:26:58.000Z,M20-403-2-02878,1469492818,44.05570,4.91497,19624.0,4.7,8.4,336.4,-57.5,0.6,61.4,0x20,405.002,9.0,-1875,-1,2.1,,
2026-07-31T00:27:04.000Z,M20-403-2-02878,1469492824,44.05619,4.91464,19652.8,4.9,9.9,350.9,-57.4,0.5,61.1,0x20,405.002,3.5,-1875,-1,2.1,,
2026-07-31T00:27:05.000Z,M20-403-2-02878,1469492825,44.05628,4.91463,19657.6,5.4,9.9,357.0,-57.4,0.5,61.0,0x20,405.002,6.1,-1875,-1,2.1,,
2026-07-31T00:27:14.000Z,M20-403-2-02878,1469492834,44.05691,4.91429,19702.1,3.7,8.7,328.3,-57.2,0.5,60.6,0x20,405.002,6.2,-1875,-1,2.1,,
2026-07-31T00:27:19.000Z,M20-403-2-02878,1469492839,44.05724,4.91423,19727.4,4.4,5.9,356.8,-57.1,0.5,60.4,0x20,405.002,6.4,-1875,-1,2.1,,
2026-07-31T00:27:23.000Z,M20-403-2-02878,1469492843,44.05750,4.91413,19746.6,4.8,9.2,335.3,-57.1,0.4,60.2,0x20,405.002,6.8,-1875,-1,2.1,,
2026-07-31T00:27:24.000Z,M20-403-2-02878,1469492844,44.05758,4.91407,19751.0,3.7,9.4,329.0,-57.1,0.5,60.1,0x20,405.002,6.8,-1875,-1,2.1,,
2026-07-31T00:27:30.000Z,M20-403-2-02878,1469492850,44.05791,4.91403,19782.6,4.6,3.7,31.0,-57.1,0.4,59.8,0x20,405.002,3.2,-1875,-1,2.1,,
2026-07-31T00:27:31.000Z,M20-403-2-02878,1469492851,44.05795,4.91405,19787.8,6.1,5.0,24.9,-57.1,0.4,59.7,0x20,405.002,4.2,-1875,-1,2.1,,
2026-07-31T00:27:32.000Z,M20-403-2-02878,1469492852,44.05799,4.91408,19793.1,4.8,5.6,17.1,-57.2,0.4,59.7,0x20,405.002,5.3,-1875,-1,2.1,,
2026-07-31T00:27:37.000Z,M20-403-2-02878,1469492857,44.05826,4.91401,19818.6,4.8,5.5,9.0,-57.2,0.4,59.5,0x20,405.002,7.1,-1875,-1,2.1,,
2026-07-31T00:27:55.000Z,M20-403-2-02878,1469492875,44.05871,4.91431,19906.7,5.3,4.5,23.1,-56.7,0.3,58.6,0x20,405.002,5.9,-1875,-1,2.1,,
2026-07-31T00:31:15.000Z,M20-403-2-02878,1469493075,44.06290,4.91051,20899.3,5.8,4.7,318.9,-54.5,0.0,49.8,0x20,405.002,6.5,-1875,-1,2.1,,
2026-07-31T00:33:14.000Z,M20-403-2-02878,1469493194,44.06466,4.90408,21516.9,4.9,7.2,286.7,-54.2,0.0,45.0,0x20,405.002,6.9,-1875,-1,2.1,,
2026-07-31T00:36:14.000Z,M20-403-2-02878,1469493374,44.06913,4.88779,22428.9,4.7,11.1,245.1,-53.2,0.0,38.7,0x20,405.002,7.6,-1875,-1,2.1,,
2026-07-31T00:36:19.000Z,M20-403-2-02878,1469493379,44.06898,4.88730,22457.6,5.2,6.7,268.4,-53.3,0.0,38.5,0x20,405.002,7.8,-1875,-1,2.1,,
2026-07-31T00:36:24.000Z,M20-403-2-02878,1469493384,44.06889,4.88672,22484.7,4.8,11.6,258.4,-53.2,0.0,38.3,0x20,405.002,3.9,-1875,-1,2.1,,
2026-07-31T00:36:28.000Z,M20-403-2-02878,1469493388,44.06876,4.88627,22507.3,6.3,9.1,250.9,-53.3,0.0,38.2,0x20,405.002,6.1,-1875,-1,2.1,,
2026-07-31T00:36:32.000Z,M20-403-2-02878,1469493392,44.06868,4.88573,22527.1,4.6,11.7,253.0,-53.3,0.0,38.1,0x20,405.002,4.5,-1875,-1,2.1,,
2026-07-31T00:36:33.000Z,M20-403-2-02878,1469493393,44.06865,4.88559,22532.5,6.3,11.7,256.1,-53.3,0.0,38.0,0x20,405.002,5.8,-1875,-1,2.1,,
2026-07-31T00:36:35.000Z,M20-403-2-02878,1469493395,44.06861,4.88530,22545.0,5.1,12.0,262.9,-53.2,0.0,38.0,0x20,405.002,3.5,-1875,-1,2.1,,
2026-07-31T00:36:36.000Z,M20-403-2-02878,1469493396,44.06860,4.88515,22550.7,7.0,11.4,265.7,-53.2,0.0,37.9,0x20,405.002,3.4,-1875,-1,2.1,,
2026-07-31T00:36:41.000Z,M20-403-2-02878,1469493401,44.06858,4.88438,22577.4,6.2,15.2,266.2,-53.2,0.0,37.8,0x20,405.002,8.8,-1875,-1,2.1,,
2026-07-31T00:36:42.000Z,M20-403-2-02878,1469493402,44.06856,4.88420,22583.4,5.7,14.3,261.6,-53.2,0.0,37.7,0x20,405.002,10.1,-1875,-1,2.1,,
2026-07-31T00:36:43.000Z,M20-403-2-02878,1469493403,44.06854,4.88403,22588.5,4.7,13.7,257.8,-53.2,0.0,37.7,0x20,405.002,10.1,-1875,-1,2.1,,
2026-07-31T00:36:44.000Z,M20-403-2-02878,1469493404,44.06852,4.88387,22593.5,5.3,13.2,258.3,-53.1,0.0,37.7,0x20,405.002,9.7,-1875,-1,2.1,,
2026-07-31T00:36:45.000Z,M20-403-2-02878,1469493405,44.06850,4.88371,22599.2,6.5,13.0,265.3,-53.1,0.0,37.6,0x20,405.002,8.9,-1875,-1,2.1,,
2026-07-31T00:36:46.000Z,M20-403-2-02878,1469493406,44.06850,4.88355,22605.1,5.4,12.7,273.3,-53.0,0.0,37.6,0x20,405.002,10.0,-1875,-1,2.1,,
2026-07-31T00:36:47.000Z,M20-403-2-02878,1469493407,44.06850,4.88340,22611.2,7.0,11.0,271.4,-53.0,0.0,37.6,0x20,405.002,10.0,-1875,-1,2.1,,
2026-07-31T00:36:48.000Z,M20-403-2-02878,1469493408,44.06850,4.88328,22616.9,4.5,9.6,267.1,-52.9,0.0,37.5,0x20,405.002,4.4,-1875,-1,2.1,,
2026-07-31T00:36:49.000Z,M20-403-2-02878,1469493409,44.06849,4.88316,22621.5,4.7,10.0,262.6,-52.9,0.0,37.5,0x20,405.002,3.2,-1875,-1,2.1,,
2026-07-31T00:36:51.000Z,M20-403-2-02878,1469493411,44.06847,4.88289,22632.4,3.4,12.3,268.6,-52.9,0.0,37.5,0x20,405.002,5.8,-1875,-1,2.1,,
2026-07-31T00:36:52.000Z,M20-403-2-02878,1469493412,44.06847,4.88273,22636.9,5.6,14.1,263.9,-52.9,0.0,37.4,0x20,405.002,6.3,-1875,-1,2.1,,
2026-07-31T00:37:09.000Z,M20-403-2-02878,1469493429,44.06814,4.88023,22727.7,5.9,8.2,254.1,-53.1,0.0,36.8,0x20,405.002,7.3,-1875,-1,2.1,,
2026-07-31T00:37:10.000Z,M20-403-2-02878,1469493430,44.06811,4.88014,22733.1,4.5,7.3,244.5,-53.1,0.0,36.8,0x20,405.002,8.4,-1875,-1,2.1,,
2026-07-31T00:37:11.000Z,M20-403-2-02878,1469493431,44.06809,4.88005,22738.5,6.4,7.7,246.9,-53.2,0.0,36.8,0x20,405.002,10.9,-1875,-1,2.1,,
2026-07-31T00:37:12.000Z,M20-403-2-02878,1469493432,44.06806,4.87995,22744.2,5.1,9.3,257.8,-53.2,0.0,36.7,0x20,405.002,10.9,-1875,-1,2.1,,
2026-07-31T00:37:13.000Z,M20-403-2-02878,1469493433,44.06804,4.87983,22749.1,4.5,10.7,259.4,-53.2,0.0,36.7,0x20,405.002,8.8,-1875,-1,2.1,,
2026-07-31T00:37:14.000Z,M20-403-2-02878,1469493434,44.06802,4.87970,22754.5,6.0,11.4,258.4,-53.2,0.0,36.7,0x20,405.002,8.8,-1875,-1,2.1,,
2026-07-31T00:37:15.000Z,M20-403-2-02878,1469493435,44.06800,4.87956,22760.7,6.0,11.2,253.6,-53.3,0.0,36.6,0x20,405.002,3.9,-1875,-1,2.1,,
2026-07-31T00:37:16.000Z,M20-403-2-02878,1469493436,44.06797,4.87943,22765.9,4.6,11.3,253.2,-53.3,0.0,36.6,0x20,405.002,4.7,-1875,-1,2.1,,
2026-07-31T00:37:17.000Z,M20-403-2-02878,1469493437,44.06794,4.87929,22770.6,4.8,11.7,262.0,-53.3,0.0,36.6,0x20,405.002,7.8,-1875,-1,2.1,,
2026-07-31T00:37:18.000Z,M20-403-2-02878,1469493438,44.06793,4.87914,22776.2,6.2,12.7,263.0,-53.3,0.0,36.5,0x20,405.002,8.7,-1875,-1,2.1,,
2026-07-31T00:37:19.000Z,M20-403-2-02878,1469493439,44.06792,4.87898,22781.4,4.9,12.7,268.8,-53.4,0.0,36.5,0x20,405.002,8.9,-1875,-1,2.1,,
2026-07-31T00:37:20.000Z,M20-403-2-02878,1469493440,44.06792,4.87882,22785.9,4.2,12.6,267.4,-53.4,0.0,36.5,0x20,405.002,8.9,-1875,-1,2.1,,
2026-07-31T00:37:21.000Z,M20-403-2-02878,1469493441,44.06790,4.87868,22791.7,6.5,10.9,256.6,-53.4,0.0,36.4,0x20,405.002,8.5,-1875,-1,2.1,,
2026-07-31T00:37:22.000Z,M20-403-2-02878,1469493442,44.06786,4.87856,22797.2,4.1,9.8,237.7,-53.5,0.0,36.4,0x20,405.002,8.5,-1875,-1,2.1,,
2026-07-31T00:37:23.000Z,M20-403-2-02878,1469493443,44.06781,4.87846,22801.7,4.4,10.2,232.7,-53.5,0.0,36.4,0x20,405.002,9.0,-1875,-1,2.1,,
2026-07-31T00:37:24.000Z,M20-403-2-02878,1469493444,44.06775,4.87835,22807.6,6.8,10.9,233.5,-53.5,0.0,36.3,0x20,405.002,9.0,-1875,-1,2.1,,
2026-07-31T00:37:25.000Z,M20-403-2-02878,1469493445,44.06771,4.87823,22813.8,5.8,12.2,250.2,-53.6,0.0,36.3,0x20,405.002,9.0,-1875,-1,2.1,,
2026-07-31T00:37:26.000Z,M20-403-2-02878,1469493446,44.06768,4.87807,22818.9,4.0,13.0,260.5,-53.6,0.0,36.3,0x20,405.002,9.0,-1875,-1,2.1,,
2026-07-31T00:37:27.000Z,M20-403-2-02878,1469493447,44.06766,4.87791,22823.5,5.5,12.9,264.8,-53.6,0.0,36.2,0x20,405.002,5.3,-1875,-1,2.1,,
2026-07-31T00:37:32.000Z,M20-403-2-02878,1469493452,44.06759,4.87720,22850.8,5.6,12.3,257.8,-53.8,0.0,36.1,0x20,405.002,6.8,-1875,-1,2.1,,
2026-07-31T00:37:33.000Z,M20-403-2-02878,1469493453,44.06756,4.87705,22856.7,6.1,12.5,249.9,-53.8,0.0,36.1,0x20,405.002,7.9,-1875,-1,2.1,,
2026-07-31T00:37:34.000Z,M20-403-2-02878,1469493454,44.06752,4.87691,22862.0,4.7,11.9,242.4,-53.8,0.0,36.0,0x20,405.002,9.4,-1875,-1,2.1,,
2026-07-31T00:37:38.000Z,M20-403-2-02878,1469493458,44.06743,4.87627,22883.1,6.1,12.8,270.0,-53.9,0.0,35.9,0x20,405.002,7.3,-1875,-1,2.1,,
2026-07-31T00:37:39.000Z,M20-403-2-02878,1469493459,44.06743,4.87613,22889.0,5.4,11.1,267.6,-53.9,0.0,35.9,0x20,405.002,7.3,-1875,-1,2.1,,
2026-07-31T00:37:40.000Z,M20-403-2-02878,1469493460,44.06742,4.87599,22894.0,4.8,10.9,259.5,-53.9,0.0,35.8,0x20,405.002,7.3,-1500,-1,2.1,,
2026-07-31T00:37:41.000Z,M20-403-2-02878,1469493461,44.06739,4.87586,22899.6,6.1,11.9,252.1,-53.9,0.0,35.8,0x20,405.002,3.8,-1500,-1,2.1,,
2026-07-31T00:37:42.000Z,M20-403-2-02878,1469493462,44.06736,4.87571,22904.8,4.5,13.1,254.8,-53.9,0.0,35.8,0x20,405.002,3.8,-1875,-1,2.1,,
2026-07-31T00:37:43.000Z,M20-403-2-02878,1469493463,44.06733,4.87555,22909.6,5.3,13.7,256.0,-53.9,0.0,35.8,0x20,405.002,7.4,-1500,-1,2.1,,
2026-07-31T00:37:47.000Z,M20-403-2-02878,1469493467,44.06724,4.87494,22933.2,5.3,14.1,268.3,-53.9,0.0,35.6,0x20,405.002,5.3,-1875,-1,2.1,,
2026-07-31T00:37:48.000Z,M20-403-2-02878,1469493468,44.06724,4.87476,22938.3,5.0,14.2,271.2,-53.9,0.0,35.6,0x20,405.002,8.7,-1875,-1,2.1,,
2026-07-31T00:37:49.000Z,M20-403-2-02878,1469493469,44.06724,4.87459,22943.7,6.5,13.6,271.3,-53.9,0.0,35.5,0x20,405.002,8.7,-1875,-1,2.1,,
2026-07-31T00:37:50.000Z,M20-403-2-02878,1469493470,44.06724,4.87443,22948.8,4.2,12.4,264.5,-53.9,0.0,35.5,0x20,405.002,7.9,-1875,-1,2.1,,
2026-07-31T00:37:51.000Z,M20-403-2-02878,1469493471,44.06723,4.87428,22953.6,5.4,11.7,262.9,-53.9,0.0,35.5,0x20,405.002,7.9,-1875,-1,2.1,,
2026-07-31T00:37:53.000Z,M20-403-2-02878,1469493473,44.06720,4.87396,22964.1,3.8,13.5,264.6,-53.9,0.0,35.4,0x20,405.002,3.4,-1875,-1,2.1,,
2026-07-31T00:37:54.000Z,M20-403-2-02878,1469493474,44.06719,4.87380,22969.3,6.8,12.8,267.3,-53.9,0.0,35.4,0x20,405.002,3.2,-1500,-1,2.1,,
2026-07-31T00:37:55.000Z,M20-403-2-02878,1469493475,44.06719,4.87365,22975.0,4.8,10.9,271.7,-54.0,0.0,35.4,0x20,405.002,3.2,-1500,-1,2.1,,
2026-07-31T00:37:56.000Z,M20-403-2-02878,1469493476,44.06720,4.87352,22980.4,6.1,10.9,274.9,-54.0,0.0,35.3,0x20,405.002,8.5,-1500,-1,2.1,,
2026-07-31T00:38:00.000Z,M20-403-2-02878,1469493480,44.06725,4.87286,23001.2,6.2,13.6,268.3,-54.0,0.0,35.2,0x20,405.002,8.7,-1875,-1,2.1,,
2026-07-31T00:38:01.000Z,M20-403-2-02878,1469493481,44.06724,4.87270,23006.7,5.3,12.2,260.9,-54.1,0.0,35.2,0x20,405.002,8.7,-1875,-1,2.1,,
2026-07-31T00:38:02.000Z,M20-403-2-02878,1469493482,44.06722,4.87256,23011.1,3.9,10.5,262.4,-54.1,0.0,35.1,0x20,405.002,8.6,-1875,-1,2.1,,
2026-07-31T00:38:03.000Z,M20-403-2-02878,1469493483,44.06722,4.87244,23016.0,5.7,10.2,266.4,-54.1,0.0,35.1,0x20,405.002,8.6,-1875,-1,2.1,,
2026-07-31T00:38:04.000Z,M20-403-2-02878,1469493484,44.06722,4.87230,23021.8,6.0,11.6,276.5,-54.1,0.0,35.1,0x20,405.002,7.8,-1875,-1,2.1,,
2026-07-31T00:38:05.000Z,M20-403-2-02878,1469493485,44.06724,4.87215,23026.6,4.0,12.9,282.2,-54.2,0.0,35.0,0x20,405.002,7.3,-1875,-1,2.1,,
2026-07-31T00:38:06.000Z,M20-403-2-02878,1469493486,44.06726,4.87199,23030.8,4.5,13.1,283.1,-54.2,0.0,35.0,0x20,405.002,4.8,-1875,-1,2.1,,
2026-07-31T00:38:07.000Z,M20-403-2-02878,1469493487,44.06729,4.87185,23035.9,5.6,11.5,282.3,-54.2,0.0,35.0,0x20,405.002,3.5,-1875,-1,2.1,,
2026-07-31T00:38:08.000Z,M20-403-2-02878,1469493488,44.06731,4.87171,23040.3,3.7,10.9,283.7,-54.2,0.0,35.0,0x20,405.002,3.8,-1875,-1,2.1,,
2026-07-31T00:38:09.000Z,M20-403-2-02878,1469493489,44.06734,4.87158,23044.9,5.0,11.0,284.1,-54.2,0.0,34.9,0x20,405.002,8.4,-1500,-1,2.1,,
2026-07-31T00:38:10.000Z,M20-403-2-02878,1469493490,44.06736,4.87144,23050.4,6.1,12.0,282.3,-54.2,0.0,34.9,0x20,405.002,9.9,-1875,-1,2.1,,
2026-07-31T00:38:11.000Z,M20-403-2-02878,1469493491,44.06739,4.87128,23056.3,5.4,13.0,279.8,-54.2,0.0,34.9,0x20,405.002,9.9,-1875,-1,2.1,,
2026-07-31T00:38:12.000Z,M20-403-2-02878,1469493492,44.06741,4.87112,23061.5,5.6,13.1,283.3,-54.2,0.0,34.9,0x20,405.002,9.6,-1875,-1,2.1,,
2026-07-31T00:38:13.000Z,M20-403-2-02878,1469493493,44.06744,4.87098,23066.8,5.1,11.4,285.9,-54.2,0.0,34.8,0x20,405.002,8.2,-1875,-1,2.1,,
2026-07-31T00:38:18.000Z,M20-403-2-02878,1469493498,44.06757,4.87033,23089.4,4.9,13.5,288.7,-54.2,0.0,34.7,0x20,405.002,4.6,-1875,-1,2.1,,
2026-07-31T00:38:19.000Z,M20-403-2-02878,1469493499,44.06760,4.87017,23095.3,6.4,12.6,287.5,-54.2,0.0,34.6,0x20,405.002,3.4,-1875,-1,2.1,,
2026-07-31T00:38:20.000Z,M20-403-2-02878,1469493500,44.06763,4.87003,23100.7,4.3,11.7,287.3,-54.2,0.0,34.6,0x20,405.002,3.3,-1875,-1,2.1,,
2026-07-31T00:38:23.000Z,M20-403-2-02878,1469493503,44.06774,4.86961,23117.0,5.1,12.3,291.0,-54.0,0.0,34.5,0x20,405.002,6.6,-1875,-1,2.1,,
2026-07-31T00:38:24.000Z,M20-403-2-02878,1469493504,44.06777,4.86947,23122.9,6.3,10.9,286.2,-53.9,0.0,34.5,0x20,405.002,7.1,-1875,-1,2.1,,
2026-07-31T00:38:26.000Z,M20-403-2-02878,1469493506,44.06781,4.86923,23133.3,5.4,9.9,277.5,-53.8,0.0,34.4,0x20,405.002,9.7,-1500,-1,2.1,,
2026-07-31T00:38:27.000Z,M20-403-2-02878,1469493507,44.06782,4.86910,23139.0,6.5,11.4,278.8,-53.8,0.0,34.4,0x20,405.002,9.7,-1875,-1,2.1,,
2026-07-31T00:38:28.000Z,M20-403-2-02878,1469493508,44.06784,4.86895,23144.4,4.4,12.8,286.1,-53.8,0.0,34.4,0x20,405.002,9.7,-1875,-1,2.1,,
2026-07-31T00:38:29.000Z,M20-403-2-02878,1469493509,44.06787,4.86880,23149.9,6.3,12.4,284.8,-53.8,0.0,34.3,0x20,405.002,9.5,-1875,-1,2.1,,
2026-07-31T00:38:30.000Z,M20-403-2-02878,1469493510,44.06790,4.86866,23155.6,4.8,11.7,284.4,-53.8,0.0,34.3,0x20,405.002,8.5,-1875,-1,2.1,,
2026-07-31T00:38:32.000Z,M20-403-2-02878,1469493512,44.06796,4.86840,23166.2,5.7,11.2,294.1,-53.7,0.0,34.2,0x20,405.002,3.2,-1875,-1,2.1,,
2026-07-31T00:38:33.000Z,M20-403-2-02878,1469493513,44.06800,4.86827,23170.6,3.0,11.5,296.2,-53.7,0.0,34.2,0x20,405.002,4.2,-1875,-1,2.1,,
2026-07-31T00:38:34.000Z,M20-403-2-02878,1469493514,44.06804,4.86815,23175.9,6.1,9.9,293.1,-53.7,0.0,34.2,0x20,405.002,4.2,-1875,-1,2.1,,
2026-07-31T00:38:35.000Z,M20-403-2-02878,1469493515,44.06807,4.86804,23181.5,4.9,8.3,288.3,-53.7,0.0,34.1,0x20,405.002,7.9,-1875,-1,2.1,,
2026-07-31T00:38:36.000Z,M20-403-2-02878,1469493516,44.06809,4.86795,23186.6,5.4,8.4,281.8,-53.7,0.0,34.1,0x20,405.002,8.7,-1500,-1,2.1,,
2026-07-31T00:38:37.000Z,M20-403-2-02878,1469493517,44.06809,4.86784,23191.8,5.1,10.1,267.0,-53.6,0.0,34.1,0x20,405.002,8.7,-1875,-1,2.1,,
2026-07-31T00:38:39.000Z,M20-403-2-02878,1469493519,44.06809,4.86752,23200.5,2.9,14.5,270.5,-53.6,0.0,34.0,0x20,405.002,8.4,-1875,-1,2.1,,
2026-07-31T00:38:40.000Z,M20-403-2-02878,1469493520,44.06809,4.86734,23204.7,5.4,14.5,269.8,-53.6,0.0,34.0,0x20,405.002,9.1,-1875,-1,2.1,,
2026-07-31T00:38:41.000Z,M20-403-2-02878,1469493521,44.06809,4.86717,23210.6,6.5,12.2,270.1,-53.6,0.0,34.0,0x20,405.002,10.3,-1875,-1,2.1,,
2026-07-31T00:38:42.000Z,M20-403-2-02878,1469493522,44.06809,4.86703,23216.0,4.3,10.6,272.1,-53.6,0.0,34.0,0x20,405.002,11.1,-1875,-1,2.1,,
2026-07-31T00:38:43.000Z,M20-403-2-02878,1469493523,44.06811,4.86691,23220.6,4.5,9.4,282.3,-53.6,0.0,33.9,0x20,405.002,11.1,-1875,-1,2.1,,
2026-07-31T00:38:45.000Z,M20-403-2-02878,1469493525,44.06817,4.86667,23231.3,5.0,11.3,295.7,-53.6,0.0,33.9,0x20,405.002,4.3,-1875,-1,2.1,,
2026-07-31T00:38:46.000Z,M20-403-2-02878,1469493526,44.06821,4.86654,23236.7,5.8,11.5,288.5,-53.6,0.0,33.8,0x20,405.002,3.3,-1875,-1,2.1,,
2026-07-31T00:38:47.000Z,M20-403-2-02878,1469493527,44.06823,4.86641,23242.4,5.7,11.0,274.7,-53.6,0.0,33.8,0x20,405.002,3.5,-1875,-1,2.1,,
2026-07-31T00:38:48.000Z,M20-403-2-02878,1469493528,44.06823,4.86627,23248.0,5.2,10.5,262.3,-53.6,0.0,33.8,0x20,405.002,7.6,-1875,-1,2.1,,
2026-07-31T00:38:49.000Z,M20-403-2-02878,1469493529,44.06821,4.86614,23252.9,4.6,10.9,254.2,-53.6,0.0,33.8,0x20,405.002,10.2,-1875,-1,2.1,,
2026-07-31T00:38:50.000Z,M20-403-2-02878,1469493530,44.06818,4.86600,23258.2,6.5,12.2,257.8,-53.6,0.0,33.7,0x20,405.002,10.2,-1875,-1,2.1,,
2026-07-31T00:38:52.000Z,M20-403-2-02878,1469493532,44.06816,4.86568,23268.6,5.1,13.7,272.5,-53.5,0.0,33.7,0x20,405.002,9.1,-1500,-1,2.1,,
2026-07-31T00:38:53.000Z,M20-403-2-02878,1469493533,44.06817,4.86552,23274.5,6.6,12.5,277.0,-53.5,0.0,33.6,0x20,405.002,9.8,-1875,-1,2.1,,
2026-07-31T00:38:54.000Z,M20-403-2-02878,1469493534,44.06819,4.86537,23279.6,3.8,11.1,278.8,-53.5,0.0,33.6,0x20,405.002,9.8,-1500,-1,2.1,,
2026-07-31T00:38:55.000Z,M20-403-2-02878,1469493535,44.06820,4.86524,23284.7,6.4,10.9,282.1,-53.4,0.0,33.6,0x20,405.002,8.6,-1875,-1,2.1,,
2026-07-31T00:38:56.000Z,M20-403-2-02878,1469493536,44.06822,4.86510,23290.5,5.3,11.6,280.0,-53.4,0.0,33.5,0x20,405.002,10.4,-1875,-1,2.1,,
2026-07-31T00:38:57.000Z,M20-403-2-02878,1469493537,44.06824,4.86495,23296.0,5.7,12.0,272.6,-53.4,0.0,33.5,0x20,405.002,10.4,-1875,-1,2.1,,
2026-07-31T00:38:58.000Z,M20-403-2-02878,1469493538,44.06823,4.86481,23301.7,5.8,11.3,264.3,-53.4,0.0,33.5,0x20,405.002,10.4,-1500,-1,2.1,,
2026-07-31T00:38:59.000Z,M20-403-2-02878,1469493539,44.06822,4.86467,23306.6,4.1,11.1,260.1,-53.4,0.0,33.5,0x20,405.002,3.5,-1875,-1,2.1,,
2026-07-31T00:39:00.000Z,M20-403-2-02878,1469493540,44.06820,4.86453,23311.7,6.1,12.2,259.8,-53.4,0.0,33.4,0x20,405.002,3.5,-1875,-1,2.1,,
2026-07-31T00:39:03.000Z,M20-403-2-02878,1469493543,44.06820,4.86400,23327.0,4.9,15.2,277.3,-53.4,0.0,33.3,0x20,405.002,8.5,-1875,-1,2.1,,
2026-07-31T00:39:04.000Z,M20-403-2-02878,1469493544,44.06822,4.86382,23332.8,6.4,13.7,281.6,-53.4,0.0,33.3,0x20,405.002,10.3,-1875,-1,2.1,,
2026-07-31T00:39:05.000Z,M20-403-2-02878,1469493545,44.06824,4.86366,23338.5,4.5,12.5,282.6,-53.4,0.0,33.3,0x20,405.002,10.3,-1875,-1,2.1,,
2026-07-31T00:39:06.000Z,M20-403-2-02878,1469493546,44.06827,4.86351,23343.6,5.5,12.1,283.7,-53.3,0.0,33.2,0x20,405.002,8.8,-1875,-1,2.1,,
2026-07-31T00:39:07.000Z,M20-403-2-02878,1469493547,44.06829,4.86335,23349.5,6.3,13.4,284.0,-53.2,0.0,33.2,0x20,405.002,8.8,-1875,-1,2.1,,
2026-07-31T00:39:08.000Z,M20-403-2-02878,1469493548,44.06832,4.86318,23354.6,4.0,14.6,280.5,-53.1,0.0,33.2,0x20,405.002,8.8,-1875,-1,2.1,,
2026-07-31T00:39:09.000Z,M20-403-2-02878,1469493549,44.06834,4.86300,23359.7,6.6,14.8,277.3,-53.1,0.0,33.2,0x20,405.002,7.6,-1875,-1,2.1,,
2026-07-31T00:39:10.000Z,M20-403-2-02878,1469493550,44.06836,4.86283,23365.2,4.4,13.7,275.7,-53.0,0.0,33.1,0x20,405.002,7.6,-1875,-1,2.1,,
2026-07-31T00:39:11.000Z,M20-403-2-02878,1469493551,44.06837,4.86266,23370.3,5.8,13.4,274.2,-53.0,0.0,33.1,0x20,405.002,5.0,-1875,-1,2.1,,
2026-07-31T00:39:12.000Z,M20-403-2-02878,1469493552,44.06838,4.86249,23376.0,5.8,14.5,274.7,-53.0,0.0,33.1,0x20,405.002,3.5,-1875,-1,2.1,,
2026-07-31T00:39:14.000Z,M20-403-2-02878,1469493554,44.06842,4.86209,23386.0,5.3,16.6,279.0,-53.0,0.0,33.0,0x20,405.002,9.8,-1875,-1,2.1,,
2026-07-31T00:39:15.000Z,M20-403-2-02878,1469493555,44.06844,4.86190,23392.0,6.9,15.0,280.2,-53.0,0.0,33.0,0x20,405.002,9.8,-1875,-1,2.1,,
2026-07-31T00:39:16.000Z,M20-403-2-02878,1469493556,44.06846,4.86172,23397.8,4.5,13.5,282.6,-53.0,0.0,33.0,0x20,405.002,9.7,-1875,-1,2.1,,
2026-07-31T00:39:17.000Z,M20-403-2-02878,1469493557,44.06849,4.86156,23402.8,5.6,13.8,285.8,-53.0,0.0,32.9,0x20,405.002,9.1,-1875,-1,2.1,,
2026-07-31T00:39:18.000Z,M20-403-2-02878,1469493558,44.06853,4.86139,23408.4,5.7,15.0,286.1,-53.0,0.0,32.9,0x20,405.002,9.1,-1875,-1,2.1,,
2026-07-31T00:39:19.000Z,M20-403-2-02878,1469493559,44.06857,4.86120,23413.4,4.3,16.2,286.2,-53.0,0.0,32.8,0x20,405.002,7.7,-1875,-1,2.1,,
2026-07-31T00:39:20.000Z,M20-403-2-02878,1469493560,44.06862,4.86101,23418.3,5.3,16.7,290.4,-53.0,0.0,32.8,0x20,405.002,7.3,-1500,-1,2.1,,
2026-07-31T00:39:21.000Z,M20-403-2-02878,1469493561,44.06867,4.86082,23424.5,7.2,15.5,293.6,-53.0,0.0,32.8,0x20,405.002,7.0,-1875,-1,2.1,,
2026-07-31T00:39:22.000Z,M20-403-2-02878,1469493562,44.06872,4.86065,23430.5,5.0,14.3,295.0,-53.0,0.0,32.8,0x20,405.002,8.6,-1875,-1,2.1,,
2026-07-31T00:39:23.000Z,M20-403-2-02878,1469493563,44.06877,4.86049,23435.8,5.8,13.8,291.9,-53.0,0.0,32.8,0x20,405.002,8.6,-1875,-1,2.1,,
2026-07-31T00:39:24.000Z,M20-403-2-02878,1469493564,44.06882,4.86033,23441.9,6.6,14.9,286.8,-53.0,0.0,32.7,0x20,405.002,7.8,-1875,-1,2.1,,
2026-07-31T00:39:25.000Z,M20-403-2-02878,1469493565,44.06886,4.86014,23446.7,3.6,16.3,285.8,-53.0,0.0,32.7,0x20,405.002,3.6,-1875,-1,2.1,,
2026-07-31T00:39:26.000Z,M20-403-2-02878,1469493566,44.06889,4.85994,23451.6,6.3,16.7,284.7,-53.0,0.0,32.7,0x20,405.002,3.6,-1500,-1,2.1,,
2026-07-31T00:39:28.000Z,M20-403-2-02878,1469493568,44.06898,4.85958,23463.2,5.2,14.5,291.9,-53.0,0.0,32.6,0x20,405.002,7.0,-1875,-1,2.1,,
2026-07-31T00:39:29.000Z,M20-403-2-02878,1469493569,44.06903,4.85941,23468.4,5.3,15.8,295.0,-53.0,0.0,32.6,0x20,405.002,8.0,-1875,-1,2.1,,
2026-07-31T00:39:30.000Z,M20-403-2-02878,1469493570,44.06910,4.85922,23473.0,4.6,17.5,297.4,-53.0,0.0,32.5,0x20,405.002,8.0,-1500,-1,2.1,,
2026-07-31T00:39:32.000Z,M20-403-2-02878,1469493572,44.06922,4.85884,23483.7,7.0,15.5,292.7,-53.0,0.0,32.5,0x20,405.002,7.1,-1875,-1,2.1,,
2026-07-31T00:39:34.000Z,M20-403-2-02878,1469493574,44.06932,4.85852,23493.8,5.1,13.4,287.5,-53.1,0.0,32.4,0x20,405.002,6.7,-1875,-1,2.1,,
2026-07-31T00:39:35.000Z,M20-403-2-02878,1469493575,44.06935,4.85835,23499.3,6.1,14.9,287.0,-53.1,0.0,32.4,0x20,405.002,6.8,-1875,-1,2.1,,
2026-07-31T00:39:36.000Z,M20-403-2-02878,1469493576,44.06940,4.85817,23504.4,3.9,15.7,289.0,-53.1,0.0,32.4,0x20,405.002,6.8,-1875,-1,2.1,,
2026-07-31T00:39:37.000Z,M20-403-2-02878,1469493577,44.06945,4.85799,23509.2,6.0,16.2,294.1,-53.1,0.0,32.4,0x20,405.002,6.8,-1500,-1,2.1,,
2026-07-31T00:39:38.000Z,M20-403-2-02878,1469493578,44.06951,4.85781,23515.2,6.1,14.8,298.6,-53.2,0.0,32.3,0x20,405.002,5.9,-1500,-1,2.1,,
2026-07-31T00:39:45.000Z,M20-403-2-02878,1469493585,44.06988,4.85664,23552.0,4.5,12.3,299.9,-53.3,0.0,32.1,0x20,405.002,6.6,-1125,-1,2.1,,
2026-07-31T00:39:46.000Z,M20-403-2-02878,1469493586,44.06994,4.85652,23556.3,4.6,11.8,307.2,-53.3,0.0,32.1,0x20,405.002,8.5,-1500,-1,2.1,,
2026-07-31T00:39:53.000Z,M20-403-2-02878,1469493593,44.07033,4.85561,23594.5,5.8,13.2,298.1,-53.4,0.0,31.9,0x20,405.002,3.6,-1500,-1,2.1,,
2026-07-31T00:39:54.000Z,M20-403-2-02878,1469493594,44.07038,4.85546,23599.7,4.7,13.6,294.8,-53.4,0.0,31.9,0x20,405.002,8.7,-1500,-1,2.1,,
2026-07-31T00:39:59.000Z,M20-403-2-02878,1469493599,44.07064,4.85488,23628.0,6.6,9.8,306.1,-53.3,0.0,31.7,0x20,405.002,7.1,-1500,-1,2.1,,
2026-07-31T00:40:04.000Z,M20-403-2-02878,1469493604,44.07088,4.85433,23654.8,5.5,9.1,312.7,-53.3,0.0,31.6,0x20,405.002,3.8,-1500,-1,2.1,,
2026-07-31T00:40:06.000Z,M20-403-2-02878,1469493606,44.07098,4.85415,23666.2,4.1,9.0,300.1,-53.3,0.0,31.5,0x20,405.002,3.4,-1500,-1,2.1,,
2026-07-31T00:40:09.000Z,M20-403-2-02878,1469493609,44.07112,4.85391,23682.0,3.4,8.0,324.5,-53.2,0.0,31.4,0x20,405.002,8.2,-1125,-1,2.1,,
2026-07-31T00:40:10.000Z,M20-403-2-02878,1469493610,44.07118,4.85385,23686.8,6.4,7.8,318.6,-53.2,0.0,31.4,0x20,405.002,8.2,-1125,-1,2.1,,
2026-07-31T00:40:12.000Z,M20-403-2-02878,1469493612,44.07127,4.85369,23698.8,5.3,9.0,299.1,-53.2,0.0,31.3,0x20,405.002,7.6,-1500,-1,2.1,,
2026-07-31T00:40:39.000Z,M20-403-2-02878,1469493639,44.07251,4.85202,23844.9,5.6,5.6,342.8,-53.9,0.0,30.6,0x20,405.002,7.2,-1125,-1,2.1,,
2026-07-31T00:40:44.000Z,M20-403-2-02878,1469493644,44.07262,4.85179,23871.7,4.6,6.9,310.2,-54.0,0.0,30.4,0x20,405.002,3.3,-1125,-1,2.1,,
2026-07-31T00:40:45.000Z,M20-403-2-02878,1469493645,44.07266,4.85173,23877.2,6.7,6.5,311.6,-53.9,0.0,30.4,0x20,405.002,3.7,-1500,-1,2.1,,
2026-07-31T00:40:50.000Z,M20-403-2-02878,1469493650,44.07281,4.85152,23904.8,5.1,3.3,351.0,-54.0,0.0,30.2,0x20,405.002,7.3,-1125,-1,2.1,,
2026-07-31T00:40:51.000Z,M20-403-2-02878,1469493651,44.07283,4.85151,23910.5,6.3,1.4,16.5,-54.0,0.0,30.2,0x20,405.002,8.9,-1125,-1,2.1,,
2026-07-31T00:40:52.000Z,M20-403-2-02878,1469493652,44.07283,4.85152,23916.2,5.3,0.6,117.0,-54.0,0.0,30.2,0x20,405.002,8.9,-1125,-1,2.1,,
2026-07-31T00:40:53.000Z,M20-403-2-02878,1469493653,44.07283,4.85152,23921.6,5.4,1.3,222.8,-53.9,0.0,30.2,0x20,405.002,9.1,-1125,-1,2.1,,
2026-07-31T00:41:01.000Z,M20-403-2-02878,1469493661,44.07292,4.85113,23965.4,4.8,2.4,325.8,-53.6,0.0,29.9,0x20,405.002,8.4,-1125,-1,2.1,,
2026-07-31T00:41:02.000Z,M20-403-2-02878,1469493662,44.07292,4.85112,23971.0,5.9,1.1,249.3,-53.6,0.0,29.9,0x20,405.002,8.4,-1125,-1,2.1,,
2026-07-31T00:41:03.000Z,M20-403-2-02878,1469493663,44.07291,4.85110,23976.3,4.5,2.7,207.0,-53.6,0.0,29.9,0x20,405.002,8.2,-1125,-1,2.1,,
2026-07-31T00:41:04.000Z,M20-403-2-02878,1469493664,44.07289,4.85107,23981.7,5.8,4.1,229.3,-53.6,0.0,29.9,0x20,405.002,8.2,-1125,-1,2.1,,
2026-07-31T00:41:08.000Z,M20-403-2-02878,1469493668,44.07285,4.85075,24002.0,7.1,6.3,272.4,-53.3,0.0,29.8,0x20,405.002,5.0,-1125,-1,2.1,,
2026-07-31T00:41:09.000Z,M20-403-2-02878,1469493669,44.07285,4.85069,24008.2,4.6,4.3,266.9,-53.3,0.0,29.7,0x20,405.002,5.0,-1125,-1,2.1,,
2026-07-31T00:41:10.000Z,M20-403-2-02878,1469493670,44.07284,4.85064,24012.7,4.3,2.6,247.2,-53.3,0.0,29.7,0x20,405.002,3.5,-1125,-1,2.1,,
2026-07-31T00:41:11.000Z,M20-403-2-02878,1469493671,44.07284,4.85062,24017.9,5.9,1.8,280.3,-53.3,0.0,29.7,0x20,405.002,3.5,-1125,-1,2.1,,
2026-07-31T00:41:25.000Z,M20-403-2-02878,1469493685,44.07268,4.84958,24092.8,3.9,9.2,262.8,-53.1,0.0,29.3,0x20,405.002,6.7,-1125,-1,2.1,,
2026-07-31T00:41:26.000Z,M20-403-2-02878,1469493686,44.07266,4.84946,24097.5,5.0,10.4,254.7,-53.0,0.0,29.3,0x20,405.002,6.7,-1125,-1,2.1,,
2026-07-31T00:43:41.000Z,M20-403-2-02878,1469493821,44.07314,4.82935,24827.2,6.0,9.4,282.3,-51.8,0.0,25.9,0x20,405.002,7.0,-1125,-1,2.1,,
2026-07-31T00:43:46.000Z,M20-403-2-02878,1469493826,44.07317,4.82867,24854.2,5.0,12.1,281.0,-51.9,0.0,25.8,0x20,405.002,3.4,-1125,-1,2.1,,
2026-07-31T00:43:53.000Z,M20-403-2-02878,1469493833,44.07323,4.82761,24892.0,6.3,9.6,266.0,-52.1,0.0,25.6,0x20,405.002,7.2,-1125,-1,2.1,,
2026-07-31T00:43:54.000Z,M20-403-2-02878,1469493834,44.07322,4.82748,24897.8,5.1,11.2,261.0,-52.1,0.0,25.6,0x20,405.002,7.3,-1125,-1,2.1,,
2026-07-31T00:44:01.000Z,M20-403-2-02878,1469493841,44.07322,4.82642,24939.1,5.7,11.4,271.4,-52.0,0.0,25.4,0x20,405.002,5.9,-1125,-1,2.1,,
2026-07-31T00:44:02.000Z,M20-403-2-02878,1469493842,44.07322,4.82629,24943.7,3.5,9.6,270.2,-52.0,0.0,25.4,0x20,405.002,8.8,-1125,-1,2.1,,
2026-07-31T00:44:18.000Z,M20-403-2-02878,1469493858,44.07318,4.82402,25027.3,5.3,13.8,274.9,-51.5,0.0,25.1,0x20,405.002,6.5,-1125,-1,2.1,,
2026-07-31T00:44:19.000Z,M20-403-2-02878,1469493859,44.07319,4.82386,25033.6,7.8,12.8,279.4,-51.5,0.0,25.0,0x20,405.002,7.9,-1125,-1,2.1,,
2026-07-31T00:44:25.000Z,M20-403-2-02878,1469493865,44.07322,4.82293,25066.6,5.4,9.8,273.4,-51.5,0.0,24.9,0x20,405.002,3.8,-1125,-1,2.1,,
2026-07-31T00:44:29.000Z,M20-403-2-02878,1469493869,44.07323,4.82241,25088.2,5.2,13.6,265.5,-51.5,0.0,24.8,0x20,405.002,8.1,-1125,-1,2.1,,
2026-07-31T00:44:30.000Z,M20-403-2-02878,1469493870,44.07322,4.82224,25093.9,6.2,13.6,265.2,-51.5,0.0,24.8,0x20,405.002,9.5,-1125,-1,2.1,,
2026-07-31T00:44:31.000Z,M20-403-2-02878,1469493871,44.07321,4.82208,25099.7,5.8,12.1,259.7,-51.5,0.0,24.8,0x20,405.002,9.5,-1125,-1,2.1,,
2026-07-31T00:44:32.000Z,M20-403-2-02878,1469493872,44.07318,4.82194,25104.5,4.2,11.3,257.1,-51.4,0.0,24.7,0x20,405.002,7.0,-1125,-1,2.1,,
2026-07-31T00:44:33.000Z,M20-403-2-02878,1469493873,44.07315,4.82181,25109.0,5.0,11.7,250.0,-51.4,0.0,24.7,0x20,405.002,7.0,-1125,-1,2.1,,
2026-07-31T00:44:36.000Z,M20-403-2-02878,1469493876,44.07304,4.82133,25124.1,4.8,14.0,258.8,-51.3,0.0,24.6,0x20,405.002,7.1,-1125,-1,2.1,,
2026-07-31T00:45:04.000Z,M20-403-2-02878,1469493904,44.07227,4.81650,25275.9,5.1,15.5,246.6,-50.3,0.0,24.0,0x20,405.002,3.4,-1125,-1,2.1,,
2026-07-31T00:45:11.000Z,M20-403-2-02878,1469493911,44.07218,4.81508,25314.3,6.7,12.8,266.8,-49.9,0.0,23.9,0x20,405.002,5.9,-1125,-1,2.1,,
2026-07-31T00:45:15.000Z,M20-403-2-02878,1469493915,44.07204,4.81440,25336.9,6.6,14.0,251.5,-49.8,0.0,23.8,0x20,405.002,5.2,-1125,-1,2.1,,
2026-07-31T00:45:16.000Z,M20-403-2-02878,1469493916,44.07201,4.81424,25342.6,5.0,13.1,255.1,-49.8,0.0,23.8,0x20,405.002,3.1,-1125,-1,2.1,,
2026-07-31T00:45:21.000Z,M20-403-2-02878,1469493921,44.07195,4.81329,25370.1,7.1,13.0,265.6,-49.7,0.0,23.6,0x20,405.002,7.2,-1125,-1,2.1,,
2026-07-31T00:45:24.000Z,M20-403-2-02878,1469493924,44.07189,4.81286,25386.0,6.4,12.3,252.6,-49.5,0.0,23.6,0x20,405.002,7.6,-1125,-1,2.1,,
2026-07-31T00:45:25.000Z,M20-403-2-02878,1469493925,44.07185,4.81270,25391.9,5.4,14.6,251.6,-49.5,0.0,23.6,0x20,405.002,8.0,-1125,-1,2.1,,
2026-07-31T00:45:27.000Z,M20-403-2-02878,1469493927,44.07178,4.81234,25401.8,6.5,15.3,257.4,-49.4,0.0,23.5,0x20,405.002,8.6,-1125,-1,2.1,,
2026-07-31T00:45:28.000Z,M20-403-2-02878,1469493928,44.07175,4.81216,25408.0,6.0,14.0,260.3,-49.3,0.0,23.5,0x20,405.002,8.6,-1125,-1,2.1,,
2026-07-31T00:45:29.000Z,M20-403-2-02878,1469493929,44.07173,4.81199,25413.5,5.0,13.3,262.8,-49.2,0.0,23.5,0x20,405.002,3.3,-1125,-1,2.1,,
2026-07-31T00:45:30.000Z,M20-403-2-02878,1469493930,44.07171,4.81183,25419.3,6.5,13.5,260.5,-49.1,0.0,23.5,0x20,405.002,3.3,-1125,-1,2.1,,
2026-07-31T00:45:32.000Z,M20-403-2-02878,1469493932,44.07167,4.81146,25430.6,4.7,15.7,258.2,-49.0,0.0,23.4,0x20,405.002,8.2,-1125,-1,2.1,,
2026-07-31T00:45:33.000Z,M20-403-2-02878,1469493933,44.07163,4.81128,25436.5,7.1,14.8,256.3,-49.0,0.0,23.4,0x20,405.002,8.8,-1125,-1,2.1,,
2026-07-31T00:45:34.000Z,M20-403-2-02878,1469493934,44.07160,4.81111,25442.5,5.0,13.4,254.8,-49.0,0.0,23.4,0x20,405.002,8.8,-1125,-1,2.1,,
2026-07-31T00:45:36.000Z,M20-403-2-02878,1469493936,44.07153,4.81080,25453.5,6.4,14.1,248.6,-48.9,0.0,23.3,0x20,405.002,10.5,-1125,-1,2.1,,
2026-07-31T00:45:38.000Z,M20-403-2-02878,1469493938,44.07143,4.81044,25463.5,4.8,16.5,249.1,-48.8,0.0,23.3,0x20,405.002,6.9,-1125,-1,2.1,,
2026-07-31T00:45:39.000Z,M20-403-2-02878,1469493939,44.07137,4.81025,25468.6,5.7,15.4,247.4,-48.8,0.0,23.2,0x20,405.002,7.3,-1125,-1,2.1,,
2026-07-31T00:45:40.000Z,M20-403-2-02878,1469493940,44.07132,4.81009,25474.8,6.5,13.4,246.3,-48.7,0.0,23.2,0x20,405.002,7.3,-1125,-1,2.1,,
2026-07-31T00:45:42.000Z,M20-403-2-02878,1469493942,44.07125,4.80980,25485.5,5.4,12.0,257.1,-48.7,0.0,23.2,0x20,405.002,3.5,-1125,-1,2.1,,
2026-07-31T00:45:43.000Z,M20-403-2-02878,1469493943,44.07123,4.80964,25491.5,6.8,13.9,263.3,-48.7,0.0,23.2,0x20,405.002,3.5,-1125,-1,2.1,,
2026-07-31T00:45:44.000Z,M20-403-2-02878,1469493944,44.07122,4.80946,25496.9,4.2,15.8,263.6,-48.7,0.0,23.2,0x20,405.002,5.1,-1125,-1,2.1,,
2026-07-31T00:45:45.000Z,M20-403-2-02878,1469493945,44.07120,4.80926,25501.9,5.8,16.5,265.4,-48.7,0.0,23.1,0x20,405.002,7.1,-1125,-1,2.1,,
2026-07-31T00:45:46.000Z,M20-403-2-02878,1469493946,44.07119,4.80906,25508.5,7.4,15.0,262.5,-48.7,0.0,23.1,0x20,405.002,7.9,-1125,-1,2.1,,
2026-07-31T00:45:47.000Z,M20-403-2-02878,1469493947,44.07117,4.80889,25514.7,5.1,13.2,260.6,-48.7,0.0,23.1,0x20,405.002,8.3,-1125,-1,2.1,,
2026-07-31T00:45:48.000Z,M20-403-2-02878,1469493948,44.07115,4.80873,25519.9,5.2,12.6,254.4,-48.7,0.0,23.0,0x20,405.002,8.3,-1125,-1,2.1,,
2026-07-31T00:45:50.000Z,M20-403-2-02878,1469493950,44.07109,4.80841,25531.3,5.2,14.1,258.1,-48.7,0.0,23.0,0x20,405.002,6.5,-1125,-1,2.1,,
2026-07-31T00:45:51.000Z,M20-403-2-02878,1469493951,44.07107,4.80824,25536.3,4.8,13.8,257.8,-48.7,0.0,23.0,0x20,405.002,7.1,-1125,-1,2.1,,
2026-07-31T00:45:52.000Z,M20-403-2-02878,1469493952,44.07104,4.80808,25542.0,6.6,12.5,260.7,-48.7,0.0,23.0,0x20,405.002,9.9,-1125,-1,2.1,,
2026-07-31T00:45:53.000Z,M20-403-2-02878,1469493953,44.07103,4.80793,25548.1,5.8,10.9,260.3,-48.7,0.0,22.9,0x20,405.002,9.9,-1125,-1,2.1,,
2026-07-31T00:45:57.000Z,M20-403-2-02878,1469493957,44.07106,4.80732,25570.8,5.0,15.7,277.5,-48.6,0.0,22.9,0x20,405.002,5.2,-1125,-1,2.1,,
2026-07-31T00:45:58.000Z,M20-403-2-02878,1469493958,44.07106,4.80712,25577.1,8.0,15.4,268.0,-48.6,0.0,22.9,0x20,405.002,7.9,-1125,-1,2.1,,
2026-07-31T00:45:59.000Z,M20-403-2-02878,1469493959,44.07105,4.80694,25583.2,4.4,13.7,260.7,-48.6,0.0,22.8,0x20,405.002,9.0,-1125,-1,2.1,,
2026-07-31T00:46:00.000Z,M20-403-2-02878,1469493960,44.07103,4.80679,25587.7,4.7,12.1,255.9,-48.5,0.0,22.8,0x20,405.002,9.3,-1125,-1,2.1,,
2026-07-31T00:46:04.000Z,M20-403-2-02878,1469493964,44.07095,4.80620,25609.5,5.5,12.3,265.3,-48.4,0.0,22.7,0x20,405.002,6.9,-1125,-1,2.1,,
2026-07-31T00:46:05.000Z,M20-403-2-02878,1469493965,44.07094,4.80605,25615.4,6.3,12.4,262.7,-48.4,0.0,22.7,0x20,405.002,8.8,-1125,-1,2.1,,
2026-07-31T00:46:09.000Z,M20-403-2-02878,1469493969,44.07090,4.80535,25640.1,4.0,17.0,275.5,-48.2,0.0,22.6,0x20,405.002,3.6,-1125,-1,2.1,,
2026-07-31T00:46:10.000Z,M20-403-2-02878,1469493970,44.07091,4.80515,25645.2,6.5,15.7,274.2,-48.2,0.0,22.6,0x20,405.002,6.6,-1125,-1,2.1,,
2026-07-31T00:46:11.000Z,M20-403-2-02878,1469493971,44.07091,4.80497,25651.5,6.7,13.8,267.6,-48.2,0.0,22.6,0x20,405.002,8.4,-1125,-1,2.1,,
2026-07-31T00:46:12.000Z,M20-403-2-02878,1469493972,44.07090,4.80481,25656.5,3.5,12.3,259.8,-48.1,0.0,22.5,0x20,405.002,11.2,-1125,-1,2.1,,
2026-07-31T00:46:13.000Z,M20-403-2-02878,1469493973,44.07088,4.80466,25660.9,5.5,11.6,257.5,-48.1,0.0,22.5,0x20,405.002,11.2,-1125,-1,2.1,,
2026-07-31T00:46:15.000Z,M20-403-2-02878,1469493975,44.07085,4.80435,25672.4,5.5,14.0,265.4,-48.1,0.0,22.5,0x20,405.002,9.8,-1125,-1,2.1,,
2026-07-31T00:46:16.000Z,M20-403-2-02878,1469493976,44.07084,4.80417,25677.3,4.3,15.3,266.8,-48.1,0.0,22.5,0x20,405.002,9.8,-1125,-1,2.1,,
2026-07-31T00:46:17.000Z,M20-403-2-02878,1469493977,44.07083,4.80397,25682.4,6.4,16.2,266.0,-48.1,0.0,22.4,0x20,405.002,8.3,-1125,-1,2.1,,
2026-07-31T00:46:18.000Z,M20-403-2-02878,1469493978,44.07082,4.80377,25688.2,5.3,15.9,261.8,-48.1,0.0,22.4,0x20,405.002,7.5,-1125,-1,2.1,,
2026-07-31T00:46:19.000Z,M20-403-2-02878,1469493979,44.07080,4.80358,25693.8,5.5,15.4,261.7,-48.1,0.0,22.4,0x20,405.002,8.6,-1125,-1,2.1,,
2026-07-31T00:46:20.000Z,M20-403-2-02878,1469493980,44.07078,4.80339,25700.0,7.0,15.7,264.0,-48.1,0.0,22.4,0x20,405.002,8.6,-1125,-1,2.1,,
2026-07-31T00:46:22.000Z,M20-403-2-02878,1469493982,44.07078,4.80300,25710.7,4.0,15.6,273.5,-48.1,0.0,22.4,0x20,405.002,3.2,-1125,-1,2.1,,
2026-07-31T00:46:23.000Z,M20-403-2-02878,1469493983,44.07078,4.80281,25715.8,5.9,14.0,271.3,-48.1,0.0,22.3,0x20,405.002,6.2,-1125,-1,2.1,,
2026-07-31T00:46:24.000Z,M20-403-2-02878,1469493984,44.07078,4.80265,25721.8,6.0,12.5,263.4,-48.2,0.0,22.3,0x20,405.002,7.5,-1125,-1,2.1,,
2026-07-31T00:46:27.000Z,M20-403-2-02878,1469493987,44.07071,4.80215,25740.0,7.4,16.6,263.4,-48.2,0.0,22.2,0x20,405.002,9.8,-1125,-1,2.1,,
2026-07-31T00:46:28.000Z,M20-403-2-02878,1469493988,44.07070,4.80193,25745.7,4.0,18.5,267.8,-48.2,0.0,22.2,0x20,405.002,9.8,-1125,-1,2.1,,
2026-07-31T00:46:29.000Z,M20-403-2-02878,1469493989,44.07070,4.80169,25750.3,5.1,19.4,269.1,-48.2,0.0,22.2,0x20,405.002,8.8,-1125,-1,2.1,,
2026-07-31T00:46:31.000Z,M20-403-2-02878,1469493991,44.07069,4.80125,25762.5,4.6,16.4,264.9,-48.3,0.0,22.1,0x20,405.002,8.7,-1125,-1,2.1,,
2026-07-31T00:46:32.000Z,M20-403-2-02878,1469493992,44.07067,4.80105,25768.0,6.5,15.3,265.0,-48.3,0.0,22.1,0x20,405.002,10.4,-1125,-1,2.1,,
2026-07-31T00:46:33.000Z,M20-403-2-02878,1469493993,44.07066,4.80086,25774.4,6.5,15.8,267.1,-48.3,0.0,22.1,0x20,405.002,10.4,-1125,-1,2.1,,
2026-07-31T00:46:34.000Z,M20-403-2-02878,1469493994,44.07066,4.80066,25780.2,5.6,16.3,266.7,-48.3,0.0,22.1,0x20,405.002,10.4,-1125,-1,2.1,,
2026-07-31T00:46:35.000Z,M20-403-2-02878,1469493995,44.07065,4.80045,25785.4,5.0,17.4,266.6,-48.4,0.0,22.1,0x20,405.002,3.7,-1125,-1,2.1,,
2026-07-31T00:46:36.000Z,M20-403-2-02878,1469493996,44.07063,4.80023,25791.2,6.6,17.8,261.9,-48.4,0.0,22.0,0x20,405.002,3.1,-1125,-1,2.1,,
2026-07-31T00:46:37.000Z,M20-403-2-02878,1469493997,44.07060,4.80002,25797.2,5.5,18.0,255.8,-48.4,0.0,22.0,0x20,405.002,9.4,-1125,-1,2.1,,
2026-07-31T00:46:38.000Z,M20-403-2-02878,1469493998,44.07056,4.79980,25802.4,4.8,18.2,253.4,-48.4,0.0,22.0,0x20,405.002,11.1,-1125,-1,2.1,,
2026-07-31T00:46:39.000Z,M20-403-2-02878,1469493999,44.07052,4.79958,25808.6,7.5,18.2,258.7,-48.4,0.0,22.0,0x20,405.002,11.1,-1125,-1,2.1,,
2026-07-31T00:46:40.000Z,M20-403-2-02878,1469494000,44.07050,4.79935,25814.8,4.8,18.9,264.2,-48.4,0.0,21.9,0x20,405.002,11.0,-1125,-1,2.1,,
2026-07-31T00:46:41.000Z,M20-403-2-02878,1469494001,44.07049,4.79912,25819.8,5.5,19.1,269.4,-48.4,0.0,21.9,0x20,405.002,10.1,-1125,-1,2.1,,
2026-07-31T00:46:42.000Z,M20-403-2-02878,1469494002,44.07049,4.79889,25826.5,8.1,18.0,271.0,-48.4,0.0,21.9,0x20,405.002,10.1,-1125,-1,2.1,,
2026-07-31T00:46:43.000Z,M20-403-2-02878,1469494003,44.07049,4.79867,25832.8,4.5,17.1,265.1,-48.4,0.0,21.9,0x20,405.002,8.6,-1125,-1,2.1,,
2026-07-31T00:46:44.000Z,M20-403-2-02878,1469494004,44.07047,4.79846,25837.6,5.5,16.8,263.4,-48.4,0.0,21.9,0x20,405.002,6.8,-1125,-1,2.1,,
2026-07-31T00:46:45.000Z,M20-403-2-02878,1469494005,44.07045,4.79824,25843.2,5.7,17.8,263.8,-48.4,0.0,21.8,0x20,405.002,9.9,-1125,-1,2.1,,
2026-07-31T00:46:46.000Z,M20-403-2-02878,1469494006,44.07044,4.79802,25848.9,5.6,18.5,265.7,-48.5,0.0,21.8,0x20,405.002,9.9,-1125,-1,2.1,,
2026-07-31T00:46:47.000Z,M20-403-2-02878,1469494007,44.07043,4.79779,25854.6,5.6,18.0,263.8,-48.5,0.0,21.8,0x20,405.002,3.6,-1125,-1,2.1,,
2026-07-31T00:46:48.000Z,M20-403-2-02878,1469494008,44.07041,4.79757,25860.3,6.0,17.2,261.7,-48.5,0.0,21.8,0x20,405.002,3.6,-1125,-1,2.1,,
2026-07-31T00:46:49.000Z,M20-403-2-02878,1469494009,44.07038,4.79737,25866.3,5.9,16.3,256.8,-48.6,0.0,21.8,0x20,405.002,5.0,-1125,-1,2.1,,
2026-07-31T00:46:50.000Z,M20-403-2-02878,1469494010,44.07034,4.79717,25872.1,5.9,15.9,256.3,-48.6,0.0,21.7,0x20,405.002,9.4,-1125,-1,2.1,,
2026-07-31T00:46:51.000Z,M20-403-2-02878,1469494011,44.07032,4.79697,25878.4,7.1,17.4,263.0,-48.7,0.0,21.7,0x20,405.002,10.6,-1125,-1,2.1,,
2026-07-31T00:46:52.000Z,M20-403-2-02878,1469494012,44.07031,4.79675,25884.5,5.0,18.5,267.7,-48.7,0.0,21.7,0x20,405.002,10.6,-1125,-1,2.1,,
2026-07-31T00:46:53.000Z,M20-403-2-02878,1469494013,44.07030,4.79650,25889.2,4.6,20.2,271.3,-48.7,0.0,21.7,0x20,405.002,9.8,-1125,-1,2.1,,
2026-07-31T00:46:54.000Z,M20-403-2-02878,1469494014,44.07031,4.79626,25894.9,6.9,19.5,269.6,-48.8,0.0,21.7,0x20,405.002,9.6,-1125,-1,2.1,,
2026-07-31T00:46:55.000Z,M20-403-2-02878,1469494015,44.07030,4.79602,25900.4,4.0,18.8,268.0,-48.8,0.0,21.6,0x20,405.002,9.6,-1125,-1,2.1,,
2026-07-31T00:46:56.000Z,M20-403-2-02878,1469494016,44.07029,4.79579,25905.3,6.0,18.4,265.1,-48.8,0.0,21.6,0x20,405.002,8.6,-1125,-1,2.1,,
2026-07-31T00:46:57.000Z,M20-403-2-02878,1469494017,44.07028,4.79556,25911.8,7.0,18.5,266.8,-48.8,0.0,21.6,0x20,405.002,8.6,-1125,-1,2.1,,
2026-07-31T00:46:59.000Z,M20-403-2-02878,1469494019,44.07027,4.79508,25923.2,5.9,19.1,268.7,-48.8,0.0,21.5,0x20,405.002,3.8,-1125,-1,2.1,,
2026-07-31T00:47:00.000Z,M20-403-2-02878,1469494020,44.07026,4.79485,25929.4,6.7,17.9,262.8,-48.8,0.0,21.5,0x20,405.002,3.8,-1125,-1,2.1,,
2026-07-31T00:47:01.000Z,M20-403-2-02878,1469494021,44.07024,4.79464,25935.5,5.4,17.2,261.0,-48.7,0.0,21.5,0x20,405.002,3.1,-1125,-1,2.1,,
2026-07-31T00:47:02.000Z,M20-403-2-02878,1469494022,44.07022,4.79443,25941.2,6.5,16.8,265.5,-48.7,0.0,21.5,0x20,405.002,3.3,-1125,-1,2.1,,
2026-07-31T00:47:03.000Z,M20-403-2-02878,1469494023,44.07022,4.79421,25947.5,6.6,17.9,273.6,-48.7,0.0,21.4,0x20,405.002,7.2,-1125,-1,2.1,,
2026-07-31T00:47:04.000Z,M20-403-2-02878,1469494024,44.07024,4.79398,25953.0,4.6,19.0,279.1,-48.7,0.0,21.4,0x20,405.002,8.4,-1125,-1,2.1,,
2026-07-31T00:47:05.000Z,M20-403-2-02878,1469494025,44.07027,4.79375,25957.8,5.0,19.6,281.8,-48.7,0.0,21.4,0x20,405.002,8.4,-1125,-1,2.1,,
2026-07-31T00:47:06.000Z,M20-403-2-02878,1469494026,44.07030,4.79351,25964.2,8.0,19.0,278.4,-48.7,0.0,21.4,0x20,405.002,9.3,-1125,-1,2.1,,
2026-07-31T00:47:07.000Z,M20-403-2-02878,1469494027,44.07032,4.79329,25970.8,5.3,17.5,272.5,-48.7,0.0,21.4,0x20,405.002,9.3,-1125,-1,2.1,,
2026-07-31T00:47:08.000Z,M20-403-2-02878,1469494028,44.07032,4.79307,25976.0,5.2,16.8,266.6,-48.7,0.0,21.4,0x20,405.002,9.2,-1125,-1,2.1,,
2026-07-31T00:47:09.000Z,M20-403-2-02878,1469494029,44.07031,4.79287,25982.2,7.9,16.9,268.0,-48.7,0.0,21.3,0x20,405.002,10.2,-1125,-1,2.1,,
2026-07-31T00:47:10.000Z,M20-403-2-02878,1469494030,44.07031,4.79266,25988.2,4.6,17.1,271.6,-48.7,0.0,21.3,0x20,405.002,10.2,-1125,-1,2.1,,
2026-07-31T00:47:11.000Z,M20-403-2-02878,1469494031,44.07032,4.79245,25993.6,6.5,16.5,272.6,-48.7,0.0,21.3,0x20,405.002,10.1,-1125,-1,2.1,,
2026-07-31T00:47:12.000Z,M20-403-2-02878,1469494032,44.07032,4.79225,26000.0,6.7,16.1,269.8,-48.7,0.0,21.3,0x20,405.002,10.1,-1125,-1,2.1,,
2026-07-31T00:47:14.000Z,M20-403-2-02878,1469494034,44.07032,4.79186,26011.3,7.0,15.7,274.3,-48.8,0.0,21.2,0x20,405.002,3.3,-1125,-1,2.1,,
2026-07-31T00:47:15.000Z,M20-403-2-02878,1469494035,44.07034,4.79166,26017.0,4.9,16.6,279.1,-48.8,0.0,21.2,0x20,405.002,5.5,-1125,-1,2.1,,
2026-07-31T00:47:16.000Z,M20-403-2-02878,1469494036,44.07036,4.79146,26021.6,5.5,16.5,278.5,-48.9,0.0,21.2,0x20,405.002,9.4,-1125,-1,2.1,,
2026-07-31T00:47:17.000Z,M20-403-2-02878,1469494037,44.07039,4.79126,26028.1,7.6,16.3,277.6,-48.9,0.0,21.2,0x20,405.002,9.6,-1125,-1,2.1,,
2026-07-31T00:47:18.000Z,M20-403-2-02878,1469494038,44.07040,4.79106,26033.8,4.2,15.4,272.1,-48.9,0.0,21.1,0x20,405.002,9.6,-1125,-1,2.1,,
2026-07-31T00:47:19.000Z,M20-403-2-02878,1469494039,44.07040,4.79087,26038.9,5.9,15.0,268.1,-49.0,0.0,21.1,0x20,405.002,8.5,-1125,-1,2.1,,
2026-07-31T00:47:22.000Z,M20-403-2-02878,1469494042,44.07041,4.79029,26055.0,5.6,15.4,275.3,-49.0,0.0,21.1,0x20,405.002,7.5,-1125,-1,2.1,,
2026-07-31T00:47:23.000Z,M20-403-2-02878,1469494043,44.07043,4.79011,26061.2,6.7,13.9,276.6,-49.0,0.0,21.1,0x20,405.002,8.5,-1125,-1,2.1,,
2026-07-31T00:47:24.000Z,M20-403-2-02878,1469494044,44.07044,4.78994,26067.3,5.8,13.1,272.2,-49.0,0.0,21.0,0x20,405.002,8.5,-1125,-1,2.1,,
2026-07-31T00:47:25.000Z,M20-403-2-02878,1469494045,44.07044,4.78978,26073.1,6.0,13.4,272.7,-49.1,0.0,21.0,0x20,405.002,4.2,-1125,-1,2.1,,
2026-07-31T00:47:27.000Z,M20-403-2-02878,1469494047,44.07047,4.78941,26084.4,4.7,17.0,279.8,-49.1,0.0,21.0,0x20,405.002,3.3,-1125,-1,2.1,,
2026-07-31T00:47:28.000Z,M20-403-2-02878,1469494048,44.07050,4.78919,26088.3,3.4,18.5,279.1,-49.1,0.0,21.0,0x20,405.002,5.7,-1125,-1,2.1,,
2026-07-31T00:47:29.000Z,M20-403-2-02878,1469494049,44.07052,4.78897,26093.2,6.6,18.3,274.4,-49.2,0.0,21.0,0x20,405.002,8.3,-1125,-1,2.1,,
2026-07-31T00:47:30.000Z,M20-403-2-02878,1469494050,44.07052,4.78875,26099.7,6.5,16.2,269.6,-49.2,0.0,20.9,0x20,405.002,8.3,-1125,-1,2.1,,
2026-07-31T00:47:31.000Z,M20-403-2-02878,1469494051,44.07052,4.78857,26105.7,5.7,14.5,265.7,-49.2,0.0,20.9,0x20,405.002,8.3,-1125,-1,2.1,,
2026-07-31T00:47:32.000Z,M20-403-2-02878,1469494052,44.07051,4.78840,26111.7,6.5,13.1,271.4,-49.3,0.0,20.9,0x20,405.002,8.5,-1125,-1,2.1,,
2026-07-31T00:47:35.000Z,M20-403-2-02878,1469494055,44.07058,4.78791,26128.5,6.9,13.3,287.9,-49.4,0.0,20.8,0x20,405.002,6.3,-1125,-1,2.1,,
2026-07-31T00:47:36.000Z,M20-403-2-02878,1469494056,44.07061,4.78776,26134.4,5.3,12.2,285.8,-49.4,0.0,20.8,0x20,405.002,9.6,-1125,-1,2.1,,
2026-07-31T00:47:37.000Z,M20-403-2-02878,1469494057,44.07064,4.78761,26139.5,5.6,12.6,280.4,-49.4,0.0,20.8,0x20,405.002,9.6,-1125,-1,2.1,,
2026-07-31T00:47:39.000Z,M20-403-2-02878,1469494059,44.07069,4.78727,26150.3,4.2,15.6,284.6,-49.5,0.0,20.8,0x20,405.002,3.5,-1125,-1,2.1,,
2026-07-31T00:47:40.000Z,M20-403-2-02878,1469494060,44.07073,4.78709,26155.3,5.5,15.4,286.4,-49.4,0.0,20.7,0x20,405.002,3.5,-1125,-1,2.1,,
2026-07-31T00:47:41.000Z,M20-403-2-02878,1469494061,44.07076,4.78692,26161.0,6.2,13.2,285.8,-49.4,0.0,20.7,0x20,405.002,7.0,-1125,-1,2.1,,
2026-07-31T00:47:42.000Z,M20-403-2-02878,1469494062,44.07079,4.78677,26166.5,4.9,11.4,280.7,-49.4,0.0,20.7,0x20,405.002,9.3,-1125,-1,2.1,,
2026-07-31T00:47:43.000Z,M20-403-2-02878,1469494063,44.07080,4.78663,26171.0,4.7,10.9,279.1,-49.3,0.0,20.7,0x20,405.002,9.3,-1125,-1,2.1,,
2026-07-31T00:47:44.000Z,M20-403-2-02878,1469494064,44.07082,4.78649,26176.1,5.7,11.7,280.2,-49.3,0.0,20.6,0x20,405.002,9.7,-1125,-1,2.1,,
2026-07-31T00:47:45.000Z,M20-403-2-02878,1469494065,44.07084,4.78634,26181.5,5.3,13.3,283.9,-49.3,0.0,20.6,0x20,405.002,10.7,-1125,-1,2.1,,
2026-07-31T00:47:46.000Z,M20-403-2-02878,1469494066,44.07088,4.78618,26186.5,4.6,14.1,289.4,-49.3,0.0,20.6,0x20,405.002,10.7,-1125,-1,2.1,,
2026-07-31T00:47:47.000Z,M20-403-2-02878,1469494067,44.07093,4.78602,26191.7,6.1,13.8,297.2,-49.2,0.0,20.6,0x20,405.002,10.0,-1125,-1,2.1,,
2026-07-31T00:47:48.000Z,M20-403-2-02878,1469494068,44.07099,4.78588,26197.3,5.5,12.4,301.5,-49.1,0.0,20.6,0x20,405.002,10.5,-1125,-1,2.1,,
2026-07-31T00:47:49.000Z,M20-403-2-02878,1469494069,44.07104,4.78576,26202.5,5.1,10.6,300.1,-49.1,0.0,20.6,0x20,405.002,10.5,-1125,-1,2.1,,
2026-07-31T00:47:50.000Z,M20-403-2-02878,1469494070,44.07107,4.78565,26207.8,5.2,9.4,284.3,-49.1,0.0,20.5,0x20,405.002,8.9,-1125,-1,2.1,,
2026-07-31T00:47:51.000Z,M20-403-2-02878,1469494071,44.07108,4.78552,26213.1,5.5,11.1,264.4,-49.1,0.0,20.5,0x20,405.002,7.8,-1125,-1,2.1,,
2026-07-31T00:47:54.000Z,M20-403-2-02878,1469494074,44.07105,4.78503,26227.9,6.0,13.2,278.2,-49.0,0.0,20.5,0x20,405.002,5.6,-1125,-1,2.1,,
2026-07-31T00:47:55.000Z,M20-403-2-02878,1469494075,44.07108,4.78489,26233.4,5.3,11.3,290.7,-49.0,0.0,20.4,0x20,405.002,10.7,-1125,-1,2.1,,
2026-07-31T00:47:56.000Z,M20-403-2-02878,1469494076,44.07112,4.78477,26238.0,3.8,9.5,299.9,-49.0,0.0,20.4,0x20,405.002,10.7,-1125,-1,2.1,,
2026-07-31T00:47:57.000Z,M20-403-2-02878,1469494077,44.07116,4.78467,26242.5,5.1,9.0,300.2,-49.0,0.0,20.4,0x20,405.002,9.4,-1125,-1,2.1,,
2026-07-31T00:47:58.000Z,M20-403-2-02878,1469494078,44.07120,4.78456,26248.3,7.1,9.6,293.0,-49.0,0.0,20.4,0x20,405.002,7.5,-1125,-1,2.1,,
2026-07-31T00:47:59.000Z,M20-403-2-02878,1469494079,44.07123,4.78445,26254.2,4.6,10.2,283.3,-48.9,0.0,20.4,0x20,405.002,8.3,-1125,-1,2.1,,
2026-07-31T00:48:00.000Z,M20-403-2-02878,1469494080,44.07124,4.78432,26259.0,4.6,10.4,273.5,-48.9,0.0,20.3,0x20,405.002,8.3,-1125,-1,2.1,,
2026-07-31T00:48:01.000Z,M20-403-2-02878,1469494081,44.07124,4.78420,26264.4,5.9,9.6,264.5,-48.8,0.0,20.3,0x20,405.002,8.0,-1125,-1,2.1,,
2026-07-31T00:48:02.000Z,M20-403-2-02878,1469494082,44.07123,4.78409,26269.7,4.2,8.3,263.6,-48.8,0.0,20.3,0x20,405.002,7.1,-1125,-1,2.1,,
2026-07-31T00:48:04.000Z,M20-403-2-02878,1469494084,44.07124,4.78389,26279.5,6.3,8.9,277.6,-48.7,0.0,20.3,0x20,405.002,6.8,-1125,-1,2.1,,
2026-07-31T00:48:05.000Z,M20-403-2-02878,1469494085,44.07125,4.78377,26285.0,4.3,11.1,279.8,-48.7,0.0,20.3,0x20,405.002,4.5,-1125,-1,2.1,,
2026-07-31T00:48:06.000Z,M20-403-2-02878,1469494086,44.07128,4.78363,26289.9,4.9,12.5,291.0,-48.7,0.0,20.2,0x20,405.002,3.6,-1125,-1,2.1,,
2026-07-31T00:48:07.000Z,M20-403-2-02878,1469494087,44.07132,4.78349,26295.7,6.3,11.7,298.0,-48.7,0.0,20.2,0x20,405.002,8.3,-1125,-1,2.1,,
2026-07-31T00:48:08.000Z,M20-403-2-02878,1469494088,44.07137,4.78338,26301.9,6.0,9.2,301.0,-48.7,0.0,20.2,0x20,405.002,8.3,-1125,-1,2.1,,
2026-07-31T00:48:09.000Z,M20-403-2-02878,1469494089,44.07140,4.78329,26307.6,5.4,6.9,289.5,-48.6,0.0,20.2,0x20,405.002,10.6,-1125,-1,2.1,,
2026-07-31T00:48:10.000Z,M20-403-2-02878,1469494090,44.07141,4.78321,26313.2,5.8,6.7,262.2,-48.7,0.0,20.2,0x20,405.002,10.6,-1125,-1,2.1,,
2026-07-31T00:48:11.000Z,M20-403-2-02878,1469494091,44.07138,4.78312,26318.9,5.3,9.3,245.7,-48.6,0.0,20.1,0x20,405.002,9.5,-1125,-1,2.1,,
2026-07-31T00:48:12.000Z,M20-403-2-02878,1469494092,44.07135,4.78300,26323.9,4.5,10.9,247.0,-48.6,0.0,20.1,0x20,405.002,9.5,-1125,-1,2.1,,
2026-07-31T00:48:13.000Z,M20-403-2-02878,1469494093,44.07131,4.78288,26329.3,6.6,10.6,253.4,-48.6,0.0,20.1,0x20,405.002,8.9,-1125,-1,2.1,,
2026-07-31T00:48:17.000Z,M20-403-2-02878,1469494097,44.07141,4.78240,26350.9,4.8,13.6,302.6,-48.5,0.0,20.0,0x20,405.002,3.8,-1125,-1,2.1,,
2026-07-31T00:48:18.000Z,M20-403-2-02878,1469494098,44.07147,4.78225,26356.0,5.2,13.9,298.9,-48.5,0.0,20.0,0x20,405.002,3.8,-1125,-1,2.1,,
2026-07-31T00:48:19.000Z,M20-403-2-02878,1469494099,44.07152,4.78210,26362.1,6.8,13.0,289.0,-48.4,0.0,20.0,0x20,405.002,3.6,-1125,-1,2.1,,
2026-07-31T00:48:20.000Z,M20-403-2-02878,1469494100,44.07155,4.78196,26368.7,6.1,9.8,283.7,-48.4,0.0,20.0,0x20,405.002,5.6,-1125,-1,2.1,,
2026-07-31T00:48:21.000Z,M20-403-2-02878,1469494101,44.07156,4.78186,26374.3,5.1,8.2,275.2,-48.4,0.0,20.0,0x20,405.002,7.2,-1125,-1,2.1,,
2026-07-31T00:48:23.000Z,M20-403-2-02878,1469494103,44.07154,4.78166,26383.9,5.2,9.3,250.1,-48.3,0.0,19.9,0x20,405.002,7.1,-1125,-1,2.1,,
2026-07-31T00:48:24.000Z,M20-403-2-02878,1469494104,44.07151,4.78154,26389.6,6.1,11.8,252.0,-48.3,0.0,19.9,0x20,405.002,9.8,-1125,-1,2.1,,
2026-07-31T00:48:27.000Z,M20-403-2-02878,1469494107,44.07149,4.78108,26405.9,6.0,11.6,289.4,-48.0,0.0,19.9,0x20,405.002,7.9,-1125,-1,2.1,,
2026-07-31T00:48:28.000Z,M20-403-2-02878,1469494108,44.07153,4.78096,26410.9,4.0,10.2,302.5,-48.0,0.0,19.9,0x20,405.002,8.1,-1125,-1,2.1,,
2026-07-31T00:48:30.000Z,M20-403-2-02878,1469494110,44.07163,4.78076,26422.4,8.0,9.1,297.5,-47.9,0.0,19.8,0x20,405.002,6.2,-1125,-1,2.1,,
2026-07-31T00:48:33.000Z,M20-403-2-02878,1469494113,44.07164,4.78040,26438.0,5.7,11.1,251.0,-47.8,0.0,19.7,0x20,405.002,6.4,-1125,-1,2.1,,
2026-07-31T00:48:37.000Z,M20-403-2-02878,1469494117,44.07151,4.77990,26459.4,6.8,11.9,257.2,-47.7,0.0,19.7,0x20,405.002,8.7,-1125,-1,2.1,,
2026-07-31T00:48:40.000Z,M20-403-2-02878,1469494120,44.07151,4.77948,26476.6,6.1,9.9,289.4,-47.7,0.0,19.6,0x20,405.002,7.5,-1125,-1,2.1,,
2026-07-31T00:48:41.000Z,M20-403-2-02878,1469494121,44.07154,4.77937,26481.8,4.1,8.5,299.1,-47.7,0.0,19.6,0x20,405.002,9.1,-1125,-1,2.1,,
2026-07-31T00:48:42.000Z,M20-403-2-02878,1469494122,44.07158,4.77928,26487.1,6.6,7.9,289.6,-47.7,0.0,19.6,0x20,405.002,9.1,-1125,-1,2.1,,
2026-07-31T00:48:43.000Z,M20-403-2-02878,1469494123,44.07159,4.77918,26494.2,7.2,9.6,269.5,-47.7,0.0,19.6,0x20,405.002,6.2,-1125,-1,2.1,,
2026-07-31T00:48:44.000Z,M20-403-2-02878,1469494124,44.07158,4.77905,26499.7,3.6,11.3,257.3,-47.6,0.0,19.5,0x20,405.002,3.4,-1125,-1,2.1,,
2026-07-31T00:48:45.000Z,M20-403-2-02878,1469494125,44.07154,4.77890,26503.8,4.7,13.4,249.5,-47.6,0.0,19.5,0x20,405.002,3.6,-1125,-1,2.1,,
2026-07-31T00:48:47.000Z,M20-403-2-02878,1469494127,44.07146,4.77860,26515.9,5.1,11.9,250.5,-47.6,0.0,19.5,0x20,405.002,8.6,-750,-1,2.1,,
2026-07-31T00:48:48.000Z,M20-403-2-02878,1469494128,44.07144,4.77847,26521.7,6.5,11.0,255.9,-47.7,0.0,19.5,0x20,405.002,8.6,-1125,-1,2.1,,
2026-07-31T00:48:49.000Z,M20-403-2-02878,1469494129,44.07141,4.77833,26527.7,5.4,11.4,258.4,-47.7,0.0,19.5,0x20,405.002,7.8,-1125,-1,2.1,,
2026-07-31T00:48:50.000Z,M20-403-2-02878,1469494130,44.07139,4.77819,26532.6,4.7,11.2,261.1,-47.6,0.0,19.4,0x20,405.002,10.2,-1125,-1,2.1,,
2026-07-31T00:48:52.000Z,M20-403-2-02878,1469494132,44.07137,4.77796,26543.2,5.9,7.8,269.6,-47.6,0.0,19.4,0x20,405.002,9.0,-1125,-1,2.1,,
2026-07-31T00:48:53.000Z,M20-403-2-02878,1469494133,44.07138,4.77786,26549.1,5.8,7.6,272.6,-47.6,0.0,19.4,0x20,405.002,8.3,-1125,-1,2.1,,
2026-07-31T00:48:56.000Z,M20-403-2-02878,1469494136,44.07134,4.77745,26566.2,3.9,15.7,257.2,-47.6,0.0,19.3,0x20,405.002,5.2,-1125,-1,2.1,,
2026-07-31T00:48:57.000Z,M20-403-2-02878,1469494137,44.07130,4.77725,26569.8,3.6,17.2,253.5,-47.6,0.0,19.3,0x20,405.002,3.3,-1125,-1,2.1,,
2026-07-31T00:48:58.000Z,M20-403-2-02878,1469494138,44.07126,4.77706,26575.4,7.7,15.8,253.1,-47.6,0.0,19.3,0x20,405.002,3.5,-1125,-1,2.1,,
2026-07-31T00:49:00.000Z,M20-403-2-02878,1469494140,44.07120,4.77674,26587.0,3.9,10.3,258.6,-47.6,0.0,19.2,0x20,405.002,8.2,-1125,-1,2.1,,
2026-07-31T00:49:02.000Z,M20-403-2-02878,1469494142,44.07117,4.77650,26598.1,5.4,10.7,265.7,-47.4,0.0,19.2,0x20,405.002,8.4,-1125,-1,2.1,,
2026-07-31T00:49:03.000Z,M20-403-2-02878,1469494143,44.07117,4.77636,26603.2,4.8,11.3,265.1,-47.4,0.0,19.2,0x20,405.002,12.1,-1125,-1,2.1,,
2026-07-31T00:49:04.000Z,M20-403-2-02878,1469494144,44.07116,4.77622,26608.5,5.8,11.3,265.9,-47.3,0.0,19.2,0x20,405.002,12.1,-1125,-1,2.1,,
2026-07-31T00:49:05.000Z,M20-403-2-02878,1469494145,44.07115,4.77609,26614.6,6.5,10.4,266.0,-47.3,0.0,19.2,0x20,405.002,10.8,-1125,-1,2.1,,
2026-07-31T00:49:06.000Z,M20-403-2-02878,1469494146,44.07114,4.77596,26620.7,5.7,10.1,263.8,-47.2,0.0,19.1,0x20,405.002,10.8,-1125,-1,2.1,,
2026-07-31T00:49:07.000Z,M20-403-2-02878,1469494147,44.07113,4.77583,26626.2,5.2,11.3,258.8,-47.1,0.0,19.1,0x20,405.002,10.0,-1125,-1,2.1,,
2026-07-31T00:49:08.000Z,M20-403-2-02878,1469494148,44.07110,4.77568,26631.5,5.3,13.3,256.5,-47.1,0.0,19.1,0x20,405.002,5.8,-1125,-1,2.1,,
2026-07-31T00:49:09.000Z,M20-403-2-02878,1469494149,44.07107,4.77550,26637.0,5.7,15.5,254.1,-47.0,0.0,19.1,0x20,405.002,2.9,-1125,-1,2.1,,
2026-07-31T00:49:12.000Z,M20-403-2-02878,1469494152,44.07098,4.77501,26655.5,4.8,10.3,257.7,-46.9,0.0,19.0,0x20,405.002,7.4,-1125,-1,2.1,,
2026-07-31T00:49:14.000Z,M20-403-2-02878,1469494154,44.07096,4.77479,26665.2,6.6,8.1,268.6,-46.9,0.0,19.0,0x20,405.002,7.0,-1125,-1,2.1,,
2026-07-31T00:49:15.000Z,M20-403-2-02878,1469494155,44.07095,4.77468,26671.1,5.1,9.9,267.0,-46.9,0.0,19.0,0x20,405.002,9.1,-1125,-1,2.1,,
2026-07-31T00:49:16.000Z,M20-403-2-02878,1469494156,44.07094,4.77455,26676.0,4.7,11.3,262.9,-46.9,0.0,19.0,0x20,405.002,9.1,-1125,-1,2.1,,
2026-07-31T00:49:17.000Z,M20-403-2-02878,1469494157,44.07093,4.77441,26681.3,6.0,11.9,258.0,-46.8,0.0,18.9,0x20,405.002,7.1,-1125,-1,2.1,,
2026-07-31T00:49:18.000Z,M20-403-2-02878,1469494158,44.07090,4.77426,26687.2,5.7,11.5,252.7,-46.8,0.0,18.9,0x20,405.002,7.9,-1125,-1,2.1,,
2026-07-31T00:49:19.000Z,M20-403-2-02878,1469494159,44.07087,4.77413,26692.8,5.5,11.9,249.8,-46.8,0.0,18.9,0x20,405.002,8.3,-1125,-1,2.1,,
2026-07-31T00:49:22.000Z,M20-403-2-02878,1469494162,44.07075,4.77365,26710.2,4.8,14.4,253.1,-46.8,0.0,18.9,0x20,405.002,3.9,-1125,-1,2.1,,
2026-07-31T00:49:23.000Z,M20-403-2-02878,1469494163,44.07071,4.77349,26716.1,6.8,12.2,254.9,-46.8,0.0,18.8,0x20,405.002,4.5,-1125,-1,2.1,,
2026-07-31T00:49:24.000Z,M20-403-2-02878,1469494164,44.07069,4.77336,26722.2,5.3,9.3,255.2,-46.8,0.0,18.8,0x20,405.002,4.5,-1125,-1,2.1,,
2026-07-31T00:49:25.000Z,M20-403-2-02878,1469494165,44.07067,4.77326,26727.1,4.4,7.9,254.9,-46.8,0.0,18.8,0x20,405.002,6.0,-1125,-1,2.1,,
2026-07-31T00:49:28.000Z,M20-403-2-02878,1469494168,44.07058,4.77292,26744.4,3.6,13.0,248.2,-46.7,0.0,18.7,0x20,405.002,8.5,-1125,-1,2.1,,
2026-07-31T00:49:29.000Z,M20-403-2-02878,1469494169,44.07054,4.77276,26749.0,5.5,14.2,248.5,-46.7,0.0,18.7,0x20,405.002,8.5,-1125,-1,2.1,,
2026-07-31T00:49:30.000Z,M20-403-2-02878,1469494170,44.07049,4.77260,26755.2,6.7,13.3,250.2,-46.7,0.0,18.7,0x20,405.002,9.9,-1125,-1,2.1,,
2026-07-31T00:49:31.000Z,M20-403-2-02878,1469494171,44.07045,4.77245,26761.5,5.8,12.3,250.9,-46.7,0.0,18.7,0x20,405.002,9.9,-1125,-1,2.1,,
2026-07-31T00:49:32.000Z,M20-403-2-02878,1469494172,44.07041,4.77231,26767.0,5.3,11.7,248.0,-46.7,0.0,18.7,0x20,405.002,9.9,-1125,-1,2.1,,
2026-07-31T00:49:33.000Z,M20-403-2-02878,1469494173,44.07037,4.77218,26772.9,6.4,12.2,245.1,-46.7,0.0,18.6,0x20,405.002,9.9,-1125,-1,2.1,,
2026-07-31T00:49:34.000Z,M20-403-2-02878,1469494174,44.07033,4.77203,26778.3,4.4,13.2,246.1,-46.7,0.0,18.6,0x20,405.002,9.1,-1125,-1,2.1,,
2026-07-31T00:49:36.000Z,M20-403-2-02878,1469494176,44.07025,4.77176,26790.2,6.6,10.0,249.4,-46.7,0.0,18.6,0x20,405.002,4.1,-1125,-1,2.1,,
2026-07-31T00:49:37.000Z,M20-403-2-02878,1469494177,44.07022,4.77165,26796.0,5.3,8.6,250.2,-46.7,0.0,18.6,0x20,405.002,3.4,-1125,-1,2.1,,
2026-07-31T00:49:38.000Z,M20-403-2-02878,1469494178,44.07019,4.77155,26801.1,5.2,9.1,250.4,-46.7,0.0,18.6,0x20,405.002,6.4,-1125,-1,2.1,,
2026-07-31T00:49:39.000Z,M20-403-2-02878,1469494179,44.07016,4.77142,26806.9,6.4,12.4,248.8,-46.7,0.0,18.5,0x20,405.002,8.6,-1125,-1,2.1,,
2026-07-31T00:49:40.000Z,M20-403-2-02878,1469494180,44.07012,4.77126,26813.1,6.2,15.9,249.3,-46.8,0.0,18.5,0x20,405.002,8.6,-1125,-1,2.1,,
2026-07-31T00:49:44.000Z,M20-403-2-02878,1469494184,44.06996,4.77052,26835.8,4.9,11.7,261.6,-46.8,0.0,18.5,0x20,405.002,6.8,-1125,-1,2.1,,
2026-07-31T00:49:45.000Z,M20-403-2-02878,1469494185,44.06994,4.77039,26840.8,5.3,9.7,264.5,-46.8,0.0,18.4,0x20,405.002,9.1,-1125,-1,2.1,,
2026-07-31T00:49:46.000Z,M20-403-2-02878,1469494186,44.06993,4.77026,26847.3,7.7,10.2,260.9,-46.8,0.0,18.4,0x20,405.002,9.2,-1125,-1,2.1,,
2026-07-31T00:49:47.000Z,M20-403-2-02878,1469494187,44.06991,4.77013,26853.4,4.6,12.1,255.3,-46.8,0.0,18.4,0x20,405.002,9.2,-1125,-1,2.1,,
2026-07-31T00:49:48.000Z,M20-403-2-02878,1469494188,44.06988,4.76997,26858.2,5.5,13.9,254.8,-46.8,0.0,18.4,0x20,405.002,9.2,-750,-1,2.1,,
2026-07-31T00:49:49.000Z,M20-403-2-02878,1469494189,44.06985,4.76980,26864.1,6.9,14.8,252.2,-46.8,0.0,18.4,0x20,405.002,4.0,-1125,-1,2.1,,
2026-07-31T00:49:53.000Z,M20-403-2-02878,1469494193,44.06971,4.76898,26887.0,4.5,19.3,259.7,-46.7,0.0,18.3,0x20,405.002,6.7,-1125,-1,2.1,,
2026-07-31T00:49:54.000Z,M20-403-2-02878,1469494194,44.06969,4.76874,26892.5,6.6,18.3,264.4,-46.7,0.0,18.3,0x20,405.002,7.7,-1125,-1,2.1,,
2026-07-31T00:49:55.000Z,M20-403-2-02878,1469494195,44.06968,4.76853,26899.1,6.5,16.2,271.0,-46.6,0.0,18.3,0x20,405.002,7.7,-1125,-1,2.1,,
2026-07-31T00:49:57.000Z,M20-403-2-02878,1469494197,44.06971,4.76816,26910.2,6.6,14.3,276.7,-46.5,0.0,18.2,0x20,405.002,8.0,-1125,-1,2.1,,
2026-07-31T00:49:58.000Z,M20-403-2-02878,1469494198,44.06971,4.76797,26916.8,6.6,15.5,268.6,-46.4,0.0,18.2,0x20,405.002,9.0,-1125,-1,2.1,,
2026-07-31T00:49:59.000Z,M20-403-2-02878,1469494199,44.06970,4.76777,26922.0,4.0,17.0,263.3,-46.4,0.0,18.2,0x20,405.002,9.7,-1125,-1,2.1,,
2026-07-31T00:50:00.000Z,M20-403-2-02878,1469494200,44.06968,4.76755,26926.6,5.4,18.7,260.9,-46.3,0.0,18.2,0x20,405.002,9.7,-1125,-1,2.1,,
2026-07-31T00:50:02.000Z,M20-403-2-02878,1469494202,44.06964,4.76709,26939.3,6.1,18.5,266.3,-46.2,0.0,18.1,0x20,405.002,3.6,-1125,-1,2.1,,
2026-07-31T00:50:05.000Z,M20-403-2-02878,1469494205,44.06960,4.76640,26956.5,6.7,18.6,263.8,-46.2,0.0,18.1,0x20,405.002,7.3,-1125,-1,2.1,,
2026-07-31T00:50:06.000Z,M20-403-2-02878,1469494206,44.06959,4.76617,26962.5,5.3,18.4,264.4,-46.2,0.0,18.0,0x20,405.002,8.2,-1125,-1,2.1,,
2026-07-31T00:50:11.000Z,M20-403-2-02878,1469494211,44.06969,4.76513,26992.4,5.8,19.0,275.0,-46.0,0.0,18.0,0x20,405.002,8.0,-1125,-1,2.1,,
2026-07-31T00:50:12.000Z,M20-403-2-02878,1469494212,44.06969,4.76488,26997.5,4.6,20.2,268.2,-46.0,0.0,18.0,0x20,405.002,8.0,-1125,-1,2.1,,
2026-07-31T00:50:15.000Z,M20-403-2-02878,1469494215,44.06966,4.76418,27013.8,6.7,15.6,269.5,-46.0,0.0,17.9,0x20,405.002,3.5,-1125,-1,2.1,,
2026-07-31T00:50:18.000Z,M20-403-2-02878,1469494218,44.06974,4.76364,27029.6,6.0,16.7,287.1,-46.0,0.0,17.9,0x20,405.002,8.9,-750,-1,2.1,,
2026-07-31T00:50:19.000Z,M20-403-2-02878,1469494219,44.06977,4.76342,27035.8,6.7,18.6,279.0,-46.0,0.0,17.8,0x20,405.002,8.9,-750,-1,2.1,,
2026-07-31T00:50:20.000Z,M20-403-2-02878,1469494220,44.06979,4.76319,27041.2,4.1,19.8,273.0,-46.0,0.0,17.8,0x20,405.002,7.5,-750,-1,2.1,,
2026-07-31T00:50:21.000Z,M20-403-2-02878,1469494221,44.06979,4.76294,27046.2,5.9,19.6,269.7,-46.1,0.0,17.8,0x20,405.002,8.4,-750,-1,2.1,,
2026-07-31T00:50:22.000Z,M20-403-2-02878,1469494222,44.06979,4.76271,27053.1,7.9,17.6,271.1,-46.1,0.0,17.8,0x20,405.002,8.4,-1125,-1,2.1,,
2026-07-31T00:50:23.000Z,M20-403-2-02878,1469494223,44.06980,4.76250,27059.5,5.1,16.2,276.0,-46.1,0.0,17.7,0x20,405.002,7.5,-1125,-1,2.1,,
2026-07-31T00:50:26.000Z,M20-403-2-02878,1469494226,44.06987,4.76195,27076.8,5.1,15.1,278.8,-46.2,0.0,17.7,0x20,405.002,6.4,-750,-1,2.1,,
2026-07-31T00:50:28.000Z,M20-403-2-02878,1469494228,44.06992,4.76157,27089.4,5.7,15.7,286.1,-46.1,0.0,17.7,0x20,405.002,3.7,-1125,-1,2.1,,
2026-07-31T00:50:29.000Z,M20-403-2-02878,1469494229,44.06996,4.76138,27095.0,5.5,16.0,283.7,-46.1,0.0,17.6,0x20,405.002,3.7,-750,-1,2.1,,
2026-07-31T00:50:30.000Z,M20-403-2-02878,1469494230,44.06999,4.76118,27101.2,6.7,17.2,276.6,-46.1,0.0,17.6,0x20,405.002,7.6,-750,-1,2.1,,
2026-07-31T00:50:31.000Z,M20-403-2-02878,1469494231,44.07000,4.76096,27106.7,4.3,18.1,270.1,-46.1,0.0,17.6,0x20,405.002,7.6,-750,-1,2.1,,
2026-07-31T00:50:32.000Z,M20-403-2-02878,1469494232,44.06999,4.76074,27111.4,5.2,18.0,265.5,-46.0,0.0,17.6,0x20,405.002,8.5,-375,-1,2.1,,
2026-07-31T00:50:33.000Z,M20-403-2-02878,1469494233,44.06998,4.76053,27117.5,6.9,15.8,264.2,-46.0,0.0,17.6,0x20,405.002,9.5,-750,-1,2.1,,
2026-07-31T00:50:34.000Z,M20-403-2-02878,1469494234,44.06997,4.76035,27123.5,5.3,13.6,268.6,-46.0,0.0,17.6,0x20,405.002,9.5,-375,-1,2.1,,
2026-07-31T00:50:35.000Z,M20-403-2-02878,1469494235,44.06997,4.76018,27129.0,5.5,12.8,276.5,-45.9,0.0,17.5,0x20,405.002,7.6,-750,-1,2.1,,
2026-07-31T00:50:36.000Z,M20-403-2-02878,1469494236,44.06999,4.76002,27135.2,7.0,14.4,283.1,-45.8,0.0,17.6,0x20,405.002,7.3,-375,-1,2.1,,
2026-07-31T00:50:37.000Z,M20-403-2-02878,1469494237,44.07002,4.75983,27141.3,5.4,16.5,283.3,-45.8,0.0,17.5,0x20,405.002,8.6,-750,-1,2.1,,
2026-07-31T00:50:39.000Z,M20-403-2-02878,1469494239,44.07010,4.75940,27152.3,7.6,18.2,282.7,-45.7,0.0,17.5,0x20,405.002,7.0,-750,-1,2.1,,
2026-07-31T00:50:40.000Z,M20-403-2-02878,1469494240,44.07013,4.75919,27158.9,5.8,17.2,283.5,-45.7,0.0,17.5,0x20,405.002,3.3,-375,-1,2.1,,
2026-07-31T00:50:41.000Z,M20-403-2-02878,1469494241,44.07016,4.75898,27164.7,5.8,16.5,279.6,-45.7,0.0,17.4,0x20,405.002,3.1,-375,-1,2.1,,
2026-07-31T00:50:42.000Z,M20-403-2-02878,1469494242,44.07018,4.75877,27170.8,6.5,17.2,272.6,-45.7,0.0,17.4,0x20,405.002,3.1,-375,-1,2.1,,
2026-07-31T00:50:43.000Z,M20-403-2-02878,1469494243,44.07018,4.75855,27176.6,5.5,18.4,268.5,-45.7,0.0,17.4,0x20,405.002,8.9,-375,-1,2.1,,
2026-07-31T00:50:44.000Z,M20-403-2-02878,1469494244,44.07017,4.75832,27182.2,5.8,18.6,267.7,-45.7,0.0,17.4,0x20,405.002,9.2,-750,-1,2.1,,
2026-07-31T00:50:46.000Z,M20-403-2-02878,1469494246,44.07019,4.75788,27194.9,5.2,16.9,280.7,-45.7,0.0,17.4,0x20,405.002,8.5,-375,-1,2.1,,
2026-07-31T00:50:48.000Z,M20-403-2-02878,1469494248,44.07027,4.75746,27205.8,6.4,18.3,285.8,-45.7,0.0,17.3,0x20,405.002,9.7,-375,-1,2.1,,
2026-07-31T00:50:49.000Z,M20-403-2-02878,1469494249,44.07031,4.75723,27212.2,6.3,19.9,281.5,-45.7,0.0,17.3,0x20,405.002,9.7,-375,-1,2.1,,
2026-07-31T00:50:50.000Z,M20-403-2-02878,1469494250,44.07034,4.75698,27217.7,4.5,20.7,277.7,-45.7,0.0,17.3,0x20,405.002,8.5,-375,-1,2.1,,
2026-07-31T00:50:51.000Z,M20-403-2-02878,1469494251,44.07036,4.75673,27222.2,4.9,20.0,274.1,-45.7,0.0,17.3,0x20,405.002,8.5,-750,-1,2.1,,
2026-07-31T00:50:52.000Z,M20-403-2-02878,1469494252,44.07037,4.75650,27228.2,7.1,17.9,273.4,-45.7,0.0,17.2,0x20,405.002,7.9,-375,-1,2.1,,
2026-07-31T00:50:53.000Z,M20-403-2-02878,1469494253,44.07038,4.75629,27234.2,4.9,16.1,274.3,-45.7,0.0,17.2,0x20,405.002,6.6,-750,-1,2.1,,
2026-07-31T00:50:55.000Z,M20-403-2-02878,1469494255,44.07041,4.75588,27245.6,7.1,17.4,275.8,-45.7,0.0,17.2,0x20,405.002,3.9,-375,-1,2.1,,
2026-07-31T00:50:56.000Z,M20-403-2-02878,1469494256,44.07043,4.75565,27251.7,5.2,19.7,276.2,-45.7,0.0,17.2,0x20,405.002,4.3,-750,-1,2.1,,
2026-07-31T00:50:58.000Z,M20-403-2-02878,1469494258,44.07047,4.75514,27261.5,5.8,21.1,278.4,-45.7,0.0,17.1,0x20,405.002,8.0,-375,-1,2.1,,
2026-07-31T00:50:59.000Z,M20-403-2-02878,1469494259,44.07050,4.75489,27267.7,6.6,19.3,280.9,-45.7,0.0,17.1,0x20,405.002,8.0,-375,-1,2.1,,
2026-07-31T00:51:01.000Z,M20-403-2-02878,1469494261,44.07059,4.75445,27278.9,4.8,17.4,288.5,-45.7,0.0,17.1,0x20,405.002,7.5,-375,-1,2.1,,
2026-07-31T00:51:04.000Z,M20-403-2-02878,1469494264,44.07072,4.75376,27296.8,5.3,21.3,281.3,-45.6,0.0,17.1,0x20,405.002,7.5,-375,-1,2.1,,
2026-07-31T00:51:05.000Z,M20-403-2-02878,1469494265,44.07075,4.75350,27302.5,6.4,20.7,279.5,-45.6,0.0,17.1,0x20,405.002,7.5,-750,-1,2.1,,
2026-07-31T00:51:06.000Z,M20-403-2-02878,1469494266,44.07079,4.75326,27309.3,7.3,18.7,282.6,-45.6,0.0,17.0,0x20,405.002,7.5,-375,-1,2.1,,
2026-07-31T00:51:08.000Z,M20-403-2-02878,1469494268,44.07087,4.75285,27320.4,5.0,16.2,287.9,-45.6,0.0,17.0,0x20,405.002,3.2,-375,-1,2.1,,
2026-07-31T00:51:09.000Z,M20-403-2-02878,1469494269,44.07091,4.75265,27325.9,6.2,17.4,286.7,-45.6,0.0,16.9,0x20,405.002,5.6,-375,-1,2.1,,
2026-07-31T00:51:15.000Z,M20-403-2-02878,1469494275,44.07112,4.75131,27359.8,5.8,15.2,283.0,-45.5,0.0,16.9,0x20,405.002,9.0,-375,-1,2.1,,
2026-07-31T00:51:16.000Z,M20-403-2-02878,1469494276,44.07115,4.75112,27366.6,7.6,16.7,286.9,-45.5,0.0,16.8,0x20,405.002,10.1,-375,-1,2.1,,
2026-07-31T00:51:19.000Z,M20-403-2-02878,1469494279,44.07128,4.75042,27384.5,7.0,20.4,282.7,-45.5,0.0,16.8,0x20,405.002,6.1,-375,-1,2.1,,
2026-07-31T00:51:20.000Z,M20-403-2-02878,1469494280,44.07131,4.75019,27391.3,6.6,18.3,281.4,-45.5,0.0,16.8,0x20,405.002,3.7,-375,-1,2.1,,
2026-07-31T00:51:21.000Z,M20-403-2-02878,1469494281,44.07135,4.74997,27397.1,4.7,16.6,281.3,-45.4,0.0,16.8,0x20,405.002,3.3,-375,-1,2.1,,
2026-07-31T00:51:23.000Z,M20-403-2-02878,1469494283,44.07138,4.74957,27408.5,7.0,17.0,273.1,-45.4,0.0,16.7,0x20,405.002,7.1,-375,-1,2.1,,
2026-07-31T00:51:24.000Z,M20-403-2-02878,1469494284,44.07139,4.74935,27414.8,5.5,18.2,272.7,-45.4,0.0,16.7,0x20,405.002,11.2,-375,-1,2.1,,
2026-07-31T00:51:25.000Z,M20-403-2-02878,1469494285,44.07140,4.74912,27420.2,5.6,18.7,272.0,-45.3,0.0,16.7,0x20,405.002,11.2,-375,-1,2.1,,
2026-07-31T00:51:27.000Z,M20-403-2-02878,1469494287,44.07142,4.74869,27433.1,5.5,15.7,276.6,-45.3,0.0,16.6,0x20,405.002,8.8,-375,-1,2.1,,
2026-07-31T00:51:28.000Z,M20-403-2-02878,1469494288,44.07143,4.74850,27438.6,5.4,14.6,278.4,-45.2,0.0,16.6,0x20,405.002,8.8,-375,-1,2.1,,
2026-07-31T00:51:30.000Z,M20-403-2-02878,1469494290,44.07145,4.74811,27450.6,6.1,17.7,272.2,-45.1,0.0,16.6,0x20,405.002,5.9,-375,-1,2.1,,
2026-07-31T00:51:31.000Z,M20-403-2-02878,1469494291,44.07146,4.74788,27456.5,5.8,18.9,271.8,-45.2,0.0,16.6,0x20,405.002,9.7,-375,-1,2.1,,
2026-07-31T00:51:32.000Z,M20-403-2-02878,1469494292,44.07147,4.74765,27462.3,6.0,18.4,273.4,-45.2,0.0,16.6,0x20,405.002,9.7,-375,-1,2.1,,
2026-07-31T00:51:33.000Z,M20-403-2-02878,1469494293,44.07149,4.74743,27468.7,7.0,16.8,279.8,-45.1,0.0,16.6,0x20,405.002,9.7,-375,-1,2.1,,
2026-07-31T00:51:35.000Z,M20-403-2-02878,1469494295,44.07155,4.74706,27480.4,5.3,14.6,289.7,-45.1,0.0,16.5,0x20,405.002,6.7,-375,-1,2.1,,
2026-07-31T00:51:39.000Z,M20-403-2-02878,1469494299,44.07175,4.74624,27503.0,6.0,18.6,283.9,-45.2,0.0,16.5,0x20,405.002,7.0,-375,-1,2.1,,
2026-07-31T00:51:40.000Z,M20-403-2-02878,1469494300,44.07178,4.74602,27509.1,6.4,16.2,280.9,-45.2,0.0,16.4,0x20,405.002,7.0,-375,-1,2.1,,
2026-07-31T00:51:42.000Z,M20-403-2-02878,1469494302,44.07183,4.74568,27520.9,5.0,12.8,277.7,-45.3,0.0,16.4,0x20,405.002,8.1,-375,-1,2.1,,
2026-07-31T00:51:45.000Z,M20-403-2-02878,1469494305,44.07192,4.74512,27538.5,5.2,19.2,288.2,-45.3,0.0,16.4,0x20,405.002,3.6,-375,-1,2.1,,
2026-07-31T00:51:46.000Z,M20-403-2-02878,1469494306,44.07198,4.74488,27543.2,4.4,20.6,290.2,-45.3,0.0,16.3,0x20,405.002,3.6,-375,-1,2.1,,
2026-07-31T00:51:49.000Z,M20-403-2-02878,1469494309,44.07217,4.74427,27561.1,4.3,14.0,293.0,-45.3,0.0,16.3,0x20,405.002,6.7,-375,-1,2.1,,
2026-07-31T00:51:50.000Z,M20-403-2-02878,1469494310,44.07221,4.74412,27565.7,5.1,12.4,293.1,-45.3,0.0,16.3,0x20,405.002,6.7,-375,-1,2.1,,
2026-07-31T00:51:53.000Z,M20-403-2-02878,1469494313,44.07235,4.74362,27584.3,4.8,17.3,289.2,-45.3,0.0,16.2,0x20,405.002,6.0,-375,-1,2.1,,
2026-07-31T00:51:55.000Z,M20-403-2-02878,1469494315,44.07245,4.74319,27596.2,6.2,17.8,284.9,-45.3,0.0,16.2,0x20,405.002,7.3,-375,-1,2.1,,
2026-07-31T00:51:57.000Z,M20-403-2-02878,1469494317,44.07253,4.74277,27608.1,6.9,17.5,288.1,-45.3,0.0,16.1,0x20,405.002,6.1,-375,-1,2.1,,
2026-07-31T00:51:58.000Z,M20-403-2-02878,1469494318,44.07259,4.74256,27614.1,5.1,18.5,291.0,-45.3,0.0,16.1,0x20,405.002,6.1,-375,-1,2.1,,
2026-07-31T00:52:00.000Z,M20-403-2-02878,1469494320,44.07271,4.74213,27625.9,7.5,18.0,288.7,-45.3,0.0,16.1,0x20,405.002,3.9,-375,-1,2.1,,
2026-07-31T00:52:07.000Z,M20-403-2-02878,1469494327,44.07310,4.74089,27668.9,6.7,13.7,293.5,-45.2,0.0,16.0,0x20,405.002,6.2,-375,-1,2.1,,
2026-07-31T00:52:12.000Z,M20-403-2-02878,1469494332,44.07332,4.74001,27698.2,5.6,16.2,296.6,-45.2,0.0,15.9,0x20,405.002,4.0,-375,-1,2.1,,
2026-07-31T00:52:16.000Z,M20-403-2-02878,1469494336,44.07346,4.73944,27720.4,4.9,10.3,275.3,-45.2,0.0,15.8,0x20,405.002,7.2,-375,-1,2.1,,
2026-07-31T00:52:19.000Z,M20-403-2-02878,1469494339,44.07357,4.73901,27738.6,4.5,14.9,299.5,-45.1,0.0,15.8,0x20,405.002,6.3,-375,-1,2.1,,
2026-07-31T00:52:20.000Z,M20-403-2-02878,1469494340,44.07364,4.73884,27743.7,5.6,16.4,299.9,-45.1,0.0,15.8,0x20,405.002,7.8,-375,-1,2.1,,
2026-07-31T00:52:23.000Z,M20-403-2-02878,1469494343,44.07377,4.73831,27762.0,5.2,13.1,277.4,-45.1,0.0,15.7,0x20,405.002,6.2,-375,-1,2.1,,
2026-07-31T00:52:25.000Z,M20-403-2-02878,1469494345,44.07380,4.73803,27774.0,5.0,10.0,284.5,-45.2,0.0,15.7,0x20,405.002,3.6,-375,-1,2.1,,
2026-07-31T00:52:27.000Z,M20-403-2-02878,1469494347,44.07386,4.73781,27784.4,5.9,8.8,289.2,-45.2,0.0,15.7,0x20,405.002,3.8,-375,-1,2.1,,
2026-07-31T00:52:35.000Z,M20-403-2-02878,1469494355,44.07414,4.73672,27834.6,5.8,12.0,267.9,-45.2,0.0,15.5,0x20,405.002,7.1,-375,-1,2.1,,
2026-07-31T00:52:40.000Z,M20-403-2-02878,1469494360,44.07404,4.73608,27863.2,5.5,10.0,290.4,-45.0,0.0,15.4,0x20,405.002,3.8,-375,-1,2.1,,
2026-07-31T00:52:43.000Z,M20-403-2-02878,1469494363,44.07418,4.73556,27879.7,6.4,18.4,280.6,-44.8,0.0,15.4,0x20,405.002,6.9,-375,-1,2.1,,
2026-07-31T00:52:46.000Z,M20-403-2-02878,1469494366,44.07416,4.73499,27897.6,6.1,11.3,252.8,-44.6,0.0,15.4,0x20,405.002,8.9,-375,-1,2.1,,
2026-07-31T00:52:49.000Z,M20-403-2-02878,1469494369,44.07407,4.73469,27913.4,6.8,8.3,242.3,-44.5,0.0,15.3,0x20,405.002,7.2,-375,-1,2.1,,
2026-07-31T00:52:56.000Z,M20-403-2-02878,1469494376,44.07407,4.73367,27956.8,5.2,13.6,256.8,-44.3,0.0,15.2,0x20,405.002,6.3,-375,-1,2.1,,
2026-07-31T00:53:01.000Z,M20-403-2-02878,1469494381,44.07391,4.73301,27984.3,4.9,9.9,273.1,-44.3,0.0,15.2,0x20,405.002,7.3,-375,-1,2.1,,
2026-07-31T00:54:52.000Z,M20-403-2-02878,1469494492,44.07408,4.71702,28629.0,4.0,9.5,252.5,-44.5,0.0,13.5,0x20,405.002,6.0,-375,-1,2.1,,
2026-07-31T00:54:55.000Z,M20-403-2-02878,1469494495,44.07401,4.71675,28646.3,4.9,6.9,269.1,-44.4,0.0,13.5,0x20,405.002,6.9,-375,-1,2.1,,
2026-07-31T00:55:03.000Z,M20-403-2-02878,1469494503,44.07410,4.71570,28691.7,5.9,10.1,287.2,-44.2,0.0,13.4,0x20,405.002,4.2,-375,-1,2.1,,
2026-07-31T00:55:11.000Z,M20-403-2-02878,1469494511,44.07402,4.71471,28735.5,6.1,14.1,289.4,-44.1,0.0,13.3,0x20,405.002,6.1,-375,-1,2.1,,
2026-07-31T00:55:19.000Z,M20-403-2-02878,1469494519,44.07395,4.71373,28781.5,6.9,14.4,261.8,-44.1,0.0,13.2,0x20,405.002,6.6,-375,-1,2.1,,
2026-07-31T00:55:26.000Z,M20-403-2-02878,1469494526,44.07395,4.71273,28821.5,6.1,9.6,264.4,-44.2,0.0,13.1,0x20,405.002,5.4,-375,-1,2.1,,
2026-07-31T00:55:35.000Z,M20-403-2-02878,1469494535,44.07393,4.71130,28872.8,5.2,10.9,278.3,-44.1,0.0,13.0,0x20,405.002,7.3,-375,-1,2.1,,
2026-07-31T00:55:38.000Z,M20-403-2-02878,1469494538,44.07397,4.71092,28890.1,4.6,11.7,277.6,-44.1,0.0,12.9,0x20,405.002,7.2,-375,-1,2.1,,
2026-07-31T00:55:40.000Z,M20-403-2-02878,1469494540,44.07399,4.71060,28900.7,6.9,13.9,274.6,-44.1,0.0,12.9,0x20,405.002,3.4,-375,-1,2.2,,
2026-07-31T00:55:42.000Z,M20-403-2-02878,1469494542,44.07400,4.71026,28912.1,6.3,13.6,274.4,-44.1,0.0,12.8,0x20,405.002,4.0,-375,-1,2.1,,
2026-07-31T00:55:44.000Z,M20-403-2-02878,1469494544,44.07406,4.70991,28925.0,5.5,15.4,289.3,-44.1,0.0,12.8,0x20,405.002,5.3,-375,-1,2.1,,
2026-07-31T00:55:46.000Z,M20-403-2-02878,1469494546,44.07415,4.70955,28937.3,7.1,14.3,285.5,-44.1,0.0,12.8,0x20,405.002,8.3,-375,-1,2.1,,
2026-07-31T00:55:48.000Z,M20-403-2-02878,1469494548,44.07418,4.70924,28948.4,4.4,11.6,272.1,-44.1,0.0,12.8,0x20,405.002,6.4,-375,-1,2.1,,
2026-07-31T00:55:52.000Z,M20-403-2-02878,1469494552,44.07426,4.70859,28970.5,4.9,15.5,287.3,-44.1,0.0,12.7,0x20,405.002,4.7,-375,-1,2.1,,
2026-07-31T00:55:54.000Z,M20-403-2-02878,1469494554,44.07432,4.70823,28982.8,6.4,13.6,274.2,-44.0,0.0,12.7,0x20,405.002,3.5,-375,-1,2.1,,
2026-07-31T00:55:58.000Z,M20-403-2-02878,1469494558,44.07430,4.70753,29005.5,5.3,16.1,272.5,-44.0,0.0,12.7,0x20,405.002,7.5,-375,-1,2.1,,
2026-07-31T00:56:02.000Z,M20-403-2-02878,1469494562,44.07434,4.70681,29028.8,5.2,11.3,273.6,-44.0,0.0,12.6,0x20,405.002,8.1,-375,-1,2.2,,
2026-07-31T00:56:07.000Z,M20-403-2-02878,1469494567,44.07450,4.70604,29056.4,5.4,14.2,292.2,-44.0,0.0,12.5,0x20,405.002,3.8,-375,-1,2.2,,
2026-07-31T00:56:08.000Z,M20-403-2-02878,1469494568,44.07455,4.70589,29062.3,6.2,12.3,287.3,-44.0,0.0,12.5,0x20,405.002,4.2,-375,-1,2.1,,
2026-07-31T00:56:09.000Z,M20-403-2-02878,1469494569,44.07456,4.70575,29068.4,5.9,10.4,272.7,-44.0,0.0,12.5,0x20,405.002,5.6,-375,-1,2.1,,
2026-07-31T00:56:10.000Z,M20-403-2-02878,1469494570,44.07456,4.70562,29074.0,5.2,10.5,260.2,-44.1,0.0,12.5,0x20,405.002,7.5,-375,-1,2.2,,
2026-07-31T00:56:17.000Z,M20-403-2-02878,1469494577,44.07476,4.70445,29114.0,7.1,10.3,301.0,-44.1,0.0,12.4,0x20,405.002,6.2,-375,-1,2.2,,
2026-07-31T00:56:34.000Z,M20-403-2-02878,1469494594,44.07497,4.70138,29209.3,6.5,16.5,262.3,-44.1,0.0,12.2,0x20,405.002,6.0,-375,-1,2.1,,
2026-07-31T00:56:58.000Z,M20-403-2-02878,1469494618,44.07565,4.69733,29348.4,5.0,16.5,292.9,-44.1,0.0,11.9,0x20,405.002,3.8,-375,-1,2.2,,
2026-07-31T00:58:06.000Z,M20-403-2-02878,1469494686,44.07648,4.68816,29747.4,5.7,14.8,265.1,-43.2,0.0,11.1,0x20,405.002,5.8,-375,-1,2.2,,
2026-07-31T00:58:14.000Z,M20-403-2-02878,1469494694,44.07640,4.68707,29795.9,6.8,9.9,261.6,-43.1,0.0,10.9,0x20,405.002,6.3,-375,-1,2.2,,
2026-07-31T00:58:23.000Z,M20-403-2-02878,1469494703,44.07620,4.68570,29729.6,-35.8,13.1,273.5,-42.9,0.0,11.1,0x20,405.002,6.7,-375,-1,2.2,,
2026-07-31T00:58:27.000Z,M20-403-2-02878,1469494707,44.07642,4.68503,29631.9,-19.8,13.1,291.6,-42.9,0.0,11.3,0x20,405.002,5.9,-375,-1,2.2,,
2026-07-31T00:58:30.000Z,M20-403-2-02878,1469494710,44.07641,4.68461,29555.8,-25.6,11.8,244.0,-43.0,0.0,11.4,0x20,405.002,3.7,-375,-1,2.2,,
2026-07-31T00:58:43.000Z,M20-403-2-02878,1469494723,44.07661,4.68285,29235.8,-17.8,12.0,256.7,-44.0,0.0,12.1,0x20,405.002,3.8,-375,-1,2.2,,
2026-07-31T00:58:48.000Z,M20-403-2-02878,1469494728,44.07666,4.68197,29151.7,-20.6,17.5,290.1,-44.1,0.0,12.3,0x20,405.002,8.6,-375,-1,2.2,,
2026-07-31T00:59:35.000Z,M20-403-2-02878,1469494775,44.07696,4.67471,27641.7,-25.9,13.7,293.4,-45.3,0.0,16.0,0x20,405.002,3.9,-375,-1,2.2,,
2026-07-31T00:59:36.000Z,M20-403-2-02878,1469494776,44.07701,4.67456,27613.3,-27.0,14.0,294.4,-45.4,0.0,16.1,0x20,405.002,3.8,-375,-1,2.2,,
2026-07-31T01:01:58.000Z,M20-403-2-02878,1469494918,44.07767,4.65223,23536.9,-22.0,12.9,297.1,-53.7,0.0,32.1,0x20,405.002,3.6,-375,-1,2.2,,
2026-07-31T01:02:05.000Z,M20-403-2-02878,1469494925,44.07798,4.65101,23373.0,-25.3,15.3,278.4,-53.7,0.0,33.0,0x20,405.002,6.5,-375,-1,2.2,,
2026-07-31T01:02:08.000Z,M20-403-2-02878,1469494928,44.07803,4.65048,23300.2,-20.4,12.4,279.6,-53.9,0.0,33.4,0x20,405.002,7.8,-375,-1,2.2,,
2026-07-31T01:02:19.000Z,M20-403-2-02878,1469494939,44.07831,4.64898,23057.7,-22.0,12.5,288.0,-54.4,0.0,34.8,0x20,405.002,7.1,-375,-1,2.2,,
2026-07-31T01:02:22.000Z,M20-403-2-02878,1469494942,44.07838,4.64853,22987.2,-24.0,12.3,276.9,-54.2,0.0,35.2,0x20,405.002,5.6,-375,-1,2.2,,
2026-07-31T01:04:04.000Z,M20-403-2-02878,1469495044,44.07932,4.63974,20495.3,-23.5,5.0,329.9,-55.2,0.0,53.1,0x20,405.002,6.5,-750,-1,2.2,,
2026-07-31T01:04:36.000Z,M20-403-2-02878,1469495076,44.08019,4.63934,19710.1,-21.1,7.1,352.5,-57.0,0.0,60.4,0x20,405.002,3.6,-1125,-1,2.2,,
2026-07-31T01:05:02.000Z,M20-403-2-02878,1469495102,44.08179,4.63840,19082.7,-24.1,2.9,318.4,-58.0,0.0,66.9,0x20,405.002,4.3,-750,-1,2.2,,
2026-07-31T01:09:52.000Z,M20-403-2-02878,1469495392,44.09789,4.67774,13509.9,-16.4,28.2,77.6,-55.6,4.0,167.4,0x20,405.002,5.9,-1875,-1,2.1,,
2026-07-31T01:11:34.000Z,M20-403-2-02878,1469495494,44.10568,4.71072,11949.2,-12.4,24.3,80.9,-48.5,8.5,213.5,0x20,405.002,5.3,-1875,-1,2.1,,
2026-07-31T01:15:47.000Z,M20-403-2-02878,1469495747,44.12207,4.74868,8713.3,-13.5,15.5,78.2,-27.8,33.4,344.8,0x20,405.002,7.9,-375,-1,2.1,,
2026-07-31T01:21:19.000Z,M20-403-2-02878,1469496079,44.13453,4.79046,5244.6,-9.2,7.3,85.1,-5.4,89.2,549.1,0x20,405.002,5.0,1875,-1,2.2,,
2026-07-31T01:21:41.000Z,M20-403-2-02878,1469496101,44.13475,4.79264,5056.7,-7.8,8.0,84.6,-3.7,81.4,562.5,0x20,405.002,4.4,1875,-1,2.3,,
