timestamp,serial,frame,lat,lon,alt,vel_v,vel_h,heading,temp,humidity,pressure,type,freq_mhz,snr,f_error_hz,sats,batt_v,burst_timer,aux_data
2026-09-20T10:40:01.998Z,X3843070,3825,44.38466,7.55881,11643.5,4.9,14.7,183.3,-273.0,-1.0,-1.0,RS41,403.701,6.9,-500,9,2.8,,
2026-09-20T10:40:02.998Z,X3843070,3826,44.38453,7.55880,11649.9,7.7,15.3,185.2,-273.0,-1.0,-1.0,RS41,403.701,7.3,-500,9,2.9,,
2026-09-20T10:40:03.998Z,X3843070,3827,44.38439,7.55878,11656.0,4.3,15.4,186.9,-273.0,-1.0,-1.0,RS41,403.701,7.3,-500,9,2.9,,
2026-09-20T10:40:06.998Z,X3843070,3830,44.38395,7.55870,11671.4,5.1,16.8,185.7,-273.0,-1.0,-1.0,RS41,403.701,7.1,-500,9,2.8,,
2026-09-20T10:40:08.998Z,X3843070,3832,44.38365,7.55865,11680.8,4.5,17.3,187.8,-273.0,-1.0,-1.0,RS41,403.701,8.1,-500,9,2.9,,
2026-09-20T10:40:09.998Z,X3843070,3833,44.38350,7.55862,11685.2,4.5,16.5,187.1,-273.0,-1.0,-1.0,RS41,403.701,8.1,-500,9,2.9,,
2026-09-20T10:40:10.998Z,X3843070,3834,44.38335,7.55860,11690.0,4.8,15.5,184.9,-273.0,-1.0,-1.0,RS41,403.701,8.0,-500,9,2.8,,
2026-09-20T10:40:11.998Z,X3843070,3835,44.38322,7.55859,11694.6,4.1,14.3,182.2,-273.0,-1.0,-1.0,RS41,403.701,8.0,-500,9,2.8,,
2026-09-20T10:40:12.998Z,X3843070,3836,44.38310,7.55858,11699.2,4.9,13.5,181.4,-273.0,-1.0,-1.0,RS41,403.701,7.7,-500,9,2.9,,
2026-09-20T10:40:13.998Z,X3843070,3837,44.38297,7.55858,11704.0,4.7,13.7,182.4,-273.0,-1.0,-1.0,RS41,403.701,8.3,-500,9,2.9,,
2026-09-20T10:40:14.998Z,X3843070,3838,44.38285,7.55857,11708.6,4.6,13.7,182.4,-273.0,-1.0,-1.0,RS41,403.701,8.3,-500,9,2.9,,
2026-09-20T10:40:15.998Z,X3843070,3839,44.38273,7.55857,11713.2,4.7,13.9,181.7,-273.0,-1.0,-1.0,RS41,403.701,7.5,-500,9,2.8,,
2026-09-20T10:40:16.998Z,X3843070,3840,44.38260,7.55856,11718.0,4.7,14.3,182.0,-273.0,-1.0,-1.0,RS41,403.701,7.5,-500,9,2.8,,
2026-09-20T10:40:17.998Z,X3843070,3841,44.38247,7.55855,11722.5,4.5,14.3,185.0,-273.0,-1.0,-1.0,RS41,403.701,8.1,-500,9,2.9,,
2026-09-20T10:40:18.998Z,X3843070,3842,44.38234,7.55853,11726.9,4.2,14.2,189.1,-273.0,-1.0,-1.0,RS41,403.701,8.1,-500,9,2.9,,
2026-09-20T10:40:19.998Z,X3843070,3843,44.38222,7.55849,11730.8,3.6,14.5,191.6,-273.0,-1.0,-1.0,RS41,403.701,7.5,-500,9,2.9,,
2026-09-20T10:40:20.998Z,X3843070,3844,44.38209,7.55846,11735.0,4.7,14.8,191.4,-273.0,-1.0,-1.0,RS41,403.701,7.6,-500,9,2.8,,
2026-09-20T10:40:21.998Z,X3843070,3845,44.38196,7.55843,11739.3,3.9,14.9,189.0,-273.0,-1.0,-1.0,RS41,403.701,7.9,-500,9,2.8,,
2026-09-20T10:40:26.998Z,X3843070,3850,44.38132,7.55836,11762.4,4.7,14.5,180.2,-273.0,-1.0,-1.0,RS41,403.701,8.1,-500,9,2.8,,
2026-09-20T10:40:28.998Z,X3843070,3852,44.38106,7.55836,11771.3,4.0,14.2,181.4,-273.0,-1.0,-1.0,RS41,403.701,8.0,-500,9,2.9,,
2026-09-20T10:40:29.998Z,X3843070,3853,44.38093,7.55835,11775.7,4.8,13.5,184.9,-273.0,-1.0,-1.0,RS41,403.701,8.0,-500,9,2.9,,
2026-09-20T10:40:30.998Z,X3843070,3854,44.38081,7.55833,11779.7,3.0,13.4,187.8,-273.0,-1.0,-1.0,RS41,403.701,7.9,-500,9,2.8,,
2026-09-20T10:40:31.998Z,X3843070,3855,44.38069,7.55831,11783.0,3.3,13.7,190.4,-273.0,-1.0,-1.0,RS41,403.701,7.9,-500,9,2.8,,
2026-09-20T10:40:32.998Z,X3843070,3856,44.38057,7.55828,11787.2,4.9,14.4,190.0,-273.0,-1.0,-1.0,RS41,403.701,7.9,-500,9,2.8,,
2026-09-20T10:40:33.998Z,X3843070,3857,44.38044,7.55825,11791.6,3.7,15.0,188.9,-273.0,-1.0,-1.0,RS41,403.701,7.9,-500,9,2.9,,
2026-09-20T10:40:34.998Z,X3843070,3858,44.38030,7.55822,11796.0,5.1,15.1,188.3,-273.0,-1.0,-1.0,RS41,403.701,7.1,-500,9,2.9,,
2026-09-20T10:40:35.998Z,X3843070,3859,44.38017,7.55819,11801.1,4.6,14.8,188.8,-273.0,-1.0,-1.0,RS41,403.701,7.3,-500,9,2.9,,
2026-09-20T10:40:36.998Z,X3843070,3860,44.38004,7.55816,11805.2,3.7,14.7,187.8,-273.0,-1.0,-1.0,RS41-SG,403.701,7.3,-500,9,2.9,,
2026-09-20T10:40:37.998Z,X3843070,3861,44.37991,7.55814,11809.3,4.4,14.7,184.8,-273.0,-1.0,-1.0,RS41-SG,403.701,7.7,-500,9,2.8,,
2026-09-20T10:40:38.998Z,X3843070,3862,44.37977,7.55813,11813.4,3.6,14.9,182.6,-273.0,-1.0,-1.0,RS41-SG,403.701,8.4,-500,9,2.8,,
2026-09-20T10:40:39.998Z,X3843070,3863,44.37964,7.55812,11817.1,3.8,15.2,182.5,-273.0,-1.0,-1.0,RS41-SG,403.701,8.4,-500,9,2.9,,
2026-09-20T10:40:44.998Z,X3843070,3868,44.37897,7.55803,11838.0,4.3,14.6,185.5,-273.0,-1.0,-1.0,RS41-SG,403.701,7.6,-500,9,2.8,,
2026-09-20T10:40:48.998Z,X3843070,3872,44.37845,7.55793,11854.5,4.2,14.6,189.4,-273.0,-1.0,-1.0,RS41-SG,403.701,6.8,-500,9,2.9,,
2026-09-20T10:41:04.998Z,X3843070,3888,44.37630,7.55770,11924.5,3.4,15.3,181.7,-273.0,-1.0,-1.0,RS41-SG,403.701,6.9,-500,9,2.8,,
2026-09-20T10:41:06.998Z,X3843070,3890,44.37604,7.55770,11933.6,3.8,14.2,180.6,-273.0,-1.0,-1.0,RS41-SG,403.701,7.1,-500,9,2.9,,
2026-09-20T10:41:18.998Z,X3843070,3902,44.37449,7.55756,11992.1,6.5,15.2,178.6,-273.0,-1.0,-1.0,RS41-SG,403.701,7.9,-500,9,2.8,,
2026-09-20T10:41:19.998Z,X3843070,3903,44.37436,7.55756,11998.0,5.1,15.3,181.6,-273.0,-1.0,-1.0,RS41-SG,403.701,7.9,-500,9,2.9,,
2026-09-20T10:41:20.998Z,X3843070,3904,44.37422,7.55755,12003.7,6.2,15.5,183.5,-273.0,-1.0,-1.0,RS41-SG,403.701,7.6,-500,9,2.9,,
2026-09-20T10:41:21.998Z,X3843070,3905,44.37408,7.55754,12008.4,3.1,15.1,184.3,-273.0,-1.0,-1.0,RS41-SG,403.701,8.2,-500,9,2.9,,
2026-09-20T10:41:22.998Z,X3843070,3906,44.37395,7.55752,12012.0,4.1,14.4,188.3,-273.0,-1.0,-1.0,RS41-SG,403.701,8.2,-500,9,2.8,,
2026-09-20T10:41:26.998Z,X3843070,3910,44.37349,7.55736,12029.3,5.0,12.9,192.6,-273.0,-1.0,-1.0,RS41-SG,403.701,7.5,-500,9,2.9,,
2026-09-20T10:41:28.998Z,X3843070,3912,44.37326,7.55731,12039.1,5.6,14.1,186.8,-273.0,-1.0,-1.0,RS41-SG,403.701,6.8,-500,9,2.9,,
2026-09-20T10:41:29.998Z,X3843070,3913,44.37313,7.55729,12044.4,5.0,14.6,185.6,-273.0,-1.0,-1.0,RS41-SG,403.701,6.8,-500,9,2.8,,
2026-09-20T10:41:30.998Z,X3843070,3914,44.37300,7.55728,12049.0,4.1,14.7,182.4,-273.0,-1.0,-1.0,RS41-SG,403.701,7.1,-500,9,2.7,,
2026-09-20T10:41:34.998Z,X3843070,3918,44.37250,7.55731,12067.7,3.0,13.3,177.4,-273.0,-1.0,-1.0,RS41-SG,403.701,6.7,-500,9,2.9,,
2026-09-20T10:41:35.998Z,X3843070,3919,44.37238,7.55732,12071.4,4.1,12.9,180.6,-273.0,-1.0,-1.0,RS41-SG,403.701,7.4,-500,9,2.9,,
2026-09-20T10:41:36.998Z,X3843070,3920,44.37227,7.55731,12076.2,5.3,12.0,182.9,-273.0,-1.0,-1.0,RS41-SG,403.701,8.1,-500,9,2.8,,
2026-09-20T10:41:37.998Z,X3843070,3921,44.37217,7.55730,12080.9,3.8,11.7,184.3,-273.0,-1.0,-1.0,RS41-SG,403.701,8.1,-500,9,2.8,,
2026-09-20T10:41:38.998Z,X3843070,3922,44.37206,7.55729,12085.1,4.3,11.8,187.0,-273.0,-1.0,-1.0,RS41-SG,403.701,8.7,-500,9,2.7,,
2026-09-20T10:41:39.998Z,X3843070,3923,44.37195,7.55727,12089.9,5.1,12.7,188.2,-273.0,-1.0,-1.0,RS41-SG,403.701,8.7,-500,9,2.8,,
2026-09-20T10:41:40.998Z,X3843070,3924,44.37183,7.55725,12093.8,2.5,13.5,186.7,-273.0,-1.0,-1.0,RS41-SG,403.701,6.9,-500,9,2.8,,
2026-09-20T10:41:41.998Z,X3843070,3925,44.37171,7.55723,12096.8,3.3,14.0,184.6,-273.0,-1.0,-1.0,RS41-SG,403.701,7.9,-500,9,2.9,,
2026-09-20T10:41:42.998Z,X3843070,3926,44.37159,7.55722,12100.8,4.2,13.8,182.3,-273.0,-1.0,-1.0,RS41-SG,403.701,8.0,-500,9,2.9,,
2026-09-20T10:41:43.998Z,X3843070,3927,44.37146,7.55722,12105.0,3.8,13.4,181.0,-273.0,-1.0,-1.0,RS41-SG,403.701,8.0,-500,9,2.8,,
2026-09-20T10:41:44.998Z,X3843070,3928,44.37134,7.55721,12109.7,5.5,13.3,181.2,-273.0,-1.0,-1.0,RS41-SG,403.701,7.6,-500,9,2.8,,
2026-09-20T10:41:45.998Z,X3843070,3929,44.37122,7.55721,12114.4,3.7,13.6,181.9,-273.0,-1.0,-1.0,RS41-SG,403.701,7.6,-500,9,2.8,,
2026-09-20T10:41:46.998Z,X3843070,3930,44.37110,7.55720,12118.5,4.1,13.5,184.2,-273.0,-1.0,-1.0,RS41-SG,403.701,8.0,-500,9,2.8,,
2026-09-20T10:41:47.998Z,X3843070,3931,44.37098,7.55718,12123.3,5.3,12.9,187.6,-273.0,-1.0,-1.0,RS41-SG,403.701,8.5,-500,9,2.9,,
2026-09-20T10:41:48.998Z,X3843070,3932,44.37087,7.55716,12128.1,4.1,12.2,188.4,-273.0,-1.0,-1.0,RS41-SG,403.701,9.4,-500,9,2.9,,
2026-09-20T10:41:49.998Z,X3843070,3933,44.37077,7.55714,12131.7,3.0,11.4,189.3,-58.5,43.1,-1.0,RS41-SG,403.701,9.4,-500,9,2.8,,
2026-09-20T10:41:50.998Z,X3843070,3934,44.37067,7.55712,12136.0,5.5,10.6,187.9,-58.6,43.1,-1.0,RS41-SG,403.701,8.5,-500,9,2.7,,
2026-09-20T10:41:51.998Z,X3843070,3935,44.37057,7.55710,12140.8,4.0,10.6,183.3,-58.6,43.3,-1.0,RS41-SG,403.701,8.5,-500,9,2.8,,
2026-09-20T10:41:52.998Z,X3843070,3936,44.37048,7.55710,12144.7,3.6,11.0,178.7,-58.6,43.8,-1.0,RS41-SG,403.701,8.1,-500,9,2.8,,
2026-09-20T10:41:53.998Z,X3843070,3937,44.37037,7.55710,12149.0,4.9,12.0,178.3,-58.6,44.4,-1.0,RS41-SG,403.701,8.8,-500,9,2.9,,
2026-09-20T10:41:54.998Z,X3843070,3938,44.37026,7.55711,12154.1,5.0,13.1,179.7,-58.6,44.9,-1.0,RS41-SG,403.701,8.8,-500,9,2.8,,
2026-09-20T10:41:55.998Z,X3843070,3939,44.37014,7.55711,12158.5,3.6,13.7,180.6,-58.6,45.8,-1.0,RS41-SG,403.701,8.3,-500,9,2.7,,
2026-09-20T10:41:56.998Z,X3843070,3940,44.37002,7.55711,12162.7,4.8,13.7,180.0,-58.6,46.6,-1.0,RS41-SG,403.701,8.3,-500,9,2.7,,
2026-09-20T10:41:57.998Z,X3843070,3941,44.36990,7.55711,12167.3,4.3,13.2,179.9,-58.6,47.4,-1.0,RS41-SG,403.701,7.2,-500,9,2.8,,
2026-09-20T10:41:58.998Z,X3843070,3942,44.36978,7.55710,12172.4,5.6,12.8,182.4,-58.7,47.2,-1.0,RS41-SG,403.701,7.9,-500,9,2.8,,
2026-09-20T10:42:00.998Z,X3843070,3944,44.36956,7.55708,12180.4,5.0,11.3,186.9,-58.8,46.3,-1.0,RS41-SG,403.701,8.2,-500,9,2.9,,
2026-09-20T10:42:01.998Z,X3843070,3945,44.36946,7.55706,12185.2,4.5,10.5,184.5,-58.8,45.3,-1.0,RS41-SG,403.701,8.2,-500,9,2.8,,
2026-09-20T10:42:02.998Z,X3843070,3946,44.36937,7.55705,12189.1,3.2,10.2,184.1,-58.8,45.3,-1.0,RS41-SG,403.701,8.6,-500,9,2.8,,
2026-09-20T10:42:03.998Z,X3843070,3947,44.36928,7.55704,12193.4,5.3,10.4,184.3,-58.8,44.9,-1.0,RS41-SG,403.701,8.6,-500,9,2.7,,
2026-09-20T10:42:04.998Z,X3843070,3948,44.36918,7.55703,12198.2,4.2,10.7,184.6,-58.9,44.7,-1.0,RS41-SG,403.701,7.7,-500,9,2.8,,
2026-09-20T10:42:05.998Z,X3843070,3949,44.36909,7.55703,12202.7,4.8,11.2,181.7,-58.8,44.5,-1.0,RS41-SG,403.701,7.9,-500,9,2.8,,
2026-09-20T10:42:06.998Z,X3843070,3950,44.36898,7.55703,12207.8,5.3,11.7,177.0,-58.9,44.4,-1.0,RS41-SG,403.701,7.9,-500,9,2.9,,
2026-09-20T10:42:08.998Z,X3843070,3952,44.36877,7.55705,12218.9,4.2,12.5,175.7,-58.9,44.9,-1.0,RS41-SG,403.701,8.1,-500,9,2.8,,
2026-09-20T10:42:09.998Z,X3843070,3953,44.36865,7.55706,12223.6,5.0,13.2,174.8,-58.9,45.4,-1.0,RS41-SG,403.701,8.1,-500,9,2.7,,
2026-09-20T10:42:11.998Z,X3843070,3955,44.36841,7.55710,12232.8,4.1,14.1,171.9,-59.0,46.1,-1.0,RS41-SG,403.701,8.1,-500,9,2.8,,
2026-09-20T10:42:12.998Z,X3843070,3956,44.36828,7.55713,12237.0,4.1,14.0,172.6,-59.0,46.3,-1.0,RS41-SG,403.701,8.1,-500,9,2.8,,
2026-09-20T10:42:13.998Z,X3843070,3957,44.36816,7.55715,12241.9,5.4,13.1,173.2,-59.0,46.3,-1.0,RS41-SG,403.701,8.0,-500,9,2.9,,
2026-09-20T10:42:14.998Z,X3843070,3958,44.36805,7.55716,12246.1,2.6,12.5,174.5,-59.0,46.8,-1.0,RS41-SG,403.701,7.2,-500,9,2.8,,
2026-09-20T10:42:16.998Z,X3843070,3960,44.36784,7.55720,12254.6,4.1,10.4,170.9,-59.2,46.9,-1.0,RS41-SG,403.701,7.1,-500,9,2.8,,
2026-09-20T10:42:18.998Z,X3843070,3962,44.36766,7.55725,12264.8,6.0,11.5,167.8,-59.2,45.1,-1.0,RS41-SG,403.701,7.9,-500,9,2.9,,
2026-09-20T10:42:19.998Z,X3843070,3963,44.36755,7.55728,12270.4,5.0,13.1,170.0,-59.2,44.8,-1.0,RS41-SG,403.701,8.1,-500,9,2.8,,
2026-09-20T10:42:20.998Z,X3843070,3964,44.36742,7.55731,12276.0,6.2,15.3,173.1,-59.2,45.1,-1.0,RS41-SG,403.701,8.1,-500,9,2.7,,
2026-09-20T10:42:21.998Z,X3843070,3965,44.36728,7.55732,12282.6,6.8,16.7,177.4,-59.2,44.7,-1.0,RS41-SG,403.701,7.6,-500,9,2.7,,
2026-09-20T10:42:22.998Z,X3843070,3966,44.36713,7.55733,12290.0,7.7,17.0,179.5,-59.2,44.6,-1.0,RS41-SG,403.701,7.4,-500,9,2.8,,
2026-09-20T10:42:23.998Z,X3843070,3967,44.36698,7.55733,12297.0,6.1,16.4,179.5,-59.3,44.7,-1.0,RS41-SG,403.701,8.7,-500,9,2.8,,
2026-09-20T10:42:24.998Z,X3843070,3968,44.36683,7.55733,12303.1,5.9,16.1,180.5,-59.3,45.1,-1.0,RS41-SG,403.701,8.8,-500,9,2.8,,
2026-09-20T10:42:25.998Z,X3843070,3969,44.36669,7.55733,12308.7,5.1,16.4,180.8,-59.3,45.6,-1.0,RS41-SG,403.701,8.8,-500,9,2.9,,
2026-09-20T10:42:26.998Z,X3843070,3970,44.36654,7.55732,12313.7,4.7,16.5,180.2,-59.3,46.0,-1.0,RS41-SG,403.701,8.4,-500,9,2.7,,
2026-09-20T10:42:27.998Z,X3843070,3971,44.36639,7.55732,12318.9,5.7,16.2,179.7,-59.3,46.3,-1.0,RS41-SG,403.701,7.9,-500,9,2.7,,
2026-09-20T10:42:28.998Z,X3843070,3972,44.36625,7.55733,12324.4,5.0,15.6,174.9,-59.3,46.3,-1.0,RS41-SG,403.701,7.4,-500,9,2.7,,
2026-09-20T10:42:29.998Z,X3843070,3973,44.36611,7.55736,12329.9,5.7,15.2,168.4,-59.3,46.7,-1.0,RS41-SG,403.701,8.5,-500,9,2.8,,
2026-09-20T10:42:30.998Z,X3843070,3974,44.36598,7.55741,12336.4,7.2,15.3,160.9,-59.4,46.8,-1.0,RS41-SG,403.701,9.3,-500,9,2.8,,
2026-09-20T10:42:31.998Z,X3843070,3975,44.36585,7.55748,12342.4,4.6,15.5,157.3,-59.5,46.4,-1.0,RS41-SG,403.701,9.3,-500,9,2.8,,
2026-09-20T10:42:32.998Z,X3843070,3976,44.36572,7.55756,12346.9,4.3,16.1,156.3,-59.5,46.3,-1.0,RS41-SG,403.701,9.7,-500,9,2.7,,
2026-09-20T10:42:33.998Z,X3843070,3977,44.36558,7.55764,12351.4,4.7,17.3,157.9,-59.6,45.7,-1.0,RS41-SG,403.701,9.7,-500,9,2.7,,
2026-09-20T10:42:34.998Z,X3843070,3978,44.36543,7.55772,12356.3,4.9,18.4,160.4,-59.6,45.7,-1.0,RS41-SG,403.701,8.4,-500,9,2.8,,
2026-09-20T10:42:35.998Z,X3843070,3979,44.36528,7.55779,12361.1,4.5,18.7,161.6,-59.6,45.6,-1.0,RS41-SG,403.701,8.7,-500,9,2.8,,
2026-09-20T10:42:36.998Z,X3843070,3980,44.36512,7.55787,12366.8,6.7,18.9,162.2,-59.7,45.3,-1.0,RS41-SG,403.701,9.2,-500,9,2.8,,
2026-09-20T10:42:37.998Z,X3843070,3981,44.36495,7.55794,12373.5,6.7,18.8,163.3,-59.7,45.1,-1.0,RS41-SG,403.701,9.6,-500,9,2.7,,
2026-09-20T10:42:38.998Z,X3843070,3982,44.36479,7.55800,12380.9,7.8,18.2,165.9,-59.8,45.0,-1.0,RS41-SG,403.701,9.8,-500,9,2.7,,
2026-09-20T10:42:39.998Z,X3843070,3983,44.36463,7.55805,12386.4,3.0,18.1,168.7,-59.8,45.8,-1.0,RS41-SG,403.701,9.8,-500,9,2.7,,
2026-09-20T10:42:40.998Z,X3843070,3984,44.36447,7.55809,12389.8,3.7,18.6,170.9,-59.8,46.9,-1.0,RS41-SG,403.701,8.4,-500,9,2.8,,
2026-09-20T10:42:41.998Z,X3843070,3985,44.36431,7.55812,12395.1,6.8,19.1,171.7,-59.9,47.1,-1.0,RS41-SG,403.701,9.3,-500,9,2.8,,
2026-09-20T10:42:42.998Z,X3843070,3986,44.36413,7.55816,12400.3,3.4,19.3,172.9,-59.8,47.2,-1.0,RS41-SG,403.701,9.9,-500,9,2.8,,
2026-09-20T10:42:43.998Z,X3843070,3987,44.36396,7.55818,12404.3,4.1,19.2,173.5,-59.9,47.1,-1.0,RS41-SG,403.701,9.9,-500,9,2.7,,
2026-09-20T10:42:44.998Z,X3843070,3988,44.36380,7.55821,12409.4,6.1,18.2,174.3,-59.9,46.6,-1.0,RS41-SG,403.701,9.2,-500,9,2.7,,
2026-09-20T10:42:45.998Z,X3843070,3989,44.36364,7.55823,12415.6,6.3,17.4,173.2,-59.9,45.9,-1.0,RS41-SG,403.701,9.6,-500,9,2.8,,
2026-09-20T10:42:46.998Z,X3843070,3990,44.36349,7.55826,12421.4,5.1,16.8,170.4,-60.0,45.8,-1.0,RS41-SG,403.701,9.6,-500,9,2.8,,
2026-09-20T10:42:47.998Z,X3843070,3991,44.36334,7.55830,12426.0,4.1,16.9,167.5,-60.0,46.3,-1.0,RS41-SG,403.701,9.7,-500,9,2.8,,
2026-09-20T10:42:48.998Z,X3843070,3992,44.36319,7.55835,12429.8,3.4,17.8,166.7,-60.0,47.0,-1.0,RS41-SG,403.701,10.1,-500,9,2.7,,
2026-09-20T10:42:49.998Z,X3843070,3993,44.36302,7.55841,12434.1,4.9,19.3,167.0,-60.0,46.7,-1.0,RS41-SG,403.701,10.1,-500,9,2.7,,
2026-09-20T10:42:50.998Z,X3843070,3994,44.36285,7.55846,12439.0,4.5,20.3,167.3,-60.0,46.3,-1.0,RS41-SG,403.701,10.2,-500,9,2.7,,
2026-09-20T10:42:51.998Z,X3843070,3995,44.36267,7.55852,12443.6,4.4,20.3,166.7,-60.1,45.7,-1.0,RS41-SG,403.701,10.2,-500,9,2.8,,
2026-09-20T10:42:52.998Z,X3843070,3996,44.36250,7.55858,12448.3,5.0,19.6,166.0,-60.1,45.4,-1.0,RS41-SG,403.701,9.3,-500,9,2.8,,
2026-09-20T10:42:53.998Z,X3843070,3997,44.36233,7.55864,12452.9,4.1,18.9,165.9,-60.2,45.1,-1.0,RS41-SG,403.701,8.9,-500,9,2.8,,
2026-09-20T10:42:54.998Z,X3843070,3998,44.36217,7.55869,12457.1,4.2,17.9,167.7,-60.2,45.4,-1.0,RS41-SG,403.701,8.9,-500,9,2.7,,
2026-09-20T10:42:55.998Z,X3843070,3999,44.36202,7.55873,12462.2,5.7,16.8,171.4,-60.3,45.2,-1.0,RS41-SG,403.701,8.5,-500,9,2.7,,
2026-09-20T10:42:56.998Z,X3843070,4000,44.36187,7.55875,12467.1,4.2,16.3,175.1,-60.2,45.1,-1.0,RS41-SG,403.701,8.9,-500,9,2.8,,
2026-09-20T10:42:57.998Z,X3843070,4001,44.36172,7.55877,12472.0,5.3,16.2,175.2,-60.4,45.3,-1.0,RS41-SG,403.701,8.9,-500,9,2.8,,
2026-09-20T10:42:58.998Z,X3843070,4002,44.36158,7.55879,12476.9,4.5,16.6,172.4,-60.3,45.4,-1.0,RS41-SG,403.701,8.2,-500,9,2.8,,
2026-09-20T10:42:59.998Z,X3843070,4003,44.36143,7.55883,12481.3,4.0,17.6,169.3,-60.4,46.3,-1.0,RS41-SG,403.701,9.4,-500,9,2.7,,
2026-09-20T10:43:00.998Z,X3843070,4004,44.36127,7.55887,12484.9,3.3,18.4,167.1,-60.4,46.9,-1.0,RS41-SG,403.701,9.4,-500,9,2.7,,
2026-09-20T10:43:01.998Z,X3843070,4005,44.36110,7.55893,12488.7,4.1,19.2,165.8,-60.5,47.8,-1.0,RS41-SG,403.701,10.0,-500,9,2.7,,
2026-09-20T10:43:02.998Z,X3843070,4006,44.36093,7.55898,12493.1,4.3,19.9,167.5,-60.4,48.0,-1.0,RS41-SG,403.701,10.0,-500,9,2.8,,
2026-09-20T10:43:03.998Z,X3843070,4007,44.36075,7.55903,12497.3,4.0,20.5,169.4,-60.5,48.1,-1.0,RS41-SG,403.701,8.7,-500,9,2.8,,
2026-09-20T10:43:04.998Z,X3843070,4008,44.36057,7.55908,12501.2,3.6,21.0,170.4,-60.6,48.1,-1.0,RS41-SG,403.701,8.7,-500,9,2.8,,
2026-09-20T10:43:05.998Z,X3843070,4009,44.36038,7.55912,12505.1,4.1,21.8,170.2,-60.6,47.7,-1.0,RS41-SG,403.701,8.1,-500,9,2.7,,
2026-09-20T10:43:06.998Z,X3843070,4010,44.36019,7.55917,12508.8,3.3,22.4,168.6,-60.6,47.0,-1.0,RS41-SG,403.701,8.8,-500,9,2.7,,
2026-09-20T10:43:07.998Z,X3843070,4011,44.35999,7.55923,12512.4,3.7,22.6,167.8,-60.7,46.5,-1.0,RS41-SG,403.701,8.8,-500,9,2.8,,
2026-09-20T10:43:08.998Z,X3843070,4012,44.35979,7.55929,12516.4,4.2,22.4,168.6,-60.7,46.2,-1.0,RS41-SG,403.701,8.9,-500,9,2.8,,
2026-09-20T10:43:09.998Z,X3843070,4013,44.35959,7.55934,12520.6,3.7,22.0,169.6,-60.7,46.1,-1.0,RS41-SG,403.701,8.9,-500,9,2.8,,
2026-09-20T10:43:10.998Z,X3843070,4014,44.35940,7.55939,12524.6,4.0,21.6,169.6,-60.7,46.1,-1.0,RS41-SG,403.701,9.7,-500,9,2.7,,
2026-09-20T10:43:11.998Z,X3843070,4015,44.35921,7.55944,12529.0,4.8,21.5,168.9,-60.7,46.1,-1.0,RS41-SG,403.701,9.8,-500,9,2.7,,
2026-09-20T10:43:12.998Z,X3843070,4016,44.35902,7.55949,12533.6,4.2,21.2,168.5,-60.8,46.5,-1.0,RS41-SG,403.701,9.8,-500,9,2.7,,
2026-09-20T10:43:13.998Z,X3843070,4017,44.35884,7.55955,12537.9,4.5,21.2,169.5,-60.8,46.9,-1.0,RS41-SG,403.701,9.4,-500,9,2.8,,
2026-09-20T10:43:14.998Z,X3843070,4018,44.35865,7.55959,12542.5,4.4,20.7,171.5,-60.8,46.8,-1.0,RS41-SG,403.701,8.9,-500,9,2.8,,
2026-09-20T10:43:15.998Z,X3843070,4019,44.35847,7.55963,12546.9,4.2,20.6,172.1,-60.9,47.1,-1.0,RS41-SG,403.701,8.4,-500,9,2.8,,
2026-09-20T10:43:16.998Z,X3843070,4020,44.35828,7.55966,12551.0,3.8,20.6,172.2,-60.8,47.4,-1.0,RS41-SG,403.701,8.4,-500,9,2.7,,
2026-09-20T10:43:17.998Z,X3843070,4021,44.35810,7.55970,12555.4,4.8,21.0,170.1,-60.9,47.8,-1.0,RS41-SG,403.701,9.2,-500,9,2.7,,
2026-09-20T10:43:18.998Z,X3843070,4022,44.35791,7.55975,12559.7,3.6,20.9,168.7,-60.9,48.0,-1.0,RS41-SG,403.701,9.2,-500,9,2.7,,
2026-09-20T10:43:19.998Z,X3843070,4023,44.35773,7.55980,12563.6,4.0,20.9,166.9,-60.9,48.5,-1.0,RS41-SG,403.701,9.9,-500,9,2.8,,
2026-09-20T10:43:20.998Z,X3843070,4024,44.35755,7.55986,12568.0,4.6,20.9,167.1,-60.9,48.5,-1.0,RS41-SG,403.701,9.9,-500,9,2.8,,
2026-09-20T10:43:21.998Z,X3843070,4025,44.35736,7.55992,12572.7,4.8,20.9,168.1,-61.0,48.7,-1.0,RS41-SG,403.701,9.7,-500,9,2.8,,
2026-09-20T10:43:22.998Z,X3843070,4026,44.35718,7.55997,12577.2,3.9,20.5,168.1,-61.0,48.4,-1.0,RS41-SG,403.701,9.2,-500,9,2.8,,
2026-09-20T10:43:23.998Z,X3843070,4027,44.35700,7.56003,12581.2,4.1,20.5,167.1,-61.0,48.7,-1.0,RS41-SG,403.701,11.0,-500,9,2.7,,
2026-09-20T10:43:24.998Z,X3843070,4028,44.35682,7.56009,12585.7,4.5,20.4,165.8,-61.2,48.9,-1.0,RS41-SG,403.701,11.0,-500,9,2.7,,
2026-09-20T10:43:25.998Z,X3843070,4029,44.35665,7.56015,12589.9,3.9,20.5,165.9,-61.2,49.1,-1.0,RS41-SG,403.701,10.3,-500,9,2.7,,
2026-09-20T10:43:26.998Z,X3843070,4030,44.35646,7.56021,12594.4,5.2,21.3,167.1,-61.2,48.3,-1.0,RS41-SG,403.701,10.3,-500,9,2.8,,
2026-09-20T10:43:27.998Z,X3843070,4031,44.35628,7.56027,12599.3,4.3,21.7,169.0,-61.2,48.3,-1.0,RS41-SG,403.701,11.0,-500,9,2.8,,
2026-09-20T10:43:28.998Z,X3843070,4032,44.35609,7.56031,12603.7,4.4,21.4,170.9,-61.2,48.8,-1.0,RS41-SG,403.701,11.0,-500,9,2.8,,
2026-09-20T10:43:29.998Z,X3843070,4033,44.35590,7.56035,12608.2,4.7,20.3,172.2,-61.2,49.1,-1.0,RS41-SG,403.701,11.8,-500,9,2.7,,
2026-09-20T10:43:30.998Z,X3843070,4034,44.35572,7.56038,12613.2,5.1,19.0,173.5,-61.2,48.5,-1.0,RS41-SG,403.701,11.8,-500,9,2.7,,
2026-09-20T10:43:31.998Z,X3843070,4035,44.35556,7.56041,12617.7,3.7,18.3,173.4,-61.3,48.9,-1.0,RS41-SG,403.701,10.5,-500,9,2.7,,
2026-09-20T10:43:32.998Z,X3843070,4036,44.35540,7.56044,12621.2,3.2,18.1,171.8,-61.4,49.1,-1.0,RS41-SG,403.701,11.3,-500,9,2.8,,
2026-09-20T10:43:33.998Z,X3843070,4037,44.35523,7.56047,12625.4,5.1,18.6,170.5,-61.5,48.6,-1.0,RS41-SG,403.701,11.9,-500,9,2.8,,
2026-09-20T10:43:34.998Z,X3843070,4038,44.35507,7.56051,12629.7,3.4,19.2,170.7,-61.5,48.4,-1.0,RS41-SG,403.701,12.1,-500,9,2.8,,
2026-09-20T10:43:35.998Z,X3843070,4039,44.35490,7.56055,12633.4,3.7,19.4,170.6,-61.4,48.6,-1.0,RS41-SG,403.701,12.1,-500,9,2.7,,
2026-09-20T10:43:36.998Z,X3843070,4040,44.35473,7.56059,12637.6,4.8,19.0,169.8,-61.4,49.1,-1.0,RS41-SG,403.701,11.5,-500,9,2.7,,
2026-09-20T10:43:37.998Z,X3843070,4041,44.35456,7.56063,12642.3,4.3,18.3,169.9,-61.4,49.2,-1.0,RS41-SG,403.701,11.5,-500,9,2.8,,
2026-09-20T10:43:38.998Z,X3843070,4042,44.35440,7.56067,12646.0,3.1,18.0,170.7,-61.4,49.5,-1.0,RS41-SG,403.701,11.6,-500,9,2.8,,
2026-09-20T10:43:39.998Z,X3843070,4043,44.35424,7.56070,12649.8,4.6,17.8,173.0,-61.3,49.5,-1.0,RS41-SG,403.701,11.6,-500,9,2.8,,
2026-09-20T10:43:40.998Z,X3843070,4044,44.35408,7.56073,12654.5,4.5,18.2,175.4,-61.3,49.2,-1.0,RS41-SG,403.701,11.5,-500,9,2.7,,
2026-09-20T10:43:41.998Z,X3843070,4045,44.35392,7.56074,12659.1,4.7,17.9,176.8,-61.2,48.6,-1.0,RS41-SG,403.701,11.8,-500,9,2.7,,
2026-09-20T10:43:42.998Z,X3843070,4046,44.35376,7.56075,12663.5,3.7,17.7,176.8,-61.2,47.5,-1.0,RS41-SG,403.701,12.1,-500,9,2.7,,
2026-09-20T10:43:43.998Z,X3843070,4047,44.35360,7.56077,12667.9,4.8,17.4,176.3,-61.1,47.2,-1.0,RS41-SG,403.701,12.4,-500,9,2.8,,
2026-09-20T10:43:44.998Z,X3843070,4048,44.35345,7.56078,12672.6,4.5,17.4,177.4,-61.1,47.1,-1.0,RS41-SG,403.701,12.4,-500,9,2.8,,
2026-09-20T10:43:45.998Z,X3843070,4049,44.35329,7.56079,12677.4,4.9,17.5,178.7,-61.1,46.7,-1.0,RS41-SG,403.701,12.5,-500,9,2.8,,
2026-09-20T10:43:46.998Z,X3843070,4050,44.35313,7.56079,12681.4,3.0,17.4,178.5,-61.0,46.7,-1.0,RS41-SG,403.701,12.5,-500,9,2.7,,
2026-09-20T10:43:47.998Z,X3843070,4051,44.35298,7.56080,12685.1,4.3,16.7,176.5,-61.0,46.6,-1.0,RS41-SG,403.701,12.8,-500,9,2.7,,
2026-09-20T10:43:48.998Z,X3843070,4052,44.35284,7.56082,12689.6,4.4,15.8,174.0,-61.1,46.9,-1.0,RS41-SG,403.701,12.8,-500,10,2.7,,
2026-09-20T10:43:49.998Z,X3843070,4053,44.35270,7.56084,12693.5,3.4,15.4,171.3,-61.1,47.3,-1.0,RS41-SG,403.701,12.5,-500,10,2.8,,
2026-09-20T10:43:50.998Z,X3843070,4054,44.35256,7.56087,12697.6,4.7,15.4,170.4,-61.1,47.2,-1.0,RS41-SG,403.701,12.5,-500,10,2.8,,
2026-09-20T10:43:51.998Z,X3843070,4055,44.35242,7.56090,12702.2,4.4,15.7,171.2,-61.1,47.0,-1.0,RS41-SG,403.701,12.4,-500,10,2.8,,
2026-09-20T10:43:52.998Z,X3843070,4056,44.35228,7.56093,12706.7,4.3,15.8,171.7,-61.1,47.6,-1.0,RS41-SG,403.701,11.8,-500,10,2.7,,
2026-09-20T10:43:53.998Z,X3843070,4057,44.35214,7.56096,12710.9,4.2,15.4,171.7,-61.2,47.9,-1.0,RS41-SG,403.701,12.4,-500,10,2.7,,
2026-09-20T10:43:54.998Z,X3843070,4058,44.35201,7.56098,12715.2,4.1,14.7,173.3,-61.2,47.2,-1.0,RS41-SG,403.701,12.4,-500,10,2.8,,
2026-09-20T10:43:55.998Z,X3843070,4059,44.35188,7.56100,12719.4,4.3,14.2,176.3,-61.3,46.8,-1.0,RS41-SG,403.701,12.2,-500,10,2.8,,
2026-09-20T10:43:56.998Z,X3843070,4060,44.35175,7.56100,12723.8,4.4,14.2,181.3,-61.2,46.3,-1.0,RS41-SG,403.701,12.2,-500,10,2.7,,
2026-09-20T10:43:57.998Z,X3843070,4061,44.35163,7.56100,12727.6,3.0,14.4,183.3,-61.2,46.2,-1.0,RS41-SG,403.701,10.6,-500,10,2.7,,
2026-09-20T10:43:58.998Z,X3843070,4062,44.35150,7.56099,12731.1,3.9,14.4,183.7,-61.1,47.0,-1.0,RS41-SG,403.701,10.7,-500,10,2.8,,
2026-09-20T10:43:59.998Z,X3843070,4063,44.35137,7.56098,12735.4,4.6,14.2,181.1,-60.9,47.1,-1.0,RS41-SG,403.701,11.1,-500,10,2.8,,
2026-09-20T10:44:00.998Z,X3843070,4064,44.35124,7.56098,12739.8,4.1,13.9,177.4,-60.9,47.4,-1.0,RS41-SG,403.701,11.7,-500,10,2.8,,
2026-09-20T10:44:01.998Z,X3843070,4065,44.35112,7.56099,12744.1,4.5,13.5,176.4,-60.9,47.2,-1.0,RS41-SG,403.701,11.8,-500,10,2.7,,
2026-09-20T10:44:02.998Z,X3843070,4066,44.35100,7.56100,12748.7,4.5,13.3,177.5,-60.8,46.9,-1.0,RS41-SG,403.701,13.4,-500,10,2.7,,
2026-09-20T10:44:03.998Z,X3843070,4067,44.35088,7.56101,12752.6,3.4,13.4,178.3,-60.9,47.6,-1.0,RS41-SG,403.701,13.4,-500,10,2.7,,
2026-09-20T10:44:04.998Z,X3843070,4068,44.35076,7.56101,12756.0,3.2,13.4,177.8,-60.8,47.5,-1.0,RS41-SG,403.701,11.6,-500,10,2.8,,
2026-09-20T10:44:05.998Z,X3843070,4069,44.35064,7.56102,12760.1,4.7,13.1,175.0,-60.9,47.6,-1.0,RS41-SG,403.701,11.5,-500,10,2.8,,
2026-09-20T10:44:06.998Z,X3843070,4070,44.35053,7.56104,12764.3,3.7,13.0,172.1,-60.9,47.2,-1.0,RS41-SG,403.701,12.0,-500,10,2.8,,
2026-09-20T10:44:07.998Z,X3843070,4071,44.35041,7.56106,12768.6,4.6,13.1,171.7,-60.8,47.0,-1.0,RS41-SG,403.701,13.2,-500,10,2.7,,
2026-09-20T10:44:08.998Z,X3843070,4072,44.35029,7.56108,12773.0,4.2,13.4,173.1,-60.9,46.4,-1.0,RS41-SG,403.701,13.2,-500,10,2.7,,
2026-09-20T10:44:09.998Z,X3843070,4073,44.35017,7.56110,12776.9,3.6,13.3,175.7,-60.8,46.2,-1.0,RS41-SG,403.701,12.8,-500,10,2.7,,
2026-09-20T10:44:10.998Z,X3843070,4074,44.35006,7.56111,12781.3,5.1,13.0,175.0,-60.9,46.1,-1.0,RS41-SG,403.701,12.2,-500,10,2.8,,
2026-09-20T10:44:11.998Z,X3843070,4075,44.34994,7.56113,12786.0,4.3,12.6,174.0,-60.8,44.9,-1.0,RS41-SG,403.701,12.7,-500,10,2.8,,
2026-09-20T10:44:12.998Z,X3843070,4076,44.34983,7.56115,12790.5,4.7,12.5,173.6,-60.9,44.8,-1.0,RS41-SG,403.701,12.8,-500,10,2.8,,
2026-09-20T10:44:13.998Z,X3843070,4077,44.34972,7.56116,12794.9,4.2,12.7,175.3,-60.8,43.8,-1.0,RS41-SG,403.701,12.8,-500,10,2.7,,
2026-09-20T10:44:14.998Z,X3843070,4078,44.34960,7.56117,12799.1,4.0,12.9,176.7,-60.7,43.6,-1.0,RS41-SG,403.701,12.8,-500,10,2.7,,
2026-09-20T10:44:15.998Z,X3843070,4079,44.34949,7.56118,12803.1,3.9,13.4,175.4,-60.8,43.6,-1.0,RS41-SG,403.701,12.3,-500,10,2.8,,
2026-09-20T10:44:16.998Z,X3843070,4080,44.34936,7.56120,12807.5,4.6,14.0,172.2,-60.7,42.7,-1.0,RS41-SG,403.701,11.7,-500,10,2.8,,
2026-09-20T10:44:17.998Z,X3843070,4081,44.34924,7.56123,12811.5,3.1,13.9,170.1,-60.6,42.7,-1.0,RS41-SG,403.701,11.7,-500,10,2.7,,
2026-09-20T10:44:18.998Z,X3843070,4082,44.34912,7.56126,12815.1,4.1,13.5,169.6,-60.7,42.6,-1.0,RS41-SG,403.701,11.7,-500,10,2.7,,
2026-09-20T10:44:19.998Z,X3843070,4083,44.34900,7.56129,12819.6,4.7,12.7,170.4,-60.7,41.5,-1.0,RS41-SG,403.701,11.7,-500,10,2.8,,
2026-09-20T10:44:20.998Z,X3843070,4084,44.34889,7.56131,12824.2,4.3,12.0,170.4,-60.6,41.1,-1.0,RS41-SG,403.701,11.8,-500,10,2.8,,
2026-09-20T10:44:21.998Z,X3843070,4085,44.34879,7.56134,12828.9,5.1,11.9,169.4,-60.6,41.3,-1.0,RS41-SG,403.701,11.8,-500,10,2.7,,
2026-09-20T10:44:22.998Z,X3843070,4086,44.34868,7.56137,12833.2,3.3,12.1,168.0,-60.7,41.5,-1.0,RS41-SG,403.701,12.0,-500,10,2.7,,
2026-09-20T10:44:23.998Z,X3843070,4087,44.34858,7.56140,12837.1,4.5,12.2,168.0,-60.6,41.1,-1.0,RS41-SG,403.701,12.0,-500,10,2.8,,
2026-09-20T10:44:24.998Z,X3843070,4088,44.34847,7.56143,12841.5,4.0,12.1,170.7,-60.6,41.2,-1.0,RS41-SG,403.701,12.4,-500,10,2.8,,
2026-09-20T10:44:25.998Z,X3843070,4089,44.34836,7.56145,12846.0,4.9,12.1,170.9,-60.6,40.9,-1.0,RS41-SG,403.701,12.7,-500,10,2.8,,
2026-09-20T10:44:26.998Z,X3843070,4090,44.34825,7.56148,12850.5,3.9,12.3,169.5,-60.5,40.6,-1.0,RS41-SG,403.701,12.7,-500,10,2.7,,
2026-09-20T10:44:27.998Z,X3843070,4091,44.34814,7.56151,12854.3,3.8,12.5,168.0,-60.5,41.0,-1.0,RS41-SG,403.701,12.9,-500,10,2.7,,
2026-09-20T10:44:28.998Z,X3843070,4092,44.34803,7.56154,12858.4,4.1,12.1,168.7,-60.6,41.0,-1.0,RS41-SG,403.701,12.9,-500,10,2.7,,
2026-09-20T10:44:29.998Z,X3843070,4093,44.34793,7.56157,12862.9,4.8,11.8,169.0,-60.7,40.4,-1.0,RS41-SG,403.701,11.3,-500,10,2.8,,
2026-09-20T10:44:30.998Z,X3843070,4094,44.34783,7.56160,12867.8,4.9,11.8,166.5,-60.7,39.7,-1.0,RS41-SG,403.701,13.4,-500,10,2.8,,
2026-09-20T10:44:31.998Z,X3843070,4095,44.34772,7.56163,12872.2,3.9,11.8,164.5,-60.6,39.1,-1.0,RS41-SG,403.701,13.4,-500,10,2.8,,
2026-09-20T10:44:32.998Z,X3843070,4096,44.34762,7.56167,12876.6,4.8,11.4,164.1,-60.6,39.1,-1.0,RS41-SG,403.701,12.6,-500,10,2.7,,
2026-09-20T10:44:33.998Z,X3843070,4097,44.34753,7.56171,12881.3,4.6,10.8,164.8,-60.7,39.1,-1.0,RS41-SG,403.701,12.2,-500,10,2.7,,
2026-09-20T10:44:34.998Z,X3843070,4098,44.34743,7.56175,12886.7,6.0,10.8,164.3,-60.7,38.8,-1.0,RS41-SG,403.701,12.5,-500,10,2.7,,
2026-09-20T10:44:35.998Z,X3843070,4099,44.34734,7.56178,12891.4,3.4,10.9,164.2,-60.7,38.7,-1.0,RS41-SG,403.701,12.5,-500,10,2.8,,
2026-09-20T10:44:36.998Z,X3843070,4100,44.34725,7.56182,12895.5,4.7,10.5,166.6,-60.7,38.7,-1.0,RS41-SG,403.701,12.7,-500,10,2.8,,
2026-09-20T10:44:37.998Z,X3843070,4101,44.34716,7.56184,12900.3,5.0,9.8,170.8,-60.8,38.9,-1.0,RS41-SG,403.701,12.7,-500,10,2.8,,
2026-09-20T10:44:38.998Z,X3843070,4102,44.34707,7.56186,12905.2,4.5,9.4,174.0,-60.8,38.6,-1.0,RS41-SG,403.701,11.4,-500,10,2.7,,
2026-09-20T10:44:39.998Z,X3843070,4103,44.34699,7.56187,12908.8,2.7,9.4,176.7,-60.8,38.3,-1.0,RS41-SG,403.701,12.3,-500,10,2.7,,
2026-09-20T10:44:40.998Z,X3843070,4104,44.34690,7.56187,12912.3,4.3,9.6,178.6,-60.8,38.2,-1.0,RS41-SG,403.701,12.3,-500,10,2.7,,
2026-09-20T10:44:41.998Z,X3843070,4105,44.34682,7.56188,12917.1,5.2,10.3,175.1,-60.7,37.9,-1.0,RS41-SG,403.701,11.5,-500,10,2.8,,
2026-09-20T10:44:42.998Z,X3843070,4106,44.34672,7.56189,12921.4,3.3,10.8,173.2,-60.7,38.1,-1.0,RS41-SG,403.701,11.5,-500,10,2.8,,
2026-09-20T10:44:43.998Z,X3843070,4107,44.34662,7.56191,12925.5,4.8,11.0,169.5,-60.7,38.3,-1.0,RS41-SG,403.701,12.4,-500,10,2.8,,
2026-09-20T10:44:44.998Z,X3843070,4108,44.34653,7.56194,12930.4,5.1,10.4,167.0,-60.7,37.8,-1.0,RS41-SG,403.701,12.4,-500,10,2.7,,
2026-09-20T10:44:45.998Z,X3843070,4109,44.34644,7.56197,12934.8,3.7,9.8,164.6,-60.7,37.7,-1.0,RS41-SG,403.701,13.0,-500,10,2.7,,
2026-09-20T10:44:46.998Z,X3843070,4110,44.34636,7.56200,12938.7,4.1,9.5,163.3,-60.7,37.3,-1.0,RS41-SG,403.701,13.0,-500,10,2.7,,
2026-09-20T10:44:47.998Z,X3843070,4111,44.34628,7.56204,12943.0,4.5,9.6,163.5,-60.7,37.0,-1.0,RS41-SG,403.701,11.6,-500,10,2.8,,
2026-09-20T10:44:48.998Z,X3843070,4112,44.34619,7.56207,12947.3,4.3,10.0,163.2,-60.8,37.2,-1.0,RS41-SG,403.701,12.0,-500,10,2.8,,
2026-09-20T10:44:49.998Z,X3843070,4113,44.34610,7.56211,12951.5,4.0,10.4,165.8,-60.8,36.6,-1.0,RS41-SG,403.701,12.1,-500,10,2.8,,
2026-09-20T10:44:50.998Z,X3843070,4114,44.34601,7.56213,12955.5,4.0,10.7,170.9,-60.7,36.5,-1.0,RS41-SG,403.701,12.3,-500,10,2.7,,
2026-09-20T10:44:51.998Z,X3843070,4115,44.34592,7.56215,12960.0,4.9,10.7,176.8,-60.8,36.3,-1.0,RS41-SG,403.701,12.3,-500,10,2.7,,
2026-09-20T10:44:52.998Z,X3843070,4116,44.34582,7.56215,12964.6,4.3,10.8,178.4,-60.8,35.9,-1.0,RS41-SG,403.701,11.2,-500,10,2.8,,
2026-09-20T10:44:53.998Z,X3843070,4117,44.34572,7.56216,12969.5,5.4,11.0,175.9,-60.8,35.4,-1.0,RS41-SG,403.701,11.0,-500,10,2.8,,
2026-09-20T10:44:54.998Z,X3843070,4118,44.34562,7.56218,12974.0,3.4,11.2,172.2,-60.8,35.4,-1.0,RS41-SG,403.701,11.6,-500,10,2.7,,
2026-09-20T10:44:55.998Z,X3843070,4119,44.34552,7.56220,12978.1,4.6,11.2,169.2,-60.8,35.4,-1.0,RS41-SG,403.701,12.9,-500,10,2.7,,
2026-09-20T10:44:56.998Z,X3843070,4120,44.34542,7.56222,12982.6,4.2,11.3,169.3,-60.8,35.4,-1.0,RS41-SG,403.701,12.9,-500,10,2.8,,
2026-09-20T10:44:57.998Z,X3843070,4121,44.34533,7.56225,12987.2,5.0,11.2,167.2,-60.8,34.6,-1.0,RS41-SG,403.701,12.7,-500,10,2.8,,
2026-09-20T10:44:58.998Z,X3843070,4122,44.34523,7.56229,12991.8,4.1,11.2,163.8,-60.7,34.1,-1.0,RS41-SG,403.701,12.7,-500,10,2.7,,
2026-09-20T10:44:59.998Z,X3843070,4123,44.34513,7.56233,12995.9,4.0,11.5,162.3,-60.6,33.6,-1.0,RS41-SG,403.701,13.1,-500,10,2.7,,
2026-09-20T10:45:00.998Z,X3843070,4124,44.34503,7.56237,13000.4,4.8,11.8,165.1,-60.6,32.9,-1.0,RS41-SG,403.701,13.1,-500,10,2.8,,
2026-09-20T10:45:01.998Z,X3843070,4125,44.34493,7.56240,13004.7,3.6,12.1,167.9,-60.6,32.7,-1.0,RS41-SG,403.701,12.8,-500,10,2.8,,
2026-09-20T10:45:02.998Z,X3843070,4126,44.34482,7.56243,13008.9,4.8,12.7,168.9,-60.6,32.5,-1.0,RS41-SG,403.701,12.3,-500,10,2.7,,
2026-09-20T10:45:03.998Z,X3843070,4127,44.34471,7.56247,13013.6,4.7,13.1,167.9,-60.6,32.2,-1.0,RS41-SG,403.701,12.4,-500,10,2.7,,
2026-09-20T10:45:04.998Z,X3843070,4128,44.34459,7.56250,13017.8,3.6,13.3,166.9,-60.6,32.0,-1.0,RS41-SG,403.701,12.7,-500,10,2.8,,
2026-09-20T10:45:05.998Z,X3843070,4129,44.34447,7.56254,13021.7,4.3,13.6,169.3,-60.6,31.8,-1.0,RS41-SG,403.701,12.7,-500,10,2.8,,
2026-09-20T10:45:06.998Z,X3843070,4130,44.34435,7.56257,13026.0,4.0,13.9,171.6,-60.6,31.4,-1.0,RS41-SG,403.701,12.1,-500,10,2.7,,
2026-09-20T10:45:07.998Z,X3843070,4131,44.34423,7.56259,13029.9,3.8,13.4,172.2,-60.6,31.2,-1.0,RS41-SG,403.701,11.6,-500,10,2.7,,
2026-09-20T10:45:08.998Z,X3843070,4132,44.34411,7.56261,13034.2,4.7,12.9,171.2,-60.6,31.1,-1.0,RS41-SG,403.701,10.2,-500,10,2.8,,
2026-09-20T10:45:09.998Z,X3843070,4133,44.34400,7.56264,13038.6,4.0,12.4,169.6,-60.6,30.8,-1.0,RS41-SG,403.701,11.5,-500,10,2.8,,
2026-09-20T10:45:10.998Z,X3843070,4134,44.34389,7.56267,13042.4,3.3,12.2,169.6,-60.6,30.8,-1.0,RS41-SG,403.701,11.5,-500,10,2.8,,
2026-09-20T10:45:11.998Z,X3843070,4135,44.34378,7.56269,13046.6,5.0,12.6,171.9,-60.6,30.9,-1.0,RS41-SG,403.701,11.5,-500,10,2.7,,
2026-09-20T10:45:12.998Z,X3843070,4136,44.34367,7.56271,13051.2,4.0,13.2,172.6,-60.5,30.6,-1.0,RS41-SG,403.701,10.1,-500,10,2.7,,
2026-09-20T10:45:13.998Z,X3843070,4137,44.34355,7.56274,13055.4,4.4,13.6,172.0,-60.4,30.1,-1.0,RS41-SG,403.701,11.3,-500,10,2.7,,
2026-09-20T10:45:14.998Z,X3843070,4138,44.34343,7.56276,13060.5,5.5,13.9,169.4,-60.3,29.4,-1.0,RS41-SG,403.701,11.3,-500,9,2.8,,
2026-09-20T10:45:15.998Z,X3843070,4139,44.34330,7.56280,13065.6,4.8,14.2,167.6,-60.2,28.9,-1.0,RS41-SG,403.701,11.2,-500,10,2.8,,
2026-09-20T10:45:16.998Z,X3843070,4140,44.34318,7.56283,13070.1,4.1,14.6,168.7,-60.2,28.6,-1.0,RS41-SG,403.701,11.5,-500,10,2.8,,
2026-09-20T10:45:17.998Z,X3843070,4141,44.34305,7.56287,13074.3,4.2,14.9,170.8,-60.2,28.3,-1.0,RS41-SG,403.701,11.5,-500,10,2.7,,
2026-09-20T10:45:18.998Z,X3843070,4142,44.34292,7.56289,13078.8,4.8,14.5,172.1,-60.2,27.8,-1.0,RS41-SG,403.701,11.3,-500,10,2.7,,
2026-09-20T10:45:19.998Z,X3843070,4143,44.34279,7.56292,13083.5,4.6,13.7,173.8,-60.2,27.6,-1.0,RS41-SG,403.701,12.1,-500,10,2.7,,
2026-09-20T10:45:20.998Z,X3843070,4144,44.34267,7.56293,13087.9,4.0,13.5,176.0,-60.2,27.4,-1.0,RS41-SG,403.701,12.1,-500,10,2.8,,
2026-09-20T10:45:21.998Z,X3843070,4145,44.34255,7.56294,13092.2,4.7,13.3,180.2,-60.3,27.1,-1.0,RS41-SG,403.701,11.2,-500,10,2.8,,
2026-09-20T10:45:22.998Z,X3843070,4146,44.34243,7.56293,13096.7,4.5,13.4,183.1,-60.3,26.5,-1.0,RS41-SG,403.701,11.1,-500,10,2.8,,
2026-09-20T10:45:23.998Z,X3843070,4147,44.34231,7.56292,13101.7,5.4,13.5,183.7,-60.3,26.0,-1.0,RS41-SG,403.701,11.5,-500,10,2.7,,
2026-09-20T10:45:24.998Z,X3843070,4148,44.34219,7.56291,13106.6,4.4,13.2,181.2,-60.2,25.6,-1.0,RS41-SG,403.701,11.8,-500,10,2.7,,
2026-09-20T10:45:25.998Z,X3843070,4149,44.34207,7.56291,13111.0,4.6,13.3,178.8,-60.2,25.7,-1.0,RS41-SG,403.701,12.1,-500,10,2.7,,
2026-09-20T10:45:26.998Z,X3843070,4150,44.34195,7.56292,13115.7,4.8,13.7,179.1,-60.0,25.3,-1.0,RS41-SG,403.701,12.1,-500,10,2.8,,
2026-09-20T10:45:27.998Z,X3843070,4151,44.34182,7.56292,13120.7,5.1,14.3,179.7,-59.8,24.8,-1.0,RS41-SG,403.701,11.2,-500,10,2.8,,
2026-09-20T10:45:28.998Z,X3843070,4152,44.34169,7.56292,13125.7,4.9,15.0,180.4,-59.6,24.3,-1.0,RS41-SG,403.701,12.1,-500,10,2.8,,
2026-09-20T10:45:29.998Z,X3843070,4153,44.34155,7.56292,13129.8,3.3,15.4,180.7,-59.4,24.4,-1.0,RS41-SG,403.701,12.1,-500,10,2.7,,
2026-09-20T10:45:30.998Z,X3843070,4154,44.34141,7.56292,13134.2,5.3,15.7,178.0,-59.3,24.2,-1.0,RS41-SG,403.701,10.5,-500,10,2.7,,
2026-09-20T10:45:31.998Z,X3843070,4155,44.34128,7.56293,13138.8,4.0,15.4,175.3,-59.3,24.0,-1.0,RS41-SG,403.701,10.7,-500,10,2.7,,
2026-09-20T10:45:32.998Z,X3843070,4156,44.34114,7.56295,13143.4,4.9,15.2,174.4,-59.2,23.7,-1.0,RS41-SG,403.701,10.7,-500,10,2.8,,
2026-09-20T10:45:33.998Z,X3843070,4157,44.34100,7.56296,13148.3,4.8,15.1,175.8,-59.2,23.4,-1.0,RS41-SG,403.701,9.7,-500,10,2.8,,
2026-09-20T10:45:34.998Z,X3843070,4158,44.34087,7.56297,13153.3,5.1,14.8,178.5,-59.2,22.9,-1.0,RS41-SG,403.701,11.2,-500,10,2.8,,
2026-09-20T10:45:35.998Z,X3843070,4159,44.34074,7.56297,13158.4,5.0,14.4,181.1,-59.3,22.5,-1.0,RS41-SG,403.701,11.2,-500,10,2.7,,
2026-09-20T10:45:36.998Z,X3843070,4160,44.34061,7.56296,13162.7,3.7,14.1,183.8,-59.3,22.1,-1.0,RS41-SG,403.701,10.5,-500,10,2.7,,
2026-09-20T10:45:37.998Z,X3843070,4161,44.34048,7.56295,13167.2,5.2,14.9,186.1,-59.3,21.4,-1.0,RS41-SG,403.701,10.8,-500,10,2.7,,
2026-09-20T10:45:38.998Z,X3843070,4162,44.34034,7.56293,13172.6,5.4,15.6,186.5,-59.2,20.9,-1.0,RS41-SG,403.701,10.8,-500,10,2.8,,
2026-09-20T10:45:39.998Z,X3843070,4163,44.34020,7.56290,13177.3,4.0,16.1,186.3,-59.2,20.5,-1.0,RS41-SG,403.701,10.6,-500,10,2.8,,
2026-09-20T10:45:40.998Z,X3843070,4164,44.34006,7.56288,13182.8,6.9,16.4,186.5,-59.2,20.3,-1.0,RS41-SG,403.701,10.4,-500,9,2.8,,
2026-09-20T10:45:41.998Z,X3843070,4165,44.33991,7.56286,13189.5,6.3,16.0,186.3,-59.2,20.1,-1.0,RS41-SG,403.701,10.4,-500,9,2.7,,
2026-09-20T10:45:42.998Z,X3843070,4166,44.33977,7.56284,13196.0,6.5,15.9,183.9,-59.2,20.0,-1.0,RS41-SG,403.701,9.3,-500,9,2.7,,
2026-09-20T10:45:43.998Z,X3843070,4167,44.33963,7.56283,13201.7,4.8,16.3,181.1,-59.1,19.9,-1.0,RS41-SG,403.701,9.3,-500,10,2.7,,
2026-09-20T10:45:44.998Z,X3843070,4168,44.33948,7.56283,13206.5,4.8,17.4,178.3,-59.1,20.1,-1.0,RS41-SG,403.701,9.1,-500,10,2.8,,
2026-09-20T10:45:45.998Z,X3843070,4169,44.33931,7.56284,13211.7,5.4,18.8,177.2,-59.1,20.3,-1.0,RS41-SG,403.701,9.7,-500,10,2.8,,
2026-09-20T10:45:46.998Z,X3843070,4170,44.33914,7.56285,13216.8,4.8,19.8,177.3,-59.2,20.2,-1.0,RS41-SG,403.701,10.1,-500,10,2.8,,
2026-09-20T10:45:47.998Z,X3843070,4171,44.33896,7.56286,13221.4,4.3,19.8,178.5,-59.2,19.9,-1.0,RS41-SG,403.701,10.2,-500,10,2.7,,
2026-09-20T10:45:48.998Z,X3843070,4172,44.33879,7.56287,13226.0,4.6,18.7,179.5,-59.1,19.6,-1.0,RS41-SG,403.701,10.4,-500,10,2.7,,
2026-09-20T10:45:49.998Z,X3843070,4173,44.33863,7.56287,13231.2,5.7,17.8,179.0,-59.2,19.5,-1.0,RS41-SG,403.701,10.4,-500,10,2.7,,
2026-09-20T10:45:50.998Z,X3843070,4174,44.33847,7.56287,13236.4,4.6,16.8,179.1,-59.1,19.2,-1.0,RS41-SG,403.701,10.4,-500,10,2.8,,
2026-09-20T10:45:51.998Z,X3843070,4175,44.33832,7.56287,13242.1,6.7,15.9,181.7,-59.2,18.8,-1.0,RS41-SG,403.701,12.0,-500,10,2.8,,
2026-09-20T10:45:52.998Z,X3843070,4176,44.33818,7.56286,13247.8,4.6,15.7,184.6,-59.3,18.5,-1.0,RS41-SG,403.701,12.0,-500,10,2.8,,
2026-09-20T10:45:53.998Z,X3843070,4177,44.33804,7.56284,13252.9,5.5,15.6,187.8,-59.3,18.3,-1.0,RS41-SG,403.701,8.0,-500,10,2.7,,
2026-09-20T10:45:55.998Z,X3843070,4179,44.33776,7.56278,13263.0,5.0,16.6,189.1,-59.4,17.4,-1.0,RS41-SG,403.701,8.3,-500,10,2.7,,
2026-09-20T10:45:56.998Z,X3843070,4180,44.33761,7.56275,13268.1,5.2,17.0,185.1,-59.4,17.3,-1.0,RS41-SG,403.701,10.9,-500,10,2.8,,
2026-09-20T10:45:57.998Z,X3843070,4181,44.33746,7.56274,13273.5,5.5,17.2,180.9,-59.4,17.3,-1.0,RS41-SG,403.701,11.0,-500,10,2.8,,
2026-09-20T10:45:58.998Z,X3843070,4182,44.33730,7.56274,13277.7,2.8,17.8,178.3,-59.5,17.5,-1.0,RS41-SG,403.701,11.0,-500,10,2.8,,
2026-09-20T10:45:59.998Z,X3843070,4183,44.33714,7.56275,13281.3,4.3,18.7,176.8,-59.5,17.5,-1.0,RS41-SG,403.701,10.0,-500,10,2.7,,
2026-09-20T10:46:00.998Z,X3843070,4184,44.33696,7.56276,13286.1,5.1,19.6,178.2,-59.5,17.3,-1.0,RS41-SG,403.701,12.0,-500,10,2.7,,
2026-09-20T10:46:01.998Z,X3843070,4185,44.33679,7.56276,13291.2,4.9,20.0,179.8,-59.5,17.1,-1.0,RS41-SG,403.701,12.0,-500,10,2.7,,
2026-09-20T10:46:02.998Z,X3843070,4186,44.33661,7.56276,13296.4,5.5,19.6,180.2,-59.6,17.2,-1.0,RS41-SG,403.701,10.9,-500,10,2.8,,
2026-09-20T10:46:03.998Z,X3843070,4187,44.33644,7.56276,13301.7,4.8,18.7,181.1,-59.6,17.1,-1.0,RS41-SG,403.701,9.5,-500,10,2.8,,
2026-09-20T10:46:04.998Z,X3843070,4188,44.33627,7.56276,13306.2,4.0,17.5,180.6,-59.7,17.1,-1.0,RS41-SG,403.701,9.5,-500,10,2.8,,
2026-09-20T10:46:05.998Z,X3843070,4189,44.33612,7.56276,13310.4,4.3,16.2,181.0,-59.8,17.2,-1.0,RS41-SG,403.701,9.5,-500,10,2.7,,
2026-09-20T10:46:06.998Z,X3843070,4190,44.33598,7.56275,13315.2,5.1,14.8,182.3,-59.8,16.7,-1.0,RS41-SG,403.701,9.6,-500,10,2.7,,
2026-09-20T10:46:07.998Z,X3843070,4191,44.33585,7.56274,13319.5,3.7,14.3,183.1,-59.9,16.5,-1.0,RS41-SG,403.701,9.6,-500,10,2.7,,
2026-09-20T10:46:08.998Z,X3843070,4192,44.33572,7.56273,13323.9,5.0,14.9,182.7,-60.0,16.4,-1.0,RS41-SG,403.701,9.3,-500,10,2.8,,
2026-09-20T10:46:09.998Z,X3843070,4193,44.33558,7.56273,13329.7,6.5,16.3,180.8,-60.0,16.2,-1.0,RS41-SG,403.701,10.6,-500,10,2.8,,
2026-09-20T10:46:10.998Z,X3843070,4194,44.33543,7.56273,13336.2,6.5,17.9,179.0,-60.1,16.3,-1.0,RS41-SG,403.701,10.9,-500,10,2.8,,
2026-09-20T10:46:11.998Z,X3843070,4195,44.33526,7.56273,13343.1,7.1,19.4,179.3,-60.1,16.1,-1.0,RS41-SG,403.701,10.9,-500,10,2.7,,
2026-09-20T10:46:12.998Z,X3843070,4196,44.33508,7.56273,13349.5,5.4,19.8,181.5,-60.1,16.2,-1.0,RS41-SG,403.701,11.3,-500,10,2.7,,
2026-09-20T10:46:13.998Z,X3843070,4197,44.33491,7.56272,13354.9,5.4,19.4,184.6,-60.1,16.3,-1.0,RS41-SG,403.701,11.3,-500,10,2.7,,
2026-09-20T10:46:14.998Z,X3843070,4198,44.33474,7.56269,13361.0,6.8,18.0,187.9,-60.2,16.1,-1.0,RS41-SG,403.701,10.0,-500,10,2.8,,
2026-09-20T10:46:15.998Z,X3843070,4199,44.33459,7.56266,13367.4,6.0,16.9,189.4,-60.3,16.1,-1.0,RS41-SG,403.701,10.1,-500,10,2.8,,
2026-09-20T10:46:16.998Z,X3843070,4200,44.33444,7.56262,13372.8,4.6,16.2,190.1,-60.3,16.2,-1.0,RS41-SG,403.701,10.1,-500,10,2.8,,
2026-09-20T10:46:17.998Z,X3843070,4201,44.33429,7.56259,13377.3,4.4,16.8,190.6,-60.4,16.5,-1.0,RS41-SG,403.701,9.9,-500,10,2.7,,
2026-09-20T10:46:18.998Z,X3843070,4202,44.33414,7.56255,13381.9,4.6,17.7,189.6,-60.4,16.5,-1.0,RS41-SG,403.701,9.9,-500,10,2.7,,
2026-09-20T10:46:19.998Z,X3843070,4203,44.33398,7.56251,13386.0,3.7,18.8,188.8,-60.4,16.8,-1.0,RS41-SG,403.701,9.5,-500,10,2.7,,
2026-09-20T10:46:20.998Z,X3843070,4204,44.33381,7.56247,13390.6,5.3,19.2,188.9,-60.4,16.5,-1.0,RS41-SG,403.701,10.5,-500,10,2.8,,
2026-09-20T10:46:21.998Z,X3843070,4205,44.33364,7.56244,13395.6,4.8,19.1,188.8,-60.6,16.5,-1.0,RS41-SG,403.701,10.5,-500,10,2.8,,
2026-09-20T10:46:22.998Z,X3843070,4206,44.33347,7.56240,13400.6,5.0,18.8,189.5,-60.6,16.3,-1.0,RS41-SG,403.701,9.9,-500,10,2.7,,
2026-09-20T10:46:23.998Z,X3843070,4207,44.33331,7.56236,13405.1,4.0,18.4,190.3,-60.6,16.1,-1.0,RS41-SG,403.701,8.1,-500,10,2.7,,
2026-09-20T10:46:24.998Z,X3843070,4208,44.33315,7.56231,13409.9,5.4,18.5,192.6,-60.7,16.0,-1.0,RS41-SG,403.701,9.6,-500,10,2.8,,
2026-09-20T10:46:25.998Z,X3843070,4209,44.33299,7.56226,13415.0,4.6,18.5,194.7,-60.7,15.8,-1.0,RS41-SG,403.701,10.0,-500,10,2.8,,
2026-09-20T10:46:26.998Z,X3843070,4210,44.33283,7.56220,13419.9,5.3,18.1,195.3,-60.7,15.6,-1.0,RS41-SG,403.701,10.0,-500,10,2.7,,
2026-09-20T10:46:27.998Z,X3843070,4211,44.33268,7.56214,13426.3,7.6,16.8,195.4,-60.8,15.1,-1.0,RS41-SG,403.701,9.9,-500,10,2.7,,
2026-09-20T10:46:28.998Z,X3843070,4212,44.33253,7.56209,13432.8,5.3,16.1,194.1,-60.8,14.9,-1.0,RS41-SG,403.701,9.9,-500,10,2.8,,
2026-09-20T10:46:29.998Z,X3843070,4213,44.33239,7.56204,13437.7,4.4,15.9,194.2,-60.7,14.9,-1.0,RS41-SG,403.701,9.1,-500,10,2.8,,
2026-09-20T10:46:30.998Z,X3843070,4214,44.33226,7.56199,13442.4,4.9,16.0,197.0,-60.8,15.1,-1.0,RS41-SG,403.701,9.5,-500,10,2.7,,
2026-09-20T10:46:31.998Z,X3843070,4215,44.33212,7.56192,13447.4,5.0,16.6,199.9,-60.8,15.1,-1.0,RS41-SG,403.701,9.5,-500,10,2.7,,
2026-09-20T10:46:32.998Z,X3843070,4216,44.33198,7.56185,13452.7,5.6,16.8,200.1,-60.8,15.1,-1.0,RS41-SG,403.701,8.2,-500,10,2.7,,
2026-09-20T10:46:33.998Z,X3843070,4217,44.33183,7.56179,13457.7,4.2,16.4,197.3,-60.8,15.3,-1.0,RS41-SG,403.701,8.2,-500,10,2.8,,
2026-09-20T10:46:34.998Z,X3843070,4218,44.33170,7.56173,13462.3,5.1,15.7,192.7,-60.8,15.3,-1.0,RS41-SG,403.701,7.8,-500,10,2.8,,
2026-09-20T10:46:35.998Z,X3843070,4219,44.33156,7.56170,13467.0,4.1,15.2,188.9,-60.7,15.2,-1.0,RS41-SG,403.701,8.8,-500,10,2.8,,
2026-09-20T10:46:36.998Z,X3843070,4220,44.33143,7.56167,13471.5,4.7,14.2,186.1,-60.6,15.1,-1.0,RS41-SG,403.701,8.8,-500,10,2.7,,
2026-09-20T10:46:37.998Z,X3843070,4221,44.33131,7.56165,13475.7,4.0,13.3,186.0,-60.5,14.7,-1.0,RS41-SG,403.701,8.9,-500,10,2.7,,
2026-09-20T10:46:38.998Z,X3843070,4222,44.33119,7.56163,13480.0,4.6,12.6,190.1,-60.4,14.4,-1.0,RS41-SG,403.701,8.9,-500,10,2.7,,
2026-09-20T10:46:39.998Z,X3843070,4223,44.33108,7.56160,13484.6,4.4,12.6,195.1,-60.4,14.1,-1.0,RS41-SG,403.701,8.5,-500,10,2.8,,
2026-09-20T10:46:40.998Z,X3843070,4224,44.33097,7.56155,13489.6,5.0,13.5,198.9,-60.4,14.0,-1.0,RS41-SG,403.701,8.0,-500,9,2.8,,
2026-09-20T10:46:41.998Z,X3843070,4225,44.33085,7.56149,13495.0,5.7,14.8,197.5,-60.4,14.0,-1.0,RS41-SG,403.701,8.0,-500,10,2.8,,
2026-09-20T10:46:42.998Z,X3843070,4226,44.33071,7.56144,13500.1,4.5,16.4,195.3,-60.4,14.1,-1.0,RS41-SG,403.701,8.0,-500,10,2.7,,
2026-09-20T10:46:43.998Z,X3843070,4227,44.33056,7.56139,13504.7,4.3,17.4,191.6,-60.3,14.2,-1.0,RS41-SG,403.701,7.9,-500,10,2.7,,
2026-09-20T10:46:44.998Z,X3843070,4228,44.33041,7.56135,13509.1,4.3,17.4,188.0,-60.4,14.2,-1.0,RS41-SG,403.701,7.7,-500,10,2.7,,
2026-09-20T10:46:45.998Z,X3843070,4229,44.33026,7.56132,13514.0,5.3,16.0,187.0,-60.5,14.0,-1.0,RS41-SG,403.701,7.9,-500,10,2.8,,
2026-09-20T10:46:46.998Z,X3843070,4230,44.33013,7.56130,13519.3,4.9,14.3,188.3,-60.6,13.7,-1.0,RS41-SG,403.701,7.9,-500,10,2.8,,
2026-09-20T10:46:47.998Z,X3843070,4231,44.33001,7.56127,13524.1,4.4,13.0,189.7,-60.7,13.7,-1.0,RS41-SG,403.701,8.3,-500,10,2.8,,
2026-09-20T10:46:48.998Z,X3843070,4232,44.32990,7.56124,13528.3,3.9,12.5,192.0,-60.7,13.5,-1.0,RS41-SG,403.701,8.3,-500,10,2.7,,
2026-09-20T10:46:50.998Z,X3843070,4234,44.32968,7.56117,13537.8,5.4,12.7,192.7,-60.7,13.4,-1.0,RS41-SG,403.701,8.1,-500,10,2.7,,
2026-09-20T10:46:51.998Z,X3843070,4235,44.32956,7.56113,13543.2,4.9,12.9,193.3,-60.7,13.3,-1.0,RS41-SG,403.701,8.4,-500,10,2.8,,
2026-09-20T10:46:53.998Z,X3843070,4237,44.32934,7.56105,13552.0,4.3,12.6,199.5,-60.7,13.5,-1.0,RS41-SG,403.701,7.6,-500,10,2.8,,
2026-09-20T10:46:54.998Z,X3843070,4238,44.32924,7.56099,13556.7,4.9,12.9,203.3,-60.7,13.7,-1.0,RS41-SG,403.701,7.9,-500,10,2.7,,
2026-09-20T10:46:55.998Z,X3843070,4239,44.32913,7.56092,13560.7,3.0,13.3,206.4,-60.8,13.7,-1.0,RS41-SG,403.701,7.9,-500,10,2.7,,
2026-09-20T10:46:57.998Z,X3843070,4241,44.32891,7.56076,13569.6,4.3,14.1,205.4,-60.7,13.6,-1.0,RS41-SG,403.701,7.3,-500,10,2.8,,
2026-09-20T10:46:58.998Z,X3843070,4242,44.32879,7.56069,13573.8,4.0,14.3,203.0,-60.7,13.7,-1.0,RS41-SG,403.701,7.9,-500,10,2.8,,
2026-09-20T10:46:59.998Z,X3843070,4243,44.32867,7.56062,13578.2,4.6,14.4,201.7,-60.8,13.8,-1.0,RS41-SG,403.701,8.1,-500,10,2.7,,
2026-09-20T10:47:00.998Z,X3843070,4244,44.32855,7.56055,13581.8,2.6,14.3,201.1,-60.8,13.9,-1.0,RS41-SG,403.701,8.5,-500,10,2.7,,
2026-09-20T10:47:01.998Z,X3843070,4245,44.32843,7.56049,13585.4,4.4,14.5,202.8,-60.8,13.7,-1.0,RS41-SG,403.701,8.6,-500,10,2.8,,
2026-09-20T10:47:02.998Z,X3843070,4246,44.32831,7.56041,13589.7,3.9,14.6,204.0,-60.8,13.5,-1.0,RS41-SG,403.701,8.8,-500,10,2.8,,
2026-09-20T10:47:03.998Z,X3843070,4247,44.32819,7.56034,13593.9,4.3,14.3,205.3,-60.9,13.3,-1.0,RS41-SG,403.701,8.8,-500,10,2.7,,
2026-09-20T10:47:04.998Z,X3843070,4248,44.32808,7.56027,13598.1,4.0,13.4,203.4,-60.9,13.2,-1.0,RS41-SG,403.701,8.2,-500,10,2.7,,
2026-09-20T10:47:05.998Z,X3843070,4249,44.32797,7.56020,13601.9,3.5,13.3,200.7,-60.9,13.1,-1.0,RS41-SG,403.701,8.3,-500,10,2.7,,
2026-09-20T10:47:06.998Z,X3843070,4250,44.32786,7.56015,13606.0,4.6,13.6,196.7,-60.8,13.0,-1.0,RS41-SG,403.701,8.6,-500,10,2.8,,
2026-09-20T10:47:07.998Z,X3843070,4251,44.32773,7.56011,13610.6,4.5,14.7,192.3,-60.9,13.0,-1.0,RS41-SG,403.701,9.1,-500,10,2.8,,
2026-09-20T10:47:08.998Z,X3843070,4252,44.32760,7.56007,13614.1,2.6,15.3,190.8,-60.9,13.0,-1.0,RS41-SG,403.701,9.8,-500,10,2.8,,
2026-09-20T10:47:09.998Z,X3843070,4253,44.32747,7.56003,13617.5,4.2,15.6,189.5,-60.9,13.1,-1.0,RS41-SG,403.701,9.8,-500,10,2.7,,
2026-09-20T10:47:10.998Z,X3843070,4254,44.32733,7.56000,13621.8,4.1,15.4,190.0,-61.0,12.9,-1.0,RS41-SG,403.701,9.5,-500,10,2.7,,
2026-09-20T10:47:11.998Z,X3843070,4255,44.32719,7.55996,13625.9,4.0,14.9,192.4,-60.9,12.8,-1.0,RS41-SG,403.701,8.9,-500,10,2.7,,
2026-09-20T10:47:12.998Z,X3843070,4256,44.32706,7.55992,13630.2,4.4,15.0,195.9,-61.0,12.9,-1.0,RS41-SG,403.701,10.2,-500,10,2.8,,
2026-09-20T10:47:13.998Z,X3843070,4257,44.32693,7.55986,13634.6,4.4,15.2,198.9,-61.0,12.7,-1.0,RS41-SG,403.701,10.2,-500,10,2.8,,
2026-09-20T10:47:14.998Z,X3843070,4258,44.32681,7.55979,13638.8,4.3,14.8,202.6,-60.8,12.3,-1.0,RS41-SG,403.701,9.5,-500,10,2.8,,
2026-09-20T10:47:15.998Z,X3843070,4259,44.32669,7.55972,13642.6,3.4,14.3,205.1,-60.7,12.4,-1.0,RS41-SG,403.701,8.9,-500,10,2.7,,
2026-09-20T10:47:16.998Z,X3843070,4260,44.32657,7.55964,13646.1,3.7,14.0,207.1,-60.6,12.6,-1.0,RS41-SG,403.701,9.6,-500,10,2.7,,
2026-09-20T10:47:17.998Z,X3843070,4261,44.32646,7.55956,13650.4,4.8,14.4,209.3,-60.7,12.5,-1.0,RS41-SG,403.701,10.1,-500,10,2.7,,
2026-09-20T10:47:18.998Z,X3843070,4262,44.32635,7.55947,13654.4,3.1,14.7,209.8,-60.8,12.5,-1.0,RS41-SG,403.701,10.1,-500,10,2.8,,
2026-09-20T10:47:19.998Z,X3843070,4263,44.32623,7.55938,13657.9,3.8,14.7,208.3,-60.8,12.4,-1.0,RS41-SG,403.701,9.8,-500,10,2.8,,
2026-09-20T10:47:20.998Z,X3843070,4264,44.32612,7.55930,13662.4,5.2,14.1,205.3,-60.7,12.3,-1.0,RS41-SG,403.701,9.8,-500,10,2.7,,
2026-09-20T10:47:21.998Z,X3843070,4265,44.32601,7.55923,13667.2,4.1,13.3,202.8,-60.7,12.2,-1.0,RS41-SG,403.701,9.7,-500,10,2.7,,
2026-09-20T10:47:22.998Z,X3843070,4266,44.32590,7.55917,13670.9,3.4,12.4,201.2,-60.6,12.3,-1.0,RS41-SG,403.701,10.3,-500,10,2.8,,
2026-09-20T10:47:23.998Z,X3843070,4267,44.32580,7.55911,13675.1,5.0,11.8,202.5,-60.6,12.3,-1.0,RS41-SG,403.701,10.3,-500,10,2.8,,
2026-09-20T10:47:24.998Z,X3843070,4268,44.32570,7.55905,13679.5,3.6,11.7,204.4,-60.5,12.2,-1.0,RS41-SG,403.701,10.0,-500,10,2.7,,
2026-09-20T10:47:25.998Z,X3843070,4269,44.32561,7.55899,13683.4,4.2,11.6,205.8,-60.6,12.2,-1.0,RS41-SG,403.701,10.3,-500,10,2.7,,
2026-09-20T10:47:26.998Z,X3843070,4270,44.32551,7.55893,13687.9,4.6,11.6,204.2,-60.8,12.0,-1.0,RS41-SG,403.701,10.4,-500,10,2.8,,
2026-09-20T10:47:27.998Z,X3843070,4271,44.32542,7.55887,13692.2,4.0,11.7,203.1,-60.7,11.8,-1.0,RS41-SG,403.701,10.8,-500,10,2.8,,
2026-09-20T10:47:28.998Z,X3843070,4272,44.32532,7.55881,13696.7,4.8,12.5,204.1,-60.6,11.7,-1.0,RS41-SG,403.701,10.8,-500,10,2.7,,
2026-09-20T10:47:29.998Z,X3843070,4273,44.32521,7.55874,13701.0,3.8,13.2,205.3,-60.5,11.6,-1.0,RS41-SG,403.701,9.6,-500,10,2.7,,
2026-09-20T10:47:30.998Z,X3843070,4274,44.32510,7.55867,13705.3,4.8,13.8,204.9,-60.5,11.4,-1.0,RS41-SG,403.701,9.7,-500,10,2.7,,
2026-09-20T10:47:31.998Z,X3843070,4275,44.32499,7.55860,13709.8,4.1,13.9,202.6,-60.3,11.2,-1.0,RS41-SG,403.701,9.7,-500,10,2.8,,
2026-09-20T10:47:32.998Z,X3843070,4276,44.32487,7.55853,13713.4,3.0,14.2,200.8,-60.2,11.3,-1.0,RS41-SG,403.701,8.8,-500,9,2.8,,
2026-09-20T10:47:33.998Z,X3843070,4277,44.32475,7.55847,13716.7,3.6,14.1,202.4,-60.3,11.5,-1.0,RS41-SG,403.701,10.4,-500,10,2.8,,
2026-09-20T10:47:34.998Z,X3843070,4278,44.32464,7.55840,13720.8,4.6,14.1,204.5,-60.3,11.3,-1.0,RS41-SG,403.701,10.4,-500,10,2.7,,
2026-09-20T10:47:35.998Z,X3843070,4279,44.32452,7.55832,13725.0,3.7,13.7,206.8,-60.4,11.4,-1.0,RS41-SG,403.701,10.0,-500,10,2.7,,
2026-09-20T10:47:36.998Z,X3843070,4280,44.32442,7.55825,13729.2,4.4,13.1,207.3,-60.4,11.3,-1.0,RS41-SG,403.701,9.6,-500,10,2.7,,
2026-09-20T10:47:37.998Z,X3843070,4281,44.32432,7.55818,13734.3,5.6,11.8,204.8,-60.4,11.2,-1.0,RS41-SG,403.701,8.2,-500,10,2.8,,
2026-09-20T10:47:38.998Z,X3843070,4282,44.32422,7.55812,13739.0,3.8,10.8,202.1,-60.5,11.1,-1.0,RS41-SG,403.701,10.4,-500,10,2.8,,
2026-09-20T10:47:39.998Z,X3843070,4283,44.32414,7.55808,13743.1,4.3,10.0,198.7,-60.5,11.0,-1.0,RS41-SG,403.701,10.4,-500,10,2.8,,
2026-09-20T10:47:40.998Z,X3843070,4284,44.32405,7.55804,13747.7,4.7,9.5,199.0,-60.6,10.9,-1.0,RS41-SG,403.701,10.1,-500,10,2.7,,
2026-09-20T10:47:41.998Z,X3843070,4285,44.32397,7.55800,13752.4,4.7,9.2,199.2,-60.6,10.8,-1.0,RS41-SG,403.701,10.1,-500,10,2.7,,
2026-09-20T10:47:42.998Z,X3843070,4286,44.32390,7.55797,13757.6,5.7,8.8,196.0,-60.6,10.8,-1.0,RS41-SG,403.701,10.1,-500,10,2.7,,
2026-09-20T10:47:43.998Z,X3843070,4287,44.32382,7.55794,13762.9,4.7,8.7,193.7,-60.7,10.8,-1.0,RS41-SG,403.701,10.2,-500,10,2.8,,
2026-09-20T10:47:44.998Z,X3843070,4288,44.32375,7.55791,13767.1,3.7,8.7,194.9,-60.8,10.9,-1.0,RS41-SG,403.701,10.2,-500,10,2.8,,
2026-09-20T10:47:45.998Z,X3843070,4289,44.32367,7.55788,13771.2,4.3,9.1,198.0,-60.7,11.0,-1.0,RS41-SG,403.701,9.7,-500,10,2.7,,
2026-09-20T10:47:46.998Z,X3843070,4290,44.32360,7.55784,13776.0,5.3,8.4,203.4,-60.9,11.1,-1.0,RS41-SG,403.701,10.4,-500,10,2.7,,
2026-09-20T10:47:47.998Z,X3843070,4291,44.32353,7.55779,13781.7,5.9,8.1,208.7,-60.8,10.8,-1.0,RS41-SG,403.701,10.4,-500,10,2.8,,
2026-09-20T10:47:48.998Z,X3843070,4292,44.32347,7.55774,13786.5,3.6,7.8,211.8,-60.5,10.4,-1.0,RS41-SG,403.701,10.9,-500,10,2.8,,
2026-09-20T10:47:49.998Z,X3843070,4293,44.32341,7.55769,13790.7,4.8,7.6,216.6,-60.1,10.2,-1.0,RS41-SG,403.701,10.9,-500,10,2.7,,
2026-09-20T10:47:50.998Z,X3843070,4294,44.32335,7.55763,13796.3,6.3,8.0,217.8,-59.8,10.0,-1.0,RS41-SG,403.701,10.4,-500,10,2.7,,
2026-09-20T10:47:51.998Z,X3843070,4295,44.32330,7.55757,13800.8,2.5,8.4,214.7,-59.6,10.0,-1.0,RS41-SG,403.701,10.5,-500,10,2.7,,
2026-09-20T10:47:52.998Z,X3843070,4296,44.32323,7.55751,13804.4,4.6,8.1,210.3,-59.6,10.3,-1.0,RS41-SG,403.701,10.5,-500,10,2.8,,
2026-09-20T10:47:53.998Z,X3843070,4297,44.32317,7.55747,13809.6,5.8,7.1,203.0,-59.8,10.1,-1.0,RS41-SG,403.701,10.3,-500,10,2.8,,
2026-09-20T10:47:54.998Z,X3843070,4298,44.32311,7.55744,13814.7,4.3,6.9,197.7,-59.7,9.8,-1.0,RS41-SG,403.701,9.6,-500,10,2.8,,
2026-09-20T10:47:55.998Z,X3843070,4299,44.32305,7.55742,13819.5,5.2,7.1,190.8,-59.8,9.7,-1.0,RS41-SG,403.701,9.5,-500,10,2.7,,
2026-09-20T10:47:56.998Z,X3843070,4300,44.32299,7.55740,13823.9,3.7,7.3,188.9,-59.7,9.4,-1.0,RS41-SG,403.701,8.9,-500,10,2.7,,
2026-09-20T10:47:57.998Z,X3843070,4301,44.32293,7.55739,13827.9,4.3,6.9,187.3,-59.6,9.3,-1.0,RS41-SG,403.701,10.1,-500,10,2.7,,
2026-09-20T10:47:58.998Z,X3843070,4302,44.32287,7.55738,13832.5,4.8,6.2,183.9,-59.6,9.1,-1.0,RS41-SG,403.701,10.1,-500,10,2.8,,
2026-09-20T10:47:59.998Z,X3843070,4303,44.32281,7.55738,13836.7,3.7,5.9,182.8,-59.6,9.0,-1.0,RS41-SG,403.701,10.1,-500,10,2.8,,
2026-09-20T10:48:00.998Z,X3843070,4304,44.32276,7.55737,13840.9,4.5,6.2,184.0,-59.6,8.8,-1.0,RS41-SG,403.701,10.9,-500,10,2.8,,
2026-09-20T10:48:01.998Z,X3843070,4305,44.32270,7.55737,13845.3,4.2,6.9,186.1,-59.6,8.9,-1.0,RS41-SG,403.701,11.0,-500,10,2.7,,
2026-09-20T10:48:02.998Z,X3843070,4306,44.32264,7.55736,13849.1,3.4,7.2,189.7,-59.7,9.0,-1.0,RS41-SG,403.701,11.0,-500,10,2.7,,
2026-09-20T10:48:03.998Z,X3843070,4307,44.32258,7.55734,13853.1,4.6,6.9,194.0,-59.8,9.0,-1.0,RS41-SG,403.701,11.2,-500,10,2.7,,
2026-09-20T10:48:04.998Z,X3843070,4308,44.32252,7.55731,13857.5,4.1,6.4,198.6,-59.9,8.8,-1.0,RS41-SG,403.701,11.2,-500,10,2.7,,
2026-09-20T10:48:05.998Z,X3843070,4309,44.32247,7.55728,13861.7,4.0,6.2,204.8,-59.9,8.6,-1.0,RS41-SG,403.701,10.4,-500,10,2.8,,
2026-09-20T10:48:06.998Z,X3843070,4310,44.32242,7.55725,13866.1,4.7,6.3,210.2,-59.9,8.5,-1.0,RS41-SG,403.701,10.4,-500,10,2.8,,
2026-09-20T10:48:07.998Z,X3843070,4311,44.32237,7.55721,13870.5,4.0,6.4,212.5,-59.9,8.4,-1.0,RS41-SG,403.701,10.1,-500,10,2.8,,
2026-09-20T10:48:08.998Z,X3843070,4312,44.32232,7.55716,13875.0,4.8,6.1,210.7,-60.0,8.5,-1.0,RS41-SG,403.701,9.4,-500,10,2.7,,
2026-09-20T10:48:09.998Z,X3843070,4313,44.32227,7.55713,13879.5,4.1,5.3,204.4,-60.0,8.4,-1.0,RS41-SG,403.701,8.9,-500,10,2.7,,
2026-09-20T10:48:10.998Z,X3843070,4314,44.32223,7.55711,13883.4,3.8,4.7,196.0,-60.0,8.5,-1.0,RS41-SG,403.701,10.1,-500,10,2.7,,
2026-09-20T10:48:11.998Z,X3843070,4315,44.32219,7.55710,13887.4,4.1,4.9,191.4,-60.0,8.6,-1.0,RS41-SG,403.701,10.1,-500,10,2.8,,
2026-09-20T10:48:12.998Z,X3843070,4316,44.32215,7.55708,13891.8,4.5,5.2,188.3,-60.1,8.6,-1.0,RS41-SG,403.701,10.1,-500,10,2.8,,
2026-09-20T10:48:13.998Z,X3843070,4317,44.32210,7.55708,13896.3,4.4,5.4,185.0,-60.0,8.5,-1.0,RS41-SG,403.701,9.4,-500,10,2.8,,
2026-09-20T10:48:14.998Z,X3843070,4318,44.32205,7.55708,13900.9,4.9,5.4,176.7,-60.0,8.6,-1.0,RS41-SG,403.701,9.9,-500,10,2.7,,
2026-09-20T10:48:15.998Z,X3843070,4319,44.32200,7.55709,13905.5,4.2,5.7,168.0,-60.0,8.6,-1.0,RS41-SG,403.701,9.9,-500,10,2.7,,
2026-09-20T10:48:16.998Z,X3843070,4320,44.32195,7.55710,13909.1,3.0,5.7,164.0,-60.0,8.6,-1.0,RS41-SG,403.701,9.0,-500,10,2.7,,
2026-09-20T10:48:17.998Z,X3843070,4321,44.32190,7.55712,13912.6,4.0,5.4,167.7,-60.0,8.6,-1.0,RS41-SG,403.701,9.2,-500,10,2.8,,
2026-09-20T10:48:18.998Z,X3843070,4322,44.32186,7.55713,13917.0,4.5,5.1,176.1,-60.0,8.4,-1.0,RS41-SG,403.701,9.2,-500,10,2.8,,
2026-09-20T10:48:19.998Z,X3843070,4323,44.32181,7.55713,13921.1,3.9,5.1,184.8,-60.0,8.4,-1.0,RS41-SG,403.701,9.2,-500,10,2.7,,
2026-09-20T10:48:20.998Z,X3843070,4324,44.32176,7.55712,13925.7,5.1,5.3,185.6,-60.1,8.4,-1.0,RS41-SG,403.701,9.2,-500,10,2.7,,
2026-09-20T10:48:21.998Z,X3843070,4325,44.32171,7.55712,13929.9,3.0,5.8,182.9,-60.1,8.3,-1.0,RS41-SG,403.701,9.5,-500,10,2.7,,
2026-09-20T10:48:22.998Z,X3843070,4326,44.32166,7.55711,13933.4,4.0,6.4,180.9,-60.1,8.2,-1.0,RS41-SG,403.701,9.5,-500,10,2.8,,
2026-09-20T10:48:23.998Z,X3843070,4327,44.32160,7.55711,13938.4,5.9,6.7,182.3,-60.1,8.1,-1.0,RS41-SG,403.701,9.6,-500,10,2.8,,
2026-09-20T10:48:24.998Z,X3843070,4328,44.32154,7.55711,13943.7,4.7,6.7,183.1,-60.1,7.9,-1.0,RS41-SG,403.701,9.6,-500,10,2.8,,
2026-09-20T10:48:25.998Z,X3843070,4329,44.32148,7.55711,13948.2,4.3,6.6,180.3,-60.1,7.9,-1.0,RS41-SG,403.701,9.6,-500,10,2.7,,
2026-09-20T10:48:26.998Z,X3843070,4330,44.32142,7.55711,13953.5,6.1,6.9,172.7,-60.1,7.9,-1.0,RS41-SG,403.701,8.3,-500,10,2.7,,
2026-09-20T10:48:27.998Z,X3843070,4331,44.32136,7.55713,13958.7,4.2,7.1,166.6,-60.2,7.8,-1.0,RS41-SG,403.701,8.3,-500,10,2.7,,
2026-09-20T10:48:28.998Z,X3843070,4332,44.32130,7.55715,13963.5,5.3,6.7,164.1,-60.2,7.8,-1.0,RS41-SG,403.701,8.0,-500,10,2.8,,
2026-09-20T10:48:29.998Z,X3843070,4333,44.32124,7.55717,13969.4,6.3,5.8,167.1,-60.3,7.7,-1.0,RS41-SG,403.701,8.3,-500,10,2.8,,
2026-09-20T10:48:30.998Z,X3843070,4334,44.32120,7.55718,13974.8,4.5,5.3,172.2,-60.3,7.7,-1.0,RS41-SG,403.701,8.3,-500,10,2.8,,
2026-09-20T10:48:32.998Z,X3843070,4336,44.32110,7.55719,13983.4,5.6,5.6,171.4,-60.3,7.8,-1.0,RS41-SG,403.701,6.3,-500,10,2.7,,
2026-09-20T10:48:35.998Z,X3843070,4339,44.32094,7.55726,13998.3,6.1,6.2,157.7,-60.4,7.6,-1.0,RS41-SG,403.701,6.8,-500,10,2.8,,
2026-09-20T10:48:36.998Z,X3843070,4340,44.32089,7.55729,14002.6,2.5,5.8,156.3,-60.3,7.6,-1.0,RS41-SG,403.701,8.3,-500,10,2.8,,
2026-09-20T10:48:39.998Z,X3843070,4343,44.32076,7.55741,14016.3,3.9,6.1,139.3,-60.4,7.6,-1.0,RS41-SG,403.701,7.4,-500,10,2.7,,
2026-09-20T10:48:49.998Z,X3843070,4353,44.32036,7.55781,14061.6,5.5,6.5,164.1,-61.0,7.6,-1.0,RS41-SG,403.701,7.2,-500,10,2.7,,
2026-09-20T10:48:50.998Z,X3843070,4354,44.32030,7.55784,14067.2,5.7,7.1,160.0,-60.9,7.4,-1.0,RS41-SG,403.701,7.4,-500,10,2.7,,
2026-09-20T10:48:51.998Z,X3843070,4355,44.32024,7.55787,14072.6,5.0,7.3,156.4,-60.9,7.5,-1.0,RS41-SG,403.701,7.4,-500,10,2.7,,
2026-09-20T10:48:53.998Z,X3843070,4357,44.32013,7.55795,14081.9,5.5,6.6,143.5,-61.1,7.4,-1.0,RS41-SG,403.701,6.9,-500,10,2.8,,
2026-09-20T10:49:06.998Z,X3843070,4370,44.31954,7.55881,14141.7,4.5,6.7,144.9,-61.2,7.3,-1.0,RS41,403.701,6.9,-500,10,2.7,,
2026-09-20T10:49:09.998Z,X3843070,4373,44.31939,7.55899,14155.3,4.1,8.1,138.4,-61.1,7.1,-1.0,RS41,403.701,7.3,-500,10,2.8,,
2026-09-20T10:49:42.998Z,X3843070,4406,44.31720,7.56184,14299.4,3.8,12.1,137.8,-61.5,6.7,-1.0,RS41,403.701,7.3,-500,10,2.8,,
2026-09-20T10:49:44.998Z,X3843070,4408,44.31704,7.56204,14307.7,4.6,11.8,137.8,-61.5,6.7,-1.0,RS41,403.701,7.5,-500,10,2.7,,
2026-09-20T10:49:45.998Z,X3843070,4409,44.31696,7.56214,14312.6,5.1,11.4,139.4,-61.5,6.7,-1.0,RS41,403.701,7.5,-500,10,2.7,,
2026-09-20T10:49:46.998Z,X3843070,4410,44.31688,7.56223,14317.6,4.9,11.6,140.8,-61.6,6.8,-1.0,RS41,403.701,7.0,-500,10,2.8,,
2026-09-20T10:49:55.998Z,X3843070,4419,44.31616,7.56306,14357.5,6.1,12.0,133.3,-61.9,6.9,-1.0,RS41,403.701,6.8,-500,10,2.7,,
2026-09-20T10:49:56.998Z,X3843070,4420,44.31608,7.56317,14362.6,3.9,12.5,134.8,-61.8,6.9,-1.0,RS41,403.701,7.0,-500,10,2.7,,
2026-09-20T10:49:57.998Z,X3843070,4421,44.31600,7.56328,14367.0,4.9,12.9,137.0,-61.8,7.0,-1.0,RS41-SG,403.701,7.6,-500,10,2.8,,
2026-09-20T10:49:58.998Z,X3843070,4422,44.31592,7.56338,14372.0,4.7,12.6,139.4,-62.0,7.0,-1.0,RS41-SG,403.701,7.9,-500,10,2.8,,
2026-09-20T10:49:59.998Z,X3843070,4423,44.31583,7.56348,14376.8,4.9,12.5,142.5,-62.0,7.0,-1.0,RS41-SG,403.701,7.9,-500,10,2.7,,
2026-09-20T10:50:00.998Z,X3843070,4424,44.31574,7.56358,14381.5,4.4,13.3,144.9,-62.0,6.9,-1.0,RS41-SG,403.701,8.9,-500,10,2.7,,
2026-09-20T10:50:01.998Z,X3843070,4425,44.31563,7.56367,14385.6,3.6,14.1,145.7,-62.1,7.0,-1.0,RS41-SG,403.701,9.1,-500,10,2.7,,
2026-09-20T10:50:02.998Z,X3843070,4426,44.31553,7.56377,14389.6,4.3,14.2,145.3,-62.1,6.9,-1.0,RS41-SG,403.701,9.1,-500,10,2.8,,
2026-09-20T10:50:03.998Z,X3843070,4427,44.31543,7.56388,14394.5,5.5,13.8,142.3,-62.2,6.9,-1.0,RS41-SG,403.701,8.7,-500,10,2.8,,
2026-09-20T10:50:04.998Z,X3843070,4428,44.31533,7.56398,14399.0,3.4,13.4,139.9,-62.2,7.0,-1.0,RS41-SG,403.701,8.7,-500,10,2.8,,
2026-09-20T10:50:05.998Z,X3843070,4429,44.31524,7.56409,14403.2,4.7,13.5,137.9,-62.3,7.0,-1.0,RS41-SG,403.701,8.7,-500,10,2.7,,
2026-09-20T10:50:06.998Z,X3843070,4430,44.31515,7.56420,14408.0,4.9,13.8,139.5,-62.3,6.9,-1.0,RS41-SG,403.701,7.6,-500,10,2.7,,
2026-09-20T10:50:07.998Z,X3843070,4431,44.31505,7.56432,14412.5,4.0,14.0,141.1,-62.2,6.9,-1.0,RS41-SG,403.701,8.6,-500,10,2.7,,
2026-09-20T10:50:08.998Z,X3843070,4432,44.31496,7.56442,14417.1,5.2,13.6,143.1,-62.3,6.9,-1.0,RS41-SG,403.701,9.7,-500,10,2.8,,
2026-09-20T10:50:09.998Z,X3843070,4433,44.31486,7.56452,14421.9,4.4,13.0,145.9,-62.2,6.9,-1.0,RS41-SG,403.701,9.7,-500,10,2.8,,
2026-09-20T10:50:10.998Z,X3843070,4434,44.31476,7.56460,14426.1,3.9,12.9,150.6,-62.2,6.8,-1.0,RS41-SG,403.701,9.3,-500,10,2.7,,
2026-09-20T10:50:11.998Z,X3843070,4435,44.31466,7.56468,14430.1,4.0,13.0,156.1,-62.2,6.8,-1.0,RS41-SG,403.701,8.9,-500,10,2.7,,
2026-09-20T10:50:12.998Z,X3843070,4436,44.31455,7.56474,14434.4,4.6,13.2,159.9,-62.2,6.7,-1.0,RS41-SG,403.701,8.9,-500,10,2.7,,
2026-09-20T10:50:13.998Z,X3843070,4437,44.31444,7.56479,14438.5,3.6,13.1,160.5,-62.1,6.7,-1.0,RS41-SG,403.701,9.0,-500,10,2.8,,
2026-09-20T10:50:14.998Z,X3843070,4438,44.31433,7.56485,14442.1,3.6,12.6,160.2,-62.1,6.6,-1.0,RS41-SG,403.701,9.0,-500,10,2.8,,
2026-09-20T10:50:15.998Z,X3843070,4439,44.31423,7.56490,14446.5,5.3,11.9,157.0,-62.1,6.6,-1.0,RS41-SG,403.701,8.6,-500,10,2.8,,
2026-09-20T10:50:16.998Z,X3843070,4440,44.31413,7.56496,14451.2,4.0,11.8,152.2,-62.0,6.6,-1.0,RS41-SG,403.701,9.0,-500,10,2.7,,
2026-09-20T10:50:17.998Z,X3843070,4441,44.31404,7.56504,14455.5,4.5,12.2,149.6,-61.9,6.7,-1.0,RS41-SG,403.701,9.0,-500,10,2.7,,
2026-09-20T10:50:18.998Z,X3843070,4442,44.31394,7.56511,14460.2,4.8,12.6,150.5,-61.8,6.7,-1.0,RS41-SG,403.701,8.7,-500,10,2.7,,
2026-09-20T10:50:19.998Z,X3843070,4443,44.31384,7.56519,14464.5,3.6,13.2,151.5,-61.9,6.8,-1.0,RS41-SG,403.701,9.0,-500,10,2.8,,
2026-09-20T10:50:20.998Z,X3843070,4444,44.31373,7.56527,14468.7,4.6,13.3,152.0,-61.8,6.7,-1.0,RS41-SG,403.701,9.0,-500,10,2.8,,
2026-09-20T10:50:21.998Z,X3843070,4445,44.31363,7.56535,14473.4,4.6,13.1,153.2,-61.7,6.6,-1.0,RS41-SG,403.701,9.8,-500,10,2.7,,
2026-09-20T10:50:22.998Z,X3843070,4446,44.31352,7.56541,14478.2,4.7,12.8,156.9,-61.7,6.5,-1.0,RS41-SG,403.701,9.8,-500,10,2.7,,
2026-09-20T10:50:23.998Z,X3843070,4447,44.31341,7.56547,14482.6,4.1,13.0,160.9,-61.8,6.5,-1.0,RS41-SG,403.701,9.0,-500,10,2.7,,
2026-09-20T10:50:24.998Z,X3843070,4448,44.31330,7.56552,14486.6,3.7,13.1,165.3,-61.8,6.3,-1.0,RS41-SG,403.701,9.4,-500,10,2.8,,
2026-09-20T10:50:26.998Z,X3843070,4450,44.31308,7.56559,14495.2,5.2,11.9,167.2,-61.6,5.9,-1.0,RS41-SG,403.701,8.0,-500,10,2.8,,
2026-09-20T10:50:27.998Z,X3843070,4451,44.31298,7.56563,14499.7,3.8,11.8,164.4,-61.6,6.0,-1.0,RS41-SG,403.701,8.5,-500,10,2.7,,
2026-09-20T10:50:28.998Z,X3843070,4452,44.31288,7.56567,14504.1,4.7,12.0,161.8,-61.6,6.0,-1.0,RS41-SG,403.701,8.5,-500,10,2.7,,
2026-09-20T10:50:29.998Z,X3843070,4453,44.31277,7.56572,14509.1,5.2,12.8,160.7,-61.4,6.0,-1.0,RS41-SG,403.701,8.6,-500,10,2.7,,
2026-09-20T10:50:30.998Z,X3843070,4454,44.31266,7.56577,14513.6,3.5,13.4,160.7,-61.3,6.1,-1.0,RS41-SG,403.701,9.0,-500,10,2.8,,
2026-09-20T10:50:31.998Z,X3843070,4455,44.31255,7.56583,14517.8,4.7,13.6,161.8,-61.3,6.1,-1.0,RS41-SG,403.701,9.0,-500,10,2.8,,
2026-09-20T10:50:32.998Z,X3843070,4456,44.31243,7.56588,14522.5,4.5,13.1,162.6,-61.2,6.2,-1.0,RS41-SG,403.701,9.0,-500,10,2.7,,
2026-09-20T10:50:33.998Z,X3843070,4457,44.31232,7.56592,14527.0,4.5,12.9,163.8,-61.2,6.2,-1.0,RS41-SG,403.701,8.5,-500,10,2.7,,
2026-09-20T10:50:34.998Z,X3843070,4458,44.31221,7.56597,14532.0,5.4,13.1,165.9,-61.2,6.2,-1.0,RS41-SG,403.701,8.0,-500,10,2.7,,
2026-09-20T10:50:35.998Z,X3843070,4459,44.31209,7.56600,14536.7,3.8,13.4,167.3,-61.2,6.1,-1.0,RS41-SG,403.701,8.3,-500,10,2.8,,
2026-09-20T10:50:36.998Z,X3843070,4460,44.31198,7.56604,14541.1,5.1,13.1,169.3,-61.2,6.0,-1.0,RS41-SG,403.701,8.3,-500,10,2.8,,
2026-09-20T10:50:37.998Z,X3843070,4461,44.31186,7.56607,14545.5,3.7,12.5,169.1,-61.1,5.9,-1.0,RS41-SG,403.701,8.5,-500,10,2.8,,
2026-09-20T10:50:38.998Z,X3843070,4462,44.31175,7.56610,14549.7,4.5,12.5,168.1,-61.2,5.9,-1.0,RS41-SG,403.701,9.5,-500,10,2.7,,
2026-09-20T10:50:39.998Z,X3843070,4463,44.31164,7.56613,14554.4,4.7,13.1,166.8,-61.1,5.8,-1.0,RS41-SG,403.701,9.5,-500,10,2.7,,
2026-09-20T10:50:40.998Z,X3843070,4464,44.31152,7.56617,14559.5,5.5,13.7,165.8,-61.0,5.7,-1.0,RS41-SG,403.701,9.8,-500,10,2.7,,
2026-09-20T10:50:41.998Z,X3843070,4465,44.31141,7.56622,14564.2,3.9,13.7,165.0,-60.9,5.8,-1.0,RS41-SG,403.701,9.8,-500,10,2.7,,
2026-09-20T10:50:42.998Z,X3843070,4466,44.31129,7.56626,14568.2,4.0,13.6,164.8,-60.8,5.7,-1.0,RS41-SG,403.701,9.2,-500,10,2.8,,
2026-09-20T10:50:43.998Z,X3843070,4467,44.31117,7.56630,14572.8,5.1,13.0,165.6,-60.8,5.7,-1.0,RS41-SG,403.701,10.0,-500,10,2.8,,
2026-09-20T10:50:44.998Z,X3843070,4468,44.31106,7.56634,14577.3,4.1,12.5,166.4,-60.8,5.7,-1.0,RS41-SG,403.701,10.1,-500,10,2.8,,
2026-09-20T10:50:45.998Z,X3843070,4469,44.31095,7.56637,14581.7,4.6,12.5,168.8,-60.8,5.7,-1.0,RS41-SG,403.701,10.2,-500,10,2.7,,
2026-09-20T10:50:46.998Z,X3843070,4470,44.31084,7.56640,14586.5,4.9,13.0,171.1,-60.9,5.7,-1.0,RS41-SG,403.701,10.2,-500,10,2.7,,
2026-09-20T10:50:47.998Z,X3843070,4471,44.31072,7.56642,14591.5,4.9,13.2,173.5,-60.9,5.6,-1.0,RS41-SG,403.701,9.7,-500,10,2.7,,
2026-09-20T10:50:48.998Z,X3843070,4472,44.31061,7.56644,14596.4,4.8,12.9,175.6,-60.9,5.5,-1.0,RS41-SG,403.701,9.8,-500,10,2.8,,
2026-09-20T10:50:49.998Z,X3843070,4473,44.31049,7.56645,14601.2,4.7,12.3,177.0,-61.0,5.5,-1.0,RS41-SG,403.701,9.8,-500,10,2.8,,
2026-09-20T10:50:50.998Z,X3843070,4474,44.31038,7.56646,14605.3,3.5,12.0,177.7,-61.0,5.5,-1.0,RS41-SG,403.701,9.8,-500,10,2.7,,
2026-09-20T10:50:51.998Z,X3843070,4475,44.31028,7.56646,14609.3,4.5,11.9,178.0,-61.0,5.4,-1.0,RS41-SG,403.701,8.8,-500,10,2.7,,
2026-09-20T10:50:52.998Z,X3843070,4476,44.31017,7.56647,14614.2,5.1,12.5,177.0,-61.0,5.4,-1.0,RS41-SG,403.701,8.9,-500,10,2.7,,
2026-09-20T10:50:53.998Z,X3843070,4477,44.31005,7.56648,14618.8,3.9,12.7,176.3,-61.0,5.5,-1.0,RS41-SG,403.701,9.3,-500,10,2.8,,
2026-09-20T10:50:54.998Z,X3843070,4478,44.30994,7.56649,14623.1,4.7,12.2,176.5,-61.0,5.5,-1.0,RS41-SG,403.701,9.3,-500,10,2.8,,
2026-09-20T10:50:55.998Z,X3843070,4479,44.30984,7.56650,14628.0,4.9,11.3,177.1,-61.0,5.5,-1.0,RS41-SG,403.701,8.4,-500,10,2.8,,
2026-09-20T10:50:56.998Z,X3843070,4480,44.30974,7.56650,14632.2,3.5,10.7,176.4,-61.0,5.5,-1.0,RS41-SG,403.701,8.3,-500,10,2.7,,
2026-09-20T10:50:57.998Z,X3843070,4481,44.30965,7.56651,14635.7,3.6,10.1,174.1,-61.0,5.5,-1.0,RS41-SG,403.701,7.9,-500,10,2.7,,
2026-09-20T10:50:58.998Z,X3843070,4482,44.30956,7.56653,14639.9,4.6,10.0,171.1,-60.9,5.4,-1.0,RS41-SG,403.701,8.5,-500,10,2.7,,
2026-09-20T10:50:59.998Z,X3843070,4483,44.30947,7.56655,14644.3,4.3,10.5,170.8,-60.9,5.4,-1.0,RS41-SG,403.701,8.7,-500,10,2.8,,
2026-09-20T10:51:00.998Z,X3843070,4484,44.30937,7.56657,14648.5,4.1,10.6,172.6,-60.9,5.4,-1.0,RS41-SG,403.701,8.7,-500,10,2.8,,
2026-09-20T10:51:01.998Z,X3843070,4485,44.30928,7.56658,14653.3,5.3,10.1,177.4,-60.8,5.3,-1.0,RS41-SG,403.701,9.3,-500,10,2.7,,
2026-09-20T10:51:02.998Z,X3843070,4486,44.30919,7.56658,14657.9,3.8,9.7,179.2,-60.7,5.2,-1.0,RS41-SG,403.701,9.3,-500,10,2.7,,
2026-09-20T10:51:03.998Z,X3843070,4487,44.30910,7.56659,14661.9,4.3,9.6,180.4,-60.6,5.2,-1.0,RS41-SG,403.701,8.5,-500,10,2.7,,
2026-09-20T10:51:05.998Z,X3843070,4489,44.30893,7.56660,14671.3,4.0,10.0,173.0,-60.6,5.2,-1.0,RS41-SG,403.701,7.4,-500,10,2.8,,
2026-09-20T10:51:06.998Z,X3843070,4490,44.30884,7.56662,14675.3,4.0,9.9,170.4,-60.5,5.2,-1.0,RS41-SG,403.701,7.9,-500,10,2.8,,
2026-09-20T10:51:07.998Z,X3843070,4491,44.30876,7.56664,14679.8,5.0,9.2,170.6,-60.5,5.1,-1.0,RS41-SG,403.701,7.9,-500,10,2.7,,
2026-09-20T10:51:08.998Z,X3843070,4492,44.30868,7.56665,14684.7,4.6,8.5,172.3,-60.6,5.1,-1.0,RS41-SG,403.701,7.8,-500,10,2.7,,
2026-09-20T10:51:09.998Z,X3843070,4493,44.30860,7.56666,14688.9,3.6,8.2,176.6,-60.5,5.1,-1.0,RS41-SG,403.701,8.0,-500,10,2.7,,
2026-09-20T10:51:11.998Z,X3843070,4495,44.30845,7.56667,14697.5,4.3,8.8,179.1,-60.3,5.0,-1.0,RS41-SG,403.701,7.2,-500,10,2.8,,
2026-09-20T10:51:12.998Z,X3843070,4496,44.30837,7.56667,14701.6,4.0,9.0,180.8,-60.3,4.9,-1.0,RS41-SG,403.701,7.4,-500,10,2.8,,
2026-09-20T10:51:13.998Z,X3843070,4497,44.30829,7.56666,14706.0,4.7,8.6,184.9,-60.3,4.9,-1.0,RS41-SG,403.701,7.4,-500,10,2.8,,
2026-09-20T10:51:14.998Z,X3843070,4498,44.30822,7.56665,14710.4,3.8,8.0,186.9,-60.2,4.9,-1.0,RS41-SG,403.701,7.4,-500,10,2.7,,
2026-09-20T10:51:15.998Z,X3843070,4499,44.30815,7.56664,14714.6,4.5,7.8,188.9,-60.3,4.9,-1.0,RS41-SG,403.701,8.3,-500,10,2.7,,
2026-09-20T10:51:16.998Z,X3843070,4500,44.30808,7.56662,14719.6,5.6,8.0,188.9,-60.2,4.9,-1.0,RS41-SG,403.701,8.3,-500,10,2.7,,
2026-09-20T10:51:19.998Z,X3843070,4503,44.30788,7.56661,14734.6,4.6,6.6,174.5,-60.3,4.8,-1.0,RS41-SG,403.701,7.5,-500,10,2.7,,
2026-09-20T10:51:21.998Z,X3843070,4505,44.30776,7.56664,14743.5,4.5,7.1,164.3,-60.2,4.8,-1.0,RS41-SG,403.701,8.4,-500,10,2.7,,
2026-09-20T10:52:09.998Z,X3843070,4553,44.30592,7.56742,14972.5,5.6,4.0,157.2,-60.9,4.4,-1.0,RS41-SG,403.701,7.0,-500,11,2.7,,
2026-09-20T10:52:21.998Z,X3843070,4565,44.30550,7.56804,15028.2,4.4,4.4,127.1,-61.3,4.4,-1.0,RS41-SG,403.701,6.8,-500,11,2.8,,
2026-09-20T10:52:31.998Z,X3843070,4575,44.30531,7.56875,15073.5,3.9,7.8,118.3,-61.7,4.2,-1.0,RS41-SG,403.701,7.0,-500,11,2.8,,
2026-09-20T10:52:32.998Z,X3843070,4576,44.30527,7.56884,15077.3,3.7,7.8,123.1,-61.7,4.3,-1.0,RS41-SG,403.701,7.0,-500,11,2.7,,
2026-09-20T10:52:49.998Z,X3843070,4593,44.30462,7.57021,15152.9,4.6,9.4,127.0,-62.0,4.2,-1.0,RS41-SG,403.701,7.3,-500,11,2.8,,
2026-09-20T10:52:50.998Z,X3843070,4594,44.30457,7.57030,15157.5,4.5,8.7,123.5,-62.0,4.3,-1.0,RS41-SG,403.701,7.3,-500,11,2.8,,
2026-09-20T10:52:53.998Z,X3843070,4597,44.30445,7.57057,15170.1,4.0,8.6,121.2,-62.0,4.4,-1.0,RS41-SG,403.701,7.0,-500,11,2.7,,
2026-09-20T10:52:54.998Z,X3843070,4598,44.30441,7.57066,15174.3,4.3,8.6,120.3,-62.0,4.3,-1.0,RS41-SG,403.701,7.2,-500,11,2.7,,
2026-09-20T10:52:55.998Z,X3843070,4599,44.30437,7.57075,15178.8,4.7,8.1,117.3,-62.0,4.4,-1.0,RS41-SG,403.701,7.2,-500,11,2.8,,
2026-09-20T10:52:56.998Z,X3843070,4600,44.30434,7.57084,15183.3,4.3,7.8,115.9,-62.1,4.4,-1.0,RS41-SG,403.701,7.4,-500,11,2.8,,
2026-09-20T10:52:57.998Z,X3843070,4601,44.30431,7.57093,15187.2,3.4,8.0,117.8,-62.2,4.4,-1.0,RS41-SG,403.701,7.4,-500,11,2.7,,
2026-09-20T10:52:59.998Z,X3843070,4603,44.30422,7.57112,15195.9,4.3,10.0,125.2,-62.3,4.4,-1.0,RS41-SG,403.701,8.1,-500,11,2.7,,
2026-09-20T10:53:00.998Z,X3843070,4604,44.30417,7.57122,15200.0,3.8,10.9,128.8,-62.3,4.3,-1.0,RS41-SG,403.701,8.1,-500,11,2.8,,
2026-09-20T10:53:01.998Z,X3843070,4605,44.30410,7.57133,15204.6,5.3,11.0,131.5,-62.3,4.4,-1.0,RS41-SG,403.701,8.7,-500,11,2.8,,
2026-09-20T10:53:02.998Z,X3843070,4606,44.30404,7.57143,15209.1,3.6,10.6,133.0,-62.3,4.3,-1.0,RS41-SG,403.701,8.7,-500,11,2.7,,
2026-09-20T10:53:04.998Z,X3843070,4608,44.30391,7.57161,15217.0,4.7,10.1,137.4,-62.3,4.3,-1.0,RS41-SG,403.701,8.0,-500,11,2.7,,
2026-09-20T10:53:05.998Z,X3843070,4609,44.30384,7.57169,15221.6,4.4,10.0,138.7,-62.3,4.3,-1.0,RS41-SG,403.701,8.6,-500,11,2.8,,
2026-09-20T10:53:06.998Z,X3843070,4610,44.30378,7.57177,15226.2,4.9,9.2,138.2,-62.3,4.4,-1.0,RS41-SG,403.701,8.6,-500,11,2.8,,
2026-09-20T10:53:07.998Z,X3843070,4611,44.30372,7.57185,15230.3,3.1,8.6,135.7,-62.3,4.5,-1.0,RS41-SG,403.701,8.6,-500,11,2.8,,
2026-09-20T10:53:08.998Z,X3843070,4612,44.30367,7.57193,15233.9,4.1,8.5,131.6,-62.4,4.5,-1.0,RS41-SG,403.701,8.6,-500,11,2.7,,
2026-09-20T10:53:09.998Z,X3843070,4613,44.30361,7.57201,15238.8,5.5,9.2,129.0,-62.4,4.5,-1.0,RS41-SG,403.701,8.6,-500,11,2.7,,
2026-09-20T10:53:10.998Z,X3843070,4614,44.30356,7.57211,15243.7,4.0,10.1,127.5,-62.3,4.5,-1.0,RS41-SG,403.701,8.6,-500,11,2.7,,
2026-09-20T10:53:11.998Z,X3843070,4615,44.30350,7.57221,15247.5,3.5,10.7,128.8,-62.3,4.5,-1.0,RS41-SG,403.701,8.8,-500,11,2.7,,
2026-09-20T10:53:12.998Z,X3843070,4616,44.30344,7.57231,15251.9,5.1,10.7,132.2,-62.3,4.5,-1.0,RS41-SG,403.701,8.8,-500,11,2.8,,
2026-09-20T10:53:13.998Z,X3843070,4617,44.30338,7.57240,15256.7,4.4,10.4,135.0,-62.3,4.6,-1.0,RS41-SG,403.701,9.1,-500,11,2.8,,
2026-09-20T10:53:14.998Z,X3843070,4618,44.30331,7.57249,15261.3,4.9,10.5,138.2,-62.3,4.5,-1.0,RS41-SG,403.701,9.1,-500,11,2.8,,
2026-09-20T10:53:15.998Z,X3843070,4619,44.30324,7.57258,15266.0,4.3,10.5,139.0,-62.3,4.5,-1.0,RS41-SG,403.701,8.3,-500,11,2.7,,
2026-09-20T10:53:16.998Z,X3843070,4620,44.30317,7.57267,15270.0,3.6,10.3,138.3,-62.3,4.5,-1.0,RS41-SG,403.701,8.2,-500,11,2.7,,
2026-09-20T10:53:17.998Z,X3843070,4621,44.30310,7.57275,15274.3,4.8,9.5,139.6,-62.4,4.5,-1.0,RS41-SG,403.701,8.4,-500,11,2.7,,
2026-09-20T10:53:18.998Z,X3843070,4622,44.30304,7.57282,15279.0,4.4,8.5,139.0,-62.4,4.4,-1.0,RS41-SG,403.701,8.4,-500,11,2.7,,
2026-09-20T10:53:19.998Z,X3843070,4623,44.30298,7.57289,15283.9,5.3,8.2,134.5,-62.4,4.3,-1.0,RS41-SG,403.701,9.4,-500,11,2.8,,
2026-09-20T10:53:20.998Z,X3843070,4624,44.30293,7.57297,15288.4,3.7,8.5,131.0,-62.3,4.3,-1.0,RS41-SG,403.701,10.0,-500,11,2.8,,
2026-09-20T10:53:21.998Z,X3843070,4625,44.30288,7.57305,15291.9,3.3,8.9,129.2,-62.2,4.3,-1.0,RS41-SG,403.701,10.0,-500,11,2.8,,
2026-09-20T10:53:22.998Z,X3843070,4626,44.30283,7.57314,15296.2,5.2,9.0,130.3,-62.3,4.4,-1.0,RS41-SG,403.701,9.9,-500,11,2.7,,
2026-09-20T10:53:23.998Z,X3843070,4627,44.30278,7.57322,15300.9,4.1,9.0,132.5,-62.5,4.4,-1.0,RS41-SG,403.701,10.8,-500,11,2.7,,
2026-09-20T10:53:24.998Z,X3843070,4628,44.30272,7.57331,15305.5,5.1,9.6,136.3,-62.4,4.4,-1.0,RS41-SG,403.701,10.8,-500,11,2.7,,
2026-09-20T10:53:25.998Z,X3843070,4629,44.30265,7.57339,15310.4,4.6,10.5,137.7,-62.4,4.4,-1.0,RS41-SG,403.701,9.5,-500,11,2.7,,
2026-09-20T10:53:26.998Z,X3843070,4630,44.30258,7.57348,15314.6,3.8,11.0,138.5,-62.5,4.4,-1.0,RS41-SG,403.701,10.0,-500,11,2.8,,
2026-09-20T10:53:27.998Z,X3843070,4631,44.30251,7.57357,15318.8,4.5,11.0,140.5,-62.6,4.4,-1.0,RS41-SG,403.701,10.2,-500,11,2.8,,
2026-09-20T10:53:28.998Z,X3843070,4632,44.30243,7.57365,15323.1,4.0,10.4,142.4,-62.6,4.5,-1.0,RS41-SG,403.701,10.2,-500,11,2.8,,
2026-09-20T10:53:29.998Z,X3843070,4633,44.30236,7.57373,15327.4,4.3,9.9,140.1,-62.6,4.5,-1.0,RS41-SG,403.701,9.9,-500,11,2.7,,
2026-09-20T10:53:30.998Z,X3843070,4634,44.30229,7.57381,15331.5,3.9,9.8,137.6,-62.7,4.5,-1.0,RS41-SG,403.701,10.0,-500,11,2.7,,
2026-09-20T10:53:31.998Z,X3843070,4635,44.30223,7.57390,15335.5,3.9,9.6,134.5,-62.6,4.5,-1.0,RS41-SG,403.701,10.1,-500,11,2.7,,
2026-09-20T10:53:32.998Z,X3843070,4636,44.30218,7.57398,15339.8,4.7,8.7,131.0,-62.6,4.6,-1.0,RS41-SG,403.701,10.1,-500,11,2.7,,
2026-09-20T10:53:33.998Z,X3843070,4637,44.30213,7.57406,15344.1,3.9,8.2,129.6,-62.6,4.5,-1.0,RS41-SG,403.701,10.2,-500,11,2.8,,
2026-09-20T10:53:34.998Z,X3843070,4638,44.30208,7.57414,15348.5,4.8,8.1,131.3,-62.6,4.5,-1.0,RS41-SG,403.701,10.2,-500,11,2.8,,
2026-09-20T10:53:35.998Z,X3843070,4639,44.30203,7.57422,15353.1,4.2,8.6,132.2,-62.6,4.4,-1.0,RS41-SG,403.701,10.0,-500,11,2.8,,
2026-09-20T10:53:36.998Z,X3843070,4640,44.30197,7.57430,15356.9,3.3,9.0,134.8,-62.4,4.5,-1.0,RS41-SG,403.701,9.9,-500,11,2.7,,
2026-09-20T10:53:37.998Z,X3843070,4641,44.30192,7.57437,15360.9,4.5,9.0,137.6,-62.5,4.5,-1.0,RS41-SG,403.701,9.9,-500,11,2.7,,
2026-09-20T10:53:38.998Z,X3843070,4642,44.30186,7.57445,15365.6,4.6,8.8,141.2,-62.5,4.4,-1.0,RS41-SG,403.701,11.1,-500,11,2.7,,
2026-09-20T10:53:39.998Z,X3843070,4643,44.30179,7.57451,15370.0,4.3,8.7,145.0,-62.4,4.5,-1.0,RS41-SG,403.701,11.1,-500,11,2.7,,
2026-09-20T10:53:40.998Z,X3843070,4644,44.30172,7.57457,15374.9,5.5,9.5,147.9,-62.5,4.4,-1.0,RS41-SG,403.701,11.0,-500,11,2.8,,
2026-09-20T10:53:41.998Z,X3843070,4645,44.30165,7.57464,15379.5,3.5,10.0,148.5,-62.4,4.4,-1.0,RS41-SG,403.701,11.0,-500,11,2.8,,
2026-09-20T10:53:42.998Z,X3843070,4646,44.30157,7.57470,15383.5,4.3,10.1,149.0,-62.5,4.4,-1.0,RS41-SG,403.701,10.7,-500,11,2.8,,
2026-09-20T10:53:43.998Z,X3843070,4647,44.30150,7.57477,15387.7,3.9,9.8,148.7,-62.4,4.4,-1.0,RS41-SG,403.701,10.7,-500,11,2.7,,
2026-09-20T10:53:44.998Z,X3843070,4648,44.30142,7.57483,15392.1,5.0,9.3,148.5,-62.5,4.4,-1.0,RS41-SG,403.701,10.4,-500,11,2.7,,
2026-09-20T10:53:45.998Z,X3843070,4649,44.30135,7.57489,15396.9,4.6,9.6,146.3,-62.6,4.4,-1.0,RS41-SG,403.701,11.0,-500,11,2.7,,
2026-09-20T10:53:46.998Z,X3843070,4650,44.30128,7.57496,15400.8,3.0,9.8,145.8,-62.5,4.4,-1.0,RS41-SG,403.701,11.0,-500,11,2.7,,
2026-09-20T10:53:47.998Z,X3843070,4651,44.30121,7.57503,15404.8,4.9,9.7,146.6,-62.6,4.5,-1.0,RS41-SG,403.701,11.0,-500,11,2.8,,
2026-09-20T10:53:48.998Z,X3843070,4652,44.30114,7.57509,15409.5,4.4,9.1,147.4,-62.6,4.4,-1.0,RS41-SG,403.701,10.0,-500,11,2.8,,
2026-09-20T10:53:49.998Z,X3843070,4653,44.30107,7.57516,15414.7,5.9,9.2,146.6,-62.5,4.4,-1.0,RS41-SG,403.701,10.2,-500,11,2.8,,
2026-09-20T10:53:50.998Z,X3843070,4654,44.30100,7.57522,15419.4,3.4,9.5,144.8,-62.5,4.4,-1.0,RS41-SG,403.701,10.2,-500,11,2.7,,
2026-09-20T10:53:51.998Z,X3843070,4655,44.30093,7.57529,15423.5,4.9,9.6,142.7,-62.4,4.4,-1.0,RS41-SG,403.701,10.2,-500,11,2.7,,
2026-09-20T10:53:52.998Z,X3843070,4656,44.30086,7.57536,15427.9,3.8,9.1,143.1,-62.4,4.4,-1.0,RS41-SG,403.701,10.4,-500,11,2.7,,
2026-09-20T10:53:53.998Z,X3843070,4657,44.30080,7.57543,15432.7,5.7,9.1,140.7,-62.4,4.3,-1.0,RS41-SG,403.701,10.4,-500,11,2.7,,
2026-09-20T10:53:54.998Z,X3843070,4658,44.30073,7.57551,15437.9,4.6,9.6,139.1,-62.2,4.2,-1.0,RS41-SG,403.701,10.2,-500,11,2.8,,
2026-09-20T10:53:55.998Z,X3843070,4659,44.30067,7.57559,15441.2,2.0,10.3,137.7,-62.2,4.3,-1.0,RS41-SG,403.701,10.5,-500,11,2.8,,
2026-09-20T10:53:56.998Z,X3843070,4660,44.30060,7.57568,15444.5,4.4,10.7,138.2,-62.2,4.3,-1.0,RS41-SG,403.701,10.5,-500,11,2.8,,
2026-09-20T10:53:57.998Z,X3843070,4661,44.30052,7.57577,15449.2,4.8,10.7,139.5,-62.2,4.3,-1.0,RS41-SG,403.701,10.8,-500,11,2.7,,
2026-09-20T10:53:58.998Z,X3843070,4662,44.30045,7.57585,15453.9,4.3,10.7,141.7,-62.1,4.2,-1.0,RS41-SG,403.701,11.0,-500,11,2.7,,
2026-09-20T10:53:59.998Z,X3843070,4663,44.30037,7.57594,15458.6,5.0,11.0,142.2,-62.2,4.3,-1.0,RS41-SG,403.701,11.0,-500,11,2.7,,
2026-09-20T10:54:00.998Z,X3843070,4664,44.30029,7.57602,15463.4,4.3,11.4,142.6,-62.1,4.3,-1.0,RS41-SG,403.701,11.3,-500,11,2.7,,
2026-09-20T10:54:01.998Z,X3843070,4665,44.30021,7.57611,15467.3,3.5,11.2,142.0,-62.2,4.3,-1.0,RS41-SG,403.701,11.3,-500,11,2.8,,
2026-09-20T10:54:02.998Z,X3843070,4666,44.30013,7.57619,15471.5,4.9,10.6,143.5,-62.2,4.3,-1.0,RS41-SG,403.701,10.8,-500,11,2.8,,
2026-09-20T10:54:03.998Z,X3843070,4667,44.30006,7.57627,15475.8,3.4,10.1,144.1,-62.2,4.3,-1.0,RS41-SG,403.701,10.8,-500,11,2.8,,
2026-09-20T10:54:04.998Z,X3843070,4668,44.29999,7.57634,15479.5,4.1,9.9,143.5,-62.2,4.3,-1.0,RS41-SG,403.701,10.8,-500,11,2.7,,
2026-09-20T10:54:05.998Z,X3843070,4669,44.29991,7.57642,15484.3,5.3,10.3,140.6,-62.3,4.3,-1.0,RS41-SG,403.701,10.2,-500,11,2.7,,
2026-09-20T10:54:06.998Z,X3843070,4670,44.29984,7.57650,15488.9,3.8,10.9,139.3,-62.2,4.3,-1.0,RS41-SG,403.701,11.5,-500,11,2.7,,
2026-09-20T10:54:07.998Z,X3843070,4671,44.29977,7.57659,15493.2,4.8,11.1,139.2,-62.3,4.3,-1.0,RS41-SG,403.701,11.5,-500,11,2.7,,
2026-09-20T10:54:08.998Z,X3843070,4672,44.29969,7.57668,15497.8,4.3,11.1,141.2,-62.2,4.3,-1.0,RS41-SG,403.701,11.2,-500,11,2.8,,
2026-09-20T10:54:09.998Z,X3843070,4673,44.29961,7.57677,15502.2,4.3,11.4,142.4,-62.3,4.3,-1.0,RS41-SG,403.701,11.2,-500,11,2.8,,
2026-09-20T10:54:10.998Z,X3843070,4674,44.29953,7.57685,15506.6,4.5,12.2,144.2,-62.3,4.3,-1.0,RS41-SG,403.701,11.1,-500,11,2.8,,
2026-09-20T10:54:11.998Z,X3843070,4675,44.29943,7.57695,15511.1,4.3,13.0,143.8,-62.3,4.2,-1.0,RS41-SG,403.701,11.1,-500,11,2.7,,
2026-09-20T10:54:12.998Z,X3843070,4676,44.29934,7.57704,15514.8,3.0,13.3,143.9,-62.3,4.3,-1.0,RS41-SG,403.701,10.7,-500,11,2.7,,
2026-09-20T10:54:13.998Z,X3843070,4677,44.29924,7.57714,15518.7,4.8,12.9,143.6,-62.3,4.2,-1.0,RS41-SG,403.701,10.5,-500,11,2.7,,
2026-09-20T10:54:14.998Z,X3843070,4678,44.29915,7.57723,15523.6,4.6,12.0,144.5,-62.3,4.2,-1.0,RS41-SG,403.701,11.2,-500,11,2.7,,
2026-09-20T10:54:15.998Z,X3843070,4679,44.29907,7.57732,15527.5,3.1,11.4,144.5,-62.3,4.2,-1.0,RS41-SG,403.701,11.2,-500,11,2.8,,
2026-09-20T10:54:16.998Z,X3843070,4680,44.29899,7.57740,15531.1,4.1,11.0,144.9,-62.4,4.3,-1.0,RS41-SG,403.701,10.6,-500,11,2.8,,
2026-09-20T10:54:17.998Z,X3843070,4681,44.29891,7.57748,15535.8,5.2,11.2,144.2,-62.4,4.3,-1.0,RS41-SG,403.701,10.5,-500,11,2.8,,
2026-09-20T10:54:18.998Z,X3843070,4682,44.29882,7.57756,15540.6,4.2,11.4,146.2,-62.4,4.3,-1.0,RS41-SG,403.701,10.8,-500,11,2.7,,
2026-09-20T10:54:19.998Z,X3843070,4683,44.29874,7.57763,15545.1,4.9,11.4,148.6,-62.4,4.3,-1.0,RS41-SG,403.701,10.8,-500,11,2.7,,
2026-09-20T10:54:20.998Z,X3843070,4684,44.29865,7.57771,15549.5,3.8,11.2,150.5,-62.5,4.3,-1.0,RS41-SG,403.701,10.7,-500,11,2.7,,
2026-09-20T10:54:21.998Z,X3843070,4685,44.29856,7.57777,15553.1,3.3,11.4,151.8,-62.5,4.3,-1.0,RS41-SG,403.701,10.7,-500,11,2.7,,
2026-09-20T10:54:22.998Z,X3843070,4686,44.29847,7.57785,15557.2,4.8,12.2,151.0,-62.5,4.3,-1.0,RS41-SG,403.701,9.9,-500,11,2.8,,
2026-09-20T10:54:23.998Z,X3843070,4687,44.29837,7.57792,15562.1,4.7,13.3,149.7,-62.4,4.2,-1.0,RS41-SG,403.701,10.8,-500,11,2.8,,
2026-09-20T10:54:24.998Z,X3843070,4688,44.29826,7.57801,15566.3,3.6,14.0,149.1,-62.4,4.2,-1.0,RS41-SG,403.701,12.0,-500,11,2.8,,
2026-09-20T10:54:25.998Z,X3843070,4689,44.29815,7.57810,15570.5,4.6,14.2,150.7,-62.3,4.1,-1.0,RS41-SG,403.701,12.0,-500,11,2.7,,
2026-09-20T10:54:26.998Z,X3843070,4690,44.29804,7.57818,15574.9,4.3,13.5,151.8,-62.3,4.1,-1.0,RS41-SG,403.701,11.6,-500,11,2.7,,
2026-09-20T10:54:27.998Z,X3843070,4691,44.29794,7.57826,15579.6,5.0,13.4,152.3,-62.3,4.1,-1.0,RS41-SG,403.701,11.4,-500,11,2.7,,
2026-09-20T10:54:28.998Z,X3843070,4692,44.29783,7.57834,15584.4,4.6,13.4,151.6,-62.3,4.1,-1.0,RS41-SG,403.701,11.2,-500,11,2.7,,
2026-09-20T10:54:29.998Z,X3843070,4693,44.29772,7.57842,15588.4,3.3,13.5,150.6,-62.3,4.1,-1.0,RS41-SG,403.701,11.2,-500,11,2.8,,
2026-09-20T10:54:30.998Z,X3843070,4694,44.29762,7.57850,15591.9,3.6,13.5,151.4,-62.3,4.1,-1.0,RS41-SG,403.701,11.0,-500,11,2.8,,
2026-09-20T10:54:31.998Z,X3843070,4695,44.29751,7.57858,15596.2,5.0,12.9,153.6,-62.4,4.2,-1.0,RS41-SG,403.701,12.0,-500,11,2.8,,
2026-09-20T10:54:32.998Z,X3843070,4696,44.29741,7.57865,15600.8,4.1,12.7,153.9,-62.3,4.1,-1.0,RS41-SG,403.701,12.0,-500,11,2.7,,
2026-09-20T10:54:33.998Z,X3843070,4697,44.29731,7.57872,15605.7,5.5,12.4,152.8,-62.3,4.1,-1.0,RS41-SG,403.701,11.6,-500,11,2.7,,
2026-09-20T10:54:34.998Z,X3843070,4698,44.29721,7.57879,15610.6,4.0,12.8,150.2,-62.4,4.2,-1.0,RS41-SG,403.701,11.5,-500,11,2.7,,
2026-09-20T10:54:35.998Z,X3843070,4699,44.29711,7.57888,15614.2,3.2,13.0,147.9,-62.3,4.1,-1.0,RS41-SG,403.701,11.5,-500,11,2.7,,
2026-09-20T10:54:36.998Z,X3843070,4700,44.29701,7.57896,15618.2,4.6,13.3,148.2,-62.3,4.1,-1.0,RS41-SG,403.701,10.6,-500,11,2.8,,
2026-09-20T10:54:37.998Z,X3843070,4701,44.29691,7.57905,15622.6,4.1,13.2,149.7,-62.4,4.1,-1.0,RS41-SG,403.701,10.8,-500,11,2.8,,
2026-09-20T10:54:38.998Z,X3843070,4702,44.29680,7.57913,15626.9,4.4,13.6,150.8,-62.4,4.1,-1.0,RS41-SG,403.701,10.8,-500,11,2.8,,
2026-09-20T10:54:39.998Z,X3843070,4703,44.29669,7.57922,15631.9,5.4,14.4,150.3,-62.5,4.1,-1.0,RS41-SG,403.701,11.0,-500,11,2.7,,
2026-09-20T10:54:40.998Z,X3843070,4704,44.29658,7.57931,15636.6,3.8,14.8,149.6,-62.4,4.1,-1.0,RS41-SG,403.701,11.0,-500,11,2.7,,
2026-09-20T10:54:41.998Z,X3843070,4705,44.29647,7.57940,15640.7,4.2,15.0,150.2,-62.4,4.1,-1.0,RS41-SG,403.701,8.7,-500,11,2.7,,
2026-09-20T10:54:42.998Z,X3843070,4706,44.29635,7.57949,15645.3,5.0,14.5,152.0,-62.4,4.1,-1.0,RS41-SG,403.701,8.7,-500,11,2.7,,
2026-09-20T10:54:43.998Z,X3843070,4707,44.29624,7.57957,15650.0,4.0,14.0,154.1,-62.4,4.1,-1.0,RS41-SG,403.701,9.3,-500,11,2.8,,
2026-09-20T10:54:44.998Z,X3843070,4708,44.29612,7.57965,15654.5,5.0,14.0,154.0,-62.4,4.1,-1.0,RS41-SG,403.701,10.2,-500,11,2.8,,
2026-09-20T10:54:45.998Z,X3843070,4709,44.29601,7.57973,15658.9,3.5,14.2,153.3,-62.4,4.0,-1.0,RS41-SG,403.701,10.2,-500,11,2.8,,
2026-09-20T10:54:46.998Z,X3843070,4710,44.29590,7.57981,15662.7,3.7,14.1,153.6,-62.5,4.1,-1.0,RS41-SG,403.701,10.1,-500,11,2.7,,
2026-09-20T10:54:47.998Z,X3843070,4711,44.29578,7.57988,15666.9,4.7,13.8,156.2,-62.4,4.1,-1.0,RS41-SG,403.701,9.5,-500,11,2.7,,
2026-09-20T10:54:48.998Z,X3843070,4712,44.29567,7.57995,15671.3,4.0,13.8,158.5,-62.4,4.1,-1.0,RS41-SG,403.701,10.4,-500,11,2.7,,
2026-09-20T10:54:49.998Z,X3843070,4713,44.29555,7.58001,15675.5,4.2,14.1,158.8,-62.5,4.1,-1.0,RS41-SG,403.701,10.4,-500,11,2.7,,
2026-09-20T10:54:50.998Z,X3843070,4714,44.29543,7.58008,15680.4,5.3,14.8,157.0,-62.6,4.1,-1.0,RS41-SG,403.701,10.3,-500,11,2.8,,
2026-09-20T10:54:51.998Z,X3843070,4715,44.29531,7.58015,15684.7,3.4,15.3,155.3,-62.5,4.0,-1.0,RS41-SG,403.701,10.3,-500,11,2.8,,
2026-09-20T10:54:52.998Z,X3843070,4716,44.29518,7.58023,15688.4,3.8,15.6,154.8,-62.5,4.1,-1.0,RS41-SG,403.701,10.4,-500,11,2.8,,
2026-09-20T10:54:53.998Z,X3843070,4717,44.29506,7.58032,15693.0,5.4,15.4,155.7,-62.5,4.1,-1.0,RS41-SG,403.701,10.4,-500,11,2.7,,
2026-09-20T10:54:54.998Z,X3843070,4718,44.29493,7.58039,15698.0,4.3,15.1,156.9,-62.5,4.1,-1.0,RS41-SG,403.701,10.1,-500,11,2.7,,
2026-09-20T10:54:55.998Z,X3843070,4719,44.29481,7.58046,15702.2,4.1,15.0,157.6,-62.5,4.1,-1.0,RS41-SG,403.701,10.1,-500,11,2.7,,
2026-09-20T10:54:56.998Z,X3843070,4720,44.29468,7.58054,15706.8,5.1,15.2,156.6,-62.5,4.1,-1.0,RS41-SG,403.701,10.1,-500,11,2.7,,
2026-09-20T10:54:57.998Z,X3843070,4721,44.29456,7.58062,15711.4,3.9,15.2,155.1,-62.6,4.1,-1.0,RS41-SG,403.701,10.1,-500,11,2.8,,
2026-09-20T10:54:58.998Z,X3843070,4722,44.29443,7.58070,15715.2,3.6,15.1,154.7,-62.6,4.1,-1.0,RS41-SG,403.701,10.1,-500,11,2.8,,
2026-09-20T10:54:59.998Z,X3843070,4723,44.29431,7.58077,15719.4,4.6,14.8,156.3,-62.7,4.2,-1.0,RS41-SG,403.701,10.5,-500,11,2.8,,
2026-09-20T10:55:00.998Z,X3843070,4724,44.29419,7.58084,15723.8,4.1,14.6,158.6,-62.7,4.1,-1.0,RS41-SG,403.701,10.5,-500,11,2.7,,
2026-09-20T10:55:01.998Z,X3843070,4725,44.29407,7.58091,15727.9,4.3,14.5,158.7,-62.7,4.1,-1.0,RS41-SG,403.701,10.5,-500,11,2.7,,
2026-09-20T10:55:02.998Z,X3843070,4726,44.29395,7.58098,15732.6,5.0,14.4,157.0,-62.6,4.0,-1.0,RS41-SG,403.701,10.6,-500,11,2.7,,
2026-09-20T10:55:03.998Z,X3843070,4727,44.29383,7.58105,15737.0,3.7,14.6,155.1,-62.5,4.0,-1.0,RS41-SG,403.701,10.7,-500,11,2.7,,
2026-09-20T10:55:04.998Z,X3843070,4728,44.29371,7.58113,15741.3,4.7,14.7,155.6,-62.6,4.1,-1.0,RS41-SG,403.701,11.3,-500,11,2.8,,
2026-09-20T10:55:05.998Z,X3843070,4729,44.29359,7.58120,15746.1,4.8,14.7,157.9,-62.6,4.1,-1.0,RS41-SG,403.701,11.3,-500,11,2.8,,
2026-09-20T10:55:06.998Z,X3843070,4730,44.29346,7.58127,15750.1,3.4,14.7,159.6,-62.7,4.1,-1.0,RS41-SG,403.701,9.9,-500,11,2.7,,
2026-09-20T10:55:07.998Z,X3843070,4731,44.29334,7.58133,15754.0,4.3,14.9,159.4,-62.8,4.1,-1.0,RS41-SG,403.701,11.0,-500,11,2.7,,
2026-09-20T10:55:08.998Z,X3843070,4732,44.29321,7.58140,15758.4,4.4,15.0,158.2,-62.8,4.0,-1.0,RS41-SG,403.701,11.0,-500,11,2.7,,
2026-09-20T10:55:09.998Z,X3843070,4733,44.29309,7.58147,15762.9,4.5,14.8,157.6,-62.7,4.0,-1.0,RS41-SG,403.701,10.8,-500,11,2.8,,
2026-09-20T10:55:10.998Z,X3843070,4734,44.29297,7.58154,15767.9,5.4,14.6,158.7,-62.7,4.0,-1.0,RS41-SG,403.701,10.9,-500,11,2.8,,
2026-09-20T10:55:11.998Z,X3843070,4735,44.29285,7.58160,15772.5,3.5,14.4,160.2,-62.7,3.9,-1.0,RS41-SG,403.701,10.9,-500,11,2.8,,
2026-09-20T10:55:12.998Z,X3843070,4736,44.29273,7.58166,15776.3,4.1,13.8,160.4,-62.8,4.0,-1.0,RS41-SG,403.701,10.2,-500,11,2.7,,
2026-09-20T10:55:13.998Z,X3843070,4737,44.29261,7.58172,15781.1,5.3,13.3,157.9,-62.8,3.9,-1.0,RS41-SG,403.701,11.3,-500,11,2.7,,
2026-09-20T10:55:14.998Z,X3843070,4738,44.29251,7.58178,15785.7,3.9,13.0,156.9,-62.7,3.9,-1.0,RS41-SG,403.701,11.3,-500,11,2.7,,
2026-09-20T10:55:15.998Z,X3843070,4739,44.29240,7.58184,15789.9,4.4,13.0,157.8,-62.6,3.9,-1.0,RS41-SG,403.701,11.2,-500,11,2.7,,
2026-09-20T10:55:16.998Z,X3843070,4740,44.29229,7.58190,15794.8,5.2,13.1,161.5,-62.6,4.0,-1.0,RS41-SG,403.701,11.2,-500,11,2.8,,
2026-09-20T10:55:17.998Z,X3843070,4741,44.29218,7.58195,15799.2,3.7,13.2,164.7,-62.6,4.0,-1.0,RS41-SG,403.701,11.1,-500,11,2.8,,
2026-09-20T10:55:18.998Z,X3843070,4742,44.29206,7.58199,15803.1,4.0,13.0,165.7,-62.5,4.0,-1.0,RS41-SG,403.701,10.8,-500,11,2.8,,
2026-09-20T10:55:19.998Z,X3843070,4743,44.29195,7.58203,15807.6,4.9,12.6,164.9,-62.5,4.1,-1.0,RS41-SG,403.701,9.2,-500,11,2.7,,
2026-09-20T10:55:20.998Z,X3843070,4744,44.29184,7.58207,15812.1,4.1,12.3,163.7,-62.5,4.1,-1.0,RS41-SG,403.701,8.8,-500,11,2.7,,
2026-09-20T10:55:21.998Z,X3843070,4745,44.29174,7.58211,15816.8,5.1,12.4,164.9,-62.5,4.1,-1.0,RS41-SG,403.701,9.1,-500,11,2.7,,
2026-09-20T10:55:22.998Z,X3843070,4746,44.29163,7.58215,15821.6,4.5,12.5,167.4,-62.6,4.1,-1.0,RS41-SG,403.701,9.3,-500,11,2.7,,
2026-09-20T10:55:23.998Z,X3843070,4747,44.29152,7.58218,15826.1,4.3,12.2,168.6,-62.6,4.0,-1.0,RS41-SG,403.701,10.3,-500,11,2.8,,
2026-09-20T10:55:24.998Z,X3843070,4748,44.29141,7.58222,15831.2,5.8,11.5,166.9,-62.6,4.0,-1.0,RS41-SG,403.701,10.3,-500,11,2.8,,
2026-09-20T10:55:25.998Z,X3843070,4749,44.29132,7.58225,15836.8,5.3,10.8,165.2,-62.6,3.9,-1.0,RS41-SG,403.701,10.8,-500,11,2.7,,
2026-09-20T10:55:26.998Z,X3843070,4750,44.29122,7.58228,15842.0,4.9,10.7,164.3,-62.6,3.9,-1.0,RS41-SG,403.701,10.8,-500,11,2.7,,
2026-09-20T10:55:27.998Z,X3843070,4751,44.29113,7.58232,15847.9,6.9,10.8,166.2,-62.6,3.9,-1.0,RS41-SG,403.701,10.0,-500,11,2.7,,
2026-09-20T10:55:28.998Z,X3843070,4752,44.29103,7.58235,15854.3,5.8,11.4,169.5,-62.6,3.9,-1.0,RS41-SG,403.701,10.1,-500,11,2.8,,
2026-09-20T10:55:29.998Z,X3843070,4753,44.29093,7.58237,15860.0,5.4,11.3,171.0,-62.7,3.9,-1.0,RS41-SG,403.701,10.5,-500,11,2.8,,
2026-09-20T10:55:30.998Z,X3843070,4754,44.29084,7.58239,15865.8,6.1,10.5,169.6,-62.8,3.9,-1.0,RS41-SG,403.701,10.5,-500,11,2.8,,
2026-09-20T10:55:31.998Z,X3843070,4755,44.29075,7.58242,15871.4,4.8,9.7,167.7,-62.7,3.9,-1.0,RS41-SG,403.701,9.2,-500,11,2.7,,
2026-09-20T10:55:32.998Z,X3843070,4756,44.29066,7.58245,15875.7,3.7,9.4,165.3,-62.7,3.9,-1.0,RS41-SG,403.701,9.4,-500,11,2.7,,
2026-09-20T10:55:33.998Z,X3843070,4757,44.29058,7.58248,15879.8,4.3,9.5,162.9,-62.7,4.0,-1.0,RS41-SG,403.701,9.4,-500,11,2.7,,
2026-09-20T10:55:34.998Z,X3843070,4758,44.29050,7.58251,15884.7,5.4,10.0,162.9,-62.6,4.0,-1.0,RS41-SG,403.701,11.1,-500,11,2.7,,
2026-09-20T10:55:35.998Z,X3843070,4759,44.29041,7.58255,15889.1,3.4,10.2,163.2,-62.8,4.1,-1.0,RS41-SG,403.701,11.1,-500,11,2.8,,
2026-09-20T10:55:36.998Z,X3843070,4760,44.29033,7.58259,15892.7,3.6,9.7,164.1,-62.7,4.1,-1.0,RS41-SG,403.701,10.4,-500,11,2.8,,
2026-09-20T10:55:37.998Z,X3843070,4761,44.29025,7.58262,15897.0,4.9,8.8,164.9,-62.6,4.1,-1.0,RS41-SG,403.701,10.4,-500,11,2.8,,
2026-09-20T10:55:38.998Z,X3843070,4762,44.29017,7.58264,15901.6,4.0,8.2,164.9,-62.7,4.0,-1.0,RS41-SG,403.701,10.1,-500,11,2.7,,
2026-09-20T10:55:39.998Z,X3843070,4763,44.29010,7.58267,15905.5,3.7,7.8,164.6,-62.6,4.0,-1.0,RS41-SG,403.701,9.2,-500,11,2.7,,
2026-09-20T10:55:40.998Z,X3843070,4764,44.29003,7.58270,15910.0,5.2,8.4,164.0,-62.5,4.0,-1.0,RS41-SG,403.701,8.7,-500,11,2.7,,
2026-09-20T10:55:41.998Z,X3843070,4765,44.28996,7.58273,15914.7,4.0,9.2,163.1,-62.7,4.0,-1.0,RS41-SG,403.701,8.7,-500,11,2.7,,
2026-09-20T10:55:42.998Z,X3843070,4766,44.28988,7.58276,15918.9,4.2,9.7,162.2,-62.6,4.0,-1.0,RS41-SG,403.701,8.4,-500,11,2.8,,
2026-09-20T10:55:43.998Z,X3843070,4767,44.28980,7.58280,15923.7,5.4,9.6,161.2,-62.7,4.0,-1.0,RS41-SG,403.701,9.1,-500,11,2.8,,
2026-09-20T10:55:44.998Z,X3843070,4768,44.28971,7.58284,15928.5,4.1,9.6,160.1,-62.8,3.9,-1.0,RS41-SG,403.701,9.5,-500,10,2.7,,
2026-09-20T10:55:45.998Z,X3843070,4769,44.28963,7.58288,15933.0,4.9,9.6,160.0,-62.7,3.9,-1.0,RS41-SG,403.701,9.5,-500,11,2.7,,
2026-09-20T10:55:46.998Z,X3843070,4770,44.28955,7.58292,15937.8,4.6,10.2,160.8,-62.5,3.9,-1.0,RS41-SG,403.701,9.5,-500,11,2.7,,
2026-09-20T10:55:47.998Z,X3843070,4771,44.28946,7.58296,15941.7,3.2,10.4,161.9,-62.5,3.9,-1.0,RS41-SG,403.701,9.5,-500,11,2.8,,
2026-09-20T10:55:48.998Z,X3843070,4772,44.28937,7.58300,15945.7,4.6,9.9,162.7,-62.6,3.9,-1.0,RS41-SG,403.701,10.7,-500,11,2.8,,
2026-09-20T10:55:49.998Z,X3843070,4773,44.28929,7.58304,15950.5,5.1,8.8,163.4,-62.6,3.8,-1.0,RS41-SG,403.701,10.7,-500,11,2.8,,
2026-09-20T10:55:50.998Z,X3843070,4774,44.28922,7.58307,15954.9,3.6,8.1,164.1,-62.6,3.8,-1.0,RS41-SG,403.701,9.8,-500,11,2.7,,
2026-09-20T10:55:51.998Z,X3843070,4775,44.28915,7.58309,15958.8,4.1,7.6,166.0,-62.7,3.8,-1.0,RS41-SG,403.701,9.8,-500,11,2.7,,
2026-09-20T10:55:52.998Z,X3843070,4776,44.28909,7.58311,15963.0,4.3,7.8,168.2,-62.7,3.9,-1.0,RS41-SG,403.701,10.3,-500,11,2.7,,
2026-09-20T10:55:53.998Z,X3843070,4777,44.28902,7.58313,15967.6,4.5,7.9,169.1,-62.8,3.9,-1.0,RS41-SG,403.701,10.5,-500,11,2.7,,
2026-09-20T10:55:54.998Z,X3843070,4778,44.28895,7.58315,15972.6,5.6,7.5,167.7,-62.8,3.8,-1.0,RS41-SG,403.701,10.5,-500,11,2.8,,
2026-09-20T10:55:55.998Z,X3843070,4779,44.28889,7.58317,15977.2,3.5,7.2,165.9,-62.7,3.8,-1.0,RS41-SG,403.701,8.9,-500,11,2.8,,
2026-09-20T10:55:56.998Z,X3843070,4780,44.28882,7.58320,15981.2,4.4,7.4,163.0,-62.7,3.9,-1.0,RS41-SG,403.701,8.6,-500,11,2.7,,
2026-09-20T10:55:57.998Z,X3843070,4781,44.28876,7.58323,15985.5,4.1,8.1,161.1,-62.7,3.9,-1.0,RS41-SG,403.701,9.8,-500,11,2.7,,
2026-09-20T10:55:58.998Z,X3843070,4782,44.28869,7.58326,15989.9,4.7,8.6,158.7,-62.7,3.9,-1.0,RS41-SG,403.701,10.2,-500,11,2.6,,
2026-09-20T10:55:59.998Z,X3843070,4783,44.28862,7.58330,15995.0,5.3,8.5,155.8,-62.7,3.9,-1.0,RS41-SG,403.701,10.2,-500,11,2.8,,
2026-09-20T10:56:00.998Z,X3843070,4784,44.28855,7.58335,15999.2,3.2,8.1,153.9,-62.7,4.0,-1.0,RS41-SG,403.701,10.2,-500,11,2.8,,
2026-09-20T10:56:01.998Z,X3843070,4785,44.28848,7.58339,16003.1,4.7,8.2,154.3,-62.6,3.9,-1.0,RS41-SG,403.701,10.2,-500,11,2.8,,
2026-09-20T10:56:02.998Z,X3843070,4786,44.28841,7.58344,16007.4,3.7,8.6,156.4,-62.5,4.0,-1.0,RS41-SG,403.701,10.4,-500,11,2.7,,
2026-09-20T10:56:03.998Z,X3843070,4787,44.28834,7.58348,16011.8,5.0,8.7,157.0,-62.5,4.0,-1.0,RS41-SG,403.701,10.4,-500,11,2.7,,
2026-09-20T10:56:06.998Z,X3843070,4790,44.28814,7.58360,16025.8,5.0,8.3,157.2,-62.6,4.0,-1.0,RS41-SG,403.701,8.4,-500,11,2.8,,
2026-09-20T10:56:07.998Z,X3843070,4791,44.28806,7.58364,16030.0,3.6,8.9,159.4,-62.7,4.0,-1.0,RS41-SG,403.701,9.5,-500,11,2.8,,
2026-09-20T10:56:08.998Z,X3843070,4792,44.28799,7.58368,16034.4,5.0,9.1,161.4,-62.7,3.9,-1.0,RS41-SG,403.701,10.3,-500,11,2.7,,
2026-09-20T10:56:09.998Z,X3843070,4793,44.28791,7.58372,16039.2,4.6,8.9,162.4,-62.7,3.9,-1.0,RS41-SG,403.701,10.3,-500,11,2.7,,
2026-09-20T10:56:10.998Z,X3843070,4794,44.28784,7.58375,16043.2,3.6,8.6,163.5,-62.7,3.9,-1.0,RS41-SG,403.701,10.0,-500,11,2.7,,
2026-09-20T10:56:11.998Z,X3843070,4795,44.28776,7.58378,16047.5,4.9,9.3,165.1,-62.8,4.0,-1.0,RS41-SG,403.701,10.0,-500,11,2.8,,
2026-09-20T10:56:12.998Z,X3843070,4796,44.28767,7.58381,16052.0,4.2,10.0,165.9,-62.8,3.9,-1.0,RS41-SG,403.701,9.8,-500,11,2.8,,
2026-09-20T10:56:13.998Z,X3843070,4797,44.28759,7.58384,16056.6,4.9,10.3,164.5,-62.8,3.9,-1.0,RS41-SG,403.701,11.1,-500,11,2.8,,
2026-09-20T10:56:14.998Z,X3843070,4798,44.28750,7.58388,16061.5,4.8,9.9,162.3,-62.9,3.9,-1.0,RS41-SG,403.701,11.1,-500,11,2.7,,
2026-09-20T10:56:15.998Z,X3843070,4799,44.28742,7.58392,16065.8,3.7,9.6,159.2,-62.9,3.9,-1.0,RS41-SG,403.701,11.3,-500,11,2.7,,
2026-09-20T10:56:16.998Z,X3843070,4800,44.28734,7.58396,16070.0,4.7,9.7,156.1,-63.0,3.9,-1.0,RS41-SG,403.701,11.3,-500,11,2.7,,
2026-09-20T10:56:17.998Z,X3843070,4801,44.28726,7.58401,16074.2,3.6,10.1,155.8,-62.9,3.9,-1.0,RS41-SG,403.701,11.5,-500,11,2.7,,
2026-09-20T10:56:18.998Z,X3843070,4802,44.28717,7.58406,16078.9,5.7,9.6,156.6,-62.9,4.0,-1.0,RS41-SG,403.701,11.7,-500,11,2.8,,
2026-09-20T10:56:19.998Z,X3843070,4803,44.28710,7.58411,16084.0,4.4,8.7,158.3,-62.9,3.9,-1.0,RS41-SG,403.701,11.7,-500,11,2.8,,
2026-09-20T10:56:20.998Z,X3843070,4804,44.28703,7.58414,16087.9,3.5,7.8,159.7,-62.8,4.0,-1.0,RS41-SG,403.701,11.3,-500,11,2.7,,
2026-09-20T10:56:21.998Z,X3843070,4805,44.28696,7.58417,16092.2,4.9,7.8,161.2,-62.8,4.0,-1.0,RS41-SG,403.701,11.4,-500,10,2.7,,
2026-09-20T10:56:22.998Z,X3843070,4806,44.28690,7.58421,16096.6,4.0,8.1,161.5,-62.7,4.0,-1.0,RS41-SG,403.701,11.4,-500,10,2.7,,
2026-09-20T10:56:23.998Z,X3843070,4807,44.28683,7.58424,16101.3,5.4,7.6,164.3,-62.7,4.0,-1.0,RS41-SG,403.701,12.2,-500,10,2.8,,
2026-09-20T10:56:24.998Z,X3843070,4808,44.28676,7.58426,16106.0,3.8,7.2,167.6,-62.7,3.9,-1.0,RS41-SG,403.701,12.2,-500,10,2.8,,
2026-09-20T10:56:25.998Z,X3843070,4809,44.28670,7.58428,16109.8,3.9,7.1,167.9,-62.8,3.9,-1.0,RS41-SG,403.701,11.5,-500,10,2.8,,
2026-09-20T10:56:26.998Z,X3843070,4810,44.28664,7.58430,16114.4,5.3,7.8,166.0,-62.9,3.9,-1.0,RS41-SG,403.701,12.0,-500,10,2.7,,
2026-09-20T10:56:27.998Z,X3843070,4811,44.28656,7.58432,16118.9,3.6,8.7,163.8,-62.9,3.9,-1.0,RS41-SG,403.701,12.0,-500,10,2.7,,
2026-09-20T10:56:28.998Z,X3843070,4812,44.28649,7.58436,16122.9,4.5,9.2,162.9,-62.8,3.8,-1.0,RS41-SG,403.701,11.6,-500,10,2.7,,
2026-09-20T10:56:29.998Z,X3843070,4813,44.28641,7.58439,16127.5,4.6,9.1,162.8,-62.8,3.8,-1.0,RS41-SG,403.701,11.6,-500,10,2.7,,
2026-09-20T10:56:30.998Z,X3843070,4814,44.28633,7.58442,16132.2,4.8,9.4,162.3,-62.7,3.8,-1.0,RS41-SG,403.701,11.6,-500,10,2.8,,
2026-09-20T10:56:31.998Z,X3843070,4815,44.28625,7.58446,16137.0,4.5,9.8,160.5,-62.7,3.8,-1.0,RS41-SG,403.701,11.4,-500,10,2.8,,
2026-09-20T10:56:32.998Z,X3843070,4816,44.28616,7.58451,16141.3,4.1,10.1,159.0,-62.8,3.9,-1.0,RS41-SG,403.701,12.2,-500,10,2.7,,
2026-09-20T10:56:33.998Z,X3843070,4817,44.28608,7.58455,16146.0,5.2,9.8,159.8,-62.9,3.9,-1.0,RS41-SG,403.701,12.2,-500,10,2.7,,
2026-09-20T10:56:34.998Z,X3843070,4818,44.28600,7.58459,16150.5,3.6,9.1,161.7,-62.8,3.9,-1.0,RS41-SG,403.701,10.7,-500,10,2.7,,
2026-09-20T10:56:35.998Z,X3843070,4819,44.28592,7.58462,16154.3,3.9,8.7,162.7,-62.9,4.0,-1.0,RS41-SG,403.701,10.8,-500,10,2.8,,
2026-09-20T10:56:36.998Z,X3843070,4820,44.28585,7.58466,16158.8,4.9,8.9,161.7,-63.0,4.0,-1.0,RS41-SG,403.701,11.2,-500,10,2.8,,
2026-09-20T10:56:37.998Z,X3843070,4821,44.28577,7.58469,16163.1,3.8,9.0,159.9,-63.0,3.9,-1.0,RS41-SG,403.701,12.2,-500,10,2.8,,
2026-09-20T10:56:38.998Z,X3843070,4822,44.28570,7.58473,16167.4,4.8,8.5,158.0,-62.9,4.0,-1.0,RS41-SG,403.701,12.2,-500,10,2.7,,
2026-09-20T10:56:39.998Z,X3843070,4823,44.28563,7.58477,16171.9,3.9,7.8,157.0,-62.9,3.9,-1.0,RS41-SG,403.701,11.8,-500,10,2.7,,
2026-09-20T10:56:40.998Z,X3843070,4824,44.28557,7.58481,16176.0,4.1,7.5,153.9,-63.0,4.0,-1.0,RS41-SG,403.701,11.8,-500,10,2.7,,
2026-09-20T10:56:41.998Z,X3843070,4825,44.28551,7.58485,16180.3,4.7,7.9,150.6,-63.0,4.0,-1.0,RS41-SG,403.701,12.0,-500,10,2.7,,
2026-09-20T10:56:42.998Z,X3843070,4826,44.28544,7.58491,16184.7,4.2,8.6,150.0,-62.9,3.9,-1.0,RS41-SG,403.701,12.2,-500,10,2.8,,
2026-09-20T10:56:43.998Z,X3843070,4827,44.28538,7.58496,16189.7,5.8,8.7,152.7,-62.9,3.9,-1.0,RS41-SG,403.701,12.2,-500,10,2.8,,
2026-09-20T10:56:44.998Z,X3843070,4828,44.28531,7.58501,16194.7,4.0,8.7,155.5,-63.0,3.9,-1.0,RS41-SG,403.701,11.9,-500,10,2.7,,
2026-09-20T10:56:45.998Z,X3843070,4829,44.28523,7.58505,16198.8,4.2,8.8,157.2,-63.1,3.9,-1.0,RS41-SG,403.701,11.9,-500,10,2.7,,
2026-09-20T10:56:46.998Z,X3843070,4830,44.28516,7.58509,16203.1,4.4,9.3,156.7,-63.1,3.9,-1.0,RS41-SG,403.701,11.2,-500,10,2.7,,
2026-09-20T10:56:47.998Z,X3843070,4831,44.28508,7.58514,16207.5,4.2,9.3,155.9,-63.1,3.9,-1.0,RS41-SG,403.701,11.5,-500,10,2.8,,
2026-09-20T10:56:48.998Z,X3843070,4832,44.28501,7.58518,16212.0,4.7,8.5,156.9,-63.1,4.0,-1.0,RS41-SG,403.701,11.8,-500,10,2.8,,
2026-09-20T10:56:49.998Z,X3843070,4833,44.28494,7.58522,16216.7,4.6,7.5,158.5,-63.2,3.9,-1.0,RS41-SG,403.701,12.1,-500,10,2.7,,
2026-09-20T10:56:50.998Z,X3843070,4834,44.28488,7.58525,16221.0,4.0,6.9,160.6,-63.2,3.9,-1.0,RS41-SG,403.701,12.4,-500,10,2.7,,
2026-09-20T10:56:51.998Z,X3843070,4835,44.28482,7.58528,16225.1,4.1,6.7,160.8,-63.2,3.9,-1.0,RS41-SG,403.701,12.4,-500,10,2.6,,
2026-09-20T10:56:52.998Z,X3843070,4836,44.28477,7.58531,16229.4,4.4,7.2,161.0,-63.2,3.9,-1.0,RS41-SG,403.701,11.7,-500,10,2.8,,
2026-09-20T10:56:53.998Z,X3843070,4837,44.28470,7.58534,16233.6,3.9,7.5,162.0,-63.2,4.0,-1.0,RS41-SG,403.701,11.7,-500,10,2.8,,
2026-09-20T10:56:54.998Z,X3843070,4838,44.28464,7.58537,16237.8,4.3,7.6,163.9,-63.1,4.0,-1.0,RS41-SG,403.701,10.7,-500,10,2.8,,
2026-09-20T10:56:55.998Z,X3843070,4839,44.28458,7.58539,16242.2,4.5,7.1,163.5,-63.1,3.9,-1.0,RS41-SG,403.701,10.7,-500,10,2.7,,
2026-09-20T10:56:56.998Z,X3843070,4840,44.28452,7.58542,16246.5,4.0,6.7,159.6,-63.1,3.9,-1.0,RS41-SG,403.701,11.7,-500,10,2.7,,
2026-09-20T10:56:57.998Z,X3843070,4841,44.28446,7.58545,16250.5,3.9,6.8,153.4,-63.1,3.9,-1.0,RS41-SG,403.701,11.7,-500,10,2.6,,
2026-09-20T10:56:58.998Z,X3843070,4842,44.28441,7.58550,16254.6,4.2,7.4,147.0,-63.1,3.9,-1.0,RS41-SG,403.701,10.5,-500,10,2.6,,
2026-09-20T10:56:59.998Z,X3843070,4843,44.28435,7.58555,16259.0,4.4,8.2,145.1,-63.1,3.9,-1.0,RS41-SG,403.701,9.6,-500,10,2.8,,
2026-09-20T10:57:00.998Z,X3843070,4844,44.28429,7.58561,16263.0,3.7,8.3,145.1,-63.2,3.9,-1.0,RS41-SG,403.701,10.8,-500,10,2.8,,
2026-09-20T10:57:01.998Z,X3843070,4845,44.28423,7.58567,16267.0,4.4,7.8,144.9,-63.1,3.9,-1.0,RS41-SG,403.701,11.8,-500,10,2.7,,
2026-09-20T10:57:02.998Z,X3843070,4846,44.28417,7.58572,16271.6,4.6,6.8,145.6,-63.1,3.8,-1.0,RS41-SG,403.701,11.8,-500,10,2.7,,
2026-09-20T10:57:03.998Z,X3843070,4847,44.28412,7.58577,16275.7,3.3,6.1,148.4,-63.0,3.9,-1.0,RS41-SG,403.701,11.8,-500,10,2.6,,
2026-09-20T10:57:04.998Z,X3843070,4848,44.28408,7.58580,16279.4,4.1,5.6,152.3,-63.1,3.9,-1.0,RS41-SG,403.701,11.0,-500,10,2.8,,
2026-09-20T10:57:05.998Z,X3843070,4849,44.28403,7.58583,16283.8,4.6,5.9,154.2,-63.1,3.8,-1.0,RS41-SG,403.701,11.0,-500,10,2.8,,
2026-09-20T10:57:06.998Z,X3843070,4850,44.28398,7.58587,16288.2,4.0,6.3,151.9,-63.0,3.7,-1.0,RS41-SG,403.701,11.3,-500,10,2.7,,
2026-09-20T10:57:07.998Z,X3843070,4851,44.28394,7.58591,16292.2,4.1,6.5,143.6,-62.9,3.7,-1.0,RS41-SG,403.701,11.4,-500,10,2.7,,
2026-09-20T10:57:08.998Z,X3843070,4852,44.28389,7.58597,16296.6,4.8,6.5,133.4,-62.9,3.7,-1.0,RS41-SG,403.701,11.4,-500,10,2.7,,
2026-09-20T10:57:09.998Z,X3843070,4853,44.28385,7.58603,16301.1,3.9,6.6,127.8,-63.0,3.7,-1.0,RS41-SG,403.701,10.5,-500,10,2.8,,
2026-09-20T10:57:10.998Z,X3843070,4854,44.28382,7.58609,16305.4,4.6,6.8,126.3,-63.0,3.6,-1.0,RS41-SG,403.701,10.7,-500,10,2.8,,
2026-09-20T10:57:11.998Z,X3843070,4855,44.28378,7.58616,16310.1,4.6,7.2,131.2,-63.0,3.5,-1.0,RS41-SG,403.701,10.7,-500,9,2.8,,
2026-09-20T10:57:12.998Z,X3843070,4856,44.28373,7.58623,16314.4,4.2,7.4,133.5,-63.0,3.5,-1.0,RS41-SG,403.701,10.4,-500,9,2.7,,
2026-09-20T10:57:13.998Z,X3843070,4857,44.28369,7.58630,16319.1,5.1,7.4,133.3,-63.0,3.6,-1.0,RS41-SG,403.701,10.4,-500,10,2.7,,
2026-09-20T10:57:14.998Z,X3843070,4858,44.28364,7.58637,16323.5,3.6,7.5,130.4,-63.0,3.6,-1.0,RS41-SG,403.701,10.3,-500,10,2.6,,
2026-09-20T10:57:15.998Z,X3843070,4859,44.28360,7.58644,16327.8,5.1,7.6,131.3,-62.9,3.6,-1.0,RS41-SG,403.701,10.3,-500,10,2.6,,
2026-09-20T10:57:16.998Z,X3843070,4860,44.28355,7.58651,16332.6,4.4,7.6,134.9,-62.8,3.7,-1.0,RS41-SG,403.701,10.1,-500,10,2.8,,
2026-09-20T10:57:17.998Z,X3843070,4861,44.28350,7.58657,16337.2,4.7,7.8,136.1,-62.9,3.7,-1.0,RS41-SG,403.701,10.1,-500,10,2.8,,
2026-09-20T10:57:18.998Z,X3843070,4862,44.28345,7.58664,16342.4,5.5,8.2,133.3,-62.9,3.7,-1.0,RS41-SG,403.701,10.3,-500,10,2.7,,
2026-09-20T10:57:19.998Z,X3843070,4863,44.28340,7.58672,16347.0,3.5,8.2,128.5,-62.7,3.6,-1.0,RS41-SG,403.701,11.0,-500,10,2.7,,
2026-09-20T10:57:20.998Z,X3843070,4864,44.28336,7.58680,16350.8,4.3,8.4,126.0,-62.7,3.7,-1.0,RS41-SG,403.701,11.0,-500,10,2.6,,
2026-09-20T10:57:21.998Z,X3843070,4865,44.28331,7.58689,16355.4,4.8,8.3,128.8,-62.7,3.7,-1.0,RS41-SG,403.701,11.0,-500,10,2.8,,
2026-09-20T10:57:22.998Z,X3843070,4866,44.28326,7.58697,16360.0,4.1,8.3,132.9,-62.7,3.8,-1.0,RS41-SG,403.701,11.0,-500,10,2.8,,
2026-09-20T10:57:23.998Z,X3843070,4867,44.28321,7.58704,16364.6,5.0,8.2,133.0,-62.8,3.8,-1.0,RS41-SG,403.701,10.4,-500,10,2.7,,
2026-09-20T10:57:24.998Z,X3843070,4868,44.28317,7.58712,16369.6,4.9,8.1,129.8,-62.9,3.8,-1.0,RS41-SG,403.701,10.4,-500,10,2.7,,
2026-09-20T10:57:25.998Z,X3843070,4869,44.28312,7.58720,16374.6,5.1,8.0,125.1,-62.9,3.8,-1.0,RS41-SG,403.701,10.9,-500,10,2.6,,
2026-09-20T10:57:26.998Z,X3843070,4870,44.28308,7.58728,16379.4,4.4,7.8,124.8,-63.0,3.8,-1.0,RS41-SG,403.701,10.9,-500,10,2.8,,
2026-09-20T10:57:27.998Z,X3843070,4871,44.28304,7.58735,16383.8,4.4,7.5,128.2,-63.0,3.7,-1.0,RS41-SG,403.701,10.5,-500,10,2.8,,
2026-09-20T10:57:28.998Z,X3843070,4872,44.28300,7.58743,16388.6,5.1,7.6,132.6,-62.9,3.7,-1.0,RS41-SG,403.701,10.9,-500,10,2.8,,
2026-09-20T10:57:29.998Z,X3843070,4873,44.28295,7.58750,16393.1,3.7,8.0,135.3,-62.9,3.8,-1.0,RS41-SG,403.701,10.9,-500,10,2.7,,
2026-09-20T10:57:30.998Z,X3843070,4874,44.28289,7.58757,16397.0,4.0,8.8,134.9,-62.9,3.8,-1.0,RS41-SG,403.701,10.8,-500,10,2.7,,
2026-09-20T10:57:31.998Z,X3843070,4875,44.28284,7.58766,16401.4,4.6,9.7,130.6,-63.1,3.9,-1.0,RS41-SG,403.701,10.8,-500,10,2.6,,
2026-09-20T10:57:32.998Z,X3843070,4876,44.28278,7.58775,16405.7,3.9,10.4,126.9,-63.0,3.9,-1.0,RS41-SG,403.701,10.1,-500,10,2.6,,
2026-09-20T10:57:33.998Z,X3843070,4877,44.28273,7.58786,16409.9,4.5,10.6,124.0,-63.0,3.8,-1.0,RS41-SG,403.701,9.9,-500,10,2.8,,
2026-09-20T10:57:34.998Z,X3843070,4878,44.28267,7.58797,16414.6,4.7,10.2,123.2,-63.1,3.9,-1.0,RS41-SG,403.701,10.6,-500,10,2.8,,
2026-09-20T10:57:35.998Z,X3843070,4879,44.28262,7.58807,16419.3,4.5,9.8,123.2,-63.2,3.9,-1.0,RS41-SG,403.701,10.7,-500,10,2.7,,
2026-09-20T10:57:36.998Z,X3843070,4880,44.28258,7.58817,16424.1,5.1,9.6,123.0,-63.2,3.9,-1.0,RS41-SG,403.701,10.7,-500,10,2.6,,
2026-09-20T10:57:37.998Z,X3843070,4881,44.28253,7.58828,16428.7,3.9,9.8,121.5,-63.1,4.0,-1.0,RS41-SG,403.701,11.5,-500,10,2.6,,
2026-09-20T10:57:38.998Z,X3843070,4882,44.28248,7.58838,16433.0,4.8,9.3,122.3,-63.2,4.0,-1.0,RS41-SG,403.701,11.5,-500,10,2.8,,
2026-09-20T10:57:39.998Z,X3843070,4883,44.28244,7.58847,16437.7,4.3,8.7,124.1,-63.3,4.0,-1.0,RS41-SG,403.701,11.4,-500,10,2.8,,
2026-09-20T10:57:40.998Z,X3843070,4884,44.28240,7.58856,16442.0,4.1,8.4,127.0,-63.3,4.0,-1.0,RS41-SG,403.701,9.5,-500,10,2.7,,
2026-09-20T10:57:41.998Z,X3843070,4885,44.28235,7.58864,16446.6,5.1,8.8,129.5,-63.3,4.0,-1.0,RS41-SG,403.701,8.0,-500,10,2.7,,
2026-09-20T10:57:42.998Z,X3843070,4886,44.28230,7.58873,16451.2,3.9,9.6,129.8,-63.4,4.1,-1.0,RS41-SG,403.701,9.1,-500,10,2.6,,
2026-09-20T10:57:43.998Z,X3843070,4887,44.28224,7.58883,16455.4,4.5,10.2,129.4,-63.4,4.1,-1.0,RS41-SG,403.701,9.1,-500,10,2.7,,
2026-09-20T10:57:44.998Z,X3843070,4888,44.28218,7.58893,16460.2,4.9,10.4,130.3,-63.4,4.1,-1.0,RS41-SG,403.701,9.5,-500,10,2.8,,
2026-09-20T10:57:45.998Z,X3843070,4889,44.28212,7.58902,16465.0,4.7,10.1,130.1,-63.5,4.1,-1.0,RS41-SG,403.701,11.6,-500,10,2.7,,
2026-09-20T10:57:46.998Z,X3843070,4890,44.28206,7.58912,16469.8,4.9,10.6,129.5,-63.5,4.1,-1.0,RS41-SG,403.701,11.6,-500,10,2.6,,
2026-09-20T10:57:47.998Z,X3843070,4891,44.28200,7.58923,16474.3,4.1,11.1,128.3,-63.5,4.1,-1.0,RS41-SG,403.701,10.8,-500,10,2.6,,
2026-09-20T10:57:48.998Z,X3843070,4892,44.28194,7.58934,16478.6,4.3,11.3,127.2,-63.5,4.1,-1.0,RS41-SG,403.701,10.6,-500,10,2.8,,
2026-09-20T10:57:49.998Z,X3843070,4893,44.28188,7.58945,16483.1,4.6,10.9,127.0,-63.5,4.1,-1.0,RS41-SG,403.701,11.4,-500,10,2.8,,
2026-09-20T10:57:50.998Z,X3843070,4894,44.28182,7.58955,16487.9,5.1,10.2,129.0,-63.5,4.0,-1.0,RS41-SG,403.701,11.4,-500,10,2.7,,
2026-09-20T10:57:51.998Z,X3843070,4895,44.28176,7.58965,16492.2,3.3,9.9,132.3,-63.6,4.1,-1.0,RS41-SG,403.701,11.4,-500,10,2.6,,
2026-09-20T10:57:52.998Z,X3843070,4896,44.28170,7.58974,16496.3,4.9,10.0,136.1,-63.6,4.1,-1.0,RS41-SG,403.701,11.4,-500,10,2.6,,
2026-09-20T10:57:53.998Z,X3843070,4897,44.28163,7.58982,16501.2,4.8,10.3,138.5,-63.5,4.0,-1.0,RS41-SG,403.701,10.8,-500,10,2.7,,
2026-09-20T10:57:54.998Z,X3843070,4898,44.28156,7.58991,16505.8,4.3,10.4,139.1,-63.6,4.0,-1.0,RS41-SG,403.701,11.1,-500,10,2.8,,
2026-09-20T10:57:55.998Z,X3843070,4899,44.28149,7.58999,16510.3,4.7,10.1,139.9,-63.5,4.0,-1.0,RS41-SG,403.701,11.1,-500,10,2.8,,
2026-09-20T10:57:56.998Z,X3843070,4900,44.28142,7.59007,16514.4,3.5,9.8,140.7,-63.4,4.0,-1.0,RS41-SG,403.701,10.9,-500,10,2.7,,
2026-09-20T10:57:57.998Z,X3843070,4901,44.28136,7.59015,16517.9,3.5,9.7,139.7,-63.5,4.0,-1.0,RS41-SG,403.701,10.4,-500,10,2.7,,
2026-09-20T10:57:58.998Z,X3843070,4902,44.28129,7.59023,16522.1,4.8,10.0,136.7,-63.3,4.0,-1.0,RS41-SG,403.701,10.3,-500,10,2.6,,
2026-09-20T10:57:59.998Z,X3843070,4903,44.28122,7.59032,16526.8,4.3,10.5,134.8,-63.2,4.0,-1.0,RS41-SG,403.701,11.3,-500,10,2.6,,
2026-09-20T10:58:00.998Z,X3843070,4904,44.28116,7.59042,16531.1,4.3,10.9,132.5,-63.2,3.9,-1.0,RS41-SG,403.701,11.3,-500,10,2.8,,
2026-09-20T10:58:01.998Z,X3843070,4905,44.28109,7.59052,16535.7,5.0,10.9,133.1,-63.1,3.9,-1.0,RS41-SG,403.701,10.8,-500,10,2.8,,
2026-09-20T10:58:02.998Z,X3843070,4906,44.28102,7.59061,16539.9,3.4,10.7,135.3,-63.1,3.9,-1.0,RS41-SG,403.701,10.8,-500,10,2.7,,
2026-09-20T10:58:03.998Z,X3843070,4907,44.28095,7.59070,16544.2,5.3,11.3,140.2,-63.0,3.8,-1.0,RS41-SG,403.701,9.9,-500,10,2.7,,
2026-09-20T10:58:04.998Z,X3843070,4908,44.28087,7.59079,16549.1,4.4,12.0,144.6,-62.8,3.8,-1.0,RS41-SG,403.701,9.8,-500,10,2.6,,
2026-09-20T10:58:05.998Z,X3843070,4909,44.28078,7.59088,16553.0,3.6,12.6,147.5,-62.7,3.7,-1.0,RS41-SG,403.701,10.5,-500,10,2.8,,
2026-09-20T10:58:06.998Z,X3843070,4910,44.28068,7.59096,16557.6,5.4,12.3,150.8,-62.6,3.6,-1.0,RS41-SG,403.701,10.8,-500,10,2.8,,
2026-09-20T10:58:07.998Z,X3843070,4911,44.28059,7.59103,16562.5,4.2,11.7,152.2,-62.7,3.7,-1.0,RS41-SG,403.701,10.8,-500,10,2.7,,
2026-09-20T10:58:08.998Z,X3843070,4912,44.28050,7.59110,16566.2,3.4,11.1,151.7,-62.6,3.7,-1.0,RS41-SG,403.701,10.5,-500,10,2.6,,
2026-09-20T10:58:09.998Z,X3843070,4913,44.28041,7.59116,16570.5,5.1,11.0,148.7,-62.6,3.6,-1.0,RS41-SG,403.701,11.2,-500,10,2.6,,
2026-09-20T10:58:10.998Z,X3843070,4914,44.28033,7.59124,16575.0,3.8,11.2,144.3,-62.6,3.7,-1.0,RS41-SG,403.701,11.2,-500,10,2.8,,
2026-09-20T10:58:11.998Z,X3843070,4915,44.28025,7.59133,16579.5,5.1,11.3,139.7,-62.6,3.7,-1.0,RS41-SG,403.701,11.0,-500,10,2.8,,
2026-09-20T10:58:12.998Z,X3843070,4916,44.28017,7.59142,16584.6,5.2,10.7,136.5,-62.5,3.7,-1.0,RS41-SG,403.701,11.5,-500,10,2.7,,
2026-09-20T10:58:13.998Z,X3843070,4917,44.28011,7.59151,16589.0,3.6,10.3,133.6,-62.6,3.7,-1.0,RS41-SG,403.701,11.5,-500,10,2.6,,
2026-09-20T10:58:14.998Z,X3843070,4918,44.28004,7.59161,16593.4,5.2,10.6,132.9,-62.5,3.7,-1.0,RS41-SG,403.701,9.7,-500,10,2.6,,
2026-09-20T10:58:15.998Z,X3843070,4919,44.27998,7.59170,16598.2,4.3,11.1,133.5,-62.4,3.7,-1.0,RS41-SG,403.701,9.8,-500,9,2.8,,
2026-09-20T10:58:16.998Z,X3843070,4920,44.27991,7.59181,16602.9,5.2,11.2,134.3,-62.4,3.7,-1.0,RS41-SG,403.701,10.0,-500,9,2.8,,
2026-09-20T10:58:17.998Z,X3843070,4921,44.27984,7.59190,16608.1,5.0,10.6,136.3,-62.3,3.7,-1.0,RS41-SG,403.701,10.8,-500,10,2.7,,
2026-09-20T10:58:18.998Z,X3843070,4922,44.27977,7.59199,16612.0,2.9,10.1,139.3,-62.3,3.7,-1.0,RS41-SG,403.701,11.4,-500,10,2.6,,
2026-09-20T10:58:19.998Z,X3843070,4923,44.27970,7.59207,16615.9,5.0,10.2,143.3,-62.3,3.7,-1.0,RS41-SG,403.701,11.4,-500,10,2.6,,
2026-09-20T10:58:20.998Z,X3843070,4924,44.27962,7.59214,16620.7,4.5,10.5,146.1,-62.3,3.8,-1.0,RS41-SG,403.701,10.9,-500,10,2.8,,
2026-09-20T10:58:21.998Z,X3843070,4925,44.27954,7.59221,16625.1,4.1,10.7,148.2,-62.4,3.8,-1.0,RS41-SG,403.701,11.5,-500,10,2.8,,
2026-09-20T10:58:22.998Z,X3843070,4926,44.27946,7.59228,16630.1,5.7,10.2,149.4,-62.4,3.7,-1.0,RS41-SG,403.701,11.5,-500,10,2.7,,
2026-09-20T10:58:23.998Z,X3843070,4927,44.27938,7.59234,16635.2,4.6,9.6,149.3,-62.3,3.8,-1.0,RS41-SG,403.701,10.5,-500,10,2.6,,
2026-09-20T10:58:24.998Z,X3843070,4928,44.27931,7.59241,16639.3,3.7,9.5,148.4,-62.4,3.8,-1.0,RS41-SG,403.701,9.6,-500,10,2.6,,
2026-09-20T10:58:25.998Z,X3843070,4929,44.27924,7.59247,16643.3,4.5,9.6,148.2,-62.3,3.7,-1.0,RS41-SG,403.701,7.6,-500,10,2.7,,
2026-09-20T10:58:26.998Z,X3843070,4930,44.27916,7.59253,16648.1,4.7,10.1,148.8,-62.3,3.7,-1.0,RS41-SG,403.701,8.7,-500,10,2.8,,
2026-09-20T10:58:27.998Z,X3843070,4931,44.27908,7.59260,16652.3,3.5,10.3,148.1,-62.4,3.8,-1.0,RS41-SG,403.701,8.7,-500,10,2.7,,
2026-09-20T10:58:28.998Z,X3843070,4932,44.27901,7.59267,16656.5,4.8,9.8,147.0,-62.3,3.7,-1.0,RS41-SG,403.701,8.0,-500,10,2.6,,
2026-09-20T10:58:29.998Z,X3843070,4933,44.27894,7.59273,16661.4,4.9,8.8,145.6,-62.3,3.7,-1.0,RS41-SG,403.701,7.6,-500,10,2.6,,
2026-09-20T10:58:30.998Z,X3843070,4934,44.27888,7.59279,16665.9,4.2,7.9,144.5,-62.5,3.8,-1.0,RS41-SG,403.701,8.1,-500,10,2.7,,
2026-09-20T10:58:31.998Z,X3843070,4935,44.27882,7.59284,16670.0,4.0,7.6,148.8,-62.4,3.7,-1.0,RS41-SG,403.701,8.1,-500,10,2.8,,
2026-09-20T10:58:32.998Z,X3843070,4936,44.27876,7.59289,16674.7,5.3,8.1,155.2,-62.4,3.7,-1.0,RS41-SG,403.701,7.6,-500,10,2.7,,
2026-09-20T10:58:33.998Z,X3843070,4937,44.27869,7.59293,16679.2,3.6,8.8,158.0,-62.5,3.7,-1.0,RS41-SG,403.701,10.3,-500,10,2.6,,
2026-09-20T10:58:34.998Z,X3843070,4938,44.27861,7.59297,16683.2,4.4,9.4,161.9,-62.4,3.6,-1.0,RS41-SG,403.701,10.3,-500,10,2.6,,
2026-09-20T10:58:35.998Z,X3843070,4939,44.27853,7.59300,16688.1,5.3,9.4,164.8,-62.4,3.6,-1.0,RS41-SG,403.701,9.8,-500,10,2.7,,
2026-09-20T10:58:36.998Z,X3843070,4940,44.27845,7.59303,16692.4,3.5,9.2,164.4,-62.5,3.6,-1.0,RS41-SG,403.701,9.3,-500,10,2.8,,
2026-09-20T10:58:37.998Z,X3843070,4941,44.27837,7.59307,16696.3,4.3,9.6,163.4,-62.4,3.6,-1.0,RS41-SG,403.701,9.4,-500,10,2.7,,
2026-09-20T10:58:38.998Z,X3843070,4942,44.27828,7.59310,16701.0,5.1,10.3,162.9,-62.4,3.6,-1.0,RS41-SG,403.701,10.1,-500,10,2.6,,
2026-09-20T10:58:39.998Z,X3843070,4943,44.27819,7.59314,16705.8,4.3,11.1,162.0,-62.5,3.7,-1.0,RS41-SG,403.701,10.6,-500,10,2.6,,
2026-09-20T10:58:40.998Z,X3843070,4944,44.27810,7.59318,16710.0,4.0,11.2,162.3,-62.4,3.6,-1.0,RS41-SG,403.701,10.6,-500,10,2.7,,
2026-09-20T10:58:41.998Z,X3843070,4945,44.27800,7.59322,16714.6,5.2,10.6,162.9,-62.4,3.6,-1.0,RS41-SG,403.701,9.9,-500,10,2.8,,
2026-09-20T10:58:42.998Z,X3843070,4946,44.27792,7.59326,16719.3,4.1,9.6,163.1,-62.5,3.6,-1.0,RS41-SG,403.701,9.7,-500,10,2.7,,
2026-09-20T10:58:43.998Z,X3843070,4947,44.27784,7.59330,16723.6,4.4,8.8,161.4,-62.5,3.6,-1.0,RS41-SG,403.701,9.5,-500,10,2.6,,
2026-09-20T10:58:44.998Z,X3843070,4948,44.27776,7.59333,16728.6,5.4,8.8,159.6,-62.4,3.6,-1.0,RS41-SG,403.701,9.1,-500,10,2.6,,
2026-09-20T10:58:45.998Z,X3843070,4949,44.27769,7.59337,16733.0,3.5,9.0,158.6,-62.3,3.6,-1.0,RS41-SG,403.701,9.0,-500,10,2.7,,
2026-09-20T10:58:46.998Z,X3843070,4950,44.27761,7.59341,16737.2,4.8,8.8,158.5,-62.3,3.6,-1.0,RS41-SG,403.701,10.4,-500,10,2.7,,
2026-09-20T10:58:47.998Z,X3843070,4951,44.27754,7.59345,16742.4,5.5,8.0,158.5,-62.4,3.7,-1.0,RS41-SG,403.701,10.9,-500,10,2.7,,
2026-09-20T10:58:48.998Z,X3843070,4952,44.27748,7.59349,16747.2,4.1,7.5,159.8,-62.5,3.7,-1.0,RS41-SG,403.701,10.9,-500,10,2.6,,
2026-09-20T10:58:49.998Z,X3843070,4953,44.27742,7.59352,16751.3,4.1,7.5,160.6,-62.4,3.6,-1.0,RS41-SG,403.701,10.2,-500,10,2.6,,
2026-09-20T10:58:50.998Z,X3843070,4954,44.27735,7.59355,16756.1,5.3,7.9,160.0,-62.3,3.6,-1.0,RS41-SG,403.701,10.2,-500,10,2.7,,
2026-09-20T10:58:51.998Z,X3843070,4955,44.27728,7.59359,16761.1,4.6,8.1,158.3,-62.3,3.6,-1.0,RS41-SG,403.701,10.2,-500,10,2.8,,
2026-09-20T10:58:52.998Z,X3843070,4956,44.27722,7.59362,16766.0,5.1,7.6,157.3,-62.2,3.6,-1.0,RS41-SG,403.701,10.2,-500,10,2.7,,
2026-09-20T10:58:53.998Z,X3843070,4957,44.27716,7.59366,16771.2,5.0,6.7,155.5,-62.3,3.6,-1.0,RS41-SG,403.701,9.0,-500,10,2.6,,
2026-09-20T10:58:54.998Z,X3843070,4958,44.27711,7.59369,16775.5,3.6,5.9,149.9,-62.3,3.5,-1.0,RS41-SG,403.701,10.4,-500,10,2.6,,
2026-09-20T10:58:55.998Z,X3843070,4959,44.27707,7.59374,16779.5,4.3,5.5,138.6,-62.3,3.4,-1.0,RS41-SG,403.701,10.4,-500,10,2.7,,
2026-09-20T10:58:56.998Z,X3843070,4960,44.27703,7.59379,16784.0,4.5,5.9,128.4,-62.4,3.3,-1.0,RS41-SG,403.701,10.0,-500,10,2.8,,
2026-09-20T10:58:57.998Z,X3843070,4961,44.27700,7.59385,16788.0,3.4,6.3,122.5,-62.3,3.3,-1.0,RS41-SG,403.701,10.9,-500,10,2.7,,
2026-09-20T10:58:58.998Z,X3843070,4962,44.27697,7.59392,16792.3,5.3,6.5,123.8,-62.2,3.3,-1.0,RS41-SG,403.701,11.2,-500,10,2.6,,
2026-09-20T10:58:59.998Z,X3843070,4963,44.27694,7.59398,16797.3,4.5,6.0,128.3,-62.2,3.3,-1.0,RS41-SG,403.701,11.2,-500,10,2.6,,
2026-09-20T10:59:00.998Z,X3843070,4964,44.27690,7.59404,16801.6,4.1,5.8,129.8,-62.2,3.3,-1.0,RS41-SG,403.701,11.4,-500,10,2.7,,
2026-09-20T10:59:01.998Z,X3843070,4965,44.27687,7.59409,16806.2,4.9,5.5,127.1,-62.1,3.3,-1.0,RS41-SG,403.701,11.4,-500,10,2.7,,
2026-09-20T10:59:02.998Z,X3843070,4966,44.27684,7.59415,16810.8,4.4,5.5,124.3,-62.0,3.3,-1.0,RS41-SG,403.701,11.4,-500,10,2.6,,
2026-09-20T10:59:03.998Z,X3843070,4967,44.27682,7.59420,16816.0,5.8,5.1,124.6,-61.9,3.3,-1.0,RS41-SG,403.701,11.1,-500,10,2.6,,
2026-09-20T10:59:04.998Z,X3843070,4968,44.27679,7.59425,16820.5,3.3,4.6,129.4,-61.8,3.3,-1.0,RS41-SG,403.701,11.1,-500,10,2.6,,
2026-09-20T10:59:05.998Z,X3843070,4969,44.27677,7.59429,16824.2,4.0,4.4,126.8,-61.7,3.3,-1.0,RS41-SG,403.701,8.3,-500,10,2.7,,
2026-09-20T10:59:06.998Z,X3843070,4970,44.27674,7.59434,16828.6,5.0,4.8,118.7,-61.7,3.3,-1.0,RS41-SG,403.701,11.0,-500,10,2.7,,
2026-09-20T10:59:07.998Z,X3843070,4971,44.27672,7.59440,16833.4,4.3,5.4,116.6,-61.6,3.3,-1.0,RS41-SG,403.701,11.0,-500,10,2.6,,
2026-09-20T10:59:08.998Z,X3843070,4972,44.27670,7.59446,16837.6,4.2,6.2,120.3,-61.5,3.3,-1.0,RS41-SG,403.701,10.0,-500,10,2.6,,
2026-09-20T10:59:09.998Z,X3843070,4973,44.27667,7.59453,16842.7,5.8,6.8,127.3,-61.2,3.2,-1.0,RS41-SG,403.701,10.0,-500,10,2.6,,
2026-09-20T10:59:10.998Z,X3843070,4974,44.27663,7.59459,16847.6,4.0,6.9,131.2,-61.0,3.2,-1.0,RS41-SG,403.701,11.3,-500,10,2.7,,
2026-09-20T10:59:11.998Z,X3843070,4975,44.27658,7.59466,16851.3,3.6,7.2,132.0,-60.9,3.2,-1.0,RS41-SG,403.701,11.3,-500,10,2.8,,
2026-09-20T10:59:12.998Z,X3843070,4976,44.27654,7.59473,16855.8,5.3,7.2,128.5,-60.7,3.1,-1.0,RS41-SG,403.701,11.0,-500,10,2.6,,
2026-09-20T10:59:13.998Z,X3843070,4977,44.27651,7.59480,16860.5,4.1,7.0,123.1,-60.6,3.1,-1.0,RS41-SG,403.701,11.7,-500,10,2.6,,
2026-09-20T10:59:14.998Z,X3843070,4978,44.27647,7.59487,16865.1,5.2,6.8,122.0,-60.6,3.1,-1.0,RS41-SG,403.701,11.7,-500,10,2.6,,
2026-09-20T10:59:15.998Z,X3843070,4979,44.27644,7.59494,16870.3,5.1,6.4,126.1,-60.7,3.0,-1.0,RS41-SG,403.701,10.4,-500,10,2.7,,
2026-09-20T10:59:16.998Z,X3843070,4980,44.27641,7.59500,16874.7,3.4,5.9,130.7,-60.7,3.0,-1.0,RS41-SG,403.701,11.4,-500,10,2.8,,
2026-09-20T10:59:17.998Z,X3843070,4981,44.27637,7.59505,16878.4,4.0,5.3,133.9,-60.8,3.0,-1.0,RS41-SG,403.701,11.4,-500,10,2.7,,
2026-09-20T10:59:18.998Z,X3843070,4982,44.27634,7.59510,16883.0,5.0,4.8,130.8,-60.9,2.9,-1.0,RS41-SG,403.701,10.6,-500,10,2.6,,
2026-09-20T10:59:19.998Z,X3843070,4983,44.27631,7.59515,16887.4,3.8,4.8,128.3,-60.9,2.9,-1.0,RS41-SG,403.701,9.5,-500,10,2.6,,
2026-09-20T10:59:20.998Z,X3843070,4984,44.27629,7.59519,16891.7,4.7,5.4,129.1,-60.8,3.0,-1.0,RS41-SG,403.701,9.8,-500,10,2.7,,
2026-09-20T10:59:21.998Z,X3843070,4985,44.27625,7.59525,16896.7,5.2,6.3,133.6,-60.9,3.0,-1.0,RS41-SG,403.701,10.2,-500,10,2.8,,
2026-09-20T10:59:22.998Z,X3843070,4986,44.27621,7.59531,16901.4,4.0,7.2,135.8,-61.0,3.1,-1.0,RS41-SG,403.701,10.7,-500,10,2.6,,
2026-09-20T10:59:23.998Z,X3843070,4987,44.27616,7.59538,16905.6,4.3,8.2,135.0,-61.0,3.1,-1.0,RS41-SG,403.701,11.0,-500,10,2.6,,
2026-09-20T10:59:24.998Z,X3843070,4988,44.27611,7.59545,16910.4,5.2,9.0,131.1,-61.0,3.1,-1.0,RS41-SG,403.701,11.0,-500,10,2.6,,
2026-09-20T10:59:25.998Z,X3843070,4989,44.27605,7.59554,16915.2,4.3,9.2,129.1,-60.9,3.1,-1.0,RS41-SG,403.701,11.5,-500,10,2.7,,
2026-09-20T10:59:27.998Z,X3843070,4991,44.27594,7.59572,16925.3,4.8,9.5,134.0,-61.0,3.2,-1.0,RS41-SG,403.701,11.0,-500,10,2.6,,
2026-09-20T10:59:28.998Z,X3843070,4992,44.27588,7.59580,16929.6,3.7,9.2,137.5,-61.1,3.2,-1.0,RS41-SG,403.701,11.0,-500,10,2.6,,
2026-09-20T10:59:29.998Z,X3843070,4993,44.27582,7.59588,16934.1,5.2,8.9,137.1,-61.1,3.2,-1.0,RS41-SG,403.701,10.4,-500,10,2.6,,
2026-09-20T10:59:30.998Z,X3843070,4994,44.27577,7.59595,16939.5,5.6,8.4,133.8,-61.1,3.1,-1.0,RS41-SG,403.701,10.4,-500,10,2.7,,
2026-09-20T10:59:31.998Z,X3843070,4995,44.27572,7.59603,16944.3,3.9,7.8,131.5,-61.2,3.1,-1.0,RS41-SG,403.701,11.1,-500,10,2.7,,
2026-09-20T10:59:32.998Z,X3843070,4996,44.27567,7.59610,16948.9,5.1,7.5,132.3,-61.2,3.1,-1.0,RS41-SG,403.701,11.4,-500,10,2.6,,
2026-09-20T10:59:33.998Z,X3843070,4997,44.27563,7.59617,16953.7,4.3,7.6,137.5,-61.2,3.2,-1.0,RS41-SG,403.701,11.4,-500,10,2.6,,
2026-09-20T10:59:34.998Z,X3843070,4998,44.27557,7.59623,16958.0,4.3,7.7,141.6,-61.2,3.1,-1.0,RS41-SG,403.701,10.7,-500,10,2.6,,
2026-09-20T10:59:35.998Z,X3843070,4999,44.27552,7.59629,16963.0,5.5,8.0,139.6,-61.3,3.1,-1.0,RS41-SG,403.701,9.8,-500,10,2.7,,
2026-09-20T10:59:36.998Z,X3843070,5000,44.27546,7.59636,16968.2,4.8,8.4,135.6,-61.3,3.0,-1.0,RS41-SG,403.701,10.7,-500,10,2.8,,
2026-09-20T10:59:37.998Z,X3843070,5001,44.27541,7.59644,16973.0,4.7,9.2,134.4,-61.3,3.0,-1.0,RS41-SG,403.701,10.7,-500,10,2.6,,
2026-09-20T10:59:38.998Z,X3843070,5002,44.27535,7.59652,16978.3,5.7,10.4,136.1,-61.4,3.1,-1.0,RS41-SG,403.701,8.2,-500,10,2.6,,
2026-09-20T10:59:40.998Z,X3843070,5004,44.27520,7.59671,16987.8,3.4,12.3,138.1,-61.4,3.0,-1.0,RS41-SG,403.701,10.6,-500,10,2.7,,
2026-09-20T10:59:41.998Z,X3843070,5005,44.27511,7.59682,16992.0,4.8,12.5,136.6,-61.5,3.0,-1.0,RS41-SG,403.701,10.6,-500,10,2.7,,
2026-09-20T10:59:42.998Z,X3843070,5006,44.27504,7.59692,16997.2,5.3,11.8,135.3,-61.5,3.0,-1.0,RS41-SG,403.701,10.1,-500,10,2.6,,
2026-09-20T10:59:43.998Z,X3843070,5007,44.27496,7.59703,17001.8,3.8,11.1,134.1,-61.4,3.0,-1.0,RS41-SG,403.701,9.6,-500,10,2.6,,
2026-09-20T10:59:44.998Z,X3843070,5008,44.27489,7.59712,17005.6,3.5,10.6,135.0,-61.5,3.1,-1.0,RS41-SG,403.701,9.6,-500,10,2.6,,
2026-09-20T10:59:45.998Z,X3843070,5009,44.27483,7.59721,17009.9,5.1,9.8,140.0,-61.5,3.1,-1.0,RS41-SG,403.701,9.6,-500,10,2.7,,
2026-09-20T10:59:46.998Z,X3843070,5010,44.27476,7.59728,17015.0,4.8,9.4,146.2,-61.5,3.1,-1.0,RS41-SG,403.701,9.4,-500,10,2.7,,
2026-09-20T10:59:47.998Z,X3843070,5011,44.27469,7.59734,17019.6,4.3,9.0,149.7,-61.5,3.1,-1.0,RS41-SG,403.701,9.4,-500,10,2.6,,
2026-09-20T10:59:48.998Z,X3843070,5012,44.27462,7.59740,17024.1,4.6,8.6,151.5,-61.4,3.1,-1.0,RS41-SG,403.701,12.0,-500,10,2.6,,
2026-09-20T10:59:49.998Z,X3843070,5013,44.27456,7.59744,17028.9,4.7,7.9,150.3,-61.4,3.1,-1.0,RS41-SG,403.701,12.0,-500,10,2.6,,
2026-09-20T10:59:50.998Z,X3843070,5014,44.27449,7.59750,17032.9,3.3,8.0,148.2,-61.4,3.0,-1.0,RS41-SG,403.701,11.4,-500,10,2.7,,
2026-09-20T10:59:51.998Z,X3843070,5015,44.27443,7.59755,17036.6,4.1,8.6,147.3,-61.2,3.0,-1.0,RS41-SG,403.701,11.4,-500,10,2.7,,
2026-09-20T10:59:52.998Z,X3843070,5016,44.27436,7.59761,17041.6,5.6,9.6,147.8,-61.0,2.9,-1.0,RS41-SG,403.701,12.2,-500,10,2.6,,
2026-09-20T10:59:53.998Z,X3843070,5017,44.27429,7.59768,17046.6,4.4,10.4,147.8,-60.9,2.8,-1.0,RS41-SG,403.701,12.2,-500,10,2.6,,
2026-09-20T10:59:54.998Z,X3843070,5018,44.27421,7.59775,17051.6,5.5,10.8,146.7,-60.8,2.8,-1.0,RS41-SG,403.701,10.5,-500,10,2.6,,
2026-09-20T10:59:55.998Z,X3843070,5019,44.27413,7.59782,17057.0,5.3,10.3,143.8,-60.9,2.8,-1.0,RS41-SG,403.701,10.7,-500,10,2.7,,
2026-09-20T10:59:56.998Z,X3843070,5020,44.27406,7.59790,17061.5,3.6,9.7,142.6,-60.9,2.8,-1.0,RS41-SG,403.701,10.9,-500,10,2.8,,
2026-09-20T10:59:57.998Z,X3843070,5021,44.27399,7.59797,17065.7,4.7,9.4,143.2,-60.8,2.8,-1.0,RS41-SG,403.701,11.5,-500,10,2.6,,
2026-09-20T10:59:58.998Z,X3843070,5022,44.27392,7.59804,17070.7,5.1,9.2,146.7,-60.9,2.8,-1.0,RS41-SG,403.701,11.5,-500,10,2.6,,
2026-09-20T10:59:59.998Z,X3843070,5023,44.27385,7.59810,17075.5,4.5,8.7,151.0,-60.9,2.8,-1.0,RS41-SG,403.701,9.8,-500,10,2.6,,
2026-09-20T11:00:00.998Z,X3843070,5024,44.27379,7.59814,17080.5,5.3,7.7,159.2,-60.9,2.7,-1.0,RS41-SG,403.701,11.5,-500,10,2.7,,
2026-09-20T11:00:01.998Z,X3843070,5025,44.27372,7.59817,17085.3,4.1,6.8,163.2,-61.0,2.7,-1.0,RS41-SG,403.701,12.3,-500,10,2.7,,
2026-09-20T11:00:02.998Z,X3843070,5026,44.27367,7.59819,17089.2,3.6,6.7,165.8,-60.9,2.7,-1.0,RS41-SG,403.701,12.3,-500,10,2.6,,
2026-09-20T11:00:03.998Z,X3843070,5027,44.27360,7.59821,17093.7,5.4,7.3,166.1,-60.9,2.7,-1.0,RS41-SG,403.701,10.6,-500,10,2.6,,
2026-09-20T11:00:04.998Z,X3843070,5028,44.27354,7.59824,17098.9,4.8,8.1,161.8,-61.0,2.7,-1.0,RS41-SG,403.701,10.6,-500,10,2.6,,
2026-09-20T11:00:05.998Z,X3843070,5029,44.27347,7.59827,17103.3,3.8,8.8,157.5,-60.9,2.8,-1.0,RS41-SG,403.701,11.7,-500,10,2.7,,
2026-09-20T11:00:06.998Z,X3843070,5030,44.27340,7.59832,17107.9,5.3,8.6,155.1,-60.9,2.8,-1.0,RS41-SG,403.701,11.7,-500,10,2.7,,
2026-09-20T11:00:07.998Z,X3843070,5031,44.27333,7.59836,17113.3,5.6,8.1,152.4,-60.7,2.7,-1.0,RS41-SG,403.701,11.4,-500,10,2.6,,
2026-09-20T11:00:08.998Z,X3843070,5032,44.27327,7.59841,17118.0,3.8,7.7,150.5,-60.5,2.7,-1.0,RS41-SG,403.701,11.4,-500,10,2.6,,
2026-09-20T11:00:09.998Z,X3843070,5033,44.27321,7.59846,17122.4,4.8,7.5,151.4,-60.5,2.8,-1.0,RS41-SG,403.701,11.1,-500,10,2.6,,
2026-09-20T11:00:10.998Z,X3843070,5034,44.27315,7.59850,17127.0,4.4,7.8,154.2,-60.4,2.7,-1.0,RS41-SG,403.701,11.1,-500,10,2.7,,
2026-09-20T11:00:11.998Z,X3843070,5035,44.27308,7.59854,17131.7,4.9,7.8,157.3,-60.5,2.7,-1.0,RS41-SG,403.701,11.1,-500,10,2.7,,
2026-09-20T11:00:12.998Z,X3843070,5036,44.27302,7.59857,17137.1,5.8,7.2,159.5,-60.5,2.7,-1.0,RS41-SG,403.701,11.1,-500,10,2.6,,
2026-09-20T11:00:13.998Z,X3843070,5037,44.27296,7.59860,17142.0,3.8,6.6,161.6,-60.5,2.7,-1.0,RS41-SG,403.701,10.3,-500,10,2.6,,
2026-09-20T11:00:14.998Z,X3843070,5038,44.27291,7.59863,17146.5,5.2,6.5,164.4,-60.6,2.6,-1.0,RS41-SG,403.701,10.3,-500,10,2.6,,
2026-09-20T11:00:15.998Z,X3843070,5039,44.27285,7.59865,17151.1,3.9,6.8,166.9,-60.5,2.6,-1.0,RS41-SG,403.701,10.0,-500,10,2.7,,
2026-09-20T11:00:16.998Z,X3843070,5040,44.27279,7.59867,17155.7,5.4,7.2,167.1,-60.6,2.6,-1.0,RS41-SG,403.701,12.0,-500,10,2.7,,
2026-09-20T11:00:17.998Z,X3843070,5041,44.27273,7.59869,17161.3,5.6,7.0,163.1,-60.7,2.6,-1.0,RS41-SG,403.701,12.0,-500,10,2.6,,
2026-09-20T11:00:18.998Z,X3843070,5042,44.27267,7.59872,17166.0,3.6,6.8,159.5,-60.6,2.6,-1.0,RS41-SG,403.701,11.4,-500,10,2.6,,
2026-09-20T11:00:19.998Z,X3843070,5043,44.27261,7.59875,17170.8,5.8,7.1,156.6,-60.6,2.6,-1.0,RS41-SG,403.701,10.5,-500,10,2.6,,
2026-09-20T11:00:20.998Z,X3843070,5044,44.27255,7.59879,17175.9,4.4,7.8,156.4,-60.7,2.7,-1.0,RS41-SG,403.701,8.3,-500,10,2.7,,
2026-09-20T11:00:21.998Z,X3843070,5045,44.27249,7.59883,17181.4,6.3,7.7,155.2,-60.7,2.6,-1.0,RS41-SG,403.701,10.3,-500,10,2.7,,
2026-09-20T11:00:22.998Z,X3843070,5046,44.27243,7.59887,17187.0,4.8,7.2,152.9,-60.8,2.7,-1.0,RS41-SG,403.701,11.5,-500,10,2.6,,
2026-09-20T11:00:23.998Z,X3843070,5047,44.27237,7.59891,17191.3,3.7,6.8,152.9,-60.8,2.7,-1.0,RS41-SG,403.701,11.5,-500,10,2.6,,
2026-09-20T11:00:24.998Z,X3843070,5048,44.27231,7.59894,17196.1,5.8,6.9,157.4,-60.8,2.7,-1.0,RS41-SG,403.701,11.0,-500,10,2.6,,
2026-09-20T11:00:25.998Z,X3843070,5049,44.27226,7.59897,17201.1,4.2,7.2,161.5,-60.9,2.7,-1.0,RS41-SG,403.701,11.4,-500,10,2.7,,
2026-09-20T11:00:26.998Z,X3843070,5050,44.27219,7.59900,17206.6,6.6,6.9,166.5,-60.9,2.7,-1.0,RS41-SG,403.701,11.4,-500,10,2.7,,
2026-09-20T11:00:27.998Z,X3843070,5051,44.27214,7.59902,17212.1,4.4,6.3,169.8,-60.9,2.7,-1.0,RS41-SG,403.701,10.7,-500,10,2.6,,
2026-09-20T11:00:28.998Z,X3843070,5052,44.27208,7.59903,17216.6,4.3,6.0,173.5,-61.0,2.7,-1.0,RS41-SG,403.701,11.0,-500,10,2.6,,
2026-09-20T11:00:29.998Z,X3843070,5053,44.27203,7.59903,17221.4,5.2,6.7,176.8,-61.0,2.7,-1.0,RS41-SG,403.701,11.0,-500,10,2.6,,
2026-09-20T11:00:30.998Z,X3843070,5054,44.27196,7.59904,17226.5,5.0,7.5,179.4,-61.0,2.7,-1.0,RS41-SG,403.701,11.6,-500,10,2.7,,
2026-09-20T11:00:31.998Z,X3843070,5055,44.27190,7.59904,17230.9,3.4,7.6,180.0,-61.1,2.7,-1.0,RS41-SG,403.701,11.6,-500,10,2.7,,
2026-09-20T11:00:32.998Z,X3843070,5056,44.27183,7.59904,17234.9,4.8,7.6,180.6,-61.1,2.7,-1.0,RS41-SG,403.701,8.9,-500,10,2.6,,
2026-09-20T11:00:33.998Z,X3843070,5057,44.27176,7.59903,17239.8,4.8,7.2,181.3,-61.1,2.7,-1.0,RS41-SG,403.701,8.3,-500,10,2.6,,
2026-09-20T11:00:34.998Z,X3843070,5058,44.27170,7.59903,17244.2,4.0,6.8,178.6,-61.2,2.7,-1.0,RS41-SG,403.701,11.3,-500,10,2.6,,
2026-09-20T11:00:35.998Z,X3843070,5059,44.27164,7.59904,17248.3,4.3,6.8,170.7,-61.2,2.7,-1.0,RS41-SG,403.701,11.3,-500,10,2.7,,
2026-09-20T11:00:36.998Z,X3843070,5060,44.27158,7.59906,17253.1,5.0,7.4,163.0,-61.1,2.7,-1.0,RS41-SG,403.701,11.8,-500,10,2.7,,
2026-09-20T11:00:37.998Z,X3843070,5061,44.27151,7.59910,17257.4,3.5,7.9,156.7,-61.2,2.7,-1.0,RS41-SG,403.701,12.0,-500,10,2.6,,
2026-09-20T11:00:38.998Z,X3843070,5062,44.27145,7.59914,17261.5,4.9,8.0,152.1,-61.2,2.7,-1.0,RS41-SG,403.701,12.0,-500,10,2.6,,
2026-09-20T11:00:39.998Z,X3843070,5063,44.27139,7.59918,17266.8,5.8,7.3,151.0,-61.2,2.7,-1.0,RS41-SG,403.701,11.8,-500,10,2.6,,
2026-09-20T11:00:40.998Z,X3843070,5064,44.27133,7.59922,17272.0,4.5,6.7,154.8,-61.3,2.6,-1.0,RS41-SG,403.701,12.0,-500,10,2.7,,
2026-09-20T11:00:41.998Z,X3843070,5065,44.27128,7.59925,17276.7,5.0,6.7,163.5,-61.3,2.6,-1.0,RS41-SG,403.701,12.0,-500,10,2.7,,
2026-09-20T11:00:42.998Z,X3843070,5066,44.27122,7.59927,17282.1,5.7,6.9,173.2,-61.3,2.7,-1.0,RS41-SG,403.701,11.6,-500,10,2.6,,
2026-09-20T11:00:43.998Z,X3843070,5067,44.27115,7.59927,17286.8,3.8,7.5,180.5,-61.4,2.7,-1.0,RS41-SG,403.701,11.6,-500,10,2.6,,
2026-09-20T11:00:44.998Z,X3843070,5068,44.27109,7.59927,17291.1,4.7,7.6,189.1,-61.4,2.7,-1.0,RS41-SG,403.701,8.6,-500,10,2.6,,
2026-09-20T11:00:45.998Z,X3843070,5069,44.27102,7.59925,17296.3,5.7,7.1,197.7,-61.5,2.7,-1.0,RS41-SG,403.701,10.7,-500,10,2.7,,
2026-09-20T11:00:46.998Z,X3843070,5070,44.27096,7.59922,17301.5,4.5,6.5,200.6,-61.6,2.7,-1.0,RS41-SG,403.701,11.3,-500,10,2.7,,
2026-09-20T11:00:47.998Z,X3843070,5071,44.27091,7.59919,17305.9,4.2,6.2,201.0,-61.7,2.6,-1.0,RS41-SG,403.701,11.3,-500,10,2.6,,
2026-09-20T11:00:48.998Z,X3843070,5072,44.27086,7.59916,17310.7,5.5,6.3,197.6,-61.7,2.6,-1.0,RS41-SG,403.701,11.8,-500,10,2.6,,
2026-09-20T11:00:49.998Z,X3843070,5073,44.27080,7.59914,17315.9,4.7,6.2,193.6,-61.7,2.6,-1.0,RS41-SG,403.701,12.1,-500,10,2.6,,
2026-09-20T11:00:50.998Z,X3843070,5074,44.27075,7.59913,17320.3,4.0,5.6,189.2,-61.6,2.7,-1.0,RS41-SG,403.701,12.1,-500,10,2.7,,
2026-09-20T11:00:51.998Z,X3843070,5075,44.27071,7.59912,17324.9,5.2,4.6,182.4,-61.8,2.7,-1.0,RS41-SG,403.701,11.6,-500,10,2.7,,
2026-09-20T11:00:52.998Z,X3843070,5076,44.27067,7.59912,17330.1,5.0,3.7,176.8,-61.8,2.7,-1.0,RS41-SG,403.701,8.7,-500,10,2.6,,
2026-09-20T11:00:53.998Z,X3843070,5077,44.27064,7.59913,17334.8,4.2,3.2,167.8,-61.8,2.6,-1.0,RS41-SG,403.701,11.9,-500,10,2.6,,
2026-09-20T11:00:54.998Z,X3843070,5078,44.27061,7.59914,17340.1,6.2,3.4,156.5,-61.8,2.6,-1.0,RS41-SG,403.701,11.9,-500,10,2.6,,
2026-09-20T11:00:55.998Z,X3843070,5079,44.27058,7.59916,17345.5,4.5,4.2,157.3,-61.8,2.7,-1.0,RS41-SG,403.701,11.4,-500,10,2.7,,
2026-09-20T11:00:56.998Z,X3843070,5080,44.27054,7.59918,17350.1,4.5,4.3,160.6,-61.7,2.6,-1.0,RS41-SG,403.701,11.8,-500,10,2.7,,
2026-09-20T11:00:57.998Z,X3843070,5081,44.27051,7.59919,17355.0,5.2,3.8,165.3,-61.6,2.6,-1.0,RS41-SG,403.701,11.8,-500,10,2.6,,
2026-09-20T11:00:58.998Z,X3843070,5082,44.27048,7.59920,17360.0,4.6,3.2,175.0,-61.6,2.6,-1.0,RS41-SG,403.701,11.3,-500,10,2.6,,
2026-09-20T11:00:59.998Z,X3843070,5083,44.27045,7.59920,17364.4,4.0,3.3,185.4,-61.5,2.7,-1.0,RS41-SG,403.701,9.0,-500,10,2.6,,
2026-09-20T11:01:00.998Z,X3843070,5084,44.27042,7.59919,17369.0,5.1,3.7,188.7,-61.5,2.6,-1.0,RS41-SG,403.701,8.6,-500,10,2.7,,
2026-09-20T11:01:01.998Z,X3843070,5085,44.27038,7.59919,17374.0,4.6,4.0,187.8,-61.5,2.6,-1.0,RS41-SG,403.701,8.9,-500,10,2.7,,
2026-09-20T11:01:02.998Z,X3843070,5086,44.27035,7.59918,17378.3,4.0,3.7,181.6,-61.5,2.6,-1.0,RS41-SG,403.701,11.2,-500,10,2.6,,
2026-09-20T11:01:03.998Z,X3843070,5087,44.27032,7.59919,17382.8,4.8,3.0,167.5,-61.5,2.6,-1.0,RS41-SG,403.701,11.2,-500,10,2.6,,
2026-09-20T11:01:04.998Z,X3843070,5088,44.27030,7.59920,17387.7,4.9,2.6,144.4,-61.5,2.6,-1.0,RS41-SG,403.701,10.8,-500,10,2.6,,
2026-09-20T11:01:05.998Z,X3843070,5089,44.27028,7.59923,17392.3,4.1,3.0,124.3,-61.4,2.5,-1.0,RS41-SG,403.701,11.1,-500,10,2.7,,
2026-09-20T11:01:06.998Z,X3843070,5090,44.27026,7.59926,17396.9,5.0,3.7,122.2,-61.3,2.5,-1.0,RS41-SG,403.701,11.8,-500,10,2.7,,
2026-09-20T11:01:07.998Z,X3843070,5091,44.27024,7.59930,17401.9,4.9,4.3,130.1,-61.3,2.5,-1.0,RS41-SG,403.701,11.8,-500,10,2.6,,
2026-09-20T11:01:08.998Z,X3843070,5092,44.27022,7.59934,17406.5,4.0,4.4,137.8,-61.2,2.5,-1.0,RS41-SG,403.701,11.8,-500,10,2.6,,
2026-09-20T11:01:09.998Z,X3843070,5093,44.27019,7.59938,17410.8,4.5,4.2,142.0,-61.2,2.5,-1.0,RS41-SG,403.701,8.5,-500,10,2.6,,
2026-09-20T11:01:10.998Z,X3843070,5094,44.27016,7.59941,17415.8,5.6,3.6,141.0,-61.2,2.5,-1.0,RS41-SG,403.701,9.2,-500,10,2.7,,
2026-09-20T11:01:11.998Z,X3843070,5095,44.27014,7.59943,17420.9,4.5,3.0,139.9,-61.2,2.5,-1.0,RS41-SG,403.701,10.7,-500,10,2.7,,
2026-09-20T11:01:12.998Z,X3843070,5096,44.27011,7.59945,17425.3,4.2,2.6,147.8,-61.1,2.5,-1.0,RS41-SG,403.701,11.6,-500,10,2.6,,
2026-09-20T11:01:13.998Z,X3843070,5097,44.27009,7.59947,17430.2,5.6,2.8,164.6,-61.2,2.5,-1.0,RS41-SG,403.701,11.6,-500,9,2.6,,
2026-09-20T11:01:14.998Z,X3843070,5098,44.27007,7.59947,17435.3,4.2,3.4,170.9,-61.3,2.5,-1.0,RS41-SG,403.701,11.1,-500,10,2.6,,
2026-09-20T11:01:15.998Z,X3843070,5099,44.27003,7.59948,17439.5,4.2,3.9,171.9,-61.2,2.5,-1.0,RS41-SG,403.701,11.0,-500,10,2.7,,
2026-09-20T11:01:16.998Z,X3843070,5100,44.27000,7.59949,17444.5,5.6,3.7,169.2,-61.2,2.5,-1.0,RS41-SG,403.701,10.8,-500,9,2.7,,
2026-09-20T11:01:17.998Z,X3843070,5101,44.26997,7.59950,17449.3,3.9,3.5,162.9,-61.1,2.5,-1.0,RS41-SG,403.701,9.3,-500,10,2.6,,
2026-09-20T11:01:18.998Z,X3843070,5102,44.26994,7.59951,17453.9,5.2,3.8,161.0,-61.2,2.5,-1.0,RS41-SG,403.701,9.3,-500,10,2.6,,
2026-09-20T11:01:19.998Z,X3843070,5103,44.26990,7.59953,17459.1,5.2,4.4,161.8,-61.2,2.5,-1.0,RS41-SG,403.701,11.1,-500,10,2.6,,
2026-09-20T11:01:20.998Z,X3843070,5104,44.26986,7.59955,17463.7,4.0,4.7,164.0,-61.2,2.5,-1.0,RS41-SG,403.701,11.1,-500,10,2.7,,
2026-09-20T11:01:21.998Z,X3843070,5105,44.26982,7.59956,17468.4,5.1,4.6,160.1,-61.3,2.5,-1.0,RS41-SG,403.701,10.7,-500,10,2.7,,
2026-09-20T11:01:22.998Z,X3843070,5106,44.26979,7.59959,17473.1,4.4,4.4,152.1,-61.3,2.5,-1.0,RS41-SG,403.701,11.2,-500,10,2.6,,
2026-09-20T11:01:23.998Z,X3843070,5107,44.26975,7.59961,17477.6,4.6,4.4,147.4,-61.3,2.5,-1.0,RS41-SG,403.701,11.2,-500,10,2.6,,
2026-09-20T11:01:24.998Z,X3843070,5108,44.26972,7.59964,17482.8,5.5,4.9,148.9,-61.3,2.5,-1.0,RS41-SG,403.701,12.3,-500,10,2.6,,
2026-09-20T11:01:25.998Z,X3843070,5109,44.26968,7.59967,17487.8,4.5,5.5,152.3,-61.3,2.5,-1.0,RS41-SG,403.701,12.3,-500,10,2.7,,
2026-09-20T11:01:26.998Z,X3843070,5110,44.26963,7.59971,17492.0,4.0,5.7,153.0,-61.2,2.5,-1.0,RS41-SG,403.701,11.4,-500,10,2.7,,
2026-09-20T11:01:27.998Z,X3843070,5111,44.26959,7.59974,17496.5,4.8,5.5,152.5,-61.2,2.5,-1.0,RS41-SG,403.701,10.0,-500,10,2.6,,
2026-09-20T11:01:28.998Z,X3843070,5112,44.26955,7.59977,17501.2,4.7,5.1,149.5,-61.1,2.4,-1.0,RS41-SG,403.701,8.1,-500,10,2.6,,
2026-09-20T11:01:29.998Z,X3843070,5113,44.26951,7.59980,17505.7,4.1,5.1,146.8,-61.1,2.4,-1.0,RS41-SG,403.701,10.6,-500,10,2.6,,
2026-09-20T11:01:30.998Z,X3843070,5114,44.26947,7.59984,17510.1,4.7,5.6,148.8,-61.1,2.5,-1.0,RS41-SG,403.701,10.6,-500,10,2.7,,
2026-09-20T11:01:31.998Z,X3843070,5115,44.26942,7.59987,17515.1,5.3,6.5,153.9,-61.1,2.4,-1.0,RS41-SG,403.701,10.5,-500,10,2.7,,
2026-09-20T11:01:32.998Z,X3843070,5116,44.26936,7.59991,17519.8,4.0,7.1,156.1,-61.1,2.5,-1.0,RS41-SG,403.701,10.6,-500,10,2.6,,
2026-09-20T11:01:33.998Z,X3843070,5117,44.26931,7.59995,17524.0,4.3,7.1,154.7,-61.1,2.4,-1.0,RS41-SG,403.701,10.8,-500,10,2.6,,
2026-09-20T11:01:34.998Z,X3843070,5118,44.26925,7.59998,17529.0,5.6,6.3,151.9,-61.2,2.4,-1.0,RS41-SG,403.701,11.8,-500,10,2.6,,
2026-09-20T11:01:35.998Z,X3843070,5119,44.26921,7.60002,17534.0,4.4,5.7,151.1,-61.2,2.4,-1.0,RS41-SG,403.701,11.8,-500,10,2.7,,
2026-09-20T11:01:36.998Z,X3843070,5120,44.26916,7.60005,17538.6,4.5,5.1,153.3,-61.1,2.5,-1.0,RS41-SG,403.701,11.5,-500,10,2.7,,
2026-09-20T11:01:37.998Z,X3843070,5121,44.26912,7.60008,17543.7,5.8,5.0,157.7,-61.1,2.4,-1.0,RS41-SG,403.701,11.5,-500,10,2.6,,
2026-09-20T11:01:38.998Z,X3843070,5122,44.26908,7.60010,17548.5,3.6,5.3,160.5,-61.1,2.4,-1.0,RS41-SG,403.701,10.0,-500,10,2.6,,
2026-09-20T11:01:39.998Z,X3843070,5123,44.26903,7.60012,17552.2,3.7,5.6,159.4,-61.1,2.5,-1.0,RS41-SG,403.701,11.3,-500,10,2.6,,
2026-09-20T11:01:40.998Z,X3843070,5124,44.26899,7.60015,17556.6,5.0,5.8,154.0,-61.2,2.5,-1.0,RS41-SG,403.701,11.3,-500,10,2.7,,
2026-09-20T11:01:41.998Z,X3843070,5125,44.26894,7.60019,17561.4,4.5,6.2,147.4,-61.1,2.4,-1.0,RS41-SG,403.701,10.8,-500,10,2.7,,
2026-09-20T11:01:42.998Z,X3843070,5126,44.26889,7.60024,17565.9,4.5,7.0,143.0,-61.0,2.5,-1.0,RS41-SG,403.701,10.8,-500,10,2.6,,
2026-09-20T11:01:43.998Z,X3843070,5127,44.26883,7.60029,17570.9,5.4,8.3,143.4,-61.0,2.5,-1.0,RS41-SG,403.701,10.3,-500,10,2.6,,
2026-09-20T11:01:44.998Z,X3843070,5128,44.26877,7.60036,17575.7,4.0,9.2,146.7,-61.1,2.5,-1.0,RS41-SG,403.701,10.0,-500,10,2.6,,
2026-09-20T11:01:45.998Z,X3843070,5129,44.26870,7.60042,17579.9,4.3,9.6,149.5,-61.2,2.4,-1.0,RS41-SG,403.701,8.8,-500,10,2.7,,
2026-09-20T11:01:46.998Z,X3843070,5130,44.26862,7.60047,17584.8,5.5,9.0,153.2,-61.1,2.4,-1.0,RS41-SG,403.701,11.0,-500,10,2.7,,
2026-09-20T11:01:47.998Z,X3843070,5131,44.26856,7.60052,17589.8,4.5,8.0,155.6,-61.1,2.4,-1.0,RS41-SG,403.701,11.0,-500,10,2.6,,
2026-09-20T11:01:48.998Z,X3843070,5132,44.26849,7.60056,17595.0,5.8,7.3,157.7,-61.2,2.5,-1.0,RS41-SG,403.701,10.8,-500,10,2.6,,
2026-09-20T11:01:49.998Z,X3843070,5133,44.26843,7.60059,17600.7,5.4,7.1,158.6,-61.1,2.5,-1.0,RS41-SG,403.701,10.8,-500,10,2.6,,
2026-09-20T11:01:50.998Z,X3843070,5134,44.26838,7.60062,17605.3,3.9,6.6,156.9,-61.1,2.4,-1.0,RS41-SG,403.701,9.9,-500,10,2.7,,
2026-09-20T11:01:51.998Z,X3843070,5135,44.26833,7.60066,17609.7,4.8,5.4,149.7,-61.1,2.5,-1.0,RS41-SG,403.701,10.1,-500,10,2.7,,
2026-09-20T11:01:52.998Z,X3843070,5136,44.26829,7.60069,17614.7,5.1,4.4,138.6,-61.1,2.5,-1.0,RS41-SG,403.701,10.1,-500,10,2.6,,
2026-09-20T11:01:53.998Z,X3843070,5137,44.26827,7.60073,17619.3,4.1,4.0,125.5,-61.0,2.4,-1.0,RS41-SG,403.701,9.6,-500,10,2.6,,
2026-09-20T11:01:54.998Z,X3843070,5138,44.26825,7.60077,17623.9,5.2,4.5,120.0,-60.8,2.3,-1.0,RS41-SG,403.701,9.3,-500,10,2.6,,
2026-09-20T11:01:55.998Z,X3843070,5139,44.26822,7.60083,17628.8,4.5,5.3,124.3,-60.6,2.3,-1.0,RS41-SG,403.701,9.9,-500,10,2.7,,
2026-09-20T11:01:56.998Z,X3843070,5140,44.26819,7.60088,17633.2,4.5,5.8,125.9,-60.2,2.2,-1.0,RS41-SG,403.701,9.9,-500,10,2.7,,
2026-09-20T11:01:57.998Z,X3843070,5141,44.26816,7.60094,17638.3,5.4,5.9,125.4,-60.1,2.2,-1.0,RS41-SG,403.701,9.8,-500,10,2.6,,
2026-09-20T11:01:58.998Z,X3843070,5142,44.26813,7.60100,17643.2,4.3,5.8,124.4,-60.0,2.2,-1.0,RS41-SG,403.701,9.7,-500,10,2.6,,
2026-09-20T11:01:59.998Z,X3843070,5143,44.26810,7.60106,17647.8,5.0,5.7,128.3,-59.8,2.2,-1.0,RS41-SG,403.701,9.1,-500,10,2.6,,
2026-09-20T11:02:00.998Z,X3843070,5144,44.26807,7.60111,17653.1,5.5,5.9,136.8,-59.7,2.2,-1.0,RS41-SG,403.701,9.1,-500,10,2.7,,
2026-09-20T11:02:01.998Z,X3843070,5145,44.26803,7.60116,17657.9,4.0,6.0,141.9,-59.8,2.3,-1.0,RS41-SG,403.701,9.5,-500,10,2.7,,
2026-09-20T11:02:02.998Z,X3843070,5146,44.26798,7.60121,17662.5,5.2,5.6,145.2,-59.8,2.3,-1.0,RS41-SG,403.701,9.5,-500,10,2.6,,
2026-09-20T11:02:03.998Z,X3843070,5147,44.26795,7.60124,17667.2,4.2,4.7,145.2,-59.7,2.2,-1.0,RS41-SG,403.701,9.6,-500,10,2.6,,
2026-09-20T11:02:04.998Z,X3843070,5148,44.26791,7.60128,17671.8,5.0,4.2,141.7,-59.6,2.2,-1.0,RS41-SG,403.701,9.6,-500,10,2.6,,
2026-09-20T11:02:05.998Z,X3843070,5149,44.26788,7.60131,17677.3,6.1,4.4,139.0,-59.6,2.2,-1.0,RS41-SG,403.701,9.5,-500,10,2.7,,
2026-09-20T11:02:06.998Z,X3843070,5150,44.26785,7.60135,17682.5,4.3,4.7,137.8,-59.5,2.3,-1.0,RS41-SG,403.701,9.8,-500,10,2.7,,
2026-09-20T11:02:07.998Z,X3843070,5151,44.26782,7.60139,17687.3,5.3,4.8,131.3,-59.6,2.3,-1.0,RS41-SG,403.701,9.8,-500,10,2.6,,
2026-09-20T11:02:08.998Z,X3843070,5152,44.26780,7.60143,17692.2,4.3,4.5,123.2,-59.7,2.2,-1.0,RS41-SG,403.701,10.5,-500,10,2.6,,
2026-09-20T11:02:09.998Z,X3843070,5153,44.26778,7.60148,17696.7,4.6,4.4,116.5,-59.8,2.2,-1.0,RS41-SG,403.701,10.5,-500,10,2.6,,
2026-09-20T11:02:10.998Z,X3843070,5154,44.26776,7.60154,17701.8,5.6,5.1,117.7,-59.8,2.2,-1.0,RS41-SG,403.701,9.9,-500,10,2.7,,
2026-09-20T11:02:11.998Z,X3843070,5155,44.26774,7.60159,17706.6,4.1,5.8,120.5,-59.8,2.2,-1.0,RS41-SG,403.701,9.3,-500,10,2.7,,
2026-09-20T11:02:12.998Z,X3843070,5156,44.26771,7.60166,17711.0,4.7,6.2,121.0,-59.8,2.2,-1.0,RS41-SG,403.701,10.5,-500,10,2.6,,
2026-09-20T11:02:13.998Z,X3843070,5157,44.26768,7.60173,17715.8,4.8,6.0,116.1,-59.9,2.2,-1.0,RS41-SG,403.701,10.7,-500,10,2.6,,
2026-09-20T11:02:14.998Z,X3843070,5158,44.26766,7.60179,17720.4,4.5,5.4,110.7,-59.9,2.2,-1.0,RS41-SG,403.701,10.7,-500,10,2.6,,
2026-09-20T11:02:15.998Z,X3843070,5159,44.26765,7.60185,17724.4,3.4,5.1,108.1,-59.9,2.3,-1.0,RS41-SG,403.701,10.0,-500,10,2.6,,
2026-09-20T11:02:16.998Z,X3843070,5160,44.26763,7.60191,17728.4,4.6,4.9,110.2,-60.1,2.3,-1.0,RS41-SG,403.701,9.6,-500,10,2.7,,
2026-09-20T11:02:17.998Z,X3843070,5161,44.26761,7.60197,17733.4,5.3,4.8,114.6,-60.1,2.3,-1.0,RS41-SG,403.701,9.6,-500,10,2.7,,
2026-09-20T11:02:18.998Z,X3843070,5162,44.26759,7.60202,17737.8,3.6,4.8,119.0,-60.1,2.3,-1.0,RS41-SG,403.701,7.7,-500,10,2.7,,
2026-09-20T11:02:19.998Z,X3843070,5163,44.26758,7.60207,17741.7,4.1,4.6,114.1,-60.0,2.3,-1.0,RS41-SG,403.701,10.2,-500,10,2.6,,
2026-09-20T11:02:20.998Z,X3843070,5164,44.26756,7.60212,17746.4,5.2,4.1,101.8,-59.9,2.3,-1.0,RS41-SG,403.701,10.9,-500,10,2.6,,
2026-09-20T11:02:21.998Z,X3843070,5165,44.26756,7.60217,17750.8,3.6,3.7,89.9,-59.9,2.3,-1.0,RS41-SG,403.701,10.9,-500,10,2.6,,
2026-09-20T11:02:23.998Z,X3843070,5167,44.26756,7.60226,17760.1,4.8,3.1,96.6,-60.1,2.3,-1.0,RS41-SG,403.701,6.8,-500,10,2.7,,
2026-09-20T11:02:24.998Z,X3843070,5168,44.26756,7.60229,17764.4,4.0,2.8,105.0,-60.0,2.3,-1.0,RS41-SG,403.701,9.2,-500,10,2.7,,
2026-09-20T11:02:25.998Z,X3843070,5169,44.26755,7.60232,17768.7,4.6,2.5,103.1,-60.0,2.3,-1.0,RS41-SG,403.701,10.1,-500,10,2.6,,
2026-09-20T11:02:26.998Z,X3843070,5170,44.26755,7.60236,17773.6,5.0,2.5,95.5,-60.1,2.3,-1.0,RS41-SG,403.701,10.1,-500,10,2.6,,
2026-09-20T11:02:27.998Z,X3843070,5171,44.26754,7.60239,17778.0,3.9,2.7,93.3,-60.1,2.3,-1.0,RS41-SG,403.701,9.7,-500,10,2.6,,
2026-09-20T11:02:28.998Z,X3843070,5172,44.26754,7.60242,17782.4,4.9,3.1,101.3,-60.1,2.2,-1.0,RS41-SG,403.701,9.7,-500,10,2.7,,
2026-09-20T11:02:29.998Z,X3843070,5173,44.26753,7.60247,17787.4,5.0,3.8,109.5,-60.1,2.2,-1.0,RS41-SG,403.701,8.5,-500,10,2.7,,
2026-09-20T11:02:30.998Z,X3843070,5174,44.26752,7.60251,17791.7,3.6,4.3,111.2,-60.1,2.2,-1.0,RS41-SG,403.701,8.5,-500,10,2.6,,
2026-09-20T11:02:31.998Z,X3843070,5175,44.26751,7.60256,17795.9,4.5,4.4,105.1,-60.0,2.2,-1.0,RS41-SG,403.701,9.2,-500,10,2.6,,
2026-09-20T11:02:32.998Z,X3843070,5176,44.26750,7.60262,17800.8,5.2,4.3,89.3,-60.0,2.2,-1.0,RS41-SG,403.701,10.1,-500,10,2.6,,
2026-09-20T11:02:33.998Z,X3843070,5177,44.26751,7.60267,17805.3,4.0,4.3,76.1,-60.0,2.2,-1.0,RS41-SG,403.701,10.1,-500,10,2.7,,
2026-09-20T11:02:34.998Z,X3843070,5178,44.26752,7.60272,17810.1,5.5,4.2,67.1,-60.0,2.2,-1.0,RS41-SG,403.701,9.7,-500,10,2.7,,
2026-09-20T11:02:35.998Z,X3843070,5179,44.26753,7.60277,17815.2,4.5,3.7,68.7,-60.2,2.3,-1.0,RS41-SG,403.701,10.1,-500,10,2.6,,
2026-09-20T11:02:36.998Z,X3843070,5180,44.26755,7.60281,17819.5,3.9,3.1,64.4,-60.1,2.2,-1.0,RS41-SG,403.701,10.6,-500,10,2.6,,
2026-09-20T11:02:37.998Z,X3843070,5181,44.26756,7.60284,17824.0,4.9,2.8,49.6,-60.0,2.2,-1.0,RS41-SG,403.701,10.6,-500,10,2.6,,
2026-09-20T11:02:38.998Z,X3843070,5182,44.26758,7.60286,17828.5,4.1,2.8,34.8,-60.0,2.2,-1.0,RS41-SG,403.701,9.4,-500,10,2.7,,
2026-09-20T11:02:39.998Z,X3843070,5183,44.26760,7.60287,17832.8,4.5,2.4,26.8,-60.1,2.3,-1.0,RS41-SG,403.701,10.3,-500,10,2.7,,
2026-09-20T11:02:40.998Z,X3843070,5184,44.26761,7.60289,17837.5,5.1,1.8,32.3,-60.1,2.2,-1.0,RS41-SG,403.701,10.3,-500,10,2.6,,
2026-09-20T11:02:42.998Z,X3843070,5186,44.26764,7.60292,17846.9,5.0,2.3,62.6,-60.0,2.2,-1.0,RS41,403.701,7.6,-500,10,2.6,,
2026-09-20T11:02:43.998Z,X3843070,5187,44.26765,7.60295,17851.7,4.6,3.6,60.2,-60.1,2.2,-1.0,RS41,403.701,9.6,-500,10,2.7,,
2026-09-20T11:02:44.998Z,X3843070,5188,44.26767,7.60300,17855.8,3.6,4.8,59.9,-60.1,2.2,-1.0,RS41,403.701,9.6,-500,10,2.7,,
2026-09-20T11:02:45.998Z,X3843070,5189,44.26769,7.60306,17859.8,4.4,5.7,65.7,-60.0,2.2,-1.0,RS41,403.701,9.5,-500,10,2.6,,
2026-09-20T11:02:46.998Z,X3843070,5190,44.26771,7.60312,17864.5,4.8,5.9,68.9,-60.0,2.2,-1.0,RS41,403.701,8.9,-500,10,2.6,,
2026-09-20T11:02:47.998Z,X3843070,5191,44.26773,7.60319,17869.0,4.1,5.8,71.5,-60.1,2.2,-1.0,RS41,403.701,9.3,-500,10,2.6,,
2026-09-20T11:02:48.998Z,X3843070,5192,44.26774,7.60326,17872.9,3.9,5.9,67.9,-60.2,2.2,-1.0,RS41,403.701,10.5,-500,10,2.7,,
2026-09-20T11:02:49.998Z,X3843070,5193,44.26777,7.60333,17877.4,5.2,5.9,58.4,-60.1,2.1,-1.0,RS41,403.701,10.5,-500,10,2.7,,
2026-09-20T11:02:52.998Z,X3843070,5196,44.26788,7.60350,17891.0,5.6,6.2,48.5,-60.1,2.1,-1.0,RS41,403.701,8.6,-500,10,2.6,,
2026-09-20T11:02:53.998Z,X3843070,5197,44.26791,7.60356,17896.0,4.5,5.5,54.3,-59.8,2.1,-1.0,RS41,403.701,8.6,-500,10,2.7,,
2026-09-20T11:02:54.998Z,X3843070,5198,44.26794,7.60361,17900.0,3.6,5.0,57.3,-59.6,2.0,-1.0,RS41,403.701,8.5,-500,10,2.7,,
2026-09-20T11:02:55.998Z,X3843070,5199,44.26796,7.60366,17904.1,4.6,4.8,57.3,-59.6,2.1,-1.0,RS41,403.701,8.6,-500,10,2.6,,
2026-09-20T11:02:56.998Z,X3843070,5200,44.26798,7.60371,17908.8,4.7,4.8,54.1,-59.6,2.1,-1.0,RS41,403.701,11.1,-500,10,2.6,,
2026-09-20T11:02:57.998Z,X3843070,5201,44.26801,7.60376,17913.2,4.0,4.8,53.7,-59.8,2.2,-1.0,RS41,403.701,11.1,-500,10,2.6,,
2026-09-20T11:02:58.998Z,X3843070,5202,44.26803,7.60381,17917.9,5.3,4.7,62.0,-59.7,2.1,-1.0,RS41,403.701,11.1,-500,10,2.7,,
2026-09-20T11:03:00.998Z,X3843070,5204,44.26806,7.60393,17927.2,4.1,5.5,73.6,-59.7,2.1,-1.0,RS41,403.701,10.4,-500,10,2.6,,
2026-09-20T11:03:01.998Z,X3843070,5205,44.26808,7.60400,17932.0,5.5,6.5,69.9,-59.9,2.1,-1.0,RS41,403.701,10.5,-500,10,2.6,,
2026-09-20T11:03:02.998Z,X3843070,5206,44.26810,7.60408,17936.9,4.4,7.5,65.2,-59.8,2.1,-1.0,RS41,403.701,10.5,-500,10,2.6,,
2026-09-20T11:03:03.998Z,X3843070,5207,44.26813,7.60417,17940.8,3.4,8.1,64.1,-59.8,2.1,-1.0,RS41,403.701,9.6,-500,10,2.6,,
2026-09-20T11:03:04.998Z,X3843070,5208,44.26817,7.60426,17945.2,5.2,8.3,65.5,-59.8,2.1,-1.0,RS41,403.701,9.9,-500,10,2.7,,
2026-09-20T11:03:05.998Z,X3843070,5209,44.26819,7.60435,17950.4,4.9,7.8,69.3,-60.0,2.1,-1.0,RS41,403.701,10.8,-500,10,2.7,,
2026-09-20T11:03:06.998Z,X3843070,5210,44.26822,7.60444,17954.9,4.3,7.3,70.5,-60.0,2.1,-1.0,RS41,403.701,10.8,-500,10,2.7,,
2026-09-20T11:03:07.998Z,X3843070,5211,44.26824,7.60452,17959.7,5.1,6.5,68.6,-59.9,2.1,-1.0,RS41,403.701,9.8,-500,10,2.6,,
2026-09-20T11:03:08.998Z,X3843070,5212,44.26826,7.60459,17964.2,3.9,5.9,61.1,-59.9,2.1,-1.0,RS41,403.701,9.9,-500,10,2.6,,
2026-09-20T11:03:09.998Z,X3843070,5213,44.26829,7.60465,17968.2,4.0,5.4,56.1,-60.0,2.1,-1.0,RS41,403.701,10.0,-500,10,2.6,,
2026-09-20T11:03:10.998Z,X3843070,5214,44.26831,7.60471,17973.0,5.5,5.0,56.9,-59.9,2.1,-1.0,RS41,403.701,10.0,-500,10,2.6,,
2026-09-20T11:03:11.998Z,X3843070,5215,44.26834,7.60476,17977.7,3.8,4.9,62.1,-59.8,2.1,-1.0,RS41,403.701,10.3,-500,10,2.7,,
2026-09-20T11:03:12.998Z,X3843070,5216,44.26836,7.60482,17981.9,4.4,5.2,64.3,-60.0,2.1,-1.0,RS41,403.701,10.3,-500,10,2.7,,
2026-09-20T11:03:13.998Z,X3843070,5217,44.26838,7.60487,17986.5,4.8,5.5,61.9,-59.9,2.1,-1.0,RS41,403.701,10.3,-500,10,2.6,,
2026-09-20T11:03:14.998Z,X3843070,5218,44.26840,7.60493,17990.9,3.9,5.6,57.7,-59.8,2.2,-1.0,RS41,403.701,9.9,-500,10,2.6,,
2026-09-20T11:03:15.998Z,X3843070,5219,44.26843,7.60499,17995.4,4.9,5.5,59.6,-59.9,2.2,-1.0,RS41,403.701,10.9,-500,10,2.6,,
2026-09-20T11:03:16.998Z,X3843070,5220,44.26845,7.60505,18000.2,4.6,5.3,65.1,-59.9,2.2,-1.0,RS41,403.701,10.9,-500,10,2.7,,
2026-09-20T11:03:17.998Z,X3843070,5221,44.26847,7.60511,18004.7,4.4,4.9,67.9,-59.9,2.2,-1.0,RS41,403.701,10.3,-500,10,2.7,,
2026-09-20T11:03:18.998Z,X3843070,5222,44.26849,7.60516,18009.5,5.2,4.6,62.9,-60.0,2.1,-1.0,RS41,403.701,7.8,-500,10,2.6,,
2026-09-20T11:03:19.998Z,X3843070,5223,44.26851,7.60522,18014.1,4.0,4.8,57.3,-59.9,2.1,-1.0,RS41,403.701,7.8,-500,10,2.6,,
2026-09-20T11:03:20.998Z,X3843070,5224,44.26853,7.60527,18018.6,5.1,4.9,57.3,-59.9,2.1,-1.0,RS41,403.701,10.4,-500,10,2.6,,
2026-09-20T11:03:21.998Z,X3843070,5225,44.26856,7.60532,18023.8,5.2,5.3,63.1,-60.0,2.1,-1.0,RS41,403.701,11.0,-500,10,2.7,,
2026-09-20T11:03:22.998Z,X3843070,5226,44.26858,7.60538,18028.2,3.6,5.6,67.5,-59.9,2.1,-1.0,RS41,403.701,11.0,-500,10,2.7,,
2026-09-20T11:03:25.998Z,X3843070,5229,44.26865,7.60559,18041.1,3.9,6.3,60.5,-59.9,2.0,-1.0,RS41,403.701,9.9,-500,10,2.6,,
2026-09-20T11:03:26.998Z,X3843070,5230,44.26867,7.60566,18045.2,4.1,6.1,61.1,-60.0,2.1,-1.0,RS41,403.701,9.9,-500,10,2.7,,
2026-09-20T11:03:27.998Z,X3843070,5231,44.26870,7.60572,18049.9,5.3,5.9,68.4,-59.9,2.1,-1.0,RS41,403.701,9.4,-500,10,2.7,,
2026-09-20T11:03:28.998Z,X3843070,5232,44.26871,7.60579,18054.7,4.3,5.5,75.5,-59.9,2.0,-1.0,RS41,403.701,9.4,-500,10,2.6,,
2026-09-20T11:03:29.998Z,X3843070,5233,44.26872,7.60585,18059.1,4.5,4.8,79.1,-59.9,2.1,-1.0,RS41,403.701,9.8,-500,10,2.6,,
2026-09-20T11:03:30.998Z,X3843070,5234,44.26873,7.60590,18063.8,5.1,3.6,76.4,-59.9,2.1,-1.0,RS41,403.701,9.8,-500,10,2.6,,
2026-09-20T11:03:31.998Z,X3843070,5235,44.26874,7.60594,18068.4,4.1,2.8,66.0,-60.0,2.1,-1.0,RS41,403.701,10.8,-500,10,2.7,,
2026-09-20T11:03:32.998Z,X3843070,5236,44.26875,7.60597,18072.8,4.9,2.0,70.8,-59.8,2.0,-1.0,RS41,403.701,10.8,-500,10,2.7,,
2026-09-20T11:03:33.998Z,X3843070,5237,44.26875,7.60599,18077.8,4.9,1.6,87.1,-59.8,2.0,-1.0,RS41-SG,403.701,11.1,-500,10,2.6,,
2026-09-20T11:03:34.998Z,X3843070,5238,44.26875,7.60601,18082.0,3.4,1.9,97.7,-59.9,2.1,-1.0,RS41-SG,403.701,11.1,-500,10,2.6,,
2026-09-20T11:03:35.998Z,X3843070,5239,44.26875,7.60604,18085.7,4.1,2.2,94.3,-59.8,2.0,-1.0,RS41-SG,403.701,7.5,-500,10,2.6,,
2026-09-20T11:03:36.998Z,X3843070,5240,44.26875,7.60607,18090.2,5.1,2.8,78.4,-59.8,2.0,-1.0,RS41-SG,403.701,10.3,-500,10,2.7,,
2026-09-20T11:03:37.998Z,X3843070,5241,44.26876,7.60611,18094.4,3.5,3.4,68.0,-59.8,2.0,-1.0,RS41-SG,403.701,10.3,-500,10,2.7,,
2026-09-20T11:03:38.998Z,X3843070,5242,44.26877,7.60615,18098.6,4.8,3.8,68.5,-59.7,2.0,-1.0,RS41-SG,403.701,11.0,-500,10,2.6,,
2026-09-20T11:03:39.998Z,X3843070,5243,44.26878,7.60619,18103.8,5.4,3.7,73.3,-59.7,2.0,-1.0,RS41-SG,403.701,11.0,-500,10,2.6,,
2026-09-20T11:03:40.998Z,X3843070,5244,44.26879,7.60624,18108.5,4.0,3.5,78.1,-59.6,2.0,-1.0,RS41-SG,403.701,10.8,-500,10,2.6,,
2026-09-20T11:03:41.998Z,X3843070,5245,44.26880,7.60628,18112.6,4.2,3.2,77.7,-59.5,2.0,-1.0,RS41-SG,403.701,10.7,-500,10,2.6,,
2026-09-20T11:03:42.998Z,X3843070,5246,44.26880,7.60632,18117.1,5.0,3.2,66.6,-59.5,2.0,-1.0,RS41-SG,403.701,10.9,-500,10,2.7,,
2026-09-20T11:03:43.998Z,X3843070,5247,44.26882,7.60635,18121.5,3.9,3.0,57.7,-59.3,2.0,-1.0,RS41-SG,403.701,10.9,-500,10,2.7,,
2026-09-20T11:03:44.998Z,X3843070,5248,44.26883,7.60638,18126.1,5.2,2.4,63.2,-59.3,2.0,-1.0,RS41-SG,403.701,11.4,-500,10,2.7,,
2026-09-20T11:03:45.998Z,X3843070,5249,44.26883,7.60641,18131.4,5.4,1.9,87.0,-59.3,2.0,-1.0,RS41-SG,403.701,11.4,-500,10,2.6,,
2026-09-20T11:03:46.998Z,X3843070,5250,44.26883,7.60643,18136.4,4.7,1.8,112.8,-59.2,1.9,-1.0,RS41-SG,403.701,8.3,-125,10,2.6,,
2026-09-20T11:03:47.998Z,X3843070,5251,44.26882,7.60645,18141.0,4.3,2.0,120.6,-59.1,1.9,-1.0,RS41-SG,403.701,10.7,-500,10,2.6,,
2026-09-20T11:03:48.998Z,X3843070,5252,44.26882,7.60647,18145.6,4.8,2.3,113.7,-59.1,1.9,-1.0,RS41-SG,403.701,10.7,-500,10,2.6,,
2026-09-20T11:03:49.998Z,X3843070,5253,44.26881,7.60650,18150.7,5.5,3.0,105.6,-58.9,1.9,-1.0,RS41-SG,403.701,10.7,-500,10,2.7,,
2026-09-20T11:03:50.998Z,X3843070,5254,44.26880,7.60654,18155.6,4.3,3.6,102.8,-58.9,1.8,-1.0,RS41-SG,403.701,10.3,-500,10,2.7,,
2026-09-20T11:03:51.998Z,X3843070,5255,44.26879,7.60659,18159.5,3.5,4.2,108.6,-58.9,1.9,-1.0,RS41-SG,403.701,11.5,-500,10,2.6,,
2026-09-20T11:03:52.998Z,X3843070,5256,44.26877,7.60664,18163.8,5.0,4.8,122.5,-58.9,1.9,-1.0,RS41-SG,403.701,11.5,-500,10,2.6,,
2026-09-20T11:03:53.998Z,X3843070,5257,44.26874,7.60669,18168.8,5.0,5.3,135.8,-58.9,1.9,-1.0,RS41-SG,403.701,8.3,-500,10,2.6,,
2026-09-20T11:03:54.998Z,X3843070,5258,44.26871,7.60673,18173.5,4.4,5.7,141.7,-58.9,1.9,-1.0,RS41-SG,403.701,10.7,-500,10,2.7,,
2026-09-20T11:03:55.998Z,X3843070,5259,44.26867,7.60678,18177.9,4.6,5.7,141.8,-58.8,1.9,-1.0,RS41-SG,403.701,10.7,-500,10,2.7,,
2026-09-20T11:03:56.998Z,X3843070,5260,44.26863,7.60682,18182.8,5.1,5.4,135.1,-58.7,1.9,-1.0,RS41-SG,403.701,9.8,-500,10,2.6,,
2026-09-20T11:03:57.998Z,X3843070,5261,44.26860,7.60687,18187.4,4.0,5.3,125.9,-58.7,1.9,-1.0,RS41-SG,403.701,10.5,-500,10,2.6,,
2026-09-20T11:03:58.998Z,X3843070,5262,44.26857,7.60693,18191.8,4.6,5.1,122.4,-58.6,1.9,-1.0,RS41-SG,403.701,10.5,-500,10,2.6,,
2026-09-20T11:03:59.998Z,X3843070,5263,44.26854,7.60698,18196.5,4.9,5.0,128.2,-58.6,1.9,-1.0,RS41-SG,403.701,9.2,-500,10,2.7,,
2026-09-20T11:04:00.998Z,X3843070,5264,44.26851,7.60702,18201.3,4.8,5.0,139.7,-58.6,1.9,-1.0,RS41-SG,403.701,9.6,-500,10,2.7,,
2026-09-20T11:04:01.998Z,X3843070,5265,44.26848,7.60706,18205.6,3.8,5.1,149.9,-58.6,1.9,-1.0,RS41-SG,403.701,9.6,-500,10,2.6,,
2026-09-20T11:04:02.998Z,X3843070,5266,44.26844,7.60709,18209.3,3.5,4.9,155.2,-58.7,1.9,-1.0,RS41-SG,403.701,7.8,-500,10,2.6,,
2026-09-20T11:04:03.998Z,X3843070,5267,44.26840,7.60711,18213.6,5.1,4.6,157.6,-58.7,1.9,-1.0,RS41-SG,403.701,9.7,-500,10,2.6,,
2026-09-20T11:04:04.998Z,X3843070,5268,44.26836,7.60714,18218.2,4.2,4.3,153.1,-58.7,1.9,-1.0,RS41-SG,403.701,9.7,-500,10,2.7,,
2026-09-20T11:04:05.998Z,X3843070,5269,44.26833,7.60716,18222.6,4.6,4.5,150.0,-58.6,1.9,-1.0,RS41-SG,403.701,10.6,-500,10,2.7,,
2026-09-20T11:04:06.998Z,X3843070,5270,44.26829,7.60719,18227.7,5.6,5.2,151.0,-58.5,1.8,-1.0,RS41-SG,403.701,10.7,-500,10,2.6,,
2026-09-20T11:04:07.998Z,X3843070,5271,44.26825,7.60722,18232.5,3.7,5.9,153.0,-58.5,1.9,-1.0,RS41-SG,403.701,10.7,-500,10,2.6,,
2026-09-20T11:04:08.998Z,X3843070,5272,44.26820,7.60726,18236.4,4.1,6.3,151.9,-58.5,1.9,-1.0,RS41-SG,403.701,10.5,-500,10,2.6,,
2026-09-20T11:04:09.998Z,X3843070,5273,44.26815,7.60730,18240.7,4.6,6.2,146.6,-58.5,1.9,-1.0,RS41-SG,403.701,11.0,-500,10,2.7,,
2026-09-20T11:04:10.998Z,X3843070,5274,44.26810,7.60734,18245.3,4.4,6.0,142.5,-58.6,1.9,-1.0,RS41-SG,403.701,11.6,-500,10,2.7,,
2026-09-20T11:04:11.998Z,X3843070,5275,44.26806,7.60739,18249.4,3.8,5.8,143.1,-58.6,1.9,-1.0,RS41-SG,403.701,11.6,-500,10,2.6,,
2026-09-20T11:04:12.998Z,X3843070,5276,44.26802,7.60743,18253.7,5.0,6.1,150.6,-58.7,1.9,-1.0,RS41-SG,403.701,10.6,-500,10,2.6,,
2026-09-20T11:04:13.998Z,X3843070,5277,44.26797,7.60746,18258.3,4.1,6.2,157.8,-58.7,1.9,-1.0,RS41-SG,403.701,8.3,-500,10,2.6,,
2026-09-20T11:04:14.998Z,X3843070,5278,44.26792,7.60748,18262.2,3.6,5.9,165.0,-58.6,1.9,-1.0,RS41-SG,403.701,11.6,-500,10,2.7,,
2026-09-20T11:04:15.998Z,X3843070,5279,44.26787,7.60750,18266.2,4.3,5.0,174.4,-58.5,1.8,-1.0,RS41-SG,403.701,11.6,-500,10,2.7,,
2026-09-20T11:04:16.998Z,X3843070,5280,44.26783,7.60750,18270.6,4.7,3.8,184.6,-58.4,1.8,-1.0,RS41-SG,403.701,11.2,-500,10,2.6,,
2026-09-20T11:04:17.998Z,X3843070,5281,44.26780,7.60749,18274.6,3.3,3.0,194.0,-58.3,1.8,-1.0,RS41-SG,403.701,11.6,-500,10,2.6,,
2026-09-20T11:04:18.998Z,X3843070,5282,44.26778,7.60748,18278.4,4.1,2.7,202.6,-58.3,1.8,-1.0,RS41-SG,403.701,11.9,-125,10,2.6,,
2026-09-20T11:04:19.998Z,X3843070,5283,44.26775,7.60747,18283.0,5.1,2.9,203.4,-58.3,1.8,-1.0,RS41-SG,403.701,11.9,-500,10,2.6,,
2026-09-20T11:04:20.998Z,X3843070,5284,44.26773,7.60745,18287.6,4.2,3.2,196.6,-58.3,1.9,-1.0,RS41-SG,403.701,12.0,-500,10,2.7,,
2026-09-20T11:04:21.998Z,X3843070,5285,44.26770,7.60745,18291.6,3.9,3.2,183.5,-58.2,1.9,-1.0,RS41-SG,403.701,12.1,-500,10,2.7,,
2026-09-20T11:04:22.998Z,X3843070,5286,44.26767,7.60745,18295.8,4.5,2.7,163.3,-58.2,1.9,-1.0,RS41-SG,403.701,12.1,-500,10,2.7,,
2026-09-20T11:04:23.998Z,X3843070,5287,44.26765,7.60747,18300.7,5.3,2.4,128.6,-58.2,1.9,-1.0,RS41-SG,403.701,8.9,-500,10,2.6,,
2026-09-20T11:04:24.998Z,X3843070,5288,44.26764,7.60750,18305.3,4.0,3.1,104.9,-58.1,1.8,-1.0,RS41-SG,403.701,9.7,-500,10,2.6,,
2026-09-20T11:04:25.998Z,X3843070,5289,44.26764,7.60754,18309.4,4.0,4.2,96.4,-58.1,1.9,-1.0,RS41-SG,403.701,10.4,-500,10,2.6,,
2026-09-20T11:04:26.998Z,X3843070,5290,44.26763,7.60760,18313.9,5.0,4.9,100.6,-58.0,1.8,-1.0,RS41-SG,403.701,10.4,-500,10,2.6,,
2026-09-20T11:04:27.998Z,X3843070,5291,44.26762,7.60766,18318.7,4.7,4.9,109.7,-58.0,1.8,-1.0,RS41-SG,403.701,10.9,-500,10,2.7,,
2026-09-20T11:04:28.998Z,X3843070,5292,44.26760,7.60771,18323.1,4.1,4.3,117.6,-58.1,1.8,-1.0,RS41-SG,403.701,10.9,-500,10,2.7,,
2026-09-20T11:04:29.998Z,X3843070,5293,44.26759,7.60775,18327.7,5.2,2.8,120.8,-58.3,1.8,-1.0,RS41-SG,403.701,11.0,-500,10,2.6,,
2026-09-20T11:04:30.998Z,X3843070,5294,44.26758,7.60777,18333.2,5.6,0.9,111.9,-58.5,1.8,-1.0,RS41-SG,403.701,11.0,-500,10,2.6,,
2026-09-20T11:04:31.998Z,X3843070,5295,44.26758,7.60777,18337.7,3.6,0.5,330.5,-58.5,1.8,-1.0,RS41-SG,403.701,11.0,-500,10,2.6,,
2026-09-20T11:04:32.998Z,X3843070,5296,44.26759,7.60776,18341.4,3.9,1.1,319.4,-58.4,1.8,-1.0,RS41-SG,403.701,11.0,-500,10,2.7,,
2026-09-20T11:04:33.998Z,X3843070,5297,44.26759,7.60776,18346.1,5.4,0.7,324.1,-58.3,1.8,-1.0,RS41-SG,403.701,9.6,-125,10,2.7,,
2026-09-20T11:04:34.998Z,X3843070,5298,44.26759,7.60776,18351.2,4.8,0.4,89.6,-58.2,1.7,-1.0,RS41-SG,403.701,9.1,-500,10,2.6,,
2026-09-20T11:04:35.998Z,X3843070,5299,44.26759,7.60777,18355.9,4.6,1.4,98.8,-58.1,1.7,-1.0,RS41-SG,403.701,9.1,-500,10,2.6,,
2026-09-20T11:04:36.998Z,X3843070,5300,44.26759,7.60779,18360.6,5.0,2.5,85.4,-58.0,1.8,-1.0,RS41-SG,403.701,11.0,-500,10,2.6,,
2026-09-20T11:04:37.998Z,X3843070,5301,44.26760,7.60783,18365.7,5.1,3.6,73.5,-58.1,1.8,-1.0,RS41-SG,403.701,11.0,-500,10,2.7,,
2026-09-20T11:04:38.998Z,X3843070,5302,44.26761,7.60787,18370.2,3.9,4.2,69.1,-58.0,1.7,-1.0,RS41-SG,403.701,11.3,-500,10,2.7,,
2026-09-20T11:04:39.998Z,X3843070,5303,44.26762,7.60793,18374.4,4.6,4.7,75.9,-57.9,1.8,-1.0,RS41-SG,403.701,11.5,-500,10,2.6,,
2026-09-20T11:04:40.998Z,X3843070,5304,44.26763,7.60799,18379.1,4.8,5.0,82.9,-58.0,1.8,-1.0,RS41-SG,403.701,12.6,-500,10,2.6,,
2026-09-20T11:04:41.998Z,X3843070,5305,44.26763,7.60805,18383.3,3.5,4.6,89.7,-57.9,1.8,-1.0,RS41-SG,403.701,12.6,-500,10,2.6,,
2026-09-20T11:04:42.998Z,X3843070,5306,44.26763,7.60810,18387.4,4.7,3.8,90.4,-57.9,1.8,-1.0,RS41-SG,403.701,8.9,-500,10,2.7,,
2026-09-20T11:04:43.998Z,X3843070,5307,44.26764,7.60814,18392.5,5.6,2.9,78.9,-57.9,1.8,-1.0,RS41-SG,403.701,11.1,-500,10,2.7,,
2026-09-20T11:04:44.998Z,X3843070,5308,44.26764,7.60817,18397.4,4.1,2.4,66.7,-58.0,1.8,-1.0,RS41-SG,403.701,11.5,-500,10,2.6,,
2026-09-20T11:04:45.998Z,X3843070,5309,44.26765,7.60820,18401.8,4.8,1.9,56.4,-58.0,1.8,-1.0,RS41-SG,403.701,11.6,-500,10,2.6,,
2026-09-20T11:04:46.998Z,X3843070,5310,44.26766,7.60822,18406.8,5.3,1.7,67.5,-58.2,1.8,-1.0,RS41-SG,403.701,11.6,-500,10,2.6,,
2026-09-20T11:04:47.998Z,X3843070,5311,44.26766,7.60824,18411.6,4.1,1.9,83.5,-58.1,1.8,-1.0,RS41-SG,403.701,11.8,-500,10,2.7,,
2026-09-20T11:04:48.998Z,X3843070,5312,44.26767,7.60826,18416.6,5.8,2.2,77.0,-58.1,1.8,-1.0,RS41-SG,403.701,11.8,-500,10,2.7,,
2026-09-20T11:04:49.998Z,X3843070,5313,44.26767,7.60829,18422.2,5.4,2.3,63.0,-58.1,1.8,-1.0,RS41-SG,403.701,11.5,-500,10,2.6,,
2026-09-20T11:04:50.998Z,X3843070,5314,44.26769,7.60832,18426.6,3.6,2.8,58.7,-58.1,1.8,-1.0,RS41-SG,403.701,12.4,-500,10,2.6,,
2026-09-20T11:04:51.998Z,X3843070,5315,44.26770,7.60835,18430.6,4.2,3.4,63.9,-58.1,1.9,-1.0,RS41-SG,403.701,12.4,-500,10,2.6,,
2026-09-20T11:04:52.998Z,X3843070,5316,44.26771,7.60840,18435.3,5.2,4.4,75.7,-58.1,1.9,-1.0,RS41-SG,403.701,10.7,-500,10,2.6,,
2026-09-20T11:04:53.998Z,X3843070,5317,44.26772,7.60845,18440.5,5.0,5.2,81.5,-58.2,1.8,-1.0,RS41-SG,403.701,8.6,-500,10,2.7,,
2026-09-20T11:04:54.998Z,X3843070,5318,44.26772,7.60852,18445.0,4.0,5.6,84.5,-58.4,1.8,-1.0,RS41-SG,403.701,11.3,-500,10,2.7,,
2026-09-20T11:04:55.998Z,X3843070,5319,44.26773,7.60859,18449.3,4.6,5.4,82.6,-58.4,1.8,-1.0,RS41-SG,403.701,11.8,-500,10,2.7,,
2026-09-20T11:04:56.998Z,X3843070,5320,44.26774,7.60865,18454.2,5.4,4.4,75.6,-58.4,1.8,-1.0,RS41-SG,403.701,12.1,-500,10,2.6,,
2026-09-20T11:04:57.998Z,X3843070,5321,44.26775,7.60870,18459.3,5.1,3.4,61.9,-58.4,1.8,-1.0,RS41-SG,403.701,12.1,-500,10,2.6,,
2026-09-20T11:04:58.998Z,X3843070,5322,44.26777,7.60873,18463.4,3.1,3.0,51.0,-58.5,1.8,-1.0,RS41-SG,403.701,11.3,-500,10,2.6,,
2026-09-20T11:04:59.998Z,X3843070,5323,44.26778,7.60876,18467.0,3.9,2.7,52.1,-58.6,1.8,-1.0,RS41-SG,403.701,11.3,-500,10,2.6,,
2026-09-20T11:05:00.998Z,X3843070,5324,44.26779,7.60878,18471.8,5.5,2.6,65.4,-58.6,1.8,-1.0,RS41-SG,403.701,11.8,-500,10,2.7,,
2026-09-20T11:05:01.998Z,X3843070,5325,44.26780,7.60882,18477.0,5.0,3.2,83.4,-58.6,1.8,-1.0,RS41-SG,403.701,11.8,-500,10,2.7,,
2026-09-20T11:05:02.998Z,X3843070,5326,44.26780,7.60886,18481.2,3.3,4.0,90.8,-58.6,1.9,-1.0,RS41-SG,403.701,11.4,-500,10,2.6,,
2026-09-20T11:05:03.998Z,X3843070,5327,44.26780,7.60892,18485.4,5.0,4.3,94.8,-58.6,1.9,-1.0,RS41-SG,403.701,11.4,-500,10,2.6,,
2026-09-20T11:05:04.998Z,X3843070,5328,44.26780,7.60897,18490.8,5.8,4.0,92.4,-58.7,1.9,-1.0,RS41-SG,403.701,10.4,-500,10,2.6,,
2026-09-20T11:05:05.998Z,X3843070,5329,44.26780,7.60902,18496.0,4.7,3.8,88.9,-58.8,1.9,-1.0,RS41-SG,403.701,9.0,-500,10,2.7,,
2026-09-20T11:05:06.998Z,X3843070,5330,44.26780,7.60906,18501.4,5.9,4.1,84.6,-58.9,1.9,-1.0,RS41-SG,403.701,9.0,-500,10,2.7,,
2026-09-20T11:05:07.998Z,X3843070,5331,44.26780,7.60912,18506.4,4.3,4.8,85.2,-58.9,1.9,-1.0,RS41-SG,403.701,11.4,-500,10,2.6,,
2026-09-20T11:05:08.998Z,X3843070,5332,44.26781,7.60918,18510.0,2.9,5.4,82.5,-58.9,1.8,-1.0,RS41-SG,403.701,11.4,-500,10,2.6,,
2026-09-20T11:05:09.998Z,X3843070,5333,44.26782,7.60925,18513.6,4.3,5.8,75.9,-58.9,1.9,-1.0,RS41-SG,403.701,11.2,-500,10,2.6,,
2026-09-20T11:05:10.998Z,X3843070,5334,44.26783,7.60932,18518.5,5.6,5.7,71.3,-58.9,1.8,-1.0,RS41-SG,403.701,10.0,-500,10,2.7,,
2026-09-20T11:05:11.998Z,X3843070,5335,44.26785,7.60939,18523.3,4.1,5.7,70.1,-59.1,1.9,-1.0,RS41-SG,403.701,10.5,-500,10,2.7,,
2026-09-20T11:05:12.998Z,X3843070,5336,44.26787,7.60946,18527.5,4.2,5.9,70.5,-59.2,1.9,-1.0,RS41-SG,403.701,10.5,-500,10,2.6,,
2026-09-20T11:05:13.998Z,X3843070,5337,44.26788,7.60953,18532.2,5.2,6.2,72.8,-59.3,1.8,-1.0,RS41-SG,403.701,10.1,-500,10,2.6,,
2026-09-20T11:05:14.998Z,X3843070,5338,44.26790,7.60960,18537.0,4.3,6.4,77.4,-59.4,1.9,-1.0,RS41-SG,403.701,9.6,-500,10,2.6,,
2026-09-20T11:05:15.998Z,X3843070,5339,44.26791,7.60968,18541.3,4.1,6.3,79.4,-59.3,1.9,-1.0,RS41-SG,403.701,9.2,-500,10,2.7,,
2026-09-20T11:05:16.998Z,X3843070,5340,44.26792,7.60975,18546.3,5.9,5.2,82.0,-59.2,1.9,-1.0,RS41-SG,403.701,9.8,-500,10,2.7,,
2026-09-20T11:05:17.998Z,X3843070,5341,44.26792,7.60981,18551.5,4.6,3.9,85.7,-59.2,1.9,-1.0,RS41-SG,403.701,9.8,-500,10,2.6,,
2026-09-20T11:05:18.998Z,X3843070,5342,44.26792,7.60986,18556.0,4.2,3.3,93.6,-59.2,1.9,-1.0,RS41-SG,403.701,10.5,-500,10,2.6,,
2026-09-20T11:05:19.998Z,X3843070,5343,44.26792,7.60990,18560.9,5.6,3.4,99.2,-59.3,1.9,-1.0,RS41-SG,403.701,10.6,-500,10,2.6,,
2026-09-20T11:05:20.998Z,X3843070,5344,44.26791,7.60994,18565.9,4.4,3.9,100.6,-59.2,1.9,-1.0,RS41-SG,403.701,11.1,-500,10,2.7,,
2026-09-20T11:05:21.998Z,X3843070,5345,44.26791,7.60999,18570.3,4.3,4.1,102.2,-59.0,1.9,-1.0,RS41-SG,403.701,11.4,-500,10,2.7,,
2026-09-20T11:05:22.998Z,X3843070,5346,44.26790,7.61004,18575.3,5.4,4.0,106.5,-58.9,1.8,-1.0,RS41-SG,403.701,11.4,-500,10,2.6,,
2026-09-20T11:05:23.998Z,X3843070,5347,44.26789,7.61009,18579.8,3.8,3.9,109.0,-58.8,1.8,-1.0,RS41-SG,403.701,11.2,-500,10,2.6,,
2026-09-20T11:05:24.998Z,X3843070,5348,44.26787,7.61013,18584.6,5.7,4.2,108.8,-58.8,1.8,-1.0,RS41-SG,403.701,10.6,-500,10,2.6,,
2026-09-20T11:05:25.998Z,X3843070,5349,44.26786,7.61019,18589.9,5.0,4.8,103.8,-58.8,1.7,-1.0,RS41-SG,403.701,11.7,-500,10,2.7,,
2026-09-20T11:05:26.998Z,X3843070,5350,44.26785,7.61025,18594.0,3.2,5.3,102.5,-58.7,1.8,-1.0,RS41-SG,403.701,11.7,-500,10,2.7,,
2026-09-20T11:05:27.998Z,X3843070,5351,44.26784,7.61031,18598.1,4.9,5.3,107.2,-58.7,1.7,-1.0,RS41-SG,403.701,8.5,-500,10,2.6,,
2026-09-20T11:05:29.998Z,X3843070,5353,44.26780,7.61042,18608.4,4.6,4.4,123.8,-58.7,1.7,-1.0,RS41-SG,403.701,7.9,-500,10,2.6,,
2026-09-20T11:05:30.998Z,X3843070,5354,44.26778,7.61046,18613.2,5.0,3.9,126.8,-58.7,1.7,-1.0,RS41-SG,403.701,11.5,-500,10,2.7,,
2026-09-20T11:05:31.998Z,X3843070,5355,44.26776,7.61050,18618.4,5.4,3.6,123.2,-58.7,1.7,-1.0,RS41-SG,403.701,11.5,-500,10,2.7,,
2026-09-20T11:05:32.998Z,X3843070,5356,44.26775,7.61054,18623.3,4.3,3.3,119.7,-58.7,1.7,-1.0,RS41-SG,403.701,11.4,-500,10,2.6,,
2026-09-20T11:05:33.998Z,X3843070,5357,44.26773,7.61057,18627.9,4.8,2.7,121.6,-58.7,1.7,-1.0,RS41-SG,403.701,11.2,-500,10,2.6,,
2026-09-20T11:05:34.998Z,X3843070,5358,44.26772,7.61059,18632.7,4.7,2.0,133.6,-58.7,1.7,-1.0,RS41-SG,403.701,10.6,-500,10,2.6,,
2026-09-20T11:05:35.998Z,X3843070,5359,44.26771,7.61061,18637.1,3.9,1.6,141.0,-58.7,1.7,-1.0,RS41-SG,403.701,10.2,-500,10,2.7,,
2026-09-20T11:05:36.998Z,X3843070,5360,44.26770,7.61062,18641.4,4.8,1.2,123.6,-58.7,1.7,-1.0,RS41-SG,403.701,10.5,-500,10,2.7,,
2026-09-20T11:05:37.998Z,X3843070,5361,44.26770,7.61064,18646.7,5.7,1.6,83.7,-58.7,1.7,-1.0,RS41-SG,403.701,10.5,-500,10,2.6,,
2026-09-20T11:05:38.998Z,X3843070,5362,44.26770,7.61066,18651.8,4.6,2.3,76.3,-58.8,1.8,-1.0,RS41-SG,403.701,10.5,-500,10,2.6,,
2026-09-20T11:05:39.998Z,X3843070,5363,44.26770,7.61069,18656.7,5.2,2.8,85.6,-58.8,1.8,-1.0,RS41-SG,403.701,9.1,-500,10,2.6,,
2026-09-20T11:05:40.998Z,X3843070,5364,44.26770,7.61073,18661.9,5.0,3.3,100.2,-58.8,1.8,-1.0,RS41-SG,403.701,7.9,-500,10,2.6,,
2026-09-20T11:05:41.998Z,X3843070,5365,44.26769,7.61077,18666.4,4.1,3.7,108.3,-58.8,1.8,-1.0,RS41-SG,403.701,11.4,-500,10,2.7,,
2026-09-20T11:05:42.998Z,X3843070,5366,44.26768,7.61082,18671.0,5.0,4.3,111.3,-58.8,1.8,-1.0,RS41-SG,403.701,11.5,-500,10,2.7,,
2026-09-20T11:05:43.998Z,X3843070,5367,44.26767,7.61087,18676.1,5.2,4.6,104.0,-58.8,1.8,-1.0,RS41-SG,403.701,11.5,-500,10,2.7,,
2026-09-20T11:05:44.998Z,X3843070,5368,44.26766,7.61093,18680.6,4.0,4.8,98.0,-58.7,1.8,-1.0,RS41-SG,403.701,11.7,-500,10,2.6,,
2026-09-20T11:05:45.998Z,X3843070,5369,44.26766,7.61099,18685.5,5.7,4.7,99.9,-58.5,1.7,-1.0,RS41-SG,403.701,11.7,-500,10,2.6,,
2026-09-20T11:05:46.998Z,X3843070,5370,44.26765,7.61104,18690.7,4.8,4.5,105.6,-58.5,1.8,-1.0,RS41-SG,403.701,11.5,-500,10,2.6,,
2026-09-20T11:05:47.998Z,X3843070,5371,44.26763,7.61110,18695.4,4.7,4.3,107.3,-58.5,1.7,-1.0,RS41-SG,403.701,11.5,-500,10,2.6,,
2026-09-20T11:05:48.998Z,X3843070,5372,44.26763,7.61115,18700.6,5.5,3.7,99.4,-58.6,1.8,-1.0,RS41-SG,403.701,9.5,-500,10,2.7,,
2026-09-20T11:05:49.998Z,X3843070,5373,44.26762,7.61119,18705.3,4.0,3.1,87.7,-58.6,1.7,-1.0,RS41-SG,403.701,10.2,-500,10,2.7,,
2026-09-20T11:05:50.998Z,X3843070,5374,44.26763,7.61122,18709.9,5.1,2.8,78.9,-58.4,1.7,-1.0,RS41-SG,403.701,10.2,-500,10,2.6,,
2026-09-20T11:05:51.998Z,X3843070,5375,44.26763,7.61126,18715.3,5.7,2.8,86.0,-58.5,1.7,-1.0,RS41-SG,403.701,10.0,-500,10,2.6,,
2026-09-20T11:05:52.998Z,X3843070,5376,44.26763,7.61130,18720.3,4.4,3.3,91.5,-58.5,1.7,-1.0,RS41-SG,403.701,9.1,-500,10,2.6,,
2026-09-20T11:05:53.998Z,X3843070,5377,44.26763,7.61134,18724.9,4.9,3.9,89.0,-58.3,1.7,-1.0,RS41-SG,403.701,8.3,-500,10,2.7,,
2026-09-20T11:05:54.998Z,X3843070,5378,44.26763,7.61140,18730.0,5.1,4.6,81.5,-58.2,1.7,-1.0,RS41-SG,403.701,9.5,-500,10,2.7,,
2026-09-20T11:05:55.998Z,X3843070,5379,44.26764,7.61146,18734.7,4.4,5.3,77.6,-58.1,1.7,-1.0,RS41-SG,403.701,10.2,-500,10,2.6,,
2026-09-20T11:05:56.998Z,X3843070,5380,44.26765,7.61153,18739.7,5.6,6.0,82.3,-58.0,1.7,-1.0,RS41-SG,403.701,10.8,-500,10,2.6,,
2026-09-20T11:05:57.998Z,X3843070,5381,44.26766,7.61160,18745.1,5.0,6.3,89.1,-58.0,1.7,-1.0,RS41-SG,403.701,10.8,-500,10,2.6,,
2026-09-20T11:05:58.998Z,X3843070,5382,44.26765,7.61168,18749.6,4.2,6.5,93.1,-58.1,1.7,-1.0,RS41-SG,403.701,11.2,-500,10,2.7,,
2026-09-20T11:05:59.998Z,X3843070,5383,44.26765,7.61176,18754.1,4.7,6.6,92.9,-58.1,1.7,-1.0,RS41-SG,403.701,11.3,-500,10,2.7,,
2026-09-20T11:06:00.998Z,X3843070,5384,44.26765,7.61184,18759.2,5.6,6.3,91.0,-58.0,1.7,-1.0,RS41-SG,403.701,11.3,-500,10,2.6,,
2026-09-20T11:06:01.998Z,X3843070,5385,44.26765,7.61192,18764.1,4.1,6.0,89.1,-57.9,1.6,-1.0,RS41-SG,403.701,10.8,-500,10,2.6,,
2026-09-20T11:06:02.998Z,X3843070,5386,44.26765,7.61199,18769.0,5.7,5.7,95.4,-57.9,1.6,-1.0,RS41-SG,403.701,10.8,-500,10,2.6,,
2026-09-20T11:06:03.998Z,X3843070,5387,44.26764,7.61206,18774.3,5.0,5.7,103.3,-57.9,1.7,-1.0,RS41-SG,403.701,8.1,-500,10,2.7,,
2026-09-20T11:06:04.998Z,X3843070,5388,44.26762,7.61213,18778.9,4.2,5.6,108.8,-58.0,1.7,-1.0,RS41-SG,403.701,10.5,-500,10,2.7,,
2026-09-20T11:06:05.998Z,X3843070,5389,44.26761,7.61219,18783.8,5.6,5.4,108.1,-58.2,1.7,-1.0,RS41-SG,403.701,10.5,-500,10,2.6,,
2026-09-20T11:06:06.999Z,X3843070,5390,44.26760,7.61226,18788.9,4.6,5.3,102.0,-58.2,1.7,-1.0,RS41-SG,403.701,10.4,-500,10,2.6,,
2026-09-20T11:06:07.999Z,X3843070,5391,44.26759,7.61232,18794.0,5.6,5.7,98.8,-58.1,1.7,-1.0,RS41-SG,403.701,10.3,-500,10,2.6,,
2026-09-20T11:06:08.999Z,X3843070,5392,44.26758,7.61240,18799.7,5.9,6.4,101.6,-58.0,1.7,-1.0,RS41-SG,403.701,10.5,-500,10,2.7,,
2026-09-20T11:06:09.999Z,X3843070,5393,44.26757,7.61248,18804.5,3.7,7.2,103.7,-58.0,1.7,-1.0,RS41-SG,403.701,11.1,-500,10,2.7,,
2026-09-20T11:06:10.999Z,X3843070,5394,44.26755,7.61257,18808.8,4.9,7.8,103.3,-58.0,1.7,-1.0,RS41-SG,403.701,11.7,-500,10,2.6,,
2026-09-20T11:06:11.999Z,X3843070,5395,44.26754,7.61267,18814.0,5.5,8.1,99.6,-58.0,1.7,-1.0,RS41-SG,403.701,11.7,-500,10,2.6,,
2026-09-20T11:06:12.999Z,X3843070,5396,44.26753,7.61277,18819.1,4.7,7.9,96.5,-58.0,1.7,-1.0,RS41-SG,403.701,11.1,-500,10,2.6,,
2026-09-20T11:06:13.999Z,X3843070,5397,44.26752,7.61286,18824.4,6.0,7.7,97.3,-58.0,1.7,-1.0,RS41-SG,403.701,8.0,-500,10,2.7,,
2026-09-20T11:06:14.999Z,X3843070,5398,44.26751,7.61296,18829.8,4.8,7.6,100.9,-57.9,1.8,-1.0,RS41-SG,403.701,10.0,-500,10,2.7,,
2026-09-20T11:06:15.999Z,X3843070,5399,44.26749,7.61305,18834.6,4.7,7.0,100.9,-58.0,1.7,-1.0,RS41-SG,403.701,10.8,-500,10,2.6,,
2026-09-20T11:06:16.999Z,X3843070,5400,44.26749,7.61313,18839.8,5.7,6.2,94.2,-58.0,1.7,-1.0,RS41-SG,403.701,10.8,-500,10,2.6,,
2026-09-20T11:06:17.999Z,X3843070,5401,44.26749,7.61320,18844.7,4.0,5.8,84.8,-58.1,1.7,-1.0,RS41-SG,403.701,10.7,-500,10,2.6,,
2026-09-20T11:06:18.999Z,X3843070,5402,44.26749,7.61327,18849.4,5.3,5.4,78.8,-58.1,1.7,-1.0,RS41-SG,403.701,10.7,-500,10,2.7,,
2026-09-20T11:06:19.999Z,X3843070,5403,44.26750,7.61334,18854.6,5.1,5.3,82.9,-58.0,1.7,-1.0,RS41-SG,403.701,10.3,-500,10,2.7,,
2026-09-20T11:06:20.999Z,X3843070,5404,44.26751,7.61340,18859.2,4.1,5.4,86.6,-57.9,1.6,-1.0,RS41-SG,403.701,9.9,-500,10,2.6,,
2026-09-20T11:06:21.999Z,X3843070,5405,44.26751,7.61347,18863.4,4.6,5.9,87.2,-57.9,1.6,-1.0,RS41-SG,403.701,9.7,-500,10,2.6,,
2026-09-20T11:06:22.999Z,X3843070,5406,44.26751,7.61355,18868.6,5.7,6.7,83.0,-57.9,1.6,-1.0,RS41-SG,403.701,9.7,-500,10,2.6,,
2026-09-20T11:06:23.999Z,X3843070,5407,44.26752,7.61364,18873.8,4.6,7.3,79.3,-57.8,1.7,-1.0,RS41-SG,403.701,7.5,-500,10,2.6,,
2026-09-20T11:06:24.999Z,X3843070,5408,44.26754,7.61373,18878.4,4.7,7.6,78.3,-57.7,1.6,-1.0,RS41-SG,403.701,10.3,-500,10,2.7,,
2026-09-20T11:06:25.999Z,X3843070,5409,44.26755,7.61382,18883.7,6.1,7.5,80.8,-57.6,1.6,-1.0,RS41-SG,403.701,10.3,-500,10,2.7,,
2026-09-20T11:06:26.999Z,X3843070,5410,44.26756,7.61392,18888.8,4.3,7.4,84.4,-57.6,1.7,-1.0,RS41-SG,403.701,10.3,-500,10,2.7,,
2026-09-20T11:06:27.999Z,X3843070,5411,44.26756,7.61401,18893.1,4.4,7.4,85.9,-57.5,1.7,-1.0,RS41-SG,403.701,11.2,-500,10,2.6,,
2026-09-20T11:06:28.999Z,X3843070,5412,44.26757,7.61410,18898.2,5.8,7.5,81.4,-57.4,1.7,-1.0,RS41-SG,403.701,11.6,-500,9,2.6,,
2026-09-20T11:06:29.999Z,X3843070,5413,44.26758,7.61419,18903.2,4.4,7.7,77.0,-57.4,1.7,-1.0,RS41-SG,403.701,11.6,-500,9,2.6,,
2026-09-20T11:06:30.999Z,X3843070,5414,44.26760,7.61429,18908.5,6.2,7.8,76.8,-57.4,1.7,-1.0,RS41-SG,403.701,10.4,-500,9,2.6,,
2026-09-20T11:06:31.999Z,X3843070,5415,44.26761,7.61438,18914.1,4.9,7.4,79.4,-57.5,1.7,-1.0,RS41-SG,403.701,10.9,-500,9,2.7,,
2026-09-20T11:06:32.999Z,X3843070,5416,44.26762,7.61447,18918.7,4.3,7.0,80.8,-57.6,1.7,-1.0,RS41-SG,403.701,10.9,-500,9,2.7,,
2026-09-20T11:06:33.999Z,X3843070,5417,44.26764,7.61455,18923.8,5.8,6.9,76.5,-57.5,1.7,-1.0,RS41-SG,403.701,11.3,-500,9,2.6,,
2026-09-20T11:06:34.999Z,X3843070,5418,44.26765,7.61464,18928.8,4.2,7.0,70.9,-57.4,1.7,-1.0,RS41-SG,403.701,11.5,-500,9,2.6,,
2026-09-20T11:06:35.999Z,X3843070,5419,44.26768,7.61472,18933.7,5.5,6.6,66.8,-57.4,1.7,-1.0,RS41-SG,403.701,11.5,-500,9,2.6,,
2026-09-20T11:06:36.999Z,X3843070,5420,44.26770,7.61479,18939.3,5.8,5.8,67.1,-57.5,1.7,-1.0,RS41-SG,403.701,10.2,-500,9,2.7,,
2026-09-20T11:06:37.999Z,X3843070,5421,44.26772,7.61485,18944.6,4.8,5.3,69.2,-57.4,1.7,-1.0,RS41-SG,403.701,10.6,-500,9,2.7,,
2026-09-20T11:06:38.999Z,X3843070,5422,44.26773,7.61491,18949.8,5.6,5.3,68.4,-57.5,1.7,-1.0,RS41-SG,403.701,10.6,-500,9,2.6,,
2026-09-20T11:06:39.999Z,X3843070,5423,44.26775,7.61498,18954.9,4.8,5.9,64.0,-57.4,1.6,-1.0,RS41-SG,403.701,10.1,-500,9,2.6,,
2026-09-20T11:06:40.999Z,X3843070,5424,44.26778,7.61505,18959.8,4.9,6.4,62.9,-57.5,1.6,-1.0,RS41-SG,403.701,10.1,-500,9,2.6,,
2026-09-20T11:06:41.999Z,X3843070,5425,44.26780,7.61512,18965.3,6.1,6.6,65.6,-57.6,1.6,-1.0,RS41-SG,403.701,9.6,-500,9,2.7,,
2026-09-20T11:06:42.999Z,X3843070,5426,44.26783,7.61520,18970.5,4.2,6.7,68.5,-57.7,1.7,-1.0,RS41-SG,403.701,8.8,-500,9,2.7,,
2026-09-20T11:06:43.999Z,X3843070,5427,44.26785,7.61528,18975.2,5.2,7.0,68.0,-57.7,1.6,-1.0,RS41-SG,403.701,9.3,-500,9,2.6,,
2026-09-20T11:06:44.999Z,X3843070,5428,44.26788,7.61536,18980.3,5.2,7.6,63.1,-57.6,1.6,-1.0,RS41-SG,403.701,10.7,-500,9,2.6,,
2026-09-20T11:06:45.999Z,X3843070,5429,44.26791,7.61544,18985.2,4.5,8.1,61.2,-57.5,1.6,-1.0,RS41-SG,403.701,10.7,-500,9,2.6,,
2026-09-20T11:06:46.999Z,X3843070,5430,44.26794,7.61553,18990.6,6.4,7.9,62.1,-57.5,1.7,-1.0,RS41-SG,403.701,9.5,-500,9,2.7,,
2026-09-20T11:06:47.999Z,X3843070,5431,44.26798,7.61562,18996.2,4.6,7.3,64.2,-57.6,1.7,-1.0,RS41-SG,403.701,10.2,-500,9,2.7,,
2026-09-20T11:06:48.999Z,X3843070,5432,44.26800,7.61570,19000.7,4.5,7.0,64.8,-57.7,1.7,-1.0,RS41-SG,403.701,10.2,-500,9,2.6,,
2026-09-20T11:06:49.999Z,X3843070,5433,44.26803,7.61578,19005.7,5.5,7.2,63.2,-57.7,1.7,-1.0,RS41-SG,403.701,9.4,-500,9,2.6,,
2026-09-20T11:06:50.999Z,X3843070,5434,44.26806,7.61586,19010.6,4.3,7.4,61.1,-57.7,1.7,-1.0,RS41-SG,403.701,10.1,-500,9,2.6,,
2026-09-20T11:06:51.999Z,X3843070,5435,44.26809,7.61594,19015.2,5.2,7.2,61.4,-57.6,1.7,-1.0,RS41-SG,403.701,10.1,-500,9,2.7,,
2026-09-20T11:06:52.999Z,X3843070,5436,44.26812,7.61602,19020.7,5.6,6.7,66.8,-57.6,1.7,-1.0,RS41-SG,403.701,10.0,-500,9,2.7,,
2026-09-20T11:06:53.999Z,X3843070,5437,44.26814,7.61609,19025.6,4.4,6.4,70.4,-57.6,1.7,-1.0,RS41-SG,403.701,7.4,-500,9,2.6,,
2026-09-20T11:06:54.999Z,X3843070,5438,44.26816,7.61617,19029.9,4.3,6.3,70.9,-57.7,1.7,-1.0,RS41-SG,403.701,10.8,-500,9,2.6,,
2026-09-20T11:06:55.999Z,X3843070,5439,44.26818,7.61624,19034.6,5.1,6.6,66.6,-57.7,1.7,-1.0,RS41-SG,403.701,10.8,-500,9,2.6,,
2026-09-20T11:06:56.999Z,X3843070,5440,44.26821,7.61632,19039.4,4.5,7.1,65.0,-57.7,1.7,-1.0,RS41-SG,403.701,9.2,-500,9,2.7,,
2026-09-20T11:06:57.999Z,X3843070,5441,44.26824,7.61640,19044.0,4.6,7.4,64.5,-57.9,1.7,-1.0,RS41-SG,403.701,9.2,-500,9,2.7,,
2026-09-20T11:06:58.999Z,X3843070,5442,44.26826,7.61649,19049.2,6.0,7.2,67.2,-57.9,1.7,-1.0,RS41-SG,403.701,9.2,-500,9,2.6,,
2026-09-20T11:06:59.999Z,X3843070,5443,44.26828,7.61657,19054.5,4.4,6.7,70.3,-57.9,1.7,-1.0,RS41-SG,403.701,9.3,-500,9,2.6,,
2026-09-20T11:07:00.999Z,X3843070,5444,44.26831,7.61664,19058.9,4.5,6.6,69.9,-58.0,1.6,-1.0,RS41-SG,403.701,9.3,-500,9,2.6,,
2026-09-20T11:07:01.999Z,X3843070,5445,44.26833,7.61672,19064.0,5.8,6.8,65.8,-58.1,1.7,-1.0,RS41-SG,403.701,9.2,-500,9,2.7,,
2026-09-20T11:07:02.999Z,X3843070,5446,44.26836,7.61680,19069.2,4.7,6.9,60.7,-58.1,1.7,-1.0,RS41-SG,403.701,9.2,-500,9,2.7,,
2026-09-20T11:07:03.999Z,X3843070,5447,44.26839,7.61687,19074.6,6.1,6.7,58.8,-58.1,1.7,-1.0,RS41-SG,403.701,7.0,-500,9,2.6,,
2026-09-20T11:07:04.999Z,X3843070,5448,44.26841,7.61694,19080.1,4.9,6.1,62.0,-58.3,1.7,-1.0,RS41-SG,403.701,8.4,-500,9,2.6,,
2026-09-20T11:07:05.999Z,X3843070,5449,44.26844,7.61701,19084.5,3.8,5.7,63.9,-58.2,1.7,-1.0,RS41-SG,403.701,9.2,-500,9,2.6,,
2026-09-20T11:07:06.999Z,X3843070,5450,44.26846,7.61707,19089.0,5.2,5.6,61.5,-58.3,1.7,-1.0,RS41-SG,403.701,10.6,-500,9,2.7,,
2026-09-20T11:07:07.999Z,X3843070,5451,44.26849,7.61713,19094.2,5.4,6.0,55.7,-58.4,1.8,-1.0,RS41-SG,403.701,10.6,-500,9,2.7,,
2026-09-20T11:07:08.999Z,X3843070,5452,44.26852,7.61719,19099.0,4.2,6.2,53.9,-58.3,1.7,-1.0,RS41-SG,403.701,8.8,-500,9,2.6,,
2026-09-20T11:07:09.999Z,X3843070,5453,44.26855,7.61725,19103.4,4.5,6.1,54.5,-58.5,1.7,-1.0,RS41-SG,403.701,9.8,-500,9,2.6,,
2026-09-20T11:07:10.999Z,X3843070,5454,44.26858,7.61731,19108.6,5.9,5.5,58.2,-58.4,1.8,-1.0,RS41-SG,403.701,9.8,-500,9,2.6,,
2026-09-20T11:07:11.999Z,X3843070,5455,44.26861,7.61737,19113.7,4.5,5.1,62.8,-58.5,1.8,-1.0,RS41-SG,403.701,8.3,-500,9,2.7,,
2026-09-20T11:07:14.999Z,X3843070,5458,44.26866,7.61756,19128.5,4.6,6.6,68.9,-58.6,1.8,-1.0,RS41-SG,403.701,9.6,-500,9,2.6,,
2026-09-20T11:07:15.999Z,X3843070,5459,44.26868,7.61764,19133.2,5.0,6.8,69.8,-58.6,1.8,-1.0,RS41-SG,403.701,9.6,-500,9,2.6,,
2026-09-20T11:07:16.999Z,X3843070,5460,44.26870,7.61772,19139.0,6.5,6.3,70.7,-58.7,1.8,-1.0,RS41-SG,403.701,8.8,-500,9,2.6,,
2026-09-20T11:07:17.999Z,X3843070,5461,44.26872,7.61779,19144.0,3.8,5.7,74.4,-58.7,1.8,-1.0,RS41-SG,403.701,9.7,-500,9,2.7,,
2026-09-20T11:07:18.999Z,X3843070,5462,44.26873,7.61786,19148.2,4.7,5.2,73.2,-58.7,1.8,-1.0,RS41-SG,403.701,9.7,-500,9,2.7,,
2026-09-20T11:07:19.999Z,X3843070,5463,44.26875,7.61792,19153.3,5.4,5.3,69.3,-58.7,1.8,-1.0,RS41-SG,403.701,9.9,-500,9,2.7,,
2026-09-20T11:07:20.999Z,X3843070,5464,44.26877,7.61798,19158.2,4.7,5.6,60.9,-58.8,1.7,-1.0,RS41-SG,403.701,9.9,-500,9,2.6,,
2026-09-20T11:07:21.999Z,X3843070,5465,44.26879,7.61804,19163.1,5.1,5.2,53.0,-58.8,1.7,-1.0,RS41-SG,403.701,9.2,-500,9,2.6,,
2026-09-20T11:07:22.999Z,X3843070,5466,44.26883,7.61808,19168.3,5.5,5.0,41.6,-58.9,1.7,-1.0,RS41-SG,403.701,9.7,-500,9,2.6,,
2026-09-20T11:07:23.999Z,X3843070,5467,44.26886,7.61812,19173.2,4.2,4.8,34.2,-58.9,1.7,-1.0,RS41-SG,403.701,9.7,-500,9,2.6,,
2026-09-20T11:07:24.999Z,X3843070,5468,44.26890,7.61816,19177.4,4.3,5.2,34.2,-58.9,1.7,-1.0,RS41-SG,403.701,10.2,-500,9,2.7,,
2026-09-20T11:07:25.999Z,X3843070,5469,44.26894,7.61820,19182.4,5.6,5.8,38.9,-58.9,1.8,-1.0,RS41-SG,403.701,10.2,-500,9,2.7,,
2026-09-20T11:07:26.999Z,X3843070,5470,44.26898,7.61825,19187.9,5.6,6.8,45.9,-58.8,1.7,-1.0,RS41-SG,403.701,10.2,-500,9,2.6,,
2026-09-20T11:07:27.999Z,X3843070,5471,44.26902,7.61832,19192.7,4.1,7.4,53.8,-58.9,1.8,-1.0,RS41-SG,403.701,10.2,-500,9,2.6,,
2026-09-20T11:07:28.999Z,X3843070,5472,44.26905,7.61840,19197.4,5.2,7.2,65.6,-58.8,1.8,-1.0,RS41-SG,403.701,10.1,-500,9,2.6,,
2026-09-20T11:07:29.999Z,X3843070,5473,44.26907,7.61848,19202.8,5.6,6.6,75.4,-58.9,1.8,-1.0,RS41-SG,403.701,10.1,-500,9,2.7,,
2026-09-20T11:07:30.999Z,X3843070,5474,44.26908,7.61855,19207.4,3.8,6.0,82.7,-58.9,1.8,-1.0,RS41-SG,403.701,10.0,-500,9,2.7,,
2026-09-20T11:07:31.999Z,X3843070,5475,44.26909,7.61863,19211.6,4.7,5.7,83.7,-59.0,1.8,-1.0,RS41-SG,403.701,10.0,-500,9,2.6,,
2026-09-20T11:07:32.999Z,X3843070,5476,44.26910,7.61870,19216.8,5.7,5.7,76.0,-59.0,1.8,-1.0,RS41-SG,403.701,10.2,-500,9,2.6,,
2026-09-20T11:07:33.999Z,X3843070,5477,44.26911,7.61876,19222.0,4.6,5.6,66.0,-59.0,1.8,-1.0,RS41-SG,403.701,10.3,-500,9,2.6,,
2026-09-20T11:07:34.999Z,X3843070,5478,44.26914,7.61882,19226.6,4.6,5.5,54.4,-59.0,1.8,-1.0,RS41-SG,403.701,10.3,-500,9,2.7,,
2026-09-20T11:07:35.999Z,X3843070,5479,44.26917,7.61887,19231.4,5.0,5.0,44.0,-59.1,1.8,-1.0,RS41-SG,403.701,8.9,-500,9,2.7,,
2026-09-20T11:07:36.999Z,X3843070,5480,44.26920,7.61891,19236.3,5.1,4.6,37.7,-59.1,1.8,-1.0,RS41-SG,403.701,9.9,-500,9,2.6,,
2026-09-20T11:07:37.999Z,X3843070,5481,44.26923,7.61894,19240.8,3.9,4.4,35.5,-59.1,1.8,-1.0,RS41-SG,403.701,9.9,-500,9,2.6,,
2026-09-20T11:07:38.999Z,X3843070,5482,44.26927,7.61898,19244.9,4.1,4.6,36.9,-59.1,1.8,-1.0,RS41-SG,403.701,8.5,-500,9,2.6,,
2026-09-20T11:07:39.999Z,X3843070,5483,44.26930,7.61902,19249.6,5.7,5.4,45.9,-59.1,1.7,-1.0,RS41-SG,403.701,8.5,-500,9,2.7,,
2026-09-20T11:07:40.999Z,X3843070,5484,44.26933,7.61907,19254.8,4.6,6.4,52.5,-59.2,1.7,-1.0,RS41-SG,403.701,9.6,-500,9,2.7,,
2026-09-20T11:07:41.999Z,X3843070,5485,44.26937,7.61914,19259.4,4.6,6.8,61.4,-59.2,1.8,-1.0,RS41-SG,403.701,9.6,-500,9,2.6,,
2026-09-20T11:07:42.999Z,X3843070,5486,44.26939,7.61922,19264.6,5.8,6.9,72.7,-59.2,1.8,-1.0,RS41-SG,403.701,10.6,-500,9,2.6,,
2026-09-20T11:07:43.999Z,X3843070,5487,44.26940,7.61930,19269.6,4.0,6.6,82.5,-59.2,1.8,-1.0,RS41-SG,403.701,10.6,-500,9,2.6,,
2026-09-20T11:07:44.999Z,X3843070,5488,44.26941,7.61939,19273.6,4.0,6.5,92.0,-59.1,1.8,-1.0,RS41-SG,403.701,10.1,-500,9,2.7,,
2026-09-20T11:07:45.999Z,X3843070,5489,44.26940,7.61947,19277.9,4.8,6.8,95.3,-59.1,1.8,-1.0,RS41-SG,403.701,9.8,-500,9,2.7,,
2026-09-20T11:07:46.999Z,X3843070,5490,44.26940,7.61955,19283.0,5.1,6.7,93.3,-59.1,1.7,-1.0,RS41-SG,403.701,9.8,-500,9,2.6,,
2026-09-20T11:07:47.999Z,X3843070,5491,44.26940,7.61964,19287.4,3.9,6.7,92.0,-59.0,1.7,-1.0,RS41-SG,403.701,9.8,-500,9,2.6,,
2026-09-20T11:07:48.999Z,X3843070,5492,44.26939,7.61972,19291.4,4.0,6.2,88.8,-59.0,1.7,-1.0,RS41-SG,403.701,9.8,-500,9,2.6,,
2026-09-20T11:07:49.999Z,X3843070,5493,44.26940,7.61979,19296.3,5.7,5.0,86.9,-59.0,1.7,-1.0,RS41-SG,403.701,9.2,-500,9,2.7,,
2026-09-20T11:07:50.999Z,X3843070,5494,44.26940,7.61984,19301.3,4.4,4.1,86.8,-58.9,1.7,-1.0,RS41-SG,403.701,9.6,-500,9,2.7,,
2026-09-20T11:07:51.999Z,X3843070,5495,44.26940,7.61989,19306.0,4.9,3.4,77.3,-58.9,1.7,-1.0,RS41-SG,403.701,9.6,-500,9,2.6,,
2026-09-20T11:07:52.999Z,X3843070,5496,44.26941,7.61993,19311.2,5.6,3.6,65.5,-58.9,1.7,-1.0,RS41-SG,403.701,10.3,-500,9,2.6,,
2026-09-20T11:07:53.999Z,X3843070,5497,44.26943,7.61997,19316.3,4.6,4.4,57.0,-58.9,1.7,-1.0,RS41-SG,403.701,10.3,-500,9,2.6,,
2026-09-20T11:07:55.999Z,X3843070,5499,44.26947,7.62008,19324.5,4.6,5.1,68.1,-58.7,1.7,-1.0,RS41-SG,403.701,8.0,-500,9,2.7,,
2026-09-20T11:07:57.999Z,X3843070,5501,44.26948,7.62021,19334.9,4.4,5.6,97.5,-58.7,1.7,-1.0,RS41-SG,403.701,6.8,-500,9,2.6,,
2026-09-20T11:07:58.999Z,X3843070,5502,44.26947,7.62028,19339.3,4.4,6.1,102.8,-58.7,1.7,-1.0,RS41-SG,403.701,7.5,-500,9,2.6,,
2026-09-20T11:07:59.999Z,X3843070,5503,44.26946,7.62036,19344.3,5.7,6.7,103.5,-58.7,1.7,-1.0,RS41-SG,403.701,9.3,-500,9,2.7,,
2026-09-20T11:08:02.999Z,X3843070,5506,44.26943,7.62061,19357.6,5.1,6.4,101.9,-58.6,1.7,-1.0,RS41-SG,403.701,10.0,-500,9,2.6,,
2026-09-20T11:08:03.999Z,X3843070,5507,44.26941,7.62069,19362.2,4.1,6.3,106.7,-58.6,1.7,-1.0,RS41-SG,403.701,10.0,-500,9,2.6,,
2026-09-20T11:08:04.999Z,X3843070,5508,44.26940,7.62076,19366.6,4.7,6.3,106.8,-58.6,1.7,-1.0,RS41-SG,403.701,9.8,-500,9,2.7,,
2026-09-20T11:08:05.999Z,X3843070,5509,44.26938,7.62084,19371.8,5.7,6.6,102.8,-58.6,1.7,-1.0,RS41-SG,403.701,10.1,-500,9,2.7,,
2026-09-20T11:08:06.999Z,X3843070,5510,44.26937,7.62092,19376.8,4.4,7.0,96.7,-58.7,1.7,-1.0,RS41-SG,403.701,10.1,-500,9,2.6,,
2026-09-20T11:08:07.999Z,X3843070,5511,44.26937,7.62101,19381.4,4.8,6.8,94.9,-58.7,1.7,-1.0,RS41-SG,403.701,10.2,-500,9,2.6,,
2026-09-20T11:08:12.999Z,X3843070,5516,44.26933,7.62138,19406.8,4.1,6.7,102.3,-58.7,1.7,-1.0,RS41-SG,403.701,9.4,-500,9,2.6,,
2026-09-20T11:08:13.999Z,X3843070,5517,44.26931,7.62146,19411.3,4.9,7.1,109.8,-58.8,1.8,-1.0,RS41-SG,403.701,9.4,-500,9,2.6,,
2026-09-20T11:08:14.999Z,X3843070,5518,44.26928,7.62155,19416.6,5.7,7.3,118.7,-58.8,1.8,-1.0,RS41-SG,403.701,9.4,-500,9,2.7,,
2026-09-20T11:08:15.999Z,X3843070,5519,44.26925,7.62162,19421.7,4.6,7.7,125.4,-58.8,1.7,-1.0,RS41-SG,403.701,9.8,-500,9,2.7,,
2026-09-20T11:08:16.999Z,X3843070,5520,44.26921,7.62170,19426.8,5.5,8.1,127.7,-58.9,1.8,-1.0,RS41-SG,403.701,9.8,-500,9,2.6,,
2026-09-20T11:08:17.999Z,X3843070,5521,44.26916,7.62179,19432.3,5.5,8.7,123.1,-58.9,1.7,-1.0,RS41-SG,403.701,9.3,-500,9,2.6,,
2026-09-20T11:08:18.999Z,X3843070,5522,44.26912,7.62188,19437.0,4.0,9.0,119.9,-58.9,1.7,-1.0,RS41-SG,403.701,7.9,-500,9,2.6,,
2026-09-20T11:08:19.999Z,X3843070,5523,44.26908,7.62198,19441.4,4.9,9.0,117.2,-59.0,1.7,-1.0,RS41-SG,403.701,10.2,-500,9,2.7,,
2026-09-20T11:08:20.999Z,X3843070,5524,44.26905,7.62208,19446.5,5.4,8.6,119.3,-59.0,1.7,-1.0,RS41-SG,403.701,10.2,-500,9,2.7,,
2026-09-20T11:08:21.999Z,X3843070,5525,44.26901,7.62217,19451.4,4.3,8.4,119.7,-59.0,1.7,-1.0,RS41-SG,403.701,9.8,-500,9,2.6,,
2026-09-20T11:08:22.999Z,X3843070,5526,44.26897,7.62226,19455.8,4.5,8.5,116.6,-58.9,1.7,-1.0,RS41-SG,403.701,9.6,-500,9,2.6,,
2026-09-20T11:08:23.999Z,X3843070,5527,44.26894,7.62236,19460.9,5.7,9.0,110.6,-59.0,1.8,-1.0,RS41-SG,403.701,9.9,-500,9,2.6,,
2026-09-20T11:08:24.999Z,X3843070,5528,44.26892,7.62247,19466.2,4.9,9.5,107.0,-58.9,1.7,-1.0,RS41-SG,403.701,10.3,-500,9,2.7,,
2026-09-20T11:08:25.999Z,X3843070,5529,44.26889,7.62259,19470.8,4.3,9.8,105.9,-59.0,1.7,-1.0,RS41-SG,403.701,10.3,-500,9,2.7,,
2026-09-20T11:08:26.999Z,X3843070,5530,44.26886,7.62270,19475.5,5.2,9.8,109.4,-59.0,1.7,-1.0,RS41-SG,403.701,9.4,-500,9,2.6,,
2026-09-20T11:08:27.999Z,X3843070,5531,44.26883,7.62282,19480.5,4.7,9.6,115.6,-59.0,1.7,-1.0,RS41-SG,403.701,9.3,-500,9,2.6,,
2026-09-20T11:08:29.999Z,X3843070,5533,44.26874,7.62303,19490.0,5.6,10.2,125.3,-59.0,1.7,-1.0,RS41-SG,403.701,10.3,-500,9,2.7,,
2026-09-20T11:08:30.999Z,X3843070,5534,44.26869,7.62313,19495.1,4.7,10.7,124.0,-59.1,1.7,-1.0,RS41-SG,403.701,10.3,-500,9,2.7,,
2026-09-20T11:08:31.999Z,X3843070,5535,44.26863,7.62324,19499.6,4.1,10.9,124.3,-59.0,1.8,-1.0,RS41-SG,403.701,8.7,-500,9,2.6,,
2026-09-20T11:08:32.999Z,X3843070,5536,44.26858,7.62335,19504.5,5.6,10.8,126.0,-59.1,1.7,-1.0,RS41-SG,403.701,8.7,-500,9,2.6,,
2026-09-20T11:08:33.999Z,X3843070,5537,44.26852,7.62346,19509.3,4.1,10.4,128.8,-59.0,1.8,-1.0,RS41-SG,403.701,8.6,-500,9,2.6,,
2026-09-20T11:08:34.999Z,X3843070,5538,44.26846,7.62356,19514.0,5.2,10.3,129.3,-59.0,1.8,-1.0,RS41-SG,403.701,8.6,-500,9,2.7,,
2026-09-20T11:08:35.999Z,X3843070,5539,44.26840,7.62366,19519.6,6.0,10.5,125.3,-59.0,1.7,-1.0,RS41-SG,403.701,7.8,-500,9,2.7,,
2026-09-20T11:08:36.999Z,X3843070,5540,44.26835,7.62377,19524.9,4.5,10.7,122.6,-59.0,1.7,-1.0,RS41-SG,403.701,8.0,-500,9,2.6,,
2026-09-20T11:08:37.999Z,X3843070,5541,44.26830,7.62389,19529.7,5.1,10.9,122.5,-59.0,1.8,-1.0,RS41-SG,403.701,8.0,-500,9,2.6,,
2026-09-20T11:08:38.999Z,X3843070,5542,44.26824,7.62400,19534.9,5.2,10.8,126.7,-59.0,1.7,-1.0,RS41-SG,403.701,8.3,-500,9,2.6,,
2026-09-20T11:08:39.999Z,X3843070,5543,44.26819,7.62410,19539.5,3.9,10.6,129.7,-59.0,1.8,-1.0,RS41-SG,403.701,8.8,-500,9,2.7,,
2026-09-20T11:08:40.999Z,X3843070,5544,44.26812,7.62420,19544.1,5.3,10.8,130.9,-59.0,1.7,-1.0,RS41-SG,403.701,9.3,-500,9,2.7,,
2026-09-20T11:08:41.999Z,X3843070,5545,44.26806,7.62431,19549.5,5.5,10.8,130.6,-59.0,1.7,-1.0,RS41-SG,403.701,9.3,-500,9,2.6,,
2026-09-20T11:08:42.999Z,X3843070,5546,44.26800,7.62441,19554.6,4.7,10.5,129.8,-59.0,1.8,-1.0,RS41-SG,403.701,9.0,-500,9,2.6,,
2026-09-20T11:08:43.999Z,X3843070,5547,44.26794,7.62450,19559.5,5.1,9.8,131.9,-58.9,1.7,-1.0,RS41-SG,403.701,8.9,-500,9,2.6,,
2026-09-20T11:08:44.999Z,X3843070,5548,44.26788,7.62459,19564.8,5.4,8.8,136.2,-59.1,1.7,-1.0,RS41-SG,403.701,8.9,-500,9,2.7,,
2026-09-20T11:08:45.999Z,X3843070,5549,44.26783,7.62466,19569.5,4.0,8.0,139.3,-59.0,1.7,-1.0,RS41-SG,403.701,9.0,-500,9,2.7,,
2026-09-20T11:08:46.999Z,X3843070,5550,44.26777,7.62472,19574.0,5.0,7.5,139.6,-59.0,1.7,-1.0,RS41-SG,403.701,9.0,-500,9,2.6,,
2026-09-20T11:08:47.999Z,X3843070,5551,44.26772,7.62479,19579.5,5.8,7.5,135.2,-59.0,1.8,-1.0,RS41-SG,403.701,10.1,-500,9,2.6,,
2026-09-20T11:08:48.999Z,X3843070,5552,44.26768,7.62486,19584.6,4.4,7.9,131.4,-59.0,1.7,-1.0,RS41-SG,403.701,10.2,-500,9,2.6,,
2026-09-20T11:08:49.999Z,X3843070,5553,44.26763,7.62493,19589.1,4.7,7.9,129.9,-58.9,1.7,-1.0,RS41-SG,403.701,10.2,-500,9,2.7,,
2026-09-20T11:08:50.999Z,X3843070,5554,44.26758,7.62500,19594.3,5.7,7.6,133.7,-58.8,1.7,-1.0,RS41-SG,403.701,9.3,-500,9,2.7,,
2026-09-20T11:08:51.999Z,X3843070,5555,44.26754,7.62507,19599.3,4.2,7.5,138.3,-58.9,1.7,-1.0,RS41-SG,403.701,9.3,-500,9,2.6,,
2026-09-20T11:08:52.999Z,X3843070,5556,44.26749,7.62513,19603.9,5.0,7.7,138.7,-58.8,1.7,-1.0,RS41-SG,403.701,9.3,-500,9,2.6,,
2026-09-20T11:08:53.999Z,X3843070,5557,44.26743,7.62520,19609.2,5.6,8.0,135.9,-58.7,1.7,-1.0,RS41-SG,403.701,9.1,-500,9,2.6,,
2026-09-20T11:08:54.999Z,X3843070,5558,44.26738,7.62527,19614.1,4.3,8.1,133.9,-58.8,1.7,-1.0,RS41-SG,403.701,9.4,-500,9,2.7,,
2026-09-20T11:08:55.999Z,X3843070,5559,44.26733,7.62534,19619.1,5.5,7.8,133.8,-58.8,1.7,-1.0,RS41-SG,403.701,9.4,-500,9,2.7,,
2026-09-20T11:08:56.999Z,X3843070,5560,44.26728,7.62541,19624.0,4.3,7.5,137.6,-58.7,1.7,-1.0,RS41-SG,403.701,8.9,-500,9,2.6,,
2026-09-20T11:08:57.999Z,X3843070,5561,44.26724,7.62547,19628.4,4.5,7.1,139.4,-58.8,1.7,-1.0,RS41-SG,403.701,8.8,-500,9,2.6,,
2026-09-20T11:08:58.999Z,X3843070,5562,44.26719,7.62553,19633.8,6.3,7.1,136.4,-58.7,1.7,-1.0,RS41-SG,403.701,8.6,-500,9,2.6,,
2026-09-20T11:08:59.999Z,X3843070,5563,44.26714,7.62559,19638.8,3.9,7.2,132.7,-58.6,1.7,-1.0,RS41-SG,403.701,8.2,-500,9,2.7,,
2026-09-20T11:09:01.999Z,X3843070,5565,44.26706,7.62572,19648.3,5.2,6.6,137.3,-58.7,1.7,-1.0,RS41-SG,403.701,7.6,-500,9,2.6,,
2026-09-20T11:09:02.999Z,X3843070,5566,44.26701,7.62577,19652.8,3.9,6.3,141.8,-58.6,1.7,-1.0,RS41-SG,403.701,8.8,-500,9,2.6,,
2026-09-20T11:09:03.999Z,X3843070,5567,44.26697,7.62582,19657.4,5.2,6.3,142.3,-58.5,1.7,-1.0,RS41-SG,403.701,8.8,-500,9,2.6,,
2026-09-20T11:09:04.999Z,X3843070,5568,44.26692,7.62587,19662.5,4.9,6.5,137.5,-58.5,1.7,-1.0,RS41-SG,403.701,8.2,-500,9,2.7,,
2026-09-20T11:09:05.999Z,X3843070,5569,44.26688,7.62593,19667.2,4.4,6.8,134.7,-58.6,1.7,-1.0,RS41-SG,403.701,8.8,-500,9,2.7,,
2026-09-20T11:09:06.999Z,X3843070,5570,44.26684,7.62599,19671.7,4.7,6.7,135.5,-58.6,1.7,-1.0,RS41-SG,403.701,8.9,-500,9,2.6,,
2026-09-20T11:09:07.999Z,X3843070,5571,44.26680,7.62604,19676.6,5.2,6.4,140.5,-58.5,1.7,-1.0,RS41-SG,403.701,8.9,-500,9,2.6,,
2026-09-20T11:09:08.999Z,X3843070,5572,44.26675,7.62609,19681.9,5.1,6.0,144.1,-58.6,1.7,-1.0,RS41-SG,403.701,9.4,-500,9,2.6,,
2026-09-20T11:09:12.999Z,X3843070,5576,44.26658,7.62631,19699.8,3.8,7.5,128.3,-58.7,1.7,-1.0,RS41-SG,403.701,8.4,-500,9,2.6,,
2026-09-20T11:09:13.999Z,X3843070,5577,44.26654,7.62638,19704.1,4.6,7.5,128.1,-58.7,1.7,-1.0,RS41-SG,403.701,8.4,-500,9,2.6,,
2026-09-20T11:09:14.999Z,X3843070,5578,44.26649,7.62645,19709.1,5.4,6.9,131.3,-58.6,1.7,-1.0,RS41-SG,403.701,8.8,-500,9,2.7,,
2026-09-20T11:09:15.999Z,X3843070,5579,44.26645,7.62651,19713.7,3.6,6.3,136.1,-58.7,1.7,-1.0,RS41-SG,403.701,8.8,-500,9,2.7,,
2026-09-20T11:09:16.999Z,X3843070,5580,44.26641,7.62656,19717.8,4.7,6.0,142.3,-58.7,1.7,-1.0,RS41-SG,403.701,8.8,-500,9,2.6,,
2026-09-20T11:09:17.999Z,X3843070,5581,44.26637,7.62660,19723.0,5.7,6.3,144.6,-58.7,1.7,-1.0,RS41-SG,403.701,8.8,-500,9,2.6,,
2026-09-20T11:09:19.999Z,X3843070,5583,44.26627,7.62669,19733.2,4.9,6.5,153.4,-58.8,1.7,-1.0,RS41-SG,403.701,8.9,-125,9,2.7,,
2026-09-20T11:09:20.999Z,X3843070,5584,44.26622,7.62672,19738.3,5.3,6.3,161.5,-58.8,1.7,-1.0,RS41-SG,403.701,10.0,-500,9,2.7,,
2026-09-20T11:09:21.999Z,X3843070,5585,44.26616,7.62674,19742.8,3.8,6.0,165.5,-58.7,1.7,-1.0,RS41-SG,403.701,10.0,-500,9,2.6,,
2026-09-20T11:09:22.999Z,X3843070,5586,44.26611,7.62676,19747.2,5.0,5.8,163.6,-58.7,1.7,-1.0,RS41-SG,403.701,9.5,-125,9,2.6,,
2026-09-20T11:09:23.999Z,X3843070,5587,44.26606,7.62679,19752.3,4.8,5.6,155.4,-58.9,1.7,-1.0,RS41-SG,403.701,10.2,-500,9,2.6,,
2026-09-20T11:09:24.999Z,X3843070,5588,44.26602,7.62682,19756.5,3.8,5.5,146.7,-58.8,1.7,-1.0,RS41-SG,403.701,10.2,-125,9,2.7,,
2026-09-20T11:09:25.999Z,X3843070,5589,44.26598,7.62686,19760.7,4.6,5.2,141.2,-58.7,1.7,-1.0,RS41-SG,403.701,10.4,-500,9,2.7,,
2026-09-20T11:09:26.999Z,X3843070,5590,44.26595,7.62690,19765.5,5.0,4.6,140.0,-58.6,1.7,-1.0,RS41-SG,403.701,10.4,-500,9,2.6,,
2026-09-20T11:09:28.999Z,X3843070,5592,44.26589,7.62696,19774.1,3.6,4.0,144.8,-58.6,1.7,-1.0,RS41-SG,403.701,7.4,-500,9,2.6,,
2026-09-20T11:09:30.999Z,X3843070,5594,44.26582,7.62703,19783.4,4.9,5.3,143.0,-58.7,1.7,-1.0,RS41,403.701,9.5,-125,9,2.7,,
2026-09-20T11:09:31.999Z,X3843070,5595,44.26578,7.62707,19788.0,4.2,5.9,146.4,-58.7,1.7,-1.0,RS41,403.701,9.6,-500,9,2.6,,
2026-09-20T11:09:32.999Z,X3843070,5596,44.26573,7.62711,19792.6,5.0,6.1,153.5,-58.7,1.7,-1.0,RS41,403.701,9.6,-500,9,2.6,,
2026-09-20T11:09:33.999Z,X3843070,5597,44.26568,7.62713,19797.8,5.4,6.1,164.8,-58.7,1.6,-1.0,RS41,403.701,8.9,-125,9,2.6,,
2026-09-20T11:09:34.999Z,X3843070,5598,44.26563,7.62715,19802.4,3.8,6.3,175.4,-58.8,1.7,-1.0,RS41,403.701,8.9,-500,9,2.7,,
2026-09-20T11:09:35.999Z,X3843070,5599,44.26557,7.62715,19806.3,4.1,6.4,180.4,-58.8,1.7,-1.0,RS41,403.701,8.9,-500,9,2.7,,
2026-09-20T11:09:36.999Z,X3843070,5600,44.26551,7.62715,19811.3,5.7,6.3,178.7,-58.7,1.7,-1.0,RS41,403.701,9.0,-500,9,2.6,,
2026-09-20T11:09:37.999Z,X3843070,5601,44.26546,7.62716,19816.3,4.4,6.1,172.1,-58.6,1.7,-1.0,RS41,403.701,9.0,-125,9,2.6,,
2026-09-20T11:09:39.999Z,X3843070,5603,44.26536,7.62719,19824.8,4.7,4.8,162.4,-58.5,1.7,-1.0,RS41,403.701,9.1,-500,9,2.7,,
2026-09-20T11:09:40.999Z,X3843070,5604,44.26533,7.62721,19829.9,5.6,4.1,160.5,-58.6,1.7,-1.0,RS41,403.701,9.1,-500,9,2.7,,
2026-09-20T11:09:41.999Z,X3843070,5605,44.26529,7.62722,19835.2,4.8,3.6,154.9,-58.8,1.8,-1.0,RS41,403.701,8.0,-500,9,2.6,,
2026-09-20T11:09:42.999Z,X3843070,5606,44.26527,7.62725,19840.2,5.4,3.8,141.3,-58.8,1.7,-1.0,RS41,403.701,8.2,-500,9,2.6,,
2026-09-20T11:09:43.999Z,X3843070,5607,44.26524,7.62729,19845.6,5.4,4.7,130.4,-58.8,1.7,-1.0,RS41,403.701,8.3,-500,9,2.6,,
2026-09-20T11:09:44.999Z,X3843070,5608,44.26521,7.62734,19850.1,3.5,5.6,128.5,-58.6,1.7,-1.0,RS41,403.701,9.3,-500,9,2.7,,
2026-09-20T11:09:45.999Z,X3843070,5609,44.26518,7.62739,19854.3,4.9,6.0,132.6,-58.5,1.7,-1.0,RS41,403.701,9.8,-500,9,2.7,,
2026-09-20T11:09:46.999Z,X3843070,5610,44.26514,7.62744,19859.4,5.2,6.1,142.7,-58.4,1.7,-1.0,RS41,403.701,9.8,-125,9,2.6,,
2026-09-20T11:09:48.999Z,X3843070,5612,44.26504,7.62752,19869.5,5.8,6.7,153.7,-58.4,1.7,-1.0,RS41,403.701,8.5,-500,9,2.6,,
2026-09-20T11:09:49.999Z,X3843070,5613,44.26498,7.62756,19874.7,4.4,6.8,152.0,-58.4,1.6,-1.0,RS41,403.701,8.6,-500,9,2.7,,
2026-09-20T11:09:50.999Z,X3843070,5614,44.26493,7.62760,19878.9,3.9,6.6,152.3,-58.4,1.6,-1.0,RS41,403.701,8.6,-500,9,2.7,,
2026-09-20T11:09:51.999Z,X3843070,5615,44.26488,7.62763,19883.3,4.9,6.2,155.3,-58.4,1.7,-1.0,RS41,403.701,9.1,-125,9,2.6,,
2026-09-20T11:09:52.999Z,X3843070,5616,44.26483,7.62766,19888.3,5.1,5.5,161.3,-58.5,1.6,-1.0,RS41,403.701,9.1,-500,9,2.6,,
2026-09-20T11:09:53.999Z,X3843070,5617,44.26478,7.62768,19893.1,4.4,5.1,161.8,-58.4,1.7,-1.0,RS41,403.701,9.0,-500,9,2.6,,
2026-09-20T11:09:54.999Z,X3843070,5618,44.26474,7.62771,19897.6,4.6,4.7,151.9,-58.4,1.6,-1.0,RS41,403.701,8.9,-500,9,2.7,,
2026-09-20T11:09:55.999Z,X3843070,5619,44.26471,7.62774,19902.6,5.2,4.8,135.0,-58.4,1.6,-1.0,RS41,403.701,9.4,-500,9,2.7,,
2026-09-20T11:09:56.999Z,X3843070,5620,44.26468,7.62779,19907.3,4.2,5.4,122.5,-58.3,1.6,-1.0,RS41,403.701,9.4,-500,9,2.6,,
2026-09-20T11:09:57.999Z,X3843070,5621,44.26466,7.62785,19911.0,3.3,5.9,118.6,-58.2,1.6,-1.0,RS41,403.701,8.7,-500,9,2.6,,
2026-09-20T11:09:58.999Z,X3843070,5622,44.26463,7.62792,19915.1,4.8,6.1,121.1,-58.2,1.7,-1.0,RS41,403.701,8.9,-500,9,2.6,,
2026-09-20T11:09:59.999Z,X3843070,5623,44.26460,7.62798,19920.1,5.2,5.9,130.7,-58.3,1.7,-1.0,RS41,403.701,8.9,-500,9,2.7,,
2026-09-20T11:10:00.999Z,X3843070,5624,44.26456,7.62803,19924.9,4.4,5.9,140.2,-58.3,1.7,-1.0,RS41,403.701,9.0,-500,9,2.7,,
2026-09-20T11:10:01.999Z,X3843070,5625,44.26452,7.62807,19929.8,5.2,6.1,146.5,-58.5,1.7,-1.0,RS41,403.701,9.0,-500,9,2.6,,
2026-09-20T11:10:02.999Z,X3843070,5626,44.26447,7.62812,19934.6,4.4,6.2,145.9,-58.6,1.7,-1.0,RS41,403.701,9.1,-500,9,2.6,,
2026-09-20T11:10:03.999Z,X3843070,5627,44.26442,7.62816,19938.6,3.6,6.2,147.5,-58.6,1.7,-1.0,RS41,403.701,9.1,-500,9,2.6,,
2026-09-20T11:10:04.999Z,X3843070,5628,44.26438,7.62820,19942.7,4.6,5.7,152.8,-58.5,1.7,-1.0,RS41,403.701,9.2,-500,9,2.7,,
2026-09-20T11:10:05.999Z,X3843070,5629,44.26433,7.62822,19947.7,5.3,5.3,162.4,-58.4,1.6,-1.0,RS41,403.701,9.2,-500,9,2.7,,
2026-09-20T11:10:06.999Z,X3843070,5630,44.26429,7.62824,19952.4,4.1,5.0,168.4,-58.4,1.6,-1.0,RS41,403.701,9.0,-500,9,2.6,,
2026-09-20T11:10:08.999Z,X3843070,5632,44.26420,7.62827,19962.0,5.9,5.2,156.0,-58.5,1.7,-1.0,RS41,403.701,9.0,-500,9,2.6,,
2026-09-20T11:10:09.999Z,X3843070,5633,44.26416,7.62831,19966.9,3.9,5.6,147.8,-58.4,1.6,-1.0,RS41,403.701,9.3,-500,9,2.7,,
2026-09-20T11:10:10.999Z,X3843070,5634,44.26412,7.62835,19971.0,4.2,5.9,142.7,-58.3,1.6,-1.0,RS41,403.701,9.5,-500,9,2.7,,
2026-09-20T11:10:11.999Z,X3843070,5635,44.26408,7.62839,19976.0,5.9,5.4,143.4,-58.2,1.7,-1.0,RS41,403.701,9.5,-500,9,2.6,,
2026-09-20T11:10:12.999Z,X3843070,5636,44.26404,7.62842,19981.2,4.5,4.9,148.8,-58.1,1.6,-1.0,RS41,403.701,9.5,-500,9,2.6,,
2026-09-20T11:10:13.999Z,X3843070,5637,44.26400,7.62845,19985.6,4.3,4.4,154.6,-58.1,1.7,-1.0,RS41,403.701,9.4,-500,9,2.6,,
2026-09-20T11:10:14.999Z,X3843070,5638,44.26396,7.62848,19990.6,5.7,4.4,156.7,-58.2,1.7,-1.0,RS41,403.701,9.1,-500,9,2.7,,
2026-09-20T11:10:15.999Z,X3843070,5639,44.26393,7.62850,19995.8,4.8,4.6,155.2,-58.3,1.7,-1.0,RS41,403.701,9.2,-500,9,2.7,,
2026-09-20T11:10:16.999Z,X3843070,5640,44.26389,7.62852,20000.5,4.6,4.6,159.8,-58.2,1.6,-1.0,RS41,403.701,9.2,-125,9,2.6,,
2026-09-20T11:10:17.999Z,X3843070,5641,44.26385,7.62853,20005.5,5.3,4.2,170.5,-58.2,1.6,-1.0,RS41,403.701,8.9,-125,9,2.6,,
2026-09-20T11:10:19.999Z,X3843070,5643,44.26377,7.62854,20014.6,4.4,4.7,182.6,-58.1,1.6,-1.0,RS41,403.701,7.4,-500,9,2.7,,
2026-09-20T11:10:20.999Z,X3843070,5644,44.26373,7.62854,20019.7,5.8,5.6,174.5,-57.9,1.6,-1.0,RS41,403.701,8.9,-500,9,2.7,,
2026-09-20T11:10:21.999Z,X3843070,5645,44.26367,7.62855,20025.1,4.8,6.4,167.7,-57.8,1.6,-1.0,RS41-SG,403.701,9.1,-500,9,2.6,,
2026-09-20T11:10:22.999Z,X3843070,5646,44.26362,7.62857,20029.5,3.9,6.9,164.2,-57.6,1.5,-1.0,RS41-SG,403.701,9.1,-500,9,2.6,,
2026-09-20T11:10:23.999Z,X3843070,5647,44.26356,7.62859,20033.7,4.5,7.0,162.6,-57.5,1.6,-1.0,RS41-SG,403.701,8.5,-500,9,2.6,,
2026-09-20T11:10:24.999Z,X3843070,5648,44.26350,7.62862,20038.6,5.2,6.5,163.2,-57.4,1.6,-1.0,RS41-SG,403.701,8.5,-125,9,2.7,,
2026-09-20T11:10:25.999Z,X3843070,5649,44.26345,7.62864,20043.5,4.6,5.6,161.5,-57.3,1.6,-1.0,RS41-SG,403.701,8.5,-500,9,2.7,,
2026-09-20T11:10:26.999Z,X3843070,5650,44.26341,7.62867,20048.3,5.0,4.8,153.6,-57.2,1.5,-1.0,RS41-SG,403.701,8.5,-125,9,2.6,,
2026-09-20T11:10:27.999Z,X3843070,5651,44.26337,7.62870,20053.6,5.5,4.4,141.3,-57.2,1.5,-1.0,RS41-SG,403.701,8.4,-500,9,2.6,,
2026-09-20T11:10:28.999Z,X3843070,5652,44.26334,7.62873,20058.5,4.1,4.1,133.7,-57.4,1.5,-1.0,RS41-SG,403.701,7.6,-500,9,2.6,,
2026-09-20T11:10:29.999Z,X3843070,5653,44.26332,7.62877,20062.6,4.2,3.8,137.1,-57.4,1.5,-1.0,RS41-SG,403.701,8.4,-500,9,2.7,,
2026-09-20T11:10:30.999Z,X3843070,5654,44.26329,7.62879,20067.5,5.4,3.2,159.6,-57.4,1.5,-1.0,RS41-SG,403.701,8.5,-125,9,2.7,,
2026-09-20T11:10:31.999Z,X3843070,5655,44.26326,7.62879,20072.8,5.2,3.7,187.7,-57.3,1.5,-1.0,RS41-SG,403.701,8.5,-125,9,2.6,,
2026-09-20T11:10:32.999Z,X3843070,5656,44.26323,7.62878,20077.0,3.2,4.6,201.4,-57.3,1.5,-1.0,RS41-SG,403.701,8.5,-125,9,2.6,,
2026-09-20T11:10:33.999Z,X3843070,5657,44.26318,7.62875,20080.8,4.2,5.6,206.0,-57.1,1.5,-1.0,RS41-SG,403.701,8.6,-125,9,2.6,,
2026-09-20T11:10:34.999Z,X3843070,5658,44.26313,7.62873,20086.0,6.1,6.2,200.8,-57.0,1.5,-1.0,RS41-SG,403.701,8.6,-125,9,2.7,,
2026-09-20T11:10:35.999Z,X3843070,5659,44.26308,7.62870,20091.6,5.2,6.3,192.4,-57.0,1.5,-1.0,RS41-SG,403.701,7.5,-125,9,2.7,,
2026-09-20T11:10:37.999Z,X3843070,5661,44.26298,7.62869,20102.0,5.9,5.3,182.2,-56.6,1.5,-1.0,RS41-SG,403.701,7.7,-500,9,2.6,,
2026-09-20T11:10:38.999Z,X3843070,5662,44.26293,7.62869,20107.2,4.5,4.9,181.6,-56.5,1.5,-1.0,RS41-SG,403.701,7.7,-500,9,2.6,,
2026-09-20T11:10:39.999Z,X3843070,5663,44.26289,7.62869,20112.2,5.6,4.0,174.9,-56.4,1.5,-1.0,RS41-SG,403.701,8.0,-500,9,2.7,,
2026-09-20T11:10:40.999Z,X3843070,5664,44.26286,7.62870,20117.9,5.7,3.3,157.9,-56.3,1.5,-1.0,RS41-SG,403.701,8.0,-500,9,2.7,,
2026-09-20T11:10:41.999Z,X3843070,5665,44.26283,7.62871,20122.8,4.1,2.8,144.3,-56.3,1.4,-1.0,RS41-SG,403.701,7.7,-500,9,2.6,,
2026-09-20T11:10:42.999Z,X3843070,5666,44.26282,7.62873,20127.7,5.6,2.1,143.8,-56.4,1.5,-1.0,RS41-SG,403.701,8.2,-500,9,2.6,,
2026-09-20T11:10:43.999Z,X3843070,5667,44.26280,7.62874,20133.0,5.1,1.3,174.7,-56.4,1.5,-1.0,RS41-SG,403.701,8.8,-500,9,2.6,,
2026-09-20T11:10:46.999Z,X3843070,5670,44.26275,7.62870,20148.5,5.0,3.0,209.8,-56.4,1.4,-1.0,RS41-SG,403.701,8.9,-125,9,2.6,,
2026-09-20T11:10:47.999Z,X3843070,5671,44.26273,7.62868,20153.2,4.5,3.7,206.0,-56.4,1.5,-1.0,RS41-SG,403.701,8.9,-125,9,2.6,,
2026-09-20T11:10:48.999Z,X3843070,5672,44.26270,7.62865,20157.9,4.9,4.6,210.8,-56.3,1.4,-1.0,RS41-SG,403.701,8.9,-125,9,2.6,,
2026-09-20T11:10:49.999Z,X3843070,5673,44.26266,7.62862,20163.0,5.1,5.2,217.4,-56.2,1.4,-1.0,RS41-SG,403.701,8.9,-125,9,2.7,,
2026-09-20T11:10:50.999Z,X3843070,5674,44.26262,7.62858,20167.7,4.2,5.5,221.6,-56.1,1.4,-1.0,RS41-SG,403.701,8.8,-125,9,2.7,,
2026-09-20T11:10:51.999Z,X3843070,5675,44.26259,7.62854,20172.6,5.3,5.0,219.1,-56.1,1.5,-1.0,RS41-SG,403.701,8.3,-125,9,2.6,,
2026-09-20T11:10:52.999Z,X3843070,5676,44.26255,7.62850,20178.1,5.9,4.0,209.5,-56.1,1.5,-1.0,RS41-SG,403.701,8.3,-500,9,2.6,,
2026-09-20T11:10:53.999Z,X3843070,5677,44.26253,7.62849,20183.3,4.6,2.9,198.7,-56.0,1.5,-1.0,RS41-SG,403.701,8.3,-125,9,2.6,,
2026-09-20T11:10:55.999Z,X3843070,5679,44.26249,7.62847,20192.6,5.3,0.8,212.5,-55.9,1.5,-1.0,RS41-SG,403.701,7.6,-500,9,2.7,,
2026-09-20T11:10:56.999Z,X3843070,5680,44.26249,7.62846,20197.9,5.3,1.1,289.0,-55.9,1.5,-1.0,RS41-SG,403.701,8.9,-125,9,2.6,,
2026-09-20T11:10:57.999Z,X3843070,5681,44.26250,7.62845,20202.4,3.7,1.7,301.4,-55.8,1.5,-1.0,RS41-SG,403.701,8.9,-125,9,2.6,,
2026-09-20T11:10:58.999Z,X3843070,5682,44.26251,7.62843,20206.7,4.9,1.9,314.2,-55.8,1.5,-1.0,RS41-SG,403.701,7.9,-500,9,2.6,,
2026-09-20T11:10:59.999Z,X3843070,5683,44.26252,7.62842,20212.0,5.6,1.5,322.9,-55.7,1.4,-1.0,RS41-SG,403.701,8.0,-500,9,2.7,,
2026-09-20T11:11:00.999Z,X3843070,5684,44.26253,7.62841,20216.7,3.9,1.0,332.6,-55.7,1.4,-1.0,RS41-SG,403.701,9.4,-500,9,2.7,,
2026-09-20T11:11:01.999Z,X3843070,5685,44.26253,7.62840,20220.9,4.5,0.9,316.8,-55.7,1.4,-1.0,RS41-SG,403.701,9.4,-125,9,2.6,,
2026-09-20T11:11:03.999Z,X3843070,5687,44.26254,7.62837,20231.1,4.4,1.9,277.8,-55.9,1.4,-1.0,RS41-SG,403.701,7.3,-500,9,2.6,,
2026-09-20T11:11:04.999Z,X3843070,5688,44.26254,7.62835,20235.7,4.9,2.0,273.5,-56.1,1.4,-1.0,RS41-SG,403.701,8.5,-500,9,2.7,,
2026-09-20T11:11:05.999Z,X3843070,5689,44.26255,7.62833,20241.2,6.1,1.3,274.8,-56.1,1.4,-1.0,RS41-SG,403.701,8.6,-500,9,2.7,,
2026-09-20T11:11:06.999Z,X3843070,5690,44.26255,7.62832,20246.6,4.6,0.5,278.1,-56.2,1.4,-1.0,RS41-SG,403.701,9.3,-500,9,2.6,,
2026-09-20T11:11:07.999Z,X3843070,5691,44.26255,7.62831,20251.1,4.3,0.3,348.0,-56.3,1.5,-1.0,RS41-SG,403.701,9.3,-500,9,2.6,,
2026-09-20T11:11:08.999Z,X3843070,5692,44.26255,7.62831,20256.2,5.9,1.0,342.0,-56.3,1.5,-1.0,RS41-SG,403.701,8.3,-500,9,2.6,,
2026-09-20T11:11:09.999Z,X3843070,5693,44.26256,7.62830,20261.4,4.5,1.6,329.2,-56.2,1.5,-1.0,RS41-SG,403.701,8.3,-125,9,2.7,,
2026-09-20T11:11:10.999Z,X3843070,5694,44.26258,7.62829,20266.4,5.3,2.0,339.2,-56.1,1.5,-1.0,RS41-SG,403.701,8.5,-500,9,2.7,,
2026-09-20T11:11:11.999Z,X3843070,5695,44.26260,7.62829,20272.0,6.1,2.1,1.2,-56.2,1.5,-1.0,RS41-SG,403.701,8.5,-500,9,2.6,,
2026-09-20T11:11:13.999Z,X3843070,5697,44.26264,7.62830,20281.5,4.6,2.2,23.1,-56.2,1.5,-1.0,RS41-SG,403.701,9.3,-125,9,2.6,,
2026-09-20T11:11:14.999Z,X3843070,5698,44.26265,7.62831,20286.4,5.5,1.9,4.6,-56.0,1.5,-1.0,RS41-SG,403.701,9.3,-125,9,2.7,,
2026-09-20T11:11:15.999Z,X3843070,5699,44.26267,7.62831,20291.6,4.8,1.7,339.8,-56.0,1.5,-1.0,RS41-SG,403.701,8.1,-500,9,2.7,,
2026-09-20T11:11:16.999Z,X3843070,5700,44.26268,7.62830,20296.2,4.5,1.4,326.2,-55.9,1.5,-1.0,RS41-SG,403.701,8.6,-125,9,2.6,,
2026-09-20T11:11:17.999Z,X3843070,5701,44.26269,7.62829,20301.4,5.8,1.1,343.2,-56.0,1.5,-1.0,RS41-SG,403.701,8.6,-500,9,2.6,,
2026-09-20T11:11:18.999Z,X3843070,5702,44.26270,7.62829,20306.8,5.0,1.0,20.2,-56.1,1.5,-1.0,RS41-SG,403.701,8.6,-500,9,2.6,,
2026-09-20T11:11:19.999Z,X3843070,5703,44.26271,7.62830,20311.6,4.7,1.1,37.9,-56.1,1.5,-1.0,RS41-SG,403.701,8.4,-125,9,2.7,,
2026-09-20T11:11:20.999Z,X3843070,5704,44.26271,7.62830,20316.8,5.6,1.0,27.5,-56.2,1.5,-1.0,RS41-SG,403.701,8.4,-500,9,2.7,,
2026-09-20T11:11:23.999Z,X3843070,5707,44.26274,7.62830,20331.9,5.6,1.3,7.2,-56.2,1.5,-1.0,RS41-SG,403.701,8.5,-125,9,2.6,,
2026-09-20T11:11:24.999Z,X3843070,5708,44.26275,7.62831,20337.5,5.6,1.8,38.4,-56.2,1.5,-1.0,RS41-SG,403.701,8.5,-500,9,2.7,,
2026-09-20T11:11:25.999Z,X3843070,5709,44.26277,7.62833,20342.5,4.5,2.3,51.6,-56.2,1.5,-1.0,RS41-SG,403.701,8.1,-500,9,2.7,,
2026-09-20T11:11:26.999Z,X3843070,5710,44.26278,7.62835,20347.0,4.5,2.4,49.2,-56.3,1.5,-1.0,RS41-SG,403.701,8.1,-500,9,2.6,,
2026-09-20T11:11:27.999Z,X3843070,5711,44.26279,7.62837,20352.1,5.6,2.0,33.7,-56.5,1.5,-1.0,RS41-SG,403.701,8.4,-500,9,2.6,,
2026-09-20T11:11:28.999Z,X3843070,5712,44.26281,7.62838,20357.6,5.2,1.7,8.5,-56.6,1.5,-1.0,RS41-SG,403.701,8.4,-500,9,2.6,,
2026-09-20T11:11:29.999Z,X3843070,5713,44.26282,7.62838,20362.1,4.0,1.6,344.7,-56.5,1.5,-1.0,RS41-SG,403.701,8.4,-500,9,2.7,,
2026-09-20T11:11:32.999Z,X3843070,5716,44.26285,7.62838,20377.9,4.7,1.2,53.2,-56.7,1.5,-1.0,RS41-SG,403.701,7.9,-500,9,2.6,,
2026-09-20T11:11:33.999Z,X3843070,5717,44.26286,7.62839,20382.6,4.8,1.3,68.9,-56.6,1.5,-1.0,RS41-SG,403.701,7.9,-500,9,2.6,,
2026-09-20T11:11:34.999Z,X3843070,5718,44.26286,7.62841,20387.4,5.0,1.0,61.8,-56.7,1.5,-1.0,RS41-SG,403.701,7.9,-500,9,2.7,,
2026-09-20T11:11:35.999Z,X3843070,5719,44.26287,7.62841,20392.5,5.2,0.7,16.7,-56.8,1.5,-1.0,RS41-SG,403.701,8.3,-125,9,2.7,,
2026-09-20T11:11:36.999Z,X3843070,5720,44.26288,7.62841,20397.5,4.9,1.4,355.6,-56.8,1.5,-1.0,RS41-SG,403.701,8.3,-125,9,2.6,,
2026-09-20T11:11:37.999Z,X3843070,5721,44.26289,7.62841,20402.6,5.3,2.7,2.5,-56.8,1.6,-1.0,RS41-SG,403.701,8.0,-500,9,2.6,,
2026-09-20T11:11:38.999Z,X3843070,5722,44.26293,7.62842,20408.3,6.0,4.3,12.5,-57.0,1.6,-1.0,RS41-SG,403.701,8.7,-500,9,2.6,,
2026-09-20T11:11:39.999Z,X3843070,5723,44.26297,7.62844,20413.6,4.7,5.1,18.8,-57.0,1.5,-1.0,RS41-SG,403.701,8.7,-500,9,2.7,,
2026-09-20T11:11:40.999Z,X3843070,5724,44.26301,7.62846,20418.1,4.2,5.4,21.4,-56.9,1.5,-1.0,RS41-SG,403.701,7.9,-500,9,2.7,,
2026-09-20T11:11:44.999Z,X3843070,5728,44.26313,7.62851,20439.3,5.9,1.8,20.4,-57.1,1.6,-1.0,RS41-SG,403.701,7.6,-500,9,2.7,,
2026-09-20T11:11:45.999Z,X3843070,5729,44.26315,7.62852,20445.0,5.6,2.0,43.0,-57.3,1.6,-1.0,RS41-SG,403.701,7.7,-500,9,2.7,,
2026-09-20T11:11:46.999Z,X3843070,5730,44.26316,7.62855,20450.4,5.2,2.6,62.4,-57.3,1.6,-1.0,RS41-SG,403.701,7.7,-125,9,2.6,,
2026-09-20T11:11:47.999Z,X3843070,5731,44.26317,7.62858,20455.4,5.0,3.2,77.6,-57.3,1.6,-1.0,RS41-SG,403.701,8.4,-500,9,2.6,,
2026-09-20T11:11:48.999Z,X3843070,5732,44.26317,7.62862,20460.6,5.2,3.4,89.2,-57.4,1.6,-1.0,RS41-SG,403.701,8.4,-500,9,2.6,,
2026-09-20T11:11:49.999Z,X3843070,5733,44.26317,7.62866,20466.0,5.8,3.5,94.7,-57.5,1.6,-1.0,RS41-SG,403.701,9.1,-500,9,2.7,,
2026-09-20T11:11:50.999Z,X3843070,5734,44.26317,7.62871,20472.0,6.1,3.1,90.7,-57.5,1.6,-1.0,RS41-SG,403.701,9.1,-500,9,2.7,,
2026-09-20T11:11:51.999Z,X3843070,5735,44.26317,7.62874,20477.3,4.8,2.8,73.2,-57.6,1.6,-1.0,RS41-SG,403.701,8.7,-500,9,2.6,,
2026-09-20T11:11:52.999Z,X3843070,5736,44.26319,7.62877,20482.6,5.9,3.7,41.4,-57.6,1.6,-1.0,RS41-SG,403.701,8.1,-125,9,2.6,,
2026-09-20T11:11:53.999Z,X3843070,5737,44.26322,7.62880,20488.7,6.4,5.8,25.5,-57.6,1.6,-1.0,RS41-SG,403.701,8.4,-500,9,2.6,,
2026-09-20T11:11:54.999Z,X3843070,5738,44.26328,7.62884,20494.3,4.8,7.5,18.8,-57.6,1.6,-1.0,RS41-SG,403.701,8.4,-500,9,2.7,,
2026-09-20T11:11:55.999Z,X3843070,5739,44.26335,7.62887,20498.3,3.5,8.4,15.9,-57.8,1.6,-1.0,RS41-SG,403.701,6.9,-500,9,2.7,,
2026-09-20T11:11:56.999Z,X3843070,5740,44.26342,7.62889,20502.5,4.9,8.2,10.8,-57.7,1.6,-1.0,RS41-SG,403.701,7.7,-500,9,2.6,,
2026-09-20T11:11:58.999Z,X3843070,5742,44.26355,7.62891,20514.2,5.2,6.0,1.8,-57.6,1.6,-1.0,RS41-SG,403.701,7.8,-500,9,2.6,,
2026-09-20T11:11:59.999Z,X3843070,5743,44.26359,7.62891,20519.4,5.3,4.5,6.1,-57.7,1.6,-1.0,RS41-SG,403.701,8.7,-500,9,2.7,,
2026-09-20T11:12:01.999Z,X3843070,5745,44.26365,7.62896,20529.9,4.3,4.0,49.5,-57.9,1.6,-1.0,RS41-SG,403.701,8.1,-500,9,2.6,,
2026-09-20T11:12:02.999Z,X3843070,5746,44.26368,7.62900,20534.2,4.5,4.8,58.4,-57.9,1.6,-1.0,RS41-SG,403.701,8.5,-500,9,2.6,,
2026-09-20T11:12:03.999Z,X3843070,5747,44.26370,7.62905,20539.1,5.2,5.1,59.8,-57.9,1.7,-1.0,RS41-SG,403.701,8.5,-500,9,2.6,,
2026-09-20T11:12:04.999Z,X3843070,5748,44.26372,7.62911,20544.6,5.9,5.3,59.0,-58.0,1.6,-1.0,RS41-SG,403.701,7.3,-500,9,2.7,,
2026-09-20T11:12:05.999Z,X3843070,5749,44.26375,7.62917,20549.8,4.7,5.7,57.4,-58.1,1.6,-1.0,RS41-SG,403.701,7.5,-500,9,2.7,,
2026-09-20T11:12:06.999Z,X3843070,5750,44.26378,7.62923,20554.6,5.1,6.2,58.7,-58.1,1.6,-1.0,RS41-SG,403.701,7.5,-500,9,2.6,,
2026-09-20T11:12:07.999Z,X3843070,5751,44.26381,7.62930,20559.9,5.5,7.0,62.2,-58.0,1.6,-1.0,RS41-SG,403.701,9.5,-500,9,2.6,,
2026-09-20T11:12:08.999Z,X3843070,5752,44.26384,7.62938,20564.8,4.3,7.5,64.9,-58.0,1.6,-1.0,RS41-SG,403.701,9.5,-500,9,2.6,,
2026-09-20T11:12:09.999Z,X3843070,5753,44.26386,7.62947,20569.7,5.5,7.4,65.5,-58.2,1.6,-1.0,RS41-SG,403.701,9.1,-500,9,2.7,,
2026-09-20T11:12:10.999Z,X3843070,5754,44.26389,7.62955,20575.4,6.1,6.8,62.9,-58.3,1.6,-1.0,RS41-SG,403.701,9.1,-500,9,2.7,,
2026-09-20T11:12:11.999Z,X3843070,5755,44.26392,7.62962,20580.7,4.6,6.1,60.3,-58.2,1.6,-1.0,RS41-SG,403.701,9.0,-500,9,2.6,,
2026-09-20T11:12:12.999Z,X3843070,5756,44.26395,7.62968,20585.9,6.0,5.8,58.6,-58.2,1.6,-1.0,RS41-SG,403.701,8.7,-500,9,2.6,,
2026-09-20T11:12:13.999Z,X3843070,5757,44.26397,7.62975,20591.2,4.6,6.3,60.7,-58.3,1.6,-1.0,RS41-SG,403.701,8.6,-500,9,2.6,,
2026-09-20T11:12:14.999Z,X3843070,5758,44.26400,7.62982,20595.4,3.9,6.5,64.0,-58.2,1.6,-1.0,RS41-SG,403.701,9.0,-500,9,2.7,,
2026-09-20T11:12:15.999Z,X3843070,5759,44.26403,7.62989,20600.1,5.5,6.2,62.4,-58.1,1.6,-1.0,RS41-SG,403.701,10.0,-500,9,2.7,,
2026-09-20T11:12:16.999Z,X3843070,5760,44.26405,7.62995,20605.8,5.9,5.8,57.9,-58.1,1.6,-1.0,RS41-SG,403.701,10.0,-500,9,2.6,,
2026-09-20T11:12:17.999Z,X3843070,5761,44.26408,7.63001,20611.6,5.6,5.9,55.5,-57.9,1.6,-1.0,RS41-SG,403.701,8.1,-500,9,2.6,,
2026-09-20T11:12:18.999Z,X3843070,5762,44.26411,7.63008,20617.0,5.3,6.4,56.5,-57.8,1.6,-1.0,RS41-SG,403.701,8.1,-500,9,2.6,,
2026-09-20T11:12:19.999Z,X3843070,5763,44.26414,7.63015,20622.6,5.8,7.5,57.8,-57.8,1.6,-1.0,RS41-SG,403.701,8.5,-500,9,2.7,,
2026-09-20T11:12:20.999Z,X3843070,5764,44.26418,7.63023,20627.8,4.6,8.3,59.0,-57.7,1.5,-1.0,RS41-SG,403.701,9.0,-500,9,2.7,,
2026-09-20T11:12:21.999Z,X3843070,5765,44.26422,7.63032,20632.8,5.3,8.7,57.7,-57.7,1.5,-1.0,RS41-SG,403.701,9.0,-500,9,2.6,,
2026-09-20T11:12:22.999Z,X3843070,5766,44.26426,7.63041,20638.5,6.2,8.4,56.3,-57.8,1.5,-1.0,RS41-SG,403.701,9.3,-500,9,2.6,,
2026-09-20T11:12:23.999Z,X3843070,5767,44.26430,7.63050,20643.7,4.3,7.8,55.1,-57.7,1.5,-1.0,RS41-SG,403.701,9.3,-500,9,2.6,,
2026-09-20T11:12:24.999Z,X3843070,5768,44.26434,7.63058,20648.2,4.8,7.6,55.7,-57.8,1.5,-1.0,RS41-SG,403.701,9.0,-500,9,2.7,,
2026-09-20T11:12:25.999Z,X3843070,5769,44.26438,7.63066,20653.6,6.0,7.8,60.1,-57.9,1.5,-1.0,RS41-SG,403.701,8.7,-500,9,2.7,,
2026-09-20T11:12:26.999Z,X3843070,5770,44.26441,7.63074,20658.8,4.5,7.9,63.7,-57.8,1.5,-1.0,RS41-SG,403.701,8.8,-500,9,2.6,,
2026-09-20T11:12:27.999Z,X3843070,5771,44.26444,7.63083,20664.0,5.8,7.4,66.4,-58.0,1.6,-1.0,RS41-SG,403.701,9.0,-500,9,2.6,,
2026-09-20T11:12:28.999Z,X3843070,5772,44.26447,7.63091,20669.7,5.8,6.4,67.8,-57.9,1.6,-1.0,RS41-SG,403.701,9.0,-500,9,2.6,,
2026-09-20T11:12:29.999Z,X3843070,5773,44.26449,7.63098,20674.6,4.0,5.6,68.0,-58.0,1.6,-1.0,RS41-SG,403.701,8.5,-500,9,2.7,,
2026-09-20T11:12:30.999Z,X3843070,5774,44.26451,7.63104,20678.8,4.4,5.5,68.5,-58.1,1.6,-1.0,RS41-SG,403.701,8.4,-500,9,2.7,,
2026-09-20T11:12:31.999Z,X3843070,5775,44.26453,7.63111,20683.7,5.4,6.3,69.2,-58.0,1.5,-1.0,RS41-SG,403.701,9.3,-500,9,2.6,,
2026-09-20T11:12:32.999Z,X3843070,5776,44.26455,7.63119,20689.1,5.4,7.2,69.0,-58.1,1.6,-1.0,RS41-SG,403.701,9.3,-500,9,2.6,,
2026-09-20T11:12:33.999Z,X3843070,5777,44.26457,7.63128,20693.9,4.2,8.0,68.3,-58.2,1.6,-1.0,RS41-SG,403.701,9.1,-500,9,2.6,,
2026-09-20T11:12:34.999Z,X3843070,5778,44.26460,7.63138,20698.5,5.0,8.2,67.2,-58.1,1.6,-1.0,RS41-SG,403.701,9.1,-500,9,2.7,,
2026-09-20T11:12:35.999Z,X3843070,5779,44.26463,7.63147,20704.0,5.7,7.8,64.7,-58.2,1.6,-1.0,RS41-SG,403.701,8.3,-500,9,2.7,,
2026-09-20T11:12:36.999Z,X3843070,5780,44.26466,7.63155,20709.1,4.5,7.2,61.9,-58.2,1.6,-1.0,RS41-SG,403.701,8.3,-500,9,2.6,,
2026-09-20T11:12:37.999Z,X3843070,5781,44.26469,7.63163,20713.8,5.0,6.9,60.6,-58.1,1.6,-1.0,RS41-SG,403.701,7.8,-500,9,2.6,,
2026-09-20T11:12:38.999Z,X3843070,5782,44.26472,7.63170,20719.1,5.6,7.2,62.1,-58.1,1.6,-1.0,RS41-SG,403.701,7.6,-500,9,2.6,,
2026-09-20T11:12:39.999Z,X3843070,5783,44.26475,7.63179,20724.2,4.5,7.5,63.7,-58.1,1.6,-1.0,RS41-SG,403.701,9.1,-500,9,2.7,,
2026-09-20T11:12:40.999Z,X3843070,5784,44.26478,7.63187,20729.2,5.5,6.9,66.5,-58.0,1.6,-1.0,RS41-SG,403.701,9.1,-500,9,2.7,,
2026-09-20T11:12:41.999Z,X3843070,5785,44.26480,7.63194,20734.7,5.5,5.8,70.3,-58.2,1.6,-1.0,RS41-SG,403.701,8.3,-500,9,2.6,,
2026-09-20T11:12:42.999Z,X3843070,5786,44.26481,7.63200,20739.6,4.3,4.7,74.0,-58.1,1.6,-1.0,RS41-SG,403.701,8.3,-500,9,2.6,,
2026-09-20T11:12:43.999Z,X3843070,5787,44.26482,7.63206,20744.0,4.3,4.3,77.7,-58.2,1.6,-1.0,RS41-SG,403.701,8.1,-500,9,2.6,,
2026-09-20T11:12:44.999Z,X3843070,5788,44.26483,7.63211,20748.8,5.4,4.7,78.7,-58.2,1.6,-1.0,RS41-SG,403.701,8.9,-500,9,2.7,,
2026-09-20T11:12:45.999Z,X3843070,5789,44.26484,7.63217,20754.2,5.2,5.4,81.1,-58.2,1.6,-1.0,RS41-SG,403.701,8.9,-500,9,2.7,,
2026-09-20T11:12:46.999Z,X3843070,5790,44.26485,7.63224,20759.3,4.8,5.8,79.9,-58.2,1.6,-1.0,RS41-SG,403.701,8.4,-500,9,2.6,,
2026-09-20T11:12:47.999Z,X3843070,5791,44.26485,7.63231,20764.8,6.2,5.7,79.6,-58.2,1.6,-1.0,RS41-SG,403.701,8.0,-500,9,2.6,,
2026-09-20T11:12:48.999Z,X3843070,5792,44.26486,7.63238,20770.6,5.5,5.0,80.0,-58.2,1.6,-1.0,RS41-SG,403.701,8.0,-500,9,2.6,,
2026-09-20T11:12:49.999Z,X3843070,5793,44.26487,7.63244,20775.5,4.4,4.7,83.0,-58.3,1.6,-1.0,RS41-SG,403.701,7.4,-500,9,2.7,,
2026-09-20T11:12:51.999Z,X3843070,5795,44.26488,7.63256,20785.9,4.9,5.3,87.8,-58.1,1.6,-1.0,RS41-SG,403.701,7.3,-500,9,2.6,,
2026-09-20T11:12:52.999Z,X3843070,5796,44.26488,7.63263,20790.2,3.7,5.7,90.8,-58.1,1.6,-1.0,RS41-SG,403.701,7.3,-500,9,2.6,,
2026-09-20T11:12:58.999Z,X3843070,5802,44.26482,7.63297,20820.4,4.2,4.3,84.6,-58.1,1.6,-1.0,RS41-SG,403.701,8.1,-500,9,2.6,,
2026-09-20T11:12:59.999Z,X3843070,5803,44.26483,7.63302,20825.0,5.0,4.1,74.8,-58.0,1.6,-1.0,RS41-SG,403.701,8.3,-500,9,2.7,,
2026-09-20T11:13:00.999Z,X3843070,5804,44.26484,7.63306,20830.5,6.1,3.4,67.1,-58.1,1.6,-1.0,RS41-SG,403.701,8.3,-500,9,2.7,,
2026-09-20T11:13:01.999Z,X3843070,5805,44.26485,7.63310,20835.8,4.4,2.8,66.3,-58.2,1.6,-1.0,RS41-SG,403.701,9.5,-500,9,2.6,,
2026-09-20T11:13:02.999Z,X3843070,5806,44.26486,7.63313,20840.5,5.1,2.6,68.0,-58.1,1.6,-1.0,RS41-SG,403.701,9.5,-500,9,2.6,,
2026-09-20T11:13:03.999Z,X3843070,5807,44.26487,7.63316,20845.9,5.8,3.0,68.1,-58.1,1.6,-1.0,RS41-SG,403.701,9.1,-500,9,2.6,,
2026-09-20T11:13:04.999Z,X3843070,5808,44.26488,7.63320,20851.2,4.6,3.5,72.2,-58.1,1.6,-1.0,RS41-SG,403.701,9.1,-500,9,2.7,,
2026-09-20T11:13:06.999Z,X3843070,5810,44.26488,7.63329,20861.9,5.4,3.6,104.8,-58.3,1.6,-1.0,RS41-SG,403.701,8.1,-500,9,2.6,,
2026-09-20T11:13:07.999Z,X3843070,5811,44.26487,7.63333,20866.6,3.9,3.7,117.4,-58.2,1.6,-1.0,RS41-SG,403.701,8.1,-500,9,2.6,,
2026-09-20T11:13:08.999Z,X3843070,5812,44.26485,7.63337,20871.2,5.3,4.0,119.9,-58.3,1.6,-1.0,RS41-SG,403.701,7.8,-500,9,2.6,,
2026-09-20T11:13:09.999Z,X3843070,5813,44.26484,7.63342,20876.4,5.1,4.0,111.3,-58.5,1.6,-1.0,RS41-SG,403.701,8.7,-500,9,2.7,,
2026-09-20T11:13:10.999Z,X3843070,5814,44.26483,7.63346,20881.3,4.8,3.8,108.3,-58.4,1.6,-1.0,RS41-SG,403.701,8.7,-500,9,2.7,,
2026-09-20T11:13:11.999Z,X3843070,5815,44.26482,7.63350,20886.6,5.8,3.3,112.6,-58.4,1.6,-1.0,RS41-SG,403.701,8.4,-500,9,2.6,,
2026-09-20T11:13:12.999Z,X3843070,5816,44.26480,7.63354,20892.0,5.1,2.7,123.1,-58.4,1.6,-1.0,RS41-SG,403.701,8.6,-500,9,2.6,,
2026-09-20T11:13:13.999Z,X3843070,5817,44.26479,7.63356,20896.8,4.4,2.3,134.1,-58.6,1.6,-1.0,RS41-SG,403.701,8.6,-500,9,2.6,,
2026-09-20T11:13:16.999Z,X3843070,5820,44.26478,7.63362,20911.5,4.2,1.8,73.5,-58.8,1.6,-1.0,RS41-SG,403.701,9.0,-500,9,2.6,,
2026-09-20T11:13:17.999Z,X3843070,5821,44.26478,7.63364,20916.3,5.4,1.7,78.9,-58.8,1.6,-1.0,RS41-SG,403.701,9.0,-500,9,2.6,,
2026-09-20T11:13:18.999Z,X3843070,5822,44.26478,7.63366,20921.6,5.1,1.5,106.4,-58.8,1.6,-1.0,RS41-SG,403.701,8.4,-500,9,2.6,,
2026-09-20T11:13:19.999Z,X3843070,5823,44.26477,7.63368,20926.2,4.2,1.6,124.2,-58.7,1.7,-1.0,RS41-SG,403.701,8.7,-500,9,2.7,,
2026-09-20T11:13:20.999Z,X3843070,5824,44.26477,7.63369,20930.8,4.9,1.7,127.3,-58.6,1.7,-1.0,RS41-SG,403.701,8.8,-500,9,2.7,,
2026-09-20T11:13:21.999Z,X3843070,5825,44.26476,7.63371,20935.9,5.4,1.5,111.0,-58.6,1.6,-1.0,RS41-SG,403.701,8.8,-125,9,2.6,,
2026-09-20T11:13:22.999Z,X3843070,5826,44.26475,7.63373,20940.8,4.3,1.5,101.0,-58.6,1.7,-1.0,RS41-SG,403.701,8.8,-500,9,2.6,,
2026-09-20T11:13:23.999Z,X3843070,5827,44.26475,7.63374,20945.5,5.0,1.2,119.4,-58.8,1.7,-1.0,RS41-SG,403.701,8.5,-125,9,2.6,,
2026-09-20T11:13:24.999Z,X3843070,5828,44.26474,7.63375,20950.5,5.0,1.6,155.0,-58.8,1.7,-1.0,RS41-SG,403.701,8.7,-500,9,2.7,,
2026-09-20T11:13:26.999Z,X3843070,5830,44.26471,7.63376,20958.8,4.0,2.0,191.8,-58.7,1.6,-1.0,RS41-SG,403.701,8.9,-125,9,2.6,,
2026-09-20T11:13:27.999Z,X3843070,5831,44.26470,7.63375,20963.6,5.7,1.5,217.5,-58.7,1.6,-1.0,RS41-SG,403.701,8.9,-500,9,2.6,,
2026-09-20T11:13:28.999Z,X3843070,5832,44.26469,7.63374,20968.7,4.7,0.9,242.8,-58.7,1.6,-1.0,RS41-SG,403.701,8.8,-500,9,2.6,,
2026-09-20T11:13:29.999Z,X3843070,5833,44.26469,7.63373,20973.5,4.7,0.4,270.9,-58.7,1.6,-1.0,RS41-SG,403.701,8.8,-500,9,2.7,,
2026-09-20T11:13:30.999Z,X3843070,5834,44.26469,7.63373,20978.9,6.2,0.5,141.7,-58.7,1.6,-1.0,RS41-SG,403.701,8.9,-500,9,2.7,,
2026-09-20T11:13:32.999Z,X3843070,5836,44.26467,7.63375,20988.5,4.5,1.9,134.3,-59.0,1.7,-1.0,RS41-SG,403.701,9.5,-500,9,2.6,,
2026-09-20T11:13:33.999Z,X3843070,5837,44.26466,7.63377,20993.5,5.4,2.0,115.9,-59.1,1.7,-1.0,RS41-SG,403.701,9.5,-500,9,2.6,,
2026-09-20T11:13:34.999Z,X3843070,5838,44.26465,7.63379,20998.1,3.9,1.9,105.6,-59.1,1.7,-1.0,RS41-SG,403.701,9.8,-500,9,2.7,,
2026-09-20T11:13:35.999Z,X3843070,5839,44.26465,7.63381,21002.5,4.7,1.4,116.7,-59.1,1.7,-1.0,RS41-SG,403.701,9.8,-500,9,2.7,,
2026-09-20T11:13:36.999Z,X3843070,5840,44.26464,7.63382,21007.5,5.3,1.6,173.8,-59.1,1.7,-1.0,RS41-SG,403.701,9.7,-500,9,2.6,,
2026-09-20T11:13:37.999Z,X3843070,5841,44.26462,7.63382,21012.6,4.7,2.6,197.9,-59.1,1.7,-1.0,RS41-SG,403.701,9.7,-500,9,2.6,,
2026-09-20T11:13:38.999Z,X3843070,5842,44.26460,7.63380,21017.1,4.1,3.3,207.6,-59.0,1.7,-1.0,RS41-SG,403.701,9.7,-500,9,2.6,,
2026-09-20T11:13:39.999Z,X3843070,5843,44.26457,7.63378,21021.6,5.1,3.1,216.4,-59.0,1.7,-1.0,RS41-SG,403.701,9.1,-125,9,2.7,,
2026-09-20T11:13:40.999Z,X3843070,5844,44.26455,7.63376,21026.7,5.1,2.4,227.8,-59.1,1.7,-1.0,RS41-SG,403.701,8.9,-125,9,2.7,,
2026-09-20T11:13:42.999Z,X3843070,5846,44.26453,7.63372,21035.7,4.7,1.2,227.4,-59.0,1.7,-1.0,RS41-SG,403.701,8.6,-500,9,2.6,,
2026-09-20T11:13:43.999Z,X3843070,5847,44.26452,7.63371,21040.7,5.3,1.5,197.0,-59.0,1.7,-1.0,RS41-SG,403.701,9.6,-500,9,2.6,,
2026-09-20T11:13:44.999Z,X3843070,5848,44.26451,7.63371,21045.6,4.4,1.8,183.4,-59.0,1.7,-1.0,RS41-SG,403.701,9.6,-125,9,2.7,,
2026-09-20T11:13:45.999Z,X3843070,5849,44.26449,7.63371,21049.6,3.6,1.8,177.4,-59.0,1.7,-1.0,RS41-SG,403.701,9.4,-125,9,2.7,,
2026-09-20T11:13:46.999Z,X3843070,5850,44.26448,7.63371,21053.9,4.9,1.1,184.4,-59.0,1.7,-1.0,RS41-SG,403.701,9.7,-500,9,2.6,,
2026-09-20T11:13:47.999Z,X3843070,5851,44.26448,7.63371,21059.1,5.6,0.7,280.8,-59.1,1.6,-1.0,RS41-SG,403.701,9.7,-500,9,2.6,,
2026-09-20T11:13:48.999Z,X3843070,5852,44.26448,7.63369,21064.1,4.4,1.5,310.6,-59.2,1.6,-1.0,RS41-SG,403.701,9.1,-500,9,2.6,,
2026-09-20T11:13:49.999Z,X3843070,5853,44.26449,7.63368,21069.0,5.5,2.0,307.2,-59.3,1.6,-1.0,RS41-SG,403.701,8.8,-500,9,2.7,,
2026-09-20T11:13:50.999Z,X3843070,5854,44.26450,7.63366,21074.3,5.2,2.0,293.6,-59.3,1.6,-1.0,RS41-SG,403.701,9.6,-500,9,2.7,,
2026-09-20T11:13:51.999Z,X3843070,5855,44.26451,7.63363,21079.1,4.4,2.1,278.6,-59.3,1.6,-1.0,RS41-SG,403.701,9.6,-125,9,2.6,,
2026-09-20T11:13:52.999Z,X3843070,5856,44.26451,7.63360,21084.1,5.7,2.7,272.2,-59.3,1.7,-1.0,RS41-SG,403.701,9.7,-125,9,2.6,,
2026-09-20T11:13:53.999Z,X3843070,5857,44.26451,7.63356,21088.8,3.9,3.3,276.1,-59.3,1.7,-1.0,RS41-SG,403.701,9.7,-125,9,2.6,,
2026-09-20T11:13:54.999Z,X3843070,5858,44.26451,7.63352,21093.1,4.6,3.6,274.1,-59.2,1.7,-1.0,RS41-SG,403.701,9.0,-125,9,2.7,,
2026-09-20T11:13:55.999Z,X3843070,5859,44.26451,7.63348,21098.5,6.3,3.3,259.0,-59.2,1.7,-1.0,RS41-SG,403.701,9.2,-125,9,2.7,,
2026-09-20T11:13:56.999Z,X3843070,5860,44.26450,7.63344,21103.9,4.5,3.1,243.3,-59.2,1.7,-1.0,RS41-SG,403.701,9.2,-125,9,2.6,,
2026-09-20T11:13:57.999Z,X3843070,5861,44.26449,7.63341,21108.5,4.9,2.8,237.6,-59.1,1.7,-1.0,RS41-SG,403.701,9.2,-500,9,2.6,,
2026-09-20T11:13:58.999Z,X3843070,5862,44.26448,7.63338,21113.6,5.3,2.4,251.2,-59.0,1.7,-1.0,RS41-SG,403.701,9.6,-500,9,2.6,,
2026-09-20T11:13:59.999Z,X3843070,5863,44.26448,7.63335,21118.4,4.1,2.3,271.7,-59.0,1.7,-1.0,RS41-SG,403.701,9.6,-125,9,2.7,,
2026-09-20T11:14:00.999Z,X3843070,5864,44.26448,7.63332,21122.4,4.1,2.0,287.1,-58.8,1.7,-1.0,RS41-SG,403.701,9.4,-500,9,2.7,,
2026-09-20T11:14:01.999Z,X3843070,5865,44.26448,7.63330,21127.1,5.2,1.4,299.4,-58.7,1.6,-1.0,RS41-SG,403.701,8.9,-500,9,2.6,,
2026-09-20T11:14:02.999Z,X3843070,5866,44.26449,7.63329,21131.9,4.4,0.8,308.5,-58.7,1.6,-1.0,RS41-SG,403.701,9.9,-500,9,2.6,,
2026-09-20T11:14:03.999Z,X3843070,5867,44.26449,7.63329,21136.1,4.0,0.6,308.0,-58.6,1.6,-1.0,RS41-SG,403.701,10.1,-500,9,2.6,,
2026-09-20T11:14:04.999Z,X3843070,5868,44.26450,7.63328,21140.6,4.9,0.8,309.7,-58.7,1.6,-1.0,RS41-SG,403.701,10.1,-500,9,2.7,,
2026-09-20T11:14:05.999Z,X3843070,5869,44.26450,7.63327,21145.5,4.9,1.5,314.6,-58.8,1.6,-1.0,RS41-SG,403.701,9.7,-500,9,2.7,,
2026-09-20T11:14:06.999Z,X3843070,5870,44.26451,7.63325,21149.9,4.0,1.7,315.9,-58.7,1.5,-1.0,RS41-SG,403.701,9.1,-500,9,2.6,,
2026-09-20T11:14:07.999Z,X3843070,5871,44.26452,7.63324,21154.8,5.7,1.3,300.5,-58.7,1.5,-1.0,RS41-SG,403.701,9.1,-500,9,2.6,,
2026-09-20T11:14:08.999Z,X3843070,5872,44.26453,7.63323,21160.1,4.8,0.8,253.1,-58.6,1.5,-1.0,RS41-SG,403.701,9.2,-500,9,2.6,,
2026-09-20T11:14:09.999Z,X3843070,5873,44.26452,7.63322,21164.4,3.8,0.9,208.5,-58.6,1.5,-1.0,RS41-SG,403.701,10.4,-500,9,2.7,,
2026-09-20T11:14:10.999Z,X3843070,5874,44.26451,7.63322,21168.8,5.0,1.0,198.1,-58.5,1.6,-1.0,RS41-SG,403.701,10.4,-500,9,2.7,,
2026-09-20T11:14:11.999Z,X3843070,5875,44.26451,7.63321,21173.8,5.0,0.6,233.9,-58.5,1.6,-1.0,RS41-SG,403.701,9.8,-500,9,2.6,,
2026-09-20T11:14:12.999Z,X3843070,5876,44.26451,7.63320,21178.3,3.9,0.6,262.7,-58.4,1.6,-1.0,RS41-SG,403.701,9.2,-125,9,2.6,,
2026-09-20T11:14:13.999Z,X3843070,5877,44.26450,7.63320,21182.6,4.6,0.4,226.6,-58.4,1.6,-1.0,RS41-SG,403.701,7.2,-500,9,2.6,,
2026-09-20T11:14:14.999Z,X3843070,5878,44.26450,7.63320,21187.4,5.1,1.0,163.2,-58.5,1.6,-1.0,RS41-SG,403.701,9.4,-125,9,2.7,,
2026-09-20T11:14:15.999Z,X3843070,5879,44.26449,7.63321,21192.1,4.1,1.3,142.3,-58.6,1.6,-1.0,RS41-SG,403.701,9.4,-500,9,2.7,,
2026-09-20T11:14:16.999Z,X3843070,5880,44.26448,7.63322,21196.4,4.6,1.3,125.7,-58.5,1.6,-1.0,RS41-SG,403.701,9.2,-500,9,2.6,,
2026-09-20T11:14:17.999Z,X3843070,5881,44.26448,7.63323,21201.5,5.4,0.9,92.0,-58.4,1.6,-1.0,RS41-SG,403.701,9.8,-500,9,2.6,,
2026-09-20T11:14:18.999Z,X3843070,5882,44.26448,7.63324,21206.3,4.1,0.9,53.1,-58.3,1.6,-1.0,RS41-SG,403.701,9.8,-500,9,2.6,,
2026-09-20T11:14:19.999Z,X3843070,5883,44.26449,7.63325,21210.6,4.5,1.1,38.2,-58.3,1.6,-1.0,RS41-SG,403.701,9.1,-500,9,2.7,,
2026-09-20T11:14:20.999Z,X3843070,5884,44.26449,7.63326,21215.8,5.9,0.8,78.9,-58.5,1.6,-1.0,RS41-SG,403.701,8.8,-500,9,2.7,,
2026-09-20T11:14:21.999Z,X3843070,5885,44.26449,7.63327,21220.9,4.3,1.3,126.5,-58.4,1.5,-1.0,RS41-SG,403.701,9.1,-500,9,2.6,,
2026-09-20T11:14:22.999Z,X3843070,5886,44.26448,7.63328,21224.9,3.7,1.7,144.8,-58.3,1.6,-1.0,RS41-SG,403.701,9.1,-500,9,2.6,,
2026-09-20T11:14:23.999Z,X3843070,5887,44.26447,7.63329,21229.3,4.9,1.7,156.5,-58.3,1.6,-1.0,RS41-SG,403.701,9.1,-500,9,2.6,,
2026-09-20T11:14:25.999Z,X3843070,5889,44.26444,7.63329,21238.5,4.4,1.4,186.0,-58.5,1.6,-1.0,RS41-SG,403.701,8.6,-500,9,2.7,,
2026-09-20T11:14:26.999Z,X3843070,5890,44.26443,7.63329,21243.4,5.4,1.7,180.1,-58.5,1.6,-1.0,RS41-SG,403.701,9.1,-500,9,2.6,,
2026-09-20T11:14:27.999Z,X3843070,5891,44.26441,7.63329,21248.3,4.4,2.3,174.8,-58.4,1.6,-1.0,RS41-SG,403.701,9.1,-500,9,2.6,,
2026-09-20T11:14:28.999Z,X3843070,5892,44.26439,7.63330,21252.5,4.0,2.4,175.8,-58.3,1.6,-1.0,RS41-SG,403.701,9.3,-500,9,2.6,,
2026-09-20T11:14:29.999Z,X3843070,5893,44.26437,7.63330,21257.0,5.0,1.8,183.6,-58.3,1.6,-1.0,RS41-SG,403.701,9.3,-500,9,2.7,,
2026-09-20T11:14:30.999Z,X3843070,5894,44.26436,7.63329,21261.8,4.6,1.1,216.9,-58.3,1.6,-1.0,RS41-SG,403.701,9.1,-500,9,2.7,,
2026-09-20T11:14:31.999Z,X3843070,5895,44.26435,7.63328,21266.1,3.9,1.0,252.8,-58.4,1.6,-1.0,RS41-SG,403.701,9.1,-500,9,2.6,,
2026-09-20T11:14:33.999Z,X3843070,5897,44.26435,7.63326,21275.5,4.5,0.4,215.4,-58.3,1.5,-1.0,RS41-SG,403.701,9.1,-500,9,2.6,,
2026-09-20T11:14:34.999Z,X3843070,5898,44.26434,7.63326,21279.7,3.8,0.5,179.4,-58.1,1.6,-1.0,RS41-SG,403.701,9.4,-500,9,2.7,,
2026-09-20T11:14:35.999Z,X3843070,5899,44.26434,7.63326,21284.2,5.1,0.4,201.4,-58.0,1.5,-1.0,RS41-SG,403.701,10.2,-500,9,2.7,,
2026-09-20T11:14:36.999Z,X3843070,5900,44.26434,7.63326,21289.3,5.0,0.8,275.8,-58.0,1.5,-1.0,RS41-SG,403.701,10.2,-125,9,2.6,,
2026-09-20T11:14:37.999Z,X3843070,5901,44.26434,7.63324,21293.7,3.9,1.2,288.6,-58.0,1.5,-1.0,RS41-SG,403.701,9.3,-125,9,2.6,,
2026-09-20T11:14:38.999Z,X3843070,5902,44.26434,7.63323,21298.4,5.6,1.2,294.9,-58.2,1.6,-1.0,RS41-SG,403.701,8.7,-500,9,2.6,,
2026-09-20T11:14:39.999Z,X3843070,5903,44.26435,7.63322,21303.6,4.7,0.7,280.5,-58.2,1.6,-1.0,RS41-SG,403.701,9.6,-500,9,2.7,,
2026-09-20T11:14:40.999Z,X3843070,5904,44.26435,7.63321,21308.4,4.7,0.6,277.9,-58.1,1.5,-1.0,RS41-SG,403.701,9.7,-500,9,2.7,,
2026-09-20T11:14:41.999Z,X3843070,5905,44.26435,7.63320,21313.7,6.0,1.1,300.7,-58.1,1.5,-1.0,RS41-SG,403.701,9.7,-125,9,2.6,,
2026-09-20T11:14:44.999Z,X3843070,5908,44.26438,7.63314,21327.4,5.6,2.4,298.5,-58.2,1.6,-1.0,RS41-SG,403.701,10.0,-125,9,2.7,,
2026-09-20T11:14:45.999Z,X3843070,5909,44.26439,7.63311,21332.7,4.8,2.1,288.9,-58.2,1.6,-1.0,RS41-SG,403.701,10.0,-125,9,2.7,,
2026-09-20T11:14:46.999Z,X3843070,5910,44.26439,7.63308,21337.7,5.2,2.2,283.1,-58.1,1.6,-1.0,RS41-SG,403.701,10.4,-125,9,2.6,,
2026-09-20T11:14:47.999Z,X3843070,5911,44.26440,7.63305,21343.1,5.6,3.0,287.1,-58.0,1.6,-1.0,RS41-SG,403.701,10.4,-125,9,2.6,,
2026-09-20T11:14:48.999Z,X3843070,5912,44.26441,7.63301,21347.8,3.6,4.0,290.7,-58.0,1.6,-1.0,RS41-SG,403.701,10.4,-125,9,2.6,,
2026-09-20T11:14:49.999Z,X3843070,5913,44.26442,7.63296,21351.7,4.3,4.6,289.5,-58.0,1.6,-1.0,RS41-SG,403.701,10.1,-500,9,2.7,,
2026-09-20T11:14:50.999Z,X3843070,5914,44.26444,7.63291,21356.4,5.0,4.8,284.4,-58.2,1.6,-1.0,RS41-SG,403.701,10.1,-500,9,2.7,,
2026-09-20T11:14:51.999Z,X3843070,5915,44.26445,7.63285,21360.7,3.7,4.5,277.6,-58.3,1.6,-1.0,RS41-SG,403.701,9.9,-500,9,2.6,,
2026-09-20T11:14:52.999Z,X3843070,5916,44.26445,7.63279,21364.6,4.0,4.7,274.2,-58.2,1.6,-1.0,RS41-SG,403.701,9.5,-125,9,2.6,,
2026-09-20T11:14:53.999Z,X3843070,5917,44.26445,7.63273,21369.3,5.3,5.3,273.5,-58.1,1.6,-1.0,RS41-SG,403.701,10.1,-500,9,2.6,,
2026-09-20T11:14:55.999Z,X3843070,5919,44.26446,7.63260,21379.2,5.4,4.9,281.1,-58.2,1.6,-1.0,RS41-SG,403.701,8.8,-500,9,2.7,,
2026-09-20T11:14:56.999Z,X3843070,5920,44.26447,7.63255,21385.0,6.2,3.5,291.8,-58.2,1.6,-1.0,RS41-SG,403.701,9.2,-500,9,2.6,,
2026-09-20T11:14:57.999Z,X3843070,5921,44.26449,7.63251,21390.1,4.0,2.4,307.2,-58.1,1.6,-1.0,RS41-SG,403.701,9.2,-500,9,2.6,,
2026-09-20T11:14:58.999Z,X3843070,5922,44.26450,7.63250,21393.9,3.5,1.7,337.8,-58.1,1.6,-1.0,RS41-SG,403.701,9.1,-125,9,2.6,,
2026-09-20T11:14:59.999Z,X3843070,5923,44.26451,7.63249,21398.2,5.0,1.7,359.3,-58.2,1.6,-1.0,RS41-SG,403.701,9.8,-500,9,2.7,,
2026-09-20T11:15:00.999Z,X3843070,5924,44.26453,7.63249,21402.9,4.4,1.8,354.6,-58.2,1.6,-1.0,RS41-SG,403.701,9.8,-500,9,2.7,,
2026-09-20T11:15:01.999Z,X3843070,5925,44.26455,7.63249,21407.3,4.5,1.7,353.2,-58.1,1.5,-1.0,RS41-SG,403.701,9.3,-125,9,2.6,,
2026-09-20T11:15:02.999Z,X3843070,5926,44.26456,7.63249,21412.4,5.7,1.2,14.6,-58.1,1.5,-1.0,RS41-SG,403.701,9.8,-500,9,2.6,,
2026-09-20T11:15:03.999Z,X3843070,5927,44.26457,7.63250,21417.5,4.4,0.9,49.5,-58.1,1.6,-1.0,RS41-SG,403.701,9.8,-125,9,2.6,,
2026-09-20T11:15:04.999Z,X3843070,5928,44.26457,7.63250,21421.7,4.0,0.6,89.5,-58.1,1.6,-1.0,RS41-SG,403.701,9.5,-125,9,2.7,,
2026-09-20T11:15:05.999Z,X3843070,5929,44.26457,7.63251,21426.1,4.7,0.5,198.9,-58.1,1.5,-1.0,RS41-SG,403.701,9.8,-125,9,2.7,,
2026-09-20T11:15:06.999Z,X3843070,5930,44.26456,7.63250,21430.9,4.9,1.5,237.6,-57.9,1.5,-1.0,RS41-SG,403.701,9.8,-500,9,2.6,,
2026-09-20T11:15:07.999Z,X3843070,5931,44.26455,7.63248,21435.3,3.8,2.3,243.5,-57.8,1.5,-1.0,RS41-SG,403.701,9.4,-500,9,2.6,,
2026-09-20T11:15:08.999Z,X3843070,5932,44.26454,7.63245,21439.2,4.2,2.4,237.6,-57.7,1.5,-1.0,RS41-SG,403.701,9.3,-500,9,2.6,,
2026-09-20T11:15:09.999Z,X3843070,5933,44.26453,7.63243,21444.0,5.4,1.9,215.5,-57.8,1.5,-1.0,RS41-SG,403.701,9.3,-500,9,2.7,,
2026-09-20T11:15:10.999Z,X3843070,5934,44.26452,7.63243,21449.2,4.9,1.6,177.2,-57.8,1.5,-1.0,RS41-SG,403.701,8.9,-125,9,2.7,,
2026-09-20T11:15:11.999Z,X3843070,5935,44.26450,7.63243,21453.4,3.4,1.5,140.9,-57.8,1.5,-1.0,RS41-SG,403.701,9.0,-500,9,2.6,,
2026-09-20T11:15:12.999Z,X3843070,5936,44.26450,7.63245,21457.2,4.2,1.7,95.9,-57.7,1.5,-1.0,RS41-SG,403.701,9.6,-500,9,2.6,,
2026-09-20T11:15:13.999Z,X3843070,5937,44.26450,7.63247,21462.0,5.2,2.2,55.4,-57.6,1.5,-1.0,RS41-SG,403.701,9.6,-500,9,2.6,,
2026-09-20T11:15:14.999Z,X3843070,5938,44.26452,7.63249,21466.5,3.8,2.6,37.9,-57.8,1.6,-1.0,RS41-SG,403.701,9.7,-500,9,2.7,,
2026-09-20T11:15:15.999Z,X3843070,5939,44.26454,7.63251,21470.8,4.8,2.7,34.0,-57.8,1.6,-1.0,RS41-SG,403.701,9.7,-500,9,2.7,,
2026-09-20T11:15:16.999Z,X3843070,5940,44.26455,7.63253,21476.2,6.0,2.2,47.8,-57.7,1.5,-1.0,RS41-SG,403.701,9.8,-500,9,2.6,,
2026-09-20T11:15:17.999Z,X3843070,5941,44.26456,7.63255,21481.3,4.1,1.8,76.1,-57.6,1.5,-1.0,RS41-SG,403.701,9.8,-500,9,2.6,,
2026-09-20T11:15:18.999Z,X3843070,5942,44.26456,7.63258,21485.3,4.0,1.7,102.6,-57.6,1.6,-1.0,RS41-SG,403.701,9.7,-500,9,2.6,,
2026-09-20T11:15:19.999Z,X3843070,5943,44.26456,7.63259,21489.8,4.9,1.5,119.2,-57.6,1.5,-1.0,RS41-SG,403.701,9.7,-125,9,2.7,,
2026-09-20T11:15:20.999Z,X3843070,5944,44.26455,7.63261,21494.9,5.2,1.1,134.1,-57.7,1.5,-1.0,RS41-SG,403.701,9.5,-500,9,2.7,,
2026-09-20T11:15:21.999Z,X3843070,5945,44.26454,7.63262,21499.6,4.0,1.2,147.8,-57.6,1.5,-1.0,RS41-SG,403.701,9.1,-500,9,2.6,,
2026-09-20T11:15:22.999Z,X3843070,5946,44.26453,7.63263,21504.1,5.1,1.9,150.2,-57.6,1.6,-1.0,RS41-SG,403.701,9.5,-500,9,2.6,,
2026-09-20T11:15:23.999Z,X3843070,5947,44.26451,7.63264,21509.5,5.5,2.9,149.9,-57.7,1.5,-1.0,RS41-SG,403.701,9.5,-500,9,2.6,,
2026-09-20T11:15:24.999Z,X3843070,5948,44.26449,7.63266,21514.5,4.3,3.5,143.0,-57.7,1.5,-1.0,RS41-SG,403.701,9.4,-500,9,2.7,,
2026-09-20T11:15:25.999Z,X3843070,5949,44.26447,7.63269,21518.6,4.1,3.5,135.7,-57.7,1.6,-1.0,RS41-SG,403.701,9.4,-500,9,2.7,,
2026-09-20T11:15:26.999Z,X3843070,5950,44.26445,7.63272,21523.6,5.7,3.0,116.7,-57.8,1.6,-1.0,RS41-SG,403.701,9.3,-500,9,2.6,,
2026-09-20T11:15:27.999Z,X3843070,5951,44.26444,7.63275,21528.8,4.6,2.6,98.6,-57.8,1.5,-1.0,RS41-SG,403.701,9.3,-500,9,2.6,,
2026-09-20T11:15:28.999Z,X3843070,5952,44.26444,7.63279,21533.4,4.5,2.6,90.5,-57.8,1.5,-1.0,RS41-SG,403.701,8.9,-500,9,2.6,,
2026-09-20T11:15:30.999Z,X3843070,5954,44.26443,7.63286,21543.9,4.4,3.2,114.0,-57.8,1.6,-1.0,RS41-SG,403.701,7.5,-500,9,2.7,,
2026-09-20T11:15:31.999Z,X3843070,5955,44.26442,7.63289,21548.3,4.4,3.6,124.4,-57.9,1.6,-1.0,RS41-SG,403.701,8.5,-500,9,2.6,,
2026-09-20T11:15:32.999Z,X3843070,5956,44.26440,7.63293,21553.2,5.4,3.3,129.2,-58.0,1.6,-1.0,RS41-SG,403.701,9.5,-500,9,2.6,,
2026-09-20T11:15:33.999Z,X3843070,5957,44.26438,7.63296,21557.6,3.3,2.8,130.5,-58.0,1.6,-1.0,RS41-SG,403.701,9.5,-500,9,2.6,,
2026-09-20T11:15:34.999Z,X3843070,5958,44.26436,7.63298,21561.7,4.7,2.9,143.1,-57.9,1.6,-1.0,RS41-SG,403.701,9.3,-500,9,2.7,,
2026-09-20T11:15:35.999Z,X3843070,5959,44.26434,7.63300,21566.6,5.0,3.5,155.4,-58.0,1.6,-1.0,RS41-SG,403.701,9.4,-500,9,2.7,,
2026-09-20T11:15:36.999Z,X3843070,5960,44.26430,7.63302,21571.4,4.4,4.2,162.1,-58.0,1.6,-1.0,RS41-SG,403.701,9.8,-125,9,2.6,,
2026-09-20T11:15:37.999Z,X3843070,5961,44.26427,7.63303,21575.6,3.9,4.3,167.8,-58.0,1.6,-1.0,RS41-SG,403.701,9.8,-500,9,2.6,,
2026-09-20T11:15:38.999Z,X3843070,5962,44.26423,7.63304,21580.0,5.0,3.7,174.9,-57.9,1.6,-1.0,RS41-SG,403.701,9.3,-500,9,2.6,,
2026-09-20T11:15:40.999Z,X3843070,5964,44.26418,7.63304,21589.6,4.1,2.0,186.5,-57.6,1.5,-1.0,RS41-SG,403.701,7.8,-500,9,2.7,,
2026-09-20T11:15:41.999Z,X3843070,5965,44.26417,7.63304,21594.0,4.7,1.5,171.5,-57.5,1.5,-1.0,RS41-SG,403.701,8.8,-500,9,2.6,,
2026-09-20T11:15:42.999Z,X3843070,5966,44.26415,7.63305,21599.3,5.8,1.9,151.6,-57.6,1.5,-1.0,RS41-SG,403.701,8.8,-500,9,2.6,,
2026-09-20T11:15:43.999Z,X3843070,5967,44.26414,7.63306,21604.3,4.2,2.5,143.5,-57.6,1.5,-1.0,RS41-SG,403.701,9.3,-500,9,2.6,,
2026-09-20T11:15:44.999Z,X3843070,5968,44.26412,7.63308,21608.5,4.2,3.0,137.3,-57.5,1.5,-1.0,RS41-SG,403.701,9.3,-125,9,2.7,,
2026-09-20T11:15:45.999Z,X3843070,5969,44.26410,7.63311,21613.2,5.0,2.6,130.4,-57.4,1.5,-1.0,RS41-SG,403.701,9.3,-500,9,2.7,,
2026-09-20T11:15:46.999Z,X3843070,5970,44.26409,7.63313,21617.9,4.4,1.7,126.8,-57.3,1.5,-1.0,RS41-SG,403.701,9.1,-500,9,2.6,,
2026-09-20T11:15:47.999Z,X3843070,5971,44.26408,7.63314,21622.4,4.5,1.2,147.6,-57.3,1.5,-1.0,RS41-SG,403.701,9.3,-125,9,2.6,,
2026-09-20T11:15:48.999Z,X3843070,5972,44.26407,7.63314,21627.0,4.9,1.9,181.9,-57.3,1.5,-1.0,RS41-SG,403.701,9.3,-125,9,2.6,,
2026-09-20T11:15:49.999Z,X3843070,5973,44.26404,7.63314,21632.0,5.1,3.1,192.5,-57.5,1.5,-1.0,RS41-SG,403.701,8.5,-500,9,2.7,,
2026-09-20T11:15:50.999Z,X3843070,5974,44.26401,7.63313,21636.2,3.3,3.9,193.1,-57.4,1.5,-1.0,RS41-SG,403.701,9.3,-125,9,2.7,,
2026-09-20T11:15:51.999Z,X3843070,5975,44.26398,7.63312,21639.9,4.0,4.2,199.2,-57.3,1.5,-1.0,RS41-SG,403.701,9.3,-125,9,2.6,,
2026-09-20T11:15:52.999Z,X3843070,5976,44.26394,7.63310,21644.7,5.6,4.0,203.3,-57.4,1.5,-1.0,RS41-SG,403.701,9.1,-500,9,2.6,,
2026-09-20T11:15:53.999Z,X3843070,5977,44.26391,7.63308,21649.9,4.7,3.3,208.6,-57.4,1.5,-1.0,RS41-SG,403.701,9.0,-500,9,2.6,,
2026-09-20T11:15:54.999Z,X3843070,5978,44.26389,7.63306,21654.4,4.3,2.6,209.1,-57.5,1.5,-1.0,RS41-SG,403.701,9.3,-125,9,2.7,,
2026-09-20T11:15:55.999Z,X3843070,5979,44.26387,7.63305,21659.5,6.0,2.2,191.8,-57.5,1.5,-1.0,RS41-SG,403.701,9.3,-125,9,2.7,,
2026-09-20T11:15:56.999Z,X3843070,5980,44.26385,7.63305,21665.2,5.2,2.8,171.8,-57.4,1.5,-1.0,RS41-SG,403.701,9.2,-125,9,2.6,,
2026-09-20T11:15:57.999Z,X3843070,5981,44.26382,7.63306,21670.2,4.6,3.2,161.5,-57.3,1.5,-1.0,RS41-SG,403.701,9.8,-500,9,2.6,,
2026-09-20T11:15:58.999Z,X3843070,5982,44.26380,7.63307,21675.5,5.9,2.9,151.9,-57.3,1.5,-1.0,RS41-SG,403.701,9.8,-500,9,2.6,,
2026-09-20T11:15:59.999Z,X3843070,5983,44.26378,7.63309,21680.5,3.9,2.6,148.7,-57.4,1.5,-1.0,RS41-SG,403.701,9.7,-500,9,2.7,,
2026-09-20T11:16:00.999Z,X3843070,5984,44.26376,7.63311,21684.8,5.0,2.5,148.5,-57.4,1.5,-1.0,RS41-SG,403.701,10.0,-125,9,2.7,,
2026-09-20T11:16:01.999Z,X3843070,5985,44.26373,7.63312,21690.4,6.1,3.0,156.0,-57.3,1.5,-1.0,RS41-SG,403.701,10.0,-500,9,2.6,,
2026-09-20T11:16:02.999Z,X3843070,5986,44.26371,7.63314,21695.8,4.6,3.8,164.1,-57.2,1.5,-1.0,RS41-SG,403.701,10.1,-500,9,2.6,,
2026-09-20T11:16:03.999Z,X3843070,5987,44.26367,7.63315,21700.7,5.3,3.7,170.9,-57.2,1.5,-1.0,RS41-SG,403.701,10.1,-125,9,2.6,,
2026-09-20T11:16:04.999Z,X3843070,5988,44.26364,7.63315,21706.1,5.3,3.2,183.6,-57.4,1.5,-1.0,RS41-SG,403.701,9.7,-125,9,2.7,,
2026-09-20T11:16:05.999Z,X3843070,5989,44.26362,7.63314,21710.6,4.0,2.7,198.0,-57.4,1.5,-1.0,RS41-SG,403.701,10.0,-125,9,2.7,,
2026-09-20T11:16:06.999Z,X3843070,5990,44.26359,7.63313,21714.9,4.6,2.8,203.6,-57.3,1.5,-1.0,RS41-SG,403.701,10.0,-500,9,2.6,,
2026-09-20T11:16:07.999Z,X3843070,5991,44.26357,7.63312,21720.0,5.4,3.3,196.3,-57.3,1.5,-1.0,RS41-SG,403.701,9.9,-125,9,2.6,,
2026-09-20T11:16:08.999Z,X3843070,5992,44.26354,7.63311,21725.4,5.4,3.6,186.2,-57.3,1.5,-1.0,RS41-SG,403.701,9.9,-500,9,2.6,,
2026-09-20T11:16:09.999Z,X3843070,5993,44.26351,7.63311,21730.3,4.3,3.7,171.1,-57.5,1.5,-1.0,RS41-SG,403.701,9.0,-125,9,2.7,,
2026-09-20T11:16:10.999Z,X3843070,5994,44.26348,7.63312,21734.7,4.6,3.6,148.3,-57.4,1.5,-1.0,RS41-SG,403.701,8.5,-500,9,2.7,,
2026-09-20T11:16:11.999Z,X3843070,5995,44.26345,7.63316,21739.7,5.4,3.8,123.9,-57.4,1.5,-1.0,RS41-SG,403.701,10.1,-125,9,2.6,,
2026-09-20T11:16:12.999Z,X3843070,5996,44.26344,7.63320,21744.6,4.3,3.9,109.8,-57.3,1.5,-1.0,RS41-SG,403.701,10.1,-500,9,2.6,,
2026-09-20T11:16:13.999Z,X3843070,5997,44.26342,7.63325,21749.1,4.7,4.1,107.0,-57.1,1.5,-1.0,RS41-SG,403.701,10.3,-500,9,2.6,,
2026-09-20T11:16:14.999Z,X3843070,5998,44.26341,7.63329,21754.7,6.4,4.2,119.2,-57.0,1.4,-1.0,RS41-SG,403.701,10.3,-125,9,2.7,,
2026-09-20T11:16:15.999Z,X3843070,5999,44.26339,7.63334,21760.1,4.3,4.3,137.0,-56.9,1.4,-1.0,RS41-SG,403.701,10.0,-500,9,2.7,,
2026-09-20T11:16:16.999Z,X3843070,6000,44.26335,7.63336,21764.2,4.0,4.4,159.7,-57.0,1.5,-1.0,RS41-SG,403.701,10.2,-125,9,2.6,,
2026-09-20T11:16:17.999Z,X3843070,6001,44.26332,7.63337,21768.8,5.2,4.4,179.7,-57.1,1.4,-1.0,RS41-SG,403.701,10.2,-500,9,2.6,,
2026-09-20T11:16:18.999Z,X3843070,6002,44.26328,7.63337,21773.9,5.0,4.3,195.4,-57.1,1.5,-1.0,RS41-SG,403.701,10.2,-125,9,2.6,,
2026-09-20T11:16:20.999Z,X3843070,6004,44.26320,7.63332,21783.3,5.2,5.1,207.4,-57.0,1.4,-1.0,RS41-SG,403.701,9.5,-125,9,2.7,,
2026-09-20T11:16:21.999Z,X3843070,6005,44.26316,7.63329,21788.5,5.1,5.7,203.0,-56.8,1.4,-1.0,RS41-SG,403.701,9.7,-500,9,2.6,,
2026-09-20T11:16:22.999Z,X3843070,6006,44.26311,7.63327,21793.5,4.8,5.3,194.7,-56.7,1.4,-1.0,RS41-SG,403.701,9.7,-500,9,2.6,,
2026-09-20T11:16:23.999Z,X3843070,6007,44.26307,7.63326,21798.4,5.0,4.6,181.6,-56.7,1.4,-1.0,RS41-SG,403.701,10.1,-500,9,2.6,,
2026-09-20T11:16:24.999Z,X3843070,6008,44.26303,7.63327,21803.9,5.9,3.6,158.2,-56.7,1.4,-1.0,RS41-SG,403.701,10.1,-500,9,2.7,,
2026-09-20T11:16:25.999Z,X3843070,6009,44.26301,7.63329,21808.7,3.8,3.3,137.6,-56.6,1.4,-1.0,RS41-SG,403.701,9.0,-500,9,2.7,,
2026-09-20T11:16:26.999Z,X3843070,6010,44.26299,7.63332,21812.9,4.4,3.6,123.5,-56.5,1.4,-1.0,RS41-SG,403.701,9.8,-500,9,2.6,,
2026-09-20T11:16:27.999Z,X3843070,6011,44.26297,7.63336,21818.2,6.2,4.1,126.0,-56.4,1.4,-1.0,RS41-SG,403.701,9.8,-500,9,2.6,,
2026-09-20T11:16:28.999Z,X3843070,6012,44.26294,7.63340,21823.4,4.4,4.3,135.6,-56.3,1.4,-1.0,RS41-SG,403.701,9.8,-500,9,2.6,,
2026-09-20T11:16:29.999Z,X3843070,6013,44.26291,7.63343,21827.8,4.5,4.2,148.2,-56.3,1.4,-1.0,RS41-SG,403.701,7.6,-125,9,2.7,,
2026-09-20T11:16:30.999Z,X3843070,6014,44.26288,7.63346,21832.8,5.4,3.5,159.3,-56.3,1.4,-1.0,RS41-SG,403.701,9.1,-500,9,2.7,,
2026-09-20T11:16:31.999Z,X3843070,6015,44.26286,7.63347,21838.0,5.0,2.7,174.6,-56.4,1.4,-1.0,RS41-SG,403.701,9.1,-125,9,2.6,,
2026-09-20T11:16:32.999Z,X3843070,6016,44.26283,7.63346,21842.7,4.1,2.5,200.0,-56.4,1.4,-1.0,RS41-SG,403.701,10.0,-125,9,2.6,,
2026-09-20T11:16:33.999Z,X3843070,6017,44.26281,7.63344,21847.3,5.1,3.0,226.2,-56.4,1.4,-1.0,RS41-SG,403.701,10.0,-500,9,2.6,,
2026-09-20T11:16:34.999Z,X3843070,6018,44.26279,7.63341,21852.4,5.2,3.9,232.2,-56.4,1.3,-1.0,RS41-SG,403.701,9.8,-500,9,2.7,,
2026-09-20T11:16:35.999Z,X3843070,6019,44.26277,7.63337,21857.4,4.9,4.1,235.5,-56.4,1.4,-1.0,RS41-SG,403.701,9.5,-500,9,2.7,,
2026-09-20T11:16:36.999Z,X3843070,6020,44.26275,7.63333,21862.7,5.7,3.4,239.1,-56.3,1.4,-1.0,RS41-SG,403.701,9.8,-125,9,2.6,,
2026-09-20T11:16:37.999Z,X3843070,6021,44.26274,7.63330,21868.5,5.9,2.1,244.1,-56.3,1.4,-1.0,RS41-SG,403.701,9.8,-125,9,2.6,,
2026-09-20T11:16:38.999Z,X3843070,6022,44.26274,7.63328,21873.4,3.9,0.7,242.1,-56.2,1.4,-1.0,RS41-SG,403.701,9.0,-500,9,2.6,,
2026-09-20T11:16:40.999Z,X3843070,6024,44.26273,7.63330,21882.8,5.6,2.2,116.4,-56.2,1.4,-1.0,RS41-SG,403.701,9.3,-500,9,2.7,,
2026-09-20T11:16:41.999Z,X3843070,6025,44.26271,7.63333,21888.1,5.0,3.2,129.0,-56.1,1.4,-1.0,RS41-SG,403.701,9.4,-500,9,2.6,,
2026-09-20T11:16:42.999Z,X3843070,6026,44.26269,7.63336,21892.6,4.0,3.8,131.9,-55.9,1.4,-1.0,RS41-SG,403.701,9.4,-500,9,2.6,,
2026-09-20T11:16:43.999Z,X3843070,6027,44.26267,7.63340,21897.5,5.6,3.9,130.3,-55.9,1.4,-1.0,RS41-SG,403.701,9.7,-500,9,2.6,,
2026-09-20T11:16:44.999Z,X3843070,6028,44.26265,7.63343,21903.1,5.7,3.3,125.5,-55.8,1.4,-1.0,RS41-SG,403.701,9.7,-500,9,2.7,,
2026-09-20T11:16:45.999Z,X3843070,6029,44.26264,7.63346,21908.3,4.8,2.4,124.7,-55.8,1.4,-1.0,RS41-SG,403.701,9.1,-500,9,2.7,,
2026-09-20T11:16:46.999Z,X3843070,6030,44.26262,7.63348,21913.2,5.0,1.6,141.1,-55.8,1.4,-1.0,RS41-SG,403.701,9.1,-500,9,2.6,,
2026-09-20T11:16:47.999Z,X3843070,6031,44.26261,7.63349,21919.0,6.3,1.8,190.2,-55.9,1.4,-1.0,RS41-SG,403.701,9.0,-125,9,2.6,,
2026-09-20T11:16:48.999Z,X3843070,6032,44.26259,7.63348,21924.6,4.9,2.6,210.3,-56.0,1.4,-1.0,RS41-SG,403.701,9.8,-125,9,2.6,,
2026-09-20T11:16:49.999Z,X3843070,6033,44.26257,7.63346,21929.6,4.9,3.1,219.4,-56.1,1.4,-1.0,RS41-SG,403.701,9.8,-125,9,2.7,,
2026-09-20T11:16:50.999Z,X3843070,6034,44.26255,7.63343,21935.0,5.9,2.7,232.1,-56.0,1.4,-1.0,RS41-SG,403.701,9.7,-500,9,2.7,,
2026-09-20T11:16:51.999Z,X3843070,6035,44.26254,7.63341,21940.4,4.8,2.1,242.1,-55.9,1.4,-1.0,RS41-SG,403.701,9.7,-125,9,2.6,,
2026-09-20T11:16:52.999Z,X3843070,6036,44.26254,7.63339,21945.3,4.9,1.4,239.7,-55.9,1.4,-1.0,RS41-SG,403.701,9.6,-125,9,2.6,,
2026-09-20T11:16:53.999Z,X3843070,6037,44.26253,7.63338,21950.9,6.2,1.3,198.4,-55.9,1.4,-1.0,RS41-SG,403.701,10.3,-500,9,2.6,,
2026-09-20T11:16:54.999Z,X3843070,6038,44.26251,7.63338,21956.6,5.2,2.1,169.8,-55.9,1.4,-1.0,RS41-SG,403.701,10.3,-125,9,2.7,,
2026-09-20T11:16:55.999Z,X3843070,6039,44.26249,7.63338,21961.5,4.4,2.8,162.6,-55.9,1.4,-1.0,RS41-SG,403.701,10.0,-125,9,2.7,,
2026-09-20T11:16:56.999Z,X3843070,6040,44.26247,7.63340,21966.2,4.9,2.9,154.5,-56.0,1.4,-1.0,RS41-SG,403.701,9.6,-500,9,2.6,,
2026-09-20T11:16:57.999Z,X3843070,6041,44.26245,7.63341,21971.6,5.9,2.3,145.3,-56.1,1.4,-1.0,RS41-SG,403.701,9.3,-500,9,2.6,,
2026-09-20T11:16:58.999Z,X3843070,6042,44.26243,7.63343,21977.1,5.1,1.6,148.5,-56.0,1.4,-1.0,RS41-SG,403.701,8.6,-500,9,2.6,,
2026-09-20T11:16:59.999Z,X3843070,6043,44.26242,7.63343,21982.5,5.8,1.5,180.7,-55.9,1.4,-1.0,RS41-SG,403.701,8.9,-500,9,2.7,,
2026-09-20T11:17:00.999Z,X3843070,6044,44.26240,7.63342,21988.7,6.4,2.5,210.0,-55.9,1.4,-1.0,RS41-SG,403.701,8.9,-125,9,2.7,,
2026-09-20T11:17:01.999Z,X3843070,6045,44.26238,7.63340,21994.4,5.1,3.8,218.3,-56.0,1.5,-1.0,RS41-SG,403.701,8.3,-125,9,2.6,,
2026-09-20T11:17:02.999Z,X3843070,6046,44.26235,7.63336,21999.0,4.1,4.8,224.3,-56.2,1.4,-1.0,RS41-SG,403.701,8.3,-125,9,2.6,,
2026-09-20T11:17:04.999Z,X3843070,6048,44.26229,7.63327,22009.5,6.5,5.1,235.6,-56.2,1.4,-1.0,RS41-SG,403.701,9.3,-125,9,2.7,,
2026-09-20T11:17:05.999Z,X3843070,6049,44.26227,7.63322,22015.2,4.8,4.5,239.9,-56.1,1.4,-1.0,RS41-SG,403.701,9.3,-125,9,2.7,,
2026-09-20T11:17:06.999Z,X3843070,6050,44.26225,7.63317,22020.1,5.0,4.0,236.3,-56.0,1.4,-1.0,RS41-SG,403.701,9.0,-500,9,2.6,,
2026-09-20T11:17:07.999Z,X3843070,6051,44.26223,7.63313,22025.6,6.3,4.0,224.0,-56.0,1.4,-1.0,RS41-SG,403.701,9.1,-125,9,2.6,,
2026-09-20T11:17:08.999Z,X3843070,6052,44.26220,7.63310,22031.8,5.8,4.7,211.2,-56.1,1.4,-1.0,RS41-SG,403.701,9.1,-125,9,2.6,,
2026-09-20T11:17:09.999Z,X3843070,6053,44.26216,7.63307,22036.7,4.0,5.0,205.7,-56.1,1.4,-1.0,RS41-SG,403.701,9.0,-125,9,2.7,,
2026-09-20T11:17:10.999Z,X3843070,6054,44.26212,7.63304,22041.4,5.3,4.8,205.5,-56.0,1.4,-1.0,RS41-SG,403.701,8.7,-125,9,2.7,,
2026-09-20T11:17:11.999Z,X3843070,6055,44.26208,7.63302,22047.1,6.1,4.0,212.9,-55.9,1.4,-1.0,RS41-SG,403.701,8.9,-500,9,2.6,,
2026-09-20T11:17:12.999Z,X3843070,6056,44.26206,7.63299,22052.6,4.9,3.5,224.3,-55.9,1.4,-1.0,RS41-SG,403.701,8.9,-125,9,2.6,,
2026-09-20T11:17:13.999Z,X3843070,6057,44.26204,7.63296,22057.9,5.7,3.4,233.9,-56.0,1.4,-1.0,RS41-SG,403.701,9.7,-125,9,2.6,,
2026-09-20T11:17:14.999Z,X3843070,6058,44.26202,7.63292,22064.0,6.2,3.9,236.5,-56.0,1.4,-1.0,RS41-SG,403.701,9.7,-500,9,2.7,,
2026-09-20T11:17:15.999Z,X3843070,6059,44.26200,7.63287,22069.4,4.8,4.3,240.2,-55.8,1.4,-1.0,RS41-SG,403.701,10.2,-500,9,2.7,,
2026-09-20T11:17:16.999Z,X3843070,6060,44.26198,7.63282,22074.6,5.5,4.9,248.2,-55.7,1.4,-1.0,RS41-SG,403.701,10.2,-125,9,2.6,,
2026-09-20T11:17:17.999Z,X3843070,6061,44.26197,7.63276,22080.3,5.9,5.1,259.3,-55.7,1.4,-1.0,RS41-SG,403.701,10.1,-125,9,2.6,,
2026-09-20T11:17:18.999Z,X3843070,6062,44.26196,7.63270,22085.6,4.8,5.2,263.7,-55.6,1.4,-1.0,RS41-SG,403.701,10.1,-125,9,2.6,,
2026-09-20T11:17:19.999Z,X3843070,6063,44.26196,7.63263,22090.9,5.8,5.2,260.9,-55.7,1.4,-1.0,RS41-SG,403.701,9.5,-125,9,2.7,,
2026-09-20T11:17:20.999Z,X3843070,6064,44.26194,7.63257,22096.8,5.9,5.4,247.6,-55.8,1.4,-1.0,RS41-SG,403.701,9.6,-125,9,2.7,,
2026-09-20T11:17:21.999Z,X3843070,6065,44.26192,7.63251,22102.0,4.5,5.7,236.5,-55.8,1.4,-1.0,RS41-SG,403.701,9.6,-125,9,2.6,,
2026-09-20T11:17:22.999Z,X3843070,6066,44.26189,7.63245,22106.3,4.1,5.8,229.9,-55.7,1.4,-1.0,RS41-SG,403.701,9.6,-125,9,2.6,,
2026-09-20T11:17:23.999Z,X3843070,6067,44.26186,7.63240,22111.2,5.6,5.4,226.0,-55.7,1.4,-1.0,RS41-SG,403.701,10.7,-125,9,2.6,,
2026-09-20T11:17:24.999Z,X3843070,6068,44.26183,7.63235,22116.7,5.6,4.6,227.8,-55.8,1.4,-1.0,RS41-SG,403.701,10.7,-125,9,2.7,,
2026-09-20T11:17:25.999Z,X3843070,6069,44.26180,7.63231,22121.8,4.7,4.1,231.5,-56.0,1.4,-1.0,RS41-SG,403.701,10.6,-125,9,2.7,,
2026-09-20T11:17:26.999Z,X3843070,6070,44.26178,7.63227,22127.1,5.9,4.1,236.7,-55.9,1.4,-1.0,RS41-SG,403.701,10.6,-125,9,2.6,,
2026-09-20T11:17:27.999Z,X3843070,6071,44.26176,7.63223,22133.2,6.1,4.7,237.9,-55.9,1.4,-1.0,RS41-SG,403.701,10.5,-125,9,2.6,,
2026-09-20T11:17:28.999Z,X3843070,6072,44.26173,7.63217,22138.6,4.6,5.2,239.5,-56.0,1.4,-1.0,RS41-SG,403.701,10.5,-125,9,2.6,,
2026-09-20T11:17:29.999Z,X3843070,6073,44.26171,7.63211,22143.6,5.5,5.4,244.1,-56.1,1.5,-1.0,RS41-SG,403.701,10.2,-125,9,2.7,,
2026-09-20T11:17:31.999Z,X3843070,6075,44.26168,7.63199,22154.6,4.7,5.2,259.8,-56.1,1.5,-1.0,RS41-SG,403.701,10.3,-125,9,2.6,,
2026-09-20T11:17:32.999Z,X3843070,6076,44.26168,7.63193,22159.6,5.2,5.2,259.3,-56.1,1.5,-1.0,RS41-SG,403.701,10.3,-125,9,2.6,,
2026-09-20T11:17:33.999Z,X3843070,6077,44.26166,7.63186,22165.2,6.0,5.6,251.4,-56.2,1.5,-1.0,RS41-SG,403.701,10.4,-125,9,2.6,,
2026-09-20T11:17:34.999Z,X3843070,6078,44.26164,7.63179,22170.6,4.8,6.4,243.1,-56.3,1.5,-1.0,RS41-SG,403.701,10.4,-125,9,2.7,,
2026-09-20T11:17:35.999Z,X3843070,6079,44.26161,7.63172,22175.0,4.2,6.9,239.6,-56.4,1.5,-1.0,RS41-SG,403.701,10.3,-125,9,2.7,,
2026-09-20T11:17:36.999Z,X3843070,6080,44.26158,7.63164,22179.8,5.4,6.9,241.0,-56.3,1.5,-1.0,RS41-SG,403.701,9.9,-125,9,2.6,,
2026-09-20T11:17:37.999Z,X3843070,6081,44.26156,7.63157,22185.5,6.1,6.5,246.5,-56.4,1.5,-1.0,RS41-SG,403.701,10.1,-125,9,2.6,,
2026-09-20T11:17:38.999Z,X3843070,6082,44.26153,7.63150,22190.8,4.5,5.8,249.7,-56.5,1.5,-1.0,RS41-SG,403.701,10.1,-125,9,2.6,,
2026-09-20T11:17:39.999Z,X3843070,6083,44.26152,7.63143,22195.6,5.2,5.3,248.9,-56.5,1.5,-1.0,RS41-SG,403.701,9.8,-125,9,2.7,,
2026-09-20T11:17:40.999Z,X3843070,6084,44.26150,7.63137,22201.4,6.4,4.8,243.3,-56.5,1.4,-1.0,RS41-SG,403.701,10.3,-125,9,2.7,,
2026-09-20T11:17:41.999Z,X3843070,6085,44.26148,7.63132,22207.3,5.4,4.6,237.3,-56.6,1.5,-1.0,RS41-SG,403.701,10.3,-125,9,2.6,,
2026-09-20T11:17:42.999Z,X3843070,6086,44.26146,7.63128,22212.6,5.1,4.3,232.9,-56.7,1.5,-1.0,RS41-SG,403.701,10.0,-500,9,2.6,,
2026-09-20T11:17:43.999Z,X3843070,6087,44.26144,7.63124,22218.2,6.0,3.5,240.9,-56.6,1.5,-1.0,RS41-SG,403.701,10.0,-500,9,2.6,,
2026-09-20T11:17:44.999Z,X3843070,6088,44.26143,7.63120,22224.0,5.6,3.0,257.0,-56.7,1.4,-1.0,RS41-SG,403.701,10.5,-500,9,2.7,,
2026-09-20T11:17:45.999Z,X3843070,6089,44.26142,7.63116,22229.2,4.8,3.0,267.5,-56.6,1.4,-1.0,RS41-SG,403.701,10.5,-125,9,2.7,,
2026-09-20T11:17:46.999Z,X3843070,6090,44.26142,7.63113,22234.5,5.7,2.9,261.8,-56.5,1.4,-1.0,RS41-SG,403.701,9.9,-125,9,2.6,,
2026-09-20T11:17:47.999Z,X3843070,6091,44.26141,7.63109,22240.5,6.3,3.1,246.1,-56.5,1.4,-1.0,RS41-SG,403.701,9.8,-500,9,2.6,,
2026-09-20T11:17:48.999Z,X3843070,6092,44.26140,7.63106,22245.9,4.7,3.4,234.7,-56.5,1.4,-1.0,RS41-SG,403.701,9.6,-125,9,2.6,,
2026-09-20T11:17:49.999Z,X3843070,6093,44.26138,7.63102,22250.7,4.9,3.7,231.6,-56.5,1.4,-1.0,RS41-SG,403.701,9.6,-125,9,2.7,,
2026-09-20T11:17:50.999Z,X3843070,6094,44.26136,7.63098,22256.2,5.9,3.6,237.5,-56.5,1.4,-1.0,RS41-SG,403.701,10.3,-125,9,2.7,,
2026-09-20T11:17:51.999Z,X3843070,6095,44.26134,7.63095,22261.5,4.7,3.2,244.9,-56.6,1.5,-1.0,RS41-SG,403.701,10.3,-125,9,2.6,,
2026-09-20T11:17:52.999Z,X3843070,6096,44.26133,7.63091,22266.6,5.4,2.8,243.9,-56.5,1.4,-1.0,RS41-SG,403.701,9.2,-125,9,2.6,,
2026-09-20T11:17:53.999Z,X3843070,6097,44.26132,7.63089,22272.4,6.3,2.4,228.3,-56.6,1.5,-1.0,RS41-SG,403.701,9.2,-500,9,2.6,,
2026-09-20T11:17:54.999Z,X3843070,6098,44.26130,7.63087,22278.0,4.9,2.7,212.7,-56.7,1.5,-1.0,RS41-SG,403.701,9.3,-125,9,2.7,,
2026-09-20T11:17:55.999Z,X3843070,6099,44.26128,7.63085,22282.7,4.5,2.8,205.7,-56.6,1.5,-1.0,RS41-SG,403.701,9.7,-125,9,2.7,,
2026-09-20T11:17:56.999Z,X3843070,6100,44.26126,7.63083,22287.6,5.5,2.4,212.9,-56.7,1.5,-1.0,RS41-SG,403.701,9.7,-125,9,2.6,,
2026-09-20T11:17:57.999Z,X3843070,6101,44.26125,7.63082,22293.3,5.8,1.8,233.8,-56.8,1.5,-1.0,RS41-SG,403.701,9.9,-125,9,2.6,,
2026-09-20T11:17:58.999Z,X3843070,6102,44.26124,7.63080,22298.6,5.0,1.9,252.5,-56.7,1.5,-1.0,RS41-SG,403.701,9.9,-125,9,2.6,,
2026-09-20T11:17:59.999Z,X3843070,6103,44.26123,7.63077,22304.2,6.1,2.3,253.7,-56.8,1.5,-1.0,RS41-SG,403.701,10.6,-125,9,2.7,,
2026-09-20T11:18:00.999Z,X3843070,6104,44.26122,7.63074,22310.1,5.8,2.7,238.0,-56.9,1.5,-1.0,RS41-SG,403.701,10.6,-125,9,2.7,,
2026-09-20T11:18:01.999Z,X3843070,6105,44.26121,7.63072,22315.1,4.1,3.0,225.7,-56.8,1.5,-1.0,RS41-SG,403.701,10.1,-125,9,2.6,,
2026-09-20T11:18:02.999Z,X3843070,6106,44.26119,7.63069,22319.9,5.5,2.9,214.8,-56.9,1.5,-1.0,RS41-SG,403.701,9.8,-125,9,2.6,,
2026-09-20T11:18:03.999Z,X3843070,6107,44.26117,7.63068,22325.6,5.9,2.2,200.7,-57.0,1.5,-1.0,RS41-SG,403.701,9.6,-500,9,2.6,,
2026-09-20T11:18:04.999Z,X3843070,6108,44.26115,7.63067,22330.7,4.4,1.6,178.1,-56.9,1.5,-1.0,RS41-SG,403.701,9.6,-500,9,2.7,,
2026-09-20T11:18:05.999Z,X3843070,6109,44.26114,7.63068,22335.5,5.0,2.0,155.0,-57.1,1.5,-1.0,RS41-SG,403.701,9.7,-125,9,2.7,,
2026-09-20T11:18:06.999Z,X3843070,6110,44.26112,7.63069,22340.7,5.5,2.8,153.2,-57.1,1.5,-1.0,RS41-SG,403.701,10.1,-500,9,2.6,,
2026-09-20T11:18:07.999Z,X3843070,6111,44.26109,7.63070,22345.9,4.8,3.2,165.5,-57.0,1.5,-1.0,RS41-SG,403.701,10.3,-125,9,2.6,,
2026-09-20T11:18:08.999Z,X3843070,6112,44.26106,7.63071,22350.8,5.0,2.9,182.2,-57.2,1.5,-1.0,RS41-SG,403.701,10.3,-125,9,2.6,,
2026-09-20T11:18:09.999Z,X3843070,6113,44.26104,7.63070,22356.3,6.0,2.4,215.1,-57.2,1.5,-1.0,RS41-SG,403.701,10.9,-125,9,2.7,,
2026-09-20T11:18:10.999Z,X3843070,6114,44.26103,7.63067,22361.8,5.2,2.7,252.4,-57.1,1.5,-1.0,RS41-SG,403.701,10.9,-500,9,2.7,,
2026-09-20T11:18:11.999Z,X3843070,6115,44.26103,7.63063,22366.6,4.2,3.7,272.7,-57.3,1.5,-1.0,RS41-SG,403.701,10.0,-125,9,2.6,,
2026-09-20T11:18:12.999Z,X3843070,6116,44.26103,7.63058,22371.2,5.0,4.7,277.8,-57.2,1.5,-1.0,RS41-SG,403.701,9.7,-125,9,2.6,,
2026-09-20T11:18:13.999Z,X3843070,6117,44.26103,7.63052,22376.7,6.1,5.2,270.4,-57.2,1.5,-1.0,RS41-SG,403.701,10.1,-125,9,2.6,,
2026-09-20T11:18:14.999Z,X3843070,6118,44.26103,7.63046,22382.0,4.5,5.1,265.1,-57.2,1.5,-1.0,RS41-SG,403.701,10.1,-125,9,2.7,,
2026-09-20T11:18:15.999Z,X3843070,6119,44.26103,7.63040,22386.9,5.3,4.7,261.9,-57.2,1.5,-1.0,RS41-SG,403.701,8.0,-125,9,2.7,,
2026-09-20T11:18:16.999Z,X3843070,6120,44.26102,7.63034,22392.6,6.1,3.9,265.3,-57.1,1.4,-1.0,RS41-SG,403.701,8.7,-125,9,2.6,,
2026-09-20T11:18:17.999Z,X3843070,6121,44.26102,7.63030,22397.7,3.9,3.3,266.8,-57.0,1.5,-1.0,RS41-SG,403.701,9.6,-125,9,2.6,,
2026-09-20T11:18:18.999Z,X3843070,6122,44.26102,7.63026,22402.1,5.0,3.1,266.1,-57.1,1.5,-1.0,RS41-SG,403.701,9.6,-125,9,2.6,,
2026-09-20T11:18:19.999Z,X3843070,6123,44.26101,7.63022,22407.5,5.9,3.4,255.5,-57.1,1.5,-1.0,RS41-SG,403.701,8.9,-500,9,2.7,,
2026-09-20T11:18:20.999Z,X3843070,6124,44.26100,7.63017,22412.7,4.6,4.1,248.8,-57.0,1.5,-1.0,RS41-SG,403.701,8.1,-125,9,2.7,,
2026-09-20T11:18:21.999Z,X3843070,6125,44.26099,7.63012,22417.4,4.6,4.7,253.3,-57.0,1.5,-1.0,RS41-SG,403.701,8.2,-125,9,2.6,,
2026-09-20T11:18:22.999Z,X3843070,6126,44.26098,7.63006,22422.6,5.9,5.0,262.2,-57.2,1.5,-1.0,RS41-SG,403.701,8.2,-500,9,2.6,,
2026-09-20T11:18:23.999Z,X3843070,6127,44.26098,7.63000,22428.1,5.2,5.1,271.3,-57.2,1.5,-1.0,RS41-SG,403.701,8.1,-500,9,2.6,,
2026-09-20T11:18:24.999Z,X3843070,6128,44.26098,7.62994,22433.0,4.6,5.2,276.4,-57.3,1.5,-1.0,RS41-SG,403.701,7.9,-500,9,2.7,,
2026-09-20T11:18:25.999Z,X3843070,6129,44.26099,7.62987,22438.1,5.6,5.6,275.0,-57.3,1.5,-1.0,RS41-SG,403.701,9.1,-125,9,2.7,,
2026-09-20T11:18:26.999Z,X3843070,6130,44.26099,7.62980,22443.6,5.4,5.9,267.6,-57.2,1.4,-1.0,RS41-SG,403.701,9.8,-125,9,2.6,,
2026-09-20T11:18:27.999Z,X3843070,6131,44.26098,7.62972,22448.4,4.1,6.1,263.1,-56.9,1.4,-1.0,RS41-SG,403.701,9.8,-125,9,2.6,,
2026-09-20T11:18:28.999Z,X3843070,6132,44.26098,7.62965,22452.9,5.1,5.9,264.3,-56.8,1.4,-1.0,RS41-SG,403.701,10.5,-125,9,2.6,,
2026-09-20T11:18:29.999Z,X3843070,6133,44.26097,7.62958,22458.2,5.5,5.6,270.4,-56.7,1.4,-1.0,RS41-SG,403.701,10.5,-125,9,2.7,,
2026-09-20T11:18:30.999Z,X3843070,6134,44.26098,7.62951,22463.4,4.8,5.7,276.4,-56.8,1.4,-1.0,RS41-SG,403.701,9.8,-125,9,2.7,,
2026-09-20T11:18:31.999Z,X3843070,6135,44.26098,7.62943,22468.3,5.0,6.0,276.3,-56.9,1.5,-1.0,RS41-SG,403.701,9.8,-500,9,2.6,,
2026-09-20T11:18:32.999Z,X3843070,6136,44.26099,7.62936,22473.5,5.4,6.5,269.7,-56.9,1.5,-1.0,RS41-SG,403.701,9.2,-125,9,2.6,,
2026-09-20T11:18:33.999Z,X3843070,6137,44.26098,7.62927,22478.8,5.3,7.0,262.3,-57.0,1.5,-1.0,RS41-SG,403.701,9.5,-125,9,2.6,,
2026-09-20T11:18:34.999Z,X3843070,6138,44.26097,7.62918,22483.6,4.3,7.3,261.1,-57.0,1.5,-1.0,RS41-SG,403.701,9.5,-500,9,2.7,,
2026-09-20T11:18:35.999Z,X3843070,6139,44.26096,7.62909,22488.1,4.9,7.1,264.7,-57.0,1.5,-1.0,RS41-SG,403.701,9.3,-500,9,2.7,,
2026-09-20T11:18:36.999Z,X3843070,6140,44.26096,7.62901,22493.6,6.0,6.3,272.3,-56.9,1.5,-1.0,RS41-SG,403.701,9.8,-500,9,2.6,,
2026-09-20T11:18:37.999Z,X3843070,6141,44.26097,7.62894,22498.8,4.3,5.5,280.9,-56.8,1.5,-1.0,RS41-SG,403.701,9.8,-125,9,2.6,,
2026-09-20T11:18:38.999Z,X3843070,6142,44.26098,7.62888,22502.9,3.9,4.5,290.0,-56.8,1.5,-1.0,RS41-SG,403.701,9.5,-500,9,2.6,,
2026-09-20T11:18:39.999Z,X3843070,6143,44.26099,7.62883,22507.8,5.8,3.4,291.7,-57.0,1.5,-1.0,RS41-SG,403.701,9.2,-125,9,2.7,,
2026-09-20T11:18:40.999Z,X3843070,6144,44.26100,7.62880,22513.0,4.8,2.7,284.0,-57.2,1.5,-1.0,RS41-SG,403.701,9.4,-500,9,2.7,,
2026-09-20T11:18:41.999Z,X3843070,6145,44.26100,7.62877,22517.9,4.8,2.0,269.4,-57.2,1.5,-1.0,RS41-SG,403.701,9.8,-125,9,2.6,,
2026-09-20T11:18:42.999Z,X3843070,6146,44.26100,7.62875,22523.3,5.8,1.3,272.3,-57.0,1.4,-1.0,RS41-SG,403.701,9.8,-125,9,2.6,,
2026-09-20T11:18:43.999Z,X3843070,6147,44.26101,7.62873,22528.2,4.0,1.1,297.3,-56.8,1.4,-1.0,RS41-SG,403.701,9.6,-125,9,2.6,,
2026-09-20T11:18:44.999Z,X3843070,6148,44.26101,7.62872,22532.3,4.3,1.5,303.7,-56.7,1.4,-1.0,RS41-SG,403.701,9.8,-125,9,2.7,,
2026-09-20T11:18:45.999Z,X3843070,6149,44.26102,7.62870,22537.3,5.7,2.1,282.7,-56.7,1.4,-1.0,RS41-SG,403.701,10.0,-125,9,2.7,,
2026-09-20T11:18:46.999Z,X3843070,6150,44.26102,7.62867,22542.8,5.3,3.0,270.2,-56.8,1.4,-1.0,RS41-SG,403.701,10.6,-125,9,2.6,,
2026-09-20T11:18:47.999Z,X3843070,6151,44.26102,7.62862,22547.8,4.7,3.8,266.9,-56.8,1.4,-1.0,RS41-SG,403.701,10.6,-125,9,2.6,,
2026-09-20T11:18:48.999Z,X3843070,6152,44.26102,7.62858,22552.6,5.1,3.9,272.6,-56.8,1.4,-1.0,RS41-SG,403.701,10.4,-125,9,2.6,,
2026-09-20T11:18:49.999Z,X3843070,6153,44.26103,7.62853,22557.9,5.4,3.7,287.5,-56.7,1.4,-1.0,RS41-SG,403.701,10.0,-500,9,2.7,,
2026-09-20T11:18:50.999Z,X3843070,6154,44.26104,7.62849,22562.8,4.5,3.6,297.8,-56.6,1.4,-1.0,RS41-SG,403.701,9.7,-500,9,2.7,,
2026-09-20T11:18:51.999Z,X3843070,6155,44.26105,7.62845,22567.5,4.8,3.2,299.9,-56.6,1.4,-1.0,RS41-SG,403.701,9.7,-500,9,2.6,,
2026-09-20T11:18:52.999Z,X3843070,6156,44.26106,7.62842,22572.9,5.9,2.8,291.7,-56.7,1.4,-1.0,RS41-SG,403.701,10.0,-125,9,2.6,,
2026-09-20T11:18:53.999Z,X3843070,6157,44.26107,7.62838,22578.0,4.3,2.6,278.4,-56.8,1.5,-1.0,RS41-SG,403.701,10.0,-500,9,2.6,,
2026-09-20T11:18:54.999Z,X3843070,6158,44.26107,7.62836,22582.4,4.7,2.0,269.1,-56.8,1.4,-1.0,RS41-SG,403.701,9.9,-125,9,2.7,,
2026-09-20T11:18:55.999Z,X3843070,6159,44.26107,7.62833,22587.7,5.9,1.2,267.1,-56.8,1.5,-1.0,RS41-SG,403.701,9.9,-500,9,2.7,,
2026-09-20T11:18:56.999Z,X3843070,6160,44.26107,7.62832,22592.5,3.8,0.6,280.8,-56.7,1.5,-1.0,RS41-SG,403.701,9.6,-500,9,2.6,,
2026-09-20T11:18:57.999Z,X3843070,6161,44.26107,7.62832,22596.9,4.9,0.5,256.8,-56.6,1.5,-1.0,RS41-SG,403.701,10.1,-500,9,2.6,,
2026-09-20T11:18:58.999Z,X3843070,6162,44.26107,7.62831,22602.3,6.0,1.2,233.7,-56.6,1.5,-1.0,RS41-SG,403.701,10.1,-125,9,2.6,,
2026-09-20T11:19:00.999Z,X3843070,6164,44.26105,7.62827,22612.1,4.3,2.7,236.6,-56.6,1.5,-1.0,RS41-SG,403.701,8.1,-500,9,2.7,,
2026-09-20T11:19:01.999Z,X3843070,6165,44.26104,7.62824,22616.5,4.6,2.6,243.0,-56.6,1.5,-1.0,RS41-SG,403.701,9.3,-125,9,2.6,,
2026-09-20T11:19:02.999Z,X3843070,6166,44.26103,7.62821,22621.6,5.7,1.8,256.7,-56.6,1.4,-1.0,RS41-SG,403.701,9.3,-125,9,2.6,,
2026-09-20T11:19:03.999Z,X3843070,6167,44.26103,7.62819,22626.5,4.1,1.2,282.4,-56.7,1.4,-1.0,RS41-SG,403.701,9.9,-500,9,2.6,,
2026-09-20T11:19:04.999Z,X3843070,6168,44.26103,7.62818,22630.6,3.9,0.8,301.5,-56.7,1.5,-1.0,RS41-SG,403.701,10.2,-125,9,2.7,,
2026-09-20T11:19:05.999Z,X3843070,6169,44.26103,7.62818,22635.2,5.3,0.6,244.5,-56.7,1.4,-1.0,RS41-SG,403.701,10.2,-125,9,2.7,,
2026-09-20T11:19:06.999Z,X3843070,6170,44.26103,7.62817,22640.2,4.8,1.3,207.1,-56.7,1.4,-1.0,RS41-SG,403.701,9.9,-125,9,2.6,,
2026-09-20T11:19:07.999Z,X3843070,6171,44.26101,7.62816,22644.5,3.6,2.0,195.1,-56.8,1.4,-1.0,RS41-SG,403.701,10.0,-500,9,2.6,,
2026-09-20T11:19:08.999Z,X3843070,6172,44.26099,7.62816,22648.6,4.6,2.4,181.4,-56.8,1.5,-1.0,RS41-SG,403.701,10.0,-500,9,2.6,,
2026-09-20T11:19:09.999Z,X3843070,6173,44.26097,7.62816,22653.5,5.2,2.3,163.7,-56.9,1.4,-1.0,RS41-SG,403.701,9.9,-125,9,2.7,,
2026-09-20T11:19:10.999Z,X3843070,6174,44.26095,7.62817,22658.2,4.1,2.1,149.8,-56.9,1.5,-1.0,RS41-SG,403.701,10.5,-500,9,2.7,,
2026-09-20T11:19:11.999Z,X3843070,6175,44.26094,7.62818,22662.4,4.5,2.2,153.1,-56.9,1.5,-1.0,RS41-SG,403.701,10.5,-500,9,2.6,,
2026-09-20T11:19:12.999Z,X3843070,6176,44.26092,7.62819,22667.2,5.2,2.4,172.5,-57.0,1.5,-1.0,RS41-SG,403.701,9.8,-125,9,2.6,,
2026-09-20T11:19:13.999Z,X3843070,6177,44.26089,7.62819,22672.2,4.9,3.0,192.0,-57.1,1.5,-1.0,RS41-SG,403.701,10.5,-125,9,2.6,,
2026-09-20T11:19:14.999Z,X3843070,6178,44.26087,7.62818,22676.6,3.9,3.3,201.5,-57.2,1.5,-1.0,RS41-SG,403.701,10.5,-500,9,2.7,,
2026-09-20T11:19:15.999Z,X3843070,6179,44.26084,7.62816,22680.9,4.7,3.1,203.8,-57.2,1.5,-1.0,RS41-SG,403.701,10.6,-125,9,2.7,,
2026-09-20T11:19:16.999Z,X3843070,6180,44.26082,7.62815,22685.9,5.2,2.4,197.7,-57.2,1.5,-1.0,RS41-SG,403.701,10.6,-125,9,2.6,,
2026-09-20T11:19:17.999Z,X3843070,6181,44.26080,7.62815,22690.4,3.9,1.7,187.9,-57.2,1.5,-1.0,RS41-SG,403.701,10.1,-125,9,2.6,,
2026-09-20T11:19:18.999Z,X3843070,6182,44.26078,7.62814,22694.9,5.1,1.5,180.8,-57.3,1.5,-1.0,RS41-SG,403.701,9.5,-500,9,2.6,,
2026-09-20T11:19:19.999Z,X3843070,6183,44.26077,7.62814,22700.3,5.7,1.6,197.4,-57.4,1.5,-1.0,RS41-SG,403.701,10.5,-125,9,2.7,,
2026-09-20T11:19:20.999Z,X3843070,6184,44.26076,7.62813,22705.2,4.0,2.0,204.5,-57.4,1.5,-1.0,RS41-SG,403.701,10.5,-125,9,2.7,,
2026-09-20T11:19:21.999Z,X3843070,6185,44.26074,7.62812,22709.6,4.8,2.1,196.1,-57.3,1.5,-1.0,RS41-SG,403.701,9.3,-125,9,2.6,,
2026-09-20T11:19:22.999Z,X3843070,6186,44.26072,7.62812,22714.6,5.4,2.1,171.5,-57.3,1.5,-1.0,RS41-SG,403.701,9.3,-500,9,2.6,,
2026-09-20T11:19:23.999Z,X3843070,6187,44.26070,7.62813,22719.2,3.8,2.5,155.3,-57.2,1.5,-1.0,RS41-SG,403.701,9.8,-500,9,2.6,,
2026-09-20T11:19:24.999Z,X3843070,6188,44.26068,7.62815,22723.5,4.8,3.1,157.2,-57.3,1.6,-1.0,RS41-SG,403.701,10.0,-500,9,2.7,,
2026-09-20T11:19:25.999Z,X3843070,6189,44.26065,7.62816,22728.6,5.4,3.5,171.4,-57.3,1.5,-1.0,RS41-SG,403.701,10.0,-500,9,2.7,,
2026-09-20T11:19:26.999Z,X3843070,6190,44.26062,7.62816,22733.3,4.1,3.8,184.0,-57.3,1.5,-1.0,RS41-SG,403.701,10.6,-125,9,2.6,,
2026-09-20T11:19:27.999Z,X3843070,6191,44.26058,7.62815,22737.5,4.3,3.9,190.0,-57.1,1.5,-1.0,RS41-SG,403.701,10.6,-125,9,2.6,,
2026-09-20T11:19:28.999Z,X3843070,6192,44.26055,7.62814,22742.3,5.4,3.5,188.2,-57.0,1.4,-1.0,RS41-SG,403.701,10.1,-125,9,2.6,,
2026-09-20T11:19:29.999Z,X3843070,6193,44.26052,7.62814,22747.2,4.5,2.8,182.0,-56.9,1.4,-1.0,RS41-SG,403.701,10.6,-500,9,2.7,,
2026-09-20T11:19:30.999Z,X3843070,6194,44.26050,7.62814,22751.5,4.2,2.2,180.9,-56.8,1.4,-1.0,RS41-SG,403.701,10.6,-500,9,2.7,,
2026-09-20T11:19:31.999Z,X3843070,6195,44.26048,7.62813,22756.3,5.3,1.7,201.8,-56.7,1.4,-1.0,RS41-SG,403.701,11.3,-125,9,2.6,,
2026-09-20T11:19:32.999Z,X3843070,6196,44.26047,7.62812,22761.4,5.0,2.0,229.8,-56.7,1.4,-1.0,RS41-SG,403.701,11.3,-125,9,2.6,,
2026-09-20T11:19:33.999Z,X3843070,6197,44.26046,7.62810,22766.0,4.2,2.3,242.5,-56.6,1.4,-1.0,RS41-SG,403.701,11.3,-125,9,2.6,,
2026-09-20T11:19:34.999Z,X3843070,6198,44.26045,7.62808,22770.3,4.4,1.9,246.1,-56.6,1.4,-1.0,RS41-SG,403.701,9.4,-500,9,2.7,,
2026-09-20T11:19:35.999Z,X3843070,6199,44.26045,7.62806,22774.9,4.8,0.9,233.7,-56.7,1.4,-1.0,RS41-SG,403.701,9.4,-500,9,2.7,,
2026-09-20T11:19:36.999Z,X3843070,6200,44.26044,7.62806,22779.9,5.1,0.9,149.9,-56.8,1.5,-1.0,RS41-SG,403.701,10.4,-500,9,2.6,,
2026-09-20T11:19:37.999Z,X3843070,6201,44.26043,7.62807,22784.3,3.8,2.0,141.0,-56.7,1.4,-1.0,RS41-SG,403.701,10.4,-125,9,2.6,,
2026-09-20T11:19:38.999Z,X3843070,6202,44.26041,7.62809,22788.2,4.1,3.3,153.3,-56.7,1.4,-1.0,RS41-SG,403.701,10.2,-500,9,2.6,,
2026-09-20T11:19:39.999Z,X3843070,6203,44.26037,7.62810,22792.9,5.4,4.9,167.2,-56.7,1.4,-1.0,RS41-SG,403.701,10.1,-500,9,2.7,,
2026-09-20T11:19:40.999Z,X3843070,6204,44.26032,7.62811,22797.7,4.0,6.3,174.8,-56.7,1.4,-1.0,RS41-SG,403.701,9.9,-125,9,2.7,,
2026-09-20T11:19:41.999Z,X3843070,6205,44.26027,7.62812,22801.3,3.2,6.8,179.3,-56.7,1.5,-1.0,RS41-SG,403.701,10.6,-500,9,2.6,,
2026-09-20T11:19:42.999Z,X3843070,6206,44.26021,7.62812,22805.2,4.8,6.3,181.3,-56.7,1.5,-1.0,RS41-SG,403.701,10.6,-125,9,2.6,,
2026-09-20T11:19:43.999Z,X3843070,6207,44.26016,7.62811,22810.5,5.7,4.7,179.7,-56.7,1.5,-1.0,RS41-SG,403.701,10.3,-500,9,2.6,,
2026-09-20T11:19:44.999Z,X3843070,6208,44.26012,7.62812,22815.3,4.1,3.1,177.7,-56.7,1.4,-1.0,RS41-SG,403.701,10.5,-500,9,2.7,,
2026-09-20T11:19:45.999Z,X3843070,6209,44.26010,7.62812,22819.8,4.8,1.8,180.9,-56.7,1.4,-1.0,RS41-SG,403.701,10.5,-500,9,2.7,,
2026-09-20T11:19:46.999Z,X3843070,6210,44.26009,7.62811,22824.9,5.4,1.2,195.3,-56.7,1.4,-1.0,RS41-SG,403.701,10.4,-500,9,2.6,,
2026-09-20T11:19:47.999Z,X3843070,6211,44.26008,7.62811,22829.6,4.0,1.2,199.9,-56.7,1.4,-1.0,RS41-SG,403.701,10.3,-500,9,2.6,,
2026-09-20T11:19:48.999Z,X3843070,6212,44.26007,7.62811,22833.8,4.4,1.0,188.2,-56.8,1.4,-1.0,RS41-SG,403.701,10.0,-125,9,2.6,,
2026-09-20T11:19:49.999Z,X3843070,6213,44.26006,7.62811,22838.7,5.3,0.8,143.4,-56.9,1.4,-1.0,RS41-SG,403.701,9.9,-500,9,2.7,,
2026-09-20T11:19:50.999Z,X3843070,6214,44.26005,7.62812,22843.4,4.2,1.3,128.5,-56.9,1.4,-1.0,RS41-SG,403.701,9.7,-500,9,2.7,,
2026-09-20T11:19:51.999Z,X3843070,6215,44.26004,7.62813,22848.3,5.3,2.5,146.8,-56.8,1.4,-1.0,RS41-SG,403.701,9.7,-500,9,2.6,,
2026-09-20T11:19:52.999Z,X3843070,6216,44.26001,7.62815,22853.5,5.3,4.2,161.7,-56.7,1.4,-1.0,RS41-SG,403.701,9.9,-500,9,2.6,,
2026-09-20T11:19:53.999Z,X3843070,6217,44.25997,7.62816,22857.8,3.1,5.4,170.0,-56.4,1.4,-1.0,RS41-SG,403.701,10.1,-125,9,2.6,,
2026-09-20T11:19:54.999Z,X3843070,6218,44.25992,7.62817,22861.2,3.8,6.2,177.7,-56.3,1.4,-1.0,RS41-SG,403.701,10.1,-125,9,2.7,,
2026-09-20T11:19:55.999Z,X3843070,6219,44.25987,7.62817,22865.6,4.9,5.8,183.6,-56.2,1.4,-1.0,RS41-SG,403.701,9.8,-125,9,2.7,,
2026-09-20T11:19:56.999Z,X3843070,6220,44.25982,7.62816,22870.4,4.7,4.8,190.4,-56.2,1.4,-1.0,RS41-SG,403.701,9.8,-125,9,2.6,,
2026-09-20T11:19:57.999Z,X3843070,6221,44.25978,7.62815,22874.6,3.7,4.0,201.6,-56.3,1.4,-1.0,RS41-SG,403.701,9.1,-125,9,2.6,,
2026-09-20T11:19:58.999Z,X3843070,6222,44.25975,7.62812,22878.4,3.9,3.6,217.5,-56.4,1.4,-1.0,RS41-SG,403.701,9.5,-125,9,2.6,,
2026-09-20T11:19:59.999Z,X3843070,6223,44.25973,7.62809,22882.9,5.3,4.0,230.8,-56.4,1.4,-1.0,RS41-SG,403.701,9.6,-125,9,2.7,,
2026-09-20T11:20:00.999Z,X3843070,6224,44.25971,7.62805,22887.7,4.3,4.2,232.4,-56.3,1.4,-1.0,RS41-SG,403.701,9.6,-125,9,2.7,,
2026-09-20T11:20:01.999Z,X3843070,6225,44.25968,7.62801,22891.7,3.8,3.8,230.0,-56.2,1.4,-1.0,RS41-SG,403.701,9.3,-500,9,2.6,,
2026-09-20T11:20:02.999Z,X3843070,6226,44.25966,7.62798,22896.1,4.9,2.7,224.9,-56.1,1.4,-1.0,RS41-SG,403.701,9.8,-500,9,2.6,,
2026-09-20T11:20:03.999Z,X3843070,6227,44.25965,7.62797,22901.1,5.0,1.5,207.4,-56.0,1.3,-1.0,RS41-SG,403.701,9.8,-500,9,2.6,,
2026-09-20T11:20:04.999Z,X3843070,6228,44.25964,7.62796,22905.7,4.2,1.2,161.4,-56.1,1.4,-1.0,RS41-SG,403.701,10.0,-500,9,2.7,,
2026-09-20T11:20:05.999Z,X3843070,6229,44.25962,7.62797,22910.5,5.6,2.5,149.9,-56.0,1.4,-1.0,RS41-SG,403.701,10.4,-500,9,2.7,,
2026-09-20T11:20:06.999Z,X3843070,6230,44.25960,7.62799,22916.1,5.5,3.9,159.6,-55.9,1.4,-1.0,RS41-SG,403.701,10.4,-125,9,2.6,,
2026-09-20T11:20:07.999Z,X3843070,6231,44.25956,7.62800,22920.4,3.2,5.0,167.2,-55.9,1.4,-1.0,RS41-SG,403.701,10.1,-125,9,2.6,,
2026-09-20T11:20:08.999Z,X3843070,6232,44.25951,7.62802,22924.0,3.9,5.8,172.7,-55.8,1.3,-1.0,RS41-SG,403.701,9.8,-500,9,2.6,,
2026-09-20T11:20:09.999Z,X3843070,6233,44.25946,7.62802,22928.6,5.4,5.8,176.5,-55.8,1.4,-1.0,RS41-SG,403.701,9.8,-500,9,2.7,,
2026-09-20T11:20:10.999Z,X3843070,6234,44.25941,7.62802,22933.6,4.6,5.2,182.3,-55.8,1.4,-1.0,RS41-SG,403.701,9.7,-125,9,2.7,,
2026-09-20T11:20:11.999Z,X3843070,6235,44.25937,7.62801,22938.2,4.5,5.0,193.0,-55.7,1.4,-1.0,RS41-SG,403.701,10.0,-125,9,2.6,,
2026-09-20T11:20:12.999Z,X3843070,6236,44.25932,7.62799,22943.2,5.5,5.6,204.9,-55.7,1.4,-1.0,RS41-SG,403.701,10.3,-125,9,2.6,,
2026-09-20T11:20:13.999Z,X3843070,6237,44.25928,7.62796,22948.2,4.6,6.2,212.2,-55.7,1.4,-1.0,RS41-SG,403.701,10.3,-125,9,2.6,,
2026-09-20T11:20:14.999Z,X3843070,6238,44.25923,7.62791,22952.7,4.2,6.4,215.1,-55.7,1.4,-1.0,RS41-SG,403.701,10.8,-500,9,2.7,,
2026-09-20T11:20:15.999Z,X3843070,6239,44.25919,7.62787,22957.1,4.8,5.7,216.7,-55.7,1.3,-1.0,RS41-SG,403.701,10.8,-125,9,2.7,,
2026-09-20T11:20:16.999Z,X3843070,6240,44.25915,7.62783,22962.3,5.3,4.4,215.8,-55.9,1.3,-1.0,RS41-SG,403.701,10.0,-500,9,2.6,,
2026-09-20T11:20:17.999Z,X3843070,6241,44.25912,7.62781,22967.1,4.3,3.3,204.6,-56.0,1.3,-1.0,RS41-SG,403.701,10.0,-125,9,2.6,,
2026-09-20T11:20:18.999Z,X3843070,6242,44.25909,7.62780,22971.3,4.2,3.4,180.4,-56.0,1.3,-1.0,RS41-SG,403.701,10.0,-125,9,2.6,,
2026-09-20T11:20:19.999Z,X3843070,6243,44.25906,7.62781,22976.1,5.4,4.9,163.6,-56.0,1.4,-1.0,RS41-SG,403.701,9.7,-500,9,2.7,,
2026-09-20T11:20:20.999Z,X3843070,6244,44.25901,7.62783,22981.0,4.4,6.5,161.5,-56.0,1.4,-1.0,RS41-SG,403.701,9.7,-500,9,2.7,,
2026-09-20T11:20:21.999Z,X3843070,6245,44.25895,7.62786,22985.0,3.7,7.7,161.4,-55.9,1.4,-1.0,RS41-SG,403.701,9.3,-125,9,2.6,,
2026-09-20T11:20:22.999Z,X3843070,6246,44.25888,7.62789,22989.1,4.6,8.1,162.3,-55.8,1.4,-1.0,RS41-SG,403.701,9.3,-125,9,2.6,,
2026-09-20T11:20:23.999Z,X3843070,6247,44.25881,7.62792,22994.1,5.5,7.6,163.3,-55.8,1.4,-1.0,RS41-SG,403.701,9.1,-125,9,2.6,,
2026-09-20T11:20:24.999Z,X3843070,6248,44.25875,7.62794,22999.0,4.2,7.0,167.9,-55.8,1.4,-1.0,RS41-SG,403.701,8.6,-125,9,2.7,,
2026-09-20T11:20:25.999Z,X3843070,6249,44.25869,7.62795,23003.5,4.7,6.8,176.4,-55.9,1.4,-1.0,RS41-SG,403.701,9.5,-125,9,2.7,,
2026-09-20T11:20:26.999Z,X3843070,6250,44.25862,7.62795,23008.7,5.7,7.4,186.8,-56.0,1.4,-1.0,RS41-SG,403.701,9.6,-125,9,2.6,,
2026-09-20T11:20:27.999Z,X3843070,6251,44.25856,7.62793,23014.2,5.1,8.0,192.9,-56.1,1.5,-1.0,RS41-SG,403.701,9.6,-500,9,2.6,,
2026-09-20T11:20:28.999Z,X3843070,6252,44.25849,7.62791,23019.0,4.5,8.2,197.4,-56.1,1.4,-1.0,RS41-SG,403.701,9.0,-125,9,2.6,,
2026-09-20T11:20:30.999Z,X3843070,6254,44.25836,7.62784,23029.2,5.6,6.5,202.5,-56.0,1.4,-1.0,RS41-SG,403.701,8.5,-125,9,2.7,,
2026-09-20T11:20:31.999Z,X3843070,6255,44.25831,7.62781,23034.5,5.2,5.7,200.2,-56.2,1.4,-1.0,RS41-SG,403.701,8.9,-125,9,2.6,,
2026-09-20T11:20:32.999Z,X3843070,6256,44.25826,7.62779,23040.0,5.6,5.7,193.0,-56.2,1.4,-1.0,RS41-SG,403.701,9.2,-125,9,2.6,,
2026-09-20T11:20:33.999Z,X3843070,6257,44.25821,7.62778,23045.7,5.8,6.7,185.5,-56.1,1.4,-1.0,RS41-SG,403.701,9.6,-125,9,2.6,,
2026-09-20T11:20:34.999Z,X3843070,6258,44.25814,7.62778,23050.4,3.7,7.7,181.5,-56.0,1.4,-1.0,RS41-SG,403.701,9.6,-125,9,2.7,,
2026-09-20T11:20:35.999Z,X3843070,6259,44.25807,7.62777,23054.2,3.8,8.3,180.8,-55.9,1.4,-1.0,RS41-SG,403.701,9.3,-125,9,2.7,,
2026-09-20T11:20:36.999Z,X3843070,6260,44.25800,7.62777,23059.1,5.8,8.3,183.4,-55.9,1.4,-1.0,RS41-SG,403.701,10.5,-125,9,2.6,,
2026-09-20T11:20:37.999Z,X3843070,6261,44.25792,7.62776,23064.6,5.3,8.1,187.6,-55.9,1.4,-1.0,RS41-SG,403.701,10.5,-125,9,2.6,,
2026-09-20T11:20:38.999Z,X3843070,6262,44.25785,7.62774,23069.8,5.1,8.0,194.2,-56.0,1.4,-1.0,RS41-SG,403.701,10.8,-125,9,2.6,,
2026-09-20T11:20:39.999Z,X3843070,6263,44.25778,7.62771,23075.2,5.6,8.8,200.2,-56.0,1.4,-1.0,RS41-SG,403.701,10.8,-125,9,2.7,,
2026-09-20T11:20:40.999Z,X3843070,6264,44.25770,7.62767,23080.4,4.7,9.5,203.7,-56.0,1.4,-1.0,RS41-SG,403.701,10.3,-500,9,2.7,,
2026-09-20T11:20:41.999Z,X3843070,6265,44.25763,7.62761,23085.1,4.5,9.8,209.0,-56.1,1.4,-1.0,RS41-SG,403.701,10.0,-125,9,2.6,,
2026-09-20T11:20:42.999Z,X3843070,6266,44.25755,7.62755,23090.0,5.4,9.6,215.0,-56.0,1.4,-1.0,RS41-SG,403.701,10.0,-125,9,2.6,,
2026-09-20T11:20:43.999Z,X3843070,6267,44.25749,7.62748,23095.7,6.0,8.7,223.3,-55.8,1.3,-1.0,RS41-SG,403.701,9.9,-125,9,2.6,,
2026-09-20T11:20:44.999Z,X3843070,6268,44.25744,7.62740,23101.0,4.4,7.9,227.7,-55.7,1.3,-1.0,RS41-SG,403.701,9.9,-125,9,2.7,,
2026-09-20T11:20:45.999Z,X3843070,6269,44.25739,7.62734,23105.6,4.7,7.1,227.4,-55.6,1.3,-1.0,RS41-SG,403.701,10.1,-125,9,2.7,,
2026-09-20T11:20:47.999Z,X3843070,6271,44.25730,7.62723,23116.9,5.1,6.4,207.8,-55.4,1.3,-1.0,RS41-SG,403.701,10.6,-125,9,2.6,,
2026-09-20T11:20:48.999Z,X3843070,6272,44.25725,7.62720,23121.8,4.8,6.5,201.5,-55.4,1.3,-1.0,RS41-SG,403.701,10.6,-125,9,2.6,,
2026-09-20T11:20:49.999Z,X3843070,6273,44.25719,7.62717,23127.4,6.4,6.1,199.7,-55.3,1.3,-1.0,RS41-SG,403.701,9.8,-125,9,2.7,,
2026-09-20T11:20:50.999Z,X3843070,6274,44.25714,7.62715,23133.2,5.1,5.7,203.9,-55.3,1.3,-1.0,RS41-SG,403.701,9.8,-125,9,2.7,,
2026-09-20T11:20:51.999Z,X3843070,6275,44.25710,7.62711,23138.1,4.7,5.5,209.3,-55.3,1.3,-1.0,RS41-SG,403.701,10.2,-125,9,2.6,,
2026-09-20T11:20:52.999Z,X3843070,6276,44.25706,7.62708,23143.6,6.5,5.6,210.2,-55.2,1.3,-1.0,RS41-SG,403.701,10.2,-125,9,2.6,,
2026-09-20T11:20:53.999Z,X3843070,6277,44.25701,7.62704,23149.5,5.2,6.1,209.7,-55.2,1.3,-1.0,RS41-SG,403.701,9.9,-125,9,2.6,,
2026-09-20T11:20:54.999Z,X3843070,6278,44.25696,7.62700,23154.7,5.2,6.5,213.6,-55.2,1.3,-1.0,RS41-SG,403.701,10.5,-125,9,2.7,,
2026-09-20T11:20:55.999Z,X3843070,6279,44.25692,7.62695,23160.5,6.5,6.7,225.4,-55.2,1.3,-1.0,RS41-SG,403.701,10.5,-125,9,2.7,,
2026-09-20T11:20:56.999Z,X3843070,6280,44.25688,7.62688,23166.1,4.6,7.0,235.0,-55.2,1.3,-1.0,RS41-SG,403.701,9.8,-125,9,2.6,,
2026-09-20T11:20:57.999Z,X3843070,6281,44.25684,7.62681,23170.8,4.6,7.4,241.8,-55.2,1.3,-1.0,RS41-SG,403.701,10.0,-125,9,2.6,,
2026-09-20T11:20:58.999Z,X3843070,6282,44.25681,7.62673,23176.2,6.3,7.7,242.0,-55.2,1.3,-1.0,RS41-SG,403.701,10.0,-125,9,2.6,,
2026-09-20T11:20:59.999Z,X3843070,6283,44.25678,7.62664,23182.3,5.9,7.6,237.4,-55.2,1.3,-1.0,RS41-SG,403.701,9.7,-125,9,2.7,,
2026-09-20T11:21:00.999Z,X3843070,6284,44.25674,7.62657,23188.0,5.5,7.2,234.3,-55.2,1.3,-1.0,RS41-SG,403.701,9.7,-125,9,2.7,,
2026-09-20T11:21:01.999Z,X3843070,6285,44.25671,7.62650,23193.4,5.4,6.7,235.9,-55.1,1.3,-1.0,RS41-SG,403.701,9.9,-500,9,2.6,,
2026-09-20T11:21:02.999Z,X3843070,6286,44.25668,7.62643,23199.4,6.5,5.9,244.2,-55.1,1.3,-1.0,RS41-SG,403.701,9.9,-500,9,2.6,,
2026-09-20T11:21:03.999Z,X3843070,6287,44.25666,7.62636,23205.4,5.5,5.4,252.7,-55.1,1.3,-1.0,RS41-SG,403.701,10.1,-125,9,2.6,,
2026-09-20T11:21:04.999Z,X3843070,6288,44.25665,7.62630,23210.3,4.4,5.0,259.0,-55.3,1.4,-1.0,RS41-SG,403.701,10.1,-125,9,2.7,,
2026-09-20T11:21:05.999Z,X3843070,6289,44.25664,7.62624,23215.2,5.3,4.7,261.8,-55.2,1.4,-1.0,RS41-SG,403.701,9.8,-125,9,2.7,,
2026-09-20T11:21:06.999Z,X3843070,6290,44.25663,7.62619,23221.0,6.3,4.5,253.7,-55.3,1.4,-1.0,RS41-SG,403.701,10.4,-125,9,2.6,,
2026-09-20T11:21:07.999Z,X3843070,6291,44.25662,7.62613,23226.5,4.6,4.6,245.7,-55.3,1.4,-1.0,RS41-SG,403.701,10.4,-500,9,2.6,,
2026-09-20T11:21:08.999Z,X3843070,6292,44.25660,7.62608,23231.0,4.4,5.4,246.0,-55.3,1.4,-1.0,RS41-SG,403.701,10.9,-125,9,2.6,,
2026-09-20T11:21:09.999Z,X3843070,6293,44.25658,7.62600,23236.2,5.9,6.8,252.6,-55.2,1.3,-1.0,RS41-SG,403.701,10.9,-125,9,2.7,,
2026-09-20T11:21:10.999Z,X3843070,6294,44.25656,7.62591,23242.0,5.7,8.2,259.2,-55.3,1.4,-1.0,RS41-SG,403.701,11.0,-125,9,2.7,,
2026-09-20T11:21:11.999Z,X3843070,6295,44.25655,7.62581,23247.5,5.2,9.1,262.5,-55.4,1.3,-1.0,RS41-SG,403.701,11.0,-125,9,2.6,,
2026-09-20T11:21:12.999Z,X3843070,6296,44.25654,7.62569,23253.1,6.0,9.5,263.5,-55.2,1.3,-1.0,RS41-SG,403.701,10.4,-125,9,2.6,,
2026-09-20T11:21:13.999Z,X3843070,6297,44.25653,7.62558,23259.0,5.6,9.1,261.7,-55.2,1.3,-1.0,RS41-SG,403.701,10.7,-125,9,2.6,,
2026-09-20T11:21:14.999Z,X3843070,6298,44.25652,7.62547,23264.3,4.9,8.6,261.3,-55.2,1.3,-1.0,RS41-SG,403.701,10.7,-125,9,2.7,,
2026-09-20T11:21:15.999Z,X3843070,6299,44.25651,7.62536,23269.8,6.1,8.1,263.8,-55.1,1.3,-1.0,RS41-SG,403.701,10.5,-125,9,2.7,,
2026-09-20T11:21:16.999Z,X3843070,6300,44.25651,7.62526,23275.7,5.5,7.8,270.9,-55.0,1.3,-1.0,RS41-SG,403.701,10.4,-125,9,2.6,,
2026-09-20T11:21:17.999Z,X3843070,6301,44.25651,7.62517,23281.0,5.1,7.4,276.1,-54.9,1.3,-1.0,RS41-SG,403.701,10.4,-125,9,2.6,,
2026-09-20T11:21:18.999Z,X3843070,6302,44.25652,7.62508,23287.1,6.8,6.4,276.6,-55.0,1.3,-1.0,RS41-SG,403.701,10.6,-125,9,2.6,,
2026-09-20T11:21:19.999Z,X3843070,6303,44.25652,7.62501,23293.4,5.8,5.4,272.2,-55.1,1.3,-1.0,RS41-SG,403.701,10.6,-500,9,2.7,,
2026-09-20T11:21:20.999Z,X3843070,6304,44.25652,7.62495,23298.6,4.7,4.9,268.4,-55.0,1.3,-1.0,RS41-SG,403.701,10.6,-500,9,2.7,,
2026-09-20T11:21:21.999Z,X3843070,6305,44.25652,7.62488,23304.1,6.4,5.1,272.0,-55.0,1.3,-1.0,RS41-SG,403.701,10.5,-125,9,2.6,,
2026-09-20T11:21:22.999Z,X3843070,6306,44.25653,7.62482,23310.0,5.4,5.8,277.2,-55.0,1.3,-1.0,RS41-SG,403.701,10.1,-500,9,2.6,,
2026-09-20T11:21:23.999Z,X3843070,6307,44.25653,7.62474,23315.2,5.1,6.5,280.0,-55.1,1.3,-1.0,RS41-SG,403.701,10.5,-125,9,2.6,,
2026-09-20T11:21:24.999Z,X3843070,6308,44.25654,7.62466,23320.8,6.1,6.9,277.7,-55.2,1.3,-1.0,RS41-SG,403.701,10.6,-125,9,2.7,,
2026-09-20T11:21:25.999Z,X3843070,6309,44.25655,7.62457,23326.9,5.9,7.1,271.7,-55.3,1.3,-1.0,RS41-SG,403.701,10.9,-125,9,2.7,,
2026-09-20T11:21:26.999Z,X3843070,6310,44.25655,7.62448,23332.3,4.9,7.3,268.0,-55.3,1.3,-1.0,RS41-SG,403.701,11.5,-125,9,2.6,,
2026-09-20T11:21:27.999Z,X3843070,6311,44.25655,7.62439,23337.3,5.0,7.7,269.2,-55.3,1.4,-1.0,RS41-SG,403.701,11.5,-125,9,2.6,,
2026-09-20T11:21:28.999Z,X3843070,6312,44.25655,7.62429,23343.0,6.4,8.3,274.9,-55.4,1.4,-1.0,RS41-SG,403.701,11.0,-125,9,2.6,,
2026-09-20T11:21:29.999Z,X3843070,6313,44.25656,7.62418,23349.1,5.6,8.6,280.7,-55.5,1.4,-1.0,RS41-SG,403.701,10.5,-125,9,2.7,,
2026-09-20T11:21:30.999Z,X3843070,6314,44.25658,7.62408,23354.4,5.0,8.3,283.3,-55.4,1.4,-1.0,RS41-SG,403.701,10.4,-125,9,2.7,,
2026-09-20T11:21:31.999Z,X3843070,6315,44.25659,7.62398,23359.7,5.6,7.6,282.7,-55.4,1.4,-1.0,RS41-SG,403.701,10.5,-125,9,2.6,,
2026-09-20T11:21:32.999Z,X3843070,6316,44.25660,7.62390,23365.7,6.2,6.7,276.7,-55.5,1.4,-1.0,RS41-SG,403.701,10.5,-125,9,2.6,,
2026-09-20T11:21:33.999Z,X3843070,6317,44.25661,7.62382,23371.1,4.6,6.1,270.8,-55.5,1.4,-1.0,RS41-SG,403.701,9.4,-125,9,2.6,,
2026-09-20T11:21:34.999Z,X3843070,6318,44.25661,7.62374,23375.6,4.4,5.8,268.8,-55.5,1.4,-1.0,RS41-SG,403.701,10.1,-125,9,2.7,,
2026-09-20T11:21:35.999Z,X3843070,6319,44.25661,7.62367,23380.8,6.0,6.1,274.0,-55.4,1.4,-1.0,RS41-SG,403.701,10.3,-125,9,2.7,,
2026-09-20T11:21:36.999Z,X3843070,6320,44.25662,7.62359,23386.8,5.8,6.6,282.9,-55.4,1.4,-1.0,RS41-SG,403.701,10.9,-500,9,2.6,,
2026-09-20T11:21:37.999Z,X3843070,6321,44.25663,7.62351,23392.3,5.1,7.3,288.3,-55.3,1.4,-1.0,RS41-SG,403.701,11.1,-500,9,2.6,,
2026-09-20T11:21:38.999Z,X3843070,6322,44.25666,7.62342,23397.6,5.5,7.7,289.0,-55.5,1.4,-1.0,RS41-SG,403.701,11.1,-125,9,2.6,,
2026-09-20T11:21:39.999Z,X3843070,6323,44.25668,7.62333,23403.6,6.4,7.9,285.3,-55.7,1.4,-1.0,RS41-SG,403.701,11.5,-125,9,2.7,,
2026-09-20T11:21:40.999Z,X3843070,6324,44.25669,7.62323,23409.5,5.2,7.9,282.4,-55.6,1.4,-1.0,RS41-SG,403.701,11.5,-125,9,2.7,,
2026-09-20T11:21:41.999Z,X3843070,6325,44.25671,7.62313,23414.3,4.6,8.0,283.1,-55.5,1.4,-1.0,RS41-SG,403.701,11.3,-125,9,2.6,,
2026-09-20T11:21:42.999Z,X3843070,6326,44.25673,7.62303,23419.4,5.5,8.3,286.7,-55.5,1.4,-1.0,RS41-SG,403.701,11.9,-125,9,2.6,,
2026-09-20T11:21:43.999Z,X3843070,6327,44.25675,7.62293,23425.2,6.0,8.9,291.9,-55.6,1.4,-1.0,RS41-SG,403.701,11.9,-125,9,2.6,,
2026-09-20T11:21:44.999Z,X3843070,6328,44.25678,7.62283,23430.8,5.1,9.2,293.6,-55.7,1.4,-1.0,RS41-SG,403.701,11.3,-125,9,2.7,,
2026-09-20T11:21:45.999Z,X3843070,6329,44.25682,7.62272,23436.3,5.7,9.0,291.1,-55.7,1.3,-1.0,RS41-SG,403.701,11.3,-125,9,2.7,,
2026-09-20T11:21:46.999Z,X3843070,6330,44.25684,7.62262,23442.6,6.7,8.5,283.4,-55.6,1.4,-1.0,RS41-SG,403.701,10.8,-125,9,2.6,,
2026-09-20T11:21:47.999Z,X3843070,6331,44.25685,7.62252,23448.4,4.8,7.9,276.7,-55.6,1.4,-1.0,RS41-SG,403.701,10.7,-125,9,2.6,,
2026-09-20T11:21:48.999Z,X3843070,6332,44.25686,7.62242,23453.2,4.7,7.4,271.7,-55.6,1.4,-1.0,RS41-SG,403.701,10.7,-125,9,2.6,,
2026-09-20T11:21:49.999Z,X3843070,6333,44.25686,7.62233,23458.7,6.2,6.8,273.3,-55.7,1.4,-1.0,RS41-SG,403.701,10.3,-125,9,2.7,,
2026-09-20T11:21:50.999Z,X3843070,6334,44.25687,7.62225,23464.8,6.0,6.5,279.9,-55.7,1.4,-1.0,RS41-SG,403.701,10.2,-125,9,2.7,,
2026-09-20T11:21:51.999Z,X3843070,6335,44.25688,7.62218,23470.2,4.9,6.2,285.5,-55.7,1.3,-1.0,RS41-SG,403.701,11.0,-125,9,2.6,,
2026-09-20T11:21:52.999Z,X3843070,6336,44.25689,7.62210,23475.6,5.8,6.0,286.0,-55.6,1.4,-1.0,RS41-SG,403.701,11.0,-125,9,2.6,,
2026-09-20T11:21:53.999Z,X3843070,6337,44.25691,7.62203,23481.8,6.3,6.0,280.5,-55.7,1.4,-1.0,RS41-SG,403.701,10.4,-125,9,2.6,,
2026-09-20T11:21:54.999Z,X3843070,6338,44.25692,7.62195,23487.5,5.1,6.2,278.1,-55.7,1.4,-1.0,RS41-SG,403.701,10.4,-125,9,2.7,,
2026-09-20T11:21:55.999Z,X3843070,6339,44.25693,7.62188,23492.9,5.8,6.6,281.9,-55.7,1.4,-1.0,RS41-SG,403.701,10.7,-125,9,2.7,,
2026-09-20T11:21:56.999Z,X3843070,6340,44.25694,7.62179,23498.9,6.1,7.1,290.7,-55.7,1.4,-1.0,RS41-SG,403.701,10.7,-125,9,2.6,,
2026-09-20T11:21:57.999Z,X3843070,6341,44.25697,7.62171,23504.8,5.6,7.8,298.7,-55.8,1.4,-1.0,RS41-SG,403.701,11.4,-125,9,2.6,,
2026-09-20T11:21:58.999Z,X3843070,6342,44.25701,7.62162,23509.9,4.6,8.5,301.7,-55.7,1.4,-1.0,RS41-SG,403.701,11.7,-125,9,2.6,,
2026-09-20T11:21:59.999Z,X3843070,6343,44.25705,7.62153,23514.9,5.4,8.8,298.8,-55.7,1.4,-1.0,RS41-SG,403.701,11.7,-125,9,2.7,,
2026-09-20T11:22:00.999Z,X3843070,6344,44.25708,7.62143,23520.9,6.6,9.0,293.2,-55.9,1.4,-1.0,RS41-SG,403.701,11.4,-125,9,2.7,,
2026-09-20T11:22:01.999Z,X3843070,6345,44.25711,7.62132,23526.6,5.0,8.9,286.3,-55.8,1.4,-1.0,RS41-SG,403.701,11.4,-125,9,2.6,,
2026-09-20T11:22:02.999Z,X3843070,6346,44.25713,7.62122,23531.5,4.6,8.5,281.9,-55.8,1.4,-1.0,RS41-SG,403.701,11.2,-125,9,2.6,,
2026-09-20T11:22:03.999Z,X3843070,6347,44.25714,7.62112,23536.9,6.1,7.9,280.8,-55.9,1.4,-1.0,RS41-SG,403.701,10.8,-125,9,2.6,,
2026-09-20T11:22:04.999Z,X3843070,6348,44.25716,7.62103,23542.8,5.6,7.1,285.4,-56.0,1.4,-1.0,RS41-SG,403.701,11.2,-125,9,2.7,,
2026-09-20T11:22:05.999Z,X3843070,6349,44.25717,7.62095,23548.2,5.2,6.5,288.0,-55.9,1.4,-1.0,RS41-SG,403.701,11.2,-125,9,2.7,,
2026-09-20T11:22:06.999Z,X3843070,6350,44.25719,7.62087,23553.9,6.0,6.2,286.5,-55.9,1.4,-1.0,RS41-SG,403.701,11.3,-125,9,2.6,,
2026-09-20T11:22:07.999Z,X3843070,6351,44.25720,7.62079,23560.0,6.2,6.4,279.8,-56.0,1.4,-1.0,RS41-SG,403.701,11.4,-125,9,2.6,,
2026-09-20T11:22:08.999Z,X3843070,6352,44.25721,7.62071,23565.5,4.7,6.8,275.2,-56.0,1.4,-1.0,RS41-SG,403.701,11.4,-125,9,2.6,,
2026-09-20T11:22:09.999Z,X3843070,6353,44.25722,7.62062,23570.3,5.0,7.3,277.0,-56.0,1.4,-1.0,RS41-SG,403.701,11.7,-125,9,2.7,,
2026-09-20T11:22:10.999Z,X3843070,6354,44.25723,7.62053,23576.2,6.5,7.8,284.5,-56.1,1.4,-1.0,RS41-SG,403.701,11.7,-125,9,2.7,,
2026-09-20T11:22:11.999Z,X3843070,6355,44.25725,7.62043,23582.3,5.8,8.7,292.3,-56.0,1.4,-1.0,RS41-SG,403.701,11.8,-125,9,2.6,,
2026-09-20T11:22:12.999Z,X3843070,6356,44.25729,7.62033,23587.7,4.9,9.6,296.2,-56.1,1.4,-1.0,RS41-SG,403.701,11.8,-125,9,2.6,,
2026-09-20T11:22:13.999Z,X3843070,6357,44.25733,7.62022,23592.8,5.4,10.2,296.0,-56.1,1.4,-1.0,RS41-SG,403.701,11.0,-125,9,2.6,,
2026-09-20T11:22:14.999Z,X3843070,6358,44.25736,7.62010,23598.7,6.3,10.5,292.1,-56.1,1.4,-1.0,RS41-SG,403.701,10.7,-125,9,2.7,,
2026-09-20T11:22:15.999Z,X3843070,6359,44.25740,7.61998,23604.9,6.0,10.4,286.8,-56.3,1.4,-1.0,RS41-SG,403.701,10.8,-125,9,2.7,,
2026-09-20T11:22:16.999Z,X3843070,6360,44.25742,7.61986,23610.0,4.2,10.0,283.7,-56.2,1.4,-1.0,RS41-SG,403.701,10.8,-125,9,2.6,,
2026-09-20T11:22:17.999Z,X3843070,6361,44.25744,7.61974,23614.5,4.8,9.0,282.7,-56.2,1.4,-1.0,RS41-SG,403.701,10.1,-125,9,2.6,,
2026-09-20T11:22:18.999Z,X3843070,6362,44.25746,7.61964,23620.1,6.3,7.5,285.6,-56.3,1.4,-1.0,RS41-SG,403.701,10.7,-125,9,2.6,,
2026-09-20T11:22:19.999Z,X3843070,6363,44.25748,7.61956,23626.1,5.5,6.3,292.4,-56.3,1.4,-1.0,RS41-SG,403.701,10.7,-125,9,2.7,,
2026-09-20T11:22:20.999Z,X3843070,6364,44.25750,7.61949,23631.4,5.1,5.5,298.4,-56.2,1.4,-1.0,RS41-SG,403.701,10.8,-125,9,2.7,,
2026-09-20T11:22:21.999Z,X3843070,6365,44.25752,7.61943,23637.4,6.8,4.9,297.3,-56.3,1.4,-1.0,RS41-SG,403.701,11.1,-125,9,2.6,,
2026-09-20T11:22:22.999Z,X3843070,6366,44.25754,7.61938,23643.5,5.3,4.8,290.1,-56.2,1.4,-1.0,RS41-SG,403.701,11.1,-125,9,2.6,,
2026-09-20T11:22:23.999Z,X3843070,6367,44.25755,7.61932,23648.6,4.8,5.5,286.3,-56.1,1.4,-1.0,RS41-SG,403.701,11.9,-125,9,2.6,,
2026-09-20T11:22:24.999Z,X3843070,6368,44.25757,7.61925,23654.3,6.4,6.2,291.5,-56.1,1.4,-1.0,RS41-SG,403.701,11.9,-125,9,2.7,,
2026-09-20T11:22:25.999Z,X3843070,6369,44.25760,7.61917,23660.5,6.1,7.1,296.7,-56.0,1.4,-1.0,RS41-SG,403.701,11.3,-125,9,2.7,,
2026-09-20T11:22:26.999Z,X3843070,6370,44.25763,7.61909,23666.6,5.8,8.1,297.7,-56.1,1.4,-1.0,RS41-SG,403.701,12.2,-125,9,2.6,,
2026-09-20T11:22:27.999Z,X3843070,6371,44.25766,7.61899,23672.8,6.7,9.0,294.4,-56.1,1.3,-1.0,RS41-SG,403.701,12.2,-125,9,2.6,,
2026-09-20T11:22:28.999Z,X3843070,6372,44.25769,7.61888,23679.1,5.7,9.8,287.7,-56.0,1.4,-1.0,RS41-SG,403.701,11.1,-125,9,2.6,,
2026-09-20T11:22:29.999Z,X3843070,6373,44.25772,7.61876,23684.2,4.7,10.1,285.2,-56.2,1.4,-1.0,RS41-SG,403.701,11.1,-125,9,2.7,,
2026-09-20T11:22:30.999Z,X3843070,6374,44.25774,7.61864,23689.5,6.0,10.0,285.7,-56.1,1.3,-1.0,RS41-SG,403.701,11.3,-125,9,2.7,,
2026-09-20T11:22:31.999Z,X3843070,6375,44.25777,7.61853,23695.6,6.2,9.1,289.9,-56.1,1.4,-1.0,RS41-SG,403.701,11.3,-125,9,2.6,,
2026-09-20T11:22:32.999Z,X3843070,6376,44.25780,7.61843,23701.1,4.8,8.3,292.8,-56.2,1.3,-1.0,RS41-SG,403.701,11.0,-500,9,2.6,,
2026-09-20T11:22:33.999Z,X3843070,6377,44.25782,7.61834,23706.3,5.7,7.3,294.1,-56.0,1.4,-1.0,RS41-SG,403.701,11.0,-500,9,2.6,,
2026-09-20T11:22:34.999Z,X3843070,6378,44.25785,7.61826,23712.3,6.1,6.6,290.7,-56.0,1.4,-1.0,RS41-SG,403.701,10.8,-500,9,2.7,,
2026-09-20T11:22:35.999Z,X3843070,6379,44.25787,7.61818,23717.8,4.8,6.0,287.2,-56.0,1.4,-1.0,RS41-SG,403.701,11.2,-125,9,2.7,,
2026-09-20T11:22:36.999Z,X3843070,6380,44.25788,7.61812,23722.5,4.9,5.7,290.0,-55.9,1.4,-1.0,RS41-SG,403.701,11.2,-125,9,2.6,,
2026-09-20T11:22:37.999Z,X3843070,6381,44.25790,7.61805,23728.1,6.1,5.9,300.2,-56.0,1.4,-1.0,RS41-SG,403.701,10.7,-125,9,2.6,,
2026-09-20T11:22:38.999Z,X3843070,6382,44.25794,7.61799,23734.3,6.5,6.5,309.6,-55.9,1.3,-1.0,RS41-SG,403.701,10.8,-125,9,2.6,,
2026-09-20T11:22:39.999Z,X3843070,6383,44.25798,7.61792,23740.2,5.2,7.5,313.2,-55.9,1.3,-1.0,RS41-SG,403.701,11.5,-125,9,2.7,,
2026-09-20T11:22:40.999Z,X3843070,6384,44.25803,7.61785,23745.7,5.7,8.6,310.8,-56.0,1.4,-1.0,RS41-SG,403.701,11.5,-125,9,2.7,,
2026-09-20T11:22:41.999Z,X3843070,6385,44.25808,7.61776,23751.8,6.6,9.7,304.7,-55.9,1.3,-1.0,RS41-SG,403.701,11.3,-125,9,2.6,,
2026-09-20T11:22:42.999Z,X3843070,6386,44.25812,7.61765,23757.6,4.9,10.3,299.6,-55.9,1.3,-1.0,RS41-SG,403.701,11.3,-125,9,2.6,,
2026-09-20T11:22:43.999Z,X3843070,6387,44.25817,7.61754,23762.8,5.5,10.6,297.5,-55.9,1.3,-1.0,RS41-SG,403.701,10.8,-125,9,2.6,,
2026-09-20T11:22:44.999Z,X3843070,6388,44.25821,7.61742,23768.9,6.8,10.1,299.9,-55.8,1.4,-1.0,RS41-SG,403.701,10.0,-125,9,2.7,,
2026-09-20T11:22:45.999Z,X3843070,6389,44.25826,7.61732,23774.8,4.8,9.4,303.1,-55.8,1.3,-1.0,RS41-SG,403.701,10.0,-125,9,2.7,,
2026-09-20T11:22:46.999Z,X3843070,6390,44.25830,7.61723,23779.9,5.4,8.1,306.6,-55.9,1.3,-1.0,RS41-SG,403.701,9.9,-500,9,2.6,,
2026-09-20T11:22:47.999Z,X3843070,6391,44.25834,7.61715,23785.8,6.3,6.9,303.9,-55.8,1.4,-1.0,RS41-SG,403.701,9.9,-125,9,2.6,,
2026-09-20T11:22:48.999Z,X3843070,6392,44.25837,7.61708,23791.5,5.1,6.2,297.4,-55.9,1.4,-1.0,RS41-SG,403.701,10.7,-125,9,2.6,,
2026-09-20T11:22:49.999Z,X3843070,6393,44.25840,7.61702,23796.4,4.8,5.4,294.9,-55.9,1.4,-1.0,RS41-SG,403.701,10.7,-125,9,2.7,,
2026-09-20T11:22:50.999Z,X3843070,6394,44.25842,7.61696,23802.0,6.3,4.5,296.9,-55.9,1.3,-1.0,RS41-SG,403.701,9.6,-125,9,2.7,,
2026-09-20T11:22:51.999Z,X3843070,6395,44.25844,7.61692,23807.9,5.6,4.1,307.4,-55.9,1.4,-1.0,RS41-SG,403.701,10.3,-125,9,2.6,,
2026-09-20T11:22:52.999Z,X3843070,6396,44.25846,7.61688,23813.2,5.2,4.0,313.9,-55.9,1.3,-1.0,RS41-SG,403.701,10.3,-125,9,2.6,,
2026-09-20T11:22:53.999Z,X3843070,6397,44.25849,7.61684,23818.9,6.4,4.4,308.3,-55.8,1.3,-1.0,RS41-SG,403.701,10.9,-500,9,2.6,,
2026-09-20T11:22:54.999Z,X3843070,6398,44.25851,7.61679,23825.0,5.6,5.2,301.6,-55.7,1.3,-1.0,RS41-SG,403.701,10.9,-500,9,2.7,,
2026-09-20T11:22:55.999Z,X3843070,6399,44.25854,7.61673,23830.2,4.9,6.0,297.3,-55.9,1.3,-1.0,RS41-SG,403.701,10.7,-500,9,2.7,,
2026-09-20T11:22:56.999Z,X3843070,6400,44.25856,7.61666,23835.4,5.5,6.5,299.3,-55.8,1.3,-1.0,RS41-SG,403.701,10.7,-125,9,2.6,,
2026-09-20T11:22:57.999Z,X3843070,6401,44.25860,7.61659,23841.0,5.9,6.9,308.0,-55.8,1.3,-1.0,RS41-SG,403.701,9.8,-500,9,2.6,,
2026-09-20T11:22:58.999Z,X3843070,6402,44.25864,7.61652,23846.8,5.7,7.0,315.9,-55.8,1.3,-1.0,RS41-SG,403.701,9.3,-125,9,2.6,,
2026-09-20T11:22:59.999Z,X3843070,6403,44.25868,7.61647,23852.0,4.6,6.9,319.2,-55.9,1.3,-1.0,RS41-SG,403.701,10.3,-125,9,2.7,,
2026-09-20T11:23:00.999Z,X3843070,6404,44.25873,7.61641,23856.7,5.0,6.6,317.5,-55.9,1.4,-1.0,RS41-SG,403.701,10.4,-125,9,2.7,,
2026-09-20T11:23:01.999Z,X3843070,6405,44.25877,7.61635,23862.5,6.4,6.1,309.3,-55.8,1.4,-1.0,RS41-SG,403.701,11.8,-500,9,2.6,,
2026-09-20T11:23:02.999Z,X3843070,6406,44.25880,7.61629,23868.4,5.5,5.9,301.7,-55.9,1.4,-1.0,RS41-SG,403.701,11.8,-500,9,2.6,,
2026-09-20T11:23:03.999Z,X3843070,6407,44.25882,7.61623,23873.3,4.4,5.3,297.9,-56.0,1.4,-1.0,RS41-SG,403.701,10.8,-125,9,2.6,,
2026-09-20T11:23:04.999Z,X3843070,6408,44.25885,7.61618,23878.0,5.1,4.5,300.5,-55.9,1.4,-1.0,RS41-SG,403.701,9.9,-125,9,2.7,,
2026-09-20T11:23:05.999Z,X3843070,6409,44.25887,7.61614,23883.7,6.3,3.4,315.3,-55.9,1.4,-1.0,RS41-SG,403.701,10.7,-125,9,2.7,,
2026-09-20T11:23:06.999Z,X3843070,6410,44.25889,7.61611,23889.2,4.6,3.1,335.2,-56.1,1.4,-1.0,RS41-SG,403.701,10.9,-125,9,2.6,,
2026-09-20T11:23:07.999Z,X3843070,6411,44.25892,7.61610,23894.1,5.2,3.5,347.6,-56.1,1.4,-1.0,RS41-SG,403.701,10.9,-500,9,2.6,,
2026-09-20T11:23:08.999Z,X3843070,6412,44.25895,7.61609,23899.6,5.8,3.8,341.7,-56.0,1.4,-1.0,RS41-SG,403.701,11.3,-125,9,2.6,,
2026-09-20T11:23:09.999Z,X3843070,6413,44.25898,7.61607,23905.3,5.5,4.1,328.0,-56.0,1.3,-1.0,RS41-SG,403.701,11.3,-500,9,2.7,,
2026-09-20T11:23:10.999Z,X3843070,6414,44.25901,7.61603,23910.4,4.7,4.6,317.4,-56.1,1.3,-1.0,RS41-SG,403.701,9.9,-125,9,2.7,,
2026-09-20T11:23:11.999Z,X3843070,6415,44.25904,7.61599,23915.1,4.8,4.5,312.1,-56.1,1.3,-1.0,RS41-SG,403.701,9.9,-125,9,2.6,,
2026-09-20T11:23:12.999Z,X3843070,6416,44.25907,7.61596,23920.3,5.7,4.0,310.0,-56.0,1.4,-1.0,RS41-SG,403.701,9.8,-125,9,2.6,,
2026-09-20T11:23:13.999Z,X3843070,6417,44.25909,7.61592,23926.3,6.2,3.3,312.2,-56.0,1.4,-1.0,RS41-SG,403.701,10.3,-500,9,2.6,,
2026-09-20T11:23:14.999Z,X3843070,6418,44.25911,7.61589,23931.6,4.4,2.9,314.9,-56.1,1.4,-1.0,RS41-SG,403.701,10.7,-125,9,2.7,,
2026-09-20T11:23:15.999Z,X3843070,6419,44.25912,7.61587,23936.5,5.4,2.9,312.0,-56.1,1.4,-1.0,RS41-SG,403.701,10.7,-500,9,2.7,,
2026-09-20T11:23:16.999Z,X3843070,6420,44.25914,7.61583,23942.5,6.7,3.5,301.2,-56.1,1.4,-1.0,RS41-SG,403.701,10.3,-125,9,2.6,,
2026-09-20T11:23:17.999Z,X3843070,6421,44.25916,7.61579,23948.3,5.0,4.2,296.1,-56.0,1.4,-1.0,RS41-SG,403.701,10.7,-125,9,2.6,,
2026-09-20T11:23:18.999Z,X3843070,6422,44.25918,7.61574,23953.3,4.9,4.6,296.2,-56.1,1.4,-1.0,RS41-SG,403.701,10.7,-125,9,2.6,,
2026-09-20T11:23:19.999Z,X3843070,6423,44.25920,7.61569,23959.0,6.6,4.5,304.8,-56.2,1.4,-1.0,RS41-SG,403.701,10.4,-500,9,2.7,,
2026-09-20T11:23:20.999Z,X3843070,6424,44.25922,7.61565,23964.4,4.5,4.1,315.8,-56.2,1.4,-1.0,RS41-SG,403.701,10.6,-125,9,2.7,,
2026-09-20T11:23:21.999Z,X3843070,6425,44.25925,7.61562,23969.5,5.9,4.1,320.8,-56.0,1.3,-1.0,RS41-SG,403.701,11.0,-500,9,2.6,,
2026-09-20T11:23:22.999Z,X3843070,6426,44.25928,7.61559,23976.0,6.9,4.4,316.7,-55.9,1.3,-1.0,RS41-SG,403.701,11.0,-125,9,2.6,,
2026-09-20T11:23:23.999Z,X3843070,6427,44.25931,7.61554,23981.7,4.6,4.9,311.1,-55.8,1.3,-1.0,RS41-SG,403.701,10.4,-500,9,2.6,,
2026-09-20T11:23:24.999Z,X3843070,6428,44.25934,7.61550,23986.5,5.1,5.0,308.9,-55.8,1.3,-1.0,RS41-SG,403.701,10.2,-500,9,2.7,,
2026-09-20T11:23:25.999Z,X3843070,6429,44.25936,7.61545,23992.2,6.4,4.4,313.4,-55.8,1.3,-1.0,RS41-SG,403.701,10.3,-500,9,2.7,,
2026-09-20T11:23:26.999Z,X3843070,6430,44.25939,7.61542,23997.9,5.1,3.4,319.5,-55.8,1.4,-1.0,RS41-SG,403.701,10.6,-500,9,2.6,,
2026-09-20T11:23:27.999Z,X3843070,6431,44.25941,7.61539,24003.1,5.3,2.8,321.3,-55.9,1.3,-1.0,RS41-SG,403.701,10.7,-125,9,2.6,,
2026-09-20T11:23:28.999Z,X3843070,6432,44.25943,7.61537,24008.7,6.0,2.7,306.5,-55.7,1.3,-1.0,RS41-SG,403.701,10.7,-500,9,2.6,,
2026-09-20T11:23:29.999Z,X3843070,6433,44.25944,7.61534,24014.3,5.2,3.0,292.8,-55.6,1.3,-1.0,RS41-SG,403.701,10.3,-500,9,2.7,,
2026-09-20T11:23:30.999Z,X3843070,6434,44.25945,7.61530,24019.5,5.2,3.0,287.5,-55.5,1.3,-1.0,RS41-SG,403.701,9.5,-500,9,2.7,,
2026-09-20T11:23:31.999Z,X3843070,6435,44.25946,7.61527,24024.8,5.3,2.5,293.5,-55.4,1.3,-1.0,RS41-SG,403.701,9.8,-500,9,2.6,,
2026-09-20T11:23:32.999Z,X3843070,6436,44.25947,7.61525,24030.6,6.3,1.8,318.9,-55.4,1.3,-1.0,RS41-SG,403.701,10.1,-500,9,2.6,,
2026-09-20T11:23:33.999Z,X3843070,6437,44.25948,7.61524,24036.0,4.6,1.7,353.5,-55.4,1.2,-1.0,RS41-SG,403.701,10.2,-500,9,2.6,,
2026-09-20T11:23:34.999Z,X3843070,6438,44.25950,7.61524,24040.8,5.0,2.3,5.1,-55.4,1.2,-1.0,RS41-SG,403.701,10.4,-500,9,2.7,,
2026-09-20T11:23:35.999Z,X3843070,6439,44.25952,7.61524,24046.7,6.6,2.9,356.2,-55.5,1.3,-1.0,RS41-SG,403.701,11.1,-500,9,2.7,,
2026-09-20T11:23:36.999Z,X3843070,6440,44.25955,7.61524,24052.5,5.3,3.4,345.1,-55.4,1.3,-1.0,RS41-SG,403.701,11.1,-125,9,2.6,,
2026-09-20T11:23:37.999Z,X3843070,6441,44.25958,7.61522,24057.5,4.7,3.9,338.1,-55.3,1.3,-1.0,RS41-SG,403.701,10.8,-500,9,2.6,,
2026-09-20T11:23:38.999Z,X3843070,6442,44.25962,7.61520,24063.1,6.4,4.0,342.3,-55.2,1.3,-1.0,RS41-SG,403.701,10.1,-500,9,2.6,,
2026-09-20T11:23:39.999Z,X3843070,6443,44.25965,7.61519,24068.8,4.8,4.0,350.7,-55.2,1.3,-1.0,RS41-SG,403.701,10.0,-500,9,2.7,,
2026-09-20T11:23:40.999Z,X3843070,6444,44.25969,7.61518,24073.6,4.7,3.9,353.2,-55.4,1.3,-1.0,RS41-SG,403.701,10.8,-500,9,2.7,,
2026-09-20T11:23:41.999Z,X3843070,6445,44.25972,7.61518,24079.2,6.7,3.7,344.1,-55.4,1.4,-1.0,RS41-SG,403.701,11.2,-500,9,2.6,,
2026-09-20T11:23:42.999Z,X3843070,6446,44.25975,7.61516,24085.0,4.9,3.4,327.9,-55.4,1.3,-1.0,RS41-SG,403.701,11.2,-500,9,2.6,,
2026-09-20T11:23:43.999Z,X3843070,6447,44.25977,7.61513,24090.0,4.9,3.1,315.4,-55.3,1.4,-1.0,RS41-SG,403.701,10.6,-500,9,2.6,,
2026-09-20T11:23:44.999Z,X3843070,6448,44.25979,7.61511,24095.3,5.6,2.4,316.9,-55.4,1.4,-1.0,RS41-SG,403.701,10.9,-500,9,2.7,,
2026-09-20T11:23:45.999Z,X3843070,6449,44.25980,7.61510,24100.7,5.2,1.3,341.6,-55.6,1.3,-1.0,RS41-SG,403.701,11.0,-500,9,2.7,,
2026-09-20T11:23:46.999Z,X3843070,6450,44.25981,7.61510,24105.8,5.0,1.0,47.6,-55.6,1.3,-1.0,RS41-SG,403.701,11.0,-500,9,2.6,,
2026-09-20T11:23:47.999Z,X3843070,6451,44.25981,7.61511,24110.6,4.5,1.3,91.1,-55.6,1.3,-1.0,RS41-SG,403.701,10.3,-125,9,2.6,,
2026-09-20T11:23:48.999Z,X3843070,6452,44.25981,7.61513,24115.4,5.0,1.4,114.9,-55.5,1.3,-1.0,RS41-SG,403.701,10.3,-500,9,2.6,,
2026-09-20T11:23:49.999Z,X3843070,6453,44.25981,7.61514,24120.8,5.7,1.0,131.4,-55.6,1.3,-1.0,RS41-SG,403.701,10.8,-500,9,2.7,,
2026-09-20T11:23:50.999Z,X3843070,6454,44.25980,7.61514,24126.4,5.5,0.1,335.7,-55.6,1.3,-1.0,RS41-SG,403.701,11.2,-500,9,2.7,,
2026-09-20T11:23:51.999Z,X3843070,6455,44.25981,7.61514,24131.5,4.5,1.4,337.7,-55.6,1.3,-1.0,RS41-SG,403.701,11.2,-500,9,2.6,,
2026-09-20T11:23:52.999Z,X3843070,6456,44.25983,7.61513,24136.0,4.5,2.8,350.3,-55.7,1.4,-1.0,RS41-SG,403.701,10.2,-500,9,2.6,,
2026-09-20T11:23:53.999Z,X3843070,6457,44.25986,7.61513,24140.9,5.2,4.3,3.8,-55.9,1.4,-1.0,RS41-SG,403.701,10.5,-500,9,2.6,,
2026-09-20T11:23:54.999Z,X3843070,6458,44.25990,7.61514,24145.7,4.4,5.0,12.9,-55.9,1.4,-1.0,RS41-SG,403.701,10.5,-500,9,2.7,,
2026-09-20T11:23:55.999Z,X3843070,6459,44.25994,7.61516,24150.3,4.7,4.5,21.0,-55.9,1.4,-1.0,RS41-SG,403.701,10.1,-500,9,2.7,,
2026-09-20T11:23:56.999Z,X3843070,6460,44.25997,7.61518,24155.7,5.8,3.2,28.1,-56.0,1.3,-1.0,RS41-SG,403.701,10.3,-500,9,2.6,,
2026-09-20T11:23:57.999Z,X3843070,6461,44.25999,7.61519,24161.6,6.0,1.3,41.0,-56.1,1.4,-1.0,RS41-SG,403.701,10.3,-125,9,2.6,,
2026-09-20T11:23:58.999Z,X3843070,6462,44.25999,7.61520,24166.8,4.4,0.6,131.1,-56.0,1.4,-1.0,RS41-SG,403.701,10.1,-500,9,2.6,,
2026-09-20T11:23:59.999Z,X3843070,6463,44.25998,7.61520,24171.1,4.2,1.6,162.8,-56.0,1.4,-1.0,RS41-SG,403.701,10.7,-500,9,2.7,,
2026-09-20T11:24:00.999Z,X3843070,6464,44.25997,7.61521,24176.0,5.6,2.4,151.0,-56.0,1.4,-1.0,RS41-SG,403.701,10.7,-500,9,2.7,,
2026-09-20T11:24:01.999Z,X3843070,6465,44.25995,7.61524,24181.8,5.7,2.9,130.3,-56.0,1.4,-1.0,RS41-SG,403.701,11.7,-500,9,2.6,,
2026-09-20T11:24:02.999Z,X3843070,6466,44.25994,7.61527,24186.8,4.3,3.2,115.7,-56.0,1.4,-1.0,RS41-SG,403.701,11.7,-500,9,2.6,,
2026-09-20T11:24:03.999Z,X3843070,6467,44.25993,7.61530,24191.4,4.9,3.1,106.3,-56.0,1.4,-1.0,RS41-SG,403.701,11.8,-500,9,2.6,,
2026-09-20T11:24:04.999Z,X3843070,6468,44.25992,7.61534,24197.1,6.5,2.3,105.1,-56.1,1.4,-1.0,RS41-SG,403.701,11.8,-500,9,2.7,,
2026-09-20T11:24:05.999Z,X3843070,6469,44.25992,7.61536,24203.2,5.7,1.1,97.6,-56.3,1.4,-1.0,RS41-SG,403.701,11.6,-500,9,2.7,,
2026-09-20T11:24:06.999Z,X3843070,6470,44.25992,7.61537,24208.7,5.0,0.5,16.8,-56.2,1.4,-1.0,RS41-SG,403.701,11.5,-500,9,2.6,,
2026-09-20T11:24:07.999Z,X3843070,6471,44.25993,7.61536,24214.2,5.9,1.7,347.7,-56.2,1.4,-1.0,RS41-SG,403.701,11.5,-500,9,2.6,,
2026-09-20T11:24:08.999Z,X3843070,6472,44.25995,7.61536,24219.6,5.1,2.9,350.1,-56.1,1.3,-1.0,RS41-SG,403.701,11.3,-500,9,2.6,,
2026-09-20T11:24:09.999Z,X3843070,6473,44.25998,7.61535,24224.4,4.4,3.8,348.8,-56.1,1.4,-1.0,RS41-SG,403.701,11.1,-500,9,2.7,,
2026-09-20T11:24:10.999Z,X3843070,6474,44.26001,7.61534,24229.4,5.5,4.0,341.6,-56.2,1.4,-1.0,RS41-SG,403.701,11.5,-125,9,2.7,,
2026-09-20T11:24:11.999Z,X3843070,6475,44.26004,7.61532,24235.3,6.4,3.7,327.4,-56.2,1.4,-1.0,RS41-SG,403.701,11.5,-125,9,2.6,,
2026-09-20T11:24:12.999Z,X3843070,6476,44.26007,7.61529,24241.2,5.3,3.2,315.1,-56.0,1.4,-1.0,RS41-SG,403.701,11.3,-500,9,2.6,,
2026-09-20T11:24:13.999Z,X3843070,6477,44.26008,7.61527,24246.5,5.2,2.5,310.9,-55.8,1.3,-1.0,RS41-SG,403.701,10.8,-500,9,2.6,,
2026-09-20T11:24:14.999Z,X3843070,6478,44.26010,7.61525,24252.1,6.1,1.6,327.1,-55.7,1.3,-1.0,RS41-SG,403.701,10.8,-125,9,2.7,,
2026-09-20T11:24:15.999Z,X3843070,6479,44.26011,7.61524,24257.6,5.0,1.4,8.2,-55.7,1.3,-1.0,RS41-SG,403.701,10.8,-500,9,2.7,,
2026-09-20T11:24:16.999Z,X3843070,6480,44.26012,7.61525,24262.5,4.9,1.5,34.2,-55.7,1.3,-1.0,RS41-SG,403.701,10.7,-500,9,2.6,,
2026-09-20T11:24:17.999Z,X3843070,6481,44.26013,7.61526,24267.8,5.7,1.1,42.1,-55.7,1.3,-1.0,RS41-SG,403.701,11.4,-500,9,2.6,,
2026-09-20T11:24:18.999Z,X3843070,6482,44.26014,7.61526,24273.6,5.9,0.5,339.8,-55.8,1.4,-1.0,RS41-SG,403.701,11.4,-500,9,2.6,,
2026-09-20T11:24:19.999Z,X3843070,6483,44.26014,7.61526,24279.0,5.0,1.1,295.0,-55.9,1.4,-1.0,RS41-SG,403.701,11.3,-500,9,2.7,,
2026-09-20T11:24:20.999Z,X3843070,6484,44.26015,7.61524,24283.8,4.7,1.7,305.7,-56.0,1.4,-1.0,RS41-SG,403.701,11.7,-500,9,2.7,,
2026-09-20T11:24:21.999Z,X3843070,6485,44.26016,7.61522,24289.0,5.5,2.3,325.3,-56.1,1.3,-1.0,RS41-SG,403.701,11.7,-125,9,2.6,,
2026-09-20T11:24:22.999Z,X3843070,6486,44.26018,7.61521,24294.7,5.8,2.8,335.8,-56.1,1.3,-1.0,RS41-SG,403.701,11.1,-500,9,2.6,,
2026-09-20T11:24:23.999Z,X3843070,6487,44.26020,7.61520,24299.8,4.4,2.8,337.5,-56.0,1.3,-1.0,RS41-SG,403.701,10.6,-125,9,2.6,,
2026-09-20T11:24:24.999Z,X3843070,6488,44.26022,7.61518,24304.5,5.1,2.1,323.5,-55.9,1.3,-1.0,RS41-SG,403.701,11.7,-125,9,2.7,,
2026-09-20T11:24:25.999Z,X3843070,6489,44.26023,7.61516,24310.1,6.2,1.7,275.2,-55.9,1.4,-1.0,RS41-SG,403.701,11.7,-125,9,2.7,,
2026-09-20T11:24:26.999Z,X3843070,6490,44.26023,7.61514,24315.8,4.9,2.3,237.8,-55.9,1.4,-1.0,RS41-SG,403.701,11.6,-125,9,2.6,,
2026-09-20T11:24:27.999Z,X3843070,6491,44.26021,7.61512,24320.4,4.4,2.7,220.8,-55.9,1.4,-1.0,RS41-SG,403.701,11.3,-125,9,2.6,,
2026-09-20T11:24:28.999Z,X3843070,6492,44.26019,7.61510,24325.6,6.1,2.5,200.5,-55.9,1.4,-1.0,RS41-SG,403.701,11.4,-125,9,2.6,,
2026-09-20T11:24:29.999Z,X3843070,6493,44.26017,7.61510,24331.4,5.2,2.0,177.7,-55.9,1.3,-1.0,RS41-SG,403.701,11.4,-500,9,2.7,,
2026-09-20T11:24:30.999Z,X3843070,6494,44.26016,7.61510,24336.2,4.6,1.4,152.3,-55.9,1.4,-1.0,RS41-SG,403.701,11.5,-125,9,2.7,,
2026-09-20T11:24:31.999Z,X3843070,6495,44.26015,7.61511,24341.6,6.2,0.6,128.6,-55.8,1.3,-1.0,RS41-SG,403.701,11.5,-500,9,2.6,,
2026-09-20T11:24:32.999Z,X3843070,6496,44.26015,7.61511,24347.7,5.9,0.3,281.7,-55.7,1.3,-1.0,RS41-SG,403.701,11.0,-500,9,2.6,,
2026-09-20T11:24:33.999Z,X3843070,6497,44.26015,7.61510,24353.2,5.1,1.2,303.1,-55.7,1.3,-1.0,RS41-SG,403.701,11.0,-125,9,2.6,,
2026-09-20T11:24:34.999Z,X3843070,6498,44.26016,7.61509,24358.4,5.4,2.0,329.4,-55.8,1.3,-1.0,RS41-SG,403.701,9.9,-125,9,2.7,,
2026-09-20T11:24:35.999Z,X3843070,6499,44.26018,7.61508,24364.1,5.9,2.7,349.6,-55.7,1.3,-1.0,RS41-SG,403.701,9.9,-500,9,2.7,,
2026-09-20T11:24:36.999Z,X3843070,6500,44.26021,7.61508,24369.3,4.3,3.2,1.3,-55.7,1.3,-1.0,RS41-SG,403.701,8.9,-500,9,2.6,,
2026-09-20T11:24:37.999Z,X3843070,6501,44.26024,7.61508,24373.9,5.0,2.9,6.0,-55.7,1.3,-1.0,RS41-SG,403.701,9.1,-125,9,2.6,,
2026-09-20T11:24:38.999Z,X3843070,6502,44.26026,7.61508,24379.5,6.1,1.7,10.4,-55.7,1.3,-1.0,RS41-SG,403.701,9.7,-500,9,2.6,,
2026-09-20T11:24:39.999Z,X3843070,6503,44.26027,7.61508,24385.2,5.3,0.3,42.2,-55.6,1.3,-1.0,RS41-SG,403.701,9.9,-500,9,2.7,,
2026-09-20T11:24:40.999Z,X3843070,6504,44.26026,7.61509,24390.0,4.5,1.0,160.9,-55.5,1.3,-1.0,RS41-SG,403.701,10.9,-125,9,2.7,,
2026-09-20T11:24:41.999Z,X3843070,6505,44.26025,7.61510,24394.8,5.2,1.8,149.6,-55.5,1.3,-1.0,RS41-SG,403.701,11.8,-125,9,2.6,,
2026-09-20T11:24:42.999Z,X3843070,6506,44.26024,7.61511,24400.4,5.9,2.3,124.2,-55.4,1.3,-1.0,RS41-SG,403.701,11.8,-500,9,2.6,,
2026-09-20T11:24:43.999Z,X3843070,6507,44.26023,7.61514,24405.7,4.7,2.7,106.2,-55.4,1.3,-1.0,RS41-SG,403.701,11.8,-500,9,2.6,,
2026-09-20T11:24:44.999Z,X3843070,6508,44.26023,7.61517,24410.2,4.4,2.5,93.9,-55.5,1.3,-1.0,RS41-SG,403.701,11.7,-500,9,2.7,,
2026-09-20T11:24:45.999Z,X3843070,6509,44.26023,7.61520,24415.2,5.5,1.9,85.0,-55.5,1.3,-1.0,RS41-SG,403.701,11.7,-500,9,2.7,,
2026-09-20T11:24:46.999Z,X3843070,6510,44.26023,7.61521,24421.1,6.4,0.6,55.5,-55.5,1.3,-1.0,RS41-SG,403.701,11.6,-125,9,2.6,,
2026-09-20T11:24:47.999Z,X3843070,6511,44.26023,7.61521,24426.7,4.9,0.8,316.9,-55.4,1.3,-1.0,RS41-SG,403.701,10.5,-500,9,2.6,,
2026-09-20T11:24:48.999Z,X3843070,6512,44.26024,7.61520,24431.8,5.4,1.8,314.6,-55.3,1.3,-1.0,RS41-SG,403.701,10.1,-125,9,2.6,,
2026-09-20T11:24:49.999Z,X3843070,6513,44.26026,7.61519,24437.8,6.6,2.8,329.8,-55.3,1.3,-1.0,RS41-SG,403.701,10.8,-125,9,2.7,,
2026-09-20T11:24:50.999Z,X3843070,6514,44.26028,7.61517,24443.4,4.7,3.6,340.7,-55.4,1.3,-1.0,RS41-SG,403.701,10.9,-500,9,2.7,,
2026-09-20T11:24:51.999Z,X3843070,6515,44.26032,7.61516,24447.9,4.4,4.0,346.3,-55.5,1.3,-1.0,RS41-SG,403.701,11.4,-500,9,2.6,,
2026-09-20T11:24:52.999Z,X3843070,6516,44.26035,7.61514,24453.1,6.0,3.8,343.4,-55.4,1.3,-1.0,RS41-SG,403.701,11.4,-500,9,2.6,,
2026-09-20T11:24:53.999Z,X3843070,6517,44.26038,7.61513,24458.8,5.6,3.3,333.5,-55.3,1.3,-1.0,RS41-SG,403.701,10.8,-500,9,2.6,,
2026-09-20T11:24:54.999Z,X3843070,6518,44.26040,7.61511,24463.9,4.5,3.0,322.2,-55.3,1.3,-1.0,RS41-SG,403.701,10.4,-500,9,2.7,,
2026-09-20T11:24:55.999Z,X3843070,6519,44.26042,7.61509,24468.3,4.5,2.8,321.6,-55.4,1.3,-1.0,RS41-SG,403.701,10.4,-500,9,2.7,,
2026-09-20T11:24:56.999Z,X3843070,6520,44.26044,7.61507,24473.3,5.4,2.9,336.2,-55.5,1.3,-1.0,RS41-SG,403.701,11.2,-500,9,2.7,,
2026-09-20T11:24:57.999Z,X3843070,6521,44.26047,7.61506,24479.2,6.6,3.3,353.4,-55.5,1.3,-1.0,RS41-SG,403.701,11.2,-500,9,2.6,,
2026-09-20T11:24:58.999Z,X3843070,6522,44.26050,7.61506,24485.0,5.0,3.9,3.6,-55.4,1.3,-1.0,RS41-SG,403.701,10.8,-500,9,2.6,,
2026-09-20T11:24:59.999Z,X3843070,6523,44.26054,7.61506,24490.0,5.0,4.1,9.2,-55.3,1.3,-1.0,RS41-SG,403.701,11.0,-500,9,2.6,,
2026-09-20T11:25:00.999Z,X3843070,6524,44.26057,7.61507,24496.0,6.9,3.6,6.9,-55.3,1.3,-1.0,RS41-SG,403.701,11.3,-125,9,2.6,,
2026-09-20T11:25:01.999Z,X3843070,6525,44.26060,7.61507,24502.1,5.3,3.1,0.8,-55.2,1.3,-1.0,RS41-SG,403.701,11.9,-125,9,2.7,,
2026-09-20T11:25:02.999Z,X3843070,6526,44.26063,7.61507,24507.0,4.4,3.0,355.9,-55.2,1.3,-1.0,RS41-SG,403.701,11.9,-125,9,2.7,,
2026-09-20T11:25:03.999Z,X3843070,6527,44.26066,7.61507,24512.6,6.8,3.3,357.4,-55.2,1.3,-1.0,RS41-SG,403.701,11.1,-125,9,2.6,,
2026-09-20T11:25:04.999Z,X3843070,6528,44.26069,7.61507,24518.6,5.2,3.9,5.8,-55.2,1.3,-1.0,RS41-SG,403.701,10.7,-500,9,2.6,,
2026-09-20T11:25:05.999Z,X3843070,6529,44.26073,7.61508,24523.7,5.0,4.1,7.3,-55.2,1.3,-1.0,RS41-SG,403.701,10.8,-500,9,2.6,,
2026-09-20T11:25:06.999Z,X3843070,6530,44.26076,7.61508,24529.9,7.3,3.7,5.1,-55.2,1.3,-1.0,RS41-SG,403.701,10.8,-125,9,2.7,,
2026-09-20T11:25:07.999Z,X3843070,6531,44.26079,7.61508,24536.0,4.9,3.0,356.9,-55.2,1.3,-1.0,RS41-SG,403.701,10.7,-125,9,2.7,,
2026-09-20T11:25:08.999Z,X3843070,6532,44.26082,7.61508,24540.8,4.6,2.2,353.4,-55.2,1.3,-1.0,RS41-SG,403.701,10.7,-500,9,2.6,,
2026-09-20T11:25:09.999Z,X3843070,6533,44.26083,7.61508,24546.5,6.6,2.1,13.8,-55.2,1.3,-1.0,RS41-SG,403.701,10.3,-500,9,2.6,,
2026-09-20T11:25:10.999Z,X3843070,6534,44.26085,7.61509,24552.5,5.4,2.7,34.1,-55.3,1.3,-1.0,RS41-SG,403.701,10.3,-500,9,2.6,,
2026-09-20T11:25:11.999Z,X3843070,6535,44.26087,7.61512,24557.8,5.2,3.2,51.5,-55.3,1.3,-1.0,RS41-SG,403.701,10.5,-500,9,2.7,,
2026-09-20T11:25:12.999Z,X3843070,6536,44.26089,7.61515,24563.2,5.5,3.4,66.6,-55.2,1.3,-1.0,RS41-SG,403.701,10.5,-500,9,2.7,,
2026-09-20T11:25:13.999Z,X3843070,6537,44.26090,7.61519,24568.9,6.0,3.3,84.5,-55.2,1.3,-1.0,RS41-SG,403.701,10.1,-500,9,2.6,,
2026-09-20T11:25:14.999Z,X3843070,6538,44.26090,7.61524,24574.5,5.1,3.3,94.9,-55.2,1.3,-1.0,RS41-SG,403.701,10.6,-500,9,2.6,,
2026-09-20T11:25:15.999Z,X3843070,6539,44.26089,7.61528,24579.6,5.0,3.7,91.3,-55.2,1.3,-1.0,RS41-SG,403.701,10.9,-500,9,2.6,,
2026-09-20T11:25:16.999Z,X3843070,6540,44.26090,7.61533,24584.6,5.0,4.5,82.5,-55.2,1.3,-1.0,RS41-SG,403.701,10.9,-500,9,2.7,,
2026-09-20T11:25:17.999Z,X3843070,6541,44.26091,7.61539,24590.2,6.0,5.6,70.6,-55.3,1.3,-1.0,RS41-SG,403.701,10.6,-500,9,2.7,,
2026-09-20T11:25:18.999Z,X3843070,6542,44.26093,7.61546,24595.9,5.6,6.6,63.4,-55.4,1.3,-1.0,RS41-SG,403.701,10.6,-500,9,2.6,,
2026-09-20T11:25:19.999Z,X3843070,6543,44.26096,7.61554,24600.9,4.4,7.2,60.9,-55.4,1.3,-1.0,RS41-SG,403.701,10.5,-500,9,2.6,,
2026-09-20T11:25:20.999Z,X3843070,6544,44.26099,7.61561,24605.7,5.2,6.9,60.6,-55.4,1.3,-1.0,RS41-SG,403.701,11.0,-500,9,2.6,,
2026-09-20T11:25:21.999Z,X3843070,6545,44.26101,7.61568,24611.4,6.3,5.6,65.1,-55.4,1.3,-1.0,RS41-SG,403.701,11.5,-500,9,2.7,,
2026-09-20T11:25:22.999Z,X3843070,6546,44.26103,7.61574,24617.5,5.8,3.9,71.3,-55.4,1.3,-1.0,RS41-SG,403.701,11.5,-500,9,2.7,,
2026-09-20T11:25:23.999Z,X3843070,6547,44.26104,7.61578,24622.6,4.4,2.8,79.7,-55.3,1.3,-1.0,RS41-SG,403.701,11.2,-500,9,2.6,,
2026-09-20T11:25:24.999Z,X3843070,6548,44.26104,7.61581,24627.2,4.9,2.0,77.3,-55.3,1.3,-1.0,RS41-SG,403.701,11.6,-500,9,2.6,,
2026-09-20T11:25:25.999Z,X3843070,6549,44.26105,7.61583,24633.0,6.6,2.2,60.8,-55.2,1.3,-1.0,RS41-SG,403.701,11.6,-500,9,2.6,,
2026-09-20T11:25:26.999Z,X3843070,6550,44.26106,7.61586,24639.1,5.7,2.9,51.3,-55.3,1.3,-1.0,RS41-SG,403.701,11.1,-500,9,2.7,,
2026-09-20T11:25:27.999Z,X3843070,6551,44.26108,7.61589,24644.4,4.8,3.6,49.5,-55.3,1.3,-1.0,RS41-SG,403.701,11.1,-500,9,2.7,,
2026-09-20T11:25:28.999Z,X3843070,6552,44.26110,7.61593,24649.9,6.0,4.0,54.5,-55.4,1.3,-1.0,RS41-SG,403.701,10.8,-500,9,2.6,,
2026-09-20T11:25:29.999Z,X3843070,6553,44.26112,7.61597,24655.9,6.1,4.2,62.8,-55.4,1.3,-1.0,RS41-SG,403.701,10.8,-500,9,2.6,,
2026-09-20T11:25:30.999Z,X3843070,6554,44.26114,7.61602,24661.6,5.1,4.5,67.8,-55.4,1.3,-1.0,RS41-SG,403.701,9.7,-500,9,2.6,,
2026-09-20T11:25:31.999Z,X3843070,6555,44.26115,7.61607,24666.8,5.4,5.4,67.9,-55.4,1.3,-1.0,RS41-SG,403.701,11.1,-500,9,2.7,,
2026-09-20T11:25:32.999Z,X3843070,6556,44.26117,7.61614,24672.3,5.8,6.7,65.2,-55.4,1.3,-1.0,RS41-SG,403.701,11.1,-500,9,2.7,,
2026-09-20T11:25:33.999Z,X3843070,6557,44.26120,7.61622,24677.5,4.7,7.6,62.4,-55.3,1.3,-1.0,RS41-SG,403.701,11.3,-500,9,2.6,,
2026-09-20T11:25:34.999Z,X3843070,6558,44.26124,7.61631,24682.1,4.7,7.7,60.8,-55.2,1.3,-1.0,RS41-SG,403.701,11.3,-500,9,2.6,,
2026-09-20T11:25:35.999Z,X3843070,6559,44.26127,7.61639,24687.6,6.3,6.4,61.5,-55.1,1.3,-1.0,RS41-SG,403.701,11.2,-500,9,2.6,,
2026-09-20T11:25:36.999Z,X3843070,6560,44.26129,7.61645,24693.6,5.6,4.9,63.2,-55.1,1.3,-1.0,RS41-SG,403.701,11.2,-500,9,2.7,,
2026-09-20T11:25:37.999Z,X3843070,6561,44.26131,7.61650,24698.6,4.7,3.7,65.9,-55.0,1.3,-1.0,RS41-SG,403.701,11.2,-500,9,2.7,,
2026-09-20T11:25:38.999Z,X3843070,6562,44.26132,7.61654,24703.9,5.9,2.9,68.8,-54.9,1.3,-1.0,RS41-SG,403.701,11.4,-500,9,2.6,,
2026-09-20T11:25:39.999Z,X3843070,6563,44.26133,7.61657,24709.7,5.7,2.9,63.6,-54.9,1.3,-1.0,RS41-SG,403.701,11.4,-500,9,2.6,,
2026-09-20T11:25:40.999Z,X3843070,6564,44.26134,7.61660,24715.0,4.8,3.2,66.6,-54.8,1.3,-1.0,RS41-SG,403.701,11.3,-500,9,2.6,,
2026-09-20T11:25:41.999Z,X3843070,6565,44.26135,7.61664,24720.4,6.0,3.4,73.3,-54.8,1.2,-1.0,RS41-SG,403.701,11.5,-500,9,2.7,,
2026-09-20T11:25:42.999Z,X3843070,6566,44.26135,7.61668,24726.4,6.0,3.4,83.7,-54.8,1.2,-1.0,RS41-SG,403.701,11.5,-500,9,2.7,,
2026-09-20T11:25:43.999Z,X3843070,6567,44.26136,7.61673,24732.0,4.9,3.8,88.2,-54.8,1.2,-1.0,RS41-SG,403.701,10.6,-500,9,2.7,,
2026-09-20T11:25:44.999Z,X3843070,6568,44.26136,7.61678,24737.4,6.0,4.8,83.8,-54.8,1.2,-1.0,RS41-SG,403.701,10.6,-500,9,2.6,,
2026-09-20T11:25:45.999Z,X3843070,6569,44.26137,7.61685,24743.3,5.8,6.4,75.7,-54.8,1.2,-1.0,RS41-SG,403.701,10.6,-500,9,2.6,,
2026-09-20T11:25:46.999Z,X3843070,6570,44.26139,7.61693,24748.3,4.2,7.4,72.4,-54.7,1.2,-1.0,RS41-SG,403.701,10.9,-500,9,2.6,,
2026-09-20T11:25:47.999Z,X3843070,6571,44.26141,7.61702,24753.1,5.4,7.9,72.8,-54.7,1.2,-1.0,RS41-SG,403.701,11.0,-500,9,2.6,,
2026-09-20T11:25:48.999Z,X3843070,6572,44.26142,7.61712,24759.0,6.3,7.5,78.8,-54.8,1.2,-1.0,RS41-SG,403.701,11.0,-500,9,2.7,,
2026-09-20T11:25:49.999Z,X3843070,6573,44.26143,7.61721,24764.8,5.4,6.9,84.4,-54.9,1.2,-1.0,RS41-SG,403.701,11.9,-500,9,2.7,,
2026-09-20T11:25:50.999Z,X3843070,6574,44.26144,7.61729,24770.1,5.2,6.4,89.4,-54.9,1.3,-1.0,RS41-SG,403.701,11.9,-500,9,2.6,,
2026-09-20T11:25:51.999Z,X3843070,6575,44.26144,7.61737,24775.7,6.1,6.1,89.0,-54.9,1.3,-1.0,RS41-SG,403.701,12.2,-500,9,2.6,,
2026-09-20T11:25:52.999Z,X3843070,6576,44.26144,7.61744,24781.5,5.5,5.7,86.0,-54.8,1.3,-1.0,RS41-SG,403.701,12.2,-500,9,2.6,,
2026-09-20T11:25:53.999Z,X3843070,6577,44.26144,7.61751,24786.9,5.2,5.1,84.9,-54.8,1.3,-1.0,RS41-SG,403.701,12.0,-500,9,2.7,,
2026-09-20T11:25:54.999Z,X3843070,6578,44.26145,7.61757,24792.5,5.9,4.2,86.8,-54.8,1.3,-1.0,RS41-SG,403.701,12.5,-500,9,2.7,,
2026-09-20T11:25:55.999Z,X3843070,6579,44.26144,7.61761,24798.6,6.3,3.2,96.6,-54.9,1.3,-1.0,RS41-SG,403.701,12.8,-500,9,2.6,,
2026-09-20T11:25:56.999Z,X3843070,6580,44.26144,7.61765,24804.2,5.0,2.6,101.2,-54.9,1.3,-1.0,RS41-SG,403.701,12.8,-500,9,2.6,,
2026-09-20T11:25:57.999Z,X3843070,6581,44.26144,7.61768,24809.3,5.3,2.5,89.6,-54.8,1.3,-1.0,RS41-SG,403.701,12.3,-500,9,2.6,,
2026-09-20T11:25:58.999Z,X3843070,6582,44.26144,7.61771,24814.9,6.1,3.4,68.0,-54.7,1.3,-1.0,RS41-SG,403.701,11.6,-500,9,2.7,,
2026-09-20T11:25:59.999Z,X3843070,6583,44.26146,7.61776,24821.0,5.9,4.7,58.5,-54.7,1.3,-1.0,RS41-SG,403.701,12.3,-500,9,2.7,,
2026-09-20T11:26:00.999Z,X3843070,6584,44.26149,7.61781,24826.3,4.8,5.8,55.2,-54.8,1.3,-1.0,RS41-SG,403.701,12.4,-500,9,2.6,,
2026-09-20T11:26:01.999Z,X3843070,6585,44.26152,7.61788,24831.4,5.6,6.4,57.5,-54.8,1.3,-1.0,RS41-SG,403.701,12.4,-500,9,2.6,,
2026-09-20T11:26:02.999Z,X3843070,6586,44.26154,7.61794,24837.4,6.5,6.0,63.6,-54.6,1.2,-1.0,RS41-SG,403.701,12.4,-500,9,2.6,,
2026-09-20T11:26:03.999Z,X3843070,6587,44.26156,7.61801,24843.1,4.9,5.3,72.5,-54.5,1.2,-1.0,RS41-SG,403.701,12.7,-500,9,2.7,,
2026-09-20T11:26:04.999Z,X3843070,6588,44.26157,7.61807,24847.7,4.3,5.1,80.1,-54.4,1.2,-1.0,RS41-SG,403.701,12.7,-500,9,2.7,,
2026-09-20T11:26:05.999Z,X3843070,6589,44.26158,7.61813,24852.7,5.7,5.0,82.4,-54.5,1.2,-1.0,RS41-SG,403.701,12.7,-500,9,2.6,,
2026-09-20T11:26:06.999Z,X3843070,6590,44.26159,7.61820,24858.6,6.3,5.4,79.4,-54.5,1.2,-1.0,RS41-SG,403.701,12.4,-500,9,2.6,,
2026-09-20T11:26:07.999Z,X3843070,6591,44.26160,7.61827,24864.5,5.5,5.6,77.2,-54.4,1.2,-1.0,RS41-SG,403.701,12.4,-500,9,2.6,,
2026-09-20T11:26:08.999Z,X3843070,6592,44.26161,7.61833,24870.0,5.5,5.4,76.6,-54.4,1.2,-1.0,RS41-SG,403.701,12.0,-500,9,2.7,,
2026-09-20T11:26:09.999Z,X3843070,6593,44.26162,7.61840,24876.0,6.4,4.8,81.4,-54.5,1.2,-1.0,RS41-SG,403.701,12.1,-500,9,2.7,,
2026-09-20T11:26:10.999Z,X3843070,6594,44.26162,7.61845,24881.9,5.5,4.2,86.8,-54.5,1.2,-1.0,RS41-SG,403.701,12.1,-500,9,2.6,,
2026-09-20T11:26:11.999Z,X3843070,6595,44.26162,7.61850,24886.9,4.7,4.0,90.3,-54.3,1.2,-1.0,RS41-SG,403.701,12.0,-500,9,2.6,,
2026-09-20T11:26:12.999Z,X3843070,6596,44.26162,7.61856,24892.0,5.6,4.6,87.6,-54.3,1.2,-1.0,RS41-SG,403.701,12.9,-500,9,2.6,,
2026-09-20T11:26:13.999Z,X3843070,6597,44.26163,7.61862,24897.9,6.1,5.7,82.3,-54.4,1.2,-1.0,RS41-SG,403.701,12.9,-500,9,2.7,,
2026-09-20T11:26:14.999Z,X3843070,6598,44.26164,7.61870,24903.5,5.1,6.7,80.5,-54.4,1.2,-1.0,RS41-SG,403.701,12.7,-500,9,2.7,,
2026-09-20T11:26:15.999Z,X3843070,6599,44.26165,7.61878,24908.9,5.8,7.1,83.2,-54.3,1.3,-1.0,RS41-SG,403.701,13.0,-500,9,2.7,,
2026-09-20T11:26:16.999Z,X3843070,6600,44.26165,7.61887,24914.9,6.3,6.8,89.6,-54.3,1.2,-1.0,RS41-SG,403.701,13.0,-500,9,2.6,,
2026-09-20T11:26:17.999Z,X3843070,6601,44.26165,7.61895,24920.4,4.5,6.2,95.7,-54.3,1.3,-1.0,RS41-SG,403.701,12.6,-500,9,2.6,,
2026-09-20T11:26:18.999Z,X3843070,6602,44.26164,7.61902,24924.9,4.6,5.6,99.0,-54.2,1.2,-1.0,RS41-SG,403.701,13.0,-500,9,2.6,,
2026-09-20T11:26:19.999Z,X3843070,6603,44.26163,7.61909,24930.1,5.8,5.0,94.8,-54.1,1.2,-1.0,RS41-SG,403.701,13.0,-500,9,2.6,,
2026-09-20T11:26:20.999Z,X3843070,6604,44.26164,7.61915,24935.9,5.7,4.8,82.6,-54.1,1.2,-1.0,RS41-SG,403.701,12.8,-500,9,2.7,,
2026-09-20T11:26:21.999Z,X3843070,6605,44.26164,7.61920,24941.0,4.7,4.6,73.4,-54.2,1.2,-1.0,RS41-SG,403.701,12.8,-500,9,2.7,,
2026-09-20T11:26:22.999Z,X3843070,6606,44.26166,7.61925,24946.1,5.6,3.8,66.7,-54.1,1.2,-1.0,RS41-SG,403.701,12.2,-500,9,2.6,,
2026-09-20T11:26:23.999Z,X3843070,6607,44.26167,7.61929,24951.9,5.9,2.7,68.9,-54.1,1.2,-1.0,RS41-SG,403.701,12.2,-500,9,2.6,,
2026-09-20T11:26:24.999Z,X3843070,6608,44.26167,7.61932,24957.3,4.8,2.2,76.6,-54.2,1.2,-1.0,RS41-SG,403.701,12.2,-500,9,2.6,,
2026-09-20T11:26:25.999Z,X3843070,6609,44.26168,7.61935,24962.3,5.2,2.5,93.6,-54.0,1.2,-1.0,RS41-SG,403.701,11.9,-500,9,2.7,,
2026-09-20T11:26:26.999Z,X3843070,6610,44.26167,7.61939,24968.1,6.4,3.5,98.8,-53.9,1.2,-1.0,RS41-SG,403.701,12.2,-500,9,2.7,,
2026-09-20T11:26:27.999Z,X3843070,6611,44.26167,7.61944,24973.6,4.8,4.8,96.5,-53.9,1.2,-1.0,RS41-SG,403.701,12.7,-500,9,2.6,,
2026-09-20T11:26:28.999Z,X3843070,6612,44.26166,7.61950,24978.4,4.8,5.8,98.3,-54.0,1.2,-1.0,RS41-SG,403.701,12.7,-500,9,2.6,,
2026-09-20T11:26:29.999Z,X3843070,6613,44.26165,7.61958,24983.7,5.9,6.2,105.5,-53.9,1.2,-1.0,RS41-SG,403.701,13.2,-500,9,2.6,,
2026-09-20T11:26:30.999Z,X3843070,6614,44.26163,7.61965,24989.7,6.1,6.0,114.6,-54.0,1.2,-1.0,RS41-SG,403.701,13.2,-500,9,2.7,,
2026-09-20T11:26:31.999Z,X3843070,6615,44.26161,7.61971,24995.3,5.1,5.7,123.5,-54.1,1.2,-1.0,RS41-SG,403.701,12.5,-500,9,2.7,,
2026-09-20T11:26:33.999Z,X3843070,6617,44.26155,7.61983,25006.0,6.1,5.7,124.9,-54.0,1.2,-1.0,RS41-SG,403.701,12.6,-500,9,2.6,,
2026-09-20T11:26:34.999Z,X3843070,6618,44.26152,7.61989,25011.9,5.4,5.7,117.1,-54.1,1.2,-1.0,RS41-SG,403.701,12.6,-500,9,2.6,,
2026-09-20T11:26:35.999Z,X3843070,6619,44.26150,7.61995,25017.3,5.4,5.3,110.0,-54.1,1.2,-1.0,RS41-SG,403.701,12.2,-500,9,2.7,,
2026-09-20T11:26:36.999Z,X3843070,6620,44.26149,7.62001,25023.0,6.2,4.3,105.6,-54.0,1.2,-1.0,RS41-SG,403.701,12.2,-500,9,2.7,,
2026-09-20T11:26:37.999Z,X3843070,6621,44.26148,7.62005,25029.1,5.7,2.9,102.1,-53.9,1.2,-1.0,RS41-SG,403.701,12.0,-500,9,2.6,,
2026-09-20T11:26:38.999Z,X3843070,6622,44.26147,7.62008,25034.1,4.3,1.9,98.8,-54.0,1.2,-1.0,RS41-SG,403.701,11.2,-500,9,2.6,,
2026-09-20T11:26:39.999Z,X3843070,6623,44.26147,7.62010,25038.9,5.3,1.6,76.5,-53.8,1.2,-1.0,RS41-SG,403.701,11.6,-500,9,2.6,,
2026-09-20T11:26:40.999Z,X3843070,6624,44.26148,7.62013,25044.7,6.3,2.3,62.0,-53.7,1.2,-1.0,RS41-SG,403.701,11.6,-500,9,2.7,,
2026-09-20T11:26:41.999Z,X3843070,6625,44.26149,7.62016,25050.4,5.0,3.0,62.1,-53.7,1.2,-1.0,RS41-SG,403.701,12.2,-500,9,2.7,,
2026-09-20T11:26:42.999Z,X3843070,6626,44.26150,7.62019,25055.6,5.5,3.4,66.1,-53.6,1.2,-1.0,RS41-SG,403.701,12.2,-500,9,2.7,,
2026-09-20T11:26:43.999Z,X3843070,6627,44.26151,7.62023,25061.6,6.5,3.1,80.2,-53.5,1.2,-1.0,RS41-SG,403.701,11.6,-500,9,2.6,,
2026-09-20T11:26:44.999Z,X3843070,6628,44.26151,7.62027,25067.6,5.5,2.7,105.3,-53.5,1.2,-1.0,RS41-SG,403.701,11.6,-500,9,2.6,,
2026-09-20T11:26:45.999Z,X3843070,6629,44.26150,7.62030,25072.8,4.8,3.4,125.8,-53.6,1.2,-1.0,RS41-SG,403.701,11.3,-500,9,2.6,,
2026-09-20T11:26:46.999Z,X3843070,6630,44.26148,7.62034,25078.0,5.6,4.7,130.8,-53.5,1.2,-1.0,RS41-SG,403.701,11.3,-500,9,2.6,,
2026-09-20T11:26:47.999Z,X3843070,6631,44.26145,7.62039,25083.8,5.9,6.1,127.8,-53.4,1.2,-1.0,RS41-SG,403.701,11.2,-500,9,2.7,,
2026-09-20T11:26:48.999Z,X3843070,6632,44.26141,7.62046,25089.1,4.6,7.0,125.8,-53.5,1.2,-1.0,RS41-SG,403.701,11.3,-500,9,2.7,,
2026-09-20T11:26:49.999Z,X3843070,6633,44.26137,7.62053,25094.0,5.4,7.4,126.7,-53.5,1.2,-1.0,RS41-SG,403.701,11.4,-500,9,2.6,,
2026-09-20T11:26:50.999Z,X3843070,6634,44.26133,7.62060,25100.1,6.7,7.0,133.6,-53.5,1.2,-1.0,RS41-SG,403.701,11.4,-500,9,2.6,,
2026-09-20T11:26:51.999Z,X3843070,6635,44.26129,7.62065,25106.1,5.3,6.0,139.5,-53.5,1.2,-1.0,RS41-SG,403.701,11.4,-500,9,2.6,,
2026-09-20T11:26:52.999Z,X3843070,6636,44.26125,7.62070,25111.0,4.5,5.1,143.1,-53.6,1.2,-1.0,RS41-SG,403.701,11.0,-500,9,2.7,,
2026-09-20T11:26:53.999Z,X3843070,6637,44.26122,7.62073,25116.0,5.3,3.7,137.9,-53.7,1.2,-1.0,RS41-SG,403.701,12.2,-500,9,2.7,,
2026-09-20T11:26:54.999Z,X3843070,6638,44.26120,7.62076,25121.8,6.4,3.1,119.3,-53.7,1.2,-1.0,RS41-SG,403.701,12.2,-500,9,2.6,,
2026-09-20T11:26:55.999Z,X3843070,6639,44.26119,7.62080,25127.8,5.6,2.9,94.0,-53.7,1.2,-1.0,RS41-SG,403.701,12.2,-500,9,2.6,,
2026-09-20T11:26:56.999Z,X3843070,6640,44.26120,7.62083,25133.2,5.1,3.0,78.8,-53.6,1.2,-1.0,RS41-SG,403.701,11.8,-500,9,2.6,,
2026-09-20T11:26:57.999Z,X3843070,6641,44.26120,7.62087,25138.9,6.2,2.4,76.5,-53.6,1.2,-1.0,RS41-SG,403.701,11.8,-500,9,2.7,,
2026-09-20T11:26:58.999Z,X3843070,6642,44.26120,7.62089,25145.0,6.1,1.7,97.5,-53.8,1.2,-1.0,RS41-SG,403.701,11.7,-500,9,2.7,,
2026-09-20T11:26:59.999Z,X3843070,6643,44.26119,7.62091,25150.6,5.1,2.1,132.1,-53.8,1.3,-1.0,RS41-SG,403.701,11.7,-500,9,2.6,,
2026-09-20T11:27:00.999Z,X3843070,6644,44.26118,7.62093,25156.1,5.8,3.5,143.9,-53.6,1.2,-1.0,RS41-SG,403.701,11.5,-500,9,2.6,,
2026-09-20T11:27:01.999Z,X3843070,6645,44.26115,7.62097,25162.4,6.7,5.4,139.4,-53.5,1.2,-1.0,RS41-SG,403.701,11.5,-500,9,2.6,,
2026-09-20T11:27:02.999Z,X3843070,6646,44.26110,7.62102,25168.1,4.8,6.8,136.8,-53.4,1.2,-1.0,RS41-SG,403.701,11.2,-500,9,2.7,,
2026-09-20T11:27:03.999Z,X3843070,6647,44.26105,7.62108,25173.2,5.2,8.3,138.8,-53.4,1.2,-1.0,RS41-SG,403.701,12.1,-500,9,2.7,,
2026-09-20T11:27:04.999Z,X3843070,6648,44.26099,7.62115,25178.7,5.9,9.3,144.3,-53.4,1.2,-1.0,RS41-SG,403.701,12.1,-500,9,2.6,,
2026-09-20T11:27:05.999Z,X3843070,6649,44.26092,7.62121,25184.7,6.1,9.5,151.6,-53.3,1.2,-1.0,RS41-SG,403.701,11.8,-500,9,2.6,,
2026-09-20T11:27:06.999Z,X3843070,6650,44.26085,7.62126,25190.3,5.1,9.2,155.1,-53.2,1.1,-1.0,RS41-SG,403.701,11.4,-500,9,2.6,,
2026-09-20T11:27:07.999Z,X3843070,6651,44.26077,7.62131,25195.4,5.3,8.5,155.0,-53.2,1.1,-1.0,RS41-SG,403.701,11.8,-500,9,2.7,,
2026-09-20T11:27:08.999Z,X3843070,6652,44.26071,7.62136,25201.3,6.5,7.7,149.2,-53.2,1.1,-1.0,RS41-SG,403.701,12.7,-500,9,2.7,,
2026-09-20T11:27:09.999Z,X3843070,6653,44.26066,7.62141,25207.3,5.6,6.9,141.8,-53.1,1.1,-1.0,RS41-SG,403.701,12.7,-500,9,2.7,,
2026-09-20T11:27:10.999Z,X3843070,6654,44.26061,7.62146,25212.8,5.4,5.9,136.6,-53.1,1.1,-1.0,RS41-SG,403.701,11.8,-500,9,2.6,,
2026-09-20T11:27:11.999Z,X3843070,6655,44.26058,7.62151,25218.4,5.8,4.7,133.7,-53.2,1.1,-1.0,RS41-SG,403.701,11.0,-500,9,2.6,,
2026-09-20T11:27:12.999Z,X3843070,6656,44.26055,7.62154,25224.3,5.9,3.5,140.7,-53.1,1.1,-1.0,RS41-SG,403.701,10.8,-500,9,2.6,,
2026-09-20T11:27:13.999Z,X3843070,6657,44.26053,7.62156,25229.6,4.7,2.8,153.1,-53.0,1.2,-1.0,RS41-SG,403.701,10.8,-500,9,2.6,,
2026-09-20T11:27:14.999Z,X3843070,6658,44.26051,7.62158,25234.1,4.4,2.4,158.0,-53.0,1.1,-1.0,RS41-SG,403.701,11.2,-125,9,2.7,,
2026-09-20T11:27:15.999Z,X3843070,6659,44.26049,7.62159,25239.1,5.7,2.3,139.8,-52.9,1.2,-1.0,RS41-SG,403.701,11.2,-500,9,2.7,,
2026-09-20T11:27:16.999Z,X3843070,6660,44.26048,7.62162,25245.3,6.6,3.1,117.6,-52.9,1.2,-1.0,RS41-SG,403.701,10.9,-500,9,2.6,,
2026-09-20T11:27:17.999Z,X3843070,6661,44.26046,7.62166,25251.2,5.1,4.2,112.9,-52.9,1.2,-1.0,RS41-SG,403.701,12.3,-500,9,2.6,,
2026-09-20T11:27:18.999Z,X3843070,6662,44.26044,7.62171,25256.1,4.8,5.4,116.3,-52.9,1.2,-1.0,RS41-SG,403.701,12.3,-500,9,2.6,,
2026-09-20T11:27:19.999Z,X3843070,6663,44.26042,7.62178,25261.5,5.9,6.9,126.6,-53.1,1.2,-1.0,RS41-SG,403.701,11.8,-500,9,2.7,,
2026-09-20T11:27:20.999Z,X3843070,6664,44.26037,7.62185,25267.6,6.3,8.0,134.8,-53.3,1.2,-1.0,RS41-SG,403.701,11.8,-500,9,2.7,,
2026-09-20T11:27:21.999Z,X3843070,6665,44.26032,7.62192,25273.3,5.1,8.6,139.4,-53.2,1.2,-1.0,RS41-SG,403.701,11.7,-125,9,2.6,,
2026-09-20T11:27:22.999Z,X3843070,6666,44.26026,7.62199,25278.9,6.0,8.7,139.6,-53.2,1.1,-1.0,RS41-SG,403.701,11.7,-500,9,2.6,,
2026-09-20T11:27:23.999Z,X3843070,6667,44.26020,7.62206,25285.4,7.1,8.0,133.0,-53.1,1.2,-1.0,RS41-SG,403.701,11.2,-500,9,2.6,,
2026-09-20T11:27:24.999Z,X3843070,6668,44.26016,7.62213,25291.7,5.4,7.0,124.6,-53.2,1.2,-1.0,RS41-SG,403.701,11.2,-500,9,2.7,,
2026-09-20T11:27:25.999Z,X3843070,6669,44.26013,7.62220,25296.9,5.0,6.0,115.5,-53.3,1.1,-1.0,RS41-SG,403.701,12.0,-500,9,2.7,,
2026-09-20T11:27:26.999Z,X3843070,6670,44.26012,7.62226,25302.4,6.1,4.5,108.0,-53.3,1.2,-1.0,RS41-SG,403.701,12.2,-500,8,2.6,,
2026-09-20T11:27:27.999Z,X3843070,6671,44.26011,7.62231,25308.3,5.6,3.3,105.8,-53.3,1.2,-1.0,RS41-SG,403.701,12.2,-500,9,2.6,,
2026-09-20T11:27:28.999Z,X3843070,6672,44.26010,7.62234,25313.6,5.1,2.5,95.2,-53.2,1.2,-1.0,RS41-SG,403.701,11.7,-500,9,2.6,,
2026-09-20T11:27:29.999Z,X3843070,6673,44.26010,7.62237,25319.0,5.6,2.4,74.0,-53.2,1.2,-1.0,RS41-SG,403.701,11.7,-500,9,2.7,,
2026-09-20T11:27:30.999Z,X3843070,6674,44.26011,7.62241,25324.8,6.1,3.3,59.0,-53.2,1.2,-1.0,RS41-SG,403.701,11.7,-500,9,2.7,,
2026-09-20T11:27:31.999Z,X3843070,6675,44.26013,7.62245,25330.6,5.5,4.1,61.7,-53.4,1.2,-1.0,RS41-SG,403.701,11.7,-500,9,2.7,,
2026-09-20T11:27:32.999Z,X3843070,6676,44.26014,7.62250,25335.9,5.0,4.6,72.0,-53.3,1.2,-1.0,RS41-SG,403.701,11.7,-500,9,2.6,,
2026-09-20T11:27:33.999Z,X3843070,6677,44.26015,7.62255,25341.3,5.8,5.1,89.8,-53.3,1.2,-1.0,RS41-SG,403.701,11.7,-125,9,2.6,,
2026-09-20T11:27:34.999Z,X3843070,6678,44.26014,7.62262,25347.6,6.7,6.0,110.6,-53.3,1.2,-1.0,RS41-SG,403.701,11.6,-500,9,2.6,,
2026-09-20T11:27:35.999Z,X3843070,6679,44.26012,7.62269,25353.4,5.0,6.9,121.4,-53.4,1.2,-1.0,RS41-SG,403.701,11.3,-500,9,2.6,,
2026-09-20T11:27:36.999Z,X3843070,6680,44.26008,7.62277,25358.4,5.0,8.0,126.7,-53.3,1.2,-1.0,RS41-SG,403.701,10.9,-500,9,2.7,,
2026-09-20T11:27:37.999Z,X3843070,6681,44.26004,7.62286,25364.1,6.6,8.6,124.3,-53.3,1.2,-1.0,RS41-SG,403.701,10.9,-500,9,2.7,,
2026-09-20T11:27:38.999Z,X3843070,6682,44.26000,7.62295,25370.1,5.2,8.5,118.5,-53.3,1.2,-1.0,RS41-SG,403.701,12.0,-500,9,2.6,,
2026-09-20T11:27:39.999Z,X3843070,6683,44.25996,7.62304,25375.1,4.8,8.2,111.5,-53.4,1.2,-1.0,RS41-SG,403.701,12.0,-500,9,2.6,,
2026-09-20T11:27:40.999Z,X3843070,6684,44.25994,7.62313,25380.4,5.9,7.6,106.3,-53.6,1.2,-1.0,RS41-SG,403.701,11.7,-500,9,2.6,,
2026-09-20T11:27:41.999Z,X3843070,6685,44.25992,7.62322,25386.4,6.2,6.5,104.8,-53.5,1.2,-1.0,RS41-SG,403.701,11.7,-500,8,2.7,,
2026-09-20T11:27:42.999Z,X3843070,6686,44.25991,7.62329,25392.3,5.5,5.5,101.9,-53.5,1.2,-1.0,RS41-SG,403.701,11.1,-500,9,2.7,,
2026-09-20T11:27:43.999Z,X3843070,6687,44.25991,7.62335,25397.8,5.5,4.7,88.5,-53.4,1.2,-1.0,RS41-SG,403.701,11.0,-500,9,2.6,,
2026-09-20T11:27:44.999Z,X3843070,6688,44.25992,7.62341,25403.6,6.0,4.5,67.4,-53.4,1.2,-1.0,RS41-SG,403.701,11.6,-500,9,2.6,,
2026-09-20T11:27:45.999Z,X3843070,6689,44.25994,7.62346,25409.0,4.9,4.9,53.9,-53.4,1.2,-1.0,RS41-SG,403.701,11.6,-500,9,2.6,,
2026-09-20T11:27:46.999Z,X3843070,6690,44.25996,7.62351,25414.1,5.2,5.0,50.6,-53.3,1.2,-1.0,RS41-SG,403.701,11.6,-500,9,2.7,,
2026-09-20T11:27:47.999Z,X3843070,6691,44.25999,7.62356,25419.8,6.4,4.5,59.6,-53.2,1.2,-1.0,RS41-SG,403.701,11.1,-500,9,2.7,,
2026-09-20T11:27:48.999Z,X3843070,6692,44.26000,7.62361,25426.5,6.9,4.1,84.7,-53.2,1.2,-1.0,RS41-SG,403.701,11.0,-500,9,2.7,,
2026-09-20T11:27:49.999Z,X3843070,6693,44.26000,7.62366,25432.9,5.9,4.7,108.0,-53.2,1.2,-1.0,RS41-SG,403.701,11.0,-500,9,2.6,,
2026-09-20T11:27:50.999Z,X3843070,6694,44.25998,7.62372,25438.0,4.3,5.6,119.9,-53.3,1.2,-1.0,RS41-SG,403.701,10.6,-500,9,2.6,,
2026-09-20T11:27:51.999Z,X3843070,6695,44.25995,7.62378,25442.6,4.9,6.9,121.4,-53.4,1.2,-1.0,RS41-SG,403.701,10.2,-500,9,2.6,,
2026-09-20T11:27:52.999Z,X3843070,6696,44.25992,7.62387,25448.2,6.3,8.1,117.4,-53.5,1.2,-1.0,RS41-SG,403.701,10.9,-500,9,2.6,,
2026-09-20T11:27:53.999Z,X3843070,6697,44.25988,7.62396,25453.9,5.1,8.8,112.8,-53.5,1.2,-1.0,RS41-SG,403.701,10.9,-500,9,2.7,,
2026-09-20T11:27:54.999Z,X3843070,6698,44.25985,7.62407,25459.0,5.1,9.2,110.4,-53.5,1.2,-1.0,RS41-SG,403.701,10.9,-500,9,2.7,,
2026-09-20T11:27:55.999Z,X3843070,6699,44.25983,7.62417,25465.0,6.8,8.8,111.7,-53.5,1.2,-1.0,RS41-SG,403.701,11.1,-500,9,2.6,,
2026-09-20T11:27:56.999Z,X3843070,6700,44.25980,7.62427,25471.7,6.8,7.9,115.5,-53.5,1.2,-1.0,RS41-SG,403.701,11.1,-500,9,2.6,,
2026-09-20T11:27:57.999Z,X3843070,6701,44.25977,7.62435,25477.8,5.4,7.0,118.7,-53.5,1.2,-1.0,RS41-SG,403.701,11.0,-500,9,2.6,,
2026-09-20T11:27:58.999Z,X3843070,6702,44.25974,7.62442,25483.3,5.8,5.7,117.5,-53.5,1.2,-1.0,RS41-SG,403.701,10.4,-500,9,2.7,,
2026-09-20T11:27:59.999Z,X3843070,6703,44.25972,7.62448,25489.5,6.5,4.8,106.8,-53.5,1.2,-1.0,RS41-SG,403.701,11.1,-500,9,2.7,,
2026-09-20T11:28:00.999Z,X3843070,6704,44.25971,7.62454,25495.3,5.2,4.3,96.9,-53.4,1.2,-1.0,RS41-SG,403.701,11.1,-500,9,2.6,,
2026-09-20T11:28:01.999Z,X3843070,6705,44.25971,7.62459,25500.8,5.8,4.1,95.4,-53.4,1.2,-1.0,RS41-SG,403.701,11.0,-500,9,2.6,,
2026-09-20T11:28:02.999Z,X3843070,6706,44.25970,7.62464,25507.1,6.8,4.0,109.1,-53.4,1.2,-1.0,RS41-SG,403.701,11.1,-500,9,2.6,,
2026-09-20T11:28:03.999Z,X3843070,6707,44.25968,7.62468,25513.4,5.7,4.5,127.0,-53.5,1.2,-1.0,RS41-SG,403.701,11.1,-500,9,2.7,,
2026-09-20T11:28:04.999Z,X3843070,6708,44.25965,7.62473,25518.8,5.1,5.4,132.8,-53.6,1.2,-1.0,RS41-SG,403.701,11.2,-500,9,2.7,,
2026-09-20T11:28:05.999Z,X3843070,6709,44.25962,7.62478,25524.2,5.6,6.7,132.8,-53.5,1.2,-1.0,RS41-SG,403.701,11.2,-500,9,2.7,,
2026-09-20T11:28:06.999Z,X3843070,6710,44.25958,7.62486,25530.1,6.3,7.9,124.9,-53.5,1.2,-1.0,RS41-SG,403.701,11.8,-500,9,2.6,,
2026-09-20T11:28:07.999Z,X3843070,6711,44.25954,7.62494,25536.1,5.7,9.1,119.4,-53.5,1.2,-1.0,RS41-SG,403.701,11.8,-500,9,2.6,,
2026-09-20T11:28:08.999Z,X3843070,6712,44.25950,7.62505,25541.3,4.6,9.8,118.0,-53.4,1.2,-1.0,RS41-SG,403.701,11.3,-500,9,2.6,,
2026-09-20T11:28:09.999Z,X3843070,6713,44.25945,7.62516,25546.2,5.3,10.2,120.2,-53.5,1.2,-1.0,RS41-SG,403.701,11.3,-500,9,2.6,,
2026-09-20T11:28:10.999Z,X3843070,6714,44.25940,7.62526,25551.9,6.3,10.1,125.9,-53.6,1.2,-1.0,RS41-SG,403.701,10.8,-500,9,2.7,,
2026-09-20T11:28:11.999Z,X3843070,6715,44.25935,7.62536,25557.8,5.4,9.9,132.5,-53.6,1.2,-1.0,RS41-SG,403.701,11.0,-500,9,2.7,,
2026-09-20T11:28:12.999Z,X3843070,6716,44.25929,7.62545,25562.6,4.2,9.5,135.4,-53.5,1.2,-1.0,RS41-SG,403.701,11.3,-500,9,2.6,,
2026-09-20T11:28:13.999Z,X3843070,6717,44.25923,7.62553,25567.6,5.7,9.1,136.5,-53.6,1.2,-1.0,RS41-SG,403.701,11.3,-500,9,2.6,,
2026-09-20T11:28:14.999Z,X3843070,6718,44.25917,7.62560,25573.7,6.6,8.4,131.2,-53.7,1.2,-1.0,RS41-SG,403.701,11.8,-500,9,2.6,,
2026-09-20T11:28:15.999Z,X3843070,6719,44.25913,7.62568,25579.6,5.1,7.8,125.7,-53.6,1.2,-1.0,RS41-SG,403.701,11.8,-500,9,2.7,,
2026-09-20T11:28:16.999Z,X3843070,6720,44.25909,7.62576,25585.1,6.0,7.1,124.2,-53.5,1.2,-1.0,RS41-SG,403.701,12.5,-500,9,2.7,,
2026-09-20T11:28:17.999Z,X3843070,6721,44.25905,7.62583,25591.6,7.0,6.5,127.8,-53.7,1.2,-1.0,RS41-SG,403.701,12.5,-125,9,2.6,,
2026-09-20T11:28:18.999Z,X3843070,6722,44.25902,7.62589,25597.5,4.9,6.3,132.0,-53.6,1.2,-1.0,RS41-SG,403.701,11.6,-500,9,2.6,,
2026-09-20T11:28:19.999Z,X3843070,6723,44.25898,7.62595,25602.5,5.1,6.1,135.5,-53.5,1.2,-1.0,RS41-SG,403.701,11.9,-500,9,2.6,,
2026-09-20T11:28:20.999Z,X3843070,6724,44.25894,7.62600,25608.4,6.7,6.2,132.0,-53.5,1.2,-1.0,RS41-SG,403.701,11.9,-500,9,2.7,,
2026-09-20T11:28:21.999Z,X3843070,6725,44.25890,7.62606,25614.3,5.1,6.4,126.6,-53.7,1.2,-1.0,RS41-SG,403.701,12.1,-500,9,2.7,,
2026-09-20T11:28:22.999Z,X3843070,6726,44.25887,7.62613,25619.7,5.8,7.0,126.2,-53.6,1.2,-1.0,RS41-SG,403.701,12.1,-500,9,2.7,,
2026-09-20T11:28:23.999Z,X3843070,6727,44.25883,7.62620,25626.0,6.7,7.6,132.7,-53.6,1.2,-1.0,RS41-SG,403.701,10.4,-500,9,2.6,,
2026-09-20T11:28:24.999Z,X3843070,6728,44.25878,7.62627,25632.2,5.8,8.2,140.6,-53.6,1.2,-1.0,RS41-SG,403.701,9.3,-125,9,2.6,,
2026-09-20T11:28:25.999Z,X3843070,6729,44.25871,7.62633,25637.6,5.0,8.9,146.6,-53.7,1.2,-1.0,RS41-SG,403.701,11.1,-500,9,2.6,,
2026-09-20T11:28:26.999Z,X3843070,6730,44.25865,7.62639,25642.7,5.0,9.2,147.0,-53.7,1.2,-1.0,RS41-SG,403.701,11.7,-500,9,2.6,,
2026-09-20T11:28:27.999Z,X3843070,6731,44.25858,7.62645,25648.2,6.1,9.0,144.4,-53.7,1.2,-1.0,RS41-SG,403.701,11.7,-500,9,2.7,,
2026-09-20T11:28:28.999Z,X3843070,6732,44.25852,7.62652,25654.5,6.4,8.4,139.4,-53.8,1.2,-1.0,RS41-SG,403.701,11.8,-500,9,2.7,,
2026-09-20T11:28:29.999Z,X3843070,6733,44.25846,7.62659,25660.2,5.1,7.8,135.8,-53.8,1.2,-1.0,RS41-SG,403.701,11.8,-500,9,2.6,,
2026-09-20T11:28:30.999Z,X3843070,6734,44.25842,7.62665,25665.5,5.5,7.1,135.3,-53.7,1.2,-1.0,RS41-SG,403.701,11.7,-125,9,2.6,,
2026-09-20T11:28:31.999Z,X3843070,6735,44.25837,7.62671,25671.5,6.6,6.2,142.3,-53.8,1.2,-1.0,RS41-SG,403.701,11.7,-500,9,2.6,,
2026-09-20T11:28:32.999Z,X3843070,6736,44.25833,7.62675,25677.6,5.6,5.8,151.7,-53.9,1.2,-1.0,RS41-SG,403.701,11.5,-500,9,2.7,,
2026-09-20T11:28:33.999Z,X3843070,6737,44.25828,7.62678,25682.6,4.3,5.4,159.7,-53.8,1.2,-1.0,RS41-SG,403.701,11.9,-500,9,2.7,,
2026-09-20T11:28:34.999Z,X3843070,6738,44.25824,7.62680,25687.4,5.2,4.9,165.1,-53.8,1.2,-1.0,RS41-SG,403.701,11.9,-500,9,2.6,,
2026-09-20T11:28:35.999Z,X3843070,6739,44.25820,7.62681,25693.1,6.2,4.0,163.2,-54.0,1.2,-1.0,RS41-SG,403.701,11.2,-500,9,2.6,,
2026-09-20T11:28:36.999Z,X3843070,6740,44.25817,7.62683,25698.8,5.3,3.4,156.0,-54.0,1.2,-1.0,RS41-SG,403.701,11.4,-500,9,2.6,,
2026-09-20T11:28:37.999Z,X3843070,6741,44.25814,7.62685,25704.3,5.6,3.6,154.7,-53.9,1.2,-1.0,RS41-SG,403.701,11.6,-500,9,2.7,,
2026-09-20T11:28:38.999Z,X3843070,6742,44.25811,7.62687,25710.1,6.0,4.2,159.2,-53.7,1.2,-1.0,RS41-SG,403.701,11.6,-500,9,2.7,,
2026-09-20T11:28:39.999Z,X3843070,6743,44.25807,7.62689,25716.2,6.3,5.4,163.9,-53.7,1.2,-1.0,RS41-SG,403.701,11.3,-500,9,2.7,,
2026-09-20T11:28:40.999Z,X3843070,6744,44.25802,7.62690,25721.7,4.5,6.1,166.5,-53.6,1.2,-1.0,RS41-SG,403.701,11.5,-500,9,2.6,,
2026-09-20T11:28:41.999Z,X3843070,6745,44.25796,7.62692,25726.4,4.9,6.4,163.1,-53.6,1.2,-1.0,RS41-SG,403.701,11.5,-500,9,2.6,,
2026-09-20T11:28:42.999Z,X3843070,6746,44.25791,7.62695,25731.9,6.0,6.2,154.5,-53.7,1.2,-1.0,RS41-SG,403.701,10.8,-500,9,2.6,,
2026-09-20T11:28:43.999Z,X3843070,6747,44.25786,7.62699,25738.0,6.4,5.8,144.1,-53.7,1.2,-1.0,RS41-SG,403.701,10.7,-500,9,2.6,,
2026-09-20T11:28:44.999Z,X3843070,6748,44.25782,7.62704,25743.5,4.6,5.6,133.9,-53.5,1.2,-1.0,RS41-SG,403.701,10.5,-500,9,2.7,,
2026-09-20T11:28:45.999Z,X3843070,6749,44.25779,7.62709,25748.2,4.8,5.6,129.2,-53.4,1.1,-1.0,RS41-SG,403.701,11.5,-500,9,2.7,,
2026-09-20T11:28:46.999Z,X3843070,6750,44.25776,7.62714,25753.7,6.2,5.6,133.8,-53.3,1.1,-1.0,RS41-SG,403.701,11.5,-500,9,2.6,,
2026-09-20T11:28:47.999Z,X3843070,6751,44.25772,7.62719,25760.0,6.3,5.8,144.6,-53.3,1.2,-1.0,RS41-SG,403.701,11.8,-500,9,2.6,,
2026-09-20T11:28:48.999Z,X3843070,6752,44.25767,7.62723,25765.7,4.9,6.0,152.1,-53.4,1.2,-1.0,RS41-SG,403.701,11.9,-500,9,2.6,,
2026-09-20T11:28:49.999Z,X3843070,6753,44.25763,7.62726,25770.8,5.4,5.7,156.7,-53.5,1.2,-1.0,RS41-SG,403.701,11.9,-500,9,2.7,,
2026-09-20T11:28:50.999Z,X3843070,6754,44.25758,7.62729,25776.7,6.6,5.0,154.2,-53.4,1.1,-1.0,RS41-SG,403.701,11.1,-500,9,2.7,,
2026-09-20T11:28:51.999Z,X3843070,6755,44.25755,7.62731,25782.5,5.2,4.3,149.4,-53.3,1.1,-1.0,RS41-SG,403.701,10.6,-500,9,2.7,,
2026-09-20T11:28:52.999Z,X3843070,6756,44.25751,7.62734,25787.6,4.8,3.8,149.4,-53.3,1.1,-1.0,RS41-SG,403.701,12.4,-500,9,2.6,,
2026-09-20T11:28:53.999Z,X3843070,6757,44.25748,7.62736,25793.0,6.0,3.7,158.3,-53.4,1.2,-1.0,RS41-SG,403.701,12.4,-500,9,2.6,,
2026-09-20T11:28:54.999Z,X3843070,6758,44.25745,7.62737,25799.1,6.4,4.1,172.8,-53.4,1.2,-1.0,RS41-SG,403.701,11.4,-500,9,2.6,,
2026-09-20T11:28:55.999Z,X3843070,6759,44.25741,7.62737,25804.9,5.1,4.6,180.3,-53.3,1.1,-1.0,RS41-SG,403.701,11.4,-500,9,2.6,,
2026-09-20T11:28:56.999Z,X3843070,6760,44.25737,7.62737,25810.0,5.0,4.7,182.2,-53.2,1.2,-1.0,RS41-SG,403.701,11.3,-500,9,2.7,,
2026-09-20T11:28:57.999Z,X3843070,6761,44.25733,7.62737,25815.4,5.8,4.2,176.5,-53.2,1.2,-1.0,RS41-SG,403.701,11.9,-500,9,2.7,,
2026-09-20T11:28:58.999Z,X3843070,6762,44.25730,7.62738,25821.6,6.5,3.6,164.4,-53.3,1.2,-1.0,RS41-SG,403.701,11.9,-500,9,2.6,,
2026-09-20T11:28:59.999Z,X3843070,6763,44.25727,7.62740,25827.2,4.7,3.5,152.8,-53.3,1.2,-1.0,RS41-SG,403.701,12.2,-500,9,2.6,,
2026-09-20T11:29:00.999Z,X3843070,6764,44.25724,7.62742,25832.0,4.9,3.9,148.5,-53.1,1.2,-1.0,RS41-SG,403.701,12.2,-500,9,2.6,,
2026-09-20T11:29:01.999Z,X3843070,6765,44.25720,7.62745,25837.5,6.0,4.8,151.8,-53.0,1.2,-1.0,RS41-SG,403.701,12.2,-500,9,2.7,,
2026-09-20T11:29:02.999Z,X3843070,6766,44.25716,7.62747,25843.7,6.4,5.8,156.5,-53.0,1.2,-1.0,RS41-SG,403.701,12.2,-500,9,2.7,,
2026-09-20T11:29:03.999Z,X3843070,6767,44.25711,7.62750,25849.3,4.7,6.4,158.7,-53.1,1.2,-1.0,RS41-SG,403.701,11.7,-500,9,2.7,,
2026-09-20T11:29:04.999Z,X3843070,6768,44.25706,7.62753,25854.3,5.2,6.5,156.2,-53.2,1.2,-1.0,RS41-SG,403.701,11.7,-500,9,2.6,,
2026-09-20T11:29:05.999Z,X3843070,6769,44.25701,7.62757,25860.0,6.3,5.8,147.1,-53.3,1.2,-1.0,RS41-SG,403.701,11.3,-500,9,2.6,,
2026-09-20T11:29:06.999Z,X3843070,6770,44.25697,7.62761,25866.2,6.0,4.9,136.4,-53.3,1.2,-1.0,RS41-SG,403.701,11.5,-500,9,2.6,,
2026-09-20T11:29:07.999Z,X3843070,6771,44.25695,7.62765,25871.6,4.8,3.7,122.5,-53.1,1.1,-1.0,RS41-SG,403.701,11.6,-500,9,2.6,,
2026-09-20T11:29:08.999Z,X3843070,6772,44.25693,7.62769,25876.5,4.9,2.7,114.6,-53.0,1.1,-1.0,RS41-SG,403.701,11.6,-500,9,2.7,,
2026-09-20T11:29:09.999Z,X3843070,6773,44.25692,7.62771,25882.1,6.3,1.5,124.7,-52.9,1.1,-1.0,RS41-SG,403.701,11.6,-500,9,2.7,,
2026-09-20T11:29:10.999Z,X3843070,6774,44.25691,7.62772,25888.0,5.6,1.3,167.4,-53.1,1.1,-1.0,RS41-SG,403.701,11.7,-500,9,2.6,,
2026-09-20T11:29:11.999Z,X3843070,6775,44.25690,7.62772,25893.7,5.7,1.6,177.9,-53.2,1.2,-1.0,RS41-SG,403.701,11.7,-500,10,2.6,,
2026-09-20T11:29:12.999Z,X3843070,6776,44.25689,7.62772,25899.5,6.0,1.9,159.6,-53.1,1.1,-1.0,RS41-SG,403.701,11.5,-500,10,2.6,,
2026-09-20T11:29:13.999Z,X3843070,6777,44.25687,7.62774,25905.7,6.5,2.5,128.9,-53.1,1.1,-1.0,RS41-SG,403.701,11.4,-500,10,2.7,,
2026-09-20T11:29:14.999Z,X3843070,6778,44.25686,7.62777,25912.1,6.3,3.8,113.0,-53.1,1.2,-1.0,RS41-SG,403.701,11.5,-500,10,2.7,,
2026-09-20T11:29:15.999Z,X3843070,6779,44.25684,7.62783,25917.5,4.6,5.1,110.4,-53.1,1.2,-1.0,RS41-SG,403.701,11.5,-500,10,2.6,,
2026-09-20T11:29:16.999Z,X3843070,6780,44.25682,7.62789,25922.3,4.9,6.7,115.0,-53.1,1.2,-1.0,RS41-SG,403.701,11.9,-500,10,2.6,,
2026-09-20T11:29:17.999Z,X3843070,6781,44.25679,7.62797,25927.8,6.1,8.1,122.4,-53.0,1.1,-1.0,RS41-SG,403.701,12.7,-500,10,2.6,,
2026-09-20T11:29:18.999Z,X3843070,6782,44.25675,7.62806,25933.6,5.5,8.7,128.3,-52.8,1.1,-1.0,RS41-SG,403.701,12.7,-500,10,2.7,,
2026-09-20T11:29:19.999Z,X3843070,6783,44.25670,7.62814,25939.0,5.3,8.4,131.9,-52.6,1.1,-1.0,RS41-SG,403.701,12.5,-500,10,2.7,,
2026-09-20T11:29:20.999Z,X3843070,6784,44.25665,7.62821,25944.6,5.9,7.1,132.4,-52.5,1.1,-1.0,RS41-SG,403.701,12.9,-500,10,2.7,,
2026-09-20T11:29:21.999Z,X3843070,6785,44.25662,7.62827,25951.0,7.0,5.0,126.7,-52.3,1.1,-1.0,RS41-SG,403.701,12.9,-500,10,2.6,,
2026-09-20T11:29:22.999Z,X3843070,6786,44.25660,7.62831,25957.3,5.6,3.3,115.0,-52.3,1.1,-1.0,RS41-SG,403.701,12.7,-500,10,2.6,,
2026-09-20T11:29:23.999Z,X3843070,6787,44.25659,7.62834,25962.6,5.1,1.8,97.6,-52.5,1.1,-1.0,RS41-SG,403.701,12.5,-500,10,2.6,,
2026-09-20T11:29:24.999Z,X3843070,6788,44.25659,7.62836,25968.3,6.2,0.5,79.1,-52.5,1.1,-1.0,RS41-SG,403.701,13.3,-500,10,2.6,,
2026-09-20T11:29:25.999Z,X3843070,6789,44.25659,7.62836,25974.5,6.0,0.8,218.8,-52.4,1.1,-1.0,RS41-SG,403.701,13.3,-500,10,2.7,,
2026-09-20T11:29:26.999Z,X3843070,6790,44.25658,7.62835,25979.8,4.6,1.6,214.0,-52.4,1.1,-1.0,RS41-SG,403.701,13.0,-500,10,2.7,,
2026-09-20T11:29:27.999Z,X3843070,6791,44.25656,7.62834,25984.6,5.1,2.1,194.8,-52.5,1.1,-1.0,RS41-SG,403.701,12.0,-125,10,2.6,,
2026-09-20T11:29:28.999Z,X3843070,6792,44.25655,7.62834,25990.2,6.2,2.2,163.5,-52.5,1.1,-1.0,RS41-SG,403.701,12.9,-500,10,2.6,,
2026-09-20T11:29:29.999Z,X3843070,6793,44.25653,7.62836,25996.3,5.9,2.8,135.4,-52.4,1.1,-1.0,RS41-SG,403.701,12.9,-500,10,2.6,,
2026-09-20T11:29:30.999Z,X3843070,6794,44.25651,7.62839,26001.8,5.1,4.0,128.0,-52.3,1.1,-1.0,RS41-SG,403.701,13.0,-500,10,2.7,,
2026-09-20T11:29:31.999Z,X3843070,6795,44.25648,7.62843,26007.3,5.8,5.4,131.6,-52.3,1.1,-1.0,RS41-SG,403.701,13.0,-500,10,2.7,,
2026-09-20T11:29:32.999Z,X3843070,6796,44.25644,7.62849,26013.2,6.0,6.9,137.0,-52.3,1.1,-1.0,RS41-SG,403.701,13.3,-500,10,2.7,,
2026-09-20T11:29:33.999Z,X3843070,6797,44.25639,7.62855,26018.6,4.9,7.9,141.1,-52.3,1.1,-1.0,RS41-SG,403.701,13.3,-500,10,2.6,,
2026-09-20T11:29:34.999Z,X3843070,6798,44.25634,7.62861,26023.5,4.9,8.0,141.3,-52.4,1.1,-1.0,RS41-SG,403.701,13.3,-500,10,2.6,,
2026-09-20T11:29:35.999Z,X3843070,6799,44.25629,7.62867,26029.4,6.7,7.2,138.0,-52.4,1.1,-1.0,RS41-SG,403.701,13.3,-500,10,2.6,,
2026-09-20T11:29:36.999Z,X3843070,6800,44.25624,7.62873,26035.8,6.0,5.8,133.5,-52.4,1.1,-1.0,RS41-SG,403.701,13.8,-500,10,2.6,,
2026-09-20T11:29:37.999Z,X3843070,6801,44.25621,7.62877,26041.4,5.2,4.5,130.5,-52.4,1.1,-1.0,RS41-SG,403.701,13.8,-500,10,2.7,,
2026-09-20T11:29:38.999Z,X3843070,6802,44.25619,7.62881,26047.0,6.1,3.2,137.1,-52.5,1.1,-1.0,RS41-SG,403.701,13.8,-500,10,2.7,,
2026-09-20T11:29:39.999Z,X3843070,6803,44.25617,7.62883,26053.4,6.6,3.1,160.7,-52.7,1.1,-1.0,RS41-SG,403.701,13.8,-500,10,2.6,,
2026-09-20T11:29:40.999Z,X3843070,6804,44.25614,7.62884,26059.4,5.2,3.4,176.0,-52.7,1.1,-1.0,RS41-SG,403.701,13.3,-500,10,2.6,,
2026-09-20T11:29:41.999Z,X3843070,6805,44.25611,7.62884,26064.6,5.1,3.7,182.6,-52.6,1.1,-1.0,RS41-SG,403.701,12.9,-500,10,2.6,,
2026-09-20T11:29:42.999Z,X3843070,6806,44.25607,7.62884,26069.9,5.7,3.4,181.1,-52.6,1.1,-1.0,RS41-SG,403.701,12.9,-500,10,2.7,,
2026-09-20T11:29:43.999Z,X3843070,6807,44.25605,7.62884,26076.3,7.0,2.8,167.5,-52.6,1.1,-1.0,RS41-SG,403.701,12.3,-500,10,2.7,,
2026-09-20T11:29:44.999Z,X3843070,6808,44.25602,7.62885,26082.4,5.2,2.8,151.9,-52.6,1.1,-1.0,RS41-SG,403.701,12.4,-500,10,2.7,,
2026-09-20T11:29:45.999Z,X3843070,6809,44.25600,7.62887,26087.7,5.5,3.9,145.4,-52.6,1.2,-1.0,RS41-SG,403.701,12.5,-500,10,2.6,,
2026-09-20T11:29:46.999Z,X3843070,6810,44.25596,7.62891,26093.8,6.6,5.5,144.6,-52.7,1.2,-1.0,RS41-SG,403.701,12.5,-500,10,2.6,,
2026-09-20T11:29:47.999Z,X3843070,6811,44.25592,7.62895,26099.8,5.3,7.0,147.6,-52.8,1.2,-1.0,RS41-SG,403.701,12.9,-500,10,2.6,,
2026-09-20T11:29:48.999Z,X3843070,6812,44.25586,7.62900,26104.7,4.6,7.8,149.0,-52.9,1.2,-1.0,RS41-SG,403.701,12.9,-500,10,2.6,,
2026-09-20T11:29:49.999Z,X3843070,6813,44.25580,7.62905,26109.6,5.3,8.0,149.0,-52.9,1.2,-1.0,RS41-SG,403.701,12.5,-500,10,2.7,,
2026-09-20T11:29:50.999Z,X3843070,6814,44.25574,7.62910,26115.5,6.3,7.1,147.6,-52.9,1.2,-1.0,RS41-SG,403.701,12.7,-500,10,2.7,,
2026-09-20T11:29:51.999Z,X3843070,6815,44.25569,7.62914,26121.8,6.3,5.9,144.6,-52.9,1.2,-1.0,RS41-SG,403.701,12.7,-500,10,2.6,,
2026-09-20T11:29:52.999Z,X3843070,6816,44.25565,7.62918,26127.3,4.7,5.1,145.1,-53.0,1.2,-1.0,RS41-SG,403.701,12.5,-500,10,2.6,,
2026-09-20T11:29:53.999Z,X3843070,6817,44.25562,7.62921,26132.2,5.1,4.7,153.4,-53.0,1.2,-1.0,RS41-SG,403.701,12.5,-125,10,2.6,,
2026-09-20T11:29:54.999Z,X3843070,6818,44.25557,7.62923,26137.9,6.5,5.1,168.8,-52.9,1.2,-1.0,RS41-SG,403.701,12.5,-125,10,2.7,,
2026-09-20T11:29:55.999Z,X3843070,6819,44.25553,7.62924,26144.3,6.1,5.9,180.6,-53.0,1.1,-1.0,RS41-SG,403.701,11.7,-500,10,2.7,,
2026-09-20T11:29:56.999Z,X3843070,6820,44.25547,7.62924,26149.5,4.4,6.4,186.7,-53.0,1.2,-1.0,RS41-SG,403.701,11.8,-500,10,2.7,,
2026-09-20T11:29:57.999Z,X3843070,6821,44.25542,7.62922,26154.1,4.8,6.3,192.5,-53.2,1.2,-1.0,RS41-SG,403.701,11.8,-500,10,2.6,,
2026-09-20T11:29:58.999Z,X3843070,6822,44.25536,7.62920,26159.6,6.1,5.5,198.5,-53.3,1.2,-1.0,RS41-SG,403.701,12.0,-500,10,2.6,,
2026-09-20T11:29:59.999Z,X3843070,6823,44.25532,7.62918,26165.5,5.7,4.5,203.2,-53.3,1.2,-1.0,RS41-SG,403.701,13.1,-500,10,2.6,,
2026-09-20T11:30:00.999Z,X3843070,6824,44.25529,7.62916,26170.7,4.7,3.9,204.2,-53.3,1.2,-1.0,RS41-SG,403.701,13.1,-500,10,2.6,,
2026-09-20T11:30:01.999Z,X3843070,6825,44.25526,7.62914,26175.8,5.6,3.8,200.3,-53.4,1.2,-1.0,RS41-SG,403.701,12.8,-125,10,2.7,,
2026-09-20T11:30:02.999Z,X3843070,6826,44.25522,7.62913,26182.0,6.8,4.8,189.4,-53.3,1.2,-1.0,RS41-SG,403.701,12.8,-125,10,2.7,,
2026-09-20T11:30:03.999Z,X3843070,6827,44.25517,7.62912,26188.1,5.4,5.8,182.1,-53.2,1.2,-1.0,RS41-SG,403.701,12.5,-500,10,2.6,,
2026-09-20T11:30:04.999Z,X3843070,6828,44.25512,7.62912,26193.2,4.8,6.5,176.5,-53.1,1.2,-1.0,RS41-SG,403.701,12.5,-500,10,2.6,,
2026-09-20T11:30:05.999Z,X3843070,6829,44.25506,7.62913,26198.4,5.5,6.6,171.4,-53.1,1.2,-1.0,RS41-SG,403.701,12.3,-500,10,2.6,,
2026-09-20T11:30:06.999Z,X3843070,6830,44.25500,7.62915,26204.5,6.5,5.9,168.5,-53.1,1.2,-1.0,RS41-SG,403.701,12.4,-500,10,2.7,,
2026-09-20T11:30:07.999Z,X3843070,6831,44.25495,7.62916,26210.1,4.8,5.4,168.4,-53.1,1.2,-1.0,RS41-SG,403.701,12.4,-500,10,2.7,,
2026-09-20T11:30:08.999Z,X3843070,6832,44.25491,7.62917,26215.1,5.2,5.2,172.6,-53.1,1.2,-1.0,RS41-SG,403.701,12.5,-500,10,2.7,,
2026-09-20T11:30:09.999Z,X3843070,6833,44.25486,7.62918,26220.9,6.2,5.9,178.4,-53.2,1.2,-1.0,RS41-SG,403.701,12.5,-500,10,2.6,,
2026-09-20T11:30:10.999Z,X3843070,6834,44.25480,7.62918,26227.0,6.0,6.9,181.0,-53.2,1.2,-1.0,RS41-SG,403.701,12.4,-125,10,2.6,,
2026-09-20T11:30:11.999Z,X3843070,6835,44.25474,7.62917,26232.3,4.7,7.5,181.5,-53.2,1.2,-1.0,RS41-SG,403.701,12.4,-125,10,2.6,,
2026-09-20T11:30:12.999Z,X3843070,6836,44.25467,7.62917,26237.4,5.4,7.5,180.4,-53.3,1.2,-1.0,RS41-SG,403.701,12.0,-125,10,2.6,,
2026-09-20T11:30:13.999Z,X3843070,6837,44.25460,7.62917,26243.3,6.6,6.7,177.0,-53.3,1.2,-1.0,RS41-SG,403.701,12.3,-125,10,2.7,,
2026-09-20T11:30:14.999Z,X3843070,6838,44.25455,7.62918,26249.2,5.3,5.8,171.8,-53.2,1.2,-1.0,RS41-SG,403.701,12.6,-500,10,2.7,,
2026-09-20T11:30:15.999Z,X3843070,6839,44.25450,7.62920,26254.4,5.2,5.6,165.1,-53.2,1.1,-1.0,RS41-SG,403.701,12.6,-500,10,2.6,,
2026-09-20T11:30:16.999Z,X3843070,6840,44.25445,7.62922,26260.3,6.5,6.3,160.8,-53.3,1.2,-1.0,RS41-SG,403.701,12.6,-500,10,2.6,,
2026-09-20T11:30:17.999Z,X3843070,6841,44.25439,7.62924,26266.6,6.0,7.1,161.1,-53.4,1.2,-1.0,RS41-SG,403.701,12.4,-500,10,2.6,,
2026-09-20T11:30:18.999Z,X3843070,6842,44.25433,7.62927,26271.9,4.7,7.7,162.5,-53.5,1.2,-1.0,RS41-SG,403.701,12.4,-500,10,2.7,,
2026-09-20T11:30:19.999Z,X3843070,6843,44.25426,7.62930,26276.9,5.3,7.5,163.0,-53.5,1.2,-1.0,RS41-SG,403.701,12.4,-125,10,2.7,,
2026-09-20T11:30:20.999Z,X3843070,6844,44.25420,7.62933,26282.7,6.5,6.6,164.8,-53.4,1.1,-1.0,RS41-SG,403.701,12.7,-500,10,2.7,,
2026-09-20T11:30:21.999Z,X3843070,6845,44.25415,7.62934,26288.9,5.8,5.6,168.1,-53.3,1.1,-1.0,RS41-SG,403.701,12.7,-500,10,2.6,,
2026-09-20T11:30:22.999Z,X3843070,6846,44.25410,7.62935,26294.6,5.6,5.1,176.6,-53.2,1.1,-1.0,RS41-SG,403.701,12.0,-500,10,2.6,,
2026-09-20T11:30:23.999Z,X3843070,6847,44.25406,7.62935,26300.2,5.6,5.5,187.2,-53.1,1.1,-1.0,RS41-SG,403.701,12.2,-125,10,2.6,,
2026-09-20T11:30:24.999Z,X3843070,6848,44.25400,7.62934,26306.3,6.6,6.7,195.0,-53.2,1.2,-1.0,RS41-SG,403.701,12.7,-125,10,2.6,,
2026-09-20T11:30:25.999Z,X3843070,6849,44.25394,7.62931,26312.3,5.3,7.7,198.0,-53.2,1.2,-1.0,RS41-SG,403.701,12.7,-125,10,2.7,,
2026-09-20T11:30:26.999Z,X3843070,6850,44.25387,7.62928,26317.3,4.7,8.2,199.2,-53.1,1.2,-1.0,RS41-SG,403.701,10.4,-500,10,2.7,,
2026-09-20T11:30:27.999Z,X3843070,6851,44.25381,7.62924,26322.6,6.0,7.9,198.9,-53.0,1.1,-1.0,RS41-SG,403.701,10.8,-500,10,2.6,,
2026-09-20T11:30:28.999Z,X3843070,6852,44.25374,7.62922,26329.0,6.6,6.7,195.6,-52.9,1.1,-1.0,RS41-SG,403.701,11.4,-125,10,2.6,,
2026-09-20T11:30:29.999Z,X3843070,6853,44.25369,7.62920,26334.7,4.8,5.7,190.8,-52.9,1.1,-1.0,RS41-SG,403.701,12.3,-500,10,2.6,,
2026-09-20T11:30:30.999Z,X3843070,6854,44.25364,7.62919,26339.3,4.6,5.0,184.4,-53.0,1.2,-1.0,RS41-SG,403.701,12.3,-500,10,2.7,,
2026-09-20T11:30:31.999Z,X3843070,6855,44.25360,7.62919,26344.6,5.9,5.0,182.5,-52.9,1.1,-1.0,RS41-SG,403.701,11.9,-500,10,2.7,,
2026-09-20T11:30:32.999Z,X3843070,6856,44.25355,7.62918,26350.6,6.2,5.4,187.9,-52.8,1.1,-1.0,RS41-SG,403.701,12.1,-500,10,2.7,,
2026-09-20T11:30:33.999Z,X3843070,6857,44.25350,7.62917,26356.4,5.3,5.5,194.9,-52.8,1.1,-1.0,RS41-SG,403.701,12.1,-500,10,2.6,,
2026-09-20T11:30:34.999Z,X3843070,6858,44.25346,7.62915,26361.9,5.7,5.1,201.7,-52.9,1.1,-1.0,RS41-SG,403.701,11.9,-500,10,2.6,,
2026-09-20T11:30:35.999Z,X3843070,6859,44.25342,7.62912,26367.8,6.3,4.2,209.1,-52.9,1.1,-1.0,RS41-SG,403.701,11.9,-125,10,2.6,,
2026-09-20T11:30:36.999Z,X3843070,6860,44.25339,7.62910,26373.8,5.8,3.3,221.9,-52.7,1.1,-1.0,RS41-SG,403.701,11.8,-500,10,2.6,,
2026-09-20T11:30:37.999Z,X3843070,6861,44.25337,7.62907,26379.5,5.5,3.2,241.6,-52.6,1.0,-1.0,RS41-SG,403.701,12.4,-500,10,2.7,,
2026-09-20T11:30:38.999Z,X3843070,6862,44.25336,7.62903,26385.0,5.4,3.7,254.7,-52.6,1.1,-1.0,RS41-SG,403.701,12.4,-125,10,2.7,,
2026-09-20T11:30:39.999Z,X3843070,6863,44.25335,7.62897,26390.6,5.9,4.9,259.4,-52.6,1.1,-1.0,RS41-SG,403.701,11.3,-500,10,2.6,,
2026-09-20T11:30:40.999Z,X3843070,6864,44.25335,7.62891,26396.3,5.5,5.8,260.7,-52.4,1.0,-1.0,RS41-SG,403.701,12.0,-125,10,2.6,,
2026-09-20T11:30:41.999Z,X3843070,6865,44.25334,7.62883,26401.7,5.5,6.2,261.9,-52.2,1.1,-1.0,RS41-SG,403.701,12.0,-125,10,2.6,,
2026-09-20T11:30:42.999Z,X3843070,6866,44.25333,7.62876,26407.7,6.6,5.9,264.9,-52.1,1.0,-1.0,RS41-SG,403.701,10.9,-125,10,2.7,,
2026-09-20T11:30:43.999Z,X3843070,6867,44.25333,7.62869,26414.5,6.9,4.7,267.5,-52.1,1.0,-1.0,RS41-SG,403.701,10.9,-500,10,2.7,,
2026-09-20T11:30:44.999Z,X3843070,6868,44.25333,7.62864,26421.2,6.5,3.0,264.0,-52.0,1.1,-1.0,RS41-SG,403.701,10.8,-500,10,2.7,,
2026-09-20T11:30:45.999Z,X3843070,6869,44.25332,7.62862,26427.0,5.1,1.5,240.0,-51.8,1.1,-1.0,RS41-SG,403.701,11.5,-500,10,2.6,,
2026-09-20T11:30:46.999Z,X3843070,6870,44.25331,7.62861,26432.0,5.0,1.8,153.2,-51.7,1.0,-1.0,RS41-SG,403.701,11.9,-500,10,2.6,,
2026-09-20T11:30:47.999Z,X3843070,6871,44.25329,7.62863,26437.4,5.6,3.9,139.6,-51.6,1.0,-1.0,RS41-SG,403.701,11.9,-500,10,2.6,,
2026-09-20T11:30:48.999Z,X3843070,6872,44.25326,7.62867,26442.6,4.9,5.0,142.4,-51.6,1.1,-1.0,RS41-SG,403.701,12.4,-500,10,2.6,,
2026-09-20T11:30:49.999Z,X3843070,6873,44.25322,7.62870,26447.5,4.7,4.8,148.8,-51.8,1.1,-1.0,RS41-SG,403.701,12.4,-500,10,2.7,,
2026-09-20T11:30:50.999Z,X3843070,6874,44.25319,7.62872,26453.0,6.2,3.3,170.4,-51.9,1.0,-1.0,RS41-SG,403.701,12.6,-500,10,2.7,,
2026-09-20T11:30:51.999Z,X3843070,6875,44.25317,7.62872,26459.4,6.8,2.1,233.0,-51.9,1.0,-1.0,RS41-SG,403.701,12.6,-500,10,2.6,,
2026-09-20T11:30:52.999Z,X3843070,6876,44.25317,7.62868,26465.1,4.6,3.4,275.3,-51.9,1.0,-1.0,RS41-SG,403.701,12.2,-125,10,2.6,,
2026-09-20T11:30:53.999Z,X3843070,6877,44.25317,7.62863,26469.5,4.3,5.2,288.3,-51.8,1.0,-1.0,RS41-SG,403.701,11.7,-500,10,2.6,,
2026-09-20T11:30:54.999Z,X3843070,6878,44.25319,7.62856,26474.7,6.0,6.5,289.9,-51.8,1.1,-1.0,RS41-SG,403.701,11.7,-500,10,2.7,,
2026-09-20T11:30:55.999Z,X3843070,6879,44.25321,7.62849,26481.0,6.5,6.0,284.7,-52.0,1.1,-1.0,RS41-SG,403.701,10.7,-500,10,2.7,,
2026-09-20T11:30:56.999Z,X3843070,6880,44.25322,7.62842,26487.0,5.6,4.9,280.3,-52.0,1.1,-1.0,RS41-SG,403.701,11.1,-500,10,2.7,,
2026-09-20T11:30:57.999Z,X3843070,6881,44.25322,7.62837,26492.4,5.5,3.1,276.6,-51.8,1.1,-1.0,RS41-SG,403.701,11.1,-500,10,2.6,,
2026-09-20T11:30:58.999Z,X3843070,6882,44.25323,7.62835,26498.4,6.4,1.3,288.8,-51.7,1.1,-1.0,RS41-SG,403.701,11.0,-500,10,2.6,,
2026-09-20T11:30:59.999Z,X3843070,6883,44.25323,7.62834,26504.4,5.7,0.6,22.6,-51.7,1.1,-1.0,RS41-SG,403.701,11.4,-500,10,2.6,,
2026-09-20T11:31:00.999Z,X3843070,6884,44.25324,7.62835,26509.9,5.3,1.7,83.9,-51.7,1.1,-1.0,RS41-SG,403.701,11.4,-500,10,2.6,,
2026-09-20T11:31:01.999Z,X3843070,6885,44.25323,7.62838,26515.7,6.2,3.4,103.8,-51.7,1.1,-1.0,RS41-SG,403.701,10.6,-500,10,2.7,,
2026-09-20T11:31:02.999Z,X3843070,6886,44.25322,7.62843,26521.3,5.1,4.5,111.4,-51.9,1.1,-1.0,RS41-SG,403.701,11.0,-500,10,2.7,,
2026-09-20T11:31:03.999Z,X3843070,6887,44.25321,7.62848,26526.1,4.7,4.9,116.4,-51.9,1.1,-1.0,RS41-SG,403.701,11.7,-500,10,2.6,,
2026-09-20T11:31:04.999Z,X3843070,6888,44.25319,7.62853,26531.8,6.6,3.8,116.5,-51.8,1.1,-1.0,RS41-SG,403.701,12.4,-500,10,2.6,,
2026-09-20T11:31:05.999Z,X3843070,6889,44.25318,7.62857,26538.4,6.7,1.9,104.4,-51.8,1.1,-1.0,RS41-SG,403.701,12.4,-500,10,2.6,,
2026-09-20T11:31:06.999Z,X3843070,6890,44.25318,7.62858,26544.3,5.0,0.7,30.9,-51.8,1.1,-1.0,RS41-SG,403.701,12.0,-500,10,2.7,,
2026-09-20T11:31:07.999Z,X3843070,6891,44.25319,7.62858,26549.4,5.1,1.7,329.4,-52.0,1.1,-1.0,RS41-SG,403.701,12.2,-500,10,2.7,,
2026-09-20T11:31:08.999Z,X3843070,6892,44.25320,7.62856,26555.0,6.1,2.3,324.3,-52.1,1.1,-1.0,RS41-SG,403.701,12.2,-500,10,2.7,,
2026-09-20T11:31:09.999Z,X3843070,6893,44.25322,7.62855,26560.9,5.6,2.1,323.8,-52.1,1.1,-1.0,RS41-SG,403.701,11.9,-500,10,2.6,,
2026-09-20T11:31:10.999Z,X3843070,6894,44.25323,7.62853,26566.1,4.8,2.1,335.0,-52.1,1.1,-1.0,RS41-SG,403.701,11.7,-500,10,2.6,,
2026-09-20T11:31:11.999Z,X3843070,6895,44.25325,7.62853,26571.6,6.2,2.6,358.1,-52.2,1.1,-1.0,RS41-SG,403.701,11.7,-500,10,2.6,,
2026-09-20T11:31:12.999Z,X3843070,6896,44.25328,7.62853,26578.0,6.6,3.6,10.5,-52.3,1.1,-1.0,RS41-SG,403.701,12.0,-500,10,2.6,,
2026-09-20T11:31:13.999Z,X3843070,6897,44.25332,7.62854,26584.0,5.4,4.3,17.2,-52.4,1.1,-1.0,RS41-SG,403.701,12.3,-500,10,2.7,,
2026-09-20T11:31:14.999Z,X3843070,6898,44.25335,7.62857,26589.5,5.5,4.7,29.6,-52.4,1.1,-1.0,RS41-SG,403.701,12.3,-500,10,2.7,,
2026-09-20T11:31:15.999Z,X3843070,6899,44.25339,7.62860,26595.3,6.2,4.8,47.3,-52.4,1.1,-1.0,RS41-SG,403.701,11.7,-500,10,2.7,,
2026-09-20T11:31:16.999Z,X3843070,6900,44.25341,7.62865,26601.1,5.5,5.1,62.7,-52.4,1.1,-1.0,RS41-SG,403.701,11.7,-500,10,2.6,,
2026-09-20T11:31:17.999Z,X3843070,6901,44.25343,7.62871,26606.0,4.5,5.4,72.6,-52.2,1.1,-1.0,RS41-SG,403.701,11.7,-500,10,2.6,,
2026-09-20T11:31:18.999Z,X3843070,6902,44.25344,7.62878,26610.8,5.3,5.4,71.4,-52.2,1.1,-1.0,RS41-SG,403.701,11.9,-500,10,2.6,,
2026-09-20T11:31:19.999Z,X3843070,6903,44.25346,7.62884,26616.8,6.6,5.4,60.3,-52.1,1.1,-1.0,RS41-SG,403.701,11.9,-500,10,2.6,,
2026-09-20T11:31:20.999Z,X3843070,6904,44.25349,7.62889,26623.2,6.1,5.3,44.5,-52.0,1.1,-1.0,RS41-SG,403.701,12.1,-500,10,2.7,,
2026-09-20T11:31:21.999Z,X3843070,6905,44.25353,7.62893,26628.7,5.1,5.0,31.1,-52.0,1.1,-1.0,RS41-SG,403.701,12.2,-500,10,2.7,,
2026-09-20T11:31:22.999Z,X3843070,6906,44.25357,7.62895,26633.7,5.0,4.5,17.0,-52.0,1.1,-1.0,RS41-SG,403.701,12.2,-500,10,2.6,,
2026-09-20T11:31:23.999Z,X3843070,6907,44.25360,7.62896,26639.0,5.7,3.6,4.5,-52.1,1.1,-1.0,RS41-SG,403.701,11.4,-500,10,2.6,,
2026-09-20T11:31:24.999Z,X3843070,6908,44.25363,7.62896,26645.0,6.2,2.3,352.8,-52.0,1.1,-1.0,RS41-SG,403.701,11.4,-500,10,2.6,,
2026-09-20T11:31:25.999Z,X3843070,6909,44.25365,7.62896,26650.5,4.9,1.6,351.6,-51.9,1.1,-1.0,RS41-SG,403.701,11.3,-500,10,2.7,,
2026-09-20T11:31:26.999Z,X3843070,6910,44.25366,7.62896,26655.6,5.2,1.6,11.2,-51.9,1.1,-1.0,RS41-SG,403.701,11.2,-500,10,2.7,,
2026-09-20T11:31:27.999Z,X3843070,6911,44.25368,7.62897,26661.4,6.4,2.6,26.3,-51.8,1.1,-1.0,RS41-SG,403.701,10.0,-500,10,2.7,,
2026-09-20T11:31:28.999Z,X3843070,6912,44.25371,7.62899,26668.1,7.1,4.4,28.9,-51.8,1.1,-1.0,RS41-SG,403.701,10.5,-500,10,2.6,,
2026-09-20T11:31:29.999Z,X3843070,6913,44.25375,7.62902,26674.1,5.0,6.0,29.4,-51.8,1.1,-1.0,RS41-SG,403.701,11.1,-500,10,2.6,,
2026-09-20T11:31:30.999Z,X3843070,6914,44.25380,7.62906,26679.0,4.7,7.2,32.7,-51.7,1.1,-1.0,RS41-SG,403.701,11.1,-500,10,2.6,,
2026-09-20T11:31:31.999Z,X3843070,6915,44.25385,7.62912,26684.4,6.3,7.9,39.0,-51.7,1.1,-1.0,RS41-SG,403.701,10.9,-500,10,2.6,,
2026-09-20T11:31:32.999Z,X3843070,6916,44.25390,7.62918,26690.6,6.0,7.8,45.7,-51.9,1.1,-1.0,RS41-SG,403.701,10.9,-500,10,2.7,,
2026-09-20T11:31:33.999Z,X3843070,6917,44.25395,7.62925,26696.2,5.3,7.4,48.5,-52.1,1.1,-1.0,RS41-SG,403.701,11.2,-500,10,2.7,,
2026-09-20T11:31:34.999Z,X3843070,6918,44.25399,7.62932,26702.0,6.3,6.7,44.7,-52.2,1.1,-1.0,RS41-SG,403.701,12.0,-500,10,2.7,,
2026-09-20T11:31:35.999Z,X3843070,6919,44.25404,7.62937,26708.4,6.5,6.2,32.6,-52.2,1.1,-1.0,RS41-SG,403.701,12.0,-500,10,2.6,,
2026-09-20T11:31:36.999Z,X3843070,6920,44.25409,7.62940,26714.3,5.2,6.1,19.9,-52.2,1.1,-1.0,RS41-SG,403.701,11.8,-500,10,2.6,,
2026-09-20T11:31:37.999Z,X3843070,6921,44.25414,7.62942,26719.0,4.3,6.2,11.0,-52.1,1.1,-1.0,RS41-SG,403.701,10.5,-500,10,2.6,,
2026-09-20T11:31:38.999Z,X3843070,6922,44.25419,7.62943,26723.8,5.2,5.7,7.3,-52.1,1.1,-1.0,RS41-SG,403.701,10.8,-500,10,2.6,,
2026-09-20T11:31:39.999Z,X3843070,6923,44.25424,7.62945,26729.8,6.7,4.9,13.0,-52.2,1.1,-1.0,RS41-SG,403.701,10.9,-500,10,2.7,,
2026-09-20T11:31:40.999Z,X3843070,6924,44.25428,7.62947,26736.0,5.7,4.7,24.6,-52.3,1.1,-1.0,RS41-SG,403.701,10.9,-500,10,2.7,,
2026-09-20T11:31:41.999Z,X3843070,6925,44.25432,7.62950,26741.6,5.4,5.3,34.7,-52.4,1.1,-1.0,RS41-SG,403.701,10.6,-500,10,2.6,,
2026-09-20T11:31:42.999Z,X3843070,6926,44.25436,7.62954,26747.4,6.3,6.3,39.2,-52.4,1.2,-1.0,RS41-SG,403.701,10.8,-500,10,2.6,,
2026-09-20T11:31:43.999Z,X3843070,6927,44.25441,7.62959,26753.7,6.2,7.5,39.7,-52.4,1.1,-1.0,RS41-SG,403.701,10.8,-500,10,2.6,,
2026-09-20T11:31:44.999Z,X3843070,6928,44.25446,7.62966,26759.1,4.6,8.3,39.4,-52.3,1.1,-1.0,RS41-SG,403.701,11.4,-500,10,2.7,,
2026-09-20T11:31:45.999Z,X3843070,6929,44.25452,7.62973,26763.9,5.2,8.5,43.6,-52.3,1.1,-1.0,RS41-SG,403.701,12.2,-500,10,2.7,,
2026-09-20T11:31:46.999Z,X3843070,6930,44.25457,7.62980,26769.9,6.8,8.2,51.1,-52.3,1.1,-1.0,RS41-SG,403.701,12.3,-500,10,2.7,,
2026-09-20T11:31:47.999Z,X3843070,6931,44.25461,7.62988,26776.3,5.9,7.5,58.3,-52.5,1.2,-1.0,RS41-SG,403.701,12.3,-500,10,2.6,,
2026-09-20T11:31:48.999Z,X3843070,6932,44.25464,7.62996,26782.1,5.8,6.3,61.9,-52.6,1.2,-1.0,RS41-SG,403.701,11.4,-500,10,2.6,,
2026-09-20T11:31:49.999Z,X3843070,6933,44.25467,7.63002,26788.3,6.6,4.8,53.8,-52.6,1.2,-1.0,RS41-SG,403.701,11.6,-500,10,2.6,,
2026-09-20T11:31:50.999Z,X3843070,6934,44.25470,7.63005,26794.8,6.4,4.0,29.1,-52.5,1.1,-1.0,RS41-SG,403.701,12.4,-500,10,2.6,,
2026-09-20T11:31:51.999Z,X3843070,6935,44.25473,7.63007,26800.3,4.6,4.1,6.4,-52.4,1.1,-1.0,RS41-SG,403.701,12.5,-500,10,2.7,,
2026-09-20T11:31:52.999Z,X3843070,6936,44.25477,7.63007,26804.9,4.5,4.4,351.2,-52.2,1.1,-1.0,RS41-SG,403.701,12.5,-500,10,2.7,,
2026-09-20T11:31:53.999Z,X3843070,6937,44.25481,7.63005,26810.1,5.9,4.4,346.6,-52.2,1.1,-1.0,RS41-SG,403.701,11.4,-500,10,2.7,,
2026-09-20T11:31:54.999Z,X3843070,6938,44.25484,7.63004,26816.6,6.9,3.8,351.7,-52.2,1.1,-1.0,RS41-SG,403.701,12.3,-500,10,2.6,,
2026-09-20T11:31:55.999Z,X3843070,6939,44.25488,7.63004,26822.7,5.4,3.4,1.8,-52.2,1.1,-1.0,RS41-SG,403.701,12.4,-500,10,2.6,,
2026-09-20T11:31:56.999Z,X3843070,6940,44.25491,7.63005,26828.3,5.8,3.7,11.0,-52.3,1.1,-1.0,RS41-SG,403.701,12.4,-500,10,2.6,,
2026-09-20T11:31:57.999Z,X3843070,6941,44.25494,7.63006,26834.6,6.8,4.1,14.6,-52.2,1.1,-1.0,RS41-SG,403.701,12.0,-500,10,2.6,,
2026-09-20T11:31:58.999Z,X3843070,6942,44.25498,7.63007,26840.8,5.6,4.5,15.3,-52.2,1.1,-1.0,RS41-SG,403.701,11.6,-500,10,2.7,,
2026-09-20T11:31:59.999Z,X3843070,6943,44.25502,7.63009,26846.4,5.4,4.8,23.5,-52.2,1.1,-1.0,RS41-SG,403.701,11.6,-500,10,2.7,,
2026-09-20T11:32:00.999Z,X3843070,6944,44.25505,7.63012,26852.4,6.6,4.6,38.8,-52.3,1.1,-1.0,RS41-SG,403.701,11.2,-500,10,2.7,,
2026-09-20T11:32:01.999Z,X3843070,6945,44.25508,7.63016,26858.7,5.9,4.6,57.8,-52.3,1.1,-1.0,RS41-SG,403.701,11.2,-500,10,2.6,,
2026-09-20T11:32:02.999Z,X3843070,6946,44.25510,7.63021,26864.2,5.0,4.5,67.4,-52.3,1.1,-1.0,RS41-SG,403.701,12.4,-500,10,2.6,,
2026-09-20T11:32:03.999Z,X3843070,6947,44.25511,7.63026,26869.8,6.3,3.8,69.3,-52.3,1.1,-1.0,RS41-SG,403.701,12.4,-500,10,2.6,,
2026-09-20T11:32:04.999Z,X3843070,6948,44.25513,7.63030,26876.3,6.5,3.0,49.3,-52.4,1.1,-1.0,RS41-SG,403.701,12.2,-500,10,2.6,,
2026-09-20T11:32:05.999Z,X3843070,6949,44.25515,7.63032,26882.0,4.9,2.9,23.0,-52.4,1.1,-1.0,RS41-SG,403.701,11.8,-500,10,2.7,,
2026-09-20T11:32:06.999Z,X3843070,6950,44.25517,7.63033,26886.9,5.0,3.0,5.8,-52.3,1.1,-1.0,RS41-SG,403.701,11.8,-500,10,2.7,,
2026-09-20T11:32:07.999Z,X3843070,6951,44.25520,7.63033,26892.5,6.2,3.0,0.7,-52.2,1.1,-1.0,RS41-SG,403.701,11.8,-500,10,2.6,,
2026-09-20T11:32:08.999Z,X3843070,6952,44.25523,7.63033,26898.8,6.3,2.5,8.5,-52.3,1.1,-1.0,RS41-SG,403.701,11.2,-500,10,2.6,,
2026-09-20T11:32:09.999Z,X3843070,6953,44.25525,7.63034,26904.6,5.3,2.1,20.4,-52.3,1.1,-1.0,RS41-SG,403.701,11.2,-500,10,2.6,,
2026-09-20T11:32:10.999Z,X3843070,6954,44.25526,7.63035,26910.1,5.6,2.1,19.4,-52.2,1.1,-1.0,RS41-SG,403.701,11.2,-500,10,2.7,,
2026-09-20T11:32:11.999Z,X3843070,6955,44.25528,7.63035,26916.3,6.7,2.4,10.7,-52.3,1.1,-1.0,RS41-SG,403.701,10.4,-500,10,2.7,,
2026-09-20T11:32:12.999Z,X3843070,6956,44.25531,7.63036,26922.3,5.4,2.6,6.0,-52.4,1.1,-1.0,RS41-SG,403.701,10.4,-500,10,2.7,,
2026-09-20T11:32:13.999Z,X3843070,6957,44.25533,7.63036,26927.4,4.8,2.6,7.3,-52.3,1.1,-1.0,RS41-SG,403.701,9.7,-500,10,2.6,,
2026-09-20T11:32:14.999Z,X3843070,6958,44.25535,7.63037,26932.7,5.7,2.1,23.4,-52.3,1.1,-1.0,RS41-SG,403.701,10.7,-500,10,2.6,,
2026-09-20T11:32:15.999Z,X3843070,6959,44.25536,7.63039,26938.8,6.5,2.0,56.2,-52.4,1.1,-1.0,RS41-SG,403.701,10.9,-500,9,2.6,,
2026-09-20T11:32:16.999Z,X3843070,6960,44.25537,7.63041,26944.9,5.7,2.4,73.0,-52.4,1.1,-1.0,RS41-SG,403.701,11.2,-500,10,2.6,,
2026-09-20T11:32:17.999Z,X3843070,6961,44.25538,7.63044,26950.8,6.3,2.5,67.7,-52.4,1.1,-1.0,RS41-SG,403.701,11.2,-500,10,2.7,,
2026-09-20T11:32:18.999Z,X3843070,6962,44.25539,7.63046,26957.5,7.0,2.6,39.4,-52.4,1.1,-1.0,RS41-SG,403.701,11.2,-500,10,2.7,,
2026-09-20T11:32:19.999Z,X3843070,6963,44.25541,7.63048,26963.4,4.7,3.4,20.4,-52.5,1.1,-1.0,RS41-SG,403.701,10.8,-500,10,2.7,,
2026-09-20T11:32:20.999Z,X3843070,6964,44.25545,7.63049,26968.1,4.7,4.6,11.6,-52.4,1.1,-1.0,RS41-SG,403.701,11.4,-500,10,2.6,,
2026-09-20T11:32:21.999Z,X3843070,6965,44.25549,7.63051,26973.8,6.6,5.7,13.0,-52.3,1.1,-1.0,RS41-SG,403.701,11.4,-500,10,2.6,,
2026-09-20T11:32:22.999Z,X3843070,6966,44.25555,7.63053,26979.9,5.5,6.3,18.2,-52.4,1.1,-1.0,RS41-SG,403.701,11.2,-500,10,2.6,,
2026-09-20T11:32:23.999Z,X3843070,6967,44.25560,7.63056,26985.0,4.7,6.5,22.4,-52.3,1.1,-1.0,RS41-SG,403.701,11.5,-500,10,2.6,,
2026-09-20T11:32:24.999Z,X3843070,6968,44.25566,7.63059,26990.3,6.0,7.0,21.0,-52.2,1.1,-1.0,RS41-SG,403.701,11.5,-500,10,2.7,,
2026-09-20T11:32:25.999Z,X3843070,6969,44.25572,7.63062,26996.6,6.3,7.4,16.8,-52.2,1.1,-1.0,RS41-SG,403.701,11.1,-500,10,2.7,,
2026-09-20T11:32:26.999Z,X3843070,6970,44.25578,7.63064,27002.5,5.7,7.4,16.3,-52.1,1.1,-1.0,RS41-SG,403.701,11.7,-500,10,2.7,,
2026-09-20T11:32:27.999Z,X3843070,6971,44.25584,7.63067,27008.5,6.1,6.7,20.4,-52.0,1.1,-1.0,RS41-SG,403.701,11.7,-500,10,2.6,,
2026-09-20T11:32:28.999Z,X3843070,6972,44.25589,7.63070,27014.7,6.3,5.7,33.4,-52.0,1.1,-1.0,RS41-SG,403.701,12.1,-500,10,2.6,,
2026-09-20T11:32:29.999Z,X3843070,6973,44.25593,7.63075,27020.9,6.0,5.4,51.7,-52.0,1.1,-1.0,RS41-SG,403.701,12.1,-500,10,2.6,,
2026-09-20T11:32:30.999Z,X3843070,6974,44.25595,7.63081,27025.9,4.0,5.1,62.4,-51.9,1.1,-1.0,RS41-SG,403.701,11.9,-500,10,2.6,,
2026-09-20T11:32:31.999Z,X3843070,6975,44.25597,7.63086,27030.4,4.8,4.4,66.9,-52.0,1.1,-1.0,RS41-SG,403.701,10.6,-500,10,2.7,,
2026-09-20T11:32:32.999Z,X3843070,6976,44.25599,7.63090,27036.0,6.5,3.3,58.9,-52.0,1.1,-1.0,RS41-SG,403.701,10.6,-500,10,2.7,,
2026-09-20T11:32:33.999Z,X3843070,6977,44.25600,7.63093,27042.3,5.9,2.5,38.7,-52.0,1.1,-1.0,RS41-SG,403.701,10.6,-500,10,2.7,,
2026-09-20T11:32:34.999Z,X3843070,6978,44.25602,7.63094,27047.8,5.1,2.7,16.2,-52.1,1.1,-1.0,RS41-SG,403.701,10.6,-500,10,2.6,,
2026-09-20T11:32:35.999Z,X3843070,6979,44.25605,7.63095,27053.0,5.3,3.4,13.5,-52.1,1.1,-1.0,RS41-SG,403.701,11.4,-500,10,2.6,,
2026-09-20T11:32:36.999Z,X3843070,6980,44.25608,7.63097,27058.9,6.5,4.1,23.3,-52.0,1.1,-1.0,RS41-SG,403.701,11.8,-500,10,2.6,,
2026-09-20T11:32:37.999Z,X3843070,6981,44.25612,7.63100,27065.3,6.3,4.9,34.9,-52.0,1.1,-1.0,RS41-SG,403.701,11.8,-500,10,2.6,,
2026-09-20T11:32:38.999Z,X3843070,6982,44.25615,7.63104,27070.8,4.7,5.6,41.2,-52.0,1.1,-1.0,RS41-SG,403.701,11.8,-500,10,2.7,,
2026-09-20T11:32:39.999Z,X3843070,6983,44.25619,7.63109,27076.1,6.0,6.1,40.9,-51.9,1.1,-1.0,RS41-SG,403.701,11.8,-500,10,2.7,,
2026-09-20T11:32:40.999Z,X3843070,6984,44.25624,7.63113,27082.5,6.6,6.4,33.8,-51.9,1.1,-1.0,RS41-SG,403.701,11.4,-500,10,2.6,,
2026-09-20T11:32:41.999Z,X3843070,6985,44.25629,7.63117,27088.3,5.1,6.4,28.4,-52.0,1.1,-1.0,RS41-SG,403.701,11.3,-500,10,2.6,,
2026-09-20T11:32:42.999Z,X3843070,6986,44.25634,7.63121,27093.6,5.3,6.0,25.6,-51.9,1.1,-1.0,RS41-SG,403.701,11.3,-500,10,2.6,,
2026-09-20T11:32:43.999Z,X3843070,6987,44.25638,7.63124,27099.3,6.1,5.1,29.7,-51.9,1.1,-1.0,RS41-SG,403.701,11.3,-500,10,2.7,,
2026-09-20T11:32:44.999Z,X3843070,6988,44.25642,7.63127,27105.4,6.0,4.6,37.7,-52.0,1.1,-1.0,RS41-SG,403.701,11.3,-500,10,2.7,,
2026-09-20T11:32:45.999Z,X3843070,6989,44.25645,7.63131,27110.8,4.9,4.2,46.1,-51.9,1.1,-1.0,RS41-SG,403.701,11.3,-500,10,2.7,,
2026-09-20T11:32:46.999Z,X3843070,6990,44.25647,7.63135,27115.7,5.0,4.5,44.8,-51.8,1.0,-1.0,RS41-SG,403.701,11.9,-500,10,2.6,,
2026-09-20T11:32:47.999Z,X3843070,6991,44.25651,7.63139,27121.1,5.9,5.3,36.1,-51.9,1.1,-1.0,RS41-SG,403.701,11.9,-500,10,2.6,,
2026-09-20T11:32:48.999Z,X3843070,6992,44.25655,7.63143,27127.2,6.3,6.5,30.0,-51.8,1.1,-1.0,RS41-SG,403.701,11.2,-500,10,2.6,,
2026-09-20T11:32:49.999Z,X3843070,6993,44.25661,7.63147,27133.1,5.4,7.6,30.0,-51.6,1.0,-1.0,RS41-SG,403.701,10.5,-500,10,2.6,,
2026-09-20T11:32:50.999Z,X3843070,6994,44.25667,7.63153,27138.4,5.3,8.6,34.6,-51.7,1.0,-1.0,RS41-SG,403.701,11.0,-500,10,2.7,,
2026-09-20T11:32:51.999Z,X3843070,6995,44.25673,7.63160,27144.1,6.2,9.2,43.0,-51.7,1.0,-1.0,RS41-SG,403.701,11.0,-500,10,2.7,,
2026-09-20T11:32:52.999Z,X3843070,6996,44.25678,7.63168,27150.3,6.2,9.6,54.0,-51.5,1.0,-1.0,RS41-SG,403.701,11.0,-500,10,2.7,,
2026-09-20T11:32:53.999Z,X3843070,6997,44.25683,7.63179,27155.8,4.7,9.9,61.5,-51.3,1.0,-1.0,RS41-SG,403.701,11.2,-500,10,2.6,,
2026-09-20T11:32:54.999Z,X3843070,6998,44.25687,7.63190,27160.3,4.3,10.1,65.6,-51.3,1.0,-1.0,RS41-SG,403.701,11.7,-500,10,2.6,,
2026-09-20T11:32:55.999Z,X3843070,6999,44.25691,7.63201,27165.1,5.4,10.0,65.4,-51.3,1.0,-1.0,RS41-SG,403.701,12.3,-500,10,2.6,,
2026-09-20T11:32:56.999Z,X3843070,7000,44.25695,7.63212,27170.9,6.0,9.5,60.1,-51.2,1.0,-1.0,RS41-SG,403.701,12.3,-500,10,2.6,,
2026-09-20T11:32:57.999Z,X3843070,7001,44.25699,7.63222,27176.5,5.2,9.3,53.1,-51.0,1.0,-1.0,RS41-SG,403.701,12.3,-500,10,2.7,,
2026-09-20T11:32:58.999Z,X3843070,7002,44.25705,7.63231,27181.5,4.7,9.0,49.2,-51.1,1.0,-1.0,RS41-SG,403.701,12.3,-500,10,2.7,,
2026-09-20T11:32:59.999Z,X3843070,7003,44.25710,7.63239,27186.5,5.5,8.7,49.1,-51.1,1.0,-1.0,RS41-SG,403.701,11.0,-500,10,2.7,,
2026-09-20T11:33:00.999Z,X3843070,7004,44.25715,7.63247,27192.5,6.4,8.2,51.9,-51.0,1.0,-1.0,RS41-SG,403.701,11.9,-500,10,2.6,,
2026-09-20T11:33:01.999Z,X3843070,7005,44.25719,7.63255,27198.6,5.7,7.6,56.5,-50.9,1.0,-1.0,RS41-SG,403.701,11.9,-500,10,2.6,,
2026-09-20T11:33:02.999Z,X3843070,7006,44.25722,7.63263,27203.7,4.4,7.0,59.5,-51.0,1.0,-1.0,RS41-SG,403.701,9.1,-500,10,2.6,,
2026-09-20T11:33:03.999Z,X3843070,7007,44.25725,7.63270,27208.5,5.2,6.4,56.2,-51.0,1.0,-1.0,RS41-SG,403.701,11.2,-500,10,2.6,,
2026-09-20T11:33:04.999Z,X3843070,7008,44.25729,7.63276,27214.2,6.4,5.9,45.3,-50.9,1.0,-1.0,RS41-SG,403.701,11.9,-500,10,2.7,,
2026-09-20T11:33:05.999Z,X3843070,7009,44.25733,7.63281,27220.5,6.1,5.8,32.2,-50.8,1.0,-1.0,RS41-SG,403.701,11.9,-500,10,2.7,,
2026-09-20T11:33:06.999Z,X3843070,7010,44.25738,7.63284,27226.1,5.1,6.0,25.2,-50.9,1.0,-1.0,RS41-SG,403.701,11.8,-500,10,2.7,,
2026-09-20T11:33:07.999Z,X3843070,7011,44.25742,7.63287,27231.3,5.4,6.1,25.6,-50.9,1.0,-1.0,RS41-SG,403.701,10.1,-500,10,2.6,,
2026-09-20T11:33:08.999Z,X3843070,7012,44.25747,7.63291,27237.1,6.3,6.3,36.2,-50.8,1.0,-1.0,RS41-SG,403.701,10.1,-500,10,2.6,,
2026-09-20T11:33:09.999Z,X3843070,7013,44.25751,7.63297,27243.3,6.3,6.7,49.9,-50.8,1.0,-1.0,RS41-SG,403.701,9.4,-500,10,2.6,,
2026-09-20T11:33:10.999Z,X3843070,7014,44.25755,7.63304,27249.3,5.6,7.3,59.1,-50.8,1.0,-1.0,RS41-SG,403.701,12.0,-500,10,2.6,,
2026-09-20T11:33:11.999Z,X3843070,7015,44.25758,7.63312,27254.4,4.5,7.5,62.8,-50.9,1.0,-1.0,RS41-SG,403.701,12.0,-500,10,2.7,,
2026-09-20T11:33:12.999Z,X3843070,7016,44.25761,7.63320,27259.2,5.0,7.4,60.8,-51.0,1.0,-1.0,RS41-SG,403.701,11.6,-500,10,2.7,,
2026-09-20T11:33:13.999Z,X3843070,7017,44.25765,7.63328,27264.8,6.3,7.3,52.7,-51.0,1.0,-1.0,RS41-SG,403.701,11.6,-500,10,2.7,,
2026-09-20T11:33:14.999Z,X3843070,7018,44.25769,7.63335,27271.2,6.2,7.5,43.0,-50.9,1.0,-1.0,RS41-SG,403.701,12.1,-500,10,2.6,,
2026-09-20T11:33:15.999Z,X3843070,7019,44.25775,7.63341,27276.4,4.2,7.9,35.9,-51.0,1.0,-1.0,RS41-SG,403.701,12.1,-500,10,2.6,,
2026-09-20T11:33:16.999Z,X3843070,7020,44.25781,7.63346,27280.8,4.5,8.1,33.9,-51.1,1.1,-1.0,RS41-SG,403.701,11.5,-500,10,2.6,,
2026-09-20T11:33:17.999Z,X3843070,7021,44.25786,7.63352,27286.2,6.3,7.9,38.5,-51.1,1.0,-1.0,RS41-SG,403.701,11.5,-500,10,2.6,,
2026-09-20T11:33:18.999Z,X3843070,7022,44.25791,7.63359,27292.6,6.4,7.6,48.2,-51.0,1.0,-1.0,RS41-SG,403.701,10.2,-500,10,2.7,,
2026-09-20T11:33:19.999Z,X3843070,7023,44.25795,7.63366,27298.2,4.8,7.3,56.6,-50.9,1.0,-1.0,RS41-SG,403.701,10.2,-500,10,2.7,,
2026-09-20T11:33:20.999Z,X3843070,7024,44.25799,7.63374,27303.4,5.5,6.7,61.7,-50.9,1.0,-1.0,RS41-SG,403.701,10.1,-500,10,2.7,,
2026-09-20T11:33:21.999Z,X3843070,7025,44.25801,7.63381,27309.5,6.9,6.1,60.2,-51.1,1.1,-1.0,RS41-SG,403.701,9.3,-500,10,2.6,,
2026-09-20T11:33:22.999Z,X3843070,7026,44.25804,7.63387,27315.9,5.9,5.7,54.7,-51.1,1.1,-1.0,RS41-SG,403.701,9.4,-500,10,2.6,,
2026-09-20T11:33:23.999Z,X3843070,7027,44.25807,7.63392,27321.5,5.4,5.4,51.2,-51.0,1.0,-1.0,RS41-SG,403.701,9.7,-500,10,2.6,,
2026-09-20T11:33:24.999Z,X3843070,7028,44.25810,7.63398,27327.2,5.9,5.1,53.3,-51.0,1.1,-1.0,RS41-SG,403.701,9.7,-500,10,2.6,,
2026-09-20T11:33:25.999Z,X3843070,7029,44.25812,7.63403,27333.5,6.5,5.0,62.0,-51.1,1.0,-1.0,RS41-SG,403.701,9.9,-500,10,2.7,,
2026-09-20T11:33:26.999Z,X3843070,7030,44.25814,7.63408,27339.3,5.1,4.9,66.6,-51.2,1.1,-1.0,RS41-SG,403.701,9.9,-500,10,2.7,,
2026-09-20T11:33:27.999Z,X3843070,7031,44.25816,7.63414,27344.5,5.4,5.0,64.4,-51.1,1.0,-1.0,RS41-SG,403.701,9.9,-500,10,2.7,,
2026-09-20T11:33:28.999Z,X3843070,7032,44.25819,7.63419,27350.6,6.6,4.9,51.4,-51.1,1.1,-1.0,RS41-SG,403.701,9.5,-500,10,2.6,,
2026-09-20T11:33:29.999Z,X3843070,7033,44.25822,7.63424,27356.8,5.7,5.2,37.6,-51.2,1.1,-1.0,RS41-SG,403.701,11.7,-500,10,2.6,,
2026-09-20T11:33:31.000Z,X3843070,7034,44.25826,7.63427,27362.2,5.2,5.7,29.5,-51.3,1.1,-1.0,RS41-SG,403.701,11.9,-500,10,2.6,,
2026-09-20T11:33:32.000Z,X3843070,7035,44.25830,7.63431,27367.4,5.3,5.8,30.0,-51.3,1.0,-1.0,RS41-SG,403.701,11.9,-500,10,2.6,,
2026-09-20T11:33:33.000Z,X3843070,7036,44.25834,7.63435,27373.3,6.4,5.4,40.7,-51.2,1.0,-1.0,RS41-SG,403.701,11.5,-500,10,2.7,,
2026-09-20T11:33:34.000Z,X3843070,7037,44.25837,7.63440,27379.9,6.7,5.1,56.6,-51.1,1.0,-1.0,RS41-SG,403.701,11.8,-500,10,2.7,,
2026-09-20T11:33:35.000Z,X3843070,7038,44.25840,7.63445,27385.6,4.6,5.0,67.9,-51.1,1.0,-1.0,RS41-SG,403.701,11.8,-500,10,2.7,,
2026-09-20T11:33:36.000Z,X3843070,7039,44.25841,7.63451,27390.3,4.6,4.7,77.0,-51.1,1.1,-1.0,RS41-SG,403.701,11.5,-500,10,2.6,,
2026-09-20T11:33:37.000Z,X3843070,7040,44.25842,7.63456,27395.6,6.0,4.2,76.6,-51.1,1.1,-1.0,RS41-SG,403.701,11.5,-500,10,2.6,,
2026-09-20T11:33:38.000Z,X3843070,7041,44.25843,7.63461,27402.1,6.9,3.3,63.2,-51.1,1.1,-1.0,RS41-SG,403.701,10.8,-500,10,2.6,,
2026-09-20T11:33:39.000Z,X3843070,7042,44.25844,7.63464,27408.1,4.9,3.0,48.7,-51.0,1.0,-1.0,RS41-SG,403.701,11.0,-500,10,2.6,,
2026-09-20T11:33:40.000Z,X3843070,7043,44.25846,7.63467,27413.0,4.9,2.7,35.8,-51.1,1.1,-1.0,RS41-SG,403.701,12.0,-500,10,2.7,,
2026-09-20T11:33:41.000Z,X3843070,7044,44.25848,7.63468,27418.8,6.7,2.4,39.2,-51.2,1.0,-1.0,RS41-SG,403.701,12.0,-500,10,2.7,,
2026-09-20T11:33:42.000Z,X3843070,7045,44.25850,7.63471,27425.2,6.1,2.6,58.4,-51.2,1.0,-1.0,RS41-SG,403.701,11.6,-500,10,2.7,,
2026-09-20T11:33:43.000Z,X3843070,7046,44.25851,7.63474,27430.9,5.2,2.9,71.5,-51.1,1.0,-1.0,RS41-SG,403.701,11.9,-500,10,2.6,,
2026-09-20T11:33:44.000Z,X3843070,7047,44.25852,7.63478,27436.5,6.1,3.4,68.9,-51.1,1.1,-1.0,RS41-SG,403.701,12.5,-500,10,2.6,,
2026-09-20T11:33:45.000Z,X3843070,7048,44.25853,7.63481,27442.5,5.9,3.7,53.9,-51.3,1.1,-1.0,RS41-SG,403.701,12.5,-500,10,2.6,,
2026-09-20T11:33:46.000Z,X3843070,7049,44.25855,7.63485,27448.3,5.6,4.1,42.2,-51.3,1.0,-1.0,RS41-SG,403.701,11.1,-500,10,2.6,,
2026-09-20T11:33:47.000Z,X3843070,7050,44.25858,7.63489,27453.7,5.3,4.7,38.2,-51.2,1.0,-1.0,RS41-SG,403.701,11.2,-500,10,2.7,,
2026-09-20T11:33:48.000Z,X3843070,7051,44.25862,7.63493,27459.2,5.5,5.2,42.8,-51.1,1.0,-1.0,RS41-SG,403.701,11.2,-500,10,2.7,,
2026-09-20T11:33:49.000Z,X3843070,7052,44.25865,7.63498,27465.0,6.2,5.5,55.3,-51.1,1.0,-1.0,RS41-SG,403.701,11.9,-500,10,2.7,,
2026-09-20T11:33:50.000Z,X3843070,7053,44.25867,7.63504,27471.0,5.8,5.6,67.8,-51.2,1.1,-1.0,RS41-SG,403.701,11.9,-500,10,2.6,,
2026-09-20T11:33:51.000Z,X3843070,7054,44.25868,7.63510,27476.8,5.7,5.0,87.2,-51.1,1.1,-1.0,RS41-SG,403.701,12.3,-500,10,2.6,,
2026-09-20T11:33:52.000Z,X3843070,7055,44.25868,7.63516,27482.5,5.5,4.6,109.1,-51.0,1.1,-1.0,RS41-SG,403.701,12.3,-500,10,2.6,,
2026-09-20T11:33:53.000Z,X3843070,7056,44.25866,7.63520,27488.1,5.5,4.0,132.5,-50.9,1.1,-1.0,RS41-SG,403.701,12.0,-500,10,2.6,,
2026-09-20T11:33:54.000Z,X3843070,7057,44.25863,7.63523,27493.5,5.4,3.2,150.6,-50.9,1.0,-1.0,RS41-SG,403.701,11.9,-500,10,2.7,,
2026-09-20T11:33:55.000Z,X3843070,7058,44.25861,7.63524,27498.9,5.5,1.9,166.8,-50.9,1.0,-1.0,RS41-SG,403.701,10.2,-500,10,2.7,,
2026-09-20T11:33:56.000Z,X3843070,7059,44.25860,7.63525,27504.5,5.7,0.5,160.4,-50.8,1.0,-1.0,RS41-SG,403.701,10.4,-500,10,2.7,,
2026-09-20T11:33:57.000Z,X3843070,7060,44.25860,7.63525,27510.0,5.3,1.1,55.5,-50.8,1.0,-1.0,RS41-SG,403.701,11.1,-500,10,2.6,,
2026-09-20T11:33:58.000Z,X3843070,7061,44.25861,7.63527,27515.6,5.8,2.5,62.1,-50.7,1.0,-1.0,RS41-SG,403.701,11.8,-500,10,2.6,,
2026-09-20T11:33:59.000Z,X3843070,7062,44.25862,7.63531,27521.6,6.2,3.8,75.0,-50.7,1.0,-1.0,RS41-SG,403.701,11.8,-500,10,2.6,,
2026-09-20T11:34:00.000Z,X3843070,7063,44.25863,7.63536,27527.4,5.3,4.2,82.6,-50.7,1.0,-1.0,RS41-SG,403.701,11.3,-500,10,2.6,,
2026-09-20T11:34:01.000Z,X3843070,7064,44.25863,7.63541,27532.6,5.1,4.2,88.9,-50.7,1.0,-1.0,RS41-SG,403.701,12.3,-500,10,2.7,,
2026-09-20T11:34:02.000Z,X3843070,7065,44.25863,7.63546,27538.5,6.6,3.6,92.6,-50.7,1.0,-1.0,RS41-SG,403.701,12.3,-500,10,2.7,,
2026-09-20T11:34:03.000Z,X3843070,7066,44.25863,7.63550,27545.1,6.7,2.5,92.8,-50.7,0.9,-1.0,RS41-SG,403.701,11.1,-500,10,2.7,,
2026-09-20T11:34:04.000Z,X3843070,7067,44.25862,7.63552,27551.1,5.2,1.5,107.5,-50.6,1.0,-1.0,RS41-SG,403.701,10.6,-500,10,2.6,,
2026-09-20T11:34:05.000Z,X3843070,7068,44.25862,7.63554,27556.3,5.2,1.3,165.1,-50.5,1.0,-1.0,RS41-SG,403.701,12.3,-500,10,2.6,,
2026-09-20T11:34:06.000Z,X3843070,7069,44.25860,7.63554,27562.2,6.5,2.6,179.0,-50.5,1.0,-1.0,RS41-SG,403.701,12.3,-500,10,2.6,,
2026-09-20T11:34:07.000Z,X3843070,7070,44.25857,7.63554,27568.4,6.0,3.6,173.3,-50.5,1.0,-1.0,RS41-SG,403.701,11.5,-500,10,2.6,,
2026-09-20T11:34:08.000Z,X3843070,7071,44.25854,7.63555,27574.1,5.3,4.0,163.1,-50.5,1.0,-1.0,RS41-SG,403.701,11.5,-500,10,2.7,,
2026-09-20T11:34:09.000Z,X3843070,7072,44.25851,7.63557,27579.9,6.2,3.6,147.1,-50.6,1.0,-1.0,RS41-SG,403.701,11.5,-500,10,2.7,,
2026-09-20T11:34:10.000Z,X3843070,7073,44.25849,7.63560,27586.3,6.7,2.7,112.2,-50.6,1.0,-1.0,RS41-SG,403.701,11.2,-500,10,2.7,,
2026-09-20T11:34:11.000Z,X3843070,7074,44.25849,7.63563,27592.8,6.3,3.2,70.2,-50.7,1.0,-1.0,RS41-SG,403.701,10.6,-500,10,2.6,,
2026-09-20T11:34:12.000Z,X3843070,7075,44.25851,7.63567,27598.3,4.7,4.6,55.5,-50.7,1.0,-1.0,RS41-SG,403.701,10.8,-500,10,2.6,,
2026-09-20T11:34:13.000Z,X3843070,7076,44.25853,7.63573,27603.1,4.7,5.5,55.0,-50.8,1.0,-1.0,RS41-SG,403.701,10.8,-500,10,2.6,,
2026-09-20T11:34:14.000Z,X3843070,7077,44.25856,7.63579,27608.4,5.9,5.8,61.9,-50.7,1.0,-1.0,RS41-SG,403.701,10.7,-500,10,2.6,,
2026-09-20T11:34:15.000Z,X3843070,7078,44.25858,7.63585,27615.0,7.2,5.4,78.9,-50.7,1.0,-1.0,RS41-SG,403.701,11.4,-500,10,2.7,,
2026-09-20T11:34:16.000Z,X3843070,7079,44.25858,7.63592,27621.1,5.1,5.0,93.4,-50.6,1.0,-1.0,RS41-SG,403.701,11.4,-500,10,2.7,,
2026-09-20T11:34:17.000Z,X3843070,7080,44.25857,7.63597,27625.9,4.5,4.6,108.0,-50.5,1.0,-1.0,RS41-SG,403.701,11.1,-500,10,2.7,,
2026-09-20T11:34:18.000Z,X3843070,7081,44.25856,7.63602,27631.1,5.9,3.6,120.2,-50.4,1.0,-1.0,RS41-SG,403.701,11.3,-500,10,2.6,,
2026-09-20T11:34:19.000Z,X3843070,7082,44.25854,7.63605,27637.4,6.6,2.1,130.4,-50.4,1.0,-1.0,RS41-SG,403.701,11.3,-500,9,2.6,,
2026-09-20T11:34:20.000Z,X3843070,7083,44.25853,7.63606,27643.3,5.0,1.2,153.1,-50.4,1.1,-1.0,RS41-SG,403.701,11.8,-500,10,2.6,,
2026-09-20T11:34:21.000Z,X3843070,7084,44.25852,7.63607,27648.3,5.0,0.8,198.7,-50.4,1.0,-1.0,RS41-SG,403.701,11.8,-500,10,2.6,,
2026-09-20T11:34:22.000Z,X3843070,7085,44.25852,7.63606,27654.0,6.4,0.9,191.5,-50.5,1.0,-1.0,RS41-SG,403.701,11.7,-500,10,2.7,,
2026-09-20T11:34:23.000Z,X3843070,7086,44.25851,7.63606,27660.4,6.4,1.4,159.3,-50.6,1.0,-1.0,RS41-SG,403.701,10.1,-500,10,2.7,,
2026-09-20T11:34:24.000Z,X3843070,7087,44.25849,7.63608,27666.4,5.5,1.8,138.0,-50.7,1.0,-1.0,RS41-SG,403.701,10.1,-500,10,2.7,,
2026-09-20T11:34:25.000Z,X3843070,7088,44.25848,7.63609,27671.9,5.6,1.9,111.9,-50.7,1.0,-1.0,RS41-SG,403.701,11.2,-500,10,2.6,,
2026-09-20T11:34:26.000Z,X3843070,7089,44.25848,7.63612,27677.7,5.9,2.2,75.8,-50.7,1.0,-1.0,RS41-SG,403.701,11.2,-500,10,2.6,,
2026-09-20T11:34:27.000Z,X3843070,7090,44.25850,7.63615,27683.8,6.2,3.1,51.7,-50.7,1.0,-1.0,RS41-SG,403.701,10.7,-500,10,2.6,,
2026-09-20T11:34:28.000Z,X3843070,7091,44.25851,7.63618,27689.2,4.6,3.6,45.7,-50.6,1.0,-1.0,RS41-SG,403.701,10.7,-500,10,2.6,,
2026-09-20T11:34:29.000Z,X3843070,7092,44.25854,7.63621,27694.2,5.2,3.8,53.2,-50.7,1.0,-1.0,RS41-SG,403.701,10.7,-500,10,2.7,,
2026-09-20T11:34:30.000Z,X3843070,7093,44.25855,7.63625,27699.9,6.4,3.5,76.0,-50.7,1.0,-1.0,RS41-SG,403.701,9.9,-500,10,2.7,,
2026-09-20T11:34:31.000Z,X3843070,7094,44.25855,7.63630,27706.3,6.3,4.0,101.3,-50.6,1.0,-1.0,RS41-SG,403.701,9.9,-500,10,2.7,,
2026-09-20T11:34:32.000Z,X3843070,7095,44.25854,7.63635,27711.8,4.7,4.6,117.8,-50.5,1.0,-1.0,RS41-SG,403.701,11.1,-500,10,2.6,,
2026-09-20T11:34:33.000Z,X3843070,7096,44.25851,7.63640,27716.7,5.3,4.8,128.6,-50.4,1.0,-1.0,RS41-SG,403.701,11.1,-500,10,2.6,,
2026-09-20T11:34:34.000Z,X3843070,7097,44.25849,7.63644,27722.7,6.7,4.1,134.9,-50.4,1.0,-1.0,RS41-SG,403.701,10.6,-500,10,2.6,,
2026-09-20T11:34:35.000Z,X3843070,7098,44.25847,7.63647,27729.2,6.4,2.9,134.5,-50.5,1.0,-1.0,RS41-SG,403.701,10.6,-500,10,2.6,,
2026-09-20T11:34:37.000Z,X3843070,7100,44.25845,7.63651,27739.6,5.1,1.7,104.8,-50.4,1.0,-1.0,RS41-SG,403.701,8.0,-500,10,2.7,,
2026-09-20T11:34:38.000Z,X3843070,7101,44.25844,7.63654,27745.4,6.5,2.2,99.0,-50.4,1.0,-1.0,RS41-SG,403.701,9.5,-500,10,2.7,,
2026-09-20T11:34:39.000Z,X3843070,7102,44.25844,7.63657,27751.7,6.3,3.0,99.7,-50.4,1.0,-1.0,RS41-SG,403.701,9.5,-500,10,2.6,,
2026-09-20T11:34:40.000Z,X3843070,7103,44.25843,7.63661,27757.6,5.4,3.5,98.6,-50.4,1.0,-1.0,RS41-SG,403.701,10.8,-500,10,2.6,,
2026-09-20T11:34:41.000Z,X3843070,7104,44.25843,7.63665,27763.3,6.0,3.7,89.1,-50.4,1.0,-1.0,RS41-SG,403.701,11.0,-500,10,2.6,,
2026-09-20T11:34:42.000Z,X3843070,7105,44.25844,7.63670,27769.5,6.5,3.7,73.7,-50.4,1.0,-1.0,RS41-SG,403.701,11.0,-500,10,2.6,,
2026-09-20T11:34:43.000Z,X3843070,7106,44.25845,7.63674,27775.5,5.4,3.6,63.9,-50.4,1.0,-1.0,RS41-SG,403.701,9.6,-500,10,2.7,,
2026-09-20T11:34:44.000Z,X3843070,7107,44.25846,7.63678,27780.9,5.4,3.1,63.8,-50.3,1.0,-1.0,RS41-SG,403.701,10.6,-500,10,2.7,,
2026-09-20T11:34:45.000Z,X3843070,7108,44.25847,7.63681,27786.6,6.0,2.5,81.6,-50.3,1.0,-1.0,RS41-SG,403.701,10.6,-500,10,2.7,,
2026-09-20T11:34:46.000Z,X3843070,7109,44.25847,7.63684,27792.8,6.4,2.6,116.6,-50.4,1.0,-1.0,RS41-SG,403.701,10.5,-500,10,2.6,,
2026-09-20T11:34:47.000Z,X3843070,7110,44.25845,7.63687,27798.8,5.5,3.2,139.2,-50.4,1.0,-1.0,RS41-SG,403.701,10.2,-500,10,2.6,,
2026-09-20T11:34:48.000Z,X3843070,7111,44.25843,7.63689,27803.9,4.9,3.3,157.1,-50.4,1.0,-1.0,RS41-SG,403.701,10.4,-500,10,2.6,,
2026-09-20T11:34:49.000Z,X3843070,7112,44.25840,7.63690,27809.1,5.5,3.0,179.8,-50.4,1.0,-1.0,RS41-SG,403.701,10.4,-500,10,2.6,,
2026-09-20T11:34:50.000Z,X3843070,7113,44.25838,7.63689,27815.0,6.2,2.5,217.8,-50.4,1.0,-1.0,RS41-SG,403.701,10.4,-500,10,2.7,,
2026-09-20T11:34:51.000Z,X3843070,7114,44.25836,7.63686,27821.1,6.0,2.7,256.9,-50.4,1.0,-1.0,RS41-SG,403.701,10.5,-500,10,2.7,,
2026-09-20T11:34:52.000Z,X3843070,7115,44.25836,7.63683,27826.5,4.7,2.9,279.5,-50.3,1.0,-1.0,RS41-SG,403.701,10.8,-500,10,2.7,,
2026-09-20T11:34:53.000Z,X3843070,7116,44.25837,7.63680,27831.4,5.2,2.7,299.9,-50.2,1.0,-1.0,RS41-SG,403.701,10.8,-500,10,2.6,,
2026-09-20T11:34:54.000Z,X3843070,7117,44.25838,7.63678,27837.5,6.9,1.4,338.4,-50.2,1.0,-1.0,RS41-SG,403.701,9.5,-500,10,2.6,,
2026-09-20T11:34:55.000Z,X3843070,7118,44.25839,7.63678,27844.4,6.8,1.6,65.0,-50.2,1.0,-1.0,RS41-SG,403.701,9.9,-500,10,2.6,,
2026-09-20T11:34:56.000Z,X3843070,7119,44.25840,7.63681,27850.2,4.9,3.0,89.0,-50.3,1.0,-1.0,RS41-SG,403.701,11.1,-500,10,2.6,,
2026-09-20T11:34:57.000Z,X3843070,7120,44.25839,7.63685,27854.9,4.7,3.9,94.2,-50.3,1.0,-1.0,RS41-SG,403.701,11.1,-500,10,2.7,,
2026-09-20T11:34:58.000Z,X3843070,7121,44.25839,7.63690,27860.1,5.8,3.7,92.3,-50.3,1.0,-1.0,RS41-SG,403.701,10.2,-500,10,2.7,,
2026-09-20T11:34:59.000Z,X3843070,7122,44.25839,7.63694,27866.1,6.3,2.5,80.8,-50.2,1.0,-1.0,RS41-SG,403.701,10.4,-500,10,2.7,,
2026-09-20T11:35:00.000Z,X3843070,7123,44.25840,7.63696,27872.4,6.4,1.2,29.7,-50.2,1.0,-1.0,RS41-SG,403.701,10.4,-500,10,2.6,,
2026-09-20T11:35:01.000Z,X3843070,7124,44.25841,7.63696,27878.3,5.1,1.5,316.1,-50.1,1.0,-1.0,RS41-SG,403.701,11.2,-500,10,2.6,,
2026-09-20T11:35:02.000Z,X3843070,7125,44.25842,7.63693,27883.1,4.6,2.7,285.6,-50.2,1.0,-1.0,RS41-SG,403.701,11.2,-500,10,2.6,,
2026-09-20T11:35:03.000Z,X3843070,7126,44.25842,7.63689,27888.1,5.3,3.9,262.2,-50.3,1.0,-1.0,RS41-SG,403.701,10.8,-500,10,2.6,,
2026-09-20T11:35:04.000Z,X3843070,7127,44.25841,7.63684,27894.0,6.6,4.8,242.4,-50.5,1.0,-1.0,RS41-SG,403.701,10.8,-125,10,2.7,,
2026-09-20T11:35:05.000Z,X3843070,7128,44.25838,7.63679,27900.1,5.5,5.4,228.8,-50.6,1.0,-1.0,RS41-SG,403.701,9.8,-125,10,2.7,,
2026-09-20T11:35:06.000Z,X3843070,7129,44.25835,7.63674,27905.0,4.5,5.3,217.8,-50.6,1.0,-1.0,RS41-SG,403.701,8.8,-500,10,2.7,,
2026-09-20T11:35:07.000Z,X3843070,7130,44.25831,7.63671,27910.2,6.0,4.3,212.7,-50.5,1.0,-1.0,RS41-SG,403.701,9.2,-500,10,2.6,,
2026-09-20T11:35:08.000Z,X3843070,7131,44.25829,7.63669,27916.6,6.7,2.4,215.2,-50.5,1.0,-1.0,RS41-SG,403.701,10.2,-500,10,2.6,,
2026-09-20T11:35:09.000Z,X3843070,7132,44.25828,7.63667,27922.5,5.1,0.9,246.9,-50.6,1.0,-1.0,RS41-SG,403.701,10.8,-500,10,2.6,,
2026-09-20T11:35:10.000Z,X3843070,7133,44.25828,7.63666,27927.3,4.5,0.9,333.0,-50.8,1.0,-1.0,RS41-SG,403.701,10.8,-500,10,2.6,,
2026-09-20T11:35:11.000Z,X3843070,7134,44.25829,7.63666,27932.6,6.1,1.3,0.2,-50.9,1.0,-1.0,RS41-SG,403.701,11.3,-500,10,2.7,,
2026-09-20T11:35:12.000Z,X3843070,7135,44.25830,7.63666,27939.2,7.0,0.6,7.7,-50.9,1.1,-1.0,RS41-SG,403.701,11.3,-500,10,2.7,,
2026-09-20T11:35:13.000Z,X3843070,7136,44.25830,7.63666,27945.3,5.3,0.4,216.9,-50.9,1.1,-1.0,RS41-SG,403.701,10.9,-500,10,2.7,,
2026-09-20T11:35:14.000Z,X3843070,7137,44.25829,7.63665,27950.7,5.7,1.6,224.7,-51.0,1.1,-1.0,RS41-SG,403.701,10.7,-500,10,2.6,,
2026-09-20T11:35:15.000Z,X3843070,7138,44.25828,7.63663,27956.9,6.7,3.1,239.6,-51.1,1.1,-1.0,RS41-SG,403.701,11.4,-500,10,2.6,,
2026-09-20T11:35:16.000Z,X3843070,7139,44.25826,7.63659,27963.1,5.7,4.3,247.0,-51.1,1.1,-1.0,RS41-SG,403.701,11.4,-500,10,2.6,,
2026-09-20T11:35:17.000Z,X3843070,7140,44.25825,7.63653,27968.5,5.1,5.6,247.4,-51.0,1.1,-1.0,RS41-SG,403.701,11.1,-125,10,2.6,,
2026-09-20T11:35:18.000Z,X3843070,7141,44.25822,7.63646,27974.3,6.5,7.0,240.9,-50.9,1.1,-1.0,RS41-SG,403.701,11.1,-500,10,2.7,,
2026-09-20T11:35:19.000Z,X3843070,7142,44.25819,7.63639,27980.7,6.3,7.7,232.4,-50.9,1.0,-1.0,RS41-SG,403.701,10.6,-125,10,2.7,,
2026-09-20T11:35:20.000Z,X3843070,7143,44.25814,7.63631,27986.4,5.2,7.9,225.3,-50.9,1.0,-1.0,RS41-SG,403.701,10.4,-500,10,2.7,,
2026-09-20T11:35:21.000Z,X3843070,7144,44.25809,7.63625,27991.9,5.9,7.1,222.6,-51.0,1.0,-1.0,RS41-SG,403.701,10.4,-500,10,2.6,,
2026-09-20T11:35:22.000Z,X3843070,7145,44.25805,7.63619,27997.9,6.3,5.5,225.4,-51.0,1.0,-1.0,RS41-SG,403.701,9.9,-500,10,2.6,,
2026-09-20T11:35:23.000Z,X3843070,7146,44.25802,7.63615,28004.1,6.1,3.6,237.3,-51.0,1.1,-1.0,RS41-SG,403.701,9.9,-500,10,2.6,,
2026-09-20T11:35:24.000Z,X3843070,7147,44.25801,7.63611,28009.5,4.7,2.5,250.3,-51.1,1.1,-1.0,RS41-SG,403.701,10.1,-500,10,2.6,,
2026-09-20T11:35:25.000Z,X3843070,7148,44.25801,7.63609,28014.5,5.4,1.7,257.0,-51.2,1.1,-1.0,RS41-SG,403.701,10.2,-500,10,2.7,,
2026-09-20T11:35:26.000Z,X3843070,7149,44.25800,7.63607,28020.3,6.4,1.6,235.8,-51.1,1.0,-1.0,RS41-SG,403.701,10.2,-500,10,2.7,,
2026-09-20T11:35:27.000Z,X3843070,7150,44.25799,7.63605,28026.4,5.9,2.5,218.5,-51.1,1.1,-1.0,RS41-SG,403.701,10.4,-500,10,2.7,,
2026-09-20T11:35:28.000Z,X3843070,7151,44.25797,7.63603,28031.8,4.9,3.8,217.9,-51.0,1.0,-1.0,RS41-SG,403.701,11.2,-500,10,2.6,,
2026-09-20T11:35:29.000Z,X3843070,7152,44.25794,7.63599,28036.9,5.4,4.8,225.8,-51.0,1.0,-1.0,RS41-SG,403.701,11.6,-500,10,2.6,,
2026-09-20T11:35:30.000Z,X3843070,7153,44.25791,7.63594,28042.9,6.7,5.5,238.6,-51.0,1.0,-1.0,RS41-SG,403.701,11.6,-500,10,2.6,,
2026-09-20T11:35:31.000Z,X3843070,7154,44.25789,7.63588,28049.2,5.8,5.9,248.2,-51.1,1.1,-1.0,RS41-SG,403.701,11.1,-500,10,2.6,,
2026-09-20T11:35:32.000Z,X3843070,7155,44.25787,7.63581,28054.5,4.9,6.2,254.6,-51.1,1.0,-1.0,RS41-SG,403.701,10.7,-500,10,2.7,,
2026-09-20T11:35:33.000Z,X3843070,7156,44.25785,7.63573,28059.8,5.6,6.2,255.1,-51.1,1.0,-1.0,RS41-SG,403.701,11.0,-500,10,2.7,,
2026-09-20T11:35:34.000Z,X3843070,7157,44.25784,7.63566,28065.9,6.7,5.9,246.8,-51.2,1.0,-1.0,RS41-SG,403.701,11.0,-500,10,2.7,,
2026-09-20T11:35:36.000Z,X3843070,7159,44.25779,7.63555,28077.5,5.1,4.0,225.1,-51.2,1.0,-1.0,RS41-SG,403.701,10.7,-500,10,2.6,,
2026-09-20T11:35:37.000Z,X3843070,7160,44.25777,7.63553,28082.8,5.3,2.1,209.5,-51.3,1.1,-1.0,RS41-SG,403.701,10.8,-500,10,2.6,,
2026-09-20T11:35:38.000Z,X3843070,7161,44.25776,7.63553,28088.4,6.0,0.5,114.4,-51.3,1.0,-1.0,RS41-SG,403.701,10.8,-500,10,2.6,,
2026-09-20T11:35:39.000Z,X3843070,7162,44.25776,7.63554,28094.0,5.2,1.7,49.2,-51.1,1.0,-1.0,RS41-SG,403.701,9.9,-500,10,2.7,,
2026-09-20T11:35:40.000Z,X3843070,7163,44.25777,7.63555,28099.0,4.8,2.3,41.2,-51.1,1.0,-1.0,RS41-SG,403.701,9.9,-500,10,2.7,,
2026-09-20T11:35:41.000Z,X3843070,7164,44.25779,7.63557,28104.4,6.0,2.0,35.6,-51.1,1.0,-1.0,RS41-SG,403.701,10.6,-500,10,2.7,,
2026-09-20T11:35:42.000Z,X3843070,7165,44.25780,7.63558,28110.9,6.8,0.5,20.0,-51.3,1.0,-1.0,RS41-SG,403.701,11.0,-500,10,2.6,,
2026-09-20T11:35:43.000Z,X3843070,7166,44.25780,7.63557,28116.9,5.2,1.1,235.0,-51.2,1.0,-1.0,RS41-SG,403.701,11.0,-500,10,2.6,,
2026-09-20T11:35:44.000Z,X3843070,7167,44.25779,7.63555,28122.2,5.3,2.8,241.5,-51.1,1.0,-1.0,RS41-SG,403.701,10.9,-500,10,2.6,,
2026-09-20T11:35:45.000Z,X3843070,7168,44.25778,7.63551,28128.1,6.5,4.3,253.2,-51.0,1.0,-1.0,RS41-SG,403.701,10.9,-500,10,2.6,,
2026-09-20T11:35:46.000Z,X3843070,7169,44.25777,7.63545,28134.0,5.4,5.1,263.9,-51.0,1.0,-1.0,RS41-SG,403.701,10.8,-500,10,2.7,,
2026-09-20T11:35:47.000Z,X3843070,7170,44.25777,7.63539,28139.0,4.5,5.6,268.9,-50.9,1.0,-1.0,RS41-SG,403.701,9.9,-500,10,2.7,,
2026-09-20T11:35:48.000Z,X3843070,7171,44.25777,7.63532,28144.2,5.8,5.4,272.5,-50.9,1.0,-1.0,RS41-SG,403.701,9.9,-500,10,2.7,,
2026-09-20T11:35:49.000Z,X3843070,7172,44.25777,7.63526,28150.5,6.9,4.5,265.5,-51.0,1.0,-1.0,RS41-SG,403.701,9.7,-500,10,2.6,,
2026-09-20T11:35:50.000Z,X3843070,7173,44.25776,7.63521,28156.5,5.2,3.4,259.0,-51.1,1.0,-1.0,RS41-SG,403.701,9.7,-500,10,2.6,,
2026-09-20T11:35:51.000Z,X3843070,7174,44.25776,7.63518,28161.9,5.7,1.9,263.1,-51.2,1.1,-1.0,RS41-SG,403.701,9.1,-500,10,2.6,,
2026-09-20T11:35:52.000Z,X3843070,7175,44.25776,7.63516,28167.7,6.0,1.2,333.3,-51.3,1.0,-1.0,RS41-SG,403.701,9.1,-500,10,2.6,,
2026-09-20T11:35:53.000Z,X3843070,7176,44.25778,7.63516,28173.5,5.7,2.6,7.0,-51.3,1.0,-1.0,RS41-SG,403.701,9.0,-500,10,2.7,,
2026-09-20T11:35:54.000Z,X3843070,7177,44.25781,7.63517,28178.6,4.4,3.8,12.7,-51.2,1.0,-1.0,RS41-SG,403.701,10.2,-500,10,2.7,,
2026-09-20T11:35:55.000Z,X3843070,7178,44.25784,7.63518,28183.2,4.7,4.1,11.2,-51.2,1.0,-1.0,RS41-SG,403.701,10.2,-500,10,2.7,,
2026-09-20T11:35:56.000Z,X3843070,7179,44.25787,7.63518,28188.5,5.8,3.5,7.1,-51.3,1.0,-1.0,RS41-SG,403.701,10.2,-500,10,2.6,,
2026-09-20T11:35:57.000Z,X3843070,7180,44.25790,7.63518,28195.0,7.1,2.2,347.3,-51.3,1.0,-1.0,RS41-SG,403.701,10.2,-500,10,2.6,,
2026-09-20T11:35:58.000Z,X3843070,7181,44.25791,7.63517,28201.5,5.9,1.8,307.8,-51.2,1.1,-1.0,RS41-SG,403.701,10.2,-500,10,2.6,,
2026-09-20T11:35:59.000Z,X3843070,7182,44.25792,7.63515,28206.9,4.9,2.7,280.1,-51.1,1.1,-1.0,RS41-SG,403.701,10.6,-500,10,2.6,,
2026-09-20T11:36:00.000Z,X3843070,7183,44.25792,7.63510,28212.1,5.6,4.3,274.4,-51.0,1.1,-1.0,RS41-SG,403.701,10.9,-500,10,2.7,,
2026-09-20T11:36:01.000Z,X3843070,7184,44.25793,7.63504,28217.9,5.9,5.8,279.3,-51.0,1.1,-1.0,RS41-SG,403.701,10.9,-500,10,2.7,,
2026-09-20T11:36:02.000Z,X3843070,7185,44.25794,7.63497,28223.3,5.0,6.5,282.6,-51.1,1.0,-1.0,RS41-SG,403.701,10.4,-500,10,2.7,,
2026-09-20T11:36:03.000Z,X3843070,7186,44.25795,7.63489,28228.8,6.0,6.5,284.0,-51.2,1.0,-1.0,RS41-SG,403.701,9.9,-500,10,2.6,,
2026-09-20T11:36:04.000Z,X3843070,7187,44.25797,7.63482,28235.5,7.4,5.2,281.6,-51.3,1.1,-1.0,RS41-SG,403.701,8.6,-500,10,2.6,,
2026-09-20T11:36:05.000Z,X3843070,7188,44.25797,7.63476,28242.0,5.6,3.7,275.8,-51.3,1.0,-1.0,RS41-SG,403.701,8.9,-500,10,2.6,,
2026-09-20T11:36:06.000Z,X3843070,7189,44.25797,7.63472,28247.0,4.6,2.1,271.0,-51.2,1.0,-1.0,RS41-SG,403.701,9.8,-500,10,2.6,,
2026-09-20T11:36:07.000Z,X3843070,7190,44.25798,7.63471,28252.3,5.9,0.8,307.6,-51.1,1.0,-1.0,RS41-SG,403.701,9.8,-500,10,2.7,,
2026-09-20T11:36:08.000Z,X3843070,7191,44.25799,7.63471,28258.5,6.5,1.7,6.9,-51.1,1.0,-1.0,RS41-SG,403.701,10.3,-500,10,2.7,,
2026-09-20T11:36:09.000Z,X3843070,7192,44.25801,7.63471,28264.4,5.4,2.7,9.6,-51.2,1.0,-1.0,RS41-SG,403.701,10.3,-500,10,2.7,,
2026-09-20T11:36:10.000Z,X3843070,7193,44.25803,7.63471,28269.8,5.6,3.0,6.7,-51.2,1.1,-1.0,RS41-SG,403.701,9.5,-500,10,2.6,,
2026-09-20T11:36:11.000Z,X3843070,7194,44.25805,7.63472,28275.5,5.8,2.2,1.7,-51.2,1.0,-1.0,RS41-SG,403.701,9.5,-500,10,2.6,,
2026-09-20T11:36:12.000Z,X3843070,7195,44.25807,7.63471,28281.4,6.2,0.9,330.9,-51.2,1.0,-1.0,RS41-SG,403.701,9.4,-500,10,2.6,,
2026-09-20T11:36:13.000Z,X3843070,7196,44.25807,7.63471,28287.3,5.5,1.0,238.2,-51.1,1.0,-1.0,RS41-SG,403.701,9.4,-500,10,2.6,,
2026-09-20T11:36:14.000Z,X3843070,7197,44.25806,7.63469,28292.3,4.4,1.6,225.1,-51.1,1.0,-1.0,RS41-SG,403.701,9.4,-500,10,2.7,,
2026-09-20T11:36:15.000Z,X3843070,7198,44.25805,7.63468,28297.0,5.1,1.9,230.6,-51.1,1.0,-1.0,RS41-SG,403.701,9.6,-125,10,2.7,,
2026-09-20T11:36:16.000Z,X3843070,7199,44.25805,7.63466,28302.7,6.4,1.6,263.7,-51.0,1.0,-1.0,RS41-SG,403.701,10.0,-500,10,2.7,,
2026-09-20T11:36:17.000Z,X3843070,7200,44.25805,7.63464,28309.1,6.4,2.1,304.3,-50.9,1.0,-1.0,RS41-SG,403.701,10.0,-500,10,2.6,,
2026-09-20T11:36:18.000Z,X3843070,7201,44.25807,7.63462,28314.6,4.8,2.7,325.1,-50.7,1.0,-1.0,RS41-SG,403.701,10.0,-500,10,2.6,,
2026-09-20T11:36:19.000Z,X3843070,7202,44.25809,7.63460,28319.2,4.5,2.9,341.2,-50.5,1.0,-1.0,RS41-SG,403.701,9.2,-500,10,2.6,,
2026-09-20T11:36:20.000Z,X3843070,7203,44.25811,7.63460,28324.4,5.9,2.3,359.4,-50.4,1.0,-1.0,RS41-SG,403.701,8.0,-500,10,2.6,,
2026-09-20T11:36:21.000Z,X3843070,7204,44.25813,7.63460,28330.6,6.4,1.7,31.6,-50.4,1.0,-1.0,RS41-SG,403.701,7.8,-500,10,2.7,,
2026-09-20T11:36:22.000Z,X3843070,7205,44.25814,7.63462,28336.3,5.0,1.3,73.3,-50.3,1.0,-1.0,RS41-SG,403.701,8.1,-500,10,2.7,,
2026-09-20T11:36:23.000Z,X3843070,7206,44.25814,7.63463,28341.5,5.3,1.3,91.1,-50.3,1.0,-1.0,RS41-SG,403.701,8.1,-500,10,2.7,,
2026-09-20T11:36:24.000Z,X3843070,7207,44.25814,7.63465,28347.5,6.6,1.2,77.8,-50.3,1.0,-1.0,RS41-SG,403.701,7.6,-500,10,2.6,,
2026-09-20T11:36:26.000Z,X3843070,7209,44.25815,7.63467,28359.1,5.1,1.2,29.8,-50.6,1.0,-1.0,RS41-SG,403.701,8.8,-500,10,2.6,,
2026-09-20T11:36:27.000Z,X3843070,7210,44.25816,7.63468,28364.5,5.7,0.9,25.7,-50.7,1.0,-1.0,RS41-SG,403.701,10.6,-500,10,2.6,,
2026-09-20T11:36:28.000Z,X3843070,7211,44.25816,7.63468,28370.7,6.6,0.3,151.0,-50.7,1.0,-1.0,RS41-SG,403.701,10.6,-500,10,2.7,,
2026-09-20T11:36:29.000Z,X3843070,7212,44.25816,7.63468,28376.5,5.1,0.8,165.6,-50.5,0.9,-1.0,RS41-SG,403.701,10.6,-500,10,2.7,,
2026-09-20T11:36:30.000Z,X3843070,7213,44.25815,7.63468,28381.8,5.5,0.8,166.8,-50.4,1.0,-1.0,RS41-SG,403.701,10.0,-500,10,2.7,,
2026-09-20T11:36:31.000Z,X3843070,7214,44.25815,7.63469,28387.8,6.5,0.3,11.9,-50.4,1.0,-1.0,RS41-SG,403.701,10.0,-500,10,2.6,,
2026-09-20T11:36:32.000Z,X3843070,7215,44.25816,7.63468,28394.1,6.1,1.5,350.4,-50.5,1.0,-1.0,RS41-SG,403.701,8.9,-500,10,2.6,,
2026-09-20T11:36:33.000Z,X3843070,7216,44.25817,7.63468,28399.7,5.0,2.4,349.9,-50.6,1.0,-1.0,RS41-SG,403.701,9.4,-500,10,2.6,,
2026-09-20T11:36:34.000Z,X3843070,7217,44.25820,7.63467,28404.8,5.3,2.5,344.0,-50.7,1.0,-1.0,RS41-SG,403.701,10.2,-500,10,2.6,,
2026-09-20T11:36:35.000Z,X3843070,7218,44.25821,7.63466,28410.6,6.4,1.9,338.1,-50.7,1.0,-1.0,RS41-SG,403.701,10.5,-500,10,2.7,,
2026-09-20T11:36:36.000Z,X3843070,7219,44.25823,7.63466,28416.6,5.6,1.0,321.7,-50.7,1.0,-1.0,RS41-SG,403.701,10.5,-500,10,2.7,,
2026-09-20T11:36:37.000Z,X3843070,7220,44.25823,7.63465,28422.2,5.4,0.5,308.8,-50.7,1.0,-1.0,RS41-SG,403.701,9.7,-500,10,2.7,,
2026-09-20T11:36:38.000Z,X3843070,7221,44.25823,7.63465,28427.8,5.9,0.7,336.9,-50.7,1.0,-1.0,RS41-SG,403.701,9.0,-500,10,2.6,,
2026-09-20T11:36:39.000Z,X3843070,7222,44.25825,7.63464,28433.8,6.2,1.8,0.2,-50.8,1.0,-1.0,RS41-SG,403.701,8.2,-500,10,2.6,,
2026-09-20T11:36:40.000Z,X3843070,7223,44.25827,7.63465,28440.1,6.3,3.4,6.8,-50.8,1.0,-1.0,RS41-SG,403.701,10.5,-500,10,2.6,,
2026-09-20T11:36:41.000Z,X3843070,7224,44.25830,7.63465,28445.6,4.7,4.5,10.3,-50.9,1.0,-1.0,RS41-SG,403.701,10.8,-500,10,2.6,,
2026-09-20T11:36:42.000Z,X3843070,7225,44.25835,7.63467,28450.1,4.5,5.3,17.8,-50.9,1.0,-1.0,RS41-SG,403.701,10.8,-500,10,2.7,,
2026-09-20T11:36:43.000Z,X3843070,7226,44.25839,7.63470,28455.2,5.7,5.6,30.2,-50.9,1.0,-1.0,RS41-SG,403.701,9.8,-500,10,2.7,,
2026-09-20T11:36:44.000Z,X3843070,7227,44.25843,7.63474,28461.2,6.5,5.5,44.1,-50.8,1.0,-1.0,RS41-SG,403.701,9.5,-500,10,2.7,,
2026-09-20T11:36:45.000Z,X3843070,7228,44.25846,7.63479,28467.0,5.0,5.2,54.4,-50.7,1.0,-1.0,RS41-SG,403.701,8.9,-500,10,2.6,,
2026-09-20T11:36:46.000Z,X3843070,7229,44.25849,7.63484,28472.0,5.1,4.9,58.3,-50.5,1.0,-1.0,RS41-SG,403.701,8.2,-500,10,2.6,,
2026-09-20T11:36:47.000Z,X3843070,7230,44.25851,7.63489,28477.6,6.3,4.2,50.5,-50.5,1.0,-1.0,RS41-SG,403.701,9.0,-500,10,2.6,,
2026-09-20T11:36:48.000Z,X3843070,7231,44.25854,7.63492,28484.0,6.5,3.9,30.3,-50.4,1.0,-1.0,RS41-SG,403.701,10.5,-500,10,2.6,,
2026-09-20T11:36:49.000Z,X3843070,7232,44.25857,7.63494,28489.8,5.0,4.0,11.7,-50.4,1.0,-1.0,RS41-SG,403.701,10.5,-500,10,2.7,,
2026-09-20T11:36:50.000Z,X3843070,7233,44.25860,7.63494,28494.9,5.3,4.0,357.8,-50.4,1.0,-1.0,RS41-SG,403.701,10.5,-500,10,2.7,,
2026-09-20T11:36:51.000Z,X3843070,7234,44.25864,7.63494,28500.4,5.9,3.3,355.0,-50.6,1.0,-1.0,RS41-SG,403.701,10.3,-500,10,2.7,,
2026-09-20T11:36:52.000Z,X3843070,7235,44.25866,7.63494,28506.6,6.3,2.3,6.3,-50.6,1.0,-1.0,RS41-SG,403.701,10.3,-500,10,2.6,,
2026-09-20T11:36:53.000Z,X3843070,7236,44.25868,7.63495,28512.8,6.1,1.6,44.5,-50.5,1.0,-1.0,RS41-SG,403.701,10.8,-500,10,2.6,,
2026-09-20T11:36:54.000Z,X3843070,7237,44.25869,7.63496,28518.2,4.7,2.0,66.2,-50.4,1.0,-1.0,RS41-SG,403.701,10.8,-500,10,2.6,,
2026-09-20T11:36:55.000Z,X3843070,7238,44.25869,7.63499,28522.8,4.7,2.4,67.5,-50.4,1.0,-1.0,RS41-SG,403.701,9.3,-500,10,2.6,,
2026-09-20T11:36:56.000Z,X3843070,7239,44.25870,7.63502,28527.9,5.6,2.6,54.0,-50.5,1.0,-1.0,RS41-SG,403.701,8.4,-500,10,2.7,,
2026-09-20T11:36:57.000Z,X3843070,7240,44.25872,7.63504,28534.0,6.4,2.9,32.2,-50.6,1.0,-1.0,RS41-SG,403.701,10.9,-500,10,2.7,,
2026-09-20T11:36:58.000Z,X3843070,7241,44.25875,7.63505,28539.9,5.5,3.4,15.7,-50.8,1.0,-1.0,RS41-SG,403.701,10.9,-500,10,2.7,,
2026-09-20T11:37:00.000Z,X3843070,7243,44.25881,7.63508,28549.7,5.4,3.4,17.8,-50.9,1.0,-1.0,RS41-SG,403.701,9.4,-500,10,2.6,,
2026-09-20T11:37:01.000Z,X3843070,7244,44.25883,7.63510,28555.8,6.7,3.1,45.2,-50.9,1.0,-1.0,RS41-SG,403.701,9.4,-500,10,2.6,,
2026-09-20T11:37:02.000Z,X3843070,7245,44.25885,7.63513,28561.7,5.1,3.4,71.0,-50.8,1.0,-1.0,RS41-SG,403.701,9.8,-500,10,2.6,,
2026-09-20T11:37:03.000Z,X3843070,7246,44.25885,7.63517,28566.7,4.8,3.9,87.6,-50.7,1.0,-1.0,RS41-SG,403.701,10.7,-500,10,2.7,,
2026-09-20T11:37:04.000Z,X3843070,7247,44.25885,7.63522,28572.0,5.8,4.0,92.2,-50.7,1.0,-1.0,RS41-SG,403.701,10.7,-500,10,2.7,,
2026-09-20T11:37:05.000Z,X3843070,7248,44.25886,7.63527,28578.1,6.4,3.3,83.9,-50.8,1.0,-1.0,RS41-SG,403.701,8.9,-500,10,2.7,,
2026-09-20T11:37:06.000Z,X3843070,7249,44.25886,7.63530,28584.1,5.5,2.8,69.5,-50.9,1.0,-1.0,RS41-SG,403.701,10.4,-500,10,2.6,,
2026-09-20T11:37:07.000Z,X3843070,7250,44.25887,7.63533,28589.1,4.4,2.6,55.9,-51.0,1.1,-1.0,RS41-SG,403.701,10.4,-500,10,2.6,,
2026-09-20T11:37:08.000Z,X3843070,7251,44.25889,7.63536,28593.8,5.2,2.9,54.6,-51.2,1.1,-1.0,RS41-SG,403.701,10.5,-500,10,2.6,,
2026-09-20T11:37:09.000Z,X3843070,7252,44.25890,7.63540,28599.6,6.5,3.3,65.2,-51.2,1.1,-1.0,RS41-SG,403.701,10.5,-500,10,2.6,,
2026-09-20T11:37:10.000Z,X3843070,7253,44.25891,7.63544,28605.5,5.6,3.9,71.3,-51.1,1.0,-1.0,RS41-SG,403.701,10.0,-500,10,2.7,,
2026-09-20T11:37:11.000Z,X3843070,7254,44.25892,7.63549,28610.9,5.2,4.4,69.8,-51.0,1.0,-1.0,RS41-SG,403.701,10.0,-500,10,2.7,,
2026-09-20T11:37:12.000Z,X3843070,7255,44.25894,7.63554,28616.4,6.0,4.8,60.2,-51.0,1.0,-1.0,RS41-SG,403.701,10.8,-500,10,2.7,,
2026-09-20T11:37:13.000Z,X3843070,7256,44.25897,7.63559,28622.6,6.5,5.4,45.0,-51.0,1.0,-1.0,RS41-SG,403.701,10.8,-500,10,2.6,,
2026-09-20T11:37:14.000Z,X3843070,7257,44.25901,7.63563,28628.6,5.6,5.9,34.5,-51.0,1.0,-1.0,RS41-SG,403.701,10.0,-500,10,2.6,,
2026-09-20T11:37:15.000Z,X3843070,7258,44.25906,7.63567,28633.9,5.1,6.6,30.1,-51.0,1.0,-1.0,RS41-SG,403.701,10.2,-500,10,2.6,,
2026-09-20T11:37:16.000Z,X3843070,7259,44.25911,7.63572,28639.2,5.6,7.1,33.2,-51.1,1.1,-1.0,RS41-SG,403.701,10.2,-500,10,2.6,,
2026-09-20T11:37:17.000Z,X3843070,7260,44.25916,7.63577,28645.2,6.5,7.2,42.7,-51.3,1.1,-1.0,RS41-SG,403.701,10.6,-500,10,2.7,,
2026-09-20T11:37:18.000Z,X3843070,7261,44.25920,7.63584,28651.4,5.9,7.1,52.6,-51.3,1.1,-1.0,RS41-SG,403.701,11.1,-500,10,2.7,,
2026-09-20T11:37:19.000Z,X3843070,7262,44.25924,7.63591,28656.6,4.8,6.8,57.9,-51.2,1.0,-1.0,RS41-SG,403.701,11.1,-500,10,2.7,,
2026-09-20T11:37:20.000Z,X3843070,7263,44.25927,7.63598,28661.8,5.7,6.1,56.9,-51.1,1.0,-1.0,RS41-SG,403.701,9.8,-500,10,2.6,,
2026-09-20T11:37:21.000Z,X3843070,7264,44.25930,7.63603,28668.0,6.7,5.0,46.5,-51.1,1.0,-1.0,RS41-SG,403.701,9.8,-500,10,2.6,,
2026-09-20T11:37:22.000Z,X3843070,7265,44.25933,7.63607,28674.2,5.5,4.3,32.7,-51.1,1.0,-1.0,RS41-SG,403.701,9.8,-500,10,2.6,,
2026-09-20T11:37:23.000Z,X3843070,7266,44.25936,7.63609,28679.3,4.8,3.8,21.7,-51.0,1.0,-1.0,RS41-SG,403.701,7.5,-500,10,2.7,,
2026-09-20T11:37:24.000Z,X3843070,7267,44.25939,7.63611,28684.3,5.3,3.3,18.4,-51.0,1.0,-1.0,RS41-SG,403.701,9.6,-500,10,2.7,,
2026-09-20T11:37:25.000Z,X3843070,7268,44.25942,7.63613,28690.1,6.4,3.1,31.3,-51.1,1.0,-1.0,RS41-SG,403.701,10.2,-500,10,2.6,,
2026-09-20T11:37:26.000Z,X3843070,7269,44.25944,7.63615,28696.7,6.7,3.7,53.0,-51.3,1.0,-1.0,RS41-SG,403.701,10.2,-500,10,2.6,,
2026-09-20T11:37:27.000Z,X3843070,7270,44.25946,7.63620,28702.8,5.5,4.7,61.3,-51.4,1.1,-1.0,RS41-SG,403.701,10.6,-500,10,2.6,,
2026-09-20T11:37:28.000Z,X3843070,7271,44.25948,7.63625,28707.9,4.6,5.8,59.0,-51.6,1.1,-1.0,RS41-SG,403.701,10.6,-500,10,2.7,,
2026-09-20T11:37:29.000Z,X3843070,7272,44.25952,7.63632,28712.9,5.4,7.1,50.2,-51.7,1.1,-1.0,RS41-SG,403.701,11.4,-500,10,2.7,,
2026-09-20T11:37:30.000Z,X3843070,7273,44.25957,7.63639,28718.9,6.6,8.4,38.7,-51.8,1.1,-1.0,RS41-SG,403.701,11.4,-500,10,2.6,,
2026-09-20T11:37:31.000Z,X3843070,7274,44.25963,7.63645,28725.2,6.1,9.4,29.5,-51.8,1.1,-1.0,RS41-SG,403.701,10.7,-500,10,2.6,,
2026-09-20T11:37:32.000Z,X3843070,7275,44.25971,7.63650,28730.9,5.6,9.5,23.1,-51.8,1.1,-1.0,RS41-SG,403.701,8.1,-500,10,2.6,,
2026-09-20T11:37:33.000Z,X3843070,7276,44.25978,7.63654,28737.0,6.4,8.6,19.6,-51.9,1.1,-1.0,RS41-SG,403.701,11.0,-500,10,2.7,,
2026-09-20T11:37:34.000Z,X3843070,7277,44.25985,7.63657,28743.7,7.0,6.8,22.0,-51.9,1.1,-1.0,RS41-SG,403.701,11.0,-500,10,2.7,,
2026-09-20T11:37:35.000Z,X3843070,7278,44.25990,7.63661,28749.8,5.3,5.4,29.4,-51.9,1.1,-1.0,RS41-SG,403.701,10.4,-500,10,2.7,,
2026-09-20T11:37:36.000Z,X3843070,7279,44.25994,7.63664,28754.8,4.6,4.6,42.0,-51.9,1.1,-1.0,RS41-SG,403.701,10.3,-500,10,2.6,,
2026-09-20T11:37:37.000Z,X3843070,7280,44.25997,7.63669,28759.8,5.7,4.9,49.3,-52.0,1.1,-1.0,RS41-SG,403.701,9.7,-500,10,2.6,,
2026-09-20T11:37:39.000Z,X3843070,7282,44.26004,7.63679,28772.8,6.4,7.0,41.7,-52.2,1.1,-1.0,RS41-SG,403.701,9.4,-500,10,2.6,,
2026-09-20T11:37:40.000Z,X3843070,7283,44.26009,7.63685,28778.6,5.4,8.2,39.0,-52.3,1.1,-1.0,RS41-SG,403.701,11.4,-500,10,2.7,,
2026-09-20T11:37:41.000Z,X3843070,7284,44.26015,7.63692,28784.1,5.7,9.0,38.0,-52.3,1.1,-1.0,RS41-SG,403.701,11.4,-500,10,2.7,,
2026-09-20T11:37:42.000Z,X3843070,7285,44.26021,7.63699,28790.4,6.9,8.9,39.2,-52.3,1.1,-1.0,RS41-SG,403.701,10.9,-500,10,2.7,,
2026-09-20T11:37:43.000Z,X3843070,7286,44.26027,7.63706,28796.8,6.1,8.5,39.7,-52.3,1.1,-1.0,RS41-SG,403.701,9.8,-500,10,2.6,,
2026-09-20T11:37:44.000Z,X3843070,7287,44.26033,7.63712,28802.5,5.4,7.7,38.6,-52.4,1.1,-1.0,RS41-SG,403.701,10.3,-500,10,2.6,,
2026-09-20T11:37:45.000Z,X3843070,7288,44.26039,7.63718,28808.2,6.0,7.5,33.1,-52.5,1.1,-1.0,RS41-SG,403.701,10.3,-500,10,2.6,,
2026-09-20T11:37:46.000Z,X3843070,7289,44.26045,7.63722,28814.2,6.2,8.0,25.6,-52.5,1.1,-1.0,RS41-SG,403.701,11.3,-500,10,2.6,,
2026-09-20T11:37:47.000Z,X3843070,7290,44.26052,7.63726,28820.2,5.9,8.9,20.6,-52.6,1.1,-1.0,RS41-SG,403.701,11.3,-500,10,2.7,,
2026-09-20T11:37:48.000Z,X3843070,7291,44.26060,7.63730,28826.0,5.7,9.9,18.8,-52.7,1.2,-1.0,RS41-SG,403.701,11.1,-500,10,2.7,,
2026-09-20T11:37:49.000Z,X3843070,7292,44.26068,7.63735,28831.7,5.8,10.5,22.6,-52.7,1.1,-1.0,RS41-SG,403.701,9.8,-500,10,2.7,,
2026-09-20T11:37:50.000Z,X3843070,7293,44.26077,7.63741,28837.6,6.0,10.7,30.2,-52.7,1.1,-1.0,RS41-SG,403.701,10.6,-500,10,2.6,,
2026-09-20T11:37:51.000Z,X3843070,7294,44.26084,7.63749,28843.7,6.1,10.9,41.5,-52.7,1.2,-1.0,RS41-SG,403.701,12.2,-500,10,2.6,,
2026-09-20T11:37:52.000Z,X3843070,7295,44.26091,7.63758,28849.8,6.3,10.7,53.7,-52.7,1.1,-1.0,RS41-SG,403.701,12.2,-500,10,2.6,,
2026-09-20T11:37:53.000Z,X3843070,7296,44.26096,7.63770,28856.1,6.3,10.3,64.1,-52.7,1.1,-1.0,RS41-SG,403.701,11.8,-500,10,2.6,,
2026-09-20T11:37:54.000Z,X3843070,7297,44.26099,7.63781,28862.1,5.7,9.5,71.5,-52.6,1.1,-1.0,RS41-SG,403.701,11.8,-500,10,2.7,,
2026-09-20T11:37:55.000Z,X3843070,7298,44.26102,7.63792,28867.7,5.7,8.1,72.5,-52.6,1.1,-1.0,RS41-SG,403.701,11.3,-500,10,2.7,,
2026-09-20T11:37:56.000Z,X3843070,7299,44.26104,7.63800,28873.7,6.4,6.4,63.9,-52.6,1.1,-1.0,RS41-SG,403.701,11.3,-500,10,2.7,,
2026-09-20T11:37:57.000Z,X3843070,7300,44.26107,7.63806,28880.2,6.6,5.8,41.4,-52.6,1.1,-1.0,RS41-SG,403.701,11.0,-500,10,2.6,,
2026-09-20T11:37:58.000Z,X3843070,7301,44.26112,7.63810,28886.1,5.2,6.4,22.2,-52.6,1.1,-1.0,RS41-SG,403.701,11.0,-500,10,2.6,,
2026-09-20T11:37:59.000Z,X3843070,7302,44.26118,7.63813,28890.6,3.9,7.7,15.3,-52.6,1.1,-1.0,RS41-SG,403.701,10.4,-500,10,2.6,,
2026-09-20T11:38:00.000Z,X3843070,7303,44.26125,7.63816,28895.1,5.1,8.8,17.6,-52.6,1.1,-1.0,RS41-SG,403.701,10.4,-500,10,2.6,,
2026-09-20T11:38:01.000Z,X3843070,7304,44.26132,7.63820,28900.8,6.4,9.3,28.0,-52.8,1.1,-1.0,RS41-SG,403.701,10.3,-500,10,2.7,,
2026-09-20T11:38:02.000Z,X3843070,7305,44.26139,7.63826,28907.3,6.6,9.5,39.9,-52.9,1.1,-1.0,RS41-SG,403.701,10.3,-500,10,2.7,,
2026-09-20T11:38:03.000Z,X3843070,7306,44.26145,7.63835,28913.2,5.3,9.2,50.4,-52.9,1.1,-1.0,RS41-SG,403.701,9.8,-500,10,2.7,,
2026-09-20T11:38:04.000Z,X3843070,7307,44.26150,7.63844,28918.2,4.8,8.6,59.0,-52.8,1.1,-1.0,RS41-SG,403.701,11.1,-500,10,2.6,,
2026-09-20T11:38:05.000Z,X3843070,7308,44.26153,7.63853,28923.3,5.4,7.4,67.0,-52.8,1.1,-1.0,RS41-SG,403.701,11.5,-500,10,2.6,,
2026-09-20T11:38:06.000Z,X3843070,7309,44.26155,7.63860,28929.1,6.3,6.0,72.8,-52.7,1.1,-1.0,RS41-SG,403.701,11.8,-500,10,2.6,,
2026-09-20T11:38:07.000Z,X3843070,7310,44.26157,7.63867,28935.4,6.2,4.6,74.3,-52.5,1.1,-1.0,RS41-SG,403.701,11.8,-500,10,2.7,,
2026-09-20T11:38:08.000Z,X3843070,7311,44.26158,7.63872,28940.9,4.8,3.7,73.5,-52.4,1.0,-1.0,RS41-SG,403.701,11.1,-500,10,2.7,,
2026-09-20T11:38:09.000Z,X3843070,7312,44.26159,7.63876,28945.6,4.6,3.7,71.5,-52.4,1.1,-1.0,RS41-SG,403.701,11.4,-500,10,2.6,,
2026-09-20T11:38:10.000Z,X3843070,7313,44.26160,7.63881,28951.0,6.3,4.8,72.1,-52.5,1.1,-1.0,RS41-SG,403.701,11.4,-500,10,2.6,,
2026-09-20T11:38:11.000Z,X3843070,7314,44.26161,7.63888,28957.5,6.8,6.8,70.4,-52.5,1.1,-1.0,RS41-SG,403.701,10.6,-500,10,2.6,,
2026-09-20T11:38:12.000Z,X3843070,7315,44.26164,7.63897,28963.6,5.3,8.3,68.6,-52.5,1.1,-1.0,RS41-SG,403.701,10.1,-500,10,2.7,,
2026-09-20T11:38:13.000Z,X3843070,7316,44.26167,7.63907,28968.7,4.8,9.4,64.1,-52.3,1.0,-1.0,RS41-SG,403.701,10.7,-500,10,2.7,,
2026-09-20T11:38:14.000Z,X3843070,7317,44.26171,7.63918,28973.6,5.1,9.9,57.5,-52.1,1.1,-1.0,RS41-SG,403.701,11.0,-500,10,2.6,,
2026-09-20T11:38:15.000Z,X3843070,7318,44.26176,7.63927,28979.5,6.7,9.6,50.0,-51.9,1.0,-1.0,RS41-SG,403.701,11.0,-500,10,2.6,,
2026-09-20T11:38:16.000Z,X3843070,7319,44.26182,7.63936,28985.9,6.1,8.9,42.3,-51.8,1.0,-1.0,RS41-SG,403.701,10.4,-500,10,2.6,,
2026-09-20T11:38:17.000Z,X3843070,7320,44.26188,7.63942,28991.6,5.1,8.0,36.9,-51.8,1.0,-1.0,RS41-SG,403.701,9.7,-500,10,2.7,,
2026-09-20T11:38:18.000Z,X3843070,7321,44.26193,7.63948,28996.9,5.6,7.0,35.2,-51.9,1.1,-1.0,RS41-SG,403.701,9.9,-500,10,2.7,,
2026-09-20T11:38:19.000Z,X3843070,7322,44.26198,7.63953,29003.3,7.2,6.1,43.4,-51.9,1.0,-1.0,RS41-SG,403.701,11.4,-500,10,2.7,,
2026-09-20T11:38:20.000Z,X3843070,7323,44.26201,7.63959,29009.9,6.0,5.9,55.3,-51.8,1.0,-1.0,RS41-SG,403.701,11.4,-500,10,2.6,,
2026-09-20T11:38:21.000Z,X3843070,7324,44.26204,7.63965,29015.7,5.6,5.7,68.3,-51.6,1.0,-1.0,RS41-SG,403.701,11.3,-500,10,2.6,,
2026-09-20T11:38:22.000Z,X3843070,7325,44.26205,7.63972,29021.7,6.5,5.3,78.1,-51.5,1.0,-1.0,RS41-SG,403.701,11.3,-500,10,2.6,,
2026-09-20T11:38:23.000Z,X3843070,7326,44.26206,7.63978,29028.3,6.6,4.4,86.8,-51.3,1.0,-1.0,RS41-SG,403.701,8.7,-500,10,2.6,,
2026-09-20T11:38:24.000Z,X3843070,7327,44.26206,7.63983,29034.1,4.9,3.9,91.4,-51.2,1.0,-1.0,RS41-SG,403.701,8.7,-500,10,2.7,,
2026-09-20T11:38:25.000Z,X3843070,7328,44.26206,7.63988,29039.2,5.2,4.2,94.0,-51.1,0.9,-1.0,RS41-SG,403.701,9.7,-500,10,2.7,,
2026-09-20T11:38:26.000Z,X3843070,7329,44.26206,7.63994,29044.9,6.3,5.2,91.6,-51.0,1.0,-1.0,RS41-SG,403.701,11.8,-500,10,2.7,,
2026-09-20T11:38:27.000Z,X3843070,7330,44.26206,7.64001,29051.3,6.6,6.6,89.4,-50.9,1.0,-1.0,RS41-SG,403.701,11.8,-500,10,2.6,,
2026-09-20T11:38:28.000Z,X3843070,7331,44.26206,7.64010,29057.7,6.0,7.6,87.8,-50.9,0.9,-1.0,RS41-SG,403.701,11.5,-500,10,2.6,,
2026-09-20T11:38:29.000Z,X3843070,7332,44.26206,7.64019,29063.8,6.1,7.7,85.4,-50.8,0.9,-1.0,RS41-SG,403.701,11.9,-500,10,2.6,,
2026-09-20T11:38:30.000Z,X3843070,7333,44.26207,7.64029,29070.2,6.9,7.0,83.7,-50.7,0.9,-1.0,RS41-SG,403.701,11.9,-500,10,2.6,,
2026-09-20T11:38:31.000Z,X3843070,7334,44.26208,7.64036,29077.0,6.5,5.8,80.5,-50.6,0.9,-1.0,RS41-SG,403.701,11.1,-500,10,2.7,,
2026-09-20T11:38:32.000Z,X3843070,7335,44.26208,7.64043,29082.9,5.3,4.8,80.1,-50.5,0.9,-1.0,RS41-SG,403.701,11.1,-500,10,2.7,,
2026-09-20T11:38:33.000Z,X3843070,7336,44.26209,7.64049,29088.2,5.3,4.4,84.1,-50.4,0.9,-1.0,RS41-SG,403.701,10.0,-500,10,2.7,,
2026-09-20T11:38:34.000Z,X3843070,7337,44.26209,7.64055,29094.1,6.4,5.0,90.1,-50.3,0.9,-1.0,RS41-SG,403.701,8.2,-500,10,2.6,,
2026-09-20T11:38:35.000Z,X3843070,7338,44.26209,7.64061,29100.6,6.7,5.9,95.5,-50.3,0.9,-1.0,RS41-SG,403.701,11.5,-500,10,2.6,,
2026-09-20T11:38:36.000Z,X3843070,7339,44.26208,7.64069,29106.9,6.0,6.8,97.5,-50.3,0.9,-1.0,RS41-SG,403.701,11.5,-500,10,2.6,,
2026-09-20T11:38:37.000Z,X3843070,7340,44.26207,7.64078,29112.6,5.4,7.3,101.4,-50.2,0.9,-1.0,RS41-SG,403.701,10.5,-500,10,2.6,,
2026-09-20T11:38:38.000Z,X3843070,7341,44.26206,7.64087,29118.4,6.1,6.8,105.5,-50.3,0.9,-1.0,RS41-SG,403.701,11.1,-500,10,2.7,,
2026-09-20T11:38:39.000Z,X3843070,7342,44.26204,7.64094,29124.7,6.6,5.8,112.4,-50.4,0.9,-1.0,RS41-SG,403.701,11.4,-500,10,2.7,,
2026-09-20T11:38:40.000Z,X3843070,7343,44.26202,7.64100,29131.1,6.3,4.9,119.3,-50.4,0.9,-1.0,RS41-SG,403.701,11.4,-500,10,2.7,,
2026-09-20T11:38:41.000Z,X3843070,7344,44.26199,7.64105,29137.1,5.7,4.5,128.3,-50.4,0.9,-1.0,RS41-SG,403.701,9.1,-500,10,2.6,,
2026-09-20T11:38:42.000Z,X3843070,7345,44.26197,7.64109,29142.8,5.9,4.8,133.7,-50.3,0.9,-1.0,RS41-SG,403.701,8.9,-500,10,2.6,,
2026-09-20T11:38:43.000Z,X3843070,7346,44.26194,7.64114,29149.0,6.5,5.7,131.2,-50.3,0.9,-1.0,RS41-SG,403.701,7.6,-500,10,2.6,,
2026-09-20T11:38:44.000Z,X3843070,7347,44.26190,7.64120,29155.6,6.6,6.8,122.7,-50.2,0.9,-1.0,RS41-SG,403.701,8.8,-500,10,2.6,,
2026-09-20T11:38:45.000Z,X3843070,7348,44.26187,7.64128,29162.0,6.2,7.8,112.3,-50.2,0.9,-1.0,RS41-SG,403.701,8.8,-500,10,2.7,,
2026-09-20T11:38:46.000Z,X3843070,7349,44.26185,7.64138,29168.1,5.9,8.5,100.2,-50.2,1.0,-1.0,RS41-SG,403.701,8.5,-500,10,2.7,,
2026-09-20T11:38:47.000Z,X3843070,7350,44.26185,7.64149,29174.0,5.9,8.4,87.6,-50.1,1.0,-1.0,RS41-SG,403.701,7.8,-500,10,2.7,,
2026-09-20T11:38:48.000Z,X3843070,7351,44.26186,7.64159,29179.9,5.9,7.9,77.0,-50.2,1.0,-1.0,RS41-SG,403.701,7.8,-500,10,2.6,,
2026-09-20T11:38:49.000Z,X3843070,7352,44.26188,7.64167,29185.8,5.9,6.6,69.3,-50.4,1.0,-1.0,RS41-SG,403.701,7.6,-500,10,2.6,,
2026-09-20T11:38:51.000Z,X3843070,7354,44.26190,7.64179,29198.5,6.6,3.1,95.4,-50.3,1.0,-1.0,RS41-SG,403.701,7.2,-500,10,2.7,,
2026-09-20T11:38:54.000Z,X3843070,7357,44.26181,7.64189,29215.6,4.5,6.3,148.4,-50.3,1.0,-1.0,RS41-SG,403.701,10.0,-500,10,2.6,,
2026-09-20T11:38:55.000Z,X3843070,7358,44.26176,7.64194,29220.7,5.7,6.8,143.5,-50.3,1.0,-1.0,RS41-SG,403.701,10.0,-500,10,2.6,,
2026-09-20T11:38:56.000Z,X3843070,7359,44.26172,7.64199,29227.2,7.1,6.3,135.2,-50.5,1.0,-1.0,RS41-SG,403.701,9.9,-500,10,2.7,,
2026-09-20T11:38:57.000Z,X3843070,7360,44.26169,7.64205,29234.2,6.7,5.5,122.8,-50.6,1.0,-1.0,RS41-SG,403.701,10.0,-500,10,2.7,,
2026-09-20T11:38:58.000Z,X3843070,7361,44.26166,7.64211,29240.4,5.8,5.1,112.1,-50.7,1.0,-1.0,RS41-SG,403.701,10.0,-500,10,2.6,,
2026-09-20T11:38:59.000Z,X3843070,7362,44.26165,7.64217,29246.5,6.2,5.4,104.4,-50.8,1.0,-1.0,RS41-SG,403.701,9.0,-500,10,2.6,,
2026-09-20T11:39:00.000Z,X3843070,7363,44.26164,7.64224,29253.3,7.3,5.9,105.2,-50.9,1.0,-1.0,RS41-SG,403.701,8.9,-500,10,2.6,,
2026-09-20T11:39:01.000Z,X3843070,7364,44.26162,7.64231,29260.3,6.7,6.2,110.0,-50.9,1.0,-1.0,RS41-SG,403.701,10.4,-500,10,2.7,,
2026-09-20T11:39:02.000Z,X3843070,7365,44.26160,7.64238,29266.7,6.2,6.1,114.2,-51.0,1.0,-1.0,RS41-SG,403.701,10.4,-500,10,2.7,,
2026-09-20T11:39:03.000Z,X3843070,7366,44.26158,7.64245,29272.9,6.2,5.3,118.0,-51.0,1.0,-1.0,RS41-SG,403.701,10.3,-500,10,2.7,,
2026-09-20T11:39:04.000Z,X3843070,7367,44.26156,7.64250,29279.7,7.3,3.9,120.1,-50.9,1.0,-1.0,RS41-SG,403.701,10.3,-500,10,2.6,,
2026-09-20T11:39:05.000Z,X3843070,7368,44.26154,7.64253,29286.8,7.0,2.4,113.0,-50.9,1.1,-1.0,RS41-SG,403.701,10.0,-500,10,2.6,,
2026-09-20T11:39:06.000Z,X3843070,7369,44.26154,7.64256,29293.1,5.6,1.7,107.4,-50.8,1.0,-1.0,RS41-SG,403.701,8.5,-500,10,2.6,,
2026-09-20T11:39:07.000Z,X3843070,7370,44.26153,7.64258,29299.0,6.3,1.9,112.6,-50.7,1.0,-1.0,RS41-SG,403.701,11.8,-500,10,2.6,,
2026-09-20T11:39:08.000Z,X3843070,7371,44.26152,7.64260,29305.8,7.2,3.0,120.7,-50.7,1.0,-1.0,RS41-SG,403.701,11.8,-500,10,2.7,,
2026-09-20T11:39:09.000Z,X3843070,7372,44.26150,7.64264,29313.0,7.3,4.7,123.8,-50.6,1.0,-1.0,RS41-SG,403.701,8.4,-500,10,2.7,,
2026-09-20T11:39:10.000Z,X3843070,7373,44.26148,7.64270,29319.3,5.4,6.0,122.5,-50.6,1.0,-1.0,RS41-SG,403.701,10.4,-500,10,2.7,,
2026-09-20T11:39:11.000Z,X3843070,7374,44.26145,7.64277,29324.8,5.5,7.0,119.2,-50.5,1.0,-1.0,RS41-SG,403.701,11.4,-500,10,2.6,,
2026-09-20T11:39:12.000Z,X3843070,7375,44.26142,7.64285,29331.0,6.9,7.0,113.2,-50.5,1.0,-1.0,RS41-SG,403.701,11.4,-500,10,2.6,,
2026-09-20T11:39:13.000Z,X3843070,7376,44.26140,7.64293,29337.9,6.9,6.5,105.6,-50.6,1.0,-1.0,RS41-SG,403.701,10.4,-500,10,2.6,,
2026-09-20T11:39:14.000Z,X3843070,7377,44.26139,7.64300,29344.4,6.0,5.9,98.1,-50.7,1.0,-1.0,RS41-SG,403.701,10.8,-500,10,2.6,,
2026-09-20T11:39:15.000Z,X3843070,7378,44.26138,7.64307,29350.6,6.6,5.3,96.2,-50.7,1.0,-1.0,RS41-SG,403.701,10.8,-500,10,2.7,,
2026-09-20T11:39:16.000Z,X3843070,7379,44.26138,7.64313,29357.9,7.9,4.8,102.5,-50.6,1.0,-1.0,RS41-SG,403.701,10.2,-500,10,2.7,,
2026-09-20T11:39:17.000Z,X3843070,7380,44.26136,7.64319,29365.0,6.3,4.4,114.4,-50.5,1.0,-1.0,RS41-SG,403.701,10.2,-500,10,2.7,,
2026-09-20T11:39:18.000Z,X3843070,7381,44.26134,7.64323,29371.1,6.0,3.8,125.1,-50.5,1.0,-1.0,RS41-SG,403.701,10.2,-500,10,2.6,,
2026-09-20T11:39:19.000Z,X3843070,7382,44.26133,7.64326,29377.7,7.2,2.6,135.6,-50.5,1.0,-1.0,RS41-SG,403.701,9.6,-500,10,2.6,,
2026-09-20T11:39:20.000Z,X3843070,7383,44.26131,7.64328,29384.8,7.0,1.1,136.0,-50.6,1.0,-1.0,RS41-SG,403.701,9.6,-500,10,2.6,,
2026-09-20T11:39:21.000Z,X3843070,7384,44.26131,7.64329,29391.3,5.9,0.3,124.5,-50.8,1.0,-1.0,RS41-SG,403.701,9.7,-500,10,2.6,,
2026-09-20T11:39:22.000Z,X3843070,7385,44.26131,7.64329,29397.5,6.5,0.3,80.6,-50.9,1.0,-1.0,RS41-SG,403.701,10.5,-500,10,2.7,,
2026-09-20T11:39:23.000Z,X3843070,7386,44.26131,7.64330,29404.1,6.9,1.1,122.7,-50.9,1.0,-1.0,RS41-SG,403.701,10.5,-500,10,2.7,,
2026-09-20T11:39:24.000Z,X3843070,7387,44.26130,7.64331,29411.0,6.8,2.3,130.6,-50.8,1.0,-1.0,RS41-SG,403.701,10.5,-500,10,2.7,,
2026-09-20T11:39:25.000Z,X3843070,7388,44.26128,7.64334,29417.4,5.9,3.1,129.1,-50.8,1.0,-1.0,RS41-SG,403.701,10.0,-500,10,2.6,,
2026-09-20T11:39:26.000Z,X3843070,7389,44.26127,7.64337,29423.3,6.0,3.4,121.3,-50.7,1.0,-1.0,RS41-SG,403.701,9.4,-500,10,2.6,,
2026-09-20T11:39:27.000Z,X3843070,7390,44.26125,7.64341,29429.7,6.8,3.2,105.1,-50.7,1.0,-1.0,RS41-SG,403.701,8.9,-500,10,2.6,,
2026-09-20T11:39:28.000Z,X3843070,7391,44.26125,7.64345,29436.8,7.4,2.8,81.2,-50.7,1.0,-1.0,RS41-SG,403.701,8.9,-500,10,2.7,,
2026-09-20T11:39:29.000Z,X3843070,7392,44.26126,7.64348,29443.4,5.7,3.0,62.1,-50.7,1.0,-1.0,RS41-SG,403.701,11.8,-500,10,2.7,,
2026-09-20T11:39:30.000Z,X3843070,7393,44.26127,7.64351,29449.0,5.7,3.1,57.4,-50.8,1.0,-1.0,RS41-SG,403.701,11.8,-500,10,2.6,,
2026-09-20T11:39:31.000Z,X3843070,7394,44.26129,7.64355,29455.2,6.6,3.1,65.5,-51.0,1.0,-1.0,RS41-SG,403.701,11.6,-500,10,2.6,,
2026-09-20T11:39:32.000Z,X3843070,7395,44.26129,7.64359,29462.2,7.5,3.4,89.1,-51.0,1.0,-1.0,RS41-SG,403.701,11.2,-500,10,2.6,,
2026-09-20T11:39:33.000Z,X3843070,7396,44.26129,7.64363,29469.1,6.2,4.0,107.0,-50.9,1.0,-1.0,RS41-SG,403.701,11.2,-500,10,2.7,,
2026-09-20T11:39:34.000Z,X3843070,7397,44.26128,7.64368,29475.0,5.7,4.3,113.8,-50.8,1.0,-1.0,RS41-SG,403.701,11.7,-500,10,2.7,,
2026-09-20T11:39:35.000Z,X3843070,7398,44.26126,7.64373,29481.0,6.5,4.1,113.0,-50.8,1.0,-1.0,RS41-SG,403.701,11.7,-500,10,2.6,,
2026-09-20T11:39:36.000Z,X3843070,7399,44.26125,7.64377,29488.0,7.5,3.1,103.1,-50.7,1.0,-1.0,RS41-SG,403.701,11.0,-500,10,2.6,,
2026-09-20T11:39:37.000Z,X3843070,7400,44.26125,7.64380,29494.7,6.0,2.3,82.5,-50.7,1.0,-1.0,RS41-SG,403.701,11.0,-500,10,2.6,,
2026-09-20T11:39:38.000Z,X3843070,7401,44.26125,7.64383,29500.7,5.9,1.9,64.3,-50.7,1.0,-1.0,RS41-SG,403.701,10.9,-500,10,2.7,,
2026-09-20T11:39:39.000Z,X3843070,7402,44.26126,7.64385,29507.1,6.9,2.0,63.2,-50.7,1.0,-1.0,RS41-SG,403.701,9.6,-500,10,2.7,,
2026-09-20T11:39:40.000Z,X3843070,7403,44.26127,7.64388,29514.1,7.2,2.4,82.7,-50.8,1.0,-1.0,RS41-SG,403.701,10.9,-500,10,2.7,,
2026-09-20T11:39:41.000Z,X3843070,7404,44.26127,7.64391,29520.5,5.7,2.9,92.8,-51.0,1.0,-1.0,RS41-SG,403.701,10.9,-500,10,2.6,,
2026-09-20T11:39:42.000Z,X3843070,7405,44.26127,7.64395,29526.2,5.7,3.0,99.8,-50.9,1.0,-1.0,RS41-SG,403.701,8.8,-500,10,2.6,,
2026-09-20T11:39:43.000Z,X3843070,7406,44.26126,7.64398,29532.0,6.0,2.7,96.1,-50.9,1.0,-1.0,RS41-SG,403.701,9.7,-500,10,2.6,,
2026-09-20T11:39:44.000Z,X3843070,7407,44.26126,7.64401,29538.4,6.8,2.1,77.1,-50.9,1.0,-1.0,RS41-SG,403.701,9.9,-500,10,2.6,,
2026-09-20T11:39:45.000Z,X3843070,7408,44.26127,7.64404,29545.0,6.4,2.4,52.6,-50.9,1.0,-1.0,RS41-SG,403.701,9.9,-500,10,2.7,,
2026-09-20T11:39:46.000Z,X3843070,7409,44.26129,7.64406,29551.2,5.9,3.1,46.2,-51.1,1.0,-1.0,RS41-SG,403.701,9.0,-500,10,2.7,,
2026-09-20T11:39:47.000Z,X3843070,7410,44.26131,7.64410,29557.1,6.1,4.4,50.6,-51.2,1.0,-1.0,RS41-SG,403.701,10.9,-500,10,2.7,,
2026-09-20T11:39:48.000Z,X3843070,7411,44.26134,7.64415,29563.7,7.1,5.7,60.1,-51.2,1.1,-1.0,RS41-SG,403.701,10.9,-500,10,2.6,,
2026-09-20T11:39:49.000Z,X3843070,7412,44.26136,7.64422,29570.3,6.3,6.5,67.9,-51.2,1.0,-1.0,RS41-SG,403.701,9.3,-500,10,2.6,,
2026-09-20T11:39:50.000Z,X3843070,7413,44.26138,7.64430,29576.1,5.1,6.8,72.9,-51.2,1.0,-1.0,RS41-SG,403.701,11.1,-500,10,2.6,,
2026-09-20T11:39:51.000Z,X3843070,7414,44.26139,7.64437,29581.8,6.2,6.2,77.4,-51.3,1.0,-1.0,RS41-SG,403.701,11.1,-500,10,2.6,,
2026-09-20T11:39:52.000Z,X3843070,7415,44.26141,7.64444,29588.6,7.4,4.7,76.5,-51.4,1.0,-1.0,RS41-SG,403.701,9.2,-500,10,2.7,,
2026-09-20T11:39:53.000Z,X3843070,7416,44.26141,7.64448,29595.5,6.4,2.8,72.2,-51.4,1.0,-1.0,RS41-SG,403.701,11.3,-500,10,2.7,,
2026-09-20T11:39:54.000Z,X3843070,7417,44.26142,7.64451,29601.0,4.8,1.4,59.5,-51.4,1.0,-1.0,RS41-SG,403.701,11.3,-500,10,2.7,,
2026-09-20T11:39:55.000Z,X3843070,7418,44.26142,7.64452,29606.2,5.6,0.2,151.7,-51.3,1.0,-1.0,RS41-SG,403.701,11.0,-500,10,2.6,,
2026-09-20T11:39:56.000Z,X3843070,7419,44.26142,7.64452,29612.2,6.5,0.9,181.8,-51.3,1.0,-1.0,RS41-SG,403.701,11.0,-500,10,2.6,,
2026-09-20T11:39:57.000Z,X3843070,7420,44.26141,7.64452,29618.8,6.6,1.7,156.2,-51.3,1.0,-1.0,RS41-SG,403.701,10.4,-500,10,2.6,,
2026-09-20T11:39:58.000Z,X3843070,7421,44.26140,7.64454,29625.3,6.6,2.0,125.8,-51.3,1.0,-1.0,RS41-SG,403.701,11.1,-500,10,2.7,,
2026-09-20T11:39:59.000Z,X3843070,7422,44.26139,7.64456,29632.0,6.7,2.4,85.7,-51.3,1.0,-1.0,RS41-SG,403.701,11.1,-500,10,2.7,,
2026-09-20T11:40:00.000Z,X3843070,7423,44.26140,7.64459,29638.8,6.9,3.6,51.1,-51.3,1.0,-1.0,RS41-SG,403.701,10.8,-500,10,2.6,,
2026-09-20T11:40:01.000Z,X3843070,7424,44.26143,7.64463,29645.2,5.7,4.9,36.3,-51.3,1.1,-1.0,RS41-SG,403.701,12.1,-500,10,2.6,,
2026-09-20T11:40:02.000Z,X3843070,7425,44.26147,7.64467,29650.4,4.8,6.3,30.7,-51.4,1.1,-1.0,RS41-SG,403.701,12.1,-500,10,2.6,,
2026-09-20T11:40:03.000Z,X3843070,7426,44.26152,7.64471,29655.8,5.9,6.9,32.8,-51.6,1.1,-1.0,RS41-SG,403.701,9.6,-500,10,2.7,,
2026-09-20T11:40:04.000Z,X3843070,7427,44.26157,7.64476,29662.4,7.3,7.3,40.1,-51.7,1.1,-1.0,RS41-SG,403.701,8.0,-500,10,2.7,,
2026-09-20T11:40:05.000Z,X3843070,7428,44.26162,7.64483,29669.0,6.2,7.1,48.7,-51.7,1.1,-1.0,RS41-SG,403.701,8.0,-500,10,2.6,,
2026-09-20T11:40:06.000Z,X3843070,7429,44.26166,7.64489,29674.9,5.8,6.5,54.2,-51.7,1.0,-1.0,RS41-SG,403.701,9.0,-500,10,2.6,,
2026-09-20T11:40:07.000Z,X3843070,7430,44.26169,7.64495,29681.0,6.3,5.4,58.2,-51.7,1.1,-1.0,RS41-SG,403.701,10.6,-500,10,2.6,,
2026-09-20T11:40:08.000Z,X3843070,7431,44.26171,7.64500,29687.7,7.0,4.0,54.2,-51.9,1.1,-1.0,RS41-SG,403.701,10.6,-500,10,2.7,,
2026-09-20T11:40:09.000Z,X3843070,7432,44.26173,7.64504,29694.0,5.7,3.1,43.9,-51.9,1.1,-1.0,RS41-SG,403.701,8.3,-500,10,2.7,,
2026-09-20T11:40:10.000Z,X3843070,7433,44.26175,7.64506,29699.8,6.0,2.6,40.4,-51.9,1.1,-1.0,RS41-SG,403.701,10.1,-500,10,2.7,,
2026-09-20T11:40:11.000Z,X3843070,7434,44.26177,7.64509,29706.2,6.6,2.6,55.7,-51.9,1.0,-1.0,RS41-SG,403.701,10.6,-500,10,2.6,,
2026-09-20T11:40:12.000Z,X3843070,7435,44.26178,7.64512,29712.9,6.9,3.5,73.7,-51.8,1.1,-1.0,RS41-SG,403.701,10.6,-500,10,2.6,,
2026-09-20T11:40:13.000Z,X3843070,7436,44.26179,7.64517,29719.8,6.9,4.9,81.0,-51.7,1.0,-1.0,RS41-SG,403.701,7.4,-500,10,2.6,,
2026-09-20T11:40:14.000Z,X3843070,7437,44.26179,7.64524,29725.8,5.2,5.9,79.6,-51.6,1.0,-1.0,RS41-SG,403.701,7.4,-500,10,2.6,,
2026-09-20T11:40:15.000Z,X3843070,7438,44.26181,7.64531,29731.2,5.5,6.4,71.0,-51.5,1.0,-1.0,RS41-SG,403.701,10.5,-500,10,2.7,,
2026-09-20T11:40:16.000Z,X3843070,7439,44.26183,7.64538,29737.1,6.3,6.7,57.8,-51.4,1.0,-1.0,RS41-SG,403.701,11.4,-500,10,2.7,,
2026-09-20T11:40:17.000Z,X3843070,7440,44.26187,7.64545,29743.6,6.7,6.7,42.3,-51.4,1.0,-1.0,RS41-SG,403.701,11.4,-500,10,2.7,,
2026-09-20T11:40:18.000Z,X3843070,7441,44.26192,7.64550,29749.9,6.0,6.9,29.4,-51.4,1.0,-1.0,RS41-SG,403.701,10.3,-500,10,2.6,,
2026-09-20T11:40:19.000Z,X3843070,7442,44.26198,7.64553,29755.3,4.9,6.7,23.0,-51.4,1.0,-1.0,RS41-SG,403.701,10.7,-500,10,2.6,,
2026-09-20T11:40:20.000Z,X3843070,7443,44.26203,7.64557,29760.5,5.5,6.2,24.5,-51.4,1.0,-1.0,RS41-SG,403.701,10.7,-500,10,2.6,,
2026-09-20T11:40:21.000Z,X3843070,7444,44.26207,7.64560,29766.6,6.6,5.3,37.2,-51.4,1.0,-1.0,RS41-SG,403.701,9.9,-500,10,2.6,,
2026-09-20T11:40:22.000Z,X3843070,7445,44.26210,7.64565,29773.2,6.7,5.1,59.9,-51.5,1.0,-1.0,RS41-SG,403.701,9.0,-500,10,2.7,,
2026-09-20T11:40:23.000Z,X3843070,7446,44.26212,7.64571,29779.3,5.4,5.7,78.4,-51.7,1.1,-1.0,RS41-SG,403.701,9.7,-500,10,2.7,,
2026-09-20T11:40:24.000Z,X3843070,7447,44.26213,7.64579,29784.3,4.7,6.5,85.5,-51.7,1.1,-1.0,RS41-SG,403.701,11.3,-500,10,2.7,,
2026-09-20T11:40:25.000Z,X3843070,7448,44.26213,7.64587,29789.5,5.7,6.7,84.6,-51.7,1.1,-1.0,RS41-SG,403.701,11.3,-500,10,2.6,,
2026-09-20T11:40:26.000Z,X3843070,7449,44.26214,7.64595,29795.8,7.0,6.2,75.1,-51.7,1.1,-1.0,RS41-SG,403.701,10.9,-500,10,2.6,,
2026-09-20T11:40:27.000Z,X3843070,7450,44.26216,7.64602,29802.4,6.2,5.9,59.7,-51.7,1.1,-1.0,RS41-SG,403.701,11.5,-500,10,2.6,,
2026-09-20T11:40:28.000Z,X3843070,7451,44.26220,7.64608,29808.3,5.5,6.1,46.0,-51.8,1.1,-1.0,RS41-SG,403.701,11.5,-500,10,2.7,,
2026-09-20T11:40:29.000Z,X3843070,7452,44.26224,7.64613,29813.7,5.4,6.8,38.6,-52.0,1.1,-1.0,RS41-SG,403.701,11.5,-500,10,2.7,,
2026-09-20T11:40:30.000Z,X3843070,7453,44.26229,7.64619,29819.5,6.1,7.6,39.8,-52.1,1.1,-1.0,RS41-SG,403.701,11.5,-500,10,2.6,,
2026-09-20T11:40:31.000Z,X3843070,7454,44.26234,7.64625,29825.8,6.5,7.9,46.6,-52.2,1.1,-1.0,RS41-SG,403.701,11.0,-500,10,2.6,,
2026-09-20T11:40:32.000Z,X3843070,7455,44.26238,7.64633,29832.1,6.3,8.0,55.1,-52.2,1.1,-1.0,RS41-SG,403.701,10.9,-500,10,2.6,,
2026-09-20T11:40:33.000Z,X3843070,7456,44.26242,7.64641,29838.0,5.5,7.7,61.6,-52.3,1.1,-1.0,RS41-SG,403.701,10.9,-500,10,2.7,,
2026-09-20T11:40:34.000Z,X3843070,7457,44.26245,7.64650,29843.5,5.4,7.0,66.2,-52.4,1.1,-1.0,RS41-SG,403.701,11.6,-500,10,2.7,,
2026-09-20T11:40:35.000Z,X3843070,7458,44.26247,7.64657,29849.1,5.8,6.0,68.6,-52.4,1.1,-1.0,RS41-SG,403.701,11.9,-500,10,2.7,,
2026-09-20T11:40:36.000Z,X3843070,7459,44.26249,7.64663,29855.3,6.5,4.8,69.5,-52.4,1.1,-1.0,RS41-SG,403.701,11.9,-500,10,2.6,,
2026-09-20T11:40:37.000Z,X3843070,7460,44.26250,7.64669,29861.8,6.5,4.1,72.0,-52.4,1.1,-1.0,RS41-SG,403.701,10.5,-500,10,2.6,,
2026-09-20T11:40:38.000Z,X3843070,7461,44.26251,7.64673,29867.8,5.4,4.1,74.4,-52.4,1.1,-1.0,RS41-SG,403.701,10.5,-500,10,2.6,,
2026-09-20T11:40:39.000Z,X3843070,7462,44.26252,7.64679,29873.2,5.4,5.3,79.3,-52.4,1.1,-1.0,RS41-SG,403.701,10.8,-500,10,2.6,,
2026-09-20T11:40:40.000Z,X3843070,7463,44.26253,7.64687,29879.0,6.2,7.5,86.5,-52.4,1.1,-1.0,RS41-SG,403.701,10.8,-500,10,2.7,,
2026-09-20T11:40:41.000Z,X3843070,7464,44.26253,7.64698,29885.4,6.4,10.1,88.4,-52.4,1.1,-1.0,RS41-SG,403.701,10.2,-500,10,2.7,,
2026-09-20T11:40:42.000Z,X3843070,7465,44.26254,7.64712,29891.1,5.0,11.8,88.0,-52.3,1.1,-1.0,RS41-SG,403.701,9.9,-500,10,2.7,,
2026-09-20T11:40:43.000Z,X3843070,7466,44.26254,7.64727,29896.1,5.1,12.7,84.6,-52.3,1.1,-1.0,RS41-SG,403.701,8.8,-500,10,2.6,,
2026-09-20T11:40:44.000Z,X3843070,7467,44.26256,7.64742,29902.0,6.6,12.5,78.7,-52.3,1.1,-1.0,RS41-SG,403.701,9.8,-500,10,2.6,,
2026-09-20T11:40:45.000Z,X3843070,7468,44.26259,7.64757,29908.9,7.2,11.3,69.9,-52.3,1.0,-1.0,RS41-SG,403.701,11.6,-500,10,2.6,,
2026-09-20T11:40:46.000Z,X3843070,7469,44.26262,7.64769,29915.2,5.3,9.8,62.2,-52.1,1.0,-1.0,RS41-SG,403.701,12.1,-500,10,2.6,,
2026-09-20T11:40:47.000Z,X3843070,7470,44.26267,7.64778,29920.5,5.3,8.3,54.4,-51.9,1.0,-1.0,RS41-SG,403.701,12.1,-500,10,2.7,,
2026-09-20T11:40:48.000Z,X3843070,7471,44.26271,7.64786,29926.1,6.0,6.8,52.8,-51.7,1.0,-1.0,RS41-SG,403.701,10.5,-500,10,2.7,,
2026-09-20T11:40:49.000Z,X3843070,7472,44.26274,7.64792,29932.4,6.5,5.6,61.5,-51.7,1.0,-1.0,RS41-SG,403.701,11.3,-500,10,2.7,,
2026-09-20T11:40:50.000Z,X3843070,7473,44.26275,7.64798,29938.4,5.5,5.0,75.9,-51.6,1.0,-1.0,RS41-SG,403.701,11.9,-500,10,2.6,,
2026-09-20T11:40:51.000Z,X3843070,7474,44.26276,7.64804,29943.5,4.7,4.7,90.7,-51.6,1.0,-1.0,RS41-SG,403.701,11.9,-500,10,2.6,,
2026-09-20T11:40:52.000Z,X3843070,7475,44.26275,7.64810,29948.5,5.3,4.5,104.9,-51.6,1.0,-1.0,RS41-SG,403.701,11.8,-500,10,2.6,,
2026-09-20T11:40:53.000Z,X3843070,7476,44.26274,7.64815,29954.4,6.3,4.2,112.4,-51.7,1.1,-1.0,RS41-SG,403.701,9.6,-500,10,2.6,,
2026-09-20T11:40:54.000Z,X3843070,7477,44.26273,7.64820,29960.7,6.4,4.0,109.4,-51.8,1.1,-1.0,RS41-SG,403.701,9.6,-500,10,2.7,,
2026-09-20T11:40:55.000Z,X3843070,7478,44.26272,7.64825,29966.7,5.6,4.1,102.2,-51.8,1.1,-1.0,RS41-SG,403.701,9.9,-500,10,2.7,,
2026-09-20T11:40:56.000Z,X3843070,7479,44.26271,7.64831,29972.4,5.8,5.1,91.9,-51.8,1.0,-1.0,RS41-SG,403.701,10.7,-500,10,2.7,,
2026-09-20T11:40:57.000Z,X3843070,7480,44.26271,7.64838,29978.5,6.3,6.4,87.1,-51.7,1.0,-1.0,RS41-SG,403.701,10.7,-500,10,2.6,,
2026-09-20T11:40:58.000Z,X3843070,7481,44.26272,7.64847,29984.8,6.3,7.8,84.1,-51.7,1.1,-1.0,RS41-SG,403.701,11.4,-500,10,2.6,,
2026-09-20T11:40:59.000Z,X3843070,7482,44.26273,7.64857,29990.7,5.5,8.5,81.3,-51.7,1.0,-1.0,RS41-SG,403.701,11.4,-500,10,2.6,,
2026-09-20T11:41:00.000Z,X3843070,7483,44.26274,7.64867,29996.0,5.3,8.1,78.2,-51.7,1.0,-1.0,RS41-SG,403.701,11.1,-500,10,2.7,,
2026-09-20T11:41:01.000Z,X3843070,7484,44.26276,7.64876,30001.8,6.2,6.3,72.0,-51.8,1.0,-1.0,RS41-SG,403.701,11.6,-500,10,2.7,,
2026-09-20T11:41:02.000Z,X3843070,7485,44.26278,7.64881,30008.2,6.5,4.0,55.4,-51.9,1.0,-1.0,RS41-SG,403.701,11.6,-500,10,2.6,,
2026-09-20T11:41:03.000Z,X3843070,7486,44.26280,7.64884,30014.0,5.0,2.7,25.8,-52.0,1.1,-1.0,RS41-SG,403.701,9.6,-500,10,2.6,,
2026-09-20T11:41:04.000Z,X3843070,7487,44.26282,7.64885,30018.9,4.7,1.9,343.5,-52.1,1.1,-1.0,RS41-SG,403.701,11.0,-500,10,2.6,,
2026-09-20T11:41:05.000Z,X3843070,7488,44.26283,7.64883,30024.3,5.9,1.5,310.9,-51.9,1.0,-1.0,RS41-SG,403.701,11.0,-500,10,2.7,,
2026-09-20T11:41:06.000Z,X3843070,7489,44.26283,7.64882,30030.7,6.9,0.6,235.8,-51.8,1.0,-1.0,RS41-SG,403.701,10.0,-500,10,2.7,,
2026-09-20T11:41:07.000Z,X3843070,7490,44.26283,7.64883,30036.8,5.4,1.5,153.6,-51.6,1.0,-1.0,RS41-SG,403.701,11.6,-500,10,2.6,,
2026-09-20T11:41:08.000Z,X3843070,7491,44.26281,7.64884,30041.8,4.5,2.8,139.1,-51.6,1.0,-1.0,RS41-SG,403.701,11.6,-500,10,2.6,,
2026-09-20T11:41:09.000Z,X3843070,7492,44.26279,7.64887,30046.7,5.1,3.5,132.3,-51.6,1.0,-1.0,RS41-SG,403.701,11.6,-500,10,2.6,,
2026-09-20T11:41:10.000Z,X3843070,7493,44.26277,7.64890,30052.3,6.2,3.4,127.4,-51.6,1.0,-1.0,RS41-SG,403.701,11.6,-500,10,2.7,,
2026-09-20T11:41:11.000Z,X3843070,7494,44.26275,7.64893,30058.7,6.4,2.9,122.6,-51.7,1.0,-1.0,RS41-SG,403.701,11.3,-500,10,2.7,,
2026-09-20T11:41:12.000Z,X3843070,7495,44.26274,7.64896,30064.5,5.3,2.4,115.3,-51.7,1.0,-1.0,RS41-SG,403.701,11.3,-500,10,2.7,,
2026-09-20T11:41:13.000Z,X3843070,7496,44.26274,7.64899,30069.7,5.1,2.5,100.0,-51.6,1.0,-1.0,RS41-SG,403.701,11.0,-500,10,2.6,,
2026-09-20T11:41:14.000Z,X3843070,7497,44.26273,7.64902,30075.1,5.6,3.0,92.4,-51.5,1.0,-1.0,RS41-SG,403.701,9.2,-500,10,2.6,,
2026-09-20T11:41:15.000Z,X3843070,7498,44.26273,7.64907,30080.9,5.9,3.8,91.3,-51.4,1.0,-1.0,RS41-SG,403.701,10.3,-500,10,2.6,,
2026-09-20T11:41:16.000Z,X3843070,7499,44.26273,7.64912,30086.5,5.3,4.0,94.3,-51.2,1.0,-1.0,RS41-SG,403.701,10.8,-500,10,2.6,,
2026-09-20T11:41:17.000Z,X3843070,7500,44.26273,7.64916,30091.8,5.3,3.5,99.2,-51.1,1.0,-1.0,RS41-SG,403.701,10.8,-500,10,2.7,,
2026-09-20T11:41:18.000Z,X3843070,7501,44.26272,7.64919,30097.4,5.9,2.1,117.9,-51.1,1.0,-1.0,RS41-SG,403.701,11.6,-500,10,2.7,,
2026-09-20T11:41:19.000Z,X3843070,7502,44.26271,7.64920,30103.6,6.4,1.2,193.6,-51.1,1.0,-1.0,RS41-SG,403.701,11.6,-500,10,2.7,,
2026-09-20T11:41:20.000Z,X3843070,7503,44.26270,7.64919,30109.7,5.6,2.4,243.0,-51.1,1.0,-1.0,RS41-SG,403.701,11.1,-500,10,2.6,,
2026-09-20T11:41:21.000Z,X3843070,7504,44.26269,7.64916,30114.7,4.5,3.1,255.1,-51.2,1.0,-1.0,RS41-SG,403.701,10.8,-500,10,2.6,,
2026-09-20T11:41:22.000Z,X3843070,7505,44.26269,7.64912,30119.6,5.2,3.0,260.6,-51.3,1.0,-1.0,RS41-SG,403.701,10.8,-500,10,2.6,,
2026-09-20T11:41:23.000Z,X3843070,7506,44.26268,7.64909,30125.6,6.7,1.5,265.4,-51.3,1.0,-1.0,RS41-SG,403.701,8.7,-500,10,2.7,,
2026-09-20T11:41:24.000Z,X3843070,7507,44.26268,7.64909,30132.0,6.0,0.3,76.8,-51.3,1.0,-1.0,RS41-SG,403.701,8.2,-500,10,2.7,,
2026-09-20T11:41:25.000Z,X3843070,7508,44.26269,7.64910,30137.4,4.8,1.9,81.2,-51.2,1.0,-1.0,RS41-SG,403.701,10.3,-500,10,2.6,,
2026-09-20T11:41:26.000Z,X3843070,7509,44.26269,7.64913,30142.6,5.5,3.0,78.3,-51.2,1.0,-1.0,RS41-SG,403.701,10.7,-500,10,2.6,,
2026-09-20T11:41:27.000Z,X3843070,7510,44.26270,7.64916,30148.8,7.0,2.9,73.2,-51.2,1.0,-1.0,RS41-SG,403.701,10.8,-500,10,2.6,,
2026-09-20T11:41:28.000Z,X3843070,7511,44.26270,7.64919,30155.5,6.3,1.8,68.3,-51.3,1.0,-1.0,RS41-SG,403.701,10.8,-500,10,2.7,,
2026-09-20T11:41:29.000Z,X3843070,7512,44.26271,7.64920,30161.0,4.6,0.5,66.9,-51.4,1.0,-1.0,RS41-SG,403.701,10.0,-500,10,2.7,,
2026-09-20T11:41:30.000Z,X3843070,7513,44.26270,7.64920,30165.7,4.7,1.1,211.8,-51.5,1.1,-1.0,RS41-SG,403.701,9.0,-500,10,2.6,,
2026-09-20T11:41:31.000Z,X3843070,7514,44.26269,7.64919,30170.9,5.8,2.1,207.3,-51.6,1.1,-1.0,RS41-SG,403.701,9.4,-500,10,2.6,,
2026-09-20T11:41:32.000Z,X3843070,7515,44.26267,7.64918,30177.2,6.7,2.7,194.9,-51.8,1.1,-1.0,RS41-SG,403.701,9.4,-500,10,2.6,,
2026-09-20T11:41:33.000Z,X3843070,7516,44.26265,7.64918,30183.3,5.6,2.8,188.0,-51.8,1.1,-1.0,RS41-SG,403.701,8.7,-500,10,2.7,,
2026-09-20T11:41:34.000Z,X3843070,7517,44.26262,7.64917,30188.8,5.6,2.5,189.3,-51.8,1.1,-1.0,RS41-SG,403.701,9.2,-500,10,2.7,,
2026-09-20T11:41:35.000Z,X3843070,7518,44.26261,7.64917,30194.9,6.5,1.5,201.0,-51.7,1.1,-1.0,RS41-SG,403.701,9.9,-500,10,2.7,,
2026-09-20T11:41:36.000Z,X3843070,7519,44.26260,7.64916,30201.5,6.8,0.8,284.1,-51.6,1.0,-1.0,RS41-SG,403.701,11.5,-500,10,2.6,,
2026-09-20T11:41:37.000Z,X3843070,7520,44.26261,7.64915,30207.8,5.7,1.8,343.6,-51.5,1.0,-1.0,RS41-SG,403.701,11.5,-500,9,2.6,,
2026-09-20T11:41:38.000Z,X3843070,7521,44.26263,7.64915,30213.4,5.5,3.4,11.2,-51.4,1.0,-1.0,RS41-SG,403.701,10.1,-500,9,2.6,,
2026-09-20T11:41:39.000Z,X3843070,7522,44.26267,7.64917,30219.2,5.9,5.2,32.4,-51.2,1.0,-1.0,RS41-SG,403.701,10.1,-500,9,2.6,,
2026-09-20T11:41:40.000Z,X3843070,7523,44.26271,7.64922,30225.2,5.9,7.1,48.7,-51.1,1.0,-1.0,RS41-SG,403.701,7.8,-500,9,2.7,,
2026-09-20T11:41:41.000Z,X3843070,7524,44.26275,7.64930,30230.7,5.1,8.6,59.8,-50.9,1.0,-1.0,RS41-SG,403.701,9.4,-500,9,2.7,,
2026-09-20T11:41:42.000Z,X3843070,7525,44.26278,7.64940,30235.5,4.6,9.3,67.8,-50.8,0.9,-1.0,RS41-SG,403.701,11.7,-500,9,2.7,,
2026-09-20T11:41:43.000Z,X3843070,7526,44.26281,7.64951,30240.4,5.2,8.7,74.3,-50.8,0.9,-1.0,RS41-SG,403.701,12.1,-500,9,2.6,,
2026-09-20T11:41:44.000Z,X3843070,7527,44.26282,7.64960,30246.3,6.4,6.8,83.1,-50.7,1.0,-1.0,RS41-SG,403.701,12.1,-500,9,2.6,,
2026-09-20T11:41:45.000Z,X3843070,7528,44.26282,7.64967,30252.7,6.5,4.4,96.9,-50.8,1.0,-1.0,RS41-SG,403.701,12.3,-500,9,2.6,,
2026-09-20T11:41:46.000Z,X3843070,7529,44.26281,7.64971,30258.4,4.9,2.9,126.6,-50.9,1.0,-1.0,RS41-SG,403.701,12.9,-500,9,2.7,,
2026-09-20T11:41:47.000Z,X3843070,7530,44.26279,7.64973,30262.9,4.2,2.7,162.3,-51.0,1.0,-1.0,RS41-SG,403.701,12.9,-500,9,2.7,,
2026-09-20T11:41:48.000Z,X3843070,7531,44.26277,7.64974,30267.4,4.9,2.9,172.3,-51.0,1.0,-1.0,RS41-SG,403.701,9.1,-500,9,2.6,,
2026-09-20T11:41:49.000Z,X3843070,7532,44.26274,7.64975,30273.1,6.6,3.0,150.4,-51.0,1.0,-1.0,RS41-SG,403.701,9.1,-500,9,2.6,,
2026-09-20T11:41:50.000Z,X3843070,7533,44.26273,7.64978,30280.0,7.2,4.1,115.9,-51.0,1.0,-1.0,RS41-SG,403.701,9.8,-500,9,2.6,,
2026-09-20T11:41:51.000Z,X3843070,7534,44.26271,7.64985,30286.6,6.1,6.1,97.2,-50.9,1.0,-1.0,RS41-SG,403.701,11.3,-500,9,2.7,,
2026-09-20T11:41:52.000Z,X3843070,7535,44.26271,7.64993,30292.0,4.6,8.0,89.1,-50.9,1.0,-1.0,RS41-SG,403.701,12.0,-500,9,2.7,,
2026-09-20T11:41:53.000Z,X3843070,7536,44.26272,7.65004,30296.4,4.0,9.3,82.9,-50.8,1.0,-1.0,RS41-SG,403.701,12.0,-500,9,2.7,,
2026-09-20T11:41:54.000Z,X3843070,7537,44.26273,7.65016,30300.8,4.8,9.6,78.0,-50.7,1.0,-1.0,RS41-SG,403.701,12.0,-500,9,2.6,,
2026-09-20T11:41:55.000Z,X3843070,7538,44.26275,7.65027,30306.3,6.1,9.0,75.8,-50.9,1.0,-1.0,RS41-SG,403.701,11.6,-500,9,2.6,,
2026-09-20T11:41:56.000Z,X3843070,7539,44.26277,7.65037,30312.4,6.1,7.8,75.8,-51.0,1.0,-1.0,RS41-SG,403.701,11.6,-500,9,2.6,,
2026-09-20T11:41:57.000Z,X3843070,7540,44.26278,7.65046,30318.1,5.4,6.9,82.5,-51.0,1.0,-1.0,RS41-SG,403.701,11.3,-500,9,2.6,,
2026-09-20T11:42:00.000Z,X3843070,7543,44.26277,7.65072,30333.9,5.7,7.9,99.9,-50.9,1.0,-1.0,RS41-SG,403.701,11.8,-500,9,2.7,,
2026-09-20T11:42:01.000Z,X3843070,7544,44.26276,7.65083,30339.6,5.8,9.0,95.7,-51.1,1.0,-1.0,RS41-SG,403.701,11.8,-500,9,2.6,,
2026-09-20T11:42:02.000Z,X3843070,7545,44.26276,7.65094,30345.2,5.4,9.8,89.8,-51.1,1.0,-1.0,RS41-SG,403.701,11.7,-500,9,2.6,,
2026-09-20T11:42:03.000Z,X3843070,7546,44.26276,7.65107,30350.5,5.2,10.4,82.8,-51.0,1.0,-1.0,RS41-SG,403.701,11.3,-500,9,2.6,,
2026-09-20T11:42:04.000Z,X3843070,7547,44.26278,7.65119,30355.6,5.1,10.5,73.6,-50.9,1.0,-1.0,RS41-SG,403.701,11.3,-500,9,2.6,,
2026-09-20T11:42:05.000Z,X3843070,7548,44.26281,7.65131,30360.8,5.2,9.8,64.9,-51.0,1.0,-1.0,RS41-SG,403.701,11.1,-500,9,2.7,,
2026-09-20T11:42:06.000Z,X3843070,7549,44.26285,7.65141,30366.1,5.4,8.7,58.8,-51.2,1.0,-1.0,RS41-SG,403.701,11.0,-500,9,2.7,,
2026-09-20T11:42:07.000Z,X3843070,7550,44.26289,7.65150,30371.5,5.5,7.3,59.7,-51.2,1.0,-1.0,RS41-SG,403.701,11.0,-500,9,2.7,,
2026-09-20T11:42:08.000Z,X3843070,7551,44.26291,7.65157,30377.1,5.8,6.1,71.6,-51.1,1.0,-1.0,RS41-SG,403.701,10.5,-500,9,2.6,,
2026-09-20T11:42:09.000Z,X3843070,7552,44.26292,7.65165,30383.0,6.0,6.3,94.6,-51.0,1.0,-1.0,RS41-SG,403.701,10.5,-500,9,2.6,,
2026-09-20T11:42:10.000Z,X3843070,7553,44.26290,7.65174,30388.9,5.7,8.2,109.5,-51.1,1.0,-1.0,RS41-SG,403.701,9.8,-500,9,2.6,,
2026-09-20T11:42:11.000Z,X3843070,7554,44.26287,7.65185,30394.5,5.3,10.8,113.3,-51.1,1.0,-1.0,RS41-SG,403.701,11.5,-500,9,2.7,,
2026-09-20T11:42:12.000Z,X3843070,7555,44.26283,7.65199,30399.8,5.2,13.2,111.3,-51.2,1.0,-1.0,RS41-SG,403.701,11.7,-500,9,2.7,,
2026-09-20T11:42:13.000Z,X3843070,7556,44.26279,7.65215,30405.1,5.4,14.9,105.2,-51.4,1.0,-1.0,RS41-SG,403.701,11.7,-500,9,2.6,,
2026-09-20T11:42:14.000Z,X3843070,7557,44.26277,7.65234,30410.7,5.7,15.7,96.5,-51.4,1.0,-1.0,RS41-SG,403.701,10.8,-500,9,2.6,,
2026-09-20T11:42:15.000Z,X3843070,7558,44.26276,7.65253,30416.4,5.8,15.8,86.0,-51.3,1.0,-1.0,RS41-SG,403.701,11.7,-500,9,2.6,,
2026-09-20T11:42:16.000Z,X3843070,7559,44.26279,7.65272,30422.2,5.8,15.3,74.6,-51.2,1.0,-1.0,RS41-SG,403.701,11.7,-500,9,2.7,,
2026-09-20T11:42:17.000Z,X3843070,7560,44.26283,7.65290,30427.8,5.3,14.1,64.2,-51.2,1.0,-1.0,RS41-SG,403.701,11.2,-500,9,2.7,,
2026-09-20T11:42:18.000Z,X3843070,7561,44.26289,7.65304,30432.6,4.4,12.5,57.4,-51.5,1.0,-1.0,RS41-SG,403.701,11.2,-500,9,2.6,,
2026-09-20T11:42:19.000Z,X3843070,7562,44.26294,7.65316,30437.3,5.1,10.1,56.0,-51.5,1.0,-1.0,RS41-SG,403.701,8.9,-500,9,2.6,,
2026-09-20T11:42:20.000Z,X3843070,7563,44.26298,7.65325,30442.8,6.0,7.5,68.2,-51.4,1.0,-1.0,RS41-SG,403.701,10.5,-500,9,2.7,,
2026-09-20T11:42:21.000Z,X3843070,7564,44.26299,7.65334,30448.9,6.3,6.9,97.0,-51.4,1.0,-1.0,RS41-SG,403.701,11.0,-500,9,2.7,,
2026-09-20T11:42:22.000Z,X3843070,7565,44.26297,7.65343,30454.7,5.3,8.8,117.8,-51.4,1.0,-1.0,RS41-SG,403.701,11.0,-500,9,2.6,,
2026-09-20T11:42:23.000Z,X3843070,7566,44.26292,7.65354,30459.4,4.0,11.4,123.9,-51.5,1.0,-1.0,RS41-SG,403.701,9.1,-500,9,2.6,,
2026-09-20T11:42:24.000Z,X3843070,7567,44.26286,7.65367,30463.5,4.4,13.9,121.3,-51.5,1.0,-1.0,RS41-SG,403.701,10.0,-500,9,2.6,,
2026-09-20T11:42:25.000Z,X3843070,7568,44.26280,7.65384,30468.5,5.6,15.9,112.8,-51.5,1.1,-1.0,RS41-SG,403.701,11.6,-500,9,2.7,,
2026-09-20T11:42:26.000Z,X3843070,7569,44.26276,7.65404,30474.7,6.7,17.5,102.0,-51.6,1.1,-1.0,RS41-SG,403.701,12.1,-500,9,2.7,,
2026-09-20T11:42:27.000Z,X3843070,7570,44.26274,7.65426,30480.9,5.7,18.2,92.4,-51.8,1.1,-1.0,RS41-SG,403.701,12.1,-500,9,2.6,,
2026-09-20T11:42:28.000Z,X3843070,7571,44.26274,7.65448,30485.4,3.3,18.4,85.0,-52.0,1.1,-1.0,RS41-SG,403.701,12.1,-500,9,2.6,,
2026-09-20T11:42:29.000Z,X3843070,7572,44.26276,7.65471,30488.9,3.9,18.3,78.7,-52.0,1.1,-1.0,RS41-SG,403.701,9.7,-500,9,2.6,,
2026-09-20T11:42:30.000Z,X3843070,7573,44.26280,7.65493,30493.8,6.2,17.4,76.0,-51.9,1.1,-1.0,RS41-SG,403.701,9.4,-500,9,2.7,,
2026-09-20T11:42:31.000Z,X3843070,7574,44.26283,7.65513,30500.3,6.8,16.0,78.0,-51.9,1.0,-1.0,RS41-SG,403.701,10.7,-500,9,2.7,,
2026-09-20T11:42:32.000Z,X3843070,7575,44.26286,7.65532,30506.4,5.4,14.7,82.6,-52.0,1.0,-1.0,RS41-SG,403.701,11.9,-500,9,2.7,,
2026-09-20T11:42:33.000Z,X3843070,7576,44.26287,7.65549,30511.4,4.5,13.5,88.0,-52.0,1.0,-1.0,RS41-SG,403.701,11.9,-500,9,2.6,,
2026-09-20T11:42:34.000Z,X3843070,7577,44.26287,7.65566,30516.1,4.8,12.7,93.9,-51.9,1.0,-1.0,RS41-SG,403.701,10.5,-500,9,2.6,,
2026-09-20T11:42:35.000Z,X3843070,7578,44.26285,7.65581,30521.5,6.0,12.4,99.2,-51.8,1.0,-1.0,RS41-SG,403.701,10.5,-500,9,2.6,,
2026-09-20T11:42:36.000Z,X3843070,7579,44.26283,7.65596,30527.5,6.1,12.7,102.3,-51.8,1.0,-1.0,RS41-SG,403.701,10.1,-500,9,2.6,,
2026-09-20T11:42:37.000Z,X3843070,7580,44.26280,7.65612,30533.2,5.3,13.7,105.0,-51.8,1.0,-1.0,RS41-SG,403.701,10.8,-500,9,2.7,,
2026-09-20T11:42:38.000Z,X3843070,7581,44.26277,7.65630,30538.3,5.1,15.3,107.1,-51.7,1.1,-1.0,RS41-SG,403.701,10.8,-500,9,2.7,,
2026-09-20T11:42:39.000Z,X3843070,7582,44.26272,7.65649,30543.7,5.6,17.3,109.2,-51.7,1.1,-1.0,RS41-SG,403.701,9.9,-500,9,2.7,,
2026-09-20T11:42:40.000Z,X3843070,7583,44.26267,7.65670,30549.3,5.7,19.2,110.5,-51.7,1.1,-1.0,RS41-SG,403.701,9.6,-500,9,2.6,,
2026-09-20T11:42:41.000Z,X3843070,7584,44.26261,7.65693,30554.6,4.9,20.4,110.1,-51.6,1.0,-1.0,RS41-SG,403.701,9.1,-500,9,2.6,,
2026-09-20T11:42:42.000Z,X3843070,7585,44.26255,7.65718,30559.5,5.2,20.9,107.1,-51.4,1.0,-1.0,RS41-SG,403.701,11.7,-500,9,2.6,,
2026-09-20T11:42:43.000Z,X3843070,7586,44.26250,7.65743,30565.2,6.2,20.4,101.1,-51.3,1.0,-1.0,RS41-SG,403.701,11.7,-500,9,2.7,,
2026-09-20T11:42:44.000Z,X3843070,7587,44.26248,7.65767,30571.5,6.6,19.4,93.7,-51.1,1.0,-1.0,RS41-SG,403.701,11.5,-500,9,2.7,,
2026-09-20T11:42:45.000Z,X3843070,7588,44.26248,7.65791,30577.5,5.4,18.3,86.5,-51.0,1.0,-1.0,RS41-SG,403.701,12.2,-500,9,2.6,,
2026-09-20T11:42:46.000Z,X3843070,7589,44.26249,7.65813,30582.5,4.6,17.1,81.5,-51.1,1.0,-1.0,RS41-SG,403.701,12.2,-500,9,2.6,,
2026-09-20T11:42:47.000Z,X3843070,7590,44.26252,7.65833,30587.4,5.3,15.5,79.3,-51.2,1.0,-1.0,RS41-SG,403.701,11.5,-500,9,2.6,,
2026-09-20T11:42:48.000Z,X3843070,7591,44.26254,7.65851,30593.4,6.7,13.5,83.2,-51.2,1.0,-1.0,RS41-SG,403.701,9.0,-500,9,2.7,,
2026-09-20T11:42:49.000Z,X3843070,7592,44.26254,7.65867,30599.8,6.2,12.1,91.6,-51.1,1.0,-1.0,RS41-SG,403.701,12.3,-500,9,2.7,,
2026-09-20T11:42:50.000Z,X3843070,7593,44.26253,7.65881,30605.2,4.7,11.5,100.9,-51.0,0.9,-1.0,RS41-SG,403.701,12.3,-500,9,2.7,,
2026-09-20T11:42:51.000Z,X3843070,7594,44.26251,7.65895,30609.9,4.8,11.4,107.8,-50.9,1.0,-1.0,RS41-SG,403.701,11.1,-500,9,2.6,,
2026-09-20T11:42:52.000Z,X3843070,7595,44.26247,7.65909,30615.4,6.3,11.7,109.8,-50.7,1.0,-1.0,RS41-SG,403.701,10.9,-500,9,2.6,,
2026-09-20T11:42:53.000Z,X3843070,7596,44.26244,7.65923,30621.6,6.1,12.2,106.5,-50.6,0.9,-1.0,RS41-SG,403.701,10.8,-500,9,2.6,,
2026-09-20T11:42:54.000Z,X3843070,7597,44.26241,7.65938,30627.1,4.8,12.7,102.9,-50.5,1.0,-1.0,RS41-SG,403.701,11.3,-500,9,2.6,,
2026-09-20T11:42:55.000Z,X3843070,7598,44.26239,7.65954,30631.9,5.0,13.5,99.6,-50.4,0.9,-1.0,RS41-SG,403.701,11.3,-500,9,2.7,,
2026-09-20T11:42:56.000Z,X3843070,7599,44.26237,7.65971,30637.4,6.0,14.5,98.9,-50.4,0.9,-1.0,RS41-SG,403.701,11.8,-500,9,2.7,,
2026-09-20T11:42:57.000Z,X3843070,7600,44.26235,7.65989,30643.5,6.2,14.9,99.0,-50.4,0.9,-1.0,RS41-SG,403.701,11.8,-500,9,2.7,,
2026-09-20T11:42:58.000Z,X3843070,7601,44.26233,7.66007,30649.3,5.5,14.9,98.4,-50.3,0.9,-1.0,RS41-SG,403.701,11.2,-500,9,2.6,,
2026-09-20T11:42:59.000Z,X3843070,7602,44.26231,7.66025,30655.1,6.0,14.3,94.5,-50.2,0.9,-1.0,RS41-SG,403.701,11.8,-500,9,2.6,,
2026-09-20T11:43:00.000Z,X3843070,7603,44.26231,7.66043,30661.3,6.5,13.5,88.0,-50.2,0.9,-1.0,RS41-SG,403.701,11.8,-500,9,2.6,,
2026-09-20T11:43:01.000Z,X3843070,7604,44.26232,7.66059,30667.7,6.2,12.7,80.7,-50.2,0.9,-1.0,RS41-SG,403.701,12.2,-500,9,2.6,,
2026-09-20T11:43:02.000Z,X3843070,7605,44.26235,7.66074,30673.3,5.1,12.0,75.9,-50.3,0.9,-1.0,RS41-SG,403.701,12.2,-500,9,2.7,,
2026-09-20T11:43:03.000Z,X3843070,7606,44.26237,7.66088,30678.4,5.2,10.7,74.3,-50.5,0.9,-1.0,RS41-SG,403.701,11.8,-500,9,2.7,,
2026-09-20T11:43:04.000Z,X3843070,7607,44.26239,7.66100,30683.9,5.8,9.3,79.6,-50.5,0.9,-1.0,RS41-SG,403.701,11.3,-500,9,2.7,,
2026-09-20T11:43:05.000Z,X3843070,7608,44.26240,7.66111,30689.8,6.2,8.4,92.2,-50.5,0.9,-1.0,RS41-SG,403.701,10.6,-500,9,2.6,,
2026-09-20T11:43:06.000Z,X3843070,7609,44.26239,7.66121,30695.9,5.9,8.6,105.6,-50.4,0.9,-1.0,RS41-SG,403.701,8.5,-500,9,2.6,,
2026-09-20T11:43:07.000Z,X3843070,7610,44.26236,7.66132,30701.3,5.0,9.6,112.4,-50.3,0.9,-1.0,RS41-SG,403.701,8.6,-500,9,2.6,,
2026-09-20T11:43:08.000Z,X3843070,7611,44.26233,7.66144,30706.5,5.5,11.2,110.1,-50.2,0.9,-1.0,RS41-SG,403.701,10.7,-500,9,2.7,,
2026-09-20T11:43:09.000Z,X3843070,7612,44.26230,7.66159,30712.4,6.2,13.1,103.1,-50.1,0.9,-1.0,RS41-SG,403.701,10.7,-500,9,2.7,,
2026-09-20T11:43:10.000Z,X3843070,7613,44.26228,7.66176,30718.5,6.2,15.2,94.4,-50.0,0.9,-1.0,RS41-SG,403.701,10.7,-500,9,2.6,,
2026-09-20T11:43:11.000Z,X3843070,7614,44.26228,7.66196,30724.2,5.2,17.1,88.0,-49.9,0.9,-1.0,RS41-SG,403.701,12.0,-500,9,2.6,,
2026-09-20T11:43:12.000Z,X3843070,7615,44.26229,7.66218,30728.7,3.7,18.4,83.7,-49.9,0.9,-1.0,RS41-SG,403.701,12.0,-500,9,2.6,,
2026-09-20T11:43:13.000Z,X3843070,7616,44.26231,7.66241,30732.7,4.3,19.0,82.8,-49.9,0.9,-1.0,RS41-SG,403.701,12.1,-500,9,2.7,,
2026-09-20T11:43:14.000Z,X3843070,7617,44.26233,7.66264,30737.9,6.2,18.5,84.7,-50.0,0.9,-1.0,RS41-SG,403.701,12.1,-500,9,2.7,,
2026-09-20T11:43:15.000Z,X3843070,7618,44.26233,7.66286,30744.7,7.2,17.0,89.4,-50.0,0.9,-1.0,RS41-SG,403.701,12.1,-500,9,2.7,,
2026-09-20T11:43:16.000Z,X3843070,7619,44.26233,7.66307,30751.1,5.7,15.6,94.5,-49.9,0.9,-1.0,RS41-SG,403.701,12.1,-500,9,2.6,,
2026-09-20T11:43:17.000Z,X3843070,7620,44.26231,7.66325,30756.5,5.3,13.9,99.4,-49.8,0.9,-1.0,RS41-SG,403.701,11.9,-500,9,2.6,,
2026-09-20T11:43:18.000Z,X3843070,7621,44.26229,7.66341,30762.1,5.9,12.2,101.8,-49.7,0.9,-1.0,RS41-SG,403.701,12.3,-500,9,2.6,,
2026-09-20T11:43:19.000Z,X3843070,7622,44.26227,7.66355,30768.2,6.4,10.6,100.6,-49.6,0.9,-1.0,RS41-SG,403.701,12.3,-500,9,2.6,,
2026-09-20T11:43:20.000Z,X3843070,7623,44.26226,7.66367,30774.1,5.2,9.9,98.5,-49.7,0.9,-1.0,RS41-SG,403.701,11.7,-500,9,2.7,,
2026-09-20T11:43:21.000Z,X3843070,7624,44.26225,7.66380,30779.2,5.1,9.7,96.1,-49.8,0.9,-1.0,RS41-SG,403.701,11.7,-500,9,2.7,,
2026-09-20T11:43:22.000Z,X3843070,7625,44.26224,7.66392,30784.9,6.2,10.4,97.0,-49.8,0.9,-1.0,RS41-SG,403.701,11.6,-500,9,2.7,,
2026-09-20T11:43:23.000Z,X3843070,7626,44.26222,7.66406,30791.4,6.9,11.9,99.8,-49.8,0.9,-1.0,RS41-SG,403.701,10.8,-500,9,2.6,,
2026-09-20T11:43:24.000Z,X3843070,7627,44.26220,7.66421,30797.8,6.0,13.5,101.2,-49.7,0.9,-1.0,RS41-SG,403.701,10.6,-500,9,2.6,,
2026-09-20T11:43:25.000Z,X3843070,7628,44.26218,7.66439,30803.3,5.0,14.9,99.9,-49.6,0.9,-1.0,RS41-SG,403.701,8.8,-500,9,2.6,,
2026-09-20T11:43:26.000Z,X3843070,7629,44.26216,7.66458,30808.4,5.5,16.3,95.3,-49.5,0.9,-1.0,RS41-SG,403.701,8.9,-500,9,2.6,,
2026-09-20T11:43:27.000Z,X3843070,7630,44.26215,7.66479,30814.4,6.5,16.9,89.2,-49.4,0.9,-1.0,RS41-SG,403.701,12.6,-500,9,2.7,,
2026-09-20T11:43:28.000Z,X3843070,7631,44.26216,7.66500,30820.5,5.9,17.0,83.8,-49.4,0.9,-1.0,RS41-SG,403.701,12.6,-500,9,2.7,,
2026-09-20T11:43:29.000Z,X3843070,7632,44.26218,7.66520,30826.2,5.4,16.4,80.8,-49.6,0.9,-1.0,RS41-SG,403.701,12.4,-500,9,2.7,,
2026-09-20T11:43:30.000Z,X3843070,7633,44.26221,7.66540,30832.0,6.1,15.2,80.5,-49.6,0.9,-1.0,RS41-SG,403.701,12.4,-500,9,2.6,,
2026-09-20T11:43:31.000Z,X3843070,7634,44.26222,7.66557,30838.5,7.0,13.2,84.6,-49.6,0.9,-1.0,RS41-SG,403.701,11.5,-500,9,2.6,,
2026-09-20T11:43:32.000Z,X3843070,7635,44.26223,7.66573,30845.1,6.3,11.4,92.4,-49.5,0.9,-1.0,RS41-SG,403.701,10.3,-500,9,2.6,,
2026-09-20T11:43:33.000Z,X3843070,7636,44.26222,7.66586,30850.5,4.5,10.1,100.5,-49.3,0.9,-1.0,RS41-SG,403.701,9.4,-500,9,2.7,,
2026-09-20T11:43:34.000Z,X3843070,7637,44.26219,7.66597,30855.1,4.6,8.7,109.4,-49.2,0.9,-1.0,RS41-SG,403.701,11.7,-500,9,2.7,,
2026-09-20T11:43:35.000Z,X3843070,7638,44.26217,7.66607,30860.3,5.9,7.6,112.6,-49.1,0.9,-1.0,RS41-SG,403.701,11.7,-500,9,2.6,,
2026-09-20T11:43:36.000Z,X3843070,7639,44.26215,7.66615,30866.5,6.7,7.0,106.5,-49.0,0.9,-1.0,RS41-SG,403.701,11.5,-500,9,2.6,,
2026-09-20T11:43:37.000Z,X3843070,7640,44.26213,7.66624,30872.8,5.9,7.3,99.1,-49.0,0.8,-1.0,RS41-SG,403.701,11.1,-500,9,2.6,,
2026-09-20T11:43:38.000Z,X3843070,7641,44.26212,7.66634,30878.5,5.7,8.4,94.4,-49.0,0.9,-1.0,RS41-SG,403.701,11.1,-500,9,2.7,,
2026-09-20T11:43:39.000Z,X3843070,7642,44.26212,7.66645,30884.5,6.4,9.9,95.0,-48.9,0.9,-1.0,RS41-SG,403.701,11.0,-500,9,2.7,,
2026-09-20T11:43:40.000Z,X3843070,7643,44.26211,7.66659,30891.1,6.8,11.7,97.5,-49.0,0.9,-1.0,RS41-SG,403.701,9.1,-500,9,2.7,,
2026-09-20T11:43:41.000Z,X3843070,7644,44.26209,7.66674,30897.2,5.5,13.1,98.5,-49.0,0.9,-1.0,RS41-SG,403.701,9.1,-500,9,2.6,,
2026-09-20T11:43:42.000Z,X3843070,7645,44.26208,7.66691,30902.6,5.3,14.3,97.5,-48.9,0.9,-1.0,RS41-SG,403.701,12.3,-500,9,2.6,,
2026-09-20T11:43:43.000Z,X3843070,7646,44.26206,7.66709,30908.1,5.9,14.8,94.3,-48.9,0.9,-1.0,RS41-SG,403.701,12.3,-500,9,2.6,,
2026-09-20T11:43:44.000Z,X3843070,7647,44.26206,7.66727,30914.3,6.5,14.6,88.9,-48.9,0.9,-1.0,RS41-SG,403.701,12.2,-500,9,2.6,,
2026-09-20T11:43:45.000Z,X3843070,7648,44.26207,7.66745,30920.8,6.5,13.9,81.8,-48.9,0.9,-1.0,RS41-SG,403.701,12.2,-500,9,2.7,,
2026-09-20T11:43:46.000Z,X3843070,7649,44.26209,7.66761,30927.0,6.0,13.0,75.9,-49.0,0.9,-1.0,RS41-SG,403.701,12.4,-500,9,2.7,,
2026-09-20T11:43:47.000Z,X3843070,7650,44.26212,7.66776,30932.7,5.4,12.1,72.3,-49.2,0.9,-1.0,RS41-SG,403.701,12.4,-500,9,2.7,,
2026-09-20T11:43:48.000Z,X3843070,7651,44.26215,7.66790,30938.2,5.8,10.9,72.7,-49.1,0.9,-1.0,RS41-SG,403.701,11.9,-500,9,2.6,,
2026-09-20T11:43:49.000Z,X3843070,7652,44.26218,7.66802,30944.3,6.4,9.7,78.4,-49.1,0.9,-1.0,RS41-SG,403.701,8.3,-500,9,2.6,,
2026-09-20T11:43:50.000Z,X3843070,7653,44.26219,7.66814,30950.8,6.5,8.7,89.2,-49.1,0.9,-1.0,RS41-SG,403.701,11.8,-500,9,2.6,,
2026-09-20T11:43:51.000Z,X3843070,7654,44.26218,7.66824,30956.8,5.6,8.3,101.0,-49.1,0.9,-1.0,RS41-SG,403.701,12.0,-500,9,2.6,,
2026-09-20T11:43:52.000Z,X3843070,7655,44.26216,7.66834,30961.9,4.5,8.0,110.5,-49.1,0.9,-1.0,RS41-SG,403.701,12.0,-500,9,2.7,,
2026-09-20T11:43:53.000Z,X3843070,7656,44.26213,7.66843,30966.5,4.7,7.7,114.8,-49.2,0.9,-1.0,RS41-SG,403.701,11.5,-500,9,2.7,,
2026-09-20T11:43:54.000Z,X3843070,7657,44.26211,7.66852,30971.7,5.9,7.1,110.1,-49.2,0.9,-1.0,RS41-SG,403.701,11.1,-500,9,2.7,,
2026-09-20T11:43:55.000Z,X3843070,7658,44.26209,7.66860,30978.1,6.8,7.1,94.2,-49.2,0.9,-1.0,RS41-SG,403.701,10.5,-500,9,2.6,,
2026-09-20T11:43:56.000Z,X3843070,7659,44.26210,7.66870,30984.6,6.3,8.1,80.3,-49.0,0.9,-1.0,RS41-SG,403.701,10.2,-500,9,2.6,,
2026-09-20T11:43:57.000Z,X3843070,7660,44.26212,7.66880,30990.2,5.1,9.8,73.6,-48.9,0.9,-1.0,RS41-SG,403.701,11.1,-500,9,2.6,,
2026-09-20T11:43:58.000Z,X3843070,7661,44.26215,7.66893,30995.2,4.9,11.8,71.7,-48.8,0.9,-1.0,RS41-SG,403.701,11.1,-500,9,2.7,,
2026-09-20T11:43:59.000Z,X3843070,7662,44.26218,7.66909,31000.5,5.6,13.8,74.3,-49.0,0.9,-1.0,RS41-SG,403.701,7.5,-500,9,2.7,,
2026-09-20T11:44:00.000Z,X3843070,7663,44.26221,7.66926,31006.5,6.5,15.3,78.2,-49.0,0.9,-1.0,RS41-SG,403.701,10.8,-500,9,2.6,,
2026-09-20T11:44:01.000Z,X3843070,7664,44.26223,7.66945,31012.6,5.7,15.7,81.8,-49.0,0.9,-1.0,RS41-SG,403.701,11.7,-500,9,2.6,,
2026-09-20T11:44:02.000Z,X3843070,7665,44.26225,7.66964,31018.5,6.1,14.9,83.9,-48.9,0.9,-1.0,RS41-SG,403.701,12.1,-500,9,2.6,,
2026-09-20T11:44:03.000Z,X3843070,7666,44.26227,7.66981,31025.0,6.9,13.0,83.2,-48.8,0.9,-1.0,RS41-SG,403.701,12.1,-500,9,2.7,,
2026-09-20T11:44:04.000Z,X3843070,7667,44.26228,7.66996,31032.1,7.4,10.3,79.8,-48.7,0.9,-1.0,RS41-SG,403.701,11.9,-500,9,2.7,,
2026-09-20T11:44:05.000Z,X3843070,7668,44.26230,7.67007,31038.6,5.5,8.1,74.2,-48.7,0.9,-1.0,RS41-SG,403.701,11.5,-500,9,2.7,,
2026-09-20T11:44:06.000Z,X3843070,7669,44.26232,7.67015,31043.5,4.3,6.1,67.3,-48.6,0.9,-1.0,RS41-SG,403.701,11.5,-500,9,2.6,,
2026-09-20T11:44:07.000Z,X3843070,7670,44.26234,7.67021,31048.2,5.2,4.3,65.2,-48.6,0.9,-1.0,RS41-SG,403.701,10.8,-500,9,2.6,,
2026-09-20T11:44:08.000Z,X3843070,7671,44.26235,7.67026,31054.3,6.9,3.6,79.9,-48.7,0.9,-1.0,RS41-SG,403.701,10.8,-500,9,2.6,,
2026-09-20T11:44:09.000Z,X3843070,7672,44.26235,7.67031,31060.8,6.2,4.4,93.7,-48.8,0.9,-1.0,RS41-SG,403.701,10.2,-500,9,2.6,,
2026-09-20T11:44:10.000Z,X3843070,7673,44.26235,7.67037,31066.7,5.8,5.8,93.5,-48.7,0.9,-1.0,RS41-SG,403.701,10.3,-500,9,2.7,,
2026-09-20T11:44:11.000Z,X3843070,7674,44.26235,7.67046,31072.9,6.5,7.4,87.0,-48.6,0.9,-1.0,RS41-SG,403.701,10.3,-500,9,2.7,,
2026-09-20T11:44:12.000Z,X3843070,7675,44.26236,7.67056,31079.4,6.6,9.0,77.4,-48.5,0.9,-1.0,RS41-SG,403.701,7.9,-500,9,2.7,,
2026-09-20T11:44:13.000Z,X3843070,7676,44.26239,7.67067,31085.6,6.0,10.8,68.1,-48.4,0.9,-1.0,RS41-SG,403.701,10.6,-500,9,2.6,,
2026-09-20T11:44:14.000Z,X3843070,7677,44.26243,7.67080,31091.2,5.2,12.4,62.3,-48.5,0.9,-1.0,RS41-SG,403.701,10.7,-500,9,2.6,,
2026-09-20T11:44:15.000Z,X3843070,7678,44.26249,7.67095,31096.2,4.9,13.9,60.0,-48.7,0.9,-1.0,RS41-SG,403.701,10.7,-500,9,2.6,,
2026-09-20T11:44:16.000Z,X3843070,7679,44.26255,7.67110,31101.6,5.6,14.8,60.4,-48.8,0.9,-1.0,RS41-SG,403.701,10.3,-500,9,2.6,,
2026-09-20T11:44:17.000Z,X3843070,7680,44.26261,7.67127,31107.6,6.4,14.9,62.6,-48.8,0.9,-1.0,RS41-SG,403.701,11.1,-500,9,2.7,,
2026-09-20T11:44:18.000Z,X3843070,7681,44.26267,7.67143,31114.4,7.3,13.9,67.3,-48.7,0.9,-1.0,RS41-SG,403.701,11.1,-500,9,2.7,,
2026-09-20T11:44:19.000Z,X3843070,7682,44.26271,7.67158,31121.4,6.9,11.9,73.1,-48.6,0.9,-1.0,RS41-SG,403.701,9.7,-500,9,2.7,,
2026-09-20T11:44:20.000Z,X3843070,7683,44.26273,7.67171,31127.9,6.0,9.3,80.6,-48.6,0.8,-1.0,RS41-SG,403.701,8.9,-500,9,2.6,,
2026-09-20T11:44:21.000Z,X3843070,7684,44.26274,7.67181,31133.4,4.9,6.6,90.9,-48.6,0.9,-1.0,RS41-SG,403.701,9.0,-500,9,2.6,,
2026-09-20T11:44:22.000Z,X3843070,7685,44.26273,7.67187,31138.1,4.6,3.9,101.2,-48.7,0.9,-1.0,RS41-SG,403.701,10.6,-500,9,2.6,,
2026-09-20T11:44:23.000Z,X3843070,7686,44.26273,7.67191,31142.8,4.9,2.0,94.7,-48.7,0.9,-1.0,RS41-SG,403.701,10.6,-500,9,2.7,,
2026-09-20T11:44:24.000Z,X3843070,7687,44.26273,7.67193,31148.4,6.4,2.2,53.4,-48.7,0.9,-1.0,RS41-SG,403.701,10.1,-500,9,2.7,,
2026-09-20T11:44:25.000Z,X3843070,7688,44.26276,7.67196,31155.2,7.4,5.0,43.7,-48.6,0.9,-1.0,RS41-SG,403.701,9.7,-500,9,2.6,,
2026-09-20T11:44:27.000Z,X3843070,7690,44.26285,7.67213,31168.2,5.3,11.6,58.5,-48.5,0.9,-1.0,RS41-SG,403.701,7.4,-500,9,2.6,,
2026-09-20T11:44:28.000Z,X3843070,7691,44.26290,7.67227,31172.9,4.3,14.8,65.6,-48.6,0.8,-1.0,RS41-SG,403.701,9.8,-500,9,2.7,,
2026-09-20T11:44:29.000Z,X3843070,7692,44.26295,7.67246,31177.2,4.2,17.1,72.6,-48.7,0.9,-1.0,RS41-SG,403.701,11.5,-500,9,2.7,,
2026-09-20T11:44:30.000Z,X3843070,7693,44.26299,7.67267,31182.0,5.3,17.9,79.9,-48.8,0.9,-1.0,RS41-SG,403.701,11.9,-500,9,2.7,,
2026-09-20T11:44:31.000Z,X3843070,7694,44.26301,7.67288,31187.8,6.4,17.0,86.5,-48.8,0.9,-1.0,RS41-SG,403.701,11.9,-500,9,2.6,,
2026-09-20T11:44:32.000Z,X3843070,7695,44.26301,7.67308,31194.0,6.1,14.9,90.8,-48.7,0.9,-1.0,RS41-SG,403.701,11.7,-500,9,2.6,,
2026-09-20T11:44:33.000Z,X3843070,7696,44.26301,7.67325,31199.7,5.4,12.1,92.9,-48.6,0.9,-1.0,RS41-SG,403.701,12.4,-500,9,2.6,,
2026-09-20T11:44:34.000Z,X3843070,7697,44.26301,7.67338,31204.8,4.7,9.3,90.2,-48.6,0.9,-1.0,RS41-SG,403.701,12.4,-500,9,2.6,,
2026-09-20T11:44:35.000Z,X3843070,7698,44.26301,7.67349,31209.5,4.7,7.2,79.5,-48.6,0.9,-1.0,RS41-SG,403.701,11.1,-500,9,2.7,,
2026-09-20T11:44:37.000Z,X3843070,7700,44.26306,7.67364,31219.7,5.7,7.2,56.9,-48.6,0.9,-1.0,RS41-SG,403.701,8.2,-500,9,2.7,,
2026-09-20T11:44:38.000Z,X3843070,7701,44.26310,7.67372,31225.6,6.1,8.2,60.3,-48.7,0.9,-1.0,RS41-SG,403.701,8.3,-500,9,2.6,,
2026-09-20T11:44:39.000Z,X3843070,7702,44.26313,7.67382,31232.0,6.6,9.3,69.2,-48.9,1.0,-1.0,RS41-SG,403.701,9.5,-500,9,2.6,,
2026-09-20T11:44:40.000Z,X3843070,7703,44.26315,7.67394,31238.7,6.9,10.7,80.7,-48.9,0.9,-1.0,RS41-SG,403.701,11.2,-500,9,2.6,,
2026-09-20T11:44:41.000Z,X3843070,7704,44.26316,7.67408,31245.2,6.3,12.1,88.3,-48.8,0.9,-1.0,RS41-SG,403.701,11.2,-500,9,2.7,,
2026-09-20T11:44:42.000Z,X3843070,7705,44.26316,7.67424,31250.9,5.0,13.6,93.6,-48.8,0.9,-1.0,RS41-SG,403.701,10.9,-500,9,2.7,,
2026-09-20T11:44:43.000Z,X3843070,7706,44.26315,7.67442,31255.6,4.5,15.1,95.5,-48.8,0.9,-1.0,RS41-SG,403.701,10.9,-500,9,2.6,,
2026-09-20T11:44:44.000Z,X3843070,7707,44.26314,7.67462,31260.5,5.4,16.3,93.8,-48.8,0.9,-1.0,RS41-SG,403.701,10.9,-500,9,2.6,,
2026-09-20T11:44:45.000Z,X3843070,7708,44.26313,7.67482,31266.6,6.8,16.9,89.7,-48.9,0.9,-1.0,RS41-SG,403.701,10.4,-500,9,2.6,,
2026-09-20T11:44:46.000Z,X3843070,7709,44.26314,7.67503,31273.1,6.1,16.6,85.3,-49.0,0.9,-1.0,RS41-SG,403.701,10.5,-500,9,2.7,,
2026-09-20T11:44:47.000Z,X3843070,7710,44.26316,7.67523,31279.1,5.9,15.5,81.0,-49.0,0.9,-1.0,RS41-SG,403.701,10.5,-500,9,2.7,,
2026-09-20T11:44:48.000Z,X3843070,7711,44.26318,7.67541,31285.4,6.6,13.6,79.0,-48.9,0.9,-1.0,RS41-SG,403.701,8.8,-500,9,2.7,,
2026-09-20T11:44:49.000Z,X3843070,7712,44.26320,7.67556,31292.2,7.1,11.2,80.8,-48.9,0.9,-1.0,RS41-SG,403.701,8.6,-500,9,2.6,,
2026-09-20T11:44:50.000Z,X3843070,7713,44.26321,7.67569,31298.4,5.1,9.5,84.3,-48.8,0.9,-1.0,RS41-SG,403.701,8.6,-500,9,2.6,,
2026-09-20T11:44:51.000Z,X3843070,7714,44.26322,7.67580,31303.2,4.5,8.2,89.5,-48.7,0.9,-1.0,RS41-SG,403.701,10.3,-500,9,2.6,,
2026-09-20T11:44:52.000Z,X3843070,7715,44.26322,7.67590,31308.1,5.5,7.6,90.7,-48.7,0.9,-1.0,RS41-SG,403.701,10.3,-500,9,2.6,,
2026-09-20T11:44:53.000Z,X3843070,7716,44.26322,7.67599,31314.4,6.9,8.3,87.1,-48.7,0.9,-1.0,RS41-SG,403.701,9.5,-500,9,2.7,,
2026-09-20T11:44:54.000Z,X3843070,7717,44.26323,7.67611,31321.3,7.0,9.8,81.8,-48.8,0.9,-1.0,RS41-SG,403.701,9.8,-500,9,2.7,,
2026-09-20T11:44:55.000Z,X3843070,7718,44.26324,7.67624,31327.7,5.7,11.6,80.2,-48.8,0.9,-1.0,RS41-SG,403.701,9.8,-500,9,2.7,,
2026-09-20T11:44:56.000Z,X3843070,7719,44.26326,7.67639,31333.2,5.0,13.6,81.9,-48.9,0.9,-1.0,RS41-SG,403.701,10.5,-500,9,2.6,,
2026-09-20T11:44:57.000Z,X3843070,7720,44.26327,7.67657,31338.5,5.6,15.7,85.6,-49.0,0.9,-1.0,RS41-SG,403.701,10.5,-500,9,2.6,,
2026-09-20T11:44:58.000Z,X3843070,7721,44.26328,7.67678,31344.3,6.2,17.4,90.4,-49.0,0.9,-1.0,RS41-SG,403.701,9.8,-500,9,2.6,,
2026-09-20T11:44:59.000Z,X3843070,7722,44.26327,7.67700,31350.3,5.6,18.4,93.8,-48.9,0.9,-1.0,RS41-SG,403.701,9.3,-500,9,2.6,,
2026-09-20T11:45:00.000Z,X3843070,7723,44.26326,7.67723,31355.5,4.9,18.8,95.3,-48.9,0.9,-1.0,RS41-SG,403.701,9.2,-500,9,2.7,,
2026-09-20T11:45:01.000Z,X3843070,7724,44.26324,7.67746,31360.8,5.6,18.3,95.3,-49.0,0.9,-1.0,RS41-SG,403.701,9.2,-500,9,2.7,,
2026-09-20T11:45:02.000Z,X3843070,7725,44.26323,7.67768,31367.0,7.0,17.0,91.6,-49.0,0.9,-1.0,RS41-SG,403.701,10.6,-500,9,2.7,,
2026-09-20T11:45:03.000Z,X3843070,7726,44.26324,7.67788,31373.9,6.7,15.5,86.1,-49.2,0.9,-1.0,RS41-SG,403.701,10.6,-500,9,2.6,,
2026-09-20T11:45:04.000Z,X3843070,7727,44.26325,7.67807,31380.0,5.5,13.9,81.7,-49.3,1.0,-1.0,RS41-SG,403.701,10.5,-500,9,2.6,,
2026-09-20T11:45:05.000Z,X3843070,7728,44.26327,7.67823,31385.5,5.5,12.3,78.8,-49.2,0.9,-1.0,RS41-SG,403.701,11.2,-500,9,2.6,,
2026-09-20T11:45:06.000Z,X3843070,7729,44.26329,7.67837,31391.4,6.3,10.8,81.6,-49.1,0.9,-1.0,RS41-SG,403.701,11.2,-500,9,2.7,,
2026-09-20T11:45:07.000Z,X3843070,7730,44.26329,7.67850,31397.8,6.5,9.9,90.4,-49.0,0.9,-1.0,RS41-SG,403.701,9.7,-500,9,2.7,,
2026-09-20T11:45:08.000Z,X3843070,7731,44.26329,7.67862,31403.8,5.6,9.9,100.0,-48.9,0.9,-1.0,RS41-SG,403.701,10.9,-500,9,2.6,,
2026-09-20T11:45:09.000Z,X3843070,7732,44.26327,7.67874,31409.1,5.0,10.5,106.1,-48.9,0.9,-1.0,RS41-SG,403.701,10.9,-500,9,2.6,,
2026-09-20T11:45:10.000Z,X3843070,7733,44.26324,7.67887,31414.4,5.5,11.6,106.6,-48.8,0.9,-1.0,RS41-SG,403.701,6.7,-500,9,2.6,,
2026-09-20T11:45:11.000Z,X3843070,7734,44.26321,7.67902,31420.2,6.2,12.8,102.9,-48.8,0.9,-1.0,RS41-SG,403.701,9.1,-500,9,2.7,,
2026-09-20T11:45:12.000Z,X3843070,7735,44.26319,7.67919,31426.6,6.6,14.2,97.5,-48.8,0.9,-1.0,RS41-SG,403.701,10.5,-500,9,2.7,,
2026-09-20T11:45:13.000Z,X3843070,7736,44.26318,7.67937,31433.1,6.3,15.5,92.6,-48.7,0.9,-1.0,RS41-SG,403.701,10.5,-500,9,2.7,,
2026-09-20T11:45:14.000Z,X3843070,7737,44.26317,7.67957,31438.8,5.2,16.8,90.3,-48.7,0.9,-1.0,RS41-SG,403.701,10.3,-500,9,2.6,,
2026-09-20T11:45:15.000Z,X3843070,7738,44.26317,7.67979,31443.8,4.8,18.0,90.3,-48.6,0.9,-1.0,RS41-SG,403.701,10.3,-500,9,2.6,,
2026-09-20T11:45:16.000Z,X3843070,7739,44.26317,7.68002,31449.3,6.0,18.7,93.2,-48.6,0.9,-1.0,RS41-SG,403.701,10.9,-500,9,2.6,,
2026-09-20T11:45:17.000Z,X3843070,7740,44.26315,7.68025,31455.5,6.6,19.1,97.7,-48.6,0.9,-1.0,RS41-SG,403.701,10.9,-500,9,2.6,,
2026-09-20T11:45:18.000Z,X3843070,7741,44.26313,7.68048,31461.6,5.7,18.6,101.5,-48.7,0.9,-1.0,RS41-SG,403.701,10.8,-500,9,2.7,,
2026-09-20T11:45:19.000Z,X3843070,7742,44.26309,7.68070,31467.5,6.0,17.4,104.0,-48.7,0.9,-1.0,RS41-SG,403.701,10.8,-500,9,2.7,,
2026-09-20T11:45:20.000Z,X3843070,7743,44.26305,7.68090,31473.7,6.5,15.5,104.0,-48.8,1.0,-1.0,RS41-SG,403.701,8.0,-500,9,2.7,,
2026-09-20T11:45:21.000Z,X3843070,7744,44.26303,7.68107,31480.3,6.7,13.1,100.5,-48.9,0.9,-1.0,RS41-SG,403.701,9.2,-500,9,2.6,,
2026-09-20T11:45:23.000Z,X3843070,7746,44.26301,7.68136,31491.7,4.6,10.1,88.6,-49.1,0.9,-1.0,RS41-SG,403.701,10.4,-500,9,2.6,,
2026-09-20T11:45:24.000Z,X3843070,7747,44.26302,7.68148,31496.7,5.5,9.7,86.2,-49.0,0.9,-1.0,RS41-SG,403.701,10.6,-500,9,2.7,,
2026-09-20T11:45:25.000Z,X3843070,7748,44.26302,7.68160,31502.7,6.5,10.3,90.7,-48.9,0.9,-1.0,RS41-SG,403.701,10.6,-500,9,2.7,,
2026-09-20T11:45:26.000Z,X3843070,7749,44.26301,7.68174,31509.4,7.0,11.7,97.5,-48.8,0.9,-1.0,RS41-SG,403.701,9.2,-500,9,2.6,,
2026-09-20T11:45:27.000Z,X3843070,7750,44.26299,7.68189,31516.0,6.1,13.4,103.3,-48.8,0.9,-1.0,RS41-SG,403.701,11.6,-500,9,2.6,,
2026-09-20T11:45:28.000Z,X3843070,7751,44.26296,7.68207,31521.1,4.2,15.0,105.6,-48.9,0.9,-1.0,RS41-SG,403.701,11.7,-500,9,2.6,,
2026-09-20T11:45:29.000Z,X3843070,7752,44.26292,7.68226,31525.2,4.0,16.5,105.9,-48.9,0.9,-1.0,RS41-SG,403.701,11.7,-500,9,2.7,,
2026-09-20T11:45:30.000Z,X3843070,7753,44.26288,7.68246,31529.8,5.1,17.4,103.6,-48.8,0.9,-1.0,RS41-SG,403.701,8.9,-500,9,2.7,,
2026-09-20T11:45:32.000Z,X3843070,7755,44.26283,7.68288,31541.8,6.2,16.7,97.3,-48.5,0.9,-1.0,RS41-SG,403.701,8.7,-500,9,2.6,,
2026-09-20T11:45:33.000Z,X3843070,7756,44.26281,7.68308,31547.3,4.9,16.0,95.1,-48.4,0.9,-1.0,RS41-SG,403.701,9.3,-500,9,2.6,,
2026-09-20T11:45:34.000Z,X3843070,7757,44.26280,7.68328,31552.3,5.0,15.4,95.6,-48.3,0.9,-1.0,RS41-SG,403.701,9.4,-500,9,2.6,,
2026-09-20T11:45:35.000Z,X3843070,7758,44.26278,7.68346,31557.9,6.1,14.7,100.4,-48.3,0.9,-1.0,RS41-SG,403.701,10.9,-500,9,2.6,,
2026-09-20T11:45:37.000Z,X3843070,7760,44.26270,7.68381,31570.0,5.2,14.2,114.3,-48.4,0.9,-1.0,RS41-SG,403.701,8.5,-500,9,2.7,,
2026-09-20T11:45:40.000Z,X3843070,7763,44.26253,7.68424,31586.4,6.7,12.2,117.1,-48.1,0.9,-1.0,RS41-SG,403.701,8.0,-500,9,2.6,,
2026-09-20T11:45:41.000Z,X3843070,7764,44.26249,7.68438,31592.6,5.7,11.8,110.4,-48.2,0.9,-1.0,RS41-SG,403.701,9.6,-500,9,2.6,,
2026-09-20T11:45:42.000Z,X3843070,7765,44.26245,7.68453,31598.1,5.3,12.4,103.1,-48.2,0.8,-1.0,RS41-SG,403.701,10.7,-500,9,2.7,,
2026-09-20T11:45:43.000Z,X3843070,7766,44.26243,7.68469,31603.4,5.4,13.8,98.2,-48.2,0.8,-1.0,RS41-SG,403.701,10.7,-500,9,2.7,,
2026-09-20T11:45:44.000Z,X3843070,7767,44.26242,7.68487,31609.2,6.0,15.8,96.4,-48.1,0.9,-1.0,RS41-SG,403.701,9.8,-500,9,2.6,,
2026-09-20T11:45:45.000Z,X3843070,7768,44.26240,7.68508,31615.0,5.6,17.5,96.8,-47.9,0.8,-1.0,RS41-SG,403.701,11.5,-500,9,2.6,,
2026-09-20T11:45:46.000Z,X3843070,7769,44.26238,7.68530,31620.0,4.6,18.4,97.4,-47.9,0.8,-1.0,RS41-SG,403.701,11.5,-500,9,2.6,,
2026-09-20T11:45:47.000Z,X3843070,7770,44.26236,7.68553,31624.9,5.1,18.6,97.1,-47.8,0.8,-1.0,RS41-SG,403.701,11.6,-500,9,2.7,,
2026-09-20T11:45:48.000Z,X3843070,7771,44.26234,7.68575,31630.5,6.1,17.8,96.1,-47.6,0.8,-1.0,RS41-SG,403.701,11.6,-500,9,2.7,,
2026-09-20T11:45:49.000Z,X3843070,7772,44.26232,7.68596,31636.9,6.8,16.3,95.1,-47.4,0.8,-1.0,RS41-SG,403.701,10.0,-500,9,2.7,,
2026-09-20T11:45:50.000Z,X3843070,7773,44.26231,7.68616,31642.8,5.3,14.8,94.3,-47.2,0.8,-1.0,RS41-SG,403.701,9.4,-500,9,2.6,,
2026-09-20T11:45:51.000Z,X3843070,7774,44.26230,7.68633,31648.0,5.0,13.5,95.9,-47.0,0.8,-1.0,RS41-SG,403.701,10.9,-500,9,2.6,,
2026-09-20T11:45:52.000Z,X3843070,7775,44.26228,7.68649,31653.1,5.2,12.6,101.7,-46.8,0.8,-1.0,RS41-SG,403.701,10.9,-500,9,2.6,,
2026-09-20T11:45:53.000Z,X3843070,7776,44.26225,7.68664,31658.5,5.7,12.8,109.6,-46.8,0.8,-1.0,RS41-SG,403.701,10.3,-500,9,2.6,,
2026-09-20T11:45:54.000Z,X3843070,7777,44.26221,7.68680,31664.3,5.9,13.8,115.7,-46.7,0.8,-1.0,RS41-SG,403.701,10.3,-500,9,2.7,,
2026-09-20T11:45:55.000Z,X3843070,7778,44.26215,7.68696,31669.8,5.2,15.0,117.5,-46.7,0.8,-1.0,RS41-SG,403.701,8.7,-500,9,2.7,,
2026-09-20T11:45:56.000Z,X3843070,7779,44.26209,7.68713,31674.9,5.0,16.1,114.6,-46.7,0.8,-1.0,RS41-SG,403.701,9.6,-500,9,2.7,,
2026-09-20T11:45:57.000Z,X3843070,7780,44.26203,7.68732,31680.2,5.6,16.9,108.8,-46.7,0.8,-1.0,RS41-SG,403.701,10.3,-500,9,2.6,,
2026-09-20T11:45:58.000Z,X3843070,7781,44.26200,7.68753,31686.0,6.0,17.4,100.1,-46.7,0.8,-1.0,RS41-SG,403.701,10.3,-500,9,2.6,,
2026-09-20T11:45:59.000Z,X3843070,7782,44.26198,7.68774,31691.7,5.5,17.5,92.4,-46.7,0.8,-1.0,RS41-SG,403.701,7.7,-500,9,2.6,,
2026-09-20T11:46:00.000Z,X3843070,7783,44.26198,7.68796,31696.4,3.9,17.6,86.6,-46.9,0.8,-1.0,RS41-SG,403.701,9.1,-500,9,2.7,,
2026-09-20T11:46:01.000Z,X3843070,7784,44.26199,7.68818,31700.2,3.8,17.2,83.8,-47.0,0.8,-1.0,RS41-SG,403.701,9.3,-500,9,2.7,,
2026-09-20T11:46:02.000Z,X3843070,7785,44.26201,7.68839,31704.8,5.5,16.6,85.3,-47.0,0.8,-1.0,RS41-SG,403.701,9.3,-500,9,2.6,,
2026-09-20T11:46:03.000Z,X3843070,7786,44.26201,7.68859,31710.8,6.6,15.8,92.0,-46.9,0.8,-1.0,RS41-SG,403.701,8.2,-500,9,2.6,,
2026-09-20T11:46:04.000Z,X3843070,7787,44.26200,7.68878,31717.0,5.7,15.7,100.0,-46.8,0.8,-1.0,RS41-SG,403.701,10.5,-500,9,2.6,,
2026-09-20T11:46:05.000Z,X3843070,7788,44.26197,7.68897,31721.9,4.2,15.8,106.1,-46.6,0.8,-1.0,RS41-SG,403.701,10.5,-500,9,2.7,,
2026-09-20T11:46:06.000Z,X3843070,7789,44.26192,7.68916,31726.3,4.7,16.1,110.0,-46.5,0.8,-1.0,RS41-SG,403.701,9.8,-500,9,2.7,,
2026-09-20T11:46:07.000Z,X3843070,7790,44.26187,7.68935,31731.7,6.0,16.3,108.9,-46.4,0.7,-1.0,RS41-SG,403.701,9.6,-500,9,2.7,,
2026-09-20T11:46:08.000Z,X3843070,7791,44.26183,7.68955,31737.8,6.3,16.5,104.1,-46.3,0.8,-1.0,RS41-SG,403.701,8.8,-500,9,2.6,,
2026-09-20T11:46:09.000Z,X3843070,7792,44.26180,7.68975,31743.2,4.6,16.9,99.0,-46.2,0.8,-1.0,RS41-SG,403.701,8.8,-500,9,2.6,,
2026-09-20T11:46:10.000Z,X3843070,7793,44.26178,7.68997,31747.9,4.6,17.6,94.8,-46.1,0.8,-1.0,RS41-SG,403.701,8.8,-500,9,2.6,,
2026-09-20T11:46:11.000Z,X3843070,7794,44.26177,7.69019,31753.2,5.8,18.4,92.7,-46.3,0.8,-1.0,RS41-SG,403.701,9.1,-500,9,2.6,,
2026-09-20T11:46:12.000Z,X3843070,7795,44.26176,7.69042,31759.2,6.3,19.0,92.4,-46.3,0.8,-1.0,RS41-SG,403.701,9.1,-500,9,2.7,,
2026-09-20T11:46:15.000Z,X3843070,7798,44.26174,7.69112,31774.5,5.4,18.2,91.6,-45.9,0.8,-1.0,RS41-SG,403.701,7.1,-500,9,2.6,,
2026-09-20T11:46:16.000Z,X3843070,7799,44.26174,7.69134,31780.3,6.0,17.4,89.3,-45.9,0.7,-1.0,RS41-SG,403.701,9.3,-500,9,2.6,,
2026-09-20T11:46:17.000Z,X3843070,7800,44.26174,7.69155,31786.0,5.6,16.5,87.8,-46.1,0.8,-1.0,RS41-SG,403.701,9.4,-500,9,2.6,,
2026-09-20T11:46:18.000Z,X3843070,7801,44.26175,7.69175,31791.2,5.0,15.3,88.9,-46.2,0.8,-1.0,RS41-SG,403.701,9.4,-500,9,2.7,,
2026-09-20T11:46:19.000Z,X3843070,7802,44.26174,7.69194,31796.3,5.1,14.2,93.9,-46.2,0.8,-1.0,RS41-SG,403.701,9.3,-500,9,2.7,,
2026-09-20T11:46:20.000Z,X3843070,7803,44.26173,7.69211,31801.6,5.6,13.7,103.0,-46.1,0.7,-1.0,RS41-SG,403.701,9.3,-500,9,2.6,,
2026-09-20T11:46:21.000Z,X3843070,7804,44.26169,7.69227,31807.2,5.6,14.0,111.6,-46.1,0.8,-1.0,RS41-SG,403.701,8.6,-500,9,2.6,,
2026-09-20T11:46:22.000Z,X3843070,7805,44.26164,7.69243,31812.3,4.6,14.5,116.6,-46.2,0.8,-1.0,RS41-SG,403.701,8.6,-500,9,2.6,,
2026-09-20T11:46:23.000Z,X3843070,7806,44.26158,7.69260,31816.9,4.8,15.1,116.7,-46.3,0.8,-1.0,RS41-SG,403.701,9.4,-500,9,2.7,,
2026-09-20T11:46:24.000Z,X3843070,7807,44.26152,7.69277,31822.3,5.8,15.6,112.3,-46.3,0.8,-1.0,RS41-SG,403.701,9.4,-500,9,2.7,,
2026-09-20T11:46:25.000Z,X3843070,7808,44.26148,7.69296,31828.4,6.4,16.1,104.5,-46.3,0.8,-1.0,RS41-SG,403.701,8.9,-500,9,2.7,,
2026-09-20T11:46:26.000Z,X3843070,7809,44.26145,7.69316,31833.9,4.6,16.6,97.7,-46.2,0.8,-1.0,RS41-SG,403.701,11.4,-500,9,2.6,,
2026-09-20T11:46:27.000Z,X3843070,7810,44.26143,7.69337,31838.3,4.3,17.2,92.1,-46.0,0.8,-1.0,RS41-SG,403.701,11.4,-500,9,2.6,,
2026-09-20T11:46:28.000Z,X3843070,7811,44.26143,7.69359,31843.2,5.6,17.7,89.8,-46.0,0.8,-1.0,RS41-SG,403.701,10.3,-500,9,2.6,,
2026-09-20T11:46:29.000Z,X3843070,7812,44.26143,7.69381,31849.2,6.5,17.9,91.4,-46.1,0.8,-1.0,RS41-SG,403.701,11.5,-500,9,2.6,,
2026-09-20T11:46:30.000Z,X3843070,7813,44.26142,7.69403,31855.1,5.2,17.6,94.6,-46.0,0.8,-1.0,RS41-SG,403.701,11.5,-500,9,2.7,,
2026-09-20T11:46:31.000Z,X3843070,7814,44.26141,7.69424,31859.9,4.5,17.2,97.9,-45.8,0.8,-1.0,RS41-SG,403.701,10.4,-500,9,2.7,,
2026-09-20T11:46:32.000Z,X3843070,7815,44.26138,7.69445,31864.5,4.9,16.6,100.1,-45.7,0.7,-1.0,RS41-SG,403.701,10.5,-500,9,2.7,,
2026-09-20T11:46:33.000Z,X3843070,7816,44.26136,7.69465,31869.9,5.8,15.8,100.1,-45.7,0.8,-1.0,RS41-SG,403.701,10.5,-500,9,2.6,,
2026-09-20T11:46:34.000Z,X3843070,7817,44.26133,7.69484,31875.7,5.9,15.0,99.0,-45.7,0.7,-1.0,RS41-SG,403.701,11.8,-500,9,2.6,,
2026-09-20T11:46:35.000Z,X3843070,7818,44.26131,7.69502,31881.1,5.0,14.6,98.7,-45.9,0.8,-1.0,RS41-SG,403.701,11.8,-500,9,2.6,,
2026-09-20T11:46:36.000Z,X3843070,7819,44.26129,7.69520,31885.9,4.6,14.5,99.6,-45.9,0.8,-1.0,RS41-SG,403.701,10.3,-500,9,2.7,,
2026-09-20T11:46:37.000Z,X3843070,7820,44.26127,7.69538,31890.9,5.5,14.6,102.1,-45.8,0.8,-1.0,RS41-SG,403.701,10.3,-500,9,2.7,,
2026-09-20T11:46:38.000Z,X3843070,7821,44.26124,7.69556,31896.7,6.2,15.1,104.8,-45.6,0.8,-1.0,RS41-SG,403.701,9.8,-500,9,2.6,,
2026-09-20T11:46:39.000Z,X3843070,7822,44.26120,7.69574,31902.4,5.3,15.6,105.9,-45.5,0.8,-1.0,RS41-SG,403.701,10.0,-500,9,2.6,,
2026-09-20T11:46:40.000Z,X3843070,7823,44.26117,7.69593,31907.7,5.2,16.2,103.3,-45.4,0.8,-1.0,RS41-SG,403.701,10.0,-500,9,2.6,,
2026-09-20T11:46:41.000Z,X3843070,7824,44.26114,7.69613,31913.2,5.8,16.6,97.5,-45.3,0.8,-1.0,RS41-SG,403.701,11.1,-500,9,2.7,,
2026-09-20T11:46:42.000Z,X3843070,7825,44.26113,7.69634,31919.1,6.1,17.2,90.0,-45.2,0.7,-1.0,RS41-SG,403.701,11.1,-500,9,2.7,,
2026-09-20T11:46:43.000Z,X3843070,7826,44.26114,7.69656,31924.4,4.4,17.8,83.6,-45.0,0.7,-1.0,RS41-SG,403.701,11.4,-500,9,2.7,,
2026-09-20T11:46:44.000Z,X3843070,7827,44.26116,7.69678,31928.5,3.9,17.8,79.1,-44.9,0.7,-1.0,RS41-SG,403.701,11.4,-500,9,2.6,,
2026-09-20T11:46:45.000Z,X3843070,7828,44.26119,7.69699,31933.3,5.7,17.2,77.6,-44.8,0.7,-1.0,RS41-SG,403.701,10.7,-500,9,2.6,,
2026-09-20T11:46:46.000Z,X3843070,7829,44.26122,7.69719,31939.4,6.6,15.7,80.8,-44.8,0.7,-1.0,RS41-SG,403.701,9.5,-500,9,2.6,,
2026-09-20T11:46:47.000Z,X3843070,7830,44.26124,7.69738,31945.4,5.3,14.2,86.6,-44.9,0.8,-1.0,RS41-SG,403.701,8.5,-500,9,2.6,,
2026-09-20T11:46:48.000Z,X3843070,7831,44.26124,7.69755,31950.3,4.3,12.8,93.3,-45.0,0.7,-1.0,RS41-SG,403.701,11.3,-500,9,2.7,,
2026-09-20T11:46:49.000Z,X3843070,7832,44.26123,7.69770,31954.3,4.1,11.6,98.7,-45.1,0.8,-1.0,RS41-SG,403.701,11.3,-500,9,2.7,,
2026-09-20T11:46:50.000Z,X3843070,7833,44.26121,7.69783,31958.7,4.8,10.5,101.5,-45.0,0.8,-1.0,RS41-SG,403.701,10.4,-500,9,2.7,,
2026-09-20T11:46:51.000Z,X3843070,7834,44.26119,7.69796,31964.1,6.1,10.0,101.0,-44.9,0.7,-1.0,RS41-SG,403.701,10.4,-500,9,2.6,,
2026-09-20T11:46:52.000Z,X3843070,7835,44.26118,7.69808,31970.0,5.8,9.9,98.3,-44.9,0.8,-1.0,RS41-SG,403.701,10.4,-500,9,2.6,,
2026-09-20T11:46:53.000Z,X3843070,7836,44.26116,7.69821,31975.5,5.1,10.6,96.4,-44.8,0.7,-1.0,RS41-SG,403.701,9.6,-500,9,2.6,,
2026-09-20T11:46:54.000Z,X3843070,7837,44.26115,7.69835,31980.6,5.1,11.8,95.8,-44.8,0.7,-1.0,RS41-SG,403.701,9.9,-500,9,2.7,,
2026-09-20T11:46:55.000Z,X3843070,7838,44.26114,7.69850,31985.9,5.6,13.5,97.2,-44.8,0.7,-1.0,RS41-SG,403.701,9.9,-500,9,2.7,,
2026-09-20T11:46:56.000Z,X3843070,7839,44.26112,7.69868,31991.4,5.4,14.8,99.6,-44.6,0.7,-1.0,RS41-SG,403.701,10.0,-500,9,2.6,,
2026-09-20T11:46:57.000Z,X3843070,7840,44.26110,7.69886,31996.3,4.4,15.5,101.1,-44.5,0.7,-1.0,RS41-SG,403.701,10.2,-500,9,2.6,,
2026-09-20T11:46:58.000Z,X3843070,7841,44.26107,7.69905,32000.8,4.8,15.2,100.6,-44.5,0.7,-1.0,RS41-SG,403.701,10.2,-500,9,2.6,,
2026-09-20T11:46:59.000Z,X3843070,7842,44.26105,7.69923,32005.9,5.5,14.1,96.8,-44.5,0.7,-1.0,RS41-SG,403.701,10.5,-500,9,2.7,,
2026-09-20T11:47:00.000Z,X3843070,7843,44.26104,7.69940,32011.4,5.5,12.6,90.3,-44.3,0.7,-1.0,RS41-SG,403.701,10.5,-500,9,2.7,,
2026-09-20T11:47:01.000Z,X3843070,7844,44.26105,7.69954,32016.7,5.0,11.1,80.7,-44.2,0.7,-1.0,RS41-SG,403.701,11.6,-500,9,2.7,,
2026-09-20T11:47:02.000Z,X3843070,7845,44.26107,7.69967,32021.5,4.8,10.1,70.4,-44.3,0.7,-1.0,RS41-SG,403.701,12.4,-500,9,2.6,,
2026-09-20T11:47:03.000Z,X3843070,7846,44.26111,7.69978,32026.2,4.6,9.0,65.3,-44.2,0.7,-1.0,RS41-SG,403.701,12.4,-500,9,2.6,,
2026-09-20T11:47:04.000Z,X3843070,7847,44.26114,7.69988,32031.1,5.3,8.0,66.7,-44.0,0.7,-1.0,RS41-SG,403.701,11.9,-500,9,2.6,,
2026-09-20T11:47:07.000Z,X3843070,7850,44.26114,7.70018,32049.7,5.4,10.0,108.5,-44.1,0.7,-1.0,RS41-SG,403.701,10.0,-500,9,2.7,,
2026-09-20T11:47:08.000Z,X3843070,7851,44.26111,7.70030,32054.2,3.8,12.3,113.2,-44.0,0.7,-1.0,RS41-SG,403.701,10.8,-500,9,2.7,,
2026-09-20T11:47:09.000Z,X3843070,7852,44.26106,7.70046,32058.2,4.4,14.8,112.4,-43.9,0.7,-1.0,RS41-SG,403.701,11.8,-500,9,2.6,,
2026-09-20T11:47:10.000Z,X3843070,7853,44.26101,7.70064,32063.4,6.1,16.5,107.2,-44.0,0.7,-1.0,RS41-SG,403.701,11.8,-500,9,2.6,,
2026-09-20T11:47:11.000Z,X3843070,7854,44.26098,7.70085,32069.3,5.7,17.1,101.1,-44.1,0.7,-1.0,RS41-SG,403.701,11.7,-500,9,2.6,,
2026-09-20T11:47:12.000Z,X3843070,7855,44.26095,7.70105,32074.4,4.6,16.8,95.4,-44.0,0.7,-1.0,RS41-SG,403.701,12.2,-500,9,2.7,,
2026-09-20T11:47:13.000Z,X3843070,7856,44.26095,7.70126,32079.5,5.4,15.7,90.8,-43.9,0.7,-1.0,RS41-SG,403.701,12.2,-500,9,2.7,,
2026-09-20T11:47:14.000Z,X3843070,7857,44.26095,7.70144,32085.1,6.0,14.0,89.6,-44.1,0.7,-1.0,RS41-SG,403.701,12.1,-500,9,2.6,,
2026-09-20T11:47:15.000Z,X3843070,7858,44.26095,7.70160,32091.4,6.7,11.6,91.1,-44.0,0.7,-1.0,RS41-SG,403.701,11.4,-500,9,2.6,,
2026-09-20T11:47:16.000Z,X3843070,7859,44.26094,7.70173,32097.5,5.7,9.3,95.3,-43.9,0.7,-1.0,RS41-SG,403.701,11.4,-500,8,2.6,,
2026-09-20T11:47:17.000Z,X3843070,7860,44.26093,7.70183,32102.4,4.1,7.4,100.3,-44.0,0.7,-1.0,RS41-SG,403.701,11.3,-500,9,2.7,,
2026-09-20T11:47:18.000Z,X3843070,7861,44.26092,7.70192,32106.4,4.0,6.0,104.7,-43.9,0.7,-1.0,RS41-SG,403.701,11.2,-500,9,2.7,,
2026-09-20T11:47:19.000Z,X3843070,7862,44.26090,7.70198,32111.1,5.4,5.4,107.3,-43.9,0.7,-1.0,RS41-SG,403.701,11.0,-500,9,2.7,,
2026-09-20T11:47:20.000Z,X3843070,7863,44.26089,7.70205,32117.1,6.5,5.6,101.4,-43.9,0.7,-1.0,RS41-SG,403.701,10.9,-500,9,2.6,,
2026-09-20T11:47:21.000Z,X3843070,7864,44.26088,7.70213,32123.2,5.7,6.6,97.2,-44.0,0.7,-1.0,RS41-SG,403.701,10.8,-500,9,2.6,,
2026-09-20T11:47:22.000Z,X3843070,7865,44.26087,7.70222,32128.8,5.5,8.3,98.2,-44.0,0.7,-1.0,RS41-SG,403.701,10.8,-500,9,2.6,,
2026-09-20T11:47:23.000Z,X3843070,7866,44.26086,7.70233,32134.6,6.1,10.5,102.9,-43.9,0.7,-1.0,RS41-SG,403.701,10.6,-500,9,2.7,,
2026-09-20T11:47:24.000Z,X3843070,7867,44.26083,7.70247,32140.7,6.1,12.8,108.4,-43.9,0.7,-1.0,RS41-SG,403.701,11.5,-500,9,2.7,,
2026-09-20T11:47:25.000Z,X3843070,7868,44.26079,7.70263,32146.0,4.7,14.6,111.5,-44.0,0.7,-1.0,RS41-SG,403.701,11.5,-500,9,2.6,,
2026-09-20T11:47:26.000Z,X3843070,7869,44.26074,7.70281,32150.7,4.7,15.7,113.0,-44.0,0.7,-1.0,RS41-SG,403.701,10.4,-500,9,2.6,,
2026-09-20T11:47:27.000Z,X3843070,7870,44.26068,7.70299,32155.9,5.8,15.5,112.0,-43.9,0.7,-1.0,RS41-SG,403.701,11.3,-500,9,2.6,,
2026-09-20T11:47:28.000Z,X3843070,7871,44.26064,7.70316,32162.0,6.6,14.1,107.4,-44.1,0.7,-1.0,RS41-SG,403.701,11.3,-500,9,2.7,,
2026-09-20T11:47:29.000Z,X3843070,7872,44.26061,7.70332,32168.3,6.1,12.3,101.9,-44.1,0.7,-1.0,RS41-SG,403.701,11.0,-500,9,2.7,,
2026-09-20T11:47:30.000Z,X3843070,7873,44.26059,7.70346,32173.8,4.9,10.7,97.8,-44.0,0.7,-1.0,RS41-SG,403.701,10.4,-500,9,2.7,,
2026-09-20T11:47:31.000Z,X3843070,7874,44.26058,7.70358,32178.7,5.0,9.1,95.2,-44.1,0.7,-1.0,RS41-SG,403.701,11.1,-500,9,2.6,,
2026-09-20T11:47:32.000Z,X3843070,7875,44.26057,7.70369,32184.1,6.0,8.1,100.5,-44.2,0.8,-1.0,RS41-SG,403.701,11.1,-500,9,2.6,,
2026-09-20T11:47:33.000Z,X3843070,7876,44.26055,7.70378,32190.4,6.7,7.9,112.5,-44.1,0.7,-1.0,RS41-SG,403.701,10.3,-500,9,2.6,,
2026-09-20T11:47:34.000Z,X3843070,7877,44.26052,7.70388,32196.6,5.5,8.6,120.9,-44.1,0.8,-1.0,RS41-SG,403.701,10.8,-500,9,2.6,,
2026-09-20T11:47:35.000Z,X3843070,7878,44.26047,7.70397,32201.8,4.9,10.0,124.3,-44.2,0.8,-1.0,RS41-SG,403.701,10.8,-500,9,2.7,,
2026-09-20T11:47:36.000Z,X3843070,7879,44.26042,7.70408,32206.6,4.9,11.6,123.5,-44.2,0.7,-1.0,RS41-SG,403.701,10.1,-500,9,2.7,,
2026-09-20T11:47:37.000Z,X3843070,7880,44.26036,7.70421,32212.0,6.0,12.8,119.2,-44.2,0.8,-1.0,RS41-SG,403.701,10.5,-500,9,2.7,,
2026-09-20T11:47:38.000Z,X3843070,7881,44.26031,7.70436,32218.0,6.1,13.6,114.2,-44.3,0.7,-1.0,RS41-SG,403.701,10.5,-500,9,2.6,,
2026-09-20T11:47:39.000Z,X3843070,7882,44.26026,7.70452,32223.7,5.4,13.9,110.2,-44.3,0.7,-1.0,RS41-SG,403.701,10.7,-500,9,2.6,,
2026-09-20T11:47:40.000Z,X3843070,7883,44.26022,7.70468,32229.0,5.3,14.0,109.2,-44.2,0.7,-1.0,RS41-SG,403.701,10.7,-500,9,2.6,,
2026-09-20T11:47:41.000Z,X3843070,7884,44.26018,7.70485,32234.8,6.2,13.8,111.0,-44.2,0.7,-1.0,RS41-SG,403.701,10.8,-500,9,2.7,,
2026-09-20T11:47:43.000Z,X3843070,7886,44.26007,7.70515,32247.6,6.0,12.9,120.1,-44.1,0.7,-1.0,RS41-SG,403.701,8.5,-500,9,2.6,,
2026-09-20T11:47:44.000Z,X3843070,7887,44.26002,7.70528,32253.4,5.5,11.8,123.1,-44.0,0.8,-1.0,RS41-SG,403.701,10.7,-500,9,2.6,,
2026-09-20T11:47:45.000Z,X3843070,7888,44.25996,7.70540,32259.0,5.7,10.1,123.2,-44.1,0.7,-1.0,RS41-SG,403.701,10.7,-500,9,2.6,,
2026-09-20T11:47:46.000Z,X3843070,7889,44.25992,7.70549,32264.7,5.9,8.1,118.1,-44.0,0.7,-1.0,RS41-SG,403.701,10.6,-500,9,2.7,,
2026-09-20T11:47:47.000Z,X3843070,7890,44.25989,7.70558,32270.7,6.0,6.6,108.0,-43.9,0.7,-1.0,RS41-SG,403.701,8.3,-500,9,2.7,,
2026-09-20T11:47:48.000Z,X3843070,7891,44.25988,7.70565,32276.3,5.2,6.1,94.4,-44.1,0.7,-1.0,RS41-SG,403.701,9.7,-500,9,2.7,,
2026-09-20T11:47:49.000Z,X3843070,7892,44.25988,7.70573,32281.3,5.0,6.3,88.1,-44.0,0.7,-1.0,RS41-SG,403.701,9.7,-500,9,2.6,,
2026-09-20T11:47:50.000Z,X3843070,7893,44.25988,7.70581,32286.8,6.1,7.1,94.3,-43.9,0.7,-1.0,RS41-SG,403.701,10.0,-500,9,2.6,,
2026-09-20T11:47:51.000Z,X3843070,7894,44.25987,7.70591,32293.3,7.0,8.6,105.6,-43.9,0.7,-1.0,RS41-SG,403.701,10.3,-500,9,2.6,,
2026-09-20T11:47:52.000Z,X3843070,7895,44.25984,7.70602,32300.0,6.5,10.5,115.9,-44.0,0.7,-1.0,RS41-SG,403.701,10.3,-500,9,2.7,,
2026-09-20T11:47:53.000Z,X3843070,7896,44.25979,7.70614,32305.7,4.9,12.4,122.1,-43.8,0.7,-1.0,RS41-SG,403.701,8.6,-500,9,2.7,,
2026-09-20T11:47:54.000Z,X3843070,7897,44.25972,7.70628,32310.2,4.1,13.9,125.0,-43.7,0.7,-1.0,RS41-SG,403.701,9.4,-500,9,2.6,,
2026-09-20T11:47:55.000Z,X3843070,7898,44.25965,7.70643,32314.8,5.2,14.4,125.0,-43.7,0.7,-1.0,RS41-SG,403.701,9.7,-500,9,2.6,,
2026-09-20T11:47:56.000Z,X3843070,7899,44.25958,7.70657,32320.8,6.8,13.4,122.7,-43.7,0.7,-1.0,RS41-SG,403.701,9.8,-500,9,2.6,,
2026-09-20T11:47:57.000Z,X3843070,7900,44.25952,7.70670,32327.6,7.0,11.5,117.5,-43.7,0.7,-1.0,RS41-SG,403.701,9.8,-500,9,2.7,,
2026-09-20T11:47:58.000Z,X3843070,7901,44.25948,7.70682,32333.9,5.5,9.7,113.0,-43.6,0.7,-1.0,RS41-SG,403.701,9.9,-500,9,2.7,,
2026-09-20T11:47:59.000Z,X3843070,7902,44.25945,7.70692,32339.0,4.8,7.9,108.4,-43.7,0.7,-1.0,RS41-SG,403.701,9.9,-500,9,2.7,,
2026-09-20T11:48:00.000Z,X3843070,7903,44.25943,7.70701,32344.0,5.3,6.4,108.0,-43.6,0.7,-1.0,RS41-SG,403.701,10.1,-500,9,2.6,,
2026-09-20T11:48:01.000Z,X3843070,7904,44.25941,7.70708,32349.6,5.9,5.4,116.4,-43.5,0.7,-1.0,RS41-SG,403.701,10.1,-500,9,2.6,,
2026-09-20T11:48:02.000Z,X3843070,7905,44.25939,7.70713,32355.6,6.1,5.3,131.0,-43.7,0.7,-1.0,RS41-SG,403.701,9.6,-500,9,2.6,,
2026-09-20T11:48:03.000Z,X3843070,7906,44.25935,7.70718,32361.7,6.1,5.9,142.5,-43.6,0.7,-1.0,RS41-SG,403.701,9.2,-500,9,2.7,,
2026-09-20T11:48:04.000Z,X3843070,7907,44.25931,7.70722,32367.6,5.7,6.6,147.5,-43.5,0.7,-1.0,RS41-SG,403.701,9.7,-500,9,2.7,,
2026-09-20T11:48:05.000Z,X3843070,7908,44.25926,7.70727,32373.1,5.2,6.9,144.4,-43.5,0.7,-1.0,RS41-SG,403.701,9.7,-500,9,2.6,,
2026-09-20T11:48:08.000Z,X3843070,7911,44.25913,7.70749,32389.8,5.8,9.0,110.7,-43.4,0.7,-1.0,RS41-SG,403.701,8.2,-500,9,2.7,,
2026-09-20T11:48:09.000Z,X3843070,7912,44.25910,7.70761,32395.6,5.6,10.3,100.2,-43.4,0.7,-1.0,RS41-SG,403.701,9.0,-500,9,2.7,,
2026-09-20T11:48:10.000Z,X3843070,7913,44.25909,7.70774,32400.9,5.2,11.7,94.4,-43.5,0.7,-1.0,RS41-SG,403.701,9.0,-500,9,2.7,,
2026-09-20T11:48:11.000Z,X3843070,7914,44.25908,7.70789,32406.0,5.1,12.5,93.6,-43.4,0.7,-1.0,RS41-SG,403.701,8.6,-500,9,2.6,,
2026-09-20T11:48:12.000Z,X3843070,7915,44.25907,7.70805,32411.5,5.9,12.7,97.3,-43.2,0.7,-1.0,RS41-SG,403.701,8.7,-500,9,2.6,,
2026-09-20T11:48:13.000Z,X3843070,7916,44.25905,7.70820,32417.8,6.7,11.9,105.1,-43.3,0.7,-1.0,RS41-SG,403.701,8.7,-500,9,2.6,,
2026-09-20T11:48:14.000Z,X3843070,7917,44.25902,7.70833,32424.5,6.7,10.7,116.6,-43.3,0.7,-1.0,RS41-SG,403.701,8.1,-500,9,2.7,,
2026-09-20T11:48:15.000Z,X3843070,7918,44.25897,7.70844,32430.8,6.0,9.2,130.5,-43.2,0.7,-1.0,RS41-SG,403.701,7.8,-500,9,2.7,,
2026-09-20T11:48:16.000Z,X3843070,7919,44.25891,7.70850,32436.4,5.2,7.6,146.9,-43.0,0.7,-1.0,RS41-SG,403.701,7.7,-500,9,2.6,,
2026-09-20T11:48:19.000Z,X3843070,7922,44.25879,7.70853,32453.2,6.8,2.4,208.0,-42.8,0.7,-1.0,RS41-SG,403.701,7.0,-500,9,2.7,,
2026-09-20T11:48:24.000Z,X3843070,7927,44.25879,7.70883,32486.1,5.3,13.1,96.3,-42.5,0.6,-1.0,RS41-SG,403.701,8.0,-500,9,2.6,,
2026-09-20T11:48:25.000Z,X3843070,7928,44.25877,7.70900,32490.9,4.1,15.4,102.0,-42.4,0.7,-1.0,RS41-SG,403.701,8.0,-500,9,2.7,,
2026-09-20T11:48:26.000Z,X3843070,7929,44.25873,7.70920,32495.3,4.6,16.2,107.3,-42.6,0.7,-1.0,RS41-SG,403.701,7.6,-500,9,2.7,,
2026-09-20T11:48:27.000Z,X3843070,7930,44.25868,7.70938,32501.0,6.9,15.0,112.1,-42.6,0.7,-1.0,RS41-SG,403.701,8.2,-500,9,2.6,,
2026-09-20T11:48:28.000Z,X3843070,7931,44.25864,7.70953,32508.2,7.7,11.7,115.0,-42.5,0.7,-1.0,RS41-SG,403.701,8.4,-500,9,2.6,,
2026-09-20T11:48:37.000Z,X3843070,7940,44.25848,7.71006,32562.9,4.5,10.8,101.4,-42.5,0.7,-1.0,RS41,403.701,7.1,-500,9,2.7,,
2026-09-20T11:48:38.000Z,X3843070,7941,44.25846,7.71021,32567.7,5.1,12.8,97.1,-42.5,0.7,-1.0,RS41,403.701,7.5,-500,9,2.6,,
2026-09-20T11:48:40.000Z,X3843070,7943,44.25845,7.71054,32580.3,7.1,13.4,87.5,-42.8,0.7,-1.0,RS41,403.701,7.8,-500,9,2.6,,
2026-09-20T11:48:43.000Z,X3843070,7946,44.25847,7.71096,32599.3,6.6,8.6,93.5,-42.8,0.7,-1.0,RS41,403.701,8.0,-500,9,2.7,,
2026-09-20T11:48:44.000Z,X3843070,7947,44.25846,7.71106,32605.9,6.8,7.4,107.8,-42.9,0.7,-1.0,RS41,403.701,8.0,-500,9,2.6,,
2026-09-20T11:48:47.000Z,X3843070,7950,44.25835,7.71127,32624.3,6.3,6.7,136.7,-42.9,0.7,-1.0,RS41,403.701,7.7,-500,9,2.7,,
2026-09-20T11:48:48.000Z,X3843070,7951,44.25831,7.71133,32631.1,7.3,6.0,129.5,-43.1,0.7,-1.0,RS41,403.701,7.9,-500,9,2.7,,
2026-09-20T11:48:49.000Z,X3843070,7952,44.25828,7.71139,32638.4,7.4,5.5,112.3,-43.2,0.7,-1.0,RS41,403.701,7.9,-500,9,2.6,,
2026-09-20T11:48:50.000Z,X3843070,7953,44.25827,7.71146,32645.2,6.1,5.9,94.9,-43.1,0.7,-1.0,RS41,403.701,7.8,-500,9,2.6,,
2026-09-20T11:48:51.000Z,X3843070,7954,44.25827,7.71154,32651.1,6.0,7.3,85.0,-43.1,0.7,-1.0,RS41,403.701,7.5,-500,9,2.6,,
2026-09-20T11:48:52.000Z,X3843070,7955,44.25828,7.71164,32657.3,6.4,9.1,83.5,-43.1,0.7,-1.0,RS41,403.701,8.5,-500,9,2.7,,
2026-09-20T11:48:53.000Z,X3843070,7956,44.25829,7.71176,32664.0,6.9,10.9,87.3,-43.1,0.7,-1.0,RS41,403.701,8.6,-500,9,2.7,,
2026-09-20T11:48:57.000Z,X3843070,7960,44.25825,7.71236,32689.7,7.3,10.4,97.1,-43.3,0.7,-1.0,RS41,403.701,7.8,-500,9,2.6,,
2026-09-20T11:48:58.000Z,X3843070,7961,44.25825,7.71247,32697.2,7.6,8.2,95.1,-43.3,0.7,-1.0,RS41,403.701,8.4,-500,9,2.7,,
2026-09-20T11:48:59.000Z,X3843070,7962,44.25824,7.71256,32704.0,6.2,6.3,91.5,-43.5,0.7,-1.0,RS41,403.701,8.4,-500,9,2.7,,
2026-09-20T11:49:00.000Z,X3843070,7963,44.25824,7.71263,32709.6,5.1,4.7,88.9,-43.6,0.8,-1.0,RS41,403.701,8.1,-500,9,2.6,,
2026-09-20T11:49:01.000Z,X3843070,7964,44.25824,7.71268,32714.9,5.5,3.7,91.6,-43.5,0.7,-1.0,RS41,403.701,8.6,-500,9,2.6,,
2026-09-20T11:49:02.000Z,X3843070,7965,44.25824,7.71273,32721.1,6.8,3.8,102.3,-43.4,0.7,-1.0,RS41,403.701,8.6,-500,9,2.6,,
2026-09-20T11:49:03.000Z,X3843070,7966,44.25823,7.71278,32728.2,7.5,4.9,110.9,-43.4,0.7,-1.0,RS41,403.701,8.9,-500,9,2.7,,
2026-09-20T11:49:04.000Z,X3843070,7967,44.25821,7.71285,32735.1,6.4,6.1,111.7,-43.5,0.8,-1.0,RS41,403.701,9.2,-500,9,2.7,,
2026-09-20T11:49:07.000Z,X3843070,7970,44.25817,7.71315,32754.8,7.2,10.1,84.9,-43.5,0.7,-1.0,RS41,403.701,8.5,-500,9,2.6,,
2026-09-20T11:49:08.000Z,X3843070,7971,44.25819,7.71328,32761.6,6.5,11.0,75.9,-43.3,0.7,-1.0,RS41,403.701,9.8,-500,9,2.6,,
2026-09-20T11:49:09.000Z,X3843070,7972,44.25822,7.71341,32767.6,5.4,11.4,70.6,-43.3,0.7,-1.0,RS41,403.701,9.8,-500,9,2.7,,
2026-09-20T11:49:10.000Z,X3843070,7973,44.25825,7.71354,32773.3,6.0,11.4,69.3,-43.5,0.7,-1.0,RS41,403.701,9.4,-500,9,2.7,,
2026-09-20T11:49:11.000Z,X3843070,7974,44.25829,7.71367,32779.7,6.8,10.8,73.0,-43.4,0.7,-1.0,RS41,403.701,9.6,-500,9,2.6,,
2026-09-20T11:49:12.000Z,X3843070,7975,44.25831,7.71380,32786.5,7.0,9.8,80.8,-43.2,0.7,-1.0,RS41,403.701,9.6,-500,9,2.6,,
2026-09-20T11:49:13.000Z,X3843070,7976,44.25831,7.71391,32793.2,6.2,8.9,89.4,-43.1,0.7,-1.0,RS41,403.701,9.4,-500,9,2.6,,
2026-09-20T11:49:14.000Z,X3843070,7977,44.25831,7.71402,32799.0,5.3,7.9,96.0,-43.1,0.7,-1.0,RS41,403.701,9.4,-500,9,2.7,,
2026-09-20T11:49:15.000Z,X3843070,7978,44.25830,7.71411,32804.6,5.9,6.8,98.3,-43.3,0.7,-1.0,RS41,403.701,9.0,-500,9,2.7,,
2026-09-20T11:49:16.000Z,X3843070,7979,44.25830,7.71418,32810.9,6.9,5.4,91.1,-43.3,0.7,-1.0,RS41,403.701,8.8,-500,9,2.7,,
2026-09-20T11:49:17.000Z,X3843070,7980,44.25831,7.71424,32818.0,7.5,4.8,71.5,-43.2,0.7,-1.0,RS41,403.701,7.9,-500,9,2.6,,
2026-09-20T11:49:18.000Z,X3843070,7981,44.25833,7.71430,32824.8,6.1,5.3,52.1,-43.2,0.7,-1.0,RS41,403.701,7.8,-500,9,2.6,,
2026-09-20T11:49:19.000Z,X3843070,7982,44.25836,7.71435,32830.6,5.3,6.2,44.0,-43.1,0.7,-1.0,RS41,403.701,7.5,-500,9,2.6,,
2026-09-20T11:49:20.000Z,X3843070,7983,44.25840,7.71441,32836.0,5.6,7.0,43.4,-43.3,0.7,-1.0,RS41,403.701,7.6,-500,9,2.7,,
2026-09-20T11:49:21.000Z,X3843070,7984,44.25845,7.71447,32842.1,6.6,7.4,50.7,-43.2,0.7,-1.0,RS41,403.701,8.1,-500,9,2.7,,
2026-09-20T11:49:22.000Z,X3843070,7985,44.25849,7.71455,32849.1,7.4,7.6,61.2,-43.0,0.7,-1.0,RS41,403.701,8.7,-500,9,2.6,,
2026-09-20T11:49:23.000Z,X3843070,7986,44.25851,7.71464,32855.9,6.3,7.9,71.1,-42.9,0.7,-1.0,RS41,403.701,9.5,-500,9,2.6,,
2026-09-20T11:49:24.000Z,X3843070,7987,44.25853,7.71473,32861.8,5.4,8.0,77.9,-42.8,0.7,-1.0,RS41,403.701,9.5,-500,9,2.6,,
2026-09-20T11:49:25.000Z,X3843070,7988,44.25855,7.71483,32867.4,5.7,8.3,80.3,-42.9,0.7,-1.0,RS41,403.701,8.5,-500,9,2.7,,
2026-09-20T11:49:26.000Z,X3843070,7989,44.25856,7.71494,32873.6,6.7,8.3,76.6,-42.9,0.7,-1.0,RS41,403.701,8.5,-500,9,2.7,,
2026-09-20T11:49:29.000Z,X3843070,7992,44.25865,7.71522,32893.8,5.8,8.1,58.1,-42.6,0.7,-1.0,RS41,403.701,8.6,-500,9,2.6,,
2026-09-20T11:49:30.000Z,X3843070,7993,44.25869,7.71530,32899.8,6.0,7.5,58.3,-42.7,0.7,-1.0,RS41,403.701,8.9,-500,9,2.6,,
2026-09-20T11:49:31.000Z,X3843070,7994,44.25872,7.71538,32906.1,6.6,6.3,64.3,-42.8,0.7,-1.0,RS41,403.701,8.9,-500,9,2.7,,
2026-09-20T11:49:32.000Z,X3843070,7995,44.25873,7.71545,32912.7,6.9,5.3,80.6,-42.7,0.7,-1.0,RS41,403.701,8.9,-500,9,2.7,,
2026-09-20T11:49:33.000Z,X3843070,7996,44.25873,7.71551,32919.3,6.2,5.2,98.9,-42.7,0.7,-1.0,RS41,403.701,8.8,-500,9,2.6,,
2026-09-20T11:49:34.000Z,X3843070,7997,44.25872,7.71558,32925.0,5.4,5.6,109.0,-42.6,0.7,-1.0,RS41,403.701,9.0,-500,9,2.6,,
2026-09-20T11:49:35.000Z,X3843070,7998,44.25870,7.71565,32930.8,6.2,6.6,107.9,-42.7,0.7,-1.0,RS41,403.701,9.0,-500,9,2.6,,
2026-09-20T11:49:36.000Z,X3843070,7999,44.25869,7.71573,32937.3,6.8,7.6,96.2,-42.8,0.7,-1.0,RS41,403.701,9.0,-500,9,2.7,,
2026-09-20T11:49:39.000Z,X3843070,8002,44.25874,7.71610,32956.3,5.2,12.4,70.2,-42.7,0.7,-1.0,RS41,403.701,8.2,-500,9,2.6,,
2026-09-20T11:49:40.000Z,X3843070,8003,44.25878,7.71625,32961.8,5.7,13.2,69.7,-42.7,0.7,-1.0,RS41,403.701,8.9,-500,9,2.6,,
2026-09-20T11:49:41.000Z,X3843070,8004,44.25882,7.71640,32967.8,6.6,13.4,72.7,-42.8,0.7,-1.0,RS41,403.701,8.9,-500,9,2.6,,
2026-09-20T11:49:42.000Z,X3843070,8005,44.25885,7.71656,32975.0,7.6,12.6,78.8,-42.9,0.7,-1.0,RS41,403.701,9.0,-500,9,2.7,,
2026-09-20T11:49:43.000Z,X3843070,8006,44.25886,7.71671,32982.3,7.0,11.4,86.5,-42.7,0.7,-1.0,RS41,403.701,9.0,-500,9,2.7,,
2026-09-20T11:49:44.000Z,X3843070,8007,44.25886,7.71684,32988.3,5.1,10.2,93.1,-42.6,0.7,-1.0,RS41,403.701,9.5,-500,9,2.6,,
2026-09-20T11:49:45.000Z,X3843070,8008,44.25885,7.71696,32993.3,5.0,8.6,99.9,-42.5,0.7,-1.0,RS41,403.701,9.5,-500,9,2.6,,
2026-09-20T11:49:46.000Z,X3843070,8009,44.25884,7.71705,32998.9,6.1,7.1,101.3,-42.6,0.7,-1.0,RS41,403.701,8.3,-500,9,2.7,,
2026-09-20T11:49:47.000Z,X3843070,8010,44.25883,7.71713,33005.3,7.1,6.1,94.1,-42.7,0.7,-1.0,RS41,403.701,9.4,-500,9,2.7,,
2026-09-20T11:49:48.000Z,X3843070,8011,44.25883,7.71721,33011.9,6.3,6.1,83.2,-42.6,0.7,-1.0,RS41,403.701,9.4,-500,9,2.6,,
2026-09-20T11:49:49.000Z,X3843070,8012,44.25884,7.71729,33018.0,6.0,6.7,76.3,-42.5,0.7,-1.0,RS41,403.701,8.3,-500,9,2.6,,
2026-09-20T11:49:50.000Z,X3843070,8013,44.25886,7.71738,33024.3,6.7,7.6,77.6,-42.5,0.7,-1.0,RS41,403.701,8.3,-500,9,2.6,,
2026-09-20T11:49:51.000Z,X3843070,8014,44.25887,7.71748,33031.3,7.3,8.8,83.5,-42.4,0.7,-1.0,RS41,403.701,8.3,-500,9,2.7,,
2026-09-20T11:49:52.000Z,X3843070,8015,44.25887,7.71760,33038.3,6.7,10.3,90.7,-42.6,0.7,-1.0,RS41,403.701,8.5,-500,9,2.7,,
2026-09-20T11:49:53.000Z,X3843070,8016,44.25887,7.71773,33044.4,5.4,11.7,95.4,-42.6,0.7,-1.0,RS41,403.701,8.5,-500,9,2.7,,
2026-09-20T11:49:54.000Z,X3843070,8017,44.25886,7.71789,33049.5,5.2,13.2,96.6,-42.6,0.7,-1.0,RS41,403.701,8.7,-500,9,2.6,,
2026-09-20T11:49:55.000Z,X3843070,8018,44.25884,7.71806,33055.2,6.1,14.1,94.9,-42.5,0.7,-1.0,RS41,403.701,8.7,-500,9,2.6,,
2026-09-20T11:49:56.000Z,X3843070,8019,44.25884,7.71823,33061.7,6.9,14.4,90.7,-42.4,0.7,-1.0,RS41,403.701,8.5,-500,9,2.6,,
2026-09-20T11:49:57.000Z,X3843070,8020,44.25884,7.71841,33068.3,6.4,13.9,87.2,-42.6,0.7,-1.0,RS41,403.701,9.7,-500,9,2.7,,
2026-09-20T11:49:58.000Z,X3843070,8021,44.25885,7.71857,33074.8,6.6,12.6,85.3,-42.7,0.7,-1.0,RS41,403.701,9.8,-500,9,2.7,,
2026-09-20T11:49:59.000Z,X3843070,8022,44.25886,7.71872,33081.4,6.6,10.5,85.3,-42.6,0.7,-1.0,RS41,403.701,9.9,-500,9,2.6,,
2026-09-20T11:50:00.000Z,X3843070,8023,44.25886,7.71883,33087.9,6.4,7.9,91.1,-42.5,0.7,-1.0,RS41,403.701,10.1,-500,9,2.6,,
2026-09-20T11:50:01.000Z,X3843070,8024,44.25885,7.71891,33094.0,5.9,5.5,105.4,-42.5,0.7,-1.0,RS41,403.701,10.1,-500,9,2.6,,
2026-09-20T11:50:02.000Z,X3843070,8025,44.25883,7.71897,33099.8,5.7,4.3,130.8,-42.6,0.7,-1.0,RS41,403.701,10.3,-500,9,2.7,,
2026-09-20T11:50:03.000Z,X3843070,8026,44.25880,7.71900,33105.5,5.6,4.3,152.7,-42.7,0.7,-1.0,RS41,403.701,10.3,-500,9,2.7,,
2026-09-20T11:50:04.000Z,X3843070,8027,44.25877,7.71902,33111.1,5.7,4.1,157.3,-42.6,0.7,-1.0,RS41,403.701,9.0,-500,9,2.7,,
2026-09-20T11:50:05.000Z,X3843070,8028,44.25874,7.71905,33116.9,6.1,3.6,141.1,-42.5,0.7,-1.0,RS41,403.701,9.0,-500,9,2.6,,
2026-09-20T11:50:06.000Z,X3843070,8029,44.25872,7.71908,33123.1,6.3,3.9,103.7,-42.3,0.7,-1.0,RS41,403.701,9.3,-500,9,2.6,,
2026-09-20T11:50:07.000Z,X3843070,8030,44.25873,7.71914,33129.4,6.4,6.3,77.9,-42.1,0.7,-1.0,RS41,403.701,9.6,-500,9,2.6,,
2026-09-20T11:50:08.000Z,X3843070,8031,44.25875,7.71924,33135.5,5.7,9.1,67.7,-42.1,0.6,-1.0,RS41,403.701,9.8,-500,9,2.7,,
2026-09-20T11:50:09.000Z,X3843070,8032,44.25878,7.71935,33140.6,4.6,11.2,65.5,-42.1,0.6,-1.0,RS41,403.701,9.8,-500,9,2.7,,
2026-09-20T11:50:10.000Z,X3843070,8033,44.25883,7.71949,33145.6,5.5,12.3,67.6,-41.9,0.6,-1.0,RS41,403.701,10.0,-500,9,2.6,,
2026-09-20T11:50:11.000Z,X3843070,8034,44.25886,7.71963,33151.9,7.1,11.9,74.9,-41.8,0.6,-1.0,RS41,403.701,10.0,-500,9,2.6,,
2026-09-20T11:50:12.000Z,X3843070,8035,44.25888,7.71976,33159.2,7.5,10.3,88.1,-41.7,0.6,-1.0,RS41,403.701,10.1,-500,9,2.6,,
2026-09-20T11:50:13.000Z,X3843070,8036,44.25887,7.71988,33166.2,6.5,8.8,107.1,-41.6,0.6,-1.0,RS41,403.701,10.1,-500,9,2.7,,
2026-09-20T11:50:14.000Z,X3843070,8037,44.25883,7.71997,33172.1,5.2,8.1,127.8,-41.6,0.6,-1.0,RS41,403.701,9.5,-500,9,2.7,,
2026-09-20T11:50:15.000Z,X3843070,8038,44.25878,7.72004,33176.8,4.4,8.1,145.4,-41.4,0.6,-1.0,RS41,403.701,9.0,-500,9,2.7,,
2026-09-20T11:50:16.000Z,X3843070,8039,44.25872,7.72009,33181.4,5.0,7.8,155.8,-41.3,0.6,-1.0,RS41,403.701,10.1,-500,9,2.6,,
2026-09-20T11:50:17.000Z,X3843070,8040,44.25866,7.72012,33187.2,6.4,6.4,157.6,-41.2,0.6,-1.0,RS41,403.701,10.1,-500,9,2.6,,
2026-09-20T11:50:18.000Z,X3843070,8041,44.25862,7.72016,33194.1,7.3,4.5,137.8,-41.1,0.6,-1.0,RS41,403.701,10.3,-500,9,2.6,,
2026-09-20T11:50:19.000Z,X3843070,8042,44.25860,7.72020,33201.3,7.2,4.5,92.2,-41.2,0.6,-1.0,RS41-SG,403.701,10.3,-500,9,2.7,,
2026-09-20T11:50:20.000Z,X3843070,8043,44.25861,7.72027,33207.9,6.1,6.9,69.1,-41.1,0.6,-1.0,RS41-SG,403.701,9.1,-500,9,2.7,,
2026-09-20T11:50:21.000Z,X3843070,8044,44.25864,7.72037,33213.2,4.7,9.7,64.3,-41.1,0.6,-1.0,RS41-SG,403.701,9.8,-500,9,2.6,,
2026-09-20T11:50:22.000Z,X3843070,8045,44.25868,7.72049,33217.7,4.5,12.4,66.7,-41.0,0.6,-1.0,RS41-SG,403.701,9.8,-500,9,2.6,,
2026-09-20T11:50:24.000Z,X3843070,8047,44.25875,7.72083,33228.2,6.2,15.5,84.7,-41.0,0.6,-1.0,RS41-SG,403.701,7.2,-500,9,2.7,,
2026-09-20T11:50:25.000Z,X3843070,8048,44.25875,7.72103,33234.3,6.0,15.9,94.3,-40.9,0.6,-1.0,RS41-SG,403.701,10.7,-500,9,2.6,,
2026-09-20T11:50:26.000Z,X3843070,8049,44.25873,7.72122,33240.0,5.3,15.6,102.9,-40.7,0.6,-1.0,RS41-SG,403.701,10.7,-500,9,2.6,,
2026-09-20T11:50:27.000Z,X3843070,8050,44.25869,7.72140,33245.5,5.8,14.2,109.8,-40.5,0.6,-1.0,RS41-SG,403.701,11.5,-500,9,2.6,,
2026-09-20T11:50:28.000Z,X3843070,8051,44.25865,7.72155,33251.4,6.1,11.7,113.9,-40.3,0.6,-1.0,RS41-SG,403.701,11.8,-500,9,2.7,,
2026-09-20T11:50:29.000Z,X3843070,8052,44.25861,7.72166,33257.6,6.4,8.6,113.6,-40.2,0.6,-1.0,RS41-SG,403.701,11.8,-500,9,2.7,,
2026-09-20T11:50:30.000Z,X3843070,8053,44.25859,7.72175,33263.9,6.1,5.7,101.4,-40.2,0.6,-1.0,RS41-SG,403.701,11.7,-500,9,2.7,,
2026-09-20T11:50:31.000Z,X3843070,8054,44.25859,7.72181,33269.4,4.9,4.7,76.9,-40.2,0.6,-1.0,RS41-SG,403.701,10.8,-500,9,2.6,,
2026-09-20T11:50:32.000Z,X3843070,8055,44.25861,7.72187,33274.1,4.8,5.7,55.7,-40.1,0.6,-1.0,RS41-SG,403.701,9.7,-500,9,2.6,,
2026-09-20T11:50:33.000Z,X3843070,8056,44.25864,7.72194,33279.2,5.6,7.9,54.0,-40.0,0.5,-1.0,RS41-SG,403.701,9.7,-500,9,2.6,,
2026-09-20T11:50:34.000Z,X3843070,8057,44.25869,7.72203,33285.3,6.5,10.3,63.2,-39.8,0.5,-1.0,RS41-SG,403.701,9.9,-500,9,2.7,,
2026-09-20T11:50:35.000Z,X3843070,8058,44.25872,7.72217,33291.9,6.7,12.8,73.9,-39.7,0.5,-1.0,RS41-SG,403.701,9.9,-500,9,2.7,,
2026-09-20T11:50:36.000Z,X3843070,8059,44.25875,7.72234,33297.7,5.0,14.9,81.4,-39.6,0.5,-1.0,RS41-SG,403.701,10.5,-500,9,2.6,,
2026-09-20T11:50:37.000Z,X3843070,8060,44.25876,7.72253,33302.2,4.0,16.7,86.5,-39.6,0.6,-1.0,RS41-SG,403.701,11.4,-500,9,2.6,,
2026-09-20T11:50:38.000Z,X3843070,8061,44.25877,7.72275,33306.4,4.4,17.6,89.4,-39.7,0.5,-1.0,RS41-SG,403.701,11.4,-500,9,2.6,,
2026-09-20T11:50:39.000Z,X3843070,8062,44.25877,7.72296,33311.6,5.9,17.1,90.4,-39.7,0.6,-1.0,RS41-SG,403.701,11.0,-500,9,2.7,,
2026-09-20T11:50:40.000Z,X3843070,8063,44.25877,7.72316,33318.1,7.2,15.3,88.5,-39.5,0.6,-1.0,RS41-SG,403.701,10.8,-500,9,2.7,,
2026-09-20T11:50:41.000Z,X3843070,8064,44.25878,7.72334,33325.1,6.8,13.1,84.7,-39.3,0.5,-1.0,RS41-SG,403.701,11.5,-500,9,2.7,,
2026-09-20T11:50:42.000Z,X3843070,8065,44.25879,7.72349,33331.0,5.0,11.0,80.0,-39.2,0.5,-1.0,RS41-SG,403.701,11.5,-500,9,2.6,,
2026-09-20T11:50:43.000Z,X3843070,8066,44.25881,7.72361,33335.5,4.1,9.2,75.5,-39.2,0.5,-1.0,RS41-SG,403.701,10.8,-500,9,2.6,,
2026-09-20T11:50:44.000Z,X3843070,8067,44.25883,7.72371,33339.8,4.5,7.6,73.8,-39.3,0.6,-1.0,RS41-SG,403.701,10.6,-500,9,2.6,,
2026-09-20T11:50:45.000Z,X3843070,8068,44.25885,7.72380,33344.9,5.8,6.9,78.1,-39.5,0.6,-1.0,RS41-SG,403.701,10.5,-500,9,2.7,,
2026-09-20T11:50:46.000Z,X3843070,8069,44.25885,7.72389,33350.9,6.2,7.2,85.3,-39.5,0.6,-1.0,RS41-SG,403.701,10.4,-500,9,2.7,,
2026-09-20T11:50:47.000Z,X3843070,8070,44.25886,7.72398,33356.6,5.3,8.3,89.1,-39.5,0.6,-1.0,RS41-SG,403.701,10.2,-500,9,2.6,,
2026-09-20T11:50:48.000Z,X3843070,8071,44.25886,7.72410,33362.1,5.5,9.9,86.9,-39.4,0.5,-1.0,RS41-SG,403.701,9.3,-500,9,2.6,,
2026-09-20T11:50:49.000Z,X3843070,8072,44.25887,7.72423,33367.8,5.8,11.5,81.2,-39.3,0.5,-1.0,RS41-SG,403.701,9.3,-500,9,2.7,,
2026-09-20T11:50:50.000Z,X3843070,8073,44.25889,7.72438,33373.7,6.0,12.9,74.7,-39.3,0.5,-1.0,RS41-SG,403.701,11.4,-500,9,2.7,,
2026-09-20T11:50:51.000Z,X3843070,8074,44.25893,7.72453,33379.5,5.7,13.9,68.5,-39.4,0.6,-1.0,RS41-SG,403.701,11.4,-500,9,2.6,,
2026-09-20T11:50:52.000Z,X3843070,8075,44.25898,7.72469,33384.8,4.9,14.2,65.6,-39.6,0.6,-1.0,RS41-SG,403.701,11.3,-500,9,2.6,,
2026-09-20T11:50:53.000Z,X3843070,8076,44.25903,7.72485,33389.9,5.3,13.9,65.3,-39.6,0.6,-1.0,RS41-SG,403.701,11.6,-500,9,2.6,,
2026-09-20T11:50:54.000Z,X3843070,8077,44.25908,7.72501,33395.5,6.0,12.8,68.4,-39.6,0.6,-1.0,RS41-SG,403.701,11.6,-500,9,2.7,,
2026-09-20T11:50:55.000Z,X3843070,8078,44.25911,7.72515,33401.6,6.2,11.1,75.3,-39.7,0.6,-1.0,RS41-SG,403.701,10.2,-500,9,2.7,,
2026-09-20T11:50:57.000Z,X3843070,8080,44.25911,7.72537,33417.8,2.0,8.7,94.6,-39.5,0.6,-1.0,RS41-SG,403.701,11.2,-500,8,2.6,,
2026-09-20T11:50:58.000Z,X3843070,8081,44.25911,7.72548,33415.2,-7.2,8.4,96.5,-39.4,0.6,-1.0,RS41-SG,403.701,11.2,-500,8,2.6,,
2026-09-20T11:50:59.000Z,X3843070,8082,44.25910,7.72558,33402.4,-16.2,8.1,94.3,-39.4,0.5,-1.0,RS41-SG,403.701,10.6,-500,9,2.6,,
2026-09-20T11:51:00.000Z,X3843070,8083,44.25909,7.72568,33382.0,-24.0,8.3,103.9,-39.4,0.6,-1.0,RS41-SG,403.701,10.4,-500,9,2.7,,
2026-09-20T11:51:01.000Z,X3843070,8084,44.25907,7.72578,33354.4,-31.0,8.4,117.5,-39.4,0.6,-1.0,RS41-SG,403.701,10.4,-500,9,2.7,,
2026-09-20T11:51:02.000Z,X3843070,8085,44.25902,7.72587,33319.9,-37.8,9.0,129.6,-39.3,0.6,-1.0,RS41-SG,403.701,10.2,-500,9,2.6,,
2026-09-20T11:51:03.000Z,X3843070,8086,44.25897,7.72596,33278.4,-44.7,9.3,134.2,-39.3,0.5,-1.0,RS41-SG,403.701,10.8,-500,9,2.6,,
2026-09-20T11:51:04.000Z,X3843070,8087,44.25891,7.72604,33230.5,-51.0,9.7,136.8,-39.5,0.6,-1.0,RS41-SG,403.701,11.4,-500,9,2.7,,
2026-09-20T11:51:05.000Z,X3843070,8088,44.25885,7.72612,33176.4,-57.2,9.6,135.9,-39.9,0.6,-1.0,RS41-SG,403.701,11.7,-500,9,2.7,,
2026-09-20T11:51:06.000Z,X3843070,8089,44.25878,7.72621,33116.3,-63.0,9.9,137.9,-40.5,0.6,-1.0,RS41-SG,403.701,11.7,-500,9,2.6,,
2026-09-20T11:51:07.000Z,X3843070,8090,44.25872,7.72629,33050.8,-68.0,9.8,137.2,-41.1,0.6,-1.0,RS41-SG,403.701,11.5,-500,9,2.6,,
2026-09-20T11:51:08.000Z,X3843070,8091,44.25865,7.72641,32996.7,-39.7,14.8,126.0,-41.8,0.7,-1.0,RS41-SG,403.701,11.5,-500,9,2.6,,
2026-09-20T11:51:09.000Z,X3843070,8092,44.25858,7.72655,32956.0,-43.2,13.9,124.0,-42.4,0.8,-1.0,RS41-SG,403.701,10.4,-500,9,2.7,,
2026-09-20T11:51:10.000Z,X3843070,8093,44.25853,7.72670,32919.8,-35.7,12.6,104.0,-42.7,0.7,-1.0,RS41-SG,403.701,10.0,-500,9,2.7,,
2026-09-20T11:51:11.000Z,X3843070,8094,44.25852,7.72685,32891.5,-27.6,11.6,92.2,-43.0,0.8,-1.0,RS41-SG,403.701,10.6,-500,9,2.7,,
2026-09-20T11:51:12.000Z,X3843070,8095,44.25851,7.72700,32868.3,-23.0,13.4,98.4,-43.3,0.8,-1.0,RS41-SG,403.701,10.8,-500,8,2.6,,
2026-09-20T11:51:13.000Z,X3843070,8096,44.25848,7.72717,32847.8,-21.5,14.5,106.9,-43.6,0.8,-1.0,RS41-SG,403.701,10.8,-500,9,2.6,,
2026-09-20T11:51:14.000Z,X3843070,8097,44.25843,7.72735,32827.2,-22.2,15.7,113.0,-43.7,0.8,-1.0,RS41-SG,403.701,10.7,-500,9,2.6,,
2026-09-20T11:51:15.000Z,X3843070,8098,44.25837,7.72754,32805.5,-23.2,18.4,117.0,-43.8,0.8,-1.0,RS41-SG,403.701,11.1,-500,8,2.7,,
2026-09-20T11:51:16.000Z,X3843070,8099,44.25828,7.72775,32782.3,-24.6,19.9,122.6,-44.0,0.8,-1.0,RS41-SG,403.701,11.4,-500,9,2.7,,
2026-09-20T11:51:17.000Z,X3843070,8100,44.25818,7.72796,32758.1,-24.6,21.7,124.3,-44.0,0.8,-1.0,RS41-SG,403.701,11.4,-500,9,2.6,,
2026-09-20T11:51:18.000Z,X3843070,8101,44.25806,7.72819,32733.7,-25.0,22.5,128.1,-44.0,0.8,-1.0,RS41-SG,403.701,11.8,-500,9,2.6,,
2026-09-20T11:51:19.000Z,X3843070,8102,44.25794,7.72841,32709.2,-24.5,23.7,128.4,-44.0,0.8,-1.0,RS41-SG,403.701,11.8,-500,9,2.6,,
2026-09-20T11:51:20.000Z,X3843070,8103,44.25781,7.72864,32685.5,-23.6,23.2,127.7,-43.8,0.8,-1.0,RS41-SG,403.701,11.4,-500,9,2.7,,
2026-09-20T11:51:21.000Z,X3843070,8104,44.25768,7.72886,32662.3,-23.2,22.6,129.1,-43.8,0.8,-1.0,RS41-SG,403.701,11.4,-500,9,2.7,,
2026-09-20T11:51:22.000Z,X3843070,8105,44.25756,7.72909,32639.7,-22.5,22.7,128.1,-43.7,0.8,-1.0,RS41-SG,403.701,11.0,-500,9,2.7,,
2026-09-20T11:51:23.000Z,X3843070,8106,44.25744,7.72931,32617.5,-22.0,22.1,125.3,-43.6,0.7,-1.0,RS41-SG,403.701,12.1,-500,9,2.6,,
2026-09-20T11:51:24.000Z,X3843070,8107,44.25733,7.72954,32595.4,-22.2,21.5,122.3,-43.5,0.7,-1.0,RS41-SG,403.701,12.1,-500,9,2.6,,
2026-09-20T11:51:25.000Z,X3843070,8108,44.25723,7.72976,32573.3,-22.1,20.7,120.8,-43.4,0.7,-1.0,RS41-SG,403.701,11.1,-500,9,2.6,,
2026-09-20T11:51:26.000Z,X3843070,8109,44.25714,7.72998,32551.8,-21.3,20.4,120.0,-43.3,0.7,-1.0,RS41-SG,403.701,11.1,-500,9,2.7,,
2026-09-20T11:51:27.000Z,X3843070,8110,44.25705,7.73020,32530.5,-21.6,20.1,117.1,-43.3,0.7,-1.0,RS41-SG,403.701,11.2,-500,7,2.7,,
2026-09-20T11:51:28.000Z,X3843070,8111,44.25697,7.73043,32508.7,-22.0,20.4,114.7,-43.4,0.7,-1.0,RS41-SG,403.701,11.2,-500,9,2.7,,
2026-09-20T11:51:29.000Z,X3843070,8112,44.25690,7.73067,32486.0,-23.3,20.8,112.6,-43.6,0.7,-1.0,RS41-SG,403.701,10.7,-500,9,2.6,,
2026-09-20T11:51:30.000Z,X3843070,8113,44.25683,7.73091,32463.6,-21.6,21.2,106.5,-43.7,0.7,-1.0,RS41-SG,403.701,10.5,-500,8,2.6,,
2026-09-20T11:51:31.000Z,X3843070,8114,44.25679,7.73117,32442.1,-21.4,20.5,98.0,-43.9,0.7,-1.0,RS41-SG,403.701,10.2,-500,9,2.6,,
2026-09-20T11:51:32.000Z,X3843070,8115,44.25678,7.73142,32420.5,-21.2,19.7,86.5,-44.0,0.7,-1.0,RS41-SG,403.701,11.0,-500,9,2.7,,
2026-09-20T11:51:33.000Z,X3843070,8116,44.25681,7.73166,32398.5,-22.9,18.9,77.2,-44.0,0.8,-1.0,RS41-SG,403.701,11.0,-500,7,2.7,,
2026-09-20T11:51:34.000Z,X3843070,8117,44.25686,7.73188,32374.4,-24.4,18.4,65.3,-44.1,0.7,-1.0,RS41-SG,403.701,11.0,-500,9,2.6,,
2026-09-20T11:51:35.000Z,X3843070,8118,44.25695,7.73208,32349.6,-24.6,18.8,51.5,-44.1,0.7,-1.0,RS41-SG,403.701,11.0,-500,9,2.6,,
2026-09-20T11:51:36.000Z,X3843070,8119,44.25706,7.73225,32324.7,-24.9,18.0,43.8,-44.2,0.7,-1.0,RS41-SG,403.701,11.0,-500,7,2.6,,
2026-09-20T11:51:37.000Z,X3843070,8120,44.25717,7.73238,32299.7,-25.1,15.7,35.7,-44.3,0.7,-1.0,RS41-SG,403.701,11.0,-500,8,2.7,,
2026-09-20T11:51:38.000Z,X3843070,8121,44.25729,7.73249,32274.1,-25.1,15.8,25.2,-44.5,0.8,-1.0,RS41-SG,403.701,11.2,-500,8,2.7,,
2026-09-20T11:51:39.000Z,X3843070,8122,44.25741,7.73255,32250.0,-23.9,11.8,16.4,-44.6,0.7,-1.0,RS41-SG,403.701,11.2,-500,8,2.7,,
2026-09-20T11:51:40.000Z,X3843070,8123,44.25751,7.73258,32225.2,-24.7,10.8,4.4,-44.6,0.7,-1.0,RS41-SG,403.701,10.8,-500,9,2.6,,
2026-09-20T11:51:41.000Z,X3843070,8124,44.25759,7.73258,32200.6,-24.8,7.3,353.8,-44.6,0.7,-1.0,RS41-SG,403.701,10.5,-500,8,2.6,,
2026-09-20T11:51:42.000Z,X3843070,8125,44.25764,7.73256,32176.4,-23.4,5.4,328.8,-44.5,0.7,-1.0,RS41-SG,403.701,9.7,-500,9,2.6,,
2026-09-20T11:51:43.000Z,X3843070,8126,44.25766,7.73252,32151.2,-26.5,3.1,279.8,-44.4,0.7,-1.0,RS41-SG,403.701,10.6,-500,9,2.7,,
2026-09-20T11:51:44.000Z,X3843070,8127,44.25765,7.73249,32125.5,-25.2,3.8,235.8,-44.3,0.7,-1.0,RS41-SG,403.701,10.6,-500,9,2.7,,
2026-09-20T11:51:45.000Z,X3843070,8128,44.25762,7.73244,32100.0,-25.2,6.6,217.0,-44.2,0.7,-1.0,RS41-SG,403.701,10.6,-500,9,2.7,,
2026-09-20T11:51:46.000Z,X3843070,8129,44.25756,7.73241,32074.8,-25.2,8.7,191.6,-44.2,0.7,-1.0,RS41-SG,403.701,10.6,-500,9,2.6,,
2026-09-20T11:51:47.000Z,X3843070,8130,44.25748,7.73240,32050.0,-24.1,9.4,182.2,-44.1,0.7,-1.0,RS41-SG,403.701,10.5,-500,9,2.6,,
2026-09-20T11:51:48.000Z,X3843070,8131,44.25739,7.73240,32026.5,-23.1,12.3,175.9,-44.1,0.7,-1.0,RS41-SG,403.701,9.8,-500,7,2.6,,
2026-09-20T11:51:49.000Z,X3843070,8132,44.25727,7.73244,32003.7,-22.6,15.4,161.4,-44.2,0.7,-1.0,RS41-SG,403.701,10.2,-500,7,2.6,,
2026-09-20T11:51:50.000Z,X3843070,8133,44.25713,7.73253,31981.1,-22.6,17.3,149.8,-44.4,0.7,-1.0,RS41-SG,403.701,10.2,-500,8,2.7,,
2026-09-20T11:51:51.000Z,X3843070,8134,44.25700,7.73265,31958.1,-22.6,18.8,142.6,-44.6,0.7,-1.0,RS41-SG,403.701,9.4,-500,9,2.7,,
2026-09-20T11:51:52.000Z,X3843070,8135,44.25687,7.73282,31936.0,-21.9,22.2,133.6,-44.8,0.7,-1.0,RS41-SG,403.701,9.7,-500,8,2.7,,
2026-09-20T11:51:53.000Z,X3843070,8136,44.25674,7.73304,31912.4,-23.8,24.6,124.2,-44.9,0.7,-1.0,RS41-SG,403.701,10.3,-500,9,2.6,,
2026-09-20T11:51:54.000Z,X3843070,8137,44.25663,7.73332,31887.3,-25.2,27.7,116.0,-45.2,0.8,-1.0,RS41-SG,403.701,10.8,-500,8,2.6,,
2026-09-20T11:51:55.000Z,X3843070,8138,44.25653,7.73365,31862.1,-25.3,29.1,109.8,-45.4,0.8,-1.0,RS41-SG,403.701,10.8,-500,8,2.6,,
2026-09-20T11:51:56.000Z,X3843070,8139,44.25646,7.73400,31837.3,-24.3,30.0,101.4,-45.5,0.8,-1.0,RS41-SG,403.701,10.6,-500,9,2.7,,
2026-09-20T11:51:57.000Z,X3843070,8140,44.25642,7.73436,31812.4,-24.8,29.9,95.2,-45.7,0.8,-1.0,RS41-SG,403.701,11.2,-500,9,2.7,,
2026-09-20T11:51:58.000Z,X3843070,8141,44.25641,7.73474,31787.6,-24.6,30.4,87.2,-45.9,0.8,-1.0,RS41-SG,403.701,11.2,-500,8,2.7,,
2026-09-20T11:51:59.000Z,X3843070,8142,44.25644,7.73511,31763.0,-24.5,30.4,80.6,-46.0,0.8,-1.0,RS41-SG,403.701,10.2,-500,8,2.6,,
2026-09-20T11:52:00.000Z,X3843070,8143,44.25651,7.73547,31739.5,-22.7,29.1,71.3,-45.9,0.8,-1.0,RS41-SG,403.701,10.2,-500,8,2.6,,
2026-09-20T11:52:01.000Z,X3843070,8144,44.25661,7.73579,31716.6,-22.7,26.8,61.7,-45.8,0.8,-1.0,RS41-SG,403.701,10.5,-500,9,2.6,,
2026-09-20T11:52:02.000Z,X3843070,8145,44.25673,7.73605,31693.3,-23.8,24.0,52.7,-45.8,0.8,-1.0,RS41-SG,403.701,11.4,-500,9,2.7,,
2026-09-20T11:52:03.000Z,X3843070,8146,44.25687,7.73627,31669.1,-24.5,22.0,43.6,-45.8,0.8,-1.0,RS41-SG,403.701,11.9,-500,9,2.7,,
2026-09-20T11:52:04.000Z,X3843070,8147,44.25701,7.73643,31645.1,-24.0,19.6,34.6,-46.0,0.8,-1.0,RS41-SG,403.701,11.9,-500,8,2.6,,
2026-09-20T11:52:05.000Z,X3843070,8148,44.25715,7.73655,31621.5,-23.3,16.6,27.2,-46.1,0.8,-1.0,RS41-SG,403.701,11.9,-500,8,2.6,,
2026-09-20T11:52:06.000Z,X3843070,8149,44.25727,7.73662,31599.1,-22.0,13.1,17.5,-46.2,0.8,-1.0,RS41-SG,403.701,10.9,-500,8,2.6,,
2026-09-20T11:52:07.000Z,X3843070,8150,44.25737,7.73665,31577.5,-21.1,9.3,6.7,-46.3,0.8,-1.0,RS41-SG,403.701,10.9,-500,9,2.7,,
2026-09-20T11:52:08.000Z,X3843070,8151,44.25743,7.73665,31556.4,-21.4,5.7,350.2,-46.5,0.8,-1.0,RS41-SG,403.701,10.0,-500,9,2.7,,
2026-09-20T11:52:09.000Z,X3843070,8152,44.25746,7.73663,31535.3,-21.0,2.6,299.1,-46.8,0.9,-1.0,RS41-SG,403.701,9.6,-500,9,2.7,,
2026-09-20T11:52:10.000Z,X3843070,8153,44.25745,7.73660,31514.6,-21.0,4.4,215.5,-47.1,0.9,-1.0,RS41-SG,403.701,9.6,-500,8,2.6,,
2026-09-20T11:52:11.000Z,X3843070,8154,44.25741,7.73657,31492.5,-22.4,7.3,195.1,-47.4,0.9,-1.0,RS41-SG,403.701,9.7,-500,9,2.6,,
2026-09-20T11:52:12.000Z,X3843070,8155,44.25733,7.73655,31469.2,-24.1,10.0,183.0,-47.6,0.9,-1.0,RS41-SG,403.701,9.7,-500,9,2.6,,
2026-09-20T11:52:13.000Z,X3843070,8156,44.25722,7.73657,31446.4,-21.8,15.6,167.5,-47.8,0.9,-1.0,RS41-SG,403.701,8.9,-500,8,2.7,,
2026-09-20T11:52:15.000Z,X3843070,8158,44.25691,7.73676,31400.4,-22.7,22.9,143.8,-48.2,0.9,-1.0,RS41-SG,403.701,6.9,-500,8,2.7,,
2026-09-20T11:52:16.000Z,X3843070,8159,44.25676,7.73696,31376.8,-23.0,26.1,131.6,-48.2,0.9,-1.0,RS41-SG,403.701,9.1,-500,9,2.6,,
2026-09-20T11:52:17.000Z,X3843070,8160,44.25662,7.73723,31352.7,-24.6,27.9,121.6,-48.2,0.9,-1.0,RS41-SG,403.701,9.1,-500,9,2.6,08:29:10,
2026-09-20T11:52:18.000Z,X3843070,8161,44.25650,7.73754,31327.5,-25.4,29.1,113.7,-48.2,0.9,-1.0,RS41-SG,403.701,9.7,-500,8,2.6,08:29:10,
2026-09-20T11:52:19.000Z,X3843070,8162,44.25642,7.73789,31302.6,-23.7,30.1,103.3,-48.3,0.9,-1.0,RS41-SG,403.701,10.1,-500,9,2.7,08:29:10,
2026-09-20T11:52:20.000Z,X3843070,8163,44.25637,7.73825,31277.5,-25.0,29.6,95.9,-48.4,0.9,-1.0,RS41-SG,403.701,10.7,-500,9,2.7,08:29:10,
2026-09-20T11:52:21.000Z,X3843070,8164,44.25636,7.73861,31252.2,-24.8,28.6,89.2,-48.4,0.9,-1.0,RS41-SG,403.701,10.7,-500,7,2.6,08:29:10,
2026-09-20T11:52:22.000Z,X3843070,8165,44.25639,7.73895,31227.9,-23.0,27.3,78.9,-48.4,0.9,-1.0,RS41-SG,403.701,10.5,-500,9,2.6,08:29:10,
2026-09-20T11:52:23.000Z,X3843070,8166,44.25646,7.73927,31204.3,-23.5,26.0,70.2,-48.4,0.9,-1.0,RS41-SG,403.701,10.5,-500,9,2.6,08:29:10,
2026-09-20T11:52:24.000Z,X3843070,8167,44.25655,7.73955,31181.3,-23.0,23.9,60.6,-48.4,0.9,-1.0,RS41-SG,403.701,10.4,-500,9,2.7,08:29:10,
2026-09-20T11:52:25.000Z,X3843070,8168,44.25667,7.73979,31158.3,-23.3,22.6,51.4,-48.3,0.9,-1.0,RS41-SG,403.701,10.1,-500,9,2.7,08:29:10,
2026-09-20T11:52:26.000Z,X3843070,8169,44.25681,7.73997,31135.3,-21.4,20.1,32.7,-48.3,0.9,-1.0,RS41-SG,403.701,9.9,-500,9,2.7,08:29:10,
2026-09-20T11:52:27.000Z,X3843070,8170,44.25696,7.74008,31113.4,-22.4,16.0,19.1,-48.1,0.9,-1.0,RS41-SG,403.701,9.9,-500,9,2.6,08:29:10,
2026-09-20T11:52:28.000Z,X3843070,8171,44.25709,7.74011,31091.2,-22.6,13.5,359.5,-48.1,0.9,-1.0,RS41-SG,403.701,10.0,-500,9,2.6,08:29:10,
2026-09-20T11:52:29.000Z,X3843070,8172,44.25721,7.74009,31066.7,-26.7,13.3,345.1,-48.0,0.9,-1.0,RS41-SG,403.701,10.0,-500,9,2.6,08:29:10,
2026-09-20T11:52:31.000Z,X3843070,8174,44.25736,7.73994,31016.9,-22.9,9.1,286.6,-47.9,0.9,-1.0,RS41-SG,403.701,8.7,-500,9,2.7,08:29:10,
2026-09-20T11:52:39.000Z,X3843070,8182,44.25664,7.74042,30836.7,-23.0,26.4,106.1,-48.4,0.9,-1.0,RS41-SG,403.701,7.8,-500,9,2.6,08:29:10,
2026-09-20T11:52:40.000Z,X3843070,8183,44.25660,7.74074,30812.5,-24.5,27.5,97.1,-48.4,0.8,-1.0,RS41-SG,403.701,9.0,-500,9,2.6,08:29:10,
2026-09-20T11:52:41.000Z,X3843070,8184,44.25659,7.74108,30788.1,-24.9,28.0,86.6,-48.4,0.8,-1.0,RS41-SG,403.701,9.0,-500,9,2.7,08:29:10,
2026-09-20T11:52:42.000Z,X3843070,8185,44.25663,7.74142,30763.6,-23.7,27.8,76.3,-48.5,0.9,-1.0,RS41-SG,403.701,9.4,-500,9,2.7,08:29:10,
2026-09-20T11:52:43.000Z,X3843070,8186,44.25672,7.74174,30740.6,-22.4,27.0,62.2,-48.5,0.9,-1.0,RS41-SG,403.701,9.4,-500,9,2.7,08:29:10,
2026-09-20T11:52:44.000Z,X3843070,8187,44.25685,7.74200,30719.3,-21.6,24.4,49.2,-48.7,0.9,-1.0,RS41-SG,403.701,9.3,-500,9,2.6,08:29:10,
2026-09-20T11:52:45.000Z,X3843070,8188,44.25700,7.74220,30698.3,-21.8,22.1,36.4,-48.9,0.9,-1.0,RS41-SG,403.701,9.0,-500,9,2.6,08:29:10,
2026-09-20T11:52:46.000Z,X3843070,8189,44.25716,7.74233,30676.8,-21.7,18.5,21.2,-49.0,0.9,-1.0,RS41-SG,403.701,8.2,-500,9,2.6,08:29:10,
2026-09-20T11:52:47.000Z,X3843070,8190,44.25730,7.74238,30655.3,-23.0,14.8,5.8,-48.9,0.9,-1.0,RS41-SG,403.701,8.5,-500,9,2.7,08:29:10,
2026-09-20T11:52:48.000Z,X3843070,8191,44.25741,7.74237,30633.3,-23.0,10.7,341.5,-48.8,0.9,-1.0,RS41-SG,403.701,8.5,-500,9,2.7,08:29:10,
2026-09-20T11:52:49.000Z,X3843070,8192,44.25748,7.74230,30611.3,-23.0,7.3,301.9,-48.9,0.9,-1.0,RS41-SG,403.701,8.2,-500,8,2.7,08:29:10,
2026-09-20T11:52:57.000Z,X3843070,8200,44.25670,7.74289,30428.9,-22.6,29.8,113.9,-50.2,1.0,-1.0,RS41-SG,403.701,6.4,-500,9,2.6,08:29:10,
2026-09-20T11:52:59.000Z,X3843070,8202,44.25658,7.74365,30384.2,-22.5,32.7,92.5,-50.7,1.0,-1.0,RS41-SG,403.701,8.1,-500,8,2.7,08:29:10,
2026-09-20T11:53:00.000Z,X3843070,8203,44.25660,7.74405,30362.3,-22.2,32.1,80.7,-50.7,1.0,-1.0,RS41-SG,403.701,9.0,-500,9,2.7,08:29:10,
2026-09-20T11:53:01.000Z,X3843070,8204,44.25668,7.74442,30340.5,-22.1,29.7,68.4,-50.7,1.0,-1.0,RS41-SG,403.701,9.0,-500,9,2.6,08:29:10,
2026-09-20T11:53:02.000Z,X3843070,8205,44.25680,7.74472,30319.7,-21.1,27.0,50.4,-50.6,1.0,-1.0,RS41-SG,403.701,8.3,-500,8,2.6,08:29:10,
2026-09-20T11:53:03.000Z,X3843070,8206,44.25697,7.74494,30298.3,-22.4,24.2,36.7,-50.5,1.0,-1.0,RS41-SG,403.701,8.3,-500,8,2.6,08:29:10,
2026-09-20T11:53:20.000Z,X3843070,8223,44.25714,7.74612,29924.9,-21.2,19.7,15.8,-50.6,1.0,-1.0,RS41-SG,403.701,7.3,-500,9,2.6,08:29:10,
2026-09-20T11:53:21.000Z,X3843070,8224,44.25730,7.74616,29904.4,-21.3,18.5,0.5,-50.8,1.0,-1.0,RS41-SG,403.701,7.8,-500,9,2.7,08:29:10,
2026-09-20T11:53:22.000Z,X3843070,8225,44.25746,7.74613,29883.8,-21.8,16.8,347.6,-50.9,1.0,-1.0,RS41-SG,403.701,7.8,-500,8,2.7,08:29:10,
2026-09-20T11:53:33.000Z,X3843070,8236,44.25693,7.74658,29658.4,-22.4,26.4,83.1,-51.3,1.0,-1.0,RS41-SG,403.701,8.6,-500,9,2.7,08:29:10,
2026-09-20T11:53:34.000Z,X3843070,8237,44.25699,7.74689,29637.1,-21.9,25.4,66.5,-51.3,1.0,-1.0,RS41-SG,403.701,8.6,-500,9,2.7,08:29:10,
2026-09-20T11:53:35.000Z,X3843070,8238,44.25711,7.74714,29615.1,-22.8,24.3,46.7,-51.2,1.0,-1.0,RS41-SG,403.701,8.6,-500,9,2.6,08:29:10,
2026-09-20T11:53:36.000Z,X3843070,8239,44.25728,7.74732,29593.8,-21.3,24.2,28.5,-51.2,0.9,-1.0,RS41-SG,403.701,8.6,-500,8,2.6,08:29:10,
2026-09-20T11:53:51.000Z,X3843070,8254,44.25708,7.74748,29278.3,-21.3,22.1,84.6,-50.3,0.9,-1.0,RS41-SG,403.701,7.5,-500,9,2.7,08:29:10,
2026-09-20T11:53:53.000Z,X3843070,8256,44.25722,7.74796,29236.4,-22.1,19.8,51.6,-50.5,0.9,-1.0,RS41-SG,403.701,7.7,-500,9,2.6,08:29:10,
2026-09-20T11:53:54.000Z,X3843070,8257,44.25734,7.74812,29215.8,-22.0,18.9,35.9,-50.5,0.9,-1.0,RS41-SG,403.701,7.7,-500,8,2.6,08:29:10,
2026-09-20T11:53:55.000Z,X3843070,8258,44.25748,7.74823,29195.2,-21.1,16.8,20.3,-50.5,0.9,-1.0,RS41-SG,403.701,7.5,-500,9,2.7,08:29:10,
2026-09-20T11:54:24.000Z,X3843070,8287,44.25738,7.74968,28632.8,-20.7,24.6,98.0,-51.6,0.9,-1.0,RS41-SG,403.701,8.4,-500,8,2.6,08:29:10,
2026-09-20T11:54:25.000Z,X3843070,8288,44.25738,7.74998,28612.9,-20.5,24.2,82.2,-51.5,0.9,-1.0,RS41-SG,403.701,9.1,-500,9,2.7,08:29:10,
2026-09-20T11:54:28.000Z,X3843070,8291,44.25771,7.75065,28557.0,-18.7,21.1,28.9,-51.3,0.9,-1.0,RS41-SG,403.701,7.9,-500,9,2.6,08:29:10,
2026-09-20T11:54:41.000Z,X3843070,8304,44.25741,7.75037,28311.2,-19.0,19.6,91.5,-51.1,0.9,-1.0,RS41-SG,403.701,8.6,-500,8,2.6,08:29:10,
2026-09-20T11:54:42.000Z,X3843070,8305,44.25744,7.75060,28291.8,-20.2,18.5,68.7,-51.3,0.9,-1.0,RS41-SG,403.701,8.6,-500,9,2.7,08:29:10,
2026-09-20T11:54:48.000Z,X3843070,8311,44.25821,7.75052,28181.1,-19.5,19.4,291.4,-51.6,1.0,-1.0,RS41-SG,403.701,7.4,-500,8,2.6,08:29:10,
2026-09-20T11:54:49.000Z,X3843070,8312,44.25824,7.75027,28163.1,-18.8,21.0,270.3,-51.7,1.0,-1.0,RS41-SG,403.701,7.4,-500,8,2.6,08:29:10,
2026-09-20T11:54:58.000Z,X3843070,8321,44.25720,7.75012,27995.3,-18.8,15.9,83.0,-51.8,1.0,-1.0,RS41-SG,403.701,7.2,-500,9,2.7,08:29:10,
2026-09-20T11:54:59.000Z,X3843070,8322,44.25725,7.75031,27976.6,-19.3,16.4,57.0,-51.7,0.9,-1.0,RS41-SG,403.701,7.8,-500,9,2.6,08:29:10,
2026-09-20T11:55:00.000Z,X3843070,8323,44.25735,7.75045,27958.6,-18.5,16.0,33.7,-51.6,0.9,-1.0,RS41-SG,403.701,8.6,-500,9,2.6,08:29:10,
2026-09-20T11:55:01.000Z,X3843070,8324,44.25747,7.75052,27941.1,-18.3,15.2,8.8,-51.4,0.9,-1.0,RS41-SG,403.701,8.6,-500,9,2.7,08:29:10,
2026-09-20T11:55:02.000Z,X3843070,8325,44.25761,7.75051,27922.6,-19.4,16.4,346.8,-51.3,0.9,-1.0,RS41-SG,403.701,8.4,-500,9,2.7,08:29:10,
2026-09-20T11:55:03.000Z,X3843070,8326,44.25774,7.75042,27904.1,-19.1,16.8,324.1,-51.1,0.9,-1.0,RS41-SG,403.701,7.9,-500,7,2.6,08:29:10,
2026-09-20T11:55:15.000Z,X3843070,8338,44.25692,7.75066,27693.7,-18.8,20.5,65.7,-51.4,0.9,-1.0,RS41-SG,403.701,7.6,-500,9,2.6,08:29:10,
2026-09-20T11:55:16.000Z,X3843070,8339,44.25702,7.75086,27675.5,-18.6,19.3,44.7,-51.4,1.0,-1.0,RS41-SG,403.701,7.9,-500,8,2.6,08:29:10,
2026-09-20T11:55:46.000Z,X3843070,8369,44.25707,7.75248,27163.3,-16.3,22.7,72.2,-52.9,1.1,-1.0,RS41-SG,403.701,7.1,-500,9,2.6,08:29:10,
2026-09-20T11:55:47.000Z,X3843070,8370,44.25716,7.75273,27147.5,-16.4,23.2,53.2,-52.9,1.0,-1.0,RS41-SG,403.701,7.5,-500,9,2.6,08:29:10,
2026-09-20T11:55:48.000Z,X3843070,8371,44.25731,7.75293,27131.1,-17.0,23.1,34.7,-52.9,1.0,-1.0,RS41-SG,403.701,7.9,-500,9,2.6,08:29:10,
2026-09-20T11:55:49.000Z,X3843070,8372,44.25749,7.75305,27114.7,-16.8,22.7,15.8,-52.9,1.0,-1.0,RS41-SG,403.701,8.1,-500,9,2.7,08:29:10,
2026-09-20T11:55:51.000Z,X3843070,8374,44.25787,7.75303,27080.9,-18.0,20.3,338.7,-53.0,1.1,-1.0,RS41-SG,403.701,8.3,-500,9,2.6,08:29:10,
2026-09-20T11:56:00.000Z,X3843070,8383,44.25761,7.75260,26935.3,-16.5,18.3,107.4,-52.8,1.0,-1.0,RS41-SG,403.701,7.2,-500,9,2.7,08:29:10,
2026-09-20T11:56:03.000Z,X3843070,8386,44.25773,7.75331,26888.0,-15.9,22.3,49.3,-52.6,1.0,-1.0,RS41-SG,403.701,7.9,-500,9,2.6,08:29:10,
2026-09-20T11:56:04.000Z,X3843070,8387,44.25789,7.75349,26872.6,-15.5,23.0,31.0,-52.5,1.0,-1.0,RS41-SG,403.701,8.2,-500,9,2.7,08:29:10,
2026-09-20T11:56:06.000Z,X3843070,8389,44.25828,7.75362,26841.4,-16.2,22.5,356.9,-52.4,1.0,-1.0,RS41-SG,403.701,8.3,-500,9,2.6,08:29:10,
2026-09-20T11:56:07.000Z,X3843070,8390,44.25847,7.75357,26825.4,-16.4,21.3,339.3,-52.3,1.0,-1.0,RS41-SG,403.701,8.3,-500,9,2.6,08:29:10,
2026-09-20T11:56:08.000Z,X3843070,8391,44.25863,7.75344,26809.2,-16.6,19.5,321.5,-52.4,1.0,-1.0,RS41-SG,403.701,8.2,-500,9,2.6,08:29:10,
2026-09-20T11:56:09.000Z,X3843070,8392,44.25873,7.75327,26793.2,-16.2,17.3,301.0,-52.3,1.0,-1.0,RS41-SG,403.701,7.8,-500,9,2.7,08:29:10,
2026-09-20T11:56:15.000Z,X3843070,8398,44.25839,7.75291,26700.4,-16.2,16.6,127.5,-52.1,1.0,-1.0,RS41-SG,403.701,7.7,-500,9,2.7,08:29:10,
2026-09-20T11:56:17.000Z,X3843070,8400,44.25830,7.75336,26668.5,-16.4,21.2,88.3,-52.2,1.0,-1.0,RS41-SG,403.701,9.5,-500,9,2.6,08:29:10,
2026-09-20T11:56:18.000Z,X3843070,8401,44.25833,7.75362,26652.4,-16.1,22.3,69.3,-52.1,0.9,-1.0,RS41-SG,403.701,9.5,-500,9,2.6,08:29:10,
2026-09-20T11:56:19.000Z,X3843070,8402,44.25843,7.75386,26636.5,-16.2,22.8,52.7,-52.1,0.9,-1.0,RS41-SG,403.701,8.9,-500,9,2.6,08:29:10,
2026-09-20T11:56:20.000Z,X3843070,8403,44.25858,7.75406,26620.7,-16.1,22.7,35.0,-52.1,0.9,-1.0,RS41-SG,403.701,9.0,-500,9,2.7,08:29:10,
2026-09-20T11:56:21.000Z,X3843070,8404,44.25875,7.75418,26605.1,-15.6,22.0,15.9,-52.0,0.9,-1.0,RS41-SG,403.701,9.0,-500,9,2.7,08:29:10,
2026-09-20T11:56:22.000Z,X3843070,8405,44.25894,7.75421,26589.6,-15.8,21.3,356.9,-52.0,1.0,-1.0,RS41-SG,403.701,7.8,-500,9,2.7,08:29:10,
2026-09-20T11:56:23.000Z,X3843070,8406,44.25912,7.75415,26574.2,-15.6,20.1,336.3,-51.8,1.0,-1.0,RS41-SG,403.701,9.3,-500,9,2.6,08:29:10,
2026-09-20T11:56:24.000Z,X3843070,8407,44.25926,7.75401,26558.7,-15.9,19.0,315.2,-51.8,0.9,-1.0,RS41-SG,403.701,9.3,-500,9,2.6,08:29:10,
2026-09-20T11:56:25.000Z,X3843070,8408,44.25936,7.75383,26542.7,-16.4,18.0,293.5,-51.7,1.0,-1.0,RS41-SG,403.701,8.8,-500,9,2.6,08:29:10,
2026-09-20T11:56:26.000Z,X3843070,8409,44.25939,7.75362,26526.5,-16.5,17.1,269.7,-51.6,1.0,-1.0,RS41-SG,403.701,7.7,-500,9,2.6,08:29:10,
2026-09-20T11:56:34.000Z,X3843070,8417,44.25867,7.75365,26400.4,-15.0,15.6,82.7,-51.4,0.9,-1.0,RS41-SG,403.701,6.8,-500,9,2.6,08:29:10,
2026-09-20T11:56:35.000Z,X3843070,8418,44.25872,7.75383,26385.5,-15.0,15.6,58.0,-51.5,0.9,-1.0,RS41-SG,403.701,6.8,-500,9,2.6,08:29:10,
2026-09-20T11:56:36.000Z,X3843070,8419,44.25882,7.75396,26370.7,-15.1,15.7,33.5,-51.4,0.9,-1.0,RS41-SG,403.701,9.0,-500,9,2.6,08:29:10,
2026-09-20T11:56:37.000Z,X3843070,8420,44.25894,7.75404,26355.7,-15.1,15.8,10.5,-51.8,0.9,-1.0,RS41-SG,403.701,9.0,-500,9,2.7,08:29:10,
2026-09-20T11:56:38.000Z,X3843070,8421,44.25908,7.75403,26340.6,-15.3,15.8,347.5,-52.0,1.0,-1.0,RS41-SG,403.701,7.6,-500,9,2.7,08:29:10,
2026-09-20T11:56:51.000Z,X3843070,8434,44.25811,7.75347,26140.6,-15.1,16.5,92.5,-52.4,1.0,-1.0,RS41-SG,403.701,7.8,-500,9,2.6,08:29:10,
2026-09-20T11:56:52.000Z,X3843070,8435,44.25813,7.75366,26125.7,-14.9,14.5,67.7,-52.3,1.0,-1.0,RS41-SG,403.701,8.1,-500,9,2.6,08:29:10,
2026-09-20T11:56:53.000Z,X3843070,8436,44.25820,7.75379,26111.1,-14.7,12.8,39.4,-52.3,1.0,-1.0,RS41-SG,403.701,8.6,-500,9,2.7,08:29:10,
2026-09-20T11:56:54.000Z,X3843070,8437,44.25830,7.75386,26096.4,-14.9,12.0,10.0,-52.3,1.0,-1.0,RS41-SG,403.701,8.7,-500,9,2.7,08:29:10,
2026-09-20T11:56:55.000Z,X3843070,8438,44.25840,7.75384,26081.4,-15.3,12.1,339.6,-52.2,1.0,-1.0,RS41-SG,403.701,8.7,-500,9,2.7,08:29:10,
2026-09-20T11:56:56.000Z,X3843070,8439,44.25849,7.75376,26066.0,-15.7,13.0,311.2,-52.2,1.0,-1.0,RS41-SG,403.701,8.7,-500,9,2.6,08:29:10,
2026-09-20T11:56:57.000Z,X3843070,8440,44.25855,7.75361,26050.5,-15.7,14.6,286.3,-52.0,1.0,-1.0,RS41-SG,403.701,8.7,-500,9,2.6,08:29:10,
2026-09-20T11:56:59.000Z,X3843070,8442,44.25851,7.75322,26020.2,-14.8,18.1,241.4,-51.8,1.0,-1.0,RS41-SG,403.701,8.2,-500,9,2.7,08:29:10,
2026-09-20T11:57:05.000Z,X3843070,8448,44.25757,7.75312,25932.0,-14.8,21.2,131.8,-51.7,0.9,-1.0,RS41-SG,403.701,7.7,-500,9,2.7,08:29:10,
2026-09-20T11:57:06.000Z,X3843070,8449,44.25747,7.75334,25917.2,-14.9,20.5,113.4,-51.9,0.9,-1.0,RS41-SG,403.701,7.7,-500,9,2.7,08:29:10,
2026-09-20T11:57:08.000Z,X3843070,8451,44.25743,7.75381,25887.6,-14.9,18.2,76.8,-52.2,1.0,-1.0,RS41-SG,403.701,7.2,-500,9,2.6,08:29:10,
2026-09-20T11:57:09.000Z,X3843070,8452,44.25749,7.75401,25872.7,-15.1,16.3,56.8,-52.3,1.0,-1.0,RS41-SG,403.701,7.2,-500,9,2.6,08:29:10,
2026-09-20T11:57:10.000Z,X3843070,8453,44.25759,7.75414,25857.7,-15.2,14.3,34.6,-52.3,1.0,-1.0,RS41-SG,403.701,7.6,-500,9,2.7,08:29:10,
2026-09-20T11:57:23.000Z,X3843070,8466,44.25666,7.75385,25667.9,-14.4,22.4,116.1,-52.9,1.1,-1.0,RS41-SG,403.701,6.7,-500,9,2.6,08:24:04,
2026-09-20T11:57:25.000Z,X3843070,8468,44.25660,7.75434,25639.1,-14.6,18.4,82.0,-53.0,1.0,-1.0,RS41-SG,403.701,8.2,-500,9,2.6,08:24:04,
2026-09-20T11:57:26.000Z,X3843070,8469,44.25664,7.75454,25624.5,-14.6,15.8,63.0,-53.1,1.0,-1.0,RS41-SG,403.701,8.7,-500,9,2.7,08:24:04,
2026-09-20T11:57:27.000Z,X3843070,8470,44.25672,7.75468,25610.1,-14.4,13.1,40.8,-53.2,1.0,-1.0,RS41-SG,403.701,8.7,-500,9,2.7,08:24:04,
2026-09-20T11:57:30.000Z,X3843070,8473,44.25695,7.75468,25567.6,-14.0,8.8,298.1,-53.1,1.1,-1.0,RS41-SG,403.701,6.9,-500,9,2.6,08:24:04,
2026-09-20T11:57:31.000Z,X3843070,8474,44.25696,7.75457,25553.7,-14.0,10.5,262.7,-53.1,1.1,-1.0,RS41-SG,403.701,7.3,-500,9,2.6,08:24:04,
2026-09-20T11:57:32.000Z,X3843070,8475,44.25692,7.75443,25539.7,-14.0,13.1,235.9,-53.0,1.1,-1.0,RS41-SG,403.701,7.3,-500,9,2.7,08:24:04,
2026-09-20T11:57:42.000Z,X3843070,8485,44.25590,7.75558,25400.2,-14.1,19.1,64.8,-53.1,1.0,-1.0,RS41-SG,403.701,8.4,-500,9,2.6,08:24:04,
2026-09-20T11:57:43.000Z,X3843070,8486,44.25599,7.75576,25386.0,-14.3,16.8,46.6,-53.2,1.0,-1.0,RS41-SG,403.701,8.4,-500,9,2.6,08:24:04,
2026-09-20T11:57:44.000Z,X3843070,8487,44.25610,7.75587,25371.9,-14.2,14.2,25.7,-53.3,1.0,-1.0,RS41-SG,403.701,8.1,-500,9,2.7,08:24:04,
2026-09-20T11:57:45.000Z,X3843070,8488,44.25621,7.75591,25357.7,-14.3,11.8,359.1,-53.3,1.1,-1.0,RS41-SG,403.701,8.0,-500,9,2.7,08:24:04,
2026-09-20T11:57:46.000Z,X3843070,8489,44.25630,7.75587,25343.6,-14.1,10.6,326.2,-53.2,1.0,-1.0,RS41-SG,403.701,8.0,-500,9,2.7,08:24:04,
2026-09-20T11:57:48.000Z,X3843070,8491,44.25636,7.75563,25315.8,-13.8,12.8,260.0,-53.0,1.1,-1.0,RS41-SG,403.701,7.8,-500,9,2.6,08:24:04,
2026-09-20T11:57:55.000Z,X3843070,8498,44.25535,7.75545,25218.0,-13.7,21.6,137.0,-53.3,1.1,-1.0,RS41-SG,403.701,7.1,-500,9,2.7,08:24:04,
2026-09-20T11:57:56.000Z,X3843070,8499,44.25523,7.75565,25204.5,-13.3,20.7,120.8,-53.4,1.1,-1.0,RS41-SG,403.701,8.3,-500,9,2.7,08:24:04,
2026-09-20T11:57:58.000Z,X3843070,8501,44.25515,7.75611,25178.0,-13.3,18.0,85.2,-53.5,1.1,-1.0,RS41-SG,403.701,7.7,-500,9,2.6,08:24:04,
2026-09-20T11:57:59.000Z,X3843070,8502,44.25519,7.75632,25164.7,-13.4,16.6,65.2,-53.4,1.0,-1.0,RS41-SG,403.701,8.2,-500,9,2.6,08:24:04,
2026-09-20T11:58:00.000Z,X3843070,8503,44.25527,7.75647,25151.3,-13.5,15.3,43.2,-53.4,1.0,-1.0,RS41-SG,403.701,8.2,-500,9,2.6,08:24:04,
2026-09-20T11:58:04.000Z,X3843070,8507,44.25568,7.75645,25095.6,-14.0,12.0,304.0,-53.8,1.1,-1.0,RS41-SG,403.701,8.1,-500,9,2.6,08:24:04,
2026-09-20T11:58:05.000Z,X3843070,8508,44.25572,7.75631,25081.8,-13.8,12.1,277.0,-53.9,1.1,-1.0,RS41-SG,403.701,8.1,-500,9,2.6,08:24:04,
2026-09-20T11:58:24.000Z,X3843070,8527,44.25560,7.75716,24826.1,-13.5,10.8,231.8,-54.7,1.2,-1.0,RS41-SG,403.701,7.6,-500,9,2.6,08:24:04,
2026-09-20T11:58:31.000Z,X3843070,8534,44.25496,7.75783,24731.1,-14.0,20.3,88.5,-55.4,1.2,-1.0,RS41-SG,403.701,8.0,-500,9,2.7,08:24:04,
2026-09-20T11:58:32.000Z,X3843070,8535,44.25499,7.75808,24717.2,-13.8,20.3,72.0,-55.4,1.2,-1.0,RS41-SG,403.701,9.4,-500,9,2.7,08:24:04,
2026-09-20T11:58:33.000Z,X3843070,8536,44.25507,7.75830,24703.6,-13.5,20.1,55.1,-55.3,1.1,-1.0,RS41-SG,403.701,9.4,-500,9,2.7,08:24:04,
2026-09-20T11:58:34.000Z,X3843070,8537,44.25519,7.75848,24690.2,-13.4,19.6,38.0,-55.3,1.1,-1.0,RS41-SG,403.701,9.3,-500,9,2.6,08:24:04,
2026-09-20T11:58:35.000Z,X3843070,8538,44.25534,7.75860,24676.8,-13.4,18.8,20.7,-55.3,1.2,-1.0,RS41-SG,403.701,9.1,-500,9,2.6,08:24:04,
2026-09-20T11:58:36.000Z,X3843070,8539,44.25550,7.75865,24663.4,-13.4,18.0,2.2,-55.3,1.1,-1.0,RS41-SG,403.701,9.2,-500,9,2.6,08:24:04,
2026-09-20T11:58:37.000Z,X3843070,8540,44.25565,7.75862,24649.9,-13.6,16.8,343.9,-55.2,1.2,-1.0,RS41-SG,403.701,9.2,-500,9,2.6,08:24:04,
2026-09-20T11:58:47.000Z,X3843070,8550,44.25550,7.75832,24514.8,-13.4,16.0,96.1,-55.1,1.1,-1.0,RS41-SG,403.701,8.1,-500,9,2.6,08:24:04,
2026-09-20T11:58:48.000Z,X3843070,8551,44.25550,7.75853,24501.5,-13.3,17.3,78.4,-55.1,1.1,-1.0,RS41-SG,403.701,8.7,-500,9,2.6,08:24:04,
2026-09-20T11:58:49.000Z,X3843070,8552,44.25556,7.75874,24488.3,-13.2,18.3,60.8,-55.1,1.1,-1.0,RS41-SG,403.701,8.9,-500,9,2.7,08:24:04,
2026-09-20T11:58:50.000Z,X3843070,8553,44.25566,7.75892,24475.0,-13.4,18.7,44.4,-55.2,1.1,-1.0,RS41-SG,403.701,8.9,-500,9,2.7,08:24:04,
2026-09-20T11:58:51.000Z,X3843070,8554,44.25579,7.75905,24461.5,-13.6,18.6,27.7,-55.3,1.1,-1.0,RS41-SG,403.701,8.9,-500,9,2.7,08:24:04,
2026-09-20T11:58:52.000Z,X3843070,8555,44.25595,7.75913,24448.2,-13.3,18.0,10.8,-55.4,1.2,-1.0,RS41-SG,403.701,8.1,-500,9,2.6,08:24:04,
2026-09-20T11:58:54.000Z,X3843070,8557,44.25625,7.75908,24421.4,-13.5,16.4,333.7,-55.5,1.2,-1.0,RS41-SG,403.701,6.9,-500,9,2.6,08:24:04,
2026-09-20T11:58:56.000Z,X3843070,8559,44.25643,7.75880,24395.0,-13.0,14.9,290.5,-55.3,1.2,-1.0,RS41-SG,403.701,7.3,-500,9,2.7,08:24:04,
2026-09-20T11:59:03.000Z,X3843070,8566,44.25590,7.75837,24300.3,-13.1,14.9,132.1,-55.5,1.2,-1.0,RS41-SG,403.701,6.7,-500,9,2.6,08:24:04,
2026-09-20T11:59:04.000Z,X3843070,8567,44.25583,7.75853,24287.4,-12.8,15.7,111.2,-55.5,1.2,-1.0,RS41-SG,403.701,6.8,-500,9,2.6,08:24:04,
2026-09-20T11:59:05.000Z,X3843070,8568,44.25580,7.75872,24274.5,-12.9,16.2,91.8,-55.6,1.2,-1.0,RS41-SG,403.701,7.4,-500,9,2.6,08:22:22,
2026-09-20T11:59:06.000Z,X3843070,8569,44.25582,7.75892,24261.7,-12.9,16.8,72.6,-55.8,1.2,-1.0,RS41-SG,403.701,7.5,-500,9,2.6,08:22:22,
2026-09-20T11:59:08.000Z,X3843070,8571,44.25600,7.75926,24235.4,-13.7,17.1,36.2,-55.8,1.2,-1.0,RS41-SG,403.701,8.1,-500,9,2.7,08:22:22,
2026-09-20T11:59:09.000Z,X3843070,8572,44.25613,7.75935,24222.0,-13.4,16.9,17.6,-55.8,1.2,-1.0,RS41-SG,403.701,8.3,-500,9,2.7,08:22:22,
2026-09-20T11:59:10.000Z,X3843070,8573,44.25628,7.75938,24208.7,-13.2,16.4,359.1,-55.8,1.2,-1.0,RS41-SG,403.701,8.3,-500,9,2.6,08:22:22,
2026-09-20T11:59:11.000Z,X3843070,8574,44.25642,7.75935,24195.6,-13.1,15.6,340.2,-55.7,1.2,-1.0,RS41-SG,403.701,8.5,-500,9,2.6,08:22:22,
2026-09-20T11:59:12.000Z,X3843070,8575,44.25653,7.75926,24182.7,-13.0,14.7,320.8,-55.7,1.2,-1.0,RS41-SG,403.701,9.1,-500,9,2.6,08:22:22,
2026-09-20T11:59:13.000Z,X3843070,8576,44.25661,7.75913,24169.9,-12.8,13.8,299.4,-55.6,1.2,-1.0,RS41-SG,403.701,9.1,-500,9,2.6,08:22:22,
2026-09-20T11:59:15.000Z,X3843070,8578,44.25664,7.75882,24144.2,-12.8,12.0,252.2,-55.3,1.2,-1.0,RS41-SG,403.701,6.9,-500,9,2.6,08:22:22,
2026-09-20T11:59:22.000Z,X3843070,8585,44.25617,7.75908,24053.9,-13.2,14.7,82.5,-55.1,1.1,-1.0,RS41-SG,403.701,7.9,-500,9,2.6,08:22:22,
2026-09-20T11:59:23.000Z,X3843070,8586,44.25621,7.75926,24040.9,-12.9,15.6,63.3,-55.2,1.1,-1.0,RS41-SG,403.701,8.4,-500,9,2.6,08:22:22,
2026-09-20T11:59:24.000Z,X3843070,8587,44.25629,7.75942,24028.1,-12.7,16.4,44.0,-55.3,1.1,-1.0,RS41-SG,403.701,9.1,-500,9,2.6,08:22:22,
2026-09-20T11:59:25.000Z,X3843070,8588,44.25642,7.75953,24015.3,-12.8,17.3,25.8,-55.5,1.1,-1.0,RS41-SG,403.701,9.1,-500,9,2.6,08:22:22,
2026-09-20T11:59:26.000Z,X3843070,8589,44.25657,7.75960,24002.6,-12.7,18.0,8.5,-55.6,1.1,-1.0,RS41-SG,403.701,8.2,-500,9,2.7,08:22:22,
2026-09-20T11:59:27.000Z,X3843070,8590,44.25673,7.75960,23989.9,-12.7,18.4,351.5,-55.7,1.2,-1.0,RS41-SG,403.701,8.3,-500,9,2.7,08:22:22,
2026-09-20T11:59:28.000Z,X3843070,8591,44.25688,7.75953,23977.2,-12.8,18.5,335.3,-55.8,1.2,-1.0,RS41-SG,403.701,8.3,-500,9,2.6,08:22:22,
2026-09-20T11:59:29.000Z,X3843070,8592,44.25702,7.75941,23964.5,-12.8,18.4,318.8,-55.9,1.2,-1.0,RS41-SG,403.701,8.4,-500,9,2.6,08:22:22,
2026-09-20T11:59:30.000Z,X3843070,8593,44.25713,7.75924,23951.5,-13.1,18.0,302.1,-55.8,1.2,-1.0,RS41-SG,403.701,9.2,-500,9,2.6,08:22:22,
2026-09-20T11:59:31.000Z,X3843070,8594,44.25719,7.75904,23938.5,-13.0,17.0,285.0,-55.8,1.3,-1.0,RS41-SG,403.701,9.2,-500,9,2.6,08:22:22,
2026-09-20T11:59:32.000Z,X3843070,8595,44.25720,7.75884,23925.8,-12.5,16.0,266.5,-55.7,1.3,-1.0,RS41-SG,403.701,8.6,-500,9,2.6,08:22:22,
2026-09-20T11:59:33.000Z,X3843070,8596,44.25718,7.75865,23913.3,-12.5,14.6,247.2,-55.6,1.3,-1.0,RS41-SG,403.701,7.9,-500,9,2.7,08:22:22,
2026-09-20T11:59:36.000Z,X3843070,8599,44.25693,7.75840,23875.7,-12.7,10.1,177.3,-55.7,1.3,-1.0,RS41-SG,403.701,7.4,-500,9,2.6,08:22:22,
2026-09-20T11:59:37.000Z,X3843070,8600,44.25685,7.75843,23863.1,-12.7,9.3,147.4,-55.8,1.2,-1.0,RS41-SG,403.701,8.0,-500,9,2.6,08:22:22,
2026-09-20T11:59:38.000Z,X3843070,8601,44.25680,7.75852,23850.3,-12.9,9.3,116.2,-55.9,1.3,-1.0,RS41-SG,403.701,8.0,-500,9,2.7,08:22:22,
2026-09-20T11:59:40.000Z,X3843070,8603,44.25681,7.75876,23825.2,-12.4,11.9,61.1,-55.9,1.2,-1.0,RS41,403.701,9.1,-500,9,2.6,08:22:22,
2026-09-20T11:59:41.000Z,X3843070,8604,44.25688,7.75888,23812.6,-12.7,13.9,39.5,-55.8,1.2,-1.0,RS41,403.701,9.1,-500,9,2.6,08:22:22,
2026-09-20T11:59:42.000Z,X3843070,8605,44.25700,7.75897,23800.0,-12.7,15.9,21.6,-55.8,1.2,-1.0,RS41,403.701,9.1,-500,9,2.6,08:22:22,
2026-09-20T11:59:43.000Z,X3843070,8606,44.25714,7.75902,23787.4,-12.5,18.0,4.8,-55.7,1.2,-1.0,RS41,403.701,7.8,-500,9,2.6,08:22:22,
2026-09-20T11:59:44.000Z,X3843070,8607,44.25731,7.75900,23775.0,-12.4,19.7,349.3,-55.7,1.2,-1.0,RS41,403.701,8.5,-500,9,2.7,08:22:22,
2026-09-20T11:59:45.000Z,X3843070,8608,44.25748,7.75892,23762.6,-12.5,21.1,334.7,-55.7,1.2,-1.0,RS41,403.701,9.6,-500,9,2.7,08:22:22,
2026-09-20T11:59:46.000Z,X3843070,8609,44.25764,7.75878,23750.3,-12.4,21.9,321.0,-55.7,1.2,-1.0,RS41,403.701,9.6,-500,9,2.6,08:22:22,
2026-09-20T11:59:47.000Z,X3843070,8610,44.25778,7.75859,23737.7,-12.7,22.3,307.5,-55.6,1.2,-1.0,RS41,403.701,9.6,-500,9,2.6,08:22:22,
2026-09-20T11:59:48.000Z,X3843070,8611,44.25788,7.75835,23725.1,-12.8,22.0,294.1,-55.6,1.2,-1.0,RS41,403.701,10.4,-125,9,2.6,08:22:22,
2026-09-20T11:59:49.000Z,X3843070,8612,44.25794,7.75810,23712.3,-12.8,21.1,280.8,-55.7,1.2,-1.0,RS41,403.701,10.4,-125,9,2.6,08:22:22,
2026-09-20T11:59:50.000Z,X3843070,8613,44.25795,7.75784,23699.7,-12.6,19.8,266.8,-55.7,1.3,-1.0,RS41,403.701,9.4,-500,9,2.6,08:22:22,
2026-09-20T11:59:51.000Z,X3843070,8614,44.25792,7.75761,23687.3,-12.4,17.9,252.6,-55.6,1.3,-1.0,RS41,403.701,9.2,-500,9,2.7,08:22:22,
2026-09-20T11:59:52.000Z,X3843070,8615,44.25786,7.75743,23675.1,-12.1,15.5,237.2,-55.6,1.2,-1.0,RS41,403.701,8.4,-500,9,2.7,08:22:22,
2026-09-20T11:59:53.000Z,X3843070,8616,44.25778,7.75729,23663.0,-12.1,12.7,220.3,-55.6,1.3,-1.0,RS41,403.701,7.6,-500,9,2.6,08:22:22,
2026-09-20T11:59:54.000Z,X3843070,8617,44.25770,7.75722,23650.9,-12.2,10.0,199.7,-55.6,1.2,-1.0,RS41,403.701,8.5,-500,9,2.6,08:22:22,
2026-09-20T11:59:55.000Z,X3843070,8618,44.25762,7.75721,23638.6,-12.4,7.4,171.8,-55.6,1.2,-1.0,RS41,403.701,9.3,-500,9,2.6,08:22:22,
2026-09-20T11:59:56.000Z,X3843070,8619,44.25757,7.75724,23626.3,-12.3,5.9,129.2,-55.6,1.2,-1.0,RS41,403.701,10.1,-500,9,2.6,08:21:31,
2026-09-20T11:59:57.000Z,X3843070,8620,44.25756,7.75731,23613.9,-12.5,6.7,81.7,-55.7,1.2,-1.0,RS41,403.701,10.2,-500,9,2.7,08:21:31,
2026-09-20T11:59:58.000Z,X3843070,8621,44.25759,7.75740,23601.5,-12.4,9.3,50.9,-55.7,1.2,-1.0,RS41,403.701,10.2,-500,9,2.7,08:21:31,
2026-09-20T11:59:59.000Z,X3843070,8622,44.25766,7.75748,23589.3,-12.2,12.2,29.6,-55.7,1.2,-1.0,RS41,403.701,10.0,-500,9,2.7,08:21:31,
2026-09-20T12:00:00.000Z,X3843070,8623,44.25778,7.75754,23577.2,-12.1,15.2,12.8,-55.7,1.2,-1.0,RS41,403.701,10.3,-500,9,2.6,08:21:31,
2026-09-20T12:00:01.000Z,X3843070,8624,44.25792,7.75756,23565.1,-12.2,17.6,358.7,-55.8,1.2,-1.0,RS41,403.701,10.6,-500,9,2.6,08:21:31,
2026-09-20T12:00:02.000Z,X3843070,8625,44.25808,7.75752,23552.9,-12.2,19.3,345.0,-56.0,1.2,-1.0,RS41,403.701,10.6,-500,9,2.6,08:21:31,
2026-09-20T12:00:03.000Z,X3843070,8626,44.25825,7.75743,23540.6,-12.4,20.5,331.8,-56.0,1.2,-1.0,RS41,403.701,10.3,-500,9,2.6,08:21:31,
2026-09-20T12:00:04.000Z,X3843070,8627,44.25840,7.75728,23528.3,-12.4,21.1,318.5,-56.0,1.2,-1.0,RS41,403.701,10.9,-500,9,2.6,08:21:31,
2026-09-20T12:00:05.000Z,X3843070,8628,44.25853,7.75709,23515.8,-12.6,21.1,305.4,-55.9,1.2,-1.0,RS41,403.701,10.9,-500,9,2.6,08:21:31,
2026-09-20T12:00:06.000Z,X3843070,8629,44.25862,7.75686,23503.4,-12.4,20.5,292.5,-55.9,1.3,-1.0,RS41,403.701,10.1,-500,9,2.7,08:21:31,
2026-09-20T12:00:07.000Z,X3843070,8630,44.25866,7.75663,23491.3,-12.0,19.6,278.4,-55.9,1.3,-1.0,RS41,403.701,10.1,-500,9,2.6,08:21:31,
2026-09-20T12:00:08.000Z,X3843070,8631,44.25867,7.75639,23479.5,-11.8,18.1,264.3,-55.9,1.3,-1.0,RS41,403.701,9.8,-500,9,2.6,08:21:31,
2026-09-20T12:00:09.000Z,X3843070,8632,44.25863,7.75618,23467.5,-12.1,16.4,249.7,-55.8,1.3,-1.0,RS41,403.701,9.0,-125,9,2.6,08:21:31,
2026-09-20T12:00:10.000Z,X3843070,8633,44.25857,7.75602,23455.5,-12.0,14.3,233.2,-55.7,1.3,-1.0,RS41,403.701,9.0,-500,9,2.6,08:21:31,
2026-09-20T12:00:11.000Z,X3843070,8634,44.25849,7.75590,23443.5,-12.2,12.2,215.2,-55.7,1.3,-1.0,RS41,403.701,8.4,-500,9,2.6,08:21:31,
2026-09-20T12:00:12.000Z,X3843070,8635,44.25840,7.75584,23431.3,-12.2,10.1,194.2,-55.6,1.3,-1.0,RS41,403.701,9.6,-500,9,2.7,08:21:31,
2026-09-20T12:00:13.000Z,X3843070,8636,44.25832,7.75584,23419.2,-12.1,8.5,167.9,-55.6,1.3,-1.0,RS41,403.701,9.6,-500,9,2.7,08:21:31,
2026-09-20T12:00:14.000Z,X3843070,8637,44.25825,7.75588,23407.3,-11.8,7.6,136.6,-55.6,1.2,-1.0,RS41,403.701,10.8,-500,9,2.6,08:21:31,
2026-09-20T12:00:15.000Z,X3843070,8638,44.25822,7.75596,23395.5,-11.8,7.6,104.2,-55.6,1.2,-1.0,RS41,403.701,10.8,-500,9,2.6,08:21:31,
2026-09-20T12:00:16.000Z,X3843070,8639,44.25822,7.75606,23383.7,-11.7,8.5,73.7,-55.5,1.2,-1.0,RS41,403.701,11.0,-500,9,2.6,08:21:31,
2026-09-20T12:00:17.000Z,X3843070,8640,44.25827,7.75615,23372.1,-11.5,10.2,46.6,-55.5,1.1,-1.0,RS41,403.701,11.0,-500,9,2.7,08:21:31,
2026-09-20T12:00:18.000Z,X3843070,8641,44.25835,7.75623,23360.6,-11.9,11.9,25.4,-55.4,1.1,-1.0,RS41,403.701,11.2,-500,9,2.7,08:21:31,
2026-09-20T12:00:19.000Z,X3843070,8642,44.25845,7.75628,23348.7,-12.1,13.6,7.8,-55.4,1.1,-1.0,RS41,403.701,11.2,-500,9,2.6,08:21:31,
2026-09-20T12:00:20.000Z,X3843070,8643,44.25858,7.75627,23336.5,-12.3,14.9,352.3,-55.4,1.1,-1.0,RS41,403.701,9.3,-500,9,2.6,08:21:31,
2026-09-20T12:00:21.000Z,X3843070,8644,44.25871,7.75622,23324.6,-11.6,16.6,336.0,-55.4,1.1,-1.0,RS41,403.701,9.1,-500,9,2.6,08:21:31,
2026-09-20T12:00:22.000Z,X3843070,8645,44.25884,7.75611,23312.9,-12.1,17.5,322.0,-55.3,1.1,-1.0,RS41,403.701,10.0,-500,9,2.6,08:21:31,
2026-09-20T12:00:23.000Z,X3843070,8646,44.25896,7.75595,23300.8,-12.1,18.2,309.0,-55.2,1.2,-1.0,RS41,403.701,10.0,-500,9,2.6,08:21:31,
2026-09-20T12:00:24.000Z,X3843070,8647,44.25904,7.75576,23288.9,-11.7,18.6,295.5,-55.1,1.2,-1.0,RS41,403.701,8.2,-125,9,2.6,08:21:31,
2026-09-20T12:00:25.000Z,X3843070,8648,44.25910,7.75554,23277.0,-12.3,18.4,283.1,-55.1,1.2,-1.0,RS41,403.701,8.8,-125,9,2.6,08:21:31,
2026-09-20T12:00:26.000Z,X3843070,8649,44.25912,7.75532,23264.5,-12.7,18.1,271.6,-55.1,1.2,-1.0,RS41,403.701,8.8,-125,9,2.6,08:21:31,
2026-09-20T12:00:27.000Z,X3843070,8650,44.25911,7.75510,23251.9,-12.6,17.9,261.4,-55.0,1.2,-1.0,RS41,403.701,8.3,-125,9,2.6,08:21:31,
2026-09-20T12:00:28.000Z,X3843070,8651,44.25907,7.75488,23239.5,-12.3,17.4,251.9,-55.0,1.2,-1.0,RS41,403.701,7.2,-500,9,2.7,08:21:31,
2026-09-20T12:00:29.000Z,X3843070,8652,44.25902,7.75469,23227.5,-11.8,16.6,244.4,-55.0,1.2,-1.0,RS41,403.701,6.9,-500,9,2.7,08:21:31,
2026-09-20T12:00:34.000Z,X3843070,8657,44.25857,7.75417,23173.6,-11.0,11.2,178.0,-55.3,1.2,-1.0,RS41,403.701,8.7,-500,9,2.7,08:21:31,
2026-09-20T12:00:35.000Z,X3843070,8658,44.25848,7.75419,23162.3,-11.7,10.7,157.9,-55.3,1.2,-1.0,RS41,403.701,9.0,-500,9,2.7,08:21:31,
2026-09-20T12:00:36.000Z,X3843070,8659,44.25840,7.75426,23150.1,-12.7,10.2,140.3,-55.4,1.2,-1.0,RS41,403.701,9.6,-500,9,2.7,08:21:31,
2026-09-20T12:00:37.000Z,X3843070,8660,44.25834,7.75435,23137.4,-12.9,10.0,123.6,-55.6,1.2,-1.0,RS41,403.701,9.6,-500,9,2.6,08:21:31,
2026-09-20T12:00:38.000Z,X3843070,8661,44.25830,7.75446,23125.2,-11.6,9.3,104.1,-55.7,1.2,-1.0,RS41,403.701,9.6,-500,9,2.6,08:21:31,
2026-09-20T12:00:39.000Z,X3843070,8662,44.25830,7.75457,23113.7,-11.5,8.0,83.2,-55.8,1.2,-1.0,RS41,403.701,8.7,-500,9,2.6,08:21:31,
2026-09-20T12:00:40.000Z,X3843070,8663,44.25832,7.75465,23102.2,-11.7,6.8,59.7,-55.8,1.2,-1.0,RS41,403.701,9.6,-500,9,2.6,08:21:31,
2026-09-20T12:00:41.000Z,X3843070,8664,44.25836,7.75471,23090.7,-11.4,6.1,27.5,-55.9,1.2,-1.0,RS41,403.701,10.3,-500,9,2.6,08:21:31,
2026-09-20T12:00:42.000Z,X3843070,8665,44.25841,7.75472,23079.3,-11.5,6.4,351.2,-56.0,1.2,-1.0,RS41,403.701,10.3,-500,9,2.6,08:21:31,
2026-09-20T12:00:43.000Z,X3843070,8666,44.25846,7.75468,23067.4,-12.5,7.1,323.8,-56.0,1.3,-1.0,RS41,403.701,11.3,-500,9,2.7,08:21:31,
2026-09-20T12:00:44.000Z,X3843070,8667,44.25851,7.75461,23054.9,-12.4,8.6,303.3,-56.0,1.3,-1.0,RS41,403.701,11.3,-500,9,2.6,08:21:31,
2026-09-20T12:00:45.000Z,X3843070,8668,44.25855,7.75451,23042.7,-12.1,10.0,288.5,-55.9,1.3,-1.0,RS41,403.701,11.1,-500,9,2.6,08:21:31,
2026-09-20T12:00:46.000Z,X3843070,8669,44.25856,7.75438,23030.7,-12.0,11.0,276.2,-55.8,1.3,-1.0,RS41,403.701,9.6,-125,9,2.6,08:21:31,
2026-09-20T12:00:47.000Z,X3843070,8670,44.25857,7.75424,23018.6,-12.3,11.5,266.7,-55.7,1.3,-1.0,RS41,403.701,9.8,-125,9,2.6,08:20:40,
2026-09-20T12:00:48.000Z,X3843070,8671,44.25855,7.75410,23007.2,-10.7,12.0,254.3,-55.6,1.3,-1.0,RS41,403.701,9.8,-125,9,2.6,08:20:40,
2026-09-20T12:00:49.000Z,X3843070,8672,44.25850,7.75396,22997.4,-8.9,12.5,234.4,-55.6,1.3,-1.0,RS41,403.701,7.7,-125,9,2.6,08:20:40,
2026-09-20T12:00:52.000Z,X3843070,8675,44.25819,7.75376,22968.0,-11.7,13.9,177.9,-55.5,1.3,-1.0,RS41,403.701,7.5,-500,9,2.6,08:20:40,
2026-09-20T12:00:53.000Z,X3843070,8676,44.25807,7.75379,22955.6,-13.2,14.0,162.7,-55.7,1.3,-1.0,RS41,403.701,8.7,-500,9,2.6,08:20:40,
2026-09-20T12:00:54.000Z,X3843070,8677,44.25796,7.75386,22942.1,-13.7,14.0,148.3,-55.8,1.3,-1.0,RS41,403.701,8.8,-500,9,2.6,08:20:40,
2026-09-20T12:00:55.000Z,X3843070,8678,44.25786,7.75397,22929.1,-12.4,13.8,131.9,-55.9,1.2,-1.0,RS41,403.701,8.8,-500,9,2.7,08:20:40,
2026-09-20T12:00:56.000Z,X3843070,8679,44.25780,7.75411,22916.8,-12.3,13.0,116.4,-55.9,1.2,-1.0,RS41,403.701,9.7,-500,9,2.7,08:20:40,
2026-09-20T12:00:57.000Z,X3843070,8680,44.25776,7.75426,22904.9,-11.6,12.1,99.2,-56.0,1.2,-1.0,RS41,403.701,10.7,-500,9,2.7,08:20:40,
2026-09-20T12:00:58.000Z,X3843070,8681,44.25777,7.75440,22893.7,-10.6,11.3,77.1,-56.1,1.2,-1.0,RS41,403.701,10.8,-500,9,2.6,08:20:40,
2026-09-20T12:00:59.000Z,X3843070,8682,44.25780,7.75452,22883.1,-10.7,10.6,54.5,-56.2,1.2,-1.0,RS41,403.701,10.8,-500,9,2.6,08:20:40,
2026-09-20T12:01:00.000Z,X3843070,8683,44.25787,7.75461,22872.1,-11.5,10.5,31.8,-56.2,1.2,-1.0,RS41,403.701,10.1,-500,9,2.6,08:20:40,
2026-09-20T12:01:01.000Z,X3843070,8684,44.25796,7.75465,22860.5,-11.6,10.7,8.7,-56.2,1.3,-1.0,RS41,403.701,9.0,-500,9,2.6,08:20:40,
2026-09-20T12:01:02.000Z,X3843070,8685,44.25806,7.75465,22849.0,-11.5,11.6,345.9,-56.2,1.3,-1.0,RS41,403.701,8.5,-500,9,2.6,08:20:40,
2026-09-20T12:01:03.000Z,X3843070,8686,44.25815,7.75459,22837.3,-12.1,12.0,326.3,-56.2,1.2,-1.0,RS41,403.701,9.4,-500,9,2.6,08:20:40,
2026-09-20T12:01:04.000Z,X3843070,8687,44.25823,7.75449,22825.1,-12.4,12.6,309.1,-56.1,1.2,-1.0,RS41,403.701,9.4,-125,9,2.6,08:20:40,
2026-09-20T12:01:05.000Z,X3843070,8688,44.25829,7.75435,22812.8,-12.2,13.0,292.0,-56.1,1.3,-1.0,RS41,403.701,9.3,-125,9,2.6,08:20:40,
2026-09-20T12:01:06.000Z,X3843070,8689,44.25832,7.75419,22800.4,-12.5,12.9,277.4,-56.3,1.3,-1.0,RS41,403.701,7.8,-125,9,2.6,08:20:40,
2026-09-20T12:01:07.000Z,X3843070,8690,44.25832,7.75403,22788.1,-12.2,12.9,264.2,-56.4,1.3,-1.0,RS41,403.701,7.8,-125,9,2.6,08:20:40,
2026-09-20T12:01:08.000Z,X3843070,8691,44.25830,7.75388,22776.1,-11.8,12.7,253.0,-56.4,1.4,-1.0,RS41,403.701,7.8,-500,9,2.6,08:20:40,
2026-09-20T12:01:09.000Z,X3843070,8692,44.25826,7.75373,22764.5,-11.5,12.2,243.5,-56.4,1.4,-1.0,RS41,403.701,7.7,-125,9,2.6,08:20:40,
2026-09-20T12:01:10.000Z,X3843070,8693,44.25820,7.75361,22753.5,-10.5,11.3,232.4,-56.5,1.4,-1.0,RS41,403.701,7.7,-500,9,2.6,08:20:40,
2026-09-20T12:01:12.000Z,X3843070,8695,44.25805,7.75347,22734.5,-9.8,9.9,194.4,-56.3,1.4,-1.0,RS41,403.701,7.7,-500,9,2.6,08:20:40,
2026-09-20T12:01:14.000Z,X3843070,8697,44.25788,7.75349,22713.3,-11.0,9.8,154.1,-56.2,1.3,-1.0,RS41,403.701,9.0,-500,9,2.6,08:20:40,
2026-09-20T12:01:15.000Z,X3843070,8698,44.25781,7.75356,22702.0,-11.5,10.1,134.7,-56.3,1.3,-1.0,RS41,403.701,9.5,-500,9,2.6,08:20:40,
2026-09-20T12:01:16.000Z,X3843070,8699,44.25775,7.75366,22690.3,-11.9,10.3,117.1,-56.4,1.3,-1.0,RS41,403.701,9.5,-500,9,2.6,08:20:40,
2026-09-20T12:01:17.000Z,X3843070,8700,44.25772,7.75378,22678.5,-11.7,10.6,99.9,-56.5,1.3,-1.0,RS41,403.701,9.9,-500,9,2.7,08:20:40,
2026-09-20T12:01:18.000Z,X3843070,8701,44.25772,7.75392,22667.2,-10.9,10.9,80.3,-56.5,1.3,-1.0,RS41,403.701,10.7,-500,9,2.7,08:20:40,
2026-09-20T12:01:19.000Z,X3843070,8702,44.25776,7.75405,22656.3,-11.0,11.1,61.4,-56.5,1.3,-1.0,RS41,403.701,10.7,-500,9,2.6,08:20:40,
2026-09-20T12:01:20.000Z,X3843070,8703,44.25782,7.75415,22645.3,-11.1,11.3,43.9,-56.5,1.3,-1.0,RS41,403.701,11.3,-500,9,2.6,08:20:40,
2026-09-20T12:01:21.000Z,X3843070,8704,44.25790,7.75423,22634.4,-10.7,11.7,24.9,-56.5,1.2,-1.0,RS41,403.701,11.3,-500,9,2.6,08:20:40,
2026-09-20T12:01:22.000Z,X3843070,8705,44.25800,7.75427,22623.9,-10.5,12.2,5.5,-56.5,1.2,-1.0,RS41-SG,403.701,9.8,-500,9,2.6,08:20:40,
2026-09-20T12:01:23.000Z,X3843070,8706,44.25811,7.75426,22613.3,-10.9,12.6,348.4,-56.5,1.2,-1.0,RS41-SG,403.701,9.8,-500,9,2.6,08:20:40,
2026-09-20T12:01:24.000Z,X3843070,8707,44.25822,7.75421,22602.2,-11.3,13.2,333.2,-56.4,1.3,-1.0,RS41-SG,403.701,9.7,-500,9,2.6,08:20:40,
2026-09-20T12:01:25.000Z,X3843070,8708,44.25832,7.75411,22591.1,-10.8,13.7,315.9,-56.3,1.3,-1.0,RS41-SG,403.701,9.1,-500,9,2.6,08:20:40,
2026-09-20T12:01:26.000Z,X3843070,8709,44.25839,7.75398,22579.9,-11.8,13.7,302.1,-56.2,1.3,-1.0,RS41-SG,403.701,9.9,-125,9,2.6,08:20:40,
2026-09-20T12:01:27.000Z,X3843070,8710,44.25845,7.75383,22568.1,-11.8,13.8,288.7,-56.2,1.3,-1.0,RS41-SG,403.701,9.9,-125,9,2.6,08:20:40,
2026-09-20T12:01:28.000Z,X3843070,8711,44.25847,7.75366,22556.4,-11.6,13.7,277.1,-56.1,1.3,-1.0,RS41-SG,403.701,9.5,-125,9,2.6,08:20:40,
2026-09-20T12:01:29.000Z,X3843070,8712,44.25848,7.75349,22544.8,-11.5,13.2,267.3,-56.1,1.3,-1.0,RS41-SG,403.701,9.5,-125,9,2.6,08:20:40,
2026-09-20T12:01:30.000Z,X3843070,8713,44.25847,7.75333,22533.3,-11.5,12.5,260.3,-56.2,1.4,-1.0,RS41-SG,403.701,8.6,-125,9,2.6,08:20:40,
2026-09-20T12:01:31.000Z,X3843070,8714,44.25844,7.75319,22522.5,-10.1,11.3,252.6,-56.3,1.4,-1.0,RS41-SG,403.701,8.6,-500,9,2.6,08:20:40,
2026-09-20T12:01:32.000Z,X3843070,8715,44.25840,7.75307,22513.2,-8.6,9.5,239.0,-56.2,1.3,-1.0,RS41-SG,403.701,7.6,-500,9,2.7,08:20:40,
2026-09-20T12:01:33.000Z,X3843070,8716,44.25836,7.75299,22504.3,-9.2,7.8,222.2,-56.2,1.3,-1.0,RS41-SG,403.701,7.4,-500,9,2.6,08:20:40,
2026-09-20T12:01:36.000Z,X3843070,8719,44.25821,7.75296,22473.5,-11.3,5.5,139.2,-56.0,1.3,-1.0,RS41-SG,403.701,7.4,-500,9,2.6,08:20:40,
2026-09-20T12:01:37.000Z,X3843070,8720,44.25818,7.75302,22462.0,-11.6,6.0,115.6,-56.0,1.2,-1.0,RS41-SG,403.701,8.1,-500,9,2.6,08:20:40,
2026-09-20T12:01:38.000Z,X3843070,8721,44.25816,7.75309,22450.6,-11.4,6.5,95.7,-56.0,1.2,-1.0,RS41-SG,403.701,8.1,-500,9,2.7,08:19:49,
2026-09-20T12:01:44.000Z,X3843070,8727,44.25832,7.75344,22390.7,-8.3,7.1,356.0,-56.3,1.3,-1.0,RS41-SG,403.701,8.9,-500,9,2.6,08:19:49,
2026-09-20T12:01:45.000Z,X3843070,8728,44.25839,7.75342,22381.8,-9.5,9.2,341.5,-56.3,1.3,-1.0,RS41-SG,403.701,8.9,-500,9,2.6,08:19:49,
2026-09-20T12:01:46.000Z,X3843070,8729,44.25847,7.75337,22371.8,-10.6,11.2,332.9,-56.2,1.3,-1.0,RS41-SG,403.701,9.3,-500,9,2.6,08:19:49,
2026-09-20T12:01:47.000Z,X3843070,8730,44.25857,7.75330,22360.4,-12.3,12.3,326.4,-56.2,1.3,-1.0,RS41-SG,403.701,9.3,-500,9,2.6,08:19:49,
2026-09-20T12:01:48.000Z,X3843070,8731,44.25866,7.75321,22348.4,-11.7,12.9,321.5,-56.2,1.3,-1.0,RS41-SG,403.701,8.4,-500,9,2.6,08:19:49,
2026-09-20T12:01:49.000Z,X3843070,8732,44.25874,7.75311,22336.7,-11.7,12.5,320.9,-56.3,1.3,-1.0,RS41-SG,403.701,8.4,-500,9,2.6,08:19:49,
2026-09-20T12:01:50.000Z,X3843070,8733,44.25883,7.75301,22325.7,-10.4,11.6,320.4,-56.4,1.3,-1.0,RS41-SG,403.701,7.9,-500,9,2.6,08:19:49,
2026-09-20T12:01:52.000Z,X3843070,8735,44.25896,7.75282,22306.5,-9.9,9.5,306.8,-56.6,1.3,-1.0,RS41-SG,403.701,7.5,-500,9,2.6,08:19:49,
2026-09-20T12:02:01.000Z,X3843070,8744,44.25895,7.75213,22218.6,-10.9,9.1,224.4,-56.6,1.3,-1.0,RS41-SG,403.701,7.4,-125,9,2.6,08:19:49,
2026-09-20T12:02:09.000Z,X3843070,8752,44.25859,7.75224,22141.4,-10.1,7.4,61.9,-56.2,1.2,-1.0,RS41-SG,403.701,7.3,-500,9,2.6,08:19:49,
2026-09-20T12:02:12.000Z,X3843070,8755,44.25878,7.75237,22111.3,-9.8,9.7,359.8,-55.9,1.2,-1.0,RS41-SG,403.701,7.5,-500,9,2.6,08:19:49,
2026-09-20T12:02:13.000Z,X3843070,8756,44.25886,7.75235,22101.1,-10.9,9.9,340.7,-55.8,1.2,-1.0,RS41-SG,403.701,7.5,-500,9,2.6,08:19:49,
2026-09-20T12:02:14.000Z,X3843070,8757,44.25894,7.75229,22090.3,-10.8,10.6,325.7,-55.8,1.2,-1.0,RS41-SG,403.701,8.1,-500,9,2.5,08:19:49,
2026-09-20T12:02:15.000Z,X3843070,8758,44.25902,7.75220,22079.6,-10.7,11.0,316.1,-55.8,1.2,-1.0,RS41-SG,403.701,8.1,-125,9,2.6,08:19:49,
2026-09-20T12:02:16.000Z,X3843070,8759,44.25908,7.75210,22069.1,-10.4,10.9,308.8,-55.8,1.3,-1.0,RS41-SG,403.701,7.5,-125,9,2.6,08:19:49,
2026-09-20T12:02:17.000Z,X3843070,8760,44.25914,7.75199,22058.8,-10.2,11.3,299.4,-55.9,1.3,-1.0,RS41-SG,403.701,7.4,-125,9,2.6,08:19:49,
2026-09-20T12:02:25.000Z,X3843070,8768,44.25875,7.75117,21981.0,-10.8,12.1,185.9,-55.9,1.3,-1.0,RS41-SG,403.701,7.2,-500,9,2.6,08:19:49,
2026-09-20T12:02:27.000Z,X3843070,8770,44.25854,7.75115,21960.5,-9.4,10.9,180.7,-55.8,1.2,-1.0,RS41-SG,403.701,6.9,-500,8,2.6,08:19:49,
2026-09-20T12:02:31.000Z,X3843070,8774,44.25824,7.75119,21923.4,-9.8,6.7,156.7,-55.9,1.3,-1.0,RS41-SG,403.701,6.9,-500,8,2.5,08:19:49,
2026-09-20T12:02:32.000Z,X3843070,8775,44.25819,7.75122,21914.0,-9.1,5.5,160.8,-55.9,1.3,-1.0,RS41-SG,403.701,7.3,-125,9,2.6,08:19:49,
2026-09-20T12:02:33.000Z,X3843070,8776,44.25814,7.75124,21905.7,-8.7,5.9,167.8,-55.9,1.3,-1.0,RS41-SG,403.701,7.3,-125,9,2.6,08:19:49,
2026-09-20T12:02:55.000Z,X3843070,8798,44.25787,7.75187,21701.7,-10.4,8.0,268.2,-56.5,1.4,-1.0,RS41-SG,403.701,7.0,-125,8,2.6,08:19:49,
2026-09-20T12:02:57.000Z,X3843070,8800,44.25785,7.75166,21681.4,-10.6,8.6,257.8,-56.8,1.4,-1.0,RS41-SG,403.701,7.4,-125,9,2.6,08:19:49,
2026-09-20T12:02:58.000Z,X3843070,8801,44.25783,7.75155,21671.8,-9.0,7.7,254.0,-56.8,1.4,-1.0,RS41-SG,403.701,7.4,-500,9,2.6,08:19:49,
2026-09-20T12:03:00.000Z,X3843070,8803,44.25776,7.75141,21656.1,-8.1,7.0,213.5,-56.8,1.4,-1.0,RS41-SG,403.701,7.0,-125,9,2.6,08:19:49,
2026-09-20T12:03:01.000Z,X3843070,8804,44.25770,7.75137,21647.5,-9.1,8.5,197.9,-56.9,1.4,-1.0,RS41-SG,403.701,7.0,-500,9,2.6,08:19:49,
2026-09-20T12:03:07.000Z,X3843070,8810,44.25716,7.75149,21589.0,-8.5,11.5,156.4,-57.0,1.4,-1.0,RS41-SG,403.701,7.0,-500,8,2.6,08:19:49,
2026-09-20T12:03:13.000Z,X3843070,8816,44.25675,7.75169,21533.6,-7.7,4.4,184.4,-57.7,1.4,-1.0,RS41-SG,403.701,7.4,-500,8,2.6,08:19:49,
2026-09-20T12:03:14.000Z,X3843070,8817,44.25671,7.75168,21525.6,-9.0,3.9,200.3,-57.7,1.4,-1.0,RS41-SG,403.701,7.4,-125,7,2.6,08:19:49,
2026-09-20T12:03:18.000Z,X3843070,8821,44.25665,7.75149,21488.2,-8.6,4.5,227.5,-57.4,1.4,-1.0,RS41-SG,403.701,6.8,-125,9,2.6,08:19:49,
2026-09-20T12:03:19.000Z,X3843070,8822,44.25662,7.75145,21479.8,-8.6,5.1,221.0,-57.4,1.4,-1.0,RS41-SG,403.701,7.0,-125,9,2.6,08:19:49,
2026-09-20T12:03:20.000Z,X3843070,8823,44.25658,7.75141,21471.1,-9.2,6.6,203.9,-57.3,1.4,-1.0,RS41-SG,403.701,7.2,-125,9,2.6,08:18:07,
2026-09-20T12:03:27.000Z,X3843070,8830,44.25622,7.75177,21407.0,-9.4,10.1,97.9,-57.2,1.3,-1.0,RS41-SG,403.701,6.9,-500,7,2.6,08:18:07,
2026-09-20T12:03:32.000Z,X3843070,8835,44.25643,7.75234,21358.9,-9.2,11.8,30.4,-57.4,1.4,-1.0,RS41-SG,403.701,7.5,-125,7,2.6,08:18:07,
2026-09-20T12:04:08.000Z,X3843070,8871,44.25798,7.75220,21031.3,-8.7,10.3,290.6,-56.9,1.4,-1.0,RS41-SG,403.701,7.9,-125,8,2.6,08:18:07,
2026-09-20T12:04:09.000Z,X3843070,8872,44.25799,7.75208,21022.5,-8.9,10.4,273.0,-56.9,1.4,-1.0,RS41-SG,403.701,7.9,-125,9,2.6,08:18:07,
2026-09-20T12:04:20.000Z,X3843070,8883,44.25752,7.75210,20920.4,-9.0,9.1,61.8,-57.2,1.4,-1.0,RS41-SG,403.701,7.6,-500,9,2.5,08:18:07,
2026-09-20T12:04:21.000Z,X3843070,8884,44.25757,7.75219,20911.1,-9.3,9.5,45.5,-57.4,1.4,-1.0,RS41-SG,403.701,7.6,-500,10,2.5,08:18:07,
2026-09-20T12:04:24.000Z,X3843070,8887,44.25782,7.75233,20883.9,-8.8,10.0,358.1,-57.4,1.4,-1.0,RS41-SG,403.701,7.8,-125,8,2.5,08:18:07,
2026-09-20T12:04:25.000Z,X3843070,8888,44.25791,7.75230,20874.8,-9.2,10.1,338.1,-57.4,1.4,-1.0,RS41-SG,403.701,8.2,-125,9,2.5,08:18:07,
2026-09-20T12:04:29.000Z,X3843070,8892,44.25810,7.75193,20836.9,-8.8,9.5,271.5,-57.3,1.4,-1.0,RS41-SG,403.701,7.7,-125,9,2.5,08:18:07,
2026-09-20T12:04:30.000Z,X3843070,8893,44.25809,7.75181,20827.9,-9.0,10.2,255.5,-57.3,1.4,-1.0,RS41-SG,403.701,7.7,-125,10,2.5,08:18:07,
2026-09-20T12:04:31.000Z,X3843070,8894,44.25805,7.75169,20818.9,-9.0,10.5,239.5,-57.3,1.4,-1.0,RS41-SG,403.701,7.9,-125,10,2.5,08:18:07,
2026-09-20T12:04:32.000Z,X3843070,8895,44.25800,7.75159,20809.4,-9.3,10.6,224.1,-57.2,1.4,-1.0,RS41-SG,403.701,7.9,-500,9,2.6,08:18:07,
2026-09-20T12:04:33.000Z,X3843070,8896,44.25792,7.75151,20799.7,-9.8,10.6,209.3,-57.2,1.4,-1.0,RS41-SG,403.701,8.0,-125,10,2.6,08:18:07,
2026-09-20T12:04:37.000Z,X3843070,8900,44.25755,7.75141,20762.3,-9.0,9.7,180.1,-57.0,1.4,-1.0,RS41-SG,403.701,7.4,-125,10,2.6,08:18:07,
2026-09-20T12:04:44.001Z,X3843070,8907,44.25733,7.75184,20705.3,-10.6,10.8,55.9,-56.8,1.3,-1.0,RS41-SG,403.701,6.9,-500,10,2.6,08:18:07,
2026-09-20T12:04:45.001Z,X3843070,8908,44.25740,7.75195,20694.6,-10.5,11.3,45.4,-56.7,1.3,-1.0,RS41-SG,403.701,7.2,-125,10,2.5,08:18:07,
2026-09-20T12:04:47.001Z,X3843070,8910,44.25754,7.75211,20675.1,-8.8,10.0,31.5,-56.6,1.3,-1.0,RS41-SG,403.701,7.5,-500,10,2.6,08:18:07,
2026-09-20T12:04:52.001Z,X3843070,8915,44.25777,7.75215,20634.2,-8.0,3.1,259.0,-56.7,1.4,-1.0,RS41-SG,403.701,9.0,-125,10,2.6,08:18:07,
2026-09-20T12:04:53.001Z,X3843070,8916,44.25776,7.75212,20625.6,-8.8,4.4,227.0,-56.7,1.4,-1.0,RS41-SG,403.701,9.0,-125,10,2.6,08:18:07,
2026-09-20T12:04:54.001Z,X3843070,8917,44.25772,7.75208,20616.5,-9.2,6.5,205.9,-56.8,1.4,-1.0,RS41-SG,403.701,7.9,-125,10,2.6,08:18:07,
2026-09-20T12:05:06.001Z,X3843070,8929,44.25692,7.75333,20510.7,-8.5,15.2,87.2,-57.3,1.4,-1.0,RS41-SG,403.701,7.3,-500,9,2.5,08:18:07,
2026-09-20T12:05:07.001Z,X3843070,8930,44.25694,7.75352,20501.9,-8.8,15.8,79.9,-57.3,1.4,-1.0,RS41-SG,403.701,8.3,-500,9,2.6,08:18:07,
2026-09-20T12:05:17.001Z,X3843070,8940,44.25758,7.75454,20414.8,-8.2,6.3,357.1,-57.1,1.4,-1.0,RS41-SG,403.701,7.2,-125,9,2.6,08:18:07,
2026-09-20T12:05:40.001Z,X3843070,8963,44.25748,7.75534,20220.8,-8.2,9.0,18.2,-56.1,1.3,-1.0,RS41-SG,403.701,6.9,-500,9,2.5,08:18:07,
2026-09-20T12:06:08.001Z,X3843070,8991,44.25645,7.75501,20000.5,-7.1,9.3,122.3,-58.7,1.6,-1.0,RS41-SG,403.701,8.1,-500,9,2.6,08:18:07,
2026-09-20T12:06:09.001Z,X3843070,8992,44.25641,7.75511,19992.5,-7.9,8.3,109.9,-58.8,1.6,-1.0,RS41-SG,403.701,8.1,-500,9,2.5,08:18:07,
2026-09-20T12:06:10.001Z,X3843070,8993,44.25639,7.75521,19984.9,-7.8,8.2,96.5,-58.8,1.6,-1.0,RS41-SG,403.701,8.5,-500,9,2.5,08:18:07,
2026-09-20T12:06:11.001Z,X3843070,8994,44.25639,7.75530,19977.7,-7.5,7.5,88.3,-58.8,1.6,-1.0,RS41-SG,403.701,8.5,-125,9,2.5,08:18:07,
2026-09-20T12:06:13.001Z,X3843070,8996,44.25642,7.75546,19963.0,-8.0,5.7,58.3,-58.9,1.5,-1.0,RS41-SG,403.701,7.4,-500,8,2.6,08:18:07,
2026-09-20T12:06:14.001Z,X3843070,8997,44.25645,7.75551,19955.0,-8.4,5.5,42.4,-58.9,1.6,-1.0,RS41-SG,403.701,8.7,-125,10,2.5,08:18:07,
2026-09-20T12:06:15.001Z,X3843070,8998,44.25649,7.75556,19946.6,-8.6,6.1,40.6,-58.9,1.6,-1.0,RS41-SG,403.701,8.7,-125,9,2.5,08:18:07,
2026-09-20T12:06:17.001Z,X3843070,9000,44.25657,7.75564,19931.7,-7.8,5.0,30.1,-59.0,1.6,-1.0,RS41-SG,403.701,8.1,-125,9,2.6,08:18:07,
2026-09-20T12:06:18.001Z,X3843070,9001,44.25661,7.75568,19924.1,-7.5,5.6,35.6,-59.0,1.6,-1.0,RS41-SG,403.701,9.6,-500,9,2.6,08:18:07,
2026-09-20T12:06:20.001Z,X3843070,9003,44.25667,7.75578,19910.1,-7.4,4.7,58.5,-59.1,1.6,-1.0,RS41-SG,403.701,7.5,-125,8,2.5,08:18:07,
2026-09-20T12:06:21.001Z,X3843070,9004,44.25670,7.75582,19902.5,-7.5,4.2,57.0,-59.1,1.6,-1.0,RS41-SG,403.701,8.7,-125,10,2.5,08:18:07,
2026-09-20T12:06:22.001Z,X3843070,9005,44.25671,7.75586,19895.4,-7.6,3.4,57.1,-59.1,1.6,-1.0,RS41-SG,403.701,8.7,-125,8,2.6,08:18:07,
2026-09-20T12:06:23.001Z,X3843070,9006,44.25673,7.75589,19888.3,-7.5,3.0,48.2,-59.1,1.6,-1.0,RS41-SG,403.701,8.8,-125,10,2.6,08:18:07,
2026-09-20T12:06:24.001Z,X3843070,9007,44.25675,7.75592,19881.1,-7.5,2.5,40.5,-59.1,1.6,-1.0,RS41-SG,403.701,8.8,-125,10,2.5,08:18:07,
2026-09-20T12:06:25.001Z,X3843070,9008,44.25677,7.75593,19874.4,-7.0,1.7,20.1,-59.1,1.6,-1.0,RS41-SG,403.701,8.7,-125,10,2.5,08:18:07,
2026-09-20T12:06:26.001Z,X3843070,9009,44.25678,7.75593,19867.6,-7.1,2.0,346.9,-59.1,1.6,-1.0,RS41-SG,403.701,8.5,-125,9,2.5,08:18:07,
2026-09-20T12:06:27.001Z,X3843070,9010,44.25680,7.75592,19860.6,-7.5,3.1,319.0,-59.0,1.6,-1.0,RS41-SG,403.701,8.6,-125,10,2.6,08:18:07,
2026-09-20T12:06:28.001Z,X3843070,9011,44.25682,7.75588,19853.1,-7.9,4.5,287.2,-59.1,1.5,-1.0,RS41-SG,403.701,8.6,-125,10,2.6,08:18:07,
2026-09-20T12:06:29.001Z,X3843070,9012,44.25682,7.75582,19845.6,-7.8,5.3,269.4,-59.1,1.5,-1.0,RS41-SG,403.701,8.6,-125,10,2.6,08:18:07,
2026-09-20T12:06:30.001Z,X3843070,9013,44.25682,7.75575,19838.0,-7.9,6.1,254.7,-59.0,1.6,-1.0,RS41-SG,403.701,8.6,-125,10,2.5,08:18:07,
2026-09-20T12:06:31.001Z,X3843070,9014,44.25680,7.75568,19830.4,-7.8,6.9,244.4,-59.0,1.5,-1.0,RS41-SG,403.701,8.0,-125,10,2.5,08:18:07,
2026-09-20T12:06:32.001Z,X3843070,9015,44.25676,7.75560,19823.1,-7.9,7.9,234.2,-59.0,1.5,-1.0,RS41-SG,403.701,8.4,-125,10,2.6,08:18:07,
2026-09-20T12:06:33.001Z,X3843070,9016,44.25672,7.75552,19815.3,-8.0,8.8,228.9,-58.9,1.5,-1.0,RS41-SG,403.701,8.4,-125,9,2.6,08:18:07,
2026-09-20T12:06:34.001Z,X3843070,9017,44.25666,7.75544,19807.6,-8.1,9.1,222.6,-58.9,1.5,-1.0,RS41-SG,403.701,8.4,-125,10,2.6,08:18:07,
2026-09-20T12:06:35.001Z,X3843070,9018,44.25660,7.75537,19800.0,-7.6,8.8,208.2,-58.9,1.6,-1.0,RS41-SG,403.701,8.0,-125,10,2.5,08:18:07,
2026-09-20T12:06:36.001Z,X3843070,9019,44.25652,7.75533,19792.5,-7.7,10.1,197.2,-58.9,1.5,-1.0,RS41-SG,403.701,8.0,-125,10,2.5,08:18:07,
2026-09-20T12:06:37.001Z,X3843070,9020,44.25643,7.75530,19784.9,-7.8,10.6,195.3,-58.9,1.5,-1.0,RS41-SG,403.701,7.7,-125,9,2.6,08:18:07,
2026-09-20T12:06:38.001Z,X3843070,9021,44.25634,7.75526,19777.7,-7.5,10.7,191.3,-58.9,1.5,-1.0,RS41-SG,403.701,8.2,-125,9,2.6,08:18:07,
2026-09-20T12:06:39.001Z,X3843070,9022,44.25625,7.75525,19770.3,-7.5,10.5,182.4,-59.0,1.5,-1.0,RS41-SG,403.701,8.2,-125,10,2.5,08:18:07,
2026-09-20T12:06:40.001Z,X3843070,9023,44.25616,7.75525,19762.9,-7.7,10.6,175.8,-59.0,1.6,-1.0,RS41-SG,403.701,8.1,-125,9,2.5,08:18:07,
2026-09-20T12:06:41.001Z,X3843070,9024,44.25606,7.75527,19755.7,-7.5,10.8,171.9,-59.0,1.6,-1.0,RS41-SG,403.701,8.1,-125,9,2.5,08:18:07,
2026-09-20T12:06:42.001Z,X3843070,9025,44.25596,7.75529,19748.6,-7.3,11.3,172.4,-59.0,1.6,-1.0,RS41-SG,403.701,8.2,-125,9,2.6,08:18:07,
2026-09-20T12:06:43.001Z,X3843070,9026,44.25586,7.75531,19741.6,-7.2,11.8,167.7,-59.0,1.6,-1.0,RS41-SG,403.701,8.2,-125,9,2.6,08:18:07,
2026-09-20T12:06:44.001Z,X3843070,9027,44.25576,7.75535,19734.5,-7.4,11.1,164.7,-59.0,1.5,-1.0,RS41-SG,403.701,8.0,-125,10,2.5,08:14:43,
2026-09-20T12:06:45.001Z,X3843070,9028,44.25566,7.75539,19727.6,-7.1,11.8,165.2,-59.0,1.6,-1.0,RS41-SG,403.701,8.7,-125,10,2.5,08:14:43,
2026-09-20T12:06:46.001Z,X3843070,9029,44.25556,7.75542,19720.6,-7.3,11.2,165.2,-59.0,1.6,-1.0,RS41-SG,403.701,8.7,-125,8,2.5,08:14:43,
2026-09-20T12:06:47.001Z,X3843070,9030,44.25547,7.75546,19713.7,-7.2,11.3,161.8,-58.9,1.6,-1.0,RS41-SG,403.701,8.1,-125,9,2.6,08:14:43,
2026-09-20T12:06:48.001Z,X3843070,9031,44.25537,7.75551,19706.8,-7.1,11.5,158.2,-58.9,1.6,-1.0,RS41-SG,403.701,7.8,-125,9,2.6,08:14:43,
2026-09-20T12:06:49.001Z,X3843070,9032,44.25528,7.75558,19699.8,-7.0,11.9,151.9,-58.9,1.6,-1.0,RS41-SG,403.701,7.7,-125,10,2.6,08:14:43,
2026-09-20T12:06:52.001Z,X3843070,9035,44.25501,7.75587,19678.5,-7.4,12.9,132.0,-58.8,1.6,-1.0,RS41-SG,403.701,7.7,-125,10,2.6,08:14:43,
2026-09-20T12:06:53.001Z,X3843070,9036,44.25494,7.75600,19671.4,-7.4,12.9,124.9,-58.9,1.5,-1.0,RS41-SG,403.701,8.0,-500,10,2.6,08:14:43,
2026-09-20T12:06:54.001Z,X3843070,9037,44.25488,7.75613,19664.1,-7.7,12.5,118.4,-59.0,1.6,-1.0,RS41-SG,403.701,8.0,-500,10,2.5,08:14:43,
2026-09-20T12:06:55.001Z,X3843070,9038,44.25483,7.75627,19656.6,-7.8,12.2,113.6,-59.1,1.6,-1.0,RS41-SG,403.701,8.3,-125,10,2.5,08:14:43,
2026-09-20T12:06:57.001Z,X3843070,9040,44.25477,7.75655,19641.8,-7.9,10.9,103.2,-59.3,1.6,-1.0,RS41-SG,403.701,7.5,-500,10,2.6,08:14:43,
2026-09-20T12:06:58.001Z,X3843070,9041,44.25475,7.75668,19634.2,-7.6,10.2,100.2,-59.2,1.6,-1.0,RS41-SG,403.701,7.5,-500,10,2.6,08:14:43,
2026-09-20T12:06:59.001Z,X3843070,9042,44.25473,7.75680,19626.9,-7.5,9.5,98.6,-59.3,1.6,-1.0,RS41-SG,403.701,7.6,-500,10,2.5,08:14:43,
2026-09-20T12:07:00.001Z,X3843070,9043,44.25472,7.75692,19619.7,-7.4,9.3,100.9,-59.3,1.6,-1.0,RS41-SG,403.701,7.6,-500,10,2.5,08:14:43,
2026-09-20T12:07:01.001Z,X3843070,9044,44.25470,7.75703,19612.6,-7.2,9.0,105.3,-59.3,1.7,-1.0,RS41-SG,403.701,7.6,-125,10,2.5,08:14:43,
2026-09-20T12:07:02.001Z,X3843070,9045,44.25467,7.75714,19606.0,-6.4,9.8,113.0,-59.3,1.6,-1.0,RS41-SG,403.701,7.6,-125,10,2.6,08:14:43,
2026-09-20T12:07:05.001Z,X3843070,9048,44.25446,7.75748,19587.4,-7.6,15.1,145.8,-59.3,1.7,-1.0,RS41-SG,403.701,7.7,-125,10,2.5,08:14:43,
2026-09-20T12:07:08.001Z,X3843070,9051,44.25405,7.75775,19562.3,-8.8,17.2,159.8,-59.4,1.6,-1.0,RS41-SG,403.701,6.9,-125,10,2.6,08:14:43,
2026-09-20T12:07:26.001Z,X3843070,9069,44.25247,7.75947,19433.7,-7.3,13.8,94.9,-59.0,1.5,-1.0,RS41-SG,403.701,7.4,-500,10,2.5,08:14:43,
2026-09-20T12:07:29.001Z,X3843070,9072,44.25249,7.75995,19412.8,-7.2,11.5,76.3,-58.9,1.5,-1.0,RS41-SG,403.701,6.5,-125,10,2.5,08:14:43,
2026-09-20T12:07:34.001Z,X3843070,9077,44.25266,7.76051,19378.0,-7.3,8.2,58.0,-58.7,1.5,-1.0,RS41-SG,403.701,7.1,-125,10,2.5,08:14:43,
2026-09-20T12:07:35.001Z,X3843070,9078,44.25270,7.76059,19371.0,-7.0,6.7,51.5,-58.6,1.6,-1.0,RS41-SG,403.701,7.8,-500,10,2.6,08:13:52,
2026-09-20T12:07:36.001Z,X3843070,9079,44.25273,7.76065,19363.9,-7.1,7.0,49.7,-58.6,1.6,-1.0,RS41-SG,403.701,7.8,-125,9,2.6,08:13:52,
2026-09-20T12:07:38.001Z,X3843070,9081,44.25281,7.76077,19350.3,-6.9,5.5,40.3,-58.5,1.6,-1.0,RS41-SG,403.701,7.0,-500,8,2.5,08:13:52,
2026-09-20T12:07:41.001Z,X3843070,9084,44.25291,7.76088,19330.4,-6.9,3.8,39.2,-58.5,1.5,-1.0,RS41-SG,403.701,6.8,-125,9,2.6,08:13:52,
2026-09-20T12:07:43.001Z,X3843070,9086,44.25295,7.76092,19316.6,-7.2,1.7,15.6,-58.5,1.6,-1.0,RS41-SG,403.701,6.5,-125,9,2.5,08:13:52,
2026-09-20T12:07:44.001Z,X3843070,9087,44.25296,7.76092,19309.7,-7.1,0.7,309.9,-58.5,1.5,-1.0,RS41-SG,403.701,6.5,-125,10,2.5,08:13:52,
2026-09-20T12:07:58.001Z,X3843070,9101,44.25326,7.76113,19214.5,-6.9,1.4,11.5,-59.1,1.7,-1.0,RS41-SG,403.701,6.7,-125,9,2.6,08:13:52,
2026-09-20T12:08:18.001Z,X3843070,9121,44.25276,7.76214,19077.1,-6.7,13.9,109.3,-58.5,1.6,-1.0,RS41-SG,403.701,6.9,-125,10,2.5,08:13:52,
2026-09-20T12:08:21.001Z,X3843070,9124,44.25269,7.76271,19057.2,-7.1,16.1,89.5,-58.4,1.6,-1.0,RS41-SG,403.701,8.0,-125,7,2.6,08:13:52,
2026-09-20T12:08:22.001Z,X3843070,9125,44.25270,7.76291,19050.2,-7.4,15.9,84.2,-58.4,1.5,-1.0,RS41-SG,403.701,9.5,-500,10,2.6,08:13:52,
2026-09-20T12:08:23.001Z,X3843070,9126,44.25272,7.76310,19042.7,-7.6,15.5,79.2,-58.5,1.5,-1.0,RS41-SG,403.701,9.5,-500,7,2.5,08:13:52,
2026-09-20T12:08:24.001Z,X3843070,9127,44.25275,7.76328,19035.3,-7.4,14.8,74.9,-58.5,1.5,-1.0,RS41-SG,403.701,8.6,-125,9,2.5,08:13:52,
2026-09-20T12:08:25.001Z,X3843070,9128,44.25279,7.76346,19027.9,-7.3,14.4,71.3,-58.5,1.5,-1.0,RS41-SG,403.701,8.6,-125,7,2.5,08:13:52,
2026-09-20T12:08:26.001Z,X3843070,9129,44.25283,7.76362,19021.2,-6.8,13.5,69.1,-58.4,1.6,-1.0,RS41-SG,403.701,8.1,-125,8,2.6,08:13:01,
2026-09-20T12:08:27.001Z,X3843070,9130,44.25288,7.76377,19014.0,-6.8,12.7,68.1,-58.4,1.5,-1.0,RS41-SG,403.701,8.2,-500,8,2.6,08:13:01,
2026-09-20T12:08:28.001Z,X3843070,9131,44.25292,7.76391,19007.0,-7.0,11.9,69.1,-58.4,1.6,-1.0,RS41-SG,403.701,8.2,-125,8,2.5,08:13:01,
2026-09-20T12:08:29.001Z,X3843070,9132,44.25295,7.76404,19000.0,-7.0,11.4,70.5,-58.3,1.6,-1.0,RS41-SG,403.701,8.2,-125,8,2.5,08:13:01,
2026-09-20T12:08:30.001Z,X3843070,9133,44.25298,7.76417,18992.9,-7.1,10.8,71.6,-58.3,1.6,-1.0,RS41-SG,403.701,8.2,-125,10,2.5,08:13:01,
2026-09-20T12:08:31.001Z,X3843070,9134,44.25301,7.76430,18986.1,-7.0,10.6,72.3,-58.3,1.6,-1.0,RS41-SG,403.701,7.6,-125,9,2.6,08:13:01,
2026-09-20T12:08:32.001Z,X3843070,9135,44.25304,7.76442,18979.2,-6.9,9.9,72.8,-58.3,1.6,-1.0,RS41-SG,403.701,8.4,-500,9,2.6,08:13:01,
2026-09-20T12:08:33.001Z,X3843070,9136,44.25306,7.76453,18972.9,-6.8,9.1,72.0,-58.5,1.6,-1.0,RS41-SG,403.701,8.9,-125,9,2.5,08:13:01,
2026-09-20T12:08:34.001Z,X3843070,9137,44.25308,7.76463,18966.4,-6.6,7.7,72.8,-58.6,1.6,-1.0,RS41-SG,403.701,8.9,-125,9,2.5,08:13:01,
2026-09-20T12:08:35.001Z,X3843070,9138,44.25310,7.76470,18960.1,-6.5,5.5,72.5,-58.7,1.7,-1.0,RS41-SG,403.701,8.5,-125,10,2.5,08:13:01,
2026-09-20T12:08:36.001Z,X3843070,9139,44.25311,7.76475,18954.0,-6.6,3.4,71.4,-58.8,1.7,-1.0,RS41-SG,403.701,9.3,-125,9,2.5,08:13:01,
2026-09-20T12:08:37.001Z,X3843070,9140,44.25312,7.76478,18947.0,-6.8,1.7,59.8,-59.0,1.7,-1.0,RS41-SG,403.701,9.3,-125,9,2.6,08:13:01,
2026-09-20T12:08:38.001Z,X3843070,9141,44.25312,7.76479,18940.5,-7.1,0.5,32.3,-59.0,1.7,-1.0,RS41-SG,403.701,8.4,-125,10,2.6,08:13:01,
2026-09-20T12:08:39.001Z,X3843070,9142,44.25313,7.76479,18933.0,-7.2,0.2,303.9,-59.1,1.7,-1.0,RS41-SG,403.701,8.4,-125,9,2.6,08:13:01,
2026-09-20T12:08:40.001Z,X3843070,9143,44.25312,7.76478,18925.7,-7.2,1.1,180.8,-59.1,1.7,-1.0,RS41-SG,403.701,8.0,-125,9,2.5,08:13:01,
2026-09-20T12:08:41.001Z,X3843070,9144,44.25310,7.76478,18918.4,-6.9,3.0,179.0,-59.1,1.7,-1.0,RS41-SG,403.701,7.8,-125,8,2.5,08:13:01,
2026-09-20T12:08:42.001Z,X3843070,9145,44.25307,7.76477,18911.7,-6.8,5.0,188.4,-59.1,1.7,-1.0,RS41-SG,403.701,7.8,-125,9,2.5,08:13:01,
2026-09-20T12:08:43.001Z,X3843070,9146,44.25302,7.76476,18904.9,-6.7,5.9,187.9,-59.1,1.7,-1.0,RS41-SG,403.701,8.0,-125,9,2.5,08:13:01,
2026-09-20T12:08:44.001Z,X3843070,9147,44.25296,7.76476,18898.2,-6.5,6.6,176.8,-59.1,1.7,-1.0,RS41-SG,403.701,8.0,-125,8,2.6,08:13:01,
2026-09-20T12:08:50.001Z,X3843070,9153,44.25245,7.76506,18854.4,-7.2,11.6,144.6,-59.2,1.7,-1.0,RS41-SG,403.701,7.7,-125,9,2.6,08:13:01,
2026-09-20T12:08:51.001Z,X3843070,9154,44.25236,7.76515,18847.8,-7.0,11.9,138.8,-59.3,1.7,-1.0,RS41-SG,403.701,7.8,-125,8,2.5,08:13:01,
2026-09-20T12:08:52.001Z,X3843070,9155,44.25228,7.76525,18840.8,-6.8,12.1,134.5,-59.5,1.7,-1.0,RS41-SG,403.701,7.8,-125,8,2.5,08:13:01,
2026-09-20T12:08:54.001Z,X3843070,9157,44.25213,7.76546,18827.3,-6.4,11.3,138.6,-59.7,1.8,-1.0,RS41-SG,403.701,8.5,-125,9,2.5,08:13:01,
2026-09-20T12:08:55.001Z,X3843070,9158,44.25205,7.76555,18820.6,-6.3,10.2,137.1,-59.7,1.7,-1.0,RS41-SG,403.701,8.5,-125,10,2.6,08:13:01,
2026-09-20T12:08:56.001Z,X3843070,9159,44.25199,7.76564,18814.0,-6.4,11.0,130.0,-59.9,1.8,-1.0,RS41-SG,403.701,8.3,-125,8,2.6,08:13:01,
2026-09-20T12:09:01.001Z,X3843070,9164,44.25174,7.76618,18781.3,-6.5,11.0,109.3,-60.0,1.8,-1.0,RS41,403.701,7.4,-125,9,2.5,08:13:01,
2026-09-20T12:09:02.001Z,X3843070,9165,44.25171,7.76631,18774.7,-6.7,11.0,100.1,-60.1,1.9,-1.0,RS41,403.701,7.4,-125,8,2.6,08:13:01,
2026-09-20T12:09:03.001Z,X3843070,9166,44.25170,7.76644,18768.3,-6.8,10.2,93.1,-60.1,1.8,-1.0,RS41,403.701,7.2,-125,9,2.6,08:13:01,
2026-09-20T12:09:05.001Z,X3843070,9168,44.25170,7.76668,18754.6,-6.6,9.0,80.1,-60.1,1.8,-1.0,RS41,403.701,7.4,-125,8,2.5,08:13:01,
2026-09-20T12:09:06.001Z,X3843070,9169,44.25172,7.76678,18748.3,-6.3,8.1,74.4,-60.1,1.8,-1.0,RS41,403.701,8.7,-125,8,2.5,08:13:01,
2026-09-20T12:09:07.001Z,X3843070,9170,44.25175,7.76687,18742.2,-6.0,7.2,66.0,-60.1,1.8,-1.0,RS41,403.701,8.7,-125,7,2.6,08:13:01,
2026-09-20T12:09:09.001Z,X3843070,9172,44.25180,7.76700,18730.1,-6.4,5.0,43.5,-60.2,1.8,-1.0,RS41,403.701,7.2,-125,9,2.5,08:13:01,
2026-09-20T12:09:10.001Z,X3843070,9173,44.25184,7.76703,18722.9,-7.0,3.9,24.0,-60.4,1.8,-1.0,RS41,403.701,7.3,-125,8,2.5,08:13:01,
2026-09-20T12:09:11.001Z,X3843070,9174,44.25187,7.76704,18715.3,-7.4,2.8,356.5,-60.6,1.9,-1.0,RS41,403.701,7.7,-125,8,2.5,08:13:01,
2026-09-20T12:09:13.001Z,X3843070,9176,44.25189,7.76701,18700.9,-7.1,0.8,254.8,-60.7,1.9,-1.0,RS41,403.701,6.4,-125,9,2.6,08:13:01,
2026-09-20T12:09:14.001Z,X3843070,9177,44.25189,7.76700,18693.6,-7.1,1.1,266.2,-60.7,1.9,-1.0,RS41,403.701,7.6,-125,9,2.6,08:13:01,
2026-09-20T12:09:18.001Z,X3843070,9181,44.25182,7.76696,18666.0,-6.5,3.4,182.8,-60.5,1.8,-1.0,RS41,403.701,7.4,-125,8,2.5,08:13:01,
2026-09-20T12:09:21.001Z,X3843070,9184,44.25169,7.76704,18646.4,-6.5,6.4,148.1,-60.3,1.8,-1.0,RS41,403.701,6.8,-125,8,2.6,08:13:01,
2026-09-20T12:09:22.001Z,X3843070,9185,44.25164,7.76708,18639.8,-6.8,7.6,148.5,-60.2,1.8,-1.0,RS41,403.701,7.4,-125,8,2.5,08:13:01,
2026-09-20T12:09:27.001Z,X3843070,9190,44.25133,7.76746,18605.3,-6.4,9.5,136.5,-60.0,1.7,-1.0,RS41,403.701,7.4,-125,8,2.6,08:13:01,
2026-09-20T12:09:28.001Z,X3843070,9191,44.25127,7.76755,18598.8,-6.4,8.9,129.8,-60.0,1.7,-1.0,RS41,403.701,7.9,-125,8,2.6,08:13:01,
2026-09-20T12:09:29.001Z,X3843070,9192,44.25122,7.76762,18592.2,-6.4,7.7,137.1,-59.9,1.7,-1.0,RS41,403.701,7.9,-125,8,2.5,08:13:01,
2026-09-20T12:09:36.001Z,X3843070,9199,44.25087,7.76813,18548.1,-6.1,8.7,118.7,-59.5,1.7,-1.0,RS41,403.701,7.6,-125,9,2.5,08:13:01,
2026-09-20T12:09:38.001Z,X3843070,9201,44.25083,7.76834,18535.3,-6.6,9.7,97.6,-59.5,1.7,-1.0,RS41,403.701,8.2,-125,8,2.6,08:13:01,
2026-09-20T12:09:39.001Z,X3843070,9202,44.25082,7.76847,18528.5,-6.9,10.7,89.7,-59.5,1.7,-1.0,RS41,403.701,8.2,-125,8,2.6,08:13:01,
2026-09-20T12:09:42.001Z,X3843070,9205,44.25087,7.76887,18507.2,-7.1,10.7,72.0,-59.4,1.7,-1.0,RS41,403.701,6.9,-125,8,2.5,08:13:01,
2026-09-20T12:09:43.001Z,X3843070,9206,44.25091,7.76899,18499.9,-7.3,10.3,65.8,-59.3,1.7,-1.0,RS41,403.701,7.7,-125,8,2.5,08:13:01,
2026-09-20T12:09:44.001Z,X3843070,9207,44.25095,7.76910,18492.8,-7.1,9.6,57.3,-59.3,1.7,-1.0,RS41,403.701,8.0,-125,7,2.6,08:13:01,
2026-09-20T12:09:45.001Z,X3843070,9208,44.25100,7.76919,18485.3,-7.1,8.4,49.0,-59.3,1.7,-1.0,RS41,403.701,8.0,-500,8,2.6,08:13:01,
2026-09-20T12:09:47.001Z,X3843070,9210,44.25109,7.76932,18472.6,-6.3,6.1,46.0,-59.3,1.7,-1.0,RS41,403.701,7.7,-125,10,2.5,08:13:01,
2026-09-20T12:09:48.001Z,X3843070,9211,44.25113,7.76937,18466.3,-6.4,6.4,38.7,-59.3,1.7,-1.0,RS41,403.701,7.7,-125,8,2.5,08:13:01,
2026-09-20T12:09:49.001Z,X3843070,9212,44.25117,7.76940,18459.4,-6.6,4.9,23.6,-59.3,1.7,-1.0,RS41,403.701,8.2,-125,9,2.5,08:13:01,
2026-09-20T12:09:50.001Z,X3843070,9213,44.25121,7.76943,18453.2,-6.4,3.7,29.7,-59.3,1.7,-1.0,RS41,403.701,8.8,-125,8,2.5,08:13:01,
2026-09-20T12:09:51.001Z,X3843070,9214,44.25124,7.76945,18446.7,-6.4,4.1,27.8,-59.3,1.7,-1.0,RS41,403.701,8.8,-125,9,2.5,08:13:01,
2026-09-20T12:09:52.001Z,X3843070,9215,44.25127,7.76946,18440.2,-6.3,2.9,6.3,-59.4,1.8,-1.0,RS41-SG,403.701,8.5,-125,8,2.6,08:13:01,
2026-09-20T12:09:53.001Z,X3843070,9216,44.25129,7.76947,18433.8,-6.4,2.6,33.6,-59.6,1.8,-1.0,RS41-SG,403.701,9.0,-125,9,2.6,08:13:01,
2026-09-20T12:09:54.001Z,X3843070,9217,44.25131,7.76948,18427.3,-6.4,2.2,359.3,-59.7,1.8,-1.0,RS41-SG,403.701,9.1,-125,9,2.6,08:13:01,
2026-09-20T12:09:55.001Z,X3843070,9218,44.25133,7.76948,18421.3,-6.1,0.9,19.5,-59.8,1.9,-1.0,RS41-SG,403.701,9.3,-125,8,2.5,08:13:01,
2026-09-20T12:09:56.001Z,X3843070,9219,44.25134,7.76948,18414.8,-6.3,1.5,352.8,-59.9,1.9,-1.0,RS41-SG,403.701,9.3,-125,8,2.5,08:13:01,
2026-09-20T12:09:57.001Z,X3843070,9220,44.25134,7.76947,18408.5,-6.3,1.1,281.0,-59.9,1.8,-1.0,RS41-SG,403.701,8.9,-125,9,2.5,08:13:01,
2026-09-20T12:09:58.001Z,X3843070,9221,44.25135,7.76946,18402.0,-6.4,0.5,250.9,-59.9,1.8,-1.0,RS41-SG,403.701,8.6,-125,9,2.5,08:13:01,
2026-09-20T12:09:59.001Z,X3843070,9222,44.25134,7.76945,18395.4,-6.5,1.9,261.5,-60.0,1.9,-1.0,RS41-SG,403.701,8.7,-125,8,2.6,08:13:01,
2026-09-20T12:10:00.001Z,X3843070,9223,44.25133,7.76942,18389.2,-6.4,3.3,236.2,-60.0,1.9,-1.0,RS41-SG,403.701,8.7,-125,9,2.6,08:13:01,
2026-09-20T12:10:01.001Z,X3843070,9224,44.25131,7.76938,18383.2,-6.1,3.9,213.9,-60.0,1.9,-1.0,RS41-SG,403.701,8.3,-125,9,2.5,08:13:01,
2026-09-20T12:10:02.001Z,X3843070,9225,44.25128,7.76935,18377.2,-6.0,4.3,214.8,-60.0,1.9,-1.0,RS41-SG,403.701,8.0,-125,8,2.5,08:13:01,
2026-09-20T12:10:03.001Z,X3843070,9226,44.25124,7.76932,18370.8,-6.4,6.2,212.4,-60.0,1.9,-1.0,RS41-SG,403.701,7.9,-125,9,2.5,08:13:01,
2026-09-20T12:10:04.001Z,X3843070,9227,44.25119,7.76929,18364.1,-6.8,6.9,194.8,-60.0,1.8,-1.0,RS41-SG,403.701,8.4,-125,8,2.6,08:13:01,
2026-09-20T12:10:05.001Z,X3843070,9228,44.25113,7.76926,18357.4,-6.7,7.2,196.9,-59.9,1.8,-1.0,RS41-SG,403.701,8.4,-125,9,2.6,08:13:01,
2026-09-20T12:10:06.001Z,X3843070,9229,44.25106,7.76924,18350.8,-6.7,8.9,186.6,-59.9,1.9,-1.0,RS41-SG,403.701,8.4,-125,7,2.5,08:13:01,
2026-09-20T12:10:07.001Z,X3843070,9230,44.25098,7.76923,18344.0,-6.6,7.9,183.0,-59.8,1.8,-1.0,RS41-SG,403.701,8.4,-125,8,2.5,08:13:01,
2026-09-20T12:10:08.001Z,X3843070,9231,44.25090,7.76923,18337.8,-6.3,9.2,178.0,-59.8,1.8,-1.0,RS41-SG,403.701,8.5,-125,8,2.5,08:11:19,
2026-09-20T12:10:09.001Z,X3843070,9232,44.25083,7.76923,18331.1,-6.4,8.1,178.3,-59.8,1.8,-1.0,RS41-SG,403.701,8.5,-125,8,2.5,08:11:19,
2026-09-20T12:10:10.001Z,X3843070,9233,44.25075,7.76924,18324.9,-6.1,8.3,170.4,-59.7,1.8,-1.0,RS41-SG,403.701,8.3,-125,9,2.6,08:11:19,
2026-09-20T12:10:11.001Z,X3843070,9234,44.25068,7.76925,18318.7,-6.1,7.1,177.3,-59.7,1.8,-1.0,RS41-SG,403.701,8.3,-125,9,2.6,08:11:19,
2026-09-20T12:10:12.001Z,X3843070,9235,44.25062,7.76926,18312.5,-6.2,6.9,169.8,-59.7,1.8,-1.0,RS41-SG,403.701,7.8,-125,8,2.5,08:11:19,
2026-09-20T12:10:13.001Z,X3843070,9236,44.25056,7.76927,18306.1,-6.3,5.5,178.3,-59.6,1.8,-1.0,RS41-SG,403.701,8.2,-125,8,2.5,08:11:19,
2026-09-20T12:10:14.001Z,X3843070,9237,44.25051,7.76927,18299.9,-6.0,6.0,177.8,-59.6,1.8,-1.0,RS41-SG,403.701,8.2,-125,9,2.5,08:11:19,
2026-09-20T12:10:15.001Z,X3843070,9238,44.25046,7.76928,18294.1,-5.9,5.3,164.9,-59.6,1.7,-1.0,RS41-SG,403.701,7.5,-125,8,2.6,08:11:19,
2026-09-20T12:10:16.001Z,X3843070,9239,44.25042,7.76930,18288.1,-5.9,5.2,171.6,-59.5,1.7,-1.0,RS41-SG,403.701,7.6,-125,9,2.6,08:11:19,
2026-09-20T12:10:17.001Z,X3843070,9240,44.25037,7.76931,18282.2,-5.9,6.4,165.9,-59.5,1.7,-1.0,RS41-SG,403.701,7.6,-125,8,2.5,08:11:19,
2026-09-20T12:10:18.001Z,X3843070,9241,44.25031,7.76934,18275.9,-6.3,7.3,151.5,-59.5,1.8,-1.0,RS41-SG,403.701,7.6,-125,7,2.5,08:11:19,
2026-09-20T12:10:19.001Z,X3843070,9242,44.25026,7.76939,18269.8,-6.2,7.2,145.4,-59.5,1.8,-1.0,RS41-SG,403.701,7.6,-125,8,2.5,08:11:19,
2026-09-20T12:10:20.001Z,X3843070,9243,44.25020,7.76944,18263.7,-6.4,7.8,145.6,-59.5,1.8,-1.0,RS41-SG,403.701,7.5,-125,9,2.6,08:11:19,
2026-09-20T12:10:21.001Z,X3843070,9244,44.25014,7.76951,18257.6,-6.4,9.4,140.0,-59.4,1.8,-1.0,RS41-SG,403.701,8.4,-125,8,2.6,08:11:19,
2026-09-20T12:10:22.001Z,X3843070,9245,44.25008,7.76959,18251.0,-6.5,9.2,129.6,-59.4,1.8,-1.0,RS41-SG,403.701,8.4,-125,8,2.5,08:11:19,
2026-09-20T12:10:24.001Z,X3843070,9247,44.24998,7.76976,18237.3,-6.9,9.8,124.0,-59.4,1.7,-1.0,RS41-SG,403.701,8.1,-125,9,2.5,08:11:19,
2026-09-20T12:10:25.001Z,X3843070,9248,44.24993,7.76986,18230.5,-6.5,8.5,122.1,-59.3,1.7,-1.0,RS41-SG,403.701,8.2,-125,9,2.5,08:11:19,
2026-09-20T12:10:26.001Z,X3843070,9249,44.24989,7.76996,18224.1,-6.3,9.4,119.2,-59.3,1.7,-1.0,RS41-SG,403.701,8.2,-125,8,2.6,08:11:19,
2026-09-20T12:10:28.001Z,X3843070,9251,44.24983,7.77016,18211.0,-6.4,8.8,110.8,-59.2,1.7,-1.0,RS41-SG,403.701,7.4,-125,10,2.6,08:11:19,
2026-09-20T12:10:30.001Z,X3843070,9253,44.24979,7.77039,18197.5,-6.7,8.9,95.7,-59.2,1.8,-1.0,RS41-SG,403.701,7.3,-125,9,2.5,08:11:19,
2026-09-20T12:10:31.001Z,X3843070,9254,44.24978,7.77050,18190.8,-6.5,8.8,94.3,-59.2,1.7,-1.0,RS41-SG,403.701,7.6,-125,8,2.5,08:11:19,
2026-09-20T12:10:34.001Z,X3843070,9257,44.24978,7.77086,18171.5,-6.2,10.1,84.5,-59.1,1.7,-1.0,RS41-SG,403.701,7.1,-125,8,2.6,08:11:19,
2026-09-20T12:10:36.001Z,X3843070,9259,44.24982,7.77111,18158.7,-6.3,10.1,69.8,-59.2,1.8,-1.0,RS41-SG,403.701,7.0,-125,8,2.6,08:11:19,
2026-09-20T12:10:37.001Z,X3843070,9260,44.24986,7.77123,18152.5,-6.4,11.1,65.1,-59.2,1.7,-1.0,RS41-SG,403.701,7.7,-125,8,2.5,08:11:19,
2026-09-20T12:10:38.001Z,X3843070,9261,44.24990,7.77135,18146.6,-6.2,10.8,64.4,-59.3,1.8,-1.0,RS41-SG,403.701,7.7,-125,9,2.5,08:11:19,
2026-09-20T12:10:42.001Z,X3843070,9265,44.25014,7.77176,18121.5,-6.2,10.1,40.0,-59.4,1.8,-1.0,RS41-SG,403.701,7.2,-125,8,2.6,08:11:19,
2026-09-20T12:10:43.001Z,X3843070,9266,44.25021,7.77183,18115.3,-6.4,9.3,27.6,-59.4,1.8,-1.0,RS41-SG,403.701,7.3,-125,8,2.5,08:11:19,
2026-09-20T12:10:44.001Z,X3843070,9267,44.25028,7.77188,18108.7,-6.6,8.2,22.9,-59.4,1.8,-1.0,RS41-SG,403.701,8.9,-125,8,2.5,08:11:19,
2026-09-20T12:10:45.001Z,X3843070,9268,44.25035,7.77191,18101.8,-6.8,7.7,16.9,-59.5,1.8,-1.0,RS41-SG,403.701,8.9,-125,7,2.5,08:11:19,
2026-09-20T12:10:46.001Z,X3843070,9269,44.25041,7.77193,18094.7,-7.0,6.2,3.7,-59.6,1.8,-1.0,RS41-SG,403.701,7.9,-125,8,2.5,08:11:19,
2026-09-20T12:10:47.001Z,X3843070,9270,44.25046,7.77193,18087.9,-6.9,4.4,0.7,-59.6,1.8,-1.0,RS41-SG,403.701,8.7,-125,9,2.6,08:11:19,
2026-09-20T12:10:48.001Z,X3843070,9271,44.25049,7.77193,18080.8,-6.9,3.2,2.8,-59.6,1.8,-1.0,RS41-SG,403.701,8.7,-125,9,2.6,08:11:19,
2026-09-20T12:10:49.001Z,X3843070,9272,44.25051,7.77193,18074.3,-6.8,1.6,355.1,-59.6,1.8,-1.0,RS41-SG,403.701,9.7,-125,9,2.6,08:11:19,
2026-09-20T12:10:50.001Z,X3843070,9273,44.25052,7.77193,18067.3,-6.9,0.1,345.1,-59.7,1.8,-1.0,RS41-SG,403.701,9.7,-125,9,2.5,08:11:19,
2026-09-20T12:10:51.001Z,X3843070,9274,44.25052,7.77193,18060.5,-6.7,1.7,151.4,-59.7,1.9,-1.0,RS41-SG,403.701,8.7,-125,8,2.5,08:11:19,
2026-09-20T12:10:52.001Z,X3843070,9275,44.25050,7.77195,18053.5,-6.9,3.3,146.0,-59.7,1.8,-1.0,RS41-SG,403.701,8.8,-125,9,2.5,08:11:19,
2026-09-20T12:10:53.001Z,X3843070,9276,44.25047,7.77198,18046.3,-7.3,4.7,140.3,-59.7,1.8,-1.0,RS41-SG,403.701,8.8,-125,9,2.5,08:11:19,
2026-09-20T12:10:55.001Z,X3843070,9278,44.25040,7.77208,18032.2,-6.7,6.8,130.8,-59.7,1.8,-1.0,RS41-SG,403.701,8.6,-125,9,2.6,08:11:19,
2026-09-20T12:10:56.001Z,X3843070,9279,44.25036,7.77215,18025.1,-6.9,7.8,124.8,-59.7,1.9,-1.0,RS41-SG,403.701,8.6,-125,9,2.6,08:11:19,
2026-09-20T12:10:58.001Z,X3843070,9281,44.25028,7.77235,18011.6,-6.5,9.8,116.2,-59.7,1.9,-1.0,RS41-SG,403.701,8.0,-125,8,2.5,08:11:19,
2026-09-20T12:10:59.001Z,X3843070,9282,44.25024,7.77247,18004.7,-6.7,10.8,109.8,-59.6,1.8,-1.0,RS41-SG,403.701,8.0,-125,10,2.5,08:10:28,
2026-09-20T12:11:00.001Z,X3843070,9283,44.25021,7.77260,17997.9,-6.6,11.3,107.3,-59.5,1.9,-1.0,RS41-SG,403.701,7.9,-125,10,2.5,08:10:28,
2026-09-20T12:11:01.001Z,X3843070,9284,44.25018,7.77274,17991.2,-6.5,11.9,103.3,-59.6,1.8,-1.0,RS41-SG,403.701,7.9,-125,10,2.5,08:10:28,
2026-09-20T12:11:04.001Z,X3843070,9287,44.25014,7.77322,17971.3,-6.4,13.9,89.1,-60.0,1.9,-1.0,RS41-SG,403.701,7.1,-500,9,2.5,08:10:28,
2026-09-20T12:11:08.001Z,X3843070,9291,44.25026,7.77392,17944.7,-6.8,14.4,66.6,-59.7,1.8,-1.0,RS41-SG,403.701,7.9,-125,9,2.6,08:10:28,
2026-09-20T12:11:09.001Z,X3843070,9292,44.25031,7.77408,17937.9,-6.6,14.1,61.8,-59.7,1.9,-1.0,RS41-SG,403.701,7.9,-125,10,2.6,08:10:28,
2026-09-20T12:11:12.001Z,X3843070,9295,44.25051,7.77449,17918.1,-6.5,12.2,48.1,-59.7,1.9,-1.0,RS41-SG,403.701,7.3,-125,11,2.5,08:10:28,
2026-09-20T12:11:13.001Z,X3843070,9296,44.25059,7.77460,17911.3,-6.6,11.6,43.7,-59.7,1.9,-1.0,RS41-SG,403.701,7.3,-125,11,2.5,08:10:28,
2026-09-20T12:11:14.001Z,X3843070,9297,44.25066,7.77469,17904.6,-6.6,10.6,39.8,-59.8,1.9,-1.0,RS41-SG,403.701,8.1,-125,11,2.5,08:10:28,
2026-09-20T12:11:15.001Z,X3843070,9298,44.25073,7.77477,17898.1,-6.4,9.6,35.0,-59.7,1.9,-1.0,RS41-SG,403.701,8.1,-125,11,2.5,08:10:28,
2026-09-20T12:11:16.001Z,X3843070,9299,44.25080,7.77483,17891.5,-6.4,8.5,30.6,-59.6,1.9,-1.0,RS41-SG,403.701,7.7,-125,11,2.6,08:10:28,
2026-09-20T12:11:46.001Z,X3843070,9329,44.25124,7.77710,17696.7,-6.4,9.7,64.7,-59.2,1.8,-1.0,RS41-SG,403.701,6.7,-500,11,2.6,08:10:28,
2026-09-20T12:11:47.001Z,X3843070,9330,44.25128,7.77721,17690.4,-6.2,9.2,64.5,-59.1,1.9,-1.0,RS41-SG,403.701,6.7,-500,11,2.5,08:10:28,
2026-09-20T12:11:49.001Z,X3843070,9332,44.25135,7.77741,17677.8,-6.2,8.5,63.5,-59.1,1.9,-1.0,RS41-SG,403.701,6.5,-125,11,2.5,08:10:28,
2026-09-20T12:11:52.001Z,X3843070,9335,44.25144,7.77766,17659.2,-6.2,7.1,59.1,-59.0,1.9,-1.0,RS41-SG,403.701,7.3,-125,11,2.5,08:10:28,
2026-09-20T12:11:55.001Z,X3843070,9338,44.25154,7.77785,17640.3,-6.2,5.1,49.8,-58.9,1.8,-1.0,RS41-SG,403.701,7.0,-125,11,2.5,08:10:28,
2026-09-20T12:12:16.001Z,X3843070,9359,44.25073,7.77863,17508.1,-6.6,9.9,99.6,-60.1,2.0,-1.0,RS41-SG,403.701,7.0,-125,11,2.5,08:10:28,
2026-09-20T12:12:27.001Z,X3843070,9370,44.25073,7.77963,17441.1,-5.9,6.2,80.8,-60.9,2.2,-1.0,RS41-SG,403.701,7.0,-125,11,2.5,08:10:28,
2026-09-20T12:12:28.001Z,X3843070,9371,44.25074,7.77970,17435.2,-5.7,5.7,74.9,-60.9,2.1,-1.0,RS41-SG,403.701,7.4,-125,11,2.6,08:10:28,
2026-09-20T12:22:54.001Z,X3843070,9997,44.20234,7.81090,14135.1,-4.6,16.7,144.4,-273.0,-1.0,-1.0,RS41,403.701,6.9,-125,11,2.5,,
2026-09-20T12:22:59.001Z,X3843070,10002,44.20176,7.81152,14111.8,-4.7,15.9,140.3,-273.0,-1.0,-1.0,RS41,403.701,7.2,-125,11,2.5,,
2026-09-20T12:23:00.001Z,X3843070,10003,44.20166,7.81165,14107.0,-4.8,15.5,138.9,-273.0,-1.0,-1.0,RS41,403.701,7.2,-125,11,2.5,,
2026-09-20T12:23:01.001Z,X3843070,10004,44.20155,7.81177,14102.2,-5.1,15.2,137.5,-273.0,-1.0,-1.0,RS41,403.701,7.1,-125,11,2.5,,
2026-09-20T12:23:02.001Z,X3843070,10005,44.20145,7.81190,14097.1,-5.1,14.8,136.5,-273.0,-1.0,-1.0,RS41,403.701,7.6,-125,11,2.5,,
2026-09-20T12:23:05.001Z,X3843070,10008,44.20119,7.81228,14082.7,-4.7,13.2,131.2,-273.0,-1.0,-1.0,RS41,403.701,7.4,-125,11,2.5,,
2026-09-20T12:23:12.001Z,X3843070,10015,44.20076,7.81305,14049.8,-4.9,9.1,127.2,-273.0,-1.0,-1.0,RS41,403.701,6.8,-125,11,2.5,,
2026-09-20T12:23:13.001Z,X3843070,10016,44.20071,7.81314,14045.0,-4.7,8.7,128.6,-273.0,-1.0,-1.0,RS41,403.701,7.2,-125,11,2.5,,
2026-09-20T12:23:14.001Z,X3843070,10017,44.20066,7.81322,14040.4,-4.5,8.1,129.9,-273.0,-1.0,-1.0,RS41,403.701,7.2,-125,11,2.5,,
2026-09-20T12:23:15.001Z,X3843070,10018,44.20061,7.81329,14036.0,-4.4,7.7,131.9,-273.0,-1.0,-1.0,RS41,403.701,7.2,-125,11,2.6,,
2026-09-20T12:23:17.001Z,X3843070,10020,44.20052,7.81342,14027.4,-4.2,6.9,137.5,-273.0,-1.0,-1.0,RS41,403.701,7.3,-125,11,2.5,,
2026-09-20T12:24:21.001Z,X3843070,10084,44.19591,7.81510,13744.9,-4.4,11.0,164.0,-273.0,-1.0,-1.0,RS41,403.701,7.1,-125,11,2.6,,
2026-09-20T12:24:41.001Z,X3843070,10104,44.19486,7.81521,13658.2,-4.2,6.7,221.1,-273.0,-1.0,-1.0,RS41,403.701,6.0,-125,11,2.5,,
2026-09-20T12:24:53.001Z,X3843070,10116,44.19403,7.81429,13607.4,-4.2,12.7,209.4,-273.0,-1.0,-1.0,RS41,403.701,7.5,-125,11,2.5,,
2026-09-20T12:24:59.001Z,X3843070,10122,44.19338,7.81392,13582.5,-4.0,12.9,194.2,-273.0,-1.0,-1.0,RS41,403.701,7.2,-125,11,2.5,,
2026-09-20T12:25:07.001Z,X3843070,10130,44.19256,7.81387,13548.3,-4.4,9.7,174.3,-273.0,-1.0,-1.0,RS41,403.701,7.5,-125,11,2.5,,
2026-09-20T12:25:08.001Z,X3843070,10131,44.19248,7.81389,13543.9,-4.4,9.5,174.3,-273.0,-1.0,-1.0,RS41,403.701,7.8,-125,11,2.5,,
2026-09-20T12:25:11.001Z,X3843070,10134,44.19223,7.81392,13530.9,-4.2,9.2,175.4,-273.0,-1.0,-1.0,RS41,403.701,7.5,-125,11,2.5,,
2026-09-20T12:25:15.001Z,X3843070,10138,44.19192,7.81394,13514.2,-4.1,7.7,178.0,-273.0,-1.0,-1.0,RS41,403.701,7.6,-125,11,2.6,,
2026-09-20T12:25:16.001Z,X3843070,10139,44.19185,7.81395,13510.2,-3.9,7.0,180.2,-273.0,-1.0,-1.0,RS41,403.701,7.6,-125,11,2.6,,
2026-09-20T12:25:19.001Z,X3843070,10142,44.19169,7.81392,13498.2,-4.1,5.2,197.7,-273.0,-1.0,-1.0,RS41,403.701,7.5,-125,11,2.5,,
2026-09-20T12:25:20.001Z,X3843070,10143,44.19165,7.81390,13494.1,-4.1,5.1,207.5,-273.0,-1.0,-1.0,RS41,403.701,7.7,-125,11,2.5,,
2026-09-20T12:25:23.001Z,X3843070,10146,44.19153,7.81377,13481.2,-4.4,6.2,225.0,-273.0,-1.0,-1.0,RS41,403.701,7.4,-125,11,2.5,,
2026-09-20T12:25:24.001Z,X3843070,10147,44.19149,7.81371,13476.7,-4.6,6.6,226.4,-273.0,-1.0,-1.0,RS41,403.701,7.5,-125,11,2.5,,
2026-09-20T12:25:25.001Z,X3843070,10148,44.19145,7.81365,13472.1,-4.6,7.1,225.7,-273.0,-1.0,-1.0,RS41,403.701,7.5,-125,11,2.5,,
2026-09-20T12:25:28.001Z,X3843070,10151,44.19130,7.81344,13458.5,-4.4,8.6,222.4,-273.0,-1.0,-1.0,RS41,403.701,7.3,-125,11,2.6,,
2026-09-20T12:25:33.001Z,X3843070,10156,44.19095,7.81306,13437.0,-4.3,11.3,215.0,-273.0,-1.0,-1.0,RS41,403.701,8.1,-125,11,2.6,,
2026-09-20T12:25:35.001Z,X3843070,10158,44.19077,7.81290,13428.1,-4.5,12.3,211.1,-273.0,-1.0,-1.0,RS41,403.701,7.3,-125,11,2.5,,
2026-09-20T12:25:36.001Z,X3843070,10159,44.19068,7.81282,13423.7,-4.4,12.7,209.5,-273.0,-1.0,-1.0,RS41,403.701,7.3,-125,11,2.5,,
2026-09-20T12:25:37.001Z,X3843070,10160,44.19057,7.81274,13419.3,-4.4,13.1,207.0,-273.0,-1.0,-1.0,RS41,403.701,7.7,-125,11,2.5,,
2026-09-20T12:25:38.001Z,X3843070,10161,44.19047,7.81267,13414.9,-4.4,13.4,205.5,-273.0,-1.0,-1.0,RS41,403.701,7.7,-125,10,2.5,,
2026-09-20T12:25:39.001Z,X3843070,10162,44.19036,7.81260,13410.6,-4.2,13.7,202.4,-273.0,-1.0,-1.0,RS41,403.701,8.0,-125,11,2.6,,
2026-09-20T12:25:40.001Z,X3843070,10163,44.19024,7.81254,13406.2,-4.3,13.9,200.5,-273.0,-1.0,-1.0,RS41,403.701,8.0,-125,11,2.6,,
2026-09-20T12:25:41.001Z,X3843070,10164,44.19012,7.81248,13402.1,-4.1,14.2,198.4,-273.0,-1.0,-1.0,RS41,403.701,7.5,-125,11,2.5,,
2026-09-20T12:25:42.001Z,X3843070,10165,44.19000,7.81242,13397.9,-4.3,14.4,197.1,-273.0,-1.0,-1.0,RS41,403.701,7.2,-125,11,2.5,,
2026-09-20T12:25:43.001Z,X3843070,10166,44.18987,7.81237,13393.6,-4.3,14.4,195.4,-273.0,-1.0,-1.0,RS41,403.701,7.4,-125,11,2.5,,
2026-09-20T12:25:45.001Z,X3843070,10168,44.18962,7.81229,13385.0,-4.3,14.7,192.1,-273.0,-1.0,-1.0,RS41,403.701,6.6,-125,11,2.6,,
2026-09-20T12:25:46.001Z,X3843070,10169,44.18949,7.81225,13380.8,-4.2,14.9,190.3,-273.0,-1.0,-1.0,RS41,403.701,6.6,-125,11,2.6,,
2026-09-20T12:25:47.001Z,X3843070,10170,44.18936,7.81222,13376.5,-4.2,15.1,187.8,-273.0,-1.0,-1.0,RS41,403.701,7.2,-125,11,2.5,,
2026-09-20T12:25:48.001Z,X3843070,10171,44.18922,7.81220,13372.3,-4.3,15.2,186.1,-273.0,-1.0,-1.0,RS41,403.701,7.2,-125,11,2.5,,
2026-09-20T12:25:49.001Z,X3843070,10172,44.18908,7.81218,13368.1,-4.2,15.3,183.3,-273.0,-1.0,-1.0,RS41,403.701,7.2,-125,11,2.5,,
2026-09-20T12:30:59.002Z,X3843070,10482,44.14512,7.81075,12133.0,-3.9,15.4,199.2,-273.0,-1.0,-1.0,RS41,403.701,6.6,-125,8,2.5,,
2026-09-20T12:31:08.002Z,X3843070,10491,44.14375,7.81010,12100.5,-3.6,19.9,198.2,-273.0,-1.0,-1.0,RS41,403.701,6.7,-125,9,2.5,,
