timestamp,serial,frame,lat,lon,alt,vel_v,vel_h,heading,temp,humidity,pressure,type,freq_mhz,snr,f_error_hz,sats,batt_v,burst_timer,aux_data
2026-09-03T23:40:32.000Z,M20-409-2-00781,1472514032,43.76751,4.47572,7937.1,5.7,11.4,74.7,-21.6,19.4,388.2,0x20,405.003,11.0,1125,-1,2.7,,
2026-09-03T23:40:41.000Z,M20-409-2-00781,1472514041,43.76723,4.47697,7979.1,3.8,13.0,104.5,-21.9,18.4,385.9,0x20,405.003,11.7,1125,-1,2.7,,
2026-09-03T23:40:45.000Z,M20-409-2-00781,1472514045,43.76715,4.47763,7992.3,4.2,12.5,101.6,-21.9,18.0,385.2,0x20,405.003,11.8,1125,-1,2.7,,
2026-09-03T23:40:47.000Z,M20-409-2-00781,1472514047,43.76709,4.47794,7999.9,3.3,12.1,107.4,-22.0,17.9,384.8,0x20,405.003,10.6,1125,-1,2.7,,
2026-09-03T23:40:48.000Z,M20-409-2-00781,1472514048,43.76706,4.47808,8003.9,3.9,11.4,104.3,-22.0,17.9,384.6,0x20,405.003,10.6,375,-1,2.7,,
2026-09-03T23:40:49.000Z,M20-409-2-00781,1472514049,43.76704,4.47821,8007.8,4.0,10.9,99.4,-22.0,17.9,384.4,0x20,405.003,3.9,375,-1,2.7,,
2026-09-03T23:40:50.000Z,M20-409-2-00781,1472514050,43.76703,4.47836,8012.2,4.6,12.8,94.7,-22.1,17.9,384.2,0x20,405.003,3.9,1125,-1,2.7,,
2026-09-03T23:40:51.000Z,M20-409-2-00781,1472514051,43.76702,4.47853,8016.4,3.9,14.5,99.0,-22.1,17.9,384.0,0x20,405.003,7.9,1125,-1,2.7,,
2026-09-03T23:40:52.000Z,M20-409-2-00781,1472514052,43.76699,4.47871,8020.4,4.2,16.1,103.9,-22.1,17.8,383.8,0x20,405.003,8.4,1125,-1,2.7,,
2026-09-03T23:40:53.000Z,M20-409-2-00781,1472514053,43.76695,4.47890,8024.3,3.3,15.1,110.2,-22.1,17.6,383.6,0x20,405.003,10.0,1125,-1,2.7,,
2026-09-03T23:40:55.000Z,M20-409-2-00781,1472514055,43.76688,4.47924,8030.7,4.3,13.3,98.2,-22.1,17.2,383.2,0x20,405.003,11.1,1125,-1,2.7,,
2026-09-03T23:40:56.000Z,M20-409-2-00781,1472514056,43.76686,4.47940,8034.4,3.0,13.2,94.6,-22.1,17.1,383.0,0x20,405.003,12.8,1125,-1,2.7,,
2026-09-03T23:40:57.000Z,M20-409-2-00781,1472514057,43.76685,4.47956,8038.3,4.8,13.3,96.2,-22.1,17.0,382.8,0x20,405.003,12.8,1125,-1,2.7,,
2026-09-03T23:40:59.000Z,M20-409-2-00781,1472514059,43.76679,4.47988,8047.0,4.2,13.5,110.4,-22.1,16.8,382.4,0x20,405.003,11.4,375,-1,2.7,,
2026-09-03T23:41:01.000Z,M20-409-2-00781,1472514061,43.76672,4.48021,8055.9,4.7,13.8,103.5,-22.2,16.6,382.1,0x20,405.003,11.7,1125,-1,2.7,,
2026-09-03T23:41:02.000Z,M20-409-2-00781,1472514062,43.76670,4.48037,8060.5,4.9,12.3,99.1,-22.2,16.5,381.9,0x20,405.003,3.9,1125,-1,2.7,,
2026-09-03T23:41:03.000Z,M20-409-2-00781,1472514063,43.76669,4.48051,8065.3,5.2,11.7,92.1,-22.2,16.3,381.7,0x20,405.003,3.9,375,-1,2.7,,
2026-09-03T23:41:04.000Z,M20-409-2-00781,1472514064,43.76669,4.48066,8070.3,5.5,11.4,89.4,-22.2,16.2,381.4,0x20,405.003,4.0,375,-1,2.7,,
2026-09-03T23:41:05.000Z,M20-409-2-00781,1472514065,43.76668,4.48080,8074.4,3.8,12.5,96.2,-22.3,16.0,381.3,0x20,405.003,10.7,375,-1,2.7,,
2026-09-03T23:41:06.000Z,M20-409-2-00781,1472514066,43.76666,4.48096,8078.7,5.8,12.9,105.9,-22.3,15.9,381.1,0x20,405.003,10.7,1125,-1,2.7,,
2026-09-03T23:41:07.000Z,M20-409-2-00781,1472514067,43.76662,4.48111,8082.6,3.3,13.4,110.4,-22.3,15.9,380.9,0x20,405.003,11.7,1125,-1,2.7,,
2026-09-03T23:41:08.000Z,M20-409-2-00781,1472514068,43.76659,4.48127,8086.6,5.6,13.7,105.2,-22.3,15.8,380.7,0x20,405.003,11.7,1125,-1,2.7,,
2026-09-03T23:41:09.000Z,M20-409-2-00781,1472514069,43.76656,4.48144,8090.4,3.3,13.9,101.1,-22.4,15.7,380.5,0x20,405.003,13.3,1125,-1,2.7,,
2026-09-03T23:41:10.000Z,M20-409-2-00781,1472514070,43.76653,4.48161,8093.3,3.3,13.2,101.2,-22.4,15.7,380.3,0x20,405.003,13.3,1125,-1,2.7,,
2026-09-03T23:41:11.000Z,M20-409-2-00781,1472514071,43.76650,4.48177,8097.2,5.3,13.3,108.9,-22.4,15.6,380.1,0x20,405.003,11.7,1125,-1,2.7,,
2026-09-03T23:41:14.000Z,M20-409-2-00781,1472514074,43.76642,4.48221,8108.3,3.8,13.1,94.2,-22.5,15.5,379.6,0x20,405.003,14.1,375,-1,2.7,,
2026-09-03T23:41:16.000Z,M20-409-2-00781,1472514076,43.76639,4.48253,8115.0,2.3,13.3,103.2,-22.5,15.4,379.2,0x20,405.003,3.4,375,-1,2.7,,
2026-09-03T23:41:18.000Z,M20-409-2-00781,1472514078,43.76635,4.48285,8122.7,3.6,14.4,101.3,-22.6,15.4,378.8,0x20,405.003,11.7,375,-1,2.7,,
2026-09-03T23:41:20.000Z,M20-409-2-00781,1472514080,43.76630,4.48318,8129.4,3.8,13.0,105.8,-22.7,15.5,378.4,0x20,405.003,13.1,375,-1,2.7,,
2026-09-03T23:41:21.000Z,M20-409-2-00781,1472514081,43.76627,4.48333,8133.5,5.4,11.9,108.7,-22.7,15.5,378.2,0x20,405.003,13.1,375,-1,2.7,,
2026-09-03T23:41:22.000Z,M20-409-2-00781,1472514082,43.76624,4.48348,8137.3,3.4,13.2,101.3,-22.7,15.7,378.0,0x20,405.003,12.3,375,-1,2.7,,
2026-09-03T23:41:24.000Z,M20-409-2-00781,1472514084,43.76620,4.48379,8143.0,4.2,12.8,101.3,-22.8,16.1,377.7,0x20,405.003,12.2,375,-1,2.7,,
2026-09-03T23:41:25.000Z,M20-409-2-00781,1472514085,43.76616,4.48395,8145.7,3.2,13.6,109.0,-22.8,16.1,377.5,0x20,405.003,14.2,375,-1,2.7,,
2026-09-03T23:41:26.000Z,M20-409-2-00781,1472514086,43.76613,4.48412,8149.1,4.5,13.7,103.0,-22.9,16.1,377.3,0x20,405.003,14.2,375,-1,2.7,,
2026-09-03T23:41:27.000Z,M20-409-2-00781,1472514087,43.76611,4.48429,8152.7,4.2,14.7,97.7,-22.9,16.1,377.2,0x20,405.003,12.9,375,-1,2.7,,
2026-09-03T23:41:28.000Z,M20-409-2-00781,1472514088,43.76609,4.48446,8156.3,4.8,12.9,103.2,-22.9,16.0,377.0,0x20,405.003,4.2,375,-1,2.7,,
2026-09-03T23:41:29.000Z,M20-409-2-00781,1472514089,43.76606,4.48461,8159.2,2.6,11.9,105.6,-22.9,15.8,376.8,0x20,405.003,4.2,1125,-1,2.7,,
2026-09-03T23:41:30.000Z,M20-409-2-00781,1472514090,43.76604,4.48475,8163.1,5.8,11.5,101.8,-23.0,15.7,376.6,0x20,405.003,3.7,375,-1,2.7,,
2026-09-03T23:41:31.000Z,M20-409-2-00781,1472514091,43.76602,4.48489,8166.5,2.6,11.4,95.4,-23.0,15.6,376.5,0x20,405.003,9.0,375,-1,2.7,,
2026-09-03T23:41:32.000Z,M20-409-2-00781,1472514092,43.76601,4.48503,8169.8,5.4,12.3,97.9,-23.0,15.6,376.3,0x20,405.003,11.9,375,-1,2.7,,
2026-09-03T23:41:33.000Z,M20-409-2-00781,1472514093,43.76599,4.48518,8173.9,4.0,12.0,109.4,-23.0,15.5,376.1,0x20,405.003,11.9,1125,-1,2.7,,
2026-09-03T23:41:34.000Z,M20-409-2-00781,1472514094,43.76595,4.48532,8176.4,2.5,12.3,108.2,-23.0,15.4,376.0,0x20,405.003,12.4,375,-1,2.7,,
2026-09-03T23:41:35.000Z,M20-409-2-00781,1472514095,43.76592,4.48547,8179.4,5.0,13.0,102.6,-23.1,15.3,375.8,0x20,405.003,12.9,375,-1,2.7,,
2026-09-03T23:41:36.000Z,M20-409-2-00781,1472514096,43.76590,4.48563,8181.8,4.0,13.2,98.8,-23.0,15.2,375.7,0x20,405.003,12.9,1125,-1,2.7,,
2026-09-03T23:41:39.000Z,M20-409-2-00781,1472514099,43.76581,4.48608,8192.0,5.5,12.3,104.4,-23.1,14.9,375.1,0x20,405.003,13.4,375,-1,2.7,,
2026-09-03T23:41:40.000Z,M20-409-2-00781,1472514100,43.76578,4.48623,8195.9,3.2,11.3,105.8,-23.1,14.8,375.0,0x20,405.003,13.4,1125,-1,2.7,,
2026-09-03T23:41:41.000Z,M20-409-2-00781,1472514101,43.76575,4.48636,8199.7,5.1,11.2,109.2,-23.1,14.7,374.8,0x20,405.003,13.4,1125,-1,2.7,,
2026-09-03T23:41:42.000Z,M20-409-2-00781,1472514102,43.76571,4.48649,8203.0,3.1,11.3,113.0,-23.1,14.5,374.6,0x20,405.003,3.3,375,-1,2.7,,
2026-09-03T23:41:43.000Z,M20-409-2-00781,1472514103,43.76568,4.48662,8206.4,4.7,11.9,106.7,-23.1,14.3,374.4,0x20,405.003,5.0,375,-1,2.7,,
2026-09-03T23:41:44.000Z,M20-409-2-00781,1472514104,43.76565,4.48677,8209.8,3.6,12.8,103.5,-23.1,14.2,374.2,0x20,405.003,10.7,1125,-1,2.7,,
2026-09-03T23:41:45.000Z,M20-409-2-00781,1472514105,43.76562,4.48693,8213.3,4.6,12.4,104.5,-23.1,14.1,374.1,0x20,405.003,11.6,1125,-1,2.7,,
2026-09-03T23:41:46.000Z,M20-409-2-00781,1472514106,43.76559,4.48707,8216.5,2.8,11.7,107.0,-23.1,14.1,373.9,0x20,405.003,11.6,375,-1,2.7,,
2026-09-03T23:41:47.000Z,M20-409-2-00781,1472514107,43.76556,4.48720,8219.5,4.8,9.8,110.4,-23.1,14.0,373.7,0x20,405.003,11.1,1125,-1,2.7,,
2026-09-03T23:41:48.000Z,M20-409-2-00781,1472514108,43.76553,4.48732,8222.4,3.0,10.2,105.8,-23.2,13.9,373.6,0x20,405.003,12.7,1125,-1,2.7,,
2026-09-03T23:41:49.000Z,M20-409-2-00781,1472514109,43.76550,4.48745,8224.6,3.2,11.3,105.3,-23.2,13.9,373.4,0x20,405.003,13.3,375,-1,2.7,,
2026-09-03T23:41:50.000Z,M20-409-2-00781,1472514110,43.76547,4.48760,8227.9,4.3,13.5,106.0,-23.2,13.9,373.2,0x20,405.003,13.3,1125,-1,2.7,,
2026-09-03T23:41:51.000Z,M20-409-2-00781,1472514111,43.76544,4.48776,8231.6,3.9,14.2,104.9,-23.2,13.8,373.1,0x20,405.003,13.9,375,-1,2.7,,
2026-09-03T23:41:52.000Z,M20-409-2-00781,1472514112,43.76541,4.48792,8235.1,4.2,12.9,107.0,-23.2,13.8,372.9,0x20,405.003,13.9,375,-1,2.7,,
2026-09-03T23:41:53.000Z,M20-409-2-00781,1472514113,43.76538,4.48807,8238.4,3.6,11.5,102.4,-23.2,13.9,372.8,0x20,405.003,10.3,375,-1,2.7,,
2026-09-03T23:41:54.000Z,M20-409-2-00781,1472514114,43.76535,4.48821,8240.9,3.3,10.8,102.6,-23.2,13.9,372.6,0x20,405.003,10.3,1125,-1,2.7,,
2026-09-03T23:41:55.000Z,M20-409-2-00781,1472514115,43.76532,4.48834,8242.9,2.6,12.1,107.3,-23.2,14.0,372.4,0x20,405.003,4.3,1125,-1,2.7,,
2026-09-03T23:41:56.000Z,M20-409-2-00781,1472514116,43.76529,4.48849,8245.3,3.9,11.9,106.0,-23.2,14.1,372.3,0x20,405.003,4.3,1125,-1,2.7,,
2026-09-03T23:41:57.000Z,M20-409-2-00781,1472514117,43.76526,4.48863,8249.2,4.5,12.0,107.0,-23.3,14.1,372.1,0x20,405.003,11.9,1125,-1,2.7,,
2026-09-03T23:41:58.000Z,M20-409-2-00781,1472514118,43.76523,4.48877,8252.8,3.5,11.3,109.4,-23.3,14.2,371.9,0x20,405.003,13.1,1125,-1,2.7,,
2026-09-03T23:41:59.000Z,M20-409-2-00781,1472514119,43.76518,4.48891,8255.9,3.3,13.4,115.7,-23.3,14.2,371.7,0x20,405.003,13.1,1125,-1,2.7,,
2026-09-03T23:42:00.000Z,M20-409-2-00781,1472514120,43.76514,4.48906,8258.6,3.1,12.8,112.7,-23.3,14.2,371.6,0x20,405.003,13.0,1125,-1,2.7,,
2026-09-03T23:42:01.000Z,M20-409-2-00781,1472514121,43.76509,4.48920,8261.9,3.9,11.8,111.7,-23.3,14.2,371.4,0x20,405.003,13.0,1125,-1,2.7,,
2026-09-03T23:42:03.000Z,M20-409-2-00781,1472514123,43.76503,4.48947,8268.0,3.7,11.7,110.0,-23.4,14.3,371.1,0x20,405.003,13.3,375,-1,2.7,,
2026-09-03T23:42:04.000Z,M20-409-2-00781,1472514124,43.76499,4.48962,8271.6,3.9,13.2,104.6,-23.4,14.3,370.9,0x20,405.003,13.8,375,-1,2.7,,
2026-09-03T23:42:05.000Z,M20-409-2-00781,1472514125,43.76495,4.48977,8275.7,4.8,12.8,114.6,-23.4,14.4,370.8,0x20,405.003,13.8,375,-1,2.7,,
2026-09-03T23:42:06.000Z,M20-409-2-00781,1472514126,43.76491,4.48992,8279.3,3.7,11.9,110.1,-23.5,14.4,370.6,0x20,405.003,11.7,375,-1,2.7,,
2026-09-03T23:42:07.000Z,M20-409-2-00781,1472514127,43.76487,4.49005,8283.3,5.4,11.8,117.9,-23.5,14.4,370.4,0x20,405.003,4.7,375,-1,2.7,,
2026-09-03T23:42:08.000Z,M20-409-2-00781,1472514128,43.76481,4.49019,8287.7,4.9,12.8,118.0,-23.5,14.5,370.2,0x20,405.003,3.5,375,-1,2.7,,
2026-09-03T23:42:09.000Z,M20-409-2-00781,1472514129,43.76477,4.49032,8291.3,3.7,11.0,111.7,-23.5,14.5,370.0,0x20,405.003,3.6,1125,-1,2.7,,
2026-09-03T23:42:10.000Z,M20-409-2-00781,1472514130,43.76473,4.49045,8293.6,2.1,11.8,108.6,-23.6,14.6,369.9,0x20,405.003,13.0,1125,-1,2.7,,
2026-09-03T23:42:11.000Z,M20-409-2-00781,1472514131,43.76470,4.49060,8296.5,4.0,13.2,102.2,-23.6,14.7,369.8,0x20,405.003,13.0,1125,-1,2.7,,
2026-09-03T23:42:12.000Z,M20-409-2-00781,1472514132,43.76467,4.49076,8299.5,2.9,13.5,105.8,-23.6,14.8,369.6,0x20,405.003,12.9,1125,-1,2.7,,
2026-09-03T23:42:13.000Z,M20-409-2-00781,1472514133,43.76464,4.49092,8302.5,3.5,13.1,108.1,-23.6,14.9,369.4,0x20,405.003,13.9,1125,-1,2.7,,
2026-09-03T23:42:14.000Z,M20-409-2-00781,1472514134,43.76459,4.49107,8304.2,1.7,12.2,111.7,-23.7,15.1,369.3,0x20,405.003,13.9,1125,-1,2.7,,
2026-09-03T23:42:15.000Z,M20-409-2-00781,1472514135,43.76455,4.49121,8307.0,4.5,13.0,118.2,-23.7,15.2,369.1,0x20,405.003,12.4,1125,-1,2.7,,
2026-09-03T23:42:16.000Z,M20-409-2-00781,1472514136,43.76449,4.49135,8310.4,3.1,13.0,117.5,-23.7,15.3,368.9,0x20,405.003,13.4,375,-1,2.7,,
2026-09-03T23:42:19.000Z,M20-409-2-00781,1472514139,43.76434,4.49176,8319.9,4.1,12.4,116.6,-23.7,15.4,368.5,0x20,405.003,14.4,375,-1,2.7,,
2026-09-03T23:42:20.000Z,M20-409-2-00781,1472514140,43.76429,4.49191,8323.6,3.9,14.1,115.3,-23.8,15.3,368.3,0x20,405.003,3.8,375,-1,2.7,,
2026-09-03T23:42:21.000Z,M20-409-2-00781,1472514141,43.76424,4.49207,8326.8,3.2,14.2,110.2,-23.8,15.2,368.2,0x20,405.003,3.8,375,-1,2.7,,
2026-09-03T23:42:23.000Z,M20-409-2-00781,1472514143,43.76418,4.49239,8334.2,3.9,13.4,101.4,-23.8,15.2,367.9,0x20,405.003,11.8,375,-1,2.7,,
2026-09-03T23:42:24.000Z,M20-409-2-00781,1472514144,43.76415,4.49255,8337.7,4.8,12.6,106.7,-23.8,15.2,367.7,0x20,405.003,14.4,375,-1,2.7,,
2026-09-03T23:42:25.000Z,M20-409-2-00781,1472514145,43.76411,4.49269,8341.2,3.1,12.7,115.6,-23.8,15.3,367.5,0x20,405.003,14.4,1125,-1,2.7,,
2026-09-03T23:42:26.000Z,M20-409-2-00781,1472514146,43.76406,4.49284,8344.7,4.7,12.6,113.7,-23.8,15.3,367.3,0x20,405.003,13.8,1125,-1,2.7,,
2026-09-03T23:42:27.000Z,M20-409-2-00781,1472514147,43.76402,4.49298,8348.3,3.9,11.5,111.7,-23.8,15.3,367.2,0x20,405.003,14.9,375,-1,2.7,,
2026-09-03T23:42:28.000Z,M20-409-2-00781,1472514148,43.76397,4.49312,8351.5,3.5,13.4,117.1,-23.8,15.2,367.0,0x20,405.003,14.9,375,-1,2.7,,
2026-09-03T23:42:29.000Z,M20-409-2-00781,1472514149,43.76392,4.49327,8354.1,2.8,13.4,114.3,-23.8,15.1,366.9,0x20,405.003,15.1,375,-1,2.7,,
2026-09-03T23:42:30.000Z,M20-409-2-00781,1472514150,43.76388,4.49342,8357.3,4.4,12.3,110.4,-23.8,15.0,366.7,0x20,405.003,15.1,375,-1,2.7,,
2026-09-03T23:42:31.000Z,M20-409-2-00781,1472514151,43.76384,4.49356,8360.2,3.6,12.6,106.9,-23.9,14.9,366.5,0x20,405.003,15.0,375,-1,2.7,,
2026-09-03T23:42:32.000Z,M20-409-2-00781,1472514152,43.76381,4.49371,8363.8,4.3,12.2,104.5,-23.9,14.8,366.4,0x20,405.003,15.0,375,-1,2.7,,
2026-09-03T23:42:33.000Z,M20-409-2-00781,1472514153,43.76378,4.49386,8367.7,3.9,12.7,114.2,-23.9,14.6,366.2,0x20,405.003,4.9,375,-1,2.7,,
2026-09-03T23:42:34.000Z,M20-409-2-00781,1472514154,43.76373,4.49400,8371.0,4.3,13.0,113.9,-23.9,14.5,366.0,0x20,405.003,4.5,375,-1,2.7,,
2026-09-03T23:42:35.000Z,M20-409-2-00781,1472514155,43.76369,4.49415,8374.2,3.8,11.6,110.8,-23.9,14.4,365.8,0x20,405.003,3.5,375,-1,2.7,,
2026-09-03T23:42:36.000Z,M20-409-2-00781,1472514156,43.76365,4.49428,8377.5,4.0,11.4,111.6,-24.0,14.3,365.7,0x20,405.003,8.6,1125,-1,2.7,,
2026-09-03T23:42:38.000Z,M20-409-2-00781,1472514158,43.76356,4.49456,8384.9,2.3,13.1,114.5,-24.0,14.2,365.4,0x20,405.003,13.5,375,-1,2.7,,
2026-09-03T23:42:39.000Z,M20-409-2-00781,1472514159,43.76352,4.49471,8387.4,4.0,12.7,109.9,-24.0,14.2,365.2,0x20,405.003,13.5,375,-1,2.7,,
2026-09-03T23:42:40.000Z,M20-409-2-00781,1472514160,43.76348,4.49485,8390.3,2.8,12.4,106.0,-24.1,14.1,365.0,0x20,405.003,13.8,1125,-1,2.7,,
2026-09-03T23:42:41.000Z,M20-409-2-00781,1472514161,43.76345,4.49500,8392.9,3.2,12.6,105.4,-24.1,14.1,364.9,0x20,405.003,15.2,375,-1,2.7,,
2026-09-03T23:42:42.000Z,M20-409-2-00781,1472514162,43.76342,4.49515,8396.0,2.9,12.5,113.5,-24.2,14.1,364.7,0x20,405.003,15.2,375,-1,2.7,,
2026-09-03T23:42:43.000Z,M20-409-2-00781,1472514163,43.76337,4.49530,8398.8,2.9,12.9,118.9,-24.2,14.1,364.5,0x20,405.003,15.0,375,-1,2.7,,
2026-09-03T23:42:44.000Z,M20-409-2-00781,1472514164,43.76332,4.49543,8402.5,5.4,11.3,118.6,-24.2,14.1,364.4,0x20,405.003,14.4,375,-1,2.7,,
2026-09-03T23:42:45.000Z,M20-409-2-00781,1472514165,43.76328,4.49555,8406.4,3.0,10.4,111.8,-24.2,14.1,364.1,0x20,405.003,14.4,375,-1,2.7,,
2026-09-03T23:42:47.000Z,M20-409-2-00781,1472514167,43.76321,4.49581,8412.6,3.4,12.4,109.2,-24.3,14.1,363.8,0x20,405.003,4.2,375,-1,2.7,,
2026-09-03T23:42:48.000Z,M20-409-2-00781,1472514168,43.76317,4.49596,8415.7,3.2,12.9,109.9,-24.3,14.1,363.7,0x20,405.003,4.2,375,-1,2.7,,
2026-09-03T23:42:49.000Z,M20-409-2-00781,1472514169,43.76313,4.49610,8418.9,3.8,11.6,107.9,-24.4,14.1,363.5,0x20,405.003,7.4,375,-1,2.7,,
2026-09-03T23:42:50.000Z,M20-409-2-00781,1472514170,43.76310,4.49624,8421.6,2.1,11.6,106.5,-24.4,14.1,363.4,0x20,405.003,13.8,375,-1,2.7,,
2026-09-03T23:42:51.000Z,M20-409-2-00781,1472514171,43.76308,4.49638,8424.3,3.3,11.9,102.2,-24.4,14.1,363.2,0x20,405.003,13.8,375,-1,2.7,,
2026-09-03T23:42:52.000Z,M20-409-2-00781,1472514172,43.76305,4.49653,8427.4,3.1,12.0,106.0,-24.5,14.1,363.1,0x20,405.003,14.6,375,-1,2.7,,
2026-09-03T23:42:53.000Z,M20-409-2-00781,1472514173,43.76301,4.49667,8430.0,3.0,12.3,117.2,-24.5,14.2,362.9,0x20,405.003,14.6,375,-1,2.7,,
2026-09-03T23:42:54.000Z,M20-409-2-00781,1472514174,43.76296,4.49679,8433.0,2.8,11.8,121.8,-24.5,14.2,362.7,0x20,405.003,14.7,375,-1,2.7,,
2026-09-03T23:42:56.000Z,M20-409-2-00781,1472514176,43.76287,4.49704,8439.4,3.3,11.3,108.9,-24.5,14.2,362.4,0x20,405.003,13.3,375,-1,2.7,,
2026-09-03T23:42:57.000Z,M20-409-2-00781,1472514177,43.76284,4.49718,8442.3,2.6,12.2,106.6,-24.5,14.2,362.3,0x20,405.003,15.1,375,-1,2.7,,
2026-09-03T23:42:58.000Z,M20-409-2-00781,1472514178,43.76281,4.49733,8445.8,4.7,12.8,105.1,-24.6,14.2,362.1,0x20,405.003,15.1,375,-1,2.7,,
2026-09-03T23:42:59.000Z,M20-409-2-00781,1472514179,43.76277,4.49748,8448.9,1.9,13.0,110.3,-24.6,14.3,362.0,0x20,405.003,12.0,375,-1,2.6,,
2026-09-03T23:43:00.000Z,M20-409-2-00781,1472514180,43.76273,4.49763,8451.5,3.7,12.9,107.3,-24.6,14.2,361.8,0x20,405.003,5.0,375,-1,2.6,,
2026-09-03T23:43:01.000Z,M20-409-2-00781,1472514181,43.76270,4.49778,8454.5,2.5,12.7,106.8,-24.7,14.3,361.6,0x20,405.003,4.0,375,-1,2.7,,
2026-09-03T23:43:02.000Z,M20-409-2-00781,1472514182,43.76267,4.49793,8457.8,4.6,12.4,106.0,-24.7,14.2,361.5,0x20,405.003,10.2,375,-1,2.7,,
2026-09-03T23:43:03.000Z,M20-409-2-00781,1472514183,43.76263,4.49807,8460.8,1.8,12.1,114.2,-24.7,14.2,361.3,0x20,405.003,14.5,375,-1,2.7,,
2026-09-03T23:43:04.000Z,M20-409-2-00781,1472514184,43.76259,4.49821,8463.4,3.1,11.9,111.6,-24.7,14.2,361.2,0x20,405.003,14.5,375,-1,2.6,,
2026-09-03T23:43:05.000Z,M20-409-2-00781,1472514185,43.76255,4.49834,8466.5,2.7,10.9,107.2,-24.7,14.1,361.0,0x20,405.003,12.3,375,-1,2.6,,
2026-09-03T23:43:07.000Z,M20-409-2-00781,1472514187,43.76249,4.49861,8472.7,4.8,11.3,109.8,-24.8,14.0,360.7,0x20,405.003,15.9,375,-1,2.6,,
2026-09-03T23:43:08.000Z,M20-409-2-00781,1472514188,43.76245,4.49874,8476.1,2.8,11.7,112.7,-24.8,14.0,360.6,0x20,405.003,15.9,375,-1,2.7,,
2026-09-03T23:43:09.000Z,M20-409-2-00781,1472514189,43.76242,4.49888,8479.6,4.1,11.9,108.8,-24.8,13.9,360.4,0x20,405.003,15.8,375,-1,2.7,,
2026-09-03T23:43:10.000Z,M20-409-2-00781,1472514190,43.76238,4.49902,8482.7,2.4,12.6,105.5,-24.8,13.8,360.2,0x20,405.003,16.6,375,-1,2.6,,
2026-09-03T23:43:11.000Z,M20-409-2-00781,1472514191,43.76235,4.49917,8485.8,4.0,12.8,104.8,-24.9,13.7,360.1,0x20,405.003,16.6,375,-1,2.6,,
2026-09-03T23:43:12.000Z,M20-409-2-00781,1472514192,43.76232,4.49932,8489.6,3.4,12.2,109.5,-24.9,13.6,359.9,0x20,405.003,16.4,375,-1,2.7,,
2026-09-03T23:43:13.000Z,M20-409-2-00781,1472514193,43.76229,4.49947,8492.9,3.5,12.4,108.5,-24.9,13.5,359.8,0x20,405.003,4.0,375,-1,2.6,,
2026-09-03T23:43:14.000Z,M20-409-2-00781,1472514194,43.76226,4.49961,8496.3,3.9,12.4,103.5,-24.9,13.4,359.6,0x20,405.003,4.0,375,-1,2.6,,
2026-09-03T23:43:15.000Z,M20-409-2-00781,1472514195,43.76223,4.49976,8499.6,3.3,11.5,102.7,-24.9,13.4,359.4,0x20,405.003,8.6,375,-1,2.6,,
2026-09-03T23:43:16.000Z,M20-409-2-00781,1472514196,43.76220,4.49989,8502.7,3.0,11.1,111.8,-25.0,13.3,359.3,0x20,405.003,11.3,375,-1,2.6,,
2026-09-03T23:43:17.000Z,M20-409-2-00781,1472514197,43.76216,4.50002,8506.3,4.9,11.8,112.5,-25.0,13.3,359.1,0x20,405.003,15.5,375,-1,2.6,,
2026-09-03T23:43:18.000Z,M20-409-2-00781,1472514198,43.76213,4.50016,8509.8,2.7,12.2,108.1,-25.0,13.2,358.9,0x20,405.003,16.4,375,-1,2.6,,
2026-09-03T23:43:19.000Z,M20-409-2-00781,1472514199,43.76209,4.50030,8513.6,4.9,12.0,111.2,-25.1,13.2,358.7,0x20,405.003,16.4,375,-1,2.6,,
2026-09-03T23:43:20.000Z,M20-409-2-00781,1472514200,43.76205,4.50044,8518.0,3.7,12.8,113.3,-25.1,13.2,358.6,0x20,405.003,16.6,375,-1,2.6,,
2026-09-03T23:43:21.000Z,M20-409-2-00781,1472514201,43.76202,4.50059,8522.2,4.9,11.8,102.3,-25.1,13.2,358.4,0x20,405.003,16.6,375,-1,2.6,,
2026-09-03T23:43:22.000Z,M20-409-2-00781,1472514202,43.76199,4.50073,8526.2,3.9,11.6,103.8,-25.2,13.2,358.2,0x20,405.003,14.8,375,-1,2.6,,
2026-09-03T23:43:23.000Z,M20-409-2-00781,1472514203,43.76197,4.50087,8529.8,4.8,11.2,104.9,-25.2,13.1,358.1,0x20,405.003,15.6,375,-1,2.6,,
2026-09-03T23:43:24.000Z,M20-409-2-00781,1472514204,43.76194,4.50100,8533.2,3.5,10.8,108.3,-25.2,13.1,357.9,0x20,405.003,15.6,375,-1,2.6,,
2026-09-03T23:43:25.000Z,M20-409-2-00781,1472514205,43.76191,4.50113,8536.3,3.8,10.9,109.9,-25.2,13.1,357.7,0x20,405.003,15.3,375,-1,2.6,,
2026-09-03T23:43:26.000Z,M20-409-2-00781,1472514206,43.76188,4.50126,8538.9,2.4,11.3,105.9,-25.2,13.1,357.6,0x20,405.003,4.2,375,-1,2.6,,
2026-09-03T23:43:27.000Z,M20-409-2-00781,1472514207,43.76185,4.50139,8541.5,4.1,11.2,110.2,-25.3,13.2,357.4,0x20,405.003,4.2,375,-1,2.6,,
2026-09-03T23:43:28.000Z,M20-409-2-00781,1472514208,43.76181,4.50152,8544.5,2.3,10.6,113.0,-25.3,13.2,357.3,0x20,405.003,11.6,375,-1,2.6,,
2026-09-03T23:43:29.000Z,M20-409-2-00781,1472514209,43.76177,4.50165,8547.2,3.6,11.8,111.3,-25.3,13.3,357.1,0x20,405.003,14.7,375,-1,2.6,,
2026-09-03T23:43:30.000Z,M20-409-2-00781,1472514210,43.76174,4.50180,8550.7,4.3,13.1,102.0,-25.4,13.4,356.9,0x20,405.003,14.7,1125,-1,2.6,,
2026-09-03T23:43:31.000Z,M20-409-2-00781,1472514211,43.76172,4.50196,8553.5,2.1,13.2,101.2,-25.4,13.4,356.8,0x20,405.003,13.1,375,-1,2.6,,
2026-09-03T23:43:32.000Z,M20-409-2-00781,1472514212,43.76170,4.50211,8556.9,5.0,11.8,102.4,-25.4,13.5,356.7,0x20,405.003,12.5,375,-1,2.6,,
2026-09-03T23:43:33.000Z,M20-409-2-00781,1472514213,43.76167,4.50225,8560.2,3.0,11.0,104.2,-25.5,13.5,356.5,0x20,405.003,17.0,375,-1,2.6,,
2026-09-03T23:43:34.000Z,M20-409-2-00781,1472514214,43.76164,4.50238,8564.5,5.8,11.2,107.1,-25.5,13.5,356.3,0x20,405.003,17.0,375,-1,2.6,,
2026-09-03T23:43:35.000Z,M20-409-2-00781,1472514215,43.76161,4.50252,8568.6,3.4,12.4,112.3,-25.5,13.6,356.2,0x20,405.003,15.5,375,-1,2.6,,
2026-09-03T23:43:36.000Z,M20-409-2-00781,1472514216,43.76157,4.50266,8572.0,4.4,11.4,111.2,-25.6,13.6,356.0,0x20,405.003,16.0,375,-1,2.6,,
2026-09-03T23:43:37.000Z,M20-409-2-00781,1472514217,43.76153,4.50279,8575.3,3.6,11.4,110.6,-25.6,13.6,355.8,0x20,405.003,16.0,1125,-1,2.6,,
2026-09-03T23:43:38.000Z,M20-409-2-00781,1472514218,43.76150,4.50293,8578.8,3.9,12.0,105.4,-25.6,13.6,355.7,0x20,405.003,14.4,375,-1,2.6,,
2026-09-03T23:43:39.000Z,M20-409-2-00781,1472514219,43.76147,4.50308,8581.7,2.9,12.8,102.7,-25.6,13.7,355.6,0x20,405.003,14.4,375,-1,2.6,,
2026-09-03T23:43:40.000Z,M20-409-2-00781,1472514220,43.76145,4.50323,8584.9,5.3,11.8,102.1,-25.7,13.6,355.3,0x20,405.003,3.6,375,-1,2.6,,
2026-09-03T23:43:41.000Z,M20-409-2-00781,1472514221,43.76142,4.50337,8588.2,2.9,11.2,104.3,-25.7,13.6,355.2,0x20,405.003,12.6,1125,-1,2.6,,
2026-09-03T23:43:42.000Z,M20-409-2-00781,1472514222,43.76139,4.50350,8590.9,3.5,12.0,107.8,-25.7,13.6,355.0,0x20,405.003,13.7,1125,-1,2.6,,
2026-09-03T23:43:43.000Z,M20-409-2-00781,1472514223,43.76136,4.50365,8594.6,4.6,12.3,112.4,-25.7,13.7,354.8,0x20,405.003,13.9,1125,-1,2.6,,
2026-09-03T23:43:44.000Z,M20-409-2-00781,1472514224,43.76132,4.50378,8598.8,4.2,11.6,113.0,-25.8,13.7,354.6,0x20,405.003,16.0,375,-1,2.6,,
2026-09-03T23:43:45.000Z,M20-409-2-00781,1472514225,43.76128,4.50391,8602.0,3.1,11.7,114.8,-25.8,13.7,354.5,0x20,405.003,16.0,375,-1,2.6,,
2026-09-03T23:43:46.000Z,M20-409-2-00781,1472514226,43.76123,4.50405,8605.3,4.2,12.5,110.0,-25.8,13.7,354.3,0x20,405.003,14.7,375,-1,2.6,,
2026-09-03T23:43:47.000Z,M20-409-2-00781,1472514227,43.76120,4.50421,8608.4,3.0,13.7,107.2,-25.9,13.8,354.2,0x20,405.003,14.7,375,-1,2.6,,
2026-09-03T23:43:48.000Z,M20-409-2-00781,1472514228,43.76116,4.50437,8611.7,4.5,13.0,108.3,-25.9,13.8,354.0,0x20,405.003,16.5,375,-1,2.6,,
2026-09-03T23:43:49.000Z,M20-409-2-00781,1472514229,43.76112,4.50451,8614.8,2.6,11.4,114.0,-25.9,13.8,353.9,0x20,405.003,17.3,375,-1,2.6,,
2026-09-03T23:43:50.000Z,M20-409-2-00781,1472514230,43.76108,4.50463,8616.9,3.1,10.0,112.8,-25.9,13.9,353.7,0x20,405.003,17.3,375,-1,2.6,,
2026-09-03T23:43:51.000Z,M20-409-2-00781,1472514231,43.76105,4.50474,8619.6,3.4,9.8,110.7,-25.9,13.9,353.6,0x20,405.003,13.7,375,-1,2.6,,
2026-09-03T23:43:52.000Z,M20-409-2-00781,1472514232,43.76102,4.50487,8622.5,3.0,11.8,105.2,-26.0,14.0,353.4,0x20,405.003,13.7,1125,-1,2.6,,
2026-09-03T23:43:53.000Z,M20-409-2-00781,1472514233,43.76099,4.50502,8626.0,4.2,14.1,106.3,-26.0,14.0,353.3,0x20,405.003,3.9,1125,-1,2.6,,
2026-09-03T23:43:54.000Z,M20-409-2-00781,1472514234,43.76095,4.50519,8628.5,1.7,14.3,110.3,-26.0,14.1,353.1,0x20,405.003,13.2,1125,-1,2.6,,
2026-09-03T23:43:55.000Z,M20-409-2-00781,1472514235,43.76091,4.50535,8631.0,3.6,13.1,110.1,-26.0,14.1,353.0,0x20,405.003,13.2,375,-1,2.6,,
2026-09-03T23:43:56.000Z,M20-409-2-00781,1472514236,43.76087,4.50550,8634.5,3.2,11.4,107.7,-26.1,14.2,352.8,0x20,405.003,13.0,1125,-1,2.6,,
2026-09-03T23:43:57.000Z,M20-409-2-00781,1472514237,43.76084,4.50562,8637.6,3.8,10.2,112.0,-26.1,14.2,352.7,0x20,405.003,14.7,1125,-1,2.6,,
2026-09-03T23:43:58.000Z,M20-409-2-00781,1472514238,43.76080,4.50574,8640.6,2.8,11.1,114.3,-26.1,14.2,352.5,0x20,405.003,15.7,375,-1,2.6,,
2026-09-03T23:43:59.000Z,M20-409-2-00781,1472514239,43.76076,4.50587,8643.7,4.0,11.1,115.0,-26.1,14.3,352.4,0x20,405.003,16.0,375,-1,2.6,,
2026-09-03T23:44:00.000Z,M20-409-2-00781,1472514240,43.76072,4.50599,8647.2,3.2,10.8,109.6,-26.2,14.4,352.1,0x20,405.003,16.2,375,-1,2.6,,
2026-09-03T23:44:01.000Z,M20-409-2-00781,1472514241,43.76069,4.50612,8650.5,3.8,11.3,109.3,-26.2,14.4,352.0,0x20,405.003,16.3,375,-1,2.6,,
2026-09-03T23:44:02.000Z,M20-409-2-00781,1472514242,43.76065,4.50626,8653.7,2.5,12.5,111.1,-26.2,14.5,351.8,0x20,405.003,16.5,375,-1,2.6,,
2026-09-03T23:44:03.000Z,M20-409-2-00781,1472514243,43.76061,4.50640,8656.9,4.1,12.7,108.7,-26.2,14.6,351.7,0x20,405.003,16.5,375,-1,2.6,,
2026-09-03T23:44:04.000Z,M20-409-2-00781,1472514244,43.76058,4.50655,8660.7,3.2,11.9,104.6,-26.3,14.7,351.5,0x20,405.003,16.2,375,-1,2.6,,
2026-09-03T23:44:05.000Z,M20-409-2-00781,1472514245,43.76055,4.50669,8664.4,4.3,11.1,107.7,-26.3,14.7,351.3,0x20,405.003,5.2,375,-1,2.6,,
2026-09-03T23:44:06.000Z,M20-409-2-00781,1472514246,43.76052,4.50682,8668.0,2.7,11.3,112.3,-26.3,14.8,351.2,0x20,405.003,4.2,375,-1,2.6,,
2026-09-03T23:44:07.000Z,M20-409-2-00781,1472514247,43.76048,4.50694,8670.9,3.9,10.6,112.3,-26.3,14.8,351.0,0x20,405.003,8.1,375,-1,2.6,,
2026-09-03T23:44:08.000Z,M20-409-2-00781,1472514248,43.76044,4.50706,8673.8,2.0,10.0,111.8,-26.3,14.9,350.8,0x20,405.003,13.7,1125,-1,2.6,,
2026-09-03T23:44:09.000Z,M20-409-2-00781,1472514249,43.76041,4.50718,8676.4,3.5,10.5,113.9,-26.4,15.0,350.7,0x20,405.003,15.9,1125,-1,2.6,,
2026-09-03T23:44:10.000Z,M20-409-2-00781,1472514250,43.76037,4.50731,8679.6,3.1,12.1,115.0,-26.4,15.0,350.5,0x20,405.003,15.9,1125,-1,2.6,,
2026-09-03T23:44:11.000Z,M20-409-2-00781,1472514251,43.76032,4.50745,8682.8,3.7,12.1,112.8,-26.4,15.1,350.4,0x20,405.003,17.4,375,-1,2.6,,
2026-09-03T23:44:12.000Z,M20-409-2-00781,1472514252,43.76028,4.50758,8685.9,2.9,11.0,115.4,-26.4,15.1,350.2,0x20,405.003,17.4,375,-1,2.6,,
2026-09-03T23:44:13.000Z,M20-409-2-00781,1472514253,43.76024,4.50770,8688.9,3.3,10.5,112.6,-26.5,15.2,350.1,0x20,405.003,15.4,375,-1,2.6,,
2026-09-03T23:44:14.000Z,M20-409-2-00781,1472514254,43.76020,4.50783,8692.4,4.0,11.8,112.6,-26.5,15.3,349.9,0x20,405.003,15.2,375,-1,2.6,,
2026-09-03T23:44:15.000Z,M20-409-2-00781,1472514255,43.76016,4.50797,8695.9,3.3,11.8,112.6,-26.5,15.3,349.8,0x20,405.003,17.9,375,-1,2.6,,
2026-09-03T23:44:16.000Z,M20-409-2-00781,1472514256,43.76012,4.50809,8699.7,4.7,10.3,109.6,-26.6,15.4,349.6,0x20,405.003,17.9,375,-1,2.6,,
2026-09-03T23:44:17.000Z,M20-409-2-00781,1472514257,43.76009,4.50821,8703.0,2.5,9.7,111.5,-26.6,15.4,349.4,0x20,405.003,15.4,375,-1,2.6,,
2026-09-03T23:44:18.000Z,M20-409-2-00781,1472514258,43.76005,4.50833,8706.3,4.2,10.3,114.2,-26.6,15.5,349.3,0x20,405.003,4.7,375,-1,2.6,,
2026-09-03T23:44:19.000Z,M20-409-2-00781,1472514259,43.76001,4.50845,8709.6,2.5,11.2,115.9,-26.6,15.6,349.1,0x20,405.003,4.3,375,-1,2.6,,
2026-09-03T23:44:20.000Z,M20-409-2-00781,1472514260,43.75997,4.50858,8712.8,4.2,11.1,106.7,-26.7,15.6,348.9,0x20,405.003,6.0,375,-1,2.6,,
2026-09-03T23:44:21.000Z,M20-409-2-00781,1472514261,43.75995,4.50870,8716.4,3.1,10.4,102.5,-26.7,15.6,348.8,0x20,405.003,11.7,375,-1,2.6,,
2026-09-03T23:44:22.000Z,M20-409-2-00781,1472514262,43.75993,4.50883,8720.0,4.8,11.3,103.6,-26.7,15.5,348.6,0x20,405.003,12.6,375,-1,2.6,,
2026-09-03T23:44:23.000Z,M20-409-2-00781,1472514263,43.75990,4.50897,8723.8,2.8,11.6,108.5,-26.7,15.4,348.5,0x20,405.003,15.2,375,-1,2.6,,
2026-09-03T23:44:24.000Z,M20-409-2-00781,1472514264,43.75987,4.50910,8727.4,4.9,11.0,110.1,-26.7,15.3,348.3,0x20,405.003,15.2,375,-1,2.6,,
2026-09-03T23:44:25.000Z,M20-409-2-00781,1472514265,43.75984,4.50923,8731.0,2.7,10.2,110.4,-26.8,15.3,348.1,0x20,405.003,15.6,375,-1,2.6,,
2026-09-03T23:44:26.000Z,M20-409-2-00781,1472514266,43.75980,4.50935,8734.1,4.1,10.5,114.4,-26.8,15.2,348.0,0x20,405.003,17.0,375,-1,2.6,,
2026-09-03T23:44:27.000Z,M20-409-2-00781,1472514267,43.75976,4.50947,8737.5,2.9,11.4,114.2,-26.8,15.2,347.8,0x20,405.003,17.0,375,-1,2.6,,
2026-09-03T23:44:28.000Z,M20-409-2-00781,1472514268,43.75972,4.50960,8740.3,3.1,11.3,113.1,-26.8,15.2,347.7,0x20,405.003,17.3,375,-1,2.6,,
2026-09-03T23:44:29.000Z,M20-409-2-00781,1472514269,43.75969,4.50972,8743.7,4.2,10.1,105.1,-26.9,15.1,347.5,0x20,405.003,17.3,375,-1,2.6,,
2026-09-03T23:44:30.000Z,M20-409-2-00781,1472514270,43.75967,4.50984,8747.0,3.1,9.1,99.6,-26.9,15.1,347.4,0x20,405.003,16.1,375,-1,2.6,,
2026-09-03T23:44:31.000Z,M20-409-2-00781,1472514271,43.75965,4.50996,8750.5,4.2,10.2,104.6,-26.9,15.1,347.2,0x20,405.003,7.0,375,-1,2.6,,
2026-09-03T23:44:32.000Z,M20-409-2-00781,1472514272,43.75962,4.51008,8754.0,3.0,10.7,111.0,-27.0,15.1,347.0,0x20,405.003,4.8,375,-1,2.6,,
2026-09-03T23:44:33.000Z,M20-409-2-00781,1472514273,43.75958,4.51020,8757.7,4.8,10.4,115.2,-27.0,15.1,346.9,0x20,405.003,7.6,375,-1,2.6,,
2026-09-03T23:44:34.000Z,M20-409-2-00781,1472514274,43.75954,4.51032,8761.5,3.1,9.8,115.7,-27.0,15.1,346.7,0x20,405.003,12.7,375,-1,2.6,,
2026-09-03T23:44:35.000Z,M20-409-2-00781,1472514275,43.75950,4.51043,8765.2,4.6,10.2,116.1,-27.0,15.1,346.5,0x20,405.003,14.9,375,-1,2.6,,
2026-09-03T23:44:36.000Z,M20-409-2-00781,1472514276,43.75947,4.51055,8769.6,4.8,10.6,114.2,-27.1,15.1,346.3,0x20,405.003,14.9,375,-1,2.6,,
2026-09-03T23:44:37.000Z,M20-409-2-00781,1472514277,43.75943,4.51067,8773.8,4.0,9.7,107.6,-27.1,15.2,346.1,0x20,405.003,17.0,375,-1,2.6,,
2026-09-03T23:44:38.000Z,M20-409-2-00781,1472514278,43.75941,4.51078,8776.9,2.7,9.6,107.8,-27.1,15.2,345.9,0x20,405.003,17.3,375,-1,2.6,,
2026-09-03T23:44:39.000Z,M20-409-2-00781,1472514279,43.75939,4.51089,8780.2,4.2,9.2,95.9,-27.2,15.3,345.8,0x20,405.003,18.2,375,-1,2.6,,
2026-09-03T23:44:40.000Z,M20-409-2-00781,1472514280,43.75938,4.51101,8783.0,1.6,9.9,97.5,-27.2,15.4,345.6,0x20,405.003,18.2,375,-1,2.6,,
2026-09-03T23:44:41.000Z,M20-409-2-00781,1472514281,43.75937,4.51114,8785.3,3.3,11.1,98.3,-27.2,15.5,345.5,0x20,405.003,18.2,375,-1,2.6,,
2026-09-03T23:44:42.000Z,M20-409-2-00781,1472514282,43.75935,4.51129,8789.4,5.0,12.7,102.8,-27.3,15.6,345.3,0x20,405.003,17.1,375,-1,2.6,,
2026-09-03T23:44:43.000Z,M20-409-2-00781,1472514283,43.75932,4.51144,8794.3,4.8,12.9,107.1,-27.3,15.6,345.1,0x20,405.003,17.1,375,-1,2.6,,
2026-09-03T23:44:44.000Z,M20-409-2-00781,1472514284,43.75928,4.51159,8799.2,6.2,11.7,113.3,-27.3,15.7,344.9,0x20,405.003,10.5,375,-1,2.6,,
2026-09-03T23:44:45.000Z,M20-409-2-00781,1472514285,43.75923,4.51170,8803.2,3.1,9.6,123.2,-27.3,15.7,344.7,0x20,405.003,10.5,1125,-1,2.6,,
2026-09-03T23:44:46.000Z,M20-409-2-00781,1472514286,43.75919,4.51180,8806.0,3.6,8.8,118.5,-27.4,15.8,344.5,0x20,405.003,4.4,375,-1,2.6,,
2026-09-03T23:44:47.000Z,M20-409-2-00781,1472514287,43.75916,4.51190,8809.2,3.9,8.4,108.7,-27.4,15.8,344.3,0x20,405.003,9.0,375,-1,2.6,,
2026-09-03T23:44:48.000Z,M20-409-2-00781,1472514288,43.75914,4.51201,8813.4,4.4,9.7,96.5,-27.4,15.8,344.1,0x20,405.003,15.4,375,-1,2.6,,
2026-09-03T23:44:49.000Z,M20-409-2-00781,1472514289,43.75913,4.51213,8817.5,4.3,10.5,97.8,-27.5,15.8,343.9,0x20,405.003,17.2,375,-1,2.6,,
2026-09-03T23:44:50.000Z,M20-409-2-00781,1472514290,43.75911,4.51226,8823.3,7.8,10.3,107.6,-27.5,15.8,343.7,0x20,405.003,17.2,375,-1,2.6,,
2026-09-03T23:44:51.000Z,M20-409-2-00781,1472514291,43.75908,4.51238,8828.1,3.0,10.5,119.4,-27.6,15.9,343.4,0x20,405.003,18.2,375,-1,2.6,,
2026-09-03T23:44:52.000Z,M20-409-2-00781,1472514292,43.75903,4.51249,8832.0,4.8,10.7,123.7,-27.6,15.9,343.1,0x20,405.003,18.2,375,-1,2.6,,
2026-09-03T23:44:54.000Z,M20-409-2-00781,1472514294,43.75893,4.51269,8846.5,3.6,9.2,118.6,-27.7,15.9,342.6,0x20,405.003,15.1,375,-1,2.6,,
2026-09-03T23:44:55.000Z,M20-409-2-00781,1472514295,43.75889,4.51280,8850.1,3.9,10.4,109.9,-27.8,15.9,342.3,0x20,405.003,16.4,375,-1,2.6,,
2026-09-03T23:44:57.000Z,M20-409-2-00781,1472514297,43.75885,4.51307,8859.4,2.2,11.2,100.0,-27.9,15.9,341.9,0x20,405.003,16.4,1125,-1,2.6,,
2026-09-03T23:44:58.000Z,M20-409-2-00781,1472514298,43.75883,4.51320,8862.9,4.1,10.3,107.3,-27.9,16.0,341.6,0x20,405.003,4.1,375,-1,2.6,,
2026-09-03T23:44:59.000Z,M20-409-2-00781,1472514299,43.75880,4.51331,8868.6,7.1,8.7,114.1,-28.0,16.0,341.3,0x20,405.003,3.9,1125,-1,2.6,,
2026-09-03T23:45:01.000Z,M20-409-2-00781,1472514301,43.75873,4.51350,8882.1,5.0,8.5,107.6,-28.1,16.1,340.8,0x20,405.003,14.2,1125,-1,2.6,,
2026-09-03T23:45:02.000Z,M20-409-2-00781,1472514302,43.75871,4.51362,8886.3,3.4,10.6,107.6,-28.2,16.1,340.5,0x20,405.003,14.5,375,-1,2.6,,
2026-09-03T23:45:03.000Z,M20-409-2-00781,1472514303,43.75868,4.51375,8890.2,4.3,11.2,106.3,-28.2,16.1,340.2,0x20,405.003,16.0,375,-1,2.6,,
2026-09-03T23:45:05.000Z,M20-409-2-00781,1472514305,43.75862,4.51405,8901.2,6.1,14.5,105.9,-28.3,16.1,339.8,0x20,405.003,14.1,375,-1,2.6,,
2026-09-03T23:45:06.000Z,M20-409-2-00781,1472514306,43.75859,4.51423,8906.7,4.3,14.5,105.0,-28.3,16.0,339.5,0x20,405.003,18.1,375,-1,2.6,,
2026-09-03T23:45:07.000Z,M20-409-2-00781,1472514307,43.75855,4.51439,8911.0,3.9,13.3,109.2,-28.4,16.0,339.3,0x20,405.003,18.1,375,-1,2.6,,
2026-09-03T23:45:08.000Z,M20-409-2-00781,1472514308,43.75850,4.51453,8916.8,6.5,12.1,124.6,-28.4,16.0,339.0,0x20,405.003,18.0,375,-1,2.6,,
2026-09-03T23:45:09.000Z,M20-409-2-00781,1472514309,43.75845,4.51464,8924.5,7.8,10.9,129.2,-28.5,16.0,338.7,0x20,405.003,18.0,1125,-1,2.6,,
2026-09-03T23:45:10.000Z,M20-409-2-00781,1472514310,43.75839,4.51475,8930.9,5.0,10.4,123.8,-28.6,16.0,338.5,0x20,405.003,18.0,1125,-1,2.6,,
2026-09-03T23:45:11.000Z,M20-409-2-00781,1472514311,43.75834,4.51485,8935.5,3.1,8.4,122.7,-28.6,15.9,338.2,0x20,405.003,4.1,375,-1,2.6,,
2026-09-03T23:45:12.000Z,M20-409-2-00781,1472514312,43.75831,4.51494,8938.8,3.1,8.7,105.9,-28.6,16.0,338.0,0x20,405.003,3.5,375,-1,2.6,,
2026-09-03T23:45:13.000Z,M20-409-2-00781,1472514313,43.75830,4.51506,8944.9,8.2,9.4,87.9,-28.7,16.0,337.7,0x20,405.003,9.2,375,-1,2.6,,
2026-09-03T23:45:14.000Z,M20-409-2-00781,1472514314,43.75830,4.51519,8952.1,6.7,10.7,90.2,-28.7,16.0,337.5,0x20,405.003,14.4,375,-1,2.6,,
2026-09-03T23:45:15.000Z,M20-409-2-00781,1472514315,43.75830,4.51534,8956.9,4.6,11.4,103.4,-28.8,16.0,337.2,0x20,405.003,17.0,375,-1,2.6,,
2026-09-03T23:45:16.000Z,M20-409-2-00781,1472514316,43.75827,4.51547,8962.4,5.3,11.1,109.4,-28.8,16.0,337.0,0x20,405.003,17.0,375,-1,2.6,,
2026-09-03T23:45:17.000Z,M20-409-2-00781,1472514317,43.75822,4.51559,8968.4,6.7,11.0,131.0,-28.9,16.0,336.7,0x20,405.003,16.8,375,-1,2.6,,
2026-09-03T23:45:18.000Z,M20-409-2-00781,1472514318,43.75816,4.51570,8973.5,5.7,10.2,132.8,-28.9,16.1,336.5,0x20,405.003,16.7,375,-1,2.6,,
2026-09-03T23:45:19.000Z,M20-409-2-00781,1472514319,43.75810,4.51581,8978.8,6.0,11.6,130.5,-29.0,16.1,336.2,0x20,405.003,17.9,375,-1,2.6,,
2026-09-03T23:45:20.000Z,M20-409-2-00781,1472514320,43.75805,4.51591,8984.7,5.6,9.4,114.1,-29.0,16.1,335.9,0x20,405.003,18.7,375,-1,2.6,,
2026-09-03T23:45:21.000Z,M20-409-2-00781,1472514321,43.75803,4.51604,8991.2,7.5,9.3,101.9,-29.1,16.0,335.6,0x20,405.003,18.7,375,-1,2.6,,
2026-09-03T23:45:22.000Z,M20-409-2-00781,1472514322,43.75802,4.51616,8996.0,3.0,9.5,100.8,-29.1,16.0,335.4,0x20,405.003,17.8,375,-1,2.6,,
2026-09-03T23:45:23.000Z,M20-409-2-00781,1472514323,43.75802,4.51628,8998.9,3.5,8.8,88.4,-29.2,16.0,335.3,0x20,405.003,5.0,375,-1,2.6,,
2026-09-03T23:45:24.000Z,M20-409-2-00781,1472514324,43.75802,4.51640,9003.0,4.5,9.1,92.4,-29.2,15.9,335.1,0x20,405.003,4.5,1125,-1,2.6,,
2026-09-03T23:45:25.000Z,M20-409-2-00781,1472514325,43.75802,4.51652,9006.4,3.5,10.5,96.7,-29.2,15.8,334.9,0x20,405.003,4.2,1125,-1,2.6,,
2026-09-03T23:45:26.000Z,M20-409-2-00781,1472514326,43.75800,4.51666,9010.2,4.0,11.5,105.4,-29.2,15.7,334.8,0x20,405.003,11.3,375,-1,2.6,,
2026-09-03T23:45:27.000Z,M20-409-2-00781,1472514327,43.75797,4.51680,9012.9,2.8,12.9,115.2,-29.3,15.7,334.6,0x20,405.003,13.1,1125,-1,2.6,,
2026-09-03T23:45:28.000Z,M20-409-2-00781,1472514328,43.75792,4.51694,9016.1,3.9,11.1,118.0,-29.3,15.6,334.4,0x20,405.003,14.3,1125,-1,2.6,,
2026-09-03T23:45:29.000Z,M20-409-2-00781,1472514329,43.75787,4.51705,9019.5,2.7,9.6,115.7,-29.3,15.6,334.3,0x20,405.003,17.2,375,-1,2.6,,
2026-09-03T23:45:30.000Z,M20-409-2-00781,1472514330,43.75784,4.51716,9022.8,4.4,9.5,110.0,-29.3,15.5,334.1,0x20,405.003,17.2,375,-1,2.6,,
2026-09-03T23:45:31.000Z,M20-409-2-00781,1472514331,43.75781,4.51728,9026.5,3.2,10.8,107.6,-29.4,15.5,333.9,0x20,405.003,16.6,375,-1,2.6,,
2026-09-03T23:45:32.000Z,M20-409-2-00781,1472514332,43.75779,4.51741,9030.0,4.2,9.7,103.1,-29.4,15.5,333.8,0x20,405.003,17.1,375,-1,2.6,,
2026-09-03T23:45:33.000Z,M20-409-2-00781,1472514333,43.75777,4.51753,9033.3,2.8,9.6,99.2,-29.5,15.5,333.6,0x20,405.003,17.1,375,-1,2.6,,
2026-09-03T23:45:34.000Z,M20-409-2-00781,1472514334,43.75775,4.51765,9036.7,4.3,10.6,101.8,-29.4,15.4,333.4,0x20,405.003,16.8,375,-1,2.6,,
2026-09-03T23:45:35.000Z,M20-409-2-00781,1472514335,43.75773,4.51778,9040.2,3.2,11.6,107.1,-29.5,15.4,333.3,0x20,405.003,16.4,375,-1,2.6,,
2026-09-03T23:45:36.000Z,M20-409-2-00781,1472514336,43.75769,4.51792,9043.9,4.4,11.1,113.0,-29.5,15.4,333.1,0x20,405.003,6.0,375,-1,2.6,,
2026-09-03T23:45:37.000Z,M20-409-2-00781,1472514337,43.75766,4.51804,9047.4,2.5,10.1,115.0,-29.5,15.4,332.9,0x20,405.003,5.6,375,-1,2.6,,
2026-09-03T23:45:38.000Z,M20-409-2-00781,1472514338,43.75762,4.51815,9051.0,4.8,10.0,112.4,-29.6,15.4,332.7,0x20,405.003,4.4,375,-1,2.6,,
2026-09-03T23:45:39.000Z,M20-409-2-00781,1472514339,43.75759,4.51827,9054.6,2.2,10.7,109.6,-29.6,15.5,332.6,0x20,405.003,9.5,1125,-1,2.6,,
2026-09-03T23:45:40.000Z,M20-409-2-00781,1472514340,43.75756,4.51839,9057.8,4.2,9.7,109.2,-29.6,15.4,332.4,0x20,405.003,12.7,1125,-1,2.6,,
2026-09-03T23:45:41.000Z,M20-409-2-00781,1472514341,43.75753,4.51850,9062.0,4.1,9.1,109.1,-29.6,15.4,332.2,0x20,405.003,13.6,1125,-1,2.6,,
2026-09-03T23:45:42.000Z,M20-409-2-00781,1472514342,43.75751,4.51861,9066.5,4.8,9.5,105.9,-29.7,15.4,332.1,0x20,405.003,17.0,375,-1,2.6,,
2026-09-03T23:45:43.000Z,M20-409-2-00781,1472514343,43.75748,4.51873,9071.1,4.8,10.8,105.8,-29.7,15.5,331.9,0x20,405.003,17.0,375,-1,2.6,,
2026-09-03T23:45:44.000Z,M20-409-2-00781,1472514344,43.75745,4.51886,9075.2,4.0,11.2,113.4,-29.7,15.5,331.7,0x20,405.003,17.2,375,-1,2.6,,
2026-09-03T23:45:45.000Z,M20-409-2-00781,1472514345,43.75741,4.51899,9078.6,2.9,11.9,111.9,-29.8,15.5,331.5,0x20,405.003,18.4,375,-1,2.6,,
2026-09-03T23:45:46.000Z,M20-409-2-00781,1472514346,43.75738,4.51912,9081.4,3.3,10.6,104.3,-29.8,15.5,331.4,0x20,405.003,18.4,375,-1,2.6,,
2026-09-03T23:45:47.000Z,M20-409-2-00781,1472514347,43.75736,4.51925,9085.4,4.6,10.2,98.8,-29.8,15.5,331.2,0x20,405.003,17.5,375,-1,2.6,,
2026-09-03T23:45:48.000Z,M20-409-2-00781,1472514348,43.75735,4.51938,9089.5,3.5,10.6,97.2,-29.9,15.5,331.0,0x20,405.003,17.5,375,-1,2.6,,
2026-09-03T23:45:49.000Z,M20-409-2-00781,1472514349,43.75733,4.51950,9093.4,5.1,10.4,110.1,-29.9,15.5,330.9,0x20,405.003,6.7,375,-1,2.6,,
2026-09-03T23:45:50.000Z,M20-409-2-00781,1472514350,43.75728,4.51963,9097.5,3.3,11.8,118.4,-29.9,15.5,330.7,0x20,405.003,4.2,375,-1,2.6,,
2026-09-03T23:45:51.000Z,M20-409-2-00781,1472514351,43.75724,4.51975,9100.6,4.2,10.2,118.8,-29.9,15.6,330.5,0x20,405.003,4.0,1125,-1,2.6,,
2026-09-03T23:45:52.000Z,M20-409-2-00781,1472514352,43.75720,4.51986,9103.8,2.7,9.8,114.9,-30.0,15.6,330.4,0x20,405.003,11.8,375,-1,2.6,,
2026-09-03T23:45:53.000Z,M20-409-2-00781,1472514353,43.75716,4.51996,9107.6,5.0,9.1,116.4,-30.0,15.6,330.2,0x20,405.003,15.3,375,-1,2.6,,
2026-09-03T23:45:54.000Z,M20-409-2-00781,1472514354,43.75712,4.52006,9111.7,4.0,9.6,120.0,-30.1,15.6,330.1,0x20,405.003,15.8,375,-1,2.6,,
2026-09-03T23:45:55.000Z,M20-409-2-00781,1472514355,43.75708,4.52018,9116.2,5.5,10.1,106.8,-30.1,15.6,329.9,0x20,405.003,15.8,375,-1,2.6,,
2026-09-03T23:45:56.000Z,M20-409-2-00781,1472514356,43.75706,4.52030,9121.0,4.6,10.3,107.1,-30.1,15.6,329.7,0x20,405.003,15.7,375,-1,2.6,,
2026-09-03T23:45:57.000Z,M20-409-2-00781,1472514357,43.75702,4.52042,9124.7,4.7,11.9,112.5,-30.1,15.6,329.5,0x20,405.003,17.0,375,-1,2.6,,
2026-09-03T23:45:58.000Z,M20-409-2-00781,1472514358,43.75698,4.52056,9127.8,2.9,11.1,114.2,-30.2,15.7,329.4,0x20,405.003,17.0,375,-1,2.6,,
2026-09-03T23:45:59.000Z,M20-409-2-00781,1472514359,43.75694,4.52068,9131.0,4.3,10.4,115.9,-30.2,15.7,329.2,0x20,405.003,17.7,375,-1,2.6,,
2026-09-03T23:46:00.000Z,M20-409-2-00781,1472514360,43.75690,4.52079,9134.0,2.1,9.9,113.1,-30.2,15.7,329.0,0x20,405.003,17.7,375,-1,2.6,,
2026-09-03T23:46:01.000Z,M20-409-2-00781,1472514361,43.75686,4.52090,9136.7,4.3,9.4,115.3,-30.3,15.7,328.9,0x20,405.003,14.3,375,-1,2.6,,
2026-09-03T23:46:02.000Z,M20-409-2-00781,1472514362,43.75683,4.52102,9140.5,3.7,10.9,106.7,-30.3,15.7,328.7,0x20,405.003,5.8,375,-1,2.6,,
2026-09-03T23:46:03.000Z,M20-409-2-00781,1472514363,43.75679,4.52115,9144.3,5.3,11.2,117.5,-30.3,15.8,328.5,0x20,405.003,3.8,375,-1,2.6,,
2026-09-03T23:46:04.000Z,M20-409-2-00781,1472514364,43.75676,4.52127,9148.4,3.7,10.3,110.9,-30.4,15.8,328.3,0x20,405.003,3.6,375,-1,2.6,,
2026-09-03T23:46:05.000Z,M20-409-2-00781,1472514365,43.75672,4.52139,9151.9,4.5,10.2,113.2,-30.4,15.9,328.2,0x20,405.003,14.5,375,-1,2.6,,
2026-09-03T23:46:06.000Z,M20-409-2-00781,1472514366,43.75668,4.52151,9156.5,5.1,11.2,110.3,-30.4,15.9,328.0,0x20,405.003,16.7,375,-1,2.6,,
2026-09-03T23:46:07.000Z,M20-409-2-00781,1472514367,43.75665,4.52164,9160.7,4.6,11.1,113.3,-30.4,16.0,327.8,0x20,405.003,16.7,375,-1,2.6,,
2026-09-03T23:46:08.000Z,M20-409-2-00781,1472514368,43.75660,4.52176,9164.9,5.1,10.3,117.7,-30.5,16.0,327.6,0x20,405.003,17.5,375,-1,2.6,,
2026-09-03T23:46:09.000Z,M20-409-2-00781,1472514369,43.75656,4.52187,9168.6,3.2,9.9,116.4,-30.5,16.1,327.4,0x20,405.003,17.5,375,-1,2.6,,
2026-09-03T23:46:10.000Z,M20-409-2-00781,1472514370,43.75652,4.52199,9172.1,4.4,11.2,116.9,-30.6,16.1,327.2,0x20,405.003,18.5,375,-1,2.6,,
2026-09-03T23:46:11.000Z,M20-409-2-00781,1472514371,43.75648,4.52212,9176.2,4.3,11.5,106.2,-30.6,16.1,327.1,0x20,405.003,18.5,375,-1,2.6,,
2026-09-03T23:46:12.000Z,M20-409-2-00781,1472514372,43.75644,4.52225,9180.9,5.9,12.2,110.7,-30.6,16.2,326.9,0x20,405.003,16.4,375,-1,2.6,,
2026-09-03T23:46:13.000Z,M20-409-2-00781,1472514373,43.75641,4.52239,9185.9,4.6,11.1,107.3,-30.7,16.2,326.6,0x20,405.003,15.1,375,-1,2.6,,
2026-09-03T23:46:14.000Z,M20-409-2-00781,1472514374,43.75638,4.52251,9189.4,2.7,10.1,111.8,-30.7,16.2,326.4,0x20,405.003,15.1,375,-1,2.6,,
2026-09-03T23:46:15.000Z,M20-409-2-00781,1472514375,43.75635,4.52262,9193.1,5.1,9.2,109.6,-30.8,16.2,326.2,0x20,405.003,5.1,375,-1,2.6,,
2026-09-03T23:46:16.000Z,M20-409-2-00781,1472514376,43.75632,4.52273,9199.2,8.0,9.4,110.2,-30.8,16.3,325.9,0x20,405.003,4.2,375,-1,2.6,,
2026-09-03T23:46:17.000Z,M20-409-2-00781,1472514377,43.75629,4.52284,9204.8,4.3,9.8,110.7,-30.8,16.3,325.7,0x20,405.003,5.3,375,-1,2.6,,
2026-09-03T23:46:18.000Z,M20-409-2-00781,1472514378,43.75626,4.52296,9208.6,3.3,10.1,107.4,-30.9,16.3,325.4,0x20,405.003,14.9,375,-1,2.6,,
2026-09-03T23:46:20.000Z,M20-409-2-00781,1472514380,43.75620,4.52316,9221.1,4.0,8.5,118.0,-31.0,16.4,325.0,0x20,405.003,17.1,375,-1,2.6,,
2026-09-03T23:46:21.000Z,M20-409-2-00781,1472514381,43.75616,4.52326,9224.8,3.3,10.5,123.6,-31.0,16.5,324.6,0x20,405.003,17.8,375,-1,2.6,,
2026-09-03T23:46:23.000Z,M20-409-2-00781,1472514383,43.75606,4.52353,9237.3,5.8,12.8,109.1,-31.1,16.6,324.2,0x20,405.003,16.0,375,-1,2.6,,
2026-09-03T23:46:24.000Z,M20-409-2-00781,1472514384,43.75603,4.52368,9242.0,2.3,12.8,109.5,-31.2,16.6,323.9,0x20,405.003,19.2,375,-1,2.6,,
2026-09-03T23:46:25.000Z,M20-409-2-00781,1472514385,43.75599,4.52382,9245.3,4.6,11.9,104.6,-31.2,16.7,323.7,0x20,405.003,19.2,375,-1,2.6,,
2026-09-03T23:46:26.000Z,M20-409-2-00781,1472514386,43.75596,4.52395,9251.8,7.7,9.6,116.4,-31.3,16.7,323.4,0x20,405.003,17.9,375,-1,2.6,,
2026-09-03T23:46:27.000Z,M20-409-2-00781,1472514387,43.75592,4.52405,9259.9,8.7,9.3,122.6,-31.3,16.7,323.1,0x20,405.003,12.8,375,-1,2.6,,
2026-09-03T23:46:28.000Z,M20-409-2-00781,1472514388,43.75588,4.52416,9265.7,3.1,9.1,115.0,-31.3,16.7,322.9,0x20,405.003,5.8,375,-1,2.6,,
2026-09-03T23:46:29.000Z,M20-409-2-00781,1472514389,43.75584,4.52428,9270.8,6.9,11.9,114.0,-31.4,16.7,322.6,0x20,405.003,4.3,375,-1,2.6,,
2026-09-03T23:46:30.000Z,M20-409-2-00781,1472514390,43.75580,4.52442,9278.1,8.5,13.9,113.3,-31.4,16.7,322.4,0x20,405.003,4.9,375,-1,2.6,,
2026-09-03T23:46:31.000Z,M20-409-2-00781,1472514391,43.75575,4.52458,9283.9,4.0,13.1,111.0,-31.5,16.7,322.1,0x20,405.003,12.5,1125,-1,2.6,,
2026-09-03T23:46:32.000Z,M20-409-2-00781,1472514392,43.75572,4.52472,9287.7,4.0,10.5,107.1,-31.5,16.8,321.9,0x20,405.003,15.8,375,-1,2.6,,
2026-09-03T23:46:33.000Z,M20-409-2-00781,1472514393,43.75569,4.52483,9292.3,5.3,8.3,105.7,-31.6,16.8,321.7,0x20,405.003,15.8,375,-1,2.6,,
2026-09-03T23:46:34.000Z,M20-409-2-00781,1472514394,43.75567,4.52493,9298.6,8.1,9.6,104.6,-31.6,16.9,321.4,0x20,405.003,14.8,375,-1,2.6,,
2026-09-03T23:46:35.000Z,M20-409-2-00781,1472514395,43.75564,4.52505,9306.2,7.9,10.4,119.2,-31.6,17.0,321.2,0x20,405.003,14.8,375,-1,2.6,,
2026-09-03T23:46:36.000Z,M20-409-2-00781,1472514396,43.75559,4.52517,9311.5,5.1,13.1,119.1,-31.7,17.1,321.0,0x20,405.003,16.5,375,-1,2.6,,
2026-09-03T23:46:37.000Z,M20-409-2-00781,1472514397,43.75554,4.52530,9314.3,2.9,11.4,113.4,-31.7,17.2,320.8,0x20,405.003,16.9,375,-1,2.6,,
2026-09-03T23:46:38.000Z,M20-409-2-00781,1472514398,43.75551,4.52543,9318.7,5.7,11.0,104.1,-31.8,17.3,320.5,0x20,405.003,17.9,375,-1,2.6,,
2026-09-03T23:46:39.000Z,M20-409-2-00781,1472514399,43.75549,4.52556,9323.9,6.1,11.1,104.6,-31.8,17.5,320.3,0x20,405.003,17.9,375,-1,2.6,,
2026-09-03T23:46:40.000Z,M20-409-2-00781,1472514400,43.75546,4.52567,9327.9,3.1,8.0,105.9,-31.9,17.6,320.1,0x20,405.003,6.3,375,-1,2.6,,
2026-09-03T23:46:41.000Z,M20-409-2-00781,1472514401,43.75543,4.52577,9331.3,3.0,9.6,123.8,-31.9,17.7,319.8,0x20,405.003,6.0,375,-1,2.6,,
2026-09-03T23:46:42.000Z,M20-409-2-00781,1472514402,43.75538,4.52585,9335.3,4.7,7.6,137.5,-32.0,17.8,319.6,0x20,405.003,4.0,1125,-1,2.6,,
2026-09-03T23:46:43.000Z,M20-409-2-00781,1472514403,43.75532,4.52593,9341.7,7.2,9.2,130.9,-32.0,18.0,319.3,0x20,405.003,7.1,1125,-1,2.6,,
2026-09-03T23:46:44.000Z,M20-409-2-00781,1472514404,43.75527,4.52604,9348.6,6.7,11.3,114.2,-32.1,18.0,319.0,0x20,405.003,7.1,375,-1,2.6,,
2026-09-03T23:46:45.000Z,M20-409-2-00781,1472514405,43.75524,4.52616,9351.9,1.3,10.9,107.3,-32.1,18.1,318.8,0x20,405.003,15.7,375,-1,2.6,,
2026-09-03T23:46:46.000Z,M20-409-2-00781,1472514406,43.75520,4.52628,9354.1,1.6,10.5,113.9,-32.2,18.2,318.7,0x20,405.003,16.7,375,-1,2.6,,
2026-09-03T23:46:47.000Z,M20-409-2-00781,1472514407,43.75515,4.52640,9358.9,5.6,12.6,123.6,-32.2,18.3,318.5,0x20,405.003,16.7,375,-1,2.6,,
2026-09-03T23:46:48.000Z,M20-409-2-00781,1472514408,43.75508,4.52652,9363.5,3.3,11.9,127.1,-32.2,18.5,318.3,0x20,405.003,17.5,375,-1,2.6,,
2026-09-03T23:46:49.000Z,M20-409-2-00781,1472514409,43.75502,4.52664,9368.6,5.5,11.2,119.5,-32.3,18.6,318.1,0x20,405.003,18.0,375,-1,2.6,,
2026-09-03T23:46:50.000Z,M20-409-2-00781,1472514410,43.75498,4.52676,9373.2,2.9,10.5,114.1,-32.3,18.7,317.9,0x20,405.003,18.0,375,-1,2.6,,
2026-09-03T23:46:51.000Z,M20-409-2-00781,1472514411,43.75494,4.52688,9377.0,4.4,9.7,115.5,-32.4,18.8,317.7,0x20,405.003,16.1,375,-1,2.6,,
2026-09-03T23:46:52.000Z,M20-409-2-00781,1472514412,43.75490,4.52699,9381.1,3.8,10.3,115.8,-32.4,18.9,317.5,0x20,405.003,18.1,375,-1,2.6,,
2026-09-03T23:46:53.000Z,M20-409-2-00781,1472514413,43.75486,4.52710,9385.5,4.9,10.9,117.4,-32.4,19.0,317.3,0x20,405.003,18.1,375,-1,2.6,,
2026-09-03T23:46:54.000Z,M20-409-2-00781,1472514414,43.75482,4.52722,9391.0,6.4,10.4,115.5,-32.5,19.2,317.1,0x20,405.003,18.1,375,-1,2.6,,
2026-09-03T23:46:55.000Z,M20-409-2-00781,1472514415,43.75478,4.52734,9395.1,2.0,11.2,113.5,-32.5,19.2,316.9,0x20,405.003,4.2,375,-1,2.6,,
2026-09-03T23:46:56.000Z,M20-409-2-00781,1472514416,43.75473,4.52747,9398.4,4.2,12.3,119.1,-32.5,19.4,316.7,0x20,405.003,4.3,375,-1,2.6,,
2026-09-03T23:46:57.000Z,M20-409-2-00781,1472514417,43.75467,4.52761,9402.3,3.8,13.2,127.4,-32.6,19.5,316.5,0x20,405.003,12.3,1125,-1,2.6,,
2026-09-03T23:46:58.000Z,M20-409-2-00781,1472514418,43.75460,4.52772,9407.2,5.5,12.3,135.7,-32.6,19.6,316.3,0x20,405.003,14.0,1125,-1,2.6,,
2026-09-03T23:46:59.000Z,M20-409-2-00781,1472514419,43.75452,4.52782,9413.0,5.9,10.2,136.4,-32.7,19.8,316.1,0x20,405.003,17.8,375,-1,2.6,,
2026-09-03T23:47:00.000Z,M20-409-2-00781,1472514420,43.75446,4.52791,9417.3,2.6,9.2,126.0,-32.7,19.9,315.9,0x20,405.003,17.8,375,-1,2.6,,
2026-09-03T23:47:01.000Z,M20-409-2-00781,1472514421,43.75443,4.52801,9420.9,4.2,8.9,112.4,-32.8,20.0,315.7,0x20,405.003,17.5,375,-1,2.6,,
2026-09-03T23:47:02.000Z,M20-409-2-00781,1472514422,43.75439,4.52813,9424.9,3.7,11.6,110.7,-32.8,20.1,315.5,0x20,405.003,18.6,375,-1,2.6,,
2026-09-03T23:47:03.000Z,M20-409-2-00781,1472514423,43.75435,4.52828,9430.9,7.9,14.9,115.5,-32.8,20.3,315.3,0x20,405.003,18.6,375,-1,2.6,,
2026-09-03T23:47:04.000Z,M20-409-2-00781,1472514424,43.75428,4.52844,9435.9,2.2,14.9,123.2,-32.9,20.4,315.1,0x20,405.003,16.6,375,-1,2.6,,
2026-09-03T23:47:05.000Z,M20-409-2-00781,1472514425,43.75421,4.52858,9438.8,3.8,12.4,127.9,-32.9,20.5,314.9,0x20,405.003,18.2,375,-1,2.6,,
2026-09-03T23:47:06.000Z,M20-409-2-00781,1472514426,43.75415,4.52867,9442.4,3.1,9.2,135.6,-32.9,20.6,314.7,0x20,405.003,20.7,375,-1,2.6,,
2026-09-03T23:47:07.000Z,M20-409-2-00781,1472514427,43.75410,4.52875,9445.8,3.4,7.1,131.2,-32.9,20.7,314.5,0x20,405.003,20.7,375,-1,2.6,,
2026-09-03T23:47:08.000Z,M20-409-2-00781,1472514428,43.75406,4.52883,9450.5,5.8,9.0,118.3,-33.0,20.8,314.3,0x20,405.003,20.7,1125,-1,2.6,,
2026-09-03T23:47:09.000Z,M20-409-2-00781,1472514429,43.75402,4.52894,9456.2,5.3,10.8,113.5,-33.0,20.9,314.2,0x20,405.003,4.0,375,-1,2.6,,
2026-09-03T23:47:10.000Z,M20-409-2-00781,1472514430,43.75399,4.52907,9460.5,3.2,12.1,109.7,-33.0,20.9,314.0,0x20,405.003,7.7,375,-1,2.6,,
2026-09-03T23:47:11.000Z,M20-409-2-00781,1472514431,43.75395,4.52921,9463.8,3.1,11.8,109.2,-33.0,20.9,313.8,0x20,405.003,13.9,375,-1,2.6,,
2026-09-03T23:47:12.000Z,M20-409-2-00781,1472514432,43.75392,4.52934,9467.5,3.6,11.2,106.1,-33.1,20.9,313.6,0x20,405.003,15.7,750,-1,2.6,,
2026-09-03T23:47:13.000Z,M20-409-2-00781,1472514433,43.75389,4.52947,9471.7,4.1,11.0,111.9,-33.1,20.9,313.4,0x20,405.003,19.4,375,-1,2.6,,
2026-09-03T23:47:14.000Z,M20-409-2-00781,1472514434,43.75384,4.52959,9476.7,5.8,10.6,122.3,-33.1,20.9,313.3,0x20,405.003,19.4,375,-1,2.6,,
2026-09-03T23:47:15.000Z,M20-409-2-00781,1472514435,43.75380,4.52969,9481.7,4.5,9.2,124.5,-33.2,21.0,313.1,0x20,405.003,16.3,375,-1,2.6,,
2026-09-03T23:47:16.000Z,M20-409-2-00781,1472514436,43.75375,4.52978,9484.9,2.1,8.9,132.8,-33.2,21.0,312.9,0x20,405.003,19.0,375,-1,2.6,,
2026-09-03T23:47:17.000Z,M20-409-2-00781,1472514437,43.75369,4.52986,9488.3,4.6,8.7,139.1,-33.2,21.0,312.7,0x20,405.003,19.0,375,-1,2.6,,
2026-09-03T23:47:18.000Z,M20-409-2-00781,1472514438,43.75363,4.52993,9494.3,7.4,9.4,138.4,-33.3,21.1,312.5,0x20,405.003,18.5,375,-1,2.6,,
2026-09-03T23:47:19.000Z,M20-409-2-00781,1472514439,43.75357,4.53002,9500.0,4.0,10.5,130.5,-33.3,21.1,312.3,0x20,405.003,18.7,375,-1,2.6,,
2026-09-03T23:47:20.000Z,M20-409-2-00781,1472514440,43.75351,4.53012,9504.0,4.0,10.9,125.9,-33.4,21.2,312.0,0x20,405.003,18.7,375,-1,2.6,,
2026-09-03T23:47:21.000Z,M20-409-2-00781,1472514441,43.75346,4.53023,9508.9,5.6,9.8,115.5,-33.4,21.2,311.8,0x20,405.003,5.1,375,-1,2.6,,
2026-09-03T23:47:22.000Z,M20-409-2-00781,1472514442,43.75343,4.53033,9516.0,8.3,8.1,120.2,-33.5,21.3,311.6,0x20,405.003,4.5,375,-1,2.6,,
2026-09-03T23:47:23.000Z,M20-409-2-00781,1472514443,43.75339,4.53042,9520.9,2.3,9.3,121.9,-33.5,21.3,311.4,0x20,405.003,4.6,375,-1,2.6,,
2026-09-03T23:47:24.000Z,M20-409-2-00781,1472514444,43.75334,4.53052,9524.5,5.2,10.2,122.4,-33.6,21.4,311.2,0x20,405.003,13.9,750,-1,2.6,,
2026-09-03T23:47:25.000Z,M20-409-2-00781,1472514445,43.75329,4.53064,9528.5,3.1,12.3,119.2,-33.6,21.5,310.9,0x20,405.003,19.1,375,-1,2.6,,
2026-09-03T23:47:26.000Z,M20-409-2-00781,1472514446,43.75324,4.53078,9532.1,4.6,12.0,118.0,-33.6,21.6,310.7,0x20,405.003,19.1,375,-1,2.6,,
2026-09-03T23:47:27.000Z,M20-409-2-00781,1472514447,43.75318,4.53090,9536.8,4.2,11.2,124.7,-33.7,21.6,310.6,0x20,405.003,18.0,375,-1,2.6,,
2026-09-03T23:47:28.000Z,M20-409-2-00781,1472514448,43.75312,4.53101,9541.0,4.7,11.2,130.0,-33.7,21.7,310.4,0x20,405.003,18.0,375,-1,2.6,,
2026-09-03T23:47:29.000Z,M20-409-2-00781,1472514449,43.75305,4.53111,9545.7,4.9,11.8,137.0,-33.7,21.8,310.2,0x20,405.003,19.6,375,-1,2.6,,
2026-09-03T23:47:30.000Z,M20-409-2-00781,1472514450,43.75298,4.53122,9549.5,2.8,12.3,131.4,-33.7,21.9,310.1,0x20,405.003,20.7,375,-1,2.6,,
2026-09-03T23:47:31.000Z,M20-409-2-00781,1472514451,43.75291,4.53133,9553.0,4.2,11.2,122.1,-33.8,22.0,309.9,0x20,405.003,20.7,375,-1,2.6,,
2026-09-03T23:47:32.000Z,M20-409-2-00781,1472514452,43.75287,4.53145,9558.0,5.5,10.1,110.0,-33.8,22.0,309.7,0x20,405.003,20.0,375,-1,2.6,,
2026-09-03T23:47:33.000Z,M20-409-2-00781,1472514453,43.75285,4.53157,9562.3,3.9,9.6,104.9,-33.8,22.1,309.6,0x20,405.003,20.0,375,-1,2.6,,
2026-09-03T23:47:34.000Z,M20-409-2-00781,1472514454,43.75281,4.53168,9566.6,5.1,10.5,119.0,-33.9,22.1,309.4,0x20,405.003,6.4,375,-1,2.6,,
2026-09-03T23:47:35.000Z,M20-409-2-00781,1472514455,43.75276,4.53180,9570.2,2.4,11.1,121.0,-33.9,22.1,309.2,0x20,405.003,4.6,375,-1,2.6,,
2026-09-03T23:47:36.000Z,M20-409-2-00781,1472514456,43.75271,4.53193,9573.5,4.3,13.2,123.6,-33.9,22.1,309.1,0x20,405.003,6.3,375,-1,2.6,,
2026-09-03T23:47:37.000Z,M20-409-2-00781,1472514457,43.75264,4.53206,9578.0,4.8,12.8,120.7,-34.0,22.2,308.9,0x20,405.003,13.3,375,-1,2.6,,
2026-09-03T23:47:38.000Z,M20-409-2-00781,1472514458,43.75258,4.53219,9582.6,5.2,11.7,123.3,-34.0,22.2,308.7,0x20,405.003,14.5,375,-1,2.6,,
2026-09-03T23:47:39.000Z,M20-409-2-00781,1472514459,43.75252,4.53231,9587.0,4.8,10.9,125.8,-34.0,22.2,308.5,0x20,405.003,18.5,375,-1,2.6,,
2026-09-03T23:47:40.000Z,M20-409-2-00781,1472514460,43.75247,4.53242,9590.9,3.8,9.7,123.0,-34.1,22.2,308.3,0x20,405.003,18.5,375,-1,2.6,,
2026-09-03T23:47:41.000Z,M20-409-2-00781,1472514461,43.75243,4.53252,9594.8,4.4,9.3,115.0,-34.1,22.2,308.1,0x20,405.003,18.9,375,-1,2.6,,
2026-09-03T23:47:42.000Z,M20-409-2-00781,1472514462,43.75240,4.53263,9598.5,3.5,9.9,110.8,-34.1,22.2,308.0,0x20,405.003,20.6,375,-1,2.6,,
2026-09-03T23:47:43.000Z,M20-409-2-00781,1472514463,43.75236,4.53274,9602.0,4.3,10.6,120.5,-34.2,22.1,307.8,0x20,405.003,20.6,375,-1,2.6,,
2026-09-03T23:47:44.000Z,M20-409-2-00781,1472514464,43.75231,4.53286,9605.6,3.7,11.4,119.5,-34.2,22.1,307.7,0x20,405.003,19.1,375,-1,2.6,,
2026-09-03T23:47:45.000Z,M20-409-2-00781,1472514465,43.75225,4.53299,9609.5,4.8,12.7,119.7,-34.2,22.1,307.5,0x20,405.003,19.1,375,-1,2.6,,
2026-09-03T23:47:46.000Z,M20-409-2-00781,1472514466,43.75220,4.53313,9614.4,5.4,12.9,114.9,-34.3,22.1,307.3,0x20,405.003,19.1,1125,-1,2.6,,
2026-09-03T23:47:47.000Z,M20-409-2-00781,1472514467,43.75214,4.53326,9619.0,4.2,12.2,127.4,-34.3,22.1,307.1,0x20,405.003,7.2,375,-1,2.6,,
2026-09-03T23:47:48.000Z,M20-409-2-00781,1472514468,43.75208,4.53339,9622.2,3.8,12.3,122.1,-34.3,22.1,307.0,0x20,405.003,5.1,375,-1,2.6,,
2026-09-03T23:47:49.000Z,M20-409-2-00781,1472514469,43.75202,4.53351,9625.9,5.1,11.0,119.4,-34.4,22.1,306.8,0x20,405.003,7.2,375,-1,2.6,,
2026-09-03T23:47:50.000Z,M20-409-2-00781,1472514470,43.75198,4.53363,9630.4,4.7,10.7,113.7,-34.4,22.1,306.7,0x20,405.003,14.7,1125,-1,2.6,,
2026-09-03T23:47:51.000Z,M20-409-2-00781,1472514471,43.75194,4.53376,9633.7,3.8,11.3,120.0,-34.4,22.1,306.5,0x20,405.003,17.3,375,-1,2.6,,
2026-09-03T23:47:52.000Z,M20-409-2-00781,1472514472,43.75188,4.53388,9637.2,4.5,11.2,119.9,-34.5,22.2,306.3,0x20,405.003,17.3,375,-1,2.6,,
2026-09-03T23:47:53.000Z,M20-409-2-00781,1472514473,43.75184,4.53400,9641.2,4.3,11.7,112.2,-34.5,22.2,306.1,0x20,405.003,18.7,375,-1,2.6,,
2026-09-03T23:47:54.000Z,M20-409-2-00781,1472514474,43.75179,4.53413,9645.3,5.1,11.7,119.8,-34.5,22.2,306.0,0x20,405.003,18.7,375,-1,2.6,,
2026-09-03T23:47:55.000Z,M20-409-2-00781,1472514475,43.75173,4.53425,9649.2,3.9,11.2,123.7,-34.5,22.2,305.8,0x20,405.003,18.7,375,-1,2.6,,
2026-09-03T23:47:56.000Z,M20-409-2-00781,1472514476,43.75167,4.53437,9652.5,4.3,11.9,125.6,-34.6,22.3,305.6,0x20,405.003,17.7,375,-1,2.6,,
2026-09-03T23:47:57.000Z,M20-409-2-00781,1472514477,43.75162,4.53449,9656.6,4.9,11.4,121.3,-34.6,22.3,305.4,0x20,405.003,17.2,375,-1,2.6,,
2026-09-03T23:47:58.000Z,M20-409-2-00781,1472514478,43.75157,4.53461,9660.7,4.7,11.1,115.4,-34.7,22.3,305.3,0x20,405.003,17.2,375,-1,2.6,,
2026-09-03T23:47:59.000Z,M20-409-2-00781,1472514479,43.75152,4.53473,9665.0,4.7,11.1,124.5,-34.7,22.4,305.1,0x20,405.003,16.8,375,-1,2.6,,
2026-09-03T23:48:00.000Z,M20-409-2-00781,1472514480,43.75146,4.53484,9668.5,4.2,10.2,126.0,-34.7,22.4,305.0,0x20,405.003,4.2,375,-1,2.6,,
2026-09-03T23:48:01.000Z,M20-409-2-00781,1472514481,43.75141,4.53495,9672.9,5.5,11.2,120.9,-34.8,22.5,304.8,0x20,405.003,4.2,375,-1,2.6,,
2026-09-03T23:48:02.000Z,M20-409-2-00781,1472514482,43.75135,4.53507,9677.4,4.4,11.5,122.2,-34.8,22.5,304.6,0x20,405.003,4.2,375,-1,2.6,,
2026-09-03T23:48:03.000Z,M20-409-2-00781,1472514483,43.75129,4.53520,9681.2,4.9,12.4,125.5,-34.8,22.6,304.4,0x20,405.003,15.2,375,-1,2.6,,
2026-09-03T23:48:04.000Z,M20-409-2-00781,1472514484,43.75122,4.53532,9684.8,3.9,12.8,128.9,-34.9,22.7,304.3,0x20,405.003,16.2,375,-1,2.6,,
2026-09-03T23:48:05.000Z,M20-409-2-00781,1472514485,43.75115,4.53545,9687.0,2.9,12.0,129.2,-34.9,22.8,304.1,0x20,405.003,16.2,375,-1,2.6,,
2026-09-03T23:48:06.000Z,M20-409-2-00781,1472514486,43.75109,4.53557,9690.2,4.7,11.5,121.9,-34.9,22.8,304.0,0x20,405.003,19.1,375,-1,2.6,,
2026-09-03T23:48:07.000Z,M20-409-2-00781,1472514487,43.75104,4.53568,9694.3,4.3,10.8,122.0,-34.9,22.9,303.8,0x20,405.003,19.1,375,-1,2.6,,
2026-09-03T23:48:08.000Z,M20-409-2-00781,1472514488,43.75099,4.53580,9697.8,3.8,11.0,125.0,-35.0,23.0,303.6,0x20,405.003,18.5,375,-1,2.6,,
2026-09-03T23:48:09.000Z,M20-409-2-00781,1472514489,43.75093,4.53591,9701.7,4.9,11.2,125.7,-35.0,23.1,303.5,0x20,405.003,18.5,375,-1,2.6,,
2026-09-03T23:48:10.000Z,M20-409-2-00781,1472514490,43.75088,4.53602,9705.0,3.6,11.4,120.5,-35.0,23.2,303.3,0x20,405.003,14.9,375,-1,2.6,,
2026-09-03T23:48:11.000Z,M20-409-2-00781,1472514491,43.75082,4.53615,9709.6,6.2,12.7,124.6,-35.1,23.2,303.1,0x20,405.003,17.8,375,-1,2.6,,
2026-09-03T23:48:12.000Z,M20-409-2-00781,1472514492,43.75075,4.53627,9714.1,4.2,11.9,130.2,-35.1,23.3,302.9,0x20,405.003,17.8,375,-1,2.6,,
2026-09-03T23:48:13.000Z,M20-409-2-00781,1472514493,43.75069,4.53638,9718.4,5.2,11.4,126.1,-35.1,23.4,302.8,0x20,405.003,3.8,375,-1,2.6,,
2026-09-03T23:48:14.000Z,M20-409-2-00781,1472514494,43.75063,4.53650,9721.4,3.3,11.3,127.5,-35.2,23.4,302.6,0x20,405.003,4.1,375,-1,2.6,,
2026-09-03T23:48:15.000Z,M20-409-2-00781,1472514495,43.75056,4.53661,9724.9,5.0,11.9,128.0,-35.2,23.5,302.4,0x20,405.003,4.2,375,-1,2.6,,
2026-09-03T23:48:16.000Z,M20-409-2-00781,1472514496,43.75050,4.53672,9728.8,3.6,11.9,130.2,-35.2,23.6,302.3,0x20,405.003,13.0,375,-1,2.6,,
2026-09-03T23:48:17.000Z,M20-409-2-00781,1472514497,43.75044,4.53684,9732.2,5.1,11.0,123.9,-35.2,23.7,302.1,0x20,405.003,16.8,375,-1,2.6,,
2026-09-03T23:48:18.000Z,M20-409-2-00781,1472514498,43.75038,4.53695,9736.0,4.0,11.7,123.8,-35.3,23.7,302.0,0x20,405.003,17.9,375,-1,2.6,,
2026-09-03T23:48:19.000Z,M20-409-2-00781,1472514499,43.75032,4.53707,9740.0,4.7,10.1,124.1,-35.3,23.8,301.8,0x20,405.003,17.9,375,-1,2.6,,
2026-09-03T23:48:20.000Z,M20-409-2-00781,1472514500,43.75026,4.53718,9743.3,3.6,11.5,131.3,-35.3,23.8,301.6,0x20,405.003,17.3,375,-1,2.6,,
2026-09-03T23:48:21.000Z,M20-409-2-00781,1472514501,43.75019,4.53728,9747.0,4.3,11.2,130.1,-35.4,23.8,301.5,0x20,405.003,17.3,375,-1,2.6,,
2026-09-03T23:48:22.000Z,M20-409-2-00781,1472514502,43.75014,4.53739,9750.9,4.0,11.0,122.2,-35.4,23.8,301.3,0x20,405.003,17.2,375,-1,2.6,,
2026-09-03T23:48:23.000Z,M20-409-2-00781,1472514503,43.75009,4.53751,9754.6,4.5,10.8,117.5,-35.4,23.8,301.1,0x20,405.003,17.2,375,-1,2.6,,
2026-09-03T23:48:24.000Z,M20-409-2-00781,1472514504,43.75004,4.53763,9758.7,4.5,10.5,121.6,-35.4,23.7,300.9,0x20,405.003,18.5,375,-1,2.6,,
2026-09-03T23:48:25.000Z,M20-409-2-00781,1472514505,43.74999,4.53774,9763.0,4.7,11.4,127.5,-35.4,23.7,300.8,0x20,405.003,18.5,375,-1,2.6,,
2026-09-03T23:48:26.000Z,M20-409-2-00781,1472514506,43.74993,4.53786,9767.6,4.7,11.6,117.7,-35.5,23.6,300.6,0x20,405.003,5.2,375,-1,2.6,,
2026-09-03T23:48:27.000Z,M20-409-2-00781,1472514507,43.74988,4.53799,9771.9,4.8,12.5,124.3,-35.5,23.6,300.5,0x20,405.003,5.2,375,-1,2.6,,
2026-09-03T23:48:28.000Z,M20-409-2-00781,1472514508,43.74981,4.53811,9775.8,4.5,12.0,125.6,-35.6,23.5,300.3,0x20,405.003,3.5,375,-1,2.6,,
2026-09-03T23:48:29.000Z,M20-409-2-00781,1472514509,43.74975,4.53823,9779.4,3.8,11.6,129.5,-35.6,23.4,300.2,0x20,405.003,15.2,750,-1,2.6,,
2026-09-03T23:48:30.000Z,M20-409-2-00781,1472514510,43.74969,4.53835,9782.5,4.6,12.2,123.2,-35.6,23.3,300.0,0x20,405.003,16.8,375,-1,2.6,,
2026-09-03T23:48:31.000Z,M20-409-2-00781,1472514511,43.74963,4.53848,9786.2,4.0,12.5,119.0,-35.6,23.3,299.8,0x20,405.003,16.8,375,-1,2.6,,
2026-09-03T23:48:32.000Z,M20-409-2-00781,1472514512,43.74958,4.53860,9789.9,4.8,11.1,122.2,-35.7,23.3,299.7,0x20,405.003,16.2,375,-1,2.6,,
2026-09-03T23:48:33.000Z,M20-409-2-00781,1472514513,43.74952,4.53872,9793.5,3.5,11.1,126.0,-35.7,23.2,299.5,0x20,405.003,18.1,375,-1,2.6,,
2026-09-03T23:48:34.000Z,M20-409-2-00781,1472514514,43.74947,4.53883,9797.5,5.0,10.7,120.8,-35.8,23.2,299.3,0x20,405.003,18.1,375,-1,2.6,,
2026-09-03T23:48:35.000Z,M20-409-2-00781,1472514515,43.74942,4.53895,9801.7,4.0,11.8,121.0,-35.8,23.1,299.1,0x20,405.003,18.3,375,-1,2.6,,
2026-09-03T23:48:36.000Z,M20-409-2-00781,1472514516,43.74937,4.53907,9805.3,4.0,10.3,119.6,-35.8,23.1,299.0,0x20,405.003,18.3,375,-1,2.6,,
2026-09-03T23:48:37.000Z,M20-409-2-00781,1472514517,43.74932,4.53918,9808.8,4.6,10.5,124.5,-35.8,23.0,298.8,0x20,405.003,16.8,375,-1,2.6,,
2026-09-03T23:48:38.000Z,M20-409-2-00781,1472514518,43.74927,4.53928,9813.5,5.7,10.7,121.8,-35.9,22.9,298.6,0x20,405.003,16.8,375,-1,2.6,,
2026-09-03T23:48:39.000Z,M20-409-2-00781,1472514519,43.74922,4.53941,9817.2,2.4,12.0,120.3,-35.9,22.8,298.5,0x20,405.003,5.1,375,-1,2.6,,
2026-09-03T23:48:40.000Z,M20-409-2-00781,1472514520,43.74917,4.53953,9820.3,4.8,11.5,118.6,-36.0,22.7,298.3,0x20,405.003,5.1,1125,-1,2.6,,
2026-09-03T23:48:41.000Z,M20-409-2-00781,1472514521,43.74912,4.53966,9824.4,3.9,11.8,121.9,-36.0,22.7,298.1,0x20,405.003,4.7,1125,-1,2.6,,
2026-09-03T23:48:42.000Z,M20-409-2-00781,1472514522,43.74906,4.53979,9828.5,4.7,12.5,118.6,-36.0,22.6,297.9,0x20,405.003,14.6,375,-1,2.6,,
2026-09-03T23:48:43.000Z,M20-409-2-00781,1472514523,43.74901,4.53992,9832.4,4.1,12.9,118.7,-36.0,22.5,297.8,0x20,405.003,14.8,750,-1,2.6,,
2026-09-03T23:48:44.000Z,M20-409-2-00781,1472514524,43.74896,4.54005,9836.6,4.9,11.8,122.6,-36.1,22.4,297.6,0x20,405.003,17.7,375,-1,2.6,,
2026-09-03T23:48:45.000Z,M20-409-2-00781,1472514525,43.74890,4.54017,9840.2,3.5,11.2,129.5,-36.1,22.3,297.5,0x20,405.003,17.7,375,-1,2.6,,
2026-09-03T23:48:46.000Z,M20-409-2-00781,1472514526,43.74884,4.54029,9844.6,5.9,11.3,117.2,-36.1,22.2,297.3,0x20,405.003,18.0,375,-1,2.6,,
2026-09-03T23:48:47.000Z,M20-409-2-00781,1472514527,43.74879,4.54041,9849.5,4.5,11.8,122.7,-36.1,22.1,297.1,0x20,405.003,18.0,375,-1,2.6,,
2026-09-03T23:48:48.000Z,M20-409-2-00781,1472514528,43.74874,4.54054,9853.5,4.6,12.7,115.3,-36.1,22.0,297.0,0x20,405.003,19.4,375,-1,2.6,,
2026-09-03T23:48:49.000Z,M20-409-2-00781,1472514529,43.74869,4.54068,9856.4,3.3,12.1,121.6,-36.1,21.9,296.8,0x20,405.003,19.4,375,-1,2.6,,
2026-09-03T23:48:50.000Z,M20-409-2-00781,1472514530,43.74863,4.54081,9859.8,4.4,12.4,117.7,-36.2,21.8,296.7,0x20,405.003,16.7,375,-1,2.6,,
2026-09-03T23:48:51.000Z,M20-409-2-00781,1472514531,43.74858,4.54095,9863.6,4.2,12.1,116.4,-36.2,21.7,296.5,0x20,405.003,18.5,375,-1,2.6,,
2026-09-03T23:48:52.000Z,M20-409-2-00781,1472514532,43.74853,4.54108,9866.8,3.8,12.1,114.4,-36.2,21.6,296.4,0x20,405.003,18.5,375,-1,2.6,,
2026-09-03T23:48:53.000Z,M20-409-2-00781,1472514533,43.74849,4.54120,9870.8,5.2,9.9,122.6,-36.2,21.5,296.2,0x20,405.003,5.3,375,-1,2.6,,
2026-09-03T23:48:54.000Z,M20-409-2-00781,1472514534,43.74844,4.54130,9874.2,3.5,9.3,126.4,-36.2,21.4,296.0,0x20,405.003,4.4,375,-1,2.6,,
2026-09-03T23:48:55.000Z,M20-409-2-00781,1472514535,43.74838,4.54139,9878.2,5.5,10.3,131.8,-36.3,21.4,295.8,0x20,405.003,7.2,1125,-1,2.6,,
2026-09-03T23:48:56.000Z,M20-409-2-00781,1472514536,43.74832,4.54150,9881.7,2.4,11.4,125.3,-36.3,21.3,295.7,0x20,405.003,17.3,375,-1,2.6,,
2026-09-03T23:48:57.000Z,M20-409-2-00781,1472514537,43.74827,4.54161,9884.4,4.7,11.0,126.2,-36.3,21.2,295.5,0x20,405.003,19.4,375,-1,2.6,,
2026-09-03T23:48:58.000Z,M20-409-2-00781,1472514538,43.74821,4.54172,9888.3,3.9,10.9,127.3,-36.3,21.2,295.3,0x20,405.003,19.4,375,-1,2.6,,
2026-09-03T23:48:59.000Z,M20-409-2-00781,1472514539,43.74815,4.54184,9892.7,5.7,11.1,116.5,-36.3,21.1,295.2,0x20,405.003,18.2,375,-1,2.6,,
2026-09-03T23:49:00.000Z,M20-409-2-00781,1472514540,43.74811,4.54196,9897.2,4.4,11.6,119.2,-36.3,21.1,295.0,0x20,405.003,18.2,375,-1,2.6,,
2026-09-03T23:49:01.000Z,M20-409-2-00781,1472514541,43.74805,4.54209,9901.5,5.5,11.6,122.6,-36.3,21.1,294.9,0x20,405.003,19.4,375,-1,2.6,,
2026-09-03T23:49:02.000Z,M20-409-2-00781,1472514542,43.74800,4.54220,9904.8,2.1,10.0,127.0,-36.4,21.1,294.7,0x20,405.003,19.4,375,-1,2.6,,
2026-09-03T23:49:03.000Z,M20-409-2-00781,1472514543,43.74794,4.54230,9908.1,5.3,10.5,131.1,-36.4,21.0,294.6,0x20,405.003,17.4,375,-1,2.6,,
2026-09-03T23:49:04.000Z,M20-409-2-00781,1472514544,43.74788,4.54240,9912.1,3.5,11.3,128.4,-36.4,21.0,294.4,0x20,405.003,18.2,375,-1,2.6,,
2026-09-03T23:49:05.000Z,M20-409-2-00781,1472514545,43.74781,4.54251,9915.7,4.8,11.0,133.3,-36.4,21.0,294.2,0x20,405.003,18.2,375,-1,2.6,,
2026-09-03T23:49:06.000Z,M20-409-2-00781,1472514546,43.74775,4.54261,9919.7,4.2,9.6,129.7,-36.5,20.9,294.1,0x20,405.003,3.4,375,-1,2.6,,
2026-09-03T23:49:07.000Z,M20-409-2-00781,1472514547,43.74770,4.54270,9923.4,4.6,9.2,131.2,-36.5,20.9,293.9,0x20,405.003,3.3,375,-1,2.6,,
2026-09-03T23:49:08.000Z,M20-409-2-00781,1472514548,43.74764,4.54280,9927.3,3.9,10.6,122.9,-36.5,20.9,293.8,0x20,405.003,13.5,375,-1,2.6,,
2026-09-03T23:49:09.000Z,M20-409-2-00781,1472514549,43.74759,4.54291,9930.6,3.6,11.1,120.0,-36.6,20.8,293.6,0x20,405.003,16.3,375,-1,2.6,,
2026-09-03T23:49:10.000Z,M20-409-2-00781,1472514550,43.74754,4.54303,9933.9,4.0,11.5,125.1,-36.6,20.8,293.4,0x20,405.003,16.8,375,-1,2.6,,
2026-09-03T23:49:11.000Z,M20-409-2-00781,1472514551,43.74748,4.54314,9937.9,3.8,10.7,126.0,-36.6,20.8,293.3,0x20,405.003,17.6,375,-1,2.6,,
2026-09-03T23:49:12.000Z,M20-409-2-00781,1472514552,43.74742,4.54326,9941.5,4.3,12.1,128.9,-36.7,20.8,293.1,0x20,405.003,18.3,375,-1,2.6,,
2026-09-03T23:49:13.000Z,M20-409-2-00781,1472514553,43.74735,4.54336,9945.6,4.7,10.8,131.1,-36.7,20.8,293.0,0x20,405.003,18.3,375,-1,2.6,,
2026-09-03T23:49:14.000Z,M20-409-2-00781,1472514554,43.74729,4.54346,9949.4,3.8,11.2,137.5,-36.7,20.8,292.8,0x20,405.003,17.4,375,-1,2.6,,
2026-09-03T23:49:15.000Z,M20-409-2-00781,1472514555,43.74722,4.54355,9952.6,3.9,10.0,133.2,-36.7,20.8,292.6,0x20,405.003,16.2,375,-1,2.6,,
2026-09-03T23:49:16.000Z,M20-409-2-00781,1472514556,43.74716,4.54365,9956.2,4.1,10.4,126.0,-36.8,20.7,292.5,0x20,405.003,19.4,375,-1,2.6,,
2026-09-03T23:49:17.000Z,M20-409-2-00781,1472514557,43.74711,4.54376,9959.4,3.5,10.5,120.2,-36.8,20.8,292.3,0x20,405.003,19.4,375,-1,2.6,,
2026-09-03T23:49:18.000Z,M20-409-2-00781,1472514558,43.74707,4.54386,9963.2,5.0,8.9,122.8,-36.8,20.8,292.1,0x20,405.003,15.0,375,-1,2.6,,
2026-09-03T23:49:19.000Z,M20-409-2-00781,1472514559,43.74702,4.54395,9967.5,4.0,8.9,122.9,-36.9,20.8,292.0,0x20,405.003,4.9,375,-1,2.6,,
2026-09-03T23:49:20.000Z,M20-409-2-00781,1472514560,43.74697,4.54405,9971.7,5.0,10.4,132.5,-36.9,20.8,291.8,0x20,405.003,4.4,375,-1,2.6,,
2026-09-03T23:49:21.000Z,M20-409-2-00781,1472514561,43.74690,4.54415,9976.3,4.9,11.6,132.7,-36.9,20.8,291.7,0x20,405.003,7.5,375,-1,2.6,,
2026-09-03T23:49:22.000Z,M20-409-2-00781,1472514562,43.74684,4.54424,9980.7,5.1,10.4,135.2,-37.0,20.9,291.5,0x20,405.003,17.7,375,-1,2.6,,
2026-09-03T23:49:23.000Z,M20-409-2-00781,1472514563,43.74677,4.54434,9984.9,5.1,10.9,134.4,-37.0,20.9,291.3,0x20,405.003,17.7,375,-1,2.6,,
2026-09-03T23:49:24.000Z,M20-409-2-00781,1472514564,43.74670,4.54444,9989.3,4.5,11.3,127.3,-37.0,20.9,291.2,0x20,405.003,18.3,375,-1,2.6,,
2026-09-03T23:49:25.000Z,M20-409-2-00781,1472514565,43.74665,4.54455,9992.5,3.9,10.0,122.3,-37.1,21.0,291.0,0x20,405.003,18.3,375,-1,2.6,,
2026-09-03T23:49:26.000Z,M20-409-2-00781,1472514566,43.74660,4.54464,9995.8,3.6,9.0,128.7,-37.1,21.0,290.8,0x20,405.003,15.4,375,-1,2.6,,
2026-09-03T23:49:27.000Z,M20-409-2-00781,1472514567,43.74655,4.54474,9999.8,5.1,9.2,126.2,-37.1,21.1,290.7,0x20,405.003,17.0,375,-1,2.6,,
2026-09-03T23:49:28.000Z,M20-409-2-00781,1472514568,43.74650,4.54483,10004.1,4.2,10.1,127.3,-37.1,21.1,290.5,0x20,405.003,18.1,375,-1,2.6,,
2026-09-03T23:49:29.000Z,M20-409-2-00781,1472514569,43.74643,4.54493,10008.8,6.1,10.6,134.9,-37.2,21.1,290.3,0x20,405.003,18.1,375,-1,2.6,,
2026-09-03T23:49:30.000Z,M20-409-2-00781,1472514570,43.74637,4.54502,10012.4,2.7,10.5,135.2,-37.2,21.1,290.1,0x20,405.003,14.3,375,-1,2.6,,
2026-09-03T23:49:31.000Z,M20-409-2-00781,1472514571,43.74630,4.54512,10015.4,4.0,11.4,131.2,-37.2,21.1,290.0,0x20,405.003,12.1,375,-1,2.6,,
2026-09-03T23:49:32.000Z,M20-409-2-00781,1472514572,43.74623,4.54523,10018.7,3.3,11.7,128.1,-37.3,21.2,289.8,0x20,405.003,4.2,375,-1,2.6,,
2026-09-03T23:49:33.000Z,M20-409-2-00781,1472514573,43.74617,4.54535,10022.0,4.1,11.3,124.6,-37.3,21.2,289.7,0x20,405.003,3.7,375,-1,2.6,,
2026-09-03T23:49:34.000Z,M20-409-2-00781,1472514574,43.74612,4.54545,10026.2,4.6,9.2,122.3,-37.3,21.3,289.5,0x20,405.003,11.9,375,-1,2.6,,
2026-09-03T23:49:35.000Z,M20-409-2-00781,1472514575,43.74608,4.54554,10029.9,3.5,7.6,122.4,-37.4,21.3,289.4,0x20,405.003,16.0,375,-1,2.6,,
2026-09-03T23:49:36.000Z,M20-409-2-00781,1472514576,43.74604,4.54563,10033.8,5.2,8.7,122.0,-37.4,21.4,289.2,0x20,405.003,16.1,375,-1,2.6,,
2026-09-03T23:49:37.000Z,M20-409-2-00781,1472514577,43.74599,4.54572,10038.2,4.5,9.6,127.1,-37.4,21.4,289.0,0x20,405.003,16.7,375,-1,2.6,,
2026-09-03T23:49:38.000Z,M20-409-2-00781,1472514578,43.74594,4.54581,10042.6,4.7,9.7,131.4,-37.5,21.5,288.8,0x20,405.003,17.2,375,-1,2.6,,
2026-09-03T23:49:39.000Z,M20-409-2-00781,1472514579,43.74588,4.54590,10046.8,4.5,10.0,136.0,-37.5,21.5,288.6,0x20,405.003,17.8,375,-1,2.6,,
2026-09-03T23:49:40.000Z,M20-409-2-00781,1472514580,43.74581,4.54599,10051.1,4.9,11.0,131.2,-37.5,21.5,288.5,0x20,405.003,18.5,375,-1,2.6,,
2026-09-03T23:49:41.000Z,M20-409-2-00781,1472514581,43.74575,4.54610,10055.1,3.1,11.1,128.8,-37.5,21.6,288.3,0x20,405.003,18.5,375,-1,2.6,,
2026-09-03T23:49:42.000Z,M20-409-2-00781,1472514582,43.74569,4.54620,10059.2,5.8,10.1,128.2,-37.6,21.6,288.1,0x20,405.003,15.5,375,-1,2.6,,
2026-09-03T23:49:43.000Z,M20-409-2-00781,1472514583,43.74563,4.54629,10063.7,3.9,8.7,129.7,-37.6,21.7,288.0,0x20,405.003,15.5,375,-1,2.6,,
2026-09-03T23:49:44.000Z,M20-409-2-00781,1472514584,43.74559,4.54638,10068.2,5.5,7.9,120.3,-37.6,21.7,287.8,0x20,405.003,4.2,375,-1,2.6,,
2026-09-03T23:49:45.000Z,M20-409-2-00781,1472514585,43.74555,4.54647,10071.9,3.4,8.7,119.4,-37.7,21.8,287.6,0x20,405.003,4.2,375,-1,2.6,,
2026-09-03T23:49:46.000Z,M20-409-2-00781,1472514586,43.74551,4.54656,10075.8,4.9,9.0,128.3,-37.7,21.8,287.4,0x20,405.003,8.7,375,-1,2.6,,
2026-09-03T23:49:47.000Z,M20-409-2-00781,1472514587,43.74545,4.54664,10079.6,3.3,9.5,134.4,-37.7,21.8,287.3,0x20,405.003,16.0,375,-1,2.6,,
2026-09-03T23:49:48.000Z,M20-409-2-00781,1472514588,43.74539,4.54673,10083.7,5.5,10.5,132.8,-37.8,21.9,287.1,0x20,405.003,16.8,375,-1,2.6,,
2026-09-03T23:49:49.000Z,M20-409-2-00781,1472514589,43.74533,4.54683,10088.4,4.2,10.3,126.9,-37.8,21.9,286.9,0x20,405.003,16.8,375,-1,2.6,,
2026-09-03T23:49:50.000Z,M20-409-2-00781,1472514590,43.74527,4.54693,10092.4,4.8,9.5,127.5,-37.8,21.9,286.8,0x20,405.003,17.1,375,-1,2.6,,
2026-09-03T23:49:51.000Z,M20-409-2-00781,1472514591,43.74522,4.54701,10096.4,3.7,8.6,131.9,-37.9,21.9,286.6,0x20,405.003,18.7,375,-1,2.6,,
2026-09-03T23:49:52.000Z,M20-409-2-00781,1472514592,43.74518,4.54709,10100.3,4.5,8.2,128.4,-37.9,22.0,286.4,0x20,405.003,18.7,375,-1,2.6,,
2026-09-03T23:49:53.000Z,M20-409-2-00781,1472514593,43.74513,4.54718,10103.9,3.0,9.1,121.1,-37.9,21.9,286.3,0x20,405.003,18.2,375,-1,2.6,,
2026-09-03T23:49:54.000Z,M20-409-2-00781,1472514594,43.74509,4.54728,10107.7,4.9,9.6,124.3,-38.0,22.0,286.1,0x20,405.003,18.2,375,-1,2.6,,
2026-09-03T23:49:55.000Z,M20-409-2-00781,1472514595,43.74503,4.54737,10111.9,4.0,9.6,134.4,-38.0,22.0,285.9,0x20,405.003,17.3,375,-1,2.6,,
2026-09-03T23:49:56.000Z,M20-409-2-00781,1472514596,43.74497,4.54746,10116.1,5.3,9.9,131.5,-38.0,22.0,285.8,0x20,405.003,17.3,375,-1,2.6,,
2026-09-03T23:49:57.000Z,M20-409-2-00781,1472514597,43.74491,4.54756,10120.1,3.5,10.3,129.8,-38.1,22.0,285.6,0x20,405.003,7.0,375,-1,2.6,,
2026-09-03T23:49:58.000Z,M20-409-2-00781,1472514598,43.74486,4.54765,10123.6,4.1,10.1,127.3,-38.1,22.0,285.4,0x20,405.003,4.6,375,-1,2.6,,
2026-09-03T23:49:59.000Z,M20-409-2-00781,1472514599,43.74480,4.54774,10127.5,4.4,8.3,131.2,-38.2,22.0,285.2,0x20,405.003,7.7,375,-1,2.6,,
2026-09-03T23:50:00.000Z,M20-409-2-00781,1472514600,43.74476,4.54782,10131.7,4.7,7.7,129.9,-38.2,22.0,285.1,0x20,405.003,14.0,375,-1,2.6,,
2026-09-03T23:50:01.000Z,M20-409-2-00781,1472514601,43.74472,4.54790,10136.0,4.1,8.2,121.2,-38.3,22.1,284.9,0x20,405.003,15.6,375,-1,2.6,,
2026-09-03T23:50:02.000Z,M20-409-2-00781,1472514602,43.74468,4.54799,10140.0,4.3,9.0,121.1,-38.3,22.1,284.8,0x20,405.003,17.6,375,-1,2.6,,
2026-09-03T23:50:03.000Z,M20-409-2-00781,1472514603,43.74463,4.54808,10144.2,4.7,8.6,129.0,-38.3,22.1,284.6,0x20,405.003,18.5,375,-1,2.6,,
2026-09-03T23:50:04.000Z,M20-409-2-00781,1472514604,43.74458,4.54815,10148.7,4.8,7.9,136.4,-38.4,22.1,284.4,0x20,405.003,18.5,375,-1,2.6,,
2026-09-03T23:50:05.000Z,M20-409-2-00781,1472514605,43.74453,4.54823,10152.9,4.4,9.7,131.6,-38.4,22.2,284.2,0x20,405.003,18.1,375,-1,2.6,,
2026-09-03T23:50:06.000Z,M20-409-2-00781,1472514606,43.74447,4.54833,10156.4,3.2,10.1,127.8,-38.4,22.2,284.1,0x20,405.003,18.2,375,-1,2.6,,
2026-09-03T23:50:07.000Z,M20-409-2-00781,1472514607,43.74441,4.54843,10160.1,4.9,10.9,127.8,-38.5,22.2,283.9,0x20,405.003,18.2,375,-1,2.6,,
2026-09-03T23:50:08.000Z,M20-409-2-00781,1472514608,43.74435,4.54853,10164.6,4.1,10.0,134.2,-38.5,22.2,283.8,0x20,405.003,17.8,375,-1,2.6,,
2026-09-03T23:50:09.000Z,M20-409-2-00781,1472514609,43.74429,4.54862,10168.5,4.4,9.4,132.9,-38.5,22.2,283.6,0x20,405.003,17.8,375,-1,2.6,,
2026-09-03T23:50:10.000Z,M20-409-2-00781,1472514610,43.74424,4.54871,10172.8,4.7,9.4,124.0,-38.6,22.2,283.4,0x20,405.003,5.8,375,-1,2.6,,
2026-09-03T23:50:11.000Z,M20-409-2-00781,1472514611,43.74419,4.54880,10177.2,4.8,9.0,120.6,-38.6,22.2,283.2,0x20,405.003,4.3,375,-1,2.6,,
2026-09-03T23:50:12.000Z,M20-409-2-00781,1472514612,43.74415,4.54890,10181.1,3.7,8.5,123.8,-38.6,22.3,283.1,0x20,405.003,4.3,1125,-1,2.6,,
2026-09-03T23:50:13.000Z,M20-409-2-00781,1472514613,43.74411,4.54899,10184.6,3.8,8.5,125.4,-38.7,22.3,282.9,0x20,405.003,14.6,375,-1,2.6,,
2026-09-03T23:50:14.000Z,M20-409-2-00781,1472514614,43.74406,4.54908,10188.9,5.0,10.2,122.8,-38.7,22.3,282.7,0x20,405.003,16.9,375,-1,2.6,,
2026-09-03T23:50:15.000Z,M20-409-2-00781,1472514615,43.74401,4.54919,10193.3,4.3,11.2,122.3,-38.8,22.3,282.6,0x20,405.003,16.9,375,-1,2.6,,
2026-09-03T23:50:16.000Z,M20-409-2-00781,1472514616,43.74394,4.54931,10197.5,4.4,11.5,130.8,-38.8,22.3,282.4,0x20,405.003,18.0,375,-1,2.6,,
2026-09-03T23:50:17.000Z,M20-409-2-00781,1472514617,43.74388,4.54941,10200.8,3.0,11.3,134.6,-38.8,22.4,282.3,0x20,405.003,18.0,375,-1,2.6,,
2026-09-03T23:50:18.000Z,M20-409-2-00781,1472514618,43.74380,4.54951,10204.6,4.9,11.6,135.1,-38.8,22.4,282.1,0x20,405.003,16.7,375,-1,2.6,,
2026-09-03T23:50:19.000Z,M20-409-2-00781,1472514619,43.74373,4.54962,10208.5,3.6,11.6,128.7,-38.8,22.4,282.0,0x20,405.003,18.7,375,-1,2.6,,
2026-09-03T23:50:20.000Z,M20-409-2-00781,1472514620,43.74368,4.54972,10212.5,5.0,9.4,123.2,-38.9,22.4,281.8,0x20,405.003,19.8,375,-1,2.6,,
2026-09-03T23:50:21.000Z,M20-409-2-00781,1472514621,43.74363,4.54981,10216.1,3.0,8.1,122.7,-38.9,22.4,281.6,0x20,405.003,19.8,375,-1,2.6,,
2026-09-03T23:50:22.000Z,M20-409-2-00781,1472514622,43.74360,4.54990,10219.8,4.9,8.0,119.5,-38.9,22.4,281.5,0x20,405.003,18.1,375,-1,2.6,,
2026-09-03T23:50:23.000Z,M20-409-2-00781,1472514623,43.74355,4.54999,10223.8,4.0,10.2,123.3,-39.0,22.4,281.3,0x20,405.003,18.1,1125,-1,2.6,,
2026-09-03T23:50:24.000Z,M20-409-2-00781,1472514624,43.74350,4.55010,10227.2,3.4,11.8,125.7,-39.0,22.4,281.2,0x20,405.003,3.8,375,-1,2.6,,
2026-09-03T23:50:25.000Z,M20-409-2-00781,1472514625,43.74343,4.55021,10230.8,5.1,11.0,132.5,-39.0,22.4,281.0,0x20,405.003,3.9,375,-1,2.6,,
2026-09-03T23:50:26.000Z,M20-409-2-00781,1472514626,43.74337,4.55031,10234.4,3.0,10.2,135.6,-39.0,22.5,280.9,0x20,405.003,12.7,750,-1,2.6,,
2026-09-03T23:50:27.000Z,M20-409-2-00781,1472514627,43.74330,4.55040,10238.1,5.2,10.6,132.6,-39.1,22.6,280.7,0x20,405.003,14.7,375,-1,2.6,,
2026-09-03T23:50:28.000Z,M20-409-2-00781,1472514628,43.74325,4.55050,10242.8,4.6,10.2,122.4,-39.1,22.6,280.5,0x20,405.003,17.7,375,-1,2.6,,
2026-09-03T23:50:29.000Z,M20-409-2-00781,1472514629,43.74320,4.55060,10246.9,4.3,9.2,119.2,-39.2,22.6,280.4,0x20,405.003,17.7,375,-1,2.6,,
2026-09-03T23:50:30.000Z,M20-409-2-00781,1472514630,43.74316,4.55070,10250.5,3.6,8.8,116.9,-39.2,22.7,280.2,0x20,405.003,17.2,375,-1,2.6,,
2026-09-03T23:50:31.000Z,M20-409-2-00781,1472514631,43.74312,4.55080,10254.2,4.6,10.3,118.0,-39.3,22.7,280.0,0x20,405.003,17.2,375,-1,2.6,,
2026-09-03T23:50:32.000Z,M20-409-2-00781,1472514632,43.74307,4.55092,10258.5,4.4,11.4,123.9,-39.3,22.7,279.9,0x20,405.003,19.4,375,-1,2.6,,
2026-09-03T23:50:33.000Z,M20-409-2-00781,1472514633,43.74301,4.55103,10262.3,3.9,11.3,129.0,-39.3,22.8,279.7,0x20,405.003,19.4,375,-1,2.6,,
2026-09-03T23:50:34.000Z,M20-409-2-00781,1472514634,43.74295,4.55114,10266.1,4.2,10.4,132.1,-39.3,22.8,279.6,0x20,405.003,17.0,375,-1,2.6,,
2026-09-03T23:50:35.000Z,M20-409-2-00781,1472514635,43.74289,4.55124,10270.3,4.9,10.7,124.7,-39.4,22.8,279.4,0x20,405.003,17.0,375,-1,2.6,,
2026-09-03T23:50:36.000Z,M20-409-2-00781,1472514636,43.74284,4.55134,10274.4,3.6,9.9,122.7,-39.4,22.8,279.2,0x20,405.003,7.3,375,-1,2.6,,
2026-09-03T23:50:37.000Z,M20-409-2-00781,1472514637,43.74279,4.55144,10278.5,5.1,9.0,125.0,-39.4,22.8,279.1,0x20,405.003,4.2,375,-1,2.6,,
2026-09-03T23:50:38.000Z,M20-409-2-00781,1472514638,43.74275,4.55154,10283.7,5.9,8.8,121.2,-39.4,22.8,278.9,0x20,405.003,4.2,1125,-1,2.6,,
2026-09-03T23:50:39.000Z,M20-409-2-00781,1472514639,43.74270,4.55163,10288.7,5.2,9.9,127.2,-39.5,22.9,278.7,0x20,405.003,14.9,750,-1,2.6,,
2026-09-03T23:50:40.000Z,M20-409-2-00781,1472514640,43.74264,4.55173,10292.7,4.5,10.9,125.7,-39.5,22.9,278.6,0x20,405.003,15.8,750,-1,2.6,,
2026-09-03T23:50:41.000Z,M20-409-2-00781,1472514641,43.74258,4.55184,10296.3,3.6,11.0,128.0,-39.6,22.9,278.4,0x20,405.003,18.0,375,-1,2.6,,
2026-09-03T23:50:42.000Z,M20-409-2-00781,1472514642,43.74252,4.55195,10299.6,4.0,10.3,127.5,-39.6,22.9,278.2,0x20,405.003,18.0,375,-1,2.6,,
2026-09-03T23:50:43.000Z,M20-409-2-00781,1472514643,43.74247,4.55206,10303.9,5.1,11.5,122.9,-39.6,22.9,278.0,0x20,405.003,17.4,375,-1,2.6,,
2026-09-03T23:50:44.000Z,M20-409-2-00781,1472514644,43.74241,4.55218,10307.9,3.5,11.0,118.3,-39.7,22.9,277.9,0x20,405.003,17.4,375,-1,2.6,,
2026-09-03T23:50:45.000Z,M20-409-2-00781,1472514645,43.74237,4.55229,10311.9,5.5,9.9,123.6,-39.7,22.9,277.7,0x20,405.003,17.2,375,-1,2.6,,
2026-09-03T23:50:46.000Z,M20-409-2-00781,1472514646,43.74231,4.55239,10315.7,2.7,9.8,129.5,-39.7,23.0,277.5,0x20,405.003,17.0,375,-1,2.6,,
2026-09-03T23:50:47.000Z,M20-409-2-00781,1472514647,43.74226,4.55248,10319.0,4.7,10.1,132.4,-39.8,23.0,277.4,0x20,405.003,18.1,375,-1,2.6,,
2026-09-03T23:50:48.000Z,M20-409-2-00781,1472514648,43.74219,4.55258,10323.6,4.7,11.6,131.7,-39.8,23.0,277.2,0x20,405.003,18.1,375,-1,2.6,,
2026-09-03T23:50:49.000Z,M20-409-2-00781,1472514649,43.74212,4.55269,10327.5,3.4,12.5,130.9,-39.8,23.1,277.1,0x20,405.003,15.8,375,-1,2.6,,
2026-09-03T23:50:50.000Z,M20-409-2-00781,1472514650,43.74205,4.55280,10331.6,5.3,11.5,132.3,-39.9,23.1,276.9,0x20,405.003,4.2,375,-1,2.6,,
2026-09-03T23:50:51.000Z,M20-409-2-00781,1472514651,43.74198,4.55290,10335.3,3.4,9.9,130.5,-39.9,23.1,276.7,0x20,405.003,4.2,375,-1,2.6,,
2026-09-03T23:50:52.000Z,M20-409-2-00781,1472514652,43.74193,4.55299,10339.2,4.6,10.2,126.7,-39.9,23.1,276.5,0x20,405.003,8.8,375,-1,2.6,,
2026-09-03T23:50:53.000Z,M20-409-2-00781,1472514653,43.74187,4.55310,10343.1,4.0,11.1,121.4,-40.0,23.2,276.4,0x20,405.003,16.5,375,-1,2.6,,
2026-09-03T23:50:54.000Z,M20-409-2-00781,1472514654,43.74182,4.55322,10346.7,3.6,11.6,119.6,-40.0,23.2,276.2,0x20,405.003,16.6,375,-1,2.6,,
2026-09-03T23:50:55.000Z,M20-409-2-00781,1472514655,43.74177,4.55334,10350.6,4.8,10.3,126.2,-40.1,23.3,276.0,0x20,405.003,16.6,375,-1,2.6,,
2026-09-03T23:50:56.000Z,M20-409-2-00781,1472514656,43.74171,4.55343,10354.5,3.2,9.7,134.7,-40.1,23.3,275.9,0x20,405.003,16.5,375,-1,2.6,,
2026-09-03T23:50:57.000Z,M20-409-2-00781,1472514657,43.74165,4.55352,10358.9,5.6,10.3,130.4,-40.1,23.3,275.7,0x20,405.003,17.5,375,-1,2.6,,
2026-09-03T23:50:58.000Z,M20-409-2-00781,1472514658,43.74159,4.55363,10363.6,4.2,10.6,126.2,-40.2,23.3,275.5,0x20,405.003,17.5,375,-1,2.6,,
2026-09-03T23:50:59.000Z,M20-409-2-00781,1472514659,43.74153,4.55373,10367.9,4.5,10.8,127.9,-40.2,23.3,275.3,0x20,405.003,15.0,375,-1,2.6,,
2026-09-03T23:51:00.000Z,M20-409-2-00781,1472514660,43.74147,4.55383,10372.2,4.8,10.3,132.6,-40.2,23.3,275.1,0x20,405.003,14.5,375,-1,2.6,,
2026-09-03T23:51:01.000Z,M20-409-2-00781,1472514661,43.74141,4.55393,10376.5,4.1,10.9,130.5,-40.3,23.4,275.0,0x20,405.003,14.5,375,-1,2.6,,
2026-09-03T23:51:02.000Z,M20-409-2-00781,1472514662,43.74135,4.55404,10380.8,5.0,11.7,122.4,-40.3,23.4,274.8,0x20,405.003,8.1,375,-1,2.6,,
2026-09-03T23:51:03.000Z,M20-409-2-00781,1472514663,43.74130,4.55417,10385.0,3.4,11.9,118.3,-40.4,23.4,274.6,0x20,405.003,3.7,375,-1,2.6,,
2026-09-03T23:51:04.000Z,M20-409-2-00781,1472514664,43.74124,4.55429,10389.7,6.4,11.3,126.6,-40.4,23.4,274.5,0x20,405.003,4.1,375,-1,2.6,,
2026-09-03T23:51:05.000Z,M20-409-2-00781,1472514665,43.74117,4.55440,10395.4,5.2,10.8,135.8,-40.4,23.4,274.2,0x20,405.003,10.6,375,-1,2.6,,
2026-09-03T23:51:06.000Z,M20-409-2-00781,1472514666,43.74111,4.55449,10399.6,3.7,10.6,136.9,-40.5,23.4,274.1,0x20,405.003,14.9,375,-1,2.6,,
2026-09-03T23:51:07.000Z,M20-409-2-00781,1472514667,43.74104,4.55459,10403.8,5.1,11.7,131.6,-40.5,23.5,273.9,0x20,405.003,17.0,375,-1,2.6,,
2026-09-03T23:51:08.000Z,M20-409-2-00781,1472514668,43.74097,4.55470,10407.6,3.0,11.9,126.3,-40.5,23.5,273.8,0x20,405.003,17.3,375,-1,2.6,,
2026-09-03T23:51:09.000Z,M20-409-2-00781,1472514669,43.74091,4.55482,10411.8,5.9,11.5,124.0,-40.6,23.5,273.6,0x20,405.003,17.8,375,-1,2.6,,
2026-09-03T23:51:10.000Z,M20-409-2-00781,1472514670,43.74085,4.55493,10416.8,4.3,11.1,128.8,-40.6,23.5,273.4,0x20,405.003,17.8,375,-1,2.6,,
2026-09-03T23:51:11.000Z,M20-409-2-00781,1472514671,43.74079,4.55504,10421.4,5.3,11.9,128.1,-40.7,23.5,273.2,0x20,405.003,17.8,375,-1,2.6,,
2026-09-03T23:51:12.000Z,M20-409-2-00781,1472514672,43.74072,4.55517,10426.9,5.8,12.9,124.0,-40.7,23.5,273.0,0x20,405.003,17.5,375,-1,2.6,,
2026-09-03T23:51:13.000Z,M20-409-2-00781,1472514673,43.74066,4.55530,10431.4,3.9,12.5,123.2,-40.8,23.6,272.8,0x20,405.003,17.8,375,-1,2.6,,
2026-09-03T23:51:14.000Z,M20-409-2-00781,1472514674,43.74059,4.55542,10435.4,4.5,12.5,130.5,-40.8,23.6,272.6,0x20,405.003,17.8,375,-1,2.6,,
2026-09-03T23:51:15.000Z,M20-409-2-00781,1472514675,43.74051,4.55553,10439.4,3.9,12.0,140.0,-40.8,23.6,272.5,0x20,405.003,16.9,375,-1,2.6,,
2026-09-03T23:51:16.000Z,M20-409-2-00781,1472514676,43.74043,4.55562,10443.4,4.3,11.7,144.3,-40.9,23.6,272.3,0x20,405.003,4.1,375,-1,2.6,,
2026-09-03T23:51:17.000Z,M20-409-2-00781,1472514677,43.74035,4.55570,10448.4,5.8,10.8,136.6,-41.0,23.7,272.1,0x20,405.003,4.1,375,-1,2.6,,
2026-09-03T23:51:18.000Z,M20-409-2-00781,1472514678,43.74028,4.55580,10453.3,4.2,10.8,128.4,-41.0,23.7,271.9,0x20,405.003,7.9,375,-1,2.6,,
2026-09-03T23:51:19.000Z,M20-409-2-00781,1472514679,43.74022,4.55591,10457.1,3.8,11.7,127.3,-41.0,23.7,271.8,0x20,405.003,15.3,375,-1,2.6,,
2026-09-03T23:51:20.000Z,M20-409-2-00781,1472514680,43.74015,4.55603,10461.5,5.3,13.6,131.8,-41.0,23.7,271.6,0x20,405.003,15.8,375,-1,2.6,,
2026-09-03T23:51:21.000Z,M20-409-2-00781,1472514681,43.74007,4.55615,10465.9,4.3,13.7,132.5,-41.1,23.7,271.4,0x20,405.003,15.8,375,-1,2.6,,
2026-09-03T23:51:22.000Z,M20-409-2-00781,1472514682,43.73999,4.55627,10470.2,4.8,12.4,130.6,-41.1,23.8,271.3,0x20,405.003,16.2,375,-1,2.6,,
2026-09-03T23:51:23.000Z,M20-409-2-00781,1472514683,43.73992,4.55639,10473.8,2.8,11.5,128.4,-41.2,23.8,271.1,0x20,405.003,17.0,375,-1,2.6,,
2026-09-03T23:51:24.000Z,M20-409-2-00781,1472514684,43.73985,4.55650,10477.1,4.3,11.9,127.8,-41.2,23.8,271.0,0x20,405.003,17.0,1125,-1,2.6,,
2026-09-03T23:51:25.000Z,M20-409-2-00781,1472514685,43.73978,4.55662,10481.0,3.9,12.5,130.7,-41.2,23.8,270.8,0x20,405.003,17.6,375,-1,2.6,,
2026-09-03T23:51:26.000Z,M20-409-2-00781,1472514686,43.73971,4.55673,10484.8,4.3,12.2,132.7,-41.3,23.8,270.6,0x20,405.003,17.6,375,-1,2.6,,
2026-09-03T23:51:27.000Z,M20-409-2-00781,1472514687,43.73964,4.55684,10488.8,3.6,11.1,132.8,-41.3,23.8,270.4,0x20,405.003,16.2,1125,-1,2.5,,
2026-09-03T23:51:28.000Z,M20-409-2-00781,1472514688,43.73957,4.55694,10493.1,5.0,11.4,133.8,-41.3,23.8,270.3,0x20,405.003,11.8,375,-1,2.6,,
2026-09-03T23:51:29.000Z,M20-409-2-00781,1472514689,43.73950,4.55705,10497.4,3.7,12.6,131.5,-41.4,23.9,270.1,0x20,405.003,4.1,375,-1,2.6,,
2026-09-03T23:51:30.000Z,M20-409-2-00781,1472514690,43.73942,4.55717,10501.6,4.7,13.2,130.0,-41.4,23.9,269.9,0x20,405.003,3.9,375,-1,2.6,,
2026-09-03T23:51:31.000Z,M20-409-2-00781,1472514691,43.73935,4.55730,10506.0,4.3,12.6,124.9,-41.5,23.9,269.8,0x20,405.003,14.3,375,-1,2.5,,
2026-09-03T23:51:32.000Z,M20-409-2-00781,1472514692,43.73928,4.55743,10511.1,6.0,12.5,125.2,-41.5,23.9,269.6,0x20,405.003,14.3,375,-1,2.6,,
2026-09-03T23:51:34.000Z,M20-409-2-00781,1472514694,43.73915,4.55767,10520.8,4.8,11.8,131.8,-41.6,24.0,269.2,0x20,405.003,15.2,375,-1,2.5,,
2026-09-03T23:51:35.000Z,M20-409-2-00781,1472514695,43.73907,4.55777,10525.1,4.3,11.0,136.5,-41.6,24.0,269.0,0x20,405.003,16.2,375,-1,2.6,,
2026-09-03T23:51:36.000Z,M20-409-2-00781,1472514696,43.73900,4.55787,10529.0,3.8,11.5,139.2,-41.7,24.0,268.9,0x20,405.003,16.2,375,-1,2.6,,
2026-09-03T23:51:37.000Z,M20-409-2-00781,1472514697,43.73892,4.55797,10533.4,5.4,13.0,139.1,-41.7,24.1,268.7,0x20,405.003,16.6,375,-1,2.5,,
2026-09-03T23:51:38.000Z,M20-409-2-00781,1472514698,43.73883,4.55808,10537.5,3.5,14.1,135.8,-41.7,24.1,268.6,0x20,405.003,16.7,375,-1,2.6,,
2026-09-03T23:51:39.000Z,M20-409-2-00781,1472514699,43.73874,4.55820,10541.4,4.9,13.2,132.2,-41.8,24.2,268.4,0x20,405.003,16.7,375,-1,2.6,,
2026-09-03T23:51:40.000Z,M20-409-2-00781,1472514700,43.73867,4.55832,10545.5,3.5,11.9,131.1,-41.8,24.2,268.2,0x20,405.003,15.7,375,-1,2.5,,
2026-09-03T23:51:41.000Z,M20-409-2-00781,1472514701,43.73860,4.55843,10549.6,5.2,12.0,131.0,-41.9,24.2,268.1,0x20,405.003,5.5,375,-1,2.5,,
2026-09-03T23:51:42.000Z,M20-409-2-00781,1472514702,43.73853,4.55855,10554.3,4.3,12.5,131.2,-41.9,24.2,267.9,0x20,405.003,5.2,375,-1,2.5,,
2026-09-03T23:51:43.000Z,M20-409-2-00781,1472514703,43.73845,4.55866,10558.5,4.7,12.0,128.5,-41.9,24.3,267.7,0x20,405.003,4.8,375,-1,2.5,,
2026-09-03T23:51:44.000Z,M20-409-2-00781,1472514704,43.73839,4.55877,10562.1,3.1,11.3,129.6,-42.0,24.3,267.6,0x20,405.003,8.1,375,-1,2.5,,
2026-09-03T23:51:45.000Z,M20-409-2-00781,1472514705,43.73832,4.55888,10566.0,4.9,11.8,133.6,-42.0,24.3,267.4,0x20,405.003,15.9,375,-1,2.5,,
2026-09-03T23:51:46.000Z,M20-409-2-00781,1472514706,43.73824,4.55899,10570.7,4.6,13.3,137.5,-42.0,24.3,267.2,0x20,405.003,15.9,375,-1,2.5,,
2026-09-03T23:51:47.000Z,M20-409-2-00781,1472514707,43.73815,4.55910,10574.7,4.4,13.3,137.5,-42.1,24.3,267.1,0x20,405.003,17.5,375,-1,2.5,,
2026-09-03T23:51:48.000Z,M20-409-2-00781,1472514708,43.73807,4.55921,10579.0,4.7,12.7,134.7,-42.1,24.3,266.9,0x20,405.003,17.6,375,-1,2.5,,
2026-09-03T23:51:49.000Z,M20-409-2-00781,1472514709,43.73799,4.55932,10582.9,3.6,11.7,134.0,-42.1,24.3,266.8,0x20,405.003,17.6,375,-1,2.5,,
2026-09-03T23:51:50.000Z,M20-409-2-00781,1472514710,43.73791,4.55942,10586.9,5.1,12.4,137.9,-42.1,24.3,266.6,0x20,405.003,16.7,375,-1,2.5,,
2026-09-03T23:51:51.000Z,M20-409-2-00781,1472514711,43.73783,4.55953,10591.6,4.3,12.4,137.7,-42.2,24.3,266.4,0x20,405.003,17.6,375,-1,2.5,,
2026-09-03T23:51:52.000Z,M20-409-2-00781,1472514712,43.73775,4.55963,10595.7,4.8,11.8,131.5,-42.2,24.3,266.2,0x20,405.003,17.6,375,-1,2.5,,
2026-09-03T23:51:53.000Z,M20-409-2-00781,1472514713,43.73768,4.55974,10599.7,3.8,11.5,129.9,-42.3,24.3,266.1,0x20,405.003,16.3,375,-1,2.5,,
2026-09-03T23:51:54.000Z,M20-409-2-00781,1472514714,43.73762,4.55985,10604.3,6.3,11.8,131.3,-42.3,24.3,265.9,0x20,405.003,4.8,375,-1,2.5,,
2026-09-03T23:51:55.000Z,M20-409-2-00781,1472514715,43.73754,4.55995,10608.7,3.7,12.4,139.1,-42.3,24.3,265.8,0x20,405.003,4.8,1125,-1,2.5,,
2026-09-03T23:51:56.000Z,M20-409-2-00781,1472514716,43.73745,4.56005,10612.3,4.7,13.1,139.9,-42.3,24.2,265.6,0x20,405.003,4.8,1125,-1,2.5,,
2026-09-03T23:51:57.000Z,M20-409-2-00781,1472514717,43.73736,4.56016,10616.5,4.0,12.9,134.7,-42.4,24.2,265.4,0x20,405.003,10.8,375,-1,2.5,,
2026-09-03T23:51:58.000Z,M20-409-2-00781,1472514718,43.73728,4.56027,10621.0,5.2,12.3,134.1,-42.4,24.2,265.3,0x20,405.003,14.6,375,-1,2.5,,
2026-09-03T23:51:59.000Z,M20-409-2-00781,1472514719,43.73720,4.56038,10625.7,4.8,13.6,140.9,-42.5,24.2,265.1,0x20,405.003,14.6,750,-1,2.5,,
2026-09-03T23:52:00.000Z,M20-409-2-00781,1472514720,43.73710,4.56049,10630.4,5.1,13.1,138.9,-42.5,24.2,264.9,0x20,405.003,15.3,375,-1,2.5,,
2026-09-03T23:52:01.000Z,M20-409-2-00781,1472514721,43.73702,4.56060,10634.7,3.9,11.8,135.6,-42.5,24.2,264.8,0x20,405.003,15.3,375,-1,2.5,,
2026-09-03T23:52:02.000Z,M20-409-2-00781,1472514722,43.73694,4.56070,10638.4,4.5,12.1,136.3,-42.5,24.2,264.6,0x20,405.003,14.5,375,-1,2.5,,
2026-09-03T23:52:03.000Z,M20-409-2-00781,1472514723,43.73686,4.56080,10643.6,6.1,12.8,138.6,-42.6,24.1,264.4,0x20,405.003,14.7,375,-1,2.5,,
2026-09-03T23:52:04.000Z,M20-409-2-00781,1472514724,43.73677,4.56090,10648.1,3.6,13.1,142.9,-42.6,24.1,264.3,0x20,405.003,14.7,375,-1,2.5,,
2026-09-03T23:52:05.000Z,M20-409-2-00781,1472514725,43.73668,4.56101,10651.9,5.1,13.3,139.7,-42.7,24.0,264.1,0x20,405.003,15.9,375,-1,2.5,,
2026-09-03T23:52:06.000Z,M20-409-2-00781,1472514726,43.73659,4.56111,10656.4,4.5,11.9,140.9,-42.7,24.0,263.9,0x20,405.003,15.9,375,-1,2.5,,
2026-09-03T23:52:07.000Z,M20-409-2-00781,1472514727,43.73650,4.56120,10660.6,5.1,12.1,147.0,-42.7,24.0,263.8,0x20,405.003,12.3,375,-1,2.5,,
2026-09-03T23:52:08.000Z,M20-409-2-00781,1472514728,43.73641,4.56128,10665.2,4.7,12.8,144.1,-42.7,23.9,263.6,0x20,405.003,3.8,375,-1,2.5,,
2026-09-03T23:52:09.000Z,M20-409-2-00781,1472514729,43.73631,4.56138,10669.4,4.6,13.5,142.0,-42.7,23.9,263.5,0x20,405.003,3.4,375,-1,2.5,,
2026-09-03T23:52:10.000Z,M20-409-2-00781,1472514730,43.73622,4.56149,10672.7,3.4,14.3,138.9,-42.8,23.8,263.3,0x20,405.003,8.2,375,-1,2.5,,
2026-09-03T23:52:11.000Z,M20-409-2-00781,1472514731,43.73613,4.56161,10676.2,4.8,12.6,133.5,-42.9,23.8,263.2,0x20,405.003,13.5,1125,-1,2.5,,
2026-09-03T23:52:12.000Z,M20-409-2-00781,1472514732,43.73605,4.56171,10679.7,3.5,11.0,137.9,-42.9,23.7,263.0,0x20,405.003,13.5,1125,-1,2.5,,
2026-09-03T23:52:13.000Z,M20-409-2-00781,1472514733,43.73598,4.56179,10683.4,4.3,11.2,141.9,-42.9,23.7,262.9,0x20,405.003,13.9,1125,-1,2.5,,
2026-09-03T23:52:14.000Z,M20-409-2-00781,1472514734,43.73589,4.56189,10687.9,5.6,12.8,141.8,-42.9,23.7,262.7,0x20,405.003,14.1,375,-1,2.5,,
2026-09-03T23:52:15.000Z,M20-409-2-00781,1472514735,43.73579,4.56199,10692.3,4.1,14.2,144.9,-43.0,23.6,262.5,0x20,405.003,14.1,375,-1,2.5,,
2026-09-03T23:52:16.000Z,M20-409-2-00781,1472514736,43.73569,4.56209,10696.6,5.4,14.0,145.2,-43.0,23.6,262.4,0x20,405.003,15.6,375,-1,2.5,,
2026-09-03T23:52:17.000Z,M20-409-2-00781,1472514737,43.73559,4.56218,10701.1,4.2,12.8,148.0,-43.0,23.6,262.2,0x20,405.003,15.6,375,-1,2.5,,
2026-09-03T23:52:18.000Z,M20-409-2-00781,1472514738,43.73550,4.56227,10705.7,6.2,12.5,142.0,-43.1,23.5,262.0,0x20,405.003,14.7,375,-1,2.5,,
2026-09-03T23:52:19.000Z,M20-409-2-00781,1472514739,43.73541,4.56237,10710.5,4.4,12.7,138.0,-43.1,23.5,261.9,0x20,405.003,13.0,375,-1,2.5,,
2026-09-03T23:52:20.000Z,M20-409-2-00781,1472514740,43.73533,4.56247,10715.0,5.8,12.1,139.2,-43.2,23.4,261.7,0x20,405.003,5.1,375,-1,2.5,,
2026-09-03T23:52:21.000Z,M20-409-2-00781,1472514741,43.73524,4.56257,10719.5,3.7,11.9,142.8,-43.2,23.4,261.5,0x20,405.003,4.0,375,-1,2.5,,
2026-09-03T23:52:22.000Z,M20-409-2-00781,1472514742,43.73516,4.56266,10723.6,5.3,12.7,143.6,-43.2,23.4,261.3,0x20,405.003,4.2,375,-1,2.5,,
2026-09-03T23:52:23.000Z,M20-409-2-00781,1472514743,43.73506,4.56276,10727.8,4.0,13.3,142.5,-43.3,23.4,261.1,0x20,405.003,9.8,375,-1,2.5,,
2026-09-03T23:52:24.000Z,M20-409-2-00781,1472514744,43.73497,4.56285,10732.3,5.3,13.1,146.7,-43.3,23.4,261.0,0x20,405.003,13.1,375,-1,2.5,,
2026-09-03T23:52:25.000Z,M20-409-2-00781,1472514745,43.73487,4.56293,10737.3,5.2,12.5,147.6,-43.4,23.3,260.8,0x20,405.003,14.1,375,-1,2.5,,
2026-09-03T23:52:26.000Z,M20-409-2-00781,1472514746,43.73478,4.56302,10741.6,5.3,13.0,146.8,-43.4,23.3,260.6,0x20,405.003,16.6,375,-1,2.5,,
2026-09-03T23:52:27.000Z,M20-409-2-00781,1472514747,43.73468,4.56311,10745.4,3.0,12.8,141.5,-43.4,23.3,260.5,0x20,405.003,16.6,375,-1,2.5,,
2026-09-03T23:52:28.000Z,M20-409-2-00781,1472514748,43.73460,4.56321,10748.5,4.6,12.5,138.7,-43.4,23.3,260.4,0x20,405.003,16.6,375,-1,2.5,,
2026-09-03T23:52:29.000Z,M20-409-2-00781,1472514749,43.73451,4.56331,10753.2,5.6,11.8,143.3,-43.5,23.3,260.2,0x20,405.003,14.3,375,-1,2.5,,
2026-09-03T23:52:30.000Z,M20-409-2-00781,1472514750,43.73443,4.56339,10757.6,4.0,11.6,147.4,-43.6,23.2,260.0,0x20,405.003,17.0,375,-1,2.5,,
2026-09-03T23:52:31.000Z,M20-409-2-00781,1472514751,43.73433,4.56347,10762.0,5.2,13.0,148.5,-43.6,23.3,259.8,0x20,405.003,17.0,375,-1,2.5,,
2026-09-03T23:52:32.000Z,M20-409-2-00781,1472514752,43.73423,4.56356,10766.0,4.2,13.9,144.4,-43.6,23.2,259.7,0x20,405.003,16.9,375,-1,2.5,,
2026-09-03T23:52:33.000Z,M20-409-2-00781,1472514753,43.73413,4.56366,10770.0,5.5,13.9,146.6,-43.7,23.2,259.5,0x20,405.003,16.3,375,-1,2.5,,
2026-09-03T23:52:34.000Z,M20-409-2-00781,1472514754,43.73403,4.56375,10774.3,3.3,13.0,147.3,-43.7,23.2,259.3,0x20,405.003,4.8,375,-1,2.5,,
2026-09-03T23:52:35.000Z,M20-409-2-00781,1472514755,43.73393,4.56384,10778.0,5.2,13.1,146.7,-43.7,23.2,259.2,0x20,405.003,4.4,375,-1,2.5,,
2026-09-03T23:52:36.000Z,M20-409-2-00781,1472514756,43.73383,4.56394,10782.4,4.2,14.1,144.8,-43.8,23.2,259.0,0x20,405.003,4.8,375,-1,2.5,,
2026-09-03T23:52:37.000Z,M20-409-2-00781,1472514757,43.73373,4.56404,10786.2,3.9,13.9,146.6,-43.8,23.2,258.9,0x20,405.003,10.5,375,-1,2.5,,
2026-09-03T23:52:38.000Z,M20-409-2-00781,1472514758,43.73362,4.56412,10790.7,5.5,12.7,149.9,-43.9,23.2,258.6,0x20,405.003,11.5,375,-1,2.5,,
2026-09-03T23:52:39.000Z,M20-409-2-00781,1472514759,43.73352,4.56420,10795.2,4.0,12.6,154.7,-43.9,23.1,258.5,0x20,405.003,13.4,375,-1,2.5,,
2026-09-03T23:52:40.000Z,M20-409-2-00781,1472514760,43.73342,4.56428,10799.6,5.4,13.2,148.6,-43.9,23.2,258.3,0x20,405.003,13.5,375,-1,2.5,,
2026-09-03T23:52:41.000Z,M20-409-2-00781,1472514761,43.73332,4.56437,10803.9,4.2,14.0,145.2,-44.0,23.2,258.2,0x20,405.003,16.1,375,-1,2.5,,
2026-09-03T23:52:42.000Z,M20-409-2-00781,1472514762,43.73322,4.56446,10808.2,4.7,12.7,144.7,-44.0,23.1,258.0,0x20,405.003,16.1,375,-1,2.5,,
2026-09-03T23:52:43.000Z,M20-409-2-00781,1472514763,43.73312,4.56455,10811.8,3.9,12.6,146.2,-44.0,23.1,257.8,0x20,405.003,14.2,375,-1,2.5,,
2026-09-03T23:52:44.000Z,M20-409-2-00781,1472514764,43.73303,4.56465,10816.1,5.6,13.1,140.4,-44.0,23.1,257.6,0x20,405.003,14.1,375,-1,2.5,,
2026-09-03T23:52:45.000Z,M20-409-2-00781,1472514765,43.73294,4.56475,10820.3,3.0,13.9,140.7,-44.0,23.1,257.5,0x20,405.003,16.0,375,-1,2.5,,
2026-09-03T23:52:46.000Z,M20-409-2-00781,1472514766,43.73285,4.56486,10824.6,6.1,11.8,139.0,-44.1,23.1,257.3,0x20,405.003,16.0,375,-1,2.5,,
2026-09-03T23:52:47.000Z,M20-409-2-00781,1472514767,43.73277,4.56495,10829.3,3.6,11.7,144.9,-44.1,23.0,257.1,0x20,405.003,3.6,375,-1,2.5,,
2026-09-03T23:52:48.000Z,M20-409-2-00781,1472514768,43.73268,4.56503,10833.5,5.3,12.0,146.2,-44.2,23.0,257.0,0x20,405.003,3.6,375,-1,2.5,,
2026-09-03T23:52:49.000Z,M20-409-2-00781,1472514769,43.73258,4.56512,10837.3,3.4,13.0,145.4,-44.2,23.0,256.8,0x20,405.003,5.0,375,-1,2.5,,
2026-09-03T23:52:50.000Z,M20-409-2-00781,1472514770,43.73249,4.56520,10841.5,5.3,12.9,150.6,-44.2,23.0,256.7,0x20,405.003,9.3,375,-1,2.5,,
2026-09-03T23:52:51.000Z,M20-409-2-00781,1472514771,43.73239,4.56528,10846.0,3.3,13.1,151.8,-44.3,22.9,256.5,0x20,405.003,12.4,375,-1,2.5,,
2026-09-03T23:52:52.000Z,M20-409-2-00781,1472514772,43.73228,4.56536,10850.3,5.7,12.8,148.2,-44.3,22.9,256.3,0x20,405.003,12.4,375,-1,2.5,,
2026-09-03T23:52:53.000Z,M20-409-2-00781,1472514773,43.73218,4.56545,10854.5,3.2,13.7,143.6,-44.4,22.9,256.1,0x20,405.003,12.9,1125,-1,2.5,,
2026-09-03T23:52:54.000Z,M20-409-2-00781,1472514774,43.73208,4.56555,10858.8,5.6,13.1,145.3,-44.4,22.9,256.0,0x20,405.003,12.9,1125,-1,2.5,,
2026-09-03T23:52:55.000Z,M20-409-2-00781,1472514775,43.73199,4.56564,10863.4,3.9,12.6,146.9,-44.4,22.9,255.8,0x20,405.003,12.4,375,-1,2.5,,
2026-09-03T23:52:56.000Z,M20-409-2-00781,1472514776,43.73190,4.56573,10868.5,6.4,12.4,143.4,-44.5,22.9,255.6,0x20,405.003,12.6,375,-1,2.5,,
2026-09-03T23:52:57.000Z,M20-409-2-00781,1472514777,43.73181,4.56582,10872.4,3.3,12.3,141.2,-44.5,22.9,255.5,0x20,405.003,12.6,375,-1,2.5,,
2026-09-03T23:52:58.000Z,M20-409-2-00781,1472514778,43.73172,4.56590,10876.9,5.8,12.3,148.8,-44.6,22.9,255.3,0x20,405.003,12.1,375,-1,2.5,,
2026-09-03T23:52:59.000Z,M20-409-2-00781,1472514779,43.73162,4.56598,10881.8,4.7,12.4,152.5,-44.6,22.9,255.2,0x20,405.003,8.7,375,-1,2.5,,
2026-09-03T23:53:00.000Z,M20-409-2-00781,1472514780,43.73152,4.56606,10886.5,4.7,13.4,149.5,-44.6,22.9,255.0,0x20,405.003,4.0,375,-1,2.5,,
2026-09-03T23:53:01.000Z,M20-409-2-00781,1472514781,43.73142,4.56615,10891.4,4.9,14.5,147.3,-44.7,22.9,254.8,0x20,405.003,3.8,375,-1,2.5,,
2026-09-03T23:53:02.000Z,M20-409-2-00781,1472514782,43.73131,4.56625,10895.6,4.1,15.1,143.8,-44.7,22.9,254.7,0x20,405.003,8.6,375,-1,2.5,,
2026-09-03T23:53:03.000Z,M20-409-2-00781,1472514783,43.73120,4.56635,10899.8,5.2,13.5,147.5,-44.7,22.9,254.5,0x20,405.003,13.0,375,-1,2.5,,
2026-09-03T23:53:04.000Z,M20-409-2-00781,1472514784,43.73110,4.56644,10904.1,4.0,12.5,148.6,-44.7,22.8,254.3,0x20,405.003,13.0,375,-1,2.5,,
2026-09-03T23:53:05.000Z,M20-409-2-00781,1472514785,43.73101,4.56652,10908.1,4.9,12.9,146.9,-44.8,22.8,254.2,0x20,405.003,13.3,375,-1,2.5,,
2026-09-03T23:53:06.000Z,M20-409-2-00781,1472514786,43.73091,4.56661,10911.9,4.3,12.5,143.7,-44.8,22.8,254.0,0x20,405.003,15.7,375,-1,2.5,,
2026-09-03T23:53:07.000Z,M20-409-2-00781,1472514787,43.73082,4.56670,10915.8,4.0,13.0,148.3,-44.9,22.8,253.8,0x20,405.003,15.7,375,-1,2.5,,
2026-09-03T23:53:08.000Z,M20-409-2-00781,1472514788,43.73071,4.56679,10920.3,5.1,13.7,149.9,-44.9,22.8,253.7,0x20,405.003,14.2,375,-1,2.5,,
2026-09-03T23:53:09.000Z,M20-409-2-00781,1472514789,43.73061,4.56688,10924.2,3.2,14.3,146.7,-45.0,22.9,253.5,0x20,405.003,14.6,375,-1,2.5,,
2026-09-03T23:53:10.000Z,M20-409-2-00781,1472514790,43.73050,4.56698,10928.1,5.2,14.0,143.3,-45.0,22.9,253.3,0x20,405.003,16.9,375,-1,2.5,,
2026-09-03T23:53:11.000Z,M20-409-2-00781,1472514791,43.73041,4.56708,10932.5,3.7,12.6,146.3,-45.0,22.9,253.2,0x20,405.003,16.9,375,-1,2.5,,
2026-09-03T23:53:12.000Z,M20-409-2-00781,1472514792,43.73031,4.56717,10936.8,4.7,12.3,144.8,-45.1,22.9,253.0,0x20,405.003,7.5,375,-1,2.5,,
2026-09-03T23:53:13.000Z,M20-409-2-00781,1472514793,43.73022,4.56726,10941.6,4.6,12.5,140.2,-45.1,22.9,252.8,0x20,405.003,7.5,1125,-1,2.5,,
2026-09-03T23:53:14.000Z,M20-409-2-00781,1472514794,43.73013,4.56735,10946.0,5.0,12.7,147.6,-45.1,22.9,252.7,0x20,405.003,4.3,1125,-1,2.5,,
2026-09-03T23:53:15.000Z,M20-409-2-00781,1472514795,43.73003,4.56743,10950.8,4.8,13.3,153.9,-45.2,23.0,252.5,0x20,405.003,7.7,375,-1,2.5,,
2026-09-03T23:53:16.000Z,M20-409-2-00781,1472514796,43.72992,4.56750,10955.1,4.2,13.9,153.4,-45.2,23.0,252.4,0x20,405.003,12.8,375,-1,2.5,,
2026-09-03T23:53:17.000Z,M20-409-2-00781,1472514797,43.72981,4.56759,10959.4,5.1,14.9,147.1,-45.2,23.0,252.2,0x20,405.003,14.2,1125,-1,2.5,,
2026-09-03T23:53:18.000Z,M20-409-2-00781,1472514798,43.72970,4.56770,10963.1,3.4,14.9,142.6,-45.3,23.1,252.1,0x20,405.003,14.2,1125,-1,2.5,,
2026-09-03T23:53:19.000Z,M20-409-2-00781,1472514799,43.72960,4.56781,10967.2,5.9,13.5,140.7,-45.3,23.1,251.9,0x20,405.003,16.0,375,-1,2.5,,
2026-09-03T23:53:20.000Z,M20-409-2-00781,1472514800,43.72952,4.56791,10971.9,4.4,12.0,142.0,-45.4,23.1,251.7,0x20,405.003,16.2,375,-1,2.5,,
2026-09-03T23:53:21.000Z,M20-409-2-00781,1472514801,43.72943,4.56800,10976.2,4.8,11.2,143.9,-45.4,23.2,251.6,0x20,405.003,16.2,375,-1,2.5,,
2026-09-03T23:53:22.000Z,M20-409-2-00781,1472514802,43.72935,4.56809,10980.6,4.2,12.6,141.4,-45.5,23.2,251.4,0x20,405.003,15.3,375,-1,2.5,,
2026-09-03T23:53:23.000Z,M20-409-2-00781,1472514803,43.72926,4.56819,10984.4,4.2,12.9,140.5,-45.5,23.3,251.2,0x20,405.003,13.4,375,-1,2.5,,
2026-09-03T23:53:24.000Z,M20-409-2-00781,1472514804,43.72917,4.56829,10989.1,6.0,12.5,144.1,-45.5,23.3,251.1,0x20,405.003,16.0,375,-1,2.5,,
2026-09-03T23:53:25.000Z,M20-409-2-00781,1472514805,43.72907,4.56837,10993.9,4.4,12.4,150.4,-45.6,23.4,250.9,0x20,405.003,16.0,375,-1,2.5,,
2026-09-03T23:53:26.000Z,M20-409-2-00781,1472514806,43.72897,4.56845,10998.7,6.0,13.9,150.4,-45.6,23.4,250.7,0x20,405.003,3.5,1125,-1,2.5,,
2026-09-03T23:53:27.000Z,M20-409-2-00781,1472514807,43.72886,4.56855,11002.9,3.2,15.2,147.3,-45.6,23.5,250.6,0x20,405.003,3.4,1125,-1,2.5,,
2026-09-03T23:53:29.000Z,M20-409-2-00781,1472514809,43.72864,4.56875,11012.0,5.0,13.5,145.7,-45.7,23.6,250.3,0x20,405.003,12.0,1125,-1,2.5,,
2026-09-03T23:53:30.000Z,M20-409-2-00781,1472514810,43.72854,4.56885,11017.0,5.5,13.1,141.3,-45.7,23.7,250.1,0x20,405.003,12.7,1125,-1,2.5,,
2026-09-03T23:53:31.000Z,M20-409-2-00781,1472514811,43.72845,4.56895,11021.4,4.4,12.9,141.1,-45.7,23.8,249.9,0x20,405.003,15.1,375,-1,2.5,,
2026-09-03T23:53:32.000Z,M20-409-2-00781,1472514812,43.72836,4.56904,11025.2,4.1,12.2,145.6,-45.8,23.8,249.7,0x20,405.003,15.1,375,-1,2.5,,
2026-09-03T23:53:33.000Z,M20-409-2-00781,1472514813,43.72826,4.56912,11029.1,4.4,12.5,149.7,-45.8,23.9,249.6,0x20,405.003,14.1,375,-1,2.5,,
2026-09-03T23:53:34.000Z,M20-409-2-00781,1472514814,43.72816,4.56921,11033.4,5.2,13.6,147.0,-45.9,23.9,249.4,0x20,405.003,12.8,1125,-1,2.5,,
2026-09-03T23:53:35.000Z,M20-409-2-00781,1472514815,43.72806,4.56931,11037.5,3.9,14.9,145.3,-45.9,24.0,249.3,0x20,405.003,11.6,375,-1,2.5,,
2026-09-03T23:53:36.000Z,M20-409-2-00781,1472514816,43.72795,4.56941,11041.8,5.8,14.3,145.7,-45.9,24.0,249.1,0x20,405.003,14.5,375,-1,2.5,,
2026-09-03T23:53:37.000Z,M20-409-2-00781,1472514817,43.72784,4.56951,11046.9,4.7,14.0,146.4,-46.0,24.1,248.9,0x20,405.003,16.3,375,-1,2.5,,
2026-09-03T23:53:38.000Z,M20-409-2-00781,1472514818,43.72774,4.56961,11051.4,4.6,14.3,143.6,-46.0,24.1,248.7,0x20,405.003,16.3,1125,-1,2.5,,
2026-09-03T23:53:39.000Z,M20-409-2-00781,1472514819,43.72764,4.56971,11055.8,4.8,13.6,141.5,-46.0,24.2,248.6,0x20,405.003,16.3,1125,-1,2.5,,
2026-09-03T23:53:40.000Z,M20-409-2-00781,1472514820,43.72755,4.56981,11060.2,4.5,12.5,144.2,-46.1,24.2,248.4,0x20,405.003,9.6,375,-1,2.5,,
2026-09-03T23:53:41.000Z,M20-409-2-00781,1472514821,43.72745,4.56990,11064.4,4.2,12.8,148.0,-46.1,24.2,248.2,0x20,405.003,3.5,375,-1,2.5,,
2026-09-03T23:53:42.000Z,M20-409-2-00781,1472514822,43.72735,4.56998,11068.9,5.0,14.0,148.7,-46.1,24.3,248.0,0x20,405.003,10.4,1125,-1,2.5,,
2026-09-03T23:53:43.000Z,M20-409-2-00781,1472514823,43.72724,4.57007,11073.5,4.8,14.9,149.7,-46.2,24.4,247.9,0x20,405.003,11.8,375,-1,2.5,,
2026-09-03T23:53:44.000Z,M20-409-2-00781,1472514824,43.72712,4.57016,11078.0,4.5,14.5,152.0,-46.2,24.4,247.7,0x20,405.003,11.8,375,-1,2.5,,
2026-09-03T23:53:46.000Z,M20-409-2-00781,1472514826,43.72690,4.57034,11087.2,3.8,14.8,148.0,-46.3,24.5,247.4,0x20,405.003,10.4,1125,-1,2.5,,
2026-09-03T23:53:47.000Z,M20-409-2-00781,1472514827,43.72678,4.57044,11091.1,4.7,14.7,145.3,-46.3,24.6,247.2,0x20,405.003,9.4,375,-1,2.5,,
2026-09-03T23:53:48.000Z,M20-409-2-00781,1472514828,43.72668,4.57054,11095.6,4.7,13.4,146.8,-46.4,24.6,247.0,0x20,405.003,14.1,375,-1,2.5,,
2026-09-03T23:53:49.000Z,M20-409-2-00781,1472514829,43.72658,4.57063,11100.2,4.5,13.2,146.0,-46.4,24.7,246.9,0x20,405.003,15.4,375,-1,2.5,,
2026-09-03T23:53:50.000Z,M20-409-2-00781,1472514830,43.72648,4.57072,11104.4,4.2,13.8,147.9,-46.5,24.7,246.7,0x20,405.003,15.4,375,-1,2.5,,
2026-09-03T23:53:51.000Z,M20-409-2-00781,1472514831,43.72637,4.57081,11108.4,4.3,14.1,147.2,-46.5,24.7,246.6,0x20,405.003,15.4,375,-1,2.5,,
2026-09-03T23:53:54.000Z,M20-409-2-00781,1472514834,43.72607,4.57110,11122.6,5.7,14.3,146.9,-46.6,24.8,246.1,0x20,405.003,6.5,1125,-1,2.5,,
2026-09-03T23:53:55.000Z,M20-409-2-00781,1472514835,43.72596,4.57119,11127.1,3.8,14.5,150.8,-46.6,24.8,245.9,0x20,405.003,11.5,375,-1,2.5,,
2026-09-03T23:53:57.000Z,M20-409-2-00781,1472514837,43.72573,4.57135,11136.1,4.1,13.6,154.0,-46.7,24.8,245.6,0x20,405.003,11.5,1125,-1,2.5,,
2026-09-03T23:53:58.000Z,M20-409-2-00781,1472514838,43.72563,4.57143,11140.4,4.5,13.9,150.7,-46.7,24.9,245.4,0x20,405.003,13.6,1125,-1,2.5,,
2026-09-03T23:53:59.000Z,M20-409-2-00781,1472514839,43.72552,4.57152,11144.5,4.4,14.1,148.7,-46.8,24.9,245.3,0x20,405.003,13.8,375,-1,2.5,,
2026-09-03T23:54:00.000Z,M20-409-2-00781,1472514840,43.72541,4.57161,11148.7,4.9,13.7,147.1,-46.9,25.0,245.1,0x20,405.003,13.8,1125,-1,2.5,,
2026-09-03T23:54:01.000Z,M20-409-2-00781,1472514841,43.72531,4.57170,11153.3,4.7,13.1,145.5,-46.9,25.0,244.9,0x20,405.003,10.8,1125,-1,2.5,,
2026-09-03T23:54:03.000Z,M20-409-2-00781,1472514843,43.72510,4.57189,11160.5,5.2,14.4,148.5,-46.9,25.0,244.6,0x20,405.003,14.7,375,-1,2.5,,
2026-09-03T23:54:04.000Z,M20-409-2-00781,1472514844,43.72498,4.57198,11165.6,5.5,13.6,154.9,-47.0,25.1,244.4,0x20,405.003,14.7,375,-1,2.5,,
2026-09-03T23:54:05.000Z,M20-409-2-00781,1472514845,43.72487,4.57205,11169.9,3.7,13.8,155.2,-47.0,25.2,244.3,0x20,405.003,4.9,375,-1,2.5,,
2026-09-03T23:54:06.000Z,M20-409-2-00781,1472514846,43.72476,4.57213,11174.2,5.4,14.8,153.6,-47.1,25.3,244.1,0x20,405.003,3.1,375,-1,2.5,,
2026-09-03T23:54:08.000Z,M20-409-2-00781,1472514848,43.72452,4.57230,11183.1,5.0,14.7,151.3,-47.1,25.4,243.8,0x20,405.003,8.2,1125,-1,2.5,,
2026-09-03T23:54:09.000Z,M20-409-2-00781,1472514849,43.72441,4.57239,11187.5,5.0,13.8,148.8,-47.2,25.5,243.6,0x20,405.003,11.3,1125,-1,2.5,,
2026-09-03T23:54:10.000Z,M20-409-2-00781,1472514850,43.72430,4.57248,11191.7,4.4,14.5,145.2,-47.2,25.6,243.4,0x20,405.003,11.7,1125,-1,2.5,,
2026-09-03T23:54:11.000Z,M20-409-2-00781,1472514851,43.72420,4.57258,11195.5,4.0,13.4,143.6,-47.2,25.7,243.3,0x20,405.003,13.3,1125,-1,2.5,,
2026-09-03T23:54:12.000Z,M20-409-2-00781,1472514852,43.72410,4.57268,11199.9,5.2,13.3,149.2,-47.3,25.8,243.1,0x20,405.003,13.3,1125,-1,2.5,,
2026-09-03T23:54:13.000Z,M20-409-2-00781,1472514853,43.72399,4.57276,11204.8,4.7,13.1,150.4,-47.3,25.8,243.0,0x20,405.003,11.0,1125,-1,2.5,,
2026-09-03T23:54:14.000Z,M20-409-2-00781,1472514854,43.72388,4.57285,11209.2,4.2,14.8,149.7,-47.4,26.0,242.8,0x20,405.003,11.0,1125,-1,2.5,,
2026-09-03T23:54:15.000Z,M20-409-2-00781,1472514855,43.72377,4.57294,11213.8,5.0,15.6,150.7,-47.5,26.0,242.6,0x20,405.003,13.4,375,-1,2.5,,
2026-09-03T23:54:16.000Z,M20-409-2-00781,1472514856,43.72365,4.57303,11218.5,4.9,14.6,152.2,-47.5,26.2,242.4,0x20,405.003,13.4,375,-1,2.5,,
2026-09-03T23:54:17.000Z,M20-409-2-00781,1472514857,43.72353,4.57312,11223.2,4.6,13.9,148.6,-47.6,26.3,242.3,0x20,405.003,12.9,375,-1,2.5,,
2026-09-03T23:54:18.000Z,M20-409-2-00781,1472514858,43.72343,4.57321,11227.8,5.1,14.5,145.2,-47.6,26.4,242.1,0x20,405.003,4.0,375,-1,2.5,,
2026-09-03T23:54:19.000Z,M20-409-2-00781,1472514859,43.72332,4.57332,11232.4,3.9,14.3,143.3,-47.7,26.5,242.0,0x20,405.003,3.1,375,-1,2.5,,
2026-09-03T23:54:20.000Z,M20-409-2-00781,1472514860,43.72322,4.57342,11236.3,5.1,13.3,145.0,-47.7,26.5,241.8,0x20,405.003,3.3,375,-1,2.5,,
2026-09-03T23:54:21.000Z,M20-409-2-00781,1472514861,43.72312,4.57351,11241.3,4.8,12.9,148.2,-47.7,26.7,241.7,0x20,405.003,8.8,375,-1,2.5,,
2026-09-03T23:54:22.000Z,M20-409-2-00781,1472514862,43.72302,4.57360,11246.2,5.3,14.3,149.0,-47.8,26.8,241.4,0x20,405.003,9.8,375,-1,2.5,,
2026-09-03T23:54:23.000Z,M20-409-2-00781,1472514863,43.72290,4.57369,11250.9,4.5,14.9,149.7,-47.8,26.9,241.3,0x20,405.003,11.5,375,-1,2.5,,
2026-09-03T23:54:24.000Z,M20-409-2-00781,1472514864,43.72279,4.57378,11255.3,4.8,14.7,151.3,-47.9,27.0,241.2,0x20,405.003,13.1,1125,-1,2.5,,
2026-09-03T23:54:25.000Z,M20-409-2-00781,1472514865,43.72268,4.57386,11260.0,4.9,13.2,153.2,-47.9,27.1,241.0,0x20,405.003,13.8,375,-1,2.5,,
2026-09-03T23:54:26.000Z,M20-409-2-00781,1472514866,43.72258,4.57394,11263.6,4.0,12.9,148.2,-47.9,27.2,240.9,0x20,405.003,14.8,375,-1,2.5,,
2026-09-03T23:54:27.000Z,M20-409-2-00781,1472514867,43.72248,4.57404,11267.6,4.5,13.6,140.4,-48.0,27.3,240.7,0x20,405.003,14.8,375,-1,2.5,,
2026-09-03T23:54:28.000Z,M20-409-2-00781,1472514868,43.72239,4.57415,11271.3,3.5,14.3,136.8,-48.0,27.4,240.5,0x20,405.003,14.6,375,-1,2.5,,
2026-09-03T23:54:29.000Z,M20-409-2-00781,1472514869,43.72229,4.57426,11275.7,5.8,14.0,141.3,-48.1,27.5,240.4,0x20,405.003,15.1,375,-1,2.5,,
2026-09-03T23:54:30.000Z,M20-409-2-00781,1472514870,43.72219,4.57436,11281.1,5.4,13.9,148.1,-48.1,27.6,240.2,0x20,405.003,15.1,375,-1,2.5,,
2026-09-03T23:54:31.000Z,M20-409-2-00781,1472514871,43.72208,4.57445,11286.0,4.9,14.0,148.2,-48.1,27.7,240.0,0x20,405.003,5.6,375,-1,2.5,,
2026-09-03T23:54:32.000Z,M20-409-2-00781,1472514872,43.72197,4.57454,11290.0,4.2,14.1,149.1,-48.2,27.8,239.9,0x20,405.003,3.6,375,-1,2.5,,
2026-09-03T23:54:33.000Z,M20-409-2-00781,1472514873,43.72187,4.57463,11294.3,4.9,13.8,152.6,-48.2,28.0,239.7,0x20,405.003,3.3,375,-1,2.5,,
2026-09-03T23:54:35.000Z,M20-409-2-00781,1472514875,43.72165,4.57479,11302.5,5.2,13.5,145.5,-48.3,28.2,239.4,0x20,405.003,12.5,375,-1,2.5,,
2026-09-03T23:54:36.000Z,M20-409-2-00781,1472514876,43.72156,4.57489,11307.0,3.6,14.1,140.6,-48.3,28.3,239.2,0x20,405.003,12.5,375,-1,2.5,,
2026-09-03T23:54:37.000Z,M20-409-2-00781,1472514877,43.72146,4.57500,11311.6,6.0,14.8,141.5,-48.4,28.5,239.1,0x20,405.003,12.0,375,-1,2.5,,
2026-09-03T23:54:38.000Z,M20-409-2-00781,1472514878,43.72135,4.57511,11316.2,3.6,14.4,145.8,-48.4,28.6,238.9,0x20,405.003,11.4,375,-1,2.5,,
2026-09-03T23:54:39.000Z,M20-409-2-00781,1472514879,43.72124,4.57521,11320.5,5.7,14.6,147.2,-48.4,28.7,238.7,0x20,405.003,13.6,375,-1,2.5,,
2026-09-03T23:54:40.000Z,M20-409-2-00781,1472514880,43.72114,4.57531,11325.0,3.9,14.1,145.0,-48.5,28.8,238.6,0x20,405.003,13.6,375,-1,2.5,,
2026-09-03T23:54:41.000Z,M20-409-2-00781,1472514881,43.72103,4.57541,11329.5,5.6,14.3,148.6,-48.5,29.0,238.4,0x20,405.003,14.8,375,-1,2.5,,
2026-09-03T23:54:42.000Z,M20-409-2-00781,1472514882,43.72092,4.57550,11334.4,4.0,14.4,150.1,-48.6,29.0,238.2,0x20,405.003,14.8,375,-1,2.5,,
2026-09-03T23:54:43.000Z,M20-409-2-00781,1472514883,43.72081,4.57559,11338.9,5.5,14.4,145.0,-48.6,29.2,238.1,0x20,405.003,14.1,375,-1,2.5,,
2026-09-03T23:54:44.000Z,M20-409-2-00781,1472514884,43.72070,4.57570,11343.2,3.4,14.7,142.3,-48.7,29.3,237.9,0x20,405.003,3.8,375,-1,2.5,,
2026-09-03T23:54:45.000Z,M20-409-2-00781,1472514885,43.72060,4.57581,11347.2,4.4,14.4,144.5,-48.7,29.4,237.7,0x20,405.003,3.8,375,-1,2.5,,
2026-09-03T23:54:46.000Z,M20-409-2-00781,1472514886,43.72049,4.57590,11351.3,4.0,13.9,147.6,-48.8,29.5,237.6,0x20,405.003,10.1,375,-1,2.5,,
2026-09-03T23:54:47.000Z,M20-409-2-00781,1472514887,43.72039,4.57600,11355.9,5.2,13.9,146.4,-48.8,29.6,237.4,0x20,405.003,11.0,375,-1,2.5,,
2026-09-03T23:54:48.000Z,M20-409-2-00781,1472514888,43.72029,4.57610,11359.8,3.1,14.1,142.8,-48.9,29.7,237.3,0x20,405.003,12.4,375,-1,2.5,,
2026-09-03T23:54:49.000Z,M20-409-2-00781,1472514889,43.72019,4.57620,11363.9,5.8,13.2,142.5,-48.9,29.9,237.1,0x20,405.003,13.2,1125,-1,2.5,,
2026-09-03T23:54:50.000Z,M20-409-2-00781,1472514890,43.72009,4.57630,11368.4,3.8,13.6,145.9,-48.9,29.9,237.0,0x20,405.003,13.2,375,-1,2.5,,
2026-09-03T23:54:51.000Z,M20-409-2-00781,1472514891,43.71999,4.57639,11373.0,5.6,14.0,146.0,-48.9,30.1,236.8,0x20,405.003,14.9,375,-1,2.5,,
2026-09-03T23:54:52.000Z,M20-409-2-00781,1472514892,43.71988,4.57650,11377.2,3.5,15.0,143.9,-49.0,30.1,236.7,0x20,405.003,15.4,375,-1,2.5,,
2026-09-03T23:54:53.000Z,M20-409-2-00781,1472514893,43.71977,4.57660,11381.0,4.7,15.0,145.3,-49.1,30.3,236.5,0x20,405.003,15.4,375,-1,2.5,,
2026-09-03T23:54:54.000Z,M20-409-2-00781,1472514894,43.71966,4.57670,11385.6,4.5,14.3,150.5,-49.1,30.3,236.3,0x20,405.003,14.1,375,-1,2.5,,
2026-09-03T23:54:55.000Z,M20-409-2-00781,1472514895,43.71955,4.57678,11390.0,4.9,13.7,150.5,-49.1,30.4,236.2,0x20,405.003,14.1,375,-1,2.5,,
2026-09-03T23:54:56.000Z,M20-409-2-00781,1472514896,43.71945,4.57688,11394.5,4.8,14.1,144.2,-49.2,30.5,236.0,0x20,405.003,14.1,1125,-1,2.5,,
2026-09-03T23:54:57.000Z,M20-409-2-00781,1472514897,43.71934,4.57699,11398.5,3.8,14.8,141.5,-49.2,30.6,235.9,0x20,405.003,13.4,375,-1,2.5,,
2026-09-03T23:54:58.000Z,M20-409-2-00781,1472514898,43.71923,4.57710,11403.1,5.9,15.3,143.6,-49.2,30.7,235.7,0x20,405.003,3.9,375,-1,2.5,,
2026-09-03T23:54:59.000Z,M20-409-2-00781,1472514899,43.71912,4.57721,11407.8,3.9,15.5,145.6,-49.3,30.8,235.6,0x20,405.003,3.4,375,-1,2.5,,
2026-09-03T23:55:00.000Z,M20-409-2-00781,1472514900,43.71901,4.57732,11412.0,5.0,14.9,143.0,-49.3,30.9,235.4,0x20,405.003,11.4,1125,-1,2.5,,
2026-09-03T23:55:01.000Z,M20-409-2-00781,1472514901,43.71890,4.57744,11416.8,4.7,14.6,139.2,-49.3,31.0,235.3,0x20,405.003,12.6,1125,-1,2.5,,
2026-09-03T23:55:02.000Z,M20-409-2-00781,1472514902,43.71880,4.57755,11421.1,4.8,14.6,143.8,-49.4,31.1,235.1,0x20,405.003,13.1,375,-1,2.5,,
2026-09-03T23:55:03.000Z,M20-409-2-00781,1472514903,43.71869,4.57765,11425.1,4.0,14.5,147.4,-49.4,31.2,235.0,0x20,405.003,13.6,375,-1,2.5,,
2026-09-03T23:55:04.000Z,M20-409-2-00781,1472514904,43.71859,4.57775,11428.9,3.9,14.2,146.4,-49.5,31.3,234.8,0x20,405.003,13.6,375,-1,2.5,,
2026-09-03T23:55:05.000Z,M20-409-2-00781,1472514905,43.71848,4.57785,11432.8,4.2,14.0,141.9,-49.5,31.4,234.7,0x20,405.003,13.1,375,-1,2.5,,
2026-09-03T23:55:06.000Z,M20-409-2-00781,1472514906,43.71839,4.57796,11436.7,4.4,13.5,138.9,-49.6,31.5,234.6,0x20,405.003,12.6,1125,-1,2.5,,
2026-09-03T23:55:07.000Z,M20-409-2-00781,1472514907,43.71829,4.57806,11441.5,5.7,13.4,143.1,-49.6,31.6,234.4,0x20,405.003,12.0,375,-1,2.5,,
2026-09-03T23:55:08.000Z,M20-409-2-00781,1472514908,43.71820,4.57816,11446.8,4.9,13.1,146.9,-49.6,31.7,234.2,0x20,405.003,12.0,375,-1,2.5,,
2026-09-03T23:55:09.000Z,M20-409-2-00781,1472514909,43.71810,4.57826,11451.8,5.8,14.3,144.1,-49.7,31.8,234.1,0x20,405.003,8.2,1125,-1,2.5,,
2026-09-03T23:55:10.000Z,M20-409-2-00781,1472514910,43.71800,4.57836,11455.7,3.7,15.1,141.8,-49.7,31.9,233.9,0x20,405.003,8.2,1125,-1,2.5,,
2026-09-03T23:55:11.000Z,M20-409-2-00781,1472514911,43.71789,4.57848,11460.2,5.9,15.0,142.4,-49.8,32.0,233.8,0x20,405.003,7.4,1125,-1,2.5,,
2026-09-03T23:55:12.000Z,M20-409-2-00781,1472514912,43.71778,4.57859,11464.8,4.4,14.9,146.0,-49.8,32.1,233.6,0x20,405.003,4.0,1125,-1,2.5,,
2026-09-03T23:55:13.000Z,M20-409-2-00781,1472514913,43.71767,4.57869,11469.1,5.0,15.5,145.0,-49.8,32.2,233.5,0x20,405.003,11.2,1125,-1,2.5,,
2026-09-03T23:55:14.000Z,M20-409-2-00781,1472514914,43.71755,4.57881,11473.5,4.7,15.6,141.8,-49.9,32.3,233.3,0x20,405.003,12.8,1125,-1,2.5,,
2026-09-03T23:55:15.000Z,M20-409-2-00781,1472514915,43.71745,4.57892,11478.1,5.2,14.0,138.6,-49.9,32.4,233.2,0x20,405.003,15.3,375,-1,2.5,,
2026-09-03T23:55:16.000Z,M20-409-2-00781,1472514916,43.71736,4.57903,11482.5,4.1,12.4,136.9,-50.0,32.5,233.0,0x20,405.003,16.3,375,-1,2.5,,
2026-09-03T23:55:17.000Z,M20-409-2-00781,1472514917,43.71728,4.57914,11487.1,5.8,11.7,137.2,-50.0,32.6,232.8,0x20,405.003,16.3,375,-1,2.5,,
2026-09-03T23:55:19.000Z,M20-409-2-00781,1472514919,43.71711,4.57934,11495.2,4.4,13.7,142.4,-50.1,32.8,232.5,0x20,405.003,15.8,375,-1,2.5,,
2026-09-03T23:55:20.000Z,M20-409-2-00781,1472514920,43.71701,4.57944,11499.0,3.8,13.4,145.0,-50.1,32.9,232.4,0x20,405.003,13.2,375,-1,2.5,,
2026-09-03T23:55:21.000Z,M20-409-2-00781,1472514921,43.71690,4.57953,11502.7,4.3,14.7,149.2,-50.2,33.0,232.2,0x20,405.003,13.2,375,-1,2.5,,
2026-09-03T23:55:22.000Z,M20-409-2-00781,1472514922,43.71679,4.57963,11506.6,3.8,15.8,151.0,-50.2,33.1,232.1,0x20,405.003,14.3,375,-1,2.5,,
2026-09-03T23:55:23.000Z,M20-409-2-00781,1472514923,43.71666,4.57973,11510.2,4.3,16.1,147.7,-50.2,33.2,231.9,0x20,405.003,14.3,375,-1,2.5,,
2026-09-03T23:55:24.000Z,M20-409-2-00781,1472514924,43.71655,4.57984,11514.4,4.5,14.1,142.1,-50.3,33.3,231.7,0x20,405.003,4.2,375,-1,2.5,,
2026-09-03T23:55:25.000Z,M20-409-2-00781,1472514925,43.71646,4.57994,11518.1,3.7,12.5,139.7,-50.3,33.4,231.6,0x20,405.003,4.2,1125,-1,2.5,,
2026-09-03T23:55:26.000Z,M20-409-2-00781,1472514926,43.71637,4.58004,11522.2,4.4,12.1,140.9,-50.4,33.5,231.4,0x20,405.003,12.7,1125,-1,2.5,,
2026-09-03T23:55:27.000Z,M20-409-2-00781,1472514927,43.71629,4.58013,11526.7,4.8,12.6,142.8,-50.4,33.7,231.3,0x20,405.003,13.3,1125,-1,2.5,,
2026-09-03T23:55:28.000Z,M20-409-2-00781,1472514928,43.71620,4.58023,11530.6,4.4,13.2,140.0,-50.4,33.7,231.1,0x20,405.003,15.1,375,-1,2.5,,
2026-09-03T23:55:29.000Z,M20-409-2-00781,1472514929,43.71610,4.58034,11535.6,5.6,14.6,139.9,-50.5,33.8,230.9,0x20,405.003,15.1,375,-1,2.5,,
2026-09-03T23:55:30.000Z,M20-409-2-00781,1472514930,43.71599,4.58046,11539.8,3.0,15.7,141.9,-50.5,33.9,230.8,0x20,405.003,16.3,375,-1,2.5,,
2026-09-03T23:55:31.000Z,M20-409-2-00781,1472514931,43.71589,4.58058,11543.5,4.7,15.7,140.8,-50.6,34.0,230.6,0x20,405.003,16.6,375,-1,2.5,,
2026-09-03T23:55:32.000Z,M20-409-2-00781,1472514932,43.71578,4.58070,11548.2,4.5,14.5,137.4,-50.6,34.1,230.5,0x20,405.003,16.6,375,-1,2.5,,
2026-09-03T23:55:33.000Z,M20-409-2-00781,1472514933,43.71569,4.58082,11552.6,4.1,13.7,139.8,-50.7,34.2,230.3,0x20,405.003,16.6,375,-1,2.5,,
2026-09-03T23:55:34.000Z,M20-409-2-00781,1472514934,43.71559,4.58092,11556.9,4.4,13.9,144.5,-50.7,34.3,230.2,0x20,405.003,16.4,375,-1,2.5,,
2026-09-03T23:55:35.000Z,M20-409-2-00781,1472514935,43.71549,4.58103,11561.2,4.3,13.7,143.2,-50.7,34.4,230.0,0x20,405.003,16.4,375,-1,2.5,,
2026-09-03T23:55:36.000Z,M20-409-2-00781,1472514936,43.71540,4.58113,11565.5,4.3,13.0,137.3,-50.8,34.5,229.8,0x20,405.003,16.4,1125,-1,2.5,,
2026-09-03T23:55:37.000Z,M20-409-2-00781,1472514937,43.71531,4.58124,11569.9,4.5,13.9,137.8,-50.8,34.6,229.7,0x20,405.003,4.5,375,-1,2.5,,
2026-09-03T23:55:38.000Z,M20-409-2-00781,1472514938,43.71521,4.58136,11574.8,5.0,14.3,140.0,-50.9,34.7,229.5,0x20,405.003,4.5,375,-1,2.5,,
2026-09-03T23:55:39.000Z,M20-409-2-00781,1472514939,43.71511,4.58148,11579.4,4.2,15.0,141.7,-50.9,34.8,229.4,0x20,405.003,11.9,375,-1,2.5,,
2026-09-03T23:55:40.000Z,M20-409-2-00781,1472514940,43.71501,4.58159,11583.7,4.7,14.5,139.9,-50.9,34.9,229.2,0x20,405.003,14.9,1125,-1,2.5,,
2026-09-03T23:55:41.000Z,M20-409-2-00781,1472514941,43.71491,4.58171,11587.5,3.1,13.7,139.6,-51.0,35.0,229.1,0x20,405.003,15.9,375,-1,2.5,,
2026-09-03T23:55:42.000Z,M20-409-2-00781,1472514942,43.71481,4.58181,11591.7,5.5,13.5,143.7,-51.0,35.0,229.0,0x20,405.003,15.9,375,-1,2.5,,
2026-09-03T23:55:43.000Z,M20-409-2-00781,1472514943,43.71471,4.58191,11596.4,4.2,13.7,144.9,-51.0,35.1,228.8,0x20,405.003,15.1,375,-1,2.5,,
2026-09-03T23:55:44.000Z,M20-409-2-00781,1472514944,43.71462,4.58200,11601.1,5.5,13.0,141.9,-51.1,35.2,228.7,0x20,405.003,15.3,375,-1,2.5,,
2026-09-03T23:55:45.000Z,M20-409-2-00781,1472514945,43.71453,4.58211,11605.4,3.6,12.9,138.3,-51.1,35.3,228.5,0x20,405.003,15.8,375,-1,2.5,,
2026-09-03T23:55:46.000Z,M20-409-2-00781,1472514946,43.71444,4.58221,11609.8,5.4,13.4,139.7,-51.2,35.4,228.3,0x20,405.003,15.8,375,-1,2.5,,
2026-09-03T23:55:47.000Z,M20-409-2-00781,1472514947,43.71434,4.58233,11617.7,10.8,15.3,132.6,-51.2,35.5,228.2,0x20,405.003,16.3,375,-1,2.5,,
2026-09-03T23:55:48.000Z,M20-409-2-00781,1472514948,43.71424,4.58245,11623.5,5.4,14.3,138.2,-51.3,35.5,228.1,0x20,405.003,16.3,375,-1,2.5,,
2026-09-03T23:55:49.000Z,M20-409-2-00781,1472514949,43.71415,4.58257,11626.9,4.8,14.2,135.1,-51.3,35.6,227.9,0x20,405.003,5.2,375,-1,2.5,,
2026-09-03T23:55:50.000Z,M20-409-2-00781,1472514950,43.71405,4.58268,11630.9,6.2,14.6,137.2,-51.3,35.7,227.7,0x20,405.003,3.7,375,-1,2.5,,
2026-09-03T23:55:51.000Z,M20-409-2-00781,1472514951,43.71395,4.58280,11634.5,3.6,14.7,141.0,-51.4,35.8,227.6,0x20,405.003,3.7,375,-1,2.5,,
2026-09-03T23:55:52.000Z,M20-409-2-00781,1472514952,43.71385,4.58291,11637.6,4.9,13.6,141.7,-51.4,35.9,227.4,0x20,405.003,8.9,1125,-1,2.5,,
2026-09-03T23:55:55.000Z,M20-409-2-00781,1472514955,43.71356,4.58320,11649.0,3.5,14.9,143.4,-51.5,36.2,227.0,0x20,405.003,13.7,375,-1,2.5,,
2026-09-03T23:55:56.000Z,M20-409-2-00781,1472514956,43.71345,4.58332,11653.2,5.3,15.4,139.0,-51.6,36.3,226.8,0x20,405.003,16.1,375,-1,2.5,,
2026-09-03T23:55:57.000Z,M20-409-2-00781,1472514957,43.71335,4.58345,11657.0,3.0,14.9,133.1,-51.6,36.4,226.7,0x20,405.003,16.1,375,-1,2.5,,
2026-09-03T23:55:58.000Z,M20-409-2-00781,1472514958,43.71326,4.58358,11660.9,5.5,14.4,133.6,-51.6,36.5,226.5,0x20,405.003,14.9,375,-1,2.5,,
2026-09-03T23:55:59.000Z,M20-409-2-00781,1472514959,43.71317,4.58370,11665.0,2.9,14.3,138.6,-51.7,36.6,226.4,0x20,405.003,13.8,375,-1,2.5,,
2026-09-03T23:56:00.000Z,M20-409-2-00781,1472514960,43.71307,4.58381,11668.8,5.5,13.8,140.3,-51.7,36.7,226.2,0x20,405.003,13.8,375,-1,2.5,,
2026-09-03T23:56:01.000Z,M20-409-2-00781,1472514961,43.71298,4.58392,11673.3,4.0,13.2,138.6,-51.8,36.8,226.1,0x20,405.003,13.7,375,-1,2.5,,
2026-09-03T23:56:02.000Z,M20-409-2-00781,1472514962,43.71288,4.58403,11677.6,4.4,14.3,142.9,-51.8,36.9,225.9,0x20,405.003,7.3,375,-1,2.5,,
2026-09-03T23:56:03.000Z,M20-409-2-00781,1472514963,43.71277,4.58414,11681.4,3.0,15.6,143.8,-51.9,37.0,225.8,0x20,405.003,3.7,375,-1,2.5,,
2026-09-03T23:56:04.000Z,M20-409-2-00781,1472514964,43.71266,4.58426,11685.2,4.3,16.1,140.3,-51.9,37.1,225.6,0x20,405.003,3.7,375,-1,2.5,,
2026-09-03T23:56:05.000Z,M20-409-2-00781,1472514965,43.71256,4.58440,11689.7,4.9,15.7,133.9,-51.9,37.2,225.5,0x20,405.003,13.2,375,-1,2.5,,
2026-09-03T23:56:06.000Z,M20-409-2-00781,1472514966,43.71246,4.58454,11693.9,3.6,15.1,132.3,-51.9,37.3,225.4,0x20,405.003,14.4,375,-1,2.5,,
2026-09-03T23:56:07.000Z,M20-409-2-00781,1472514967,43.71236,4.58467,11698.3,5.5,14.7,138.4,-52.0,37.4,225.2,0x20,405.003,16.8,375,-1,2.5,,
2026-09-03T23:56:08.000Z,M20-409-2-00781,1472514968,43.71226,4.58478,11702.5,3.4,14.6,143.2,-52.0,37.5,225.1,0x20,405.003,16.8,375,-1,2.5,,
2026-09-03T23:56:09.000Z,M20-409-2-00781,1472514969,43.71216,4.58488,11706.7,5.1,13.8,147.3,-52.0,37.6,224.9,0x20,405.003,15.1,375,-1,2.5,,
2026-09-03T23:56:10.000Z,M20-409-2-00781,1472514970,43.71206,4.58497,11711.3,4.0,13.3,144.4,-52.1,37.7,224.8,0x20,405.003,14.7,375,-1,2.5,,
2026-09-03T23:56:11.000Z,M20-409-2-00781,1472514971,43.71196,4.58507,11715.7,5.1,14.1,143.3,-52.1,37.8,224.6,0x20,405.003,14.7,375,-1,2.5,,
2026-09-03T23:56:12.000Z,M20-409-2-00781,1472514972,43.71185,4.58518,11719.7,2.8,15.2,144.4,-52.1,37.9,224.5,0x20,405.003,16.2,375,-1,2.5,,
2026-09-03T23:56:13.000Z,M20-409-2-00781,1472514973,43.71174,4.58529,11723.5,4.6,15.7,142.4,-52.2,38.1,224.3,0x20,405.003,17.2,375,-1,2.5,,
2026-09-03T23:56:14.000Z,M20-409-2-00781,1472514974,43.71164,4.58541,11727.9,4.3,15.0,137.3,-52.2,38.1,224.2,0x20,405.003,17.2,375,-1,2.5,,
2026-09-03T23:56:15.000Z,M20-409-2-00781,1472514975,43.71154,4.58554,11732.1,4.5,15.1,137.0,-52.2,38.3,224.0,0x20,405.003,6.4,375,-1,2.5,,
2026-09-03T23:56:16.000Z,M20-409-2-00781,1472514976,43.71143,4.58566,11736.6,4.7,15.9,140.3,-52.3,38.3,223.9,0x20,405.003,3.3,375,-1,2.5,,
2026-09-03T23:56:17.000Z,M20-409-2-00781,1472514977,43.71132,4.58579,11741.1,4.4,15.5,143.4,-52.3,38.4,223.7,0x20,405.003,3.1,375,-1,2.5,,
2026-09-03T23:56:18.000Z,M20-409-2-00781,1472514978,43.71121,4.58590,11745.6,5.1,14.2,143.8,-52.3,38.5,223.6,0x20,405.003,10.5,375,-1,2.5,,
2026-09-03T23:56:19.000Z,M20-409-2-00781,1472514979,43.71111,4.58599,11749.8,3.6,13.4,147.3,-52.3,38.5,223.4,0x20,405.003,11.5,375,-1,2.5,,
2026-09-03T23:56:20.000Z,M20-409-2-00781,1472514980,43.71101,4.58608,11754.4,5.4,14.3,148.8,-52.4,38.6,223.3,0x20,405.003,11.6,375,-1,2.5,,
2026-09-03T23:56:21.000Z,M20-409-2-00781,1472514981,43.71089,4.58618,11758.5,3.4,15.1,150.0,-52.4,38.7,223.2,0x20,405.003,11.6,375,-1,2.5,,
2026-09-03T23:56:22.000Z,M20-409-2-00781,1472514982,43.71077,4.58628,11762.6,5.0,15.0,146.0,-52.4,38.7,223.0,0x20,405.003,11.9,375,-1,2.5,,
2026-09-03T23:56:23.000Z,M20-409-2-00781,1472514983,43.71067,4.58639,11767.3,5.0,14.9,142.7,-52.5,38.7,222.9,0x20,405.003,13.3,375,-1,2.5,,
2026-09-03T23:56:24.000Z,M20-409-2-00781,1472514984,43.71056,4.58650,11772.1,5.2,15.6,143.5,-52.5,38.7,222.7,0x20,405.003,13.3,375,-1,2.5,,
2026-09-03T23:56:25.000Z,M20-409-2-00781,1472514985,43.71044,4.58662,11776.6,4.4,16.1,145.6,-52.5,38.7,222.6,0x20,405.003,14.1,375,-1,2.5,,
2026-09-03T23:56:26.000Z,M20-409-2-00781,1472514986,43.71032,4.58673,11781.3,5.5,15.6,143.2,-52.6,38.8,222.4,0x20,405.003,14.1,375,-1,2.5,,
2026-09-03T23:56:29.000Z,M20-409-2-00781,1472514989,43.70998,4.58707,11794.8,4.4,16.1,148.2,-52.6,38.8,222.0,0x20,405.003,3.6,375,-1,2.5,,
2026-09-03T23:56:30.000Z,M20-409-2-00781,1472514990,43.70985,4.58717,11798.7,4.0,15.4,146.7,-52.7,38.8,221.8,0x20,405.003,3.6,375,-1,2.5,,
2026-09-03T23:56:31.000Z,M20-409-2-00781,1472514991,43.70974,4.58728,11802.7,5.1,14.9,145.4,-52.7,38.8,221.7,0x20,405.003,11.8,375,-1,2.5,,
2026-09-03T23:56:32.000Z,M20-409-2-00781,1472514992,43.70963,4.58738,11807.1,4.0,15.5,146.7,-52.7,38.8,221.5,0x20,405.003,13.3,375,-1,2.5,,
2026-09-03T23:56:33.000Z,M20-409-2-00781,1472514993,43.70951,4.58749,11811.2,4.6,16.1,144.9,-52.8,38.8,221.4,0x20,405.003,15.6,375,-1,2.5,,
2026-09-03T23:56:34.000Z,M20-409-2-00781,1472514994,43.70940,4.58761,11814.9,3.5,15.8,142.4,-52.8,38.8,221.2,0x20,405.003,16.8,375,-1,2.5,,
2026-09-03T23:56:35.000Z,M20-409-2-00781,1472514995,43.70928,4.58773,11819.1,5.5,16.5,143.7,-52.8,38.7,221.1,0x20,405.003,16.8,375,-1,2.5,,
2026-09-03T23:56:36.000Z,M20-409-2-00781,1472514996,43.70916,4.58785,11823.6,3.7,16.7,148.4,-52.9,38.7,220.9,0x20,405.003,15.8,375,-1,2.5,,
2026-09-03T23:56:37.000Z,M20-409-2-00781,1472514997,43.70903,4.58796,11827.8,5.1,16.3,148.7,-52.9,38.7,220.8,0x20,405.003,14.7,375,-1,2.5,,
2026-09-03T23:56:38.000Z,M20-409-2-00781,1472514998,43.70891,4.58806,11831.8,3.3,15.9,145.5,-52.9,38.6,220.7,0x20,405.003,14.7,375,-1,2.5,,
2026-09-03T23:56:39.000Z,M20-409-2-00781,1472514999,43.70879,4.58817,11836.0,5.8,15.6,147.7,-53.0,38.6,220.5,0x20,405.003,14.7,375,-1,2.5,,
2026-09-03T23:56:40.000Z,M20-409-2-00781,1472515000,43.70867,4.58827,11840.7,4.3,15.6,150.1,-53.0,38.6,220.3,0x20,405.003,12.5,375,-1,2.5,,
2026-09-03T23:56:41.000Z,M20-409-2-00781,1472515001,43.70855,4.58837,11845.2,5.7,15.8,147.9,-53.0,38.6,220.2,0x20,405.003,4.2,375,-1,2.5,,
2026-09-03T23:56:42.000Z,M20-409-2-00781,1472515002,43.70843,4.58848,11850.0,4.3,16.0,146.6,-53.1,38.6,220.0,0x20,405.003,3.3,375,-1,2.5,,
2026-09-03T23:56:44.000Z,M20-409-2-00781,1472515004,43.70818,4.58869,11858.6,4.8,16.2,149.5,-53.1,38.5,219.8,0x20,405.003,13.6,375,-1,2.5,,
2026-09-03T23:56:45.000Z,M20-409-2-00781,1472515005,43.70806,4.58880,11862.6,4.1,16.0,146.8,-53.2,38.5,219.6,0x20,405.003,14.0,375,-1,2.5,,
2026-09-03T23:56:46.000Z,M20-409-2-00781,1472515006,43.70794,4.58891,11866.5,4.0,16.0,146.0,-53.2,38.4,219.4,0x20,405.003,15.7,375,-1,2.5,,
2026-09-03T23:56:47.000Z,M20-409-2-00781,1472515007,43.70781,4.58902,11870.4,4.0,16.9,151.0,-53.2,38.4,219.3,0x20,405.003,17.8,375,-1,2.5,,
2026-09-03T23:56:48.000Z,M20-409-2-00781,1472515008,43.70768,4.58912,11873.9,3.3,16.8,151.9,-53.3,38.4,219.2,0x20,405.003,17.8,375,-1,2.5,,
2026-09-03T23:56:49.000Z,M20-409-2-00781,1472515009,43.70755,4.58922,11877.8,5.1,16.5,148.2,-53.3,38.4,219.0,0x20,405.003,16.9,375,-1,2.5,,
2026-09-03T23:56:50.000Z,M20-409-2-00781,1472515010,43.70743,4.58933,11882.3,4.1,16.4,145.8,-53.3,38.3,218.9,0x20,405.003,16.3,375,-1,2.5,,
2026-09-03T23:56:51.000Z,M20-409-2-00781,1472515011,43.70730,4.58945,11886.9,5.0,16.7,148.8,-53.3,38.3,218.7,0x20,405.003,15.6,375,-1,2.5,,
2026-09-03T23:56:52.000Z,M20-409-2-00781,1472515012,43.70717,4.58955,11891.2,4.1,16.8,149.3,-53.4,38.3,218.6,0x20,405.003,16.5,375,-1,2.5,,
2026-09-03T23:56:53.000Z,M20-409-2-00781,1472515013,43.70704,4.58967,11895.4,4.8,16.6,146.3,-53.4,38.3,218.4,0x20,405.003,16.5,375,-1,2.5,,
2026-09-03T23:56:54.000Z,M20-409-2-00781,1472515014,43.70692,4.58979,11899.5,3.9,17.0,145.2,-53.5,38.3,218.3,0x20,405.003,16.5,1125,-1,2.5,,
2026-09-03T23:56:55.000Z,M20-409-2-00781,1472515015,43.70679,4.58990,11903.5,4.5,17.6,148.3,-53.5,38.3,218.2,0x20,405.003,4.3,375,-1,2.5,,
2026-09-03T23:56:56.000Z,M20-409-2-00781,1472515016,43.70666,4.59002,11908.0,4.8,17.3,148.6,-53.5,38.2,218.0,0x20,405.003,6.1,375,-1,2.5,,
2026-09-03T23:56:57.000Z,M20-409-2-00781,1472515017,43.70653,4.59013,11912.2,4.3,16.8,147.7,-53.6,38.2,217.9,0x20,405.003,12.9,1125,-1,2.5,,
2026-09-03T23:56:58.000Z,M20-409-2-00781,1472515018,43.70640,4.59024,11916.4,5.0,16.2,148.1,-53.6,38.2,217.8,0x20,405.003,15.9,375,-1,2.5,,
2026-09-03T23:56:59.000Z,M20-409-2-00781,1472515019,43.70627,4.59034,11920.6,3.4,16.5,149.7,-53.6,38.2,217.6,0x20,405.003,17.7,375,-1,2.5,,
2026-09-03T23:57:00.000Z,M20-409-2-00781,1472515020,43.70615,4.59045,11924.3,4.5,16.5,149.9,-53.7,38.2,217.5,0x20,405.003,17.7,375,-1,2.5,,
2026-09-03T23:57:01.000Z,M20-409-2-00781,1472515021,43.70602,4.59055,11928.0,3.6,16.0,147.8,-53.7,38.2,217.3,0x20,405.003,18.3,375,-1,2.5,,
2026-09-03T23:57:02.000Z,M20-409-2-00781,1472515022,43.70589,4.59066,11931.4,3.8,16.2,148.1,-53.7,38.2,217.2,0x20,405.003,18.3,375,-1,2.5,,
2026-09-03T23:57:03.000Z,M20-409-2-00781,1472515023,43.70577,4.59077,11935.5,4.8,17.3,150.2,-53.8,38.2,217.1,0x20,405.003,17.8,375,-1,2.5,,
2026-09-03T23:57:04.000Z,M20-409-2-00781,1472515024,43.70562,4.59087,11939.4,3.7,18.3,151.1,-53.8,38.2,216.9,0x20,405.003,17.1,375,-1,2.5,,
2026-09-03T23:57:05.000Z,M20-409-2-00781,1472515025,43.70548,4.59099,11943.5,5.1,18.0,148.3,-53.8,38.2,216.8,0x20,405.003,16.9,375,-1,2.5,,
2026-09-03T23:57:06.000Z,M20-409-2-00781,1472515026,43.70535,4.59110,11948.1,4.5,17.2,146.2,-53.9,38.3,216.6,0x20,405.003,16.9,375,-1,2.5,,
2026-09-03T23:57:07.000Z,M20-409-2-00781,1472515027,43.70522,4.59122,11952.6,4.4,17.4,148.6,-53.9,38.3,216.5,0x20,405.003,7.8,375,-1,2.5,,
2026-09-03T23:57:08.000Z,M20-409-2-00781,1472515028,43.70509,4.59133,11957.0,4.6,16.7,150.8,-53.9,38.3,216.4,0x20,405.003,7.8,1125,-1,2.5,,
2026-09-03T23:57:09.000Z,M20-409-2-00781,1472515029,43.70496,4.59143,11961.2,4.4,15.0,148.6,-54.0,38.3,216.2,0x20,405.003,3.9,1125,-1,2.5,,
2026-09-03T23:57:10.000Z,M20-409-2-00781,1472515030,43.70485,4.59153,11965.1,4.3,15.4,147.8,-54.0,38.3,216.1,0x20,405.003,14.0,375,-1,2.5,,
2026-09-03T23:57:11.000Z,M20-409-2-00781,1472515031,43.70472,4.59163,11969.5,4.4,16.5,149.3,-54.0,38.3,215.9,0x20,405.003,14.7,1125,-1,2.5,,
2026-09-03T23:57:12.000Z,M20-409-2-00781,1472515032,43.70459,4.59174,11974.0,4.8,17.5,149.8,-54.1,38.3,215.8,0x20,405.003,16.3,375,-1,2.5,,
2026-09-03T23:57:13.000Z,M20-409-2-00781,1472515033,43.70446,4.59185,11977.7,3.2,17.0,149.0,-54.1,38.4,215.7,0x20,405.003,16.8,375,-1,2.5,,
2026-09-03T23:57:14.000Z,M20-409-2-00781,1472515034,43.70432,4.59195,11981.4,4.4,17.2,150.4,-54.1,38.4,215.5,0x20,405.003,17.0,375,-1,2.5,,
2026-09-03T23:57:15.000Z,M20-409-2-00781,1472515035,43.70418,4.59206,11986.0,5.1,18.0,153.6,-54.2,38.4,215.4,0x20,405.003,17.2,375,-1,2.5,,
2026-09-03T23:57:16.000Z,M20-409-2-00781,1472515036,43.70403,4.59216,11990.3,3.9,18.4,155.2,-54.2,38.4,215.2,0x20,405.003,17.2,375,-1,2.5,,
2026-09-03T23:57:17.000Z,M20-409-2-00781,1472515037,43.70389,4.59225,11994.4,5.0,17.6,153.1,-54.2,38.4,215.1,0x20,405.003,13.9,375,-1,2.5,,
2026-09-03T23:57:18.000Z,M20-409-2-00781,1472515038,43.70376,4.59235,11998.5,3.8,15.7,148.6,-54.2,38.4,215.0,0x20,405.003,17.7,375,-1,2.5,,
2026-09-03T23:57:19.000Z,M20-409-2-00781,1472515039,43.70364,4.59246,12001.9,3.9,14.9,146.6,-54.2,38.4,214.9,0x20,405.003,17.7,375,-1,2.5,,
2026-09-03T23:57:20.000Z,M20-409-2-00781,1472515040,43.70352,4.59256,12005.6,4.2,15.9,149.4,-54.3,38.4,214.7,0x20,405.003,7.6,375,-1,2.5,,
2026-09-03T23:57:21.000Z,M20-409-2-00781,1472515041,43.70339,4.59266,12009.4,4.0,16.9,150.8,-54.3,38.4,214.6,0x20,405.003,4.4,375,-1,2.5,,
2026-09-03T23:57:22.000Z,M20-409-2-00781,1472515042,43.70326,4.59277,12013.5,4.7,17.3,149.0,-54.3,38.4,214.4,0x20,405.003,4.1,375,-1,2.5,,
2026-09-03T23:57:23.000Z,M20-409-2-00781,1472515043,43.70312,4.59288,12017.8,4.1,17.5,148.6,-54.4,38.4,214.3,0x20,405.003,12.8,1125,-1,2.5,,
2026-09-03T23:57:24.000Z,M20-409-2-00781,1472515044,43.70299,4.59299,12021.8,4.3,17.5,150.4,-54.4,38.4,214.2,0x20,405.003,12.8,1125,-1,2.5,,
2026-09-03T23:57:25.000Z,M20-409-2-00781,1472515045,43.70285,4.59309,12026.1,5.0,17.3,152.7,-54.4,38.4,214.0,0x20,405.003,15.5,1125,-1,2.5,,
2026-09-03T23:57:26.000Z,M20-409-2-00781,1472515046,43.70271,4.59319,12030.4,4.1,16.7,149.4,-54.4,38.4,213.9,0x20,405.003,15.5,375,-1,2.5,,
2026-09-03T23:57:28.000Z,M20-409-2-00781,1472515048,43.70245,4.59340,12038.7,4.0,16.8,152.5,-54.5,38.3,213.6,0x20,405.003,15.0,375,-1,2.5,,
2026-09-03T23:57:29.000Z,M20-409-2-00781,1472515049,43.70232,4.59349,12042.0,3.6,17.4,152.2,-54.5,38.3,213.5,0x20,405.003,16.4,375,-1,2.5,,
2026-09-03T23:57:30.000Z,M20-409-2-00781,1472515050,43.70218,4.59360,12045.7,4.3,17.2,149.1,-54.5,38.3,213.4,0x20,405.003,16.4,375,-1,2.5,,
2026-09-03T23:57:32.000Z,M20-409-2-00781,1472515052,43.70191,4.59382,12054.2,4.5,17.4,151.1,-54.6,38.3,213.1,0x20,405.003,16.3,375,-1,2.5,,
2026-09-03T23:57:33.000Z,M20-409-2-00781,1472515053,43.70178,4.59392,12057.7,2.8,17.4,153.0,-54.6,38.2,212.9,0x20,405.003,6.6,375,-1,2.5,,
2026-09-03T23:57:34.000Z,M20-409-2-00781,1472515054,43.70164,4.59402,12061.2,4.8,16.5,150.3,-54.7,38.2,212.8,0x20,405.003,3.9,375,-1,2.5,,
2026-09-03T23:57:35.000Z,M20-409-2-00781,1472515055,43.70152,4.59412,12065.3,3.7,15.9,148.0,-54.7,38.2,212.7,0x20,405.003,3.8,375,-1,2.5,,
2026-09-03T23:57:36.000Z,M20-409-2-00781,1472515056,43.70139,4.59422,12069.8,5.3,16.4,149.6,-54.7,38.2,212.5,0x20,405.003,11.3,375,-1,2.5,,
2026-09-03T23:57:39.000Z,M20-409-2-00781,1472515059,43.70098,4.59453,12082.1,2.9,17.9,150.1,-54.8,38.2,212.1,0x20,405.003,13.7,1125,-1,2.5,,
2026-09-03T23:57:40.000Z,M20-409-2-00781,1472515060,43.70084,4.59464,12085.5,4.5,17.9,153.3,-54.8,38.2,212.0,0x20,405.003,13.7,1125,-1,2.5,,
2026-09-03T23:57:42.000Z,M20-409-2-00781,1472515062,43.70056,4.59481,12093.5,3.9,17.1,156.0,-54.9,38.2,211.7,0x20,405.003,15.8,0,-1,2.5,,
2026-09-03T23:57:43.000Z,M20-409-2-00781,1472515063,43.70042,4.59491,12097.9,4.7,16.7,151.1,-54.9,38.2,211.6,0x20,405.003,15.8,-375,-1,2.5,,
2026-09-03T23:57:44.000Z,M20-409-2-00781,1472515064,43.70029,4.59502,12102.0,3.5,17.4,146.6,-54.9,38.2,211.5,0x20,405.003,15.6,-375,-1,2.5,,
2026-09-03T23:57:45.000Z,M20-409-2-00781,1472515065,43.70016,4.59513,12106.2,5.3,17.6,150.9,-55.0,38.2,211.3,0x20,405.003,15.3,-375,-1,2.5,,
2026-09-03T23:57:46.000Z,M20-409-2-00781,1472515066,43.70002,4.59523,12110.5,3.7,17.8,153.2,-55.0,38.3,211.2,0x20,405.003,4.5,-375,-1,2.5,,
2026-09-03T23:57:47.000Z,M20-409-2-00781,1472515067,43.69988,4.59533,12114.7,5.0,17.3,153.4,-55.0,38.3,211.1,0x20,405.003,3.7,-375,-1,2.5,,
2026-09-03T23:57:48.000Z,M20-409-2-00781,1472515068,43.69974,4.59542,12118.7,3.5,16.4,152.2,-55.1,38.3,210.9,0x20,405.003,3.7,-375,-1,2.5,,
2026-09-03T23:57:49.000Z,M20-409-2-00781,1472515069,43.69961,4.59552,12122.1,3.5,16.1,151.1,-55.1,38.3,210.8,0x20,405.003,12.7,-375,-1,2.5,,
2026-09-03T23:57:50.000Z,M20-409-2-00781,1472515070,43.69948,4.59561,12125.9,4.4,16.7,157.3,-55.1,38.3,210.7,0x20,405.003,12.7,1125,-1,2.5,,
2026-09-03T23:57:51.000Z,M20-409-2-00781,1472515071,43.69934,4.59569,12129.8,4.3,17.5,156.9,-55.2,38.4,210.6,0x20,405.003,12.8,-375,-1,2.5,,
2026-09-03T23:57:52.000Z,M20-409-2-00781,1472515072,43.69920,4.59577,12133.8,4.2,17.3,154.2,-55.2,38.4,210.4,0x20,405.003,16.1,-375,-1,2.5,,
2026-09-03T23:57:53.000Z,M20-409-2-00781,1472515073,43.69906,4.59587,12138.3,5.0,17.0,151.9,-55.2,38.4,210.3,0x20,405.003,17.0,-375,-1,2.5,,
2026-09-03T23:57:54.000Z,M20-409-2-00781,1472515074,43.69892,4.59596,12142.2,4.0,17.7,154.9,-55.2,38.4,210.2,0x20,405.003,17.8,-375,-1,2.5,,
2026-09-03T23:57:55.000Z,M20-409-2-00781,1472515075,43.69878,4.59605,12145.4,3.2,17.9,156.2,-55.3,38.4,210.0,0x20,405.003,19.8,-375,-1,2.5,,
2026-09-03T23:57:56.000Z,M20-409-2-00781,1472515076,43.69863,4.59614,12148.9,4.6,17.5,155.5,-55.3,38.4,209.9,0x20,405.003,19.8,-375,-1,2.5,,
2026-09-03T23:57:57.000Z,M20-409-2-00781,1472515077,43.69849,4.59624,12153.0,3.8,16.9,149.2,-55.4,38.5,209.8,0x20,405.003,16.6,-375,-1,2.5,,
2026-09-03T23:57:58.000Z,M20-409-2-00781,1472515078,43.69836,4.59635,12156.8,4.1,16.9,148.0,-55.4,38.5,209.7,0x20,405.003,14.6,-375,-1,2.5,,
2026-09-03T23:57:59.000Z,M20-409-2-00781,1472515079,43.69823,4.59645,12160.7,4.3,17.7,151.7,-55.4,38.5,209.5,0x20,405.003,4.8,-375,-1,2.5,,
2026-09-03T23:58:01.000Z,M20-409-2-00781,1472515081,43.69794,4.59665,12169.1,4.8,17.8,153.7,-55.5,38.6,209.3,0x20,405.003,3.3,-375,-1,2.5,,
2026-09-03T23:58:04.000Z,M20-409-2-00781,1472515084,43.69751,4.59692,12180.9,3.0,18.3,159.5,-55.6,38.6,208.9,0x20,405.003,12.7,-375,-1,2.5,,
2026-09-03T23:58:05.000Z,M20-409-2-00781,1472515085,43.69736,4.59700,12184.9,5.0,18.0,156.6,-55.6,38.6,208.7,0x20,405.003,15.3,-375,-1,2.5,,
2026-09-03T23:58:06.000Z,M20-409-2-00781,1472515086,43.69721,4.59709,12188.8,3.1,17.6,152.0,-55.6,38.6,208.6,0x20,405.003,16.1,0,-1,2.5,,
2026-09-03T23:58:07.000Z,M20-409-2-00781,1472515087,43.69707,4.59720,12192.8,4.9,18.4,154.3,-55.6,38.6,208.4,0x20,405.003,16.1,0,-1,2.5,,
2026-09-03T23:58:08.000Z,M20-409-2-00781,1472515088,43.69692,4.59729,12197.2,3.9,19.0,154.7,-55.7,38.7,208.3,0x20,405.003,14.0,1125,-1,2.5,,
2026-09-03T23:58:09.000Z,M20-409-2-00781,1472515089,43.69677,4.59740,12201.4,4.7,18.9,152.4,-55.7,38.7,208.2,0x20,405.003,17.9,-375,-1,2.5,,
2026-09-03T23:58:10.000Z,M20-409-2-00781,1472515090,43.69662,4.59750,12205.6,4.0,18.2,151.8,-55.7,38.7,208.1,0x20,405.003,18.6,-375,-1,2.5,,
2026-09-03T23:58:11.000Z,M20-409-2-00781,1472515091,43.69647,4.59760,12209.4,4.9,17.8,155.3,-55.7,38.7,207.9,0x20,405.003,18.6,-375,-1,2.5,,
2026-09-03T23:58:12.000Z,M20-409-2-00781,1472515092,43.69633,4.59769,12213.3,3.4,17.8,157.8,-55.7,38.7,207.8,0x20,405.003,18.6,1125,-1,2.5,,
2026-09-03T23:58:13.000Z,M20-409-2-00781,1472515093,43.69618,4.59777,12217.7,5.5,17.6,157.8,-55.8,38.7,207.6,0x20,405.003,4.3,-375,-1,2.4,,
2026-09-03T23:58:14.000Z,M20-409-2-00781,1472515094,43.69604,4.59786,12222.0,3.3,17.8,155.6,-55.8,38.7,207.5,0x20,405.003,4.2,-375,-1,2.5,,
2026-09-03T23:58:16.000Z,M20-409-2-00781,1472515096,43.69573,4.59803,12229.0,3.0,19.5,158.9,-55.8,38.7,207.3,0x20,405.003,13.8,1125,-1,2.5,,
2026-09-03T23:58:17.000Z,M20-409-2-00781,1472515097,43.69556,4.59813,12232.2,4.5,19.9,155.4,-55.9,38.7,207.2,0x20,405.003,14.1,-375,-1,2.5,,
2026-09-03T23:58:18.000Z,M20-409-2-00781,1472515098,43.69541,4.59823,12236.3,3.9,19.5,152.4,-55.9,38.6,207.0,0x20,405.003,14.8,-375,-1,2.5,,
2026-09-03T23:58:19.000Z,M20-409-2-00781,1472515099,43.69525,4.59834,12240.9,5.4,19.5,153.9,-55.9,38.6,206.9,0x20,405.003,16.9,0,-1,2.5,,
2026-09-03T23:58:20.000Z,M20-409-2-00781,1472515100,43.69509,4.59844,12244.9,3.0,19.1,157.5,-55.9,38.6,206.7,0x20,405.003,18.4,-375,-1,2.4,,
2026-09-03T23:58:21.000Z,M20-409-2-00781,1472515101,43.69494,4.59853,12248.1,3.0,18.8,159.6,-55.9,38.6,206.6,0x20,405.003,18.4,-375,-1,2.5,,
2026-09-03T23:58:22.000Z,M20-409-2-00781,1472515102,43.69478,4.59861,12251.6,3.8,17.9,156.6,-56.0,38.5,206.5,0x20,405.003,18.6,-375,-1,2.5,,
2026-09-03T23:58:23.000Z,M20-409-2-00781,1472515103,43.69464,4.59870,12255.4,3.9,17.3,154.2,-56.0,38.5,206.3,0x20,405.003,18.9,-375,-1,2.4,,
2026-09-03T23:58:24.000Z,M20-409-2-00781,1472515104,43.69450,4.59879,12259.4,4.0,17.3,155.9,-56.0,38.5,206.2,0x20,405.003,18.9,1125,-1,2.5,,
2026-09-03T23:58:26.000Z,M20-409-2-00781,1472515106,43.69419,4.59896,12268.1,4.3,19.1,161.6,-56.0,38.4,206.0,0x20,405.003,6.1,1125,-1,2.5,,
2026-09-03T23:58:28.000Z,M20-409-2-00781,1472515108,43.69387,4.59913,12276.5,4.4,20.0,155.1,-56.1,38.3,205.7,0x20,405.003,10.3,1125,-1,2.4,,
2026-09-03T23:58:44.000Z,M20-409-2-00781,1472515124,43.69137,4.60067,12338.8,4.7,18.8,153.0,-56.5,37.8,203.7,0x20,405.003,15.3,-375,-1,2.4,,
2026-09-03T23:58:45.000Z,M20-409-2-00781,1472515125,43.69122,4.60078,12342.5,3.1,19.4,151.5,-56.6,37.8,203.6,0x20,405.003,16.7,-375,-1,2.4,,
2026-09-03T23:58:50.000Z,M20-409-2-00781,1472515130,43.69041,4.60129,12362.8,4.3,18.4,155.7,-56.7,37.6,202.9,0x20,405.003,15.0,-375,-1,2.4,,
2026-09-03T23:59:02.000Z,M20-409-2-00781,1472515142,43.68854,4.60242,12410.6,3.8,18.0,157.0,-57.0,37.3,201.4,0x20,405.003,18.0,-375,-1,2.4,,
2026-09-03T23:59:03.000Z,M20-409-2-00781,1472515143,43.68838,4.60250,12414.6,4.4,18.3,160.3,-57.1,37.2,201.3,0x20,405.003,18.5,-375,-1,2.4,,
2026-09-03T23:59:04.000Z,M20-409-2-00781,1472515144,43.68822,4.60258,12418.5,3.7,18.7,162.1,-57.1,37.2,201.2,0x20,405.003,18.5,-375,-1,2.4,,
2026-09-03T23:59:05.000Z,M20-409-2-00781,1472515145,43.68806,4.60266,12423.0,5.5,19.7,157.6,-57.1,37.2,201.0,0x20,405.003,3.9,-375,-1,2.4,,
2026-09-03T23:59:06.000Z,M20-409-2-00781,1472515146,43.68790,4.60276,12427.3,3.2,20.0,153.8,-57.1,37.2,200.9,0x20,405.003,3.7,-375,-1,2.4,,
2026-09-03T23:59:07.000Z,M20-409-2-00781,1472515147,43.68774,4.60287,12430.9,4.5,20.4,155.4,-57.2,37.2,200.8,0x20,405.003,6.3,1125,-1,2.4,,
2026-09-03T23:59:17.000Z,M20-409-2-00781,1472515157,43.68609,4.60382,12470.1,4.7,20.6,154.9,-57.5,37.0,199.5,0x20,405.003,16.7,-375,-1,2.4,,
2026-09-03T23:59:37.000Z,M20-409-2-00781,1472515177,43.68271,4.60563,12552.0,4.8,21.3,161.8,-58.0,36.7,196.9,0x20,405.003,15.7,-375,-1,2.4,,
2026-09-03T23:59:38.000Z,M20-409-2-00781,1472515178,43.68253,4.60572,12556.1,3.7,21.3,158.8,-58.0,36.7,196.8,0x20,405.003,15.2,-375,-1,2.4,,
2026-09-03T23:59:39.000Z,M20-409-2-00781,1472515179,43.68235,4.60581,12560.6,5.4,21.2,158.9,-58.0,36.7,196.7,0x20,405.003,15.2,-375,-1,2.4,,
2026-09-04T00:00:40.000Z,M20-409-2-00781,1472515240,43.67129,4.61206,12798.7,2.6,22.5,157.4,-59.8,36.2,189.3,0x20,405.003,11.5,-375,-1,2.4,,
2026-09-04T00:01:03.000Z,M20-409-2-00781,1472515263,43.66706,4.61453,12892.4,4.3,23.7,151.7,-60.3,37.1,186.5,0x20,405.003,2.8,-375,-1,2.4,,
2026-09-04T00:03:39.000Z,M20-409-2-00781,1472515419,43.63778,4.63196,13511.0,4.1,21.8,153.8,-64.1,36.7,168.7,0x20,405.003,4.2,-1125,-1,2.3,,
2026-09-04T00:03:41.000Z,M20-409-2-00781,1472515421,43.63744,4.63218,13520.7,4.7,19.8,154.9,-64.1,36.7,168.4,0x20,405.003,9.5,-1125,-1,2.3,,
2026-09-04T00:03:51.000Z,M20-409-2-00781,1472515431,43.63574,4.63332,13559.9,2.8,18.8,157.1,-64.4,36.4,167.3,0x20,405.003,12.7,-1125,-1,2.3,,
2026-09-04T00:03:52.000Z,M20-409-2-00781,1472515432,43.63558,4.63342,13563.1,3.7,19.1,155.4,-64.4,36.4,167.2,0x20,405.003,3.5,-1125,-1,2.3,,
2026-09-04T00:03:53.000Z,M20-409-2-00781,1472515433,43.63542,4.63352,13567.4,5.2,21.1,156.4,-64.4,36.4,167.1,0x20,405.003,3.5,750,-1,2.3,,
2026-09-04T00:03:57.000Z,M20-409-2-00781,1472515437,43.63473,4.63393,13582.0,3.9,19.2,157.5,-64.5,36.3,166.7,0x20,405.003,18.0,-1125,-1,2.3,,
2026-09-04T00:03:58.000Z,M20-409-2-00781,1472515438,43.63456,4.63402,13585.8,3.7,20.1,158.5,-64.6,36.2,166.6,0x20,405.003,18.0,-1125,-1,2.3,,
2026-09-04T00:03:59.000Z,M20-409-2-00781,1472515439,43.63438,4.63411,13589.7,4.2,21.6,160.6,-64.6,36.2,166.5,0x20,405.003,16.5,-1125,-1,2.3,,
2026-09-04T00:04:00.000Z,M20-409-2-00781,1472515440,43.63420,4.63421,13593.1,3.2,22.0,157.9,-64.6,36.2,166.4,0x20,405.003,16.3,-1125,-1,2.3,,
2026-09-04T00:04:01.000Z,M20-409-2-00781,1472515441,43.63402,4.63432,13597.3,5.3,21.0,153.3,-64.7,36.1,166.3,0x20,405.003,15.5,-1125,-1,2.3,,
2026-09-04T00:04:02.000Z,M20-409-2-00781,1472515442,43.63386,4.63443,13601.3,2.9,19.7,152.8,-64.7,36.2,166.2,0x20,405.003,14.5,-1125,-1,2.3,,
2026-09-04T00:04:03.000Z,M20-409-2-00781,1472515443,43.63370,4.63454,13605.5,5.4,20.1,154.0,-64.8,36.1,166.0,0x20,405.003,14.7,-1125,-1,2.3,,
2026-09-04T00:04:04.000Z,M20-409-2-00781,1472515444,43.63354,4.63465,13609.8,3.4,20.5,155.5,-64.8,36.1,165.9,0x20,405.003,14.7,750,-1,2.3,,
2026-09-04T00:04:05.000Z,M20-409-2-00781,1472515445,43.63337,4.63475,13614.4,5.5,20.3,156.5,-64.8,36.1,165.8,0x20,405.003,14.7,750,-1,2.3,,
2026-09-04T00:04:06.000Z,M20-409-2-00781,1472515446,43.63320,4.63485,13618.5,2.7,19.8,156.8,-64.9,36.1,165.7,0x20,405.003,3.4,-1125,-1,2.3,,
2026-09-04T00:04:07.000Z,M20-409-2-00781,1472515447,43.63303,4.63495,13622.8,5.8,20.6,159.1,-64.9,36.1,165.6,0x20,405.003,7.3,-1125,-1,2.3,,
2026-09-04T00:04:08.000Z,M20-409-2-00781,1472515448,43.63286,4.63504,13626.8,3.0,21.4,160.3,-64.9,36.1,165.5,0x20,405.003,11.0,-1125,-1,2.3,,
2026-09-04T00:04:10.000Z,M20-409-2-00781,1472515450,43.63251,4.63522,13635.4,3.6,19.8,156.8,-65.0,36.0,165.2,0x20,405.003,15.7,-1125,-1,2.3,,
2026-09-04T00:04:11.000Z,M20-409-2-00781,1472515451,43.63234,4.63532,13639.8,5.3,20.7,155.1,-65.0,36.0,165.1,0x20,405.003,15.7,-1125,-1,2.3,,
2026-09-04T00:04:17.000Z,M20-409-2-00781,1472515457,43.63131,4.63591,13664.9,5.6,20.9,159.2,-65.1,35.9,164.5,0x20,405.003,5.2,-1125,-1,2.3,,
2026-09-04T00:04:18.000Z,M20-409-2-00781,1472515458,43.63114,4.63600,13669.0,3.3,20.1,157.8,-65.2,35.9,164.4,0x20,405.003,3.2,-1125,-1,2.3,,
2026-09-04T00:04:19.000Z,M20-409-2-00781,1472515459,43.63097,4.63611,13672.9,4.7,20.9,155.3,-65.2,35.8,164.3,0x20,405.003,3.2,-1125,-1,2.3,,
2026-09-04T00:04:20.000Z,M20-409-2-00781,1472515460,43.63079,4.63622,13676.9,3.6,21.7,154.5,-65.2,35.8,164.1,0x20,405.003,13.9,-1125,-1,2.3,,
2026-09-04T00:04:21.000Z,M20-409-2-00781,1472515461,43.63062,4.63633,13681.0,4.3,21.5,154.3,-65.2,35.8,164.0,0x20,405.003,14.9,-1125,-1,2.3,,
2026-09-04T00:04:22.000Z,M20-409-2-00781,1472515462,43.63045,4.63644,13685.6,5.2,19.7,154.5,-65.2,35.8,163.9,0x20,405.003,17.1,-1125,-1,2.3,,
2026-09-04T00:04:23.000Z,M20-409-2-00781,1472515463,43.63030,4.63655,13689.5,3.1,18.7,153.7,-65.2,35.8,163.8,0x20,405.003,17.1,-1125,-1,2.3,,
2026-09-04T00:04:24.000Z,M20-409-2-00781,1472515464,43.63014,4.63665,13693.1,4.1,19.7,155.0,-65.2,35.8,163.7,0x20,405.003,16.1,-1125,-1,2.3,,
2026-09-04T00:04:25.000Z,M20-409-2-00781,1472515465,43.62998,4.63675,13696.8,3.3,20.7,155.5,-65.2,35.8,163.6,0x20,405.003,18.2,-1125,-1,2.3,,
2026-09-04T00:04:26.000Z,M20-409-2-00781,1472515466,43.62981,4.63686,13700.5,4.4,21.0,154.2,-65.2,35.8,163.5,0x20,405.003,18.2,-1125,-1,2.3,,
2026-09-04T00:04:27.000Z,M20-409-2-00781,1472515467,43.62964,4.63697,13704.6,3.8,21.0,153.5,-65.3,35.7,163.4,0x20,405.003,16.1,-1125,-1,2.3,,
2026-09-04T00:04:36.000Z,M20-409-2-00781,1472515476,43.62814,4.63795,13740.5,3.7,20.5,153.0,-65.3,35.6,162.4,0x20,405.003,14.1,-1125,-1,2.3,,
2026-09-04T00:04:39.000Z,M20-409-2-00781,1472515479,43.62762,4.63830,13752.8,4.1,22.0,157.1,-65.3,35.6,162.1,0x20,405.003,15.6,-1125,-1,2.3,,
2026-09-04T00:04:40.000Z,M20-409-2-00781,1472515480,43.62744,4.63840,13757.0,4.5,21.0,154.9,-65.3,35.6,162.0,0x20,405.003,13.8,-1125,-1,2.3,,
2026-09-04T00:04:41.000Z,M20-409-2-00781,1472515481,43.62727,4.63851,13760.9,3.5,20.1,153.8,-65.3,35.5,161.9,0x20,405.003,14.5,-1125,-1,2.3,,
2026-09-04T00:04:42.000Z,M20-409-2-00781,1472515482,43.62712,4.63861,13765.2,5.0,19.1,157.0,-65.3,35.5,161.8,0x20,405.003,17.9,-1125,-1,2.3,,
2026-09-04T00:04:43.000Z,M20-409-2-00781,1472515483,43.62696,4.63870,13769.2,3.3,19.4,159.6,-65.3,35.4,161.7,0x20,405.003,17.9,-1125,-1,2.3,,
2026-09-04T00:04:44.000Z,M20-409-2-00781,1472515484,43.62679,4.63879,13773.3,4.9,20.0,159.2,-65.3,35.4,161.6,0x20,405.003,3.4,-1125,-1,2.3,,
2026-09-04T00:04:45.000Z,M20-409-2-00781,1472515485,43.62662,4.63888,13777.6,4.1,20.4,157.4,-65.3,35.4,161.5,0x20,405.003,3.4,-1125,-1,2.3,,
2026-09-04T00:04:46.000Z,M20-409-2-00781,1472515486,43.62645,4.63897,13781.8,4.8,21.4,159.2,-65.3,35.3,161.4,0x20,405.003,10.3,-1125,-1,2.3,,
2026-09-04T00:04:47.000Z,M20-409-2-00781,1472515487,43.62626,4.63906,13785.5,3.0,22.1,161.5,-65.3,35.3,161.3,0x20,405.003,13.1,-1125,-1,2.3,,
2026-09-04T00:04:48.000Z,M20-409-2-00781,1472515488,43.62608,4.63915,13789.0,5.0,21.2,161.2,-65.3,35.3,161.2,0x20,405.003,16.4,-1125,-1,2.3,,
2026-09-04T00:04:49.000Z,M20-409-2-00781,1472515489,43.62591,4.63924,13793.1,3.9,19.9,157.9,-65.3,35.2,161.1,0x20,405.003,16.4,-1125,-1,2.3,,
2026-09-04T00:04:50.000Z,M20-409-2-00781,1472515490,43.62574,4.63933,13797.5,5.2,19.5,159.7,-65.3,35.2,161.0,0x20,405.003,15.9,-1125,-1,2.3,,
2026-09-04T00:04:51.000Z,M20-409-2-00781,1472515491,43.62557,4.63941,13801.5,3.5,20.0,162.5,-65.3,35.1,160.9,0x20,405.003,14.8,-1125,-1,2.3,,
2026-09-04T00:04:52.000Z,M20-409-2-00781,1472515492,43.62541,4.63949,13805.6,4.9,19.5,158.4,-65.2,35.1,160.7,0x20,405.003,14.8,-1125,-1,2.3,,
2026-09-04T00:04:53.000Z,M20-409-2-00781,1472515493,43.62524,4.63958,13809.8,3.8,19.8,156.1,-65.2,35.0,160.6,0x20,405.003,16.1,-1125,-1,2.3,,
2026-09-04T00:04:54.000Z,M20-409-2-00781,1472515494,43.62508,4.63969,13813.7,4.4,20.7,155.4,-65.2,35.0,160.5,0x20,405.003,16.6,-1125,-1,2.3,,
2026-09-04T00:04:55.000Z,M20-409-2-00781,1472515495,43.62490,4.63979,13817.2,2.8,21.4,160.4,-65.3,35.0,160.4,0x20,405.003,16.6,-1125,-1,2.3,,
2026-09-04T00:04:56.000Z,M20-409-2-00781,1472515496,43.62472,4.63987,13821.0,5.2,21.2,162.1,-65.3,35.0,160.3,0x20,405.003,5.1,-1125,-1,2.3,,
2026-09-04T00:04:57.000Z,M20-409-2-00781,1472515497,43.62455,4.63995,13825.1,3.7,19.9,159.6,-65.3,34.9,160.2,0x20,405.003,5.1,0,-1,2.3,,
2026-09-04T00:04:58.000Z,M20-409-2-00781,1472515498,43.62439,4.64004,13828.6,3.7,18.4,159.0,-65.3,34.8,160.1,0x20,405.003,3.7,-1125,-1,2.3,,
2026-09-04T00:04:59.000Z,M20-409-2-00781,1472515499,43.62423,4.64011,13832.4,4.4,18.4,161.0,-65.3,34.8,160.0,0x20,405.003,16.5,-1125,-1,2.3,,
2026-09-04T00:05:00.000Z,M20-409-2-00781,1472515500,43.62407,4.64019,13836.4,3.8,19.2,160.7,-65.3,34.8,159.9,0x20,405.003,16.9,-1125,-1,2.3,,
2026-09-04T00:05:01.000Z,M20-409-2-00781,1472515501,43.62391,4.64028,13840.5,4.9,20.3,157.3,-65.3,34.8,159.8,0x20,405.003,16.9,-1125,-1,2.3,,
2026-09-04T00:05:02.000Z,M20-409-2-00781,1472515502,43.62374,4.64038,13844.2,2.8,20.9,155.3,-65.3,34.6,159.7,0x20,405.003,14.9,-1125,-1,2.3,,
2026-09-04T00:05:03.000Z,M20-409-2-00781,1472515503,43.62356,4.64049,13847.9,5.0,21.9,158.4,-65.3,34.6,159.6,0x20,405.003,14.4,-1125,-1,2.3,,
2026-09-04T00:05:04.000Z,M20-409-2-00781,1472515504,43.62338,4.64058,13851.6,3.5,21.3,160.2,-65.3,34.6,159.5,0x20,405.003,15.3,-1125,-1,2.3,,
2026-09-04T00:05:05.000Z,M20-409-2-00781,1472515505,43.62320,4.64067,13855.7,4.7,20.2,160.1,-65.3,34.5,159.4,0x20,405.003,17.3,-1125,-1,2.3,,
2026-09-04T00:05:06.000Z,M20-409-2-00781,1472515506,43.62303,4.64076,13859.4,3.0,19.8,158.3,-65.3,34.5,159.3,0x20,405.003,17.3,-1125,-1,2.3,,
2026-09-04T00:05:07.000Z,M20-409-2-00781,1472515507,43.62287,4.64084,13862.8,4.3,19.8,160.0,-65.3,34.5,159.2,0x20,405.003,17.8,-1125,-1,2.3,,
2026-09-04T00:05:08.000Z,M20-409-2-00781,1472515508,43.62270,4.64092,13867.0,4.3,19.6,162.6,-65.3,34.4,159.1,0x20,405.003,17.8,-1125,-1,2.3,,
2026-09-04T00:05:09.000Z,M20-409-2-00781,1472515509,43.62253,4.64099,13870.9,3.8,19.2,162.6,-65.3,34.4,159.0,0x20,405.003,7.8,-1125,-1,2.3,,
2026-09-04T00:05:10.000Z,M20-409-2-00781,1472515510,43.62237,4.64107,13875.2,5.0,19.0,159.3,-65.3,34.4,158.9,0x20,405.003,4.2,-1125,-1,2.3,,
2026-09-04T00:05:11.000Z,M20-409-2-00781,1472515511,43.62221,4.64116,13879.8,4.4,19.2,155.8,-65.3,34.3,158.8,0x20,405.003,4.2,-1125,-1,2.3,,
2026-09-04T00:05:12.000Z,M20-409-2-00781,1472515512,43.62205,4.64126,13883.5,3.7,20.4,157.2,-65.4,34.3,158.7,0x20,405.003,10.2,-1125,-1,2.3,,
2026-09-04T00:05:13.000Z,M20-409-2-00781,1472515513,43.62187,4.64135,13887.2,3.5,21.3,160.7,-65.4,34.2,158.6,0x20,405.003,14.2,-1125,-1,2.3,,
2026-09-04T00:05:14.000Z,M20-409-2-00781,1472515514,43.62169,4.64143,13890.6,3.8,21.2,162.7,-65.4,34.2,158.5,0x20,405.003,14.2,-1125,-1,2.3,,
2026-09-04T00:05:15.000Z,M20-409-2-00781,1472515515,43.62152,4.64151,13894.8,4.9,19.5,159.4,-65.4,34.2,158.4,0x20,405.003,14.1,-1125,-1,2.3,,
2026-09-04T00:05:16.000Z,M20-409-2-00781,1472515516,43.62136,4.64159,13898.6,2.9,18.4,157.2,-65.4,34.1,158.3,0x20,405.003,13.4,-1125,-1,2.3,,
2026-09-04T00:05:17.000Z,M20-409-2-00781,1472515517,43.62121,4.64168,13903.1,6.3,18.8,158.5,-65.4,34.1,158.2,0x20,405.003,14.6,-1125,-1,2.3,,
2026-09-04T00:05:18.000Z,M20-409-2-00781,1472515518,43.62105,4.64177,13907.8,3.2,19.5,160.2,-65.4,34.1,158.1,0x20,405.003,14.9,-1125,-1,2.3,,
2026-09-04T00:05:19.000Z,M20-409-2-00781,1472515519,43.62089,4.64184,13911.1,3.5,19.0,162.6,-65.4,34.1,158.0,0x20,405.003,14.9,-1125,-1,2.3,,
2026-09-04T00:05:20.000Z,M20-409-2-00781,1472515520,43.62073,4.64191,13915.2,5.4,17.1,161.7,-65.4,34.0,157.8,0x20,405.003,14.9,-1125,-1,2.3,,
2026-09-04T00:05:21.000Z,M20-409-2-00781,1472515521,43.62059,4.64198,13920.1,4.3,16.6,157.8,-65.4,34.0,157.7,0x20,405.003,14.9,375,-1,2.3,,
2026-09-04T00:05:22.000Z,M20-409-2-00781,1472515522,43.62045,4.64206,13924.6,5.3,17.9,154.5,-65.2,34.0,157.6,0x20,405.003,14.9,375,-1,2.3,,
2026-09-04T00:05:23.000Z,M20-409-2-00781,1472515523,43.62030,4.64216,13928.5,2.7,19.3,152.8,-65.1,34.0,157.5,0x20,405.003,3.8,375,-1,2.3,,
2026-09-04T00:05:24.000Z,M20-409-2-00781,1472515524,43.62014,4.64228,13932.2,5.1,20.2,147.2,-65.0,34.0,157.4,0x20,405.003,3.5,375,-1,2.3,,
2026-09-04T00:05:25.000Z,M20-409-2-00781,1472515525,43.62000,4.64241,13936.7,4.1,18.7,145.4,-64.9,34.0,157.3,0x20,405.003,11.6,-1125,-1,2.3,,
2026-09-04T00:05:26.000Z,M20-409-2-00781,1472515526,43.61986,4.64253,13940.9,4.6,17.0,149.3,-64.8,34.0,157.2,0x20,405.003,11.6,-1125,-1,2.3,,
2026-09-04T00:05:27.000Z,M20-409-2-00781,1472515527,43.61973,4.64262,13945.1,4.0,14.9,160.5,-64.7,34.1,157.1,0x20,405.003,17.4,-1125,-1,2.3,,
2026-09-04T00:05:28.000Z,M20-409-2-00781,1472515528,43.61961,4.64266,13948.3,2.1,14.8,168.3,-64.7,34.1,157.0,0x20,405.003,17.4,-1125,-1,2.3,,
2026-09-04T00:05:29.000Z,M20-409-2-00781,1472515529,43.61948,4.64270,13951.7,4.6,15.2,167.3,-64.7,34.1,156.9,0x20,405.003,15.9,-1125,-1,2.3,,
2026-09-04T00:05:30.000Z,M20-409-2-00781,1472515530,43.61934,4.64276,13956.0,4.2,16.1,158.9,-64.7,34.2,156.8,0x20,405.003,17.1,-1125,-1,2.3,,
2026-09-04T00:05:31.000Z,M20-409-2-00781,1472515531,43.61921,4.64284,13959.4,3.1,16.7,152.5,-64.7,34.3,156.7,0x20,405.003,17.1,-1125,-1,2.3,,
2026-09-04T00:05:32.000Z,M20-409-2-00781,1472515532,43.61907,4.64294,13963.4,5.0,17.8,151.4,-64.6,34.3,156.6,0x20,405.003,16.3,-1125,-1,2.3,,
2026-09-04T00:05:33.000Z,M20-409-2-00781,1472515533,43.61893,4.64304,13967.8,3.8,17.6,153.0,-64.6,34.3,156.5,0x20,405.003,16.6,-1125,-1,2.3,,
2026-09-04T00:05:34.000Z,M20-409-2-00781,1472515534,43.61879,4.64315,13971.7,4.2,17.8,151.4,-64.6,34.4,156.4,0x20,405.003,16.6,-1125,-1,2.3,,
2026-09-04T00:05:35.000Z,M20-409-2-00781,1472515535,43.61865,4.64325,13976.0,4.2,17.6,149.8,-64.7,34.4,156.3,0x20,405.003,6.2,-1125,-1,2.3,,
2026-09-04T00:05:36.000Z,M20-409-2-00781,1472515536,43.61851,4.64336,13980.3,4.3,17.4,151.2,-64.6,34.5,156.2,0x20,405.003,2.9,375,-1,2.3,,
2026-09-04T00:05:37.000Z,M20-409-2-00781,1472515537,43.61838,4.64345,13984.3,4.5,16.3,157.5,-64.7,34.6,156.1,0x20,405.003,2.7,375,-1,2.3,,
2026-09-04T00:05:38.000Z,M20-409-2-00781,1472515538,43.61825,4.64352,13988.1,3.4,15.3,159.7,-64.7,34.6,156.0,0x20,405.003,9.0,375,-1,2.3,,
2026-09-04T00:05:39.000Z,M20-409-2-00781,1472515539,43.61812,4.64359,13991.9,4.7,14.4,155.4,-64.7,34.7,155.9,0x20,405.003,12.7,-1125,-1,2.3,,
2026-09-04T00:05:40.000Z,M20-409-2-00781,1472515540,43.61801,4.64368,13996.3,4.0,14.5,147.8,-64.7,34.7,155.8,0x20,405.003,14.9,-1125,-1,2.3,,
2026-09-04T00:05:41.000Z,M20-409-2-00781,1472515541,43.61790,4.64379,13999.9,3.6,15.6,143.3,-64.7,34.8,155.7,0x20,405.003,14.9,-1125,-1,2.3,,
2026-09-04T00:05:42.000Z,M20-409-2-00781,1472515542,43.61778,4.64390,14003.8,4.3,16.6,146.8,-64.7,34.8,155.6,0x20,405.003,12.3,-1125,-1,2.3,,
2026-09-04T00:05:44.000Z,M20-409-2-00781,1472515544,43.61752,4.64413,14011.8,5.3,17.5,148.2,-64.8,34.9,155.3,0x20,405.003,13.8,-1125,-1,2.3,,
2026-09-04T00:05:49.000Z,M20-409-2-00781,1472515549,43.61690,4.64465,14032.1,4.5,15.7,143.2,-64.8,35.1,154.8,0x20,405.003,3.1,-1125,-1,2.3,,
2026-09-04T00:05:50.000Z,M20-409-2-00781,1472515550,43.61678,4.64477,14036.4,3.8,16.7,142.2,-64.8,35.2,154.7,0x20,405.003,4.6,-1125,-1,2.3,,
2026-09-04T00:05:51.000Z,M20-409-2-00781,1472515551,43.61666,4.64489,14040.7,5.0,17.4,144.3,-64.8,35.2,154.6,0x20,405.003,8.1,-1125,-1,2.3,,
2026-09-04T00:05:52.000Z,M20-409-2-00781,1472515552,43.61653,4.64502,14044.9,3.8,17.5,146.6,-64.8,35.2,154.5,0x20,405.003,13.3,-1125,-1,2.3,,
2026-09-04T00:05:53.000Z,M20-409-2-00781,1472515553,43.61640,4.64514,14048.9,4.1,17.7,144.1,-64.8,35.2,154.4,0x20,405.003,14.1,-1125,-1,2.3,,
2026-09-04T00:05:54.000Z,M20-409-2-00781,1472515554,43.61628,4.64527,14052.8,4.3,17.7,142.1,-64.7,35.3,154.3,0x20,405.003,15.2,-1125,-1,2.3,,
2026-09-04T00:05:55.000Z,M20-409-2-00781,1472515555,43.61615,4.64540,14057.1,4.5,17.0,145.9,-64.7,35.3,154.2,0x20,405.003,15.2,-1125,-1,2.3,,
2026-09-04T00:05:56.000Z,M20-409-2-00781,1472515556,43.61602,4.64551,14061.6,4.8,16.4,147.0,-64.7,35.3,154.1,0x20,405.003,15.0,-1125,-1,2.3,,
2026-09-04T00:05:57.000Z,M20-409-2-00781,1472515557,43.61590,4.64563,14066.2,4.7,16.2,142.0,-64.6,35.3,154.0,0x20,405.003,15.0,-1125,-1,2.3,,
2026-09-04T00:05:58.000Z,M20-409-2-00781,1472515558,43.61579,4.64576,14070.3,3.4,16.3,137.6,-64.5,35.3,153.9,0x20,405.003,16.9,-1125,-1,2.3,,
2026-09-04T00:05:59.000Z,M20-409-2-00781,1472515559,43.61569,4.64590,14074.1,4.9,15.8,135.5,-64.4,35.4,153.8,0x20,405.003,16.9,-1125,-1,2.3,,
2026-09-04T00:06:00.000Z,M20-409-2-00781,1472515560,43.61558,4.64603,14078.7,4.1,15.9,139.2,-64.4,35.4,153.7,0x20,405.003,16.5,-1125,-1,2.3,,
2026-09-04T00:06:01.000Z,M20-409-2-00781,1472515561,43.61547,4.64616,14083.1,5.0,16.5,140.2,-64.3,35.4,153.6,0x20,405.003,9.2,-1125,-1,2.3,,
2026-09-04T00:06:02.000Z,M20-409-2-00781,1472515562,43.61535,4.64629,14087.5,3.8,17.4,140.1,-64.3,35.4,153.5,0x20,405.003,3.9,-1125,-1,2.3,,
2026-09-04T00:06:03.000Z,M20-409-2-00781,1472515563,43.61523,4.64643,14091.5,4.5,17.8,142.0,-64.2,35.3,153.4,0x20,405.003,3.9,0,-1,2.3,,
2026-09-04T00:06:04.000Z,M20-409-2-00781,1472515564,43.61510,4.64655,14095.4,3.4,17.2,146.5,-64.2,35.4,153.2,0x20,405.003,8.5,0,-1,2.3,,
2026-09-04T00:06:05.000Z,M20-409-2-00781,1472515565,43.61498,4.64668,14099.1,4.6,17.0,144.1,-64.2,35.3,153.2,0x20,405.003,14.5,-1125,-1,2.3,,
2026-09-04T00:06:06.000Z,M20-409-2-00781,1472515566,43.61485,4.64680,14103.1,4.1,17.4,139.2,-64.2,35.3,153.0,0x20,405.003,17.0,-1125,-1,2.3,,
2026-09-04T00:06:07.000Z,M20-409-2-00781,1472515567,43.61474,4.64695,14107.3,4.8,17.4,135.6,-64.2,35.3,152.9,0x20,405.003,17.0,-1125,-1,2.3,,
2026-09-04T00:06:08.000Z,M20-409-2-00781,1472515568,43.61463,4.64710,14111.7,4.3,16.9,137.0,-64.3,35.3,152.8,0x20,405.003,16.2,-1125,-1,2.3,,
2026-09-04T00:06:10.000Z,M20-409-2-00781,1472515570,43.61441,4.64739,14119.3,4.2,17.2,131.9,-64.3,35.2,152.6,0x20,405.003,13.7,-1125,-1,2.3,,
2026-09-04T00:06:11.000Z,M20-409-2-00781,1472515571,43.61430,4.64755,14123.9,5.3,18.5,132.9,-64.3,35.2,152.5,0x20,405.003,15.3,-1125,-1,2.3,,
2026-09-04T00:06:12.000Z,M20-409-2-00781,1472515572,43.61419,4.64772,14128.3,3.9,18.4,131.5,-64.3,35.2,152.4,0x20,405.003,17.2,-1125,-1,2.3,,
2026-09-04T00:06:13.000Z,M20-409-2-00781,1472515573,43.61408,4.64789,14133.2,5.9,17.7,134.1,-64.3,35.2,152.3,0x20,405.003,17.2,-1125,-1,2.3,,
2026-09-04T00:06:14.000Z,M20-409-2-00781,1472515574,43.61397,4.64804,14137.8,3.6,17.1,138.8,-64.3,35.2,152.2,0x20,405.003,12.6,-1125,-1,2.3,,
2026-09-04T00:06:15.000Z,M20-409-2-00781,1472515575,43.61386,4.64818,14142.3,5.5,17.8,136.8,-64.2,35.1,152.0,0x20,405.003,3.5,-1125,-1,2.3,,
2026-09-04T00:06:16.000Z,M20-409-2-00781,1472515576,43.61374,4.64835,14146.9,3.8,18.9,133.1,-64.2,35.1,151.9,0x20,405.003,3.3,-1125,-1,2.3,,
2026-09-04T00:06:17.000Z,M20-409-2-00781,1472515577,43.61362,4.64853,14150.8,3.8,19.8,129.9,-64.2,35.1,151.8,0x20,405.003,7.5,-1125,-1,2.3,,
2026-09-04T00:06:18.000Z,M20-409-2-00781,1472515578,43.61351,4.64872,14154.8,4.5,20.1,130.1,-64.1,35.1,151.7,0x20,405.003,14.2,-1125,-1,2.3,,
2026-09-04T00:06:19.000Z,M20-409-2-00781,1472515579,43.61339,4.64890,14159.2,4.0,19.3,132.5,-64.0,35.0,151.6,0x20,405.003,14.2,-1125,-1,2.3,,
2026-09-04T00:06:20.000Z,M20-409-2-00781,1472515580,43.61328,4.64907,14163.0,3.5,18.2,132.5,-64.0,34.9,151.5,0x20,405.003,14.8,-1125,-1,2.3,,
2026-09-04T00:06:21.000Z,M20-409-2-00781,1472515581,43.61318,4.64924,14167.3,5.2,17.3,127.3,-64.0,34.9,151.4,0x20,405.003,16.5,-1125,-1,2.3,,
2026-09-04T00:06:22.000Z,M20-409-2-00781,1472515582,43.61308,4.64941,14171.4,3.4,17.6,124.3,-64.0,34.9,151.3,0x20,405.003,16.5,-1125,-1,2.3,,
2026-09-04T00:06:23.000Z,M20-409-2-00781,1472515583,43.61300,4.64959,14176.0,5.7,16.8,126.6,-64.0,34.8,151.2,0x20,405.003,15.9,-1125,-1,2.3,,
2026-09-04T00:06:24.000Z,M20-409-2-00781,1472515584,43.61290,4.64974,14180.8,4.1,16.3,131.7,-64.0,34.8,151.1,0x20,405.003,14.2,-1125,-1,2.3,,
2026-09-04T00:06:25.000Z,M20-409-2-00781,1472515585,43.61280,4.64990,14184.8,3.9,17.0,133.9,-64.1,34.8,151.0,0x20,405.003,17.8,-1125,-1,2.3,,
2026-09-04T00:06:26.000Z,M20-409-2-00781,1472515586,43.61269,4.65006,14188.6,3.6,18.1,130.8,-64.1,34.7,150.9,0x20,405.003,17.8,-1125,-1,2.3,,
2026-09-04T00:06:27.000Z,M20-409-2-00781,1472515587,43.61259,4.65023,14193.2,5.9,19.0,130.3,-64.1,34.7,150.8,0x20,405.003,10.3,-1125,-1,2.3,,
2026-09-04T00:06:28.000Z,M20-409-2-00781,1472515588,43.61247,4.65040,14198.1,4.2,18.8,132.2,-64.2,34.6,150.7,0x20,405.003,3.8,-1125,-1,2.3,,
2026-09-04T00:06:29.000Z,M20-409-2-00781,1472515589,43.61236,4.65057,14202.3,4.6,18.3,131.9,-64.2,34.6,150.6,0x20,405.003,3.5,-1125,-1,2.3,,
2026-09-04T00:06:30.000Z,M20-409-2-00781,1472515590,43.61226,4.65075,14207.1,5.2,17.9,125.5,-64.2,34.5,150.4,0x20,405.003,14.2,-1125,-1,2.3,,
2026-09-04T00:06:31.000Z,M20-409-2-00781,1472515591,43.61217,4.65093,14211.8,4.2,18.5,122.8,-64.3,34.5,150.4,0x20,405.003,16.5,-1125,-1,2.3,,
2026-09-04T00:06:32.000Z,M20-409-2-00781,1472515592,43.61207,4.65112,14216.1,4.6,18.5,126.5,-64.3,34.4,150.2,0x20,405.003,16.5,-1125,-1,2.3,,
2026-09-04T00:06:33.000Z,M20-409-2-00781,1472515593,43.61197,4.65130,14220.1,3.6,18.7,129.3,-64.3,34.4,150.2,0x20,405.003,16.4,-1125,-1,2.3,,
2026-09-04T00:06:34.000Z,M20-409-2-00781,1472515594,43.61186,4.65148,14224.3,5.1,18.5,129.2,-64.3,34.3,150.0,0x20,405.003,16.5,-1125,-1,2.3,,
2026-09-04T00:06:35.000Z,M20-409-2-00781,1472515595,43.61176,4.65166,14229.0,4.3,18.5,125.6,-64.4,34.2,149.9,0x20,405.003,16.5,-1125,-1,2.3,,
2026-09-04T00:06:36.000Z,M20-409-2-00781,1472515596,43.61167,4.65185,14233.6,5.5,18.9,125.5,-64.4,34.2,149.8,0x20,405.003,16.9,-1125,-1,2.3,,
2026-09-04T00:06:37.000Z,M20-409-2-00781,1472515597,43.61156,4.65204,14237.9,4.0,19.1,128.8,-64.4,34.1,149.7,0x20,405.003,16.9,-1125,-1,2.3,,
2026-09-04T00:06:38.000Z,M20-409-2-00781,1472515598,43.61145,4.65222,14242.2,4.8,18.9,130.1,-64.4,34.1,149.6,0x20,405.003,15.9,-1125,-1,2.3,,
2026-09-04T00:06:39.000Z,M20-409-2-00781,1472515599,43.61135,4.65240,14246.4,4.0,19.0,126.1,-64.4,34.1,149.5,0x20,405.003,15.9,-1125,-1,2.3,,
2026-09-04T00:06:40.000Z,M20-409-2-00781,1472515600,43.61125,4.65259,14250.2,3.5,18.9,125.3,-64.4,34.0,149.4,0x20,405.003,5.2,-1125,-1,2.3,,
2026-09-04T00:06:41.000Z,M20-409-2-00781,1472515601,43.61114,4.65277,14255.2,6.1,18.6,129.9,-64.4,33.9,149.3,0x20,405.003,4.0,-1125,-1,2.3,,
2026-09-04T00:06:42.000Z,M20-409-2-00781,1472515602,43.61103,4.65294,14260.2,4.3,18.6,132.4,-64.4,33.9,149.2,0x20,405.003,3.2,-1125,-1,2.3,,
2026-09-04T00:06:43.000Z,M20-409-2-00781,1472515603,43.61092,4.65312,14264.1,4.4,19.5,129.0,-64.4,33.8,149.1,0x20,405.003,15.0,-1125,-1,2.3,,
2026-09-04T00:06:44.000Z,M20-409-2-00781,1472515604,43.61081,4.65330,14267.9,3.1,19.8,129.1,-64.4,33.8,149.0,0x20,405.003,15.0,-1125,-1,2.3,,
2026-09-04T00:06:45.000Z,M20-409-2-00781,1472515605,43.61069,4.65348,14272.0,5.1,20.0,130.7,-64.5,33.7,148.9,0x20,405.003,14.8,-1125,-1,2.3,,
2026-09-04T00:06:46.000Z,M20-409-2-00781,1472515606,43.61057,4.65367,14276.6,4.4,19.7,133.3,-64.5,33.6,148.8,0x20,405.003,14.8,-1125,-1,2.3,,
2026-09-04T00:06:47.000Z,M20-409-2-00781,1472515607,43.61045,4.65384,14280.5,3.2,19.6,132.9,-64.5,33.5,148.7,0x20,405.003,15.6,-1125,-1,2.3,,
2026-09-04T00:06:48.000Z,M20-409-2-00781,1472515608,43.61033,4.65402,14284.4,4.9,19.9,127.4,-64.5,33.5,148.5,0x20,405.003,15.6,-1125,-1,2.3,,
2026-09-04T00:06:49.000Z,M20-409-2-00781,1472515609,43.61023,4.65421,14290.2,5.9,19.9,124.9,-64.5,33.4,148.4,0x20,405.003,12.5,-1125,-1,2.3,,
2026-09-04T00:07:05.000Z,M20-409-2-00781,1472515625,43.60840,4.65710,14366.0,4.5,20.2,132.0,-64.9,32.4,146.7,0x20,405.003,13.2,0,-1,2.3,,
2026-09-04T00:07:06.000Z,M20-409-2-00781,1472515626,43.60828,4.65729,14370.6,5.5,19.9,133.2,-64.9,32.4,146.6,0x20,405.003,4.2,-1125,-1,2.3,,
2026-09-04T00:07:07.000Z,M20-409-2-00781,1472515627,43.60816,4.65746,14375.0,4.2,19.1,137.5,-64.9,32.3,146.5,0x20,405.003,3.9,-1125,-1,2.3,,
2026-09-04T00:07:08.000Z,M20-409-2-00781,1472515628,43.60804,4.65762,14379.4,5.0,19.0,136.4,-64.9,32.3,146.4,0x20,405.003,4.3,-1125,-1,2.3,,
2026-09-04T00:07:09.000Z,M20-409-2-00781,1472515629,43.60791,4.65779,14383.7,4.6,19.4,134.3,-65.0,32.2,146.2,0x20,405.003,12.9,-1125,-1,2.3,,
2026-09-04T00:07:10.000Z,M20-409-2-00781,1472515630,43.60779,4.65796,14388.5,5.3,18.8,134.4,-65.0,32.2,146.1,0x20,405.003,16.6,-1125,-1,2.3,,
2026-09-04T00:07:11.000Z,M20-409-2-00781,1472515631,43.60767,4.65812,14391.9,2.6,18.4,135.4,-65.1,32.1,146.0,0x20,405.003,17.1,-1125,-1,2.3,,
2026-09-04T00:07:12.000Z,M20-409-2-00781,1472515632,43.60755,4.65829,14395.4,4.5,19.2,135.6,-65.1,32.0,145.9,0x20,405.003,17.1,-1125,-1,2.3,,
2026-09-04T00:07:13.000Z,M20-409-2-00781,1472515633,43.60743,4.65846,14400.0,5.3,19.6,131.1,-65.1,32.0,145.8,0x20,405.003,14.6,-1125,-1,2.3,,
2026-09-04T00:07:14.000Z,M20-409-2-00781,1472515634,43.60731,4.65865,14405.1,5.4,20.2,132.1,-65.1,31.9,145.7,0x20,405.003,14.6,-1125,-1,2.3,,
2026-09-04T00:07:15.000Z,M20-409-2-00781,1472515635,43.60719,4.65883,14410.1,5.9,19.2,134.8,-65.2,31.8,145.6,0x20,405.003,17.9,-1125,-1,2.3,,
2026-09-04T00:07:16.000Z,M20-409-2-00781,1472515636,43.60707,4.65899,14414.7,4.1,18.4,139.5,-65.2,31.8,145.5,0x20,405.003,17.9,-1125,-1,2.3,,
2026-09-04T00:07:17.000Z,M20-409-2-00781,1472515637,43.60695,4.65913,14418.4,4.8,16.8,137.0,-65.1,31.7,145.4,0x20,405.003,15.9,-1125,-1,2.3,,
2026-09-04T00:07:18.000Z,M20-409-2-00781,1472515638,43.60684,4.65927,14422.1,3.2,16.0,134.6,-65.1,31.7,145.3,0x20,405.003,14.6,-1125,-1,2.3,,
2026-09-04T00:07:20.000Z,M20-409-2-00781,1472515640,43.60664,4.65955,14430.5,4.5,16.1,137.0,-65.0,31.5,145.1,0x20,405.003,4.1,0,-1,2.3,,
2026-09-04T00:07:22.000Z,M20-409-2-00781,1472515642,43.60642,4.65983,14439.1,6.0,17.0,134.8,-65.0,31.4,144.9,0x20,405.003,10.5,-1125,-1,2.3,,
2026-09-04T00:07:23.000Z,M20-409-2-00781,1472515643,43.60632,4.65999,14443.6,4.2,17.2,131.9,-64.9,31.3,144.8,0x20,405.003,13.9,-1125,-1,2.3,,
2026-09-04T00:07:26.000Z,M20-409-2-00781,1472515646,43.60598,4.66047,14457.9,6.4,17.7,136.4,-65.0,31.2,144.5,0x20,405.003,14.3,-1125,-1,2.3,,
2026-09-04T00:07:27.000Z,M20-409-2-00781,1472515647,43.60587,4.66062,14463.1,4.9,16.2,135.2,-65.0,31.2,144.4,0x20,405.003,17.0,-1125,-1,2.3,,
2026-09-04T00:07:28.000Z,M20-409-2-00781,1472515648,43.60577,4.66076,14466.8,3.6,15.8,131.4,-65.0,31.1,144.3,0x20,405.003,17.0,-1125,-1,2.3,,
2026-09-04T00:07:29.000Z,M20-409-2-00781,1472515649,43.60567,4.66091,14470.5,5.6,16.2,133.9,-65.0,31.0,144.2,0x20,405.003,16.7,-1500,-1,2.3,,
2026-09-04T00:07:30.000Z,M20-409-2-00781,1472515650,43.60557,4.66106,14475.1,4.2,17.1,136.8,-65.0,31.0,144.1,0x20,405.003,17.6,-1500,-1,2.3,,
2026-09-04T00:07:31.000Z,M20-409-2-00781,1472515651,43.60546,4.66120,14479.7,6.0,16.4,136.3,-65.1,30.9,143.9,0x20,405.003,17.6,-1500,-1,2.3,,
2026-09-04T00:07:32.000Z,M20-409-2-00781,1472515652,43.60535,4.66134,14484.0,3.5,16.2,132.9,-65.1,30.9,143.8,0x20,405.003,4.7,-1500,-1,2.3,,
2026-09-04T00:07:33.000Z,M20-409-2-00781,1472515653,43.60525,4.66149,14488.1,5.7,16.9,137.2,-65.1,30.8,143.7,0x20,405.003,3.4,-1125,-1,2.3,,
2026-09-04T00:07:37.000Z,M20-409-2-00781,1472515657,43.60478,4.66205,14506.2,5.6,18.0,140.0,-65.0,30.6,143.3,0x20,405.003,15.9,-1125,-1,2.3,,
2026-09-04T00:07:38.000Z,M20-409-2-00781,1472515658,43.60466,4.66220,14510.4,3.7,18.2,141.6,-65.0,30.6,143.2,0x20,405.003,17.1,-1125,-1,2.3,,
2026-09-04T00:07:39.000Z,M20-409-2-00781,1472515659,43.60454,4.66234,14514.5,5.0,17.2,139.2,-65.0,30.5,143.1,0x20,405.003,17.2,-1500,-1,2.3,,
2026-09-04T00:07:40.000Z,M20-409-2-00781,1472515660,43.60443,4.66248,14519.1,4.8,16.3,135.9,-65.0,30.5,143.0,0x20,405.003,17.6,-1875,-1,2.3,,
2026-09-04T00:07:41.000Z,M20-409-2-00781,1472515661,43.60432,4.66262,14524.3,5.8,17.3,133.7,-65.0,30.4,142.9,0x20,405.003,17.6,-1875,-1,2.3,,
2026-09-04T00:07:42.000Z,M20-409-2-00781,1472515662,43.60421,4.66278,14529.2,4.2,18.3,133.8,-65.0,30.4,142.8,0x20,405.003,18.0,-1875,-1,2.3,,
2026-09-04T00:07:43.000Z,M20-409-2-00781,1472515663,43.60410,4.66294,14533.8,6.3,17.8,135.1,-65.0,30.3,142.7,0x20,405.003,18.0,-1875,-1,2.3,,
2026-09-04T00:07:44.000Z,M20-409-2-00781,1472515664,43.60399,4.66309,14538.8,5.2,16.9,136.8,-65.1,30.3,142.5,0x20,405.003,6.6,-1875,-1,2.3,,
2026-09-04T00:07:45.000Z,M20-409-2-00781,1472515665,43.60387,4.66323,14543.2,4.1,17.9,142.3,-65.1,30.3,142.4,0x20,405.003,3.8,-1500,-1,2.3,,
2026-09-04T00:07:46.000Z,M20-409-2-00781,1472515666,43.60374,4.66336,14546.4,3.1,18.3,144.8,-65.1,30.2,142.3,0x20,405.003,3.8,-1500,-1,2.2,,
2026-09-04T00:07:47.000Z,M20-409-2-00781,1472515667,43.60361,4.66348,14550.8,6.5,17.2,145.2,-65.1,30.2,142.2,0x20,405.003,3.7,-1500,-1,2.3,,
2026-09-04T00:07:48.000Z,M20-409-2-00781,1472515668,43.60349,4.66360,14555.4,2.9,15.8,142.9,-65.1,30.1,142.1,0x20,405.003,15.1,-1500,-1,2.3,,
2026-09-04T00:07:49.000Z,M20-409-2-00781,1472515669,43.60339,4.66372,14559.2,4.9,14.1,135.7,-65.0,30.1,142.0,0x20,405.003,19.1,-1875,-1,2.3,,
2026-09-04T00:07:50.000Z,M20-409-2-00781,1472515670,43.60330,4.66385,14564.3,5.1,15.2,133.9,-64.9,30.1,141.9,0x20,405.003,20.1,-1875,-1,2.3,,
2026-09-04T00:07:51.000Z,M20-409-2-00781,1472515671,43.60321,4.66399,14569.0,4.8,15.2,132.9,-64.8,30.0,141.8,0x20,405.003,20.1,-1500,-1,2.3,,
2026-09-04T00:07:52.000Z,M20-409-2-00781,1472515672,43.60311,4.66412,14573.6,4.8,15.1,136.0,-64.7,30.0,141.7,0x20,405.003,19.1,-1500,-1,2.2,,
2026-09-04T00:07:53.000Z,M20-409-2-00781,1472515673,43.60301,4.66425,14577.4,3.5,15.5,143.2,-64.5,29.9,141.6,0x20,405.003,17.7,-1500,-1,2.3,,
2026-09-04T00:07:54.000Z,M20-409-2-00781,1472515674,43.60289,4.66436,14581.3,4.7,17.2,148.7,-64.4,29.9,141.5,0x20,405.003,17.6,-1500,-1,2.3,,
2026-09-04T00:07:55.000Z,M20-409-2-00781,1472515675,43.60275,4.66447,14585.3,3.3,18.8,150.1,-64.4,29.8,141.4,0x20,405.003,17.6,-1875,-1,2.3,,
2026-09-04T00:07:56.000Z,M20-409-2-00781,1472515676,43.60261,4.66458,14589.5,5.7,17.6,150.3,-64.4,29.8,141.3,0x20,405.003,20.0,-1875,-1,2.2,,
2026-09-04T00:07:57.000Z,M20-409-2-00781,1472515677,43.60248,4.66469,14594.7,4.5,15.7,146.0,-64.4,29.7,141.2,0x20,405.003,20.0,-1875,-1,2.3,,
2026-09-04T00:07:58.000Z,M20-409-2-00781,1472515678,43.60237,4.66480,14599.3,5.2,14.6,138.2,-64.4,29.7,141.1,0x20,405.003,3.6,-1875,-1,2.3,,
2026-09-04T00:07:59.000Z,M20-409-2-00781,1472515679,43.60228,4.66493,14603.7,3.7,14.9,134.9,-64.3,29.6,140.9,0x20,405.003,4.3,-1875,-1,2.2,,
2026-09-04T00:08:00.000Z,M20-409-2-00781,1472515680,43.60219,4.66506,14608.1,5.8,14.6,132.6,-64.3,29.6,140.8,0x20,405.003,11.7,-1875,-1,2.2,,
2026-09-04T00:08:01.000Z,M20-409-2-00781,1472515681,43.60210,4.66519,14612.5,3.1,14.1,134.5,-64.3,29.5,140.7,0x20,405.003,16.7,-1875,-1,2.3,,
2026-09-04T00:08:02.000Z,M20-409-2-00781,1472515682,43.60200,4.66531,14616.4,4.7,14.9,141.2,-64.3,29.5,140.6,0x20,405.003,17.7,-1500,-1,2.2,,
2026-09-04T00:08:03.000Z,M20-409-2-00781,1472515683,43.60189,4.66543,14621.0,4.6,16.6,144.4,-64.3,29.4,140.5,0x20,405.003,20.9,-1875,-1,2.2,,
2026-09-04T00:08:04.000Z,M20-409-2-00781,1472515684,43.60177,4.66554,14625.6,4.7,16.6,146.3,-64.3,29.4,140.4,0x20,405.003,20.9,-1875,-1,2.3,,
2026-09-04T00:08:05.000Z,M20-409-2-00781,1472515685,43.60165,4.66566,14630.2,4.7,16.4,146.0,-64.3,29.4,140.3,0x20,405.003,20.6,-1875,-1,2.2,,
2026-09-04T00:08:06.000Z,M20-409-2-00781,1472515686,43.60153,4.66577,14634.8,5.1,15.3,143.6,-64.3,29.3,140.2,0x20,405.003,20.6,-1875,-1,2.3,,
2026-09-04T00:08:07.000Z,M20-409-2-00781,1472515687,43.60143,4.66589,14639.8,5.3,15.4,138.3,-64.3,29.3,140.1,0x20,405.003,18.9,-1875,-1,2.2,,
2026-09-04T00:08:08.000Z,M20-409-2-00781,1472515688,43.60133,4.66602,14644.8,4.8,15.0,135.1,-64.3,29.2,140.0,0x20,405.003,18.9,-1875,-1,2.2,,
2026-09-04T00:08:09.000Z,M20-409-2-00781,1472515689,43.60124,4.66614,14650.1,5.7,13.3,136.2,-64.2,29.1,139.9,0x20,405.003,18.3,-1875,-1,2.2,,
2026-09-04T00:08:10.000Z,M20-409-2-00781,1472515690,43.60116,4.66625,14654.8,3.8,11.9,139.9,-64.2,29.1,139.8,0x20,405.003,18.3,-1875,-1,2.2,,
2026-09-04T00:08:11.000Z,M20-409-2-00781,1472515691,43.60107,4.66634,14659.5,6.1,12.3,141.1,-64.2,29.0,139.7,0x20,405.003,5.1,-1875,-1,2.2,,
2026-09-04T00:08:12.000Z,M20-409-2-00781,1472515692,43.60098,4.66645,14664.5,4.3,14.2,140.4,-64.0,29.0,139.6,0x20,405.003,4.2,-1875,-1,2.2,,
2026-09-04T00:08:13.000Z,M20-409-2-00781,1472515693,43.60088,4.66656,14668.5,3.8,15.4,142.3,-63.9,28.9,139.5,0x20,405.003,19.6,-1875,-1,2.2,,
2026-09-04T00:08:14.000Z,M20-409-2-00781,1472515694,43.60076,4.66668,14672.6,4.3,16.5,144.0,-63.9,28.9,139.3,0x20,405.003,20.3,-1875,-1,2.2,,
2026-09-04T00:08:15.000Z,M20-409-2-00781,1472515695,43.60065,4.66680,14677.5,5.9,15.2,144.7,-63.8,28.8,139.3,0x20,405.003,20.8,-1875,-1,2.2,,
2026-09-04T00:08:16.000Z,M20-409-2-00781,1472515696,43.60055,4.66690,14683.1,5.5,12.4,138.3,-63.8,28.7,139.1,0x20,405.003,20.8,-1875,-1,2.2,,
2026-09-04T00:08:17.000Z,M20-409-2-00781,1472515697,43.60048,4.66701,14687.9,4.1,9.8,125.5,-63.7,28.6,139.0,0x20,405.003,19.9,-1875,-1,2.2,,
2026-09-04T00:08:18.000Z,M20-409-2-00781,1472515698,43.60044,4.66711,14691.9,3.8,9.0,117.3,-63.7,28.5,138.9,0x20,405.003,20.9,-1875,-1,2.2,,
2026-09-04T00:08:19.000Z,M20-409-2-00781,1472515699,43.60039,4.66721,14696.2,5.0,10.2,124.0,-63.7,28.5,138.8,0x20,405.003,20.9,-1875,-1,2.2,,
2026-09-04T00:08:20.000Z,M20-409-2-00781,1472515700,43.60034,4.66731,14700.8,4.3,11.9,132.5,-63.7,28.4,138.8,0x20,405.003,21.1,-1875,-1,2.2,,
2026-09-04T00:08:21.000Z,M20-409-2-00781,1472515701,43.60026,4.66743,14705.1,4.5,13.6,135.2,-63.7,28.4,138.6,0x20,405.003,21.1,-1875,-1,2.2,,
2026-09-04T00:08:22.000Z,M20-409-2-00781,1472515702,43.60017,4.66755,14709.6,4.7,14.3,134.5,-63.7,28.2,138.5,0x20,405.003,20.3,-1875,-1,2.2,,
2026-09-04T00:08:23.000Z,M20-409-2-00781,1472515703,43.60008,4.66769,14713.9,4.3,15.5,129.8,-63.7,28.2,138.5,0x20,405.003,20.3,-1500,-1,2.2,,
2026-09-04T00:08:24.000Z,M20-409-2-00781,1472515704,43.59999,4.66784,14717.7,3.5,16.6,127.0,-63.7,28.1,138.3,0x20,405.003,4.0,-1875,-1,2.2,,
2026-09-04T00:08:25.000Z,M20-409-2-00781,1472515705,43.59991,4.66800,14721.4,4.4,15.3,124.0,-63.7,28.0,138.3,0x20,405.003,4.1,-1875,-1,2.2,,
2026-09-04T00:08:26.000Z,M20-409-2-00781,1472515706,43.59984,4.66815,14725.4,4.4,12.4,118.7,-63.6,27.9,138.2,0x20,405.003,15.3,-1875,-1,2.2,,
2026-09-04T00:08:27.000Z,M20-409-2-00781,1472515707,43.59979,4.66828,14729.0,3.0,10.9,116.4,-63.6,27.8,138.1,0x20,405.003,18.9,-1875,-1,2.2,,
2026-09-04T00:08:28.000Z,M20-409-2-00781,1472515708,43.59975,4.66840,14733.6,6.6,10.9,120.2,-63.5,27.8,138.0,0x20,405.003,21.6,-1875,-1,2.2,,
2026-09-04T00:08:29.000Z,M20-409-2-00781,1472515709,43.59969,4.66852,14738.7,3.7,12.5,122.2,-63.5,27.6,137.9,0x20,405.003,21.6,-1875,-1,2.2,,
2026-09-04T00:08:30.000Z,M20-409-2-00781,1472515710,43.59963,4.66865,14742.3,4.1,12.9,125.1,-63.5,27.6,137.8,0x20,405.003,20.2,-1875,-1,2.2,,
2026-09-04T00:08:31.000Z,M20-409-2-00781,1472515711,43.59956,4.66879,14746.9,5.1,13.5,121.8,-63.4,27.4,137.7,0x20,405.003,20.2,-1875,-1,2.2,,
2026-09-04T00:08:32.000Z,M20-409-2-00781,1472515712,43.59950,4.66894,14751.4,4.0,13.6,118.6,-63.4,27.3,137.6,0x20,405.003,20.1,-1875,-1,2.2,,
2026-09-04T00:08:33.000Z,M20-409-2-00781,1472515713,43.59945,4.66909,14755.5,4.4,14.7,115.9,-63.4,27.2,137.5,0x20,405.003,21.5,-1875,-1,2.2,,
2026-09-04T00:08:34.000Z,M20-409-2-00781,1472515714,43.59938,4.66926,14759.8,4.2,16.1,119.6,-63.4,27.1,137.4,0x20,405.003,21.5,-1875,-1,2.2,,
2026-09-04T00:08:35.000Z,M20-409-2-00781,1472515715,43.59931,4.66943,14763.8,4.1,15.1,123.4,-63.4,27.1,137.3,0x20,405.003,17.1,-1875,-1,2.2,,
2026-09-04T00:08:36.000Z,M20-409-2-00781,1472515716,43.59924,4.66957,14768.3,5.1,13.1,123.7,-63.4,27.0,137.2,0x20,405.003,8.0,-1875,-1,2.2,,
2026-09-04T00:08:37.000Z,M20-409-2-00781,1472515717,43.59918,4.66970,14772.7,3.7,11.6,124.4,-63.3,26.9,137.1,0x20,405.003,3.9,-1875,-1,2.2,,
2026-09-04T00:08:38.000Z,M20-409-2-00781,1472515718,43.59912,4.66982,14776.7,4.5,11.7,119.5,-63.3,26.8,137.0,0x20,405.003,3.9,-1500,-1,2.2,,
2026-09-04T00:08:39.000Z,M20-409-2-00781,1472515719,43.59907,4.66996,14781.0,4.2,13.4,113.7,-63.3,26.6,136.9,0x20,405.003,13.3,-1500,-1,2.2,,
2026-09-04T00:08:40.000Z,M20-409-2-00781,1472515720,43.59902,4.67013,14785.1,3.8,15.9,115.8,-63.3,26.6,136.8,0x20,405.003,17.8,-1875,-1,2.2,,
2026-09-04T00:08:41.000Z,M20-409-2-00781,1472515721,43.59895,4.67030,14789.3,4.8,15.8,119.9,-63.3,26.5,136.7,0x20,405.003,18.2,-1500,-1,2.2,,
2026-09-04T00:08:42.000Z,M20-409-2-00781,1472515722,43.59888,4.67046,14793.5,4.3,15.1,122.7,-63.3,26.4,136.6,0x20,405.003,18.7,-1875,-1,2.2,,
2026-09-04T00:08:43.000Z,M20-409-2-00781,1472515723,43.59880,4.67063,14798.2,5.2,15.7,121.8,-63.3,26.3,136.5,0x20,405.003,19.7,-1875,-1,2.2,,
2026-09-04T00:08:44.000Z,M20-409-2-00781,1472515724,43.59873,4.67079,14802.8,3.8,15.5,121.3,-63.3,26.2,136.4,0x20,405.003,20.5,-1875,-1,2.2,,
2026-09-04T00:08:45.000Z,M20-409-2-00781,1472515725,43.59866,4.67095,14807.5,5.6,13.6,121.0,-63.4,26.1,136.3,0x20,405.003,20.5,-1875,-1,2.2,,
2026-09-04T00:08:46.000Z,M20-409-2-00781,1472515726,43.59860,4.67109,14812.1,4.1,12.4,120.0,-63.4,26.0,136.2,0x20,405.003,20.1,-1875,-1,2.2,,
2026-09-04T00:08:47.000Z,M20-409-2-00781,1472515727,43.59855,4.67122,14816.7,4.9,12.7,115.0,-63.4,25.9,136.1,0x20,405.003,19.3,-1875,-1,2.2,,
2026-09-04T00:08:48.000Z,M20-409-2-00781,1472515728,43.59851,4.67138,14821.3,4.5,14.1,109.9,-63.4,25.8,136.0,0x20,405.003,19.3,-1500,-1,2.2,,
2026-09-04T00:08:49.000Z,M20-409-2-00781,1472515729,43.59846,4.67155,14825.0,3.3,15.9,112.7,-63.4,25.7,135.9,0x20,405.003,20.9,-1875,-1,2.2,,
2026-09-04T00:08:50.000Z,M20-409-2-00781,1472515730,43.59839,4.67172,14829.2,5.6,15.6,120.0,-63.5,25.6,135.8,0x20,405.003,20.9,-1875,-1,2.2,,
2026-09-04T00:08:51.000Z,M20-409-2-00781,1472515731,43.59832,4.67188,14833.7,3.2,14.8,124.5,-63.5,25.5,135.7,0x20,405.003,4.9,0,-1,2.2,,
2026-09-04T00:08:52.000Z,M20-409-2-00781,1472515732,43.59825,4.67203,14837.5,4.4,14.4,121.0,-63.5,25.4,135.6,0x20,405.003,18.5,-1500,-1,2.2,,
2026-09-04T00:08:53.000Z,M20-409-2-00781,1472515733,43.59819,4.67219,14842.0,4.5,15.3,114.9,-63.5,25.3,135.5,0x20,405.003,19.4,-1875,-1,2.2,,
2026-09-04T00:08:54.000Z,M20-409-2-00781,1472515734,43.59813,4.67237,14847.0,5.5,15.6,112.1,-63.5,25.1,135.4,0x20,405.003,19.4,-1875,-1,2.2,,
2026-09-04T00:08:55.000Z,M20-409-2-00781,1472515735,43.59808,4.67254,14852.3,5.0,14.7,113.4,-63.6,25.0,135.3,0x20,405.003,17.3,-1875,-1,2.2,,
2026-09-04T00:08:56.000Z,M20-409-2-00781,1472515736,43.59802,4.67271,14857.0,4.8,14.9,116.3,-63.6,24.9,135.2,0x20,405.003,20.5,-1875,-1,2.2,,
2026-09-04T00:08:57.000Z,M20-409-2-00781,1472515737,43.59796,4.67288,14862.2,5.6,15.9,116.2,-63.6,24.8,135.1,0x20,405.003,20.5,-1875,-1,2.2,,
2026-09-04T00:08:58.000Z,M20-409-2-00781,1472515738,43.59790,4.67306,14866.6,3.5,17.0,116.0,-63.7,24.7,135.1,0x20,405.003,19.7,-1875,-1,2.2,,
2026-09-04T00:08:59.000Z,M20-409-2-00781,1472515739,43.59783,4.67324,14871.5,5.7,16.9,120.5,-63.7,24.6,134.9,0x20,405.003,19.7,-1875,-1,2.2,,
2026-09-04T00:09:00.000Z,M20-409-2-00781,1472515740,43.59775,4.67341,14876.0,3.5,15.8,123.6,-63.7,24.5,134.8,0x20,405.003,18.1,-1875,-1,2.2,,
2026-09-04T00:09:01.000Z,M20-409-2-00781,1472515741,43.59768,4.67357,14880.8,6.5,15.0,121.3,-63.7,24.4,134.7,0x20,405.003,18.1,-1875,-1,2.2,,
2026-09-04T00:09:02.000Z,M20-409-2-00781,1472515742,43.59761,4.67373,14885.6,3.7,15.6,115.4,-63.7,24.3,134.6,0x20,405.003,6.6,-1875,-1,2.2,,
2026-09-04T00:09:03.000Z,M20-409-2-00781,1472515743,43.59756,4.67391,14890.1,6.0,15.3,114.8,-63.8,24.2,134.5,0x20,405.003,6.6,-1500,-1,2.2,,
2026-09-04T00:09:04.000Z,M20-409-2-00781,1472515744,43.59750,4.67408,14895.3,4.1,15.3,116.0,-63.8,24.1,134.4,0x20,405.003,4.4,-1500,-1,2.2,,
2026-09-04T00:09:05.000Z,M20-409-2-00781,1472515745,43.59743,4.67425,14899.2,4.1,16.1,116.7,-63.8,24.0,134.3,0x20,405.003,16.8,-1875,-1,2.2,,
2026-09-04T00:09:06.000Z,M20-409-2-00781,1472515746,43.59737,4.67444,14903.1,4.0,18.5,116.0,-63.9,23.9,134.2,0x20,405.003,17.5,-1875,-1,2.2,,
2026-09-04T00:09:07.000Z,M20-409-2-00781,1472515747,43.59729,4.67465,14906.8,3.3,19.2,117.0,-63.9,23.8,134.2,0x20,405.003,17.5,-1875,-1,2.2,,
2026-09-04T00:09:08.000Z,M20-409-2-00781,1472515748,43.59721,4.67485,14910.1,3.3,18.6,120.1,-64.0,23.7,134.1,0x20,405.003,15.5,-1875,-1,2.2,,
2026-09-04T00:09:09.000Z,M20-409-2-00781,1472515749,43.59713,4.67504,14913.8,4.2,16.8,123.4,-64.0,23.6,134.0,0x20,405.003,16.7,-1875,-1,2.2,,
2026-09-04T00:09:10.000Z,M20-409-2-00781,1472515750,43.59705,4.67520,14917.5,3.0,15.6,125.5,-64.0,23.5,133.9,0x20,405.003,18.4,-1875,-1,2.2,,
2026-09-04T00:09:11.000Z,M20-409-2-00781,1472515751,43.59697,4.67537,14921.7,5.2,16.5,121.6,-64.1,23.4,133.8,0x20,405.003,19.3,-1875,-1,2.2,,
2026-09-04T00:09:12.000Z,M20-409-2-00781,1472515752,43.59690,4.67555,14926.0,3.9,17.0,117.5,-64.1,23.3,133.7,0x20,405.003,19.3,-1875,-1,2.2,,
2026-09-04T00:09:13.000Z,M20-409-2-00781,1472515753,43.59683,4.67573,14930.2,5.2,15.8,115.3,-64.1,23.2,133.6,0x20,405.003,18.2,-1875,-1,2.2,,
2026-09-04T00:09:14.000Z,M20-409-2-00781,1472515754,43.59677,4.67590,14934.1,4.1,15.3,117.4,-64.2,23.1,133.5,0x20,405.003,14.8,-1875,-1,2.2,,
2026-09-04T00:09:15.000Z,M20-409-2-00781,1472515755,43.59671,4.67608,14937.5,3.2,16.4,120.5,-64.2,23.0,133.4,0x20,405.003,14.8,-1875,-1,2.2,,
2026-09-04T00:09:16.000Z,M20-409-2-00781,1472515756,43.59663,4.67626,14941.9,4.5,18.2,119.2,-64.2,22.9,133.3,0x20,405.003,4.1,-1875,-1,2.2,,
2026-09-04T00:09:17.000Z,M20-409-2-00781,1472515757,43.59655,4.67646,14946.6,4.8,18.4,118.4,-64.3,22.8,133.2,0x20,405.003,4.1,-1875,-1,2.2,,
2026-09-04T00:09:18.000Z,M20-409-2-00781,1472515758,43.59647,4.67665,14952.0,6.2,17.6,121.8,-64.3,22.7,133.1,0x20,405.003,15.5,-1875,-1,2.2,,
2026-09-04T00:09:19.000Z,M20-409-2-00781,1472515759,43.59639,4.67683,14956.7,3.2,16.5,123.0,-64.3,22.6,133.1,0x20,405.003,17.3,-1875,-1,2.2,,
2026-09-04T00:09:20.000Z,M20-409-2-00781,1472515760,43.59631,4.67701,14960.9,5.1,16.7,121.0,-64.4,22.6,132.9,0x20,405.003,18.9,-1875,-1,2.2,,
2026-09-04T00:09:21.000Z,M20-409-2-00781,1472515761,43.59623,4.67718,14965.9,4.7,16.9,118.8,-64.4,22.5,132.8,0x20,405.003,19.6,-1875,-1,2.2,,
2026-09-04T00:09:22.000Z,M20-409-2-00781,1472515762,43.59616,4.67736,14971.2,6.5,16.3,120.5,-64.4,22.4,132.8,0x20,405.003,19.6,-1875,-1,2.2,,
2026-09-04T00:09:23.000Z,M20-409-2-00781,1472515763,43.59608,4.67754,14976.2,4.0,15.9,120.8,-64.5,22.3,132.7,0x20,405.003,18.0,-1875,-1,2.2,,
2026-09-04T00:09:24.000Z,M20-409-2-00781,1472515764,43.59601,4.67771,14981.0,6.5,17.0,119.0,-64.5,22.2,132.5,0x20,405.003,20.4,-1875,-1,2.2,,
2026-09-04T00:09:25.000Z,M20-409-2-00781,1472515765,43.59593,4.67790,14985.2,2.5,17.9,117.4,-64.6,22.1,132.4,0x20,405.003,20.4,-1875,-1,2.2,,
2026-09-04T00:09:26.000Z,M20-409-2-00781,1472515766,43.59586,4.67810,14988.7,5.5,17.9,118.7,-64.6,22.0,132.4,0x20,405.003,18.4,-1875,-1,2.2,,
2026-09-04T00:09:27.000Z,M20-409-2-00781,1472515767,43.59578,4.67829,14993.4,4.2,17.0,122.3,-64.6,22.0,132.3,0x20,405.003,17.7,-1875,-1,2.2,,
2026-09-04T00:09:28.000Z,M20-409-2-00781,1472515768,43.59569,4.67846,14998.0,5.0,16.9,126.0,-64.6,21.9,132.2,0x20,405.003,4.3,-1875,-1,2.2,,
2026-09-04T00:09:29.000Z,M20-409-2-00781,1472515769,43.59560,4.67863,15002.0,3.8,17.9,124.6,-64.7,21.8,132.1,0x20,405.003,4.2,-1875,-1,2.2,,
2026-09-04T00:09:30.000Z,M20-409-2-00781,1472515770,43.59551,4.67882,15006.9,5.6,18.3,125.1,-64.7,21.7,132.0,0x20,405.003,3.6,-1875,-1,2.2,,
2026-09-04T00:09:31.000Z,M20-409-2-00781,1472515771,43.59542,4.67899,15011.6,4.7,17.5,127.7,-64.8,21.6,131.9,0x20,405.003,11.6,-1875,-1,2.2,,
2026-09-04T00:09:32.000Z,M20-409-2-00781,1472515772,43.59532,4.67916,15016.7,5.8,17.2,128.3,-64.7,21.6,131.8,0x20,405.003,17.8,-1875,-1,2.2,,
2026-09-04T00:09:33.000Z,M20-409-2-00781,1472515773,43.59523,4.67934,15022.0,4.2,17.6,124.6,-64.7,21.5,131.6,0x20,405.003,19.2,-1875,-1,2.2,,
2026-09-04T00:09:34.000Z,M20-409-2-00781,1472515774,43.59515,4.67952,15025.5,3.0,16.8,120.7,-64.6,21.4,131.6,0x20,405.003,19.2,-1875,-1,2.2,,
2026-09-04T00:09:35.000Z,M20-409-2-00781,1472515775,43.59507,4.67969,15029.6,4.7,15.7,124.2,-64.6,21.3,131.5,0x20,405.003,18.3,-1875,-1,2.2,,
2026-09-04T00:09:36.000Z,M20-409-2-00781,1472515776,43.59499,4.67984,15034.0,4.0,15.1,128.2,-64.5,21.2,131.4,0x20,405.003,18.8,-1875,-1,2.2,,
2026-09-04T00:09:37.000Z,M20-409-2-00781,1472515777,43.59490,4.67999,15038.8,5.8,15.5,129.9,-64.5,21.2,131.2,0x20,405.003,19.5,-1875,-1,2.2,,
2026-09-04T00:09:38.000Z,M20-409-2-00781,1472515778,43.59481,4.68015,15043.1,3.4,16.4,126.6,-64.5,21.1,131.2,0x20,405.003,20.6,-1875,-1,2.2,,
2026-09-04T00:09:39.000Z,M20-409-2-00781,1472515779,43.59472,4.68031,15047.4,5.7,16.9,130.1,-64.6,21.0,131.1,0x20,405.003,21.1,-1875,-1,2.2,,
2026-09-04T00:09:40.000Z,M20-409-2-00781,1472515780,43.59462,4.68047,15051.5,3.1,17.3,131.6,-64.6,20.9,131.0,0x20,405.003,21.1,-1875,-1,2.2,,
2026-09-04T00:09:41.000Z,M20-409-2-00781,1472515781,43.59452,4.68064,15055.8,5.3,17.9,127.1,-64.5,20.9,130.9,0x20,405.003,6.8,-1875,-1,2.2,,
2026-09-04T00:09:42.000Z,M20-409-2-00781,1472515782,43.59443,4.68082,15060.7,4.1,18.5,123.9,-64.5,20.8,130.8,0x20,405.003,4.3,-1875,-1,2.2,,
2026-09-04T00:09:43.000Z,M20-409-2-00781,1472515783,43.59434,4.68101,15065.7,6.1,17.7,123.2,-64.5,20.7,130.7,0x20,405.003,4.3,-1875,-1,2.2,,
2026-09-04T00:09:44.000Z,M20-409-2-00781,1472515784,43.59425,4.68118,15070.5,3.7,16.4,125.9,-64.5,20.7,130.6,0x20,405.003,18.8,-1875,-1,2.2,,
2026-09-04T00:09:45.000Z,M20-409-2-00781,1472515785,43.59417,4.68134,15074.8,5.3,15.4,126.3,-64.5,20.6,130.5,0x20,405.003,20.0,-1875,-1,2.2,,
2026-09-04T00:09:46.000Z,M20-409-2-00781,1472515786,43.59409,4.68150,15079.1,4.0,14.7,122.8,-64.5,20.6,130.4,0x20,405.003,20.0,-1875,-1,2.2,,
2026-09-04T00:09:47.000Z,M20-409-2-00781,1472515787,43.59401,4.68165,15083.0,3.3,15.1,123.3,-64.5,20.5,130.3,0x20,405.003,18.1,-1875,-1,2.2,,
2026-09-04T00:09:48.000Z,M20-409-2-00781,1472515788,43.59393,4.68179,15087.7,6.3,14.7,132.9,-64.4,20.4,130.2,0x20,405.003,20.7,-1875,-1,2.2,,
2026-09-04T00:09:49.000Z,M20-409-2-00781,1472515789,43.59384,4.68193,15092.6,4.2,15.3,135.6,-64.4,20.3,130.1,0x20,405.003,21.9,-1875,-1,2.2,,
2026-09-04T00:09:50.000Z,M20-409-2-00781,1472515790,43.59374,4.68206,15096.9,5.4,15.8,134.8,-64.4,20.3,130.0,0x20,405.003,21.9,-1875,-1,2.2,,
2026-09-04T00:09:51.000Z,M20-409-2-00781,1472515791,43.59365,4.68222,15102.0,5.2,16.7,127.5,-64.5,20.2,129.9,0x20,405.003,20.4,-1875,-1,2.2,,
2026-09-04T00:09:52.000Z,M20-409-2-00781,1472515792,43.59356,4.68239,15106.2,3.9,17.0,123.9,-64.5,20.1,129.8,0x20,405.003,21.5,-1875,-1,2.2,,
2026-09-04T00:09:53.000Z,M20-409-2-00781,1472515793,43.59347,4.68255,15110.9,6.5,16.4,126.8,-64.5,20.1,129.7,0x20,405.003,21.5,-1875,-1,2.2,,
2026-09-04T00:09:54.000Z,M20-409-2-00781,1472515794,43.59338,4.68271,15115.4,3.3,16.3,131.3,-64.5,20.0,129.6,0x20,405.003,9.6,-1875,-1,2.2,,
2026-09-04T00:09:55.000Z,M20-409-2-00781,1472515795,43.59329,4.68285,15119.2,5.5,15.0,132.4,-64.5,20.0,129.6,0x20,405.003,4.6,-1875,-1,2.2,,
2026-09-04T00:09:56.000Z,M20-409-2-00781,1472515796,43.59320,4.68299,15123.4,3.0,14.0,128.7,-64.5,19.9,129.5,0x20,405.003,4.6,-1875,-1,2.2,,
2026-09-04T00:09:57.000Z,M20-409-2-00781,1472515797,43.59312,4.68313,15127.0,4.4,14.1,131.0,-64.5,19.9,129.4,0x20,405.003,16.8,-1875,-1,2.2,,
2026-09-04T00:09:58.000Z,M20-409-2-00781,1472515798,43.59303,4.68325,15131.2,4.2,14.5,137.8,-64.6,19.8,129.3,0x20,405.003,18.7,-1875,-1,2.2,,
2026-09-04T00:09:59.000Z,M20-409-2-00781,1472515799,43.59293,4.68338,15135.5,4.8,14.5,136.9,-64.6,19.7,129.2,0x20,405.003,22.6,-1875,-1,2.2,,
2026-09-04T00:10:00.000Z,M20-409-2-00781,1472515800,43.59284,4.68351,15140.5,5.5,16.0,133.0,-64.6,19.7,129.1,0x20,405.003,22.6,-1875,-1,2.2,,
2026-09-04T00:10:01.000Z,M20-409-2-00781,1472515801,43.59275,4.68368,15143.6,3.0,17.3,126.0,-64.6,19.6,129.0,0x20,405.003,20.4,-1875,-1,2.2,,
2026-09-04T00:10:02.000Z,M20-409-2-00781,1472515802,43.59265,4.68385,15147.3,3.7,18.0,124.9,-64.5,19.6,128.9,0x20,405.003,21.6,-1875,-1,2.2,,
2026-09-04T00:10:03.000Z,M20-409-2-00781,1472515803,43.59256,4.68403,15151.4,4.9,18.3,128.5,-64.5,19.5,128.8,0x20,405.003,21.6,-1875,-1,2.2,,
2026-09-04T00:10:04.000Z,M20-409-2-00781,1472515804,43.59245,4.68420,15155.8,4.1,17.8,131.8,-64.6,19.4,128.7,0x20,405.003,20.0,-1875,-1,2.2,,
2026-09-04T00:10:05.000Z,M20-409-2-00781,1472515805,43.59235,4.68436,15160.1,4.7,15.8,130.1,-64.6,19.4,128.6,0x20,405.003,19.4,-1875,-1,2.2,,
2026-09-04T00:10:06.000Z,M20-409-2-00781,1472515806,43.59227,4.68451,15163.8,3.3,14.9,126.6,-64.6,19.3,128.6,0x20,405.003,19.4,-1875,-1,2.2,,
2026-09-04T00:10:07.000Z,M20-409-2-00781,1472515807,43.59219,4.68465,15167.6,3.7,14.9,127.5,-64.6,19.2,128.5,0x20,405.003,7.0,-1875,-1,2.2,,
2026-09-04T00:10:08.000Z,M20-409-2-00781,1472515808,43.59210,4.68480,15171.2,3.3,15.6,131.7,-64.6,19.2,128.4,0x20,405.003,4.4,-1875,-1,2.2,,
2026-09-04T00:10:09.000Z,M20-409-2-00781,1472515809,43.59201,4.68494,15175.2,4.5,16.1,129.5,-64.6,19.1,128.3,0x20,405.003,9.9,-1875,-1,2.2,,
2026-09-04T00:10:10.000Z,M20-409-2-00781,1472515810,43.59192,4.68510,15179.5,3.8,16.3,125.2,-64.6,19.1,128.2,0x20,405.003,16.9,-1875,-1,2.2,,
2026-09-04T00:10:11.000Z,M20-409-2-00781,1472515811,43.59183,4.68527,15183.1,3.7,16.9,124.0,-64.6,19.0,128.2,0x20,405.003,18.5,-1875,-1,2.2,,
2026-09-04T00:10:12.000Z,M20-409-2-00781,1472515812,43.59175,4.68544,15187.7,5.7,17.1,126.8,-64.6,19.0,128.1,0x20,405.003,18.8,-1875,-1,2.2,,
2026-09-04T00:10:13.000Z,M20-409-2-00781,1472515813,43.59166,4.68560,15192.6,3.5,16.0,131.2,-64.6,19.0,128.0,0x20,405.003,18.8,-1875,-1,2.2,,
2026-09-04T00:10:14.000Z,M20-409-2-00781,1472515814,43.59157,4.68574,15197.5,5.0,13.5,132.2,-64.6,18.9,127.9,0x20,405.003,18.3,-1875,-1,2.2,,
2026-09-04T00:10:15.000Z,M20-409-2-00781,1472515815,43.59149,4.68586,15202.0,4.0,12.4,131.8,-64.6,18.9,127.8,0x20,405.003,20.7,-1875,-1,2.2,,
2026-09-04T00:10:16.000Z,M20-409-2-00781,1472515816,43.59141,4.68597,15206.5,6.0,13.0,132.0,-64.5,18.8,127.7,0x20,405.003,20.7,-1875,-1,2.2,,
2026-09-04T00:10:17.000Z,M20-409-2-00781,1472515817,43.59133,4.68610,15211.4,4.0,14.8,134.0,-64.4,18.7,127.6,0x20,405.003,18.9,-1875,-1,2.2,,
2026-09-04T00:10:18.000Z,M20-409-2-00781,1472515818,43.59123,4.68624,15215.6,4.3,15.9,132.3,-64.4,18.7,127.5,0x20,405.003,18.2,-1875,-1,2.2,,
2026-09-04T00:10:19.000Z,M20-409-2-00781,1472515819,43.59114,4.68639,15219.6,3.9,15.7,129.1,-64.4,18.6,127.4,0x20,405.003,18.2,-1875,-1,2.2,,
2026-09-04T00:10:20.000Z,M20-409-2-00781,1472515820,43.59106,4.68654,15223.5,4.2,15.2,127.7,-64.4,18.6,127.3,0x20,405.003,4.9,-1875,-1,2.2,,
2026-09-04T00:10:21.000Z,M20-409-2-00781,1472515821,43.59097,4.68668,15228.0,4.8,14.5,133.7,-64.4,18.5,127.2,0x20,405.003,4.9,-1875,-1,2.2,,
2026-09-04T00:10:22.000Z,M20-409-2-00781,1472515822,43.59088,4.68680,15232.0,4.2,14.7,137.7,-64.4,18.5,127.2,0x20,405.003,3.8,-1875,-1,2.2,,
2026-09-04T00:10:23.000Z,M20-409-2-00781,1472515823,43.59078,4.68692,15237.3,6.4,13.0,138.0,-64.5,18.4,127.1,0x20,405.003,20.9,-1875,-1,2.2,,
2026-09-04T00:10:24.000Z,M20-409-2-00781,1472515824,43.59071,4.68704,15242.1,3.0,11.9,128.5,-64.5,18.4,127.0,0x20,405.003,20.9,-1875,-1,2.2,,
2026-09-04T00:10:25.000Z,M20-409-2-00781,1472515825,43.59064,4.68717,15246.1,5.1,13.8,127.0,-64.6,18.3,126.9,0x20,405.003,20.2,-1875,-1,2.2,,
2026-09-04T00:10:26.000Z,M20-409-2-00781,1472515826,43.59055,4.68731,15250.9,5.0,15.5,132.2,-64.6,18.3,126.8,0x20,405.003,20.2,-1875,-1,2.2,,
2026-09-04T00:10:27.000Z,M20-409-2-00781,1472515827,43.59046,4.68746,15254.6,4.4,16.9,129.4,-64.6,18.2,126.7,0x20,405.003,18.6,-1875,-1,2.2,,
2026-09-04T00:10:28.000Z,M20-409-2-00781,1472515828,43.59037,4.68762,15258.6,4.4,15.6,127.1,-64.7,18.2,126.6,0x20,405.003,21.3,-1875,-1,2.2,,
2026-09-04T00:10:29.000Z,M20-409-2-00781,1472515829,43.59029,4.68778,15261.6,3.5,15.2,124.3,-64.7,18.1,126.5,0x20,405.003,21.3,-1875,-1,2.2,,
2026-09-04T00:10:30.000Z,M20-409-2-00781,1472515830,43.59021,4.68792,15266.0,6.2,14.5,130.6,-64.8,18.1,126.5,0x20,405.003,20.4,-1875,-1,2.2,,
2026-09-04T00:10:31.000Z,M20-409-2-00781,1472515831,43.59012,4.68806,15270.3,2.9,14.2,134.1,-64.8,18.0,126.3,0x20,405.003,20.4,-1875,-1,2.2,,
2026-09-04T00:10:32.000Z,M20-409-2-00781,1472515832,43.59003,4.68818,15273.8,4.5,13.8,137.0,-64.7,17.9,126.3,0x20,405.003,20.5,-1875,-1,2.2,,
2026-09-04T00:10:33.000Z,M20-409-2-00781,1472515833,43.58994,4.68830,15278.2,4.4,14.0,132.4,-64.7,17.9,126.2,0x20,405.003,20.5,-1875,-1,2.2,,
2026-09-04T00:10:34.000Z,M20-409-2-00781,1472515834,43.58986,4.68844,15282.1,4.1,14.1,130.0,-64.7,17.9,126.1,0x20,405.003,4.0,-1875,-1,2.2,,
2026-09-04T00:10:35.000Z,M20-409-2-00781,1472515835,43.58976,4.68858,15287.2,5.6,15.6,132.4,-64.6,17.8,126.0,0x20,405.003,12.3,-1875,-1,2.2,,
2026-09-04T00:10:36.000Z,M20-409-2-00781,1472515836,43.58967,4.68872,15291.0,3.4,16.3,131.8,-64.7,17.7,125.9,0x20,405.003,19.5,-1875,-1,2.2,,
2026-09-04T00:10:37.000Z,M20-409-2-00781,1472515837,43.58958,4.68888,15295.0,4.7,16.1,128.7,-64.7,17.7,125.8,0x20,405.003,20.8,-1875,-1,2.2,,
2026-09-04T00:10:38.000Z,M20-409-2-00781,1472515838,43.58949,4.68904,15299.5,4.0,15.4,122.0,-64.7,17.6,125.7,0x20,405.003,22.2,-1875,-1,2.2,,
2026-09-04T00:10:39.000Z,M20-409-2-00781,1472515839,43.58942,4.68920,15303.0,3.5,15.5,120.3,-64.7,17.6,125.6,0x20,405.003,22.2,-1875,-1,2.2,,
2026-09-04T00:10:40.000Z,M20-409-2-00781,1472515840,43.58934,4.68936,15307.6,5.2,15.6,128.5,-64.8,17.5,125.5,0x20,405.003,19.3,-1875,-1,2.2,,
2026-09-04T00:10:41.000Z,M20-409-2-00781,1472515841,43.58925,4.68951,15311.7,3.1,15.6,134.5,-64.8,17.5,125.5,0x20,405.003,20.2,-1875,-1,2.2,,
2026-09-04T00:10:42.000Z,M20-409-2-00781,1472515842,43.58916,4.68965,15316.0,5.4,15.3,132.3,-64.9,17.4,125.3,0x20,405.003,20.5,-1875,-1,2.2,,
2026-09-04T00:10:43.000Z,M20-409-2-00781,1472515843,43.58907,4.68979,15320.4,3.4,15.6,129.2,-64.9,17.4,125.3,0x20,405.003,20.5,-1875,-1,2.2,,
2026-09-04T00:10:44.000Z,M20-409-2-00781,1472515844,43.58897,4.68994,15324.8,5.1,16.3,132.2,-64.9,17.3,125.2,0x20,405.003,19.5,-1875,-1,2.2,,
2026-09-04T00:10:45.000Z,M20-409-2-00781,1472515845,43.58887,4.69009,15329.5,4.5,16.3,134.3,-64.9,17.3,125.1,0x20,405.003,4.3,-1875,-1,2.2,,
2026-09-04T00:10:46.000Z,M20-409-2-00781,1472515846,43.58877,4.69024,15334.2,4.5,16.8,133.2,-65.0,17.2,125.0,0x20,405.003,4.6,-1875,-1,2.2,,
2026-09-04T00:10:47.000Z,M20-409-2-00781,1472515847,43.58867,4.69040,15338.8,4.6,16.6,124.5,-65.0,17.2,124.9,0x20,405.003,4.6,-1875,-1,2.2,,
2026-09-04T00:10:48.000Z,M20-409-2-00781,1472515848,43.58859,4.69057,15342.0,2.4,16.6,119.2,-65.1,17.1,124.8,0x20,405.003,11.4,-1875,-1,2.2,,
2026-09-04T00:10:49.000Z,M20-409-2-00781,1472515849,43.58852,4.69076,15346.0,5.2,18.2,121.8,-65.1,17.1,124.7,0x20,405.003,19.8,-1875,-1,2.2,,
2026-09-04T00:10:50.000Z,M20-409-2-00781,1472515850,43.58842,4.69095,15350.9,4.0,18.6,125.8,-65.1,17.0,124.6,0x20,405.003,19.8,-1875,-1,2.2,,
2026-09-04T00:10:51.000Z,M20-409-2-00781,1472515851,43.58832,4.69113,15355.2,4.5,17.6,129.7,-65.2,16.9,124.5,0x20,405.003,17.6,-1875,-1,2.2,,
2026-09-04T00:10:52.000Z,M20-409-2-00781,1472515852,43.58823,4.69128,15360.1,5.3,15.4,131.0,-65.2,16.9,124.5,0x20,405.003,16.0,-1875,-1,2.2,,
2026-09-04T00:10:53.000Z,M20-409-2-00781,1472515853,43.58814,4.69142,15363.9,2.5,14.2,129.0,-65.3,16.8,124.4,0x20,405.003,18.4,-1875,-1,2.2,,
2026-09-04T00:10:54.000Z,M20-409-2-00781,1472515854,43.58806,4.69156,15367.6,4.8,15.4,129.8,-65.3,16.7,124.3,0x20,405.003,18.4,-1875,-1,2.2,,
2026-09-04T00:10:55.000Z,M20-409-2-00781,1472515855,43.58796,4.69172,15372.2,4.5,17.1,130.3,-65.3,16.7,124.2,0x20,405.003,18.3,-1875,-1,2.2,,
2026-09-04T00:10:56.000Z,M20-409-2-00781,1472515856,43.58786,4.69189,15377.3,5.5,18.3,128.3,-65.4,16.7,124.1,0x20,405.003,18.3,-1875,-1,2.2,,
2026-09-04T00:10:57.000Z,M20-409-2-00781,1472515857,43.58777,4.69207,15382.5,4.7,17.7,125.0,-65.4,16.6,124.0,0x20,405.003,17.6,-1875,-1,2.2,,
2026-09-04T00:10:58.000Z,M20-409-2-00781,1472515858,43.58768,4.69225,15386.4,3.9,18.0,124.1,-65.4,16.5,123.9,0x20,405.003,5.8,-1875,-1,2.2,,
2026-09-04T00:10:59.000Z,M20-409-2-00781,1472515859,43.58758,4.69243,15391.4,5.9,19.2,127.8,-65.5,16.5,123.8,0x20,405.003,4.9,-1875,-1,2.2,,
2026-09-04T00:11:00.000Z,M20-409-2-00781,1472515860,43.58747,4.69262,15395.9,3.7,18.8,127.4,-65.5,16.4,123.8,0x20,405.003,4.9,-1875,-1,2.2,,
2026-09-04T00:11:01.000Z,M20-409-2-00781,1472515861,43.58738,4.69280,15400.4,5.7,17.8,128.1,-65.5,16.4,123.7,0x20,405.003,18.3,-1875,-1,2.2,,
2026-09-04T00:11:02.000Z,M20-409-2-00781,1472515862,43.58728,4.69297,15405.5,4.5,16.3,127.0,-65.5,16.3,123.6,0x20,405.003,20.4,-1875,-1,2.2,,
2026-09-04T00:11:03.000Z,M20-409-2-00781,1472515863,43.58719,4.69313,15410.1,6.0,16.3,129.1,-65.5,16.2,123.5,0x20,405.003,20.4,-1875,-1,2.2,,
2026-09-04T00:11:04.000Z,M20-409-2-00781,1472515864,43.58710,4.69329,15414.4,3.7,17.2,128.5,-65.5,16.2,123.4,0x20,405.003,19.1,-1875,-1,2.2,,
2026-09-04T00:11:05.000Z,M20-409-2-00781,1472515865,43.58700,4.69345,15419.1,5.8,17.0,128.3,-65.5,16.1,123.3,0x20,405.003,20.7,-1875,-1,2.2,,
2026-09-04T00:11:06.000Z,M20-409-2-00781,1472515866,43.58691,4.69362,15423.4,3.3,16.0,125.7,-65.5,16.1,123.2,0x20,405.003,21.6,-1875,-1,2.2,,
2026-09-04T00:11:07.000Z,M20-409-2-00781,1472515867,43.58682,4.69379,15427.4,5.2,17.7,125.8,-65.6,16.1,123.1,0x20,405.003,21.6,-1875,-1,2.2,,
2026-09-04T00:11:08.000Z,M20-409-2-00781,1472515868,43.58672,4.69397,15431.4,3.1,18.7,130.2,-65.6,16.0,123.0,0x20,405.003,20.6,-1875,-1,2.2,,
2026-09-04T00:11:09.000Z,M20-409-2-00781,1472515869,43.58661,4.69414,15434.8,4.3,19.6,132.4,-65.6,15.9,123.0,0x20,405.003,18.8,-1875,-1,2.2,,
2026-09-04T00:11:10.000Z,M20-409-2-00781,1472515870,43.58650,4.69432,15439.2,5.1,18.8,132.7,-65.6,15.9,122.8,0x20,405.003,18.8,-1875,-1,2.2,,
2026-09-04T00:11:11.000Z,M20-409-2-00781,1472515871,43.58638,4.69448,15443.7,4.0,17.9,132.4,-65.6,15.8,122.8,0x20,405.003,6.2,-1875,-1,2.2,,
2026-09-04T00:11:12.000Z,M20-409-2-00781,1472515872,43.58628,4.69464,15448.0,5.3,17.7,133.9,-65.5,15.8,122.7,0x20,405.003,5.2,-1875,-1,2.2,,
2026-09-04T00:11:13.000Z,M20-409-2-00781,1472515873,43.58617,4.69480,15451.9,2.7,17.2,132.1,-65.5,15.7,122.6,0x20,405.003,5.2,-1875,-1,2.2,,
2026-09-04T00:11:14.000Z,M20-409-2-00781,1472515874,43.58607,4.69495,15456.1,5.3,16.5,134.8,-65.4,15.7,122.5,0x20,405.003,14.8,-1875,-1,2.2,,
2026-09-04T00:11:15.000Z,M20-409-2-00781,1472515875,43.58597,4.69509,15460.6,4.3,16.1,133.4,-65.4,15.6,122.5,0x20,405.003,17.8,-1875,-1,2.2,,
2026-09-04T00:11:16.000Z,M20-409-2-00781,1472515876,43.58586,4.69524,15465.5,5.3,16.6,132.7,-65.3,15.6,122.4,0x20,405.003,18.9,-1875,-1,2.2,,
2026-09-04T00:11:17.000Z,M20-409-2-00781,1472515877,43.58577,4.69540,15470.1,3.4,17.6,130.2,-65.3,15.5,122.3,0x20,405.003,20.3,-1875,-1,2.2,,
2026-09-04T00:11:18.000Z,M20-409-2-00781,1472515878,43.58566,4.69557,15473.4,3.6,18.5,128.1,-65.2,15.5,122.2,0x20,405.003,20.5,-1875,-1,2.2,,
2026-09-04T00:11:19.000Z,M20-409-2-00781,1472515879,43.58556,4.69574,15477.9,5.7,17.3,130.5,-65.2,15.4,122.1,0x20,405.003,21.1,-1875,-1,2.2,,
2026-09-04T00:11:20.000Z,M20-409-2-00781,1472515880,43.58546,4.69590,15482.4,4.5,16.4,133.4,-65.1,15.4,122.0,0x20,405.003,21.1,-1875,-1,2.2,,
2026-09-04T00:11:21.000Z,M20-409-2-00781,1472515881,43.58535,4.69605,15486.4,5.1,17.2,135.3,-65.1,15.3,122.0,0x20,405.003,21.1,-1875,-1,2.2,,
2026-09-04T00:11:22.000Z,M20-409-2-00781,1472515882,43.58524,4.69620,15490.6,4.3,17.8,136.1,-65.1,15.3,121.9,0x20,405.003,21.0,-1875,-1,2.2,,
2026-09-04T00:11:23.000Z,M20-409-2-00781,1472515883,43.58513,4.69635,15495.2,5.5,17.0,137.0,-65.1,15.2,121.8,0x20,405.003,20.0,-1875,-1,2.2,,
2026-09-04T00:11:24.000Z,M20-409-2-00781,1472515884,43.58502,4.69648,15500.3,4.8,15.0,136.1,-65.1,15.2,121.7,0x20,405.003,6.9,-1875,-1,2.2,,
2026-09-04T00:11:25.000Z,M20-409-2-00781,1472515885,43.58493,4.69661,15504.4,4.1,14.0,137.6,-65.1,15.1,121.6,0x20,405.003,4.0,-1875,-1,2.2,,
2026-09-04T00:11:26.000Z,M20-409-2-00781,1472515886,43.58483,4.69673,15507.9,4.2,14.7,138.1,-65.1,15.1,121.5,0x20,405.003,4.0,-1875,-1,2.2,,
2026-09-04T00:11:27.000Z,M20-409-2-00781,1472515887,43.58473,4.69687,15511.8,4.4,17.7,137.3,-65.1,15.0,121.4,0x20,405.003,19.6,-1875,-1,2.2,,
2026-09-04T00:11:28.000Z,M20-409-2-00781,1472515888,43.58460,4.69702,15515.5,3.4,19.2,138.3,-65.1,15.0,121.4,0x20,405.003,19.6,-1875,-1,2.2,,
2026-09-04T00:11:29.000Z,M20-409-2-00781,1472515889,43.58447,4.69717,15519.4,4.5,17.9,140.7,-65.1,15.0,121.3,0x20,405.003,19.4,-1875,-1,2.2,,
2026-09-04T00:11:30.000Z,M20-409-2-00781,1472515890,43.58436,4.69730,15524.1,4.8,15.9,141.0,-65.1,14.9,121.2,0x20,405.003,22.5,-1875,-1,2.2,,
2026-09-04T00:11:31.000Z,M20-409-2-00781,1472515891,43.58425,4.69742,15528.0,3.1,14.5,139.0,-65.0,14.8,121.1,0x20,405.003,22.5,-1875,-1,2.2,,
2026-09-04T00:11:32.000Z,M20-409-2-00781,1472515892,43.58416,4.69754,15531.4,4.9,14.3,138.1,-65.0,14.8,121.0,0x20,405.003,20.9,-1875,-1,2.2,,
2026-09-04T00:11:33.000Z,M20-409-2-00781,1472515893,43.58406,4.69766,15536.3,4.8,15.3,137.8,-65.0,14.7,120.9,0x20,405.003,21.1,-1875,-1,2.2,,
2026-09-04T00:11:34.000Z,M20-409-2-00781,1472515894,43.58396,4.69779,15540.9,4.5,15.4,138.2,-65.0,14.7,120.8,0x20,405.003,21.1,-1875,-1,2.2,,
2026-09-04T00:11:35.000Z,M20-409-2-00781,1472515895,43.58386,4.69791,15545.7,5.7,14.4,138.7,-65.0,14.7,120.7,0x20,405.003,21.1,-1875,-1,2.2,,
2026-09-04T00:11:36.000Z,M20-409-2-00781,1472515896,43.58376,4.69803,15550.1,4.0,14.2,137.9,-65.0,14.6,120.7,0x20,405.003,21.1,-1875,-1,2.2,,
2026-09-04T00:11:37.000Z,M20-409-2-00781,1472515897,43.58366,4.69815,15555.0,6.2,14.8,139.2,-65.0,14.6,120.6,0x20,405.003,8.3,-1875,-1,2.2,,
2026-09-04T00:11:38.000Z,M20-409-2-00781,1472515898,43.58356,4.69827,15559.5,3.5,16.0,139.6,-65.0,14.6,120.5,0x20,405.003,4.7,-1875,-1,2.2,,
2026-09-04T00:11:39.000Z,M20-409-2-00781,1472515899,43.58345,4.69840,15563.3,4.6,15.6,139.5,-65.0,14.5,120.4,0x20,405.003,11.5,-1875,-1,2.2,,
2026-09-04T00:11:40.000Z,M20-409-2-00781,1472515900,43.58335,4.69853,15567.5,4.7,14.6,137.6,-65.0,14.4,120.3,0x20,405.003,16.3,-1875,-1,2.2,,
2026-09-04T00:11:41.000Z,M20-409-2-00781,1472515901,43.58326,4.69865,15571.5,4.3,13.6,134.7,-65.0,14.4,120.2,0x20,405.003,17.1,-1875,-1,2.2,,
2026-09-04T00:11:42.000Z,M20-409-2-00781,1472515902,43.58317,4.69877,15575.8,5.3,14.0,133.4,-65.0,14.4,120.2,0x20,405.003,17.8,-1875,-1,2.2,,
2026-09-04T00:11:43.000Z,M20-409-2-00781,1472515903,43.58308,4.69890,15579.8,3.2,14.2,136.3,-65.1,14.4,120.1,0x20,405.003,18.2,-1875,-1,2.2,,
2026-09-04T00:11:44.000Z,M20-409-2-00781,1472515904,43.58299,4.69901,15583.5,4.7,13.2,138.0,-65.1,14.3,120.0,0x20,405.003,18.2,-1875,-1,2.2,,
2026-09-04T00:11:45.000Z,M20-409-2-00781,1472515905,43.58290,4.69911,15587.4,3.5,12.2,142.8,-65.1,14.3,119.9,0x20,405.003,19.4,-1875,-1,2.2,,
2026-09-04T00:11:46.000Z,M20-409-2-00781,1472515906,43.58281,4.69920,15591.7,5.5,12.0,145.6,-65.1,14.2,119.8,0x20,405.003,19.4,-1875,-1,2.2,,
2026-09-04T00:11:47.000Z,M20-409-2-00781,1472515907,43.58272,4.69929,15596.1,3.9,13.7,146.4,-65.1,14.2,119.7,0x20,405.003,18.5,-1875,-1,2.2,,
2026-09-04T00:11:48.000Z,M20-409-2-00781,1472515908,43.58261,4.69939,15600.8,5.3,14.3,145.5,-65.1,14.1,119.6,0x20,405.003,17.7,-1875,-1,2.2,,
2026-09-04T00:11:49.000Z,M20-409-2-00781,1472515909,43.58251,4.69948,15605.5,4.2,12.9,143.8,-65.1,14.1,119.5,0x20,405.003,17.0,-1875,-1,2.2,,
2026-09-04T00:11:50.000Z,M20-409-2-00781,1472515910,43.58242,4.69958,15608.9,2.8,13.0,140.9,-65.1,14.0,119.5,0x20,405.003,6.9,-1875,-1,2.2,,
2026-09-04T00:11:51.000Z,M20-409-2-00781,1472515911,43.58233,4.69969,15612.5,4.7,13.3,134.6,-65.1,14.0,119.4,0x20,405.003,4.2,-1875,-1,2.2,,
2026-09-04T00:11:52.000Z,M20-409-2-00781,1472515912,43.58225,4.69982,15616.6,4.0,14.5,132.7,-65.1,13.9,119.3,0x20,405.003,9.2,-1875,-1,2.2,,
2026-09-04T00:11:53.000Z,M20-409-2-00781,1472515913,43.58216,4.69994,15620.8,5.4,14.4,137.7,-65.1,13.9,119.2,0x20,405.003,17.6,-1875,-1,2.2,,
2026-09-04T00:11:54.000Z,M20-409-2-00781,1472515914,43.58206,4.70005,15625.6,3.7,13.4,143.9,-65.1,13.9,119.1,0x20,405.003,17.6,-1875,-1,2.2,,
2026-09-04T00:11:55.000Z,M20-409-2-00781,1472515915,43.58197,4.70014,15628.9,3.4,12.4,146.3,-65.1,13.8,119.1,0x20,405.003,16.9,-1875,-1,2.2,,
2026-09-04T00:11:56.000Z,M20-409-2-00781,1472515916,43.58188,4.70023,15632.8,4.7,12.3,141.4,-65.1,13.8,119.0,0x20,405.003,19.5,-1875,-1,2.2,,
2026-09-04T00:11:57.000Z,M20-409-2-00781,1472515917,43.58179,4.70033,15636.9,3.4,12.7,135.2,-65.1,13.8,118.9,0x20,405.003,20.3,-1875,-1,2.2,,
2026-09-04T00:11:58.000Z,M20-409-2-00781,1472515918,43.58171,4.70045,15640.9,5.0,13.3,135.8,-65.1,13.7,118.8,0x20,405.003,20.6,-1875,-1,2.2,,
2026-09-04T00:11:59.000Z,M20-409-2-00781,1472515919,43.58162,4.70056,15645.0,3.0,13.7,140.7,-65.2,13.7,118.8,0x20,405.003,20.6,-1875,-1,2.2,,
2026-09-04T00:12:00.000Z,M20-409-2-00781,1472515920,43.58152,4.70066,15648.8,4.5,14.0,144.2,-65.2,13.6,118.7,0x20,405.003,20.6,-1875,-1,2.2,,
2026-09-04T00:12:01.000Z,M20-409-2-00781,1472515921,43.58142,4.70076,15652.6,3.2,14.8,144.8,-65.2,13.7,118.6,0x20,405.003,17.6,-1875,-1,2.2,,
2026-09-04T00:12:02.000Z,M20-409-2-00781,1472515922,43.58132,4.70087,15656.5,3.7,14.0,142.6,-65.2,13.6,118.5,0x20,405.003,16.0,-1875,-1,2.2,,
2026-09-04T00:12:03.000Z,M20-409-2-00781,1472515923,43.58122,4.70097,15661.1,5.5,13.0,146.2,-65.3,13.5,118.4,0x20,405.003,5.4,-1875,-1,2.2,,
2026-09-04T00:12:04.000Z,M20-409-2-00781,1472515924,43.58113,4.70105,15666.0,4.2,11.4,147.0,-65.3,13.5,118.3,0x20,405.003,5.4,-1875,-1,2.2,,
2026-09-04T00:12:05.000Z,M20-409-2-00781,1472515925,43.58105,4.70113,15670.6,5.1,10.7,139.4,-65.3,13.5,118.2,0x20,405.003,7.4,-1875,-1,2.2,,
2026-09-04T00:12:06.000Z,M20-409-2-00781,1472515926,43.58097,4.70122,15674.2,2.5,11.1,133.9,-65.3,13.5,118.2,0x20,405.003,18.6,-1875,-1,2.2,,
2026-09-04T00:12:07.000Z,M20-409-2-00781,1472515927,43.58090,4.70133,15677.6,4.2,11.6,132.2,-65.4,13.4,118.1,0x20,405.003,19.1,-1875,-1,2.2,,
2026-09-04T00:12:08.000Z,M20-409-2-00781,1472515928,43.58083,4.70143,15682.2,5.3,12.1,138.4,-65.4,13.3,118.0,0x20,405.003,19.1,-1875,-1,2.2,,
2026-09-04T00:12:09.000Z,M20-409-2-00781,1472515929,43.58074,4.70153,15687.0,4.6,13.3,141.2,-65.4,13.3,117.9,0x20,405.003,18.2,-1875,-1,2.2,,
2026-09-04T00:12:10.000Z,M20-409-2-00781,1472515930,43.58064,4.70164,15691.3,4.5,14.2,139.9,-65.5,13.2,117.8,0x20,405.003,17.1,-1875,-1,2.2,,
2026-09-04T00:12:11.000Z,M20-409-2-00781,1472515931,43.58055,4.70175,15695.5,3.4,14.0,139.1,-65.5,13.3,117.8,0x20,405.003,18.7,-1875,-1,2.2,,
2026-09-04T00:12:12.000Z,M20-409-2-00781,1472515932,43.58046,4.70186,15699.8,5.6,12.9,139.9,-65.5,13.2,117.7,0x20,405.003,20.1,-1875,-1,2.2,,
2026-09-04T00:12:13.000Z,M20-409-2-00781,1472515933,43.58037,4.70196,15704.6,3.8,12.3,142.2,-65.5,13.1,117.6,0x20,405.003,20.1,-1875,-1,2.2,,
2026-09-04T00:12:14.000Z,M20-409-2-00781,1472515934,43.58028,4.70205,15709.7,6.1,11.4,140.6,-65.5,13.1,117.5,0x20,405.003,19.4,-1875,-1,2.2,,
2026-09-04T00:12:15.000Z,M20-409-2-00781,1472515935,43.58021,4.70214,15713.8,2.9,11.2,135.0,-65.6,13.1,117.4,0x20,405.003,19.0,-1875,-1,2.2,,
2026-09-04T00:12:16.000Z,M20-409-2-00781,1472515936,43.58014,4.70224,15717.7,5.5,11.4,134.4,-65.6,13.0,117.3,0x20,405.003,19.0,-1875,-1,2.2,,
2026-09-04T00:12:17.000Z,M20-409-2-00781,1472515937,43.58006,4.70234,15721.7,3.0,11.1,140.4,-65.7,13.0,117.3,0x20,405.003,4.0,-1875,-1,2.2,,
2026-09-04T00:12:18.000Z,M20-409-2-00781,1472515938,43.57998,4.70243,15725.5,4.8,12.2,140.0,-65.7,13.0,117.2,0x20,405.003,8.8,-1875,-1,2.2,,
2026-09-04T00:12:19.000Z,M20-409-2-00781,1472515939,43.57989,4.70254,15729.4,3.4,13.8,135.4,-65.7,12.9,117.1,0x20,405.003,16.1,-1875,-1,2.2,,
2026-09-04T00:12:20.000Z,M20-409-2-00781,1472515940,43.57981,4.70266,15733.0,3.9,13.9,134.4,-65.8,12.9,117.0,0x20,405.003,16.1,-1875,-1,2.2,,
2026-09-04T00:12:21.000Z,M20-409-2-00781,1472515941,43.57972,4.70277,15737.3,4.7,12.5,139.4,-65.8,12.8,117.0,0x20,405.003,15.7,-1875,-1,2.2,,
2026-09-04T00:12:22.000Z,M20-409-2-00781,1472515942,43.57963,4.70287,15741.6,3.7,12.1,143.6,-65.8,12.8,116.8,0x20,405.003,18.4,-1875,-1,2.2,,
2026-09-04T00:12:23.000Z,M20-409-2-00781,1472515943,43.57954,4.70295,15745.7,3.9,11.8,144.2,-65.8,12.8,116.8,0x20,405.003,19.2,-1875,-1,2.2,,
2026-09-04T00:12:24.000Z,M20-409-2-00781,1472515944,43.57946,4.70305,15749.6,4.6,13.5,137.5,-65.9,12.7,116.7,0x20,405.003,19.2,-1875,-1,2.2,,
2026-09-04T00:12:25.000Z,M20-409-2-00781,1472515945,43.57937,4.70317,15754.2,4.8,13.8,133.6,-65.9,12.7,116.6,0x20,405.003,17.7,-1875,-1,2.2,,
2026-09-04T00:12:26.000Z,M20-409-2-00781,1472515946,43.57929,4.70329,15759.2,5.0,12.9,133.1,-65.9,12.7,116.5,0x20,405.003,17.7,-1875,-1,2.2,,
2026-09-04T00:12:27.000Z,M20-409-2-00781,1472515947,43.57921,4.70340,15762.9,3.5,11.7,133.3,-65.9,12.6,116.5,0x20,405.003,16.1,-1875,-1,2.2,,
2026-09-04T00:12:28.000Z,M20-409-2-00781,1472515948,43.57914,4.70351,15766.8,4.4,12.0,129.0,-65.9,12.6,116.4,0x20,405.003,16.1,-1875,-1,2.2,,
2026-09-04T00:12:29.000Z,M20-409-2-00781,1472515949,43.57908,4.70363,15770.6,3.0,12.3,124.1,-65.9,12.6,116.3,0x20,405.003,16.1,-1875,-1,2.2,,
2026-09-04T00:12:30.000Z,M20-409-2-00781,1472515950,43.57902,4.70375,15774.8,5.9,12.1,128.9,-66.0,12.5,116.2,0x20,405.003,4.3,-1875,-1,2.2,,
2026-09-04T00:12:31.000Z,M20-409-2-00781,1472515951,43.57894,4.70387,15779.5,3.4,11.5,134.4,-66.0,12.4,116.1,0x20,405.003,8.6,-1875,-1,2.2,,
2026-09-04T00:12:32.000Z,M20-409-2-00781,1472515952,43.57887,4.70397,15783.8,5.2,12.3,138.5,-66.0,12.5,116.1,0x20,405.003,17.5,-1875,-1,2.2,,
2026-09-04T00:12:33.000Z,M20-409-2-00781,1472515953,43.57878,4.70407,15788.4,4.3,13.2,135.3,-66.0,12.4,116.0,0x20,405.003,17.5,-1875,-1,2.2,,
2026-09-04T00:12:34.000Z,M20-409-2-00781,1472515954,43.57870,4.70419,15792.9,4.8,13.5,134.1,-66.1,12.3,115.9,0x20,405.003,17.0,-1875,-1,2.2,,
2026-09-04T00:12:35.000Z,M20-409-2-00781,1472515955,43.57862,4.70431,15797.8,5.2,12.5,134.8,-66.1,12.3,115.8,0x20,405.003,18.6,-1875,-1,2.2,,
2026-09-04T00:12:36.000Z,M20-409-2-00781,1472515956,43.57854,4.70441,15802.0,3.1,11.6,136.0,-66.1,12.3,115.7,0x20,405.003,20.5,-1875,-1,2.2,,
2026-09-04T00:12:37.000Z,M20-409-2-00781,1472515957,43.57847,4.70452,15805.1,4.9,11.9,130.3,-66.0,12.3,115.7,0x20,405.003,20.5,-1875,-1,2.2,,
2026-09-04T00:12:38.000Z,M20-409-2-00781,1472515958,43.57840,4.70463,15808.8,3.5,12.0,130.3,-66.0,12.2,115.6,0x20,405.003,20.2,-1875,-1,2.2,,
2026-09-04T00:12:39.000Z,M20-409-2-00781,1472515959,43.57833,4.70474,15813.1,5.2,11.9,133.7,-66.0,12.2,115.5,0x20,405.003,19.7,-1875,-1,2.2,,
2026-09-04T00:12:40.000Z,M20-409-2-00781,1472515960,43.57825,4.70484,15816.9,3.5,11.8,140.7,-65.9,12.2,115.4,0x20,405.003,16.4,-1875,-1,2.2,,
2026-09-04T00:12:41.000Z,M20-409-2-00781,1472515961,43.57816,4.70494,15820.8,4.4,12.1,138.9,-65.8,12.1,115.3,0x20,405.003,16.4,-1875,-1,2.2,,
2026-09-04T00:12:42.000Z,M20-409-2-00781,1472515962,43.57809,4.70504,15825.6,5.2,12.1,131.5,-65.8,12.1,115.2,0x20,405.003,4.2,-1875,-1,2.2,,
2026-09-04T00:12:43.000Z,M20-409-2-00781,1472515963,43.57802,4.70516,15829.9,4.1,11.9,129.8,-65.7,12.0,115.2,0x20,405.003,4.2,-1875,-1,2.2,,
2026-09-04T00:12:44.000Z,M20-409-2-00781,1472515964,43.57795,4.70526,15835.0,4.9,10.6,132.7,-65.5,12.0,115.1,0x20,405.003,15.5,-1875,-1,2.2,,
2026-09-04T00:12:45.000Z,M20-409-2-00781,1472515965,43.57789,4.70535,15838.9,3.8,9.3,136.0,-65.4,12.0,115.0,0x20,405.003,19.5,-1875,-1,2.2,,
2026-09-04T00:12:46.000Z,M20-409-2-00781,1472515966,43.57783,4.70543,15842.8,4.9,10.3,132.0,-65.2,12.0,114.9,0x20,405.003,19.5,-1875,-1,2.2,,
2026-09-04T00:12:47.000Z,M20-409-2-00781,1472515967,43.57776,4.70553,15847.1,4.2,10.8,133.6,-65.1,11.9,114.9,0x20,405.003,19.5,-1875,-1,2.2,,
2026-09-04T00:12:48.000Z,M20-409-2-00781,1472515968,43.57769,4.70562,15851.7,5.1,10.6,137.9,-65.0,11.9,114.8,0x20,405.003,17.1,-1875,-1,2.2,,
2026-09-04T00:12:49.000Z,M20-409-2-00781,1472515969,43.57762,4.70570,15855.0,3.1,11.2,146.7,-64.9,11.9,114.7,0x20,405.003,15.6,-1875,-1,2.2,,
2026-09-04T00:12:50.000Z,M20-409-2-00781,1472515970,43.57753,4.70578,15859.1,4.7,12.3,147.3,-64.8,11.9,114.6,0x20,405.003,15.7,-1875,-1,2.2,,
2026-09-04T00:12:51.000Z,M20-409-2-00781,1472515971,43.57744,4.70588,15863.9,4.3,13.5,141.9,-64.8,11.8,114.5,0x20,405.003,17.7,-1875,-1,2.2,,
2026-09-04T00:12:52.000Z,M20-409-2-00781,1472515972,43.57734,4.70599,15867.3,3.5,14.1,138.9,-64.8,11.8,114.5,0x20,405.003,17.7,-1875,-1,2.2,,
2026-09-04T00:12:53.000Z,M20-409-2-00781,1472515973,43.57725,4.70609,15872.3,6.0,13.0,140.0,-64.8,11.8,114.4,0x20,405.003,17.9,-1875,-1,2.2,,
2026-09-04T00:12:54.000Z,M20-409-2-00781,1472515974,43.57717,4.70619,15876.6,2.6,11.6,141.7,-64.8,11.8,114.3,0x20,405.003,17.9,-1875,-1,2.2,,
2026-09-04T00:12:55.000Z,M20-409-2-00781,1472515975,43.57709,4.70628,15880.3,5.0,11.2,137.1,-64.9,11.8,114.2,0x20,405.003,3.6,-1875,-1,2.2,,
2026-09-04T00:12:56.000Z,M20-409-2-00781,1472515976,43.57701,4.70638,15884.5,3.9,11.5,133.2,-64.9,11.8,114.1,0x20,405.003,3.4,-1875,-1,2.2,,
2026-09-04T00:12:57.000Z,M20-409-2-00781,1472515977,43.57694,4.70648,15889.2,5.6,11.3,136.9,-64.9,11.7,114.1,0x20,405.003,11.7,-1875,-1,2.2,,
2026-09-04T00:12:58.000Z,M20-409-2-00781,1472515978,43.57686,4.70656,15894.4,5.0,11.3,144.3,-64.9,11.7,114.0,0x20,405.003,13.9,-1875,-1,2.2,,
2026-09-04T00:12:59.000Z,M20-409-2-00781,1472515979,43.57678,4.70665,15898.3,4.7,12.2,143.5,-64.8,11.6,113.9,0x20,405.003,15.9,-1875,-1,2.2,,
2026-09-04T00:13:00.000Z,M20-409-2-00781,1472515980,43.57669,4.70674,15903.3,4.8,13.5,140.4,-64.8,11.7,113.8,0x20,405.003,16.4,-1875,-1,2.2,,
2026-09-04T00:13:01.000Z,M20-409-2-00781,1472515981,43.57660,4.70685,15907.6,3.6,14.4,139.3,-64.8,11.6,113.7,0x20,405.003,16.4,-1875,-1,2.2,,
2026-09-04T00:13:02.000Z,M20-409-2-00781,1472515982,43.57650,4.70696,15912.1,5.1,13.6,141.2,-64.8,11.6,113.6,0x20,405.003,16.4,-1875,-1,2.2,,
2026-09-04T00:13:03.000Z,M20-409-2-00781,1472515983,43.57641,4.70706,15916.3,3.1,12.0,142.8,-64.8,11.6,113.6,0x20,405.003,17.1,-1875,-1,2.2,,
2026-09-04T00:13:04.000Z,M20-409-2-00781,1472515984,43.57633,4.70716,15920.4,5.2,12.3,139.7,-64.7,11.6,113.5,0x20,405.003,18.0,-1875,-1,2.2,,
2026-09-04T00:13:05.000Z,M20-409-2-00781,1472515985,43.57625,4.70726,15924.3,2.7,12.0,132.3,-64.6,11.5,113.4,0x20,405.003,19.9,-1875,-1,2.2,,
2026-09-04T00:13:06.000Z,M20-409-2-00781,1472515986,43.57618,4.70737,15927.9,4.2,11.9,129.0,-64.5,11.5,113.3,0x20,405.003,19.9,-1875,-1,2.2,,
2026-09-04T00:13:07.000Z,M20-409-2-00781,1472515987,43.57611,4.70748,15932.2,4.7,11.0,129.6,-64.4,11.4,113.2,0x20,405.003,10.3,-1875,-1,2.2,,
2026-09-04T00:13:08.000Z,M20-409-2-00781,1472515988,43.57605,4.70759,15936.5,4.3,11.5,132.0,-64.3,11.4,113.2,0x20,405.003,3.9,-1875,-1,2.2,,
2026-09-04T00:13:09.000Z,M20-409-2-00781,1472515989,43.57597,4.70770,15940.8,4.5,13.5,135.2,-64.3,11.5,113.1,0x20,405.003,3.7,-1875,-1,2.2,,
2026-09-04T00:13:10.000Z,M20-409-2-00781,1472515990,43.57588,4.70782,15944.8,3.8,13.9,137.9,-64.3,11.4,113.0,0x20,405.003,10.6,-1875,-1,2.2,,
2026-09-04T00:13:11.000Z,M20-409-2-00781,1472515991,43.57579,4.70793,15950.0,5.6,13.5,142.4,-64.3,11.4,112.9,0x20,405.003,14.0,-1875,-1,2.2,,
2026-09-04T00:13:12.000Z,M20-409-2-00781,1472515992,43.57570,4.70802,15954.5,3.6,12.2,143.6,-64.3,11.4,112.9,0x20,405.003,19.8,-1875,-1,2.2,,
2026-09-04T00:13:13.000Z,M20-409-2-00781,1472515993,43.57561,4.70812,15959.1,5.5,12.3,140.5,-64.2,11.3,112.8,0x20,405.003,19.8,-1875,-1,2.2,,
2026-09-04T00:13:14.000Z,M20-409-2-00781,1472515994,43.57553,4.70822,15962.9,3.0,12.5,135.5,-64.2,11.3,112.7,0x20,405.003,18.7,-1875,-1,2.2,,
2026-09-04T00:13:15.000Z,M20-409-2-00781,1472515995,43.57545,4.70833,15967.2,5.4,11.5,136.5,-64.1,11.3,112.6,0x20,405.003,17.6,-1875,-1,2.2,,
2026-09-04T00:13:16.000Z,M20-409-2-00781,1472515996,43.57538,4.70841,15972.7,4.8,10.5,142.6,-64.0,11.3,112.5,0x20,405.003,17.3,-1875,-1,2.2,,
2026-09-04T00:13:17.000Z,M20-409-2-00781,1472515997,43.57530,4.70849,15977.3,5.0,11.1,144.8,-63.8,11.3,112.4,0x20,405.003,16.8,-1875,-1,2.2,,
2026-09-04T00:13:18.000Z,M20-409-2-00781,1472515998,43.57521,4.70858,15981.5,4.0,12.5,141.8,-63.7,11.3,112.3,0x20,405.003,19.9,-1875,-1,2.2,,
2026-09-04T00:13:19.000Z,M20-409-2-00781,1472515999,43.57512,4.70867,15985.4,4.0,12.8,142.2,-63.7,11.3,112.3,0x20,405.003,19.9,-1875,-1,2.2,,
2026-09-04T00:13:20.000Z,M20-409-2-00781,1472516000,43.57503,4.70877,15989.7,5.0,12.6,145.2,-63.6,11.3,112.2,0x20,405.003,5.8,-1875,-1,2.2,,
2026-09-04T00:13:21.000Z,M20-409-2-00781,1472516001,43.57494,4.70885,15994.6,4.2,12.5,148.3,-63.6,11.3,112.1,0x20,405.003,4.6,-1875,-1,2.2,,
2026-09-04T00:13:22.000Z,M20-409-2-00781,1472516002,43.57484,4.70894,15999.5,5.7,13.5,145.3,-63.5,11.2,112.0,0x20,405.003,3.6,-1875,-1,2.2,,
2026-09-04T00:13:23.000Z,M20-409-2-00781,1472516003,43.57474,4.70903,16003.9,3.6,13.5,145.8,-63.5,11.2,112.0,0x20,405.003,14.6,-1875,-1,2.2,,
2026-09-04T00:13:24.000Z,M20-409-2-00781,1472516004,43.57464,4.70911,16008.4,4.8,12.1,148.9,-63.5,11.2,111.8,0x20,405.003,19.8,-1875,-1,2.2,,
2026-09-04T00:13:25.000Z,M20-409-2-00781,1472516005,43.57455,4.70919,16012.9,3.9,11.6,152.2,-63.5,11.2,111.8,0x20,405.003,19.8,-1875,-1,2.2,,
2026-09-04T00:13:26.000Z,M20-409-2-00781,1472516006,43.57446,4.70926,16017.5,5.0,11.8,151.1,-63.4,11.1,111.7,0x20,405.003,18.2,-1875,-1,2.2,,
2026-09-04T00:13:27.000Z,M20-409-2-00781,1472516007,43.57437,4.70933,16021.5,3.3,11.8,146.4,-63.3,11.1,111.6,0x20,405.003,17.3,-1875,-1,2.2,,
2026-09-04T00:13:28.000Z,M20-409-2-00781,1472516008,43.57428,4.70941,16025.0,4.1,11.3,143.9,-63.2,11.1,111.5,0x20,405.003,20.6,-1875,-1,2.2,,
2026-09-04T00:13:29.000Z,M20-409-2-00781,1472516009,43.57420,4.70949,16030.0,5.1,10.7,148.5,-63.0,11.1,111.5,0x20,405.003,20.6,-1875,-1,2.2,,
2026-09-04T00:13:30.000Z,M20-409-2-00781,1472516010,43.57412,4.70956,16033.9,3.6,10.2,150.9,-62.8,11.1,111.4,0x20,405.003,17.5,-1875,-1,2.2,,
2026-09-04T00:13:31.000Z,M20-409-2-00781,1472516011,43.57404,4.70962,16038.9,6.7,10.6,145.9,-62.7,11.1,111.3,0x20,405.003,18.0,-1875,-1,2.2,,
2026-09-04T00:13:32.000Z,M20-409-2-00781,1472516012,43.57395,4.70971,16043.8,4.1,11.8,142.4,-62.7,11.0,111.2,0x20,405.003,18.0,-1875,-1,2.2,,
2026-09-04T00:13:33.000Z,M20-409-2-00781,1472516013,43.57387,4.70979,16047.8,4.9,11.3,144.8,-62.7,11.1,111.2,0x20,405.003,4.8,-1875,-1,2.2,,
2026-09-04T00:13:34.000Z,M20-409-2-00781,1472516014,43.57379,4.70987,16052.1,3.9,10.6,149.1,-62.7,11.0,111.1,0x20,405.003,3.7,-1875,-1,2.2,,
2026-09-04T00:13:35.000Z,M20-409-2-00781,1472516015,43.57371,4.70994,16055.6,4.4,9.9,147.2,-62.7,11.1,111.0,0x20,405.003,3.7,-1875,-1,2.2,,
2026-09-04T00:13:36.000Z,M20-409-2-00781,1472516016,43.57364,4.71001,16059.8,4.3,10.0,140.8,-62.7,11.0,110.9,0x20,405.003,15.5,-1875,-1,2.2,,
2026-09-04T00:13:37.000Z,M20-409-2-00781,1472516017,43.57357,4.71009,16064.3,5.2,10.5,139.4,-62.7,11.0,110.9,0x20,405.003,17.2,-1875,-1,2.2,,
2026-09-04T00:13:38.000Z,M20-409-2-00781,1472516018,43.57349,4.71017,16069.2,5.5,10.2,143.1,-62.7,11.0,110.8,0x20,405.003,17.2,-1875,-1,2.2,,
2026-09-04T00:13:39.000Z,M20-409-2-00781,1472516019,43.57342,4.71023,16073.6,3.7,9.8,152.3,-62.8,11.0,110.7,0x20,405.003,19.3,-1875,-1,2.2,,
2026-09-04T00:13:40.000Z,M20-409-2-00781,1472516020,43.57334,4.71030,16078.1,5.5,10.9,150.4,-62.8,10.9,110.6,0x20,405.003,21.1,-1875,-1,2.2,,
2026-09-04T00:13:41.000Z,M20-409-2-00781,1472516021,43.57325,4.71037,16082.5,3.6,11.6,146.1,-62.8,10.9,110.5,0x20,405.003,21.1,-1875,-1,2.2,,
2026-09-04T00:13:42.000Z,M20-409-2-00781,1472516022,43.57317,4.71045,16086.5,5.0,11.2,145.4,-62.8,10.9,110.4,0x20,405.003,20.4,-1875,-1,2.2,,
2026-09-04T00:13:43.000Z,M20-409-2-00781,1472516023,43.57309,4.71052,16091.2,4.5,9.6,149.8,-62.8,10.9,110.3,0x20,405.003,18.8,-1875,-1,2.2,,
2026-09-04T00:13:44.000Z,M20-409-2-00781,1472516024,43.57302,4.71057,16095.6,4.7,8.3,149.3,-62.8,10.8,110.3,0x20,405.003,19.5,-1875,-1,2.2,,
2026-09-04T00:13:45.000Z,M20-409-2-00781,1472516025,43.57296,4.71063,16099.7,4.2,8.0,140.9,-62.9,10.8,110.2,0x20,405.003,19.5,-1875,-1,2.2,,
2026-09-04T00:13:46.000Z,M20-409-2-00781,1472516026,43.57290,4.71070,16104.0,4.8,8.8,137.4,-62.9,10.8,110.1,0x20,405.003,10.6,-1875,-1,2.2,,
2026-09-04T00:13:47.000Z,M20-409-2-00781,1472516027,43.57284,4.71077,16108.6,4.6,8.8,142.2,-62.9,10.8,110.0,0x20,405.003,4.9,-1875,-1,2.2,,
2026-09-04T00:13:48.000Z,M20-409-2-00781,1472516028,43.57278,4.71083,16113.2,4.3,9.1,146.4,-63.0,10.8,110.0,0x20,405.003,4.5,-1875,-1,2.2,,
2026-09-04T00:13:49.000Z,M20-409-2-00781,1472516029,43.57271,4.71090,16117.9,5.1,10.1,140.7,-63.0,10.8,109.9,0x20,405.003,16.5,-1875,-1,2.2,,
2026-09-04T00:13:50.000Z,M20-409-2-00781,1472516030,43.57264,4.71098,16122.5,4.6,10.5,140.0,-63.0,10.7,109.8,0x20,405.003,18.1,-1875,-1,2.2,,
2026-09-04T00:13:51.000Z,M20-409-2-00781,1472516031,43.57257,4.71106,16127.4,5.3,9.9,141.5,-63.1,10.7,109.7,0x20,405.003,21.7,-1875,-1,2.2,,
2026-09-04T00:13:52.000Z,M20-409-2-00781,1472516032,43.57250,4.71112,16131.9,3.1,8.7,149.1,-63.1,10.7,109.6,0x20,405.003,23.2,-1875,-1,2.2,,
2026-09-04T00:13:53.000Z,M20-409-2-00781,1472516033,43.57243,4.71118,16135.8,4.9,7.8,146.5,-63.1,10.6,109.5,0x20,405.003,23.2,-1875,-1,2.2,,
2026-09-04T00:13:54.000Z,M20-409-2-00781,1472516034,43.57238,4.71124,16140.1,3.6,8.0,139.8,-63.1,10.6,109.5,0x20,405.003,22.7,-1875,-1,2.2,,
2026-09-04T00:13:55.000Z,M20-409-2-00781,1472516035,43.57232,4.71130,16144.7,5.5,7.8,139.7,-63.0,10.6,109.4,0x20,405.003,22.7,-1875,-1,2.2,,
2026-09-04T00:13:56.000Z,M20-409-2-00781,1472516036,43.57226,4.71136,16149.4,4.7,7.4,146.1,-63.0,10.5,109.3,0x20,405.003,22.2,-1875,-1,2.2,,
2026-09-04T00:13:57.000Z,M20-409-2-00781,1472516037,43.57220,4.71142,16154.2,4.7,8.1,149.8,-63.0,10.5,109.2,0x20,405.003,22.1,-1875,-1,2.2,,
2026-09-04T00:13:58.000Z,M20-409-2-00781,1472516038,43.57214,4.71148,16159.0,5.1,8.8,140.9,-63.0,10.5,109.1,0x20,405.003,21.6,-2250,-1,2.2,,
2026-09-04T00:13:59.000Z,M20-409-2-00781,1472516039,43.57208,4.71156,16163.5,4.3,9.4,137.8,-63.1,10.4,109.0,0x20,405.003,6.5,-2250,-1,2.2,,
2026-09-04T00:14:00.000Z,M20-409-2-00781,1472516040,43.57202,4.71163,16168.3,5.2,8.7,138.4,-63.1,10.4,109.0,0x20,405.003,4.6,-1875,-1,2.2,,
2026-09-04T00:14:01.000Z,M20-409-2-00781,1472516041,43.57196,4.71170,16172.5,3.1,8.7,144.0,-63.1,10.4,108.9,0x20,405.003,10.9,-2250,-1,2.2,,
2026-09-04T00:14:02.000Z,M20-409-2-00781,1472516042,43.57189,4.71176,16176.3,4.5,8.7,146.6,-63.1,10.3,108.8,0x20,405.003,15.0,-2250,-1,2.2,,
2026-09-04T00:14:03.000Z,M20-409-2-00781,1472516043,43.57182,4.71183,16181.3,5.4,9.0,138.2,-63.1,10.3,108.7,0x20,405.003,19.4,-1875,-1,2.2,,
2026-09-04T00:14:04.000Z,M20-409-2-00781,1472516044,43.57176,4.71191,16186.6,5.2,9.1,135.4,-63.1,10.3,108.6,0x20,405.003,19.8,-1875,-1,2.2,,
2026-09-04T00:14:05.000Z,M20-409-2-00781,1472516045,43.57170,4.71198,16192.2,5.9,8.6,143.2,-63.1,10.2,108.5,0x20,405.003,23.3,-1875,-1,2.2,,
2026-09-04T00:14:06.000Z,M20-409-2-00781,1472516046,43.57164,4.71204,16196.9,3.9,7.8,150.1,-63.1,10.2,108.5,0x20,405.003,23.3,-1875,-1,2.2,,
2026-09-04T00:14:07.000Z,M20-409-2-00781,1472516047,43.57158,4.71209,16201.7,5.8,7.3,150.2,-63.2,10.2,108.4,0x20,405.003,23.0,-1875,-1,2.2,,
2026-09-04T00:14:08.000Z,M20-409-2-00781,1472516048,43.57152,4.71214,16206.0,3.3,7.2,143.8,-63.2,10.1,108.3,0x20,405.003,22.2,-1875,-1,2.2,,
2026-09-04T00:14:09.000Z,M20-409-2-00781,1472516049,43.57147,4.71218,16210.0,4.6,6.3,143.0,-63.2,10.1,108.2,0x20,405.003,21.5,-1875,-1,2.2,,
2026-09-04T00:14:10.000Z,M20-409-2-00781,1472516050,43.57142,4.71223,16213.7,3.2,6.1,152.7,-63.2,10.1,108.2,0x20,405.003,19.2,-1875,-1,2.2,,
2026-09-04T00:14:11.000Z,M20-409-2-00781,1472516051,43.57138,4.71226,16217.4,4.0,5.5,154.0,-63.2,10.0,108.1,0x20,405.003,18.8,-1875,-1,2.2,,
2026-09-04T00:14:12.000Z,M20-409-2-00781,1472516052,43.57133,4.71229,16222.2,5.5,5.7,145.2,-63.2,10.0,108.0,0x20,405.003,6.8,-1875,-1,2.2,,
2026-09-04T00:14:13.000Z,M20-409-2-00781,1472516053,43.57129,4.71234,16226.4,3.2,5.5,133.5,-63.2,10.0,107.9,0x20,405.003,6.8,-2250,-1,2.2,,
2026-09-04T00:14:14.000Z,M20-409-2-00781,1472516054,43.57126,4.71239,16230.2,4.7,4.5,139.4,-63.3,10.0,107.9,0x20,405.003,4.3,-2250,-1,2.2,,
2026-09-04T00:14:15.000Z,M20-409-2-00781,1472516055,43.57122,4.71242,16234.8,4.2,4.5,150.9,-63.3,9.9,107.8,0x20,405.003,20.4,-2625,-1,2.2,,
2026-09-04T00:14:16.000Z,M20-409-2-00781,1472516056,43.57118,4.71246,16239.3,4.3,6.0,156.8,-63.3,9.9,107.7,0x20,405.003,20.7,-2625,-1,2.2,,
2026-09-04T00:14:17.000Z,M20-409-2-00781,1472516057,43.57112,4.71250,16244.1,5.2,7.1,148.6,-63.2,9.8,107.6,0x20,405.003,20.7,-2250,-1,2.2,,
2026-09-04T00:14:18.000Z,M20-409-2-00781,1472516058,43.57106,4.71255,16248.9,4.5,8.2,145.7,-63.2,9.7,107.5,0x20,405.003,18.9,-2250,-1,2.2,,
2026-09-04T00:14:19.000Z,M20-409-2-00781,1472516059,43.57101,4.71260,16254.0,6.1,6.7,144.8,-63.2,9.7,107.5,0x20,405.003,18.9,-2250,-1,2.2,,
2026-09-04T00:14:20.000Z,M20-409-2-00781,1472516060,43.57096,4.71264,16258.9,3.9,5.3,147.9,-63.2,9.7,107.4,0x20,405.003,20.4,-2250,-1,2.2,,
2026-09-04T00:14:21.000Z,M20-409-2-00781,1472516061,43.57093,4.71268,16263.3,4.8,4.6,130.7,-63.3,9.7,107.3,0x20,405.003,21.0,-2250,-1,2.2,,
2026-09-04T00:14:22.000Z,M20-409-2-00781,1472516062,43.57090,4.71274,16267.5,3.8,5.9,122.9,-63.3,9.6,107.2,0x20,405.003,21.0,-2625,-1,2.2,,
2026-09-04T00:14:23.000Z,M20-409-2-00781,1472516063,43.57087,4.71280,16271.5,3.9,6.1,124.6,-63.2,9.6,107.1,0x20,405.003,20.7,-2625,-1,2.2,,
2026-09-04T00:14:24.000Z,M20-409-2-00781,1472516064,43.57083,4.71285,16276.4,6.0,5.5,136.9,-63.2,9.6,107.0,0x20,405.003,12.4,-2250,-1,2.2,,
2026-09-04T00:14:25.000Z,M20-409-2-00781,1472516065,43.57079,4.71289,16281.4,3.7,5.7,150.1,-63.2,9.5,107.0,0x20,405.003,4.4,-2250,-1,2.2,,
2026-09-04T00:14:26.000Z,M20-409-2-00781,1472516066,43.57074,4.71293,16285.5,4.8,7.6,154.0,-63.2,9.5,106.9,0x20,405.003,4.2,-2250,-1,2.2,,
2026-09-04T00:14:27.000Z,M20-409-2-00781,1472516067,43.57067,4.71298,16290.5,4.9,10.1,150.0,-63.2,9.5,106.8,0x20,405.003,10.0,-2250,-1,2.2,,
2026-09-04T00:14:28.000Z,M20-409-2-00781,1472516068,43.57059,4.71306,16294.7,3.9,10.5,141.9,-63.2,9.4,106.8,0x20,405.003,18.4,-2625,-1,2.2,,
2026-09-04T00:14:29.000Z,M20-409-2-00781,1472516069,43.57053,4.71314,16299.3,5.4,9.1,130.7,-63.2,9.4,106.7,0x20,405.003,19.5,-2250,-1,2.2,,
2026-09-04T00:14:30.000Z,M20-409-2-00781,1472516070,43.57049,4.71322,16303.6,3.3,6.9,119.5,-63.3,9.3,106.6,0x20,405.003,19.5,-2250,-1,2.2,,
2026-09-04T00:14:31.000Z,M20-409-2-00781,1472516071,43.57046,4.71329,16307.5,5.0,6.0,109.1,-63.3,9.3,106.5,0x20,405.003,20.3,-2250,-1,2.2,,
2026-09-04T00:14:32.000Z,M20-409-2-00781,1472516072,43.57044,4.71337,16312.4,5.3,6.5,113.8,-63.3,9.2,106.4,0x20,405.003,20.3,-2250,-1,2.2,,
2026-09-04T00:14:33.000Z,M20-409-2-00781,1472516073,43.57041,4.71344,16316.7,4.3,6.9,123.6,-63.3,9.2,106.4,0x20,405.003,21.3,-2250,-1,2.2,,
2026-09-04T00:14:34.000Z,M20-409-2-00781,1472516074,43.57037,4.71350,16321.3,5.1,6.4,134.5,-63.4,9.2,106.3,0x20,405.003,21.3,-2250,-1,2.2,,
2026-09-04T00:14:35.000Z,M20-409-2-00781,1472516075,43.57033,4.71356,16325.7,3.9,6.4,144.4,-63.4,9.2,106.2,0x20,405.003,21.1,-2625,-1,2.1,,
2026-09-04T00:14:36.000Z,M20-409-2-00781,1472516076,43.57028,4.71361,16330.5,5.5,8.5,140.7,-63.4,9.1,106.1,0x20,405.003,21.1,-2625,-1,2.2,,
2026-09-04T00:14:37.000Z,M20-409-2-00781,1472516077,43.57021,4.71369,16335.1,4.2,9.8,138.1,-63.4,9.1,106.0,0x20,405.003,8.8,-2250,-1,2.2,,
2026-09-04T00:14:38.000Z,M20-409-2-00781,1472516078,43.57016,4.71377,16339.6,5.5,9.4,126.4,-63.5,9.1,106.0,0x20,405.003,4.6,-2625,-1,2.1,,
2026-09-04T00:14:39.000Z,M20-409-2-00781,1472516079,43.57012,4.71386,16344.3,3.8,8.0,114.9,-63.5,9.0,105.9,0x20,405.003,4.6,-2250,-1,2.2,,
2026-09-04T00:14:40.000Z,M20-409-2-00781,1472516080,43.57009,4.71396,16347.9,3.8,7.5,105.6,-63.4,9.0,105.8,0x20,405.003,15.1,-2625,-1,2.2,,
2026-09-04T00:14:41.000Z,M20-409-2-00781,1472516081,43.57007,4.71405,16352.2,5.2,8.3,110.1,-63.4,8.9,105.8,0x20,405.003,16.8,-2250,-1,2.1,,
2026-09-04T00:14:42.000Z,M20-409-2-00781,1472516082,43.57004,4.71415,16357.1,4.3,8.6,117.8,-63.4,8.9,105.7,0x20,405.003,21.5,-2625,-1,2.2,,
2026-09-04T00:14:43.000Z,M20-409-2-00781,1472516083,43.57000,4.71424,16361.2,4.0,8.8,128.3,-63.4,8.9,105.6,0x20,405.003,21.5,-2250,-1,2.2,,
2026-09-04T00:14:44.000Z,M20-409-2-00781,1472516084,43.56995,4.71431,16365.5,4.8,7.0,140.1,-63.3,8.8,105.5,0x20,405.003,21.1,-2250,-1,2.1,,
2026-09-04T00:14:45.000Z,M20-409-2-00781,1472516085,43.56990,4.71436,16369.7,4.2,6.7,145.8,-63.3,8.8,105.4,0x20,405.003,21.1,-2250,-1,2.2,,
2026-09-04T00:14:46.000Z,M20-409-2-00781,1472516086,43.56985,4.71441,16374.8,6.3,7.8,141.8,-63.3,8.8,105.3,0x20,405.003,18.7,-2625,-1,2.1,,
2026-09-04T00:14:47.000Z,M20-409-2-00781,1472516087,43.56979,4.71448,16379.6,3.5,9.1,137.6,-63.3,8.8,105.3,0x20,405.003,18.7,-2250,-1,2.1,,
2026-09-04T00:14:48.000Z,M20-409-2-00781,1472516088,43.56974,4.71456,16384.1,6.0,9.2,125.4,-63.3,8.7,105.2,0x20,405.003,20.6,-2625,-1,2.1,,
2026-09-04T00:14:49.000Z,M20-409-2-00781,1472516089,43.56969,4.71465,16388.8,3.6,8.8,118.9,-63.4,8.7,105.1,0x20,405.003,20.6,-2250,-1,2.2,,
2026-09-04T00:14:50.000Z,M20-409-2-00781,1472516090,43.56965,4.71475,16393.0,4.8,9.2,115.6,-63.4,8.7,105.0,0x20,405.003,16.7,-2625,-1,2.2,,
2026-09-04T00:14:51.000Z,M20-409-2-00781,1472516091,43.56961,4.71486,16397.7,5.0,10.8,122.1,-63.4,8.6,104.9,0x20,405.003,4.0,-2250,-1,2.1,,
2026-09-04T00:14:52.000Z,M20-409-2-00781,1472516092,43.56956,4.71497,16402.7,4.9,10.8,127.7,-63.4,8.6,104.9,0x20,405.003,4.0,-2625,-1,2.1,,
2026-09-04T00:14:53.000Z,M20-409-2-00781,1472516093,43.56950,4.71507,16407.2,4.0,9.9,132.9,-63.4,8.5,104.8,0x20,405.003,13.5,-2250,-1,2.2,,
2026-09-04T00:14:54.000Z,M20-409-2-00781,1472516094,43.56944,4.71515,16411.2,4.2,9.1,136.9,-63.5,8.6,104.7,0x20,405.003,18.4,-2625,-1,2.1,,
2026-09-04T00:14:55.000Z,M20-409-2-00781,1472516095,43.56937,4.71523,16415.7,4.9,9.4,140.1,-63.5,8.5,104.6,0x20,405.003,21.2,-2625,-1,2.2,,
2026-09-04T00:14:56.000Z,M20-409-2-00781,1472516096,43.56931,4.71531,16420.2,4.1,9.9,136.5,-63.5,8.5,104.5,0x20,405.003,21.2,-2625,-1,2.1,,
2026-09-04T00:14:57.000Z,M20-409-2-00781,1472516097,43.56925,4.71539,16424.6,4.9,9.2,130.8,-63.5,8.5,104.5,0x20,405.003,20.9,-2250,-1,2.1,,
2026-09-04T00:14:58.000Z,M20-409-2-00781,1472516098,43.56920,4.71548,16429.4,4.7,9.0,126.5,-63.5,8.4,104.4,0x20,405.003,20.9,-2250,-1,2.1,,
2026-09-04T00:14:59.000Z,M20-409-2-00781,1472516099,43.56915,4.71557,16434.1,4.8,10.0,127.1,-63.5,8.4,104.3,0x20,405.003,21.0,-2625,-1,2.1,,
2026-09-04T00:15:00.000Z,M20-409-2-00781,1472516100,43.56909,4.71568,16439.3,5.3,11.2,129.8,-63.6,8.3,104.2,0x20,405.003,21.0,-2250,-1,2.1,,
2026-09-04T00:15:01.000Z,M20-409-2-00781,1472516101,43.56902,4.71579,16443.8,3.6,11.7,129.2,-63.6,8.4,104.2,0x20,405.003,21.0,-2625,-1,2.1,,
2026-09-04T00:15:02.000Z,M20-409-2-00781,1472516102,43.56896,4.71590,16448.4,5.7,11.1,126.6,-63.7,8.3,104.1,0x20,405.003,21.0,-2625,-1,2.1,,
2026-09-04T00:15:03.000Z,M20-409-2-00781,1472516103,43.56890,4.71600,16452.8,3.6,9.3,123.3,-63.7,8.3,104.0,0x20,405.003,13.1,-2625,-1,2.1,,
2026-09-04T00:15:04.000Z,M20-409-2-00781,1472516104,43.56886,4.71609,16456.9,4.6,8.7,125.6,-63.7,8.3,103.9,0x20,405.003,3.7,-2625,-1,2.1,,
2026-09-04T00:15:05.000Z,M20-409-2-00781,1472516105,43.56881,4.71618,16461.9,5.4,9.5,132.8,-63.8,8.3,103.8,0x20,405.003,3.7,-2250,-1,2.1,,
2026-09-04T00:15:06.000Z,M20-409-2-00781,1472516106,43.56874,4.71627,16466.7,3.9,10.9,139.6,-63.8,8.2,103.8,0x20,405.003,14.0,-2625,-1,2.1,,
2026-09-04T00:15:07.000Z,M20-409-2-00781,1472516107,43.56866,4.71635,16471.1,4.9,10.6,143.8,-63.8,8.2,103.7,0x20,405.003,16.7,-2625,-1,2.1,,
2026-09-04T00:15:08.000Z,M20-409-2-00781,1472516108,43.56859,4.71643,16476.0,4.6,10.3,141.3,-63.8,8.1,103.6,0x20,405.003,16.7,-2625,-1,2.1,,
2026-09-04T00:15:09.000Z,M20-409-2-00781,1472516109,43.56852,4.71651,16480.9,5.1,10.4,135.4,-63.9,8.1,103.5,0x20,405.003,18.8,-2250,-1,2.1,,
2026-09-04T00:15:10.000Z,M20-409-2-00781,1472516110,43.56845,4.71661,16485.9,5.4,11.9,130.9,-63.9,8.1,103.5,0x20,405.003,18.8,-2625,-1,2.1,,
2026-09-04T00:15:11.000Z,M20-409-2-00781,1472516111,43.56838,4.71673,16490.1,4.0,12.4,128.7,-63.9,8.1,103.4,0x20,405.003,20.9,-2250,-1,2.1,,
2026-09-04T00:15:12.000Z,M20-409-2-00781,1472516112,43.56832,4.71685,16494.8,5.7,11.7,123.9,-63.9,8.1,103.3,0x20,405.003,20.9,-2625,-1,2.1,,
2026-09-04T00:15:13.000Z,M20-409-2-00781,1472516113,43.56826,4.71696,16499.3,3.7,10.3,123.5,-63.9,8.0,103.2,0x20,405.003,17.4,-2250,-1,2.1,,
2026-09-04T00:15:14.000Z,M20-409-2-00781,1472516114,43.56821,4.71707,16503.8,5.3,10.6,126.8,-63.9,8.0,103.1,0x20,405.003,20.0,-2250,-1,2.1,,
2026-09-04T00:15:15.000Z,M20-409-2-00781,1472516115,43.56815,4.71717,16508.0,3.2,11.3,130.3,-64.0,8.0,103.1,0x20,405.003,15.7,-2625,-1,2.1,,
2026-09-04T00:15:16.000Z,M20-409-2-00781,1472516116,43.56808,4.71728,16512.3,5.3,11.7,132.8,-64.0,7.9,103.0,0x20,405.003,15.7,-2250,-1,2.1,,
2026-09-04T00:15:17.000Z,M20-409-2-00781,1472516117,43.56801,4.71738,16517.4,4.9,10.5,133.3,-64.0,7.9,102.9,0x20,405.003,6.5,-2250,-1,2.1,,
2026-09-04T00:15:18.000Z,M20-409-2-00781,1472516118,43.56794,4.71747,16522.2,4.8,10.8,135.3,-64.0,7.9,102.9,0x20,405.003,4.3,-2625,-1,2.1,,
2026-09-04T00:15:19.000Z,M20-409-2-00781,1472516119,43.56787,4.71757,16527.2,5.3,12.0,136.9,-64.1,7.8,102.8,0x20,405.003,13.5,-2625,-1,2.1,,
2026-09-04T00:15:20.000Z,M20-409-2-00781,1472516120,43.56779,4.71768,16532.0,4.2,12.9,136.2,-64.1,7.8,102.7,0x20,405.003,18.7,-2250,-1,2.1,,
2026-09-04T00:15:21.000Z,M20-409-2-00781,1472516121,43.56771,4.71779,16537.0,5.6,12.3,132.9,-64.1,7.8,102.6,0x20,405.003,20.6,-2250,-1,2.1,,
2026-09-04T00:15:22.000Z,M20-409-2-00781,1472516122,43.56764,4.71790,16541.0,3.0,11.4,130.7,-64.2,7.8,102.5,0x20,405.003,20.6,-2625,-1,2.1,,
2026-09-04T00:15:23.000Z,M20-409-2-00781,1472516123,43.56757,4.71801,16545.0,5.3,12.2,129.0,-64.2,7.7,102.5,0x20,405.003,20.5,-2250,-1,2.1,,
2026-09-04T00:15:24.000Z,M20-409-2-00781,1472516124,43.56749,4.71814,16549.6,4.1,13.6,130.6,-64.2,7.8,102.4,0x20,405.003,19.6,-2625,-1,2.1,,
2026-09-04T00:15:25.000Z,M20-409-2-00781,1472516125,43.56741,4.71826,16553.7,4.0,13.8,133.9,-64.2,7.7,102.3,0x20,405.003,19.6,-2250,-1,2.1,,
2026-09-04T00:15:26.000Z,M20-409-2-00781,1472516126,43.56732,4.71838,16558.3,5.2,12.8,139.3,-64.3,7.7,102.2,0x20,405.003,18.4,-2625,-1,2.1,,
2026-09-04T00:15:27.000Z,M20-409-2-00781,1472516127,43.56724,4.71847,16562.2,3.3,12.0,144.1,-64.3,7.6,102.2,0x20,405.003,18.8,-2625,-1,2.1,,
2026-09-04T00:15:28.000Z,M20-409-2-00781,1472516128,43.56714,4.71856,16566.0,4.7,12.6,146.4,-64.2,7.6,102.1,0x20,405.003,18.8,-2625,-1,2.1,,
2026-09-04T00:15:29.000Z,M20-409-2-00781,1472516129,43.56705,4.71865,16570.4,4.0,14.0,146.1,-64.1,7.6,102.0,0x20,405.003,17.5,-2250,-1,2.1,,
2026-09-04T00:15:30.000Z,M20-409-2-00781,1472516130,43.56694,4.71875,16574.6,4.4,14.5,144.8,-64.0,7.6,102.0,0x20,405.003,3.9,-2625,-1,2.1,,
2026-09-04T00:15:31.000Z,M20-409-2-00781,1472516131,43.56684,4.71885,16579.3,5.2,13.1,143.8,-63.9,7.6,101.9,0x20,405.003,3.9,-2625,-1,2.1,,
2026-09-04T00:15:32.000Z,M20-409-2-00781,1472516132,43.56675,4.71894,16583.6,3.5,11.7,143.5,-63.8,7.5,101.8,0x20,405.003,14.9,-2625,-1,2.1,,
2026-09-04T00:15:33.000Z,M20-409-2-00781,1472516133,43.56666,4.71903,16587.3,4.1,11.5,142.7,-63.8,7.6,101.8,0x20,405.003,16.4,-2250,-1,2.1,,
2026-09-04T00:15:34.000Z,M20-409-2-00781,1472516134,43.56658,4.71912,16591.9,5.6,12.7,141.7,-63.8,7.5,101.7,0x20,405.003,19.0,-2625,-1,2.1,,
2026-09-04T00:15:35.000Z,M20-409-2-00781,1472516135,43.56648,4.71922,16596.8,4.3,14.0,140.6,-63.8,7.5,101.6,0x20,405.003,19.0,-2625,-1,2.1,,
2026-09-04T00:15:36.000Z,M20-409-2-00781,1472516136,43.56639,4.71933,16601.9,5.9,13.6,142.1,-63.7,7.4,101.5,0x20,405.003,18.0,-2625,-1,2.1,,
2026-09-04T00:15:37.000Z,M20-409-2-00781,1472516137,43.56629,4.71942,16606.2,3.1,12.3,145.2,-63.8,7.4,101.4,0x20,405.003,21.2,-2250,-1,2.1,,
2026-09-04T00:15:38.000Z,M20-409-2-00781,1472516138,43.56620,4.71950,16610.4,5.4,12.1,148.0,-63.7,7.4,101.4,0x20,405.003,21.2,-2625,-1,2.1,,
2026-09-04T00:15:39.000Z,M20-409-2-00781,1472516139,43.56611,4.71959,16615.5,4.8,13.2,149.1,-63.7,7.4,101.3,0x20,405.003,18.6,-2625,-1,2.1,,
2026-09-04T00:15:40.000Z,M20-409-2-00781,1472516140,43.56600,4.71967,16620.1,4.7,13.5,151.2,-63.7,7.4,101.2,0x20,405.003,18.6,-2625,-1,2.1,,
2026-09-04T00:15:41.000Z,M20-409-2-00781,1472516141,43.56590,4.71974,16624.8,4.6,12.7,154.5,-63.7,7.4,101.1,0x20,405.003,16.6,-2625,-1,2.1,,
2026-09-04T00:15:42.000Z,M20-409-2-00781,1472516142,43.56580,4.71980,16628.7,3.6,12.0,156.1,-63.7,7.3,101.1,0x20,405.003,16.6,-2625,-1,2.1,,
2026-09-04T00:15:43.000Z,M20-409-2-00781,1472516143,43.56570,4.71987,16633.1,5.5,12.2,155.1,-63.7,7.3,101.0,0x20,405.003,4.0,-2625,-1,2.1,,
2026-09-04T00:15:44.000Z,M20-409-2-00781,1472516144,43.56560,4.71994,16637.4,3.3,13.1,152.0,-63.7,7.3,100.9,0x20,405.003,3.3,-2250,-1,2.1,,
2026-09-04T00:15:45.000Z,M20-409-2-00781,1472516145,43.56549,4.72001,16641.1,4.5,13.2,152.4,-63.7,7.3,100.9,0x20,405.003,16.7,-2250,-1,2.1,,
2026-09-04T00:15:46.000Z,M20-409-2-00781,1472516146,43.56539,4.72008,16645.8,4.9,12.5,153.7,-63.7,7.2,100.8,0x20,405.003,16.7,-2625,-1,2.1,,
2026-09-04T00:15:47.000Z,M20-409-2-00781,1472516147,43.56529,4.72015,16650.1,4.0,11.4,152.9,-63.7,7.2,100.7,0x20,405.003,17.2,-2625,-1,2.1,,
2026-09-04T00:15:48.000Z,M20-409-2-00781,1472516148,43.56520,4.72022,16654.3,5.1,11.7,147.4,-63.7,7.2,100.6,0x20,405.003,17.2,-2250,-1,2.1,,
2026-09-04T00:15:49.000Z,M20-409-2-00781,1472516149,43.56511,4.72030,16658.8,4.2,12.1,143.9,-63.7,7.2,100.6,0x20,405.003,16.9,-2625,-1,2.1,,
2026-09-04T00:15:50.000Z,M20-409-2-00781,1472516150,43.56503,4.72039,16663.3,5.3,11.9,146.5,-63.7,7.2,100.5,0x20,405.003,16.9,-2625,-1,2.1,,
2026-09-04T00:15:51.000Z,M20-409-2-00781,1472516151,43.56494,4.72046,16667.7,3.8,11.2,153.7,-63.7,7.2,100.4,0x20,405.003,16.8,-2625,-1,2.1,,
2026-09-04T00:15:52.000Z,M20-409-2-00781,1472516152,43.56484,4.72051,16671.8,4.5,12.0,164.2,-63.7,7.2,100.3,0x20,405.003,18.6,-2625,-1,2.1,,
2026-09-04T00:15:53.000Z,M20-409-2-00781,1472516153,43.56473,4.72055,16675.8,3.9,13.7,164.0,-63.7,7.1,100.3,0x20,405.003,18.6,-2625,-1,2.1,,
2026-09-04T00:15:54.000Z,M20-409-2-00781,1472516154,43.56461,4.72060,16679.8,4.0,14.1,163.5,-63.7,7.1,100.2,0x20,405.003,15.0,-2625,-1,2.1,,
2026-09-04T00:15:55.000Z,M20-409-2-00781,1472516155,43.56449,4.72065,16684.7,5.6,13.5,162.5,-63.7,7.1,100.1,0x20,405.003,4.7,-2625,-1,2.1,,
2026-09-04T00:15:56.000Z,M20-409-2-00781,1472516156,43.56438,4.72070,16689.4,4.3,12.3,161.6,-63.6,7.1,100.1,0x20,405.003,4.7,-2250,-1,2.1,,
2026-09-04T00:15:57.000Z,M20-409-2-00781,1472516157,43.56428,4.72075,16694.1,5.3,11.8,159.1,-63.5,7.1,100.0,0x20,405.003,9.4,-2625,-1,2.1,,
2026-09-04T00:15:58.000Z,M20-409-2-00781,1472516158,43.56418,4.72081,16698.7,3.9,11.8,157.8,-63.5,7.1,99.9,0x20,405.003,15.8,-2625,-1,2.1,,
2026-09-04T00:15:59.000Z,M20-409-2-00781,1472516159,43.56408,4.72085,16703.1,5.0,11.6,162.5,-63.4,7.0,99.8,0x20,405.003,18.5,-2625,-1,2.1,,
2026-09-04T00:16:00.000Z,M20-409-2-00781,1472516160,43.56399,4.72089,16708.1,4.6,11.0,166.0,-63.4,7.0,99.8,0x20,405.003,18.5,-2625,-1,2.1,,
2026-09-04T00:16:01.000Z,M20-409-2-00781,1472516161,43.56389,4.72093,16712.2,4.0,10.9,167.3,-63.4,7.0,99.7,0x20,405.003,17.9,-2625,-1,2.1,,
2026-09-04T00:16:02.000Z,M20-409-2-00781,1472516162,43.56379,4.72096,16716.7,5.2,12.7,163.0,-63.4,7.0,99.6,0x20,405.003,17.9,-2625,-1,2.1,,
2026-09-04T00:16:03.000Z,M20-409-2-00781,1472516163,43.56367,4.72102,16721.3,4.1,14.2,161.2,-63.4,6.9,99.5,0x20,405.003,17.6,-2625,-1,2.1,,
2026-09-04T00:16:04.000Z,M20-409-2-00781,1472516164,43.56355,4.72107,16725.8,5.1,14.0,164.3,-63.4,6.9,99.5,0x20,405.003,19.0,-2625,-1,2.1,,
2026-09-04T00:16:05.000Z,M20-409-2-00781,1472516165,43.56344,4.72111,16730.7,4.5,12.5,167.8,-63.5,6.9,99.4,0x20,405.003,19.0,-2625,-1,2.1,,
2026-09-04T00:16:06.000Z,M20-409-2-00781,1472516166,43.56333,4.72113,16734.8,3.7,10.9,171.2,-63.5,6.9,99.3,0x20,405.003,17.5,-2625,-1,2.1,,
2026-09-04T00:16:07.000Z,M20-409-2-00781,1472516167,43.56324,4.72116,16739.3,5.2,10.6,166.4,-63.5,6.9,99.2,0x20,405.003,17.5,-2625,-1,2.1,,
2026-09-04T00:16:08.000Z,M20-409-2-00781,1472516168,43.56315,4.72120,16743.6,3.6,10.5,159.6,-63.5,6.9,99.2,0x20,405.003,5.0,-2625,-1,2.1,,
2026-09-04T00:16:09.000Z,M20-409-2-00781,1472516169,43.56306,4.72124,16747.7,4.8,9.5,157.4,-63.5,6.9,99.1,0x20,405.003,3.7,-2625,-1,2.1,,
2026-09-04T00:16:10.000Z,M20-409-2-00781,1472516170,43.56299,4.72128,16752.2,4.2,8.9,161.5,-63.5,6.9,99.0,0x20,405.003,3.7,-2625,-1,2.1,,
2026-09-04T00:16:11.000Z,M20-409-2-00781,1472516171,43.56290,4.72131,16756.5,4.5,10.2,168.5,-63.5,6.8,98.9,0x20,405.003,5.8,-2625,-1,2.1,,
2026-09-04T00:16:12.000Z,M20-409-2-00781,1472516172,43.56280,4.72134,16761.3,5.2,12.8,172.2,-63.5,6.8,98.9,0x20,405.003,18.8,-2250,-1,2.1,,
2026-09-04T00:16:13.000Z,M20-409-2-00781,1472516173,43.56268,4.72136,16765.4,3.0,14.4,171.4,-63.5,6.8,98.8,0x20,405.003,18.8,-2625,-1,2.1,,
2026-09-04T00:16:14.000Z,M20-409-2-00781,1472516174,43.56256,4.72139,16769.5,5.5,13.5,171.5,-63.5,6.8,98.7,0x20,405.003,17.1,-2625,-1,2.1,,
2026-09-04T00:16:15.000Z,M20-409-2-00781,1472516175,43.56245,4.72141,16774.5,4.7,10.8,171.4,-63.5,6.8,98.7,0x20,405.003,18.2,-2625,-1,2.1,,
2026-09-04T00:16:16.000Z,M20-409-2-00781,1472516176,43.56236,4.72143,16778.6,3.4,9.0,167.1,-63.5,6.7,98.6,0x20,405.003,18.2,-2625,-1,2.1,,
2026-09-04T00:16:17.000Z,M20-409-2-00781,1472516177,43.56229,4.72146,16783.0,5.4,8.8,163.7,-63.5,6.8,98.5,0x20,405.003,16.3,-2625,-1,2.1,,
2026-09-04T00:16:18.000Z,M20-409-2-00781,1472516178,43.56221,4.72149,16787.4,3.9,9.7,164.1,-63.5,6.7,98.5,0x20,405.003,18.3,-2625,-1,2.1,,
2026-09-04T00:16:19.000Z,M20-409-2-00781,1472516179,43.56212,4.72153,16791.6,5.0,9.9,161.2,-63.5,6.7,98.4,0x20,405.003,18.3,-2625,-1,2.1,,
2026-09-04T00:16:20.000Z,M20-409-2-00781,1472516180,43.56204,4.72156,16796.3,4.6,9.5,164.5,-63.6,6.7,98.3,0x20,405.003,15.7,-2625,-1,2.1,,
2026-09-04T00:16:21.000Z,M20-409-2-00781,1472516181,43.56196,4.72159,16800.6,3.9,9.8,170.4,-63.6,6.7,98.2,0x20,405.003,3.9,-2625,-1,2.1,,
2026-09-04T00:16:22.000Z,M20-409-2-00781,1472516182,43.56186,4.72161,16804.8,4.7,11.3,173.0,-63.6,6.7,98.2,0x20,405.003,3.2,-2625,-1,2.1,,
2026-09-04T00:16:23.000Z,M20-409-2-00781,1472516183,43.56176,4.72163,16809.3,4.4,12.2,171.6,-63.6,6.6,98.1,0x20,405.003,13.0,-2625,-1,2.1,,
2026-09-04T00:16:24.000Z,M20-409-2-00781,1472516184,43.56166,4.72166,16814.2,5.3,11.3,164.1,-63.6,6.6,98.0,0x20,405.003,15.7,-2625,-1,2.1,,
2026-09-04T00:16:25.000Z,M20-409-2-00781,1472516185,43.56157,4.72170,16819.0,4.4,8.8,153.0,-63.5,6.6,97.9,0x20,405.003,19.1,-2625,-1,2.1,,
2026-09-04T00:16:26.000Z,M20-409-2-00781,1472516186,43.56151,4.72175,16823.0,3.1,7.5,144.4,-63.5,6.6,97.9,0x20,405.003,19.1,-2625,-1,2.1,,
2026-09-04T00:16:27.000Z,M20-409-2-00781,1472516187,43.56146,4.72180,16827.5,5.9,7.4,145.8,-63.5,6.5,97.8,0x20,405.003,18.5,-2625,-1,2.1,,
2026-09-04T00:16:28.000Z,M20-409-2-00781,1472516188,43.56140,4.72185,16832.4,4.1,8.0,156.2,-63.4,6.6,97.7,0x20,405.003,18.5,-2625,-1,2.1,,
2026-09-04T00:16:29.000Z,M20-409-2-00781,1472516189,43.56133,4.72188,16837.1,5.2,8.2,164.6,-63.4,6.5,97.7,0x20,405.003,17.5,-2625,-1,2.1,,
2026-09-04T00:16:30.000Z,M20-409-2-00781,1472516190,43.56126,4.72191,16841.3,3.4,7.8,166.7,-63.3,6.5,97.6,0x20,405.003,17.5,-2625,-1,2.1,,
2026-09-04T00:16:31.000Z,M20-409-2-00781,1472516191,43.56119,4.72192,16845.6,5.1,8.3,174.0,-63.3,6.5,97.5,0x20,405.003,18.3,-2625,-1,2.1,,
2026-09-04T00:16:32.000Z,M20-409-2-00781,1472516192,43.56111,4.72193,16850.1,3.8,9.4,176.4,-63.2,6.5,97.5,0x20,405.003,18.3,-2625,-1,2.1,,
2026-09-04T00:16:33.000Z,M20-409-2-00781,1472516193,43.56103,4.72194,16854.7,5.5,8.7,173.0,-63.1,6.5,97.4,0x20,405.003,15.7,-2625,-1,2.1,,
2026-09-04T00:16:34.000Z,M20-409-2-00781,1472516194,43.56095,4.72196,16859.4,3.6,7.3,166.7,-63.0,6.5,97.3,0x20,405.003,4.1,-2625,-1,2.1,,
2026-09-04T00:16:35.000Z,M20-409-2-00781,1472516195,43.56089,4.72198,16863.5,4.7,6.8,161.3,-62.9,6.4,97.2,0x20,405.003,4.1,-2625,-1,2.1,,
2026-09-04T00:16:36.000Z,M20-409-2-00781,1472516196,43.56083,4.72201,16867.8,3.8,7.6,162.0,-62.8,6.4,97.2,0x20,405.003,9.4,-2625,-1,2.1,,
2026-09-04T00:16:37.000Z,M20-409-2-00781,1472516197,43.56077,4.72204,16872.0,4.8,8.0,162.0,-62.7,6.4,97.1,0x20,405.003,14.3,-2625,-1,2.1,,
2026-09-04T00:16:38.000Z,M20-409-2-00781,1472516198,43.56070,4.72208,16876.7,4.4,7.5,157.7,-62.7,6.4,97.0,0x20,405.003,15.9,-2625,-1,2.1,,
2026-09-04T00:16:39.000Z,M20-409-2-00781,1472516199,43.56064,4.72211,16881.4,4.9,7.6,156.0,-62.6,6.4,97.0,0x20,405.003,16.1,-2625,-1,2.1,,
2026-09-04T00:16:40.000Z,M20-409-2-00781,1472516200,43.56057,4.72215,16885.9,4.5,8.6,160.0,-62.5,6.4,96.9,0x20,405.003,16.6,-2625,-1,2.1,,
2026-09-04T00:16:41.000Z,M20-409-2-00781,1472516201,43.56050,4.72219,16890.5,4.6,8.8,160.9,-62.4,6.4,96.8,0x20,405.003,17.3,-2625,-1,2.1,,
2026-09-04T00:16:42.000Z,M20-409-2-00781,1472516202,43.56043,4.72222,16895.4,5.1,7.7,157.0,-62.4,6.3,96.7,0x20,405.003,17.3,-2625,-1,2.1,,
2026-09-04T00:16:43.000Z,M20-409-2-00781,1472516203,43.56037,4.72226,16899.6,3.3,6.5,154.8,-62.3,6.3,96.7,0x20,405.003,16.9,-2625,-1,2.1,,
2026-09-04T00:16:44.000Z,M20-409-2-00781,1472516204,43.56032,4.72229,16903.8,5.0,5.9,161.5,-62.3,6.3,96.6,0x20,405.003,16.3,-2625,-1,2.1,,
2026-09-04T00:16:45.000Z,M20-409-2-00781,1472516205,43.56027,4.72231,16908.1,3.5,6.3,169.8,-62.3,6.3,96.5,0x20,405.003,16.3,-2625,-1,2.1,,
2026-09-04T00:16:46.000Z,M20-409-2-00781,1472516206,43.56021,4.72232,16912.5,5.2,6.4,165.5,-62.3,6.3,96.5,0x20,405.003,6.2,-2625,-1,2.1,,
2026-09-04T00:16:47.000Z,M20-409-2-00781,1472516207,43.56016,4.72235,16917.2,4.3,6.3,151.2,-62.2,6.3,96.4,0x20,405.003,4.1,-2625,-1,2.1,,
2026-09-04T00:16:48.000Z,M20-409-2-00781,1472516208,43.56011,4.72240,16921.0,3.2,7.1,145.0,-62.2,6.3,96.3,0x20,405.003,6.4,-2250,-1,2.1,,
2026-09-04T00:16:49.000Z,M20-409-2-00781,1472516209,43.56005,4.72244,16925.1,5.1,7.7,153.3,-62.2,6.2,96.3,0x20,405.003,11.9,-2625,-1,2.1,,
2026-09-04T00:16:50.000Z,M20-409-2-00781,1472516210,43.55998,4.72248,16929.5,3.7,7.8,162.0,-62.1,6.2,96.2,0x20,405.003,14.8,-2625,-1,2.1,,
2026-09-04T00:16:51.000Z,M20-409-2-00781,1472516211,43.55992,4.72251,16933.9,5.2,7.3,162.3,-62.1,6.2,96.1,0x20,405.003,16.5,-2625,-1,2.1,,
2026-09-04T00:16:52.000Z,M20-409-2-00781,1472516212,43.55986,4.72254,16938.5,3.9,6.3,153.4,-62.0,6.2,96.1,0x20,405.003,16.8,-2625,-1,2.1,,
2026-09-04T00:16:53.000Z,M20-409-2-00781,1472516213,43.55982,4.72257,16942.5,4.0,5.2,147.6,-62.0,6.2,96.0,0x20,405.003,17.4,-2625,-1,2.1,,
2026-09-04T00:16:54.000Z,M20-409-2-00781,1472516214,43.55978,4.72260,16946.6,4.3,4.4,160.2,-62.0,6.2,95.9,0x20,405.003,17.4,-2625,-1,2.1,,
2026-09-04T00:16:55.000Z,M20-409-2-00781,1472516215,43.55974,4.72261,16950.5,3.6,4.0,170.9,-61.9,6.2,95.9,0x20,405.003,18.6,-2625,-1,2.1,,
2026-09-04T00:16:56.000Z,M20-409-2-00781,1472516216,43.55971,4.72262,16954.4,4.4,3.6,158.0,-61.9,6.2,95.8,0x20,405.003,18.6,-2625,-1,2.1,,
2026-09-04T00:16:57.000Z,M20-409-2-00781,1472516217,43.55968,4.72265,16958.5,3.8,4.5,138.0,-61.9,6.1,95.8,0x20,405.003,17.7,-2625,-1,2.1,,
2026-09-04T00:16:58.000Z,M20-409-2-00781,1472516218,43.55964,4.72270,16962.3,3.8,6.7,137.9,-61.9,6.1,95.7,0x20,405.003,16.9,-2625,-1,2.1,,
2026-09-04T00:16:59.000Z,M20-409-2-00781,1472516219,43.55959,4.72276,16966.5,4.6,9.2,146.7,-61.9,6.1,95.6,0x20,405.003,16.9,375,-1,2.1,,
2026-09-04T00:17:00.000Z,M20-409-2-00781,1472516220,43.55951,4.72282,16970.5,3.6,10.1,150.4,-61.9,6.1,95.6,0x20,405.003,8.4,-2250,-1,2.1,,
2026-09-04T00:17:01.000Z,M20-409-2-00781,1472516221,43.55944,4.72288,16975.3,5.9,8.4,148.7,-61.9,6.1,95.5,0x20,405.003,3.9,-2625,-1,2.1,,
2026-09-04T00:17:02.000Z,M20-409-2-00781,1472516222,43.55939,4.72293,16980.0,3.4,6.0,142.7,-61.9,6.1,95.4,0x20,405.003,15.3,-2250,-1,2.1,,
2026-09-04T00:17:03.000Z,M20-409-2-00781,1472516223,43.55935,4.72296,16983.9,4.6,3.8,139.9,-61.9,6.1,95.3,0x20,405.003,15.7,-2250,-1,2.1,,
2026-09-04T00:17:04.000Z,M20-409-2-00781,1472516224,43.55933,4.72299,16988.2,3.8,3.6,148.9,-61.9,6.1,95.3,0x20,405.003,16.4,-2625,-1,2.1,,
2026-09-04T00:17:05.000Z,M20-409-2-00781,1472516225,43.55930,4.72301,16992.3,4.5,4.0,149.7,-61.9,6.1,95.2,0x20,405.003,18.4,-2625,-1,2.1,,
2026-09-04T00:17:06.000Z,M20-409-2-00781,1472516226,43.55927,4.72304,16996.7,4.2,3.8,144.2,-61.8,6.0,95.2,0x20,405.003,18.8,-2625,-1,2.1,,
2026-09-04T00:17:07.000Z,M20-409-2-00781,1472516227,43.55924,4.72307,17000.9,4.2,4.6,149.4,-61.7,6.0,95.1,0x20,405.003,18.8,-2625,-1,2.1,,
2026-09-04T00:17:08.000Z,M20-409-2-00781,1472516228,43.55919,4.72310,17005.5,5.0,6.6,161.0,-61.7,6.1,95.0,0x20,405.003,18.6,-2625,-1,2.1,,
2026-09-04T00:17:09.000Z,M20-409-2-00781,1472516229,43.55913,4.72312,17009.7,3.3,8.0,164.2,-61.6,6.0,95.0,0x20,405.003,17.2,-2625,-1,2.1,,
2026-09-04T00:17:10.000Z,M20-409-2-00781,1472516230,43.55906,4.72315,17014.1,5.3,7.6,161.0,-61.6,6.0,94.9,0x20,405.003,17.8,-2625,-1,2.1,,
2026-09-04T00:17:11.000Z,M20-409-2-00781,1472516231,43.55900,4.72318,17018.2,3.0,6.4,154.2,-61.5,6.0,94.8,0x20,405.003,17.8,-2625,-1,2.1,,
2026-09-04T00:17:12.000Z,M20-409-2-00781,1472516232,43.55896,4.72322,17022.5,5.6,5.4,153.1,-61.5,6.0,94.8,0x20,405.003,4.3,-2625,-1,2.1,,
2026-09-04T00:17:13.000Z,M20-409-2-00781,1472516233,43.55891,4.72325,17027.0,3.2,5.4,160.0,-61.4,6.0,94.7,0x20,405.003,3.8,-2250,-1,2.1,,
2026-09-04T00:17:14.000Z,M20-409-2-00781,1472516234,43.55887,4.72327,17031.0,4.9,5.2,163.5,-61.4,5.9,94.6,0x20,405.003,8.9,-2250,-1,2.1,,
2026-09-04T00:17:15.000Z,M20-409-2-00781,1472516235,43.55883,4.72328,17035.7,4.3,4.5,157.6,-61.3,6.0,94.5,0x20,405.003,18.6,-2250,-1,2.1,,
2026-09-04T00:17:16.000Z,M20-409-2-00781,1472516236,43.55879,4.72330,17040.1,4.6,4.8,162.5,-61.3,5.9,94.5,0x20,405.003,18.6,-2250,-1,2.1,,
2026-09-04T00:17:17.000Z,M20-409-2-00781,1472516237,43.55874,4.72332,17044.7,4.7,6.2,173.5,-61.3,5.9,94.4,0x20,405.003,18.5,-2625,-1,2.1,,
2026-09-04T00:17:18.000Z,M20-409-2-00781,1472516238,43.55868,4.72332,17048.5,2.9,7.2,180.2,-61.3,5.9,94.4,0x20,405.003,17.0,-2625,-1,2.1,,
2026-09-04T00:17:19.000Z,M20-409-2-00781,1472516239,43.55862,4.72332,17052.5,4.9,6.6,182.6,-61.3,5.9,94.3,0x20,405.003,19.4,-2625,-1,2.1,,
2026-09-04T00:17:20.000Z,M20-409-2-00781,1472516240,43.55857,4.72332,17057.0,4.1,4.5,179.2,-61.3,5.8,94.2,0x20,405.003,19.4,-2625,-1,2.1,,
2026-09-04T00:17:21.000Z,M20-409-2-00781,1472516241,43.55853,4.72332,17060.8,3.5,2.9,174.1,-61.3,5.8,94.2,0x20,405.003,18.2,-2625,-1,2.1,,
2026-09-04T00:17:22.000Z,M20-409-2-00781,1472516242,43.55851,4.72332,17064.8,4.5,3.1,174.8,-61.3,5.8,94.1,0x20,405.003,18.3,-2625,-1,2.1,,
2026-09-04T00:17:23.000Z,M20-409-2-00781,1472516243,43.55847,4.72333,17068.9,3.7,4.4,169.2,-61.3,5.8,94.1,0x20,405.003,18.5,-2625,-1,2.1,,
2026-09-04T00:17:24.000Z,M20-409-2-00781,1472516244,43.55843,4.72335,17072.9,4.1,5.4,155.7,-61.2,5.8,94.0,0x20,405.003,18.5,-2250,-1,2.1,,
2026-09-04T00:17:25.000Z,M20-409-2-00781,1472516245,43.55839,4.72339,17077.2,4.7,5.6,139.9,-61.2,5.8,93.9,0x20,405.003,6.2,-2625,-1,2.1,,
2026-09-04T00:17:26.000Z,M20-409-2-00781,1472516246,43.55835,4.72343,17081.5,4.0,5.5,137.1,-61.1,5.7,93.9,0x20,405.003,6.2,-2625,-1,2.1,,
2026-09-04T00:17:27.000Z,M20-409-2-00781,1472516247,43.55832,4.72347,17086.2,5.5,4.9,155.7,-61.1,5.8,93.8,0x20,405.003,7.5,-2625,-1,2.1,,
2026-09-04T00:17:28.000Z,M20-409-2-00781,1472516248,43.55828,4.72348,17090.4,2.9,4.7,177.3,-61.0,5.7,93.7,0x20,405.003,14.5,-2625,-1,2.1,,
2026-09-04T00:17:29.000Z,M20-409-2-00781,1472516249,43.55824,4.72348,17094.5,5.2,3.7,190.0,-60.9,5.7,93.7,0x20,405.003,17.4,-2625,-1,2.1,,
2026-09-04T00:17:30.000Z,M20-409-2-00781,1472516250,43.55821,4.72347,17099.0,3.5,2.6,179.8,-60.9,5.7,93.6,0x20,405.003,17.7,-2625,-1,2.1,,
2026-09-04T00:17:31.000Z,M20-409-2-00781,1472516251,43.55819,4.72348,17102.6,3.9,2.4,163.5,-60.8,5.7,93.5,0x20,405.003,20.4,-2625,-1,2.1,,
2026-09-04T00:17:32.000Z,M20-409-2-00781,1472516252,43.55816,4.72349,17106.9,4.7,3.5,160.5,-60.8,5.7,93.5,0x20,405.003,20.4,-2625,-1,2.1,,
2026-09-04T00:17:33.000Z,M20-409-2-00781,1472516253,43.55813,4.72351,17111.2,3.7,4.4,153.4,-60.8,5.6,93.4,0x20,405.003,19.5,-2625,-1,2.1,,
2026-09-04T00:17:34.000Z,M20-409-2-00781,1472516254,43.55810,4.72355,17115.6,5.1,5.4,133.9,-60.8,5.6,93.3,0x20,405.003,20.1,-2625,-1,2.1,,
2026-09-04T00:17:35.000Z,M20-409-2-00781,1472516255,43.55807,4.72360,17119.8,3.2,5.6,119.4,-60.7,5.6,93.3,0x20,405.003,20.1,-2625,-1,2.1,,
2026-09-04T00:17:36.000Z,M20-409-2-00781,1472516256,43.55805,4.72366,17124.1,5.3,4.6,108.7,-60.7,5.6,93.2,0x20,405.003,17.5,-2625,-1,2.1,,
2026-09-04T00:17:37.000Z,M20-409-2-00781,1472516257,43.55804,4.72370,17128.8,4.0,2.7,119.3,-60.7,5.5,93.1,0x20,405.003,7.4,-2625,-1,2.1,,
2026-09-04T00:17:38.000Z,M20-409-2-00781,1472516258,43.55803,4.72372,17132.6,3.9,1.6,121.3,-60.6,5.5,93.1,0x20,405.003,5.6,-2625,-1,2.1,,
2026-09-04T00:17:39.000Z,M20-409-2-00781,1472516259,43.55802,4.72374,17136.9,4.8,2.0,88.9,-60.4,5.5,93.0,0x20,405.003,4.0,-2625,-1,2.1,,
2026-09-04T00:17:40.000Z,M20-409-2-00781,1472516260,43.55803,4.72377,17141.1,3.5,2.9,79.5,-60.3,5.5,93.0,0x20,405.003,4.0,-2250,-1,2.1,,
2026-09-04T00:17:41.000Z,M20-409-2-00781,1472516261,43.55803,4.72381,17145.2,4.8,2.9,83.9,-60.2,5.5,92.9,0x20,405.003,16.2,-2625,-1,2.1,,
2026-09-04T00:17:42.000Z,M20-409-2-00781,1472516262,43.55803,4.72384,17149.8,4.3,2.3,103.1,-60.1,5.4,92.8,0x20,405.003,16.2,-2625,-1,2.1,,
2026-09-04T00:17:43.000Z,M20-409-2-00781,1472516263,43.55802,4.72387,17153.7,3.5,2.7,117.4,-60.0,5.4,92.8,0x20,405.003,18.7,-2625,-1,2.1,,
2026-09-04T00:17:44.000Z,M20-409-2-00781,1472516264,43.55801,4.72391,17158.1,5.3,4.7,109.5,-60.0,5.4,92.7,0x20,405.003,19.2,-2625,-1,2.1,,
2026-09-04T00:17:45.000Z,M20-409-2-00781,1472516265,43.55799,4.72398,17162.4,3.5,6.2,102.8,-59.9,5.4,92.7,0x20,405.003,19.2,-2625,-1,2.1,,
2026-09-04T00:17:46.000Z,M20-409-2-00781,1472516266,43.55798,4.72405,17166.8,5.4,6.1,100.6,-59.9,5.4,92.6,0x20,405.003,17.3,-2625,-1,2.1,,
2026-09-04T00:17:47.000Z,M20-409-2-00781,1472516267,43.55797,4.72411,17171.4,3.7,4.4,101.0,-59.9,5.3,92.5,0x20,405.003,19.3,-2625,-1,2.1,,
2026-09-04T00:17:48.000Z,M20-409-2-00781,1472516268,43.55797,4.72416,17175.2,3.9,3.3,89.7,-59.9,5.3,92.5,0x20,405.003,19.3,-2625,-1,2.1,,
2026-09-04T00:17:49.000Z,M20-409-2-00781,1472516269,43.55797,4.72420,17179.2,4.2,4.2,73.0,-59.9,5.3,92.4,0x20,405.003,18.1,-2625,-1,2.1,,
2026-09-04T00:17:50.000Z,M20-409-2-00781,1472516270,43.55799,4.72426,17183.7,4.7,5.3,69.6,-59.9,5.3,92.3,0x20,405.003,17.9,-2625,-1,2.1,,
2026-09-04T00:17:51.000Z,M20-409-2-00781,1472516271,43.55801,4.72432,17187.6,3.1,5.6,70.4,-59.9,5.3,92.3,0x20,405.003,4.0,-2625,-1,2.1,,
2026-09-04T00:17:52.000Z,M20-409-2-00781,1472516272,43.55802,4.72438,17191.4,4.7,4.5,65.4,-59.9,5.2,92.2,0x20,405.003,3.8,-2625,-1,2.1,,
2026-09-04T00:17:53.000Z,M20-409-2-00781,1472516273,43.55804,4.72442,17195.9,4.5,2.5,53.3,-59.9,5.2,92.2,0x20,405.003,10.4,-2625,-1,2.1,,
2026-09-04T00:17:54.000Z,M20-409-2-00781,1472516274,43.55804,4.72444,17199.8,3.4,1.3,72.1,-59.9,5.2,92.1,0x20,405.003,15.9,-2625,-1,2.1,,
2026-09-04T00:17:55.000Z,M20-409-2-00781,1472516275,43.55804,4.72446,17204.1,5.2,2.8,115.6,-59.9,5.2,92.0,0x20,405.003,18.4,-2625,-1,2.1,,
2026-09-04T00:17:56.000Z,M20-409-2-00781,1472516276,43.55803,4.72451,17208.5,3.8,5.1,113.4,-59.9,5.2,92.0,0x20,405.003,18.6,-2625,-1,2.1,,
2026-09-04T00:17:57.000Z,M20-409-2-00781,1472516277,43.55801,4.72458,17212.7,4.4,6.6,99.7,-59.9,5.1,91.9,0x20,405.003,20.2,-2625,-1,2.1,,
2026-09-04T00:17:58.000Z,M20-409-2-00781,1472516278,43.55801,4.72465,17217.1,4.5,6.3,81.1,-59.9,5.1,91.8,0x20,405.003,20.2,-2625,-1,2.1,,
2026-09-04T00:17:59.000Z,M20-409-2-00781,1472516279,43.55803,4.72473,17221.0,3.4,6.4,66.3,-59.9,5.1,91.8,0x20,405.003,17.7,-2625,-1,2.1,,
2026-09-04T00:18:00.000Z,M20-409-2-00781,1472516280,43.55805,4.72480,17224.8,4.4,6.4,63.8,-60.0,5.1,91.7,0x20,405.003,20.5,-2625,-1,2.1,,
2026-09-04T00:18:01.000Z,M20-409-2-00781,1472516281,43.55807,4.72487,17229.4,4.5,5.6,77.8,-60.0,5.1,91.6,0x20,405.003,20.5,-2625,-1,2.1,,
2026-09-04T00:18:02.000Z,M20-409-2-00781,1472516282,43.55808,4.72493,17233.7,4.2,4.9,90.1,-60.0,5.1,91.6,0x20,405.003,16.6,-2625,-1,2.1,,
2026-09-04T00:18:03.000Z,M20-409-2-00781,1472516283,43.55808,4.72499,17238.0,4.6,3.7,91.1,-60.0,5.0,91.5,0x20,405.003,8.8,-2625,-1,2.1,,
2026-09-04T00:18:04.000Z,M20-409-2-00781,1472516284,43.55808,4.72503,17241.8,2.9,3.2,77.8,-60.1,5.0,91.5,0x20,405.003,4.5,-2625,-1,2.1,,
2026-09-04T00:18:05.000Z,M20-409-2-00781,1472516285,43.55809,4.72507,17245.9,5.4,4.5,74.4,-60.1,5.0,91.4,0x20,405.003,3.9,-2625,-1,2.1,,
2026-09-04T00:18:06.000Z,M20-409-2-00781,1472516286,43.55810,4.72514,17250.3,3.4,6.1,79.2,-60.1,4.9,91.3,0x20,405.003,15.3,-2625,-1,2.1,,
2026-09-04T00:18:07.000Z,M20-409-2-00781,1472516287,43.55811,4.72522,17253.9,3.9,7.2,75.1,-60.1,4.9,91.3,0x20,405.003,17.7,-2625,-1,2.1,,
2026-09-04T00:18:08.000Z,M20-409-2-00781,1472516288,43.55813,4.72530,17258.5,5.1,7.3,68.4,-60.2,4.9,91.2,0x20,405.003,20.0,-2625,-1,2.1,,
2026-09-04T00:18:09.000Z,M20-409-2-00781,1472516289,43.55815,4.72538,17263.4,4.9,6.4,68.0,-60.2,4.9,91.2,0x20,405.003,20.0,-2625,-1,2.1,,
2026-09-04T00:18:10.000Z,M20-409-2-00781,1472516290,43.55817,4.72545,17268.4,5.0,5.9,81.4,-60.2,4.9,91.1,0x20,405.003,19.1,-2625,-1,2.1,,
2026-09-04T00:18:11.000Z,M20-409-2-00781,1472516291,43.55817,4.72553,17272.7,3.7,5.9,92.9,-60.2,4.8,91.0,0x20,405.003,19.0,-2625,-1,2.1,,
2026-09-04T00:18:12.000Z,M20-409-2-00781,1472516292,43.55817,4.72560,17277.4,5.6,5.6,90.5,-60.3,4.8,91.0,0x20,405.003,19.0,-2625,-1,2.1,,
2026-09-04T00:18:13.000Z,M20-409-2-00781,1472516293,43.55818,4.72566,17281.9,3.3,5.4,76.2,-60.3,4.8,90.9,0x20,405.003,20.6,-2625,-1,2.1,,
2026-09-04T00:18:14.000Z,M20-409-2-00781,1472516294,43.55819,4.72574,17286.4,5.6,7.0,78.7,-60.3,4.7,90.8,0x20,405.003,20.6,-2625,-1,2.1,,
2026-09-04T00:18:15.000Z,M20-409-2-00781,1472516295,43.55820,4.72583,17290.8,3.3,8.0,82.1,-60.3,4.7,90.8,0x20,405.003,20.1,-2625,-1,2.1,,
2026-09-04T00:18:16.000Z,M20-409-2-00781,1472516296,43.55821,4.72593,17294.8,5.0,8.7,77.8,-60.3,4.7,90.7,0x20,405.003,20.1,-2625,-1,2.1,,
2026-09-04T00:18:17.000Z,M20-409-2-00781,1472516297,43.55823,4.72603,17299.5,4.2,8.5,68.8,-60.3,4.6,90.6,0x20,405.003,5.1,-2625,-1,2.1,,
2026-09-04T00:18:18.000Z,M20-409-2-00781,1472516298,43.55826,4.72613,17303.8,4.6,7.8,66.5,-60.3,4.6,90.6,0x20,405.003,4.2,-2625,-1,2.1,,
2026-09-04T00:18:19.000Z,M20-409-2-00781,1472516299,43.55828,4.72622,17309.0,5.6,7.9,79.0,-60.3,4.6,90.5,0x20,405.003,12.7,-2625,-1,2.1,,
2026-09-04T00:18:20.000Z,M20-409-2-00781,1472516300,43.55829,4.72631,17313.8,3.8,7.5,85.0,-60.3,4.6,90.4,0x20,405.003,20.6,-2625,-1,2.1,,
2026-09-04T00:18:21.000Z,M20-409-2-00781,1472516301,43.55830,4.72640,17318.4,5.2,7.4,81.8,-60.3,4.5,90.3,0x20,405.003,20.6,-2625,-1,2.1,,
2026-09-04T00:18:22.000Z,M20-409-2-00781,1472516302,43.55832,4.72650,17322.9,3.7,8.0,73.2,-60.3,4.5,90.3,0x20,405.003,19.2,-2625,-1,2.1,,
2026-09-04T00:18:23.000Z,M20-409-2-00781,1472516303,43.55834,4.72660,17327.2,4.8,9.1,72.9,-60.2,4.5,90.2,0x20,405.003,20.3,-2625,-1,2.1,,
2026-09-04T00:18:24.000Z,M20-409-2-00781,1472516304,43.55836,4.72671,17332.1,4.5,10.5,79.0,-60.2,4.5,90.1,0x20,405.003,20.3,-2625,-1,2.1,,
2026-09-04T00:18:25.000Z,M20-409-2-00781,1472516305,43.55838,4.72684,17336.8,4.6,10.7,79.6,-60.1,4.4,90.1,0x20,405.003,19.1,-2625,-1,2.1,,
2026-09-04T00:18:26.000Z,M20-409-2-00781,1472516306,43.55840,4.72696,17341.6,5.1,9.7,74.3,-60.1,4.4,90.0,0x20,405.003,19.3,-2625,-1,2.1,,
2026-09-04T00:18:27.000Z,M20-409-2-00781,1472516307,43.55842,4.72708,17346.2,3.8,8.9,70.9,-60.1,4.4,89.9,0x20,405.003,19.3,-2250,-1,2.1,,
2026-09-04T00:18:28.000Z,M20-409-2-00781,1472516308,43.55844,4.72718,17350.9,5.7,8.3,77.8,-60.1,4.3,89.8,0x20,405.003,19.3,-2625,-1,2.1,,
2026-09-04T00:18:29.000Z,M20-409-2-00781,1472516309,43.55845,4.72728,17355.7,3.7,8.5,86.6,-60.2,4.3,89.8,0x20,405.003,4.7,-2625,-1,2.1,,
2026-09-04T00:18:30.000Z,M20-409-2-00781,1472516310,43.55846,4.72738,17360.2,5.6,8.6,84.1,-60.2,4.3,89.8,0x20,405.003,4.7,-2625,-1,2.1,,
2026-09-04T00:18:31.000Z,M20-409-2-00781,1472516311,43.55847,4.72749,17365.0,4.2,8.5,75.2,-60.2,4.3,89.7,0x20,405.003,8.5,-2250,-1,2.1,,
2026-09-04T00:18:32.000Z,M20-409-2-00781,1472516312,43.55850,4.72759,17369.7,5.1,9.8,72.5,-60.2,4.2,89.6,0x20,405.003,18.5,-2250,-1,2.1,,
2026-09-04T00:18:33.000Z,M20-409-2-00781,1472516313,43.55852,4.72772,17374.8,4.8,11.1,75.4,-60.2,4.2,89.5,0x20,405.003,19.9,-2625,-1,2.1,,
2026-09-04T00:18:34.000Z,M20-409-2-00781,1472516314,43.55855,4.72786,17379.2,4.4,11.6,76.9,-60.2,4.2,89.5,0x20,405.003,19.9,-2250,-1,2.1,,
2026-09-04T00:18:35.000Z,M20-409-2-00781,1472516315,43.55857,4.72799,17384.3,5.5,11.1,71.6,-60.2,4.2,89.4,0x20,405.003,18.8,-2625,-1,2.1,,
2026-09-04T00:18:36.000Z,M20-409-2-00781,1472516316,43.55861,4.72811,17389.0,3.8,10.0,68.2,-60.2,4.1,89.3,0x20,405.003,21.0,-2625,-1,2.1,,
2026-09-04T00:18:37.000Z,M20-409-2-00781,1472516317,43.55864,4.72823,17393.8,5.9,9.3,74.4,-60.3,4.1,89.2,0x20,405.003,21.0,-2625,-1,2.1,,
2026-09-04T00:18:38.000Z,M20-409-2-00781,1472516318,43.55865,4.72834,17398.9,4.3,9.4,84.9,-60.3,4.1,89.2,0x20,405.003,18.8,-2625,-1,2.1,,
2026-09-04T00:18:39.000Z,M20-409-2-00781,1472516319,43.55866,4.72846,17403.3,4.5,9.9,87.5,-60.3,4.1,89.1,0x20,405.003,18.8,-2625,-1,2.1,,
2026-09-04T00:18:40.000Z,M20-409-2-00781,1472516320,43.55867,4.72859,17408.4,5.6,10.9,78.6,-60.3,4.0,89.0,0x20,405.003,18.5,-2625,-1,2.1,,
2026-09-04T00:18:41.000Z,M20-409-2-00781,1472516321,43.55869,4.72872,17413.1,3.8,11.8,70.5,-60.3,4.0,89.0,0x20,405.003,18.5,-2625,-1,2.1,,
2026-09-04T00:18:42.000Z,M20-409-2-00781,1472516322,43.55873,4.72887,17417.6,5.3,13.1,72.2,-60.3,4.0,88.9,0x20,405.003,18.5,-2250,-1,2.1,,
2026-09-04T00:18:43.000Z,M20-409-2-00781,1472516323,43.55876,4.72903,17422.2,3.4,13.4,76.5,-60.3,4.0,88.8,0x20,405.003,4.8,-2250,-1,2.1,,
2026-09-04T00:18:44.000Z,M20-409-2-00781,1472516324,43.55879,4.72919,17426.1,4.5,13.7,79.1,-60.3,3.9,88.8,0x20,405.003,8.4,-2250,-1,2.1,,
2026-09-04T00:18:45.000Z,M20-409-2-00781,1472516325,43.55881,4.72935,17430.7,5.2,13.2,76.0,-60.3,3.9,88.7,0x20,405.003,18.9,-2250,-1,2.1,,
2026-09-04T00:18:46.000Z,M20-409-2-00781,1472516326,43.55884,4.72951,17435.8,5.1,12.4,73.3,-60.4,3.9,88.7,0x20,405.003,18.9,-2250,-1,2.1,,
2026-09-04T00:18:47.000Z,M20-409-2-00781,1472516327,43.55887,4.72965,17440.3,4.1,11.3,75.0,-60.4,3.8,88.6,0x20,405.003,18.5,-2625,-1,2.1,,
2026-09-04T00:18:48.000Z,M20-409-2-00781,1472516328,43.55889,4.72978,17444.9,5.3,10.4,85.2,-60.4,3.8,88.5,0x20,405.003,18.8,-2625,-1,2.1,,
2026-09-04T00:18:49.000Z,M20-409-2-00781,1472516329,43.55889,4.72991,17449.4,3.5,10.6,93.3,-60.5,3.8,88.5,0x20,405.003,18.8,-2625,-1,2.1,,
2026-09-04T00:18:50.000Z,M20-409-2-00781,1472516330,43.55888,4.73004,17453.8,5.4,10.9,90.8,-60.5,3.7,88.4,0x20,405.003,20.4,-2625,-1,2.1,,
2026-09-04T00:18:51.000Z,M20-409-2-00781,1472516331,43.55889,4.73018,17458.9,4.8,11.1,77.9,-60.5,3.7,88.3,0x20,405.003,20.4,-2625,-1,2.1,,
2026-09-04T00:18:52.000Z,M20-409-2-00781,1472516332,43.55892,4.73031,17462.8,3.1,11.7,70.7,-60.5,3.7,88.3,0x20,405.003,17.3,-2625,-1,2.1,,
2026-09-04T00:18:53.000Z,M20-409-2-00781,1472516333,43.55896,4.73045,17467.0,5.5,11.9,69.7,-60.6,3.7,88.2,0x20,405.003,19.5,-2625,-1,2.1,,
2026-09-04T00:18:54.000Z,M20-409-2-00781,1472516334,43.55899,4.73059,17471.7,4.0,11.9,75.8,-60.6,3.6,88.2,0x20,405.003,19.5,-2625,-1,2.1,,
2026-09-04T00:18:55.000Z,M20-409-2-00781,1472516335,43.55901,4.73074,17475.7,4.1,12.4,80.4,-60.6,3.6,88.1,0x20,405.003,3.9,-2625,-1,2.1,,
2026-09-04T00:18:56.000Z,M20-409-2-00781,1472516336,43.55903,4.73089,17480.5,5.5,12.6,78.6,-60.6,3.6,88.0,0x20,405.003,4.4,-2250,-1,2.1,,
2026-09-04T00:18:57.000Z,M20-409-2-00781,1472516337,43.55906,4.73104,17485.5,4.3,12.8,77.6,-60.6,3.6,88.0,0x20,405.003,9.2,-2250,-1,2.1,,
2026-09-04T00:18:58.000Z,M20-409-2-00781,1472516338,43.55907,4.73119,17490.4,5.6,12.1,84.7,-60.6,3.5,87.9,0x20,405.003,19.7,-2250,-1,2.1,,
2026-09-04T00:18:59.000Z,M20-409-2-00781,1472516339,43.55908,4.73134,17495.0,3.5,11.9,90.8,-60.6,3.5,87.8,0x20,405.003,19.7,-2250,-1,2.1,,
2026-09-04T00:19:00.000Z,M20-409-2-00781,1472516340,43.55908,4.73149,17499.5,5.7,11.7,88.9,-60.6,3.5,87.8,0x20,405.003,20.8,-2250,-1,2.1,,
2026-09-04T00:19:01.000Z,M20-409-2-00781,1472516341,43.55909,4.73163,17505.0,5.2,12.4,80.9,-60.6,3.5,87.7,0x20,405.003,20.8,-2250,-1,2.1,,
2026-09-04T00:19:02.000Z,M20-409-2-00781,1472516342,43.55911,4.73179,17509.5,4.0,13.3,78.0,-60.6,3.4,87.6,0x20,405.003,19.6,-2625,-1,2.1,,
2026-09-04T00:19:03.000Z,M20-409-2-00781,1472516343,43.55913,4.73195,17514.3,5.7,13.6,82.2,-60.6,3.4,87.6,0x20,405.003,18.6,-2625,-1,2.1,,
2026-09-04T00:19:04.000Z,M20-409-2-00781,1472516344,43.55914,4.73212,17519.0,3.7,13.9,87.8,-60.6,3.4,87.5,0x20,405.003,18.6,-2625,-1,2.1,,
2026-09-04T00:19:05.000Z,M20-409-2-00781,1472516345,43.55914,4.73230,17523.4,5.0,14.1,90.4,-60.5,3.4,87.5,0x20,405.003,17.3,-2625,-1,2.1,,
2026-09-04T00:19:06.000Z,M20-409-2-00781,1472516346,43.55914,4.73247,17528.3,5.0,14.3,86.8,-60.5,3.4,87.4,0x20,405.003,17.3,-2625,-1,2.1,,
2026-09-04T00:19:07.000Z,M20-409-2-00781,1472516347,43.55915,4.73265,17533.2,5.1,14.3,84.6,-60.4,3.4,87.3,0x20,405.003,11.3,-2625,-1,2.1,,
2026-09-04T00:19:08.000Z,M20-409-2-00781,1472516348,43.55916,4.73282,17538.3,5.4,13.1,85.9,-60.4,3.3,87.2,0x20,405.003,3.5,-2625,-1,2.1,,
2026-09-04T00:19:09.000Z,M20-409-2-00781,1472516349,43.55917,4.73297,17543.0,4.4,12.3,88.7,-60.4,3.3,87.2,0x20,405.003,3.9,-2625,-1,2.1,,
2026-09-04T00:19:10.000Z,M20-409-2-00781,1472516350,43.55917,4.73312,17547.9,5.4,12.0,83.9,-60.4,3.2,87.1,0x20,405.003,11.3,-2625,-1,2.1,,
2026-09-04T00:19:11.000Z,M20-409-2-00781,1472516351,43.55919,4.73327,17552.7,4.3,12.5,81.9,-60.4,3.2,87.0,0x20,405.003,17.3,-2625,-1,2.1,,
2026-09-04T00:19:12.000Z,M20-409-2-00781,1472516352,43.55920,4.73343,17557.5,5.6,12.9,88.0,-60.4,3.2,87.0,0x20,405.003,18.1,-2250,-1,2.1,,
2026-09-04T00:19:13.000Z,M20-409-2-00781,1472516353,43.55919,4.73359,17561.8,2.9,13.6,93.8,-60.4,3.2,86.9,0x20,405.003,18.2,-2250,-1,2.1,,
2026-09-04T00:19:14.000Z,M20-409-2-00781,1472516354,43.55918,4.73376,17566.0,5.6,14.1,95.0,-60.5,3.2,86.8,0x20,405.003,18.2,-2625,-1,2.1,,
2026-09-04T00:19:15.000Z,M20-409-2-00781,1472516355,43.55918,4.73393,17571.0,4.2,13.7,91.0,-60.5,3.1,86.8,0x20,405.003,18.2,-2625,-1,2.1,,
2026-09-04T00:19:16.000Z,M20-409-2-00781,1472516356,43.55918,4.73410,17575.7,5.0,12.9,89.6,-60.5,3.2,86.7,0x20,405.003,18.2,-2625,-1,2.1,,
2026-09-04T00:19:17.000Z,M20-409-2-00781,1472516357,43.55917,4.73425,17580.7,4.8,12.0,94.5,-60.5,3.1,86.6,0x20,405.003,17.7,-2625,-1,2.1,,
2026-09-04T00:19:18.000Z,M20-409-2-00781,1472516358,43.55916,4.73440,17584.8,3.5,11.6,96.5,-60.5,3.1,86.5,0x20,405.003,17.6,-2625,-1,2.1,,
2026-09-04T00:19:19.000Z,M20-409-2-00781,1472516359,43.55916,4.73454,17589.1,5.2,11.2,89.9,-60.5,3.1,86.5,0x20,405.003,16.6,-2625,-1,2.1,,
2026-09-04T00:19:20.000Z,M20-409-2-00781,1472516360,43.55917,4.73468,17593.8,4.2,11.5,83.5,-60.5,3.0,86.4,0x20,405.003,8.7,-2625,-1,2.1,,
2026-09-04T00:19:21.000Z,M20-409-2-00781,1472516361,43.55918,4.73482,17598.7,5.6,12.3,86.5,-60.5,3.0,86.4,0x20,405.003,5.2,-2625,-1,2.1,,
2026-09-04T00:19:22.000Z,M20-409-2-00781,1472516362,43.55917,4.73498,17604.5,5.8,13.4,99.2,-60.5,3.0,86.3,0x20,405.003,3.5,-2625,-1,2.1,,
2026-09-04T00:19:23.000Z,M20-409-2-00781,1472516363,43.55914,4.73515,17608.9,3.2,14.3,105.0,-60.5,3.0,86.2,0x20,405.003,9.8,-2250,-1,2.1,,
2026-09-04T00:19:24.000Z,M20-409-2-00781,1472516364,43.55911,4.73532,17612.8,4.7,15.3,105.9,-60.6,2.9,86.2,0x20,405.003,19.8,-2625,-1,2.1,,
2026-09-04T00:19:25.000Z,M20-409-2-00781,1472516365,43.55908,4.73551,17617.4,4.7,15.4,99.1,-60.6,2.9,86.1,0x20,405.003,20.9,-2625,-1,2.1,,
2026-09-04T00:19:26.000Z,M20-409-2-00781,1472516366,43.55906,4.73570,17621.6,3.6,15.3,92.2,-60.6,2.9,86.0,0x20,405.003,21.3,-2625,-1,2.1,,
2026-09-04T00:19:27.000Z,M20-409-2-00781,1472516367,43.55906,4.73589,17625.7,4.7,15.5,90.6,-60.6,2.9,86.0,0x20,405.003,21.3,-2250,-1,2.1,,
2026-09-04T00:19:28.000Z,M20-409-2-00781,1472516368,43.55906,4.73608,17630.4,4.8,15.0,93.4,-60.5,2.9,85.9,0x20,405.003,19.2,-2625,-1,2.1,,
2026-09-04T00:19:29.000Z,M20-409-2-00781,1472516369,43.55905,4.73625,17634.5,3.6,14.2,94.8,-60.5,2.8,85.9,0x20,405.003,16.6,-2625,-1,2.1,,
2026-09-04T00:19:30.000Z,M20-409-2-00781,1472516370,43.55904,4.73642,17638.8,4.9,12.9,93.7,-60.5,2.8,85.8,0x20,405.003,16.6,-2625,-1,2.1,,
2026-09-04T00:19:31.000Z,M20-409-2-00781,1472516371,43.55903,4.73657,17643.3,3.9,11.8,91.6,-60.6,2.8,85.7,0x20,405.003,15.9,-2625,-1,2.1,,
2026-09-04T00:19:32.000Z,M20-409-2-00781,1472516372,43.55903,4.73672,17647.7,5.0,11.7,96.9,-60.6,2.8,85.7,0x20,405.003,16.4,-2625,-1,2.1,,
2026-09-04T00:19:33.000Z,M20-409-2-00781,1472516373,43.55900,4.73687,17652.5,4.7,13.1,106.1,-60.5,2.8,85.6,0x20,405.003,16.4,-2625,-1,2.1,,
2026-09-04T00:19:34.000Z,M20-409-2-00781,1472516374,43.55897,4.73703,17656.4,3.3,14.5,109.7,-60.5,2.8,85.5,0x20,405.003,3.5,-2625,-1,2.1,,
2026-09-04T00:19:35.000Z,M20-409-2-00781,1472516375,43.55893,4.73720,17660.3,5.0,15.0,105.5,-60.5,2.7,85.5,0x20,405.003,3.6,-2625,-1,2.1,,
2026-09-04T00:19:36.000Z,M20-409-2-00781,1472516376,43.55890,4.73739,17665.0,4.4,15.0,97.7,-60.6,2.7,85.4,0x20,405.003,13.8,-2625,-1,2.1,,
2026-09-04T00:19:37.000Z,M20-409-2-00781,1472516377,43.55889,4.73757,17669.1,3.7,15.0,94.0,-60.5,2.7,85.4,0x20,405.003,19.7,-2625,-1,2.1,,
2026-09-04T00:19:38.000Z,M20-409-2-00781,1472516378,43.55888,4.73776,17673.7,5.7,15.6,95.4,-60.5,2.7,85.3,0x20,405.003,19.7,-2625,-1,2.1,,
2026-09-04T00:19:39.000Z,M20-409-2-00781,1472516379,43.55886,4.73795,17678.4,3.7,15.8,99.6,-60.5,2.7,85.2,0x20,405.003,19.1,-2250,-1,2.1,,
2026-09-04T00:19:40.000Z,M20-409-2-00781,1472516380,43.55883,4.73813,17682.4,4.3,14.7,104.7,-60.5,2.6,85.2,0x20,405.003,19.1,-2250,-1,2.1,,
2026-09-04T00:19:41.000Z,M20-409-2-00781,1472516381,43.55880,4.73830,17686.7,4.9,12.9,104.6,-60.5,2.6,85.1,0x20,405.003,18.6,-2625,-1,2.1,,
2026-09-04T00:19:42.000Z,M20-409-2-00781,1472516382,43.55877,4.73845,17691.0,4.0,12.2,103.4,-60.5,2.6,85.1,0x20,405.003,22.4,-2625,-1,2.1,,
2026-09-04T00:19:43.000Z,M20-409-2-00781,1472516383,43.55874,4.73860,17696.0,6.0,13.3,105.9,-60.5,2.6,85.0,0x20,405.003,22.4,-2625,-1,2.1,,
2026-09-04T00:19:44.000Z,M20-409-2-00781,1472516384,43.55871,4.73877,17701.4,4.3,15.2,107.8,-60.5,2.5,84.9,0x20,405.003,20.6,-2625,-1,2.1,,
2026-09-04T00:19:45.000Z,M20-409-2-00781,1472516385,43.55866,4.73895,17705.7,4.2,16.1,108.6,-60.5,2.5,84.9,0x20,405.003,22.4,-2625,-1,2.1,,
2026-09-04T00:19:46.000Z,M20-409-2-00781,1472516386,43.55862,4.73914,17710.1,4.7,16.0,109.0,-60.5,2.6,84.8,0x20,405.003,22.4,-2625,-1,2.1,,
2026-09-04T00:19:47.000Z,M20-409-2-00781,1472516387,43.55857,4.73932,17714.4,4.1,14.9,109.5,-60.5,2.5,84.8,0x20,405.003,4.0,-2625,-1,2.1,,
2026-09-04T00:19:48.000Z,M20-409-2-00781,1472516388,43.55852,4.73950,17718.9,5.1,15.9,113.4,-60.4,2.5,84.7,0x20,405.003,4.0,-2625,-1,2.1,,
2026-09-04T00:19:49.000Z,M20-409-2-00781,1472516389,43.55846,4.73968,17723.3,3.9,16.1,115.1,-60.3,2.5,84.6,0x20,405.003,14.0,-2625,-1,2.1,,
2026-09-04T00:19:50.000Z,M20-409-2-00781,1472516390,43.55840,4.73984,17728.0,5.6,14.4,117.3,-60.3,2.5,84.6,0x20,405.003,20.5,-2625,-1,2.1,,
2026-09-04T00:19:51.000Z,M20-409-2-00781,1472516391,43.55834,4.73999,17733.1,4.4,12.7,118.0,-60.3,2.4,84.5,0x20,405.003,20.5,-2625,-1,2.1,,
2026-09-04T00:19:52.000Z,M20-409-2-00781,1472516392,43.55829,4.74013,17737.8,5.1,12.6,113.9,-60.2,2.4,84.4,0x20,405.003,20.6,-2625,-1,2.1,,
2026-09-04T00:19:53.000Z,M20-409-2-00781,1472516393,43.55825,4.74029,17743.3,5.8,14.7,109.8,-60.2,2.4,84.3,0x20,405.003,20.6,-2625,-1,2.1,,
2026-09-04T00:19:54.000Z,M20-409-2-00781,1472516394,43.55820,4.74047,17747.9,3.2,16.8,109.0,-60.1,2.4,84.3,0x20,405.003,19.0,-2625,-1,2.1,,
2026-09-04T00:19:55.000Z,M20-409-2-00781,1472516395,43.55815,4.74067,17751.7,4.4,17.8,112.6,-60.1,2.4,84.2,0x20,405.003,20.6,-2250,-1,2.1,,
2026-09-04T00:19:56.000Z,M20-409-2-00781,1472516396,43.55808,4.74086,17756.7,5.3,16.9,120.7,-60.1,2.4,84.2,0x20,405.003,20.6,-2625,-1,2.1,,
2026-09-04T00:19:57.000Z,M20-409-2-00781,1472516397,43.55800,4.74103,17761.7,4.6,15.0,127.2,-60.2,2.3,84.1,0x20,405.003,16.8,-2625,-1,2.1,,
2026-09-04T00:19:58.000Z,M20-409-2-00781,1472516398,43.55792,4.74117,17765.6,3.0,13.3,127.4,-60.2,2.3,84.0,0x20,405.003,19.0,-2625,-1,2.1,,
2026-09-04T00:19:59.000Z,M20-409-2-00781,1472516399,43.55785,4.74130,17769.5,4.8,12.8,119.4,-60.2,2.3,84.0,0x20,405.003,19.0,-2625,-1,2.1,,
2026-09-04T00:20:00.000Z,M20-409-2-00781,1472516400,43.55780,4.74145,17774.7,5.3,14.6,110.9,-60.1,2.3,83.9,0x20,405.003,4.2,-2625,-1,2.1,,
2026-09-04T00:20:01.000Z,M20-409-2-00781,1472516401,43.55775,4.74163,17778.9,3.3,16.2,109.3,-60.0,2.3,83.9,0x20,405.003,9.4,-2625,-1,2.1,,
2026-09-04T00:20:02.000Z,M20-409-2-00781,1472516402,43.55770,4.74182,17783.5,6.0,16.9,116.8,-60.0,2.3,83.8,0x20,405.003,13.3,-2625,-1,2.1,,
2026-09-04T00:20:03.000Z,M20-409-2-00781,1472516403,43.55762,4.74199,17789.1,5.1,16.1,126.8,-59.9,2.3,83.7,0x20,405.003,13.3,-2625,-1,2.1,,
2026-09-04T00:20:04.000Z,M20-409-2-00781,1472516404,43.55753,4.74214,17793.3,2.9,14.8,131.7,-59.9,2.3,83.7,0x20,405.003,19.8,-2625,-1,2.1,,
2026-09-04T00:20:05.000Z,M20-409-2-00781,1472516405,43.55745,4.74227,17797.2,4.7,12.7,129.6,-60.0,2.3,83.6,0x20,405.003,20.7,-2625,-1,2.1,,
2026-09-04T00:20:06.000Z,M20-409-2-00781,1472516406,43.55739,4.74239,17802.0,4.8,11.4,118.4,-60.0,2.3,83.6,0x20,405.003,21.4,-2625,-1,2.1,,
2026-09-04T00:20:07.000Z,M20-409-2-00781,1472516407,43.55735,4.74252,17806.1,3.4,11.5,110.7,-60.0,2.2,83.5,0x20,405.003,21.4,-2250,-1,2.1,,
2026-09-04T00:20:08.000Z,M20-409-2-00781,1472516408,43.55730,4.74265,17810.6,5.3,11.7,116.1,-59.9,2.2,83.5,0x20,405.003,20.7,-2625,-1,2.1,,
2026-09-04T00:20:09.000Z,M20-409-2-00781,1472516409,43.55725,4.74278,17815.9,5.3,13.1,127.7,-60.0,2.2,83.4,0x20,405.003,18.5,-2625,-1,2.1,,
2026-09-04T00:20:10.000Z,M20-409-2-00781,1472516410,43.55716,4.74291,17820.3,3.5,15.0,133.3,-60.0,2.2,83.3,0x20,405.003,18.5,-2625,-1,2.1,,
2026-09-04T00:20:11.000Z,M20-409-2-00781,1472516411,43.55707,4.74306,17824.0,3.9,16.6,131.3,-60.0,2.2,83.3,0x20,405.003,18.5,-2625,-1,2.1,,
2026-09-04T00:20:12.000Z,M20-409-2-00781,1472516412,43.55698,4.74322,17828.7,5.5,16.7,123.4,-59.9,2.2,83.2,0x20,405.003,18.1,-2625,-1,2.1,,
2026-09-04T00:20:13.000Z,M20-409-2-00781,1472516413,43.55690,4.74339,17833.3,3.6,15.6,116.5,-59.9,2.1,83.1,0x20,405.003,3.9,-2625,-1,2.1,,
2026-09-04T00:20:14.000Z,M20-409-2-00781,1472516414,43.55685,4.74355,17837.8,5.3,13.5,115.3,-59.8,2.2,83.1,0x20,405.003,3.3,-2250,-1,2.1,,
2026-09-04T00:20:15.000Z,M20-409-2-00781,1472516415,43.55679,4.74369,17843.1,5.1,12.0,124.9,-59.9,2.1,83.0,0x20,405.003,17.0,-2250,-1,2.1,,
2026-09-04T00:20:16.000Z,M20-409-2-00781,1472516416,43.55672,4.74380,17847.5,3.6,11.5,135.6,-59.8,2.1,82.9,0x20,405.003,20.2,-2625,-1,2.1,,
2026-09-04T00:20:17.000Z,M20-409-2-00781,1472516417,43.55665,4.74389,17852.0,5.4,11.2,141.2,-59.9,2.1,82.9,0x20,405.003,20.9,-2625,-1,2.1,,
2026-09-04T00:20:18.000Z,M20-409-2-00781,1472516418,43.55657,4.74398,17856.9,4.3,11.6,141.7,-59.8,2.1,82.8,0x20,405.003,21.1,-2250,-1,2.1,,
2026-09-04T00:20:19.000Z,M20-409-2-00781,1472516419,43.55648,4.74407,17862.1,6.0,13.6,144.4,-59.8,2.1,82.8,0x20,405.003,21.1,-2250,-1,2.1,,
2026-09-04T00:20:20.000Z,M20-409-2-00781,1472516420,43.55637,4.74418,17866.8,3.6,15.3,144.2,-59.7,2.1,82.7,0x20,405.003,21.5,-2625,-1,2.1,,
2026-09-04T00:20:21.000Z,M20-409-2-00781,1472516421,43.55626,4.74430,17871.7,5.8,15.6,139.0,-59.7,2.0,82.6,0x20,405.003,21.5,-2250,-1,2.1,,
2026-09-04T00:20:22.000Z,M20-409-2-00781,1472516422,43.55617,4.74443,17877.0,4.8,14.3,131.9,-59.7,2.0,82.5,0x20,405.003,18.6,-2625,-1,2.1,,
2026-09-04T00:20:23.000Z,M20-409-2-00781,1472516423,43.55608,4.74456,17881.7,4.4,13.2,129.3,-59.7,2.0,82.5,0x20,405.003,17.7,-2625,-1,2.1,,
2026-09-04T00:20:24.000Z,M20-409-2-00781,1472516424,43.55600,4.74468,17887.0,6.3,13.3,135.7,-59.7,2.0,82.4,0x20,405.003,17.7,-2250,-1,2.1,,
2026-09-04T00:20:25.000Z,M20-409-2-00781,1472516425,43.55591,4.74478,17892.5,4.7,13.5,143.0,-59.7,2.1,82.4,0x20,405.003,17.7,-2250,-1,2.1,,
2026-09-04T00:20:26.000Z,M20-409-2-00781,1472516426,43.55581,4.74488,17896.8,4.1,12.9,148.8,-59.8,2.0,82.3,0x20,405.003,6.9,-2250,-1,2.1,,
2026-09-04T00:20:27.000Z,M20-409-2-00781,1472516427,43.55572,4.74495,17901.1,4.3,11.3,153.0,-59.8,2.0,82.2,0x20,405.003,13.7,-2250,-1,2.1,,
2026-09-04T00:20:28.000Z,M20-409-2-00781,1472516428,43.55563,4.74501,17905.3,3.9,10.4,152.1,-59.8,2.0,82.2,0x20,405.003,18.3,-2250,-1,2.1,,
2026-09-04T00:20:29.000Z,M20-409-2-00781,1472516429,43.55555,4.74508,17909.7,4.9,12.1,149.4,-59.9,2.0,82.1,0x20,405.003,18.3,-2250,-1,2.1,,
2026-09-04T00:20:30.000Z,M20-409-2-00781,1472516430,43.55544,4.74517,17914.7,5.1,15.4,146.4,-59.9,2.0,82.0,0x20,405.003,18.6,-2250,-1,2.1,,
2026-09-04T00:20:31.000Z,M20-409-2-00781,1472516431,43.55532,4.74528,17919.0,3.3,17.7,144.7,-59.8,2.0,82.0,0x20,405.003,18.6,-2250,-1,2.1,,
2026-09-04T00:20:32.000Z,M20-409-2-00781,1472516432,43.55519,4.74541,17923.0,4.7,17.6,142.7,-59.8,1.9,82.0,0x20,405.003,19.0,-2250,-1,2.1,,
2026-09-04T00:20:33.000Z,M20-409-2-00781,1472516433,43.55508,4.74554,17928.3,6.0,14.9,142.0,-59.8,1.9,81.9,0x20,405.003,19.0,-2625,-1,2.1,,
2026-09-04T00:20:34.000Z,M20-409-2-00781,1472516434,43.55498,4.74564,17933.2,3.8,12.8,143.0,-59.9,1.9,81.8,0x20,405.003,17.3,-2625,-1,2.1,,
2026-09-04T00:20:35.000Z,M20-409-2-00781,1472516435,43.55489,4.74572,17937.6,5.1,11.8,148.7,-59.9,1.9,81.8,0x20,405.003,19.9,-2625,-1,2.1,,
2026-09-04T00:20:36.000Z,M20-409-2-00781,1472516436,43.55479,4.74580,17942.2,4.2,13.4,152.3,-59.9,1.9,81.7,0x20,405.003,19.9,-2625,-1,2.1,,
2026-09-04T00:20:37.000Z,M20-409-2-00781,1472516437,43.55468,4.74588,17946.2,3.7,14.4,152.9,-59.9,1.9,81.7,0x20,405.003,19.0,-2625,-1,2.1,,
2026-09-04T00:20:38.000Z,M20-409-2-00781,1472516438,43.55456,4.74596,17950.5,5.1,14.2,150.4,-59.9,1.9,81.6,0x20,405.003,5.0,-2625,-1,2.1,,
2026-09-04T00:20:39.000Z,M20-409-2-00781,1472516439,43.55446,4.74605,17954.8,3.6,13.7,146.6,-59.9,1.9,81.5,0x20,405.003,4.4,-2625,-1,2.1,,
2026-09-04T00:20:40.000Z,M20-409-2-00781,1472516440,43.55435,4.74615,17958.9,4.7,14.5,144.4,-60.0,1.8,81.5,0x20,405.003,10.9,-2250,-1,2.1,,
2026-09-04T00:20:41.000Z,M20-409-2-00781,1472516441,43.55424,4.74626,17963.9,5.2,16.3,146.2,-60.0,1.8,81.4,0x20,405.003,19.7,-2250,-1,2.1,,
2026-09-04T00:20:42.000Z,M20-409-2-00781,1472516442,43.55412,4.74637,17968.1,3.4,17.0,148.4,-60.0,1.8,81.3,0x20,405.003,19.7,-2250,-1,2.1,,
2026-09-04T00:20:43.000Z,M20-409-2-00781,1472516443,43.55399,4.74647,17972.7,5.6,15.9,150.9,-60.0,1.8,81.3,0x20,405.003,20.2,-2250,-1,2.1,,
2026-09-04T00:20:44.000Z,M20-409-2-00781,1472516444,43.55387,4.74656,17977.5,3.9,14.0,152.0,-60.1,1.8,81.2,0x20,405.003,20.2,-2250,-1,2.1,,
2026-09-04T00:20:45.000Z,M20-409-2-00781,1472516445,43.55376,4.74664,17981.9,4.7,13.2,156.2,-60.1,1.8,81.2,0x20,405.003,19.2,-2250,-1,2.1,,
2026-09-04T00:20:46.000Z,M20-409-2-00781,1472516446,43.55365,4.74670,17986.7,4.8,13.9,160.6,-60.1,1.8,81.1,0x20,405.003,18.5,-2625,-1,2.1,,
2026-09-04T00:20:47.000Z,M20-409-2-00781,1472516447,43.55353,4.74676,17991.2,4.0,14.5,161.0,-60.1,1.7,81.0,0x20,405.003,18.1,-2625,-1,2.1,,
2026-09-04T00:20:48.000Z,M20-409-2-00781,1472516448,43.55341,4.74682,17995.7,5.1,14.0,157.8,-60.2,1.7,81.0,0x20,405.003,19.8,-2625,-1,2.1,,
2026-09-04T00:20:49.000Z,M20-409-2-00781,1472516449,43.55330,4.74689,18000.6,4.6,13.1,153.0,-60.1,1.7,80.9,0x20,405.003,19.8,-2625,-1,2.1,,
2026-09-04T00:20:50.000Z,M20-409-2-00781,1472516450,43.55319,4.74696,18004.7,3.4,13.4,150.4,-60.1,1.8,80.9,0x20,405.003,17.7,-2625,-1,2.1,,
2026-09-04T00:20:51.000Z,M20-409-2-00781,1472516451,43.55308,4.74705,18009.0,5.1,14.9,151.3,-60.1,1.7,80.8,0x20,405.003,4.3,-2625,-1,2.1,,
2026-09-04T00:20:52.000Z,M20-409-2-00781,1472516452,43.55296,4.74714,18013.5,3.7,16.3,154.5,-60.0,1.7,80.8,0x20,405.003,3.5,-2625,-1,2.1,,
2026-09-04T00:20:53.000Z,M20-409-2-00781,1472516453,43.55282,4.74721,18017.2,3.8,16.1,158.8,-60.0,1.7,80.7,0x20,405.003,7.3,-2625,-1,2.1,,
2026-09-04T00:20:54.000Z,M20-409-2-00781,1472516454,43.55270,4.74728,18022.0,5.6,13.6,162.8,-60.0,1.7,80.7,0x20,405.003,11.9,-2625,-1,2.1,,
2026-09-04T00:20:55.000Z,M20-409-2-00781,1472516455,43.55259,4.74732,18026.7,3.8,11.6,165.4,-59.9,1.7,80.6,0x20,405.003,17.4,-2250,-1,2.1,,
2026-09-04T00:20:56.000Z,M20-409-2-00781,1472516456,43.55249,4.74735,18031.4,5.4,11.2,166.1,-59.9,1.7,80.5,0x20,405.003,18.4,-2250,-1,2.1,,
2026-09-04T00:20:57.000Z,M20-409-2-00781,1472516457,43.55239,4.74739,18036.1,4.1,12.4,163.1,-59.9,1.6,80.5,0x20,405.003,18.4,-2250,-1,2.1,,
2026-09-04T00:20:58.000Z,M20-409-2-00781,1472516458,43.55228,4.74745,18040.5,4.4,13.5,158.3,-59.9,1.6,80.4,0x20,405.003,18.0,-2250,-1,2.1,,
2026-09-04T00:20:59.000Z,M20-409-2-00781,1472516459,43.55217,4.74751,18045.1,4.8,13.0,153.1,-59.8,1.6,80.3,0x20,405.003,19.6,-2625,-1,2.1,,
2026-09-04T00:21:00.000Z,M20-409-2-00781,1472516460,43.55207,4.74759,18049.7,4.4,12.3,150.6,-59.7,1.6,80.3,0x20,405.003,20.4,-2625,-1,2.1,,
2026-09-04T00:21:01.000Z,M20-409-2-00781,1472516461,43.55197,4.74766,18054.2,4.5,12.8,152.6,-59.7,1.6,80.2,0x20,405.003,20.4,-2625,-1,2.1,,
2026-09-04T00:21:02.000Z,M20-409-2-00781,1472516462,43.55186,4.74773,18059.4,5.6,13.8,158.9,-59.7,1.5,80.2,0x20,405.003,14.1,-2625,-1,2.1,,
2026-09-04T00:21:03.000Z,M20-409-2-00781,1472516463,43.55174,4.74779,18064.3,4.2,14.5,162.6,-59.7,1.6,80.1,0x20,405.003,14.1,-2625,-1,2.1,,
2026-09-04T00:21:04.000Z,M20-409-2-00781,1472516464,43.55162,4.74783,18069.1,5.3,13.6,165.4,-59.6,1.6,80.0,0x20,405.003,6.1,-2625,-1,2.1,,
2026-09-04T00:21:05.000Z,M20-409-2-00781,1472516465,43.55151,4.74787,18074.1,4.7,11.2,166.7,-59.6,1.5,80.0,0x20,405.003,4.3,-2625,-1,2.1,,
2026-09-04T00:21:06.000Z,M20-409-2-00781,1472516466,43.55142,4.74790,18078.2,3.5,9.8,164.0,-59.5,1.6,79.9,0x20,405.003,4.3,-2625,-1,2.1,,
2026-09-04T00:21:07.000Z,M20-409-2-00781,1472516467,43.55133,4.74794,18082.8,5.8,10.4,158.8,-59.5,1.5,79.9,0x20,405.003,16.6,-2625,-1,2.1,,
2026-09-04T00:21:08.000Z,M20-409-2-00781,1472516468,43.55124,4.74799,18087.5,3.6,11.7,157.9,-59.5,1.5,79.8,0x20,405.003,17.6,-2625,-1,2.1,,
2026-09-04T00:21:09.000Z,M20-409-2-00781,1472516469,43.55114,4.74805,18091.8,5.2,11.9,159.8,-59.5,1.5,79.8,0x20,405.003,17.6,-2625,-1,2.1,,
2026-09-04T00:21:10.000Z,M20-409-2-00781,1472516470,43.55105,4.74809,18096.6,4.3,11.2,162.8,-59.5,1.5,79.7,0x20,405.003,18.6,-2625,-1,2.1,,
2026-09-04T00:21:11.000Z,M20-409-2-00781,1472516471,43.55095,4.74813,18101.0,4.5,11.3,166.6,-59.5,1.5,79.6,0x20,405.003,18.6,-2250,-1,2.1,,
2026-09-04T00:21:12.000Z,M20-409-2-00781,1472516472,43.55084,4.74816,18105.8,5.1,12.6,167.9,-59.5,1.5,79.6,0x20,405.003,16.5,-2625,-1,2.1,,
2026-09-04T00:21:13.000Z,M20-409-2-00781,1472516473,43.55073,4.74819,18110.5,4.2,13.1,166.9,-59.5,1.5,79.5,0x20,405.003,18.4,-2625,-1,2.1,,
2026-09-04T00:21:14.000Z,M20-409-2-00781,1472516474,43.55062,4.74823,18115.6,6.1,11.7,165.9,-59.5,1.5,79.4,0x20,405.003,19.9,-2625,-1,2.1,,
2026-09-04T00:21:15.000Z,M20-409-2-00781,1472516475,43.55053,4.74826,18120.0,2.6,10.3,165.3,-59.5,1.5,79.4,0x20,405.003,19.9,-2625,-1,2.1,,
2026-09-04T00:21:16.000Z,M20-409-2-00781,1472516476,43.55044,4.74830,18124.5,6.3,9.9,163.5,-59.6,1.4,79.3,0x20,405.003,18.7,-2625,-1,2.1,,
2026-09-04T00:21:17.000Z,M20-409-2-00781,1472516477,43.55035,4.74833,18129.6,3.9,11.0,162.8,-59.6,1.4,79.3,0x20,405.003,4.5,-2625,-1,2.1,,
2026-09-04T00:21:18.000Z,M20-409-2-00781,1472516478,43.55025,4.74837,18134.1,5.1,11.5,167.2,-59.6,1.5,79.2,0x20,405.003,4.5,-2625,-1,2.1,,
2026-09-04T00:21:19.000Z,M20-409-2-00781,1472516479,43.55015,4.74840,18139.1,4.8,10.9,172.3,-59.6,1.4,79.2,0x20,405.003,4.0,-2625,-1,2.1,,
2026-09-04T00:21:20.000Z,M20-409-2-00781,1472516480,43.55006,4.74841,18143.2,3.5,10.8,174.8,-59.7,1.4,79.1,0x20,405.003,15.4,-2625,-1,2.1,,
2026-09-04T00:21:21.000Z,M20-409-2-00781,1472516481,43.54996,4.74843,18147.7,5.5,11.5,172.6,-59.7,1.5,79.0,0x20,405.003,15.4,-2625,-1,2.1,,
2026-09-04T00:21:22.000Z,M20-409-2-00781,1472516482,43.54985,4.74845,18152.8,4.6,12.2,169.0,-59.7,1.4,79.0,0x20,405.003,16.3,-2250,-1,2.1,,
2026-09-04T00:21:23.000Z,M20-409-2-00781,1472516483,43.54975,4.74848,18157.7,5.2,11.7,166.7,-59.8,1.4,78.9,0x20,405.003,17.6,-2250,-1,2.1,,
2026-09-04T00:21:24.000Z,M20-409-2-00781,1472516484,43.54965,4.74851,18163.2,5.7,10.1,169.0,-59.8,1.4,78.8,0x20,405.003,17.7,-2625,-1,2.1,,
2026-09-04T00:21:25.000Z,M20-409-2-00781,1472516485,43.54957,4.74853,18167.8,3.5,9.3,171.3,-59.8,1.4,78.8,0x20,405.003,17.7,-2625,-1,2.1,,
2026-09-04T00:21:26.000Z,M20-409-2-00781,1472516486,43.54948,4.74855,18172.6,6.0,9.9,171.9,-59.9,1.4,78.7,0x20,405.003,16.6,-2625,-1,2.1,,
2026-09-04T00:21:27.000Z,M20-409-2-00781,1472516487,43.54939,4.74857,18177.6,3.7,11.1,172.6,-59.9,1.3,78.7,0x20,405.003,16.6,-2625,-1,2.1,,
2026-09-04T00:21:28.000Z,M20-409-2-00781,1472516488,43.54929,4.74858,18182.0,5.2,11.3,178.2,-59.9,1.3,78.6,0x20,405.003,14.9,-2625,-1,2.1,,
2026-09-04T00:21:29.000Z,M20-409-2-00781,1472516489,43.54919,4.74857,18187.0,4.7,10.1,185.6,-59.8,1.3,78.5,0x20,405.003,14.9,-2625,-1,2.1,,
2026-09-04T00:21:30.000Z,M20-409-2-00781,1472516490,43.54911,4.74856,18191.1,3.4,9.1,187.0,-59.8,1.3,78.5,0x20,405.003,3.5,-2625,-1,2.1,,
2026-09-04T00:21:31.000Z,M20-409-2-00781,1472516491,43.54903,4.74856,18195.1,4.7,8.2,177.4,-59.8,1.3,78.4,0x20,405.003,3.6,-2625,-1,2.1,,
2026-09-04T00:21:32.000Z,M20-409-2-00781,1472516492,43.54895,4.74857,18200.3,5.4,8.9,162.8,-59.7,1.3,78.4,0x20,405.003,8.7,-2625,-1,2.1,,
2026-09-04T00:21:33.000Z,M20-409-2-00781,1472516493,43.54887,4.74861,18205.3,4.7,10.2,160.5,-59.8,1.3,78.3,0x20,405.003,11.8,-2625,-1,2.1,,
2026-09-04T00:21:34.000Z,M20-409-2-00781,1472516494,43.54878,4.74864,18210.8,6.3,10.5,169.7,-59.8,1.2,78.2,0x20,405.003,18.5,-2625,-1,2.1,,
2026-09-04T00:21:35.000Z,M20-409-2-00781,1472516495,43.54869,4.74866,18215.7,3.3,10.2,179.7,-59.8,1.2,78.2,0x20,405.003,18.5,-2625,-1,2.1,,
2026-09-04T00:21:36.000Z,M20-409-2-00781,1472516496,43.54860,4.74865,18219.5,4.4,10.1,187.9,-59.8,1.2,78.1,0x20,405.003,18.0,-2625,-1,2.1,,
2026-09-04T00:21:37.000Z,M20-409-2-00781,1472516497,43.54851,4.74864,18224.5,5.5,9.7,183.3,-59.8,1.2,78.1,0x20,405.003,18.0,-2250,-1,2.1,,
2026-09-04T00:21:38.000Z,M20-409-2-00781,1472516498,43.54843,4.74863,18229.7,4.8,8.8,179.2,-59.9,1.2,78.0,0x20,405.003,17.2,-2625,-1,2.1,,
2026-09-04T00:21:39.000Z,M20-409-2-00781,1472516499,43.54836,4.74863,18234.7,5.2,7.6,183.2,-59.9,1.2,77.9,0x20,405.003,15.0,-2625,-1,2.1,,
2026-09-04T00:21:42.000Z,M20-409-2-00781,1472516502,43.54817,4.74862,18248.1,5.5,7.8,171.8,-59.9,1.2,77.8,0x20,405.003,3.0,-2625,-1,2.1,,
2026-09-04T00:21:43.000Z,M20-409-2-00781,1472516503,43.54809,4.74864,18252.9,3.9,9.2,167.2,-59.9,1.2,77.7,0x20,405.003,3.3,-2625,-1,2.1,,
2026-09-04T00:21:44.000Z,M20-409-2-00781,1472516504,43.54801,4.74866,18258.0,6.2,9.6,171.8,-59.9,1.1,77.7,0x20,405.003,3.5,-2625,-1,2.1,,
2026-09-04T00:21:46.000Z,M20-409-2-00781,1472516506,43.54785,4.74865,18267.0,3.8,8.6,191.9,-60.0,1.1,77.5,0x20,405.003,16.4,-2625,-1,2.1,,
2026-09-04T00:21:47.000Z,M20-409-2-00781,1472516507,43.54778,4.74863,18271.9,5.9,7.8,187.5,-60.0,1.1,77.5,0x20,405.003,16.4,-2625,-1,2.1,,
2026-09-04T00:21:48.000Z,M20-409-2-00781,1472516508,43.54771,4.74862,18276.9,4.0,7.4,182.6,-60.0,1.1,77.4,0x20,405.003,15.5,-2625,-1,2.1,,
2026-09-04T00:21:49.000Z,M20-409-2-00781,1472516509,43.54764,4.74862,18281.8,5.7,7.3,186.9,-60.1,1.1,77.3,0x20,405.003,15.5,-2625,-1,2.1,,
2026-09-04T00:21:51.000Z,M20-409-2-00781,1472516511,43.54751,4.74858,18291.3,5.7,7.7,190.2,-60.1,1.1,77.2,0x20,405.003,15.7,-2625,-1,2.1,,
2026-09-04T00:21:52.000Z,M20-409-2-00781,1472516512,43.54744,4.74857,18296.8,5.2,8.0,179.1,-60.2,1.0,77.2,0x20,405.003,15.7,-2625,-1,2.1,,
2026-09-04T00:21:54.000Z,M20-409-2-00781,1472516514,43.54731,4.74857,18306.8,5.4,6.7,187.5,-60.2,1.0,77.0,0x20,405.003,14.5,-2625,-1,2.1,,
2026-09-04T00:21:57.000Z,M20-409-2-00781,1472516517,43.54717,4.74852,18320.3,5.4,4.2,186.3,-60.3,1.0,76.9,0x20,405.003,3.0,375,-1,2.1,,
2026-09-04T00:22:00.000Z,M20-409-2-00781,1472516520,43.54704,4.74851,18335.2,4.3,5.6,195.7,-60.2,0.9,76.7,0x20,405.003,14.9,-2625,-1,2.1,,
2026-09-04T00:22:01.000Z,M20-409-2-00781,1472516521,43.54699,4.74849,18339.7,4.7,6.5,196.1,-60.2,1.0,76.6,0x20,405.003,14.9,-2625,-1,2.1,,
2026-09-04T00:22:02.000Z,M20-409-2-00781,1472516522,43.54693,4.74847,18344.7,5.3,7.5,185.3,-60.2,0.9,76.5,0x20,405.003,15.6,-2625,-1,2.1,,
2026-09-04T00:22:03.000Z,M20-409-2-00781,1472516523,43.54686,4.74847,18349.7,5.2,7.5,180.3,-60.2,0.9,76.5,0x20,405.003,15.6,-2625,-1,2.1,,
2026-09-04T00:22:05.000Z,M20-409-2-00781,1472516525,43.54675,4.74845,18360.0,3.9,4.9,194.6,-60.2,0.9,76.4,0x20,405.003,16.8,-2625,-1,2.1,,
2026-09-04T00:22:06.000Z,M20-409-2-00781,1472516526,43.54671,4.74844,18364.7,5.4,3.8,186.7,-60.2,0.9,76.3,0x20,405.003,16.8,-2625,-1,2.1,,
2026-09-04T00:22:07.000Z,M20-409-2-00781,1472516527,43.54668,4.74844,18369.5,4.3,3.9,166.1,-60.2,0.8,76.3,0x20,405.003,16.1,-2625,-1,2.1,,
2026-09-04T00:22:08.000Z,M20-409-2-00781,1472516528,43.54665,4.74846,18374.3,5.2,4.1,167.0,-60.3,0.9,76.2,0x20,405.003,16.1,375,-1,2.1,,
2026-09-04T00:22:09.000Z,M20-409-2-00781,1472516529,43.54661,4.74846,18379.6,5.3,4.3,182.0,-60.3,0.8,76.1,0x20,405.003,6.2,-2250,-1,2.1,,
2026-09-04T00:22:10.000Z,M20-409-2-00781,1472516530,43.54657,4.74846,18384.2,3.8,4.4,185.8,-60.3,0.9,76.1,0x20,405.003,3.9,-2625,-1,2.1,,
2026-09-04T00:22:11.000Z,M20-409-2-00781,1472516531,43.54653,4.74846,18389.1,6.2,4.6,164.3,-60.3,0.8,76.0,0x20,405.003,15.4,-2250,-1,2.1,,
2026-09-04T00:22:12.000Z,M20-409-2-00781,1472516532,43.54649,4.74849,18394.0,3.6,5.3,150.2,-60.2,0.8,75.9,0x20,405.003,16.6,-2250,-1,2.1,,
2026-09-04T00:22:13.000Z,M20-409-2-00781,1472516533,43.54645,4.74852,18398.5,5.4,5.6,149.4,-60.2,0.8,75.9,0x20,405.003,16.6,-2250,-1,2.1,,
2026-09-04T00:22:14.000Z,M20-409-2-00781,1472516534,43.54640,4.74855,18403.8,5.2,5.1,162.4,-60.2,0.8,75.8,0x20,405.003,15.0,-2625,-1,2.1,,
2026-09-04T00:22:15.000Z,M20-409-2-00781,1472516535,43.54636,4.74856,18409.1,5.3,4.6,171.6,-60.2,0.8,75.8,0x20,405.003,18.4,-2625,-1,2.1,,
2026-09-04T00:22:16.000Z,M20-409-2-00781,1472516536,43.54632,4.74857,18414.7,5.8,4.0,158.1,-60.2,0.8,75.7,0x20,405.003,18.4,-2250,-1,2.1,,
2026-09-04T00:22:17.000Z,M20-409-2-00781,1472516537,43.54629,4.74860,18419.4,3.7,4.3,142.9,-60.1,0.8,75.7,0x20,405.003,17.4,-2250,-1,2.1,,
2026-09-04T00:22:18.000Z,M20-409-2-00781,1472516538,43.54626,4.74863,18424.0,5.5,4.6,144.6,-60.1,0.8,75.6,0x20,405.003,16.7,-2625,-1,2.1,,
2026-09-04T00:22:19.000Z,M20-409-2-00781,1472516539,43.54622,4.74866,18428.7,3.9,5.0,154.9,-60.1,0.7,75.5,0x20,405.003,16.6,-2625,-1,2.1,,
2026-09-04T00:22:20.000Z,M20-409-2-00781,1472516540,43.54618,4.74870,18433.3,5.3,6.1,148.4,-60.1,0.7,75.5,0x20,405.003,17.6,-2625,-1,2.1,,
2026-09-04T00:22:21.000Z,M20-409-2-00781,1472516541,43.54613,4.74875,18438.6,5.1,6.8,133.4,-60.1,0.7,75.4,0x20,405.003,17.6,-2625,-1,2.1,,
2026-09-04T00:22:22.000Z,M20-409-2-00781,1472516542,43.54609,4.74881,18443.0,3.7,7.0,127.1,-60.0,0.7,75.3,0x20,405.003,5.4,-2250,-1,2.1,,
2026-09-04T00:22:23.000Z,M20-409-2-00781,1472516543,43.54605,4.74888,18447.6,5.5,7.0,133.2,-59.9,0.7,75.3,0x20,405.003,5.4,-2250,-1,2.1,,
2026-09-04T00:22:24.000Z,M20-409-2-00781,1472516544,43.54601,4.74893,18452.5,4.3,6.7,143.2,-59.9,0.7,75.2,0x20,405.003,8.0,-2250,-1,2.1,,
2026-09-04T00:22:25.000Z,M20-409-2-00781,1472516545,43.54596,4.74898,18457.7,5.9,6.0,141.6,-59.9,0.7,75.2,0x20,405.003,15.7,-2250,-1,2.1,,
2026-09-04T00:22:26.000Z,M20-409-2-00781,1472516546,43.54592,4.74903,18462.9,4.5,5.8,126.5,-59.9,0.7,75.1,0x20,405.003,15.7,-2250,-1,2.1,,
2026-09-04T00:22:27.000Z,M20-409-2-00781,1472516547,43.54590,4.74909,18467.4,4.4,6.1,118.3,-59.9,0.7,75.1,0x20,405.003,14.5,-2625,-1,2.1,,
2026-09-04T00:22:28.000Z,M20-409-2-00781,1472516548,43.54587,4.74916,18472.0,5.0,6.1,126.5,-59.9,0.7,75.0,0x20,405.003,12.3,-2625,-1,2.1,,
2026-09-04T00:22:29.000Z,M20-409-2-00781,1472516549,43.54583,4.74922,18476.3,3.7,7.2,135.8,-59.9,0.7,75.0,0x20,405.003,17.8,-2625,-1,2.1,,
2026-09-04T00:22:30.000Z,M20-409-2-00781,1472516550,43.54578,4.74929,18480.6,5.0,8.6,135.0,-59.8,0.7,74.9,0x20,405.003,18.6,-2250,-1,2.1,,
2026-09-04T00:22:31.000Z,M20-409-2-00781,1472516551,43.54572,4.74937,18485.1,4.0,9.4,127.8,-59.8,0.7,74.8,0x20,405.003,18.6,-2625,-1,2.1,,
2026-09-04T00:22:32.000Z,M20-409-2-00781,1472516552,43.54568,4.74946,18489.1,4.0,8.7,123.5,-59.9,0.6,74.8,0x20,405.003,14.8,-2625,-1,2.1,,
2026-09-04T00:22:33.000Z,M20-409-2-00781,1472516553,43.54564,4.74954,18493.6,5.0,6.3,125.5,-59.9,0.6,74.7,0x20,405.003,14.8,-2625,-1,2.1,,
2026-09-04T00:22:34.000Z,M20-409-2-00781,1472516554,43.54561,4.74959,18498.2,4.0,4.3,134.5,-59.9,0.6,74.7,0x20,405.003,4.7,-2625,-1,2.1,,
2026-09-04T00:22:35.000Z,M20-409-2-00781,1472516555,43.54558,4.74963,18502.7,5.0,4.0,133.5,-59.9,0.6,74.6,0x20,405.003,3.3,-2625,-1,2.1,,
2026-09-04T00:22:36.000Z,M20-409-2-00781,1472516556,43.54556,4.74968,18508.1,5.9,6.0,118.4,-59.9,0.6,74.6,0x20,405.003,8.0,-2625,-1,2.1,,
2026-09-04T00:22:37.000Z,M20-409-2-00781,1472516557,43.54553,4.74976,18512.3,2.6,8.1,114.4,-59.9,0.6,74.5,0x20,405.003,15.4,-2625,-1,2.1,,
2026-09-04T00:22:38.000Z,M20-409-2-00781,1472516558,43.54549,4.74986,18516.0,4.6,10.4,119.2,-59.9,0.6,74.5,0x20,405.003,15.4,-2250,-1,2.1,,
2026-09-04T00:22:39.000Z,M20-409-2-00781,1472516559,43.54544,4.74997,18521.0,5.0,10.7,128.9,-59.9,0.6,74.4,0x20,405.003,15.4,-2250,-1,2.1,,
2026-09-04T00:22:40.000Z,M20-409-2-00781,1472516560,43.54537,4.75006,18525.9,4.7,10.5,133.8,-59.9,0.6,74.3,0x20,405.003,18.2,-2250,-1,2.1,,
2026-09-04T00:22:41.000Z,M20-409-2-00781,1472516561,43.54531,4.75016,18531.3,6.1,10.0,129.7,-59.9,0.6,74.3,0x20,405.003,18.9,-2250,-1,2.1,,
2026-09-04T00:22:42.000Z,M20-409-2-00781,1472516562,43.54526,4.75026,18536.3,3.9,9.2,121.7,-59.9,0.6,74.2,0x20,405.003,18.9,-2250,-1,2.1,,
2026-09-04T00:22:43.000Z,M20-409-2-00781,1472516563,43.54523,4.75035,18540.9,5.0,7.6,116.6,-59.9,0.6,74.2,0x20,405.003,15.0,-2625,-1,2.1,,
2026-09-04T00:22:44.000Z,M20-409-2-00781,1472516564,43.54520,4.75042,18545.6,4.4,6.2,118.2,-59.9,0.6,74.1,0x20,405.003,16.3,-2625,-1,2.1,,
2026-09-04T00:22:45.000Z,M20-409-2-00781,1472516565,43.54517,4.75049,18549.7,3.9,5.9,117.8,-59.9,0.6,74.1,0x20,405.003,18.1,-2625,-1,2.1,,
2026-09-04T00:22:46.000Z,M20-409-2-00781,1472516566,43.54515,4.75057,18554.3,5.3,8.3,111.0,-60.0,0.5,74.0,0x20,405.003,18.1,-2625,-1,2.1,,
2026-09-04T00:22:47.000Z,M20-409-2-00781,1472516567,43.54512,4.75068,18559.1,4.2,10.9,108.1,-60.0,0.6,74.0,0x20,405.003,5.4,-2625,-1,2.1,,
2026-09-04T00:22:48.000Z,M20-409-2-00781,1472516568,43.54508,4.75081,18563.1,3.9,12.7,113.1,-59.9,0.5,73.9,0x20,405.003,3.0,-2625,-1,2.1,,
2026-09-04T00:22:49.000Z,M20-409-2-00781,1472516569,43.54503,4.75095,18567.7,5.5,12.9,125.2,-59.9,0.5,73.8,0x20,405.003,3.7,-2625,-1,2.1,,
2026-09-04T00:22:50.000Z,M20-409-2-00781,1472516570,43.54495,4.75107,18572.0,3.3,12.2,135.1,-59.9,0.5,73.8,0x20,405.003,16.7,-2250,-1,2.1,,
2026-09-04T00:22:51.000Z,M20-409-2-00781,1472516571,43.54488,4.75117,18576.3,5.3,11.1,138.5,-59.9,0.5,73.8,0x20,405.003,16.7,-2250,-1,2.1,,
2026-09-04T00:22:52.000Z,M20-409-2-00781,1472516572,43.54481,4.75126,18580.9,4.0,10.1,130.8,-59.8,0.5,73.7,0x20,405.003,16.6,-2625,-1,2.1,,
2026-09-04T00:22:53.000Z,M20-409-2-00781,1472516573,43.54476,4.75136,18585.0,4.2,9.3,122.7,-59.8,0.5,73.7,0x20,405.003,16.6,-2625,-1,2.1,,
2026-09-04T00:22:54.000Z,M20-409-2-00781,1472516574,43.54471,4.75145,18589.8,5.2,8.8,121.9,-59.7,0.5,73.6,0x20,405.003,16.6,-2250,-1,2.1,,
2026-09-04T00:22:55.000Z,M20-409-2-00781,1472516575,43.54467,4.75154,18594.6,4.5,9.0,122.1,-59.7,0.5,73.5,0x20,405.003,18.0,-2250,-1,2.1,,
2026-09-04T00:22:56.000Z,M20-409-2-00781,1472516576,43.54463,4.75165,18599.6,5.4,10.2,117.2,-59.7,0.5,73.5,0x20,405.003,18.0,-2250,-1,2.1,,
2026-09-04T00:22:57.000Z,M20-409-2-00781,1472516577,43.54459,4.75176,18604.4,4.1,11.2,117.1,-59.7,0.4,73.4,0x20,405.003,18.0,-2250,-1,2.1,,
2026-09-04T00:22:58.000Z,M20-409-2-00781,1472516578,43.54453,4.75188,18609.3,5.7,11.8,127.5,-59.7,0.4,73.4,0x20,405.003,16.6,-2625,-1,2.1,,
2026-09-04T00:22:59.000Z,M20-409-2-00781,1472516579,43.54446,4.75199,18613.8,3.2,11.7,136.4,-59.7,0.4,73.3,0x20,405.003,13.9,-2625,-1,2.1,,
2026-09-04T00:23:00.000Z,M20-409-2-00781,1472516580,43.54438,4.75209,18618.2,5.7,11.1,140.0,-59.7,0.4,73.3,0x20,405.003,5.8,-2625,-1,2.1,,
2026-09-04T00:23:01.000Z,M20-409-2-00781,1472516581,43.54431,4.75218,18623.0,3.8,10.4,134.8,-59.7,0.4,73.2,0x20,405.003,4.0,-2625,-1,2.1,,
2026-09-04T00:23:02.000Z,M20-409-2-00781,1472516582,43.54425,4.75227,18627.3,4.8,9.6,130.7,-59.7,0.4,73.2,0x20,405.003,7.9,-2250,-1,2.1,,
2026-09-04T00:23:03.000Z,M20-409-2-00781,1472516583,43.54420,4.75235,18632.2,5.0,9.1,135.0,-59.7,0.4,73.1,0x20,405.003,16.9,-2250,-1,2.1,,
2026-09-04T00:23:04.000Z,M20-409-2-00781,1472516584,43.54414,4.75243,18637.0,4.7,9.0,134.5,-59.7,0.4,73.0,0x20,405.003,17.1,-2250,-1,2.1,,
2026-09-04T00:23:05.000Z,M20-409-2-00781,1472516585,43.54408,4.75252,18642.0,5.3,9.8,126.8,-59.7,0.4,73.0,0x20,405.003,19.4,-2250,-1,2.1,,
2026-09-04T00:23:06.000Z,M20-409-2-00781,1472516586,43.54403,4.75262,18646.8,4.3,10.8,123.8,-59.7,0.4,72.9,0x20,405.003,19.4,-2250,-1,2.1,,
2026-09-04T00:23:07.000Z,M20-409-2-00781,1472516587,43.54397,4.75273,18652.0,6.0,11.7,132.2,-59.7,0.4,72.9,0x20,405.003,18.9,-2250,-1,2.1,,
2026-09-04T00:23:08.000Z,M20-409-2-00781,1472516588,43.54389,4.75283,18656.4,2.9,11.9,139.8,-59.7,0.4,72.8,0x20,405.003,18.0,-2250,-1,2.1,,
2026-09-04T00:23:09.000Z,M20-409-2-00781,1472516589,43.54381,4.75292,18660.7,5.7,11.3,144.5,-59.7,0.4,72.8,0x20,405.003,20.5,-2250,-1,2.1,,
2026-09-04T00:23:10.000Z,M20-409-2-00781,1472516590,43.54373,4.75300,18665.6,4.2,10.3,141.4,-59.7,0.3,72.7,0x20,405.003,18.3,-2250,-1,2.1,,
2026-09-04T00:23:11.000Z,M20-409-2-00781,1472516591,43.54367,4.75308,18670.0,4.6,8.9,141.2,-59.7,0.4,72.7,0x20,405.003,18.3,-2250,-1,2.1,,
2026-09-04T00:23:12.000Z,M20-409-2-00781,1472516592,43.54360,4.75314,18674.8,5.0,8.2,148.3,-59.6,0.4,72.6,0x20,405.003,16.2,-2250,-1,2.1,,
2026-09-04T00:23:13.000Z,M20-409-2-00781,1472516593,43.54354,4.75319,18679.7,4.8,8.2,150.0,-59.6,0.4,72.5,0x20,405.003,4.3,-2625,-1,2.1,,
2026-09-04T00:23:14.000Z,M20-409-2-00781,1472516594,43.54348,4.75325,18684.7,5.1,8.9,140.7,-59.6,0.3,72.5,0x20,405.003,4.3,-2250,-1,2.1,,
2026-09-04T00:23:15.000Z,M20-409-2-00781,1472516595,43.54342,4.75333,18689.3,4.2,10.1,133.4,-59.6,0.4,72.4,0x20,405.003,8.6,-2250,-1,2.1,,
2026-09-04T00:23:16.000Z,M20-409-2-00781,1472516596,43.54335,4.75342,18693.4,4.0,10.7,135.1,-59.5,0.3,72.4,0x20,405.003,14.8,-2250,-1,2.1,,
2026-09-04T00:23:17.000Z,M20-409-2-00781,1472516597,43.54328,4.75350,18698.2,5.4,11.1,147.5,-59.5,0.4,72.3,0x20,405.003,14.8,-2625,-1,2.1,,
2026-09-04T00:23:18.000Z,M20-409-2-00781,1472516598,43.54319,4.75357,18702.8,3.8,11.1,158.1,-59.5,0.3,72.3,0x20,405.003,17.8,-2625,-1,2.1,,
2026-09-04T00:23:19.000Z,M20-409-2-00781,1472516599,43.54310,4.75361,18707.3,5.3,10.5,162.1,-59.5,0.3,72.2,0x20,405.003,21.5,-2250,-1,2.1,,
2026-09-04T00:23:20.000Z,M20-409-2-00781,1472516600,43.54302,4.75366,18712.0,4.1,9.3,155.9,-59.5,0.3,72.2,0x20,405.003,21.5,-2250,-1,2.1,,
2026-09-04T00:23:21.000Z,M20-409-2-00781,1472516601,43.54295,4.75370,18716.2,4.3,8.5,150.8,-59.5,0.3,72.1,0x20,405.003,19.9,-2250,-1,2.1,,
2026-09-04T00:23:22.000Z,M20-409-2-00781,1472516602,43.54288,4.75375,18721.2,5.6,8.4,154.9,-59.5,0.3,72.1,0x20,405.003,19.7,-2250,-1,2.1,,
2026-09-04T00:23:23.000Z,M20-409-2-00781,1472516603,43.54281,4.75379,18726.1,4.3,9.0,157.3,-59.6,0.3,72.0,0x20,405.003,19.5,-2250,-1,2.1,,
2026-09-04T00:23:24.000Z,M20-409-2-00781,1472516604,43.54273,4.75384,18731.2,5.9,9.4,151.1,-59.6,0.3,71.9,0x20,405.003,19.6,-2250,-1,2.1,,
2026-09-04T00:23:25.000Z,M20-409-2-00781,1472516605,43.54266,4.75390,18736.4,4.6,9.9,146.3,-59.6,0.3,71.9,0x20,405.003,19.6,-2250,-1,2.1,,
2026-09-04T00:23:26.000Z,M20-409-2-00781,1472516606,43.54258,4.75397,18741.5,5.6,10.7,152.8,-59.5,0.3,71.8,0x20,405.003,5.1,-2250,-1,2.1,,
2026-09-04T00:23:27.000Z,M20-409-2-00781,1472516607,43.54249,4.75402,18746.1,3.5,11.4,162.3,-59.5,0.3,71.8,0x20,405.003,4.2,-2250,-1,2.1,,
2026-09-04T00:23:28.000Z,M20-409-2-00781,1472516608,43.54239,4.75406,18749.7,3.8,11.7,167.2,-59.5,0.3,71.7,0x20,405.003,4.2,-2625,-1,2.1,,
2026-09-04T00:23:29.000Z,M20-409-2-00781,1472516609,43.54229,4.75409,18754.2,5.4,10.4,163.5,-59.5,0.3,71.7,0x20,405.003,18.5,-2250,-1,2.1,,
2026-09-04T00:23:30.000Z,M20-409-2-00781,1472516610,43.54221,4.75413,18759.0,4.2,8.8,157.8,-59.5,0.3,71.6,0x20,405.003,20.5,-2250,-1,2.1,,
2026-09-04T00:23:31.000Z,M20-409-2-00781,1472516611,43.54214,4.75417,18763.2,4.2,7.4,160.6,-59.5,0.3,71.6,0x20,405.003,21.5,-2250,-1,2.1,,
2026-09-04T00:23:32.000Z,M20-409-2-00781,1472516612,43.54208,4.75419,18768.0,5.7,7.8,173.6,-59.4,0.3,71.5,0x20,405.003,21.5,-2250,-1,2.1,,
2026-09-04T00:23:33.000Z,M20-409-2-00781,1472516613,43.54200,4.75419,18772.9,4.2,8.9,181.2,-59.4,0.3,71.5,0x20,405.003,18.9,-2250,-1,2.1,,
2026-09-04T00:23:34.000Z,M20-409-2-00781,1472516614,43.54192,4.75419,18777.3,4.6,9.5,180.8,-59.3,0.3,71.4,0x20,405.003,19.0,-2250,-1,2.1,,
2026-09-04T00:23:35.000Z,M20-409-2-00781,1472516615,43.54184,4.75420,18782.7,6.2,8.8,171.1,-59.3,0.3,71.3,0x20,405.003,19.0,-2250,-1,2.1,,
2026-09-04T00:23:36.000Z,M20-409-2-00781,1472516616,43.54176,4.75422,18787.8,3.6,8.2,164.5,-59.3,0.3,71.3,0x20,405.003,18.0,-2250,-1,2.1,,
2026-09-04T00:23:37.000Z,M20-409-2-00781,1472516617,43.54169,4.75424,18792.5,5.8,8.1,166.6,-59.2,0.2,71.2,0x20,405.003,16.9,-2625,-1,2.1,,
2026-09-04T00:23:38.000Z,M20-409-2-00781,1472516618,43.54162,4.75426,18797.4,4.0,8.9,173.8,-59.2,0.2,71.2,0x20,405.003,16.9,-2625,-1,2.1,,
2026-09-04T00:23:39.000Z,M20-409-2-00781,1472516619,43.54154,4.75427,18801.6,4.4,8.4,179.2,-59.1,0.3,71.1,0x20,405.003,4.2,-2250,-1,2.1,,
2026-09-04T00:23:40.000Z,M20-409-2-00781,1472516620,43.54147,4.75427,18806.4,5.3,6.7,177.3,-59.0,0.3,71.1,0x20,405.003,4.2,-2250,-1,2.1,,
2026-09-04T00:23:41.000Z,M20-409-2-00781,1472516621,43.54142,4.75427,18811.0,4.0,5.5,170.8,-59.0,0.2,71.0,0x20,405.003,10.2,-2250,-1,2.1,,
2026-09-04T00:23:42.000Z,M20-409-2-00781,1472516622,43.54137,4.75429,18815.3,4.5,5.6,168.9,-59.0,0.2,71.0,0x20,405.003,15.1,-2625,-1,2.1,,
2026-09-04T00:23:43.000Z,M20-409-2-00781,1472516623,43.54131,4.75430,18820.4,5.6,7.2,176.3,-59.0,0.2,70.9,0x20,405.003,16.3,-2625,-1,2.1,,
2026-09-04T00:23:44.000Z,M20-409-2-00781,1472516624,43.54124,4.75430,18825.1,3.4,8.8,181.3,-59.0,0.2,70.9,0x20,405.003,20.6,-2250,-1,2.1,,
2026-09-04T00:23:45.000Z,M20-409-2-00781,1472516625,43.54115,4.75430,18829.3,4.8,9.1,176.8,-59.0,0.2,70.8,0x20,405.003,20.6,-2250,-1,2.1,,
2026-09-04T00:23:46.000Z,M20-409-2-00781,1472516626,43.54108,4.75431,18834.5,5.6,7.3,164.2,-59.0,0.2,70.8,0x20,405.003,20.1,-2250,-1,2.1,,
2026-09-04T00:23:47.000Z,M20-409-2-00781,1472516627,43.54102,4.75434,18839.0,3.1,6.0,155.2,-59.0,0.2,70.7,0x20,405.003,20.1,-2250,-1,2.1,,
2026-09-04T00:23:48.000Z,M20-409-2-00781,1472516628,43.54098,4.75437,18842.9,4.8,4.9,156.9,-59.0,0.2,70.7,0x20,405.003,19.8,-2250,-1,2.1,,
2026-09-04T00:23:49.000Z,M20-409-2-00781,1472516629,43.54094,4.75438,18848.3,5.9,5.3,184.7,-59.0,0.2,70.6,0x20,405.003,17.6,-2625,-1,2.1,,
2026-09-04T00:23:50.000Z,M20-409-2-00781,1472516630,43.54089,4.75436,18852.9,3.3,6.5,200.6,-59.0,0.2,70.5,0x20,405.003,17.6,-2250,-1,2.1,,
2026-09-04T00:23:51.000Z,M20-409-2-00781,1472516631,43.54083,4.75433,18857.0,5.2,6.5,207.4,-59.0,0.2,70.5,0x20,405.003,17.6,-2250,-1,2.1,,
2026-09-04T00:23:52.000Z,M20-409-2-00781,1472516632,43.54078,4.75430,18862.0,4.9,5.4,204.8,-59.0,0.2,70.4,0x20,405.003,4.7,-2250,-1,2.1,,
2026-09-04T00:23:53.000Z,M20-409-2-00781,1472516633,43.54075,4.75428,18866.5,4.4,4.2,192.2,-59.0,0.1,70.4,0x20,405.003,4.7,-2250,-1,2.1,,
2026-09-04T00:23:54.000Z,M20-409-2-00781,1472516634,43.54071,4.75427,18871.3,5.6,4.6,185.0,-59.0,0.1,70.3,0x20,405.003,12.4,-2625,-1,2.1,,
2026-09-04T00:23:55.000Z,M20-409-2-00781,1472516635,43.54066,4.75427,18876.1,4.0,5.6,179.1,-59.0,0.1,70.3,0x20,405.003,17.7,-2250,-1,2.1,,
2026-09-04T00:23:56.000Z,M20-409-2-00781,1472516636,43.54061,4.75427,18881.1,6.1,5.7,166.7,-59.0,0.2,70.2,0x20,405.003,20.8,-2250,-1,2.1,,
2026-09-04T00:23:57.000Z,M20-409-2-00781,1472516637,43.54056,4.75430,18886.1,3.8,5.2,152.1,-59.0,0.2,70.2,0x20,405.003,20.8,-1875,-1,2.1,,
2026-09-04T00:23:58.000Z,M20-409-2-00781,1472516638,43.54052,4.75433,18890.7,5.4,4.9,151.8,-59.0,0.1,70.1,0x20,405.003,19.4,-2250,-1,2.1,,
2026-09-04T00:23:59.000Z,M20-409-2-00781,1472516639,43.54048,4.75435,18896.0,5.2,5.1,171.4,-59.0,0.2,70.1,0x20,405.003,20.2,-2250,-1,2.1,,
2026-09-04T00:24:00.000Z,M20-409-2-00781,1472516640,43.54044,4.75435,18900.5,4.0,5.3,181.0,-59.1,0.1,70.0,0x20,405.003,20.2,-2250,-1,2.1,,
2026-09-04T00:24:01.000Z,M20-409-2-00781,1472516641,43.54039,4.75436,18905.2,5.6,4.4,174.4,-59.1,0.1,70.0,0x20,405.003,21.2,-1875,-1,2.1,,
2026-09-04T00:24:02.000Z,M20-409-2-00781,1472516642,43.54036,4.75437,18910.2,4.5,3.3,159.0,-59.1,0.1,69.9,0x20,405.003,21.2,-1875,-1,2.1,,
2026-09-04T00:24:03.000Z,M20-409-2-00781,1472516643,43.54033,4.75439,18914.1,3.5,3.2,140.1,-59.1,0.1,69.9,0x20,405.003,19.5,-1875,-1,2.1,,
2026-09-04T00:24:04.000Z,M20-409-2-00781,1472516644,43.54031,4.75441,18918.7,5.5,2.6,154.6,-59.1,0.1,69.8,0x20,405.003,5.3,-2250,-1,2.1,,
2026-09-04T00:24:05.000Z,M20-409-2-00781,1472516645,43.54028,4.75442,18924.6,5.5,3.3,179.8,-59.1,0.1,69.7,0x20,405.003,3.9,-1875,-1,2.1,,
2026-09-04T00:24:06.000Z,M20-409-2-00781,1472516646,43.54025,4.75441,18929.9,5.0,3.5,186.9,-59.1,0.1,69.7,0x20,405.003,3.7,-2625,-1,2.1,,
2026-09-04T00:24:07.000Z,M20-409-2-00781,1472516647,43.54023,4.75442,18935.1,6.0,2.5,166.8,-59.0,0.1,69.6,0x20,405.003,17.7,-2250,-1,2.1,,
2026-09-04T00:24:08.000Z,M20-409-2-00781,1472516648,43.54021,4.75443,18939.9,3.3,2.8,138.5,-58.8,0.1,69.6,0x20,405.003,19.7,-2250,-1,2.1,,
2026-09-04T00:24:09.000Z,M20-409-2-00781,1472516649,43.54019,4.75446,18944.6,6.1,3.5,141.5,-58.7,0.1,69.5,0x20,405.003,19.7,-1875,-1,2.1,,
2026-09-04T00:24:10.000Z,M20-409-2-00781,1472516650,43.54016,4.75448,18949.8,4.4,3.7,165.0,-58.6,0.1,69.5,0x20,405.003,19.8,-1875,-1,2.1,,
2026-09-04T00:24:11.000Z,M20-409-2-00781,1472516651,43.54013,4.75448,18954.0,4.5,3.3,177.6,-58.6,0.1,69.4,0x20,405.003,19.8,-2250,-1,2.1,,
2026-09-04T00:24:12.000Z,M20-409-2-00781,1472516652,43.54010,4.75448,18959.0,5.5,1.3,195.6,-58.6,0.0,69.3,0x20,405.003,19.5,-2250,-1,2.1,,
2026-09-04T00:24:13.000Z,M20-409-2-00781,1472516653,43.54010,4.75448,18964.3,4.9,0.8,330.5,-58.6,0.1,69.3,0x20,405.003,21.2,-1875,-1,2.1,,
2026-09-04T00:24:14.000Z,M20-409-2-00781,1472516654,43.54011,4.75448,18968.9,4.2,1.1,9.3,-58.6,0.1,69.2,0x20,405.003,21.2,-1875,-1,2.1,,
2026-09-04T00:24:15.000Z,M20-409-2-00781,1472516655,43.54011,4.75448,18974.2,6.3,1.2,141.4,-58.7,0.1,69.2,0x20,405.003,17.5,-1875,-1,2.1,,
2026-09-04T00:24:16.000Z,M20-409-2-00781,1472516656,43.54009,4.75449,18979.3,4.1,3.2,163.2,-58.7,0.1,69.1,0x20,405.003,17.5,-2250,-1,2.1,,
2026-09-04T00:24:17.000Z,M20-409-2-00781,1472516657,43.54006,4.75451,18983.8,4.7,4.7,154.6,-58.8,0.0,69.1,0x20,405.003,17.4,-1875,-1,2.1,,
2026-09-04T00:24:18.000Z,M20-409-2-00781,1472516658,43.54003,4.75454,18989.2,6.0,4.4,128.7,-58.7,0.0,69.0,0x20,405.003,4.4,-1875,-1,2.1,,
2026-09-04T00:24:19.000Z,M20-409-2-00781,1472516659,43.54001,4.75459,18994.0,3.6,4.1,107.6,-58.7,0.0,69.0,0x20,405.003,4.0,-1875,-1,2.1,,
2026-09-04T00:24:20.000Z,M20-409-2-00781,1472516660,43.54000,4.75464,18998.8,5.8,3.4,104.3,-58.7,0.0,68.9,0x20,405.003,16.6,-1875,-1,2.1,,
2026-09-04T00:24:21.000Z,M20-409-2-00781,1472516661,43.53999,4.75467,19004.2,4.8,2.4,127.0,-58.7,0.0,68.9,0x20,405.003,19.5,-1875,-1,2.1,,
2026-09-04T00:24:22.000Z,M20-409-2-00781,1472516662,43.53998,4.75469,19008.8,4.0,2.1,143.5,-58.7,0.0,68.8,0x20,405.003,19.5,-2250,-1,2.1,,
2026-09-04T00:24:23.000Z,M20-409-2-00781,1472516663,43.53997,4.75470,19013.9,6.2,1.4,117.1,-58.7,0.0,68.7,0x20,405.003,20.9,-2250,-1,2.1,,
2026-09-04T00:24:24.000Z,M20-409-2-00781,1472516664,43.53996,4.75472,19019.4,4.4,1.5,78.4,-58.8,0.0,68.7,0x20,405.003,21.0,-1875,-1,2.1,,
2026-09-04T00:24:25.000Z,M20-409-2-00781,1472516665,43.53997,4.75474,19024.7,6.1,1.5,80.9,-58.8,0.0,68.6,0x20,405.003,21.5,-1875,-1,2.1,,
2026-09-04T00:24:26.000Z,M20-409-2-00781,1472516666,43.53996,4.75475,19030.2,4.9,1.7,125.4,-58.8,0.0,68.6,0x20,405.003,21.9,-1875,-1,2.1,,
2026-09-04T00:24:27.000Z,M20-409-2-00781,1472516667,43.53995,4.75477,19035.2,4.9,2.2,125.2,-58.8,0.0,68.5,0x20,405.003,21.9,-1875,-1,2.1,,
2026-09-04T00:24:28.000Z,M20-409-2-00781,1472516668,43.53995,4.75480,19040.8,5.8,3.3,92.4,-58.8,0.0,68.4,0x20,405.003,21.0,-1875,-1,2.1,,
2026-09-04T00:24:29.000Z,M20-409-2-00781,1472516669,43.53995,4.75485,19045.7,3.9,4.7,85.0,-58.9,0.0,68.4,0x20,405.003,20.3,-1875,-1,2.1,,
2026-09-04T00:24:30.000Z,M20-409-2-00781,1472516670,43.53995,4.75491,19050.5,5.6,5.4,97.6,-58.9,0.0,68.3,0x20,405.003,13.4,-1875,-1,2.1,,
2026-09-04T00:24:31.000Z,M20-409-2-00781,1472516671,43.53993,4.75498,19055.2,3.7,5.2,113.5,-58.9,0.0,68.3,0x20,405.003,4.3,-1875,-1,2.1,,
2026-09-04T00:24:32.000Z,M20-409-2-00781,1472516672,43.53991,4.75504,19059.3,4.4,5.2,121.2,-58.9,0.0,68.2,0x20,405.003,4.2,-1875,-1,2.1,,
2026-09-04T00:24:33.000Z,M20-409-2-00781,1472516673,43.53989,4.75509,19064.3,5.6,4.5,106.6,-58.9,0.0,68.2,0x20,405.003,18.0,-1875,-1,2.1,,
2026-09-04T00:24:34.000Z,M20-409-2-00781,1472516674,43.53988,4.75514,19069.3,4.1,4.3,91.9,-58.9,0.0,68.1,0x20,405.003,18.0,-1875,-1,2.1,,
2026-09-04T00:24:35.000Z,M20-409-2-00781,1472516675,43.53988,4.75519,19073.4,3.9,3.9,90.7,-58.9,0.0,68.1,0x20,405.003,17.7,-1875,-1,2.1,,
2026-09-04T00:24:36.000Z,M20-409-2-00781,1472516676,43.53988,4.75523,19077.8,5.7,3.1,118.3,-58.9,0.0,68.0,0x20,405.003,18.6,-1875,-1,2.1,,
2026-09-04T00:24:37.000Z,M20-409-2-00781,1472516677,43.53986,4.75526,19083.1,4.3,3.6,142.5,-59.0,0.0,68.0,0x20,405.003,20.9,-1875,-1,2.1,,
2026-09-04T00:24:38.000Z,M20-409-2-00781,1472516678,43.53983,4.75530,19088.5,6.0,4.8,133.2,-59.0,0.0,67.9,0x20,405.003,20.9,-1875,-1,2.1,,
2026-09-04T00:24:39.000Z,M20-409-2-00781,1472516679,43.53981,4.75535,19093.8,4.3,5.8,112.4,-59.0,0.0,67.9,0x20,405.003,20.9,-1875,-1,2.1,,
2026-09-04T00:24:40.000Z,M20-409-2-00781,1472516680,43.53979,4.75542,19098.2,4.3,6.9,101.2,-59.0,0.0,67.8,0x20,405.003,20.2,-1875,-1,2.1,,
2026-09-04T00:24:41.000Z,M20-409-2-00781,1472516681,43.53977,4.75551,19103.1,5.4,7.2,106.6,-59.0,0.0,67.8,0x20,405.003,20.0,-1875,-1,2.1,,
2026-09-04T00:24:42.000Z,M20-409-2-00781,1472516682,43.53975,4.75559,19107.8,3.8,6.7,114.9,-59.0,0.0,67.7,0x20,405.003,14.5,-1875,-1,2.1,,
2026-09-04T00:24:43.000Z,M20-409-2-00781,1472516683,43.53973,4.75566,19112.2,5.1,6.4,117.7,-59.1,0.0,67.7,0x20,405.003,8.9,-1875,-1,2.1,,
2026-09-04T00:24:44.000Z,M20-409-2-00781,1472516684,43.53970,4.75573,19117.3,5.1,6.2,113.6,-59.1,0.0,67.6,0x20,405.003,4.4,-1875,-1,2.1,,
2026-09-04T00:24:45.000Z,M20-409-2-00781,1472516685,43.53968,4.75580,19122.1,4.5,5.3,108.4,-59.1,0.0,67.6,0x20,405.003,4.4,-1875,-1,2.1,,
2026-09-04T00:24:46.000Z,M20-409-2-00781,1472516686,43.53967,4.75585,19127.0,5.2,3.7,112.5,-59.1,0.0,67.5,0x20,405.003,13.2,-1875,-1,2.1,,
2026-09-04T00:24:47.000Z,M20-409-2-00781,1472516687,43.53966,4.75588,19131.2,3.3,2.8,124.0,-59.1,0.0,67.5,0x20,405.003,20.9,-1875,-1,2.1,,
2026-09-04T00:24:48.000Z,M20-409-2-00781,1472516688,43.53964,4.75591,19135.6,5.4,2.6,116.8,-59.1,0.0,67.4,0x20,405.003,20.9,-1875,-1,2.1,,
2026-09-04T00:24:49.000Z,M20-409-2-00781,1472516689,43.53964,4.75595,19141.0,5.4,4.0,88.7,-59.1,0.0,67.4,0x20,405.003,19.7,-1875,-1,2.1,,
2026-09-04T00:24:50.000Z,M20-409-2-00781,1472516690,43.53964,4.75601,19145.7,3.9,5.8,86.2,-59.1,0.0,67.3,0x20,405.003,19.4,-1875,-1,2.1,,
2026-09-04T00:24:51.000Z,M20-409-2-00781,1472516691,43.53964,4.75609,19150.4,5.6,6.9,100.2,-59.2,0.0,67.3,0x20,405.003,20.6,-1875,-1,2.1,,
2026-09-04T00:24:52.000Z,M20-409-2-00781,1472516692,43.53962,4.75617,19154.9,3.9,7.3,115.2,-59.2,0.0,67.2,0x20,405.003,20.6,-1875,-1,2.1,,
2026-09-04T00:24:53.000Z,M20-409-2-00781,1472516693,43.53959,4.75625,19159.1,4.3,7.9,123.1,-59.2,0.0,67.2,0x20,405.003,19.3,-1875,-1,2.1,,
2026-09-04T00:24:54.000Z,M20-409-2-00781,1472516694,43.53955,4.75634,19164.0,5.6,7.9,115.8,-59.2,0.0,67.1,0x20,405.003,18.3,-1875,-1,2.1,,
2026-09-04T00:24:55.000Z,M20-409-2-00781,1472516695,43.53953,4.75643,19168.9,3.8,7.7,107.9,-59.3,0.0,67.0,0x20,405.003,18.3,-1875,-1,2.1,,
2026-09-04T00:24:56.000Z,M20-409-2-00781,1472516696,43.53951,4.75651,19173.8,5.8,7.0,109.3,-59.3,0.0,67.0,0x20,405.003,7.2,-1875,-1,2.1,,
2026-09-04T00:24:57.000Z,M20-409-2-00781,1472516697,43.53948,4.75659,19178.9,4.2,6.3,118.5,-59.3,0.0,67.0,0x20,405.003,4.1,-1875,-1,2.1,,
2026-09-04T00:24:58.000Z,M20-409-2-00781,1472516698,43.53945,4.75665,19183.6,5.1,6.2,123.9,-59.3,0.0,66.9,0x20,405.003,4.1,-2250,-1,2.1,,
2026-09-04T00:24:59.000Z,M20-409-2-00781,1472516699,43.53943,4.75672,19189.1,5.2,6.6,116.5,-59.3,0.0,66.8,0x20,405.003,13.8,-1875,-1,2.1,,
2026-09-04T00:25:00.000Z,M20-409-2-00781,1472516700,43.53940,4.75680,19194.2,4.6,7.0,113.8,-59.2,0.0,66.8,0x20,405.003,16.2,-1875,-1,2.1,,
2026-09-04T00:25:01.000Z,M20-409-2-00781,1472516701,43.53937,4.75687,19199.4,5.5,7.5,124.4,-59.2,0.0,66.7,0x20,405.003,16.2,-1875,-1,2.1,,
2026-09-04T00:25:02.000Z,M20-409-2-00781,1472516702,43.53932,4.75695,19204.6,4.7,8.1,136.1,-59.2,0.0,66.7,0x20,405.003,18.8,-1875,-1,2.1,,
2026-09-04T00:25:03.000Z,M20-409-2-00781,1472516703,43.53927,4.75701,19209.4,4.8,7.7,139.4,-59.1,0.0,66.6,0x20,405.003,18.8,-1875,-1,2.1,,
2026-09-04T00:25:04.000Z,M20-409-2-00781,1472516704,43.53923,4.75707,19214.9,5.9,6.4,130.2,-59.1,0.0,66.6,0x20,405.003,18.8,-1875,-1,2.1,,
2026-09-04T00:25:05.000Z,M20-409-2-00781,1472516705,43.53919,4.75713,19219.9,4.0,5.6,119.9,-59.1,0.0,66.5,0x20,405.003,19.4,-1875,-1,2.1,,
2026-09-04T00:25:06.000Z,M20-409-2-00781,1472516706,43.53917,4.75719,19224.7,5.5,5.2,123.7,-59.1,0.0,66.5,0x20,405.003,20.8,-1875,-1,2.1,,
2026-09-04T00:25:07.000Z,M20-409-2-00781,1472516707,43.53913,4.75724,19230.0,5.3,6.2,142.2,-59.1,0.0,66.4,0x20,405.003,20.8,-1875,-1,2.1,,
2026-09-04T00:25:08.000Z,M20-409-2-00781,1472516708,43.53908,4.75729,19234.7,4.0,7.6,148.3,-59.1,0.0,66.4,0x20,405.003,20.7,-1875,-1,2.1,,
2026-09-04T00:25:09.000Z,M20-409-2-00781,1472516709,43.53902,4.75734,19239.8,6.0,8.4,143.0,-59.1,0.0,66.3,0x20,405.003,20.7,-1875,-1,2.1,,
2026-09-04T00:25:10.000Z,M20-409-2-00781,1472516710,43.53896,4.75741,19244.7,3.9,8.4,134.0,-59.1,0.0,66.2,0x20,405.003,14.2,-2250,-1,2.1,,
2026-09-04T00:25:11.000Z,M20-409-2-00781,1472516711,43.53891,4.75749,19249.2,5.0,9.0,130.1,-59.1,0.0,66.2,0x20,405.003,4.2,-1875,-1,2.1,,
2026-09-04T00:25:12.000Z,M20-409-2-00781,1472516712,43.53886,4.75757,19254.4,5.3,9.3,136.9,-59.1,0.0,66.1,0x20,405.003,11.2,-1875,-1,2.1,,
2026-09-04T00:25:13.000Z,M20-409-2-00781,1472516713,43.53880,4.75765,19259.2,4.5,8.7,141.8,-59.1,0.0,66.1,0x20,405.003,17.6,-1875,-1,2.1,,
2026-09-04T00:25:14.000Z,M20-409-2-00781,1472516714,43.53874,4.75771,19264.3,5.9,7.0,137.1,-59.1,0.0,66.0,0x20,405.003,19.4,-1875,-1,2.1,,
2026-09-04T00:25:15.000Z,M20-409-2-00781,1472516715,43.53870,4.75777,19269.0,3.7,5.8,130.7,-59.1,0.0,66.0,0x20,405.003,20.1,-1875,-1,2.1,,
2026-09-04T00:25:16.000Z,M20-409-2-00781,1472516716,43.53867,4.75781,19273.8,5.8,5.3,139.3,-59.1,0.0,66.0,0x20,405.003,20.3,-1875,-1,2.1,,
2026-09-04T00:25:17.000Z,M20-409-2-00781,1472516717,43.53862,4.75785,19279.0,4.6,6.1,156.5,-59.1,0.0,65.9,0x20,405.003,20.3,-1875,-1,2.1,,
2026-09-04T00:25:18.000Z,M20-409-2-00781,1472516718,43.53857,4.75788,19283.7,5.0,6.9,160.8,-59.1,0.0,65.8,0x20,405.003,18.6,-1875,-1,2.1,,
2026-09-04T00:25:19.000Z,M20-409-2-00781,1472516719,43.53851,4.75791,19289.0,5.7,7.2,151.4,-59.1,0.0,65.8,0x20,405.003,18.6,-1875,-1,2.1,,
2026-09-04T00:25:20.000Z,M20-409-2-00781,1472516720,43.53845,4.75796,19294.0,4.3,7.7,143.5,-59.1,0.0,65.7,0x20,405.003,16.4,-1875,-1,2.1,,
2026-09-04T00:25:21.000Z,M20-409-2-00781,1472516721,43.53840,4.75802,19298.8,5.5,8.8,141.0,-59.1,0.0,65.7,0x20,405.003,16.4,-1875,-1,2.1,,
2026-09-04T00:25:22.000Z,M20-409-2-00781,1472516722,43.53833,4.75809,19303.5,4.1,9.1,144.7,-59.1,0.0,65.6,0x20,405.003,4.1,-1875,-1,2.1,,
2026-09-04T00:25:23.000Z,M20-409-2-00781,1472516723,43.53827,4.75816,19308.3,5.6,8.3,140.1,-59.0,0.0,65.6,0x20,405.003,3.1,-2250,-1,2.1,,
2026-09-04T00:25:24.000Z,M20-409-2-00781,1472516724,43.53822,4.75823,19313.5,5.0,7.1,127.0,-59.0,0.0,65.5,0x20,405.003,3.6,-2250,-1,2.1,,
2026-09-04T00:25:25.000Z,M20-409-2-00781,1472516725,43.53819,4.75829,19318.2,4.3,6.3,119.7,-59.0,0.0,65.5,0x20,405.003,12.4,-2250,-1,2.1,,
2026-09-04T00:25:26.000Z,M20-409-2-00781,1472516726,43.53816,4.75835,19323.5,6.2,5.8,133.0,-59.0,0.0,65.4,0x20,405.003,15.0,-2250,-1,2.1,,
2026-09-04T00:25:27.000Z,M20-409-2-00781,1472516727,43.53812,4.75840,19328.5,3.9,6.3,146.2,-59.0,0.0,65.4,0x20,405.003,16.3,-1875,-1,2.1,,
2026-09-04T00:25:28.000Z,M20-409-2-00781,1472516728,43.53807,4.75845,19333.2,5.6,7.0,148.4,-59.0,0.0,65.3,0x20,405.003,16.8,-1875,-1,2.1,,
2026-09-04T00:25:29.000Z,M20-409-2-00781,1472516729,43.53802,4.75850,19338.3,4.8,6.9,138.4,-59.0,0.0,65.3,0x20,405.003,16.8,-1875,-1,2.1,,
2026-09-04T00:25:30.000Z,M20-409-2-00781,1472516730,43.53797,4.75856,19342.6,4.1,7.2,132.0,-59.0,0.0,65.2,0x20,405.003,16.5,-1875,-1,2.1,,
2026-09-04T00:25:31.000Z,M20-409-2-00781,1472516731,43.53793,4.75862,19347.2,5.4,7.4,136.6,-59.0,0.0,65.2,0x20,405.003,16.5,-1875,-1,2.1,,
2026-09-04T00:25:32.000Z,M20-409-2-00781,1472516732,43.53787,4.75868,19352.1,4.7,7.1,144.5,-59.0,0.0,65.1,0x20,405.003,15.1,-1875,-1,2.1,,
2026-09-04T00:25:33.000Z,M20-409-2-00781,1472516733,43.53783,4.75873,19356.9,5.0,5.5,144.5,-58.9,0.0,65.1,0x20,405.003,15.9,-1875,-1,2.1,,
2026-09-04T00:25:34.000Z,M20-409-2-00781,1472516734,43.53780,4.75876,19362.2,5.7,3.7,122.0,-58.9,0.0,65.0,0x20,405.003,15.9,-1875,-1,2.1,,
2026-09-04T00:25:35.000Z,M20-409-2-00781,1472516735,43.53779,4.75880,19366.8,3.5,3.5,98.1,-58.8,0.0,65.0,0x20,405.003,7.5,-1875,-1,2.1,,
2026-09-04T00:25:36.000Z,M20-409-2-00781,1472516736,43.53778,4.75885,19371.7,6.1,4.0,106.1,-58.8,0.0,64.9,0x20,405.003,3.8,-1875,-1,2.1,,
2026-09-04T00:25:37.000Z,M20-409-2-00781,1472516737,43.53776,4.75890,19376.9,4.3,4.9,129.3,-58.8,0.0,64.9,0x20,405.003,5.9,-1875,-1,2.1,,
2026-09-04T00:25:38.000Z,M20-409-2-00781,1472516738,43.53773,4.75894,19381.5,5.0,5.7,139.1,-58.8,0.0,64.8,0x20,405.003,13.8,-1875,-1,2.1,,
2026-09-04T00:25:39.000Z,M20-409-2-00781,1472516739,43.53770,4.75899,19386.3,4.7,5.7,128.3,-58.8,0.0,64.8,0x20,405.003,15.7,-1875,-1,2.1,,
2026-09-04T00:25:40.000Z,M20-409-2-00781,1472516740,43.53767,4.75905,19390.6,4.0,5.5,114.7,-58.8,0.0,64.7,0x20,405.003,19.4,-1875,-1,2.1,,
2026-09-04T00:25:41.000Z,M20-409-2-00781,1472516741,43.53765,4.75910,19394.7,4.4,4.1,106.4,-58.8,0.0,64.7,0x20,405.003,19.4,-1875,-1,2.1,,
2026-09-04T00:25:42.000Z,M20-409-2-00781,1472516742,43.53764,4.75914,19399.7,5.6,2.0,120.8,-58.8,0.0,64.6,0x20,405.003,19.1,-1875,-1,2.1,,
2026-09-04T00:25:43.000Z,M20-409-2-00781,1472516743,43.53763,4.75915,19404.5,4.1,1.6,156.9,-58.8,0.0,64.6,0x20,405.003,16.4,-1875,-1,2.1,,
2026-09-04T00:25:44.000Z,M20-409-2-00781,1472516744,43.53762,4.75916,19408.9,4.9,1.7,139.6,-58.8,0.0,64.5,0x20,405.003,16.8,-1875,-1,2.1,,
2026-09-04T00:25:45.000Z,M20-409-2-00781,1472516745,43.53761,4.75919,19414.0,5.3,3.2,93.6,-58.7,0.0,64.5,0x20,405.003,17.3,-1875,-1,2.1,,
2026-09-04T00:25:46.000Z,M20-409-2-00781,1472516746,43.53762,4.75924,19418.1,3.5,5.1,86.8,-58.8,0.0,64.4,0x20,405.003,17.3,-1875,-1,2.1,,
2026-09-04T00:25:47.000Z,M20-409-2-00781,1472516747,43.53761,4.75931,19422.1,4.9,5.8,96.5,-58.8,0.0,64.4,0x20,405.003,16.3,-1875,-1,2.1,,
2026-09-04T00:25:48.000Z,M20-409-2-00781,1472516748,43.53760,4.75937,19427.1,5.1,5.0,118.2,-58.8,0.0,64.3,0x20,405.003,3.5,-1875,-1,2.1,,
2026-09-04T00:25:49.000Z,M20-409-2-00781,1472516749,43.53758,4.75942,19431.5,3.8,4.3,135.3,-58.8,0.0,64.3,0x20,405.003,3.4,-1875,-1,2.1,,
2026-09-04T00:25:50.000Z,M20-409-2-00781,1472516750,43.53755,4.75945,19436.3,5.8,3.0,127.2,-58.8,0.0,64.2,0x20,405.003,4.1,-2250,-1,2.1,,
2026-09-04T00:25:51.000Z,M20-409-2-00781,1472516751,43.53755,4.75949,19441.5,4.6,2.8,89.2,-58.8,0.0,64.2,0x20,405.003,17.2,-1875,-1,2.1,,
2026-09-04T00:25:52.000Z,M20-409-2-00781,1472516752,43.53755,4.75952,19446.1,4.4,3.1,68.4,-58.8,0.0,64.2,0x20,405.003,17.2,-1875,-1,2.1,,
2026-09-04T00:25:53.000Z,M20-409-2-00781,1472516753,43.53756,4.75955,19451.1,5.8,2.5,72.5,-58.8,0.0,64.1,0x20,405.003,17.5,-1875,-1,2.1,,
2026-09-04T00:25:54.000Z,M20-409-2-00781,1472516754,43.53756,4.75958,19456.2,4.5,2.2,101.9,-58.8,0.0,64.0,0x20,405.003,19.5,-1875,-1,2.1,,
2026-09-04T00:25:55.000Z,M20-409-2-00781,1472516755,43.53755,4.75962,19460.7,4.8,3.8,108.2,-58.8,0.0,64.0,0x20,405.003,19.5,-1875,-1,2.1,,
2026-09-04T00:25:56.000Z,M20-409-2-00781,1472516756,43.53755,4.75968,19465.8,5.4,6.0,96.8,-58.8,0.0,63.9,0x20,405.003,18.4,-1875,-1,2.1,,
2026-09-04T00:25:57.000Z,M20-409-2-00781,1472516757,43.53754,4.75976,19470.3,3.6,6.9,91.1,-58.8,0.0,63.9,0x20,405.003,20.1,-1875,-1,2.1,,
2026-09-04T00:25:58.000Z,M20-409-2-00781,1472516758,43.53754,4.75983,19475.1,6.2,5.8,95.8,-58.8,0.0,63.9,0x20,405.003,20.1,-1875,-1,2.1,,
2026-09-04T00:25:59.000Z,M20-409-2-00781,1472516759,43.53753,4.75990,19480.3,4.1,4.3,109.6,-58.9,0.0,63.8,0x20,405.003,17.1,-1875,-1,2.1,,
2026-09-04T00:26:00.000Z,M20-409-2-00781,1472516760,43.53752,4.75994,19484.7,4.6,2.9,120.5,-58.9,0.0,63.7,0x20,405.003,17.1,-1875,-1,2.1,,
2026-09-04T00:26:01.000Z,M20-409-2-00781,1472516761,43.53751,4.75997,19490.0,6.1,2.8,105.3,-58.9,0.0,63.7,0x20,405.003,9.0,-1875,-1,2.1,,
2026-09-04T00:26:02.000Z,M20-409-2-00781,1472516762,43.53750,4.76000,19495.2,4.3,3.7,98.7,-58.9,0.0,63.6,0x20,405.003,3.6,-1875,-1,2.1,,
2026-09-04T00:26:03.000Z,M20-409-2-00781,1472516763,43.53749,4.76006,19500.1,5.5,5.0,111.0,-58.9,0.0,63.6,0x20,405.003,3.4,-1875,-1,2.1,,
2026-09-04T00:26:04.000Z,M20-409-2-00781,1472516764,43.53747,4.76012,19505.3,5.0,6.2,124.2,-58.8,0.0,63.5,0x20,405.003,14.6,-1875,-1,2.1,,
2026-09-04T00:26:05.000Z,M20-409-2-00781,1472516765,43.53743,4.76018,19509.8,4.2,7.3,125.4,-58.8,0.0,63.5,0x20,405.003,17.6,-1875,-1,2.1,,
2026-09-04T00:26:06.000Z,M20-409-2-00781,1472516766,43.53740,4.76027,19515.0,6.2,8.4,114.4,-58.8,0.0,63.4,0x20,405.003,18.9,-1875,-1,2.1,,
2026-09-04T00:26:07.000Z,M20-409-2-00781,1472516767,43.53737,4.76037,19520.3,4.4,8.4,104.6,-58.7,0.0,63.4,0x20,405.003,19.6,-1875,-1,2.1,,
2026-09-04T00:26:08.000Z,M20-409-2-00781,1472516768,43.53736,4.76046,19525.7,6.1,6.7,103.7,-58.7,0.0,63.3,0x20,405.003,19.6,-1875,-1,2.1,,
2026-09-04T00:26:09.000Z,M20-409-2-00781,1472516769,43.53734,4.76052,19531.3,5.1,4.8,121.4,-58.8,0.0,63.3,0x20,405.003,19.5,-1875,-1,2.1,,
2026-09-04T00:26:10.000Z,M20-409-2-00781,1472516770,43.53731,4.76056,19535.4,3.0,4.2,143.6,-58.8,0.0,63.2,0x20,405.003,20.4,-1875,-1,2.1,,
2026-09-04T00:26:11.000Z,M20-409-2-00781,1472516771,43.53728,4.76060,19539.9,6.1,4.8,144.1,-58.8,0.0,63.2,0x20,405.003,20.4,-1875,-1,2.1,,
2026-09-04T00:26:12.000Z,M20-409-2-00781,1472516772,43.53724,4.76064,19545.3,4.5,5.9,130.6,-58.8,0.0,63.1,0x20,405.003,19.9,-1875,-1,2.1,,
2026-09-04T00:26:13.000Z,M20-409-2-00781,1472516773,43.53721,4.76070,19550.1,5.1,7.2,128.4,-58.9,0.0,63.1,0x20,405.003,19.9,-1875,-1,2.1,,
2026-09-04T00:26:14.000Z,M20-409-2-00781,1472516774,43.53716,4.76077,19555.5,5.7,8.0,134.0,-58.9,0.0,63.0,0x20,405.003,4.0,-1875,-1,2.1,,
2026-09-04T00:26:15.000Z,M20-409-2-00781,1472516775,43.53711,4.76084,19560.5,4.3,8.2,136.8,-58.9,0.0,63.0,0x20,405.003,3.7,-1875,-1,2.1,,
2026-09-04T00:26:16.000Z,M20-409-2-00781,1472516776,43.53706,4.76092,19565.4,5.6,8.4,130.1,-58.9,0.0,62.9,0x20,405.003,8.1,-1875,-1,2.1,,
2026-09-04T00:26:17.000Z,M20-409-2-00781,1472516777,43.53701,4.76100,19570.3,4.3,8.4,121.8,-58.9,0.0,62.9,0x20,405.003,14.9,-1875,-1,2.1,,
2026-09-04T00:26:18.000Z,M20-409-2-00781,1472516778,43.53697,4.76108,19574.7,4.6,7.6,122.8,-58.9,0.0,62.8,0x20,405.003,14.9,-1875,-1,2.1,,
2026-09-04T00:26:19.000Z,M20-409-2-00781,1472516779,43.53693,4.76115,19579.6,5.4,6.3,141.0,-59.0,0.0,62.8,0x20,405.003,14.5,-1875,-1,2.1,,
2026-09-04T00:26:20.000Z,M20-409-2-00781,1472516780,43.53688,4.76119,19584.2,3.6,6.4,160.7,-59.0,0.0,62.7,0x20,405.003,14.3,-1875,-1,2.1,,
2026-09-04T00:26:21.000Z,M20-409-2-00781,1472516781,43.53683,4.76121,19588.3,4.6,7.4,164.0,-59.0,0.0,62.7,0x20,405.003,17.9,-1875,-1,2.1,,
2026-09-04T00:26:22.000Z,M20-409-2-00781,1472516782,43.53676,4.76125,19593.7,6.1,8.7,151.1,-59.0,0.0,62.6,0x20,405.003,18.4,-1875,-1,2.1,,
2026-09-04T00:26:23.000Z,M20-409-2-00781,1472516783,43.53669,4.76131,19598.5,3.8,9.4,139.8,-59.0,0.0,62.6,0x20,405.003,18.4,-1875,-1,2.1,,
2026-09-04T00:26:24.000Z,M20-409-2-00781,1472516784,43.53663,4.76139,19603.3,5.7,9.9,134.8,-59.0,0.0,62.5,0x20,405.003,17.3,-1875,-1,2.1,,
2026-09-04T00:26:25.000Z,M20-409-2-00781,1472516785,43.53657,4.76147,19608.5,4.5,9.1,139.5,-59.0,0.0,62.5,0x20,405.003,18.3,-1875,-1,2.1,,
2026-09-04T00:26:26.000Z,M20-409-2-00781,1472516786,43.53650,4.76154,19613.1,4.9,8.5,143.9,-59.1,0.0,62.5,0x20,405.003,18.3,-1875,-1,2.1,,
2026-09-04T00:26:27.000Z,M20-409-2-00781,1472516787,43.53645,4.76160,19618.3,5.5,8.5,140.1,-59.1,0.0,62.4,0x20,405.003,3.7,-1875,-1,2.1,,
2026-09-04T00:26:28.000Z,M20-409-2-00781,1472516788,43.53639,4.76167,19623.2,4.2,8.1,137.9,-59.1,0.0,62.4,0x20,405.003,3.7,-1875,-1,2.1,,
2026-09-04T00:26:29.000Z,M20-409-2-00781,1472516789,43.53634,4.76173,19627.8,4.9,6.2,145.2,-59.1,0.0,62.3,0x20,405.003,13.6,-1875,-1,2.1,,
2026-09-04T00:26:30.000Z,M20-409-2-00781,1472516790,43.53630,4.76176,19632.5,4.4,4.6,159.0,-59.1,0.0,62.2,0x20,405.003,18.7,-1875,-1,2.1,,
2026-09-04T00:26:31.000Z,M20-409-2-00781,1472516791,43.53626,4.76178,19636.9,4.3,4.0,153.2,-59.0,0.0,62.2,0x20,405.003,20.8,-1875,-1,2.1,,
2026-09-04T00:26:32.000Z,M20-409-2-00781,1472516792,43.53623,4.76182,19641.9,5.7,5.3,128.7,-59.0,0.0,62.1,0x20,405.003,20.8,-1875,-1,2.1,,
2026-09-04T00:26:33.000Z,M20-409-2-00781,1472516793,43.53620,4.76188,19646.7,3.5,7.5,119.9,-58.9,0.0,62.1,0x20,405.003,19.2,-1875,-1,2.1,,
2026-09-04T00:26:34.000Z,M20-409-2-00781,1472516794,43.53616,4.76197,19650.5,4.1,8.5,118.4,-58.9,0.0,62.1,0x20,405.003,17.8,-1875,-1,2.1,,
2026-09-04T00:26:35.000Z,M20-409-2-00781,1472516795,43.53613,4.76205,19655.4,5.6,7.2,124.9,-58.9,0.0,62.0,0x20,405.003,15.5,-1875,-1,2.1,,
2026-09-04T00:26:36.000Z,M20-409-2-00781,1472516796,43.53609,4.76211,19660.2,3.8,5.6,136.4,-58.8,0.0,62.0,0x20,405.003,17.6,-1875,-1,2.1,,
2026-09-04T00:26:37.000Z,M20-409-2-00781,1472516797,43.53605,4.76215,19664.3,4.3,4.8,142.4,-58.8,0.0,62.0,0x20,405.003,18.1,-1875,-1,2.1,,
2026-09-04T00:26:38.000Z,M20-409-2-00781,1472516798,43.53602,4.76220,19669.3,5.7,5.4,131.8,-58.7,0.0,61.9,0x20,405.003,18.1,-1875,-1,2.1,,
2026-09-04T00:26:39.000Z,M20-409-2-00781,1472516799,43.53599,4.76226,19674.1,3.7,6.5,123.8,-58.7,0.0,61.8,0x20,405.003,17.6,-1875,-1,2.1,,
2026-09-04T00:26:40.000Z,M20-409-2-00781,1472516800,43.53596,4.76233,19678.2,4.5,6.8,119.0,-58.7,0.0,61.8,0x20,405.003,5.0,-1875,-1,2.1,,
2026-09-04T00:26:41.000Z,M20-409-2-00781,1472516801,43.53593,4.76239,19683.1,5.0,5.4,122.0,-58.7,0.0,61.7,0x20,405.003,5.0,-1875,-1,2.1,,
2026-09-04T00:26:42.000Z,M20-409-2-00781,1472516802,43.53590,4.76244,19687.9,4.4,4.3,128.8,-58.7,0.0,61.7,0x20,405.003,13.9,-1875,-1,2.1,,
2026-09-04T00:26:43.000Z,M20-409-2-00781,1472516803,43.53588,4.76248,19692.3,4.3,5.0,129.4,-58.7,0.0,61.6,0x20,405.003,19.6,-1875,-1,2.1,,
2026-09-04T00:26:44.000Z,M20-409-2-00781,1472516804,43.53585,4.76255,19697.2,5.4,7.4,123.9,-58.6,0.0,61.6,0x20,405.003,19.6,-1875,-1,2.1,,
2026-09-04T00:26:45.000Z,M20-409-2-00781,1472516805,43.53581,4.76263,19701.8,3.7,9.2,119.0,-58.6,0.0,61.6,0x20,405.003,20.3,-1875,-1,2.1,,
2026-09-04T00:26:46.000Z,M20-409-2-00781,1472516806,43.53577,4.76274,19706.0,4.8,9.3,114.2,-58.6,0.0,61.5,0x20,405.003,20.3,-1875,-1,2.1,,
2026-09-04T00:26:47.000Z,M20-409-2-00781,1472516807,43.53574,4.76283,19711.3,5.7,7.1,111.1,-58.5,0.0,61.5,0x20,405.003,18.6,-1875,-1,2.1,,
2026-09-04T00:26:48.000Z,M20-409-2-00781,1472516808,43.53572,4.76290,19715.8,3.4,5.5,110.6,-58.5,0.0,61.4,0x20,405.003,18.5,-1875,-1,2.1,,
2026-09-04T00:26:49.000Z,M20-409-2-00781,1472516809,43.53570,4.76296,19720.5,5.7,5.1,109.0,-58.5,0.0,61.4,0x20,405.003,19.8,-1875,-1,2.1,,
2026-09-04T00:26:50.000Z,M20-409-2-00781,1472516810,43.53569,4.76303,19725.5,4.4,6.5,111.5,-58.4,0.0,61.3,0x20,405.003,19.8,-1875,-1,2.1,,
2026-09-04T00:26:51.000Z,M20-409-2-00781,1472516811,43.53566,4.76311,19730.2,5.0,7.5,116.5,-58.4,0.0,61.3,0x20,405.003,18.0,-1875,-1,2.1,,
2026-09-04T00:26:52.000Z,M20-409-2-00781,1472516812,43.53563,4.76319,19735.5,5.5,7.2,123.1,-58.4,0.0,61.2,0x20,405.003,18.0,-1875,-1,2.1,,
2026-09-04T00:26:53.000Z,M20-409-2-00781,1472516813,43.53559,4.76326,19740.6,4.9,7.3,125.8,-58.4,0.0,61.2,0x20,405.003,4.9,-1875,-1,2.1,,
2026-09-04T00:26:54.000Z,M20-409-2-00781,1472516814,43.53555,4.76335,19746.1,5.9,8.8,120.8,-58.4,0.0,61.1,0x20,405.003,4.9,-1875,-1,2.1,,
2026-09-04T00:26:55.000Z,M20-409-2-00781,1472516815,43.53551,4.76345,19750.8,3.6,9.8,115.2,-58.3,0.0,61.1,0x20,405.003,9.3,-1875,-1,2.1,,
2026-09-04T00:26:56.000Z,M20-409-2-00781,1472516816,43.53548,4.76355,19755.5,5.7,8.9,109.2,-58.4,0.0,61.0,0x20,405.003,16.2,-1875,-1,2.1,,
2026-09-04T00:26:57.000Z,M20-409-2-00781,1472516817,43.53546,4.76365,19760.4,4.2,6.7,104.2,-58.4,0.0,61.0,0x20,405.003,20.0,-1875,-1,2.1,,
2026-09-04T00:26:58.000Z,M20-409-2-00781,1472516818,43.53545,4.76372,19764.3,3.6,5.3,97.4,-58.4,0.0,61.0,0x20,405.003,22.0,-1875,-1,2.1,,
2026-09-04T00:26:59.000Z,M20-409-2-00781,1472516819,43.53545,4.76379,19768.5,5.1,6.1,93.4,-58.4,0.0,60.9,0x20,405.003,22.0,-1875,-1,2.1,,
2026-09-04T00:27:00.000Z,M20-409-2-00781,1472516820,43.53544,4.76387,19773.4,4.8,8.0,97.8,-58.4,0.0,60.9,0x20,405.003,20.9,-1875,-1,2.1,,
2026-09-04T00:27:01.000Z,M20-409-2-00781,1472516821,43.53542,4.76398,19777.6,3.7,9.4,105.0,-58.4,0.0,60.8,0x20,405.003,19.5,-1875,-1,2.1,,
2026-09-04T00:27:02.000Z,M20-409-2-00781,1472516822,43.53539,4.76409,19782.1,5.3,9.5,116.2,-58.4,0.0,60.8,0x20,405.003,19.0,-1875,-1,2.1,,
2026-09-04T00:27:03.000Z,M20-409-2-00781,1472516823,43.53535,4.76418,19787.0,4.6,8.3,125.9,-58.4,0.0,60.7,0x20,405.003,16.8,-1875,-1,2.1,,
2026-09-04T00:27:04.000Z,M20-409-2-00781,1472516824,43.53531,4.76426,19791.5,4.3,7.5,124.9,-58.4,0.0,60.7,0x20,405.003,19.4,-1875,-1,2.1,,
2026-09-04T00:27:05.000Z,M20-409-2-00781,1472516825,43.53528,4.76434,19796.7,5.9,8.1,113.6,-58.4,0.0,60.6,0x20,405.003,19.4,-1875,-1,2.1,,
2026-09-04T00:27:06.000Z,M20-409-2-00781,1472516826,43.53525,4.76444,19801.7,4.2,8.6,106.1,-58.5,0.0,60.6,0x20,405.003,4.6,-1875,-1,2.1,,
2026-09-04T00:27:07.000Z,M20-409-2-00781,1472516827,43.53523,4.76454,19806.3,5.0,8.0,101.4,-58.5,0.0,60.5,0x20,405.003,4.6,-1875,-1,2.1,,
2026-09-04T00:27:08.000Z,M20-409-2-00781,1472516828,43.53522,4.76463,19811.1,4.4,6.6,101.9,-58.5,0.0,60.5,0x20,405.003,12.7,-1875,-1,2.1,,
2026-09-04T00:27:09.000Z,M20-409-2-00781,1472516829,43.53521,4.76470,19815.4,4.3,6.3,105.1,-58.5,0.0,60.5,0x20,405.003,19.6,-1875,-1,2.1,,
2026-09-04T00:27:10.000Z,M20-409-2-00781,1472516830,43.53519,4.76479,19820.2,5.7,8.0,107.1,-58.5,0.0,60.4,0x20,405.003,20.7,-1875,-1,2.1,,
2026-09-04T00:27:11.000Z,M20-409-2-00781,1472516831,43.53516,4.76489,19824.9,3.9,9.3,110.2,-58.5,0.0,60.4,0x20,405.003,20.7,-1875,-1,2.1,,
2026-09-04T00:27:12.000Z,M20-409-2-00781,1472516832,43.53513,4.76500,19829.9,6.2,9.7,120.4,-58.5,0.0,60.3,0x20,405.003,14.4,-1875,-1,2.1,,
2026-09-04T00:27:13.000Z,M20-409-2-00781,1472516833,43.53508,4.76509,19834.9,3.7,9.0,126.0,-58.6,0.0,60.2,0x20,405.003,20.6,-1875,-1,2.1,,
2026-09-04T00:27:14.000Z,M20-409-2-00781,1472516834,43.53503,4.76518,19839.2,4.8,8.8,127.1,-58.6,0.0,60.2,0x20,405.003,20.6,-1875,-1,2.1,,
2026-09-04T00:27:15.000Z,M20-409-2-00781,1472516835,43.53499,4.76527,19844.3,5.5,9.3,119.1,-58.6,0.0,60.2,0x20,405.003,19.9,-1875,-1,2.1,,
2026-09-04T00:27:16.000Z,M20-409-2-00781,1472516836,43.53495,4.76538,19849.1,4.3,9.5,114.5,-58.6,0.0,60.1,0x20,405.003,19.8,-1875,-1,2.1,,
2026-09-04T00:27:17.000Z,M20-409-2-00781,1472516837,43.53492,4.76548,19854.1,5.8,8.2,114.7,-58.6,0.0,60.1,0x20,405.003,19.2,-1875,-1,2.1,,
2026-09-04T00:27:18.000Z,M20-409-2-00781,1472516838,43.53489,4.76556,19858.5,3.1,6.9,119.3,-58.7,0.0,60.0,0x20,405.003,8.4,-1875,-1,2.1,,
2026-09-04T00:27:19.000Z,M20-409-2-00781,1472516839,43.53486,4.76563,19862.8,5.6,6.6,124.6,-58.7,0.0,60.0,0x20,405.003,3.6,-1875,-1,2.1,,
2026-09-04T00:27:20.000Z,M20-409-2-00781,1472516840,43.53482,4.76570,19868.1,5.0,7.8,122.9,-58.7,0.0,59.9,0x20,405.003,4.2,-1875,-1,2.1,,
2026-09-04T00:27:21.000Z,M20-409-2-00781,1472516841,43.53478,4.76579,19873.2,5.1,8.9,122.8,-58.7,0.0,59.9,0x20,405.003,18.7,-1875,-1,2.1,,
2026-09-04T00:27:22.000Z,M20-409-2-00781,1472516842,43.53473,4.76588,19878.4,5.2,8.8,128.4,-58.7,0.0,59.8,0x20,405.003,18.7,-1875,-1,2.1,,
2026-09-04T00:27:23.000Z,M20-409-2-00781,1472516843,43.53468,4.76596,19883.1,4.0,8.8,133.4,-58.7,0.0,59.8,0x20,405.003,17.7,-1875,-1,2.1,,
2026-09-04T00:27:24.000Z,M20-409-2-00781,1472516844,43.53463,4.76604,19887.7,5.5,9.6,131.0,-58.7,0.0,59.8,0x20,405.003,19.1,-1875,-1,2.1,,
2026-09-04T00:27:25.000Z,M20-409-2-00781,1472516845,43.53457,4.76614,19892.6,4.4,10.3,124.0,-58.8,0.0,59.7,0x20,405.003,19.7,-1875,-1,2.1,,
2026-09-04T00:27:26.000Z,M20-409-2-00781,1472516846,43.53453,4.76624,19897.3,5.0,9.3,118.0,-58.8,0.0,59.7,0x20,405.003,19.7,-1875,-1,2.1,,
2026-09-04T00:27:27.000Z,M20-409-2-00781,1472516847,43.53449,4.76633,19902.7,5.5,6.7,118.2,-58.8,0.0,59.6,0x20,405.003,19.1,-1875,-1,2.1,,
2026-09-04T00:27:28.000Z,M20-409-2-00781,1472516848,43.53446,4.76639,19907.3,3.4,5.3,125.0,-58.7,0.0,59.6,0x20,405.003,19.7,-1875,-1,2.1,,
2026-09-04T00:27:29.000Z,M20-409-2-00781,1472516849,43.53443,4.76645,19911.4,4.8,5.7,129.8,-58.7,0.0,59.5,0x20,405.003,19.7,-1875,-1,2.1,,
2026-09-04T00:27:30.000Z,M20-409-2-00781,1472516850,43.53439,4.76651,19916.6,5.5,8.2,125.9,-58.7,0.0,59.5,0x20,405.003,19.1,-1875,-1,2.1,,
2026-09-04T00:27:31.000Z,M20-409-2-00781,1472516851,43.53435,4.76661,19921.3,3.6,9.9,123.4,-58.7,0.0,59.4,0x20,405.003,7.2,-1875,-1,2.1,,
2026-09-04T00:27:32.000Z,M20-409-2-00781,1472516852,43.53430,4.76671,19925.6,5.2,10.2,124.3,-58.7,0.0,59.4,0x20,405.003,3.4,-1875,-1,2.1,,
2026-09-04T00:27:33.000Z,M20-409-2-00781,1472516853,43.53425,4.76680,19930.5,4.8,8.8,128.0,-58.7,0.0,59.3,0x20,405.003,3.4,-1875,-1,2.1,,
2026-09-04T00:27:34.000Z,M20-409-2-00781,1472516854,43.53420,4.76688,19934.8,3.9,7.9,132.2,-58.7,0.0,59.3,0x20,405.003,11.6,-1875,-1,2.1,,
2026-09-04T00:27:35.000Z,M20-409-2-00781,1472516855,43.53415,4.76696,19939.7,5.9,8.6,132.3,-58.8,0.0,59.2,0x20,405.003,17.2,-1875,-1,2.1,,
2026-09-04T00:27:36.000Z,M20-409-2-00781,1472516856,43.53409,4.76705,19944.6,3.7,9.6,129.6,-58.8,0.0,59.2,0x20,405.003,17.2,-1875,-1,2.1,,
2026-09-04T00:27:37.000Z,M20-409-2-00781,1472516857,43.53404,4.76714,19949.0,5.0,10.1,130.3,-58.8,0.0,59.2,0x20,405.003,18.6,-1875,-1,2.1,,
2026-09-04T00:27:38.000Z,M20-409-2-00781,1472516858,43.53398,4.76722,19954.1,5.2,8.9,134.2,-58.8,0.0,59.1,0x20,405.003,18.6,-1875,-1,2.1,,
2026-09-04T00:27:39.000Z,M20-409-2-00781,1472516859,43.53392,4.76730,19958.5,4.0,8.3,138.6,-58.9,0.0,59.1,0x20,405.003,19.6,-1875,-1,2.1,,
2026-09-04T00:27:40.000Z,M20-409-2-00781,1472516860,43.53386,4.76737,19963.1,5.4,9.3,139.6,-58.8,0.0,59.0,0x20,405.003,19.6,-1875,-1,2.1,,
2026-09-04T00:27:41.000Z,M20-409-2-00781,1472516861,43.53380,4.76745,19968.1,4.5,10.6,137.1,-58.8,0.0,59.0,0x20,405.003,18.8,-1875,-1,2.1,,
2026-09-04T00:27:42.000Z,M20-409-2-00781,1472516862,43.53373,4.76754,19972.5,4.4,11.1,136.8,-58.8,0.0,58.9,0x20,405.003,17.3,-1875,-1,2.1,,
2026-09-04T00:27:43.000Z,M20-409-2-00781,1472516863,43.53366,4.76763,19977.5,5.7,9.7,138.8,-58.6,0.0,58.9,0x20,405.003,13.6,-1875,-1,2.1,,
2026-09-04T00:27:44.000Z,M20-409-2-00781,1472516864,43.53359,4.76770,19982.2,3.8,8.4,139.5,-58.5,0.0,58.9,0x20,405.003,4.5,-1875,-1,2.1,,
2026-09-04T00:27:45.000Z,M20-409-2-00781,1472516865,43.53354,4.76777,19986.8,5.3,8.7,134.0,-58.5,0.0,58.8,0x20,405.003,4.9,-1875,-1,2.1,,
2026-09-04T00:27:46.000Z,M20-409-2-00781,1472516866,43.53348,4.76786,19992.0,4.8,10.4,128.7,-58.4,0.0,58.8,0x20,405.003,4.9,-1875,-1,2.1,,
2026-09-04T00:27:47.000Z,M20-409-2-00781,1472516867,43.53342,4.76797,19996.8,4.8,11.2,126.6,-58.4,0.0,58.7,0x20,405.003,12.9,-1875,-1,2.1,,
2026-09-04T00:27:48.000Z,M20-409-2-00781,1472516868,43.53336,4.76807,20002.2,6.1,10.0,129.8,-58.3,0.0,58.6,0x20,405.003,14.9,-1875,-1,2.1,,
2026-09-04T00:27:49.000Z,M20-409-2-00781,1472516869,43.53331,4.76815,20007.2,3.8,8.8,135.6,-58.3,0.0,58.6,0x20,405.003,16.3,-1875,-1,2.1,,
2026-09-04T00:27:50.000Z,M20-409-2-00781,1472516870,43.53325,4.76823,20011.4,4.6,8.4,138.8,-58.3,0.0,58.6,0x20,405.003,19.5,-1875,-1,2.1,,
2026-09-04T00:27:51.000Z,M20-409-2-00781,1472516871,43.53319,4.76830,20016.3,5.3,9.1,136.2,-58.2,0.0,58.5,0x20,405.003,19.5,-1875,-1,2.1,,
2026-09-04T00:27:52.000Z,M20-409-2-00781,1472516872,43.53313,4.76838,20020.9,4.0,9.4,133.5,-58.1,0.0,58.5,0x20,405.003,18.4,-1875,-1,2.1,,
2026-09-04T00:27:53.000Z,M20-409-2-00781,1472516873,43.53308,4.76846,20025.5,4.8,8.0,133.3,-58.0,0.0,58.5,0x20,405.003,15.8,-1875,-1,2.1,,
2026-09-04T00:27:54.000Z,M20-409-2-00781,1472516874,43.53304,4.76852,20030.7,5.5,5.7,137.4,-58.0,0.0,58.4,0x20,405.003,17.3,-1875,-1,2.1,,
2026-09-04T00:27:55.000Z,M20-409-2-00781,1472516875,43.53300,4.76856,20035.8,4.5,5.1,149.0,-57.9,0.0,58.4,0x20,405.003,19.8,-1875,-1,2.1,,
2026-09-04T00:27:56.000Z,M20-409-2-00781,1472516876,43.53295,4.76860,20040.7,5.4,6.7,148.6,-57.8,0.0,58.3,0x20,405.003,19.8,-1875,-1,2.1,,
2026-09-04T00:27:57.000Z,M20-409-2-00781,1472516877,43.53289,4.76865,20045.9,5.0,9.3,143.9,-57.8,0.0,58.2,0x20,405.003,8.7,-1875,-1,2.1,,
2026-09-04T00:27:58.000Z,M20-409-2-00781,1472516878,43.53282,4.76872,20050.0,3.5,10.7,143.4,-57.7,0.0,58.2,0x20,405.003,4.3,-1875,-1,2.1,,
2026-09-04T00:27:59.000Z,M20-409-2-00781,1472516879,43.53274,4.76880,20054.8,6.0,9.8,147.5,-57.7,0.0,58.2,0x20,405.003,3.9,-1875,-1,2.1,,
2026-09-04T00:28:00.000Z,M20-409-2-00781,1472516880,43.53268,4.76885,20060.1,4.4,7.6,152.3,-57.7,0.0,58.1,0x20,405.003,13.8,-1875,-1,2.1,,
2026-09-04T00:28:01.000Z,M20-409-2-00781,1472516881,43.53262,4.76889,20064.3,4.0,5.7,158.9,-57.7,0.0,58.1,0x20,405.003,16.2,-1875,-1,2.1,,
2026-09-04T00:28:02.000Z,M20-409-2-00781,1472516882,43.53258,4.76891,20069.4,6.1,5.4,155.5,-57.7,0.0,58.0,0x20,405.003,17.2,-1875,-1,2.1,,
2026-09-04T00:28:03.000Z,M20-409-2-00781,1472516883,43.53253,4.76895,20074.7,4.5,6.0,145.1,-57.6,0.0,58.0,0x20,405.003,17.2,-1875,-1,2.1,,
2026-09-04T00:28:04.000Z,M20-409-2-00781,1472516884,43.53249,4.76900,20079.5,5.0,5.9,135.6,-57.6,0.0,58.0,0x20,405.003,17.5,-1875,-1,2.1,,
2026-09-04T00:28:05.000Z,M20-409-2-00781,1472516885,43.53246,4.76904,20084.7,5.5,4.8,129.6,-57.6,0.0,57.9,0x20,405.003,18.2,-1875,-1,2.1,,
2026-09-04T00:28:06.000Z,M20-409-2-00781,1472516886,43.53244,4.76908,20089.4,3.9,4.0,129.2,-57.6,0.0,57.9,0x20,405.003,18.2,-1875,-1,2.1,,
2026-09-04T00:28:07.000Z,M20-409-2-00781,1472516887,43.53241,4.76912,20094.1,5.6,4.6,149.2,-57.5,0.0,57.8,0x20,405.003,17.6,-1875,-1,2.1,,
2026-09-04T00:28:09.000Z,M20-409-2-00781,1472516889,43.53230,4.76917,20103.1,3.4,8.0,169.2,-57.5,0.0,57.7,0x20,405.003,12.9,-1875,-1,2.1,,
2026-09-04T00:28:10.000Z,M20-409-2-00781,1472516890,43.53223,4.76918,20107.5,5.4,7.1,177.4,-57.4,0.0,57.7,0x20,405.003,12.9,-1875,-1,2.1,,
2026-09-04T00:28:11.000Z,M20-409-2-00781,1472516891,43.53218,4.76918,20112.7,5.0,4.7,185.4,-57.3,0.0,57.6,0x20,405.003,4.1,-1875,-1,2.1,,
2026-09-04T00:28:12.000Z,M20-409-2-00781,1472516892,43.53214,4.76918,20117.4,4.2,2.9,174.0,-57.3,0.0,57.6,0x20,405.003,7.4,-1875,-1,2.1,,
2026-09-04T00:28:13.000Z,M20-409-2-00781,1472516893,43.53212,4.76919,20122.4,5.5,3.7,134.6,-57.3,0.0,57.5,0x20,405.003,15.9,-1875,-1,2.1,,
2026-09-04T00:28:14.000Z,M20-409-2-00781,1472516894,43.53209,4.76924,20127.2,3.9,5.7,126.0,-57.2,0.0,57.5,0x20,405.003,15.9,-1875,-1,2.1,,
2026-09-04T00:28:15.000Z,M20-409-2-00781,1472516895,43.53206,4.76930,20131.4,4.5,6.8,129.1,-57.3,0.0,57.5,0x20,405.003,17.0,-1875,-1,2.1,,
2026-09-04T00:28:16.000Z,M20-409-2-00781,1472516896,43.53202,4.76935,20136.8,6.4,5.4,138.8,-57.3,0.0,57.4,0x20,405.003,17.0,-1875,-1,2.1,,
2026-09-04T00:28:18.000Z,M20-409-2-00781,1472516898,43.53195,4.76940,20146.8,4.6,5.1,181.7,-57.3,0.0,57.3,0x20,405.003,14.3,375,-1,2.1,,
2026-09-04T00:28:19.000Z,M20-409-2-00781,1472516899,43.53189,4.76939,20151.7,5.0,7.3,186.9,-57.3,0.0,57.3,0x20,405.003,17.8,-1875,-1,2.1,,
2026-09-04T00:28:20.000Z,M20-409-2-00781,1472516900,43.53182,4.76938,20156.1,3.9,7.9,184.5,-57.4,0.0,57.2,0x20,405.003,17.8,-1875,-1,2.1,,
2026-09-04T00:28:21.000Z,M20-409-2-00781,1472516901,43.53176,4.76938,20160.7,5.6,6.1,177.4,-57.4,0.0,57.2,0x20,405.003,16.3,-1875,-1,2.1,,
2026-09-04T00:28:22.000Z,M20-409-2-00781,1472516902,43.53172,4.76938,20165.8,4.7,3.6,167.8,-57.5,0.0,57.2,0x20,405.003,16.3,-1875,-1,2.1,,
2026-09-04T00:28:23.000Z,M20-409-2-00781,1472516903,43.53169,4.76940,20170.5,4.3,2.5,147.5,-57.5,0.0,57.1,0x20,405.003,7.1,-1875,-1,2.1,,
2026-09-04T00:28:24.000Z,M20-409-2-00781,1472516904,43.53167,4.76942,20175.9,6.3,4.0,141.1,-57.5,0.0,57.1,0x20,405.003,3.4,-1875,-1,2.1,,
2026-09-04T00:28:25.000Z,M20-409-2-00781,1472516905,43.53163,4.76945,20180.8,3.6,5.5,148.7,-57.6,0.0,57.0,0x20,405.003,3.4,-1875,-1,2.1,,
2026-09-04T00:28:26.000Z,M20-409-2-00781,1472516906,43.53158,4.76948,20185.4,5.8,6.4,163.4,-57.6,0.0,57.0,0x20,405.003,14.0,-1875,-1,2.1,,
2026-09-04T00:28:27.000Z,M20-409-2-00781,1472516907,43.53153,4.76950,20190.4,4.2,5.8,178.1,-57.6,0.0,56.9,0x20,405.003,14.4,-1875,-1,2.1,,
2026-09-04T00:28:28.000Z,M20-409-2-00781,1472516908,43.53148,4.76949,20194.8,4.8,5.7,188.1,-57.7,0.0,56.9,0x20,405.003,15.5,-1875,-1,2.1,,
2026-09-04T00:28:29.000Z,M20-409-2-00781,1472516909,43.53142,4.76949,20200.0,5.5,6.5,184.1,-57.7,0.0,56.9,0x20,405.003,15.6,-1875,-1,2.1,,
2026-09-04T00:28:30.000Z,M20-409-2-00781,1472516910,43.53137,4.76948,20205.0,4.4,6.6,177.9,-57.7,0.0,56.8,0x20,405.003,15.6,-1875,-1,2.1,,
2026-09-04T00:28:31.000Z,M20-409-2-00781,1472516911,43.53131,4.76949,20210.3,6.0,5.1,176.4,-57.7,0.0,56.8,0x20,405.003,17.3,-1875,-1,2.1,,
2026-09-04T00:28:32.000Z,M20-409-2-00781,1472516912,43.53127,4.76949,20215.3,3.9,3.8,182.1,-57.7,0.0,56.7,0x20,405.003,17.3,-1875,-1,2.1,,
2026-09-04T00:28:33.000Z,M20-409-2-00781,1472516913,43.53124,4.76949,20220.0,5.4,4.1,181.5,-57.7,0.0,56.7,0x20,405.003,16.2,-1875,-1,2.1,,
2026-09-04T00:28:34.000Z,M20-409-2-00781,1472516914,43.53119,4.76949,20225.7,6.0,5.9,173.3,-57.7,0.0,56.6,0x20,405.003,18.1,-1875,-1,2.1,,
2026-09-04T00:28:35.000Z,M20-409-2-00781,1472516915,43.53114,4.76950,20231.0,4.8,7.0,172.9,-57.7,0.0,56.6,0x20,405.003,18.1,-1875,-1,2.1,,
2026-09-04T00:28:36.000Z,M20-409-2-00781,1472516916,43.53108,4.76951,20236.2,5.7,6.4,178.8,-57.7,0.0,56.5,0x20,405.003,4.3,-1875,-1,2.1,,
2026-09-04T00:28:37.000Z,M20-409-2-00781,1472516917,43.53103,4.76950,20241.2,4.4,4.8,191.1,-57.7,0.0,56.5,0x20,405.003,3.6,-1875,-1,2.1,,
2026-09-04T00:28:38.000Z,M20-409-2-00781,1472516918,43.53099,4.76949,20244.9,3.0,3.6,202.6,-57.7,0.0,56.5,0x20,405.003,12.6,-1875,-1,2.1,,
2026-09-04T00:28:39.000Z,M20-409-2-00781,1472516919,43.53096,4.76947,20249.4,5.6,3.7,192.1,-57.7,0.0,56.4,0x20,405.003,16.9,-1875,-1,2.1,,
2026-09-04T00:28:40.000Z,M20-409-2-00781,1472516920,43.53092,4.76947,20254.0,4.0,5.0,177.7,-57.6,0.0,56.4,0x20,405.003,17.6,-1875,-1,2.1,,
2026-09-04T00:28:41.000Z,M20-409-2-00781,1472516921,43.53088,4.76947,20258.4,4.7,5.9,176.3,-57.6,0.0,56.3,0x20,405.003,17.6,-1875,-1,2.1,,
2026-09-04T00:28:42.000Z,M20-409-2-00781,1472516922,43.53083,4.76947,20263.5,5.4,5.4,184.9,-57.6,0.0,56.3,0x20,405.003,17.1,-1875,-1,2.1,,
2026-09-04T00:28:43.000Z,M20-409-2-00781,1472516923,43.53078,4.76946,20267.8,3.1,4.8,192.5,-57.6,0.0,56.2,0x20,405.003,17.3,-1875,-1,2.1,,
2026-09-04T00:28:44.000Z,M20-409-2-00781,1472516924,43.53073,4.76945,20271.9,5.2,5.2,191.9,-57.6,0.0,56.2,0x20,405.003,18.2,-1875,-1,2.1,,
2026-09-04T00:28:45.000Z,M20-409-2-00781,1472516925,43.53068,4.76944,20276.9,4.7,6.1,185.6,-57.6,0.0,56.1,0x20,405.003,18.2,-1875,-1,2.1,,
2026-09-04T00:28:46.000Z,M20-409-2-00781,1472516926,43.53063,4.76943,20281.7,4.7,6.5,190.0,-57.6,0.0,56.1,0x20,405.003,14.9,-1875,-1,2.1,,
2026-09-04T00:28:47.000Z,M20-409-2-00781,1472516927,43.53058,4.76940,20286.8,5.7,6.1,204.8,-57.6,0.0,56.0,0x20,405.003,16.3,-1875,-1,2.1,,
2026-09-04T00:28:48.000Z,M20-409-2-00781,1472516928,43.53053,4.76937,20291.7,3.8,5.4,217.4,-57.7,0.0,56.0,0x20,405.003,16.3,-1875,-1,2.1,,
2026-09-04T00:28:49.000Z,M20-409-2-00781,1472516929,43.53050,4.76933,20296.0,4.9,4.6,215.3,-57.7,0.0,56.0,0x20,405.003,4.3,-1875,-1,2.1,,
2026-09-04T00:28:50.000Z,M20-409-2-00781,1472516930,43.53046,4.76931,20301.3,5.7,4.7,183.6,-57.7,0.0,55.9,0x20,405.003,4.4,-1875,-1,2.1,,
2026-09-04T00:28:51.000Z,M20-409-2-00781,1472516931,43.53041,4.76932,20306.0,3.6,5.9,168.3,-57.7,0.0,55.9,0x20,405.003,5.5,-1875,-1,2.1,,
2026-09-04T00:28:52.000Z,M20-409-2-00781,1472516932,43.53036,4.76933,20310.7,5.6,5.9,165.0,-57.7,0.0,55.8,0x20,405.003,11.5,-1875,-1,2.1,,
2026-09-04T00:28:53.000Z,M20-409-2-00781,1472516933,43.53031,4.76935,20316.0,4.9,4.6,174.9,-57.7,0.0,55.8,0x20,405.003,14.1,-1875,-1,2.1,,
2026-09-04T00:28:54.000Z,M20-409-2-00781,1472516934,43.53027,4.76934,20320.7,4.2,4.1,190.0,-57.7,0.0,55.8,0x20,405.003,15.3,-1875,-1,2.1,,
2026-09-04T00:28:55.000Z,M20-409-2-00781,1472516935,43.53023,4.76933,20325.7,5.7,5.3,195.2,-57.7,0.0,55.7,0x20,405.003,15.3,-1875,-1,2.1,,
2026-09-04T00:28:56.000Z,M20-409-2-00781,1472516936,43.53018,4.76932,20331.0,4.8,6.4,189.8,-57.8,0.0,55.7,0x20,405.003,17.2,-1875,-1,2.1,,
2026-09-04T00:28:57.000Z,M20-409-2-00781,1472516937,43.53013,4.76930,20336.3,5.8,5.9,190.9,-57.8,0.0,55.6,0x20,405.003,18.8,-1875,-1,2.1,,
2026-09-04T00:28:58.000Z,M20-409-2-00781,1472516938,43.53008,4.76929,20341.5,4.7,4.5,198.0,-57.8,0.0,55.6,0x20,405.003,18.8,-1875,-1,2.1,,
2026-09-04T00:28:59.000Z,M20-409-2-00781,1472516939,43.53005,4.76927,20346.2,4.5,3.4,199.4,-57.8,0.0,55.5,0x20,405.003,18.1,-1875,-1,2.1,,
2026-09-04T00:29:00.000Z,M20-409-2-00781,1472516940,43.53002,4.76926,20351.4,5.8,3.6,176.3,-57.8,0.0,55.5,0x20,405.003,16.7,-1875,-1,2.1,,
2026-09-04T00:29:01.000Z,M20-409-2-00781,1472516941,43.52998,4.76927,20356.0,3.4,4.6,171.6,-57.9,0.0,55.4,0x20,405.003,14.3,-1875,-1,2.1,,
2026-09-04T00:29:02.000Z,M20-409-2-00781,1472516942,43.52994,4.76927,20360.7,6.2,4.7,182.9,-57.9,0.0,55.4,0x20,405.003,3.7,-1875,-1,2.1,,
2026-09-04T00:29:03.000Z,M20-409-2-00781,1472516943,43.52990,4.76926,20365.9,4.2,4.0,199.1,-57.9,0.0,55.4,0x20,405.003,3.7,-1875,-1,2.1,,
2026-09-04T00:29:04.000Z,M20-409-2-00781,1472516944,43.52987,4.76925,20370.4,4.8,3.9,207.6,-57.9,0.0,55.3,0x20,405.003,7.6,-1875,-1,2.1,,
2026-09-04T00:29:05.000Z,M20-409-2-00781,1472516945,43.52984,4.76923,20375.4,5.1,4.3,196.4,-58.0,0.0,55.3,0x20,405.003,15.2,-1875,-1,2.1,,
2026-09-04T00:29:06.000Z,M20-409-2-00781,1472516946,43.52980,4.76922,20380.5,4.8,4.4,180.3,-58.0,0.0,55.2,0x20,405.003,18.6,-1875,-1,2.1,,
2026-09-04T00:29:07.000Z,M20-409-2-00781,1472516947,43.52977,4.76922,20385.5,5.9,3.0,170.5,-58.0,0.0,55.2,0x20,405.003,18.6,-1875,-1,2.1,,
2026-09-04T00:29:08.000Z,M20-409-2-00781,1472516948,43.52974,4.76922,20390.4,3.5,1.9,177.9,-58.0,0.0,55.1,0x20,405.003,16.0,-1875,-1,2.1,,
2026-09-04T00:29:09.000Z,M20-409-2-00781,1472516949,43.52972,4.76923,20394.5,5.0,2.5,174.0,-58.0,0.0,55.1,0x20,405.003,18.7,-1875,-1,2.1,,
2026-09-04T00:29:10.000Z,M20-409-2-00781,1472516950,43.52969,4.76923,20399.8,5.3,4.6,168.2,-58.0,0.0,55.0,0x20,405.003,18.7,-1875,-1,2.1,,
2026-09-04T00:29:11.000Z,M20-409-2-00781,1472516951,43.52965,4.76925,20404.3,3.9,5.7,168.5,-58.1,0.0,55.0,0x20,405.003,13.6,-1875,-1,2.1,,
2026-09-04T00:29:12.000Z,M20-409-2-00781,1472516952,43.52960,4.76925,20409.0,6.1,5.0,180.0,-58.1,0.0,55.0,0x20,405.003,17.9,-1875,-1,2.1,,
2026-09-04T00:29:13.000Z,M20-409-2-00781,1472516953,43.52956,4.76924,20414.2,4.2,3.7,200.0,-58.1,0.0,54.9,0x20,405.003,17.9,-1875,-1,2.1,,
2026-09-04T00:29:14.000Z,M20-409-2-00781,1472516954,43.52954,4.76923,20418.9,5.0,3.0,215.9,-58.2,0.0,54.9,0x20,405.003,6.4,-1875,-1,2.1,,
2026-09-04T00:29:15.000Z,M20-409-2-00781,1472516955,43.52952,4.76921,20424.5,5.9,2.6,193.5,-58.2,0.0,54.8,0x20,405.003,3.7,-1875,-1,2.1,,
2026-09-04T00:29:16.000Z,M20-409-2-00781,1472516956,43.52949,4.76921,20429.3,3.6,3.1,179.1,-58.2,0.0,54.8,0x20,405.003,3.5,-1875,-1,2.1,,
2026-09-04T00:29:17.000Z,M20-409-2-00781,1472516957,43.52947,4.76921,20433.9,5.8,2.7,177.3,-58.2,0.0,54.8,0x20,405.003,12.7,-1875,-1,2.1,,
2026-09-04T00:29:18.000Z,M20-409-2-00781,1472516958,43.52945,4.76921,20439.1,4.5,1.8,196.9,-58.2,0.0,54.7,0x20,405.003,12.7,-1875,-1,2.1,,
2026-09-04T00:29:19.000Z,M20-409-2-00781,1472516959,43.52943,4.76920,20444.1,5.4,1.7,192.2,-58.2,0.0,54.7,0x20,405.003,18.1,-1875,-1,2.1,,
2026-09-04T00:29:20.000Z,M20-409-2-00781,1472516960,43.52941,4.76920,20449.6,5.5,2.9,164.6,-58.2,0.0,54.6,0x20,405.003,19.4,-1875,-1,2.1,,
2026-09-04T00:29:21.000Z,M20-409-2-00781,1472516961,43.52938,4.76921,20454.6,4.5,3.9,161.8,-58.1,0.0,54.6,0x20,405.003,19.4,-1875,-1,2.1,,
2026-09-04T00:29:22.000Z,M20-409-2-00781,1472516962,43.52935,4.76922,20459.9,6.2,3.7,179.8,-58.2,0.0,54.5,0x20,405.003,15.0,-1875,-1,2.1,,
2026-09-04T00:29:23.000Z,M20-409-2-00781,1472516963,43.52932,4.76921,20464.9,3.8,3.3,203.2,-58.2,0.0,54.5,0x20,405.003,15.9,-1875,-1,2.1,,
2026-09-04T00:29:24.000Z,M20-409-2-00781,1472516964,43.52929,4.76919,20469.8,5.9,3.7,211.0,-58.2,0.0,54.4,0x20,405.003,16.9,-1875,-1,2.1,,
2026-09-04T00:29:25.000Z,M20-409-2-00781,1472516965,43.52926,4.76917,20474.8,4.2,4.2,195.1,-58.3,0.0,54.4,0x20,405.003,19.3,-1875,-1,2.1,,
2026-09-04T00:29:26.000Z,M20-409-2-00781,1472516966,43.52922,4.76917,20479.5,5.1,4.1,186.5,-58.3,0.0,54.4,0x20,405.003,19.3,-1875,-1,2.1,,
2026-09-04T00:29:27.000Z,M20-409-2-00781,1472516967,43.52919,4.76916,20485.1,5.9,3.0,195.7,-58.3,0.0,54.3,0x20,405.003,6.7,-1875,-1,2.1,,
2026-09-04T00:29:28.000Z,M20-409-2-00781,1472516968,43.52917,4.76915,20490.2,4.5,1.7,212.0,-58.3,0.0,54.3,0x20,405.003,3.6,-1875,-1,2.1,,
2026-09-04T00:29:29.000Z,M20-409-2-00781,1472516969,43.52916,4.76914,20495.0,5.2,1.2,164.5,-58.3,0.0,54.2,0x20,405.003,3.7,-1875,-1,2.1,,
2026-09-04T00:29:30.000Z,M20-409-2-00781,1472516970,43.52915,4.76916,20499.5,3.8,2.5,137.4,-58.3,0.0,54.2,0x20,405.003,15.2,-1875,-1,2.1,,
2026-09-04T00:29:31.000Z,M20-409-2-00781,1472516971,43.52913,4.76918,20503.6,4.2,2.9,137.8,-58.3,0.0,54.1,0x20,405.003,18.6,-1875,-1,2.1,,
2026-09-04T00:29:32.000Z,M20-409-2-00781,1472516972,43.52911,4.76919,20508.7,5.8,1.7,185.4,-58.3,0.0,54.1,0x20,405.003,18.6,-1875,-1,2.1,,
2026-09-04T00:29:33.000Z,M20-409-2-00781,1472516973,43.52909,4.76918,20513.5,3.8,2.8,234.1,-58.3,0.0,54.0,0x20,405.003,14.7,-1875,-1,2.1,,
2026-09-04T00:29:34.000Z,M20-409-2-00781,1472516974,43.52907,4.76914,20517.7,4.6,4.5,232.3,-58.3,0.0,54.0,0x20,405.003,14.2,-1875,-1,2.1,,
2026-09-04T00:29:35.000Z,M20-409-2-00781,1472516975,43.52904,4.76910,20523.0,5.8,5.5,209.1,-58.3,0.0,54.0,0x20,405.003,18.9,-1875,-1,2.1,,
2026-09-04T00:29:36.000Z,M20-409-2-00781,1472516976,43.52899,4.76908,20527.8,3.6,5.8,191.2,-58.4,0.0,53.9,0x20,405.003,18.9,-1875,-1,2.1,,
2026-09-04T00:29:37.000Z,M20-409-2-00781,1472516977,43.52895,4.76907,20532.2,5.0,4.7,178.9,-58.4,0.0,53.9,0x20,405.003,17.4,-1875,-1,2.1,,
2026-09-04T00:29:38.000Z,M20-409-2-00781,1472516978,43.52892,4.76907,20537.9,6.1,1.7,183.9,-58.4,0.0,53.8,0x20,405.003,16.2,-1875,-1,2.1,,
2026-09-04T00:29:39.000Z,M20-409-2-00781,1472516979,43.52891,4.76907,20543.0,4.2,0.9,294.5,-58.5,0.0,53.8,0x20,405.003,16.2,-1875,-1,2.1,,
2026-09-04T00:29:40.000Z,M20-409-2-00781,1472516980,43.52892,4.76905,20547.5,5.1,1.2,323.1,-58.5,0.0,53.8,0x20,405.003,6.1,-1875,-1,2.1,,
2026-09-04T00:29:41.000Z,M20-409-2-00781,1472516981,43.52892,4.76905,20552.5,5.0,0.2,144.8,-58.5,0.0,53.7,0x20,405.003,4.1,-1875,-1,2.1,,
2026-09-04T00:29:42.000Z,M20-409-2-00781,1472516982,43.52892,4.76905,20557.1,4.0,1.4,163.5,-58.5,0.0,53.7,0x20,405.003,4.1,-1875,-1,2.1,,
2026-09-04T00:29:43.000Z,M20-409-2-00781,1472516983,43.52890,4.76905,20562.0,5.9,2.2,194.4,-58.5,0.0,53.6,0x20,405.003,13.0,-1875,-1,2.1,,
2026-09-04T00:29:44.000Z,M20-409-2-00781,1472516984,43.52888,4.76904,20567.0,4.1,2.6,219.7,-58.5,0.0,53.6,0x20,405.003,18.0,-1875,-1,2.1,,
2026-09-04T00:29:45.000Z,M20-409-2-00781,1472516985,43.52886,4.76902,20571.7,5.1,3.3,215.0,-58.5,0.0,53.5,0x20,405.003,19.8,-1875,-1,2.1,,
2026-09-04T00:29:46.000Z,M20-409-2-00781,1472516986,43.52883,4.76900,20576.8,5.2,4.0,190.9,-58.6,0.0,53.5,0x20,405.003,19.8,-1875,-1,2.1,,
2026-09-04T00:29:47.000Z,M20-409-2-00781,1472516987,43.52879,4.76900,20581.3,3.8,4.2,178.9,-58.6,0.0,53.5,0x20,405.003,19.8,-1875,-1,2.1,,
2026-09-04T00:29:48.000Z,M20-409-2-00781,1472516988,43.52876,4.76900,20586.3,5.9,2.8,189.5,-58.5,0.0,53.4,0x20,405.003,19.8,-1875,-1,2.1,,
2026-09-04T00:29:49.000Z,M20-409-2-00781,1472516989,43.52875,4.76898,20591.4,4.0,2.0,237.5,-58.5,0.0,53.4,0x20,405.003,19.9,-1875,-1,2.1,,
2026-09-04T00:29:50.000Z,M20-409-2-00781,1472516990,43.52874,4.76896,20595.8,4.5,2.2,280.4,-58.5,0.0,53.3,0x20,405.003,19.9,-1875,-1,2.1,,
2026-09-04T00:29:51.000Z,M20-409-2-00781,1472516991,43.52875,4.76894,20601.0,5.6,0.9,303.0,-58.5,0.0,53.3,0x20,405.003,18.1,-1875,-1,2.1,,
2026-09-04T00:29:52.000Z,M20-409-2-00781,1472516992,43.52875,4.76894,20605.8,3.6,0.7,103.2,-58.5,0.0,53.3,0x20,405.003,16.0,-1875,-1,2.1,,
2026-09-04T00:29:53.000Z,M20-409-2-00781,1472516993,43.52874,4.76895,20609.9,4.4,1.0,106.2,-58.5,0.0,53.2,0x20,405.003,4.7,-1875,-1,2.1,,
2026-09-04T00:29:54.000Z,M20-409-2-00781,1472516994,43.52874,4.76896,20614.9,5.3,0.1,14.0,-58.6,0.0,53.2,0x20,405.003,3.4,-1875,-1,2.1,,
2026-09-04T00:29:55.000Z,M20-409-2-00781,1472516995,43.52874,4.76895,20619.5,3.7,1.0,281.4,-58.6,0.0,53.1,0x20,405.003,3.6,-1875,-1,2.1,,
2026-09-04T00:29:56.000Z,M20-409-2-00781,1472516996,43.52874,4.76894,20623.6,4.6,1.0,248.6,-58.6,0.0,53.1,0x20,405.003,11.6,-1875,-1,2.1,,
2026-09-04T00:29:57.000Z,M20-409-2-00781,1472516997,43.52873,4.76894,20628.5,5.3,1.6,166.0,-58.6,0.0,53.1,0x20,405.003,15.4,-1875,-1,2.1,,
2026-09-04T00:29:58.000Z,M20-409-2-00781,1472516998,43.52872,4.76895,20633.1,3.9,2.5,147.7,-58.6,0.0,53.0,0x20,405.003,15.4,-1875,-1,2.1,,
2026-09-04T00:29:59.000Z,M20-409-2-00781,1472516999,43.52870,4.76896,20638.0,5.8,1.8,161.0,-58.6,0.0,53.0,0x20,405.003,12.9,-1875,-1,2.1,,
2026-09-04T00:30:00.000Z,M20-409-2-00781,1472517000,43.52869,4.76895,20643.1,4.4,1.7,234.8,-58.6,0.0,52.9,0x20,405.003,14.6,-1875,-1,2.1,,
2026-09-04T00:30:01.000Z,M20-409-2-00781,1472517001,43.52868,4.76893,20647.1,3.7,2.6,253.3,-58.7,0.0,52.9,0x20,405.003,18.1,-1875,-1,2.1,,
2026-09-04T00:30:02.000Z,M20-409-2-00781,1472517002,43.52867,4.76891,20651.9,5.9,2.1,226.0,-58.7,0.0,52.9,0x20,405.003,20.3,-1875,-1,2.1,,
2026-09-04T00:30:03.000Z,M20-409-2-00781,1472517003,43.52866,4.76890,20657.2,4.6,1.8,171.9,-58.7,0.0,52.8,0x20,405.003,20.3,-1875,-1,2.1,,
2026-09-04T00:30:04.000Z,M20-409-2-00781,1472517004,43.52864,4.76891,20662.3,5.2,1.8,132.0,-58.7,0.0,52.8,0x20,405.003,20.3,-1875,-1,2.1,,
2026-09-04T00:30:05.000Z,M20-409-2-00781,1472517005,43.52864,4.76892,20667.6,5.0,1.0,88.8,-58.8,0.0,52.7,0x20,405.003,19.5,-1875,-1,2.1,,
2026-09-04T00:30:06.000Z,M20-409-2-00781,1472517006,43.52864,4.76893,20672.2,4.6,0.8,60.1,-58.8,0.0,52.7,0x20,405.003,19.0,-1875,-1,2.1,,
2026-09-04T00:30:07.000Z,M20-409-2-00781,1472517007,43.52864,4.76895,20677.5,5.8,1.3,112.4,-58.8,0.0,52.6,0x20,405.003,4.5,-1875,-1,2.1,,
2026-09-04T00:30:08.000Z,M20-409-2-00781,1472517008,43.52863,4.76896,20682.2,3.6,2.2,133.5,-58.8,0.0,52.6,0x20,405.003,4.5,-1875,-1,2.1,,
2026-09-04T00:30:09.000Z,M20-409-2-00781,1472517009,43.52862,4.76898,20686.8,5.7,2.0,161.2,-58.8,0.0,52.6,0x20,405.003,3.4,-1875,-1,2.1,,
2026-09-04T00:30:10.000Z,M20-409-2-00781,1472517010,43.52860,4.76898,20691.8,4.2,1.5,215.2,-58.8,0.0,52.5,0x20,405.003,15.0,-1875,-1,2.1,,
2026-09-04T00:30:11.000Z,M20-409-2-00781,1472517011,43.52859,4.76896,20696.4,5.1,2.1,235.0,-58.8,0.0,52.5,0x20,405.003,20.4,-1875,-1,2.1,,
2026-09-04T00:30:12.000Z,M20-409-2-00781,1472517012,43.52858,4.76894,20701.9,5.7,2.4,204.2,-58.7,0.0,52.4,0x20,405.003,20.4,-1875,-1,2.1,,
2026-09-04T00:30:13.000Z,M20-409-2-00781,1472517013,43.52855,4.76893,20706.4,3.7,2.9,181.8,-58.7,0.0,52.4,0x20,405.003,19.1,-1875,-1,2.1,,
2026-09-04T00:30:14.000Z,M20-409-2-00781,1472517014,43.52853,4.76893,20711.0,5.3,2.3,179.8,-58.8,0.0,52.4,0x20,405.003,17.2,-1875,-1,2.1,,
2026-09-04T00:30:15.000Z,M20-409-2-00781,1472517015,43.52851,4.76893,20715.7,4.3,1.8,192.1,-58.7,0.0,52.3,0x20,405.003,16.3,-1875,-1,2.1,,
2026-09-04T00:30:16.000Z,M20-409-2-00781,1472517016,43.52850,4.76893,20720.4,5.2,2.3,182.0,-58.7,0.0,52.3,0x20,405.003,20.0,-1875,-1,2.1,,
2026-09-04T00:30:17.000Z,M20-409-2-00781,1472517017,43.52847,4.76893,20725.6,5.4,4.2,164.2,-58.7,0.0,52.2,0x20,405.003,20.0,-1875,-1,2.1,,
2026-09-04T00:30:18.000Z,M20-409-2-00781,1472517018,43.52843,4.76895,20730.3,3.8,5.3,161.2,-58.6,0.0,52.2,0x20,405.003,20.0,-1875,-1,2.1,,
2026-09-04T00:30:19.000Z,M20-409-2-00781,1472517019,43.52839,4.76897,20735.1,5.8,4.6,171.2,-58.6,0.0,52.2,0x20,405.003,15.0,-1875,-1,2.1,,
2026-09-04T00:30:20.000Z,M20-409-2-00781,1472517020,43.52835,4.76897,20740.0,3.6,3.3,187.9,-58.5,0.0,52.1,0x20,405.003,14.7,-1875,-1,2.1,,
2026-09-04T00:30:21.000Z,M20-409-2-00781,1472517021,43.52833,4.76896,20744.0,4.3,2.3,196.8,-58.4,0.0,52.1,0x20,405.003,4.0,-1875,-1,2.1,,
2026-09-04T00:30:22.000Z,M20-409-2-00781,1472517022,43.52831,4.76896,20749.0,5.8,2.7,156.7,-58.4,0.0,52.0,0x20,405.003,8.6,-1875,-1,2.1,,
2026-09-04T00:30:23.000Z,M20-409-2-00781,1472517023,43.52828,4.76898,20753.6,3.1,3.9,146.5,-58.4,0.0,52.0,0x20,405.003,12.8,-1875,-1,2.1,,
2026-09-04T00:30:24.000Z,M20-409-2-00781,1472517024,43.52825,4.76901,20757.9,5.1,4.4,153.1,-58.4,0.0,52.0,0x20,405.003,12.8,-1875,-1,2.1,,
2026-09-04T00:30:25.000Z,M20-409-2-00781,1472517025,43.52821,4.76902,20762.8,4.4,3.9,173.9,-58.4,0.0,51.9,0x20,405.003,12.9,-1875,-1,2.1,,
2026-09-04T00:30:26.000Z,M20-409-2-00781,1472517026,43.52818,4.76902,20766.5,3.0,4.0,188.7,-58.4,0.0,51.9,0x20,405.003,16.9,-1875,-1,2.1,,
2026-09-04T00:30:27.000Z,M20-409-2-00781,1472517027,43.52814,4.76901,20770.7,5.2,4.7,184.4,-58.4,0.0,51.9,0x20,405.003,18.5,-1875,-1,2.1,,
2026-09-04T00:30:28.000Z,M20-409-2-00781,1472517028,43.52810,4.76902,20775.7,4.9,5.5,172.0,-58.4,0.0,51.8,0x20,405.003,20.2,-1875,-1,2.1,,
2026-09-04T00:30:29.000Z,M20-409-2-00781,1472517029,43.52805,4.76903,20780.2,4.2,5.7,168.5,-58.4,0.0,51.8,0x20,405.003,20.2,-1875,-1,2.1,,
2026-09-04T00:30:30.000Z,M20-409-2-00781,1472517030,43.52800,4.76904,20785.3,5.8,5.0,178.6,-58.4,0.0,51.7,0x20,405.003,20.3,-1875,-1,2.1,,
2026-09-04T00:30:31.000Z,M20-409-2-00781,1472517031,43.52796,4.76903,20790.6,4.3,4.1,197.3,-58.4,0.0,51.7,0x20,405.003,20.3,-1875,-1,2.1,,
2026-09-04T00:30:32.000Z,M20-409-2-00781,1472517032,43.52793,4.76901,20795.3,4.9,3.6,205.9,-58.3,0.0,51.7,0x20,405.003,19.9,-1875,-1,2.1,,
2026-09-04T00:30:33.000Z,M20-409-2-00781,1472517033,43.52789,4.76900,20800.6,5.5,3.9,183.7,-58.3,0.0,51.6,0x20,405.003,19.9,-1875,-1,2.1,,
2026-09-04T00:30:34.000Z,M20-409-2-00781,1472517034,43.52786,4.76900,20805.3,3.9,4.8,174.2,-58.3,0.0,51.6,0x20,405.003,4.7,-1875,-1,2.1,,
2026-09-04T00:30:35.000Z,M20-409-2-00781,1472517035,43.52781,4.76900,20810.2,5.8,5.1,184.3,-58.3,0.0,51.5,0x20,405.003,12.9,-1875,-1,2.1,,
2026-09-04T00:30:36.000Z,M20-409-2-00781,1472517036,43.52777,4.76899,20814.7,3.4,5.1,196.9,-58.3,0.0,51.5,0x20,405.003,15.2,-1875,-1,2.1,,
2026-09-04T00:30:37.000Z,M20-409-2-00781,1472517037,43.52772,4.76897,20819.0,5.0,4.7,196.2,-58.3,0.0,51.5,0x20,405.003,17.4,-1875,-1,2.1,,
2026-09-04T00:30:38.000Z,M20-409-2-00781,1472517038,43.52768,4.76897,20823.9,5.3,4.7,177.7,-58.3,0.0,51.4,0x20,405.003,19.0,-1875,-1,2.1,,
2026-09-04T00:30:39.000Z,M20-409-2-00781,1472517039,43.52764,4.76897,20828.9,4.7,5.0,171.0,-58.3,0.0,51.4,0x20,405.003,19.0,-1875,-1,2.1,,
2026-09-04T00:30:40.000Z,M20-409-2-00781,1472517040,43.52759,4.76898,20833.7,4.9,5.1,183.2,-58.3,0.0,51.3,0x20,405.003,16.6,-1875,-1,2.1,,
2026-09-04T00:30:41.000Z,M20-409-2-00781,1472517041,43.52755,4.76896,20838.7,5.0,5.5,206.5,-58.3,0.0,51.3,0x20,405.003,14.7,-1875,-1,2.1,,
2026-09-04T00:30:42.000Z,M20-409-2-00781,1472517042,43.52750,4.76892,20842.7,3.2,6.1,216.1,-58.3,0.0,51.3,0x20,405.003,16.2,-1875,-1,2.1,,
2026-09-04T00:30:43.000Z,M20-409-2-00781,1472517043,43.52746,4.76888,20847.0,5.4,5.8,207.2,-58.3,0.0,51.2,0x20,405.003,17.9,-1875,-1,2.1,,
2026-09-04T00:30:44.000Z,M20-409-2-00781,1472517044,43.52741,4.76886,20852.3,5.0,5.3,181.2,-58.3,0.0,51.2,0x20,405.003,17.9,-1875,-1,2.1,,
2026-09-04T00:30:45.000Z,M20-409-2-00781,1472517045,43.52736,4.76887,20857.1,4.3,5.6,163.7,-58.3,0.0,51.2,0x20,405.003,6.5,-1875,-1,2.1,,
2026-09-04T00:30:46.000Z,M20-409-2-00781,1472517046,43.52731,4.76889,20862.2,5.8,5.8,165.9,-58.3,0.0,51.1,0x20,405.003,4.7,-1875,-1,2.1,,
2026-09-04T00:30:47.000Z,M20-409-2-00781,1472517047,43.52726,4.76890,20867.0,3.8,5.6,179.8,-58.2,0.0,51.1,0x20,405.003,3.9,-1875,-1,2.1,,
2026-09-04T00:30:48.000Z,M20-409-2-00781,1472517048,43.52721,4.76890,20871.5,5.2,5.1,190.0,-58.1,0.0,51.0,0x20,405.003,15.2,-1875,-1,2.1,,
2026-09-04T00:30:49.000Z,M20-409-2-00781,1472517049,43.52717,4.76889,20876.7,4.9,4.3,182.7,-58.0,0.0,51.0,0x20,405.003,18.4,-1875,-1,2.1,,
2026-09-04T00:30:50.000Z,M20-409-2-00781,1472517050,43.52714,4.76889,20881.3,4.3,3.4,182.0,-58.0,0.0,51.0,0x20,405.003,18.4,-1875,-1,2.1,,
2026-09-04T00:30:51.000Z,M20-409-2-00781,1472517051,43.52711,4.76888,20886.3,5.6,3.5,209.3,-57.9,0.0,50.9,0x20,405.003,21.1,-1875,-1,2.1,,
2026-09-04T00:30:52.000Z,M20-409-2-00781,1472517052,43.52708,4.76885,20891.0,3.9,4.2,218.6,-57.9,0.0,50.9,0x20,405.003,21.8,-1875,-1,2.1,,
2026-09-04T00:30:53.000Z,M20-409-2-00781,1472517053,43.52705,4.76882,20895.8,5.8,3.5,205.4,-57.9,0.0,50.9,0x20,405.003,21.8,-1875,-1,2.1,,
2026-09-04T00:30:54.000Z,M20-409-2-00781,1472517054,43.52702,4.76882,20900.8,4.0,3.0,172.5,-57.9,0.0,50.8,0x20,405.003,19.9,-1875,-1,2.1,,
2026-09-04T00:30:55.000Z,M20-409-2-00781,1472517055,43.52699,4.76883,20905.0,4.5,3.9,155.8,-57.9,0.0,50.8,0x20,405.003,19.1,-1875,-1,2.1,,
2026-09-04T00:30:56.000Z,M20-409-2-00781,1472517056,43.52696,4.76885,20910.0,5.4,4.6,170.2,-57.9,0.0,50.7,0x20,405.003,17.1,-1875,-1,2.1,,
2026-09-04T00:30:57.000Z,M20-409-2-00781,1472517057,43.52692,4.76885,20914.5,3.5,4.8,182.5,-57.9,0.0,50.7,0x20,405.003,17.1,-1875,-1,2.1,,
2026-09-04T00:30:58.000Z,M20-409-2-00781,1472517058,43.52687,4.76885,20918.9,5.2,4.2,181.4,-57.9,0.0,50.7,0x20,405.003,8.2,-1875,-1,2.1,,
2026-09-04T00:30:59.000Z,M20-409-2-00781,1472517059,43.52684,4.76886,20924.0,5.0,3.2,156.5,-57.9,0.0,50.6,0x20,405.003,4.9,-1875,-1,2.1,,
2026-09-04T00:31:00.000Z,M20-409-2-00781,1472517060,43.52682,4.76887,20928.5,3.9,2.5,136.5,-57.9,0.0,50.6,0x20,405.003,4.7,-1875,-1,2.1,,
2026-09-04T00:31:01.000Z,M20-409-2-00781,1472517061,43.52680,4.76889,20933.2,5.6,1.8,160.0,-57.8,0.0,50.5,0x20,405.003,16.2,-1875,-1,2.1,,
2026-09-04T00:31:02.000Z,M20-409-2-00781,1472517062,43.52678,4.76889,20938.0,4.1,2.8,192.8,-57.8,0.0,50.5,0x20,405.003,16.6,-1875,-1,2.1,,
2026-09-04T00:31:03.000Z,M20-409-2-00781,1472517063,43.52676,4.76888,20942.3,4.3,4.0,193.9,-57.8,0.0,50.5,0x20,405.003,18.6,-1875,-1,2.1,,
2026-09-04T00:31:04.000Z,M20-409-2-00781,1472517064,43.52672,4.76888,20947.5,6.0,4.1,173.0,-57.7,0.0,50.4,0x20,405.003,21.1,-1875,-1,2.1,,
2026-09-04T00:31:05.000Z,M20-409-2-00781,1472517065,43.52668,4.76889,20952.3,3.6,4.4,153.8,-57.7,0.0,50.4,0x20,405.003,21.1,-1875,-1,2.1,,
2026-09-04T00:31:06.000Z,M20-409-2-00781,1472517066,43.52665,4.76892,20956.8,5.7,5.3,151.6,-57.7,0.0,50.4,0x20,405.003,18.2,-1875,-1,2.1,,
2026-09-04T00:31:07.000Z,M20-409-2-00781,1472517067,43.52660,4.76894,20961.8,4.4,5.6,167.6,-57.6,0.0,50.3,0x20,405.003,20.0,-1875,-1,2.1,,
2026-09-04T00:31:08.000Z,M20-409-2-00781,1472517068,43.52655,4.76895,20966.6,4.6,5.5,179.4,-57.5,0.0,50.3,0x20,405.003,21.5,-1875,-1,2.1,,
2026-09-04T00:31:09.000Z,M20-409-2-00781,1472517069,43.52651,4.76895,20971.7,5.2,3.9,182.2,-57.4,0.0,50.2,0x20,405.003,21.5,-1875,-1,2.1,,
2026-09-04T00:31:10.000Z,M20-409-2-00781,1472517070,43.52648,4.76895,20976.6,4.2,2.6,181.1,-57.3,0.0,50.2,0x20,405.003,17.9,-1875,-1,2.1,,
2026-09-04T00:31:11.000Z,M20-409-2-00781,1472517071,43.52645,4.76895,20980.9,4.8,3.0,184.2,-57.2,0.0,50.1,0x20,405.003,8.0,-1875,-1,2.1,,
2026-09-04T00:31:12.000Z,M20-409-2-00781,1472517072,43.52642,4.76894,20985.8,4.9,5.4,189.1,-57.2,0.0,50.1,0x20,405.003,4.3,-1875,-1,2.1,,
2026-09-04T00:31:13.000Z,M20-409-2-00781,1472517073,43.52636,4.76893,20990.0,3.3,7.0,188.7,-57.1,0.0,50.1,0x20,405.003,4.4,-1875,-1,2.1,,
2026-09-04T00:31:14.000Z,M20-409-2-00781,1472517074,43.52630,4.76892,20993.7,4.1,7.1,180.3,-57.1,0.0,50.0,0x20,405.003,16.4,-1875,-1,2.1,,
2026-09-04T00:31:15.000Z,M20-409-2-00781,1472517075,43.52624,4.76893,20998.6,5.5,5.7,161.5,-57.0,0.0,50.0,0x20,405.003,18.0,-1875,-1,2.1,,
2026-09-04T00:31:16.000Z,M20-409-2-00781,1472517076,43.52620,4.76896,21003.2,3.3,4.5,141.1,-57.0,0.0,50.0,0x20,405.003,19.1,-1875,-1,2.1,,
2026-09-04T00:31:17.000Z,M20-409-2-00781,1472517077,43.52617,4.76899,21007.0,4.4,3.7,134.6,-57.0,0.0,49.9,0x20,405.003,19.1,-1875,-1,2.1,,
2026-09-04T00:31:18.000Z,M20-409-2-00781,1472517078,43.52614,4.76901,21012.4,6.1,4.1,168.1,-57.1,0.0,49.9,0x20,405.003,16.8,-1875,-1,2.1,,
2026-09-04T00:31:19.000Z,M20-409-2-00781,1472517079,43.52610,4.76901,21017.6,4.0,5.7,191.1,-57.1,0.0,49.9,0x20,405.003,19.6,-1875,-1,2.1,,
2026-09-04T00:31:20.000Z,M20-409-2-00781,1472517080,43.52605,4.76899,21022.0,4.5,6.7,206.1,-57.1,0.0,49.8,0x20,405.003,23.0,-1875,-1,2.1,,
2026-09-04T00:31:21.000Z,M20-409-2-00781,1472517081,43.52600,4.76895,21027.3,5.9,5.9,213.7,-57.1,0.0,49.8,0x20,405.003,23.0,-1875,-1,2.1,,
2026-09-04T00:31:22.000Z,M20-409-2-00781,1472517082,43.52596,4.76891,21032.4,4.1,4.6,215.4,-57.1,0.0,49.7,0x20,405.003,23.0,-1875,-1,2.1,,
2026-09-04T00:31:23.000Z,M20-409-2-00781,1472517083,43.52592,4.76889,21037.5,5.8,4.7,199.0,-57.1,0.0,49.7,0x20,405.003,19.1,-1875,-1,2.1,,
2026-09-04T00:31:24.000Z,M20-409-2-00781,1472517084,43.52588,4.76887,21042.9,4.8,6.3,185.0,-57.1,0.0,49.6,0x20,405.003,4.7,-1875,-1,2.1,,
2026-09-04T00:31:25.000Z,M20-409-2-00781,1472517085,43.52582,4.76887,21047.4,4.3,6.9,176.1,-57.1,0.0,49.6,0x20,405.003,5.2,-1875,-1,2.1,,
2026-09-04T00:31:26.000Z,M20-409-2-00781,1472517086,43.52576,4.76888,21052.2,5.5,5.6,173.3,-57.2,0.0,49.6,0x20,405.003,5.2,-1875,-1,2.1,,
2026-09-04T00:31:27.000Z,M20-409-2-00781,1472517087,43.52572,4.76889,21057.2,4.3,3.9,178.8,-57.1,0.0,49.5,0x20,405.003,16.7,-1875,-1,2.1,,
2026-09-04T00:31:28.000Z,M20-409-2-00781,1472517088,43.52569,4.76887,21061.7,4.6,4.0,208.8,-57.1,0.0,49.5,0x20,405.003,17.3,-1875,-1,2.1,,
2026-09-04T00:31:29.000Z,M20-409-2-00781,1472517089,43.52565,4.76884,21066.9,5.7,6.7,218.2,-57.1,0.0,49.5,0x20,405.003,21.4,-1875,-1,2.1,,
2026-09-04T00:31:30.000Z,M20-409-2-00781,1472517090,43.52559,4.76878,21071.4,3.3,8.8,214.4,-57.1,0.0,49.4,0x20,405.003,21.4,-1875,-1,2.1,,
2026-09-04T00:31:31.000Z,M20-409-2-00781,1472517091,43.52552,4.76872,21074.9,4.0,9.5,212.0,-57.1,0.0,49.4,0x20,405.003,23.8,-1875,-1,2.1,,
2026-09-04T00:31:32.000Z,M20-409-2-00781,1472517092,43.52545,4.76866,21079.7,5.6,7.9,210.7,-57.0,0.0,49.4,0x20,405.003,23.8,-1875,-1,2.1,,
2026-09-04T00:31:33.000Z,M20-409-2-00781,1472517093,43.52540,4.76862,21085.0,4.9,5.9,206.7,-57.0,0.0,49.3,0x20,405.003,22.9,-1875,-1,2.1,,
2026-09-04T00:31:34.000Z,M20-409-2-00781,1472517094,43.52535,4.76860,21089.4,4.2,5.1,192.4,-57.0,0.0,49.3,0x20,405.003,22.9,-1875,-1,2.1,,
2026-09-04T00:31:35.000Z,M20-409-2-00781,1472517095,43.52530,4.76859,21094.1,5.2,6.7,178.5,-57.0,0.0,49.2,0x20,405.003,22.2,-1875,-1,2.1,,
2026-09-04T00:31:36.000Z,M20-409-2-00781,1472517096,43.52523,4.76859,21099.0,4.4,8.6,179.0,-57.0,0.0,49.2,0x20,405.003,21.4,-1875,-1,2.1,,
2026-09-04T00:31:37.000Z,M20-409-2-00781,1472517097,43.52515,4.76858,21103.5,4.9,9.2,192.4,-57.0,0.0,49.2,0x20,405.003,7.7,-1875,-1,2.1,,
2026-09-04T00:31:38.000Z,M20-409-2-00781,1472517098,43.52508,4.76854,21108.6,5.2,8.4,213.6,-56.9,0.0,49.1,0x20,405.003,4.1,-1875,-1,2.1,,
2026-09-04T00:31:39.000Z,M20-409-2-00781,1472517099,43.52503,4.76848,21112.9,3.5,7.2,232.1,-56.9,0.0,49.1,0x20,405.003,3.2,-1875,-1,2.1,,
2026-09-04T00:31:40.000Z,M20-409-2-00781,1472517100,43.52500,4.76842,21117.0,4.3,5.5,237.3,-56.9,0.0,49.0,0x20,405.003,17.1,-1875,-1,2.1,,
2026-09-04T00:31:41.000Z,M20-409-2-00781,1472517101,43.52497,4.76837,21122.3,6.1,4.5,210.9,-56.8,0.0,49.0,0x20,405.003,20.2,-1875,-1,2.1,,
2026-09-04T00:31:42.000Z,M20-409-2-00781,1472517102,43.52493,4.76835,21127.3,3.9,5.4,188.9,-56.8,0.0,49.0,0x20,405.003,20.2,-1875,-1,2.1,,
2026-09-04T00:31:43.000Z,M20-409-2-00781,1472517103,43.52488,4.76835,21131.7,4.9,6.2,180.6,-56.7,0.0,49.0,0x20,405.003,17.9,-1875,-1,2.1,,
2026-09-04T00:31:44.000Z,M20-409-2-00781,1472517104,43.52482,4.76834,21136.8,5.3,5.5,189.2,-56.7,0.0,48.9,0x20,405.003,18.8,-1875,-1,2.1,,
2026-09-04T00:31:45.000Z,M20-409-2-00781,1472517105,43.52478,4.76833,21141.6,4.2,5.0,204.1,-56.7,0.0,48.9,0x20,405.003,18.8,-1875,-1,2.1,,
2026-09-04T00:31:46.000Z,M20-409-2-00781,1472517106,43.52474,4.76830,21145.7,4.0,4.9,208.7,-56.7,0.0,48.8,0x20,405.003,17.1,-1875,-1,2.1,,
2026-09-04T00:31:47.000Z,M20-409-2-00781,1472517107,43.52470,4.76827,21150.4,5.4,5.4,198.4,-56.7,0.0,48.8,0x20,405.003,18.5,-1875,-1,2.1,,
2026-09-04T00:31:48.000Z,M20-409-2-00781,1472517108,43.52465,4.76826,21155.8,5.1,6.1,189.9,-56.7,0.0,48.8,0x20,405.003,20.1,-1875,-1,2.1,,
2026-09-04T00:31:49.000Z,M20-409-2-00781,1472517109,43.52459,4.76824,21160.3,3.9,6.1,190.0,-56.7,0.0,48.7,0x20,405.003,20.1,-1875,-1,2.1,,
2026-09-04T00:31:50.000Z,M20-409-2-00781,1472517110,43.52455,4.76822,21165.3,5.9,5.0,210.1,-56.7,0.0,48.7,0x20,405.003,5.8,-1875,-1,2.1,,
2026-09-04T00:31:51.000Z,M20-409-2-00781,1472517111,43.52452,4.76818,21170.2,3.8,4.9,234.0,-56.7,0.0,48.6,0x20,405.003,4.1,-1875,-1,2.1,,
2026-09-04T00:31:52.000Z,M20-409-2-00781,1472517112,43.52449,4.76813,21174.8,5.4,5.0,243.3,-56.7,0.0,48.6,0x20,405.003,5.2,-1875,-1,2.1,,
2026-09-04T00:31:53.000Z,M20-409-2-00781,1472517113,43.52447,4.76808,21180.6,6.0,4.5,221.7,-56.7,0.0,48.6,0x20,405.003,17.7,-1875,-1,2.1,,
2026-09-04T00:31:54.000Z,M20-409-2-00781,1472517114,43.52443,4.76805,21185.3,3.4,5.1,201.4,-56.7,0.0,48.5,0x20,405.003,20.5,-1875,-1,2.1,,
2026-09-04T00:31:55.000Z,M20-409-2-00781,1472517115,43.52439,4.76803,21189.6,5.3,6.2,196.7,-56.7,0.0,48.5,0x20,405.003,20.5,-1875,-1,2.1,,
2026-09-04T00:31:56.000Z,M20-409-2-00781,1472517116,43.52433,4.76800,21195.1,5.6,6.1,207.1,-56.7,0.0,48.5,0x20,405.003,20.1,-1875,-1,2.1,,
2026-09-04T00:31:57.000Z,M20-409-2-00781,1472517117,43.52429,4.76796,21200.3,4.8,5.6,212.7,-56.7,0.0,48.4,0x20,405.003,20.0,-1875,-1,2.1,,
2026-09-04T00:31:58.000Z,M20-409-2-00781,1472517118,43.52425,4.76793,21205.3,5.2,4.7,207.7,-56.7,0.0,48.4,0x20,405.003,21.0,-1875,-1,2.1,,
2026-09-04T00:31:59.000Z,M20-409-2-00781,1472517119,43.52421,4.76791,21210.5,5.2,3.5,190.1,-56.7,0.0,48.3,0x20,405.003,22.0,-1875,-1,2.1,,
2026-09-04T00:32:00.000Z,M20-409-2-00781,1472517120,43.52419,4.76791,21215.3,4.3,2.6,174.2,-56.8,0.0,48.3,0x20,405.003,22.0,-1875,-1,2.1,,
2026-09-04T00:32:01.000Z,M20-409-2-00781,1472517121,43.52417,4.76791,21220.3,5.7,1.3,222.6,-56.8,0.0,48.3,0x20,405.003,22.0,-1875,-1,2.1,,
2026-09-04T00:32:02.000Z,M20-409-2-00781,1472517122,43.52417,4.76788,21225.5,4.6,3.1,258.9,-56.8,0.0,48.2,0x20,405.003,14.8,-1875,-1,2.1,,
2026-09-04T00:32:03.000Z,M20-409-2-00781,1472517123,43.52415,4.76784,21230.7,5.7,4.9,240.4,-56.8,0.0,48.2,0x20,405.003,14.8,-1875,-1,2.1,,
2026-09-04T00:32:04.000Z,M20-409-2-00781,1472517124,43.52412,4.76779,21236.4,5.7,6.7,213.3,-56.8,0.0,48.1,0x20,405.003,4.4,-1875,-1,2.1,,
2026-09-04T00:32:05.000Z,M20-409-2-00781,1472517125,43.52406,4.76775,21240.8,3.3,8.2,199.0,-56.8,0.0,48.1,0x20,405.003,4.4,-1875,-1,2.1,,
2026-09-04T00:32:06.000Z,M20-409-2-00781,1472517126,43.52399,4.76772,21245.6,6.2,8.2,193.9,-56.8,0.0,48.1,0x20,405.003,15.8,-1875,-1,2.1,,
2026-09-04T00:32:07.000Z,M20-409-2-00781,1472517127,43.52392,4.76769,21251.7,6.0,6.2,202.7,-56.7,0.0,48.0,0x20,405.003,18.0,-1875,-1,2.1,,
2026-09-04T00:32:08.000Z,M20-409-2-00781,1472517128,43.52389,4.76766,21256.7,4.1,3.7,217.1,-56.7,0.0,48.0,0x20,405.003,22.8,-1875,-1,2.1,,
2026-09-04T00:32:09.000Z,M20-409-2-00781,1472517129,43.52387,4.76764,21261.2,4.7,1.2,244.3,-56.7,0.0,48.0,0x20,405.003,22.8,-1875,-1,2.1,,
2026-09-04T00:32:10.000Z,M20-409-2-00781,1472517130,43.52387,4.76764,21266.1,4.7,0.2,53.7,-56.6,0.0,47.9,0x20,405.003,21.3,-1875,-1,2.1,,
2026-09-04T00:32:11.000Z,M20-409-2-00781,1472517131,43.52387,4.76763,21271.4,5.0,0.4,298.3,-56.6,0.0,47.9,0x20,405.003,17.3,-1875,-1,2.1,,
2026-09-04T00:32:12.000Z,M20-409-2-00781,1472517132,43.52387,4.76761,21276.9,5.8,2.8,267.3,-56.6,0.0,47.8,0x20,405.003,13.2,-1875,-1,2.1,,
2026-09-04T00:32:13.000Z,M20-409-2-00781,1472517133,43.52386,4.76756,21282.6,5.2,5.8,260.4,-56.5,0.0,47.8,0x20,405.003,14.8,-1875,-1,2.1,,
2026-09-04T00:32:14.000Z,M20-409-2-00781,1472517134,43.52385,4.76748,21287.3,4.6,7.2,251.9,-56.5,0.0,47.8,0x20,405.003,18.1,-1875,-1,2.1,,
2026-09-04T00:32:15.000Z,M20-409-2-00781,1472517135,43.52382,4.76741,21292.4,6.0,6.8,232.3,-56.4,0.0,47.7,0x20,405.003,18.1,-1875,-1,2.1,,
2026-09-04T00:32:16.000Z,M20-409-2-00781,1472517136,43.52378,4.76736,21297.8,4.7,6.3,208.0,-56.3,0.0,47.7,0x20,405.003,6.2,-1875,-1,2.1,,
2026-09-04T00:32:17.000Z,M20-409-2-00781,1472517137,43.52373,4.76733,21302.2,4.6,5.5,194.2,-56.3,0.0,47.6,0x20,405.003,6.2,-1875,-1,2.1,,
2026-09-04T00:32:18.000Z,M20-409-2-00781,1472517138,43.52369,4.76732,21307.9,6.6,3.3,207.1,-56.3,0.0,47.6,0x20,405.003,7.4,-1875,-1,2.1,,
2026-09-04T00:32:19.000Z,M20-409-2-00781,1472517139,43.52368,4.76729,21313.4,4.4,3.3,260.7,-56.3,0.0,47.6,0x20,405.003,16.9,-1875,-1,2.1,,
2026-09-04T00:32:20.000Z,M20-409-2-00781,1472517140,43.52368,4.76724,21317.5,3.9,4.9,280.4,-56.3,0.0,47.5,0x20,405.003,21.4,-1875,-1,2.1,,
2026-09-04T00:32:21.000Z,M20-409-2-00781,1472517141,43.52369,4.76717,21322.4,5.8,5.7,268.8,-56.3,0.0,47.5,0x20,405.003,21.4,-1875,-1,2.1,,
2026-09-04T00:32:22.000Z,M20-409-2-00781,1472517142,43.52368,4.76711,21327.4,4.5,5.5,254.6,-56.3,0.0,47.4,0x20,405.003,19.1,-1875,-1,2.1,,
2026-09-04T00:32:23.000Z,M20-409-2-00781,1472517143,43.52366,4.76704,21332.1,4.6,5.4,242.2,-56.3,0.0,47.4,0x20,405.003,21.9,-1875,-1,2.1,,
2026-09-04T00:32:24.000Z,M20-409-2-00781,1472517144,43.52364,4.76698,21337.3,5.8,5.7,244.2,-56.4,0.0,47.4,0x20,405.003,21.9,-1875,-1,2.1,,
2026-09-04T00:32:25.000Z,M20-409-2-00781,1472517145,43.52362,4.76692,21342.8,4.8,5.6,250.5,-56.4,0.0,47.3,0x20,405.003,19.2,-1875,-1,2.1,,
2026-09-04T00:32:26.000Z,M20-409-2-00781,1472517146,43.52360,4.76686,21347.5,4.9,4.9,247.1,-56.4,0.0,47.3,0x20,405.003,22.2,-1875,-1,2.1,,
2026-09-04T00:32:27.000Z,M20-409-2-00781,1472517147,43.52358,4.76681,21353.0,5.5,4.0,225.0,-56.4,0.0,47.2,0x20,405.003,22.2,-1875,-1,2.1,,
2026-09-04T00:32:28.000Z,M20-409-2-00781,1472517148,43.52355,4.76678,21357.9,4.4,4.1,207.9,-56.5,0.0,47.2,0x20,405.003,17.0,-1875,-1,2.1,,
2026-09-04T00:32:29.000Z,M20-409-2-00781,1472517149,43.52352,4.76675,21363.0,5.8,4.2,224.4,-56.5,0.0,47.2,0x20,405.003,7.2,-1875,-1,2.1,,
2026-09-04T00:32:30.000Z,M20-409-2-00781,1472517150,43.52351,4.76670,21368.3,4.7,5.1,259.6,-56.5,0.0,47.1,0x20,405.003,3.9,-1875,-1,2.1,,
2026-09-04T00:32:31.000Z,M20-409-2-00781,1472517151,43.52350,4.76663,21372.2,3.1,6.5,276.2,-56.5,0.0,47.1,0x20,405.003,5.5,-1875,-1,2.1,,
2026-09-04T00:32:32.000Z,M20-409-2-00781,1472517152,43.52351,4.76656,21376.8,6.0,6.3,275.2,-56.5,0.0,47.1,0x20,405.003,16.7,-1875,-1,2.1,,
2026-09-04T00:32:33.000Z,M20-409-2-00781,1472517153,43.52351,4.76649,21382.8,5.7,5.1,258.0,-56.5,0.0,47.0,0x20,405.003,18.9,-1875,-1,2.1,,
2026-09-04T00:32:34.000Z,M20-409-2-00781,1472517154,43.52349,4.76643,21387.7,4.0,5.2,234.8,-56.6,0.0,47.0,0x20,405.003,18.9,-1875,-1,2.1,,
2026-09-04T00:32:35.000Z,M20-409-2-00781,1472517155,43.52346,4.76638,21392.6,5.8,6.4,229.2,-56.6,0.0,47.0,0x20,405.003,18.1,-1875,-1,2.1,,
2026-09-04T00:32:36.000Z,M20-409-2-00781,1472517156,43.52343,4.76631,21397.9,4.9,7.0,235.4,-56.6,0.0,46.9,0x20,405.003,20.4,-1875,-1,2.1,,
2026-09-04T00:32:37.000Z,M20-409-2-00781,1472517157,43.52339,4.76624,21402.9,4.8,7.0,235.9,-56.6,0.0,46.9,0x20,405.003,20.4,-1875,-1,2.1,,
2026-09-04T00:32:38.000Z,M20-409-2-00781,1472517158,43.52335,4.76617,21408.0,5.5,6.4,228.3,-56.7,0.0,46.8,0x20,405.003,21.1,-1875,-1,2.1,,
2026-09-04T00:32:39.000Z,M20-409-2-00781,1472517159,43.52331,4.76612,21412.7,3.6,6.2,218.9,-56.7,0.0,46.8,0x20,405.003,21.1,-1875,-1,2.1,,
2026-09-04T00:32:40.000Z,M20-409-2-00781,1472517160,43.52327,4.76606,21417.7,6.2,6.6,225.7,-56.7,0.0,46.8,0x20,405.003,18.4,-1875,-1,2.1,,
2026-09-04T00:32:41.000Z,M20-409-2-00781,1472517161,43.52323,4.76599,21423.1,5.0,7.5,241.2,-56.8,0.0,46.7,0x20,405.003,18.4,-1875,-1,2.1,,
2026-09-04T00:32:42.000Z,M20-409-2-00781,1472517162,43.52321,4.76591,21428.1,4.8,7.5,250.4,-56.8,0.0,46.7,0x20,405.003,4.6,-1875,-1,2.1,,
2026-09-04T00:32:43.000Z,M20-409-2-00781,1472517163,43.52318,4.76583,21433.6,6.3,6.0,248.4,-56.8,0.0,46.7,0x20,405.003,4.2,-1875,-1,2.1,,
2026-09-04T00:32:44.000Z,M20-409-2-00781,1472517164,43.52316,4.76577,21438.9,4.4,4.8,238.7,-56.8,0.0,46.6,0x20,405.003,14.0,-1875,-1,2.1,,
2026-09-04T00:32:45.000Z,M20-409-2-00781,1472517165,43.52314,4.76572,21444.0,5.3,4.7,227.3,-56.9,0.0,46.6,0x20,405.003,17.4,-1875,-1,2.1,,
2026-09-04T00:32:46.000Z,M20-409-2-00781,1472517166,43.52311,4.76567,21449.7,6.1,6.3,231.3,-56.9,0.0,46.5,0x20,405.003,17.4,-1875,-1,2.1,,
2026-09-04T00:32:47.000Z,M20-409-2-00781,1472517167,43.52307,4.76560,21454.7,4.1,7.6,233.8,-56.9,0.0,46.5,0x20,405.003,15.8,-1875,-1,2.1,,
2026-09-04T00:32:48.000Z,M20-409-2-00781,1472517168,43.52302,4.76553,21459.5,5.8,8.2,228.6,-57.0,0.0,46.5,0x20,405.003,20.8,-1875,-1,2.1,,
2026-09-04T00:32:49.000Z,M20-409-2-00781,1472517169,43.52297,4.76546,21464.6,4.7,7.5,218.0,-57.0,0.0,46.4,0x20,405.003,20.8,-1875,-1,2.1,,
2026-09-04T00:32:50.000Z,M20-409-2-00781,1472517170,43.52292,4.76541,21469.5,5.1,7.0,216.5,-57.0,0.0,46.4,0x20,405.003,16.8,-1875,-1,2.1,,
2026-09-04T00:32:51.000Z,M20-409-2-00781,1472517171,43.52287,4.76535,21475.3,6.4,7.0,230.6,-57.1,0.0,46.3,0x20,405.003,18.8,-1875,-1,2.1,,
2026-09-04T00:32:52.000Z,M20-409-2-00781,1472517172,43.52284,4.76527,21480.7,3.9,7.7,239.8,-57.1,0.0,46.3,0x20,405.003,18.8,-1875,-1,2.1,,
2026-09-04T00:32:53.000Z,M20-409-2-00781,1472517173,43.52280,4.76519,21485.5,6.1,7.5,236.4,-57.2,0.0,46.3,0x20,405.003,18.5,-1875,-1,2.1,,
2026-09-04T00:32:54.000Z,M20-409-2-00781,1472517174,43.52276,4.76512,21490.9,4.9,7.0,222.9,-57.2,0.0,46.2,0x20,405.003,18.5,-1875,-1,2.1,,
2026-09-04T00:32:55.000Z,M20-409-2-00781,1472517175,43.52271,4.76507,21495.8,5.1,7.4,213.7,-57.2,0.0,46.2,0x20,405.003,4.8,-1875,-1,2.1,,
2026-09-04T00:32:56.000Z,M20-409-2-00781,1472517176,43.52265,4.76501,21501.5,6.2,8.3,219.1,-57.2,0.0,46.1,0x20,405.003,4.5,-1875,-1,2.1,,
2026-09-04T00:32:57.000Z,M20-409-2-00781,1472517177,43.52260,4.76494,21506.6,4.2,9.0,224.5,-57.2,0.0,46.1,0x20,405.003,4.5,-1875,-1,2.1,,
2026-09-04T00:32:58.000Z,M20-409-2-00781,1472517178,43.52253,4.76487,21511.7,5.8,9.3,221.9,-57.2,0.0,46.1,0x20,405.003,16.2,-1875,-1,2.1,,
2026-09-04T00:32:59.000Z,M20-409-2-00781,1472517179,43.52247,4.76480,21517.1,4.7,9.1,213.8,-57.3,0.0,46.0,0x20,405.003,18.7,-1875,-1,2.1,,
2026-09-04T00:33:00.000Z,M20-409-2-00781,1472517180,43.52240,4.76473,21521.5,4.5,9.0,212.7,-57.3,0.0,46.0,0x20,405.003,20.5,-1875,-1,2.1,,
2026-09-04T00:33:01.000Z,M20-409-2-00781,1472517181,43.52234,4.76467,21526.9,6.1,9.2,221.9,-57.3,0.0,45.9,0x20,405.003,20.5,-1875,-1,2.1,,
2026-09-04T00:33:02.000Z,M20-409-2-00781,1472517182,43.52228,4.76459,21532.0,4.2,9.5,230.7,-57.3,0.0,45.9,0x20,405.003,15.4,-1875,-1,2.1,,
2026-09-04T00:33:03.000Z,M20-409-2-00781,1472517183,43.52223,4.76450,21537.2,6.2,8.8,232.4,-57.4,0.0,45.9,0x20,405.003,18.6,-1875,-1,2.1,,
2026-09-04T00:33:04.000Z,M20-409-2-00781,1472517184,43.52218,4.76442,21543.1,5.0,7.5,226.9,-57.4,0.0,45.8,0x20,405.003,18.6,-1875,-1,2.1,,
2026-09-04T00:33:05.000Z,M20-409-2-00781,1472517185,43.52213,4.76436,21547.7,4.5,6.6,222.8,-57.4,0.0,45.8,0x20,405.003,18.6,-1875,-1,2.1,,
2026-09-04T00:33:06.000Z,M20-409-2-00781,1472517186,43.52210,4.76430,21553.5,6.6,6.9,233.7,-57.3,0.0,45.8,0x20,405.003,16.2,-1875,-1,2.1,,
2026-09-04T00:33:07.000Z,M20-409-2-00781,1472517187,43.52206,4.76422,21558.6,4.1,7.6,240.3,-57.2,0.0,45.7,0x20,405.003,5.1,-1875,-1,2.1,,
2026-09-04T00:33:08.000Z,M20-409-2-00781,1472517188,43.52202,4.76414,21563.5,5.5,7.5,241.0,-57.2,0.0,45.7,0x20,405.003,5.0,-1875,-1,2.1,,
2026-09-04T00:33:09.000Z,M20-409-2-00781,1472517189,43.52199,4.76407,21568.8,4.9,6.4,231.9,-57.1,0.0,45.6,0x20,405.003,3.9,-1875,-1,2.1,,
2026-09-04T00:33:10.000Z,M20-409-2-00781,1472517190,43.52196,4.76402,21573.6,4.6,5.6,229.4,-57.1,0.0,45.6,0x20,405.003,6.2,-1875,-1,2.1,,
2026-09-04T00:33:11.000Z,M20-409-2-00781,1472517191,43.52193,4.76396,21578.9,6.0,6.0,243.6,-57.1,0.0,45.6,0x20,405.003,13.3,-1875,-1,2.1,,
2026-09-04T00:33:12.000Z,M20-409-2-00781,1472517192,43.52191,4.76388,21584.6,5.1,7.5,251.8,-57.1,0.0,45.5,0x20,405.003,17.6,-1875,-1,2.1,,
2026-09-04T00:33:13.000Z,M20-409-2-00781,1472517193,43.52188,4.76379,21589.6,4.7,8.5,250.2,-57.1,0.0,45.5,0x20,405.003,19.4,-1875,-1,2.1,,
2026-09-04T00:33:14.000Z,M20-409-2-00781,1472517194,43.52185,4.76370,21595.3,6.3,7.6,239.5,-57.1,0.0,45.5,0x20,405.003,19.5,-1875,-1,2.1,,
2026-09-04T00:33:15.000Z,M20-409-2-00781,1472517195,43.52181,4.76363,21601.0,4.7,6.5,225.4,-57.1,0.0,45.4,0x20,405.003,20.2,-1875,-1,2.1,,
2026-09-04T00:33:16.000Z,M20-409-2-00781,1472517196,43.52177,4.76358,21606.1,5.0,5.9,217.5,-57.1,0.0,45.4,0x20,405.003,20.2,-1875,-1,2.1,,
2026-09-04T00:33:17.000Z,M20-409-2-00781,1472517197,43.52174,4.76353,21611.9,6.7,5.7,236.7,-57.1,0.0,45.3,0x20,405.003,15.9,-1875,-1,2.1,,
2026-09-04T00:33:18.000Z,M20-409-2-00781,1472517198,43.52172,4.76346,21617.2,3.9,6.3,254.3,-57.2,0.0,45.3,0x20,405.003,14.0,-1875,-1,2.1,,
2026-09-04T00:33:19.000Z,M20-409-2-00781,1472517199,43.52170,4.76339,21621.6,5.2,6.5,267.3,-57.2,0.0,45.2,0x20,405.003,17.5,-1875,-1,2.1,,
2026-09-04T00:33:20.000Z,M20-409-2-00781,1472517200,43.52170,4.76331,21627.3,6.0,5.2,268.8,-57.2,0.0,45.2,0x20,405.003,17.5,-1875,-1,2.1,,
2026-09-04T00:33:21.000Z,M20-409-2-00781,1472517201,43.52170,4.76325,21632.7,5.0,4.6,261.9,-57.2,0.0,45.2,0x20,405.003,4.5,-1875,-1,2.1,,
2026-09-04T00:33:22.000Z,M20-409-2-00781,1472517202,43.52169,4.76319,21638.2,5.9,5.6,249.8,-57.3,0.0,45.1,0x20,405.003,4.5,-1875,-1,2.1,,
2026-09-04T00:33:23.000Z,M20-409-2-00781,1472517203,43.52167,4.76312,21643.7,5.2,7.5,247.1,-57.3,0.0,45.1,0x20,405.003,4.5,-1875,-1,2.1,,
2026-09-04T00:33:24.000Z,M20-409-2-00781,1472517204,43.52164,4.76303,21648.4,4.1,8.4,248.1,-57.3,0.0,45.1,0x20,405.003,9.6,-1875,-1,2.1,,
2026-09-04T00:33:25.000Z,M20-409-2-00781,1472517205,43.52161,4.76295,21653.7,6.3,6.8,245.1,-57.4,0.0,45.0,0x20,405.003,17.1,-1875,-1,2.1,,
2026-09-04T00:33:26.000Z,M20-409-2-00781,1472517206,43.52159,4.76288,21659.5,5.2,4.4,238.4,-57.4,0.0,45.0,0x20,405.003,17.7,-1875,-1,2.1,,
2026-09-04T00:33:27.000Z,M20-409-2-00781,1472517207,43.52157,4.76285,21664.3,4.8,2.8,239.4,-57.5,0.0,45.0,0x20,405.003,17.7,-1875,-1,2.1,,
2026-09-04T00:33:28.000Z,M20-409-2-00781,1472517208,43.52156,4.76281,21669.8,6.4,3.5,261.6,-57.5,0.0,44.9,0x20,405.003,17.5,-1875,-1,2.1,,
2026-09-04T00:33:29.000Z,M20-409-2-00781,1472517209,43.52156,4.76276,21674.9,3.9,5.2,268.1,-57.5,0.0,44.9,0x20,405.003,15.5,-1875,-1,2.1,,
2026-09-04T00:33:30.000Z,M20-409-2-00781,1472517210,43.52156,4.76269,21679.5,5.2,6.1,270.0,-57.5,0.0,44.9,0x20,405.003,15.8,-1875,-1,2.1,,
2026-09-04T00:33:31.000Z,M20-409-2-00781,1472517211,43.52156,4.76262,21685.1,6.2,5.1,266.5,-57.5,0.0,44.8,0x20,405.003,18.7,-1875,-1,2.1,,
2026-09-04T00:33:32.000Z,M20-409-2-00781,1472517212,43.52155,4.76256,21690.6,4.9,4.2,257.0,-57.6,0.0,44.8,0x20,405.003,18.7,-1875,-1,2.1,,
2026-09-04T00:33:33.000Z,M20-409-2-00781,1472517213,43.52154,4.76250,21696.3,6.4,5.1,251.8,-57.6,0.0,44.7,0x20,405.003,17.5,-1875,-1,2.1,,
2026-09-04T00:33:34.000Z,M20-409-2-00781,1472517214,43.52153,4.76244,21702.0,4.8,5.9,254.5,-57.6,0.0,44.7,0x20,405.003,17.5,375,-1,2.1,,
2026-09-04T00:33:35.000Z,M20-409-2-00781,1472517215,43.52152,4.76237,21707.2,5.7,5.1,253.0,-57.6,0.0,44.7,0x20,405.003,3.9,-1875,-1,2.1,,
2026-09-04T00:33:36.000Z,M20-409-2-00781,1472517216,43.52150,4.76233,21713.0,6.0,2.9,244.9,-57.7,0.0,44.6,0x20,405.003,8.0,-1875,-1,2.1,,
2026-09-04T00:33:37.000Z,M20-409-2-00781,1472517217,43.52149,4.76230,21718.1,4.2,1.3,237.3,-57.7,0.0,44.6,0x20,405.003,15.4,-1875,-1,2.1,,
2026-09-04T00:33:38.000Z,M20-409-2-00781,1472517218,43.52149,4.76229,21723.0,5.7,1.5,276.3,-57.7,0.0,44.5,0x20,405.003,19.0,-1875,-1,2.1,,
2026-09-04T00:33:39.000Z,M20-409-2-00781,1472517219,43.52150,4.76226,21729.1,6.0,3.9,280.5,-57.7,0.0,44.5,0x20,405.003,19.0,-1875,-1,2.1,,
2026-09-04T00:33:40.000Z,M20-409-2-00781,1472517220,43.52150,4.76220,21734.1,4.0,5.8,280.8,-57.7,0.0,44.5,0x20,405.003,15.8,-1875,-1,2.1,,
2026-09-04T00:33:41.000Z,M20-409-2-00781,1472517221,43.52152,4.76213,21738.5,5.0,5.7,282.9,-57.8,0.0,44.4,0x20,405.003,17.9,-1875,-1,2.1,,
2026-09-04T00:33:42.000Z,M20-409-2-00781,1472517222,43.52152,4.76208,21744.2,6.4,3.1,281.6,-57.8,0.0,44.4,0x20,405.003,18.2,-1875,-1,2.1,,
2026-09-04T00:33:43.000Z,M20-409-2-00781,1472517223,43.52152,4.76205,21749.2,3.4,1.3,245.3,-57.8,0.0,44.4,0x20,405.003,18.2,-1875,-1,2.1,,
2026-09-04T00:33:44.000Z,M20-409-2-00781,1472517224,43.52151,4.76204,21753.7,5.6,2.6,187.9,-57.8,0.0,44.3,0x20,405.003,16.5,-1875,-1,2.1,,
2026-09-04T00:33:45.000Z,M20-409-2-00781,1472517225,43.52148,4.76203,21758.8,4.5,3.7,198.3,-57.8,0.0,44.3,0x20,405.003,19.3,-1875,-1,2.1,,
2026-09-04T00:33:46.000Z,M20-409-2-00781,1472517226,43.52145,4.76202,21764.1,5.6,3.4,208.7,-57.9,0.0,44.2,0x20,405.003,19.3,-1875,-1,2.1,,
2026-09-04T00:33:47.000Z,M20-409-2-00781,1472517227,43.52143,4.76200,21770.3,6.4,1.2,216.5,-57.9,0.0,44.2,0x20,405.003,4.5,-1875,-1,2.1,,
2026-09-04T00:33:48.000Z,M20-409-2-00781,1472517228,43.52143,4.76199,21775.5,4.0,0.5,336.8,-57.9,0.0,44.2,0x20,405.003,4.4,-1875,-1,2.1,,
2026-09-04T00:33:49.000Z,M20-409-2-00781,1472517229,43.52144,4.76199,21780.7,6.0,1.7,321.7,-57.9,0.0,44.1,0x20,405.003,9.3,-1875,-1,2.1,,
2026-09-04T00:33:50.000Z,M20-409-2-00781,1472517230,43.52145,4.76197,21785.8,4.3,2.7,292.4,-57.9,0.0,44.1,0x20,405.003,11.3,-1875,-1,2.1,,
2026-09-04T00:33:51.000Z,M20-409-2-00781,1472517231,43.52146,4.76193,21790.8,5.6,2.6,281.5,-57.8,0.0,44.0,0x20,405.003,15.0,-1875,-1,2.1,,
2026-09-04T00:33:52.000Z,M20-409-2-00781,1472517232,43.52146,4.76191,21796.8,6.5,0.7,289.5,-57.8,0.0,44.0,0x20,405.003,16.0,-1875,-1,2.1,,
2026-09-04T00:33:53.000Z,M20-409-2-00781,1472517233,43.52146,4.76192,21802.0,4.0,0.9,92.0,-57.9,0.0,44.0,0x20,405.003,16.0,-1875,-1,2.1,,
2026-09-04T00:33:54.000Z,M20-409-2-00781,1472517234,43.52146,4.76193,21806.8,5.5,1.6,135.8,-57.9,0.0,43.9,0x20,405.003,15.0,-1875,-1,2.1,,
2026-09-04T00:33:55.000Z,M20-409-2-00781,1472517235,43.52144,4.76193,21812.1,4.9,2.6,180.0,-57.9,0.0,43.9,0x20,405.003,15.6,-1875,-1,2.1,,
2026-09-04T00:33:56.000Z,M20-409-2-00781,1472517236,43.52141,4.76193,21816.6,4.1,3.3,191.1,-57.9,0.0,43.9,0x20,405.003,17.6,-1875,-1,2.1,,
2026-09-04T00:33:57.000Z,M20-409-2-00781,1472517237,43.52139,4.76192,21821.2,5.5,2.4,178.6,-57.9,0.0,43.8,0x20,405.003,18.1,-1875,-1,2.1,,
2026-09-04T00:33:58.000Z,M20-409-2-00781,1472517238,43.52137,4.76194,21826.8,5.8,1.7,104.9,-57.9,0.0,43.8,0x20,405.003,18.1,-1875,-1,2.1,,
2026-09-04T00:33:59.000Z,M20-409-2-00781,1472517239,43.52138,4.76196,21831.6,3.9,2.7,65.2,-57.9,0.0,43.8,0x20,405.003,9.0,-1875,-1,2.1,,
2026-09-04T00:34:00.000Z,M20-409-2-00781,1472517240,43.52139,4.76198,21836.5,5.9,2.2,30.0,-57.9,0.0,43.7,0x20,405.003,9.0,375,-1,2.1,,
2026-09-04T00:34:01.000Z,M20-409-2-00781,1472517241,43.52141,4.76198,21842.3,5.5,1.6,308.7,-57.9,0.0,43.7,0x20,405.003,3.5,-1875,-1,2.1,,
2026-09-04T00:34:02.000Z,M20-409-2-00781,1472517242,43.52141,4.76196,21847.1,4.1,2.4,248.6,-58.0,0.0,43.6,0x20,405.003,15.4,-1875,-1,2.1,,
2026-09-04T00:34:03.000Z,M20-409-2-00781,1472517243,43.52139,4.76194,21852.2,6.5,3.4,198.1,-58.0,0.0,43.6,0x20,405.003,19.3,-1875,-1,2.1,,
2026-09-04T00:34:04.000Z,M20-409-2-00781,1472517244,43.52135,4.76194,21857.4,4.0,4.0,172.0,-57.9,0.0,43.6,0x20,405.003,19.3,-1875,-1,2.1,,
2026-09-04T00:34:05.000Z,M20-409-2-00781,1472517245,43.52132,4.76194,21861.9,5.0,4.5,166.0,-57.9,0.0,43.5,0x20,405.003,15.7,-1875,-1,2.1,,
2026-09-04T00:34:06.000Z,M20-409-2-00781,1472517246,43.52128,4.76195,21867.3,5.7,4.0,185.3,-57.9,0.0,43.5,0x20,405.003,13.6,-1875,-1,2.1,,
2026-09-04T00:34:07.000Z,M20-409-2-00781,1472517247,43.52125,4.76194,21872.5,4.5,3.6,207.1,-57.9,0.0,43.5,0x20,405.003,18.3,-1875,-1,2.1,,
2026-09-04T00:34:08.000Z,M20-409-2-00781,1472517248,43.52122,4.76192,21877.6,5.7,2.7,207.8,-57.9,0.0,43.5,0x20,405.003,19.9,-1875,-1,2.1,,
2026-09-04T00:34:09.000Z,M20-409-2-00781,1472517249,43.52120,4.76191,21883.0,5.2,1.8,175.6,-57.9,0.0,43.4,0x20,405.003,21.1,-1875,-1,2.1,,
2026-09-04T00:34:10.000Z,M20-409-2-00781,1472517250,43.52119,4.76192,21887.5,4.0,1.8,158.1,-57.9,0.0,43.4,0x20,405.003,21.1,-1875,-1,2.1,,
2026-09-04T00:34:11.000Z,M20-409-2-00781,1472517251,43.52117,4.76192,21892.0,4.9,1.4,190.1,-57.9,0.0,43.4,0x20,405.003,20.9,-1875,-1,2.1,,
2026-09-04T00:34:12.000Z,M20-409-2-00781,1472517252,43.52116,4.76190,21897.2,5.5,2.5,237.5,-57.9,0.0,43.3,0x20,405.003,11.0,-1875,-1,2.1,,
2026-09-04T00:34:13.000Z,M20-409-2-00781,1472517253,43.52115,4.76188,21902.3,4.8,2.9,239.6,-57.9,0.0,43.3,0x20,405.003,4.1,-1875,-1,2.1,,
2026-09-04T00:34:14.000Z,M20-409-2-00781,1472517254,43.52113,4.76186,21907.5,5.9,2.4,195.5,-57.9,0.0,43.2,0x20,405.003,3.7,-1875,-1,2.1,,
2026-09-04T00:34:15.000Z,M20-409-2-00781,1472517255,43.52111,4.76187,21912.9,4.8,3.8,148.9,-57.9,0.0,43.2,0x20,405.003,14.9,-1875,-1,2.1,,
2026-09-04T00:34:16.000Z,M20-409-2-00781,1472517256,43.52108,4.76190,21917.2,3.7,5.1,139.6,-57.8,0.0,43.2,0x20,405.003,15.9,-1875,-1,2.1,,
2026-09-04T00:34:17.000Z,M20-409-2-00781,1472517257,43.52104,4.76193,21922.2,6.4,3.9,147.8,-57.8,0.0,43.1,0x20,405.003,15.9,-1875,-1,2.1,,
2026-09-04T00:34:18.000Z,M20-409-2-00781,1472517258,43.52102,4.76194,21927.7,4.9,2.3,189.8,-57.7,0.0,43.1,0x20,405.003,16.5,-1875,-1,2.1,,
2026-09-04T00:34:19.000Z,M20-409-2-00781,1472517259,43.52100,4.76193,21932.1,3.7,2.7,234.2,-57.6,0.0,43.1,0x20,405.003,19.0,-1875,-1,2.1,,
2026-09-04T00:34:20.000Z,M20-409-2-00781,1472517260,43.52099,4.76190,21937.0,6.1,2.6,238.2,-57.6,0.0,43.0,0x20,405.003,19.7,-1875,-1,2.1,,
2026-09-04T00:34:21.000Z,M20-409-2-00781,1472517261,43.52097,4.76188,21942.3,4.9,2.4,212.8,-57.5,0.0,43.0,0x20,405.003,19.9,-1875,-1,2.1,,
2026-09-04T00:34:22.000Z,M20-409-2-00781,1472517262,43.52095,4.76186,21947.2,4.8,3.1,200.1,-57.5,0.0,43.0,0x20,405.003,21.3,-1875,-1,2.1,,
2026-09-04T00:34:23.000Z,M20-409-2-00781,1472517263,43.52092,4.76184,21952.3,5.5,4.1,211.3,-57.4,0.0,42.9,0x20,405.003,21.3,-1875,-1,2.1,,
2026-09-04T00:34:24.000Z,M20-409-2-00781,1472517264,43.52089,4.76181,21957.4,4.7,4.7,220.9,-57.4,0.0,42.9,0x20,405.003,15.7,-1875,-1,2.1,,
2026-09-04T00:34:25.000Z,M20-409-2-00781,1472517265,43.52086,4.76178,21962.1,4.6,3.9,213.0,-57.4,0.0,42.9,0x20,405.003,4.9,-1875,-1,2.1,,
2026-09-04T00:34:26.000Z,M20-409-2-00781,1472517266,43.52083,4.76177,21966.7,4.9,2.4,165.1,-57.3,0.0,42.8,0x20,405.003,4.2,-1875,-1,2.1,,
2026-09-04T00:34:27.000Z,M20-409-2-00781,1472517267,43.52082,4.76180,21971.5,4.7,3.9,108.1,-57.3,0.0,42.8,0x20,405.003,4.2,-1875,-1,2.1,,
2026-09-04T00:34:28.000Z,M20-409-2-00781,1472517268,43.52081,4.76185,21976.0,4.5,4.7,100.3,-57.2,0.0,42.8,0x20,405.003,16.9,-1875,-1,2.1,,
2026-09-04T00:34:29.000Z,M20-409-2-00781,1472517269,43.52080,4.76189,21981.6,6.8,2.6,124.1,-57.1,0.0,42.7,0x20,405.003,18.7,-1875,-1,2.1,,
2026-09-04T00:34:30.000Z,M20-409-2-00781,1472517270,43.52078,4.76190,21987.5,4.7,2.7,203.0,-57.1,0.0,42.7,0x20,405.003,20.6,-1875,-1,2.1,,
2026-09-04T00:34:31.000Z,M20-409-2-00781,1472517271,43.52075,4.76187,21991.2,3.0,5.0,224.3,-57.1,0.0,42.7,0x20,405.003,20.9,-1875,-1,2.1,,
2026-09-04T00:34:32.000Z,M20-409-2-00781,1472517272,43.52072,4.76183,21996.0,6.5,5.5,218.2,-57.1,0.0,42.6,0x20,405.003,20.9,-1875,-1,2.1,,
2026-09-04T00:34:33.000Z,M20-409-2-00781,1472517273,43.52068,4.76180,22001.6,4.6,4.2,198.5,-57.1,0.0,42.6,0x20,405.003,21.2,-1875,-1,2.1,,
2026-09-04T00:34:34.000Z,M20-409-2-00781,1472517274,43.52065,4.76179,22006.3,5.2,3.2,167.5,-57.1,0.0,42.5,0x20,405.003,21.2,-1875,-1,2.1,,
2026-09-04T00:34:35.000Z,M20-409-2-00781,1472517275,43.52062,4.76180,22011.7,5.6,2.8,153.1,-57.2,0.0,42.5,0x20,405.003,21.0,-1875,-1,2.1,,
2026-09-04T00:34:36.000Z,M20-409-2-00781,1472517276,43.52060,4.76182,22016.8,4.6,2.5,138.1,-57.2,0.0,42.5,0x20,405.003,21.8,-1875,-1,2.1,,
2026-09-04T00:34:37.000Z,M20-409-2-00781,1472517277,43.52059,4.76185,22021.7,5.3,3.3,114.1,-57.2,0.0,42.5,0x20,405.003,21.8,-1875,-1,2.1,,
2026-09-04T00:34:38.000Z,M20-409-2-00781,1472517278,43.52058,4.76189,22027.0,5.3,4.3,110.6,-57.2,0.0,42.4,0x20,405.003,9.3,-1875,-1,2.1,,
2026-09-04T00:34:39.000Z,M20-409-2-00781,1472517279,43.52056,4.76194,22032.3,5.3,4.1,133.9,-57.2,0.0,42.4,0x20,405.003,4.5,-1875,-1,2.1,,
2026-09-04T00:34:40.000Z,M20-409-2-00781,1472517280,43.52052,4.76196,22037.5,5.1,4.8,180.8,-57.3,0.0,42.3,0x20,405.003,4.2,-1875,-1,2.1,,
2026-09-04T00:34:41.000Z,M20-409-2-00781,1472517281,43.52047,4.76194,22042.0,3.8,6.7,203.6,-57.3,0.0,42.3,0x20,405.003,15.8,-1875,-1,2.1,,
2026-09-04T00:34:42.000Z,M20-409-2-00781,1472517282,43.52042,4.76190,22046.2,4.7,7.0,209.6,-57.3,0.0,42.3,0x20,405.003,19.5,-1875,-1,2.1,,
2026-09-04T00:34:43.000Z,M20-409-2-00781,1472517283,43.52037,4.76187,22051.8,6.6,4.0,198.8,-57.3,0.0,42.2,0x20,405.003,22.1,-1875,-1,2.1,,
2026-09-04T00:34:44.000Z,M20-409-2-00781,1472517284,43.52035,4.76187,22057.0,3.8,2.1,149.4,-57.3,0.0,42.2,0x20,405.003,22.1,-1875,-1,2.1,,
2026-09-04T00:34:45.000Z,M20-409-2-00781,1472517285,43.52034,4.76189,22060.5,3.3,2.5,92.3,-57.2,0.0,42.2,0x20,405.003,20.1,-1875,-1,2.1,,
2026-09-04T00:34:46.000Z,M20-409-2-00781,1472517286,43.52034,4.76191,22065.3,6.2,1.1,60.7,-57.2,0.0,42.1,0x20,405.003,20.5,-1875,-1,2.1,,
2026-09-04T00:34:47.000Z,M20-409-2-00781,1472517287,43.52034,4.76191,22071.0,5.4,1.9,217.5,-57.2,0.0,42.1,0x20,405.003,21.5,-1875,-1,2.1,,
2026-09-04T00:34:48.000Z,M20-409-2-00781,1472517288,43.52031,4.76189,22075.4,3.3,4.5,215.2,-57.2,0.0,42.1,0x20,405.003,21.5,-1875,-1,2.1,,
2026-09-04T00:34:49.000Z,M20-409-2-00781,1472517289,43.52027,4.76186,22079.4,4.4,6.7,205.2,-57.1,0.0,42.1,0x20,405.003,22.1,-1875,-1,2.1,,
2026-09-04T00:34:50.000Z,M20-409-2-00781,1472517290,43.52021,4.76183,22084.4,5.6,7.0,190.5,-57.0,0.0,42.0,0x20,405.003,22.1,-1875,-1,2.1,,
2026-09-04T00:34:51.000Z,M20-409-2-00781,1472517291,43.52016,4.76182,22089.2,4.2,5.8,182.1,-56.9,0.0,42.0,0x20,405.003,5.8,-1875,-1,2.1,,
2026-09-04T00:34:52.000Z,M20-409-2-00781,1472517292,43.52011,4.76182,22093.9,5.2,3.5,193.6,-56.9,0.0,42.0,0x20,405.003,4.9,-1875,-1,2.1,,
2026-09-04T00:34:53.000Z,M20-409-2-00781,1472517293,43.52009,4.76179,22099.3,5.5,3.6,244.2,-56.9,0.0,41.9,0x20,405.003,4.0,-1875,-1,2.1,,
2026-09-04T00:34:54.000Z,M20-409-2-00781,1472517294,43.52008,4.76175,22104.2,4.3,4.9,259.9,-56.8,0.0,41.9,0x20,405.003,20.8,-1875,-1,2.1,,
2026-09-04T00:34:55.000Z,M20-409-2-00781,1472517295,43.52007,4.76169,22109.4,6.2,4.2,256.0,-56.7,0.0,41.9,0x20,405.003,21.7,-1875,-1,2.1,,
2026-09-04T00:34:56.000Z,M20-409-2-00781,1472517296,43.52006,4.76165,22115.2,5.2,2.7,229.2,-56.7,0.0,41.8,0x20,405.003,22.0,-1875,-1,2.1,,
2026-09-04T00:34:57.000Z,M20-409-2-00781,1472517297,43.52004,4.76164,22119.7,3.9,3.3,194.5,-56.7,0.0,41.8,0x20,405.003,22.0,-1875,-1,2.1,,
2026-09-04T00:34:58.000Z,M20-409-2-00781,1472517298,43.52000,4.76162,22124.8,6.2,5.4,195.3,-56.7,0.0,41.8,0x20,405.003,21.5,-1875,-1,2.1,,
2026-09-04T00:34:59.000Z,M20-409-2-00781,1472517299,43.51995,4.76159,22129.9,4.2,6.4,205.6,-56.6,0.0,41.7,0x20,405.003,20.7,-1875,-1,2.1,,
2026-09-04T00:35:00.000Z,M20-409-2-00781,1472517300,43.51990,4.76156,22135.1,6.3,6.1,212.6,-56.6,0.0,41.7,0x20,405.003,20.3,-1875,-1,2.1,,
2026-09-04T00:35:01.000Z,M20-409-2-00781,1472517301,43.51986,4.76152,22140.8,5.1,4.6,211.6,-56.6,0.0,41.6,0x20,405.003,19.6,-1875,-1,2.1,,
2026-09-04T00:35:02.000Z,M20-409-2-00781,1472517302,43.51983,4.76150,22145.5,4.3,2.9,222.9,-56.5,0.0,41.6,0x20,405.003,19.9,-1875,-1,2.1,,
2026-09-04T00:35:03.000Z,M20-409-2-00781,1472517303,43.51982,4.76147,22150.3,5.5,3.2,265.1,-56.4,0.0,41.6,0x20,405.003,19.9,-1875,-1,2.1,,
2026-09-04T00:35:04.000Z,M20-409-2-00781,1472517304,43.51982,4.76142,22155.1,4.2,4.3,273.2,-56.4,0.0,41.5,0x20,405.003,19.9,-1875,-1,2.1,,
2026-09-04T00:35:05.000Z,M20-409-2-00781,1472517305,43.51982,4.76137,22160.1,5.9,3.5,267.9,-56.4,0.0,41.5,0x20,405.003,4.3,-1875,-1,2.1,,
2026-09-04T00:35:06.000Z,M20-409-2-00781,1472517306,43.51981,4.76134,22166.0,5.8,1.9,219.3,-56.3,0.0,41.5,0x20,405.003,9.5,-1875,-1,2.1,,
2026-09-04T00:35:07.000Z,M20-409-2-00781,1472517307,43.51979,4.76134,22171.1,4.4,3.3,178.2,-56.3,0.0,41.4,0x20,405.003,18.5,-1875,-1,2.1,,
2026-09-04T00:35:08.000Z,M20-409-2-00781,1472517308,43.51975,4.76133,22176.3,5.9,5.8,183.9,-56.2,0.0,41.4,0x20,405.003,20.5,-1875,-1,2.1,,
2026-09-04T00:35:09.000Z,M20-409-2-00781,1472517309,43.51970,4.76132,22181.6,4.6,7.0,198.6,-56.2,0.0,41.4,0x20,405.003,20.7,-1875,-1,2.1,,
2026-09-04T00:35:10.000Z,M20-409-2-00781,1472517310,43.51964,4.76129,22186.3,4.7,6.8,209.6,-56.1,0.0,41.3,0x20,405.003,20.7,-1875,-1,2.1,,
2026-09-04T00:35:11.000Z,M20-409-2-00781,1472517311,43.51959,4.76125,22191.5,5.5,4.8,210.8,-56.1,0.0,41.3,0x20,405.003,19.6,-1875,-1,2.1,,
2026-09-04T00:35:12.000Z,M20-409-2-00781,1472517312,43.51956,4.76123,22196.8,5.2,2.5,198.4,-56.1,0.0,41.3,0x20,405.003,20.0,-1875,-1,2.1,,
2026-09-04T00:35:13.000Z,M20-409-2-00781,1472517313,43.51955,4.76122,22201.9,5.0,1.5,201.3,-56.0,0.0,41.2,0x20,405.003,21.0,-1875,-1,2.1,,
2026-09-04T00:35:14.000Z,M20-409-2-00781,1472517314,43.51953,4.76121,22207.6,6.2,2.5,237.3,-56.0,0.0,41.2,0x20,405.003,21.0,-1875,-1,2.1,,
2026-09-04T00:35:15.000Z,M20-409-2-00781,1472517315,43.51952,4.76117,22212.8,4.2,4.4,240.2,-56.0,0.0,41.2,0x20,405.003,19.7,-1875,-1,2.1,,
2026-09-04T00:35:16.000Z,M20-409-2-00781,1472517316,43.51949,4.76112,22217.2,4.6,6.2,228.9,-55.9,0.0,41.1,0x20,405.003,19.7,-1875,-1,2.1,,
2026-09-04T00:35:17.000Z,M20-409-2-00781,1472517317,43.51944,4.76107,22222.5,5.9,6.8,208.7,-55.8,0.0,41.1,0x20,405.003,19.7,-1500,-1,2.1,,
2026-09-04T00:35:18.000Z,M20-409-2-00781,1472517318,43.51939,4.76103,22227.6,4.3,6.9,197.1,-55.7,0.0,41.1,0x20,405.003,5.5,-1500,-1,2.1,,
2026-09-04T00:35:19.000Z,M20-409-2-00781,1472517319,43.51933,4.76101,22233.2,6.8,6.6,202.3,-55.7,0.0,41.0,0x20,405.003,8.4,-1875,-1,2.1,,
2026-09-04T00:35:20.000Z,M20-409-2-00781,1472517320,43.51928,4.76096,22239.2,5.2,6.4,220.3,-55.6,0.0,41.0,0x20,405.003,18.8,-1875,-1,2.1,,
2026-09-04T00:35:21.000Z,M20-409-2-00781,1472517321,43.51925,4.76091,22244.3,4.9,5.5,244.2,-55.6,0.0,41.0,0x20,405.003,22.0,-1875,-1,2.1,,
2026-09-04T00:35:22.000Z,M20-409-2-00781,1472517322,43.51924,4.76085,22249.8,5.6,3.9,265.9,-55.6,0.0,40.9,0x20,405.003,22.0,-1875,-1,2.1,,
2026-09-04T00:35:23.000Z,M20-409-2-00781,1472517323,43.51924,4.76081,22254.4,3.8,2.8,272.0,-55.5,0.0,40.9,0x20,405.003,22.0,-1875,-1,2.1,,
2026-09-04T00:35:24.000Z,M20-409-2-00781,1472517324,43.51924,4.76077,22259.5,5.9,3.2,262.2,-55.5,0.0,40.9,0x20,405.003,22.0,-1875,-1,2.1,,
2026-09-04T00:35:25.000Z,M20-409-2-00781,1472517325,43.51923,4.76072,22265.1,5.2,5.2,250.2,-55.5,0.0,40.8,0x20,405.003,22.0,-1875,-1,2.1,,
2026-09-04T00:35:26.000Z,M20-409-2-00781,1472517326,43.51920,4.76066,22269.6,3.6,6.5,241.1,-55.5,0.0,40.8,0x20,405.003,21.0,-1875,-1,2.1,,
2026-09-04T00:35:27.000Z,M20-409-2-00781,1472517327,43.51917,4.76059,22273.6,4.8,6.4,225.7,-55.5,0.0,40.8,0x20,405.003,20.9,-1875,-1,2.1,,
2026-09-04T00:35:28.000Z,M20-409-2-00781,1472517328,43.51913,4.76055,22278.9,5.8,5.1,202.6,-55.5,0.0,40.7,0x20,405.003,20.9,-1875,-1,2.1,,
2026-09-04T00:35:29.000Z,M20-409-2-00781,1472517329,43.51909,4.76054,22284.0,4.2,4.1,186.7,-55.6,0.0,40.7,0x20,405.003,19.3,-1875,-1,2.1,,
2026-09-04T00:35:30.000Z,M20-409-2-00781,1472517330,43.51906,4.76053,22289.2,5.9,3.0,197.9,-55.6,0.0,40.7,0x20,405.003,4.3,-1875,-1,2.1,,
2026-09-04T00:35:31.000Z,M20-409-2-00781,1472517331,43.51904,4.76050,22294.8,5.7,3.8,246.0,-55.6,0.0,40.6,0x20,405.003,3.7,-1875,-1,2.1,,
2026-09-04T00:35:32.000Z,M20-409-2-00781,1472517332,43.51903,4.76045,22299.5,3.9,5.5,266.6,-55.6,0.0,40.6,0x20,405.003,11.3,-1875,-1,2.1,,
2026-09-04T00:35:33.000Z,M20-409-2-00781,1472517333,43.51904,4.76038,22304.3,5.8,5.5,280.9,-55.6,0.0,40.6,0x20,405.003,19.9,-1875,-1,2.1,,
2026-09-04T00:35:34.000Z,M20-409-2-00781,1472517334,43.51905,4.76032,22309.9,5.3,3.9,291.3,-55.6,0.0,40.5,0x20,405.003,20.2,-1875,-1,2.1,,
2026-09-04T00:35:35.000Z,M20-409-2-00781,1472517335,43.51906,4.76029,22314.7,4.2,2.8,287.1,-55.6,0.0,40.5,0x20,405.003,21.5,-1875,-1,2.1,,
2026-09-04T00:35:36.000Z,M20-409-2-00781,1472517336,43.51906,4.76025,22319.6,5.7,3.3,254.0,-55.6,0.0,40.5,0x20,405.003,21.5,-1875,-1,2.1,,
2026-09-04T00:35:37.000Z,M20-409-2-00781,1472517337,43.51904,4.76021,22324.7,4.4,4.7,240.0,-55.6,0.0,40.5,0x20,405.003,21.1,-1875,-1,2.1,,
2026-09-04T00:35:38.000Z,M20-409-2-00781,1472517338,43.51902,4.76016,22329.1,4.5,5.0,237.0,-55.6,0.0,40.4,0x20,405.003,19.2,-1875,-1,2.1,,
2026-09-04T00:35:39.000Z,M20-409-2-00781,1472517339,43.51900,4.76011,22334.5,6.3,3.2,229.4,-55.6,0.0,40.4,0x20,405.003,20.8,-1875,-1,2.1,,
2026-09-04T00:35:40.000Z,M20-409-2-00781,1472517340,43.51899,4.76009,22340.0,4.6,1.0,222.9,-55.6,0.0,40.3,0x20,405.003,23.3,-1875,-1,2.1,,
2026-09-04T00:35:41.000Z,M20-409-2-00781,1472517341,43.51899,4.76009,22344.8,5.2,1.6,341.1,-55.6,0.0,40.3,0x20,405.003,23.3,-1875,-1,2.1,,
2026-09-04T00:35:42.000Z,M20-409-2-00781,1472517342,43.51901,4.76007,22350.2,5.6,4.2,325.1,-55.5,0.0,40.3,0x20,405.003,21.5,-1875,-1,2.1,,
2026-09-04T00:35:43.000Z,M20-409-2-00781,1472517343,43.51904,4.76003,22354.9,3.5,5.6,312.2,-55.5,0.0,40.2,0x20,405.003,4.4,-1875,-1,2.1,,
2026-09-04T00:35:44.000Z,M20-409-2-00781,1472517344,43.51907,4.75998,22359.3,5.3,5.3,307.6,-55.4,0.0,40.2,0x20,405.003,3.8,-1875,-1,2.1,,
2026-09-04T00:35:45.000Z,M20-409-2-00781,1472517345,43.51910,4.75994,22365.0,5.7,2.9,312.4,-55.3,0.0,40.2,0x20,405.003,10.6,-1875,-1,2.1,,
2026-09-04T00:35:46.000Z,M20-409-2-00781,1472517346,43.51911,4.75992,22369.9,4.2,1.3,332.4,-55.3,0.0,40.1,0x20,405.003,16.2,-1875,-1,2.1,,
2026-09-04T00:35:47.000Z,M20-409-2-00781,1472517347,43.51912,4.75991,22375.0,5.8,0.7,296.6,-55.2,0.0,40.1,0x20,405.003,20.8,-1875,-1,2.1,,
2026-09-04T00:35:48.000Z,M20-409-2-00781,1472517348,43.51912,4.75990,22380.5,5.1,2.3,277.2,-55.2,0.0,40.1,0x20,405.003,21.6,-1875,-1,2.1,,
2026-09-04T00:35:49.000Z,M20-409-2-00781,1472517349,43.51912,4.75986,22385.2,4.2,3.4,278.9,-55.2,0.0,40.1,0x20,405.003,21.6,-1875,-1,2.1,,
2026-09-04T00:35:50.000Z,M20-409-2-00781,1472517350,43.51913,4.75982,22390.4,6.4,2.9,292.4,-55.2,0.0,40.0,0x20,405.003,21.6,-1875,-1,2.1,,
2026-09-04T00:35:51.000Z,M20-409-2-00781,1472517351,43.51914,4.75980,22395.5,3.8,2.0,315.2,-55.2,0.0,40.0,0x20,405.003,20.2,-1875,-1,2.1,,
2026-09-04T00:35:52.000Z,M20-409-2-00781,1472517352,43.51916,4.75978,22400.1,5.5,2.6,324.7,-55.3,0.0,40.0,0x20,405.003,18.4,-1875,-1,2.1,,
2026-09-04T00:35:53.000Z,M20-409-2-00781,1472517353,43.51918,4.75975,22405.6,5.6,4.1,307.6,-55.3,0.0,39.9,0x20,405.003,19.8,-1875,-1,2.1,,
2026-09-04T00:35:54.000Z,M20-409-2-00781,1472517354,43.51920,4.75970,22411.0,5.0,4.8,298.4,-55.4,0.0,39.9,0x20,405.003,20.4,-1875,-1,2.1,,
2026-09-04T00:35:55.000Z,M20-409-2-00781,1472517355,43.51922,4.75966,22416.6,6.1,3.3,292.4,-55.4,0.0,39.9,0x20,405.003,20.4,-1875,-1,2.1,,
2026-09-04T00:35:56.000Z,M20-409-2-00781,1472517356,43.51922,4.75963,22422.2,4.5,1.2,293.8,-55.4,0.0,39.8,0x20,405.003,6.9,-1875,-1,2.1,,
2026-09-04T00:35:57.000Z,M20-409-2-00781,1472517357,43.51923,4.75963,22426.3,3.9,0.6,21.6,-55.5,0.0,39.8,0x20,405.003,3.8,-1875,-1,2.1,,
2026-09-04T00:35:58.000Z,M20-409-2-00781,1472517358,43.51924,4.75962,22431.2,6.0,1.9,343.0,-55.5,0.0,39.8,0x20,405.003,11.1,-1875,-1,2.1,,
2026-09-04T00:35:59.000Z,M20-409-2-00781,1472517359,43.51926,4.75960,22436.5,5.2,3.9,319.0,-55.5,0.0,39.7,0x20,405.003,17.1,-1875,-1,2.1,,
2026-09-04T00:36:00.000Z,M20-409-2-00781,1472517360,43.51929,4.75957,22441.6,4.8,5.0,312.2,-55.5,0.0,39.7,0x20,405.003,21.9,-1875,-1,2.1,,
2026-09-04T00:36:01.000Z,M20-409-2-00781,1472517361,43.51931,4.75952,22446.7,5.8,3.9,307.7,-55.6,0.0,39.7,0x20,405.003,22.7,-1875,-1,2.1,,
2026-09-04T00:36:02.000Z,M20-409-2-00781,1472517362,43.51933,4.75950,22452.2,5.5,1.5,308.3,-55.6,0.0,39.6,0x20,405.003,22.7,-1875,-1,2.1,,
2026-09-04T00:36:03.000Z,M20-409-2-00781,1472517363,43.51933,4.75949,22456.7,3.6,0.5,5.0,-55.6,0.0,39.6,0x20,405.003,22.3,-1875,-1,2.1,,
2026-09-04T00:36:04.000Z,M20-409-2-00781,1472517364,43.51934,4.75949,22461.3,6.1,0.9,349.5,-55.6,0.0,39.6,0x20,405.003,21.2,-1875,-1,2.1,,
2026-09-04T00:36:05.000Z,M20-409-2-00781,1472517365,43.51935,4.75948,22466.7,4.8,2.7,315.1,-55.6,0.0,39.5,0x20,405.003,16.2,-1875,-1,2.1,,
2026-09-04T00:36:06.000Z,M20-409-2-00781,1472517366,43.51937,4.75945,22471.3,4.5,4.3,316.6,-55.6,0.0,39.5,0x20,405.003,20.4,-1875,-1,2.1,,
2026-09-04T00:36:07.000Z,M20-409-2-00781,1472517367,43.51940,4.75942,22476.7,5.8,4.1,331.4,-55.5,0.0,39.5,0x20,405.003,22.9,-1875,-1,2.1,,
2026-09-04T00:36:08.000Z,M20-409-2-00781,1472517368,43.51943,4.75940,22481.7,4.5,2.8,345.6,-55.5,0.0,39.5,0x20,405.003,22.9,-1875,-1,2.1,,
2026-09-04T00:36:09.000Z,M20-409-2-00781,1472517369,43.51945,4.75940,22486.2,4.8,1.0,2.9,-55.4,0.0,39.4,0x20,405.003,4.4,-1875,-1,2.1,,
2026-09-04T00:36:10.000Z,M20-409-2-00781,1472517370,43.51945,4.75939,22491.5,5.9,1.0,244.9,-55.4,0.0,39.4,0x20,405.003,3.6,-1875,-1,2.1,,
2026-09-04T00:36:11.000Z,M20-409-2-00781,1472517371,43.51945,4.75937,22496.9,4.2,2.2,245.1,-55.4,0.0,39.3,0x20,405.003,3.8,-1875,-1,2.1,,
2026-09-04T00:36:12.000Z,M20-409-2-00781,1472517372,43.51944,4.75935,22501.6,5.2,2.0,258.1,-55.4,0.0,39.3,0x20,405.003,20.8,-1875,-1,2.1,,
2026-09-04T00:36:13.000Z,M20-409-2-00781,1472517373,43.51944,4.75934,22507.2,6.3,0.7,351.3,-55.3,0.0,39.3,0x20,405.003,21.7,-1875,-1,2.1,,
2026-09-04T00:36:14.000Z,M20-409-2-00781,1472517374,43.51945,4.75934,22512.6,3.8,1.9,34.2,-55.3,0.0,39.2,0x20,405.003,21.7,-1875,-1,2.1,,
2026-09-04T00:36:15.000Z,M20-409-2-00781,1472517375,43.51948,4.75935,22518.1,6.7,3.0,0.0,-55.3,0.0,39.2,0x20,405.003,17.7,-1875,-1,2.1,,
2026-09-04T00:36:16.000Z,M20-409-2-00781,1472517376,43.51951,4.75933,22524.2,5.1,4.3,325.9,-55.3,0.0,39.2,0x20,405.003,19.3,-1875,-1,2.1,,
2026-09-04T00:36:17.000Z,M20-409-2-00781,1472517377,43.51953,4.75929,22529.2,5.0,5.0,303.4,-55.2,0.0,39.1,0x20,405.003,22.4,-1875,-1,2.1,,
2026-09-04T00:36:18.000Z,M20-409-2-00781,1472517378,43.51955,4.75924,22535.0,6.4,3.8,280.6,-55.2,0.0,39.1,0x20,405.003,22.4,-1875,-1,2.1,,
2026-09-04T00:36:19.000Z,M20-409-2-00781,1472517379,43.51955,4.75920,22540.4,4.2,2.8,255.4,-55.2,0.0,39.1,0x20,405.003,21.2,-1875,-1,2.1,,
2026-09-04T00:36:20.000Z,M20-409-2-00781,1472517380,43.51954,4.75917,22545.2,5.5,3.2,241.2,-55.2,0.0,39.0,0x20,405.003,21.2,-1875,-1,2.1,,
2026-09-04T00:36:21.000Z,M20-409-2-00781,1472517381,43.51953,4.75913,22550.9,5.9,4.1,253.6,-55.2,0.0,39.0,0x20,405.003,16.5,-1875,-1,2.1,,
2026-09-04T00:36:22.000Z,M20-409-2-00781,1472517382,43.51952,4.75907,22556.2,4.8,4.3,264.9,-55.1,0.0,39.0,0x20,405.003,4.5,-1875,-1,2.1,,
2026-09-04T00:36:23.000Z,M20-409-2-00781,1472517383,43.51952,4.75903,22561.2,5.4,3.1,279.4,-55.1,0.0,39.0,0x20,405.003,4.1,-1875,-1,2.1,,
2026-09-04T00:36:24.000Z,M20-409-2-00781,1472517384,43.51953,4.75901,22566.9,5.9,1.2,333.0,-55.1,0.0,38.9,0x20,405.003,16.7,-1875,-1,2.1,,
2026-09-04T00:36:25.000Z,M20-409-2-00781,1472517385,43.51954,4.75901,22571.7,4.0,1.3,32.3,-55.1,0.0,38.9,0x20,405.003,16.7,-1875,-1,2.1,,
2026-09-04T00:36:26.000Z,M20-409-2-00781,1472517386,43.51955,4.75901,22576.2,5.2,1.0,339.9,-55.0,0.0,38.9,0x20,405.003,15.9,-1875,-1,2.1,,
2026-09-04T00:36:27.000Z,M20-409-2-00781,1472517387,43.51956,4.75898,22581.6,5.8,3.7,287.0,-55.0,0.0,38.8,0x20,405.003,16.3,-1875,-1,2.1,,
2026-09-04T00:36:28.000Z,M20-409-2-00781,1472517388,43.51957,4.75893,22586.5,4.2,6.0,282.1,-54.9,0.0,38.8,0x20,405.003,16.8,-1875,-1,2.1,,
2026-09-04T00:36:29.000Z,M20-409-2-00781,1472517389,43.51958,4.75885,22591.1,5.2,6.1,277.2,-54.9,0.0,38.8,0x20,405.003,16.8,-1875,-1,2.1,,
2026-09-04T00:36:30.000Z,M20-409-2-00781,1472517390,43.51958,4.75879,22597.0,6.5,3.7,261.5,-54.9,0.0,38.7,0x20,405.003,19.2,-1875,-1,2.1,,
2026-09-04T00:36:31.000Z,M20-409-2-00781,1472517391,43.51957,4.75876,22602.3,4.2,2.0,223.6,-54.8,0.0,38.7,0x20,405.003,19.2,-1875,-1,2.1,,
2026-09-04T00:36:32.000Z,M20-409-2-00781,1472517392,43.51956,4.75875,22606.8,4.5,1.2,167.0,-54.8,0.0,38.7,0x20,405.003,18.9,-1875,-1,2.1,,
2026-09-04T00:36:33.000Z,M20-409-2-00781,1472517393,43.51956,4.75875,22612.2,6.2,1.1,347.9,-54.8,0.0,38.6,0x20,405.003,17.0,-1875,-1,2.1,,
2026-09-04T00:36:34.000Z,M20-409-2-00781,1472517394,43.51958,4.75874,22617.3,3.8,3.3,331.6,-54.7,0.0,38.6,0x20,405.003,14.4,-1875,-1,2.1,,
2026-09-04T00:36:35.000Z,M20-409-2-00781,1472517395,43.51961,4.75872,22621.2,4.2,4.6,327.9,-54.7,0.0,38.6,0x20,405.003,4.2,-1875,-1,2.1,,
2026-09-04T00:36:36.000Z,M20-409-2-00781,1472517396,43.51964,4.75869,22626.2,6.0,3.5,326.3,-54.7,0.0,38.5,0x20,405.003,3.8,-1875,-1,2.1,,
2026-09-04T00:36:37.000Z,M20-409-2-00781,1472517397,43.51966,4.75867,22631.8,5.2,1.6,317.1,-54.7,0.0,38.5,0x20,405.003,13.1,-1875,-1,2.1,,
2026-09-04T00:36:38.000Z,M20-409-2-00781,1472517398,43.51966,4.75866,22636.8,4.8,1.4,259.4,-54.7,0.0,38.5,0x20,405.003,16.2,-1875,-1,2.1,,
2026-09-04T00:36:39.000Z,M20-409-2-00781,1472517399,43.51966,4.75863,22642.1,6.0,3.1,263.4,-54.7,0.0,38.5,0x20,405.003,16.2,-1875,-1,2.1,,
2026-09-04T00:36:40.000Z,M20-409-2-00781,1472517400,43.51966,4.75858,22647.4,4.6,4.3,277.0,-54.7,0.0,38.4,0x20,405.003,17.5,-1875,-1,2.1,,
2026-09-04T00:36:41.000Z,M20-409-2-00781,1472517401,43.51967,4.75853,22652.4,5.6,4.2,296.4,-54.7,0.0,38.4,0x20,405.003,19.1,-1875,-1,2.1,,
2026-09-04T00:36:42.000Z,M20-409-2-00781,1472517402,43.51969,4.75850,22658.2,5.9,2.8,334.6,-54.7,0.0,38.4,0x20,405.003,20.4,-1875,-1,2.1,,
2026-09-04T00:36:43.000Z,M20-409-2-00781,1472517403,43.51971,4.75850,22662.9,3.6,2.7,11.4,-54.7,0.0,38.3,0x20,405.003,21.2,-1875,-1,2.1,,
2026-09-04T00:36:44.000Z,M20-409-2-00781,1472517404,43.51974,4.75851,22668.0,6.4,3.2,16.0,-54.8,0.0,38.3,0x20,405.003,21.2,-1875,-1,2.1,,
2026-09-04T00:36:45.000Z,M20-409-2-00781,1472517405,43.51977,4.75851,22673.4,4.5,3.3,344.9,-54.8,0.0,38.2,0x20,405.003,19.2,-1875,-1,2.1,,
2026-09-04T00:36:46.000Z,M20-409-2-00781,1472517406,43.51979,4.75849,22677.9,4.6,3.6,319.9,-54.8,0.0,38.2,0x20,405.003,19.2,-1875,-1,2.1,,
2026-09-04T00:36:47.000Z,M20-409-2-00781,1472517407,43.51982,4.75846,22683.3,6.1,2.8,311.8,-54.8,0.0,38.2,0x20,405.003,16.8,-1875,-1,2.1,,
2026-09-04T00:36:48.000Z,M20-409-2-00781,1472517408,43.51983,4.75844,22688.5,4.1,2.1,315.6,-54.8,0.0,38.2,0x20,405.003,4.4,-1875,-1,2.1,,
2026-09-04T00:36:49.000Z,M20-409-2-00781,1472517409,43.51984,4.75842,22693.3,5.6,2.3,309.2,-54.9,0.0,38.1,0x20,405.003,4.4,-1500,-1,2.1,,
2026-09-04T00:36:50.000Z,M20-409-2-00781,1472517410,43.51986,4.75839,22698.8,5.5,3.6,301.5,-54.9,0.0,38.1,0x20,405.003,18.1,-1875,-1,2.1,,
2026-09-04T00:36:51.000Z,M20-409-2-00781,1472517411,43.51988,4.75835,22704.2,5.3,3.5,304.5,-54.9,0.0,38.1,0x20,405.003,21.3,-1875,-1,2.1,,
2026-09-04T00:36:52.000Z,M20-409-2-00781,1472517412,43.51989,4.75833,22709.6,5.8,1.7,329.3,-54.9,0.0,38.0,0x20,405.003,21.3,-1875,-1,2.1,,
2026-09-04T00:36:53.000Z,M20-409-2-00781,1472517413,43.51990,4.75833,22714.9,5.0,1.8,65.4,-54.9,0.0,38.0,0x20,405.003,21.2,-1875,-1,2.1,,
2026-09-04T00:36:54.000Z,M20-409-2-00781,1472517414,43.51991,4.75836,22719.3,3.8,2.8,78.6,-54.9,0.0,38.0,0x20,405.003,21.4,-1875,-1,2.1,,
2026-09-04T00:36:55.000Z,M20-409-2-00781,1472517415,43.51992,4.75838,22724.4,6.2,1.8,44.6,-55.0,0.0,37.9,0x20,405.003,21.4,-1875,-1,2.1,,
2026-09-04T00:36:56.000Z,M20-409-2-00781,1472517416,43.51993,4.75838,22730.0,5.1,2.7,327.4,-55.0,0.0,37.9,0x20,405.003,18.8,-1875,-1,2.1,,
2026-09-04T00:36:57.000Z,M20-409-2-00781,1472517417,43.51996,4.75835,22734.2,3.4,4.8,310.2,-55.0,0.0,37.9,0x20,405.003,16.6,-1875,-1,2.1,,
2026-09-04T00:36:58.000Z,M20-409-2-00781,1472517418,43.51998,4.75830,22738.4,4.9,4.8,306.8,-55.0,0.0,37.9,0x20,405.003,18.7,-1875,-1,2.1,,
2026-09-04T00:36:59.000Z,M20-409-2-00781,1472517419,43.52000,4.75827,22744.0,6.4,2.3,320.6,-55.0,0.0,37.8,0x20,405.003,18.7,-1875,-1,2.1,,
2026-09-04T00:37:00.000Z,M20-409-2-00781,1472517420,43.52002,4.75827,22748.9,3.5,0.8,52.4,-55.1,0.0,37.8,0x20,405.003,18.7,-1500,-1,2.1,,
2026-09-04T00:37:01.000Z,M20-409-2-00781,1472517421,43.52002,4.75828,22752.7,4.1,2.2,88.5,-55.1,0.0,37.8,0x20,405.003,6.9,-1500,-1,2.1,,
2026-09-04T00:37:02.000Z,M20-409-2-00781,1472517422,43.52002,4.75831,22758.2,6.8,1.3,67.1,-55.1,0.0,37.8,0x20,405.003,6.5,-1875,-1,2.1,,
2026-09-04T00:37:03.000Z,M20-409-2-00781,1472517423,43.52003,4.75831,22763.7,3.9,1.0,332.9,-55.1,0.0,37.7,0x20,405.003,16.6,-1875,-1,2.1,,
2026-09-04T00:37:04.000Z,M20-409-2-00781,1472517424,43.52003,4.75830,22768.2,5.2,1.9,299.2,-55.1,0.0,37.7,0x20,405.003,16.9,-1500,-1,2.1,,
2026-09-04T00:37:05.000Z,M20-409-2-00781,1472517425,43.52004,4.75828,22774.0,5.9,0.9,288.4,-55.2,0.0,37.6,0x20,405.003,19.9,-1500,-1,2.1,,
2026-09-04T00:37:06.000Z,M20-409-2-00781,1472517426,43.52004,4.75828,22779.1,4.7,0.4,230.6,-55.2,0.0,37.6,0x20,405.003,21.4,-1875,-1,2.1,,
2026-09-04T00:37:07.000Z,M20-409-2-00781,1472517427,43.52004,4.75827,22784.5,6.1,0.8,288.9,-55.2,0.0,37.6,0x20,405.003,21.4,-1875,-1,2.1,,
2026-09-04T00:37:08.000Z,M20-409-2-00781,1472517428,43.52005,4.75825,22789.8,4.7,2.0,303.0,-55.2,0.0,37.5,0x20,405.003,19.8,-1875,-1,2.1,,
2026-09-04T00:37:09.000Z,M20-409-2-00781,1472517429,43.52005,4.75823,22794.6,4.8,2.0,290.2,-55.2,0.0,37.5,0x20,405.003,22.1,-1875,-1,2.1,,
2026-09-04T00:37:10.000Z,M20-409-2-00781,1472517430,43.52005,4.75822,22799.9,5.5,0.8,183.7,-55.2,0.0,37.5,0x20,405.003,22.1,-1875,-1,2.1,,
2026-09-04T00:37:11.000Z,M20-409-2-00781,1472517431,43.52004,4.75823,22805.1,5.0,2.8,139.5,-55.2,0.0,37.5,0x20,405.003,19.9,-1875,-1,2.1,,
2026-09-04T00:37:12.000Z,M20-409-2-00781,1472517432,43.52002,4.75826,22809.7,4.5,3.2,138.6,-55.2,0.0,37.4,0x20,405.003,18.7,-1875,-1,2.1,,
2026-09-04T00:37:13.000Z,M20-409-2-00781,1472517433,43.52000,4.75827,22814.6,5.3,1.5,166.6,-55.2,0.0,37.4,0x20,405.003,3.9,-1875,-1,2.1,,
2026-09-04T00:37:14.000Z,M20-409-2-00781,1472517434,43.52000,4.75826,22820.1,5.6,2.6,274.4,-55.2,0.0,37.4,0x20,405.003,3.9,-1875,-1,2.1,,
2026-09-04T00:37:15.000Z,M20-409-2-00781,1472517435,43.52000,4.75822,22824.9,3.8,4.5,289.0,-55.2,0.0,37.4,0x20,405.003,10.9,-1500,-1,2.1,,
2026-09-04T00:37:16.000Z,M20-409-2-00781,1472517436,43.52002,4.75817,22829.8,6.2,4.1,295.6,-55.2,0.0,37.3,0x20,405.003,17.6,-1500,-1,2.1,,
2026-09-04T00:37:17.000Z,M20-409-2-00781,1472517437,43.52003,4.75814,22836.0,6.2,0.6,286.6,-55.2,0.0,37.3,0x20,405.003,22.0,-1500,-1,2.1,,
2026-09-04T00:37:18.000Z,M20-409-2-00781,1472517438,43.52002,4.75815,22840.7,3.5,2.1,128.9,-55.2,0.0,37.3,0x20,405.003,22.0,-1500,-1,2.1,,
2026-09-04T00:37:19.000Z,M20-409-2-00781,1472517439,43.52001,4.75817,22845.1,5.6,3.5,138.1,-55.2,0.0,37.2,0x20,405.003,20.0,-1500,-1,2.1,,
2026-09-04T00:37:20.000Z,M20-409-2-00781,1472517440,43.51998,4.75819,22850.7,5.4,2.7,168.2,-55.1,0.0,37.2,0x20,405.003,15.0,-1875,-1,2.1,,
2026-09-04T00:37:21.000Z,M20-409-2-00781,1472517441,43.51996,4.75819,22854.9,3.3,2.7,203.1,-55.1,0.0,37.2,0x20,405.003,17.9,-1875,-1,2.1,,
2026-09-04T00:37:22.000Z,M20-409-2-00781,1472517442,43.51994,4.75817,22859.2,5.2,3.1,214.6,-55.1,0.0,37.1,0x20,405.003,19.5,-1875,-1,2.1,,
2026-09-04T00:37:23.000Z,M20-409-2-00781,1472517443,43.51991,4.75815,22864.5,5.3,2.9,204.8,-55.0,0.0,37.1,0x20,405.003,19.8,-1875,-1,2.1,,
2026-09-04T00:37:24.000Z,M20-409-2-00781,1472517444,43.51989,4.75814,22869.3,4.6,2.3,194.9,-55.0,0.0,37.1,0x20,405.003,19.8,-1875,-1,2.1,,
2026-09-04T00:37:25.000Z,M20-409-2-00781,1472517445,43.51988,4.75813,22874.4,5.7,1.5,220.2,-55.0,0.0,37.0,0x20,405.003,17.6,-1875,-1,2.1,,
2026-09-04T00:37:26.000Z,M20-409-2-00781,1472517446,43.51987,4.75811,22879.8,5.1,2.1,269.5,-54.9,0.0,37.0,0x20,405.003,3.8,-1875,-1,2.1,,
2026-09-04T00:37:27.000Z,M20-409-2-00781,1472517447,43.51988,4.75808,22884.7,4.8,1.9,291.0,-54.9,0.0,37.0,0x20,405.003,3.8,-1875,-1,2.1,,
2026-09-04T00:37:28.000Z,M20-409-2-00781,1472517448,43.51988,4.75808,22890.2,6.2,0.5,78.3,-54.8,0.0,37.0,0x20,405.003,13.8,-1875,-1,2.1,,
2026-09-04T00:37:29.000Z,M20-409-2-00781,1472517449,43.51988,4.75809,22895.0,3.6,2.4,115.6,-54.7,0.0,36.9,0x20,405.003,17.7,-1875,-1,2.1,,
2026-09-04T00:37:30.000Z,M20-409-2-00781,1472517450,43.51986,4.75812,22899.8,5.9,3.1,137.5,-54.7,0.0,36.9,0x20,405.003,17.7,-1875,-1,2.1,,
2026-09-04T00:37:31.000Z,M20-409-2-00781,1472517451,43.51984,4.75813,22905.9,6.2,2.4,187.4,-54.6,0.0,36.9,0x20,405.003,16.4,-1875,-1,2.1,,
2026-09-04T00:37:32.000Z,M20-409-2-00781,1472517452,43.51982,4.75812,22911.0,3.8,3.0,228.6,-54.6,0.0,36.8,0x20,405.003,20.3,-1875,-1,2.1,,
2026-09-04T00:37:33.000Z,M20-409-2-00781,1472517453,43.51980,4.75808,22916.2,6.3,3.3,240.1,-54.6,0.0,36.8,0x20,405.003,20.3,-1875,-1,2.1,,
2026-09-04T00:37:34.000Z,M20-409-2-00781,1472517454,43.51979,4.75805,22921.5,4.4,2.4,230.4,-54.6,0.0,36.8,0x20,405.003,20.0,-1875,-1,2.1,,
2026-09-04T00:37:35.000Z,M20-409-2-00781,1472517455,43.51978,4.75804,22926.6,6.1,0.9,260.9,-54.5,0.0,36.7,0x20,405.003,20.0,-1875,-1,2.1,,
2026-09-04T00:37:36.000Z,M20-409-2-00781,1472517456,43.51979,4.75802,22932.2,5.0,2.0,313.8,-54.5,0.0,36.7,0x20,405.003,16.4,-1875,-1,2.1,,
2026-09-04T00:37:37.000Z,M20-409-2-00781,1472517457,43.51980,4.75800,22936.5,3.9,2.5,315.5,-54.5,0.0,36.7,0x20,405.003,16.1,-1875,-1,2.1,,
2026-09-04T00:37:38.000Z,M20-409-2-00781,1472517458,43.51981,4.75799,22941.3,5.6,0.7,307.3,-54.5,0.0,36.7,0x20,405.003,5.1,-1875,-1,2.1,,
2026-09-04T00:37:39.000Z,M20-409-2-00781,1472517459,43.51981,4.75799,22946.3,4.7,1.6,149.2,-54.4,0.0,36.6,0x20,405.003,4.7,-1875,-1,2.1,,
2026-09-04T00:37:40.000Z,M20-409-2-00781,1472517460,43.51979,4.75801,22950.8,4.2,2.7,150.4,-54.4,0.0,36.6,0x20,405.003,4.7,-1875,-1,2.1,,
2026-09-04T00:37:41.000Z,M20-409-2-00781,1472517461,43.51977,4.75801,22956.0,6.3,1.8,180.0,-54.4,0.0,36.6,0x20,405.003,11.1,-1875,-1,2.1,,
2026-09-04T00:37:42.000Z,M20-409-2-00781,1472517462,43.51976,4.75800,22961.7,5.0,2.4,257.7,-54.5,0.0,36.5,0x20,405.003,20.7,-1500,-1,2.1,,
2026-09-04T00:37:43.000Z,M20-409-2-00781,1472517463,43.51976,4.75796,22966.0,3.5,3.9,274.1,-54.5,0.0,36.5,0x20,405.003,21.9,-1500,-1,2.1,,
2026-09-04T00:37:44.000Z,M20-409-2-00781,1472517464,43.51976,4.75791,22970.9,6.8,3.5,276.6,-54.5,0.0,36.5,0x20,405.003,21.9,-1875,-1,2.1,,
2026-09-04T00:37:45.000Z,M20-409-2-00781,1472517465,43.51976,4.75788,22976.5,4.3,1.9,263.1,-54.5,0.0,36.5,0x20,405.003,20.6,-1875,-1,2.1,,
2026-09-04T00:37:46.000Z,M20-409-2-00781,1472517466,43.51976,4.75786,22981.3,5.7,1.1,224.6,-54.5,0.0,36.4,0x20,405.003,21.7,-1500,-1,2.1,,
2026-09-04T00:37:47.000Z,M20-409-2-00781,1472517467,43.51975,4.75785,22987.1,6.1,1.5,254.4,-54.5,0.0,36.4,0x20,405.003,22.6,-1500,-1,2.1,,
2026-09-04T00:37:48.000Z,M20-409-2-00781,1472517468,43.51975,4.75783,22992.2,4.3,2.0,270.3,-54.5,0.0,36.4,0x20,405.003,22.6,-1875,-1,2.1,,
2026-09-04T00:37:49.000Z,M20-409-2-00781,1472517469,43.51975,4.75781,22997.2,5.7,1.4,262.9,-54.5,0.0,36.3,0x20,405.003,20.8,-1875,-1,2.1,,
2026-09-04T00:37:50.000Z,M20-409-2-00781,1472517470,43.51975,4.75780,23002.6,5.2,0.6,207.4,-54.5,0.0,36.3,0x20,405.003,18.2,-1875,-1,2.1,,
2026-09-04T00:37:51.000Z,M20-409-2-00781,1472517471,43.51975,4.75779,23007.9,5.4,0.5,278.9,-54.5,0.0,36.3,0x20,405.003,9.5,-1875,-1,2.1,,
2026-09-04T00:37:52.000Z,M20-409-2-00781,1472517472,43.51975,4.75778,23013.5,6.1,2.8,299.4,-54.5,0.0,36.2,0x20,405.003,3.8,-1875,-1,2.1,,
2026-09-04T00:37:53.000Z,M20-409-2-00781,1472517473,43.51977,4.75774,23018.5,3.8,4.6,299.5,-54.5,0.0,36.2,0x20,405.003,2.9,-1875,-1,2.1,,
2026-09-04T00:37:54.000Z,M20-409-2-00781,1472517474,43.51979,4.75769,23023.1,5.5,5.2,304.5,-54.5,0.0,36.2,0x20,405.003,14.8,-1875,-1,2.1,,
2026-09-04T00:37:55.000Z,M20-409-2-00781,1472517475,43.51982,4.75765,23028.8,5.7,3.4,317.9,-54.6,0.0,36.1,0x20,405.003,18.1,-1875,-1,2.1,,
2026-09-04T00:37:56.000Z,M20-409-2-00781,1472517476,43.51984,4.75763,23033.6,3.6,1.7,342.3,-54.6,0.0,36.1,0x20,405.003,18.1,-1875,-1,2.1,,
2026-09-04T00:37:57.000Z,M20-409-2-00781,1472517477,43.51985,4.75762,23038.0,5.2,1.1,355.6,-54.6,0.0,36.1,0x20,405.003,17.3,-1500,-1,2.1,,
2026-09-04T00:37:58.000Z,M20-409-2-00781,1472517478,43.51986,4.75761,23043.7,6.2,2.2,308.6,-54.7,0.0,36.1,0x20,405.003,17.3,-1500,-1,2.1,,
2026-09-04T00:37:59.000Z,M20-409-2-00781,1472517479,43.51987,4.75758,23049.0,4.4,3.5,290.8,-54.7,0.0,36.0,0x20,405.003,18.8,-1500,-1,2.1,,
2026-09-04T00:38:00.000Z,M20-409-2-00781,1472517480,43.51988,4.75754,23053.7,5.3,3.8,274.6,-54.7,0.0,36.0,0x20,405.003,19.5,-1875,-1,2.1,,
2026-09-04T00:38:01.000Z,M20-409-2-00781,1472517481,43.51987,4.75750,23059.2,5.6,2.7,256.8,-54.8,0.0,36.0,0x20,405.003,19.5,-1875,-1,2.1,,
2026-09-04T00:38:02.000Z,M20-409-2-00781,1472517482,43.51987,4.75747,23064.6,5.1,2.0,248.1,-54.8,0.0,35.9,0x20,405.003,19.5,-1875,-1,2.1,,
2026-09-04T00:38:03.000Z,M20-409-2-00781,1472517483,43.51987,4.75744,23070.3,6.8,3.0,273.0,-54.9,0.0,35.9,0x20,405.003,17.2,-1875,-1,2.1,,
2026-09-04T00:38:04.000Z,M20-409-2-00781,1472517484,43.51987,4.75740,23075.5,3.4,4.2,284.5,-54.9,0.0,35.9,0x20,405.003,7.1,-1875,-1,2.1,,
2026-09-04T00:38:05.000Z,M20-409-2-00781,1472517485,43.51989,4.75735,23079.8,5.0,4.5,297.3,-54.9,0.0,35.9,0x20,405.003,4.4,-1875,-1,2.1,,
2026-09-04T00:38:06.000Z,M20-409-2-00781,1472517486,43.51990,4.75731,23085.3,5.9,2.7,308.2,-55.0,0.0,35.8,0x20,405.003,4.4,-1875,-1,2.1,,
2026-09-04T00:38:07.000Z,M20-409-2-00781,1472517487,43.51991,4.75729,23090.9,5.1,1.5,315.8,-55.0,0.0,35.8,0x20,405.003,17.0,-1500,-1,2.1,,
2026-09-04T00:38:08.000Z,M20-409-2-00781,1472517488,43.51992,4.75727,23096.7,6.4,1.9,284.9,-55.0,0.0,35.8,0x20,405.003,17.0,-1500,-1,2.1,,
2026-09-04T00:38:09.000Z,M20-409-2-00781,1472517489,43.51992,4.75724,23102.1,4.5,3.7,271.2,-55.0,0.0,35.7,0x20,405.003,16.9,-1875,-1,2.1,,
2026-09-04T00:38:10.000Z,M20-409-2-00781,1472517490,43.51992,4.75719,23106.2,4.3,4.6,264.4,-55.1,0.0,35.7,0x20,405.003,18.9,-1875,-1,2.1,,
2026-09-04T00:38:11.000Z,M20-409-2-00781,1472517491,43.51991,4.75714,23111.6,5.9,3.6,249.1,-55.1,0.0,35.7,0x20,405.003,18.9,-1500,-1,2.1,,
2026-09-04T00:38:12.000Z,M20-409-2-00781,1472517492,43.51990,4.75711,23117.0,4.9,2.2,218.9,-55.1,0.0,35.6,0x20,405.003,20.6,-1500,-1,2.1,,
2026-09-04T00:38:13.000Z,M20-409-2-00781,1472517493,43.51989,4.75710,23121.7,4.6,1.8,217.3,-55.1,0.0,35.6,0x20,405.003,20.6,-1500,-1,2.1,,
2026-09-04T00:38:14.000Z,M20-409-2-00781,1472517494,43.51988,4.75707,23127.0,5.8,2.6,256.8,-55.2,0.0,35.6,0x20,405.003,18.8,-1500,-1,2.1,,
2026-09-04T00:38:15.000Z,M20-409-2-00781,1472517495,43.51988,4.75703,23132.3,4.7,4.4,270.5,-55.2,0.0,35.6,0x20,405.003,17.6,0,-1,2.1,,
2026-09-04T00:38:16.000Z,M20-409-2-00781,1472517496,43.51988,4.75697,23136.8,4.6,5.0,272.7,-55.2,0.0,35.5,0x20,405.003,17.9,-1875,-1,2.1,,
2026-09-04T00:38:17.000Z,M20-409-2-00781,1472517497,43.51988,4.75692,23142.5,6.4,3.3,267.4,-55.2,0.0,35.5,0x20,405.003,14.5,-1875,-1,2.1,,
2026-09-04T00:38:18.000Z,M20-409-2-00781,1472517498,43.51988,4.75689,23147.5,3.7,1.6,253.7,-55.2,0.0,35.5,0x20,405.003,14.5,-1125,-1,2.1,,
2026-09-04T00:38:19.000Z,M20-409-2-00781,1472517499,43.51987,4.75688,23152.0,5.1,0.6,252.5,-55.3,0.0,35.5,0x20,405.003,5.0,-1125,-1,2.1,,
2026-09-04T00:38:20.000Z,M20-409-2-00781,1472517500,43.51987,4.75686,23157.7,6.3,2.2,279.6,-55.3,0.0,35.4,0x20,405.003,16.4,-1500,-1,2.1,,
2026-09-04T00:38:21.000Z,M20-409-2-00781,1472517501,43.51988,4.75682,23162.7,4.1,3.9,276.4,-55.3,0.0,35.4,0x20,405.003,21.4,-1500,-1,2.1,,
2026-09-04T00:38:22.000Z,M20-409-2-00781,1472517502,43.51988,4.75677,23167.4,5.2,4.7,263.3,-55.3,0.0,35.4,0x20,405.003,21.4,-1125,-1,2.1,,
2026-09-04T00:38:23.000Z,M20-409-2-00781,1472517503,43.51987,4.75672,23172.7,5.5,4.2,240.3,-55.4,0.0,35.3,0x20,405.003,21.5,-1125,-1,2.1,,
2026-09-04T00:38:24.000Z,M20-409-2-00781,1472517504,43.51984,4.75668,23177.5,3.8,4.2,224.6,-55.4,0.0,35.3,0x20,405.003,21.8,-1125,-1,2.1,,
2026-09-04T00:38:25.000Z,M20-409-2-00781,1472517505,43.51982,4.75664,23182.5,5.9,4.7,232.1,-55.4,0.0,35.3,0x20,405.003,21.8,-1125,-1,2.1,,
2026-09-04T00:38:26.000Z,M20-409-2-00781,1472517506,43.51980,4.75658,23188.2,5.6,5.6,254.3,-55.4,0.0,35.2,0x20,405.003,19.0,-1125,-1,2.1,,
2026-09-04T00:38:27.000Z,M20-409-2-00781,1472517507,43.51979,4.75652,23193.5,4.9,5.9,272.9,-55.4,0.0,35.2,0x20,405.003,19.0,0,-1,2.1,,
2026-09-04T00:38:28.000Z,M20-409-2-00781,1472517508,43.51980,4.75645,23199.1,6.3,4.5,294.5,-55.4,0.0,35.2,0x20,405.003,19.6,-1125,-1,2.1,,
2026-09-04T00:38:29.000Z,M20-409-2-00781,1472517509,43.51982,4.75641,23204.0,3.6,3.2,309.1,-55.4,0.0,35.2,0x20,405.003,19.6,-1125,-1,2.1,,
2026-09-04T00:38:30.000Z,M20-409-2-00781,1472517510,43.51983,4.75638,23208.8,5.8,2.3,292.9,-55.3,0.0,35.1,0x20,405.003,19.6,-1125,-1,2.1,,
2026-09-04T00:38:31.000Z,M20-409-2-00781,1472517511,43.51983,4.75635,23214.6,5.6,4.0,264.4,-55.3,0.0,35.1,0x20,405.003,5.4,-1125,-1,2.1,,
2026-09-04T00:38:32.000Z,M20-409-2-00781,1472517512,43.51982,4.75629,23219.2,3.3,6.0,255.8,-55.4,0.0,35.1,0x20,405.003,5.4,-1125,-1,2.1,,
2026-09-04T00:38:33.000Z,M20-409-2-00781,1472517513,43.51980,4.75621,23223.3,4.8,6.5,247.8,-55.4,0.0,35.0,0x20,405.003,17.7,-1125,-1,2.1,,
2026-09-04T00:38:34.000Z,M20-409-2-00781,1472517514,43.51978,4.75615,23229.0,6.6,4.6,243.7,-55.4,0.0,35.0,0x20,405.003,19.1,-1125,-1,2.1,,
2026-09-04T00:38:35.000Z,M20-409-2-00781,1472517515,43.51977,4.75611,23234.3,3.9,2.9,250.4,-55.4,0.0,35.0,0x20,405.003,19.7,-1125,-1,2.1,,
2026-09-04T00:38:36.000Z,M20-409-2-00781,1472517516,43.51977,4.75608,23238.6,4.8,2.6,295.5,-55.4,0.0,35.0,0x20,405.003,19.7,-1125,-1,2.1,,
2026-09-04T00:38:37.000Z,M20-409-2-00781,1472517517,43.51979,4.75604,23243.7,5.5,5.0,310.4,-55.4,0.0,34.9,0x20,405.003,17.8,-1125,-1,2.1,,
2026-09-04T00:38:38.000Z,M20-409-2-00781,1472517518,43.51983,4.75598,23248.4,3.9,6.8,311.3,-55.4,0.0,34.9,0x20,405.003,17.2,-1125,-1,2.1,,
2026-09-04T00:38:39.000Z,M20-409-2-00781,1472517519,43.51987,4.75592,23253.4,6.0,6.8,318.9,-55.4,0.0,34.9,0x20,405.003,18.8,-1125,-1,2.1,,
2026-09-04T00:38:40.000Z,M20-409-2-00781,1472517520,43.51991,4.75588,23259.2,5.6,4.7,329.7,-55.4,0.0,34.9,0x20,405.003,18.8,-1125,-1,2.1,,
2026-09-04T00:38:41.000Z,M20-409-2-00781,1472517521,43.51994,4.75586,23264.3,4.3,2.0,332.8,-55.5,0.0,34.8,0x20,405.003,17.0,-1125,-1,2.1,,
2026-09-04T00:38:42.000Z,M20-409-2-00781,1472517522,43.51994,4.75585,23268.8,4.9,2.0,214.1,-55.4,0.0,34.8,0x20,405.003,16.5,-1125,-1,2.1,,
2026-09-04T00:38:43.000Z,M20-409-2-00781,1472517523,43.51991,4.75582,23273.5,4.5,4.9,216.4,-55.4,0.0,34.8,0x20,405.003,16.5,-1125,-1,2.1,,
2026-09-04T00:38:44.000Z,M20-409-2-00781,1472517524,43.51988,4.75578,23278.2,4.8,5.8,233.8,-55.4,0.0,34.8,0x20,405.003,4.2,-1125,-1,2.1,,
2026-09-04T00:38:45.000Z,M20-409-2-00781,1472517525,43.51987,4.75572,23283.7,6.3,4.8,277.1,-55.4,0.0,34.7,0x20,405.003,3.4,-1125,-1,2.1,,
2026-09-04T00:38:46.000Z,M20-409-2-00781,1472517526,43.51989,4.75567,23289.3,5.0,5.5,328.5,-55.4,0.0,34.7,0x20,405.003,16.9,-1125,-1,2.1,,
2026-09-04T00:38:47.000Z,M20-409-2-00781,1472517527,43.51994,4.75565,23292.9,2.4,7.1,351.9,-55.4,0.0,34.7,0x20,405.003,19.5,-1125,-1,2.1,,
2026-09-04T00:38:48.000Z,M20-409-2-00781,1472517528,43.52001,4.75564,23296.7,5.2,7.2,357.9,-55.4,0.0,34.6,0x20,405.003,20.4,-1125,-1,2.1,,
2026-09-04T00:38:49.000Z,M20-409-2-00781,1472517529,43.52006,4.75563,23303.0,7.3,4.3,335.9,-55.4,0.0,34.6,0x20,405.003,20.4,-1125,-1,2.1,,
2026-09-04T00:38:50.000Z,M20-409-2-00781,1472517530,43.52008,4.75560,23308.6,3.9,3.4,290.5,-55.4,0.0,34.6,0x20,405.003,16.3,-1125,-1,2.1,,
2026-09-04T00:38:51.000Z,M20-409-2-00781,1472517531,43.52008,4.75556,23313.1,5.1,3.9,242.5,-55.4,0.0,34.5,0x20,405.003,19.3,-1125,-1,2.1,,
2026-09-04T00:38:52.000Z,M20-409-2-00781,1472517532,43.52006,4.75552,23318.0,4.8,3.4,225.4,-55.4,0.0,34.5,0x20,405.003,21.6,-1125,-1,2.1,,
2026-09-04T00:38:53.000Z,M20-409-2-00781,1472517533,43.52004,4.75549,23322.5,4.2,2.2,228.8,-55.4,0.0,34.5,0x20,405.003,21.9,-1125,-1,2.1,,
2026-09-04T00:38:54.000Z,M20-409-2-00781,1472517534,43.52004,4.75547,23327.8,6.3,2.2,263.6,-55.4,0.0,34.5,0x20,405.003,21.9,-1125,-1,2.1,,
2026-09-04T00:38:55.000Z,M20-409-2-00781,1472517535,43.52004,4.75544,23333.2,4.8,3.1,286.7,-55.3,0.0,34.4,0x20,405.003,19.7,-1125,-1,2.1,,
2026-09-04T00:38:56.000Z,M20-409-2-00781,1472517536,43.52006,4.75540,23338.4,5.4,4.7,321.3,-55.3,0.0,34.4,0x20,405.003,9.7,-1125,-1,2.1,,
2026-09-04T00:38:57.000Z,M20-409-2-00781,1472517537,43.52011,4.75537,23343.7,4.8,6.8,340.4,-55.3,0.0,34.4,0x20,405.003,3.7,-1125,-1,2.1,,
2026-09-04T00:38:58.000Z,M20-409-2-00781,1472517538,43.52016,4.75534,23348.7,5.2,7.3,343.1,-55.2,0.0,34.4,0x20,405.003,4.1,-1125,-1,2.1,,
2026-09-04T00:38:59.000Z,M20-409-2-00781,1472517539,43.52022,4.75531,23355.1,7.5,5.6,323.8,-55.2,0.0,34.3,0x20,405.003,14.0,-1125,-1,2.1,,
2026-09-04T00:39:00.000Z,M20-409-2-00781,1472517540,43.52024,4.75526,23360.9,4.0,4.8,289.2,-55.1,0.0,34.3,0x20,405.003,14.5,-1125,-1,2.1,,
2026-09-04T00:39:01.000Z,M20-409-2-00781,1472517541,43.52025,4.75520,23364.7,3.5,5.1,255.9,-55.0,0.0,34.3,0x20,405.003,21.4,-1125,-1,2.1,,
2026-09-04T00:39:02.000Z,M20-409-2-00781,1472517542,43.52023,4.75515,23369.8,6.7,3.7,231.2,-55.0,0.0,34.2,0x20,405.003,21.5,-1125,-1,2.1,,
2026-09-04T00:39:03.000Z,M20-409-2-00781,1472517543,43.52021,4.75513,23375.2,4.4,1.8,232.9,-54.9,0.0,34.2,0x20,405.003,21.5,-1125,-1,2.1,,
2026-09-04T00:39:04.000Z,M20-409-2-00781,1472517544,43.52021,4.75511,23379.8,4.7,1.2,312.7,-54.8,0.0,34.2,0x20,405.003,21.5,-1125,-1,2.1,,
2026-09-04T00:39:05.000Z,M20-409-2-00781,1472517545,43.52022,4.75509,23384.9,5.9,2.5,314.5,-54.8,0.0,34.1,0x20,405.003,17.2,-1125,-1,2.1,,
2026-09-04T00:39:06.000Z,M20-409-2-00781,1472517546,43.52024,4.75507,23390.4,4.8,3.7,309.8,-54.7,0.0,34.1,0x20,405.003,19.1,-1125,-1,2.1,,
2026-09-04T00:39:07.000Z,M20-409-2-00781,1472517547,43.52027,4.75503,23395.5,5.1,4.5,320.5,-54.7,0.0,34.1,0x20,405.003,21.4,-1125,-1,2.1,,
2026-09-04T00:39:08.000Z,M20-409-2-00781,1472517548,43.52030,4.75500,23400.8,5.7,5.0,339.2,-54.7,0.0,34.1,0x20,405.003,21.4,-1125,-1,2.1,,
2026-09-04T00:39:09.000Z,M20-409-2-00781,1472517549,43.52034,4.75498,23406.1,5.0,4.4,349.3,-54.7,0.0,34.0,0x20,405.003,21.4,-1125,-1,2.1,,
2026-09-04T00:39:10.000Z,M20-409-2-00781,1472517550,43.52037,4.75497,23411.9,6.6,1.5,331.9,-54.6,0.0,34.0,0x20,405.003,4.6,-1125,-1,2.1,,
2026-09-04T00:39:11.000Z,M20-409-2-00781,1472517551,43.52037,4.75496,23417.3,4.5,2.2,223.5,-54.6,0.0,34.0,0x20,405.003,4.1,-1125,-1,2.1,,
2026-09-04T00:39:12.000Z,M20-409-2-00781,1472517552,43.52034,4.75494,23421.5,4.1,3.9,213.9,-54.6,0.0,33.9,0x20,405.003,14.7,-1125,-1,2.1,,
2026-09-04T00:39:13.000Z,M20-409-2-00781,1472517553,43.52032,4.75491,23427.0,6.7,2.3,221.7,-54.6,0.0,33.9,0x20,405.003,20.1,-1125,-1,2.1,,
2026-09-04T00:39:14.000Z,M20-409-2-00781,1472517554,43.52032,4.75490,23432.7,4.2,1.0,307.1,-54.5,0.0,33.9,0x20,405.003,21.6,-1125,-1,2.1,,
2026-09-04T00:39:15.000Z,M20-409-2-00781,1472517555,43.52033,4.75489,23436.9,4.0,2.7,356.8,-54.4,0.0,33.9,0x20,405.003,21.6,-1125,-1,2.1,,
2026-09-04T00:39:16.000Z,M20-409-2-00781,1472517556,43.52036,4.75489,23441.8,5.9,2.9,357.2,-54.4,0.0,33.8,0x20,405.003,21.6,-1125,-1,2.1,,
2026-09-04T00:39:17.000Z,M20-409-2-00781,1472517557,43.52038,4.75489,23447.1,4.7,1.9,350.5,-54.3,0.0,33.8,0x20,405.003,20.9,-1125,-1,2.1,,
2026-09-04T00:39:18.000Z,M20-409-2-00781,1472517558,43.52039,4.75489,23452.0,5.1,1.1,5.2,-54.3,0.0,33.8,0x20,405.003,20.6,-1125,-1,2.1,,
2026-09-04T00:39:19.000Z,M20-409-2-00781,1472517559,43.52040,4.75490,23457.5,5.7,1.9,47.4,-54.2,0.0,33.8,0x20,405.003,20.6,-1125,-1,2.1,,
2026-09-04T00:39:20.000Z,M20-409-2-00781,1472517560,43.52041,4.75492,23462.6,4.5,2.4,72.1,-54.1,0.0,33.7,0x20,405.003,19.4,-1125,-1,2.1,,
2026-09-04T00:39:21.000Z,M20-409-2-00781,1472517561,43.52041,4.75495,23467.7,5.5,2.5,111.7,-54.0,0.0,33.7,0x20,405.003,18.8,-1125,-1,2.1,,
2026-09-04T00:39:22.000Z,M20-409-2-00781,1472517562,43.52039,4.75497,23472.7,4.7,3.3,157.5,-53.9,0.0,33.7,0x20,405.003,3.7,-1125,-1,2.1,,
2026-09-04T00:39:23.000Z,M20-409-2-00781,1472517563,43.52036,4.75498,23477.3,4.4,4.1,178.2,-53.9,0.0,33.6,0x20,405.003,3.8,-1125,-1,2.1,,
2026-09-04T00:39:24.000Z,M20-409-2-00781,1472517564,43.52033,4.75498,23482.1,5.0,2.8,178.8,-53.8,0.0,33.6,0x20,405.003,4.7,-1125,-1,2.1,,
2026-09-04T00:39:25.000Z,M20-409-2-00781,1472517565,43.52032,4.75499,23487.6,5.8,1.4,84.6,-53.8,0.0,33.6,0x20,405.003,15.6,-1125,-1,2.1,,
2026-09-04T00:39:26.000Z,M20-409-2-00781,1472517566,43.52033,4.75502,23492.5,3.9,3.7,51.9,-53.8,0.0,33.6,0x20,405.003,17.5,-1125,-1,2.1,,
2026-09-04T00:39:27.000Z,M20-409-2-00781,1472517567,43.52035,4.75506,23496.6,4.1,5.1,56.4,-53.7,0.0,33.5,0x20,405.003,17.5,-1125,-1,2.1,,
2026-09-04T00:39:28.000Z,M20-409-2-00781,1472517568,43.52036,4.75511,23501.9,6.5,3.9,86.4,-53.7,0.0,33.5,0x20,405.003,19.0,-1125,-1,2.1,,
2026-09-04T00:39:29.000Z,M20-409-2-00781,1472517569,43.52035,4.75515,23507.7,5.0,3.4,138.5,-53.7,0.0,33.5,0x20,405.003,20.9,-1125,-1,2.1,,
2026-09-04T00:39:30.000Z,M20-409-2-00781,1472517570,43.52032,4.75517,23512.3,4.1,4.2,168.8,-53.6,0.0,33.5,0x20,405.003,20.9,-1125,-1,2.1,,
2026-09-04T00:39:31.000Z,M20-409-2-00781,1472517571,43.52029,4.75518,23517.5,6.1,3.6,175.4,-53.6,0.0,33.4,0x20,405.003,20.4,-1125,-1,2.1,,
2026-09-04T00:39:32.000Z,M20-409-2-00781,1472517572,43.52026,4.75518,23522.9,4.7,2.2,156.8,-53.6,0.0,33.4,0x20,405.003,17.2,-1125,-1,2.1,,
2026-09-04T00:39:33.000Z,M20-409-2-00781,1472517573,43.52025,4.75520,23527.4,4.4,2.0,118.7,-53.6,0.0,33.4,0x20,405.003,18.0,-1125,-1,2.1,,
2026-09-04T00:39:34.000Z,M20-409-2-00781,1472517574,43.52024,4.75523,23532.5,5.7,2.5,126.5,-53.6,0.0,33.4,0x20,405.003,18.0,-1125,-1,2.1,,
2026-09-04T00:39:35.000Z,M20-409-2-00781,1472517575,43.52022,4.75525,23538.2,5.2,3.1,148.9,-53.6,0.0,33.3,0x20,405.003,5.6,-1125,-1,2.1,,
2026-09-04T00:39:36.000Z,M20-409-2-00781,1472517576,43.52020,4.75526,23543.2,4.8,3.1,157.6,-53.5,0.0,33.3,0x20,405.003,4.9,-1125,-1,2.1,,
2026-09-04T00:39:37.000Z,M20-409-2-00781,1472517577,43.52018,4.75528,23548.6,6.1,1.9,135.9,-53.5,0.0,33.3,0x20,405.003,4.1,-1125,-1,2.1,,
2026-09-04T00:39:38.000Z,M20-409-2-00781,1472517578,43.52017,4.75530,23553.9,4.5,1.5,93.5,-53.4,0.0,33.2,0x20,405.003,13.9,-1125,-1,2.1,,
2026-09-04T00:39:39.000Z,M20-409-2-00781,1472517579,43.52017,4.75531,23558.4,4.7,1.1,75.7,-53.3,0.0,33.2,0x20,405.003,18.0,-1125,-1,2.1,,
2026-09-04T00:39:40.000Z,M20-409-2-00781,1472517580,43.52017,4.75532,23563.6,5.9,1.3,187.4,-53.3,0.0,33.2,0x20,405.003,20.3,-1125,-1,2.1,,
2026-09-04T00:39:41.000Z,M20-409-2-00781,1472517581,43.52015,4.75531,23569.0,4.8,3.6,199.0,-53.2,0.0,33.2,0x20,405.003,20.3,-1125,-1,2.1,,
2026-09-04T00:39:42.000Z,M20-409-2-00781,1472517582,43.52011,4.75530,23573.9,4.8,4.2,189.9,-53.2,0.0,33.1,0x20,405.003,19.2,-1125,-1,2.1,,
2026-09-04T00:39:43.000Z,M20-409-2-00781,1472517583,43.52008,4.75530,23579.5,6.3,3.0,162.8,-53.2,0.0,33.1,0x20,405.003,18.7,-1125,-1,2.1,,
2026-09-04T00:39:44.000Z,M20-409-2-00781,1472517584,43.52006,4.75532,23585.0,4.3,2.7,115.7,-53.1,0.0,33.1,0x20,405.003,18.7,-1125,-1,2.1,,
2026-09-04T00:39:45.000Z,M20-409-2-00781,1472517585,43.52006,4.75535,23589.6,4.8,3.2,95.3,-53.0,0.0,33.1,0x20,405.003,18.2,-1125,-1,2.1,,
2026-09-04T00:39:46.000Z,M20-409-2-00781,1472517586,43.52005,4.75539,23595.4,6.3,2.6,129.8,-53.0,0.0,33.0,0x20,405.003,15.5,-1125,-1,2.1,,
2026-09-04T00:39:47.000Z,M20-409-2-00781,1472517587,43.52002,4.75540,23601.2,4.9,3.6,178.1,-53.0,0.0,33.0,0x20,405.003,15.5,-1125,-1,2.1,,
2026-09-04T00:39:48.000Z,M20-409-2-00781,1472517588,43.51999,4.75539,23605.7,4.0,4.7,194.3,-52.9,0.0,33.0,0x20,405.003,4.7,-1125,-1,2.1,,
2026-09-04T00:39:49.000Z,M20-409-2-00781,1472517589,43.51995,4.75538,23610.2,5.1,4.1,194.6,-52.9,0.0,33.0,0x20,405.003,4.8,-1125,-1,2.1,,
2026-09-04T00:39:50.000Z,M20-409-2-00781,1472517590,43.51992,4.75537,23615.8,6.0,2.3,171.8,-52.9,0.0,32.9,0x20,405.003,4.8,-1125,-1,2.1,,
2026-09-04T00:39:51.000Z,M20-409-2-00781,1472517591,43.51991,4.75539,23620.9,4.2,2.0,130.8,-52.9,0.0,32.9,0x20,405.003,13.7,-1125,-1,2.1,,
2026-09-04T00:39:52.000Z,M20-409-2-00781,1472517592,43.51989,4.75541,23625.6,5.3,2.7,134.2,-52.9,0.0,32.9,0x20,405.003,16.5,-1125,-1,2.1,,
2026-09-04T00:39:53.000Z,M20-409-2-00781,1472517593,43.51987,4.75542,23631.5,6.2,3.8,172.0,-52.8,0.0,32.8,0x20,405.003,16.5,-1125,-1,2.1,,
2026-09-04T00:39:54.000Z,M20-409-2-00781,1472517594,43.51983,4.75542,23636.7,3.9,5.0,188.7,-52.8,0.0,32.8,0x20,405.003,17.6,-1125,-1,2.1,,
2026-09-04T00:39:55.000Z,M20-409-2-00781,1472517595,43.51978,4.75541,23641.8,6.5,5.1,188.9,-52.9,0.0,32.8,0x20,405.003,19.8,-1125,-1,2.1,,
2026-09-04T00:39:56.000Z,M20-409-2-00781,1472517596,43.51974,4.75541,23647.6,4.8,4.2,174.7,-52.9,0.0,32.8,0x20,405.003,20.6,-1125,-1,2.1,,
2026-09-04T00:39:57.000Z,M20-409-2-00781,1472517597,43.51971,4.75542,23652.4,4.8,3.3,160.3,-52.9,0.0,32.7,0x20,405.003,21.7,-1125,-1,2.1,,
2026-09-04T00:39:58.000Z,M20-409-2-00781,1472517598,43.51968,4.75542,23658.0,6.2,2.9,178.2,-52.9,0.0,32.7,0x20,405.003,21.7,-1125,-1,2.1,,
2026-09-04T00:39:59.000Z,M20-409-2-00781,1472517599,43.51965,4.75542,23663.1,4.3,3.3,198.2,-52.9,0.0,32.7,0x20,405.003,20.0,-1125,-1,2.1,,
2026-09-04T00:40:00.000Z,M20-409-2-00781,1472517600,43.51962,4.75540,23668.1,5.8,3.2,192.6,-52.9,0.0,32.7,0x20,405.003,18.7,-1125,-1,2.1,,
2026-09-04T00:40:01.000Z,M20-409-2-00781,1472517601,43.51960,4.75540,23673.8,5.2,3.0,163.2,-53.0,0.0,32.6,0x20,405.003,6.5,-1125,-1,2.1,,
2026-09-04T00:40:02.000Z,M20-409-2-00781,1472517602,43.51957,4.75542,23678.8,4.7,3.9,153.2,-53.0,0.0,32.6,0x20,405.003,4.5,-1125,-1,2.1,,
2026-09-04T00:40:03.000Z,M20-409-2-00781,1472517603,43.51953,4.75544,23684.6,6.5,5.0,173.1,-53.0,0.0,32.6,0x20,405.003,10.4,-1125,-1,2.1,,
2026-09-04T00:40:04.000Z,M20-409-2-00781,1472517604,43.51948,4.75543,23690.3,4.8,5.9,192.8,-53.0,0.0,32.5,0x20,405.003,13.2,-1125,-1,2.1,,
2026-09-04T00:40:05.000Z,M20-409-2-00781,1472517605,43.51943,4.75541,23695.0,4.6,6.0,205.0,-53.0,0.0,32.5,0x20,405.003,21.6,-1125,-1,2.1,,
2026-09-04T00:40:06.000Z,M20-409-2-00781,1472517606,43.51939,4.75538,23700.4,6.0,4.8,203.7,-53.0,0.0,32.5,0x20,405.003,21.6,-1125,-1,2.1,,
2026-09-04T00:40:07.000Z,M20-409-2-00781,1472517607,43.51935,4.75537,23706.0,5.0,3.2,189.7,-53.0,0.0,32.5,0x20,405.003,19.3,-1125,-1,2.1,,
2026-09-04T00:40:08.000Z,M20-409-2-00781,1472517608,43.51933,4.75536,23711.2,5.5,2.8,189.5,-52.9,0.0,32.4,0x20,405.003,20.8,-1125,-1,2.1,,
2026-09-04T00:40:09.000Z,M20-409-2-00781,1472517609,43.51930,4.75535,23717.5,6.6,4.5,203.3,-52.9,0.0,32.4,0x20,405.003,20.8,-1125,-1,2.1,,
2026-09-04T00:40:10.000Z,M20-409-2-00781,1472517610,43.51925,4.75532,23723.0,4.5,6.4,205.7,-52.8,0.0,32.4,0x20,405.003,18.1,-1125,-1,2.1,,
2026-09-04T00:40:11.000Z,M20-409-2-00781,1472517611,43.51920,4.75529,23727.6,5.1,7.4,200.6,-52.8,0.0,32.4,0x20,405.003,20.4,-1125,-1,2.1,,
2026-09-04T00:40:12.000Z,M20-409-2-00781,1472517612,43.51914,4.75527,23733.4,5.7,6.3,186.2,-52.7,0.0,32.3,0x20,405.003,20.4,-1125,-1,2.1,,
2026-09-04T00:40:13.000Z,M20-409-2-00781,1472517613,43.51909,4.75526,23738.6,4.7,4.6,174.8,-52.6,0.0,32.3,0x20,405.003,20.4,-1125,-1,2.1,,
2026-09-04T00:40:14.000Z,M20-409-2-00781,1472517614,43.51905,4.75527,23743.5,4.8,3.6,186.9,-52.6,0.0,32.3,0x20,405.003,6.1,-1125,-1,2.1,,
2026-09-04T00:40:15.000Z,M20-409-2-00781,1472517615,43.51902,4.75524,23748.8,5.9,4.6,231.6,-52.5,0.0,32.2,0x20,405.003,4.7,-1125,-1,2.1,,
2026-09-04T00:40:16.000Z,M20-409-2-00781,1472517616,43.51899,4.75518,23753.8,4.3,7.0,243.5,-52.5,0.0,32.2,0x20,405.003,8.0,-1125,-1,2.1,,
2026-09-04T00:40:17.000Z,M20-409-2-00781,1472517617,43.51896,4.75510,23758.3,4.7,7.7,240.9,-52.5,0.0,32.2,0x20,405.003,18.6,-1125,-1,2.1,,
2026-09-04T00:40:18.000Z,M20-409-2-00781,1472517618,43.51893,4.75503,23764.2,7.4,5.9,228.0,-52.5,0.0,32.2,0x20,405.003,22.3,-1125,-1,2.1,,
2026-09-04T00:40:19.000Z,M20-409-2-00781,1472517619,43.51889,4.75499,23769.8,4.1,4.4,206.2,-52.5,0.0,32.1,0x20,405.003,22.3,-1125,-1,2.1,,
2026-09-04T00:40:20.000Z,M20-409-2-00781,1472517620,43.51886,4.75498,23774.2,5.2,4.3,181.6,-52.4,0.0,32.1,0x20,405.003,21.7,-1125,-1,2.1,,
2026-09-04T00:40:21.000Z,M20-409-2-00781,1472517621,43.51881,4.75497,23779.8,6.4,5.1,189.9,-52.4,0.0,32.1,0x20,405.003,21.7,-1125,-1,2.1,,
2026-09-04T00:40:22.000Z,M20-409-2-00781,1472517622,43.51877,4.75495,23785.2,4.5,5.1,206.9,-52.4,0.0,32.0,0x20,405.003,21.2,-1125,-1,2.1,,
2026-09-04T00:40:23.000Z,M20-409-2-00781,1472517623,43.51874,4.75492,23790.6,6.2,4.6,227.5,-52.4,0.0,32.0,0x20,405.003,21.2,-1125,-1,2.1,,
2026-09-04T00:40:24.000Z,M20-409-2-00781,1472517624,43.51872,4.75487,23796.3,4.9,3.8,248.0,-52.3,0.0,32.0,0x20,405.003,18.0,-1125,-1,2.1,,
2026-09-04T00:40:25.000Z,M20-409-2-00781,1472517625,43.51871,4.75483,23801.8,5.8,4.1,254.1,-52.3,0.0,32.0,0x20,405.003,22.1,-1125,-1,2.1,,
2026-09-04T00:40:26.000Z,M20-409-2-00781,1472517626,43.51869,4.75477,23807.6,6.1,5.8,254.6,-52.3,0.0,31.9,0x20,405.003,22.1,-1125,-1,2.1,,
2026-09-04T00:40:27.000Z,M20-409-2-00781,1472517627,43.51867,4.75470,23812.6,3.8,7.3,247.5,-52.3,0.0,31.9,0x20,405.003,16.7,-1125,-1,2.1,,
2026-09-04T00:40:28.000Z,M20-409-2-00781,1472517628,43.51865,4.75462,23817.0,5.8,6.6,245.0,-52.3,0.0,31.9,0x20,405.003,4.2,-1125,-1,2.1,,
2026-09-04T00:40:29.000Z,M20-409-2-00781,1472517629,43.51863,4.75455,23822.8,5.8,4.2,247.3,-52.2,0.0,31.9,0x20,405.003,14.6,-1125,-1,2.1,,
2026-09-04T00:40:30.000Z,M20-409-2-00781,1472517630,43.51862,4.75452,23828.2,4.4,1.8,246.9,-52.2,0.0,31.9,0x20,405.003,18.8,-1125,-1,2.1,,
2026-09-04T00:40:31.000Z,M20-409-2-00781,1472517631,43.51861,4.75450,23832.8,4.6,1.4,243.6,-52.2,0.0,31.8,0x20,405.003,21.3,-1125,-1,2.1,,
2026-09-04T00:40:32.000Z,M20-409-2-00781,1472517632,43.51860,4.75448,23838.3,6.6,3.6,244.1,-52.2,0.0,31.8,0x20,405.003,21.3,-1125,-1,2.1,,
2026-09-04T00:40:33.000Z,M20-409-2-00781,1472517633,43.51859,4.75442,23844.0,4.7,6.4,249.8,-52.2,0.0,31.8,0x20,405.003,21.8,-1125,-1,2.1,,
2026-09-04T00:40:34.000Z,M20-409-2-00781,1472517634,43.51856,4.75433,23848.3,4.0,8.4,251.6,-52.2,0.0,31.7,0x20,405.003,21.8,-1125,-1,2.1,,
2026-09-04T00:40:35.000Z,M20-409-2-00781,1472517635,43.51855,4.75423,23853.7,6.9,8.1,261.7,-52.2,0.0,31.7,0x20,405.003,22.3,-1125,-1,2.1,,
2026-09-04T00:40:36.000Z,M20-409-2-00781,1472517636,43.51854,4.75414,23859.5,4.8,6.7,273.8,-52.3,0.0,31.7,0x20,405.003,22.3,-1125,-1,2.1,,
2026-09-04T00:40:37.000Z,M20-409-2-00781,1472517637,43.51855,4.75407,23863.9,4.2,5.6,282.3,-52.3,0.0,31.6,0x20,405.003,21.4,-1125,-1,2.1,,
2026-09-04T00:40:38.000Z,M20-409-2-00781,1472517638,43.51856,4.75400,23869.1,6.1,5.5,276.0,-52.3,0.0,31.6,0x20,405.003,21.9,-1125,-1,2.1,,
2026-09-04T00:40:39.000Z,M20-409-2-00781,1472517639,43.51855,4.75393,23874.6,4.8,6.0,259.7,-52.3,0.0,31.6,0x20,405.003,21.9,-1125,-1,2.1,,
2026-09-04T00:40:40.000Z,M20-409-2-00781,1472517640,43.51854,4.75386,23879.7,4.9,6.2,257.8,-52.3,0.0,31.6,0x20,405.003,4.7,-1125,-1,2.1,,
2026-09-04T00:40:41.000Z,M20-409-2-00781,1472517641,43.51853,4.75379,23885.4,5.8,5.1,261.4,-52.3,0.0,31.5,0x20,405.003,4.7,-1125,-1,2.1,,
2026-09-04T00:40:42.000Z,M20-409-2-00781,1472517642,43.51853,4.75373,23890.9,4.9,4.5,281.5,-52.3,0.0,31.5,0x20,405.003,9.3,-1125,-1,2.1,,
2026-09-04T00:40:43.000Z,M20-409-2-00781,1472517643,43.51855,4.75367,23895.4,4.4,5.5,291.7,-52.3,0.0,31.5,0x20,405.003,17.1,-1125,-1,2.1,,
2026-09-04T00:40:44.000Z,M20-409-2-00781,1472517644,43.51856,4.75360,23900.4,5.2,7.3,283.5,-52.4,0.0,31.5,0x20,405.003,17.5,-1125,-1,2.1,,
2026-09-04T00:40:45.000Z,M20-409-2-00781,1472517645,43.51857,4.75350,23905.7,5.1,9.0,269.0,-52.3,0.0,31.4,0x20,405.003,18.7,-1125,-1,2.1,,
2026-09-04T00:40:46.000Z,M20-409-2-00781,1472517646,43.51856,4.75339,23910.6,4.9,8.8,255.9,-52.4,0.0,31.4,0x20,405.003,20.8,-1125,-1,2.1,,
2026-09-04T00:40:47.000Z,M20-409-2-00781,1472517647,43.51854,4.75330,23915.7,5.4,6.7,250.9,-52.4,0.0,31.4,0x20,405.003,20.8,-1125,-1,2.1,,
2026-09-04T00:40:48.000Z,M20-409-2-00781,1472517648,43.51853,4.75324,23920.8,5.1,3.0,273.6,-52.4,0.0,31.4,0x20,405.003,19.6,-1125,-1,2.1,,
2026-09-04T00:40:49.000Z,M20-409-2-00781,1472517649,43.51854,4.75320,23925.3,4.1,3.7,314.0,-52.4,0.0,31.3,0x20,405.003,20.0,-1125,-1,2.1,,
2026-09-04T00:40:50.000Z,M20-409-2-00781,1472517650,43.51857,4.75316,23930.5,6.0,5.3,315.8,-52.4,0.0,31.3,0x20,405.003,20.0,-1125,-1,2.1,,
2026-09-04T00:40:51.000Z,M20-409-2-00781,1472517651,43.51860,4.75310,23936.8,6.5,6.6,286.5,-52.5,0.0,31.3,0x20,405.003,20.0,-1125,-1,2.1,,
2026-09-04T00:40:52.000Z,M20-409-2-00781,1472517652,43.51861,4.75302,23942.1,3.4,7.6,272.5,-52.5,0.0,31.3,0x20,405.003,7.7,-1125,-1,2.1,,
2026-09-04T00:40:53.000Z,M20-409-2-00781,1472517653,43.51861,4.75292,23946.7,5.6,9.0,264.1,-52.5,0.0,31.2,0x20,405.003,7.7,-1125,-1,2.1,,
2026-09-04T00:40:54.000Z,M20-409-2-00781,1472517654,43.51860,4.75281,23952.3,5.9,8.3,268.8,-52.5,0.0,31.2,0x20,405.003,4.9,-1125,-1,2.1,,
2026-09-04T00:40:55.000Z,M20-409-2-00781,1472517655,43.51860,4.75272,23958.2,5.1,6.4,272.8,-52.5,0.0,31.2,0x20,405.003,11.0,-1125,-1,2.1,,
2026-09-04T00:40:56.000Z,M20-409-2-00781,1472517656,43.51860,4.75266,23963.7,5.5,4.0,257.3,-52.5,0.0,31.1,0x20,405.003,17.2,-1125,-1,2.1,,
2026-09-04T00:40:57.000Z,M20-409-2-00781,1472517657,43.51859,4.75262,23969.3,5.1,3.6,227.0,-52.6,0.0,31.1,0x20,405.003,21.0,-1125,-1,2.1,,
2026-09-04T00:40:58.000Z,M20-409-2-00781,1472517658,43.51856,4.75259,23974.8,5.7,3.4,221.0,-52.6,0.0,31.1,0x20,405.003,21.0,-1125,-1,2.1,,
2026-09-04T00:40:59.000Z,M20-409-2-00781,1472517659,43.51855,4.75256,23980.5,6.1,3.0,264.0,-52.6,0.0,31.1,0x20,405.003,22.1,-1125,-1,2.1,,
2026-09-04T00:41:00.000Z,M20-409-2-00781,1472517660,43.51855,4.75251,23986.3,5.4,5.1,295.3,-52.6,0.0,31.1,0x20,405.003,22.1,-1125,-1,2.1,,
2026-09-04T00:41:01.000Z,M20-409-2-00781,1472517661,43.51858,4.75244,23991.2,4.4,7.2,296.0,-52.7,0.0,31.0,0x20,405.003,21.3,-1125,-1,2.1,,
2026-09-04T00:41:02.000Z,M20-409-2-00781,1472517662,43.51859,4.75235,23997.2,6.7,8.1,272.4,-52.7,0.0,31.0,0x20,405.003,21.3,-1125,-1,2.1,,
2026-09-04T00:41:03.000Z,M20-409-2-00781,1472517663,43.51858,4.75225,24003.4,5.6,8.8,252.6,-52.7,0.0,31.0,0x20,405.003,18.1,-1125,-1,2.1,,
2026-09-04T00:41:04.000Z,M20-409-2-00781,1472517664,43.51855,4.75215,24008.2,3.9,8.7,232.9,-52.7,0.0,30.9,0x20,405.003,18.1,-1125,-1,2.1,,
2026-09-04T00:41:05.000Z,M20-409-2-00781,1472517665,43.51850,4.75209,24013.0,5.9,5.9,209.9,-52.7,0.0,30.9,0x20,405.003,7.1,-1125,-1,2.1,,
2026-09-04T00:41:06.000Z,M20-409-2-00781,1472517666,43.51846,4.75207,24019.0,5.6,2.7,175.8,-52.8,0.0,30.9,0x20,405.003,5.8,-1125,-1,2.1,,
2026-09-04T00:41:07.000Z,M20-409-2-00781,1472517667,43.51845,4.75208,24023.4,3.7,1.1,95.3,-52.8,0.0,30.9,0x20,405.003,5.8,-1125,-1,2.1,,
2026-09-04T00:41:08.000Z,M20-409-2-00781,1472517668,43.51846,4.75208,24028.5,6.6,1.6,314.0,-52.8,0.0,30.9,0x20,405.003,16.3,-1125,-1,2.1,,
2026-09-04T00:41:09.000Z,M20-409-2-00781,1472517669,43.51846,4.75205,24035.1,6.4,4.3,269.5,-52.8,0.0,30.8,0x20,405.003,16.3,-1125,-1,2.1,,
2026-09-04T00:41:10.000Z,M20-409-2-00781,1472517670,43.51846,4.75198,24039.8,2.9,6.8,255.6,-52.8,0.0,30.8,0x20,405.003,21.1,-1125,-1,2.1,,
2026-09-04T00:41:11.000Z,M20-409-2-00781,1472517671,43.51843,4.75190,24044.2,5.8,8.3,248.2,-52.8,0.0,30.8,0x20,405.003,21.1,-1125,-1,2.1,,
2026-09-04T00:41:12.000Z,M20-409-2-00781,1472517672,43.51841,4.75181,24050.1,5.8,7.3,250.1,-52.8,0.0,30.7,0x20,405.003,20.2,-1125,-1,2.1,,
2026-09-04T00:41:13.000Z,M20-409-2-00781,1472517673,43.51839,4.75173,24055.2,4.4,5.8,239.1,-52.8,0.0,30.7,0x20,405.003,20.2,-1125,-1,2.1,,
2026-09-04T00:41:14.000Z,M20-409-2-00781,1472517674,43.51836,4.75168,24060.4,5.9,4.8,221.3,-52.9,0.0,30.7,0x20,405.003,18.8,-1125,-1,2.1,,
2026-09-04T00:41:15.000Z,M20-409-2-00781,1472517675,43.51832,4.75165,24065.7,4.2,5.5,206.7,-52.9,0.0,30.7,0x20,405.003,22.4,-1125,-1,2.1,,
2026-09-04T00:41:16.000Z,M20-409-2-00781,1472517676,43.51827,4.75163,24070.1,4.6,5.5,188.0,-52.9,0.0,30.6,0x20,405.003,22.4,-1125,-1,2.1,,
2026-09-04T00:41:17.000Z,M20-409-2-00781,1472517677,43.51823,4.75163,24075.3,5.4,4.4,165.3,-52.9,0.0,30.6,0x20,405.003,20.9,-1125,-1,2.1,,
2026-09-04T00:41:18.000Z,M20-409-2-00781,1472517678,43.51820,4.75165,24080.8,5.4,2.7,152.7,-52.9,0.0,30.6,0x20,405.003,4.6,-1125,-1,2.1,,
2026-09-04T00:41:19.000Z,M20-409-2-00781,1472517679,43.51819,4.75165,24086.5,5.8,1.4,266.8,-52.9,0.0,30.6,0x20,405.003,4.2,-1125,-1,2.1,,
2026-09-04T00:41:20.000Z,M20-409-2-00781,1472517680,43.51819,4.75160,24092.0,5.4,5.7,280.3,-52.9,0.0,30.6,0x20,405.003,4.2,-1125,-1,2.1,,
2026-09-04T00:41:21.000Z,M20-409-2-00781,1472517681,43.51820,4.75151,24096.6,3.7,8.9,276.4,-52.8,0.0,30.5,0x20,405.003,13.5,-1125,-1,2.1,,
2026-09-04T00:41:22.000Z,M20-409-2-00781,1472517682,43.51820,4.75140,24101.1,5.3,9.4,265.6,-52.7,0.0,30.5,0x20,405.003,21.0,-1125,-1,2.1,,
2026-09-04T00:41:23.000Z,M20-409-2-00781,1472517683,43.51819,4.75131,24107.3,7.2,5.8,250.2,-52.7,0.0,30.5,0x20,405.003,21.0,-1125,-1,2.1,,
2026-09-04T00:41:24.000Z,M20-409-2-00781,1472517684,43.51817,4.75127,24113.0,4.2,2.8,215.0,-52.6,0.0,30.4,0x20,405.003,19.8,-1125,-1,2.1,,
2026-09-04T00:41:25.000Z,M20-409-2-00781,1472517685,43.51815,4.75126,24116.8,3.6,2.5,151.3,-52.6,0.0,30.4,0x20,405.003,19.8,-1125,-1,2.1,,
2026-09-04T00:41:26.000Z,M20-409-2-00781,1472517686,43.51814,4.75128,24121.7,6.2,1.7,149.6,-52.5,0.0,30.4,0x20,405.003,18.3,-1125,-1,2.1,,
2026-09-04T00:41:27.000Z,M20-409-2-00781,1472517687,43.51813,4.75127,24128.0,6.5,2.5,249.6,-52.5,0.0,30.4,0x20,405.003,21.6,-1125,-1,2.1,,
2026-09-04T00:41:28.000Z,M20-409-2-00781,1472517688,43.51812,4.75122,24133.0,4.0,4.8,260.4,-52.5,0.0,30.3,0x20,405.003,21.6,-1125,-1,2.1,,
2026-09-04T00:41:29.000Z,M20-409-2-00781,1472517689,43.51811,4.75116,24137.6,5.2,6.3,265.4,-52.5,0.0,30.3,0x20,405.003,19.6,-1125,-1,2.1,,
2026-09-04T00:41:30.000Z,M20-409-2-00781,1472517690,43.51811,4.75108,24143.5,6.0,5.6,270.5,-52.5,0.0,30.3,0x20,405.003,19.6,-1125,-1,2.1,,
2026-09-04T00:41:31.000Z,M20-409-2-00781,1472517691,43.51811,4.75102,24148.7,3.9,4.4,271.6,-52.5,0.0,30.3,0x20,405.003,7.2,-1125,-1,2.1,,
2026-09-04T00:41:32.000Z,M20-409-2-00781,1472517692,43.51811,4.75097,24153.7,5.9,4.2,270.8,-52.5,0.0,30.2,0x20,405.003,4.0,-1125,-1,2.1,,
2026-09-04T00:41:33.000Z,M20-409-2-00781,1472517693,43.51811,4.75091,24159.1,5.1,5.0,267.6,-52.5,0.0,30.2,0x20,405.003,5.4,-1125,-1,2.1,,
2026-09-04T00:41:34.000Z,M20-409-2-00781,1472517694,43.51811,4.75085,24163.8,4.6,4.8,271.8,-52.5,0.0,30.2,0x20,405.003,16.2,-1125,-1,2.1,,
2026-09-04T00:41:35.000Z,M20-409-2-00781,1472517695,43.51812,4.75080,24168.6,5.2,3.4,292.4,-52.5,0.0,30.2,0x20,405.003,20.7,-1125,-1,2.1,,
2026-09-04T00:41:36.000Z,M20-409-2-00781,1472517696,43.51813,4.75078,24173.6,5.0,1.7,345.5,-52.6,0.0,30.1,0x20,405.003,20.7,-1125,-1,2.1,,
2026-09-04T00:41:37.000Z,M20-409-2-00781,1472517697,43.51814,4.75078,24178.6,4.8,1.0,22.4,-52.6,0.0,30.1,0x20,405.003,20.5,-1125,-1,2.1,,
2026-09-04T00:41:38.000Z,M20-409-2-00781,1472517698,43.51814,4.75078,24184.2,6.2,1.8,243.3,-52.6,0.0,30.1,0x20,405.003,20.5,-1125,-1,2.1,,
2026-09-04T00:41:39.000Z,M20-409-2-00781,1472517699,43.51813,4.75074,24190.4,5.8,5.6,241.6,-52.6,0.0,30.1,0x20,405.003,20.4,-1125,-1,2.1,,
2026-09-04T00:41:40.000Z,M20-409-2-00781,1472517700,43.51810,4.75066,24194.8,3.4,8.3,247.4,-52.7,0.0,30.0,0x20,405.003,17.0,-1125,-1,2.1,,
2026-09-04T00:41:41.000Z,M20-409-2-00781,1472517701,43.51808,4.75056,24199.2,5.5,8.5,257.2,-52.7,0.0,30.0,0x20,405.003,22.3,-1125,-1,2.1,,
2026-09-04T00:41:42.000Z,M20-409-2-00781,1472517702,43.51807,4.75048,24205.4,7.0,5.6,275.1,-52.7,0.0,30.0,0x20,405.003,22.3,-1125,-1,2.1,,
2026-09-04T00:41:43.000Z,M20-409-2-00781,1472517703,43.51808,4.75042,24210.6,3.8,3.6,303.2,-52.7,0.0,30.0,0x20,405.003,19.8,-1125,-1,2.1,,
2026-09-04T00:41:44.000Z,M20-409-2-00781,1472517704,43.51811,4.75040,24215.2,5.3,3.2,333.9,-52.7,0.0,30.0,0x20,405.003,6.2,-1125,-1,2.1,,
2026-09-04T00:41:45.000Z,M20-409-2-00781,1472517705,43.51813,4.75037,24221.2,6.8,2.5,303.3,-52.7,0.0,29.9,0x20,405.003,4.5,-1125,-1,2.1,,
2026-09-04T00:41:46.000Z,M20-409-2-00781,1472517706,43.51813,4.75034,24226.7,4.2,3.6,267.9,-52.7,0.0,29.9,0x20,405.003,4.5,-1125,-1,2.1,,
2026-09-04T00:41:47.000Z,M20-409-2-00781,1472517707,43.51812,4.75029,24231.7,6.0,4.7,250.2,-52.7,0.0,29.9,0x20,405.003,16.2,-1125,-1,2.1,,
2026-09-04T00:41:48.000Z,M20-409-2-00781,1472517708,43.51811,4.75024,24237.2,4.7,4.4,244.4,-52.7,0.0,29.8,0x20,405.003,16.2,-1125,-1,2.1,,
2026-09-04T00:41:49.000Z,M20-409-2-00781,1472517709,43.51809,4.75019,24241.8,4.9,5.0,243.5,-52.7,0.0,29.8,0x20,405.003,19.7,-1125,-1,2.1,,
2026-09-04T00:41:50.000Z,M20-409-2-00781,1472517710,43.51807,4.75012,24246.9,5.6,6.3,243.1,-52.8,0.0,29.8,0x20,405.003,19.7,-1125,-1,2.1,,
2026-09-04T00:41:51.000Z,M20-409-2-00781,1472517711,43.51804,4.75005,24252.5,5.6,7.4,245.5,-52.8,0.0,29.8,0x20,405.003,18.9,-1125,-1,2.1,,
2026-09-04T00:41:52.000Z,M20-409-2-00781,1472517712,43.51802,4.74997,24257.8,5.0,6.0,256.4,-52.8,0.0,29.8,0x20,405.003,21.3,-1125,-1,2.1,,
2026-09-04T00:41:53.000Z,M20-409-2-00781,1472517713,43.51802,4.74991,24263.1,5.7,3.0,284.1,-52.8,0.0,29.7,0x20,405.003,21.3,-1125,-1,2.1,,
2026-09-04T00:41:54.000Z,M20-409-2-00781,1472517714,43.51803,4.74989,24268.0,4.4,2.6,344.9,-52.8,0.0,29.7,0x20,405.003,19.5,-1125,-1,2.1,,
2026-09-04T00:41:55.000Z,M20-409-2-00781,1472517715,43.51805,4.74989,24272.3,4.3,2.6,349.1,-52.8,0.0,29.7,0x20,405.003,19.5,-1125,-1,2.1,,
2026-09-04T00:41:56.000Z,M20-409-2-00781,1472517716,43.51807,4.74986,24277.9,7.0,2.8,281.7,-52.8,0.0,29.6,0x20,405.003,15.1,-1125,-1,2.1,,
2026-09-04T00:41:57.000Z,M20-409-2-00781,1472517717,43.51807,4.74981,24283.2,3.9,5.3,256.8,-52.8,0.0,29.6,0x20,405.003,7.9,-1125,-1,2.1,,
2026-09-04T00:41:58.000Z,M20-409-2-00781,1472517718,43.51805,4.74974,24287.1,3.5,7.5,249.2,-52.8,0.0,29.6,0x20,405.003,4.1,-1125,-1,2.1,,
2026-09-04T00:41:59.000Z,M20-409-2-00781,1472517719,43.51803,4.74966,24292.3,7.0,7.2,253.3,-52.8,0.0,29.6,0x20,405.003,5.9,-1125,-1,2.1,,
2026-09-04T00:42:00.000Z,M20-409-2-00781,1472517720,43.51802,4.74958,24298.2,4.6,5.5,262.0,-52.8,0.0,29.6,0x20,405.003,13.8,-1125,-1,2.1,,
2026-09-04T00:42:01.000Z,M20-409-2-00781,1472517721,43.51802,4.74952,24303.3,5.9,4.5,286.7,-52.8,0.0,29.5,0x20,405.003,19.7,-1125,-1,2.1,,
2026-09-04T00:42:02.000Z,M20-409-2-00781,1472517722,43.51804,4.74947,24308.8,5.2,4.2,293.7,-52.9,0.0,29.5,0x20,405.003,20.5,-1125,-1,2.1,,
2026-09-04T00:42:03.000Z,M20-409-2-00781,1472517723,43.51805,4.74943,24314.0,5.2,3.5,302.4,-52.9,0.0,29.5,0x20,405.003,20.5,-1125,-1,2.1,,
2026-09-04T00:42:04.000Z,M20-409-2-00781,1472517724,43.51807,4.74940,24319.6,5.9,2.9,326.5,-52.9,0.0,29.4,0x20,405.003,22.1,-1125,-1,2.1,,
2026-09-04T00:42:05.000Z,M20-409-2-00781,1472517725,43.51809,4.74939,24325.2,5.1,2.4,341.0,-52.8,0.0,29.4,0x20,405.003,22.1,-1125,-1,2.1,,
2026-09-04T00:42:06.000Z,M20-409-2-00781,1472517726,43.51811,4.74937,24331.1,6.5,2.8,292.3,-52.8,0.0,29.4,0x20,405.003,19.6,-1125,-1,2.1,,
2026-09-04T00:42:07.000Z,M20-409-2-00781,1472517727,43.51811,4.74932,24336.8,4.6,5.1,261.1,-52.8,0.0,29.4,0x20,405.003,19.7,-1125,-1,2.1,,
2026-09-04T00:42:08.000Z,M20-409-2-00781,1472517728,43.51810,4.74924,24341.4,4.3,7.2,262.0,-52.8,0.0,29.4,0x20,405.003,19.7,-1125,-1,2.1,,
2026-09-04T00:42:09.000Z,M20-409-2-00781,1472517729,43.51810,4.74916,24346.6,6.2,6.9,278.1,-52.8,0.0,29.3,0x20,405.003,19.7,-1125,-1,2.1,,
2026-09-04T00:42:10.000Z,M20-409-2-00781,1472517730,43.51812,4.74909,24352.8,6.4,5.4,304.8,-52.8,0.0,29.3,0x20,405.003,9.5,-1125,-1,2.1,,
2026-09-04T00:42:11.000Z,M20-409-2-00781,1472517731,43.51815,4.74904,24357.9,3.7,4.7,330.3,-52.8,0.0,29.3,0x20,405.003,5.6,-1125,-1,2.1,,
2026-09-04T00:42:12.000Z,M20-409-2-00781,1472517732,43.51818,4.74902,24362.2,5.1,3.0,346.1,-52.8,0.0,29.2,0x20,405.003,4.8,-1125,-1,2.1,,
2026-09-04T00:42:13.000Z,M20-409-2-00781,1472517733,43.51819,4.74902,24367.8,6.0,0.7,238.7,-52.8,0.0,29.2,0x20,405.003,16.1,-1125,-1,2.1,,
2026-09-04T00:42:14.000Z,M20-409-2-00781,1472517734,43.51818,4.74901,24372.7,3.9,2.8,208.9,-52.8,0.0,29.2,0x20,405.003,16.1,-1125,-1,2.1,,
2026-09-04T00:42:15.000Z,M20-409-2-00781,1472517735,43.51816,4.74898,24377.5,5.9,3.6,227.7,-52.8,0.0,29.2,0x20,405.003,22.5,-1125,-1,2.1,,
2026-09-04T00:42:16.000Z,M20-409-2-00781,1472517736,43.51815,4.74895,24383.6,6.4,3.0,273.8,-52.8,0.0,29.1,0x20,405.003,22.5,-1125,-1,2.1,,
2026-09-04T00:42:17.000Z,M20-409-2-00781,1472517737,43.51816,4.74891,24389.0,4.2,3.7,310.9,-52.8,0.0,29.1,0x20,405.003,20.7,-1125,-1,2.1,,
2026-09-04T00:42:18.000Z,M20-409-2-00781,1472517738,43.51819,4.74887,24393.7,5.2,4.6,316.4,-52.8,0.0,29.1,0x20,405.003,22.2,-1125,-1,2.1,,
2026-09-04T00:42:19.000Z,M20-409-2-00781,1472517739,43.51821,4.74883,24399.3,6.0,4.1,297.8,-52.8,0.0,29.1,0x20,405.003,22.2,-1125,-1,2.1,,
2026-09-04T00:42:20.000Z,M20-409-2-00781,1472517740,43.51822,4.74879,24404.7,4.7,3.8,282.5,-52.8,0.0,29.1,0x20,405.003,19.8,-1125,-1,2.1,,
2026-09-04T00:42:21.000Z,M20-409-2-00781,1472517741,43.51823,4.74875,24409.3,5.0,3.0,285.9,-52.8,0.0,29.0,0x20,405.003,21.6,-1125,-1,2.1,,
2026-09-04T00:42:22.000Z,M20-409-2-00781,1472517742,43.51824,4.74872,24414.8,6.3,2.6,332.7,-52.8,0.0,29.0,0x20,405.003,21.6,-1125,-1,2.1,,
2026-09-04T00:42:23.000Z,M20-409-2-00781,1472517743,43.51827,4.74871,24420.1,4.4,3.8,355.5,-52.8,0.0,29.0,0x20,405.003,5.1,-1125,-1,2.1,,
2026-09-04T00:42:24.000Z,M20-409-2-00781,1472517744,43.51830,4.74871,24424.9,5.5,3.6,352.8,-52.8,0.0,29.0,0x20,405.003,5.1,-1125,-1,2.1,,
2026-09-04T00:42:25.000Z,M20-409-2-00781,1472517745,43.51832,4.74869,24430.8,6.2,1.9,310.5,-52.9,0.0,28.9,0x20,405.003,6.5,-1125,-1,2.1,,
2026-09-04T00:42:26.000Z,M20-409-2-00781,1472517746,43.51833,4.74867,24436.0,4.1,2.4,263.9,-52.9,0.0,28.9,0x20,405.003,14.4,-1125,-1,2.1,,
2026-09-04T00:42:27.000Z,M20-409-2-00781,1472517747,43.51833,4.74864,24441.4,6.5,3.2,271.1,-52.9,0.0,28.9,0x20,405.003,21.1,-1125,-1,2.1,,
2026-09-04T00:42:28.000Z,M20-409-2-00781,1472517748,43.51834,4.74860,24447.2,5.3,3.6,306.5,-52.9,0.0,28.9,0x20,405.003,21.1,-1125,-1,2.1,,
2026-09-04T00:42:29.000Z,M20-409-2-00781,1472517749,43.51837,4.74857,24451.9,4.4,4.9,329.2,-52.9,0.0,28.8,0x20,405.003,19.5,-1125,-1,2.1,,
2026-09-04T00:42:30.000Z,M20-409-2-00781,1472517750,43.51841,4.74854,24456.0,4.1,5.5,332.6,-52.9,0.0,28.8,0x20,405.003,22.7,-1125,-1,2.1,,
2026-09-04T00:42:31.000Z,M20-409-2-00781,1472517751,43.51844,4.74850,24460.8,5.7,4.5,320.6,-52.9,0.0,28.8,0x20,405.003,22.7,-1125,-1,2.1,,
2026-09-04T00:42:32.000Z,M20-409-2-00781,1472517752,43.51847,4.74847,24466.5,5.4,3.5,300.9,-52.9,0.0,28.8,0x20,405.003,19.6,-1125,-1,2.1,,
2026-09-04T00:42:33.000Z,M20-409-2-00781,1472517753,43.51848,4.74844,24471.4,4.1,2.1,262.6,-52.9,0.0,28.8,0x20,405.003,21.7,-1125,-1,2.1,,
2026-09-04T00:42:34.000Z,M20-409-2-00781,1472517754,43.51847,4.74843,24476.0,5.0,0.7,147.2,-53.0,0.0,28.7,0x20,405.003,21.7,-1125,-1,2.1,,
2026-09-04T00:42:35.000Z,M20-409-2-00781,1472517755,43.51848,4.74845,24481.5,6.1,2.8,58.7,-53.0,0.0,28.7,0x20,405.003,21.0,-1125,-1,2.1,,
2026-09-04T00:42:36.000Z,M20-409-2-00781,1472517756,43.51850,4.74847,24486.7,4.4,4.5,27.3,-53.0,0.0,28.7,0x20,405.003,5.4,-1125,-1,2.1,,
2026-09-04T00:42:37.000Z,M20-409-2-00781,1472517757,43.51855,4.74848,24491.7,5.4,6.1,353.0,-53.0,0.0,28.6,0x20,405.003,4.5,-1125,-1,2.1,,
2026-09-04T00:42:38.000Z,M20-409-2-00781,1472517758,43.51860,4.74845,24496.9,5.2,7.6,318.6,-53.0,0.0,28.6,0x20,405.003,8.1,-1125,-1,2.1,,
2026-09-04T00:42:39.000Z,M20-409-2-00781,1472517759,43.51864,4.74838,24501.9,4.6,7.5,299.6,-53.0,0.0,28.6,0x20,405.003,17.5,-1125,-1,2.1,,
2026-09-04T00:42:40.000Z,M20-409-2-00781,1472517760,43.51866,4.74831,24507.7,6.8,5.1,285.1,-53.0,0.0,28.6,0x20,405.003,21.2,-1125,-1,2.1,,
2026-09-04T00:42:41.000Z,M20-409-2-00781,1472517761,43.51867,4.74827,24514.4,6.6,0.5,284.9,-53.0,0.0,28.6,0x20,405.003,21.8,-1125,-1,2.1,,
2026-09-04T00:42:42.000Z,M20-409-2-00781,1472517762,43.51867,4.74829,24519.0,2.7,2.7,93.6,-53.0,0.0,28.5,0x20,405.003,21.8,-1125,-1,2.1,,
2026-09-04T00:42:43.000Z,M20-409-2-00781,1472517763,43.51866,4.74833,24522.3,4.0,5.2,100.3,-53.0,0.0,28.5,0x20,405.003,20.1,-1125,-1,2.1,,
2026-09-04T00:42:44.000Z,M20-409-2-00781,1472517764,43.51865,4.74839,24527.7,6.5,4.3,113.1,-52.9,0.0,28.5,0x20,405.003,17.2,-1125,-1,2.1,,
2026-09-04T00:42:45.000Z,M20-409-2-00781,1472517765,43.51863,4.74842,24533.3,4.5,2.5,139.1,-52.9,0.0,28.5,0x20,405.003,15.7,-1125,-1,2.1,,
2026-09-04T00:42:46.000Z,M20-409-2-00781,1472517766,43.51862,4.74843,24538.0,4.8,1.1,214.7,-52.8,0.0,28.4,0x20,405.003,17.2,-1125,-1,2.1,,
2026-09-04T00:42:47.000Z,M20-409-2-00781,1472517767,43.51862,4.74842,24543.5,6.1,1.8,311.8,-52.8,0.0,28.4,0x20,405.003,18.6,-1125,-1,2.1,,
2026-09-04T00:42:48.000Z,M20-409-2-00781,1472517768,43.51864,4.74840,24548.8,4.3,2.8,337.9,-52.7,0.0,28.4,0x20,405.003,18.6,-1125,-1,2.1,,
2026-09-04T00:42:49.000Z,M20-409-2-00781,1472517769,43.51866,4.74839,24553.7,5.5,2.7,336.4,-52.6,0.0,28.4,0x20,405.003,6.3,-1125,-1,2.1,,
2026-09-04T00:42:50.000Z,M20-409-2-00781,1472517770,43.51867,4.74838,24559.8,6.3,1.8,287.6,-52.6,0.0,28.4,0x20,405.003,6.3,-1125,-1,2.1,,
2026-09-04T00:42:51.000Z,M20-409-2-00781,1472517771,43.51867,4.74835,24565.4,4.5,1.9,236.9,-52.5,0.0,28.3,0x20,405.003,4.1,-1125,-1,2.1,,
2026-09-04T00:42:52.000Z,M20-409-2-00781,1472517772,43.51866,4.74834,24571.0,6.5,1.7,169.8,-52.5,0.0,28.3,0x20,405.003,20.2,-1125,-1,2.1,,
2026-09-04T00:42:53.000Z,M20-409-2-00781,1472517773,43.51865,4.74836,24576.9,4.7,2.5,109.2,-52.4,0.0,28.3,0x20,405.003,21.9,-1125,-1,2.1,,
2026-09-04T00:42:54.000Z,M20-409-2-00781,1472517774,43.51865,4.74839,24581.6,4.7,3.1,80.7,-52.4,0.0,28.3,0x20,405.003,21.9,-1125,-1,2.1,,
2026-09-04T00:42:55.000Z,M20-409-2-00781,1472517775,43.51865,4.74842,24587.4,6.7,1.4,47.3,-52.3,0.0,28.2,0x20,405.003,22.4,-1125,-1,2.1,,
2026-09-04T00:42:56.000Z,M20-409-2-00781,1472517776,43.51866,4.74842,24592.7,4.1,1.3,297.4,-52.3,0.0,28.2,0x20,405.003,22.4,-1125,-1,2.1,,
2026-09-04T00:42:57.000Z,M20-409-2-00781,1472517777,43.51867,4.74839,24596.7,3.5,3.3,281.7,-52.3,0.0,28.2,0x20,405.003,18.3,-1125,-1,2.1,,
2026-09-04T00:42:58.000Z,M20-409-2-00781,1472517778,43.51868,4.74835,24601.4,5.8,3.8,292.7,-52.3,0.0,28.2,0x20,405.003,19.8,-1125,-1,2.1,,
2026-09-04T00:42:59.000Z,M20-409-2-00781,1472517779,43.51869,4.74832,24607.2,5.5,2.8,308.2,-52.3,0.0,28.1,0x20,405.003,22.7,-1125,-1,2.1,,
2026-09-04T00:43:00.000Z,M20-409-2-00781,1472517780,43.51870,4.74830,24612.5,5.3,0.5,285.3,-52.3,0.0,28.1,0x20,405.003,22.7,-1125,-1,2.1,,
2026-09-04T00:43:01.000Z,M20-409-2-00781,1472517781,43.51869,4.74830,24618.0,5.6,2.8,162.4,-52.3,0.0,28.1,0x20,405.003,19.8,-1125,-1,2.1,,
2026-09-04T00:43:02.000Z,M20-409-2-00781,1472517782,43.51865,4.74831,24623.5,4.7,5.0,171.7,-52.3,0.0,28.1,0x20,405.003,6.3,-1125,-1,2.1,,
2026-09-04T00:43:03.000Z,M20-409-2-00781,1472517783,43.51861,4.74832,24627.6,3.8,5.9,175.0,-52.3,0.0,28.0,0x20,405.003,4.7,-1125,-1,2.1,,
2026-09-04T00:43:04.000Z,M20-409-2-00781,1472517784,43.51856,4.74833,24632.4,5.8,3.9,167.1,-52.3,0.0,28.0,0x20,405.003,4.4,-1125,-1,2.1,,
2026-09-04T00:43:05.000Z,M20-409-2-00781,1472517785,43.51854,4.74834,24638.5,5.8,0.9,104.3,-52.3,0.0,28.0,0x20,405.003,18.9,-1125,-1,2.1,,
2026-09-04T00:43:06.000Z,M20-409-2-00781,1472517786,43.51855,4.74835,24643.2,4.0,2.5,0.9,-52.2,0.0,28.0,0x20,405.003,21.4,-1125,-1,2.1,,
2026-09-04T00:43:07.000Z,M20-409-2-00781,1472517787,43.51858,4.74833,24647.8,5.5,4.0,324.6,-52.2,0.0,27.9,0x20,405.003,21.4,-1125,-1,2.1,,
2026-09-04T00:43:08.000Z,M20-409-2-00781,1472517788,43.51860,4.74829,24654.1,7.1,4.6,272.8,-52.2,0.0,27.9,0x20,405.003,18.4,-1125,-1,2.1,,
2026-09-04T00:43:09.000Z,M20-409-2-00781,1472517789,43.51858,4.74823,24660.0,4.7,6.0,239.9,-52.2,0.0,27.9,0x20,405.003,21.4,-1125,-1,2.1,,
2026-09-04T00:43:10.000Z,M20-409-2-00781,1472517790,43.51855,4.74817,24664.3,4.5,6.6,214.1,-52.2,0.0,27.9,0x20,405.003,21.4,-1125,-1,2.1,,
2026-09-04T00:43:11.000Z,M20-409-2-00781,1472517791,43.51850,4.74815,24669.4,6.0,5.0,184.5,-52.2,0.0,27.9,0x20,405.003,20.0,-1125,-1,2.1,,
2026-09-04T00:43:12.000Z,M20-409-2-00781,1472517792,43.51846,4.74816,24675.0,5.4,3.5,139.4,-52.2,0.0,27.8,0x20,405.003,19.6,-1125,-1,2.1,,
2026-09-04T00:43:13.000Z,M20-409-2-00781,1472517793,43.51845,4.74819,24679.8,4.5,3.5,106.1,-52.2,0.0,27.8,0x20,405.003,18.7,-1125,-1,2.1,,
2026-09-04T00:43:14.000Z,M20-409-2-00781,1472517794,43.51844,4.74823,24684.8,5.7,2.7,111.5,-52.2,0.0,27.8,0x20,405.003,17.6,-1125,-1,2.1,,
2026-09-04T00:43:15.000Z,M20-409-2-00781,1472517795,43.51842,4.74825,24690.9,6.7,3.1,185.0,-52.2,0.0,27.8,0x20,405.003,4.9,-1125,-1,2.1,,
2026-09-04T00:43:16.000Z,M20-409-2-00781,1472517796,43.51839,4.74823,24696.4,4.5,5.6,210.6,-52.2,0.0,27.7,0x20,405.003,4.2,-1125,-1,2.1,,
2026-09-04T00:43:17.000Z,M20-409-2-00781,1472517797,43.51834,4.74818,24700.3,3.6,7.5,222.0,-52.2,0.0,27.7,0x20,405.003,12.1,-1125,-1,2.1,,
2026-09-04T00:43:18.000Z,M20-409-2-00781,1472517798,43.51830,4.74811,24705.1,6.0,7.3,239.1,-52.1,0.0,27.7,0x20,405.003,18.0,-1125,-1,2.1,,
2026-09-04T00:43:19.000Z,M20-409-2-00781,1472517799,43.51827,4.74803,24710.7,5.3,5.7,257.0,-52.1,0.0,27.7,0x20,405.003,18.8,-1125,-1,2.1,,
2026-09-04T00:43:20.000Z,M20-409-2-00781,1472517800,43.51826,4.74798,24716.0,5.4,3.3,261.5,-52.1,0.0,27.6,0x20,405.003,19.1,-1125,-1,2.1,,
2026-09-04T00:43:21.000Z,M20-409-2-00781,1472517801,43.51825,4.74796,24721.6,5.8,2.5,190.8,-52.0,0.0,27.6,0x20,405.003,19.1,-1125,-1,2.1,,
2026-09-04T00:43:22.000Z,M20-409-2-00781,1472517802,43.51821,4.74797,24726.9,5.0,6.1,160.9,-52.0,0.0,27.6,0x20,405.003,20.1,-1125,-1,2.1,,
2026-09-04T00:43:23.000Z,M20-409-2-00781,1472517803,43.51815,4.74800,24731.4,4.0,8.2,157.8,-51.9,0.0,27.6,0x20,405.003,20.5,-1125,-1,2.1,,
2026-09-04T00:43:24.000Z,M20-409-2-00781,1472517804,43.51809,4.74803,24736.7,6.6,7.4,165.2,-51.9,0.0,27.6,0x20,405.003,20.5,-1125,-1,2.1,,
2026-09-04T00:43:25.000Z,M20-409-2-00781,1472517805,43.51804,4.74803,24743.6,7.4,4.6,205.0,-51.8,0.0,27.5,0x20,405.003,18.6,-1125,-1,2.1,,
2026-09-04T00:43:26.000Z,M20-409-2-00781,1472517806,43.51801,4.74799,24748.8,2.8,4.6,247.7,-51.7,0.0,27.5,0x20,405.003,22.2,-1125,-1,2.1,,
2026-09-04T00:43:27.000Z,M20-409-2-00781,1472517807,43.51800,4.74792,24752.3,4.4,6.5,268.2,-51.7,0.0,27.5,0x20,405.003,22.2,-1125,-1,2.1,,
2026-09-04T00:43:28.000Z,M20-409-2-00781,1472517808,43.51799,4.74784,24758.2,7.3,6.8,251.6,-51.6,0.0,27.5,0x20,405.003,5.7,-1125,-1,2.1,,
2026-09-04T00:43:29.000Z,M20-409-2-00781,1472517809,43.51796,4.74777,24763.9,4.3,6.8,230.3,-51.6,0.0,27.4,0x20,405.003,5.1,-1125,-1,2.1,,
2026-09-04T00:43:30.000Z,M20-409-2-00781,1472517810,43.51791,4.74772,24768.3,4.7,7.2,209.9,-51.6,0.0,27.4,0x20,405.003,10.0,-1125,-1,2.1,,
2026-09-04T00:43:31.000Z,M20-409-2-00781,1472517811,43.51786,4.74768,24773.7,6.3,6.4,202.2,-51.6,0.0,27.4,0x20,405.003,12.6,-1125,-1,2.1,,
2026-09-04T00:43:32.000Z,M20-409-2-00781,1472517812,43.51781,4.74765,24779.4,5.1,5.3,201.2,-51.5,0.0,27.4,0x20,405.003,18.3,-1125,-1,2.1,,
2026-09-04T00:43:33.000Z,M20-409-2-00781,1472517813,43.51777,4.74763,24784.7,5.8,4.9,195.5,-51.5,0.0,27.4,0x20,405.003,21.9,-1125,-1,2.1,,
2026-09-04T00:43:34.000Z,M20-409-2-00781,1472517814,43.51772,4.74762,24790.5,5.9,5.3,188.3,-51.5,0.0,27.3,0x20,405.003,21.9,-1125,-1,2.1,,
2026-09-04T00:43:35.000Z,M20-409-2-00781,1472517815,43.51767,4.74760,24796.0,5.2,5.5,194.1,-51.5,0.0,27.3,0x20,405.003,21.9,-1125,-1,2.1,,
2026-09-04T00:43:36.000Z,M20-409-2-00781,1472517816,43.51763,4.74757,24801.8,6.4,5.3,223.9,-51.5,0.0,27.3,0x20,405.003,17.2,-1125,-1,2.1,,
2026-09-04T00:43:37.000Z,M20-409-2-00781,1472517817,43.51761,4.74751,24807.4,4.9,6.6,249.6,-51.4,0.0,27.3,0x20,405.003,19.2,-1125,-1,2.1,,
2026-09-04T00:43:38.000Z,M20-409-2-00781,1472517818,43.51759,4.74743,24812.0,4.4,7.9,254.1,-51.4,0.0,27.2,0x20,405.003,21.6,-1125,-1,2.1,,
2026-09-04T00:43:39.000Z,M20-409-2-00781,1472517819,43.51756,4.74734,24817.5,6.6,8.0,235.2,-51.4,0.0,27.2,0x20,405.003,21.6,-1125,-1,2.1,,
2026-09-04T00:43:40.000Z,M20-409-2-00781,1472517820,43.51750,4.74728,24823.5,5.5,8.4,208.6,-51.3,0.0,27.2,0x20,405.003,15.8,-1125,-1,2.1,,
2026-09-04T00:43:41.000Z,M20-409-2-00781,1472517821,43.51743,4.74724,24828.0,3.5,9.1,192.5,-51.3,0.0,27.2,0x20,405.003,5.0,-1125,-1,2.1,,
2026-09-04T00:43:42.000Z,M20-409-2-00781,1472517822,43.51735,4.74722,24832.6,6.1,8.6,189.3,-51.3,0.0,27.1,0x20,405.003,5.0,-1125,-1,2.1,,
2026-09-04T00:43:43.000Z,M20-409-2-00781,1472517823,43.51729,4.74719,24839.1,6.9,6.7,207.1,-51.3,0.0,27.1,0x20,405.003,7.6,-1125,-1,2.1,,
2026-09-04T00:43:44.000Z,M20-409-2-00781,1472517824,43.51724,4.74714,24844.5,3.8,6.3,229.6,-51.4,0.0,27.1,0x20,405.003,14.4,-1125,-1,2.1,,
2026-09-04T00:43:45.000Z,M20-409-2-00781,1472517825,43.51721,4.74707,24849.1,5.5,7.2,242.7,-51.4,0.0,27.1,0x20,405.003,21.3,-1125,-1,2.1,,
2026-09-04T00:43:46.000Z,M20-409-2-00781,1472517826,43.51717,4.74700,24855.1,6.8,8.1,231.1,-51.4,0.0,27.1,0x20,405.003,21.3,-1125,-1,2.1,,
2026-09-04T00:43:47.000Z,M20-409-2-00781,1472517827,43.51712,4.74692,24860.6,4.1,9.0,218.6,-51.4,0.0,27.0,0x20,405.003,18.7,-1125,-1,2.1,,
2026-09-04T00:43:48.000Z,M20-409-2-00781,1472517828,43.51705,4.74685,24865.1,5.2,9.7,214.3,-51.4,0.0,27.0,0x20,405.003,16.7,-1125,-1,2.1,,
2026-09-04T00:43:49.000Z,M20-409-2-00781,1472517829,43.51698,4.74678,24870.8,6.1,9.5,218.4,-51.4,0.0,27.0,0x20,405.003,17.8,-1125,-1,2.1,,
2026-09-04T00:43:50.000Z,M20-409-2-00781,1472517830,43.51692,4.74671,24876.0,4.7,9.1,220.7,-51.4,0.0,27.0,0x20,405.003,22.1,-1125,-1,2.1,,
2026-09-04T00:43:51.000Z,M20-409-2-00781,1472517831,43.51685,4.74664,24881.3,6.0,9.0,215.0,-51.4,0.0,26.9,0x20,405.003,22.1,-1125,-1,2.1,,
2026-09-04T00:43:52.000Z,M20-409-2-00781,1472517832,43.51678,4.74658,24887.2,5.6,9.9,205.3,-51.4,0.0,26.9,0x20,405.003,19.1,-1125,-1,2.1,,
2026-09-04T00:43:53.000Z,M20-409-2-00781,1472517833,43.51669,4.74653,24892.3,5.1,10.9,203.8,-51.3,0.0,26.9,0x20,405.003,19.1,-1125,-1,2.1,,
2026-09-04T00:43:54.000Z,M20-409-2-00781,1472517834,43.51661,4.74646,24897.8,5.9,11.5,215.3,-51.3,0.0,26.9,0x20,405.003,4.3,-1125,-1,2.1,,
2026-09-04T00:43:56.000Z,M20-409-2-00781,1472517836,43.51647,4.74623,24908.7,4.2,12.3,244.1,-51.2,0.0,26.8,0x20,405.003,5.8,-1125,-1,2.1,,
2026-09-04T00:43:57.000Z,M20-409-2-00781,1472517837,43.51644,4.74611,24913.8,6.0,10.3,249.4,-51.1,0.0,26.8,0x20,405.003,18.2,-1125,-1,2.1,,
2026-09-04T00:43:58.000Z,M20-409-2-00781,1472517838,43.51640,4.74601,24920.4,6.9,6.5,237.0,-51.0,0.0,26.8,0x20,405.003,20.4,-1125,-1,2.1,,
2026-09-04T00:43:59.000Z,M20-409-2-00781,1472517839,43.51637,4.74596,24925.7,3.2,5.1,212.8,-51.0,0.0,26.8,0x20,405.003,20.4,-1125,-1,2.1,,
2026-09-04T00:44:00.000Z,M20-409-2-00781,1472517840,43.51632,4.74594,24929.5,4.4,5.8,191.8,-50.9,0.0,26.7,0x20,405.003,17.8,-1125,-1,2.1,,
2026-09-04T00:44:01.000Z,M20-409-2-00781,1472517841,43.51627,4.74591,24935.4,7.3,6.9,210.3,-50.8,0.0,26.7,0x20,405.003,15.3,-1125,-1,2.1,,
2026-09-04T00:44:02.000Z,M20-409-2-00781,1472517842,43.51622,4.74585,24941.4,4.5,8.3,229.2,-50.8,0.0,26.7,0x20,405.003,19.7,-1125,-1,2.1,,
2026-09-04T00:44:03.000Z,M20-409-2-00781,1472517843,43.51618,4.74576,24946.1,4.7,9.7,240.8,-50.8,0.0,26.7,0x20,405.003,19.7,-1125,-1,2.1,,
2026-09-04T00:44:04.000Z,M20-409-2-00781,1472517844,43.51613,4.74565,24951.6,6.2,9.7,242.6,-50.7,0.0,26.6,0x20,405.003,18.4,-1125,-1,2.1,,
2026-09-04T00:44:05.000Z,M20-409-2-00781,1472517845,43.51609,4.74555,24957.4,5.4,8.8,240.0,-50.7,0.0,26.6,0x20,405.003,18.4,-1125,-1,2.1,,
2026-09-04T00:44:06.000Z,M20-409-2-00781,1472517846,43.51606,4.74546,24962.5,4.5,8.0,241.1,-50.7,0.0,26.6,0x20,405.003,17.2,-1125,-1,2.1,,
2026-09-04T00:44:07.000Z,M20-409-2-00781,1472517847,43.51603,4.74537,24967.6,5.8,7.9,248.6,-50.7,0.0,26.6,0x20,405.003,3.1,-1125,-1,2.1,,
2026-09-04T00:44:08.000Z,M20-409-2-00781,1472517848,43.51600,4.74528,24973.2,5.3,8.4,254.0,-50.6,0.0,26.6,0x20,405.003,3.8,-1125,-1,2.1,,
2026-09-04T00:44:09.000Z,M20-409-2-00781,1472517849,43.51598,4.74518,24978.7,5.8,8.1,249.2,-50.6,0.0,26.5,0x20,405.003,15.3,-1125,-1,2.1,,
2026-09-04T00:44:10.000Z,M20-409-2-00781,1472517850,43.51595,4.74510,24984.5,5.5,6.8,232.7,-50.6,0.0,26.5,0x20,405.003,18.6,-1125,-1,2.1,,
2026-09-04T00:44:11.000Z,M20-409-2-00781,1472517851,43.51591,4.74505,24989.8,4.9,5.9,210.2,-50.6,0.0,26.5,0x20,405.003,18.6,-1125,-1,2.1,,
2026-09-04T00:44:12.000Z,M20-409-2-00781,1472517852,43.51586,4.74502,24995.0,5.7,4.9,205.7,-50.7,0.0,26.5,0x20,405.003,16.0,-1125,-1,2.1,,
2026-09-04T00:44:13.000Z,M20-409-2-00781,1472517853,43.51583,4.74498,25001.1,6.4,4.6,240.7,-50.7,0.0,26.4,0x20,405.003,18.6,-1125,-1,2.1,,
2026-09-04T00:44:14.000Z,M20-409-2-00781,1472517854,43.51582,4.74491,25007.1,5.5,7.6,268.3,-50.6,0.0,26.4,0x20,405.003,18.6,-1125,-1,2.1,,
2026-09-04T00:44:16.000Z,M20-409-2-00781,1472517856,43.51583,4.74466,25015.9,4.7,11.3,272.5,-50.6,0.0,26.4,0x20,405.003,18.2,-1125,-1,2.1,,
2026-09-04T00:44:17.000Z,M20-409-2-00781,1472517857,43.51583,4.74454,25021.7,6.8,8.2,261.3,-50.6,0.0,26.4,0x20,405.003,18.2,-1125,-1,2.1,,
2026-09-04T00:44:18.000Z,M20-409-2-00781,1472517858,43.51581,4.74447,25027.7,5.0,4.8,239.7,-50.6,0.0,26.3,0x20,405.003,16.7,-1125,-1,2.1,,
2026-09-04T00:44:19.000Z,M20-409-2-00781,1472517859,43.51578,4.74443,25032.0,3.3,3.6,203.3,-50.6,0.0,26.3,0x20,405.003,14.3,-1125,-1,2.1,,
2026-09-04T00:44:20.000Z,M20-409-2-00781,1472517860,43.51576,4.74442,25036.9,6.7,3.3,199.7,-50.6,0.0,26.3,0x20,405.003,3.3,-1125,-1,2.1,,
2026-09-04T00:44:21.000Z,M20-409-2-00781,1472517861,43.51573,4.74438,25043.6,7.0,4.8,247.6,-50.6,0.0,26.3,0x20,405.003,4.0,-1125,-1,2.1,,
2026-09-04T00:44:23.000Z,M20-409-2-00781,1472517863,43.51572,4.74421,25053.5,5.4,9.3,269.9,-50.7,0.0,26.2,0x20,405.003,16.1,-1125,-1,2.1,,
2026-09-04T00:44:24.000Z,M20-409-2-00781,1472517864,43.51572,4.74410,25059.3,6.0,8.7,269.9,-50.7,0.0,26.2,0x20,405.003,16.1,-1125,-1,2.1,,
2026-09-04T00:44:25.000Z,M20-409-2-00781,1472517865,43.51572,4.74400,25064.6,4.7,7.7,270.1,-50.6,0.0,26.2,0x20,405.003,16.1,-1125,-1,2.1,,
2026-09-04T00:44:26.000Z,M20-409-2-00781,1472517866,43.51572,4.74391,25069.9,5.9,7.9,272.2,-50.7,0.0,26.1,0x20,405.003,17.4,-1125,-1,2.1,,
2026-09-04T00:44:27.000Z,M20-409-2-00781,1472517867,43.51572,4.74381,25075.5,5.2,8.4,269.5,-50.7,0.0,26.1,0x20,405.003,17.4,-1125,-1,2.1,,
2026-09-04T00:44:28.000Z,M20-409-2-00781,1472517868,43.51572,4.74370,25080.5,5.2,8.1,269.9,-50.7,0.0,26.1,0x20,405.003,18.4,-1125,-1,2.1,,
2026-09-04T00:44:29.000Z,M20-409-2-00781,1472517869,43.51572,4.74362,25085.9,6.2,5.4,266.3,-50.7,0.0,26.1,0x20,405.003,18.4,-1125,-1,2.1,,
2026-09-04T00:44:30.000Z,M20-409-2-00781,1472517870,43.51571,4.74356,25091.1,4.1,4.1,259.1,-50.7,0.0,26.1,0x20,405.003,15.7,-1125,-1,2.1,,
2026-09-04T00:44:31.000Z,M20-409-2-00781,1472517871,43.51571,4.74351,25096.1,5.6,4.6,267.9,-50.7,0.0,26.1,0x20,405.003,13.1,-1125,-1,2.1,,
2026-09-04T00:44:32.000Z,M20-409-2-00781,1472517872,43.51570,4.74343,25102.4,6.8,7.8,269.0,-50.7,0.0,26.0,0x20,405.003,13.1,375,-1,2.1,,
2026-09-04T00:44:33.000Z,M20-409-2-00781,1472517873,43.51570,4.74332,25107.4,3.4,10.2,271.1,-50.8,0.0,26.0,0x20,405.003,3.2,-1125,-1,2.1,,
2026-09-04T00:44:34.000Z,M20-409-2-00781,1472517874,43.51571,4.74319,25111.8,5.3,11.5,274.0,-50.8,0.0,26.0,0x20,405.003,4.1,-1125,-1,2.1,,
2026-09-04T00:44:35.000Z,M20-409-2-00781,1472517875,43.51571,4.74306,25117.8,6.8,9.4,272.4,-50.8,0.0,25.9,0x20,405.003,12.2,-1125,-1,2.1,,
2026-09-04T00:44:36.000Z,M20-409-2-00781,1472517876,43.51572,4.74296,25123.1,3.8,7.7,274.0,-50.8,0.0,25.9,0x20,405.003,18.4,-1125,-1,2.1,,
2026-09-04T00:44:37.000Z,M20-409-2-00781,1472517877,43.51572,4.74287,25127.8,5.4,6.2,277.5,-50.8,0.0,25.9,0x20,405.003,18.4,-1125,-1,2.1,,
2026-09-04T00:44:38.000Z,M20-409-2-00781,1472517878,43.51573,4.74279,25133.8,6.1,7.3,282.3,-50.7,0.0,25.9,0x20,405.003,16.6,-1125,-1,2.1,,
2026-09-04T00:44:39.000Z,M20-409-2-00781,1472517879,43.51575,4.74270,25139.5,5.5,8.9,278.5,-50.7,0.0,25.9,0x20,405.003,13.7,-1125,-1,2.1,,
2026-09-04T00:44:40.000Z,M20-409-2-00781,1472517880,43.51576,4.74259,25144.8,4.3,9.4,277.3,-50.7,0.0,25.9,0x20,405.003,16.8,-1125,-1,2.1,,
2026-09-04T00:44:41.000Z,M20-409-2-00781,1472517881,43.51576,4.74248,25149.5,4.9,8.6,269.6,-50.7,0.0,25.8,0x20,405.003,16.8,-1125,-1,2.1,,
2026-09-04T00:44:42.000Z,M20-409-2-00781,1472517882,43.51576,4.74239,25155.1,5.9,6.2,256.2,-50.8,0.0,25.8,0x20,405.003,16.5,-1125,-1,2.1,,
2026-09-04T00:44:43.000Z,M20-409-2-00781,1472517883,43.51575,4.74232,25160.6,5.0,4.5,254.6,-50.8,0.0,25.8,0x20,405.003,14.0,-1125,-1,2.1,,
2026-09-04T00:44:44.000Z,M20-409-2-00781,1472517884,43.51574,4.74227,25166.0,5.8,4.6,277.4,-50.8,0.0,25.8,0x20,405.003,17.4,-1125,-1,2.1,,
2026-09-04T00:44:45.000Z,M20-409-2-00781,1472517885,43.51576,4.74220,25172.0,6.3,7.7,293.1,-50.8,0.0,25.7,0x20,405.003,17.4,-1125,-1,2.1,,
2026-09-04T00:44:46.000Z,M20-409-2-00781,1472517886,43.51579,4.74209,25177.8,5.0,10.7,295.5,-50.8,0.0,25.7,0x20,405.003,4.4,-1125,-1,2.1,,
2026-09-04T00:44:47.000Z,M20-409-2-00781,1472517887,43.51584,4.74197,25183.1,5.3,11.5,294.0,-50.7,0.0,25.7,0x20,405.003,3.4,375,-1,2.1,,
2026-09-04T00:44:48.000Z,M20-409-2-00781,1472517888,43.51587,4.74185,25188.9,6.6,9.4,287.9,-50.7,0.0,25.7,0x20,405.003,7.6,0,-1,2.1,,
2026-09-04T00:44:49.000Z,M20-409-2-00781,1472517889,43.51588,4.74176,25194.8,5.3,6.2,276.9,-50.7,0.0,25.6,0x20,405.003,16.7,-1125,-1,2.1,,
2026-09-04T00:44:50.000Z,M20-409-2-00781,1472517890,43.51589,4.74170,25199.1,3.7,3.9,272.4,-50.7,0.0,25.6,0x20,405.003,17.7,-1125,-1,2.1,,
2026-09-04T00:44:51.000Z,M20-409-2-00781,1472517891,43.51590,4.74165,25203.8,5.8,4.2,289.4,-50.7,0.0,25.6,0x20,405.003,17.7,-1125,-1,2.1,,
2026-09-04T00:44:52.000Z,M20-409-2-00781,1472517892,43.51592,4.74159,25209.9,6.5,7.2,300.1,-50.7,0.0,25.6,0x20,405.003,16.1,-1125,-1,2.1,,
2026-09-04T00:44:53.000Z,M20-409-2-00781,1472517893,43.51596,4.74150,25214.7,3.4,9.5,302.6,-50.7,0.0,25.6,0x20,405.003,17.8,-1125,-1,2.1,,
2026-09-04T00:44:54.000Z,M20-409-2-00781,1472517894,43.51601,4.74140,25219.0,5.1,10.6,306.6,-50.7,0.0,25.5,0x20,405.003,17.9,-1125,-1,2.1,,
2026-09-04T00:44:55.000Z,M20-409-2-00781,1472517895,43.51606,4.74130,25224.6,6.1,9.4,305.7,-50.7,0.0,25.5,0x20,405.003,19.8,-1125,-1,2.1,,
2026-09-04T00:44:56.000Z,M20-409-2-00781,1472517896,43.51610,4.74122,25230.2,4.4,6.6,297.3,-50.7,0.0,25.5,0x20,405.003,19.8,-1125,-1,2.1,,
2026-09-04T00:44:57.000Z,M20-409-2-00781,1472517897,43.51612,4.74114,25234.5,4.1,6.2,279.7,-50.7,0.0,25.5,0x20,405.003,17.5,-1125,-1,2.1,,
2026-09-04T00:44:58.000Z,M20-409-2-00781,1472517898,43.51612,4.74106,25239.5,5.9,7.7,271.8,-50.8,0.0,25.4,0x20,405.003,4.1,-1125,-1,2.1,,
2026-09-04T00:44:59.000Z,M20-409-2-00781,1472517899,43.51613,4.74096,25245.2,5.2,8.7,277.8,-50.8,0.0,25.4,0x20,405.003,3.9,-1125,-1,2.1,,
2026-09-04T00:45:00.000Z,M20-409-2-00781,1472517900,43.51615,4.74086,25250.8,6.4,7.8,291.9,-50.8,0.0,25.4,0x20,405.003,4.8,-1125,-1,2.1,,
2026-09-04T00:45:01.000Z,M20-409-2-00781,1472517901,43.51618,4.74079,25256.9,5.9,6.3,317.8,-50.9,0.0,25.4,0x20,405.003,12.2,-1125,-1,2.1,,
2026-09-04T00:45:02.000Z,M20-409-2-00781,1472517902,43.51623,4.74075,25262.2,3.9,6.2,338.1,-50.9,0.0,25.4,0x20,405.003,15.9,-1125,-1,2.1,,
2026-09-04T00:45:03.000Z,M20-409-2-00781,1472517903,43.51629,4.74073,25267.3,5.5,7.5,343.4,-50.9,0.0,25.4,0x20,405.003,18.8,-1125,-1,2.1,,
2026-09-04T00:45:04.000Z,M20-409-2-00781,1472517904,43.51635,4.74068,25273.5,6.9,8.9,324.9,-50.9,0.0,25.3,0x20,405.003,18.8,-1125,-1,2.1,,
2026-09-04T00:45:05.000Z,M20-409-2-00781,1472517905,43.51642,4.74060,25278.8,4.0,10.1,311.5,-50.9,0.0,25.3,0x20,405.003,16.8,-1125,-1,2.1,,
2026-09-04T00:45:06.000Z,M20-409-2-00781,1472517906,43.51646,4.74050,25283.6,5.7,9.3,296.2,-50.9,0.0,25.3,0x20,405.003,16.3,-1125,-1,2.1,,
2026-09-04T00:45:07.000Z,M20-409-2-00781,1472517907,43.51649,4.74041,25289.6,6.2,6.8,288.6,-50.9,0.0,25.2,0x20,405.003,16.9,-1125,-1,2.1,,
2026-09-04T00:45:08.000Z,M20-409-2-00781,1472517908,43.51651,4.74035,25294.3,3.0,4.2,287.9,-50.9,0.0,25.2,0x20,405.003,17.6,-1125,-1,2.1,,
2026-09-04T00:45:09.000Z,M20-409-2-00781,1472517909,43.51652,4.74031,25299.0,6.1,2.7,305.3,-50.9,0.0,25.2,0x20,405.003,17.6,-1125,-1,2.1,,
2026-09-04T00:45:10.000Z,M20-409-2-00781,1472517910,43.51655,4.74027,25305.6,6.7,5.1,307.6,-50.9,0.0,25.2,0x20,405.003,14.9,-1125,-1,2.1,,
2026-09-04T00:45:11.000Z,M20-409-2-00781,1472517911,43.51658,4.74022,25311.4,4.4,6.7,313.6,-50.8,0.0,25.2,0x20,405.003,12.4,-1125,-1,2.1,,
2026-09-04T00:45:12.000Z,M20-409-2-00781,1472517912,43.51663,4.74015,25316.5,5.7,7.6,326.0,-50.8,0.0,25.2,0x20,405.003,4.6,-1125,-1,2.1,,
2026-09-04T00:45:13.000Z,M20-409-2-00781,1472517913,43.51669,4.74011,25322.3,5.9,7.2,337.3,-50.8,0.0,25.1,0x20,405.003,4.6,-1125,-1,2.1,,
2026-09-04T00:45:14.000Z,M20-409-2-00781,1472517914,43.51675,4.74008,25328.0,5.9,6.0,340.9,-50.7,0.0,25.1,0x20,405.003,7.8,-1125,-1,2.1,,
2026-09-04T00:45:15.000Z,M20-409-2-00781,1472517915,43.51679,4.74005,25334.1,5.8,4.6,319.8,-50.7,0.0,25.1,0x20,405.003,12.4,-1125,-1,2.1,,
2026-09-04T00:45:16.000Z,M20-409-2-00781,1472517916,43.51682,4.73999,25339.6,5.1,6.0,290.1,-50.7,0.0,25.1,0x20,405.003,17.8,-1125,-1,2.1,,
2026-09-04T00:45:17.000Z,M20-409-2-00781,1472517917,43.51682,4.73992,25344.2,4.0,6.8,270.3,-50.6,0.0,25.0,0x20,405.003,18.9,-1125,-1,2.1,,
2026-09-04T00:45:18.000Z,M20-409-2-00781,1472517918,43.51683,4.73984,25349.6,6.5,5.7,277.9,-50.6,0.0,25.0,0x20,405.003,18.9,-1125,-1,2.1,,
2026-09-04T00:45:19.000Z,M20-409-2-00781,1472517919,43.51684,4.73979,25356.1,7.0,3.5,314.7,-50.6,0.0,25.0,0x20,405.003,19.4,-1125,-1,2.1,,
2026-09-04T00:45:20.000Z,M20-409-2-00781,1472517920,43.51687,4.73978,25361.5,4.2,4.4,2.9,-50.6,0.0,25.0,0x20,405.003,19.4,-1125,-1,2.1,,
2026-09-04T00:45:21.000Z,M20-409-2-00781,1472517921,43.51692,4.73978,25366.9,6.4,6.5,4.2,-50.6,0.0,25.0,0x20,405.003,17.8,-1125,-1,2.1,,
2026-09-04T00:45:22.000Z,M20-409-2-00781,1472517922,43.51698,4.73977,25373.8,7.5,7.5,345.8,-50.5,0.0,24.9,0x20,405.003,15.3,-1125,-1,2.1,,
2026-09-04T00:45:24.000Z,M20-409-2-00781,1472517924,43.51711,4.73967,25383.5,5.1,7.6,317.9,-50.5,0.0,24.9,0x20,405.003,7.2,-1125,-1,2.1,,
2026-09-04T00:45:25.000Z,M20-409-2-00781,1472517925,43.51715,4.73962,25389.6,6.9,4.8,326.6,-50.5,0.0,24.9,0x20,405.003,4.2,-1125,-1,2.1,,
2026-09-04T00:45:26.000Z,M20-409-2-00781,1472517926,43.51719,4.73960,25394.7,4.7,3.1,342.8,-50.5,0.0,24.9,0x20,405.003,4.0,-1125,-1,2.1,,
2026-09-04T00:45:27.000Z,M20-409-2-00781,1472517927,43.51721,4.73959,25399.3,4.4,2.9,3.4,-50.5,0.0,24.8,0x20,405.003,13.4,-1125,-1,2.1,,
2026-09-04T00:45:29.000Z,M20-409-2-00781,1472517929,43.51728,4.73954,25409.1,5.4,6.5,320.1,-50.4,0.0,24.8,0x20,405.003,19.7,-1125,-1,2.1,,
2026-09-04T00:45:30.000Z,M20-409-2-00781,1472517930,43.51733,4.73948,25414.3,5.3,7.2,312.6,-50.3,0.0,24.8,0x20,405.003,19.7,-1125,-1,2.1,,
2026-09-04T00:45:31.000Z,M20-409-2-00781,1472517931,43.51737,4.73942,25420.0,6.0,5.6,314.0,-50.3,0.0,24.8,0x20,405.003,17.9,-1125,-1,2.1,,
2026-09-04T00:45:32.000Z,M20-409-2-00781,1472517932,43.51740,4.73939,25425.6,5.4,3.6,334.1,-50.2,0.0,24.7,0x20,405.003,19.4,-1125,-1,2.1,,
2026-09-04T00:45:33.000Z,M20-409-2-00781,1472517933,43.51743,4.73938,25430.2,3.6,2.7,11.4,-50.2,0.0,24.7,0x20,405.003,19.4,-1125,-1,2.1,,
2026-09-04T00:45:34.000Z,M20-409-2-00781,1472517934,43.51744,4.73939,25435.0,6.1,1.4,13.5,-50.1,0.0,24.7,0x20,405.003,19.3,-1125,-1,2.1,,
2026-09-04T00:45:36.000Z,M20-409-2-00781,1472517936,43.51747,4.73933,25446.2,4.0,5.0,294.1,-50.1,0.0,24.7,0x20,405.003,9.1,-1125,-1,2.1,,
2026-09-04T00:45:37.000Z,M20-409-2-00781,1472517937,43.51749,4.73926,25451.1,5.8,6.5,298.9,-50.0,0.0,24.6,0x20,405.003,9.1,-1125,-1,2.1,,
2026-09-04T00:45:38.000Z,M20-409-2-00781,1472517938,43.51752,4.73920,25457.3,5.9,5.8,312.9,-50.0,0.0,24.6,0x20,405.003,4.7,-1125,-1,2.1,,
2026-09-04T00:45:39.000Z,M20-409-2-00781,1472517939,43.51756,4.73915,25462.7,4.5,5.4,312.0,-50.0,0.0,24.6,0x20,405.003,4.7,750,-1,2.1,,
2026-09-04T00:45:40.000Z,M20-409-2-00781,1472517940,43.51758,4.73910,25467.9,6.7,5.2,305.6,-50.0,0.0,24.6,0x20,405.003,16.1,-1125,-1,2.1,,
2026-09-04T00:45:41.000Z,M20-409-2-00781,1472517941,43.51761,4.73905,25473.8,4.8,5.3,293.6,-50.0,0.0,24.5,0x20,405.003,16.1,-1125,-1,2.1,,
2026-09-04T00:45:42.000Z,M20-409-2-00781,1472517942,43.51762,4.73899,25479.2,5.6,4.2,276.4,-50.0,0.0,24.5,0x20,405.003,15.3,-1125,-1,2.1,,
2026-09-04T00:45:43.000Z,M20-409-2-00781,1472517943,43.51763,4.73895,25484.9,5.8,2.1,291.8,-50.0,0.0,24.5,0x20,405.003,15.6,-1125,-1,2.1,,
2026-09-04T00:45:44.000Z,M20-409-2-00781,1472517944,43.51763,4.73894,25490.6,5.0,1.4,0.0,-50.0,0.0,24.5,0x20,405.003,17.3,-1125,-1,2.1,,
2026-09-04T00:45:45.000Z,M20-409-2-00781,1472517945,43.51765,4.73894,25496.5,6.5,3.2,330.4,-50.0,0.0,24.5,0x20,405.003,19.8,-1125,-1,2.1,,
2026-09-04T00:45:46.000Z,M20-409-2-00781,1472517946,43.51768,4.73890,25503.0,6.6,5.7,305.5,-50.0,0.0,24.4,0x20,405.003,19.8,-1125,-1,2.1,,
2026-09-04T00:45:47.000Z,M20-409-2-00781,1472517947,43.51771,4.73883,25507.5,2.7,7.7,298.0,-50.0,0.0,24.4,0x20,405.003,20.0,-1125,-1,2.1,,
2026-09-04T00:45:48.000Z,M20-409-2-00781,1472517948,43.51774,4.73873,25511.9,5.8,8.6,287.2,-50.0,0.0,24.4,0x20,405.003,20.0,-1125,-1,2.1,,
2026-09-04T00:45:49.000Z,M20-409-2-00781,1472517949,43.51776,4.73865,25518.2,6.7,5.6,288.0,-50.0,0.0,24.4,0x20,405.003,19.1,-1125,-1,2.1,,
2026-09-04T00:45:50.000Z,M20-409-2-00781,1472517950,43.51776,4.73860,25523.2,3.2,2.5,278.9,-50.0,0.0,24.4,0x20,405.003,19.1,750,-1,2.1,,
2026-09-04T00:45:54.000Z,M20-409-2-00781,1472517954,43.51776,4.73852,25543.2,5.6,2.9,282.4,-50.0,0.0,24.3,0x20,405.003,18.5,-1125,-1,2.1,,
2026-09-04T00:45:55.000Z,M20-409-2-00781,1472517955,43.51777,4.73849,25549.5,5.8,2.9,309.7,-50.0,0.0,24.3,0x20,405.003,18.5,-1125,-1,2.1,,
2026-09-04T00:45:57.000Z,M20-409-2-00781,1472517957,43.51783,4.73844,25560.4,4.7,4.7,332.3,-50.0,0.0,24.2,0x20,405.003,20.6,-1125,-1,2.1,,
2026-09-04T00:45:58.000Z,M20-409-2-00781,1472517958,43.51786,4.73840,25565.8,5.8,5.7,317.0,-49.9,0.0,24.2,0x20,405.003,20.6,-1125,-1,2.1,,
2026-09-04T00:45:59.000Z,M20-409-2-00781,1472517959,43.51790,4.73834,25571.5,4.9,6.7,302.3,-49.9,0.0,24.2,0x20,405.003,18.3,-1125,-1,2.1,,
2026-09-04T00:46:01.000Z,M20-409-2-00781,1472517961,43.51794,4.73822,25582.5,6.2,2.9,292.5,-49.8,0.0,24.1,0x20,405.003,18.7,-1125,-1,2.1,,
2026-09-04T00:46:02.000Z,M20-409-2-00781,1472517962,43.51794,4.73820,25588.3,5.1,0.8,55.3,-49.8,0.0,24.1,0x20,405.003,18.7,750,-1,2.1,,
2026-09-04T00:46:03.000Z,M20-409-2-00781,1472517963,43.51795,4.73822,25592.8,4.4,2.1,66.7,-49.8,0.0,24.1,0x20,405.003,4.1,-1125,-1,2.1,,
2026-09-04T00:46:04.000Z,M20-409-2-00781,1472517964,43.51796,4.73824,25599.0,7.3,0.9,41.2,-49.8,0.0,24.1,0x20,405.003,4.1,-1125,-1,2.1,,
2026-09-04T00:46:05.000Z,M20-409-2-00781,1472517965,43.51796,4.73822,25604.9,4.7,2.4,285.7,-49.7,0.0,24.0,0x20,405.003,12.0,-1125,-1,2.1,,
2026-09-04T00:46:06.000Z,M20-409-2-00781,1472517966,43.51797,4.73818,25609.2,4.2,5.0,281.9,-49.8,0.0,24.0,0x20,405.003,13.2,-1125,-1,2.1,,
2026-09-04T00:46:09.000Z,M20-409-2-00781,1472517969,43.51801,4.73801,25624.9,5.2,4.1,297.0,-49.7,0.0,24.0,0x20,405.003,19.9,-1125,-1,2.1,,
2026-09-04T00:46:10.000Z,M20-409-2-00781,1472517970,43.51803,4.73796,25630.6,6.3,3.8,281.2,-49.7,0.0,23.9,0x20,405.003,21.1,-1125,-1,2.1,,
2026-09-04T00:46:11.000Z,M20-409-2-00781,1472517971,43.51803,4.73792,25636.8,5.4,4.2,278.9,-49.7,0.0,23.9,0x20,405.003,21.1,-1125,-1,2.1,,
2026-09-04T00:46:12.000Z,M20-409-2-00781,1472517972,43.51804,4.73787,25641.9,5.2,2.8,291.9,-49.7,0.0,23.9,0x20,405.003,19.2,-1125,-1,2.1,,
2026-09-04T00:46:18.000Z,M20-409-2-00781,1472517978,43.51808,4.73769,25674.1,3.9,9.0,259.7,-49.6,0.0,23.8,0x20,405.003,7.0,750,-1,2.1,,
2026-09-04T00:46:19.000Z,M20-409-2-00781,1472517979,43.51807,4.73759,25679.7,7.0,6.6,269.6,-49.6,0.0,23.8,0x20,405.003,10.4,750,-1,2.1,,
2026-09-04T00:46:20.000Z,M20-409-2-00781,1472517980,43.51807,4.73753,25686.0,4.8,3.3,284.5,-49.6,0.0,23.7,0x20,405.003,13.7,-750,-1,2.1,,
2026-09-04T00:46:21.000Z,M20-409-2-00781,1472517981,43.51809,4.73751,25690.8,4.2,2.1,353.8,-49.6,0.0,23.7,0x20,405.003,17.6,-750,-1,2.1,,
2026-09-04T00:46:23.000Z,M20-409-2-00781,1472517983,43.51812,4.73751,25702.8,5.4,1.2,318.3,-49.6,0.0,23.7,0x20,405.003,21.0,-1125,-1,2.1,,
2026-09-04T00:46:26.000Z,M20-409-2-00781,1472517986,43.51813,4.73740,25718.7,6.0,3.9,272.3,-49.5,0.0,23.6,0x20,405.003,20.8,-1125,-1,2.1,,
2026-09-04T00:46:27.000Z,M20-409-2-00781,1472517987,43.51814,4.73735,25724.5,5.7,5.0,278.8,-49.5,0.0,23.6,0x20,405.003,20.8,-1125,-1,2.1,,
2026-09-04T00:46:35.000Z,M20-409-2-00781,1472517995,43.51821,4.73699,25767.9,3.4,4.4,270.7,-49.4,0.0,23.4,0x20,405.003,20.4,-1125,-1,2.1,,
2026-09-04T00:46:36.000Z,M20-409-2-00781,1472517996,43.51821,4.73692,25772.4,4.9,6.3,267.4,-49.4,0.0,23.4,0x20,405.003,20.4,-1125,-1,2.1,,
2026-09-04T00:46:41.000Z,M20-409-2-00781,1472518001,43.51817,4.73672,25800.4,5.2,3.9,223.8,-49.3,0.0,23.3,0x20,405.003,18.8,-1125,-1,2.1,,
2026-09-04T00:46:42.000Z,M20-409-2-00781,1472518002,43.51814,4.73669,25806.2,5.7,3.7,214.9,-49.3,0.0,23.3,0x20,405.003,4.5,-1125,-1,2.1,,
2026-09-04T00:46:43.000Z,M20-409-2-00781,1472518003,43.51812,4.73667,25811.9,6.0,1.8,222.5,-49.2,0.0,23.3,0x20,405.003,4.4,-1125,-1,2.1,,
2026-09-04T00:46:44.000Z,M20-409-2-00781,1472518004,43.51812,4.73666,25817.6,5.2,0.9,276.7,-49.2,0.0,23.2,0x20,405.003,6.6,-1125,-1,2.1,,
2026-09-04T00:46:48.000Z,M20-409-2-00781,1472518008,43.51809,4.73640,25839.5,5.7,8.0,247.2,-49.1,0.0,23.1,0x20,405.003,21.1,-1125,-1,2.1,,
2026-09-04T00:46:49.000Z,M20-409-2-00781,1472518009,43.51807,4.73633,25845.8,6.3,5.1,233.2,-49.1,0.0,23.1,0x20,405.003,21.1,-1125,-1,2.1,,
2026-09-04T00:46:50.000Z,M20-409-2-00781,1472518010,43.51804,4.73630,25852.1,5.7,1.9,196.3,-49.1,0.0,23.1,0x20,405.003,18.5,-1125,-1,2.1,,
2026-09-04T00:46:53.000Z,M20-409-2-00781,1472518013,43.51801,4.73629,25869.8,7.4,3.2,244.2,-48.9,0.0,23.0,0x20,405.003,19.8,-1125,-1,2.1,,
2026-09-04T00:46:57.000Z,M20-409-2-00781,1472518017,43.51798,4.73599,25890.0,4.2,4.9,280.6,-48.9,0.0,23.0,0x20,405.003,8.2,-1125,-1,2.1,,
2026-09-04T00:47:01.000Z,M20-409-2-00781,1472518021,43.51800,4.73582,25912.2,4.7,4.0,282.7,-48.6,0.0,22.9,0x20,405.003,19.1,-1125,-1,2.1,,
2026-09-04T00:47:02.000Z,M20-409-2-00781,1472518022,43.51802,4.73579,25917.8,6.7,2.8,319.8,-48.6,0.0,22.9,0x20,405.003,21.5,-1125,-1,2.1,,
2026-09-04T00:47:03.000Z,M20-409-2-00781,1472518023,43.51804,4.73577,25923.0,4.0,3.7,356.2,-48.5,0.0,22.9,0x20,405.003,21.5,-1125,-1,2.1,,
2026-09-04T00:47:08.000Z,M20-409-2-00781,1472518028,43.51808,4.73552,25949.0,5.5,5.1,252.7,-48.6,0.0,22.8,0x20,405.003,5.8,-1125,-1,2.1,,
2026-09-04T00:47:09.000Z,M20-409-2-00781,1472518029,43.51807,4.73548,25955.1,6.0,1.3,276.7,-48.6,0.0,22.7,0x20,405.003,4.1,-1125,-1,2.1,,
2026-09-04T00:47:13.000Z,M20-409-2-00781,1472518033,43.51819,4.73552,25978.0,6.8,5.3,305.2,-48.7,0.0,22.7,0x20,405.003,13.6,-1125,-1,2.1,,
2026-09-04T00:47:18.000Z,M20-409-2-00781,1472518038,43.51827,4.73509,26006.0,2.8,4.1,344.5,-48.8,0.0,22.6,0x20,405.003,20.6,-1125,-1,2.1,,
2026-09-04T00:47:19.000Z,M20-409-2-00781,1472518039,43.51831,4.73510,26009.2,3.7,5.7,19.4,-48.9,0.0,22.6,0x20,405.003,20.6,-1125,-1,2.1,,
2026-09-04T00:47:24.000Z,M20-409-2-00781,1472518044,43.51845,4.73497,26035.5,7.0,5.1,312.9,-49.0,0.0,22.5,0x20,405.003,11.6,-1125,-1,2.1,,
2026-09-04T00:47:25.000Z,M20-409-2-00781,1472518045,43.51848,4.73493,26041.5,4.8,5.1,319.0,-49.1,0.0,22.4,0x20,405.003,20.9,-1125,-1,2.1,,
2026-09-04T00:47:26.000Z,M20-409-2-00781,1472518046,43.51852,4.73489,26046.4,5.0,5.5,331.6,-49.1,0.0,22.4,0x20,405.003,20.9,-1125,-1,2.1,,
2026-09-04T00:47:34.000Z,M20-409-2-00781,1472518054,43.51883,4.73465,26094.0,6.3,5.9,310.1,-49.3,0.0,22.3,0x20,405.003,5.1,-1125,-1,2.1,,
2026-09-04T00:47:35.000Z,M20-409-2-00781,1472518055,43.51887,4.73460,26099.8,6.0,5.8,325.5,-49.3,0.0,22.2,0x20,405.003,4.9,-1125,-1,2.1,,
2026-09-04T00:47:36.000Z,M20-409-2-00781,1472518056,43.51891,4.73458,26105.6,6.5,5.0,0.1,-49.3,0.0,22.2,0x20,405.003,8.4,-1125,-1,2.1,,
2026-09-04T00:47:42.000Z,M20-409-2-00781,1472518062,43.51911,4.73454,26136.5,4.8,9.8,300.7,-49.3,0.0,22.1,0x20,405.003,21.3,-1125,-1,2.1,,
2026-09-04T00:47:43.000Z,M20-409-2-00781,1472518063,43.51917,4.73444,26142.2,6.6,11.2,320.7,-49.3,0.0,22.1,0x20,405.003,21.5,-1125,-1,2.1,,
2026-09-04T00:47:44.000Z,M20-409-2-00781,1472518064,43.51926,4.73438,26148.5,6.7,9.8,345.9,-49.3,0.0,22.1,0x20,405.003,22.3,-750,-1,2.1,,
2026-09-04T00:47:45.000Z,M20-409-2-00781,1472518065,43.51933,4.73439,26154.7,5.7,7.4,21.9,-49.3,0.0,22.0,0x20,405.003,22.3,-750,-1,2.1,,
2026-09-04T00:47:46.000Z,M20-409-2-00781,1472518066,43.51937,4.73444,26159.9,4.5,6.0,71.1,-49.3,0.0,22.0,0x20,405.003,22.1,-1125,-1,2.1,,
2026-09-04T00:47:47.000Z,M20-409-2-00781,1472518067,43.51936,4.73451,26164.2,4.7,6.5,118.9,-49.3,0.0,22.0,0x20,405.003,22.1,750,-1,2.1,,
2026-09-04T00:47:48.000Z,M20-409-2-00781,1472518068,43.51933,4.73455,26169.4,6.9,3.6,170.0,-49.3,0.0,22.0,0x20,405.003,3.8,-1125,-1,2.1,,
2026-09-04T00:47:49.000Z,M20-409-2-00781,1472518069,43.51932,4.73453,26176.3,6.8,4.3,274.4,-49.3,0.0,22.0,0x20,405.003,6.0,-1125,-1,2.1,,
2026-09-04T00:47:50.000Z,M20-409-2-00781,1472518070,43.51934,4.73447,26181.3,3.2,8.9,308.4,-49.3,0.0,21.9,0x20,405.003,10.6,-1125,-1,2.1,,
2026-09-04T00:47:51.000Z,M20-409-2-00781,1472518071,43.51942,4.73438,26184.3,2.8,13.1,327.4,-49.3,0.0,21.9,0x20,405.003,22.3,-750,-1,2.1,,
2026-09-04T00:48:00.000Z,M20-409-2-00781,1472518080,43.51972,4.73441,26231.8,6.3,9.1,308.7,-49.5,0.0,21.8,0x20,405.003,6.8,-1125,-1,2.1,,
2026-09-04T00:48:01.000Z,M20-409-2-00781,1472518081,43.51976,4.73433,26238.9,7.8,6.8,306.5,-49.6,0.0,21.8,0x20,405.003,5.1,750,-1,2.1,,
2026-09-04T00:48:02.000Z,M20-409-2-00781,1472518082,43.51979,4.73429,26245.2,5.0,2.6,303.5,-49.6,0.0,21.7,0x20,405.003,4.4,750,-1,2.1,,
2026-09-04T00:54:36.000Z,M20-409-2-00781,1472518476,43.52619,4.73336,28478.8,5.5,1.0,316.7,-46.0,0.0,15.2,0x20,405.003,17.7,-375,-1,2.1,,
2026-09-04T00:54:54.000Z,M20-409-2-00781,1472518494,43.52608,4.73286,28579.7,5.5,9.3,257.4,-45.8,0.0,15.0,0x20,405.003,18.3,-375,-1,2.1,,
2026-09-04T00:54:57.000Z,M20-409-2-00781,1472518497,43.52613,4.73270,28597.3,2.8,5.2,9.5,-45.7,0.0,14.9,0x20,405.003,4.0,750,-1,2.1,,
2026-09-04T00:55:05.000Z,M20-409-2-00781,1472518505,43.52622,4.73240,28642.9,6.1,7.2,339.9,-45.3,0.0,14.8,0x20,405.003,17.5,-375,-1,2.1,,
2026-09-04T00:55:59.000Z,M20-409-2-00781,1472518559,43.52755,4.73121,28936.6,3.7,8.3,333.3,-45.1,0.0,14.2,0x20,405.003,17.6,-375,-1,2.1,,
2026-09-04T00:57:09.000Z,M20-409-2-00781,1472518629,43.53067,4.72885,29310.3,6.9,6.8,35.4,-45.1,0.0,13.4,0x20,405.003,8.4,750,-1,2.1,,
2026-09-04T00:57:55.000Z,M20-409-2-00781,1472518675,43.53265,4.72897,29563.8,5.9,3.9,323.6,-44.6,0.0,12.8,0x20,405.003,20.1,-375,-1,2.2,,
2026-09-04T00:58:21.000Z,M20-409-2-00781,1472518701,43.53286,4.72906,29714.8,5.1,5.2,60.6,-43.5,0.0,12.5,0x20,405.003,18.7,-375,-1,2.2,,
2026-09-04T00:59:09.000Z,M20-409-2-00781,1472518749,43.53339,4.72922,30000.0,5.1,4.1,170.1,-43.9,0.0,12.0,0x20,405.003,16.5,-375,-1,2.2,,
2026-09-04T00:59:13.000Z,M20-409-2-00781,1472518753,43.53325,4.72935,30024.0,4.3,0.7,67.0,-43.9,0.0,11.9,0x20,405.003,20.0,-375,-1,2.2,,
2026-09-04T00:59:16.000Z,M20-409-2-00781,1472518756,43.53328,4.72930,30043.6,7.5,1.2,193.0,-44.0,0.0,11.9,0x20,405.003,7.0,-375,-1,2.2,,
2026-09-04T00:59:18.000Z,M20-409-2-00781,1472518758,43.53321,4.72931,30055.3,6.0,7.2,165.9,-43.9,0.0,11.9,0x20,405.003,4.6,1125,-1,2.2,,
2026-09-04T00:59:21.000Z,M20-409-2-00781,1472518761,43.53304,4.72931,30071.9,5.3,3.2,186.5,-43.8,0.0,11.8,0x20,405.003,18.7,-375,-1,2.2,,
2026-09-04T00:59:29.000Z,M20-409-2-00781,1472518769,43.53271,4.72936,30114.5,6.0,9.6,216.8,-43.5,0.0,11.7,0x20,405.003,9.9,-375,-1,2.2,,
2026-09-04T00:59:30.000Z,M20-409-2-00781,1472518770,43.53264,4.72932,30121.5,8.3,8.2,188.2,-43.5,0.0,11.7,0x20,405.003,4.5,-375,-1,2.2,,
2026-09-04T00:59:31.000Z,M20-409-2-00781,1472518771,43.53257,4.72934,30128.4,5.6,8.3,148.5,-43.5,0.0,11.7,0x20,405.003,4.1,-375,-1,2.2,,
2026-09-04T00:59:32.000Z,M20-409-2-00781,1472518772,43.53250,4.72941,30133.7,4.8,10.7,128.4,-43.5,0.0,11.7,0x20,405.003,6.3,-375,-1,2.2,,
2026-09-04T00:59:55.000Z,M20-409-2-00781,1472518795,43.53161,4.72956,30262.7,7.5,6.0,199.2,-43.4,0.0,11.5,0x20,405.003,16.3,-375,-1,2.2,,
2026-09-04T00:59:56.000Z,M20-409-2-00781,1472518796,43.53155,4.72955,30269.0,6.2,8.7,173.3,-43.4,0.0,11.5,0x20,405.003,5.7,-375,-1,2.2,,
2026-09-04T00:59:57.000Z,M20-409-2-00781,1472518797,43.53146,4.72957,30273.8,4.2,11.0,159.4,-43.4,0.0,11.4,0x20,405.003,4.0,-375,-1,2.2,,
2026-09-04T00:59:58.000Z,M20-409-2-00781,1472518798,43.53137,4.72963,30278.2,5.1,10.3,149.8,-43.4,0.0,11.4,0x20,405.003,12.5,-375,-1,2.2,,
2026-09-04T01:00:03.000Z,M20-409-2-00781,1472518803,43.53123,4.72957,30307.0,8.5,1.5,185.9,-43.3,0.0,11.4,0x20,405.003,20.7,-375,-1,2.2,,
2026-09-04T01:00:04.000Z,M20-409-2-00781,1472518804,43.53120,4.72959,30313.1,4.7,4.9,153.5,-43.3,0.0,11.4,0x20,405.003,20.7,-375,-1,2.2,,
2026-09-04T01:00:05.000Z,M20-409-2-00781,1472518805,43.53114,4.72963,30316.7,2.5,9.8,151.6,-43.3,0.0,11.4,0x20,405.003,18.9,-375,-1,2.2,,
2026-09-04T01:00:06.000Z,M20-409-2-00781,1472518806,43.53105,4.72968,30321.7,7.7,12.0,160.8,-43.2,0.0,11.4,0x20,405.003,18.9,-375,-1,2.2,,
2026-09-04T01:00:09.000Z,M20-409-2-00781,1472518809,43.53080,4.72968,30338.4,4.2,7.1,206.0,-43.2,0.0,11.3,0x20,405.003,4.7,-375,-1,2.2,,
2026-09-04T01:00:10.000Z,M20-409-2-00781,1472518810,43.53075,4.72965,30343.8,6.8,5.0,193.5,-43.2,0.0,11.3,0x20,405.003,4.7,1125,-1,2.2,,
2026-09-04T01:00:11.000Z,M20-409-2-00781,1472518811,43.53071,4.72966,30349.1,4.3,4.1,153.9,-43.2,0.0,11.3,0x20,405.003,9.2,1125,-1,2.2,,
2026-09-04T01:00:12.000Z,M20-409-2-00781,1472518812,43.53068,4.72969,30353.0,3.9,5.3,133.9,-43.2,0.0,11.3,0x20,405.003,11.7,-375,-1,2.2,,
2026-09-04T01:00:17.000Z,M20-409-2-00781,1472518817,43.53041,4.72970,30378.3,4.4,9.7,196.4,-43.1,0.0,11.3,0x20,405.003,20.6,-375,-1,2.2,,
2026-09-04T01:00:18.000Z,M20-409-2-00781,1472518818,43.53032,4.72968,30383.6,6.0,11.7,181.3,-43.1,0.0,11.2,0x20,405.003,19.8,-375,-1,2.2,,
2026-09-04T01:00:19.000Z,M20-409-2-00781,1472518819,43.53021,4.72970,30390.0,6.3,11.7,166.7,-43.1,0.0,11.2,0x20,405.003,19.8,1125,-1,2.2,,
2026-09-04T01:00:20.000Z,M20-409-2-00781,1472518820,43.53012,4.72973,30396.3,6.3,10.7,162.0,-43.1,0.0,11.2,0x20,405.003,18.5,-375,-1,2.2,,
2026-09-04T01:00:24.000Z,M20-409-2-00781,1472518824,43.52993,4.72969,30418.2,6.2,6.4,229.5,-43.0,0.0,11.2,0x20,405.003,6.4,1125,-1,2.2,,
2026-09-04T01:00:25.000Z,M20-409-2-00781,1472518825,43.52988,4.72965,30424.6,7.7,8.9,198.7,-43.0,0.0,11.2,0x20,405.003,15.0,0,-1,2.2,,
2026-09-04T01:00:26.000Z,M20-409-2-00781,1472518826,43.52979,4.72963,30430.2,4.8,11.4,179.3,-42.9,0.0,11.2,0x20,405.003,15.9,0,-1,2.2,,
2026-09-04T01:00:27.000Z,M20-409-2-00781,1472518827,43.52968,4.72964,30433.4,2.8,13.0,169.2,-42.9,0.0,11.2,0x20,405.003,17.9,0,-1,2.2,,
2026-09-04T01:00:29.000Z,M20-409-2-00781,1472518829,43.52946,4.72971,30444.5,7.2,10.2,174.5,-42.9,0.0,11.1,0x20,405.003,15.7,-375,-1,2.2,,
2026-09-04T01:00:32.000Z,M20-409-2-00781,1472518832,43.52930,4.72957,30459.5,4.5,6.6,254.5,-42.9,0.0,11.1,0x20,405.003,19.8,-375,-1,2.2,,
2026-09-04T01:00:33.000Z,M20-409-2-00781,1472518833,43.52928,4.72951,30465.6,8.0,4.5,221.6,-42.8,0.0,11.1,0x20,405.003,18.5,-375,-1,2.2,,
2026-09-04T01:00:34.000Z,M20-409-2-00781,1472518834,43.52924,4.72950,30472.9,6.7,5.0,173.1,-42.8,0.0,11.1,0x20,405.003,18.5,1125,-1,2.2,,
2026-09-04T01:00:35.000Z,M20-409-2-00781,1472518835,43.52918,4.72952,30477.3,3.2,8.5,160.7,-42.8,0.0,11.1,0x20,405.003,18.5,1125,-1,2.2,,
2026-09-04T01:00:36.000Z,M20-409-2-00781,1472518836,43.52909,4.72955,30481.2,4.6,11.2,166.5,-42.8,0.0,11.1,0x20,405.003,7.3,1125,-1,2.2,,
2026-09-04T01:00:40.000Z,M20-409-2-00781,1472518840,43.52882,4.72933,30506.0,4.7,8.1,255.4,-42.6,0.0,11.0,0x20,405.003,16.2,-375,-1,2.2,,
2026-09-04T01:00:41.000Z,M20-409-2-00781,1472518841,43.52880,4.72925,30512.8,9.1,4.5,245.9,-42.6,0.0,11.0,0x20,405.003,17.2,-375,-1,2.2,,
2026-09-04T01:00:42.000Z,M20-409-2-00781,1472518842,43.52878,4.72922,30518.6,4.7,2.0,177.4,-42.6,0.0,11.0,0x20,405.003,18.2,-375,-1,2.2,,
2026-09-04T01:00:43.000Z,M20-409-2-00781,1472518843,43.52875,4.72923,30522.5,3.6,4.2,162.0,-42.6,0.0,11.0,0x20,405.003,18.2,-375,-1,2.2,,
2026-09-04T01:00:48.000Z,M20-409-2-00781,1472518848,43.52849,4.72899,30549.9,6.2,8.4,242.0,-42.4,0.0,11.0,0x20,405.003,8.1,-375,-1,2.2,,
2026-09-04T01:00:49.000Z,M20-409-2-00781,1472518849,43.52846,4.72891,30555.0,5.7,6.4,230.2,-42.4,0.0,10.9,0x20,405.003,4.4,-375,-1,2.2,,
2026-09-04T01:00:50.000Z,M20-409-2-00781,1472518850,43.52842,4.72886,30559.4,3.7,4.4,218.4,-42.4,0.0,10.9,0x20,405.003,4.4,1125,-1,2.2,,
2026-09-04T01:00:51.000Z,M20-409-2-00781,1472518851,43.52840,4.72884,30563.1,4.0,1.9,208.6,-42.3,0.0,10.9,0x20,405.003,16.6,-375,-1,2.2,,
2026-09-04T01:00:52.000Z,M20-409-2-00781,1472518852,43.52839,4.72882,30568.3,6.2,2.7,263.6,-42.3,0.0,10.9,0x20,405.003,16.6,-375,-1,2.2,,
2026-09-04T01:00:56.000Z,M20-409-2-00781,1472518856,43.52831,4.72860,30588.6,5.4,8.1,205.3,-42.3,0.0,10.9,0x20,405.003,20.4,-375,-1,2.2,,
2026-09-04T01:00:57.000Z,M20-409-2-00781,1472518857,43.52823,4.72855,30594.6,4.7,9.3,199.2,-42.3,0.0,10.9,0x20,405.003,20.4,-375,-1,2.2,,
2026-09-04T01:00:58.000Z,M20-409-2-00781,1472518858,43.52816,4.72851,30600.5,6.9,7.7,203.2,-42.3,0.0,10.9,0x20,405.003,19.5,-375,-1,2.2,,
2026-09-04T01:01:01.000Z,M20-409-2-00781,1472518861,43.52810,4.72831,30616.9,5.8,7.0,278.4,-42.3,0.0,10.8,0x20,405.003,5.2,-375,-1,2.2,,
2026-09-04T01:01:02.000Z,M20-409-2-00781,1472518862,43.52810,4.72823,30622.9,6.0,5.3,266.3,-42.3,0.0,10.8,0x20,405.003,4.4,-375,-1,2.2,,
2026-09-04T01:01:03.000Z,M20-409-2-00781,1472518863,43.52809,4.72818,30628.3,4.8,4.2,214.9,-42.3,0.0,10.8,0x20,405.003,5.4,-375,-1,2.2,,
2026-09-04T01:01:04.000Z,M20-409-2-00781,1472518864,43.52804,4.72816,30632.8,4.1,6.3,183.0,-42.3,0.0,10.8,0x20,405.003,11.8,-375,-1,2.2,,
2026-09-04T01:01:06.000Z,M20-409-2-00781,1472518866,43.52792,4.72811,30644.3,7.7,7.1,220.5,-42.2,0.0,10.8,0x20,405.003,15.1,1125,-1,2.2,,
2026-09-04T01:01:10.000Z,M20-409-2-00781,1472518870,43.52788,4.72771,30664.5,7.1,6.3,269.9,-42.2,0.0,10.8,0x20,405.003,20.9,-375,-1,2.2,,
2026-09-04T01:01:12.000Z,M20-409-2-00781,1472518872,43.52785,4.72762,30674.7,3.0,3.7,215.4,-42.2,0.0,10.7,0x20,405.003,19.1,-375,-1,2.2,,
2026-09-04T01:01:17.000Z,M20-409-2-00781,1472518877,43.52774,4.72719,30700.6,4.8,11.0,278.6,-42.2,0.0,10.7,0x20,405.003,13.4,-375,-1,2.2,,
2026-09-04T01:01:18.000Z,M20-409-2-00781,1472518878,43.52775,4.72708,30706.6,6.8,7.9,266.4,-42.2,0.0,10.7,0x20,405.003,13.4,-375,-1,2.2,,
2026-09-04T01:01:19.000Z,M20-409-2-00781,1472518879,43.52773,4.72700,30712.8,5.0,5.4,245.7,-42.2,0.0,10.7,0x20,405.003,16.8,-375,-1,2.2,,
2026-09-04T01:01:20.000Z,M20-409-2-00781,1472518880,43.52770,4.72695,30717.4,4.0,5.4,201.9,-42.2,0.0,10.7,0x20,405.003,16.8,-375,-1,2.2,,
2026-09-04T01:01:21.000Z,M20-409-2-00781,1472518881,43.52766,4.72693,30722.5,6.4,5.3,198.1,-42.2,0.0,10.7,0x20,405.003,20.6,-375,-1,2.2,,
2026-09-04T01:01:26.000Z,M20-409-2-00781,1472518886,43.52764,4.72648,30749.5,7.8,9.3,259.1,-42.1,0.0,10.6,0x20,405.003,14.7,-375,-1,2.2,,
2026-09-04T01:01:27.000Z,M20-409-2-00781,1472518887,43.52761,4.72639,30756.3,6.1,8.1,231.7,-42.1,0.0,10.6,0x20,405.003,6.8,-375,-1,2.2,,
2026-09-04T01:01:28.000Z,M20-409-2-00781,1472518888,43.52756,4.72633,30761.3,3.5,6.9,205.3,-42.1,0.0,10.6,0x20,405.003,4.2,-375,-1,2.2,,
2026-09-04T01:01:29.000Z,M20-409-2-00781,1472518889,43.52751,4.72630,30765.5,5.7,4.0,195.8,-42.1,0.0,10.6,0x20,405.003,5.8,-375,-1,2.2,,
2026-09-04T01:01:30.000Z,M20-409-2-00781,1472518890,43.52749,4.72629,30771.5,7.2,1.1,269.0,-42.1,0.0,10.6,0x20,405.003,9.4,-375,-1,2.2,,
2026-09-04T01:01:31.000Z,M20-409-2-00781,1472518891,43.52751,4.72626,30776.7,4.0,5.5,324.3,-42.1,0.0,10.6,0x20,405.003,13.6,-375,-1,2.2,,
2026-09-04T01:01:33.000Z,M20-409-2-00781,1472518893,43.52760,4.72609,30786.1,7.1,10.1,293.5,-42.1,0.0,10.5,0x20,405.003,18.0,-375,-1,2.2,,
2026-09-04T01:01:34.000Z,M20-409-2-00781,1472518894,43.52761,4.72597,30793.2,7.3,9.3,259.9,-42.0,0.0,10.5,0x20,405.003,18.0,-375,-1,2.2,,
2026-09-04T01:01:35.000Z,M20-409-2-00781,1472518895,43.52758,4.72587,30798.7,3.8,9.2,233.3,-42.1,0.0,10.5,0x20,405.003,15.1,-375,-1,2.2,,
2026-09-04T01:01:36.000Z,M20-409-2-00781,1472518896,43.52752,4.72579,30802.2,3.6,9.5,215.8,-42.1,0.0,10.5,0x20,405.003,17.1,-375,-1,2.2,,
2026-09-04T01:01:37.000Z,M20-409-2-00781,1472518897,43.52746,4.72574,30807.3,6.9,6.9,199.4,-42.1,0.0,10.5,0x20,405.003,18.1,-375,-1,2.2,,
2026-09-04T01:01:38.000Z,M20-409-2-00781,1472518898,43.52742,4.72571,30814.3,7.6,3.2,226.1,-42.1,0.0,10.5,0x20,405.003,18.1,-375,-1,2.2,,
2026-09-04T01:01:39.000Z,M20-409-2-00781,1472518899,43.52741,4.72568,30819.6,3.8,3.8,274.2,-42.1,0.0,10.5,0x20,405.003,15.4,-375,-1,2.2,,
2026-09-04T01:01:41.000Z,M20-409-2-00781,1472518901,43.52744,4.72554,30829.7,6.4,7.6,280.1,-42.1,0.0,10.5,0x20,405.003,4.5,-375,-1,2.2,,
2026-09-04T01:01:42.000Z,M20-409-2-00781,1472518902,43.52744,4.72544,30834.8,4.2,8.1,266.1,-42.1,0.0,10.4,0x20,405.003,6.6,-375,-1,2.2,,
2026-09-04T01:01:43.000Z,M20-409-2-00781,1472518903,43.52743,4.72535,30839.5,6.0,7.1,248.4,-42.1,0.0,10.4,0x20,405.003,12.3,-375,-1,2.2,,
2026-09-04T01:01:44.000Z,M20-409-2-00781,1472518904,43.52740,4.72528,30845.7,6.7,6.0,241.5,-42.1,0.0,10.4,0x20,405.003,12.5,-375,-1,2.2,,
2026-09-04T01:01:45.000Z,M20-409-2-00781,1472518905,43.52737,4.72522,30851.7,5.2,4.6,233.7,-42.1,0.0,10.4,0x20,405.003,14.3,-375,-1,2.2,,
2026-09-04T01:01:46.000Z,M20-409-2-00781,1472518906,43.52735,4.72519,30856.7,5.3,2.7,217.3,-42.2,0.0,10.4,0x20,405.003,17.9,-375,-1,2.2,,
2026-09-04T01:01:47.000Z,M20-409-2-00781,1472518907,43.52732,4.72517,30861.6,5.1,4.3,187.0,-42.2,0.0,10.4,0x20,405.003,17.9,0,-1,2.2,,
2026-09-04T01:01:49.000Z,M20-409-2-00781,1472518909,43.52724,4.72516,30873.5,6.3,3.6,202.3,-42.2,0.0,10.4,0x20,405.003,19.2,0,-1,2.2,,
2026-09-04T01:01:50.000Z,M20-409-2-00781,1472518910,43.52722,4.72513,30879.4,5.5,4.2,234.6,-42.1,0.0,10.4,0x20,405.003,16.9,0,-1,2.2,,
2026-09-04T01:01:51.000Z,M20-409-2-00781,1472518911,43.52721,4.72508,30884.5,4.6,5.8,279.7,-42.1,0.0,10.4,0x20,405.003,17.5,-375,-1,2.2,,
2026-09-04T01:01:53.000Z,M20-409-2-00781,1472518913,43.52727,4.72488,30892.7,5.3,9.9,301.2,-42.2,0.0,10.4,0x20,405.003,4.0,-375,-1,2.2,,
2026-09-04T01:01:54.000Z,M20-409-2-00781,1472518914,43.52730,4.72478,30899.0,7.3,9.6,288.0,-42.1,0.0,10.4,0x20,405.003,3.5,-375,-1,2.2,,
2026-09-04T01:01:55.000Z,M20-409-2-00781,1472518915,43.52731,4.72467,30905.7,6.2,8.4,258.4,-42.1,0.0,10.3,0x20,405.003,3.4,-375,-1,2.2,,
2026-09-04T01:01:56.000Z,M20-409-2-00781,1472518916,43.52727,4.72459,30911.2,4.3,8.0,216.1,-42.1,0.0,10.3,0x20,405.003,11.5,-375,-1,2.2,,
2026-09-04T01:01:57.000Z,M20-409-2-00781,1472518917,43.52720,4.72455,30914.9,2.9,10.4,188.1,-42.1,0.0,10.3,0x20,405.003,14.6,-375,-1,2.2,,
2026-09-04T01:01:58.000Z,M20-409-2-00781,1472518918,43.52711,4.72455,30919.0,5.9,10.5,170.2,-42.1,0.0,10.3,0x20,405.003,14.6,-375,-1,2.2,,
2026-09-04T01:01:59.000Z,M20-409-2-00781,1472518919,43.52704,4.72458,30925.3,7.2,5.2,143.6,-42.1,0.0,10.3,0x20,405.003,15.2,-375,-1,2.2,,
2026-09-04T01:02:06.000Z,M20-409-2-00781,1472518926,43.52709,4.72404,30963.5,2.5,14.1,200.6,-42.0,0.0,10.2,0x20,405.003,3.8,0,-1,2.2,,
2026-09-04T01:02:09.000Z,M20-409-2-00781,1472518929,43.52691,4.72416,30982.3,6.1,5.9,49.7,-42.0,0.0,10.2,0x20,405.003,12.6,-375,-1,2.2,,
2026-09-04T01:02:14.000Z,M20-409-2-00781,1472518934,43.52703,4.72366,31008.9,4.2,13.9,210.6,-42.0,0.0,10.2,0x20,405.003,17.3,0,-1,2.2,,
2026-09-04T01:02:15.000Z,M20-409-2-00781,1472518935,43.52691,4.72363,31011.8,2.3,13.7,172.3,-42.0,0.0,10.2,0x20,405.003,17.3,0,-1,2.2,,
2026-09-04T01:02:17.000Z,M20-409-2-00781,1472518937,43.52682,4.72378,31022.7,6.9,8.0,63.6,-42.0,0.0,10.1,0x20,405.003,14.1,-375,-1,2.2,,
2026-09-04T01:02:22.000Z,M20-409-2-00781,1472518942,43.52689,4.72330,31048.6,3.3,15.6,209.8,-41.9,0.0,10.1,0x20,405.003,11.8,1125,-1,2.2,,
2026-09-04T01:02:23.000Z,M20-409-2-00781,1472518943,43.52678,4.72325,31054.1,6.5,12.9,172.2,-41.8,0.0,10.1,0x20,405.003,15.0,1125,-1,2.2,,
2026-09-04T01:02:25.000Z,M20-409-2-00781,1472518945,43.52670,4.72337,31066.0,3.7,6.3,56.6,-41.8,0.0,10.1,0x20,405.003,14.4,1125,-1,2.2,,
2026-09-04T01:02:29.000Z,M20-409-2-00781,1472518949,43.52685,4.72311,31089.3,5.4,12.9,239.0,-41.6,0.0,10.0,0x20,405.003,16.7,-375,-1,2.2,,
2026-09-04T01:02:31.000Z,M20-409-2-00781,1472518951,43.52665,4.72295,31096.4,5.0,13.1,184.2,-41.6,0.0,10.0,0x20,405.003,17.1,-375,-1,2.2,,
2026-09-04T01:02:33.000Z,M20-409-2-00781,1472518953,43.52654,4.72300,31108.8,5.7,3.4,85.6,-41.5,0.0,10.0,0x20,405.003,4.6,1125,-1,2.2,,
2026-09-04T01:02:35.000Z,M20-409-2-00781,1472518955,43.52662,4.72300,31116.2,5.5,9.7,324.8,-41.5,0.0,10.0,0x20,405.003,13.2,1125,-1,2.2,,
2026-09-04T01:02:37.000Z,M20-409-2-00781,1472518957,43.52666,4.72278,31129.3,6.7,11.4,249.2,-41.5,0.0,10.0,0x20,405.003,13.5,1125,-1,2.2,,
2026-09-04T01:02:38.000Z,M20-409-2-00781,1472518958,43.52660,4.72266,31133.4,2.3,12.8,221.9,-41.5,0.0,10.0,0x20,405.003,13.5,0,-1,2.2,,
2026-09-04T01:02:39.000Z,M20-409-2-00781,1472518959,43.52650,4.72260,31136.5,4.7,11.8,189.6,-41.5,0.0,10.0,0x20,405.003,15.5,0,-1,2.2,,
2026-09-04T01:02:40.000Z,M20-409-2-00781,1472518960,43.52641,4.72261,31142.7,8.1,8.7,155.3,-41.5,0.0,10.0,0x20,405.003,19.4,375,-1,2.2,,
2026-09-04T01:02:42.000Z,M20-409-2-00781,1472518962,43.52638,4.72269,31154.8,4.4,4.4,29.2,-41.5,0.0,9.9,0x20,405.003,18.3,-375,-1,2.2,,
2026-09-04T01:02:44.000Z,M20-409-2-00781,1472518964,43.52646,4.72263,31163.9,6.8,7.8,288.2,-41.5,0.0,9.9,0x20,405.003,9.0,-375,-1,2.2,,
2026-09-04T01:02:46.000Z,M20-409-2-00781,1472518966,43.52640,4.72243,31175.3,4.4,10.6,221.2,-41.6,0.0,9.9,0x20,405.003,3.8,-375,-1,2.2,,
2026-09-04T01:02:47.000Z,M20-409-2-00781,1472518967,43.52631,4.72237,31180.1,5.3,11.6,197.3,-41.5,0.0,9.9,0x20,405.003,7.3,0,-1,2.2,,
2026-09-04T01:02:48.000Z,M20-409-2-00781,1472518968,43.52623,4.72236,31185.1,5.9,7.8,171.4,-41.5,0.0,9.9,0x20,405.003,12.7,1125,-1,2.2,,
2026-09-04T01:02:50.000Z,M20-409-2-00781,1472518970,43.52619,4.72239,31196.2,3.3,2.5,9.8,-41.5,0.0,9.9,0x20,405.003,16.1,375,-1,2.2,,
2026-09-04T01:02:52.000Z,M20-409-2-00781,1472518972,43.52627,4.72234,31205.4,7.6,6.6,303.1,-41.5,0.0,9.8,0x20,405.003,18.8,0,-1,2.2,,
2026-09-04T01:02:54.000Z,M20-409-2-00781,1472518974,43.52625,4.72217,31217.5,3.0,8.8,231.2,-41.5,0.0,9.8,0x20,405.003,17.5,0,-1,2.2,,
2026-09-04T01:02:55.000Z,M20-409-2-00781,1472518975,43.52619,4.72210,31220.5,3.8,9.4,216.3,-41.5,0.0,9.8,0x20,405.003,17.5,0,-1,2.2,,
2026-09-04T01:02:56.000Z,M20-409-2-00781,1472518976,43.52613,4.72204,31225.8,7.0,8.1,206.0,-41.5,0.0,9.8,0x20,405.003,20.3,-375,-1,2.2,,
2026-09-04T01:02:57.000Z,M20-409-2-00781,1472518977,43.52608,4.72201,31232.2,6.5,3.0,207.5,-41.5,0.0,9.8,0x20,405.003,20.3,375,-1,2.2,,
2026-09-04T01:02:59.000Z,M20-409-2-00781,1472518979,43.52609,4.72199,31242.2,4.7,2.7,347.7,-41.5,0.0,9.8,0x20,405.003,4.6,0,-1,2.2,,
2026-09-04T01:03:00.000Z,M20-409-2-00781,1472518980,43.52610,4.72198,31247.9,7.0,1.6,327.7,-41.5,0.0,9.8,0x20,405.003,5.4,375,-1,2.2,,
2026-09-04T01:03:03.000Z,M20-409-2-00781,1472518983,43.52602,4.72190,31263.7,3.3,8.0,205.3,-41.5,0.0,9.8,0x20,405.003,14.1,1125,-1,2.2,,
2026-09-04T01:03:04.000Z,M20-409-2-00781,1472518984,43.52596,4.72186,31268.1,5.4,6.3,204.9,-41.4,0.0,9.8,0x20,405.003,16.5,375,-1,2.2,,
2026-09-04T01:03:05.000Z,M20-409-2-00781,1472518985,43.52592,4.72183,31273.9,6.6,4.1,227.3,-41.3,0.0,9.7,0x20,405.003,17.0,375,-1,2.2,,
2026-09-04T01:03:06.000Z,M20-409-2-00781,1472518986,43.52592,4.72180,31279.3,4.6,2.5,295.6,-41.3,0.0,9.7,0x20,405.003,18.7,375,-1,2.2,,
2026-09-04T01:03:07.000Z,M20-409-2-00781,1472518987,43.52594,4.72177,31284.0,4.7,3.5,326.7,-41.3,0.0,9.7,0x20,405.003,18.7,375,-1,2.2,,
2026-09-04T01:03:08.000Z,M20-409-2-00781,1472518988,43.52596,4.72175,31290.0,7.3,2.8,304.5,-41.3,0.0,9.7,0x20,405.003,17.8,375,-1,2.2,,
2026-09-04T01:03:09.000Z,M20-409-2-00781,1472518989,43.52596,4.72171,31297.0,6.7,4.0,227.4,-41.3,0.0,9.7,0x20,405.003,17.8,375,-1,2.2,,
2026-09-04T01:03:10.000Z,M20-409-2-00781,1472518990,43.52592,4.72168,31302.0,3.5,6.9,205.4,-41.4,0.0,9.7,0x20,405.003,11.0,375,-1,2.2,,
2026-09-04T01:03:11.000Z,M20-409-2-00781,1472518991,43.52586,4.72164,31305.7,4.2,8.6,196.6,-41.4,0.0,9.7,0x20,405.003,4.4,375,-1,2.2,,
2026-09-04T01:03:13.000Z,M20-409-2-00781,1472518993,43.52575,4.72157,31319.1,7.4,4.1,230.2,-41.4,0.0,9.7,0x20,405.003,6.3,375,-1,2.2,,
2026-09-04T01:03:14.000Z,M20-409-2-00781,1472518994,43.52573,4.72153,31324.0,3.3,3.3,271.1,-41.4,0.0,9.7,0x20,405.003,13.4,375,-1,2.2,,
2026-09-04T01:03:15.000Z,M20-409-2-00781,1472518995,43.52574,4.72149,31329.3,6.6,2.9,304.1,-41.5,0.0,9.7,0x20,405.003,13.4,375,-1,2.2,,
2026-09-04T01:03:16.000Z,M20-409-2-00781,1472518996,43.52575,4.72147,31336.3,7.7,1.6,253.8,-41.5,0.0,9.6,0x20,405.003,19.7,375,-1,2.2,,
2026-09-04T01:03:17.000Z,M20-409-2-00781,1472518997,43.52574,4.72145,31342.9,5.9,3.2,204.1,-41.5,0.0,9.6,0x20,405.003,19.7,375,-1,2.2,,
2026-09-04T01:03:19.000Z,M20-409-2-00781,1472518999,43.52565,4.72141,31352.6,6.2,6.3,212.5,-41.5,0.0,9.6,0x20,405.003,18.9,375,-1,2.2,,
2026-09-04T01:03:20.000Z,M20-409-2-00781,1472519000,43.52561,4.72135,31357.9,5.4,7.2,232.3,-41.5,0.0,9.6,0x20,405.003,17.1,375,-1,2.2,,
2026-09-04T01:03:21.000Z,M20-409-2-00781,1472519001,43.52558,4.72128,31362.8,4.6,6.5,248.2,-41.5,0.0,9.6,0x20,405.003,19.3,375,-1,2.2,,
2026-09-04T01:03:22.000Z,M20-409-2-00781,1472519002,43.52556,4.72121,31368.0,6.1,6.3,250.0,-41.5,0.0,9.6,0x20,405.003,19.3,375,-1,2.2,,
2026-09-04T01:03:23.000Z,M20-409-2-00781,1472519003,43.52553,4.72115,31373.9,5.8,5.9,224.6,-41.5,0.0,9.6,0x20,405.003,16.6,375,-1,2.2,,
2026-09-04T01:03:24.000Z,M20-409-2-00781,1472519004,43.52549,4.72110,31379.7,5.7,5.5,212.2,-41.5,0.0,9.6,0x20,405.003,6.9,375,-1,2.2,,
2026-09-04T01:03:25.000Z,M20-409-2-00781,1472519005,43.52545,4.72107,31384.9,4.9,5.9,201.1,-41.5,0.0,9.6,0x20,405.003,6.9,1125,-1,2.2,,
2026-09-04T01:03:26.000Z,M20-409-2-00781,1472519006,43.52541,4.72105,31390.3,6.7,4.5,202.7,-41.5,0.0,9.6,0x20,405.003,5.2,375,-1,2.2,,
2026-09-04T01:03:27.000Z,M20-409-2-00781,1472519007,43.52538,4.72103,31396.5,5.9,2.8,250.4,-41.5,0.0,9.6,0x20,405.003,12.2,375,-1,2.2,,
2026-09-04T01:03:29.000Z,M20-409-2-00781,1472519009,43.52539,4.72093,31406.6,5.9,5.9,274.2,-41.6,0.0,9.5,0x20,405.003,19.6,375,-1,2.2,,
2026-09-04T01:03:30.000Z,M20-409-2-00781,1472519010,43.52538,4.72085,31412.4,6.4,7.3,245.8,-41.6,0.0,9.5,0x20,405.003,19.6,375,-1,2.2,,
2026-09-04T01:03:31.000Z,M20-409-2-00781,1472519011,43.52534,4.72078,31418.1,5.0,8.7,217.1,-41.6,0.0,9.5,0x20,405.003,18.0,375,-1,2.2,,
2026-09-04T01:03:32.000Z,M20-409-2-00781,1472519012,43.52527,4.72072,31422.8,4.7,9.7,209.9,-41.5,0.0,9.5,0x20,405.003,20.8,375,-1,2.2,,
2026-09-04T01:03:33.000Z,M20-409-2-00781,1472519013,43.52519,4.72066,31427.9,6.4,9.2,206.4,-41.5,0.0,9.5,0x20,405.003,20.8,1125,-1,2.2,,
2026-09-04T01:03:34.000Z,M20-409-2-00781,1472519014,43.52514,4.72062,31434.9,7.9,5.1,216.5,-41.5,0.0,9.5,0x20,405.003,21.5,375,-1,2.2,,
2026-09-04T01:03:35.000Z,M20-409-2-00781,1472519015,43.52512,4.72058,31441.0,5.5,3.7,261.6,-41.5,0.0,9.5,0x20,405.003,21.5,375,-1,2.2,,
2026-09-04T01:03:36.000Z,M20-409-2-00781,1472519016,43.52512,4.72053,31446.2,5.5,4.9,294.9,-41.5,0.0,9.5,0x20,405.003,21.5,1125,-1,2.2,,
2026-09-04T01:03:37.000Z,M20-409-2-00781,1472519017,43.52514,4.72047,31451.9,6.8,5.8,294.0,-41.5,0.0,9.5,0x20,405.003,16.3,1125,-1,2.2,,
2026-09-04T01:03:38.000Z,M20-409-2-00781,1472519018,43.52515,4.72040,31459.1,7.6,6.2,253.8,-41.5,0.0,9.5,0x20,405.003,5.6,375,-1,2.2,,
2026-09-04T01:03:40.000Z,M20-409-2-00781,1472519020,43.52502,4.72027,31467.7,3.2,11.9,200.0,-41.5,0.0,9.5,0x20,405.003,11.2,1125,-1,2.2,,
2026-09-04T01:03:41.000Z,M20-409-2-00781,1472519021,43.52491,4.72023,31471.3,4.7,14.0,189.8,-41.5,0.0,9.4,0x20,405.003,17.1,375,-1,2.2,,
2026-09-04T01:03:42.000Z,M20-409-2-00781,1472519022,43.52480,4.72020,31477.3,8.3,10.3,191.4,-41.4,0.0,9.4,0x20,405.003,19.3,375,-1,2.2,,
2026-09-04T01:03:43.000Z,M20-409-2-00781,1472519023,43.52475,4.72018,31486.6,10.6,3.4,232.2,-41.4,0.0,9.4,0x20,405.003,19.7,375,-1,2.2,,
2026-09-04T01:03:44.000Z,M20-409-2-00781,1472519024,43.52473,4.72014,31491.6,0.7,3.9,239.5,-41.4,0.0,9.4,0x20,405.003,19.7,375,-1,2.2,,
2026-09-04T01:03:45.000Z,M20-409-2-00781,1472519025,43.52471,4.72010,31487.0,-9.1,3.2,235.3,-41.5,0.0,9.4,0x20,405.003,17.5,375,-1,2.2,,
2026-09-04T01:03:46.000Z,M20-409-2-00781,1472519026,43.52469,4.72007,31473.0,-18.5,3.0,235.4,-41.4,0.0,9.4,0x20,405.003,17.5,375,-1,2.2,,
2026-09-04T01:03:47.000Z,M20-409-2-00781,1472519027,43.52468,4.72003,31450.6,-26.1,3.8,245.5,-41.4,0.0,9.5,0x20,405.003,8.9,375,-1,2.2,,
2026-09-04T01:03:49.000Z,M20-409-2-00781,1472519029,43.52464,4.71995,31382.4,-39.9,4.9,246.2,-41.2,0.0,9.6,0x20,405.003,17.7,375,-1,2.2,,
2026-09-04T01:03:50.000Z,M20-409-2-00781,1472519030,43.52462,4.71989,31339.8,-44.7,4.7,245.0,-41.0,0.0,9.7,0x20,405.003,17.7,1125,-1,2.2,,
2026-09-04T01:03:51.000Z,M20-409-2-00781,1472519031,43.52461,4.71982,31298.5,-37.8,7.0,260.6,-41.0,0.0,9.7,0x20,405.003,6.2,1125,-1,2.2,,
2026-09-04T01:03:52.000Z,M20-409-2-00781,1472519032,43.52459,4.71975,31261.0,-36.7,7.0,239.8,-40.9,0.0,9.8,0x20,405.003,4.6,1125,-1,2.2,,
2026-09-04T01:03:53.000Z,M20-409-2-00781,1472519033,43.52456,4.71969,31226.1,-34.6,5.5,215.6,-40.9,0.0,9.8,0x20,405.003,9.7,375,-1,2.2,,
2026-09-04T01:03:54.000Z,M20-409-2-00781,1472519034,43.52452,4.71965,31190.0,-37.1,4.8,212.4,-40.9,0.0,9.9,0x20,405.003,14.5,375,-1,2.2,,
2026-09-04T01:03:56.000Z,M20-409-2-00781,1472519036,43.52445,4.71964,31116.5,-35.6,3.4,156.9,-40.9,0.0,10.0,0x20,405.003,16.0,1125,-1,2.2,,
2026-09-04T01:03:58.000Z,M20-409-2-00781,1472519038,43.52442,4.71966,31049.8,-31.7,1.5,180.0,-41.0,0.0,10.1,0x20,405.003,19.0,375,-1,2.2,,
2026-09-04T01:04:03.000Z,M20-409-2-00781,1472519043,43.52432,4.71937,30884.4,-30.4,6.0,239.0,-41.4,0.0,10.4,0x20,405.003,5.7,1125,-1,2.2,,
2026-09-04T01:04:04.000Z,M20-409-2-00781,1472519044,43.52429,4.71931,30852.8,-31.8,4.2,243.1,-41.4,0.0,10.4,0x20,405.003,3.8,1125,-1,2.2,,
2026-09-04T01:04:06.000Z,M20-409-2-00781,1472519046,43.52425,4.71929,30786.7,-32.9,2.2,164.6,-41.4,0.0,10.5,0x20,405.003,10.2,1125,-1,2.2,,
2026-09-04T01:04:08.000Z,M20-409-2-00781,1472519048,43.52423,4.71930,30721.7,-31.4,1.0,117.6,-41.3,0.0,10.6,0x20,405.003,11.3,1125,-1,2.2,,
2026-09-04T01:04:16.000Z,M20-409-2-00781,1472519056,43.52405,4.71868,30421.2,-34.0,7.5,235.1,-41.2,0.0,11.2,0x20,405.003,14.4,375,-1,2.2,,
2026-09-04T01:04:18.000Z,M20-409-2-00781,1472519058,43.52397,4.71861,30360.0,-28.7,5.1,192.6,-41.5,0.0,11.2,0x20,405.003,3.7,375,-1,2.2,,
2026-09-04T01:04:19.000Z,M20-409-2-00781,1472519059,43.52392,4.71860,30329.8,-30.3,5.6,180.6,-41.6,0.0,11.3,0x20,405.003,10.8,1125,-1,2.2,,
2026-09-04T01:04:20.000Z,M20-409-2-00781,1472519060,43.52387,4.71861,30295.4,-35.1,6.8,176.5,-41.7,0.0,11.4,0x20,405.003,13.1,1125,-1,2.2,,
2026-09-04T01:04:23.000Z,M20-409-2-00781,1472519063,43.52368,4.71859,30197.3,-30.0,5.8,197.3,-41.9,0.0,11.5,0x20,405.003,16.4,375,-1,2.2,,
2026-09-04T01:04:27.000Z,M20-409-2-00781,1472519067,43.52351,4.71858,30071.8,-33.3,4.0,157.6,-42.2,0.0,11.8,0x20,405.003,15.9,375,-1,2.2,,
2026-09-04T01:04:33.000Z,M20-409-2-00781,1472519073,43.52325,4.71867,29864.4,-34.9,4.2,148.5,-42.7,0.0,12.2,0x20,405.003,14.5,375,-1,2.2,,
2026-09-04T01:04:34.000Z,M20-409-2-00781,1472519074,43.52322,4.71869,29829.8,-32.8,2.2,154.7,-42.8,0.0,12.2,0x20,405.003,14.5,375,-1,2.2,,
2026-09-04T01:04:39.000Z,M20-409-2-00781,1472519079,43.52324,4.71879,29664.0,-35.6,2.2,80.3,-42.7,0.0,12.6,0x20,405.003,16.8,375,-1,2.2,,
2026-09-04T01:04:41.000Z,M20-409-2-00781,1472519081,43.52324,4.71881,29590.5,-36.9,0.4,59.9,-43.3,0.0,12.7,0x20,405.003,9.3,375,-1,2.2,,
2026-09-04T01:04:48.000Z,M20-409-2-00781,1472519088,43.52328,4.71887,29321.8,-38.6,2.2,44.1,-44.4,0.0,13.3,0x20,405.003,12.5,1125,-1,2.2,,
2026-09-04T01:04:52.000Z,M20-409-2-00781,1472519092,43.52342,4.71890,29159.4,-39.0,4.6,338.2,-44.3,0.0,13.6,0x20,405.003,14.6,375,-1,2.2,,
2026-09-04T01:04:56.000Z,M20-409-2-00781,1472519096,43.52354,4.71876,28998.2,-42.3,5.1,311.4,-44.4,0.0,14.0,0x20,405.003,3.3,375,-1,2.2,,
2026-09-04T01:05:02.000Z,M20-409-2-00781,1472519102,43.52373,4.71863,28765.7,-39.4,3.0,354.3,-44.3,0.0,14.5,0x20,405.003,9.5,1125,-1,2.2,,
2026-09-04T01:05:12.000Z,M20-409-2-00781,1472519112,43.52383,4.71840,28445.1,-26.8,6.3,216.6,-45.2,0.0,15.2,0x20,405.003,9.3,375,-1,2.2,,
2026-09-04T01:05:19.000Z,M20-409-2-00781,1472519119,43.52360,4.71829,28259.1,-25.2,4.4,79.0,-45.6,0.0,15.7,0x20,405.003,14.4,375,-1,2.2,,
2026-09-04T01:05:27.000Z,M20-409-2-00781,1472519127,43.52368,4.71812,28056.8,-23.1,9.2,294.9,-47.3,0.0,16.2,0x20,405.003,12.0,1125,-1,2.2,,
2026-09-04T01:05:31.000Z,M20-409-2-00781,1472519131,43.52394,4.71785,27960.1,-23.8,9.7,353.0,-47.0,0.0,16.5,0x20,405.003,15.9,375,-1,2.2,,
2026-09-04T01:05:34.000Z,M20-409-2-00781,1472519134,43.52408,4.71798,27887.3,-24.6,7.9,84.5,-47.0,0.0,16.7,0x20,405.003,14.1,375,-1,2.2,,
2026-09-04T01:05:37.000Z,M20-409-2-00781,1472519137,43.52399,4.71820,27813.0,-21.3,5.4,167.0,-46.9,0.0,16.9,0x20,405.003,4.1,1125,-1,2.2,,
2026-09-04T01:05:41.000Z,M20-409-2-00781,1472519141,43.52399,4.71792,27715.1,-25.3,10.9,308.0,-47.3,0.0,17.1,0x20,405.003,12.6,1125,-1,2.2,,
2026-09-04T01:05:42.000Z,M20-409-2-00781,1472519142,43.52406,4.71782,27690.4,-22.8,11.8,321.5,-47.4,0.0,17.2,0x20,405.003,15.1,1125,-1,2.2,,
2026-09-04T01:05:43.000Z,M20-409-2-00781,1472519143,43.52415,4.71774,27667.1,-22.3,12.3,329.4,-47.5,0.0,17.2,0x20,405.003,15.1,375,-1,2.2,,
2026-09-04T01:05:46.000Z,M20-409-2-00781,1472519146,43.52437,4.71774,27598.4,-22.4,7.0,50.4,-48.0,0.0,17.4,0x20,405.003,14.7,375,-1,2.2,,
2026-09-04T01:05:54.000Z,M20-409-2-00781,1472519154,43.52415,4.71774,27417.3,-21.5,6.5,298.5,-48.6,0.0,18.0,0x20,405.003,8.6,1125,-1,2.2,,
2026-09-04T01:06:05.000Z,M20-409-2-00781,1472519165,43.52427,4.71809,27176.2,-22.0,3.6,264.7,-49.0,0.0,18.6,0x20,405.003,13.4,1125,-1,2.2,,
2026-09-04T01:06:06.000Z,M20-409-2-00781,1472519166,43.52428,4.71805,27153.7,-20.3,4.2,307.7,-49.1,0.0,18.7,0x20,405.003,15.4,375,-1,2.2,,
2026-09-04T01:06:07.000Z,M20-409-2-00781,1472519167,43.52431,4.71804,27131.4,-20.4,5.3,359.0,-49.2,0.0,18.8,0x20,405.003,15.4,375,-1,2.2,,
2026-09-04T01:06:11.000Z,M20-409-2-00781,1472519171,43.52443,4.71835,27042.9,-21.4,9.1,100.9,-49.3,0.0,19.1,0x20,405.003,14.4,0,-1,2.2,,
2026-09-04T01:06:12.000Z,M20-409-2-00781,1472519172,43.52440,4.71846,27020.8,-21.0,9.5,119.1,-49.3,0.0,19.1,0x20,405.003,21.6,0,-1,2.2,,
2026-09-04T01:06:18.000Z,M20-409-2-00781,1472519178,43.52433,4.71836,26883.6,-25.4,9.9,333.5,-49.2,0.0,19.5,0x20,405.003,14.8,1125,-1,2.2,,
2026-09-04T01:06:19.000Z,M20-409-2-00781,1472519179,43.52443,4.71831,26858.2,-24.0,12.0,348.3,-49.3,0.0,19.6,0x20,405.003,14.8,1125,-1,2.2,,
2026-09-04T01:06:29.000Z,M20-409-2-00781,1472519189,43.52442,4.71837,26646.6,-21.9,9.7,339.1,-50.6,0.0,20.3,0x20,405.003,6.7,-375,-1,2.2,,
2026-09-04T01:06:36.000Z,M20-409-2-00781,1472519196,43.52488,4.71844,26498.8,-20.3,5.5,254.7,-50.6,0.0,20.8,0x20,405.003,16.4,-375,-1,2.2,,
2026-09-04T01:06:38.000Z,M20-409-2-00781,1472519198,43.52488,4.71823,26455.9,-19.9,11.0,275.2,-50.4,0.0,20.9,0x20,405.003,20.4,-375,-1,2.2,,
2026-09-04T01:06:40.000Z,M20-409-2-00781,1472519200,43.52496,4.71797,26415.5,-18.8,11.1,313.9,-50.2,0.0,21.0,0x20,405.003,4.6,-375,-1,2.2,,
2026-09-04T01:06:45.000Z,M20-409-2-00781,1472519205,43.52524,4.71804,26313.8,-21.3,8.0,76.4,-49.9,0.0,21.4,0x20,405.003,15.0,-375,-1,2.2,,
2026-09-04T01:09:55.000Z,M20-409-2-00781,1472519395,43.52418,4.71105,22808.3,-14.3,0.8,115.2,-55.3,0.0,37.3,0x20,405.003,8.8,-375,-1,2.2,,
2026-09-04T01:10:10.000Z,M20-409-2-00781,1472519410,43.52434,4.71090,22563.3,-13.8,2.4,313.0,-55.2,0.0,38.8,0x20,405.003,6.1,-375,-1,2.2,,
2026-09-04T01:10:11.000Z,M20-409-2-00781,1472519411,43.52435,4.71088,22548.3,-14.1,2.3,300.5,-55.2,0.0,38.9,0x20,405.003,6.1,750,-1,2.2,,
2026-09-04T01:10:19.000Z,M20-409-2-00781,1472519419,43.52450,4.71078,22422.8,-11.9,3.8,337.4,-55.7,0.0,39.7,0x20,405.003,21.6,-375,-1,2.2,,
2026-09-04T01:10:56.000Z,M20-409-2-00781,1472519456,43.52445,4.70959,21850.9,-12.6,1.2,17.2,-56.3,0.0,43.5,0x20,405.003,21.9,-375,-1,2.2,,
2026-09-04T01:13:52.000Z,M20-409-2-00781,1472519632,43.51901,4.71026,19364.8,-11.7,8.0,128.5,-59.5,0.0,64.8,0x20,405.003,11.0,750,-1,2.1,,
2026-09-04T01:13:53.000Z,M20-409-2-00781,1472519633,43.51896,4.71033,19352.3,-11.7,7.4,131.7,-59.5,0.0,65.0,0x20,405.003,15.6,-1125,-1,2.1,,
2026-09-04T01:13:54.000Z,M20-409-2-00781,1472519634,43.51892,4.71040,19339.5,-11.5,6.4,127.7,-59.6,0.0,65.1,0x20,405.003,18.2,-1125,-1,2.1,,
2026-09-04T01:13:55.000Z,M20-409-2-00781,1472519635,43.51888,4.71046,19325.7,-12.4,7.3,130.1,-59.6,0.0,65.2,0x20,405.003,18.2,-1125,-1,2.1,,
2026-09-04T01:13:59.000Z,M20-409-2-00781,1472519639,43.51868,4.71070,19275.4,-11.3,7.6,133.3,-59.6,0.0,65.8,0x20,405.003,13.5,-1125,-1,2.1,,
2026-09-04T01:14:00.000Z,M20-409-2-00781,1472519640,43.51864,4.71077,19263.1,-10.6,7.2,126.3,-59.6,0.0,65.9,0x20,405.003,15.3,-1125,-1,2.1,,
2026-09-04T01:14:01.000Z,M20-409-2-00781,1472519641,43.51860,4.71085,19250.4,-12.2,8.2,117.5,-59.6,0.0,66.0,0x20,405.003,15.3,-1125,-1,2.1,,
2026-09-04T01:14:02.000Z,M20-409-2-00781,1472519642,43.51856,4.71094,19237.1,-12.0,9.3,116.5,-59.6,0.0,66.2,0x20,405.003,15.3,750,-1,2.1,,
2026-09-04T01:14:03.000Z,M20-409-2-00781,1472519643,43.51853,4.71104,19224.2,-11.6,8.7,111.7,-59.5,0.0,66.3,0x20,405.003,6.2,750,-1,2.1,,
2026-09-04T01:14:05.000Z,M20-409-2-00781,1472519645,43.51848,4.71123,19199.0,-11.9,7.7,104.0,-59.4,0.0,66.6,0x20,405.003,9.2,750,-1,2.1,,
2026-09-04T01:14:06.000Z,M20-409-2-00781,1472519646,43.51847,4.71133,19186.7,-11.4,7.5,98.2,-59.4,0.0,66.7,0x20,405.003,19.6,-1125,-1,2.1,,
2026-09-04T01:14:07.000Z,M20-409-2-00781,1472519647,43.51846,4.71143,19174.1,-10.8,7.9,91.4,-59.3,0.0,66.8,0x20,405.003,19.6,-1125,-1,2.1,,
2026-09-04T01:14:08.000Z,M20-409-2-00781,1472519648,43.51846,4.71152,19161.9,-11.0,6.9,92.8,-59.3,0.0,67.0,0x20,405.003,19.5,-1125,-1,2.1,,
2026-09-04T01:14:09.000Z,M20-409-2-00781,1472519649,43.51846,4.71161,19149.4,-11.8,7.9,91.4,-59.2,0.0,67.1,0x20,405.003,18.7,-1125,-1,2.1,,
2026-09-04T01:14:11.000Z,M20-409-2-00781,1472519651,43.51845,4.71178,19123.1,-11.8,7.7,95.6,-59.2,0.0,67.4,0x20,405.003,10.5,-1125,-1,2.1,,
2026-09-04T01:14:12.000Z,M20-409-2-00781,1472519652,43.51844,4.71187,19111.2,-10.6,7.5,96.3,-59.1,0.0,67.5,0x20,405.003,15.3,-1125,-1,2.1,,
2026-09-04T01:14:13.000Z,M20-409-2-00781,1472519653,43.51844,4.71197,19098.1,-12.4,7.8,90.3,-59.1,0.0,67.7,0x20,405.003,18.2,-1125,-1,2.1,,
2026-09-04T01:14:14.000Z,M20-409-2-00781,1472519654,43.51843,4.71207,19085.5,-11.1,7.8,93.2,-59.0,0.0,67.8,0x20,405.003,18.2,-1125,-1,2.1,,
2026-09-04T01:14:18.000Z,M20-409-2-00781,1472519658,43.51843,4.71240,19038.1,-11.0,5.8,67.5,-58.8,0.0,68.3,0x20,405.003,10.9,-1125,-1,2.1,,
2026-09-04T01:14:19.000Z,M20-409-2-00781,1472519659,43.51845,4.71248,19026.1,-11.7,6.1,68.8,-58.7,0.0,68.5,0x20,405.003,19.2,-1125,-1,2.1,,
2026-09-04T01:14:20.000Z,M20-409-2-00781,1472519660,43.51847,4.71254,19014.3,-10.8,5.3,67.0,-58.6,0.0,68.6,0x20,405.003,19.2,-1125,-1,2.1,,
2026-09-04T01:14:21.000Z,M20-409-2-00781,1472519661,43.51849,4.71261,19001.6,-11.0,6.3,69.8,-58.6,0.0,68.7,0x20,405.003,14.8,-1125,-1,2.1,,
2026-09-04T01:14:22.000Z,M20-409-2-00781,1472519662,43.51851,4.71268,18990.1,-9.5,5.7,70.6,-58.5,0.0,68.9,0x20,405.003,9.7,-1125,-1,2.1,,
2026-09-04T01:14:23.000Z,M20-409-2-00781,1472519663,43.51853,4.71274,18979.4,-9.5,4.6,74.4,-58.5,0.0,69.0,0x20,405.003,8.7,-1125,-1,2.1,,
2026-09-04T01:14:24.000Z,M20-409-2-00781,1472519664,43.51854,4.71277,18966.9,-11.1,3.5,68.9,-58.4,0.0,69.1,0x20,405.003,13.1,-1125,-1,2.1,,
2026-09-04T01:14:25.000Z,M20-409-2-00781,1472519665,43.51855,4.71281,18953.8,-10.8,2.9,81.6,-58.3,0.0,69.3,0x20,405.003,18.4,-1125,-1,2.1,,
2026-09-04T01:14:26.000Z,M20-409-2-00781,1472519666,43.51855,4.71284,18941.7,-11.2,3.3,80.7,-58.3,0.0,69.4,0x20,405.003,20.1,-1125,-1,2.1,,
2026-09-04T01:14:30.000Z,M20-409-2-00781,1472519670,43.51857,4.71302,18892.9,-11.1,3.5,65.0,-58.1,0.0,69.9,0x20,405.003,5.6,-1125,-1,2.1,,
2026-09-04T01:14:31.000Z,M20-409-2-00781,1472519671,43.51858,4.71305,18880.2,-11.7,3.2,59.4,-58.3,0.0,70.1,0x20,405.003,11.2,-1125,-1,2.1,,
2026-09-04T01:14:32.000Z,M20-409-2-00781,1472519672,43.51859,4.71309,18867.6,-10.8,2.7,68.9,-58.5,0.0,70.2,0x20,405.003,14.1,-1125,-1,2.1,,
2026-09-04T01:14:33.000Z,M20-409-2-00781,1472519673,43.51859,4.71312,18856.4,-10.6,2.6,82.8,-58.5,0.0,70.3,0x20,405.003,14.1,-1125,-1,2.1,,
2026-09-04T01:14:38.000Z,M20-409-2-00781,1472519678,43.51846,4.71320,18799.4,-10.0,5.0,153.0,-58.5,0.0,71.0,0x20,405.003,18.5,-1125,-1,2.1,,
2026-09-04T01:14:43.000Z,M20-409-2-00781,1472519683,43.51825,4.71332,18737.7,-11.8,4.9,163.4,-58.7,0.0,71.7,0x20,405.003,10.2,-1125,-1,2.1,,
2026-09-04T01:14:44.000Z,M20-409-2-00781,1472519684,43.51820,4.71334,18725.7,-11.1,5.5,164.3,-58.9,0.0,71.8,0x20,405.003,10.2,-1125,-1,2.1,,
2026-09-04T01:14:49.000Z,M20-409-2-00781,1472519689,43.51785,4.71352,18669.0,-10.3,9.8,153.9,-59.3,0.0,72.5,0x20,405.003,13.7,-1125,-1,2.1,,
2026-09-04T01:14:50.000Z,M20-409-2-00781,1472519690,43.51777,4.71357,18657.9,-9.6,8.9,148.1,-59.4,0.0,72.6,0x20,405.003,15.9,-1125,-1,2.1,,
2026-09-04T01:15:03.000Z,M20-409-2-00781,1472519703,43.51706,4.71479,18513.0,-9.7,9.3,116.5,-59.9,0.0,74.4,0x20,405.003,19.2,-1125,-1,2.1,,
2026-09-04T01:15:04.000Z,M20-409-2-00781,1472519704,43.51702,4.71490,18500.5,-11.0,8.8,110.6,-59.9,0.0,74.5,0x20,405.003,19.2,-1125,-1,2.1,,
2026-09-04T01:15:07.000Z,M20-409-2-00781,1472519707,43.51692,4.71514,18468.4,-9.3,6.2,123.2,-59.7,0.0,74.9,0x20,405.003,5.9,-1125,-1,2.1,,
2026-09-04T01:15:09.000Z,M20-409-2-00781,1472519709,43.51685,4.71528,18447.2,-8.8,6.8,125.8,-59.7,0.0,75.2,0x20,405.003,4.3,-1125,-1,2.1,,
2026-09-04T01:15:10.000Z,M20-409-2-00781,1472519710,43.51682,4.71534,18436.5,-9.2,6.0,133.1,-59.8,0.0,75.3,0x20,405.003,6.1,-1125,-1,2.1,,
2026-09-04T01:15:12.000Z,M20-409-2-00781,1472519712,43.51674,4.71544,18412.4,-10.8,5.2,118.9,-60.1,0.0,75.6,0x20,405.003,18.6,-1125,-1,2.1,,
2026-09-04T01:15:13.000Z,M20-409-2-00781,1472519713,43.51672,4.71550,18400.9,-9.9,4.5,123.8,-60.1,0.0,75.7,0x20,405.003,19.6,-1125,-1,2.1,,
2026-09-04T01:15:14.000Z,M20-409-2-00781,1472519714,43.51670,4.71554,18390.0,-10.3,3.9,125.5,-60.1,0.0,75.9,0x20,405.003,19.6,-1125,-1,2.1,,
2026-09-04T01:15:15.000Z,M20-409-2-00781,1472519715,43.51668,4.71557,18378.2,-9.8,3.5,133.2,-60.2,0.0,76.0,0x20,405.003,16.1,-1125,-1,2.1,,
2026-09-04T01:15:18.000Z,M20-409-2-00781,1472519718,43.51660,4.71560,18343.7,-10.0,3.4,185.2,-60.4,0.0,76.4,0x20,405.003,10.4,-1125,-1,2.1,,
2026-09-04T01:15:19.000Z,M20-409-2-00781,1472519719,43.51656,4.71560,18333.0,-9.7,5.0,193.4,-60.4,0.0,76.6,0x20,405.003,10.4,-1125,-1,2.1,,
2026-09-04T01:15:20.000Z,M20-409-2-00781,1472519720,43.51651,4.71558,18320.9,-11.8,5.7,196.2,-60.4,0.0,76.7,0x20,405.003,5.4,-1125,-1,2.1,,
2026-09-04T01:15:21.000Z,M20-409-2-00781,1472519721,43.51646,4.71556,18308.1,-11.1,6.0,192.8,-60.3,0.0,76.9,0x20,405.003,4.5,-1125,-1,2.1,,
2026-09-04T01:15:23.000Z,M20-409-2-00781,1472519723,43.51636,4.71552,18285.5,-9.5,5.2,197.2,-60.2,0.0,77.2,0x20,405.003,11.5,-1125,-1,2.1,,
2026-09-04T01:15:24.000Z,M20-409-2-00781,1472519724,43.51631,4.71551,18273.8,-9.8,5.7,183.7,-60.2,0.0,77.3,0x20,405.003,19.8,-1125,-1,2.1,,
2026-09-04T01:15:25.000Z,M20-409-2-00781,1472519725,43.51626,4.71551,18263.3,-9.4,5.9,180.6,-60.1,0.0,77.4,0x20,405.003,19.8,-1125,-1,2.1,,
2026-09-04T01:15:26.000Z,M20-409-2-00781,1472519726,43.51620,4.71552,18252.8,-10.0,6.2,168.0,-60.1,0.0,77.6,0x20,405.003,16.2,-1125,-1,2.1,,
2026-09-04T01:15:27.000Z,M20-409-2-00781,1472519727,43.51615,4.71552,18242.0,-10.0,6.4,188.4,-60.0,0.0,77.7,0x20,405.003,12.0,-1125,-1,2.1,,
2026-09-04T01:15:28.000Z,M20-409-2-00781,1472519728,43.51609,4.71550,18230.5,-11.0,7.5,187.7,-60.0,0.0,77.8,0x20,405.003,9.5,-1125,-1,2.1,,
2026-09-04T01:15:29.000Z,M20-409-2-00781,1472519729,43.51603,4.71549,18219.2,-9.6,6.9,193.4,-60.0,0.0,78.0,0x20,405.003,17.0,-1125,-1,2.1,,
2026-09-04T01:15:30.000Z,M20-409-2-00781,1472519730,43.51596,4.71546,18208.0,-10.7,7.9,195.0,-60.0,0.0,78.1,0x20,405.003,19.8,-1125,-1,2.1,,
2026-09-04T01:15:31.000Z,M20-409-2-00781,1472519731,43.51589,4.71544,18195.6,-10.4,7.8,190.2,-60.0,0.0,78.3,0x20,405.003,19.8,-1125,-1,2.1,,
2026-09-04T01:15:32.000Z,M20-409-2-00781,1472519732,43.51582,4.71543,18184.2,-10.1,8.9,184.9,-59.9,0.0,78.4,0x20,405.003,19.2,-1125,-1,2.1,,
2026-09-04T01:15:33.000Z,M20-409-2-00781,1472519733,43.51573,4.71541,18172.7,-10.4,9.8,190.0,-59.9,0.0,78.6,0x20,405.003,19.2,-1125,-1,2.1,,
2026-09-04T01:15:34.000Z,M20-409-2-00781,1472519734,43.51565,4.71540,18161.1,-10.1,9.1,181.9,-59.9,0.0,78.7,0x20,405.003,4.3,-1125,-1,2.1,,
2026-09-04T01:15:35.000Z,M20-409-2-00781,1472519735,43.51557,4.71540,18149.8,-11.3,8.4,172.6,-59.8,0.0,78.9,0x20,405.003,4.2,-1125,-1,2.1,,
2026-09-04T01:15:36.000Z,M20-409-2-00781,1472519736,43.51549,4.71542,18137.5,-11.0,9.6,174.9,-59.8,0.0,79.0,0x20,405.003,6.7,-1125,-1,2.1,,
2026-09-04T01:15:37.000Z,M20-409-2-00781,1472519737,43.51541,4.71543,18126.0,-10.1,9.0,170.9,-59.8,0.0,79.1,0x20,405.003,9.7,-1125,-1,2.1,,
2026-09-04T01:15:38.000Z,M20-409-2-00781,1472519738,43.51532,4.71544,18114.7,-10.6,10.3,178.8,-59.7,0.0,79.3,0x20,405.003,11.2,-1125,-1,2.1,,
2026-09-04T01:15:39.000Z,M20-409-2-00781,1472519739,43.51523,4.71544,18103.6,-10.0,10.3,178.6,-59.7,0.0,79.4,0x20,405.003,15.8,-1125,-1,2.1,,
2026-09-04T01:15:40.000Z,M20-409-2-00781,1472519740,43.51514,4.71544,18092.9,-10.2,9.1,181.6,-59.7,0.0,79.6,0x20,405.003,19.3,-1125,-1,2.1,,
2026-09-04T01:15:41.000Z,M20-409-2-00781,1472519741,43.51505,4.71544,18081.8,-10.1,10.0,175.9,-59.6,0.0,79.7,0x20,405.003,20.4,-1125,-1,2.1,,
2026-09-04T01:15:42.000Z,M20-409-2-00781,1472519742,43.51497,4.71546,18070.8,-9.3,10.1,171.2,-59.6,0.0,79.8,0x20,405.003,20.4,-1125,-1,2.1,,
2026-09-04T01:15:43.000Z,M20-409-2-00781,1472519743,43.51487,4.71547,18059.9,-9.9,11.5,170.6,-59.6,0.0,80.0,0x20,405.003,17.7,-1125,-1,2.1,,
2026-09-04T01:15:44.000Z,M20-409-2-00781,1472519744,43.51477,4.71549,18048.8,-10.1,12.0,172.7,-59.6,0.0,80.2,0x20,405.003,12.5,-1125,-1,2.1,,
2026-09-04T01:15:45.000Z,M20-409-2-00781,1472519745,43.51466,4.71551,18038.2,-8.9,11.2,164.8,-59.7,0.0,80.3,0x20,405.003,12.5,375,-1,2.1,,
2026-09-04T01:15:46.000Z,M20-409-2-00781,1472519746,43.51456,4.71555,18027.1,-11.2,11.2,165.3,-59.8,0.0,80.4,0x20,405.003,12.5,0,-1,2.1,,
2026-09-04T01:15:47.000Z,M20-409-2-00781,1472519747,43.51447,4.71559,18015.4,-9.9,12.1,159.2,-59.9,0.0,80.6,0x20,405.003,4.2,-1125,-1,2.1,,
2026-09-04T01:15:48.000Z,M20-409-2-00781,1472519748,43.51436,4.71564,18003.2,-11.3,11.5,158.3,-60.2,0.0,80.7,0x20,405.003,5.7,0,-1,2.1,,
2026-09-04T01:15:49.000Z,M20-409-2-00781,1472519749,43.51426,4.71570,17992.0,-9.4,13.6,156.2,-60.4,0.0,80.9,0x20,405.003,12.2,-1125,-1,2.1,,
2026-09-04T01:15:50.000Z,M20-409-2-00781,1472519750,43.51415,4.71577,17981.8,-9.6,12.6,156.1,-60.6,0.0,81.0,0x20,405.003,17.4,-1125,-1,2.1,,
2026-09-04T01:15:51.000Z,M20-409-2-00781,1472519751,43.51405,4.71583,17971.2,-9.8,12.3,153.0,-60.6,0.0,81.2,0x20,405.003,20.6,-1125,-1,2.1,,
2026-09-04T01:15:52.000Z,M20-409-2-00781,1472519752,43.51395,4.71590,17960.5,-9.7,13.3,152.2,-60.7,0.0,81.3,0x20,405.003,20.6,-1125,-1,2.1,,
2026-09-04T01:15:53.000Z,M20-409-2-00781,1472519753,43.51384,4.71598,17949.3,-9.9,14.2,148.6,-60.7,0.0,81.5,0x20,405.003,16.8,-1125,-1,2.1,,
2026-09-04T01:15:54.000Z,M20-409-2-00781,1472519754,43.51373,4.71607,17939.0,-9.5,13.8,151.7,-60.6,0.0,81.6,0x20,405.003,13.2,-1125,-1,2.1,,
2026-09-04T01:15:55.000Z,M20-409-2-00781,1472519755,43.51362,4.71615,17928.7,-8.8,14.2,148.0,-60.5,0.0,81.7,0x20,405.003,12.9,-1125,-1,2.1,,
2026-09-04T01:15:56.000Z,M20-409-2-00781,1472519756,43.51351,4.71624,17918.6,-9.4,14.2,144.9,-60.5,0.0,81.9,0x20,405.003,14.4,-1125,-1,2.1,,
2026-09-04T01:15:57.000Z,M20-409-2-00781,1472519757,43.51341,4.71635,17908.0,-9.4,14.2,139.3,-60.4,0.0,82.0,0x20,405.003,14.4,-1125,-1,2.1,,
2026-09-04T01:15:58.000Z,M20-409-2-00781,1472519758,43.51331,4.71646,17897.9,-8.7,14.3,138.4,-60.4,0.0,82.2,0x20,405.003,10.5,-1125,-1,2.1,,
2026-09-04T01:15:59.000Z,M20-409-2-00781,1472519759,43.51322,4.71659,17887.0,-9.8,14.8,133.0,-60.3,0.0,82.3,0x20,405.003,10.5,375,-1,2.1,,
2026-09-04T01:16:00.000Z,M20-409-2-00781,1472519760,43.51313,4.71671,17874.8,-10.2,14.2,139.1,-60.3,0.0,82.5,0x20,405.003,4.8,375,-1,2.1,,
2026-09-04T01:16:01.000Z,M20-409-2-00781,1472519761,43.51304,4.71683,17864.6,-9.4,13.6,130.6,-60.2,0.0,82.6,0x20,405.003,9.1,375,-1,2.1,,
2026-09-04T01:16:02.000Z,M20-409-2-00781,1472519762,43.51296,4.71694,17852.9,-9.6,13.9,133.3,-60.2,0.0,82.8,0x20,405.003,11.9,-1125,-1,2.1,,
2026-09-04T01:16:03.000Z,M20-409-2-00781,1472519763,43.51287,4.71707,17841.4,-10.2,14.6,132.9,-60.1,0.0,82.9,0x20,405.003,12.6,-1125,-1,2.1,,
2026-09-04T01:16:04.000Z,M20-409-2-00781,1472519764,43.51278,4.71719,17829.9,-9.9,14.2,134.4,-60.1,0.0,83.0,0x20,405.003,12.6,-1125,-1,2.1,,
2026-09-04T01:16:05.000Z,M20-409-2-00781,1472519765,43.51269,4.71732,17819.0,-9.9,14.9,135.7,-60.1,0.0,83.2,0x20,405.003,12.8,-1125,-1,2.1,,
2026-09-04T01:16:06.000Z,M20-409-2-00781,1472519766,43.51259,4.71745,17808.0,-8.8,14.5,132.8,-60.1,0.0,83.3,0x20,405.003,19.0,-1125,-1,2.1,,
2026-09-04T01:16:07.000Z,M20-409-2-00781,1472519767,43.51250,4.71758,17796.6,-10.6,15.8,131.7,-60.1,0.0,83.5,0x20,405.003,19.4,-1125,-1,2.1,,
2026-09-04T01:16:08.000Z,M20-409-2-00781,1472519768,43.51241,4.71774,17785.6,-10.1,16.0,125.9,-60.3,0.0,83.6,0x20,405.003,19.4,-1125,-1,2.1,,
2026-09-04T01:16:09.000Z,M20-409-2-00781,1472519769,43.51233,4.71790,17775.0,-9.9,17.2,125.6,-60.5,0.0,83.8,0x20,405.003,17.4,-1125,-1,2.1,,
2026-09-04T01:16:10.000Z,M20-409-2-00781,1472519770,43.51224,4.71807,17764.3,-9.6,16.7,126.5,-60.7,0.0,83.9,0x20,405.003,16.1,-1125,-1,2.1,,
2026-09-04T01:16:11.000Z,M20-409-2-00781,1472519771,43.51216,4.71824,17753.2,-11.0,16.2,122.2,-60.7,0.0,84.1,0x20,405.003,5.1,-1125,-1,2.1,,
2026-09-04T01:16:12.000Z,M20-409-2-00781,1472519772,43.51208,4.71842,17742.7,-9.1,17.0,120.6,-60.8,0.0,84.2,0x20,405.003,3.9,-1125,-1,2.1,,
2026-09-04T01:16:13.000Z,M20-409-2-00781,1472519773,43.51201,4.71860,17731.6,-9.7,16.7,116.9,-61.0,0.0,84.4,0x20,405.003,4.5,-1125,-1,2.1,,
2026-09-04T01:16:14.000Z,M20-409-2-00781,1472519774,43.51195,4.71878,17720.5,-10.0,16.3,114.8,-61.1,0.0,84.5,0x20,405.003,8.0,-1125,-1,2.1,,
2026-09-04T01:16:15.000Z,M20-409-2-00781,1472519775,43.51188,4.71896,17709.6,-9.3,15.8,116.8,-61.2,0.0,84.7,0x20,405.003,10.9,-1125,-1,2.1,,
2026-09-04T01:16:16.000Z,M20-409-2-00781,1472519776,43.51183,4.71913,17699.1,-9.8,15.4,112.4,-61.3,0.0,84.8,0x20,405.003,19.8,-1125,-1,2.1,,
2026-09-04T01:16:17.000Z,M20-409-2-00781,1472519777,43.51178,4.71930,17688.4,-10.3,14.4,111.4,-61.4,0.0,85.0,0x20,405.003,20.6,-1125,-1,2.1,,
2026-09-04T01:16:18.000Z,M20-409-2-00781,1472519778,43.51173,4.71948,17676.9,-10.0,15.6,111.1,-61.6,0.0,85.1,0x20,405.003,20.6,-1125,-1,2.1,,
2026-09-04T01:16:20.000Z,M20-409-2-00781,1472519780,43.51163,4.71983,17656.4,-9.4,15.1,110.4,-61.7,0.0,85.4,0x20,405.003,11.1,-1125,-1,2.1,,
2026-09-04T01:16:21.000Z,M20-409-2-00781,1472519781,43.51158,4.72001,17646.4,-8.8,15.7,108.2,-61.7,0.0,85.5,0x20,405.003,11.1,-1125,-1,2.1,,
2026-09-04T01:16:22.000Z,M20-409-2-00781,1472519782,43.51154,4.72020,17635.5,-9.6,15.2,105.7,-61.6,0.0,85.7,0x20,405.003,16.5,-1125,-1,2.1,,
2026-09-04T01:16:23.000Z,M20-409-2-00781,1472519783,43.51150,4.72037,17624.7,-9.8,15.7,107.7,-61.6,0.0,85.8,0x20,405.003,16.5,-1125,-1,2.1,,
2026-09-04T01:16:24.000Z,M20-409-2-00781,1472519784,43.51146,4.72056,17613.8,-10.0,16.3,103.1,-61.6,0.0,86.0,0x20,405.003,7.0,-1125,-1,2.1,,
2026-09-04T01:16:26.000Z,M20-409-2-00781,1472519786,43.51140,4.72093,17592.6,-9.9,14.6,102.5,-61.6,0.0,86.3,0x20,405.003,4.6,0,-1,2.1,,
2026-09-04T01:16:27.000Z,M20-409-2-00781,1472519787,43.51137,4.72110,17582.7,-8.2,13.4,101.7,-61.6,0.0,86.4,0x20,405.003,15.5,-1125,-1,2.1,,
2026-09-04T01:16:28.000Z,M20-409-2-00781,1472519788,43.51136,4.72127,17573.3,-8.5,14.6,96.0,-61.6,0.0,86.6,0x20,405.003,15.5,-1125,-1,2.1,,
2026-09-04T01:16:29.000Z,M20-409-2-00781,1472519789,43.51134,4.72144,17562.3,-9.4,13.8,97.6,-61.7,0.0,86.8,0x20,405.003,12.3,-1125,-1,2.1,,
2026-09-04T01:16:30.000Z,M20-409-2-00781,1472519790,43.51132,4.72161,17551.4,-9.4,13.9,98.4,-61.7,0.0,86.9,0x20,405.003,12.3,-1125,-1,2.1,,
2026-09-04T01:16:31.000Z,M20-409-2-00781,1472519791,43.51131,4.72178,17541.8,-8.5,13.9,96.8,-61.7,0.0,87.0,0x20,405.003,18.6,-1125,-1,2.1,,
2026-09-04T01:16:32.000Z,M20-409-2-00781,1472519792,43.51130,4.72194,17531.0,-10.2,13.2,93.6,-61.7,0.0,87.2,0x20,405.003,21.2,-1125,-1,2.1,,
2026-09-04T01:16:33.000Z,M20-409-2-00781,1472519793,43.51129,4.72210,17520.4,-8.5,12.6,94.0,-61.7,0.0,87.3,0x20,405.003,21.2,-1125,-1,2.1,,
2026-09-04T01:16:34.000Z,M20-409-2-00781,1472519794,43.51128,4.72225,17510.1,-10.2,12.8,96.0,-61.6,0.0,87.5,0x20,405.003,16.7,-1125,-1,2.1,,
2026-09-04T01:16:35.000Z,M20-409-2-00781,1472519795,43.51127,4.72240,17497.9,-9.3,11.5,91.8,-61.6,0.0,87.6,0x20,405.003,12.8,-1125,-1,2.1,,
2026-09-04T01:16:36.000Z,M20-409-2-00781,1472519796,43.51127,4.72254,17487.6,-9.3,12.1,92.6,-61.5,0.0,87.8,0x20,405.003,11.4,-1125,-1,2.1,,
2026-09-04T01:16:37.000Z,M20-409-2-00781,1472519797,43.51127,4.72268,17476.5,-9.8,10.3,86.6,-61.4,0.0,87.9,0x20,405.003,4.8,-1125,-1,2.1,,
2026-09-04T01:16:38.000Z,M20-409-2-00781,1472519798,43.51127,4.72282,17466.1,-9.1,11.4,88.5,-61.4,0.0,88.1,0x20,405.003,4.4,-1125,-1,2.1,,
2026-09-04T01:16:39.000Z,M20-409-2-00781,1472519799,43.51127,4.72295,17455.8,-9.2,10.7,90.5,-61.3,0.0,88.2,0x20,405.003,4.1,-1125,-1,2.1,,
2026-09-04T01:16:40.000Z,M20-409-2-00781,1472519800,43.51127,4.72309,17446.7,-8.0,10.8,94.1,-61.2,0.0,88.4,0x20,405.003,9.6,-1125,-1,2.1,,
2026-09-04T01:16:41.000Z,M20-409-2-00781,1472519801,43.51126,4.72321,17436.8,-8.9,10.3,92.2,-61.2,0.0,88.5,0x20,405.003,19.1,-1125,-1,2.1,,
2026-09-04T01:16:42.000Z,M20-409-2-00781,1472519802,43.51126,4.72333,17426.4,-9.3,10.0,88.2,-61.2,0.0,88.7,0x20,405.003,19.2,-1125,-1,2.1,,
2026-09-04T01:16:43.000Z,M20-409-2-00781,1472519803,43.51126,4.72345,17415.7,-9.2,10.9,94.8,-61.3,0.0,88.8,0x20,405.003,19.2,-1125,-1,2.1,,
2026-09-04T01:16:44.000Z,M20-409-2-00781,1472519804,43.51125,4.72358,17405.3,-9.7,11.1,94.4,-61.4,0.0,89.0,0x20,405.003,16.0,-1125,-1,2.1,,
2026-09-04T01:16:45.000Z,M20-409-2-00781,1472519805,43.51124,4.72371,17395.0,-8.4,10.1,96.2,-61.4,0.0,89.1,0x20,405.003,11.9,-1125,-1,2.1,,
2026-09-04T01:16:46.000Z,M20-409-2-00781,1472519806,43.51123,4.72384,17384.7,-8.6,10.4,93.9,-61.4,0.0,89.3,0x20,405.003,14.6,-1125,-1,2.1,,
2026-09-04T01:16:47.000Z,M20-409-2-00781,1472519807,43.51123,4.72396,17375.0,-8.7,9.9,92.9,-61.4,0.0,89.4,0x20,405.003,20.7,-1125,-1,2.1,,
2026-09-04T01:16:48.000Z,M20-409-2-00781,1472519808,43.51123,4.72409,17365.0,-9.3,10.4,91.5,-61.4,0.0,89.6,0x20,405.003,20.7,-1125,-1,2.1,,
2026-09-04T01:16:50.000Z,M20-409-2-00781,1472519810,43.51121,4.72431,17344.5,-9.0,7.9,97.2,-61.4,0.0,89.9,0x20,405.003,6.3,-1125,-1,2.1,,
2026-09-04T01:16:51.000Z,M20-409-2-00781,1472519811,43.51120,4.72440,17334.7,-9.6,6.7,96.3,-61.4,0.0,90.0,0x20,405.003,4.0,-1125,-1,2.1,,
2026-09-04T01:16:52.000Z,M20-409-2-00781,1472519812,43.51120,4.72448,17323.7,-9.6,7.4,93.8,-61.4,0.0,90.2,0x20,405.003,4.0,-1125,-1,2.1,,
2026-09-04T01:16:53.000Z,M20-409-2-00781,1472519813,43.51119,4.72457,17313.0,-9.2,7.4,102.1,-61.4,0.0,90.3,0x20,405.003,10.9,-1125,-1,2.1,,
2026-09-04T01:16:54.000Z,M20-409-2-00781,1472519814,43.51118,4.72466,17301.8,-8.8,7.6,101.6,-61.5,0.0,90.5,0x20,405.003,10.9,-1125,-1,2.1,,
2026-09-04T01:16:55.000Z,M20-409-2-00781,1472519815,43.51116,4.72475,17291.8,-8.9,7.3,107.8,-61.7,0.0,90.6,0x20,405.003,16.6,-1125,-1,2.1,,
2026-09-04T01:16:56.000Z,M20-409-2-00781,1472519816,43.51114,4.72483,17281.8,-7.9,6.4,100.1,-62.0,0.0,90.8,0x20,405.003,20.4,-1125,-1,2.1,,
2026-09-04T01:16:57.000Z,M20-409-2-00781,1472519817,43.51113,4.72492,17272.1,-9.2,7.4,101.5,-62.0,0.0,90.9,0x20,405.003,20.4,-1125,-1,2.1,,
2026-09-04T01:16:58.000Z,M20-409-2-00781,1472519818,43.51112,4.72501,17261.3,-9.4,7.9,97.3,-62.1,0.0,91.1,0x20,405.003,18.5,-1125,-1,2.1,,
2026-09-04T01:17:00.000Z,M20-409-2-00781,1472519820,43.51109,4.72516,17240.7,-10.3,5.4,109.8,-62.2,0.0,91.4,0x20,405.003,11.0,-1125,-1,2.1,,
2026-09-04T01:17:01.000Z,M20-409-2-00781,1472519821,43.51107,4.72522,17230.3,-8.7,4.9,105.4,-62.2,0.0,91.5,0x20,405.003,15.4,-1125,-1,2.1,,
2026-09-04T01:17:02.000Z,M20-409-2-00781,1472519822,43.51107,4.72527,17220.0,-8.8,3.7,119.1,-62.2,0.0,91.7,0x20,405.003,15.4,-1125,-1,2.1,,
2026-09-04T01:17:03.000Z,M20-409-2-00781,1472519823,43.51105,4.72531,17210.0,-9.4,4.5,124.6,-62.3,0.0,91.8,0x20,405.003,5.8,-1125,-1,2.1,,
2026-09-04T01:17:04.000Z,M20-409-2-00781,1472519824,43.51103,4.72535,17199.4,-10.1,3.8,134.4,-62.3,0.0,92.0,0x20,405.003,4.4,-1125,-1,2.1,,
2026-09-04T01:17:05.000Z,M20-409-2-00781,1472519825,43.51101,4.72538,17188.4,-9.1,3.6,123.5,-62.3,0.0,92.2,0x20,405.003,4.4,-1125,-1,2.1,,
2026-09-04T01:17:06.000Z,M20-409-2-00781,1472519826,43.51099,4.72541,17177.5,-9.2,4.1,141.3,-62.3,0.0,92.3,0x20,405.003,7.9,-1125,-1,2.1,,
2026-09-04T01:17:07.000Z,M20-409-2-00781,1472519827,43.51097,4.72545,17167.9,-8.8,5.3,123.5,-62.2,0.0,92.5,0x20,405.003,8.6,-1125,-1,2.1,,
2026-09-04T01:17:09.000Z,M20-409-2-00781,1472519829,43.51091,4.72556,17148.3,-8.8,5.2,123.4,-62.2,0.0,92.8,0x20,405.003,15.5,-1125,-1,2.1,,
2026-09-04T01:17:10.000Z,M20-409-2-00781,1472519830,43.51088,4.72561,17138.5,-8.1,5.1,119.5,-62.2,0.0,92.9,0x20,405.003,19.1,-1125,-1,2.1,,
2026-09-04T01:17:11.000Z,M20-409-2-00781,1472519831,43.51087,4.72566,17128.2,-8.2,5.5,112.2,-62.1,0.0,93.1,0x20,405.003,19.1,-1125,-1,2.1,,
2026-09-04T01:17:16.000Z,M20-409-2-00781,1472519836,43.51079,4.72600,17077.9,-9.1,6.8,107.1,-62.2,0.0,93.8,0x20,405.003,7.1,-1125,-1,2.1,,
2026-09-04T01:17:20.000Z,M20-409-2-00781,1472519840,43.51072,4.72634,17037.0,-9.3,8.3,103.8,-62.3,0.0,94.5,0x20,405.003,11.7,-1125,-1,2.1,,
2026-09-04T01:17:21.000Z,M20-409-2-00781,1472519841,43.51070,4.72644,17026.9,-8.3,7.7,101.2,-62.2,0.0,94.6,0x20,405.003,11.7,-1125,-1,2.1,,
2026-09-04T01:17:56.000Z,M20-409-2-00781,1472519876,43.50985,4.72871,16688.2,-7.5,5.3,152.3,-62.2,0.0,100.0,0x20,405.003,3.7,-1125,-1,2.1,,
2026-09-04T01:17:57.000Z,M20-409-2-00781,1472519877,43.50980,4.72874,16679.0,-8.6,6.9,150.0,-62.2,0.0,100.2,0x20,405.003,3.7,0,-1,2.1,,
2026-09-04T01:17:59.000Z,M20-409-2-00781,1472519879,43.50968,4.72880,16658.2,-8.3,7.6,161.8,-62.2,0.0,100.5,0x20,405.003,15.4,-1125,-1,2.1,,
2026-09-04T01:18:00.000Z,M20-409-2-00781,1472519880,43.50962,4.72882,16649.7,-7.0,8.3,169.5,-62.2,0.0,100.6,0x20,405.003,16.6,-1125,-1,2.1,,
2026-09-04T01:18:01.000Z,M20-409-2-00781,1472519881,43.50954,4.72885,16640.4,-8.2,9.1,168.5,-62.3,0.0,100.8,0x20,405.003,16.6,-1125,-1,2.1,,
2026-09-04T01:18:03.000Z,M20-409-2-00781,1472519883,43.50937,4.72888,16621.3,-8.8,9.7,170.9,-62.5,0.0,101.1,0x20,405.003,12.3,-1125,-1,2.1,,
2026-09-04T01:18:04.000Z,M20-409-2-00781,1472519884,43.50929,4.72890,16610.8,-8.1,9.1,167.1,-62.5,0.0,101.3,0x20,405.003,16.1,-1125,-1,2.1,,
2026-09-04T01:18:05.000Z,M20-409-2-00781,1472519885,43.50921,4.72893,16600.7,-8.5,9.6,166.1,-62.6,0.0,101.4,0x20,405.003,16.1,-1125,-1,2.1,,
2026-09-04T01:18:06.000Z,M20-409-2-00781,1472519886,43.50912,4.72896,16591.4,-7.4,10.6,163.0,-62.6,0.0,101.6,0x20,405.003,15.6,-1125,-1,2.1,,
2026-09-04T01:18:07.000Z,M20-409-2-00781,1472519887,43.50903,4.72900,16582.2,-8.0,10.1,166.3,-62.5,0.0,101.8,0x20,405.003,14.0,-1125,-1,2.1,,
2026-09-04T01:18:08.000Z,M20-409-2-00781,1472519888,43.50894,4.72902,16573.5,-7.7,10.7,165.9,-62.5,0.0,101.9,0x20,405.003,14.0,375,-1,2.1,,
2026-09-04T01:18:09.000Z,M20-409-2-00781,1472519889,43.50886,4.72906,16563.1,-8.4,10.2,159.8,-62.5,0.0,102.1,0x20,405.003,4.0,-1125,-1,2.1,,
2026-09-04T01:18:11.000Z,M20-409-2-00781,1472519891,43.50867,4.72914,16543.4,-8.8,10.8,161.0,-62.6,0.0,102.4,0x20,405.003,11.5,-1125,-1,2.1,,
2026-09-04T01:18:12.000Z,M20-409-2-00781,1472519892,43.50858,4.72919,16533.4,-7.7,10.7,158.4,-62.6,0.0,102.5,0x20,405.003,16.9,-1125,-1,2.1,,
2026-09-04T01:18:13.000Z,M20-409-2-00781,1472519893,43.50850,4.72925,16523.7,-8.8,10.4,153.4,-62.6,0.0,102.7,0x20,405.003,16.9,-1125,-1,2.1,,
2026-09-04T01:18:17.000Z,M20-409-2-00781,1472519897,43.50815,4.72952,16483.4,-8.7,11.8,142.1,-62.5,0.0,103.3,0x20,405.003,17.7,-1125,-1,2.1,,
2026-09-04T01:18:21.000Z,M20-409-2-00781,1472519901,43.50780,4.72986,16449.0,-8.1,13.0,142.0,-62.6,0.0,104.0,0x20,405.003,3.4,-1125,-1,2.1,,
2026-09-04T01:18:22.000Z,M20-409-2-00781,1472519902,43.50771,4.72996,16438.8,-8.4,12.9,145.7,-62.8,0.0,104.1,0x20,405.003,3.4,-1125,-1,2.1,,
2026-09-04T01:18:30.000Z,M20-409-2-00781,1472519910,43.50704,4.73073,16362.4,-7.4,11.1,135.4,-62.9,0.0,105.5,0x20,405.003,15.7,-1125,-1,2.1,,
2026-09-04T01:18:31.000Z,M20-409-2-00781,1472519911,43.50698,4.73081,16353.1,-8.5,10.6,137.5,-62.9,0.0,105.6,0x20,405.003,19.0,-1500,-1,2.1,,
2026-09-04T01:18:32.000Z,M20-409-2-00781,1472519912,43.50690,4.73090,16343.3,-9.2,10.9,135.9,-62.9,0.0,105.8,0x20,405.003,19.0,-1125,-1,2.1,,
2026-09-04T01:18:33.000Z,M20-409-2-00781,1472519913,43.50683,4.73098,16332.7,-8.6,10.5,140.6,-62.8,0.0,106.0,0x20,405.003,15.1,-1125,-1,2.1,,
2026-09-04T01:18:34.000Z,M20-409-2-00781,1472519914,43.50677,4.73107,16321.0,-9.4,9.0,135.0,-62.8,0.0,106.1,0x20,405.003,4.2,-1125,-1,2.1,,
2026-09-04T01:18:35.000Z,M20-409-2-00781,1472519915,43.50671,4.73114,16311.4,-8.6,9.0,132.4,-62.7,0.0,106.3,0x20,405.003,4.0,-1500,-1,2.1,,
2026-09-04T01:18:36.000Z,M20-409-2-00781,1472519916,43.50666,4.73123,16301.9,-8.8,8.9,130.0,-62.7,0.0,106.5,0x20,405.003,11.2,-1125,-1,2.1,,
2026-09-04T01:18:37.000Z,M20-409-2-00781,1472519917,43.50661,4.73130,16292.4,-8.8,8.2,136.0,-62.6,0.0,106.6,0x20,405.003,13.9,-1125,-1,2.1,,
2026-09-04T01:18:38.000Z,M20-409-2-00781,1472519918,43.50655,4.73138,16283.0,-8.4,8.5,130.4,-62.6,0.0,106.8,0x20,405.003,17.2,-1125,-1,2.1,,
2026-09-04T01:18:39.000Z,M20-409-2-00781,1472519919,43.50650,4.73147,16273.2,-9.3,9.2,127.3,-62.6,0.0,107.0,0x20,405.003,17.2,-1125,-1,2.1,,
2026-09-04T01:18:40.000Z,M20-409-2-00781,1472519920,43.50645,4.73156,16263.5,-7.9,8.8,125.8,-62.7,0.0,107.1,0x20,405.003,17.2,-1125,-1,2.1,,
2026-09-04T01:18:41.000Z,M20-409-2-00781,1472519921,43.50641,4.73165,16255.0,-7.9,8.3,122.8,-62.7,0.0,107.3,0x20,405.003,18.1,-1125,-1,2.1,,
2026-09-04T01:18:42.000Z,M20-409-2-00781,1472519922,43.50637,4.73173,16246.8,-6.8,8.8,118.1,-62.8,0.0,107.5,0x20,405.003,18.3,-1125,-1,2.1,,
2026-09-04T01:18:43.000Z,M20-409-2-00781,1472519923,43.50633,4.73182,16237.8,-8.1,8.2,123.4,-62.8,0.0,107.6,0x20,405.003,18.3,-1125,-1,2.1,,
2026-09-04T01:18:44.000Z,M20-409-2-00781,1472519924,43.50629,4.73191,16227.3,-8.5,8.3,125.1,-62.8,0.0,107.8,0x20,405.003,16.2,-1125,-1,2.1,,
2026-09-04T01:18:45.000Z,M20-409-2-00781,1472519925,43.50625,4.73198,16218.0,-8.7,7.4,126.7,-62.8,0.0,108.0,0x20,405.003,12.3,-1500,-1,2.1,,
2026-09-04T01:18:46.000Z,M20-409-2-00781,1472519926,43.50621,4.73206,16208.6,-8.2,8.3,120.1,-62.7,0.0,108.1,0x20,405.003,5.4,-1125,-1,2.1,,
2026-09-04T01:18:47.000Z,M20-409-2-00781,1472519927,43.50617,4.73214,16198.4,-9.9,8.0,136.3,-62.7,0.0,108.3,0x20,405.003,4.0,-1125,-1,2.1,,
2026-09-04T01:18:48.000Z,M20-409-2-00781,1472519928,43.50612,4.73220,16188.5,-9.1,7.0,127.7,-62.7,0.0,108.5,0x20,405.003,5.6,-1500,-1,2.1,,
2026-09-04T01:18:49.000Z,M20-409-2-00781,1472519929,43.50607,4.73227,16179.4,-8.2,7.6,129.4,-62.6,0.0,108.6,0x20,405.003,11.8,-1125,-1,2.1,,
2026-09-04T01:18:50.000Z,M20-409-2-00781,1472519930,43.50603,4.73235,16169.2,-8.1,7.5,125.4,-62.6,0.0,108.8,0x20,405.003,15.1,-1500,-1,2.1,,
2026-09-04T01:18:51.000Z,M20-409-2-00781,1472519931,43.50599,4.73242,16159.6,-7.5,7.5,134.0,-62.6,0.0,109.0,0x20,405.003,18.7,-1875,-1,2.1,,
2026-09-04T01:18:52.000Z,M20-409-2-00781,1472519932,43.50595,4.73248,16150.1,-7.7,7.0,128.9,-62.6,0.0,109.1,0x20,405.003,18.7,-1875,-1,2.1,,
2026-09-04T01:18:53.000Z,M20-409-2-00781,1472519933,43.50590,4.73255,16140.9,-7.6,8.0,128.0,-62.5,0.0,109.3,0x20,405.003,18.7,-1125,-1,2.1,,
2026-09-04T01:18:54.000Z,M20-409-2-00781,1472519934,43.50585,4.73262,16130.1,-8.8,7.4,138.1,-62.5,0.0,109.5,0x20,405.003,15.9,-1500,-1,2.1,,
2026-09-04T01:18:55.000Z,M20-409-2-00781,1472519935,43.50581,4.73269,16119.5,-9.4,8.1,133.0,-62.4,0.0,109.7,0x20,405.003,20.5,-1875,-1,2.1,,
2026-09-04T01:18:56.000Z,M20-409-2-00781,1472519936,43.50576,4.73276,16110.4,-8.1,7.8,133.3,-62.4,0.0,109.8,0x20,405.003,20.5,-1875,-1,2.1,,
2026-09-04T01:18:57.000Z,M20-409-2-00781,1472519937,43.50570,4.73282,16101.4,-8.5,9.1,138.9,-62.4,0.0,110.0,0x20,405.003,20.5,0,-1,2.1,,
2026-09-04T01:18:58.000Z,M20-409-2-00781,1472519938,43.50564,4.73289,16093.2,-6.6,8.6,140.4,-62.4,0.0,110.2,0x20,405.003,11.6,-1875,-1,2.1,,
2026-09-04T01:18:59.000Z,M20-409-2-00781,1472519939,43.50559,4.73296,16085.0,-8.0,8.0,135.3,-62.5,0.0,110.3,0x20,405.003,4.5,-1875,-1,2.1,,
2026-09-04T01:19:00.000Z,M20-409-2-00781,1472519940,43.50553,4.73302,16075.6,-7.9,8.8,142.4,-62.6,0.0,110.5,0x20,405.003,4.5,0,-1,2.1,,
2026-09-04T01:19:01.000Z,M20-409-2-00781,1472519941,43.50547,4.73309,16065.5,-8.2,8.0,138.1,-62.6,0.0,110.7,0x20,405.003,4.3,0,-1,2.1,,
2026-09-04T01:19:02.000Z,M20-409-2-00781,1472519942,43.50542,4.73314,16055.7,-8.2,7.9,144.7,-62.6,0.0,110.9,0x20,405.003,14.7,-1875,-1,2.1,,
2026-09-04T01:19:03.000Z,M20-409-2-00781,1472519943,43.50536,4.73321,16046.0,-8.3,8.4,140.5,-62.6,0.0,111.0,0x20,405.003,14.7,-1500,-1,2.1,,
2026-09-04T01:19:05.000Z,M20-409-2-00781,1472519945,43.50523,4.73333,16027.0,-7.4,8.8,145.0,-62.5,0.0,111.4,0x20,405.003,20.9,-1500,-1,2.1,,
2026-09-04T01:19:06.000Z,M20-409-2-00781,1472519946,43.50516,4.73339,16018.4,-7.8,9.6,144.6,-62.4,0.0,111.5,0x20,405.003,20.9,-1875,-1,2.1,,
2026-09-04T01:19:07.000Z,M20-409-2-00781,1472519947,43.50509,4.73346,16009.9,-8.5,10.2,145.5,-62.4,0.0,111.7,0x20,405.003,16.4,-1500,-1,2.1,,
2026-09-04T01:19:08.000Z,M20-409-2-00781,1472519948,43.50501,4.73353,16000.6,-7.9,9.7,146.8,-62.3,0.0,111.9,0x20,405.003,16.5,-1875,-1,2.1,,
2026-09-04T01:19:09.000Z,M20-409-2-00781,1472519949,43.50494,4.73359,15991.2,-7.8,9.9,146.3,-62.3,0.0,112.0,0x20,405.003,19.1,-1875,-1,2.1,,
2026-09-04T01:19:10.000Z,M20-409-2-00781,1472519950,43.50487,4.73367,15983.2,-6.2,10.1,138.8,-62.3,0.0,112.2,0x20,405.003,19.1,-1875,-1,2.1,,
2026-09-04T01:19:11.000Z,M20-409-2-00781,1472519951,43.50480,4.73374,15973.9,-9.2,9.4,148.1,-62.5,0.0,112.4,0x20,405.003,7.0,-1875,-1,2.1,,
2026-09-04T01:19:12.000Z,M20-409-2-00781,1472519952,43.50473,4.73381,15963.5,-9.3,9.9,142.0,-62.7,0.0,112.5,0x20,405.003,4.7,-1875,-1,2.1,,
2026-09-04T01:19:13.000Z,M20-409-2-00781,1472519953,43.50466,4.73388,15953.1,-8.3,9.9,138.1,-62.9,0.0,112.7,0x20,405.003,3.7,-1875,-1,2.1,,
2026-09-04T01:19:14.000Z,M20-409-2-00781,1472519954,43.50459,4.73397,15944.3,-7.8,10.3,135.7,-63.0,0.0,112.9,0x20,405.003,6.5,-1875,-1,2.1,,
2026-09-04T01:19:15.000Z,M20-409-2-00781,1472519955,43.50452,4.73406,15934.6,-7.2,9.9,135.7,-63.0,0.0,113.1,0x20,405.003,14.8,-1875,-1,2.1,,
2026-09-04T01:19:16.000Z,M20-409-2-00781,1472519956,43.50446,4.73415,15926.5,-7.7,10.6,134.0,-63.0,0.0,113.3,0x20,405.003,14.8,-1875,-1,2.1,,
2026-09-04T01:19:17.000Z,M20-409-2-00781,1472519957,43.50439,4.73424,15916.3,-8.9,10.5,135.3,-63.1,0.0,113.4,0x20,405.003,13.9,-1875,-1,2.1,,
2026-09-04T01:19:18.000Z,M20-409-2-00781,1472519958,43.50432,4.73433,15907.1,-8.5,10.8,135.0,-63.1,0.0,113.6,0x20,405.003,18.9,-1875,-1,2.1,,
2026-09-04T01:19:19.000Z,M20-409-2-00781,1472519959,43.50426,4.73442,15896.9,-8.2,10.0,133.7,-63.2,0.0,113.8,0x20,405.003,18.9,-1875,-1,2.1,,
2026-09-04T01:19:20.000Z,M20-409-2-00781,1472519960,43.50419,4.73451,15887.5,-8.6,11.6,131.8,-63.3,0.0,113.9,0x20,405.003,16.7,-1500,-1,2.1,,
2026-09-04T01:19:21.000Z,M20-409-2-00781,1472519961,43.50412,4.73462,15877.3,-8.5,10.3,132.8,-63.3,0.0,114.1,0x20,405.003,14.4,-1875,-1,2.1,,
2026-09-04T01:19:22.000Z,M20-409-2-00781,1472519962,43.50406,4.73471,15867.7,-8.8,11.0,126.1,-63.5,0.0,114.3,0x20,405.003,19.0,-1875,-1,2.1,,
2026-09-04T01:19:23.000Z,M20-409-2-00781,1472519963,43.50400,4.73482,15857.8,-7.9,11.2,128.6,-63.6,0.0,114.5,0x20,405.003,19.0,-1500,-1,2.1,,
2026-09-04T01:19:24.000Z,M20-409-2-00781,1472519964,43.50394,4.73493,15848.5,-7.8,11.5,130.0,-63.7,0.0,114.6,0x20,405.003,13.8,-1875,-1,2.1,,
2026-09-04T01:19:25.000Z,M20-409-2-00781,1472519965,43.50387,4.73503,15839.8,-7.6,10.4,131.6,-63.9,0.0,114.8,0x20,405.003,3.7,-1875,-1,2.1,,
2026-09-04T01:19:27.000Z,M20-409-2-00781,1472519967,43.50374,4.73523,15820.4,-7.2,11.7,138.3,-64.1,0.0,115.2,0x20,405.003,7.0,-1875,-1,2.1,,
2026-09-04T01:19:30.000Z,M20-409-2-00781,1472519970,43.50355,4.73552,15791.7,-9.1,10.7,131.8,-64.0,0.0,115.7,0x20,405.003,16.1,-1875,-1,2.1,,
2026-09-04T01:19:31.000Z,M20-409-2-00781,1472519971,43.50349,4.73562,15781.6,-8.9,10.0,132.5,-64.0,0.0,115.9,0x20,405.003,19.3,-1875,-1,2.1,,
2026-09-04T01:19:32.000Z,M20-409-2-00781,1472519972,43.50343,4.73571,15771.8,-8.3,11.1,129.1,-63.9,0.0,116.1,0x20,405.003,19.3,-1875,-1,2.1,,
2026-09-04T01:19:33.000Z,M20-409-2-00781,1472519973,43.50336,4.73582,15762.2,-8.7,11.4,133.5,-63.9,0.0,116.2,0x20,405.003,11.7,-1875,-1,2.1,,
2026-09-04T01:19:35.000Z,M20-409-2-00781,1472519975,43.50323,4.73602,15743.6,-8.4,11.4,134.5,-63.7,0.0,116.6,0x20,405.003,17.8,-1875,-1,2.1,,
2026-09-04T01:19:36.000Z,M20-409-2-00781,1472519976,43.50316,4.73612,15733.1,-9.9,11.2,137.5,-63.7,0.0,116.8,0x20,405.003,16.2,-1875,-1,2.1,,
2026-09-04T01:19:37.000Z,M20-409-2-00781,1472519977,43.50309,4.73622,15723.5,-7.5,11.2,131.2,-63.7,0.0,117.0,0x20,405.003,16.2,-1875,-1,2.1,,
2026-09-04T01:19:38.000Z,M20-409-2-00781,1472519978,43.50303,4.73632,15714.7,-8.2,11.0,129.5,-63.8,0.0,117.1,0x20,405.003,4.1,-1875,-1,2.1,,
2026-09-04T01:19:39.000Z,M20-409-2-00781,1472519979,43.50296,4.73643,15705.7,-8.9,11.7,130.6,-63.9,0.0,117.3,0x20,405.003,3.7,0,-1,2.1,,
2026-09-04T01:19:40.000Z,M20-409-2-00781,1472519980,43.50289,4.73652,15695.8,-9.0,9.9,133.9,-64.0,0.0,117.5,0x20,405.003,8.6,0,-1,2.1,,
2026-09-04T01:19:41.000Z,M20-409-2-00781,1472519981,43.50283,4.73662,15686.6,-9.3,11.9,130.5,-64.1,0.0,117.7,0x20,405.003,10.3,-1500,-1,2.1,,
2026-09-04T01:19:42.000Z,M20-409-2-00781,1472519982,43.50276,4.73672,15676.7,-9.1,10.3,137.6,-64.3,0.0,117.9,0x20,405.003,19.5,-1875,-1,2.1,,
2026-09-04T01:19:43.000Z,M20-409-2-00781,1472519983,43.50269,4.73681,15666.4,-8.9,10.8,132.3,-64.5,0.0,118.0,0x20,405.003,19.5,-1875,-1,2.1,,
2026-09-04T01:19:44.000Z,M20-409-2-00781,1472519984,43.50262,4.73691,15657.2,-8.1,11.4,133.3,-64.7,0.0,118.2,0x20,405.003,16.4,-1875,-1,2.1,,
2026-09-04T01:19:45.000Z,M20-409-2-00781,1472519985,43.50255,4.73701,15648.3,-7.8,11.2,135.5,-64.8,0.0,118.4,0x20,405.003,19.1,-1875,-1,2.1,,
2026-09-04T01:19:46.000Z,M20-409-2-00781,1472519986,43.50248,4.73711,15640.1,-7.3,10.9,137.5,-64.7,0.0,118.6,0x20,405.003,19.4,-1875,-1,2.1,,
2026-09-04T01:19:47.000Z,M20-409-2-00781,1472519987,43.50241,4.73720,15631.0,-7.9,11.1,136.5,-64.7,0.0,118.8,0x20,405.003,19.4,-1875,-1,2.1,,
2026-09-04T01:19:48.000Z,M20-409-2-00781,1472519988,43.50234,4.73730,15621.9,-8.0,10.9,141.1,-64.7,0.0,119.0,0x20,405.003,15.0,-1875,-1,2.1,,
2026-09-04T01:19:49.000Z,M20-409-2-00781,1472519989,43.50226,4.73738,15613.5,-8.4,11.2,139.1,-64.7,0.0,119.2,0x20,405.003,15.0,-1875,-1,2.1,,
2026-09-04T01:19:50.000Z,M20-409-2-00781,1472519990,43.50218,4.73747,15602.7,-9.6,11.8,144.4,-64.6,0.0,119.3,0x20,405.003,11.6,-1875,-1,2.1,,
2026-09-04T01:19:51.000Z,M20-409-2-00781,1472519991,43.50210,4.73756,15593.5,-6.9,11.8,142.6,-64.6,0.0,119.5,0x20,405.003,11.6,0,-1,2.1,,
2026-09-04T01:19:52.000Z,M20-409-2-00781,1472519992,43.50202,4.73764,15585.0,-7.9,10.4,141.5,-64.6,0.0,119.7,0x20,405.003,4.8,-1875,-1,2.1,,
2026-09-04T01:19:53.000Z,M20-409-2-00781,1472519993,43.50194,4.73772,15575.5,-8.7,11.5,143.2,-64.6,0.0,119.9,0x20,405.003,12.6,-1875,-1,2.1,,
2026-09-04T01:19:54.000Z,M20-409-2-00781,1472519994,43.50185,4.73779,15567.5,-6.0,11.6,149.0,-64.5,0.0,120.1,0x20,405.003,16.8,-1875,-1,2.1,,
2026-09-04T01:19:55.000Z,M20-409-2-00781,1472519995,43.50177,4.73787,15558.4,-8.0,11.5,141.1,-64.5,0.0,120.2,0x20,405.003,16.8,-1875,-1,2.1,,
2026-09-04T01:19:56.000Z,M20-409-2-00781,1472519996,43.50169,4.73795,15550.1,-6.6,11.3,144.8,-64.4,0.0,120.4,0x20,405.003,17.2,-1875,-1,2.1,,
2026-09-04T01:19:57.000Z,M20-409-2-00781,1472519997,43.50160,4.73803,15541.2,-7.5,11.1,144.8,-64.4,0.0,120.6,0x20,405.003,17.4,-1875,-1,2.1,,
2026-09-04T01:19:58.000Z,M20-409-2-00781,1472519998,43.50152,4.73812,15532.2,-7.9,12.5,145.6,-64.3,0.0,120.8,0x20,405.003,17.4,-1875,-1,2.1,,
2026-09-04T01:19:59.000Z,M20-409-2-00781,1472519999,43.50142,4.73820,15522.5,-8.7,12.4,146.2,-64.3,0.0,121.0,0x20,405.003,18.7,-1875,-1,2.1,,
2026-09-04T01:20:00.000Z,M20-409-2-00781,1472520000,43.50133,4.73828,15512.7,-8.2,12.0,146.3,-64.2,0.0,121.2,0x20,405.003,20.3,-1875,-1,2.1,,
2026-09-04T01:20:01.000Z,M20-409-2-00781,1472520001,43.50124,4.73837,15502.9,-8.3,13.0,146.0,-64.2,0.0,121.3,0x20,405.003,20.3,-1875,-1,2.1,,
2026-09-04T01:20:02.000Z,M20-409-2-00781,1472520002,43.50114,4.73846,15494.7,-6.8,12.8,146.8,-64.2,0.0,121.5,0x20,405.003,15.0,-1875,-1,2.1,,
2026-09-04T01:20:03.000Z,M20-409-2-00781,1472520003,43.50105,4.73853,15484.5,-9.2,12.4,147.3,-64.3,0.0,121.7,0x20,405.003,6.0,-1875,-1,2.1,,
2026-09-04T01:20:04.000Z,M20-409-2-00781,1472520004,43.50095,4.73862,15474.3,-8.2,13.8,146.7,-64.3,0.0,121.9,0x20,405.003,4.4,-1875,-1,2.1,,
2026-09-04T01:20:05.000Z,M20-409-2-00781,1472520005,43.50084,4.73871,15465.6,-7.4,13.1,149.3,-64.3,0.0,122.1,0x20,405.003,3.6,-1875,-1,2.1,,
2026-09-04T01:20:06.000Z,M20-409-2-00781,1472520006,43.50074,4.73879,15456.0,-8.5,14.5,146.2,-64.2,0.0,122.3,0x20,405.003,6.9,-1500,-1,2.1,,
2026-09-04T01:20:07.000Z,M20-409-2-00781,1472520007,43.50063,4.73889,15446.9,-8.0,14.9,148.5,-64.2,0.0,122.4,0x20,405.003,14.8,-1875,-1,2.1,,
2026-09-04T01:20:08.000Z,M20-409-2-00781,1472520008,43.50052,4.73899,15438.2,-7.5,14.9,147.4,-64.2,0.0,122.6,0x20,405.003,21.3,-1875,-1,2.1,,
2026-09-04T01:20:09.000Z,M20-409-2-00781,1472520009,43.50041,4.73908,15429.4,-7.7,15.4,149.4,-64.4,0.1,122.8,0x20,405.003,21.3,-1875,-1,2.1,,
2026-09-04T01:20:10.000Z,M20-409-2-00781,1472520010,43.50028,4.73918,15419.6,-8.9,16.1,145.9,-64.4,0.1,123.0,0x20,405.003,18.9,-1875,-1,2.1,,
2026-09-04T01:20:11.000Z,M20-409-2-00781,1472520011,43.50017,4.73929,15410.8,-8.4,16.5,148.5,-64.5,0.1,123.2,0x20,405.003,14.8,-1875,-1,2.1,,
2026-09-04T01:20:12.000Z,M20-409-2-00781,1472520012,43.50004,4.73940,15401.4,-7.6,16.3,145.2,-64.6,0.1,123.3,0x20,405.003,20.0,-1875,-1,2.1,,
2026-09-04T01:20:13.000Z,M20-409-2-00781,1472520013,43.49992,4.73952,15393.0,-7.4,17.7,143.9,-64.6,0.2,123.5,0x20,405.003,20.0,-1875,-1,2.1,,
2026-09-04T01:20:14.000Z,M20-409-2-00781,1472520014,43.49979,4.73965,15385.0,-7.4,17.8,142.3,-64.7,0.2,123.7,0x20,405.003,17.4,-1875,-1,2.1,,
2026-09-04T01:20:15.000Z,M20-409-2-00781,1472520015,43.49967,4.73978,15376.7,-7.0,17.6,141.6,-64.8,0.2,123.9,0x20,405.003,19.4,-1875,-1,2.1,,
2026-09-04T01:20:16.000Z,M20-409-2-00781,1472520016,43.49955,4.73992,15368.1,-8.0,17.8,136.6,-64.8,0.2,124.0,0x20,405.003,19.4,-1875,-1,2.1,,
2026-09-04T01:20:17.000Z,M20-409-2-00781,1472520017,43.49943,4.74008,15357.9,-9.0,18.7,140.0,-64.8,0.2,124.2,0x20,405.003,4.4,-1875,-1,2.1,,
2026-09-04T01:20:18.000Z,M20-409-2-00781,1472520018,43.49930,4.74023,15349.2,-6.5,18.5,138.0,-64.8,0.2,124.4,0x20,405.003,3.6,-1875,-1,2.1,,
2026-09-04T01:20:19.000Z,M20-409-2-00781,1472520019,43.49919,4.74038,15340.9,-7.5,18.2,136.6,-64.8,0.3,124.6,0x20,405.003,10.4,-1875,-1,2.1,,
2026-09-04T01:20:20.000Z,M20-409-2-00781,1472520020,43.49907,4.74053,15332.3,-8.4,17.3,139.1,-64.7,0.2,124.8,0x20,405.003,19.8,-1875,-1,2.1,,
2026-09-04T01:20:21.000Z,M20-409-2-00781,1472520021,43.49896,4.74069,15323.4,-8.2,18.3,133.8,-64.7,0.3,125.0,0x20,405.003,19.8,-1875,-1,2.1,,
2026-09-04T01:20:22.000Z,M20-409-2-00781,1472520022,43.49884,4.74085,15314.5,-7.6,18.6,133.6,-64.7,0.3,125.1,0x20,405.003,19.8,-1875,-1,2.1,,
2026-09-04T01:20:23.000Z,M20-409-2-00781,1472520023,43.49873,4.74102,15306.7,-7.8,18.6,133.4,-64.7,0.3,125.3,0x20,405.003,21.9,-1875,-1,2.1,,
2026-09-04T01:20:24.000Z,M20-409-2-00781,1472520024,43.49862,4.74118,15298.6,-7.4,18.4,132.8,-64.7,0.4,125.5,0x20,405.003,21.9,-1875,-1,2.1,,
2026-09-04T01:20:25.000Z,M20-409-2-00781,1472520025,43.49850,4.74135,15289.8,-7.3,19.4,132.9,-64.7,0.4,125.7,0x20,405.003,20.3,-1875,-1,2.1,,
2026-09-04T01:20:26.000Z,M20-409-2-00781,1472520026,43.49838,4.74152,15282.1,-6.8,18.2,135.3,-64.8,0.4,125.8,0x20,405.003,20.7,-1875,-1,2.1,,
2026-09-04T01:20:27.000Z,M20-409-2-00781,1472520027,43.49827,4.74168,15273.8,-7.6,18.5,131.0,-64.8,0.4,126.0,0x20,405.003,20.7,-1875,-1,2.1,,
2026-09-04T01:20:28.000Z,M20-409-2-00781,1472520028,43.49817,4.74185,15264.1,-8.0,18.3,134.2,-64.9,0.4,126.2,0x20,405.003,15.5,-1875,-1,2.1,,
2026-09-04T01:20:29.000Z,M20-409-2-00781,1472520029,43.49806,4.74201,15255.0,-7.9,17.8,131.3,-65.0,0.4,126.4,0x20,405.003,6.6,-1875,-1,2.1,,
2026-09-04T01:20:30.000Z,M20-409-2-00781,1472520030,43.49795,4.74218,15245.7,-8.2,18.1,133.2,-65.0,0.5,126.6,0x20,405.003,3.8,-1875,-1,2.1,,
2026-09-04T01:20:31.000Z,M20-409-2-00781,1472520031,43.49785,4.74234,15236.6,-8.7,16.4,131.6,-65.0,0.5,126.7,0x20,405.003,3.8,-1875,-1,2.1,,
2026-09-04T01:20:32.000Z,M20-409-2-00781,1472520032,43.49775,4.74250,15226.8,-8.0,16.9,130.1,-65.0,0.5,126.9,0x20,405.003,10.9,-1875,-1,2.1,,
2026-09-04T01:20:33.000Z,M20-409-2-00781,1472520033,43.49765,4.74265,15217.5,-7.8,16.4,132.4,-65.0,0.5,127.1,0x20,405.003,17.9,-1875,-1,2.1,,
2026-09-04T01:20:34.000Z,M20-409-2-00781,1472520034,43.49755,4.74280,15209.7,-6.1,16.0,135.5,-64.9,0.6,127.3,0x20,405.003,21.0,-1875,-1,2.1,,
2026-09-04T01:20:35.000Z,M20-409-2-00781,1472520035,43.49745,4.74294,15201.1,-8.2,15.5,132.8,-64.9,0.6,127.5,0x20,405.003,21.0,-1875,-1,2.1,,
2026-09-04T01:20:36.000Z,M20-409-2-00781,1472520036,43.49735,4.74307,15193.0,-7.6,16.5,135.9,-65.0,0.7,127.7,0x20,405.003,19.5,-1875,-1,2.1,,
2026-09-04T01:20:37.000Z,M20-409-2-00781,1472520037,43.49725,4.74321,15184.6,-7.4,15.9,138.1,-65.1,0.7,127.8,0x20,405.003,19.9,-1875,-1,2.1,,
2026-09-04T01:20:38.000Z,M20-409-2-00781,1472520038,43.49714,4.74334,15175.8,-7.5,16.6,139.4,-65.1,0.7,128.0,0x20,405.003,19.9,-1875,-1,2.1,,
2026-09-04T01:20:39.000Z,M20-409-2-00781,1472520039,43.49703,4.74347,15167.3,-7.0,16.0,140.0,-65.3,0.8,128.2,0x20,405.003,21.5,-1875,-1,2.1,,
2026-09-04T01:20:40.000Z,M20-409-2-00781,1472520040,43.49692,4.74360,15158.9,-8.0,16.7,138.1,-65.4,0.8,128.4,0x20,405.003,21.5,-1875,-1,2.1,,
2026-09-04T01:20:41.000Z,M20-409-2-00781,1472520041,43.49681,4.74373,15150.3,-7.7,16.2,142.2,-65.5,0.8,128.6,0x20,405.003,20.4,-1875,-1,2.1,,
2026-09-04T01:20:42.000Z,M20-409-2-00781,1472520042,43.49670,4.74385,15140.9,-7.7,15.9,143.1,-65.5,0.9,128.7,0x20,405.003,4.9,-1875,-1,2.1,,
2026-09-04T01:20:43.000Z,M20-409-2-00781,1472520043,43.49658,4.74397,15132.6,-7.6,16.6,142.0,-65.5,0.9,128.9,0x20,405.003,4.9,-1875,-1,2.1,,
2026-09-04T01:20:44.000Z,M20-409-2-00781,1472520044,43.49647,4.74410,15124.5,-7.0,16.9,140.3,-65.5,1.0,129.1,0x20,405.003,3.8,-1875,-1,2.1,,
2026-09-04T01:20:45.000Z,M20-409-2-00781,1472520045,43.49635,4.74423,15115.9,-7.4,16.8,140.0,-65.5,1.0,129.3,0x20,405.003,8.5,-1875,-1,2.1,,
2026-09-04T01:20:46.000Z,M20-409-2-00781,1472520046,43.49623,4.74436,15108.2,-6.7,17.6,140.5,-65.5,1.0,129.5,0x20,405.003,20.3,-1875,-1,2.1,,
2026-09-04T01:20:47.000Z,M20-409-2-00781,1472520047,43.49611,4.74449,15100.3,-6.5,17.3,140.6,-65.5,1.0,129.7,0x20,405.003,20.7,-1875,-1,2.1,,
2026-09-04T01:20:48.000Z,M20-409-2-00781,1472520048,43.49600,4.74464,15091.7,-7.7,17.4,136.0,-65.6,1.1,129.8,0x20,405.003,20.7,-1875,-1,2.1,,
2026-09-04T01:20:49.000Z,M20-409-2-00781,1472520049,43.49588,4.74478,15083.3,-7.3,18.3,140.1,-65.7,1.1,130.0,0x20,405.003,21.9,-1875,-1,2.1,,
2026-09-04T01:20:50.000Z,M20-409-2-00781,1472520050,43.49576,4.74493,15074.7,-7.9,17.9,136.0,-65.7,1.2,130.2,0x20,405.003,21.9,-1875,-1,2.1,,
2026-09-04T01:20:51.000Z,M20-409-2-00781,1472520051,43.49564,4.74508,15065.6,-8.5,18.1,138.2,-65.7,1.2,130.4,0x20,405.003,21.9,-1875,-1,2.1,,
2026-09-04T01:20:52.000Z,M20-409-2-00781,1472520052,43.49552,4.74523,15057.4,-7.1,17.6,136.1,-65.7,1.3,130.6,0x20,405.003,20.9,-1875,-1,2.1,,
2026-09-04T01:20:53.000Z,M20-409-2-00781,1472520053,43.49542,4.74539,15047.5,-8.6,18.3,131.0,-65.6,1.3,130.7,0x20,405.003,20.9,-1875,-1,2.1,,
2026-09-04T01:20:54.000Z,M20-409-2-00781,1472520054,43.49531,4.74556,15038.7,-7.5,17.8,133.5,-65.6,1.4,130.9,0x20,405.003,20.9,-1875,-1,2.1,,
2026-09-04T01:20:55.000Z,M20-409-2-00781,1472520055,43.49520,4.74572,15029.7,-8.4,18.7,131.1,-65.5,1.4,131.1,0x20,405.003,18.3,-1875,-1,2.1,,
2026-09-04T01:20:56.000Z,M20-409-2-00781,1472520056,43.49509,4.74588,15021.1,-7.3,17.2,136.5,-65.5,1.5,131.3,0x20,405.003,5.2,-1875,-1,2.1,,
2026-09-04T01:20:57.000Z,M20-409-2-00781,1472520057,43.49498,4.74604,15013.6,-7.4,17.8,131.5,-65.5,1.5,131.5,0x20,405.003,4.2,-1875,-1,2.1,,
2026-09-04T01:20:58.000Z,M20-409-2-00781,1472520058,43.49488,4.74620,15006.0,-6.7,18.1,132.6,-65.5,1.5,131.6,0x20,405.003,8.4,-1875,-1,2.1,,
2026-09-04T01:20:59.000Z,M20-409-2-00781,1472520059,43.49477,4.74636,14997.7,-7.5,16.8,133.1,-65.5,1.6,131.8,0x20,405.003,19.0,-1875,-1,2.1,,
2026-09-04T01:21:00.000Z,M20-409-2-00781,1472520060,43.49467,4.74650,14990.7,-4.8,16.5,132.2,-65.4,1.6,132.0,0x20,405.003,19.0,-1875,-1,2.1,,
2026-09-04T01:21:01.000Z,M20-409-2-00781,1472520061,43.49457,4.74666,14983.7,-6.2,16.9,131.1,-65.4,1.7,132.2,0x20,405.003,22.7,-1875,-1,2.1,,
2026-09-04T01:21:02.000Z,M20-409-2-00781,1472520062,43.49447,4.74682,14975.9,-7.0,16.9,129.3,-65.3,1.8,132.4,0x20,405.003,22.7,-1875,-1,2.1,,
2026-09-04T01:21:03.000Z,M20-409-2-00781,1472520063,43.49438,4.74698,14967.3,-7.9,16.6,128.5,-65.3,1.8,132.6,0x20,405.003,19.8,-1875,-1,2.1,,
2026-09-04T01:21:04.000Z,M20-409-2-00781,1472520064,43.49428,4.74714,14958.1,-8.1,17.3,130.9,-65.2,1.9,132.7,0x20,405.003,20.8,-1875,-1,2.1,,
2026-09-04T01:21:05.000Z,M20-409-2-00781,1472520065,43.49418,4.74730,14948.6,-8.0,16.7,131.6,-65.1,1.9,132.9,0x20,405.003,20.8,-1875,-1,2.1,,
2026-09-04T01:21:06.000Z,M20-409-2-00781,1472520066,43.49408,4.74745,14940.6,-6.9,17.1,128.1,-65.1,1.9,133.1,0x20,405.003,21.9,-1875,-1,2.1,,
2026-09-04T01:21:07.000Z,M20-409-2-00781,1472520067,43.49399,4.74762,14932.5,-6.5,17.6,130.1,-65.0,2.0,133.2,0x20,405.003,21.9,-1875,-1,2.1,,
2026-09-04T01:21:08.000Z,M20-409-2-00781,1472520068,43.49389,4.74778,14924.7,-6.9,16.9,127.0,-65.0,2.1,133.4,0x20,405.003,15.8,-1875,-1,2.1,,
2026-09-04T01:21:09.000Z,M20-409-2-00781,1472520069,43.49380,4.74794,14916.6,-7.5,16.3,128.1,-64.9,2.1,133.6,0x20,405.003,4.5,-1875,-1,2.1,,
2026-09-04T01:21:10.000Z,M20-409-2-00781,1472520070,43.49371,4.74810,14909.7,-5.4,16.9,130.7,-64.9,2.2,133.8,0x20,405.003,4.1,-1875,-1,2.1,,
2026-09-04T01:21:11.000Z,M20-409-2-00781,1472520071,43.49362,4.74826,14901.5,-6.3,16.2,128.5,-64.9,2.3,134.0,0x20,405.003,6.3,-1875,-1,2.1,,
2026-09-04T01:21:12.000Z,M20-409-2-00781,1472520072,43.49352,4.74841,14893.2,-6.7,16.4,130.2,-64.9,2.3,134.2,0x20,405.003,19.4,-1875,-1,2.0,,
2026-09-04T01:21:13.000Z,M20-409-2-00781,1472520073,43.49343,4.74857,14885.0,-7.0,16.1,129.6,-65.1,2.3,134.3,0x20,405.003,19.4,-1875,-1,2.0,,
2026-09-04T01:21:14.000Z,M20-409-2-00781,1472520074,43.49334,4.74871,14876.8,-7.7,16.0,132.8,-65.2,2.4,134.5,0x20,405.003,17.7,-1875,-1,2.1,,
2026-09-04T01:21:15.000Z,M20-409-2-00781,1472520075,43.49324,4.74885,14868.4,-8.1,15.3,133.0,-65.3,2.5,134.7,0x20,405.003,20.3,-1875,-1,2.0,,
2026-09-04T01:21:16.000Z,M20-409-2-00781,1472520076,43.49315,4.74900,14858.8,-6.8,16.5,132.3,-65.5,2.5,134.9,0x20,405.003,20.3,-1875,-1,2.1,,
2026-09-04T01:21:17.000Z,M20-409-2-00781,1472520077,43.49305,4.74914,14850.9,-6.8,15.0,132.8,-65.6,2.6,135.1,0x20,405.003,20.3,-1875,-1,2.1,,
2026-09-04T01:21:18.000Z,M20-409-2-00781,1472520078,43.49296,4.74927,14842.3,-8.0,14.5,132.4,-65.6,2.6,135.2,0x20,405.003,20.3,-1875,-1,2.1,,
2026-09-04T01:21:19.000Z,M20-409-2-00781,1472520079,43.49287,4.74940,14834.1,-7.0,15.6,138.2,-65.6,2.7,135.4,0x20,405.003,16.4,-1875,-1,2.1,,
2026-09-04T01:21:20.000Z,M20-409-2-00781,1472520080,43.49277,4.74953,14825.8,-7.2,14.7,135.1,-65.9,2.8,135.6,0x20,405.003,13.9,-1875,-1,2.0,,
2026-09-04T01:21:21.000Z,M20-409-2-00781,1472520081,43.49267,4.74966,14818.2,-7.2,15.6,139.3,-66.1,2.8,135.8,0x20,405.003,13.7,-1875,-1,2.1,,
2026-09-04T01:21:22.000Z,M20-409-2-00781,1472520082,43.49256,4.74978,14810.4,-6.2,15.0,141.6,-66.2,2.9,136.0,0x20,405.003,4.1,-1875,-1,2.0,,
2026-09-04T01:21:23.000Z,M20-409-2-00781,1472520083,43.49245,4.74990,14802.6,-6.3,16.1,139.2,-66.3,2.9,136.2,0x20,405.003,4.0,-1875,-1,2.0,,
2026-09-04T01:21:24.000Z,M20-409-2-00781,1472520084,43.49234,4.75003,14795.5,-6.5,15.6,142.1,-66.5,3.0,136.3,0x20,405.003,15.5,-1875,-1,2.1,,
2026-09-04T01:21:25.000Z,M20-409-2-00781,1472520085,43.49223,4.75016,14787.0,-7.6,16.5,139.8,-66.6,3.1,136.5,0x20,405.003,15.5,-1875,-1,2.1,,
2026-09-04T01:21:26.000Z,M20-409-2-00781,1472520086,43.49212,4.75028,14779.1,-7.0,16.5,143.5,-66.7,3.2,136.7,0x20,405.003,21.3,-1875,-1,2.0,,
2026-09-04T01:21:27.000Z,M20-409-2-00781,1472520087,43.49200,4.75040,14771.4,-6.7,16.9,141.3,-66.9,3.2,136.9,0x20,405.003,21.3,-1875,-1,2.1,,
2026-09-04T01:21:28.000Z,M20-409-2-00781,1472520088,43.49188,4.75054,14763.7,-6.3,17.8,140.1,-67.0,3.3,137.1,0x20,405.003,16.7,-1875,-1,2.1,,
2026-09-04T01:21:29.000Z,M20-409-2-00781,1472520089,43.49177,4.75068,14755.0,-6.7,16.7,137.7,-67.1,3.4,137.3,0x20,405.003,20.1,-1875,-1,2.0,,
2026-09-04T01:21:30.000Z,M20-409-2-00781,1472520090,43.49166,4.75082,14747.8,-6.9,16.9,138.0,-67.2,3.4,137.4,0x20,405.003,20.1,-1875,-1,2.0,,
2026-09-04T01:21:31.000Z,M20-409-2-00781,1472520091,43.49154,4.75096,14740.2,-6.3,17.5,135.3,-67.3,3.5,137.6,0x20,405.003,19.6,-1875,-1,2.0,,
2026-09-04T01:21:32.000Z,M20-409-2-00781,1472520092,43.49143,4.75111,14733.1,-6.6,17.2,138.4,-67.4,3.6,137.8,0x20,405.003,19.6,-1875,-1,2.0,,
2026-09-04T01:21:33.000Z,M20-409-2-00781,1472520093,43.49132,4.75125,14724.3,-7.3,17.2,139.7,-67.4,3.7,138.0,0x20,405.003,19.5,-1875,-1,2.0,,
2026-09-04T01:21:34.000Z,M20-409-2-00781,1472520094,43.49120,4.75140,14715.6,-6.8,17.9,136.0,-67.4,3.7,138.2,0x20,405.003,19.5,-1875,-1,2.0,,
2026-09-04T01:21:35.000Z,M20-409-2-00781,1472520095,43.49108,4.75155,14707.8,-7.2,17.8,139.4,-67.4,3.8,138.4,0x20,405.003,5.5,-1875,-1,2.0,,
2026-09-04T01:21:36.000Z,M20-409-2-00781,1472520096,43.49096,4.75169,14698.6,-7.6,17.8,136.8,-67.3,3.9,138.5,0x20,405.003,5.5,-1875,-1,2.0,,
2026-09-04T01:21:37.000Z,M20-409-2-00781,1472520097,43.49084,4.75183,14689.7,-7.4,18.0,141.3,-67.3,4.0,138.7,0x20,405.003,17.9,-1875,-1,2.0,,
2026-09-04T01:21:38.000Z,M20-409-2-00781,1472520098,43.49071,4.75197,14682.0,-6.6,17.9,138.1,-67.2,4.1,138.9,0x20,405.003,17.9,-1875,-1,2.1,,
2026-09-04T01:21:39.000Z,M20-409-2-00781,1472520099,43.49059,4.75212,14673.8,-7.3,18.5,140.2,-67.2,4.2,139.1,0x20,405.003,16.4,-1875,-1,2.0,,
2026-09-04T01:21:40.000Z,M20-409-2-00781,1472520100,43.49046,4.75227,14665.6,-7.1,18.4,140.4,-67.2,4.2,139.3,0x20,405.003,18.5,-1875,-1,2.0,,
2026-09-04T01:21:41.000Z,M20-409-2-00781,1472520101,43.49033,4.75241,14657.9,-6.1,19.3,142.5,-67.2,4.3,139.4,0x20,405.003,18.5,-1875,-1,2.0,,
2026-09-04T01:21:42.000Z,M20-409-2-00781,1472520102,43.49020,4.75255,14651.0,-5.6,18.8,143.7,-67.2,4.4,139.6,0x20,405.003,20.4,-1875,-1,2.0,,
2026-09-04T01:21:43.000Z,M20-409-2-00781,1472520103,43.49006,4.75269,14644.1,-5.9,19.4,143.0,-67.2,4.5,139.8,0x20,405.003,20.4,-1875,-1,2.0,,
2026-09-04T01:21:44.000Z,M20-409-2-00781,1472520104,43.48992,4.75283,14636.2,-7.0,18.6,146.0,-67.2,4.6,140.0,0x20,405.003,21.7,-1875,-1,2.0,,
2026-09-04T01:21:45.000Z,M20-409-2-00781,1472520105,43.48978,4.75296,14628.2,-7.0,19.6,145.6,-67.2,4.6,140.2,0x20,405.003,21.7,-1875,-1,2.0,,
2026-09-04T01:21:46.000Z,M20-409-2-00781,1472520106,43.48964,4.75309,14620.4,-6.2,18.5,145.0,-67.2,4.7,140.4,0x20,405.003,14.6,-1875,-1,2.0,,
2026-09-04T01:21:47.000Z,M20-409-2-00781,1472520107,43.48950,4.75322,14612.2,-7.4,19.8,146.8,-67.1,4.8,140.5,0x20,405.003,10.3,-1875,-1,2.0,,
2026-09-04T01:21:48.000Z,M20-409-2-00781,1472520108,43.48936,4.75336,14604.6,-6.7,19.6,144.3,-67.1,4.9,140.7,0x20,405.003,4.6,-1875,-1,2.0,,
2026-09-04T01:21:49.000Z,M20-409-2-00781,1472520109,43.48922,4.75351,14597.1,-6.3,19.9,141.4,-67.2,5.0,140.9,0x20,405.003,4.9,-1875,-1,2.0,,
2026-09-04T01:21:50.000Z,M20-409-2-00781,1472520110,43.48909,4.75366,14589.6,-6.8,19.7,141.4,-67.2,5.1,141.1,0x20,405.003,15.1,-1875,-1,2.0,,
2026-09-04T01:21:51.000Z,M20-409-2-00781,1472520111,43.48894,4.75380,14580.8,-8.0,19.9,144.7,-67.2,5.2,141.3,0x20,405.003,21.2,-1875,-1,2.0,,
2026-09-04T01:21:52.000Z,M20-409-2-00781,1472520112,43.48880,4.75395,14572.0,-6.7,19.5,142.8,-67.1,5.3,141.5,0x20,405.003,21.2,-1875,-1,2.0,,
2026-09-04T01:21:53.000Z,M20-409-2-00781,1472520113,43.48866,4.75411,14563.5,-7.9,19.8,138.4,-67.1,5.4,141.7,0x20,405.003,20.2,-1875,-1,2.0,,
2026-09-04T01:21:54.000Z,M20-409-2-00781,1472520114,43.48853,4.75426,14555.3,-7.1,20.2,142.2,-67.1,5.4,141.8,0x20,405.003,20.2,-1875,-1,2.0,,
2026-09-04T01:21:55.000Z,M20-409-2-00781,1472520115,43.48839,4.75441,14547.5,-7.2,19.8,141.5,-67.0,5.6,142.0,0x20,405.003,18.0,-1875,-1,2.0,,
2026-09-04T01:21:56.000Z,M20-409-2-00781,1472520116,43.48824,4.75457,14540.2,-6.8,20.0,140.7,-66.9,5.6,142.2,0x20,405.003,18.2,-1875,-1,2.0,,
2026-09-04T01:21:57.000Z,M20-409-2-00781,1472520117,43.48811,4.75472,14532.8,-6.9,19.5,138.5,-66.9,5.7,142.4,0x20,405.003,18.2,-1875,-1,2.0,,
2026-09-04T01:21:58.000Z,M20-409-2-00781,1472520118,43.48797,4.75489,14524.3,-7.9,20.0,138.4,-66.9,5.8,142.6,0x20,405.003,21.3,-1875,-1,2.0,,
2026-09-04T01:21:59.000Z,M20-409-2-00781,1472520119,43.48784,4.75505,14516.5,-6.4,19.5,137.8,-66.8,6.0,142.8,0x20,405.003,21.3,-1875,-1,2.0,,
2026-09-04T01:22:00.000Z,M20-409-2-00781,1472520120,43.48771,4.75522,14509.3,-6.8,20.1,137.8,-66.8,6.0,142.9,0x20,405.003,7.1,-1875,-1,2.0,,
2026-09-04T01:22:01.000Z,M20-409-2-00781,1472520121,43.48758,4.75538,14501.3,-7.0,19.6,136.5,-66.7,6.1,143.1,0x20,405.003,4.4,-1875,-1,2.0,,
2026-09-04T01:22:02.000Z,M20-409-2-00781,1472520122,43.48745,4.75555,14492.8,-6.7,20.4,139.9,-66.7,6.2,143.3,0x20,405.003,4.4,-1875,-1,2.0,,
2026-09-04T01:22:03.000Z,M20-409-2-00781,1472520123,43.48730,4.75571,14484.5,-7.3,20.3,141.0,-66.7,6.3,143.5,0x20,405.003,17.7,-1875,-1,2.0,,
2026-09-04T01:22:04.000Z,M20-409-2-00781,1472520124,43.48716,4.75587,14476.4,-7.2,21.3,138.5,-66.8,6.4,143.7,0x20,405.003,17.7,-1875,-1,2.0,,
2026-09-04T01:22:05.000Z,M20-409-2-00781,1472520125,43.48702,4.75604,14469.0,-6.7,20.3,138.6,-66.7,6.6,143.9,0x20,405.003,17.9,-1875,-1,2.0,,
2026-09-04T01:22:06.000Z,M20-409-2-00781,1472520126,43.48688,4.75621,14462.5,-6.5,21.1,139.8,-66.7,6.7,144.1,0x20,405.003,18.4,-1875,-1,2.0,,
2026-09-04T01:22:07.000Z,M20-409-2-00781,1472520127,43.48674,4.75638,14454.1,-7.8,20.0,139.0,-66.6,6.8,144.3,0x20,405.003,20.7,-1875,-1,2.0,,
2026-09-04T01:22:08.000Z,M20-409-2-00781,1472520128,43.48661,4.75655,14445.5,-7.5,21.2,138.3,-66.6,6.9,144.4,0x20,405.003,20.7,-1875,-1,2.0,,
2026-09-04T01:22:09.000Z,M20-409-2-00781,1472520129,43.48647,4.75672,14437.4,-7.1,19.8,137.2,-66.5,7.0,144.7,0x20,405.003,16.8,-1875,-1,2.0,,
2026-09-04T01:22:10.000Z,M20-409-2-00781,1472520130,43.48634,4.75689,14429.7,-6.0,20.5,137.7,-66.5,7.1,144.8,0x20,405.003,20.1,-1875,-1,2.0,,
2026-09-04T01:22:11.000Z,M20-409-2-00781,1472520131,43.48620,4.75706,14423.3,-6.8,19.9,137.2,-66.4,7.3,145.0,0x20,405.003,21.6,-1875,-1,2.0,,
2026-09-04T01:22:12.000Z,M20-409-2-00781,1472520132,43.48607,4.75723,14415.1,-8.2,20.3,136.6,-66.4,7.4,145.2,0x20,405.003,21.6,-1875,-1,2.0,,
2026-09-04T01:22:13.000Z,M20-409-2-00781,1472520133,43.48594,4.75741,14407.2,-5.9,19.5,136.8,-66.3,7.5,145.4,0x20,405.003,5.9,-1875,-1,2.0,,
2026-09-04T01:22:14.000Z,M20-409-2-00781,1472520134,43.48582,4.75758,14398.3,-7.7,19.7,133.8,-66.3,7.6,145.6,0x20,405.003,4.2,-1875,-1,2.0,,
2026-09-04T01:22:15.000Z,M20-409-2-00781,1472520135,43.48570,4.75775,14389.6,-7.9,19.5,136.1,-66.3,7.7,145.8,0x20,405.003,4.2,-1875,-1,2.0,,
2026-09-04T01:22:16.000Z,M20-409-2-00781,1472520136,43.48557,4.75793,14381.3,-7.7,19.8,134.6,-66.3,7.9,146.0,0x20,405.003,18.6,-1875,-1,2.0,,
2026-09-04T01:22:17.000Z,M20-409-2-00781,1472520137,43.48544,4.75810,14373.6,-8.3,20.3,133.9,-66.3,8.0,146.2,0x20,405.003,19.4,-1875,-1,2.0,,
2026-09-04T01:22:18.000Z,M20-409-2-00781,1472520138,43.48533,4.75828,14365.5,-6.4,19.0,134.7,-66.3,8.1,146.4,0x20,405.003,19.4,-1875,-1,2.0,,
2026-09-04T01:22:19.000Z,M20-409-2-00781,1472520139,43.48521,4.75845,14358.3,-7.2,19.0,135.0,-66.3,8.3,146.6,0x20,405.003,18.7,-1875,-1,2.0,,
2026-09-04T01:22:20.000Z,M20-409-2-00781,1472520140,43.48508,4.75862,14349.0,-8.1,18.9,136.8,-66.3,8.5,146.8,0x20,405.003,22.0,-1875,-1,2.0,,
2026-09-04T01:22:21.000Z,M20-409-2-00781,1472520141,43.48496,4.75879,14341.2,-7.0,19.8,132.7,-66.3,8.6,146.9,0x20,405.003,22.0,-1875,-1,2.0,,
2026-09-04T01:22:22.000Z,M20-409-2-00781,1472520142,43.48485,4.75897,14333.6,-6.8,18.9,133.3,-66.4,8.8,147.1,0x20,405.003,22.0,-1875,-1,2.0,,
2026-09-04T01:22:23.000Z,M20-409-2-00781,1472520143,43.48473,4.75913,14325.9,-7.3,18.9,135.4,-66.4,8.9,147.3,0x20,405.003,18.7,-1875,-1,2.0,,
2026-09-04T01:22:24.000Z,M20-409-2-00781,1472520144,43.48461,4.75930,14318.6,-6.9,18.7,136.9,-66.4,9.0,147.5,0x20,405.003,20.7,-1875,-1,2.0,,
2026-09-04T01:22:25.000Z,M20-409-2-00781,1472520145,43.48449,4.75947,14310.5,-6.5,18.7,132.1,-66.4,9.2,147.7,0x20,405.003,20.7,-1875,-1,2.0,,
2026-09-04T01:22:26.000Z,M20-409-2-00781,1472520146,43.48438,4.75964,14302.7,-6.7,18.7,133.3,-66.4,9.3,147.9,0x20,405.003,4.3,-1875,-1,2.0,,
2026-09-04T01:22:27.000Z,M20-409-2-00781,1472520147,43.48427,4.75981,14293.9,-7.5,17.8,132.5,-66.3,9.5,148.1,0x20,405.003,3.9,-1875,-1,2.0,,
2026-09-04T01:22:28.000Z,M20-409-2-00781,1472520148,43.48415,4.75997,14285.4,-8.4,18.4,136.2,-66.3,9.7,148.3,0x20,405.003,4.0,-1875,-1,2.0,,
2026-09-04T01:22:29.000Z,M20-409-2-00781,1472520149,43.48403,4.76013,14277.1,-6.9,18.5,133.8,-66.3,9.9,148.5,0x20,405.003,19.3,-1875,-1,2.0,,
2026-09-04T01:22:30.000Z,M20-409-2-00781,1472520150,43.48392,4.76030,14269.1,-7.3,18.9,133.4,-66.3,10.0,148.7,0x20,405.003,19.3,-1875,-1,2.0,,
2026-09-04T01:22:31.000Z,M20-409-2-00781,1472520151,43.48380,4.76047,14262.5,-6.1,18.3,133.5,-66.3,10.1,148.9,0x20,405.003,18.9,-1875,-1,2.0,,
2026-09-04T01:22:32.000Z,M20-409-2-00781,1472520152,43.48368,4.76063,14255.8,-6.7,18.7,136.1,-66.3,10.3,149.1,0x20,405.003,20.0,-1875,-1,2.0,,
2026-09-04T01:22:33.000Z,M20-409-2-00781,1472520153,43.48356,4.76078,14248.3,-7.9,17.7,137.4,-66.3,10.5,149.3,0x20,405.003,21.1,-1875,-1,2.0,,
2026-09-04T01:22:34.000Z,M20-409-2-00781,1472520154,43.48345,4.76093,14239.5,-8.1,18.3,135.6,-66.3,10.6,149.5,0x20,405.003,21.1,-1875,-1,2.0,,
2026-09-04T01:22:35.000Z,M20-409-2-00781,1472520155,43.48333,4.76109,14231.7,-6.1,17.6,138.2,-66.2,10.8,149.7,0x20,405.003,17.9,-1875,-1,2.0,,
2026-09-04T01:22:36.000Z,M20-409-2-00781,1472520156,43.48321,4.76123,14224.6,-6.1,17.4,141.1,-66.2,11.0,149.9,0x20,405.003,21.5,-1875,-1,2.0,,
2026-09-04T01:22:37.000Z,M20-409-2-00781,1472520157,43.48309,4.76136,14217.9,-6.1,17.7,143.4,-66.1,11.1,150.1,0x20,405.003,21.5,-1875,-1,2.0,,
2026-09-04T01:22:38.000Z,M20-409-2-00781,1472520158,43.48297,4.76149,14210.2,-7.6,17.3,141.1,-66.1,11.3,150.3,0x20,405.003,20.8,-1875,-1,2.0,,
2026-09-04T01:22:39.000Z,M20-409-2-00781,1472520159,43.48285,4.76163,14201.4,-6.7,17.2,142.1,-66.1,11.4,150.5,0x20,405.003,4.0,-1875,-1,2.0,,
2026-09-04T01:22:40.000Z,M20-409-2-00781,1472520160,43.48273,4.76176,14193.2,-7.5,16.6,143.4,-66.1,11.5,150.7,0x20,405.003,4.2,-1875,-1,2.0,,
2026-09-04T01:22:41.000Z,M20-409-2-00781,1472520161,43.48260,4.76188,14185.3,-6.2,17.0,145.1,-66.0,11.7,150.9,0x20,405.003,4.2,-1875,-1,2.0,,
2026-09-04T01:22:42.000Z,M20-409-2-00781,1472520162,43.48248,4.76201,14176.9,-6.9,17.2,143.0,-66.1,11.9,151.1,0x20,405.003,17.7,-1875,-1,2.0,,
2026-09-04T01:22:43.000Z,M20-409-2-00781,1472520163,43.48236,4.76213,14169.3,-6.6,16.8,145.3,-66.1,12.1,151.3,0x20,405.003,17.7,-1875,-1,2.0,,
2026-09-04T01:22:44.000Z,M20-409-2-00781,1472520164,43.48224,4.76225,14161.4,-7.4,16.1,148.8,-66.2,12.3,151.5,0x20,405.003,17.6,-1875,-1,2.0,,
2026-09-04T01:22:45.000Z,M20-409-2-00781,1472520165,43.48212,4.76236,14153.4,-6.8,16.5,145.4,-66.3,12.4,151.7,0x20,405.003,18.9,-1875,-1,2.0,,
2026-09-04T01:22:46.000Z,M20-409-2-00781,1472520166,43.48199,4.76248,14145.4,-7.6,16.7,147.9,-66.3,12.6,151.9,0x20,405.003,20.6,-1875,-1,2.0,,
2026-09-04T01:22:47.000Z,M20-409-2-00781,1472520167,43.48187,4.76259,14137.0,-6.2,16.8,147.1,-66.5,12.7,152.1,0x20,405.003,20.6,-1875,-1,2.0,,
2026-09-04T01:22:48.000Z,M20-409-2-00781,1472520168,43.48175,4.76270,14129.8,-6.8,16.2,144.3,-66.7,12.9,152.2,0x20,405.003,17.4,-1875,-1,2.0,,
2026-09-04T01:22:49.000Z,M20-409-2-00781,1472520169,43.48163,4.76282,14121.3,-7.0,16.0,147.9,-66.8,13.1,152.5,0x20,405.003,22.2,-1875,-1,2.0,,
2026-09-04T01:22:50.000Z,M20-409-2-00781,1472520170,43.48150,4.76292,14112.5,-8.2,16.9,150.6,-66.9,13.2,152.7,0x20,405.003,22.2,-1875,-1,2.0,,
2026-09-04T01:22:51.000Z,M20-409-2-00781,1472520171,43.48137,4.76303,14103.2,-8.1,16.8,148.5,-66.9,13.3,152.9,0x20,405.003,18.8,-1875,-1,2.0,,
2026-09-04T01:22:52.000Z,M20-409-2-00781,1472520172,43.48124,4.76314,14096.0,-5.4,17.0,150.3,-67.0,13.4,153.1,0x20,405.003,18.8,-1875,-1,2.0,,
2026-09-04T01:22:53.000Z,M20-409-2-00781,1472520173,43.48110,4.76323,14088.3,-7.8,17.0,156.9,-67.0,13.6,153.3,0x20,405.003,4.1,-1875,-1,2.0,,
2026-09-04T01:22:54.000Z,M20-409-2-00781,1472520174,43.48096,4.76332,14080.4,-6.9,18.1,156.3,-67.0,13.7,153.5,0x20,405.003,15.1,-1875,-1,2.0,,
2026-09-04T01:22:55.000Z,M20-409-2-00781,1472520175,43.48080,4.76341,14071.6,-7.5,18.2,156.9,-66.9,13.8,153.7,0x20,405.003,19.4,-1875,-1,2.0,,
2026-09-04T01:22:56.000Z,M20-409-2-00781,1472520176,43.48065,4.76350,14064.1,-6.4,18.5,157.9,-66.9,13.9,153.9,0x20,405.003,19.4,-1875,-1,2.0,,
2026-09-04T01:22:57.000Z,M20-409-2-00781,1472520177,43.48050,4.76358,14055.8,-7.7,17.5,159.3,-66.9,14.0,154.1,0x20,405.003,17.8,-1875,-1,2.0,,
2026-09-04T01:22:58.000Z,M20-409-2-00781,1472520178,43.48035,4.76366,14048.6,-5.7,18.7,155.2,-66.9,14.1,154.3,0x20,405.003,22.8,-1875,-1,2.0,,
2026-09-04T01:22:59.000Z,M20-409-2-00781,1472520179,43.48019,4.76376,14041.2,-6.5,18.6,155.9,-66.9,14.2,154.5,0x20,405.003,22.8,-1875,-1,2.0,,
2026-09-04T01:23:00.000Z,M20-409-2-00781,1472520180,43.48004,4.76385,14034.0,-6.9,18.6,154.4,-66.9,14.3,154.7,0x20,405.003,18.7,-1875,-1,2.0,,
2026-09-04T01:23:01.000Z,M20-409-2-00781,1472520181,43.47989,4.76394,14025.3,-8.2,18.4,157.3,-67.0,14.4,154.9,0x20,405.003,20.3,-1875,-1,2.0,,
2026-09-04T01:23:02.000Z,M20-409-2-00781,1472520182,43.47973,4.76404,14017.2,-7.5,18.7,155.0,-67.0,14.5,155.1,0x20,405.003,22.0,-1875,-1,2.0,,
2026-09-04T01:23:03.000Z,M20-409-2-00781,1472520183,43.47958,4.76414,14008.8,-7.0,18.8,154.2,-67.0,14.5,155.3,0x20,405.003,22.0,-1875,-1,2.0,,
2026-09-04T01:23:04.000Z,M20-409-2-00781,1472520184,43.47943,4.76423,14000.8,-6.1,17.8,154.5,-66.9,14.7,155.5,0x20,405.003,15.4,-1875,-1,2.0,,
2026-09-04T01:23:05.000Z,M20-409-2-00781,1472520185,43.47928,4.76433,13993.5,-6.1,18.6,150.4,-66.9,14.7,155.7,0x20,405.003,4.7,-1875,-1,2.0,,
2026-09-04T01:23:06.000Z,M20-409-2-00781,1472520186,43.47913,4.76444,13985.0,-7.0,17.8,153.8,-66.9,14.8,155.9,0x20,405.003,4.3,-1875,-1,2.0,,
2026-09-04T01:23:07.000Z,M20-409-2-00781,1472520187,43.47899,4.76454,13978.0,-6.8,18.4,153.2,-66.8,14.9,156.1,0x20,405.003,10.0,-1875,-1,2.0,,
2026-09-04T01:23:08.000Z,M20-409-2-00781,1472520188,43.47884,4.76464,13970.0,-6.9,18.2,151.5,-66.8,15.0,156.3,0x20,405.003,17.8,-1875,-1,2.0,,
2026-09-04T01:23:09.000Z,M20-409-2-00781,1472520189,43.47870,4.76476,13962.4,-6.7,19.2,148.9,-66.8,15.0,156.6,0x20,405.003,17.8,-1875,-1,2.0,,
2026-09-04T01:23:10.000Z,M20-409-2-00781,1472520190,43.47854,4.76487,13954.0,-6.3,19.5,153.6,-66.8,15.1,156.8,0x20,405.003,17.6,-1875,-1,2.0,,
2026-09-04T01:23:11.000Z,M20-409-2-00781,1472520191,43.47838,4.76498,13946.2,-6.9,19.9,152.5,-66.7,15.2,156.9,0x20,405.003,21.7,-1875,-1,2.0,,
2026-09-04T01:23:12.000Z,M20-409-2-00781,1472520192,43.47822,4.76509,13938.6,-7.1,20.1,152.7,-66.7,15.3,157.2,0x20,405.003,21.7,-1875,-1,2.0,,
2026-09-04T01:23:13.000Z,M20-409-2-00781,1472520193,43.47807,4.76520,13930.6,-7.2,19.2,150.9,-66.7,15.4,157.4,0x20,405.003,17.9,-1875,-1,2.0,,
2026-09-04T01:23:14.000Z,M20-409-2-00781,1472520194,43.47792,4.76532,13922.5,-6.9,19.4,151.2,-66.7,15.5,157.6,0x20,405.003,20.0,-1875,-1,2.0,,
2026-09-04T01:23:15.000Z,M20-409-2-00781,1472520195,43.47776,4.76543,13914.4,-7.0,19.3,150.9,-66.7,15.6,157.8,0x20,405.003,20.6,-1875,-1,2.0,,
2026-09-04T01:23:16.000Z,M20-409-2-00781,1472520196,43.47761,4.76555,13905.6,-7.5,20.0,151.5,-66.6,15.7,158.0,0x20,405.003,20.6,-1875,-1,2.0,,
2026-09-04T01:23:17.000Z,M20-409-2-00781,1472520197,43.47746,4.76567,13896.6,-8.1,19.0,148.5,-66.5,15.8,158.2,0x20,405.003,15.8,-1875,-1,2.0,,
2026-09-04T01:23:18.000Z,M20-409-2-00781,1472520198,43.47731,4.76579,13888.4,-6.5,19.6,148.3,-66.5,15.9,158.4,0x20,405.003,15.8,-1875,-1,2.0,,
2026-09-04T01:23:19.000Z,M20-409-2-00781,1472520199,43.47715,4.76591,13881.2,-5.9,19.5,150.1,-66.4,16.0,158.6,0x20,405.003,4.1,-1875,-1,2.0,,
2026-09-04T01:23:20.000Z,M20-409-2-00781,1472520200,43.47699,4.76603,13874.4,-7.0,20.5,150.4,-66.3,16.1,158.8,0x20,405.003,16.8,-1875,-1,2.0,,
2026-09-04T01:23:21.000Z,M20-409-2-00781,1472520201,43.47684,4.76616,13866.7,-5.7,20.2,147.6,-66.3,16.2,159.0,0x20,405.003,19.0,-1875,-1,2.0,,
2026-09-04T01:23:22.000Z,M20-409-2-00781,1472520202,43.47669,4.76629,13859.2,-6.4,19.9,148.4,-66.2,16.4,159.2,0x20,405.003,19.0,-1875,-1,2.0,,
2026-09-04T01:23:23.000Z,M20-409-2-00781,1472520203,43.47653,4.76640,13851.1,-7.1,19.8,152.2,-66.1,16.4,159.4,0x20,405.003,19.9,-1875,-1,2.0,,
2026-09-04T01:23:24.000Z,M20-409-2-00781,1472520204,43.47638,4.76651,13843.0,-7.6,20.0,150.7,-66.1,16.5,159.7,0x20,405.003,21.1,-1875,-1,2.0,,
2026-09-04T01:23:25.000Z,M20-409-2-00781,1472520205,43.47622,4.76663,13834.4,-7.2,19.7,150.9,-66.1,16.7,159.9,0x20,405.003,21.1,-1875,-1,2.0,,
2026-09-04T01:23:26.000Z,M20-409-2-00781,1472520206,43.47607,4.76675,13826.5,-7.0,18.6,149.5,-66.0,16.8,160.1,0x20,405.003,17.6,-1875,-1,2.0,,
2026-09-04T01:23:27.000Z,M20-409-2-00781,1472520207,43.47592,4.76687,13818.8,-6.2,18.6,149.7,-66.0,16.9,160.3,0x20,405.003,17.0,-1875,-1,2.0,,
2026-09-04T01:23:28.000Z,M20-409-2-00781,1472520208,43.47578,4.76699,13811.1,-7.3,19.0,148.1,-65.9,16.9,160.5,0x20,405.003,19.8,-1875,-1,2.0,,
2026-09-04T01:23:29.000Z,M20-409-2-00781,1472520209,43.47563,4.76711,13803.5,-7.0,20.4,148.1,-65.9,17.1,160.7,0x20,405.003,19.8,-1875,-1,2.0,,
2026-09-04T01:23:30.000Z,M20-409-2-00781,1472520210,43.47548,4.76724,13795.1,-7.3,19.2,146.5,-65.8,17.2,160.9,0x20,405.003,7.6,-1875,-1,2.0,,
2026-09-04T01:23:31.000Z,M20-409-2-00781,1472520211,43.47533,4.76737,13787.7,-6.5,19.7,146.4,-65.8,17.3,161.1,0x20,405.003,3.9,-1875,-1,2.0,,
2026-09-04T01:23:32.000Z,M20-409-2-00781,1472520212,43.47518,4.76750,13780.3,-6.6,19.6,149.8,-65.7,17.5,161.3,0x20,405.003,4.0,-2250,-1,2.0,,
2026-09-04T01:23:34.000Z,M20-409-2-00781,1472520214,43.47488,4.76776,13766.4,-7.2,19.7,146.8,-65.7,17.7,161.8,0x20,405.003,17.4,-1875,-1,2.0,,
2026-09-04T01:23:35.000Z,M20-409-2-00781,1472520215,43.47472,4.76789,13758.6,-6.6,19.6,147.3,-65.6,17.8,161.9,0x20,405.003,17.4,-1875,-1,2.0,,
2026-09-04T01:23:36.000Z,M20-409-2-00781,1472520216,43.47457,4.76801,13749.9,-7.2,19.7,151.9,-65.6,17.9,162.2,0x20,405.003,19.5,-1875,-1,2.0,,
2026-09-04T01:23:37.000Z,M20-409-2-00781,1472520217,43.47441,4.76812,13742.7,-5.6,20.0,149.5,-65.5,18.1,162.4,0x20,405.003,22.0,-1875,-1,2.0,,
2026-09-04T01:23:38.000Z,M20-409-2-00781,1472520218,43.47426,4.76824,13735.6,-6.4,20.1,150.6,-65.5,18.2,162.6,0x20,405.003,22.0,-1875,-1,2.0,,
2026-09-04T01:23:39.000Z,M20-409-2-00781,1472520219,43.47411,4.76836,13727.2,-6.6,19.0,148.5,-65.5,18.3,162.8,0x20,405.003,16.3,-1875,-1,2.0,,
2026-09-04T01:23:40.000Z,M20-409-2-00781,1472520220,43.47395,4.76848,13718.8,-6.9,19.3,150.6,-65.4,18.5,163.0,0x20,405.003,20.2,-1875,-1,2.0,,
2026-09-04T01:23:41.000Z,M20-409-2-00781,1472520221,43.47380,4.76860,13711.5,-6.1,19.3,150.9,-65.4,18.6,163.2,0x20,405.003,21.4,-1875,-1,2.0,,
2026-09-04T01:23:42.000Z,M20-409-2-00781,1472520222,43.47365,4.76872,13704.5,-6.4,20.0,149.1,-65.4,18.8,163.4,0x20,405.003,21.4,-1875,-1,2.0,,
2026-09-04T01:23:43.000Z,M20-409-2-00781,1472520223,43.47350,4.76884,13696.7,-6.3,19.3,149.9,-65.3,18.9,163.6,0x20,405.003,4.9,-1875,-1,2.0,,
2026-09-04T01:23:44.000Z,M20-409-2-00781,1472520224,43.47335,4.76895,13689.3,-6.6,19.6,149.0,-65.2,19.0,163.8,0x20,405.003,4.6,-1875,-1,2.0,,
2026-09-04T01:23:45.000Z,M20-409-2-00781,1472520225,43.47320,4.76907,13681.0,-6.8,19.2,151.0,-65.2,19.2,164.1,0x20,405.003,4.6,-1875,-1,2.0,,
2026-09-04T01:23:46.000Z,M20-409-2-00781,1472520226,43.47305,4.76919,13672.9,-6.7,19.5,150.0,-65.1,19.3,164.3,0x20,405.003,17.1,-1875,-1,2.0,,
2026-09-04T01:23:47.000Z,M20-409-2-00781,1472520227,43.47290,4.76932,13664.5,-6.7,19.6,148.6,-65.1,19.5,164.5,0x20,405.003,17.5,-1875,-1,2.0,,
2026-09-04T01:23:48.000Z,M20-409-2-00781,1472520228,43.47275,4.76943,13656.9,-6.7,19.2,148.9,-65.0,19.6,164.7,0x20,405.003,17.5,-1875,-1,2.0,,
2026-09-04T01:23:49.000Z,M20-409-2-00781,1472520229,43.47259,4.76954,13647.9,-7.0,19.7,153.2,-64.9,19.8,164.9,0x20,405.003,19.8,-1875,-1,2.0,,
2026-09-04T01:23:50.000Z,M20-409-2-00781,1472520230,43.47243,4.76965,13639.7,-7.1,19.2,152.3,-64.9,19.9,165.1,0x20,405.003,22.2,-1875,-1,2.0,,
2026-09-04T01:23:51.000Z,M20-409-2-00781,1472520231,43.47228,4.76977,13632.0,-6.7,20.2,151.1,-64.8,20.0,165.3,0x20,405.003,22.2,-1875,-1,2.0,,
2026-09-04T01:23:52.000Z,M20-409-2-00781,1472520232,43.47213,4.76989,13623.8,-6.2,18.6,150.2,-64.8,20.3,165.6,0x20,405.003,17.0,-1875,-1,2.0,,
2026-09-04T01:23:53.000Z,M20-409-2-00781,1472520233,43.47198,4.77000,13616.1,-6.6,19.2,152.9,-64.8,20.4,165.8,0x20,405.003,20.5,-1875,-1,2.0,,
2026-09-04T01:23:54.000Z,M20-409-2-00781,1472520234,43.47183,4.77010,13608.8,-6.9,18.7,153.7,-64.7,20.5,166.0,0x20,405.003,20.5,-1875,-1,2.0,,
2026-09-04T01:23:55.000Z,M20-409-2-00781,1472520235,43.47167,4.77022,13601.4,-7.0,20.0,151.1,-64.7,20.6,166.2,0x20,405.003,13.6,-1875,-1,2.0,,
2026-09-04T01:23:56.000Z,M20-409-2-00781,1472520236,43.47152,4.77034,13592.5,-6.8,19.0,150.8,-64.7,20.8,166.4,0x20,405.003,4.3,-1875,-1,2.0,,
2026-09-04T01:23:57.000Z,M20-409-2-00781,1472520237,43.47137,4.77045,13584.9,-6.4,19.4,152.0,-64.7,20.9,166.6,0x20,405.003,4.0,-1875,-1,2.0,,
2026-09-04T01:23:58.000Z,M20-409-2-00781,1472520238,43.47121,4.77056,13577.4,-7.1,19.8,154.2,-64.6,21.1,166.8,0x20,405.003,3.7,-1875,-1,2.0,,
2026-09-04T01:23:59.000Z,M20-409-2-00781,1472520239,43.47105,4.77067,13568.9,-7.4,19.9,151.8,-64.6,21.3,167.0,0x20,405.003,18.0,-1875,-1,2.0,,
2026-09-04T01:24:00.000Z,M20-409-2-00781,1472520240,43.47090,4.77079,13561.6,-6.6,19.0,152.5,-64.5,21.3,167.2,0x20,405.003,18.0,-1875,-1,2.0,,
2026-09-04T01:24:01.000Z,M20-409-2-00781,1472520241,43.47075,4.77090,13554.1,-6.8,19.1,153.2,-64.5,21.5,167.4,0x20,405.003,17.8,-1875,-1,2.0,,
2026-09-04T01:24:02.000Z,M20-409-2-00781,1472520242,43.47059,4.77101,13545.9,-7.7,19.5,152.7,-64.5,21.6,167.7,0x20,405.003,21.0,-1875,-1,2.0,,
2026-09-04T01:24:05.000Z,M20-409-2-00781,1472520245,43.47014,4.77137,13520.1,-8.2,19.4,149.5,-64.3,22.1,168.3,0x20,405.003,21.6,-1875,-1,2.0,,
2026-09-04T01:24:06.000Z,M20-409-2-00781,1472520246,43.46999,4.77149,13512.9,-6.0,19.4,150.3,-64.3,22.2,168.5,0x20,405.003,22.9,-1875,-1,2.0,,
2026-09-04T01:24:07.000Z,M20-409-2-00781,1472520247,43.46984,4.77161,13506.1,-6.2,19.6,150.2,-64.2,22.3,168.7,0x20,405.003,22.9,-1875,-1,2.0,,
2026-09-04T01:24:08.000Z,M20-409-2-00781,1472520248,43.46969,4.77172,13497.6,-7.3,19.3,149.5,-64.2,22.5,168.9,0x20,405.003,18.7,-1875,-1,2.0,,
2026-09-04T01:24:09.000Z,M20-409-2-00781,1472520249,43.46954,4.77184,13490.2,-7.0,18.9,150.9,-64.2,22.6,169.2,0x20,405.003,4.8,-1875,-1,2.0,,
2026-09-04T01:24:10.000Z,M20-409-2-00781,1472520250,43.46939,4.77194,13483.0,-6.5,19.1,153.1,-64.1,22.7,169.4,0x20,405.003,4.8,-1875,-1,2.0,,
2026-09-04T01:24:11.000Z,M20-409-2-00781,1472520251,43.46923,4.77205,13475.9,-6.0,19.6,153.7,-64.1,22.8,169.6,0x20,405.003,4.9,-1875,-1,2.0,,
2026-09-04T01:24:12.000Z,M20-409-2-00781,1472520252,43.46908,4.77217,13468.2,-7.2,18.7,150.9,-64.0,23.0,169.8,0x20,405.003,17.6,-1875,-1,2.0,,
2026-09-04T01:24:13.000Z,M20-409-2-00781,1472520253,43.46893,4.77228,13461.5,-5.5,18.7,151.0,-64.0,23.1,170.0,0x20,405.003,17.6,-2250,-1,2.0,,
2026-09-04T01:24:14.000Z,M20-409-2-00781,1472520254,43.46878,4.77238,13453.4,-8.3,18.3,156.4,-64.0,23.3,170.2,0x20,405.003,20.7,-1875,-1,2.0,,
2026-09-04T01:24:16.000Z,M20-409-2-00781,1472520256,43.46847,4.77257,13437.4,-7.5,19.0,156.1,-64.0,23.6,170.7,0x20,405.003,22.7,-1875,-1,2.0,,
2026-09-04T01:24:17.000Z,M20-409-2-00781,1472520257,43.46831,4.77266,13428.9,-7.4,19.1,154.2,-64.0,23.8,170.9,0x20,405.003,19.8,-2250,-1,2.0,,
2026-09-04T01:24:18.000Z,M20-409-2-00781,1472520258,43.46816,4.77275,13420.5,-8.0,18.1,157.4,-64.0,23.8,171.1,0x20,405.003,23.3,-2250,-1,2.0,,
2026-09-04T01:24:19.000Z,M20-409-2-00781,1472520259,43.46800,4.77283,13412.5,-7.6,19.1,158.0,-64.0,24.0,171.3,0x20,405.003,23.3,-1875,-1,2.0,,
2026-09-04T01:24:20.000Z,M20-409-2-00781,1472520260,43.46784,4.77292,13405.6,-5.8,19.5,159.1,-64.0,24.2,171.5,0x20,405.003,20.6,-1875,-1,2.0,,
2026-09-04T01:24:21.000Z,M20-409-2-00781,1472520261,43.46768,4.77300,13398.4,-6.8,19.2,159.3,-64.0,24.4,171.8,0x20,405.003,17.0,-2250,-1,2.0,,
2026-09-04T01:24:22.000Z,M20-409-2-00781,1472520262,43.46752,4.77307,13390.8,-7.0,18.9,161.7,-64.0,24.5,172.0,0x20,405.003,8.2,-2250,-1,2.0,,
2026-09-04T01:24:23.000Z,M20-409-2-00781,1472520263,43.46735,4.77314,13383.2,-7.3,19.1,162.6,-63.9,24.7,172.2,0x20,405.003,5.2,-1875,-1,2.0,,
2026-09-04T01:24:24.000Z,M20-409-2-00781,1472520264,43.46719,4.77322,13375.7,-6.5,19.0,160.1,-63.9,24.9,172.4,0x20,405.003,4.5,-2250,-1,2.0,,
2026-09-04T01:24:27.000Z,M20-409-2-00781,1472520267,43.46671,4.77344,13353.7,-7.3,19.9,162.2,-63.7,25.3,173.0,0x20,405.003,23.1,-2250,-1,2.0,,
2026-09-04T01:24:28.000Z,M20-409-2-00781,1472520268,43.46654,4.77353,13345.8,-6.8,19.8,159.5,-63.7,25.5,173.2,0x20,405.003,23.1,-2250,-1,2.0,,
2026-09-04T01:24:29.000Z,M20-409-2-00781,1472520269,43.46638,4.77361,13338.2,-6.1,18.9,160.9,-63.6,25.6,173.5,0x20,405.003,20.2,-2250,-1,2.0,,
2026-09-04T01:24:30.000Z,M20-409-2-00781,1472520270,43.46622,4.77369,13331.1,-6.4,19.1,160.4,-63.6,25.7,173.7,0x20,405.003,22.0,-2250,-1,2.0,,
2026-09-04T01:24:31.000Z,M20-409-2-00781,1472520271,43.46605,4.77376,13324.3,-6.1,19.9,161.1,-63.5,25.9,173.9,0x20,405.003,23.8,-2250,-1,2.0,,
2026-09-04T01:24:32.000Z,M20-409-2-00781,1472520272,43.46589,4.77385,13317.5,-5.5,19.4,158.2,-63.5,26.1,174.1,0x20,405.003,23.8,-2250,-1,2.0,,
2026-09-04T01:24:33.000Z,M20-409-2-00781,1472520273,43.46573,4.77393,13310.3,-5.8,19.0,160.2,-63.4,26.3,174.3,0x20,405.003,20.6,-2250,-1,2.0,,
2026-09-04T01:24:34.000Z,M20-409-2-00781,1472520274,43.46557,4.77400,13302.8,-6.8,18.8,162.2,-63.3,26.4,174.5,0x20,405.003,19.1,-2250,-1,2.0,,
2026-09-04T01:24:35.000Z,M20-409-2-00781,1472520275,43.46540,4.77408,13295.1,-7.0,19.5,159.8,-63.3,26.5,174.7,0x20,405.003,6.4,-2250,-1,2.0,,
2026-09-04T01:24:37.000Z,M20-409-2-00781,1472520277,43.46508,4.77424,13277.9,-7.8,18.7,158.2,-63.2,26.8,175.2,0x20,405.003,4.7,-1875,-1,2.0,,
2026-09-04T01:24:38.000Z,M20-409-2-00781,1472520278,43.46492,4.77432,13269.8,-7.8,18.5,159.9,-63.1,27.0,175.4,0x20,405.003,15.6,-2250,-1,2.0,,
2026-09-04T01:24:39.000Z,M20-409-2-00781,1472520279,43.46477,4.77440,13261.9,-7.0,18.3,159.6,-63.1,27.2,175.6,0x20,405.003,19.1,-2250,-1,2.0,,
2026-09-04T01:24:40.000Z,M20-409-2-00781,1472520280,43.46461,4.77448,13254.8,-6.2,18.9,158.0,-63.0,27.4,175.8,0x20,405.003,23.8,-2625,-1,2.0,,
2026-09-04T01:24:41.000Z,M20-409-2-00781,1472520281,43.46445,4.77457,13247.3,-7.3,18.8,157.0,-63.0,27.5,176.0,0x20,405.003,23.8,-2250,-1,2.0,,
2026-09-04T01:24:42.000Z,M20-409-2-00781,1472520282,43.46430,4.77466,13240.2,-6.4,18.8,157.0,-62.9,27.7,176.2,0x20,405.003,18.9,-2250,-1,2.0,,
2026-09-04T01:24:43.000Z,M20-409-2-00781,1472520283,43.46413,4.77474,13231.9,-7.1,19.1,161.3,-62.9,27.9,176.4,0x20,405.003,23.1,-2250,-1,2.0,,
2026-09-04T01:24:44.000Z,M20-409-2-00781,1472520284,43.46397,4.77483,13224.5,-7.1,19.5,158.4,-62.8,28.1,176.7,0x20,405.003,23.1,-2625,-1,2.0,,
2026-09-04T01:24:45.000Z,M20-409-2-00781,1472520285,43.46380,4.77492,13217.2,-6.2,19.8,159.0,-62.7,28.2,176.9,0x20,405.003,23.1,-2250,-1,2.0,,
2026-09-04T01:24:46.000Z,M20-409-2-00781,1472520286,43.46364,4.77500,13211.1,-6.0,18.6,156.0,-62.7,28.4,177.1,0x20,405.003,20.5,-2250,-1,2.0,,
2026-09-04T01:24:49.000Z,M20-409-2-00781,1472520289,43.46317,4.77526,13189.8,-8.1,19.6,158.0,-62.5,28.9,177.8,0x20,405.003,6.2,-1875,-1,2.0,,
2026-09-04T01:24:50.000Z,M20-409-2-00781,1472520290,43.46301,4.77535,13182.1,-7.2,18.3,156.3,-62.5,29.1,178.0,0x20,405.003,4.6,-1875,-1,2.0,,
2026-09-04T01:24:52.000Z,M20-409-2-00781,1472520292,43.46270,4.77553,13167.1,-6.2,19.3,158.6,-62.3,29.4,178.4,0x20,405.003,20.5,-1875,-1,2.0,,
2026-09-04T01:24:55.000Z,M20-409-2-00781,1472520295,43.46222,4.77578,13144.5,-7.5,19.0,159.5,-62.2,29.9,179.1,0x20,405.003,21.9,-1875,-1,2.0,,
2026-09-04T01:24:56.000Z,M20-409-2-00781,1472520296,43.46205,4.77587,13137.3,-6.9,19.1,160.6,-62.2,30.0,179.3,0x20,405.003,21.9,-1875,-1,2.0,,
2026-09-04T01:24:57.000Z,M20-409-2-00781,1472520297,43.46189,4.77596,13128.7,-7.3,19.4,155.2,-62.2,30.1,179.5,0x20,405.003,13.7,-1875,-1,2.0,,
2026-09-04T01:24:59.000Z,M20-409-2-00781,1472520299,43.46158,4.77615,13113.3,-6.8,19.1,158.8,-62.1,30.5,179.9,0x20,405.003,15.9,-1875,-1,2.0,,
2026-09-04T01:25:02.000Z,M20-409-2-00781,1472520302,43.46108,4.77643,13090.2,-6.0,19.6,155.3,-62.0,31.0,180.6,0x20,405.003,4.1,-1875,-1,2.0,,
2026-09-04T01:25:04.000Z,M20-409-2-00781,1472520304,43.46076,4.77663,13077.2,-6.0,19.7,154.8,-61.8,31.3,181.0,0x20,405.003,19.4,-1875,-1,2.0,,
2026-09-04T01:25:05.000Z,M20-409-2-00781,1472520305,43.46060,4.77673,13070.2,-5.6,19.0,157.8,-61.8,31.5,181.2,0x20,405.003,19.4,-1875,-1,2.0,,
2026-09-04T01:25:06.000Z,M20-409-2-00781,1472520306,43.46044,4.77682,13063.1,-6.6,19.3,155.5,-61.7,31.7,181.5,0x20,405.003,18.9,-1875,-1,2.0,,
2026-09-04T01:25:07.000Z,M20-409-2-00781,1472520307,43.46028,4.77691,13055.6,-6.7,19.7,158.8,-61.6,31.7,181.7,0x20,405.003,16.5,-1875,-1,2.0,,
2026-09-04T01:25:08.000Z,M20-409-2-00781,1472520308,43.46012,4.77701,13047.7,-6.8,19.6,154.8,-61.6,31.9,181.9,0x20,405.003,16.5,-1875,-1,2.0,,
2026-09-04T01:25:09.000Z,M20-409-2-00781,1472520309,43.45996,4.77711,13040.0,-7.0,19.0,156.5,-61.5,32.1,182.1,0x20,405.003,14.1,-1875,-1,2.0,,
2026-09-04T01:25:10.000Z,M20-409-2-00781,1472520310,43.45981,4.77721,13033.6,-6.3,19.2,157.0,-61.5,32.2,182.3,0x20,405.003,14.8,-1875,-1,2.0,,
2026-09-04T01:25:11.000Z,M20-409-2-00781,1472520311,43.45964,4.77729,13026.9,-7.1,19.6,159.8,-61.4,32.3,182.6,0x20,405.003,15.1,-1875,-1,2.0,,
2026-09-04T01:25:12.000Z,M20-409-2-00781,1472520312,43.45948,4.77739,13017.2,-7.8,19.4,157.2,-61.4,32.5,182.8,0x20,405.003,15.1,-1875,-1,2.0,,
2026-09-04T01:25:13.000Z,M20-409-2-00781,1472520313,43.45932,4.77749,13008.5,-7.0,18.9,154.7,-61.4,32.7,183.0,0x20,405.003,11.3,-1875,-1,2.0,,
2026-09-04T01:25:14.000Z,M20-409-2-00781,1472520314,43.45916,4.77758,13001.0,-6.9,19.2,158.6,-61.4,32.8,183.2,0x20,405.003,11.3,-1875,-1,2.0,,
2026-09-04T01:25:15.000Z,M20-409-2-00781,1472520315,43.45900,4.77767,12993.5,-6.7,19.3,157.8,-61.4,33.0,183.4,0x20,405.003,4.3,-1875,-1,2.0,,
2026-09-04T01:25:16.000Z,M20-409-2-00781,1472520316,43.45884,4.77775,12986.1,-7.3,19.8,158.2,-61.4,33.2,183.6,0x20,405.003,4.1,-1875,-1,2.0,,
2026-09-04T01:25:17.000Z,M20-409-2-00781,1472520317,43.45868,4.77784,12979.5,-5.8,18.8,156.8,-61.3,33.3,183.8,0x20,405.003,11.6,-1875,-1,2.0,,
2026-09-04T01:25:18.000Z,M20-409-2-00781,1472520318,43.45852,4.77793,12972.5,-6.8,19.4,159.5,-61.3,33.4,184.1,0x20,405.003,13.8,-1875,-1,2.0,,
2026-09-04T01:25:19.000Z,M20-409-2-00781,1472520319,43.45836,4.77801,12965.2,-6.5,19.2,157.7,-61.3,33.6,184.3,0x20,405.003,16.0,-1875,-1,2.0,,
2026-09-04T01:25:20.000Z,M20-409-2-00781,1472520320,43.45820,4.77811,12958.5,-7.0,19.8,156.4,-61.2,33.8,184.5,0x20,405.003,16.0,-1875,-1,2.0,,
2026-09-04T01:25:21.000Z,M20-409-2-00781,1472520321,43.45804,4.77821,12950.0,-6.5,18.5,156.3,-61.1,33.9,184.7,0x20,405.003,14.4,-1875,-1,2.0,,
2026-09-04T01:25:22.000Z,M20-409-2-00781,1472520322,43.45788,4.77830,12942.9,-6.3,19.5,157.7,-61.1,34.1,184.9,0x20,405.003,16.2,-1875,-1,2.0,,
2026-09-04T01:25:23.000Z,M20-409-2-00781,1472520323,43.45772,4.77839,12935.9,-5.8,19.3,158.0,-61.0,34.2,185.2,0x20,405.003,16.2,-1875,-1,2.0,,
2026-09-04T01:25:24.000Z,M20-409-2-00781,1472520324,43.45756,4.77849,12928.5,-7.7,20.0,158.3,-61.0,34.4,185.4,0x20,405.003,12.7,-1875,-1,2.0,,
2026-09-04T01:25:26.000Z,M20-409-2-00781,1472520326,43.45723,4.77867,12912.8,-7.7,19.2,158.4,-60.9,34.8,185.8,0x20,405.003,13.1,-1875,-1,2.0,,
2026-09-04T01:25:27.000Z,M20-409-2-00781,1472520327,43.45707,4.77877,12906.8,-6.3,19.9,157.5,-60.8,34.9,186.0,0x20,405.003,4.6,-1875,-1,2.0,,
2026-09-04T01:25:28.000Z,M20-409-2-00781,1472520328,43.45690,4.77886,12898.7,-7.0,19.5,157.2,-60.8,35.1,186.3,0x20,405.003,3.8,-1875,-1,2.0,,
2026-09-04T01:25:29.000Z,M20-409-2-00781,1472520329,43.45674,4.77896,12891.5,-5.5,19.4,154.4,-60.7,35.3,186.5,0x20,405.003,5.9,-1875,-1,2.0,,
2026-09-04T01:25:30.000Z,M20-409-2-00781,1472520330,43.45658,4.77905,12883.8,-6.5,19.5,159.2,-60.7,35.4,186.7,0x20,405.003,11.5,-1875,-1,2.0,,
2026-09-04T01:25:31.000Z,M20-409-2-00781,1472520331,43.45642,4.77914,12878.1,-5.6,19.5,155.0,-60.6,35.6,186.9,0x20,405.003,15.7,-1875,-1,2.0,,
2026-09-04T01:25:32.000Z,M20-409-2-00781,1472520332,43.45626,4.77924,12870.9,-6.6,19.7,156.9,-60.5,35.7,187.1,0x20,405.003,15.7,-1875,-1,2.0,,
2026-09-04T01:25:33.000Z,M20-409-2-00781,1472520333,43.45611,4.77934,12864.5,-5.2,18.9,153.7,-60.5,35.9,187.3,0x20,405.003,10.3,-1875,-1,2.0,,
2026-09-04T01:25:34.000Z,M20-409-2-00781,1472520334,43.45595,4.77944,12856.6,-7.9,19.9,159.5,-60.4,36.1,187.5,0x20,405.003,14.2,-1875,-1,2.0,,
2026-09-04T01:25:35.000Z,M20-409-2-00781,1472520335,43.45578,4.77953,12848.9,-5.5,19.7,154.3,-60.4,36.2,187.8,0x20,405.003,14.2,-1875,-1,2.0,,
2026-09-04T01:25:36.000Z,M20-409-2-00781,1472520336,43.45563,4.77962,12842.4,-5.4,18.8,156.2,-60.3,36.4,188.0,0x20,405.003,11.8,-1875,-1,2.0,,
2026-09-04T01:25:37.000Z,M20-409-2-00781,1472520337,43.45547,4.77972,12835.5,-5.6,19.5,156.9,-60.3,36.6,188.2,0x20,405.003,12.3,-1875,-1,2.0,,
2026-09-04T01:25:38.000Z,M20-409-2-00781,1472520338,43.45530,4.77981,12830.2,-5.0,20.0,157.6,-60.2,36.7,188.4,0x20,405.003,12.3,-1875,-1,2.0,,
2026-09-04T01:25:39.000Z,M20-409-2-00781,1472520339,43.45514,4.77990,12822.4,-6.8,20.0,155.9,-60.2,36.9,188.7,0x20,405.003,10.1,-1875,-1,2.0,,
2026-09-04T01:25:40.000Z,M20-409-2-00781,1472520340,43.45498,4.78001,12814.1,-6.3,19.3,153.9,-60.1,37.1,188.9,0x20,405.003,3.4,-1875,-1,2.0,,
2026-09-04T01:25:41.000Z,M20-409-2-00781,1472520341,43.45482,4.78011,12807.0,-5.4,19.3,158.1,-60.1,37.3,189.1,0x20,405.003,3.7,-1875,-1,2.0,,
2026-09-04T01:25:42.000Z,M20-409-2-00781,1472520342,43.45466,4.78020,12800.4,-6.4,18.9,156.5,-60.0,37.4,189.3,0x20,405.003,7.3,-1875,-1,2.0,,
2026-09-04T01:25:43.000Z,M20-409-2-00781,1472520343,43.45451,4.78029,12792.8,-6.3,19.2,157.1,-59.9,37.6,189.5,0x20,405.003,9.6,-1875,-1,2.0,,
2026-09-04T01:25:44.000Z,M20-409-2-00781,1472520344,43.45435,4.78039,12786.2,-5.6,19.0,153.7,-59.9,37.7,189.7,0x20,405.003,9.6,-1875,-1,2.0,,
2026-09-04T01:25:45.000Z,M20-409-2-00781,1472520345,43.45419,4.78048,12778.0,-8.2,19.5,160.3,-59.8,37.9,189.9,0x20,405.003,15.4,-1875,-1,2.0,,
2026-09-04T01:25:46.000Z,M20-409-2-00781,1472520346,43.45402,4.78057,12771.2,-5.2,19.4,154.8,-59.7,38.1,190.2,0x20,405.003,15.4,-1875,-1,2.0,,
2026-09-04T01:25:47.000Z,M20-409-2-00781,1472520347,43.45387,4.78067,12763.9,-6.4,19.0,157.3,-59.7,38.2,190.4,0x20,405.003,15.4,-1875,-1,2.0,,
2026-09-04T01:25:48.000Z,M20-409-2-00781,1472520348,43.45371,4.78075,12756.5,-6.9,18.8,159.3,-59.6,38.3,190.6,0x20,405.003,10.6,-1875,-1,2.0,,
2026-09-04T01:25:49.000Z,M20-409-2-00781,1472520349,43.45354,4.78084,12749.6,-6.5,19.9,158.0,-59.6,38.5,190.8,0x20,405.003,13.2,-1875,-1,2.0,,
2026-09-04T01:25:50.000Z,M20-409-2-00781,1472520350,43.45338,4.78094,12742.0,-6.1,19.2,155.8,-59.5,38.7,191.1,0x20,405.003,13.2,-1875,-1,2.0,,
2026-09-04T01:25:51.000Z,M20-409-2-00781,1472520351,43.45323,4.78103,12735.0,-5.7,19.3,155.1,-59.4,38.8,191.3,0x20,405.003,11.0,-1875,-1,2.0,,
2026-09-04T01:25:52.000Z,M20-409-2-00781,1472520352,43.45306,4.78112,12728.2,-6.0,19.7,159.6,-59.4,39.0,191.5,0x20,405.003,11.0,-1875,-1,2.0,,
2026-09-04T01:25:53.000Z,M20-409-2-00781,1472520353,43.45290,4.78121,12721.5,-5.5,19.5,156.7,-59.3,39.1,191.7,0x20,405.003,4.3,-1875,-1,2.0,,
2026-09-04T01:25:54.000Z,M20-409-2-00781,1472520354,43.45273,4.78130,12714.8,-6.3,19.7,158.5,-59.3,39.2,191.9,0x20,405.003,3.8,-1875,-1,2.0,,
2026-09-04T01:25:55.000Z,M20-409-2-00781,1472520355,43.45258,4.78140,12707.4,-5.7,18.2,155.1,-59.2,39.4,192.1,0x20,405.003,6.0,-1875,-1,2.0,,
2026-09-04T01:25:56.000Z,M20-409-2-00781,1472520356,43.45242,4.78148,12701.0,-7.3,19.1,160.5,-59.2,39.5,192.3,0x20,405.003,14.0,-1875,-1,2.0,,
2026-09-04T01:25:57.000Z,M20-409-2-00781,1472520357,43.45227,4.78156,12692.3,-6.8,18.7,157.8,-59.1,39.6,192.6,0x20,405.003,14.7,-1875,-1,2.0,,
2026-09-04T01:25:58.000Z,M20-409-2-00781,1472520358,43.45211,4.78165,12685.1,-7.2,19.4,156.1,-59.1,39.8,192.8,0x20,405.003,14.7,-1875,-1,2.0,,
2026-09-04T01:25:59.000Z,M20-409-2-00781,1472520359,43.45195,4.78174,12677.0,-7.8,18.1,158.5,-59.0,39.9,193.0,0x20,405.003,13.0,-1875,-1,2.0,,
2026-09-04T01:26:00.000Z,M20-409-2-00781,1472520360,43.45180,4.78183,12669.9,-6.8,19.3,158.1,-59.0,40.0,193.2,0x20,405.003,16.0,-1875,-1,2.0,,
2026-09-04T01:26:01.000Z,M20-409-2-00781,1472520361,43.45163,4.78193,12662.7,-6.8,19.8,156.9,-58.9,40.2,193.4,0x20,405.003,16.0,-1875,-1,2.0,,
2026-09-04T01:26:02.000Z,M20-409-2-00781,1472520362,43.45147,4.78202,12656.4,-5.0,18.8,157.0,-58.8,40.3,193.6,0x20,405.003,11.6,-1875,-1,2.0,,
2026-09-04T01:26:03.000Z,M20-409-2-00781,1472520363,43.45132,4.78210,12650.0,-6.7,18.7,158.1,-58.8,40.4,193.8,0x20,405.003,15.0,-1875,-1,2.0,,
2026-09-04T01:26:04.000Z,M20-409-2-00781,1472520364,43.45116,4.78219,12643.2,-6.1,18.6,159.4,-58.7,40.5,194.1,0x20,405.003,15.0,-1875,-1,2.0,,
2026-09-04T01:26:05.000Z,M20-409-2-00781,1472520365,43.45101,4.78228,12636.5,-6.5,19.4,157.2,-58.7,40.6,194.3,0x20,405.003,6.9,-1875,-1,2.0,,
2026-09-04T01:26:06.000Z,M20-409-2-00781,1472520366,43.45085,4.78237,12630.4,-5.2,17.9,156.8,-58.6,40.7,194.5,0x20,405.003,5.2,-1875,-1,2.0,,
2026-09-04T01:26:07.000Z,M20-409-2-00781,1472520367,43.45070,4.78245,12623.0,-8.2,18.9,160.0,-58.6,40.9,194.7,0x20,405.003,3.9,-1875,-1,2.0,,
2026-09-04T01:26:08.000Z,M20-409-2-00781,1472520368,43.45054,4.78254,12615.8,-5.6,18.4,158.6,-58.5,41.0,194.9,0x20,405.003,6.6,-1875,-1,2.0,,
2026-09-04T01:26:09.000Z,M20-409-2-00781,1472520369,43.45039,4.78263,12609.3,-6.7,19.1,156.2,-58.5,41.1,195.1,0x20,405.003,11.5,-1875,-1,2.0,,
2026-09-04T01:26:10.000Z,M20-409-2-00781,1472520370,43.45024,4.78273,12602.9,-5.8,18.6,155.4,-58.4,41.2,195.3,0x20,405.003,11.5,-1875,-1,2.0,,
2026-09-04T01:26:11.000Z,M20-409-2-00781,1472520371,43.45008,4.78281,12595.5,-7.0,18.4,159.9,-58.3,41.3,195.6,0x20,405.003,11.9,-1875,-1,2.0,,
2026-09-04T01:26:12.000Z,M20-409-2-00781,1472520372,43.44993,4.78290,12588.4,-5.3,19.0,155.6,-58.3,41.3,195.8,0x20,405.003,13.9,-1875,-1,2.0,,
2026-09-04T01:26:13.000Z,M20-409-2-00781,1472520373,43.44977,4.78299,12582.0,-5.9,18.7,158.4,-58.2,41.4,196.0,0x20,405.003,13.9,-1875,-1,2.0,,
2026-09-04T01:26:14.000Z,M20-409-2-00781,1472520374,43.44961,4.78307,12576.0,-5.4,18.1,158.2,-58.2,41.5,196.2,0x20,405.003,11.6,-1875,-1,2.0,,
2026-09-04T01:26:15.000Z,M20-409-2-00781,1472520375,43.44945,4.78315,12569.2,-7.1,19.0,159.3,-58.1,41.6,196.4,0x20,405.003,15.2,-1875,-1,2.0,,
2026-09-04T01:26:16.000Z,M20-409-2-00781,1472520376,43.44929,4.78324,12561.9,-5.7,18.9,157.4,-58.1,41.7,196.6,0x20,405.003,15.2,-1875,-1,2.0,,
2026-09-04T01:26:17.000Z,M20-409-2-00781,1472520377,43.44914,4.78334,12556.1,-5.7,18.6,155.9,-58.0,41.7,196.8,0x20,405.003,11.4,-1875,-1,2.0,,
2026-09-04T01:26:19.000Z,M20-409-2-00781,1472520379,43.44883,4.78350,12541.9,-5.9,18.3,160.9,-57.9,41.9,197.2,0x20,405.003,5.1,-1875,-1,2.0,,
2026-09-04T01:26:20.000Z,M20-409-2-00781,1472520380,43.44866,4.78358,12534.2,-6.7,19.6,160.0,-57.9,42.0,197.4,0x20,405.003,4.6,-1875,-1,2.0,,
2026-09-04T01:26:21.000Z,M20-409-2-00781,1472520381,43.44851,4.78366,12528.8,-5.3,18.4,158.8,-57.8,42.1,197.7,0x20,405.003,5.2,-1875,-1,2.0,,
2026-09-04T01:26:22.000Z,M20-409-2-00781,1472520382,43.44836,4.78374,12520.9,-7.5,18.1,159.0,-57.7,42.1,197.9,0x20,405.003,12.8,-1875,-1,2.0,,
2026-09-04T01:26:23.000Z,M20-409-2-00781,1472520383,43.44820,4.78383,12514.2,-6.1,19.0,158.6,-57.7,42.2,198.1,0x20,405.003,15.0,-1875,-1,2.0,,
2026-09-04T01:26:24.000Z,M20-409-2-00781,1472520384,43.44804,4.78392,12507.2,-7.3,20.0,160.1,-57.6,42.3,198.3,0x20,405.003,15.0,-1875,-1,2.0,,
2026-09-04T01:26:25.000Z,M20-409-2-00781,1472520385,43.44789,4.78401,12500.6,-6.2,17.8,156.8,-57.6,42.3,198.5,0x20,405.003,15.0,-1875,-1,2.0,,
2026-09-04T01:26:26.000Z,M20-409-2-00781,1472520386,43.44774,4.78409,12493.8,-5.8,18.5,158.3,-57.5,42.4,198.7,0x20,405.003,13.5,-1875,-1,2.0,,
2026-09-04T01:26:27.000Z,M20-409-2-00781,1472520387,43.44757,4.78417,12486.5,-7.2,18.6,161.9,-57.5,42.5,198.9,0x20,405.003,13.5,-1875,-1,2.0,,
2026-09-04T01:26:28.000Z,M20-409-2-00781,1472520388,43.44741,4.78425,12479.7,-6.3,19.0,156.8,-57.4,42.5,199.1,0x20,405.003,13.5,-1875,-1,2.0,,
2026-09-04T01:26:29.000Z,M20-409-2-00781,1472520389,43.44725,4.78434,12474.2,-5.2,19.2,160.4,-57.4,42.5,199.3,0x20,405.003,11.1,-1875,-1,2.0,,
2026-09-04T01:26:30.000Z,M20-409-2-00781,1472520390,43.44710,4.78442,12468.2,-5.3,18.3,157.9,-57.3,42.6,199.5,0x20,405.003,11.1,-1875,-1,2.0,,
2026-09-04T01:26:31.000Z,M20-409-2-00781,1472520391,43.44694,4.78450,12462.4,-5.1,18.9,159.7,-57.3,42.6,199.7,0x20,405.003,4.5,-1875,-1,2.0,,
2026-09-04T01:26:32.000Z,M20-409-2-00781,1472520392,43.44679,4.78459,12455.5,-6.5,18.7,159.5,-57.2,42.6,200.0,0x20,405.003,4.2,0,-1,2.0,,
2026-09-04T01:26:36.000Z,M20-409-2-00781,1472520396,43.44617,4.78492,12428.5,-6.3,18.8,157.6,-57.0,42.6,200.8,0x20,405.003,14.3,-1875,-1,2.0,,
2026-09-04T01:27:14.000Z,M20-409-2-00781,1472520434,43.44064,4.78834,12183.3,-5.7,17.9,153.2,-55.3,42.3,208.7,0x20,405.003,8.7,0,-1,2.0,,
2026-09-04T01:27:22.000Z,M20-409-2-00781,1472520442,43.43952,4.78903,12134.4,-5.4,17.1,157.6,-54.9,42.2,210.4,0x20,405.003,13.9,-1125,-1,2.0,,
2026-09-04T01:27:30.000Z,M20-409-2-00781,1472520450,43.43841,4.78965,12082.3,-4.8,17.0,157.0,-54.5,42.2,212.0,0x20,405.003,13.6,-1125,-1,2.0,,
2026-09-04T01:27:33.000Z,M20-409-2-00781,1472520453,43.43801,4.78987,12063.7,-6.1,16.4,158.4,-54.5,42.2,212.7,0x20,405.003,14.1,-1125,-1,2.0,,
2026-09-04T01:27:41.000Z,M20-409-2-00781,1472520461,43.43693,4.79047,12013.7,-5.2,16.4,157.7,-54.1,42.2,214.3,0x20,405.003,12.1,-1125,-1,2.0,,
2026-09-04T01:27:44.000Z,M20-409-2-00781,1472520464,43.43653,4.79068,11996.1,-4.9,16.1,159.7,-53.9,42.3,215.0,0x20,405.003,14.0,-1125,-1,2.0,,
2026-09-04T01:27:45.000Z,M20-409-2-00781,1472520465,43.43640,4.79076,11989.6,-5.4,16.2,155.9,-53.9,42.3,215.2,0x20,405.003,14.0,-1125,-1,2.0,,
2026-09-04T01:27:48.000Z,M20-409-2-00781,1472520468,43.43601,4.79100,11970.0,-4.8,16.4,155.6,-53.7,42.3,215.8,0x20,405.003,11.7,-1125,-1,2.0,,
2026-09-04T01:27:52.000Z,M20-409-2-00781,1472520472,43.43549,4.79132,11947.4,-5.8,16.6,155.2,-53.5,42.3,216.7,0x20,405.003,6.3,-1125,-1,2.0,,
2026-09-04T01:27:55.000Z,M20-409-2-00781,1472520475,43.43509,4.79155,11928.3,-6.6,16.5,158.5,-53.3,42.4,217.3,0x20,405.003,15.3,-1125,-1,2.0,,
2026-09-04T01:27:56.000Z,M20-409-2-00781,1472520476,43.43495,4.79163,11920.0,-6.8,16.9,155.6,-53.2,42.4,217.5,0x20,405.003,15.3,-1125,-1,2.0,,
2026-09-04T01:27:59.000Z,M20-409-2-00781,1472520479,43.43457,4.79189,11901.3,-4.8,16.0,153.5,-53.1,42.4,218.2,0x20,405.003,13.3,-1125,-1,2.0,,
2026-09-04T01:28:00.000Z,M20-409-2-00781,1472520480,43.43444,4.79197,11895.4,-4.8,15.8,156.7,-53.0,42.4,218.4,0x20,405.003,12.5,-1125,-1,2.0,,
2026-09-04T01:28:02.000Z,M20-409-2-00781,1472520482,43.43418,4.79213,11882.0,-6.5,16.0,156.7,-52.9,42.4,218.8,0x20,405.003,4.7,-1125,-1,2.0,,
2026-09-04T01:28:03.000Z,M20-409-2-00781,1472520483,43.43405,4.79222,11875.4,-5.0,16.3,153.1,-52.9,42.4,219.0,0x20,405.003,3.6,-1125,-1,2.0,,
2026-09-04T01:28:06.000Z,M20-409-2-00781,1472520486,43.43367,4.79247,11857.5,-5.7,15.4,154.9,-52.7,42.3,219.6,0x20,405.003,15.1,-1125,-1,2.0,,
2026-09-04T01:28:07.000Z,M20-409-2-00781,1472520487,43.43354,4.79255,11851.0,-6.2,16.4,153.0,-52.6,42.3,219.8,0x20,405.003,15.1,-1125,-1,2.0,,
2026-09-04T01:28:09.000Z,M20-409-2-00781,1472520489,43.43329,4.79274,11840.1,-4.5,15.6,153.3,-52.5,42.3,220.3,0x20,405.003,14.4,-1125,-1,2.0,,
2026-09-04T01:28:10.000Z,M20-409-2-00781,1472520490,43.43317,4.79283,11833.7,-4.8,15.9,150.4,-52.5,42.3,220.5,0x20,405.003,14.4,-1125,-1,2.0,,
2026-09-04T01:28:11.000Z,M20-409-2-00781,1472520491,43.43304,4.79291,11828.5,-3.7,14.4,153.9,-52.4,42.2,220.7,0x20,405.003,11.3,-1125,-1,2.0,,
2026-09-04T01:28:13.000Z,M20-409-2-00781,1472520493,43.43280,4.79308,11817.3,-5.7,16.5,153.5,-52.3,42.2,221.1,0x20,405.003,12.8,-1125,-1,2.0,,
2026-09-04T01:28:14.000Z,M20-409-2-00781,1472520494,43.43267,4.79317,11810.3,-4.4,16.1,151.1,-52.2,42.2,221.3,0x20,405.003,12.1,-1125,-1,2.0,,
2026-09-04T01:28:17.000Z,M20-409-2-00781,1472520497,43.43229,4.79344,11789.6,-5.6,15.2,153.7,-52.1,42.0,221.9,0x20,405.003,6.2,-1125,-1,2.0,,
2026-09-04T01:28:18.000Z,M20-409-2-00781,1472520498,43.43217,4.79353,11783.0,-5.7,15.8,150.7,-52.0,42.0,222.2,0x20,405.003,8.1,-1125,-1,2.0,,
2026-09-04T01:28:20.000Z,M20-409-2-00781,1472520500,43.43193,4.79373,11772.2,-4.2,15.2,148.9,-51.9,42.0,222.6,0x20,405.003,9.1,-1125,-1,2.0,,
2026-09-04T01:28:21.000Z,M20-409-2-00781,1472520501,43.43180,4.79382,11766.1,-5.1,15.4,150.6,-51.9,41.9,222.8,0x20,405.003,14.3,-1125,-1,2.0,,
2026-09-04T01:28:22.000Z,M20-409-2-00781,1472520502,43.43168,4.79391,11760.0,-5.2,15.9,151.9,-51.9,41.9,223.0,0x20,405.003,14.3,-1125,-1,2.0,,
2026-09-04T01:28:24.000Z,M20-409-2-00781,1472520504,43.43143,4.79410,11747.9,-5.9,15.8,152.7,-51.8,41.8,223.4,0x20,405.003,13.6,-1125,-1,2.0,,
2026-09-04T01:28:25.000Z,M20-409-2-00781,1472520505,43.43131,4.79420,11742.3,-4.0,15.8,147.8,-51.7,41.8,223.6,0x20,405.003,13.6,-1125,-1,2.0,,
2026-09-04T01:28:28.000Z,M20-409-2-00781,1472520508,43.43095,4.79448,11723.0,-4.7,13.8,151.1,-51.6,41.6,224.3,0x20,405.003,5.0,-1125,-1,2.0,,
2026-09-04T01:28:32.000Z,M20-409-2-00781,1472520512,43.43047,4.79487,11700.1,-5.0,15.4,148.2,-51.4,41.4,225.1,0x20,405.003,11.5,-1125,-1,2.0,,
2026-09-04T01:28:37.000Z,M20-409-2-00781,1472520517,43.42990,4.79538,11667.2,-5.0,15.1,147.5,-51.2,41.2,226.1,0x20,405.003,12.4,-1125,-1,2.0,,
2026-09-04T01:28:40.000Z,M20-409-2-00781,1472520520,43.42955,4.79568,11649.3,-4.6,15.0,147.7,-51.1,41.1,226.8,0x20,405.003,13.6,-1125,-1,2.0,,
2026-09-04T01:28:42.000Z,M20-409-2-00781,1472520522,43.42932,4.79588,11638.5,-4.6,14.7,151.7,-51.0,41.0,227.2,0x20,405.003,3.9,-1125,-1,2.0,,
2026-09-04T01:28:45.000Z,M20-409-2-00781,1472520525,43.42899,4.79618,11621.5,-4.0,14.9,145.3,-50.9,40.9,227.8,0x20,405.003,16.9,-1125,-1,2.0,,
2026-09-04T01:28:46.000Z,M20-409-2-00781,1472520526,43.42888,4.79628,11615.5,-6.2,14.9,149.4,-50.8,40.9,228.0,0x20,405.003,14.6,-1125,-1,2.0,,
2026-09-04T01:28:48.000Z,M20-409-2-00781,1472520528,43.42863,4.79647,11602.7,-5.4,15.3,150.5,-50.7,40.8,228.4,0x20,405.003,13.8,-1125,-1,2.0,,
2026-09-04T01:28:49.000Z,M20-409-2-00781,1472520529,43.42852,4.79656,11596.9,-3.8,14.8,150.3,-50.6,40.8,228.7,0x20,405.003,10.4,-1125,-1,2.0,,
2026-09-04T01:28:50.000Z,M20-409-2-00781,1472520530,43.42839,4.79664,11590.6,-6.1,15.7,153.5,-50.6,40.7,228.9,0x20,405.003,13.0,-1125,-1,2.0,,
2026-09-04T01:28:51.000Z,M20-409-2-00781,1472520531,43.42827,4.79673,11584.9,-4.3,15.0,149.8,-50.5,40.7,229.1,0x20,405.003,13.0,-1125,-1,2.0,,
2026-09-04T01:29:04.000Z,M20-409-2-00781,1472520544,43.42677,4.79790,11504.3,-5.1,14.8,150.4,-49.9,40.0,231.9,0x20,405.003,14.0,-1125,-1,2.0,,
2026-09-04T01:29:05.000Z,M20-409-2-00781,1472520545,43.42667,4.79800,11499.4,-4.7,14.0,146.5,-49.8,40.0,232.1,0x20,405.003,12.2,-1125,-1,2.0,,
2026-09-04T01:29:06.000Z,M20-409-2-00781,1472520546,43.42656,4.79809,11493.5,-5.5,14.8,152.2,-49.8,39.9,232.3,0x20,405.003,12.2,-1125,-1,2.0,,
2026-09-04T01:29:07.000Z,M20-409-2-00781,1472520547,43.42644,4.79817,11487.8,-5.5,14.4,153.0,-49.7,39.9,232.5,0x20,405.003,4.2,-1125,-1,2.0,,
2026-09-04T01:29:08.000Z,M20-409-2-00781,1472520548,43.42633,4.79826,11482.3,-5.3,14.8,148.5,-49.6,39.8,232.7,0x20,405.003,4.2,-1125,-1,2.0,,
2026-09-04T01:29:10.000Z,M20-409-2-00781,1472520550,43.42610,4.79845,11470.6,-6.0,14.1,151.2,-49.6,39.7,233.2,0x20,405.003,10.1,-1125,-1,2.0,,
2026-09-04T01:29:11.000Z,M20-409-2-00781,1472520551,43.42599,4.79854,11464.5,-5.3,14.4,149.9,-49.5,39.6,233.3,0x20,405.003,16.6,-1125,-1,2.0,,
2026-09-04T01:29:12.000Z,M20-409-2-00781,1472520552,43.42587,4.79863,11458.5,-5.4,15.3,150.8,-49.4,39.5,233.6,0x20,405.003,16.6,-1125,-1,2.0,,
2026-09-04T01:29:14.000Z,M20-409-2-00781,1472520554,43.42565,4.79882,11448.0,-5.6,14.1,153.1,-49.3,39.4,233.9,0x20,405.003,15.8,-1125,-1,2.0,,
2026-09-04T01:29:15.000Z,M20-409-2-00781,1472520555,43.42554,4.79890,11442.4,-3.8,14.2,147.5,-49.3,39.4,234.2,0x20,405.003,21.3,-1125,-1,2.0,,
2026-09-04T01:29:16.000Z,M20-409-2-00781,1472520556,43.42543,4.79899,11438.0,-4.7,14.8,150.0,-49.2,39.3,234.4,0x20,405.003,21.3,-1125,-1,2.0,,
2026-09-04T01:29:19.000Z,M20-409-2-00781,1472520559,43.42511,4.79927,11419.0,-5.0,14.6,149.1,-49.1,39.1,235.0,0x20,405.003,20.6,-1125,-1,2.0,,
2026-09-04T01:29:23.000Z,M20-409-2-00781,1472520563,43.42466,4.79962,11394.2,-4.6,14.5,147.5,-48.9,38.8,235.9,0x20,405.003,11.5,-1125,-1,2.0,,
2026-09-04T01:29:26.000Z,M20-409-2-00781,1472520566,43.42434,4.79988,11376.1,-3.6,14.1,143.5,-48.7,38.6,236.5,0x20,405.003,20.8,-1125,-1,2.0,,
2026-09-04T01:29:30.000Z,M20-409-2-00781,1472520570,43.42392,4.80026,11356.6,-4.3,14.1,147.6,-48.5,38.3,237.4,0x20,405.003,21.2,-1125,-1,2.0,,
2026-09-04T01:29:33.000Z,M20-409-2-00781,1472520573,43.42361,4.80054,11339.5,-3.7,14.6,145.4,-48.4,38.1,238.0,0x20,405.003,4.9,-1125,-1,2.0,,
2026-09-04T01:29:53.000Z,M20-409-2-00781,1472520593,43.42165,4.80250,11218.1,-4.8,14.2,139.4,-47.4,37.0,242.3,0x20,405.003,21.4,-1125,-1,2.1,,
2026-09-04T01:29:56.000Z,M20-409-2-00781,1472520596,43.42136,4.80281,11200.3,-5.1,13.4,139.5,-47.3,36.9,243.0,0x20,405.003,21.0,-1125,-1,2.1,,
2026-09-04T01:29:59.000Z,M20-409-2-00781,1472520599,43.42109,4.80313,11184.2,-4.6,13.7,139.3,-47.2,36.8,243.6,0x20,405.003,17.3,750,-1,2.1,,
2026-09-04T01:30:00.000Z,M20-409-2-00781,1472520600,43.42100,4.80324,11178.6,-4.7,13.7,138.6,-47.1,36.8,243.8,0x20,405.003,4.0,750,-1,2.1,,
2026-09-04T01:30:03.000Z,M20-409-2-00781,1472520603,43.42073,4.80355,11161.6,-5.2,13.6,137.6,-47.0,36.6,244.5,0x20,405.003,15.9,-375,-1,2.1,,
2026-09-04T01:30:17.000Z,M20-409-2-00781,1472520617,43.41947,4.80503,11075.1,-4.3,13.0,138.2,-46.2,35.6,247.5,0x20,405.003,15.8,-375,-1,2.1,,
2026-09-04T01:30:20.000Z,M20-409-2-00781,1472520620,43.41921,4.80536,11058.3,-5.0,13.4,136.9,-46.0,35.4,248.2,0x20,405.003,19.4,-375,-1,2.1,,
2026-09-04T01:30:31.000Z,M20-409-2-00781,1472520631,43.41825,4.80647,10995.5,-3.8,12.2,141.9,-45.4,34.3,250.6,0x20,405.003,19.6,-375,-1,2.1,,
2026-09-04T01:30:34.000Z,M20-409-2-00781,1472520634,43.41798,4.80677,10977.2,-4.8,12.5,142.0,-45.3,34.0,251.2,0x20,405.003,20.1,-375,-1,2.1,,
2026-09-04T01:31:24.000Z,M20-409-2-00781,1472520684,43.41362,4.81132,10686.6,-6.2,11.7,148.9,-42.6,27.8,262.3,0x20,405.003,16.5,-375,-1,2.1,,
2026-09-04T01:31:25.000Z,M20-409-2-00781,1472520685,43.41353,4.81142,10681.8,-5.1,12.9,141.3,-42.6,27.8,262.6,0x20,405.003,16.5,-375,-1,2.1,,
2026-09-04T01:31:27.000Z,M20-409-2-00781,1472520687,43.41334,4.81161,10672.2,-1.9,12.9,141.5,-42.5,27.6,263.0,0x20,405.003,18.8,-375,-1,2.1,,
2026-09-04T01:31:28.000Z,M20-409-2-00781,1472520688,43.41325,4.81171,10668.0,-4.3,13.3,144.0,-42.5,27.5,263.2,0x20,405.003,18.8,-375,-1,2.1,,
2026-09-04T01:31:31.000Z,M20-409-2-00781,1472520691,43.41297,4.81199,10651.3,-4.3,12.8,141.3,-42.3,27.2,263.9,0x20,405.003,3.1,750,-1,2.1,,
2026-09-04T01:31:44.000Z,M20-409-2-00781,1472520704,43.41182,4.81310,10572.9,-4.8,12.0,148.7,-41.6,25.7,266.8,0x20,405.003,5.1,-375,-1,2.1,,
2026-09-04T01:31:47.000Z,M20-409-2-00781,1472520707,43.41158,4.81333,10557.3,-5.0,11.3,146.7,-41.5,25.4,267.5,0x20,405.003,15.9,-375,-1,2.1,,
2026-09-04T01:31:48.000Z,M20-409-2-00781,1472520708,43.41150,4.81341,10551.8,-4.3,11.2,142.3,-41.4,25.3,267.7,0x20,405.003,17.8,-375,-1,2.1,,
2026-09-04T01:31:49.000Z,M20-409-2-00781,1472520709,43.41142,4.81350,10545.4,-5.6,11.1,137.2,-41.3,25.2,267.9,0x20,405.003,17.8,-375,-1,2.1,,
2026-09-04T01:31:50.000Z,M20-409-2-00781,1472520710,43.41134,4.81358,10540.0,-4.9,11.5,145.6,-41.3,25.1,268.2,0x20,405.003,17.9,-375,-1,2.1,,
2026-09-04T01:31:51.000Z,M20-409-2-00781,1472520711,43.41126,4.81367,10533.6,-5.2,11.1,142.5,-41.2,25.0,268.4,0x20,405.003,17.9,-375,-1,2.1,,
2026-09-04T01:31:52.000Z,M20-409-2-00781,1472520712,43.41118,4.81375,10528.7,-4.5,11.4,140.4,-41.2,24.9,268.6,0x20,405.003,16.4,-375,-1,2.1,,
2026-09-04T01:31:54.000Z,M20-409-2-00781,1472520714,43.41102,4.81392,10516.4,-4.8,11.0,143.8,-41.0,24.8,269.1,0x20,405.003,18.1,-375,-1,2.1,,
2026-09-04T01:31:55.000Z,M20-409-2-00781,1472520715,43.41094,4.81400,10511.5,-3.9,11.7,141.5,-41.0,24.7,269.3,0x20,405.003,18.1,-375,-1,2.1,,
2026-09-04T01:31:56.000Z,M20-409-2-00781,1472520716,43.41085,4.81409,10506.1,-4.4,12.1,138.1,-41.0,24.6,269.6,0x20,405.003,4.0,-375,-1,2.1,,
2026-09-04T01:31:57.000Z,M20-409-2-00781,1472520717,43.41076,4.81418,10498.4,-7.9,11.4,151.7,-40.9,24.6,269.8,0x20,405.003,3.9,-375,-1,2.1,,
2026-09-04T01:31:58.000Z,M20-409-2-00781,1472520718,43.41067,4.81426,10491.9,-5.4,12.5,143.3,-40.8,24.5,270.0,0x20,405.003,7.5,-375,-1,2.1,,
2026-09-04T01:31:59.000Z,M20-409-2-00781,1472520719,43.41059,4.81435,10485.7,-5.4,12.0,141.4,-40.8,24.5,270.2,0x20,405.003,12.8,-375,-1,2.1,,
2026-09-04T01:32:01.000Z,M20-409-2-00781,1472520721,43.41041,4.81452,10473.6,-5.8,11.4,144.0,-40.7,24.4,270.7,0x20,405.003,19.3,-375,-1,2.1,,
2026-09-04T01:32:02.000Z,M20-409-2-00781,1472520722,43.41033,4.81461,10468.3,-5.1,12.0,144.3,-40.7,24.4,270.9,0x20,405.003,19.3,-375,-1,2.1,,
2026-09-04T01:32:03.000Z,M20-409-2-00781,1472520723,43.41024,4.81470,10462.6,-5.2,12.2,145.9,-40.6,24.4,271.2,0x20,405.003,16.8,-375,-1,2.1,,
2026-09-04T01:32:04.000Z,M20-409-2-00781,1472520724,43.41015,4.81477,10456.1,-5.9,11.5,146.6,-40.5,24.3,271.4,0x20,405.003,18.5,-375,-1,2.1,,
2026-09-04T01:32:05.000Z,M20-409-2-00781,1472520725,43.41007,4.81486,10451.2,-4.0,12.1,141.5,-40.5,24.3,271.6,0x20,405.003,18.5,-375,-1,2.1,,
2026-09-04T01:32:06.000Z,M20-409-2-00781,1472520726,43.40999,4.81496,10446.4,-4.3,11.6,141.3,-40.5,24.3,271.9,0x20,405.003,17.8,-375,-1,2.1,,
2026-09-04T01:32:07.000Z,M20-409-2-00781,1472520727,43.40991,4.81504,10440.4,-5.5,11.1,146.8,-40.4,24.3,272.1,0x20,405.003,17.8,-375,-1,2.1,,
2026-09-04T01:32:08.000Z,M20-409-2-00781,1472520728,43.40982,4.81513,10434.0,-5.4,12.7,142.7,-40.4,24.2,272.4,0x20,405.003,17.3,-375,-1,2.1,,
2026-09-04T01:32:09.000Z,M20-409-2-00781,1472520729,43.40975,4.81522,10429.5,-4.5,11.7,137.1,-40.4,24.2,272.6,0x20,405.003,4.2,-375,-1,2.1,,
2026-09-04T01:32:11.000Z,M20-409-2-00781,1472520731,43.40958,4.81539,10418.3,-4.6,12.3,143.6,-40.2,24.1,273.0,0x20,405.003,3.9,-375,-1,2.1,,
2026-09-04T01:32:12.000Z,M20-409-2-00781,1472520732,43.40949,4.81547,10412.4,-5.2,12.1,147.3,-40.2,24.0,273.3,0x20,405.003,13.6,-375,-1,2.1,,
2026-09-04T01:32:13.000Z,M20-409-2-00781,1472520733,43.40940,4.81555,10406.4,-5.7,11.2,143.6,-40.1,24.0,273.5,0x20,405.003,14.1,-375,-1,2.1,,
2026-09-04T01:32:14.000Z,M20-409-2-00781,1472520734,43.40932,4.81564,10400.2,-4.9,11.4,142.7,-40.1,23.9,273.7,0x20,405.003,17.4,-375,-1,2.1,,
2026-09-04T01:32:15.000Z,M20-409-2-00781,1472520735,43.40924,4.81572,10394.5,-5.9,11.8,145.6,-40.0,23.8,274.0,0x20,405.003,17.4,-375,-1,2.1,,
2026-09-04T01:32:16.000Z,M20-409-2-00781,1472520736,43.40916,4.81581,10388.4,-5.2,10.6,142.3,-39.9,23.7,274.2,0x20,405.003,19.7,-375,-1,2.1,,
2026-09-04T01:32:17.000Z,M20-409-2-00781,1472520737,43.40908,4.81589,10382.9,-5.2,10.6,142.9,-39.9,23.6,274.4,0x20,405.003,21.6,-375,-1,2.1,,
2026-09-04T01:32:18.000Z,M20-409-2-00781,1472520738,43.40900,4.81598,10378.1,-3.9,11.9,146.9,-39.9,23.6,274.6,0x20,405.003,21.6,-375,-1,2.1,,
2026-09-04T01:32:20.000Z,M20-409-2-00781,1472520740,43.40884,4.81614,10367.1,-5.6,10.7,149.2,-39.7,23.3,275.1,0x20,405.003,20.7,-375,-1,2.1,,
2026-09-04T01:32:21.000Z,M20-409-2-00781,1472520741,43.40876,4.81622,10361.3,-4.7,11.4,143.7,-39.7,23.2,275.4,0x20,405.003,20.7,-375,-1,2.1,,
2026-09-04T01:32:24.000Z,M20-409-2-00781,1472520744,43.40853,4.81647,10344.0,-3.8,11.8,138.5,-39.5,22.9,276.1,0x20,405.003,5.5,-375,-1,2.1,,
2026-09-04T01:32:27.000Z,M20-409-2-00781,1472520747,43.40830,4.81672,10327.6,-4.1,11.5,138.4,-39.4,22.6,276.8,0x20,405.003,19.9,-375,-1,2.1,,
2026-09-04T01:32:30.000Z,M20-409-2-00781,1472520750,43.40807,4.81696,10309.8,-4.0,11.2,141.8,-39.3,22.4,277.4,0x20,405.003,19.9,-375,-1,2.1,,
2026-09-04T01:32:48.000Z,M20-409-2-00781,1472520768,43.40664,4.81847,10203.2,-5.4,11.3,137.0,-38.4,21.2,281.8,0x20,405.003,4.9,-375,-1,2.1,,
2026-09-04T01:32:49.000Z,M20-409-2-00781,1472520769,43.40656,4.81857,10197.0,-4.5,11.2,130.3,-38.3,21.2,282.0,0x20,405.003,4.4,-375,-1,2.1,,
2026-09-04T01:32:52.000Z,M20-409-2-00781,1472520772,43.40633,4.81888,10181.9,-3.9,12.1,136.8,-38.2,20.9,282.7,0x20,405.003,19.2,-375,-1,2.1,,
2026-09-04T01:32:53.000Z,M20-409-2-00781,1472520773,43.40626,4.81898,10175.9,-5.4,11.3,132.7,-38.2,20.9,283.0,0x20,405.003,19.2,-375,-1,2.1,,
2026-09-04T01:32:54.000Z,M20-409-2-00781,1472520774,43.40619,4.81908,10169.9,-5.7,10.6,139.5,-38.1,20.7,283.2,0x20,405.003,20.5,-375,-1,2.1,,
2026-09-04T01:32:55.000Z,M20-409-2-00781,1472520775,43.40612,4.81917,10163.5,-4.5,11.9,133.0,-38.0,20.7,283.4,0x20,405.003,20.5,-375,-1,2.1,,
2026-09-04T01:32:56.000Z,M20-409-2-00781,1472520776,43.40605,4.81928,10158.0,-3.9,11.7,128.5,-38.0,20.5,283.7,0x20,405.003,19.7,-375,-1,2.1,,
2026-09-04T01:32:57.000Z,M20-409-2-00781,1472520777,43.40597,4.81938,10152.4,-5.0,11.4,137.6,-38.0,20.5,283.9,0x20,405.003,18.3,-375,-1,2.1,,
2026-09-04T01:32:58.000Z,M20-409-2-00781,1472520778,43.40590,4.81948,10145.7,-5.8,11.1,132.3,-37.9,20.4,284.2,0x20,405.003,18.4,-375,-1,2.1,,
2026-09-04T01:32:59.000Z,M20-409-2-00781,1472520779,43.40584,4.81958,10139.9,-4.3,10.8,125.4,-37.9,20.3,284.4,0x20,405.003,18.4,-375,-1,2.1,,
2026-09-04T01:33:00.000Z,M20-409-2-00781,1472520780,43.40578,4.81969,10134.3,-5.2,11.0,133.2,-37.8,20.2,284.7,0x20,405.003,14.5,-375,-1,2.1,,
2026-09-04T01:33:01.000Z,M20-409-2-00781,1472520781,43.40571,4.81979,10128.9,-4.0,11.7,127.3,-37.8,20.1,284.9,0x20,405.003,14.5,-375,-1,2.1,,
2026-09-04T01:33:02.000Z,M20-409-2-00781,1472520782,43.40564,4.81991,10123.8,-4.5,11.6,128.1,-37.8,20.0,285.2,0x20,405.003,5.4,-375,-1,2.1,,
2026-09-04T01:33:03.000Z,M20-409-2-00781,1472520783,43.40557,4.82001,10117.9,-4.9,11.5,134.1,-37.7,19.9,285.4,0x20,405.003,10.0,1125,-1,2.1,,
2026-09-04T01:33:04.000Z,M20-409-2-00781,1472520784,43.40550,4.82012,10112.1,-4.4,12.2,127.8,-37.7,19.9,285.7,0x20,405.003,19.8,-375,-1,2.1,,
2026-09-04T01:33:05.000Z,M20-409-2-00781,1472520785,43.40543,4.82024,10106.5,-4.8,11.9,125.6,-37.6,19.8,285.9,0x20,405.003,19.8,-375,-1,2.1,,
2026-09-04T01:33:06.000Z,M20-409-2-00781,1472520786,43.40536,4.82034,10100.0,-6.2,11.7,136.6,-37.6,19.8,286.1,0x20,405.003,20.7,-375,-1,2.1,,
2026-09-04T01:33:07.000Z,M20-409-2-00781,1472520787,43.40529,4.82044,10092.6,-5.8,12.1,131.9,-37.6,19.7,286.4,0x20,405.003,20.7,-375,-1,2.1,,
2026-09-04T01:33:08.000Z,M20-409-2-00781,1472520788,43.40521,4.82055,10085.8,-5.4,11.5,132.0,-37.5,19.7,286.6,0x20,405.003,18.2,-375,-1,2.1,,
2026-09-04T01:33:09.000Z,M20-409-2-00781,1472520789,43.40514,4.82065,10080.3,-5.3,11.0,133.2,-37.5,19.7,286.9,0x20,405.003,19.3,-375,-1,2.1,,
2026-09-04T01:33:10.000Z,M20-409-2-00781,1472520790,43.40508,4.82074,10074.6,-4.1,11.0,129.7,-37.4,19.6,287.1,0x20,405.003,19.3,-375,-1,2.1,,
2026-09-04T01:33:11.000Z,M20-409-2-00781,1472520791,43.40501,4.82085,10067.8,-6.1,11.8,135.1,-37.4,19.7,287.4,0x20,405.003,21.5,-375,-1,2.1,,
2026-09-04T01:33:12.000Z,M20-409-2-00781,1472520792,43.40493,4.82096,10062.0,-4.7,12.3,132.9,-37.4,19.7,287.6,0x20,405.003,21.5,-375,-1,2.1,,
2026-09-04T01:33:13.000Z,M20-409-2-00781,1472520793,43.40486,4.82106,10056.1,-4.8,11.3,128.9,-37.4,19.8,287.9,0x20,405.003,18.4,0,-1,2.1,,
2026-09-04T01:33:14.000Z,M20-409-2-00781,1472520794,43.40479,4.82117,10050.0,-5.8,11.7,135.5,-37.3,19.9,288.1,0x20,405.003,18.4,1125,-1,2.1,,
2026-09-04T01:33:15.000Z,M20-409-2-00781,1472520795,43.40472,4.82127,10043.9,-4.8,11.8,135.2,-37.3,19.9,288.4,0x20,405.003,5.3,-375,-1,2.1,,
2026-09-04T01:33:16.000Z,M20-409-2-00781,1472520796,43.40464,4.82137,10037.5,-5.1,11.6,133.6,-37.2,20.0,288.7,0x20,405.003,7.6,-375,-1,2.1,,
2026-09-04T01:33:17.000Z,M20-409-2-00781,1472520797,43.40457,4.82148,10032.5,-4.2,11.5,135.9,-37.2,20.1,288.9,0x20,405.003,22.1,0,-1,2.1,,
2026-09-04T01:33:18.000Z,M20-409-2-00781,1472520798,43.40450,4.82158,10026.2,-5.1,10.7,132.6,-37.2,20.1,289.2,0x20,405.003,22.1,0,-1,2.1,,
2026-09-04T01:33:19.000Z,M20-409-2-00781,1472520799,43.40443,4.82167,10019.5,-4.9,11.2,133.3,-37.1,20.2,289.4,0x20,405.003,22.9,-375,-1,2.1,,
2026-09-04T01:33:20.000Z,M20-409-2-00781,1472520800,43.40436,4.82178,10013.7,-5.0,11.5,134.6,-37.1,20.2,289.6,0x20,405.003,22.9,0,-1,2.1,,
2026-09-04T01:33:21.000Z,M20-409-2-00781,1472520801,43.40429,4.82188,10007.6,-4.9,11.1,132.8,-37.0,20.2,289.9,0x20,405.003,22.6,0,-1,2.1,,
2026-09-04T01:33:22.000Z,M20-409-2-00781,1472520802,43.40422,4.82198,10001.9,-4.7,12.0,130.9,-37.0,20.3,290.2,0x20,405.003,22.6,-375,-1,2.1,,
2026-09-04T01:33:23.000Z,M20-409-2-00781,1472520803,43.40416,4.82209,9996.5,-4.7,11.1,128.4,-36.9,20.3,290.4,0x20,405.003,20.5,0,-1,2.1,,
2026-09-04T01:33:24.000Z,M20-409-2-00781,1472520804,43.40409,4.82219,9990.9,-4.8,11.0,133.3,-36.8,20.3,290.7,0x20,405.003,21.8,-375,-1,2.1,,
2026-09-04T01:33:25.000Z,M20-409-2-00781,1472520805,43.40402,4.82229,9984.5,-5.0,10.9,130.1,-36.8,20.3,290.9,0x20,405.003,21.8,0,-1,2.1,,
2026-09-04T01:33:26.000Z,M20-409-2-00781,1472520806,43.40396,4.82239,9978.8,-5.7,10.6,135.8,-36.8,20.3,291.2,0x20,405.003,18.5,-375,-1,2.1,,
2026-09-04T01:33:27.000Z,M20-409-2-00781,1472520807,43.40390,4.82249,9973.4,-4.6,11.4,129.0,-36.7,20.4,291.4,0x20,405.003,5.2,-375,-1,2.1,,
2026-09-04T01:33:28.000Z,M20-409-2-00781,1472520808,43.40384,4.82260,9968.0,-5.2,10.6,128.7,-36.7,20.3,291.7,0x20,405.003,4.3,-375,-1,2.1,,
2026-09-04T01:33:29.000Z,M20-409-2-00781,1472520809,43.40378,4.82270,9961.4,-5.8,10.8,131.6,-36.6,20.3,291.9,0x20,405.003,12.7,0,-1,2.1,,
2026-09-04T01:33:30.000Z,M20-409-2-00781,1472520810,43.40372,4.82280,9954.9,-5.9,10.1,124.2,-36.6,20.3,292.2,0x20,405.003,14.1,1125,-1,2.1,,
2026-09-04T01:33:31.000Z,M20-409-2-00781,1472520811,43.40366,4.82291,9948.5,-5.4,11.3,127.7,-36.5,20.3,292.4,0x20,405.003,21.9,-375,-1,2.1,,
2026-09-04T01:33:32.000Z,M20-409-2-00781,1472520812,43.40361,4.82302,9943.1,-4.1,11.0,122.0,-36.4,20.3,292.7,0x20,405.003,21.9,0,-1,2.1,,
2026-09-04T01:33:33.000Z,M20-409-2-00781,1472520813,43.40355,4.82313,9937.6,-4.2,10.5,125.3,-36.4,20.3,292.9,0x20,405.003,20.7,0,-1,2.1,,
2026-09-04T01:33:34.000Z,M20-409-2-00781,1472520814,43.40350,4.82323,9932.5,-3.8,10.7,124.5,-36.3,20.3,293.2,0x20,405.003,20.7,0,-1,2.1,,
2026-09-04T01:33:35.000Z,M20-409-2-00781,1472520815,43.40344,4.82333,9927.0,-5.2,9.8,130.7,-36.3,20.3,293.4,0x20,405.003,21.4,0,-1,2.1,,
2026-09-04T01:33:36.000Z,M20-409-2-00781,1472520816,43.40338,4.82342,9920.7,-3.4,10.2,125.6,-36.2,20.3,293.7,0x20,405.003,21.4,375,-1,2.1,,
2026-09-04T01:33:37.000Z,M20-409-2-00781,1472520817,43.40333,4.82352,9915.8,-5.2,9.8,125.8,-36.2,20.3,293.9,0x20,405.003,21.5,375,-1,2.1,,
2026-09-04T01:33:38.000Z,M20-409-2-00781,1472520818,43.40328,4.82362,9910.1,-5.0,9.9,125.9,-36.2,20.3,294.2,0x20,405.003,21.5,375,-1,2.1,,
2026-09-04T01:33:39.000Z,M20-409-2-00781,1472520819,43.40322,4.82371,9903.1,-5.7,9.8,128.8,-36.1,20.3,294.4,0x20,405.003,16.9,375,-1,2.1,,
2026-09-04T01:33:40.000Z,M20-409-2-00781,1472520820,43.40316,4.82381,9896.9,-5.3,10.5,130.3,-36.1,20.2,294.7,0x20,405.003,6.2,375,-1,2.1,,
2026-09-04T01:33:41.000Z,M20-409-2-00781,1472520821,43.40311,4.82391,9890.6,-5.7,9.4,132.7,-36.0,20.2,294.9,0x20,405.003,4.6,375,-1,2.1,,
2026-09-04T01:33:42.000Z,M20-409-2-00781,1472520822,43.40305,4.82400,9884.4,-4.6,9.9,126.6,-36.0,20.2,295.2,0x20,405.003,6.5,375,-1,2.1,,
2026-09-04T01:33:43.000Z,M20-409-2-00781,1472520823,43.40300,4.82410,9878.6,-5.2,9.2,123.8,-35.9,20.3,295.4,0x20,405.003,12.5,375,-1,2.1,,
2026-09-04T01:33:44.000Z,M20-409-2-00781,1472520824,43.40295,4.82419,9873.3,-5.0,9.7,131.3,-35.9,20.2,295.7,0x20,405.003,17.3,375,-1,2.1,,
2026-09-04T01:33:45.000Z,M20-409-2-00781,1472520825,43.40290,4.82428,9867.7,-4.5,9.0,124.0,-35.8,20.2,295.9,0x20,405.003,17.3,1125,-1,2.1,,
2026-09-04T01:33:46.000Z,M20-409-2-00781,1472520826,43.40286,4.82439,9862.7,-4.1,10.0,124.7,-35.8,20.2,296.2,0x20,405.003,17.5,375,-1,2.1,,
2026-09-04T01:33:47.000Z,M20-409-2-00781,1472520827,43.40281,4.82448,9857.5,-4.4,9.3,123.9,-35.7,20.2,296.4,0x20,405.003,18.8,375,-1,2.1,,
2026-09-04T01:33:48.000Z,M20-409-2-00781,1472520828,43.40276,4.82458,9851.2,-4.7,10.2,124.5,-35.7,20.2,296.7,0x20,405.003,18.8,375,-1,2.1,,
2026-09-04T01:33:49.000Z,M20-409-2-00781,1472520829,43.40271,4.82469,9844.7,-5.5,9.7,121.1,-35.6,20.2,296.9,0x20,405.003,19.2,375,-1,2.1,,
2026-09-04T01:33:50.000Z,M20-409-2-00781,1472520830,43.40266,4.82478,9838.2,-5.3,9.3,126.7,-35.6,20.3,297.2,0x20,405.003,19.2,375,-1,2.1,,
2026-09-04T01:33:51.000Z,M20-409-2-00781,1472520831,43.40261,4.82487,9831.3,-5.3,9.5,118.8,-35.6,20.3,297.4,0x20,405.003,18.5,375,-1,2.1,,
2026-09-04T01:33:52.000Z,M20-409-2-00781,1472520832,43.40256,4.82497,9825.6,-5.3,9.5,129.0,-35.5,20.3,297.7,0x20,405.003,9.9,375,-1,2.1,,
2026-09-04T01:33:53.000Z,M20-409-2-00781,1472520833,43.40252,4.82506,9820.0,-3.9,8.9,120.4,-35.5,20.3,298.0,0x20,405.003,4.4,375,-1,2.1,,
2026-09-04T01:33:54.000Z,M20-409-2-00781,1472520834,43.40247,4.82515,9814.1,-5.1,9.1,123.7,-35.4,20.3,298.2,0x20,405.003,4.4,375,-1,2.1,,
2026-09-04T01:33:55.000Z,M20-409-2-00781,1472520835,43.40242,4.82524,9808.1,-5.4,9.3,121.0,-35.4,20.4,298.4,0x20,405.003,10.1,375,-1,2.1,,
2026-09-04T01:33:56.000Z,M20-409-2-00781,1472520836,43.40238,4.82534,9802.0,-5.3,8.7,127.8,-35.3,20.4,298.7,0x20,405.003,15.9,375,-1,2.1,,
2026-09-04T01:33:57.000Z,M20-409-2-00781,1472520837,43.40233,4.82543,9796.4,-5.0,9.3,121.5,-35.3,20.4,299.0,0x20,405.003,15.9,375,-1,2.1,,
2026-09-04T01:33:58.000Z,M20-409-2-00781,1472520838,43.40228,4.82552,9789.9,-6.0,9.0,130.7,-35.2,20.4,299.2,0x20,405.003,21.9,375,-1,2.1,,
2026-09-04T01:33:59.000Z,M20-409-2-00781,1472520839,43.40223,4.82560,9784.3,-3.7,8.5,122.9,-35.2,20.4,299.5,0x20,405.003,21.9,375,-1,2.1,,
2026-09-04T01:34:00.000Z,M20-409-2-00781,1472520840,43.40219,4.82569,9779.0,-5.5,8.8,127.7,-35.1,20.4,299.7,0x20,405.003,21.2,375,-1,2.1,,
2026-09-04T01:34:01.000Z,M20-409-2-00781,1472520841,43.40214,4.82578,9772.7,-4.7,9.0,122.9,-35.0,20.3,300.0,0x20,405.003,21.2,375,-1,2.1,,
2026-09-04T01:34:02.000Z,M20-409-2-00781,1472520842,43.40209,4.82587,9765.9,-5.5,8.6,130.1,-35.0,20.4,300.2,0x20,405.003,19.6,375,-1,2.1,,
2026-09-04T01:34:03.000Z,M20-409-2-00781,1472520843,43.40205,4.82596,9760.6,-4.5,9.1,123.4,-34.9,20.3,300.5,0x20,405.003,19.6,375,-1,2.1,,
2026-09-04T01:34:04.000Z,M20-409-2-00781,1472520844,43.40200,4.82605,9754.9,-5.2,8.6,127.7,-34.9,20.3,300.8,0x20,405.003,19.5,375,-1,2.1,,
2026-09-04T01:34:05.000Z,M20-409-2-00781,1472520845,43.40196,4.82613,9748.9,-4.2,8.3,122.9,-34.8,20.3,301.0,0x20,405.003,19.5,375,-1,2.1,,
2026-09-04T01:34:06.000Z,M20-409-2-00781,1472520846,43.40191,4.82623,9743.1,-5.3,9.0,123.2,-34.8,20.3,301.3,0x20,405.003,4.6,375,-1,2.1,,
2026-09-04T01:34:07.000Z,M20-409-2-00781,1472520847,43.40187,4.82633,9737.7,-4.0,9.1,119.1,-34.8,20.3,301.5,0x20,405.003,4.8,375,-1,2.1,,
2026-09-04T01:34:08.000Z,M20-409-2-00781,1472520848,43.40183,4.82642,9731.3,-6.0,8.7,128.8,-34.7,20.2,301.8,0x20,405.003,7.2,375,-1,2.1,,
2026-09-04T01:34:09.000Z,M20-409-2-00781,1472520849,43.40179,4.82652,9725.0,-4.8,9.1,119.6,-34.6,20.2,302.0,0x20,405.003,12.5,375,-1,2.1,,
2026-09-04T01:34:10.000Z,M20-409-2-00781,1472520850,43.40174,4.82661,9718.1,-6.1,8.6,126.0,-34.6,20.2,302.3,0x20,405.003,19.2,375,-1,2.1,,
2026-09-04T01:34:11.000Z,M20-409-2-00781,1472520851,43.40170,4.82670,9712.7,-4.0,8.9,121.2,-34.6,20.2,302.5,0x20,405.003,19.2,375,-1,2.1,,
2026-09-04T01:34:12.000Z,M20-409-2-00781,1472520852,43.40165,4.82679,9706.3,-6.1,8.9,123.8,-34.5,20.1,302.8,0x20,405.003,19.3,375,-1,2.1,,
2026-09-04T01:34:13.000Z,M20-409-2-00781,1472520853,43.40161,4.82690,9699.6,-4.2,9.8,116.3,-34.5,20.1,303.1,0x20,405.003,19.8,375,-1,2.1,,
2026-09-04T01:34:14.000Z,M20-409-2-00781,1472520854,43.40158,4.82700,9694.3,-5.0,9.0,122.7,-34.4,20.1,303.3,0x20,405.003,19.8,375,-1,2.1,,
2026-09-04T01:34:15.000Z,M20-409-2-00781,1472520855,43.40154,4.82709,9688.5,-5.2,8.6,120.3,-34.4,20.1,303.6,0x20,405.003,21.4,375,-1,2.1,,
2026-09-04T01:34:16.000Z,M20-409-2-00781,1472520856,43.40150,4.82719,9683.3,-4.1,9.4,123.9,-34.3,20.1,303.8,0x20,405.003,21.4,375,-1,2.1,,
2026-09-04T01:34:17.000Z,M20-409-2-00781,1472520857,43.40145,4.82728,9677.4,-5.2,8.4,120.2,-34.3,20.1,304.1,0x20,405.003,20.8,375,-1,2.1,,
2026-09-04T01:34:18.000Z,M20-409-2-00781,1472520858,43.40142,4.82738,9671.9,-4.5,9.6,115.5,-34.3,20.1,304.4,0x20,405.003,20.8,375,-1,2.1,,
2026-09-04T01:34:19.000Z,M20-409-2-00781,1472520859,43.40138,4.82747,9665.2,-5.3,8.5,121.0,-34.2,20.2,304.6,0x20,405.003,4.9,375,-1,2.1,,
2026-09-04T01:34:20.000Z,M20-409-2-00781,1472520860,43.40134,4.82757,9659.6,-4.6,9.3,115.8,-34.2,20.3,304.9,0x20,405.003,4.6,375,-1,2.1,,
2026-09-04T01:34:21.000Z,M20-409-2-00781,1472520861,43.40130,4.82767,9653.6,-5.1,9.6,119.9,-34.1,20.3,305.1,0x20,405.003,11.4,375,-1,2.1,,
2026-09-04T01:34:22.000Z,M20-409-2-00781,1472520862,43.40126,4.82778,9648.0,-4.1,8.7,114.3,-34.1,20.4,305.4,0x20,405.003,13.1,375,-1,2.1,,
2026-09-04T01:34:23.000Z,M20-409-2-00781,1472520863,43.40123,4.82788,9642.4,-5.0,9.4,115.9,-34.0,20.4,305.6,0x20,405.003,15.5,375,-1,2.1,,
2026-09-04T01:34:24.000Z,M20-409-2-00781,1472520864,43.40119,4.82798,9636.0,-5.0,9.0,117.2,-34.0,20.4,305.9,0x20,405.003,20.7,375,-1,2.1,,
2026-09-04T01:34:25.000Z,M20-409-2-00781,1472520865,43.40116,4.82809,9630.8,-3.3,9.8,108.4,-33.9,20.4,306.2,0x20,405.003,20.7,375,-1,2.1,,
2026-09-04T01:34:26.000Z,M20-409-2-00781,1472520866,43.40112,4.82819,9624.5,-5.9,9.3,119.0,-33.9,20.4,306.4,0x20,405.003,18.2,375,-1,2.1,,
2026-09-04T01:34:27.000Z,M20-409-2-00781,1472520867,43.40108,4.82830,9618.8,-4.3,9.3,115.8,-33.8,20.5,306.7,0x20,405.003,21.1,375,-1,2.1,,
2026-09-04T01:34:28.000Z,M20-409-2-00781,1472520868,43.40104,4.82839,9612.2,-5.0,9.8,117.9,-33.8,20.4,306.9,0x20,405.003,21.1,375,-1,2.1,,
2026-09-04T01:34:29.000Z,M20-409-2-00781,1472520869,43.40100,4.82849,9606.0,-6.0,8.9,119.7,-33.7,20.4,307.2,0x20,405.003,21.4,375,-1,2.1,,
2026-09-04T01:34:30.000Z,M20-409-2-00781,1472520870,43.40097,4.82859,9599.9,-4.8,8.8,112.0,-33.7,20.4,307.4,0x20,405.003,21.4,375,-1,2.1,,
2026-09-04T01:34:31.000Z,M20-409-2-00781,1472520871,43.40093,4.82869,9593.8,-5.3,9.1,119.6,-33.7,20.4,307.7,0x20,405.003,19.0,375,-1,2.1,,
2026-09-04T01:34:32.000Z,M20-409-2-00781,1472520872,43.40089,4.82879,9587.5,-5.8,9.2,114.9,-33.6,20.4,308.0,0x20,405.003,19.0,1125,-1,2.1,,
2026-09-04T01:34:33.000Z,M20-409-2-00781,1472520873,43.40086,4.82889,9581.1,-5.0,9.1,117.4,-33.6,20.4,308.2,0x20,405.003,5.4,375,-1,2.1,,
2026-09-04T01:34:34.000Z,M20-409-2-00781,1472520874,43.40082,4.82899,9574.9,-5.9,9.0,112.7,-33.5,20.4,308.5,0x20,405.003,5.4,375,-1,2.1,,
2026-09-04T01:34:35.000Z,M20-409-2-00781,1472520875,43.40079,4.82909,9569.5,-3.7,9.8,118.9,-33.5,20.5,308.8,0x20,405.003,17.4,375,-1,2.1,,
2026-09-04T01:34:36.000Z,M20-409-2-00781,1472520876,43.40075,4.82920,9564.4,-5.0,8.9,115.5,-33.4,20.5,309.0,0x20,405.003,20.4,375,-1,2.1,,
2026-09-04T01:34:37.000Z,M20-409-2-00781,1472520877,43.40071,4.82930,9558.1,-5.8,10.2,119.1,-33.4,20.6,309.3,0x20,405.003,20.4,375,-1,2.1,,
2026-09-04T01:34:38.000Z,M20-409-2-00781,1472520878,43.40066,4.82940,9553.0,-4.1,10.1,120.6,-33.3,20.6,309.5,0x20,405.003,23.2,375,-1,2.1,,
2026-09-04T01:34:39.000Z,M20-409-2-00781,1472520879,43.40062,4.82949,9547.3,-4.7,7.8,117.3,-33.3,20.7,309.8,0x20,405.003,23.2,375,-1,2.1,,
2026-09-04T01:34:40.000Z,M20-409-2-00781,1472520880,43.40059,4.82959,9541.3,-5.2,9.1,119.8,-33.2,20.7,310.0,0x20,405.003,21.3,375,-1,2.1,,
2026-09-04T01:34:41.000Z,M20-409-2-00781,1472520881,43.40055,4.82968,9535.4,-4.4,9.2,119.5,-33.2,20.8,310.3,0x20,405.003,21.3,375,-1,2.1,,
2026-09-04T01:34:42.000Z,M20-409-2-00781,1472520882,43.40050,4.82977,9529.8,-5.4,8.4,123.2,-33.2,20.9,310.6,0x20,405.003,22.8,375,-1,2.1,,
2026-09-04T01:34:43.000Z,M20-409-2-00781,1472520883,43.40046,4.82986,9523.9,-4.8,9.6,121.8,-33.1,21.0,310.8,0x20,405.003,22.8,375,-1,2.1,,
2026-09-04T01:34:44.000Z,M20-409-2-00781,1472520884,43.40041,4.82996,9517.9,-5.4,9.4,126.7,-33.1,21.2,311.1,0x20,405.003,22.8,375,-1,2.1,,
2026-09-04T01:34:45.000Z,M20-409-2-00781,1472520885,43.40036,4.83006,9512.0,-4.4,9.9,123.3,-33.0,21.3,311.4,0x20,405.003,5.5,375,-1,2.1,,
2026-09-04T01:34:46.000Z,M20-409-2-00781,1472520886,43.40032,4.83016,9506.1,-5.0,9.6,127.0,-33.0,21.4,311.6,0x20,405.003,5.7,375,-1,2.1,,
2026-09-04T01:34:47.000Z,M20-409-2-00781,1472520887,43.40027,4.83026,9500.9,-4.1,9.9,126.1,-32.9,21.6,311.9,0x20,405.003,5.9,375,-1,2.1,,
2026-09-04T01:34:48.000Z,M20-409-2-00781,1472520888,43.40022,4.83036,9495.1,-4.9,9.5,122.3,-32.9,21.7,312.2,0x20,405.003,18.4,375,-1,2.1,,
2026-09-04T01:34:49.000Z,M20-409-2-00781,1472520889,43.40017,4.83045,9489.2,-5.0,10.1,131.0,-32.9,21.9,312.4,0x20,405.003,20.0,375,-1,2.1,,
2026-09-04T01:34:50.000Z,M20-409-2-00781,1472520890,43.40011,4.83055,9482.8,-4.2,9.5,126.2,-32.8,22.1,312.7,0x20,405.003,20.6,375,-1,2.1,,
2026-09-04T01:34:51.000Z,M20-409-2-00781,1472520891,43.40006,4.83064,9476.3,-5.3,10.1,133.6,-32.8,22.2,312.9,0x20,405.003,20.9,375,-1,2.1,,
2026-09-04T01:34:52.000Z,M20-409-2-00781,1472520892,43.40000,4.83073,9470.2,-4.5,9.8,130.7,-32.8,22.4,313.2,0x20,405.003,23.8,375,-1,2.1,,
2026-09-04T01:34:53.000Z,M20-409-2-00781,1472520893,43.39994,4.83082,9464.3,-5.4,9.9,128.0,-32.7,22.6,313.5,0x20,405.003,23.8,375,-1,2.1,,
2026-09-04T01:34:54.000Z,M20-409-2-00781,1472520894,43.39989,4.83092,9458.2,-5.5,9.8,124.5,-32.7,22.8,313.7,0x20,405.003,25.0,375,-1,2.1,,
2026-09-04T01:34:55.000Z,M20-409-2-00781,1472520895,43.39984,4.83102,9451.1,-6.4,10.1,131.8,-32.6,22.9,314.0,0x20,405.003,25.0,375,-1,2.1,,
2026-09-04T01:34:56.000Z,M20-409-2-00781,1472520896,43.39978,4.83111,9444.7,-4.8,10.6,126.3,-32.6,23.1,314.3,0x20,405.003,21.6,375,-1,2.1,,
2026-09-04T01:34:57.000Z,M20-409-2-00781,1472520897,43.39972,4.83121,9439.4,-4.8,10.8,131.2,-32.5,23.3,314.5,0x20,405.003,21.6,1125,-1,2.1,,
2026-09-04T01:34:58.000Z,M20-409-2-00781,1472520898,43.39966,4.83131,9434.3,-4.0,10.0,128.0,-32.5,23.5,314.8,0x20,405.003,21.6,375,-1,2.1,,
2026-09-04T01:34:59.000Z,M20-409-2-00781,1472520899,43.39961,4.83141,9430.1,-4.1,10.2,125.8,-32.5,23.7,315.1,0x20,405.003,5.5,375,-1,2.1,,
2026-09-04T01:35:00.000Z,M20-409-2-00781,1472520900,43.39954,4.83151,9424.0,-4.9,11.4,134.1,-32.4,23.8,315.3,0x20,405.003,5.7,375,-1,2.1,,
2026-09-04T01:35:01.000Z,M20-409-2-00781,1472520901,43.39947,4.83161,9417.3,-5.9,10.6,133.5,-32.4,24.0,315.6,0x20,405.003,18.3,375,-1,2.1,,
2026-09-04T01:35:02.000Z,M20-409-2-00781,1472520902,43.39940,4.83170,9410.2,-6.2,10.8,135.9,-32.3,24.1,315.9,0x20,405.003,22.4,375,-1,2.1,,
2026-09-04T01:35:03.000Z,M20-409-2-00781,1472520903,43.39934,4.83179,9404.9,-3.7,10.2,134.2,-32.3,24.3,316.1,0x20,405.003,22.4,375,-1,2.1,,
2026-09-04T01:35:04.000Z,M20-409-2-00781,1472520904,43.39927,4.83188,9399.8,-4.4,10.7,134.6,-32.2,24.4,316.4,0x20,405.003,20.8,375,-1,2.1,,
2026-09-04T01:35:05.000Z,M20-409-2-00781,1472520905,43.39920,4.83197,9393.9,-5.1,10.9,137.3,-32.2,24.6,316.7,0x20,405.003,20.8,375,-1,2.1,,
2026-09-04T01:35:06.000Z,M20-409-2-00781,1472520906,43.39914,4.83206,9387.3,-6.0,9.9,132.8,-32.2,24.8,316.9,0x20,405.003,20.0,375,-1,2.1,,
2026-09-04T01:35:07.000Z,M20-409-2-00781,1472520907,43.39907,4.83216,9380.9,-5.6,11.7,135.2,-32.1,24.9,317.2,0x20,405.003,23.2,375,-1,2.1,,
2026-09-04T01:35:08.000Z,M20-409-2-00781,1472520908,43.39899,4.83225,9374.4,-4.8,11.8,137.1,-32.1,25.0,317.5,0x20,405.003,23.2,375,-1,2.1,,
2026-09-04T01:35:09.000Z,M20-409-2-00781,1472520909,43.39893,4.83235,9368.6,-5.2,10.1,132.0,-32.0,25.1,317.8,0x20,405.003,20.7,375,-1,2.1,,
2026-09-04T01:35:10.000Z,M20-409-2-00781,1472520910,43.39887,4.83244,9362.6,-5.2,10.7,135.2,-32.0,25.2,318.0,0x20,405.003,20.7,375,-1,2.1,,
2026-09-04T01:35:11.000Z,M20-409-2-00781,1472520911,43.39880,4.83253,9356.5,-5.2,11.0,138.3,-31.9,25.3,318.3,0x20,405.003,6.0,375,-1,2.1,,
2026-09-04T01:35:12.000Z,M20-409-2-00781,1472520912,43.39873,4.83263,9350.6,-4.7,11.0,132.3,-31.8,25.3,318.6,0x20,405.003,5.2,375,-1,2.1,,
2026-09-04T01:35:13.000Z,M20-409-2-00781,1472520913,43.39866,4.83272,9344.8,-5.7,10.9,138.6,-31.8,25.4,318.8,0x20,405.003,5.3,1125,-1,2.1,,
2026-09-04T01:35:14.000Z,M20-409-2-00781,1472520914,43.39858,4.83281,9338.9,-5.0,11.4,139.1,-31.8,25.4,319.1,0x20,405.003,21.3,375,-1,2.1,,
2026-09-04T01:35:15.000Z,M20-409-2-00781,1472520915,43.39851,4.83290,9333.4,-3.8,10.8,131.5,-31.7,25.5,319.4,0x20,405.003,21.3,375,-1,2.1,,
2026-09-04T01:35:16.000Z,M20-409-2-00781,1472520916,43.39845,4.83300,9328.1,-4.2,10.9,134.4,-31.6,25.5,319.7,0x20,405.003,22.2,375,-1,2.1,,
2026-09-04T01:35:17.000Z,M20-409-2-00781,1472520917,43.39838,4.83310,9321.4,-5.5,11.1,134.1,-31.6,25.5,319.9,0x20,405.003,22.3,375,-1,2.1,,
2026-09-04T01:35:18.000Z,M20-409-2-00781,1472520918,43.39831,4.83320,9315.2,-4.9,10.8,128.5,-31.5,25.5,320.2,0x20,405.003,22.3,375,-1,2.1,,
2026-09-04T01:35:19.000Z,M20-409-2-00781,1472520919,43.39825,4.83330,9309.3,-5.5,10.7,135.7,-31.5,25.4,320.5,0x20,405.003,20.5,375,-1,2.1,,
2026-09-04T01:35:20.000Z,M20-409-2-00781,1472520920,43.39818,4.83339,9302.7,-5.3,11.0,133.2,-31.4,25.4,320.7,0x20,405.003,23.9,375,-1,2.1,,
2026-09-04T01:35:21.000Z,M20-409-2-00781,1472520921,43.39811,4.83348,9295.9,-4.7,10.7,137.3,-31.4,25.4,321.0,0x20,405.003,23.9,375,-1,2.1,,
2026-09-04T01:35:22.000Z,M20-409-2-00781,1472520922,43.39804,4.83358,9289.6,-4.9,10.7,133.6,-31.3,25.3,321.3,0x20,405.003,22.8,375,-1,2.1,,
2026-09-04T01:35:23.000Z,M20-409-2-00781,1472520923,43.39797,4.83367,9282.5,-6.9,10.4,140.6,-31.3,25.2,321.5,0x20,405.003,22.8,375,-1,2.1,,
2026-09-04T01:35:24.000Z,M20-409-2-00781,1472520924,43.39790,4.83377,9276.6,-4.2,11.7,135.8,-31.2,25.1,321.8,0x20,405.003,7.2,375,-1,2.1,,
2026-09-04T01:35:25.000Z,M20-409-2-00781,1472520925,43.39784,4.83387,9271.3,-5.0,10.3,132.2,-31.2,25.1,322.1,0x20,405.003,5.5,375,-1,2.1,,
2026-09-04T01:35:26.000Z,M20-409-2-00781,1472520926,43.39777,4.83397,9265.8,-4.7,10.8,133.9,-31.1,25.0,322.4,0x20,405.003,11.4,375,-1,2.1,,
2026-09-04T01:35:27.000Z,M20-409-2-00781,1472520927,43.39771,4.83408,9260.2,-3.6,11.8,130.7,-31.1,24.9,322.6,0x20,405.003,21.9,375,-1,2.1,,
2026-09-04T01:35:28.000Z,M20-409-2-00781,1472520928,43.39764,4.83418,9255.1,-3.7,10.2,130.9,-31.0,24.8,322.9,0x20,405.003,21.9,375,-1,2.1,,
2026-09-04T01:35:29.000Z,M20-409-2-00781,1472520929,43.39758,4.83427,9249.6,-4.8,10.6,129.0,-31.0,24.8,323.2,0x20,405.003,22.8,375,-1,2.1,,
2026-09-04T01:35:30.000Z,M20-409-2-00781,1472520930,43.39752,4.83437,9243.3,-5.7,11.1,132.1,-30.9,24.7,323.4,0x20,405.003,24.3,375,-1,2.1,,
2026-09-04T01:35:31.000Z,M20-409-2-00781,1472520931,43.39745,4.83448,9237.1,-4.5,10.8,127.6,-30.9,24.6,323.7,0x20,405.003,24.3,375,-1,2.1,,
2026-09-04T01:35:32.000Z,M20-409-2-00781,1472520932,43.39739,4.83458,9231.2,-5.2,10.8,132.3,-30.9,24.6,324.0,0x20,405.003,24.3,375,-1,2.1,,
2026-09-04T01:35:33.000Z,M20-409-2-00781,1472520933,43.39733,4.83467,9224.7,-5.7,10.4,131.8,-30.8,24.6,324.3,0x20,405.003,24.3,375,-1,2.1,,
2026-09-04T01:35:34.000Z,M20-409-2-00781,1472520934,43.39727,4.83477,9219.8,-4.2,10.2,127.0,-30.8,24.6,324.5,0x20,405.003,21.5,375,-1,2.1,,
2026-09-04T01:35:35.000Z,M20-409-2-00781,1472520935,43.39721,4.83488,9213.2,-5.6,10.9,124.7,-30.8,24.6,324.8,0x20,405.003,22.2,375,-1,2.1,,
2026-09-04T01:35:36.000Z,M20-409-2-00781,1472520936,43.39715,4.83498,9207.6,-4.5,10.3,129.0,-30.7,24.6,325.1,0x20,405.003,22.2,375,-1,2.1,,
2026-09-04T01:35:37.000Z,M20-409-2-00781,1472520937,43.39708,4.83508,9202.0,-4.4,11.6,131.1,-30.7,24.6,325.3,0x20,405.003,7.6,375,-1,2.1,,
2026-09-04T01:35:38.000Z,M20-409-2-00781,1472520938,43.39702,4.83518,9196.3,-4.8,11.0,128.5,-30.6,24.5,325.6,0x20,405.003,6.1,375,-1,2.1,,
2026-09-04T01:35:39.000Z,M20-409-2-00781,1472520939,43.39696,4.83529,9191.2,-3.5,10.8,128.8,-30.6,24.5,325.8,0x20,405.003,8.8,375,-1,2.1,,
2026-09-04T01:35:40.000Z,M20-409-2-00781,1472520940,43.39690,4.83540,9186.2,-4.9,11.3,125.9,-30.5,24.4,326.1,0x20,405.003,21.4,375,-1,2.1,,
2026-09-04T01:35:41.000Z,M20-409-2-00781,1472520941,43.39683,4.83550,9179.8,-4.8,10.3,131.9,-30.5,24.4,326.4,0x20,405.003,21.4,375,-1,2.1,,
2026-09-04T01:35:42.000Z,M20-409-2-00781,1472520942,43.39677,4.83559,9173.3,-4.9,10.7,126.0,-30.4,24.3,326.7,0x20,405.003,18.9,375,-1,2.1,,
2026-09-04T01:35:43.000Z,M20-409-2-00781,1472520943,43.39671,4.83570,9167.6,-4.9,11.2,132.5,-30.4,24.2,326.9,0x20,405.003,18.9,750,-1,2.1,,
2026-09-04T01:35:44.000Z,M20-409-2-00781,1472520944,43.39665,4.83580,9162.0,-4.2,11.2,129.3,-30.3,24.2,327.2,0x20,405.003,22.8,375,-1,2.1,,
2026-09-04T01:35:45.000Z,M20-409-2-00781,1472520945,43.39659,4.83590,9156.1,-4.9,11.1,127.3,-30.2,24.1,327.5,0x20,405.003,22.8,375,-1,2.1,,
2026-09-04T01:35:46.000Z,M20-409-2-00781,1472520946,43.39653,4.83600,9150.1,-4.8,10.6,128.3,-30.2,24.0,327.8,0x20,405.003,24.1,375,-1,2.1,,
2026-09-04T01:35:47.000Z,M20-409-2-00781,1472520947,43.39647,4.83611,9144.7,-4.8,11.0,129.6,-30.2,23.9,328.0,0x20,405.003,24.1,375,-1,2.1,,
2026-09-04T01:35:48.000Z,M20-409-2-00781,1472520948,43.39641,4.83621,9138.8,-5.2,10.8,124.9,-30.1,23.8,328.3,0x20,405.003,20.2,375,-1,2.1,,
2026-09-04T01:35:49.000Z,M20-409-2-00781,1472520949,43.39636,4.83631,9133.2,-4.2,10.4,126.5,-30.0,23.7,328.6,0x20,405.003,18.4,375,-1,2.1,,
2026-09-04T01:35:50.000Z,M20-409-2-00781,1472520950,43.39630,4.83642,9127.5,-5.4,10.5,128.1,-30.0,23.6,328.8,0x20,405.003,5.0,375,-1,2.1,,
2026-09-04T01:35:51.000Z,M20-409-2-00781,1472520951,43.39625,4.83652,9120.9,-4.3,10.3,124.8,-29.9,23.5,329.1,0x20,405.003,5.0,375,-1,2.1,,
2026-09-04T01:35:52.000Z,M20-409-2-00781,1472520952,43.39619,4.83663,9115.9,-4.7,11.1,126.8,-29.9,23.4,329.4,0x20,405.003,5.5,375,-1,2.1,,
2026-09-04T01:35:53.000Z,M20-409-2-00781,1472520953,43.39614,4.83673,9110.0,-4.7,10.7,126.5,-29.8,23.3,329.6,0x20,405.003,20.3,375,-1,2.1,,
2026-09-04T01:35:54.000Z,M20-409-2-00781,1472520954,43.39608,4.83684,9104.9,-3.7,10.5,127.0,-29.8,23.2,329.9,0x20,405.003,21.2,375,-1,2.1,,
2026-09-04T01:35:55.000Z,M20-409-2-00781,1472520955,43.39602,4.83693,9098.8,-5.2,10.2,126.9,-29.7,23.2,330.2,0x20,405.003,21.2,375,-1,2.1,,
2026-09-04T01:35:56.000Z,M20-409-2-00781,1472520956,43.39597,4.83703,9092.7,-4.9,9.9,125.6,-29.7,23.1,330.5,0x20,405.003,21.2,375,-1,2.1,,
2026-09-04T01:35:57.000Z,M20-409-2-00781,1472520957,43.39592,4.83713,9086.5,-4.8,10.4,128.0,-29.6,23.0,330.7,0x20,405.003,22.2,375,-1,2.1,,
2026-09-04T01:35:58.000Z,M20-409-2-00781,1472520958,43.39587,4.83723,9080.5,-4.8,9.8,124.4,-29.6,22.9,331.0,0x20,405.003,22.2,375,-1,2.1,,
2026-09-04T01:35:59.000Z,M20-409-2-00781,1472520959,43.39581,4.83732,9074.8,-4.6,10.1,126.0,-29.5,22.8,331.3,0x20,405.003,22.2,750,-1,2.1,,
2026-09-04T01:36:00.000Z,M20-409-2-00781,1472520960,43.39575,4.83743,9068.9,-4.3,12.2,128.4,-29.5,22.8,331.5,0x20,405.003,19.9,375,-1,2.1,,
2026-09-04T01:36:01.000Z,M20-409-2-00781,1472520961,43.39569,4.83754,9063.5,-4.7,10.5,126.5,-29.4,22.7,331.8,0x20,405.003,19.9,375,-1,2.1,,
2026-09-04T01:36:02.000Z,M20-409-2-00781,1472520962,43.39563,4.83764,9057.0,-5.8,10.1,123.9,-29.4,22.6,332.1,0x20,405.003,16.8,375,-1,2.1,,
2026-09-04T01:36:03.000Z,M20-409-2-00781,1472520963,43.39558,4.83774,9050.2,-5.0,10.0,128.4,-29.3,22.5,332.4,0x20,405.003,6.9,375,-1,2.1,,
2026-09-04T01:36:04.000Z,M20-409-2-00781,1472520964,43.39552,4.83784,9043.4,-6.8,11.8,128.2,-29.3,22.5,332.6,0x20,405.003,5.5,375,-1,2.1,,
2026-09-04T01:36:05.000Z,M20-409-2-00781,1472520965,43.39546,4.83795,9036.8,-5.0,10.3,126.8,-29.2,22.4,332.9,0x20,405.003,12.8,375,-1,2.1,,
2026-09-04T01:36:06.000Z,M20-409-2-00781,1472520966,43.39541,4.83804,9030.8,-5.0,10.0,131.8,-29.2,22.3,333.2,0x20,405.003,19.3,375,-1,2.1,,
2026-09-04T01:36:07.000Z,M20-409-2-00781,1472520967,43.39535,4.83814,9025.3,-4.6,10.7,126.8,-29.1,22.3,333.4,0x20,405.003,21.5,375,-1,2.1,,
2026-09-04T01:36:08.000Z,M20-409-2-00781,1472520968,43.39530,4.83824,9019.7,-5.2,10.4,125.1,-29.0,22.3,333.7,0x20,405.003,21.5,375,-1,2.1,,
2026-09-04T01:36:09.000Z,M20-409-2-00781,1472520969,43.39525,4.83834,9014.5,-4.6,10.3,127.9,-29.0,22.2,334.0,0x20,405.003,21.9,375,-1,2.1,,
2026-09-04T01:36:10.000Z,M20-409-2-00781,1472520970,43.39519,4.83844,9008.2,-5.7,10.4,129.5,-29.0,22.2,334.3,0x20,405.003,23.6,375,-1,2.1,,
2026-09-04T01:36:11.000Z,M20-409-2-00781,1472520971,43.39513,4.83854,9002.6,-4.3,10.1,124.8,-28.9,22.2,334.6,0x20,405.003,23.6,375,-1,2.1,,
2026-09-04T01:36:12.000Z,M20-409-2-00781,1472520972,43.39508,4.83864,8997.3,-4.7,10.2,125.6,-28.8,22.2,334.8,0x20,405.003,21.0,375,-1,2.1,,
2026-09-04T01:36:13.000Z,M20-409-2-00781,1472520973,43.39502,4.83874,8990.5,-5.5,10.3,128.8,-28.8,22.1,335.1,0x20,405.003,21.4,375,-1,2.1,,
2026-09-04T01:36:14.000Z,M20-409-2-00781,1472520974,43.39496,4.83884,8984.3,-5.1,11.4,127.0,-28.8,22.1,335.4,0x20,405.003,21.4,375,-1,2.1,,
2026-09-04T01:36:15.000Z,M20-409-2-00781,1472520975,43.39490,4.83895,8979.2,-4.6,11.3,125.5,-28.7,22.1,335.6,0x20,405.003,21.4,1125,-1,2.1,,
2026-09-04T01:36:16.000Z,M20-409-2-00781,1472520976,43.39484,4.83905,8974.2,-4.3,10.7,131.6,-28.6,22.0,335.9,0x20,405.003,5.3,375,-1,2.1,,
2026-09-04T01:36:17.000Z,M20-409-2-00781,1472520977,43.39479,4.83916,8968.4,-5.1,11.2,126.6,-28.6,22.0,336.2,0x20,405.003,4.9,375,-1,2.1,,
2026-09-04T01:36:18.000Z,M20-409-2-00781,1472520978,43.39473,4.83926,8962.1,-4.6,10.4,127.4,-28.5,21.9,336.5,0x20,405.003,13.9,375,-1,2.1,,
2026-09-04T01:36:19.000Z,M20-409-2-00781,1472520979,43.39467,4.83937,8956.2,-4.0,10.2,129.2,-28.5,21.8,336.7,0x20,405.003,16.1,1125,-1,2.1,,
2026-09-04T01:36:20.000Z,M20-409-2-00781,1472520980,43.39461,4.83947,8949.5,-6.2,10.5,130.2,-28.4,21.7,337.0,0x20,405.003,22.5,375,-1,2.1,,
2026-09-04T01:36:21.000Z,M20-409-2-00781,1472520981,43.39455,4.83956,8943.2,-5.3,10.3,132.4,-28.4,21.6,337.3,0x20,405.003,22.5,375,-1,2.1,,
2026-09-04T01:36:22.000Z,M20-409-2-00781,1472520982,43.39450,4.83966,8937.7,-4.6,10.2,128.0,-28.3,21.5,337.6,0x20,405.003,18.7,375,-1,2.1,,
2026-09-04T01:36:23.000Z,M20-409-2-00781,1472520983,43.39444,4.83977,8932.0,-5.7,10.3,128.6,-28.3,21.4,337.8,0x20,405.003,20.8,375,-1,2.1,,
2026-09-04T01:36:24.000Z,M20-409-2-00781,1472520984,43.39439,4.83988,8925.4,-4.7,10.9,123.8,-28.2,21.3,338.1,0x20,405.003,21.7,375,-1,2.1,,
2026-09-04T01:36:25.000Z,M20-409-2-00781,1472520985,43.39434,4.83999,8919.4,-5.5,10.8,122.6,-28.2,21.2,338.4,0x20,405.003,21.7,375,-1,2.1,,
2026-09-04T01:36:26.000Z,M20-409-2-00781,1472520986,43.39429,4.84010,8913.6,-6.3,10.1,129.6,-28.2,21.1,338.6,0x20,405.003,23.6,375,-1,2.1,,
2026-09-04T01:36:27.000Z,M20-409-2-00781,1472520987,43.39423,4.84021,8907.2,-4.9,11.4,122.5,-28.1,20.9,338.9,0x20,405.003,23.6,375,-1,2.1,,
2026-09-04T01:36:28.000Z,M20-409-2-00781,1472520988,43.39417,4.84032,8902.0,-4.7,10.4,124.5,-28.0,20.9,339.2,0x20,405.003,11.7,375,-1,2.1,,
2026-09-04T01:36:29.000Z,M20-409-2-00781,1472520989,43.39413,4.84042,8897.5,-4.2,10.4,123.3,-28.0,20.8,339.5,0x20,405.003,6.1,1125,-1,2.1,,
2026-09-04T01:36:30.000Z,M20-409-2-00781,1472520990,43.39407,4.84053,8892.0,-5.0,10.6,125.5,-28.0,20.6,339.8,0x20,405.003,6.1,1125,-1,2.1,,
2026-09-04T01:36:31.000Z,M20-409-2-00781,1472520991,43.39402,4.84063,8886.7,-4.2,10.7,129.4,-27.9,20.6,340.0,0x20,405.003,8.8,1125,-1,2.1,,
2026-09-04T01:36:32.000Z,M20-409-2-00781,1472520992,43.39396,4.84073,8881.5,-3.7,10.4,121.2,-27.8,20.5,340.3,0x20,405.003,18.9,375,-1,2.1,,
2026-09-04T01:36:33.000Z,M20-409-2-00781,1472520993,43.39391,4.84084,8875.9,-5.7,10.5,127.0,-27.8,20.3,340.6,0x20,405.003,22.9,375,-1,2.1,,
2026-09-04T01:36:34.000Z,M20-409-2-00781,1472520994,43.39385,4.84095,8869.5,-5.2,11.4,126.9,-27.8,20.2,340.8,0x20,405.003,23.4,375,-1,2.1,,
2026-09-04T01:36:35.000Z,M20-409-2-00781,1472520995,43.39380,4.84107,8864.1,-4.8,10.7,121.5,-27.7,20.2,341.1,0x20,405.003,23.4,375,-1,2.1,,
2026-09-04T01:36:36.000Z,M20-409-2-00781,1472520996,43.39375,4.84118,8858.6,-4.5,10.8,120.4,-27.7,20.1,341.4,0x20,405.003,22.8,375,-1,2.1,,
2026-09-04T01:36:37.000Z,M20-409-2-00781,1472520997,43.39370,4.84129,8851.5,-6.2,10.4,122.1,-27.7,20.0,341.7,0x20,405.003,24.7,375,-1,2.1,,
2026-09-04T01:36:38.000Z,M20-409-2-00781,1472520998,43.39365,4.84141,8845.8,-4.8,11.2,123.7,-27.6,20.0,341.9,0x20,405.003,24.7,375,-1,2.1,,
2026-09-04T01:36:39.000Z,M20-409-2-00781,1472520999,43.39360,4.84152,8840.8,-4.4,10.3,122.8,-27.6,20.0,342.2,0x20,405.003,22.7,375,-1,2.1,,
2026-09-04T01:36:40.000Z,M20-409-2-00781,1472521000,43.39355,4.84163,8835.3,-5.5,10.9,119.9,-27.6,20.0,342.5,0x20,405.003,22.7,375,-1,2.1,,
2026-09-04T01:36:41.000Z,M20-409-2-00781,1472521001,43.39350,4.84176,8830.0,-2.6,11.9,115.5,-27.5,19.9,342.8,0x20,405.003,22.4,375,-1,2.1,,
2026-09-04T01:36:42.000Z,M20-409-2-00781,1472521002,43.39346,4.84188,8823.7,-5.0,10.5,117.9,-27.5,19.8,343.1,0x20,405.003,5.6,375,-1,2.1,,
2026-09-04T01:36:43.000Z,M20-409-2-00781,1472521003,43.39341,4.84199,8818.2,-3.8,10.7,120.8,-27.4,19.7,343.4,0x20,405.003,5.4,375,-1,2.1,,
2026-09-04T01:36:44.000Z,M20-409-2-00781,1472521004,43.39336,4.84210,8810.7,-7.9,10.0,120.1,-27.4,19.6,343.6,0x20,405.003,11.7,375,-1,2.1,,
2026-09-04T01:36:45.000Z,M20-409-2-00781,1472521005,43.39332,4.84222,8803.7,-5.6,11.5,117.0,-27.4,19.6,343.9,0x20,405.003,21.6,1125,-1,2.1,,
2026-09-04T01:36:46.000Z,M20-409-2-00781,1472521006,43.39327,4.84235,8797.4,-5.5,11.3,117.6,-27.3,19.6,344.2,0x20,405.003,21.6,1125,-1,2.1,,
2026-09-04T01:36:47.000Z,M20-409-2-00781,1472521007,43.39322,4.84246,8791.9,-5.2,10.5,122.3,-27.3,19.7,344.4,0x20,405.003,21.6,750,-1,2.1,,
2026-09-04T01:36:48.000Z,M20-409-2-00781,1472521008,43.39317,4.84258,8786.2,-5.3,11.6,119.0,-27.2,19.8,344.7,0x20,405.003,20.3,375,-1,2.1,,
2026-09-04T01:36:49.000Z,M20-409-2-00781,1472521009,43.39313,4.84271,8780.8,-5.0,10.9,116.0,-27.2,19.9,345.0,0x20,405.003,20.3,375,-1,2.1,,
2026-09-04T01:36:50.000Z,M20-409-2-00781,1472521010,43.39308,4.84282,8774.7,-4.5,10.4,118.7,-27.1,19.9,345.3,0x20,405.003,20.5,375,-1,2.1,,
2026-09-04T01:36:51.000Z,M20-409-2-00781,1472521011,43.39304,4.84293,8769.0,-6.0,10.8,120.8,-27.1,20.1,345.5,0x20,405.003,20.5,375,-1,2.1,,
2026-09-04T01:36:52.000Z,M20-409-2-00781,1472521012,43.39299,4.84305,8764.0,-3.2,10.6,118.1,-27.0,20.2,345.8,0x20,405.003,20.4,375,-1,2.1,,
2026-09-04T01:36:53.000Z,M20-409-2-00781,1472521013,43.39294,4.84316,8759.4,-5.7,10.4,117.9,-27.0,20.3,346.1,0x20,405.003,22.0,375,-1,2.1,,
2026-09-04T01:36:54.000Z,M20-409-2-00781,1472521014,43.39290,4.84327,8754.0,-4.7,11.3,120.9,-26.9,20.4,346.4,0x20,405.003,22.0,375,-1,2.1,,
2026-09-04T01:36:55.000Z,M20-409-2-00781,1472521015,43.39284,4.84339,8748.1,-3.9,11.0,121.9,-26.9,20.5,346.7,0x20,405.003,6.3,375,-1,2.1,,
2026-09-04T01:36:56.000Z,M20-409-2-00781,1472521016,43.39278,4.84350,8742.8,-5.4,11.2,121.8,-26.8,20.5,346.9,0x20,405.003,5.8,375,-1,2.1,,
2026-09-04T01:36:57.000Z,M20-409-2-00781,1472521017,43.39274,4.84362,8736.4,-4.3,10.1,121.1,-26.8,20.6,347.2,0x20,405.003,9.6,375,-1,2.1,,
2026-09-04T01:36:58.000Z,M20-409-2-00781,1472521018,43.39268,4.84373,8730.5,-5.0,11.3,122.5,-26.7,20.6,347.5,0x20,405.003,20.4,375,-1,2.1,,
2026-09-04T01:36:59.000Z,M20-409-2-00781,1472521019,43.39263,4.84384,8725.0,-4.5,10.7,122.6,-26.6,20.6,347.8,0x20,405.003,20.4,750,-1,2.1,,
2026-09-04T01:37:00.000Z,M20-409-2-00781,1472521020,43.39259,4.84396,8719.0,-5.5,10.3,115.4,-26.6,20.7,348.0,0x20,405.003,20.0,1125,-1,2.1,,
2026-09-04T01:37:01.000Z,M20-409-2-00781,1472521021,43.39254,4.84407,8712.9,-5.2,11.1,122.5,-26.6,20.7,348.3,0x20,405.003,23.5,750,-1,2.1,,
2026-09-04T01:37:02.000Z,M20-409-2-00781,1472521022,43.39249,4.84418,8708.2,-3.4,10.7,125.0,-26.5,20.8,348.6,0x20,405.003,23.5,750,-1,2.1,,
2026-09-04T01:37:03.000Z,M20-409-2-00781,1472521023,43.39243,4.84429,8703.0,-5.8,10.9,119.2,-26.5,20.8,348.9,0x20,405.003,19.3,1125,-1,2.1,,
2026-09-04T01:37:04.000Z,M20-409-2-00781,1472521024,43.39238,4.84439,8696.1,-6.1,10.4,127.2,-26.4,20.8,349.1,0x20,405.003,23.8,375,-1,2.1,,
2026-09-04T01:37:05.000Z,M20-409-2-00781,1472521025,43.39233,4.84450,8690.2,-4.6,11.4,126.1,-26.4,20.8,349.4,0x20,405.003,23.8,375,-1,2.1,,
2026-09-04T01:37:06.000Z,M20-409-2-00781,1472521026,43.39227,4.84461,8685.1,-4.7,10.7,123.4,-26.3,20.9,349.7,0x20,405.003,20.3,750,-1,2.1,,
2026-09-04T01:37:07.000Z,M20-409-2-00781,1472521027,43.39222,4.84472,8679.8,-4.7,10.4,121.6,-26.3,20.8,350.0,0x20,405.003,18.0,750,-1,2.2,,
2026-09-04T01:37:08.000Z,M20-409-2-00781,1472521028,43.39216,4.84483,8674.3,-5.7,10.3,126.1,-26.2,20.8,350.2,0x20,405.003,5.3,375,-1,2.2,,
2026-09-04T01:37:09.000Z,M20-409-2-00781,1472521029,43.39211,4.84494,8669.0,-3.2,11.2,120.7,-26.2,20.8,350.5,0x20,405.003,5.1,750,-1,2.2,,
2026-09-04T01:37:10.000Z,M20-409-2-00781,1472521030,43.39206,4.84505,8663.8,-5.4,10.7,121.8,-26.1,20.8,350.8,0x20,405.003,12.5,750,-1,2.2,,
2026-09-04T01:37:11.000Z,M20-409-2-00781,1472521031,43.39201,4.84516,8657.3,-5.8,11.2,126.8,-26.0,20.7,351.1,0x20,405.003,20.4,750,-1,2.1,,
2026-09-04T01:37:12.000Z,M20-409-2-00781,1472521032,43.39195,4.84528,8650.9,-4.6,11.1,123.4,-26.0,20.7,351.3,0x20,405.003,21.0,1125,-1,2.1,,
2026-09-04T01:37:13.000Z,M20-409-2-00781,1472521033,43.39189,4.84539,8645.4,-4.7,10.8,121.0,-25.9,20.7,351.6,0x20,405.003,21.0,1125,-1,2.2,,
2026-09-04T01:37:14.000Z,M20-409-2-00781,1472521034,43.39184,4.84549,8640.1,-4.6,10.9,128.0,-25.9,20.6,351.9,0x20,405.003,18.0,750,-1,2.2,,
2026-09-04T01:37:15.000Z,M20-409-2-00781,1472521035,43.39178,4.84560,8634.2,-4.8,10.8,125.0,-25.8,20.6,352.2,0x20,405.003,23.4,750,-1,2.1,,
2026-09-04T01:37:16.000Z,M20-409-2-00781,1472521036,43.39173,4.84571,8628.8,-3.9,10.5,125.6,-25.8,20.5,352.5,0x20,405.003,23.4,1125,-1,2.1,,
2026-09-04T01:37:17.000Z,M20-409-2-00781,1472521037,43.39167,4.84582,8623.2,-5.2,11.0,123.5,-25.7,20.5,352.7,0x20,405.003,19.7,1125,-1,2.2,,
2026-09-04T01:37:18.000Z,M20-409-2-00781,1472521038,43.39161,4.84593,8617.4,-4.5,10.9,124.8,-25.7,20.4,353.0,0x20,405.003,22.8,750,-1,2.2,,
2026-09-04T01:37:19.000Z,M20-409-2-00781,1472521039,43.39155,4.84604,8611.9,-5.3,11.7,126.3,-25.7,20.5,353.3,0x20,405.003,22.8,750,-1,2.2,,
2026-09-04T01:37:20.000Z,M20-409-2-00781,1472521040,43.39149,4.84615,8606.0,-3.8,10.3,122.3,-25.6,20.5,353.6,0x20,405.003,18.4,750,-1,2.2,,
2026-09-04T01:37:21.000Z,M20-409-2-00781,1472521041,43.39144,4.84626,8600.6,-4.8,11.0,125.6,-25.6,20.5,353.8,0x20,405.003,5.4,750,-1,2.2,,
2026-09-04T01:37:22.000Z,M20-409-2-00781,1472521042,43.39138,4.84637,8594.9,-4.7,11.2,126.6,-25.6,20.6,354.1,0x20,405.003,5.3,750,-1,2.2,,
2026-09-04T01:37:23.000Z,M20-409-2-00781,1472521043,43.39132,4.84649,8589.6,-4.8,11.2,125.1,-25.5,20.6,354.4,0x20,405.003,8.7,750,-1,2.2,,
2026-09-04T01:37:24.000Z,M20-409-2-00781,1472521044,43.39126,4.84660,8583.6,-5.1,10.8,124.4,-25.4,20.7,354.7,0x20,405.003,17.0,1125,-1,2.2,,
2026-09-04T01:37:25.000Z,M20-409-2-00781,1472521045,43.39121,4.84670,8578.2,-4.2,10.6,128.2,-25.4,20.8,354.9,0x20,405.003,20.0,1125,-1,2.2,,
2026-09-04T01:37:26.000Z,M20-409-2-00781,1472521046,43.39115,4.84681,8572.7,-5.2,11.5,124.9,-25.4,20.8,355.2,0x20,405.003,21.4,1125,-1,2.2,,
2026-09-04T01:37:27.000Z,M20-409-2-00781,1472521047,43.39109,4.84693,8567.0,-4.3,11.3,122.6,-25.3,20.9,355.5,0x20,405.003,21.4,1125,-1,2.2,,
2026-09-04T01:37:28.000Z,M20-409-2-00781,1472521048,43.39104,4.84704,8561.0,-5.2,10.4,123.4,-25.2,20.9,355.8,0x20,405.003,19.9,1125,-1,2.2,,
2026-09-04T01:37:29.000Z,M20-409-2-00781,1472521049,43.39098,4.84714,8554.7,-5.3,11.0,128.5,-25.2,20.9,356.0,0x20,405.003,20.0,1125,-1,2.2,,
2026-09-04T01:37:30.000Z,M20-409-2-00781,1472521050,43.39092,4.84725,8548.8,-4.8,11.0,127.8,-25.1,20.9,356.3,0x20,405.003,20.0,1125,-1,2.2,,
2026-09-04T01:37:31.000Z,M20-409-2-00781,1472521051,43.39087,4.84736,8543.2,-4.9,11.1,122.9,-25.1,20.8,356.6,0x20,405.003,20.5,1125,-1,2.2,,
2026-09-04T01:37:32.000Z,M20-409-2-00781,1472521052,43.39081,4.84747,8538.2,-4.4,10.7,126.7,-25.0,20.8,356.9,0x20,405.003,18.1,750,-1,2.2,,
2026-09-04T01:37:33.000Z,M20-409-2-00781,1472521053,43.39075,4.84758,8533.4,-4.8,10.9,126.0,-25.0,20.8,357.1,0x20,405.003,18.1,1125,-1,2.2,,
2026-09-04T01:37:34.000Z,M20-409-2-00781,1472521054,43.39070,4.84769,8527.8,-3.8,11.1,127.0,-24.9,20.8,357.4,0x20,405.003,16.8,1125,-1,2.2,,
2026-09-04T01:37:35.000Z,M20-409-2-00781,1472521055,43.39064,4.84780,8522.2,-4.5,10.7,124.2,-24.9,20.8,357.7,0x20,405.003,5.4,1125,-1,2.2,,
2026-09-04T01:37:36.000Z,M20-409-2-00781,1472521056,43.39058,4.84791,8515.4,-5.3,10.4,125.6,-24.8,20.7,358.0,0x20,405.003,10.8,1125,-1,2.2,,
2026-09-04T01:37:37.000Z,M20-409-2-00781,1472521057,43.39052,4.84802,8510.0,-4.7,11.3,127.4,-24.8,20.7,358.2,0x20,405.003,20.7,1125,-1,2.2,,
2026-09-04T01:37:38.000Z,M20-409-2-00781,1472521058,43.39047,4.84813,8503.8,-5.0,10.5,122.3,-24.8,20.7,358.5,0x20,405.003,20.7,1125,-1,2.2,,
2026-09-04T01:37:39.000Z,M20-409-2-00781,1472521059,43.39041,4.84824,8498.8,-4.0,10.8,127.0,-24.7,20.7,358.8,0x20,405.003,20.5,1125,-1,2.2,,
2026-09-04T01:37:40.000Z,M20-409-2-00781,1472521060,43.39036,4.84835,8493.6,-5.6,10.5,126.8,-24.7,20.6,359.1,0x20,405.003,21.3,1125,-1,2.2,,
2026-09-04T01:37:41.000Z,M20-409-2-00781,1472521061,43.39031,4.84846,8487.6,-4.7,11.1,125.8,-24.6,20.6,359.3,0x20,405.003,21.3,1125,-1,2.2,,
2026-09-04T01:37:42.000Z,M20-409-2-00781,1472521062,43.39025,4.84857,8481.9,-4.9,10.8,124.8,-24.5,20.5,359.6,0x20,405.003,19.8,1125,-1,2.2,,
2026-09-04T01:37:43.000Z,M20-409-2-00781,1472521063,43.39019,4.84867,8477.1,-4.6,10.4,125.3,-24.5,20.5,359.9,0x20,405.003,22.2,1125,-1,2.2,,
2026-09-04T01:37:44.000Z,M20-409-2-00781,1472521064,43.39014,4.84879,8472.8,-2.3,12.0,120.9,-24.4,20.4,360.2,0x20,405.003,22.2,1125,-1,2.2,,
2026-09-04T01:37:45.000Z,M20-409-2-00781,1472521065,43.39008,4.84891,8468.7,-3.8,10.4,123.3,-24.4,20.2,360.4,0x20,405.003,19.7,1125,-1,2.2,,
2026-09-04T01:37:46.000Z,M20-409-2-00781,1472521066,43.39003,4.84902,8463.6,-4.2,11.0,124.1,-24.4,20.2,360.7,0x20,405.003,17.9,1125,-1,2.2,,
2026-09-04T01:37:47.000Z,M20-409-2-00781,1472521067,43.38998,4.84913,8458.4,-4.4,11.0,123.3,-24.3,20.0,361.0,0x20,405.003,6.8,1125,-1,2.2,,
2026-09-04T01:37:48.000Z,M20-409-2-00781,1472521068,43.38992,4.84924,8453.0,-4.7,11.1,126.1,-24.2,20.0,361.3,0x20,405.003,6.0,1125,-1,2.2,,
2026-09-04T01:37:49.000Z,M20-409-2-00781,1472521069,43.38986,4.84936,8446.9,-5.0,11.4,125.9,-24.2,19.9,361.6,0x20,405.003,8.5,1125,-1,2.2,,
2026-09-04T01:37:50.000Z,M20-409-2-00781,1472521070,43.38980,4.84946,8440.5,-5.7,10.1,128.6,-24.2,19.9,361.8,0x20,405.003,20.7,1125,-1,2.2,,
2026-09-04T01:37:51.000Z,M20-409-2-00781,1472521071,43.38975,4.84956,8434.0,-5.6,10.8,126.1,-24.1,19.9,362.1,0x20,405.003,22.4,1125,-1,2.2,,
2026-09-04T01:37:52.000Z,M20-409-2-00781,1472521072,43.38970,4.84967,8428.1,-4.3,10.4,124.2,-24.1,19.9,362.4,0x20,405.003,22.4,1125,-1,2.2,,
2026-09-04T01:37:53.000Z,M20-409-2-00781,1472521073,43.38964,4.84977,8423.2,-3.8,10.4,123.8,-24.0,19.8,362.6,0x20,405.003,18.9,1125,-1,2.2,,
2026-09-04T01:37:54.000Z,M20-409-2-00781,1472521074,43.38959,4.84988,8417.8,-5.0,10.9,124.7,-24.0,19.8,362.9,0x20,405.003,22.8,1125,-1,2.2,,
2026-09-04T01:37:55.000Z,M20-409-2-00781,1472521075,43.38954,4.84999,8412.1,-5.2,10.8,122.7,-23.9,19.7,363.2,0x20,405.003,22.8,1125,-1,2.2,,
2026-09-04T01:37:56.000Z,M20-409-2-00781,1472521076,43.38949,4.85010,8405.8,-5.6,10.7,121.5,-23.9,19.7,363.5,0x20,405.003,17.9,1125,-1,2.2,,
2026-09-04T01:37:57.000Z,M20-409-2-00781,1472521077,43.38943,4.85021,8399.6,-5.8,10.5,126.3,-23.8,19.6,363.8,0x20,405.003,22.9,1125,-1,2.2,,
2026-09-04T01:37:58.000Z,M20-409-2-00781,1472521078,43.38938,4.85032,8393.7,-5.3,11.2,125.4,-23.8,19.6,364.0,0x20,405.003,22.9,1125,-1,2.2,,
2026-09-04T01:37:59.000Z,M20-409-2-00781,1472521079,43.38932,4.85043,8388.3,-4.2,10.7,121.1,-23.7,19.6,364.3,0x20,405.003,22.9,1125,-1,2.2,,
2026-09-04T01:38:00.000Z,M20-409-2-00781,1472521080,43.38927,4.85054,8382.8,-4.7,10.7,122.8,-23.7,19.5,364.6,0x20,405.003,19.3,1125,-1,2.2,,
2026-09-04T01:38:01.000Z,M20-409-2-00781,1472521081,43.38922,4.85065,8377.2,-5.0,10.3,124.6,-23.6,19.5,364.8,0x20,405.003,6.0,1125,-1,2.2,,
2026-09-04T01:38:02.000Z,M20-409-2-00781,1472521082,43.38917,4.85076,8371.6,-5.2,11.0,125.6,-23.6,19.4,365.1,0x20,405.003,16.1,1125,-1,2.2,,
2026-09-04T01:38:03.000Z,M20-409-2-00781,1472521083,43.38911,4.85087,8366.2,-3.5,10.2,126.7,-23.5,19.3,365.4,0x20,405.003,17.3,1125,-1,2.2,,
2026-09-04T01:38:04.000Z,M20-409-2-00781,1472521084,43.38906,4.85097,8361.5,-3.8,10.5,122.0,-23.5,19.2,365.7,0x20,405.003,19.1,1125,-1,2.2,,
2026-09-04T01:38:05.000Z,M20-409-2-00781,1472521085,43.38901,4.85109,8355.9,-4.7,11.0,123.8,-23.4,19.1,365.9,0x20,405.003,22.0,1125,-1,2.2,,
2026-09-04T01:38:06.000Z,M20-409-2-00781,1472521086,43.38895,4.85120,8350.9,-4.2,11.2,125.1,-23.4,19.1,366.2,0x20,405.003,22.0,1125,-1,2.2,,
2026-09-04T01:38:07.000Z,M20-409-2-00781,1472521087,43.38890,4.85132,8345.9,-4.5,11.2,123.7,-23.3,19.1,366.5,0x20,405.003,20.0,1125,-1,2.2,,
2026-09-04T01:38:08.000Z,M20-409-2-00781,1472521088,43.38884,4.85143,8339.9,-5.5,10.5,126.0,-23.3,19.0,366.8,0x20,405.003,21.7,1125,-1,2.2,,
2026-09-04T01:38:09.000Z,M20-409-2-00781,1472521089,43.38879,4.85154,8334.0,-4.7,10.7,122.6,-23.2,19.0,367.0,0x20,405.003,21.7,1125,-1,2.2,,
2026-09-04T01:38:10.000Z,M20-409-2-00781,1472521090,43.38873,4.85165,8328.9,-4.0,10.8,123.0,-23.2,19.0,367.3,0x20,405.003,20.2,1125,-1,2.2,,
2026-09-04T01:38:11.000Z,M20-409-2-00781,1472521091,43.38868,4.85176,8323.9,-4.3,10.5,123.1,-23.1,19.0,367.6,0x20,405.003,22.4,1125,-1,2.2,,
2026-09-04T01:38:12.000Z,M20-409-2-00781,1472521092,43.38863,4.85187,8318.3,-4.9,10.8,125.2,-23.1,19.0,367.9,0x20,405.003,22.4,1125,-1,2.2,,
2026-09-04T01:38:13.000Z,M20-409-2-00781,1472521093,43.38857,4.85198,8312.7,-4.7,11.3,124.4,-23.0,18.9,368.1,0x20,405.003,22.4,1125,-1,2.2,,
2026-09-04T01:38:14.000Z,M20-409-2-00781,1472521094,43.38852,4.85210,8307.5,-3.6,10.3,121.8,-23.0,18.9,368.4,0x20,405.003,5.6,1125,-1,2.2,,
2026-09-04T01:38:15.000Z,M20-409-2-00781,1472521095,43.38847,4.85220,8302.9,-4.0,10.9,126.0,-22.9,18.8,368.7,0x20,405.003,13.8,1125,-1,2.2,,
2026-09-04T01:38:16.000Z,M20-409-2-00781,1472521096,43.38840,4.85231,8297.6,-4.7,10.9,128.3,-22.9,18.8,368.9,0x20,405.003,21.4,1125,-1,2.2,,
2026-09-04T01:38:17.000Z,M20-409-2-00781,1472521097,43.38835,4.85243,8291.9,-4.4,11.3,124.9,-22.8,18.8,369.2,0x20,405.003,21.4,1125,-1,2.2,,
2026-09-04T01:38:18.000Z,M20-409-2-00781,1472521098,43.38830,4.85254,8286.7,-4.2,10.7,121.8,-22.8,18.7,369.5,0x20,405.003,20.8,1125,-1,2.2,,
2026-09-04T01:38:19.000Z,M20-409-2-00781,1472521099,43.38825,4.85265,8281.6,-3.8,10.4,123.8,-22.7,18.7,369.7,0x20,405.003,21.4,1125,-1,2.2,,
2026-09-04T01:38:20.000Z,M20-409-2-00781,1472521100,43.38819,4.85276,8276.0,-5.4,11.1,126.4,-22.7,18.7,370.0,0x20,405.003,21.7,1125,-1,2.2,,
2026-09-04T01:38:21.000Z,M20-409-2-00781,1472521101,43.38813,4.85287,8270.7,-3.9,11.0,126.0,-22.6,18.6,370.3,0x20,405.003,21.7,1125,-1,2.2,,
2026-09-04T01:38:22.000Z,M20-409-2-00781,1472521102,43.38808,4.85297,8265.0,-4.7,10.6,122.2,-22.6,18.6,370.6,0x20,405.003,22.2,1125,-1,2.2,,
2026-09-04T01:38:23.000Z,M20-409-2-00781,1472521103,43.38802,4.85308,8259.2,-5.8,10.8,126.4,-22.5,18.6,370.8,0x20,405.003,23.0,1125,-1,2.2,,
2026-09-04T01:38:24.000Z,M20-409-2-00781,1472521104,43.38797,4.85320,8253.1,-5.1,11.3,125.6,-22.5,18.6,371.1,0x20,405.003,23.0,1125,-1,2.2,,
2026-09-04T01:38:25.000Z,M20-409-2-00781,1472521105,43.38791,4.85331,8247.9,-4.2,10.3,123.9,-22.5,18.6,371.4,0x20,405.003,6.9,1125,-1,2.2,,
2026-09-04T01:38:26.000Z,M20-409-2-00781,1472521106,43.38786,4.85342,8243.0,-4.6,10.9,125.0,-22.4,18.6,371.6,0x20,405.003,6.0,1125,-1,2.2,,
2026-09-04T01:38:27.000Z,M20-409-2-00781,1472521107,43.38780,4.85353,8237.4,-4.7,10.5,127.3,-22.4,18.6,371.9,0x20,405.003,6.0,1125,-1,2.2,,
2026-09-04T01:38:28.000Z,M20-409-2-00781,1472521108,43.38775,4.85364,8231.6,-5.2,11.2,127.9,-22.3,18.6,372.2,0x20,405.003,13.3,1125,-1,2.2,,
2026-09-04T01:38:29.000Z,M20-409-2-00781,1472521109,43.38769,4.85375,8226.6,-4.0,10.8,124.5,-22.3,18.5,372.5,0x20,405.003,18.8,1125,-1,2.2,,
2026-09-04T01:38:30.000Z,M20-409-2-00781,1472521110,43.38763,4.85386,8221.9,-3.8,10.8,126.0,-22.3,18.4,372.7,0x20,405.003,20.6,1125,-1,2.2,,
2026-09-04T01:38:31.000Z,M20-409-2-00781,1472521111,43.38757,4.85398,8217.4,-3.8,11.7,125.9,-22.2,18.4,373.0,0x20,405.003,23.1,1125,-1,2.2,,
2026-09-04T01:38:32.000Z,M20-409-2-00781,1472521112,43.38752,4.85409,8212.7,-3.8,11.6,126.2,-22.2,18.3,373.2,0x20,405.003,23.1,1125,-1,2.2,,
2026-09-04T01:38:33.000Z,M20-409-2-00781,1472521113,43.38746,4.85421,8208.0,-3.4,11.0,121.4,-22.1,18.2,373.5,0x20,405.003,21.1,1125,-1,2.2,,
2026-09-04T01:38:34.000Z,M20-409-2-00781,1472521114,43.38741,4.85432,8203.1,-4.4,10.8,124.1,-22.0,18.2,373.8,0x20,405.003,23.1,1125,-1,2.2,,
2026-09-04T01:38:35.000Z,M20-409-2-00781,1472521115,43.38735,4.85443,8197.8,-4.3,11.3,126.7,-22.0,18.1,374.1,0x20,405.003,23.1,1125,-1,2.2,,
2026-09-04T01:38:36.000Z,M20-409-2-00781,1472521116,43.38729,4.85454,8192.4,-4.2,11.5,125.1,-21.9,18.0,374.4,0x20,405.003,22.7,1125,-1,2.2,,
2026-09-04T01:38:37.000Z,M20-409-2-00781,1472521117,43.38723,4.85466,8186.8,-4.1,11.0,121.8,-21.9,17.9,374.6,0x20,405.003,23.8,1125,-1,2.2,,
2026-09-04T01:38:38.000Z,M20-409-2-00781,1472521118,43.38719,4.85477,8180.9,-5.0,10.5,116.8,-21.9,17.8,374.9,0x20,405.003,23.8,1125,-1,2.2,,
2026-09-04T01:38:39.000Z,M20-409-2-00781,1472521119,43.38714,4.85489,8174.5,-5.7,11.0,123.7,-21.8,17.8,375.1,0x20,405.003,5.4,1125,-1,2.2,,
2026-09-04T01:38:40.000Z,M20-409-2-00781,1472521120,43.38708,4.85500,8168.7,-4.1,11.0,125.2,-21.8,17.7,375.4,0x20,405.003,6.2,1125,-1,2.2,,
2026-09-04T01:38:41.000Z,M20-409-2-00781,1472521121,43.38703,4.85510,8163.9,-4.2,10.6,124.3,-21.7,17.7,375.7,0x20,405.003,10.4,1125,-1,2.2,,
2026-09-04T01:38:42.000Z,M20-409-2-00781,1472521122,43.38697,4.85521,8158.2,-5.3,10.7,126.2,-21.7,17.6,376.0,0x20,405.003,20.3,1125,-1,2.2,,
2026-09-04T01:38:43.000Z,M20-409-2-00781,1472521123,43.38692,4.85532,8152.9,-4.3,11.0,123.6,-21.6,17.6,376.2,0x20,405.003,21.7,1125,-1,2.2,,
2026-09-04T01:38:44.000Z,M20-409-2-00781,1472521124,43.38687,4.85544,8148.8,-3.4,10.4,122.3,-21.6,17.5,376.5,0x20,405.003,21.7,1125,-1,2.2,,
2026-09-04T01:38:45.000Z,M20-409-2-00781,1472521125,43.38681,4.85555,8143.5,-4.6,10.5,125.0,-21.5,17.5,376.8,0x20,405.003,21.7,1125,-1,2.2,,
2026-09-04T01:38:46.000Z,M20-409-2-00781,1472521126,43.38676,4.85565,8138.1,-4.6,10.2,125.8,-21.5,17.5,377.0,0x20,405.003,22.0,1125,-1,2.2,,
2026-09-04T01:38:47.000Z,M20-409-2-00781,1472521127,43.38670,4.85577,8132.9,-3.5,11.9,121.7,-21.5,17.4,377.3,0x20,405.003,22.0,1125,-1,2.2,,
2026-09-04T01:38:48.000Z,M20-409-2-00781,1472521128,43.38665,4.85589,8128.8,-3.5,11.0,121.1,-21.4,17.4,377.6,0x20,405.003,20.6,1125,-1,2.2,,
2026-09-04T01:38:49.000Z,M20-409-2-00781,1472521129,43.38659,4.85600,8123.4,-4.0,11.0,123.6,-21.4,17.4,377.9,0x20,405.003,21.5,1125,-1,2.2,,
2026-09-04T01:38:50.000Z,M20-409-2-00781,1472521130,43.38654,4.85612,8118.4,-4.5,11.0,126.1,-21.3,17.3,378.1,0x20,405.003,22.7,1125,-1,2.2,,
2026-09-04T01:38:51.000Z,M20-409-2-00781,1472521131,43.38648,4.85623,8113.0,-4.0,11.5,122.9,-21.3,17.4,378.4,0x20,405.003,22.7,1125,-1,2.2,,
2026-09-04T01:38:52.000Z,M20-409-2-00781,1472521132,43.38642,4.85635,8107.3,-4.0,11.1,121.4,-21.2,17.3,378.6,0x20,405.003,5.2,1125,-1,2.2,,
2026-09-04T01:38:53.000Z,M20-409-2-00781,1472521133,43.38637,4.85646,8102.3,-4.6,11.1,124.3,-21.2,17.3,378.9,0x20,405.003,5.2,1125,-1,2.2,,
2026-09-04T01:38:54.000Z,M20-409-2-00781,1472521134,43.38631,4.85657,8097.0,-4.8,10.7,124.9,-21.2,17.4,379.2,0x20,405.003,14.5,1125,-1,2.2,,
2026-09-04T01:38:55.000Z,M20-409-2-00781,1472521135,43.38625,4.85669,8091.4,-4.7,11.5,124.8,-21.1,17.4,379.4,0x20,405.003,21.5,1125,-1,2.2,,
2026-09-04T01:38:56.000Z,M20-409-2-00781,1472521136,43.38619,4.85680,8086.2,-4.3,10.8,125.0,-21.1,17.4,379.7,0x20,405.003,21.5,1125,-1,2.2,,
2026-09-04T01:38:57.000Z,M20-409-2-00781,1472521137,43.38613,4.85692,8081.1,-4.0,11.2,124.2,-21.1,17.3,380.0,0x20,405.003,20.2,1125,-1,2.2,,
2026-09-04T01:38:58.000Z,M20-409-2-00781,1472521138,43.38607,4.85703,8076.3,-4.5,11.8,127.3,-21.1,17.3,380.2,0x20,405.003,21.8,1125,-1,2.2,,
2026-09-04T01:38:59.000Z,M20-409-2-00781,1472521139,43.38601,4.85715,8071.0,-3.7,11.7,125.9,-21.0,17.2,380.5,0x20,405.003,21.8,1125,-1,2.2,,
2026-09-04T01:39:00.000Z,M20-409-2-00781,1472521140,43.38594,4.85727,8066.1,-4.0,11.8,122.1,-21.0,17.1,380.8,0x20,405.003,19.4,1125,-1,2.2,,
2026-09-04T01:39:01.000Z,M20-409-2-00781,1472521141,43.38588,4.85738,8060.2,-4.5,11.7,127.6,-21.0,17.0,381.1,0x20,405.003,22.7,1125,-1,2.2,,
2026-09-04T01:39:02.000Z,M20-409-2-00781,1472521142,43.38582,4.85750,8054.8,-4.6,12.2,123.8,-21.0,16.9,381.3,0x20,405.003,22.7,1125,-1,2.2,,
2026-09-04T01:39:03.000Z,M20-409-2-00781,1472521143,43.38576,4.85763,8050.0,-3.0,12.0,124.0,-21.0,16.9,381.6,0x20,405.003,21.0,1125,-1,2.2,,
2026-09-04T01:39:04.000Z,M20-409-2-00781,1472521144,43.38570,4.85775,8045.3,-4.1,11.8,125.6,-21.0,17.0,381.9,0x20,405.003,9.1,1125,-1,2.2,,
2026-09-04T01:39:05.000Z,M20-409-2-00781,1472521145,43.38563,4.85787,8039.9,-5.0,11.7,127.9,-21.0,17.0,382.1,0x20,405.003,6.1,1125,-1,2.2,,
2026-09-04T01:39:06.000Z,M20-409-2-00781,1472521146,43.38557,4.85799,8034.2,-4.7,12.3,126.1,-21.0,17.1,382.4,0x20,405.003,6.1,1125,-1,2.2,,
2026-09-04T01:39:07.000Z,M20-409-2-00781,1472521147,43.38551,4.85811,8029.6,-3.6,11.7,123.0,-21.0,17.2,382.6,0x20,405.003,10.6,1125,-1,2.2,,
2026-09-04T01:39:08.000Z,M20-409-2-00781,1472521148,43.38545,4.85823,8024.9,-3.4,12.1,126.2,-21.0,17.3,382.9,0x20,405.003,17.8,1125,-1,2.2,,
2026-09-04T01:39:09.000Z,M20-409-2-00781,1472521149,43.38539,4.85836,8020.1,-3.7,12.8,126.4,-21.0,17.4,383.2,0x20,405.003,21.7,1125,-1,2.2,,
2026-09-04T01:39:10.000Z,M20-409-2-00781,1472521150,43.38532,4.85849,8014.9,-3.4,13.1,124.1,-21.0,17.5,383.4,0x20,405.003,21.7,1125,-1,2.2,,
2026-09-04T01:39:11.000Z,M20-409-2-00781,1472521151,43.38526,4.85862,8010.6,-3.3,12.4,123.4,-21.0,17.6,383.7,0x20,405.003,21.4,1125,-1,2.2,,
2026-09-04T01:39:12.000Z,M20-409-2-00781,1472521152,43.38519,4.85874,8005.2,-4.2,12.4,124.8,-20.9,17.7,384.0,0x20,405.003,20.5,1125,-1,2.2,,
2026-09-04T01:39:13.000Z,M20-409-2-00781,1472521153,43.38513,4.85887,7999.9,-4.3,12.2,125.1,-20.9,17.7,384.2,0x20,405.003,23.8,1125,-1,2.2,,
2026-09-04T01:39:14.000Z,M20-409-2-00781,1472521154,43.38506,4.85900,7994.9,-4.3,13.2,124.8,-20.9,17.8,384.5,0x20,405.003,23.8,1125,-1,2.2,,
2026-09-04T01:39:15.000Z,M20-409-2-00781,1472521155,43.38500,4.85913,7989.7,-4.0,12.1,123.1,-20.8,17.8,384.8,0x20,405.003,19.6,1125,-1,2.2,,
2026-09-04T01:39:16.000Z,M20-409-2-00781,1472521156,43.38494,4.85925,7984.4,-4.3,12.0,123.4,-20.8,17.8,385.0,0x20,405.003,19.6,1125,-1,2.2,,
2026-09-04T01:39:17.000Z,M20-409-2-00781,1472521157,43.38487,4.85937,7978.6,-4.4,12.4,129.6,-20.8,17.8,385.3,0x20,405.003,8.4,1125,-1,2.2,,
2026-09-04T01:39:18.000Z,M20-409-2-00781,1472521158,43.38480,4.85949,7973.2,-4.1,12.1,126.5,-20.7,17.9,385.6,0x20,405.003,5.0,1125,-1,2.2,,
2026-09-04T01:39:19.000Z,M20-409-2-00781,1472521159,43.38474,4.85961,7967.6,-4.6,12.2,125.1,-20.7,17.9,385.8,0x20,405.003,5.6,1125,-1,2.2,,
2026-09-04T01:39:20.000Z,M20-409-2-00781,1472521160,43.38467,4.85973,7962.3,-4.1,11.5,129.8,-20.7,17.9,386.1,0x20,405.003,15.8,1125,-1,2.2,,
2026-09-04T01:39:21.000Z,M20-409-2-00781,1472521161,43.38461,4.85985,7957.7,-3.3,12.1,124.2,-20.6,18.0,386.4,0x20,405.003,21.6,1125,-1,2.2,,
2026-09-04T01:39:22.000Z,M20-409-2-00781,1472521162,43.38455,4.85997,7953.6,-3.0,11.5,124.6,-20.6,18.0,386.6,0x20,405.003,21.6,1125,-1,2.2,,
2026-09-04T01:39:23.000Z,M20-409-2-00781,1472521163,43.38449,4.86009,7949.4,-3.2,11.6,125.9,-20.6,18.1,386.9,0x20,405.003,21.7,1125,-1,2.2,,
2026-09-04T01:39:24.000Z,M20-409-2-00781,1472521164,43.38442,4.86020,7944.2,-4.4,11.8,128.6,-20.6,18.2,387.1,0x20,405.003,24.4,1125,-1,2.2,,
2026-09-04T01:39:25.000Z,M20-409-2-00781,1472521165,43.38435,4.86031,7939.2,-4.0,12.2,127.2,-20.5,18.2,387.4,0x20,405.003,24.4,1125,-1,2.2,,
2026-09-04T01:39:26.000Z,M20-409-2-00781,1472521166,43.38429,4.86043,7934.1,-3.9,11.3,126.6,-20.5,18.2,387.7,0x20,405.003,20.5,1125,-1,2.2,,
2026-09-04T01:39:27.000Z,M20-409-2-00781,1472521167,43.38423,4.86055,7929.2,-3.9,11.8,129.7,-20.5,18.2,387.9,0x20,405.003,22.1,1125,-1,2.2,,
2026-09-04T01:39:28.000Z,M20-409-2-00781,1472521168,43.38416,4.86065,7923.9,-4.8,11.0,132.8,-20.5,18.1,388.2,0x20,405.003,22.6,1125,-1,2.2,,
2026-09-04T01:39:29.000Z,M20-409-2-00781,1472521169,43.38409,4.86076,7919.1,-4.0,11.8,128.9,-20.5,18.1,388.4,0x20,405.003,22.6,1125,-1,2.2,,
2026-09-04T01:39:30.000Z,M20-409-2-00781,1472521170,43.38403,4.86087,7914.8,-3.1,11.2,127.8,-20.4,18.0,388.7,0x20,405.003,18.9,1125,-1,2.2,,
2026-09-04T01:39:31.000Z,M20-409-2-00781,1472521171,43.38396,4.86098,7910.3,-3.7,11.2,127.5,-20.4,18.0,389.0,0x20,405.003,18.9,1125,-1,2.2,,
2026-09-04T01:39:32.000Z,M20-409-2-00781,1472521172,43.38390,4.86109,7905.6,-4.0,11.3,128.2,-20.4,17.9,389.2,0x20,405.003,6.4,1125,-1,2.2,,
2026-09-04T01:39:33.000Z,M20-409-2-00781,1472521173,43.38384,4.86120,7899.8,-4.4,11.4,127.3,-20.3,17.9,389.5,0x20,405.003,12.3,1125,-1,2.2,,
2026-09-04T01:39:34.000Z,M20-409-2-00781,1472521174,43.38378,4.86132,7894.7,-3.2,11.3,124.8,-20.3,17.8,389.8,0x20,405.003,21.7,1125,-1,2.2,,
2026-09-04T01:39:35.000Z,M20-409-2-00781,1472521175,43.38372,4.86144,7889.6,-4.9,11.3,123.5,-20.3,17.7,390.0,0x20,405.003,21.7,1125,-1,2.2,,
2026-09-04T01:39:36.000Z,M20-409-2-00781,1472521176,43.38367,4.86155,7884.2,-4.0,10.8,125.9,-20.2,17.7,390.3,0x20,405.003,21.4,1125,-1,2.2,,
2026-09-04T01:39:37.000Z,M20-409-2-00781,1472521177,43.38361,4.86166,7878.7,-4.2,11.3,123.6,-20.2,17.6,390.5,0x20,405.003,24.9,1125,-1,2.2,,
2026-09-04T01:39:38.000Z,M20-409-2-00781,1472521178,43.38355,4.86177,7874.3,-3.3,10.8,125.5,-20.2,17.5,390.8,0x20,405.003,24.9,1125,-1,2.2,,
2026-09-04T01:39:39.000Z,M20-409-2-00781,1472521179,43.38350,4.86188,7868.7,-4.0,10.7,125.8,-20.1,17.5,391.1,0x20,405.003,19.7,1125,-1,2.2,,
2026-09-04T01:39:40.000Z,M20-409-2-00781,1472521180,43.38343,4.86199,7864.0,-3.9,11.3,126.3,-20.1,17.5,391.3,0x20,405.003,19.7,1125,-1,2.2,,
2026-09-04T01:39:41.000Z,M20-409-2-00781,1472521181,43.38338,4.86211,7858.5,-4.7,10.7,125.4,-20.1,17.5,391.6,0x20,405.003,23.5,1125,-1,2.2,,
2026-09-04T01:39:42.000Z,M20-409-2-00781,1472521182,43.38333,4.86221,7854.0,-3.7,10.3,121.0,-20.0,17.5,391.8,0x20,405.003,23.5,1125,-1,2.2,,
2026-09-04T01:39:43.000Z,M20-409-2-00781,1472521183,43.38328,4.86233,7849.2,-4.0,10.8,116.6,-20.0,17.5,392.1,0x20,405.003,20.4,1125,-1,2.2,,
2026-09-04T01:39:44.000Z,M20-409-2-00781,1472521184,43.38323,4.86244,7843.6,-4.6,10.5,124.3,-20.0,17.5,392.4,0x20,405.003,5.9,1125,-1,2.2,,
2026-09-04T01:39:45.000Z,M20-409-2-00781,1472521185,43.38317,4.86255,7838.5,-4.8,11.3,123.2,-20.0,17.5,392.6,0x20,405.003,6.0,1125,-1,2.2,,
2026-09-04T01:39:46.000Z,M20-409-2-00781,1472521186,43.38312,4.86267,7834.0,-3.7,11.3,123.1,-20.0,17.5,392.9,0x20,405.003,15.8,1125,-1,2.2,,
2026-09-04T01:39:47.000Z,M20-409-2-00781,1472521187,43.38306,4.86279,7829.5,-3.4,10.7,125.4,-20.0,17.5,393.1,0x20,405.003,19.8,1125,-1,2.2,,
2026-09-04T01:39:48.000Z,M20-409-2-00781,1472521188,43.38300,4.86290,7825.1,-3.5,11.5,122.6,-19.9,17.5,393.4,0x20,405.003,19.8,1125,-1,2.2,,
2026-09-04T01:39:49.000Z,M20-409-2-00781,1472521189,43.38295,4.86303,7820.2,-4.3,12.2,122.8,-19.9,17.5,393.7,0x20,405.003,24.1,1125,-1,2.2,,
2026-09-04T01:39:50.000Z,M20-409-2-00781,1472521190,43.38289,4.86315,7815.4,-2.9,12.4,121.8,-19.9,17.5,393.9,0x20,405.003,24.1,1125,-1,2.2,,
2026-09-04T01:39:51.000Z,M20-409-2-00781,1472521191,43.38283,4.86328,7810.6,-4.2,11.8,119.3,-19.8,17.5,394.2,0x20,405.003,21.5,1125,-1,2.2,,
2026-09-04T01:39:52.000Z,M20-409-2-00781,1472521192,43.38278,4.86340,7805.1,-4.8,11.2,123.8,-19.8,17.5,394.4,0x20,405.003,20.2,1125,-1,2.2,,
2026-09-04T01:39:53.000Z,M20-409-2-00781,1472521193,43.38272,4.86351,7799.5,-4.6,11.5,122.8,-19.8,17.6,394.7,0x20,405.003,23.2,1125,-1,2.2,,
2026-09-04T01:39:54.000Z,M20-409-2-00781,1472521194,43.38267,4.86363,7795.2,-3.0,11.5,121.1,-19.7,17.6,395.0,0x20,405.003,23.2,1125,-1,2.2,,
2026-09-04T01:39:55.000Z,M20-409-2-00781,1472521195,43.38261,4.86375,7789.9,-4.4,10.9,119.5,-19.7,17.6,395.2,0x20,405.003,17.1,1125,-1,2.2,,
2026-09-04T01:39:56.000Z,M20-409-2-00781,1472521196,43.38256,4.86387,7784.2,-4.9,11.6,122.4,-19.7,17.7,395.5,0x20,405.003,17.1,1125,-1,2.2,,
2026-09-04T01:39:57.000Z,M20-409-2-00781,1472521197,43.38250,4.86399,7778.7,-5.6,11.9,124.0,-19.7,17.8,395.8,0x20,405.003,6.1,1125,-1,2.2,,
2026-09-04T01:39:58.000Z,M20-409-2-00781,1472521198,43.38244,4.86412,7773.8,-3.5,12.2,122.4,-19.7,17.9,396.0,0x20,405.003,6.1,1125,-1,2.2,,
2026-09-04T01:39:59.000Z,M20-409-2-00781,1472521199,43.38238,4.86424,7769.3,-4.6,12.2,120.6,-19.7,17.9,396.3,0x20,405.003,7.2,1125,-1,2.2,,
2026-09-04T01:40:00.000Z,M20-409-2-00781,1472521200,43.38232,4.86437,7764.0,-4.9,11.7,125.5,-19.6,18.0,396.5,0x20,405.003,18.8,1125,-1,2.2,,
2026-09-04T01:40:01.000Z,M20-409-2-00781,1472521201,43.38226,4.86449,7759.7,-4.7,12.4,123.2,-19.6,18.1,396.8,0x20,405.003,21.8,1125,-1,2.2,,
2026-09-04T01:40:02.000Z,M20-409-2-00781,1472521202,43.38220,4.86462,7755.6,-3.6,12.6,125.4,-19.6,18.2,397.1,0x20,405.003,21.8,1125,-1,2.2,,
2026-09-04T01:40:03.000Z,M20-409-2-00781,1472521203,43.38214,4.86475,7751.1,-3.7,11.8,122.4,-19.6,18.3,397.3,0x20,405.003,20.4,1125,-1,2.2,,
2026-09-04T01:40:04.000Z,M20-409-2-00781,1472521204,43.38208,4.86488,7746.6,-3.8,12.3,120.8,-19.6,18.4,397.6,0x20,405.003,20.0,1125,-1,2.2,,
2026-09-04T01:40:05.000Z,M20-409-2-00781,1472521205,43.38203,4.86502,7741.5,-4.4,12.9,123.8,-19.5,18.5,397.8,0x20,405.003,22.0,1125,-1,2.2,,
2026-09-04T01:40:06.000Z,M20-409-2-00781,1472521206,43.38196,4.86515,7736.8,-3.6,12.6,123.6,-19.5,18.6,398.1,0x20,405.003,22.0,1125,-1,2.2,,
2026-09-04T01:40:07.000Z,M20-409-2-00781,1472521207,43.38190,4.86528,7733.2,-3.4,12.7,122.1,-19.5,18.7,398.3,0x20,405.003,18.3,1125,-1,2.2,,
2026-09-04T01:40:08.000Z,M20-409-2-00781,1472521208,43.38184,4.86541,7728.9,-3.9,12.5,124.6,-19.5,18.7,398.6,0x20,405.003,22.8,1125,-1,2.2,,
2026-09-04T01:40:09.000Z,M20-409-2-00781,1472521209,43.38178,4.86554,7723.3,-4.2,12.3,120.0,-19.5,18.8,398.9,0x20,405.003,22.8,1125,-1,2.2,,
2026-09-04T01:40:10.000Z,M20-409-2-00781,1472521210,43.38173,4.86568,7718.2,-3.1,12.3,119.8,-19.4,18.8,399.1,0x20,405.003,5.2,1125,-1,2.2,,
2026-09-04T01:40:11.000Z,M20-409-2-00781,1472521211,43.38167,4.86582,7713.0,-3.8,12.8,119.8,-19.4,18.9,399.4,0x20,405.003,5.4,1125,-1,2.2,,
2026-09-04T01:40:12.000Z,M20-409-2-00781,1472521212,43.38161,4.86595,7708.1,-4.0,11.9,121.9,-19.4,19.0,399.6,0x20,405.003,9.2,1125,-1,2.2,,
2026-09-04T01:40:13.000Z,M20-409-2-00781,1472521213,43.38155,4.86608,7703.2,-3.6,12.8,121.9,-19.4,19.1,399.9,0x20,405.003,20.0,1125,-1,2.2,,
2026-09-04T01:40:14.000Z,M20-409-2-00781,1472521214,43.38149,4.86622,7699.8,-2.7,13.2,120.6,-19.4,19.2,400.1,0x20,405.003,20.0,1125,-1,2.2,,
2026-09-04T01:40:15.000Z,M20-409-2-00781,1472521215,43.38143,4.86635,7695.8,-3.5,12.3,118.9,-19.4,19.3,400.4,0x20,405.003,19.2,1125,-1,2.2,,
2026-09-04T01:40:16.000Z,M20-409-2-00781,1472521216,43.38138,4.86648,7691.1,-3.5,12.2,122.3,-19.4,19.4,400.6,0x20,405.003,17.9,1125,-1,2.2,,
2026-09-04T01:40:17.000Z,M20-409-2-00781,1472521217,43.38132,4.86661,7687.2,-2.8,12.5,124.7,-19.3,19.4,400.9,0x20,405.003,21.9,1125,-1,2.2,,
2026-09-04T01:40:18.000Z,M20-409-2-00781,1472521218,43.38126,4.86674,7682.0,-3.7,12.8,120.8,-19.3,19.5,401.2,0x20,405.003,21.9,1125,-1,2.2,,
2026-09-04T01:40:19.000Z,M20-409-2-00781,1472521219,43.38120,4.86687,7677.5,-3.8,12.1,117.2,-19.3,19.5,401.4,0x20,405.003,20.3,1125,-1,2.2,,
2026-09-04T01:40:20.000Z,M20-409-2-00781,1472521220,43.38115,4.86700,7672.6,-4.2,12.3,121.5,-19.2,19.5,401.7,0x20,405.003,18.4,1125,-1,2.2,,
2026-09-04T01:40:21.000Z,M20-409-2-00781,1472521221,43.38110,4.86712,7666.7,-4.2,11.5,122.9,-19.2,19.6,401.9,0x20,405.003,19.9,1125,-1,2.2,,
2026-09-04T01:40:22.000Z,M20-409-2-00781,1472521222,43.38104,4.86724,7661.4,-4.5,12.1,121.4,-19.2,19.6,402.2,0x20,405.003,19.9,1125,-1,2.2,,
2026-09-04T01:40:23.000Z,M20-409-2-00781,1472521223,43.38098,4.86737,7656.0,-3.6,12.1,125.8,-19.1,19.6,402.4,0x20,405.003,7.6,1125,-1,2.2,,
2026-09-04T01:40:24.000Z,M20-409-2-00781,1472521224,43.38092,4.86749,7651.4,-3.7,11.6,120.1,-19.1,19.7,402.7,0x20,405.003,4.9,1125,-1,2.2,,
2026-09-04T01:40:25.000Z,M20-409-2-00781,1472521225,43.38087,4.86761,7647.3,-3.9,11.5,122.2,-19.1,19.7,403.0,0x20,405.003,4.7,1125,-1,2.2,,
2026-09-04T01:40:26.000Z,M20-409-2-00781,1472521226,43.38082,4.86773,7642.5,-4.1,11.1,125.8,-19.1,19.8,403.2,0x20,405.003,16.6,1125,-1,2.2,,
2026-09-04T01:40:27.000Z,M20-409-2-00781,1472521227,43.38076,4.86786,7638.6,-2.0,12.4,118.2,-19.1,19.8,403.5,0x20,405.003,21.7,1125,-1,2.2,,
2026-09-04T01:40:28.000Z,M20-409-2-00781,1472521228,43.38072,4.86799,7635.2,-3.3,11.3,119.0,-19.0,19.8,403.7,0x20,405.003,21.7,1125,-1,2.2,,
2026-09-04T01:40:29.000Z,M20-409-2-00781,1472521229,43.38066,4.86810,7630.4,-3.8,11.1,122.6,-19.0,19.9,404.0,0x20,405.003,17.8,1125,-1,2.2,,
2026-09-04T01:40:30.000Z,M20-409-2-00781,1472521230,43.38061,4.86822,7625.6,-3.3,11.2,125.8,-19.0,19.9,404.2,0x20,405.003,18.6,1125,-1,2.2,,
2026-09-04T01:40:31.000Z,M20-409-2-00781,1472521231,43.38055,4.86834,7620.5,-4.5,11.5,122.4,-19.0,19.9,404.5,0x20,405.003,21.7,1125,-1,2.2,,
2026-09-04T01:40:32.000Z,M20-409-2-00781,1472521232,43.38050,4.86846,7615.1,-3.5,11.1,122.4,-19.0,19.9,404.8,0x20,405.003,21.7,1125,-1,2.2,,
2026-09-04T01:40:33.000Z,M20-409-2-00781,1472521233,43.38045,4.86857,7610.8,-3.0,10.3,118.2,-18.9,19.9,405.0,0x20,405.003,18.6,1125,-1,2.2,,
2026-09-04T01:40:34.000Z,M20-409-2-00781,1472521234,43.38040,4.86868,7606.0,-3.9,10.5,121.6,-18.9,19.9,405.3,0x20,405.003,19.1,1125,-1,2.2,,
2026-09-04T01:40:35.000Z,M20-409-2-00781,1472521235,43.38035,4.86879,7601.0,-4.2,10.2,123.4,-18.9,20.0,405.5,0x20,405.003,19.1,1125,-1,2.2,,
2026-09-04T01:40:36.000Z,M20-409-2-00781,1472521236,43.38030,4.86891,7595.2,-5.0,11.0,121.5,-18.9,20.0,405.8,0x20,405.003,5.2,1125,-1,2.2,,
2026-09-04T01:40:37.000Z,M20-409-2-00781,1472521237,43.38026,4.86902,7590.9,-2.8,9.8,116.3,-18.8,20.0,406.0,0x20,405.003,5.0,1125,-1,2.2,,
2026-09-04T01:40:38.000Z,M20-409-2-00781,1472521238,43.38021,4.86914,7586.9,-3.0,10.8,114.9,-18.8,20.0,406.3,0x20,405.003,11.3,1125,-1,2.2,,
2026-09-04T01:40:39.000Z,M20-409-2-00781,1472521239,43.38017,4.86926,7582.5,-3.3,10.8,116.9,-18.8,20.0,406.6,0x20,405.003,17.0,1125,-1,2.2,,
2026-09-04T01:40:40.000Z,M20-409-2-00781,1472521240,43.38013,4.86937,7577.7,-5.0,9.7,122.4,-18.8,20.0,406.8,0x20,405.003,20.5,1125,-1,2.2,,
2026-09-04T01:40:41.000Z,M20-409-2-00781,1472521241,43.38008,4.86948,7572.1,-4.9,10.6,117.2,-18.8,20.0,407.1,0x20,405.003,21.5,1125,-1,2.2,,
2026-09-04T01:40:42.000Z,M20-409-2-00781,1472521242,43.38003,4.86960,7567.9,-3.3,10.9,116.9,-18.8,20.0,407.3,0x20,405.003,21.5,1125,-1,2.2,,
2026-09-04T01:40:43.000Z,M20-409-2-00781,1472521243,43.37999,4.86972,7562.9,-4.4,10.3,117.2,-18.7,20.0,407.6,0x20,405.003,21.5,1125,-1,2.2,,
2026-09-04T01:40:44.000Z,M20-409-2-00781,1472521244,43.37994,4.86983,7558.5,-2.7,10.4,116.2,-18.7,20.1,407.9,0x20,405.003,20.4,1125,-1,2.2,,
2026-09-04T01:40:45.000Z,M20-409-2-00781,1472521245,43.37990,4.86995,7554.3,-3.0,11.3,117.0,-18.7,20.2,408.1,0x20,405.003,21.5,1125,-1,2.2,,
2026-09-04T01:40:46.000Z,M20-409-2-00781,1472521246,43.37985,4.87007,7549.8,-3.7,11.0,121.0,-18.7,20.3,408.4,0x20,405.003,21.5,1125,-1,2.2,,
2026-09-04T01:40:47.000Z,M20-409-2-00781,1472521247,43.37981,4.87019,7545.4,-3.5,10.4,113.5,-18.7,20.3,408.6,0x20,405.003,19.9,1125,-1,2.2,,
2026-09-04T01:40:48.000Z,M20-409-2-00781,1472521248,43.37977,4.87030,7540.9,-3.6,10.7,119.6,-18.7,20.4,408.9,0x20,405.003,19.9,1125,-1,2.2,,
2026-09-04T01:40:49.000Z,M20-409-2-00781,1472521249,43.37972,4.87042,7537.1,-2.3,10.6,119.6,-18.6,20.5,409.2,0x20,405.003,5.5,1125,-1,2.2,,
2026-09-04T01:40:50.000Z,M20-409-2-00781,1472521250,43.37968,4.87054,7533.0,-3.4,10.8,113.7,-18.6,20.6,409.4,0x20,405.003,5.1,1125,-1,2.2,,
2026-09-04T01:40:51.000Z,M20-409-2-00781,1472521251,43.37964,4.87066,7527.6,-3.6,11.2,115.2,-18.6,20.7,409.7,0x20,405.003,11.9,1125,-1,2.2,,
2026-09-04T01:40:52.000Z,M20-409-2-00781,1472521252,43.37961,4.87078,7522.3,-3.3,10.6,113.1,-18.6,20.7,409.9,0x20,405.003,18.3,1125,-1,2.2,,
2026-09-04T01:40:53.000Z,M20-409-2-00781,1472521253,43.37957,4.87090,7517.2,-4.0,10.2,113.2,-18.5,20.8,410.2,0x20,405.003,20.1,1125,-1,2.2,,
2026-09-04T01:40:54.000Z,M20-409-2-00781,1472521254,43.37953,4.87101,7511.9,-4.2,10.3,116.0,-18.5,20.9,410.5,0x20,405.003,21.8,1125,-1,2.2,,
2026-09-04T01:40:55.000Z,M20-409-2-00781,1472521255,43.37949,4.87113,7505.9,-5.1,10.0,119.1,-18.5,21.0,410.7,0x20,405.003,22.2,1125,-1,2.2,,
2026-09-04T01:40:56.000Z,M20-409-2-00781,1472521256,43.37945,4.87124,7500.7,-3.5,10.3,112.2,-18.4,21.1,411.0,0x20,405.003,22.2,1125,-1,2.2,,
2026-09-04T01:40:57.000Z,M20-409-2-00781,1472521257,43.37941,4.87136,7495.6,-3.7,10.2,115.8,-18.4,21.1,411.2,0x20,405.003,20.6,1125,-1,2.2,,
2026-09-04T01:40:58.000Z,M20-409-2-00781,1472521258,43.37937,4.87147,7490.7,-3.8,9.4,112.9,-18.4,21.2,411.5,0x20,405.003,21.4,1125,-1,2.2,,
2026-09-04T01:40:59.000Z,M20-409-2-00781,1472521259,43.37933,4.87158,7485.8,-3.8,10.1,117.7,-18.4,21.2,411.8,0x20,405.003,24.0,1125,-1,2.2,,
2026-09-04T01:41:00.000Z,M20-409-2-00781,1472521260,43.37929,4.87169,7481.4,-3.2,10.5,115.8,-18.3,21.3,412.0,0x20,405.003,24.0,1125,-1,2.2,,
2026-09-04T01:41:01.000Z,M20-409-2-00781,1472521261,43.37926,4.87181,7477.0,-3.1,9.5,109.3,-18.3,21.4,412.3,0x20,405.003,18.4,1125,-1,2.2,,
2026-09-04T01:41:02.000Z,M20-409-2-00781,1472521262,43.37923,4.87192,7472.5,-3.8,9.7,112.1,-18.3,21.4,412.5,0x20,405.003,5.5,1125,-1,2.2,,
2026-09-04T01:41:03.000Z,M20-409-2-00781,1472521263,43.37919,4.87203,7468.3,-3.0,10.3,113.6,-18.3,21.5,412.8,0x20,405.003,5.2,1125,-1,2.2,,
2026-09-04T01:41:04.000Z,M20-409-2-00781,1472521264,43.37915,4.87215,7462.9,-4.5,10.1,113.1,-18.3,21.6,413.1,0x20,405.003,5.6,1125,-1,2.2,,
2026-09-04T01:41:05.000Z,M20-409-2-00781,1472521265,43.37912,4.87227,7459.1,-2.3,11.1,111.1,-18.2,21.7,413.3,0x20,405.003,19.5,1125,-1,2.2,,
2026-09-04T01:41:06.000Z,M20-409-2-00781,1472521266,43.37908,4.87239,7455.4,-3.5,10.1,111.5,-18.2,21.7,413.6,0x20,405.003,19.5,1125,-1,2.2,,
2026-09-04T01:41:07.000Z,M20-409-2-00781,1472521267,43.37905,4.87250,7450.1,-4.3,9.8,115.2,-18.2,21.8,413.9,0x20,405.003,18.0,1125,-1,2.2,,
2026-09-04T01:41:08.000Z,M20-409-2-00781,1472521268,43.37901,4.87260,7445.2,-3.6,9.9,117.2,-18.2,21.9,414.1,0x20,405.003,21.1,1125,-1,2.2,,
2026-09-04T01:41:09.000Z,M20-409-2-00781,1472521269,43.37897,4.87271,7440.2,-4.4,10.4,117.9,-18.1,21.9,414.4,0x20,405.003,23.3,1125,-1,2.2,,
2026-09-04T01:41:10.000Z,M20-409-2-00781,1472521270,43.37893,4.87282,7435.5,-4.0,9.5,113.7,-18.1,22.0,414.6,0x20,405.003,23.3,1125,-1,2.2,,
2026-09-04T01:41:11.000Z,M20-409-2-00781,1472521271,43.37890,4.87293,7430.8,-4.1,9.3,112.2,-18.1,22.0,414.9,0x20,405.003,19.2,1125,-1,2.2,,
2026-09-04T01:41:12.000Z,M20-409-2-00781,1472521272,43.37886,4.87303,7425.7,-4.0,9.3,110.4,-18.1,22.1,415.2,0x20,405.003,21.6,1125,-1,2.2,,
2026-09-04T01:41:13.000Z,M20-409-2-00781,1472521273,43.37883,4.87314,7420.9,-3.8,9.4,115.5,-18.0,22.1,415.4,0x20,405.003,22.8,1125,-1,2.2,,
2026-09-04T01:41:14.000Z,M20-409-2-00781,1472521274,43.37879,4.87326,7416.5,-3.6,10.0,111.5,-18.0,22.1,415.7,0x20,405.003,22.8,1125,-1,2.2,,
2026-09-04T01:41:15.000Z,M20-409-2-00781,1472521275,43.37876,4.87338,7412.4,-3.5,10.4,113.1,-17.9,22.1,415.9,0x20,405.003,22.8,1125,-1,2.3,,
2026-09-04T01:41:16.000Z,M20-409-2-00781,1472521276,43.37872,4.87348,7407.8,-3.5,9.7,112.4,-17.9,22.1,416.2,0x20,405.003,6.7,1125,-1,2.3,,
2026-09-04T01:41:17.000Z,M20-409-2-00781,1472521277,43.37869,4.87359,7402.9,-3.9,9.3,112.6,-17.8,22.1,416.5,0x20,405.003,7.4,1125,-1,2.3,,
2026-09-04T01:41:18.000Z,M20-409-2-00781,1472521278,43.37866,4.87370,7397.9,-4.0,9.4,114.6,-17.8,22.1,416.7,0x20,405.003,17.5,1125,-1,2.2,,
2026-09-04T01:41:19.000Z,M20-409-2-00781,1472521279,43.37862,4.87381,7392.8,-4.1,10.1,110.3,-17.8,22.0,417.0,0x20,405.003,24.1,1125,-1,2.2,,
2026-09-04T01:41:20.000Z,M20-409-2-00781,1472521280,43.37858,4.87392,7387.6,-4.2,9.8,118.3,-17.7,22.0,417.3,0x20,405.003,24.1,1125,-1,2.3,,
2026-09-04T01:41:21.000Z,M20-409-2-00781,1472521281,43.37855,4.87403,7382.1,-4.2,9.2,107.3,-17.7,22.0,417.5,0x20,405.003,22.9,1125,-1,2.3,,
2026-09-04T01:41:22.000Z,M20-409-2-00781,1472521282,43.37852,4.87414,7377.3,-3.8,9.8,112.0,-17.7,22.0,417.8,0x20,405.003,18.6,1125,-1,2.3,,
2026-09-04T01:41:23.000Z,M20-409-2-00781,1472521283,43.37849,4.87425,7372.7,-4.5,9.0,112.6,-17.7,22.1,418.0,0x20,405.003,21.3,1125,-1,2.3,,
2026-09-04T01:41:24.000Z,M20-409-2-00781,1472521284,43.37845,4.87436,7368.2,-4.5,10.4,115.1,-17.6,22.3,418.3,0x20,405.003,23.7,1125,-1,2.3,,
2026-09-04T01:41:25.000Z,M20-409-2-00781,1472521285,43.37841,4.87448,7363.4,-2.9,10.7,114.5,-17.6,22.3,418.6,0x20,405.003,23.7,1125,-1,2.3,,
2026-09-04T01:41:26.000Z,M20-409-2-00781,1472521286,43.37838,4.87459,7359.1,-2.7,9.6,110.7,-17.6,22.5,418.9,0x20,405.003,19.7,1125,-1,2.3,,
2026-09-04T01:41:27.000Z,M20-409-2-00781,1472521287,43.37835,4.87470,7355.0,-3.7,9.4,109.5,-17.6,22.7,419.1,0x20,405.003,19.7,1125,-1,2.3,,
2026-09-04T01:41:28.000Z,M20-409-2-00781,1472521288,43.37832,4.87481,7350.4,-4.0,9.8,116.8,-17.6,22.8,419.4,0x20,405.003,19.7,1125,-1,2.3,,
2026-09-04T01:41:29.000Z,M20-409-2-00781,1472521289,43.37828,4.87492,7345.2,-4.9,9.4,112.4,-17.6,23.0,419.6,0x20,405.003,10.2,1125,-1,2.3,,
2026-09-04T01:41:30.000Z,M20-409-2-00781,1472521290,43.37824,4.87503,7339.6,-4.2,10.0,111.4,-17.6,23.2,419.9,0x20,405.003,6.2,1125,-1,2.3,,
2026-09-04T01:41:31.000Z,M20-409-2-00781,1472521291,43.37821,4.87514,7335.5,-2.7,9.7,111.4,-17.6,23.4,420.2,0x20,405.003,17.6,1125,-1,2.3,,
2026-09-04T01:41:32.000Z,M20-409-2-00781,1472521292,43.37818,4.87525,7331.6,-3.0,9.2,114.3,-17.5,23.6,420.4,0x20,405.003,18.9,1125,-1,2.3,,
2026-09-04T01:41:33.000Z,M20-409-2-00781,1472521293,43.37815,4.87535,7327.3,-3.5,10.2,115.6,-17.5,23.7,420.7,0x20,405.003,19.7,1125,-1,2.3,,
2026-09-04T01:41:34.000Z,M20-409-2-00781,1472521294,43.37811,4.87547,7322.4,-4.0,10.5,114.7,-17.5,23.8,420.9,0x20,405.003,22.1,1125,-1,2.3,,
2026-09-04T01:41:35.000Z,M20-409-2-00781,1472521295,43.37807,4.87559,7318.0,-3.2,10.0,115.6,-17.5,23.9,421.2,0x20,405.003,22.1,1125,-1,2.3,,
2026-09-04T01:41:36.000Z,M20-409-2-00781,1472521296,43.37804,4.87569,7313.4,-3.3,10.1,110.4,-17.5,24.0,421.5,0x20,405.003,21.5,1125,-1,2.3,,
2026-09-04T01:41:37.000Z,M20-409-2-00781,1472521297,43.37800,4.87581,7308.9,-3.9,10.2,114.8,-17.4,24.0,421.8,0x20,405.003,20.3,1125,-1,2.3,,
2026-09-04T01:41:38.000Z,M20-409-2-00781,1472521298,43.37796,4.87592,7303.3,-4.3,9.8,115.9,-17.4,24.1,422.0,0x20,405.003,21.7,1125,-1,2.3,,
2026-09-04T01:41:39.000Z,M20-409-2-00781,1472521299,43.37792,4.87604,7298.0,-4.4,10.8,116.7,-17.4,24.1,422.3,0x20,405.003,21.7,1125,-1,2.3,,
2026-09-04T01:41:40.000Z,M20-409-2-00781,1472521300,43.37788,4.87616,7294.2,-2.9,10.7,119.3,-17.3,24.1,422.6,0x20,405.003,20.6,1125,-1,2.3,,
2026-09-04T01:41:41.000Z,M20-409-2-00781,1472521301,43.37784,4.87627,7289.7,-3.9,10.1,113.0,-17.3,24.1,422.8,0x20,405.003,6.8,1125,-1,2.3,,
2026-09-04T01:41:42.000Z,M20-409-2-00781,1472521302,43.37780,4.87638,7284.8,-3.7,10.2,117.6,-17.2,24.2,423.1,0x20,405.003,5.9,1125,-1,2.3,,
2026-09-04T01:41:43.000Z,M20-409-2-00781,1472521303,43.37776,4.87649,7280.5,-4.7,9.9,120.6,-17.2,24.2,423.3,0x20,405.003,5.9,1500,-1,2.3,,
2026-09-04T01:41:44.000Z,M20-409-2-00781,1472521304,43.37771,4.87661,7275.6,-3.9,10.7,115.9,-17.2,24.2,423.6,0x20,405.003,18.1,1125,-1,2.3,,
2026-09-04T01:41:45.000Z,M20-409-2-00781,1472521305,43.37767,4.87672,7270.7,-3.1,10.8,114.8,-17.1,24.3,423.9,0x20,405.003,19.9,1125,-1,2.3,,
2026-09-04T01:41:46.000Z,M20-409-2-00781,1472521306,43.37763,4.87685,7266.8,-2.8,11.3,112.2,-17.1,24.3,424.1,0x20,405.003,19.9,1125,-1,2.3,,
2026-09-04T01:41:47.000Z,M20-409-2-00781,1472521307,43.37759,4.87696,7262.4,-3.3,10.1,119.6,-17.0,24.4,424.4,0x20,405.003,19.8,1125,-1,2.3,,
2026-09-04T01:41:48.000Z,M20-409-2-00781,1472521308,43.37754,4.87708,7257.8,-3.9,10.7,118.1,-17.0,24.5,424.7,0x20,405.003,21.2,1125,-1,2.3,,
2026-09-04T01:41:49.000Z,M20-409-2-00781,1472521309,43.37750,4.87720,7253.3,-3.1,11.5,118.5,-17.0,24.6,424.9,0x20,405.003,21.2,1125,-1,2.3,,
2026-09-04T01:41:50.000Z,M20-409-2-00781,1472521310,43.37745,4.87732,7248.3,-3.8,10.6,115.3,-16.9,24.6,425.2,0x20,405.003,19.5,1125,-1,2.3,,
2026-09-04T01:41:51.000Z,M20-409-2-00781,1472521311,43.37741,4.87744,7243.8,-2.7,10.6,117.1,-16.9,24.6,425.5,0x20,405.003,20.5,1125,-1,2.3,,
2026-09-04T01:41:52.000Z,M20-409-2-00781,1472521312,43.37736,4.87755,7239.5,-3.7,10.9,119.0,-16.9,24.7,425.7,0x20,405.003,22.0,1125,-1,2.3,,
2026-09-04T01:41:53.000Z,M20-409-2-00781,1472521313,43.37731,4.87767,7235.2,-2.8,11.4,118.8,-16.9,25.0,426.0,0x20,405.003,22.0,1125,-1,2.3,,
2026-09-04T01:41:54.000Z,M20-409-2-00781,1472521314,43.37727,4.87779,7230.4,-3.1,10.1,112.0,-16.9,25.4,426.2,0x20,405.003,5.2,1125,-1,2.3,,
2026-09-04T01:41:55.000Z,M20-409-2-00781,1472521315,43.37723,4.87791,7225.9,-3.3,10.9,115.6,-16.8,25.8,426.5,0x20,405.003,6.3,1125,-1,2.3,,
2026-09-04T01:41:56.000Z,M20-409-2-00781,1472521316,43.37718,4.87803,7221.0,-3.6,11.7,120.5,-16.8,26.2,426.8,0x20,405.003,6.3,1125,-1,2.3,,
2026-09-04T01:41:57.000Z,M20-409-2-00781,1472521317,43.37713,4.87816,7216.8,-3.7,11.5,119.0,-16.8,26.8,427.1,0x20,405.003,18.0,1125,-1,2.3,,
2026-09-04T01:41:58.000Z,M20-409-2-00781,1472521318,43.37709,4.87827,7211.6,-3.2,11.8,118.7,-16.8,27.4,427.3,0x20,405.003,21.7,1125,-1,2.3,,
2026-09-04T01:41:59.000Z,M20-409-2-00781,1472521319,43.37704,4.87840,7206.8,-4.0,11.7,120.7,-16.9,28.1,427.6,0x20,405.003,21.7,1125,-1,2.3,,
2026-09-04T01:42:00.000Z,M20-409-2-00781,1472521320,43.37698,4.87851,7201.6,-4.4,11.2,126.5,-16.8,28.7,427.8,0x20,405.003,21.7,1125,-1,2.3,,
2026-09-04T01:42:01.000Z,M20-409-2-00781,1472521321,43.37691,4.87862,7196.6,-3.6,11.4,132.5,-16.8,28.8,428.1,0x20,405.003,21.3,1125,-1,2.3,,
2026-09-04T01:42:02.000Z,M20-409-2-00781,1472521322,43.37685,4.87873,7192.4,-3.2,11.9,121.8,-16.8,28.7,428.4,0x20,405.003,21.3,1125,-1,2.3,,
2026-09-04T01:42:03.000Z,M20-409-2-00781,1472521323,43.37680,4.87885,7188.1,-3.0,11.3,123.2,-16.8,28.5,428.6,0x20,405.003,20.9,1125,-1,2.3,,
2026-09-04T01:42:04.000Z,M20-409-2-00781,1472521324,43.37674,4.87897,7184.4,-2.7,11.3,121.4,-16.8,28.3,428.9,0x20,405.003,18.1,1125,-1,2.3,,
2026-09-04T01:42:05.000Z,M20-409-2-00781,1472521325,43.37669,4.87910,7180.1,-3.5,11.9,122.6,-16.7,28.0,429.2,0x20,405.003,20.9,1125,-1,2.3,,
2026-09-04T01:42:06.000Z,M20-409-2-00781,1472521326,43.37662,4.87922,7174.6,-4.9,11.6,127.5,-16.7,27.8,429.4,0x20,405.003,20.9,1125,-1,2.3,,
2026-09-04T01:42:07.000Z,M20-409-2-00781,1472521327,43.37656,4.87934,7169.2,-2.9,11.9,122.6,-16.7,27.6,429.7,0x20,405.003,9.8,1125,-1,2.3,,
2026-09-04T01:42:08.000Z,M20-409-2-00781,1472521328,43.37650,4.87946,7164.7,-4.2,12.1,122.8,-16.7,27.5,429.9,0x20,405.003,5.3,1125,-1,2.3,,
2026-09-04T01:42:09.000Z,M20-409-2-00781,1472521329,43.37645,4.87959,7160.2,-2.8,11.8,122.2,-16.6,27.4,430.2,0x20,405.003,5.3,1125,-1,2.3,,
2026-09-04T01:42:10.000Z,M20-409-2-00781,1472521330,43.37639,4.87971,7155.7,-3.8,11.6,123.5,-16.6,27.4,430.5,0x20,405.003,12.6,1125,-1,2.3,,
2026-09-04T01:42:11.000Z,M20-409-2-00781,1472521331,43.37633,4.87983,7151.1,-3.0,11.3,124.1,-16.6,27.4,430.8,0x20,405.003,18.2,1125,-1,2.3,,
2026-09-04T01:42:12.000Z,M20-409-2-00781,1472521332,43.37627,4.87994,7147.6,-3.5,11.6,123.7,-16.6,27.6,431.0,0x20,405.003,20.6,1125,-1,2.3,,
2026-09-04T01:42:13.000Z,M20-409-2-00781,1472521333,43.37621,4.88006,7142.2,-3.5,11.8,123.8,-16.6,27.9,431.3,0x20,405.003,20.6,1125,-1,2.3,,
2026-09-04T01:42:14.000Z,M20-409-2-00781,1472521334,43.37616,4.88017,7137.7,-2.9,10.6,122.5,-16.6,28.2,431.6,0x20,405.003,18.3,1125,-1,2.3,,
2026-09-04T01:42:15.000Z,M20-409-2-00781,1472521335,43.37610,4.88029,7133.5,-2.8,11.5,121.5,-16.6,28.6,431.8,0x20,405.003,18.3,1125,-1,2.3,,
2026-09-04T01:42:16.000Z,M20-409-2-00781,1472521336,43.37604,4.88040,7128.8,-4.2,10.7,127.6,-16.6,29.0,432.1,0x20,405.003,18.9,1125,-1,2.3,,
2026-09-04T01:42:17.000Z,M20-409-2-00781,1472521337,43.37598,4.88051,7124.1,-3.7,11.2,126.0,-16.6,29.4,432.3,0x20,405.003,21.3,1125,-1,2.3,,
2026-09-04T01:42:18.000Z,M20-409-2-00781,1472521338,43.37593,4.88063,7119.4,-3.1,11.6,122.0,-16.6,29.8,432.6,0x20,405.003,21.3,1125,-1,2.3,,
2026-09-04T01:42:19.000Z,M20-409-2-00781,1472521339,43.37586,4.88074,7115.5,-2.9,11.9,129.0,-16.6,30.2,432.9,0x20,405.003,19.2,1125,-1,2.3,,
2026-09-04T01:42:20.000Z,M20-409-2-00781,1472521340,43.37580,4.88085,7111.2,-2.6,10.4,124.5,-16.6,30.5,433.1,0x20,405.003,18.0,1125,-1,2.3,,
2026-09-04T01:42:21.000Z,M20-409-2-00781,1472521341,43.37575,4.88096,7106.6,-4.6,11.0,124.1,-16.6,30.7,433.4,0x20,405.003,18.0,1875,-1,2.3,,
2026-09-04T01:42:22.000Z,M20-409-2-00781,1472521342,43.37569,4.88107,7101.2,-4.1,11.3,127.3,-16.5,30.9,433.7,0x20,405.003,6.1,1125,-1,2.3,,
2026-09-04T01:42:23.000Z,M20-409-2-00781,1472521343,43.37562,4.88118,7096.5,-3.6,11.3,132.6,-16.5,31.0,433.9,0x20,405.003,6.1,1125,-1,2.3,,
2026-09-04T01:42:24.000Z,M20-409-2-00781,1472521344,43.37555,4.88128,7092.2,-3.2,11.0,130.7,-16.5,31.1,434.2,0x20,405.003,19.7,1125,-1,2.3,,
2026-09-04T01:42:25.000Z,M20-409-2-00781,1472521345,43.37549,4.88139,7087.6,-4.0,11.4,130.4,-16.5,31.2,434.5,0x20,405.003,22.0,1125,-1,2.3,,
2026-09-04T01:42:26.000Z,M20-409-2-00781,1472521346,43.37542,4.88150,7083.6,-2.9,11.6,127.5,-16.4,31.2,434.7,0x20,405.003,22.1,1125,-1,2.3,,
2026-09-04T01:42:27.000Z,M20-409-2-00781,1472521347,43.37536,4.88160,7080.0,-2.6,10.3,134.4,-16.4,31.2,435.0,0x20,405.003,22.1,1125,-1,2.3,,
2026-09-04T01:42:28.000Z,M20-409-2-00781,1472521348,43.37528,4.88170,7074.7,-3.7,11.4,132.5,-16.4,31.2,435.2,0x20,405.003,19.6,1125,-1,2.3,,
2026-09-04T01:42:29.000Z,M20-409-2-00781,1472521349,43.37521,4.88181,7070.0,-3.3,11.6,133.4,-16.4,31.3,435.5,0x20,405.003,19.6,1875,-1,2.3,,
2026-09-04T01:42:30.000Z,M20-409-2-00781,1472521350,43.37513,4.88191,7064.7,-4.3,11.1,136.6,-16.3,31.2,435.8,0x20,405.003,23.1,1125,-1,2.3,,
2026-09-04T01:42:31.000Z,M20-409-2-00781,1472521351,43.37506,4.88201,7059.8,-3.9,11.5,132.3,-16.3,31.1,436.1,0x20,405.003,24.8,1125,-1,2.3,,
2026-09-04T01:42:32.000Z,M20-409-2-00781,1472521352,43.37499,4.88212,7055.3,-4.0,12.3,133.1,-16.3,31.1,436.3,0x20,405.003,24.8,1125,-1,2.3,,
2026-09-04T01:42:33.000Z,M20-409-2-00781,1472521353,43.37492,4.88223,7051.5,-1.2,10.8,126.8,-16.3,31.0,436.6,0x20,405.003,10.8,1125,-1,2.3,,
2026-09-04T01:42:34.000Z,M20-409-2-00781,1472521354,43.37486,4.88233,7048.5,-2.5,10.5,131.4,-16.2,30.9,436.8,0x20,405.003,6.0,1125,-1,2.3,,
2026-09-04T01:42:35.000Z,M20-409-2-00781,1472521355,43.37478,4.88243,7044.6,-2.2,11.6,135.7,-16.2,30.9,437.1,0x20,405.003,5.8,1125,-1,2.3,,
2026-09-04T01:42:36.000Z,M20-409-2-00781,1472521356,43.37471,4.88253,7040.7,-4.4,11.0,139.7,-16.1,30.8,437.4,0x20,405.003,13.1,1125,-1,2.3,,
2026-09-04T01:42:37.000Z,M20-409-2-00781,1472521357,43.37464,4.88262,7034.1,-3.9,10.9,133.5,-16.1,30.8,437.6,0x20,405.003,22.1,1125,-1,2.3,,
2026-09-04T01:42:38.000Z,M20-409-2-00781,1472521358,43.37457,4.88272,7029.4,-3.5,11.3,132.4,-16.0,30.8,437.9,0x20,405.003,22.1,1125,-1,2.3,,
2026-09-04T01:42:39.000Z,M20-409-2-00781,1472521359,43.37450,4.88282,7024.6,-3.8,11.1,133.0,-16.0,30.8,438.2,0x20,405.003,22.1,1125,-1,2.3,,
2026-09-04T01:42:40.000Z,M20-409-2-00781,1472521360,43.37443,4.88291,7019.7,-3.9,10.6,133.0,-15.9,30.7,438.5,0x20,405.003,22.0,1125,-1,2.3,,
2026-09-04T01:42:41.000Z,M20-409-2-00781,1472521361,43.37436,4.88301,7014.3,-4.7,10.9,135.9,-15.9,30.7,438.7,0x20,405.003,22.3,1125,-1,2.3,,
2026-09-04T01:42:42.000Z,M20-409-2-00781,1472521362,43.37429,4.88311,7010.4,-2.4,11.6,131.8,-15.9,30.6,439.0,0x20,405.003,23.9,1125,-1,2.3,,
2026-09-04T01:42:43.000Z,M20-409-2-00781,1472521363,43.37422,4.88321,7006.4,-3.4,11.1,137.2,-15.8,30.6,439.3,0x20,405.003,23.9,1125,-1,2.3,,
2026-09-04T01:42:44.000Z,M20-409-2-00781,1472521364,43.37415,4.88330,7002.3,-2.0,9.4,132.0,-15.8,30.6,439.5,0x20,405.003,21.1,1125,-1,2.3,,
2026-09-04T01:42:45.000Z,M20-409-2-00781,1472521365,43.37409,4.88339,6998.6,-3.6,10.7,129.7,-15.7,30.5,439.8,0x20,405.003,20.8,1125,-1,2.3,,
2026-09-04T01:42:46.000Z,M20-409-2-00781,1472521366,43.37403,4.88348,6992.9,-4.3,10.2,134.3,-15.7,30.5,440.1,0x20,405.003,16.9,1125,-1,2.3,,
2026-09-04T01:42:47.000Z,M20-409-2-00781,1472521367,43.37396,4.88358,6987.9,-3.8,10.5,134.9,-15.6,30.4,440.3,0x20,405.003,8.1,1125,-1,2.3,,
2026-09-04T01:42:48.000Z,M20-409-2-00781,1472521368,43.37389,4.88367,6983.2,-3.1,11.3,136.1,-15.6,30.4,440.6,0x20,405.003,6.2,1125,-1,2.3,,
2026-09-04T01:42:49.000Z,M20-409-2-00781,1472521369,43.37382,4.88376,6978.0,-4.0,11.3,135.7,-15.6,30.4,440.9,0x20,405.003,11.0,1125,-1,2.3,,
2026-09-04T01:42:50.000Z,M20-409-2-00781,1472521370,43.37375,4.88386,6973.1,-3.8,10.2,136.0,-15.5,30.4,441.1,0x20,405.003,19.3,1125,-1,2.3,,
2026-09-04T01:42:51.000Z,M20-409-2-00781,1472521371,43.37368,4.88395,6968.1,-3.3,11.2,131.7,-15.5,30.5,441.4,0x20,405.003,19.3,1125,-1,2.3,,
2026-09-04T01:42:52.000Z,M20-409-2-00781,1472521372,43.37361,4.88404,6963.2,-3.7,10.9,139.0,-15.5,30.7,441.7,0x20,405.003,19.2,1125,-1,2.3,,
2026-09-04T01:42:53.000Z,M20-409-2-00781,1472521373,43.37354,4.88413,6958.2,-4.6,10.0,136.7,-15.5,30.7,441.9,0x20,405.003,21.3,1125,-1,2.3,,
2026-09-04T01:42:54.000Z,M20-409-2-00781,1472521374,43.37347,4.88421,6952.9,-4.2,10.4,138.2,-15.4,30.8,442.2,0x20,405.003,23.4,1125,-1,2.3,,
2026-09-04T01:42:55.000Z,M20-409-2-00781,1472521375,43.37340,4.88430,6948.1,-3.5,11.2,136.7,-15.5,31.1,442.5,0x20,405.003,23.4,1125,-1,2.3,,
2026-09-04T01:42:56.000Z,M20-409-2-00781,1472521376,43.37333,4.88439,6943.8,-3.4,10.3,138.6,-15.5,31.6,442.8,0x20,405.003,20.6,1125,-1,2.3,,
2026-09-04T01:42:57.000Z,M20-409-2-00781,1472521377,43.37326,4.88447,6939.7,-3.5,10.0,134.2,-15.5,31.9,443.0,0x20,405.003,19.8,1125,-1,2.3,,
2026-09-04T01:42:58.000Z,M20-409-2-00781,1472521378,43.37320,4.88456,6935.2,-3.6,10.4,138.3,-15.4,32.2,443.3,0x20,405.003,22.4,1125,-1,2.3,,
2026-09-04T01:42:59.000Z,M20-409-2-00781,1472521379,43.37312,4.88464,6929.9,-4.8,10.1,142.4,-15.4,32.4,443.6,0x20,405.003,22.4,1125,-1,2.3,,
2026-09-04T01:43:00.000Z,M20-409-2-00781,1472521380,43.37305,4.88472,6925.1,-3.7,10.9,139.2,-15.4,32.7,443.9,0x20,405.003,22.4,1875,-1,2.3,,
2026-09-04T01:43:01.000Z,M20-409-2-00781,1472521381,43.37297,4.88481,6920.6,-3.8,11.3,141.7,-15.3,33.0,444.1,0x20,405.003,6.8,1500,-1,2.3,,
2026-09-04T01:43:02.000Z,M20-409-2-00781,1472521382,43.37289,4.88490,6916.4,-3.0,10.9,141.5,-15.3,33.2,444.4,0x20,405.003,5.2,1125,-1,2.3,,
2026-09-04T01:43:03.000Z,M20-409-2-00781,1472521383,43.37282,4.88498,6912.1,-3.8,10.3,137.8,-15.3,33.4,444.7,0x20,405.003,13.5,1125,-1,2.3,,
2026-09-04T01:43:04.000Z,M20-409-2-00781,1472521384,43.37274,4.88506,6907.5,-3.9,11.1,142.0,-15.3,33.5,445.0,0x20,405.003,17.8,1875,-1,2.3,,
2026-09-04T01:43:05.000Z,M20-409-2-00781,1472521385,43.37266,4.88514,6902.3,-4.4,10.8,143.3,-15.2,33.7,445.2,0x20,405.003,19.5,1125,-1,2.3,,
2026-09-04T01:43:06.000Z,M20-409-2-00781,1472521386,43.37259,4.88523,6897.8,-4.0,11.1,142.0,-15.2,33.8,445.5,0x20,405.003,21.7,1125,-1,2.3,,
2026-09-04T01:43:07.000Z,M20-409-2-00781,1472521387,43.37251,4.88531,6892.8,-4.6,11.9,141.6,-15.1,33.8,445.8,0x20,405.003,24.3,1125,-1,2.3,,
2026-09-04T01:43:08.000Z,M20-409-2-00781,1472521388,43.37242,4.88540,6887.7,-2.8,11.3,146.5,-15.1,33.8,446.1,0x20,405.003,24.3,1125,-1,2.3,,
2026-09-04T01:43:09.000Z,M20-409-2-00781,1472521389,43.37235,4.88548,6883.1,-2.9,10.8,137.3,-15.1,34.0,446.4,0x20,405.003,19.7,1125,-1,2.3,,
2026-09-04T01:43:10.000Z,M20-409-2-00781,1472521390,43.37227,4.88557,6879.1,-4.1,11.2,143.7,-15.0,34.5,446.6,0x20,405.003,21.6,1125,-1,2.3,,
2026-09-04T01:43:11.000Z,M20-409-2-00781,1472521391,43.37219,4.88565,6874.6,-3.7,10.7,142.6,-15.0,34.7,446.9,0x20,405.003,22.9,1125,-1,2.3,,
2026-09-04T01:43:12.000Z,M20-409-2-00781,1472521392,43.37211,4.88573,6870.0,-4.2,11.1,140.0,-14.9,34.6,447.2,0x20,405.003,22.9,1125,-1,2.3,,
2026-09-04T01:43:13.000Z,M20-409-2-00781,1472521393,43.37203,4.88582,6865.3,-3.1,12.0,139.9,-14.9,34.8,447.5,0x20,405.003,11.3,1125,-1,2.3,,
2026-09-04T01:43:14.000Z,M20-409-2-00781,1472521394,43.37195,4.88591,6860.7,-3.5,11.1,139.7,-14.8,35.0,447.8,0x20,405.003,6.1,1125,-1,2.3,,
2026-09-04T01:43:15.000Z,M20-409-2-00781,1472521395,43.37187,4.88600,6855.5,-3.3,10.9,139.9,-14.8,35.2,448.1,0x20,405.003,5.8,1875,-1,2.3,,
2026-09-04T01:43:16.000Z,M20-409-2-00781,1472521396,43.37179,4.88608,6850.1,-4.3,11.1,145.5,-14.7,35.2,448.3,0x20,405.003,15.5,1875,-1,2.3,,
2026-09-04T01:43:17.000Z,M20-409-2-00781,1472521397,43.37172,4.88616,6845.4,-3.3,10.7,141.1,-14.7,35.2,448.6,0x20,405.003,20.0,1125,-1,2.3,,
2026-09-04T01:43:18.000Z,M20-409-2-00781,1472521398,43.37164,4.88626,6840.6,-4.3,12.1,138.4,-14.7,35.2,448.9,0x20,405.003,22.4,1125,-1,2.3,,
2026-09-04T01:43:19.000Z,M20-409-2-00781,1472521399,43.37156,4.88635,6836.0,-3.4,12.0,139.6,-14.6,35.0,449.1,0x20,405.003,22.4,1125,-1,2.3,,
2026-09-04T01:43:20.000Z,M20-409-2-00781,1472521400,43.37148,4.88645,6831.5,-3.1,10.6,138.8,-14.6,34.8,449.4,0x20,405.003,22.1,1125,-1,2.3,,
2026-09-04T01:43:21.000Z,M20-409-2-00781,1472521401,43.37140,4.88653,6828.0,-2.8,11.2,142.9,-14.5,34.6,449.7,0x20,405.003,19.6,1125,-1,2.3,,
2026-09-04T01:43:22.000Z,M20-409-2-00781,1472521402,43.37132,4.88662,6822.1,-5.2,11.3,140.2,-14.5,34.5,450.0,0x20,405.003,21.8,1125,-1,2.3,,
2026-09-04T01:43:23.000Z,M20-409-2-00781,1472521403,43.37123,4.88670,6816.9,-4.6,11.3,144.9,-14.4,34.3,450.3,0x20,405.003,21.8,1125,-1,2.3,,
2026-09-04T01:43:24.000Z,M20-409-2-00781,1472521404,43.37116,4.88679,6811.6,-4.2,11.5,139.3,-14.4,34.2,450.6,0x20,405.003,22.2,1125,-1,2.3,,
2026-09-04T01:43:25.000Z,M20-409-2-00781,1472521405,43.37108,4.88688,6808.4,-2.1,11.3,142.3,-14.3,34.1,450.9,0x20,405.003,22.2,1125,-1,2.3,,
2026-09-04T01:43:26.000Z,M20-409-2-00781,1472521406,43.37099,4.88697,6803.5,-2.4,10.4,137.7,-14.3,34.1,451.2,0x20,405.003,6.0,1125,-1,2.3,,
2026-09-04T01:43:27.000Z,M20-409-2-00781,1472521407,43.37092,4.88705,6800.0,-3.3,10.8,146.2,-14.2,34.5,451.4,0x20,405.003,6.0,1125,-1,2.3,,
2026-09-04T01:43:28.000Z,M20-409-2-00781,1472521408,43.37083,4.88714,6793.9,-3.7,11.1,140.1,-14.2,35.1,451.7,0x20,405.003,6.2,1125,-1,2.3,,
2026-09-04T01:43:29.000Z,M20-409-2-00781,1472521409,43.37075,4.88723,6788.7,-4.5,11.6,144.7,-14.2,35.5,452.0,0x20,405.003,17.7,1125,-1,2.3,,
2026-09-04T01:43:30.000Z,M20-409-2-00781,1472521410,43.37066,4.88733,6782.4,-4.5,12.5,138.6,-14.1,35.6,452.3,0x20,405.003,20.7,1125,-1,2.3,,
2026-09-04T01:43:31.000Z,M20-409-2-00781,1472521411,43.37058,4.88743,6778.0,-3.0,11.8,136.0,-14.0,35.9,452.6,0x20,405.003,20.7,1125,-1,2.3,,
2026-09-04T01:43:32.000Z,M20-409-2-00781,1472521412,43.37050,4.88753,6773.8,-3.2,11.8,139.7,-14.0,36.1,452.9,0x20,405.003,19.3,1125,-1,2.3,,
2026-09-04T01:43:33.000Z,M20-409-2-00781,1472521413,43.37042,4.88762,6769.0,-3.9,11.0,139.5,-14.0,36.1,453.1,0x20,405.003,19.8,1125,-1,2.3,,
2026-09-04T01:43:34.000Z,M20-409-2-00781,1472521414,43.37034,4.88772,6764.0,-3.4,12.3,137.7,-13.9,36.1,453.4,0x20,405.003,22.3,1125,-1,2.3,,
2026-09-04T01:43:35.000Z,M20-409-2-00781,1472521415,43.37026,4.88782,6759.6,-3.6,12.0,139.2,-13.9,36.0,453.7,0x20,405.003,22.3,1125,-1,2.3,,
2026-09-04T01:43:36.000Z,M20-409-2-00781,1472521416,43.37018,4.88791,6754.6,-3.5,11.8,137.3,-13.8,35.9,454.0,0x20,405.003,21.2,1125,-1,2.3,,
2026-09-04T01:43:37.000Z,M20-409-2-00781,1472521417,43.37010,4.88802,6750.4,-3.1,12.3,136.3,-13.8,35.9,454.3,0x20,405.003,19.4,1125,-1,2.3,,
2026-09-04T01:43:38.000Z,M20-409-2-00781,1472521418,43.37002,4.88812,6746.0,-3.8,11.8,138.1,-13.7,36.0,454.5,0x20,405.003,17.8,1125,-1,2.3,,
2026-09-04T01:43:39.000Z,M20-409-2-00781,1472521419,43.36994,4.88821,6741.1,-4.1,11.6,141.8,-13.7,35.9,454.8,0x20,405.003,6.1,1125,-1,2.3,,
2026-09-04T01:43:40.000Z,M20-409-2-00781,1472521420,43.36985,4.88830,6736.7,-4.0,12.2,140.2,-13.7,35.8,455.1,0x20,405.003,6.0,1125,-1,2.3,,
2026-09-04T01:43:41.000Z,M20-409-2-00781,1472521421,43.36976,4.88840,6730.9,-5.3,13.1,142.5,-13.6,35.8,455.4,0x20,405.003,5.3,1125,-1,2.3,,
2026-09-04T01:43:42.000Z,M20-409-2-00781,1472521422,43.36967,4.88850,6725.0,-4.3,12.9,138.2,-13.6,35.8,455.7,0x20,405.003,15.6,1125,-1,2.3,,
2026-09-04T01:43:43.000Z,M20-409-2-00781,1472521423,43.36959,4.88860,6720.1,-3.9,12.0,140.5,-13.5,35.8,455.9,0x20,405.003,16.7,1125,-1,2.3,,
2026-09-04T01:43:44.000Z,M20-409-2-00781,1472521424,43.36950,4.88869,6715.1,-4.6,11.9,138.9,-13.5,35.8,456.2,0x20,405.003,18.7,1125,-1,2.3,,
2026-09-04T01:43:45.000Z,M20-409-2-00781,1472521425,43.36942,4.88878,6710.3,-4.6,11.4,137.8,-13.4,35.8,456.5,0x20,405.003,19.1,1125,-1,2.3,,
2026-09-04T01:43:46.000Z,M20-409-2-00781,1472521426,43.36934,4.88887,6705.3,-5.2,12.5,142.7,-13.4,35.8,456.8,0x20,405.003,21.6,1125,-1,2.3,,
2026-09-04T01:43:47.000Z,M20-409-2-00781,1472521427,43.36925,4.88897,6699.6,-4.6,12.3,140.2,-13.3,35.7,457.1,0x20,405.003,21.6,1125,-1,2.3,,
2026-09-04T01:43:48.000Z,M20-409-2-00781,1472521428,43.36917,4.88907,6695.3,-4.2,12.0,137.6,-13.3,35.7,457.4,0x20,405.003,20.9,1125,-1,2.3,,
2026-09-04T01:43:49.000Z,M20-409-2-00781,1472521429,43.36909,4.88917,6691.2,-3.1,12.1,140.4,-13.3,35.6,457.7,0x20,405.003,19.7,1125,-1,2.3,,
2026-09-04T01:43:50.000Z,M20-409-2-00781,1472521430,43.36901,4.88927,6687.1,-4.1,11.9,136.5,-13.2,35.5,458.0,0x20,405.003,19.5,1125,-1,2.3,,
2026-09-04T01:43:51.000Z,M20-409-2-00781,1472521431,43.36893,4.88936,6682.6,-3.9,11.9,139.4,-13.2,35.4,458.2,0x20,405.003,19.5,1125,-1,2.3,,
2026-09-04T01:43:52.000Z,M20-409-2-00781,1472521432,43.36884,4.88946,6678.1,-4.0,12.2,142.8,-13.1,35.3,458.5,0x20,405.003,19.4,1125,-1,2.3,,
2026-09-04T01:43:53.000Z,M20-409-2-00781,1472521433,43.36876,4.88955,6674.2,-3.8,12.1,141.7,-13.1,35.2,458.8,0x20,405.003,6.5,1125,-1,2.3,,
2026-09-04T01:43:54.000Z,M20-409-2-00781,1472521434,43.36867,4.88965,6669.1,-3.8,12.5,140.6,-13.1,35.1,459.1,0x20,405.003,5.4,1125,-1,2.3,,
2026-09-04T01:43:55.000Z,M20-409-2-00781,1472521435,43.36859,4.88974,6664.7,-2.6,11.7,139.7,-13.0,35.1,459.4,0x20,405.003,13.9,1125,-1,2.3,,
2026-09-04T01:43:56.000Z,M20-409-2-00781,1472521436,43.36851,4.88984,6660.2,-3.7,11.8,137.5,-13.0,34.9,459.7,0x20,405.003,16.5,1125,-1,2.3,,
2026-09-04T01:43:57.000Z,M20-409-2-00781,1472521437,43.36843,4.88994,6654.6,-5.2,11.7,139.8,-12.9,34.7,460.0,0x20,405.003,18.3,1125,-1,2.3,,
2026-09-04T01:43:58.000Z,M20-409-2-00781,1472521438,43.36834,4.89003,6649.5,-4.5,12.3,144.0,-12.9,34.5,460.2,0x20,405.003,19.8,1125,-1,2.3,,
2026-09-04T01:43:59.000Z,M20-409-2-00781,1472521439,43.36825,4.89012,6645.3,-3.7,12.1,141.9,-12.9,34.1,460.5,0x20,405.003,20.1,1125,-1,2.3,,
2026-09-04T01:44:00.000Z,M20-409-2-00781,1472521440,43.36817,4.89021,6640.4,-3.8,12.1,140.5,-12.8,33.8,460.8,0x20,405.003,20.1,1125,-1,2.3,,
2026-09-04T01:44:01.000Z,M20-409-2-00781,1472521441,43.36809,4.89030,6636.0,-3.8,12.5,144.7,-12.8,33.5,461.1,0x20,405.003,19.4,1125,-1,2.3,,
2026-09-04T01:44:02.000Z,M20-409-2-00781,1472521442,43.36800,4.89039,6631.2,-3.8,11.6,140.8,-12.7,33.3,461.4,0x20,405.003,17.9,1125,-1,2.3,,
2026-09-04T01:44:03.000Z,M20-409-2-00781,1472521443,43.36792,4.89048,6626.6,-3.7,10.9,135.8,-12.7,33.2,461.7,0x20,405.003,19.2,1125,-1,2.3,,
2026-09-04T01:44:04.000Z,M20-409-2-00781,1472521444,43.36785,4.89057,6621.9,-3.6,11.3,139.5,-12.6,33.0,462.0,0x20,405.003,19.2,1875,-1,2.3,,
2026-09-04T01:44:05.000Z,M20-409-2-00781,1472521445,43.36776,4.89066,6617.0,-4.5,12.1,145.9,-12.6,32.9,462.3,0x20,405.003,9.0,1125,-1,2.3,,
2026-09-04T01:44:06.000Z,M20-409-2-00781,1472521446,43.36768,4.89074,6611.6,-4.1,11.6,144.5,-12.5,32.8,462.5,0x20,405.003,5.1,1125,-1,2.3,,
2026-09-04T01:44:07.000Z,M20-409-2-00781,1472521447,43.36759,4.89083,6606.5,-4.5,11.7,140.0,-12.5,32.7,462.8,0x20,405.003,5.1,1125,-1,2.3,,
2026-09-04T01:44:08.000Z,M20-409-2-00781,1472521448,43.36751,4.89092,6601.8,-3.4,12.2,141.5,-12.5,32.5,463.1,0x20,405.003,10.4,1875,-1,2.3,,
2026-09-04T01:44:09.000Z,M20-409-2-00781,1472521449,43.36743,4.89101,6598.1,-3.0,11.5,142.9,-12.4,32.5,463.4,0x20,405.003,15.8,1125,-1,2.3,,
2026-09-04T01:44:10.000Z,M20-409-2-00781,1472521450,43.36735,4.89109,6594.4,-2.9,10.4,139.1,-12.4,32.4,463.7,0x20,405.003,17.0,1125,-1,2.3,,
2026-09-04T01:44:11.000Z,M20-409-2-00781,1472521451,43.36728,4.89118,6589.5,-4.8,10.8,138.8,-12.3,32.3,464.0,0x20,405.003,17.0,1125,-1,2.3,,
2026-09-04T01:44:12.000Z,M20-409-2-00781,1472521452,43.36720,4.89126,6585.1,-3.1,11.5,143.7,-12.3,32.1,464.3,0x20,405.003,17.0,1500,-1,2.3,,
2026-09-04T01:44:13.000Z,M20-409-2-00781,1472521453,43.36712,4.89135,6580.0,-4.5,11.4,146.9,-12.3,31.9,464.6,0x20,405.003,19.2,1125,-1,2.3,,
2026-09-04T01:44:14.000Z,M20-409-2-00781,1472521454,43.36703,4.89142,6574.7,-4.1,10.9,143.3,-12.2,31.8,464.9,0x20,405.003,19.8,1125,-1,2.3,,
2026-09-04T01:44:15.000Z,M20-409-2-00781,1472521455,43.36695,4.89151,6569.5,-4.7,12.1,141.0,-12.2,31.8,465.2,0x20,405.003,21.3,1125,-1,2.3,,
2026-09-04T01:44:16.000Z,M20-409-2-00781,1472521456,43.36687,4.89161,6565.1,-2.7,12.5,139.5,-12.1,31.7,465.4,0x20,405.003,21.3,1125,-1,2.3,,
2026-09-04T01:44:17.000Z,M20-409-2-00781,1472521457,43.36679,4.89170,6561.1,-3.4,10.5,143.8,-12.1,31.7,465.8,0x20,405.003,18.4,1125,-1,2.3,,
2026-09-04T01:44:18.000Z,M20-409-2-00781,1472521458,43.36671,4.89178,6556.3,-3.9,10.8,142.6,-12.0,31.6,466.0,0x20,405.003,17.8,1125,-1,2.3,,
2026-09-04T01:44:19.000Z,M20-409-2-00781,1472521459,43.36663,4.89186,6551.5,-3.8,11.2,139.7,-11.9,31.5,466.4,0x20,405.003,6.3,1125,-1,2.3,,
2026-09-04T01:44:20.000Z,M20-409-2-00781,1472521460,43.36655,4.89195,6546.3,-5.5,11.0,146.7,-11.9,31.4,466.7,0x20,405.003,5.1,1125,-1,2.3,,
2026-09-04T01:44:21.000Z,M20-409-2-00781,1472521461,43.36647,4.89203,6541.0,-4.2,11.1,144.8,-11.9,31.3,467.0,0x20,405.003,8.5,1125,-1,2.3,,
2026-09-04T01:44:22.000Z,M20-409-2-00781,1472521462,43.36639,4.89211,6535.5,-4.7,12.1,140.0,-11.8,31.2,467.3,0x20,405.003,19.2,1875,-1,2.3,,
2026-09-04T01:44:23.000Z,M20-409-2-00781,1472521463,43.36631,4.89221,6531.1,-3.5,11.9,141.5,-11.8,31.0,467.6,0x20,405.003,19.4,1500,-1,2.3,,
2026-09-04T01:44:24.000Z,M20-409-2-00781,1472521464,43.36623,4.89229,6527.0,-3.5,10.2,144.4,-11.7,30.8,467.9,0x20,405.003,19.4,1500,-1,2.3,,
2026-09-04T01:44:25.000Z,M20-409-2-00781,1472521465,43.36616,4.89236,6522.6,-2.9,10.7,138.6,-11.7,30.7,468.2,0x20,405.003,17.5,1125,-1,2.3,,
2026-09-04T01:44:26.000Z,M20-409-2-00781,1472521466,43.36608,4.89245,6517.8,-4.5,10.5,143.6,-11.6,30.6,468.5,0x20,405.003,19.4,1125,-1,2.3,,
2026-09-04T01:44:27.000Z,M20-409-2-00781,1472521467,43.36600,4.89252,6511.5,-5.6,10.5,147.5,-11.6,30.5,468.8,0x20,405.003,20.3,1125,-1,2.3,,
2026-09-04T01:44:28.000Z,M20-409-2-00781,1472521468,43.36592,4.89260,6506.6,-3.2,10.9,141.6,-11.6,30.3,469.1,0x20,405.003,20.9,1125,-1,2.3,,
2026-09-04T01:44:29.000Z,M20-409-2-00781,1472521469,43.36584,4.89268,6501.6,-4.7,11.7,143.6,-11.5,30.3,469.4,0x20,405.003,20.9,1125,-1,2.3,,
2026-09-04T01:44:30.000Z,M20-409-2-00781,1472521470,43.36576,4.89277,6496.8,-3.2,11.1,143.2,-11.5,30.3,469.6,0x20,405.003,18.0,1125,-1,2.3,,
2026-09-04T01:44:31.000Z,M20-409-2-00781,1472521471,43.36568,4.89285,6492.9,-2.4,10.4,142.1,-11.4,30.2,469.9,0x20,405.003,15.5,1125,-1,2.3,,
2026-09-04T01:44:32.000Z,M20-409-2-00781,1472521472,43.36561,4.89293,6488.4,-3.7,10.3,142.6,-11.4,30.3,470.2,0x20,405.003,5.1,1125,-1,2.3,,
2026-09-04T01:44:33.000Z,M20-409-2-00781,1472521473,43.36553,4.89300,6482.7,-5.2,10.8,144.0,-11.4,30.5,470.6,0x20,405.003,5.4,1125,-1,2.3,,
2026-09-04T01:44:34.000Z,M20-409-2-00781,1472521474,43.36545,4.89308,6477.0,-4.1,10.4,147.9,-11.3,30.6,470.8,0x20,405.003,12.9,1125,-1,2.3,,
2026-09-04T01:44:35.000Z,M20-409-2-00781,1472521475,43.36537,4.89315,6472.1,-4.2,10.5,146.7,-11.3,30.6,471.1,0x20,405.003,16.3,1125,-1,2.3,,
2026-09-04T01:44:36.000Z,M20-409-2-00781,1472521476,43.36529,4.89322,6467.5,-4.2,11.2,145.9,-11.2,30.6,471.4,0x20,405.003,19.1,1125,-1,2.3,,
2026-09-04T01:44:37.000Z,M20-409-2-00781,1472521477,43.36521,4.89330,6461.8,-4.2,10.7,144.1,-11.2,30.7,471.8,0x20,405.003,19.1,1125,-1,2.3,,
2026-09-04T01:44:38.000Z,M20-409-2-00781,1472521478,43.36513,4.89337,6456.5,-4.4,9.8,145.0,-11.1,30.8,472.1,0x20,405.003,18.3,1125,-1,2.3,,
2026-09-04T01:44:39.000Z,M20-409-2-00781,1472521479,43.36506,4.89344,6451.7,-4.0,10.0,146.9,-11.1,31.0,472.4,0x20,405.003,17.7,1125,-1,2.3,,
2026-09-04T01:44:40.000Z,M20-409-2-00781,1472521480,43.36499,4.89351,6447.1,-3.2,10.0,149.4,-11.1,31.0,472.7,0x20,405.003,19.4,1125,-1,2.3,,
2026-09-04T01:44:41.000Z,M20-409-2-00781,1472521481,43.36491,4.89357,6442.8,-4.0,10.1,148.0,-11.0,31.0,473.0,0x20,405.003,19.4,1125,-1,2.4,,
2026-09-04T01:44:42.000Z,M20-409-2-00781,1472521482,43.36483,4.89364,6438.1,-4.6,10.8,148.1,-11.0,31.0,473.3,0x20,405.003,20.3,1125,-1,2.4,,
2026-09-04T01:44:43.000Z,M20-409-2-00781,1472521483,43.36475,4.89371,6432.8,-4.1,10.9,148.7,-10.9,31.0,473.6,0x20,405.003,20.3,1125,-1,2.3,,
2026-09-04T01:44:44.000Z,M20-409-2-00781,1472521484,43.36467,4.89378,6427.9,-4.0,10.2,148.4,-10.9,31.0,473.9,0x20,405.003,19.6,1125,-1,2.4,,
2026-09-04T01:44:45.000Z,M20-409-2-00781,1472521485,43.36459,4.89385,6423.1,-3.4,10.7,145.2,-10.8,31.0,474.2,0x20,405.003,19.6,1125,-1,2.4,,
2026-09-04T01:44:46.000Z,M20-409-2-00781,1472521486,43.36451,4.89392,6418.4,-3.7,10.3,146.8,-10.8,30.9,474.5,0x20,405.003,4.1,1125,-1,2.4,,
2026-09-04T01:44:47.000Z,M20-409-2-00781,1472521487,43.36443,4.89398,6413.9,-3.4,10.2,149.8,-10.8,30.9,474.8,0x20,405.003,9.8,1875,-1,2.3,,
2026-09-04T01:44:48.000Z,M20-409-2-00781,1472521488,43.36436,4.89404,6409.2,-3.5,9.1,147.8,-10.7,30.9,475.1,0x20,405.003,13.6,1125,-1,2.3,,
2026-09-04T01:44:49.000Z,M20-409-2-00781,1472521489,43.36428,4.89410,6403.9,-3.8,9.4,151.7,-10.7,30.9,475.3,0x20,405.003,14.7,1125,-1,2.3,,
2026-09-04T01:44:50.000Z,M20-409-2-00781,1472521490,43.36421,4.89415,6399.9,-1.9,8.3,148.4,-10.6,31.0,475.7,0x20,405.003,14.9,1500,-1,2.4,,
2026-09-04T01:44:51.000Z,M20-409-2-00781,1472521491,43.36413,4.89421,6395.5,-3.8,9.8,152.1,-10.6,31.1,476.0,0x20,405.003,17.6,1125,-1,2.4,,
2026-09-04T01:44:52.000Z,M20-409-2-00781,1472521492,43.36405,4.89427,6390.3,-5.0,10.0,153.8,-10.5,31.2,476.3,0x20,405.003,17.6,1125,-1,2.4,,
2026-09-04T01:44:53.000Z,M20-409-2-00781,1472521493,43.36397,4.89433,6384.5,-4.9,10.4,149.3,-10.5,31.2,476.6,0x20,405.003,18.8,1125,-1,2.4,,
2026-09-04T01:44:54.000Z,M20-409-2-00781,1472521494,43.36389,4.89440,6379.6,-4.6,11.2,148.9,-10.5,31.2,476.9,0x20,405.003,18.8,1125,-1,2.4,,
2026-09-04T01:44:55.000Z,M20-409-2-00781,1472521495,43.36380,4.89447,6373.7,-4.3,10.6,152.0,-10.4,31.3,477.2,0x20,405.003,18.7,1125,-1,2.4,,
2026-09-04T01:44:56.000Z,M20-409-2-00781,1472521496,43.36372,4.89454,6369.0,-3.6,10.6,147.9,-10.4,31.4,477.5,0x20,405.003,14.8,1125,-1,2.4,,
2026-09-04T01:44:57.000Z,M20-409-2-00781,1472521497,43.36364,4.89461,6364.8,-3.2,9.9,147.6,-10.3,31.5,477.8,0x20,405.003,6.6,1500,-1,2.4,,
2026-09-04T01:44:58.000Z,M20-409-2-00781,1472521498,43.36356,4.89466,6359.2,-4.5,10.2,154.4,-10.3,31.6,478.1,0x20,405.003,4.7,1125,-1,2.4,,
2026-09-04T01:44:59.000Z,M20-409-2-00781,1472521499,43.36349,4.89471,6354.4,-4.3,9.3,155.4,-10.2,31.7,478.4,0x20,405.003,4.7,1875,-1,2.4,,
2026-09-04T01:45:00.000Z,M20-409-2-00781,1472521500,43.36341,4.89476,6349.1,-4.7,9.6,154.7,-10.2,31.7,478.8,0x20,405.003,8.3,1125,-1,2.4,,
2026-09-04T01:45:01.000Z,M20-409-2-00781,1472521501,43.36333,4.89482,6343.9,-4.2,10.6,152.9,-10.1,31.7,479.1,0x20,405.003,15.6,1125,-1,2.4,,
2026-09-04T01:45:02.000Z,M20-409-2-00781,1472521502,43.36325,4.89488,6339.8,-3.2,10.0,149.3,-10.1,31.8,479.4,0x20,405.003,17.7,1500,-1,2.4,,
2026-09-04T01:45:03.000Z,M20-409-2-00781,1472521503,43.36317,4.89494,6335.2,-3.3,10.4,148.8,-10.1,31.7,479.7,0x20,405.003,17.7,1500,-1,2.4,,
2026-09-04T01:45:04.000Z,M20-409-2-00781,1472521504,43.36309,4.89500,6330.7,-3.0,9.5,147.3,-10.0,31.7,480.0,0x20,405.003,17.2,1500,-1,2.4,,
2026-09-04T01:45:05.000Z,M20-409-2-00781,1472521505,43.36301,4.89505,6325.8,-3.8,10.0,162.5,-10.0,31.7,480.3,0x20,405.003,13.5,1500,-1,2.4,,
2026-09-04T01:45:06.000Z,M20-409-2-00781,1472521506,43.36293,4.89511,6320.5,-4.0,9.6,151.4,-9.9,31.7,480.6,0x20,405.003,16.8,1125,-1,2.4,,
2026-09-04T01:45:07.000Z,M20-409-2-00781,1472521507,43.36286,4.89517,6315.3,-4.1,10.2,152.6,-9.9,31.7,480.9,0x20,405.003,18.1,1125,-1,2.4,,
2026-09-04T01:45:08.000Z,M20-409-2-00781,1472521508,43.36277,4.89522,6310.4,-4.3,10.5,152.7,-9.8,31.6,481.2,0x20,405.003,19.8,1125,-1,2.4,,
2026-09-04T01:45:09.000Z,M20-409-2-00781,1472521509,43.36269,4.89529,6304.7,-4.6,10.1,151.1,-9.8,31.6,481.6,0x20,405.003,19.8,1125,-1,2.4,,
2026-09-04T01:45:10.000Z,M20-409-2-00781,1472521510,43.36261,4.89536,6299.8,-4.1,10.7,147.4,-9.7,31.5,481.9,0x20,405.003,8.9,1125,-1,2.4,,
2026-09-04T01:45:11.000Z,M20-409-2-00781,1472521511,43.36253,4.89543,6294.8,-4.7,11.4,150.6,-9.7,31.5,482.1,0x20,405.003,5.2,1125,-1,2.4,,
2026-09-04T01:45:12.000Z,M20-409-2-00781,1472521512,43.36244,4.89549,6289.8,-3.2,10.6,152.9,-9.6,31.4,482.4,0x20,405.003,4.9,1125,-1,2.4,,
2026-09-04T01:45:13.000Z,M20-409-2-00781,1472521513,43.36236,4.89555,6285.4,-3.8,9.3,148.9,-9.6,31.4,482.8,0x20,405.003,12.1,1125,-1,2.4,,
2026-09-04T01:45:14.000Z,M20-409-2-00781,1472521514,43.36229,4.89561,6280.4,-4.2,9.8,147.9,-9.5,31.3,483.1,0x20,405.003,14.1,1875,-1,2.4,,
2026-09-04T01:45:15.000Z,M20-409-2-00781,1472521515,43.36221,4.89568,6275.3,-4.3,9.9,151.2,-9.5,31.2,483.4,0x20,405.003,17.1,1875,-1,2.4,,
2026-09-04T01:45:16.000Z,M20-409-2-00781,1472521516,43.36214,4.89573,6270.1,-4.1,9.4,150.4,-9.5,31.2,483.7,0x20,405.003,18.1,1500,-1,2.4,,
2026-09-04T01:45:17.000Z,M20-409-2-00781,1472521517,43.36206,4.89579,6265.8,-4.1,10.6,149.4,-9.4,31.1,484.0,0x20,405.003,19.0,1125,-1,2.4,,
2026-09-04T01:45:18.000Z,M20-409-2-00781,1472521518,43.36198,4.89586,6260.1,-5.1,10.8,150.5,-9.4,31.1,484.3,0x20,405.003,19.3,1125,-1,2.4,,
2026-09-04T01:45:19.000Z,M20-409-2-00781,1472521519,43.36189,4.89593,6255.1,-3.1,11.1,146.5,-9.3,31.0,484.6,0x20,405.003,19.3,1125,-1,2.4,,
2026-09-04T01:45:20.000Z,M20-409-2-00781,1472521520,43.36181,4.89600,6250.2,-4.3,10.4,151.3,-9.3,30.9,484.9,0x20,405.003,19.4,1125,-1,2.4,,
2026-09-04T01:45:21.000Z,M20-409-2-00781,1472521521,43.36173,4.89606,6245.6,-4.2,10.2,147.7,-9.2,30.9,485.2,0x20,405.003,19.4,1125,-1,2.4,,
2026-09-04T01:45:22.000Z,M20-409-2-00781,1472521522,43.36165,4.89613,6241.7,-2.5,10.2,145.4,-9.2,30.8,485.5,0x20,405.003,18.7,1125,-1,2.4,,
2026-09-04T01:45:23.000Z,M20-409-2-00781,1472521523,43.36158,4.89619,6237.6,-3.8,10.0,151.0,-9.1,30.7,485.8,0x20,405.003,16.9,1125,-1,2.4,,
2026-09-04T01:45:24.000Z,M20-409-2-00781,1472521524,43.36150,4.89626,6233.0,-3.7,9.8,144.7,-9.1,30.7,486.1,0x20,405.003,5.2,1125,-1,2.4,,
2026-09-04T01:45:25.000Z,M20-409-2-00781,1472521525,43.36143,4.89632,6229.1,-3.0,9.9,145.8,-9.1,30.6,486.4,0x20,405.003,5.0,1125,-1,2.4,,
2026-09-04T01:45:26.000Z,M20-409-2-00781,1472521526,43.36135,4.89639,6223.7,-4.8,10.4,146.8,-9.0,30.6,486.7,0x20,405.003,5.4,1125,-1,2.4,,
2026-09-04T01:45:27.000Z,M20-409-2-00781,1472521527,43.36127,4.89646,6218.4,-4.1,10.1,150.5,-9.0,30.6,487.0,0x20,405.003,16.6,1125,-1,2.4,,
2026-09-04T01:45:28.000Z,M20-409-2-00781,1472521528,43.36119,4.89652,6213.8,-3.5,10.4,145.9,-8.9,30.5,487.3,0x20,405.003,17.9,1125,-1,2.4,,
2026-09-04T01:45:29.000Z,M20-409-2-00781,1472521529,43.36111,4.89659,6209.2,-3.9,10.3,149.2,-8.9,30.5,487.6,0x20,405.003,17.9,1875,-1,2.4,,
2026-09-04T01:45:30.000Z,M20-409-2-00781,1472521530,43.36103,4.89665,6205.0,-2.6,10.1,155.2,-8.8,30.5,487.9,0x20,405.003,18.4,1500,-1,2.4,,
2026-09-04T01:45:31.000Z,M20-409-2-00781,1472521531,43.36095,4.89670,6200.9,-3.5,9.7,150.6,-8.8,30.4,488.2,0x20,405.003,18.7,1125,-1,2.4,,
2026-09-04T01:45:32.000Z,M20-409-2-00781,1472521532,43.36087,4.89676,6196.1,-4.0,10.4,152.6,-8.8,30.5,488.5,0x20,405.003,18.7,1125,-1,2.4,,
2026-09-04T01:45:33.000Z,M20-409-2-00781,1472521533,43.36079,4.89682,6190.6,-4.5,10.1,154.8,-8.7,30.6,488.8,0x20,405.003,19.4,1125,-1,2.4,,
2026-09-04T01:45:34.000Z,M20-409-2-00781,1472521534,43.36071,4.89688,6184.8,-5.2,9.5,151.2,-8.7,30.6,489.1,0x20,405.003,19.8,1125,-1,2.4,,
2026-09-04T01:45:35.000Z,M20-409-2-00781,1472521535,43.36063,4.89694,6178.8,-4.8,9.9,149.9,-8.6,30.7,489.5,0x20,405.003,21.0,1125,-1,2.4,,
2026-09-04T01:45:36.000Z,M20-409-2-00781,1472521536,43.36055,4.89700,6174.0,-4.7,10.4,150.6,-8.6,30.7,489.8,0x20,405.003,21.0,1125,-1,2.4,,
2026-09-04T01:45:37.000Z,M20-409-2-00781,1472521537,43.36048,4.89707,6168.6,-4.3,10.2,147.9,-8.6,30.7,490.1,0x20,405.003,5.4,1125,-1,2.4,,
2026-09-04T01:45:38.000Z,M20-409-2-00781,1472521538,43.36040,4.89713,6163.8,-4.3,10.5,146.6,-8.5,30.7,490.4,0x20,405.003,5.4,1125,-1,2.4,,
2026-09-04T01:45:39.000Z,M20-409-2-00781,1472521539,43.36032,4.89721,6158.1,-3.8,10.4,149.1,-8.5,30.7,490.7,0x20,405.003,8.8,1125,-1,2.4,,
2026-09-04T01:45:40.000Z,M20-409-2-00781,1472521540,43.36024,4.89727,6152.9,-3.3,9.3,149.6,-8.4,30.6,491.0,0x20,405.003,18.0,1125,-1,2.4,,
2026-09-04T01:45:41.000Z,M20-409-2-00781,1472521541,43.36017,4.89734,6149.2,-3.5,9.6,143.7,-8.4,30.6,491.3,0x20,405.003,18.0,1125,-1,2.4,,
2026-09-04T01:45:42.000Z,M20-409-2-00781,1472521542,43.36010,4.89740,6144.6,-3.8,9.7,149.9,-8.3,30.5,491.7,0x20,405.003,17.5,1125,-1,2.4,,
2026-09-04T01:45:43.000Z,M20-409-2-00781,1472521543,43.36002,4.89746,6140.0,-3.2,9.8,150.3,-8.3,30.3,492.0,0x20,405.003,18.4,1125,-1,2.4,,
2026-09-04T01:45:44.000Z,M20-409-2-00781,1472521544,43.35995,4.89752,6135.1,-5.3,9.6,149.4,-8.3,30.4,492.3,0x20,405.003,18.4,1125,-1,2.4,,
2026-09-04T01:45:45.000Z,M20-409-2-00781,1472521545,43.35987,4.89759,6129.4,-4.2,10.6,151.9,-8.2,30.5,492.6,0x20,405.003,17.9,1125,-1,2.4,,
2026-09-04T01:45:46.000Z,M20-409-2-00781,1472521546,43.35979,4.89765,6124.2,-5.2,9.5,153.3,-8.2,30.5,492.9,0x20,405.003,19.0,1125,-1,2.4,,
2026-09-04T01:45:47.000Z,M20-409-2-00781,1472521547,43.35972,4.89771,6118.3,-5.0,10.4,148.2,-8.1,30.4,493.2,0x20,405.003,19.0,1125,-1,2.4,,
2026-09-04T01:45:48.000Z,M20-409-2-00781,1472521548,43.35963,4.89777,6113.0,-4.4,10.3,152.5,-8.1,30.3,493.5,0x20,405.003,18.1,1125,-1,2.4,,
2026-09-04T01:45:49.000Z,M20-409-2-00781,1472521549,43.35956,4.89783,6108.2,-4.0,8.9,147.2,-8.0,30.2,493.9,0x20,405.003,16.4,1125,-1,2.4,,
2026-09-04T01:45:50.000Z,M20-409-2-00781,1472521550,43.35949,4.89788,6104.2,-3.4,8.9,156.1,-8.0,30.2,494.2,0x20,405.003,7.2,1125,-1,2.4,,
2026-09-04T01:45:51.000Z,M20-409-2-00781,1472521551,43.35942,4.89793,6099.7,-4.7,8.9,151.4,-8.0,30.1,494.5,0x20,405.003,7.2,1875,-1,2.4,,
2026-09-04T01:45:52.000Z,M20-409-2-00781,1472521552,43.35935,4.89799,6094.0,-4.0,9.4,150.5,-7.9,30.0,494.8,0x20,405.003,5.5,1125,-1,2.4,,
2026-09-04T01:45:53.000Z,M20-409-2-00781,1472521553,43.35927,4.89806,6088.8,-3.5,9.6,147.3,-7.9,30.0,495.1,0x20,405.003,14.0,1125,-1,2.4,,
2026-09-04T01:45:54.000Z,M20-409-2-00781,1472521554,43.35919,4.89811,6083.0,-5.3,9.5,158.2,-7.8,29.9,495.4,0x20,405.003,16.0,1125,-1,2.4,,
2026-09-04T01:45:55.000Z,M20-409-2-00781,1472521555,43.35911,4.89817,6079.3,-1.7,9.6,152.2,-7.8,29.9,495.7,0x20,405.003,18.2,1125,-1,2.4,,
2026-09-04T01:45:56.000Z,M20-409-2-00781,1472521556,43.35904,4.89823,6075.9,-2.9,9.3,147.8,-7.8,29.9,496.1,0x20,405.003,18.2,1125,-1,2.4,,
2026-09-04T01:45:57.000Z,M20-409-2-00781,1472521557,43.35897,4.89828,6072.2,-3.6,9.9,151.1,-7.7,29.9,496.4,0x20,405.003,17.9,1125,-1,2.4,,
2026-09-04T01:45:58.000Z,M20-409-2-00781,1472521558,43.35890,4.89834,6067.1,-5.6,8.4,155.5,-7.7,29.9,496.7,0x20,405.003,18.3,1125,-1,2.4,,
2026-09-04T01:45:59.000Z,M20-409-2-00781,1472521559,43.35883,4.89839,6060.8,-5.0,9.6,150.1,-7.7,29.7,497.0,0x20,405.003,18.3,1125,-1,2.4,,
2026-09-04T01:46:00.000Z,M20-409-2-00781,1472521560,43.35875,4.89845,6055.8,-3.8,9.9,151.6,-7.6,29.6,497.3,0x20,405.003,18.2,1125,-1,2.4,,
2026-09-04T01:46:01.000Z,M20-409-2-00781,1472521561,43.35867,4.89850,6050.4,-3.8,9.5,153.7,-7.6,29.6,497.6,0x20,405.003,16.4,1125,-1,2.4,,
2026-09-04T01:46:02.000Z,M20-409-2-00781,1472521562,43.35860,4.89855,6046.1,-3.1,7.6,147.6,-7.5,29.5,497.9,0x20,405.003,16.4,1500,-1,2.4,,
2026-09-04T01:46:03.000Z,M20-409-2-00781,1472521563,43.35855,4.89860,6042.0,-3.4,8.4,148.1,-7.5,29.3,498.3,0x20,405.003,15.1,1875,-1,2.4,,
2026-09-04T01:46:04.000Z,M20-409-2-00781,1472521564,43.35847,4.89865,6037.2,-3.4,8.7,156.3,-7.4,28.9,498.6,0x20,405.003,4.3,1500,-1,2.4,,
2026-09-04T01:46:05.000Z,M20-409-2-00781,1472521565,43.35840,4.89868,6033.6,-3.1,8.6,164.4,-7.4,28.5,498.9,0x20,405.003,3.9,1875,-1,2.4,,
2026-09-04T01:46:06.000Z,M20-409-2-00781,1472521566,43.35833,4.89872,6028.9,-4.1,8.4,151.1,-7.4,28.1,499.2,0x20,405.003,8.7,1875,-1,2.4,,
2026-09-04T01:46:07.000Z,M20-409-2-00781,1472521567,43.35826,4.89877,6023.3,-4.4,8.8,155.9,-7.3,27.7,499.5,0x20,405.003,12.8,1875,-1,2.4,,
2026-09-04T01:46:08.000Z,M20-409-2-00781,1472521568,43.35818,4.89881,6017.5,-4.5,8.6,159.7,-7.3,27.4,499.9,0x20,405.003,15.8,1125,-1,2.4,,
2026-09-04T01:46:09.000Z,M20-409-2-00781,1472521569,43.35811,4.89885,6011.8,-4.9,8.3,157.0,-7.2,27.2,500.2,0x20,405.003,15.9,1500,-1,2.4,,
2026-09-04T01:46:10.000Z,M20-409-2-00781,1472521570,43.35804,4.89890,6006.5,-5.0,8.5,155.7,-7.2,27.1,500.5,0x20,405.003,16.5,1500,-1,2.4,,
2026-09-04T01:46:11.000Z,M20-409-2-00781,1472521571,43.35797,4.89895,6001.2,-3.4,9.3,152.6,-7.2,27.0,500.8,0x20,405.003,16.9,1125,-1,2.4,,
2026-09-04T01:46:12.000Z,M20-409-2-00781,1472521572,43.35790,4.89901,5997.3,-3.8,8.8,151.5,-7.1,27.0,501.1,0x20,405.003,17.4,1125,-1,2.4,,
2026-09-04T01:46:13.000Z,M20-409-2-00781,1472521573,43.35784,4.89906,5992.3,-4.4,9.1,150.2,-7.1,27.0,501.4,0x20,405.003,18.3,1125,-1,2.4,,
2026-09-04T01:46:14.000Z,M20-409-2-00781,1472521574,43.35777,4.89911,5987.4,-4.1,8.8,156.2,-7.0,27.1,501.8,0x20,405.003,18.3,1875,-1,2.4,,
2026-09-04T01:46:15.000Z,M20-409-2-00781,1472521575,43.35770,4.89916,5983.0,-3.7,8.2,152.1,-7.0,27.1,502.1,0x20,405.003,15.3,1500,-1,2.4,,
2026-09-04T01:46:16.000Z,M20-409-2-00781,1472521576,43.35764,4.89920,5979.0,-3.3,8.1,152.8,-7.0,27.1,502.4,0x20,405.003,15.3,1875,-1,2.4,,
2026-09-04T01:46:17.000Z,M20-409-2-00781,1472521577,43.35757,4.89924,5974.8,-4.1,7.6,154.4,-6.9,27.1,502.7,0x20,405.003,9.3,1875,-1,2.4,,
2026-09-04T01:46:18.000Z,M20-409-2-00781,1472521578,43.35751,4.89929,5968.8,-3.8,7.4,148.0,-6.9,27.1,503.0,0x20,405.003,5.5,1875,-1,2.4,,
2026-09-04T01:46:19.000Z,M20-409-2-00781,1472521579,43.35745,4.89933,5963.6,-4.0,7.8,152.3,-6.8,27.1,503.4,0x20,405.003,8.3,1125,-1,2.4,,
2026-09-04T01:46:20.000Z,M20-409-2-00781,1472521580,43.35739,4.89938,5957.9,-4.6,8.3,146.8,-6.8,27.0,503.7,0x20,405.003,14.2,1875,-1,2.4,,
2026-09-04T01:46:21.000Z,M20-409-2-00781,1472521581,43.35732,4.89944,5953.0,-3.6,8.4,147.0,-6.7,27.0,504.0,0x20,405.003,16.4,1875,-1,2.4,,
2026-09-04T01:46:22.000Z,M20-409-2-00781,1472521582,43.35726,4.89949,5948.6,-3.1,8.4,151.8,-6.7,27.0,504.3,0x20,405.003,16.5,1875,-1,2.4,,
2026-09-04T01:46:23.000Z,M20-409-2-00781,1472521583,43.35718,4.89954,5943.6,-4.4,8.9,156.4,-6.6,26.9,504.6,0x20,405.003,17.4,1500,-1,2.4,,
2026-09-04T01:46:24.000Z,M20-409-2-00781,1472521584,43.35711,4.89958,5938.8,-4.2,8.4,155.5,-6.6,26.9,505.0,0x20,405.003,17.5,1500,-1,2.4,,
2026-09-04T01:46:25.000Z,M20-409-2-00781,1472521585,43.35704,4.89963,5933.5,-4.6,8.4,151.9,-6.5,26.8,505.3,0x20,405.003,17.5,1500,-1,2.4,,
2026-09-04T01:46:26.000Z,M20-409-2-00781,1472521586,43.35697,4.89968,5929.0,-3.6,9.1,148.5,-6.5,26.8,505.6,0x20,405.003,18.7,1125,-1,2.4,,
2026-09-04T01:46:27.000Z,M20-409-2-00781,1472521587,43.35690,4.89973,5923.1,-5.8,7.8,157.4,-6.3,26.7,505.9,0x20,405.003,18.7,1125,-1,2.4,,
2026-09-04T01:46:28.000Z,M20-409-2-00781,1472521588,43.35684,4.89978,5917.3,-4.2,8.5,147.3,-6.2,26.6,506.2,0x20,405.003,17.4,1500,-1,2.4,,
2026-09-04T01:46:29.000Z,M20-409-2-00781,1472521589,43.35677,4.89984,5912.6,-3.4,9.4,145.0,-6.2,26.5,506.6,0x20,405.003,16.9,1500,-1,2.4,,
2026-09-04T01:46:30.000Z,M20-409-2-00781,1472521590,43.35671,4.89989,5907.9,-3.9,8.3,147.8,-6.1,26.4,506.9,0x20,405.003,4.6,1500,-1,2.4,,
2026-09-04T01:46:31.000Z,M20-409-2-00781,1472521591,43.35665,4.89995,5903.6,-3.1,7.9,144.1,-6.1,26.3,507.2,0x20,405.003,4.5,1500,-1,2.4,,
2026-09-04T01:46:32.000Z,M20-409-2-00781,1472521592,43.35659,4.90001,5899.7,-3.6,8.8,143.9,-6.1,26.3,507.5,0x20,405.003,4.4,1500,-1,2.4,,
2026-09-04T01:46:33.000Z,M20-409-2-00781,1472521593,43.35652,4.90006,5894.7,-3.4,8.8,148.4,-6.0,26.2,507.8,0x20,405.003,10.1,1500,-1,2.4,,
2026-09-04T01:46:34.000Z,M20-409-2-00781,1472521594,43.35645,4.90012,5889.3,-4.4,8.4,144.3,-6.0,26.1,508.2,0x20,405.003,13.1,1500,-1,2.4,,
2026-09-04T01:46:35.000Z,M20-409-2-00781,1472521595,43.35639,4.90018,5885.1,-2.6,8.6,140.9,-5.9,26.0,508.5,0x20,405.003,13.1,1500,-1,2.4,,
2026-09-04T01:46:36.000Z,M20-409-2-00781,1472521596,43.35633,4.90024,5880.0,-4.7,8.5,146.2,-5.9,26.0,508.8,0x20,405.003,12.9,1500,-1,2.4,,
2026-09-04T01:46:37.000Z,M20-409-2-00781,1472521597,43.35626,4.90030,5874.8,-4.1,8.4,148.9,-5.8,25.9,509.1,0x20,405.003,12.9,1500,-1,2.4,,
2026-09-04T01:46:38.000Z,M20-409-2-00781,1472521598,43.35619,4.90035,5869.7,-3.9,9.0,149.8,-5.8,25.9,509.4,0x20,405.003,14.9,1500,-1,2.4,,
2026-09-04T01:46:39.000Z,M20-409-2-00781,1472521599,43.35612,4.90041,5865.2,-3.9,8.8,147.2,-5.8,25.9,509.8,0x20,405.003,14.9,1500,-1,2.4,,
2026-09-04T01:46:40.000Z,M20-409-2-00781,1472521600,43.35605,4.90047,5861.0,-2.2,9.5,141.7,-5.7,25.8,510.1,0x20,405.003,14.6,1500,-1,2.4,,
2026-09-04T01:46:41.000Z,M20-409-2-00781,1472521601,43.35598,4.90053,5856.6,-5.1,9.0,152.8,-5.6,25.8,510.4,0x20,405.003,16.5,1125,-1,2.4,,
2026-09-04T01:46:42.000Z,M20-409-2-00781,1472521602,43.35591,4.90059,5850.3,-4.5,10.0,147.6,-5.6,25.7,510.7,0x20,405.003,16.5,1125,-1,2.4,,
2026-09-04T01:46:43.000Z,M20-409-2-00781,1472521603,43.35584,4.90065,5845.0,-4.1,9.2,141.3,-5.6,25.7,511.1,0x20,405.003,6.1,1500,-1,2.4,,
2026-09-04T01:46:44.000Z,M20-409-2-00781,1472521604,43.35577,4.90072,5839.9,-4.1,9.9,144.5,-5.5,25.6,511.4,0x20,405.003,4.3,1500,-1,2.4,,
2026-09-04T01:46:45.000Z,M20-409-2-00781,1472521605,43.35570,4.90079,5835.3,-3.1,9.0,143.4,-5.5,25.5,511.7,0x20,405.003,6.1,1875,-1,2.4,,
2026-09-04T01:46:46.000Z,M20-409-2-00781,1472521606,43.35563,4.90085,5830.8,-3.7,9.2,146.1,-5.4,25.5,512.0,0x20,405.003,11.7,1875,-1,2.4,,
2026-09-04T01:46:47.000Z,M20-409-2-00781,1472521607,43.35557,4.90091,5825.7,-3.9,9.3,145.6,-5.4,25.5,512.3,0x20,405.003,15.8,1500,-1,2.4,,
2026-09-04T01:46:48.000Z,M20-409-2-00781,1472521608,43.35550,4.90097,5820.7,-3.9,8.5,146.6,-5.4,25.4,512.7,0x20,405.003,16.2,1500,-1,2.4,,
2026-09-04T01:46:49.000Z,M20-409-2-00781,1472521609,43.35544,4.90102,5816.5,-3.4,7.9,144.5,-5.4,25.5,513.0,0x20,405.003,17.1,1500,-1,2.4,,
2026-09-04T01:46:50.000Z,M20-409-2-00781,1472521610,43.35538,4.90108,5812.6,-2.1,9.1,144.4,-5.3,25.5,513.3,0x20,405.003,17.1,1500,-1,2.4,,
2026-09-04T01:46:51.000Z,M20-409-2-00781,1472521611,43.35531,4.90113,5808.9,-3.3,8.0,149.6,-5.3,25.5,513.6,0x20,405.003,14.8,1500,-1,2.4,,
2026-09-04T01:46:52.000Z,M20-409-2-00781,1472521612,43.35525,4.90118,5804.7,-2.3,8.2,144.3,-5.3,25.5,513.9,0x20,405.003,14.0,1500,-1,2.4,,
2026-09-04T01:46:53.000Z,M20-409-2-00781,1472521613,43.35518,4.90124,5800.5,-2.6,9.0,151.8,-5.2,25.5,514.3,0x20,405.003,14.4,1500,-1,2.4,,
2026-09-04T01:46:54.000Z,M20-409-2-00781,1472521614,43.35511,4.90129,5796.2,-4.8,8.5,146.6,-5.2,25.5,514.6,0x20,405.003,14.4,1500,-1,2.4,,
2026-09-04T01:46:55.000Z,M20-409-2-00781,1472521615,43.35505,4.90135,5790.7,-2.4,8.2,135.1,-5.1,25.4,514.9,0x20,405.003,14.1,1500,-1,2.4,,
2026-09-04T01:46:56.000Z,M20-409-2-00781,1472521616,43.35498,4.90141,5784.3,-4.6,8.6,149.1,-5.1,25.4,515.2,0x20,405.003,5.6,1500,-1,2.4,,
2026-09-04T01:46:57.000Z,M20-409-2-00781,1472521617,43.35491,4.90146,5778.4,-4.5,8.3,152.2,-5.0,25.4,515.5,0x20,405.003,4.0,1500,-1,2.4,,
2026-09-04T01:46:58.000Z,M20-409-2-00781,1472521618,43.35485,4.90151,5773.9,-1.5,7.6,143.5,-5.0,25.3,515.9,0x20,405.003,4.0,1500,-1,2.4,,
2026-09-04T01:46:59.000Z,M20-409-2-00781,1472521619,43.35478,4.90156,5769.4,-3.1,9.0,154.0,-4.9,25.3,516.2,0x20,405.003,8.5,1500,-1,2.4,,
2026-09-04T01:47:00.000Z,M20-409-2-00781,1472521620,43.35471,4.90161,5765.0,-3.0,8.1,150.6,-4.9,25.3,516.5,0x20,405.003,10.0,1500,-1,2.4,,
2026-09-04T01:47:01.000Z,M20-409-2-00781,1472521621,43.35464,4.90166,5759.9,-4.4,8.4,148.2,-4.9,25.2,516.9,0x20,405.003,12.5,1875,-1,2.4,,
2026-09-04T01:47:02.000Z,M20-409-2-00781,1472521622,43.35457,4.90171,5754.3,-3.6,8.8,155.8,-4.8,25.2,517.2,0x20,405.003,12.9,1500,-1,2.4,,
2026-09-04T01:47:03.000Z,M20-409-2-00781,1472521623,43.35449,4.90175,5748.5,-5.1,8.1,156.9,-4.8,25.1,517.5,0x20,405.003,14.1,1500,-1,2.4,,
2026-09-04T01:47:04.000Z,M20-409-2-00781,1472521624,43.35442,4.90179,5742.8,-5.3,8.4,157.2,-4.7,25.1,517.8,0x20,405.003,14.5,1500,-1,2.4,,
2026-09-04T01:47:05.000Z,M20-409-2-00781,1472521625,43.35436,4.90184,5737.2,-4.1,8.6,154.2,-4.7,25.1,518.1,0x20,405.003,14.7,1500,-1,2.4,,
2026-09-04T01:47:06.000Z,M20-409-2-00781,1472521626,43.35429,4.90189,5732.8,-4.1,8.6,149.8,-4.7,25.1,518.5,0x20,405.003,14.8,1500,-1,2.4,,
2026-09-04T01:47:07.000Z,M20-409-2-00781,1472521627,43.35422,4.90194,5726.1,-5.0,9.0,155.8,-4.6,25.0,518.8,0x20,405.003,15.6,1125,-1,2.4,,
2026-09-04T01:47:08.000Z,M20-409-2-00781,1472521628,43.35415,4.90199,5720.1,-4.5,8.4,152.4,-4.6,25.0,519.1,0x20,405.003,17.3,1125,-1,2.4,,
2026-09-04T01:47:09.000Z,M20-409-2-00781,1472521629,43.35408,4.90204,5715.2,-2.4,8.4,147.6,-4.5,25.0,519.4,0x20,405.003,17.3,1125,-1,2.4,,
2026-09-04T01:47:10.000Z,M20-409-2-00781,1472521630,43.35402,4.90209,5711.4,-4.7,8.9,156.0,-4.5,25.0,519.8,0x20,405.003,4.8,1125,-1,2.4,,
2026-09-04T01:47:11.000Z,M20-409-2-00781,1472521631,43.35395,4.90214,5706.6,-3.5,8.3,152.1,-4.5,25.0,520.1,0x20,405.003,3.6,1500,-1,2.4,,
2026-09-04T01:47:12.000Z,M20-409-2-00781,1472521632,43.35389,4.90219,5702.5,-3.2,8.5,149.7,-4.4,25.0,520.4,0x20,405.003,5.5,1500,-1,2.4,,
2026-09-04T01:47:13.000Z,M20-409-2-00781,1472521633,43.35381,4.90223,5695.5,-6.0,9.1,157.7,-4.4,25.0,520.8,0x20,405.003,12.4,1500,-1,2.4,,
2026-09-04T01:47:14.000Z,M20-409-2-00781,1472521634,43.35374,4.90228,5690.1,-5.9,8.5,157.6,-4.3,25.0,521.1,0x20,405.003,14.5,1500,-1,2.4,,
2026-09-04T01:47:15.000Z,M20-409-2-00781,1472521635,43.35368,4.90232,5684.0,-3.5,8.1,148.9,-4.3,24.9,521.4,0x20,405.003,17.0,1500,-1,2.4,,
2026-09-04T01:47:16.000Z,M20-409-2-00781,1472521636,43.35361,4.90236,5680.0,-3.9,8.7,156.6,-4.3,24.9,521.7,0x20,405.003,17.0,1500,-1,2.4,,
2026-09-04T01:47:17.000Z,M20-409-2-00781,1472521637,43.35354,4.90240,5675.8,-4.0,8.1,155.8,-4.2,24.9,522.1,0x20,405.003,14.9,1500,-1,2.4,,
2026-09-04T01:47:18.000Z,M20-409-2-00781,1472521638,43.35348,4.90244,5671.8,-3.9,8.4,154.5,-4.2,24.9,522.4,0x20,405.003,14.9,1500,-1,2.4,,
2026-09-04T01:47:19.000Z,M20-409-2-00781,1472521639,43.35342,4.90248,5667.1,-3.9,7.4,156.7,-4.1,24.9,522.7,0x20,405.003,12.9,1500,-1,2.4,,
2026-09-04T01:47:20.000Z,M20-409-2-00781,1472521640,43.35335,4.90251,5661.6,-4.7,7.3,161.7,-4.1,24.9,523.0,0x20,405.003,12.3,1500,-1,2.4,,
2026-09-04T01:47:21.000Z,M20-409-2-00781,1472521641,43.35329,4.90254,5657.4,-3.0,7.9,155.6,-4.1,25.0,523.4,0x20,405.003,12.2,1500,-1,2.4,,
2026-09-04T01:47:22.000Z,M20-409-2-00781,1472521642,43.35323,4.90258,5653.5,-3.3,7.8,156.9,-4.1,24.9,523.7,0x20,405.003,11.4,1500,-1,2.4,,
2026-09-04T01:47:23.000Z,M20-409-2-00781,1472521643,43.35316,4.90261,5648.9,-3.7,7.1,158.0,-4.0,24.9,524.0,0x20,405.003,4.0,1500,-1,2.4,,
2026-09-04T01:47:24.000Z,M20-409-2-00781,1472521644,43.35310,4.90264,5644.4,-2.9,6.9,160.6,-4.0,24.9,524.3,0x20,405.003,3.2,1500,-1,2.4,,
2026-09-04T01:47:25.000Z,M20-409-2-00781,1472521645,43.35304,4.90268,5639.5,-4.2,7.5,151.6,-3.9,24.8,524.6,0x20,405.003,6.4,1500,-1,2.4,,
2026-09-04T01:47:26.000Z,M20-409-2-00781,1472521646,43.35298,4.90272,5634.8,-3.5,7.7,160.1,-3.9,24.8,525.0,0x20,405.003,11.1,1500,-1,2.4,,
2026-09-04T01:47:27.000Z,M20-409-2-00781,1472521647,43.35291,4.90275,5630.2,-2.8,6.7,153.9,-3.9,24.7,525.3,0x20,405.003,12.7,1500,-1,2.4,,
2026-09-04T01:47:28.000Z,M20-409-2-00781,1472521648,43.35285,4.90279,5625.6,-3.7,7.0,153.1,-3.8,24.6,525.6,0x20,405.003,12.7,1500,-1,2.4,,
2026-09-04T01:47:29.000Z,M20-409-2-00781,1472521649,43.35278,4.90283,5621.0,-4.0,8.2,151.8,-3.8,24.6,525.9,0x20,405.003,12.6,1500,-1,2.4,,
2026-09-04T01:47:30.000Z,M20-409-2-00781,1472521650,43.35272,4.90287,5616.1,-4.0,8.1,158.5,-3.8,24.6,526.2,0x20,405.003,11.0,1500,-1,2.4,,
2026-09-04T01:47:31.000Z,M20-409-2-00781,1472521651,43.35265,4.90290,5611.1,-4.5,7.4,160.7,-3.8,24.5,526.5,0x20,405.003,11.1,1500,-1,2.4,,
2026-09-04T01:47:32.000Z,M20-409-2-00781,1472521652,43.35258,4.90293,5605.7,-3.3,8.2,166.4,-3.8,24.3,526.9,0x20,405.003,11.1,1500,-1,2.4,,
2026-09-04T01:47:33.000Z,M20-409-2-00781,1472521653,43.35251,4.90296,5600.5,-4.9,7.9,151.0,-3.7,24.3,527.2,0x20,405.003,10.6,1500,-1,2.4,,
2026-09-04T01:47:34.000Z,M20-409-2-00781,1472521654,43.35244,4.90300,5595.1,-4.5,8.2,160.6,-3.7,24.2,527.5,0x20,405.003,11.6,1500,-1,2.4,,
2026-09-04T01:47:35.000Z,M20-409-2-00781,1472521655,43.35237,4.90303,5590.6,-4.3,7.3,161.6,-3.7,24.2,527.9,0x20,405.003,11.6,1500,-1,2.4,,
2026-09-04T01:47:36.000Z,M20-409-2-00781,1472521656,43.35231,4.90307,5585.2,-3.9,6.6,155.8,-3.6,24.2,528.2,0x20,405.003,4.2,1500,-1,2.4,,
2026-09-04T01:47:37.000Z,M20-409-2-00781,1472521657,43.35225,4.90310,5581.6,-3.3,7.2,154.1,-3.7,24.5,528.5,0x20,405.003,3.7,1500,-1,2.4,,
2026-09-04T01:47:38.000Z,M20-409-2-00781,1472521658,43.35219,4.90314,5577.9,-2.2,7.3,164.8,-3.7,24.8,528.8,0x20,405.003,3.7,1500,-1,2.4,,
2026-09-04T01:47:39.000Z,M20-409-2-00781,1472521659,43.35212,4.90317,5573.1,-4.1,7.6,156.4,-3.7,25.0,529.1,0x20,405.003,11.2,1500,-1,2.4,,
2026-09-04T01:47:40.000Z,M20-409-2-00781,1472521660,43.35205,4.90321,5567.9,-3.8,8.0,152.0,-3.6,25.1,529.5,0x20,405.003,13.6,1500,-1,2.4,,
2026-09-04T01:47:41.000Z,M20-409-2-00781,1472521661,43.35199,4.90326,5563.7,-3.5,8.6,150.3,-3.6,25.4,529.8,0x20,405.003,15.4,1500,-1,2.4,,
2026-09-04T01:47:42.000Z,M20-409-2-00781,1472521662,43.35192,4.90331,5558.9,-5.0,8.9,154.4,-3.6,25.4,530.1,0x20,405.003,15.4,1500,-1,2.4,,
2026-09-04T01:47:43.000Z,M20-409-2-00781,1472521663,43.35184,4.90335,5553.0,-4.6,8.2,153.8,-3.6,25.5,530.4,0x20,405.003,14.8,1500,-1,2.4,,
2026-09-04T01:47:44.000Z,M20-409-2-00781,1472521664,43.35178,4.90339,5548.5,-3.1,7.8,160.1,-3.5,25.7,530.7,0x20,405.003,12.9,1500,-1,2.4,,
2026-09-04T01:47:45.000Z,M20-409-2-00781,1472521665,43.35172,4.90343,5543.2,-3.5,6.7,143.8,-3.5,25.8,531.0,0x20,405.003,13.3,1500,-1,2.4,,
2026-09-04T01:47:46.000Z,M20-409-2-00781,1472521666,43.35166,4.90348,5539.1,-3.1,8.4,145.7,-3.5,25.8,531.3,0x20,405.003,16.9,1500,-1,2.4,,
2026-09-04T01:47:47.000Z,M20-409-2-00781,1472521667,43.35160,4.90353,5534.3,-4.7,8.9,150.8,-3.4,25.9,531.7,0x20,405.003,16.9,1500,-1,2.4,,
2026-09-04T01:47:48.000Z,M20-409-2-00781,1472521668,43.35153,4.90358,5529.1,-5.0,8.3,149.1,-3.4,26.1,532.0,0x20,405.003,16.9,1875,-1,2.4,,
2026-09-04T01:47:49.000Z,M20-409-2-00781,1472521669,43.35147,4.90364,5524.1,-3.9,8.1,147.8,-3.4,26.3,532.3,0x20,405.003,14.9,1500,-1,2.4,,
2026-09-04T01:47:50.000Z,M20-409-2-00781,1472521670,43.35140,4.90369,5519.3,-3.6,8.9,148.9,-3.4,26.3,532.6,0x20,405.003,4.1,1125,-1,2.4,,
2026-09-04T01:47:51.000Z,M20-409-2-00781,1472521671,43.35134,4.90375,5515.2,-4.2,8.9,147.7,-3.3,26.4,533.0,0x20,405.003,4.2,1500,-1,2.4,,
2026-09-04T01:47:52.000Z,M20-409-2-00781,1472521672,43.35127,4.90380,5510.3,-4.3,8.2,148.2,-3.3,26.4,533.3,0x20,405.003,5.2,1875,-1,2.4,,
2026-09-04T01:47:53.000Z,M20-409-2-00781,1472521673,43.35121,4.90386,5504.3,-4.6,9.1,148.9,-3.3,26.4,533.6,0x20,405.003,12.3,1500,-1,2.4,,
2026-09-04T01:47:54.000Z,M20-409-2-00781,1472521674,43.35114,4.90392,5500.1,-3.5,8.1,145.5,-3.2,26.4,533.9,0x20,405.003,12.3,1500,-1,2.4,,
2026-09-04T01:47:55.000Z,M20-409-2-00781,1472521675,43.35108,4.90398,5495.6,-3.5,8.5,142.4,-3.2,26.3,534.2,0x20,405.003,16.5,1500,-1,2.4,,
2026-09-04T01:47:56.000Z,M20-409-2-00781,1472521676,43.35102,4.90405,5491.6,-2.9,9.2,140.5,-3.1,26.3,534.6,0x20,405.003,16.5,1500,-1,2.4,,
2026-09-04T01:47:57.000Z,M20-409-2-00781,1472521677,43.35095,4.90411,5487.5,-4.5,9.9,149.4,-3.1,26.2,534.9,0x20,405.003,14.9,1500,-1,2.4,,
2026-09-04T01:47:58.000Z,M20-409-2-00781,1472521678,43.35087,4.90416,5482.4,-5.3,8.7,155.0,-3.1,26.2,535.2,0x20,405.003,14.5,1500,-1,2.4,,
2026-09-04T01:47:59.000Z,M20-409-2-00781,1472521679,43.35081,4.90421,5476.4,-4.4,8.2,148.5,-3.0,26.2,535.5,0x20,405.003,14.0,1500,-1,2.4,,
2026-09-04T01:48:00.000Z,M20-409-2-00781,1472521680,43.35075,4.90427,5471.5,-4.8,8.6,142.4,-3.0,26.2,535.8,0x20,405.003,12.2,1500,-1,2.4,,
2026-09-04T01:48:01.000Z,M20-409-2-00781,1472521681,43.35068,4.90434,5467.0,-3.8,9.3,145.2,-3.0,26.2,536.2,0x20,405.003,10.2,1500,-1,2.4,,
2026-09-04T01:48:02.000Z,M20-409-2-00781,1472521682,43.35061,4.90440,5463.6,-2.5,7.9,145.6,-3.0,26.3,536.5,0x20,405.003,9.7,1500,-1,2.4,,
2026-09-04T01:48:03.000Z,M20-409-2-00781,1472521683,43.35055,4.90445,5459.0,-4.5,9.0,148.6,-2.9,26.4,536.8,0x20,405.003,9.7,1875,-1,2.4,,
2026-09-04T01:48:04.000Z,M20-409-2-00781,1472521684,43.35048,4.90452,5454.6,-2.5,10.0,136.5,-3.0,26.7,537.1,0x20,405.003,4.4,1875,-1,2.4,,
2026-09-04T01:48:05.000Z,M20-409-2-00781,1472521685,43.35041,4.90458,5449.3,-5.4,8.9,149.9,-3.0,27.0,537.5,0x20,405.003,4.4,1500,-1,2.4,,
2026-09-04T01:48:06.000Z,M20-409-2-00781,1472521686,43.35034,4.90464,5443.4,-4.4,8.4,148.2,-3.0,27.7,537.8,0x20,405.003,10.7,1875,-1,2.4,,
2026-09-04T01:48:07.000Z,M20-409-2-00781,1472521687,43.35028,4.90470,5438.0,-5.3,8.2,140.3,-3.0,28.3,538.1,0x20,405.003,11.7,1875,-1,2.4,,
2026-09-04T01:48:08.000Z,M20-409-2-00781,1472521688,43.35023,4.90476,5432.7,-4.2,8.7,139.2,-3.0,28.3,538.4,0x20,405.003,11.9,1500,-1,2.4,,
2026-09-04T01:48:09.000Z,M20-409-2-00781,1472521689,43.35017,4.90483,5428.4,-3.6,8.4,137.7,-2.9,28.0,538.8,0x20,405.003,13.0,1500,-1,2.4,,
2026-09-04T01:48:10.000Z,M20-409-2-00781,1472521690,43.35011,4.90490,5423.9,-4.7,8.8,139.3,-2.9,28.0,539.1,0x20,405.003,13.0,1500,-1,2.4,,
2026-09-04T01:48:11.000Z,M20-409-2-00781,1472521691,43.35004,4.90497,5419.4,-3.5,9.3,139.4,-2.9,28.7,539.4,0x20,405.003,13.1,1500,-1,2.4,,
2026-09-04T01:48:12.000Z,M20-409-2-00781,1472521692,43.34998,4.90504,5416.2,-3.5,9.3,143.4,-2.9,29.6,539.7,0x20,405.003,13.8,1500,-1,2.4,,
2026-09-04T01:48:13.000Z,M20-409-2-00781,1472521693,43.34991,4.90510,5411.4,-5.0,9.3,146.4,-2.9,30.2,540.1,0x20,405.003,13.8,1500,-1,2.4,,
2026-09-04T01:48:14.000Z,M20-409-2-00781,1472521694,43.34984,4.90516,5406.5,-4.3,8.5,144.9,-2.9,30.7,540.4,0x20,405.003,15.3,1500,-1,2.4,,
2026-09-04T01:48:15.000Z,M20-409-2-00781,1472521695,43.34978,4.90521,5400.6,-5.3,8.8,151.4,-2.9,31.0,540.7,0x20,405.003,15.3,1500,-1,2.4,,
2026-09-04T01:48:16.000Z,M20-409-2-00781,1472521696,43.34971,4.90526,5395.6,-4.7,8.6,150.6,-2.9,31.1,541.0,0x20,405.003,7.4,1500,-1,2.4,,
2026-09-04T01:48:17.000Z,M20-409-2-00781,1472521697,43.34964,4.90531,5390.6,-4.8,8.0,152.2,-2.8,31.2,541.4,0x20,405.003,7.4,1875,-1,2.4,,
2026-09-04T01:48:18.000Z,M20-409-2-00781,1472521698,43.34958,4.90537,5385.6,-5.2,8.2,144.7,-2.8,31.3,541.7,0x20,405.003,4.6,1875,-1,2.4,,
2026-09-04T01:48:19.000Z,M20-409-2-00781,1472521699,43.34952,4.90542,5380.1,-5.3,8.2,150.0,-2.8,31.5,542.0,0x20,405.003,8.8,1875,-1,2.4,,
2026-09-04T01:48:20.000Z,M20-409-2-00781,1472521700,43.34946,4.90548,5375.1,-4.4,9.4,147.8,-2.7,31.6,542.3,0x20,405.003,11.7,1875,-1,2.4,,
2026-09-04T01:48:21.000Z,M20-409-2-00781,1472521701,43.34939,4.90554,5370.6,-3.9,7.8,145.1,-2.7,31.8,542.7,0x20,405.003,13.7,1500,-1,2.4,,
2026-09-04T01:48:22.000Z,M20-409-2-00781,1472521702,43.34933,4.90560,5366.3,-4.1,8.7,151.1,-2.7,31.9,543.0,0x20,405.003,13.7,1500,-1,2.4,,
2026-09-04T01:48:23.000Z,M20-409-2-00781,1472521703,43.34927,4.90566,5362.1,-3.8,8.5,149.3,-2.6,31.9,543.3,0x20,405.003,12.0,1500,-1,2.4,,
2026-09-04T01:48:24.000Z,M20-409-2-00781,1472521704,43.34920,4.90571,5358.6,-2.3,8.8,148.8,-2.6,31.9,543.6,0x20,405.003,12.6,1500,-1,2.4,,
2026-09-04T01:48:25.000Z,M20-409-2-00781,1472521705,43.34913,4.90577,5355.0,-3.5,9.3,151.0,-2.6,32.0,544.0,0x20,405.003,12.6,1500,-1,2.4,,
2026-09-04T01:48:26.000Z,M20-409-2-00781,1472521706,43.34907,4.90583,5350.0,-3.3,9.2,152.3,-2.6,32.0,544.3,0x20,405.003,13.6,1500,-1,2.4,,
2026-09-04T01:48:27.000Z,M20-409-2-00781,1472521707,43.34900,4.90589,5344.5,-6.2,7.6,141.8,-2.5,32.0,544.6,0x20,405.003,13.6,1500,-1,2.4,,
2026-09-04T01:48:28.000Z,M20-409-2-00781,1472521708,43.34894,4.90595,5338.3,-4.7,8.7,145.1,-2.5,32.0,545.0,0x20,405.003,12.9,1500,-1,2.4,,
2026-09-04T01:48:29.000Z,M20-409-2-00781,1472521709,43.34887,4.90601,5333.1,-3.8,9.4,156.2,-2.4,32.0,545.3,0x20,405.003,11.7,1500,-1,2.4,,
2026-09-04T01:48:30.000Z,M20-409-2-00781,1472521710,43.34880,4.90606,5328.7,-4.3,9.2,152.5,-2.4,32.0,545.6,0x20,405.003,4.5,1500,-1,2.4,,
2026-09-04T01:48:31.000Z,M20-409-2-00781,1472521711,43.34873,4.90611,5324.4,-3.6,8.7,148.7,-2.4,32.0,545.9,0x20,405.003,3.0,1500,-1,2.4,,
2026-09-04T01:48:32.000Z,M20-409-2-00781,1472521712,43.34866,4.90617,5320.0,-4.4,8.7,146.2,-2.3,32.0,546.3,0x20,405.003,3.5,1875,-1,2.4,,
2026-09-04T01:48:33.000Z,M20-409-2-00781,1472521713,43.34859,4.90623,5315.4,-4.5,9.4,151.4,-2.3,32.0,546.6,0x20,405.003,6.0,1875,-1,2.4,,
2026-09-04T01:48:34.000Z,M20-409-2-00781,1472521714,43.34852,4.90628,5310.0,-5.3,8.4,151.2,-2.2,31.9,546.9,0x20,405.003,9.9,1875,-1,2.4,,
2026-09-04T01:48:35.000Z,M20-409-2-00781,1472521715,43.34845,4.90633,5305.5,-3.6,9.3,154.8,-2.2,31.9,547.2,0x20,405.003,9.9,1500,-1,2.4,,
2026-09-04T01:48:36.000Z,M20-409-2-00781,1472521716,43.34837,4.90638,5301.3,-3.2,9.3,155.6,-2.2,31.9,547.6,0x20,405.003,11.7,1500,-1,2.4,,
2026-09-04T01:48:37.000Z,M20-409-2-00781,1472521717,43.34830,4.90643,5297.1,-3.2,8.3,147.6,-2.1,31.9,547.9,0x20,405.003,11.7,1500,-1,2.4,,
2026-09-04T01:48:38.000Z,M20-409-2-00781,1472521718,43.34823,4.90648,5292.9,-3.9,9.0,156.2,-2.1,31.9,548.2,0x20,405.003,11.1,1500,-1,2.4,,
2026-09-04T01:48:39.000Z,M20-409-2-00781,1472521719,43.34815,4.90653,5287.5,-5.0,9.0,158.5,-2.0,31.9,548.5,0x20,405.003,12.6,1500,-1,2.4,,
2026-09-04T01:48:40.000Z,M20-409-2-00781,1472521720,43.34808,4.90657,5282.2,-4.6,8.5,156.7,-2.0,31.9,548.9,0x20,405.003,12.6,1500,-1,2.4,,
2026-09-04T01:48:41.000Z,M20-409-2-00781,1472521721,43.34800,4.90662,5277.6,-4.0,10.1,156.1,-2.0,31.9,549.2,0x20,405.003,14.5,1500,-1,2.4,,
2026-09-04T01:48:42.000Z,M20-409-2-00781,1472521722,43.34792,4.90667,5272.6,-4.3,8.8,156.0,-1.9,31.8,549.5,0x20,405.003,14.5,1125,-1,2.4,,
2026-09-04T01:48:43.000Z,M20-409-2-00781,1472521723,43.34785,4.90672,5268.8,-2.7,9.7,151.4,-1.9,31.8,549.9,0x20,405.003,11.4,1125,-1,2.4,,
2026-09-04T01:48:44.000Z,M20-409-2-00781,1472521724,43.34777,4.90677,5264.5,-3.9,9.8,158.9,-1.8,31.8,550.2,0x20,405.003,4.6,1125,-1,2.5,,
2026-09-04T01:48:45.000Z,M20-409-2-00781,1472521725,43.34769,4.90681,5259.8,-5.1,8.6,158.4,-1.8,31.8,550.5,0x20,405.003,3.6,1125,-1,2.4,,
2026-09-04T01:48:46.000Z,M20-409-2-00781,1472521726,43.34762,4.90686,5254.5,-3.8,9.7,154.4,-1.8,31.7,550.9,0x20,405.003,7.4,1125,-1,2.4,,
2026-09-04T01:48:47.000Z,M20-409-2-00781,1472521727,43.34754,4.90691,5250.4,-3.2,9.5,155.8,-1.7,31.7,551.2,0x20,405.003,14.0,1500,-1,2.5,,
2026-09-04T01:48:48.000Z,M20-409-2-00781,1472521728,43.34746,4.90696,5247.5,-2.6,8.8,154.2,-1.7,31.7,551.5,0x20,405.003,14.0,1500,-1,2.4,,
2026-09-04T01:48:49.000Z,M20-409-2-00781,1472521729,43.34739,4.90701,5243.4,-2.6,10.0,155.1,-1.6,31.6,551.8,0x20,405.003,14.0,1500,-1,2.4,,
2026-09-04T01:48:50.000Z,M20-409-2-00781,1472521730,43.34731,4.90705,5239.4,-3.9,9.4,160.2,-1.6,31.6,552.1,0x20,405.003,14.5,1500,-1,2.5,,
2026-09-04T01:48:51.000Z,M20-409-2-00781,1472521731,43.34723,4.90709,5233.6,-4.6,9.5,158.5,-1.5,31.6,552.4,0x20,405.003,14.5,1500,-1,2.4,,
2026-09-04T01:48:52.000Z,M20-409-2-00781,1472521732,43.34716,4.90712,5227.8,-4.6,9.4,161.4,-1.5,31.5,552.8,0x20,405.003,14.3,1125,-1,2.4,,
2026-09-04T01:48:53.000Z,M20-409-2-00781,1472521733,43.34708,4.90716,5223.1,-3.1,8.8,158.5,-1.5,31.5,553.1,0x20,405.003,14.3,1125,-1,2.4,,
2026-09-04T01:48:54.000Z,M20-409-2-00781,1472521734,43.34701,4.90720,5218.4,-4.7,9.6,160.8,-1.4,31.4,553.4,0x20,405.003,14.8,1125,-1,2.5,,
2026-09-04T01:48:55.000Z,M20-409-2-00781,1472521735,43.34693,4.90725,5213.7,-5.1,9.1,157.7,-1.3,31.4,553.8,0x20,405.003,14.8,1125,-1,2.5,,
2026-09-04T01:48:56.000Z,M20-409-2-00781,1472521736,43.34686,4.90729,5207.9,-4.9,9.2,160.6,-1.3,31.3,554.1,0x20,405.003,13.1,1125,-1,2.5,,
2026-09-04T01:48:57.000Z,M20-409-2-00781,1472521737,43.34678,4.90733,5202.8,-4.0,10.0,156.9,-1.3,31.3,554.4,0x20,405.003,4.0,1125,-1,2.5,,
2026-09-04T01:48:58.000Z,M20-409-2-00781,1472521738,43.34671,4.90738,5198.7,-4.3,8.8,154.7,-1.2,31.2,554.7,0x20,405.003,3.8,1125,-1,2.5,,
2026-09-04T01:48:59.000Z,M20-409-2-00781,1472521739,43.34663,4.90743,5193.8,-5.4,9.4,161.1,-1.2,31.2,555.1,0x20,405.003,3.8,1500,-1,2.5,,
2026-09-04T01:49:00.000Z,M20-409-2-00781,1472521740,43.34655,4.90747,5189.7,-4.1,9.4,161.1,-1.1,31.2,555.4,0x20,405.003,10.4,1500,-1,2.5,,
2026-09-04T01:49:01.000Z,M20-409-2-00781,1472521741,43.34647,4.90751,5184.8,-4.8,9.9,161.5,-1.1,31.1,555.7,0x20,405.003,12.7,1500,-1,2.5,,
2026-09-04T01:49:02.000Z,M20-409-2-00781,1472521742,43.34639,4.90755,5179.1,-4.5,9.7,159.9,-1.1,31.0,556.0,0x20,405.003,12.8,1500,-1,2.5,,
2026-09-04T01:49:03.000Z,M20-409-2-00781,1472521743,43.34630,4.90759,5174.1,-5.7,11.0,162.2,-1.0,31.0,556.4,0x20,405.003,13.8,1500,-1,2.5,,
2026-09-04T01:49:04.000Z,M20-409-2-00781,1472521744,43.34622,4.90763,5169.3,-4.6,9.3,161.7,-1.0,31.0,556.7,0x20,405.003,13.8,1500,-1,2.5,,
2026-09-04T01:49:05.000Z,M20-409-2-00781,1472521745,43.34614,4.90768,5164.7,-4.4,9.6,160.3,-0.9,30.9,557.0,0x20,405.003,12.9,1500,-1,2.5,,
2026-09-04T01:49:06.000Z,M20-409-2-00781,1472521746,43.34607,4.90772,5160.0,-4.3,9.7,161.1,-0.9,30.9,557.3,0x20,405.003,12.9,1500,-1,2.5,,
2026-09-04T01:49:07.000Z,M20-409-2-00781,1472521747,43.34599,4.90776,5155.3,-4.4,9.1,159.9,-0.9,30.8,557.7,0x20,405.003,12.9,1500,-1,2.5,,
2026-09-04T01:49:08.000Z,M20-409-2-00781,1472521748,43.34591,4.90780,5149.9,-5.3,10.9,159.6,-0.8,30.8,558.0,0x20,405.003,14.5,1125,-1,2.5,,
2026-09-04T01:49:09.000Z,M20-409-2-00781,1472521749,43.34583,4.90785,5145.0,-3.2,9.7,159.2,-0.8,30.7,558.3,0x20,405.003,14.5,1125,-1,2.5,,
2026-09-04T01:49:10.000Z,M20-409-2-00781,1472521750,43.34575,4.90790,5142.5,-1.9,10.5,158.8,-0.7,30.7,558.6,0x20,405.003,4.0,1500,-1,2.5,,
2026-09-04T01:49:11.000Z,M20-409-2-00781,1472521751,43.34566,4.90794,5138.6,-4.1,10.2,162.8,-0.7,30.7,559.0,0x20,405.003,4.0,1500,-1,2.5,,
2026-09-04T01:49:12.000Z,M20-409-2-00781,1472521752,43.34558,4.90798,5133.6,-5.9,10.1,163.8,-0.7,30.6,559.3,0x20,405.003,3.7,1500,-1,2.5,,
2026-09-04T01:49:13.000Z,M20-409-2-00781,1472521753,43.34550,4.90802,5129.2,-2.7,9.7,159.8,-0.6,30.6,559.6,0x20,405.003,7.2,1500,-1,2.5,,
2026-09-04T01:49:14.000Z,M20-409-2-00781,1472521754,43.34541,4.90806,5125.8,-4.0,10.4,163.6,-0.6,30.6,559.9,0x20,405.003,11.3,1500,-1,2.5,,
2026-09-04T01:49:15.000Z,M20-409-2-00781,1472521755,43.34533,4.90810,5120.5,-4.0,10.0,163.8,-0.6,30.5,560.2,0x20,405.003,12.6,1500,-1,2.5,,
2026-09-04T01:49:16.000Z,M20-409-2-00781,1472521756,43.34525,4.90813,5114.0,-5.7,9.3,168.1,-0.5,30.5,560.6,0x20,405.003,12.6,1500,-1,2.5,,
2026-09-04T01:49:17.000Z,M20-409-2-00781,1472521757,43.34517,4.90816,5108.0,-5.4,10.0,162.9,-0.5,30.5,560.9,0x20,405.003,12.7,1500,-1,2.5,,
2026-09-04T01:49:18.000Z,M20-409-2-00781,1472521758,43.34509,4.90820,5103.3,-3.8,10.5,164.6,-0.5,30.5,561.2,0x20,405.003,12.7,1500,-1,2.5,,
2026-09-04T01:49:19.000Z,M20-409-2-00781,1472521759,43.34501,4.90823,5099.1,-2.6,9.8,162.1,-0.4,30.4,561.5,0x20,405.003,11.1,1500,-1,2.5,,
2026-09-04T01:49:20.000Z,M20-409-2-00781,1472521760,43.34493,4.90828,5096.6,-3.6,10.1,167.5,-0.4,30.4,561.9,0x20,405.003,11.1,1500,-1,2.5,,
2026-09-04T01:49:21.000Z,M20-409-2-00781,1472521761,43.34484,4.90831,5093.2,-3.3,9.7,166.8,-0.3,30.4,562.2,0x20,405.003,10.2,1500,-1,2.5,,
2026-09-04T01:49:22.000Z,M20-409-2-00781,1472521762,43.34476,4.90833,5089.4,-3.0,9.6,166.9,-0.3,30.4,562.5,0x20,405.003,10.2,1500,-1,2.5,,
2026-09-04T01:49:23.000Z,M20-409-2-00781,1472521763,43.34468,4.90836,5085.6,-2.6,9.8,163.3,-0.3,30.4,562.8,0x20,405.003,9.4,1500,-1,2.5,,
2026-09-04T01:49:24.000Z,M20-409-2-00781,1472521764,43.34460,4.90839,5081.5,-4.2,10.4,168.9,-0.3,30.4,563.1,0x20,405.003,5.2,1500,-1,2.5,,
2026-09-04T01:49:25.000Z,M20-409-2-00781,1472521765,43.34451,4.90842,5074.8,-5.1,9.4,168.4,-0.3,30.4,563.5,0x20,405.003,4.1,1500,-1,2.5,,
2026-09-04T01:49:26.000Z,M20-409-2-00781,1472521766,43.34443,4.90845,5069.0,-4.1,9.7,165.9,-0.2,30.3,563.8,0x20,405.003,5.8,1500,-1,2.5,,
2026-09-04T01:49:27.000Z,M20-409-2-00781,1472521767,43.34435,4.90848,5065.0,-3.1,9.8,170.2,-0.2,30.3,564.1,0x20,405.003,11.4,1500,-1,2.5,,
2026-09-04T01:49:28.000Z,M20-409-2-00781,1472521768,43.34426,4.90850,5060.8,-3.4,9.5,167.8,-0.2,30.3,564.5,0x20,405.003,11.4,1500,-1,2.5,,
2026-09-04T01:49:29.000Z,M20-409-2-00781,1472521769,43.34418,4.90853,5057.7,-1.8,10.1,166.6,-0.1,30.3,564.8,0x20,405.003,11.1,1500,-1,2.5,,
2026-09-04T01:49:30.000Z,M20-409-2-00781,1472521770,43.34410,4.90856,5053.5,-4.0,9.5,169.4,-0.1,30.2,565.1,0x20,405.003,11.2,1500,-1,2.5,,
2026-09-04T01:49:31.000Z,M20-409-2-00781,1472521771,43.34401,4.90859,5048.9,-3.7,9.9,168.0,-0.0,30.2,565.4,0x20,405.003,11.2,1500,-1,2.5,,
2026-09-04T01:49:32.000Z,M20-409-2-00781,1472521772,43.34392,4.90861,5044.0,-3.6,10.3,170.7,0.0,30.2,565.7,0x20,405.003,10.9,1500,-1,2.5,,
2026-09-04T01:49:33.000Z,M20-409-2-00781,1472521773,43.34384,4.90864,5039.9,-3.7,9.6,172.3,0.1,30.2,566.0,0x20,405.003,11.7,1500,-1,2.5,,
2026-09-04T01:49:34.000Z,M20-409-2-00781,1472521774,43.34376,4.90866,5035.0,-2.9,9.5,168.6,0.1,30.2,566.4,0x20,405.003,11.7,1500,-1,2.5,,
2026-09-04T01:49:35.000Z,M20-409-2-00781,1472521775,43.34367,4.90868,5030.7,-4.4,9.8,173.0,0.1,30.2,566.7,0x20,405.003,11.7,1500,-1,2.5,,
2026-09-04T01:49:36.000Z,M20-409-2-00781,1472521776,43.34359,4.90870,5025.8,-4.5,9.6,171.7,0.1,30.2,567.0,0x20,405.003,11.1,1500,-1,2.5,,
2026-09-04T01:49:37.000Z,M20-409-2-00781,1472521777,43.34351,4.90873,5022.2,-2.5,9.3,167.0,0.2,30.2,567.3,0x20,405.003,7.2,1500,-1,2.5,,
2026-09-04T01:49:38.000Z,M20-409-2-00781,1472521778,43.34342,4.90875,5017.5,-3.6,9.7,170.7,0.2,30.2,567.7,0x20,405.003,3.5,1500,-1,2.5,,
2026-09-04T01:49:39.000Z,M20-409-2-00781,1472521779,43.34334,4.90878,5011.7,-4.5,9.5,170.5,0.2,30.2,568.0,0x20,405.003,4.1,1500,-1,2.5,,
2026-09-04T01:49:40.000Z,M20-409-2-00781,1472521780,43.34326,4.90881,5006.7,-4.1,9.2,167.2,0.2,30.2,568.3,0x20,405.003,8.5,1500,-1,2.5,,
2026-09-04T01:49:41.000Z,M20-409-2-00781,1472521781,43.34318,4.90884,5001.7,-3.3,8.8,165.2,0.2,30.2,568.6,0x20,405.003,8.5,1500,-1,2.5,,
2026-09-04T01:49:42.000Z,M20-409-2-00781,1472521782,43.34310,4.90886,4998.4,-3.1,8.8,170.3,0.3,30.2,569.0,0x20,405.003,8.9,1500,-1,2.5,,
2026-09-04T01:49:43.000Z,M20-409-2-00781,1472521783,43.34302,4.90889,4994.5,-2.9,8.3,168.2,0.3,30.2,569.3,0x20,405.003,10.1,1500,-1,2.5,,
2026-09-04T01:49:44.000Z,M20-409-2-00781,1472521784,43.34295,4.90890,4991.8,-2.1,9.0,174.9,0.3,30.2,569.6,0x20,405.003,10.1,1500,-1,2.5,,
2026-09-04T01:49:45.000Z,M20-409-2-00781,1472521785,43.34286,4.90892,4988.4,-3.4,9.3,173.9,0.4,30.1,569.9,0x20,405.003,10.7,1500,-1,2.5,,
2026-09-04T01:49:46.000Z,M20-409-2-00781,1472521786,43.34277,4.90893,4983.8,-3.2,9.0,174.8,0.4,30.1,570.2,0x20,405.003,12.0,1500,-1,2.5,,
2026-09-04T01:49:47.000Z,M20-409-2-00781,1472521787,43.34268,4.90894,4980.2,-3.4,10.6,173.3,0.4,30.1,570.6,0x20,405.003,12.0,1500,-1,2.5,,
2026-09-04T01:49:48.000Z,M20-409-2-00781,1472521788,43.34258,4.90897,4973.4,-4.1,9.4,172.5,0.4,30.2,570.9,0x20,405.003,11.5,1500,-1,2.5,,
2026-09-04T01:49:49.000Z,M20-409-2-00781,1472521789,43.34249,4.90899,4967.7,-3.4,9.4,169.1,0.4,30.2,571.2,0x20,405.003,11.2,1500,-1,2.5,,
2026-09-04T01:49:50.000Z,M20-409-2-00781,1472521790,43.34241,4.90900,4964.7,-2.5,9.4,173.1,0.4,30.3,571.5,0x20,405.003,10.9,1125,-1,2.5,,
2026-09-04T01:49:51.000Z,M20-409-2-00781,1472521791,43.34232,4.90902,4960.6,-3.1,9.9,170.4,0.5,30.5,571.8,0x20,405.003,10.9,1125,-1,2.5,,
2026-09-04T01:49:52.000Z,M20-409-2-00781,1472521792,43.34223,4.90904,4956.1,-3.2,10.2,170.0,0.4,30.6,572.1,0x20,405.003,4.0,1125,-1,2.5,,
2026-09-04T01:49:53.000Z,M20-409-2-00781,1472521793,43.34213,4.90906,4952.6,-2.6,10.5,173.8,0.4,30.8,572.5,0x20,405.003,6.4,1500,-1,2.5,,
2026-09-04T01:49:54.000Z,M20-409-2-00781,1472521794,43.34204,4.90907,4947.1,-4.1,9.8,173.2,0.4,31.2,572.8,0x20,405.003,12.6,1500,-1,2.5,,
2026-09-04T01:49:55.000Z,M20-409-2-00781,1472521795,43.34195,4.90909,4942.0,-4.3,10.4,171.8,0.5,31.4,573.1,0x20,405.003,15.3,1125,-1,2.5,,
2026-09-04T01:49:56.000Z,M20-409-2-00781,1472521796,43.34186,4.90910,4937.7,-3.2,9.9,172.8,0.5,31.3,573.4,0x20,405.003,15.4,1125,-1,2.5,,
2026-09-04T01:49:57.000Z,M20-409-2-00781,1472521797,43.34177,4.90911,4933.6,-3.7,9.3,173.6,0.5,31.4,573.7,0x20,405.003,15.4,1500,-1,2.5,,
2026-09-04T01:49:58.000Z,M20-409-2-00781,1472521798,43.34168,4.90912,4928.5,-4.5,10.3,174.9,0.5,31.6,574.0,0x20,405.003,15.8,1125,-1,2.5,,
2026-09-04T01:49:59.000Z,M20-409-2-00781,1472521799,43.34158,4.90914,4922.7,-3.6,10.0,173.6,0.5,31.9,574.4,0x20,405.003,15.8,1125,-1,2.5,,
2026-09-04T01:50:00.000Z,M20-409-2-00781,1472521800,43.34150,4.90915,4918.9,-2.8,9.9,171.8,0.5,32.3,574.7,0x20,405.003,15.6,1125,-1,2.5,,
2026-09-04T01:50:01.000Z,M20-409-2-00781,1472521801,43.34141,4.90916,4915.4,-4.0,10.7,173.7,0.5,32.4,575.0,0x20,405.003,15.6,1125,-1,2.5,,
2026-09-04T01:50:02.000Z,M20-409-2-00781,1472521802,43.34131,4.90917,4910.1,-4.0,10.2,176.0,0.6,32.2,575.3,0x20,405.003,15.3,1125,-1,2.5,,
2026-09-04T01:50:03.000Z,M20-409-2-00781,1472521803,43.34122,4.90918,4905.6,-4.0,10.3,172.1,0.6,32.2,575.6,0x20,405.003,10.8,1500,-1,2.5,,
2026-09-04T01:50:04.000Z,M20-409-2-00781,1472521804,43.34113,4.90921,4900.0,-4.3,10.2,170.1,0.7,32.2,576.0,0x20,405.003,4.7,1125,-1,2.5,,
2026-09-04T01:50:05.000Z,M20-409-2-00781,1472521805,43.34104,4.90922,4895.0,-4.1,10.7,176.0,0.7,32.1,576.3,0x20,405.003,4.7,1500,-1,2.5,,
2026-09-04T01:50:06.000Z,M20-409-2-00781,1472521806,43.34095,4.90923,4890.6,-2.7,10.3,173.8,0.7,32.1,576.6,0x20,405.003,5.7,1500,-1,2.5,,
2026-09-04T01:50:07.000Z,M20-409-2-00781,1472521807,43.34086,4.90925,4886.1,-3.1,9.5,173.2,0.7,32.1,576.9,0x20,405.003,7.6,1500,-1,2.5,,
2026-09-04T01:50:08.000Z,M20-409-2-00781,1472521808,43.34077,4.90925,4882.2,-2.9,10.5,181.4,0.8,32.3,577.2,0x20,405.003,11.3,1125,-1,2.5,,
2026-09-04T01:50:09.000Z,M20-409-2-00781,1472521809,43.34069,4.90927,4877.4,-4.3,9.0,169.6,0.8,32.4,577.6,0x20,405.003,12.0,1500,-1,2.5,,
2026-09-04T01:50:10.000Z,M20-409-2-00781,1472521810,43.34060,4.90929,4872.7,-4.0,9.0,172.8,0.8,32.7,577.9,0x20,405.003,12.0,1500,-1,2.5,,
2026-09-04T01:50:11.000Z,M20-409-2-00781,1472521811,43.34053,4.90931,4868.4,-3.1,8.7,170.9,0.8,33.0,578.2,0x20,405.003,12.6,1500,-1,2.5,,
2026-09-04T01:50:12.000Z,M20-409-2-00781,1472521812,43.34045,4.90933,4865.3,-2.1,8.3,164.8,0.8,33.2,578.5,0x20,405.003,12.6,1500,-1,2.5,,
2026-09-04T01:50:13.000Z,M20-409-2-00781,1472521813,43.34037,4.90936,4861.0,-4.5,10.2,169.2,0.9,33.3,578.8,0x20,405.003,11.2,1500,-1,2.5,,
2026-09-04T01:50:14.000Z,M20-409-2-00781,1472521814,43.34029,4.90939,4856.5,-3.0,9.2,162.8,0.9,33.3,579.1,0x20,405.003,12.4,1125,-1,2.5,,
2026-09-04T01:50:15.000Z,M20-409-2-00781,1472521815,43.34020,4.90942,4852.9,-2.9,10.5,164.7,0.9,33.4,579.4,0x20,405.003,12.4,1125,-1,2.5,,
2026-09-04T01:50:16.000Z,M20-409-2-00781,1472521816,43.34011,4.90944,4848.3,-5.0,9.6,173.9,1.0,33.5,579.8,0x20,405.003,11.3,1125,-1,2.5,,
2026-09-04T01:50:17.000Z,M20-409-2-00781,1472521817,43.34003,4.90945,4843.3,-3.0,9.2,173.8,1.0,33.5,580.1,0x20,405.003,4.9,1125,-1,2.5,,
2026-09-04T01:50:18.000Z,M20-409-2-00781,1472521818,43.33995,4.90946,4838.6,-3.9,8.4,165.9,1.0,33.6,580.4,0x20,405.003,3.2,1125,-1,2.5,,
2026-09-04T01:50:19.000Z,M20-409-2-00781,1472521819,43.33988,4.90949,4833.7,-3.9,8.7,167.2,1.1,33.7,580.7,0x20,405.003,3.6,1125,-1,2.5,,
2026-09-04T01:50:20.000Z,M20-409-2-00781,1472521820,43.33980,4.90951,4829.3,-4.1,8.9,168.6,1.1,33.7,581.0,0x20,405.003,8.4,1125,-1,2.5,,
2026-09-04T01:50:21.000Z,M20-409-2-00781,1472521821,43.33973,4.90953,4825.3,-2.8,8.8,163.6,1.1,33.7,581.3,0x20,405.003,11.6,1125,-1,2.5,,
2026-09-04T01:50:22.000Z,M20-409-2-00781,1472521822,43.33965,4.90955,4821.4,-4.3,9.5,173.4,1.2,33.7,581.6,0x20,405.003,11.6,1125,-1,2.5,,
2026-09-04T01:50:23.000Z,M20-409-2-00781,1472521823,43.33957,4.90957,4815.9,-4.8,8.8,166.1,1.2,33.7,582.0,0x20,405.003,11.8,1500,-1,2.5,,
2026-09-04T01:50:24.000Z,M20-409-2-00781,1472521824,43.33950,4.90959,4811.8,-2.8,8.4,170.5,1.2,33.8,582.3,0x20,405.003,12.3,1500,-1,2.5,,
2026-09-04T01:50:25.000Z,M20-409-2-00781,1472521825,43.33942,4.90962,4808.5,-3.2,9.4,163.9,1.2,33.9,582.6,0x20,405.003,12.7,1500,-1,2.5,,
2026-09-04T01:50:26.000Z,M20-409-2-00781,1472521826,43.33934,4.90964,4804.5,-3.2,8.7,166.8,1.3,34.0,582.9,0x20,405.003,13.3,1500,-1,2.5,,
2026-09-04T01:50:27.000Z,M20-409-2-00781,1472521827,43.33927,4.90967,4800.2,-4.0,8.7,168.1,1.3,34.2,583.2,0x20,405.003,13.3,1500,-1,2.5,,
2026-09-04T01:50:28.000Z,M20-409-2-00781,1472521828,43.33919,4.90969,4795.7,-4.1,8.4,167.5,1.3,34.4,583.5,0x20,405.003,12.0,1500,-1,2.5,,
2026-09-04T01:50:29.000Z,M20-409-2-00781,1472521829,43.33912,4.90971,4791.3,-3.8,8.4,166.5,1.3,34.4,583.9,0x20,405.003,12.1,1125,-1,2.5,,
2026-09-04T01:50:30.000Z,M20-409-2-00781,1472521830,43.33904,4.90973,4787.4,-3.3,8.0,167.6,1.3,34.6,584.1,0x20,405.003,12.1,1125,-1,2.5,,
2026-09-04T01:50:31.000Z,M20-409-2-00781,1472521831,43.33897,4.90975,4782.5,-4.5,8.8,170.2,1.3,34.8,584.5,0x20,405.003,3.6,1125,-1,2.5,,
2026-09-04T01:50:32.000Z,M20-409-2-00781,1472521832,43.33889,4.90977,4777.5,-2.8,8.1,174.7,1.3,35.0,584.8,0x20,405.003,3.5,1500,-1,2.5,,
2026-09-04T01:50:33.000Z,M20-409-2-00781,1472521833,43.33882,4.90979,4774.3,-2.3,8.1,162.2,1.3,35.2,585.1,0x20,405.003,3.5,1500,-1,2.5,,
2026-09-04T01:50:34.000Z,M20-409-2-00781,1472521834,43.33875,4.90982,4770.1,-4.4,8.7,172.7,1.3,35.5,585.4,0x20,405.003,8.8,1125,-1,2.5,,
2026-09-04T01:50:35.000Z,M20-409-2-00781,1472521835,43.33867,4.90983,4766.1,-2.5,10.2,172.8,1.3,35.9,585.7,0x20,405.003,8.8,1125,-1,2.5,,
2026-09-04T01:50:36.000Z,M20-409-2-00781,1472521836,43.33859,4.90985,4762.2,-2.6,8.3,174.9,1.3,36.5,586.0,0x20,405.003,10.2,1500,-1,2.5,,
2026-09-04T01:50:37.000Z,M20-409-2-00781,1472521837,43.33852,4.90987,4757.8,-3.8,8.6,165.0,1.3,36.9,586.4,0x20,405.003,12.8,1125,-1,2.5,,
2026-09-04T01:50:38.000Z,M20-409-2-00781,1472521838,43.33845,4.90989,4753.0,-5.5,7.9,174.5,1.3,37.0,586.6,0x20,405.003,12.8,1125,-1,2.5,,
2026-09-04T01:50:39.000Z,M20-409-2-00781,1472521839,43.33839,4.90991,4747.5,-3.9,7.6,164.8,1.3,37.6,586.9,0x20,405.003,11.5,1125,-1,2.5,,
2026-09-04T01:50:40.000Z,M20-409-2-00781,1472521840,43.33832,4.90994,4743.0,-3.3,7.7,167.2,1.3,37.8,587.3,0x20,405.003,11.9,1500,-1,2.5,,
2026-09-04T01:50:41.000Z,M20-409-2-00781,1472521841,43.33825,4.90996,4738.0,-3.8,7.5,167.9,1.4,37.8,587.6,0x20,405.003,11.9,1500,-1,2.5,,
2026-09-04T01:50:42.000Z,M20-409-2-00781,1472521842,43.33819,4.90998,4734.4,-3.7,8.2,168.2,1.4,37.9,587.9,0x20,405.003,12.3,1125,-1,2.5,,
2026-09-04T01:50:43.000Z,M20-409-2-00781,1472521843,43.33811,4.90999,4730.1,-3.1,7.8,177.0,1.4,38.0,588.2,0x20,405.003,12.3,1125,-1,2.5,,
2026-09-04T01:50:44.000Z,M20-409-2-00781,1472521844,43.33805,4.91000,4726.2,-3.6,6.8,167.6,1.4,38.2,588.5,0x20,405.003,10.6,1125,-1,2.5,,
2026-09-04T01:50:45.000Z,M20-409-2-00781,1472521845,43.33798,4.91002,4721.3,-3.5,8.2,165.4,1.4,38.7,588.9,0x20,405.003,4.1,1125,-1,2.5,,
2026-09-04T01:50:46.000Z,M20-409-2-00781,1472521846,43.33792,4.91003,4718.1,-2.5,6.4,179.6,1.4,39.0,589.2,0x20,405.003,3.9,1125,-1,2.5,,
2026-09-04T01:50:47.000Z,M20-409-2-00781,1472521847,43.33786,4.91004,4714.7,-2.6,7.3,168.5,1.4,39.4,589.5,0x20,405.003,3.4,1125,-1,2.5,,
2026-09-04T01:50:48.000Z,M20-409-2-00781,1472521848,43.33779,4.91005,4710.8,-3.2,7.4,177.8,1.4,40.0,589.8,0x20,405.003,10.6,1125,-1,2.5,,
2026-09-04T01:50:49.000Z,M20-409-2-00781,1472521849,43.33773,4.91006,4706.9,-3.2,6.8,171.6,1.4,40.8,590.1,0x20,405.003,12.3,1125,-1,2.5,,
2026-09-04T01:50:50.000Z,M20-409-2-00781,1472521850,43.33767,4.91007,4702.6,-3.3,6.9,177.4,1.4,42.0,590.4,0x20,405.003,12.3,1500,-1,2.5,,
2026-09-04T01:50:51.000Z,M20-409-2-00781,1472521851,43.33762,4.91008,4698.2,-3.1,6.4,164.2,1.4,42.5,590.7,0x20,405.003,9.8,1500,-1,2.5,,
2026-09-04T01:50:52.000Z,M20-409-2-00781,1472521852,43.33756,4.91009,4694.6,-2.4,7.1,180.3,1.4,42.7,591.1,0x20,405.003,11.0,1500,-1,2.5,,
2026-09-04T01:50:53.000Z,M20-409-2-00781,1472521853,43.33750,4.91010,4690.4,-3.8,6.3,167.1,1.4,43.0,591.4,0x20,405.003,11.1,1500,-1,2.5,,
2026-09-04T01:50:54.000Z,M20-409-2-00781,1472521854,43.33744,4.91010,4684.5,-4.9,7.6,182.9,1.4,43.3,591.7,0x20,405.003,11.1,1500,-1,2.5,,
2026-09-04T01:50:55.000Z,M20-409-2-00781,1472521855,43.33738,4.91011,4679.3,-3.7,6.0,174.2,1.4,43.4,592.0,0x20,405.003,9.9,1500,-1,2.5,,
2026-09-04T01:50:56.000Z,M20-409-2-00781,1472521856,43.33732,4.91012,4674.4,-4.3,6.9,170.1,1.4,43.6,592.3,0x20,405.003,10.8,1125,-1,2.5,,
2026-09-04T01:50:57.000Z,M20-409-2-00781,1472521857,43.33727,4.91014,4670.9,-2.8,6.0,173.2,1.5,43.7,592.6,0x20,405.003,10.8,1500,-1,2.5,,
2026-09-04T01:50:58.000Z,M20-409-2-00781,1472521858,43.33721,4.91015,4666.9,-3.5,6.5,174.2,1.5,43.8,592.9,0x20,405.003,3.8,1500,-1,2.5,,
2026-09-04T01:50:59.000Z,M20-409-2-00781,1472521859,43.33716,4.91016,4662.4,-3.7,5.6,172.7,1.5,44.0,593.3,0x20,405.003,3.8,1500,-1,2.5,,
2026-09-04T01:51:00.000Z,M20-409-2-00781,1472521860,43.33711,4.91017,4657.6,-2.8,5.8,166.9,1.5,44.2,593.6,0x20,405.003,3.5,1500,-1,2.5,,
2026-09-04T01:51:01.000Z,M20-409-2-00781,1472521861,43.33706,4.91018,4653.3,-4.2,6.6,180.3,1.6,44.3,593.9,0x20,405.003,6.6,1500,-1,2.5,,
2026-09-04T01:51:02.000Z,M20-409-2-00781,1472521862,43.33701,4.91019,4649.2,-3.0,4.9,172.3,1.6,44.3,594.2,0x20,405.003,10.2,1500,-1,2.5,,
2026-09-04T01:51:03.000Z,M20-409-2-00781,1472521863,43.33695,4.91020,4645.2,-3.3,7.5,167.7,1.6,44.3,594.5,0x20,405.003,10.2,1500,-1,2.5,,
2026-09-04T01:51:04.000Z,M20-409-2-00781,1472521864,43.33689,4.91022,4641.3,-3.7,6.6,174.6,1.7,44.4,594.9,0x20,405.003,9.4,1500,-1,2.5,,
2026-09-04T01:51:05.000Z,M20-409-2-00781,1472521865,43.33684,4.91023,4637.4,-3.2,6.0,164.6,1.7,44.4,595.2,0x20,405.003,8.9,1500,-1,2.5,,
2026-09-04T01:51:06.000Z,M20-409-2-00781,1472521866,43.33678,4.91024,4632.9,-3.8,7.3,177.9,1.7,44.5,595.5,0x20,405.003,8.9,1500,-1,2.5,,
2026-09-04T01:51:08.000Z,M20-409-2-00781,1472521868,43.33667,4.91027,4625.2,-2.5,7.1,164.9,1.8,44.7,596.1,0x20,405.003,7.2,1500,-1,2.5,,
2026-09-04T01:51:09.000Z,M20-409-2-00781,1472521869,43.33661,4.91028,4620.4,-3.6,7.0,175.4,1.8,44.8,596.4,0x20,405.003,7.2,1500,-1,2.5,,
2026-09-04T01:51:10.000Z,M20-409-2-00781,1472521870,43.33655,4.91029,4616.8,-2.6,6.1,171.5,1.8,45.0,596.8,0x20,405.003,6.2,1500,-1,2.5,,
2026-09-04T01:51:11.000Z,M20-409-2-00781,1472521871,43.33650,4.91030,4612.3,-5.0,7.0,172.5,1.9,45.1,597.1,0x20,405.003,6.2,1500,-1,2.5,,
2026-09-04T01:51:13.000Z,M20-409-2-00781,1472521873,43.33638,4.91033,4604.6,-3.3,6.7,172.7,1.9,45.3,597.7,0x20,405.003,3.1,1500,-1,2.5,,
2026-09-04T01:51:14.000Z,M20-409-2-00781,1472521874,43.33632,4.91035,4599.2,-2.5,6.5,160.3,1.9,45.4,598.0,0x20,405.003,5.6,1500,-1,2.5,,
2026-09-04T01:51:16.000Z,M20-409-2-00781,1472521876,43.33621,4.91038,4591.4,-4.2,6.7,170.3,2.0,45.6,598.7,0x20,405.003,7.1,1500,-1,2.5,,
2026-09-04T01:51:17.000Z,M20-409-2-00781,1472521877,43.33615,4.91040,4586.0,-3.6,6.8,172.1,2.1,45.7,599.0,0x20,405.003,8.4,1500,-1,2.5,,
2026-09-04T01:51:18.000Z,M20-409-2-00781,1472521878,43.33609,4.91041,4581.3,-3.9,7.3,165.1,2.1,45.8,599.3,0x20,405.003,8.6,1500,-1,2.5,,
2026-09-04T01:51:20.000Z,M20-409-2-00781,1472521880,43.33597,4.91045,4571.5,-4.0,6.6,167.1,2.2,45.9,600.0,0x20,405.003,8.6,1500,-1,2.5,,
2026-09-04T01:51:21.000Z,M20-409-2-00781,1472521881,43.33590,4.91047,4566.9,-4.2,8.2,168.7,2.2,46.0,600.3,0x20,405.003,9.9,1500,-1,2.5,,
2026-09-04T01:51:23.000Z,M20-409-2-00781,1472521883,43.33578,4.91051,4557.8,-4.9,7.4,161.8,2.3,46.2,600.9,0x20,405.003,7.3,1500,-1,2.5,,
2026-09-04T01:51:25.000Z,M20-409-2-00781,1472521885,43.33565,4.91056,4550.2,-3.6,7.3,166.6,2.3,46.1,601.6,0x20,405.003,3.5,1500,-1,2.5,,
2026-09-04T01:51:26.000Z,M20-409-2-00781,1472521886,43.33559,4.91057,4545.3,-4.8,7.5,167.2,2.3,46.1,601.9,0x20,405.003,3.5,1500,-1,2.5,,
2026-09-04T01:51:28.000Z,M20-409-2-00781,1472521888,43.33546,4.91062,4537.4,-2.9,7.5,158.4,2.4,46.1,602.5,0x20,405.003,9.4,1500,-1,2.5,,
2026-09-04T01:51:30.000Z,M20-409-2-00781,1472521890,43.33533,4.91067,4530.0,-3.4,7.7,161.8,2.5,46.1,603.2,0x20,405.003,8.4,1500,-1,2.5,,
2026-09-04T01:51:32.000Z,M20-409-2-00781,1472521892,43.33520,4.91071,4521.2,-3.8,7.0,161.6,2.6,46.2,603.8,0x20,405.003,8.7,1500,-1,2.5,,
2026-09-04T01:51:33.000Z,M20-409-2-00781,1472521893,43.33514,4.91075,4515.9,-4.8,7.6,163.8,2.6,46.2,604.2,0x20,405.003,9.2,1500,-1,2.5,,
2026-09-04T01:51:34.000Z,M20-409-2-00781,1472521894,43.33508,4.91077,4511.2,-3.8,7.1,172.6,2.6,46.3,604.5,0x20,405.003,10.0,1500,-1,2.5,,
2026-09-04T01:51:35.000Z,M20-409-2-00781,1472521895,43.33502,4.91078,4507.1,-3.4,5.7,167.5,2.7,46.2,604.8,0x20,405.003,10.7,1125,-1,2.5,,
2026-09-04T01:51:36.000Z,M20-409-2-00781,1472521896,43.33496,4.91080,4503.0,-3.8,7.8,163.7,2.7,46.2,605.1,0x20,405.003,12.0,1125,-1,2.5,,
2026-09-04T01:51:37.000Z,M20-409-2-00781,1472521897,43.33491,4.91083,4498.9,-3.6,6.4,160.7,2.7,46.2,605.5,0x20,405.003,12.0,1125,-1,2.5,,
2026-09-04T01:51:38.000Z,M20-409-2-00781,1472521898,43.33485,4.91086,4494.8,-3.0,7.4,156.5,2.8,46.2,605.8,0x20,405.003,4.0,1125,-1,2.5,,
2026-09-04T01:51:39.000Z,M20-409-2-00781,1472521899,43.33479,4.91088,4489.8,-5.2,6.6,168.0,2.8,46.2,606.1,0x20,405.003,3.3,1125,-1,2.5,,
2026-09-04T01:51:40.000Z,M20-409-2-00781,1472521900,43.33474,4.91091,4484.6,-4.1,6.2,156.2,2.8,46.2,606.4,0x20,405.003,3.3,1125,-1,2.5,,
2026-09-04T01:51:41.000Z,M20-409-2-00781,1472521901,43.33468,4.91094,4480.9,-3.1,6.6,162.3,2.9,46.1,606.8,0x20,405.003,7.6,1500,-1,2.5,,
2026-09-04T01:51:42.000Z,M20-409-2-00781,1472521902,43.33463,4.91097,4476.0,-5.2,6.2,158.9,2.9,46.1,607.1,0x20,405.003,9.6,1500,-1,2.5,,
2026-09-04T01:51:43.000Z,M20-409-2-00781,1472521903,43.33457,4.91099,4471.1,-4.0,6.0,160.2,3.0,46.0,607.4,0x20,405.003,10.8,1500,-1,2.5,,
2026-09-04T01:51:44.000Z,M20-409-2-00781,1472521904,43.33452,4.91101,4467.0,-3.7,6.8,158.8,3.0,46.0,607.7,0x20,405.003,12.8,1125,-1,2.5,,
2026-09-04T01:51:45.000Z,M20-409-2-00781,1472521905,43.33446,4.91103,4462.5,-5.0,7.1,174.7,3.1,46.0,608.1,0x20,405.003,12.8,1500,-1,2.5,,
2026-09-04T01:51:46.000Z,M20-409-2-00781,1472521906,43.33440,4.91104,4457.4,-4.7,6.4,168.5,3.1,46.0,608.4,0x20,405.003,12.9,1125,-1,2.5,,
2026-09-04T01:51:47.000Z,M20-409-2-00781,1472521907,43.33434,4.91107,4453.4,-2.8,7.0,156.4,3.1,46.0,608.7,0x20,405.003,13.2,1125,-1,2.5,,
2026-09-04T01:51:48.000Z,M20-409-2-00781,1472521908,43.33428,4.91110,4449.7,-3.7,6.4,164.1,3.2,46.0,609.0,0x20,405.003,13.2,1125,-1,2.5,,
2026-09-04T01:51:49.000Z,M20-409-2-00781,1472521909,43.33423,4.91113,4445.8,-3.0,5.6,158.1,3.2,46.0,609.4,0x20,405.003,12.4,1125,-1,2.5,,
2026-09-04T01:51:50.000Z,M20-409-2-00781,1472521910,43.33418,4.91115,4442.4,-3.6,6.9,163.4,3.2,45.9,609.7,0x20,405.003,14.0,1125,-1,2.5,,
2026-09-04T01:51:51.000Z,M20-409-2-00781,1472521911,43.33413,4.91117,4437.5,-4.5,6.3,169.5,3.3,45.9,610.0,0x20,405.003,14.0,1125,-1,2.5,,
2026-09-04T01:51:52.000Z,M20-409-2-00781,1472521912,43.33407,4.91120,4433.0,-3.5,6.3,157.3,3.3,45.8,610.4,0x20,405.003,3.6,1125,-1,2.5,,
2026-09-04T01:51:53.000Z,M20-409-2-00781,1472521913,43.33401,4.91122,4428.8,-3.8,7.4,162.7,3.3,45.8,610.7,0x20,405.003,4.0,1125,-1,2.5,,
2026-09-04T01:51:54.000Z,M20-409-2-00781,1472521914,43.33396,4.91124,4424.8,-3.4,6.0,174.4,3.4,45.7,611.0,0x20,405.003,6.6,1125,-1,2.5,,
2026-09-04T01:51:55.000Z,M20-409-2-00781,1472521915,43.33391,4.91126,4420.9,-3.2,6.0,155.7,3.4,45.6,611.3,0x20,405.003,11.0,1125,-1,2.5,,
2026-09-04T01:51:56.000Z,M20-409-2-00781,1472521916,43.33386,4.91129,4416.6,-4.0,6.9,163.4,3.4,45.6,611.6,0x20,405.003,11.0,1500,-1,2.5,,
2026-09-04T01:51:57.000Z,M20-409-2-00781,1472521917,43.33382,4.91131,4412.0,-4.1,5.3,162.7,3.5,45.5,612.0,0x20,405.003,11.0,1500,-1,2.5,,
2026-09-04T01:51:58.000Z,M20-409-2-00781,1472521918,43.33377,4.91134,4407.1,-3.4,6.0,155.2,3.6,45.5,612.3,0x20,405.003,11.9,1500,-1,2.5,,
2026-09-04T01:51:59.000Z,M20-409-2-00781,1472521919,43.33371,4.91137,4402.9,-3.2,7.6,167.7,3.6,45.4,612.6,0x20,405.003,12.3,1500,-1,2.5,,
2026-09-04T01:52:00.000Z,M20-409-2-00781,1472521920,43.33366,4.91139,4398.1,-4.4,5.7,160.7,3.6,45.3,613.0,0x20,405.003,12.3,1500,-1,2.5,,
2026-09-04T01:52:01.000Z,M20-409-2-00781,1472521921,43.33361,4.91142,4394.5,-2.6,6.0,153.9,3.7,45.3,613.3,0x20,405.003,8.4,1500,-1,2.5,,
2026-09-04T01:52:02.000Z,M20-409-2-00781,1472521922,43.33356,4.91144,4390.2,-4.8,6.4,169.4,3.7,45.3,613.6,0x20,405.003,11.3,1125,-1,2.5,,
2026-09-04T01:52:03.000Z,M20-409-2-00781,1472521923,43.33351,4.91146,4385.9,-3.3,4.7,161.8,3.7,45.3,613.9,0x20,405.003,11.3,1500,-1,2.5,,
2026-09-04T01:52:04.000Z,M20-409-2-00781,1472521924,43.33347,4.91149,4381.8,-2.7,6.1,148.1,3.8,45.4,614.3,0x20,405.003,7.3,1125,-1,2.5,,
2026-09-04T01:52:05.000Z,M20-409-2-00781,1472521925,43.33342,4.91152,4377.8,-3.4,6.3,162.6,3.8,45.5,614.6,0x20,405.003,3.4,1500,-1,2.5,,
2026-09-04T01:52:07.000Z,M20-409-2-00781,1472521927,43.33333,4.91156,4369.3,-3.7,5.8,153.4,3.9,45.6,615.3,0x20,405.003,3.7,1500,-1,2.5,,
2026-09-04T01:52:08.000Z,M20-409-2-00781,1472521928,43.33328,4.91158,4365.1,-3.2,6.3,163.9,3.9,45.5,615.6,0x20,405.003,6.1,1500,-1,2.5,,
2026-09-04T01:52:10.000Z,M20-409-2-00781,1472521930,43.33318,4.91164,4356.8,-3.9,6.1,151.3,4.0,45.5,616.3,0x20,405.003,9.8,1500,-1,2.5,,
2026-09-04T01:52:11.000Z,M20-409-2-00781,1472521931,43.33313,4.91166,4352.6,-2.7,6.5,169.6,4.0,45.4,616.6,0x20,405.003,9.8,1500,-1,2.5,,
2026-09-04T01:52:13.000Z,M20-409-2-00781,1472521933,43.33304,4.91171,4344.0,-3.5,5.9,157.0,4.1,45.3,617.2,0x20,405.003,8.4,1500,-1,2.5,,
2026-09-04T01:52:14.000Z,M20-409-2-00781,1472521934,43.33299,4.91173,4339.5,-4.0,5.3,160.0,4.1,45.3,617.6,0x20,405.003,8.4,1500,-1,2.5,,
2026-09-04T01:52:16.000Z,M20-409-2-00781,1472521936,43.33290,4.91177,4329.5,-3.8,6.0,157.9,4.2,45.2,618.2,0x20,405.003,10.0,1125,-1,2.5,,
2026-09-04T01:52:17.000Z,M20-409-2-00781,1472521937,43.33284,4.91179,4325.3,-3.9,5.8,167.8,4.2,45.3,618.6,0x20,405.003,10.0,1125,-1,2.5,,
2026-09-04T01:52:18.000Z,M20-409-2-00781,1472521938,43.33280,4.91181,4321.1,-3.1,4.6,168.7,4.3,45.4,618.9,0x20,405.003,3.5,1500,-1,2.5,,
2026-09-04T01:52:19.000Z,M20-409-2-00781,1472521939,43.33275,4.91184,4317.7,-2.8,5.6,151.7,4.3,45.5,619.2,0x20,405.003,2.5,1125,-1,2.5,,
2026-09-04T01:52:20.000Z,M20-409-2-00781,1472521940,43.33271,4.91187,4313.2,-3.9,5.2,161.3,4.3,45.5,619.6,0x20,405.003,3.5,1500,-1,2.5,,
2026-09-04T01:52:22.000Z,M20-409-2-00781,1472521942,43.33262,4.91193,4304.5,-4.5,5.7,157.4,4.4,45.5,620.2,0x20,405.003,8.8,1125,-1,2.5,,
2026-09-04T01:52:23.000Z,M20-409-2-00781,1472521943,43.33257,4.91196,4299.5,-4.3,4.7,144.1,4.4,45.6,620.6,0x20,405.003,8.8,1125,-1,2.5,,
2026-09-04T01:52:24.000Z,M20-409-2-00781,1472521944,43.33254,4.91199,4295.3,-3.9,4.5,150.1,4.5,45.5,620.9,0x20,405.003,8.8,1125,-1,2.5,,
2026-09-04T01:52:25.000Z,M20-409-2-00781,1472521945,43.33249,4.91202,4291.0,-5.0,6.1,155.8,4.5,45.5,621.2,0x20,405.003,9.9,1125,-1,2.5,,
2026-09-04T01:52:26.000Z,M20-409-2-00781,1472521946,43.33244,4.91205,4285.8,-4.4,5.4,160.7,4.6,45.5,621.6,0x20,405.003,10.8,1125,-1,2.5,,
2026-09-04T01:52:27.000Z,M20-409-2-00781,1472521947,43.33239,4.91207,4281.1,-4.0,4.6,149.3,4.6,45.5,621.9,0x20,405.003,10.8,1500,-1,2.5,,
2026-09-04T01:52:28.000Z,M20-409-2-00781,1472521948,43.33235,4.91210,4276.9,-3.6,5.8,156.7,4.6,45.5,622.2,0x20,405.003,10.3,1125,-1,2.5,,
2026-09-04T01:52:29.000Z,M20-409-2-00781,1472521949,43.33230,4.91212,4272.0,-3.7,5.0,159.7,4.7,45.4,622.6,0x20,405.003,10.3,1125,-1,2.5,,
2026-09-04T01:52:30.000Z,M20-409-2-00781,1472521950,43.33226,4.91215,4266.9,-4.2,4.4,148.4,4.7,45.4,622.9,0x20,405.003,10.3,1500,-1,2.5,,
2026-09-04T01:52:31.000Z,M20-409-2-00781,1472521951,43.33222,4.91218,4262.7,-3.9,5.5,155.7,4.7,45.2,623.2,0x20,405.003,7.4,1125,-1,2.5,,
2026-09-04T01:52:32.000Z,M20-409-2-00781,1472521952,43.33217,4.91220,4259.0,-3.2,5.2,164.5,4.8,45.0,623.6,0x20,405.003,4.6,1125,-1,2.5,,
2026-09-04T01:52:34.000Z,M20-409-2-00781,1472521954,43.33208,4.91225,4250.8,-4.0,6.3,159.9,4.9,44.7,624.2,0x20,405.003,7.2,1125,-1,2.5,,
2026-09-04T01:52:35.000Z,M20-409-2-00781,1472521955,43.33203,4.91227,4246.1,-3.7,5.3,164.2,4.9,44.6,624.6,0x20,405.003,9.3,1125,-1,2.5,,
2026-09-04T01:52:36.000Z,M20-409-2-00781,1472521956,43.33199,4.91230,4242.5,-2.9,5.1,148.1,5.0,44.7,624.9,0x20,405.003,9.3,1125,-1,2.5,,
2026-09-04T01:52:37.000Z,M20-409-2-00781,1472521957,43.33194,4.91233,4238.3,-4.3,6.1,161.7,5.0,44.8,625.2,0x20,405.003,10.5,1125,-1,2.5,,
2026-09-04T01:52:38.000Z,M20-409-2-00781,1472521958,43.33189,4.91235,4233.7,-3.3,5.3,167.3,5.0,45.0,625.6,0x20,405.003,10.5,1500,-1,2.5,,
2026-09-04T01:52:39.000Z,M20-409-2-00781,1472521959,43.33185,4.91237,4229.6,-3.5,5.6,152.2,5.1,45.0,625.9,0x20,405.003,9.8,1125,-1,2.5,,
2026-09-04T01:52:40.000Z,M20-409-2-00781,1472521960,43.33180,4.91240,4225.2,-4.3,5.8,161.8,5.1,44.9,626.2,0x20,405.003,11.2,1125,-1,2.5,,
2026-09-04T01:52:42.000Z,M20-409-2-00781,1472521962,43.33171,4.91245,4217.6,-2.2,5.5,145.3,5.2,44.9,626.9,0x20,405.003,9.5,1500,-1,2.5,,
2026-09-04T01:52:43.000Z,M20-409-2-00781,1472521963,43.33167,4.91248,4213.6,-3.7,5.3,162.9,5.2,44.9,627.2,0x20,405.003,9.5,1125,-1,2.5,,
2026-09-04T01:52:44.000Z,M20-409-2-00781,1472521964,43.33163,4.91250,4209.1,-3.8,4.0,159.1,5.3,45.0,627.6,0x20,405.003,8.9,1125,-1,2.5,,
2026-09-04T01:52:45.000Z,M20-409-2-00781,1472521965,43.33159,4.91253,4203.8,-4.1,5.4,152.8,5.3,45.0,627.9,0x20,405.003,8.9,1125,-1,2.5,,
2026-09-04T01:52:46.000Z,M20-409-2-00781,1472521966,43.33154,4.91255,4199.4,-3.3,5.9,163.4,5.3,45.0,628.2,0x20,405.003,4.3,1125,-1,2.5,,
2026-09-04T01:52:47.000Z,M20-409-2-00781,1472521967,43.33150,4.91258,4195.3,-3.1,4.8,154.4,5.4,45.0,628.6,0x20,405.003,5.1,1125,-1,2.5,,
2026-09-04T01:52:48.000Z,M20-409-2-00781,1472521968,43.33145,4.91260,4191.2,-3.6,5.5,158.4,5.4,45.0,628.9,0x20,405.003,8.4,1125,-1,2.5,,
2026-09-04T01:52:49.000Z,M20-409-2-00781,1472521969,43.33141,4.91262,4187.0,-3.5,5.6,167.1,5.4,45.3,629.3,0x20,405.003,9.0,1500,-1,2.5,,
2026-09-04T01:52:50.000Z,M20-409-2-00781,1472521970,43.33136,4.91265,4182.9,-4.4,5.4,156.6,5.4,45.6,629.6,0x20,405.003,9.0,1500,-1,2.5,,
2026-09-04T01:52:51.000Z,M20-409-2-00781,1472521971,43.33132,4.91268,4178.1,-3.5,6.6,150.4,5.5,45.5,629.9,0x20,405.003,9.4,1125,-1,2.5,,
2026-09-04T01:52:52.000Z,M20-409-2-00781,1472521972,43.33127,4.91271,4173.2,-4.2,5.1,157.6,5.5,45.6,630.3,0x20,405.003,9.4,1500,-1,2.5,,
2026-09-04T01:52:53.000Z,M20-409-2-00781,1472521973,43.33124,4.91274,4169.3,-2.9,5.0,148.0,5.6,45.6,630.6,0x20,405.003,9.3,1500,-1,2.5,,
2026-09-04T01:52:54.000Z,M20-409-2-00781,1472521974,43.33119,4.91277,4164.8,-4.0,6.4,160.4,5.6,45.9,630.9,0x20,405.003,9.3,1125,-1,2.5,,
2026-09-04T01:52:55.000Z,M20-409-2-00781,1472521975,43.33114,4.91280,4160.5,-3.5,4.6,154.8,5.6,46.1,631.3,0x20,405.003,9.2,1500,-1,2.5,,
2026-09-04T01:52:56.000Z,M20-409-2-00781,1472521976,43.33111,4.91283,4156.7,-3.0,5.1,140.4,5.6,46.3,631.6,0x20,405.003,7.1,1500,-1,2.5,,
2026-09-04T01:53:10.000Z,M20-409-2-00781,1472521990,43.33051,4.91322,4097.1,-4.1,5.2,156.3,6.2,45.8,636.3,0x20,405.003,3.6,1500,-1,2.5,,
2026-09-04T01:53:20.000Z,M20-409-2-00781,1472522000,43.33010,4.91349,4054.1,-2.7,6.8,148.4,6.6,44.8,639.7,0x20,405.003,7.7,1500,-1,2.5,,
2026-09-04T01:53:23.000Z,M20-409-2-00781,1472522003,43.32997,4.91359,4039.7,-3.9,5.7,156.4,6.7,44.5,640.7,0x20,405.003,3.4,1500,-1,2.5,,
2026-09-04T02:00:05.000Z,M20-409-2-00781,1472522405,43.32149,4.91787,2461.9,-3.4,2.4,121.7,18.1,29.7,773.5,0x20,405.003,6.2,1125,-1,2.6,,
2026-09-04T02:00:41.000Z,M20-409-2-00781,1472522441,43.32024,4.91881,2339.9,-2.8,7.1,156.5,18.3,26.9,784.6,0x20,405.003,6.2,1125,-1,2.6,,
