timestamp,serial,frame,lat,lon,alt,vel_v,vel_h,heading,temp,humidity,pressure,type,freq_mhz,snr,f_error_hz,sats,batt_v,burst_timer,aux_data
2026-08-05T11:33:48.000Z,M20-403-2-02820,1469964828,43.83455,4.46644,5775.8,3.8,9.8,122.2,-4.9,7.7,510.9,0x20,405.002,5.6,-375,-1,2.8,,
2026-08-05T11:33:54.000Z,M20-403-2-02820,1469964834,43.83418,4.46699,5809.8,2.5,10.7,144.7,-5.0,6.3,508.7,0x20,405.002,6.2,-375,-1,2.8,,
2026-08-05T11:34:14.000Z,M20-403-2-02820,1469964854,43.83323,4.46870,5911.9,7.0,8.8,140.0,-5.7,6.0,502.1,0x20,405.002,3.7,-375,-1,2.8,,
2026-08-05T11:34:15.000Z,M20-403-2-02820,1469964855,43.83317,4.46877,5917.0,4.4,8.1,137.9,-5.8,5.9,501.7,0x20,405.002,3.7,-375,-1,2.8,,
2026-08-05T11:34:46.000Z,M20-403-2-02820,1469964886,43.83184,4.47132,6077.7,6.4,7.8,132.3,-7.0,5.4,490.9,0x20,405.002,6.2,-375,-1,2.8,,
2026-08-05T11:35:04.000Z,M20-403-2-02820,1469964904,43.83097,4.47275,6190.6,5.5,9.4,138.9,-7.7,9.6,484.0,0x20,405.002,6.2,-375,-1,2.8,,
2026-08-05T11:35:38.000Z,M20-403-2-02820,1469964938,43.82944,4.47551,6364.1,4.4,9.0,126.5,-9.3,8.0,473.2,0x20,405.002,4.7,-375,-1,2.8,,
2026-08-05T11:35:47.000Z,M20-403-2-02820,1469964947,43.82899,4.47611,6418.4,2.4,6.6,155.9,-9.7,9.4,470.1,0x20,405.002,2.9,-375,-1,2.8,,
2026-08-05T11:35:52.000Z,M20-403-2-02820,1469964952,43.82872,4.47655,6446.7,3.2,12.1,129.6,-10.0,10.3,468.4,0x20,405.002,6.5,-375,-1,2.8,,
2026-08-05T11:35:54.000Z,M20-403-2-02820,1469964954,43.82858,4.47672,6456.8,6.3,8.5,143.6,-10.1,9.4,467.6,0x20,405.002,8.5,-375,-1,2.8,,
2026-08-05T11:35:56.000Z,M20-403-2-02820,1469964956,43.82849,4.47686,6468.8,3.5,7.2,121.1,-10.1,10.0,467.0,0x20,405.002,8.9,-375,-1,2.8,,
2026-08-05T11:35:58.000Z,M20-403-2-02820,1469964958,43.82842,4.47704,6480.1,6.2,8.6,117.8,-10.2,9.9,466.4,0x20,405.002,7.9,-375,-1,2.8,,
2026-08-05T11:36:02.000Z,M20-403-2-02820,1469964962,43.82818,4.47745,6506.3,5.5,11.7,141.5,-10.4,10.3,465.0,0x20,405.002,6.2,-375,-1,2.8,,
2026-08-05T11:36:04.000Z,M20-403-2-02820,1469964964,43.82805,4.47761,6516.1,5.3,8.2,126.4,-10.5,11.1,464.3,0x20,405.002,6.6,-375,-1,2.8,,
2026-08-05T11:36:05.000Z,M20-403-2-02820,1469964965,43.82800,4.47770,6520.9,3.6,10.3,124.0,-10.6,11.7,464.0,0x20,405.002,6.6,-375,-1,2.8,,
2026-08-05T11:36:09.000Z,M20-403-2-02820,1469964969,43.82785,4.47803,6539.1,4.3,6.7,149.3,-10.7,12.9,463.0,0x20,405.002,7.4,-375,-1,2.8,,
2026-08-05T11:36:10.000Z,M20-403-2-02820,1469964970,43.82779,4.47809,6543.3,4.9,9.0,138.1,-10.7,12.9,462.7,0x20,405.002,7.4,-375,-1,2.8,,
2026-08-05T11:36:11.000Z,M20-403-2-02820,1469964971,43.82773,4.47817,6547.1,3.8,9.7,134.6,-10.8,12.6,462.4,0x20,405.002,7.4,-375,-1,2.8,,
2026-08-05T11:36:12.000Z,M20-403-2-02820,1469964972,43.82767,4.47827,6550.9,4.7,11.3,124.8,-10.8,12.3,462.1,0x20,405.002,7.0,0,-1,2.8,,
2026-08-05T11:36:13.000Z,M20-403-2-02820,1469964973,43.82761,4.47839,6554.9,3.8,11.2,120.9,-10.8,12.6,461.9,0x20,405.002,3.3,-375,-1,2.8,,
2026-08-05T11:36:15.000Z,M20-403-2-02820,1469964975,43.82752,4.47858,6562.4,1.0,7.9,131.0,-10.9,12.9,461.3,0x20,405.002,8.4,0,-1,2.8,,
2026-08-05T11:36:16.000Z,M20-403-2-02820,1469964976,43.82747,4.47866,6565.8,6.1,8.3,136.8,-11.0,12.9,461.0,0x20,405.002,8.4,-375,-1,2.8,,
2026-08-05T11:36:18.000Z,M20-403-2-02820,1469964978,43.82737,4.47881,6579.5,3.6,8.4,129.6,-11.1,12.9,460.3,0x20,405.002,7.2,-375,-1,2.8,,
2026-08-05T11:36:19.000Z,M20-403-2-02820,1469964979,43.82734,4.47889,6582.3,2.9,7.7,109.8,-11.1,12.8,459.9,0x20,405.002,7.6,-375,-1,2.8,,
2026-08-05T11:36:22.000Z,M20-403-2-02820,1469964982,43.82721,4.47913,6599.5,2.7,7.0,138.1,-11.2,12.6,458.9,0x20,405.002,6.6,-375,-1,2.8,,
2026-08-05T11:36:29.000Z,M20-403-2-02820,1469964989,43.82683,4.47961,6637.1,4.1,9.9,129.9,-11.6,13.4,456.5,0x20,405.002,7.0,-375,-1,2.8,,
2026-08-05T11:36:30.000Z,M20-403-2-02820,1469964990,43.82677,4.47971,6641.4,3.4,11.2,129.2,-11.6,13.3,456.1,0x20,405.002,9.9,-375,-1,2.8,,
2026-08-05T11:36:31.000Z,M20-403-2-02820,1469964991,43.82670,4.47982,6647.9,4.8,10.8,124.5,-11.6,12.8,455.7,0x20,405.002,9.9,-375,-1,2.8,,
2026-08-05T11:36:34.000Z,M20-403-2-02820,1469964994,43.82654,4.48005,6667.7,3.2,7.9,141.7,-11.7,11.0,454.5,0x20,405.002,7.9,-375,-1,2.7,,
2026-08-05T11:36:37.000Z,M20-403-2-02820,1469964997,43.82639,4.48028,6684.8,3.7,7.9,125.3,-11.8,10.3,453.6,0x20,405.002,5.6,-375,-1,2.8,,
2026-08-05T11:36:38.000Z,M20-403-2-02820,1469964998,43.82635,4.48034,6689.2,4.2,6.6,144.1,-11.8,10.0,453.2,0x20,405.002,5.6,-375,-1,2.7,,
2026-08-05T11:36:41.000Z,M20-403-2-02820,1469965001,43.82622,4.48049,6706.7,2.6,5.6,130.6,-11.9,10.1,452.2,0x20,405.002,5.7,-375,-1,2.7,,
2026-08-05T11:36:42.000Z,M20-403-2-02820,1469965002,43.82619,4.48056,6711.0,6.3,7.2,102.7,-12.0,10.5,451.8,0x20,405.002,7.9,-375,-1,2.7,,
2026-08-05T11:36:46.000Z,M20-403-2-02820,1469965006,43.82605,4.48090,6737.8,3.6,8.2,132.7,-12.2,10.9,450.4,0x20,405.002,7.8,-375,-1,2.8,,
2026-08-05T11:36:52.000Z,M20-403-2-02820,1469965012,43.82581,4.48138,6776.9,2.0,6.7,147.6,-12.4,10.7,448.2,0x20,405.002,2.5,-375,-1,2.8,,
2026-08-05T11:36:53.000Z,M20-403-2-02820,1469965013,43.82576,4.48143,6781.2,5.2,5.9,138.4,-12.4,10.7,448.0,0x20,405.002,3.8,-375,-1,2.7,,
2026-08-05T11:36:56.000Z,M20-403-2-02820,1469965016,43.82572,4.48162,6799.2,5.2,5.9,122.3,-12.5,10.5,447.0,0x20,405.002,7.0,-375,-1,2.7,,
2026-08-05T11:36:58.000Z,M20-403-2-02820,1469965018,43.82563,4.48176,6808.5,3.0,9.4,143.0,-12.6,11.0,446.4,0x20,405.002,10.1,-375,-1,2.7,,
2026-08-05T11:37:02.000Z,M20-403-2-02820,1469965022,43.82548,4.48212,6829.3,3.0,7.1,92.2,-12.8,12.8,445.1,0x20,405.002,8.3,-375,-1,2.7,,
2026-08-05T11:37:03.000Z,M20-403-2-02820,1469965023,43.82547,4.48219,6834.1,5.2,4.9,109.4,-12.8,13.5,444.8,0x20,405.002,8.3,-375,-1,2.7,,
2026-08-05T11:37:08.000Z,M20-403-2-02820,1469965028,43.82523,4.48247,6861.4,4.2,5.0,131.6,-13.0,13.8,443.1,0x20,405.002,7.7,0,-1,2.7,,
2026-08-05T11:37:09.000Z,M20-403-2-02820,1469965029,43.82521,4.48252,6868.2,5.7,4.0,98.6,-13.0,13.4,442.7,0x20,405.002,7.7,-375,-1,2.7,,
2026-08-05T11:37:22.000Z,M20-403-2-02820,1469965042,43.82481,4.48339,6942.1,2.7,4.9,113.2,-13.3,12.9,438.6,0x20,405.002,5.6,375,-1,2.7,,
2026-08-05T11:37:23.000Z,M20-403-2-02820,1469965043,43.82479,4.48344,6946.2,3.5,3.8,112.1,-13.4,12.8,438.4,0x20,405.002,7.5,375,-1,2.7,,
2026-08-05T11:37:27.000Z,M20-403-2-02820,1469965047,43.82469,4.48367,6969.4,4.9,8.1,128.3,-13.5,12.1,437.0,0x20,405.002,6.7,0,-1,2.7,,
2026-08-05T11:37:35.000Z,M20-403-2-02820,1469965055,43.82447,4.48432,7019.7,5.0,4.9,160.4,-13.9,11.8,434.5,0x20,405.002,7.9,375,-1,2.7,,
2026-08-05T11:37:36.000Z,M20-403-2-02820,1469965056,43.82443,4.48434,7022.8,3.5,4.2,151.7,-13.9,11.8,434.3,0x20,405.002,7.0,375,-1,2.7,,
2026-08-05T11:37:37.000Z,M20-403-2-02820,1469965057,43.82441,4.48438,7026.0,5.2,4.9,124.2,-14.0,11.7,434.0,0x20,405.002,7.0,375,-1,2.7,,
2026-08-05T11:37:38.000Z,M20-403-2-02820,1469965058,43.82439,4.48444,7029.7,3.9,5.8,112.2,-14.0,11.7,433.7,0x20,405.002,7.3,375,-1,2.7,,
2026-08-05T11:37:40.000Z,M20-403-2-02820,1469965060,43.82434,4.48460,7039.1,4.5,7.6,127.1,-14.1,11.5,433.2,0x20,405.002,8.0,375,-1,2.7,,
2026-08-05T11:37:41.000Z,M20-403-2-02820,1469965061,43.82431,4.48467,7042.9,4.5,6.8,129.3,-14.1,11.4,432.9,0x20,405.002,8.0,375,-1,2.7,,
2026-08-05T11:37:42.000Z,M20-403-2-02820,1469965062,43.82428,4.48473,7047.7,5.3,4.0,125.1,-14.2,11.4,432.6,0x20,405.002,7.8,375,-1,2.7,,
2026-08-05T11:37:43.000Z,M20-403-2-02820,1469965063,43.82426,4.48477,7051.9,3.9,4.5,117.6,-14.2,11.4,432.4,0x20,405.002,3.4,375,-1,2.7,,
2026-08-05T11:37:44.000Z,M20-403-2-02820,1469965064,43.82424,4.48484,7056.6,5.9,6.6,99.3,-14.3,11.3,432.1,0x20,405.002,3.1,375,-1,2.7,,
2026-08-05T11:37:45.000Z,M20-403-2-02820,1469965065,43.82423,4.48493,7061.7,4.1,8.3,104.8,-14.3,11.3,431.8,0x20,405.002,2.7,375,-1,2.7,,
2026-08-05T11:37:46.000Z,M20-403-2-02820,1469965066,43.82421,4.48502,7065.0,2.5,7.0,109.3,-14.4,11.3,431.5,0x20,405.002,6.5,375,-1,2.7,,
2026-08-05T11:37:52.000Z,M20-403-2-02820,1469965072,43.82403,4.48538,7097.9,5.6,5.9,79.0,-14.7,11.0,429.7,0x20,405.002,6.7,375,-1,2.7,,
2026-08-05T11:37:53.000Z,M20-403-2-02820,1469965073,43.82403,4.48543,7104.7,7.6,3.5,116.5,-14.7,10.9,429.3,0x20,405.002,7.9,375,-1,2.7,,
2026-08-05T11:38:00.000Z,M20-403-2-02820,1469965080,43.82385,4.48582,7144.1,6.0,4.3,105.1,-15.0,10.7,427.1,0x20,405.002,8.0,375,-1,2.7,,
2026-08-05T11:38:01.000Z,M20-403-2-02820,1469965081,43.82383,4.48588,7149.3,4.3,6.3,123.8,-15.1,10.7,426.8,0x20,405.002,8.0,375,-1,2.7,,
2026-08-05T11:38:04.000Z,M20-403-2-02820,1469965084,43.82372,4.48604,7167.6,3.7,6.1,133.0,-15.2,10.8,425.8,0x20,405.002,7.4,375,-1,2.7,,
2026-08-05T11:38:05.000Z,M20-403-2-02820,1469965085,43.82369,4.48609,7172.1,4.7,4.5,121.4,-15.3,10.9,425.4,0x20,405.002,6.8,375,-1,2.7,,
2026-08-05T11:38:07.000Z,M20-403-2-02820,1469965087,43.82366,4.48620,7184.8,5.1,5.4,107.7,-15.4,10.9,424.7,0x20,405.002,8.3,375,-1,2.7,,
2026-08-05T11:38:08.000Z,M20-403-2-02820,1469965088,43.82365,4.48628,7191.3,6.1,7.4,89.1,-15.5,10.9,424.3,0x20,405.002,8.3,375,-1,2.7,,
2026-08-05T11:38:09.000Z,M20-403-2-02820,1469965089,43.82365,4.48638,7197.7,7.5,9.4,91.6,-15.5,11.0,423.9,0x20,405.002,8.3,375,-1,2.7,,
2026-08-05T11:38:13.000Z,M20-403-2-02820,1469965093,43.82358,4.48663,7221.4,4.7,7.0,146.4,-15.7,10.8,422.6,0x20,405.002,6.8,375,-1,2.7,,
2026-08-05T11:38:15.000Z,M20-403-2-02820,1469965095,43.82348,4.48670,7233.4,5.1,5.1,161.4,-15.8,10.6,422.0,0x20,405.002,9.2,375,-1,2.7,,
2026-08-05T11:38:16.000Z,M20-403-2-02820,1469965096,43.82346,4.48672,7238.1,5.0,2.6,139.0,-15.9,10.6,421.6,0x20,405.002,9.2,375,-1,2.7,,
2026-08-05T11:38:20.000Z,M20-403-2-02820,1469965100,43.82344,4.48692,7263.3,4.6,5.9,114.6,-16.0,10.5,420.3,0x20,405.002,6.8,375,-1,2.7,,
2026-08-05T11:38:21.000Z,M20-403-2-02820,1469965101,43.82341,4.48699,7269.1,5.3,7.6,113.3,-16.2,10.5,419.9,0x20,405.002,6.8,375,-1,2.7,,
2026-08-05T11:38:26.000Z,M20-403-2-02820,1469965106,43.82326,4.48740,7298.2,4.4,7.8,121.5,-16.4,10.6,418.4,0x20,405.002,8.4,375,-1,2.7,,
2026-08-05T11:38:27.000Z,M20-403-2-02820,1469965107,43.82322,4.48749,7303.3,6.3,8.7,122.5,-16.5,10.7,418.1,0x20,405.002,8.4,375,-1,2.7,,
2026-08-05T11:38:31.000Z,M20-403-2-02820,1469965111,43.82316,4.48768,7325.9,3.7,2.6,83.5,-16.7,10.7,416.9,0x20,405.002,8.9,375,-1,2.7,,
2026-08-05T11:38:32.000Z,M20-403-2-02820,1469965112,43.82315,4.48772,7330.0,4.1,5.3,130.9,-16.7,10.7,416.6,0x20,405.002,9.2,375,-1,2.7,,
2026-08-05T11:38:36.000Z,M20-403-2-02820,1469965116,43.82296,4.48796,7348.3,4.7,3.6,139.2,-16.9,11.0,415.5,0x20,405.002,3.4,375,-1,2.7,,
2026-08-05T11:38:37.000Z,M20-403-2-02820,1469965117,43.82295,4.48799,7352.0,2.9,3.0,100.5,-16.9,11.0,415.3,0x20,405.002,2.8,375,-1,2.7,,
2026-08-05T11:38:38.000Z,M20-403-2-02820,1469965118,43.82295,4.48804,7354.6,1.4,5.7,85.8,-16.9,11.0,415.0,0x20,405.002,8.0,375,-1,2.7,,
2026-08-05T11:38:39.000Z,M20-403-2-02820,1469965119,43.82295,4.48811,7359.5,6.1,5.3,92.8,-17.0,11.0,414.8,0x20,405.002,8.2,375,-1,2.7,,
2026-08-05T11:38:40.000Z,M20-403-2-02820,1469965120,43.82294,4.48818,7364.5,3.8,5.9,109.0,-17.0,11.0,414.5,0x20,405.002,8.7,375,-1,2.7,,
2026-08-05T11:38:41.000Z,M20-403-2-02820,1469965121,43.82292,4.48824,7369.3,4.7,6.0,117.9,-17.2,11.0,414.3,0x20,405.002,8.7,375,-1,2.7,,
2026-08-05T11:38:42.000Z,M20-403-2-02820,1469965122,43.82290,4.48832,7375.4,6.6,7.6,111.9,-17.3,11.0,414.0,0x20,405.002,8.5,375,-1,2.7,,
2026-08-05T11:38:43.000Z,M20-403-2-02820,1469965123,43.82287,4.48841,7382.4,8.0,7.6,115.0,-17.3,11.0,413.7,0x20,405.002,8.9,375,-1,2.7,,
2026-08-05T11:38:44.000Z,M20-403-2-02820,1469965124,43.82284,4.48848,7388.2,3.9,6.1,116.6,-17.4,11.0,413.4,0x20,405.002,8.9,375,-1,2.7,,
2026-08-05T11:38:45.000Z,M20-403-2-02820,1469965125,43.82282,4.48855,7392.9,5.6,5.0,114.5,-17.5,11.0,413.0,0x20,405.002,8.6,375,-1,2.7,,
2026-08-05T11:38:47.000Z,M20-403-2-02820,1469965127,43.82276,4.48864,7406.8,7.7,5.5,148.3,-17.5,10.9,412.4,0x20,405.002,5.2,375,-1,2.7,,
2026-08-05T11:38:48.000Z,M20-403-2-02820,1469965128,43.82273,4.48868,7413.7,7.1,5.6,127.7,-17.6,10.9,412.0,0x20,405.002,4.6,375,-1,2.7,,
2026-08-05T11:38:50.000Z,M20-403-2-02820,1469965130,43.82266,4.48881,7428.2,7.8,6.2,114.9,-17.8,10.8,411.2,0x20,405.002,4.0,375,-1,2.7,,
2026-08-05T11:38:52.000Z,M20-403-2-02820,1469965132,43.82261,4.48893,7442.1,5.5,5.4,117.3,-17.9,10.7,410.5,0x20,405.002,5.6,375,-1,2.7,,
2026-08-05T11:38:54.000Z,M20-403-2-02820,1469965134,43.82252,4.48904,7450.6,4.9,7.4,159.6,-17.9,10.7,410.1,0x20,405.002,7.6,375,-1,2.7,,
2026-08-05T11:38:55.000Z,M20-403-2-02820,1469965135,43.82246,4.48907,7455.2,4.6,6.9,156.3,-18.0,10.8,409.8,0x20,405.002,9.4,375,-1,2.7,,
2026-08-05T11:38:57.000Z,M20-403-2-02820,1469965137,43.82239,4.48920,7463.1,2.9,7.3,104.2,-18.0,10.9,409.3,0x20,405.002,7.6,375,-1,2.7,,
2026-08-05T11:38:58.000Z,M20-403-2-02820,1469965138,43.82238,4.48928,7466.2,5.0,6.6,89.0,-18.1,10.9,409.1,0x20,405.002,7.4,375,-1,2.7,,
2026-08-05T11:38:59.000Z,M20-403-2-02820,1469965139,43.82238,4.48935,7471.4,5.9,4.5,101.7,-18.2,10.9,408.8,0x20,405.002,7.4,375,-1,2.7,,
2026-08-05T11:39:00.000Z,M20-403-2-02820,1469965140,43.82237,4.48939,7475.6,2.6,2.7,103.3,-18.2,10.9,408.6,0x20,405.002,10.2,375,-1,2.7,,
2026-08-05T11:39:01.000Z,M20-403-2-02820,1469965141,43.82237,4.48944,7479.3,5.1,4.4,108.1,-18.2,10.8,408.3,0x20,405.002,10.2,375,-1,2.7,,
2026-08-05T11:39:02.000Z,M20-403-2-02820,1469965142,43.82235,4.48949,7482.9,2.8,4.8,109.5,-18.2,10.8,408.1,0x20,405.002,3.8,375,-1,2.7,,
2026-08-05T11:39:03.000Z,M20-403-2-02820,1469965143,43.82233,4.48954,7487.1,5.6,5.7,130.9,-18.2,10.7,407.8,0x20,405.002,3.6,375,-1,2.7,,
2026-08-05T11:39:04.000Z,M20-403-2-02820,1469965144,43.82229,4.48959,7492.8,5.3,5.9,134.8,-18.3,10.6,407.6,0x20,405.002,6.9,375,-1,2.7,,
2026-08-05T11:39:05.000Z,M20-403-2-02820,1469965145,43.82227,4.48964,7498.0,5.6,4.6,121.0,-18.3,10.6,407.4,0x20,405.002,9.6,375,-1,2.7,,
2026-08-05T11:39:06.000Z,M20-403-2-02820,1469965146,43.82225,4.48970,7503.4,5.5,4.6,92.0,-18.3,10.5,407.1,0x20,405.002,9.6,375,-1,2.7,,
2026-08-05T11:39:07.000Z,M20-403-2-02820,1469965147,43.82225,4.48975,7508.1,4.5,4.3,81.5,-18.3,10.4,406.9,0x20,405.002,10.8,375,-1,2.7,,
2026-08-05T11:39:08.000Z,M20-403-2-02820,1469965148,43.82226,4.48981,7511.7,2.9,5.3,96.2,-18.3,10.2,406.5,0x20,405.002,10.8,375,-1,2.7,,
2026-08-05T11:39:09.000Z,M20-403-2-02820,1469965149,43.82225,4.48987,7515.9,5.7,5.1,105.7,-18.4,10.1,406.2,0x20,405.002,10.5,375,-1,2.7,,
2026-08-05T11:39:11.000Z,M20-403-2-02820,1469965151,43.82221,4.49000,7530.1,6.7,6.2,116.3,-18.4,9.6,405.6,0x20,405.002,7.9,375,-1,2.7,,
2026-08-05T11:39:12.000Z,M20-403-2-02820,1469965152,43.82219,4.49007,7536.5,5.8,5.8,113.9,-18.5,9.3,405.1,0x20,405.002,9.9,375,-1,2.7,,
2026-08-05T11:39:13.000Z,M20-403-2-02820,1469965153,43.82217,4.49013,7541.5,4.1,5.5,121.1,-18.4,9.1,404.9,0x20,405.002,9.9,375,-1,2.7,,
2026-08-05T11:39:14.000Z,M20-403-2-02820,1469965154,43.82214,4.49018,7546.0,5.0,3.0,128.1,-18.5,9.0,404.7,0x20,405.002,3.4,375,-1,2.7,,
2026-08-05T11:39:15.000Z,M20-403-2-02820,1469965155,43.82213,4.49021,7552.4,7.4,3.1,126.1,-18.6,8.9,404.3,0x20,405.002,3.5,375,-1,2.7,,
2026-08-05T11:39:16.000Z,M20-403-2-02820,1469965156,43.82211,4.49025,7559.1,5.5,4.6,108.6,-18.6,8.8,403.9,0x20,405.002,3.5,375,-1,2.7,,
2026-08-05T11:39:17.000Z,M20-403-2-02820,1469965157,43.82209,4.49031,7564.4,4.8,5.7,110.2,-18.7,8.7,403.7,0x20,405.002,9.1,375,-1,2.7,,
2026-08-05T11:39:18.000Z,M20-403-2-02820,1469965158,43.82207,4.49040,7568.9,4.3,9.1,111.8,-18.7,8.7,403.4,0x20,405.002,9.1,375,-1,2.7,,
2026-08-05T11:39:19.000Z,M20-403-2-02820,1469965159,43.82204,4.49050,7573.2,5.3,9.3,119.3,-18.7,8.6,403.2,0x20,405.002,10.3,375,-1,2.7,,
2026-08-05T11:39:22.000Z,M20-403-2-02820,1469965162,43.82195,4.49075,7584.3,3.7,5.2,112.2,-18.8,8.5,402.3,0x20,405.002,10.4,375,-1,2.7,,
2026-08-05T11:39:23.000Z,M20-403-2-02820,1469965163,43.82193,4.49081,7589.0,5.9,5.4,104.9,-18.8,8.4,402.1,0x20,405.002,9.3,375,-1,2.7,,
2026-08-05T11:39:24.000Z,M20-403-2-02820,1469965164,43.82192,4.49089,7594.6,4.6,7.8,105.0,-18.9,8.3,401.8,0x20,405.002,9.2,375,-1,2.7,,
2026-08-05T11:39:25.000Z,M20-403-2-02820,1469965165,43.82189,4.49098,7599.9,4.8,7.7,118.7,-18.9,8.2,401.5,0x20,405.002,8.8,375,-1,2.7,,
2026-08-05T11:39:26.000Z,M20-403-2-02820,1469965166,43.82187,4.49105,7606.4,6.5,5.4,118.1,-18.9,8.1,401.2,0x20,405.002,8.8,375,-1,2.7,,
2026-08-05T11:39:27.000Z,M20-403-2-02820,1469965167,43.82185,4.49110,7611.4,2.6,4.0,109.2,-18.9,8.1,400.9,0x20,405.002,3.5,375,-1,2.7,,
2026-08-05T11:39:28.000Z,M20-403-2-02820,1469965168,43.82184,4.49115,7616.2,5.7,3.8,109.0,-19.0,7.9,400.6,0x20,405.002,3.5,375,-1,2.7,,
2026-08-05T11:39:29.000Z,M20-403-2-02820,1469965169,43.82183,4.49119,7622.3,4.8,4.0,105.0,-19.0,7.7,400.4,0x20,405.002,3.5,375,-1,2.7,,
2026-08-05T11:39:30.000Z,M20-403-2-02820,1469965170,43.82181,4.49126,7626.8,4.0,7.8,112.6,-19.0,7.5,400.0,0x20,405.002,7.3,375,-1,2.7,,
2026-08-05T11:39:31.000Z,M20-403-2-02820,1469965171,43.82178,4.49136,7630.1,2.6,9.3,112.0,-19.0,7.3,399.8,0x20,405.002,10.3,375,-1,2.7,,
2026-08-05T11:39:32.000Z,M20-403-2-02820,1469965172,43.82176,4.49147,7634.9,5.3,8.2,96.3,-19.0,7.1,399.6,0x20,405.002,10.3,375,-1,2.7,,
2026-08-05T11:39:33.000Z,M20-403-2-02820,1469965173,43.82176,4.49156,7640.1,3.8,6.7,89.0,-19.0,6.9,399.4,0x20,405.002,8.9,375,-1,2.7,,
2026-08-05T11:39:34.000Z,M20-403-2-02820,1469965174,43.82176,4.49163,7645.6,6.1,4.4,98.6,-19.0,6.7,399.1,0x20,405.002,8.9,375,-1,2.7,,
2026-08-05T11:39:35.000Z,M20-403-2-02820,1469965175,43.82175,4.49168,7649.4,1.6,4.3,110.6,-19.0,6.5,398.9,0x20,405.002,10.0,375,-1,2.7,,
2026-08-05T11:39:36.000Z,M20-403-2-02820,1469965176,43.82173,4.49172,7652.4,4.9,5.1,112.8,-19.1,6.5,398.6,0x20,405.002,10.4,375,-1,2.7,,
2026-08-05T11:39:37.000Z,M20-403-2-02820,1469965177,43.82171,4.49178,7657.7,4.3,5.5,112.5,-19.1,6.3,398.4,0x20,405.002,10.4,375,-1,2.7,,
2026-08-05T11:39:38.000Z,M20-403-2-02820,1469965178,43.82168,4.49185,7663.8,5.8,6.0,121.3,-19.1,6.3,398.1,0x20,405.002,8.4,375,-1,2.7,,
2026-08-05T11:39:39.000Z,M20-403-2-02820,1469965179,43.82165,4.49191,7668.8,4.6,5.7,118.8,-19.1,6.2,397.9,0x20,405.002,8.6,375,-1,2.7,,
2026-08-05T11:39:40.000Z,M20-403-2-02820,1469965180,43.82163,4.49198,7673.9,4.3,7.2,107.8,-19.2,6.1,397.6,0x20,405.002,8.6,375,-1,2.7,,
2026-08-05T11:39:41.000Z,M20-403-2-02820,1469965181,43.82162,4.49207,7677.9,3.4,7.6,96.1,-19.2,6.1,397.4,0x20,405.002,3.5,375,-1,2.7,,
2026-08-05T11:39:42.000Z,M20-403-2-02820,1469965182,43.82161,4.49216,7682.6,5.2,7.1,99.1,-19.2,6.0,397.1,0x20,405.002,3.0,375,-1,2.7,,
2026-08-05T11:39:43.000Z,M20-403-2-02820,1469965183,43.82159,4.49223,7687.9,5.7,5.3,117.5,-19.3,5.9,396.8,0x20,405.002,7.2,375,-1,2.7,,
2026-08-05T11:39:44.000Z,M20-403-2-02820,1469965184,43.82156,4.49228,7693.8,6.4,5.0,126.3,-19.3,5.9,396.6,0x20,405.002,7.4,375,-1,2.7,,
2026-08-05T11:39:45.000Z,M20-403-2-02820,1469965185,43.82154,4.49233,7698.8,3.4,5.5,118.3,-19.3,5.9,396.3,0x20,405.002,7.4,375,-1,2.7,,
2026-08-05T11:39:46.000Z,M20-403-2-02820,1469965186,43.82152,4.49239,7702.4,4.3,4.2,105.6,-19.4,5.8,396.0,0x20,405.002,8.4,375,-1,2.7,,
2026-08-05T11:39:48.000Z,M20-403-2-02820,1469965188,43.82148,4.49252,7716.7,5.3,6.3,118.0,-19.4,5.7,395.3,0x20,405.002,8.2,375,-1,2.7,,
2026-08-05T11:39:49.000Z,M20-403-2-02820,1469965189,43.82146,4.49259,7722.1,4.2,6.3,104.3,-19.5,5.6,395.0,0x20,405.002,9.5,375,-1,2.7,,
2026-08-05T11:39:50.000Z,M20-403-2-02820,1469965190,43.82145,4.49268,7726.9,3.9,7.7,98.9,-19.5,5.6,394.7,0x20,405.002,9.5,375,-1,2.7,,
2026-08-05T11:39:51.000Z,M20-403-2-02820,1469965191,43.82145,4.49277,7731.1,4.6,8.2,85.0,-19.5,5.5,394.4,0x20,405.002,10.4,375,-1,2.7,,
2026-08-05T11:39:53.000Z,M20-403-2-02820,1469965193,43.82144,4.49293,7743.2,6.2,5.9,116.4,-19.5,5.4,393.8,0x20,405.002,4.8,375,-1,2.7,,
2026-08-05T11:39:54.000Z,M20-403-2-02820,1469965194,43.82142,4.49299,7749.1,3.6,5.0,118.8,-19.6,5.3,393.4,0x20,405.002,2.9,375,-1,2.7,,
2026-08-05T11:39:55.000Z,M20-403-2-02820,1469965195,43.82140,4.49306,7754.1,5.5,6.3,103.6,-19.6,5.2,393.1,0x20,405.002,2.9,375,-1,2.7,,
2026-08-05T11:39:56.000Z,M20-403-2-02820,1469965196,43.82140,4.49314,7761.7,5.7,6.9,79.9,-19.7,5.2,392.8,0x20,405.002,3.2,375,-1,2.7,,
2026-08-05T11:39:57.000Z,M20-403-2-02820,1469965197,43.82140,4.49323,7768.4,6.3,8.4,81.9,-19.8,5.2,392.5,0x20,405.002,7.4,375,-1,2.7,,
2026-08-05T11:39:58.000Z,M20-403-2-02820,1469965198,43.82141,4.49333,7774.5,6.0,7.5,92.5,-19.8,5.2,392.2,0x20,405.002,12.0,375,-1,2.7,,
2026-08-05T11:39:59.000Z,M20-403-2-02820,1469965199,43.82140,4.49342,7778.8,2.2,6.2,102.9,-19.8,5.2,391.9,0x20,405.002,12.0,375,-1,2.7,,
2026-08-05T11:40:01.000Z,M20-403-2-02820,1469965201,43.82135,4.49354,7791.3,7.6,6.1,124.7,-19.9,5.2,391.2,0x20,405.002,9.1,375,-1,2.7,,
2026-08-05T11:40:02.000Z,M20-403-2-02820,1469965202,43.82133,4.49360,7798.8,3.0,5.3,122.2,-20.0,5.2,390.9,0x20,405.002,9.2,375,-1,2.7,,
2026-08-05T11:40:03.000Z,M20-403-2-02820,1469965203,43.82131,4.49366,7803.9,5.3,5.8,105.2,-20.0,5.2,390.6,0x20,405.002,9.3,375,-1,2.7,,
2026-08-05T11:40:04.000Z,M20-403-2-02820,1469965204,43.82131,4.49373,7809.8,7.5,6.2,72.4,-20.1,5.2,390.2,0x20,405.002,9.3,375,-1,2.7,,
2026-08-05T11:40:05.000Z,M20-403-2-02820,1469965205,43.82132,4.49380,7817.8,9.1,5.5,69.5,-20.2,5.2,389.9,0x20,405.002,5.8,375,-1,2.7,,
2026-08-05T11:40:06.000Z,M20-403-2-02820,1469965206,43.82133,4.49386,7825.5,6.0,4.7,94.2,-20.2,5.2,389.6,0x20,405.002,5.8,375,-1,2.7,,
2026-08-05T11:40:07.000Z,M20-403-2-02820,1469965207,43.82132,4.49391,7829.8,3.1,3.9,109.2,-20.2,5.2,389.3,0x20,405.002,5.1,375,-1,2.7,,
2026-08-05T11:40:08.000Z,M20-403-2-02820,1469965208,43.82130,4.49398,7834.0,3.8,7.0,120.3,-20.2,5.2,389.0,0x20,405.002,3.4,375,-1,2.7,,
2026-08-05T11:40:11.000Z,M20-403-2-02820,1469965211,43.82125,4.49422,7854.1,3.8,5.5,99.9,-20.3,5.1,388.1,0x20,405.002,10.0,375,-1,2.7,,
2026-08-05T11:40:12.000Z,M20-403-2-02820,1469965212,43.82124,4.49430,7857.9,4.2,5.8,106.0,-20.3,5.0,387.8,0x20,405.002,10.0,375,-1,2.7,,
2026-08-05T11:40:13.000Z,M20-403-2-02820,1469965213,43.82122,4.49436,7863.9,7.0,4.7,118.0,-20.4,5.0,387.4,0x20,405.002,9.8,375,-1,2.7,,
2026-08-05T11:40:14.000Z,M20-403-2-02820,1469965214,43.82118,4.49442,7872.4,9.3,6.3,139.8,-20.4,5.0,387.1,0x20,405.002,9.8,375,-1,2.7,,
2026-08-05T11:40:16.000Z,M20-403-2-02820,1469965216,43.82111,4.49460,7884.5,2.0,9.7,103.9,-20.5,5.1,386.5,0x20,405.002,9.7,375,-1,2.7,,
2026-08-05T11:40:18.000Z,M20-403-2-02820,1469965218,43.82108,4.49486,7898.5,7.6,8.5,99.2,-20.6,5.3,385.9,0x20,405.002,9.1,375,-1,2.7,,
2026-08-05T11:40:20.000Z,M20-403-2-02820,1469965220,43.82105,4.49504,7906.9,3.2,5.9,108.8,-20.6,5.6,385.3,0x20,405.002,3.8,375,-1,2.7,,
2026-08-05T11:40:21.000Z,M20-403-2-02820,1469965221,43.82102,4.49510,7911.7,5.6,6.8,128.4,-20.7,5.8,385.0,0x20,405.002,3.8,375,-1,2.7,,
2026-08-05T11:40:22.000Z,M20-403-2-02820,1469965222,43.82099,4.49518,7917.0,6.0,8.5,121.0,-20.8,6.2,384.7,0x20,405.002,5.2,375,-1,2.7,,
2026-08-05T11:40:24.000Z,M20-403-2-02820,1469965224,43.82093,4.49537,7927.2,2.1,7.0,99.4,-20.9,6.9,384.1,0x20,405.002,10.3,375,-1,2.7,,
2026-08-05T11:40:25.000Z,M20-403-2-02820,1469965225,43.82092,4.49545,7931.2,5.2,6.5,99.2,-20.9,6.9,383.9,0x20,405.002,10.7,375,-1,2.7,,
2026-08-05T11:40:27.000Z,M20-403-2-02820,1469965227,43.82088,4.49559,7944.8,4.5,7.1,120.9,-20.9,7.1,383.4,0x20,405.002,9.0,375,-1,2.7,,
2026-08-05T11:40:28.000Z,M20-403-2-02820,1469965228,43.82085,4.49567,7948.2,3.0,6.8,111.4,-21.0,7.2,383.1,0x20,405.002,10.0,375,-1,2.7,,
2026-08-05T11:40:29.000Z,M20-403-2-02820,1469965229,43.82083,4.49576,7952.1,5.0,9.0,104.6,-21.1,7.3,382.7,0x20,405.002,12.1,375,-1,2.7,,
2026-08-05T11:40:30.000Z,M20-403-2-02820,1469965230,43.82081,4.49587,7958.6,7.0,9.3,102.8,-21.1,7.4,382.4,0x20,405.002,12.1,375,-1,2.7,,
2026-08-05T11:40:31.000Z,M20-403-2-02820,1469965231,43.82079,4.49596,7966.1,7.6,5.5,103.1,-21.2,7.4,382.1,0x20,405.002,10.4,375,-1,2.7,,
2026-08-05T11:40:32.000Z,M20-403-2-02820,1469965232,43.82078,4.49604,7972.9,4.8,6.9,98.5,-21.3,7.4,381.7,0x20,405.002,10.4,375,-1,2.7,,
2026-08-05T11:40:33.000Z,M20-403-2-02820,1469965233,43.82077,4.49608,7977.3,2.7,2.5,128.8,-21.4,7.5,381.3,0x20,405.002,3.6,375,-1,2.7,,
2026-08-05T11:40:34.000Z,M20-403-2-02820,1469965234,43.82076,4.49611,7982.9,3.5,3.9,113.6,-21.4,7.9,381.1,0x20,405.002,3.6,375,-1,2.7,,
2026-08-05T11:40:35.000Z,M20-403-2-02820,1469965235,43.82075,4.49617,7988.7,7.1,6.3,91.5,-21.4,8.1,380.8,0x20,405.002,3.6,750,-1,2.7,,
2026-08-05T11:40:36.000Z,M20-403-2-02820,1469965236,43.82075,4.49625,7995.6,6.7,6.8,91.0,-21.5,8.0,380.5,0x20,405.002,9.2,375,-1,2.7,,
2026-08-05T11:40:37.000Z,M20-403-2-02820,1469965237,43.82075,4.49634,8001.8,6.0,8.0,91.4,-21.5,7.9,380.2,0x20,405.002,9.4,375,-1,2.7,,
2026-08-05T11:40:38.000Z,M20-403-2-02820,1469965238,43.82074,4.49643,8007.3,4.4,7.4,107.0,-21.5,7.9,379.9,0x20,405.002,9.4,375,-1,2.7,,
2026-08-05T11:40:39.000Z,M20-403-2-02820,1469965239,43.82072,4.49653,8011.3,3.6,9.3,109.8,-21.5,7.7,379.7,0x20,405.002,10.3,375,-1,2.7,,
2026-08-05T11:40:41.000Z,M20-403-2-02820,1469965241,43.82067,4.49673,8022.8,4.3,6.2,111.7,-21.6,7.1,379.1,0x20,405.002,7.9,375,-1,2.7,,
2026-08-05T11:40:43.000Z,M20-403-2-02820,1469965243,43.82065,4.49683,8035.7,6.4,2.3,92.8,-21.8,6.9,378.5,0x20,405.002,9.0,375,-1,2.7,,
2026-08-05T11:40:44.000Z,M20-403-2-02820,1469965244,43.82065,4.49688,8041.4,4.5,4.9,99.9,-21.8,6.5,378.1,0x20,405.002,10.1,375,-1,2.7,,
2026-08-05T11:40:46.000Z,M20-403-2-02820,1469965246,43.82062,4.49703,8053.9,4.1,7.4,93.7,-21.8,6.1,377.5,0x20,405.002,3.8,375,-1,2.7,,
2026-08-05T11:40:47.000Z,M20-403-2-02820,1469965247,43.82062,4.49712,8059.3,6.2,7.9,99.3,-21.9,6.2,377.3,0x20,405.002,3.4,375,-1,2.7,,
2026-08-05T11:40:48.000Z,M20-403-2-02820,1469965248,43.82061,4.49722,8065.1,5.2,8.4,93.5,-21.9,6.3,377.0,0x20,405.002,2.9,375,-1,2.7,,
2026-08-05T11:40:49.000Z,M20-403-2-02820,1469965249,43.82061,4.49733,8070.1,4.8,8.4,94.2,-22.0,6.5,376.6,0x20,405.002,9.3,375,-1,2.7,,
2026-08-05T11:40:50.000Z,M20-403-2-02820,1469965250,43.82059,4.49744,8077.2,8.1,9.4,107.1,-22.0,6.7,376.4,0x20,405.002,9.3,750,-1,2.7,,
2026-08-05T11:40:52.000Z,M20-403-2-02820,1469965252,43.82054,4.49766,8090.6,5.6,9.8,118.4,-22.1,6.9,375.8,0x20,405.002,9.6,375,-1,2.7,,
2026-08-05T11:40:53.000Z,M20-403-2-02820,1469965253,43.82051,4.49775,8096.7,6.6,5.9,111.0,-22.2,6.9,375.4,0x20,405.002,7.3,375,-1,2.7,,
2026-08-05T11:40:55.000Z,M20-403-2-02820,1469965255,43.82047,4.49785,8112.7,3.2,3.7,110.9,-22.2,6.9,374.8,0x20,405.002,10.1,375,-1,2.7,,
2026-08-05T11:40:59.000Z,M20-403-2-02820,1469965259,43.82038,4.49815,8138.5,4.8,7.9,108.3,-22.4,6.8,373.4,0x20,405.002,4.1,375,-1,2.7,,
2026-08-05T11:41:00.000Z,M20-403-2-02820,1469965260,43.82037,4.49825,8143.9,5.9,8.8,89.8,-22.5,6.7,373.2,0x20,405.002,3.2,375,-1,2.7,,
2026-08-05T11:41:01.000Z,M20-403-2-02820,1469965261,43.82038,4.49837,8148.9,4.8,9.3,78.1,-22.5,6.6,372.8,0x20,405.002,3.2,375,-1,2.7,,
2026-08-05T11:41:03.000Z,M20-403-2-02820,1469965263,43.82042,4.49856,8159.4,4.6,7.1,72.0,-22.6,6.5,372.3,0x20,405.002,11.1,375,-1,2.7,,
2026-08-05T11:41:04.000Z,M20-403-2-02820,1469965264,43.82044,4.49865,8162.7,2.4,6.6,87.8,-22.6,6.4,372.1,0x20,405.002,11.1,375,-1,2.7,,
2026-08-05T11:41:05.000Z,M20-403-2-02820,1469965265,43.82044,4.49874,8167.6,6.2,7.6,89.8,-22.7,6.4,371.7,0x20,405.002,10.0,375,-1,2.7,,
2026-08-05T11:41:06.000Z,M20-403-2-02820,1469965266,43.82042,4.49883,8175.0,6.8,9.2,118.2,-22.8,6.2,371.4,0x20,405.002,9.5,375,-1,2.7,,
2026-08-05T11:41:07.000Z,M20-403-2-02820,1469965267,43.82038,4.49894,8180.6,4.5,9.7,117.4,-22.8,6.2,371.2,0x20,405.002,10.5,375,-1,2.7,,
2026-08-05T11:41:08.000Z,M20-403-2-02820,1469965268,43.82034,4.49905,8185.1,3.5,10.3,111.7,-22.9,6.2,370.9,0x20,405.002,10.5,375,-1,2.7,,
2026-08-05T11:41:11.000Z,M20-403-2-02820,1469965271,43.82034,4.49934,8203.4,5.5,5.8,56.8,-23.0,6.3,369.9,0x20,405.002,5.3,375,-1,2.7,,
2026-08-05T11:41:12.000Z,M20-403-2-02820,1469965272,43.82036,4.49940,8208.1,3.2,4.1,77.9,-23.1,6.5,369.6,0x20,405.002,3.2,375,-1,2.7,,
2026-08-05T11:41:13.000Z,M20-403-2-02820,1469965273,43.82036,4.49945,8213.5,6.2,5.0,105.6,-23.1,6.7,369.2,0x20,405.002,3.2,375,-1,2.7,,
2026-08-05T11:41:15.000Z,M20-403-2-02820,1469965275,43.82028,4.49958,8228.9,8.6,8.4,138.8,-23.2,7.1,368.7,0x20,405.002,8.5,375,-1,2.7,,
2026-08-05T11:41:16.000Z,M20-403-2-02820,1469965276,43.82024,4.49965,8236.1,5.9,6.2,110.1,-23.3,7.2,368.4,0x20,405.002,12.2,375,-1,2.7,,
2026-08-05T11:41:17.000Z,M20-403-2-02820,1469965277,43.82023,4.49973,8240.0,3.0,4.9,98.4,-23.3,7.2,368.2,0x20,405.002,12.2,375,-1,2.7,,
2026-08-05T11:41:18.000Z,M20-403-2-02820,1469965278,43.82022,4.49979,8243.0,3.4,5.3,99.6,-23.3,7.2,368.0,0x20,405.002,10.4,375,-1,2.7,,
2026-08-05T11:41:19.000Z,M20-403-2-02820,1469965279,43.82021,4.49984,8247.9,6.2,4.0,96.4,-23.3,7.1,367.8,0x20,405.002,12.6,750,-1,2.7,,
2026-08-05T11:41:20.000Z,M20-403-2-02820,1469965280,43.82020,4.49990,8253.2,3.5,5.1,110.4,-23.4,7.0,367.5,0x20,405.002,12.6,750,-1,2.7,,
2026-08-05T11:41:21.000Z,M20-403-2-02820,1469965281,43.82019,4.49997,8257.8,6.7,7.8,107.0,-23.4,6.9,367.3,0x20,405.002,11.6,1125,-1,2.7,,
2026-08-05T11:41:22.000Z,M20-403-2-02820,1469965282,43.82017,4.50007,8262.0,3.3,9.3,106.9,-23.4,6.8,367.1,0x20,405.002,11.4,1125,-1,2.7,,
2026-08-05T11:41:23.000Z,M20-403-2-02820,1469965283,43.82014,4.50019,8264.7,3.7,9.9,103.8,-23.4,6.7,366.9,0x20,405.002,11.2,1125,-1,2.7,,
2026-08-05T11:41:24.000Z,M20-403-2-02820,1469965284,43.82012,4.50030,8269.3,6.7,9.6,111.0,-23.5,6.6,366.6,0x20,405.002,11.2,1125,-1,2.7,,
2026-08-05T11:41:25.000Z,M20-403-2-02820,1469965285,43.82009,4.50040,8274.1,3.9,7.5,107.5,-23.4,6.5,366.4,0x20,405.002,3.6,750,-1,2.7,,
2026-08-05T11:41:26.000Z,M20-403-2-02820,1469965286,43.82008,4.50049,8278.3,4.6,7.7,91.6,-23.5,6.3,366.1,0x20,405.002,3.2,1125,-1,2.7,,
2026-08-05T11:41:27.000Z,M20-403-2-02820,1469965287,43.82009,4.50058,8282.9,4.3,6.6,79.5,-23.5,6.1,365.8,0x20,405.002,3.2,1125,-1,2.7,,
2026-08-05T11:41:28.000Z,M20-403-2-02820,1469965288,43.82010,4.50066,8287.8,6.5,7.5,79.7,-23.5,5.9,365.6,0x20,405.002,6.5,1125,-1,2.7,,
2026-08-05T11:41:29.000Z,M20-403-2-02820,1469965289,43.82011,4.50076,8295.4,8.3,8.3,85.6,-23.5,5.7,365.3,0x20,405.002,8.9,1125,-1,2.7,,
2026-08-05T11:41:30.000Z,M20-403-2-02820,1469965290,43.82012,4.50087,8301.3,3.2,9.2,93.7,-23.5,5.6,365.0,0x20,405.002,9.9,1125,-1,2.7,,
2026-08-05T11:41:31.000Z,M20-403-2-02820,1469965291,43.82010,4.50097,8305.7,6.1,7.7,101.3,-23.6,5.4,364.6,0x20,405.002,9.9,1125,-1,2.7,,
2026-08-05T11:41:32.000Z,M20-403-2-02820,1469965292,43.82009,4.50107,8312.3,7.4,7.9,102.6,-23.6,5.3,364.4,0x20,405.002,9.5,1125,-1,2.7,,
2026-08-05T11:41:33.000Z,M20-403-2-02820,1469965293,43.82008,4.50116,8318.1,4.4,7.1,98.1,-23.6,5.3,364.1,0x20,405.002,10.1,1125,-1,2.7,,
2026-08-05T11:41:34.000Z,M20-403-2-02820,1469965294,43.82008,4.50124,8322.3,4.7,6.5,95.1,-23.6,5.3,363.9,0x20,405.002,10.2,1125,-1,2.7,,
2026-08-05T11:41:35.000Z,M20-403-2-02820,1469965295,43.82008,4.50131,8326.6,3.9,5.1,85.7,-23.7,5.3,363.6,0x20,405.002,10.2,1125,-1,2.7,,
2026-08-05T11:41:36.000Z,M20-403-2-02820,1469965296,43.82008,4.50138,8331.0,5.2,6.5,89.9,-23.7,5.6,363.3,0x20,405.002,10.2,1125,-1,2.7,,
2026-08-05T11:41:37.000Z,M20-403-2-02820,1469965297,43.82007,4.50147,8337.3,6.8,7.9,101.6,-23.7,5.8,363.0,0x20,405.002,10.2,1125,-1,2.7,,
2026-08-05T11:41:39.000Z,M20-403-2-02820,1469965299,43.82005,4.50170,8350.1,3.9,10.1,92.2,-23.8,6.2,362.6,0x20,405.002,3.0,1125,-1,2.7,,
2026-08-05T11:41:40.000Z,M20-403-2-02820,1469965300,43.82005,4.50183,8353.5,4.1,10.6,88.9,-23.8,6.4,362.4,0x20,405.002,6.8,1125,-1,2.7,,
2026-08-05T11:41:41.000Z,M20-403-2-02820,1469965301,43.82004,4.50194,8357.3,4.8,9.1,99.1,-23.9,6.4,362.1,0x20,405.002,8.5,1125,-1,2.7,,
2026-08-05T11:41:42.000Z,M20-403-2-02820,1469965302,43.82003,4.50204,8363.3,5.1,8.5,105.5,-23.9,6.5,361.8,0x20,405.002,8.5,1125,-1,2.7,,
2026-08-05T11:41:44.000Z,M20-403-2-02820,1469965304,43.82002,4.50221,8374.6,2.9,5.9,83.3,-23.9,6.6,361.3,0x20,405.002,10.5,1125,-1,2.7,,
2026-08-05T11:41:45.000Z,M20-403-2-02820,1469965305,43.82003,4.50229,8380.3,7.4,6.8,80.8,-24.1,6.7,360.9,0x20,405.002,11.0,1125,-1,2.7,,
2026-08-05T11:41:46.000Z,M20-403-2-02820,1469965306,43.82004,4.50238,8386.2,6.0,7.9,81.7,-24.1,6.7,360.7,0x20,405.002,11.0,1125,-1,2.7,,
2026-08-05T11:41:47.000Z,M20-403-2-02820,1469965307,43.82004,4.50247,8392.4,7.4,7.0,83.2,-24.1,6.7,360.4,0x20,405.002,9.0,1125,-1,2.7,,
2026-08-05T11:41:48.000Z,M20-403-2-02820,1469965308,43.82004,4.50255,8397.9,4.2,6.4,100.0,-24.2,6.7,360.1,0x20,405.002,10.3,1125,-1,2.7,,
2026-08-05T11:41:49.000Z,M20-403-2-02820,1469965309,43.82004,4.50263,8401.7,3.7,5.7,93.8,-24.2,6.7,359.9,0x20,405.002,10.3,1125,-1,2.7,,
2026-08-05T11:41:50.000Z,M20-403-2-02820,1469965310,43.82004,4.50270,8407.0,6.4,5.8,78.8,-24.3,6.8,359.6,0x20,405.002,8.1,1125,-1,2.7,,
2026-08-05T11:41:51.000Z,M20-403-2-02820,1469965311,43.82006,4.50277,8415.5,10.9,6.3,68.7,-24.4,6.8,359.3,0x20,405.002,3.2,1125,-1,2.7,,
2026-08-05T11:41:52.000Z,M20-403-2-02820,1469965312,43.82007,4.50284,8421.1,1.9,6.2,80.6,-24.3,6.8,359.1,0x20,405.002,3.3,1125,-1,2.7,,
2026-08-05T11:41:53.000Z,M20-403-2-02820,1469965313,43.82006,4.50293,8424.8,5.2,7.8,105.9,-24.4,6.7,358.7,0x20,405.002,3.3,1125,-1,2.7,,
2026-08-05T11:41:55.000Z,M20-403-2-02820,1469965315,43.82000,4.50311,8437.0,5.2,7.3,120.7,-24.5,6.7,358.3,0x20,405.002,8.6,1125,-1,2.7,,
2026-08-05T11:41:57.000Z,M20-403-2-02820,1469965317,43.81999,4.50325,8445.4,3.4,4.8,62.5,-24.7,6.6,357.7,0x20,405.002,7.9,1125,-1,2.7,,
2026-08-05T11:41:58.000Z,M20-403-2-02820,1469965318,43.82001,4.50331,8450.6,6.9,6.0,59.8,-24.7,6.6,357.5,0x20,405.002,7.9,1125,-1,2.7,,
2026-08-05T11:41:59.000Z,M20-403-2-02820,1469965319,43.82003,4.50338,8454.7,1.6,6.7,78.5,-24.6,6.6,357.3,0x20,405.002,9.8,1125,-1,2.7,,
2026-08-05T11:42:00.000Z,M20-403-2-02820,1469965320,43.82003,4.50348,8457.0,3.4,9.7,96.9,-24.7,6.6,357.1,0x20,405.002,9.8,1125,-1,2.7,,
2026-08-05T11:42:01.000Z,M20-403-2-02820,1469965321,43.82001,4.50361,8460.3,4.3,11.2,100.6,-24.8,6.6,356.9,0x20,405.002,9.5,1125,-1,2.7,,
2026-08-05T11:42:02.000Z,M20-403-2-02820,1469965322,43.82000,4.50374,8464.8,4.0,9.3,100.4,-24.8,6.7,356.7,0x20,405.002,9.2,1125,-1,2.7,,
2026-08-05T11:42:03.000Z,M20-403-2-02820,1469965323,43.81998,4.50383,8469.2,4.8,5.8,100.5,-24.9,6.8,356.4,0x20,405.002,7.4,1125,-1,2.7,,
2026-08-05T11:42:04.000Z,M20-403-2-02820,1469965324,43.81997,4.50389,8473.1,2.8,4.1,97.5,-24.9,6.8,356.3,0x20,405.002,7.4,1125,-1,2.7,,
2026-08-05T11:42:05.000Z,M20-403-2-02820,1469965325,43.81998,4.50395,8477.6,4.8,5.0,81.6,-24.9,6.8,356.1,0x20,405.002,3.3,1125,-1,2.7,,
2026-08-05T11:42:06.000Z,M20-403-2-02820,1469965326,43.81998,4.50402,8482.0,4.0,6.6,83.6,-24.9,6.8,355.9,0x20,405.002,3.2,1125,-1,2.7,,
2026-08-05T11:42:07.000Z,M20-403-2-02820,1469965327,43.81998,4.50410,8487.1,5.3,6.4,92.6,-25.0,6.8,355.7,0x20,405.002,7.3,1125,-1,2.7,,
2026-08-05T11:42:08.000Z,M20-403-2-02820,1469965328,43.81998,4.50418,8491.8,4.5,6.7,102.0,-25.0,6.9,355.5,0x20,405.002,8.4,1125,-1,2.7,,
2026-08-05T11:42:09.000Z,M20-403-2-02820,1469965329,43.81997,4.50426,8496.5,5.3,6.5,91.3,-25.1,6.9,355.3,0x20,405.002,9.5,1125,-1,2.7,,
2026-08-05T11:42:10.000Z,M20-403-2-02820,1469965330,43.81997,4.50434,8501.4,4.8,7.1,90.3,-25.1,6.9,355.0,0x20,405.002,10.5,1125,-1,2.7,,
2026-08-05T11:42:11.000Z,M20-403-2-02820,1469965331,43.81997,4.50443,8505.5,3.8,6.7,93.4,-25.1,6.8,354.8,0x20,405.002,10.5,1125,-1,2.7,,
2026-08-05T11:42:12.000Z,M20-403-2-02820,1469965332,43.81996,4.50451,8508.4,2.4,6.9,93.8,-25.1,6.7,354.7,0x20,405.002,10.6,1125,-1,2.7,,
2026-08-05T11:42:13.000Z,M20-403-2-02820,1469965333,43.81997,4.50459,8511.9,4.7,6.6,76.4,-25.2,6.6,354.4,0x20,405.002,10.6,1125,-1,2.7,,
2026-08-05T11:42:14.000Z,M20-403-2-02820,1469965334,43.81998,4.50467,8516.6,4.8,6.2,72.5,-25.2,6.5,354.2,0x20,405.002,9.7,1125,-1,2.7,,
2026-08-05T11:42:15.000Z,M20-403-2-02820,1469965335,43.81999,4.50474,8521.0,3.6,6.5,93.1,-25.2,6.5,354.0,0x20,405.002,9.5,1125,-1,2.7,,
2026-08-05T11:42:16.000Z,M20-403-2-02820,1469965336,43.81998,4.50483,8524.9,4.2,8.4,110.5,-25.2,6.4,353.8,0x20,405.002,8.3,1125,-1,2.7,,
2026-08-05T11:42:17.000Z,M20-403-2-02820,1469965337,43.81995,4.50492,8528.3,3.6,8.1,121.2,-25.3,6.3,353.6,0x20,405.002,8.3,1125,-1,2.7,,
2026-08-05T11:42:18.000Z,M20-403-2-02820,1469965338,43.81992,4.50500,8533.4,5.0,7.2,105.8,-25.4,6.4,353.4,0x20,405.002,3.5,1125,-1,2.7,,
2026-08-05T11:42:19.000Z,M20-403-2-02820,1469965339,43.81991,4.50509,8536.4,1.7,7.1,91.0,-25.4,6.4,353.3,0x20,405.002,8.7,1125,-1,2.7,,
2026-08-05T11:42:21.000Z,M20-403-2-02820,1469965341,43.81991,4.50525,8544.1,4.7,6.3,92.2,-25.4,6.4,352.9,0x20,405.002,8.9,1125,-1,2.7,,
2026-08-05T11:42:22.000Z,M20-403-2-02820,1469965342,43.81991,4.50532,8548.7,4.6,5.5,89.2,-25.4,6.4,352.6,0x20,405.002,8.9,1125,-1,2.7,,
2026-08-05T11:42:23.000Z,M20-403-2-02820,1469965343,43.81991,4.50538,8553.8,5.8,4.2,90.8,-25.4,6.4,352.5,0x20,405.002,8.0,1125,-1,2.7,,
2026-08-05T11:42:24.000Z,M20-403-2-02820,1469965344,43.81990,4.50544,8557.5,2.9,5.9,109.3,-25.5,6.4,352.3,0x20,405.002,9.4,1125,-1,2.7,,
2026-08-05T11:42:25.000Z,M20-403-2-02820,1469965345,43.81988,4.50552,8560.9,3.7,5.5,109.2,-25.5,6.4,352.0,0x20,405.002,9.4,1125,-1,2.7,,
2026-08-05T11:42:26.000Z,M20-403-2-02820,1469965346,43.81988,4.50559,8564.8,3.9,6.2,81.8,-25.5,6.3,351.9,0x20,405.002,7.6,1125,-1,2.7,,
2026-08-05T11:42:27.000Z,M20-403-2-02820,1469965347,43.81990,4.50566,8569.0,4.1,7.5,71.1,-25.6,6.3,351.7,0x20,405.002,9.5,1125,-1,2.7,,
2026-08-05T11:42:28.000Z,M20-403-2-02820,1469965348,43.81992,4.50575,8572.4,2.6,7.8,65.4,-25.6,6.3,351.5,0x20,405.002,9.5,1125,-1,2.7,,
2026-08-05T11:42:29.000Z,M20-403-2-02820,1469965349,43.81994,4.50582,8576.3,4.4,5.3,95.5,-25.6,6.2,351.3,0x20,405.002,9.2,1125,-1,2.7,,
2026-08-05T11:42:30.000Z,M20-403-2-02820,1469965350,43.81993,4.50588,8580.2,3.2,4.3,115.1,-25.6,6.2,351.1,0x20,405.002,2.9,1125,-1,2.7,,
2026-08-05T11:42:31.000Z,M20-403-2-02820,1469965351,43.81991,4.50593,8584.4,5.7,5.4,123.5,-25.6,6.2,350.9,0x20,405.002,3.4,1125,-1,2.7,,
2026-08-05T11:42:32.000Z,M20-403-2-02820,1469965352,43.81989,4.50600,8588.9,3.3,5.7,101.0,-25.7,6.3,350.8,0x20,405.002,3.4,1125,-1,2.7,,
2026-08-05T11:42:33.000Z,M20-403-2-02820,1469965353,43.81988,4.50607,8592.1,3.3,5.6,99.8,-25.7,6.3,350.6,0x20,405.002,8.1,1125,-1,2.7,,
2026-08-05T11:42:34.000Z,M20-403-2-02820,1469965354,43.81988,4.50614,8596.1,4.9,5.7,100.0,-25.7,6.3,350.4,0x20,405.002,12.0,1125,-1,2.7,,
2026-08-05T11:42:35.000Z,M20-403-2-02820,1469965355,43.81987,4.50620,8600.5,4.1,5.4,97.0,-25.8,6.3,350.2,0x20,405.002,12.0,1125,-1,2.7,,
2026-08-05T11:42:36.000Z,M20-403-2-02820,1469965356,43.81987,4.50627,8605.1,5.0,5.0,82.5,-25.8,6.3,350.0,0x20,405.002,10.2,1125,-1,2.7,,
2026-08-05T11:42:37.000Z,M20-403-2-02820,1469965357,43.81987,4.50633,8608.6,2.5,5.1,80.4,-25.8,6.3,349.8,0x20,405.002,11.5,1125,-1,2.7,,
2026-08-05T11:42:38.000Z,M20-403-2-02820,1469965358,43.81988,4.50639,8611.9,4.4,4.7,92.2,-25.9,6.3,349.6,0x20,405.002,11.5,1125,-1,2.7,,
2026-08-05T11:42:40.000Z,M20-403-2-02820,1469965360,43.81986,4.50652,8619.2,5.1,5.0,111.4,-25.9,6.4,349.3,0x20,405.002,11.4,1125,-1,2.7,,
2026-08-05T11:42:41.000Z,M20-403-2-02820,1469965361,43.81985,4.50657,8624.2,5.3,3.8,92.0,-26.0,6.4,349.0,0x20,405.002,11.4,1125,-1,2.7,,
2026-08-05T11:42:42.000Z,M20-403-2-02820,1469965362,43.81984,4.50662,8628.1,2.7,5.3,100.5,-26.0,6.5,348.9,0x20,405.002,8.9,1125,-1,2.7,,
2026-08-05T11:42:43.000Z,M20-403-2-02820,1469965363,43.81983,4.50669,8632.3,6.3,5.0,103.1,-26.0,6.4,348.6,0x20,405.002,3.5,1125,-1,2.7,,
2026-08-05T11:42:44.000Z,M20-403-2-02820,1469965364,43.81982,4.50676,8636.3,2.1,6.6,100.1,-26.0,6.5,348.5,0x20,405.002,3.2,1125,-1,2.7,,
2026-08-05T11:42:45.000Z,M20-403-2-02820,1469965365,43.81982,4.50683,8639.8,4.8,5.9,81.9,-26.1,6.5,348.3,0x20,405.002,3.2,1125,-1,2.7,,
2026-08-05T11:42:46.000Z,M20-403-2-02820,1469965366,43.81983,4.50691,8644.8,5.5,5.6,76.1,-26.2,6.5,348.0,0x20,405.002,7.3,1125,-1,2.7,,
2026-08-05T11:42:47.000Z,M20-403-2-02820,1469965367,43.81984,4.50698,8649.4,4.3,7.1,90.0,-26.2,6.5,347.8,0x20,405.002,8.3,1125,-1,2.7,,
2026-08-05T11:42:48.000Z,M20-403-2-02820,1469965368,43.81984,4.50706,8653.6,4.7,6.6,93.8,-26.2,6.5,347.7,0x20,405.002,8.6,1125,-1,2.7,,
2026-08-05T11:42:49.000Z,M20-403-2-02820,1469965369,43.81983,4.50716,8658.4,5.2,8.5,101.3,-26.2,6.5,347.4,0x20,405.002,10.0,1125,-1,2.7,,
2026-08-05T11:42:50.000Z,M20-403-2-02820,1469965370,43.81982,4.50725,8662.7,4.1,6.7,93.2,-26.3,6.5,347.3,0x20,405.002,10.0,1125,-1,2.7,,
2026-08-05T11:42:51.000Z,M20-403-2-02820,1469965371,43.81981,4.50732,8665.9,3.0,5.2,100.7,-26.3,6.6,347.0,0x20,405.002,8.6,1125,-1,2.7,,
2026-08-05T11:42:54.000Z,M20-403-2-02820,1469965374,43.81979,4.50744,8682.1,2.9,3.1,97.5,-26.4,6.9,346.4,0x20,405.002,8.7,1125,-1,2.7,,
2026-08-05T11:42:55.000Z,M20-403-2-02820,1469965375,43.81979,4.50749,8686.5,6.3,5.7,82.2,-26.4,7.1,346.0,0x20,405.002,10.0,1125,-1,2.7,,
2026-08-05T11:42:56.000Z,M20-403-2-02820,1469965376,43.81980,4.50757,8691.7,4.9,7.3,84.4,-26.4,7.1,345.8,0x20,405.002,10.0,1125,-1,2.7,,
2026-08-05T11:42:57.000Z,M20-403-2-02820,1469965377,43.81980,4.50767,8695.8,3.1,8.2,91.0,-26.5,7.2,345.6,0x20,405.002,3.0,1125,-1,2.7,,
2026-08-05T11:42:59.000Z,M20-403-2-02820,1469965379,43.81980,4.50784,8705.2,4.4,4.7,82.8,-26.6,7.2,345.1,0x20,405.002,6.2,1125,-1,2.7,,
2026-08-05T11:43:00.000Z,M20-403-2-02820,1469965380,43.81981,4.50789,8709.6,4.8,3.3,60.7,-26.6,7.2,344.9,0x20,405.002,9.7,1125,-1,2.7,,
2026-08-05T11:43:01.000Z,M20-403-2-02820,1469965381,43.81982,4.50793,8714.8,5.7,4.1,80.3,-26.7,7.2,344.6,0x20,405.002,10.8,1125,-1,2.7,,
2026-08-05T11:43:02.000Z,M20-403-2-02820,1469965382,43.81982,4.50799,8720.5,6.2,5.6,104.1,-26.7,7.2,344.4,0x20,405.002,10.8,1125,-1,2.7,,
2026-08-05T11:43:03.000Z,M20-403-2-02820,1469965383,43.81981,4.50806,8724.2,1.3,6.7,110.5,-26.7,7.2,344.2,0x20,405.002,11.9,1125,-1,2.7,,
2026-08-05T11:43:04.000Z,M20-403-2-02820,1469965384,43.81979,4.50814,8727.3,4.8,7.5,105.0,-26.8,7.1,343.9,0x20,405.002,11.9,1125,-1,2.7,,
2026-08-05T11:43:06.000Z,M20-403-2-02820,1469965386,43.81976,4.50834,8738.5,2.9,7.4,99.6,-26.8,7.0,343.5,0x20,405.002,12.4,1125,-1,2.7,,
2026-08-05T11:43:07.000Z,M20-403-2-02820,1469965387,43.81975,4.50842,8742.3,4.3,6.9,90.8,-26.8,6.9,343.2,0x20,405.002,12.4,1125,-1,2.7,,
2026-08-05T11:43:09.000Z,M20-403-2-02820,1469965389,43.81974,4.50856,8755.4,5.1,4.0,114.9,-26.8,6.7,342.7,0x20,405.002,3.4,1125,-1,2.7,,
2026-08-05T11:43:10.000Z,M20-403-2-02820,1469965390,43.81973,4.50859,8760.1,4.6,2.5,124.4,-26.8,6.6,342.4,0x20,405.002,4.1,1125,-1,2.7,,
2026-08-05T11:43:11.000Z,M20-403-2-02820,1469965391,43.81971,4.50862,8765.5,5.9,3.2,135.8,-26.9,6.4,342.2,0x20,405.002,4.1,1125,-1,2.7,,
2026-08-05T11:43:12.000Z,M20-403-2-02820,1469965392,43.81970,4.50864,8769.2,1.5,2.3,121.9,-26.9,6.4,342.0,0x20,405.002,4.6,1125,-1,2.7,,
2026-08-05T11:43:13.000Z,M20-403-2-02820,1469965393,43.81968,4.50868,8771.6,3.0,4.6,123.3,-26.9,6.3,341.8,0x20,405.002,8.4,1125,-1,2.7,,
2026-08-05T11:43:14.000Z,M20-403-2-02820,1469965394,43.81966,4.50873,8775.5,4.5,5.6,119.3,-26.9,6.2,341.6,0x20,405.002,9.7,1125,-1,2.7,,
2026-08-05T11:43:16.000Z,M20-403-2-02820,1469965396,43.81961,4.50888,8783.9,2.9,6.0,103.9,-27.0,6.0,341.3,0x20,405.002,8.0,1125,-1,2.7,,
2026-08-05T11:43:17.000Z,M20-403-2-02820,1469965397,43.81960,4.50895,8786.5,2.4,6.2,94.0,-26.9,5.9,341.1,0x20,405.002,10.3,1125,-1,2.7,,
2026-08-05T11:43:18.000Z,M20-403-2-02820,1469965398,43.81960,4.50902,8789.8,3.6,5.1,102.3,-27.0,5.8,340.9,0x20,405.002,10.3,1125,-1,2.7,,
2026-08-05T11:43:19.000Z,M20-403-2-02820,1469965399,43.81958,4.50908,8792.9,2.2,4.9,120.8,-27.0,5.7,340.7,0x20,405.002,10.7,1125,-1,2.7,,
2026-08-05T11:43:20.000Z,M20-403-2-02820,1469965400,43.81956,4.50913,8797.0,5.7,5.6,115.4,-27.1,5.8,340.5,0x20,405.002,10.2,1125,-1,2.7,,
2026-08-05T11:43:21.000Z,M20-403-2-02820,1469965401,43.81954,4.50920,8802.0,3.9,5.8,111.9,-27.1,5.7,340.2,0x20,405.002,10.3,1125,-1,2.7,,
2026-08-05T11:43:22.000Z,M20-403-2-02820,1469965402,43.81952,4.50926,8807.1,6.0,4.2,117.4,-27.1,5.6,340.1,0x20,405.002,10.3,1125,-1,2.7,,
2026-08-05T11:43:23.000Z,M20-403-2-02820,1469965403,43.81950,4.50929,8813.0,5.2,3.2,123.8,-27.2,5.6,339.9,0x20,405.002,3.4,1125,-1,2.7,,
2026-08-05T11:43:24.000Z,M20-403-2-02820,1469965404,43.81948,4.50933,8816.6,2.3,4.1,136.3,-27.2,5.6,339.7,0x20,405.002,3.8,1125,-1,2.7,,
2026-08-05T11:43:25.000Z,M20-403-2-02820,1469965405,43.81946,4.50938,8819.6,3.7,5.5,117.4,-27.2,5.6,339.4,0x20,405.002,5.9,1125,-1,2.7,,
2026-08-05T11:43:26.000Z,M20-403-2-02820,1469965406,43.81943,4.50945,8823.8,4.3,7.2,112.5,-27.2,5.6,339.2,0x20,405.002,6.7,1125,-1,2.7,,
2026-08-05T11:43:27.000Z,M20-403-2-02820,1469965407,43.81940,4.50953,8829.1,6.2,7.1,125.9,-27.3,5.5,339.0,0x20,405.002,8.6,1125,-1,2.7,,
2026-08-05T11:43:28.000Z,M20-403-2-02820,1469965408,43.81937,4.50959,8834.8,4.9,5.1,130.2,-27.3,5.5,338.8,0x20,405.002,10.3,1125,-1,2.7,,
2026-08-05T11:43:29.000Z,M20-403-2-02820,1469965409,43.81934,4.50964,8839.6,4.5,6.5,129.5,-27.4,5.5,338.6,0x20,405.002,11.3,1125,-1,2.7,,
2026-08-05T11:43:30.000Z,M20-403-2-02820,1469965410,43.81930,4.50971,8842.5,0.7,6.6,119.8,-27.4,5.5,338.4,0x20,405.002,11.3,1125,-1,2.7,,
2026-08-05T11:43:31.000Z,M20-403-2-02820,1469965411,43.81928,4.50979,8846.2,5.9,8.1,104.3,-27.4,5.5,338.2,0x20,405.002,11.2,1125,-1,2.7,,
2026-08-05T11:43:32.000Z,M20-403-2-02820,1469965412,43.81926,4.50990,8851.0,3.7,10.0,103.3,-27.5,5.5,338.1,0x20,405.002,10.7,1125,-1,2.7,,
2026-08-05T11:43:33.000Z,M20-403-2-02820,1469965413,43.81925,4.51001,8854.5,3.1,8.5,95.7,-27.5,5.6,337.9,0x20,405.002,11.2,1125,-1,2.7,,
2026-08-05T11:43:34.000Z,M20-403-2-02820,1469965414,43.81924,4.51011,8858.6,4.9,7.1,89.2,-27.5,5.6,337.7,0x20,405.002,11.2,1125,-1,2.7,,
2026-08-05T11:43:35.000Z,M20-403-2-02820,1469965415,43.81924,4.51019,8862.3,2.2,5.5,91.5,-27.5,5.6,337.5,0x20,405.002,6.1,1125,-1,2.7,,
2026-08-05T11:43:36.000Z,M20-403-2-02820,1469965416,43.81924,4.51025,8866.2,5.0,5.2,103.3,-27.5,5.6,337.3,0x20,405.002,3.5,1125,-1,2.7,,
2026-08-05T11:43:37.000Z,M20-403-2-02820,1469965417,43.81921,4.51031,8871.4,5.2,6.0,124.9,-27.5,5.6,337.1,0x20,405.002,2.8,1125,-1,2.7,,
2026-08-05T11:43:38.000Z,M20-403-2-02820,1469965418,43.81918,4.51037,8876.0,3.1,5.5,123.5,-27.5,5.6,336.9,0x20,405.002,3.9,1125,-1,2.7,,
2026-08-05T11:43:39.000Z,M20-403-2-02820,1469965419,43.81916,4.51043,8880.1,4.9,6.0,107.6,-27.5,5.6,336.7,0x20,405.002,9.8,1125,-1,2.7,,
2026-08-05T11:43:40.000Z,M20-403-2-02820,1469965420,43.81915,4.51051,8885.4,5.7,6.8,88.6,-27.6,5.6,336.4,0x20,405.002,9.8,1125,-1,2.7,,
2026-08-05T11:43:41.000Z,M20-403-2-02820,1469965421,43.81915,4.51060,8891.2,5.4,7.5,92.7,-27.6,5.5,336.1,0x20,405.002,9.3,1125,-1,2.7,,
2026-08-05T11:43:42.000Z,M20-403-2-02820,1469965422,43.81914,4.51069,8895.8,4.2,7.3,97.5,-27.7,5.5,335.9,0x20,405.002,10.2,1125,-1,2.7,,
2026-08-05T11:43:43.000Z,M20-403-2-02820,1469965423,43.81912,4.51079,8901.6,6.5,9.4,114.2,-27.7,5.5,335.6,0x20,405.002,10.2,1125,-1,2.7,,
2026-08-05T11:43:44.000Z,M20-403-2-02820,1469965424,43.81908,4.51089,8907.5,5.4,8.7,124.7,-27.7,5.5,335.4,0x20,405.002,8.8,1125,-1,2.7,,
2026-08-05T11:43:45.000Z,M20-403-2-02820,1469965425,43.81904,4.51098,8911.5,3.1,9.1,126.2,-27.7,5.6,335.2,0x20,405.002,11.5,1125,-1,2.7,,
2026-08-05T11:43:46.000Z,M20-403-2-02820,1469965426,43.81899,4.51107,8915.1,3.4,8.3,119.9,-27.8,5.6,335.0,0x20,405.002,11.5,1125,-1,2.7,,
2026-08-05T11:43:47.000Z,M20-403-2-02820,1469965427,43.81897,4.51115,8919.6,6.2,5.8,99.4,-27.9,5.6,334.6,0x20,405.002,9.1,1125,-1,2.7,,
2026-08-05T11:43:48.000Z,M20-403-2-02820,1469965428,43.81896,4.51122,8925.3,4.7,5.2,98.5,-27.9,5.6,334.5,0x20,405.002,9.1,1125,-1,2.7,,
2026-08-05T11:43:49.000Z,M20-403-2-02820,1469965429,43.81895,4.51129,8929.0,3.4,5.2,105.6,-28.0,5.6,334.2,0x20,405.002,3.3,1125,-1,2.7,,
2026-08-05T11:43:50.000Z,M20-403-2-02820,1469965430,43.81893,4.51135,8935.5,6.6,6.0,127.5,-28.0,5.7,333.9,0x20,405.002,3.2,1125,-1,2.7,,
2026-08-05T11:43:51.000Z,M20-403-2-02820,1469965431,43.81890,4.51142,8941.9,5.3,9.1,119.9,-28.0,5.9,333.7,0x20,405.002,5.0,1125,-1,2.7,,
2026-08-05T11:43:57.000Z,M20-403-2-02820,1469965437,43.81873,4.51204,8966.6,4.4,4.1,106.6,-28.2,6.5,332.5,0x20,405.002,9.1,1125,-1,2.7,,
2026-08-05T11:43:58.000Z,M20-403-2-02820,1469965438,43.81871,4.51209,8970.9,4.3,5.1,111.6,-28.3,6.6,332.3,0x20,405.002,9.3,1125,-1,2.7,,
2026-08-05T11:43:59.000Z,M20-403-2-02820,1469965439,43.81869,4.51216,8975.0,3.5,7.1,105.4,-28.3,6.7,332.2,0x20,405.002,9.3,1125,-1,2.7,,
2026-08-05T11:44:00.000Z,M20-403-2-02820,1469965440,43.81867,4.51224,8979.2,4.9,6.9,106.1,-28.3,6.7,332.0,0x20,405.002,9.3,1125,-1,2.7,,
2026-08-05T11:44:01.000Z,M20-403-2-02820,1469965441,43.81865,4.51232,8983.6,3.4,7.5,119.1,-28.4,6.7,331.8,0x20,405.002,9.3,1125,-1,2.7,,
2026-08-05T11:44:02.000Z,M20-403-2-02820,1469965442,43.81861,4.51240,8988.0,6.1,7.6,123.8,-28.4,6.8,331.6,0x20,405.002,8.9,1125,-1,2.7,,
2026-08-05T11:44:03.000Z,M20-403-2-02820,1469965443,43.81858,4.51248,8992.8,4.0,7.4,115.6,-28.4,6.8,331.4,0x20,405.002,3.3,1125,-1,2.7,,
2026-08-05T11:44:04.000Z,M20-403-2-02820,1469965444,43.81855,4.51256,8996.6,3.9,7.6,117.8,-28.4,6.8,331.2,0x20,405.002,4.4,1125,-1,2.7,,
2026-08-05T11:44:05.000Z,M20-403-2-02820,1469965445,43.81851,4.51264,9000.4,3.1,6.8,125.4,-28.5,6.8,331.1,0x20,405.002,10.2,1125,-1,2.7,,
2026-08-05T11:44:06.000Z,M20-403-2-02820,1469965446,43.81847,4.51271,9003.2,2.5,6.6,124.4,-28.5,6.8,330.9,0x20,405.002,10.2,1125,-1,2.7,,
2026-08-05T11:44:07.000Z,M20-403-2-02820,1469965447,43.81845,4.51278,9006.8,4.9,7.2,109.9,-28.6,6.8,330.7,0x20,405.002,9.5,1125,-1,2.7,,
2026-08-05T11:44:08.000Z,M20-403-2-02820,1469965448,43.81843,4.51287,9011.0,3.6,7.6,105.6,-28.6,6.8,330.5,0x20,405.002,9.5,1125,-1,2.7,,
2026-08-05T11:44:09.000Z,M20-403-2-02820,1469965449,43.81841,4.51295,9014.8,3.7,6.6,109.4,-28.6,6.7,330.3,0x20,405.002,10.8,1125,-1,2.7,,
2026-08-05T11:44:10.000Z,M20-403-2-02820,1469965450,43.81838,4.51302,9019.3,5.2,6.3,116.4,-28.6,6.6,330.1,0x20,405.002,10.8,1125,-1,2.7,,
2026-08-05T11:44:11.000Z,M20-403-2-02820,1469965451,43.81836,4.51310,9023.6,3.2,7.0,111.4,-28.6,6.6,329.9,0x20,405.002,10.6,1125,-1,2.7,,
2026-08-05T11:44:12.000Z,M20-403-2-02820,1469965452,43.81834,4.51318,9027.2,3.9,6.6,114.1,-28.6,6.5,329.8,0x20,405.002,11.9,1125,-1,2.7,,
2026-08-05T11:44:13.000Z,M20-403-2-02820,1469965453,43.81831,4.51324,9029.9,2.3,6.2,118.3,-28.7,6.5,329.6,0x20,405.002,11.9,1125,-1,2.7,,
2026-08-05T11:44:14.000Z,M20-403-2-02820,1469965454,43.81828,4.51331,9033.4,4.7,5.8,122.3,-28.7,6.5,329.4,0x20,405.002,10.6,1125,-1,2.7,,
2026-08-05T11:44:15.000Z,M20-403-2-02820,1469965455,43.81825,4.51337,9037.6,3.6,6.4,121.0,-28.7,6.4,329.2,0x20,405.002,10.6,1125,-1,2.7,,
2026-08-05T11:44:16.000Z,M20-403-2-02820,1469965456,43.81822,4.51344,9041.8,4.8,6.7,122.3,-28.8,6.4,329.1,0x20,405.002,3.5,1125,-1,2.7,,
2026-08-05T11:44:17.000Z,M20-403-2-02820,1469965457,43.81819,4.51350,9046.1,3.3,6.2,124.8,-28.8,6.3,328.8,0x20,405.002,3.0,1125,-1,2.7,,
2026-08-05T11:44:18.000Z,M20-403-2-02820,1469965458,43.81816,4.51357,9050.2,4.3,6.6,124.1,-28.8,6.2,328.6,0x20,405.002,10.4,1125,-1,2.7,,
2026-08-05T11:44:19.000Z,M20-403-2-02820,1469965459,43.81813,4.51364,9054.6,3.7,7.6,120.7,-28.8,6.2,328.4,0x20,405.002,10.4,1125,-1,2.7,,
2026-08-05T11:44:20.000Z,M20-403-2-02820,1469965460,43.81809,4.51372,9058.0,3.4,7.9,116.9,-28.8,6.2,328.3,0x20,405.002,9.8,1125,-1,2.7,,
2026-08-05T11:44:21.000Z,M20-403-2-02820,1469965461,43.81806,4.51381,9062.0,4.3,6.8,112.7,-28.9,6.1,328.1,0x20,405.002,11.0,1125,-1,2.7,,
2026-08-05T11:44:22.000Z,M20-403-2-02820,1469965462,43.81804,4.51388,9066.0,3.5,5.6,117.2,-28.9,6.1,327.9,0x20,405.002,11.0,1125,-1,2.7,,
2026-08-05T11:44:23.000Z,M20-403-2-02820,1469965463,43.81801,4.51394,9069.9,4.5,6.4,125.1,-28.9,6.1,327.8,0x20,405.002,10.9,1125,-1,2.7,,
2026-08-05T11:44:24.000Z,M20-403-2-02820,1469965464,43.81798,4.51401,9073.6,3.0,6.6,124.7,-28.9,6.1,327.6,0x20,405.002,10.9,1125,-1,2.7,,
2026-08-05T11:44:25.000Z,M20-403-2-02820,1469965465,43.81795,4.51407,9077.5,4.4,5.9,125.6,-29.0,6.1,327.4,0x20,405.002,10.6,1125,-1,2.7,,
2026-08-05T11:44:26.000Z,M20-403-2-02820,1469965466,43.81792,4.51413,9081.3,2.9,5.4,121.8,-29.0,6.0,327.2,0x20,405.002,11.1,1125,-1,2.7,,
2026-08-05T11:44:27.000Z,M20-403-2-02820,1469965467,43.81789,4.51419,9084.6,3.8,6.4,117.6,-29.0,6.0,327.1,0x20,405.002,11.1,1125,-1,2.7,,
2026-08-05T11:44:28.000Z,M20-403-2-02820,1469965468,43.81786,4.51427,9088.3,3.7,7.4,121.4,-29.0,6.0,326.9,0x20,405.002,3.1,1125,-1,2.7,,
2026-08-05T11:44:29.000Z,M20-403-2-02820,1469965469,43.81783,4.51434,9091.7,3.5,7.5,125.9,-29.0,6.0,326.7,0x20,405.002,3.5,1125,-1,2.7,,
2026-08-05T11:44:30.000Z,M20-403-2-02820,1469965470,43.81779,4.51441,9095.5,4.3,6.6,126.9,-29.0,5.9,326.6,0x20,405.002,6.5,1125,-1,2.7,,
2026-08-05T11:44:31.000Z,M20-403-2-02820,1469965471,43.81776,4.51447,9099.6,3.7,5.0,127.1,-29.1,5.9,326.4,0x20,405.002,9.3,1125,-1,2.7,,
2026-08-05T11:44:32.000Z,M20-403-2-02820,1469965472,43.81774,4.51452,9103.4,4.1,4.9,114.2,-29.1,5.9,326.2,0x20,405.002,11.2,1125,-1,2.7,,
2026-08-05T11:44:33.000Z,M20-403-2-02820,1469965473,43.81772,4.51459,9107.7,4.4,6.4,113.1,-29.2,5.8,326.1,0x20,405.002,11.2,1125,-1,2.7,,
2026-08-05T11:44:34.000Z,M20-403-2-02820,1469965474,43.81769,4.51466,9111.4,3.0,7.3,120.4,-29.2,5.8,325.9,0x20,405.002,10.6,1125,-1,2.7,,
2026-08-05T11:44:35.000Z,M20-403-2-02820,1469965475,43.81765,4.51474,9114.3,2.9,7.6,130.5,-29.2,5.8,325.7,0x20,405.002,10.1,1125,-1,2.7,,
2026-08-05T11:44:36.000Z,M20-403-2-02820,1469965476,43.81761,4.51480,9118.2,4.7,6.3,138.5,-29.3,5.8,325.5,0x20,405.002,9.2,1125,-1,2.7,,
2026-08-05T11:44:37.000Z,M20-403-2-02820,1469965477,43.81757,4.51485,9122.3,3.6,5.8,135.2,-29.3,5.8,325.4,0x20,405.002,9.9,1125,-1,2.7,,
2026-08-05T11:44:38.000Z,M20-403-2-02820,1469965478,43.81754,4.51491,9126.1,3.7,6.3,122.1,-29.4,5.8,325.2,0x20,405.002,10.7,1125,-1,2.7,,
2026-08-05T11:44:39.000Z,M20-403-2-02820,1469965479,43.81751,4.51497,9130.1,5.0,6.1,117.0,-29.4,5.8,325.0,0x20,405.002,11.2,1125,-1,2.7,,
2026-08-05T11:44:40.000Z,M20-403-2-02820,1469965480,43.81749,4.51504,9134.5,3.2,6.4,118.7,-29.4,5.8,324.8,0x20,405.002,11.2,1125,-1,2.7,,
2026-08-05T11:44:41.000Z,M20-403-2-02820,1469965481,43.81746,4.51512,9138.0,3.5,7.4,111.3,-29.5,5.8,324.6,0x20,405.002,3.9,1125,-1,2.7,,
2026-08-05T11:44:42.000Z,M20-403-2-02820,1469965482,43.81743,4.51521,9141.4,3.4,7.7,114.5,-29.5,5.8,324.4,0x20,405.002,4.2,1125,-1,2.7,,
2026-08-05T11:44:43.000Z,M20-403-2-02820,1469965483,43.81741,4.51529,9145.4,4.4,7.2,110.0,-29.5,5.8,324.3,0x20,405.002,5.3,1125,-1,2.7,,
2026-08-05T11:44:44.000Z,M20-403-2-02820,1469965484,43.81739,4.51537,9150.1,4.9,5.5,112.0,-29.6,5.8,324.1,0x20,405.002,6.9,1125,-1,2.7,,
2026-08-05T11:44:45.000Z,M20-403-2-02820,1469965485,43.81737,4.51543,9153.4,1.7,5.1,120.1,-29.6,5.8,323.9,0x20,405.002,9.4,1125,-1,2.7,,
2026-08-05T11:44:46.000Z,M20-403-2-02820,1469965486,43.81734,4.51549,9156.9,4.2,6.1,122.4,-29.6,5.8,323.8,0x20,405.002,11.5,1125,-1,2.7,,
2026-08-05T11:44:47.000Z,M20-403-2-02820,1469965487,43.81731,4.51555,9160.9,3.9,7.5,125.3,-29.7,5.8,323.6,0x20,405.002,11.8,1125,-1,2.7,,
2026-08-05T11:44:48.000Z,M20-403-2-02820,1469965488,43.81727,4.51564,9164.4,3.1,8.1,118.5,-29.7,5.8,323.4,0x20,405.002,11.8,1125,-1,2.7,,
2026-08-05T11:44:49.000Z,M20-403-2-02820,1469965489,43.81723,4.51571,9167.8,3.4,7.0,129.5,-29.8,5.8,323.2,0x20,405.002,10.9,1125,-1,2.7,,
2026-08-05T11:44:50.000Z,M20-403-2-02820,1469965490,43.81719,4.51577,9171.8,4.2,6.3,124.8,-29.8,5.8,323.1,0x20,405.002,10.3,1125,-1,2.7,,
2026-08-05T11:44:51.000Z,M20-403-2-02820,1469965491,43.81716,4.51584,9176.3,4.5,6.8,128.8,-29.8,5.8,322.8,0x20,405.002,11.6,1125,-1,2.7,,
2026-08-05T11:44:52.000Z,M20-403-2-02820,1469965492,43.81712,4.51590,9180.7,4.2,6.8,124.5,-29.9,5.8,322.7,0x20,405.002,11.9,1125,-1,2.7,,
2026-08-05T11:44:53.000Z,M20-403-2-02820,1469965493,43.81708,4.51596,9184.8,3.8,6.2,124.3,-29.9,5.8,322.5,0x20,405.002,11.9,1125,-1,2.7,,
2026-08-05T11:44:54.000Z,M20-403-2-02820,1469965494,43.81706,4.51603,9188.1,3.1,5.7,123.0,-29.9,5.8,322.3,0x20,405.002,3.9,1125,-1,2.7,,
2026-08-05T11:44:55.000Z,M20-403-2-02820,1469965495,43.81703,4.51609,9191.7,4.2,6.7,115.7,-30.0,5.8,322.1,0x20,405.002,3.8,1125,-1,2.7,,
2026-08-05T11:44:56.000Z,M20-403-2-02820,1469965496,43.81700,4.51618,9195.9,3.9,8.3,117.2,-30.0,5.8,322.0,0x20,405.002,6.3,1125,-1,2.7,,
2026-08-05T11:44:57.000Z,M20-403-2-02820,1469965497,43.81696,4.51627,9199.8,3.9,8.7,118.1,-30.0,5.9,321.8,0x20,405.002,10.7,1125,-1,2.7,,
2026-08-05T11:44:58.000Z,M20-403-2-02820,1469965498,43.81693,4.51636,9203.8,3.7,7.5,120.8,-30.1,5.9,321.6,0x20,405.002,12.2,1125,-1,2.7,,
2026-08-05T11:44:59.000Z,M20-403-2-02820,1469965499,43.81689,4.51643,9208.3,5.5,7.1,128.0,-30.1,5.9,321.4,0x20,405.002,12.2,1125,-1,2.7,,
2026-08-05T11:45:00.000Z,M20-403-2-02820,1469965500,43.81685,4.51650,9212.9,3.5,7.6,127.0,-30.1,5.9,321.2,0x20,405.002,11.0,1125,-1,2.7,,
2026-08-05T11:45:01.000Z,M20-403-2-02820,1469965501,43.81681,4.51658,9216.7,4.0,6.9,125.6,-30.2,5.9,321.0,0x20,405.002,10.6,1125,-1,2.7,,
2026-08-05T11:45:02.000Z,M20-403-2-02820,1469965502,43.81678,4.51664,9220.7,4.0,6.1,128.3,-30.2,5.9,320.8,0x20,405.002,10.3,1125,-1,2.7,,
2026-08-05T11:45:03.000Z,M20-403-2-02820,1469965503,43.81675,4.51670,9224.5,3.9,6.1,121.8,-30.2,5.9,320.7,0x20,405.002,10.7,1125,-1,2.7,,
2026-08-05T11:45:04.000Z,M20-403-2-02820,1469965504,43.81671,4.51676,9228.6,5.0,6.6,135.8,-30.3,5.9,320.5,0x20,405.002,10.7,1125,-1,2.7,,
2026-08-05T11:45:05.000Z,M20-403-2-02820,1469965505,43.81667,4.51682,9232.3,2.3,7.5,134.0,-30.3,5.9,320.3,0x20,405.002,11.5,1125,-1,2.7,,
2026-08-05T11:45:06.000Z,M20-403-2-02820,1469965506,43.81663,4.51690,9235.3,4.1,7.1,119.7,-30.3,6.0,320.1,0x20,405.002,11.5,1125,-1,2.7,,
2026-08-05T11:45:07.000Z,M20-403-2-02820,1469965507,43.81660,4.51697,9239.6,4.3,6.9,112.7,-30.4,6.0,319.9,0x20,405.002,3.1,1125,-1,2.7,,
2026-08-05T11:45:08.000Z,M20-403-2-02820,1469965508,43.81657,4.51706,9244.2,4.9,7.3,112.3,-30.4,6.0,319.8,0x20,405.002,3.1,1125,-1,2.7,,
2026-08-05T11:45:09.000Z,M20-403-2-02820,1469965509,43.81654,4.51714,9248.3,3.2,7.5,117.5,-30.5,5.9,319.6,0x20,405.002,8.3,1125,-1,2.7,,
2026-08-05T11:45:10.000Z,M20-403-2-02820,1469965510,43.81651,4.51722,9252.7,5.6,7.0,124.5,-30.5,6.0,319.4,0x20,405.002,10.4,1125,-1,2.7,,
2026-08-05T11:45:11.000Z,M20-403-2-02820,1469965511,43.81647,4.51728,9257.2,3.8,6.2,126.9,-30.5,6.0,319.2,0x20,405.002,10.4,1125,-1,2.7,,
2026-08-05T11:45:12.000Z,M20-403-2-02820,1469965512,43.81643,4.51735,9261.1,3.8,7.1,132.7,-30.6,6.0,319.0,0x20,405.002,10.0,1125,-1,2.7,,
2026-08-05T11:45:13.000Z,M20-403-2-02820,1469965513,43.81639,4.51742,9265.4,4.0,7.9,132.7,-30.6,6.0,318.8,0x20,405.002,12.0,1125,-1,2.7,,
2026-08-05T11:45:14.000Z,M20-403-2-02820,1469965514,43.81634,4.51749,9269.2,3.4,8.4,128.1,-30.6,6.0,318.7,0x20,405.002,12.0,1125,-1,2.7,,
2026-08-05T11:45:15.000Z,M20-403-2-02820,1469965515,43.81630,4.51758,9273.3,5.3,7.4,116.7,-30.7,6.1,318.5,0x20,405.002,12.0,1500,-1,2.7,,
2026-08-05T11:45:16.000Z,M20-403-2-02820,1469965516,43.81628,4.51766,9277.4,3.0,7.0,102.1,-30.7,6.1,318.3,0x20,405.002,11.1,1125,-1,2.7,,
2026-08-05T11:45:17.000Z,M20-403-2-02820,1469965517,43.81627,4.51775,9281.4,4.6,7.8,106.0,-30.8,6.1,318.1,0x20,405.002,11.6,1125,-1,2.7,,
2026-08-05T11:45:18.000Z,M20-403-2-02820,1469965518,43.81624,4.51783,9284.9,2.6,7.6,115.5,-30.8,6.1,318.0,0x20,405.002,11.6,1125,-1,2.7,,
2026-08-05T11:45:19.000Z,M20-403-2-02820,1469965519,43.81621,4.51792,9288.7,4.9,7.0,117.3,-30.8,6.1,317.7,0x20,405.002,11.6,1500,-1,2.7,,
2026-08-05T11:45:20.000Z,M20-403-2-02820,1469965520,43.81618,4.51799,9293.6,4.8,6.6,113.8,-30.8,6.0,317.6,0x20,405.002,5.4,1125,-1,2.7,,
2026-08-05T11:45:21.000Z,M20-403-2-02820,1469965521,43.81616,4.51807,9297.9,4.2,7.5,122.0,-30.8,6.1,317.4,0x20,405.002,3.0,1125,-1,2.7,,
2026-08-05T11:45:22.000Z,M20-403-2-02820,1469965522,43.81612,4.51815,9302.1,4.1,8.0,129.2,-30.8,6.1,317.2,0x20,405.002,5.5,1500,-1,2.7,,
2026-08-05T11:45:23.000Z,M20-403-2-02820,1469965523,43.81607,4.51823,9305.8,3.4,7.9,120.4,-30.8,6.1,317.1,0x20,405.002,8.8,1500,-1,2.7,,
2026-08-05T11:45:24.000Z,M20-403-2-02820,1469965524,43.81605,4.51832,9309.5,4.4,7.2,110.3,-30.9,6.1,316.9,0x20,405.002,10.4,1125,-1,2.7,,
2026-08-05T11:45:25.000Z,M20-403-2-02820,1469965525,43.81603,4.51840,9312.8,2.7,7.7,102.8,-30.9,6.1,316.7,0x20,405.002,10.4,1125,-1,2.7,,
2026-08-05T11:45:26.000Z,M20-403-2-02820,1469965526,43.81601,4.51849,9316.5,4.7,8.0,112.6,-31.0,6.1,316.5,0x20,405.002,11.3,1125,-1,2.7,,
2026-08-05T11:45:27.000Z,M20-403-2-02820,1469965527,43.81598,4.51859,9320.9,4.2,8.1,116.7,-31.0,6.0,316.4,0x20,405.002,11.3,1125,-1,2.7,,
2026-08-05T11:45:28.000Z,M20-403-2-02820,1469965528,43.81594,4.51868,9325.1,4.7,7.8,115.9,-31.0,6.1,316.2,0x20,405.002,12.5,1125,-1,2.7,,
2026-08-05T11:45:29.000Z,M20-403-2-02820,1469965529,43.81591,4.51876,9329.5,4.2,7.6,114.9,-31.1,6.0,316.0,0x20,405.002,12.5,1125,-1,2.7,,
2026-08-05T11:45:30.000Z,M20-403-2-02820,1469965530,43.81588,4.51885,9333.7,4.2,8.1,122.5,-31.1,6.0,315.8,0x20,405.002,11.2,1125,-1,2.7,,
2026-08-05T11:45:31.000Z,M20-403-2-02820,1469965531,43.81584,4.51893,9338.1,4.5,7.7,128.3,-31.1,6.0,315.6,0x20,405.002,11.3,1125,-1,2.7,,
2026-08-05T11:45:32.000Z,M20-403-2-02820,1469965532,43.81580,4.51900,9342.4,4.3,6.9,122.6,-31.1,6.0,315.4,0x20,405.002,11.3,1125,-1,2.7,,
2026-08-05T11:45:33.000Z,M20-403-2-02820,1469965533,43.81577,4.51907,9346.1,3.5,6.3,115.8,-31.2,6.0,315.2,0x20,405.002,4.0,1125,-1,2.7,,
2026-08-05T11:45:34.000Z,M20-403-2-02820,1469965534,43.81574,4.51914,9349.9,4.5,6.4,118.9,-31.2,6.0,315.1,0x20,405.002,3.2,1125,-1,2.7,,
2026-08-05T11:45:35.000Z,M20-403-2-02820,1469965535,43.81572,4.51921,9353.5,3.0,6.8,122.7,-31.2,5.9,314.9,0x20,405.002,5.6,1125,-1,2.7,,
2026-08-05T11:45:36.000Z,M20-403-2-02820,1469965536,43.81569,4.51928,9357.2,4.3,6.6,111.8,-31.2,5.9,314.7,0x20,405.002,9.5,1125,-1,2.7,,
2026-08-05T11:45:37.000Z,M20-403-2-02820,1469965537,43.81567,4.51936,9361.3,3.5,7.2,106.9,-31.2,5.9,314.5,0x20,405.002,11.4,1125,-1,2.7,,
2026-08-05T11:45:38.000Z,M20-403-2-02820,1469965538,43.81565,4.51945,9365.7,5.7,7.8,105.6,-31.3,5.9,314.3,0x20,405.002,11.4,1125,-1,2.7,,
2026-08-05T11:45:39.000Z,M20-403-2-02820,1469965539,43.81563,4.51954,9369.7,2.6,8.2,109.1,-31.3,5.9,314.2,0x20,405.002,10.3,1125,-1,2.7,,
2026-08-05T11:45:40.000Z,M20-403-2-02820,1469965540,43.81560,4.51963,9373.0,4.1,7.6,116.2,-31.3,5.9,314.0,0x20,405.002,11.3,1125,-1,2.7,,
2026-08-05T11:45:41.000Z,M20-403-2-02820,1469965541,43.81557,4.51971,9377.0,3.7,6.5,116.7,-31.4,5.9,313.8,0x20,405.002,11.3,1125,-1,2.7,,
2026-08-05T11:45:42.000Z,M20-403-2-02820,1469965542,43.81555,4.51978,9381.1,4.9,6.4,110.4,-31.4,5.9,313.6,0x20,405.002,11.9,1125,-1,2.7,,
2026-08-05T11:45:43.000Z,M20-403-2-02820,1469965543,43.81553,4.51986,9385.2,3.7,7.3,108.6,-31.4,5.9,313.4,0x20,405.002,12.2,1125,-1,2.7,,
2026-08-05T11:45:44.000Z,M20-403-2-02820,1469965544,43.81550,4.51995,9388.8,4.0,7.5,114.4,-31.4,5.9,313.3,0x20,405.002,12.2,1125,-1,2.7,,
2026-08-05T11:45:45.000Z,M20-403-2-02820,1469965545,43.81548,4.52003,9392.7,4.1,6.5,117.6,-31.5,5.9,313.1,0x20,405.002,7.2,1125,-1,2.7,,
2026-08-05T11:45:46.000Z,M20-403-2-02820,1469965546,43.81545,4.52010,9396.9,4.1,6.5,123.5,-31.5,5.9,312.9,0x20,405.002,4.1,1125,-1,2.7,,
2026-08-05T11:45:47.000Z,M20-403-2-02820,1469965547,43.81542,4.52017,9401.0,4.3,7.1,119.0,-31.6,5.9,312.8,0x20,405.002,3.4,1125,-1,2.7,,
2026-08-05T11:45:48.000Z,M20-403-2-02820,1469965548,43.81539,4.52025,9404.7,3.0,8.1,113.9,-31.5,5.9,312.6,0x20,405.002,3.4,1125,-1,2.7,,
2026-08-05T11:45:49.000Z,M20-403-2-02820,1469965549,43.81536,4.52034,9408.6,4.4,7.0,108.8,-31.6,5.9,312.4,0x20,405.002,8.1,1125,-1,2.7,,
2026-08-05T11:45:50.000Z,M20-403-2-02820,1469965550,43.81534,4.52041,9412.5,3.2,6.0,107.3,-31.6,5.9,312.2,0x20,405.002,10.6,1500,-1,2.7,,
2026-08-05T11:45:51.000Z,M20-403-2-02820,1469965551,43.81533,4.52049,9416.7,5.2,6.6,110.3,-31.6,5.9,312.1,0x20,405.002,12.3,1125,-1,2.7,,
2026-08-05T11:45:52.000Z,M20-403-2-02820,1469965552,43.81530,4.52057,9421.1,4.0,7.6,115.8,-31.7,5.9,311.9,0x20,405.002,12.3,1125,-1,2.7,,
2026-08-05T11:45:53.000Z,M20-403-2-02820,1469965553,43.81527,4.52066,9425.7,5.5,8.2,122.8,-31.7,5.9,311.7,0x20,405.002,11.9,1125,-1,2.7,,
2026-08-05T11:45:54.000Z,M20-403-2-02820,1469965554,43.81523,4.52074,9429.6,2.9,7.5,121.2,-31.7,5.9,311.6,0x20,405.002,10.4,1500,-1,2.7,,
2026-08-05T11:45:55.000Z,M20-403-2-02820,1469965555,43.81520,4.52082,9433.3,4.9,7.0,118.1,-31.8,5.9,311.4,0x20,405.002,10.6,1125,-1,2.7,,
2026-08-05T11:45:56.000Z,M20-403-2-02820,1469965556,43.81517,4.52090,9437.4,3.8,7.8,111.4,-31.8,6.0,311.2,0x20,405.002,10.6,1125,-1,2.7,,
2026-08-05T11:45:57.000Z,M20-403-2-02820,1469965557,43.81515,4.52100,9440.9,3.1,8.1,105.8,-31.8,6.0,311.0,0x20,405.002,11.4,1125,-1,2.7,,
2026-08-05T11:45:58.000Z,M20-403-2-02820,1469965558,43.81513,4.52110,9444.7,4.7,8.7,96.5,-31.9,6.0,310.9,0x20,405.002,11.4,1125,-1,2.7,,
2026-08-05T11:45:59.000Z,M20-403-2-02820,1469965559,43.81513,4.52120,9448.2,2.6,8.1,98.1,-31.9,6.0,310.7,0x20,405.002,11.4,1125,-1,2.7,,
2026-08-05T11:46:00.000Z,M20-403-2-02820,1469965560,43.81511,4.52130,9451.8,4.3,7.7,106.0,-31.9,6.0,310.5,0x20,405.002,3.9,1125,-1,2.7,,
2026-08-05T11:46:01.000Z,M20-403-2-02820,1469965561,43.81509,4.52139,9456.1,4.5,7.8,116.0,-32.0,6.0,310.3,0x20,405.002,6.9,1500,-1,2.7,,
2026-08-05T11:46:02.000Z,M20-403-2-02820,1469965562,43.81505,4.52147,9461.1,5.9,7.3,124.1,-32.0,5.9,310.1,0x20,405.002,9.4,1500,-1,2.7,,
2026-08-05T11:46:03.000Z,M20-403-2-02820,1469965563,43.81501,4.52154,9466.1,4.5,6.0,122.3,-32.0,5.9,309.9,0x20,405.002,11.4,1500,-1,2.7,,
2026-08-05T11:46:04.000Z,M20-403-2-02820,1469965564,43.81498,4.52160,9470.0,4.1,5.7,128.5,-32.0,5.9,309.7,0x20,405.002,13.3,1125,-1,2.7,,
2026-08-05T11:46:05.000Z,M20-403-2-02820,1469965565,43.81495,4.52165,9473.0,1.9,6.0,127.2,-32.0,6.0,309.6,0x20,405.002,13.3,1500,-1,2.7,,
2026-08-05T11:46:06.000Z,M20-403-2-02820,1469965566,43.81492,4.52172,9476.6,5.4,7.6,123.4,-32.1,5.9,309.3,0x20,405.002,11.6,1500,-1,2.7,,
2026-08-05T11:46:07.000Z,M20-403-2-02820,1469965567,43.81488,4.52181,9482.5,6.4,9.7,118.9,-32.1,6.1,309.1,0x20,405.002,11.2,1500,-1,2.7,,
2026-08-05T11:46:08.000Z,M20-403-2-02820,1469965568,43.81484,4.52192,9488.0,4.8,9.1,113.8,-32.1,6.4,308.9,0x20,405.002,11.7,1125,-1,2.7,,
2026-08-05T11:46:09.000Z,M20-403-2-02820,1469965569,43.81480,4.52202,9491.4,1.9,9.0,115.5,-32.1,6.8,308.7,0x20,405.002,11.7,1500,-1,2.7,,
2026-08-05T11:46:10.000Z,M20-403-2-02820,1469965570,43.81478,4.52211,9495.2,5.9,7.3,111.3,-32.2,7.1,308.5,0x20,405.002,11.3,1125,-1,2.7,,
2026-08-05T11:46:11.000Z,M20-403-2-02820,1469965571,43.81475,4.52219,9500.8,5.1,5.8,108.9,-32.2,7.2,308.2,0x20,405.002,11.3,1500,-1,2.7,,
2026-08-05T11:46:12.000Z,M20-403-2-02820,1469965572,43.81474,4.52226,9505.0,3.1,6.4,106.2,-32.2,7.3,308.1,0x20,405.002,11.9,1500,-1,2.7,,
2026-08-05T11:46:13.000Z,M20-403-2-02820,1469965573,43.81472,4.52234,9509.5,6.1,8.3,113.6,-32.3,7.4,307.9,0x20,405.002,11.9,1500,-1,2.7,,
2026-08-05T11:46:14.000Z,M20-403-2-02820,1469965574,43.81469,4.52245,9513.4,2.4,9.4,111.1,-32.3,7.5,307.7,0x20,405.002,11.9,1500,-1,2.7,,
2026-08-05T11:46:15.000Z,M20-403-2-02820,1469965575,43.81466,4.52255,9517.5,5.7,9.0,113.4,-32.4,7.5,307.4,0x20,405.002,3.3,1125,-1,2.7,,
2026-08-05T11:46:16.000Z,M20-403-2-02820,1469965576,43.81463,4.52265,9524.5,8.2,7.5,109.3,-32.4,7.6,307.2,0x20,405.002,8.6,1500,-1,2.7,,
2026-08-05T11:46:17.000Z,M20-403-2-02820,1469965577,43.81461,4.52274,9529.7,2.5,7.6,110.7,-32.4,7.6,307.0,0x20,405.002,11.7,1500,-1,2.7,,
2026-08-05T11:46:18.000Z,M20-403-2-02820,1469965578,43.81458,4.52282,9532.4,3.0,6.5,116.1,-32.5,7.6,306.8,0x20,405.002,12.7,1500,-1,2.7,,
2026-08-05T11:46:19.000Z,M20-403-2-02820,1469965579,43.81455,4.52290,9536.6,4.8,6.8,121.7,-32.5,7.5,306.5,0x20,405.002,12.7,1125,-1,2.7,,
2026-08-05T11:46:20.000Z,M20-403-2-02820,1469965580,43.81451,4.52296,9542.8,6.3,7.0,133.3,-32.6,7.5,306.3,0x20,405.002,12.3,1875,-1,2.7,,
2026-08-05T11:46:21.000Z,M20-403-2-02820,1469965581,43.81447,4.52303,9549.4,6.3,7.6,124.7,-32.7,7.5,306.0,0x20,405.002,10.6,1500,-1,2.7,,
2026-08-05T11:46:22.000Z,M20-403-2-02820,1469965582,43.81443,4.52311,9554.8,4.2,8.3,120.0,-32.7,7.5,305.8,0x20,405.002,12.5,1875,-1,2.7,,
2026-08-05T11:46:23.000Z,M20-403-2-02820,1469965583,43.81440,4.52321,9558.4,2.3,8.9,104.6,-32.8,7.6,305.6,0x20,405.002,12.5,1875,-1,2.7,,
2026-08-05T11:46:24.000Z,M20-403-2-02820,1469965584,43.81439,4.52332,9561.4,2.8,8.7,101.4,-32.8,7.6,305.4,0x20,405.002,8.9,1875,-1,2.7,,
2026-08-05T11:46:26.000Z,M20-403-2-02820,1469965586,43.81435,4.52351,9571.2,4.2,7.5,118.7,-32.8,7.6,305.1,0x20,405.002,3.5,1875,-1,2.7,,
2026-08-05T11:46:27.000Z,M20-403-2-02820,1469965587,43.81432,4.52359,9575.9,4.5,6.8,118.8,-32.9,7.6,304.8,0x20,405.002,6.5,1875,-1,2.7,,
2026-08-05T11:46:28.000Z,M20-403-2-02820,1469965588,43.81429,4.52366,9581.9,5.6,6.5,120.4,-33.0,7.6,304.5,0x20,405.002,11.1,1875,-1,2.7,,
2026-08-05T11:46:29.000Z,M20-403-2-02820,1469965589,43.81426,4.52374,9587.6,5.6,8.7,118.2,-33.0,7.6,304.4,0x20,405.002,12.2,1875,-1,2.7,,
2026-08-05T11:46:30.000Z,M20-403-2-02820,1469965590,43.81421,4.52384,9593.3,5.7,10.8,126.4,-33.1,7.6,304.1,0x20,405.002,12.2,1875,-1,2.7,,
2026-08-05T11:46:31.000Z,M20-403-2-02820,1469965591,43.81416,4.52395,9598.5,3.0,9.8,126.1,-33.1,7.7,303.9,0x20,405.002,11.0,1875,-1,2.7,,
2026-08-05T11:46:32.000Z,M20-403-2-02820,1469965592,43.81412,4.52405,9602.6,4.1,8.9,118.2,-33.1,7.8,303.7,0x20,405.002,11.8,1875,-1,2.7,,
2026-08-05T11:46:33.000Z,M20-403-2-02820,1469965593,43.81408,4.52414,9606.2,4.0,9.7,123.9,-33.2,7.8,303.5,0x20,405.002,11.8,1875,-1,2.7,,
2026-08-05T11:46:34.000Z,M20-403-2-02820,1469965594,43.81404,4.52424,9611.0,5.4,8.7,117.5,-33.2,7.9,303.3,0x20,405.002,10.2,1875,-1,2.7,,
2026-08-05T11:46:35.000Z,M20-403-2-02820,1469965595,43.81400,4.52434,9616.8,5.1,9.3,115.3,-33.2,8.0,303.1,0x20,405.002,10.2,1875,-1,2.7,,
2026-08-05T11:46:36.000Z,M20-403-2-02820,1469965596,43.81397,4.52444,9620.6,1.8,9.2,102.2,-33.3,8.0,302.9,0x20,405.002,11.7,1875,-1,2.7,,
2026-08-05T11:46:37.000Z,M20-403-2-02820,1469965597,43.81395,4.52455,9624.1,4.7,8.7,107.8,-33.3,8.1,302.7,0x20,405.002,11.7,1500,-1,2.7,,
2026-08-05T11:46:38.000Z,M20-403-2-02820,1469965598,43.81393,4.52465,9628.7,4.6,8.6,112.9,-33.4,8.2,302.5,0x20,405.002,4.5,1875,-1,2.7,,
2026-08-05T11:46:39.000Z,M20-403-2-02820,1469965599,43.81389,4.52474,9635.2,7.8,8.1,124.3,-33.4,8.3,302.3,0x20,405.002,3.3,1875,-1,2.7,,
2026-08-05T11:46:40.000Z,M20-403-2-02820,1469965600,43.81385,4.52482,9640.5,2.8,8.8,125.8,-33.5,8.3,302.1,0x20,405.002,4.8,1875,-1,2.7,,
2026-08-05T11:46:41.000Z,M20-403-2-02820,1469965601,43.81381,4.52492,9645.0,6.3,9.8,120.5,-33.5,8.4,301.9,0x20,405.002,8.1,1875,-1,2.7,,
2026-08-05T11:46:42.000Z,M20-403-2-02820,1469965602,43.81377,4.52502,9652.0,7.2,8.3,116.6,-33.5,8.4,301.6,0x20,405.002,9.2,1875,-1,2.7,,
2026-08-05T11:46:43.000Z,M20-403-2-02820,1469965603,43.81373,4.52513,9655.9,1.4,9.8,113.5,-33.5,8.3,301.5,0x20,405.002,9.2,1875,-1,2.7,,
2026-08-05T11:46:44.000Z,M20-403-2-02820,1469965604,43.81370,4.52524,9658.6,4.8,9.1,119.7,-33.6,8.2,301.2,0x20,405.002,11.8,1875,-1,2.7,,
2026-08-05T11:46:45.000Z,M20-403-2-02820,1469965605,43.81366,4.52534,9663.2,4.4,10.1,117.7,-33.7,8.1,301.0,0x20,405.002,11.8,1875,-1,2.7,,
2026-08-05T11:46:47.000Z,M20-403-2-02820,1469965607,43.81359,4.52556,9675.5,3.7,9.4,107.9,-33.7,8.0,300.5,0x20,405.002,9.2,1875,-1,2.7,,
2026-08-05T11:46:48.000Z,M20-403-2-02820,1469965608,43.81357,4.52566,9680.2,4.6,8.3,104.8,-33.7,7.9,300.2,0x20,405.002,11.9,1500,-1,2.7,,
2026-08-05T11:46:49.000Z,M20-403-2-02820,1469965609,43.81354,4.52576,9686.0,6.7,7.8,117.7,-33.7,7.8,300.0,0x20,405.002,11.9,1500,-1,2.7,,
2026-08-05T11:46:50.000Z,M20-403-2-02820,1469965610,43.81351,4.52585,9692.2,5.2,8.0,114.3,-33.8,7.7,299.8,0x20,405.002,10.9,1875,-1,2.7,,
2026-08-05T11:46:51.000Z,M20-403-2-02820,1469965611,43.81349,4.52594,9699.2,7.9,7.2,107.1,-33.8,7.6,299.5,0x20,405.002,3.2,1875,-1,2.7,,
2026-08-05T11:46:52.000Z,M20-403-2-02820,1469965612,43.81347,4.52603,9705.5,4.7,7.9,105.2,-33.9,7.6,299.3,0x20,405.002,2.9,1875,-1,2.7,,
2026-08-05T11:46:53.000Z,M20-403-2-02820,1469965613,43.81345,4.52613,9711.0,6.1,8.6,101.6,-34.0,7.5,299.0,0x20,405.002,4.4,1875,-1,2.7,,
2026-08-05T11:46:54.000Z,M20-403-2-02820,1469965614,43.81343,4.52623,9715.8,3.2,8.2,105.8,-34.0,7.5,298.8,0x20,405.002,8.9,1875,-1,2.7,,
2026-08-05T11:46:55.000Z,M20-403-2-02820,1469965615,43.81341,4.52633,9719.8,4.7,8.4,111.1,-34.0,7.4,298.6,0x20,405.002,8.9,1875,-1,2.7,,
2026-08-05T11:46:56.000Z,M20-403-2-02820,1469965616,43.81339,4.52642,9724.3,4.1,8.0,110.7,-34.0,7.4,298.4,0x20,405.002,7.8,1875,-1,2.7,,
2026-08-05T11:46:57.000Z,M20-403-2-02820,1469965617,43.81336,4.52650,9730.1,6.7,6.1,112.8,-34.0,7.4,298.2,0x20,405.002,9.3,1875,-1,2.7,,
2026-08-05T11:46:58.000Z,M20-403-2-02820,1469965618,43.81334,4.52658,9735.2,3.4,7.2,101.9,-34.1,7.4,298.0,0x20,405.002,9.6,1875,-1,2.7,,
2026-08-05T11:46:59.000Z,M20-403-2-02820,1469965619,43.81333,4.52667,9738.0,2.1,8.1,96.0,-34.1,7.4,297.9,0x20,405.002,9.7,1875,-1,2.7,,
2026-08-05T11:47:00.000Z,M20-403-2-02820,1469965620,43.81331,4.52678,9742.5,6.2,10.4,115.4,-34.2,7.3,297.6,0x20,405.002,9.7,1875,-1,2.7,,
2026-08-05T11:47:01.000Z,M20-403-2-02820,1469965621,43.81328,4.52689,9749.3,6.8,9.8,110.1,-34.2,7.3,297.4,0x20,405.002,10.2,1875,-1,2.7,,
2026-08-05T11:47:02.000Z,M20-403-2-02820,1469965622,43.81325,4.52700,9754.6,3.8,9.6,111.0,-34.2,7.3,297.2,0x20,405.002,10.2,1875,-1,2.7,,
2026-08-05T11:47:03.000Z,M20-403-2-02820,1469965623,43.81322,4.52710,9758.5,3.9,8.6,112.2,-34.2,7.3,297.0,0x20,405.002,7.4,1875,-1,2.7,,
2026-08-05T11:47:04.000Z,M20-403-2-02820,1469965624,43.81319,4.52720,9762.5,4.9,8.9,117.2,-34.3,7.3,296.9,0x20,405.002,5.4,1875,-1,2.7,,
2026-08-05T11:47:05.000Z,M20-403-2-02820,1469965625,43.81315,4.52730,9766.3,2.5,10.4,119.6,-34.3,7.4,296.7,0x20,405.002,5.4,1875,-1,2.7,,
2026-08-05T11:47:06.000Z,M20-403-2-02820,1469965626,43.81311,4.52741,9769.4,2.9,9.2,112.2,-34.3,7.4,296.5,0x20,405.002,3.1,1875,-1,2.7,,
2026-08-05T11:47:07.000Z,M20-403-2-02820,1469965627,43.81309,4.52751,9773.0,3.2,8.1,99.7,-34.4,7.4,296.3,0x20,405.002,9.3,1875,-1,2.7,,
2026-08-05T11:47:08.000Z,M20-403-2-02820,1469965628,43.81308,4.52761,9776.4,3.6,7.7,95.4,-34.4,7.4,296.2,0x20,405.002,10.2,1875,-1,2.7,,
2026-08-05T11:47:09.000Z,M20-403-2-02820,1469965629,43.81307,4.52769,9781.0,5.6,7.2,94.2,-34.5,7.3,296.0,0x20,405.002,11.7,1875,-1,2.7,,
2026-08-05T11:47:10.000Z,M20-403-2-02820,1469965630,43.81306,4.52778,9785.6,3.5,7.2,109.3,-34.5,7.3,295.8,0x20,405.002,11.7,1875,-1,2.7,,
2026-08-05T11:47:11.000Z,M20-403-2-02820,1469965631,43.81303,4.52787,9789.1,4.0,8.2,113.2,-34.5,7.2,295.7,0x20,405.002,12.1,1875,-1,2.7,,
2026-08-05T11:47:12.000Z,M20-403-2-02820,1469965632,43.81301,4.52797,9793.2,3.8,8.3,109.2,-34.5,7.2,295.5,0x20,405.002,12.1,1875,-1,2.7,,
2026-08-05T11:47:13.000Z,M20-403-2-02820,1469965633,43.81298,4.52807,9797.2,4.9,8.9,111.5,-34.5,7.2,295.3,0x20,405.002,11.8,1875,-1,2.7,,
2026-08-05T11:47:14.000Z,M20-403-2-02820,1469965634,43.81295,4.52817,9801.2,3.1,9.1,115.1,-34.6,7.1,295.1,0x20,405.002,11.8,1875,-1,2.7,,
2026-08-05T11:47:15.000Z,M20-403-2-02820,1469965635,43.81292,4.52827,9805.7,5.5,8.8,108.6,-34.6,7.1,294.9,0x20,405.002,10.9,1875,-1,2.7,,
2026-08-05T11:47:16.000Z,M20-403-2-02820,1469965636,43.81290,4.52838,9810.1,3.0,8.9,101.0,-34.6,7.1,294.8,0x20,405.002,10.9,1875,-1,2.7,,
2026-08-05T11:47:17.000Z,M20-403-2-02820,1469965637,43.81288,4.52849,9814.0,4.5,9.1,104.7,-34.7,7.1,294.6,0x20,405.002,4.1,1875,-1,2.7,,
2026-08-05T11:47:18.000Z,M20-403-2-02820,1469965638,43.81286,4.52860,9818.3,3.5,8.9,107.0,-34.7,7.1,294.4,0x20,405.002,3.3,1875,-1,2.7,,
2026-08-05T11:47:19.000Z,M20-403-2-02820,1469965639,43.81284,4.52870,9822.5,4.9,8.4,105.2,-34.7,7.2,294.2,0x20,405.002,2.6,1875,-1,2.7,,
2026-08-05T11:47:20.000Z,M20-403-2-02820,1469965640,43.81282,4.52880,9826.2,2.7,8.0,99.1,-34.7,7.2,294.1,0x20,405.002,9.0,1875,-1,2.7,,
2026-08-05T11:47:21.000Z,M20-403-2-02820,1469965641,43.81281,4.52889,9829.9,4.6,7.8,102.3,-34.7,7.2,293.9,0x20,405.002,11.4,1875,-1,2.7,,
2026-08-05T11:47:22.000Z,M20-403-2-02820,1469965642,43.81279,4.52899,9833.8,3.2,7.8,109.2,-34.8,7.1,293.7,0x20,405.002,13.2,1875,-1,2.7,,
2026-08-05T11:47:23.000Z,M20-403-2-02820,1469965643,43.81277,4.52908,9837.9,4.7,8.3,108.4,-34.8,7.2,293.6,0x20,405.002,13.2,1875,-1,2.7,,
2026-08-05T11:47:24.000Z,M20-403-2-02820,1469965644,43.81275,4.52918,9842.6,4.3,8.5,100.7,-34.9,7.2,293.3,0x20,405.002,12.5,1875,-1,2.7,,
2026-08-05T11:47:25.000Z,M20-403-2-02820,1469965645,43.81273,4.52929,9847.2,4.5,9.4,101.6,-34.9,7.2,293.1,0x20,405.002,12.5,1875,-1,2.7,,
2026-08-05T11:47:26.000Z,M20-403-2-02820,1469965646,43.81271,4.52940,9851.7,4.4,9.6,105.8,-34.9,7.1,292.9,0x20,405.002,11.8,1875,-1,2.7,,
2026-08-05T11:47:27.000Z,M20-403-2-02820,1469965647,43.81269,4.52952,9856.5,4.8,9.6,107.7,-34.9,7.1,292.8,0x20,405.002,12.3,1875,-1,2.7,,
2026-08-05T11:47:28.000Z,M20-403-2-02820,1469965648,43.81267,4.52963,9860.9,4.0,9.5,100.9,-34.9,7.1,292.6,0x20,405.002,12.3,1875,-1,2.7,,
2026-08-05T11:47:29.000Z,M20-403-2-02820,1469965649,43.81265,4.52975,9865.5,5.1,9.4,97.0,-34.9,7.0,292.4,0x20,405.002,10.2,1875,-1,2.7,,
2026-08-05T11:47:30.000Z,M20-403-2-02820,1469965650,43.81264,4.52986,9871.0,5.7,9.5,103.8,-35.0,7.0,292.1,0x20,405.002,2.9,1875,-1,2.7,,
2026-08-05T11:47:31.000Z,M20-403-2-02820,1469965651,43.81262,4.52998,9875.6,3.5,9.5,102.5,-35.0,6.9,292.0,0x20,405.002,2.8,1875,-1,2.7,,
2026-08-05T11:47:32.000Z,M20-403-2-02820,1469965652,43.81260,4.53010,9880.1,5.3,10.7,100.5,-35.0,6.8,291.8,0x20,405.002,6.5,1875,-1,2.7,,
2026-08-05T11:47:33.000Z,M20-403-2-02820,1469965653,43.81258,4.53023,9884.4,3.4,10.4,98.4,-35.1,6.8,291.6,0x20,405.002,9.6,1875,-1,2.7,,
2026-08-05T11:47:34.000Z,M20-403-2-02820,1469965654,43.81257,4.53035,9888.8,5.3,9.6,99.4,-35.1,6.7,291.4,0x20,405.002,11.4,1875,-1,2.7,,
2026-08-05T11:47:35.000Z,M20-403-2-02820,1469965655,43.81255,4.53046,9893.9,5.0,9.0,104.9,-35.2,6.6,291.2,0x20,405.002,11.4,1875,-1,2.7,,
2026-08-05T11:47:36.000Z,M20-403-2-02820,1469965656,43.81253,4.53057,9898.7,4.5,8.6,107.9,-35.2,6.6,291.0,0x20,405.002,10.7,1875,-1,2.7,,
2026-08-05T11:47:37.000Z,M20-403-2-02820,1469965657,43.81251,4.53067,9903.4,5.0,9.3,101.6,-35.2,6.6,290.8,0x20,405.002,10.8,1875,-1,2.7,,
2026-08-05T11:47:38.000Z,M20-403-2-02820,1469965658,43.81250,4.53080,9908.8,5.9,10.9,95.4,-35.3,6.5,290.6,0x20,405.002,10.8,1875,-1,2.7,,
2026-08-05T11:47:39.000Z,M20-403-2-02820,1469965659,43.81249,4.53094,9913.2,2.7,11.6,92.7,-35.3,6.5,290.4,0x20,405.002,9.5,1875,-1,2.7,,
2026-08-05T11:47:40.000Z,M20-403-2-02820,1469965660,43.81248,4.53109,9917.6,5.8,12.9,98.5,-35.4,6.5,290.2,0x20,405.002,9.6,1875,-1,2.7,,
2026-08-05T11:47:41.000Z,M20-403-2-02820,1469965661,43.81245,4.53124,9923.0,5.1,12.2,106.2,-35.4,6.4,290.0,0x20,405.002,11.7,1875,-1,2.7,,
2026-08-05T11:47:42.000Z,M20-403-2-02820,1469965662,43.81242,4.53139,9926.0,1.1,12.6,109.8,-35.4,6.4,289.9,0x20,405.002,11.7,1875,-1,2.7,,
2026-08-05T11:47:43.000Z,M20-403-2-02820,1469965663,43.81237,4.53153,9928.7,4.3,11.9,119.3,-35.5,6.3,289.7,0x20,405.002,4.1,1875,-1,2.7,,
2026-08-05T11:47:44.000Z,M20-403-2-02820,1469965664,43.81232,4.53165,9933.3,4.3,11.3,120.9,-35.5,6.4,289.5,0x20,405.002,4.1,1875,-1,2.7,,
2026-08-05T11:47:45.000Z,M20-403-2-02820,1469965665,43.81228,4.53177,9938.1,5.2,10.6,106.7,-35.6,6.4,289.3,0x20,405.002,3.7,1875,-1,2.7,,
2026-08-05T11:47:46.000Z,M20-403-2-02820,1469965666,43.81226,4.53190,9943.4,5.0,10.1,94.8,-35.6,6.3,289.1,0x20,405.002,9.7,1875,-1,2.7,,
2026-08-05T11:47:47.000Z,M20-403-2-02820,1469965667,43.81226,4.53203,9948.4,4.9,10.5,88.0,-35.6,6.2,288.9,0x20,405.002,10.7,1875,-1,2.7,,
2026-08-05T11:47:48.000Z,M20-403-2-02820,1469965668,43.81226,4.53216,9953.6,5.5,10.9,94.0,-35.7,6.2,288.6,0x20,405.002,13.2,1875,-1,2.7,,
2026-08-05T11:47:49.000Z,M20-403-2-02820,1469965669,43.81225,4.53230,9959.8,7.0,11.6,102.1,-35.7,6.2,288.4,0x20,405.002,13.2,1875,-1,2.7,,
2026-08-05T11:47:50.000Z,M20-403-2-02820,1469965670,43.81223,4.53244,9964.3,1.9,11.4,100.9,-35.7,6.1,288.2,0x20,405.002,10.8,1875,-1,2.7,,
2026-08-05T11:47:51.000Z,M20-403-2-02820,1469965671,43.81220,4.53258,9967.2,3.8,12.2,101.6,-35.8,6.1,288.0,0x20,405.002,10.6,1875,-1,2.7,,
2026-08-05T11:47:52.000Z,M20-403-2-02820,1469965672,43.81218,4.53273,9972.7,6.8,12.8,101.1,-35.9,6.0,287.7,0x20,405.002,10.4,1875,-1,2.7,,
2026-08-05T11:47:53.000Z,M20-403-2-02820,1469965673,43.81216,4.53288,9980.1,7.3,11.5,107.4,-35.9,6.0,287.5,0x20,405.002,8.8,1875,-1,2.7,,
2026-08-05T11:47:54.000Z,M20-403-2-02820,1469965674,43.81213,4.53302,9986.9,5.2,12.0,107.7,-35.9,5.9,287.3,0x20,405.002,11.1,1875,-1,2.7,,
2026-08-05T11:47:55.000Z,M20-403-2-02820,1469965675,43.81209,4.53316,9991.9,4.8,11.4,111.5,-36.0,5.8,287.0,0x20,405.002,11.1,1875,-1,2.7,,
2026-08-05T11:47:58.000Z,M20-403-2-02820,1469965678,43.81204,4.53352,10010.0,4.2,9.1,94.5,-36.0,5.4,286.3,0x20,405.002,6.1,1875,-1,2.7,,
2026-08-05T11:47:59.000Z,M20-403-2-02820,1469965679,43.81203,4.53364,10015.1,5.6,9.8,89.4,-36.0,5.3,286.1,0x20,405.002,6.2,1875,-1,2.7,,
2026-08-05T11:48:00.000Z,M20-403-2-02820,1469965680,43.81204,4.53376,10021.4,7.2,10.3,85.6,-36.0,5.2,285.9,0x20,405.002,8.9,1875,-1,2.7,,
2026-08-05T11:48:01.000Z,M20-403-2-02820,1469965681,43.81203,4.53389,10027.2,3.8,9.9,95.0,-36.1,5.1,285.6,0x20,405.002,11.1,1875,-1,2.7,,
2026-08-05T11:48:02.000Z,M20-403-2-02820,1469965682,43.81202,4.53400,10032.0,4.8,9.5,100.7,-36.1,5.0,285.3,0x20,405.002,11.9,1875,-1,2.7,,
2026-08-05T11:48:03.000Z,M20-403-2-02820,1469965683,43.81200,4.53412,10037.5,3.9,11.2,105.4,-36.1,4.9,285.1,0x20,405.002,11.9,1875,-1,2.7,,
2026-08-05T11:48:04.000Z,M20-403-2-02820,1469965684,43.81197,4.53426,10042.6,5.4,12.6,106.7,-36.1,4.8,284.9,0x20,405.002,10.2,1875,-1,2.7,,
2026-08-05T11:48:05.000Z,M20-403-2-02820,1469965685,43.81194,4.53442,10048.7,5.5,14.4,102.6,-36.2,4.8,284.7,0x20,405.002,10.9,1875,-1,2.7,,
2026-08-05T11:48:07.000Z,M20-403-2-02820,1469965687,43.81190,4.53473,10057.4,5.0,10.9,93.9,-36.3,4.7,284.3,0x20,405.002,9.5,1875,-1,2.7,,
2026-08-05T11:48:09.000Z,M20-403-2-02820,1469965689,43.81192,4.53494,10067.5,3.8,7.1,85.8,-36.3,4.7,284.0,0x20,405.002,3.0,1875,-1,2.7,,
2026-08-05T11:48:10.000Z,M20-403-2-02820,1469965690,43.81191,4.53503,10070.9,2.9,8.3,105.7,-36.3,4.6,283.8,0x20,405.002,3.0,1875,-1,2.7,,
2026-08-05T11:48:11.000Z,M20-403-2-02820,1469965691,43.81189,4.53515,10074.1,3.9,10.9,110.1,-36.4,4.6,283.6,0x20,405.002,5.9,1875,-1,2.7,,
2026-08-05T11:48:12.000Z,M20-403-2-02820,1469965692,43.81185,4.53529,10079.5,6.7,13.6,109.8,-36.4,4.6,283.4,0x20,405.002,10.4,1875,-1,2.7,,
2026-08-05T11:48:13.000Z,M20-403-2-02820,1469965693,43.81181,4.53545,10083.8,1.9,12.7,106.9,-36.4,4.6,283.2,0x20,405.002,13.2,1875,-1,2.7,,
2026-08-05T11:48:14.000Z,M20-403-2-02820,1469965694,43.81178,4.53559,10088.4,6.7,11.9,111.9,-36.4,4.7,283.0,0x20,405.002,13.2,1875,-1,2.7,,
2026-08-05T11:48:15.000Z,M20-403-2-02820,1469965695,43.81174,4.53572,10095.4,7.4,11.1,110.0,-36.5,4.7,282.8,0x20,405.002,13.0,1875,-1,2.7,,
2026-08-05T11:48:16.000Z,M20-403-2-02820,1469965696,43.81171,4.53585,10102.2,6.0,10.4,111.2,-36.6,4.8,282.6,0x20,405.002,9.6,1875,-1,2.7,,
2026-08-05T11:48:17.000Z,M20-403-2-02820,1469965697,43.81169,4.53597,10106.8,3.1,10.6,101.6,-36.6,4.9,282.4,0x20,405.002,10.2,1875,-1,2.7,,
2026-08-05T11:48:18.000Z,M20-403-2-02820,1469965698,43.81168,4.53609,10110.0,3.7,8.4,91.1,-36.6,4.9,282.2,0x20,405.002,13.9,1875,-1,2.7,,
2026-08-05T11:48:19.000Z,M20-403-2-02820,1469965699,43.81167,4.53620,10113.9,3.4,10.2,95.9,-36.6,4.9,282.0,0x20,405.002,13.9,1875,-1,2.7,,
2026-08-05T11:48:20.000Z,M20-403-2-02820,1469965700,43.81167,4.53633,10119.2,6.6,11.5,96.4,-36.7,5.0,281.8,0x20,405.002,13.2,1875,-1,2.7,,
2026-08-05T11:48:21.000Z,M20-403-2-02820,1469965701,43.81165,4.53647,10124.4,3.6,12.2,105.9,-36.7,5.0,281.6,0x20,405.002,11.1,1875,-1,2.6,,
2026-08-05T11:48:22.000Z,M20-403-2-02820,1469965702,43.81162,4.53662,10128.9,5.2,13.0,100.1,-36.7,5.1,281.4,0x20,405.002,3.1,1875,-1,2.7,,
2026-08-05T11:48:23.000Z,M20-403-2-02820,1469965703,43.81161,4.53678,10133.2,3.7,12.5,98.8,-36.8,5.1,281.3,0x20,405.002,3.1,1875,-1,2.7,,
2026-08-05T11:48:24.000Z,M20-403-2-02820,1469965704,43.81159,4.53692,10137.0,4.0,11.6,103.3,-36.8,5.1,281.1,0x20,405.002,6.1,1875,-1,2.7,,
2026-08-05T11:48:25.000Z,M20-403-2-02820,1469965705,43.81156,4.53706,10140.7,4.6,11.3,107.7,-36.8,5.1,280.9,0x20,405.002,12.5,1875,-1,2.7,,
2026-08-05T11:48:26.000Z,M20-403-2-02820,1469965706,43.81153,4.53719,10144.9,3.4,11.2,103.6,-36.8,5.2,280.8,0x20,405.002,13.3,1875,-1,2.7,,
2026-08-05T11:48:27.000Z,M20-403-2-02820,1469965707,43.81152,4.53732,10148.5,3.9,10.1,98.0,-36.9,5.2,280.6,0x20,405.002,13.3,1875,-1,2.7,,
2026-08-05T11:48:28.000Z,M20-403-2-02820,1469965708,43.81151,4.53744,10152.1,3.3,9.6,93.4,-36.9,5.2,280.4,0x20,405.002,13.5,1875,-1,2.7,,
2026-08-05T11:48:29.000Z,M20-403-2-02820,1469965709,43.81150,4.53756,10156.1,4.6,10.3,92.8,-36.9,5.2,280.3,0x20,405.002,13.5,1875,-1,2.7,,
2026-08-05T11:48:30.000Z,M20-403-2-02820,1469965710,43.81150,4.53770,10160.3,3.6,11.0,98.0,-36.9,5.2,280.1,0x20,405.002,13.2,1875,-1,2.7,,
2026-08-05T11:48:31.000Z,M20-403-2-02820,1469965711,43.81148,4.53783,10164.9,5.3,11.4,99.5,-36.9,5.2,279.9,0x20,405.002,13.0,1875,-1,2.6,,
2026-08-05T11:48:32.000Z,M20-403-2-02820,1469965712,43.81147,4.53797,10169.2,3.4,10.8,98.2,-37.0,5.2,279.8,0x20,405.002,13.2,1875,-1,2.6,,
2026-08-05T11:48:33.000Z,M20-403-2-02820,1469965713,43.81145,4.53810,10173.4,5.1,11.0,103.8,-37.0,5.2,279.6,0x20,405.002,13.6,1875,-1,2.7,,
2026-08-05T11:48:34.000Z,M20-403-2-02820,1469965714,43.81142,4.53824,10177.5,2.7,11.7,106.0,-37.0,5.2,279.4,0x20,405.002,13.6,1875,-1,2.6,,
2026-08-05T11:48:35.000Z,M20-403-2-02820,1469965715,43.81139,4.53837,10181.8,5.6,10.7,108.4,-37.1,5.2,279.2,0x20,405.002,3.7,1875,-1,2.6,,
2026-08-05T11:48:36.000Z,M20-403-2-02820,1469965716,43.81137,4.53849,10186.4,3.5,9.7,101.3,-37.1,5.2,279.1,0x20,405.002,3.0,1875,-1,2.6,,
2026-08-05T11:48:37.000Z,M20-403-2-02820,1469965717,43.81135,4.53861,10190.4,4.7,10.5,98.3,-37.2,5.2,278.9,0x20,405.002,6.5,1875,-1,2.6,,
2026-08-05T11:48:38.000Z,M20-403-2-02820,1469965718,43.81134,4.53874,10195.5,5.3,11.5,98.5,-37.2,5.2,278.7,0x20,405.002,10.8,1875,-1,2.6,,
2026-08-05T11:48:39.000Z,M20-403-2-02820,1469965719,43.81133,4.53888,10200.8,5.0,10.8,92.2,-37.2,5.2,278.5,0x20,405.002,12.2,1875,-1,2.6,,
2026-08-05T11:48:40.000Z,M20-403-2-02820,1469965720,43.81132,4.53901,10204.7,3.0,10.2,94.0,-37.2,5.2,278.4,0x20,405.002,13.1,1875,-1,2.6,,
2026-08-05T11:48:41.000Z,M20-403-2-02820,1469965721,43.81131,4.53914,10208.6,5.1,10.9,103.4,-37.3,5.1,278.2,0x20,405.002,14.2,1875,-1,2.6,,
2026-08-05T11:48:42.000Z,M20-403-2-02820,1469965722,43.81128,4.53928,10212.6,3.3,11.9,105.2,-37.3,5.1,278.0,0x20,405.002,14.2,1875,-1,2.6,,
2026-08-05T11:48:43.000Z,M20-403-2-02820,1469965723,43.81125,4.53942,10216.8,5.6,11.9,106.2,-37.3,5.1,277.9,0x20,405.002,14.2,1875,-1,2.6,,
2026-08-05T11:48:44.000Z,M20-403-2-02820,1469965724,43.81123,4.53956,10220.9,2.4,11.4,102.8,-37.3,5.1,277.7,0x20,405.002,12.3,1875,-1,2.6,,
2026-08-05T11:48:45.000Z,M20-403-2-02820,1469965725,43.81121,4.53970,10224.3,4.7,11.5,98.5,-37.4,5.1,277.5,0x20,405.002,14.3,1875,-1,2.6,,
2026-08-05T11:48:46.000Z,M20-403-2-02820,1469965726,43.81120,4.53985,10228.3,3.5,12.1,98.4,-37.4,5.0,277.3,0x20,405.002,14.3,1875,-1,2.6,,
2026-08-05T11:48:47.000Z,M20-403-2-02820,1469965727,43.81118,4.53999,10231.9,3.9,11.6,98.8,-37.4,5.0,277.2,0x20,405.002,14.0,1875,-1,2.6,,
2026-08-05T11:48:48.000Z,M20-403-2-02820,1469965728,43.81117,4.54013,10235.6,4.0,9.7,100.4,-37.4,5.0,277.0,0x20,405.002,14.0,1875,-1,2.6,,
2026-08-05T11:48:49.000Z,M20-403-2-02820,1469965729,43.81115,4.54025,10240.6,6.5,10.2,101.4,-37.5,4.9,276.8,0x20,405.002,3.9,1875,-1,2.6,,
2026-08-05T11:48:50.000Z,M20-403-2-02820,1469965730,43.81113,4.54038,10246.0,4.4,11.2,99.6,-37.5,4.9,276.6,0x20,405.002,12.1,1875,-1,2.6,,
2026-08-05T11:48:51.000Z,M20-403-2-02820,1469965731,43.81112,4.54052,10250.4,4.7,10.8,99.7,-37.5,4.9,276.4,0x20,405.002,13.4,1875,-1,2.6,,
2026-08-05T11:48:52.000Z,M20-403-2-02820,1469965732,43.81110,4.54065,10254.7,3.7,10.6,97.6,-37.5,4.9,276.3,0x20,405.002,13.4,1875,-1,2.6,,
2026-08-05T11:48:53.000Z,M20-403-2-02820,1469965733,43.81108,4.54079,10259.0,5.2,11.7,107.1,-37.6,4.8,276.1,0x20,405.002,13.0,1875,-1,2.6,,
2026-08-05T11:48:54.000Z,M20-403-2-02820,1469965734,43.81105,4.54093,10262.8,2.9,12.1,105.3,-37.6,4.8,275.9,0x20,405.002,13.0,1875,-1,2.6,,
2026-08-05T11:48:55.000Z,M20-403-2-02820,1469965735,43.81103,4.54107,10266.7,4.0,12.2,98.8,-37.6,4.7,275.8,0x20,405.002,12.6,1875,-1,2.6,,
2026-08-05T11:48:56.000Z,M20-403-2-02820,1469965736,43.81101,4.54122,10270.5,4.2,11.5,93.7,-37.6,4.7,275.6,0x20,405.002,12.6,1875,-1,2.6,,
2026-08-05T11:48:57.000Z,M20-403-2-02820,1469965737,43.81100,4.54136,10273.9,2.8,10.9,94.2,-37.6,4.7,275.5,0x20,405.002,12.9,1875,-1,2.6,,
2026-08-05T11:48:58.000Z,M20-403-2-02820,1469965738,43.81099,4.54149,10277.4,4.5,10.2,101.2,-37.7,4.6,275.3,0x20,405.002,13.1,1875,-1,2.6,,
2026-08-05T11:48:59.000Z,M20-403-2-02820,1469965739,43.81097,4.54162,10281.1,2.8,11.4,106.2,-37.7,4.6,275.1,0x20,405.002,13.1,1875,-1,2.6,,
2026-08-05T11:49:00.000Z,M20-403-2-02820,1469965740,43.81093,4.54175,10285.4,5.8,10.9,112.1,-37.7,4.5,274.9,0x20,405.002,12.9,1875,-1,2.6,,
2026-08-05T11:49:01.000Z,M20-403-2-02820,1469965741,43.81090,4.54187,10291.5,5.2,10.6,107.5,-37.8,4.5,274.8,0x20,405.002,4.6,1875,-1,2.6,,
2026-08-05T11:49:02.000Z,M20-403-2-02820,1469965742,43.81087,4.54201,10295.4,3.3,12.4,103.8,-37.8,4.4,274.6,0x20,405.002,3.5,1875,-1,2.6,,
2026-08-05T11:49:03.000Z,M20-403-2-02820,1469965743,43.81084,4.54216,10299.1,3.4,12.2,101.4,-37.8,4.4,274.4,0x20,405.002,3.5,1875,-1,2.6,,
2026-08-05T11:49:04.000Z,M20-403-2-02820,1469965744,43.81082,4.54230,10304.0,5.7,11.2,103.7,-37.9,4.4,274.2,0x20,405.002,8.8,1875,-1,2.6,,
2026-08-05T11:49:05.000Z,M20-403-2-02820,1469965745,43.81079,4.54243,10308.6,3.3,11.0,107.5,-37.9,4.4,274.0,0x20,405.002,13.4,1875,-1,2.6,,
2026-08-05T11:49:06.000Z,M20-403-2-02820,1469965746,43.81076,4.54256,10313.4,6.8,11.2,104.3,-38.0,4.4,273.8,0x20,405.002,13.4,1875,-1,2.6,,
2026-08-05T11:49:07.000Z,M20-403-2-02820,1469965747,43.81074,4.54270,10318.5,2.5,12.0,101.2,-38.0,4.4,273.6,0x20,405.002,11.7,1875,-1,2.6,,
2026-08-05T11:49:08.000Z,M20-403-2-02820,1469965748,43.81071,4.54285,10322.1,4.6,12.5,109.4,-38.0,4.4,273.5,0x20,405.002,11.7,1875,-1,2.6,,
2026-08-05T11:49:09.000Z,M20-403-2-02820,1469965749,43.81067,4.54298,10326.3,4.7,11.2,108.8,-38.0,4.4,273.3,0x20,405.002,11.7,1875,-1,2.6,,
2026-08-05T11:49:10.000Z,M20-403-2-02820,1469965750,43.81064,4.54311,10330.1,2.7,11.2,110.5,-38.0,4.3,273.2,0x20,405.002,11.7,1875,-1,2.6,,
2026-08-05T11:49:11.000Z,M20-403-2-02820,1469965751,43.81060,4.54324,10334.4,5.6,11.6,113.9,-38.1,4.3,273.0,0x20,405.002,11.2,1875,-1,2.6,,
2026-08-05T11:49:12.000Z,M20-403-2-02820,1469965752,43.81056,4.54338,10338.6,3.1,12.9,111.6,-38.2,4.4,272.8,0x20,405.002,10.2,1875,-1,2.6,,
2026-08-05T11:49:13.000Z,M20-403-2-02820,1469965753,43.81052,4.54353,10342.7,4.9,12.5,109.9,-38.2,4.4,272.7,0x20,405.002,10.2,1875,-1,2.6,,
2026-08-05T11:49:14.000Z,M20-403-2-02820,1469965754,43.81048,4.54368,10347.9,5.2,11.8,104.2,-38.2,4.4,272.5,0x20,405.002,10.2,1875,-1,2.6,,
2026-08-05T11:49:15.000Z,M20-403-2-02820,1469965755,43.81046,4.54382,10351.9,3.1,11.5,97.2,-38.2,4.4,272.3,0x20,405.002,4.0,1875,-1,2.6,,
2026-08-05T11:49:16.000Z,M20-403-2-02820,1469965756,43.81045,4.54397,10355.6,4.1,12.6,100.4,-38.3,4.4,272.2,0x20,405.002,9.5,1875,-1,2.6,,
2026-08-05T11:49:17.000Z,M20-403-2-02820,1469965757,43.81042,4.54412,10360.4,5.1,13.5,103.3,-38.3,4.3,272.0,0x20,405.002,11.7,1875,-1,2.6,,
2026-08-05T11:49:18.000Z,M20-403-2-02820,1469965758,43.81039,4.54428,10365.0,4.1,12.7,106.5,-38.3,4.3,271.8,0x20,405.002,11.8,1875,-1,2.6,,
2026-08-05T11:49:19.000Z,M20-403-2-02820,1469965759,43.81035,4.54442,10369.5,5.4,11.7,113.6,-38.3,4.4,271.6,0x20,405.002,11.8,1875,-1,2.6,,
2026-08-05T11:49:20.000Z,M20-403-2-02820,1469965760,43.81031,4.54456,10373.7,3.5,10.8,112.4,-38.4,4.4,271.5,0x20,405.002,10.4,1875,-1,2.6,,
2026-08-05T11:49:21.000Z,M20-403-2-02820,1469965761,43.81028,4.54468,10376.7,2.4,11.0,112.0,-38.4,4.4,271.4,0x20,405.002,13.1,1875,-1,2.6,,
2026-08-05T11:49:22.000Z,M20-403-2-02820,1469965762,43.81024,4.54482,10380.3,4.5,12.5,107.4,-38.4,4.4,271.2,0x20,405.002,13.5,1875,-1,2.6,,
2026-08-05T11:49:23.000Z,M20-403-2-02820,1469965763,43.81021,4.54497,10384.5,3.9,12.9,106.2,-38.5,4.4,271.0,0x20,405.002,13.5,1875,-1,2.6,,
2026-08-05T11:49:24.000Z,M20-403-2-02820,1469965764,43.81018,4.54513,10389.1,5.3,13.0,105.5,-38.5,4.5,270.8,0x20,405.002,10.8,1875,-1,2.6,,
2026-08-05T11:49:25.000Z,M20-403-2-02820,1469965765,43.81015,4.54528,10393.2,3.0,12.3,102.6,-38.5,4.5,270.7,0x20,405.002,11.0,1875,-1,2.6,,
2026-08-05T11:49:26.000Z,M20-403-2-02820,1469965766,43.81013,4.54543,10396.5,4.5,12.5,101.5,-38.6,4.5,270.5,0x20,405.002,11.0,1875,-1,2.6,,
2026-08-05T11:49:27.000Z,M20-403-2-02820,1469965767,43.81010,4.54558,10401.1,6.2,12.7,109.8,-38.6,4.5,270.3,0x20,405.002,11.0,1875,-1,2.6,,
2026-08-05T11:49:28.000Z,M20-403-2-02820,1469965768,43.81007,4.54573,10406.4,3.9,11.7,105.9,-38.6,4.5,270.1,0x20,405.002,4.7,1875,-1,2.6,,
2026-08-05T11:49:29.000Z,M20-403-2-02820,1469965769,43.81003,4.54587,10410.4,4.4,12.0,110.6,-38.6,4.6,269.9,0x20,405.002,5.5,1875,-1,2.6,,
2026-08-05T11:49:30.000Z,M20-403-2-02820,1469965770,43.80999,4.54602,10415.0,4.4,13.0,110.3,-38.7,4.6,269.8,0x20,405.002,12.3,1875,-1,2.6,,
2026-08-05T11:49:31.000Z,M20-403-2-02820,1469965771,43.80995,4.54616,10419.1,3.6,12.3,107.9,-38.7,4.7,269.6,0x20,405.002,12.3,1875,-1,2.6,,
2026-08-05T11:49:32.000Z,M20-403-2-02820,1469965772,43.80992,4.54631,10424.5,5.5,11.9,105.2,-38.8,4.8,269.4,0x20,405.002,10.6,1875,-1,2.6,,
2026-08-05T11:49:33.000Z,M20-403-2-02820,1469965773,43.80989,4.54645,10428.8,3.4,11.7,103.1,-38.8,4.9,269.3,0x20,405.002,12.7,1875,-1,2.6,,
2026-08-05T11:49:34.000Z,M20-403-2-02820,1469965774,43.80987,4.54659,10432.4,5.2,12.5,102.2,-38.8,5.0,269.1,0x20,405.002,12.7,1875,-1,2.6,,
2026-08-05T11:49:35.000Z,M20-403-2-02820,1469965775,43.80985,4.54674,10436.7,4.4,12.9,104.7,-38.8,5.1,268.9,0x20,405.002,12.6,1875,-1,2.6,,
2026-08-05T11:49:36.000Z,M20-403-2-02820,1469965776,43.80982,4.54689,10441.2,5.0,12.3,104.4,-38.9,5.1,268.8,0x20,405.002,12.5,1875,-1,2.6,,
2026-08-05T11:49:37.000Z,M20-403-2-02820,1469965777,43.80979,4.54704,10445.3,3.1,11.9,106.8,-38.9,5.1,268.6,0x20,405.002,13.0,1875,-1,2.6,,
2026-08-05T11:49:38.000Z,M20-403-2-02820,1469965778,43.80976,4.54718,10449.2,4.9,12.0,109.5,-39.0,5.1,268.4,0x20,405.002,13.0,1875,-1,2.6,,
2026-08-05T11:49:39.000Z,M20-403-2-02820,1469965779,43.80972,4.54732,10453.9,4.3,11.9,113.7,-39.0,5.2,268.2,0x20,405.002,10.1,1875,-1,2.6,,
2026-08-05T11:49:40.000Z,M20-403-2-02820,1469965780,43.80968,4.54745,10458.4,4.9,11.2,107.0,-39.0,5.2,268.1,0x20,405.002,3.3,1875,-1,2.6,,
2026-08-05T11:49:41.000Z,M20-403-2-02820,1469965781,43.80966,4.54759,10463.6,5.6,11.8,101.8,-39.1,5.2,267.9,0x20,405.002,3.3,1875,-1,2.6,,
2026-08-05T11:49:42.000Z,M20-403-2-02820,1469965782,43.80963,4.54774,10468.7,4.3,13.1,106.5,-39.1,5.2,267.7,0x20,405.002,6.3,1875,-1,2.6,,
2026-08-05T11:49:43.000Z,M20-403-2-02820,1469965783,43.80960,4.54789,10473.9,6.0,12.9,98.2,-39.1,5.2,267.5,0x20,405.002,12.3,1875,-1,2.6,,
2026-08-05T11:49:44.000Z,M20-403-2-02820,1469965784,43.80958,4.54805,10477.9,3.0,12.6,99.4,-39.2,5.2,267.4,0x20,405.002,12.3,1875,-1,2.6,,
2026-08-05T11:49:45.000Z,M20-403-2-02820,1469965785,43.80956,4.54820,10481.9,5.1,12.4,101.2,-39.2,5.1,267.2,0x20,405.002,11.3,1875,-1,2.6,,
2026-08-05T11:49:46.000Z,M20-403-2-02820,1469965786,43.80953,4.54835,10486.3,4.2,11.8,111.2,-39.2,5.1,267.0,0x20,405.002,11.3,1875,-1,2.6,,
2026-08-05T11:49:47.000Z,M20-403-2-02820,1469965787,43.80950,4.54849,10491.1,5.1,12.0,108.3,-39.3,5.1,266.8,0x20,405.002,12.6,1875,-1,2.6,,
2026-08-05T11:49:48.000Z,M20-403-2-02820,1469965788,43.80946,4.54863,10495.3,3.4,11.9,106.0,-39.3,5.1,266.7,0x20,405.002,14.0,1875,-1,2.6,,
2026-08-05T11:49:49.000Z,M20-403-2-02820,1469965789,43.80943,4.54877,10499.0,4.7,12.3,107.1,-39.3,5.2,266.5,0x20,405.002,14.0,1875,-1,2.6,,
2026-08-05T11:49:50.000Z,M20-403-2-02820,1469965790,43.80939,4.54891,10503.5,3.8,12.5,112.3,-39.4,5.2,266.3,0x20,405.002,13.9,1875,-1,2.6,,
2026-08-05T11:49:51.000Z,M20-403-2-02820,1469965791,43.80936,4.54905,10508.2,4.9,12.7,104.0,-39.4,5.3,266.2,0x20,405.002,13.9,1875,-1,2.6,,
2026-08-05T11:49:52.000Z,M20-403-2-02820,1469965792,43.80933,4.54920,10512.6,3.6,12.7,103.4,-39.4,5.4,266.0,0x20,405.002,12.4,1875,-1,2.6,,
2026-08-05T11:49:53.000Z,M20-403-2-02820,1469965793,43.80930,4.54936,10517.0,5.4,13.0,102.4,-39.5,5.4,265.9,0x20,405.002,3.3,1875,-1,2.6,,
2026-08-05T11:49:54.000Z,M20-403-2-02820,1469965794,43.80927,4.54951,10520.9,3.2,12.5,104.9,-39.5,5.5,265.7,0x20,405.002,3.1,1875,-1,2.6,,
2026-08-05T11:49:55.000Z,M20-403-2-02820,1469965795,43.80924,4.54966,10525.1,4.8,12.9,104.4,-39.6,5.6,265.5,0x20,405.002,7.6,1875,-1,2.6,,
2026-08-05T11:49:56.000Z,M20-403-2-02820,1469965796,43.80922,4.54982,10529.1,3.5,12.3,101.7,-39.6,5.7,265.3,0x20,405.002,13.4,1875,-1,2.6,,
2026-08-05T11:49:57.000Z,M20-403-2-02820,1469965797,43.80919,4.54996,10532.3,3.5,11.4,104.4,-39.6,5.7,265.1,0x20,405.002,13.4,1875,-1,2.6,,
2026-08-05T11:49:58.000Z,M20-403-2-02820,1469965798,43.80917,4.55009,10535.7,3.5,10.2,107.5,-39.7,5.7,265.0,0x20,405.002,12.6,1875,-1,2.6,,
2026-08-05T11:49:59.000Z,M20-403-2-02820,1469965799,43.80914,4.55021,10539.5,3.9,9.6,106.7,-39.7,5.7,264.8,0x20,405.002,13.4,1875,-1,2.6,,
2026-08-05T11:50:00.000Z,M20-403-2-02820,1469965800,43.80911,4.55033,10543.2,3.4,10.2,106.1,-39.7,5.7,264.7,0x20,405.002,14.0,1875,-1,2.6,,
2026-08-05T11:50:01.000Z,M20-403-2-02820,1469965801,43.80909,4.55046,10546.9,3.8,11.2,99.2,-39.7,5.7,264.5,0x20,405.002,14.0,1875,-1,2.6,,
2026-08-05T11:50:02.000Z,M20-403-2-02820,1469965802,43.80906,4.55060,10551.4,4.9,12.2,108.0,-39.8,5.7,264.4,0x20,405.002,14.2,1875,-1,2.6,,
2026-08-05T11:50:03.000Z,M20-403-2-02820,1469965803,43.80903,4.55074,10555.9,4.1,12.8,107.6,-39.8,5.8,264.2,0x20,405.002,14.2,1875,-1,2.6,,
2026-08-05T11:50:04.000Z,M20-403-2-02820,1469965804,43.80900,4.55089,10560.3,4.3,12.6,109.3,-39.8,5.9,264.0,0x20,405.002,12.6,1875,-1,2.6,,
2026-08-05T11:50:05.000Z,M20-403-2-02820,1469965805,43.80896,4.55103,10565.1,5.3,11.9,105.1,-39.9,6.0,263.9,0x20,405.002,7.9,1875,-1,2.6,,
2026-08-05T11:50:06.000Z,M20-403-2-02820,1469965806,43.80893,4.55118,10569.9,4.4,12.0,108.1,-39.9,6.0,263.7,0x20,405.002,3.7,1875,-1,2.6,,
2026-08-05T11:50:07.000Z,M20-403-2-02820,1469965807,43.80890,4.55131,10574.2,4.3,10.4,108.1,-39.9,6.1,263.5,0x20,405.002,3.3,1875,-1,2.6,,
2026-08-05T11:50:08.000Z,M20-403-2-02820,1469965808,43.80888,4.55143,10578.8,4.9,9.7,102.3,-39.9,6.1,263.3,0x20,405.002,7.7,1875,-1,2.6,,
2026-08-05T11:50:09.000Z,M20-403-2-02820,1469965809,43.80886,4.55154,10583.0,3.5,9.2,99.5,-40.0,6.2,263.2,0x20,405.002,13.4,1875,-1,2.6,,
2026-08-05T11:50:10.000Z,M20-403-2-02820,1469965810,43.80884,4.55166,10587.3,5.0,10.6,102.9,-40.0,6.2,263.0,0x20,405.002,13.9,1875,-1,2.6,,
2026-08-05T11:50:11.000Z,M20-403-2-02820,1469965811,43.80882,4.55179,10591.8,4.0,11.9,107.4,-40.0,6.2,262.9,0x20,405.002,14.2,1875,-1,2.6,,
2026-08-05T11:50:12.000Z,M20-403-2-02820,1469965812,43.80879,4.55194,10595.6,4.0,13.0,107.7,-40.0,6.2,262.7,0x20,405.002,14.2,1875,-1,2.6,,
2026-08-05T11:50:13.000Z,M20-403-2-02820,1469965813,43.80875,4.55209,10600.1,4.8,12.3,105.6,-40.0,6.2,262.6,0x20,405.002,13.6,1875,-1,2.6,,
2026-08-05T11:50:14.000Z,M20-403-2-02820,1469965814,43.80873,4.55224,10604.5,3.8,12.3,103.5,-40.0,6.2,262.4,0x20,405.002,12.9,1875,-1,2.6,,
2026-08-05T11:50:15.000Z,M20-403-2-02820,1469965815,43.80870,4.55239,10608.1,3.5,12.5,106.7,-40.1,6.2,262.2,0x20,405.002,12.6,1875,-1,2.6,,
2026-08-05T11:50:16.000Z,M20-403-2-02820,1469965816,43.80867,4.55253,10613.0,6.5,12.0,107.7,-40.1,6.2,262.0,0x20,405.002,12.5,1875,-1,2.6,,
2026-08-05T11:50:17.000Z,M20-403-2-02820,1469965817,43.80864,4.55266,10617.7,3.1,10.6,105.0,-40.2,6.2,261.8,0x20,405.002,12.9,1875,-1,2.6,,
2026-08-05T11:50:18.000Z,M20-403-2-02820,1469965818,43.80862,4.55279,10621.6,5.0,10.1,104.8,-40.2,6.1,261.7,0x20,405.002,12.9,1875,-1,2.6,,
2026-08-05T11:50:19.000Z,M20-403-2-02820,1469965819,43.80859,4.55291,10626.1,4.0,10.8,109.8,-40.2,6.1,261.6,0x20,405.002,3.8,1875,-1,2.6,,
2026-08-05T11:50:20.000Z,M20-403-2-02820,1469965820,43.80855,4.55304,10630.6,5.1,10.7,110.0,-40.2,6.1,261.4,0x20,405.002,3.8,1875,-1,2.6,,
2026-08-05T11:50:21.000Z,M20-403-2-02820,1469965821,43.80853,4.55316,10634.9,3.1,10.3,107.2,-40.3,6.0,261.2,0x20,405.002,8.9,1875,-1,2.6,,
2026-08-05T11:50:22.000Z,M20-403-2-02820,1469965822,43.80850,4.55328,10638.5,4.5,10.7,107.5,-40.3,6.0,261.0,0x20,405.002,13.2,1875,-1,2.6,,
2026-08-05T11:50:23.000Z,M20-403-2-02820,1469965823,43.80847,4.55341,10641.9,2.1,11.9,105.8,-40.3,6.0,260.9,0x20,405.002,13.4,1875,-1,2.6,,
2026-08-05T11:50:24.000Z,M20-403-2-02820,1469965824,43.80844,4.55355,10645.7,5.3,11.9,104.0,-40.4,6.0,260.7,0x20,405.002,14.4,1875,-1,2.6,,
2026-08-05T11:50:25.000Z,M20-403-2-02820,1469965825,43.80842,4.55369,10650.0,2.9,11.1,100.9,-40.4,6.0,260.6,0x20,405.002,14.4,1875,-1,2.6,,
2026-08-05T11:50:26.000Z,M20-403-2-02820,1469965826,43.80840,4.55382,10654.3,5.3,11.0,102.3,-40.4,5.9,260.4,0x20,405.002,14.2,1875,-1,2.6,,
2026-08-05T11:50:27.000Z,M20-403-2-02820,1469965827,43.80838,4.55395,10658.6,2.6,11.1,104.0,-40.4,5.9,260.2,0x20,405.002,14.2,1875,-1,2.6,,
2026-08-05T11:50:28.000Z,M20-403-2-02820,1469965828,43.80836,4.55408,10662.5,4.8,10.7,101.6,-40.5,5.9,260.1,0x20,405.002,15.9,1875,-1,2.6,,
2026-08-05T11:50:29.000Z,M20-403-2-02820,1469965829,43.80834,4.55420,10666.9,3.9,10.1,97.6,-40.5,5.9,259.9,0x20,405.002,14.0,1875,-1,2.6,,
2026-08-05T11:50:30.000Z,M20-403-2-02820,1469965830,43.80833,4.55432,10671.5,5.7,9.7,102.0,-40.6,5.9,259.7,0x20,405.002,14.0,1875,-1,2.6,,
2026-08-05T11:50:31.000Z,M20-403-2-02820,1469965831,43.80831,4.55443,10675.9,2.5,9.4,104.4,-40.5,5.8,259.6,0x20,405.002,8.8,1875,-1,2.6,,
2026-08-05T11:50:32.000Z,M20-403-2-02820,1469965832,43.80828,4.55455,10680.4,6.2,9.0,105.4,-40.6,5.8,259.3,0x20,405.002,4.7,1875,-1,2.6,,
2026-08-05T11:50:33.000Z,M20-403-2-02820,1469965833,43.80827,4.55466,10684.3,1.8,10.0,98.1,-40.6,5.8,259.2,0x20,405.002,3.2,1875,-1,2.6,,
2026-08-05T11:50:34.000Z,M20-403-2-02820,1469965834,43.80825,4.55478,10688.2,5.2,10.3,103.3,-40.6,5.8,259.0,0x20,405.002,3.2,1875,-1,2.6,,
2026-08-05T11:50:35.000Z,M20-403-2-02820,1469965835,43.80823,4.55491,10693.0,4.2,11.0,103.8,-40.6,5.7,258.8,0x20,405.002,12.3,1875,-1,2.6,,
2026-08-05T11:50:36.000Z,M20-403-2-02820,1469965836,43.80820,4.55504,10697.2,4.0,10.9,99.4,-40.7,5.6,258.7,0x20,405.002,12.5,1875,-1,2.6,,
2026-08-05T11:50:37.000Z,M20-403-2-02820,1469965837,43.80819,4.55517,10701.6,4.1,10.8,95.5,-40.7,5.6,258.5,0x20,405.002,12.5,1875,-1,2.6,,
2026-08-05T11:50:38.000Z,M20-403-2-02820,1469965838,43.80818,4.55530,10706.7,5.4,10.5,94.6,-40.7,5.6,258.4,0x20,405.002,12.6,1875,-1,2.6,,
2026-08-05T11:50:39.000Z,M20-403-2-02820,1469965839,43.80817,4.55543,10711.9,5.0,10.5,102.6,-40.7,5.5,258.2,0x20,405.002,13.1,1875,-1,2.6,,
2026-08-05T11:50:40.000Z,M20-403-2-02820,1469965840,43.80815,4.55556,10716.4,4.0,11.2,102.6,-40.7,5.4,258.0,0x20,405.002,13.1,1875,-1,2.6,,
2026-08-05T11:50:41.000Z,M20-403-2-02820,1469965841,43.80813,4.55569,10720.8,4.8,11.0,99.4,-40.7,5.4,257.9,0x20,405.002,15.0,1875,-1,2.6,,
2026-08-05T11:50:42.000Z,M20-403-2-02820,1469965842,43.80811,4.55582,10725.1,4.0,11.3,98.9,-40.7,5.3,257.7,0x20,405.002,15.0,1875,-1,2.6,,
2026-08-05T11:50:43.000Z,M20-403-2-02820,1469965843,43.80809,4.55596,10729.3,4.2,11.4,103.4,-40.7,5.2,257.5,0x20,405.002,15.0,1875,-1,2.6,,
2026-08-05T11:50:44.000Z,M20-403-2-02820,1469965844,43.80806,4.55610,10733.9,5.2,11.1,107.5,-40.7,5.1,257.4,0x20,405.002,11.9,1875,-1,2.6,,
2026-08-05T11:50:45.000Z,M20-403-2-02820,1469965845,43.80803,4.55623,10738.6,4.2,11.7,101.9,-40.8,5.0,257.2,0x20,405.002,4.6,1875,-1,2.6,,
2026-08-05T11:50:46.000Z,M20-403-2-02820,1469965846,43.80801,4.55637,10743.1,4.9,11.5,100.2,-40.8,4.9,257.0,0x20,405.002,3.8,1875,-1,2.6,,
2026-08-05T11:50:47.000Z,M20-403-2-02820,1469965847,43.80799,4.55651,10747.9,4.7,10.9,105.3,-40.8,4.8,256.9,0x20,405.002,2.8,1875,-1,2.6,,
2026-08-05T11:50:48.000Z,M20-403-2-02820,1469965848,43.80797,4.55663,10752.0,3.8,10.5,104.1,-40.8,4.7,256.7,0x20,405.002,13.3,1875,-1,2.6,,
2026-08-05T11:50:49.000Z,M20-403-2-02820,1469965849,43.80795,4.55676,10756.0,4.3,10.3,97.5,-40.9,4.7,256.5,0x20,405.002,14.2,1875,-1,2.6,,
2026-08-05T11:50:50.000Z,M20-403-2-02820,1469965850,43.80794,4.55689,10759.8,3.3,10.8,96.5,-40.9,4.6,256.4,0x20,405.002,14.2,1875,-1,2.6,,
2026-08-05T11:50:51.000Z,M20-403-2-02820,1469965851,43.80792,4.55702,10763.5,4.9,10.6,102.0,-40.9,4.5,256.2,0x20,405.002,14.8,1875,-1,2.6,,
2026-08-05T11:50:52.000Z,M20-403-2-02820,1469965852,43.80789,4.55715,10767.9,4.2,11.1,106.3,-40.9,4.4,256.0,0x20,405.002,14.8,1875,-1,2.6,,
2026-08-05T11:50:53.000Z,M20-403-2-02820,1469965853,43.80786,4.55729,10772.3,4.5,12.0,105.8,-41.0,4.4,255.9,0x20,405.002,14.4,1875,-1,2.6,,
2026-08-05T11:50:54.000Z,M20-403-2-02820,1469965854,43.80783,4.55743,10776.6,4.4,12.1,105.9,-41.0,4.3,255.7,0x20,405.002,14.7,1875,-1,2.6,,
2026-08-05T11:50:55.000Z,M20-403-2-02820,1469965855,43.80780,4.55757,10781.9,5.4,10.9,108.8,-41.1,4.3,255.6,0x20,405.002,15.2,1875,-1,2.6,,
2026-08-05T11:50:56.000Z,M20-403-2-02820,1469965856,43.80777,4.55769,10786.3,3.8,10.2,107.1,-41.1,4.3,255.4,0x20,405.002,15.4,1875,-1,2.6,,
2026-08-05T11:50:57.000Z,M20-403-2-02820,1469965857,43.80775,4.55781,10790.2,4.0,10.2,99.8,-41.1,4.2,255.2,0x20,405.002,15.4,1875,-1,2.6,,
2026-08-05T11:50:58.000Z,M20-403-2-02820,1469965858,43.80773,4.55794,10793.4,2.7,10.5,97.0,-41.1,4.2,255.1,0x20,405.002,14.7,1875,-1,2.6,,
2026-08-05T11:50:59.000Z,M20-403-2-02820,1469965859,43.80772,4.55807,10797.4,4.6,10.8,101.8,-41.2,4.1,254.9,0x20,405.002,6.6,1875,-1,2.6,,
2026-08-05T11:51:00.000Z,M20-403-2-02820,1469965860,43.80768,4.55820,10802.2,3.7,10.7,109.2,-41.2,4.1,254.8,0x20,405.002,3.6,1875,-1,2.6,,
2026-08-05T11:51:01.000Z,M20-403-2-02820,1469965861,43.80765,4.55832,10807.0,5.0,11.4,108.5,-41.2,4.0,254.6,0x20,405.002,11.8,1875,-1,2.6,,
2026-08-05T11:51:02.000Z,M20-403-2-02820,1469965862,43.80762,4.55846,10811.2,3.4,11.9,104.8,-41.2,4.0,254.5,0x20,405.002,13.9,1875,-1,2.6,,
2026-08-05T11:51:03.000Z,M20-403-2-02820,1469965863,43.80759,4.55860,10815.6,5.1,11.6,104.4,-41.3,4.0,254.2,0x20,405.002,14.7,1875,-1,2.6,,
2026-08-05T11:51:04.000Z,M20-403-2-02820,1469965864,43.80756,4.55872,10820.5,4.3,11.2,111.5,-41.3,3.9,254.1,0x20,405.002,14.7,1875,-1,2.6,,
2026-08-05T11:51:05.000Z,M20-403-2-02820,1469965865,43.80752,4.55885,10824.8,4.5,10.8,107.4,-41.4,3.9,253.9,0x20,405.002,12.6,1875,-1,2.6,,
2026-08-05T11:51:06.000Z,M20-403-2-02820,1469965866,43.80750,4.55898,10828.6,3.5,10.7,103.3,-41.4,3.9,253.8,0x20,405.002,13.0,1875,-1,2.6,,
2026-08-05T11:51:07.000Z,M20-403-2-02820,1469965867,43.80747,4.55910,10833.3,5.2,10.8,109.0,-41.4,3.8,253.6,0x20,405.002,13.0,1875,-1,2.6,,
2026-08-05T11:51:08.000Z,M20-403-2-02820,1469965868,43.80744,4.55923,10838.5,5.3,10.6,110.9,-41.5,3.8,253.4,0x20,405.002,13.8,1875,-1,2.6,,
2026-08-05T11:51:09.000Z,M20-403-2-02820,1469965869,43.80741,4.55935,10843.6,5.3,11.1,105.0,-41.5,3.8,253.2,0x20,405.002,14.5,1875,-1,2.6,,
2026-08-05T11:51:10.000Z,M20-403-2-02820,1469965870,43.80738,4.55949,10847.5,2.8,12.2,99.8,-41.5,3.8,253.1,0x20,405.002,14.5,2250,-1,2.6,,
2026-08-05T11:51:11.000Z,M20-403-2-02820,1469965871,43.80735,4.55964,10850.8,4.4,12.4,109.5,-41.6,3.8,252.9,0x20,405.002,14.5,2250,-1,2.6,,
2026-08-05T11:51:12.000Z,M20-403-2-02820,1469965872,43.80731,4.55979,10854.6,3.1,13.0,112.1,-41.6,3.7,252.8,0x20,405.002,3.6,1875,-1,2.6,,
2026-08-05T11:51:13.000Z,M20-403-2-02820,1469965873,43.80727,4.55994,10858.0,3.2,13.1,109.0,-41.6,3.7,252.7,0x20,405.002,3.6,1875,-1,2.6,,
2026-08-05T11:51:14.000Z,M20-403-2-02820,1469965874,43.80723,4.56009,10861.6,4.7,13.2,105.7,-41.7,3.7,252.5,0x20,405.002,13.0,1875,-1,2.6,,
2026-08-05T11:51:15.000Z,M20-403-2-02820,1469965875,43.80720,4.56025,10865.8,3.6,12.5,101.5,-41.7,3.7,252.3,0x20,405.002,16.0,1875,-1,2.6,,
2026-08-05T11:51:16.000Z,M20-403-2-02820,1469965876,43.80718,4.56038,10870.7,5.1,11.3,105.4,-41.7,3.7,252.1,0x20,405.002,16.0,1875,-1,2.6,,
2026-08-05T11:51:17.000Z,M20-403-2-02820,1469965877,43.80714,4.56050,10875.2,4.4,10.4,113.5,-41.7,3.7,252.0,0x20,405.002,15.3,1875,-1,2.6,,
2026-08-05T11:51:18.000Z,M20-403-2-02820,1469965878,43.80710,4.56062,10879.3,4.7,10.9,110.7,-41.8,3.6,251.8,0x20,405.002,15.7,1875,-1,2.6,,
2026-08-05T11:51:19.000Z,M20-403-2-02820,1469965879,43.80707,4.56075,10883.8,4.3,11.0,110.1,-41.8,3.6,251.7,0x20,405.002,15.7,1875,-1,2.6,,
2026-08-05T11:51:20.000Z,M20-403-2-02820,1469965880,43.80703,4.56087,10887.8,4.0,11.1,112.6,-41.9,3.5,251.5,0x20,405.002,15.7,1875,-1,2.6,,
2026-08-05T11:51:21.000Z,M20-403-2-02820,1469965881,43.80700,4.56100,10892.2,5.1,11.1,112.4,-41.9,3.5,251.3,0x20,405.002,15.9,1875,-1,2.6,,
2026-08-05T11:51:22.000Z,M20-403-2-02820,1469965882,43.80696,4.56113,10896.4,2.8,11.6,109.6,-41.9,3.5,251.1,0x20,405.002,15.9,1875,-1,2.6,,
2026-08-05T11:51:23.000Z,M20-403-2-02820,1469965883,43.80693,4.56126,10899.6,4.0,11.6,108.4,-41.9,3.5,251.0,0x20,405.002,15.4,1875,-1,2.6,,
2026-08-05T11:51:24.000Z,M20-403-2-02820,1469965884,43.80689,4.56139,10904.5,5.2,10.1,114.1,-42.0,3.5,250.8,0x20,405.002,5.3,1875,-1,2.6,,
2026-08-05T11:51:25.000Z,M20-403-2-02820,1469965885,43.80685,4.56150,10908.9,3.4,10.5,112.7,-42.0,3.5,250.7,0x20,405.002,5.3,2250,-1,2.6,,
2026-08-05T11:51:26.000Z,M20-403-2-02820,1469965886,43.80682,4.56161,10913.4,5.2,10.9,110.7,-42.0,3.5,250.5,0x20,405.002,3.4,2250,-1,2.6,,
2026-08-05T11:51:27.000Z,M20-403-2-02820,1469965887,43.80679,4.56174,10917.6,3.4,11.5,109.7,-42.0,3.4,250.3,0x20,405.002,12.9,1875,-1,2.6,,
2026-08-05T11:51:28.000Z,M20-403-2-02820,1469965888,43.80675,4.56186,10922.2,5.1,10.9,115.4,-42.0,3.4,250.2,0x20,405.002,13.8,1875,-1,2.6,,
2026-08-05T11:51:29.000Z,M20-403-2-02820,1469965889,43.80670,4.56198,10926.6,3.9,10.7,117.1,-42.1,3.4,250.0,0x20,405.002,15.5,1875,-1,2.6,,
2026-08-05T11:51:30.000Z,M20-403-2-02820,1469965890,43.80665,4.56210,10930.6,3.6,11.5,116.1,-42.1,3.4,249.9,0x20,405.002,15.5,1875,-1,2.6,,
2026-08-05T11:51:31.000Z,M20-403-2-02820,1469965891,43.80661,4.56224,10935.1,5.1,12.2,111.0,-42.1,3.4,249.7,0x20,405.002,15.6,1875,-1,2.6,,
2026-08-05T11:51:32.000Z,M20-403-2-02820,1469965892,43.80657,4.56238,10939.0,2.8,13.0,110.4,-42.1,3.4,249.6,0x20,405.002,17.3,1875,-1,2.6,,
2026-08-05T11:51:33.000Z,M20-403-2-02820,1469965893,43.80653,4.56252,10942.9,4.7,11.3,110.8,-42.2,3.4,249.4,0x20,405.002,17.3,1875,-1,2.6,,
2026-08-05T11:51:34.000Z,M20-403-2-02820,1469965894,43.80649,4.56265,10948.1,5.3,10.7,112.1,-42.2,3.4,249.2,0x20,405.002,13.4,1875,-1,2.6,,
2026-08-05T11:51:35.000Z,M20-403-2-02820,1469965895,43.80645,4.56277,10953.4,5.0,11.0,111.0,-42.2,3.4,249.0,0x20,405.002,14.2,1875,-1,2.6,,
2026-08-05T11:51:36.000Z,M20-403-2-02820,1469965896,43.80642,4.56290,10957.2,2.8,11.2,110.7,-42.2,3.4,248.9,0x20,405.002,14.2,1875,-1,2.6,,
2026-08-05T11:51:37.000Z,M20-403-2-02820,1469965897,43.80638,4.56303,10961.3,4.5,10.9,109.5,-42.2,3.3,248.8,0x20,405.002,3.8,1875,-1,2.6,,
2026-08-05T11:51:38.000Z,M20-403-2-02820,1469965898,43.80635,4.56315,10965.5,3.4,10.2,110.2,-42.3,3.3,248.6,0x20,405.002,3.6,1875,-1,2.6,,
2026-08-05T11:51:39.000Z,M20-403-2-02820,1469965899,43.80632,4.56327,10969.8,5.6,10.7,111.1,-42.3,3.3,248.4,0x20,405.002,6.3,1875,-1,2.6,,
2026-08-05T11:51:40.000Z,M20-403-2-02820,1469965900,43.80628,4.56340,10974.0,3.6,11.8,112.2,-42.3,3.3,248.3,0x20,405.002,13.5,2250,-1,2.6,,
2026-08-05T11:51:41.000Z,M20-403-2-02820,1469965901,43.80624,4.56353,10978.6,6.0,11.4,112.0,-42.3,3.3,248.1,0x20,405.002,13.6,1875,-1,2.6,,
2026-08-05T11:51:42.000Z,M20-403-2-02820,1469965902,43.80620,4.56366,10984.0,4.5,11.5,111.8,-42.3,3.2,247.9,0x20,405.002,14.2,1875,-1,2.6,,
2026-08-05T11:51:43.000Z,M20-403-2-02820,1469965903,43.80616,4.56380,10988.3,3.8,11.7,113.1,-42.4,3.2,247.8,0x20,405.002,15.6,1875,-1,2.6,,
2026-08-05T11:51:44.000Z,M20-403-2-02820,1469965904,43.80612,4.56394,10992.3,4.3,13.0,108.3,-42.5,3.2,247.6,0x20,405.002,15.6,1875,-1,2.6,,
2026-08-05T11:51:45.000Z,M20-403-2-02820,1469965905,43.80609,4.56410,10996.1,4.2,13.0,103.8,-42.5,3.2,247.4,0x20,405.002,16.1,1875,-1,2.6,,
2026-08-05T11:51:46.000Z,M20-403-2-02820,1469965906,43.80606,4.56425,11000.8,4.9,12.4,103.4,-42.5,3.2,247.3,0x20,405.002,16.1,1875,-1,2.6,,
2026-08-05T11:51:47.000Z,M20-403-2-02820,1469965907,43.80603,4.56438,11005.8,4.3,10.9,109.7,-42.6,3.2,247.1,0x20,405.002,14.2,1875,-1,2.6,,
2026-08-05T11:51:48.000Z,M20-403-2-02820,1469965908,43.80600,4.56451,11010.2,5.1,10.4,114.5,-42.6,3.2,247.0,0x20,405.002,14.2,1875,-1,2.6,,
2026-08-05T11:51:49.000Z,M20-403-2-02820,1469965909,43.80596,4.56462,11015.3,5.2,9.8,113.1,-42.6,3.2,246.8,0x20,405.002,13.3,1875,-1,2.6,,
2026-08-05T11:51:50.000Z,M20-403-2-02820,1469965910,43.80593,4.56474,11019.6,3.8,10.1,109.5,-42.7,3.2,246.7,0x20,405.002,4.5,1875,-1,2.6,,
2026-08-05T11:51:51.000Z,M20-403-2-02820,1469965911,43.80589,4.56486,11023.2,4.9,11.0,114.7,-42.7,3.1,246.5,0x20,405.002,3.5,1875,-1,2.6,,
2026-08-05T11:51:52.000Z,M20-403-2-02820,1469965912,43.80585,4.56499,11027.6,4.6,12.1,116.4,-42.7,3.1,246.3,0x20,405.002,6.7,1875,-1,2.6,,
2026-08-05T11:51:53.000Z,M20-403-2-02820,1469965913,43.80580,4.56512,11032.8,5.5,12.1,110.3,-42.8,3.1,246.1,0x20,405.002,14.6,1875,-1,2.6,,
2026-08-05T11:51:54.000Z,M20-403-2-02820,1469965914,43.80577,4.56526,11037.6,4.8,12.2,106.2,-42.7,3.1,246.0,0x20,405.002,14.6,1875,-1,2.6,,
2026-08-05T11:51:55.000Z,M20-403-2-02820,1469965915,43.80573,4.56540,11041.9,4.3,11.8,109.3,-42.8,3.1,245.8,0x20,405.002,14.6,1875,-1,2.6,,
2026-08-05T11:51:56.000Z,M20-403-2-02820,1469965916,43.80570,4.56554,11047.2,6.9,11.9,110.3,-42.8,3.1,245.6,0x20,405.002,14.6,1875,-1,2.6,,
2026-08-05T11:51:57.000Z,M20-403-2-02820,1469965917,43.80567,4.56567,11051.6,2.8,11.4,108.8,-42.8,3.1,245.4,0x20,405.002,14.6,1875,-1,2.6,,
2026-08-05T11:51:58.000Z,M20-403-2-02820,1469965918,43.80563,4.56581,11055.3,4.5,11.8,109.5,-42.8,3.1,245.3,0x20,405.002,15.5,1875,-1,2.6,,
2026-08-05T11:51:59.000Z,M20-403-2-02820,1469965919,43.80559,4.56595,11059.9,4.6,12.3,114.5,-42.9,3.0,245.1,0x20,405.002,15.5,1875,-1,2.6,,
2026-08-05T11:52:00.000Z,M20-403-2-02820,1469965920,43.80555,4.56608,11063.6,3.2,12.5,115.2,-42.9,3.1,245.0,0x20,405.002,15.3,1875,-1,2.6,,
2026-08-05T11:52:01.000Z,M20-403-2-02820,1469965921,43.80550,4.56623,11067.4,5.5,12.3,109.7,-42.9,3.1,244.8,0x20,405.002,14.7,1875,-1,2.6,,
2026-08-05T11:52:02.000Z,M20-403-2-02820,1469965922,43.80547,4.56637,11071.5,2.8,11.8,102.2,-43.0,3.1,244.7,0x20,405.002,14.7,1875,-1,2.6,,
2026-08-05T11:52:03.000Z,M20-403-2-02820,1469965923,43.80545,4.56651,11075.8,5.4,11.5,105.7,-43.0,3.0,244.5,0x20,405.002,3.4,1875,-1,2.6,,
2026-08-05T11:52:04.000Z,M20-403-2-02820,1469965924,43.80541,4.56664,11080.4,3.9,11.5,112.8,-43.0,3.0,244.3,0x20,405.002,3.3,1875,-1,2.6,,
2026-08-05T11:52:05.000Z,M20-403-2-02820,1469965925,43.80537,4.56678,11084.6,4.7,12.3,110.2,-43.0,3.0,244.2,0x20,405.002,10.9,1875,-1,2.6,,
2026-08-05T11:52:06.000Z,M20-403-2-02820,1469965926,43.80533,4.56693,11089.4,4.9,13.0,108.0,-43.1,3.0,244.0,0x20,405.002,13.8,1875,-1,2.6,,
2026-08-05T11:52:07.000Z,M20-403-2-02820,1469965927,43.80530,4.56708,11093.3,3.1,12.5,107.8,-43.1,3.1,243.9,0x20,405.002,15.2,2250,-1,2.6,,
2026-08-05T11:52:08.000Z,M20-403-2-02820,1469965928,43.80526,4.56722,11097.3,5.0,12.0,112.5,-43.2,3.0,243.7,0x20,405.002,15.2,1875,-1,2.6,,
2026-08-05T11:52:09.000Z,M20-403-2-02820,1469965929,43.80521,4.56735,11102.0,4.0,11.3,119.9,-43.2,3.0,243.6,0x20,405.002,16.3,1875,-1,2.6,,
2026-08-05T11:52:10.000Z,M20-403-2-02820,1469965930,43.80517,4.56747,11106.4,5.4,11.1,116.2,-43.2,3.0,243.4,0x20,405.002,16.9,1875,-1,2.6,,
2026-08-05T11:52:11.000Z,M20-403-2-02820,1469965931,43.80512,4.56759,11111.3,3.8,10.7,113.2,-43.2,3.0,243.3,0x20,405.002,16.9,1875,-1,2.6,,
2026-08-05T11:52:12.000Z,M20-403-2-02820,1469965932,43.80509,4.56772,11115.9,5.2,11.2,110.1,-43.3,3.0,243.1,0x20,405.002,16.6,1875,-1,2.6,,
2026-08-05T11:52:13.000Z,M20-403-2-02820,1469965933,43.80506,4.56786,11119.7,3.5,11.8,108.9,-43.3,3.0,242.9,0x20,405.002,16.6,1875,-1,2.6,,
2026-08-05T11:52:14.000Z,M20-403-2-02820,1469965934,43.80502,4.56800,11123.7,5.3,12.7,107.4,-43.4,3.0,242.8,0x20,405.002,15.6,1875,-1,2.6,,
2026-08-05T11:52:15.000Z,M20-403-2-02820,1469965935,43.80499,4.56815,11127.8,3.3,13.1,106.7,-43.4,3.0,242.6,0x20,405.002,14.4,1875,-1,2.6,,
2026-08-05T11:52:16.000Z,M20-403-2-02820,1469965936,43.80495,4.56831,11132.7,6.8,12.8,109.4,-43.4,3.0,242.5,0x20,405.002,3.3,1875,-1,2.6,,
2026-08-05T11:52:17.000Z,M20-403-2-02820,1469965937,43.80491,4.56846,11137.8,4.2,12.1,110.4,-43.4,3.0,242.3,0x20,405.002,3.3,1875,-1,2.6,,
2026-08-05T11:52:18.000Z,M20-403-2-02820,1469965938,43.80488,4.56860,11142.0,5.0,11.8,109.2,-43.5,3.0,242.1,0x20,405.002,11.3,1875,-1,2.6,,
2026-08-05T11:52:19.000Z,M20-403-2-02820,1469965939,43.80484,4.56874,11146.5,4.4,12.3,107.9,-43.5,3.0,242.0,0x20,405.002,13.7,1875,-1,2.6,,
2026-08-05T11:52:20.000Z,M20-403-2-02820,1469965940,43.80481,4.56889,11151.1,5.2,11.6,110.9,-43.6,3.0,241.8,0x20,405.002,15.9,1875,-1,2.6,,
2026-08-05T11:52:21.000Z,M20-403-2-02820,1469965941,43.80477,4.56902,11155.9,4.8,12.0,114.6,-43.6,3.0,241.6,0x20,405.002,16.5,1875,-1,2.6,,
2026-08-05T11:52:22.000Z,M20-403-2-02820,1469965942,43.80473,4.56916,11160.0,3.9,11.4,109.3,-43.6,3.0,241.4,0x20,405.002,16.5,1875,-1,2.6,,
2026-08-05T11:52:23.000Z,M20-403-2-02820,1469965943,43.80470,4.56929,11163.3,3.1,11.8,108.0,-43.6,3.0,241.3,0x20,405.002,15.4,1875,-1,2.6,,
2026-08-05T11:52:24.000Z,M20-403-2-02820,1469965944,43.80466,4.56942,11166.9,5.1,11.9,114.8,-43.7,3.0,241.2,0x20,405.002,15.4,1875,-1,2.6,,
2026-08-05T11:52:25.000Z,M20-403-2-02820,1469965945,43.80461,4.56956,11171.6,5.3,12.2,116.2,-43.7,3.0,241.0,0x20,405.002,15.1,1875,-1,2.6,,
2026-08-05T11:52:26.000Z,M20-403-2-02820,1469965946,43.80457,4.56970,11175.6,5.2,12.2,111.4,-43.7,3.0,240.8,0x20,405.002,15.1,1875,-1,2.6,,
2026-08-05T11:52:27.000Z,M20-403-2-02820,1469965947,43.80453,4.56984,11180.1,4.8,12.0,109.6,-43.7,3.0,240.7,0x20,405.002,14.6,1875,-1,2.6,,
2026-08-05T11:52:28.000Z,M20-403-2-02820,1469965948,43.80450,4.56997,11185.3,5.8,11.8,112.1,-43.8,3.0,240.5,0x20,405.002,14.5,1875,-1,2.6,,
2026-08-05T11:52:29.000Z,M20-403-2-02820,1469965949,43.80446,4.57011,11190.1,5.3,11.3,111.6,-43.8,3.0,240.4,0x20,405.002,4.3,1875,-1,2.6,,
2026-08-05T11:52:30.000Z,M20-403-2-02820,1469965950,43.80442,4.57024,11195.1,5.2,11.2,106.0,-43.9,3.0,240.2,0x20,405.002,4.3,1875,-1,2.6,,
2026-08-05T11:52:31.000Z,M20-403-2-02820,1469965951,43.80440,4.57038,11199.3,4.0,11.5,103.3,-43.9,3.0,240.1,0x20,405.002,10.8,1875,-1,2.6,,
2026-08-05T11:52:32.000Z,M20-403-2-02820,1469965952,43.80437,4.57052,11203.1,4.8,12.0,107.1,-43.9,3.0,239.9,0x20,405.002,15.0,2250,-1,2.6,,
2026-08-05T11:52:33.000Z,M20-403-2-02820,1469965953,43.80433,4.57066,11206.5,3.6,13.0,113.8,-43.9,2.9,239.8,0x20,405.002,16.0,1875,-1,2.6,,
2026-08-05T11:52:34.000Z,M20-403-2-02820,1469965954,43.80429,4.57081,11209.7,4.6,13.0,112.9,-44.0,3.0,239.6,0x20,405.002,16.0,1875,-1,2.6,,
2026-08-05T11:52:35.000Z,M20-403-2-02820,1469965955,43.80424,4.57095,11213.7,3.4,12.5,110.6,-44.0,3.0,239.5,0x20,405.002,15.9,1875,-1,2.6,,
2026-08-05T11:52:36.000Z,M20-403-2-02820,1469965956,43.80421,4.57110,11217.4,4.7,12.9,107.4,-44.0,3.0,239.3,0x20,405.002,15.9,2250,-1,2.6,,
2026-08-05T11:52:37.000Z,M20-403-2-02820,1469965957,43.80417,4.57125,11220.8,3.2,12.9,110.7,-44.0,2.9,239.2,0x20,405.002,17.0,1875,-1,2.6,,
2026-08-05T11:52:38.000Z,M20-403-2-02820,1469965958,43.80413,4.57140,11224.7,4.6,12.6,109.7,-44.1,2.9,239.0,0x20,405.002,17.0,1875,-1,2.6,,
2026-08-05T11:52:39.000Z,M20-403-2-02820,1469965959,43.80409,4.57155,11229.3,3.7,12.1,104.6,-44.1,2.9,238.8,0x20,405.002,17.0,1875,-1,2.6,,
2026-08-05T11:52:40.000Z,M20-403-2-02820,1469965960,43.80407,4.57169,11233.3,4.1,12.0,102.8,-44.1,3.0,238.7,0x20,405.002,16.4,1875,-1,2.6,,
2026-08-05T11:52:41.000Z,M20-403-2-02820,1469965961,43.80404,4.57183,11238.1,4.6,12.5,105.9,-44.2,2.9,238.5,0x20,405.002,15.6,1875,-1,2.6,,
2026-08-05T11:52:42.000Z,M20-403-2-02820,1469965962,43.80401,4.57198,11242.5,4.0,12.4,110.5,-44.2,2.9,238.4,0x20,405.002,3.8,1875,-1,2.6,,
2026-08-05T11:52:43.000Z,M20-403-2-02820,1469965963,43.80397,4.57212,11246.5,3.6,12.6,112.9,-44.2,2.9,238.2,0x20,405.002,3.2,1875,-1,2.6,,
2026-08-05T11:52:44.000Z,M20-403-2-02820,1469965964,43.80393,4.57226,11250.7,4.5,12.3,105.7,-44.3,2.9,238.0,0x20,405.002,9.3,1875,-1,2.6,,
2026-08-05T11:52:45.000Z,M20-403-2-02820,1469965965,43.80390,4.57241,11255.1,3.6,12.2,102.8,-44.3,2.9,237.9,0x20,405.002,15.2,1875,-1,2.6,,
2026-08-05T11:52:46.000Z,M20-403-2-02820,1469965966,43.80388,4.57256,11259.4,4.7,12.0,104.6,-44.3,2.9,237.8,0x20,405.002,15.3,1875,-1,2.6,,
2026-08-05T11:52:47.000Z,M20-403-2-02820,1469965967,43.80385,4.57270,11263.9,3.8,11.9,109.2,-44.3,2.9,237.6,0x20,405.002,17.1,1875,-1,2.6,,
2026-08-05T11:52:48.000Z,M20-403-2-02820,1469965968,43.80382,4.57283,11268.5,4.2,11.5,108.5,-44.4,2.9,237.4,0x20,405.002,17.1,1875,-1,2.6,,
2026-08-05T11:52:49.000Z,M20-403-2-02820,1469965969,43.80378,4.57297,11273.5,5.0,11.7,106.5,-44.4,2.9,237.3,0x20,405.002,15.7,1875,-1,2.6,,
2026-08-05T11:52:50.000Z,M20-403-2-02820,1469965970,43.80375,4.57310,11278.5,4.7,11.9,112.0,-44.5,2.9,237.1,0x20,405.002,15.7,1875,-1,2.6,,
2026-08-05T11:52:51.000Z,M20-403-2-02820,1469965971,43.80371,4.57324,11284.1,6.2,12.1,112.2,-44.5,2.9,236.9,0x20,405.002,15.3,1875,-1,2.6,,
2026-08-05T11:52:52.000Z,M20-403-2-02820,1469965972,43.80367,4.57338,11288.8,3.6,11.8,104.1,-44.6,2.9,236.7,0x20,405.002,17.0,1875,-1,2.6,,
2026-08-05T11:52:53.000Z,M20-403-2-02820,1469965973,43.80365,4.57352,11292.4,3.7,11.7,105.5,-44.5,2.9,236.6,0x20,405.002,17.0,1875,-1,2.6,,
2026-08-05T11:52:54.000Z,M20-403-2-02820,1469965974,43.80362,4.57367,11296.6,4.9,12.8,105.4,-44.6,2.9,236.4,0x20,405.002,17.0,1875,-1,2.6,,
2026-08-05T11:52:55.000Z,M20-403-2-02820,1469965975,43.80359,4.57382,11300.8,2.9,13.0,107.6,-44.6,2.9,236.3,0x20,405.002,15.9,1875,-1,2.6,,
2026-08-05T11:52:56.000Z,M20-403-2-02820,1469965976,43.80355,4.57396,11304.9,5.1,11.7,108.0,-44.7,2.9,236.1,0x20,405.002,3.8,1875,-1,2.6,,
2026-08-05T11:52:57.000Z,M20-403-2-02820,1469965977,43.80352,4.57410,11309.0,2.8,10.9,103.8,-44.7,2.9,236.0,0x20,405.002,5.8,1875,-1,2.6,,
2026-08-05T11:52:58.000Z,M20-403-2-02820,1469965978,43.80350,4.57423,11313.5,6.0,11.4,104.1,-44.7,2.9,235.8,0x20,405.002,11.7,1875,-1,2.6,,
2026-08-05T11:52:59.000Z,M20-403-2-02820,1469965979,43.80347,4.57437,11318.6,4.5,12.1,105.8,-44.8,2.9,235.7,0x20,405.002,14.6,1875,-1,2.6,,
2026-08-05T11:53:00.000Z,M20-403-2-02820,1469965980,43.80344,4.57451,11324.1,6.0,11.5,106.8,-44.8,2.9,235.5,0x20,405.002,15.8,1875,-1,2.6,,
2026-08-05T11:53:01.000Z,M20-403-2-02820,1469965981,43.80342,4.57465,11329.0,3.6,11.3,106.1,-44.8,2.9,235.3,0x20,405.002,16.8,1875,-1,2.6,,
2026-08-05T11:53:02.000Z,M20-403-2-02820,1469965982,43.80338,4.57479,11333.6,5.0,12.6,107.0,-44.8,2.9,235.2,0x20,405.002,18.3,1875,-1,2.6,,
2026-08-05T11:53:03.000Z,M20-403-2-02820,1469965983,43.80335,4.57494,11337.9,4.5,13.5,109.4,-44.8,2.8,235.0,0x20,405.002,18.3,1875,-1,2.6,,
2026-08-05T11:53:04.000Z,M20-403-2-02820,1469965984,43.80331,4.57509,11342.7,5.4,12.8,111.2,-44.9,2.9,234.8,0x20,405.002,17.8,1875,-1,2.6,,
2026-08-05T11:53:05.000Z,M20-403-2-02820,1469965985,43.80327,4.57524,11347.5,3.9,11.8,110.3,-44.9,2.9,234.7,0x20,405.002,17.1,1875,-1,2.6,,
2026-08-05T11:53:06.000Z,M20-403-2-02820,1469965986,43.80323,4.57538,11351.8,4.9,13.2,111.4,-44.9,2.9,234.5,0x20,405.002,17.4,1875,-1,2.6,,
2026-08-05T11:53:07.000Z,M20-403-2-02820,1469965987,43.80319,4.57553,11356.7,4.8,13.3,107.5,-45.0,2.9,234.4,0x20,405.002,17.4,2250,-1,2.6,,
2026-08-05T11:53:08.000Z,M20-403-2-02820,1469965988,43.80315,4.57568,11360.7,4.0,12.1,107.0,-45.0,2.9,234.2,0x20,405.002,4.3,2250,-1,2.6,,
2026-08-05T11:53:09.000Z,M20-403-2-02820,1469965989,43.80312,4.57583,11364.5,4.8,11.6,103.0,-45.0,2.9,234.1,0x20,405.002,3.4,1875,-1,2.6,,
2026-08-05T11:53:10.000Z,M20-403-2-02820,1469965990,43.80310,4.57597,11368.7,4.3,12.5,102.0,-45.1,2.9,233.9,0x20,405.002,3.4,1875,-1,2.6,,
2026-08-05T11:53:11.000Z,M20-403-2-02820,1469965991,43.80307,4.57613,11372.8,4.3,13.0,104.0,-45.1,2.9,233.7,0x20,405.002,14.0,1875,-1,2.6,,
2026-08-05T11:53:12.000Z,M20-403-2-02820,1469965992,43.80305,4.57628,11376.9,4.2,12.5,103.5,-45.1,2.9,233.6,0x20,405.002,18.1,2250,-1,2.6,,
2026-08-05T11:53:13.000Z,M20-403-2-02820,1469965993,43.80302,4.57643,11381.6,5.0,11.1,100.7,-45.2,2.9,233.5,0x20,405.002,18.1,1875,-1,2.6,,
2026-08-05T11:53:14.000Z,M20-403-2-02820,1469965994,43.80301,4.57656,11385.5,3.7,10.4,100.3,-45.2,2.9,233.3,0x20,405.002,17.6,1875,-1,2.6,,
2026-08-05T11:53:15.000Z,M20-403-2-02820,1469965995,43.80299,4.57670,11389.8,5.7,11.4,101.9,-45.2,2.9,233.1,0x20,405.002,17.6,1875,-1,2.6,,
2026-08-05T11:53:16.000Z,M20-403-2-02820,1469965996,43.80296,4.57684,11394.3,3.1,12.8,108.4,-45.3,2.9,233.0,0x20,405.002,17.6,1875,-1,2.6,,
2026-08-05T11:53:17.000Z,M20-403-2-02820,1469965997,43.80292,4.57700,11397.6,3.9,13.4,109.2,-45.3,2.9,232.8,0x20,405.002,19.1,1875,-1,2.6,,
2026-08-05T11:53:18.000Z,M20-403-2-02820,1469965998,43.80288,4.57715,11401.4,3.5,13.1,106.7,-45.3,2.9,232.7,0x20,405.002,19.1,1875,-1,2.6,,
2026-08-05T11:53:19.000Z,M20-403-2-02820,1469965999,43.80284,4.57730,11405.9,5.2,12.4,110.4,-45.4,2.9,232.5,0x20,405.002,17.7,1875,-1,2.6,,
2026-08-05T11:53:20.000Z,M20-403-2-02820,1469966000,43.80280,4.57744,11410.3,3.4,12.7,112.0,-45.4,2.9,232.3,0x20,405.002,16.3,1875,-1,2.6,,
2026-08-05T11:53:21.000Z,M20-403-2-02820,1469966001,43.80276,4.57758,11415.1,5.7,12.1,109.1,-45.4,2.9,232.2,0x20,405.002,3.6,1875,-1,2.6,,
2026-08-05T11:53:22.000Z,M20-403-2-02820,1469966002,43.80273,4.57772,11419.8,3.3,11.3,105.4,-45.5,2.9,232.0,0x20,405.002,3.4,1875,-1,2.6,,
2026-08-05T11:53:23.000Z,M20-403-2-02820,1469966003,43.80270,4.57786,11424.1,4.6,12.3,107.4,-45.5,2.9,231.8,0x20,405.002,8.5,2250,-1,2.6,,
2026-08-05T11:53:24.000Z,M20-403-2-02820,1469966004,43.80266,4.57801,11427.9,2.9,13.1,107.6,-45.5,2.9,231.7,0x20,405.002,15.7,2250,-1,2.6,,
2026-08-05T11:53:25.000Z,M20-403-2-02820,1469966005,43.80263,4.57816,11431.5,4.2,12.8,108.6,-45.5,2.9,231.6,0x20,405.002,15.7,1875,-1,2.6,,
2026-08-05T11:53:26.000Z,M20-403-2-02820,1469966006,43.80260,4.57831,11435.8,4.3,12.9,104.8,-45.6,2.9,231.4,0x20,405.002,17.3,2250,-1,2.6,,
2026-08-05T11:53:27.000Z,M20-403-2-02820,1469966007,43.80257,4.57845,11440.2,3.8,12.3,106.4,-45.7,2.9,231.3,0x20,405.002,17.3,2250,-1,2.6,,
2026-08-05T11:53:28.000Z,M20-403-2-02820,1469966008,43.80253,4.57860,11445.0,5.2,13.1,109.6,-45.7,2.9,231.1,0x20,405.002,16.9,1875,-1,2.6,,
2026-08-05T11:53:29.000Z,M20-403-2-02820,1469966009,43.80249,4.57875,11450.4,5.8,13.4,111.4,-45.7,2.9,230.9,0x20,405.002,17.5,1875,-1,2.6,,
2026-08-05T11:53:30.000Z,M20-403-2-02820,1469966010,43.80245,4.57890,11455.5,4.3,12.8,110.3,-45.8,2.9,230.7,0x20,405.002,19.1,1875,-1,2.6,,
2026-08-05T11:53:31.000Z,M20-403-2-02820,1469966011,43.80241,4.57905,11459.4,4.3,11.9,111.3,-45.8,2.9,230.6,0x20,405.002,19.1,1875,-1,2.6,,
2026-08-05T11:53:32.000Z,M20-403-2-02820,1469966012,43.80237,4.57918,11464.0,5.6,12.1,113.9,-45.8,2.9,230.4,0x20,405.002,18.9,1875,-1,2.6,,
2026-08-05T11:53:33.000Z,M20-403-2-02820,1469966013,43.80232,4.57933,11468.5,3.9,12.5,114.1,-45.8,2.9,230.3,0x20,405.002,18.9,1875,-1,2.6,,
2026-08-05T11:53:34.000Z,M20-403-2-02820,1469966014,43.80228,4.57946,11473.4,5.0,11.5,111.0,-45.9,2.9,230.1,0x20,405.002,4.2,1875,-1,2.6,,
2026-08-05T11:53:35.000Z,M20-403-2-02820,1469966015,43.80224,4.57960,11478.3,3.2,11.3,108.1,-45.9,2.9,229.9,0x20,405.002,3.6,1875,-1,2.6,,
2026-08-05T11:53:36.000Z,M20-403-2-02820,1469966016,43.80220,4.57973,11483.3,5.5,12.0,110.2,-46.0,2.9,229.8,0x20,405.002,3.6,1875,-1,2.6,,
2026-08-05T11:53:37.000Z,M20-403-2-02820,1469966017,43.80216,4.57988,11488.9,4.5,13.5,111.0,-46.0,2.9,229.7,0x20,405.002,15.9,1875,-1,2.6,,
2026-08-05T11:53:38.000Z,M20-403-2-02820,1469966018,43.80212,4.58004,11493.1,4.1,13.9,108.8,-46.1,3.0,229.5,0x20,405.002,17.7,2250,-1,2.6,,
2026-08-05T11:53:39.000Z,M20-403-2-02820,1469966019,43.80208,4.58020,11498.2,6.0,13.4,106.3,-46.1,3.0,229.3,0x20,405.002,17.7,2250,-1,2.6,,
2026-08-05T11:53:40.000Z,M20-403-2-02820,1469966020,43.80205,4.58036,11502.1,1.9,12.8,102.0,-46.1,3.0,229.2,0x20,405.002,18.8,2250,-1,2.6,,
2026-08-05T11:53:41.000Z,M20-403-2-02820,1469966021,43.80202,4.58051,11505.8,5.5,13.0,107.1,-46.2,3.0,229.0,0x20,405.002,18.8,1875,-1,2.6,,
2026-08-05T11:53:42.000Z,M20-403-2-02820,1469966022,43.80197,4.58067,11510.8,4.5,13.9,114.0,-46.2,3.0,228.9,0x20,405.002,17.4,1875,-1,2.6,,
2026-08-05T11:53:43.000Z,M20-403-2-02820,1469966023,43.80192,4.58082,11515.0,3.7,13.0,114.4,-46.2,3.0,228.7,0x20,405.002,18.7,1875,-1,2.6,,
2026-08-05T11:53:44.000Z,M20-403-2-02820,1469966024,43.80187,4.58096,11518.8,4.0,11.7,115.1,-46.2,3.0,228.6,0x20,405.002,18.7,1875,-1,2.6,,
2026-08-05T11:53:45.000Z,M20-403-2-02820,1469966025,43.80183,4.58109,11523.1,3.8,12.1,113.1,-46.3,3.1,228.4,0x20,405.002,18.7,1875,-1,2.6,,
2026-08-05T11:53:46.000Z,M20-403-2-02820,1469966026,43.80179,4.58124,11527.5,4.8,13.2,110.1,-46.3,3.1,228.3,0x20,405.002,18.7,1875,-1,2.6,,
2026-08-05T11:53:47.000Z,M20-403-2-02820,1469966027,43.80175,4.58140,11531.8,3.7,14.1,107.8,-46.3,3.1,228.1,0x20,405.002,3.9,1875,-1,2.6,,
2026-08-05T11:53:48.000Z,M20-403-2-02820,1469966028,43.80171,4.58156,11536.3,4.9,13.3,108.0,-46.4,3.0,227.9,0x20,405.002,3.5,1875,-1,2.6,,
2026-08-05T11:53:49.000Z,M20-403-2-02820,1469966029,43.80167,4.58171,11540.7,3.0,12.8,111.6,-46.4,3.1,227.8,0x20,405.002,3.7,1875,-1,2.6,,
2026-08-05T11:53:50.000Z,M20-403-2-02820,1469966030,43.80162,4.58186,11544.9,5.0,13.5,114.8,-46.4,3.1,227.7,0x20,405.002,14.9,1875,-1,2.6,,
2026-08-05T11:53:51.000Z,M20-403-2-02820,1469966031,43.80157,4.58202,11549.2,3.7,13.9,114.6,-46.4,3.1,227.5,0x20,405.002,16.9,1875,-1,2.6,,
2026-08-05T11:53:52.000Z,M20-403-2-02820,1469966032,43.80152,4.58216,11553.6,4.4,12.7,115.4,-46.5,3.1,227.4,0x20,405.002,19.0,1875,-1,2.6,,
2026-08-05T11:53:53.000Z,M20-403-2-02820,1469966033,43.80148,4.58230,11557.5,3.2,11.8,113.5,-46.5,3.1,227.2,0x20,405.002,19.0,1875,-1,2.6,,
2026-08-05T11:53:54.000Z,M20-403-2-02820,1469966034,43.80144,4.58243,11561.2,3.9,11.9,110.1,-46.5,3.1,227.1,0x20,405.002,19.0,2250,-1,2.6,,
2026-08-05T11:53:55.000Z,M20-403-2-02820,1469966035,43.80140,4.58258,11565.6,4.4,13.3,105.9,-46.6,3.1,226.9,0x20,405.002,19.0,2250,-1,2.6,,
2026-08-05T11:53:56.000Z,M20-403-2-02820,1469966036,43.80137,4.58274,11570.2,3.8,14.0,105.8,-46.6,3.1,226.8,0x20,405.002,19.3,1875,-1,2.6,,
2026-08-05T11:53:57.000Z,M20-403-2-02820,1469966037,43.80133,4.58290,11575.1,6.0,12.8,110.0,-46.6,3.1,226.6,0x20,405.002,19.3,1875,-1,2.6,,
2026-08-05T11:53:58.000Z,M20-403-2-02820,1469966038,43.80129,4.58304,11579.5,2.8,12.6,112.3,-46.7,3.1,226.5,0x20,405.002,18.6,1875,-1,2.6,,
2026-08-05T11:53:59.000Z,M20-403-2-02820,1469966039,43.80125,4.58319,11583.1,4.9,13.1,114.8,-46.7,3.1,226.3,0x20,405.002,18.6,1875,-1,2.6,,
2026-08-05T11:54:00.000Z,M20-403-2-02820,1469966040,43.80119,4.58333,11587.7,3.7,13.7,116.5,-46.7,3.1,226.2,0x20,405.002,5.5,1875,-1,2.6,,
2026-08-05T11:54:01.000Z,M20-403-2-02820,1469966041,43.80114,4.58348,11592.5,5.6,13.0,113.5,-46.8,3.2,226.0,0x20,405.002,3.3,1875,-1,2.6,,
2026-08-05T11:54:02.000Z,M20-403-2-02820,1469966042,43.80110,4.58362,11597.2,3.4,12.3,113.8,-46.8,3.2,225.8,0x20,405.002,3.3,1875,-1,2.6,,
2026-08-05T11:54:03.000Z,M20-403-2-02820,1469966043,43.80106,4.58376,11602.1,6.5,12.1,111.4,-46.9,3.2,225.7,0x20,405.002,12.0,2250,-1,2.6,,
2026-08-05T11:54:04.000Z,M20-403-2-02820,1469966044,43.80102,4.58391,11607.9,4.5,13.1,107.0,-46.9,3.2,225.5,0x20,405.002,16.6,2250,-1,2.6,,
2026-08-05T11:54:05.000Z,M20-403-2-02820,1469966045,43.80099,4.58405,11612.7,4.2,11.7,105.3,-46.9,3.2,225.3,0x20,405.002,17.8,2250,-1,2.6,,
2026-08-05T11:54:06.000Z,M20-403-2-02820,1469966046,43.80096,4.58419,11616.9,4.6,11.4,105.6,-46.9,3.3,225.2,0x20,405.002,18.2,1875,-1,2.6,,
2026-08-05T11:54:07.000Z,M20-403-2-02820,1469966047,43.80093,4.58433,11621.8,5.2,12.5,102.4,-46.9,3.3,225.1,0x20,405.002,18.2,1875,-1,2.6,,
2026-08-05T11:54:08.000Z,M20-403-2-02820,1469966048,43.80091,4.58449,11626.5,4.2,13.1,100.7,-47.0,3.3,224.9,0x20,405.002,18.4,2250,-1,2.6,,
2026-08-05T11:54:09.000Z,M20-403-2-02820,1469966049,43.80089,4.58464,11631.0,5.3,12.4,102.4,-47.0,3.3,224.7,0x20,405.002,18.4,2250,-1,2.6,,
2026-08-05T11:54:10.000Z,M20-403-2-02820,1469966050,43.80086,4.58478,11635.7,3.8,11.9,107.2,-47.0,3.3,224.6,0x20,405.002,18.0,1875,-1,2.6,,
2026-08-05T11:54:11.000Z,M20-403-2-02820,1469966051,43.80082,4.58493,11639.8,4.3,12.5,108.7,-47.1,3.3,224.4,0x20,405.002,18.0,1875,-1,2.6,,
2026-08-05T11:54:12.000Z,M20-403-2-02820,1469966052,43.80078,4.58508,11643.7,4.0,13.0,110.7,-47.1,3.4,224.3,0x20,405.002,17.5,2250,-1,2.6,,
2026-08-05T11:54:13.000Z,M20-403-2-02820,1469966053,43.80074,4.58522,11648.4,5.0,12.6,117.6,-47.1,3.4,224.2,0x20,405.002,15.4,1875,-1,2.6,,
2026-08-05T11:54:14.000Z,M20-403-2-02820,1469966054,43.80069,4.58536,11652.8,4.0,11.8,114.6,-47.2,3.5,224.0,0x20,405.002,3.7,1875,-1,2.6,,
2026-08-05T11:54:15.000Z,M20-403-2-02820,1469966055,43.80064,4.58549,11657.6,5.1,12.1,111.2,-47.2,3.5,223.8,0x20,405.002,3.4,1875,-1,2.6,,
2026-08-05T11:54:16.000Z,M20-403-2-02820,1469966056,43.80061,4.58564,11662.4,4.5,12.3,103.0,-47.2,3.5,223.7,0x20,405.002,13.1,1875,-1,2.6,,
2026-08-05T11:54:17.000Z,M20-403-2-02820,1469966057,43.80058,4.58577,11666.7,4.6,10.9,104.1,-47.3,3.6,223.5,0x20,405.002,16.1,1875,-1,2.6,,
2026-08-05T11:54:18.000Z,M20-403-2-02820,1469966058,43.80056,4.58590,11670.9,3.8,10.7,104.6,-47.3,3.6,223.4,0x20,405.002,16.1,2250,-1,2.6,,
2026-08-05T11:54:19.000Z,M20-403-2-02820,1469966059,43.80053,4.58603,11675.2,4.8,11.4,102.3,-47.3,3.6,223.2,0x20,405.002,17.6,2250,-1,2.6,,
2026-08-05T11:54:20.000Z,M20-403-2-02820,1469966060,43.80051,4.58618,11680.1,5.2,12.2,100.1,-47.4,3.6,223.1,0x20,405.002,18.5,2250,-1,2.6,,
2026-08-05T11:54:21.000Z,M20-403-2-02820,1469966061,43.80049,4.58633,11684.9,3.6,12.0,104.9,-47.4,3.7,222.9,0x20,405.002,18.5,2250,-1,2.6,,
2026-08-05T11:54:22.000Z,M20-403-2-02820,1469966062,43.80046,4.58646,11688.9,4.3,11.3,107.7,-47.4,3.7,222.8,0x20,405.002,17.1,2250,-1,2.6,,
2026-08-05T11:54:23.000Z,M20-403-2-02820,1469966063,43.80042,4.58660,11693.6,5.0,12.0,107.2,-47.5,3.7,222.6,0x20,405.002,16.9,2250,-1,2.6,,
2026-08-05T11:54:24.000Z,M20-403-2-02820,1469966064,43.80039,4.58674,11698.5,5.5,11.8,108.0,-47.5,3.8,222.4,0x20,405.002,19.6,1875,-1,2.6,,
2026-08-05T11:54:25.000Z,M20-403-2-02820,1469966065,43.80036,4.58688,11703.5,5.3,11.0,110.5,-47.6,3.9,222.2,0x20,405.002,19.6,1875,-1,2.6,,
2026-08-05T11:54:26.000Z,M20-403-2-02820,1469966066,43.80033,4.58700,11708.5,4.8,10.7,112.1,-47.6,4.1,222.1,0x20,405.002,19.6,2250,-1,2.6,,
2026-08-05T11:54:27.000Z,M20-403-2-02820,1469966067,43.80029,4.58713,11713.2,5.1,11.5,108.7,-47.6,4.2,221.9,0x20,405.002,3.3,2250,-1,2.6,,
2026-08-05T11:54:28.000Z,M20-403-2-02820,1469966068,43.80026,4.58727,11717.5,3.5,12.4,105.5,-47.6,4.3,221.8,0x20,405.002,4.0,1875,-1,2.6,,
2026-08-05T11:54:29.000Z,M20-403-2-02820,1469966069,43.80023,4.58742,11721.5,4.7,11.7,108.1,-47.6,4.5,221.7,0x20,405.002,7.2,1875,-1,2.6,,
2026-08-05T11:54:30.000Z,M20-403-2-02820,1469966070,43.80019,4.58755,11725.4,3.5,11.0,108.1,-47.7,4.6,221.5,0x20,405.002,14.9,2250,-1,2.6,,
2026-08-05T11:54:31.000Z,M20-403-2-02820,1469966071,43.80016,4.58768,11729.3,4.7,10.8,107.4,-47.7,4.7,221.4,0x20,405.002,16.8,2250,-1,2.6,,
2026-08-05T11:54:32.000Z,M20-403-2-02820,1469966072,43.80014,4.58781,11733.4,3.9,11.8,101.4,-47.7,4.9,221.2,0x20,405.002,17.9,2250,-1,2.6,,
2026-08-05T11:54:33.000Z,M20-403-2-02820,1469966073,43.80012,4.58795,11737.1,4.1,11.2,98.8,-47.8,5.0,221.1,0x20,405.002,17.9,2250,-1,2.6,,
2026-08-05T11:54:34.000Z,M20-403-2-02820,1469966074,43.80010,4.58809,11741.5,5.0,10.4,105.1,-47.8,5.1,221.0,0x20,405.002,17.3,2250,-1,2.6,,
2026-08-05T11:54:35.000Z,M20-403-2-02820,1469966075,43.80007,4.58821,11745.7,3.7,10.6,112.4,-47.8,5.2,220.8,0x20,405.002,18.6,2250,-1,2.6,,
2026-08-05T11:54:36.000Z,M20-403-2-02820,1469966076,43.80004,4.58834,11749.5,4.5,11.2,106.6,-47.8,5.4,220.7,0x20,405.002,18.6,2250,-1,2.6,,
2026-08-05T11:54:37.000Z,M20-403-2-02820,1469966077,43.80001,4.58847,11753.4,3.7,11.9,103.4,-47.9,5.5,220.5,0x20,405.002,18.9,1875,-1,2.6,,
2026-08-05T11:54:38.000Z,M20-403-2-02820,1469966078,43.79998,4.58862,11757.0,4.1,12.0,103.4,-47.9,5.6,220.4,0x20,405.002,18.9,1875,-1,2.6,,
2026-08-05T11:54:39.000Z,M20-403-2-02820,1469966079,43.79996,4.58876,11761.4,5.1,11.7,107.2,-47.9,5.7,220.2,0x20,405.002,18.4,2250,-1,2.6,,
2026-08-05T11:54:40.000Z,M20-403-2-02820,1469966080,43.79992,4.58889,11765.4,3.5,11.5,110.7,-48.0,5.8,220.1,0x20,405.002,3.5,2250,-1,2.6,,
2026-08-05T11:54:41.000Z,M20-403-2-02820,1469966081,43.79988,4.58903,11769.2,4.8,12.7,112.3,-48.0,5.8,220.0,0x20,405.002,4.1,2250,-1,2.6,,
2026-08-05T11:54:42.000Z,M20-403-2-02820,1469966082,43.79984,4.58918,11774.2,3.9,13.4,107.3,-48.0,5.9,219.8,0x20,405.002,9.0,2250,-1,2.6,,
2026-08-05T11:54:43.000Z,M20-403-2-02820,1469966083,43.79981,4.58934,11779.1,5.5,13.0,105.4,-48.1,6.0,219.6,0x20,405.002,17.1,2250,-1,2.6,,
2026-08-05T11:54:44.000Z,M20-403-2-02820,1469966084,43.79978,4.58949,11783.9,3.6,12.1,107.7,-48.1,6.1,219.5,0x20,405.002,17.1,2250,-1,2.6,,
2026-08-05T11:54:45.000Z,M20-403-2-02820,1469966085,43.79975,4.58963,11788.8,6.0,11.8,105.9,-48.1,6.2,219.3,0x20,405.002,18.0,2250,-1,2.6,,
2026-08-05T11:54:46.000Z,M20-403-2-02820,1469966086,43.79972,4.58978,11793.5,3.0,12.2,102.9,-48.2,6.3,219.2,0x20,405.002,18.0,2250,-1,2.6,,
2026-08-05T11:54:47.000Z,M20-403-2-02820,1469966087,43.79970,4.58992,11797.8,5.4,11.5,104.5,-48.2,6.3,219.0,0x20,405.002,16.5,2250,-1,2.6,,
2026-08-05T11:54:48.000Z,M20-403-2-02820,1469966088,43.79967,4.59005,11802.5,3.7,10.7,105.7,-48.2,6.4,218.9,0x20,405.002,17.1,2250,-1,2.6,,
2026-08-05T11:54:49.000Z,M20-403-2-02820,1469966089,43.79964,4.59018,11807.4,5.1,11.2,104.6,-48.3,6.4,218.7,0x20,405.002,18.0,2250,-1,2.6,,
2026-08-05T11:54:50.000Z,M20-403-2-02820,1469966090,43.79962,4.59032,11813.1,5.5,11.9,101.2,-48.3,6.5,218.5,0x20,405.002,20.1,2250,-1,2.6,,
2026-08-05T11:54:51.000Z,M20-403-2-02820,1469966091,43.79959,4.59046,11817.8,3.4,11.8,106.0,-48.3,6.5,218.3,0x20,405.002,20.1,1875,-1,2.6,,
2026-08-05T11:54:52.000Z,M20-403-2-02820,1469966092,43.79956,4.59060,11821.9,5.1,11.7,106.2,-48.3,6.6,218.2,0x20,405.002,16.6,2250,-1,2.6,,
2026-08-05T11:54:53.000Z,M20-403-2-02820,1469966093,43.79953,4.59074,11826.6,4.3,12.1,106.9,-48.4,6.6,218.1,0x20,405.002,3.1,2250,-1,2.6,,
2026-08-05T11:54:54.000Z,M20-403-2-02820,1469966094,43.79950,4.59089,11830.8,4.2,12.3,103.9,-48.4,6.6,217.9,0x20,405.002,3.3,2250,-1,2.6,,
2026-08-05T11:54:55.000Z,M20-403-2-02820,1469966095,43.79947,4.59103,11835.1,4.3,12.0,110.9,-48.4,6.7,217.8,0x20,405.002,12.8,2250,-1,2.6,,
2026-08-05T11:54:56.000Z,M20-403-2-02820,1469966096,43.79943,4.59117,11839.5,4.1,11.3,110.1,-48.4,6.7,217.6,0x20,405.002,16.8,2250,-1,2.6,,
2026-08-05T11:54:57.000Z,M20-403-2-02820,1469966097,43.79941,4.59129,11844.4,5.5,10.9,102.2,-48.5,6.8,217.5,0x20,405.002,16.8,2250,-1,2.6,,
2026-08-05T11:54:58.000Z,M20-403-2-02820,1469966098,43.79939,4.59143,11849.2,3.9,11.6,98.6,-48.5,6.8,217.3,0x20,405.002,17.8,2250,-1,2.6,,
2026-08-05T11:54:59.000Z,M20-403-2-02820,1469966099,43.79937,4.59158,11853.3,4.8,12.2,102.6,-48.5,6.8,217.2,0x20,405.002,18.9,2250,-1,2.6,,
2026-08-05T11:55:00.000Z,M20-403-2-02820,1469966100,43.79934,4.59173,11857.2,3.3,12.8,106.5,-48.6,6.8,217.0,0x20,405.002,18.9,2250,-1,2.6,,
2026-08-05T11:55:01.000Z,M20-403-2-02820,1469966101,43.79931,4.59188,11861.2,5.0,13.1,105.8,-48.6,6.9,216.9,0x20,405.002,17.5,2250,-1,2.6,,
2026-08-05T11:55:02.000Z,M20-403-2-02820,1469966102,43.79928,4.59204,11865.1,3.0,12.9,101.6,-48.6,6.9,216.8,0x20,405.002,18.1,2250,-1,2.6,,
2026-08-05T11:55:03.000Z,M20-403-2-02820,1469966103,43.79925,4.59219,11869.0,5.0,12.3,103.8,-48.6,6.9,216.6,0x20,405.002,18.1,2250,-1,2.6,,
2026-08-05T11:55:04.000Z,M20-403-2-02820,1469966104,43.79922,4.59234,11873.5,3.9,12.2,108.8,-48.6,7.0,216.4,0x20,405.002,17.7,2250,-1,2.6,,
2026-08-05T11:55:05.000Z,M20-403-2-02820,1469966105,43.79919,4.59248,11878.6,5.8,12.0,107.7,-48.7,7.0,216.3,0x20,405.002,17.0,2250,-1,2.6,,
2026-08-05T11:55:06.000Z,M20-403-2-02820,1469966106,43.79915,4.59262,11882.9,3.1,12.5,101.5,-48.7,7.1,216.1,0x20,405.002,17.0,2625,-1,2.6,,
2026-08-05T11:55:07.000Z,M20-403-2-02820,1469966107,43.79913,4.59278,11887.4,5.6,13.3,103.9,-48.7,7.1,216.0,0x20,405.002,3.6,2250,-1,2.6,,
2026-08-05T11:55:08.000Z,M20-403-2-02820,1469966108,43.79909,4.59293,11892.1,3.8,13.3,108.1,-48.7,7.1,215.8,0x20,405.002,14.5,2250,-1,2.6,,
2026-08-05T11:55:09.000Z,M20-403-2-02820,1469966109,43.79905,4.59310,11896.3,4.8,14.2,106.4,-48.8,7.1,215.7,0x20,405.002,17.3,2250,-1,2.6,,
2026-08-05T11:55:10.000Z,M20-403-2-02820,1469966110,43.79902,4.59327,11900.3,3.2,14.4,104.5,-48.8,7.2,215.5,0x20,405.002,17.6,2250,-1,2.6,,
2026-08-05T11:55:11.000Z,M20-403-2-02820,1469966111,43.79899,4.59343,11904.8,5.3,13.2,106.0,-48.9,7.2,215.4,0x20,405.002,17.6,2250,-1,2.6,,
2026-08-05T11:55:12.000Z,M20-403-2-02820,1469966112,43.79895,4.59358,11909.6,4.3,12.3,106.5,-48.9,7.2,215.2,0x20,405.002,17.5,2250,-1,2.6,,
2026-08-05T11:55:13.000Z,M20-403-2-02820,1469966113,43.79892,4.59373,11915.1,6.1,13.0,106.8,-48.9,7.2,215.1,0x20,405.002,18.6,2250,-1,2.6,,
2026-08-05T11:55:14.000Z,M20-403-2-02820,1469966114,43.79888,4.59389,11919.8,3.5,13.6,108.5,-48.9,7.3,214.9,0x20,405.002,18.6,2250,-1,2.6,,
2026-08-05T11:55:15.000Z,M20-403-2-02820,1469966115,43.79884,4.59405,11924.9,5.0,13.9,109.1,-49.0,7.3,214.7,0x20,405.002,16.7,2250,-1,2.6,,
2026-08-05T11:55:16.000Z,M20-403-2-02820,1469966116,43.79880,4.59420,11929.8,4.5,12.8,108.9,-49.0,7.3,214.6,0x20,405.002,17.3,2250,-1,2.6,,
2026-08-05T11:55:17.000Z,M20-403-2-02820,1469966117,43.79877,4.59436,11934.3,3.8,13.5,108.5,-49.0,7.4,214.5,0x20,405.002,17.3,2250,-1,2.6,,
2026-08-05T11:55:18.000Z,M20-403-2-02820,1469966118,43.79872,4.59452,11939.3,5.9,14.7,111.0,-49.1,7.4,214.3,0x20,405.002,7.1,2250,-1,2.6,,
2026-08-05T11:55:19.000Z,M20-403-2-02820,1469966119,43.79868,4.59469,11944.2,4.0,14.9,110.9,-49.1,7.4,214.2,0x20,405.002,4.6,2250,-1,2.6,,
2026-08-05T11:55:20.000Z,M20-403-2-02820,1469966120,43.79863,4.59486,11948.5,5.0,14.0,107.3,-49.1,7.5,214.0,0x20,405.002,3.7,2250,-1,2.6,,
2026-08-05T11:55:21.000Z,M20-403-2-02820,1469966121,43.79860,4.59502,11952.7,3.6,12.9,104.6,-49.1,7.5,213.9,0x20,405.002,14.6,2250,-1,2.6,,
2026-08-05T11:55:22.000Z,M20-403-2-02820,1469966122,43.79857,4.59518,11956.4,4.3,14.0,101.4,-49.2,7.5,213.7,0x20,405.002,16.5,2250,-1,2.6,,
2026-08-05T11:55:23.000Z,M20-403-2-02820,1469966123,43.79854,4.59535,11960.9,4.3,14.3,103.3,-49.3,7.5,213.5,0x20,405.002,18.7,2625,-1,2.6,,
2026-08-05T11:55:24.000Z,M20-403-2-02820,1469966124,43.79851,4.59553,11965.6,5.3,14.3,103.1,-49.3,7.5,213.4,0x20,405.002,18.7,2250,-1,2.6,,
2026-08-05T11:55:25.000Z,M20-403-2-02820,1469966125,43.79849,4.59569,11970.1,3.4,12.8,103.3,-49.3,7.6,213.2,0x20,405.002,18.2,2250,-1,2.6,,
2026-08-05T11:55:26.000Z,M20-403-2-02820,1469966126,43.79846,4.59585,11974.6,5.8,13.1,107.0,-49.3,7.6,213.1,0x20,405.002,18.3,2250,-1,2.6,,
2026-08-05T11:55:27.000Z,M20-403-2-02820,1469966127,43.79842,4.59601,11979.2,2.9,14.3,108.2,-49.4,7.6,212.9,0x20,405.002,18.4,2250,-1,2.6,,
2026-08-05T11:55:28.000Z,M20-403-2-02820,1469966128,43.79838,4.59618,11983.3,5.1,14.0,110.6,-49.4,7.6,212.8,0x20,405.002,18.4,2250,-1,2.6,,
2026-08-05T11:55:29.000Z,M20-403-2-02820,1469966129,43.79834,4.59634,11987.9,3.8,13.6,106.9,-49.4,7.7,212.7,0x20,405.002,17.4,2250,-1,2.6,,
2026-08-05T11:55:30.000Z,M20-403-2-02820,1469966130,43.79830,4.59650,11992.1,4.6,13.3,108.3,-49.4,7.7,212.5,0x20,405.002,17.9,2250,-1,2.6,,
2026-08-05T11:55:31.000Z,M20-403-2-02820,1469966131,43.79826,4.59666,11996.4,3.9,14.5,108.4,-49.5,7.7,212.4,0x20,405.002,17.9,2625,-1,2.6,,
2026-08-05T11:55:32.000Z,M20-403-2-02820,1469966132,43.79822,4.59683,12001.1,5.5,14.4,106.1,-49.5,7.7,212.2,0x20,405.002,4.2,2625,-1,2.6,,
2026-08-05T11:55:33.000Z,M20-403-2-02820,1469966133,43.79819,4.59700,12005.5,4.0,13.6,101.7,-49.6,7.7,212.1,0x20,405.002,3.7,2250,-1,2.6,,
2026-08-05T11:55:34.000Z,M20-403-2-02820,1469966134,43.79817,4.59717,12009.9,4.8,14.2,99.3,-49.6,7.7,211.9,0x20,405.002,12.3,2250,-1,2.6,,
2026-08-05T11:55:35.000Z,M20-403-2-02820,1469966135,43.79814,4.59734,12014.0,3.6,15.0,101.4,-49.7,7.7,211.8,0x20,405.002,18.0,2250,-1,2.6,,
2026-08-05T11:55:36.000Z,M20-403-2-02820,1469966136,43.79812,4.59752,12018.3,5.2,14.8,103.6,-49.7,7.8,211.6,0x20,405.002,18.0,2250,-1,2.6,,
2026-08-05T11:55:37.000Z,M20-403-2-02820,1469966137,43.79808,4.59769,12022.6,3.1,13.7,104.9,-49.7,7.8,211.5,0x20,405.002,18.0,2625,-1,2.6,,
2026-08-05T11:55:38.000Z,M20-403-2-02820,1469966138,43.79805,4.59785,12027.3,6.1,13.3,106.8,-49.8,7.8,211.3,0x20,405.002,17.3,2250,-1,2.6,,
2026-08-05T11:55:39.000Z,M20-403-2-02820,1469966139,43.79801,4.59801,12031.9,3.0,13.7,110.0,-49.8,7.8,211.2,0x20,405.002,17.3,2250,-1,2.6,,
2026-08-05T11:55:40.000Z,M20-403-2-02820,1469966140,43.79797,4.59816,12035.8,4.8,13.3,109.4,-49.8,7.8,211.0,0x20,405.002,16.8,2625,-1,2.6,,
2026-08-05T11:55:41.000Z,M20-403-2-02820,1469966141,43.79793,4.59831,12040.0,3.6,11.9,107.8,-49.9,7.8,210.9,0x20,405.002,17.9,2625,-1,2.6,,
2026-08-05T11:55:42.000Z,M20-403-2-02820,1469966142,43.79790,4.59845,12044.6,5.3,12.6,107.1,-49.9,7.8,210.7,0x20,405.002,17.9,2625,-1,2.6,,
2026-08-05T11:55:43.000Z,M20-403-2-02820,1469966143,43.79787,4.59861,12048.8,2.8,13.7,103.7,-49.9,7.8,210.6,0x20,405.002,17.8,2625,-1,2.6,,
2026-08-05T11:55:44.000Z,M20-403-2-02820,1469966144,43.79784,4.59878,12052.5,4.4,14.2,104.7,-50.0,7.9,210.4,0x20,405.002,17.6,2625,-1,2.6,,
2026-08-05T11:55:45.000Z,M20-403-2-02820,1469966145,43.79781,4.59894,12056.5,3.7,12.9,101.1,-50.0,7.9,210.3,0x20,405.002,4.1,2625,-1,2.6,,
2026-08-05T11:55:46.000Z,M20-403-2-02820,1469966146,43.79778,4.59910,12061.3,6.5,13.7,103.7,-50.1,7.9,210.1,0x20,405.002,3.7,2625,-1,2.6,,
2026-08-05T11:55:47.000Z,M20-403-2-02820,1469966147,43.79775,4.59927,12066.4,3.4,14.3,104.2,-50.1,7.9,210.0,0x20,405.002,14.8,2625,-1,2.6,,
2026-08-05T11:55:48.000Z,M20-403-2-02820,1469966148,43.79772,4.59943,12071.1,5.8,13.3,104.7,-50.1,7.9,209.8,0x20,405.002,18.2,2625,-1,2.6,,
2026-08-05T11:55:49.000Z,M20-403-2-02820,1469966149,43.79769,4.59959,12076.3,4.5,12.2,107.3,-50.1,7.9,209.7,0x20,405.002,18.2,2625,-1,2.6,,
2026-08-05T11:55:50.000Z,M20-403-2-02820,1469966150,43.79766,4.59973,12081.0,4.8,12.8,106.7,-50.2,7.9,209.5,0x20,405.002,18.2,2250,-1,2.6,,
2026-08-05T11:55:51.000Z,M20-403-2-02820,1469966151,43.79762,4.59989,12085.4,3.4,13.6,108.0,-50.2,7.9,209.4,0x20,405.002,17.1,2625,-1,2.6,,
2026-08-05T11:55:52.000Z,M20-403-2-02820,1469966152,43.79758,4.60005,12089.7,4.9,13.8,106.3,-50.3,8.0,209.3,0x20,405.002,17.1,2625,-1,2.6,,
2026-08-05T11:55:53.000Z,M20-403-2-02820,1469966153,43.79755,4.60021,12094.6,5.1,13.1,102.9,-50.3,8.0,209.1,0x20,405.002,19.1,2625,-1,2.6,,
2026-08-05T11:55:54.000Z,M20-403-2-02820,1469966154,43.79753,4.60037,12099.4,4.6,13.1,100.6,-50.3,8.0,208.9,0x20,405.002,19.1,2625,-1,2.6,,
2026-08-05T11:55:55.000Z,M20-403-2-02820,1469966155,43.79750,4.60053,12104.6,6.0,13.7,103.7,-50.4,8.0,208.8,0x20,405.002,16.8,2625,-1,2.6,,
2026-08-05T11:55:56.000Z,M20-403-2-02820,1469966156,43.79747,4.60070,12109.7,4.1,14.2,106.3,-50.4,8.0,208.6,0x20,405.002,16.8,2625,-1,2.6,,
2026-08-05T11:55:57.000Z,M20-403-2-02820,1469966157,43.79744,4.60087,12114.4,5.2,13.6,105.7,-50.5,8.0,208.4,0x20,405.002,11.1,2625,-1,2.6,,
2026-08-05T11:55:58.000Z,M20-403-2-02820,1469966158,43.79740,4.60102,12120.2,6.7,12.7,104.9,-50.5,8.0,208.3,0x20,405.002,4.4,2625,-1,2.6,,
2026-08-05T11:55:59.000Z,M20-403-2-02820,1469966159,43.79737,4.60117,12125.7,4.7,12.9,112.1,-50.6,8.0,208.1,0x20,405.002,4.4,2625,-1,2.6,,
2026-08-05T11:56:00.000Z,M20-403-2-02820,1469966160,43.79732,4.60132,12130.7,5.3,12.5,112.1,-50.6,8.1,208.0,0x20,405.002,13.1,2625,-1,2.6,,
2026-08-05T11:56:01.000Z,M20-403-2-02820,1469966161,43.79729,4.60147,12135.7,4.8,12.3,107.1,-50.6,8.1,207.8,0x20,405.002,16.7,2625,-1,2.6,,
2026-08-05T11:56:02.000Z,M20-403-2-02820,1469966162,43.79726,4.60161,12140.9,5.7,12.6,103.4,-50.6,8.1,207.7,0x20,405.002,16.7,2625,-1,2.6,,
2026-08-05T11:56:03.000Z,M20-403-2-02820,1469966163,43.79723,4.60177,12145.8,4.3,12.4,102.1,-50.7,8.1,207.5,0x20,405.002,16.6,2625,-1,2.6,,
2026-08-05T11:56:04.000Z,M20-403-2-02820,1469966164,43.79720,4.60191,12150.7,5.8,12.4,107.7,-50.7,8.0,207.3,0x20,405.002,17.2,2625,-1,2.6,,
2026-08-05T11:56:05.000Z,M20-403-2-02820,1469966165,43.79716,4.60206,12155.5,3.9,12.6,115.7,-50.7,8.0,207.2,0x20,405.002,17.2,2625,-1,2.6,,
2026-08-05T11:56:06.000Z,M20-403-2-02820,1469966166,43.79711,4.60220,12159.5,4.3,13.8,117.8,-50.7,8.0,207.1,0x20,405.002,16.6,2625,-1,2.6,,
2026-08-05T11:56:07.000Z,M20-403-2-02820,1469966167,43.79705,4.60235,12164.2,5.3,14.1,115.5,-50.8,8.0,206.9,0x20,405.002,16.6,2625,-1,2.6,,
2026-08-05T11:56:08.000Z,M20-403-2-02820,1469966168,43.79700,4.60251,12168.6,4.1,13.8,109.8,-50.8,8.0,206.8,0x20,405.002,17.5,2625,-1,2.6,,
2026-08-05T11:56:09.000Z,M20-403-2-02820,1469966169,43.79696,4.60266,12173.3,5.3,12.6,111.5,-50.8,8.0,206.6,0x20,405.002,17.5,2625,-1,2.6,,
2026-08-05T11:56:10.000Z,M20-403-2-02820,1469966170,43.79692,4.60280,12177.4,3.4,11.7,110.9,-50.9,7.9,206.5,0x20,405.002,17.5,2625,-1,2.6,,
2026-08-05T11:56:11.000Z,M20-403-2-02820,1469966171,43.79688,4.60294,12181.5,4.7,12.5,111.2,-50.9,7.9,206.4,0x20,405.002,3.4,2625,-1,2.6,,
2026-08-05T11:56:12.000Z,M20-403-2-02820,1469966172,43.79685,4.60309,12185.5,3.4,13.1,104.7,-50.9,7.8,206.2,0x20,405.002,4.2,2625,-1,2.6,,
2026-08-05T11:56:13.000Z,M20-403-2-02820,1469966173,43.79682,4.60325,12190.0,5.3,12.9,104.5,-50.9,7.7,206.1,0x20,405.002,10.1,2625,-1,2.6,,
2026-08-05T11:56:14.000Z,M20-403-2-02820,1469966174,43.79679,4.60340,12193.5,2.8,12.6,109.9,-50.9,7.7,206.0,0x20,405.002,15.3,2625,-1,2.6,,
2026-08-05T11:56:15.000Z,M20-403-2-02820,1469966175,43.79675,4.60355,12198.0,6.4,13.3,111.6,-50.9,7.5,205.8,0x20,405.002,15.9,2625,-1,2.6,,
2026-08-05T11:56:16.000Z,M20-403-2-02820,1469966176,43.79671,4.60371,12202.0,2.9,14.1,109.9,-50.9,7.5,205.7,0x20,405.002,16.5,2625,-1,2.6,,
2026-08-05T11:56:17.000Z,M20-403-2-02820,1469966177,43.79666,4.60387,12205.9,5.2,13.7,113.0,-51.0,7.4,205.5,0x20,405.002,18.1,2625,-1,2.6,,
2026-08-05T11:56:18.000Z,M20-403-2-02820,1469966178,43.79662,4.60402,12209.8,3.6,12.8,115.1,-51.0,7.4,205.4,0x20,405.002,19.1,2625,-1,2.6,,
2026-08-05T11:56:19.000Z,M20-403-2-02820,1469966179,43.79657,4.60417,12213.9,5.2,13.6,112.6,-51.0,7.3,205.2,0x20,405.002,19.1,2625,-1,2.6,,
2026-08-05T11:56:20.000Z,M20-403-2-02820,1469966180,43.79652,4.60433,12218.5,4.0,13.9,108.1,-51.0,7.3,205.1,0x20,405.002,17.4,2625,-1,2.6,,
2026-08-05T11:56:21.000Z,M20-403-2-02820,1469966181,43.79649,4.60449,12223.0,5.2,12.7,105.9,-51.0,7.2,204.9,0x20,405.002,18.4,2625,-1,2.6,,
2026-08-05T11:56:22.000Z,M20-403-2-02820,1469966182,43.79646,4.60464,12227.4,2.9,12.4,105.7,-51.0,7.2,204.8,0x20,405.002,18.4,2625,-1,2.6,,
2026-08-05T11:56:23.000Z,M20-403-2-02820,1469966183,43.79642,4.60479,12231.7,5.6,12.5,103.8,-51.1,7.1,204.7,0x20,405.002,18.4,2625,-1,2.6,,
2026-08-05T11:56:24.000Z,M20-403-2-02820,1469966184,43.79639,4.60495,12236.7,4.0,13.4,106.3,-51.0,7.0,204.5,0x20,405.002,17.2,2625,-1,2.6,,
2026-08-05T11:56:25.000Z,M20-403-2-02820,1469966185,43.79636,4.60511,12241.1,4.5,13.0,106.4,-51.1,7.0,204.4,0x20,405.002,3.5,2625,-1,2.6,,
2026-08-05T11:56:26.000Z,M20-403-2-02820,1469966186,43.79633,4.60525,12245.6,3.8,11.9,105.4,-51.1,6.9,204.2,0x20,405.002,7.7,2625,-1,2.6,,
2026-08-05T11:56:27.000Z,M20-403-2-02820,1469966187,43.79630,4.60539,12249.2,3.4,12.3,105.5,-51.1,6.8,204.1,0x20,405.002,16.2,2625,-1,2.6,,
2026-08-05T11:56:28.000Z,M20-403-2-02820,1469966188,43.79626,4.60555,12253.5,4.6,13.3,108.1,-51.1,6.7,204.0,0x20,405.002,16.8,2625,-1,2.6,,
2026-08-05T11:56:29.000Z,M20-403-2-02820,1469966189,43.79622,4.60571,12258.0,3.7,14.3,111.4,-51.1,6.6,203.8,0x20,405.002,16.8,2625,-1,2.6,,
2026-08-05T11:56:30.000Z,M20-403-2-02820,1469966190,43.79618,4.60586,12262.5,5.3,12.8,110.1,-51.1,6.6,203.7,0x20,405.002,16.1,2625,-1,2.6,,
2026-08-05T11:56:31.000Z,M20-403-2-02820,1469966191,43.79613,4.60600,12266.9,3.6,12.2,113.3,-51.2,6.5,203.6,0x20,405.002,16.6,2625,-1,2.6,,
2026-08-05T11:56:32.000Z,M20-403-2-02820,1469966192,43.79609,4.60614,12271.9,5.4,12.0,111.8,-51.2,6.3,203.4,0x20,405.002,16.6,2625,-1,2.6,,
2026-08-05T11:56:33.000Z,M20-403-2-02820,1469966193,43.79605,4.60627,12277.1,5.3,12.6,114.0,-51.2,6.2,203.3,0x20,405.002,16.5,2625,-1,2.6,,
2026-08-05T11:56:34.000Z,M20-403-2-02820,1469966194,43.79601,4.60641,12282.2,4.8,11.8,114.4,-51.3,6.2,203.1,0x20,405.002,14.6,2625,-1,2.6,,
2026-08-05T11:56:35.000Z,M20-403-2-02820,1469966195,43.79597,4.60654,12286.1,3.3,11.4,111.5,-51.3,6.1,203.0,0x20,405.002,14.6,2625,-1,2.6,,
2026-08-05T11:56:36.000Z,M20-403-2-02820,1469966196,43.79593,4.60668,12290.5,5.2,12.3,105.8,-51.3,6.0,202.9,0x20,405.002,14.0,2625,-1,2.6,,
2026-08-05T11:56:37.000Z,M20-403-2-02820,1469966197,43.79590,4.60683,12295.6,5.0,13.1,102.6,-51.4,5.9,202.7,0x20,405.002,4.0,2625,-1,2.6,,
2026-08-05T11:56:38.000Z,M20-403-2-02820,1469966198,43.79588,4.60699,12300.1,4.0,13.3,103.8,-51.4,5.8,202.6,0x20,405.002,4.0,2625,-1,2.6,,
2026-08-05T11:56:39.000Z,M20-403-2-02820,1469966199,43.79585,4.60714,12304.6,5.3,12.1,106.5,-51.5,5.7,202.4,0x20,405.002,7.1,2625,-1,2.6,,
2026-08-05T11:56:40.000Z,M20-403-2-02820,1469966200,43.79582,4.60728,12308.7,3.4,10.9,109.4,-51.4,5.7,202.3,0x20,405.002,15.2,2625,-1,2.6,,
2026-08-05T11:56:41.000Z,M20-403-2-02820,1469966201,43.79578,4.60741,12313.0,5.3,11.5,110.6,-51.5,5.6,202.2,0x20,405.002,17.1,2625,-1,2.6,,
2026-08-05T11:56:42.000Z,M20-403-2-02820,1469966202,43.79575,4.60755,12317.9,4.4,12.0,109.6,-51.5,5.5,202.0,0x20,405.002,17.1,2625,-1,2.6,,
2026-08-05T11:56:43.000Z,M20-403-2-02820,1469966203,43.79571,4.60768,12322.6,4.6,11.7,114.7,-51.6,5.4,201.8,0x20,405.002,16.3,2625,-1,2.6,,
2026-08-05T11:56:44.000Z,M20-403-2-02820,1469966204,43.79566,4.60782,12327.1,4.5,12.3,115.1,-51.6,5.3,201.7,0x20,405.002,17.3,2625,-1,2.6,,
2026-08-05T11:56:45.000Z,M20-403-2-02820,1469966205,43.79561,4.60797,12331.0,3.7,13.4,112.9,-51.6,5.3,201.6,0x20,405.002,17.3,2625,-1,2.6,,
2026-08-05T11:56:46.000Z,M20-403-2-02820,1469966206,43.79557,4.60812,12335.4,5.0,13.6,113.3,-51.6,5.2,201.4,0x20,405.002,18.4,2625,-1,2.6,,
2026-08-05T11:56:47.000Z,M20-403-2-02820,1469966207,43.79552,4.60827,12340.4,4.9,13.1,110.9,-51.6,5.2,201.3,0x20,405.002,18.4,2625,-1,2.6,,
2026-08-05T11:56:48.000Z,M20-403-2-02820,1469966208,43.79548,4.60842,12345.1,4.5,12.4,110.7,-51.6,5.2,201.1,0x20,405.002,17.5,2625,-1,2.6,,
2026-08-05T11:56:49.000Z,M20-403-2-02820,1469966209,43.79544,4.60857,12349.9,5.3,13.5,110.2,-51.6,5.1,201.0,0x20,405.002,10.5,2625,-1,2.6,,
2026-08-05T11:56:50.000Z,M20-403-2-02820,1469966210,43.79540,4.60872,12354.5,4.1,13.5,109.1,-51.6,5.0,200.9,0x20,405.002,3.8,2625,-1,2.6,,
2026-08-05T11:56:51.000Z,M20-403-2-02820,1469966211,43.79536,4.60888,12358.3,4.6,12.4,110.6,-51.6,5.0,200.7,0x20,405.002,3.3,2625,-1,2.6,,
2026-08-05T11:56:52.000Z,M20-403-2-02820,1469966212,43.79532,4.60901,12362.9,4.9,11.6,115.2,-51.7,4.9,200.6,0x20,405.002,11.7,2625,-1,2.6,,
2026-08-05T11:56:53.000Z,M20-403-2-02820,1469966213,43.79527,4.60914,12366.5,3.3,11.7,115.5,-51.6,4.9,200.5,0x20,405.002,15.8,2625,-1,2.6,,
2026-08-05T11:56:54.000Z,M20-403-2-02820,1469966214,43.79522,4.60928,12370.7,5.5,12.9,116.4,-51.7,4.9,200.3,0x20,405.002,17.9,2625,-1,2.6,,
2026-08-05T11:56:55.000Z,M20-403-2-02820,1469966215,43.79517,4.60943,12375.1,3.6,14.1,114.7,-51.7,4.8,200.2,0x20,405.002,17.9,2625,-1,2.6,,
2026-08-05T11:56:56.000Z,M20-403-2-02820,1469966216,43.79512,4.60959,12379.0,4.9,14.2,113.6,-51.7,4.7,200.1,0x20,405.002,17.8,2625,-1,2.6,,
2026-08-05T11:56:57.000Z,M20-403-2-02820,1469966217,43.79507,4.60975,12383.3,4.0,13.3,113.8,-51.8,4.7,199.9,0x20,405.002,17.8,2625,-1,2.6,,
2026-08-05T11:56:58.000Z,M20-403-2-02820,1469966218,43.79502,4.60990,12387.7,5.2,12.8,111.4,-51.8,4.6,199.8,0x20,405.002,17.0,2625,-1,2.6,,
2026-08-05T11:56:59.000Z,M20-403-2-02820,1469966219,43.79498,4.61005,12392.0,3.7,13.5,111.3,-51.8,4.6,199.6,0x20,405.002,18.6,2625,-1,2.6,,
2026-08-05T11:57:00.000Z,M20-403-2-02820,1469966220,43.79494,4.61020,12397.1,6.6,12.8,112.4,-51.9,4.6,199.4,0x20,405.002,18.6,2625,-1,2.6,,
2026-08-05T11:57:01.000Z,M20-403-2-02820,1469966221,43.79489,4.61035,12401.4,2.0,12.3,114.6,-51.8,4.6,199.3,0x20,405.002,18.4,2625,-1,2.6,,
2026-08-05T11:57:02.000Z,M20-403-2-02820,1469966222,43.79484,4.61049,12404.7,4.3,12.9,113.2,-51.8,4.5,199.2,0x20,405.002,18.4,2625,-1,2.6,,
2026-08-05T11:57:03.000Z,M20-403-2-02820,1469966223,43.79479,4.61065,12409.0,4.4,14.5,112.0,-51.9,4.5,199.1,0x20,405.002,3.5,2625,-1,2.6,,
2026-08-05T11:57:04.000Z,M20-403-2-02820,1469966224,43.79474,4.61081,12413.7,4.3,14.6,113.9,-51.9,4.4,198.9,0x20,405.002,3.7,2625,-1,2.6,,
2026-08-05T11:57:05.000Z,M20-403-2-02820,1469966225,43.79469,4.61097,12418.3,4.8,13.3,115.2,-51.9,4.4,198.8,0x20,405.002,6.5,2625,-1,2.6,,
2026-08-05T11:57:06.000Z,M20-403-2-02820,1469966226,43.79465,4.61111,12422.5,3.3,11.9,115.0,-51.9,4.4,198.7,0x20,405.002,11.7,2625,-1,2.6,,
2026-08-05T11:57:07.000Z,M20-403-2-02820,1469966227,43.79460,4.61124,12426.7,4.5,12.5,111.6,-52.0,4.4,198.5,0x20,405.002,16.0,2625,-1,2.6,,
2026-08-05T11:57:08.000Z,M20-403-2-02820,1469966228,43.79456,4.61139,12430.9,3.5,13.1,110.2,-52.0,4.3,198.4,0x20,405.002,16.0,2625,-1,2.6,,
2026-08-05T11:57:09.000Z,M20-403-2-02820,1469966229,43.79452,4.61154,12435.4,5.5,12.8,109.5,-52.0,4.3,198.2,0x20,405.002,15.3,2625,-1,2.6,,
2026-08-05T11:57:10.000Z,M20-403-2-02820,1469966230,43.79448,4.61169,12440.5,4.2,12.4,108.7,-52.1,4.3,198.1,0x20,405.002,15.7,2625,-1,2.6,,
2026-08-05T11:57:11.000Z,M20-403-2-02820,1469966231,43.79444,4.61184,12445.6,6.4,13.1,112.1,-52.1,4.2,198.0,0x20,405.002,17.4,2625,-1,2.6,,
2026-08-05T11:57:12.000Z,M20-403-2-02820,1469966232,43.79439,4.61199,12449.9,2.5,13.8,115.1,-52.2,4.2,197.8,0x20,405.002,17.4,2625,-1,2.6,,
2026-08-05T11:57:13.000Z,M20-403-2-02820,1469966233,43.79434,4.61214,12453.8,5.1,14.4,116.2,-52.2,4.1,197.7,0x20,405.002,17.1,2625,-1,2.6,,
2026-08-05T11:57:14.000Z,M20-403-2-02820,1469966234,43.79428,4.61230,12458.6,3.8,13.2,117.7,-52.3,4.1,197.5,0x20,405.002,17.7,2625,-1,2.6,,
2026-08-05T11:57:15.000Z,M20-403-2-02820,1469966235,43.79422,4.61244,12462.7,4.3,13.5,119.2,-52.2,4.1,197.4,0x20,405.002,17.7,2625,-1,2.6,,
2026-08-05T11:57:16.000Z,M20-403-2-02820,1469966236,43.79416,4.61259,12467.1,4.5,13.8,120.4,-52.3,4.1,197.3,0x20,405.002,5.1,2625,-1,2.6,,
2026-08-05T11:57:17.000Z,M20-403-2-02820,1469966237,43.79410,4.61274,12471.3,4.8,13.8,120.2,-52.3,4.1,197.1,0x20,405.002,3.6,2625,-1,2.6,,
2026-08-05T11:57:18.000Z,M20-403-2-02820,1469966238,43.79404,4.61288,12475.6,4.3,12.8,117.8,-52.3,4.1,197.0,0x20,405.002,8.0,2625,-1,2.6,,
2026-08-05T11:57:19.000Z,M20-403-2-02820,1469966239,43.79399,4.61303,12479.2,3.1,12.4,112.0,-52.3,4.1,196.9,0x20,405.002,16.8,2625,-1,2.6,,
2026-08-05T11:57:20.000Z,M20-403-2-02820,1469966240,43.79395,4.61317,12483.3,4.8,13.5,112.0,-52.3,4.0,196.7,0x20,405.002,18.5,2625,-1,2.6,,
2026-08-05T11:57:21.000Z,M20-403-2-02820,1469966241,43.79390,4.61333,12487.6,4.0,14.8,115.8,-52.3,4.0,196.6,0x20,405.002,18.5,2625,-1,2.6,,
2026-08-05T11:57:22.000Z,M20-403-2-02820,1469966242,43.79384,4.61350,12491.9,4.7,15.1,113.6,-52.4,4.0,196.4,0x20,405.002,18.1,2625,-1,2.6,,
2026-08-05T11:57:23.000Z,M20-403-2-02820,1469966243,43.79378,4.61367,12495.6,2.5,14.1,116.1,-52.3,4.0,196.3,0x20,405.002,18.1,2625,-1,2.6,,
2026-08-05T11:57:24.000Z,M20-403-2-02820,1469966244,43.79373,4.61382,12499.6,5.5,14.5,117.2,-52.3,4.0,196.2,0x20,405.002,16.1,2625,-1,2.6,,
2026-08-05T11:57:25.000Z,M20-403-2-02820,1469966245,43.79366,4.61398,12504.9,5.4,14.8,120.1,-52.3,3.9,196.1,0x20,405.002,16.1,2625,-1,2.6,,
2026-08-05T11:57:26.000Z,M20-403-2-02820,1469966246,43.79360,4.61414,12510.0,4.7,13.7,120.3,-52.4,3.9,195.9,0x20,405.002,16.6,2625,-1,2.6,,
2026-08-05T11:57:27.000Z,M20-403-2-02820,1469966247,43.79354,4.61428,12513.9,3.0,12.9,114.6,-52.3,4.0,195.8,0x20,405.002,16.6,2625,-1,2.6,,
2026-08-05T11:57:28.000Z,M20-403-2-02820,1469966248,43.79349,4.61444,12517.9,4.9,14.1,115.5,-52.3,3.9,195.6,0x20,405.002,18.2,2625,-1,2.6,,
2026-08-05T11:57:29.000Z,M20-403-2-02820,1469966249,43.79343,4.61459,12522.7,4.5,14.5,115.0,-52.4,3.9,195.5,0x20,405.002,5.8,2625,-1,2.6,,
2026-08-05T11:57:30.000Z,M20-403-2-02820,1469966250,43.79338,4.61475,12527.7,4.6,13.4,115.2,-52.4,3.9,195.3,0x20,405.002,3.8,2625,-1,2.6,,
2026-08-05T11:57:31.000Z,M20-403-2-02820,1469966251,43.79333,4.61489,12531.0,2.8,12.2,115.1,-52.4,3.9,195.3,0x20,405.002,8.2,2625,-1,2.6,,
2026-08-05T11:57:32.000Z,M20-403-2-02820,1469966252,43.79328,4.61503,12535.0,5.1,12.5,116.4,-52.4,3.9,195.1,0x20,405.002,17.4,2625,-1,2.6,,
2026-08-05T11:57:33.000Z,M20-403-2-02820,1469966253,43.79323,4.61517,12539.3,3.9,13.0,115.2,-52.4,3.8,195.0,0x20,405.002,18.6,2625,-1,2.6,,
2026-08-05T11:57:34.000Z,M20-403-2-02820,1469966254,43.79318,4.61531,12544.7,6.3,12.6,119.5,-52.4,3.8,194.8,0x20,405.002,18.6,2625,-1,2.6,,
2026-08-05T11:57:35.000Z,M20-403-2-02820,1469966255,43.79313,4.61544,12549.8,3.3,11.9,119.2,-52.4,3.8,194.7,0x20,405.002,16.3,2625,-1,2.6,,
2026-08-05T11:57:36.000Z,M20-403-2-02820,1469966256,43.79308,4.61557,12554.9,5.9,12.5,116.1,-52.5,3.8,194.5,0x20,405.002,17.1,2625,-1,2.6,,
2026-08-05T11:57:37.000Z,M20-403-2-02820,1469966257,43.79302,4.61572,12559.5,3.0,13.6,114.0,-52.5,3.8,194.4,0x20,405.002,17.1,2625,-1,2.6,,
2026-08-05T11:57:38.000Z,M20-403-2-02820,1469966258,43.79298,4.61587,12563.7,5.3,12.6,112.3,-52.5,3.7,194.2,0x20,405.002,16.2,2625,-1,2.5,,
2026-08-05T11:57:39.000Z,M20-403-2-02820,1469966259,43.79293,4.61601,12568.6,3.6,11.8,111.5,-52.5,3.7,194.1,0x20,405.002,17.9,2625,-1,2.6,,
2026-08-05T11:57:40.000Z,M20-403-2-02820,1469966260,43.79289,4.61616,12573.2,5.3,13.2,111.9,-52.5,3.7,194.0,0x20,405.002,17.9,2625,-1,2.6,,
2026-08-05T11:57:41.000Z,M20-403-2-02820,1469966261,43.79284,4.61631,12578.5,5.3,13.4,114.5,-52.6,3.6,193.8,0x20,405.002,17.9,2625,-1,2.6,,
2026-08-05T11:57:42.000Z,M20-403-2-02820,1469966262,43.79279,4.61645,12582.9,3.8,13.0,117.6,-52.6,3.6,193.7,0x20,405.002,12.6,2625,-1,2.6,,
2026-08-05T11:57:43.000Z,M20-403-2-02820,1469966263,43.79274,4.61660,12587.1,4.6,12.6,115.1,-52.5,3.6,193.6,0x20,405.002,3.4,2625,-1,2.6,,
2026-08-05T11:57:44.000Z,M20-403-2-02820,1469966264,43.79269,4.61674,12591.6,3.9,13.8,117.0,-52.6,3.6,193.4,0x20,405.002,3.5,2625,-1,2.6,,
2026-08-05T11:57:45.000Z,M20-403-2-02820,1469966265,43.79263,4.61690,12596.3,5.4,13.7,114.9,-52.6,3.6,193.3,0x20,405.002,15.1,2625,-1,2.5,,
2026-08-05T11:57:46.000Z,M20-403-2-02820,1469966266,43.79258,4.61705,12600.8,3.2,12.9,114.5,-52.6,3.6,193.2,0x20,405.002,15.8,2625,-1,2.6,,
2026-08-05T11:57:47.000Z,M20-403-2-02820,1469966267,43.79254,4.61719,12605.0,4.9,12.5,112.3,-52.6,3.6,193.0,0x20,405.002,15.8,2625,-1,2.5,,
2026-08-05T11:57:48.000Z,M20-403-2-02820,1469966268,43.79249,4.61734,12609.8,4.2,13.6,112.9,-52.6,3.5,192.9,0x20,405.002,16.8,2625,-1,2.5,,
2026-08-05T11:57:49.000Z,M20-403-2-02820,1469966269,43.79244,4.61750,12614.5,4.9,13.7,113.7,-52.7,3.5,192.7,0x20,405.002,16.8,2625,-1,2.5,,
2026-08-05T11:57:50.000Z,M20-403-2-02820,1469966270,43.79239,4.61765,12619.1,4.0,12.7,115.0,-52.6,3.5,192.6,0x20,405.002,18.5,2625,-1,2.5,,
2026-08-05T11:57:51.000Z,M20-403-2-02820,1469966271,43.79234,4.61779,12623.7,5.3,12.8,114.6,-52.6,3.5,192.5,0x20,405.002,18.5,2625,-1,2.5,,
2026-08-05T11:57:52.000Z,M20-403-2-02820,1469966272,43.79229,4.61794,12627.9,3.0,13.7,115.0,-52.7,3.4,192.3,0x20,405.002,15.8,2625,-1,2.5,,
2026-08-05T11:57:53.000Z,M20-403-2-02820,1469966273,43.79224,4.61810,12632.3,5.8,13.8,115.2,-52.7,3.4,192.2,0x20,405.002,14.2,2625,-1,2.5,,
2026-08-05T11:57:54.000Z,M20-403-2-02820,1469966274,43.79219,4.61825,12637.2,4.1,12.8,114.6,-52.7,3.4,192.1,0x20,405.002,12.8,2625,-1,2.5,,
2026-08-05T11:57:55.000Z,M20-403-2-02820,1469966275,43.79214,4.61839,12641.2,3.8,12.5,112.7,-52.7,3.3,191.9,0x20,405.002,3.9,2625,-1,2.5,,
2026-08-05T11:57:56.000Z,M20-403-2-02820,1469966276,43.79209,4.61854,12645.4,4.5,13.9,117.3,-52.7,3.3,191.8,0x20,405.002,3.8,2625,-1,2.5,,
2026-08-05T11:57:57.000Z,M20-403-2-02820,1469966277,43.79203,4.61869,12649.3,3.8,14.9,117.0,-52.7,3.3,191.7,0x20,405.002,9.8,2625,-1,2.5,,
2026-08-05T11:57:58.000Z,M20-403-2-02820,1469966278,43.79198,4.61886,12653.3,4.4,14.7,113.3,-52.8,3.3,191.6,0x20,405.002,15.7,2625,-1,2.5,,
2026-08-05T11:57:59.000Z,M20-403-2-02820,1469966279,43.79192,4.61902,12657.9,4.4,13.3,113.7,-52.8,3.3,191.4,0x20,405.002,15.8,2625,-1,2.5,,
2026-08-05T11:58:00.000Z,M20-403-2-02820,1469966280,43.79188,4.61917,12662.6,5.0,14.0,112.5,-52.8,3.3,191.3,0x20,405.002,15.8,2625,-1,2.5,,
2026-08-05T11:58:01.000Z,M20-403-2-02820,1469966281,43.79183,4.61933,12667.0,3.6,14.4,114.8,-52.8,3.2,191.1,0x20,405.002,15.8,2625,-1,2.5,,
2026-08-05T11:58:02.000Z,M20-403-2-02820,1469966282,43.79177,4.61950,12671.8,6.0,14.6,113.8,-52.9,3.2,191.0,0x20,405.002,14.5,2625,-1,2.5,,
2026-08-05T11:58:03.000Z,M20-403-2-02820,1469966283,43.79172,4.61966,12676.4,3.3,13.4,112.9,-52.9,3.2,190.9,0x20,405.002,16.1,2625,-1,2.5,,
2026-08-05T11:58:04.000Z,M20-403-2-02820,1469966284,43.79168,4.61981,12680.0,4.5,13.4,110.2,-52.9,3.2,190.8,0x20,405.002,16.1,2625,-1,2.5,,
2026-08-05T11:58:05.000Z,M20-403-2-02820,1469966285,43.79164,4.61997,12684.1,4.0,13.9,109.6,-52.9,3.1,190.6,0x20,405.002,17.2,2625,-1,2.5,,
2026-08-05T11:58:06.000Z,M20-403-2-02820,1469966286,43.79159,4.62013,12688.6,4.7,14.3,111.9,-52.9,3.2,190.5,0x20,405.002,17.2,2625,-1,2.5,,
2026-08-05T11:58:07.000Z,M20-403-2-02820,1469966287,43.79155,4.62029,12693.1,4.6,13.5,110.4,-53.0,3.1,190.4,0x20,405.002,17.8,2625,-1,2.5,,
2026-08-05T11:58:08.000Z,M20-403-2-02820,1469966288,43.79150,4.62045,12697.2,3.5,13.3,113.7,-52.9,3.1,190.2,0x20,405.002,17.8,2625,-1,2.5,,
2026-08-05T11:58:09.000Z,M20-403-2-02820,1469966289,43.79145,4.62060,12701.2,4.6,14.0,118.1,-53.0,3.0,190.1,0x20,405.002,3.3,2625,-1,2.5,,
2026-08-05T11:58:10.000Z,M20-403-2-02820,1469966290,43.79138,4.62076,12705.6,3.9,15.2,120.8,-53.0,3.0,190.0,0x20,405.002,3.3,2625,-1,2.5,,
2026-08-05T11:58:11.000Z,M20-403-2-02820,1469966291,43.79132,4.62092,12710.3,5.4,14.3,118.1,-53.1,3.0,189.8,0x20,405.002,13.8,2625,-1,2.5,,
2026-08-05T11:58:12.000Z,M20-403-2-02820,1469966292,43.79126,4.62107,12715.0,4.0,13.7,115.4,-53.1,3.0,189.7,0x20,405.002,15.7,2625,-1,2.5,,
2026-08-05T11:58:13.000Z,M20-403-2-02820,1469966293,43.79121,4.62123,12719.5,5.3,14.6,112.7,-53.1,3.0,189.6,0x20,405.002,15.7,2625,-1,2.5,,
2026-08-05T11:58:14.000Z,M20-403-2-02820,1469966294,43.79115,4.62140,12725.0,5.6,15.2,113.1,-53.2,3.0,189.4,0x20,405.002,15.4,2625,-1,2.5,,
2026-08-05T11:58:15.000Z,M20-403-2-02820,1469966295,43.79111,4.62157,12730.3,4.7,13.9,108.8,-53.2,3.0,189.3,0x20,405.002,15.2,2625,-1,2.5,,
2026-08-05T11:58:16.000Z,M20-403-2-02820,1469966296,43.79107,4.62173,12734.2,3.2,13.0,107.3,-53.2,2.9,189.2,0x20,405.002,16.5,2625,-1,2.5,,
2026-08-05T11:58:17.000Z,M20-403-2-02820,1469966297,43.79103,4.62188,12738.5,5.5,13.2,113.8,-53.2,2.9,189.0,0x20,405.002,17.0,2625,-1,2.5,,
2026-08-05T11:58:18.000Z,M20-403-2-02820,1469966298,43.79098,4.62203,12742.7,3.2,14.2,118.2,-53.2,2.9,188.9,0x20,405.002,17.0,2625,-1,2.5,,
2026-08-05T11:58:19.000Z,M20-403-2-02820,1469966299,43.79091,4.62219,12747.0,5.6,14.8,119.1,-53.2,2.9,188.8,0x20,405.002,15.6,2625,-1,2.5,,
2026-08-05T11:58:20.000Z,M20-403-2-02820,1469966300,43.79085,4.62235,12751.0,3.0,14.7,117.5,-53.2,2.9,188.7,0x20,405.002,15.1,2625,-1,2.5,,
2026-08-05T11:58:21.000Z,M20-403-2-02820,1469966301,43.79079,4.62251,12755.5,5.7,15.3,118.6,-53.2,2.9,188.5,0x20,405.002,15.1,2625,-1,2.5,,
2026-08-05T11:58:22.000Z,M20-403-2-02820,1469966302,43.79072,4.62268,12759.9,3.8,15.5,121.2,-53.3,2.8,188.4,0x20,405.002,6.2,2625,-1,2.5,,
2026-08-05T11:58:23.000Z,M20-403-2-02820,1469966303,43.79065,4.62284,12763.8,4.5,15.4,118.3,-53.3,2.8,188.3,0x20,405.002,7.8,2625,-1,2.5,,
2026-08-05T11:58:24.000Z,M20-403-2-02820,1469966304,43.79059,4.62301,12768.2,4.5,14.1,112.4,-53.3,2.8,188.1,0x20,405.002,14.4,2625,-1,2.5,,
2026-08-05T11:58:25.000Z,M20-403-2-02820,1469966305,43.79055,4.62317,12772.6,4.2,14.1,110.6,-53.3,2.8,188.0,0x20,405.002,15.7,2625,-1,2.5,,
2026-08-05T11:58:26.000Z,M20-403-2-02820,1469966306,43.79050,4.62334,12776.3,3.9,14.8,110.8,-53.4,2.8,187.9,0x20,405.002,15.7,2625,-1,2.5,,
2026-08-05T11:58:27.000Z,M20-403-2-02820,1469966307,43.79045,4.62351,12780.1,4.5,15.2,114.0,-53.3,2.8,187.8,0x20,405.002,13.8,2625,-1,2.5,,
2026-08-05T11:58:28.000Z,M20-403-2-02820,1469966308,43.79040,4.62369,12784.7,5.0,15.1,112.3,-53.4,2.7,187.6,0x20,405.002,13.7,2625,-1,2.5,,
2026-08-05T11:58:29.000Z,M20-403-2-02820,1469966309,43.79035,4.62386,12789.0,3.8,14.3,110.5,-53.3,2.7,187.5,0x20,405.002,13.7,2625,-1,2.5,,
2026-08-05T11:58:30.000Z,M20-403-2-02820,1469966310,43.79030,4.62402,12793.1,5.1,14.5,115.2,-53.4,2.7,187.4,0x20,405.002,14.8,2625,-1,2.5,,
2026-08-05T11:58:31.000Z,M20-403-2-02820,1469966311,43.79024,4.62418,12797.7,4.5,14.8,120.5,-53.3,2.7,187.2,0x20,405.002,14.8,2625,-1,2.5,,
2026-08-05T11:58:32.000Z,M20-403-2-02820,1469966312,43.79017,4.62434,12802.1,4.5,14.7,117.8,-53.4,2.7,187.1,0x20,405.002,14.9,2625,-1,2.5,,
2026-08-05T11:58:33.000Z,M20-403-2-02820,1469966313,43.79012,4.62451,12806.5,4.4,14.6,113.9,-53.3,2.7,187.0,0x20,405.002,14.9,2625,-1,2.5,,
2026-08-05T11:58:34.000Z,M20-403-2-02820,1469966314,43.79006,4.62467,12810.6,3.8,14.3,115.6,-53.4,2.6,186.8,0x20,405.002,7.7,2625,-1,2.5,,
2026-08-05T11:58:35.000Z,M20-403-2-02820,1469966315,43.79001,4.62483,12815.7,6.3,14.7,116.0,-53.4,2.6,186.7,0x20,405.002,3.2,2625,-1,2.5,,
2026-08-05T11:58:36.000Z,M20-403-2-02820,1469966316,43.78995,4.62499,12820.5,3.4,14.1,113.3,-53.4,2.6,186.6,0x20,405.002,9.4,2625,-1,2.5,,
2026-08-05T11:58:37.000Z,M20-403-2-02820,1469966317,43.78990,4.62516,12824.4,4.3,14.6,110.4,-53.4,2.7,186.4,0x20,405.002,14.9,2625,-1,2.5,,
2026-08-05T11:58:38.000Z,M20-403-2-02820,1469966318,43.78985,4.62532,12829.0,5.0,14.6,114.5,-53.4,2.6,186.3,0x20,405.002,14.9,2625,-1,2.5,,
2026-08-05T11:58:39.000Z,M20-403-2-02820,1469966319,43.78979,4.62548,12833.7,4.7,14.5,117.1,-53.4,2.6,186.2,0x20,405.002,15.0,2625,-1,2.5,,
2026-08-05T11:58:40.000Z,M20-403-2-02820,1469966320,43.78974,4.62564,12837.8,3.9,13.9,114.3,-53.4,2.6,186.0,0x20,405.002,15.2,2625,-1,2.5,,
2026-08-05T11:58:41.000Z,M20-403-2-02820,1469966321,43.78969,4.62580,12841.9,4.4,13.9,111.4,-53.4,2.5,185.9,0x20,405.002,16.8,2625,-1,2.5,,
2026-08-05T11:58:42.000Z,M20-403-2-02820,1469966322,43.78964,4.62596,12846.0,4.0,14.6,114.0,-53.4,2.5,185.8,0x20,405.002,16.8,2625,-1,2.5,,
2026-08-05T11:58:43.000Z,M20-403-2-02820,1469966323,43.78958,4.62613,12850.4,4.6,15.6,116.5,-53.4,2.5,185.7,0x20,405.002,17.2,2625,-1,2.5,,
2026-08-05T11:58:44.000Z,M20-403-2-02820,1469966324,43.78952,4.62631,12854.9,4.8,15.3,113.9,-53.5,2.5,185.5,0x20,405.002,18.1,2625,-1,2.5,,
2026-08-05T11:58:45.000Z,M20-403-2-02820,1469966325,43.78947,4.62648,12858.9,2.8,14.5,113.4,-53.4,2.5,185.4,0x20,405.002,18.1,2625,-1,2.5,,
2026-08-05T11:58:46.000Z,M20-403-2-02820,1469966326,43.78941,4.62664,12862.9,4.8,14.2,115.7,-53.4,2.4,185.3,0x20,405.002,17.8,2625,-1,2.5,,
2026-08-05T11:58:47.000Z,M20-403-2-02820,1469966327,43.78936,4.62680,12867.4,4.7,14.4,119.7,-53.5,2.4,185.2,0x20,405.002,5.9,2625,-1,2.5,,
2026-08-05T11:58:48.000Z,M20-403-2-02820,1469966328,43.78929,4.62696,12871.8,4.0,14.5,118.5,-53.5,2.4,185.0,0x20,405.002,3.2,2625,-1,2.5,,
2026-08-05T11:58:49.000Z,M20-403-2-02820,1469966329,43.78923,4.62711,12876.5,5.1,13.8,118.4,-53.5,2.4,184.9,0x20,405.002,3.3,2625,-1,2.5,,
2026-08-05T11:58:50.000Z,M20-403-2-02820,1469966330,43.78917,4.62726,12880.8,3.4,13.7,114.2,-53.5,2.4,184.8,0x20,405.002,15.6,2625,-1,2.5,,
2026-08-05T11:58:51.000Z,M20-403-2-02820,1469966331,43.78912,4.62742,12885.4,5.3,14.2,116.3,-53.5,2.4,184.6,0x20,405.002,15.9,2625,-1,2.5,,
2026-08-05T11:58:52.000Z,M20-403-2-02820,1469966332,43.78906,4.62758,12890.1,3.9,14.9,116.5,-53.4,2.3,184.5,0x20,405.002,15.9,2625,-1,2.5,,
2026-08-05T11:58:53.000Z,M20-403-2-02820,1469966333,43.78900,4.62774,12894.7,4.9,14.4,114.5,-53.5,2.3,184.4,0x20,405.002,17.1,2625,-1,2.5,,
2026-08-05T11:58:54.000Z,M20-403-2-02820,1469966334,43.78895,4.62790,12899.0,3.8,14.0,111.9,-53.5,2.3,184.3,0x20,405.002,17.1,2625,-1,2.5,,
2026-08-05T11:58:55.000Z,M20-403-2-02820,1469966335,43.78890,4.62807,12903.4,5.3,14.4,114.8,-53.5,2.3,184.1,0x20,405.002,15.7,2625,-1,2.5,,
2026-08-05T11:58:56.000Z,M20-403-2-02820,1469966336,43.78885,4.62823,12907.9,3.6,15.1,116.8,-53.6,2.2,184.0,0x20,405.002,16.1,2625,-1,2.5,,
2026-08-05T11:58:57.000Z,M20-403-2-02820,1469966337,43.78878,4.62840,12912.9,6.8,15.0,119.5,-53.6,2.2,183.8,0x20,405.002,16.1,2625,-1,2.5,,
2026-08-05T11:58:58.000Z,M20-403-2-02820,1469966338,43.78872,4.62856,12917.2,2.2,14.3,118.3,-53.6,2.2,183.7,0x20,405.002,14.8,2625,-1,2.5,,
2026-08-05T11:58:59.000Z,M20-403-2-02820,1469966339,43.78866,4.62872,12921.2,5.5,14.5,121.0,-53.6,2.2,183.6,0x20,405.002,14.6,2625,-1,2.5,,
2026-08-05T11:59:00.000Z,M20-403-2-02820,1469966340,43.78859,4.62888,12926.4,4.1,15.3,120.7,-53.6,2.1,183.5,0x20,405.002,4.9,2625,-1,2.5,,
2026-08-05T11:59:01.000Z,M20-403-2-02820,1469966341,43.78852,4.62905,12930.5,4.5,15.5,118.7,-53.6,2.2,183.3,0x20,405.002,3.5,2625,-1,2.5,,
2026-08-05T11:59:02.000Z,M20-403-2-02820,1469966342,43.78846,4.62922,12935.4,5.5,15.1,113.1,-53.6,2.2,183.2,0x20,405.002,3.1,2625,-1,2.5,,
2026-08-05T11:59:03.000Z,M20-403-2-02820,1469966343,43.78842,4.62939,12939.7,3.3,14.4,109.9,-53.6,2.2,183.1,0x20,405.002,15.8,1875,-1,2.5,,
2026-08-05T11:59:04.000Z,M20-403-2-02820,1469966344,43.78837,4.62956,12944.3,5.4,14.1,112.0,-53.6,2.1,182.9,0x20,405.002,17.6,1875,-1,2.5,,
2026-08-05T11:59:05.000Z,M20-403-2-02820,1469966345,43.78832,4.62972,12949.0,3.9,13.9,114.2,-53.6,2.1,182.8,0x20,405.002,17.7,1875,-1,2.5,,
2026-08-05T11:59:06.000Z,M20-403-2-02820,1469966346,43.78827,4.62987,12953.5,5.3,13.6,114.4,-53.6,2.1,182.7,0x20,405.002,18.8,1875,-1,2.5,,
2026-08-05T11:59:07.000Z,M20-403-2-02820,1469966347,43.78822,4.63003,12958.2,3.7,13.8,110.7,-53.6,2.1,182.6,0x20,405.002,19.0,1875,-1,2.5,,
2026-08-05T11:59:08.000Z,M20-403-2-02820,1469966348,43.78817,4.63019,12962.6,4.9,14.3,111.0,-53.6,2.0,182.4,0x20,405.002,19.0,2250,-1,2.5,,
2026-08-05T11:59:09.000Z,M20-403-2-02820,1469966349,43.78812,4.63036,12966.4,2.5,15.1,113.9,-53.6,2.0,182.3,0x20,405.002,19.0,1875,-1,2.5,,
2026-08-05T11:59:10.000Z,M20-403-2-02820,1469966350,43.78807,4.63053,12970.6,5.6,15.1,111.7,-53.6,2.0,182.2,0x20,405.002,16.5,1875,-1,2.5,,
2026-08-05T11:59:11.000Z,M20-403-2-02820,1469966351,43.78802,4.63071,12975.5,3.8,15.1,109.0,-53.6,2.0,182.0,0x20,405.002,15.7,1875,-1,2.5,,
2026-08-05T11:59:12.000Z,M20-403-2-02820,1469966352,43.78798,4.63089,12980.6,6.2,15.0,112.1,-53.6,2.0,181.9,0x20,405.002,15.7,1875,-1,2.5,,
2026-08-05T11:59:13.000Z,M20-403-2-02820,1469966353,43.78792,4.63105,12985.7,3.8,14.7,115.5,-53.6,1.9,181.8,0x20,405.002,7.6,1875,-1,2.5,,
2026-08-05T11:59:14.000Z,M20-403-2-02820,1469966354,43.78787,4.63122,12990.2,5.1,14.0,113.5,-53.7,1.9,181.6,0x20,405.002,3.8,1875,-1,2.5,,
2026-08-05T11:59:15.000Z,M20-403-2-02820,1469966355,43.78782,4.63137,12994.6,3.7,13.4,111.9,-53.6,1.9,181.5,0x20,405.002,3.9,1875,-1,2.5,,
2026-08-05T11:59:16.000Z,M20-403-2-02820,1469966356,43.78777,4.63153,12998.8,4.6,14.1,115.5,-53.7,1.9,181.4,0x20,405.002,11.5,1875,-1,2.5,,
2026-08-05T11:59:17.000Z,M20-403-2-02820,1469966357,43.78771,4.63168,13002.5,2.5,14.4,119.8,-53.7,1.9,181.2,0x20,405.002,15.5,1875,-1,2.5,,
2026-08-05T11:59:18.000Z,M20-403-2-02820,1469966358,43.78765,4.63184,13006.4,4.6,15.4,116.8,-53.7,1.9,181.1,0x20,405.002,16.4,1875,-1,2.5,,
2026-08-05T11:59:19.000Z,M20-403-2-02820,1469966359,43.78759,4.63201,13011.3,5.0,15.4,112.5,-53.8,1.9,181.0,0x20,405.002,16.4,1875,-1,2.5,,
2026-08-05T11:59:20.000Z,M20-403-2-02820,1469966360,43.78754,4.63219,13016.4,5.2,15.9,109.6,-53.8,1.9,180.9,0x20,405.002,16.3,2250,-1,2.5,,
2026-08-05T11:59:21.000Z,M20-403-2-02820,1469966361,43.78749,4.63237,13021.6,4.0,15.9,113.0,-53.9,1.8,180.7,0x20,405.002,15.1,2250,-1,2.5,,
2026-08-05T11:59:22.000Z,M20-403-2-02820,1469966362,43.78744,4.63255,13027.0,7.4,15.7,114.3,-53.9,1.8,180.6,0x20,405.002,15.1,2250,-1,2.5,,
2026-08-05T11:59:23.000Z,M20-403-2-02820,1469966363,43.78738,4.63272,13031.7,2.8,15.5,113.4,-53.9,1.8,180.4,0x20,405.002,16.6,2250,-1,2.5,,
2026-08-05T11:59:24.000Z,M20-403-2-02820,1469966364,43.78732,4.63289,13034.9,4.2,15.0,114.8,-53.9,1.8,180.3,0x20,405.002,17.0,1875,-1,2.5,,
2026-08-05T11:59:25.000Z,M20-403-2-02820,1469966365,43.78726,4.63305,13040.0,5.0,14.8,121.2,-53.9,1.7,180.2,0x20,405.002,17.0,1875,-1,2.5,,
2026-08-05T11:59:26.000Z,M20-403-2-02820,1469966366,43.78719,4.63321,13044.9,4.9,15.3,124.6,-53.9,1.8,180.1,0x20,405.002,5.7,1875,-1,2.5,,
2026-08-05T11:59:27.000Z,M20-403-2-02820,1469966367,43.78711,4.63337,13049.7,4.4,15.3,121.4,-54.0,1.8,179.9,0x20,405.002,3.3,1875,-1,2.5,,
2026-08-05T11:59:28.000Z,M20-403-2-02820,1469966368,43.78705,4.63353,13053.6,4.0,14.5,117.3,-53.9,1.8,179.8,0x20,405.002,6.3,2250,-1,2.5,,
2026-08-05T11:59:29.000Z,M20-403-2-02820,1469966369,43.78699,4.63368,13057.8,4.1,14.3,118.9,-54.0,1.7,179.7,0x20,405.002,13.3,1875,-1,2.5,,
2026-08-05T11:59:30.000Z,M20-403-2-02820,1469966370,43.78693,4.63384,13062.9,6.1,13.7,119.1,-54.0,1.7,179.5,0x20,405.002,17.2,1875,-1,2.5,,
2026-08-05T11:59:31.000Z,M20-403-2-02820,1469966371,43.78687,4.63399,13067.4,3.2,14.0,114.8,-54.0,1.7,179.4,0x20,405.002,17.2,1875,-1,2.5,,
2026-08-05T11:59:32.000Z,M20-403-2-02820,1469966372,43.78682,4.63415,13071.6,5.6,14.4,114.5,-54.1,1.6,179.3,0x20,405.002,16.8,2250,-1,2.5,,
2026-08-05T11:59:33.000Z,M20-403-2-02820,1469966373,43.78676,4.63431,13076.1,3.5,15.1,118.3,-54.1,1.6,179.2,0x20,405.002,17.1,1875,-1,2.5,,
2026-08-05T11:59:34.000Z,M20-403-2-02820,1469966374,43.78669,4.63448,13080.2,4.9,16.3,120.0,-54.1,1.6,179.1,0x20,405.002,17.1,1875,-1,2.5,,
2026-08-05T11:59:35.000Z,M20-403-2-02820,1469966375,43.78662,4.63467,13084.7,4.1,17.0,118.9,-54.1,1.6,178.9,0x20,405.002,16.2,1875,-1,2.5,,
2026-08-05T11:59:36.000Z,M20-403-2-02820,1469966376,43.78654,4.63485,13089.1,5.1,16.9,119.5,-54.2,1.6,178.8,0x20,405.002,15.9,1875,-1,2.5,,
2026-08-05T11:59:37.000Z,M20-403-2-02820,1469966377,43.78647,4.63503,13093.4,3.7,16.7,121.1,-54.2,1.6,178.6,0x20,405.002,17.2,1875,-1,2.5,,
2026-08-05T11:59:38.000Z,M20-403-2-02820,1469966378,43.78639,4.63520,13098.9,7.1,15.8,120.4,-54.2,1.5,178.5,0x20,405.002,17.2,2250,-1,2.5,,
2026-08-05T11:59:39.000Z,M20-403-2-02820,1469966379,43.78632,4.63537,13104.0,3.6,15.0,117.1,-54.2,1.5,178.3,0x20,405.002,17.2,2250,-1,2.5,,
2026-08-05T11:59:40.000Z,M20-403-2-02820,1469966380,43.78626,4.63553,13108.4,5.2,14.9,117.5,-54.2,1.5,178.2,0x20,405.002,3.5,1875,-1,2.5,,
2026-08-05T11:59:41.000Z,M20-403-2-02820,1469966381,43.78620,4.63569,13112.7,3.6,14.6,120.9,-54.2,1.5,178.1,0x20,405.002,3.1,1875,-1,2.5,,
2026-08-05T11:59:42.000Z,M20-403-2-02820,1469966382,43.78613,4.63585,13116.6,4.7,15.4,118.5,-54.2,1.5,178.0,0x20,405.002,14.5,1875,-1,2.5,,
2026-08-05T11:59:43.000Z,M20-403-2-02820,1469966383,43.78607,4.63602,13121.2,4.5,15.8,115.3,-54.2,1.5,177.8,0x20,405.002,15.1,2250,-1,2.5,,
2026-08-05T11:59:44.000Z,M20-403-2-02820,1469966384,43.78601,4.63620,13125.8,4.6,15.9,114.8,-54.2,1.4,177.7,0x20,405.002,17.2,2250,-1,2.5,,
2026-08-05T11:59:45.000Z,M20-403-2-02820,1469966385,43.78594,4.63637,13130.6,4.9,15.8,118.2,-54.2,1.4,177.6,0x20,405.002,17.2,1875,-1,2.5,,
2026-08-05T11:59:46.000Z,M20-403-2-02820,1469966386,43.78587,4.63654,13135.5,5.0,15.9,119.1,-54.2,1.4,177.5,0x20,405.002,16.5,2250,-1,2.5,,
2026-08-05T11:59:47.000Z,M20-403-2-02820,1469966387,43.78581,4.63672,13140.7,5.3,15.9,115.9,-54.3,1.4,177.3,0x20,405.002,14.0,2250,-1,2.5,,
2026-08-05T11:59:48.000Z,M20-403-2-02820,1469966388,43.78575,4.63690,13145.0,3.6,16.1,111.6,-54.3,1.4,177.2,0x20,405.002,14.8,1875,-1,2.5,,
2026-08-05T11:59:49.000Z,M20-403-2-02820,1469966389,43.78569,4.63708,13149.2,5.3,16.0,116.5,-54.3,1.4,177.1,0x20,405.002,14.8,1875,-1,2.5,,
2026-08-05T11:59:50.000Z,M20-403-2-02820,1469966390,43.78563,4.63725,13153.6,3.3,15.6,119.0,-54.3,1.3,177.0,0x20,405.002,16.3,1875,-1,2.5,,
2026-08-05T11:59:51.000Z,M20-403-2-02820,1469966391,43.78556,4.63742,13157.9,5.3,16.1,118.2,-54.4,1.4,176.9,0x20,405.002,16.3,1875,-1,2.5,,
2026-08-05T11:59:52.000Z,M20-403-2-02820,1469966392,43.78549,4.63760,13162.4,3.9,16.5,115.7,-54.4,1.4,176.7,0x20,405.002,4.3,1875,-1,2.5,,
2026-08-05T11:59:53.000Z,M20-403-2-02820,1469966393,43.78543,4.63778,13166.8,5.1,15.4,116.2,-54.4,1.3,176.6,0x20,405.002,3.5,2250,-1,2.5,,
2026-08-05T11:59:54.000Z,M20-403-2-02820,1469966394,43.78536,4.63795,13171.6,4.6,14.8,119.8,-54.5,1.3,176.5,0x20,405.002,6.5,2250,-1,2.5,,
2026-08-05T11:59:55.000Z,M20-403-2-02820,1469966395,43.78530,4.63810,13176.6,5.5,14.6,118.0,-54.5,1.3,176.3,0x20,405.002,14.8,2250,-1,2.5,,
2026-08-05T11:59:56.000Z,M20-403-2-02820,1469966396,43.78524,4.63827,13180.7,3.4,15.4,116.8,-54.5,1.3,176.2,0x20,405.002,15.8,2250,-1,2.5,,
2026-08-05T11:59:57.000Z,M20-403-2-02820,1469966397,43.78518,4.63844,13185.3,6.2,14.9,115.9,-54.6,1.3,176.1,0x20,405.002,15.8,2250,-1,2.5,,
2026-08-05T11:59:58.000Z,M20-403-2-02820,1469966398,43.78512,4.63860,13190.2,3.8,14.2,116.9,-54.6,1.3,175.9,0x20,405.002,15.2,2250,-1,2.5,,
2026-08-05T11:59:59.000Z,M20-403-2-02820,1469966399,43.78507,4.63876,13194.4,4.9,14.9,114.7,-54.7,1.3,175.8,0x20,405.002,15.8,2250,-1,2.5,,
2026-08-05T12:00:00.000Z,M20-403-2-02820,1469966400,43.78501,4.63894,13199.3,4.3,16.3,113.1,-54.7,1.2,175.7,0x20,405.002,17.6,1875,-1,2.5,,
2026-08-05T12:00:01.000Z,M20-403-2-02820,1469966401,43.78495,4.63913,13202.9,3.6,16.7,114.0,-54.7,1.3,175.6,0x20,405.002,17.6,1875,-1,2.5,,
2026-08-05T12:00:02.000Z,M20-403-2-02820,1469966402,43.78489,4.63931,13206.4,4.0,15.9,116.2,-54.7,1.3,175.5,0x20,405.002,12.8,1875,-1,2.5,,
2026-08-05T12:00:03.000Z,M20-403-2-02820,1469966403,43.78483,4.63948,13210.6,4.4,14.5,119.3,-54.7,1.2,175.3,0x20,405.002,12.8,1875,-1,2.5,,
2026-08-05T12:00:04.000Z,M20-403-2-02820,1469966404,43.78476,4.63963,13214.7,3.5,14.3,122.5,-54.7,1.3,175.2,0x20,405.002,11.4,1875,-1,2.5,,
2026-08-05T12:00:05.000Z,M20-403-2-02820,1469966405,43.78469,4.63978,13219.2,5.9,15.6,119.9,-54.8,1.2,175.1,0x20,405.002,4.4,1875,-1,2.5,,
2026-08-05T12:00:06.000Z,M20-403-2-02820,1469966406,43.78463,4.63996,13224.1,4.1,16.3,115.6,-54.8,1.2,175.0,0x20,405.002,3.4,1875,-1,2.5,,
2026-08-05T12:00:07.000Z,M20-403-2-02820,1469966407,43.78457,4.64015,13229.0,5.9,16.4,111.8,-54.9,1.2,174.8,0x20,405.002,5.7,1875,-1,2.5,,
2026-08-05T12:00:08.000Z,M20-403-2-02820,1469966408,43.78452,4.64033,13233.6,3.9,15.4,111.5,-54.9,1.2,174.7,0x20,405.002,15.2,2250,-1,2.5,,
2026-08-05T12:00:09.000Z,M20-403-2-02820,1469966409,43.78446,4.64051,13238.7,6.1,15.8,112.4,-55.0,1.1,174.6,0x20,405.002,16.0,2250,-1,2.5,,
2026-08-05T12:00:10.000Z,M20-403-2-02820,1469966410,43.78441,4.64069,13243.2,2.9,16.1,112.4,-54.9,1.2,174.4,0x20,405.002,16.0,2250,-1,2.5,,
2026-08-05T12:00:11.000Z,M20-403-2-02820,1469966411,43.78435,4.64086,13247.2,5.1,15.0,116.1,-55.0,1.1,174.3,0x20,405.002,13.7,2250,-1,2.5,,
2026-08-05T12:00:12.000Z,M20-403-2-02820,1469966412,43.78429,4.64102,13251.4,3.4,14.0,118.8,-55.0,1.2,174.2,0x20,405.002,12.0,2250,-1,2.5,,
2026-08-05T12:00:13.000Z,M20-403-2-02820,1469966413,43.78423,4.64117,13254.8,3.7,14.0,121.8,-55.0,1.2,174.1,0x20,405.002,12.6,2250,-1,2.5,,
2026-08-05T12:00:14.000Z,M20-403-2-02820,1469966414,43.78416,4.64132,13258.9,5.5,14.0,125.1,-55.1,1.2,174.0,0x20,405.002,12.6,1875,-1,2.5,,
2026-08-05T12:00:15.000Z,M20-403-2-02820,1469966415,43.78408,4.64147,13264.0,4.9,15.0,124.5,-55.1,1.1,173.8,0x20,405.002,14.7,1875,-1,2.5,,
2026-08-05T12:00:16.000Z,M20-403-2-02820,1469966416,43.78401,4.64163,13269.5,6.2,15.7,118.0,-55.2,1.2,173.7,0x20,405.002,14.7,1875,-1,2.5,,
2026-08-05T12:00:17.000Z,M20-403-2-02820,1469966417,43.78396,4.64181,13274.1,3.2,15.7,109.4,-55.2,1.2,173.6,0x20,405.002,13.2,1875,-1,2.5,,
2026-08-05T12:00:18.000Z,M20-403-2-02820,1469966418,43.78391,4.64200,13277.4,3.7,16.9,107.9,-55.2,1.1,173.5,0x20,405.002,3.5,1875,-1,2.5,,
2026-08-05T12:00:19.000Z,M20-403-2-02820,1469966419,43.78386,4.64220,13282.0,5.7,17.0,109.3,-55.2,1.1,173.3,0x20,405.002,2.9,1875,-1,2.5,,
2026-08-05T12:00:20.000Z,M20-403-2-02820,1469966420,43.78381,4.64239,13287.0,4.0,16.1,115.1,-55.2,1.1,173.2,0x20,405.002,5.7,1875,-1,2.5,,
2026-08-05T12:00:21.000Z,M20-403-2-02820,1469966421,43.78375,4.64257,13291.1,4.8,15.5,115.6,-55.2,1.1,173.1,0x20,405.002,13.2,2250,-1,2.5,,
2026-08-05T12:00:22.000Z,M20-403-2-02820,1469966422,43.78369,4.64273,13295.1,3.5,14.5,113.2,-55.3,1.1,173.0,0x20,405.002,13.2,1875,-1,2.5,,
2026-08-05T12:00:23.000Z,M20-403-2-02820,1469966423,43.78363,4.64289,13300.1,6.7,14.2,116.5,-55.3,1.1,172.8,0x20,405.002,12.7,1875,-1,2.5,,
2026-08-05T12:00:24.000Z,M20-403-2-02820,1469966424,43.78357,4.64305,13304.8,3.0,14.2,119.3,-55.3,1.0,172.7,0x20,405.002,16.4,2250,-1,2.5,,
2026-08-05T12:00:25.000Z,M20-403-2-02820,1469966425,43.78351,4.64321,13309.3,5.8,14.9,118.0,-55.4,1.1,172.6,0x20,405.002,16.4,1875,-1,2.5,,
2026-08-05T12:00:26.000Z,M20-403-2-02820,1469966426,43.78345,4.64338,13314.0,3.4,16.1,115.1,-55.3,1.1,172.4,0x20,405.002,15.9,1875,-1,2.5,,
2026-08-05T12:00:27.000Z,M20-403-2-02820,1469966427,43.78338,4.64356,13318.3,4.7,16.8,118.3,-55.4,1.1,172.3,0x20,405.002,14.2,1875,-1,2.5,,
2026-08-05T12:00:28.000Z,M20-403-2-02820,1469966428,43.78331,4.64375,13322.7,3.9,17.4,119.7,-55.4,1.0,172.2,0x20,405.002,17.0,1875,-1,2.5,,
2026-08-05T12:00:29.000Z,M20-403-2-02820,1469966429,43.78323,4.64393,13327.5,5.4,16.9,120.4,-55.5,1.0,172.1,0x20,405.002,17.0,1875,-1,2.5,,
2026-08-05T12:00:30.000Z,M20-403-2-02820,1469966430,43.78316,4.64411,13331.9,3.1,16.1,118.0,-55.5,1.1,171.9,0x20,405.002,16.4,1875,-1,2.5,,
2026-08-05T12:00:31.000Z,M20-403-2-02820,1469966431,43.78310,4.64428,13336.0,5.0,14.3,118.4,-55.5,1.1,171.8,0x20,405.002,3.3,1875,-1,2.5,,
2026-08-05T12:00:32.000Z,M20-403-2-02820,1469966432,43.78303,4.64442,13340.8,4.3,13.1,121.2,-55.6,1.0,171.7,0x20,405.002,2.9,1875,-1,2.5,,
2026-08-05T12:00:33.000Z,M20-403-2-02820,1469966433,43.78297,4.64457,13344.9,3.7,13.6,122.0,-55.6,1.1,171.6,0x20,405.002,7.9,1875,-1,2.5,,
2026-08-05T12:00:34.000Z,M20-403-2-02820,1469966434,43.78291,4.64471,13349.8,5.9,14.5,119.7,-55.6,1.1,171.4,0x20,405.002,14.3,1875,-1,2.5,,
2026-08-05T12:00:35.000Z,M20-403-2-02820,1469966435,43.78285,4.64488,13354.9,4.0,15.2,116.2,-55.6,1.1,171.3,0x20,405.002,15.3,1875,-1,2.5,,
2026-08-05T12:00:36.000Z,M20-403-2-02820,1469966436,43.78278,4.64505,13359.3,4.8,15.6,117.6,-55.7,1.0,171.2,0x20,405.002,15.3,2250,-1,2.5,,
2026-08-05T12:00:37.000Z,M20-403-2-02820,1469966437,43.78271,4.64521,13364.0,4.2,15.3,121.2,-55.6,1.0,171.1,0x20,405.002,13.0,2250,-1,2.5,,
2026-08-05T12:00:38.000Z,M20-403-2-02820,1469966438,43.78265,4.64537,13368.7,5.1,15.3,118.0,-55.7,1.0,170.9,0x20,405.002,14.9,1875,-1,2.5,,
2026-08-05T12:00:39.000Z,M20-403-2-02820,1469966439,43.78258,4.64554,13374.0,5.3,15.7,118.2,-55.7,1.0,170.8,0x20,405.002,15.4,1875,-1,2.5,,
2026-08-05T12:00:40.000Z,M20-403-2-02820,1469966440,43.78251,4.64571,13379.0,4.6,15.5,120.6,-55.7,1.0,170.7,0x20,405.002,15.4,1875,-1,2.5,,
2026-08-05T12:00:41.000Z,M20-403-2-02820,1469966441,43.78244,4.64587,13384.0,5.3,14.4,121.9,-55.7,1.0,170.6,0x20,405.002,14.3,1875,-1,2.5,,
2026-08-05T12:00:42.000Z,M20-403-2-02820,1469966442,43.78238,4.64602,13388.6,4.0,14.8,117.4,-55.8,1.0,170.4,0x20,405.002,16.5,1875,-1,2.5,,
2026-08-05T12:00:43.000Z,M20-403-2-02820,1469966443,43.78231,4.64619,13393.0,4.9,15.0,118.7,-55.8,1.0,170.3,0x20,405.002,16.5,2250,-1,2.5,,
2026-08-05T12:00:44.000Z,M20-403-2-02820,1469966444,43.78224,4.64634,13397.8,4.9,14.4,125.0,-55.9,1.0,170.2,0x20,405.002,3.4,1875,-1,2.5,,
2026-08-05T12:00:45.000Z,M20-403-2-02820,1469966445,43.78216,4.64648,13402.5,4.8,14.7,127.0,-55.9,1.0,170.1,0x20,405.002,3.4,1875,-1,2.5,,
2026-08-05T12:00:46.000Z,M20-403-2-02820,1469966446,43.78209,4.64663,13407.4,5.1,15.2,126.5,-55.9,1.0,169.9,0x20,405.002,9.2,2250,-1,2.5,,
2026-08-05T12:00:47.000Z,M20-403-2-02820,1469966447,43.78201,4.64679,13411.5,3.8,15.7,120.1,-55.9,1.0,169.8,0x20,405.002,12.1,3000,-1,2.5,,
2026-08-05T12:00:48.000Z,M20-403-2-02820,1469966448,43.78194,4.64696,13415.9,5.1,15.2,123.7,-56.0,1.0,169.7,0x20,405.002,12.1,2625,-1,2.5,,
2026-08-05T12:00:49.000Z,M20-403-2-02820,1469966449,43.78186,4.64711,13420.3,4.1,14.5,122.8,-56.0,1.0,169.6,0x20,405.002,11.0,2625,-1,2.5,,
2026-08-05T12:00:50.000Z,M20-403-2-02820,1469966450,43.78180,4.64726,13425.0,5.7,14.4,119.3,-56.1,1.0,169.4,0x20,405.002,11.0,3000,-1,2.5,,
2026-08-05T12:00:51.000Z,M20-403-2-02820,1469966451,43.78173,4.64742,13429.7,3.8,14.7,116.1,-56.1,1.0,169.3,0x20,405.002,10.8,2625,-1,2.5,,
2026-08-05T12:00:52.000Z,M20-403-2-02820,1469966452,43.78167,4.64759,13433.7,4.3,14.3,116.5,-56.1,1.0,169.2,0x20,405.002,10.8,2625,-1,2.5,,
2026-08-05T12:00:53.000Z,M20-403-2-02820,1469966453,43.78162,4.64774,13437.1,2.5,13.4,119.5,-56.0,1.0,169.1,0x20,405.002,9.9,2625,-1,2.5,,
2026-08-05T12:00:54.000Z,M20-403-2-02820,1469966454,43.78155,4.64788,13440.6,4.5,14.3,120.8,-56.1,1.0,169.0,0x20,405.002,13.7,1875,-1,2.5,,
2026-08-05T12:00:55.000Z,M20-403-2-02820,1469966455,43.78149,4.64804,13444.5,3.1,14.6,118.4,-56.1,1.0,168.9,0x20,405.002,13.7,1875,-1,2.5,,
2026-08-05T12:00:56.000Z,M20-403-2-02820,1469966456,43.78143,4.64820,13449.2,6.3,14.5,119.3,-56.1,0.9,168.7,0x20,405.002,11.8,2625,-1,2.5,,
2026-08-05T12:00:57.000Z,M20-403-2-02820,1469966457,43.78136,4.64835,13454.0,3.4,14.4,122.7,-56.1,0.9,168.6,0x20,405.002,4.9,2625,-1,2.5,,
2026-08-05T12:00:58.000Z,M20-403-2-02820,1469966458,43.78130,4.64851,13458.4,5.3,15.0,120.8,-56.2,0.9,168.5,0x20,405.002,4.7,2625,-1,2.5,,
2026-08-05T12:00:59.000Z,M20-403-2-02820,1469966459,43.78123,4.64867,13462.9,4.0,15.1,117.3,-56.2,0.9,168.4,0x20,405.002,8.0,2625,-1,2.5,,
2026-08-05T12:01:00.000Z,M20-403-2-02820,1469966460,43.78117,4.64883,13467.4,5.4,14.1,119.6,-56.2,0.9,168.2,0x20,405.002,9.2,2625,-1,2.5,,
2026-08-05T12:01:01.000Z,M20-403-2-02820,1469966461,43.78110,4.64897,13471.4,3.0,13.9,124.0,-56.2,0.9,168.1,0x20,405.002,9.6,2625,-1,2.5,,
2026-08-05T12:01:02.000Z,M20-403-2-02820,1469966462,43.78104,4.64912,13475.6,5.0,14.5,120.9,-56.3,0.9,168.0,0x20,405.002,12.0,2625,-1,2.5,,
2026-08-05T12:01:03.000Z,M20-403-2-02820,1469966463,43.78097,4.64928,13479.9,3.4,15.0,118.7,-56.3,0.9,167.9,0x20,405.002,12.0,2625,-1,2.5,,
2026-08-05T12:01:04.000Z,M20-403-2-02820,1469966464,43.78090,4.64943,13485.1,6.2,14.4,123.4,-56.4,0.8,167.7,0x20,405.002,13.6,2250,-1,2.5,,
2026-08-05T12:01:05.000Z,M20-403-2-02820,1469966465,43.78083,4.64958,13490.1,3.4,14.2,125.7,-56.4,0.9,167.7,0x20,405.002,13.6,2250,-1,2.5,,
2026-08-05T12:01:06.000Z,M20-403-2-02820,1469966466,43.78076,4.64973,13495.0,6.0,14.3,122.5,-56.4,0.9,167.5,0x20,405.002,14.1,2250,-1,2.5,,
2026-08-05T12:01:07.000Z,M20-403-2-02820,1469966467,43.78070,4.64988,13500.3,4.8,14.2,118.7,-56.5,0.9,167.4,0x20,405.002,14.1,2250,-1,2.5,,
2026-08-05T12:01:08.000Z,M20-403-2-02820,1469966468,43.78063,4.65002,13505.7,5.1,13.6,120.3,-56.5,0.8,167.2,0x20,405.002,14.1,2250,-1,2.5,,
2026-08-05T12:01:09.000Z,M20-403-2-02820,1469966469,43.78057,4.65017,13510.0,4.2,13.1,122.0,-56.5,0.8,167.2,0x20,405.002,13.3,2250,-1,2.5,,
2026-08-05T12:01:10.000Z,M20-403-2-02820,1469966470,43.78051,4.65031,13514.5,5.0,13.3,118.8,-56.6,0.8,167.0,0x20,405.002,5.6,2250,-1,2.5,,
2026-08-05T12:01:11.000Z,M20-403-2-02820,1469966471,43.78046,4.65045,13519.6,5.1,13.6,118.5,-56.6,0.8,166.9,0x20,405.002,4.7,2250,-1,2.5,,
2026-08-05T12:01:12.000Z,M20-403-2-02820,1469966472,43.78039,4.65059,13524.5,5.0,12.8,124.7,-56.6,0.8,166.8,0x20,405.002,6.8,2625,-1,2.5,,
2026-08-05T12:01:13.000Z,M20-403-2-02820,1469966473,43.78032,4.65072,13529.1,4.3,12.8,129.4,-56.7,0.7,166.7,0x20,405.002,10.0,2625,-1,2.5,,
2026-08-05T12:01:14.000Z,M20-403-2-02820,1469966474,43.78025,4.65085,13534.1,5.7,12.7,126.6,-56.7,0.7,166.5,0x20,405.002,13.5,2250,-1,2.5,,
2026-08-05T12:01:15.000Z,M20-403-2-02820,1469966475,43.78018,4.65098,13539.0,4.3,13.2,124.2,-56.8,0.8,166.4,0x20,405.002,14.7,2250,-1,2.5,,
2026-08-05T12:01:16.000Z,M20-403-2-02820,1469966476,43.78012,4.65111,13543.2,4.6,13.0,125.4,-56.8,0.7,166.3,0x20,405.002,14.7,2250,-1,2.5,,
2026-08-05T12:01:17.000Z,M20-403-2-02820,1469966477,43.78005,4.65125,13547.0,3.7,13.4,128.7,-56.8,0.7,166.2,0x20,405.002,14.1,2250,-1,2.5,,
2026-08-05T12:01:18.000Z,M20-403-2-02820,1469966478,43.77997,4.65138,13550.6,4.4,14.3,126.0,-56.8,0.7,166.1,0x20,405.002,14.0,2250,-1,2.5,,
2026-08-05T12:01:19.000Z,M20-403-2-02820,1469966479,43.77990,4.65153,13554.4,3.9,14.7,121.8,-56.9,0.7,165.9,0x20,405.002,14.0,2250,-1,2.5,,
2026-08-05T12:01:20.000Z,M20-403-2-02820,1469966480,43.77983,4.65169,13558.1,4.0,14.1,118.2,-56.9,0.7,165.8,0x20,405.002,12.8,2250,-1,2.5,,
2026-08-05T12:01:21.000Z,M20-403-2-02820,1469966481,43.77977,4.65184,13562.9,6.0,12.6,120.9,-56.9,0.7,165.7,0x20,405.002,14.4,2250,-1,2.5,,
2026-08-05T12:01:22.000Z,M20-403-2-02820,1469966482,43.77972,4.65197,13567.1,2.7,11.9,124.3,-56.8,0.7,165.6,0x20,405.002,14.4,3000,-1,2.5,,
2026-08-05T12:01:23.000Z,M20-403-2-02820,1469966483,43.77966,4.65209,13571.1,4.8,11.3,119.9,-56.9,0.7,165.5,0x20,405.002,5.9,1875,-1,2.5,,
2026-08-05T12:01:24.000Z,M20-403-2-02820,1469966484,43.77961,4.65222,13575.7,4.1,11.5,116.7,-56.9,0.7,165.3,0x20,405.002,5.9,1875,-1,2.5,,
2026-08-05T12:01:25.000Z,M20-403-2-02820,1469966485,43.77956,4.65234,13580.1,4.1,12.0,117.2,-56.8,0.6,165.2,0x20,405.002,9.3,2625,-1,2.5,,
2026-08-05T12:01:26.000Z,M20-403-2-02820,1469966486,43.77951,4.65247,13585.3,5.2,11.9,124.4,-56.8,0.6,165.1,0x20,405.002,11.3,1875,-1,2.5,,
2026-08-05T12:01:27.000Z,M20-403-2-02820,1469966487,43.77945,4.65259,13590.1,4.3,12.0,127.8,-56.8,0.6,165.0,0x20,405.002,13.2,1875,-1,2.5,,
2026-08-05T12:01:28.000Z,M20-403-2-02820,1469966488,43.77938,4.65271,13594.5,4.6,12.6,124.8,-56.8,0.6,164.8,0x20,405.002,13.2,1875,-1,2.5,,
2026-08-05T12:01:29.000Z,M20-403-2-02820,1469966489,43.77932,4.65284,13599.1,4.9,12.3,121.0,-56.8,0.6,164.8,0x20,405.002,12.5,2625,-1,2.5,,
2026-08-05T12:01:31.000Z,M20-403-2-02820,1469966491,43.77919,4.65308,13608.9,4.1,12.2,129.2,-56.8,0.5,164.5,0x20,405.002,13.0,2250,-1,2.5,,
2026-08-05T12:01:32.000Z,M20-403-2-02820,1469966492,43.77913,4.65321,13613.7,5.1,12.1,123.5,-56.9,0.6,164.4,0x20,405.002,13.5,2250,-1,2.5,,
2026-08-05T12:01:33.000Z,M20-403-2-02820,1469966493,43.77907,4.65334,13618.7,5.1,11.9,118.7,-56.9,0.5,164.2,0x20,405.002,14.5,2250,-1,2.5,,
2026-08-05T12:01:34.000Z,M20-403-2-02820,1469966494,43.77902,4.65346,13623.8,4.8,11.8,124.7,-56.9,0.5,164.1,0x20,405.002,14.5,2250,-1,2.5,,
2026-08-05T12:01:35.000Z,M20-403-2-02820,1469966495,43.77896,4.65358,13628.3,4.9,11.1,126.5,-56.8,0.5,164.0,0x20,405.002,6.0,2625,-1,2.5,,
2026-08-05T12:01:37.000Z,M20-403-2-02820,1469966497,43.77886,4.65381,13637.4,5.0,10.5,119.9,-56.9,0.5,163.7,0x20,405.002,8.1,3000,-1,2.5,,
2026-08-05T12:01:38.000Z,M20-403-2-02820,1469966498,43.77881,4.65392,13642.0,3.9,10.9,123.6,-56.9,0.5,163.6,0x20,405.002,10.4,3000,-1,2.5,,
2026-08-05T12:01:39.000Z,M20-403-2-02820,1469966499,43.77875,4.65404,13646.2,4.5,11.3,126.7,-56.9,0.5,163.5,0x20,405.002,11.9,2250,-1,2.5,,
2026-08-05T12:01:40.000Z,M20-403-2-02820,1469966500,43.77869,4.65415,13650.5,4.0,11.4,122.5,-56.9,0.5,163.4,0x20,405.002,11.9,3000,-1,2.5,,
2026-08-05T12:01:41.000Z,M20-403-2-02820,1469966501,43.77864,4.65427,13655.3,5.7,11.2,121.3,-56.9,0.5,163.3,0x20,405.002,10.0,3000,-1,2.5,,
2026-08-05T12:01:42.000Z,M20-403-2-02820,1469966502,43.77858,4.65439,13659.9,3.5,10.6,125.8,-56.9,0.4,163.1,0x20,405.002,11.7,2625,-1,2.5,,
2026-08-05T12:01:43.000Z,M20-403-2-02820,1469966503,43.77853,4.65449,13664.5,5.6,9.9,126.7,-56.9,0.4,163.0,0x20,405.002,11.8,2250,-1,2.5,,
2026-08-05T12:01:44.000Z,M20-403-2-02820,1469966504,43.77848,4.65459,13669.3,4.0,9.3,121.3,-57.0,0.5,162.9,0x20,405.002,11.8,2625,-1,2.5,,
2026-08-05T12:01:46.000Z,M20-403-2-02820,1469966506,43.77839,4.65478,13678.9,5.1,9.5,128.7,-57.1,0.4,162.7,0x20,405.002,10.1,2250,-1,2.5,,
2026-08-05T12:01:47.000Z,M20-403-2-02820,1469966507,43.77833,4.65487,13683.5,4.1,9.9,129.4,-57.1,0.4,162.6,0x20,405.002,10.1,2250,-1,2.5,,
2026-08-05T12:01:48.000Z,M20-403-2-02820,1469966508,43.77828,4.65498,13688.3,5.4,10.3,123.0,-57.1,0.4,162.4,0x20,405.002,5.2,2250,-1,2.5,,
2026-08-05T12:01:49.000Z,M20-403-2-02820,1469966509,43.77823,4.65508,13693.0,3.9,9.9,122.2,-57.1,0.4,162.3,0x20,405.002,5.2,2625,-1,2.5,,
2026-08-05T12:01:51.000Z,M20-403-2-02820,1469966511,43.77813,4.65528,13702.0,2.7,9.5,125.0,-57.2,0.4,162.1,0x20,405.002,10.5,3000,-1,2.5,,
2026-08-05T12:01:52.000Z,M20-403-2-02820,1469966512,43.77808,4.65538,13706.2,5.4,9.7,120.4,-57.2,0.4,161.9,0x20,405.002,11.9,3000,-1,2.5,,
2026-08-05T12:01:53.000Z,M20-403-2-02820,1469966513,43.77804,4.65548,13711.5,4.7,9.7,116.5,-57.1,0.4,161.8,0x20,405.002,11.9,3000,-1,2.5,,
2026-08-05T12:01:55.000Z,M20-403-2-02820,1469966515,43.77795,4.65567,13721.0,3.4,9.7,129.1,-57.1,0.3,161.6,0x20,405.002,10.0,2625,-1,2.5,,
2026-08-05T12:01:56.000Z,M20-403-2-02820,1469966516,43.77789,4.65577,13725.5,5.3,10.1,123.8,-57.2,0.3,161.4,0x20,405.002,10.0,2625,-1,2.5,,
2026-08-05T12:01:58.000Z,M20-403-2-02820,1469966518,43.77780,4.65597,13735.7,5.5,9.2,124.6,-57.2,0.3,161.2,0x20,405.002,8.9,2625,-1,2.5,,
2026-08-05T12:01:59.000Z,M20-403-2-02820,1469966519,43.77775,4.65606,13740.3,3.8,9.1,128.1,-57.2,0.3,161.1,0x20,405.002,8.8,2625,-1,2.5,,
2026-08-05T12:02:00.000Z,M20-403-2-02820,1469966520,43.77771,4.65615,13744.5,4.6,8.2,121.1,-57.3,0.4,160.9,0x20,405.002,9.4,2625,-1,2.5,,
2026-08-05T12:02:01.000Z,M20-403-2-02820,1469966521,43.77767,4.65624,13748.9,4.3,8.4,118.6,-57.3,0.4,160.8,0x20,405.002,9.4,2625,-1,2.5,,
2026-08-05T12:02:03.000Z,M20-403-2-02820,1469966523,43.77759,4.65641,13758.4,4.8,8.6,128.4,-57.4,0.3,160.6,0x20,405.002,6.2,3000,-1,2.5,,
2026-08-05T12:02:04.000Z,M20-403-2-02820,1469966524,43.77754,4.65650,13763.3,4.4,9.1,125.0,-57.4,0.3,160.5,0x20,405.002,11.4,2250,-1,2.5,,
2026-08-05T12:02:05.000Z,M20-403-2-02820,1469966525,43.77750,4.65660,13768.0,4.8,9.7,119.6,-57.4,0.3,160.4,0x20,405.002,11.4,2250,-1,2.5,,
2026-08-05T12:02:06.000Z,M20-403-2-02820,1469966526,43.77745,4.65670,13773.0,5.3,9.7,123.2,-57.5,0.3,160.2,0x20,405.002,9.6,2250,-1,2.5,,
2026-08-05T12:02:07.000Z,M20-403-2-02820,1469966527,43.77740,4.65680,13777.9,4.7,9.6,126.4,-57.5,0.3,160.1,0x20,405.002,9.6,2250,-1,2.5,,
2026-08-05T12:02:08.000Z,M20-403-2-02820,1469966528,43.77736,4.65690,13782.4,4.6,9.4,118.8,-57.5,0.3,160.0,0x20,405.002,9.9,2250,-1,2.5,,
2026-08-05T12:02:09.000Z,M20-403-2-02820,1469966529,43.77732,4.65700,13786.9,3.9,8.9,111.9,-57.5,0.3,159.9,0x20,405.002,9.9,2250,-1,2.5,,
2026-08-05T12:02:10.000Z,M20-403-2-02820,1469966530,43.77729,4.65710,13791.9,5.5,8.1,119.2,-57.6,0.3,159.7,0x20,405.002,9.9,2250,-1,2.5,,
2026-08-05T12:02:11.000Z,M20-403-2-02820,1469966531,43.77725,4.65718,13796.8,4.4,7.9,122.3,-57.6,0.3,159.6,0x20,405.002,8.4,2250,-1,2.5,,
2026-08-05T12:02:12.000Z,M20-403-2-02820,1469966532,43.77722,4.65727,13801.5,4.9,8.0,115.8,-57.6,0.3,159.5,0x20,405.002,8.5,2250,-1,2.5,,
2026-08-05T12:02:13.000Z,M20-403-2-02820,1469966533,43.77718,4.65736,13806.2,4.5,8.1,115.4,-57.6,0.3,159.4,0x20,405.002,8.5,2250,-1,2.5,,
2026-08-05T12:02:14.000Z,M20-403-2-02820,1469966534,43.77715,4.65745,13810.9,4.6,8.6,120.6,-57.7,0.3,159.3,0x20,405.002,6.0,2250,-1,2.5,,
2026-08-05T12:02:15.000Z,M20-403-2-02820,1469966535,43.77710,4.65754,13815.1,4.1,8.3,129.3,-57.7,0.3,159.2,0x20,405.002,5.9,2250,-1,2.5,,
2026-08-05T12:02:16.000Z,M20-403-2-02820,1469966536,43.77706,4.65762,13819.3,4.7,8.6,124.9,-57.7,0.3,159.1,0x20,405.002,5.9,2250,-1,2.5,,
2026-08-05T12:02:17.000Z,M20-403-2-02820,1469966537,43.77702,4.65770,13823.6,4.2,7.9,117.2,-57.7,0.3,158.9,0x20,405.002,8.8,2250,-1,2.5,,
2026-08-05T12:02:18.000Z,M20-403-2-02820,1469966538,43.77699,4.65778,13827.7,5.0,6.4,115.2,-57.8,0.3,158.8,0x20,405.002,9.6,2250,-1,2.5,,
2026-08-05T12:02:19.000Z,M20-403-2-02820,1469966539,43.77697,4.65785,13831.6,3.0,5.3,119.9,-57.8,0.3,158.7,0x20,405.002,9.6,2250,-1,2.5,,
2026-08-05T12:02:20.000Z,M20-403-2-02820,1469966540,43.77694,4.65791,13835.4,4.6,5.6,121.5,-57.8,0.3,158.6,0x20,405.002,8.7,2250,-1,2.5,,
2026-08-05T12:02:21.000Z,M20-403-2-02820,1469966541,43.77692,4.65797,13839.5,3.8,6.1,110.9,-57.9,0.3,158.5,0x20,405.002,8.7,2250,-1,2.5,,
2026-08-05T12:02:22.000Z,M20-403-2-02820,1469966542,43.77690,4.65804,13843.8,4.7,7.1,116.0,-57.9,0.3,158.4,0x20,405.002,8.2,2250,-1,2.5,,
2026-08-05T12:02:23.000Z,M20-403-2-02820,1469966543,43.77686,4.65813,13848.2,4.0,7.8,121.7,-58.0,0.2,158.2,0x20,405.002,10.2,2250,-1,2.5,,
2026-08-05T12:02:24.000Z,M20-403-2-02820,1469966544,43.77682,4.65820,13851.9,3.5,7.5,123.2,-57.9,0.2,158.2,0x20,405.002,10.5,2250,-1,2.5,,
2026-08-05T12:02:25.000Z,M20-403-2-02820,1469966545,43.77679,4.65829,13856.2,4.6,8.0,120.0,-58.0,0.3,158.0,0x20,405.002,10.7,2250,-1,2.5,,
2026-08-05T12:02:26.000Z,M20-403-2-02820,1469966546,43.77675,4.65838,13860.7,4.2,8.0,113.6,-58.0,0.3,157.9,0x20,405.002,10.7,2250,-1,2.5,,
2026-08-05T12:02:27.000Z,M20-403-2-02820,1469966547,43.77673,4.65846,13865.7,5.3,6.2,113.1,-58.0,0.3,157.8,0x20,405.002,5.6,2250,-1,2.5,,
2026-08-05T12:02:28.000Z,M20-403-2-02820,1469966548,43.77671,4.65853,13869.6,2.8,5.4,111.3,-58.1,0.2,157.7,0x20,405.002,5.6,2250,-1,2.5,,
2026-08-05T12:02:29.000Z,M20-403-2-02820,1469966549,43.77669,4.65858,13874.1,5.7,5.0,108.4,-58.1,0.2,157.6,0x20,405.002,5.6,2625,-1,2.5,,
2026-08-05T12:02:30.000Z,M20-403-2-02820,1469966550,43.77668,4.65865,13878.6,3.4,5.9,108.2,-58.1,0.3,157.5,0x20,405.002,6.8,2250,-1,2.5,,
2026-08-05T12:02:31.000Z,M20-403-2-02820,1469966551,43.77666,4.65871,13882.7,4.9,5.8,113.4,-58.2,0.3,157.3,0x20,405.002,6.8,2250,-1,2.5,,
2026-08-05T12:02:32.000Z,M20-403-2-02820,1469966552,43.77663,4.65877,13886.8,3.5,5.4,121.7,-58.2,0.2,157.2,0x20,405.002,7.2,2250,-1,2.5,,
2026-08-05T12:02:33.000Z,M20-403-2-02820,1469966553,43.77661,4.65883,13891.6,5.7,6.1,119.4,-58.2,0.2,157.1,0x20,405.002,9.0,2250,-1,2.5,,
2026-08-05T12:02:34.000Z,M20-403-2-02820,1469966554,43.77658,4.65890,13896.3,3.7,7.0,119.5,-58.2,0.2,157.0,0x20,405.002,9.0,2250,-1,2.5,,
2026-08-05T12:02:35.000Z,M20-403-2-02820,1469966555,43.77655,4.65898,13901.0,6.0,7.1,118.8,-58.3,0.2,156.9,0x20,405.002,9.0,2250,-1,2.5,,
2026-08-05T12:02:36.000Z,M20-403-2-02820,1469966556,43.77652,4.65906,13905.2,2.3,6.5,118.7,-58.3,0.2,156.8,0x20,405.002,8.5,2250,-1,2.5,,
2026-08-05T12:02:37.000Z,M20-403-2-02820,1469966557,43.77649,4.65913,13909.1,5.5,6.1,120.0,-58.3,0.1,156.7,0x20,405.002,8.5,2250,-1,2.5,,
2026-08-05T12:02:38.000Z,M20-403-2-02820,1469966558,43.77647,4.65920,13914.0,4.8,6.5,116.7,-58.3,0.2,156.6,0x20,405.002,7.6,2250,-1,2.5,,
2026-08-05T12:02:39.000Z,M20-403-2-02820,1469966559,43.77645,4.65926,13919.1,5.9,5.2,112.2,-58.4,0.1,156.4,0x20,405.002,6.4,2250,-1,2.5,,
2026-08-05T12:02:40.000Z,M20-403-2-02820,1469966560,43.77643,4.65932,13923.8,3.6,4.7,105.9,-58.5,0.2,156.3,0x20,405.002,6.4,2625,-1,2.5,,
2026-08-05T12:02:41.000Z,M20-403-2-02820,1469966561,43.77642,4.65938,13928.6,6.3,4.5,99.7,-58.5,0.2,156.2,0x20,405.002,6.2,2625,-1,2.5,,
2026-08-05T12:02:42.000Z,M20-403-2-02820,1469966562,43.77641,4.65944,13933.6,3.7,5.9,109.1,-58.5,0.2,156.1,0x20,405.002,5.7,2250,-1,2.5,,
2026-08-05T12:02:43.000Z,M20-403-2-02820,1469966563,43.77639,4.65951,13938.2,5.4,5.7,120.3,-58.5,0.1,155.9,0x20,405.002,5.7,2250,-1,2.5,,
2026-08-05T12:02:44.000Z,M20-403-2-02820,1469966564,43.77636,4.65956,13943.3,4.8,5.3,131.7,-58.5,0.1,155.8,0x20,405.002,6.6,2250,-1,2.5,,
2026-08-05T12:02:45.000Z,M20-403-2-02820,1469966565,43.77633,4.65960,13948.0,4.8,5.0,142.1,-58.5,0.1,155.7,0x20,405.002,9.0,2250,-1,2.5,,
2026-08-05T12:02:46.000Z,M20-403-2-02820,1469966566,43.77629,4.65965,13952.4,4.2,5.3,135.8,-58.6,0.1,155.6,0x20,405.002,9.0,2250,-1,2.5,,
2026-08-05T12:02:47.000Z,M20-403-2-02820,1469966567,43.77626,4.65969,13958.0,6.8,5.7,135.6,-58.6,0.1,155.4,0x20,405.002,8.8,2250,-1,2.5,,
2026-08-05T12:02:48.000Z,M20-403-2-02820,1469966568,43.77622,4.65974,13963.4,3.4,5.1,136.0,-58.6,0.1,155.3,0x20,405.002,8.2,2250,-1,2.5,,
2026-08-05T12:02:49.000Z,M20-403-2-02820,1469966569,43.77620,4.65979,13968.6,7.0,4.9,121.4,-58.6,0.1,155.2,0x20,405.002,8.1,2250,-1,2.5,,
2026-08-05T12:02:50.000Z,M20-403-2-02820,1469966570,43.77618,4.65985,13973.7,2.9,6.0,109.2,-58.6,0.1,155.0,0x20,405.002,8.1,2250,-1,2.5,,
2026-08-05T12:02:51.000Z,M20-403-2-02820,1469966571,43.77616,4.65992,13977.5,4.9,5.3,108.6,-58.7,0.1,154.9,0x20,405.002,7.6,2250,-1,2.5,,
2026-08-05T12:02:52.000Z,M20-403-2-02820,1469966572,43.77614,4.65997,13982.4,4.6,4.0,115.8,-58.7,0.1,154.8,0x20,405.002,8.6,2250,-1,2.5,,
2026-08-05T12:02:53.000Z,M20-403-2-02820,1469966573,43.77613,4.66001,13986.7,4.8,3.4,130.5,-58.7,0.1,154.7,0x20,405.002,8.6,2250,-1,2.5,,
2026-08-05T12:02:54.000Z,M20-403-2-02820,1469966574,43.77611,4.66004,13990.9,3.9,3.7,132.9,-58.6,0.1,154.6,0x20,405.002,5.7,2250,-1,2.5,,
2026-08-05T12:02:55.000Z,M20-403-2-02820,1469966575,43.77608,4.66008,13995.5,5.3,4.1,125.5,-58.6,0.1,154.5,0x20,405.002,5.8,2250,-1,2.5,,
2026-08-05T12:02:56.000Z,M20-403-2-02820,1469966576,43.77606,4.66012,14000.6,4.6,4.0,129.5,-58.6,0.1,154.4,0x20,405.002,5.8,2250,-1,2.5,,
2026-08-05T12:02:57.000Z,M20-403-2-02820,1469966577,43.77604,4.66016,14005.8,5.5,4.3,127.0,-58.6,0.1,154.2,0x20,405.002,7.6,2250,-1,2.5,,
2026-08-05T12:02:58.000Z,M20-403-2-02820,1469966578,43.77601,4.66022,14010.8,4.6,5.7,115.6,-58.7,0.1,154.1,0x20,405.002,8.1,2250,-1,2.5,,
2026-08-05T12:02:59.000Z,M20-403-2-02820,1469966579,43.77599,4.66029,14014.5,3.5,7.4,110.6,-58.7,0.1,154.0,0x20,405.002,8.1,2250,-1,2.5,,
2026-08-05T12:03:00.000Z,M20-403-2-02820,1469966580,43.77596,4.66037,14019.1,5.3,7.1,116.9,-58.7,0.1,153.9,0x20,405.002,6.2,2250,-1,2.5,,
2026-08-05T12:03:01.000Z,M20-403-2-02820,1469966581,43.77593,4.66044,14023.7,3.8,6.3,119.6,-58.7,0.1,153.8,0x20,405.002,8.6,2250,-1,2.5,,
2026-08-05T12:03:02.000Z,M20-403-2-02820,1469966582,43.77591,4.66051,14028.3,5.6,6.1,117.1,-58.8,0.1,153.7,0x20,405.002,8.6,2250,-1,2.5,,
2026-08-05T12:03:03.000Z,M20-403-2-02820,1469966583,43.77588,4.66058,14033.0,3.9,6.5,112.5,-58.8,0.1,153.6,0x20,405.002,8.3,2250,-1,2.5,,
2026-08-05T12:03:04.000Z,M20-403-2-02820,1469966584,43.77586,4.66065,14037.7,5.5,5.4,118.5,-58.8,0.1,153.4,0x20,405.002,6.5,2250,-1,2.5,,
2026-08-05T12:03:05.000Z,M20-403-2-02820,1469966585,43.77584,4.66071,14042.3,3.3,5.0,116.9,-58.8,0.1,153.3,0x20,405.002,9.0,2250,-1,2.5,,
2026-08-05T12:03:06.000Z,M20-403-2-02820,1469966586,43.77582,4.66077,14046.4,4.9,6.0,115.1,-58.8,0.1,153.2,0x20,405.002,9.0,2250,-1,2.5,,
2026-08-05T12:03:07.000Z,M20-403-2-02820,1469966587,43.77579,4.66084,14051.0,3.7,7.1,114.4,-58.8,0.1,153.1,0x20,405.002,5.5,2250,-1,2.5,,
2026-08-05T12:03:08.000Z,M20-403-2-02820,1469966588,43.77576,4.66092,14055.9,5.9,7.1,117.5,-58.9,0.1,153.0,0x20,405.002,4.8,2625,-1,2.5,,
2026-08-05T12:03:09.000Z,M20-403-2-02820,1469966589,43.77573,4.66099,14061.0,4.2,6.8,124.0,-58.9,0.1,152.9,0x20,405.002,8.1,2250,-1,2.5,,
2026-08-05T12:03:10.000Z,M20-403-2-02820,1469966590,43.77570,4.66106,14065.9,6.0,7.1,122.0,-58.9,0.1,152.7,0x20,405.002,8.2,2250,-1,2.5,,
2026-08-05T12:03:11.000Z,M20-403-2-02820,1469966591,43.77567,4.66115,14070.7,3.5,7.7,115.3,-58.9,0.2,152.7,0x20,405.002,8.2,2250,-1,2.5,,
2026-08-05T12:03:12.000Z,M20-403-2-02820,1469966592,43.77564,4.66123,14075.9,6.2,7.0,115.6,-59.0,0.1,152.5,0x20,405.002,8.0,2250,-1,2.5,,
2026-08-05T12:03:13.000Z,M20-403-2-02820,1469966593,43.77561,4.66130,14081.0,4.0,6.2,117.3,-59.0,0.1,152.4,0x20,405.002,8.0,2250,-1,2.5,,
2026-08-05T12:03:14.000Z,M20-403-2-02820,1469966594,43.77559,4.66137,14085.8,5.8,7.0,109.7,-59.1,0.1,152.2,0x20,405.002,7.1,2250,-1,2.5,,
2026-08-05T12:03:15.000Z,M20-403-2-02820,1469966595,43.77557,4.66146,14091.0,4.7,7.8,109.0,-59.1,0.2,152.2,0x20,405.002,6.2,2250,-1,2.5,,
2026-08-05T12:03:16.000Z,M20-403-2-02820,1469966596,43.77555,4.66155,14096.0,5.4,7.2,113.4,-59.2,0.1,152.0,0x20,405.002,6.6,2250,-1,2.5,,
2026-08-05T12:03:18.000Z,M20-403-2-02820,1469966598,43.77548,4.66171,14105.5,5.2,8.6,121.1,-59.2,0.2,151.8,0x20,405.002,6.6,2250,-1,2.5,,
2026-08-05T12:03:19.000Z,M20-403-2-02820,1469966599,43.77544,4.66180,14110.3,4.3,9.5,119.0,-59.2,0.2,151.7,0x20,405.002,6.6,2625,-1,2.5,,
2026-08-05T12:03:20.000Z,M20-403-2-02820,1469966600,43.77540,4.66191,14115.1,5.3,8.9,111.2,-59.2,0.2,151.5,0x20,405.002,6.6,2250,-1,2.5,,
2026-08-05T12:03:21.000Z,M20-403-2-02820,1469966601,43.77537,4.66200,14119.4,3.4,7.9,112.6,-59.2,0.2,151.4,0x20,405.002,5.1,2250,-1,2.5,,
2026-08-05T12:03:22.000Z,M20-403-2-02820,1469966602,43.77535,4.66209,14123.8,5.4,7.6,104.2,-59.3,0.2,151.3,0x20,405.002,5.1,2250,-1,2.5,,
2026-08-05T12:03:25.000Z,M20-403-2-02820,1469966605,43.77528,4.66236,14138.9,3.5,7.1,117.6,-59.3,0.1,151.0,0x20,405.002,6.5,2250,-1,2.5,,
2026-08-05T12:03:28.000Z,M20-403-2-02820,1469966608,43.77513,4.66264,14152.0,2.7,10.8,129.8,-59.4,0.2,150.6,0x20,405.002,7.2,2250,-1,2.5,,
2026-08-05T12:03:29.000Z,M20-403-2-02820,1469966609,43.77507,4.66273,14156.2,5.6,10.2,134.0,-59.4,0.2,150.5,0x20,405.002,11.7,2250,-1,2.5,,
2026-08-05T12:03:31.000Z,M20-403-2-02820,1469966611,43.77496,4.66290,14165.5,4.4,7.4,126.3,-59.3,0.3,150.3,0x20,405.002,5.8,2250,-1,2.5,,
2026-08-05T12:03:32.000Z,M20-403-2-02820,1469966612,43.77493,4.66298,14170.1,5.1,7.7,109.7,-59.2,0.2,150.2,0x20,405.002,5.8,2250,-1,2.5,,
2026-08-05T12:03:35.000Z,M20-403-2-02820,1469966615,43.77488,4.66328,14183.9,5.3,8.5,103.9,-59.0,0.2,149.8,0x20,405.002,5.5,2250,-1,2.5,,
2026-08-05T12:03:39.000Z,M20-403-2-02820,1469966619,43.77473,4.66369,14203.1,6.4,8.6,124.9,-59.0,0.2,149.4,0x20,405.002,7.0,2250,-1,2.5,,
2026-08-05T12:03:40.000Z,M20-403-2-02820,1469966620,43.77468,4.66378,14207.7,2.7,9.3,123.4,-59.0,0.2,149.2,0x20,405.002,7.0,2250,-1,2.5,,
2026-08-05T12:03:43.000Z,M20-403-2-02820,1469966623,43.77459,4.66403,14221.3,5.3,7.4,100.3,-59.2,0.3,148.9,0x20,405.002,6.5,2250,-1,2.5,,
2026-08-05T12:03:46.000Z,M20-403-2-02820,1469966626,43.77454,4.66436,14235.2,2.6,9.2,104.6,-59.2,0.3,148.6,0x20,405.002,4.9,2250,-1,2.5,,
2026-08-05T12:03:54.000Z,M20-403-2-02820,1469966634,43.77429,4.66518,14274.3,4.3,8.3,107.4,-59.5,0.3,147.7,0x20,405.002,5.7,2250,-1,2.5,,
2026-08-05T12:03:55.000Z,M20-403-2-02820,1469966635,43.77427,4.66529,14278.7,4.5,9.5,104.3,-59.5,0.2,147.5,0x20,405.002,6.1,2250,-1,2.5,,
2026-08-05T12:03:56.000Z,M20-403-2-02820,1469966636,43.77424,4.66541,14282.8,3.5,10.9,107.0,-59.5,0.2,147.4,0x20,405.002,6.1,2250,-1,2.5,,
2026-08-05T12:03:57.000Z,M20-403-2-02820,1469966637,43.77421,4.66555,14286.6,4.2,11.9,106.2,-59.5,0.3,147.3,0x20,405.002,5.9,2250,-1,2.5,,
2026-08-05T12:05:35.000Z,M20-403-2-02820,1469966735,43.77193,4.67681,14737.6,3.9,10.3,95.1,-60.6,0.1,136.9,0x20,405.002,5.5,2250,-1,2.5,,
2026-08-05T12:05:37.000Z,M20-403-2-02820,1469966737,43.77191,4.67705,14747.2,4.0,9.2,90.2,-60.5,0.0,136.7,0x20,405.002,6.0,2250,-1,2.5,,
2026-08-05T12:05:39.000Z,M20-403-2-02820,1469966739,43.77189,4.67727,14757.1,4.1,9.2,101.0,-60.5,0.0,136.4,0x20,405.002,6.1,2250,-1,2.5,,
2026-08-05T12:05:44.000Z,M20-403-2-02820,1469966744,43.77182,4.67785,14778.2,4.9,9.8,106.6,-60.3,0.0,135.9,0x20,405.002,5.8,2250,-1,2.5,,
2026-08-05T12:05:45.000Z,M20-403-2-02820,1469966745,43.77179,4.67796,14783.3,5.4,9.3,99.4,-60.3,0.0,135.8,0x20,405.002,5.8,2250,-1,2.5,,
2026-08-05T12:05:47.000Z,M20-403-2-02820,1469966747,43.77178,4.67820,14792.2,4.8,9.6,94.4,-60.2,0.0,135.6,0x20,405.002,6.6,2250,-1,2.5,,
2026-08-05T12:05:48.000Z,M20-403-2-02820,1469966748,43.77177,4.67832,14797.2,5.5,8.9,94.5,-60.0,0.0,135.5,0x20,405.002,6.4,2250,-1,2.5,,
2026-08-05T12:05:49.000Z,M20-403-2-02820,1469966749,43.77177,4.67843,14802.2,4.3,9.8,90.7,-59.9,0.0,135.4,0x20,405.002,6.4,2250,-1,2.5,,
2026-08-05T12:05:52.000Z,M20-403-2-02820,1469966752,43.77176,4.67878,14815.4,5.0,9.1,95.4,-59.7,0.0,135.1,0x20,405.002,6.2,2250,-1,2.5,,
2026-08-05T12:05:53.000Z,M20-403-2-02820,1469966753,43.77175,4.67890,14820.6,5.3,10.0,93.5,-59.7,0.0,135.0,0x20,405.002,6.2,2250,-1,2.5,,
2026-08-05T12:05:54.000Z,M20-403-2-02820,1469966754,43.77175,4.67903,14825.2,4.2,10.9,91.6,-59.7,0.0,134.9,0x20,405.002,6.8,2250,-1,2.5,,
2026-08-05T12:05:56.000Z,M20-403-2-02820,1469966756,43.77174,4.67929,14834.5,5.1,10.4,96.9,-59.7,0.0,134.7,0x20,405.002,6.0,2250,-1,2.5,,
2026-08-05T12:05:57.000Z,M20-403-2-02820,1469966757,43.77173,4.67943,14839.1,4.5,10.9,89.6,-59.8,0.0,134.6,0x20,405.002,6.7,2250,-1,2.5,,
2026-08-05T12:05:58.000Z,M20-403-2-02820,1469966758,43.77174,4.67956,14843.3,3.6,10.8,84.8,-59.8,0.0,134.5,0x20,405.002,6.7,2250,-1,2.5,,
2026-08-05T12:05:59.000Z,M20-403-2-02820,1469966759,43.77174,4.67968,14847.4,5.1,9.6,85.6,-59.9,0.0,134.4,0x20,405.002,6.1,2250,-1,2.5,,
2026-08-05T12:06:00.000Z,M20-403-2-02820,1469966760,43.77175,4.67980,14852.4,5.3,9.3,88.0,-59.9,0.0,134.3,0x20,405.002,7.3,2250,-1,2.5,,
2026-08-05T12:06:01.000Z,M20-403-2-02820,1469966761,43.77176,4.67992,14857.1,4.6,10.4,83.1,-59.9,0.0,134.2,0x20,405.002,7.3,2250,-1,2.5,,
2026-08-05T12:06:02.000Z,M20-403-2-02820,1469966762,43.77177,4.68005,14861.1,3.6,10.8,83.1,-59.9,0.0,134.1,0x20,405.002,6.6,2250,-1,2.5,,
2026-08-05T12:06:03.000Z,M20-403-2-02820,1469966763,43.77177,4.68018,14865.7,5.3,10.1,90.7,-59.9,0.0,134.0,0x20,405.002,6.6,2250,-1,2.5,,
2026-08-05T12:06:04.000Z,M20-403-2-02820,1469966764,43.77177,4.68030,14871.0,5.5,10.1,95.0,-60.0,0.0,133.9,0x20,405.002,8.0,2250,-1,2.5,,
2026-08-05T12:06:05.000Z,M20-403-2-02820,1469966765,43.77176,4.68043,14876.1,4.7,11.0,92.9,-60.0,0.0,133.7,0x20,405.002,11.8,2250,-1,2.5,,
2026-08-05T12:06:06.000Z,M20-403-2-02820,1469966766,43.77176,4.68057,14880.6,4.5,11.4,93.2,-59.9,0.0,133.7,0x20,405.002,12.7,1875,-1,2.5,,
2026-08-05T12:06:07.000Z,M20-403-2-02820,1469966767,43.77175,4.68071,14885.5,5.1,11.2,96.6,-60.0,0.0,133.6,0x20,405.002,14.1,1875,-1,2.5,,
2026-08-05T12:06:08.000Z,M20-403-2-02820,1469966768,43.77174,4.68084,14890.3,4.9,11.0,97.9,-60.0,0.0,133.5,0x20,405.002,14.1,1875,-1,2.5,,
2026-08-05T12:06:09.000Z,M20-403-2-02820,1469966769,43.77173,4.68098,14895.1,4.9,11.8,93.3,-60.1,0.0,133.3,0x20,405.002,4.9,1875,-1,2.5,,
2026-08-05T12:06:10.000Z,M20-403-2-02820,1469966770,43.77173,4.68113,14899.6,4.2,12.2,89.3,-60.1,0.0,133.2,0x20,405.002,3.6,1875,-1,2.5,,
2026-08-05T12:06:11.000Z,M20-403-2-02820,1469966771,43.77173,4.68128,14904.2,5.4,11.4,91.6,-60.1,0.0,133.1,0x20,405.002,4.9,1875,-1,2.5,,
2026-08-05T12:06:12.000Z,M20-403-2-02820,1469966772,43.77173,4.68142,14909.0,4.1,11.0,91.8,-60.1,0.0,133.0,0x20,405.002,11.5,1875,-1,2.5,,
2026-08-05T12:06:13.000Z,M20-403-2-02820,1469966773,43.77172,4.68155,14913.5,5.5,10.6,89.3,-60.2,0.0,132.9,0x20,405.002,11.5,1875,-1,2.5,,
2026-08-05T12:06:14.000Z,M20-403-2-02820,1469966774,43.77173,4.68168,14918.1,4.1,11.2,89.5,-60.2,0.0,132.8,0x20,405.002,10.0,1875,-1,2.5,,
2026-08-05T12:06:16.000Z,M20-403-2-02820,1469966776,43.77172,4.68196,14928.3,4.2,11.6,96.9,-60.3,0.0,132.6,0x20,405.002,8.7,1875,-1,2.5,,
2026-08-05T12:06:17.000Z,M20-403-2-02820,1469966777,43.77170,4.68211,14933.2,5.6,13.2,97.2,-60.3,0.0,132.5,0x20,405.002,10.4,1875,-1,2.5,,
2026-08-05T12:06:18.000Z,M20-403-2-02820,1469966778,43.77170,4.68228,14938.9,4.8,14.3,88.9,-60.3,0.0,132.4,0x20,405.002,10.4,1875,-1,2.5,,
2026-08-05T12:06:19.000Z,M20-403-2-02820,1469966779,43.77170,4.68246,14943.7,4.3,14.5,88.1,-60.3,0.0,132.3,0x20,405.002,9.8,1875,-1,2.5,,
2026-08-05T12:06:20.000Z,M20-403-2-02820,1469966780,43.77171,4.68263,14948.6,4.6,14.1,91.3,-60.4,0.0,132.2,0x20,405.002,11.9,1875,-1,2.5,,
2026-08-05T12:06:21.000Z,M20-403-2-02820,1469966781,43.77170,4.68280,14952.6,4.5,13.9,90.4,-60.3,0.0,132.1,0x20,405.002,11.9,1875,-1,2.5,,
2026-08-05T12:06:22.000Z,M20-403-2-02820,1469966782,43.77170,4.68297,14957.7,5.8,13.9,90.5,-60.4,0.0,132.0,0x20,405.002,11.9,1875,-1,2.5,,
2026-08-05T12:06:23.000Z,M20-403-2-02820,1469966783,43.77170,4.68315,14962.7,4.3,13.7,89.1,-60.3,0.0,131.9,0x20,405.002,4.6,1875,-1,2.5,,
2026-08-05T12:06:25.000Z,M20-403-2-02820,1469966785,43.77169,4.68345,14972.5,3.0,11.0,98.6,-60.3,0.0,131.7,0x20,405.002,11.3,1875,-1,2.5,,
2026-08-05T12:06:26.000Z,M20-403-2-02820,1469966786,43.77167,4.68358,14977.2,5.7,10.5,96.5,-60.3,0.0,131.6,0x20,405.002,11.4,1875,-1,2.5,,
2026-08-05T12:06:27.000Z,M20-403-2-02820,1469966787,43.77166,4.68372,14981.2,2.8,11.4,96.2,-60.2,0.0,131.5,0x20,405.002,11.4,1875,-1,2.5,,
2026-08-05T12:06:28.000Z,M20-403-2-02820,1469966788,43.77165,4.68385,14985.2,5.2,11.0,99.5,-60.1,0.0,131.3,0x20,405.002,9.5,1875,-1,2.5,,
2026-08-05T12:06:29.000Z,M20-403-2-02820,1469966789,43.77163,4.68398,14989.6,3.5,11.2,104.0,-60.0,0.0,131.3,0x20,405.002,13.8,1875,-1,2.5,,
2026-08-05T12:06:30.000Z,M20-403-2-02820,1469966790,43.77160,4.68413,14994.1,5.3,12.4,103.5,-60.0,0.0,131.2,0x20,405.002,13.8,1875,-1,2.4,,
2026-08-05T12:06:31.000Z,M20-403-2-02820,1469966791,43.77158,4.68428,14998.9,4.3,13.5,100.4,-59.9,0.0,131.1,0x20,405.002,10.5,1875,-1,2.5,,
2026-08-05T12:06:32.000Z,M20-403-2-02820,1469966792,43.77155,4.68445,15004.0,5.9,13.7,101.1,-59.9,0.0,131.0,0x20,405.002,12.9,1875,-1,2.4,,
2026-08-05T12:06:33.000Z,M20-403-2-02820,1469966793,43.77153,4.68461,15008.5,3.2,12.7,104.2,-59.9,0.0,130.9,0x20,405.002,12.9,1875,-1,2.5,,
2026-08-05T12:06:34.000Z,M20-403-2-02820,1469966794,43.77150,4.68475,15013.2,5.8,11.5,100.9,-59.8,0.0,130.8,0x20,405.002,12.3,1875,-1,2.4,,
2026-08-05T12:06:35.000Z,M20-403-2-02820,1469966795,43.77149,4.68489,15018.7,5.0,11.4,98.0,-59.8,0.0,130.7,0x20,405.002,9.6,1875,-1,2.5,,
2026-08-05T12:06:36.000Z,M20-403-2-02820,1469966796,43.77148,4.68502,15023.2,4.3,9.7,94.5,-59.8,0.0,130.6,0x20,405.002,9.6,1875,-1,2.5,,
2026-08-05T12:06:37.000Z,M20-403-2-02820,1469966797,43.77147,4.68513,15027.8,5.2,8.9,100.2,-59.7,0.0,130.5,0x20,405.002,3.4,1875,-1,2.4,,
2026-08-05T12:06:38.000Z,M20-403-2-02820,1469966798,43.77145,4.68524,15032.5,4.4,8.9,107.5,-59.7,0.0,130.4,0x20,405.002,7.4,1875,-1,2.4,,
2026-08-05T12:06:39.000Z,M20-403-2-02820,1469966799,43.77142,4.68536,15037.8,6.2,10.4,104.5,-59.7,0.0,130.3,0x20,405.002,11.1,1875,-1,2.5,,
2026-08-05T12:06:40.000Z,M20-403-2-02820,1469966800,43.77140,4.68549,15042.6,3.6,11.2,100.1,-59.7,0.0,130.2,0x20,405.002,11.1,1875,-1,2.4,,
2026-08-05T12:06:41.000Z,M20-403-2-02820,1469966801,43.77138,4.68562,15047.1,5.2,10.9,101.7,-59.7,0.0,130.1,0x20,405.002,11.7,1875,-1,2.5,,
2026-08-05T12:06:42.000Z,M20-403-2-02820,1469966802,43.77137,4.68575,15051.9,4.6,10.1,101.0,-59.7,0.0,130.0,0x20,405.002,11.7,1875,-1,2.5,,
2026-08-05T12:06:43.000Z,M20-403-2-02820,1469966803,43.77135,4.68586,15056.4,4.8,8.9,98.4,-59.7,0.0,129.9,0x20,405.002,14.3,1875,-1,2.4,,
2026-08-05T12:06:44.000Z,M20-403-2-02820,1469966804,43.77134,4.68598,15060.7,4.3,9.0,92.4,-59.7,0.0,129.8,0x20,405.002,14.3,1875,-1,2.4,,
2026-08-05T12:06:45.000Z,M20-403-2-02820,1469966805,43.77134,4.68608,15065.0,4.3,8.4,88.2,-59.7,0.0,129.7,0x20,405.002,12.9,1875,-1,2.4,,
2026-08-05T12:06:46.000Z,M20-403-2-02820,1469966806,43.77134,4.68618,15070.1,5.4,7.9,95.9,-59.7,0.0,129.6,0x20,405.002,11.0,1875,-1,2.4,,
2026-08-05T12:06:47.000Z,M20-403-2-02820,1469966807,43.77132,4.68627,15074.7,3.9,7.6,106.4,-59.7,0.0,129.5,0x20,405.002,7.8,1875,-1,2.4,,
2026-08-05T12:06:48.000Z,M20-403-2-02820,1469966808,43.77130,4.68636,15078.9,4.4,7.7,107.6,-59.7,0.0,129.4,0x20,405.002,3.3,1875,-1,2.4,,
2026-08-05T12:06:49.000Z,M20-403-2-02820,1469966809,43.77129,4.68646,15083.4,4.3,8.3,96.3,-59.8,0.0,129.3,0x20,405.002,3.3,1875,-1,2.4,,
2026-08-05T12:06:50.000Z,M20-403-2-02820,1469966810,43.77128,4.68657,15087.6,4.5,9.4,94.6,-59.7,0.0,129.2,0x20,405.002,4.7,1875,-1,2.4,,
2026-08-05T12:06:51.000Z,M20-403-2-02820,1469966811,43.77127,4.68668,15092.0,4.2,9.3,98.2,-59.7,0.0,129.1,0x20,405.002,7.8,1875,-1,2.4,,
2026-08-05T12:06:52.000Z,M20-403-2-02820,1469966812,43.77125,4.68680,15096.8,5.6,9.3,102.9,-59.7,0.0,129.0,0x20,405.002,10.2,1875,-1,2.4,,
2026-08-05T12:06:53.000Z,M20-403-2-02820,1469966813,43.77124,4.68691,15102.5,5.5,9.4,95.1,-59.7,0.0,128.9,0x20,405.002,10.2,1875,-1,2.4,,
2026-08-05T12:06:54.000Z,M20-403-2-02820,1469966814,43.77124,4.68703,15107.4,4.0,9.0,89.0,-59.7,0.0,128.8,0x20,405.002,10.9,1875,-1,2.4,,
2026-08-05T12:06:55.000Z,M20-403-2-02820,1469966815,43.77124,4.68713,15111.8,5.1,8.4,93.1,-59.7,0.0,128.7,0x20,405.002,12.6,1875,-1,2.4,,
2026-08-05T12:06:56.000Z,M20-403-2-02820,1469966816,43.77123,4.68723,15116.3,4.5,7.3,93.1,-59.7,0.0,128.6,0x20,405.002,13.6,1875,-1,2.4,,
2026-08-05T12:06:57.000Z,M20-403-2-02820,1469966817,43.77123,4.68732,15121.4,5.6,6.9,87.1,-59.8,0.0,128.5,0x20,405.002,14.7,1875,-1,2.4,,
2026-08-05T12:06:58.000Z,M20-403-2-02820,1469966818,43.77124,4.68740,15126.4,4.4,7.0,82.3,-59.8,0.0,128.4,0x20,405.002,14.8,1875,-1,2.4,,
2026-08-05T12:06:59.000Z,M20-403-2-02820,1469966819,43.77125,4.68749,15131.3,5.3,7.0,85.1,-59.9,0.0,128.3,0x20,405.002,14.8,1875,-1,2.4,,
2026-08-05T12:07:00.000Z,M20-403-2-02820,1469966820,43.77125,4.68757,15136.7,5.5,6.5,92.4,-59.8,0.0,128.2,0x20,405.002,13.0,1875,-1,2.4,,
2026-08-05T12:07:01.000Z,M20-403-2-02820,1469966821,43.77125,4.68766,15142.2,5.7,7.4,83.8,-59.7,0.0,128.1,0x20,405.002,3.1,1875,-1,2.4,,
2026-08-05T12:07:02.000Z,M20-403-2-02820,1469966822,43.77126,4.68775,15146.5,3.5,7.6,82.7,-59.6,0.0,128.0,0x20,405.002,3.5,1875,-1,2.4,,
2026-08-05T12:07:03.000Z,M20-403-2-02820,1469966823,43.77127,4.68784,15150.6,5.1,7.6,86.4,-59.7,0.0,127.9,0x20,405.002,3.5,1875,-1,2.4,,
2026-08-05T12:07:04.000Z,M20-403-2-02820,1469966824,43.77127,4.68793,15155.0,4.1,7.3,92.4,-59.6,0.0,127.8,0x20,405.002,9.8,1875,-1,2.4,,
2026-08-05T12:07:05.000Z,M20-403-2-02820,1469966825,43.77127,4.68802,15159.8,5.7,6.2,86.5,-59.6,0.0,127.7,0x20,405.002,10.2,1875,-1,2.4,,
2026-08-05T12:07:06.000Z,M20-403-2-02820,1469966826,43.77128,4.68809,15164.5,4.0,5.4,78.0,-59.7,0.0,127.6,0x20,405.002,10.9,1875,-1,2.4,,
2026-08-05T12:07:07.000Z,M20-403-2-02820,1469966827,43.77129,4.68815,15169.1,5.4,5.4,75.8,-59.7,0.0,127.5,0x20,405.002,13.2,1875,-1,2.4,,
2026-08-05T12:07:08.000Z,M20-403-2-02820,1469966828,43.77130,4.68822,15174.2,4.8,6.3,85.2,-59.7,0.0,127.4,0x20,405.002,14.6,1875,-1,2.4,,
2026-08-05T12:07:09.000Z,M20-403-2-02820,1469966829,43.77130,4.68831,15178.6,4.7,7.7,81.1,-59.7,0.0,127.3,0x20,405.002,14.6,1875,-1,2.4,,
2026-08-05T12:07:10.000Z,M20-403-2-02820,1469966830,43.77132,4.68841,15183.7,5.4,8.5,74.4,-59.8,0.0,127.2,0x20,405.002,14.6,1875,-1,2.4,,
2026-08-05T12:07:11.000Z,M20-403-2-02820,1469966831,43.77134,4.68851,15187.9,3.0,9.3,70.6,-59.8,0.0,127.1,0x20,405.002,14.1,1875,-1,2.4,,
2026-08-05T12:07:12.000Z,M20-403-2-02820,1469966832,43.77137,4.68862,15191.6,5.1,9.2,70.6,-59.8,0.0,127.0,0x20,405.002,14.1,1875,-1,2.4,,
2026-08-05T12:07:13.000Z,M20-403-2-02820,1469966833,43.77139,4.68873,15195.9,3.6,8.5,81.7,-59.9,0.0,126.9,0x20,405.002,13.7,1875,-1,2.4,,
2026-08-05T12:07:14.000Z,M20-403-2-02820,1469966834,43.77140,4.68883,15199.8,4.5,7.8,78.4,-59.9,0.0,126.8,0x20,405.002,3.4,1875,-1,2.4,,
2026-08-05T12:07:15.000Z,M20-403-2-02820,1469966835,43.77143,4.68892,15204.6,5.0,8.3,68.6,-59.9,0.0,126.7,0x20,405.002,3.0,1875,-1,2.4,,
2026-08-05T12:07:16.000Z,M20-403-2-02820,1469966836,43.77145,4.68901,15209.2,4.2,7.4,63.3,-59.9,0.0,126.6,0x20,405.002,3.9,1875,-1,2.4,,
2026-08-05T12:07:17.000Z,M20-403-2-02820,1469966837,43.77148,4.68909,15213.1,3.6,6.5,56.9,-59.9,0.0,126.6,0x20,405.002,12.6,1875,-1,2.4,,
2026-08-05T12:07:18.000Z,M20-403-2-02820,1469966838,43.77151,4.68915,15217.1,4.8,5.6,69.3,-59.9,0.0,126.5,0x20,405.002,12.6,1875,-1,2.4,,
2026-08-05T12:07:19.000Z,M20-403-2-02820,1469966839,43.77152,4.68921,15221.7,4.5,4.9,75.9,-60.0,0.0,126.3,0x20,405.002,12.4,1875,-1,2.4,,
2026-08-05T12:07:20.000Z,M20-403-2-02820,1469966840,43.77154,4.68928,15226.3,4.7,5.1,76.0,-60.0,0.0,126.3,0x20,405.002,13.9,1875,-1,2.4,,
2026-08-05T12:07:21.000Z,M20-403-2-02820,1469966841,43.77155,4.68934,15231.0,4.5,6.1,65.5,-60.0,0.0,126.2,0x20,405.002,14.8,1875,-1,2.4,,
2026-08-05T12:07:22.000Z,M20-403-2-02820,1469966842,43.77158,4.68942,15235.6,4.3,7.3,67.2,-60.0,0.0,126.1,0x20,405.002,15.4,1875,-1,2.4,,
2026-08-05T12:07:23.000Z,M20-403-2-02820,1469966843,43.77160,4.68951,15240.1,4.6,8.2,74.0,-60.0,0.0,126.0,0x20,405.002,15.4,1875,-1,2.4,,
2026-08-05T12:07:24.000Z,M20-403-2-02820,1469966844,43.77162,4.68961,15245.1,5.0,8.6,80.1,-59.9,0.0,125.9,0x20,405.002,15.5,1875,-1,2.4,,
2026-08-05T12:07:25.000Z,M20-403-2-02820,1469966845,43.77164,4.68971,15250.4,5.0,8.9,75.1,-59.9,0.0,125.8,0x20,405.002,15.7,1875,-1,2.4,,
2026-08-05T12:07:26.000Z,M20-403-2-02820,1469966846,43.77166,4.68982,15255.2,4.0,9.1,68.7,-60.0,0.0,125.7,0x20,405.002,15.7,1875,-1,2.4,,
2026-08-05T12:07:27.000Z,M20-403-2-02820,1469966847,43.77168,4.68991,15259.9,5.5,7.1,73.2,-60.0,0.0,125.6,0x20,405.002,3.7,1875,-1,2.4,,
2026-08-05T12:07:28.000Z,M20-403-2-02820,1469966848,43.77170,4.68999,15264.0,3.0,5.8,74.8,-60.0,0.0,125.5,0x20,405.002,3.0,1875,-1,2.4,,
2026-08-05T12:07:29.000Z,M20-403-2-02820,1469966849,43.77171,4.69005,15268.4,5.9,5.3,75.3,-60.0,0.0,125.4,0x20,405.002,3.5,1875,-1,2.4,,
2026-08-05T12:07:30.000Z,M20-403-2-02820,1469966850,43.77173,4.69012,15273.0,3.2,5.6,72.9,-60.0,0.0,125.3,0x20,405.002,13.5,1875,-1,2.4,,
2026-08-05T12:07:31.000Z,M20-403-2-02820,1469966851,43.77174,4.69019,15277.3,5.7,6.5,78.6,-60.1,0.0,125.2,0x20,405.002,15.2,1875,-1,2.4,,
2026-08-05T12:07:32.000Z,M20-403-2-02820,1469966852,43.77175,4.69027,15282.6,4.4,6.7,86.2,-60.1,0.0,125.1,0x20,405.002,16.1,1875,-1,2.4,,
2026-08-05T12:07:33.000Z,M20-403-2-02820,1469966853,43.77175,4.69036,15287.1,5.2,7.7,86.2,-60.2,0.0,125.0,0x20,405.002,16.1,1875,-1,2.4,,
2026-08-05T12:07:34.000Z,M20-403-2-02820,1469966854,43.77176,4.69046,15292.1,4.9,8.3,79.6,-60.2,0.0,124.9,0x20,405.002,16.2,1875,-1,2.4,,
2026-08-05T12:07:35.000Z,M20-403-2-02820,1469966855,43.77178,4.69056,15296.7,4.2,8.5,79.2,-60.2,0.0,124.8,0x20,405.002,16.2,1875,-1,2.4,,
2026-08-05T12:07:36.000Z,M20-403-2-02820,1469966856,43.77179,4.69066,15301.4,5.7,8.0,86.6,-60.2,0.0,124.8,0x20,405.002,16.6,1875,-1,2.4,,
2026-08-05T12:07:37.000Z,M20-403-2-02820,1469966857,43.77179,4.69076,15306.1,4.3,7.7,91.6,-60.2,0.0,124.7,0x20,405.002,16.6,1875,-1,2.4,,
2026-08-05T12:07:38.000Z,M20-403-2-02820,1469966858,43.77179,4.69085,15310.5,4.7,7.4,90.1,-60.3,0.0,124.6,0x20,405.002,16.7,1875,-1,2.4,,
2026-08-05T12:07:39.000Z,M20-403-2-02820,1469966859,43.77179,4.69095,15315.0,3.9,7.9,83.4,-60.3,0.0,124.5,0x20,405.002,16.7,1875,-1,2.4,,
2026-08-05T12:07:40.000Z,M20-403-2-02820,1469966860,43.77180,4.69104,15318.9,3.9,8.3,82.7,-60.3,0.0,124.4,0x20,405.002,3.4,1875,-1,2.4,,
2026-08-05T12:07:41.000Z,M20-403-2-02820,1469966861,43.77180,4.69114,15323.5,5.6,7.9,94.9,-60.3,0.0,124.3,0x20,405.002,4.4,1875,-1,2.4,,
2026-08-05T12:07:42.000Z,M20-403-2-02820,1469966862,43.77179,4.69123,15329.3,5.3,7.4,96.9,-60.3,0.0,124.2,0x20,405.002,4.7,1875,-1,2.4,,
2026-08-05T12:07:43.000Z,M20-403-2-02820,1469966863,43.77179,4.69132,15334.6,6.1,6.8,89.2,-60.4,0.0,124.1,0x20,405.002,15.3,1875,-1,2.4,,
2026-08-05T12:07:44.000Z,M20-403-2-02820,1469966864,43.77179,4.69140,15339.7,4.1,6.7,84.1,-60.4,0.0,124.0,0x20,405.002,15.9,1875,-1,2.4,,
2026-08-05T12:07:45.000Z,M20-403-2-02820,1469966865,43.77180,4.69148,15344.2,5.4,5.9,88.3,-60.4,0.0,123.9,0x20,405.002,17.2,1875,-1,2.4,,
2026-08-05T12:07:46.000Z,M20-403-2-02820,1469966866,43.77180,4.69155,15348.7,4.5,5.4,93.3,-60.4,0.0,123.8,0x20,405.002,17.2,1875,-1,2.4,,
2026-08-05T12:07:47.000Z,M20-403-2-02820,1469966867,43.77180,4.69161,15353.4,5.2,5.5,78.3,-60.5,0.0,123.7,0x20,405.002,15.5,1875,-1,2.4,,
2026-08-05T12:07:48.000Z,M20-403-2-02820,1469966868,43.77181,4.69169,15357.5,3.3,6.3,76.1,-60.5,0.0,123.6,0x20,405.002,17.3,1875,-1,2.4,,
2026-08-05T12:07:49.000Z,M20-403-2-02820,1469966869,43.77182,4.69177,15362.0,5.9,6.7,82.2,-60.5,0.0,123.5,0x20,405.002,17.3,1875,-1,2.4,,
2026-08-05T12:07:50.000Z,M20-403-2-02820,1469966870,43.77183,4.69185,15366.5,3.4,6.8,89.8,-60.5,0.0,123.4,0x20,405.002,15.8,1875,-1,2.4,,
2026-08-05T12:07:51.000Z,M20-403-2-02820,1469966871,43.77182,4.69193,15371.1,5.7,7.5,94.6,-60.5,0.0,123.3,0x20,405.002,17.5,1875,-1,2.4,,
2026-08-05T12:07:52.000Z,M20-403-2-02820,1469966872,43.77182,4.69203,15376.1,4.3,7.3,89.0,-60.6,0.0,123.2,0x20,405.002,17.5,1875,-1,2.4,,
2026-08-05T12:07:53.000Z,M20-403-2-02820,1469966873,43.77182,4.69211,15381.5,6.4,6.8,93.1,-60.6,0.0,123.1,0x20,405.002,3.3,1875,-1,2.4,,
2026-08-05T12:07:54.000Z,M20-403-2-02820,1469966874,43.77181,4.69219,15386.5,3.5,5.8,97.4,-60.5,0.0,123.0,0x20,405.002,3.9,1875,-1,2.4,,
2026-08-05T12:07:55.000Z,M20-403-2-02820,1469966875,43.77181,4.69225,15390.8,5.8,4.4,91.4,-60.5,0.0,122.9,0x20,405.002,3.9,1875,-1,2.4,,
2026-08-05T12:07:56.000Z,M20-403-2-02820,1469966876,43.77182,4.69231,15395.7,4.0,4.7,69.9,-60.5,0.0,122.8,0x20,405.002,14.2,1875,-1,2.4,,
2026-08-05T12:07:57.000Z,M20-403-2-02820,1469966877,43.77183,4.69236,15400.1,5.0,4.6,72.4,-60.5,0.0,122.7,0x20,405.002,15.0,1875,-1,2.4,,
2026-08-05T12:07:58.000Z,M20-403-2-02820,1469966878,43.77184,4.69241,15405.1,4.5,4.2,80.0,-60.5,0.0,122.6,0x20,405.002,15.0,1875,-1,2.4,,
2026-08-05T12:07:59.000Z,M20-403-2-02820,1469966879,43.77184,4.69247,15409.6,4.4,4.6,86.0,-60.4,0.0,122.5,0x20,405.002,15.0,1875,-1,2.4,,
2026-08-05T12:08:00.000Z,M20-403-2-02820,1469966880,43.77185,4.69253,15414.4,5.5,5.1,75.4,-60.4,0.0,122.4,0x20,405.002,14.7,1875,-1,2.4,,
2026-08-05T12:08:01.000Z,M20-403-2-02820,1469966881,43.77187,4.69259,15419.3,4.5,5.6,64.3,-60.4,0.0,122.3,0x20,405.002,14.9,1875,-1,2.4,,
2026-08-05T12:08:02.000Z,M20-403-2-02820,1469966882,43.77189,4.69265,15423.4,3.7,5.4,59.1,-60.4,0.0,122.2,0x20,405.002,14.9,1875,-1,2.4,,
2026-08-05T12:08:03.000Z,M20-403-2-02820,1469966883,43.77191,4.69271,15427.8,5.1,5.2,64.9,-60.3,0.0,122.1,0x20,405.002,16.6,1875,-1,2.4,,
2026-08-05T12:08:04.000Z,M20-403-2-02820,1469966884,43.77193,4.69276,15432.1,3.7,4.5,72.9,-60.3,0.0,122.1,0x20,405.002,16.6,1875,-1,2.4,,
2026-08-05T12:08:05.000Z,M20-403-2-02820,1469966885,43.77194,4.69281,15436.4,4.5,4.8,75.2,-60.3,0.0,122.0,0x20,405.002,16.3,1875,-1,2.4,,
2026-08-05T12:08:06.000Z,M20-403-2-02820,1469966886,43.77196,4.69288,15441.1,4.9,6.3,62.7,-60.3,0.0,121.9,0x20,405.002,10.5,1875,-1,2.4,,
2026-08-05T12:08:07.000Z,M20-403-2-02820,1469966887,43.77199,4.69295,15445.6,4.3,6.8,60.3,-60.2,0.0,121.8,0x20,405.002,3.7,1875,-1,2.4,,
2026-08-05T12:08:08.000Z,M20-403-2-02820,1469966888,43.77201,4.69302,15450.6,5.2,6.9,61.9,-60.2,0.0,121.7,0x20,405.002,3.7,1875,-1,2.4,,
2026-08-05T12:08:09.000Z,M20-403-2-02820,1469966889,43.77204,4.69310,15455.6,4.7,6.6,65.2,-60.1,0.0,121.6,0x20,405.002,12.3,1875,-1,2.4,,
2026-08-05T12:08:10.000Z,M20-403-2-02820,1469966890,43.77207,4.69317,15460.7,5.3,7.7,63.0,-60.1,0.0,121.5,0x20,405.002,15.3,1875,-1,2.4,,
2026-08-05T12:08:11.000Z,M20-403-2-02820,1469966891,43.77210,4.69326,15465.1,3.8,7.9,63.1,-60.1,0.0,121.4,0x20,405.002,15.3,1875,-1,2.4,,
2026-08-05T12:08:12.000Z,M20-403-2-02820,1469966892,43.77213,4.69334,15469.9,5.4,6.6,75.9,-60.1,0.0,121.3,0x20,405.002,15.5,1875,-1,2.4,,
2026-08-05T12:08:13.000Z,M20-403-2-02820,1469966893,43.77214,4.69342,15474.5,4.1,5.9,81.1,-60.1,0.0,121.2,0x20,405.002,15.5,1875,-1,2.4,,
2026-08-05T12:08:14.000Z,M20-403-2-02820,1469966894,43.77215,4.69349,15479.3,5.6,5.9,76.1,-60.1,0.0,121.1,0x20,405.002,13.8,1875,-1,2.4,,
2026-08-05T12:08:15.000Z,M20-403-2-02820,1469966895,43.77216,4.69356,15483.9,3.7,6.5,66.4,-60.1,0.0,121.0,0x20,405.002,15.9,1875,-1,2.4,,
2026-08-05T12:08:16.000Z,M20-403-2-02820,1469966896,43.77219,4.69364,15488.7,5.7,7.1,70.6,-60.1,0.0,120.9,0x20,405.002,15.9,1875,-1,2.4,,
2026-08-05T12:08:17.000Z,M20-403-2-02820,1469966897,43.77221,4.69373,15493.2,3.9,7.5,72.5,-60.1,0.0,120.8,0x20,405.002,16.0,1875,-1,2.4,,
2026-08-05T12:08:18.000Z,M20-403-2-02820,1469966898,43.77223,4.69382,15497.7,5.3,8.9,65.8,-60.2,0.0,120.7,0x20,405.002,16.0,1875,-1,2.4,,
2026-08-05T12:08:19.000Z,M20-403-2-02820,1469966899,43.77227,4.69393,15502.4,3.6,9.4,62.4,-60.1,0.0,120.6,0x20,405.002,16.0,1875,-1,2.4,,
2026-08-05T12:08:20.000Z,M20-403-2-02820,1469966900,43.77230,4.69403,15507.5,6.4,8.6,64.7,-60.2,0.0,120.5,0x20,405.002,5.0,1875,-1,2.4,,
2026-08-05T12:08:21.000Z,M20-403-2-02820,1469966901,43.77233,4.69412,15512.6,4.0,7.9,76.1,-60.1,0.0,120.5,0x20,405.002,7.1,1875,-1,2.4,,
2026-08-05T12:08:22.000Z,M20-403-2-02820,1469966902,43.77234,4.69422,15518.0,6.5,7.6,72.9,-60.1,0.0,120.3,0x20,405.002,14.2,1875,-1,2.4,,
2026-08-05T12:08:23.000Z,M20-403-2-02820,1469966903,43.77236,4.69430,15522.5,2.8,7.4,68.4,-60.1,0.0,120.3,0x20,405.002,15.0,1875,-1,2.4,,
2026-08-05T12:08:24.000Z,M20-403-2-02820,1469966904,43.77238,4.69439,15526.8,5.6,7.3,74.9,-60.2,0.0,120.2,0x20,405.002,15.0,1875,-1,2.4,,
2026-08-05T12:08:25.000Z,M20-403-2-02820,1469966905,43.77239,4.69448,15531.9,4.0,6.6,80.8,-60.2,0.0,120.1,0x20,405.002,16.1,1875,-1,2.4,,
2026-08-05T12:08:26.000Z,M20-403-2-02820,1469966906,43.77241,4.69456,15537.1,5.9,6.9,74.7,-60.2,0.0,120.0,0x20,405.002,16.1,1875,-1,2.4,,
2026-08-05T12:08:27.000Z,M20-403-2-02820,1469966907,43.77242,4.69464,15542.0,3.0,7.6,71.3,-60.3,0.0,119.9,0x20,405.002,15.1,1875,-1,2.4,,
2026-08-05T12:08:28.000Z,M20-403-2-02820,1469966908,43.77245,4.69473,15546.6,5.8,8.0,73.5,-60.3,0.0,119.8,0x20,405.002,14.9,1875,-1,2.4,,
2026-08-05T12:08:29.000Z,M20-403-2-02820,1469966909,43.77246,4.69483,15551.7,4.1,8.1,80.7,-60.3,0.0,119.7,0x20,405.002,16.8,1875,-1,2.4,,
2026-08-05T12:08:30.000Z,M20-403-2-02820,1469966910,43.77248,4.69492,15556.4,5.8,7.8,73.9,-60.3,0.0,119.6,0x20,405.002,17.6,1875,-1,2.4,,
2026-08-05T12:08:31.000Z,M20-403-2-02820,1469966911,43.77250,4.69501,15561.8,4.2,7.9,67.8,-60.3,0.0,119.5,0x20,405.002,17.6,1875,-1,2.4,,
2026-08-05T12:08:32.000Z,M20-403-2-02820,1469966912,43.77252,4.69510,15566.7,5.4,7.1,75.0,-60.3,0.0,119.4,0x20,405.002,4.3,1875,-1,2.4,,
2026-08-05T12:08:33.000Z,M20-403-2-02820,1469966913,43.77253,4.69518,15571.3,4.1,6.8,85.8,-60.3,0.0,119.3,0x20,405.002,3.7,1875,-1,2.4,,
2026-08-05T12:08:34.000Z,M20-403-2-02820,1469966914,43.77254,4.69526,15575.9,5.2,6.3,90.4,-60.3,0.0,119.2,0x20,405.002,6.9,1875,-1,2.4,,
2026-08-05T12:08:35.000Z,M20-403-2-02820,1469966915,43.77254,4.69534,15580.4,4.2,6.3,83.0,-60.4,0.0,119.1,0x20,405.002,15.9,1875,-1,2.4,,
2026-08-05T12:08:36.000Z,M20-403-2-02820,1469966916,43.77255,4.69542,15585.1,5.8,6.2,85.6,-60.3,0.0,119.0,0x20,405.002,15.9,1875,-1,2.4,,
2026-08-05T12:08:37.000Z,M20-403-2-02820,1469966917,43.77255,4.69550,15590.3,4.5,6.5,93.1,-60.3,0.0,118.9,0x20,405.002,14.3,1875,-1,2.4,,
2026-08-05T12:08:38.000Z,M20-403-2-02820,1469966918,43.77254,4.69558,15595.3,5.4,6.7,96.7,-60.3,0.0,118.8,0x20,405.002,14.8,1875,-1,2.4,,
2026-08-05T12:08:39.000Z,M20-403-2-02820,1469966919,43.77254,4.69566,15600.1,4.6,7.2,88.1,-60.3,0.0,118.7,0x20,405.002,16.7,1875,-1,2.4,,
2026-08-05T12:08:40.000Z,M20-403-2-02820,1469966920,43.77255,4.69575,15604.6,4.5,7.8,77.2,-60.3,0.0,118.7,0x20,405.002,16.7,1875,-1,2.4,,
2026-08-05T12:08:41.000Z,M20-403-2-02820,1469966921,43.77256,4.69585,15609.5,5.6,8.3,84.8,-60.3,0.0,118.5,0x20,405.002,17.3,1875,-1,2.4,,
2026-08-05T12:08:42.000Z,M20-403-2-02820,1469966922,43.77256,4.69596,15614.7,5.0,8.6,92.1,-60.3,0.0,118.5,0x20,405.002,17.3,1875,-1,2.4,,
2026-08-05T12:08:43.000Z,M20-403-2-02820,1469966923,43.77256,4.69606,15619.8,5.5,7.7,89.1,-60.2,0.0,118.3,0x20,405.002,17.7,1875,-1,2.4,,
2026-08-05T12:08:44.000Z,M20-403-2-02820,1469966924,43.77256,4.69615,15624.4,3.5,7.0,88.6,-60.2,0.0,118.3,0x20,405.002,17.7,1875,-1,2.4,,
2026-08-05T12:08:45.000Z,M20-403-2-02820,1469966925,43.77256,4.69623,15628.9,5.6,6.3,94.4,-60.2,0.0,118.2,0x20,405.002,5.5,1875,-1,2.4,,
2026-08-05T12:08:46.000Z,M20-403-2-02820,1469966926,43.77255,4.69631,15634.1,4.5,5.8,105.9,-60.2,0.0,118.1,0x20,405.002,3.2,1875,-1,2.4,,
2026-08-05T12:08:47.000Z,M20-403-2-02820,1469966927,43.77254,4.69637,15639.4,5.9,5.1,99.3,-60.2,0.0,118.0,0x20,405.002,12.0,1875,-1,2.4,,
2026-08-05T12:08:48.000Z,M20-403-2-02820,1469966928,43.77254,4.69644,15644.3,4.2,5.4,84.9,-60.0,0.0,117.9,0x20,405.002,15.3,1875,-1,2.4,,
2026-08-05T12:08:49.000Z,M20-403-2-02820,1469966929,43.77254,4.69650,15648.8,5.2,5.0,93.3,-60.0,0.0,117.8,0x20,405.002,15.3,1875,-1,2.4,,
2026-08-05T12:08:50.000Z,M20-403-2-02820,1469966930,43.77253,4.69657,15653.6,4.5,5.7,105.8,-59.9,0.0,117.7,0x20,405.002,15.3,1875,-1,2.4,,
2026-08-05T12:08:51.000Z,M20-403-2-02820,1469966931,43.77253,4.69664,15658.8,5.3,5.9,89.1,-59.7,0.0,117.5,0x20,405.002,16.7,1875,-1,2.4,,
2026-08-05T12:08:52.000Z,M20-403-2-02820,1469966932,43.77253,4.69672,15663.5,3.8,6.3,85.4,-59.6,0.0,117.5,0x20,405.002,16.7,1875,-1,2.4,,
2026-08-05T12:08:53.000Z,M20-403-2-02820,1469966933,43.77253,4.69679,15668.1,5.4,5.7,97.7,-59.6,0.0,117.4,0x20,405.002,15.1,1875,-1,2.4,,
2026-08-05T12:08:54.000Z,M20-403-2-02820,1469966934,43.77251,4.69686,15673.0,4.5,5.6,117.5,-59.4,0.0,117.3,0x20,405.002,14.7,1875,-1,2.4,,
2026-08-05T12:08:55.000Z,M20-403-2-02820,1469966935,43.77249,4.69692,15677.8,5.3,5.1,113.3,-59.4,0.0,117.2,0x20,405.002,15.6,1875,-1,2.4,,
2026-08-05T12:08:56.000Z,M20-403-2-02820,1469966936,43.77248,4.69697,15682.9,4.8,4.6,109.9,-59.3,0.0,117.1,0x20,405.002,17.2,1875,-1,2.4,,
2026-08-05T12:08:57.000Z,M20-403-2-02820,1469966937,43.77247,4.69702,15687.4,4.8,3.9,96.1,-59.3,0.0,117.0,0x20,405.002,17.2,1875,-1,2.4,,
2026-08-05T12:08:58.000Z,M20-403-2-02820,1469966938,43.77246,4.69707,15692.6,5.8,4.0,98.1,-59.3,0.0,116.9,0x20,405.002,6.0,1875,-1,2.4,,
2026-08-05T12:08:59.000Z,M20-403-2-02820,1469966939,43.77246,4.69711,15698.3,5.4,3.2,102.2,-59.2,0.0,116.8,0x20,405.002,4.4,1875,-1,2.4,,
2026-08-05T12:09:00.000Z,M20-403-2-02820,1469966940,43.77246,4.69715,15703.9,6.0,3.8,69.3,-59.2,0.0,116.7,0x20,405.002,3.5,1875,-1,2.4,,
2026-08-05T12:09:01.000Z,M20-403-2-02820,1469966941,43.77248,4.69720,15708.4,3.3,5.2,55.7,-59.1,0.0,116.6,0x20,405.002,14.3,1875,-1,2.4,,
2026-08-05T12:09:02.000Z,M20-403-2-02820,1469966942,43.77251,4.69724,15713.6,7.1,4.5,56.9,-59.0,0.0,116.5,0x20,405.002,14.4,1875,-1,2.4,,
2026-08-05T12:09:03.000Z,M20-403-2-02820,1469966943,43.77252,4.69728,15719.2,3.8,3.5,73.0,-58.9,0.0,116.4,0x20,405.002,14.8,1875,-1,2.4,,
2026-08-05T12:09:04.000Z,M20-403-2-02820,1469966944,43.77253,4.69732,15725.0,7.2,2.7,73.8,-58.7,0.0,116.3,0x20,405.002,16.3,1875,-1,2.4,,
2026-08-05T12:09:05.000Z,M20-403-2-02820,1469966945,43.77254,4.69735,15731.8,6.2,3.1,53.3,-58.5,0.0,116.2,0x20,405.002,17.5,1875,-1,2.4,,
2026-08-05T12:09:06.000Z,M20-403-2-02820,1469966946,43.77256,4.69737,15737.0,4.4,3.0,42.6,-58.4,0.0,116.1,0x20,405.002,17.5,1875,-1,2.4,,
2026-08-05T12:09:07.000Z,M20-403-2-02820,1469966947,43.77258,4.69739,15741.6,4.7,1.6,2.1,-58.3,0.0,116.0,0x20,405.002,15.4,1875,-1,2.4,,
2026-08-05T12:09:08.000Z,M20-403-2-02820,1469966948,43.77259,4.69738,15746.5,5.4,1.0,330.5,-58.2,0.0,115.9,0x20,405.002,16.6,1875,-1,2.4,,
2026-08-05T12:09:09.000Z,M20-403-2-02820,1469966949,43.77259,4.69738,15751.7,5.2,0.6,68.2,-58.2,0.0,115.8,0x20,405.002,17.1,1875,-1,2.4,,
2026-08-05T12:09:10.000Z,M20-403-2-02820,1469966950,43.77260,4.69740,15757.4,6.1,2.5,52.1,-58.2,0.0,115.7,0x20,405.002,17.1,1875,-1,2.4,,
2026-08-05T12:09:11.000Z,M20-403-2-02820,1469966951,43.77262,4.69743,15762.5,4.2,4.8,44.5,-58.2,0.0,115.6,0x20,405.002,15.6,1875,-1,2.4,,
2026-08-05T12:09:12.000Z,M20-403-2-02820,1469966952,43.77266,4.69747,15766.7,4.8,5.5,33.2,-58.1,0.0,115.5,0x20,405.002,3.3,1875,-1,2.4,,
2026-08-05T12:09:13.000Z,M20-403-2-02820,1469966953,43.77270,4.69750,15772.3,6.1,4.5,15.2,-58.2,0.0,115.4,0x20,405.002,3.4,1875,-1,2.4,,
2026-08-05T12:09:14.000Z,M20-403-2-02820,1469966954,43.77273,4.69750,15776.9,3.3,3.3,0.2,-58.1,0.0,115.3,0x20,405.002,16.6,1875,-1,2.4,,
2026-08-05T12:09:15.000Z,M20-403-2-02820,1469966955,43.77276,4.69750,15781.4,5.7,1.7,5.3,-58.2,0.0,115.2,0x20,405.002,17.2,1875,-1,2.4,,
2026-08-05T12:09:16.000Z,M20-403-2-02820,1469966956,43.77277,4.69751,15786.3,4.1,1.4,32.3,-58.2,0.0,115.2,0x20,405.002,17.2,1875,-1,2.4,,
2026-08-05T12:09:17.000Z,M20-403-2-02820,1469966957,43.77278,4.69752,15790.9,5.1,1.5,26.2,-58.2,0.0,115.1,0x20,405.002,17.6,1875,-1,2.4,,
2026-08-05T12:09:18.000Z,M20-403-2-02820,1469966958,43.77279,4.69753,15796.4,5.7,2.0,352.9,-58.2,0.0,115.0,0x20,405.002,17.6,1875,-1,2.4,,
2026-08-05T12:09:19.000Z,M20-403-2-02820,1469966959,43.77281,4.69752,15801.8,5.0,2.2,349.6,-58.2,0.0,114.9,0x20,405.002,17.5,1875,-1,2.4,,
2026-08-05T12:09:20.000Z,M20-403-2-02820,1469966960,43.77283,4.69753,15807.8,6.6,2.9,19.6,-58.3,0.0,114.8,0x20,405.002,17.1,1875,-1,2.4,,
2026-08-05T12:09:21.000Z,M20-403-2-02820,1469966961,43.77286,4.69755,15812.5,3.1,4.3,38.7,-58.2,0.0,114.7,0x20,405.002,17.2,1875,-1,2.4,,
2026-08-05T12:09:22.000Z,M20-403-2-02820,1469966962,43.77289,4.69758,15816.7,5.2,4.6,27.1,-58.3,0.0,114.6,0x20,405.002,17.2,1875,-1,2.4,,
2026-08-05T12:09:23.000Z,M20-403-2-02820,1469966963,43.77293,4.69759,15822.0,5.2,4.3,4.2,-58.3,0.0,114.5,0x20,405.002,14.8,1875,-1,2.4,,
2026-08-05T12:09:24.000Z,M20-403-2-02820,1469966964,43.77297,4.69759,15826.6,3.9,4.3,352.5,-58.3,0.0,114.4,0x20,405.002,4.3,1875,-1,2.4,,
2026-08-05T12:09:25.000Z,M20-403-2-02820,1469966965,43.77301,4.69758,15831.3,5.6,4.0,353.0,-58.3,0.0,114.3,0x20,405.002,4.0,1875,-1,2.4,,
2026-08-05T12:09:26.000Z,M20-403-2-02820,1469966966,43.77304,4.69758,15836.2,4.3,3.7,1.2,-58.4,0.0,114.2,0x20,405.002,3.6,1875,-1,2.4,,
2026-08-05T12:09:27.000Z,M20-403-2-02820,1469966967,43.77307,4.69758,15840.8,5.0,2.4,4.2,-58.4,0.0,114.2,0x20,405.002,8.5,1875,-1,2.4,,
2026-08-05T12:09:28.000Z,M20-403-2-02820,1469966968,43.77309,4.69758,15845.1,3.5,2.1,342.8,-58.4,0.0,114.1,0x20,405.002,15.6,1875,-1,2.4,,
2026-08-05T12:09:29.000Z,M20-403-2-02820,1469966969,43.77311,4.69758,15849.5,5.0,2.4,8.2,-58.4,0.0,114.0,0x20,405.002,17.7,1875,-1,2.4,,
2026-08-05T12:09:30.000Z,M20-403-2-02820,1469966970,43.77314,4.69759,15854.2,4.6,3.9,27.8,-58.4,0.0,113.9,0x20,405.002,17.8,1875,-1,2.4,,
2026-08-05T12:09:31.000Z,M20-403-2-02820,1469966971,43.77317,4.69762,15858.4,4.3,5.2,30.4,-58.4,0.0,113.8,0x20,405.002,17.8,1875,-1,2.4,,
2026-08-05T12:09:32.000Z,M20-403-2-02820,1469966972,43.77321,4.69764,15863.5,5.5,4.8,23.5,-58.5,0.0,113.7,0x20,405.002,16.7,1875,-1,2.4,,
2026-08-05T12:09:33.000Z,M20-403-2-02820,1469966973,43.77325,4.69766,15869.1,5.1,4.4,12.9,-58.5,0.0,113.7,0x20,405.002,17.1,1875,-1,2.4,,
2026-08-05T12:09:34.000Z,M20-403-2-02820,1469966974,43.77329,4.69767,15874.3,5.6,5.3,13.0,-58.5,0.0,113.5,0x20,405.002,17.1,1875,-1,2.4,,
2026-08-05T12:09:35.000Z,M20-403-2-02820,1469966975,43.77334,4.69769,15879.3,4.5,5.7,13.1,-58.5,0.0,113.5,0x20,405.002,17.3,1875,-1,2.4,,
2026-08-05T12:09:36.000Z,M20-403-2-02820,1469966976,43.77340,4.69771,15883.6,4.3,6.0,20.2,-58.6,0.0,113.4,0x20,405.002,17.3,1875,-1,2.4,,
2026-08-05T12:09:37.000Z,M20-403-2-02820,1469966977,43.77344,4.69773,15888.2,5.3,4.7,27.4,-58.6,0.0,113.3,0x20,405.002,16.3,1875,-1,2.4,,
2026-08-05T12:09:38.000Z,M20-403-2-02820,1469966978,43.77347,4.69775,15892.6,3.9,3.0,24.0,-58.7,0.0,113.2,0x20,405.002,3.5,1875,-1,2.4,,
2026-08-05T12:09:39.000Z,M20-403-2-02820,1469966979,43.77349,4.69777,15896.5,5.0,2.7,18.9,-58.6,0.0,113.1,0x20,405.002,3.1,1875,-1,2.4,,
2026-08-05T12:09:40.000Z,M20-403-2-02820,1469966980,43.77352,4.69778,15901.7,5.9,4.1,24.0,-58.7,0.0,113.0,0x20,405.002,12.3,1875,-1,2.4,,
2026-08-05T12:09:41.000Z,M20-403-2-02820,1469966981,43.77356,4.69780,15906.9,4.5,5.3,18.1,-58.8,0.0,113.0,0x20,405.002,15.9,1875,-1,2.4,,
2026-08-05T12:09:42.000Z,M20-403-2-02820,1469966982,43.77361,4.69782,15911.9,5.3,5.3,9.6,-58.8,0.0,112.8,0x20,405.002,16.7,1875,-1,2.4,,
2026-08-05T12:09:43.000Z,M20-403-2-02820,1469966983,43.77365,4.69783,15916.7,4.6,5.2,12.0,-58.8,0.0,112.8,0x20,405.002,16.7,1875,-1,2.4,,
2026-08-05T12:09:44.000Z,M20-403-2-02820,1469966984,43.77370,4.69786,15921.6,5.3,6.4,24.8,-58.8,0.0,112.7,0x20,405.002,16.3,1875,-1,2.4,,
2026-08-05T12:09:45.000Z,M20-403-2-02820,1469966985,43.77376,4.69790,15926.4,4.6,7.3,31.2,-58.8,0.0,112.6,0x20,405.002,15.3,1875,-1,2.4,,
2026-08-05T12:09:46.000Z,M20-403-2-02820,1469966986,43.77381,4.69795,15931.1,5.1,6.5,38.6,-58.9,0.0,112.5,0x20,405.002,15.4,1875,-1,2.4,,
2026-08-05T12:09:47.000Z,M20-403-2-02820,1469966987,43.77385,4.69800,15935.8,5.0,4.9,48.2,-58.9,0.0,112.4,0x20,405.002,16.1,1875,-1,2.4,,
2026-08-05T12:09:48.000Z,M20-403-2-02820,1469966988,43.77387,4.69804,15939.7,3.6,4.4,56.2,-58.9,0.0,112.4,0x20,405.002,16.5,1875,-1,2.4,,
2026-08-05T12:09:49.000Z,M20-403-2-02820,1469966989,43.77390,4.69809,15943.8,5.6,4.9,49.8,-58.9,0.0,112.3,0x20,405.002,17.1,1875,-1,2.4,,
2026-08-05T12:09:50.000Z,M20-403-2-02820,1469966990,43.77393,4.69814,15948.8,4.1,5.7,43.6,-58.9,0.0,112.2,0x20,405.002,17.1,1875,-1,2.4,,
2026-08-05T12:09:51.000Z,M20-403-2-02820,1469966991,43.77397,4.69819,15952.9,4.4,6.4,36.6,-58.9,0.0,112.1,0x20,405.002,17.1,1875,-1,2.4,,
2026-08-05T12:09:52.000Z,M20-403-2-02820,1469966992,43.77402,4.69824,15957.0,4.0,6.0,31.6,-58.9,0.0,112.0,0x20,405.002,3.9,1875,-1,2.4,,
2026-08-05T12:09:53.000Z,M20-403-2-02820,1469966993,43.77407,4.69827,15961.9,6.0,6.1,28.6,-59.0,0.0,111.9,0x20,405.002,15.0,1875,-1,2.4,,
2026-08-05T12:09:54.000Z,M20-403-2-02820,1469966994,43.77412,4.69831,15966.9,3.6,6.8,25.9,-59.0,0.0,111.8,0x20,405.002,16.9,1875,-1,2.4,,
2026-08-05T12:09:55.000Z,M20-403-2-02820,1469966995,43.77417,4.69835,15971.4,5.2,6.7,35.8,-59.0,0.0,111.8,0x20,405.002,16.9,1875,-1,2.4,,
2026-08-05T12:09:56.000Z,M20-403-2-02820,1469966996,43.77421,4.69840,15976.0,4.4,5.6,46.7,-59.0,0.0,111.7,0x20,405.002,16.9,1875,-1,2.4,,
2026-08-05T12:09:57.000Z,M20-403-2-02820,1469966997,43.77424,4.69846,15981.1,6.0,6.2,58.6,-59.0,0.0,111.6,0x20,405.002,16.0,1875,-1,2.4,,
2026-08-05T12:09:58.000Z,M20-403-2-02820,1469966998,43.77428,4.69852,15986.9,4.8,7.0,56.3,-59.1,0.0,111.5,0x20,405.002,16.1,1875,-1,2.4,,
2026-08-05T12:09:59.000Z,M20-403-2-02820,1469966999,43.77431,4.69859,15991.5,4.8,7.4,54.8,-59.0,0.0,111.4,0x20,405.002,16.6,1875,-1,2.4,,
2026-08-05T12:10:00.000Z,M20-403-2-02820,1469967000,43.77435,4.69867,15996.3,4.3,7.1,54.0,-59.1,0.0,111.3,0x20,405.002,17.8,1875,-1,2.4,,
2026-08-05T12:10:01.000Z,M20-403-2-02820,1469967001,43.77439,4.69873,16001.2,6.0,6.2,51.9,-59.0,0.0,111.2,0x20,405.002,17.9,1875,-1,2.4,,
2026-08-05T12:10:02.000Z,M20-403-2-02820,1469967002,43.77443,4.69879,16006.5,4.8,6.4,39.6,-59.0,0.0,111.1,0x20,405.002,17.9,1875,-1,2.4,,
2026-08-05T12:10:03.000Z,M20-403-2-02820,1469967003,43.77448,4.69884,16011.2,5.1,6.7,29.7,-59.0,0.0,111.0,0x20,405.002,4.8,1875,-1,2.4,,
2026-08-05T12:10:04.000Z,M20-403-2-02820,1469967004,43.77453,4.69887,16016.3,5.3,5.6,26.4,-58.9,0.0,111.0,0x20,405.002,6.0,1875,-1,2.4,,
2026-08-05T12:10:05.000Z,M20-403-2-02820,1469967005,43.77457,4.69890,16021.9,5.9,4.6,23.6,-58.8,0.0,110.8,0x20,405.002,6.0,2625,-1,2.4,,
2026-08-05T12:10:06.000Z,M20-403-2-02820,1469967006,43.77461,4.69892,16027.2,5.4,5.8,19.4,-58.7,0.0,110.8,0x20,405.002,9.7,2625,-1,2.4,,
2026-08-05T12:10:08.000Z,M20-403-2-02820,1469967008,43.77470,4.69897,16036.5,5.6,4.7,24.5,-58.5,0.0,110.6,0x20,405.002,11.1,2625,-1,2.4,,
2026-08-05T12:10:09.000Z,M20-403-2-02820,1469967009,43.77474,4.69900,16041.4,4.7,4.2,26.0,-58.4,0.0,110.5,0x20,405.002,11.3,2625,-1,2.4,,
2026-08-05T12:10:10.000Z,M20-403-2-02820,1469967010,43.77478,4.69902,16046.6,6.1,5.1,24.6,-58.3,0.0,110.4,0x20,405.002,11.3,2625,-1,2.4,,
2026-08-05T12:10:11.000Z,M20-403-2-02820,1469967011,43.77482,4.69905,16051.1,3.1,5.7,20.5,-58.3,0.0,110.3,0x20,405.002,10.2,2625,-1,2.4,,
2026-08-05T12:10:12.000Z,M20-403-2-02820,1469967012,43.77487,4.69907,16055.6,5.8,5.5,10.7,-58.2,0.0,110.2,0x20,405.002,11.3,2625,-1,2.4,,
2026-08-05T12:10:13.000Z,M20-403-2-02820,1469967013,43.77492,4.69908,16059.9,2.7,4.6,15.4,-58.2,0.0,110.1,0x20,405.002,11.3,2625,-1,2.4,,
2026-08-05T12:10:16.000Z,M20-403-2-02820,1469967016,43.77508,4.69914,16074.4,5.4,7.2,11.7,-58.2,0.0,109.9,0x20,405.002,7.4,2625,-1,2.4,,
2026-08-05T12:10:17.000Z,M20-403-2-02820,1469967017,43.77513,4.69915,16079.8,5.3,5.5,15.1,-58.2,0.0,109.8,0x20,405.002,6.7,2625,-1,2.4,,
2026-08-05T12:10:18.000Z,M20-403-2-02820,1469967018,43.77517,4.69917,16084.5,3.5,4.7,20.5,-58.2,0.0,109.7,0x20,405.002,6.7,2625,-1,2.4,,
2026-08-05T12:10:19.000Z,M20-403-2-02820,1469967019,43.77521,4.69920,16088.4,4.2,4.6,28.2,-58.2,0.0,109.6,0x20,405.002,9.0,2625,-1,2.4,,
2026-08-05T12:10:20.000Z,M20-403-2-02820,1469967020,43.77525,4.69923,16093.2,4.9,5.7,28.6,-58.3,0.0,109.5,0x20,405.002,10.7,2625,-1,2.4,,
2026-08-05T12:10:21.000Z,M20-403-2-02820,1469967021,43.77530,4.69926,16098.1,4.5,6.0,19.2,-58.2,0.0,109.5,0x20,405.002,11.2,2625,-1,2.4,,
2026-08-05T12:10:22.000Z,M20-403-2-02820,1469967022,43.77535,4.69928,16102.7,5.2,5.8,4.4,-58.3,0.0,109.4,0x20,405.002,11.2,2625,-1,2.4,,
2026-08-05T12:10:23.000Z,M20-403-2-02820,1469967023,43.77540,4.69928,16107.6,4.1,5.5,359.2,-58.3,0.0,109.3,0x20,405.002,10.3,2625,-1,2.4,,
2026-08-05T12:10:24.000Z,M20-403-2-02820,1469967024,43.77545,4.69928,16112.1,5.4,5.9,356.6,-58.4,0.0,109.2,0x20,405.002,7.6,2625,-1,2.4,,
2026-08-05T12:10:25.000Z,M20-403-2-02820,1469967025,43.77551,4.69928,16116.2,3.2,6.9,0.9,-58.4,0.0,109.1,0x20,405.002,8.2,2625,-1,2.4,,
2026-08-05T12:10:29.000Z,M20-403-2-02820,1469967029,43.77571,4.69934,16133.5,5.9,5.8,27.1,-58.3,0.0,108.8,0x20,405.002,7.5,2625,-1,2.4,,
2026-08-05T12:10:31.000Z,M20-403-2-02820,1469967031,43.77582,4.69940,16141.8,5.4,6.6,16.8,-58.3,0.0,108.7,0x20,405.002,5.8,2250,-1,2.4,,
2026-08-05T12:10:32.000Z,M20-403-2-02820,1469967032,43.77587,4.69942,16146.7,3.9,5.9,9.2,-58.3,0.0,108.6,0x20,405.002,6.6,2250,-1,2.4,,
2026-08-05T12:10:33.000Z,M20-403-2-02820,1469967033,43.77593,4.69943,16151.0,5.2,6.6,358.7,-58.3,0.0,108.5,0x20,405.002,8.2,2250,-1,2.4,,
2026-08-05T12:10:34.000Z,M20-403-2-02820,1469967034,43.77600,4.69942,16156.3,4.8,8.4,356.8,-58.4,0.0,108.4,0x20,405.002,9.7,2250,-1,2.4,,
2026-08-05T12:10:35.000Z,M20-403-2-02820,1469967035,43.77608,4.69942,16161.5,5.4,9.3,3.6,-58.3,0.0,108.3,0x20,405.002,11.6,2250,-1,2.4,,
2026-08-05T12:10:36.000Z,M20-403-2-02820,1469967036,43.77616,4.69944,16167.0,6.3,8.7,15.7,-58.4,0.0,108.2,0x20,405.002,11.6,2250,-1,2.4,,
2026-08-05T12:10:37.000Z,M20-403-2-02820,1469967037,43.77622,4.69948,16171.6,3.2,7.4,25.9,-58.3,0.0,108.2,0x20,405.002,11.2,2250,-1,2.4,,
2026-08-05T12:10:38.000Z,M20-403-2-02820,1469967038,43.77628,4.69953,16175.8,4.8,7.9,36.5,-58.3,0.0,108.1,0x20,405.002,12.5,2250,-1,2.4,,
2026-08-05T12:10:39.000Z,M20-403-2-02820,1469967039,43.77634,4.69958,16181.0,5.7,8.1,36.9,-58.3,0.0,108.0,0x20,405.002,12.5,2250,-1,2.4,,
2026-08-05T12:10:40.000Z,M20-403-2-02820,1469967040,43.77640,4.69965,16186.0,5.2,8.6,31.7,-58.3,0.0,107.9,0x20,405.002,12.0,2250,-1,2.4,,
2026-08-05T12:10:41.000Z,M20-403-2-02820,1469967041,43.77646,4.69969,16190.8,5.1,7.3,25.8,-58.3,0.0,107.8,0x20,405.002,12.0,2250,-1,2.4,,
2026-08-05T12:10:42.000Z,M20-403-2-02820,1469967042,43.77652,4.69972,16196.0,5.2,6.4,16.8,-58.2,0.0,107.8,0x20,405.002,7.1,2250,-1,2.4,,
2026-08-05T12:10:43.000Z,M20-403-2-02820,1469967043,43.77658,4.69974,16200.9,5.1,7.4,9.9,-58.3,0.0,107.7,0x20,405.002,7.1,2250,-1,2.4,,
2026-08-05T12:10:44.000Z,M20-403-2-02820,1469967044,43.77665,4.69975,16204.9,3.1,8.8,7.8,-58.2,0.0,107.6,0x20,405.002,6.9,2250,-1,2.4,,
2026-08-05T12:10:45.000Z,M20-403-2-02820,1469967045,43.77672,4.69977,16209.4,6.4,8.0,11.9,-58.2,0.0,107.5,0x20,405.002,9.2,2250,-1,2.4,,
2026-08-05T12:10:46.000Z,M20-403-2-02820,1469967046,43.77678,4.69979,16215.4,5.2,7.0,16.1,-58.2,0.0,107.4,0x20,405.002,12.1,2250,-1,2.4,,
2026-08-05T12:10:47.000Z,M20-403-2-02820,1469967047,43.77685,4.69982,16220.0,5.2,7.4,22.2,-58.2,0.0,107.3,0x20,405.002,12.1,2250,-1,2.4,,
2026-08-05T12:10:48.000Z,M20-403-2-02820,1469967048,43.77691,4.69986,16224.5,3.9,8.5,25.7,-58.2,0.0,107.2,0x20,405.002,11.7,2250,-1,2.4,,
2026-08-05T12:10:49.000Z,M20-403-2-02820,1469967049,43.77698,4.69992,16229.2,5.9,9.3,34.6,-58.2,0.0,107.2,0x20,405.002,10.5,2250,-1,2.4,,
2026-08-05T12:10:50.000Z,M20-403-2-02820,1469967050,43.77705,4.70000,16233.8,4.1,9.7,42.8,-58.2,0.0,107.1,0x20,405.002,11.9,2250,-1,2.4,,
2026-08-05T12:10:51.000Z,M20-403-2-02820,1469967051,43.77711,4.70008,16238.2,5.0,10.1,42.0,-58.3,0.0,107.0,0x20,405.002,14.7,2250,-1,2.4,,
2026-08-05T12:10:52.000Z,M20-403-2-02820,1469967052,43.77719,4.70015,16243.5,5.7,10.3,32.2,-58.3,0.0,106.9,0x20,405.002,15.2,1875,-1,2.4,,
2026-08-05T12:10:53.000Z,M20-403-2-02820,1469967053,43.77727,4.70022,16248.4,4.3,9.9,26.6,-58.3,0.0,106.8,0x20,405.002,17.9,1875,-1,2.4,,
2026-08-05T12:10:54.000Z,M20-403-2-02820,1469967054,43.77734,4.70026,16253.0,5.0,8.8,23.2,-58.3,0.0,106.8,0x20,405.002,17.9,1875,-1,2.4,,
2026-08-05T12:10:55.000Z,M20-403-2-02820,1469967055,43.77741,4.70031,16257.6,4.0,7.5,24.0,-58.3,0.0,106.7,0x20,405.002,5.9,1875,-1,2.4,,
2026-08-05T12:10:56.000Z,M20-403-2-02820,1469967056,43.77747,4.70035,16261.6,4.6,7.5,22.7,-58.3,0.0,106.6,0x20,405.002,5.9,1875,-1,2.4,,
2026-08-05T12:10:57.000Z,M20-403-2-02820,1469967057,43.77754,4.70038,16266.3,5.3,8.8,21.1,-58.4,0.0,106.5,0x20,405.002,5.6,1875,-1,2.4,,
2026-08-05T12:10:58.000Z,M20-403-2-02820,1469967058,43.77762,4.70043,16270.2,3.2,10.2,24.3,-58.4,0.0,106.5,0x20,405.002,13.2,2250,-1,2.4,,
2026-08-05T12:10:59.000Z,M20-403-2-02820,1469967059,43.77770,4.70049,16273.9,4.4,10.0,31.6,-58.4,0.0,106.3,0x20,405.002,14.2,1875,-1,2.4,,
2026-08-05T12:11:00.000Z,M20-403-2-02820,1469967060,43.77777,4.70055,16277.5,2.6,9.4,36.8,-58.4,0.0,106.3,0x20,405.002,14.2,2250,-1,2.4,,
2026-08-05T12:11:01.000Z,M20-403-2-02820,1469967061,43.77784,4.70062,16280.9,4.0,9.4,34.3,-58.5,0.0,106.2,0x20,405.002,10.5,2250,-1,2.4,,
2026-08-05T12:11:02.000Z,M20-403-2-02820,1469967062,43.77791,4.70069,16285.6,5.2,10.3,31.2,-58.5,0.0,106.1,0x20,405.002,10.5,2250,-1,2.4,,
2026-08-05T12:11:03.000Z,M20-403-2-02820,1469967063,43.77799,4.70075,16290.2,3.6,10.7,29.2,-58.5,0.0,106.0,0x20,405.002,11.6,2250,-1,2.4,,
2026-08-05T12:11:04.000Z,M20-403-2-02820,1469967064,43.77807,4.70081,16294.5,4.8,9.6,29.3,-58.6,0.0,106.0,0x20,405.002,11.6,2250,-1,2.4,,
2026-08-05T12:11:05.000Z,M20-403-2-02820,1469967065,43.77814,4.70087,16299.1,4.5,8.2,33.5,-58.6,0.0,105.9,0x20,405.002,11.4,2250,-1,2.4,,
2026-08-05T12:11:06.000Z,M20-403-2-02820,1469967066,43.77820,4.70093,16303.8,4.6,8.3,36.1,-58.6,0.0,105.8,0x20,405.002,11.4,2250,-1,2.4,,
2026-08-05T12:11:07.000Z,M20-403-2-02820,1469967067,43.77826,4.70099,16308.9,5.5,9.4,32.2,-58.6,0.0,105.7,0x20,405.002,10.5,2250,-1,2.4,,
2026-08-05T12:11:08.000Z,M20-403-2-02820,1469967068,43.77834,4.70106,16314.0,4.6,10.3,34.5,-58.6,0.0,105.6,0x20,405.002,10.5,2250,-1,2.4,,
2026-08-05T12:11:09.000Z,M20-403-2-02820,1469967069,43.77841,4.70113,16319.0,5.5,9.8,37.5,-58.7,0.0,105.6,0x20,405.002,10.5,2250,-1,2.4,,
2026-08-05T12:11:10.000Z,M20-403-2-02820,1469967070,43.77848,4.70120,16323.8,4.1,9.1,35.0,-58.7,0.0,105.5,0x20,405.002,7.4,2250,-1,2.4,,
2026-08-05T12:11:11.000Z,M20-403-2-02820,1469967071,43.77855,4.70126,16328.9,6.5,9.7,32.9,-58.8,0.0,105.4,0x20,405.002,6.5,2250,-1,2.4,,
2026-08-05T12:11:12.000Z,M20-403-2-02820,1469967072,43.77863,4.70133,16333.7,3.3,10.5,33.7,-58.8,0.0,105.3,0x20,405.002,8.4,2250,-1,2.4,,
2026-08-05T12:11:13.000Z,M20-403-2-02820,1469967073,43.77870,4.70141,16338.2,5.9,10.2,38.9,-58.8,0.0,105.2,0x20,405.002,9.7,2250,-1,2.4,,
2026-08-05T12:11:14.000Z,M20-403-2-02820,1469967074,43.77877,4.70149,16343.2,4.1,9.6,44.3,-58.9,0.0,105.1,0x20,405.002,9.7,2250,-1,2.4,,
2026-08-05T12:11:15.000Z,M20-403-2-02820,1469967075,43.77883,4.70157,16348.5,6.5,10.2,47.0,-58.9,0.0,105.0,0x20,405.002,9.3,2250,-1,2.4,,
2026-08-05T12:11:16.000Z,M20-403-2-02820,1469967076,43.77889,4.70167,16353.7,3.6,10.4,46.9,-58.9,0.0,105.0,0x20,405.002,11.2,2250,-1,2.4,,
2026-08-05T12:11:17.000Z,M20-403-2-02820,1469967077,43.77896,4.70176,16358.8,6.8,10.4,43.8,-58.9,0.0,104.9,0x20,405.002,11.2,2250,-1,2.4,,
2026-08-05T12:11:18.000Z,M20-403-2-02820,1469967078,43.77902,4.70184,16363.8,3.1,8.9,45.0,-58.9,0.0,104.8,0x20,405.002,11.2,2250,-1,2.4,,
2026-08-05T12:11:19.000Z,M20-403-2-02820,1469967079,43.77909,4.70191,16368.1,5.4,9.2,34.2,-58.8,0.0,104.7,0x20,405.002,7.4,2250,-1,2.4,,
2026-08-05T12:11:20.000Z,M20-403-2-02820,1469967080,43.77917,4.70198,16372.8,4.0,10.9,31.1,-58.9,0.0,104.6,0x20,405.002,8.8,2250,-1,2.4,,
2026-08-05T12:11:21.000Z,M20-403-2-02820,1469967081,43.77925,4.70205,16377.4,4.7,10.9,32.4,-58.8,0.0,104.5,0x20,405.002,8.8,2250,-1,2.4,,
2026-08-05T12:11:22.000Z,M20-403-2-02820,1469967082,43.77932,4.70213,16383.3,5.9,10.5,42.5,-58.9,0.0,104.5,0x20,405.002,7.3,2250,-1,2.4,,
2026-08-05T12:11:23.000Z,M20-403-2-02820,1469967083,43.77939,4.70222,16388.6,4.4,10.4,51.4,-58.9,0.0,104.4,0x20,405.002,7.3,2250,-1,2.4,,
2026-08-05T12:11:24.000Z,M20-403-2-02820,1469967084,43.77945,4.70233,16393.2,4.6,11.6,54.4,-58.9,0.0,104.3,0x20,405.002,7.3,2250,-1,2.4,,
2026-08-05T12:11:25.000Z,M20-403-2-02820,1469967085,43.77951,4.70245,16398.2,5.3,12.2,53.1,-59.0,0.0,104.2,0x20,405.002,9.5,2250,-1,2.4,,
2026-08-05T12:11:26.000Z,M20-403-2-02820,1469967086,43.77958,4.70257,16403.1,4.4,12.1,51.4,-59.0,0.0,104.2,0x20,405.002,11.0,2250,-1,2.4,,
2026-08-05T12:11:27.000Z,M20-403-2-02820,1469967087,43.77964,4.70267,16408.2,5.6,10.2,50.7,-59.0,0.0,104.1,0x20,405.002,11.0,2250,-1,2.4,,
2026-08-05T12:11:28.000Z,M20-403-2-02820,1469967088,43.77970,4.70276,16412.9,4.3,8.7,47.2,-59.0,0.0,104.0,0x20,405.002,11.4,2250,-1,2.4,,
2026-08-05T12:11:29.000Z,M20-403-2-02820,1469967089,43.77975,4.70283,16418.4,6.6,8.5,39.0,-59.1,0.0,103.9,0x20,405.002,11.4,2250,-1,2.4,,
2026-08-05T12:11:30.000Z,M20-403-2-02820,1469967090,43.77982,4.70290,16423.5,4.8,9.8,36.7,-59.1,0.0,103.8,0x20,405.002,9.2,2250,-1,2.4,,
2026-08-05T12:11:31.000Z,M20-403-2-02820,1469967091,43.77989,4.70298,16428.8,6.1,9.9,42.1,-59.1,0.0,103.7,0x20,405.002,9.9,2250,-1,2.4,,
2026-08-05T12:11:32.000Z,M20-403-2-02820,1469967092,43.77995,4.70307,16433.7,4.7,10.3,50.6,-59.2,0.0,103.6,0x20,405.002,9.9,2250,-1,2.4,,
2026-08-05T12:11:33.000Z,M20-403-2-02820,1469967093,43.78001,4.70318,16438.3,5.2,11.1,60.6,-59.2,0.0,103.5,0x20,405.002,9.2,2250,-1,2.4,,
2026-08-05T12:11:34.000Z,M20-403-2-02820,1469967094,43.78005,4.70331,16443.7,5.6,12.8,63.4,-59.2,0.0,103.5,0x20,405.002,9.2,2250,-1,2.4,,
2026-08-05T12:11:35.000Z,M20-403-2-02820,1469967095,43.78011,4.70346,16448.7,5.1,13.7,60.9,-59.2,0.0,103.4,0x20,405.002,8.0,2250,-1,2.4,,
2026-08-05T12:11:36.000Z,M20-403-2-02820,1469967096,43.78017,4.70360,16454.1,5.9,12.7,61.2,-59.2,0.0,103.3,0x20,405.002,8.0,2250,-1,2.4,,
2026-08-05T12:11:37.000Z,M20-403-2-02820,1469967097,43.78022,4.70373,16459.0,5.0,11.3,59.9,-59.1,0.0,103.2,0x20,405.002,7.7,2250,-1,2.4,,
2026-08-05T12:11:38.000Z,M20-403-2-02820,1469967098,43.78027,4.70385,16464.4,5.9,10.9,58.4,-59.1,0.0,103.1,0x20,405.002,7.5,2250,-1,2.4,,
2026-08-05T12:11:39.000Z,M20-403-2-02820,1469967099,43.78033,4.70396,16468.8,4.5,11.2,54.6,-59.1,0.0,103.0,0x20,405.002,9.0,2250,-1,2.4,,
2026-08-05T12:11:40.000Z,M20-403-2-02820,1469967100,43.78039,4.70407,16473.3,5.8,10.6,57.1,-59.1,0.0,103.0,0x20,405.002,9.0,2250,-1,2.4,,
2026-08-05T12:11:41.000Z,M20-403-2-02820,1469967101,43.78044,4.70418,16477.8,4.1,9.9,61.0,-59.1,0.0,102.9,0x20,405.002,9.9,2250,-1,2.4,,
2026-08-05T12:11:42.000Z,M20-403-2-02820,1469967102,43.78048,4.70430,16482.7,5.7,10.5,66.5,-59.1,0.0,102.8,0x20,405.002,10.3,2250,-1,2.4,,
2026-08-05T12:11:43.000Z,M20-403-2-02820,1469967103,43.78052,4.70442,16488.5,6.2,12.0,66.7,-59.1,0.0,102.7,0x20,405.002,10.3,2250,-1,2.4,,
2026-08-05T12:11:44.000Z,M20-403-2-02820,1469967104,43.78057,4.70456,16493.5,4.5,12.5,62.6,-59.1,0.0,102.7,0x20,405.002,8.7,2250,-1,2.4,,
2026-08-05T12:11:45.000Z,M20-403-2-02820,1469967105,43.78062,4.70469,16498.0,5.4,11.3,58.4,-59.1,0.0,102.6,0x20,405.002,8.7,2250,-1,2.4,,
2026-08-05T12:11:46.000Z,M20-403-2-02820,1469967106,43.78067,4.70480,16502.2,4.2,10.3,57.4,-59.1,0.0,102.5,0x20,405.002,9.2,2250,-1,2.4,,
2026-08-05T12:11:47.000Z,M20-403-2-02820,1469967107,43.78072,4.70491,16506.9,5.5,10.5,56.7,-59.2,0.0,102.4,0x20,405.002,9.2,2250,-1,2.4,,
2026-08-05T12:11:48.000Z,M20-403-2-02820,1469967108,43.78077,4.70503,16511.0,4.1,11.1,59.2,-59.2,0.0,102.3,0x20,405.002,7.8,2250,-1,2.4,,
2026-08-05T12:11:49.000Z,M20-403-2-02820,1469967109,43.78082,4.70514,16516.1,6.2,9.9,63.3,-59.2,0.0,102.2,0x20,405.002,7.8,2250,-1,2.4,,
2026-08-05T12:11:50.000Z,M20-403-2-02820,1469967110,43.78086,4.70524,16520.8,3.5,9.3,61.5,-59.2,0.0,102.2,0x20,405.002,7.3,2250,-1,2.4,,
2026-08-05T12:11:51.000Z,M20-403-2-02820,1469967111,43.78090,4.70535,16525.4,6.4,10.1,59.8,-59.2,0.0,102.1,0x20,405.002,9.4,2250,-1,2.4,,
2026-08-05T12:11:52.000Z,M20-403-2-02820,1469967112,43.78095,4.70546,16530.8,4.1,11.0,56.9,-59.2,0.0,102.0,0x20,405.002,10.8,2250,-1,2.4,,
2026-08-05T12:11:53.000Z,M20-403-2-02820,1469967113,43.78100,4.70557,16536.1,6.6,10.9,53.9,-59.2,0.0,101.9,0x20,405.002,10.8,2250,-1,2.4,,
2026-08-05T12:11:54.000Z,M20-403-2-02820,1469967114,43.78106,4.70568,16541.8,5.0,10.4,53.6,-59.1,0.0,101.8,0x20,405.002,10.0,2250,-1,2.4,,
2026-08-05T12:11:55.000Z,M20-403-2-02820,1469967115,43.78111,4.70579,16547.4,6.0,10.7,54.7,-59.0,0.0,101.7,0x20,405.002,9.3,2250,-1,2.4,,
2026-08-05T12:11:56.000Z,M20-403-2-02820,1469967116,43.78117,4.70590,16553.0,4.9,11.4,52.1,-59.0,0.0,101.6,0x20,405.002,8.6,2250,-1,2.4,,
2026-08-05T12:11:57.000Z,M20-403-2-02820,1469967117,43.78123,4.70600,16557.8,4.0,11.7,51.3,-59.0,0.0,101.6,0x20,405.002,8.6,2250,-1,2.4,,
2026-08-05T12:11:58.000Z,M20-403-2-02820,1469967118,43.78130,4.70611,16562.0,5.0,10.5,46.2,-59.0,0.0,101.5,0x20,405.002,7.7,2250,-1,2.4,,
2026-08-05T12:11:59.000Z,M20-403-2-02820,1469967119,43.78135,4.70620,16565.8,3.5,9.2,47.9,-59.0,0.0,101.4,0x20,405.002,7.4,2250,-1,2.4,,
2026-08-05T12:12:00.000Z,M20-403-2-02820,1469967120,43.78140,4.70629,16570.5,5.9,9.1,56.2,-59.1,0.0,101.3,0x20,405.002,7.5,2250,-1,2.4,,
2026-08-05T12:12:01.000Z,M20-403-2-02820,1469967121,43.78145,4.70639,16576.1,4.9,10.0,59.6,-59.1,0.0,101.2,0x20,405.002,7.5,2250,-1,2.4,,
2026-08-05T12:12:02.000Z,M20-403-2-02820,1469967122,43.78149,4.70651,16580.5,3.6,10.9,64.7,-59.1,0.0,101.2,0x20,405.002,7.2,2250,-1,2.4,,
2026-08-05T12:12:03.000Z,M20-403-2-02820,1469967123,43.78153,4.70662,16584.6,5.2,9.8,60.8,-59.2,0.0,101.1,0x20,405.002,8.2,2250,-1,2.4,,
2026-08-05T12:12:04.000Z,M20-403-2-02820,1469967124,43.78158,4.70672,16589.4,4.0,8.7,55.3,-59.2,0.0,101.0,0x20,405.002,10.3,2250,-1,2.4,,
2026-08-05T12:12:05.000Z,M20-403-2-02820,1469967125,43.78163,4.70680,16594.6,6.4,9.0,45.0,-59.3,0.0,100.9,0x20,405.002,10.9,2250,-1,2.4,,
2026-08-05T12:12:06.000Z,M20-403-2-02820,1469967126,43.78169,4.70689,16600.4,4.2,10.5,44.6,-59.3,0.0,100.8,0x20,405.002,10.9,2250,-1,2.4,,
2026-08-05T12:12:07.000Z,M20-403-2-02820,1469967127,43.78176,4.70698,16604.7,4.2,11.1,40.5,-59.3,0.0,100.8,0x20,405.002,10.2,2250,-1,2.4,,
2026-08-05T12:12:08.000Z,M20-403-2-02820,1469967128,43.78184,4.70707,16609.0,4.6,11.4,30.7,-59.3,0.0,100.7,0x20,405.002,10.7,2250,-1,2.4,,
2026-08-05T12:12:09.000Z,M20-403-2-02820,1469967129,43.78193,4.70714,16613.2,4.5,11.0,28.4,-59.4,0.0,100.6,0x20,405.002,11.7,2250,-1,2.4,,
2026-08-05T12:12:10.000Z,M20-403-2-02820,1469967130,43.78201,4.70721,16617.6,5.1,11.0,37.2,-59.4,0.0,100.5,0x20,405.002,11.7,2250,-1,2.4,,
2026-08-05T12:12:11.000Z,M20-403-2-02820,1469967131,43.78208,4.70731,16622.8,5.2,11.2,51.3,-59.4,0.0,100.4,0x20,405.002,11.2,2250,-1,2.4,,
2026-08-05T12:12:12.000Z,M20-403-2-02820,1469967132,43.78213,4.70742,16627.2,3.6,11.2,59.7,-59.3,0.0,100.4,0x20,405.002,11.5,2250,-1,2.4,,
2026-08-05T12:12:13.000Z,M20-403-2-02820,1469967133,43.78218,4.70754,16631.9,6.2,10.5,60.5,-59.3,0.0,100.3,0x20,405.002,11.5,2250,-1,2.4,,
2026-08-05T12:12:14.000Z,M20-403-2-02820,1469967134,43.78223,4.70764,16637.1,4.5,9.1,51.9,-59.4,0.0,100.2,0x20,405.002,5.7,2250,-1,2.4,,
2026-08-05T12:12:15.000Z,M20-403-2-02820,1469967135,43.78228,4.70773,16641.5,4.2,9.0,48.1,-59.3,0.0,100.1,0x20,405.002,6.7,2250,-1,2.4,,
2026-08-05T12:12:16.000Z,M20-403-2-02820,1469967136,43.78234,4.70781,16646.3,5.8,9.8,46.6,-59.3,0.0,100.0,0x20,405.002,6.7,2250,-1,2.4,,
2026-08-05T12:12:17.000Z,M20-403-2-02820,1469967137,43.78240,4.70791,16651.2,3.9,10.4,46.6,-59.3,0.0,100.0,0x20,405.002,7.8,2250,-1,2.4,,
2026-08-05T12:12:18.000Z,M20-403-2-02820,1469967138,43.78247,4.70800,16655.1,3.9,10.6,41.5,-59.3,0.0,99.9,0x20,405.002,8.5,2250,-1,2.4,,
2026-08-05T12:12:19.000Z,M20-403-2-02820,1469967139,43.78254,4.70808,16659.7,5.5,10.0,38.1,-59.3,0.0,99.8,0x20,405.002,14.3,2250,-1,2.4,,
2026-08-05T12:12:20.000Z,M20-403-2-02820,1469967140,43.78261,4.70815,16665.1,5.4,9.9,33.6,-59.4,0.0,99.7,0x20,405.002,14.3,2250,-1,2.4,,
2026-08-05T12:12:21.000Z,M20-403-2-02820,1469967141,43.78268,4.70822,16670.5,5.6,9.9,42.2,-59.4,0.0,99.6,0x20,405.002,14.3,2250,-1,2.4,,
2026-08-05T12:12:22.000Z,M20-403-2-02820,1469967142,43.78275,4.70831,16675.4,4.0,10.3,48.1,-59.4,0.0,99.6,0x20,405.002,11.8,2250,-1,2.4,,
2026-08-05T12:12:23.000Z,M20-403-2-02820,1469967143,43.78281,4.70841,16680.5,6.3,9.9,46.5,-59.4,0.0,99.5,0x20,405.002,12.7,2250,-1,2.4,,
2026-08-05T12:12:24.000Z,M20-403-2-02820,1469967144,43.78287,4.70849,16685.7,3.8,10.0,42.7,-59.5,0.0,99.4,0x20,405.002,12.7,1875,-1,2.4,,
2026-08-05T12:12:25.000Z,M20-403-2-02820,1469967145,43.78293,4.70858,16690.6,6.0,10.5,43.7,-59.6,0.0,99.3,0x20,405.002,11.3,1500,-1,2.4,,
2026-08-05T12:12:26.000Z,M20-403-2-02820,1469967146,43.78300,4.70868,16695.3,3.4,10.6,49.8,-59.6,0.0,99.2,0x20,405.002,10.3,1875,-1,2.4,,
2026-08-05T12:12:27.000Z,M20-403-2-02820,1469967147,43.78306,4.70877,16700.1,6.1,10.4,41.9,-59.6,0.0,99.1,0x20,405.002,4.5,1875,-1,2.4,,
2026-08-05T12:12:28.000Z,M20-403-2-02820,1469967148,43.78313,4.70885,16705.1,4.0,9.9,35.2,-59.7,0.0,99.1,0x20,405.002,4.3,1875,-1,2.4,,
2026-08-05T12:12:29.000Z,M20-403-2-02820,1469967149,43.78321,4.70892,16710.8,7.4,10.2,38.0,-59.7,0.0,99.0,0x20,405.002,8.6,1875,-1,2.4,,
2026-08-05T12:12:30.000Z,M20-403-2-02820,1469967150,43.78328,4.70900,16716.3,3.8,10.4,39.0,-59.7,0.0,98.9,0x20,405.002,11.3,1875,-1,2.4,,
2026-08-05T12:12:31.000Z,M20-403-2-02820,1469967151,43.78335,4.70908,16721.8,7.3,9.8,42.0,-59.7,0.0,98.8,0x20,405.002,11.3,1875,-1,2.4,,
2026-08-05T12:12:32.000Z,M20-403-2-02820,1469967152,43.78341,4.70916,16726.7,2.7,9.5,38.2,-59.7,0.0,98.7,0x20,405.002,13.7,1875,-1,2.4,,
2026-08-05T12:12:33.000Z,M20-403-2-02820,1469967153,43.78348,4.70924,16731.7,7.3,10.0,45.9,-59.8,0.0,98.6,0x20,405.002,14.0,1875,-1,2.4,,
2026-08-05T12:12:34.000Z,M20-403-2-02820,1469967154,43.78354,4.70934,16736.5,2.3,11.0,53.5,-59.8,0.0,98.5,0x20,405.002,14.0,1875,-1,2.4,,
2026-08-05T12:12:35.000Z,M20-403-2-02820,1469967155,43.78359,4.70944,16741.3,7.0,10.5,53.7,-59.8,0.0,98.5,0x20,405.002,12.8,1875,-1,2.4,,
2026-08-05T12:12:36.000Z,M20-403-2-02820,1469967156,43.78365,4.70954,16746.7,3.7,10.2,49.5,-59.8,0.0,98.4,0x20,405.002,12.2,1875,-1,2.4,,
2026-08-05T12:12:37.000Z,M20-403-2-02820,1469967157,43.78371,4.70963,16751.7,6.5,9.9,47.3,-59.8,0.0,98.3,0x20,405.002,13.4,1875,-1,2.4,,
2026-08-05T12:12:38.000Z,M20-403-2-02820,1469967158,43.78377,4.70973,16757.5,4.9,10.1,48.9,-59.9,0.0,98.2,0x20,405.002,14.0,1875,-1,2.4,,
2026-08-05T12:12:39.000Z,M20-403-2-02820,1469967159,43.78383,4.70983,16762.6,5.7,10.8,52.0,-59.9,0.0,98.1,0x20,405.002,14.0,1500,-1,2.4,,
2026-08-05T12:12:40.000Z,M20-403-2-02820,1469967160,43.78389,4.70992,16767.7,4.5,10.4,43.2,-60.0,0.0,98.0,0x20,405.002,3.5,1500,-1,2.4,,
2026-08-05T12:12:41.000Z,M20-403-2-02820,1469967161,43.78396,4.71000,16772.7,5.7,9.2,41.3,-60.0,0.0,98.0,0x20,405.002,3.4,1500,-1,2.4,,
2026-08-05T12:12:42.000Z,M20-403-2-02820,1469967162,43.78401,4.71009,16778.2,5.5,9.3,50.2,-60.0,0.0,97.9,0x20,405.002,3.3,1500,-1,2.4,,
2026-08-05T12:12:43.000Z,M20-403-2-02820,1469967163,43.78406,4.71018,16783.3,4.8,9.3,56.7,-60.0,0.0,97.8,0x20,405.002,16.7,1875,-1,2.4,,
2026-08-05T12:12:44.000Z,M20-403-2-02820,1469967164,43.78411,4.71027,16788.4,5.5,8.9,55.4,-60.0,0.0,97.7,0x20,405.002,16.7,1875,-1,2.4,,
2026-08-05T12:12:45.000Z,M20-403-2-02820,1469967165,43.78416,4.71036,16793.7,5.2,8.9,51.7,-59.9,0.0,97.7,0x20,405.002,15.5,1500,-1,2.4,,
2026-08-05T12:12:46.000Z,M20-403-2-02820,1469967166,43.78420,4.71045,16798.9,5.4,9.2,57.2,-59.9,0.0,97.5,0x20,405.002,15.0,1875,-1,2.4,,
2026-08-05T12:12:47.000Z,M20-403-2-02820,1469967167,43.78425,4.71056,16803.2,3.7,9.9,61.5,-59.8,0.0,97.5,0x20,405.002,14.7,1500,-1,2.4,,
2026-08-05T12:12:48.000Z,M20-403-2-02820,1469967168,43.78429,4.71066,16808.2,6.3,9.7,56.1,-59.7,0.0,97.4,0x20,405.002,14.7,1500,-1,2.4,,
2026-08-05T12:12:49.000Z,M20-403-2-02820,1469967169,43.78435,4.71075,16813.7,4.8,9.2,48.2,-59.7,0.0,97.3,0x20,405.002,12.3,1500,-1,2.4,,
2026-08-05T12:12:50.000Z,M20-403-2-02820,1469967170,43.78440,4.71084,16819.1,6.1,9.6,52.0,-59.7,0.0,97.2,0x20,405.002,14.7,1500,-1,2.4,,
2026-08-05T12:12:51.000Z,M20-403-2-02820,1469967171,43.78445,4.71094,16823.7,3.1,10.2,58.2,-59.6,0.0,97.2,0x20,405.002,14.7,1500,-1,2.4,,
2026-08-05T12:12:52.000Z,M20-403-2-02820,1469967172,43.78449,4.71104,16828.3,6.2,9.5,61.1,-59.5,0.0,97.1,0x20,405.002,14.7,1500,-1,2.4,,
2026-08-05T12:12:53.000Z,M20-403-2-02820,1469967173,43.78453,4.71114,16833.1,3.7,9.0,58.9,-59.5,0.0,97.0,0x20,405.002,13.9,1875,-1,2.4,,
2026-08-05T12:12:54.000Z,M20-403-2-02820,1469967174,43.78457,4.71124,16838.0,6.0,8.7,63.0,-59.5,0.0,96.9,0x20,405.002,3.5,1500,-1,2.4,,
2026-08-05T12:12:55.000Z,M20-403-2-02820,1469967175,43.78461,4.71134,16842.9,3.8,9.0,67.2,-59.5,0.0,96.8,0x20,405.002,9.4,1875,-1,2.4,,
2026-08-05T12:12:56.000Z,M20-403-2-02820,1469967176,43.78464,4.71144,16848.4,7.2,9.2,66.1,-59.5,0.0,96.8,0x20,405.002,12.5,1500,-1,2.4,,
2026-08-05T12:12:57.000Z,M20-403-2-02820,1469967177,43.78468,4.71154,16853.8,3.6,9.3,58.3,-59.5,0.0,96.7,0x20,405.002,15.8,1500,-1,2.4,,
2026-08-05T12:12:58.000Z,M20-403-2-02820,1469967178,43.78472,4.71164,16859.3,7.2,10.2,56.8,-59.5,0.0,96.6,0x20,405.002,15.8,1500,-1,2.4,,
2026-08-05T12:12:59.000Z,M20-403-2-02820,1469967179,43.78477,4.71175,16863.9,3.3,10.9,61.6,-59.6,0.0,96.5,0x20,405.002,15.1,1500,-1,2.4,,
2026-08-05T12:13:00.000Z,M20-403-2-02820,1469967180,43.78481,4.71187,16868.7,6.2,10.3,63.8,-59.5,0.0,96.4,0x20,405.002,15.8,1500,-1,2.4,,
2026-08-05T12:13:01.000Z,M20-403-2-02820,1469967181,43.78485,4.71198,16873.9,4.5,9.2,62.2,-59.6,0.0,96.4,0x20,405.002,16.3,1125,-1,2.4,,
2026-08-05T12:13:02.000Z,M20-403-2-02820,1469967182,43.78489,4.71207,16879.0,6.3,7.9,62.2,-59.6,0.0,96.3,0x20,405.002,16.3,1500,-1,2.4,,
2026-08-05T12:13:03.000Z,M20-403-2-02820,1469967183,43.78491,4.71216,16884.0,4.2,8.0,70.0,-59.6,0.0,96.2,0x20,405.002,15.4,1125,-1,2.4,,
2026-08-05T12:13:04.000Z,M20-403-2-02820,1469967184,43.78494,4.71226,16888.7,5.5,8.1,74.1,-59.6,0.0,96.1,0x20,405.002,16.2,1125,-1,2.4,,
2026-08-05T12:13:05.000Z,M20-403-2-02820,1469967185,43.78496,4.71236,16894.0,5.5,7.7,71.3,-59.6,0.0,96.0,0x20,405.002,16.2,1125,-1,2.4,,
2026-08-05T12:13:06.000Z,M20-403-2-02820,1469967186,43.78498,4.71245,16899.1,5.7,8.5,67.5,-59.6,0.0,96.0,0x20,405.002,16.2,1500,-1,2.4,,
2026-08-05T12:13:07.000Z,M20-403-2-02820,1469967187,43.78501,4.71255,16904.8,5.5,9.2,74.0,-59.7,0.0,95.9,0x20,405.002,4.4,1500,-1,2.4,,
2026-08-05T12:13:08.000Z,M20-403-2-02820,1469967188,43.78503,4.71267,16909.8,4.7,10.2,74.7,-59.7,0.0,95.8,0x20,405.002,3.5,1500,-1,2.4,,
2026-08-05T12:13:09.000Z,M20-403-2-02820,1469967189,43.78506,4.71278,16914.8,5.6,9.7,70.7,-59.7,0.0,95.7,0x20,405.002,8.8,1500,-1,2.4,,
2026-08-05T12:13:10.000Z,M20-403-2-02820,1469967190,43.78509,4.71289,16919.5,3.8,8.8,63.8,-59.7,0.0,95.7,0x20,405.002,13.0,1500,-1,2.4,,
2026-08-05T12:13:11.000Z,M20-403-2-02820,1469967191,43.78513,4.71299,16924.0,5.5,9.2,67.6,-59.7,0.0,95.6,0x20,405.002,15.7,1500,-1,2.4,,
2026-08-05T12:13:12.000Z,M20-403-2-02820,1469967192,43.78515,4.71310,16928.6,4.0,9.3,71.6,-59.8,0.0,95.5,0x20,405.002,16.4,1500,-1,2.4,,
2026-08-05T12:13:13.000Z,M20-403-2-02820,1469967193,43.78518,4.71320,16933.6,6.2,8.5,67.9,-59.8,0.0,95.4,0x20,405.002,16.4,1500,-1,2.4,,
2026-08-05T12:13:14.000Z,M20-403-2-02820,1469967194,43.78521,4.71330,16938.7,4.2,8.1,61.6,-59.8,0.0,95.3,0x20,405.002,16.3,1500,-1,2.4,,
2026-08-05T12:13:15.000Z,M20-403-2-02820,1469967195,43.78524,4.71339,16943.6,6.0,8.7,64.3,-59.9,0.0,95.2,0x20,405.002,15.0,1125,-1,2.4,,
2026-08-05T12:13:16.000Z,M20-403-2-02820,1469967196,43.78527,4.71349,16948.6,3.6,9.1,72.7,-59.8,0.0,95.2,0x20,405.002,15.4,1125,-1,2.4,,
2026-08-05T12:13:17.000Z,M20-403-2-02820,1469967197,43.78529,4.71360,16952.9,4.9,9.1,76.5,-59.8,0.0,95.1,0x20,405.002,15.4,1125,-1,2.4,,
2026-08-05T12:13:18.000Z,M20-403-2-02820,1469967198,43.78531,4.71371,16958.2,5.7,8.2,75.2,-59.7,0.0,95.0,0x20,405.002,14.8,1125,-1,2.4,,
2026-08-05T12:13:19.000Z,M20-403-2-02820,1469967199,43.78532,4.71380,16963.7,5.2,7.6,74.9,-59.8,0.0,95.0,0x20,405.002,3.5,1125,-1,2.4,,
2026-08-05T12:13:20.000Z,M20-403-2-02820,1469967200,43.78534,4.71390,16969.2,5.5,8.7,72.4,-59.8,0.0,94.9,0x20,405.002,3.5,1125,-1,2.4,,
2026-08-05T12:13:21.000Z,M20-403-2-02820,1469967201,43.78536,4.71401,16974.0,4.3,9.9,72.4,-59.8,0.0,94.8,0x20,405.002,6.3,1125,-1,2.4,,
2026-08-05T12:13:22.000Z,M20-403-2-02820,1469967202,43.78540,4.71413,16979.3,6.1,9.9,64.3,-59.8,0.0,94.7,0x20,405.002,12.9,1500,-1,2.4,,
2026-08-05T12:13:23.000Z,M20-403-2-02820,1469967203,43.78543,4.71424,16984.0,3.1,9.4,58.7,-59.7,0.0,94.7,0x20,405.002,15.2,1500,-1,2.4,,
2026-08-05T12:13:24.000Z,M20-403-2-02820,1469967204,43.78548,4.71433,16988.6,6.3,8.8,56.8,-59.7,0.0,94.6,0x20,405.002,15.8,1500,-1,2.4,,
2026-08-05T12:13:25.000Z,M20-403-2-02820,1469967205,43.78551,4.71443,16993.8,4.0,8.8,63.4,-59.7,0.0,94.5,0x20,405.002,15.8,1500,-1,2.4,,
2026-08-05T12:13:26.000Z,M20-403-2-02820,1469967206,43.78554,4.71452,16998.6,5.2,7.4,71.0,-59.6,0.0,94.4,0x20,405.002,13.5,1500,-1,2.4,,
2026-08-05T12:13:27.000Z,M20-403-2-02820,1469967207,43.78556,4.71460,17003.1,4.6,5.9,71.4,-59.6,0.0,94.3,0x20,405.002,13.4,1500,-1,2.4,,
2026-08-05T12:13:28.000Z,M20-403-2-02820,1469967208,43.78558,4.71466,17007.5,4.0,4.7,71.5,-59.6,0.0,94.3,0x20,405.002,14.0,1500,-1,2.4,,
2026-08-05T12:13:29.000Z,M20-403-2-02820,1469967209,43.78558,4.71472,17011.6,4.6,4.7,88.4,-59.6,0.0,94.2,0x20,405.002,15.0,1500,-1,2.4,,
2026-08-05T12:13:30.000Z,M20-403-2-02820,1469967210,43.78558,4.71479,17015.9,4.4,5.8,85.6,-59.5,0.0,94.1,0x20,405.002,15.7,1125,-1,2.4,,
2026-08-05T12:13:31.000Z,M20-403-2-02820,1469967211,43.78559,4.71486,17020.8,5.1,6.5,79.4,-59.5,0.0,94.0,0x20,405.002,15.7,1125,-1,2.4,,
2026-08-05T12:13:32.000Z,M20-403-2-02820,1469967212,43.78561,4.71494,17025.5,4.5,7.2,58.7,-59.4,0.0,94.0,0x20,405.002,4.2,1125,-1,2.4,,
2026-08-05T12:13:33.000Z,M20-403-2-02820,1469967213,43.78565,4.71501,17029.5,3.6,7.0,52.0,-59.4,0.0,93.9,0x20,405.002,3.0,1125,-1,2.4,,
2026-08-05T12:13:34.000Z,M20-403-2-02820,1469967214,43.78569,4.71508,17034.3,6.0,6.5,56.4,-59.4,0.0,93.8,0x20,405.002,3.3,1125,-1,2.4,,
2026-08-05T12:13:35.000Z,M20-403-2-02820,1469967215,43.78571,4.71515,17039.6,4.4,6.0,69.9,-59.4,0.0,93.7,0x20,405.002,12.4,1125,-1,2.4,,
2026-08-05T12:13:36.000Z,M20-403-2-02820,1469967216,43.78573,4.71521,17044.6,6.1,5.5,73.5,-59.3,0.0,93.7,0x20,405.002,13.3,1125,-1,2.4,,
2026-08-05T12:13:37.000Z,M20-403-2-02820,1469967217,43.78574,4.71528,17049.7,3.8,5.3,67.8,-59.3,0.0,93.6,0x20,405.002,16.2,1125,-1,2.4,,
2026-08-05T12:13:39.000Z,M20-403-2-02820,1469967219,43.78577,4.71541,17060.1,3.9,6.2,83.8,-59.3,0.0,93.4,0x20,405.002,16.2,1500,-1,2.4,,
2026-08-05T12:13:40.000Z,M20-403-2-02820,1469967220,43.78578,4.71549,17064.5,5.0,7.0,84.2,-59.3,0.0,93.4,0x20,405.002,14.6,1125,-1,2.4,,
2026-08-05T12:13:41.000Z,M20-403-2-02820,1469967221,43.78580,4.71557,17069.4,4.8,6.6,66.3,-59.3,0.0,93.3,0x20,405.002,16.8,1125,-1,2.4,,
2026-08-05T12:13:42.000Z,M20-403-2-02820,1469967222,43.78583,4.71564,17074.6,5.3,7.1,57.8,-59.3,0.0,93.2,0x20,405.002,16.8,1125,-1,2.4,,
2026-08-05T12:13:43.000Z,M20-403-2-02820,1469967223,43.78586,4.71571,17080.3,5.8,6.6,61.1,-59.3,0.0,93.1,0x20,405.002,16.0,1125,-1,2.4,,
2026-08-05T12:13:44.000Z,M20-403-2-02820,1469967224,43.78588,4.71579,17085.3,4.6,6.4,69.5,-59.3,0.0,93.0,0x20,405.002,16.0,1125,-1,2.4,,
2026-08-05T12:13:45.000Z,M20-403-2-02820,1469967225,43.78590,4.71586,17090.1,4.8,5.5,66.2,-59.3,0.0,93.0,0x20,405.002,4.7,1125,-1,2.4,,
2026-08-05T12:13:46.000Z,M20-403-2-02820,1469967226,43.78592,4.71591,17095.0,4.7,4.0,58.2,-59.4,0.0,92.9,0x20,405.002,3.6,1125,-1,2.4,,
2026-08-05T12:13:47.000Z,M20-403-2-02820,1469967227,43.78594,4.71595,17099.5,4.1,3.2,60.8,-59.4,0.0,92.8,0x20,405.002,2.9,1125,-1,2.4,,
2026-08-05T12:13:48.000Z,M20-403-2-02820,1469967228,43.78595,4.71599,17104.8,6.4,3.9,82.0,-59.4,0.0,92.8,0x20,405.002,12.2,1125,-1,2.4,,
2026-08-05T12:13:49.000Z,M20-403-2-02820,1469967229,43.78595,4.71605,17109.5,3.1,5.1,86.8,-59.3,0.0,92.7,0x20,405.002,14.4,1125,-1,2.4,,
2026-08-05T12:13:50.000Z,M20-403-2-02820,1469967230,43.78595,4.71611,17114.7,6.9,5.2,84.4,-59.3,0.0,92.6,0x20,405.002,14.9,1125,-1,2.4,,
2026-08-05T12:13:51.000Z,M20-403-2-02820,1469967231,43.78596,4.71618,17120.0,3.6,4.5,76.9,-59.2,0.0,92.5,0x20,405.002,14.9,1125,-1,2.4,,
2026-08-05T12:13:52.000Z,M20-403-2-02820,1469967232,43.78597,4.71623,17125.7,7.7,3.9,64.2,-59.2,0.0,92.4,0x20,405.002,15.4,1125,-1,2.4,,
2026-08-05T12:13:53.000Z,M20-403-2-02820,1469967233,43.78599,4.71628,17131.5,4.1,4.3,68.8,-59.1,0.0,92.4,0x20,405.002,15.4,1125,-1,2.4,,
2026-08-05T12:13:54.000Z,M20-403-2-02820,1469967234,43.78600,4.71632,17137.0,7.4,2.8,56.4,-59.1,0.0,92.3,0x20,405.002,16.4,1125,-1,2.4,,
2026-08-05T12:13:55.000Z,M20-403-2-02820,1469967235,43.78602,4.71634,17142.1,3.6,2.1,34.5,-59.0,0.0,92.2,0x20,405.002,16.4,1125,-1,2.4,,
2026-08-05T12:13:56.000Z,M20-403-2-02820,1469967236,43.78604,4.71635,17145.9,4.8,2.6,12.9,-58.9,0.0,92.2,0x20,405.002,15.0,1125,-1,2.4,,
2026-08-05T12:13:57.000Z,M20-403-2-02820,1469967237,43.78606,4.71636,17151.1,5.9,2.8,36.8,-58.8,0.0,92.1,0x20,405.002,15.0,1125,-1,2.4,,
2026-08-05T12:13:58.000Z,M20-403-2-02820,1469967238,43.78608,4.71639,17156.0,4.7,3.2,53.8,-58.7,0.0,92.0,0x20,405.002,11.3,1125,-1,2.4,,
2026-08-05T12:13:59.000Z,M20-403-2-02820,1469967239,43.78610,4.71643,17160.8,5.9,3.7,50.5,-58.6,0.0,91.9,0x20,405.002,3.1,1125,-1,2.4,,
2026-08-05T12:14:00.000Z,M20-403-2-02820,1469967240,43.78612,4.71646,17165.9,4.9,3.4,35.4,-58.7,0.0,91.8,0x20,405.002,3.1,1125,-1,2.4,,
2026-08-05T12:14:01.000Z,M20-403-2-02820,1469967241,43.78614,4.71648,17170.1,3.9,2.8,35.4,-58.6,0.0,91.8,0x20,405.002,9.0,1125,-1,2.4,,
2026-08-05T12:14:02.000Z,M20-403-2-02820,1469967242,43.78617,4.71651,17174.9,6.0,3.7,42.1,-58.6,0.0,91.7,0x20,405.002,13.9,1125,-1,2.4,,
2026-08-05T12:14:03.000Z,M20-403-2-02820,1469967243,43.78619,4.71654,17180.1,4.0,3.8,47.3,-58.6,0.0,91.6,0x20,405.002,13.9,1500,-1,2.4,,
2026-08-05T12:14:04.000Z,M20-403-2-02820,1469967244,43.78621,4.71657,17185.3,6.7,3.2,30.9,-58.6,0.0,91.5,0x20,405.002,13.6,1125,-1,2.4,,
2026-08-05T12:14:05.000Z,M20-403-2-02820,1469967245,43.78623,4.71658,17190.0,3.1,2.9,9.4,-58.5,0.0,91.4,0x20,405.002,12.4,1125,-1,2.4,,
2026-08-05T12:14:06.000Z,M20-403-2-02820,1469967246,43.78626,4.71658,17194.5,5.5,2.8,356.3,-58.4,0.0,91.4,0x20,405.002,12.7,1500,-1,2.4,,
2026-08-05T12:14:07.000Z,M20-403-2-02820,1469967247,43.78628,4.71658,17199.8,4.8,2.7,8.0,-58.5,0.0,91.3,0x20,405.002,13.5,1125,-1,2.4,,
2026-08-05T12:14:08.000Z,M20-403-2-02820,1469967248,43.78631,4.71659,17205.0,5.4,3.7,16.2,-58.4,0.0,91.2,0x20,405.002,13.5,1125,-1,2.4,,
2026-08-05T12:14:09.000Z,M20-403-2-02820,1469967249,43.78634,4.71659,17210.5,5.2,3.8,0.2,-58.4,0.0,91.2,0x20,405.002,14.6,1125,-1,2.4,,
2026-08-05T12:14:10.000Z,M20-403-2-02820,1469967250,43.78637,4.71659,17215.3,4.4,3.7,349.3,-58.4,0.0,91.1,0x20,405.002,14.6,1500,-1,2.4,,
2026-08-05T12:14:11.000Z,M20-403-2-02820,1469967251,43.78641,4.71659,17220.7,6.1,3.3,354.2,-58.4,0.0,91.0,0x20,405.002,8.4,1125,-1,2.4,,
2026-08-05T12:14:12.000Z,M20-403-2-02820,1469967252,43.78643,4.71658,17225.4,3.5,3.6,3.5,-58.4,0.0,90.9,0x20,405.002,3.5,1125,-1,2.4,,
2026-08-05T12:14:13.000Z,M20-403-2-02820,1469967253,43.78646,4.71658,17229.6,4.9,3.4,341.7,-58.4,0.0,90.8,0x20,405.002,3.5,1125,-1,2.4,,
2026-08-05T12:14:14.000Z,M20-403-2-02820,1469967254,43.78650,4.71655,17233.6,2.9,4.4,329.2,-58.3,0.0,90.8,0x20,405.002,7.6,1500,-1,2.4,,
2026-08-05T12:14:15.000Z,M20-403-2-02820,1469967255,43.78654,4.71652,17237.2,4.3,5.6,332.6,-58.3,0.0,90.7,0x20,405.002,8.0,1500,-1,2.4,,
2026-08-05T12:14:16.000Z,M20-403-2-02820,1469967256,43.78659,4.71650,17242.6,5.9,6.8,343.5,-58.4,0.0,90.7,0x20,405.002,9.9,1125,-1,2.4,,
2026-08-05T12:14:17.000Z,M20-403-2-02820,1469967257,43.78665,4.71648,17247.9,4.7,7.4,350.0,-58.4,0.0,90.6,0x20,405.002,12.4,1500,-1,2.4,,
2026-08-05T12:14:18.000Z,M20-403-2-02820,1469967258,43.78671,4.71647,17253.3,6.1,6.6,354.7,-58.4,0.0,90.5,0x20,405.002,13.6,1500,-1,2.4,,
2026-08-05T12:14:19.000Z,M20-403-2-02820,1469967259,43.78676,4.71646,17258.3,4.0,5.1,350.1,-58.3,0.0,90.5,0x20,405.002,13.6,1125,-1,2.4,,
2026-08-05T12:14:20.000Z,M20-403-2-02820,1469967260,43.78680,4.71645,17263.3,6.5,4.2,357.3,-58.3,0.0,90.3,0x20,405.002,15.3,1125,-1,2.4,,
2026-08-05T12:14:21.000Z,M20-403-2-02820,1469967261,43.78684,4.71645,17268.3,4.0,4.4,6.1,-58.3,0.0,90.3,0x20,405.002,15.3,1125,-1,2.4,,
2026-08-05T12:14:22.000Z,M20-403-2-02820,1469967262,43.78687,4.71646,17271.9,3.6,4.1,15.1,-58.2,0.0,90.3,0x20,405.002,16.1,1125,-1,2.4,,
2026-08-05T12:14:23.000Z,M20-403-2-02820,1469967263,43.78691,4.71647,17275.5,4.6,3.9,3.9,-58.3,0.0,90.2,0x20,405.002,16.1,1125,-1,2.4,,
2026-08-05T12:14:24.000Z,M20-403-2-02820,1469967264,43.78694,4.71647,17280.7,5.2,4.1,347.2,-58.3,0.0,90.1,0x20,405.002,5.7,1125,-1,2.4,,
2026-08-05T12:14:25.000Z,M20-403-2-02820,1469967265,43.78699,4.71646,17285.9,5.0,6.2,344.6,-58.4,0.0,90.0,0x20,405.002,3.4,1125,-1,2.4,,
2026-08-05T12:14:26.000Z,M20-403-2-02820,1469967266,43.78705,4.71643,17289.8,3.4,7.7,337.6,-58.3,0.0,90.0,0x20,405.002,3.4,1500,-1,2.4,,
2026-08-05T12:14:27.000Z,M20-403-2-02820,1469967267,43.78712,4.71639,17294.1,5.2,9.0,333.2,-58.3,0.0,89.9,0x20,405.002,10.7,1125,-1,2.4,,
2026-08-05T12:14:28.000Z,M20-403-2-02820,1469967268,43.78718,4.71634,17299.3,5.3,7.6,331.5,-58.3,0.0,89.8,0x20,405.002,11.0,1125,-1,2.4,,
2026-08-05T12:14:29.000Z,M20-403-2-02820,1469967269,43.78724,4.71629,17304.2,4.6,6.9,328.5,-58.3,0.0,89.8,0x20,405.002,11.0,1125,-1,2.4,,
2026-08-05T12:14:30.000Z,M20-403-2-02820,1469967270,43.78730,4.71626,17310.0,7.1,7.1,341.8,-58.3,0.0,89.7,0x20,405.002,10.8,1125,-1,2.4,,
2026-08-05T12:14:31.000Z,M20-403-2-02820,1469967271,43.78736,4.71624,17315.5,4.0,7.5,351.9,-58.3,0.0,89.6,0x20,405.002,13.1,1125,-1,2.4,,
2026-08-05T12:14:32.000Z,M20-403-2-02820,1469967272,43.78742,4.71623,17320.0,5.2,6.1,358.4,-58.3,0.0,89.5,0x20,405.002,13.3,1125,-1,2.4,,
2026-08-05T12:14:33.000Z,M20-403-2-02820,1469967273,43.78747,4.71623,17324.6,4.5,5.9,358.1,-58.3,0.0,89.5,0x20,405.002,13.3,1125,-1,2.4,,
2026-08-05T12:14:34.000Z,M20-403-2-02820,1469967274,43.78752,4.71623,17329.5,5.7,5.4,353.9,-58.3,0.0,89.4,0x20,405.002,13.3,1125,-1,2.4,,
2026-08-05T12:14:35.000Z,M20-403-2-02820,1469967275,43.78758,4.71622,17334.7,4.9,6.9,355.4,-58.3,0.0,89.3,0x20,405.002,13.5,1125,-1,2.4,,
2026-08-05T12:14:36.000Z,M20-403-2-02820,1469967276,43.78764,4.71621,17339.5,5.0,7.9,352.8,-58.3,0.0,89.3,0x20,405.002,13.5,1125,-1,2.4,,
2026-08-05T12:14:37.000Z,M20-403-2-02820,1469967277,43.78771,4.71618,17344.6,5.6,8.5,339.3,-58.4,0.0,89.2,0x20,405.002,4.9,1125,-1,2.4,,
2026-08-05T12:14:38.000Z,M20-403-2-02820,1469967278,43.78778,4.71614,17349.2,4.7,8.8,333.2,-58.3,0.0,89.1,0x20,405.002,3.3,1125,-1,2.4,,
2026-08-05T12:14:39.000Z,M20-403-2-02820,1469967279,43.78786,4.71609,17354.2,5.8,8.8,338.0,-58.4,0.0,89.0,0x20,405.002,3.3,1125,-1,2.4,,
2026-08-05T12:14:40.000Z,M20-403-2-02820,1469967280,43.78793,4.71606,17358.9,3.8,9.4,346.9,-58.4,0.0,89.0,0x20,405.002,10.9,1125,-1,2.4,,
2026-08-05T12:14:41.000Z,M20-403-2-02820,1469967281,43.78801,4.71603,17363.8,6.4,8.5,347.3,-58.4,0.0,88.9,0x20,405.002,11.3,1125,-1,2.4,,
2026-08-05T12:14:42.000Z,M20-403-2-02820,1469967282,43.78808,4.71600,17368.3,3.5,7.3,344.9,-58.5,0.0,88.8,0x20,405.002,11.7,1500,-1,2.4,,
2026-08-05T12:14:43.000Z,M20-403-2-02820,1469967283,43.78815,4.71598,17373.5,6.5,7.0,355.3,-58.5,0.0,88.7,0x20,405.002,11.8,1125,-1,2.4,,
2026-08-05T12:14:44.000Z,M20-403-2-02820,1469967284,43.78821,4.71599,17378.0,2.4,8.1,3.8,-58.5,0.0,88.7,0x20,405.002,13.1,1125,-1,2.3,,
2026-08-05T12:14:45.000Z,M20-403-2-02820,1469967285,43.78828,4.71599,17382.6,6.6,7.2,2.7,-58.5,0.0,88.6,0x20,405.002,14.8,1125,-1,2.3,,
2026-08-05T12:14:46.000Z,M20-403-2-02820,1469967286,43.78834,4.71599,17387.7,3.7,6.1,357.9,-58.5,0.0,88.6,0x20,405.002,14.8,1125,-1,2.4,,
2026-08-05T12:14:47.000Z,M20-403-2-02820,1469967287,43.78840,4.71599,17392.4,6.2,6.7,352.3,-58.6,0.0,88.5,0x20,405.002,13.2,1125,-1,2.4,,
2026-08-05T12:14:48.000Z,M20-403-2-02820,1469967288,43.78846,4.71598,17397.8,4.4,8.0,356.9,-58.6,0.0,88.4,0x20,405.002,14.7,1125,-1,2.4,,
2026-08-05T12:14:49.000Z,M20-403-2-02820,1469967289,43.78854,4.71597,17402.5,5.0,9.1,354.2,-58.6,0.0,88.3,0x20,405.002,14.7,1125,-1,2.4,,
2026-08-05T12:14:50.000Z,M20-403-2-02820,1469967290,43.78862,4.71596,17407.7,5.8,8.9,348.4,-58.6,0.0,88.3,0x20,405.002,14.7,1500,-1,2.4,,
2026-08-05T12:14:51.000Z,M20-403-2-02820,1469967291,43.78869,4.71593,17413.0,5.3,8.5,349.2,-58.6,0.0,88.2,0x20,405.002,4.0,1125,-1,2.3,,
2026-08-05T12:14:52.000Z,M20-403-2-02820,1469967292,43.78876,4.71592,17418.3,5.4,8.5,354.2,-58.6,0.0,88.1,0x20,405.002,3.6,1125,-1,2.4,,
2026-08-05T12:14:53.000Z,M20-403-2-02820,1469967293,43.78884,4.71591,17422.8,3.7,8.3,1.4,-58.6,0.0,88.0,0x20,405.002,9.6,1500,-1,2.3,,
2026-08-05T12:14:54.000Z,M20-403-2-02820,1469967294,43.78890,4.71592,17426.7,4.5,6.6,7.4,-58.6,0.0,88.0,0x20,405.002,11.2,1500,-1,2.4,,
2026-08-05T12:14:55.000Z,M20-403-2-02820,1469967295,43.78896,4.71593,17431.0,4.4,5.3,4.1,-58.7,0.0,87.9,0x20,405.002,12.3,1500,-1,2.3,,
2026-08-05T12:14:56.000Z,M20-403-2-02820,1469967296,43.78901,4.71593,17435.5,4.5,5.5,6.1,-58.7,0.0,87.8,0x20,405.002,13.7,1125,-1,2.4,,
2026-08-05T12:14:57.000Z,M20-403-2-02820,1469967297,43.78907,4.71594,17440.3,5.5,7.4,8.0,-58.7,0.0,87.8,0x20,405.002,13.7,1125,-1,2.4,,
2026-08-05T12:14:58.000Z,M20-403-2-02820,1469967298,43.78914,4.71595,17445.2,4.4,9.2,7.8,-58.8,0.0,87.7,0x20,405.002,14.3,1125,-1,2.4,,
2026-08-05T12:14:59.000Z,M20-403-2-02820,1469967299,43.78923,4.71597,17448.9,3.0,10.2,9.7,-58.7,0.0,87.7,0x20,405.002,14.3,1125,-1,2.3,,
2026-08-05T12:15:00.000Z,M20-403-2-02820,1469967300,43.78932,4.71599,17453.2,5.4,9.6,13.2,-58.8,0.0,87.6,0x20,405.002,13.4,1125,-1,2.3,,
2026-08-05T12:15:01.000Z,M20-403-2-02820,1469967301,43.78940,4.71601,17458.2,4.5,8.1,8.4,-58.8,0.0,87.5,0x20,405.002,12.4,1125,-1,2.3,,
2026-08-05T12:15:02.000Z,M20-403-2-02820,1469967302,43.78947,4.71602,17463.4,6.2,7.7,0.4,-58.8,0.0,87.5,0x20,405.002,12.3,1125,-1,2.3,,
2026-08-05T12:15:03.000Z,M20-403-2-02820,1469967303,43.78954,4.71601,17468.8,5.3,8.3,357.1,-58.9,0.0,87.4,0x20,405.002,11.8,1125,-1,2.3,,
2026-08-05T12:15:04.000Z,M20-403-2-02820,1469967304,43.78962,4.71601,17473.5,4.4,8.7,353.8,-58.9,0.0,87.3,0x20,405.002,3.7,1125,-1,2.3,,
2026-08-05T12:15:05.000Z,M20-403-2-02820,1469967305,43.78969,4.71599,17478.0,5.1,7.8,352.1,-58.9,0.0,87.3,0x20,405.002,3.7,1500,-1,2.3,,
2026-08-05T12:15:06.000Z,M20-403-2-02820,1469967306,43.78976,4.71599,17482.9,4.8,7.1,3.6,-58.9,0.0,87.2,0x20,405.002,8.7,1500,-1,2.3,,
2026-08-05T12:15:07.000Z,M20-403-2-02820,1469967307,43.78983,4.71600,17487.2,4.3,8.8,11.4,-59.0,0.0,87.1,0x20,405.002,11.3,1125,-1,2.3,,
2026-08-05T12:15:08.000Z,M20-403-2-02820,1469967308,43.78991,4.71602,17491.1,3.9,10.4,13.2,-59.0,0.0,87.1,0x20,405.002,11.3,1125,-1,2.3,,
2026-08-05T12:15:09.000Z,M20-403-2-02820,1469967309,43.79001,4.71605,17494.9,4.2,10.9,12.5,-59.0,0.0,87.0,0x20,405.002,12.1,1500,-1,2.3,,
2026-08-05T12:15:10.000Z,M20-403-2-02820,1469967310,43.79010,4.71608,17499.3,4.7,10.1,7.4,-59.0,0.0,86.9,0x20,405.002,12.8,1500,-1,2.3,,
2026-08-05T12:15:11.000Z,M20-403-2-02820,1469967311,43.79018,4.71609,17503.5,3.9,8.5,6.5,-59.0,0.0,86.9,0x20,405.002,12.9,1125,-1,2.3,,
2026-08-05T12:15:12.000Z,M20-403-2-02820,1469967312,43.79025,4.71610,17507.5,4.3,7.6,7.9,-59.0,0.0,86.8,0x20,405.002,12.9,1125,-1,2.3,,
2026-08-05T12:15:13.000Z,M20-403-2-02820,1469967313,43.79032,4.71612,17512.5,5.9,8.4,11.6,-59.1,0.0,86.7,0x20,405.002,11.4,1125,-1,2.3,,
2026-08-05T12:15:14.000Z,M20-403-2-02820,1469967314,43.79040,4.71615,17516.7,3.6,9.7,13.7,-59.1,0.0,86.7,0x20,405.002,13.7,1125,-1,2.3,,
2026-08-05T12:15:15.000Z,M20-403-2-02820,1469967315,43.79049,4.71618,17520.9,5.3,9.8,15.9,-59.1,0.0,86.6,0x20,405.002,13.7,1125,-1,2.3,,
2026-08-05T12:15:16.000Z,M20-403-2-02820,1469967316,43.79057,4.71622,17525.8,5.0,9.3,14.5,-59.1,0.0,86.5,0x20,405.002,12.2,1125,-1,2.3,,
2026-08-05T12:15:17.000Z,M20-403-2-02820,1469967317,43.79065,4.71625,17531.4,6.3,9.1,14.9,-59.1,0.0,86.5,0x20,405.002,3.3,1125,-1,2.3,,
2026-08-05T12:15:18.000Z,M20-403-2-02820,1469967318,43.79074,4.71628,17537.0,5.7,10.6,15.9,-59.2,0.0,86.4,0x20,405.002,3.1,1125,-1,2.3,,
2026-08-05T12:15:19.000Z,M20-403-2-02820,1469967319,43.79083,4.71632,17542.5,5.5,11.2,15.3,-59.2,0.0,86.3,0x20,405.002,6.3,1125,-1,2.3,,
2026-08-05T12:15:20.000Z,M20-403-2-02820,1469967320,43.79092,4.71635,17548.1,6.2,10.1,12.2,-59.2,0.0,86.2,0x20,405.002,11.9,1500,-1,2.3,,
2026-08-05T12:15:21.000Z,M20-403-2-02820,1469967321,43.79101,4.71637,17553.0,4.3,9.1,8.8,-59.1,0.0,86.2,0x20,405.002,13.0,1500,-1,2.3,,
2026-08-05T12:15:22.000Z,M20-403-2-02820,1469967322,43.79109,4.71638,17557.6,6.1,9.7,10.1,-59.1,0.0,86.1,0x20,405.002,14.4,1125,-1,2.3,,
2026-08-05T12:15:23.000Z,M20-403-2-02820,1469967323,43.79118,4.71641,17562.6,4.1,10.3,14.8,-59.0,0.0,86.0,0x20,405.002,14.4,1125,-1,2.3,,
2026-08-05T12:15:24.000Z,M20-403-2-02820,1469967324,43.79126,4.71644,17567.7,7.1,8.7,18.9,-59.0,0.0,86.0,0x20,405.002,12.3,1125,-1,2.3,,
2026-08-05T12:15:25.000Z,M20-403-2-02820,1469967325,43.79134,4.71647,17572.3,3.6,8.2,14.1,-58.9,0.0,85.9,0x20,405.002,12.1,1125,-1,2.3,,
2026-08-05T12:15:26.000Z,M20-403-2-02820,1469967326,43.79141,4.71649,17576.8,6.4,8.2,14.4,-58.9,0.0,85.8,0x20,405.002,12.7,1125,-1,2.3,,
2026-08-05T12:15:27.000Z,M20-403-2-02820,1469967327,43.79149,4.71652,17581.8,4.7,9.7,14.8,-58.9,0.0,85.8,0x20,405.002,12.7,1125,-1,2.3,,
2026-08-05T12:15:28.000Z,M20-403-2-02820,1469967328,43.79158,4.71654,17586.0,4.5,10.7,11.0,-58.9,0.0,85.7,0x20,405.002,11.5,1125,-1,2.3,,
2026-08-05T12:15:29.000Z,M20-403-2-02820,1469967329,43.79167,4.71656,17590.0,4.2,10.3,4.9,-58.9,0.0,85.6,0x20,405.002,9.7,1125,-1,2.3,,
2026-08-05T12:15:30.000Z,M20-403-2-02820,1469967330,43.79176,4.71658,17594.3,5.1,8.9,6.9,-58.9,0.0,85.6,0x20,405.002,3.1,1125,-1,2.3,,
2026-08-05T12:15:31.000Z,M20-403-2-02820,1469967331,43.79183,4.71659,17598.4,3.5,8.4,10.4,-58.9,0.0,85.5,0x20,405.002,3.1,1125,-1,2.3,,
2026-08-05T12:15:32.000Z,M20-403-2-02820,1469967332,43.79190,4.71662,17602.3,4.5,7.4,26.1,-58.8,0.0,85.5,0x20,405.002,9.3,1125,-1,2.3,,
2026-08-05T12:15:33.000Z,M20-403-2-02820,1469967333,43.79196,4.71667,17606.6,4.2,8.8,31.6,-58.8,0.0,85.4,0x20,405.002,13.0,1125,-1,2.3,,
2026-08-05T12:15:34.000Z,M20-403-2-02820,1469967334,43.79203,4.71671,17610.8,4.5,9.0,24.5,-58.8,0.0,85.3,0x20,405.002,13.0,1125,-1,2.3,,
2026-08-05T12:15:35.000Z,M20-403-2-02820,1469967335,43.79210,4.71676,17615.5,4.8,7.8,20.5,-58.8,0.0,85.3,0x20,405.002,11.4,1125,-1,2.3,,
2026-08-05T12:15:36.000Z,M20-403-2-02820,1469967336,43.79217,4.71678,17619.7,4.1,7.1,14.5,-58.7,0.0,85.2,0x20,405.002,10.1,1125,-1,2.3,,
2026-08-05T12:15:37.000Z,M20-403-2-02820,1469967337,43.79223,4.71680,17623.8,4.0,7.0,19.2,-58.6,0.0,85.2,0x20,405.002,11.7,1125,-1,2.3,,
2026-08-05T12:15:38.000Z,M20-403-2-02820,1469967338,43.79229,4.71684,17628.4,5.6,7.6,24.3,-58.6,0.0,85.1,0x20,405.002,11.7,1125,-1,2.3,,
2026-08-05T12:15:39.000Z,M20-403-2-02820,1469967339,43.79235,4.71688,17632.3,2.9,8.3,26.2,-58.5,0.0,85.0,0x20,405.002,11.4,1125,-1,2.3,,
2026-08-05T12:15:40.000Z,M20-403-2-02820,1469967340,43.79242,4.71692,17636.6,5.5,8.3,16.6,-58.5,0.0,85.0,0x20,405.002,10.4,1125,-1,2.3,,
2026-08-05T12:15:41.000Z,M20-403-2-02820,1469967341,43.79250,4.71694,17640.5,2.8,8.2,8.5,-58.5,0.0,84.9,0x20,405.002,10.4,1125,-1,2.3,,
2026-08-05T12:15:42.000Z,M20-403-2-02820,1469967342,43.79257,4.71696,17645.2,6.5,8.2,13.2,-58.5,0.0,84.8,0x20,405.002,6.0,1125,-1,2.3,,
2026-08-05T12:15:43.000Z,M20-403-2-02820,1469967343,43.79264,4.71699,17650.7,4.5,8.5,21.6,-58.5,0.0,84.7,0x20,405.002,4.0,1125,-1,2.3,,
2026-08-05T12:15:44.000Z,M20-403-2-02820,1469967344,43.79271,4.71704,17655.9,6.0,8.2,32.2,-58.5,0.0,84.7,0x20,405.002,3.3,1125,-1,2.3,,
2026-08-05T12:15:45.000Z,M20-403-2-02820,1469967345,43.79277,4.71709,17661.6,5.2,6.8,38.1,-58.5,0.0,84.6,0x20,405.002,8.8,1125,-1,2.3,,
2026-08-05T12:15:46.000Z,M20-403-2-02820,1469967346,43.79281,4.71714,17666.7,5.5,6.6,38.9,-58.5,0.0,84.5,0x20,405.002,12.9,1125,-1,2.3,,
2026-08-05T12:15:47.000Z,M20-403-2-02820,1469967347,43.79287,4.71720,17671.9,5.5,8.1,36.2,-58.5,0.0,84.5,0x20,405.002,12.9,1125,-1,2.3,,
2026-08-05T12:15:48.000Z,M20-403-2-02820,1469967348,43.79293,4.71726,17676.5,4.0,9.2,35.8,-58.5,0.0,84.4,0x20,405.002,12.3,1125,-1,2.3,,
2026-08-05T12:15:49.000Z,M20-403-2-02820,1469967349,43.79300,4.71732,17681.4,6.0,8.9,33.3,-58.5,0.0,84.3,0x20,405.002,11.9,1125,-1,2.3,,
2026-08-05T12:15:50.000Z,M20-403-2-02820,1469967350,43.79306,4.71738,17686.0,3.8,8.0,32.3,-58.5,0.0,84.3,0x20,405.002,13.5,1125,-1,2.3,,
2026-08-05T12:15:51.000Z,M20-403-2-02820,1469967351,43.79313,4.71743,17690.3,5.2,8.1,31.1,-58.5,0.0,84.2,0x20,405.002,14.5,1125,-1,2.3,,
2026-08-05T12:15:52.000Z,M20-403-2-02820,1469967352,43.79319,4.71748,17695.2,5.2,8.5,32.3,-58.5,0.0,84.2,0x20,405.002,14.5,1125,-1,2.3,,
2026-08-05T12:15:53.000Z,M20-403-2-02820,1469967353,43.79326,4.71754,17699.6,4.3,8.7,35.3,-58.6,0.0,84.1,0x20,405.002,16.0,1125,-1,2.3,,
2026-08-05T12:15:54.000Z,M20-403-2-02820,1469967354,43.79332,4.71760,17704.6,5.5,8.0,34.9,-58.6,0.0,84.0,0x20,405.002,16.0,1125,-1,2.3,,
2026-08-05T12:15:55.000Z,M20-403-2-02820,1469967355,43.79338,4.71765,17709.4,4.4,6.9,34.1,-58.6,0.0,84.0,0x20,405.002,6.5,1125,-1,2.3,,
2026-08-05T12:15:56.000Z,M20-403-2-02820,1469967356,43.79343,4.71770,17714.6,6.4,7.2,35.6,-58.7,0.0,83.9,0x20,405.002,3.6,1125,-1,2.3,,
2026-08-05T12:15:57.000Z,M20-403-2-02820,1469967357,43.79348,4.71775,17720.2,4.9,7.9,37.2,-58.7,0.0,83.8,0x20,405.002,3.6,1500,-1,2.3,,
2026-08-05T12:15:58.000Z,M20-403-2-02820,1469967358,43.79355,4.71782,17725.1,6.0,8.8,40.3,-58.8,0.0,83.8,0x20,405.002,11.1,1125,-1,2.3,,
2026-08-05T12:15:59.000Z,M20-403-2-02820,1469967359,43.79361,4.71790,17729.1,3.4,8.6,39.1,-58.8,0.0,83.7,0x20,405.002,15.4,1125,-1,2.3,,
2026-08-05T12:16:00.000Z,M20-403-2-02820,1469967360,43.79366,4.71797,17733.8,6.1,7.7,45.3,-58.8,0.0,83.6,0x20,405.002,15.4,1125,-1,2.3,,
2026-08-05T12:16:01.000Z,M20-403-2-02820,1469967361,43.79371,4.71804,17738.7,4.0,8.4,45.6,-58.8,0.0,83.5,0x20,405.002,15.9,1125,-1,2.3,,
2026-08-05T12:16:02.000Z,M20-403-2-02820,1469967362,43.79376,4.71811,17743.2,5.0,8.2,47.7,-58.8,0.0,83.5,0x20,405.002,15.9,1125,-1,2.3,,
2026-08-05T12:16:03.000Z,M20-403-2-02820,1469967363,43.79380,4.71817,17747.8,4.7,6.5,45.5,-58.8,0.0,83.4,0x20,405.002,15.4,1125,-1,2.3,,
2026-08-05T12:16:04.000Z,M20-403-2-02820,1469967364,43.79383,4.71823,17753.2,5.5,5.1,40.3,-58.7,0.0,83.4,0x20,405.002,15.7,1125,-1,2.3,,
2026-08-05T12:16:05.000Z,M20-403-2-02820,1469967365,43.79387,4.71827,17759.0,6.2,6.1,35.1,-58.7,0.0,83.3,0x20,405.002,15.7,1500,-1,2.3,,
2026-08-05T12:16:06.000Z,M20-403-2-02820,1469967366,43.79392,4.71832,17764.2,4.2,7.7,39.1,-58.6,0.0,83.2,0x20,405.002,15.4,1125,-1,2.3,,
2026-08-05T12:16:07.000Z,M20-403-2-02820,1469967367,43.79397,4.71838,17769.0,5.7,7.0,42.7,-58.6,0.0,83.2,0x20,405.002,13.7,1125,-1,2.3,,
2026-08-05T12:16:08.000Z,M20-403-2-02820,1469967368,43.79401,4.71844,17773.9,4.7,6.3,46.4,-58.5,0.0,83.1,0x20,405.002,13.7,1500,-1,2.3,,
2026-08-05T12:16:09.000Z,M20-403-2-02820,1469967369,43.79404,4.71851,17778.5,5.0,6.9,58.5,-58.5,0.0,83.0,0x20,405.002,9.1,1500,-1,2.3,,
2026-08-05T12:16:10.000Z,M20-403-2-02820,1469967370,43.79407,4.71859,17783.0,3.9,7.7,63.4,-58.5,0.0,83.0,0x20,405.002,6.2,1125,-1,2.3,,
2026-08-05T12:16:11.000Z,M20-403-2-02820,1469967371,43.79410,4.71866,17787.1,4.4,6.9,58.9,-58.4,0.0,82.9,0x20,405.002,12.0,1500,-1,2.3,,
2026-08-05T12:16:12.000Z,M20-403-2-02820,1469967372,43.79413,4.71872,17791.6,5.3,5.3,47.5,-58.4,0.0,82.8,0x20,405.002,12.0,1500,-1,2.3,,
2026-08-05T12:16:13.000Z,M20-403-2-02820,1469967373,43.79416,4.71876,17796.3,4.1,4.5,34.4,-58.3,0.0,82.8,0x20,405.002,13.3,1125,-1,2.3,,
2026-08-05T12:16:14.000Z,M20-403-2-02820,1469967374,43.79420,4.71880,17801.6,6.8,5.4,25.6,-58.3,0.0,82.7,0x20,405.002,13.8,1125,-1,2.3,,
2026-08-05T12:16:15.000Z,M20-403-2-02820,1469967375,43.79424,4.71883,17807.0,4.0,5.5,33.0,-58.2,0.0,82.7,0x20,405.002,13.8,1125,-1,2.3,,
2026-08-05T12:16:16.000Z,M20-403-2-02820,1469967376,43.79428,4.71887,17811.5,5.4,5.1,34.6,-58.1,0.0,82.6,0x20,405.002,10.7,1125,-1,2.3,,
2026-08-05T12:16:17.000Z,M20-403-2-02820,1469967377,43.79432,4.71889,17815.7,3.4,4.6,28.9,-58.1,0.0,82.5,0x20,405.002,12.7,1125,-1,2.3,,
2026-08-05T12:16:18.000Z,M20-403-2-02820,1469967378,43.79435,4.71893,17820.2,5.5,4.1,52.0,-58.1,0.0,82.4,0x20,405.002,14.0,1125,-1,2.3,,
2026-08-05T12:16:19.000Z,M20-403-2-02820,1469967379,43.79437,4.71898,17825.1,4.8,5.3,66.9,-58.1,0.0,82.4,0x20,405.002,14.0,1125,-1,2.3,,
2026-08-05T12:16:20.000Z,M20-403-2-02820,1469967380,43.79439,4.71905,17829.6,4.8,5.9,67.9,-58.1,0.0,82.3,0x20,405.002,13.3,1125,-1,2.3,,
2026-08-05T12:16:21.000Z,M20-403-2-02820,1469967381,43.79441,4.71911,17834.7,5.6,4.8,71.1,-58.1,0.0,82.2,0x20,405.002,5.2,1125,-1,2.3,,
2026-08-05T12:16:22.000Z,M20-403-2-02820,1469967382,43.79442,4.71915,17839.6,4.4,3.5,55.7,-58.1,0.0,82.2,0x20,405.002,3.5,1125,-1,2.3,,
2026-08-05T12:16:23.000Z,M20-403-2-02820,1469967383,43.79444,4.71919,17844.4,5.2,4.3,39.7,-58.0,0.0,82.1,0x20,405.002,3.4,1125,-1,2.3,,
2026-08-05T12:16:24.000Z,M20-403-2-02820,1469967384,43.79448,4.71922,17848.9,4.0,5.3,34.0,-58.0,0.0,82.0,0x20,405.002,13.5,1125,-1,2.3,,
2026-08-05T12:16:25.000Z,M20-403-2-02820,1469967385,43.79452,4.71926,17853.2,4.9,5.3,24.0,-58.0,0.0,82.0,0x20,405.002,14.8,1500,-1,2.3,,
2026-08-05T12:16:26.000Z,M20-403-2-02820,1469967386,43.79456,4.71928,17858.2,5.2,4.2,12.2,-58.0,0.0,81.9,0x20,405.002,15.0,1125,-1,2.3,,
2026-08-05T12:16:27.000Z,M20-403-2-02820,1469967387,43.79458,4.71928,17863.0,4.7,2.7,6.7,-58.1,0.0,81.8,0x20,405.002,15.0,1125,-1,2.3,,
2026-08-05T12:16:28.000Z,M20-403-2-02820,1469967388,43.79460,4.71929,17867.2,4.5,1.9,37.4,-58.0,0.0,81.8,0x20,405.002,15.3,1125,-1,2.3,,
2026-08-05T12:16:29.000Z,M20-403-2-02820,1469967389,43.79461,4.71932,17872.1,5.3,3.4,86.6,-58.0,0.0,81.7,0x20,405.002,15.3,1125,-1,2.3,,
2026-08-05T12:16:30.000Z,M20-403-2-02820,1469967390,43.79461,4.71936,17876.2,3.6,4.7,85.1,-58.0,0.0,81.7,0x20,405.002,14.6,1125,-1,2.3,,
2026-08-05T12:16:31.000Z,M20-403-2-02820,1469967391,43.79462,4.71942,17881.2,6.3,4.4,77.0,-58.0,0.0,81.6,0x20,405.002,15.1,1125,-1,2.3,,
2026-08-05T12:16:32.000Z,M20-403-2-02820,1469967392,43.79462,4.71946,17886.2,3.6,3.1,73.6,-57.9,0.0,81.5,0x20,405.002,15.1,1125,-1,2.3,,
2026-08-05T12:16:33.000Z,M20-403-2-02820,1469967393,43.79463,4.71950,17891.4,6.3,3.3,49.4,-57.9,0.0,81.5,0x20,405.002,14.2,1125,-1,2.3,,
2026-08-05T12:16:34.000Z,M20-403-2-02820,1469967394,43.79465,4.71953,17896.2,3.5,3.1,58.3,-57.9,0.0,81.4,0x20,405.002,5.1,1125,-1,2.3,,
2026-08-05T12:16:35.000Z,M20-403-2-02820,1469967395,43.79466,4.71956,17900.5,5.2,2.1,40.7,-57.9,0.0,81.3,0x20,405.002,3.7,1125,-1,2.3,,
2026-08-05T12:16:36.000Z,M20-403-2-02820,1469967396,43.79467,4.71956,17905.3,4.7,2.1,346.7,-58.0,0.0,81.3,0x20,405.002,3.7,1500,-1,2.3,,
2026-08-05T12:16:37.000Z,M20-403-2-02820,1469967397,43.79469,4.71955,17909.5,4.1,2.2,332.4,-58.0,0.0,81.2,0x20,405.002,12.9,1125,-1,2.3,,
2026-08-05T12:16:38.000Z,M20-403-2-02820,1469967398,43.79471,4.71955,17914.5,6.1,1.9,1.8,-58.0,0.0,81.2,0x20,405.002,13.9,1125,-1,2.3,,
2026-08-05T12:16:39.000Z,M20-403-2-02820,1469967399,43.79472,4.71956,17919.5,4.1,2.3,38.6,-57.9,0.0,81.1,0x20,405.002,14.2,1125,-1,2.3,,
2026-08-05T12:16:40.000Z,M20-403-2-02820,1469967400,43.79474,4.71958,17923.5,4.2,2.1,54.6,-57.9,0.0,81.0,0x20,405.002,14.2,1125,-1,2.3,,
2026-08-05T12:16:41.000Z,M20-403-2-02820,1469967401,43.79475,4.71960,17928.1,4.8,1.4,45.8,-57.9,0.0,81.0,0x20,405.002,14.1,1125,-1,2.3,,
2026-08-05T12:16:42.000Z,M20-403-2-02820,1469967402,43.79475,4.71961,17932.8,5.2,1.5,69.0,-57.9,0.0,80.9,0x20,405.002,14.9,1125,-1,2.3,,
2026-08-05T12:16:43.000Z,M20-403-2-02820,1469967403,43.79476,4.71964,17938.0,5.5,2.6,78.3,-57.9,0.0,80.8,0x20,405.002,14.9,1125,-1,2.3,,
2026-08-05T12:16:44.000Z,M20-403-2-02820,1469967404,43.79476,4.71968,17942.4,3.4,4.0,81.4,-57.8,0.0,80.8,0x20,405.002,15.0,1125,-1,2.3,,
2026-08-05T12:16:45.000Z,M20-403-2-02820,1469967405,43.79477,4.71973,17947.7,7.0,3.5,87.1,-57.7,0.0,80.7,0x20,405.002,15.0,1125,-1,2.3,,
2026-08-05T12:16:46.000Z,M20-403-2-02820,1469967406,43.79477,4.71976,17952.9,3.4,2.0,77.2,-57.7,0.0,80.6,0x20,405.002,12.3,1125,-1,2.3,,
2026-08-05T12:16:47.000Z,M20-403-2-02820,1469967407,43.79478,4.71978,17958.1,6.2,1.4,77.2,-57.6,0.0,80.6,0x20,405.002,4.7,1125,-1,2.3,,
2026-08-05T12:16:48.000Z,M20-403-2-02820,1469967408,43.79478,4.71980,17963.1,4.0,2.1,69.4,-57.6,0.0,80.5,0x20,405.002,3.0,1125,-1,2.3,,
2026-08-05T12:16:49.000Z,M20-403-2-02820,1469967409,43.79478,4.71982,17968.1,6.0,1.2,87.1,-57.6,0.0,80.5,0x20,405.002,3.7,1125,-1,2.3,,
2026-08-05T12:16:50.000Z,M20-403-2-02820,1469967410,43.79478,4.71983,17973.5,4.8,0.3,10.0,-57.6,0.0,80.4,0x20,405.002,11.4,1125,-1,2.3,,
2026-08-05T12:16:51.000Z,M20-403-2-02820,1469967411,43.79479,4.71983,17978.8,6.3,0.8,352.9,-57.6,0.0,80.3,0x20,405.002,14.6,1125,-1,2.3,,
2026-08-05T12:16:52.000Z,M20-403-2-02820,1469967412,43.79480,4.71983,17983.8,3.9,1.4,53.5,-57.6,0.0,80.2,0x20,405.002,14.9,1125,-1,2.3,,
2026-08-05T12:16:53.000Z,M20-403-2-02820,1469967413,43.79480,4.71985,17987.6,3.7,2.0,74.8,-57.5,0.0,80.2,0x20,405.002,14.9,1125,-1,2.3,,
2026-08-05T12:16:54.000Z,M20-403-2-02820,1469967414,43.79481,4.71987,17992.0,4.5,2.5,27.4,-57.5,0.0,80.1,0x20,405.002,14.8,1125,-1,2.3,,
2026-08-05T12:16:55.000Z,M20-403-2-02820,1469967415,43.79483,4.71987,17996.9,4.2,2.9,0.4,-57.5,0.0,80.1,0x20,405.002,15.2,1125,-1,2.3,,
2026-08-05T12:16:56.000Z,M20-403-2-02820,1469967416,43.79486,4.71988,18002.0,5.8,3.5,15.3,-57.5,0.0,80.0,0x20,405.002,15.2,1125,-1,2.3,,
2026-08-05T12:16:57.000Z,M20-403-2-02820,1469967417,43.79489,4.71990,18006.1,2.3,3.4,28.5,-57.5,0.0,79.9,0x20,405.002,15.3,1125,-1,2.3,,
2026-08-05T12:16:58.000Z,M20-403-2-02820,1469967418,43.79491,4.71992,18010.2,5.8,3.2,15.5,-57.5,0.0,79.9,0x20,405.002,15.3,1125,-1,2.3,,
2026-08-05T12:16:59.000Z,M20-403-2-02820,1469967419,43.79494,4.71992,18015.5,4.1,3.3,1.7,-57.5,0.0,79.8,0x20,405.002,15.0,1125,-1,2.3,,
2026-08-05T12:17:00.000Z,M20-403-2-02820,1469967420,43.79497,4.71993,18021.5,7.5,2.6,19.0,-57.5,0.0,79.7,0x20,405.002,3.4,1125,-1,2.3,,
2026-08-05T12:17:01.000Z,M20-403-2-02820,1469967421,43.79499,4.71994,18027.3,4.1,2.1,38.9,-57.6,0.0,79.7,0x20,405.002,3.4,1125,-1,2.3,,
2026-08-05T12:17:02.000Z,M20-403-2-02820,1469967422,43.79500,4.71996,18032.1,5.5,2.0,44.6,-57.5,0.0,79.6,0x20,405.002,2.9,1125,-1,2.3,,
2026-08-05T12:17:03.000Z,M20-403-2-02820,1469967423,43.79501,4.71997,18037.2,4.8,2.0,12.9,-57.6,0.0,79.5,0x20,405.002,11.5,1500,-1,2.3,,
2026-08-05T12:17:04.000Z,M20-403-2-02820,1469967424,43.79503,4.71998,18042.3,5.5,2.6,0.9,-57.6,0.0,79.5,0x20,405.002,15.4,1500,-1,2.3,,
2026-08-05T12:17:05.000Z,M20-403-2-02820,1469967425,43.79506,4.71999,18047.6,5.1,2.7,21.9,-57.6,0.0,79.4,0x20,405.002,15.7,1125,-1,2.3,,
2026-08-05T12:17:06.000Z,M20-403-2-02820,1469967426,43.79508,4.72000,18052.6,4.8,3.9,29.9,-57.7,0.0,79.3,0x20,405.002,15.7,1125,-1,2.3,,
2026-08-05T12:17:07.000Z,M20-403-2-02820,1469967427,43.79512,4.72002,18057.8,5.8,4.5,18.4,-57.7,0.0,79.3,0x20,405.002,12.4,1125,-1,2.3,,
2026-08-05T12:17:08.000Z,M20-403-2-02820,1469967428,43.79516,4.72004,18062.6,3.7,4.2,7.9,-57.7,0.0,79.2,0x20,405.002,12.1,1125,-1,2.3,,
2026-08-05T12:17:09.000Z,M20-403-2-02820,1469967429,43.79519,4.72004,18066.9,4.6,3.1,8.4,-57.7,0.0,79.2,0x20,405.002,13.8,1125,-1,2.3,,
2026-08-05T12:17:10.000Z,M20-403-2-02820,1469967430,43.79521,4.72005,18071.0,3.9,2.3,27.0,-57.7,0.0,79.1,0x20,405.002,13.8,1125,-1,2.3,,
2026-08-05T12:17:11.000Z,M20-403-2-02820,1469967431,43.79523,4.72007,18075.2,4.8,2.0,39.4,-57.7,0.0,79.0,0x20,405.002,13.0,1125,-1,2.3,,
2026-08-05T12:17:12.000Z,M20-403-2-02820,1469967432,43.79525,4.72008,18079.6,3.9,3.4,25.8,-57.6,0.0,79.0,0x20,405.002,13.0,1125,-1,2.3,,
2026-08-05T12:17:13.000Z,M20-403-2-02820,1469967433,43.79529,4.72010,18084.3,5.5,5.2,9.2,-57.7,0.0,78.9,0x20,405.002,7.6,1125,-1,2.3,,
2026-08-05T12:17:14.000Z,M20-403-2-02820,1469967434,43.79534,4.72010,18088.7,2.9,6.0,356.2,-57.7,0.0,78.8,0x20,405.002,3.3,1125,-1,2.3,,
2026-08-05T12:17:15.000Z,M20-403-2-02820,1469967435,43.79539,4.72010,18092.8,5.3,5.0,349.5,-57.7,0.0,78.8,0x20,405.002,7.1,1125,-1,2.3,,
2026-08-05T12:17:16.000Z,M20-403-2-02820,1469967436,43.79542,4.72009,18098.4,5.9,3.1,352.2,-57.8,0.0,78.7,0x20,405.002,10.2,1125,-1,2.3,,
2026-08-05T12:17:17.000Z,M20-403-2-02820,1469967437,43.79545,4.72009,18103.7,4.7,2.0,3.4,-57.8,0.0,78.7,0x20,405.002,11.9,1125,-1,2.3,,
2026-08-05T12:17:18.000Z,M20-403-2-02820,1469967438,43.79547,4.72009,18109.2,5.9,2.6,1.5,-57.9,0.0,78.6,0x20,405.002,11.9,1500,-1,2.3,,
2026-08-05T12:17:19.000Z,M20-403-2-02820,1469967439,43.79550,4.72009,18114.5,5.2,3.4,1.5,-57.8,0.0,78.5,0x20,405.002,14.4,1500,-1,2.3,,
2026-08-05T12:17:20.000Z,M20-403-2-02820,1469967440,43.79553,4.72010,18120.2,6.6,4.0,14.8,-57.9,0.0,78.5,0x20,405.002,14.4,1125,-1,2.3,,
2026-08-05T12:17:21.000Z,M20-403-2-02820,1469967441,43.79556,4.72012,18125.0,3.3,4.0,30.9,-57.9,0.0,78.4,0x20,405.002,15.2,1125,-1,2.3,,
2026-08-05T12:17:22.000Z,M20-403-2-02820,1469967442,43.79560,4.72015,18129.5,6.5,5.1,22.8,-57.9,0.0,78.3,0x20,405.002,15.2,1125,-1,2.3,,
2026-08-05T12:17:23.000Z,M20-403-2-02820,1469967443,43.79565,4.72017,18134.8,4.5,6.3,11.0,-57.9,0.0,78.3,0x20,405.002,15.3,1125,-1,2.3,,
2026-08-05T12:17:24.000Z,M20-403-2-02820,1469967444,43.79570,4.72018,18140.0,6.0,6.1,3.2,-58.0,0.0,78.2,0x20,405.002,15.3,1125,-1,2.3,,
2026-08-05T12:17:25.000Z,M20-403-2-02820,1469967445,43.79575,4.72018,18144.9,4.0,4.9,359.1,-58.0,0.0,78.2,0x20,405.002,13.9,1125,-1,2.3,,
2026-08-05T12:17:26.000Z,M20-403-2-02820,1469967446,43.79579,4.72018,18149.0,4.4,3.9,345.9,-57.9,0.0,78.1,0x20,405.002,4.4,1125,-1,2.3,,
2026-08-05T12:17:27.000Z,M20-403-2-02820,1469967447,43.79582,4.72016,18153.9,5.6,3.8,322.4,-58.0,0.0,78.0,0x20,405.002,3.6,1125,-1,2.3,,
2026-08-05T12:17:28.000Z,M20-403-2-02820,1469967448,43.79585,4.72013,18159.3,5.3,4.3,323.3,-58.0,0.0,78.0,0x20,405.002,3.6,1125,-1,2.3,,
2026-08-05T12:17:29.000Z,M20-403-2-02820,1469967449,43.79588,4.72010,18164.9,6.2,3.0,323.8,-58.0,0.0,77.9,0x20,405.002,14.0,1125,-1,2.3,,
2026-08-05T12:17:30.000Z,M20-403-2-02820,1469967450,43.79589,4.72009,18169.6,2.9,2.1,2.2,-58.0,0.0,77.8,0x20,405.002,14.5,1125,-1,2.3,,
2026-08-05T12:17:31.000Z,M20-403-2-02820,1469967451,43.79592,4.72009,18174.1,5.5,3.6,5.0,-58.0,0.0,77.8,0x20,405.002,15.8,1125,-1,2.3,,
2026-08-05T12:17:32.000Z,M20-403-2-02820,1469967452,43.79595,4.72010,18179.3,4.2,5.0,359.8,-58.0,0.0,77.7,0x20,405.002,15.8,1125,-1,2.3,,
2026-08-05T12:17:33.000Z,M20-403-2-02820,1469967453,43.79600,4.72010,18184.2,5.5,6.0,356.2,-57.9,0.0,77.6,0x20,405.002,13.8,1125,-1,2.3,,
2026-08-05T12:17:34.000Z,M20-403-2-02820,1469967454,43.79605,4.72009,18189.3,5.1,5.1,349.9,-57.9,0.0,77.6,0x20,405.002,13.8,1125,-1,2.3,,
2026-08-05T12:17:35.000Z,M20-403-2-02820,1469967455,43.79610,4.72007,18193.4,4.8,4.7,335.0,-57.8,0.0,77.5,0x20,405.002,13.3,1125,-1,2.3,,
2026-08-05T12:17:36.000Z,M20-403-2-02820,1469967456,43.79613,4.72003,18197.9,5.2,5.4,323.8,-57.8,0.0,77.5,0x20,405.002,17.0,1125,-1,2.3,,
2026-08-05T12:17:37.000Z,M20-403-2-02820,1469967457,43.79617,4.71999,18202.5,4.8,5.8,322.5,-57.8,0.0,77.4,0x20,405.002,17.0,1125,-1,2.3,,
2026-08-05T12:17:38.000Z,M20-403-2-02820,1469967458,43.79621,4.71995,18207.5,5.5,4.5,317.6,-57.8,0.0,77.3,0x20,405.002,16.4,1125,-1,2.3,,
2026-08-05T12:17:39.000Z,M20-403-2-02820,1469967459,43.79623,4.71992,18212.2,3.9,3.4,319.9,-57.7,0.0,77.3,0x20,405.002,5.2,1125,-1,2.3,,
2026-08-05T12:17:40.000Z,M20-403-2-02820,1469967460,43.79625,4.71989,18216.3,4.6,3.1,316.8,-57.7,0.0,77.2,0x20,405.002,3.6,1125,-1,2.3,,
2026-08-05T12:17:41.000Z,M20-403-2-02820,1469967461,43.79628,4.71985,18221.0,5.0,5.3,319.4,-57.7,0.0,77.2,0x20,405.002,3.4,1125,-1,2.3,,
2026-08-05T12:17:42.000Z,M20-403-2-02820,1469967462,43.79633,4.71981,18225.4,4.4,7.1,326.7,-57.7,0.0,77.1,0x20,405.002,14.1,1125,-1,2.3,,
2026-08-05T12:17:43.000Z,M20-403-2-02820,1469967463,43.79638,4.71976,18229.3,3.6,7.7,332.1,-57.7,0.0,77.0,0x20,405.002,16.8,1125,-1,2.3,,
2026-08-05T12:17:44.000Z,M20-403-2-02820,1469967464,43.79644,4.71973,18233.8,5.3,7.3,346.0,-57.7,0.0,77.0,0x20,405.002,16.8,1125,-1,2.3,,
2026-08-05T12:17:45.000Z,M20-403-2-02820,1469967465,43.79651,4.71971,18238.5,4.0,7.1,358.1,-57.7,0.0,76.9,0x20,405.002,14.8,1125,-1,2.3,,
2026-08-05T12:17:46.000Z,M20-403-2-02820,1469967466,43.79657,4.71971,18242.9,4.4,6.3,359.2,-57.7,0.0,76.9,0x20,405.002,14.2,1125,-1,2.3,,
2026-08-05T12:17:47.000Z,M20-403-2-02820,1469967467,43.79663,4.71970,18248.0,5.4,6.9,345.4,-57.7,0.0,76.8,0x20,405.002,15.9,1125,-1,2.3,,
2026-08-05T12:17:48.000Z,M20-403-2-02820,1469967468,43.79668,4.71967,18253.2,4.3,7.2,332.5,-57.6,0.0,76.7,0x20,405.002,15.9,1125,-1,2.3,,
2026-08-05T12:17:49.000Z,M20-403-2-02820,1469967469,43.79673,4.71962,18258.8,6.6,6.5,319.3,-57.7,0.0,76.7,0x20,405.002,14.7,1125,-1,2.3,,
2026-08-05T12:17:50.000Z,M20-403-2-02820,1469967470,43.79678,4.71957,18263.8,2.9,6.5,315.9,-57.6,0.0,76.6,0x20,405.002,14.7,1125,-1,2.3,,
2026-08-05T12:17:51.000Z,M20-403-2-02820,1469967471,43.79682,4.71951,18268.8,6.8,7.6,313.6,-57.7,0.0,76.5,0x20,405.002,13.3,1125,-1,2.3,,
2026-08-05T12:17:52.000Z,M20-403-2-02820,1469967472,43.79687,4.71943,18274.1,3.7,8.3,312.6,-57.7,0.0,76.5,0x20,405.002,4.4,1125,-1,2.3,,
2026-08-05T12:17:53.000Z,M20-403-2-02820,1469967473,43.79692,4.71937,18279.7,7.1,8.2,326.5,-57.7,0.0,76.4,0x20,405.002,2.8,1125,-1,2.3,,
2026-08-05T12:17:54.000Z,M20-403-2-02820,1469967474,43.79699,4.71932,18285.1,3.5,7.8,337.8,-57.7,0.0,76.3,0x20,405.002,5.4,1500,-1,2.3,,
2026-08-05T12:17:55.000Z,M20-403-2-02820,1469967475,43.79705,4.71929,18290.2,6.5,8.1,344.8,-57.7,0.0,76.3,0x20,405.002,12.1,1125,-1,2.3,,
2026-08-05T12:17:56.000Z,M20-403-2-02820,1469967476,43.79713,4.71926,18295.6,4.5,8.9,341.0,-57.7,0.0,76.2,0x20,405.002,14.5,1125,-1,2.3,,
2026-08-05T12:17:57.000Z,M20-403-2-02820,1469967477,43.79720,4.71922,18300.5,5.5,9.0,336.9,-57.7,0.0,76.2,0x20,405.002,14.5,1125,-1,2.3,,
2026-08-05T12:17:58.000Z,M20-403-2-02820,1469967478,43.79727,4.71918,18305.4,5.0,8.4,334.0,-57.8,0.0,76.1,0x20,405.002,16.5,1125,-1,2.3,,
2026-08-05T12:17:59.000Z,M20-403-2-02820,1469967479,43.79734,4.71913,18309.9,4.8,7.6,330.9,-57.7,0.0,76.0,0x20,405.002,16.5,1125,-1,2.3,,
2026-08-05T12:18:00.000Z,M20-403-2-02820,1469967480,43.79740,4.71907,18315.1,6.1,8.4,317.7,-57.7,0.0,76.0,0x20,405.002,16.2,1125,-1,2.3,,
2026-08-05T12:18:01.000Z,M20-403-2-02820,1469967481,43.79745,4.71899,18320.0,4.2,9.9,312.2,-57.7,0.0,75.9,0x20,405.002,16.1,1125,-1,2.3,,
2026-08-05T12:18:02.000Z,M20-403-2-02820,1469967482,43.79752,4.71890,18324.2,4.5,10.6,313.4,-57.6,0.0,75.9,0x20,405.002,16.1,1125,-1,2.3,,
2026-08-05T12:18:03.000Z,M20-403-2-02820,1469967483,43.79759,4.71881,18329.5,5.6,10.0,319.4,-57.6,0.0,75.8,0x20,405.002,15.8,1125,-1,2.3,,
2026-08-05T12:18:04.000Z,M20-403-2-02820,1469967484,43.79765,4.71874,18334.1,4.0,9.1,324.6,-57.6,0.0,75.7,0x20,405.002,15.8,1125,-1,2.3,,
2026-08-05T12:18:05.000Z,M20-403-2-02820,1469967485,43.79772,4.71867,18338.8,4.9,9.4,322.0,-57.6,0.0,75.7,0x20,405.002,15.8,1500,-1,2.3,,
2026-08-05T12:18:06.000Z,M20-403-2-02820,1469967486,43.79779,4.71860,18343.2,4.3,9.6,319.8,-57.6,0.0,75.6,0x20,405.002,5.6,1500,-1,2.3,,
2026-08-05T12:18:07.000Z,M20-403-2-02820,1469967487,43.79785,4.71852,18348.0,5.1,9.0,320.9,-57.6,0.0,75.5,0x20,405.002,3.2,1125,-1,2.3,,
2026-08-05T12:18:08.000Z,M20-403-2-02820,1469967488,43.79791,4.71846,18353.2,5.0,7.6,329.2,-57.5,0.0,75.5,0x20,405.002,13.3,1500,-1,2.3,,
2026-08-05T12:18:09.000Z,M20-403-2-02820,1469967489,43.79797,4.71842,18357.6,4.1,7.0,334.6,-57.5,0.0,75.4,0x20,405.002,13.3,1125,-1,2.3,,
2026-08-05T12:18:11.000Z,M20-403-2-02820,1469967491,43.79811,4.71832,18367.5,4.4,10.0,329.6,-57.4,0.0,75.3,0x20,405.002,16.5,1125,-1,2.3,,
2026-08-05T12:18:12.000Z,M20-403-2-02820,1469967492,43.79819,4.71826,18371.7,4.7,11.2,328.6,-57.3,0.0,75.3,0x20,405.002,16.5,1125,-1,2.3,,
2026-08-05T12:18:13.000Z,M20-403-2-02820,1469967493,43.79827,4.71819,18376.7,5.3,10.8,330.2,-57.4,0.0,75.2,0x20,405.002,14.5,1125,-1,2.3,,
2026-08-05T12:18:14.000Z,M20-403-2-02820,1469967494,43.79836,4.71813,18381.0,4.0,9.8,334.7,-57.4,0.0,75.1,0x20,405.002,13.8,1125,-1,2.3,,
2026-08-05T12:18:15.000Z,M20-403-2-02820,1469967495,43.79843,4.71808,18385.6,5.3,9.4,336.9,-57.3,0.0,75.1,0x20,405.002,13.8,1125,-1,2.3,,
2026-08-05T12:18:16.000Z,M20-403-2-02820,1469967496,43.79851,4.71802,18390.4,4.4,10.0,330.7,-57.4,0.0,75.0,0x20,405.002,11.5,1125,-1,2.3,,
2026-08-05T12:18:17.000Z,M20-403-2-02820,1469967497,43.79859,4.71797,18395.2,4.8,9.5,330.0,-57.4,0.0,75.0,0x20,405.002,10.0,1125,-1,2.3,,
2026-08-05T12:18:18.000Z,M20-403-2-02820,1469967498,43.79866,4.71792,18400.3,5.3,7.5,333.3,-57.5,0.0,74.9,0x20,405.002,9.0,1125,-1,2.3,,
2026-08-05T12:18:19.000Z,M20-403-2-02820,1469967499,43.79871,4.71788,18405.2,3.9,6.7,338.3,-57.5,0.0,74.8,0x20,405.002,9.0,1500,-1,2.3,,
2026-08-05T12:18:20.000Z,M20-403-2-02820,1469967500,43.79877,4.71785,18410.4,6.3,6.8,334.8,-57.6,0.0,74.8,0x20,405.002,6.8,1500,-1,2.3,,
2026-08-05T12:18:21.000Z,M20-403-2-02820,1469967501,43.79883,4.71781,18415.2,3.8,7.9,328.1,-57.5,0.0,74.7,0x20,405.002,11.0,1125,-1,2.3,,
2026-08-05T12:18:22.000Z,M20-403-2-02820,1469967502,43.79890,4.71775,18420.0,5.8,9.4,330.7,-57.5,0.0,74.7,0x20,405.002,11.9,1500,-1,2.3,,
2026-08-05T12:18:23.000Z,M20-403-2-02820,1469967503,43.79898,4.71770,18425.4,5.3,10.3,338.9,-57.6,0.0,74.6,0x20,405.002,14.9,1125,-1,2.3,,
2026-08-05T12:18:24.000Z,M20-403-2-02820,1469967504,43.79907,4.71766,18429.7,3.6,10.4,346.2,-57.6,0.0,74.5,0x20,405.002,14.9,1125,-1,2.3,,
2026-08-05T12:18:25.000Z,M20-403-2-02820,1469967505,43.79916,4.71762,18434.2,5.2,10.6,341.0,-57.7,0.0,74.5,0x20,405.002,13.3,1125,-1,2.3,,
2026-08-05T12:18:26.000Z,M20-403-2-02820,1469967506,43.79924,4.71758,18439.3,5.0,10.4,336.2,-57.7,0.0,74.4,0x20,405.002,15.6,1125,-1,2.3,,
2026-08-05T12:18:27.000Z,M20-403-2-02820,1469967507,43.79932,4.71753,18444.1,4.7,8.8,335.8,-57.7,0.0,74.4,0x20,405.002,15.6,1125,-1,2.3,,
2026-08-05T12:18:28.000Z,M20-403-2-02820,1469967508,43.79939,4.71749,18449.4,5.4,6.4,339.7,-57.7,0.0,74.3,0x20,405.002,13.7,1125,-1,2.3,,
2026-08-05T12:18:29.000Z,M20-403-2-02820,1469967509,43.79944,4.71747,18453.7,3.3,5.1,346.5,-57.7,0.0,74.3,0x20,405.002,16.0,1125,-1,2.3,,
2026-08-05T12:18:30.000Z,M20-403-2-02820,1469967510,43.79948,4.71745,18458.0,5.2,5.2,341.0,-57.7,0.0,74.2,0x20,405.002,16.0,1125,-1,2.3,,
2026-08-05T12:18:31.000Z,M20-403-2-02820,1469967511,43.79953,4.71742,18463.2,4.9,6.9,334.8,-57.8,0.0,74.1,0x20,405.002,6.3,1125,-1,2.3,,
2026-08-05T12:18:32.000Z,M20-403-2-02820,1469967512,43.79959,4.71738,18467.7,4.1,7.7,339.9,-57.7,0.0,74.1,0x20,405.002,3.2,1125,-1,2.3,,
2026-08-05T12:18:33.000Z,M20-403-2-02820,1469967513,43.79965,4.71735,18472.5,5.5,8.1,343.5,-57.7,0.0,74.0,0x20,405.002,3.2,1125,-1,2.3,,
2026-08-05T12:18:34.000Z,M20-403-2-02820,1469967514,43.79972,4.71733,18477.1,3.7,7.9,346.8,-57.7,0.0,74.0,0x20,405.002,13.4,1500,-1,2.3,,
2026-08-05T12:18:35.000Z,M20-403-2-02820,1469967515,43.79979,4.71730,18481.3,4.8,8.7,342.7,-57.7,0.0,73.9,0x20,405.002,13.9,1125,-1,2.3,,
2026-08-05T12:18:36.000Z,M20-403-2-02820,1469967516,43.79986,4.71726,18486.7,5.8,9.0,335.9,-57.7,0.0,73.8,0x20,405.002,13.9,1125,-1,2.3,,
2026-08-05T12:18:37.000Z,M20-403-2-02820,1469967517,43.79994,4.71721,18492.3,5.2,9.0,332.6,-57.7,0.0,73.8,0x20,405.002,17.2,1125,-1,2.3,,
2026-08-05T12:18:38.000Z,M20-403-2-02820,1469967518,43.80000,4.71717,18497.5,5.3,6.7,331.9,-57.7,0.0,73.7,0x20,405.002,17.2,1125,-1,2.3,,
2026-08-05T12:18:39.000Z,M20-403-2-02820,1469967519,43.80004,4.71714,18502.2,3.3,5.0,336.0,-57.7,0.0,73.7,0x20,405.002,15.3,1125,-1,2.3,,
2026-08-05T12:18:40.000Z,M20-403-2-02820,1469967520,43.80008,4.71712,18505.8,4.2,3.8,338.0,-57.7,0.0,73.6,0x20,405.002,14.2,1125,-1,2.3,,
2026-08-05T12:18:41.000Z,M20-403-2-02820,1469967521,43.80011,4.71710,18510.3,5.0,4.7,340.5,-57.7,0.0,73.5,0x20,405.002,17.4,1125,-1,2.3,,
2026-08-05T12:18:42.000Z,M20-403-2-02820,1469967522,43.80016,4.71708,18515.6,5.5,6.1,343.3,-57.6,0.0,73.5,0x20,405.002,17.4,1125,-1,2.3,,
2026-08-05T12:18:43.000Z,M20-403-2-02820,1469967523,43.80021,4.71706,18520.7,5.7,6.3,350.8,-57.7,0.0,73.4,0x20,405.002,15.7,1125,-1,2.3,,
2026-08-05T12:18:44.000Z,M20-403-2-02820,1469967524,43.80026,4.71705,18525.0,3.4,6.3,357.6,-57.6,0.0,73.4,0x20,405.002,5.0,1125,-1,2.3,,
2026-08-05T12:18:45.000Z,M20-403-2-02820,1469967525,43.80032,4.71704,18529.8,6.3,7.2,351.2,-57.6,0.0,73.3,0x20,405.002,5.0,1500,-1,2.3,,
2026-08-05T12:18:46.000Z,M20-403-2-02820,1469967526,43.80039,4.71703,18534.6,3.6,7.2,344.6,-57.5,0.0,73.2,0x20,405.002,3.2,1125,-1,2.3,,
2026-08-05T12:18:47.000Z,M20-403-2-02820,1469967527,43.80044,4.71701,18539.4,6.6,5.6,343.9,-57.5,0.0,73.2,0x20,405.002,11.9,1125,-1,2.3,,
2026-08-05T12:18:48.000Z,M20-403-2-02820,1469967528,43.80049,4.71699,18544.3,3.0,4.4,348.0,-57.6,0.0,73.1,0x20,405.002,14.8,1125,-1,2.3,,
2026-08-05T12:18:49.000Z,M20-403-2-02820,1469967529,43.80052,4.71698,18548.5,5.5,3.8,356.9,-57.6,0.0,73.1,0x20,405.002,16.7,1125,-1,2.3,,
2026-08-05T12:18:50.000Z,M20-403-2-02820,1469967530,43.80056,4.71698,18553.2,4.0,4.1,353.4,-57.5,0.0,73.0,0x20,405.002,16.7,1125,-1,2.3,,
2026-08-05T12:18:51.000Z,M20-403-2-02820,1469967531,43.80059,4.71697,18558.1,5.6,4.2,347.5,-57.5,0.0,72.9,0x20,405.002,14.3,1125,-1,2.3,,
2026-08-05T12:18:52.000Z,M20-403-2-02820,1469967532,43.80063,4.71696,18563.5,5.1,4.2,352.0,-57.5,0.0,72.9,0x20,405.002,16.1,1125,-1,2.3,,
2026-08-05T12:18:53.000Z,M20-403-2-02820,1469967533,43.80067,4.71696,18568.8,5.7,4.2,351.6,-57.4,0.0,72.8,0x20,405.002,16.3,1125,-1,2.3,,
2026-08-05T12:18:54.000Z,M20-403-2-02820,1469967534,43.80071,4.71694,18574.8,5.5,6.0,346.4,-57.4,0.0,72.8,0x20,405.002,16.3,1125,-1,2.3,,
2026-08-05T12:18:55.000Z,M20-403-2-02820,1469967535,43.80077,4.71692,18579.7,4.0,7.6,337.7,-57.3,0.0,72.7,0x20,405.002,13.2,1125,-1,2.3,,
2026-08-05T12:18:56.000Z,M20-403-2-02820,1469967536,43.80083,4.71688,18584.9,6.3,6.9,338.0,-57.3,0.0,72.6,0x20,405.002,13.2,1125,-1,2.3,,
2026-08-05T12:18:57.000Z,M20-403-2-02820,1469967537,43.80088,4.71686,18589.5,3.3,5.9,339.6,-57.3,0.0,72.6,0x20,405.002,12.8,1125,-1,2.3,,
2026-08-05T12:18:58.000Z,M20-403-2-02820,1469967538,43.80093,4.71683,18594.2,6.2,5.4,332.5,-57.3,0.0,72.5,0x20,405.002,3.7,1125,-1,2.3,,
2026-08-05T12:18:59.000Z,M20-403-2-02820,1469967539,43.80097,4.71680,18598.6,2.2,5.9,331.1,-57.2,0.0,72.5,0x20,405.002,3.5,1125,-1,2.3,,
2026-08-05T12:19:00.000Z,M20-403-2-02820,1469967540,43.80101,4.71677,18603.4,7.5,4.4,328.8,-57.2,0.0,72.4,0x20,405.002,7.1,1125,-1,2.3,,
2026-08-05T12:19:01.000Z,M20-403-2-02820,1469967541,43.80105,4.71674,18609.1,3.7,3.7,336.6,-57.2,0.0,72.3,0x20,405.002,15.5,1500,-1,2.3,,
2026-08-05T12:19:02.000Z,M20-403-2-02820,1469967542,43.80107,4.71672,18614.3,6.0,3.7,341.1,-57.2,0.0,72.3,0x20,405.002,15.5,1125,-1,2.3,,
2026-08-05T12:19:03.000Z,M20-403-2-02820,1469967543,43.80111,4.71671,18619.7,4.5,4.7,341.1,-57.3,0.0,72.2,0x20,405.002,14.6,1125,-1,2.3,,
2026-08-05T12:19:04.000Z,M20-403-2-02820,1469967544,43.80116,4.71669,18624.6,5.7,6.0,341.1,-57.2,0.0,72.1,0x20,405.002,16.1,1125,-1,2.3,,
2026-08-05T12:19:05.000Z,M20-403-2-02820,1469967545,43.80120,4.71666,18630.1,5.5,5.5,339.9,-57.2,0.0,72.1,0x20,405.002,16.1,1125,-1,2.3,,
2026-08-05T12:19:06.000Z,M20-403-2-02820,1469967546,43.80125,4.71663,18635.3,5.1,5.5,331.5,-57.2,0.0,72.0,0x20,405.002,15.6,1125,-1,2.3,,
2026-08-05T12:19:07.000Z,M20-403-2-02820,1469967547,43.80130,4.71659,18640.9,5.9,6.5,322.6,-57.2,0.0,72.0,0x20,405.002,14.9,1125,-1,2.3,,
2026-08-05T12:19:08.000Z,M20-403-2-02820,1469967548,43.80134,4.71654,18645.6,3.6,7.7,317.4,-57.2,0.0,71.9,0x20,405.002,15.2,1125,-1,2.3,,
2026-08-05T12:19:09.000Z,M20-403-2-02820,1469967549,43.80139,4.71647,18650.6,6.4,6.6,307.5,-57.2,0.0,71.8,0x20,405.002,15.2,1125,-1,2.3,,
2026-08-05T12:19:10.000Z,M20-403-2-02820,1469967550,43.80142,4.71641,18655.7,4.0,5.0,300.6,-57.2,0.0,71.8,0x20,405.002,5.6,1125,-1,2.3,,
2026-08-05T12:19:11.000Z,M20-403-2-02820,1469967551,43.80144,4.71636,18660.0,5.0,4.9,301.1,-57.2,0.0,71.7,0x20,405.002,3.6,1125,-1,2.3,,
2026-08-05T12:19:12.000Z,M20-403-2-02820,1469967552,43.80147,4.71631,18665.2,5.3,5.7,308.7,-57.2,0.0,71.7,0x20,405.002,3.5,1125,-1,2.3,,
2026-08-05T12:19:13.000Z,M20-403-2-02820,1469967553,43.80150,4.71625,18669.8,4.2,5.9,314.2,-57.2,0.0,71.6,0x20,405.002,13.2,1125,-1,2.3,,
2026-08-05T12:19:14.000Z,M20-403-2-02820,1469967554,43.80154,4.71620,18674.6,5.2,5.5,317.0,-57.2,0.0,71.6,0x20,405.002,14.9,1125,-1,2.3,,
2026-08-05T12:19:15.000Z,M20-403-2-02820,1469967555,43.80157,4.71616,18679.6,4.8,4.7,316.9,-57.1,0.0,71.5,0x20,405.002,14.9,1125,-1,2.3,,
2026-08-05T12:19:16.000Z,M20-403-2-02820,1469967556,43.80161,4.71612,18684.0,4.4,5.7,320.3,-57.1,0.0,71.5,0x20,405.002,15.3,1125,-1,2.3,,
2026-08-05T12:19:17.000Z,M20-403-2-02820,1469967557,43.80165,4.71607,18688.8,5.3,7.5,320.3,-57.1,0.0,71.4,0x20,405.002,15.9,1125,-1,2.3,,
2026-08-05T12:19:18.000Z,M20-403-2-02820,1469967558,43.80171,4.71600,18693.7,4.4,8.7,320.7,-57.1,0.0,71.3,0x20,405.002,15.9,1125,-1,2.3,,
2026-08-05T12:19:19.000Z,M20-403-2-02820,1469967559,43.80177,4.71593,18699.1,6.4,8.4,317.2,-57.2,0.0,71.3,0x20,405.002,14.8,1125,-1,2.3,,
2026-08-05T12:19:20.000Z,M20-403-2-02820,1469967560,43.80181,4.71586,18703.8,3.1,6.7,310.1,-57.2,0.0,71.2,0x20,405.002,14.8,1125,-1,2.3,,
2026-08-05T12:19:21.000Z,M20-403-2-02820,1469967561,43.80185,4.71580,18708.0,5.8,6.5,303.0,-57.2,0.0,71.2,0x20,405.002,15.3,1125,-1,2.3,,
2026-08-05T12:19:22.000Z,M20-403-2-02820,1469967562,43.80188,4.71573,18713.1,4.1,7.3,304.8,-57.2,0.0,71.1,0x20,405.002,15.3,1125,-1,2.3,,
2026-08-05T12:19:23.000Z,M20-403-2-02820,1469967563,43.80192,4.71565,18717.9,5.8,7.0,302.0,-57.2,0.0,71.0,0x20,405.002,6.1,1125,-1,2.3,,
2026-08-05T12:19:24.000Z,M20-403-2-02820,1469967564,43.80195,4.71558,18723.6,5.5,5.7,299.0,-57.3,0.0,71.0,0x20,405.002,3.0,1125,-1,2.3,,
2026-08-05T12:19:25.000Z,M20-403-2-02820,1469967565,43.80197,4.71553,18728.6,4.5,4.8,302.5,-57.2,0.0,70.9,0x20,405.002,4.0,1125,-1,2.3,,
2026-08-05T12:19:26.000Z,M20-403-2-02820,1469967566,43.80200,4.71548,18733.7,5.7,5.4,311.7,-57.2,0.0,70.9,0x20,405.002,15.5,1125,-1,2.3,,
2026-08-05T12:19:27.000Z,M20-403-2-02820,1469967567,43.80203,4.71543,18738.7,4.5,6.2,316.0,-57.1,0.0,70.8,0x20,405.002,15.5,1125,-1,2.3,,
2026-08-05T12:19:28.000Z,M20-403-2-02820,1469967568,43.80208,4.71538,18743.6,5.4,6.1,317.3,-57.0,0.0,70.8,0x20,405.002,15.5,1125,-1,2.3,,
2026-08-05T12:19:29.000Z,M20-403-2-02820,1469967569,43.80211,4.71533,18748.7,4.9,4.7,321.2,-56.9,0.0,70.7,0x20,405.002,15.8,1125,-1,2.3,,
2026-08-05T12:19:30.000Z,M20-403-2-02820,1469967570,43.80214,4.71530,18752.9,4.0,4.0,319.2,-56.9,0.0,70.7,0x20,405.002,15.8,1125,-1,2.3,,
2026-08-05T12:19:31.000Z,M20-403-2-02820,1469967571,43.80217,4.71525,18757.3,4.9,5.8,310.0,-56.8,0.0,70.6,0x20,405.002,12.2,1125,-1,2.3,,
2026-08-05T12:19:32.000Z,M20-403-2-02820,1469967572,43.80221,4.71519,18761.9,4.6,7.8,311.5,-56.8,0.0,70.6,0x20,405.002,14.6,1125,-1,2.3,,
2026-08-05T12:19:33.000Z,M20-403-2-02820,1469967573,43.80226,4.71511,18766.0,3.5,9.0,309.0,-56.8,0.0,70.5,0x20,405.002,14.6,1125,-1,2.3,,
2026-08-05T12:19:34.000Z,M20-403-2-02820,1469967574,43.80231,4.71503,18771.0,6.5,8.4,308.6,-56.8,0.0,70.4,0x20,405.002,14.2,1125,-1,2.3,,
2026-08-05T12:19:35.000Z,M20-403-2-02820,1469967575,43.80236,4.71495,18775.7,3.2,7.3,309.9,-56.7,0.0,70.4,0x20,405.002,11.1,1125,-1,2.3,,
2026-08-05T12:19:36.000Z,M20-403-2-02820,1469967576,43.80240,4.71489,18780.5,6.3,6.7,313.6,-56.6,0.0,70.3,0x20,405.002,4.2,1125,-1,2.3,,
2026-08-05T12:19:37.000Z,M20-403-2-02820,1469967577,43.80244,4.71482,18785.9,4.5,7.4,314.7,-56.7,0.0,70.3,0x20,405.002,4.2,1500,-1,2.3,,
2026-08-05T12:19:38.000Z,M20-403-2-02820,1469967578,43.80249,4.71476,18791.2,6.1,7.7,320.7,-56.6,0.0,70.2,0x20,405.002,7.0,1125,-1,2.3,,
2026-08-05T12:19:39.000Z,M20-403-2-02820,1469967579,43.80255,4.71471,18796.3,4.4,7.2,325.2,-56.7,0.0,70.2,0x20,405.002,11.6,1125,-1,2.3,,
2026-08-05T12:19:40.000Z,M20-403-2-02820,1469967580,43.80259,4.71465,18801.0,4.9,6.5,324.8,-56.6,0.0,70.1,0x20,405.002,13.1,1125,-1,2.3,,
2026-08-05T12:19:41.000Z,M20-403-2-02820,1469967581,43.80264,4.71460,18806.1,5.6,7.7,320.4,-56.6,0.0,70.0,0x20,405.002,13.1,1125,-1,2.3,,
2026-08-05T12:19:42.000Z,M20-403-2-02820,1469967582,43.80270,4.71453,18810.8,3.9,9.5,317.9,-56.6,0.0,70.0,0x20,405.002,13.5,1125,-1,2.3,,
2026-08-05T12:19:43.000Z,M20-403-2-02820,1469967583,43.80276,4.71446,18815.5,6.0,9.0,321.9,-56.6,0.0,69.9,0x20,405.002,16.2,1125,-1,2.3,,
2026-08-05T12:19:44.000Z,M20-403-2-02820,1469967584,43.80282,4.71439,18819.8,2.6,7.9,324.9,-56.6,0.0,69.9,0x20,405.002,16.2,1125,-1,2.3,,
2026-08-05T12:19:45.000Z,M20-403-2-02820,1469967585,43.80288,4.71434,18824.0,5.9,8.0,332.9,-56.6,0.0,69.8,0x20,405.002,15.0,1125,-1,2.3,,
2026-08-05T12:19:46.000Z,M20-403-2-02820,1469967586,43.80295,4.71429,18829.0,4.3,8.7,333.1,-56.6,0.0,69.8,0x20,405.002,15.3,1125,-1,2.3,,
2026-08-05T12:19:47.000Z,M20-403-2-02820,1469967587,43.80302,4.71425,18833.9,5.7,8.2,335.4,-56.7,0.0,69.7,0x20,405.002,15.3,1125,-1,2.3,,
2026-08-05T12:19:48.000Z,M20-403-2-02820,1469967588,43.80308,4.71421,18838.8,4.4,7.1,337.5,-56.7,0.0,69.6,0x20,405.002,15.3,1500,-1,2.3,,
2026-08-05T12:19:49.000Z,M20-403-2-02820,1469967589,43.80313,4.71417,18843.7,5.2,6.5,332.7,-56.7,0.0,69.6,0x20,405.002,13.3,1125,-1,2.3,,
2026-08-05T12:19:50.000Z,M20-403-2-02820,1469967590,43.80318,4.71412,18849.3,5.4,7.6,320.4,-56.7,0.0,69.5,0x20,405.002,3.2,1125,-1,2.3,,
2026-08-05T12:19:51.000Z,M20-403-2-02820,1469967591,43.80324,4.71406,18854.1,4.1,8.8,317.8,-56.7,0.0,69.5,0x20,405.002,8.7,1500,-1,2.3,,
2026-08-05T12:19:52.000Z,M20-403-2-02820,1469967592,43.80329,4.71399,18859.2,6.2,7.8,318.2,-56.7,0.0,69.4,0x20,405.002,12.0,1125,-1,2.3,,
2026-08-05T12:19:53.000Z,M20-403-2-02820,1469967593,43.80335,4.71392,18863.7,3.1,7.6,324.1,-56.7,0.0,69.4,0x20,405.002,14.4,1125,-1,2.3,,
2026-08-05T12:19:54.000Z,M20-403-2-02820,1469967594,43.80341,4.71387,18868.3,5.7,8.8,334.3,-56.7,0.0,69.3,0x20,405.002,15.7,1125,-1,2.3,,
2026-08-05T12:19:55.000Z,M20-403-2-02820,1469967595,43.80348,4.71382,18873.1,3.8,9.8,333.5,-56.8,0.0,69.3,0x20,405.002,15.9,1125,-1,2.3,,
2026-08-05T12:19:56.000Z,M20-403-2-02820,1469967596,43.80356,4.71377,18878.0,5.9,9.7,338.2,-56.8,0.0,69.2,0x20,405.002,15.9,1125,-1,2.3,,
2026-08-05T12:19:57.000Z,M20-403-2-02820,1469967597,43.80364,4.71373,18883.6,5.2,8.9,342.6,-56.8,0.0,69.1,0x20,405.002,15.4,1125,-1,2.3,,
2026-08-05T12:19:58.000Z,M20-403-2-02820,1469967598,43.80371,4.71370,18888.2,4.3,7.9,343.1,-56.8,0.0,69.1,0x20,405.002,15.4,1125,-1,2.3,,
2026-08-05T12:20:00.000Z,M20-403-2-02820,1469967600,43.80385,4.71361,18898.7,4.8,9.7,327.9,-56.9,0.0,69.0,0x20,405.002,17.0,1125,-1,2.3,,
2026-08-05T12:20:01.000Z,M20-403-2-02820,1469967601,43.80392,4.71354,18903.5,4.9,9.5,324.1,-56.9,0.0,68.9,0x20,405.002,17.0,1125,-1,2.3,,
2026-08-05T12:20:02.000Z,M20-403-2-02820,1469967602,43.80399,4.71348,18908.8,5.7,8.3,325.1,-56.9,0.0,68.8,0x20,405.002,17.0,1500,-1,2.3,,
2026-08-05T12:20:03.000Z,M20-403-2-02820,1469967603,43.80405,4.71342,18913.7,4.4,8.1,327.4,-56.9,0.0,68.8,0x20,405.002,3.4,1500,-1,2.3,,
2026-08-05T12:20:04.000Z,M20-403-2-02820,1469967604,43.80411,4.71337,18919.0,5.8,9.0,328.0,-57.0,0.0,68.8,0x20,405.002,3.4,1500,-1,2.3,,
2026-08-05T12:20:05.000Z,M20-403-2-02820,1469967605,43.80418,4.71331,18923.6,3.6,9.9,330.3,-57.0,0.0,68.7,0x20,405.002,8.0,1125,-1,2.3,,
2026-08-05T12:20:06.000Z,M20-403-2-02820,1469967606,43.80426,4.71325,18928.5,6.5,9.8,335.0,-57.0,0.0,68.6,0x20,405.002,14.3,1500,-1,2.3,,
2026-08-05T12:20:07.000Z,M20-403-2-02820,1469967607,43.80434,4.71321,18934.1,5.0,8.4,339.7,-57.1,0.0,68.6,0x20,405.002,15.7,1125,-1,2.3,,
2026-08-05T12:20:08.000Z,M20-403-2-02820,1469967608,43.80441,4.71318,18938.8,4.8,7.7,344.8,-57.0,0.0,68.5,0x20,405.002,15.7,1125,-1,2.3,,
2026-08-05T12:20:09.000Z,M20-403-2-02820,1469967609,43.80448,4.71315,18943.4,4.9,8.8,341.4,-57.1,0.0,68.5,0x20,405.002,13.1,1125,-1,2.3,,
2026-08-05T12:20:10.000Z,M20-403-2-02820,1469967610,43.80456,4.71311,18948.0,4.1,10.0,338.6,-57.0,0.0,68.4,0x20,405.002,15.2,1125,-1,2.3,,
2026-08-05T12:20:11.000Z,M20-403-2-02820,1469967611,43.80463,4.71307,18952.5,5.3,8.7,336.4,-57.0,0.0,68.4,0x20,405.002,15.5,1125,-1,2.3,,
2026-08-05T12:20:12.000Z,M20-403-2-02820,1469967612,43.80470,4.71303,18957.4,4.7,7.5,338.6,-57.1,0.0,68.3,0x20,405.002,15.5,1125,-1,2.3,,
2026-08-05T12:20:13.000Z,M20-403-2-02820,1469967613,43.80476,4.71300,18962.2,4.6,6.6,341.4,-57.1,0.0,68.2,0x20,405.002,14.4,1125,-1,2.3,,
2026-08-05T12:20:14.000Z,M20-403-2-02820,1469967614,43.80482,4.71297,18967.4,5.8,7.0,337.0,-57.1,0.0,68.2,0x20,405.002,11.4,1125,-1,2.3,,
2026-08-05T12:20:15.000Z,M20-403-2-02820,1469967615,43.80488,4.71293,18972.1,3.9,8.1,334.8,-57.2,0.0,68.1,0x20,405.002,4.3,1125,-1,2.3,,
2026-08-05T12:20:16.000Z,M20-403-2-02820,1469967616,43.80494,4.71289,18977.3,6.6,7.7,336.2,-57.2,0.0,68.1,0x20,405.002,4.3,1125,-1,2.3,,
2026-08-05T12:20:17.000Z,M20-403-2-02820,1469967617,43.80501,4.71286,18982.3,3.8,6.6,347.0,-57.2,0.0,68.0,0x20,405.002,4.3,1500,-1,2.3,,
2026-08-05T12:20:18.000Z,M20-403-2-02820,1469967618,43.80506,4.71284,18986.4,4.9,6.4,351.2,-57.2,0.0,68.0,0x20,405.002,3.4,1125,-1,2.3,,
2026-08-05T12:20:19.000Z,M20-403-2-02820,1469967619,43.80512,4.71283,18991.7,5.3,6.8,351.9,-57.2,0.0,67.9,0x20,405.002,6.6,1125,-1,2.3,,
2026-08-05T12:20:20.000Z,M20-403-2-02820,1469967620,43.80518,4.71282,18997.0,5.5,7.7,350.0,-57.1,0.0,67.9,0x20,405.002,12.8,1500,-1,2.3,,
2026-08-05T12:20:21.000Z,M20-403-2-02820,1469967621,43.80525,4.71281,19002.5,5.4,7.3,355.2,-57.1,0.0,67.8,0x20,405.002,12.9,1125,-1,2.3,,
2026-08-05T12:20:22.000Z,M20-403-2-02820,1469967622,43.80532,4.71281,19006.6,3.3,7.9,2.0,-57.0,0.0,67.8,0x20,405.002,13.2,1125,-1,2.3,,
2026-08-05T12:20:23.000Z,M20-403-2-02820,1469967623,43.80538,4.71280,19011.3,5.8,6.7,346.9,-56.9,0.0,67.7,0x20,405.002,16.9,1125,-1,2.3,,
2026-08-05T12:20:24.000Z,M20-403-2-02820,1469967624,43.80543,4.71277,19016.7,4.7,7.2,334.6,-56.8,0.0,67.6,0x20,405.002,16.9,1125,-1,2.3,,
2026-08-05T12:20:25.000Z,M20-403-2-02820,1469967625,43.80549,4.71272,19021.0,4.3,7.0,322.5,-56.7,0.0,67.6,0x20,405.002,16.5,1125,-1,2.3,,
2026-08-05T12:20:26.000Z,M20-403-2-02820,1469967626,43.80553,4.71267,19025.8,6.2,5.1,320.8,-56.7,0.0,67.5,0x20,405.002,16.5,1125,-1,2.3,,
2026-08-05T12:20:27.000Z,M20-403-2-02820,1469967627,43.80557,4.71264,19031.3,4.9,5.1,334.7,-56.7,0.0,67.5,0x20,405.002,15.8,1125,-1,2.3,,
2026-08-05T12:20:28.000Z,M20-403-2-02820,1469967628,43.80562,4.71261,19036.9,6.4,6.3,343.0,-56.7,0.0,67.4,0x20,405.002,4.5,1125,-1,2.3,,
2026-08-05T12:20:29.000Z,M20-403-2-02820,1469967629,43.80567,4.71258,19041.7,3.9,7.3,343.0,-56.6,0.0,67.4,0x20,405.002,3.6,1125,-1,2.3,,
2026-08-05T12:20:30.000Z,M20-403-2-02820,1469967630,43.80574,4.71257,19046.7,5.9,8.7,356.0,-56.6,0.0,67.3,0x20,405.002,3.6,1125,-1,2.3,,
2026-08-05T12:20:31.000Z,M20-403-2-02820,1469967631,43.80582,4.71257,19051.6,3.2,8.5,4.2,-56.6,0.0,67.2,0x20,405.002,13.2,1125,-1,2.3,,
2026-08-05T12:20:32.000Z,M20-403-2-02820,1469967632,43.80589,4.71257,19055.9,6.1,7.6,2.6,-56.6,0.0,67.2,0x20,405.002,13.2,1125,-1,2.3,,
2026-08-05T12:20:33.000Z,M20-403-2-02820,1469967633,43.80596,4.71257,19061.4,5.1,7.4,350.4,-56.7,0.0,67.2,0x20,405.002,16.0,1125,-1,2.3,,
2026-08-05T12:20:34.000Z,M20-403-2-02820,1469967634,43.80602,4.71254,19066.5,5.6,7.1,337.4,-56.6,0.0,67.1,0x20,405.002,16.0,1125,-1,2.3,,
2026-08-05T12:20:35.000Z,M20-403-2-02820,1469967635,43.80607,4.71251,19072.2,5.3,5.5,338.9,-56.7,0.0,67.0,0x20,405.002,15.8,1125,-1,2.3,,
2026-08-05T12:20:36.000Z,M20-403-2-02820,1469967636,43.80612,4.71249,19076.6,4.5,6.1,346.1,-56.7,0.0,67.0,0x20,405.002,15.5,1125,-1,2.3,,
2026-08-05T12:20:37.000Z,M20-403-2-02820,1469967637,43.80618,4.71246,19081.6,5.4,7.1,339.2,-56.8,0.0,66.9,0x20,405.002,10.3,1125,-1,2.3,,
2026-08-05T12:20:38.000Z,M20-403-2-02820,1469967638,43.80624,4.71243,19086.1,3.9,8.3,340.9,-56.7,0.0,66.9,0x20,405.002,13.4,1125,-1,2.3,,
2026-08-05T12:20:39.000Z,M20-403-2-02820,1469967639,43.80631,4.71240,19091.2,6.0,7.6,349.4,-56.7,0.0,66.8,0x20,405.002,13.7,1125,-1,2.3,,
2026-08-05T12:20:40.000Z,M20-403-2-02820,1469967640,43.80638,4.71240,19095.9,3.7,7.0,4.2,-56.7,0.0,66.8,0x20,405.002,13.7,1125,-1,2.3,,
2026-08-05T12:20:41.000Z,M20-403-2-02820,1469967641,43.80643,4.71241,19100.0,4.7,5.8,7.2,-56.7,0.0,66.7,0x20,405.002,4.2,1125,-1,2.3,,
2026-08-05T12:20:42.000Z,M20-403-2-02820,1469967642,43.80648,4.71241,19105.0,4.4,4.5,345.5,-56.7,0.0,66.7,0x20,405.002,3.4,1125,-1,2.3,,
2026-08-05T12:20:43.000Z,M20-403-2-02820,1469967643,43.80651,4.71239,19109.4,4.3,4.3,331.0,-56.6,0.0,66.6,0x20,405.002,3.3,1125,-1,2.3,,
2026-08-05T12:20:44.000Z,M20-403-2-02820,1469967644,43.80654,4.71236,19114.3,4.5,3.6,313.9,-56.6,0.0,66.5,0x20,405.002,10.9,1125,-1,2.3,,
2026-08-05T12:20:45.000Z,M20-403-2-02820,1469967645,43.80656,4.71234,19119.3,5.6,2.7,327.2,-56.6,0.0,66.5,0x20,405.002,13.6,1125,-1,2.3,,
2026-08-05T12:20:46.000Z,M20-403-2-02820,1469967646,43.80658,4.71232,19124.3,4.5,3.2,350.1,-56.5,0.0,66.4,0x20,405.002,13.6,1125,-1,2.3,,
2026-08-05T12:20:47.000Z,M20-403-2-02820,1469967647,43.80662,4.71232,19128.9,4.6,5.2,358.0,-56.4,0.0,66.4,0x20,405.002,15.2,1125,-1,2.3,,
2026-08-05T12:20:48.000Z,M20-403-2-02820,1469967648,43.80668,4.71231,19133.3,5.4,7.9,351.0,-56.4,0.0,66.3,0x20,405.002,15.2,1125,-1,2.3,,
2026-08-05T12:20:49.000Z,M20-403-2-02820,1469967649,43.80675,4.71230,19138.4,4.7,8.7,347.4,-56.4,0.0,66.3,0x20,405.002,13.6,1125,-1,2.3,,
2026-08-05T12:20:50.000Z,M20-403-2-02820,1469967650,43.80683,4.71227,19143.3,5.5,8.5,346.2,-56.4,0.0,66.2,0x20,405.002,14.3,1125,-1,2.3,,
2026-08-05T12:20:51.000Z,M20-403-2-02820,1469967651,43.80690,4.71225,19148.4,5.3,6.3,354.5,-56.4,0.0,66.2,0x20,405.002,14.3,1125,-1,2.3,,
2026-08-05T12:20:52.000Z,M20-403-2-02820,1469967652,43.80694,4.71225,19153.5,5.0,4.4,359.6,-56.3,0.0,66.1,0x20,405.002,13.7,1125,-1,2.3,,
2026-08-05T12:20:53.000Z,M20-403-2-02820,1469967653,43.80698,4.71224,19159.0,6.4,3.0,343.4,-56.4,0.0,66.1,0x20,405.002,12.6,1125,-1,2.3,,
2026-08-05T12:20:54.000Z,M20-403-2-02820,1469967654,43.80700,4.71222,19164.2,4.2,3.5,326.6,-56.4,0.0,66.0,0x20,405.002,4.3,1125,-1,2.3,,
2026-08-05T12:20:55.000Z,M20-403-2-02820,1469967655,43.80703,4.71220,19169.4,6.6,2.9,315.7,-56.4,0.0,66.0,0x20,405.002,3.1,1125,-1,2.3,,
2026-08-05T12:20:56.000Z,M20-403-2-02820,1469967656,43.80705,4.71218,19174.0,3.0,2.7,329.1,-56.4,0.0,65.9,0x20,405.002,3.1,1125,-1,2.3,,
2026-08-05T12:20:57.000Z,M20-403-2-02820,1469967657,43.80708,4.71216,19178.7,6.9,4.7,341.0,-56.4,0.0,65.8,0x20,405.002,9.1,1125,-1,2.3,,
2026-08-05T12:20:58.000Z,M20-403-2-02820,1469967658,43.80713,4.71213,19183.7,3.1,7.1,342.1,-56.4,0.0,65.8,0x20,405.002,15.7,1125,-1,2.3,,
2026-08-05T12:20:59.000Z,M20-403-2-02820,1469967659,43.80719,4.71211,19188.5,6.7,7.9,345.5,-56.4,0.0,65.8,0x20,405.002,15.7,1125,-1,2.3,,
2026-08-05T12:21:00.000Z,M20-403-2-02820,1469967660,43.80726,4.71208,19194.0,4.9,7.3,349.5,-56.5,0.0,65.7,0x20,405.002,14.0,1125,-1,2.3,,
2026-08-05T12:21:01.000Z,M20-403-2-02820,1469967661,43.80732,4.71207,19198.6,4.7,5.5,349.2,-56.4,0.0,65.7,0x20,405.002,14.0,1125,-1,2.3,,
2026-08-05T12:21:02.000Z,M20-403-2-02820,1469967662,43.80736,4.71205,19203.7,5.6,4.7,338.3,-56.5,0.0,65.6,0x20,405.002,15.9,1125,-1,2.3,,
2026-08-05T12:21:03.000Z,M20-403-2-02820,1469967663,43.80740,4.71202,19208.8,4.9,4.1,325.8,-56.5,0.0,65.5,0x20,405.002,15.9,1125,-1,2.3,,
2026-08-05T12:21:04.000Z,M20-403-2-02820,1469967664,43.80742,4.71200,19214.1,5.8,2.2,316.8,-56.6,0.0,65.5,0x20,405.002,14.4,1125,-1,2.3,,
2026-08-05T12:21:05.000Z,M20-403-2-02820,1469967665,43.80743,4.71199,19218.6,3.3,1.2,323.0,-56.5,0.0,65.4,0x20,405.002,14.4,1125,-1,2.3,,
2026-08-05T12:21:06.000Z,M20-403-2-02820,1469967666,43.80745,4.71197,19223.5,6.8,2.6,329.2,-56.6,0.0,65.4,0x20,405.002,13.7,1125,-1,2.3,,
2026-08-05T12:21:07.000Z,M20-403-2-02820,1469967667,43.80747,4.71195,19228.4,3.3,4.4,329.3,-56.6,0.0,65.3,0x20,405.002,10.6,1125,-1,2.3,,
2026-08-05T12:21:08.000Z,M20-403-2-02820,1469967668,43.80751,4.71192,19232.6,5.3,5.6,334.6,-56.5,0.0,65.3,0x20,405.002,3.1,1125,-1,2.3,,
2026-08-05T12:21:09.000Z,M20-403-2-02820,1469967669,43.80756,4.71190,19237.4,4.4,5.5,335.6,-56.5,0.0,65.2,0x20,405.002,3.0,1125,-1,2.3,,
2026-08-05T12:21:10.000Z,M20-403-2-02820,1469967670,43.80760,4.71186,19242.2,5.1,5.5,329.0,-56.5,0.0,65.2,0x20,405.002,7.8,1125,-1,2.3,,
2026-08-05T12:21:11.000Z,M20-403-2-02820,1469967671,43.80765,4.71182,19247.2,5.1,6.5,319.9,-56.5,0.0,65.1,0x20,405.002,15.3,1125,-1,2.3,,
2026-08-05T12:21:12.000Z,M20-403-2-02820,1469967672,43.80769,4.71177,19251.9,4.4,6.5,319.4,-56.5,0.0,65.1,0x20,405.002,15.3,1125,-1,2.3,,
2026-08-05T12:21:13.000Z,M20-403-2-02820,1469967673,43.80773,4.71172,19257.0,5.6,4.8,313.6,-56.5,0.0,65.0,0x20,405.002,14.5,1125,-1,2.3,,
2026-08-05T12:21:14.000Z,M20-403-2-02820,1469967674,43.80775,4.71169,19262.3,4.8,3.2,319.0,-56.5,0.0,64.9,0x20,405.002,14.5,1125,-1,2.3,,
2026-08-05T12:21:15.000Z,M20-403-2-02820,1469967675,43.80778,4.71167,19267.6,5.1,2.9,345.2,-56.5,0.0,64.9,0x20,405.002,14.5,1125,-1,2.3,,
2026-08-05T12:21:16.000Z,M20-403-2-02820,1469967676,43.80781,4.71166,19272.9,5.5,4.7,348.1,-56.5,0.0,64.8,0x20,405.002,17.6,1125,-1,2.3,,
2026-08-05T12:21:17.000Z,M20-403-2-02820,1469967677,43.80786,4.71164,19277.8,4.2,5.8,345.4,-56.5,0.0,64.8,0x20,405.002,17.6,1125,-1,2.3,,
2026-08-05T12:21:18.000Z,M20-403-2-02820,1469967678,43.80791,4.71162,19283.2,6.6,6.1,342.2,-56.5,0.0,64.7,0x20,405.002,15.0,1125,-1,2.3,,
2026-08-05T12:21:19.000Z,M20-403-2-02820,1469967679,43.80795,4.71159,19288.3,3.5,4.7,337.2,-56.5,0.0,64.7,0x20,405.002,15.0,1125,-1,2.3,,
2026-08-05T12:21:20.000Z,M20-403-2-02820,1469967680,43.80799,4.71156,19293.2,6.2,5.2,323.6,-56.6,0.0,64.6,0x20,405.002,15.0,1500,-1,2.3,,
2026-08-05T12:21:21.000Z,M20-403-2-02820,1469967681,43.80803,4.71152,19298.5,4.5,6.4,315.8,-56.6,0.0,64.6,0x20,405.002,4.5,1125,-1,2.3,,
2026-08-05T12:21:22.000Z,M20-403-2-02820,1469967682,43.80807,4.71146,19303.9,6.5,6.0,309.1,-56.6,0.0,64.5,0x20,405.002,3.2,1125,-1,2.3,,
2026-08-05T12:21:23.000Z,M20-403-2-02820,1469967683,43.80810,4.71141,19309.5,4.9,4.5,304.8,-56.7,0.0,64.4,0x20,405.002,8.1,1125,-1,2.3,,
2026-08-05T12:21:24.000Z,M20-403-2-02820,1469967684,43.80812,4.71137,19313.4,3.2,2.9,303.4,-56.7,0.0,64.4,0x20,405.002,13.9,1500,-1,2.3,,
2026-08-05T12:21:25.000Z,M20-403-2-02820,1469967685,43.80813,4.71135,19318.0,5.7,3.1,327.7,-56.7,0.0,64.3,0x20,405.002,16.7,1125,-1,2.3,,
2026-08-05T12:21:26.000Z,M20-403-2-02820,1469967686,43.80816,4.71133,19323.2,4.8,4.3,339.2,-56.8,0.0,64.3,0x20,405.002,16.7,1125,-1,2.3,,
2026-08-05T12:21:27.000Z,M20-403-2-02820,1469967687,43.80820,4.71131,19328.6,6.4,4.6,353.3,-56.7,0.0,64.2,0x20,405.002,14.1,1125,-1,2.3,,
2026-08-05T12:21:28.000Z,M20-403-2-02820,1469967688,43.80824,4.71131,19333.7,3.7,4.1,357.8,-56.7,0.0,64.2,0x20,405.002,14.1,1125,-1,2.3,,
2026-08-05T12:21:29.000Z,M20-403-2-02820,1469967689,43.80828,4.71130,19338.6,5.6,5.0,348.5,-56.6,0.0,64.1,0x20,405.002,16.0,1125,-1,2.3,,
2026-08-05T12:21:30.000Z,M20-403-2-02820,1469967690,43.80833,4.71128,19343.6,4.2,5.9,339.2,-56.7,0.0,64.1,0x20,405.002,16.0,1125,-1,2.3,,
2026-08-05T12:21:31.000Z,M20-403-2-02820,1469967691,43.80838,4.71125,19348.0,4.6,7.0,331.8,-56.7,0.0,64.0,0x20,405.002,13.3,1125,-1,2.3,,
2026-08-05T12:21:32.000Z,M20-403-2-02820,1469967692,43.80843,4.71120,19352.8,5.2,6.0,325.3,-56.7,0.0,64.0,0x20,405.002,14.5,1125,-1,2.3,,
2026-08-05T12:21:33.000Z,M20-403-2-02820,1469967693,43.80847,4.71117,19358.3,5.6,3.9,317.2,-56.8,0.0,63.9,0x20,405.002,14.5,1125,-1,2.3,,
2026-08-05T12:21:34.000Z,M20-403-2-02820,1469967694,43.80848,4.71114,19363.0,3.8,2.4,312.3,-56.8,0.0,63.9,0x20,405.002,6.5,1500,-1,2.3,,
2026-08-05T12:21:35.000Z,M20-403-2-02820,1469967695,43.80850,4.71112,19367.5,5.2,2.0,314.0,-56.8,0.0,63.8,0x20,405.002,6.5,1500,-1,2.3,,
2026-08-05T12:21:36.000Z,M20-403-2-02820,1469967696,43.80852,4.71110,19372.8,5.3,3.2,332.5,-56.8,0.0,63.8,0x20,405.002,3.5,1500,-1,2.3,,
2026-08-05T12:21:37.000Z,M20-403-2-02820,1469967697,43.80855,4.71108,19377.2,3.8,3.8,336.1,-56.8,0.0,63.7,0x20,405.002,12.3,1125,-1,2.3,,
2026-08-05T12:21:38.000Z,M20-403-2-02820,1469967698,43.80857,4.71107,19381.2,4.5,3.2,338.1,-56.8,0.0,63.7,0x20,405.002,14.8,1125,-1,2.3,,
2026-08-05T12:21:39.000Z,M20-403-2-02820,1469967699,43.80860,4.71105,19386.0,5.4,1.8,328.1,-56.7,0.0,63.6,0x20,405.002,14.8,1125,-1,2.3,,
2026-08-05T12:21:40.000Z,M20-403-2-02820,1469967700,43.80861,4.71104,19390.7,3.9,1.0,305.5,-56.7,0.0,63.6,0x20,405.002,14.9,1125,-1,2.3,,
2026-08-05T12:21:41.000Z,M20-403-2-02820,1469967701,43.80861,4.71103,19395.4,5.5,1.4,327.8,-56.8,0.0,63.5,0x20,405.002,15.5,1125,-1,2.3,,
2026-08-05T12:21:42.000Z,M20-403-2-02820,1469967702,43.80863,4.71102,19400.5,4.6,3.2,336.2,-56.8,0.0,63.5,0x20,405.002,15.5,1125,-1,2.3,,
2026-08-05T12:21:43.000Z,M20-403-2-02820,1469967703,43.80866,4.71100,19405.4,5.2,3.9,343.3,-56.8,0.0,63.4,0x20,405.002,15.5,1125,-1,2.3,,
2026-08-05T12:21:44.000Z,M20-403-2-02820,1469967704,43.80869,4.71099,19410.9,5.9,3.6,340.4,-56.8,0.0,63.4,0x20,405.002,15.8,1125,-1,2.3,,
2026-08-05T12:21:45.000Z,M20-403-2-02820,1469967705,43.80872,4.71097,19415.4,2.9,3.3,332.3,-56.7,0.0,63.3,0x20,405.002,15.8,1125,-1,2.3,,
2026-08-05T12:21:46.000Z,M20-403-2-02820,1469967706,43.80875,4.71095,19419.7,5.6,3.9,331.2,-56.7,0.0,63.3,0x20,405.002,14.6,1125,-1,2.3,,
2026-08-05T12:21:47.000Z,M20-403-2-02820,1469967707,43.80878,4.71092,19424.6,3.9,4.6,336.2,-56.7,0.0,63.2,0x20,405.002,3.6,1125,-1,2.3,,
2026-08-05T12:21:48.000Z,M20-403-2-02820,1469967708,43.80882,4.71090,19429.1,4.9,3.7,331.5,-56.7,0.0,63.2,0x20,405.002,3.2,1125,-1,2.3,,
2026-08-05T12:21:49.000Z,M20-403-2-02820,1469967709,43.80884,4.71088,19433.9,4.4,3.3,314.1,-56.7,0.0,63.1,0x20,405.002,8.3,1500,-1,2.3,,
2026-08-05T12:21:50.000Z,M20-403-2-02820,1469967710,43.80886,4.71085,19438.2,4.2,2.0,295.7,-56.7,0.0,63.1,0x20,405.002,13.6,1500,-1,2.3,,
2026-08-05T12:21:51.000Z,M20-403-2-02820,1469967711,43.80886,4.71084,19443.3,5.7,1.5,334.6,-56.7,0.0,63.0,0x20,405.002,14.6,1125,-1,2.3,,
2026-08-05T12:21:52.000Z,M20-403-2-02820,1469967712,43.80888,4.71083,19447.6,3.1,2.5,358.8,-56.8,0.0,63.0,0x20,405.002,15.4,1125,-1,2.3,,
2026-08-05T12:21:53.000Z,M20-403-2-02820,1469967713,43.80891,4.71083,19451.8,4.9,2.8,11.5,-56.8,0.0,62.9,0x20,405.002,15.4,1125,-1,2.3,,
2026-08-05T12:21:54.000Z,M20-403-2-02820,1469967714,43.80893,4.71083,19457.0,5.6,1.9,346.0,-56.9,0.0,62.9,0x20,405.002,14.8,1125,-1,2.3,,
2026-08-05T12:21:55.000Z,M20-403-2-02820,1469967715,43.80894,4.71083,19462.3,4.3,1.9,334.8,-56.9,0.0,62.8,0x20,405.002,16.7,1125,-1,2.3,,
2026-08-05T12:21:56.000Z,M20-403-2-02820,1469967716,43.80896,4.71081,19467.5,5.8,3.1,329.6,-57.0,0.0,62.8,0x20,405.002,16.7,1125,-1,2.3,,
2026-08-05T12:21:57.000Z,M20-403-2-02820,1469967717,43.80899,4.71079,19472.4,3.7,4.0,337.0,-57.0,0.0,62.7,0x20,405.002,15.1,1125,-1,2.3,,
2026-08-05T12:21:58.000Z,M20-403-2-02820,1469967718,43.80902,4.71077,19477.7,6.7,4.2,323.5,-57.0,0.0,62.6,0x20,405.002,17.0,1125,-1,2.3,,
2026-08-05T12:21:59.000Z,M20-403-2-02820,1469967719,43.80905,4.71073,19483.1,3.8,3.7,310.9,-57.1,0.0,62.6,0x20,405.002,17.0,1125,-1,2.3,,
2026-08-05T12:22:00.000Z,M20-403-2-02820,1469967720,43.80907,4.71070,19489.0,7.6,3.1,321.6,-57.1,0.0,62.5,0x20,405.002,3.8,1125,-1,2.3,,
2026-08-05T12:22:01.000Z,M20-403-2-02820,1469967721,43.80909,4.71069,19494.9,4.0,2.4,346.2,-57.1,0.0,62.5,0x20,405.002,3.6,1500,-1,2.3,,
2026-08-05T12:22:02.000Z,M20-403-2-02820,1469967722,43.80912,4.71069,19499.8,6.4,2.8,19.3,-57.2,0.0,62.4,0x20,405.002,9.0,1125,-1,2.3,,
2026-08-05T12:22:03.000Z,M20-403-2-02820,1469967723,43.80914,4.71071,19505.5,4.5,2.3,32.6,-57.2,0.0,62.4,0x20,405.002,12.4,1125,-1,2.3,,
2026-08-05T12:22:04.000Z,M20-403-2-02820,1469967724,43.80915,4.71072,19509.7,4.0,2.0,18.3,-57.2,0.0,62.3,0x20,405.002,14.2,1125,-1,2.3,,
2026-08-05T12:22:05.000Z,M20-403-2-02820,1469967725,43.80918,4.71073,19514.8,5.7,3.4,15.2,-57.3,0.0,62.3,0x20,405.002,16.5,1125,-1,2.3,,
2026-08-05T12:22:06.000Z,M20-403-2-02820,1469967726,43.80921,4.71073,19519.6,3.6,4.2,5.9,-57.3,0.0,62.2,0x20,405.002,16.8,1125,-1,2.3,,
2026-08-05T12:22:07.000Z,M20-403-2-02820,1469967727,43.80924,4.71073,19524.8,7.0,3.4,347.3,-57.4,0.0,62.1,0x20,405.002,16.8,1125,-1,2.3,,
2026-08-05T12:22:08.000Z,M20-403-2-02820,1469967728,43.80927,4.71072,19529.6,2.4,3.0,334.2,-57.3,0.0,62.1,0x20,405.002,16.1,1125,-1,2.3,,
2026-08-05T12:22:09.000Z,M20-403-2-02820,1469967729,43.80929,4.71071,19534.3,7.1,2.5,337.7,-57.3,0.0,62.1,0x20,405.002,16.1,1125,-1,2.3,,
2026-08-05T12:22:10.000Z,M20-403-2-02820,1469967730,43.80932,4.71071,19540.4,4.6,3.4,6.2,-57.4,0.0,62.0,0x20,405.002,16.9,1125,-1,2.3,,
2026-08-05T12:22:11.000Z,M20-403-2-02820,1469967731,43.80935,4.71072,19545.4,5.5,3.8,24.1,-57.4,0.0,62.0,0x20,405.002,16.9,1125,-1,2.3,,
2026-08-05T12:22:12.000Z,M20-403-2-02820,1469967732,43.80938,4.71074,19550.7,5.1,4.0,19.6,-57.5,0.0,61.9,0x20,405.002,13.5,1125,-1,2.3,,
2026-08-05T12:22:13.000Z,M20-403-2-02820,1469967733,43.80941,4.71075,19555.4,4.2,3.8,16.8,-57.4,0.0,61.8,0x20,405.002,3.5,1125,-1,2.3,,
2026-08-05T12:22:14.000Z,M20-403-2-02820,1469967734,43.80945,4.71077,19560.6,5.8,5.3,17.3,-57.4,0.0,61.8,0x20,405.002,3.4,1125,-1,2.3,,
2026-08-05T12:22:15.000Z,M20-403-2-02820,1469967735,43.80949,4.71079,19566.0,5.1,5.3,21.8,-57.4,0.0,61.8,0x20,405.002,5.9,1125,-1,2.3,,
2026-08-05T12:22:16.000Z,M20-403-2-02820,1469967736,43.80954,4.71081,19572.0,7.1,4.1,9.2,-57.4,0.0,61.7,0x20,405.002,16.7,1500,-1,2.3,,
2026-08-05T12:22:17.000Z,M20-403-2-02820,1469967737,43.80957,4.71081,19577.4,3.1,2.9,343.7,-57.2,0.0,61.6,0x20,405.002,16.7,1125,-1,2.3,,
2026-08-05T12:22:18.000Z,M20-403-2-02820,1469967738,43.80958,4.71079,19581.3,4.6,2.3,315.0,-57.0,0.0,61.6,0x20,405.002,17.8,1125,-1,2.3,,
2026-08-05T12:22:19.000Z,M20-403-2-02820,1469967739,43.80960,4.71077,19585.9,4.7,2.1,326.6,-57.0,0.0,61.5,0x20,405.002,17.8,1125,-1,2.3,,
2026-08-05T12:22:20.000Z,M20-403-2-02820,1469967740,43.80962,4.71076,19590.2,4.0,2.0,331.6,-56.9,0.0,61.5,0x20,405.002,18.1,1125,-1,2.3,,
2026-08-05T12:22:21.000Z,M20-403-2-02820,1469967741,43.80963,4.71075,19595.0,5.6,2.3,315.9,-56.9,0.0,61.4,0x20,405.002,18.1,1125,-1,2.3,,
2026-08-05T12:22:22.000Z,M20-403-2-02820,1469967742,43.80964,4.71072,19599.8,3.7,3.2,299.2,-56.9,0.0,61.4,0x20,405.002,16.7,1125,-1,2.3,,
2026-08-05T12:22:23.000Z,M20-403-2-02820,1469967743,43.80967,4.71068,19604.7,6.2,4.6,316.9,-56.8,0.0,61.3,0x20,405.002,16.7,1125,-1,2.3,,
2026-08-05T12:22:24.000Z,M20-403-2-02820,1469967744,43.80970,4.71065,19610.2,4.5,5.5,333.6,-56.9,0.0,61.3,0x20,405.002,18.0,1125,-1,2.3,,
2026-08-05T12:22:25.000Z,M20-403-2-02820,1469967745,43.80975,4.71062,19615.2,5.5,5.4,335.5,-56.8,0.0,61.2,0x20,405.002,18.0,1125,-1,2.3,,
2026-08-05T12:22:26.000Z,M20-403-2-02820,1469967746,43.80978,4.71059,19620.8,5.6,4.3,324.4,-56.8,0.0,61.2,0x20,405.002,3.3,1125,-1,2.3,,
2026-08-05T12:22:27.000Z,M20-403-2-02820,1469967747,43.80981,4.71056,19625.5,3.3,3.5,305.0,-56.7,0.0,61.1,0x20,405.002,3.1,1125,-1,2.3,,
2026-08-05T12:22:28.000Z,M20-403-2-02820,1469967748,43.80982,4.71053,19629.9,5.6,2.4,310.0,-56.8,0.0,61.1,0x20,405.002,7.6,1125,-1,2.3,,
2026-08-05T12:22:29.000Z,M20-403-2-02820,1469967749,43.80984,4.71051,19634.5,3.5,2.4,332.7,-56.8,0.0,61.0,0x20,405.002,13.6,1125,-1,2.3,,
2026-08-05T12:22:30.000Z,M20-403-2-02820,1469967750,43.80986,4.71049,19639.5,6.5,2.7,318.2,-56.8,0.0,61.0,0x20,405.002,17.1,1125,-1,2.3,,
2026-08-05T12:22:31.000Z,M20-403-2-02820,1469967751,43.80987,4.71046,19645.3,5.0,3.4,297.1,-56.8,0.0,60.9,0x20,405.002,17.1,1125,-1,2.3,,
2026-08-05T12:22:32.000Z,M20-403-2-02820,1469967752,43.80989,4.71042,19650.6,5.7,5.0,299.8,-56.9,0.0,60.9,0x20,405.002,17.1,1125,-1,2.3,,
2026-08-05T12:22:33.000Z,M20-403-2-02820,1469967753,43.80992,4.71036,19655.4,3.6,5.7,312.3,-56.9,0.0,60.8,0x20,405.002,16.7,1125,-1,2.3,,
2026-08-05T12:22:34.000Z,M20-403-2-02820,1469967754,43.80996,4.71031,19659.5,4.5,5.7,314.6,-56.9,0.0,60.8,0x20,405.002,15.2,1125,-1,2.3,,
2026-08-05T12:22:35.000Z,M20-403-2-02820,1469967755,43.80999,4.71025,19664.5,5.5,6.0,301.9,-56.9,0.0,60.7,0x20,405.002,15.2,1125,-1,2.3,,
2026-08-05T12:22:36.000Z,M20-403-2-02820,1469967756,43.81001,4.71019,19669.3,4.0,5.9,293.5,-56.9,0.0,60.7,0x20,405.002,15.1,1125,-1,2.3,,
2026-08-05T12:22:37.000Z,M20-403-2-02820,1469967757,43.81003,4.71012,19674.0,5.2,5.6,293.3,-56.9,0.0,60.6,0x20,405.002,14.6,1125,-1,2.3,,
2026-08-05T12:22:38.000Z,M20-403-2-02820,1469967758,43.81006,4.71006,19679.1,5.4,5.3,309.3,-57.0,0.0,60.6,0x20,405.002,10.4,1125,-1,2.3,,
2026-08-05T12:22:39.000Z,M20-403-2-02820,1469967759,43.81009,4.71001,19684.1,4.2,5.7,317.4,-57.0,0.0,60.5,0x20,405.002,4.2,1125,-1,2.3,,
2026-08-05T12:22:40.000Z,M20-403-2-02820,1469967760,43.81013,4.70996,19689.2,5.9,6.2,313.6,-57.0,0.0,60.5,0x20,405.002,3.4,1125,-1,2.3,,
2026-08-05T12:22:41.000Z,M20-403-2-02820,1469967761,43.81017,4.70990,19694.1,3.8,6.7,306.0,-57.0,0.0,60.5,0x20,405.002,8.2,1125,-1,2.3,,
2026-08-05T12:22:42.000Z,M20-403-2-02820,1469967762,43.81020,4.70983,19698.7,5.0,6.0,297.8,-57.0,0.0,60.4,0x20,405.002,13.3,1125,-1,2.3,,
2026-08-05T12:22:43.000Z,M20-403-2-02820,1469967763,43.81023,4.70977,19703.9,5.3,5.4,304.5,-57.1,0.0,60.3,0x20,405.002,17.8,1125,-1,2.3,,
2026-08-05T12:22:44.000Z,M20-403-2-02820,1469967764,43.81025,4.70972,19708.6,4.0,4.3,309.2,-57.1,0.0,60.3,0x20,405.002,17.8,1125,-1,2.3,,
2026-08-05T12:22:45.000Z,M20-403-2-02820,1469967765,43.81027,4.70967,19713.8,6.0,4.3,287.4,-57.1,0.0,60.2,0x20,405.002,15.5,1125,-1,2.3,,
2026-08-05T12:22:46.000Z,M20-403-2-02820,1469967766,43.81028,4.70962,19718.3,2.5,5.3,279.1,-57.1,0.0,60.2,0x20,405.002,17.2,1125,-1,2.3,,
2026-08-05T12:22:47.000Z,M20-403-2-02820,1469967767,43.81029,4.70955,19722.8,6.2,5.8,279.0,-57.0,0.0,60.1,0x20,405.002,17.2,1125,-1,2.3,,
2026-08-05T12:22:48.000Z,M20-403-2-02820,1469967768,43.81031,4.70947,19728.9,5.7,5.9,295.3,-57.1,0.0,60.1,0x20,405.002,17.2,1125,-1,2.3,,
2026-08-05T12:22:49.000Z,M20-403-2-02820,1469967769,43.81034,4.70940,19734.6,5.6,7.8,307.7,-57.1,0.0,60.0,0x20,405.002,16.4,1125,-1,2.3,,
2026-08-05T12:22:50.000Z,M20-403-2-02820,1469967770,43.81039,4.70931,19740.2,5.4,10.2,307.7,-57.1,0.0,60.0,0x20,405.002,16.4,1125,-1,2.3,,
2026-08-05T12:22:51.000Z,M20-403-2-02820,1469967771,43.81045,4.70920,19744.7,3.5,11.4,306.8,-57.1,0.0,59.9,0x20,405.002,16.0,1125,-1,2.3,,
2026-08-05T12:22:52.000Z,M20-403-2-02820,1469967772,43.81051,4.70909,19749.0,5.2,11.3,310.3,-57.1,0.0,59.9,0x20,405.002,3.3,1125,-1,2.3,,
2026-08-05T12:22:53.000Z,M20-403-2-02820,1469967773,43.81058,4.70900,19754.1,5.0,9.8,317.8,-57.2,0.0,59.8,0x20,405.002,3.3,1125,-1,2.3,,
2026-08-05T12:22:54.000Z,M20-403-2-02820,1469967774,43.81064,4.70892,19758.9,4.8,9.2,319.4,-57.1,0.0,59.8,0x20,405.002,3.6,1125,-1,2.3,,
2026-08-05T12:22:55.000Z,M20-403-2-02820,1469967775,43.81070,4.70883,19764.3,5.9,9.6,312.8,-57.0,0.0,59.7,0x20,405.002,14.1,1125,-1,2.3,,
2026-08-05T12:22:56.000Z,M20-403-2-02820,1469967776,43.81075,4.70874,19770.1,5.9,10.5,303.8,-57.1,0.0,59.7,0x20,405.002,17.6,1500,-1,2.3,,
2026-08-05T12:22:57.000Z,M20-403-2-02820,1469967777,43.81080,4.70862,19775.3,4.7,11.4,296.7,-57.0,0.0,59.6,0x20,405.002,17.6,1125,-1,2.3,,
2026-08-05T12:22:58.000Z,M20-403-2-02820,1469967778,43.81085,4.70849,19779.9,4.6,11.4,292.4,-56.8,0.0,59.6,0x20,405.002,15.4,1125,-1,2.3,,
2026-08-05T12:22:59.000Z,M20-403-2-02820,1469967779,43.81088,4.70837,19785.5,6.4,10.1,288.1,-56.7,0.0,59.5,0x20,405.002,15.7,1125,-1,2.3,,
2026-08-05T12:23:00.000Z,M20-403-2-02820,1469967780,43.81091,4.70826,19790.0,2.6,9.1,291.9,-56.6,0.0,59.5,0x20,405.002,17.1,1125,-1,2.3,,
2026-08-05T12:23:01.000Z,M20-403-2-02820,1469967781,43.81094,4.70815,19794.6,6.2,9.7,300.3,-56.6,0.0,59.4,0x20,405.002,17.1,1125,-1,2.3,,
2026-08-05T12:23:02.000Z,M20-403-2-02820,1469967782,43.81100,4.70804,19800.3,5.2,11.8,307.2,-56.5,0.0,59.4,0x20,405.002,16.0,1125,-1,2.3,,
2026-08-05T12:23:03.000Z,M20-403-2-02820,1469967783,43.81107,4.70792,19805.1,4.8,13.3,312.4,-56.6,0.0,59.3,0x20,405.002,16.0,1125,-1,2.3,,
2026-08-05T12:23:04.000Z,M20-403-2-02820,1469967784,43.81115,4.70780,19810.5,6.1,12.7,316.2,-56.5,0.0,59.3,0x20,405.002,16.0,1125,-1,2.3,,
2026-08-05T12:23:05.000Z,M20-403-2-02820,1469967785,43.81123,4.70770,19816.0,5.0,11.5,316.9,-56.5,0.0,59.2,0x20,405.002,5.5,1125,-1,2.3,,
2026-08-05T12:23:06.000Z,M20-403-2-02820,1469967786,43.81130,4.70760,19821.5,6.3,10.6,313.1,-56.3,0.0,59.2,0x20,405.002,4.2,1125,-1,2.3,,
2026-08-05T12:23:07.000Z,M20-403-2-02820,1469967787,43.81136,4.70751,19827.0,4.6,10.5,310.1,-56.2,0.0,59.1,0x20,405.002,9.6,1500,-1,2.3,,
2026-08-05T12:23:08.000Z,M20-403-2-02820,1469967788,43.81141,4.70741,19832.4,6.3,9.1,306.2,-56.1,0.0,59.1,0x20,405.002,17.0,1500,-1,2.3,,
2026-08-05T12:23:09.000Z,M20-403-2-02820,1469967789,43.81146,4.70733,19837.8,4.4,7.4,303.4,-56.1,0.0,59.0,0x20,405.002,17.6,1125,-1,2.3,,
2026-08-05T12:23:10.000Z,M20-403-2-02820,1469967790,43.81149,4.70725,19842.4,5.0,6.8,303.7,-56.1,0.0,59.0,0x20,405.002,18.5,1125,-1,2.3,,
2026-08-05T12:23:11.000Z,M20-403-2-02820,1469967791,43.81153,4.70718,19848.0,6.5,8.1,308.1,-56.1,0.0,58.9,0x20,405.002,18.5,1125,-1,2.3,,
2026-08-05T12:23:12.000Z,M20-403-2-02820,1469967792,43.81158,4.70709,19853.2,4.0,10.0,311.4,-56.0,0.0,58.9,0x20,405.002,18.3,1125,-1,2.3,,
2026-08-05T12:23:13.000Z,M20-403-2-02820,1469967793,43.81164,4.70700,19858.4,6.5,10.1,313.9,-56.0,0.0,58.8,0x20,405.002,18.3,1125,-1,2.3,,
2026-08-05T12:23:14.000Z,M20-403-2-02820,1469967794,43.81171,4.70691,19863.4,3.9,9.4,316.0,-56.0,0.0,58.8,0x20,405.002,18.5,1125,-1,2.3,,
2026-08-05T12:23:15.000Z,M20-403-2-02820,1469967795,43.81177,4.70683,19868.1,5.9,9.6,314.3,-55.9,0.0,58.7,0x20,405.002,18.5,1125,-1,2.3,,
2026-08-05T12:23:16.000Z,M20-403-2-02820,1469967796,43.81183,4.70674,19873.7,5.4,10.2,313.7,-56.0,0.0,58.7,0x20,405.002,18.3,1125,-1,2.3,,
2026-08-05T12:23:17.000Z,M20-403-2-02820,1469967797,43.81189,4.70665,19878.8,5.0,9.6,312.4,-56.0,0.0,58.6,0x20,405.002,18.3,1500,-1,2.3,,
2026-08-05T12:23:18.000Z,M20-403-2-02820,1469967798,43.81194,4.70657,19884.3,6.1,7.8,311.7,-56.0,0.0,58.6,0x20,405.002,18.3,1500,-1,2.3,,
2026-08-05T12:23:19.000Z,M20-403-2-02820,1469967799,43.81198,4.70651,19889.8,4.8,5.6,307.2,-55.9,0.0,58.5,0x20,405.002,4.9,1500,-1,2.3,,
2026-08-05T12:23:20.000Z,M20-403-2-02820,1469967800,43.81201,4.70645,19893.9,4.0,5.1,306.6,-55.9,0.0,58.5,0x20,405.002,5.0,1125,-1,2.3,,
2026-08-05T12:23:21.000Z,M20-403-2-02820,1469967801,43.81204,4.70640,19898.8,6.0,6.6,312.7,-55.9,0.0,58.4,0x20,405.002,13.4,1500,-1,2.3,,
2026-08-05T12:23:22.000Z,M20-403-2-02820,1469967802,43.81209,4.70634,19904.0,4.4,8.5,316.4,-55.9,0.0,58.4,0x20,405.002,18.0,1125,-1,2.3,,
2026-08-05T12:23:23.000Z,M20-403-2-02820,1469967803,43.81215,4.70626,19908.1,3.8,9.5,318.0,-55.9,0.0,58.3,0x20,405.002,18.0,1125,-1,2.3,,
2026-08-05T12:23:24.000Z,M20-403-2-02820,1469967804,43.81220,4.70618,19912.5,5.1,8.6,317.6,-55.8,0.0,58.3,0x20,405.002,17.7,1125,-1,2.3,,
2026-08-05T12:23:25.000Z,M20-403-2-02820,1469967805,43.81226,4.70612,19918.1,5.8,7.0,316.3,-55.8,0.0,58.2,0x20,405.002,17.7,1125,-1,2.3,,
2026-08-05T12:23:26.000Z,M20-403-2-02820,1469967806,43.81230,4.70606,19923.0,3.8,5.8,315.6,-55.9,0.0,58.2,0x20,405.002,17.4,1125,-1,2.3,,
2026-08-05T12:23:27.000Z,M20-403-2-02820,1469967807,43.81233,4.70601,19927.9,6.1,5.9,317.6,-55.8,0.0,58.1,0x20,405.002,17.4,1125,-1,2.3,,
2026-08-05T12:23:28.000Z,M20-403-2-02820,1469967808,43.81238,4.70596,19933.5,5.0,7.5,321.9,-55.7,0.0,58.1,0x20,405.002,18.3,1125,-1,2.3,,
2026-08-05T12:23:29.000Z,M20-403-2-02820,1469967809,43.81244,4.70590,19938.5,5.0,8.3,326.4,-55.7,0.0,58.0,0x20,405.002,18.3,1125,-1,2.3,,
2026-08-05T12:23:30.000Z,M20-403-2-02820,1469967810,43.81250,4.70585,19944.1,6.3,7.5,330.0,-55.6,0.0,58.0,0x20,405.002,16.2,1125,-1,2.3,,
2026-08-05T12:23:31.000Z,M20-403-2-02820,1469967811,43.81255,4.70581,19949.4,4.5,6.5,330.5,-55.4,0.0,58.0,0x20,405.002,8.5,1125,-1,2.3,,
2026-08-05T12:23:32.000Z,M20-403-2-02820,1469967812,43.81260,4.70577,19955.0,6.7,6.9,330.0,-55.3,0.0,57.9,0x20,405.002,8.5,1500,-1,2.3,,
2026-08-05T12:23:33.000Z,M20-403-2-02820,1469967813,43.81266,4.70572,19959.9,3.4,7.8,330.5,-55.2,0.0,57.9,0x20,405.002,11.4,1500,-1,2.3,,
2026-08-05T12:23:34.000Z,M20-403-2-02820,1469967814,43.81272,4.70568,19964.5,6.1,7.2,332.4,-55.1,0.0,57.8,0x20,405.002,14.9,1500,-1,2.3,,
2026-08-05T12:23:35.000Z,M20-403-2-02820,1469967815,43.81277,4.70564,19970.0,5.0,5.3,334.3,-55.1,0.0,57.7,0x20,405.002,17.2,1125,-1,2.3,,
2026-08-05T12:23:36.000Z,M20-403-2-02820,1469967816,43.81282,4.70562,19975.1,5.4,4.8,340.8,-55.1,0.0,57.7,0x20,405.002,17.2,1125,-1,2.3,,
2026-08-05T12:23:37.000Z,M20-403-2-02820,1469967817,43.81286,4.70559,19980.6,5.4,5.9,342.5,-55.1,0.0,57.6,0x20,405.002,18.2,1125,-1,2.3,,
2026-08-05T12:23:38.000Z,M20-403-2-02820,1469967818,43.81292,4.70557,19985.6,4.9,7.4,343.3,-55.1,0.0,57.6,0x20,405.002,18.2,1125,-1,2.3,,
2026-08-05T12:23:39.000Z,M20-403-2-02820,1469967819,43.81299,4.70554,19990.0,4.1,8.3,343.4,-55.1,0.0,57.6,0x20,405.002,19.2,1125,-1,2.3,,
2026-08-05T12:23:40.000Z,M20-403-2-02820,1469967820,43.81306,4.70551,19994.8,5.6,7.8,339.4,-55.1,0.0,57.5,0x20,405.002,19.2,1125,-1,2.3,,
2026-08-05T12:23:41.000Z,M20-403-2-02820,1469967821,43.81312,4.70547,19999.9,4.6,7.2,330.6,-55.1,0.0,57.5,0x20,405.002,18.8,1125,-1,2.3,,
2026-08-05T12:23:42.000Z,M20-403-2-02820,1469967822,43.81317,4.70542,20004.6,4.7,7.8,316.3,-55.1,0.0,57.4,0x20,405.002,18.8,1125,-1,2.3,,
2026-08-05T12:23:43.000Z,M20-403-2-02820,1469967823,43.81323,4.70534,20009.7,5.6,9.6,313.4,-55.1,0.0,57.4,0x20,405.002,13.9,1125,-1,2.3,,
2026-08-05T12:23:44.000Z,M20-403-2-02820,1469967824,43.81329,4.70525,20014.6,4.4,10.5,315.5,-55.1,0.0,57.3,0x20,405.002,6.3,1125,-1,2.3,,
2026-08-05T12:23:45.000Z,M20-403-2-02820,1469967825,43.81335,4.70517,20019.5,5.3,9.7,318.3,-55.0,0.0,57.3,0x20,405.002,3.7,1125,-1,2.3,,
2026-08-05T12:23:46.000Z,M20-403-2-02820,1469967826,43.81341,4.70510,20024.9,5.7,7.6,321.0,-54.9,0.0,57.2,0x20,405.002,3.4,1125,-1,2.3,,
2026-08-05T12:23:47.000Z,M20-403-2-02820,1469967827,43.81347,4.70504,20030.1,4.8,6.7,325.4,-54.8,0.0,57.2,0x20,405.002,13.6,1125,-1,2.3,,
2026-08-05T12:23:48.000Z,M20-403-2-02820,1469967828,43.81352,4.70500,20035.1,5.4,7.5,331.1,-54.8,0.0,57.1,0x20,405.002,17.5,1500,-1,2.3,,
2026-08-05T12:23:49.000Z,M20-403-2-02820,1469967829,43.81359,4.70495,20040.6,5.8,9.5,331.1,-54.7,0.0,57.1,0x20,405.002,17.5,1125,-1,2.3,,
2026-08-05T12:23:50.000Z,M20-403-2-02820,1469967830,43.81367,4.70488,20045.4,3.8,10.9,330.1,-54.8,0.0,57.0,0x20,405.002,17.4,1125,-1,2.3,,
2026-08-05T12:23:51.000Z,M20-403-2-02820,1469967831,43.81375,4.70481,20049.8,5.1,11.0,326.0,-54.7,0.0,57.0,0x20,405.002,17.4,1125,-1,2.3,,
2026-08-05T12:23:52.000Z,M20-403-2-02820,1469967832,43.81382,4.70474,20055.5,6.3,9.4,320.7,-54.7,0.0,56.9,0x20,405.002,17.3,1125,-1,2.3,,
2026-08-05T12:23:53.000Z,M20-403-2-02820,1469967833,43.81388,4.70466,20060.5,4.1,8.6,317.9,-54.7,0.0,56.9,0x20,405.002,17.3,1125,-1,2.3,,
2026-08-05T12:23:54.000Z,M20-403-2-02820,1469967834,43.81394,4.70459,20065.7,6.5,8.9,316.5,-54.7,0.0,56.8,0x20,405.002,16.8,1125,-1,2.3,,
2026-08-05T12:23:55.000Z,M20-403-2-02820,1469967835,43.81400,4.70451,20070.7,3.7,10.1,317.0,-54.7,0.0,56.8,0x20,405.002,15.9,1125,-1,2.3,,
2026-08-05T12:23:56.000Z,M20-403-2-02820,1469967836,43.81407,4.70442,20075.4,5.9,10.8,316.7,-54.7,0.0,56.8,0x20,405.002,15.9,1125,-1,2.3,,
2026-08-05T12:23:57.000Z,M20-403-2-02820,1469967837,43.81414,4.70433,20080.7,4.8,10.1,315.0,-54.8,0.0,56.7,0x20,405.002,3.6,1125,-1,2.3,,
2026-08-05T12:23:58.000Z,M20-403-2-02820,1469967838,43.81420,4.70424,20086.3,6.4,9.7,316.9,-54.8,0.0,56.7,0x20,405.002,2.9,1125,-1,2.3,,
2026-08-05T12:23:59.000Z,M20-403-2-02820,1469967839,43.81427,4.70416,20092.3,6.0,10.8,323.4,-54.9,0.0,56.6,0x20,405.002,3.3,1125,-1,2.3,,
2026-08-05T12:24:00.000Z,M20-403-2-02820,1469967840,43.81435,4.70408,20097.0,3.4,11.7,325.5,-54.8,0.0,56.6,0x20,405.002,11.2,1125,-1,2.3,,
2026-08-05T12:24:01.000Z,M20-403-2-02820,1469967841,43.81444,4.70400,20101.8,6.2,11.0,326.0,-54.8,0.0,56.5,0x20,405.002,15.9,1125,-1,2.3,,
2026-08-05T12:24:02.000Z,M20-403-2-02820,1469967842,43.81452,4.70393,20107.0,4.3,9.9,323.0,-54.9,0.0,56.5,0x20,405.002,18.5,1125,-1,2.3,,
2026-08-05T12:24:03.000Z,M20-403-2-02820,1469967843,43.81459,4.70385,20112.8,7.3,10.2,320.7,-54.9,0.0,56.4,0x20,405.002,18.5,1125,-1,2.3,,
2026-08-05T12:24:04.000Z,M20-403-2-02820,1469967844,43.81466,4.70377,20118.5,4.5,10.9,323.0,-54.9,0.0,56.4,0x20,405.002,16.5,1125,-1,2.3,,
2026-08-05T12:24:05.000Z,M20-403-2-02820,1469967845,43.81474,4.70369,20123.6,5.8,11.5,322.5,-54.9,0.0,56.3,0x20,405.002,15.8,1125,-1,2.3,,
2026-08-05T12:24:06.000Z,M20-403-2-02820,1469967846,43.81482,4.70360,20129.1,5.7,11.0,322.9,-55.0,0.0,56.3,0x20,405.002,16.9,1125,-1,2.3,,
2026-08-05T12:24:07.000Z,M20-403-2-02820,1469967847,43.81490,4.70352,20134.6,5.6,10.4,323.1,-54.9,0.0,56.2,0x20,405.002,16.9,1125,-1,2.3,,
2026-08-05T12:24:08.000Z,M20-403-2-02820,1469967848,43.81498,4.70344,20140.6,6.6,11.7,325.5,-55.0,0.0,56.1,0x20,405.002,16.7,1125,-1,2.3,,
2026-08-05T12:24:09.000Z,M20-403-2-02820,1469967849,43.81507,4.70336,20145.6,3.7,13.0,325.1,-55.0,0.0,56.1,0x20,405.002,15.1,1125,-1,2.3,,
2026-08-05T12:24:10.000Z,M20-403-2-02820,1469967850,43.81516,4.70326,20150.7,6.9,12.5,321.3,-55.0,0.0,56.1,0x20,405.002,15.1,1125,-1,2.3,,
2026-08-05T12:24:11.000Z,M20-403-2-02820,1469967851,43.81524,4.70317,20155.8,3.5,11.4,317.7,-55.0,0.0,56.0,0x20,405.002,4.5,1125,-1,2.3,,
2026-08-05T12:24:12.000Z,M20-403-2-02820,1469967852,43.81531,4.70307,20160.5,6.3,11.0,313.1,-55.0,0.0,56.0,0x20,405.002,3.4,1125,-1,2.3,,
2026-08-05T12:24:13.000Z,M20-403-2-02820,1469967853,43.81538,4.70297,20165.9,4.6,11.5,313.0,-55.0,0.0,55.9,0x20,405.002,3.4,1125,-1,2.3,,
2026-08-05T12:24:14.000Z,M20-403-2-02820,1469967854,43.81546,4.70286,20170.2,4.3,12.3,314.7,-55.0,0.0,55.9,0x20,405.002,16.3,1125,-1,2.3,,
2026-08-05T12:24:15.000Z,M20-403-2-02820,1469967855,43.81553,4.70275,20175.3,6.2,11.3,313.3,-55.0,0.0,55.8,0x20,405.002,16.3,1125,-1,2.3,,
2026-08-05T12:24:16.000Z,M20-403-2-02820,1469967856,43.81560,4.70266,20180.7,4.7,10.1,313.7,-55.0,0.0,55.8,0x20,405.002,17.1,1125,-1,2.3,,
2026-08-05T12:24:17.000Z,M20-403-2-02820,1469967857,43.81567,4.70257,20186.3,6.9,10.4,321.0,-54.9,0.0,55.7,0x20,405.002,17.6,1125,-1,2.3,,
2026-08-05T12:24:18.000Z,M20-403-2-02820,1469967858,43.81574,4.70249,20192.0,4.6,11.6,326.7,-54.8,0.0,55.7,0x20,405.002,17.6,1125,-1,2.3,,
2026-08-05T12:24:19.000Z,M20-403-2-02820,1469967859,43.81583,4.70241,20196.5,4.5,11.8,327.5,-54.7,0.0,55.6,0x20,405.002,16.0,1125,-1,2.3,,
2026-08-05T12:24:20.000Z,M20-403-2-02820,1469967860,43.81592,4.70234,20201.0,4.7,10.8,332.0,-54.6,0.0,55.6,0x20,405.002,18.5,1125,-1,2.3,,
2026-08-05T12:24:21.000Z,M20-403-2-02820,1469967861,43.81600,4.70228,20205.7,4.8,9.5,332.8,-54.5,0.0,55.5,0x20,405.002,18.5,1125,-1,2.3,,
2026-08-05T12:24:22.000Z,M20-403-2-02820,1469967862,43.81608,4.70223,20210.5,4.8,9.5,333.8,-54.4,0.0,55.5,0x20,405.002,17.3,1125,-1,2.3,,
2026-08-05T12:24:23.000Z,M20-403-2-02820,1469967863,43.81616,4.70217,20215.6,5.4,11.0,333.1,-54.4,0.0,55.5,0x20,405.002,4.7,1125,-1,2.3,,
2026-08-05T12:24:24.000Z,M20-403-2-02820,1469967864,43.81625,4.70210,20221.4,6.2,12.7,328.8,-54.3,0.0,55.4,0x20,405.002,3.8,1125,-1,2.3,,
2026-08-05T12:24:25.000Z,M20-403-2-02820,1469967865,43.81635,4.70201,20226.0,3.3,13.3,324.1,-54.2,0.0,55.4,0x20,405.002,3.5,1125,-1,2.3,,
2026-08-05T12:24:26.000Z,M20-403-2-02820,1469967866,43.81644,4.70191,20230.2,5.5,12.7,315.1,-54.2,0.0,55.3,0x20,405.002,15.5,1125,-1,2.3,,
2026-08-05T12:24:27.000Z,M20-403-2-02820,1469967867,43.81651,4.70181,20235.3,4.6,10.6,310.0,-54.2,0.0,55.3,0x20,405.002,17.7,1125,-1,2.3,,
2026-08-05T12:24:28.000Z,M20-403-2-02820,1469967868,43.81657,4.70171,20239.8,4.6,8.9,312.2,-54.2,0.0,55.2,0x20,405.002,17.7,1125,-1,2.3,,
2026-08-05T12:24:29.000Z,M20-403-2-02820,1469967869,43.81663,4.70164,20245.6,7.0,9.1,320.7,-54.3,0.0,55.2,0x20,405.002,17.2,1125,-1,2.3,,
2026-08-05T12:24:30.000Z,M20-403-2-02820,1469967870,43.81669,4.70157,20251.2,4.0,10.0,326.2,-54.3,0.0,55.1,0x20,405.002,17.2,1125,-1,2.3,,
2026-08-05T12:24:31.000Z,M20-403-2-02820,1469967871,43.81677,4.70151,20256.0,5.6,10.7,337.3,-54.3,0.0,55.1,0x20,405.002,18.8,1125,-1,2.3,,
2026-08-05T12:24:32.000Z,M20-403-2-02820,1469967872,43.81686,4.70147,20260.8,4.2,10.0,346.8,-54.4,0.0,55.0,0x20,405.002,18.8,1125,-1,2.3,,
2026-08-05T12:24:33.000Z,M20-403-2-02820,1469967873,43.81695,4.70144,20265.4,5.0,10.9,348.7,-54.4,0.0,55.0,0x20,405.002,15.8,1125,-1,2.3,,
2026-08-05T12:24:34.000Z,M20-403-2-02820,1469967874,43.81706,4.70140,20270.9,6.3,12.7,341.3,-54.4,0.0,55.0,0x20,405.002,19.2,1125,-1,2.3,,
2026-08-05T12:24:35.000Z,M20-403-2-02820,1469967875,43.81716,4.70134,20276.4,4.7,13.5,333.5,-54.4,0.0,54.9,0x20,405.002,19.2,1125,-1,2.3,,
2026-08-05T12:24:36.000Z,M20-403-2-02820,1469967876,43.81726,4.70125,20281.9,6.5,12.7,323.2,-54.4,0.0,54.9,0x20,405.002,4.7,1125,-1,2.3,,
2026-08-05T12:24:37.000Z,M20-403-2-02820,1469967877,43.81734,4.70116,20287.5,5.0,10.6,316.2,-54.5,0.0,54.8,0x20,405.002,3.8,1125,-1,2.3,,
2026-08-05T12:24:38.000Z,M20-403-2-02820,1469967878,43.81740,4.70107,20292.3,4.8,9.2,308.0,-54.4,0.0,54.8,0x20,405.002,3.4,1125,-1,2.3,,
2026-08-05T12:24:39.000Z,M20-403-2-02820,1469967879,43.81745,4.70098,20297.7,6.3,9.0,308.8,-54.4,0.0,54.7,0x20,405.002,10.6,1125,-1,2.3,,
2026-08-05T12:24:40.000Z,M20-403-2-02820,1469967880,43.81751,4.70090,20303.1,4.7,9.5,316.0,-54.4,0.0,54.7,0x20,405.002,17.5,1125,-1,2.3,,
2026-08-05T12:24:41.000Z,M20-403-2-02820,1469967881,43.81757,4.70083,20308.5,6.7,8.5,329.3,-54.4,0.0,54.6,0x20,405.002,18.6,1125,-1,2.3,,
2026-08-05T12:24:42.000Z,M20-403-2-02820,1469967882,43.81764,4.70078,20313.5,3.2,8.1,334.4,-54.4,0.0,54.6,0x20,405.002,18.6,1125,-1,2.3,,
2026-08-05T12:24:43.000Z,M20-403-2-02820,1469967883,43.81771,4.70075,20318.4,6.9,9.5,344.7,-54.4,0.0,54.5,0x20,405.002,18.1,1125,-1,2.3,,
2026-08-05T12:24:44.000Z,M20-403-2-02820,1469967884,43.81780,4.70071,20324.2,4.7,11.2,344.5,-54.4,0.0,54.5,0x20,405.002,18.1,1125,-1,2.3,,
2026-08-05T12:24:45.000Z,M20-403-2-02820,1469967885,43.81790,4.70067,20329.1,5.6,12.0,341.1,-54.4,0.0,54.4,0x20,405.002,19.2,1125,-1,2.3,,
2026-08-05T12:24:46.000Z,M20-403-2-02820,1469967886,43.81800,4.70062,20334.8,6.2,10.9,336.8,-54.4,0.0,54.4,0x20,405.002,19.2,1125,-1,2.3,,
2026-08-05T12:24:47.000Z,M20-403-2-02820,1469967887,43.81808,4.70056,20340.2,4.8,9.5,328.8,-54.4,0.0,54.3,0x20,405.002,16.7,1125,-1,2.3,,
2026-08-05T12:24:48.000Z,M20-403-2-02820,1469967888,43.81815,4.70049,20345.5,6.3,9.7,321.7,-54.4,0.0,54.3,0x20,405.002,16.7,1125,-1,2.3,,
2026-08-05T12:24:49.000Z,M20-403-2-02820,1469967889,43.81822,4.70042,20350.6,4.2,9.6,321.3,-54.4,0.0,54.2,0x20,405.002,10.4,1125,-1,2.3,,
2026-08-05T12:24:50.000Z,M20-403-2-02820,1469967890,43.81828,4.70035,20355.6,6.2,8.7,326.1,-54.5,0.0,54.2,0x20,405.002,5.1,1125,-1,2.3,,
2026-08-05T12:24:51.000Z,M20-403-2-02820,1469967891,43.81835,4.70030,20360.5,3.9,7.5,332.6,-54.5,0.0,54.1,0x20,405.002,3.2,1125,-1,2.3,,
2026-08-05T12:24:52.000Z,M20-403-2-02820,1469967892,43.81841,4.70027,20365.0,5.2,7.8,347.7,-54.5,0.0,54.1,0x20,405.002,13.8,1125,-1,2.3,,
2026-08-05T12:24:53.000Z,M20-403-2-02820,1469967893,43.81849,4.70025,20370.2,5.5,10.4,352.4,-54.6,0.0,54.1,0x20,405.002,14.9,1500,-1,2.3,,
2026-08-05T12:24:54.000Z,M20-403-2-02820,1469967894,43.81859,4.70023,20375.2,4.5,11.8,350.5,-54.6,0.0,54.0,0x20,405.002,17.9,1125,-1,2.3,,
2026-08-05T12:24:55.000Z,M20-403-2-02820,1469967895,43.81869,4.70020,20381.0,7.0,11.1,344.1,-54.6,0.0,54.0,0x20,405.002,17.9,1125,-1,2.3,,
2026-08-05T12:24:56.000Z,M20-403-2-02820,1469967896,43.81878,4.70015,20386.3,3.8,9.9,335.8,-54.6,0.0,53.9,0x20,405.002,16.6,1125,-1,2.3,,
2026-08-05T12:24:57.000Z,M20-403-2-02820,1469967897,43.81885,4.70010,20390.7,5.0,9.6,324.5,-54.5,0.0,53.9,0x20,405.002,17.9,1125,-1,2.3,,
2026-08-05T12:24:58.000Z,M20-403-2-02820,1469967898,43.81892,4.70002,20396.0,5.4,10.0,317.8,-54.6,0.0,53.8,0x20,405.002,17.9,1125,-1,2.3,,
2026-08-05T12:24:59.000Z,M20-403-2-02820,1469967899,43.81899,4.69993,20400.9,4.3,10.2,316.6,-54.5,0.0,53.8,0x20,405.002,18.4,1125,-1,2.3,,
2026-08-05T12:25:00.000Z,M20-403-2-02820,1469967900,43.81905,4.69985,20405.8,5.7,8.9,310.4,-54.5,0.0,53.7,0x20,405.002,18.4,1125,-1,2.3,,
2026-08-05T12:25:01.000Z,M20-403-2-02820,1469967901,43.81909,4.69977,20410.8,4.3,7.4,304.5,-54.5,0.0,53.7,0x20,405.002,18.0,1125,-1,2.3,,
2026-08-05T12:25:02.000Z,M20-403-2-02820,1469967902,43.81913,4.69970,20416.0,5.7,6.8,313.7,-54.5,0.0,53.7,0x20,405.002,17.9,1125,-1,2.3,,
2026-08-05T12:25:03.000Z,M20-403-2-02820,1469967903,43.81918,4.69965,20421.9,6.1,7.5,331.0,-54.6,0.0,53.6,0x20,405.002,3.9,1125,-1,2.3,,
2026-08-05T12:25:04.000Z,M20-403-2-02820,1469967904,43.81925,4.69961,20426.9,3.7,8.6,340.3,-54.5,0.0,53.6,0x20,405.002,3.8,1500,-1,2.3,,
2026-08-05T12:25:05.000Z,M20-403-2-02820,1469967905,43.81932,4.69957,20432.0,6.7,8.6,341.3,-54.5,0.0,53.5,0x20,405.002,15.5,1500,-1,2.3,,
2026-08-05T12:25:06.000Z,M20-403-2-02820,1469967906,43.81939,4.69953,20436.8,3.0,7.7,336.0,-54.5,0.0,53.5,0x20,405.002,17.1,1125,-1,2.3,,
2026-08-05T12:25:07.000Z,M20-403-2-02820,1469967907,43.81945,4.69949,20441.3,6.1,7.7,326.6,-54.5,0.0,53.4,0x20,405.002,17.1,1125,-1,2.3,,
2026-08-05T12:25:08.000Z,M20-403-2-02820,1469967908,43.81951,4.69943,20446.9,5.0,8.3,325.0,-54.6,0.0,53.4,0x20,405.002,19.4,1125,-1,2.3,,
2026-08-05T12:25:09.000Z,M20-403-2-02820,1469967909,43.81957,4.69937,20452.3,6.0,8.2,319.3,-54.6,0.0,53.3,0x20,405.002,19.4,1125,-1,2.3,,
2026-08-05T12:25:10.000Z,M20-403-2-02820,1469967910,43.81962,4.69930,20457.9,5.3,7.4,305.7,-54.6,0.0,53.3,0x20,405.002,18.6,1125,-1,2.3,,
2026-08-05T12:25:11.000Z,M20-403-2-02820,1469967911,43.81965,4.69922,20462.7,4.5,7.0,298.9,-54.6,0.0,53.2,0x20,405.002,18.6,1125,-1,2.3,,
2026-08-05T12:25:12.000Z,M20-403-2-02820,1469967912,43.81968,4.69915,20468.5,7.1,6.8,311.0,-54.7,0.0,53.2,0x20,405.002,18.5,1125,-1,2.3,,
2026-08-05T12:25:13.000Z,M20-403-2-02820,1469967913,43.81973,4.69910,20473.4,2.8,7.2,324.7,-54.7,0.0,53.1,0x20,405.002,17.9,1125,-1,2.3,,
2026-08-05T12:25:14.000Z,M20-403-2-02820,1469967914,43.81979,4.69905,20478.1,6.3,7.0,329.1,-54.6,0.0,53.1,0x20,405.002,17.9,1125,-1,2.3,,
2026-08-05T12:25:15.000Z,M20-403-2-02820,1469967915,43.81984,4.69900,20483.7,5.2,6.5,324.4,-54.7,0.0,53.0,0x20,405.002,4.8,1125,-1,2.3,,
2026-08-05T12:25:16.000Z,M20-403-2-02820,1469967916,43.81988,4.69896,20489.4,6.3,5.8,323.0,-54.7,0.0,53.0,0x20,405.002,4.8,1500,-1,2.3,,
2026-08-05T12:25:17.000Z,M20-403-2-02820,1469967917,43.81992,4.69892,20495.5,5.8,6.1,329.2,-54.8,0.0,52.9,0x20,405.002,3.3,1125,-1,2.3,,
2026-08-05T12:25:18.000Z,M20-403-2-02820,1469967918,43.81997,4.69888,20500.9,5.0,6.0,329.2,-54.7,0.0,52.9,0x20,405.002,10.1,1125,-1,2.3,,
2026-08-05T12:25:19.000Z,M20-403-2-02820,1469967919,43.82001,4.69883,20506.7,6.6,5.8,313.0,-54.8,0.0,52.8,0x20,405.002,17.4,1125,-1,2.3,,
2026-08-05T12:25:20.000Z,M20-403-2-02820,1469967920,43.82004,4.69878,20511.7,3.4,6.0,298.4,-54.8,0.0,52.8,0x20,405.002,17.4,1125,-1,2.3,,
2026-08-05T12:25:21.000Z,M20-403-2-02820,1469967921,43.82007,4.69871,20516.7,6.7,6.5,299.8,-54.7,0.0,52.8,0x20,405.002,17.4,1125,-1,2.3,,
2026-08-05T12:25:22.000Z,M20-403-2-02820,1469967922,43.82010,4.69864,20522.5,4.9,6.7,308.6,-54.8,0.0,52.7,0x20,405.002,17.2,1125,-1,2.3,,
2026-08-05T12:25:23.000Z,M20-403-2-02820,1469967923,43.82014,4.69858,20527.5,5.2,6.5,315.4,-54.7,0.0,52.7,0x20,405.002,17.5,1125,-1,2.3,,
2026-08-05T12:25:24.000Z,M20-403-2-02820,1469967924,43.82018,4.69852,20533.0,5.9,6.1,305.1,-54.7,0.0,52.6,0x20,405.002,17.5,1125,-1,2.3,,
2026-08-05T12:25:25.000Z,M20-403-2-02820,1469967925,43.82021,4.69846,20538.0,4.5,6.4,294.2,-54.7,0.0,52.6,0x20,405.002,15.8,1125,-1,2.3,,
2026-08-05T12:25:26.000Z,M20-403-2-02820,1469967926,43.82023,4.69839,20543.1,5.9,5.9,301.8,-54.7,0.0,52.5,0x20,405.002,18.0,1125,-1,2.3,,
2026-08-05T12:25:27.000Z,M20-403-2-02820,1469967927,43.82026,4.69833,20548.0,4.0,5.7,306.8,-54.6,0.0,52.5,0x20,405.002,18.0,1125,-1,2.3,,
2026-08-05T12:25:28.000Z,M20-403-2-02820,1469967928,43.82029,4.69828,20553.2,6.3,5.4,307.3,-54.6,0.0,52.4,0x20,405.002,17.0,1125,-1,2.3,,
2026-08-05T12:25:29.000Z,M20-403-2-02820,1469967929,43.82031,4.69822,20559.2,5.6,4.8,291.5,-54.6,0.0,52.4,0x20,405.002,3.5,1125,-1,2.3,,
2026-08-05T12:25:30.000Z,M20-403-2-02820,1469967930,43.82033,4.69816,20564.5,4.9,5.3,283.9,-54.6,0.0,52.4,0x20,405.002,3.1,1125,-1,2.3,,
2026-08-05T12:25:31.000Z,M20-403-2-02820,1469967931,43.82034,4.69810,20570.6,7.4,6.1,292.2,-54.7,0.0,52.3,0x20,405.002,11.0,1125,-1,2.3,,
2026-08-05T12:25:32.000Z,M20-403-2-02820,1469967932,43.82037,4.69803,20575.9,3.2,6.5,299.2,-54.7,0.0,52.2,0x20,405.002,16.1,1500,-1,2.3,,
2026-08-05T12:25:33.000Z,M20-403-2-02820,1469967933,43.82039,4.69795,20580.9,6.9,7.6,291.3,-54.7,0.0,52.2,0x20,405.002,16.1,1125,-1,2.3,,
2026-08-05T12:25:34.000Z,M20-403-2-02820,1469967934,43.82041,4.69786,20586.3,4.0,7.8,281.8,-54.7,0.0,52.1,0x20,405.002,18.8,1125,-1,2.3,,
2026-08-05T12:25:35.000Z,M20-403-2-02820,1469967935,43.82043,4.69776,20591.3,6.1,8.3,277.8,-54.7,0.0,52.1,0x20,405.002,18.8,1125,-1,2.3,,
2026-08-05T12:25:36.000Z,M20-403-2-02820,1469967936,43.82044,4.69766,20596.9,5.1,8.1,283.0,-54.7,0.0,52.1,0x20,405.002,18.9,1125,-1,2.3,,
2026-08-05T12:25:37.000Z,M20-403-2-02820,1469967937,43.82046,4.69756,20601.9,5.0,7.8,290.4,-54.6,0.0,52.0,0x20,405.002,18.9,1125,-1,2.3,,
2026-08-05T12:25:38.000Z,M20-403-2-02820,1469967938,43.82048,4.69747,20607.4,6.0,7.6,286.3,-54.6,0.0,52.0,0x20,405.002,17.5,1125,-1,2.3,,
2026-08-05T12:25:39.000Z,M20-403-2-02820,1469967939,43.82050,4.69738,20612.4,3.9,7.5,282.1,-54.5,0.0,51.9,0x20,405.002,17.2,1125,-1,2.3,,
2026-08-05T12:25:40.000Z,M20-403-2-02820,1469967940,43.82052,4.69729,20617.0,5.4,8.2,291.3,-54.5,0.0,51.9,0x20,405.002,17.2,1125,-1,2.3,,
2026-08-05T12:25:41.000Z,M20-403-2-02820,1469967941,43.82055,4.69719,20622.4,5.3,9.2,300.8,-54.5,0.0,51.8,0x20,405.002,5.1,1125,-1,2.3,,
2026-08-05T12:25:42.000Z,M20-403-2-02820,1469967942,43.82059,4.69709,20627.5,4.8,9.5,302.0,-54.5,0.0,51.8,0x20,405.002,4.3,1125,-1,2.3,,
2026-08-05T12:25:43.000Z,M20-403-2-02820,1469967943,43.82064,4.69700,20632.9,5.8,9.0,298.4,-54.4,0.0,51.7,0x20,405.002,3.1,1125,-1,2.3,,
2026-08-05T12:25:44.000Z,M20-403-2-02820,1469967944,43.82067,4.69690,20638.2,4.8,8.4,288.0,-54.4,0.0,51.7,0x20,405.002,11.4,1125,-1,2.3,,
2026-08-05T12:25:45.000Z,M20-403-2-02820,1469967945,43.82068,4.69679,20643.0,4.6,8.5,279.3,-54.3,0.0,51.6,0x20,405.002,14.9,1125,-1,2.3,,
2026-08-05T12:25:46.000Z,M20-403-2-02820,1469967946,43.82070,4.69669,20648.4,6.3,9.2,283.2,-54.3,0.0,51.6,0x20,405.002,16.1,1125,-1,2.3,,
2026-08-05T12:25:47.000Z,M20-403-2-02820,1469967947,43.82072,4.69657,20654.3,5.2,10.0,289.1,-54.3,0.0,51.6,0x20,405.002,17.9,1125,-1,2.3,,
2026-08-05T12:25:48.000Z,M20-403-2-02820,1469967948,43.82075,4.69646,20659.7,5.4,10.4,290.6,-54.2,0.0,51.5,0x20,405.002,17.9,1125,-1,2.3,,
2026-08-05T12:25:49.000Z,M20-403-2-02820,1469967949,43.82078,4.69633,20665.1,5.3,11.0,284.4,-54.3,0.0,51.5,0x20,405.002,16.5,1125,-1,2.3,,
2026-08-05T12:25:50.000Z,M20-403-2-02820,1469967950,43.82081,4.69620,20669.9,4.4,11.0,279.9,-54.3,0.0,51.4,0x20,405.002,17.0,1125,-1,2.3,,
2026-08-05T12:25:51.000Z,M20-403-2-02820,1469967951,43.82082,4.69606,20675.5,6.7,10.8,283.8,-54.3,0.0,51.4,0x20,405.002,17.0,1125,-1,2.3,,
2026-08-05T12:25:52.000Z,M20-403-2-02820,1469967952,43.82085,4.69594,20680.7,3.6,10.4,289.3,-54.3,0.0,51.3,0x20,405.002,17.4,1125,-1,2.3,,
2026-08-05T12:25:53.000Z,M20-403-2-02820,1469967953,43.82088,4.69583,20684.8,4.7,8.5,293.4,-54.2,0.0,51.3,0x20,405.002,17.4,1125,-1,2.3,,
2026-08-05T12:25:54.000Z,M20-403-2-02820,1469967954,43.82091,4.69574,20690.0,5.3,6.6,295.6,-54.3,0.0,51.3,0x20,405.002,16.2,1125,-1,2.3,,
2026-08-05T12:25:55.000Z,M20-403-2-02820,1469967955,43.82094,4.69568,20694.7,3.9,5.5,300.5,-54.2,0.0,51.2,0x20,405.002,3.1,1125,-1,2.3,,
2026-08-05T12:25:56.000Z,M20-403-2-02820,1469967956,43.82097,4.69561,20699.8,5.9,6.5,305.7,-54.2,0.0,51.2,0x20,405.002,3.5,1125,-1,2.3,,
2026-08-05T12:25:57.000Z,M20-403-2-02820,1469967957,43.82101,4.69553,20705.7,5.6,8.6,304.5,-54.2,0.0,51.1,0x20,405.002,10.2,1125,-1,2.3,,
2026-08-05T12:25:58.000Z,M20-403-2-02820,1469967958,43.82105,4.69543,20710.4,4.1,10.4,300.2,-54.1,0.0,51.1,0x20,405.002,16.7,1125,-1,2.3,,
2026-08-05T12:25:59.000Z,M20-403-2-02820,1469967959,43.82109,4.69532,20715.5,5.9,10.9,292.4,-54.0,0.0,51.0,0x20,405.002,16.7,1125,-1,2.3,,
2026-08-05T12:26:00.000Z,M20-403-2-02820,1469967960,43.82113,4.69519,20721.2,5.0,10.5,284.9,-54.1,0.0,51.0,0x20,405.002,16.8,1125,-1,2.3,,
2026-08-05T12:26:01.000Z,M20-403-2-02820,1469967961,43.82115,4.69507,20726.2,5.0,10.3,281.3,-54.0,0.0,51.0,0x20,405.002,17.8,1125,-1,2.3,,
2026-08-05T12:26:02.000Z,M20-403-2-02820,1469967962,43.82117,4.69494,20731.5,5.6,10.7,286.8,-54.0,0.0,50.9,0x20,405.002,17.8,1125,-1,2.3,,
2026-08-05T12:26:03.000Z,M20-403-2-02820,1469967963,43.82121,4.69482,20736.7,4.5,11.2,294.2,-53.9,0.0,50.9,0x20,405.002,18.7,1125,-1,2.3,,
2026-08-05T12:26:04.000Z,M20-403-2-02820,1469967964,43.82125,4.69470,20741.2,4.5,10.8,302.9,-53.9,0.0,50.8,0x20,405.002,18.7,1125,-1,2.3,,
2026-08-05T12:26:05.000Z,M20-403-2-02820,1469967965,43.82131,4.69460,20746.2,5.5,9.2,314.5,-53.9,0.0,50.8,0x20,405.002,17.9,1125,-1,2.3,,
2026-08-05T12:26:06.000Z,M20-403-2-02820,1469967966,43.82136,4.69453,20751.2,4.4,7.6,318.0,-53.9,0.0,50.8,0x20,405.002,17.9,1125,-1,2.3,,
2026-08-05T12:26:07.000Z,M20-403-2-02820,1469967967,43.82141,4.69446,20756.0,5.1,7.5,308.8,-53.9,0.0,50.7,0x20,405.002,14.6,1125,-1,2.3,,
2026-08-05T12:26:08.000Z,M20-403-2-02820,1469967968,43.82145,4.69437,20761.9,6.5,9.8,293.0,-53.9,0.0,50.7,0x20,405.002,3.8,1125,-1,2.3,,
2026-08-05T12:26:09.000Z,M20-403-2-02820,1469967969,43.82148,4.69424,20766.9,3.6,11.8,289.0,-54.0,0.0,50.6,0x20,405.002,3.6,1125,-1,2.3,,
2026-08-05T12:26:10.000Z,M20-403-2-02820,1469967970,43.82151,4.69409,20771.3,4.9,13.3,286.7,-53.9,0.0,50.6,0x20,405.002,3.1,1125,-1,2.3,,
2026-08-05T12:26:11.000Z,M20-403-2-02820,1469967971,43.82155,4.69394,20777.0,6.4,12.3,289.4,-54.0,0.0,50.5,0x20,405.002,16.1,1125,-1,2.3,,
2026-08-05T12:26:12.000Z,M20-403-2-02820,1469967972,43.82159,4.69381,20782.5,4.7,11.1,295.0,-54.0,0.0,50.5,0x20,405.002,16.1,1500,-1,2.3,,
2026-08-05T12:26:13.000Z,M20-403-2-02820,1469967973,43.82164,4.69369,20787.7,5.6,11.2,302.0,-54.1,0.0,50.4,0x20,405.002,17.2,1125,-1,2.3,,
2026-08-05T12:26:14.000Z,M20-403-2-02820,1469967974,43.82169,4.69357,20793.1,5.2,11.9,306.0,-54.1,0.0,50.4,0x20,405.002,17.2,1125,-1,2.3,,
2026-08-05T12:26:15.000Z,M20-403-2-02820,1469967975,43.82176,4.69345,20798.1,4.8,12.0,309.1,-54.1,0.0,50.4,0x20,405.002,17.4,1125,-1,2.3,,
2026-08-05T12:26:16.000Z,M20-403-2-02820,1469967976,43.82183,4.69334,20803.3,5.5,10.7,315.7,-54.1,0.0,50.3,0x20,405.002,17.4,1125,-1,2.3,,
2026-08-05T12:26:17.000Z,M20-403-2-02820,1469967977,43.82190,4.69326,20808.2,4.2,9.7,317.0,-54.2,0.0,50.3,0x20,405.002,17.3,1125,-1,2.3,,
2026-08-05T12:26:18.000Z,M20-403-2-02820,1469967978,43.82196,4.69317,20813.0,5.5,9.6,311.5,-54.1,0.0,50.2,0x20,405.002,17.3,1125,-1,2.3,,
2026-08-05T12:26:19.000Z,M20-403-2-02820,1469967979,43.82201,4.69307,20818.6,5.8,11.6,302.0,-54.2,0.0,50.2,0x20,405.002,17.5,1125,-1,2.3,,
2026-08-05T12:26:20.000Z,M20-403-2-02820,1469967980,43.82207,4.69294,20823.1,3.1,13.1,299.3,-54.1,0.0,50.1,0x20,405.002,17.5,1125,-1,2.3,,
2026-08-05T12:26:21.000Z,M20-403-2-02820,1469967981,43.82213,4.69279,20827.6,5.9,13.8,300.2,-54.2,0.0,50.1,0x20,405.002,4.3,1125,-1,2.3,,
2026-08-05T12:26:22.000Z,M20-403-2-02820,1469967982,43.82219,4.69266,20833.0,4.8,12.8,305.9,-54.2,0.0,50.1,0x20,405.002,3.8,1500,-1,2.3,,
2026-08-05T12:26:23.000Z,M20-403-2-02820,1469967983,43.82226,4.69253,20838.2,5.6,12.0,309.5,-54.3,0.0,50.0,0x20,405.002,9.7,1500,-1,2.3,,
2026-08-05T12:26:24.000Z,M20-403-2-02820,1469967984,43.82233,4.69242,20844.1,6.0,11.5,307.8,-54.3,0.0,50.0,0x20,405.002,14.4,1125,-1,2.3,,
2026-08-05T12:26:25.000Z,M20-403-2-02820,1469967985,43.82239,4.69231,20849.6,5.0,11.0,308.9,-54.3,0.0,49.9,0x20,405.002,16.7,1125,-1,2.3,,
2026-08-05T12:26:26.000Z,M20-403-2-02820,1469967986,43.82245,4.69222,20855.3,6.1,9.2,314.4,-54.2,0.0,49.9,0x20,405.002,17.2,1500,-1,2.3,,
2026-08-05T12:26:27.000Z,M20-403-2-02820,1469967987,43.82250,4.69215,20860.0,3.4,7.5,318.6,-54.1,0.0,49.8,0x20,405.002,17.2,1125,-1,2.3,,
2026-08-05T12:26:28.000Z,M20-403-2-02820,1469967988,43.82255,4.69208,20864.7,5.6,6.3,308.6,-54.1,0.0,49.8,0x20,405.002,18.4,1125,-1,2.3,,
2026-08-05T12:26:29.000Z,M20-403-2-02820,1469967989,43.82258,4.69201,20870.1,5.1,6.8,289.2,-54.0,0.0,49.8,0x20,405.002,18.4,1125,-1,2.3,,
2026-08-05T12:26:30.000Z,M20-403-2-02820,1469967990,43.82259,4.69193,20874.8,4.0,8.2,283.7,-54.0,0.0,49.7,0x20,405.002,17.5,1125,-1,2.3,,
2026-08-05T12:26:31.000Z,M20-403-2-02820,1469967991,43.82262,4.69182,20879.5,5.3,8.9,289.5,-54.0,0.0,49.7,0x20,405.002,17.5,1125,-1,2.3,,
2026-08-05T12:26:32.000Z,M20-403-2-02820,1469967992,43.82265,4.69172,20885.4,6.3,9.6,304.0,-54.0,0.0,49.6,0x20,405.002,16.3,1125,-1,2.3,,
2026-08-05T12:26:33.000Z,M20-403-2-02820,1469967993,43.82271,4.69163,20890.5,3.7,10.6,314.2,-54.0,0.0,49.6,0x20,405.002,16.3,1500,-1,2.3,,
2026-08-05T12:26:34.000Z,M20-403-2-02820,1469967994,43.82278,4.69153,20895.3,5.7,11.8,318.4,-54.0,0.0,49.5,0x20,405.002,15.8,1500,-1,2.3,,
2026-08-05T12:26:35.000Z,M20-403-2-02820,1469967995,43.82286,4.69143,20901.0,5.6,12.4,314.7,-54.0,0.0,49.5,0x20,405.002,6.2,1125,-1,2.3,,
2026-08-05T12:26:36.000Z,M20-403-2-02820,1469967996,43.82294,4.69132,20906.3,5.0,11.5,311.3,-54.0,0.0,49.5,0x20,405.002,7.5,1125,-1,2.3,,
2026-08-05T12:26:37.000Z,M20-403-2-02820,1469967997,43.82300,4.69123,20912.1,6.4,10.0,315.6,-54.0,0.0,49.4,0x20,405.002,17.6,1500,-1,2.3,,
2026-08-05T12:26:38.000Z,M20-403-2-02820,1469967998,43.82306,4.69115,20917.5,4.0,8.6,319.8,-54.0,0.0,49.4,0x20,405.002,18.3,1500,-1,2.3,,
2026-08-05T12:26:39.000Z,M20-403-2-02820,1469967999,43.82311,4.69108,20922.8,6.7,6.6,314.1,-54.0,0.0,49.3,0x20,405.002,18.3,1500,-1,2.3,,
2026-08-05T12:26:40.000Z,M20-403-2-02820,1469968000,43.82315,4.69102,20928.7,4.7,6.3,300.4,-54.0,0.0,49.3,0x20,405.002,19.4,1500,-1,2.3,,
2026-08-05T12:26:41.000Z,M20-403-2-02820,1469968001,43.82317,4.69095,20934.2,5.8,6.7,295.4,-53.9,0.0,49.2,0x20,405.002,19.4,1125,-1,2.3,,
2026-08-05T12:26:42.000Z,M20-403-2-02820,1469968002,43.82321,4.69088,20940.0,5.9,7.5,307.5,-54.0,0.0,49.2,0x20,405.002,19.5,1125,-1,2.3,,
2026-08-05T12:26:43.000Z,M20-403-2-02820,1469968003,43.82326,4.69080,20945.1,4.5,8.9,315.0,-54.0,0.0,49.1,0x20,405.002,19.5,1125,-1,2.3,,
2026-08-05T12:26:44.000Z,M20-403-2-02820,1469968004,43.82332,4.69071,20950.1,5.8,11.6,314.8,-54.0,0.0,49.1,0x20,405.002,15.2,1125,-1,2.3,,
2026-08-05T12:26:45.000Z,M20-403-2-02820,1469968005,43.82340,4.69060,20954.9,3.8,13.2,311.6,-54.1,0.0,49.1,0x20,405.002,16.9,1125,-1,2.3,,
2026-08-05T12:26:46.000Z,M20-403-2-02820,1469968006,43.82348,4.69048,20959.8,6.2,13.0,312.7,-54.1,0.0,49.0,0x20,405.002,16.9,1125,-1,2.3,,
2026-08-05T12:26:47.000Z,M20-403-2-02820,1469968007,43.82355,4.69037,20966.0,6.2,11.0,317.5,-54.1,0.0,49.0,0x20,405.002,4.6,1125,-1,2.3,,
2026-08-05T12:26:48.000Z,M20-403-2-02820,1469968008,43.82362,4.69029,20971.0,4.0,8.7,321.4,-54.2,0.0,48.9,0x20,405.002,4.6,1500,-1,2.3,,
2026-08-05T12:26:49.000Z,M20-403-2-02820,1469968009,43.82367,4.69023,20975.2,4.6,6.5,314.4,-54.2,0.0,48.9,0x20,405.002,9.9,1500,-1,2.3,,
2026-08-05T12:26:50.000Z,M20-403-2-02820,1469968010,43.82370,4.69017,20980.6,6.2,6.1,296.6,-54.2,0.0,48.9,0x20,405.002,13.9,1500,-1,2.3,,
2026-08-05T12:26:51.000Z,M20-403-2-02820,1469968011,43.82373,4.69010,20985.8,4.4,7.1,293.6,-54.2,0.0,48.8,0x20,405.002,17.0,1125,-1,2.3,,
2026-08-05T12:26:52.000Z,M20-403-2-02820,1469968012,43.82376,4.69001,20991.2,6.3,7.9,301.9,-54.3,0.0,48.8,0x20,405.002,17.0,1500,-1,2.3,,
2026-08-05T12:26:53.000Z,M20-403-2-02820,1469968013,43.82381,4.68993,20997.0,5.2,8.6,314.1,-54.3,0.0,48.7,0x20,405.002,15.8,1500,-1,2.3,,
2026-08-05T12:26:54.000Z,M20-403-2-02820,1469968014,43.82387,4.68986,21002.3,5.3,10.8,323.5,-54.4,0.0,48.7,0x20,405.002,17.9,1125,-1,2.3,,
2026-08-05T12:26:55.000Z,M20-403-2-02820,1469968015,43.82396,4.68977,21007.7,5.6,13.3,322.6,-54.5,0.0,48.6,0x20,405.002,18.0,1125,-1,2.3,,
2026-08-05T12:26:56.000Z,M20-403-2-02820,1469968016,43.82405,4.68966,21012.4,4.0,13.7,319.3,-54.5,0.0,48.6,0x20,405.002,18.0,1125,-1,2.3,,
2026-08-05T12:26:57.000Z,M20-403-2-02820,1469968017,43.82414,4.68956,21017.8,6.8,11.6,318.2,-54.5,0.0,48.5,0x20,405.002,17.4,1125,-1,2.3,,
2026-08-05T12:26:58.000Z,M20-403-2-02820,1469968018,43.82421,4.68947,21023.6,4.5,9.2,320.1,-54.5,0.0,48.5,0x20,405.002,16.1,1125,-1,2.3,,
2026-08-05T12:26:59.000Z,M20-403-2-02820,1469968019,43.82426,4.68940,21028.4,5.0,7.1,314.1,-54.5,0.0,48.5,0x20,405.002,14.5,1125,-1,2.3,,
2026-08-05T12:27:00.000Z,M20-403-2-02820,1469968020,43.82430,4.68933,21033.8,5.6,6.9,303.0,-54.6,0.0,48.4,0x20,405.002,4.6,1125,-1,2.3,,
2026-08-05T12:27:01.000Z,M20-403-2-02820,1469968021,43.82434,4.68926,21039.2,4.8,7.7,303.2,-54.5,0.0,48.4,0x20,405.002,3.1,1125,-1,2.3,,
2026-08-05T12:27:02.000Z,M20-403-2-02820,1469968022,43.82438,4.68918,21045.0,6.4,8.0,312.7,-54.6,0.0,48.3,0x20,405.002,9.1,1125,-1,2.3,,
2026-08-05T12:27:03.000Z,M20-403-2-02820,1469968023,43.82443,4.68912,21050.5,4.2,8.3,322.8,-54.6,0.0,48.3,0x20,405.002,12.6,1125,-1,2.3,,
2026-08-05T12:27:04.000Z,M20-403-2-02820,1469968024,43.82451,4.68905,21056.2,7.0,11.1,326.9,-54.6,0.0,48.2,0x20,405.002,12.6,1500,-1,2.3,,
2026-08-05T12:27:05.000Z,M20-403-2-02820,1469968025,43.82459,4.68896,21061.7,3.6,12.9,324.9,-54.7,0.0,48.2,0x20,405.002,14.3,1500,-1,2.3,,
2026-08-05T12:27:06.000Z,M20-403-2-02820,1469968026,43.82469,4.68887,21066.4,5.8,13.4,321.7,-54.6,0.0,48.1,0x20,405.002,14.3,1500,-1,2.3,,
2026-08-05T12:27:07.000Z,M20-403-2-02820,1469968027,43.82478,4.68877,21072.5,6.2,11.9,320.4,-54.7,0.0,48.1,0x20,405.002,15.3,1125,-1,2.3,,
2026-08-05T12:27:08.000Z,M20-403-2-02820,1469968028,43.82485,4.68868,21078.0,4.7,9.9,317.5,-54.7,0.0,48.0,0x20,405.002,18.5,1125,-1,2.3,,
2026-08-05T12:27:09.000Z,M20-403-2-02820,1469968029,43.82491,4.68859,21083.5,6.1,9.1,306.2,-54.7,0.0,48.0,0x20,405.002,18.5,1125,-1,2.3,,
2026-08-05T12:27:10.000Z,M20-403-2-02820,1469968030,43.82496,4.68850,21088.4,3.7,9.8,302.9,-54.7,0.0,48.0,0x20,405.002,15.8,1125,-1,2.3,,
2026-08-05T12:27:11.000Z,M20-403-2-02820,1469968031,43.82500,4.68840,21093.9,7.0,9.1,305.8,-54.7,0.0,47.9,0x20,405.002,18.1,1125,-1,2.3,,
2026-08-05T12:27:12.000Z,M20-403-2-02820,1469968032,43.82505,4.68832,21099.6,4.2,8.1,312.8,-54.7,0.0,47.9,0x20,405.002,18.1,1125,-1,2.3,,
2026-08-05T12:27:13.000Z,M20-403-2-02820,1469968033,43.82511,4.68824,21105.3,7.2,9.4,322.2,-54.7,0.0,47.9,0x20,405.002,3.8,1125,-1,2.3,,
2026-08-05T12:27:14.000Z,M20-403-2-02820,1469968034,43.82518,4.68816,21111.2,4.6,11.1,322.2,-54.8,0.0,47.8,0x20,405.002,3.9,1125,-1,2.3,,
2026-08-05T12:27:15.000Z,M20-403-2-02820,1469968035,43.82527,4.68807,21115.9,4.7,12.5,321.3,-54.6,0.0,47.8,0x20,405.002,7.3,1125,-1,2.3,,
2026-08-05T12:27:16.000Z,M20-403-2-02820,1469968036,43.82536,4.68798,21121.7,6.4,12.5,323.1,-54.6,0.0,47.7,0x20,405.002,13.5,1125,-1,2.3,,
2026-08-05T12:27:17.000Z,M20-403-2-02820,1469968037,43.82544,4.68789,21127.2,4.6,11.6,323.7,-54.6,0.0,47.7,0x20,405.002,14.4,1125,-1,2.3,,
2026-08-05T12:27:18.000Z,M20-403-2-02820,1469968038,43.82552,4.68780,21133.5,7.6,11.5,316.1,-54.7,0.0,47.6,0x20,405.002,17.3,1125,-1,2.3,,
2026-08-05T12:27:19.000Z,M20-403-2-02820,1469968039,43.82559,4.68769,21139.1,3.4,11.8,310.8,-54.7,0.0,47.6,0x20,405.002,17.3,1500,-1,2.3,,
2026-08-05T12:27:20.000Z,M20-403-2-02820,1469968040,43.82566,4.68759,21145.0,8.1,10.1,305.2,-54.7,0.0,47.5,0x20,405.002,17.3,1500,-1,2.3,,
2026-08-05T12:27:21.000Z,M20-403-2-02820,1469968041,43.82571,4.68749,21151.0,4.0,9.0,307.4,-54.7,0.0,47.5,0x20,405.002,16.7,1125,-1,2.3,,
2026-08-05T12:27:22.000Z,M20-403-2-02820,1469968042,43.82576,4.68740,21155.9,5.7,8.8,308.4,-54.7,0.0,47.4,0x20,405.002,15.3,1125,-1,2.3,,
2026-08-05T12:27:23.000Z,M20-403-2-02820,1469968043,43.82581,4.68731,21161.7,6.0,10.4,306.8,-54.7,0.0,47.4,0x20,405.002,13.5,1125,-1,2.3,,
2026-08-05T12:27:24.000Z,M20-403-2-02820,1469968044,43.82587,4.68720,21167.0,4.6,11.9,306.5,-54.7,0.0,47.4,0x20,405.002,15.6,1125,-1,2.3,,
2026-08-05T12:27:25.000Z,M20-403-2-02820,1469968045,43.82593,4.68708,21172.2,5.7,11.9,311.6,-54.7,0.0,47.3,0x20,405.002,15.6,1125,-1,2.3,,
2026-08-05T12:27:26.000Z,M20-403-2-02820,1469968046,43.82601,4.68698,21178.0,5.9,10.8,317.8,-54.7,0.0,47.3,0x20,405.002,15.6,1500,-1,2.3,,
2026-08-05T12:27:27.000Z,M20-403-2-02820,1469968047,43.82608,4.68690,21183.6,5.3,10.0,318.2,-54.7,0.0,47.2,0x20,405.002,3.5,1125,-1,2.3,,
2026-08-05T12:27:28.000Z,M20-403-2-02820,1469968048,43.82614,4.68681,21189.3,6.0,10.5,314.0,-54.7,0.0,47.2,0x20,405.002,3.5,1125,-1,2.3,,
2026-08-05T12:27:29.000Z,M20-403-2-02820,1469968049,43.82621,4.68671,21194.5,4.2,11.7,310.1,-54.7,0.0,47.1,0x20,405.002,11.6,1125,-1,2.3,,
2026-08-05T12:27:30.000Z,M20-403-2-02820,1469968050,43.82628,4.68659,21198.9,4.3,12.1,306.4,-54.6,0.0,47.1,0x20,405.002,16.1,1125,-1,2.3,,
2026-08-05T12:27:31.000Z,M20-403-2-02820,1469968051,43.82634,4.68647,21204.2,6.3,11.0,305.7,-54.6,0.0,47.0,0x20,405.002,17.1,1125,-1,2.3,,
2026-08-05T12:27:32.000Z,M20-403-2-02820,1469968052,43.82639,4.68637,21209.9,5.1,10.1,308.3,-54.6,0.0,47.0,0x20,405.002,17.1,1125,-1,2.3,,
2026-08-05T12:27:33.000Z,M20-403-2-02820,1469968053,43.82645,4.68627,21215.9,6.6,10.9,312.6,-54.6,0.0,47.0,0x20,405.002,16.8,1125,-1,2.3,,
2026-08-05T12:27:34.000Z,M20-403-2-02820,1469968054,43.82652,4.68616,21221.5,4.1,12.3,313.9,-54.6,0.0,46.9,0x20,405.002,16.8,1125,-1,2.3,,
2026-08-05T12:27:35.000Z,M20-403-2-02820,1469968055,43.82661,4.68605,21226.4,5.5,13.2,317.8,-54.6,0.0,46.9,0x20,405.002,18.4,1125,-1,2.3,,
2026-08-05T12:27:36.000Z,M20-403-2-02820,1469968056,43.82669,4.68595,21232.0,5.7,12.5,321.7,-54.6,0.0,46.8,0x20,405.002,18.4,1125,-1,2.3,,
2026-08-05T12:27:37.000Z,M20-403-2-02820,1469968057,43.82678,4.68586,21237.4,5.1,11.7,322.7,-54.6,0.0,46.8,0x20,405.002,18.4,1500,-1,2.3,,
2026-08-05T12:27:38.000Z,M20-403-2-02820,1469968058,43.82686,4.68576,21243.5,7.1,12.4,317.4,-54.6,0.0,46.8,0x20,405.002,18.5,1125,-1,2.3,,
2026-08-05T12:27:39.000Z,M20-403-2-02820,1469968059,43.82695,4.68565,21249.0,3.8,13.4,312.9,-54.6,0.0,46.7,0x20,405.002,4.1,1125,-1,2.3,,
2026-08-05T12:27:40.000Z,M20-403-2-02820,1469968060,43.82703,4.68552,21254.0,6.2,13.8,310.5,-54.6,0.0,46.7,0x20,405.002,4.1,1125,-1,2.3,,
2026-08-05T12:27:41.000Z,M20-403-2-02820,1469968061,43.82710,4.68540,21259.5,4.8,12.9,311.2,-54.6,0.0,46.6,0x20,405.002,6.5,1500,-1,2.3,,
2026-08-05T12:27:42.000Z,M20-403-2-02820,1469968062,43.82718,4.68528,21264.7,5.6,12.6,311.2,-54.6,0.0,46.6,0x20,405.002,12.9,1125,-1,2.3,,
2026-08-05T12:27:43.000Z,M20-403-2-02820,1469968063,43.82726,4.68515,21270.6,6.2,13.8,310.0,-54.6,0.0,46.5,0x20,405.002,14.8,1125,-1,2.3,,
2026-08-05T12:27:44.000Z,M20-403-2-02820,1469968064,43.82734,4.68501,21275.5,3.7,15.0,310.1,-54.6,0.0,46.5,0x20,405.002,15.9,1125,-1,2.3,,
2026-08-05T12:27:45.000Z,M20-403-2-02820,1469968065,43.82743,4.68487,21280.0,5.2,14.9,312.5,-54.6,0.0,46.5,0x20,405.002,15.9,1125,-1,2.3,,
2026-08-05T12:27:46.000Z,M20-403-2-02820,1469968066,43.82752,4.68475,21285.7,6.2,13.5,315.8,-54.6,0.0,46.4,0x20,405.002,17.9,1500,-1,2.3,,
2026-08-05T12:27:47.000Z,M20-403-2-02820,1469968067,43.82761,4.68464,21291.0,4.5,12.8,319.0,-54.5,0.0,46.4,0x20,405.002,17.9,1125,-1,2.3,,
2026-08-05T12:27:48.000Z,M20-403-2-02820,1469968068,43.82770,4.68453,21296.2,6.2,13.4,320.8,-54.5,0.0,46.3,0x20,405.002,16.3,1125,-1,2.3,,
2026-08-05T12:27:49.000Z,M20-403-2-02820,1469968069,43.82780,4.68442,21301.9,5.2,15.2,319.0,-54.5,0.0,46.3,0x20,405.002,15.1,1125,-1,2.3,,
2026-08-05T12:27:50.000Z,M20-403-2-02820,1469968070,43.82790,4.68429,21306.6,4.2,16.7,316.7,-54.5,0.0,46.3,0x20,405.002,15.1,1125,-1,2.3,,
2026-08-05T12:27:51.000Z,M20-403-2-02820,1469968071,43.82801,4.68414,21312.1,6.7,16.4,316.6,-54.5,0.0,46.2,0x20,405.002,7.1,1125,-1,2.3,,
2026-08-05T12:27:52.000Z,M20-403-2-02820,1469968072,43.82811,4.68401,21317.6,4.3,15.7,316.7,-54.5,0.0,46.2,0x20,405.002,3.4,1125,-1,2.3,,
2026-08-05T12:27:53.000Z,M20-403-2-02820,1469968073,43.82821,4.68387,21323.2,6.9,15.6,312.4,-54.5,0.0,46.1,0x20,405.002,3.1,1125,-1,2.3,,
2026-08-05T12:27:54.000Z,M20-403-2-02820,1469968074,43.82831,4.68372,21328.9,4.6,16.4,308.6,-54.6,0.0,46.1,0x20,405.002,3.7,1125,-1,2.3,,
2026-08-05T12:27:55.000Z,M20-403-2-02820,1469968075,43.82840,4.68356,21334.0,5.2,16.6,307.7,-54.5,0.0,46.0,0x20,405.002,15.0,1125,-1,2.3,,
2026-08-05T12:27:56.000Z,M20-403-2-02820,1469968076,43.82849,4.68340,21339.8,6.4,15.6,311.1,-54.6,0.0,46.0,0x20,405.002,17.8,1125,-1,2.3,,
2026-08-05T12:27:57.000Z,M20-403-2-02820,1469968077,43.82858,4.68327,21345.3,4.7,15.0,315.1,-54.6,0.0,46.0,0x20,405.002,17.8,1125,-1,2.3,,
2026-08-05T12:27:58.000Z,M20-403-2-02820,1469968078,43.82868,4.68313,21351.2,7.2,16.1,318.0,-54.5,0.0,45.9,0x20,405.002,16.5,1125,-1,2.3,,
2026-08-05T12:27:59.000Z,M20-403-2-02820,1469968079,43.82879,4.68299,21356.2,2.6,17.2,317.2,-54.5,0.0,45.9,0x20,405.002,18.9,1125,-1,2.3,,
2026-08-05T12:28:00.000Z,M20-403-2-02820,1469968080,43.82891,4.68285,21361.5,8.0,17.9,318.7,-54.4,0.0,45.8,0x20,405.002,18.9,1125,-1,2.3,,
2026-08-05T12:28:01.000Z,M20-403-2-02820,1469968081,43.82903,4.68271,21368.0,5.1,17.1,320.5,-54.4,0.0,45.8,0x20,405.002,17.4,1125,-1,2.3,,
2026-08-05T12:28:02.000Z,M20-403-2-02820,1469968082,43.82915,4.68257,21373.5,6.0,16.7,320.4,-54.4,0.0,45.8,0x20,405.002,17.4,1125,-1,2.3,,
2026-08-05T12:28:03.000Z,M20-403-2-02820,1469968083,43.82926,4.68243,21379.7,6.5,17.5,318.2,-54.4,0.0,45.7,0x20,405.002,16.9,1125,-1,2.3,,
2026-08-05T12:28:04.000Z,M20-403-2-02820,1469968084,43.82938,4.68228,21385.0,4.5,18.3,315.7,-54.4,0.0,45.7,0x20,405.002,5.3,1125,-1,2.3,,
2026-08-05T12:28:05.000Z,M20-403-2-02820,1469968085,43.82950,4.68213,21390.4,6.5,17.5,316.5,-54.4,0.0,45.6,0x20,405.002,4.4,1125,-1,2.3,,
2026-08-05T12:28:06.000Z,M20-403-2-02820,1469968086,43.82961,4.68198,21395.2,3.3,16.7,318.9,-54.5,0.0,45.6,0x20,405.002,3.6,1125,-1,2.3,,
2026-08-05T12:28:07.000Z,M20-403-2-02820,1469968087,43.82972,4.68185,21400.2,7.0,16.7,319.2,-54.5,0.0,45.6,0x20,405.002,9.1,1125,-1,2.3,,
2026-08-05T12:28:08.000Z,M20-403-2-02820,1469968088,43.82984,4.68171,21405.9,4.4,17.7,318.3,-54.5,0.0,45.5,0x20,405.002,19.0,1125,-1,2.3,,
2026-08-05T12:28:09.000Z,M20-403-2-02820,1469968089,43.82996,4.68156,21410.8,5.4,18.0,318.5,-54.5,0.0,45.5,0x20,405.002,19.0,1125,-1,2.3,,
2026-08-05T12:28:10.000Z,M20-403-2-02820,1469968090,43.83008,4.68142,21416.6,6.1,17.4,321.6,-54.5,0.0,45.4,0x20,405.002,17.6,1125,-1,2.3,,
2026-08-05T12:28:11.000Z,M20-403-2-02820,1469968091,43.83020,4.68129,21422.1,5.0,16.0,324.3,-54.5,0.0,45.4,0x20,405.002,17.6,1125,-1,2.3,,
2026-08-05T12:28:12.000Z,M20-403-2-02820,1469968092,43.83031,4.68117,21427.8,6.1,15.7,320.6,-54.5,0.0,45.4,0x20,405.002,18.8,1125,-1,2.3,,
2026-08-05T12:28:13.000Z,M20-403-2-02820,1469968093,43.83042,4.68104,21432.8,4.0,16.3,317.9,-54.4,0.0,45.3,0x20,405.002,18.8,1125,-1,2.3,,
2026-08-05T12:28:14.000Z,M20-403-2-02820,1469968094,43.83053,4.68091,21437.3,5.1,15.9,314.4,-54.4,0.0,45.3,0x20,405.002,16.6,1125,-1,2.3,,
2026-08-05T12:28:15.000Z,M20-403-2-02820,1469968095,43.83062,4.68077,21442.8,5.9,14.6,316.4,-54.4,0.0,45.2,0x20,405.002,18.2,1125,-1,2.3,,
2026-08-05T12:28:16.000Z,M20-403-2-02820,1469968096,43.83072,4.68065,21448.3,5.1,13.9,320.1,-54.4,0.0,45.2,0x20,405.002,18.2,1500,-1,2.3,,
2026-08-05T12:28:17.000Z,M20-403-2-02820,1469968097,43.83082,4.68054,21453.6,5.5,14.9,323.0,-54.4,0.0,45.1,0x20,405.002,15.0,1125,-1,2.3,,
2026-08-05T12:28:18.000Z,M20-403-2-02820,1469968098,43.83093,4.68042,21459.5,6.5,16.8,322.3,-54.3,0.0,45.1,0x20,405.002,15.0,1125,-1,2.3,,
2026-08-05T12:28:19.000Z,M20-403-2-02820,1469968099,43.83105,4.68029,21465.0,5.0,17.9,322.9,-54.3,0.0,45.1,0x20,405.002,3.5,1125,-1,2.3,,
2026-08-05T12:28:20.000Z,M20-403-2-02820,1469968100,43.83119,4.68016,21470.5,6.3,18.6,326.8,-54.3,0.0,45.0,0x20,405.002,8.7,1500,-1,2.3,,
2026-08-05T12:28:21.000Z,M20-403-2-02820,1469968101,43.83133,4.68005,21476.1,4.9,17.4,330.9,-54.2,0.0,45.0,0x20,405.002,16.8,1125,-1,2.3,,
2026-08-05T12:28:22.000Z,M20-403-2-02820,1469968102,43.83146,4.67995,21480.8,4.9,16.0,332.1,-54.2,0.0,44.9,0x20,405.002,16.8,1125,-1,2.3,,
2026-08-05T12:28:23.000Z,M20-403-2-02820,1469968103,43.83158,4.67985,21486.7,7.0,14.8,328.7,-54.2,0.0,44.9,0x20,405.002,18.5,1500,-1,2.3,,
2026-08-05T12:28:24.000Z,M20-403-2-02820,1469968104,43.83169,4.67975,21492.3,4.7,14.6,324.0,-54.0,0.0,44.9,0x20,405.002,18.5,1500,-1,2.3,,
2026-08-05T12:28:25.000Z,M20-403-2-02820,1469968105,43.83178,4.67965,21497.8,6.8,12.4,320.6,-54.0,0.0,44.8,0x20,405.002,17.8,1125,-1,2.3,,
2026-08-05T12:28:26.000Z,M20-403-2-02820,1469968106,43.83187,4.67956,21503.8,5.5,10.8,323.3,-53.9,0.0,44.8,0x20,405.002,17.8,1125,-1,2.3,,
2026-08-05T12:28:27.000Z,M20-403-2-02820,1469968107,43.83194,4.67949,21509.1,5.7,10.0,325.8,-53.8,0.0,44.7,0x20,405.002,16.6,1125,-1,2.3,,
2026-08-05T12:28:28.000Z,M20-403-2-02820,1469968108,43.83202,4.67941,21514.6,5.5,10.9,321.6,-53.7,0.0,44.7,0x20,405.002,18.8,1125,-1,2.3,,
2026-08-05T12:28:29.000Z,M20-403-2-02820,1469968109,43.83210,4.67932,21519.3,4.1,11.9,318.2,-53.5,0.0,44.7,0x20,405.002,18.8,1500,-1,2.3,,
2026-08-05T12:28:30.000Z,M20-403-2-02820,1469968110,43.83218,4.67922,21524.0,5.9,12.2,320.6,-53.4,0.0,44.6,0x20,405.002,14.9,1500,-1,2.3,,
2026-08-05T12:28:31.000Z,M20-403-2-02820,1469968111,43.83227,4.67913,21529.2,4.7,11.8,327.6,-53.3,0.0,44.6,0x20,405.002,4.4,1125,-1,2.3,,
2026-08-05T12:28:32.000Z,M20-403-2-02820,1469968112,43.83236,4.67906,21533.8,4.8,12.6,333.7,-53.2,0.0,44.5,0x20,405.002,4.4,1500,-1,2.3,,
2026-08-05T12:28:33.000Z,M20-403-2-02820,1469968113,43.83247,4.67898,21539.0,5.8,13.8,334.5,-53.1,0.0,44.5,0x20,405.002,9.3,1125,-1,2.3,,
2026-08-05T12:28:34.000Z,M20-403-2-02820,1469968114,43.83258,4.67890,21544.2,4.4,14.9,331.3,-53.0,0.0,44.5,0x20,405.002,15.0,1125,-1,2.3,,
2026-08-05T12:28:35.000Z,M20-403-2-02820,1469968115,43.83270,4.67881,21549.2,5.4,14.1,329.4,-52.9,0.0,44.4,0x20,405.002,17.0,1125,-1,2.3,,
2026-08-05T12:28:36.000Z,M20-403-2-02820,1469968116,43.83280,4.67873,21555.4,7.0,12.1,331.4,-52.9,0.0,44.4,0x20,405.002,17.8,1500,-1,2.3,,
2026-08-05T12:28:37.000Z,M20-403-2-02820,1469968117,43.83289,4.67867,21560.9,4.3,9.9,331.2,-52.9,0.0,44.3,0x20,405.002,17.8,1125,-1,2.3,,
2026-08-05T12:28:38.000Z,M20-403-2-02820,1469968118,43.83296,4.67861,21565.7,5.4,8.2,322.1,-52.9,0.0,44.3,0x20,405.002,16.9,1500,-1,2.3,,
2026-08-05T12:28:39.000Z,M20-403-2-02820,1469968119,43.83301,4.67853,21571.3,6.0,9.0,312.6,-53.0,0.0,44.3,0x20,405.002,19.1,1125,-1,2.3,,
2026-08-05T12:28:40.000Z,M20-403-2-02820,1469968120,43.83307,4.67844,21576.4,4.3,9.7,310.5,-53.0,0.0,44.2,0x20,405.002,19.1,1125,-1,2.3,,
2026-08-05T12:28:41.000Z,M20-403-2-02820,1469968121,43.83313,4.67836,21581.7,6.4,10.1,319.1,-53.0,0.0,44.2,0x20,405.002,16.9,1125,-1,2.3,,
2026-08-05T12:28:42.000Z,M20-403-2-02820,1469968122,43.83321,4.67829,21587.4,5.2,10.1,331.2,-53.0,0.0,44.1,0x20,405.002,16.9,1125,-1,2.3,,
2026-08-05T12:28:43.000Z,M20-403-2-02820,1469968123,43.83329,4.67823,21592.5,4.7,11.6,339.8,-52.9,0.0,44.1,0x20,405.002,15.2,1125,-1,2.3,,
2026-08-05T12:28:44.000Z,M20-403-2-02820,1469968124,43.83340,4.67818,21598.0,6.1,13.7,339.4,-52.9,0.0,44.1,0x20,405.002,4.6,1125,-1,2.3,,
2026-08-05T12:28:45.000Z,M20-403-2-02820,1469968125,43.83352,4.67811,21603.0,3.8,14.9,334.9,-52.9,0.0,44.0,0x20,405.002,2.7,1125,-1,2.3,,
2026-08-05T12:28:46.000Z,M20-403-2-02820,1469968126,43.83364,4.67803,21607.3,5.1,15.2,334.0,-52.9,0.0,44.0,0x20,405.002,7.6,1125,-1,2.3,,
2026-08-05T12:28:47.000Z,M20-403-2-02820,1469968127,43.83376,4.67795,21612.8,6.2,13.8,335.6,-53.0,0.0,44.0,0x20,405.002,16.2,1500,-1,2.3,,
2026-08-05T12:28:48.000Z,M20-403-2-02820,1469968128,43.83387,4.67789,21618.1,4.5,12.0,337.6,-53.0,0.0,43.9,0x20,405.002,16.2,1500,-1,2.3,,
2026-08-05T12:28:49.000Z,M20-403-2-02820,1469968129,43.83396,4.67783,21622.9,5.0,10.5,329.4,-53.1,0.0,43.9,0x20,405.002,17.7,1500,-1,2.3,,
2026-08-05T12:28:50.000Z,M20-403-2-02820,1469968130,43.83403,4.67775,21628.3,5.7,9.9,316.3,-53.1,0.0,43.9,0x20,405.002,17.7,1125,-1,2.3,,
2026-08-05T12:28:51.000Z,M20-403-2-02820,1469968131,43.83409,4.67766,21633.4,4.5,10.2,309.0,-53.2,0.0,43.8,0x20,405.002,18.2,1500,-1,2.3,,
2026-08-05T12:28:52.000Z,M20-403-2-02820,1469968132,43.83415,4.67757,21639.4,7.5,9.9,316.7,-53.3,0.0,43.8,0x20,405.002,18.2,1125,-1,2.3,,
2026-08-05T12:28:53.000Z,M20-403-2-02820,1469968133,43.83422,4.67749,21645.2,4.0,10.0,327.3,-53.3,0.0,43.7,0x20,405.002,17.0,1500,-1,2.3,,
2026-08-05T12:28:54.000Z,M20-403-2-02820,1469968134,43.83431,4.67743,21650.0,5.5,11.5,337.4,-53.3,0.0,43.7,0x20,405.002,18.7,1125,-1,2.3,,
2026-08-05T12:28:55.000Z,M20-403-2-02820,1469968135,43.83441,4.67737,21655.5,5.6,12.7,336.7,-53.4,0.0,43.6,0x20,405.002,18.7,1125,-1,2.3,,
2026-08-05T12:28:56.000Z,M20-403-2-02820,1469968136,43.83451,4.67731,21660.4,4.4,13.2,334.4,-53.4,0.0,43.6,0x20,405.002,12.7,1125,-1,2.3,,
2026-08-05T12:28:57.000Z,M20-403-2-02820,1469968137,43.83462,4.67724,21665.3,5.3,12.6,337.5,-53.4,0.0,43.6,0x20,405.002,4.1,1125,-1,2.3,,
2026-08-05T12:28:58.000Z,M20-403-2-02820,1469968138,43.83472,4.67719,21671.2,6.5,11.2,343.6,-53.5,0.0,43.5,0x20,405.002,3.6,1125,-1,2.3,,
2026-08-05T12:28:59.000Z,M20-403-2-02820,1469968139,43.83481,4.67716,21676.7,4.5,10.1,344.5,-53.5,0.0,43.5,0x20,405.002,5.0,1125,-1,2.3,,
2026-08-05T12:29:00.000Z,M20-403-2-02820,1469968140,43.83489,4.67712,21681.6,5.4,8.4,334.9,-53.5,0.0,43.5,0x20,405.002,10.9,1500,-1,2.3,,
2026-08-05T12:29:01.000Z,M20-403-2-02820,1469968141,43.83495,4.67706,21687.3,6.0,8.6,317.0,-53.5,0.0,43.4,0x20,405.002,17.5,1125,-1,2.3,,
2026-08-05T12:29:02.000Z,M20-403-2-02820,1469968142,43.83501,4.67698,21692.1,3.6,9.5,309.0,-53.5,0.0,43.4,0x20,405.002,17.5,1125,-1,2.3,,
2026-08-05T12:29:03.000Z,M20-403-2-02820,1469968143,43.83506,4.67689,21697.2,6.6,9.8,313.8,-53.5,0.0,43.4,0x20,405.002,17.9,1500,-1,2.3,,
2026-08-05T12:29:04.000Z,M20-403-2-02820,1469968144,43.83513,4.67681,21702.5,4.2,9.9,327.2,-53.6,0.0,43.3,0x20,405.002,17.9,1500,-1,2.3,,
2026-08-05T12:29:05.000Z,M20-403-2-02820,1469968145,43.83521,4.67675,21706.9,4.5,9.9,337.9,-53.6,0.0,43.3,0x20,405.002,19.0,1500,-1,2.3,,
2026-08-05T12:29:06.000Z,M20-403-2-02820,1469968146,43.83530,4.67671,21712.2,6.1,10.4,339.8,-53.6,0.0,43.2,0x20,405.002,19.0,1125,-1,2.3,,
2026-08-05T12:29:07.000Z,M20-403-2-02820,1469968147,43.83538,4.67666,21717.7,5.0,10.5,335.0,-53.6,0.0,43.2,0x20,405.002,16.7,1125,-1,2.3,,
2026-08-05T12:29:08.000Z,M20-403-2-02820,1469968148,43.83547,4.67661,21723.0,5.3,9.8,336.1,-53.6,0.0,43.1,0x20,405.002,16.7,1125,-1,2.3,,
2026-08-05T12:29:09.000Z,M20-403-2-02820,1469968149,43.83554,4.67656,21728.9,6.5,8.8,338.3,-53.6,0.0,43.1,0x20,405.002,15.9,1125,-1,2.3,,
2026-08-05T12:29:10.000Z,M20-403-2-02820,1469968150,43.83561,4.67652,21734.9,5.4,8.3,338.4,-53.6,0.0,43.1,0x20,405.002,3.9,1125,-1,2.3,,
2026-08-05T12:29:11.000Z,M20-403-2-02820,1469968151,43.83568,4.67647,21740.4,5.6,8.8,326.3,-53.7,0.0,43.0,0x20,405.002,3.3,1125,-1,2.3,,
2026-08-05T12:29:12.000Z,M20-403-2-02820,1469968152,43.83575,4.67640,21746.2,6.1,9.9,311.0,-53.6,0.0,43.0,0x20,405.002,8.4,1125,-1,2.3,,
2026-08-05T12:29:13.000Z,M20-403-2-02820,1469968153,43.83580,4.67630,21751.2,4.0,10.9,304.6,-53.7,0.0,43.0,0x20,405.002,14.9,1500,-1,2.3,,
2026-08-05T12:29:14.000Z,M20-403-2-02820,1469968154,43.83586,4.67619,21756.2,6.4,10.5,306.5,-53.7,0.0,42.9,0x20,405.002,15.5,1125,-1,2.3,,
2026-08-05T12:29:15.000Z,M20-403-2-02820,1469968155,43.83592,4.67610,21762.2,5.8,9.0,319.1,-53.8,0.0,42.9,0x20,405.002,16.9,1125,-1,2.3,,
2026-08-05T12:29:16.000Z,M20-403-2-02820,1469968156,43.83598,4.67604,21766.8,4.0,7.5,330.0,-53.7,0.0,42.9,0x20,405.002,16.9,1500,-1,2.3,,
2026-08-05T12:29:17.000Z,M20-403-2-02820,1469968157,43.83604,4.67600,21771.2,5.2,6.6,330.2,-53.7,0.0,42.8,0x20,405.002,16.4,1500,-1,2.3,,
2026-08-05T12:29:18.000Z,M20-403-2-02820,1469968158,43.83609,4.67595,21776.9,6.2,6.9,322.2,-53.7,0.0,42.8,0x20,405.002,16.4,1125,-1,2.3,,
2026-08-05T12:29:19.000Z,M20-403-2-02820,1469968159,43.83614,4.67589,21782.3,4.9,7.4,318.3,-53.7,0.0,42.7,0x20,405.002,16.4,1500,-1,2.3,,
2026-08-05T12:29:20.000Z,M20-403-2-02820,1469968160,43.83619,4.67583,21787.5,5.8,7.4,318.4,-53.6,0.0,42.7,0x20,405.002,17.4,1125,-1,2.3,,
2026-08-05T12:29:21.000Z,M20-403-2-02820,1469968161,43.83624,4.67578,21792.8,5.2,7.3,323.2,-53.7,0.0,42.6,0x20,405.002,17.4,1500,-1,2.3,,
2026-08-05T12:29:22.000Z,M20-403-2-02820,1469968162,43.83629,4.67572,21797.8,4.8,7.9,320.6,-53.7,0.0,42.6,0x20,405.002,14.0,1125,-1,2.3,,
2026-08-05T12:29:23.000Z,M20-403-2-02820,1469968163,43.83634,4.67564,21803.2,6.3,9.1,306.8,-53.8,0.0,42.6,0x20,405.002,7.6,1125,-1,2.3,,
2026-08-05T12:29:24.000Z,M20-403-2-02820,1469968164,43.83639,4.67554,21808.3,3.9,10.3,300.3,-53.8,0.0,42.5,0x20,405.002,3.2,1125,-1,2.3,,
2026-08-05T12:29:25.000Z,M20-403-2-02820,1469968165,43.83643,4.67543,21813.5,6.4,10.0,297.1,-53.8,0.0,42.5,0x20,405.002,3.7,1125,-1,2.3,,
2026-08-05T12:29:26.000Z,M20-403-2-02820,1469968166,43.83648,4.67533,21819.4,5.3,8.6,303.8,-53.8,0.0,42.5,0x20,405.002,12.6,1125,-1,2.3,,
2026-08-05T12:29:27.000Z,M20-403-2-02820,1469968167,43.83652,4.67525,21824.4,4.4,7.3,313.5,-53.7,0.0,42.4,0x20,405.002,15.3,1125,-1,2.3,,
2026-08-05T12:29:28.000Z,M20-403-2-02820,1469968168,43.83657,4.67519,21829.8,6.3,7.7,314.6,-53.7,0.0,42.4,0x20,405.002,15.3,1500,-1,2.3,,
2026-08-05T12:29:29.000Z,M20-403-2-02820,1469968169,43.83662,4.67511,21835.2,4.5,8.3,311.2,-53.7,0.0,42.4,0x20,405.002,17.2,1125,-1,2.3,,
2026-08-05T12:29:30.000Z,M20-403-2-02820,1469968170,43.83667,4.67504,21840.7,6.5,8.3,312.4,-53.7,0.0,42.3,0x20,405.002,17.2,1500,-1,2.3,,
2026-08-05T12:29:31.000Z,M20-403-2-02820,1469968171,43.83672,4.67497,21846.4,5.0,7.5,315.4,-53.7,0.0,42.3,0x20,405.002,17.6,1500,-1,2.3,,
2026-08-05T12:29:32.000Z,M20-403-2-02820,1469968172,43.83676,4.67490,21851.6,5.3,6.8,309.4,-53.6,0.0,42.2,0x20,405.002,17.6,1500,-1,2.3,,
2026-08-05T12:29:33.000Z,M20-403-2-02820,1469968173,43.83679,4.67483,21857.2,6.1,7.4,291.8,-53.7,0.0,42.2,0x20,405.002,15.8,1500,-1,2.3,,
2026-08-05T12:29:34.000Z,M20-403-2-02820,1469968174,43.83682,4.67473,21862.0,3.7,9.6,285.1,-53.7,0.0,42.2,0x20,405.002,15.4,1125,-1,2.3,,
2026-08-05T12:29:35.000Z,M20-403-2-02820,1469968175,43.83684,4.67461,21866.1,4.5,10.0,285.6,-53.7,0.0,42.1,0x20,405.002,15.4,1125,-1,2.3,,
2026-08-05T12:29:36.000Z,M20-403-2-02820,1469968176,43.83686,4.67450,21871.4,6.1,8.7,290.6,-53.7,0.0,42.1,0x20,405.002,5.8,1125,-1,2.3,,
2026-08-05T12:29:37.000Z,M20-403-2-02820,1469968177,43.83689,4.67441,21877.0,4.7,7.7,299.0,-53.7,0.0,42.1,0x20,405.002,3.9,1500,-1,2.3,,
2026-08-05T12:29:38.000Z,M20-403-2-02820,1469968178,43.83693,4.67433,21882.0,5.3,7.4,305.0,-53.6,0.0,42.0,0x20,405.002,7.3,1500,-1,2.3,,
2026-08-05T12:29:39.000Z,M20-403-2-02820,1469968179,43.83697,4.67425,21887.8,6.3,7.5,298.6,-53.6,0.0,42.0,0x20,405.002,13.3,1500,-1,2.3,,
2026-08-05T12:29:40.000Z,M20-403-2-02820,1469968180,43.83699,4.67416,21893.2,4.5,8.4,285.8,-53.5,0.0,41.9,0x20,405.002,13.3,1500,-1,2.3,,
2026-08-05T12:29:41.000Z,M20-403-2-02820,1469968181,43.83701,4.67406,21897.3,3.7,8.7,282.9,-53.5,0.0,41.9,0x20,405.002,16.6,1125,-1,2.3,,
2026-08-05T12:29:42.000Z,M20-403-2-02820,1469968182,43.83703,4.67395,21902.2,6.0,8.9,287.7,-53.5,0.0,41.9,0x20,405.002,17.6,1500,-1,2.3,,
2026-08-05T12:29:43.000Z,M20-403-2-02820,1469968183,43.83706,4.67385,21907.3,4.5,8.6,296.7,-53.6,0.0,41.8,0x20,405.002,17.6,1500,-1,2.3,,
2026-08-05T12:29:44.000Z,M20-403-2-02820,1469968184,43.83710,4.67375,21912.2,5.2,8.9,297.7,-53.6,0.0,41.8,0x20,405.002,15.1,1500,-1,2.3,,
2026-08-05T12:29:45.000Z,M20-403-2-02820,1469968185,43.83713,4.67365,21918.0,6.3,9.5,289.6,-53.6,0.0,41.8,0x20,405.002,15.3,1125,-1,2.3,,
2026-08-05T12:29:46.000Z,M20-403-2-02820,1469968186,43.83716,4.67353,21923.9,5.5,10.5,279.7,-53.6,0.0,41.8,0x20,405.002,15.3,1125,-1,2.3,,
2026-08-05T12:29:47.000Z,M20-403-2-02820,1469968187,43.83717,4.67340,21928.6,4.0,10.8,275.8,-53.6,0.0,41.7,0x20,405.002,14.9,1500,-1,2.3,,
2026-08-05T12:29:48.000Z,M20-403-2-02820,1469968188,43.83718,4.67327,21933.4,5.2,10.0,280.4,-53.6,0.0,41.7,0x20,405.002,14.4,1500,-1,2.3,,
2026-08-05T12:29:49.000Z,M20-403-2-02820,1469968189,43.83720,4.67316,21938.9,5.5,8.8,287.9,-53.7,0.0,41.6,0x20,405.002,14.4,1500,-1,2.3,,
2026-08-05T12:29:50.000Z,M20-403-2-02820,1469968190,43.83723,4.67306,21943.7,4.2,8.4,291.2,-53.7,0.0,41.6,0x20,405.002,8.5,1500,-1,2.3,,
2026-08-05T12:29:51.000Z,M20-403-2-02820,1469968191,43.83725,4.67295,21949.0,6.3,8.9,282.3,-53.6,0.0,41.6,0x20,405.002,3.4,1125,-1,2.3,,
2026-08-05T12:29:52.000Z,M20-403-2-02820,1469968192,43.83726,4.67283,21954.6,5.0,10.4,272.0,-53.6,0.0,41.5,0x20,405.002,7.9,1500,-1,2.3,,
2026-08-05T12:29:53.000Z,M20-403-2-02820,1469968193,43.83726,4.67269,21958.9,3.5,12.3,268.7,-53.5,0.0,41.5,0x20,405.002,14.0,1500,-1,2.3,,
2026-08-05T12:29:54.000Z,M20-403-2-02820,1469968194,43.83727,4.67254,21963.6,6.0,13.0,275.1,-53.5,0.0,41.5,0x20,405.002,16.1,1500,-1,2.3,,
2026-08-05T12:29:55.000Z,M20-403-2-02820,1469968195,43.83728,4.67238,21969.1,4.8,12.4,280.1,-53.4,0.0,41.4,0x20,405.002,16.1,1500,-1,2.3,,
2026-08-05T12:29:56.000Z,M20-403-2-02820,1469968196,43.83730,4.67223,21974.3,5.8,12.2,282.8,-53.4,0.0,41.4,0x20,405.002,15.8,1500,-1,2.3,,
2026-08-05T12:29:57.000Z,M20-403-2-02820,1469968197,43.83733,4.67209,21980.2,5.8,12.0,280.8,-53.4,0.0,41.3,0x20,405.002,15.8,1500,-1,2.3,,
2026-08-05T12:29:58.000Z,M20-403-2-02820,1469968198,43.83735,4.67194,21985.5,4.7,11.7,279.3,-53.4,0.0,41.3,0x20,405.002,15.9,1500,-1,2.3,,
2026-08-05T12:29:59.000Z,M20-403-2-02820,1469968199,43.83737,4.67181,21990.7,5.9,10.2,283.0,-53.4,0.0,41.3,0x20,405.002,15.9,1500,-1,2.3,,
2026-08-05T12:30:00.000Z,M20-403-2-02820,1469968200,43.83739,4.67169,21995.5,3.6,9.3,288.5,-53.3,0.0,41.2,0x20,405.002,15.8,1125,-1,2.3,,
2026-08-05T12:30:01.000Z,M20-403-2-02820,1469968201,43.83742,4.67158,22000.0,5.6,10.7,290.9,-53.3,0.0,41.2,0x20,405.002,14.5,1500,-1,2.3,,
2026-08-05T12:30:02.000Z,M20-403-2-02820,1469968202,43.83746,4.67144,22005.5,5.5,13.3,288.4,-53.4,0.0,41.2,0x20,405.002,4.0,1125,-1,2.3,,
2026-08-05T12:30:03.000Z,M20-403-2-02820,1469968203,43.83749,4.67127,22010.5,4.4,14.9,282.4,-53.3,0.0,41.1,0x20,405.002,3.6,1500,-1,2.3,,
2026-08-05T12:30:04.000Z,M20-403-2-02820,1469968204,43.83752,4.67108,22016.0,6.3,15.5,281.4,-53.4,0.0,41.1,0x20,405.002,7.8,1500,-1,2.3,,
2026-08-05T12:30:05.000Z,M20-403-2-02820,1469968205,43.83754,4.67091,22021.5,4.5,14.1,283.2,-53.4,0.0,41.0,0x20,405.002,12.4,1125,-1,2.3,,
2026-08-05T12:30:06.000Z,M20-403-2-02820,1469968206,43.83757,4.67074,22026.6,5.7,13.6,281.7,-53.4,0.0,41.0,0x20,405.002,17.3,1500,-1,2.3,,
2026-08-05T12:30:07.000Z,M20-403-2-02820,1469968207,43.83760,4.67057,22032.1,5.3,13.8,280.3,-53.3,0.0,41.0,0x20,405.002,17.3,1500,-1,2.3,,
2026-08-05T12:30:08.000Z,M20-403-2-02820,1469968208,43.83762,4.67041,22037.4,5.2,13.9,280.0,-53.3,0.0,40.9,0x20,405.002,15.4,1500,-1,2.3,,
2026-08-05T12:30:09.000Z,M20-403-2-02820,1469968209,43.83764,4.67025,22042.7,5.2,12.7,285.3,-53.2,0.0,40.9,0x20,405.002,15.4,1500,-1,2.3,,
2026-08-05T12:30:10.000Z,M20-403-2-02820,1469968210,43.83768,4.67011,22048.4,6.3,11.4,295.6,-53.2,0.0,40.9,0x20,405.002,15.2,1500,-1,2.3,,
2026-08-05T12:30:11.000Z,M20-403-2-02820,1469968211,43.83773,4.66999,22053.7,4.2,11.2,304.1,-53.2,0.0,40.8,0x20,405.002,15.6,1500,-1,2.3,,
2026-08-05T12:30:12.000Z,M20-403-2-02820,1469968212,43.83779,4.66987,22058.2,4.9,12.2,305.7,-53.2,0.0,40.8,0x20,405.002,15.6,1500,-1,2.3,,
2026-08-05T12:30:13.000Z,M20-403-2-02820,1469968213,43.83785,4.66973,22064.2,7.3,14.0,297.8,-53.1,0.0,40.8,0x20,405.002,14.1,1500,-1,2.3,,
2026-08-05T12:30:14.000Z,M20-403-2-02820,1469968214,43.83791,4.66957,22069.9,4.1,15.4,292.0,-53.1,0.0,40.7,0x20,405.002,14.1,1125,-1,2.3,,
2026-08-05T12:30:15.000Z,M20-403-2-02820,1469968215,43.83796,4.66939,22074.9,6.1,15.6,287.3,-53.0,0.0,40.7,0x20,405.002,4.7,1125,-1,2.3,,
2026-08-05T12:30:16.000Z,M20-403-2-02820,1469968216,43.83799,4.66921,22080.9,6.3,14.0,287.6,-53.0,0.0,40.6,0x20,405.002,3.0,1125,-1,2.3,,
2026-08-05T12:30:17.000Z,M20-403-2-02820,1469968217,43.83803,4.66906,22086.5,5.0,12.7,291.0,-52.9,0.0,40.6,0x20,405.002,3.0,1125,-1,2.3,,
2026-08-05T12:30:18.000Z,M20-403-2-02820,1469968218,43.83807,4.66891,22091.9,6.2,12.2,289.2,-53.0,0.0,40.6,0x20,405.002,14.3,1500,-1,2.3,,
2026-08-05T12:30:19.000Z,M20-403-2-02820,1469968219,43.83811,4.66877,22097.1,4.3,12.3,288.2,-53.0,0.0,40.5,0x20,405.002,14.3,1500,-1,2.3,,
2026-08-05T12:30:20.000Z,M20-403-2-02820,1469968220,43.83815,4.66862,22102.4,6.4,12.5,294.6,-53.0,0.0,40.5,0x20,405.002,14.6,1500,-1,2.3,,
2026-08-05T12:30:21.000Z,M20-403-2-02820,1469968221,43.83821,4.66849,22108.1,5.3,12.7,304.0,-53.0,0.0,40.5,0x20,405.002,15.0,1500,-1,2.3,,
2026-08-05T12:30:22.000Z,M20-403-2-02820,1469968222,43.83828,4.66836,22112.7,4.2,13.2,310.4,-53.1,0.0,40.4,0x20,405.002,16.4,1500,-1,2.3,,
2026-08-05T12:30:23.000Z,M20-403-2-02820,1469968223,43.83835,4.66823,22117.5,5.6,13.6,308.0,-53.0,0.0,40.4,0x20,405.002,16.4,1500,-1,2.3,,
2026-08-05T12:30:24.000Z,M20-403-2-02820,1469968224,43.83842,4.66809,22123.2,6.1,14.0,297.6,-53.1,0.0,40.4,0x20,405.002,16.5,1500,-1,2.3,,
2026-08-05T12:30:25.000Z,M20-403-2-02820,1469968225,43.83847,4.66793,22128.0,3.6,14.2,291.0,-53.1,0.0,40.3,0x20,405.002,16.5,1125,-1,2.3,,
2026-08-05T12:30:26.000Z,M20-403-2-02820,1469968226,43.83851,4.66777,22132.3,4.9,13.7,288.5,-53.1,0.0,40.3,0x20,405.002,14.2,1500,-1,2.3,,
2026-08-05T12:30:27.000Z,M20-403-2-02820,1469968227,43.83856,4.66762,22138.2,7.1,12.4,295.3,-53.2,0.0,40.3,0x20,405.002,14.2,1125,-1,2.3,,
2026-08-05T12:30:28.000Z,M20-403-2-02820,1469968228,43.83861,4.66748,22144.3,5.0,12.2,303.8,-53.3,0.0,40.2,0x20,405.002,4.2,1125,-1,2.3,,
2026-08-05T12:30:29.000Z,M20-403-2-02820,1469968229,43.83868,4.66736,22150.1,6.6,12.6,309.2,-53.3,0.0,40.2,0x20,405.002,3.7,1125,-1,2.3,,
2026-08-05T12:30:30.000Z,M20-403-2-02820,1469968230,43.83875,4.66723,22155.6,4.6,13.6,306.7,-53.3,0.0,40.1,0x20,405.002,3.8,1500,-1,2.3,,
2026-08-05T12:30:31.000Z,M20-403-2-02820,1469968231,43.83883,4.66709,22160.6,5.2,14.8,308.5,-53.2,0.0,40.1,0x20,405.002,8.4,1125,-1,2.3,,
2026-08-05T12:30:32.000Z,M20-403-2-02820,1469968232,43.83892,4.66695,22166.0,5.7,16.3,312.9,-53.3,0.0,40.1,0x20,405.002,15.2,1500,-1,2.3,,
2026-08-05T12:30:33.000Z,M20-403-2-02820,1469968233,43.83902,4.66681,22171.2,4.5,16.0,314.6,-53.2,0.0,40.0,0x20,405.002,15.2,1500,-1,2.3,,
2026-08-05T12:30:34.000Z,M20-403-2-02820,1469968234,43.83911,4.66666,22176.9,7.0,15.2,309.4,-53.2,0.0,40.0,0x20,405.002,16.3,1500,-1,2.3,,
2026-08-05T12:30:35.000Z,M20-403-2-02820,1469968235,43.83919,4.66651,22182.7,4.5,14.5,300.5,-53.2,0.0,40.0,0x20,405.002,16.3,1500,-1,2.3,,
2026-08-05T12:30:36.000Z,M20-403-2-02820,1469968236,43.83925,4.66636,22187.5,5.0,13.4,297.0,-53.1,0.0,39.9,0x20,405.002,15.6,1500,-1,2.3,,
2026-08-05T12:30:37.000Z,M20-403-2-02820,1469968237,43.83931,4.66622,22193.5,7.0,12.2,302.8,-53.1,0.0,39.9,0x20,405.002,15.6,1500,-1,2.3,,
2026-08-05T12:30:38.000Z,M20-403-2-02820,1469968238,43.83937,4.66610,22199.2,4.6,12.2,311.5,-53.2,0.0,39.9,0x20,405.002,17.0,1500,-1,2.3,,
2026-08-05T12:30:39.000Z,M20-403-2-02820,1469968239,43.83945,4.66599,22204.2,5.5,13.1,315.1,-53.2,0.0,39.8,0x20,405.002,17.0,1500,-1,2.3,,
2026-08-05T12:30:40.000Z,M20-403-2-02820,1469968240,43.83953,4.66587,22210.5,7.1,14.0,312.7,-53.2,0.0,39.8,0x20,405.002,14.4,1125,-1,2.3,,
2026-08-05T12:30:41.000Z,M20-403-2-02820,1469968241,43.83962,4.66573,22216.1,4.2,14.9,310.9,-53.2,0.0,39.7,0x20,405.002,12.3,1500,-1,2.3,,
2026-08-05T12:30:42.000Z,M20-403-2-02820,1469968242,43.83971,4.66559,22221.1,6.0,16.4,313.8,-53.2,0.0,39.7,0x20,405.002,2.3,1125,-1,2.3,,
2026-08-05T12:30:43.000Z,M20-403-2-02820,1469968243,43.83982,4.66545,22226.6,5.0,17.0,318.6,-53.3,0.0,39.7,0x20,405.002,3.2,1500,-1,2.3,,
2026-08-05T12:30:44.000Z,M20-403-2-02820,1469968244,43.83993,4.66531,22231.8,5.7,16.4,321.0,-53.3,0.0,39.6,0x20,405.002,9.5,1500,-1,2.3,,
2026-08-05T12:30:45.000Z,M20-403-2-02820,1469968245,43.84004,4.66518,22238.2,7.1,15.1,316.2,-53.4,0.0,39.6,0x20,405.002,14.8,1500,-1,2.3,,
2026-08-05T12:30:46.000Z,M20-403-2-02820,1469968246,43.84013,4.66505,22243.5,3.6,14.0,312.5,-53.3,0.0,39.5,0x20,405.002,14.8,1500,-1,2.3,,
2026-08-05T12:30:47.000Z,M20-403-2-02820,1469968247,43.84021,4.66494,22248.9,7.4,12.2,314.2,-53.4,0.0,39.5,0x20,405.002,16.4,1500,-1,2.3,,
2026-08-05T12:30:48.000Z,M20-403-2-02820,1469968248,43.84029,4.66484,22254.9,4.7,12.0,320.8,-53.4,0.0,39.5,0x20,405.002,16.4,1500,-1,2.3,,
2026-08-05T12:30:49.000Z,M20-403-2-02820,1469968249,43.84038,4.66474,22260.3,6.4,13.0,323.5,-53.4,0.0,39.4,0x20,405.002,13.7,1500,-1,2.3,,
2026-08-05T12:30:50.000Z,M20-403-2-02820,1469968250,43.84048,4.66463,22266.6,6.6,14.0,318.8,-53.4,0.0,39.4,0x20,405.002,13.7,1500,-1,2.3,,
2026-08-05T12:30:51.000Z,M20-403-2-02820,1469968251,43.84057,4.66451,22272.0,4.7,15.1,316.0,-53.4,0.0,39.4,0x20,405.002,12.5,1125,-1,2.3,,
2026-08-05T12:30:52.000Z,M20-403-2-02820,1469968252,43.84068,4.66438,22277.8,7.3,17.0,319.4,-53.4,0.0,39.3,0x20,405.002,12.5,1500,-1,2.3,,
2026-08-05T12:30:53.000Z,M20-403-2-02820,1469968253,43.84080,4.66424,22282.9,3.0,17.6,323.4,-53.5,0.0,39.3,0x20,405.002,11.3,1125,-1,2.3,,
2026-08-05T12:30:54.000Z,M20-403-2-02820,1469968254,43.84093,4.66412,22287.5,6.2,17.3,325.4,-53.5,0.0,39.3,0x20,405.002,3.6,1500,-1,2.3,,
2026-08-05T12:30:55.000Z,M20-403-2-02820,1469968255,43.84105,4.66399,22293.7,6.0,16.5,322.5,-53.5,0.0,39.2,0x20,405.002,3.0,1125,-1,2.3,,
2026-08-05T12:30:56.000Z,M20-403-2-02820,1469968256,43.84116,4.66387,22299.3,5.2,15.6,319.6,-53.5,0.0,39.2,0x20,405.002,3.0,1125,-1,2.3,,
2026-08-05T12:30:57.000Z,M20-403-2-02820,1469968257,43.84127,4.66375,22304.5,5.4,14.1,321.5,-53.5,0.0,39.1,0x20,405.002,13.7,1500,-1,2.3,,
2026-08-05T12:30:58.000Z,M20-403-2-02820,1469968258,43.84137,4.66365,22310.0,5.6,14.2,329.6,-53.5,0.0,39.1,0x20,405.002,14.9,1500,-1,2.3,,
2026-08-05T12:30:59.000Z,M20-403-2-02820,1469968259,43.84149,4.66357,22315.6,5.8,14.6,332.9,-53.5,0.0,39.1,0x20,405.002,14.9,1500,-1,2.3,,
2026-08-05T12:31:00.000Z,M20-403-2-02820,1469968260,43.84160,4.66348,22321.7,6.8,15.5,329.8,-53.5,0.0,39.0,0x20,405.002,15.4,1875,-1,2.3,,
2026-08-05T12:31:01.000Z,M20-403-2-02820,1469968261,43.84172,4.66337,22327.3,4.2,16.0,324.5,-53.5,0.0,39.0,0x20,405.002,15.4,1500,-1,2.3,,
2026-08-05T12:31:02.000Z,M20-403-2-02820,1469968262,43.84184,4.66325,22332.1,5.8,17.4,323.7,-53.5,0.0,39.0,0x20,405.002,16.5,1500,-1,2.3,,
2026-08-05T12:31:03.000Z,M20-403-2-02820,1469968263,43.84197,4.66313,22337.6,5.4,17.7,326.2,-53.6,0.0,38.9,0x20,405.002,16.5,1500,-1,2.3,,
2026-08-05T12:31:04.000Z,M20-403-2-02820,1469968264,43.84211,4.66301,22342.4,4.6,17.9,329.0,-53.5,0.0,38.9,0x20,405.002,13.5,1500,-1,2.3,,
2026-08-05T12:31:05.000Z,M20-403-2-02820,1469968265,43.84224,4.66289,22348.3,7.3,17.2,326.6,-53.6,0.0,38.9,0x20,405.002,13.5,1500,-1,2.3,,
2026-08-05T12:31:06.000Z,M20-403-2-02820,1469968266,43.84237,4.66277,22353.8,3.8,16.3,323.7,-53.5,0.0,38.8,0x20,405.002,15.9,1125,-1,2.3,,
2026-08-05T12:31:07.000Z,M20-403-2-02820,1469968267,43.84248,4.66266,22358.9,6.7,14.6,324.8,-53.5,0.0,38.8,0x20,405.002,15.9,1500,-1,2.3,,
2026-08-05T12:31:08.000Z,M20-403-2-02820,1469968268,43.84258,4.66257,22364.7,5.1,13.4,331.6,-53.5,0.0,38.8,0x20,405.002,3.2,1875,-1,2.3,,
2026-08-05T12:31:09.000Z,M20-403-2-02820,1469968269,43.84269,4.66249,22369.5,4.7,12.8,334.2,-53.5,0.0,38.7,0x20,405.002,2.6,1500,-1,2.3,,
2026-08-05T12:31:10.000Z,M20-403-2-02820,1469968270,43.84279,4.66242,22375.2,6.4,12.6,332.4,-53.4,0.0,38.7,0x20,405.002,10.7,1875,-1,2.3,,
2026-08-05T12:31:11.000Z,M20-403-2-02820,1469968271,43.84289,4.66234,22380.8,4.8,13.1,325.4,-53.4,0.0,38.6,0x20,405.002,11.1,1875,-1,2.3,,
2026-08-05T12:31:12.000Z,M20-403-2-02820,1469968272,43.84299,4.66224,22386.2,5.8,15.0,325.1,-53.4,0.0,38.6,0x20,405.002,14.7,1500,-1,2.3,,
2026-08-05T12:31:13.000Z,M20-403-2-02820,1469968273,43.84311,4.66213,22392.0,5.8,17.0,329.3,-53.4,0.0,38.6,0x20,405.002,14.7,1875,-1,2.3,,
2026-08-05T12:31:14.000Z,M20-403-2-02820,1469968274,43.84325,4.66202,22396.9,4.3,18.4,330.5,-53.4,0.0,38.5,0x20,405.002,15.7,1875,-1,2.3,,
2026-08-05T12:31:15.000Z,M20-403-2-02820,1469968275,43.84339,4.66191,22402.6,6.9,18.9,328.6,-53.3,0.0,38.5,0x20,405.002,15.7,1500,-1,2.3,,
2026-08-05T12:31:16.000Z,M20-403-2-02820,1469968276,43.84353,4.66178,22408.1,3.9,18.2,324.5,-53.4,0.0,38.5,0x20,405.002,16.1,1500,-1,2.3,,
2026-08-05T12:31:17.000Z,M20-403-2-02820,1469968277,43.84366,4.66166,22413.3,6.2,16.1,325.8,-53.3,0.0,38.4,0x20,405.002,16.1,1500,-1,2.3,,
2026-08-05T12:31:18.000Z,M20-403-2-02820,1469968278,43.84378,4.66156,22419.3,5.8,14.7,332.4,-53.4,0.0,38.4,0x20,405.002,15.3,1500,-1,2.3,,
2026-08-05T12:31:19.000Z,M20-403-2-02820,1469968279,43.84389,4.66149,22424.5,4.6,13.5,340.0,-53.4,0.0,38.4,0x20,405.002,15.3,1875,-1,2.3,,
2026-08-05T12:31:20.000Z,M20-403-2-02820,1469968280,43.84400,4.66143,22429.8,5.6,12.3,338.7,-53.4,0.0,38.3,0x20,405.002,11.0,1875,-1,2.3,,
2026-08-05T12:31:21.000Z,M20-403-2-02820,1469968281,43.84410,4.66137,22435.6,5.8,12.0,332.0,-53.4,0.0,38.3,0x20,405.002,3.0,1875,-1,2.3,,
2026-08-05T12:31:22.000Z,M20-403-2-02820,1469968282,43.84419,4.66129,22440.7,4.5,12.6,326.2,-53.4,0.0,38.3,0x20,405.002,3.0,1875,-1,2.3,,
2026-08-05T12:31:23.000Z,M20-403-2-02820,1469968283,43.84429,4.66120,22446.2,6.0,13.6,327.9,-53.4,0.0,38.2,0x20,405.002,12.4,1875,-1,2.3,,
2026-08-05T12:31:24.000Z,M20-403-2-02820,1469968284,43.84440,4.66112,22452.3,5.8,14.7,333.1,-53.4,0.0,38.2,0x20,405.002,13.7,1875,-1,2.3,,
2026-08-05T12:31:25.000Z,M20-403-2-02820,1469968285,43.84452,4.66103,22457.7,5.1,15.1,334.2,-53.4,0.0,38.1,0x20,405.002,13.7,1500,-1,2.3,,
2026-08-05T12:31:26.000Z,M20-403-2-02820,1469968286,43.84464,4.66095,22463.7,6.7,14.7,329.8,-53.4,0.0,38.1,0x20,405.002,13.4,1875,-1,2.3,,
2026-08-05T12:31:27.000Z,M20-403-2-02820,1469968287,43.84475,4.66085,22469.5,4.9,13.6,324.5,-53.4,0.0,38.1,0x20,405.002,13.9,1875,-1,2.3,,
2026-08-05T12:31:28.000Z,M20-403-2-02820,1469968288,43.84484,4.66076,22474.4,4.8,11.9,321.8,-53.3,0.0,38.0,0x20,405.002,13.9,1875,-1,2.3,,
2026-08-05T12:31:29.000Z,M20-403-2-02820,1469968289,43.84492,4.66068,22479.7,5.9,10.3,329.1,-53.4,0.0,38.0,0x20,405.002,17.4,1875,-1,2.3,,
2026-08-05T12:31:30.000Z,M20-403-2-02820,1469968290,43.84499,4.66063,22485.2,5.0,9.0,339.5,-53.3,0.0,38.0,0x20,405.002,17.4,1875,-1,2.3,,
2026-08-05T12:31:31.000Z,M20-403-2-02820,1469968291,43.84507,4.66059,22490.5,5.2,8.7,344.3,-53.3,0.0,37.9,0x20,405.002,17.8,1875,-1,2.3,,
2026-08-05T12:31:32.000Z,M20-403-2-02820,1469968292,43.84514,4.66056,22496.2,6.2,8.5,336.9,-53.2,0.0,37.9,0x20,405.002,17.8,1875,-1,2.3,,
2026-08-05T12:31:33.000Z,M20-403-2-02820,1469968293,43.84521,4.66050,22501.9,5.2,9.1,325.9,-53.2,0.0,37.9,0x20,405.002,10.0,1875,-1,2.3,,
2026-08-05T12:31:34.000Z,M20-403-2-02820,1469968294,43.84528,4.66043,22507.0,4.4,9.8,320.4,-53.0,0.0,37.8,0x20,405.002,3.9,1875,-1,2.3,,
2026-08-05T12:31:35.000Z,M20-403-2-02820,1469968295,43.84535,4.66036,22512.0,5.8,10.5,324.3,-53.0,0.0,37.8,0x20,405.002,3.0,1875,-1,2.3,,
2026-08-05T12:31:36.000Z,M20-403-2-02820,1469968296,43.84543,4.66029,22517.7,5.9,11.1,331.2,-53.0,0.0,37.8,0x20,405.002,8.9,1875,-1,2.3,,
2026-08-05T12:31:37.000Z,M20-403-2-02820,1469968297,43.84552,4.66022,22522.9,4.4,11.9,334.3,-52.9,0.0,37.7,0x20,405.002,13.2,1875,-1,2.3,,
2026-08-05T12:31:38.000Z,M20-403-2-02820,1469968298,43.84562,4.66015,22528.0,5.7,12.5,329.7,-52.9,0.0,37.7,0x20,405.002,13.2,1875,-1,2.3,,
2026-08-05T12:31:39.000Z,M20-403-2-02820,1469968299,43.84571,4.66007,22534.1,6.6,12.2,320.7,-52.9,0.0,37.7,0x20,405.002,11.8,1875,-1,2.3,,
2026-08-05T12:31:40.000Z,M20-403-2-02820,1469968300,43.84579,4.65997,22540.0,5.1,11.1,313.6,-52.8,0.0,37.6,0x20,405.002,15.6,1875,-1,2.3,,
2026-08-05T12:31:41.000Z,M20-403-2-02820,1469968301,43.84585,4.65988,22546.2,7.2,8.7,311.7,-52.8,0.0,37.6,0x20,405.002,15.6,1875,-1,2.3,,
2026-08-05T12:31:42.000Z,M20-403-2-02820,1469968302,43.84590,4.65981,22551.7,4.1,7.3,318.0,-52.8,0.0,37.6,0x20,405.002,14.8,1875,-1,2.3,,
2026-08-05T12:31:43.000Z,M20-403-2-02820,1469968303,43.84594,4.65975,22557.5,7.3,5.9,318.7,-52.6,0.0,37.5,0x20,405.002,14.8,1875,-1,2.3,,
2026-08-05T12:31:44.000Z,M20-403-2-02820,1469968304,43.84598,4.65970,22563.7,5.3,6.3,307.9,-52.5,0.0,37.5,0x20,405.002,14.8,1875,-1,2.3,,
2026-08-05T12:31:45.000Z,M20-403-2-02820,1469968305,43.84602,4.65963,22568.2,3.8,7.6,307.6,-52.3,0.0,37.5,0x20,405.002,14.8,1875,-1,2.3,,
2026-08-05T12:31:46.000Z,M20-403-2-02820,1469968306,43.84607,4.65956,22573.2,6.2,9.7,318.1,-52.4,0.0,37.4,0x20,405.002,11.2,1875,-1,2.3,,
2026-08-05T12:31:47.000Z,M20-403-2-02820,1469968307,43.84614,4.65948,22578.8,5.0,11.1,325.5,-52.3,0.0,37.4,0x20,405.002,3.8,1875,-1,2.3,,
2026-08-05T12:31:48.000Z,M20-403-2-02820,1469968308,43.84623,4.65939,22583.9,5.2,13.0,324.5,-52.3,0.0,37.4,0x20,405.002,3.5,1875,-1,2.3,,
2026-08-05T12:31:49.000Z,M20-403-2-02820,1469968309,43.84632,4.65929,22590.1,7.1,12.7,315.0,-52.3,0.0,37.3,0x20,405.002,4.4,1875,-1,2.3,,
2026-08-05T12:31:50.000Z,M20-403-2-02820,1469968310,43.84639,4.65918,22596.4,5.4,11.9,306.5,-52.3,0.0,37.3,0x20,405.002,13.3,1875,-1,2.3,,
2026-08-05T12:31:51.000Z,M20-403-2-02820,1469968311,43.84645,4.65906,22601.4,4.7,10.6,300.7,-52.3,0.0,37.2,0x20,405.002,13.3,1875,-1,2.3,,
2026-08-05T12:31:52.000Z,M20-403-2-02820,1469968312,43.84650,4.65896,22607.1,6.5,9.0,302.2,-52.3,0.0,37.2,0x20,405.002,14.9,1875,-1,2.3,,
2026-08-05T12:31:53.000Z,M20-403-2-02820,1469968313,43.84654,4.65887,22612.7,4.7,8.5,307.3,-52.2,0.0,37.2,0x20,405.002,14.9,1875,-1,2.3,,
2026-08-05T12:31:54.000Z,M20-403-2-02820,1469968314,43.84659,4.65878,22617.9,5.9,8.1,306.9,-52.3,0.0,37.1,0x20,405.002,15.4,1875,-1,2.3,,
2026-08-05T12:31:55.000Z,M20-403-2-02820,1469968315,43.84662,4.65870,22624.2,6.5,7.8,293.7,-52.3,0.0,37.1,0x20,405.002,15.4,1875,-1,2.3,,
2026-08-05T12:31:56.000Z,M20-403-2-02820,1469968316,43.84665,4.65860,22630.1,5.7,8.9,292.3,-52.3,0.0,37.1,0x20,405.002,12.8,1875,-1,2.3,,
2026-08-05T12:31:57.000Z,M20-403-2-02820,1469968317,43.84669,4.65850,22636.0,6.0,10.2,298.6,-52.2,0.0,37.0,0x20,405.002,12.8,1875,-1,2.3,,
2026-08-05T12:31:58.000Z,M20-403-2-02820,1469968318,43.84675,4.65838,22641.6,5.3,12.2,309.9,-52.3,0.0,37.0,0x20,405.002,13.9,1875,-1,2.3,,
2026-08-05T12:31:59.000Z,M20-403-2-02820,1469968319,43.84682,4.65826,22646.7,5.0,13.1,311.8,-52.3,0.0,37.0,0x20,405.002,13.9,1875,-1,2.3,,
2026-08-05T12:32:00.000Z,M20-403-2-02820,1469968320,43.84689,4.65814,22652.4,6.7,13.2,304.8,-52.3,0.0,36.9,0x20,405.002,4.0,1875,-1,2.3,,
2026-08-05T12:32:01.000Z,M20-403-2-02820,1469968321,43.84695,4.65800,22658.3,4.8,12.3,296.3,-52.3,0.0,36.9,0x20,405.002,3.3,1875,-1,2.3,,
2026-08-05T12:32:02.000Z,M20-403-2-02820,1469968322,43.84699,4.65786,22663.3,5.0,11.7,287.0,-52.3,0.0,36.9,0x20,405.002,10.5,1875,-1,2.3,,
2026-08-05T12:32:03.000Z,M20-403-2-02820,1469968323,43.84702,4.65773,22668.6,5.4,11.1,286.7,-52.3,0.0,36.8,0x20,405.002,11.4,1875,-1,2.3,,
2026-08-05T12:32:04.000Z,M20-403-2-02820,1469968324,43.84705,4.65760,22673.6,4.8,11.1,289.2,-52.1,0.0,36.8,0x20,405.002,12.0,1875,-1,2.3,,
2026-08-05T12:32:05.000Z,M20-403-2-02820,1469968325,43.84708,4.65747,22679.2,6.4,11.3,285.1,-52.0,0.0,36.8,0x20,405.002,12.0,1875,-1,2.3,,
2026-08-05T12:32:06.000Z,M20-403-2-02820,1469968326,43.84710,4.65733,22684.7,4.6,11.3,281.5,-51.9,0.0,36.7,0x20,405.002,13.5,1875,-1,2.3,,
2026-08-05T12:32:07.000Z,M20-403-2-02820,1469968327,43.84713,4.65720,22690.0,5.7,10.9,287.1,-51.8,0.0,36.7,0x20,405.002,13.5,1875,-1,2.3,,
2026-08-05T12:32:08.000Z,M20-403-2-02820,1469968328,43.84717,4.65707,22695.6,5.3,11.0,299.4,-51.7,0.0,36.6,0x20,405.002,11.8,1875,-1,2.3,,
2026-08-05T12:32:09.000Z,M20-403-2-02820,1469968329,43.84722,4.65696,22700.5,4.5,10.9,309.9,-51.6,0.0,36.6,0x20,405.002,11.8,1875,-1,2.3,,
2026-08-05T12:32:10.000Z,M20-403-2-02820,1469968330,43.84728,4.65686,22705.5,5.5,10.0,311.4,-51.6,0.0,36.6,0x20,405.002,16.4,1875,-1,2.3,,
2026-08-05T12:32:11.000Z,M20-403-2-02820,1469968331,43.84733,4.65677,22711.6,6.4,8.8,299.4,-51.5,0.0,36.6,0x20,405.002,16.4,1875,-1,2.3,,
2026-08-05T12:32:12.000Z,M20-403-2-02820,1469968332,43.84736,4.65667,22717.0,4.5,9.2,288.5,-51.5,0.0,36.5,0x20,405.002,10.0,1875,-1,2.3,,
2026-08-05T12:32:13.000Z,M20-403-2-02820,1469968333,43.84739,4.65655,22722.2,5.9,10.6,283.8,-51.4,0.0,36.5,0x20,405.002,5.4,1875,-1,2.3,,
2026-08-05T12:32:14.000Z,M20-403-2-02820,1469968334,43.84742,4.65641,22728.3,6.0,11.8,289.7,-51.4,0.0,36.5,0x20,405.002,3.7,1875,-1,2.3,,
2026-08-05T12:32:15.000Z,M20-403-2-02820,1469968335,43.84746,4.65627,22733.4,4.2,13.0,292.3,-51.4,0.0,36.4,0x20,405.002,4.4,1875,-1,2.3,,
2026-08-05T12:32:16.000Z,M20-403-2-02820,1469968336,43.84750,4.65612,22738.6,6.4,13.6,290.9,-51.4,0.0,36.4,0x20,405.002,13.5,1875,-1,2.3,,
2026-08-05T12:32:17.000Z,M20-403-2-02820,1469968337,43.84754,4.65596,22744.1,4.7,13.0,287.3,-51.4,0.0,36.4,0x20,405.002,13.5,1875,-1,2.3,,
2026-08-05T12:32:18.000Z,M20-403-2-02820,1469968338,43.84757,4.65581,22749.8,6.3,12.1,289.6,-51.5,0.0,36.3,0x20,405.002,17.1,1875,-1,2.3,,
2026-08-05T12:32:19.000Z,M20-403-2-02820,1469968339,43.84762,4.65568,22755.9,5.9,11.3,299.7,-51.5,0.0,36.3,0x20,405.002,17.1,1875,-1,2.3,,
2026-08-05T12:32:20.000Z,M20-403-2-02820,1469968340,43.84767,4.65556,22760.8,3.7,11.3,305.6,-51.5,0.0,36.2,0x20,405.002,14.9,1875,-1,2.3,,
2026-08-05T12:32:21.000Z,M20-403-2-02820,1469968341,43.84773,4.65546,22766.3,7.0,9.6,306.2,-51.6,0.0,36.2,0x20,405.002,14.9,1875,-1,2.3,,
2026-08-05T12:32:22.000Z,M20-403-2-02820,1469968342,43.84777,4.65536,22772.0,4.1,8.8,298.0,-51.6,0.0,36.2,0x20,405.002,15.0,1875,-1,2.3,,
2026-08-05T12:32:23.000Z,M20-403-2-02820,1469968343,43.84781,4.65526,22777.5,6.8,9.8,290.9,-51.6,0.0,36.2,0x20,405.002,15.0,1875,-1,2.3,,
2026-08-05T12:32:24.000Z,M20-403-2-02820,1469968344,43.84784,4.65514,22783.9,5.7,11.3,293.3,-51.6,0.0,36.1,0x20,405.002,14.4,1875,-1,2.3,,
2026-08-05T12:32:25.000Z,M20-403-2-02820,1469968345,43.84789,4.65500,22788.7,4.1,12.9,294.7,-51.6,0.0,36.1,0x20,405.002,14.4,1875,-1,2.3,,
2026-08-05T12:32:26.000Z,M20-403-2-02820,1469968346,43.84793,4.65485,22793.9,6.3,13.9,288.7,-51.6,0.0,36.0,0x20,405.002,3.5,1875,-1,2.3,,
2026-08-05T12:32:27.000Z,M20-403-2-02820,1469968347,43.84797,4.65468,22799.4,4.4,13.7,284.6,-51.6,0.0,36.0,0x20,405.002,3.1,1875,-1,2.3,,
2026-08-05T12:32:28.000Z,M20-403-2-02820,1469968348,43.84800,4.65452,22805.1,6.8,13.9,287.5,-51.7,0.0,36.0,0x20,405.002,11.4,1875,-1,2.3,,
2026-08-05T12:32:29.000Z,M20-403-2-02820,1469968349,43.84804,4.65436,22811.2,5.3,13.7,293.9,-51.7,0.0,35.9,0x20,405.002,13.5,1875,-1,2.3,,
2026-08-05T12:32:30.000Z,M20-403-2-02820,1469968350,43.84810,4.65421,22816.8,5.7,13.0,299.1,-51.7,0.0,35.9,0x20,405.002,15.5,1875,-1,2.3,,
2026-08-05T12:32:31.000Z,M20-403-2-02820,1469968351,43.84815,4.65408,22823.1,6.8,11.3,299.5,-51.7,0.0,35.9,0x20,405.002,15.5,1875,-1,2.3,,
2026-08-05T12:32:32.000Z,M20-403-2-02820,1469968352,43.84819,4.65396,22828.2,3.4,10.4,294.2,-51.7,0.0,35.9,0x20,405.002,14.3,1875,-1,2.3,,
2026-08-05T12:32:33.000Z,M20-403-2-02820,1469968353,43.84823,4.65384,22833.1,6.4,10.5,294.5,-51.7,0.0,35.8,0x20,405.002,14.3,1875,-1,2.3,,
2026-08-05T12:32:34.000Z,M20-403-2-02820,1469968354,43.84828,4.65372,22839.2,5.7,11.8,299.0,-51.8,0.0,35.8,0x20,405.002,13.6,1875,-1,2.3,,
2026-08-05T12:32:35.000Z,M20-403-2-02820,1469968355,43.84833,4.65358,22844.5,4.8,13.1,300.1,-51.8,0.0,35.8,0x20,405.002,14.0,1875,-1,2.3,,
2026-08-05T12:32:36.000Z,M20-403-2-02820,1469968356,43.84839,4.65344,22849.7,5.0,13.3,296.1,-51.8,0.0,35.7,0x20,405.002,14.0,1875,-1,2.3,,
2026-08-05T12:32:37.000Z,M20-403-2-02820,1469968357,43.84843,4.65329,22855.8,6.7,12.6,291.8,-51.8,0.0,35.7,0x20,405.002,13.4,1875,-1,2.3,,
2026-08-05T12:32:38.000Z,M20-403-2-02820,1469968358,43.84847,4.65315,22861.4,4.5,11.5,289.5,-51.8,0.0,35.6,0x20,405.002,13.4,1875,-1,2.3,,
2026-08-05T12:32:39.000Z,M20-403-2-02820,1469968359,43.84851,4.65302,22866.7,6.0,11.0,294.4,-51.8,0.0,35.6,0x20,405.002,3.7,1875,-1,2.3,,
2026-08-05T12:32:40.000Z,M20-403-2-02820,1469968360,43.84856,4.65291,22872.8,6.4,11.1,306.8,-51.9,0.0,35.6,0x20,405.002,3.7,1875,-1,2.3,,
2026-08-05T12:32:41.000Z,M20-403-2-02820,1469968361,43.84862,4.65280,22878.4,4.9,11.7,312.5,-51.9,0.0,35.5,0x20,405.002,7.0,1875,-1,2.3,,
2026-08-05T12:32:42.000Z,M20-403-2-02820,1469968362,43.84869,4.65269,22884.8,7.8,11.5,311.9,-52.0,0.0,35.5,0x20,405.002,11.7,1875,-1,2.3,,
2026-08-05T12:32:43.000Z,M20-403-2-02820,1469968363,43.84875,4.65259,22890.9,4.5,10.2,304.8,-52.0,0.0,35.5,0x20,405.002,11.7,1875,-1,2.3,,
2026-08-05T12:32:44.000Z,M20-403-2-02820,1469968364,43.84880,4.65248,22895.3,4.3,10.0,301.5,-52.0,0.0,35.5,0x20,405.002,16.8,1875,-1,2.3,,
2026-08-05T12:32:45.000Z,M20-403-2-02820,1469968365,43.84885,4.65237,22900.7,6.3,10.9,303.7,-52.0,0.0,35.4,0x20,405.002,16.8,1875,-1,2.3,,
2026-08-05T12:32:46.000Z,M20-403-2-02820,1469968366,43.84891,4.65225,22906.1,4.6,11.9,304.4,-52.1,0.0,35.4,0x20,405.002,13.7,1875,-1,2.3,,
2026-08-05T12:32:47.000Z,M20-403-2-02820,1469968367,43.84897,4.65213,22912.0,7.1,11.8,300.1,-52.1,0.0,35.4,0x20,405.002,13.7,1875,-1,2.3,,
2026-08-05T12:32:48.000Z,M20-403-2-02820,1469968368,43.84901,4.65200,22918.0,4.9,11.1,294.7,-52.1,0.0,35.3,0x20,405.002,12.0,1875,-1,2.3,,
2026-08-05T12:32:49.000Z,M20-403-2-02820,1469968369,43.84905,4.65188,22923.4,6.2,10.4,294.8,-52.2,0.0,35.3,0x20,405.002,16.3,1875,-1,2.3,,
2026-08-05T12:32:50.000Z,M20-403-2-02820,1469968370,43.84910,4.65177,22929.8,6.7,10.0,302.2,-52.2,0.0,35.2,0x20,405.002,16.3,1875,-1,2.3,,
2026-08-05T12:32:51.000Z,M20-403-2-02820,1469968371,43.84915,4.65167,22935.6,5.0,10.1,313.5,-52.2,0.0,35.2,0x20,405.002,16.3,1875,-1,2.3,,
2026-08-05T12:32:52.000Z,M20-403-2-02820,1469968372,43.84921,4.65159,22941.5,6.8,8.9,319.3,-52.2,0.0,35.2,0x20,405.002,4.3,1875,-1,2.3,,
2026-08-05T12:32:53.000Z,M20-403-2-02820,1469968373,43.84927,4.65152,22946.8,4.1,7.5,317.4,-52.3,0.0,35.1,0x20,405.002,3.3,1875,-1,2.3,,
2026-08-05T12:32:54.000Z,M20-403-2-02820,1469968374,43.84932,4.65146,22951.0,4.6,6.8,317.4,-52.1,0.0,35.1,0x20,405.002,9.5,1875,-1,2.3,,
2026-08-05T12:32:55.000Z,M20-403-2-02820,1469968375,43.84937,4.65141,22956.2,5.9,7.6,326.9,-52.2,0.0,35.1,0x20,405.002,15.7,1875,-1,2.3,,
2026-08-05T12:32:56.000Z,M20-403-2-02820,1469968376,43.84943,4.65135,22961.6,5.0,8.9,327.3,-52.1,0.0,35.1,0x20,405.002,15.7,1875,-1,2.3,,
2026-08-05T12:32:57.000Z,M20-403-2-02820,1469968377,43.84950,4.65128,22967.3,6.6,9.8,317.5,-52.1,0.0,35.0,0x20,405.002,15.4,1875,-1,2.3,,
2026-08-05T12:32:58.000Z,M20-403-2-02820,1469968378,43.84955,4.65119,22973.4,5.5,9.9,305.0,-52.1,0.0,35.0,0x20,405.002,15.4,1875,-1,2.3,,
2026-08-05T12:32:59.000Z,M20-403-2-02820,1469968379,43.84960,4.65109,22978.1,3.8,10.2,295.9,-52.1,0.0,35.0,0x20,405.002,14.6,1875,-1,2.3,,
2026-08-05T12:33:00.000Z,M20-403-2-02820,1469968380,43.84964,4.65097,22983.2,6.3,9.9,297.4,-52.1,0.0,34.9,0x20,405.002,14.6,1875,-1,2.3,,
2026-08-05T12:33:01.000Z,M20-403-2-02820,1469968381,43.84969,4.65087,22989.4,6.2,9.7,307.0,-52.1,0.0,34.9,0x20,405.002,14.6,1875,-1,2.3,,
2026-08-05T12:33:02.000Z,M20-403-2-02820,1469968382,43.84974,4.65078,22994.7,4.5,9.3,316.1,-52.1,0.0,34.9,0x20,405.002,14.2,1875,-1,2.3,,
2026-08-05T12:33:03.000Z,M20-403-2-02820,1469968383,43.84980,4.65071,22999.5,5.2,7.1,314.1,-52.1,0.0,34.8,0x20,405.002,14.2,1875,-1,2.3,,
2026-08-05T12:33:04.000Z,M20-403-2-02820,1469968384,43.84983,4.65065,23004.7,5.4,5.6,307.0,-52.2,0.0,34.8,0x20,405.002,14.2,1875,-1,2.3,,
2026-08-05T12:33:05.000Z,M20-403-2-02820,1469968385,43.84986,4.65060,23009.5,4.4,4.0,303.8,-52.1,0.0,34.8,0x20,405.002,11.0,1875,-1,2.3,,
2026-08-05T12:33:06.000Z,M20-403-2-02820,1469968386,43.84988,4.65057,23014.3,5.3,3.5,320.0,-52.3,0.0,34.8,0x20,405.002,5.0,1875,-1,2.3,,
2026-08-05T12:33:07.000Z,M20-403-2-02820,1469968387,43.84991,4.65055,23019.6,5.4,4.6,341.7,-52.3,0.0,34.7,0x20,405.002,3.1,1875,-1,2.3,,
2026-08-05T12:33:08.000Z,M20-403-2-02820,1469968388,43.84996,4.65052,23024.5,4.5,6.2,337.1,-52.3,0.0,34.7,0x20,405.002,15.4,1875,-1,2.3,,
2026-08-05T12:33:09.000Z,M20-403-2-02820,1469968389,43.85001,4.65048,23030.2,7.0,7.4,318.8,-52.3,0.0,34.6,0x20,405.002,15.4,1875,-1,2.3,,
2026-08-05T12:33:10.000Z,M20-403-2-02820,1469968390,43.85006,4.65041,23035.7,4.0,7.8,306.5,-52.3,0.0,34.6,0x20,405.002,14.7,1875,-1,2.3,,
2026-08-05T12:33:11.000Z,M20-403-2-02820,1469968391,43.85010,4.65032,23040.3,5.3,8.6,298.2,-52.2,0.0,34.6,0x20,405.002,14.7,1875,-1,2.3,,
2026-08-05T12:33:12.000Z,M20-403-2-02820,1469968392,43.85014,4.65023,23046.1,6.2,8.9,305.6,-52.3,0.0,34.5,0x20,405.002,14.1,1875,-1,2.3,,
2026-08-05T12:33:13.000Z,M20-403-2-02820,1469968393,43.85019,4.65015,23051.2,4.2,8.4,312.2,-52.1,0.0,34.5,0x20,405.002,14.1,1875,-1,2.3,,
2026-08-05T12:33:14.000Z,M20-403-2-02820,1469968394,43.85023,4.65007,23056.2,5.9,7.4,310.8,-52.2,0.0,34.5,0x20,405.002,16.5,1875,-1,2.3,,
2026-08-05T12:33:15.000Z,M20-403-2-02820,1469968395,43.85027,4.65000,23061.6,4.8,6.8,303.1,-52.2,0.0,34.5,0x20,405.002,16.5,1875,-1,2.3,,
2026-08-05T12:33:16.000Z,M20-403-2-02820,1469968396,43.85030,4.64994,23066.8,5.6,6.3,306.1,-52.2,0.0,34.4,0x20,405.002,11.3,1875,-1,2.3,,
2026-08-05T12:33:17.000Z,M20-403-2-02820,1469968397,43.85034,4.64988,23072.8,6.4,5.5,320.0,-52.3,0.0,34.4,0x20,405.002,11.0,1875,-1,2.3,,
2026-08-05T12:33:18.000Z,M20-403-2-02820,1469968398,43.85038,4.64984,23078.4,4.8,5.8,333.2,-52.3,0.0,34.4,0x20,405.002,5.5,1875,-1,2.3,,
2026-08-05T12:33:19.000Z,M20-403-2-02820,1469968399,43.85043,4.64981,23083.7,6.0,6.0,331.1,-52.3,0.0,34.3,0x20,405.002,3.1,1875,-1,2.3,,
2026-08-05T12:33:20.000Z,M20-403-2-02820,1469968400,43.85047,4.64976,23089.8,6.3,6.9,308.6,-52.4,0.0,34.3,0x20,405.002,10.8,1875,-1,2.3,,
2026-08-05T12:33:21.000Z,M20-403-2-02820,1469968401,43.85051,4.64968,23094.9,3.9,7.5,299.3,-52.3,0.0,34.3,0x20,405.002,11.7,1875,-1,2.3,,
2026-08-05T12:33:22.000Z,M20-403-2-02820,1469968402,43.85054,4.64960,23099.4,5.3,8.5,296.4,-52.4,0.0,34.3,0x20,405.002,12.8,1875,-1,2.3,,
2026-08-05T12:33:23.000Z,M20-403-2-02820,1469968403,43.85059,4.64950,23105.2,6.2,9.1,307.0,-52.4,0.0,34.2,0x20,405.002,12.8,1875,-1,2.3,,
2026-08-05T12:33:24.000Z,M20-403-2-02820,1469968404,43.85064,4.64942,23110.8,5.0,9.3,313.6,-52.5,0.0,34.2,0x20,405.002,15.5,1875,-1,2.3,,
2026-08-05T12:33:25.000Z,M20-403-2-02820,1469968405,43.85070,4.64933,23116.2,6.0,9.6,311.1,-52.4,0.0,34.2,0x20,405.002,15.5,1875,-1,2.3,,
2026-08-05T12:33:26.000Z,M20-403-2-02820,1469968406,43.85075,4.64924,23121.9,5.6,9.7,303.7,-52.5,0.0,34.1,0x20,405.002,10.9,1875,-1,2.3,,
2026-08-05T12:33:27.000Z,M20-403-2-02820,1469968407,43.85080,4.64914,23126.8,4.6,9.8,301.3,-52.5,0.0,34.1,0x20,405.002,11.5,1875,-1,2.3,,
2026-08-05T12:33:28.000Z,M20-403-2-02820,1469968408,43.85085,4.64904,23131.6,5.5,9.0,310.2,-52.5,0.0,34.1,0x20,405.002,12.9,1875,-1,2.3,,
2026-08-05T12:33:29.000Z,M20-403-2-02820,1469968409,43.85090,4.64897,23137.1,5.2,8.1,322.2,-52.5,0.0,34.0,0x20,405.002,12.9,1875,-1,2.3,,
2026-08-05T12:33:30.000Z,M20-403-2-02820,1469968410,43.85096,4.64891,23142.0,4.6,7.8,328.7,-52.5,0.0,34.0,0x20,405.002,10.6,1875,-1,2.3,,
2026-08-05T12:33:31.000Z,M20-403-2-02820,1469968411,43.85101,4.64886,23147.5,6.6,7.3,317.8,-52.6,0.0,34.0,0x20,405.002,3.1,1875,-1,2.3,,
2026-08-05T12:33:32.000Z,M20-403-2-02820,1469968412,43.85106,4.64879,23152.7,3.9,7.6,305.2,-52.6,0.0,33.9,0x20,405.002,3.1,1875,-1,2.3,,
2026-08-05T12:33:33.000Z,M20-403-2-02820,1469968413,43.85109,4.64870,23156.7,4.2,8.6,296.1,-52.6,0.0,33.9,0x20,405.002,3.7,1875,-1,2.3,,
2026-08-05T12:33:34.000Z,M20-403-2-02820,1469968414,43.85113,4.64860,23162.0,6.9,9.0,298.0,-52.6,0.0,33.9,0x20,405.002,9.0,1875,-1,2.3,,
2026-08-05T12:33:35.000Z,M20-403-2-02820,1469968415,43.85117,4.64851,23167.7,4.4,9.6,305.9,-52.6,0.0,33.8,0x20,405.002,12.5,1875,-1,2.3,,
2026-08-05T12:33:36.000Z,M20-403-2-02820,1469968416,43.85123,4.64840,23173.0,6.1,11.0,307.3,-52.6,0.0,33.8,0x20,405.002,13.3,1875,-1,2.3,,
2026-08-05T12:33:37.000Z,M20-403-2-02820,1469968417,43.85129,4.64829,23178.9,5.5,11.9,303.9,-52.6,0.0,33.8,0x20,405.002,13.3,1875,-1,2.3,,
2026-08-05T12:33:38.000Z,M20-403-2-02820,1469968418,43.85135,4.64816,23183.9,4.6,12.4,301.0,-52.6,0.0,33.8,0x20,405.002,11.5,1875,-1,2.3,,
2026-08-05T12:33:39.000Z,M20-403-2-02820,1469968419,43.85140,4.64803,23188.8,5.2,11.9,306.8,-52.6,0.0,33.7,0x20,405.002,12.7,1875,-1,2.3,,
2026-08-05T12:33:40.000Z,M20-403-2-02820,1469968420,43.85147,4.64793,23194.0,5.1,10.6,316.2,-52.6,0.0,33.7,0x20,405.002,12.7,1875,-1,2.3,,
2026-08-05T12:33:41.000Z,M20-403-2-02820,1469968421,43.85154,4.64785,23198.9,4.7,8.9,318.3,-52.5,0.0,33.7,0x20,405.002,12.5,1875,-1,2.3,,
2026-08-05T12:33:42.000Z,M20-403-2-02820,1469968422,43.85158,4.64777,23204.2,6.0,7.6,305.4,-52.5,0.0,33.6,0x20,405.002,13.6,1875,-1,2.3,,
2026-08-05T12:33:43.000Z,M20-403-2-02820,1469968423,43.85161,4.64769,23209.7,4.5,7.5,287.4,-52.6,0.0,33.6,0x20,405.002,13.6,1875,-1,2.3,,
2026-08-05T12:33:44.000Z,M20-403-2-02820,1469968424,43.85163,4.64760,23214.0,4.3,8.2,274.6,-52.5,0.0,33.6,0x20,405.002,3.5,1875,-1,2.3,,
2026-08-05T12:33:45.000Z,M20-403-2-02820,1469968425,43.85164,4.64749,23219.7,7.2,9.0,283.7,-52.6,0.0,33.5,0x20,405.002,2.6,1875,-1,2.3,,
2026-08-05T12:33:46.000Z,M20-403-2-02820,1469968426,43.85166,4.64739,23225.6,4.3,9.2,293.4,-52.5,0.0,33.5,0x20,405.002,6.7,1875,-1,2.3,,
2026-08-05T12:33:47.000Z,M20-403-2-02820,1469968427,43.85171,4.64728,23230.9,6.6,10.8,300.4,-52.5,0.0,33.5,0x20,405.002,9.1,1875,-1,2.3,,
2026-08-05T12:33:48.000Z,M20-403-2-02820,1469968428,43.85175,4.64715,23236.9,5.5,11.8,297.6,-52.5,0.0,33.4,0x20,405.002,14.6,1875,-1,2.3,,
2026-08-05T12:33:49.000Z,M20-403-2-02820,1469968429,43.85180,4.64702,23242.5,5.3,12.1,296.5,-52.4,0.0,33.4,0x20,405.002,14.6,1875,-1,2.3,,
2026-08-05T12:33:50.000Z,M20-403-2-02820,1469968430,43.85185,4.64689,23248.3,6.7,11.4,301.4,-52.4,0.0,33.4,0x20,405.002,14.5,1875,-1,2.3,,
2026-08-05T12:33:51.000Z,M20-403-2-02820,1469968431,43.85191,4.64678,23253.6,3.8,10.4,307.4,-52.4,0.0,33.4,0x20,405.002,14.5,1875,-1,2.3,,
2026-08-05T12:33:52.000Z,M20-403-2-02820,1469968432,43.85196,4.64669,23259.0,7.2,8.6,301.2,-52.4,0.0,33.3,0x20,405.002,10.1,1875,-1,2.3,,
2026-08-05T12:33:53.000Z,M20-403-2-02820,1469968433,43.85199,4.64659,23265.5,5.5,8.1,288.5,-52.4,0.0,33.3,0x20,405.002,14.6,1875,-1,2.3,,
2026-08-05T12:33:54.000Z,M20-403-2-02820,1469968434,43.85201,4.64650,23270.4,4.6,8.3,277.4,-52.3,0.0,33.3,0x20,405.002,14.6,1875,-1,2.3,,
2026-08-05T12:33:55.000Z,M20-403-2-02820,1469968435,43.85202,4.64640,23275.7,6.0,8.3,279.3,-52.4,0.0,33.2,0x20,405.002,13.7,1875,-1,2.3,,
2026-08-05T12:33:56.000Z,M20-403-2-02820,1469968436,43.85204,4.64630,23281.2,4.6,8.2,290.8,-52.3,0.0,33.2,0x20,405.002,13.7,1875,-1,2.3,,
2026-08-05T12:33:57.000Z,M20-403-2-02820,1469968437,43.85207,4.64619,23286.8,6.6,10.0,291.1,-52.3,0.0,33.2,0x20,405.002,3.1,1875,-1,2.3,,
2026-08-05T12:33:58.000Z,M20-403-2-02820,1469968438,43.85210,4.64607,23292.5,4.7,11.1,287.0,-52.2,0.0,33.1,0x20,405.002,2.6,1875,-1,2.3,,
2026-08-05T12:33:59.000Z,M20-403-2-02820,1469968439,43.85213,4.64594,23297.6,5.6,11.7,288.8,-52.2,0.0,33.1,0x20,405.002,2.6,1875,-1,2.3,,
2026-08-05T12:34:00.000Z,M20-403-2-02820,1469968440,43.85217,4.64581,23303.5,6.4,11.4,297.6,-52.2,0.0,33.1,0x20,405.002,13.4,1875,-1,2.3,,
2026-08-05T12:34:01.000Z,M20-403-2-02820,1469968441,43.85222,4.64569,23308.6,3.8,11.2,303.7,-52.1,0.0,33.1,0x20,405.002,13.4,1875,-1,2.3,,
2026-08-05T12:34:02.000Z,M20-403-2-02820,1469968442,43.85227,4.64557,23313.8,6.6,10.6,302.2,-52.1,0.0,33.0,0x20,405.002,13.9,1875,-1,2.3,,
2026-08-05T12:34:03.000Z,M20-403-2-02820,1469968443,43.85232,4.64546,23319.6,5.0,10.0,291.2,-52.1,0.0,33.0,0x20,405.002,15.1,1875,-1,2.3,,
2026-08-05T12:34:04.000Z,M20-403-2-02820,1469968444,43.85235,4.64534,23324.8,5.7,10.5,285.1,-52.1,0.0,33.0,0x20,405.002,15.1,1875,-1,2.3,,
2026-08-05T12:34:05.000Z,M20-403-2-02820,1469968445,43.85238,4.64521,23330.8,6.5,10.4,290.4,-52.1,0.0,32.9,0x20,405.002,13.7,1875,-1,2.3,,
2026-08-05T12:34:06.000Z,M20-403-2-02820,1469968446,43.85241,4.64510,23336.1,4.4,10.4,297.3,-52.0,0.0,32.9,0x20,405.002,12.5,1875,-1,2.3,,
2026-08-05T12:34:07.000Z,M20-403-2-02820,1469968447,43.85246,4.64498,23341.6,6.6,11.0,298.7,-52.0,0.0,32.9,0x20,405.002,15.2,1875,-1,2.3,,
2026-08-05T12:34:08.000Z,M20-403-2-02820,1469968448,43.85250,4.64485,23347.5,5.6,12.0,293.5,-52.0,0.0,32.9,0x20,405.002,15.2,1875,-1,2.3,,
2026-08-05T12:34:09.000Z,M20-403-2-02820,1469968449,43.85255,4.64471,23352.0,3.5,13.0,292.5,-51.9,0.0,32.8,0x20,405.002,15.2,1875,-1,2.3,,
2026-08-05T12:34:10.000Z,M20-403-2-02820,1469968450,43.85260,4.64456,23356.9,6.5,13.2,297.1,-51.9,0.0,32.8,0x20,405.002,3.8,1875,-1,2.3,,
2026-08-05T12:34:11.000Z,M20-403-2-02820,1469968451,43.85266,4.64442,23362.2,4.2,13.4,302.9,-52.0,0.0,32.8,0x20,405.002,3.4,1875,-1,2.3,,
2026-08-05T12:34:12.000Z,M20-403-2-02820,1469968452,43.85272,4.64428,23366.5,4.5,13.0,306.0,-51.9,0.0,32.7,0x20,405.002,2.9,1875,-1,2.3,,
2026-08-05T12:34:13.000Z,M20-403-2-02820,1469968453,43.85278,4.64415,23371.7,6.0,11.7,299.8,-51.9,0.0,32.7,0x20,405.002,8.7,1875,-1,2.3,,
2026-08-05T12:34:14.000Z,M20-403-2-02820,1469968454,43.85283,4.64403,23377.0,4.6,11.2,288.5,-51.9,0.0,32.7,0x20,405.002,9.5,1875,-1,2.3,,
2026-08-05T12:34:15.000Z,M20-403-2-02820,1469968455,43.85285,4.64389,23381.7,4.5,11.5,282.0,-51.9,0.0,32.7,0x20,405.002,12.1,1875,-1,2.3,,
2026-08-05T12:34:16.000Z,M20-403-2-02820,1469968456,43.85288,4.64375,23386.8,5.7,12.5,289.3,-51.9,0.0,32.6,0x20,405.002,13.5,1875,-1,2.3,,
2026-08-05T12:34:17.000Z,M20-403-2-02820,1469968457,43.85293,4.64360,23392.1,5.0,13.9,297.2,-51.9,0.0,32.6,0x20,405.002,15.2,1875,-1,2.3,,
2026-08-05T12:34:18.000Z,M20-403-2-02820,1469968458,43.85299,4.64344,23396.4,3.6,15.2,302.0,-51.9,0.0,32.6,0x20,405.002,15.2,1875,-1,2.3,,
2026-08-05T12:34:19.000Z,M20-403-2-02820,1469968459,43.85307,4.64328,23401.2,6.2,15.7,301.1,-52.0,0.0,32.5,0x20,405.002,13.8,1875,-1,2.3,,
2026-08-05T12:34:20.000Z,M20-403-2-02820,1469968460,43.85314,4.64312,23406.8,5.1,15.6,299.2,-52.0,0.0,32.5,0x20,405.002,12.4,1875,-1,2.3,,
2026-08-05T12:34:21.000Z,M20-403-2-02820,1469968461,43.85320,4.64296,23411.9,5.2,13.9,298.6,-51.9,0.0,32.5,0x20,405.002,12.4,1875,-1,2.3,,
2026-08-05T12:34:22.000Z,M20-403-2-02820,1469968462,43.85326,4.64282,23417.3,5.6,12.1,304.6,-51.9,0.0,32.5,0x20,405.002,15.6,1875,-1,2.3,,
2026-08-05T12:34:23.000Z,M20-403-2-02820,1469968463,43.85333,4.64270,23421.6,3.0,11.1,309.0,-51.8,0.0,32.4,0x20,405.002,15.6,1875,-1,2.3,,
2026-08-05T12:34:24.000Z,M20-403-2-02820,1469968464,43.85338,4.64260,23425.8,5.4,9.4,306.9,-51.6,0.0,32.4,0x20,405.002,4.6,1875,-1,2.3,,
2026-08-05T12:34:25.000Z,M20-403-2-02820,1469968465,43.85343,4.64251,23431.2,5.5,8.1,297.2,-51.6,0.0,32.4,0x20,405.002,12.2,1875,-1,2.3,,
2026-08-05T12:34:26.000Z,M20-403-2-02820,1469968466,43.85345,4.64242,23436.5,5.1,8.2,287.9,-51.6,0.0,32.4,0x20,405.002,12.2,1875,-1,2.3,,
2026-08-05T12:34:27.000Z,M20-403-2-02820,1469968467,43.85348,4.64231,23442.4,6.7,9.5,294.2,-51.6,0.0,32.3,0x20,405.002,11.5,1875,-1,2.3,,
2026-08-05T12:34:28.000Z,M20-403-2-02820,1469968468,43.85353,4.64220,23448.6,6.2,12.1,304.5,-51.7,0.0,32.3,0x20,405.002,14.5,1875,-1,2.3,,
2026-08-05T12:34:29.000Z,M20-403-2-02820,1469968469,43.85360,4.64207,23453.6,3.7,13.5,311.5,-51.7,0.0,32.2,0x20,405.002,14.5,1875,-1,2.3,,
2026-08-05T12:34:30.000Z,M20-403-2-02820,1469968470,43.85369,4.64194,23458.1,5.3,14.9,313.5,-51.6,0.0,32.2,0x20,405.002,14.1,1875,-1,2.3,,
2026-08-05T12:34:31.000Z,M20-403-2-02820,1469968471,43.85377,4.64181,23463.8,6.4,14.3,308.1,-51.6,0.0,32.2,0x20,405.002,13.5,1875,-1,2.3,,
2026-08-05T12:34:32.000Z,M20-403-2-02820,1469968472,43.85385,4.64167,23469.2,4.6,13.4,303.0,-51.6,0.0,32.2,0x20,405.002,15.1,1875,-1,2.3,,
2026-08-05T12:34:33.000Z,M20-403-2-02820,1469968473,43.85391,4.64154,23474.7,6.5,12.3,303.1,-51.6,0.0,32.1,0x20,405.002,15.1,1875,-1,2.3,,
2026-08-05T12:34:34.000Z,M20-403-2-02820,1469968474,43.85397,4.64142,23480.7,5.4,11.6,310.0,-51.7,0.0,32.1,0x20,405.002,15.7,1875,-1,2.3,,
2026-08-05T12:34:35.000Z,M20-403-2-02820,1469968475,43.85404,4.64132,23486.0,5.3,10.8,316.2,-51.6,0.0,32.1,0x20,405.002,15.7,1875,-1,2.3,,
2026-08-05T12:34:36.000Z,M20-403-2-02820,1469968476,43.85411,4.64123,23492.1,6.8,9.6,314.2,-51.6,0.0,32.0,0x20,405.002,4.3,1875,-1,2.3,,
2026-08-05T12:34:37.000Z,M20-403-2-02820,1469968477,43.85416,4.64114,23497.4,4.0,8.7,308.6,-51.6,0.0,32.0,0x20,405.002,3.1,1875,-1,2.3,,
2026-08-05T12:34:38.000Z,M20-403-2-02820,1469968478,43.85421,4.64105,23502.3,6.0,9.3,305.8,-51.6,0.0,32.0,0x20,405.002,3.1,1875,-1,2.3,,
2026-08-05T12:34:39.000Z,M20-403-2-02820,1469968479,43.85427,4.64096,23508.6,6.8,10.8,312.0,-51.6,0.0,31.9,0x20,405.002,9.1,1875,-1,2.3,,
2026-08-05T12:34:40.000Z,M20-403-2-02820,1469968480,43.85433,4.64085,23513.5,3.2,12.0,312.8,-51.6,0.0,31.9,0x20,405.002,15.1,1875,-1,2.3,,
2026-08-05T12:34:41.000Z,M20-403-2-02820,1469968481,43.85441,4.64074,23518.0,6.1,12.4,308.4,-51.5,0.0,31.9,0x20,405.002,15.1,1875,-1,2.3,,
2026-08-05T12:34:42.000Z,M20-403-2-02820,1469968482,43.85447,4.64062,23523.7,5.1,12.0,300.5,-51.5,0.0,31.9,0x20,405.002,14.7,1875,-1,2.3,,
2026-08-05T12:34:43.000Z,M20-403-2-02820,1469968483,43.85452,4.64048,23528.7,5.4,11.9,295.7,-51.5,0.0,31.8,0x20,405.002,12.2,1875,-1,2.3,,
2026-08-05T12:34:44.000Z,M20-403-2-02820,1469968484,43.85457,4.64036,23534.7,6.5,11.3,300.0,-51.5,0.0,31.8,0x20,405.002,15.4,1875,-1,2.3,,
2026-08-05T12:34:45.000Z,M20-403-2-02820,1469968485,43.85462,4.64024,23539.8,3.9,10.9,306.7,-51.5,0.0,31.8,0x20,405.002,15.6,1875,-1,2.3,,
2026-08-05T12:34:46.000Z,M20-403-2-02820,1469968486,43.85468,4.64014,23545.1,6.5,10.6,309.0,-51.5,0.0,31.8,0x20,405.002,15.6,1875,-1,2.3,,
2026-08-05T12:34:47.000Z,M20-403-2-02820,1469968487,43.85473,4.64003,23551.2,6.0,9.9,301.3,-51.5,0.0,31.7,0x20,405.002,12.7,1875,-1,2.3,,
2026-08-05T12:34:48.000Z,M20-403-2-02820,1469968488,43.85478,4.63992,23555.9,3.7,10.0,296.4,-51.5,0.0,31.7,0x20,405.002,8.5,1875,-1,2.3,,
2026-08-05T12:34:49.000Z,M20-403-2-02820,1469968489,43.85482,4.63981,23560.6,5.5,10.8,297.6,-51.5,0.0,31.7,0x20,405.002,2.7,1875,-1,2.3,,
2026-08-05T12:34:50.000Z,M20-403-2-02820,1469968490,43.85487,4.63970,23565.9,5.3,11.8,306.8,-51.6,0.0,31.6,0x20,405.002,3.0,1875,-1,2.3,,
2026-08-05T12:34:51.000Z,M20-403-2-02820,1469968491,43.85494,4.63958,23571.3,5.3,12.4,309.7,-51.5,0.0,31.6,0x20,405.002,7.2,1875,-1,2.3,,
2026-08-05T12:34:52.000Z,M20-403-2-02820,1469968492,43.85500,4.63946,23577.2,6.8,11.5,306.0,-51.6,0.0,31.6,0x20,405.002,8.0,1875,-1,2.3,,
2026-08-05T12:34:53.000Z,M20-403-2-02820,1469968493,43.85506,4.63934,23582.8,4.5,10.8,297.2,-51.5,0.0,31.6,0x20,405.002,9.3,1875,-1,2.3,,
2026-08-05T12:34:54.000Z,M20-403-2-02820,1469968494,43.85510,4.63922,23586.9,3.8,11.3,291.4,-51.5,0.0,31.5,0x20,405.002,13.4,1875,-1,2.3,,
2026-08-05T12:34:55.000Z,M20-403-2-02820,1469968495,43.85514,4.63908,23591.6,5.6,12.5,297.2,-51.5,0.0,31.5,0x20,405.002,13.4,1875,-1,2.3,,
2026-08-05T12:34:56.000Z,M20-403-2-02820,1469968496,43.85520,4.63895,23597.1,5.6,13.4,304.6,-51.5,0.0,31.5,0x20,405.002,16.3,1875,-1,2.3,,
2026-08-05T12:34:57.000Z,M20-403-2-02820,1469968497,43.85527,4.63882,23602.2,4.4,13.4,310.4,-51.5,0.0,31.4,0x20,405.002,16.3,1875,-1,2.3,,
2026-08-05T12:34:58.000Z,M20-403-2-02820,1469968498,43.85535,4.63870,23607.1,5.5,11.9,314.1,-51.4,0.0,31.4,0x20,405.002,15.7,1875,-1,2.3,,
2026-08-05T12:34:59.000Z,M20-403-2-02820,1469968499,43.85542,4.63860,23612.7,5.7,9.7,311.7,-51.4,0.0,31.4,0x20,405.002,13.9,1875,-1,2.3,,
2026-08-05T12:35:00.000Z,M20-403-2-02820,1469968500,43.85547,4.63851,23618.1,4.8,9.3,311.1,-51.4,0.0,31.4,0x20,405.002,11.6,1875,-1,2.3,,
2026-08-05T12:35:01.000Z,M20-403-2-02820,1469968501,43.85553,4.63842,23623.4,5.6,10.7,309.6,-51.4,0.0,31.3,0x20,405.002,11.4,1875,-1,2.3,,
2026-08-05T12:35:02.000Z,M20-403-2-02820,1469968502,43.85560,4.63831,23629.1,5.5,13.0,314.4,-51.4,0.0,31.3,0x20,405.002,3.3,1875,-1,2.3,,
2026-08-05T12:35:03.000Z,M20-403-2-02820,1469968503,43.85569,4.63819,23634.1,4.2,15.1,315.1,-51.3,0.0,31.3,0x20,405.002,4.1,1875,-1,2.3,,
2026-08-05T12:35:04.000Z,M20-403-2-02820,1469968504,43.85578,4.63806,23638.9,5.1,15.1,315.4,-51.3,0.0,31.3,0x20,405.002,4.1,1875,-1,2.3,,
2026-08-05T12:35:05.000Z,M20-403-2-02820,1469968505,43.85587,4.63793,23644.8,6.7,13.0,315.7,-51.3,0.0,31.2,0x20,405.002,9.5,1875,-1,2.3,,
2026-08-05T12:35:06.000Z,M20-403-2-02820,1469968506,43.85594,4.63783,23650.4,4.4,10.6,311.6,-51.3,0.0,31.2,0x20,405.002,9.9,1875,-1,2.3,,
2026-08-05T12:35:07.000Z,M20-403-2-02820,1469968507,43.85600,4.63773,23654.6,3.9,9.6,309.9,-51.2,0.0,31.2,0x20,405.002,11.4,1875,-1,2.3,,
2026-08-05T12:35:08.000Z,M20-403-2-02820,1469968508,43.85606,4.63764,23659.6,6.4,10.4,312.7,-51.2,0.0,31.1,0x20,405.002,11.4,1875,-1,2.3,,
2026-08-05T12:35:09.000Z,M20-403-2-02820,1469968509,43.85614,4.63754,23665.8,6.1,12.4,318.4,-51.2,0.0,31.1,0x20,405.002,10.4,1875,-1,2.3,,
2026-08-05T12:35:10.000Z,M20-403-2-02820,1469968510,43.85623,4.63744,23671.3,5.0,13.7,324.2,-51.3,0.0,31.1,0x20,405.002,13.0,1875,-1,2.3,,
2026-08-05T12:35:11.000Z,M20-403-2-02820,1469968511,43.85633,4.63735,23677.6,7.5,13.0,328.4,-51.3,0.0,31.1,0x20,405.002,13.1,1875,-1,2.3,,
2026-08-05T12:35:12.000Z,M20-403-2-02820,1469968512,43.85643,4.63726,23683.1,3.8,12.2,327.5,-51.2,0.0,31.0,0x20,405.002,15.3,1875,-1,2.3,,
2026-08-05T12:35:13.000Z,M20-403-2-02820,1469968513,43.85652,4.63718,23688.6,7.4,12.0,325.7,-51.2,0.0,31.0,0x20,405.002,16.3,1875,-1,2.3,,
2026-08-05T12:35:14.000Z,M20-403-2-02820,1469968514,43.85661,4.63709,23694.8,5.3,13.3,325.5,-51.2,0.0,30.9,0x20,405.002,16.3,1875,-1,2.3,,
2026-08-05T12:35:15.000Z,M20-403-2-02820,1469968515,43.85671,4.63699,23700.6,6.6,13.5,321.5,-51.2,0.0,30.9,0x20,405.002,4.1,1875,-1,2.3,,
2026-08-05T12:35:16.000Z,M20-403-2-02820,1469968516,43.85679,4.63689,23707.5,7.3,12.0,314.8,-51.2,0.0,30.9,0x20,405.002,3.5,1875,-1,2.3,,
2026-08-05T12:35:17.000Z,M20-403-2-02820,1469968517,43.85686,4.63678,23712.8,3.7,11.1,309.3,-51.1,0.0,30.9,0x20,405.002,5.4,1875,-1,2.3,,
2026-08-05T12:35:18.000Z,M20-403-2-02820,1469968518,43.85692,4.63668,23718.3,8.0,11.0,307.3,-51.1,0.0,30.8,0x20,405.002,13.8,1875,-1,2.3,,
2026-08-05T12:35:19.000Z,M20-403-2-02820,1469968519,43.85699,4.63656,23724.6,4.7,12.5,311.8,-51.1,0.0,30.8,0x20,405.002,15.2,1875,-1,2.3,,
2026-08-05T12:35:20.000Z,M20-403-2-02820,1469968520,43.85707,4.63645,23729.6,5.7,13.3,316.6,-51.0,0.0,30.8,0x20,405.002,15.5,1875,-1,2.3,,
2026-08-05T12:35:21.000Z,M20-403-2-02820,1469968521,43.85716,4.63634,23735.4,6.6,12.6,317.9,-51.0,0.0,30.8,0x20,405.002,15.5,1875,-1,2.3,,
2026-08-05T12:35:22.000Z,M20-403-2-02820,1469968522,43.85724,4.63624,23741.0,5.4,11.6,317.7,-51.0,0.0,30.7,0x20,405.002,14.4,1875,-1,2.3,,
2026-08-05T12:35:23.000Z,M20-403-2-02820,1469968523,43.85732,4.63614,23746.3,5.8,12.3,318.5,-51.0,0.0,30.7,0x20,405.002,13.6,1875,-1,2.3,,
2026-08-05T12:35:24.000Z,M20-403-2-02820,1469968524,43.85740,4.63604,23752.1,6.2,13.7,320.2,-50.9,0.0,30.7,0x20,405.002,12.2,1875,-1,2.3,,
2026-08-05T12:35:25.000Z,M20-403-2-02820,1469968525,43.85750,4.63593,23757.3,5.0,14.1,321.1,-50.9,0.0,30.6,0x20,405.002,13.2,1875,-1,2.3,,
2026-08-05T12:35:26.000Z,M20-403-2-02820,1469968526,43.85759,4.63581,23762.5,5.8,14.2,316.1,-50.9,0.0,30.6,0x20,405.002,13.2,1875,-1,2.3,,
2026-08-05T12:35:27.000Z,M20-403-2-02820,1469968527,43.85767,4.63569,23768.7,7.0,13.1,306.1,-50.9,0.0,30.6,0x20,405.002,10.7,1875,-1,2.3,,
2026-08-05T12:35:28.000Z,M20-403-2-02820,1469968528,43.85773,4.63555,23773.7,3.5,12.3,296.9,-50.9,0.0,30.6,0x20,405.002,3.4,1875,-1,2.3,,
2026-08-05T12:35:29.000Z,M20-403-2-02820,1469968529,43.85778,4.63542,23778.5,6.6,11.5,294.7,-50.9,0.0,30.5,0x20,405.002,3.4,1875,-1,2.3,,
2026-08-05T12:35:30.000Z,M20-403-2-02820,1469968530,43.85783,4.63530,23785.0,6.9,11.6,304.4,-50.9,0.0,30.5,0x20,405.002,9.0,1875,-1,2.3,,
2026-08-05T12:35:31.000Z,M20-403-2-02820,1469968531,43.85789,4.63518,23789.8,3.4,11.7,313.2,-50.9,0.0,30.5,0x20,405.002,10.9,1875,-1,2.3,,
2026-08-05T12:35:32.000Z,M20-403-2-02820,1469968532,43.85796,4.63509,23794.4,6.3,10.9,322.8,-50.9,0.0,30.4,0x20,405.002,10.9,1875,-1,2.3,,
2026-08-05T12:35:33.000Z,M20-403-2-02820,1469968533,43.85804,4.63502,23800.1,5.3,9.5,326.9,-50.9,0.0,30.4,0x20,405.002,9.5,1875,-1,2.3,,
2026-08-05T12:35:34.000Z,M20-403-2-02820,1469968534,43.85811,4.63495,23805.7,6.1,9.9,328.4,-50.9,0.0,30.4,0x20,405.002,10.6,1875,-1,2.3,,
2026-08-05T12:35:35.000Z,M20-403-2-02820,1469968535,43.85819,4.63489,23811.8,6.6,11.2,330.9,-50.9,0.0,30.4,0x20,405.002,10.6,1875,-1,2.3,,
2026-08-05T12:35:36.000Z,M20-403-2-02820,1469968536,43.85829,4.63481,23817.8,5.8,12.4,329.3,-50.8,0.0,30.3,0x20,405.002,9.9,1875,-1,2.3,,
2026-08-05T12:35:37.000Z,M20-403-2-02820,1469968537,43.85838,4.63473,23822.9,4.8,12.8,324.0,-50.8,0.0,30.3,0x20,405.002,9.9,1875,-1,2.3,,
2026-08-05T12:35:38.000Z,M20-403-2-02820,1469968538,43.85847,4.63463,23828.8,7.1,11.9,318.2,-50.7,0.0,30.3,0x20,405.002,9.4,1875,-1,2.3,,
2026-08-05T12:35:39.000Z,M20-403-2-02820,1469968539,43.85854,4.63453,23834.8,5.3,10.5,312.2,-50.7,0.0,30.2,0x20,405.002,9.4,1875,-1,2.3,,
2026-08-05T12:35:40.000Z,M20-403-2-02820,1469968540,43.85860,4.63444,23840.3,6.4,10.5,310.9,-50.6,0.0,30.2,0x20,405.002,9.0,1875,-1,2.3,,
2026-08-05T12:35:41.000Z,M20-403-2-02820,1469968541,43.85867,4.63434,23846.8,7.3,11.5,316.6,-50.7,0.0,30.2,0x20,405.002,3.2,1875,-1,2.3,,
2026-08-05T12:35:42.000Z,M20-403-2-02820,1469968542,43.85875,4.63424,23852.5,4.4,12.5,320.9,-50.7,0.0,30.1,0x20,405.002,3.0,1875,-1,2.3,,
2026-08-05T12:35:43.000Z,M20-403-2-02820,1469968543,43.85884,4.63415,23857.9,7.0,11.7,329.7,-50.7,0.0,30.1,0x20,405.002,3.8,1875,-1,2.3,,
2026-08-05T12:35:44.000Z,M20-403-2-02820,1469968544,43.85892,4.63409,23863.7,5.5,10.4,330.8,-50.6,0.0,30.1,0x20,405.002,13.3,1875,-1,2.3,,
2026-08-05T12:35:45.000Z,M20-403-2-02820,1469968545,43.85900,4.63403,23868.7,5.0,9.2,335.3,-50.6,0.0,30.1,0x20,405.002,14.1,1875,-1,2.3,,
2026-08-05T12:35:46.000Z,M20-403-2-02820,1469968546,43.85908,4.63399,23874.1,5.8,10.0,340.2,-50.6,0.0,30.0,0x20,405.002,14.1,1875,-1,2.3,,
2026-08-05T12:35:47.000Z,M20-403-2-02820,1469968547,43.85917,4.63394,23879.7,5.7,11.3,337.6,-50.6,0.0,30.0,0x20,405.002,11.4,1875,-1,2.3,,
2026-08-05T12:35:48.000Z,M20-403-2-02820,1469968548,43.85926,4.63387,23884.9,5.2,11.6,330.1,-50.5,0.0,30.0,0x20,405.002,12.2,1875,-1,2.3,,
2026-08-05T12:35:49.000Z,M20-403-2-02820,1469968549,43.85934,4.63380,23890.7,6.2,10.7,321.8,-50.5,0.0,29.9,0x20,405.002,14.3,1875,-1,2.3,,
2026-08-05T12:35:50.000Z,M20-403-2-02820,1469968550,43.85941,4.63371,23896.2,5.3,10.3,310.3,-50.5,0.0,29.9,0x20,405.002,15.5,1875,-1,2.3,,
2026-08-05T12:35:51.000Z,M20-403-2-02820,1469968551,43.85946,4.63362,23901.2,4.9,9.1,308.2,-50.5,0.0,29.9,0x20,405.002,15.5,1875,-1,2.3,,
2026-08-05T12:35:52.000Z,M20-403-2-02820,1469968552,43.85952,4.63354,23906.8,6.7,8.5,321.9,-50.5,0.0,29.9,0x20,405.002,14.5,1875,-1,2.3,,
2026-08-05T12:35:53.000Z,M20-403-2-02820,1469968553,43.85959,4.63349,23913.1,6.4,9.5,341.2,-50.6,0.0,29.8,0x20,405.002,14.5,1875,-1,2.3,,
2026-08-05T12:35:54.000Z,M20-403-2-02820,1469968554,43.85968,4.63346,23918.4,4.5,10.9,349.5,-50.6,0.0,29.8,0x20,405.002,4.8,1875,-1,2.3,,
2026-08-05T12:35:55.000Z,M20-403-2-02820,1469968555,43.85977,4.63343,23924.2,7.3,10.9,349.8,-50.6,0.0,29.8,0x20,405.002,3.2,1875,-1,2.3,,
2026-08-05T12:35:56.000Z,M20-403-2-02820,1469968556,43.85986,4.63340,23930.2,4.9,9.6,342.3,-50.6,0.0,29.8,0x20,405.002,4.5,1875,-1,2.3,,
2026-08-05T12:35:57.000Z,M20-403-2-02820,1469968557,43.85994,4.63336,23934.3,3.6,9.0,332.0,-50.5,0.0,29.7,0x20,405.002,12.1,1875,-1,2.3,,
2026-08-05T12:35:58.000Z,M20-403-2-02820,1469968558,43.86001,4.63330,23938.7,5.5,8.8,327.4,-50.5,0.0,29.7,0x20,405.002,13.0,1875,-1,2.3,,
2026-08-05T12:35:59.000Z,M20-403-2-02820,1469968559,43.86008,4.63324,23944.7,6.6,9.3,328.5,-50.5,0.0,29.7,0x20,405.002,13.0,1875,-1,2.3,,
2026-08-05T12:36:00.000Z,M20-403-2-02820,1469968560,43.86014,4.63318,23950.7,5.8,9.2,328.2,-50.6,0.0,29.6,0x20,405.002,12.1,1875,-1,2.3,,
2026-08-05T12:36:01.000Z,M20-403-2-02820,1469968561,43.86021,4.63313,23956.5,5.8,7.9,325.4,-50.5,0.0,29.6,0x20,405.002,15.4,1875,-1,2.3,,
2026-08-05T12:36:02.000Z,M20-403-2-02820,1469968562,43.86026,4.63307,23962.5,6.4,6.4,317.3,-50.5,0.0,29.6,0x20,405.002,15.4,1875,-1,2.3,,
2026-08-05T12:36:03.000Z,M20-403-2-02820,1469968563,43.86030,4.63302,23968.0,4.7,5.6,318.5,-50.5,0.0,29.6,0x20,405.002,13.4,1875,-1,2.3,,
2026-08-05T12:36:04.000Z,M20-403-2-02820,1469968564,43.86035,4.63298,23973.1,5.8,7.3,329.4,-50.4,0.0,29.5,0x20,405.002,12.4,1875,-1,2.3,,
2026-08-05T12:36:05.000Z,M20-403-2-02820,1469968565,43.86041,4.63293,23979.2,6.5,9.6,337.7,-50.4,0.0,29.5,0x20,405.002,12.4,1875,-1,2.3,,
2026-08-05T12:36:06.000Z,M20-403-2-02820,1469968566,43.86050,4.63288,23984.5,4.2,11.5,339.5,-50.4,0.0,29.5,0x20,405.002,12.4,1875,-1,2.3,,
2026-08-05T12:36:07.000Z,M20-403-2-02820,1469968567,43.86060,4.63283,23989.7,6.6,11.4,340.2,-50.3,0.0,29.4,0x20,405.002,11.1,1875,-1,2.3,,
2026-08-05T12:36:08.000Z,M20-403-2-02820,1469968568,43.86068,4.63279,23996.3,6.7,9.1,336.8,-50.3,0.0,29.4,0x20,405.002,3.3,1875,-1,2.3,,
2026-08-05T12:36:09.000Z,M20-403-2-02820,1469968569,43.86075,4.63274,24001.8,4.2,7.2,327.3,-50.3,0.0,29.4,0x20,405.002,5.2,1875,-1,2.3,,
2026-08-05T12:36:10.000Z,M20-403-2-02820,1469968570,43.86079,4.63269,24006.8,6.1,6.4,314.4,-50.2,0.0,29.4,0x20,405.002,11.1,1875,-1,2.3,,
2026-08-05T12:36:11.000Z,M20-403-2-02820,1469968571,43.86083,4.63263,24012.7,5.8,6.8,310.5,-50.2,0.0,29.3,0x20,405.002,11.1,1875,-1,2.3,,
2026-08-05T12:36:12.000Z,M20-403-2-02820,1469968572,43.86088,4.63256,24018.3,5.5,7.3,314.4,-50.2,0.0,29.3,0x20,405.002,15.9,1875,-1,2.3,,
2026-08-05T12:36:13.000Z,M20-403-2-02820,1469968573,43.86092,4.63251,24024.5,7.0,6.1,323.4,-50.2,0.0,29.3,0x20,405.002,15.9,1875,-1,2.3,,
2026-08-05T12:36:14.000Z,M20-403-2-02820,1469968574,43.86097,4.63247,24030.7,5.6,5.4,337.3,-50.2,0.0,29.2,0x20,405.002,11.0,1875,-1,2.3,,
2026-08-05T12:36:15.000Z,M20-403-2-02820,1469968575,43.86102,4.63245,24036.5,6.0,6.8,352.6,-50.2,0.0,29.2,0x20,405.002,13.9,1875,-1,2.3,,
2026-08-05T12:36:16.000Z,M20-403-2-02820,1469968576,43.86109,4.63245,24042.5,6.1,9.9,357.9,-50.2,0.0,29.2,0x20,405.002,15.4,1875,-1,2.3,,
2026-08-05T12:36:17.000Z,M20-403-2-02820,1469968577,43.86119,4.63244,24047.7,4.4,11.7,354.8,-50.2,0.0,29.2,0x20,405.002,15.4,1875,-1,2.3,,
2026-08-05T12:36:18.000Z,M20-403-2-02820,1469968578,43.86129,4.63242,24053.3,6.8,11.7,349.7,-50.1,0.0,29.1,0x20,405.002,15.1,1875,-1,2.3,,
2026-08-05T12:36:19.000Z,M20-403-2-02820,1469968579,43.86138,4.63239,24060.1,6.7,9.5,348.1,-50.1,0.0,29.1,0x20,405.002,15.1,1875,-1,2.3,,
2026-08-05T12:36:20.000Z,M20-403-2-02820,1469968580,43.86146,4.63237,24065.1,3.5,8.1,342.8,-50.0,0.0,29.1,0x20,405.002,15.1,1875,-1,2.3,,
2026-08-05T12:36:21.000Z,M20-403-2-02820,1469968581,43.86153,4.63233,24069.5,5.5,7.9,330.4,-50.0,0.0,29.1,0x20,405.002,3.5,1875,-1,2.3,,
2026-08-05T12:36:22.000Z,M20-403-2-02820,1469968582,43.86159,4.63227,24075.3,6.5,8.6,327.3,-50.0,0.0,29.0,0x20,405.002,4.0,1875,-1,2.3,,
2026-08-05T12:36:23.000Z,M20-403-2-02820,1469968583,43.86166,4.63222,24081.4,5.7,9.1,330.5,-50.1,0.0,29.0,0x20,405.002,14.7,1875,-1,2.3,,
2026-08-05T12:36:24.000Z,M20-403-2-02820,1469968584,43.86173,4.63217,24087.7,7.1,8.6,341.5,-50.1,0.0,29.0,0x20,405.002,14.7,1875,-1,2.3,,
2026-08-05T12:36:25.000Z,M20-403-2-02820,1469968585,43.86180,4.63215,24093.8,5.3,7.7,352.2,-50.1,0.0,28.9,0x20,405.002,11.3,1875,-1,2.3,,
2026-08-05T12:36:26.000Z,M20-403-2-02820,1469968586,43.86187,4.63214,24098.5,4.3,7.8,358.0,-50.2,0.0,28.9,0x20,405.002,15.2,1875,-1,2.3,,
2026-08-05T12:36:27.000Z,M20-403-2-02820,1469968587,43.86195,4.63214,24104.5,7.4,9.4,356.6,-50.2,0.0,28.9,0x20,405.002,15.2,1875,-1,2.3,,
2026-08-05T12:36:29.000Z,M20-403-2-02820,1469968589,43.86212,4.63210,24116.9,6.9,9.9,342.1,-50.2,0.0,28.8,0x20,405.002,12.7,1875,-1,2.3,,
2026-08-05T12:36:30.000Z,M20-403-2-02820,1469968590,43.86220,4.63206,24123.4,6.2,8.4,335.1,-50.2,0.0,28.8,0x20,405.002,14.6,1875,-1,2.3,,
2026-08-05T12:36:31.000Z,M20-403-2-02820,1469968591,43.86226,4.63202,24128.0,3.0,7.0,323.0,-50.1,0.0,28.8,0x20,405.002,14.6,1875,-1,2.3,,
2026-08-05T12:36:32.000Z,M20-403-2-02820,1469968592,43.86230,4.63195,24132.4,6.0,7.5,306.7,-50.1,0.0,28.7,0x20,405.002,7.5,1875,-1,2.3,,
2026-08-05T12:36:33.000Z,M20-403-2-02820,1469968593,43.86235,4.63188,24137.8,4.9,8.4,310.3,-50.2,0.0,28.7,0x20,405.002,4.0,1875,-1,2.3,,
2026-08-05T12:36:34.000Z,M20-403-2-02820,1469968594,43.86240,4.63180,24143.6,6.7,8.1,314.7,-50.2,0.0,28.7,0x20,405.002,3.9,1875,-1,2.3,,
2026-08-05T12:36:35.000Z,M20-403-2-02820,1469968595,43.86245,4.63174,24150.8,7.5,6.7,322.1,-50.2,0.0,28.6,0x20,405.002,3.9,1875,-1,2.3,,
2026-08-05T12:36:36.000Z,M20-403-2-02820,1469968596,43.86249,4.63170,24157.0,4.8,5.7,333.2,-50.2,0.0,28.6,0x20,405.002,14.6,1875,-1,2.3,,
2026-08-05T12:36:37.000Z,M20-403-2-02820,1469968597,43.86255,4.63168,24162.2,5.7,6.8,353.2,-50.2,0.0,28.6,0x20,405.002,14.8,1875,-1,2.3,,
2026-08-05T12:36:38.000Z,M20-403-2-02820,1469968598,43.86262,4.63167,24167.6,5.0,9.0,355.1,-50.1,0.0,28.6,0x20,405.002,14.8,1875,-1,2.3,,
2026-08-05T12:36:39.000Z,M20-403-2-02820,1469968599,43.86270,4.63166,24173.1,6.0,9.6,354.9,-50.1,0.0,28.5,0x20,405.002,10.8,1875,-1,2.3,,
2026-08-05T12:36:40.000Z,M20-403-2-02820,1469968600,43.86278,4.63165,24179.4,6.8,7.9,353.6,-50.1,0.0,28.5,0x20,405.002,11.1,1875,-1,2.3,,
2026-08-05T12:36:41.000Z,M20-403-2-02820,1469968601,43.86284,4.63164,24185.9,6.7,5.5,346.4,-50.1,0.0,28.5,0x20,405.002,13.6,1875,-1,2.3,,
2026-08-05T12:36:42.000Z,M20-403-2-02820,1469968602,43.86288,4.63162,24191.6,4.8,4.1,324.7,-50.1,0.0,28.4,0x20,405.002,14.7,1875,-1,2.3,,
2026-08-05T12:36:43.000Z,M20-403-2-02820,1469968603,43.86290,4.63157,24196.5,5.0,5.4,289.3,-50.1,0.0,28.4,0x20,405.002,14.7,1875,-1,2.3,,
2026-08-05T12:36:44.000Z,M20-403-2-02820,1469968604,43.86292,4.63149,24201.7,5.7,8.4,282.4,-50.1,0.0,28.4,0x20,405.002,8.0,1875,-1,2.3,,
2026-08-05T12:36:45.000Z,M20-403-2-02820,1469968605,43.86294,4.63138,24206.5,4.0,9.6,287.9,-50.1,0.0,28.4,0x20,405.002,8.0,1875,-1,2.3,,
2026-08-05T12:36:46.000Z,M20-403-2-02820,1469968606,43.86297,4.63127,24211.8,6.9,8.7,291.6,-50.2,0.0,28.3,0x20,405.002,5.5,1875,-1,2.3,,
2026-08-05T12:36:47.000Z,M20-403-2-02820,1469968607,43.86299,4.63119,24218.8,7.0,6.3,300.3,-50.2,0.0,28.3,0x20,405.002,3.0,1875,-1,2.3,,
2026-08-05T12:36:48.000Z,M20-403-2-02820,1469968608,43.86302,4.63114,24224.5,4.4,4.5,320.2,-50.3,0.0,28.3,0x20,405.002,3.0,1875,-1,2.3,,
2026-08-05T12:36:49.000Z,M20-403-2-02820,1469968609,43.86306,4.63112,24229.5,5.8,4.7,345.4,-50.2,0.0,28.3,0x20,405.002,9.4,1875,-1,2.3,,
2026-08-05T12:36:50.000Z,M20-403-2-02820,1469968610,43.86311,4.63110,24235.4,6.1,6.4,344.1,-50.2,0.0,28.2,0x20,405.002,13.4,1875,-1,2.3,,
2026-08-05T12:36:51.000Z,M20-403-2-02820,1469968611,43.86316,4.63107,24241.6,5.9,6.7,339.4,-50.2,0.0,28.2,0x20,405.002,13.4,1875,-1,2.3,,
2026-08-05T12:36:52.000Z,M20-403-2-02820,1469968612,43.86322,4.63104,24248.0,7.1,5.8,331.7,-50.2,0.0,28.2,0x20,405.002,13.4,1875,-1,2.3,,
2026-08-05T12:36:53.000Z,M20-403-2-02820,1469968613,43.86325,4.63101,24254.2,5.5,4.2,319.8,-50.1,0.0,28.1,0x20,405.002,11.9,1875,-1,2.3,,
2026-08-05T12:36:55.000Z,M20-403-2-02820,1469968615,43.86329,4.63091,24264.9,6.2,6.6,289.9,-50.0,0.0,28.1,0x20,405.002,11.5,1875,-1,2.3,,
2026-08-05T12:36:56.000Z,M20-403-2-02820,1469968616,43.86332,4.63082,24270.7,5.2,8.0,294.3,-50.0,0.0,28.1,0x20,405.002,11.5,1875,-1,2.3,,
2026-08-05T12:36:57.000Z,M20-403-2-02820,1469968617,43.86335,4.63074,24276.7,6.7,7.8,303.0,-50.0,0.0,28.0,0x20,405.002,10.8,1875,-1,2.3,,
2026-08-05T12:36:58.000Z,M20-403-2-02820,1469968618,43.86339,4.63067,24283.5,6.9,5.9,317.7,-50.1,0.0,28.0,0x20,405.002,10.8,1875,-1,2.3,,
2026-08-05T12:36:59.000Z,M20-403-2-02820,1469968619,43.86343,4.63064,24289.6,5.4,4.1,341.3,-50.1,0.0,28.0,0x20,405.002,4.3,1875,-1,2.3,,
2026-08-05T12:37:00.000Z,M20-403-2-02820,1469968620,43.86346,4.63063,24294.8,5.0,3.8,2.1,-50.0,0.0,28.0,0x20,405.002,3.0,1875,-1,2.3,,
2026-08-05T12:37:01.000Z,M20-403-2-02820,1469968621,43.86350,4.63063,24300.9,7.2,4.7,349.3,-50.0,0.0,27.9,0x20,405.002,6.3,1875,-1,2.3,,
2026-08-05T12:37:02.000Z,M20-403-2-02820,1469968622,43.86354,4.63061,24307.1,5.2,5.7,335.4,-50.0,0.0,27.9,0x20,405.002,11.5,1875,-1,2.3,,
2026-08-05T12:37:03.000Z,M20-403-2-02820,1469968623,43.86359,4.63057,24312.8,6.3,5.8,318.4,-50.0,0.0,27.9,0x20,405.002,11.5,1875,-1,2.3,,
2026-08-05T12:37:04.000Z,M20-403-2-02820,1469968624,43.86362,4.63052,24319.0,6.5,4.6,306.2,-50.0,0.0,27.9,0x20,405.002,11.0,1875,-1,2.3,,
2026-08-05T12:37:05.000Z,M20-403-2-02820,1469968625,43.86364,4.63047,24324.5,4.6,4.1,302.7,-50.1,0.0,27.8,0x20,405.002,12.1,1875,-1,2.3,,
2026-08-05T12:37:06.000Z,M20-403-2-02820,1469968626,43.86366,4.63043,24329.6,6.0,4.7,309.6,-50.1,0.0,27.8,0x20,405.002,15.2,1875,-1,2.3,,
2026-08-05T12:37:07.000Z,M20-403-2-02820,1469968627,43.86369,4.63038,24335.4,5.8,6.5,313.2,-50.0,0.0,27.8,0x20,405.002,15.2,1875,-1,2.3,,
2026-08-05T12:37:08.000Z,M20-403-2-02820,1469968628,43.86374,4.63032,24341.0,5.6,7.8,316.6,-50.1,0.0,27.8,0x20,405.002,15.2,1875,-1,2.3,,
2026-08-05T12:37:09.000Z,M20-403-2-02820,1469968629,43.86379,4.63025,24346.7,6.3,7.3,312.9,-50.1,0.0,27.7,0x20,405.002,14.4,1875,-1,2.3,,
2026-08-05T12:37:10.000Z,M20-403-2-02820,1469968630,43.86383,4.63019,24353.1,6.6,5.2,310.7,-50.1,0.0,27.7,0x20,405.002,14.4,1875,-1,2.3,,
2026-08-05T12:37:11.000Z,M20-403-2-02820,1469968631,43.86385,4.63015,24358.4,4.3,3.7,308.1,-50.0,0.0,27.7,0x20,405.002,14.1,1875,-1,2.3,,
2026-08-05T12:37:12.000Z,M20-403-2-02820,1469968632,43.86387,4.63011,24363.6,6.5,3.7,301.3,-50.0,0.0,27.6,0x20,405.002,9.3,1875,-1,2.3,,
2026-08-05T12:37:13.000Z,M20-403-2-02820,1469968633,43.86389,4.63007,24370.0,6.2,5.2,307.2,-50.1,0.0,27.6,0x20,405.002,3.1,1875,-1,2.3,,
2026-08-05T12:37:14.000Z,M20-403-2-02820,1469968634,43.86393,4.63001,24375.9,6.0,6.4,308.5,-50.0,0.0,27.6,0x20,405.002,3.1,1875,-1,2.3,,
2026-08-05T12:37:15.000Z,M20-403-2-02820,1469968635,43.86396,4.62995,24382.3,7.0,6.3,309.6,-50.0,0.0,27.6,0x20,405.002,8.4,1875,-1,2.3,,
2026-08-05T12:37:16.000Z,M20-403-2-02820,1469968636,43.86399,4.62990,24387.9,4.2,4.8,306.8,-50.0,0.0,27.5,0x20,405.002,14.2,1875,-1,2.3,,
2026-08-05T12:37:17.000Z,M20-403-2-02820,1469968637,43.86402,4.62985,24392.4,5.0,5.1,313.2,-50.0,0.0,27.5,0x20,405.002,14.2,1875,-1,2.3,,
2026-08-05T12:37:18.000Z,M20-403-2-02820,1469968638,43.86406,4.62979,24398.0,6.3,6.8,313.0,-50.0,0.0,27.5,0x20,405.002,12.9,1875,-1,2.3,,
2026-08-05T12:37:19.000Z,M20-403-2-02820,1469968639,43.86410,4.62972,24404.0,5.6,8.2,307.4,-50.0,0.0,27.4,0x20,405.002,8.3,1875,-1,2.3,,
2026-08-05T12:37:20.000Z,M20-403-2-02820,1469968640,43.86414,4.62964,24409.5,5.5,8.8,300.5,-50.0,0.0,27.4,0x20,405.002,15.4,1875,-1,2.3,,
2026-08-05T12:37:21.000Z,M20-403-2-02820,1469968641,43.86417,4.62954,24415.4,6.2,7.7,287.9,-50.0,0.0,27.4,0x20,405.002,15.4,1875,-1,2.3,,
2026-08-05T12:37:22.000Z,M20-403-2-02820,1469968642,43.86419,4.62946,24421.0,4.8,6.3,272.3,-50.0,0.0,27.4,0x20,405.002,13.6,1875,-1,2.3,,
2026-08-05T12:37:24.000Z,M20-403-2-02820,1469968644,43.86419,4.62930,24431.5,6.2,7.2,274.2,-50.1,0.0,27.3,0x20,405.002,9.0,1875,-1,2.3,,
2026-08-05T12:37:25.000Z,M20-403-2-02820,1469968645,43.86420,4.62921,24437.6,5.7,7.8,291.5,-50.1,0.0,27.3,0x20,405.002,3.4,1875,-1,2.3,,
2026-08-05T12:37:26.000Z,M20-403-2-02820,1469968646,43.86423,4.62912,24442.9,4.5,8.6,302.1,-50.0,0.0,27.2,0x20,405.002,2.9,1875,-1,2.3,,
2026-08-05T12:37:27.000Z,M20-403-2-02820,1469968647,43.86428,4.62904,24448.2,6.2,7.7,315.6,-50.0,0.0,27.2,0x20,405.002,2.8,1875,-1,2.3,,
2026-08-05T12:37:28.000Z,M20-403-2-02820,1469968648,43.86432,4.62898,24454.3,5.9,5.4,315.5,-50.0,0.0,27.2,0x20,405.002,7.9,1875,-1,2.3,,
2026-08-05T12:37:29.000Z,M20-403-2-02820,1469968649,43.86435,4.62894,24460.1,5.7,4.7,314.3,-50.0,0.0,27.2,0x20,405.002,8.6,1875,-1,2.3,,
2026-08-05T12:37:30.000Z,M20-403-2-02820,1469968650,43.86438,4.62889,24466.4,7.2,5.6,294.9,-50.0,0.0,27.1,0x20,405.002,10.0,1875,-1,2.3,,
2026-08-05T12:37:31.000Z,M20-403-2-02820,1469968651,43.86440,4.62882,24472.5,4.8,6.6,294.2,-50.0,0.0,27.1,0x20,405.002,12.3,1875,-1,2.3,,
2026-08-05T12:37:32.000Z,M20-403-2-02820,1469968652,43.86442,4.62874,24477.8,5.8,7.3,283.5,-49.9,0.0,27.1,0x20,405.002,14.1,1875,-1,2.3,,
2026-08-05T12:37:33.000Z,M20-403-2-02820,1469968653,43.86443,4.62866,24483.8,6.4,6.5,271.3,-50.0,0.0,27.1,0x20,405.002,14.1,1875,-1,2.3,,
2026-08-05T12:37:34.000Z,M20-403-2-02820,1469968654,43.86442,4.62858,24489.2,4.3,5.0,265.3,-50.0,0.0,27.1,0x20,405.002,13.8,1875,-1,2.3,,
2026-08-05T12:37:35.000Z,M20-403-2-02820,1469968655,43.86443,4.62852,24495.1,7.2,4.7,282.2,-50.0,0.0,27.0,0x20,405.002,10.1,1875,-1,2.3,,
2026-08-05T12:37:36.000Z,M20-403-2-02820,1469968656,43.86444,4.62846,24501.6,5.8,6.1,303.8,-50.1,0.0,27.0,0x20,405.002,10.4,1875,-1,2.3,,
2026-08-05T12:37:37.000Z,M20-403-2-02820,1469968657,43.86448,4.62840,24507.0,4.7,7.3,314.3,-50.0,0.0,27.0,0x20,405.002,10.4,1875,-1,2.3,,
2026-08-05T12:37:38.000Z,M20-403-2-02820,1469968658,43.86453,4.62834,24512.6,6.6,6.4,321.4,-50.0,0.0,26.9,0x20,405.002,4.1,1875,-1,2.3,,
2026-08-05T12:37:39.000Z,M20-403-2-02820,1469968659,43.86456,4.62830,24519.0,6.2,4.5,320.0,-50.0,0.0,26.9,0x20,405.002,4.0,1875,-1,2.3,,
2026-08-05T12:37:41.000Z,M20-403-2-02820,1469968661,43.86460,4.62823,24529.2,5.8,4.0,298.7,-50.0,0.0,26.9,0x20,405.002,7.9,1875,-1,2.3,,
2026-08-05T12:37:42.000Z,M20-403-2-02820,1469968662,43.86462,4.62817,24535.5,6.6,5.6,296.9,-50.0,0.0,26.8,0x20,405.002,14.8,1875,-1,2.3,,
2026-08-05T12:37:43.000Z,M20-403-2-02820,1469968663,43.86465,4.62811,24541.1,4.7,6.6,299.6,-50.0,0.0,26.8,0x20,405.002,14.8,1875,-1,2.3,,
2026-08-05T12:37:44.000Z,M20-403-2-02820,1469968664,43.86468,4.62804,24546.2,5.5,5.9,295.7,-50.0,0.0,26.8,0x20,405.002,10.4,1875,-1,2.3,,
2026-08-05T12:37:45.000Z,M20-403-2-02820,1469968665,43.86469,4.62798,24552.3,6.7,4.2,292.8,-50.1,0.0,26.7,0x20,405.002,11.9,1875,-1,2.3,,
2026-08-05T12:37:46.000Z,M20-403-2-02820,1469968666,43.86471,4.62794,24557.7,4.3,2.3,280.3,-50.1,0.0,26.7,0x20,405.002,15.1,1875,-1,2.3,,
2026-08-05T12:37:47.000Z,M20-403-2-02820,1469968667,43.86471,4.62792,24562.8,5.9,1.9,298.3,-50.1,0.0,26.7,0x20,405.002,15.1,1875,-1,2.3,,
2026-08-05T12:37:48.000Z,M20-403-2-02820,1469968668,43.86473,4.62789,24569.0,6.5,3.8,323.6,-50.1,0.0,26.7,0x20,405.002,12.6,1875,-1,2.3,,
2026-08-05T12:37:49.000Z,M20-403-2-02820,1469968669,43.86476,4.62786,24574.4,4.4,5.5,324.9,-50.1,0.0,26.6,0x20,405.002,8.8,1875,-1,2.3,,
2026-08-05T12:37:50.000Z,M20-403-2-02820,1469968670,43.86480,4.62782,24579.2,5.3,6.2,317.5,-50.1,0.0,26.6,0x20,405.002,8.8,1875,-1,2.3,,
2026-08-05T12:37:51.000Z,M20-403-2-02820,1469968671,43.86483,4.62777,24585.1,6.6,4.8,308.6,-50.1,0.0,26.6,0x20,405.002,4.0,1875,-1,2.3,,
2026-08-05T12:37:52.000Z,M20-403-2-02820,1469968672,43.86485,4.62772,24591.0,5.0,3.3,299.5,-50.1,0.0,26.6,0x20,405.002,3.4,1875,-1,2.3,,
2026-08-05T12:37:53.000Z,M20-403-2-02820,1469968673,43.86487,4.62769,24596.2,5.7,2.4,291.6,-50.1,0.0,26.6,0x20,405.002,3.4,1875,-1,2.3,,
2026-08-05T12:37:54.000Z,M20-403-2-02820,1469968674,43.86488,4.62766,24602.3,6.5,3.8,311.8,-50.1,0.0,26.5,0x20,405.002,8.7,1875,-1,2.3,,
2026-08-05T12:37:55.000Z,M20-403-2-02820,1469968675,43.86491,4.62763,24608.2,5.4,4.0,316.8,-50.2,0.0,26.5,0x20,405.002,15.2,1875,-1,2.3,,
2026-08-05T12:37:56.000Z,M20-403-2-02820,1469968676,43.86493,4.62760,24614.0,6.2,3.0,317.0,-50.1,0.0,26.5,0x20,405.002,15.2,1875,-1,2.3,,
2026-08-05T12:37:57.000Z,M20-403-2-02820,1469968677,43.86494,4.62758,24620.1,6.3,0.5,299.9,-50.2,0.0,26.4,0x20,405.002,9.4,1875,-1,2.3,,
2026-08-05T12:37:58.000Z,M20-403-2-02820,1469968678,43.86494,4.62758,24625.5,4.5,0.6,208.3,-50.2,0.0,26.4,0x20,405.002,12.1,1875,-1,2.3,,
2026-08-05T12:37:59.000Z,M20-403-2-02820,1469968679,43.86494,4.62757,24630.6,5.7,1.1,269.5,-50.1,0.0,26.4,0x20,405.002,12.1,1875,-1,2.3,,
2026-08-05T12:38:00.000Z,M20-403-2-02820,1469968680,43.86494,4.62754,24636.6,6.4,3.5,291.5,-50.1,0.0,26.4,0x20,405.002,8.8,1875,-1,2.3,,
2026-08-05T12:38:01.000Z,M20-403-2-02820,1469968681,43.86496,4.62749,24642.2,4.9,5.2,298.8,-50.1,0.0,26.3,0x20,405.002,8.8,1875,-1,2.3,,
2026-08-05T12:38:02.000Z,M20-403-2-02820,1469968682,43.86498,4.62743,24647.8,7.0,5.7,300.3,-50.1,0.0,26.3,0x20,405.002,11.2,1875,-1,2.3,,
2026-08-05T12:38:03.000Z,M20-403-2-02820,1469968683,43.86500,4.62738,24654.5,6.7,3.9,293.3,-50.1,0.0,26.3,0x20,405.002,11.2,1875,-1,2.3,,
2026-08-05T12:38:04.000Z,M20-403-2-02820,1469968684,43.86501,4.62734,24659.5,3.8,2.2,283.7,-50.0,0.0,26.3,0x20,405.002,6.2,1875,-1,2.3,,
2026-08-05T12:38:05.000Z,M20-403-2-02820,1469968685,43.86502,4.62732,24664.1,5.5,1.1,301.0,-50.0,0.0,26.2,0x20,405.002,4.3,1875,-1,2.3,,
2026-08-05T12:38:06.000Z,M20-403-2-02820,1469968686,43.86503,4.62731,24669.7,5.9,1.9,319.6,-50.0,0.0,26.2,0x20,405.002,2.8,1875,-1,2.3,,
2026-08-05T12:38:07.000Z,M20-403-2-02820,1469968687,43.86505,4.62730,24675.1,5.3,2.5,329.6,-50.0,0.0,26.2,0x20,405.002,9.7,1875,-1,2.3,,
2026-08-05T12:38:08.000Z,M20-403-2-02820,1469968688,43.86506,4.62729,24680.8,6.2,1.5,346.5,-50.0,0.0,26.2,0x20,405.002,13.4,1875,-1,2.3,,
2026-08-05T12:38:09.000Z,M20-403-2-02820,1469968689,43.86507,4.62728,24686.9,6.1,0.5,225.9,-50.0,0.0,26.1,0x20,405.002,13.4,1875,-1,2.3,,
2026-08-05T12:38:12.000Z,M20-403-2-02820,1469968692,43.86505,4.62719,24703.2,4.6,4.9,277.6,-50.2,0.0,26.1,0x20,405.002,13.2,1875,-1,2.3,,
2026-08-05T12:38:13.000Z,M20-403-2-02820,1469968693,43.86506,4.62713,24708.2,5.3,6.1,282.3,-50.1,0.0,26.1,0x20,405.002,13.2,1875,-1,2.3,,
2026-08-05T12:38:14.000Z,M20-403-2-02820,1469968694,43.86506,4.62706,24714.0,6.7,5.4,270.2,-50.2,0.0,26.0,0x20,405.002,9.6,1875,-1,2.3,,
2026-08-05T12:38:15.000Z,M20-403-2-02820,1469968695,43.86506,4.62699,24720.0,5.4,4.5,254.0,-50.3,0.0,26.0,0x20,405.002,10.4,1875,-1,2.3,,
2026-08-05T12:38:16.000Z,M20-403-2-02820,1469968696,43.86505,4.62695,24724.4,3.7,3.0,242.8,-50.2,0.0,26.0,0x20,405.002,14.4,1875,-1,2.3,,
2026-08-05T12:38:17.000Z,M20-403-2-02820,1469968697,43.86504,4.62692,24729.2,6.1,1.6,257.4,-50.2,0.0,26.0,0x20,405.002,14.4,1875,-1,2.3,,
2026-08-05T12:38:18.000Z,M20-403-2-02820,1469968698,43.86504,4.62690,24734.9,5.2,2.1,287.2,-50.2,0.0,25.9,0x20,405.002,2.9,1875,-1,2.3,,
2026-08-05T12:38:19.000Z,M20-403-2-02820,1469968699,43.86505,4.62687,24740.2,5.6,2.8,293.0,-50.2,0.0,25.9,0x20,405.002,3.2,1875,-1,2.3,,
2026-08-05T12:38:20.000Z,M20-403-2-02820,1469968700,43.86505,4.62684,24746.3,6.6,2.7,267.1,-50.3,0.0,25.9,0x20,405.002,12.4,1875,-1,2.3,,
2026-08-05T12:38:21.000Z,M20-403-2-02820,1469968701,43.86505,4.62680,24751.8,4.5,3.3,239.5,-50.3,0.0,25.9,0x20,405.002,12.4,1875,-1,2.3,,
2026-08-05T12:38:22.000Z,M20-403-2-02820,1469968702,43.86503,4.62676,24756.6,5.0,3.9,238.6,-50.2,0.0,25.8,0x20,405.002,10.9,1875,-1,2.3,,
2026-08-05T12:38:23.000Z,M20-403-2-02820,1469968703,43.86501,4.62671,24762.6,6.8,4.9,254.7,-50.3,0.0,25.8,0x20,405.002,7.2,1875,-1,2.3,,
2026-08-05T12:38:24.000Z,M20-403-2-02820,1469968704,43.86501,4.62664,24768.1,4.4,6.2,268.2,-50.3,0.0,25.8,0x20,405.002,9.9,1875,-1,2.3,,
2026-08-05T12:38:25.000Z,M20-403-2-02820,1469968705,43.86500,4.62657,24773.8,7.1,6.2,268.2,-50.3,0.0,25.8,0x20,405.002,13.4,1875,-1,2.3,,
2026-08-05T12:38:26.000Z,M20-403-2-02820,1469968706,43.86500,4.62650,24780.0,5.7,5.6,255.0,-50.4,0.0,25.7,0x20,405.002,13.4,1875,-1,2.3,,
2026-08-05T12:38:27.000Z,M20-403-2-02820,1469968707,43.86498,4.62643,24785.1,4.4,5.0,242.8,-50.3,0.0,25.7,0x20,405.002,9.5,1875,-1,2.3,,
2026-08-05T12:38:28.000Z,M20-403-2-02820,1469968708,43.86496,4.62638,24790.5,6.9,5.0,253.1,-50.3,0.0,25.7,0x20,405.002,7.7,1875,-1,2.3,,
2026-08-05T12:38:29.000Z,M20-403-2-02820,1469968709,43.86495,4.62631,24795.8,3.7,5.5,264.5,-50.3,0.0,25.7,0x20,405.002,11.3,1875,-1,2.3,,
2026-08-05T12:38:30.000Z,M20-403-2-02820,1469968710,43.86495,4.62624,24800.2,5.8,5.8,267.6,-50.2,0.0,25.6,0x20,405.002,11.3,1875,-1,2.3,,
2026-08-05T12:38:31.000Z,M20-403-2-02820,1469968711,43.86494,4.62617,24806.4,6.6,5.8,252.4,-50.2,0.0,25.6,0x20,405.002,3.5,1875,-1,2.3,,
2026-08-05T12:38:32.000Z,M20-403-2-02820,1469968712,43.86492,4.62610,24811.9,4.5,6.1,240.5,-50.2,0.0,25.6,0x20,405.002,3.0,1875,-1,2.3,,
2026-08-05T12:38:33.000Z,M20-403-2-02820,1469968713,43.86489,4.62603,24817.4,6.6,6.8,249.1,-50.2,0.0,25.6,0x20,405.002,4.7,1875,-1,2.3,,
2026-08-05T12:38:35.000Z,M20-403-2-02820,1469968715,43.86487,4.62586,24828.1,6.0,7.7,262.5,-50.2,0.0,25.5,0x20,405.002,9.0,1875,-1,2.3,,
2026-08-05T12:38:36.000Z,M20-403-2-02820,1469968716,43.86485,4.62577,24834.4,6.5,7.1,253.2,-50.2,0.0,25.5,0x20,405.002,13.0,1875,-1,2.3,,
2026-08-05T12:38:37.000Z,M20-403-2-02820,1469968717,43.86483,4.62568,24839.0,3.0,6.8,245.5,-50.1,0.0,25.5,0x20,405.002,13.0,1875,-1,2.3,,
2026-08-05T12:38:38.000Z,M20-403-2-02820,1469968718,43.86480,4.62561,24843.6,6.3,6.5,247.6,-50.1,0.0,25.4,0x20,405.002,11.3,1875,-1,2.3,,
2026-08-05T12:38:40.000Z,M20-403-2-02820,1469968720,43.86478,4.62544,24855.4,5.1,7.1,270.0,-50.1,0.0,25.4,0x20,405.002,7.8,1875,-1,2.3,,
2026-08-05T12:38:41.000Z,M20-403-2-02820,1469968721,43.86478,4.62536,24860.4,5.2,6.3,268.0,-50.1,0.0,25.4,0x20,405.002,10.5,1875,-1,2.3,,
2026-08-05T12:38:42.000Z,M20-403-2-02820,1469968722,43.86478,4.62529,24865.8,5.8,5.2,260.1,-50.1,0.0,25.4,0x20,405.002,12.3,1875,-1,2.3,,
2026-08-05T12:38:43.000Z,M20-403-2-02820,1469968723,43.86476,4.62523,24871.3,4.9,5.2,249.7,-50.0,0.0,25.3,0x20,405.002,12.3,1875,-1,2.3,,
2026-08-05T12:38:46.000Z,M20-403-2-02820,1469968726,43.86472,4.62497,24887.0,5.3,9.0,258.3,-50.0,0.0,25.3,0x20,405.002,9.0,1875,-1,2.3,,
2026-08-05T12:38:47.000Z,M20-403-2-02820,1469968727,43.86470,4.62486,24893.1,6.9,9.8,249.2,-50.0,0.0,25.2,0x20,405.002,11.0,1875,-1,2.3,,
2026-08-05T12:38:48.000Z,M20-403-2-02820,1469968728,43.86466,4.62475,24898.1,3.3,9.4,241.1,-50.0,0.0,25.2,0x20,405.002,11.0,1875,-1,2.3,,
2026-08-05T12:38:50.000Z,M20-403-2-02820,1469968730,43.86459,4.62455,24909.4,5.1,8.7,251.4,-50.1,0.0,25.1,0x20,405.002,12.8,1875,-1,2.3,,
2026-08-05T12:38:51.000Z,M20-403-2-02820,1469968731,43.86457,4.62446,24914.7,5.4,8.0,259.1,-50.0,0.0,25.1,0x20,405.002,12.8,1875,-1,2.3,,
2026-08-05T12:38:52.000Z,M20-403-2-02820,1469968732,43.86455,4.62436,24920.5,5.9,7.0,252.6,-50.1,0.0,25.1,0x20,405.002,11.8,1875,-1,2.3,,
2026-08-05T12:38:53.000Z,M20-403-2-02820,1469968733,43.86453,4.62428,24925.3,3.6,6.7,248.6,-50.1,0.0,25.1,0x20,405.002,7.6,1875,-1,2.3,,
2026-08-05T12:38:54.000Z,M20-403-2-02820,1469968734,43.86451,4.62420,24930.2,6.0,7.8,250.0,-50.0,0.0,25.1,0x20,405.002,12.5,1875,-1,2.3,,
2026-08-05T12:38:55.000Z,M20-403-2-02820,1469968735,43.86449,4.62410,24936.2,5.6,9.7,256.7,-50.0,0.0,25.1,0x20,405.002,12.5,1875,-1,2.3,,
2026-08-05T12:38:56.000Z,M20-403-2-02820,1469968736,43.86447,4.62397,24941.1,3.9,11.7,262.8,-50.0,0.0,25.0,0x20,405.002,3.4,1875,-1,2.3,,
2026-08-05T12:38:57.000Z,M20-403-2-02820,1469968737,43.86446,4.62382,24945.7,5.3,12.1,260.9,-50.0,0.0,25.0,0x20,405.002,3.4,1875,-1,2.3,,
2026-08-05T12:38:58.000Z,M20-403-2-02820,1469968738,43.86443,4.62368,24951.7,6.8,10.7,251.9,-50.0,0.0,25.0,0x20,405.002,2.8,1875,-1,2.3,,
2026-08-05T12:38:59.000Z,M20-403-2-02820,1469968739,43.86440,4.62356,24957.3,3.9,9.7,250.4,-50.1,0.0,25.0,0x20,405.002,9.8,1875,-1,2.3,,
2026-08-05T12:39:00.000Z,M20-403-2-02820,1469968740,43.86438,4.62345,24961.9,5.6,8.5,253.2,-50.0,0.0,24.9,0x20,405.002,11.2,1875,-1,2.3,,
2026-08-05T12:39:01.000Z,M20-403-2-02820,1469968741,43.86437,4.62335,24967.9,6.5,8.5,267.8,-50.1,0.0,24.9,0x20,405.002,11.2,1875,-1,2.3,,
2026-08-05T12:39:02.000Z,M20-403-2-02820,1469968742,43.86437,4.62324,24973.1,3.7,9.2,278.2,-50.1,0.0,24.9,0x20,405.002,14.7,1875,-1,2.3,,
2026-08-05T12:39:03.000Z,M20-403-2-02820,1469968743,43.86438,4.62313,24977.8,5.8,8.7,280.9,-50.1,0.0,24.9,0x20,405.002,14.7,1875,-1,2.3,,
2026-08-05T12:39:04.000Z,M20-403-2-02820,1469968744,43.86440,4.62303,24983.9,6.4,7.6,277.1,-50.1,0.0,24.8,0x20,405.002,10.7,1875,-1,2.3,,
2026-08-05T12:39:05.000Z,M20-403-2-02820,1469968745,43.86440,4.62294,24989.7,5.0,7.4,268.5,-50.1,0.0,24.8,0x20,405.002,10.7,1875,-1,2.3,,
2026-08-05T12:39:06.000Z,M20-403-2-02820,1469968746,43.86440,4.62284,24995.0,5.8,8.8,265.9,-50.1,0.0,24.8,0x20,405.002,12.0,1875,-1,2.3,,
2026-08-05T12:39:08.000Z,M20-403-2-02820,1469968748,43.86439,4.62256,25005.4,5.2,13.8,269.3,-50.2,0.0,24.8,0x20,405.002,6.0,1875,-1,2.3,,
2026-08-05T12:39:09.000Z,M20-403-2-02820,1469968749,43.86439,4.62238,25010.2,4.3,14.7,270.1,-50.2,0.0,24.7,0x20,405.002,3.5,1875,-1,2.3,,
2026-08-05T12:39:10.000Z,M20-403-2-02820,1469968750,43.86439,4.62220,25014.8,5.2,14.0,265.8,-50.2,0.0,24.7,0x20,405.002,3.5,1875,-1,2.3,,
2026-08-05T12:39:11.000Z,M20-403-2-02820,1469968751,43.86437,4.62205,25020.3,6.2,11.5,258.5,-50.2,0.0,24.7,0x20,405.002,6.1,1875,-1,2.3,,
2026-08-05T12:39:12.000Z,M20-403-2-02820,1469968752,43.86435,4.62192,25025.6,4.1,9.6,256.4,-50.3,0.0,24.6,0x20,405.002,11.0,1875,-1,2.3,,
2026-08-05T12:39:13.000Z,M20-403-2-02820,1469968753,43.86434,4.62181,25029.6,3.9,8.2,261.5,-50.3,0.0,24.6,0x20,405.002,14.8,1875,-1,2.3,,
2026-08-05T12:39:14.000Z,M20-403-2-02820,1469968754,43.86434,4.62171,25035.0,6.9,9.3,277.8,-50.3,0.0,24.6,0x20,405.002,14.8,1875,-1,2.3,,
2026-08-05T12:39:15.000Z,M20-403-2-02820,1469968755,43.86436,4.62158,25040.2,3.6,11.2,284.8,-50.3,0.0,24.6,0x20,405.002,9.1,1875,-1,2.3,,
2026-08-05T12:39:16.000Z,M20-403-2-02820,1469968756,43.86439,4.62144,25045.0,5.9,13.1,288.9,-50.3,0.0,24.6,0x20,405.002,14.1,1875,-1,2.3,,
2026-08-05T12:39:17.000Z,M20-403-2-02820,1469968757,43.86442,4.62129,25051.0,6.0,12.3,285.1,-50.4,0.0,24.6,0x20,405.002,14.1,1875,-1,2.3,,
2026-08-05T12:39:18.000Z,M20-403-2-02820,1469968758,43.86445,4.62115,25055.5,3.0,11.6,280.6,-50.4,0.0,24.6,0x20,405.002,14.9,1875,-1,2.3,,
2026-08-05T12:39:19.000Z,M20-403-2-02820,1469968759,43.86446,4.62100,25059.7,5.4,11.6,271.0,-50.4,0.0,24.5,0x20,405.002,14.9,1875,-1,2.3,,
2026-08-05T12:39:20.000Z,M20-403-2-02820,1469968760,43.86446,4.62085,25064.5,4.1,12.6,269.5,-50.4,0.0,24.5,0x20,405.002,9.9,1875,-1,2.3,,
2026-08-05T12:39:21.000Z,M20-403-2-02820,1469968761,43.86446,4.62070,25069.4,5.7,11.9,272.1,-50.5,0.0,24.5,0x20,405.002,9.9,1875,-1,2.3,,
2026-08-05T12:39:22.000Z,M20-403-2-02820,1469968762,43.86447,4.62057,25075.4,5.9,9.9,278.1,-50.5,0.0,24.4,0x20,405.002,8.9,1875,-1,2.3,,
2026-08-05T12:39:23.000Z,M20-403-2-02820,1469968763,43.86449,4.62046,25080.0,2.9,8.6,286.9,-50.5,0.0,24.4,0x20,405.002,3.3,1875,-1,2.3,,
2026-08-05T12:39:24.000Z,M20-403-2-02820,1469968764,43.86451,4.62036,25084.1,5.1,9.0,294.0,-50.5,0.0,24.4,0x20,405.002,3.2,1875,-1,2.3,,
2026-08-05T12:39:26.000Z,M20-403-2-02820,1469968766,43.86458,4.62010,25095.4,5.2,12.6,284.4,-50.6,0.0,24.4,0x20,405.002,12.8,1875,-1,2.3,,
2026-08-05T12:39:27.000Z,M20-403-2-02820,1469968767,43.86460,4.61994,25100.0,4.1,12.9,277.2,-50.6,0.0,24.4,0x20,405.002,12.8,1875,-1,2.3,,
2026-08-05T12:39:28.000Z,M20-403-2-02820,1469968768,43.86461,4.61979,25104.8,5.9,11.7,269.5,-50.6,0.0,24.3,0x20,405.002,11.4,1875,-1,2.3,,
2026-08-05T12:39:29.000Z,M20-403-2-02820,1469968769,43.86460,4.61966,25110.1,4.5,9.8,267.0,-50.7,0.0,24.3,0x20,405.002,15.5,1875,-1,2.3,,
2026-08-05T12:39:30.000Z,M20-403-2-02820,1469968770,43.86460,4.61954,25114.9,5.0,9.0,271.1,-50.7,0.0,24.3,0x20,405.002,15.5,1875,-1,2.3,,
2026-08-05T12:39:31.000Z,M20-403-2-02820,1469968771,43.86461,4.61942,25121.1,7.0,9.6,277.7,-50.8,0.0,24.3,0x20,405.002,11.2,1875,-1,2.3,,
2026-08-05T12:39:32.000Z,M20-403-2-02820,1469968772,43.86463,4.61930,25126.7,4.1,11.2,283.9,-50.7,0.0,24.2,0x20,405.002,10.5,1875,-1,2.3,,
2026-08-05T12:39:33.000Z,M20-403-2-02820,1469968773,43.86466,4.61917,25131.9,6.0,11.3,294.7,-50.7,0.0,24.2,0x20,405.002,14.9,1875,-1,2.3,,
2026-08-05T12:39:34.000Z,M20-403-2-02820,1469968774,43.86471,4.61905,25137.2,4.9,10.6,303.3,-50.8,0.0,24.2,0x20,405.002,14.9,1875,-1,2.3,,
2026-08-05T12:39:35.000Z,M20-403-2-02820,1469968775,43.86476,4.61895,25141.9,4.6,9.5,303.5,-50.8,0.0,24.2,0x20,405.002,3.6,1875,-1,2.3,,
2026-08-05T12:39:36.000Z,M20-403-2-02820,1469968776,43.86480,4.61884,25147.1,6.1,9.4,287.6,-50.8,0.0,24.2,0x20,405.002,3.6,1875,-1,2.3,,
2026-08-05T12:39:37.000Z,M20-403-2-02820,1469968777,43.86481,4.61872,25152.5,4.8,11.1,272.5,-50.8,0.0,24.1,0x20,405.002,5.1,1875,-1,2.3,,
2026-08-05T12:39:38.000Z,M20-403-2-02820,1469968778,43.86481,4.61857,25156.8,3.8,12.3,266.4,-50.8,0.0,24.1,0x20,405.002,7.4,1875,-1,2.3,,
2026-08-05T12:39:39.000Z,M20-403-2-02820,1469968779,43.86481,4.61842,25161.5,5.3,12.8,269.5,-50.8,0.0,24.1,0x20,405.002,12.8,1875,-1,2.3,,
2026-08-05T12:39:40.000Z,M20-403-2-02820,1469968780,43.86482,4.61827,25167.3,6.6,11.6,284.5,-50.9,0.0,24.1,0x20,405.002,13.8,1875,-1,2.3,,
2026-08-05T12:39:41.000Z,M20-403-2-02820,1469968781,43.86485,4.61814,25172.8,4.3,11.0,293.8,-50.9,0.0,24.1,0x20,405.002,13.8,1875,-1,2.3,,
2026-08-05T12:39:42.000Z,M20-403-2-02820,1469968782,43.86490,4.61801,25176.7,3.9,11.5,301.6,-50.9,0.0,24.0,0x20,405.002,13.9,1875,-1,2.3,,
2026-08-05T12:39:43.000Z,M20-403-2-02820,1469968783,43.86496,4.61789,25181.7,6.3,12.4,300.6,-50.9,0.0,24.0,0x20,405.002,13.9,1875,-1,2.3,,
2026-08-05T12:39:45.000Z,M20-403-2-02820,1469968785,43.86505,4.61760,25191.8,5.1,12.8,290.6,-50.8,0.0,24.0,0x20,405.002,12.4,1875,-1,2.3,,
2026-08-05T12:39:46.000Z,M20-403-2-02820,1469968786,43.86509,4.61746,25197.3,6.2,11.9,291.5,-50.8,0.0,23.9,0x20,405.002,12.4,1875,-1,2.3,,
2026-08-05T12:39:47.000Z,M20-403-2-02820,1469968787,43.86513,4.61733,25202.4,4.5,10.8,296.2,-50.8,0.0,23.9,0x20,405.002,11.6,1875,-1,2.3,,
2026-08-05T12:39:48.000Z,M20-403-2-02820,1469968788,43.86517,4.61721,25207.0,4.9,9.8,295.7,-50.8,0.0,23.9,0x20,405.002,3.6,1875,-1,2.3,,
2026-08-05T12:39:50.000Z,M20-403-2-02820,1469968790,43.86521,4.61699,25217.7,5.3,9.4,272.1,-50.7,0.0,23.9,0x20,405.002,8.3,1875,-1,2.3,,
2026-08-05T12:39:51.000Z,M20-403-2-02820,1469968791,43.86521,4.61688,25223.0,5.5,8.9,270.4,-50.6,0.0,23.9,0x20,405.002,10.1,1875,-1,2.3,,
2026-08-05T12:39:52.000Z,M20-403-2-02820,1469968792,43.86522,4.61677,25229.4,7.3,8.1,281.7,-50.6,0.0,23.8,0x20,405.002,10.1,1875,-1,2.3,,
2026-08-05T12:39:53.000Z,M20-403-2-02820,1469968793,43.86524,4.61668,25235.0,3.9,7.8,293.4,-50.6,0.0,23.8,0x20,405.002,12.7,1875,-1,2.3,,
2026-08-05T12:39:55.000Z,M20-403-2-02820,1469968795,43.86530,4.61649,25245.1,6.1,9.0,291.4,-50.5,0.0,23.7,0x20,405.002,13.6,1875,-1,2.3,,
2026-08-05T12:39:56.000Z,M20-403-2-02820,1469968796,43.86533,4.61638,25250.2,4.2,9.8,284.7,-50.5,0.0,23.7,0x20,405.002,13.6,1875,-1,2.3,,
2026-08-05T12:39:57.000Z,M20-403-2-02820,1469968797,43.86535,4.61626,25254.9,5.0,10.3,283.8,-50.5,0.0,23.7,0x20,405.002,12.2,1875,-1,2.3,,
2026-08-05T12:39:58.000Z,M20-403-2-02820,1469968798,43.86538,4.61614,25260.7,6.5,9.4,290.8,-50.5,0.0,23.7,0x20,405.002,12.2,1875,-1,2.3,,
2026-08-05T12:39:59.000Z,M20-403-2-02820,1469968799,43.86541,4.61605,25266.5,5.3,8.2,299.0,-50.5,0.0,23.6,0x20,405.002,10.8,1875,-1,2.3,,
2026-08-05T12:40:00.000Z,M20-403-2-02820,1469968800,43.86544,4.61597,25271.7,5.2,6.2,298.5,-50.5,0.0,23.6,0x20,405.002,10.4,1875,-1,2.3,,
2026-08-05T12:40:01.000Z,M20-403-2-02820,1469968801,43.86546,4.61590,25277.0,5.3,5.1,275.1,-50.5,0.0,23.6,0x20,405.002,3.5,1875,-1,2.3,,
2026-08-05T12:40:02.000Z,M20-403-2-02820,1469968802,43.86546,4.61584,25282.2,5.1,5.4,261.3,-50.6,0.0,23.6,0x20,405.002,3.5,1875,-1,2.3,,
2026-08-05T12:40:03.000Z,M20-403-2-02820,1469968803,43.86545,4.61577,25287.0,4.4,5.7,258.5,-50.5,0.0,23.6,0x20,405.002,3.8,1875,-1,2.3,,
2026-08-05T12:40:04.000Z,M20-403-2-02820,1469968804,43.86545,4.61570,25292.2,6.2,5.1,281.7,-50.6,0.0,23.6,0x20,405.002,11.8,1875,-1,2.3,,
2026-08-05T12:40:05.000Z,M20-403-2-02820,1469968805,43.86547,4.61564,25298.0,5.4,5.5,305.1,-50.6,0.0,23.5,0x20,405.002,11.8,1875,-1,2.3,,
2026-08-05T12:40:06.000Z,M20-403-2-02820,1469968806,43.86550,4.61559,25303.0,4.8,7.2,314.8,-50.6,0.0,23.5,0x20,405.002,12.6,1875,-1,2.3,,
2026-08-05T12:40:08.000Z,M20-403-2-02820,1469968808,43.86558,4.61541,25314.0,4.1,9.0,292.3,-50.6,0.0,23.5,0x20,405.002,12.6,1875,-1,2.3,,
2026-08-05T12:40:09.000Z,M20-403-2-02820,1469968809,43.86560,4.61531,25318.6,5.0,8.3,278.6,-50.5,0.0,23.4,0x20,405.002,11.0,1875,-1,2.3,,
2026-08-05T12:40:10.000Z,M20-403-2-02820,1469968810,43.86561,4.61522,25324.3,6.5,5.9,274.0,-50.5,0.0,23.4,0x20,405.002,12.8,1875,-1,2.3,,
2026-08-05T12:40:11.000Z,M20-403-2-02820,1469968811,43.86562,4.61516,25329.9,4.4,4.5,279.4,-50.5,0.0,23.4,0x20,405.002,12.8,1875,-1,2.3,,
2026-08-05T12:40:12.000Z,M20-403-2-02820,1469968812,43.86562,4.61511,25334.9,5.6,3.4,279.5,-50.5,0.0,23.4,0x20,405.002,11.7,1875,-1,2.3,,
2026-08-05T12:40:13.000Z,M20-403-2-02820,1469968813,43.86562,4.61506,25341.0,6.4,4.1,264.6,-50.5,0.0,23.4,0x20,405.002,11.7,1875,-1,2.3,,
2026-08-05T12:40:14.000Z,M20-403-2-02820,1469968814,43.86562,4.61501,25346.5,4.7,5.0,265.3,-50.5,0.0,23.3,0x20,405.002,3.2,1875,-1,2.3,,
2026-08-05T12:40:15.000Z,M20-403-2-02820,1469968815,43.86562,4.61494,25352.4,7.0,5.6,282.0,-50.5,0.0,23.3,0x20,405.002,3.1,1875,-1,2.3,,
2026-08-05T12:40:16.000Z,M20-403-2-02820,1469968816,43.86564,4.61487,25358.7,5.6,6.4,304.1,-50.5,0.0,23.3,0x20,405.002,5.8,1875,-1,2.3,,
2026-08-05T12:40:17.000Z,M20-403-2-02820,1469968817,43.86568,4.61480,25363.8,4.5,7.5,309.1,-50.3,0.0,23.3,0x20,405.002,7.4,1875,-1,2.3,,
2026-08-05T12:40:18.000Z,M20-403-2-02820,1469968818,43.86572,4.61472,25369.2,6.3,8.8,302.3,-50.3,0.0,23.2,0x20,405.002,11.2,1875,-1,2.3,,
2026-08-05T12:40:19.000Z,M20-403-2-02820,1469968819,43.86576,4.61462,25374.2,3.7,8.8,287.9,-50.2,0.0,23.2,0x20,405.002,11.2,1875,-1,2.3,,
2026-08-05T12:40:20.000Z,M20-403-2-02820,1469968820,43.86578,4.61451,25378.5,4.9,9.3,281.6,-50.1,0.0,23.2,0x20,405.002,11.6,1875,-1,2.3,,
2026-08-05T12:40:21.000Z,M20-403-2-02820,1469968821,43.86580,4.61440,25384.1,6.2,9.1,284.7,-50.1,0.0,23.2,0x20,405.002,11.6,1875,-1,2.3,,
2026-08-05T12:40:22.000Z,M20-403-2-02820,1469968822,43.86582,4.61430,25390.0,5.5,8.5,295.0,-50.1,0.0,23.2,0x20,405.002,10.3,1875,-1,2.3,,
2026-08-05T12:40:23.000Z,M20-403-2-02820,1469968823,43.86586,4.61421,25395.3,4.9,7.7,298.6,-50.0,0.0,23.1,0x20,405.002,11.9,1875,-1,2.3,,
2026-08-05T12:40:24.000Z,M20-403-2-02820,1469968824,43.86588,4.61413,25400.8,5.5,6.6,296.2,-50.0,0.0,23.1,0x20,405.002,11.9,1875,-1,2.3,,
2026-08-05T12:40:25.000Z,M20-403-2-02820,1469968825,43.86590,4.61405,25406.8,6.3,6.2,286.5,-50.0,0.0,23.1,0x20,405.002,12.6,1875,-1,2.3,,
2026-08-05T12:40:26.000Z,M20-403-2-02820,1469968826,43.86592,4.61397,25412.8,5.1,6.6,283.9,-49.9,0.0,23.0,0x20,405.002,12.6,1875,-1,2.3,,
2026-08-05T12:40:27.000Z,M20-403-2-02820,1469968827,43.86594,4.61389,25418.6,5.9,7.9,296.0,-49.9,0.0,23.0,0x20,405.002,4.0,1875,-1,2.3,,
2026-08-05T12:40:28.000Z,M20-403-2-02820,1469968828,43.86599,4.61380,25424.5,6.3,10.3,311.5,-49.9,0.0,23.0,0x20,405.002,3.3,1875,-1,2.3,,
2026-08-05T12:40:29.000Z,M20-403-2-02820,1469968829,43.86606,4.61370,25429.7,4.1,12.1,318.7,-50.0,0.0,23.0,0x20,405.002,3.3,1875,-1,2.3,,
2026-08-05T12:40:31.000Z,M20-403-2-02820,1469968831,43.86621,4.61350,25441.2,6.8,10.9,307.9,-49.9,0.0,22.9,0x20,405.002,11.3,1875,-1,2.3,,
2026-08-05T12:40:32.000Z,M20-403-2-02820,1469968832,43.86626,4.61338,25446.3,3.2,10.1,297.4,-49.8,0.0,22.9,0x20,405.002,11.3,1875,-1,2.3,,
2026-08-05T12:40:33.000Z,M20-403-2-02820,1469968833,43.86630,4.61327,25451.1,6.2,9.7,292.2,-49.8,0.0,22.9,0x20,405.002,11.3,1875,-1,2.3,,
2026-08-05T12:40:34.000Z,M20-403-2-02820,1469968834,43.86634,4.61316,25457.5,6.3,9.7,297.7,-49.9,0.0,22.9,0x20,405.002,11.3,1875,-1,2.3,,
2026-08-05T12:40:35.000Z,M20-403-2-02820,1469968835,43.86638,4.61306,25463.2,5.4,9.6,304.5,-49.8,0.0,22.9,0x20,405.002,10.2,1875,-1,2.3,,
2026-08-05T12:40:36.000Z,M20-403-2-02820,1469968836,43.86643,4.61297,25469.5,7.0,9.2,304.6,-49.8,0.0,22.8,0x20,405.002,9.9,1875,-1,2.3,,
2026-08-05T12:40:37.000Z,M20-403-2-02820,1469968837,43.86648,4.61287,25475.4,4.8,8.6,302.5,-49.8,0.0,22.8,0x20,405.002,9.7,1875,-1,2.3,,
2026-08-05T12:40:38.000Z,M20-403-2-02820,1469968838,43.86652,4.61279,25481.3,7.0,8.6,310.1,-49.7,0.0,22.8,0x20,405.002,11.8,1875,-1,2.3,,
2026-08-05T12:40:39.000Z,M20-403-2-02820,1469968839,43.86658,4.61271,25487.5,5.8,9.7,321.8,-49.7,0.0,22.8,0x20,405.002,11.8,1875,-1,2.3,,
2026-08-05T12:40:40.000Z,M20-403-2-02820,1469968840,43.86665,4.61264,25492.5,4.3,10.3,329.4,-49.6,0.0,22.7,0x20,405.002,5.0,1875,-1,2.3,,
2026-08-05T12:40:41.000Z,M20-403-2-02820,1469968841,43.86673,4.61258,25497.6,5.9,9.2,330.0,-49.4,0.0,22.7,0x20,405.002,3.6,1875,-1,2.3,,
2026-08-05T12:40:42.000Z,M20-403-2-02820,1469968842,43.86679,4.61252,25503.7,6.4,7.1,316.1,-49.3,0.0,22.7,0x20,405.002,3.6,1875,-1,2.3,,
2026-08-05T12:40:43.000Z,M20-403-2-02820,1469968843,43.86682,4.61246,25509.2,4.8,6.3,300.7,-49.2,0.0,22.7,0x20,405.002,8.2,1875,-1,2.3,,
2026-08-05T12:40:44.000Z,M20-403-2-02820,1469968844,43.86685,4.61238,25514.8,6.4,7.0,289.0,-49.1,0.0,22.6,0x20,405.002,9.5,1875,-1,2.3,,
2026-08-05T12:40:45.000Z,M20-403-2-02820,1469968845,43.86688,4.61230,25520.9,5.9,7.9,300.2,-49.1,0.0,22.6,0x20,405.002,11.3,1875,-1,2.3,,
2026-08-05T12:40:46.000Z,M20-403-2-02820,1469968846,43.86692,4.61221,25525.7,3.8,8.4,306.1,-48.9,0.0,22.6,0x20,405.002,11.5,1875,-1,2.3,,
2026-08-05T12:40:47.000Z,M20-403-2-02820,1469968847,43.86696,4.61213,25530.9,6.6,8.1,307.1,-48.9,0.0,22.6,0x20,405.002,11.5,1875,-1,2.3,,
2026-08-05T12:40:48.000Z,M20-403-2-02820,1469968848,43.86700,4.61206,25537.2,5.8,7.1,303.4,-48.9,0.0,22.5,0x20,405.002,12.0,1875,-1,2.3,,
2026-08-05T12:40:49.000Z,M20-403-2-02820,1469968849,43.86703,4.61199,25543.0,6.0,5.7,311.1,-48.9,0.0,22.5,0x20,405.002,12.3,1875,-1,2.3,,
2026-08-05T12:40:50.000Z,M20-403-2-02820,1469968850,43.86707,4.61195,25549.7,7.1,5.5,333.2,-48.9,0.0,22.5,0x20,405.002,12.3,1875,-1,2.3,,
2026-08-05T12:40:51.000Z,M20-403-2-02820,1469968851,43.86712,4.61193,25555.5,4.3,6.4,345.0,-48.9,0.0,22.5,0x20,405.002,11.9,1875,-1,2.3,,
2026-08-05T12:40:52.000Z,M20-403-2-02820,1469968852,43.86718,4.61190,25561.5,7.5,6.1,337.7,-48.8,0.0,22.5,0x20,405.002,11.9,1875,-1,2.3,,
2026-08-05T12:40:53.000Z,M20-403-2-02820,1469968853,43.86722,4.61187,25568.5,6.8,5.2,317.3,-48.8,0.0,22.4,0x20,405.002,3.9,1875,-1,2.3,,
2026-08-05T12:40:54.000Z,M20-403-2-02820,1469968854,43.86724,4.61181,25574.0,4.1,5.4,294.8,-48.7,0.0,22.4,0x20,405.002,3.9,1875,-1,2.3,,
2026-08-05T12:40:55.000Z,M20-403-2-02820,1469968855,43.86726,4.61175,25578.9,6.3,6.0,288.9,-48.7,0.0,22.4,0x20,405.002,3.2,1875,-1,2.3,,
2026-08-05T12:40:56.000Z,M20-403-2-02820,1469968856,43.86729,4.61168,25585.0,6.0,6.4,300.2,-48.7,0.0,22.4,0x20,405.002,9.7,1875,-1,2.3,,
2026-08-05T12:40:57.000Z,M20-403-2-02820,1469968857,43.86732,4.61162,25590.6,5.5,6.1,312.5,-48.7,0.0,22.4,0x20,405.002,10.8,1875,-1,2.3,,
2026-08-05T12:40:58.000Z,M20-403-2-02820,1469968858,43.86735,4.61157,25596.6,6.5,3.9,315.0,-48.7,0.0,22.3,0x20,405.002,10.8,1875,-1,2.3,,
2026-08-05T12:40:59.000Z,M20-403-2-02820,1469968859,43.86737,4.61154,25602.4,5.0,2.6,312.2,-48.8,0.0,22.3,0x20,405.002,13.2,1875,-1,2.3,,
2026-08-05T12:41:00.000Z,M20-403-2-02820,1469968860,43.86738,4.61152,25607.0,4.8,1.6,314.2,-48.6,0.0,22.3,0x20,405.002,13.2,1875,-1,2.3,,
2026-08-05T12:41:01.000Z,M20-403-2-02820,1469968861,43.86740,4.61151,25612.5,6.6,2.2,322.6,-48.7,0.0,22.2,0x20,405.002,11.2,1875,-1,2.3,,
2026-08-05T12:41:02.000Z,M20-403-2-02820,1469968862,43.86742,4.61148,25618.8,6.3,3.8,327.1,-48.6,0.0,22.2,0x20,405.002,11.4,1875,-1,2.3,,
2026-08-05T12:41:03.000Z,M20-403-2-02820,1469968863,43.86745,4.61145,25624.8,5.9,5.1,318.5,-48.6,0.0,22.2,0x20,405.002,11.4,1875,-1,2.3,,
2026-08-05T12:41:04.000Z,M20-403-2-02820,1469968864,43.86748,4.61140,25631.3,7.0,5.9,296.8,-48.6,0.0,22.2,0x20,405.002,12.8,1875,-1,2.3,,
2026-08-05T12:41:05.000Z,M20-403-2-02820,1469968865,43.86750,4.61132,25637.3,4.8,6.3,275.0,-48.6,0.0,22.2,0x20,405.002,12.8,1875,-1,2.3,,
2026-08-05T12:41:06.000Z,M20-403-2-02820,1469968866,43.86749,4.61125,25642.3,5.6,6.3,264.4,-48.6,0.0,22.2,0x20,405.002,3.1,1875,-1,2.3,,
2026-08-05T12:41:07.000Z,M20-403-2-02820,1469968867,43.86749,4.61118,25649.2,8.1,4.6,270.4,-48.6,0.0,22.1,0x20,405.002,2.9,1875,-1,2.3,,
2026-08-05T12:41:08.000Z,M20-403-2-02820,1469968868,43.86750,4.61113,25655.5,4.7,3.5,285.9,-48.6,0.0,22.1,0x20,405.002,3.0,1875,-1,2.3,,
2026-08-05T12:41:09.000Z,M20-403-2-02820,1469968869,43.86751,4.61110,25661.4,6.9,1.6,312.0,-48.5,0.0,22.1,0x20,405.002,6.8,1875,-1,2.3,,
2026-08-05T12:41:10.000Z,M20-403-2-02820,1469968870,43.86751,4.61109,25667.3,5.2,1.3,257.1,-48.6,0.0,22.0,0x20,405.002,13.1,1875,-1,2.3,,
2026-08-05T12:41:11.000Z,M20-403-2-02820,1469968871,43.86750,4.61107,25672.7,5.2,1.9,228.5,-48.5,0.0,22.0,0x20,405.002,13.1,1875,-1,2.3,,
2026-08-05T12:41:12.000Z,M20-403-2-02820,1469968872,43.86750,4.61105,25678.3,6.3,2.6,267.1,-48.5,0.0,22.0,0x20,405.002,12.9,1875,-1,2.3,,
2026-08-05T12:41:13.000Z,M20-403-2-02820,1469968873,43.86750,4.61101,25684.9,6.5,4.1,294.3,-48.6,0.0,22.0,0x20,405.002,12.9,1875,-1,2.3,,
2026-08-05T12:41:14.000Z,M20-403-2-02820,1469968874,43.86752,4.61095,25690.5,5.1,5.6,298.1,-48.5,0.0,22.0,0x20,405.002,10.3,1875,-1,2.3,,
2026-08-05T12:41:15.000Z,M20-403-2-02820,1469968875,43.86754,4.61089,25696.4,7.1,5.8,289.8,-48.5,0.0,21.9,0x20,405.002,10.3,1875,-1,2.3,,
2026-08-05T12:41:16.000Z,M20-403-2-02820,1469968876,43.86755,4.61083,25702.8,5.7,5.0,274.6,-48.6,0.0,21.9,0x20,405.002,10.2,1875,-1,2.3,,
2026-08-05T12:41:17.000Z,M20-403-2-02820,1469968877,43.86755,4.61077,25708.0,5.1,4.1,262.3,-48.5,0.0,21.9,0x20,405.002,10.2,1875,-1,2.3,,
2026-08-05T12:41:18.000Z,M20-403-2-02820,1469968878,43.86755,4.61072,25714.5,8.0,3.6,274.9,-48.5,0.0,21.9,0x20,405.002,9.4,1875,-1,2.3,,
2026-08-05T12:41:19.000Z,M20-403-2-02820,1469968879,43.86756,4.61068,25721.1,5.1,3.9,294.3,-48.5,0.0,21.8,0x20,405.002,9.4,1875,-1,2.3,,
2026-08-05T12:41:20.000Z,M20-403-2-02820,1469968880,43.86758,4.61064,25727.0,6.8,4.0,299.0,-48.5,0.0,21.8,0x20,405.002,4.2,1875,-1,2.3,,
2026-08-05T12:41:21.000Z,M20-403-2-02820,1469968881,43.86759,4.61059,25734.2,7.4,3.5,277.9,-48.5,0.0,21.8,0x20,405.002,5.1,1875,-1,2.3,,
2026-08-05T12:41:23.000Z,M20-403-2-02820,1469968883,43.86758,4.61048,25746.1,7.5,6.5,259.3,-48.4,0.0,21.8,0x20,405.002,10.9,1875,-1,2.3,,
2026-08-05T12:41:24.000Z,M20-403-2-02820,1469968884,43.86757,4.61039,25752.4,5.3,7.7,268.3,-48.4,0.0,21.7,0x20,405.002,10.9,1875,-1,2.3,,
2026-08-05T12:41:25.000Z,M20-403-2-02820,1469968885,43.86757,4.61030,25758.2,6.4,8.2,271.4,-48.4,0.0,21.7,0x20,405.002,12.7,1875,-1,2.3,,
2026-08-05T12:41:26.000Z,M20-403-2-02820,1469968886,43.86756,4.61020,25764.9,6.9,7.2,262.0,-48.4,0.0,21.7,0x20,405.002,12.7,1875,-1,2.3,,
2026-08-05T12:41:27.000Z,M20-403-2-02820,1469968887,43.86755,4.61012,25771.6,6.4,6.0,243.3,-48.4,0.0,21.6,0x20,405.002,9.9,1875,-1,2.3,,
2026-08-05T12:41:28.000Z,M20-403-2-02820,1469968888,43.86752,4.61007,25777.6,5.4,4.5,227.5,-48.4,0.0,21.6,0x20,405.002,12.6,1875,-1,2.3,,
2026-08-05T12:41:29.000Z,M20-403-2-02820,1469968889,43.86750,4.61004,25783.4,6.1,2.4,223.3,-48.3,0.0,21.6,0x20,405.002,12.6,1875,-1,2.3,,
2026-08-05T12:41:30.000Z,M20-403-2-02820,1469968890,43.86749,4.61002,25789.9,7.0,1.2,296.2,-48.4,0.0,21.6,0x20,405.002,9.2,1875,-1,2.3,,
2026-08-05T12:41:31.000Z,M20-403-2-02820,1469968891,43.86751,4.61001,25795.5,4.2,2.5,314.8,-48.3,0.0,21.6,0x20,405.002,7.1,1875,-1,2.3,,
2026-08-05T12:41:32.000Z,M20-403-2-02820,1469968892,43.86752,4.60998,25800.7,6.3,3.1,291.5,-48.3,0.0,21.6,0x20,405.002,3.5,1875,-1,2.3,,
2026-08-05T12:41:33.000Z,M20-403-2-02820,1469968893,43.86752,4.60993,25807.3,7.1,4.3,253.5,-48.3,0.0,21.5,0x20,405.002,3.3,1875,-1,2.3,,
2026-08-05T12:41:34.000Z,M20-403-2-02820,1469968894,43.86750,4.60988,25813.2,4.9,5.2,236.4,-48.3,0.0,21.5,0x20,405.002,5.7,1875,-1,2.3,,
2026-08-05T12:41:35.000Z,M20-403-2-02820,1469968895,43.86747,4.60982,25819.1,6.7,7.0,239.2,-48.2,0.0,21.5,0x20,405.002,8.5,1875,-1,2.3,,
2026-08-05T12:41:36.000Z,M20-403-2-02820,1469968896,43.86744,4.60974,25826.1,7.4,7.5,250.4,-48.3,0.0,21.4,0x20,405.002,10.0,1875,-1,2.3,,
2026-08-05T12:41:37.000Z,M20-403-2-02820,1469968897,43.86743,4.60965,25832.7,5.9,6.8,263.4,-48.3,0.0,21.4,0x20,405.002,10.8,1875,-1,2.3,,
2026-08-05T12:41:38.000Z,M20-403-2-02820,1469968898,43.86742,4.60958,25839.0,7.0,5.1,262.5,-48.3,0.0,21.4,0x20,405.002,12.7,1875,-1,2.3,,
2026-08-05T12:41:39.000Z,M20-403-2-02820,1469968899,43.86741,4.60953,25845.7,6.4,3.4,246.3,-48.3,0.0,21.4,0x20,405.002,14.6,1875,-1,2.3,,
2026-08-05T12:41:40.000Z,M20-403-2-02820,1469968900,43.86739,4.60949,25851.0,4.6,3.6,221.7,-48.2,0.0,21.4,0x20,405.002,14.6,1875,-1,2.3,,
2026-08-05T12:41:41.000Z,M20-403-2-02820,1469968901,43.86737,4.60946,25856.5,6.3,4.0,224.1,-48.2,0.0,21.3,0x20,405.002,12.6,1875,-1,2.3,,
2026-08-05T12:41:42.000Z,M20-403-2-02820,1469968902,43.86735,4.60941,25863.4,7.8,5.3,252.9,-48.2,0.0,21.3,0x20,405.002,12.2,1875,-1,2.3,,
2026-08-05T12:41:43.000Z,M20-403-2-02820,1469968903,43.86733,4.60934,25869.9,5.4,6.9,257.6,-48.2,0.0,21.3,0x20,405.002,10.0,1875,-1,2.3,,
2026-08-05T12:41:44.000Z,M20-403-2-02820,1469968904,43.86732,4.60925,25875.3,5.6,8.0,263.5,-48.1,0.0,21.3,0x20,405.002,8.7,1875,-1,2.3,,
2026-08-05T12:41:45.000Z,M20-403-2-02820,1469968905,43.86731,4.60916,25882.0,7.9,7.3,252.5,-48.1,0.0,21.2,0x20,405.002,3.6,1875,-1,2.3,,
2026-08-05T12:41:46.000Z,M20-403-2-02820,1469968906,43.86729,4.60908,25888.4,5.4,5.8,240.7,-48.1,0.0,21.2,0x20,405.002,3.2,1875,-1,2.3,,
2026-08-05T12:41:47.000Z,M20-403-2-02820,1469968907,43.86726,4.60903,25894.0,5.9,4.1,227.0,-48.0,0.0,21.2,0x20,405.002,3.2,1875,-1,2.3,,
2026-08-05T12:41:48.000Z,M20-403-2-02820,1469968908,43.86724,4.60900,25900.7,7.9,2.9,245.0,-48.0,0.0,21.2,0x20,405.002,13.5,1875,-1,2.3,,
2026-08-05T12:41:49.000Z,M20-403-2-02820,1469968909,43.86724,4.60896,25906.9,5.0,3.0,269.8,-47.9,0.0,21.2,0x20,405.002,13.5,1875,-1,2.3,,
2026-08-05T12:41:50.000Z,M20-403-2-02820,1469968910,43.86724,4.60892,25912.5,8.0,3.1,271.3,-47.9,0.0,21.1,0x20,405.002,13.5,1875,-1,2.3,,
2026-08-05T12:41:51.000Z,M20-403-2-02820,1469968911,43.86723,4.60889,25919.0,5.8,2.6,250.6,-47.9,0.0,21.1,0x20,405.002,13.3,1875,-1,2.3,,
2026-08-05T12:41:52.000Z,M20-403-2-02820,1469968912,43.86722,4.60886,25924.5,5.3,3.8,228.1,-47.8,0.0,21.1,0x20,405.002,9.0,1875,-1,2.3,,
2026-08-05T12:41:53.000Z,M20-403-2-02820,1469968913,43.86720,4.60882,25929.6,5.7,4.9,242.7,-47.8,0.0,21.1,0x20,405.002,8.5,1875,-1,2.3,,
2026-08-05T12:41:54.000Z,M20-403-2-02820,1469968914,43.86718,4.60875,25935.4,6.4,6.6,260.6,-47.7,0.0,21.0,0x20,405.002,8.2,1875,-1,2.3,,
2026-08-05T12:41:55.000Z,M20-403-2-02820,1469968915,43.86718,4.60867,25941.2,5.8,6.7,271.2,-47.8,0.0,21.0,0x20,405.002,12.1,1875,-1,2.3,,
2026-08-05T12:41:56.000Z,M20-403-2-02820,1469968916,43.86718,4.60859,25947.2,6.7,6.5,265.5,-47.7,0.0,21.0,0x20,405.002,14.1,1875,-1,2.3,,
2026-08-05T12:41:57.000Z,M20-403-2-02820,1469968917,43.86716,4.60852,25954.1,7.5,5.9,242.9,-47.7,0.0,21.0,0x20,405.002,14.1,1875,-1,2.3,,
2026-08-05T12:41:58.000Z,M20-403-2-02820,1469968918,43.86713,4.60846,25960.2,5.1,5.6,226.5,-47.7,0.0,20.9,0x20,405.002,4.7,1875,-1,2.3,,
2026-08-05T12:41:59.000Z,M20-403-2-02820,1469968919,43.86710,4.60843,25966.0,6.2,3.7,214.4,-47.7,0.0,20.9,0x20,405.002,3.4,1875,-1,2.3,,
2026-08-05T12:42:00.000Z,M20-403-2-02820,1469968920,43.86709,4.60840,25972.4,7.2,2.0,255.4,-47.7,0.0,20.9,0x20,405.002,3.4,1875,-1,2.3,,
2026-08-05T12:42:01.000Z,M20-403-2-02820,1469968921,43.86709,4.60837,25978.3,4.4,3.5,288.5,-47.7,0.0,20.9,0x20,405.002,13.0,1875,-1,2.3,,
2026-08-05T12:42:02.000Z,M20-403-2-02820,1469968922,43.86710,4.60832,25983.7,6.8,5.0,281.9,-47.6,0.0,20.9,0x20,405.002,13.3,1875,-1,2.3,,
2026-08-05T12:42:03.000Z,M20-403-2-02820,1469968923,43.86710,4.60826,25990.8,7.3,5.4,262.4,-47.6,0.0,20.8,0x20,405.002,13.6,1875,-1,2.3,,
2026-08-05T12:42:04.000Z,M20-403-2-02820,1469968924,43.86709,4.60820,25997.2,5.9,5.6,243.9,-47.6,0.0,20.8,0x20,405.002,14.0,1875,-1,2.3,,
2026-08-05T12:42:05.000Z,M20-403-2-02820,1469968925,43.86706,4.60813,26002.9,6.2,5.6,238.8,-47.5,0.0,20.8,0x20,405.002,14.0,1875,-1,2.3,,
2026-08-05T12:42:06.000Z,M20-403-2-02820,1469968926,43.86704,4.60807,26009.3,7.2,5.7,245.9,-47.5,0.0,20.8,0x20,405.002,13.2,1875,-1,2.3,,
2026-08-05T12:42:07.000Z,M20-403-2-02820,1469968927,43.86702,4.60800,26015.5,5.4,6.2,252.1,-47.5,0.0,20.7,0x20,405.002,13.2,1875,-1,2.3,,
2026-08-05T12:42:08.000Z,M20-403-2-02820,1469968928,43.86699,4.60793,26020.8,5.4,6.7,244.7,-47.5,0.0,20.7,0x20,405.002,9.6,1875,-1,2.3,,
2026-08-05T12:42:09.000Z,M20-403-2-02820,1469968929,43.86695,4.60786,26026.5,6.2,7.8,229.9,-47.5,0.0,20.7,0x20,405.002,9.3,1875,-1,2.3,,
2026-08-05T12:42:10.000Z,M20-403-2-02820,1469968930,43.86690,4.60779,26032.8,6.7,8.0,218.7,-47.5,0.0,20.7,0x20,405.002,9.3,1875,-1,2.3,,
2026-08-05T12:42:11.000Z,M20-403-2-02820,1469968931,43.86685,4.60773,26039.2,5.9,7.5,218.0,-47.4,0.0,20.7,0x20,405.002,6.4,1875,-1,2.3,,
2026-08-05T12:42:12.000Z,M20-403-2-02820,1469968932,43.86680,4.60768,26045.7,7.1,6.1,229.3,-47.4,0.0,20.6,0x20,405.002,4.4,1875,-1,2.3,,
2026-08-05T12:42:13.000Z,M20-403-2-02820,1469968933,43.86678,4.60762,26052.2,6.3,5.4,259.8,-47.4,0.0,20.6,0x20,405.002,3.6,1875,-1,2.3,,
2026-08-05T12:42:14.000Z,M20-403-2-02820,1469968934,43.86678,4.60754,26057.7,5.0,6.4,277.5,-47.4,0.0,20.6,0x20,405.002,8.2,1875,-1,2.3,,
2026-08-05T12:42:15.000Z,M20-403-2-02820,1469968935,43.86679,4.60745,26063.6,7.2,8.1,273.2,-47.4,0.0,20.6,0x20,405.002,8.2,1875,-1,2.3,,
2026-08-05T12:42:16.000Z,M20-403-2-02820,1469968936,43.86678,4.60735,26070.5,7.0,9.1,256.0,-47.4,0.0,20.6,0x20,405.002,7.1,1875,-1,2.3,,
2026-08-05T12:42:17.000Z,M20-403-2-02820,1469968937,43.86675,4.60724,26075.8,3.5,9.6,239.1,-47.4,0.0,20.5,0x20,405.002,10.3,1875,-1,2.3,,
2026-08-05T12:42:18.000Z,M20-403-2-02820,1469968938,43.86670,4.60714,26080.7,6.2,9.5,233.3,-47.3,0.0,20.5,0x20,405.002,11.6,1875,-1,2.3,,
2026-08-05T12:42:19.000Z,M20-403-2-02820,1469968939,43.86666,4.60705,26087.4,7.2,8.5,235.7,-47.3,0.0,20.5,0x20,405.002,11.6,1875,-1,2.3,,
2026-08-05T12:42:20.000Z,M20-403-2-02820,1469968940,43.86662,4.60697,26093.8,5.7,7.4,239.1,-47.4,0.0,20.5,0x20,405.002,11.5,1875,-1,2.3,,
2026-08-05T12:42:21.000Z,M20-403-2-02820,1469968941,43.86659,4.60690,26099.4,5.5,6.0,240.8,-47.3,0.0,20.4,0x20,405.002,11.5,1875,-1,2.3,,
2026-08-05T12:42:22.000Z,M20-403-2-02820,1469968942,43.86656,4.60684,26105.2,6.2,6.2,234.4,-47.3,0.0,20.4,0x20,405.002,11.5,1875,-1,2.3,,
2026-08-05T12:42:23.000Z,M20-403-2-02820,1469968943,43.86652,4.60677,26111.3,6.1,7.5,232.5,-47.3,0.0,20.4,0x20,405.002,13.3,1875,-1,2.3,,
2026-08-05T12:42:24.000Z,M20-403-2-02820,1469968944,43.86648,4.60668,26117.4,5.8,9.5,238.9,-47.3,0.0,20.4,0x20,405.002,7.8,1875,-1,2.3,,
2026-08-05T12:42:25.000Z,M20-403-2-02820,1469968945,43.86644,4.60656,26123.4,6.3,10.8,253.0,-47.3,0.0,20.4,0x20,405.002,2.8,1875,-1,2.3,,
2026-08-05T12:42:26.000Z,M20-403-2-02820,1469968946,43.86643,4.60643,26130.1,7.1,11.7,268.4,-47.4,0.0,20.3,0x20,405.002,5.0,1875,-1,2.3,,
2026-08-05T12:42:27.000Z,M20-403-2-02820,1469968947,43.86643,4.60628,26136.5,5.5,11.8,277.5,-47.4,0.0,20.3,0x20,405.002,10.6,1875,-1,2.3,,
2026-08-05T12:42:28.000Z,M20-403-2-02820,1469968948,43.86645,4.60614,26142.4,6.2,11.0,277.3,-47.4,0.0,20.3,0x20,405.002,13.5,1875,-1,2.3,,
2026-08-05T12:42:29.000Z,M20-403-2-02820,1469968949,43.86645,4.60602,26149.0,7.5,9.3,262.5,-47.4,0.0,20.3,0x20,405.002,13.5,1875,-1,2.3,,
2026-08-05T12:42:30.000Z,M20-403-2-02820,1469968950,43.86642,4.60592,26155.7,6.1,9.2,242.9,-47.4,0.0,20.3,0x20,405.002,13.3,1875,-1,2.3,,
2026-08-05T12:42:31.000Z,M20-403-2-02820,1469968951,43.86638,4.60582,26161.2,5.1,9.2,229.0,-47.3,0.0,20.2,0x20,405.002,14.6,1875,-1,2.3,,
2026-08-05T12:42:32.000Z,M20-403-2-02820,1469968952,43.86632,4.60574,26166.7,6.6,8.2,228.0,-47.3,0.0,20.2,0x20,405.002,14.6,1875,-1,2.3,,
2026-08-05T12:42:33.000Z,M20-403-2-02820,1469968953,43.86628,4.60567,26173.3,6.6,6.9,238.1,-47.4,0.0,20.2,0x20,405.002,9.7,1875,-1,2.3,,
2026-08-05T12:42:34.000Z,M20-403-2-02820,1469968954,43.86626,4.60559,26179.4,5.9,7.3,257.7,-47.4,0.0,20.1,0x20,405.002,7.6,1875,-1,2.3,,
2026-08-05T12:42:35.000Z,M20-403-2-02820,1469968955,43.86625,4.60548,26186.1,7.7,10.1,264.9,-47.4,0.0,20.1,0x20,405.002,7.6,1875,-1,2.3,,
2026-08-05T12:42:37.000Z,M20-403-2-02820,1469968957,43.86622,4.60519,26196.6,4.5,14.1,263.6,-47.5,0.0,20.1,0x20,405.002,6.9,1875,-1,2.3,,
2026-08-05T12:42:38.000Z,M20-403-2-02820,1469968958,43.86621,4.60501,26201.8,6.1,14.3,269.3,-47.5,0.0,20.1,0x20,405.002,3.4,1875,-1,2.3,,
2026-08-05T12:42:39.000Z,M20-403-2-02820,1469968959,43.86621,4.60485,26206.7,4.5,13.6,270.8,-47.5,0.0,20.1,0x20,405.002,3.4,1875,-1,2.3,,
2026-08-05T12:42:40.000Z,M20-403-2-02820,1469968960,43.86621,4.60468,26211.9,7.0,12.9,265.3,-47.5,0.0,20.0,0x20,405.002,9.3,1875,-1,2.3,,
2026-08-05T12:42:41.000Z,M20-403-2-02820,1469968961,43.86619,4.60453,26219.0,6.8,12.9,256.8,-47.5,0.0,20.0,0x20,405.002,10.2,1875,-1,2.3,,
2026-08-05T12:42:42.000Z,M20-403-2-02820,1469968962,43.86615,4.60438,26224.8,5.3,12.6,250.6,-47.5,0.0,20.0,0x20,405.002,11.6,1875,-1,2.3,,
2026-08-05T12:42:43.000Z,M20-403-2-02820,1469968963,43.86611,4.60424,26231.0,6.8,10.9,242.8,-47.4,0.0,20.0,0x20,405.002,12.4,1875,-1,2.3,,
2026-08-05T12:42:44.000Z,M20-403-2-02820,1469968964,43.86607,4.60414,26237.2,5.8,8.8,247.1,-47.4,0.0,19.9,0x20,405.002,12.5,1875,-1,2.3,,
2026-08-05T12:42:45.000Z,M20-403-2-02820,1469968965,43.86604,4.60404,26242.7,5.4,7.7,250.4,-47.4,0.0,19.9,0x20,405.002,12.5,1875,-1,2.3,,
2026-08-05T12:42:46.000Z,M20-403-2-02820,1469968966,43.86602,4.60395,26249.2,7.4,8.7,251.3,-47.3,0.0,19.9,0x20,405.002,10.3,1875,-1,2.3,,
2026-08-05T12:42:47.000Z,M20-403-2-02820,1469968967,43.86599,4.60383,26255.9,5.9,10.7,250.5,-47.3,0.0,19.9,0x20,405.002,6.7,1875,-1,2.3,,
2026-08-05T12:42:48.000Z,M20-403-2-02820,1469968968,43.86596,4.60370,26261.3,5.3,11.8,252.7,-47.2,0.0,19.9,0x20,405.002,11.2,1875,-1,2.3,,
2026-08-05T12:42:49.000Z,M20-403-2-02820,1469968969,43.86594,4.60356,26267.0,6.5,12.7,263.4,-47.2,0.0,19.8,0x20,405.002,11.2,1875,-1,2.3,,
2026-08-05T12:42:50.000Z,M20-403-2-02820,1469968970,43.86593,4.60341,26273.0,5.2,12.2,271.5,-47.2,0.0,19.8,0x20,405.002,7.5,1875,-1,2.3,,
2026-08-05T12:42:51.000Z,M20-403-2-02820,1469968971,43.86594,4.60325,26278.8,6.1,12.3,272.5,-47.1,0.0,19.8,0x20,405.002,3.6,1875,-1,2.3,,
2026-08-05T12:42:52.000Z,M20-403-2-02820,1469968972,43.86593,4.60310,26286.3,8.2,12.4,268.0,-47.1,0.0,19.8,0x20,405.002,3.8,1875,-1,2.3,,
2026-08-05T12:42:53.000Z,M20-403-2-02820,1469968973,43.86592,4.60295,26293.2,5.6,12.6,261.4,-47.0,0.0,19.8,0x20,405.002,9.7,1875,-1,2.3,,
2026-08-05T12:42:54.000Z,M20-403-2-02820,1469968974,43.86590,4.60280,26298.5,5.4,11.6,253.4,-46.9,0.0,19.7,0x20,405.002,11.8,1875,-1,2.3,,
2026-08-05T12:42:55.000Z,M20-403-2-02820,1469968975,43.86587,4.60267,26304.3,6.3,9.9,254.5,-46.9,0.0,19.7,0x20,405.002,11.8,1875,-1,2.3,,
2026-08-05T12:42:56.000Z,M20-403-2-02820,1469968976,43.86585,4.60256,26310.2,5.8,8.4,257.9,-47.0,0.0,19.7,0x20,405.002,11.7,1875,-1,2.3,,
2026-08-05T12:42:57.000Z,M20-403-2-02820,1469968977,43.86583,4.60246,26316.1,5.8,7.8,258.2,-46.9,0.0,19.7,0x20,405.002,11.7,1875,-1,2.3,,
2026-08-05T12:42:58.000Z,M20-403-2-02820,1469968978,43.86581,4.60236,26322.3,7.0,8.6,251.1,-46.9,0.0,19.6,0x20,405.002,10.5,1875,-1,2.3,,
2026-08-05T12:42:59.000Z,M20-403-2-02820,1469968979,43.86578,4.60225,26328.8,6.5,10.6,245.8,-47.0,0.0,19.6,0x20,405.002,10.6,1875,-1,2.3,,
2026-08-05T12:43:00.000Z,M20-403-2-02820,1469968980,43.86574,4.60213,26334.9,5.5,11.8,247.0,-47.0,0.0,19.6,0x20,405.002,12.0,1875,-1,2.3,,
2026-08-05T12:43:01.000Z,M20-403-2-02820,1469968981,43.86570,4.60199,26340.8,6.3,11.7,253.4,-46.9,0.0,19.6,0x20,405.002,13.4,1875,-1,2.3,,
2026-08-05T12:43:02.000Z,M20-403-2-02820,1469968982,43.86568,4.60185,26347.5,6.9,10.9,264.2,-47.0,0.0,19.6,0x20,405.002,13.4,1875,-1,2.3,,
2026-08-05T12:43:03.000Z,M20-403-2-02820,1469968983,43.86567,4.60172,26353.5,4.9,10.5,272.6,-47.0,0.0,19.6,0x20,405.002,7.4,1875,-1,2.3,,
2026-08-05T12:43:04.000Z,M20-403-2-02820,1469968984,43.86567,4.60159,26359.0,6.0,10.2,272.4,-47.0,0.0,19.5,0x20,405.002,3.1,1875,-1,2.3,,
2026-08-05T12:43:05.000Z,M20-403-2-02820,1469968985,43.86567,4.60146,26365.6,7.5,10.8,260.3,-46.9,0.0,19.5,0x20,405.002,3.1,1875,-1,2.3,,
2026-08-05T12:43:06.000Z,M20-403-2-02820,1469968986,43.86564,4.60133,26371.2,4.2,11.7,250.5,-46.9,0.0,19.5,0x20,405.002,10.9,1875,-1,2.3,,
2026-08-05T12:43:07.000Z,M20-403-2-02820,1469968987,43.86560,4.60119,26376.1,6.0,11.6,246.7,-46.9,0.0,19.5,0x20,405.002,13.2,1875,-1,2.3,,
2026-08-05T12:43:08.000Z,M20-403-2-02820,1469968988,43.86557,4.60107,26382.5,7.1,10.5,250.8,-46.9,0.0,19.4,0x20,405.002,13.7,1875,-1,2.3,,
2026-08-05T12:43:09.000Z,M20-403-2-02820,1469968989,43.86554,4.60094,26389.0,5.5,10.2,257.1,-46.8,0.0,19.4,0x20,405.002,14.0,1875,-1,2.3,,
2026-08-05T12:43:10.000Z,M20-403-2-02820,1469968990,43.86552,4.60082,26395.6,7.7,10.1,262.6,-46.8,0.0,19.4,0x20,405.002,14.0,1875,-1,2.3,,
2026-08-05T12:43:11.000Z,M20-403-2-02820,1469968991,43.86551,4.60068,26402.5,6.2,11.8,257.1,-46.8,0.0,19.4,0x20,405.002,10.5,1875,-1,2.3,,
2026-08-05T12:43:12.000Z,M20-403-2-02820,1469968992,43.86548,4.60053,26408.2,5.6,13.0,254.0,-46.8,0.0,19.4,0x20,405.002,10.0,1875,-1,2.3,,
2026-08-05T12:43:13.000Z,M20-403-2-02820,1469968993,43.86545,4.60038,26413.7,5.5,12.9,255.9,-46.7,0.0,19.4,0x20,405.002,10.9,1875,-1,2.3,,
2026-08-05T12:43:14.000Z,M20-403-2-02820,1469968994,43.86542,4.60023,26419.6,6.6,11.6,261.2,-46.7,0.0,19.3,0x20,405.002,11.7,1875,-1,2.3,,
2026-08-05T12:43:15.000Z,M20-403-2-02820,1469968995,43.86541,4.60010,26425.3,5.3,9.7,265.8,-46.7,0.0,19.3,0x20,405.002,11.7,1875,-1,2.3,,
2026-08-05T12:43:16.000Z,M20-403-2-02820,1469968996,43.86540,4.59999,26430.7,5.7,8.8,263.5,-46.6,0.0,19.3,0x20,405.002,3.7,1875,-1,2.3,,
2026-08-05T12:43:17.000Z,M20-403-2-02820,1469968997,43.86539,4.59988,26436.8,7.5,9.2,251.0,-46.6,0.0,19.3,0x20,405.002,3.8,1875,-1,2.3,,
2026-08-05T12:43:18.000Z,M20-403-2-02820,1469968998,43.86535,4.59977,26443.0,5.3,11.2,242.8,-46.6,0.0,19.2,0x20,405.002,5.5,1875,-1,2.3,,
2026-08-05T12:43:19.000Z,M20-403-2-02820,1469968999,43.86530,4.59964,26447.5,3.8,12.6,238.3,-46.6,0.0,19.2,0x20,405.002,12.8,1875,-1,2.3,,
2026-08-05T12:43:20.000Z,M20-403-2-02820,1469969000,43.86524,4.59951,26453.2,7.4,11.5,238.5,-46.6,0.0,19.2,0x20,405.002,13.9,1875,-1,2.3,,
2026-08-05T12:43:21.000Z,M20-403-2-02820,1469969001,43.86519,4.59940,26459.6,5.8,9.6,249.1,-46.6,0.0,19.2,0x20,405.002,13.9,1875,-1,2.3,,
2026-08-05T12:43:22.000Z,M20-403-2-02820,1469969002,43.86517,4.59929,26464.8,4.8,9.0,257.4,-46.6,0.0,19.2,0x20,405.002,12.6,1875,-1,2.3,,
2026-08-05T12:43:23.000Z,M20-403-2-02820,1469969003,43.86515,4.59918,26470.7,6.8,9.7,257.4,-46.7,0.0,19.1,0x20,405.002,9.5,1875,-1,2.3,,
2026-08-05T12:43:24.000Z,M20-403-2-02820,1469969004,43.86512,4.59905,26476.8,5.5,10.9,255.2,-46.7,0.0,19.1,0x20,405.002,8.7,1875,-1,2.3,,
2026-08-05T12:43:25.000Z,M20-403-2-02820,1469969005,43.86509,4.59892,26482.5,5.0,11.8,252.6,-46.6,0.0,19.1,0x20,405.002,9.7,1875,-1,2.3,,
2026-08-05T12:43:26.000Z,M20-403-2-02820,1469969006,43.86506,4.59879,26488.8,6.8,10.6,250.8,-46.6,0.0,19.1,0x20,405.002,9.7,1875,-1,2.3,,
2026-08-05T12:43:27.000Z,M20-403-2-02820,1469969007,43.86504,4.59867,26494.9,5.2,9.7,253.4,-46.6,0.0,19.1,0x20,405.002,9.4,1875,-1,2.3,,
2026-08-05T12:43:28.000Z,M20-403-2-02820,1469969008,43.86501,4.59856,26500.9,6.9,9.9,249.9,-46.6,0.0,19.0,0x20,405.002,9.0,1875,-1,2.3,,
2026-08-05T12:43:29.000Z,M20-403-2-02820,1469969009,43.86497,4.59844,26508.0,6.9,11.3,243.5,-46.6,0.0,19.0,0x20,405.002,3.5,1875,-1,2.3,,
2026-08-05T12:43:30.000Z,M20-403-2-02820,1469969010,43.86492,4.59832,26513.7,4.1,12.2,241.0,-46.5,0.0,19.0,0x20,405.002,3.3,1875,-1,2.3,,
2026-08-05T12:43:31.000Z,M20-403-2-02820,1469969011,43.86487,4.59819,26519.4,7.0,12.1,240.2,-46.6,0.0,19.0,0x20,405.002,4.7,1875,-1,2.3,,
2026-08-05T12:43:32.000Z,M20-403-2-02820,1469969012,43.86482,4.59807,26525.9,5.7,10.1,243.3,-46.5,0.0,18.9,0x20,405.002,8.4,1875,-1,2.3,,
2026-08-05T12:43:33.000Z,M20-403-2-02820,1469969013,43.86478,4.59797,26531.8,5.6,8.4,243.1,-46.5,0.0,18.9,0x20,405.002,8.7,1875,-1,2.3,,
2026-08-05T12:43:34.000Z,M20-403-2-02820,1469969014,43.86474,4.59788,26537.3,5.9,8.8,237.4,-46.5,0.0,18.9,0x20,405.002,8.7,1875,-1,2.3,,
2026-08-05T12:43:35.000Z,M20-403-2-02820,1469969015,43.86469,4.59778,26543.5,6.6,10.5,235.6,-46.5,0.0,18.9,0x20,405.002,10.3,1875,-1,2.3,,
2026-08-05T12:43:36.000Z,M20-403-2-02820,1469969016,43.86463,4.59766,26549.8,6.2,12.4,236.2,-46.5,0.0,18.9,0x20,405.002,12.9,1875,-1,2.3,,
2026-08-05T12:43:37.000Z,M20-403-2-02820,1469969017,43.86458,4.59752,26555.2,5.1,13.6,243.1,-46.5,0.0,18.9,0x20,405.002,13.3,1875,-1,2.3,,
2026-08-05T12:43:38.000Z,M20-403-2-02820,1469969018,43.86453,4.59737,26560.5,6.1,13.6,254.8,-46.5,0.0,18.8,0x20,405.002,13.3,1875,-1,2.3,,
2026-08-05T12:43:39.000Z,M20-403-2-02820,1469969019,43.86451,4.59720,26566.1,5.3,13.5,263.6,-46.5,0.0,18.8,0x20,405.002,13.0,1875,-1,2.3,,
2026-08-05T12:43:40.000Z,M20-403-2-02820,1469969020,43.86450,4.59705,26571.0,4.8,12.6,265.4,-46.5,0.0,18.8,0x20,405.002,11.8,1875,-1,2.3,,
2026-08-05T12:43:41.000Z,M20-403-2-02820,1469969021,43.86448,4.59689,26577.0,7.8,12.6,257.2,-46.5,0.0,18.8,0x20,405.002,11.8,1875,-1,2.3,,
2026-08-05T12:43:42.000Z,M20-403-2-02820,1469969022,43.86445,4.59674,26583.9,6.4,13.3,246.4,-46.5,0.0,18.8,0x20,405.002,3.9,1875,-1,2.3,,
2026-08-05T12:43:43.000Z,M20-403-2-02820,1469969023,43.86439,4.59660,26589.2,4.3,13.7,237.8,-46.4,0.0,18.8,0x20,405.002,3.6,1875,-1,2.3,,
2026-08-05T12:43:44.000Z,M20-403-2-02820,1469969024,43.86432,4.59646,26594.5,6.5,13.1,236.5,-46.4,0.0,18.7,0x20,405.002,6.4,1875,-1,2.3,,
2026-08-05T12:43:45.000Z,M20-403-2-02820,1469969025,43.86427,4.59633,26600.7,6.1,11.8,244.0,-46.4,0.0,18.7,0x20,405.002,12.4,1875,-1,2.3,,
2026-08-05T12:43:46.000Z,M20-403-2-02820,1469969026,43.86423,4.59619,26605.8,4.9,11.5,254.4,-46.4,0.0,18.7,0x20,405.002,12.4,1875,-1,2.3,,
2026-08-05T12:43:47.000Z,M20-403-2-02820,1469969027,43.86420,4.59605,26611.0,5.6,12.7,255.8,-46.3,0.0,18.7,0x20,405.002,9.3,1875,-1,2.3,,
2026-08-05T12:43:48.000Z,M20-403-2-02820,1469969028,43.86417,4.59588,26616.7,6.2,14.6,256.6,-46.4,0.0,18.7,0x20,405.002,8.5,1875,-1,2.3,,
2026-08-05T12:43:49.000Z,M20-403-2-02820,1469969029,43.86414,4.59571,26622.0,4.9,15.1,252.8,-46.4,0.0,18.6,0x20,405.002,11.4,1875,-1,2.3,,
2026-08-05T12:43:50.000Z,M20-403-2-02820,1469969030,43.86410,4.59554,26627.0,5.6,13.9,253.3,-46.4,0.0,18.6,0x20,405.002,12.7,1875,-1,2.3,,
2026-08-05T12:43:51.000Z,M20-403-2-02820,1469969031,43.86407,4.59538,26632.7,5.9,11.9,258.1,-46.4,0.0,18.6,0x20,405.002,12.7,1875,-1,2.3,,
2026-08-05T12:43:52.000Z,M20-403-2-02820,1469969032,43.86405,4.59524,26638.2,5.5,10.8,264.8,-46.4,0.0,18.6,0x20,405.002,12.1,1875,-1,2.3,,
2026-08-05T12:43:53.000Z,M20-403-2-02820,1469969033,43.86405,4.59511,26643.8,5.5,10.5,269.0,-46.3,0.0,18.6,0x20,405.002,15.0,1875,-1,2.3,,
2026-08-05T12:43:54.000Z,M20-403-2-02820,1469969034,43.86404,4.59497,26649.9,6.8,12.0,264.2,-46.3,0.0,18.6,0x20,405.002,13.5,1875,-1,2.3,,
2026-08-05T12:43:55.000Z,M20-403-2-02820,1469969035,43.86402,4.59481,26656.4,6.2,15.0,257.3,-46.3,0.0,18.5,0x20,405.002,13.5,1875,-1,2.3,,
2026-08-05T12:43:56.000Z,M20-403-2-02820,1469969036,43.86398,4.59462,26661.5,3.8,17.0,250.4,-46.3,0.0,18.5,0x20,405.002,3.0,1875,-1,2.3,,
2026-08-05T12:43:57.000Z,M20-403-2-02820,1469969037,43.86393,4.59441,26666.1,5.9,17.9,251.9,-46.3,0.0,18.5,0x20,405.002,5.7,1875,-1,2.3,,
2026-08-05T12:43:58.000Z,M20-403-2-02820,1469969038,43.86389,4.59421,26672.9,7.5,16.6,258.7,-46.4,0.0,18.5,0x20,405.002,8.9,1875,-1,2.3,,
2026-08-05T12:43:59.000Z,M20-403-2-02820,1469969039,43.86387,4.59402,26679.2,5.9,14.7,270.5,-46.4,0.0,18.4,0x20,405.002,11.2,1875,-1,2.3,,
2026-08-05T12:44:00.000Z,M20-403-2-02820,1469969040,43.86388,4.59384,26683.8,3.9,13.0,278.9,-46.4,0.0,18.4,0x20,405.002,13.3,1875,-1,2.3,,
2026-08-05T12:44:01.000Z,M20-403-2-02820,1469969041,43.86390,4.59369,26688.2,5.3,12.0,280.1,-46.4,0.0,18.4,0x20,405.002,13.3,1875,-1,2.3,,
2026-08-05T12:44:02.000Z,M20-403-2-02820,1469969042,43.86391,4.59354,26694.1,6.7,12.2,272.3,-46.4,0.0,18.4,0x20,405.002,12.9,1875,-1,2.3,,
2026-08-05T12:44:03.000Z,M20-403-2-02820,1469969043,43.86391,4.59339,26699.9,4.9,12.8,263.1,-46.4,0.0,18.4,0x20,405.002,13.4,1875,-1,2.3,,
2026-08-05T12:44:04.000Z,M20-403-2-02820,1469969044,43.86389,4.59323,26705.3,5.6,13.4,257.5,-46.4,0.0,18.4,0x20,405.002,13.4,1875,-1,2.3,,
2026-08-05T12:44:05.000Z,M20-403-2-02820,1469969045,43.86386,4.59307,26712.0,7.8,13.2,259.1,-46.5,0.0,18.3,0x20,405.002,13.6,1875,-1,2.3,,
2026-08-05T12:44:06.000Z,M20-403-2-02820,1469969046,43.86384,4.59291,26718.4,4.8,13.0,264.4,-46.5,0.0,18.3,0x20,405.002,14.0,1875,-1,2.3,,
2026-08-05T12:44:07.000Z,M20-403-2-02820,1469969047,43.86383,4.59274,26724.0,6.7,14.1,267.3,-46.4,0.0,18.3,0x20,405.002,14.0,1875,-1,2.3,,
2026-08-05T12:44:08.000Z,M20-403-2-02820,1469969048,43.86382,4.59256,26730.3,6.1,15.6,266.3,-46.5,0.0,18.3,0x20,405.002,4.3,1875,-1,2.3,,
2026-08-05T12:44:09.000Z,M20-403-2-02820,1469969049,43.86382,4.59236,26735.3,3.9,16.7,266.9,-46.5,0.0,18.3,0x20,405.002,3.4,1875,-1,2.3,,
2026-08-05T12:44:10.000Z,M20-403-2-02820,1469969050,43.86381,4.59215,26740.9,7.2,16.3,272.1,-46.5,0.0,18.3,0x20,405.002,9.5,1875,-1,2.3,,
2026-08-05T12:44:11.000Z,M20-403-2-02820,1469969051,43.86383,4.59196,26747.5,6.1,15.3,280.2,-46.6,0.0,18.2,0x20,405.002,10.2,1875,-1,2.3,,
2026-08-05T12:44:12.000Z,M20-403-2-02820,1469969052,43.86386,4.59178,26753.3,5.7,14.2,285.3,-46.7,0.0,18.2,0x20,405.002,10.2,1875,-1,2.3,,
2026-08-05T12:44:13.000Z,M20-403-2-02820,1469969053,43.86389,4.59162,26759.6,6.9,12.7,281.9,-46.6,0.0,18.2,0x20,405.002,9.4,1875,-1,2.3,,
2026-08-05T12:44:14.000Z,M20-403-2-02820,1469969054,43.86390,4.59147,26765.6,5.0,12.5,270.3,-46.6,0.0,18.2,0x20,405.002,8.4,1875,-1,2.3,,
2026-08-05T12:44:15.000Z,M20-403-2-02820,1469969055,43.86389,4.59132,26770.3,4.4,12.3,265.1,-46.6,0.0,18.1,0x20,405.002,9.5,1875,-1,2.3,,
2026-08-05T12:44:16.000Z,M20-403-2-02820,1469969056,43.86389,4.59116,26775.5,6.4,12.3,267.5,-46.6,0.0,18.1,0x20,405.002,9.5,1875,-1,2.3,,
2026-08-05T12:44:17.000Z,M20-403-2-02820,1469969057,43.86389,4.59101,26781.1,4.8,12.6,275.6,-46.7,0.0,18.1,0x20,405.002,8.1,1875,-1,2.3,,
2026-08-05T12:44:19.000Z,M20-403-2-02820,1469969059,43.86392,4.59068,26792.1,6.2,14.7,276.8,-46.7,0.0,18.1,0x20,405.002,9.8,1875,-1,2.3,,
2026-08-05T12:44:20.000Z,M20-403-2-02820,1469969060,43.86393,4.59049,26798.0,5.3,15.6,272.1,-46.7,0.0,18.1,0x20,405.002,9.8,1875,-1,2.3,,
2026-08-05T12:44:21.000Z,M20-403-2-02820,1469969061,43.86394,4.59030,26803.4,5.3,15.6,271.9,-46.7,0.0,18.1,0x20,405.002,3.5,1875,-1,2.3,,
2026-08-05T12:44:22.000Z,M20-403-2-02820,1469969062,43.86395,4.59012,26809.7,7.0,14.0,278.5,-46.8,0.0,18.0,0x20,405.002,3.4,1875,-1,2.3,,
2026-08-05T12:44:23.000Z,M20-403-2-02820,1469969063,43.86398,4.58996,26816.5,6.4,12.0,287.6,-46.9,0.0,18.0,0x20,405.002,2.8,1875,-1,2.3,,
2026-08-05T12:44:24.000Z,M20-403-2-02820,1469969064,43.86401,4.58983,26822.3,5.1,10.6,292.8,-46.9,0.0,18.0,0x20,405.002,12.5,1875,-1,2.3,,
2026-08-05T12:44:25.000Z,M20-403-2-02820,1469969065,43.86404,4.58971,26828.0,6.0,9.9,288.8,-46.8,0.0,18.0,0x20,405.002,14.6,1875,-1,2.3,,
2026-08-05T12:44:26.000Z,M20-403-2-02820,1469969066,43.86406,4.58959,26834.2,6.1,10.1,276.2,-46.8,0.0,18.0,0x20,405.002,14.6,1875,-1,2.3,,
2026-08-05T12:44:27.000Z,M20-403-2-02820,1469969067,43.86407,4.58946,26839.7,4.9,10.6,270.8,-46.8,0.0,17.9,0x20,405.002,13.0,1875,-1,2.3,,
2026-08-05T12:44:28.000Z,M20-403-2-02820,1469969068,43.86407,4.58933,26845.5,6.8,11.2,274.1,-46.8,0.0,17.9,0x20,405.002,11.8,1875,-1,2.3,,
2026-08-05T12:44:29.000Z,M20-403-2-02820,1469969069,43.86409,4.58919,26851.8,5.8,11.6,282.3,-46.8,0.0,17.9,0x20,405.002,11.8,1875,-1,2.3,,
2026-08-05T12:44:30.000Z,M20-403-2-02820,1469969070,43.86411,4.58904,26856.9,4.8,12.0,286.6,-46.9,0.0,17.9,0x20,405.002,11.8,1875,-1,2.3,,
2026-08-05T12:44:31.000Z,M20-403-2-02820,1469969071,43.86414,4.58890,26862.2,6.0,11.8,283.2,-46.9,0.0,17.9,0x20,405.002,11.8,1875,-1,2.3,,
2026-08-05T12:44:32.000Z,M20-403-2-02820,1469969072,43.86415,4.58876,26867.9,5.6,12.0,271.5,-46.9,0.0,17.9,0x20,405.002,10.3,1875,-1,2.3,,
2026-08-05T12:44:33.000Z,M20-403-2-02820,1469969073,43.86415,4.58860,26873.0,4.5,13.0,262.7,-46.8,0.0,17.8,0x20,405.002,10.3,1875,-1,2.3,,
2026-08-05T12:44:34.000Z,M20-403-2-02820,1469969074,43.86413,4.58844,26877.8,4.9,14.3,260.2,-46.8,0.0,17.8,0x20,405.002,5.3,1875,-1,2.3,,
2026-08-05T12:44:35.000Z,M20-403-2-02820,1469969075,43.86411,4.58826,26883.2,5.9,15.1,265.8,-46.7,0.0,17.8,0x20,405.002,5.3,2250,-1,2.3,,
2026-08-05T12:44:36.000Z,M20-403-2-02820,1469969076,43.86411,4.58808,26889.4,6.2,14.1,275.0,-46.7,0.0,17.8,0x20,405.002,3.3,2250,-1,2.3,,
2026-08-05T12:44:37.000Z,M20-403-2-02820,1469969077,43.86413,4.58791,26894.7,4.2,12.9,280.4,-46.6,0.0,17.8,0x20,405.002,11.4,1875,-1,2.3,,
2026-08-05T12:44:38.000Z,M20-403-2-02820,1469969078,43.86415,4.58777,26899.8,5.8,11.1,281.3,-46.6,0.0,17.7,0x20,405.002,11.4,1875,-1,2.3,,
2026-08-05T12:44:39.000Z,M20-403-2-02820,1469969079,43.86416,4.58765,26905.7,6.0,8.5,274.4,-46.6,0.0,17.7,0x20,405.002,11.0,1875,-1,2.3,,
2026-08-05T12:44:40.000Z,M20-403-2-02820,1469969080,43.86416,4.58754,26911.4,5.2,8.1,266.0,-46.5,0.0,17.7,0x20,405.002,10.3,1875,-1,2.3,,
2026-08-05T12:44:41.000Z,M20-403-2-02820,1469969081,43.86416,4.58743,26918.0,7.8,9.5,267.4,-46.5,0.0,17.7,0x20,405.002,10.0,1875,-1,2.3,,
2026-08-05T12:44:43.000Z,M20-403-2-02820,1469969083,43.86418,4.58713,26930.2,3.3,15.0,280.5,-46.5,0.0,17.6,0x20,405.002,8.5,1875,-1,2.3,,
2026-08-05T12:44:44.000Z,M20-403-2-02820,1469969084,43.86421,4.58693,26934.5,5.3,17.0,281.0,-46.4,0.0,17.6,0x20,405.002,12.9,1875,-1,2.3,,
2026-08-05T12:44:45.000Z,M20-403-2-02820,1469969085,43.86423,4.58673,26940.7,7.2,16.5,275.0,-46.4,0.0,17.6,0x20,405.002,12.9,1875,-1,2.3,,
2026-08-05T12:44:46.000Z,M20-403-2-02820,1469969086,43.86424,4.58653,26946.7,5.0,15.2,271.3,-46.3,0.0,17.6,0x20,405.002,11.8,1875,-1,2.3,,
2026-08-05T12:44:47.000Z,M20-403-2-02820,1469969087,43.86424,4.58635,26952.5,6.6,14.3,270.9,-46.3,0.0,17.6,0x20,405.002,3.3,1875,-1,2.3,,
2026-08-05T12:44:48.000Z,M20-403-2-02820,1469969088,43.86425,4.58618,26959.4,7.0,13.7,279.1,-46.3,0.0,17.5,0x20,405.002,3.6,1875,-1,2.3,,
2026-08-05T12:44:49.000Z,M20-403-2-02820,1469969089,43.86428,4.58601,26965.2,4.5,13.2,286.0,-46.2,0.0,17.5,0x20,405.002,5.0,1875,-1,2.3,,
2026-08-05T12:44:50.000Z,M20-403-2-02820,1469969090,43.86431,4.58587,26970.2,5.5,11.4,287.2,-46.2,0.0,17.5,0x20,405.002,11.4,1875,-1,2.3,,
2026-08-05T12:44:51.000Z,M20-403-2-02820,1469969091,43.86434,4.58575,26976.0,6.0,9.5,285.5,-46.1,0.0,17.5,0x20,405.002,11.4,1875,-1,2.3,,
2026-08-05T12:44:52.000Z,M20-403-2-02820,1469969092,43.86435,4.58563,26981.5,5.1,9.4,276.8,-46.1,0.0,17.5,0x20,405.002,11.3,1875,-1,2.3,,
2026-08-05T12:44:53.000Z,M20-403-2-02820,1469969093,43.86437,4.58550,26987.2,6.3,11.2,281.1,-46.1,0.0,17.5,0x20,405.002,8.9,1875,-1,2.3,,
2026-08-05T12:44:54.000Z,M20-403-2-02820,1469969094,43.86439,4.58536,26993.5,6.6,13.4,287.7,-46.1,0.0,17.5,0x20,405.002,13.1,1875,-1,2.3,,
2026-08-05T12:44:55.000Z,M20-403-2-02820,1469969095,43.86443,4.58519,26999.1,4.6,15.5,287.9,-46.0,0.0,17.4,0x20,405.002,13.8,1875,-1,2.3,,
2026-08-05T12:44:56.000Z,M20-403-2-02820,1469969096,43.86448,4.58500,27004.3,6.0,16.4,286.1,-46.0,0.0,17.4,0x20,405.002,13.8,1875,-1,2.3,,
2026-08-05T12:44:57.000Z,M20-403-2-02820,1469969097,43.86451,4.58481,27010.7,7.0,15.1,278.4,-46.0,0.0,17.4,0x20,405.002,11.5,1875,-1,2.3,,
2026-08-05T12:44:58.000Z,M20-403-2-02820,1469969098,43.86452,4.58463,27016.6,4.3,13.3,272.3,-45.9,0.0,17.4,0x20,405.002,11.3,1875,-1,2.3,,
2026-08-05T12:44:59.000Z,M20-403-2-02820,1469969099,43.86453,4.58448,27021.7,6.3,11.0,275.5,-45.9,0.0,17.4,0x20,405.002,11.3,1875,-1,2.3,,
2026-08-05T12:45:00.000Z,M20-403-2-02820,1469969100,43.86454,4.58435,27028.0,6.5,10.2,285.9,-45.9,0.0,17.3,0x20,405.002,3.2,1875,-1,2.3,,
2026-08-05T12:45:01.000Z,M20-403-2-02820,1469969101,43.86457,4.58423,27033.2,4.2,10.5,294.4,-45.9,0.0,17.3,0x20,405.002,3.1,1875,-1,2.3,,
2026-08-05T12:45:02.000Z,M20-403-2-02820,1469969102,43.86461,4.58412,27038.5,6.5,9.8,299.7,-45.9,0.0,17.3,0x20,405.002,4.9,1875,-1,2.3,,
2026-08-05T12:45:03.000Z,M20-403-2-02820,1469969103,43.86465,4.58402,27044.6,6.0,8.9,298.7,-45.9,0.0,17.3,0x20,405.002,9.2,1875,-1,2.3,,
2026-08-05T12:45:04.000Z,M20-403-2-02820,1469969104,43.86469,4.58392,27050.4,5.6,9.2,290.5,-45.9,0.0,17.3,0x20,405.002,9.7,1875,-1,2.3,,
2026-08-05T12:45:05.000Z,M20-403-2-02820,1469969105,43.86472,4.58380,27056.6,6.9,11.3,290.4,-46.0,0.0,17.2,0x20,405.002,10.3,1875,-1,2.3,,
2026-08-05T12:45:06.000Z,M20-403-2-02820,1469969106,43.86476,4.58366,27062.5,4.9,13.3,291.0,-46.0,0.0,17.2,0x20,405.002,13.3,1875,-1,2.3,,
2026-08-05T12:45:07.000Z,M20-403-2-02820,1469969107,43.86480,4.58350,27067.6,5.3,14.5,287.4,-45.9,0.0,17.2,0x20,405.002,14.7,1875,-1,2.3,,
2026-08-05T12:45:08.000Z,M20-403-2-02820,1469969108,43.86483,4.58333,27074.3,7.8,13.3,280.5,-46.0,0.0,17.2,0x20,405.002,15.5,1875,-1,2.3,,
2026-08-05T12:45:09.000Z,M20-403-2-02820,1469969109,43.86485,4.58318,27080.5,4.6,11.2,275.4,-46.0,0.0,17.2,0x20,405.002,15.6,1875,-1,2.3,,
2026-08-05T12:45:10.000Z,M20-403-2-02820,1469969110,43.86485,4.58305,27085.6,5.7,9.3,275.6,-46.0,0.0,17.2,0x20,405.002,15.6,1875,-1,2.3,,
2026-08-05T12:45:11.000Z,M20-403-2-02820,1469969111,43.86487,4.58295,27091.9,7.1,8.9,287.9,-46.1,0.0,17.1,0x20,405.002,14.1,1875,-1,2.3,,
2026-08-05T12:45:12.000Z,M20-403-2-02820,1469969112,43.86490,4.58284,27097.8,4.5,9.6,298.1,-46.1,0.0,17.1,0x20,405.002,14.1,1875,-1,2.3,,
2026-08-05T12:45:13.000Z,M20-403-2-02820,1469969113,43.86495,4.58274,27102.9,5.5,9.5,305.0,-46.1,0.0,17.1,0x20,405.002,5.1,1875,-1,2.3,,
2026-08-05T12:45:14.000Z,M20-403-2-02820,1469969114,43.86499,4.58265,27108.9,6.0,8.2,306.4,-46.2,0.0,17.1,0x20,405.002,3.5,1875,-1,2.3,,
2026-08-05T12:45:15.000Z,M20-403-2-02820,1469969115,43.86503,4.58257,27114.6,5.4,7.6,307.1,-46.1,0.0,17.1,0x20,405.002,3.3,1875,-1,2.3,,
2026-08-05T12:45:16.000Z,M20-403-2-02820,1469969116,43.86508,4.58249,27120.5,6.1,8.7,304.5,-46.2,0.0,17.1,0x20,405.002,9.2,1875,-1,2.3,,
2026-08-05T12:45:17.000Z,M20-403-2-02820,1469969117,43.86512,4.58239,27126.9,6.6,10.7,303.7,-46.2,0.0,17.0,0x20,405.002,9.8,1875,-1,2.3,,
2026-08-05T12:45:18.000Z,M20-403-2-02820,1469969118,43.86518,4.58227,27132.7,5.1,12.5,301.6,-46.2,0.0,17.0,0x20,405.002,9.8,1875,-1,2.3,,
2026-08-05T12:45:19.000Z,M20-403-2-02820,1469969119,43.86523,4.58213,27138.5,6.5,13.1,295.5,-46.2,0.0,17.0,0x20,405.002,10.3,1875,-1,2.3,,
2026-08-05T12:45:20.000Z,M20-403-2-02820,1469969120,43.86527,4.58199,27145.0,6.7,11.6,285.2,-46.3,0.0,17.0,0x20,405.002,11.3,1875,-1,2.3,,
2026-08-05T12:45:21.000Z,M20-403-2-02820,1469969121,43.86529,4.58186,27150.5,4.3,9.8,275.4,-46.2,0.0,17.0,0x20,405.002,11.3,1875,-1,2.3,,
2026-08-05T12:45:22.000Z,M20-403-2-02820,1469969122,43.86530,4.58175,27156.0,6.6,8.3,274.7,-46.2,0.0,16.9,0x20,405.002,11.1,1875,-1,2.3,,
2026-08-05T12:45:23.000Z,M20-403-2-02820,1469969123,43.86531,4.58165,27162.0,5.4,8.4,286.9,-46.1,0.0,16.9,0x20,405.002,11.1,1875,-1,2.3,,
2026-08-05T12:45:24.000Z,M20-403-2-02820,1469969124,43.86534,4.58155,27167.0,4.3,8.2,292.6,-46.0,0.0,16.9,0x20,405.002,9.9,1875,-1,2.3,,
2026-08-05T12:45:25.000Z,M20-403-2-02820,1469969125,43.86536,4.58146,27173.0,7.6,7.8,291.4,-45.9,0.0,16.9,0x20,405.002,9.9,1875,-1,2.3,,
2026-08-05T12:45:26.000Z,M20-403-2-02820,1469969126,43.86539,4.58138,27179.7,5.4,7.0,280.9,-45.8,0.0,16.9,0x20,405.002,3.8,1875,-1,2.3,,
2026-08-05T12:45:27.000Z,M20-403-2-02820,1469969127,43.86539,4.58128,27184.8,5.0,8.1,272.2,-45.7,0.0,16.9,0x20,405.002,2.6,1875,-1,2.3,,
2026-08-05T12:45:28.000Z,M20-403-2-02820,1469969128,43.86540,4.58117,27190.4,6.0,9.6,279.4,-45.6,0.0,16.9,0x20,405.002,2.9,1875,-1,2.3,,
2026-08-05T12:45:29.000Z,M20-403-2-02820,1469969129,43.86543,4.58105,27196.7,6.2,11.2,287.8,-45.5,0.0,16.8,0x20,405.002,11.8,1875,-1,2.3,,
2026-08-05T12:45:30.000Z,M20-403-2-02820,1469969130,43.86546,4.58092,27202.2,5.2,11.9,294.0,-45.5,0.0,16.8,0x20,405.002,12.3,1875,-1,2.3,,
2026-08-05T12:45:31.000Z,M20-403-2-02820,1469969131,43.86550,4.58079,27207.6,5.4,10.7,294.8,-45.4,0.0,16.8,0x20,405.002,12.3,1875,-1,2.3,,
2026-08-05T12:45:32.000Z,M20-403-2-02820,1469969132,43.86553,4.58069,27213.5,6.4,7.0,288.7,-45.4,0.0,16.8,0x20,405.002,11.2,1875,-1,2.3,,
2026-08-05T12:45:33.000Z,M20-403-2-02820,1469969133,43.86555,4.58062,27218.9,4.3,4.8,278.9,-45.4,0.0,16.8,0x20,405.002,11.2,1875,-1,2.3,,
2026-08-05T12:45:34.000Z,M20-403-2-02820,1469969134,43.86555,4.58057,27223.6,4.9,3.8,266.1,-45.3,0.0,16.7,0x20,405.002,11.0,1875,-1,2.3,,
2026-08-05T12:45:35.000Z,M20-403-2-02820,1469969135,43.86556,4.58052,27230.5,8.7,5.4,284.2,-45.4,0.0,16.7,0x20,405.002,11.7,1875,-1,2.3,,
2026-08-05T12:45:36.000Z,M20-403-2-02820,1469969136,43.86557,4.58044,27237.4,4.7,7.2,293.2,-45.3,0.0,16.7,0x20,405.002,12.0,1875,-1,2.3,,
2026-08-05T12:45:37.000Z,M20-403-2-02820,1469969137,43.86561,4.58036,27242.4,5.2,8.2,297.2,-45.3,0.0,16.7,0x20,405.002,12.0,1875,-1,2.3,,
2026-08-05T12:45:38.000Z,M20-403-2-02820,1469969138,43.86564,4.58027,27248.3,6.5,8.0,295.3,-45.3,0.0,16.7,0x20,405.002,12.0,2250,-1,2.3,,
2026-08-05T12:45:39.000Z,M20-403-2-02820,1469969139,43.86566,4.58018,27254.3,5.5,7.2,290.7,-45.3,0.0,16.7,0x20,405.002,12.0,1875,-1,2.3,,
2026-08-05T12:45:40.000Z,M20-403-2-02820,1469969140,43.86569,4.58010,27260.4,6.5,6.3,293.1,-45.3,0.0,16.6,0x20,405.002,3.1,1875,-1,2.3,,
2026-08-05T12:45:41.000Z,M20-403-2-02820,1469969141,43.86572,4.58003,27267.1,6.8,6.7,299.9,-45.3,0.0,16.6,0x20,405.002,2.9,1875,-1,2.3,,
2026-08-05T12:45:42.000Z,M20-403-2-02820,1469969142,43.86575,4.57996,27273.1,5.3,7.0,303.7,-45.3,0.0,16.6,0x20,405.002,10.5,2250,-1,2.3,,
2026-08-05T12:45:43.000Z,M20-403-2-02820,1469969143,43.86578,4.57989,27279.0,6.6,6.1,297.5,-45.3,0.0,16.6,0x20,405.002,12.6,1875,-1,2.3,,
2026-08-05T12:45:44.000Z,M20-403-2-02820,1469969144,43.86580,4.57983,27285.5,6.2,4.0,281.0,-45.3,0.0,16.6,0x20,405.002,12.6,1875,-1,2.3,,
2026-08-05T12:45:45.000Z,M20-403-2-02820,1469969145,43.86580,4.57978,27290.5,3.9,4.0,267.0,-45.2,0.0,16.5,0x20,405.002,11.8,1875,-1,2.3,,
2026-08-05T12:45:47.000Z,M20-403-2-02820,1469969147,43.86580,4.57965,27302.4,5.3,7.0,277.5,-45.2,0.0,16.5,0x20,405.002,6.7,1875,-1,2.3,,
2026-08-05T12:45:48.000Z,M20-403-2-02820,1469969148,43.86582,4.57956,27307.7,5.1,8.1,285.3,-45.0,0.0,16.5,0x20,405.002,8.9,1875,-1,2.3,,
2026-08-05T12:45:49.000Z,M20-403-2-02820,1469969149,43.86584,4.57946,27313.9,7.2,7.6,284.2,-45.0,0.0,16.5,0x20,405.002,10.2,1875,-1,2.3,,
2026-08-05T12:45:50.000Z,M20-403-2-02820,1469969150,43.86585,4.57938,27319.8,4.3,6.8,276.5,-45.0,0.0,16.5,0x20,405.002,10.2,1875,-1,2.3,,
2026-08-05T12:45:51.000Z,M20-403-2-02820,1469969151,43.86585,4.57930,27324.9,5.7,6.5,265.3,-44.9,0.0,16.4,0x20,405.002,10.1,1875,-1,2.3,,
2026-08-05T12:45:52.000Z,M20-403-2-02820,1469969152,43.86585,4.57921,27330.9,6.2,7.3,267.8,-44.9,0.0,16.4,0x20,405.002,10.1,2250,-1,2.3,,
2026-08-05T12:45:53.000Z,M20-403-2-02820,1469969153,43.86585,4.57911,27336.6,5.2,9.5,270.7,-44.9,0.0,16.4,0x20,405.002,2.9,2250,-1,2.3,,
2026-08-05T12:45:54.000Z,M20-403-2-02820,1469969154,43.86585,4.57899,27341.8,4.9,10.0,269.5,-44.8,0.0,16.4,0x20,405.002,5.4,1875,-1,2.3,,
2026-08-05T12:45:55.000Z,M20-403-2-02820,1469969155,43.86585,4.57887,27347.0,5.3,9.4,269.9,-44.8,0.0,16.4,0x20,405.002,9.1,1875,-1,2.3,,
2026-08-05T12:45:56.000Z,M20-403-2-02820,1469969156,43.86584,4.57876,27353.2,6.9,8.0,260.5,-44.8,0.0,16.4,0x20,405.002,9.1,1875,-1,2.3,,
2026-08-05T12:45:57.000Z,M20-403-2-02820,1469969157,43.86583,4.57867,27359.3,5.3,6.7,260.1,-44.8,0.0,16.3,0x20,405.002,9.9,1875,-1,2.3,,
2026-08-05T12:45:58.000Z,M20-403-2-02820,1469969158,43.86583,4.57860,27364.5,5.1,6.0,264.4,-44.7,0.0,16.3,0x20,405.002,9.9,1875,-1,2.3,,
2026-08-05T12:45:59.000Z,M20-403-2-02820,1469969159,43.86583,4.57852,27370.9,7.7,7.1,282.1,-44.7,0.0,16.3,0x20,405.002,7.1,1875,-1,2.3,,
2026-08-05T12:46:00.000Z,M20-403-2-02820,1469969160,43.86585,4.57842,27377.7,5.9,9.1,285.2,-44.7,0.0,16.3,0x20,405.002,8.7,1875,-1,2.3,,
2026-08-05T12:46:01.000Z,M20-403-2-02820,1469969161,43.86587,4.57830,27383.7,6.2,10.6,286.2,-44.7,0.0,16.3,0x20,405.002,10.7,1875,-1,2.3,,
2026-08-05T12:46:02.000Z,M20-403-2-02820,1469969162,43.86590,4.57818,27389.7,7.1,9.6,279.4,-44.7,0.0,16.2,0x20,405.002,12.0,1875,-1,2.3,,
2026-08-05T12:46:03.000Z,M20-403-2-02820,1469969163,43.86590,4.57807,27395.8,6.2,7.9,267.8,-44.7,0.0,16.2,0x20,405.002,13.5,1875,-1,2.3,,
2026-08-05T12:46:04.000Z,M20-403-2-02820,1469969164,43.86590,4.57798,27400.9,4.6,7.1,256.1,-44.7,0.0,16.2,0x20,405.002,13.5,1875,-1,2.3,,
2026-08-05T12:46:05.000Z,M20-403-2-02820,1469969165,43.86588,4.57789,27405.3,5.1,7.5,253.5,-44.6,0.0,16.2,0x20,405.002,4.3,1875,-1,2.3,,
2026-08-05T12:46:07.000Z,M20-403-2-02820,1469969167,43.86586,4.57768,27417.0,5.3,10.9,270.3,-44.6,0.0,16.2,0x20,405.002,2.7,2250,-1,2.3,,
2026-08-05T12:46:08.000Z,M20-403-2-02820,1469969168,43.86586,4.57754,27422.1,4.9,11.1,274.5,-44.6,0.0,16.2,0x20,405.002,8.5,2250,-1,2.3,,
2026-08-05T12:46:09.000Z,M20-403-2-02820,1469969169,43.86587,4.57742,27427.8,7.2,10.0,277.5,-44.6,0.0,16.1,0x20,405.002,8.5,1875,-1,2.3,,
2026-08-05T12:46:10.000Z,M20-403-2-02820,1469969170,43.86588,4.57731,27434.4,5.9,7.9,268.0,-44.6,0.0,16.1,0x20,405.002,7.8,1875,-1,2.3,,
2026-08-05T12:46:11.000Z,M20-403-2-02820,1469969171,43.86587,4.57722,27439.7,4.9,6.6,264.9,-44.6,0.0,16.1,0x20,405.002,12.0,1875,-1,2.3,,
2026-08-05T12:46:12.000Z,M20-403-2-02820,1469969172,43.86586,4.57713,27446.3,7.9,7.7,260.6,-44.6,0.0,16.1,0x20,405.002,12.4,1875,-1,2.3,,
2026-08-05T12:46:13.000Z,M20-403-2-02820,1469969173,43.86586,4.57703,27452.9,5.4,9.3,269.6,-44.6,0.0,16.1,0x20,405.002,12.4,1875,-1,2.3,,
2026-08-05T12:46:14.000Z,M20-403-2-02820,1469969174,43.86586,4.57691,27458.2,5.1,10.2,264.8,-44.6,0.0,16.1,0x20,405.002,11.9,1875,-1,2.3,,
2026-08-05T12:46:15.000Z,M20-403-2-02820,1469969175,43.86584,4.57678,27464.0,6.3,10.9,256.8,-44.6,0.0,16.0,0x20,405.002,10.4,1875,-1,2.3,,
2026-08-05T12:46:16.000Z,M20-403-2-02820,1469969176,43.86581,4.57666,27470.1,6.1,9.4,253.4,-44.5,0.0,16.0,0x20,405.002,9.8,1875,-1,2.3,,
2026-08-05T12:46:17.000Z,M20-403-2-02820,1469969177,43.86579,4.57655,27476.7,7.1,8.3,255.7,-44.5,0.0,16.0,0x20,405.002,9.8,1875,-1,2.3,,
2026-08-05T12:46:18.000Z,M20-403-2-02820,1469969178,43.86578,4.57645,27484.0,7.3,8.4,273.5,-44.6,0.0,16.0,0x20,405.002,6.7,1875,-1,2.3,,
2026-08-05T12:46:19.000Z,M20-403-2-02820,1469969179,43.86580,4.57634,27490.7,6.2,10.5,285.5,-44.6,0.0,16.0,0x20,405.002,3.5,1875,-1,2.3,,
2026-08-05T12:46:20.000Z,M20-403-2-02820,1469969180,43.86583,4.57621,27496.3,5.2,11.0,293.8,-44.6,0.0,15.9,0x20,405.002,5.4,1875,-1,2.3,,
2026-08-05T12:46:21.000Z,M20-403-2-02820,1469969181,43.86588,4.57610,27501.8,6.2,10.9,303.0,-44.6,0.0,15.9,0x20,405.002,11.0,1875,-1,2.3,,
2026-08-05T12:46:22.000Z,M20-403-2-02820,1469969182,43.86594,4.57600,27508.4,7.2,9.2,314.9,-44.7,0.0,15.9,0x20,405.002,11.0,1875,-1,2.3,,
2026-08-05T12:46:24.000Z,M20-403-2-02820,1469969184,43.86601,4.57586,27520.0,5.6,6.5,278.8,-44.7,0.0,15.9,0x20,405.002,8.1,1875,-1,2.3,,
2026-08-05T12:46:25.000Z,M20-403-2-02820,1469969185,43.86600,4.57576,27526.6,7.8,9.4,259.7,-44.6,0.0,15.9,0x20,405.002,9.6,1875,-1,2.3,,
2026-08-05T12:46:26.000Z,M20-403-2-02820,1469969186,43.86598,4.57563,27533.3,5.5,12.1,255.7,-44.7,0.0,15.8,0x20,405.002,12.7,1875,-1,2.3,,
2026-08-05T12:46:27.000Z,M20-403-2-02820,1469969187,43.86595,4.57548,27537.9,5.1,13.1,257.7,-44.7,0.0,15.8,0x20,405.002,13.2,1875,-1,2.3,,
2026-08-05T12:46:28.000Z,M20-403-2-02820,1469969188,43.86593,4.57533,27544.3,7.6,11.3,260.0,-44.7,0.0,15.8,0x20,405.002,13.2,1875,-1,2.3,,
2026-08-05T12:46:29.000Z,M20-403-2-02820,1469969189,43.86592,4.57521,27551.7,6.9,8.2,266.7,-44.7,0.0,15.8,0x20,405.002,11.0,1875,-1,2.3,,
2026-08-05T12:46:30.000Z,M20-403-2-02820,1469969190,43.86593,4.57512,27557.5,5.2,6.1,279.8,-44.7,0.0,15.8,0x20,405.002,11.0,1875,-1,2.3,,
2026-08-05T12:46:31.000Z,M20-403-2-02820,1469969191,43.86594,4.57504,27562.5,5.9,6.4,289.1,-44.7,0.0,15.8,0x20,405.002,3.4,1875,-1,2.3,,
2026-08-05T12:46:32.000Z,M20-403-2-02820,1469969192,43.86596,4.57496,27569.0,7.7,8.4,291.2,-44.7,0.0,15.8,0x20,405.002,3.3,1875,-1,2.3,,
2026-08-05T12:46:33.000Z,M20-403-2-02820,1469969193,43.86599,4.57484,27575.1,5.4,10.7,286.2,-44.7,0.0,15.7,0x20,405.002,6.3,1875,-1,2.3,,
2026-08-05T12:46:34.000Z,M20-403-2-02820,1469969194,43.86601,4.57471,27580.9,6.3,11.3,278.1,-44.6,0.0,15.7,0x20,405.002,10.5,1875,-1,2.3,,
2026-08-05T12:46:35.000Z,M20-403-2-02820,1469969195,43.86601,4.57457,27587.8,7.7,11.0,264.1,-44.6,0.0,15.7,0x20,405.002,10.5,1875,-1,2.3,,
2026-08-05T12:46:36.000Z,M20-403-2-02820,1469969196,43.86600,4.57444,27594.1,5.1,9.4,254.9,-44.6,0.0,15.7,0x20,405.002,10.0,1875,-1,2.3,,
2026-08-05T12:46:37.000Z,M20-403-2-02820,1469969197,43.86597,4.57434,27598.9,4.8,8.1,244.1,-44.5,0.0,15.7,0x20,405.002,11.9,1875,-1,2.3,,
2026-08-05T12:46:38.000Z,M20-403-2-02820,1469969198,43.86594,4.57424,27604.8,7.3,9.3,248.2,-44.5,0.0,15.6,0x20,405.002,12.1,1875,-1,2.3,,
2026-08-05T12:46:39.000Z,M20-403-2-02820,1469969199,43.86591,4.57413,27611.2,5.5,9.9,256.1,-44.5,0.0,15.6,0x20,405.002,12.1,1875,-1,2.3,,
2026-08-05T12:46:40.000Z,M20-403-2-02820,1469969200,43.86590,4.57401,27617.4,6.9,10.1,261.3,-44.4,0.0,15.6,0x20,405.002,9.4,1875,-1,2.3,,
2026-08-05T12:46:41.000Z,M20-403-2-02820,1469969201,43.86588,4.57389,27624.5,7.5,8.6,260.5,-44.5,0.0,15.6,0x20,405.002,11.2,1875,-1,2.3,,
2026-08-05T12:46:42.000Z,M20-403-2-02820,1469969202,43.86587,4.57379,27630.5,4.8,7.9,265.7,-44.5,0.0,15.6,0x20,405.002,12.8,1875,-1,2.3,,
2026-08-05T12:46:44.000Z,M20-403-2-02820,1469969204,43.86588,4.57357,27643.5,6.7,10.2,271.6,-44.4,0.0,15.5,0x20,405.002,3.4,1875,-1,2.3,,
2026-08-05T12:46:45.000Z,M20-403-2-02820,1469969205,43.86588,4.57344,27649.4,5.2,11.5,276.1,-44.4,0.0,15.5,0x20,405.002,2.9,1875,-1,2.3,,
2026-08-05T12:46:46.000Z,M20-403-2-02820,1469969206,43.86588,4.57330,27655.1,6.7,11.2,266.8,-44.3,0.0,15.5,0x20,405.002,6.4,1875,-1,2.3,,
2026-08-05T12:46:47.000Z,M20-403-2-02820,1469969207,43.86587,4.57317,27662.1,7.4,9.9,256.2,-44.3,0.0,15.5,0x20,405.002,8.8,1875,-1,2.3,,
2026-08-05T12:46:48.000Z,M20-403-2-02820,1469969208,43.86585,4.57306,27668.3,5.5,8.4,244.9,-44.4,0.0,15.5,0x20,405.002,11.1,1875,-1,2.3,,
2026-08-05T12:46:49.000Z,M20-403-2-02820,1469969209,43.86582,4.57296,27673.9,6.0,8.5,251.2,-44.4,0.0,15.4,0x20,405.002,12.9,1875,-1,2.3,,
2026-08-05T12:46:52.000Z,M20-403-2-02820,1469969212,43.86581,4.57257,27691.6,5.1,12.5,274.7,-44.4,0.0,15.4,0x20,405.002,10.7,1875,-1,2.3,,
2026-08-05T12:46:53.000Z,M20-403-2-02820,1469969213,43.86582,4.57242,27697.5,7.0,11.6,278.4,-44.4,0.0,15.4,0x20,405.002,12.5,1875,-1,2.3,,
2026-08-05T12:46:54.000Z,M20-403-2-02820,1469969214,43.86583,4.57230,27703.9,5.8,9.2,270.4,-44.4,0.0,15.4,0x20,405.002,12.5,1875,-1,2.3,,
2026-08-05T12:46:55.000Z,M20-403-2-02820,1469969215,43.86582,4.57218,27709.2,4.5,9.3,262.4,-44.4,0.0,15.3,0x20,405.002,11.4,1875,-1,2.3,,
2026-08-05T12:46:56.000Z,M20-403-2-02820,1469969216,43.86581,4.57207,27714.9,6.6,9.4,255.8,-44.4,0.0,15.3,0x20,405.002,9.5,1875,-1,2.3,,
2026-08-05T12:46:57.000Z,M20-403-2-02820,1469969217,43.86579,4.57194,27722.5,8.3,11.5,261.0,-44.5,0.0,15.3,0x20,405.002,3.8,1875,-1,2.3,,
2026-08-05T12:46:58.000Z,M20-403-2-02820,1469969218,43.86577,4.57179,27729.6,5.9,13.2,264.2,-44.5,0.0,15.3,0x20,405.002,3.4,1875,-1,2.3,,
2026-08-05T12:46:59.000Z,M20-403-2-02820,1469969219,43.86577,4.57162,27735.6,6.4,13.5,266.8,-44.5,0.0,15.3,0x20,405.002,5.5,1875,-1,2.3,,
2026-08-05T12:47:00.000Z,M20-403-2-02820,1469969220,43.86576,4.57146,27742.5,7.4,12.3,266.0,-44.5,0.0,15.2,0x20,405.002,8.6,1875,-1,2.3,,
2026-08-05T12:47:01.000Z,M20-403-2-02820,1469969221,43.86576,4.57132,27749.0,5.7,10.8,271.1,-44.5,0.0,15.2,0x20,405.002,9.6,1875,-1,2.3,,
2026-08-05T12:47:02.000Z,M20-403-2-02820,1469969222,43.86577,4.57119,27755.2,7.1,10.7,279.5,-44.5,0.0,15.2,0x20,405.002,11.8,1875,-1,2.3,,
2026-08-05T12:47:03.000Z,M20-403-2-02820,1469969223,43.86579,4.57105,27761.9,6.4,12.5,286.1,-44.5,0.0,15.2,0x20,405.002,11.8,1875,-1,2.3,,
2026-08-05T12:47:04.000Z,M20-403-2-02820,1469969224,43.86582,4.57089,27767.6,5.1,13.8,286.1,-44.5,0.0,15.2,0x20,405.002,10.4,1875,-1,2.3,,
2026-08-05T12:47:05.000Z,M20-403-2-02820,1469969225,43.86585,4.57073,27774.2,7.9,13.3,285.7,-44.4,0.0,15.2,0x20,405.002,10.1,1875,-1,2.3,,
2026-08-05T12:47:06.000Z,M20-403-2-02820,1469969226,43.86588,4.57059,27780.8,6.0,10.6,280.6,-44.5,0.0,15.2,0x20,405.002,10.9,1875,-1,2.3,,
2026-08-05T12:47:07.000Z,M20-403-2-02820,1469969227,43.86589,4.57047,27786.5,5.2,9.5,278.8,-44.4,0.0,15.1,0x20,405.002,13.0,1875,-1,2.3,,
2026-08-05T12:47:08.000Z,M20-403-2-02820,1469969228,43.86590,4.57034,27792.2,6.3,10.2,274.5,-44.4,0.0,15.1,0x20,405.002,13.0,1875,-1,2.3,,
2026-08-05T12:47:10.000Z,M20-403-2-02820,1469969230,43.86592,4.57004,27803.5,4.9,13.9,274.9,-44.4,0.0,15.1,0x20,405.002,3.4,1875,-1,2.3,,
2026-08-05T12:47:11.000Z,M20-403-2-02820,1469969231,43.86593,4.56987,27809.1,6.3,13.2,278.4,-44.4,0.0,15.1,0x20,405.002,3.4,1875,-1,2.3,,
2026-08-05T12:47:12.000Z,M20-403-2-02820,1469969232,43.86596,4.56973,27815.6,6.8,11.5,288.8,-44.4,0.0,15.1,0x20,405.002,5.9,1875,-1,2.3,,
2026-08-05T12:47:13.000Z,M20-403-2-02820,1469969233,43.86599,4.56961,27821.3,4.8,9.5,293.5,-44.5,0.0,15.0,0x20,405.002,11.7,1875,-1,2.3,,
2026-08-05T12:47:15.000Z,M20-403-2-02820,1469969235,43.86605,4.56938,27832.5,7.0,10.2,285.2,-44.4,0.0,15.0,0x20,405.002,7.2,1875,-1,2.3,,
2026-08-05T12:47:16.000Z,M20-403-2-02820,1469969236,43.86608,4.56924,27840.0,7.2,12.6,282.8,-44.5,0.0,15.0,0x20,405.002,11.0,1875,-1,2.3,,
2026-08-05T12:47:17.000Z,M20-403-2-02820,1469969237,43.86610,4.56908,27846.3,5.5,14.7,280.8,-44.5,0.0,15.0,0x20,405.002,14.4,1875,-1,2.3,,
2026-08-05T12:47:18.000Z,M20-403-2-02820,1469969238,43.86613,4.56890,27851.9,6.4,14.5,281.6,-44.5,0.0,14.9,0x20,405.002,14.4,1875,-1,2.3,,
2026-08-05T12:47:19.000Z,M20-403-2-02820,1469969239,43.86615,4.56874,27858.6,7.0,13.0,283.4,-44.5,0.0,14.9,0x20,405.002,10.0,1875,-1,2.3,,
2026-08-05T12:47:20.000Z,M20-403-2-02820,1469969240,43.86619,4.56859,27865.0,6.0,11.4,293.2,-44.6,0.0,14.9,0x20,405.002,10.5,1875,-1,2.3,,
2026-08-05T12:47:21.000Z,M20-403-2-02820,1469969241,43.86623,4.56847,27871.2,6.1,10.7,297.9,-44.6,0.0,14.9,0x20,405.002,12.2,1875,-1,2.3,,
2026-08-05T12:47:22.000Z,M20-403-2-02820,1469969242,43.86628,4.56834,27878.0,7.3,12.5,298.4,-44.6,0.0,14.9,0x20,405.002,12.2,1875,-1,2.3,,
2026-08-05T12:47:23.000Z,M20-403-2-02820,1469969243,43.86633,4.56819,27884.7,6.3,14.6,295.1,-44.6,0.0,14.9,0x20,405.002,3.2,1875,-1,2.3,,
2026-08-05T12:47:25.000Z,M20-403-2-02820,1469969245,43.86644,4.56783,27895.8,6.8,15.3,292.6,-44.6,0.0,14.8,0x20,405.002,5.0,2250,-1,2.3,,
2026-08-05T12:47:26.000Z,M20-403-2-02820,1469969246,43.86649,4.56767,27903.0,7.5,12.7,294.9,-44.6,0.0,14.8,0x20,405.002,9.6,1875,-1,2.3,,
2026-08-05T12:47:27.000Z,M20-403-2-02820,1469969247,43.86653,4.56754,27908.6,4.0,10.1,296.0,-44.6,0.0,14.8,0x20,405.002,9.6,1875,-1,2.3,,
2026-08-05T12:47:28.000Z,M20-403-2-02820,1469969248,43.86656,4.56743,27913.9,6.4,8.6,286.4,-44.6,0.0,14.8,0x20,405.002,12.0,1875,-1,2.3,,
2026-08-05T12:47:29.000Z,M20-403-2-02820,1469969249,43.86657,4.56733,27920.1,6.4,9.4,270.3,-44.5,0.0,14.8,0x20,405.002,12.0,1875,-1,2.3,,
2026-08-05T12:47:30.000Z,M20-403-2-02820,1469969250,43.86656,4.56720,27926.5,6.3,10.8,259.1,-44.5,0.0,14.8,0x20,405.002,10.8,1875,-1,2.3,,
2026-08-05T12:47:31.000Z,M20-403-2-02820,1469969251,43.86654,4.56706,27932.5,5.5,11.8,256.8,-44.4,0.0,14.7,0x20,405.002,8.5,1875,-1,2.3,,
2026-08-05T12:47:32.000Z,M20-403-2-02820,1469969252,43.86652,4.56693,27938.7,7.1,9.9,261.2,-44.4,0.0,14.7,0x20,405.002,9.7,1875,-1,2.3,,
2026-08-05T12:47:33.000Z,M20-403-2-02820,1469969253,43.86652,4.56682,27945.9,7.8,7.8,277.6,-44.4,0.0,14.7,0x20,405.002,10.0,1875,-1,2.3,,
2026-08-05T12:47:34.000Z,M20-403-2-02820,1469969254,43.86654,4.56673,27951.8,4.8,7.1,293.1,-44.3,0.0,14.7,0x20,405.002,11.2,1875,-1,2.3,,
2026-08-05T12:47:35.000Z,M20-403-2-02820,1469969255,43.86657,4.56665,27956.9,5.8,8.1,305.7,-44.2,0.0,14.7,0x20,405.002,11.2,2250,-1,2.3,,
2026-08-05T12:47:36.000Z,M20-403-2-02820,1469969256,43.86661,4.56656,27963.5,7.7,9.8,296.4,-44.2,0.0,14.7,0x20,405.002,11.2,1875,-1,2.3,,
2026-08-05T12:47:37.000Z,M20-403-2-02820,1469969257,43.86665,4.56644,27970.1,5.6,10.8,284.6,-44.2,0.0,14.6,0x20,405.002,3.2,1875,-1,2.3,,
2026-08-05T12:47:38.000Z,M20-403-2-02820,1469969258,43.86666,4.56630,27975.4,5.2,11.3,269.8,-44.1,0.0,14.6,0x20,405.002,5.2,1875,-1,2.3,,
2026-08-05T12:47:39.000Z,M20-403-2-02820,1469969259,43.86665,4.56617,27981.8,7.5,9.9,260.8,-44.1,0.0,14.6,0x20,405.002,9.4,2250,-1,2.3,,
2026-08-05T12:47:40.000Z,M20-403-2-02820,1469969260,43.86664,4.56606,27987.8,4.5,8.3,257.3,-44.1,0.0,14.6,0x20,405.002,9.4,2250,-1,2.3,,
2026-08-05T12:47:41.000Z,M20-403-2-02820,1469969261,43.86662,4.56597,27993.5,7.2,7.3,251.0,-44.1,0.0,14.6,0x20,405.002,9.6,1875,-1,2.3,,
2026-08-05T12:47:42.000Z,M20-403-2-02820,1469969262,43.86660,4.56588,28001.0,7.9,7.8,258.8,-44.1,0.0,14.6,0x20,405.002,11.7,1875,-1,2.3,,
2026-08-05T12:47:43.000Z,M20-403-2-02820,1469969263,43.86659,4.56577,28007.4,5.2,9.0,262.1,-44.0,0.0,14.6,0x20,405.002,11.7,1875,-1,2.3,,
2026-08-05T12:47:44.000Z,M20-403-2-02820,1469969264,43.86658,4.56567,28013.3,7.2,8.1,273.0,-44.0,0.0,14.5,0x20,405.002,11.3,1875,-1,2.3,,
2026-08-05T12:47:45.000Z,M20-403-2-02820,1469969265,43.86659,4.56557,28019.3,4.8,7.2,283.8,-43.9,0.0,14.5,0x20,405.002,10.7,1875,-1,2.3,,
2026-08-05T12:47:48.000Z,M20-403-2-02820,1469969268,43.86658,4.56531,28035.6,4.9,9.1,249.8,-43.8,0.0,14.5,0x20,405.002,8.3,1875,-1,2.3,,
2026-08-05T12:47:49.000Z,M20-403-2-02820,1469969269,43.86654,4.56520,28040.8,5.7,10.6,244.0,-43.8,0.0,14.4,0x20,405.002,3.8,1875,-1,2.3,,
2026-08-05T12:47:50.000Z,M20-403-2-02820,1469969270,43.86650,4.56509,28046.9,6.8,9.0,240.4,-43.9,0.0,14.4,0x20,405.002,3.8,2250,-1,2.3,,
2026-08-05T12:47:51.000Z,M20-403-2-02820,1469969271,43.86647,4.56500,28053.8,7.1,7.9,244.1,-44.0,0.0,14.4,0x20,405.002,3.3,2250,-1,2.3,,
2026-08-05T12:47:52.000Z,M20-403-2-02820,1469969272,43.86644,4.56492,28060.2,6.2,6.0,258.3,-43.9,0.0,14.4,0x20,405.002,7.9,2250,-1,2.3,,
2026-08-05T12:47:53.000Z,M20-403-2-02820,1469969273,43.86644,4.56484,28066.6,6.7,6.9,273.7,-43.9,0.0,14.4,0x20,405.002,11.4,2250,-1,2.3,,
2026-08-05T12:47:54.000Z,M20-403-2-02820,1469969274,43.86645,4.56474,28073.2,6.7,9.5,276.2,-44.0,0.0,14.4,0x20,405.002,12.0,1875,-1,2.3,,
2026-08-05T12:47:55.000Z,M20-403-2-02820,1469969275,43.86645,4.56461,28079.0,4.9,10.4,273.2,-43.9,0.0,14.3,0x20,405.002,12.0,1875,-1,2.3,,
2026-08-05T12:47:56.000Z,M20-403-2-02820,1469969276,43.86646,4.56450,28085.2,7.9,8.7,268.4,-44.0,0.0,14.3,0x20,405.002,11.9,1875,-1,2.3,,
2026-08-05T12:47:57.000Z,M20-403-2-02820,1469969277,43.86645,4.56440,28092.1,5.9,6.3,266.8,-44.0,0.0,14.3,0x20,405.002,11.9,1875,-1,2.3,,
2026-08-05T12:47:58.000Z,M20-403-2-02820,1469969278,43.86644,4.56433,28098.1,6.2,5.4,256.5,-43.9,0.0,14.3,0x20,405.002,11.9,1875,-1,2.3,,
2026-08-05T12:48:01.000Z,M20-403-2-02820,1469969281,43.86635,4.56406,28116.3,4.8,10.5,247.2,-43.7,0.0,14.2,0x20,405.002,7.4,1875,-1,2.3,,
2026-08-05T12:48:02.000Z,M20-403-2-02820,1469969282,43.86632,4.56394,28121.5,6.3,10.5,259.0,-43.7,0.0,14.2,0x20,405.002,3.1,1875,-1,2.3,,
2026-08-05T12:48:03.000Z,M20-403-2-02820,1469969283,43.86631,4.56382,28127.0,5.1,9.0,271.1,-43.6,0.0,14.2,0x20,405.002,2.9,1875,-1,2.3,,
2026-08-05T12:48:05.000Z,M20-403-2-02820,1469969285,43.86634,4.56358,28137.6,5.7,10.7,280.9,-43.6,0.0,14.2,0x20,405.002,6.8,2250,-1,2.3,,
2026-08-05T12:48:06.000Z,M20-403-2-02820,1469969286,43.86635,4.56344,28144.1,7.5,12.4,277.5,-43.6,0.0,14.2,0x20,405.002,9.3,1875,-1,2.3,,
2026-08-05T12:48:07.000Z,M20-403-2-02820,1469969287,43.86636,4.56329,28150.7,5.6,13.2,272.0,-43.6,0.0,14.2,0x20,405.002,11.1,1875,-1,2.3,,
2026-08-05T12:48:08.000Z,M20-403-2-02820,1469969288,43.86635,4.56313,28156.7,6.7,13.0,259.7,-43.5,0.0,14.1,0x20,405.002,11.1,1875,-1,2.3,,
2026-08-05T12:48:09.000Z,M20-403-2-02820,1469969289,43.86631,4.56298,28163.5,6.9,12.6,242.4,-43.5,0.0,14.1,0x20,405.002,9.8,1875,-1,2.3,,
2026-08-05T12:48:10.000Z,M20-403-2-02820,1469969290,43.86626,4.56286,28169.0,4.4,11.0,231.4,-43.5,0.0,14.1,0x20,405.002,9.5,1875,-1,2.3,,
2026-08-05T12:48:11.000Z,M20-403-2-02820,1469969291,43.86619,4.56276,28173.3,4.6,11.0,223.2,-43.4,0.0,14.1,0x20,405.002,11.8,1875,-1,2.3,,
2026-08-05T12:48:12.000Z,M20-403-2-02820,1469969292,43.86613,4.56266,28180.4,9.3,10.6,239.3,-43.4,0.0,14.1,0x20,405.002,11.8,1875,-1,2.3,,
2026-08-05T12:48:15.000Z,M20-403-2-02820,1469969295,43.86606,4.56219,28198.4,7.1,14.2,274.6,-43.2,0.0,14.0,0x20,405.002,3.3,1875,-1,2.3,,
2026-08-05T12:48:16.000Z,M20-403-2-02820,1469969296,43.86607,4.56203,28204.8,5.8,12.7,273.8,-43.1,0.0,14.0,0x20,405.002,3.5,1875,-1,2.3,,
2026-08-05T12:48:17.000Z,M20-403-2-02820,1469969297,43.86608,4.56187,28210.9,7.0,12.0,276.7,-43.0,0.0,14.0,0x20,405.002,3.5,1875,-1,2.3,,
2026-08-05T12:48:18.000Z,M20-403-2-02820,1469969298,43.86608,4.56172,28217.7,7.0,12.7,268.4,-42.9,0.0,14.0,0x20,405.002,10.7,1875,-1,2.3,,
2026-08-05T12:48:19.000Z,M20-403-2-02820,1469969299,43.86607,4.56156,28224.0,6.3,13.3,261.1,-42.9,0.0,14.0,0x20,405.002,10.7,1875,-1,2.3,,
2026-08-05T12:48:20.000Z,M20-403-2-02820,1469969300,43.86604,4.56140,28229.8,6.6,13.3,252.7,-42.8,0.0,14.0,0x20,405.002,10.1,1875,-1,2.3,,
2026-08-05T12:48:21.000Z,M20-403-2-02820,1469969301,43.86600,4.56126,28235.5,5.4,11.4,239.1,-42.8,0.0,13.9,0x20,405.002,10.1,1875,-1,2.3,,
2026-08-05T12:48:22.000Z,M20-403-2-02820,1469969302,43.86595,4.56115,28241.2,5.9,9.8,236.7,-42.8,0.0,13.9,0x20,405.002,10.0,1875,-1,2.3,,
2026-08-05T12:48:23.000Z,M20-403-2-02820,1469969303,43.86591,4.56105,28247.7,6.7,9.7,243.0,-42.7,0.0,13.9,0x20,405.002,9.7,1875,-1,2.3,,
2026-08-05T12:48:25.000Z,M20-403-2-02820,1469969305,43.86586,4.56077,28260.7,4.6,14.3,266.6,-42.7,0.0,13.9,0x20,405.002,6.9,1875,-1,2.3,,
2026-08-05T12:48:26.000Z,M20-403-2-02820,1469969306,43.86586,4.56058,28264.6,3.3,15.9,270.4,-42.7,0.0,13.9,0x20,405.002,9.5,1875,-1,2.3,,
2026-08-05T12:48:27.000Z,M20-403-2-02820,1469969307,43.86587,4.56038,28269.4,6.2,15.7,277.3,-42.6,0.0,13.8,0x20,405.002,9.5,1875,-1,2.3,,
2026-08-05T12:48:28.000Z,M20-403-2-02820,1469969308,43.86589,4.56021,28275.8,7.1,13.4,277.4,-42.7,0.0,13.8,0x20,405.002,5.0,1875,-1,2.3,,
2026-08-05T12:48:29.000Z,M20-403-2-02820,1469969309,43.86590,4.56006,28282.1,5.1,11.0,271.0,-42.6,0.0,13.8,0x20,405.002,3.2,1875,-1,2.3,,
2026-08-05T12:48:30.000Z,M20-403-2-02820,1469969310,43.86589,4.55992,28287.9,6.2,10.8,262.3,-42.6,0.0,13.8,0x20,405.002,3.4,1875,-1,2.3,,
2026-08-05T12:48:31.000Z,M20-403-2-02820,1469969311,43.86587,4.55978,28294.5,6.9,12.2,256.5,-42.6,0.0,13.8,0x20,405.002,6.0,1875,-1,2.3,,
2026-08-05T12:48:32.000Z,M20-403-2-02820,1469969312,43.86584,4.55963,28300.4,4.8,13.2,252.3,-42.6,0.0,13.8,0x20,405.002,9.1,1875,-1,2.3,,
2026-08-05T12:48:33.000Z,M20-403-2-02820,1469969313,43.86581,4.55948,28306.0,6.5,13.3,254.6,-42.6,0.0,13.8,0x20,405.002,12.3,1875,-1,2.3,,
2026-08-05T12:48:34.000Z,M20-403-2-02820,1469969314,43.86578,4.55933,28312.4,6.6,11.4,256.3,-42.6,0.0,13.7,0x20,405.002,12.3,1875,-1,2.3,,
2026-08-05T12:48:35.000Z,M20-403-2-02820,1469969315,43.86576,4.55920,28319.2,6.8,10.3,257.7,-42.6,0.0,13.7,0x20,405.002,10.3,1875,-1,2.3,,
2026-08-05T12:48:36.000Z,M20-403-2-02820,1469969316,43.86574,4.55907,28325.6,6.3,10.7,258.8,-42.6,0.0,13.7,0x20,405.002,11.6,1875,-1,2.3,,
2026-08-05T12:48:37.000Z,M20-403-2-02820,1469969317,43.86573,4.55893,28332.0,6.8,12.9,264.4,-42.6,0.0,13.7,0x20,405.002,11.6,1875,-1,2.3,,
2026-08-05T12:48:39.000Z,M20-403-2-02820,1469969319,43.86570,4.55856,28343.3,5.2,16.8,265.0,-42.6,0.0,13.7,0x20,405.002,10.7,2250,-1,2.3,,
2026-08-05T12:48:40.000Z,M20-403-2-02820,1469969320,43.86569,4.55836,28348.2,5.3,15.2,260.7,-42.6,0.0,13.7,0x20,405.002,12.2,1875,-1,2.3,,
2026-08-05T12:48:41.000Z,M20-403-2-02820,1469969321,43.86567,4.55820,28354.6,7.0,12.1,261.7,-42.6,0.0,13.6,0x20,405.002,12.2,1875,-1,2.3,,
2026-08-05T12:48:42.000Z,M20-403-2-02820,1469969322,43.86566,4.55807,28360.1,5.1,9.4,258.6,-42.7,0.0,13.6,0x20,405.002,2.8,1875,-1,2.3,,
2026-08-05T12:48:43.000Z,M20-403-2-02820,1469969323,43.86564,4.55796,28365.3,5.7,8.1,260.2,-42.6,0.0,13.6,0x20,405.002,3.0,2250,-1,2.3,,
2026-08-05T12:48:44.000Z,M20-403-2-02820,1469969324,43.86563,4.55785,28372.2,9.0,9.5,264.5,-42.6,0.0,13.6,0x20,405.002,8.1,1875,-1,2.3,,
2026-08-05T12:48:45.000Z,M20-403-2-02820,1469969325,43.86562,4.55771,28379.9,6.6,13.0,265.7,-42.7,0.0,13.6,0x20,405.002,11.0,1875,-1,2.3,,
2026-08-05T12:48:46.000Z,M20-403-2-02820,1469969326,43.86561,4.55754,28384.2,3.0,14.8,263.1,-42.6,0.0,13.6,0x20,405.002,11.0,2250,-1,2.3,,
2026-08-05T12:48:47.000Z,M20-403-2-02820,1469969327,43.86559,4.55735,28389.1,6.9,16.2,263.6,-42.5,0.0,13.5,0x20,405.002,10.0,1875,-1,2.3,,
2026-08-05T12:48:48.000Z,M20-403-2-02820,1469969328,43.86558,4.55716,28395.7,6.3,14.6,264.8,-42.6,0.0,13.5,0x20,405.002,11.2,1875,-1,2.3,,
2026-08-05T12:48:49.000Z,M20-403-2-02820,1469969329,43.86556,4.55699,28401.7,5.5,13.4,262.4,-42.6,0.0,13.5,0x20,405.002,11.2,1875,-1,2.3,,
2026-08-05T12:48:51.000Z,M20-403-2-02820,1469969331,43.86552,4.55666,28413.9,5.8,13.8,259.3,-42.7,0.0,13.5,0x20,405.002,9.7,1875,-1,2.3,,
2026-08-05T12:48:52.000Z,M20-403-2-02820,1469969332,43.86549,4.55650,28419.6,5.6,12.6,261.1,-42.7,0.0,13.5,0x20,405.002,12.3,1875,-1,2.3,,
2026-08-05T12:48:53.000Z,M20-403-2-02820,1469969333,43.86548,4.55636,28425.8,6.2,10.8,260.0,-42.7,0.0,13.5,0x20,405.002,12.3,1875,-1,2.3,,
2026-08-05T12:48:54.000Z,M20-403-2-02820,1469969334,43.86546,4.55624,28431.8,5.6,8.8,261.5,-42.8,0.0,13.4,0x20,405.002,12.3,2250,-1,2.3,,
2026-08-05T12:48:56.000Z,M20-403-2-02820,1469969336,43.86545,4.55602,28445.0,8.0,10.8,274.7,-42.8,0.0,13.4,0x20,405.002,3.3,1875,-1,2.3,,
2026-08-05T12:48:57.000Z,M20-403-2-02820,1469969337,43.86547,4.55587,28450.8,4.5,14.4,276.7,-42.8,0.0,13.4,0x20,405.002,8.3,1875,-1,2.3,,
2026-08-05T12:48:58.000Z,M20-403-2-02820,1469969338,43.86548,4.55567,28455.2,4.0,16.5,275.6,-42.8,0.0,13.4,0x20,405.002,8.3,1875,-1,2.3,,
2026-08-05T12:48:59.000Z,M20-403-2-02820,1469969339,43.86550,4.55547,28460.5,6.4,16.4,275.3,-42.9,0.0,13.4,0x20,405.002,10.8,1875,-1,2.3,,
2026-08-05T12:49:00.000Z,M20-403-2-02820,1469969340,43.86552,4.55527,28467.2,7.5,15.2,281.1,-43.0,0.0,13.3,0x20,405.002,12.4,1875,-1,2.3,,
2026-08-05T12:49:01.000Z,M20-403-2-02820,1469969341,43.86554,4.55511,28472.9,4.8,12.8,281.3,-43.0,0.0,13.3,0x20,405.002,12.4,1875,-1,2.3,,
2026-08-05T12:49:02.000Z,M20-403-2-02820,1469969342,43.86556,4.55495,28478.0,5.1,11.9,274.2,-43.0,0.0,13.3,0x20,405.002,11.9,1875,-1,2.3,,
2026-08-05T12:49:03.000Z,M20-403-2-02820,1469969343,43.86556,4.55481,28484.1,7.2,12.0,267.4,-43.0,0.0,13.3,0x20,405.002,8.8,1875,-1,2.3,,
2026-08-05T12:49:04.000Z,M20-403-2-02820,1469969344,43.86556,4.55465,28490.4,5.7,13.4,265.6,-43.0,0.0,13.3,0x20,405.002,11.4,1875,-1,2.3,,
2026-08-05T12:49:05.000Z,M20-403-2-02820,1469969345,43.86554,4.55448,28496.0,5.2,14.3,263.0,-43.0,0.0,13.3,0x20,405.002,11.4,1875,-1,2.3,,
2026-08-05T12:49:06.000Z,M20-403-2-02820,1469969346,43.86553,4.55431,28502.5,7.9,13.6,265.4,-43.1,0.0,13.3,0x20,405.002,11.0,1875,-1,2.3,,
2026-08-05T12:49:07.000Z,M20-403-2-02820,1469969347,43.86553,4.55415,28509.0,5.7,11.7,271.8,-43.1,0.0,13.2,0x20,405.002,5.6,1875,-1,2.3,,
2026-08-05T12:49:08.000Z,M20-403-2-02820,1469969348,43.86554,4.55401,28515.3,6.7,12.1,280.1,-43.1,0.0,13.3,0x20,405.002,2.8,1875,-1,2.3,,
2026-08-05T12:49:10.000Z,M20-403-2-02820,1469969350,43.86559,4.55367,28527.0,5.8,15.5,279.3,-43.1,0.0,13.2,0x20,405.002,8.2,1875,-1,2.3,,
2026-08-05T12:49:11.000Z,M20-403-2-02820,1469969351,43.86562,4.55347,28532.5,5.5,17.6,283.2,-43.1,0.0,13.2,0x20,405.002,12.3,1875,-1,2.3,,
2026-08-05T12:49:12.000Z,M20-403-2-02820,1469969352,43.86566,4.55326,28539.2,8.3,17.6,284.5,-43.1,0.0,13.2,0x20,405.002,12.3,1875,-1,2.3,,
2026-08-05T12:49:15.000Z,M20-403-2-02820,1469969355,43.86582,4.55277,28554.1,-4.4,13.4,296.8,-42.9,0.0,13.1,0x20,405.002,8.2,1875,-1,2.3,,
2026-08-05T12:49:17.000Z,M20-403-2-02820,1469969357,43.86592,4.55247,28527.9,-21.4,13.8,293.7,-42.6,0.0,13.2,0x20,405.002,9.1,1875,-1,2.3,,
2026-08-05T12:49:18.000Z,M20-403-2-02820,1469969358,43.86597,4.55232,28502.5,-28.7,13.0,292.5,-43.1,0.0,13.3,0x20,405.002,9.1,1875,-1,2.3,,
2026-08-05T12:49:19.000Z,M20-403-2-02820,1469969359,43.86601,4.55218,28471.6,-33.1,12.4,290.3,-43.3,0.0,13.3,0x20,405.002,9.1,1875,-1,2.3,,
2026-08-05T12:49:20.000Z,M20-403-2-02820,1469969360,43.86604,4.55203,28437.6,-35.0,12.6,283.0,-43.4,0.0,13.4,0x20,405.002,4.6,1875,-1,2.3,,
2026-08-05T12:49:23.000Z,M20-403-2-02820,1469969363,43.86598,4.55158,28340.2,-32.9,13.3,248.7,-43.2,0.0,13.6,0x20,405.002,9.3,1875,-1,2.3,,
2026-08-05T12:49:24.000Z,M20-403-2-02820,1469969364,43.86593,4.55144,28308.1,-31.4,12.6,246.8,-43.2,0.0,13.7,0x20,405.002,9.3,1875,-1,2.3,,
2026-08-05T12:49:25.000Z,M20-403-2-02820,1469969365,43.86588,4.55130,28275.5,-32.8,12.1,245.6,-43.2,0.0,13.8,0x20,405.002,10.6,1875,-1,2.3,,
2026-08-05T12:49:35.000Z,M20-403-2-02820,1469969375,43.86577,4.54997,27973.0,-28.4,8.6,260.5,-44.5,0.0,14.6,0x20,405.002,3.2,1875,-1,2.3,,
2026-08-05T12:49:37.000Z,M20-403-2-02820,1469969377,43.86575,4.54979,27914.2,-29.3,5.8,264.0,-44.8,0.0,14.8,0x20,405.002,9.2,2250,-1,2.3,,
2026-08-05T12:49:40.000Z,M20-403-2-02820,1469969380,43.86579,4.54953,27826.8,-27.5,9.2,288.4,-45.1,0.0,15.0,0x20,405.002,12.0,2250,-1,2.3,,
2026-08-05T12:49:44.000Z,M20-403-2-02820,1469969384,43.86587,4.54887,27728.7,-20.0,14.3,271.7,-45.1,0.0,15.3,0x20,405.002,10.0,1875,-1,2.3,,
2026-08-05T12:49:49.000Z,M20-403-2-02820,1469969389,43.86578,4.54822,27608.2,-29.0,7.5,252.4,-45.0,0.0,15.6,0x20,405.002,5.2,1875,-1,2.3,,
2026-08-05T12:49:53.000Z,M20-403-2-02820,1469969393,43.86572,4.54786,27500.2,-28.3,8.5,260.7,-45.2,0.0,15.9,0x20,405.002,13.1,1875,-1,2.3,,
2026-08-05T12:50:02.000Z,M20-403-2-02820,1469969402,43.86572,4.54681,27226.4,-26.5,5.4,258.8,-45.7,0.0,16.7,0x20,405.002,6.1,1875,-1,2.3,,
2026-08-05T12:50:05.000Z,M20-403-2-02820,1469969405,43.86575,4.54661,27149.5,-26.5,6.6,303.9,-46.1,0.0,16.9,0x20,405.002,11.1,1875,-1,2.3,,
2026-08-05T12:50:07.000Z,M20-403-2-02820,1469969407,43.86582,4.54642,27088.8,-30.1,10.6,297.0,-46.5,0.0,17.1,0x20,405.002,13.6,1875,-1,2.4,,
2026-08-05T12:50:10.000Z,M20-403-2-02820,1469969410,43.86593,4.54597,27007.5,-25.0,13.4,287.7,-46.3,0.0,17.4,0x20,405.002,8.4,1875,-1,2.4,,
2026-08-05T12:50:11.000Z,M20-403-2-02820,1469969411,43.86596,4.54582,26981.2,-26.2,11.7,284.1,-46.3,0.0,17.5,0x20,405.002,8.4,1875,-1,2.3,,
2026-08-05T12:50:20.000Z,M20-403-2-02820,1469969420,43.86599,4.54447,26687.5,-31.1,14.5,276.3,-46.8,0.0,18.4,0x20,405.002,12.5,1875,-1,2.4,,
2026-08-05T12:50:29.000Z,M20-403-2-02820,1469969429,43.86583,4.54315,26370.3,-33.0,11.6,240.9,-46.7,0.0,19.4,0x20,405.002,9.7,1875,-1,2.4,,
2026-08-05T12:50:31.000Z,M20-403-2-02820,1469969431,43.86575,4.54289,26300.5,-33.7,11.3,246.3,-47.0,0.0,19.7,0x20,405.002,10.0,1875,-1,2.4,,
2026-08-05T12:50:36.000Z,M20-403-2-02820,1469969436,43.86564,4.54224,26127.2,-31.6,10.4,256.6,-47.4,0.0,20.3,0x20,405.002,9.1,2250,-1,2.4,,
2026-08-05T12:50:37.000Z,M20-403-2-02820,1469969437,43.86561,4.54211,26094.3,-31.3,9.6,252.8,-47.4,0.0,20.4,0x20,405.002,9.5,1875,-1,2.4,,
2026-08-05T12:50:44.000Z,M20-403-2-02820,1469969444,43.86538,4.54152,25877.5,-30.3,5.6,251.4,-47.6,0.0,21.2,0x20,405.002,8.3,2250,-1,2.4,,
2026-08-05T12:50:45.000Z,M20-403-2-02820,1469969445,43.86537,4.54146,25846.3,-30.1,5.2,257.5,-47.7,0.0,21.3,0x20,405.002,8.1,2250,-1,2.4,,
2026-08-05T12:50:46.000Z,M20-403-2-02820,1469969446,43.86536,4.54140,25814.5,-31.8,5.0,251.2,-47.9,0.0,21.4,0x20,405.002,12.2,1875,-1,2.4,,
2026-08-05T12:50:53.000Z,M20-403-2-02820,1469969453,43.86530,4.54098,25585.7,-30.7,5.2,262.9,-48.7,0.0,22.3,0x20,405.002,3.2,1875,-1,2.4,,
2026-08-05T12:50:59.000Z,M20-403-2-02820,1469969459,43.86544,4.54066,25400.7,-25.9,7.7,311.8,-49.9,0.0,23.1,0x20,405.002,12.0,1875,-1,2.4,,
2026-08-05T12:51:03.000Z,M20-403-2-02820,1469969463,43.86563,4.54031,25290.3,-25.3,8.6,297.3,-50.6,0.0,23.5,0x20,405.002,12.2,1875,-1,2.4,,
2026-08-05T12:51:16.000Z,M20-403-2-02820,1469969476,43.86593,4.53892,24890.2,-26.8,10.4,275.7,-50.2,0.0,25.2,0x20,405.002,4.4,1875,-1,2.4,,
2026-08-05T12:51:23.000Z,M20-403-2-02820,1469969483,43.86587,4.53831,24700.7,-23.4,4.8,252.2,-50.5,0.0,26.0,0x20,405.002,10.4,1875,-1,2.4,,
2026-08-05T12:51:25.000Z,M20-403-2-02820,1469969485,43.86586,4.53818,24649.1,-24.2,5.0,261.6,-50.4,0.0,26.2,0x20,405.002,12.0,1875,-1,2.4,,
2026-08-05T12:51:27.000Z,M20-403-2-02820,1469969487,43.86585,4.53808,24600.0,-23.9,3.3,266.3,-50.4,0.0,26.5,0x20,405.002,10.4,1875,-1,2.4,,
2026-08-05T12:51:28.000Z,M20-403-2-02820,1469969488,43.86585,4.53803,24575.2,-22.4,3.0,262.2,-50.4,0.0,26.6,0x20,405.002,10.4,1875,-1,2.4,,
2026-08-05T12:51:33.000Z,M20-403-2-02820,1469969493,43.86591,4.53784,24447.7,-24.4,3.8,296.4,-50.3,0.0,27.2,0x20,405.002,4.1,1875,-1,2.4,,
2026-08-05T12:51:34.000Z,M20-403-2-02820,1469969494,43.86592,4.53779,24421.3,-25.7,4.2,299.6,-50.2,0.0,27.3,0x20,405.002,7.0,1875,-1,2.4,,
2026-08-05T12:51:37.000Z,M20-403-2-02820,1469969497,43.86599,4.53762,24340.3,-27.5,5.4,305.4,-50.2,0.0,27.6,0x20,405.002,7.4,2250,-1,2.4,,
2026-08-05T12:51:40.000Z,M20-403-2-02820,1469969500,43.86608,4.53741,24252.9,-27.7,5.9,309.3,-50.4,0.0,28.1,0x20,405.002,11.8,1875,-1,2.4,,
2026-08-05T12:51:43.000Z,M20-403-2-02820,1469969503,43.86617,4.53724,24172.1,-24.4,5.6,311.5,-50.5,0.0,28.5,0x20,405.002,4.6,1875,-1,2.4,,
2026-08-05T12:51:45.000Z,M20-403-2-02820,1469969505,43.86625,4.53714,24122.7,-23.1,5.4,327.4,-50.6,0.0,28.7,0x20,405.002,3.4,1875,-1,2.4,,
2026-08-05T12:51:47.000Z,M20-403-2-02820,1469969507,43.86633,4.53706,24071.4,-23.9,6.1,332.6,-50.6,0.0,29.0,0x20,405.002,11.9,2250,-1,2.4,,
2026-08-05T12:51:51.000Z,M20-403-2-02820,1469969511,43.86657,4.53688,23964.6,-26.2,7.8,333.8,-50.8,0.0,29.5,0x20,405.002,12.3,1875,-1,2.4,,
2026-08-05T12:51:52.000Z,M20-403-2-02820,1469969512,43.86664,4.53684,23937.8,-26.1,7.9,344.5,-50.9,0.0,29.7,0x20,405.002,12.3,1875,-1,2.4,,
2026-08-05T12:51:53.000Z,M20-403-2-02820,1469969513,43.86671,4.53681,23911.3,-25.3,8.0,341.2,-51.0,0.0,29.8,0x20,405.002,8.7,1875,-1,2.4,,
2026-08-05T12:52:01.000Z,M20-403-2-02820,1469969521,43.86731,4.53629,23711.2,-23.7,12.0,312.8,-51.4,0.0,30.8,0x20,405.002,6.2,1875,-1,2.4,,
2026-08-05T12:52:04.000Z,M20-403-2-02820,1469969524,43.86753,4.53596,23642.0,-21.1,12.8,315.6,-51.7,0.0,31.2,0x20,405.002,8.4,1875,-1,2.4,,
2026-08-05T12:52:06.000Z,M20-403-2-02820,1469969526,43.86770,4.53575,23599.6,-20.9,11.9,315.0,-51.9,0.0,31.4,0x20,405.002,9.4,1875,-1,2.4,,
2026-08-05T12:52:09.000Z,M20-403-2-02820,1469969529,43.86792,4.53544,23530.5,-20.6,12.3,309.8,-51.9,0.0,31.8,0x20,405.002,3.3,1875,-1,2.4,,
2026-08-05T12:52:10.000Z,M20-403-2-02820,1469969530,43.86798,4.53533,23508.4,-21.3,10.1,308.6,-51.9,0.0,31.9,0x20,405.002,3.1,1875,-1,2.4,,
2026-08-05T12:52:11.000Z,M20-403-2-02820,1469969531,43.86803,4.53522,23487.9,-18.7,10.0,297.9,-52.0,0.0,32.0,0x20,405.002,3.5,1875,-1,2.4,,
2026-08-05T12:52:15.000Z,M20-403-2-02820,1469969535,43.86823,4.53475,23393.8,-24.6,12.3,304.5,-52.0,0.0,32.5,0x20,405.002,9.5,1875,-1,2.4,,
2026-08-05T12:52:19.000Z,M20-403-2-02820,1469969539,43.86849,4.53427,23299.4,-23.2,11.2,304.4,-52.1,0.0,33.0,0x20,405.002,8.5,1875,-1,2.4,,
2026-08-05T12:52:22.000Z,M20-403-2-02820,1469969542,43.86862,4.53389,23230.0,-20.3,11.0,288.1,-52.4,0.0,33.5,0x20,405.002,2.8,1875,-1,2.4,,
2026-08-05T12:52:27.000Z,M20-403-2-02820,1469969547,43.86878,4.53335,23129.1,-18.8,8.8,299.8,-52.7,0.0,34.0,0x20,405.002,9.2,2250,-1,2.4,,
2026-08-05T12:52:31.000Z,M20-403-2-02820,1469969551,43.86898,4.53302,23049.9,-18.7,7.9,315.5,-52.5,0.0,34.5,0x20,405.002,12.4,1875,-1,2.4,,
2026-08-05T12:52:35.000Z,M20-403-2-02820,1469969555,43.86913,4.53279,22969.0,-20.6,5.1,295.6,-52.3,0.0,35.0,0x20,405.002,5.5,1875,-1,2.4,,
2026-08-05T12:52:37.000Z,M20-403-2-02820,1469969557,43.86918,4.53267,22923.5,-21.2,5.8,298.6,-52.2,0.0,35.2,0x20,405.002,5.6,2250,-1,2.4,,
2026-08-05T12:52:39.000Z,M20-403-2-02820,1469969559,43.86923,4.53253,22878.5,-20.9,7.5,299.9,-52.1,0.0,35.5,0x20,405.002,6.1,1875,-1,2.4,,
2026-08-05T12:52:47.000Z,M20-403-2-02820,1469969567,43.86958,4.53165,22685.6,-21.7,10.4,287.0,-51.5,0.0,36.7,0x20,405.002,7.7,2250,-1,2.4,,
2026-08-05T12:52:49.000Z,M20-403-2-02820,1469969569,43.86963,4.53142,22639.6,-22.5,9.2,282.9,-51.6,0.0,37.0,0x20,405.002,3.4,2250,-1,2.4,,
2026-08-05T12:52:51.000Z,M20-403-2-02820,1469969571,43.86967,4.53120,22595.4,-21.2,8.6,286.8,-52.1,0.0,37.2,0x20,405.002,7.7,1875,-1,2.4,,
2026-08-05T12:52:58.000Z,M20-403-2-02820,1469969578,43.87001,4.53064,22440.0,-21.1,8.8,324.7,-53.1,0.0,38.2,0x20,405.002,10.2,1875,-1,2.4,,
2026-08-05T12:53:00.000Z,M20-403-2-02820,1469969580,43.87017,4.53053,22393.5,-21.2,9.8,330.0,-53.5,0.0,38.5,0x20,405.002,3.8,1875,-1,2.4,,
2026-08-05T12:53:01.000Z,M20-403-2-02820,1469969581,43.87025,4.53047,22371.5,-20.7,11.2,333.7,-53.6,0.0,38.7,0x20,405.002,3.3,1875,-1,2.4,,
2026-08-05T12:53:03.000Z,M20-403-2-02820,1469969583,43.87043,4.53033,22326.7,-21.8,12.3,330.8,-53.8,0.0,39.0,0x20,405.002,3.4,2250,-1,2.4,,
2026-08-05T12:53:05.000Z,M20-403-2-02820,1469969585,43.87064,4.53015,22281.0,-21.0,14.7,324.4,-53.7,0.0,39.2,0x20,405.002,9.9,1875,-1,2.4,,
2026-08-05T12:53:13.000Z,M20-403-2-02820,1469969593,43.87136,4.52928,22112.0,-22.9,13.0,305.0,-53.5,0.0,40.4,0x20,405.002,6.4,1875,-1,2.4,,
2026-08-05T12:53:17.000Z,M20-403-2-02820,1469969597,43.87157,4.52870,22014.8,-23.0,13.5,288.1,-53.4,0.0,41.0,0x20,405.002,6.0,1875,-1,2.4,,
2026-08-05T12:53:18.000Z,M20-403-2-02820,1469969598,43.87160,4.52854,21991.2,-21.6,13.1,283.9,-53.6,0.0,41.2,0x20,405.002,6.0,1875,-1,2.4,,
2026-08-05T12:53:27.000Z,M20-403-2-02820,1469969607,43.87177,4.52753,21790.6,-22.1,6.7,290.2,-53.8,0.0,42.6,0x20,405.002,3.1,1875,-1,2.4,,
2026-08-05T12:53:29.000Z,M20-403-2-02820,1469969609,43.87184,4.52740,21742.0,-22.9,6.2,302.6,-53.8,0.0,43.0,0x20,405.002,3.4,1875,-1,2.4,,
2026-08-05T12:53:31.000Z,M20-403-2-02820,1469969611,43.87195,4.52728,21697.4,-20.1,9.1,323.1,-53.9,0.0,43.3,0x20,405.002,8.7,1875,-1,2.4,,
2026-08-05T12:53:33.000Z,M20-403-2-02820,1469969613,43.87210,4.52717,21655.8,-19.1,9.4,333.5,-53.7,0.0,43.6,0x20,405.002,7.7,1875,-1,2.4,,
2026-08-05T12:53:34.000Z,M20-403-2-02820,1469969614,43.87217,4.52712,21634.4,-19.8,9.4,336.1,-53.7,0.0,43.8,0x20,405.002,10.5,1875,-1,2.4,,
2026-08-05T12:53:37.000Z,M20-403-2-02820,1469969617,43.87242,4.52696,21567.7,-18.7,11.4,334.2,-53.4,0.0,44.2,0x20,405.002,10.9,1875,-1,2.4,,
2026-08-05T12:53:40.000Z,M20-403-2-02820,1469969620,43.87268,4.52676,21500.8,-22.5,11.2,323.2,-54.3,0.0,44.7,0x20,405.002,4.1,1875,-1,2.4,,
2026-08-05T12:53:44.000Z,M20-403-2-02820,1469969624,43.87304,4.52641,21408.6,-22.8,13.4,322.3,-55.3,0.0,45.4,0x20,405.002,7.6,1875,-1,2.4,,
2026-08-05T12:53:46.000Z,M20-403-2-02820,1469969626,43.87325,4.52618,21360.6,-21.9,15.0,317.4,-55.3,0.0,45.8,0x20,405.002,9.2,1875,-1,2.4,,
2026-08-05T12:53:55.000Z,M20-403-2-02820,1469969635,43.87403,4.52516,21162.5,-20.0,10.2,319.3,-55.2,0.0,47.4,0x20,405.002,3.6,1875,-1,2.4,,
2026-08-05T12:53:56.000Z,M20-403-2-02820,1469969636,43.87409,4.52508,21141.6,-18.7,9.1,322.7,-55.2,0.0,47.5,0x20,405.002,7.6,1875,-1,2.4,,
2026-08-05T12:53:58.000Z,M20-403-2-02820,1469969638,43.87421,4.52495,21101.4,-18.8,7.0,317.4,-55.3,0.0,47.9,0x20,405.002,6.8,1875,-1,2.4,,
2026-08-05T12:54:02.000Z,M20-403-2-02820,1469969642,43.87446,4.52466,21010.8,-22.2,9.3,321.8,-55.0,0.0,48.5,0x20,405.002,9.2,1875,-1,2.4,,
2026-08-05T12:54:05.000Z,M20-403-2-02820,1469969645,43.87466,4.52444,20940.9,-20.8,9.4,319.4,-54.5,0.0,49.1,0x20,405.002,5.1,1875,-1,2.4,,
2026-08-05T12:54:09.000Z,M20-403-2-02820,1469969649,43.87490,4.52412,20851.5,-20.6,9.3,310.5,-54.8,0.0,49.9,0x20,405.002,6.7,1875,-1,2.4,,
2026-08-05T12:54:12.000Z,M20-403-2-02820,1469969652,43.87508,4.52381,20785.8,-21.0,11.5,303.1,-54.5,0.0,50.4,0x20,405.002,9.2,1875,-1,2.4,,
2026-08-05T12:54:15.000Z,M20-403-2-02820,1469969655,43.87525,4.52342,20719.4,-19.9,11.6,302.4,-54.3,0.0,50.9,0x20,405.002,11.9,1875,-1,2.4,,
2026-08-05T12:54:26.000Z,M20-403-2-02820,1469969666,43.87563,4.52231,20486.5,-17.3,7.0,305.9,-54.8,0.0,53.0,0x20,405.002,10.8,1875,-1,2.4,,
2026-08-05T12:54:28.000Z,M20-403-2-02820,1469969668,43.87572,4.52218,20448.4,-18.4,6.5,313.6,-54.8,0.0,53.3,0x20,405.002,12.1,1875,-1,2.4,,
2026-08-05T12:54:36.000Z,M20-403-2-02820,1469969676,43.87617,4.52179,20286.2,-19.4,9.2,329.4,-54.4,0.0,54.8,0x20,405.002,5.4,1875,-1,2.4,,
2026-08-05T12:54:52.000Z,M20-403-2-02820,1469969692,43.87746,4.52066,19950.6,-20.2,8.6,330.5,-54.9,0.0,57.8,0x20,405.002,9.4,1875,-1,2.4,,
2026-08-05T12:54:54.000Z,M20-403-2-02820,1469969694,43.87759,4.52057,19906.4,-20.0,6.8,326.4,-55.2,0.0,58.3,0x20,405.002,11.0,1875,-1,2.4,,
2026-08-05T12:55:16.000Z,M20-403-2-02820,1469969716,43.87852,4.51930,19476.7,-19.5,1.4,14.1,-57.1,0.0,62.5,0x20,405.002,11.5,1875,-1,2.4,,
2026-08-05T12:55:20.000Z,M20-403-2-02820,1469969720,43.87862,4.51926,19387.0,-21.0,3.3,342.0,-56.5,0.0,63.5,0x20,405.002,11.3,1875,-1,2.4,,
2026-08-05T12:55:24.000Z,M20-403-2-02820,1469969724,43.87876,4.51915,19301.4,-20.9,3.8,327.9,-56.7,0.0,64.4,0x20,405.002,3.9,1875,-1,2.4,,
2026-08-05T12:55:28.000Z,M20-403-2-02820,1469969728,43.87886,4.51903,19221.2,-16.6,2.3,326.6,-56.9,0.0,65.3,0x20,405.002,8.3,1875,-1,2.4,,
2026-08-05T12:55:31.000Z,M20-403-2-02820,1469969731,43.87893,4.51898,19159.3,-20.4,3.6,327.9,-56.7,0.0,66.0,0x20,405.002,6.8,1875,-1,2.4,,
2026-08-05T12:55:37.000Z,M20-403-2-02820,1469969737,43.87918,4.51891,19035.6,-17.7,5.5,0.0,-56.7,0.0,67.3,0x20,405.002,9.3,1875,-1,2.4,,
2026-08-05T12:55:48.000Z,M20-403-2-02820,1469969748,43.87976,4.51869,18812.0,-18.1,7.7,334.6,-56.6,0.0,69.8,0x20,405.002,10.1,1875,-1,2.4,,
2026-08-05T12:55:55.000Z,M20-403-2-02820,1469969755,43.88013,4.51829,18676.5,-17.4,6.3,316.2,-57.1,0.0,71.4,0x20,405.002,8.2,1875,-1,2.4,,
2026-08-05T12:56:02.000Z,M20-403-2-02820,1469969762,43.88044,4.51797,18535.5,-16.4,5.9,343.3,-57.8,0.0,73.1,0x20,405.002,4.5,1875,-1,2.3,,
2026-08-05T12:56:10.000Z,M20-403-2-02820,1469969770,43.88096,4.51775,18383.1,-18.5,9.2,333.2,-57.9,0.0,75.0,0x20,405.002,12.7,1875,-1,2.3,,
2026-08-05T12:56:13.000Z,M20-403-2-02820,1469969773,43.88121,4.51758,18324.6,-17.1,10.6,328.0,-57.8,0.0,75.7,0x20,405.002,10.2,1875,-1,2.3,,
2026-08-05T12:56:17.000Z,M20-403-2-02820,1469969777,43.88153,4.51733,18249.0,-18.2,8.8,331.8,-58.0,0.0,76.6,0x20,405.002,3.4,1875,-1,2.3,,
2026-08-05T12:56:20.000Z,M20-403-2-02820,1469969780,43.88174,4.51719,18187.2,-18.6,6.9,335.7,-57.9,0.0,77.4,0x20,405.002,7.6,1875,-1,2.3,,
2026-08-05T12:56:22.000Z,M20-403-2-02820,1469969782,43.88185,4.51713,18144.9,-20.4,5.2,334.7,-57.6,0.0,78.0,0x20,405.002,7.8,1875,-1,2.3,,
2026-08-05T12:56:23.000Z,M20-403-2-02820,1469969783,43.88189,4.51711,18124.8,-17.4,5.0,347.5,-57.5,0.0,78.2,0x20,405.002,11.8,1875,-1,2.3,,
2026-08-05T12:56:28.000Z,M20-403-2-02820,1469969788,43.88208,4.51705,18034.2,-18.5,4.3,353.5,-57.5,0.0,79.4,0x20,405.002,7.2,1875,-1,2.3,,
2026-08-05T12:56:32.000Z,M20-403-2-02820,1469969792,43.88215,4.51704,17954.8,-17.4,0.8,27.5,-57.8,0.0,80.5,0x20,405.002,2.9,1875,-1,2.3,,
2026-08-05T12:56:33.000Z,M20-403-2-02820,1469969793,43.88216,4.51705,17934.8,-18.7,1.0,55.1,-57.8,0.0,80.7,0x20,405.002,7.8,1875,-1,2.3,,
2026-08-05T12:56:34.000Z,M20-403-2-02820,1469969794,43.88216,4.51706,17913.6,-19.8,1.0,54.5,-57.9,0.0,81.0,0x20,405.002,7.8,1875,-1,2.3,,
2026-08-05T12:56:35.000Z,M20-403-2-02820,1469969795,43.88217,4.51707,17891.9,-20.6,1.5,37.3,-58.0,0.0,81.3,0x20,405.002,7.7,1875,-1,2.3,,
2026-08-05T12:56:36.000Z,M20-403-2-02820,1469969796,43.88218,4.51708,17870.7,-19.4,2.2,55.7,-58.0,0.0,81.6,0x20,405.002,10.2,1875,-1,2.3,,
2026-08-05T12:56:41.000Z,M20-403-2-02820,1469969801,43.88228,4.51719,17772.9,-17.8,4.7,38.5,-58.0,0.0,82.9,0x20,405.002,9.1,1875,-1,2.3,,
2026-08-05T12:56:42.000Z,M20-403-2-02820,1469969802,43.88232,4.51723,17753.2,-20.0,4.7,35.7,-58.0,0.0,83.2,0x20,405.002,8.2,1875,-1,2.3,,
2026-08-05T12:56:43.000Z,M20-403-2-02820,1469969803,43.88235,4.51726,17732.3,-19.7,4.9,34.7,-57.9,0.0,83.5,0x20,405.002,3.9,1875,-1,2.3,,
2026-08-05T12:56:44.000Z,M20-403-2-02820,1469969804,43.88240,4.51731,17713.4,-16.0,6.8,37.2,-57.9,0.0,83.7,0x20,405.002,3.4,1875,-1,2.3,,
2026-08-05T12:56:52.000Z,M20-403-2-02820,1469969812,43.88285,4.51770,17554.9,-20.4,8.2,27.8,-58.9,0.0,85.9,0x20,405.002,10.3,1875,-1,2.3,,
2026-08-05T12:56:53.000Z,M20-403-2-02820,1469969813,43.88292,4.51774,17533.2,-20.5,8.6,27.6,-59.2,0.0,86.2,0x20,405.002,10.6,1875,-1,2.3,,
2026-08-05T12:56:57.000Z,M20-403-2-02820,1469969817,43.88324,4.51788,17453.3,-17.6,10.0,14.7,-59.0,0.0,87.4,0x20,405.002,3.0,1875,-1,2.3,,
2026-08-05T12:57:01.000Z,M20-403-2-02820,1469969821,43.88357,4.51796,17378.7,-18.5,9.3,9.0,-58.8,0.0,88.5,0x20,405.002,10.6,1875,-1,2.3,,
2026-08-05T12:57:02.000Z,M20-403-2-02820,1469969822,43.88365,4.51797,17358.4,-19.2,8.4,5.8,-58.8,0.0,88.8,0x20,405.002,10.6,1875,-1,2.3,,
2026-08-05T12:57:06.000Z,M20-403-2-02820,1469969826,43.88392,4.51795,17277.8,-18.0,6.7,358.9,-58.6,0.0,90.0,0x20,405.002,7.9,1875,-1,2.3,,
2026-08-05T12:57:09.000Z,M20-403-2-02820,1469969829,43.88408,4.51793,17220.3,-18.5,5.6,359.4,-58.5,0.0,90.8,0x20,405.002,3.3,1875,-1,2.3,,
2026-08-05T12:57:10.000Z,M20-403-2-02820,1469969830,43.88413,4.51794,17199.4,-19.1,5.5,9.6,-58.5,0.0,91.2,0x20,405.002,3.3,1875,-1,2.3,,
2026-08-05T12:57:11.000Z,M20-403-2-02820,1469969831,43.88417,4.51795,17178.7,-19.0,4.6,13.3,-58.5,0.0,91.5,0x20,405.002,3.5,1875,-1,2.3,,
2026-08-05T12:57:14.000Z,M20-403-2-02820,1469969834,43.88428,4.51800,17123.2,-14.2,4.1,31.6,-59.1,0.0,92.3,0x20,405.002,6.0,1875,-1,2.3,,
2026-08-05T12:57:15.000Z,M20-403-2-02820,1469969835,43.88431,4.51803,17108.0,-15.2,4.8,34.5,-59.3,0.0,92.5,0x20,405.002,9.5,1875,-1,2.3,,
2026-08-05T12:57:18.000Z,M20-403-2-02820,1469969838,43.88441,4.51815,17050.6,-19.4,5.5,54.8,-59.8,0.0,93.4,0x20,405.002,8.6,1875,-1,2.3,,
2026-08-05T12:57:30.000Z,M20-403-2-02820,1469969850,43.88478,4.51898,16815.8,-18.2,6.9,64.4,-60.5,0.0,97.1,0x20,405.002,9.5,1875,-1,2.3,,
2026-08-05T12:57:31.000Z,M20-403-2-02820,1469969851,43.88481,4.51907,16797.1,-17.8,8.2,58.6,-60.5,0.0,97.4,0x20,405.002,9.5,1875,-1,2.3,,
2026-08-05T12:57:36.000Z,M20-403-2-02820,1469969856,43.88500,4.51955,16702.7,-18.1,9.9,66.9,-60.7,0.0,98.9,0x20,405.002,2.9,1875,-1,2.3,,
2026-08-05T12:57:39.000Z,M20-403-2-02820,1469969859,43.88510,4.51993,16648.5,-16.9,10.4,75.2,-60.8,0.0,99.8,0x20,405.002,7.9,1875,-1,2.3,,
2026-08-05T12:57:42.000Z,M20-403-2-02820,1469969862,43.88522,4.52034,16598.1,-16.1,11.5,66.4,-60.8,0.0,100.7,0x20,405.002,9.9,1875,-1,2.3,,
2026-08-05T12:57:47.000Z,M20-403-2-02820,1469969867,43.88547,4.52096,16499.3,-17.8,10.8,54.8,-60.5,0.0,102.3,0x20,405.002,7.6,1875,-1,2.3,,
2026-08-05T12:57:50.000Z,M20-403-2-02820,1469969870,43.88566,4.52127,16441.9,-18.6,11.3,48.8,-60.4,0.0,103.3,0x20,405.002,3.4,1875,-1,2.3,,
2026-08-05T12:57:54.000Z,M20-403-2-02820,1469969874,43.88594,4.52158,16372.5,-13.5,9.6,31.5,-59.9,0.0,104.5,0x20,405.002,9.3,1875,-1,2.3,,
2026-08-05T12:57:56.000Z,M20-403-2-02820,1469969876,43.88608,4.52171,16340.4,-16.0,10.2,30.4,-59.7,0.0,105.1,0x20,405.002,8.9,1875,-1,2.3,,
2026-08-05T12:58:04.000Z,M20-403-2-02820,1469969884,43.88664,4.52203,16193.7,-16.1,8.1,21.4,-59.1,0.0,107.7,0x20,405.002,6.2,1500,-1,2.3,,
2026-08-05T12:58:10.000Z,M20-403-2-02820,1469969890,43.88704,4.52227,16092.5,-18.1,9.5,35.8,-59.4,0.0,109.5,0x20,405.002,10.3,1500,-1,2.3,,
2026-08-05T12:58:19.000Z,M20-403-2-02820,1469969899,43.88760,4.52290,15921.4,-17.5,8.0,43.6,-59.3,0.0,112.5,0x20,405.002,4.9,1500,-1,2.3,,
2026-08-05T12:58:21.000Z,M20-403-2-02820,1469969901,43.88770,4.52303,15884.8,-18.9,7.0,42.7,-59.1,0.0,113.2,0x20,405.002,7.8,1875,-1,2.3,,
2026-08-05T12:58:25.000Z,M20-403-2-02820,1469969905,43.88786,4.52322,15810.6,-16.6,4.4,45.6,-58.8,0.0,114.6,0x20,405.002,9.0,1125,-1,2.3,,
2026-08-05T12:58:38.000Z,M20-403-2-02820,1469969918,43.88804,4.52412,15587.6,-17.0,7.6,71.5,-60.4,0.0,119.0,0x20,405.002,9.4,1125,-1,2.3,,
2026-08-05T12:58:46.000Z,M20-403-2-02820,1469969926,43.88834,4.52480,15442.4,-17.2,8.6,47.0,-60.1,0.0,121.8,0x20,405.002,9.4,1125,-1,2.3,,
2026-08-05T12:58:47.000Z,M20-403-2-02820,1469969927,43.88840,4.52487,15422.9,-17.7,7.8,46.5,-60.1,0.0,122.2,0x20,405.002,9.4,1125,-1,2.3,,
2026-08-05T12:58:51.000Z,M20-403-2-02820,1469969931,43.88859,4.52506,15351.9,-16.8,6.3,37.1,-59.8,0.0,123.6,0x20,405.002,9.2,1125,-1,2.3,,
2026-08-05T12:58:52.000Z,M20-403-2-02820,1469969932,43.88863,4.52510,15332.3,-18.0,6.4,43.0,-59.7,0.0,124.0,0x20,405.002,9.9,1125,-1,2.3,,
2026-08-05T12:58:53.000Z,M20-403-2-02820,1469969933,43.88867,4.52516,15312.9,-18.1,5.7,47.3,-59.6,0.0,124.4,0x20,405.002,9.9,1125,-1,2.3,,
2026-08-05T12:59:07.000Z,M20-403-2-02820,1469969947,43.88899,4.52628,15057.7,-16.5,8.3,82.3,-59.2,0.0,129.7,0x20,405.002,3.7,1125,-1,2.3,,
2026-08-05T12:59:12.000Z,M20-403-2-02820,1469969952,43.88903,4.52680,14968.6,-16.1,9.5,91.1,-59.3,0.0,131.7,0x20,405.002,8.6,1125,-1,2.3,,
2026-08-05T12:59:15.000Z,M20-403-2-02820,1469969955,43.88903,4.52718,14914.6,-17.3,11.5,92.4,-59.7,0.0,132.8,0x20,405.002,8.4,1125,-1,2.3,,
2026-08-05T12:59:46.000Z,M20-403-2-02820,1469969986,43.88856,4.53098,14383.0,-14.7,12.2,108.2,-60.1,0.0,145.0,0x20,405.002,2.9,1125,-1,2.3,,
2026-08-05T12:59:59.000Z,M20-403-2-02820,1469969999,43.88827,4.53259,14170.0,-13.9,9.2,94.7,-60.1,0.0,150.1,0x20,405.002,3.1,1125,-1,2.3,,
2026-08-05T13:00:00.000Z,M20-403-2-02820,1469970000,43.88826,4.53270,14153.3,-16.4,8.8,97.0,-60.0,0.0,150.5,0x20,405.002,3.1,1125,-1,2.3,,
2026-08-05T13:00:03.000Z,M20-403-2-02820,1469970003,43.88826,4.53300,14102.9,-15.5,7.9,89.8,-59.6,0.0,151.7,0x20,405.002,6.0,1125,-1,2.3,,
2026-08-05T13:00:04.000Z,M20-403-2-02820,1469970004,43.88826,4.53310,14087.3,-13.4,7.7,86.1,-59.5,0.0,152.1,0x20,405.002,10.9,1125,-1,2.3,,
2026-08-05T13:00:05.000Z,M20-403-2-02820,1469970005,43.88826,4.53319,14071.3,-15.0,8.1,93.1,-59.4,0.0,152.6,0x20,405.002,10.9,1125,-1,2.3,,
2026-08-05T13:00:10.000Z,M20-403-2-02820,1469970010,43.88826,4.53361,13987.1,-15.9,6.3,89.3,-59.0,0.0,154.6,0x20,405.002,6.3,1125,-1,2.3,,
2026-08-05T13:00:12.000Z,M20-403-2-02820,1469970012,43.88824,4.53379,13953.6,-15.0,8.5,99.0,-58.8,0.0,155.4,0x20,405.002,3.3,1125,-1,2.3,,
2026-08-05T13:00:15.000Z,M20-403-2-02820,1469970015,43.88819,4.53410,13903.0,-15.2,9.1,105.5,-58.5,0.0,156.8,0x20,405.002,8.6,1125,-1,2.3,,
2026-08-05T13:00:16.000Z,M20-403-2-02820,1469970016,43.88817,4.53420,13886.1,-16.1,8.9,104.2,-58.5,0.0,157.2,0x20,405.002,8.6,1125,-1,2.3,,
2026-08-05T13:00:17.000Z,M20-403-2-02820,1469970017,43.88815,4.53430,13869.4,-15.0,9.1,103.1,-58.4,0.0,157.6,0x20,405.002,6.6,1125,-1,2.3,,
2026-08-05T13:00:21.000Z,M20-403-2-02820,1469970021,43.88804,4.53471,13805.9,-15.6,9.3,109.5,-58.3,0.0,159.2,0x20,405.002,7.3,1125,-1,2.3,,
2026-08-05T13:00:23.000Z,M20-403-2-02820,1469970023,43.88798,4.53492,13771.8,-15.7,9.9,110.5,-58.1,0.0,160.0,0x20,405.002,5.6,1125,-1,2.3,,
2026-08-05T13:00:24.000Z,M20-403-2-02820,1469970024,43.88795,4.53504,13754.7,-15.7,10.5,105.5,-58.0,0.0,160.5,0x20,405.002,3.7,1125,-1,2.3,,
2026-08-05T13:00:25.000Z,M20-403-2-02820,1469970025,43.88792,4.53515,13737.5,-15.5,9.6,102.7,-57.9,0.0,160.9,0x20,405.002,3.3,1125,-1,2.3,,
2026-08-05T13:00:37.000Z,M20-403-2-02820,1469970037,43.88748,4.53674,13546.0,-12.7,13.3,112.0,-57.1,0.0,166.2,0x20,405.002,4.6,1125,-1,2.3,,
2026-08-05T13:01:39.000Z,M20-403-2-02820,1469970099,43.88468,4.54752,12579.3,-16.7,15.0,110.1,-51.8,2.2,193.7,0x20,405.002,9.1,1125,-1,2.3,,
2026-08-05T13:01:41.000Z,M20-403-2-02820,1469970101,43.88459,4.54787,12546.3,-15.4,15.3,111.4,-51.7,2.3,194.6,0x20,405.002,8.1,1125,-1,2.3,,
2026-08-05T13:02:51.000Z,M20-403-2-02820,1469970171,43.88170,4.55830,11522.6,-15.2,14.1,105.3,-46.4,7.3,228.1,0x20,405.002,5.2,1125,-1,2.3,,
2026-08-05T13:03:09.000Z,M20-403-2-02820,1469970189,43.88119,4.56107,11265.3,-13.1,13.0,103.0,-44.7,9.3,237.2,0x20,405.002,8.2,1125,-1,2.2,,
2026-08-05T13:03:53.000Z,M20-403-2-02820,1469970233,43.88040,4.56698,10662.6,-14.9,9.7,100.2,-41.1,6.6,259.7,0x20,405.002,3.4,1125,-1,2.2,,
2026-08-05T13:03:59.000Z,M20-403-2-02820,1469970239,43.88032,4.56769,10582.1,-14.7,10.2,89.3,-40.5,7.8,262.9,0x20,405.002,7.2,1125,-1,2.2,,
2026-08-05T13:04:03.000Z,M20-403-2-02820,1469970243,43.88027,4.56820,10527.2,-12.7,10.2,96.5,-40.0,8.5,265.0,0x20,405.002,7.1,1125,-1,2.2,,
2026-08-05T13:04:12.000Z,M20-403-2-02820,1469970252,43.88011,4.56934,10410.4,-12.9,10.3,97.6,-39.0,9.7,269.7,0x20,405.002,8.9,1500,-1,2.2,,
2026-08-05T13:04:20.000Z,M20-403-2-02820,1469970260,43.87996,4.57033,10303.9,-12.1,10.9,98.3,-38.2,10.2,273.9,0x20,405.002,3.9,1500,-1,2.2,,
2026-08-05T13:04:28.000Z,M20-403-2-02820,1469970268,43.87982,4.57137,10198.4,-13.5,11.1,98.9,-37.5,9.2,278.1,0x20,405.002,9.1,1875,-1,2.2,,
2026-08-05T13:04:29.000Z,M20-403-2-02820,1469970269,43.87980,4.57150,10185.1,-12.2,11.3,103.8,-37.5,9.0,278.6,0x20,405.002,9.1,1875,-1,2.2,,
2026-08-05T13:04:34.000Z,M20-403-2-02820,1469970274,43.87971,4.57216,10120.3,-11.7,11.2,97.8,-37.1,7.8,281.3,0x20,405.002,3.6,1875,-1,2.2,,
2026-08-05T13:04:42.000Z,M20-403-2-02820,1469970282,43.87954,4.57320,10018.2,-12.4,10.3,101.6,-36.4,6.6,285.6,0x20,405.002,7.3,1875,-1,2.2,,
2026-08-05T13:04:43.000Z,M20-403-2-02820,1469970283,43.87953,4.57333,10004.5,-12.3,10.7,98.3,-36.3,6.5,286.1,0x20,405.002,8.5,1875,-1,2.2,,
2026-08-05T13:04:45.000Z,M20-403-2-02820,1469970285,43.87950,4.57360,9980.5,-10.7,11.2,101.0,-36.0,6.4,287.2,0x20,405.002,3.3,1875,-1,2.2,,
2026-08-05T13:04:46.000Z,M20-403-2-02820,1469970286,43.87948,4.57374,9967.8,-12.6,11.0,102.9,-35.9,6.3,287.7,0x20,405.002,3.0,1875,-1,2.2,,
2026-08-05T13:04:47.000Z,M20-403-2-02820,1469970287,43.87947,4.57388,9954.9,-12.2,11.3,98.6,-35.8,6.3,288.3,0x20,405.002,3.9,1875,-1,2.2,,
2026-08-05T13:04:48.000Z,M20-403-2-02820,1469970288,43.87945,4.57401,9941.5,-12.7,10.3,99.6,-35.7,6.2,288.8,0x20,405.002,11.6,1875,-1,2.2,,
2026-08-05T13:04:49.000Z,M20-403-2-02820,1469970289,43.87944,4.57414,9927.9,-12.6,10.8,97.3,-35.7,6.2,289.4,0x20,405.002,11.6,1875,-1,2.2,,
2026-08-05T13:04:50.000Z,M20-403-2-02820,1469970290,43.87942,4.57428,9914.6,-12.8,11.1,99.4,-35.6,6.2,289.9,0x20,405.002,11.0,1875,-1,2.2,,
2026-08-05T13:04:51.000Z,M20-403-2-02820,1469970291,43.87941,4.57441,9902.0,-10.9,10.4,101.3,-35.5,6.2,290.5,0x20,405.002,9.4,1875,-1,2.2,,
2026-08-05T13:04:53.000Z,M20-403-2-02820,1469970293,43.87936,4.57467,9876.7,-11.7,11.7,104.5,-35.4,6.3,291.6,0x20,405.002,9.4,1875,-1,2.2,,
2026-08-05T13:04:56.000Z,M20-403-2-02820,1469970296,43.87931,4.57506,9840.4,-11.9,10.3,103.6,-35.1,6.4,293.1,0x20,405.002,7.2,1875,-1,2.2,,
2026-08-05T13:04:57.000Z,M20-403-2-02820,1469970297,43.87929,4.57519,9829.5,-9.3,10.9,100.8,-35.0,6.5,293.7,0x20,405.002,7.2,1875,-1,2.2,,
2026-08-05T13:04:58.000Z,M20-403-2-02820,1469970298,43.87928,4.57531,9817.5,-11.7,10.7,99.8,-35.0,6.5,294.2,0x20,405.002,4.5,1875,-1,2.2,,
2026-08-05T13:04:59.000Z,M20-403-2-02820,1469970299,43.87926,4.57544,9806.0,-9.4,10.5,98.2,-34.9,6.5,294.7,0x20,405.002,3.5,1875,-1,2.2,,
2026-08-05T13:05:01.000Z,M20-403-2-02820,1469970301,43.87923,4.57568,9778.7,-13.4,9.2,99.7,-34.6,6.4,295.9,0x20,405.002,7.7,1875,-1,2.2,,
2026-08-05T13:05:02.000Z,M20-403-2-02820,1469970302,43.87922,4.57579,9766.0,-10.0,10.2,99.6,-34.5,6.3,296.5,0x20,405.002,10.1,1875,-1,2.2,,
2026-08-05T13:05:04.000Z,M20-403-2-02820,1469970304,43.87917,4.57603,9738.0,-12.4,10.8,101.6,-34.3,6.1,297.6,0x20,405.002,10.4,1875,-1,2.2,,
2026-08-05T13:05:05.000Z,M20-403-2-02820,1469970305,43.87915,4.57615,9724.5,-11.6,10.1,103.7,-34.2,6.0,298.1,0x20,405.002,8.4,1875,-1,2.2,,
2026-08-05T13:05:06.000Z,M20-403-2-02820,1469970306,43.87913,4.57628,9712.0,-11.4,10.1,98.1,-34.1,5.9,298.7,0x20,405.002,6.6,1875,-1,2.2,,
2026-08-05T13:05:07.000Z,M20-403-2-02820,1469970307,43.87911,4.57639,9697.5,-12.6,9.8,98.8,-34.0,5.9,299.3,0x20,405.002,11.8,1875,-1,2.2,,
2026-08-05T13:05:08.000Z,M20-403-2-02820,1469970308,43.87910,4.57651,9683.9,-13.2,10.3,100.8,-33.9,5.9,299.8,0x20,405.002,11.8,1875,-1,2.2,,
2026-08-05T13:05:10.000Z,M20-403-2-02820,1469970310,43.87906,4.57675,9657.0,-12.8,9.7,99.9,-33.7,5.9,301.0,0x20,405.002,3.6,1875,-1,2.2,,
2026-08-05T13:05:11.000Z,M20-403-2-02820,1469970311,43.87904,4.57687,9643.6,-12.4,10.6,99.9,-33.6,6.0,301.5,0x20,405.002,3.8,1875,-1,2.2,,
2026-08-05T13:05:14.000Z,M20-403-2-02820,1469970314,43.87899,4.57722,9604.5,-13.4,8.9,102.0,-33.3,6.4,303.3,0x20,405.002,9.9,1875,-1,2.2,,
2026-08-05T13:05:15.000Z,M20-403-2-02820,1469970315,43.87898,4.57733,9590.3,-12.3,9.6,96.4,-33.2,6.5,303.8,0x20,405.002,9.9,1875,-1,2.2,,
2026-08-05T13:05:16.000Z,M20-403-2-02820,1469970316,43.87897,4.57745,9578.0,-11.6,10.2,97.6,-33.1,6.6,304.4,0x20,405.002,7.8,1875,-1,2.2,,
2026-08-05T13:05:19.000Z,M20-403-2-02820,1469970319,43.87892,4.57779,9541.9,-10.2,9.9,101.4,-32.8,6.9,306.1,0x20,405.002,7.3,1875,-1,2.2,,
2026-08-05T13:05:23.000Z,M20-403-2-02820,1469970323,43.87888,4.57823,9490.5,-13.1,9.1,94.7,-32.3,7.0,308.4,0x20,405.002,5.6,1875,-1,2.2,,
2026-08-05T13:05:24.000Z,M20-403-2-02820,1469970324,43.87887,4.57835,9477.9,-11.3,10.0,97.3,-32.2,7.0,308.8,0x20,405.002,3.9,1875,-1,2.2,,
2026-08-05T13:05:26.000Z,M20-403-2-02820,1469970326,43.87884,4.57857,9453.1,-12.9,9.0,105.5,-31.9,7.0,310.0,0x20,405.002,4.7,1875,-1,2.2,,
2026-08-05T13:05:28.000Z,M20-403-2-02820,1469970328,43.87881,4.57879,9428.1,-12.2,8.6,90.5,-31.7,7.0,311.1,0x20,405.002,9.7,1875,-1,2.2,,
2026-08-05T13:05:29.000Z,M20-403-2-02820,1469970329,43.87880,4.57889,9414.6,-12.0,9.1,97.4,-31.6,6.9,311.7,0x20,405.002,10.2,1875,-1,2.2,,
2026-08-05T13:05:30.000Z,M20-403-2-02820,1469970330,43.87879,4.57900,9401.9,-11.3,8.9,99.3,-31.4,6.9,312.2,0x20,405.002,10.2,1875,-1,2.2,,
2026-08-05T13:05:36.000Z,M20-403-2-02820,1469970336,43.87869,4.57960,9323.7,-13.1,8.0,96.5,-30.8,6.8,315.7,0x20,405.002,4.7,1875,-1,2.2,,
2026-08-05T13:05:37.000Z,M20-403-2-02820,1469970337,43.87869,4.57971,9310.3,-12.1,8.1,96.7,-30.7,6.8,316.3,0x20,405.002,3.5,1875,-1,2.2,,
2026-08-05T13:05:47.000Z,M20-403-2-02820,1469970347,43.87852,4.58066,9181.9,-11.8,7.6,104.2,-29.7,6.6,322.2,0x20,405.002,5.9,1875,-1,2.2,,
2026-08-05T13:05:49.000Z,M20-403-2-02820,1469970349,43.87849,4.58085,9156.9,-12.1,8.0,105.8,-29.5,6.5,323.4,0x20,405.002,4.7,1875,-1,2.2,,
2026-08-05T13:05:51.000Z,M20-403-2-02820,1469970351,43.87846,4.58103,9130.6,-11.8,7.7,108.7,-29.2,6.4,324.6,0x20,405.002,3.5,1875,-1,2.2,,
2026-08-05T13:05:56.000Z,M20-403-2-02820,1469970356,43.87837,4.58149,9065.6,-9.5,8.3,104.9,-28.8,6.0,327.6,0x20,405.002,11.8,1875,-1,2.2,,
2026-08-05T13:05:57.000Z,M20-403-2-02820,1469970357,43.87835,4.58158,9053.0,-12.8,7.4,103.8,-28.7,5.9,328.2,0x20,405.002,11.8,1875,-1,2.2,,
2026-08-05T13:05:58.000Z,M20-403-2-02820,1469970358,43.87833,4.58166,9039.3,-12.2,7.4,111.8,-28.6,5.8,328.8,0x20,405.002,10.4,1875,-1,2.2,,
2026-08-05T13:06:00.000Z,M20-403-2-02820,1469970360,43.87828,4.58182,9011.6,-12.5,6.1,108.3,-28.4,5.6,330.1,0x20,405.002,7.5,1875,-1,2.2,,
2026-08-05T13:06:01.000Z,M20-403-2-02820,1469970361,43.87826,4.58190,8998.4,-12.6,7.3,112.0,-28.4,5.6,330.6,0x20,405.002,9.5,1875,-1,2.2,,
2026-08-05T13:06:04.000Z,M20-403-2-02820,1469970364,43.87819,4.58213,8960.2,-12.5,6.0,107.0,-28.1,5.4,332.4,0x20,405.002,2.8,1875,-1,2.2,,
2026-08-05T13:06:07.000Z,M20-403-2-02820,1469970367,43.87811,4.58234,8921.9,-12.1,5.8,120.4,-27.8,5.4,334.2,0x20,405.002,10.9,1875,-1,2.2,,
2026-08-05T13:06:08.000Z,M20-403-2-02820,1469970368,43.87808,4.58241,8909.4,-12.1,6.6,112.5,-27.6,5.3,334.8,0x20,405.002,10.9,1875,-1,2.2,,
2026-08-05T13:06:09.000Z,M20-403-2-02820,1469970369,43.87805,4.58249,8896.4,-11.7,6.8,119.6,-27.6,5.3,335.4,0x20,405.002,10.5,1875,-1,2.2,,
2026-08-05T13:06:11.000Z,M20-403-2-02820,1469970371,43.87799,4.58261,8869.1,-13.2,5.8,117.5,-27.3,5.1,336.6,0x20,405.002,11.6,1875,-1,2.2,,
2026-08-05T13:06:12.000Z,M20-403-2-02820,1469970372,43.87797,4.58268,8855.0,-13.6,6.3,115.0,-27.2,5.1,337.2,0x20,405.002,11.6,1875,-1,2.2,,
2026-08-05T13:06:13.000Z,M20-403-2-02820,1469970373,43.87794,4.58274,8840.6,-14.2,5.1,116.9,-27.1,5.1,337.9,0x20,405.002,11.1,1875,-1,2.2,,
2026-08-05T13:06:14.000Z,M20-403-2-02820,1469970374,43.87792,4.58280,8827.3,-11.5,5.8,119.0,-27.0,5.1,338.5,0x20,405.002,11.1,1875,-1,2.2,,
2026-08-05T13:06:15.000Z,M20-403-2-02820,1469970375,43.87790,4.58287,8815.7,-10.2,6.1,111.5,-27.0,5.2,339.1,0x20,405.002,9.6,1875,-1,2.2,,
2026-08-05T13:06:16.000Z,M20-403-2-02820,1469970376,43.87788,4.58294,8803.3,-12.7,5.8,105.6,-26.8,5.3,339.8,0x20,405.002,9.6,1875,-1,2.2,,
2026-08-05T13:06:17.000Z,M20-403-2-02820,1469970377,43.87786,4.58301,8790.2,-11.9,6.6,115.7,-26.7,5.3,340.4,0x20,405.002,3.0,1875,-1,2.2,,
2026-08-05T13:06:19.000Z,M20-403-2-02820,1469970379,43.87782,4.58315,8767.0,-10.8,5.8,108.7,-26.5,5.4,341.6,0x20,405.002,10.7,1875,-1,2.2,,
2026-08-05T13:06:20.000Z,M20-403-2-02820,1469970380,43.87780,4.58321,8752.9,-13.3,5.8,110.4,-26.4,5.4,342.3,0x20,405.002,12.4,1875,-1,2.2,,
2026-08-05T13:06:21.000Z,M20-403-2-02820,1469970381,43.87778,4.58328,8739.5,-11.6,6.3,106.1,-26.3,5.5,342.9,0x20,405.002,12.4,1875,-1,2.2,,
2026-08-05T13:06:22.000Z,M20-403-2-02820,1469970382,43.87777,4.58336,8726.7,-11.6,6.5,107.2,-26.2,5.5,343.5,0x20,405.002,9.6,1875,-1,2.2,,
2026-08-05T13:06:23.000Z,M20-403-2-02820,1469970383,43.87774,4.58343,8714.1,-11.7,6.1,117.6,-26.0,5.5,344.1,0x20,405.002,9.2,1875,-1,2.2,,
2026-08-05T13:06:24.000Z,M20-403-2-02820,1469970384,43.87772,4.58350,8701.0,-12.4,6.0,109.1,-25.9,5.5,344.8,0x20,405.002,10.3,1875,-1,2.2,,
2026-08-05T13:06:25.000Z,M20-403-2-02820,1469970385,43.87770,4.58357,8687.5,-12.3,7.3,106.6,-25.9,5.5,345.4,0x20,405.002,10.4,1875,-1,2.2,,
2026-08-05T13:06:26.000Z,M20-403-2-02820,1469970386,43.87768,4.58365,8675.2,-11.3,6.0,114.3,-25.7,5.5,346.1,0x20,405.002,10.4,1875,-1,2.2,,
2026-08-05T13:06:27.000Z,M20-403-2-02820,1469970387,43.87766,4.58372,8662.0,-12.6,6.0,103.5,-25.7,5.5,346.7,0x20,405.002,7.6,1875,-1,2.2,,
2026-08-05T13:06:28.000Z,M20-403-2-02820,1469970388,43.87765,4.58380,8648.4,-12.3,7.0,106.3,-25.6,5.6,347.3,0x20,405.002,4.6,1875,-1,2.2,,
2026-08-05T13:06:31.000Z,M20-403-2-02820,1469970391,43.87758,4.58403,8608.3,-12.7,6.3,104.9,-25.4,5.5,349.1,0x20,405.002,7.5,1875,-1,2.2,,
2026-08-05T13:06:32.000Z,M20-403-2-02820,1469970392,43.87756,4.58411,8595.1,-12.6,8.1,108.1,-25.4,5.6,349.8,0x20,405.002,7.5,1875,-1,2.2,,
2026-08-05T13:06:34.000Z,M20-403-2-02820,1469970394,43.87752,4.58430,8570.8,-11.2,7.8,110.9,-25.3,5.6,351.0,0x20,405.002,9.4,1875,-1,2.2,,
2026-08-05T13:06:35.000Z,M20-403-2-02820,1469970395,43.87750,4.58439,8558.6,-11.9,7.9,104.0,-25.2,5.6,351.7,0x20,405.002,13.7,1875,-1,2.2,,
2026-08-05T13:06:36.000Z,M20-403-2-02820,1469970396,43.87748,4.58448,8546.4,-11.4,8.1,104.2,-25.1,5.5,352.2,0x20,405.002,13.7,1875,-1,2.2,,
2026-08-05T13:06:39.000Z,M20-403-2-02820,1469970399,43.87742,4.58474,8507.1,-12.1,7.5,96.3,-24.9,5.5,354.2,0x20,405.002,9.2,1875,-1,2.2,,
2026-08-05T13:06:40.000Z,M20-403-2-02820,1469970400,43.87741,4.58484,8494.5,-12.3,8.8,99.9,-24.7,5.5,354.8,0x20,405.002,12.7,1875,-1,2.2,,
2026-08-05T13:06:42.000Z,M20-403-2-02820,1469970402,43.87737,4.58501,8468.4,-12.2,7.4,113.7,-24.5,5.5,356.0,0x20,405.002,3.1,1875,-1,2.2,,
2026-08-05T13:06:43.000Z,M20-403-2-02820,1469970403,43.87735,4.58510,8455.3,-11.6,7.7,102.5,-24.4,5.5,356.7,0x20,405.002,3.1,1875,-1,2.2,,
2026-08-05T13:06:44.000Z,M20-403-2-02820,1469970404,43.87733,4.58520,8442.6,-12.8,7.9,104.7,-24.3,5.6,357.3,0x20,405.002,4.7,1875,-1,2.2,,
2026-08-05T13:06:46.000Z,M20-403-2-02820,1469970406,43.87729,4.58537,8418.8,-10.8,6.4,108.8,-24.3,5.3,358.6,0x20,405.002,6.8,1875,-1,2.2,,
2026-08-05T13:06:47.000Z,M20-403-2-02820,1469970407,43.87728,4.58544,8406.6,-11.5,6.6,109.7,-24.3,5.1,359.2,0x20,405.002,9.4,1875,-1,2.2,,
2026-08-05T13:06:48.000Z,M20-403-2-02820,1469970408,43.87726,4.58551,8393.5,-11.9,6.3,100.9,-24.3,4.9,359.9,0x20,405.002,9.4,1875,-1,2.2,,
2026-08-05T13:06:49.000Z,M20-403-2-02820,1469970409,43.87725,4.58559,8380.9,-11.5,6.6,100.6,-24.4,4.8,360.5,0x20,405.002,9.0,1875,-1,2.2,,
2026-08-05T13:06:50.000Z,M20-403-2-02820,1469970410,43.87724,4.58566,8368.3,-11.0,6.1,107.2,-24.4,4.7,361.2,0x20,405.002,10.2,1875,-1,2.3,,
2026-08-05T13:06:51.000Z,M20-403-2-02820,1469970411,43.87723,4.58574,8354.3,-13.2,6.5,96.9,-24.3,4.6,361.8,0x20,405.002,10.2,1875,-1,2.2,,
2026-08-05T13:06:55.000Z,M20-403-2-02820,1469970415,43.87718,4.58603,8304.2,-12.3,5.2,96.6,-24.0,4.4,364.4,0x20,405.002,3.4,1875,-1,2.2,,
2026-08-05T13:06:56.000Z,M20-403-2-02820,1469970416,43.87718,4.58610,8291.0,-12.1,6.3,92.9,-23.9,4.4,365.0,0x20,405.002,3.4,1875,-1,2.2,,
2026-08-05T13:06:57.000Z,M20-403-2-02820,1469970417,43.87717,4.58619,8279.0,-11.6,6.1,99.0,-23.8,4.4,365.6,0x20,405.002,6.8,1875,-1,2.3,,
2026-08-05T13:06:58.000Z,M20-403-2-02820,1469970418,43.87716,4.58626,8266.4,-12.0,6.2,110.3,-23.7,4.4,366.3,0x20,405.002,7.8,1875,-1,2.3,,
2026-08-05T13:07:00.000Z,M20-403-2-02820,1469970420,43.87712,4.58642,8240.2,-11.3,6.7,103.4,-23.5,4.4,367.7,0x20,405.002,9.9,1875,-1,2.3,,
2026-08-05T13:07:01.000Z,M20-403-2-02820,1469970421,43.87711,4.58650,8227.5,-11.5,6.5,113.0,-23.3,4.5,368.3,0x20,405.002,9.9,1875,-1,2.3,,
2026-08-05T13:07:02.000Z,M20-403-2-02820,1469970422,43.87709,4.58657,8214.4,-12.9,5.7,98.8,-23.2,4.5,369.0,0x20,405.002,8.5,1875,-1,2.3,,
2026-08-05T13:07:03.000Z,M20-403-2-02820,1469970423,43.87707,4.58664,8200.7,-11.5,7.3,107.1,-23.1,4.6,369.6,0x20,405.002,8.7,1875,-1,2.3,,
2026-08-05T13:07:05.000Z,M20-403-2-02820,1469970425,43.87703,4.58680,8174.4,-12.3,5.7,106.2,-22.9,4.6,370.9,0x20,405.002,8.7,1875,-1,2.3,,
2026-08-05T13:07:08.000Z,M20-403-2-02820,1469970428,43.87697,4.58704,8132.6,-13.2,6.4,105.7,-22.6,4.5,372.8,0x20,405.002,3.2,1875,-1,2.3,,
2026-08-05T13:07:09.000Z,M20-403-2-02820,1469970429,43.87696,4.58712,8121.4,-10.7,6.7,105.6,-22.5,4.5,373.4,0x20,405.002,3.3,1875,-1,2.3,,
2026-08-05T13:07:13.000Z,M20-403-2-02820,1469970433,43.87688,4.58743,8073.0,-10.9,6.5,106.3,-22.0,4.3,376.0,0x20,405.002,7.3,1875,-1,2.3,,
2026-08-05T13:07:15.000Z,M20-403-2-02820,1469970435,43.87684,4.58758,8046.9,-12.7,7.1,106.0,-21.8,4.2,377.3,0x20,405.002,8.9,1875,-1,2.3,,
2026-08-05T13:07:16.000Z,M20-403-2-02820,1469970436,43.87682,4.58766,8033.6,-12.8,6.0,109.0,-21.7,4.2,378.0,0x20,405.002,8.9,1875,-1,2.3,,
2026-08-05T13:07:17.000Z,M20-403-2-02820,1469970437,43.87681,4.58774,8020.2,-12.6,6.5,107.4,-21.6,4.2,378.7,0x20,405.002,9.0,1875,-1,2.3,,
2026-08-05T13:07:18.000Z,M20-403-2-02820,1469970438,43.87679,4.58781,8007.8,-11.7,6.6,110.3,-21.5,4.1,379.4,0x20,405.002,9.0,1875,-1,2.3,,
2026-08-05T13:07:19.000Z,M20-403-2-02820,1469970439,43.87678,4.58789,7995.6,-11.4,6.0,108.6,-21.4,4.1,380.0,0x20,405.002,7.8,1875,-1,2.3,,
2026-08-05T13:07:20.000Z,M20-403-2-02820,1469970440,43.87677,4.58796,7984.2,-11.3,6.0,97.6,-21.3,4.1,380.6,0x20,405.002,7.8,1875,-1,2.3,,
2026-08-05T13:07:21.000Z,M20-403-2-02820,1469970441,43.87676,4.58804,7972.7,-10.5,6.8,105.5,-21.2,4.1,381.3,0x20,405.002,3.1,1875,-1,2.3,,
2026-08-05T13:07:22.000Z,M20-403-2-02820,1469970442,43.87674,4.58811,7960.5,-11.6,6.0,111.6,-21.1,4.1,381.9,0x20,405.002,2.9,1875,-1,2.3,,
2026-08-05T13:07:23.000Z,M20-403-2-02820,1469970443,43.87673,4.58818,7947.9,-11.7,6.3,101.8,-21.0,4.1,382.6,0x20,405.002,6.8,1875,-1,2.3,,
2026-08-05T13:07:24.000Z,M20-403-2-02820,1469970444,43.87672,4.58826,7936.6,-10.8,6.8,110.4,-21.0,4.2,383.2,0x20,405.002,7.2,1875,-1,2.3,,
2026-08-05T13:07:25.000Z,M20-403-2-02820,1469970445,43.87670,4.58834,7923.5,-12.4,6.1,107.0,-20.9,4.2,383.9,0x20,405.002,8.6,1875,-1,2.3,,
2026-08-05T13:07:26.000Z,M20-403-2-02820,1469970446,43.87668,4.58841,7911.1,-10.4,6.4,111.0,-20.9,4.3,384.5,0x20,405.002,9.0,2250,-1,2.3,,
2026-08-05T13:07:27.000Z,M20-403-2-02820,1469970447,43.87667,4.58849,7899.1,-11.7,7.1,100.6,-20.8,4.4,385.2,0x20,405.002,11.0,1875,-1,2.3,,
2026-08-05T13:07:29.000Z,M20-403-2-02820,1469970449,43.87664,4.58865,7873.4,-12.4,6.2,107.2,-20.6,4.6,386.5,0x20,405.002,9.1,2250,-1,2.3,,
2026-08-05T13:07:31.000Z,M20-403-2-02820,1469970451,43.87661,4.58881,7847.6,-11.9,6.3,109.8,-20.4,4.6,387.8,0x20,405.002,7.7,1875,-1,2.3,,
2026-08-05T13:07:32.000Z,M20-403-2-02820,1469970452,43.87659,4.58889,7835.1,-12.3,7.0,99.1,-20.4,4.6,388.4,0x20,405.002,7.8,1875,-1,2.3,,
2026-08-05T13:07:33.000Z,M20-403-2-02820,1469970453,43.87658,4.58897,7821.6,-12.5,6.6,106.8,-20.3,4.6,389.1,0x20,405.002,7.8,2250,-1,2.3,,
2026-08-05T13:07:36.000Z,M20-403-2-02820,1469970456,43.87652,4.58923,7783.4,-11.1,7.0,102.1,-19.9,4.7,391.0,0x20,405.002,5.3,2250,-1,2.3,,
2026-08-05T13:07:38.000Z,M20-403-2-02820,1469970458,43.87649,4.58939,7759.0,-11.1,6.2,98.6,-19.7,4.7,392.3,0x20,405.002,7.7,2250,-1,2.3,,
2026-08-05T13:07:40.000Z,M20-403-2-02820,1469970460,43.87646,4.58955,7735.3,-10.9,6.6,107.2,-19.5,4.8,393.6,0x20,405.002,8.2,2250,-1,2.3,,
2026-08-05T13:07:42.000Z,M20-403-2-02820,1469970462,43.87642,4.58972,7711.8,-12.3,7.1,99.5,-19.3,4.8,395.0,0x20,405.002,8.2,2625,-1,2.3,,
2026-08-05T13:07:44.000Z,M20-403-2-02820,1469970464,43.87640,4.58989,7687.5,-12.1,7.2,97.8,-19.2,4.7,396.2,0x20,405.002,7.0,2625,-1,2.3,,
2026-08-05T13:07:45.000Z,M20-403-2-02820,1469970465,43.87639,4.58999,7676.1,-10.2,7.9,103.2,-19.1,4.6,396.9,0x20,405.002,7.0,2625,-1,2.3,,
2026-08-05T13:07:46.000Z,M20-403-2-02820,1469970466,43.87637,4.59008,7664.7,-11.1,6.8,106.2,-19.0,4.6,397.5,0x20,405.002,3.4,2625,-1,2.3,,
2026-08-05T13:07:47.000Z,M20-403-2-02820,1469970467,43.87635,4.59017,7652.4,-12.3,8.3,100.3,-18.9,4.6,398.1,0x20,405.002,2.9,2625,-1,2.3,,
2026-08-05T13:07:49.000Z,M20-403-2-02820,1469970469,43.87633,4.59035,7628.5,-11.5,6.7,99.8,-18.7,4.5,399.4,0x20,405.002,6.7,2625,-1,2.3,,
2026-08-05T13:07:50.000Z,M20-403-2-02820,1469970470,43.87631,4.59045,7616.7,-11.3,8.3,101.2,-18.6,4.6,400.1,0x20,405.002,6.7,2625,-1,2.3,,
2026-08-05T13:07:51.000Z,M20-403-2-02820,1469970471,43.87630,4.59054,7603.5,-13.1,6.8,99.7,-18.5,4.6,400.7,0x20,405.002,8.9,2625,-1,2.3,,
2026-08-05T13:07:52.000Z,M20-403-2-02820,1469970472,43.87629,4.59063,7590.3,-12.3,7.8,98.4,-18.4,4.6,401.4,0x20,405.002,8.9,2625,-1,2.3,,
2026-08-05T13:07:54.000Z,M20-403-2-02820,1469970474,43.87627,4.59081,7566.7,-11.7,7.4,96.6,-18.3,4.5,402.7,0x20,405.002,8.4,2625,-1,2.3,,
2026-08-05T13:07:55.000Z,M20-403-2-02820,1469970475,43.87626,4.59091,7555.3,-10.4,8.5,99.0,-18.2,4.5,403.3,0x20,405.002,8.4,2625,-1,2.3,,
2026-08-05T13:07:56.000Z,M20-403-2-02820,1469970476,43.87625,4.59101,7543.8,-11.6,7.2,96.4,-18.1,4.5,404.0,0x20,405.002,9.4,2625,-1,2.3,,
2026-08-05T13:07:59.000Z,M20-403-2-02820,1469970479,43.87621,4.59127,7507.9,-10.9,7.3,95.3,-17.9,4.6,405.9,0x20,405.002,5.3,2625,-1,2.3,,
2026-08-05T13:08:03.000Z,M20-403-2-02820,1469970483,43.87618,4.59161,7462.8,-10.9,6.0,99.6,-17.5,4.6,408.5,0x20,405.002,7.9,2625,-1,2.3,,
2026-08-05T13:08:05.000Z,M20-403-2-02820,1469970485,43.87616,4.59177,7438.6,-11.7,5.6,104.8,-17.3,4.6,409.8,0x20,405.002,8.7,2625,-1,2.3,,
2026-08-05T13:08:08.000Z,M20-403-2-02820,1469970488,43.87612,4.59199,7401.4,-11.8,5.7,109.2,-17.0,4.6,411.9,0x20,405.002,8.4,2625,-1,2.3,,
2026-08-05T13:08:12.000Z,M20-403-2-02820,1469970492,43.87608,4.59225,7355.4,-10.7,4.3,105.4,-16.6,4.6,414.5,0x20,405.002,8.9,2625,-1,2.3,,
2026-08-05T13:08:14.000Z,M20-403-2-02820,1469970494,43.87606,4.59238,7330.9,-11.8,4.5,93.5,-16.5,4.6,415.9,0x20,405.002,3.2,2625,-1,2.3,,
2026-08-05T13:08:16.000Z,M20-403-2-02820,1469970496,43.87605,4.59251,7308.0,-11.1,5.1,106.4,-16.3,4.5,417.2,0x20,405.002,8.3,2625,-1,2.3,,
2026-08-05T13:08:18.000Z,M20-403-2-02820,1469970498,43.87604,4.59266,7285.0,-10.2,5.5,94.0,-16.2,4.7,418.6,0x20,405.002,8.7,2625,-1,2.3,,
2026-08-05T13:08:19.000Z,M20-403-2-02820,1469970499,43.87603,4.59273,7272.9,-11.3,5.7,98.6,-16.2,4.9,419.3,0x20,405.002,8.7,2625,-1,2.3,,
2026-08-05T13:08:22.000Z,M20-403-2-02820,1469970502,43.87600,4.59293,7235.0,-11.3,6.1,94.8,-16.1,6.0,421.4,0x20,405.002,8.8,2625,-1,2.3,,
2026-08-05T13:08:23.000Z,M20-403-2-02820,1469970503,43.87600,4.59300,7223.3,-10.3,5.4,97.0,-16.0,6.3,422.0,0x20,405.002,11.0,2625,-1,2.3,,
2026-08-05T13:08:24.000Z,M20-403-2-02820,1469970504,43.87599,4.59307,7211.6,-10.9,6.3,104.7,-15.9,6.8,422.7,0x20,405.002,11.0,2625,-1,2.3,,
2026-08-05T13:08:25.000Z,M20-403-2-02820,1469970505,43.87597,4.59315,7199.6,-11.0,6.5,98.3,-15.9,7.3,423.3,0x20,405.002,3.8,2625,-1,2.3,,
2026-08-05T13:08:26.000Z,M20-403-2-02820,1469970506,43.87596,4.59322,7187.3,-10.9,6.2,103.1,-15.8,7.8,424.0,0x20,405.002,3.3,2625,-1,2.3,,
2026-08-05T13:08:27.000Z,M20-403-2-02820,1469970507,43.87595,4.59330,7175.9,-11.1,6.1,98.9,-15.7,8.2,424.7,0x20,405.002,3.8,2625,-1,2.3,,
2026-08-05T13:08:29.000Z,M20-403-2-02820,1469970509,43.87593,4.59345,7153.3,-10.6,5.4,91.9,-15.5,8.8,426.0,0x20,405.002,10.5,2625,-1,2.3,,
2026-08-05T13:08:31.000Z,M20-403-2-02820,1469970511,43.87591,4.59358,7128.8,-11.7,5.2,104.1,-15.3,9.1,427.4,0x20,405.002,8.0,2625,-1,2.3,,
2026-08-05T13:08:32.000Z,M20-403-2-02820,1469970512,43.87590,4.59365,7116.5,-10.9,5.8,105.1,-15.2,9.4,428.0,0x20,405.002,9.1,2625,-1,2.3,,
2026-08-05T13:08:33.000Z,M20-403-2-02820,1469970513,43.87589,4.59372,7102.8,-13.3,6.5,97.8,-15.1,9.7,428.8,0x20,405.002,9.9,2625,-1,2.3,,
2026-08-05T13:08:34.000Z,M20-403-2-02820,1469970514,43.87588,4.59380,7090.3,-10.8,5.5,106.1,-15.0,9.9,429.4,0x20,405.002,9.9,2625,-1,2.3,,
2026-08-05T13:08:35.000Z,M20-403-2-02820,1469970515,43.87587,4.59387,7078.6,-12.1,6.5,97.3,-14.9,10.1,430.1,0x20,405.002,8.9,2625,-1,2.3,,
2026-08-05T13:08:37.000Z,M20-403-2-02820,1469970517,43.87584,4.59401,7054.6,-11.3,6.2,99.4,-14.7,10.3,431.4,0x20,405.002,5.4,2625,-1,2.3,,
2026-08-05T13:08:39.000Z,M20-403-2-02820,1469970519,43.87583,4.59415,7032.2,-9.9,5.2,86.5,-14.4,10.6,432.7,0x20,405.002,3.7,2625,-1,2.3,,
2026-08-05T13:08:41.000Z,M20-403-2-02820,1469970521,43.87582,4.59428,7010.5,-10.0,5.0,104.6,-14.2,10.9,434.1,0x20,405.002,6.6,2625,-1,2.3,,
2026-08-05T13:08:43.000Z,M20-403-2-02820,1469970523,43.87580,4.59442,6988.1,-10.1,4.9,90.0,-14.0,10.7,435.4,0x20,405.002,12.4,2625,-1,2.3,,
2026-08-05T13:08:44.000Z,M20-403-2-02820,1469970524,43.87579,4.59449,6976.5,-10.6,6.8,99.9,-13.9,10.3,436.1,0x20,405.002,12.4,2625,-1,2.3,,
2026-08-05T13:08:46.000Z,M20-403-2-02820,1469970526,43.87577,4.59463,6953.4,-10.7,6.2,101.1,-13.8,9.6,437.4,0x20,405.002,9.1,2625,-1,2.3,,
2026-08-05T13:08:47.000Z,M20-403-2-02820,1469970527,43.87575,4.59470,6941.7,-10.6,5.0,107.5,-13.7,9.5,438.1,0x20,405.002,10.1,2625,-1,2.3,,
2026-08-05T13:08:49.000Z,M20-403-2-02820,1469970529,43.87571,4.59483,6919.6,-10.9,5.5,111.3,-13.6,10.5,439.4,0x20,405.002,10.1,2625,-1,2.3,,
2026-08-05T13:08:50.000Z,M20-403-2-02820,1469970530,43.87569,4.59490,6907.8,-11.6,6.1,116.7,-13.5,11.0,440.1,0x20,405.002,10.1,2625,-1,2.3,,
2026-08-05T13:08:51.000Z,M20-403-2-02820,1469970531,43.87567,4.59496,6896.0,-10.1,5.5,112.6,-13.5,11.2,440.8,0x20,405.002,10.1,2625,-1,2.3,,
2026-08-05T13:08:52.000Z,M20-403-2-02820,1469970532,43.87564,4.59503,6884.1,-11.4,6.2,126.0,-13.4,11.6,441.5,0x20,405.002,2.9,2625,-1,2.3,,
2026-08-05T13:08:53.000Z,M20-403-2-02820,1469970533,43.87562,4.59509,6871.1,-10.5,6.3,112.6,-13.3,12.2,442.2,0x20,405.002,2.9,2625,-1,2.3,,
2026-08-05T13:08:54.000Z,M20-403-2-02820,1469970534,43.87559,4.59516,6858.4,-12.4,5.8,127.5,-13.3,13.0,442.8,0x20,405.002,6.9,2625,-1,2.3,,
2026-08-05T13:08:55.000Z,M20-403-2-02820,1469970535,43.87555,4.59523,6845.4,-13.3,7.2,128.1,-13.2,13.7,443.6,0x20,405.002,10.2,2625,-1,2.3,,
2026-08-05T13:08:56.000Z,M20-403-2-02820,1469970536,43.87552,4.59530,6832.7,-11.6,6.5,116.9,-13.0,14.1,444.3,0x20,405.002,10.2,2625,-1,2.3,,
2026-08-05T13:08:57.000Z,M20-403-2-02820,1469970537,43.87549,4.59537,6821.1,-10.4,6.2,126.9,-12.9,14.4,445.0,0x20,405.002,9.7,2625,-1,2.3,,
2026-08-05T13:08:59.000Z,M20-403-2-02820,1469970539,43.87543,4.59550,6797.9,-12.0,5.4,126.1,-12.7,14.8,446.3,0x20,405.002,9.1,2625,-1,2.3,,
2026-08-05T13:09:00.000Z,M20-403-2-02820,1469970540,43.87540,4.59556,6785.2,-12.2,6.5,130.6,-12.7,15.1,447.1,0x20,405.002,9.1,2625,-1,2.3,,
2026-08-05T13:09:01.000Z,M20-403-2-02820,1469970541,43.87537,4.59563,6772.4,-11.6,5.5,120.7,-12.6,15.4,447.7,0x20,405.002,8.7,2625,-1,2.3,,
2026-08-05T13:09:03.000Z,M20-403-2-02820,1469970543,43.87530,4.59575,6749.2,-10.2,6.8,124.5,-12.4,15.8,449.2,0x20,405.002,5.3,2625,-1,2.3,,
2026-08-05T13:09:05.000Z,M20-403-2-02820,1469970545,43.87522,4.59589,6726.7,-11.3,6.1,125.7,-12.2,15.9,450.6,0x20,405.002,3.4,2625,-1,2.3,,
2026-08-05T13:09:09.000Z,M20-403-2-02820,1469970549,43.87508,4.59616,6680.1,-11.6,6.8,127.4,-11.8,16.0,453.4,0x20,405.002,8.7,2625,-1,2.3,,
2026-08-05T13:09:10.000Z,M20-403-2-02820,1469970550,43.87504,4.59623,6668.1,-11.1,7.5,126.6,-11.8,16.5,454.1,0x20,405.002,10.4,2625,-1,2.3,,
2026-08-05T13:09:11.000Z,M20-403-2-02820,1469970551,43.87500,4.59631,6656.3,-11.4,6.7,118.3,-11.7,16.8,454.9,0x20,405.002,10.4,2625,-1,2.3,,
2026-08-05T13:09:12.000Z,M20-403-2-02820,1469970552,43.87497,4.59638,6642.8,-13.5,7.3,131.6,-11.6,17.0,455.6,0x20,405.002,10.3,2625,-1,2.3,,
2026-08-05T13:09:13.000Z,M20-403-2-02820,1469970553,43.87493,4.59645,6629.6,-13.2,7.1,133.4,-11.5,17.1,456.4,0x20,405.002,10.3,2625,-1,2.3,,
2026-08-05T13:09:14.000Z,M20-403-2-02820,1469970554,43.87489,4.59652,6616.3,-12.5,7.3,124.1,-11.4,17.0,457.1,0x20,405.002,9.4,2625,-1,2.3,,
2026-08-05T13:09:15.000Z,M20-403-2-02820,1469970555,43.87485,4.59659,6603.5,-12.5,6.9,124.7,-11.3,16.7,457.8,0x20,405.002,10.1,2625,-1,2.3,,
2026-08-05T13:09:16.000Z,M20-403-2-02820,1469970556,43.87481,4.59666,6591.5,-11.7,7.8,131.8,-11.3,16.8,458.5,0x20,405.002,10.1,2625,-1,2.3,,
2026-08-05T13:09:17.000Z,M20-403-2-02820,1469970557,43.87477,4.59674,6579.5,-11.5,7.5,120.1,-11.2,17.2,459.3,0x20,405.002,10.1,2625,-1,2.3,,
2026-08-05T13:09:20.000Z,M20-403-2-02820,1469970560,43.87466,4.59696,6546.7,-12.8,7.3,132.5,-11.0,17.8,461.3,0x20,405.002,6.6,2625,-1,2.3,,
2026-08-05T13:09:21.000Z,M20-403-2-02820,1469970561,43.87462,4.59703,6534.4,-11.0,7.7,126.9,-10.9,17.8,462.0,0x20,405.002,9.4,2625,-1,2.3,,
2026-08-05T13:09:23.000Z,M20-403-2-02820,1469970563,43.87455,4.59717,6510.4,-11.7,5.9,123.9,-10.6,17.7,463.5,0x20,405.002,9.7,2625,-1,2.3,,
2026-08-05T13:09:24.000Z,M20-403-2-02820,1469970564,43.87452,4.59724,6499.5,-10.0,7.4,127.3,-10.5,17.7,464.2,0x20,405.002,9.7,2625,-1,2.3,,
2026-08-05T13:09:25.000Z,M20-403-2-02820,1469970565,43.87448,4.59731,6487.6,-12.6,7.0,126.8,-10.4,17.6,465.0,0x20,405.002,10.2,2625,-1,2.3,,
2026-08-05T13:09:26.000Z,M20-403-2-02820,1469970566,43.87444,4.59738,6474.9,-11.4,6.5,128.0,-10.3,17.5,465.7,0x20,405.002,10.2,2625,-1,2.3,,
2026-08-05T13:09:27.000Z,M20-403-2-02820,1469970567,43.87441,4.59745,6463.5,-11.5,7.3,124.1,-10.2,17.4,466.5,0x20,405.002,8.9,2625,-1,2.3,,
2026-08-05T13:09:28.000Z,M20-403-2-02820,1469970568,43.87437,4.59753,6449.9,-13.2,6.8,123.9,-10.1,17.3,467.1,0x20,405.002,8.9,2625,-1,2.3,,
2026-08-05T13:09:30.000Z,M20-403-2-02820,1469970570,43.87429,4.59767,6426.1,-11.5,6.8,127.6,-10.0,18.2,468.6,0x20,405.002,7.8,2625,-1,2.3,,
2026-08-05T13:09:31.000Z,M20-403-2-02820,1469970571,43.87424,4.59773,6413.9,-12.1,7.2,132.6,-9.9,18.8,469.3,0x20,405.002,3.3,2625,-1,2.3,,
2026-08-05T13:09:32.000Z,M20-403-2-02820,1469970572,43.87420,4.59780,6401.3,-12.9,7.4,126.9,-9.8,19.0,470.2,0x20,405.002,3.2,2625,-1,2.3,,
2026-08-05T13:09:33.000Z,M20-403-2-02820,1469970573,43.87416,4.59788,6388.1,-13.1,7.8,136.2,-9.7,19.2,470.9,0x20,405.002,7.8,2625,-1,2.3,,
2026-08-05T13:09:34.000Z,M20-403-2-02820,1469970574,43.87411,4.59796,6377.0,-9.7,8.6,125.2,-9.7,19.4,471.6,0x20,405.002,9.3,2625,-1,2.3,,
2026-08-05T13:09:35.000Z,M20-403-2-02820,1469970575,43.87407,4.59804,6365.7,-11.9,7.5,123.9,-9.6,19.6,472.4,0x20,405.002,9.3,2625,-1,2.3,,
2026-08-05T13:09:36.000Z,M20-403-2-02820,1469970576,43.87403,4.59812,6353.6,-11.7,8.2,131.2,-9.6,19.3,473.1,0x20,405.002,10.8,2625,-1,2.3,,
2026-08-05T13:09:38.000Z,M20-403-2-02820,1469970578,43.87394,4.59829,6332.1,-10.0,8.4,134.3,-9.4,18.6,474.5,0x20,405.002,8.4,2625,-1,2.3,,
2026-08-05T13:09:40.000Z,M20-403-2-02820,1469970580,43.87384,4.59847,6309.6,-11.3,7.9,127.3,-9.2,19.4,475.8,0x20,405.002,9.3,2625,-1,2.3,,
2026-08-05T13:09:41.000Z,M20-403-2-02820,1469970581,43.87380,4.59856,6298.2,-10.8,8.8,124.7,-9.2,21.5,476.6,0x20,405.002,9.3,2625,-1,2.3,,
2026-08-05T13:09:42.000Z,M20-403-2-02820,1469970582,43.87375,4.59864,6286.2,-11.4,8.0,131.2,-9.1,22.1,477.3,0x20,405.002,7.1,2625,-1,2.3,,
2026-08-05T13:09:43.000Z,M20-403-2-02820,1469970583,43.87370,4.59873,6274.3,-12.1,9.8,132.4,-9.1,22.6,478.0,0x20,405.002,4.8,2625,-1,2.3,,
2026-08-05T13:09:45.000Z,M20-403-2-02820,1469970585,43.87359,4.59892,6250.9,-11.2,8.0,127.0,-8.8,22.9,479.5,0x20,405.002,3.0,2625,-1,2.3,,
2026-08-05T13:09:48.000Z,M20-403-2-02820,1469970588,43.87345,4.59918,6216.1,-12.5,7.9,130.8,-8.5,17.8,481.6,0x20,405.002,8.5,2625,-1,2.3,,
2026-08-05T13:09:49.000Z,M20-403-2-02820,1469970589,43.87340,4.59926,6203.5,-12.5,9.2,130.9,-8.5,15.1,482.4,0x20,405.002,12.4,2625,-1,2.3,,
2026-08-05T13:09:51.000Z,M20-403-2-02820,1469970591,43.87331,4.59944,6179.0,-12.0,7.4,127.7,-8.4,16.3,483.9,0x20,405.002,8.8,2625,-1,2.3,,
2026-08-05T13:09:52.000Z,M20-403-2-02820,1469970592,43.87326,4.59952,6167.6,-10.5,8.2,134.5,-8.3,15.6,484.6,0x20,405.002,9.5,2625,-1,2.3,,
2026-08-05T13:09:53.000Z,M20-403-2-02820,1469970593,43.87321,4.59960,6155.9,-10.9,9.1,125.8,-8.3,14.7,485.4,0x20,405.002,9.5,2625,-1,2.3,,
2026-08-05T13:09:54.000Z,M20-403-2-02820,1469970594,43.87316,4.59969,6144.1,-12.4,9.4,133.4,-8.2,14.3,486.2,0x20,405.002,9.3,2625,-1,2.3,,
2026-08-05T13:09:55.000Z,M20-403-2-02820,1469970595,43.87310,4.59977,6132.4,-12.0,9.7,131.4,-8.1,14.5,486.9,0x20,405.002,9.3,2625,-1,2.3,,
2026-08-05T13:09:56.000Z,M20-403-2-02820,1469970596,43.87305,4.59986,6121.6,-10.4,9.2,126.2,-8.0,15.4,487.6,0x20,405.002,3.0,2625,-1,2.3,,
2026-08-05T13:09:57.000Z,M20-403-2-02820,1469970597,43.87300,4.59994,6110.2,-11.9,8.1,136.6,-7.9,16.8,488.3,0x20,405.002,3.0,2625,-1,2.3,,
2026-08-05T13:10:02.000Z,M20-403-2-02820,1469970602,43.87276,4.60034,6049.9,-12.4,9.0,126.5,-7.4,18.5,492.1,0x20,405.002,8.3,2625,-1,2.3,,
2026-08-05T13:10:03.000Z,M20-403-2-02820,1469970603,43.87271,4.60042,6037.9,-11.3,7.6,131.1,-7.3,18.3,492.9,0x20,405.002,8.7,2625,-1,2.3,,
2026-08-05T13:10:06.000Z,M20-403-2-02820,1469970606,43.87256,4.60065,6002.8,-10.9,8.2,133.0,-7.1,20.2,495.0,0x20,405.002,7.6,2625,-1,2.3,,
2026-08-05T13:10:07.000Z,M20-403-2-02820,1469970607,43.87251,4.60073,5991.2,-11.5,9.0,130.6,-7.0,20.6,495.8,0x20,405.002,7.6,2625,-1,2.3,,
2026-08-05T13:10:08.000Z,M20-403-2-02820,1469970608,43.87246,4.60082,5979.9,-11.1,9.2,125.5,-6.9,20.9,496.5,0x20,405.002,8.3,2625,-1,2.3,,
2026-08-05T13:10:11.000Z,M20-403-2-02820,1469970611,43.87232,4.60109,5945.8,-11.2,8.5,131.4,-6.6,21.3,498.8,0x20,405.002,3.5,2625,-1,2.3,,
2026-08-05T13:10:26.000Z,M20-403-2-02820,1469970626,43.87155,4.60239,5780.1,-12.0,8.2,127.9,-4.9,7.8,509.6,0x20,405.002,6.1,2625,-1,2.3,,
2026-08-05T13:10:27.000Z,M20-403-2-02820,1469970627,43.87150,4.60247,5768.7,-10.2,8.5,132.6,-4.8,7.5,510.4,0x20,405.002,8.7,2625,-1,2.3,,
2026-08-05T13:10:29.000Z,M20-403-2-02820,1469970629,43.87139,4.60264,5747.2,-10.3,7.7,131.2,-4.7,7.1,511.9,0x20,405.002,8.0,2625,-1,2.3,,
2026-08-05T13:10:30.000Z,M20-403-2-02820,1469970630,43.87134,4.60272,5736.7,-10.8,10.4,129.2,-4.7,7.4,512.6,0x20,405.002,8.0,2625,-1,2.3,,
2026-08-05T13:10:31.000Z,M20-403-2-02820,1469970631,43.87128,4.60281,5724.0,-11.9,8.5,129.1,-4.6,7.4,513.3,0x20,405.002,9.5,2625,-1,2.3,,
2026-08-05T13:10:32.000Z,M20-403-2-02820,1469970632,43.87123,4.60290,5712.6,-9.5,8.9,131.6,-4.6,7.1,514.1,0x20,405.002,9.5,2625,-1,2.3,,
2026-08-05T13:10:33.000Z,M20-403-2-02820,1469970633,43.87117,4.60299,5701.7,-10.9,9.2,127.8,-4.5,6.8,514.8,0x20,405.002,8.0,2625,-1,2.3,,
2026-08-05T13:10:34.000Z,M20-403-2-02820,1469970634,43.87112,4.60307,5690.2,-11.2,9.0,132.7,-4.5,7.0,515.6,0x20,405.002,8.0,2625,-1,2.3,,
2026-08-05T13:10:36.000Z,M20-403-2-02820,1469970636,43.87101,4.60324,5666.3,-10.8,8.8,132.5,-4.4,7.8,517.0,0x20,405.002,3.0,2625,-1,2.3,,
2026-08-05T13:10:40.000Z,M20-403-2-02820,1469970640,43.87080,4.60358,5618.4,-12.3,9.1,134.3,-4.1,6.7,520.3,0x20,405.002,9.8,2625,-1,2.3,,
2026-08-05T13:10:41.000Z,M20-403-2-02820,1469970641,43.87075,4.60366,5607.8,-9.6,8.3,132.1,-4.0,6.8,521.0,0x20,405.002,9.8,2625,-1,2.3,,
2026-08-05T13:10:42.000Z,M20-403-2-02820,1469970642,43.87070,4.60374,5596.6,-11.2,9.0,131.2,-3.9,6.9,521.8,0x20,405.002,7.3,2625,-1,2.3,,
2026-08-05T13:10:44.000Z,M20-403-2-02820,1469970644,43.87059,4.60390,5573.3,-10.9,9.5,135.5,-3.7,6.9,523.3,0x20,405.002,7.9,2625,-1,2.3,,
2026-08-05T13:10:47.000Z,M20-403-2-02820,1469970647,43.87044,4.60414,5538.4,-10.5,8.9,137.7,-3.4,7.2,525.6,0x20,405.002,6.5,2625,-1,2.3,,
2026-08-05T13:10:48.000Z,M20-403-2-02820,1469970648,43.87038,4.60422,5526.8,-11.7,9.4,136.9,-3.3,7.1,526.5,0x20,405.002,3.2,2625,-1,2.3,,
2026-08-05T13:10:52.000Z,M20-403-2-02820,1469970652,43.87019,4.60456,5478.6,-11.1,8.2,127.0,-3.1,7.8,529.7,0x20,405.002,9.0,2625,-1,2.3,,
2026-08-05T13:10:54.000Z,M20-403-2-02820,1469970654,43.87010,4.60473,5454.2,-12.1,9.1,129.2,-3.1,8.2,531.2,0x20,405.002,7.9,2625,-1,2.4,,
2026-08-05T13:10:58.000Z,M20-403-2-02820,1469970658,43.86993,4.60508,5406.0,-11.3,7.8,127.0,-3.1,10.3,534.5,0x20,405.002,6.1,2625,-1,2.3,,
2026-08-05T13:11:00.000Z,M20-403-2-02820,1469970660,43.86986,4.60525,5383.5,-12.1,7.4,124.4,-3.0,10.3,536.0,0x20,405.002,5.7,2625,-1,2.4,,
2026-08-05T13:11:02.000Z,M20-403-2-02820,1469970662,43.86977,4.60540,5359.0,-13.0,8.3,129.6,-2.8,10.3,537.8,0x20,405.002,3.0,2625,-1,2.4,,
2026-08-05T13:11:06.000Z,M20-403-2-02820,1469970666,43.86962,4.60569,5309.7,-11.2,8.1,130.9,-2.5,9.9,540.9,0x20,405.002,6.8,2625,-1,2.4,,
2026-08-05T13:11:07.000Z,M20-403-2-02820,1469970667,43.86958,4.60576,5297.9,-11.8,7.3,130.9,-2.4,10.2,541.8,0x20,405.002,6.8,2625,-1,2.4,,
2026-08-05T13:11:10.000Z,M20-403-2-02820,1469970670,43.86948,4.60599,5262.8,-11.4,6.8,126.2,-2.4,10.8,544.3,0x20,405.002,7.8,2625,-1,2.4,,
2026-08-05T13:11:12.000Z,M20-403-2-02820,1469970672,43.86941,4.60614,5239.1,-11.2,6.4,126.7,-2.4,10.9,546.0,0x20,405.002,7.8,2625,-1,2.4,,
2026-08-05T13:11:13.000Z,M20-403-2-02820,1469970673,43.86939,4.60621,5226.4,-13.3,6.5,110.7,-2.4,11.4,546.8,0x20,405.002,7.8,2625,-1,2.4,,
2026-08-05T13:11:14.000Z,M20-403-2-02820,1469970674,43.86936,4.60627,5214.9,-11.4,5.1,119.8,-2.4,11.4,547.7,0x20,405.002,3.6,2625,-1,2.4,,
2026-08-05T13:11:15.000Z,M20-403-2-02820,1469970675,43.86934,4.60633,5203.4,-11.4,6.0,121.8,-2.4,11.1,548.5,0x20,405.002,3.6,2625,-1,2.4,,
2026-08-05T13:11:16.000Z,M20-403-2-02820,1469970676,43.86932,4.60639,5192.3,-10.7,5.4,112.1,-2.4,10.8,549.3,0x20,405.002,5.1,2625,-1,2.4,,
2026-08-05T13:11:18.000Z,M20-403-2-02820,1469970678,43.86927,4.60651,5169.9,-11.6,6.2,108.8,-2.2,10.4,551.0,0x20,405.002,9.4,2625,-1,2.4,,
2026-08-05T13:11:20.000Z,M20-403-2-02820,1469970680,43.86923,4.60664,5144.5,-12.0,4.8,121.8,-2.0,10.2,552.8,0x20,405.002,8.4,2625,-1,2.4,,
2026-08-05T13:11:22.000Z,M20-403-2-02820,1469970682,43.86918,4.60674,5120.6,-12.6,5.0,119.1,-1.8,9.9,554.5,0x20,405.002,8.6,2625,-1,2.4,,
2026-08-05T13:11:24.000Z,M20-403-2-02820,1469970684,43.86914,4.60684,5096.6,-11.2,4.0,116.2,-1.7,9.8,556.1,0x20,405.002,9.3,2625,-1,2.4,,
2026-08-05T13:11:25.000Z,M20-403-2-02820,1469970685,43.86913,4.60689,5085.4,-11.4,5.1,115.2,-1.6,9.5,556.9,0x20,405.002,8.4,2625,-1,2.4,,
2026-08-05T13:11:27.000Z,M20-403-2-02820,1469970687,43.86909,4.60702,5062.9,-11.6,5.7,114.2,-1.6,9.6,558.5,0x20,405.002,3.2,2625,-1,2.4,,
2026-08-05T13:11:28.000Z,M20-403-2-02820,1469970688,43.86907,4.60708,5051.4,-11.3,4.8,115.4,-1.5,9.4,559.4,0x20,405.002,3.2,2625,-1,2.4,,
2026-08-05T13:11:31.000Z,M20-403-2-02820,1469970691,43.86904,4.60726,5015.9,-10.2,4.5,105.6,-1.5,8.7,561.9,0x20,405.002,7.2,2625,-1,2.4,,
2026-08-05T13:11:34.000Z,M20-403-2-02820,1469970694,43.86903,4.60743,4979.3,-11.3,3.0,93.6,-1.3,8.9,564.4,0x20,405.002,7.3,2625,-1,2.4,,
2026-08-05T13:11:36.000Z,M20-403-2-02820,1469970696,43.86902,4.60754,4955.6,-12.3,3.9,98.2,-1.2,9.0,566.1,0x20,405.002,8.2,2625,-1,2.4,,
2026-08-05T13:11:37.000Z,M20-403-2-02820,1469970697,43.86902,4.60759,4943.2,-12.1,4.5,94.0,-1.1,9.0,566.8,0x20,405.002,8.6,2625,-1,2.4,,
2026-08-05T13:11:38.000Z,M20-403-2-02820,1469970698,43.86902,4.60764,4931.3,-12.0,4.5,81.9,-1.0,8.9,567.6,0x20,405.002,8.6,2625,-1,2.4,,
2026-08-05T13:11:39.000Z,M20-403-2-02820,1469970699,43.86903,4.60769,4919.9,-10.7,4.1,62.9,-1.0,8.7,568.5,0x20,405.002,8.6,2625,-1,2.4,,
2026-08-05T13:11:40.000Z,M20-403-2-02820,1469970700,43.86905,4.60774,4908.5,-11.9,4.6,76.7,-1.0,8.7,569.3,0x20,405.002,2.8,2625,-1,2.4,,
2026-08-05T13:11:41.000Z,M20-403-2-02820,1469970701,43.86906,4.60779,4897.3,-10.2,4.4,78.6,-1.0,9.1,570.2,0x20,405.002,2.8,2625,-1,2.4,,
2026-08-05T13:11:42.000Z,M20-403-2-02820,1469970702,43.86907,4.60784,4886.4,-10.7,4.0,69.9,-0.9,9.4,571.0,0x20,405.002,4.0,2625,-1,2.4,,
2026-08-05T13:11:43.000Z,M20-403-2-02820,1469970703,43.86909,4.60789,4875.6,-9.9,5.4,51.6,-0.9,9.6,571.9,0x20,405.002,7.7,2625,-1,2.4,,
2026-08-05T13:11:45.000Z,M20-403-2-02820,1469970705,43.86912,4.60799,4851.3,-12.5,3.5,82.4,-0.9,9.9,573.6,0x20,405.002,7.3,2625,-1,2.4,,
2026-08-05T13:11:47.000Z,M20-403-2-02820,1469970707,43.86912,4.60808,4824.5,-13.6,4.4,86.1,-0.9,8.2,575.4,0x20,405.002,9.2,2625,-1,2.4,,
2026-08-05T13:11:54.000Z,M20-403-2-02820,1469970714,43.86915,4.60843,4738.6,-11.9,4.3,81.7,-0.9,16.9,581.6,0x20,405.002,3.0,2625,-1,2.4,,
2026-08-05T13:11:56.000Z,M20-403-2-02820,1469970716,43.86919,4.60853,4715.1,-11.0,4.6,50.1,-1.2,24.2,583.4,0x20,405.002,6.0,2625,-1,2.4,,
2026-08-05T13:11:58.000Z,M20-403-2-02820,1469970718,43.86924,4.60862,4692.6,-12.0,4.5,74.2,-0.9,23.9,585.1,0x20,405.002,8.3,2625,-1,2.4,,
2026-08-05T13:11:59.000Z,M20-403-2-02820,1469970719,43.86925,4.60867,4681.2,-10.8,3.4,76.5,-0.8,24.0,586.0,0x20,405.002,8.3,2625,-1,2.4,,
2026-08-05T13:12:00.000Z,M20-403-2-02820,1469970720,43.86926,4.60870,4670.8,-10.1,3.1,62.7,-0.6,23.0,586.8,0x20,405.002,7.9,2625,-1,2.4,,
2026-08-05T13:12:01.000Z,M20-403-2-02820,1469970721,43.86928,4.60873,4660.2,-10.1,3.5,42.6,-0.4,22.8,587.7,0x20,405.002,7.9,2625,-1,2.4,,
2026-08-05T13:12:02.000Z,M20-403-2-02820,1469970722,43.86930,4.60876,4647.4,-13.8,3.0,73.4,-0.4,23.3,588.6,0x20,405.002,7.3,2625,-1,2.4,,
2026-08-05T13:12:11.000Z,M20-403-2-02820,1469970731,43.86943,4.60904,4541.9,-10.6,3.2,69.2,0.1,26.9,596.4,0x20,405.002,7.7,2625,-1,2.4,,
2026-08-05T13:12:14.000Z,M20-403-2-02820,1469970734,43.86947,4.60915,4508.0,-10.2,3.5,60.9,0.4,27.0,599.0,0x20,405.002,7.9,2625,-1,2.4,,
2026-08-05T13:12:15.000Z,M20-403-2-02820,1469970735,43.86949,4.60919,4497.1,-10.2,5.0,36.9,0.5,27.0,599.9,0x20,405.002,9.8,2625,-1,2.4,,
2026-08-05T13:12:16.000Z,M20-403-2-02820,1469970736,43.86951,4.60923,4484.6,-12.7,3.8,78.2,0.6,27.9,600.9,0x20,405.002,9.8,2625,-1,2.4,,
2026-08-05T13:12:17.000Z,M20-403-2-02820,1469970737,43.86952,4.60926,4472.6,-11.4,2.7,82.7,0.5,30.4,601.8,0x20,405.002,8.7,2625,-1,2.4,,
2026-08-05T13:12:18.000Z,M20-403-2-02820,1469970738,43.86953,4.60930,4460.5,-11.8,2.9,68.5,0.4,29.5,602.7,0x20,405.002,8.7,2625,-1,2.4,,
2026-08-05T13:12:20.000Z,M20-403-2-02820,1469970740,43.86954,4.60935,4435.0,-12.8,3.0,65.0,0.4,30.1,604.5,0x20,405.002,3.3,2625,-1,2.4,,
2026-08-05T13:12:21.000Z,M20-403-2-02820,1469970741,43.86955,4.60938,4422.8,-11.1,2.0,78.1,0.4,31.3,605.4,0x20,405.002,3.3,2625,-1,2.4,,
2026-08-05T13:12:23.000Z,M20-403-2-02820,1469970743,43.86956,4.60944,4398.3,-13.1,2.5,80.6,0.6,34.1,607.2,0x20,405.002,7.8,2625,-1,2.4,,
2026-08-05T13:12:24.000Z,M20-403-2-02820,1469970744,43.86957,4.60946,4382.4,-17.8,1.5,35.9,0.7,33.7,608.2,0x20,405.002,8.0,2625,-1,2.4,,
2026-08-05T13:12:25.000Z,M20-403-2-02820,1469970745,43.86958,4.60949,4369.9,-11.2,3.2,74.7,0.8,29.5,609.1,0x20,405.002,9.0,2625,-1,2.4,,
2026-08-05T13:12:26.000Z,M20-403-2-02820,1469970746,43.86958,4.60953,4358.5,-13.2,3.1,90.2,0.8,27.5,609.9,0x20,405.002,9.0,2625,-1,2.4,,
2026-08-05T13:12:29.000Z,M20-403-2-02820,1469970749,43.86957,4.60964,4324.0,-13.0,2.9,101.9,0.7,36.9,612.6,0x20,405.002,9.7,2625,-1,2.4,,
2026-08-05T13:12:30.000Z,M20-403-2-02820,1469970750,43.86956,4.60969,4312.1,-11.9,4.3,116.4,0.7,38.2,613.6,0x20,405.002,9.7,2625,-1,2.4,,
2026-08-05T13:12:31.000Z,M20-403-2-02820,1469970751,43.86955,4.60975,4301.0,-11.8,4.7,90.0,0.8,38.5,614.5,0x20,405.002,7.7,2625,-1,2.4,,
2026-08-05T13:12:32.000Z,M20-403-2-02820,1469970752,43.86955,4.60980,4289.4,-12.4,3.7,94.5,0.9,38.5,615.3,0x20,405.002,7.7,2625,-1,2.4,,
2026-08-05T13:12:33.000Z,M20-403-2-02820,1469970753,43.86954,4.60985,4277.9,-11.9,4.5,108.1,1.0,38.8,616.2,0x20,405.002,3.3,2625,-1,2.4,,
2026-08-05T13:12:34.000Z,M20-403-2-02820,1469970754,43.86953,4.60990,4266.8,-11.2,4.2,108.3,1.0,39.4,617.1,0x20,405.002,3.5,2625,-1,2.4,,
2026-08-05T13:12:35.000Z,M20-403-2-02820,1469970755,43.86952,4.60995,4254.1,-14.1,4.1,123.6,1.1,39.5,618.0,0x20,405.002,7.4,2625,-1,2.4,,
2026-08-05T13:12:37.000Z,M20-403-2-02820,1469970757,43.86948,4.61006,4230.9,-11.2,4.6,105.6,1.4,38.2,619.8,0x20,405.002,8.5,2625,-1,2.4,,
2026-08-05T13:12:38.000Z,M20-403-2-02820,1469970758,43.86947,4.61012,4220.6,-10.5,6.0,122.3,1.5,38.2,620.7,0x20,405.002,10.4,2625,-1,2.4,,
2026-08-05T13:12:40.000Z,M20-403-2-02820,1469970760,43.86943,4.61022,4200.2,-11.3,4.1,117.5,1.7,37.3,622.4,0x20,405.002,8.4,2625,-1,2.4,,
2026-08-05T13:12:41.000Z,M20-403-2-02820,1469970761,43.86941,4.61027,4189.6,-11.2,4.2,125.7,1.8,37.3,623.2,0x20,405.002,9.6,2625,-1,2.4,,
2026-08-05T13:12:42.000Z,M20-403-2-02820,1469970762,43.86939,4.61032,4179.3,-9.9,4.8,117.5,1.8,37.7,624.0,0x20,405.002,9.6,2625,-1,2.4,,
2026-08-05T13:12:43.000Z,M20-403-2-02820,1469970763,43.86937,4.61037,4168.7,-11.2,5.2,122.6,1.8,37.7,625.0,0x20,405.002,10.0,2625,-1,2.4,,
2026-08-05T13:12:44.000Z,M20-403-2-02820,1469970764,43.86935,4.61042,4157.1,-11.7,4.9,128.4,1.8,37.7,625.8,0x20,405.002,10.0,2625,-1,2.4,,
2026-08-05T13:12:45.000Z,M20-403-2-02820,1469970765,43.86933,4.61048,4146.6,-10.0,4.8,115.5,1.7,39.2,626.7,0x20,405.002,3.1,2625,-1,2.4,,
2026-08-05T13:12:46.000Z,M20-403-2-02820,1469970766,43.86931,4.61052,4135.7,-11.1,4.5,130.2,1.4,45.0,627.5,0x20,405.002,3.4,2625,-1,2.4,,
2026-08-05T13:12:47.000Z,M20-403-2-02820,1469970767,43.86929,4.61056,4125.8,-8.9,3.8,171.3,1.2,50.7,628.3,0x20,405.002,3.4,2625,-1,2.4,,
2026-08-05T13:12:48.000Z,M20-403-2-02820,1469970768,43.86927,4.61060,4116.1,-10.6,5.3,111.1,0.1,66.7,629.2,0x20,405.002,7.1,2625,-1,2.4,,
2026-08-05T13:12:49.000Z,M20-403-2-02820,1469970769,43.86925,4.61067,4104.9,-11.0,6.4,122.4,-0.4,57.2,630.0,0x20,405.002,7.9,2625,-1,2.4,,
2026-08-05T13:12:50.000Z,M20-403-2-02820,1469970770,43.86923,4.61073,4093.9,-10.5,4.8,113.7,0.5,54.8,630.8,0x20,405.002,7.9,2625,-1,2.4,,
2026-08-05T13:12:51.000Z,M20-403-2-02820,1469970771,43.86922,4.61079,4083.3,-11.1,5.0,113.2,1.6,48.7,631.6,0x20,405.002,9.3,2625,-1,2.4,,
2026-08-05T13:12:52.000Z,M20-403-2-02820,1469970772,43.86919,4.61084,4071.8,-11.7,5.4,136.4,1.8,49.6,632.4,0x20,405.002,9.8,2625,-1,2.4,,
2026-08-05T13:12:53.000Z,M20-403-2-02820,1469970773,43.86917,4.61090,4060.8,-10.2,4.4,110.8,1.8,50.7,633.3,0x20,405.002,9.8,2625,-1,2.4,,
2026-08-05T13:12:54.000Z,M20-403-2-02820,1469970774,43.86916,4.61095,4051.1,-9.1,4.2,121.5,1.8,52.4,634.0,0x20,405.002,8.5,2625,-1,2.4,,
2026-08-05T13:12:55.000Z,M20-403-2-02820,1469970775,43.86914,4.61101,4041.2,-11.1,4.8,117.4,1.9,52.7,634.7,0x20,405.002,8.0,2625,-1,2.4,,
2026-08-05T13:12:58.000Z,M20-403-2-02820,1469970778,43.86911,4.61121,4016.8,-9.3,6.1,113.2,0.9,71.7,636.8,0x20,405.002,3.3,2625,-1,2.4,,
2026-08-05T13:13:36.000Z,M20-403-2-02820,1469970816,43.86770,4.61433,3558.9,-11.9,6.5,146.0,5.6,54.1,674.2,0x20,405.002,7.7,2625,-1,2.5,,
2026-08-05T13:13:37.000Z,M20-403-2-02820,1469970817,43.86765,4.61438,3546.8,-9.8,7.2,136.5,5.7,54.9,675.1,0x20,405.002,4.5,2625,-1,2.5,,
2026-08-05T13:13:45.000Z,M20-403-2-02820,1469970825,43.86719,4.61485,3452.1,-11.6,8.1,143.5,6.5,52.2,682.9,0x20,405.002,6.2,2625,-1,2.5,,
2026-08-05T13:13:46.000Z,M20-403-2-02820,1469970826,43.86712,4.61491,3441.0,-11.9,9.5,156.5,6.6,51.8,683.8,0x20,405.002,7.2,2625,-1,2.5,,
2026-08-05T13:13:47.000Z,M20-403-2-02820,1469970827,43.86706,4.61495,3428.7,-13.0,6.9,142.7,6.6,55.1,685.0,0x20,405.002,8.5,2625,-1,2.5,,
2026-08-05T13:13:48.000Z,M20-403-2-02820,1469970828,43.86700,4.61500,3415.2,-13.5,8.1,155.3,6.7,54.6,686.1,0x20,405.002,8.5,2625,-1,2.5,,
2026-08-05T13:13:49.000Z,M20-403-2-02820,1469970829,43.86693,4.61505,3402.1,-12.4,8.4,154.8,6.8,54.9,687.1,0x20,405.002,7.7,2625,-1,2.5,,
2026-08-05T13:13:56.000Z,M20-403-2-02820,1469970836,43.86646,4.61542,3310.5,-14.3,8.5,147.3,7.6,54.5,694.8,0x20,405.002,6.1,2625,-1,2.5,,
2026-08-05T13:13:57.000Z,M20-403-2-02820,1469970837,43.86641,4.61547,3296.2,-14.7,6.7,138.8,7.8,52.5,696.0,0x20,405.002,6.2,2625,-1,2.5,,
2026-08-05T13:13:58.000Z,M20-403-2-02820,1469970838,43.86636,4.61551,3281.6,-16.1,6.8,152.8,8.0,52.8,697.3,0x20,405.002,7.9,2625,-1,2.5,,
2026-08-05T13:13:59.000Z,M20-403-2-02820,1469970839,43.86631,4.61555,3267.3,-13.9,6.4,147.3,8.0,54.0,698.4,0x20,405.002,7.9,2625,-1,2.5,,
2026-08-05T13:14:00.000Z,M20-403-2-02820,1469970840,43.86626,4.61560,3255.3,-11.1,7.1,150.3,8.1,54.7,699.6,0x20,405.002,7.9,2625,-1,2.5,,
2026-08-05T13:14:02.000Z,M20-403-2-02820,1469970842,43.86615,4.61567,3230.0,-13.6,6.6,152.8,8.3,54.8,702.0,0x20,405.002,6.5,2625,-1,2.5,,
2026-08-05T13:14:08.000Z,M20-403-2-02820,1469970848,43.86583,4.61589,3150.5,-12.6,6.7,166.0,8.7,57.8,708.9,0x20,405.002,5.6,2625,-1,2.5,,
2026-08-05T13:14:10.000Z,M20-403-2-02820,1469970850,43.86574,4.61594,3124.9,-13.0,5.2,149.2,8.9,59.5,711.1,0x20,405.002,6.1,2625,-1,2.5,,
2026-08-05T13:14:13.000Z,M20-403-2-02820,1469970853,43.86564,4.61607,3086.4,-11.5,5.4,133.8,9.1,60.5,714.5,0x20,405.002,6.8,2625,-1,2.5,,
2026-08-05T13:14:15.000Z,M20-403-2-02820,1469970855,43.86557,4.61616,3061.9,-11.2,5.7,139.4,9.1,62.8,716.5,0x20,405.002,8.2,2625,-1,2.5,,
